race_date,venue,race_no,race_name,distance,surface,direction,track_cond,weather,field_size,waku,horse_no,horse_name,sex,age,weight_carried,horse_weight,weight_change,jockey,trainer,win_odds,finish_position,finish_time,last_3f,passage_rate,popularity,result_weight,result_weight_change
2026/01/01,川崎,1,２０２６幕開け賞３歳５,1400,ダ,左,稍重,晴,11,3,3,グラズヘイム,牡,3,56.0,503,4,野畑凌,高月賢,,1,1:33.9,40.0,1-1-1-1,2,503,4
2026/01/01,川崎,1,２０２６幕開け賞３歳５,1400,ダ,左,稍重,晴,11,5,5,スマートラスター,牝,3,54.0,458,-6,矢野貴,高月賢,,2,1:34.2,40.0,3-3-3-3,1,458,-6
2026/01/01,川崎,1,２０２６幕開け賞３歳５,1400,ダ,左,稍重,晴,11,4,4,マロンデプティ,牝,3,54.0,454,-8,櫻井光,酒井忍,,3,1:34.6,40.6,2-2-2-2,3,454,-8
2026/01/01,川崎,1,２０２６幕開け賞３歳５,1400,ダ,左,稍重,晴,11,2,2,ポポロン,牝,3,53.0,410,4,佐野遥,田島寿,,4,1:35.5,41.3,4-4-6-4,4,410,4
2026/01/01,川崎,1,２０２６幕開け賞３歳５,1400,ダ,左,稍重,晴,11,8,11,ミュークティアラ,牡,3,56.0,470,-3,伊藤裕,甲田悟,,5,1:35.7,41.3,7-7-4-5,7,470,-3
2026/01/01,川崎,1,２０２６幕開け賞３歳５,1400,ダ,左,稍重,晴,11,6,7,オーバーユー,牡,3,56.0,472,6,西啓太,河津裕,,6,1:35.7,41.3,6-6-8-6,5,472,6
2026/01/01,川崎,1,２０２６幕開け賞３歳５,1400,ダ,左,稍重,晴,11,7,8,アスパラノヴァ,牡,3,56.0,456,-1,古岡勇,田邊陽,,7,1:36.1,41.3,10-10-10-10,9,456,-1
2026/01/01,川崎,1,２０２６幕開け賞３歳５,1400,ダ,左,稍重,晴,11,8,10,ラヴィッジ,牡,3,56.0,484,5,山林信,内田勝,,8,1:36.3,41.5,11-11-9-11,6,484,5
2026/01/01,川崎,1,２０２６幕開け賞３歳５,1400,ダ,左,稍重,晴,11,7,9,タイトノット,牡,3,56.0,440,-10,増田充,武井和,,9,1:36.5,42.1,8-9-5-7,11,440,-10
2026/01/01,川崎,1,２０２６幕開け賞３歳５,1400,ダ,左,稍重,晴,11,1,1,リトルエース,牝,3,54.0,412,0,桑村真,今井輝,,10,1:37.3,42.7,9-8-11-8,10,412,0
2026/01/01,川崎,1,２０２６幕開け賞３歳５,1400,ダ,左,稍重,晴,11,6,6,サンドロック,牝,3,51.0,444,-3,加藤雄,武井和,,11,1:38.1,43.7,5-5-7-9,8,444,-3
2026/01/01,川崎,2,お年玉賞Ｃ３選定馬,900,ダ,左,稍重,晴,11,4,4,ナキムシヒカル,牝,6,52.0,517,1,中山遥,田邊陽,,1,0:56.3,38.4,1-1-1,1,517,1
2026/01/01,川崎,2,お年玉賞Ｃ３選定馬,900,ダ,左,稍重,晴,11,2,2,ボイド,牡,6,55.0,487,-1,佐野遥,久保秀,,2,0:56.7,38.6,3-3-3,2,487,-1
2026/01/01,川崎,2,お年玉賞Ｃ３選定馬,900,ダ,左,稍重,晴,11,5,5,ナリノビスケッツ,牝,6,54.0,482,2,中越琉,内田勝,,3,0:56.8,38.7,2-2-2,5,482,2
2026/01/01,川崎,2,お年玉賞Ｃ３選定馬,900,ダ,左,稍重,晴,11,8,11,マイカグラ,牝,6,54.0,421,5,服部茂,武井和,,4,0:57.0,38.7,4-3-4,6,421,5
2026/01/01,川崎,2,お年玉賞Ｃ３選定馬,900,ダ,左,稍重,晴,11,3,3,マハーギータ,牝,4,54.0,432,-5,古岡勇,山崎尋,,5,0:57.1,38.6,5-6-5,10,432,-5
2026/01/01,川崎,2,お年玉賞Ｃ３選定馬,900,ダ,左,稍重,晴,11,6,7,マジカルキャンディ,牝,4,54.0,435,-7,岡村裕,新井健,,6,0:57.1,38.6,5-5-6,4,435,-7
2026/01/01,川崎,2,お年玉賞Ｃ３選定馬,900,ダ,左,稍重,晴,11,8,10,ノボインパクト,牝,8,54.0,464,1,桑村真,長友豊,,7,0:57.6,38.5,9-9-10,7,464,1
2026/01/01,川崎,2,お年玉賞Ｃ３選定馬,900,ダ,左,稍重,晴,11,6,6,グローリーシューズ,牡,5,56.0,469,-6,野畑凌,佐藤博,,8,0:57.9,39.0,8-8-7,3,469,-6
2026/01/01,川崎,2,お年玉賞Ｃ３選定馬,900,ダ,左,稍重,晴,11,1,1,キタカラキタダイヤ,牝,6,51.0,444,-1,加藤雄,吉橋淳,,9,0:58.1,39.0,9-11-11,9,444,-1
2026/01/01,川崎,2,お年玉賞Ｃ３選定馬,900,ダ,左,稍重,晴,11,7,9,ブラックムート,牡,5,56.0,500,5,西村栄,渋谷博,,10,0:58.2,39.1,11-10-9,8,500,5
2026/01/01,川崎,2,お年玉賞Ｃ３選定馬,900,ダ,左,稍重,晴,11,7,8,スパークルジェム,牝,4,54.0,496,2,増田充,新井健,,11,0:58.4,39.5,7-7-8,11,496,2
2026/01/01,川崎,3,六座頭賞３歳２,1500,ダ,左,稍重,晴,12,3,3,リュウノタイタン,牡,3,53.0,485,-1,加藤雄,山崎尋,,1,1:38.8,41.6,1-1-1-1,9,485,-1
2026/01/01,川崎,3,六座頭賞３歳２,1500,ダ,左,稍重,晴,12,6,8,シシフンジン,牡,3,56.0,457,-4,桑村真,佐々仁,,2,1:40.0,42.6,2-2-3-3,5,457,-4
2026/01/01,川崎,3,六座頭賞３歳２,1500,ダ,左,稍重,晴,12,5,5,サヨノマックスラブ,牡,3,56.0,460,1,矢野貴,加藤誠,,3,1:40.0,42.2,5-5-2-2,1,460,1
2026/01/01,川崎,3,六座頭賞３歳２,1500,ダ,左,稍重,晴,12,8,12,ロクノレインボー,牡,3,56.0,455,3,笹川翼,山崎尋,,4,1:40.3,42.3,6-6-8-5,2,455,3
2026/01/01,川崎,3,六座頭賞３歳２,1500,ダ,左,稍重,晴,12,2,2,ササキントモゴロウ,牡,3,55.0,458,9,佐野遥,安池成,,5,1:40.4,42.8,4-3-5-4,3,458,9
2026/01/01,川崎,3,六座頭賞３歳２,1500,ダ,左,稍重,晴,12,8,11,ユーヴェル,牝,3,54.0,464,-1,古岡勇,八木喜,,6,1:40.4,42.3,9-8-6-6,10,464,-1
2026/01/01,川崎,3,六座頭賞３歳２,1500,ダ,左,稍重,晴,12,1,1,モンザセカンド,牡,3,56.0,456,-4,西啓太,鈴木義,,7,1:40.4,42.0,8-9-9-8,6,456,-4
2026/01/01,川崎,3,六座頭賞３歳２,1500,ダ,左,稍重,晴,12,7,9,ハマウルフ,牡,3,56.0,482,-3,藤江渉,岩本洋,,8,1:40.4,41.8,11-11-11-9,12,482,-3
2026/01/01,川崎,3,六座頭賞３歳２,1500,ダ,左,稍重,晴,12,4,4,ザイオンパーク,牡,3,56.0,462,3,櫻井光,久保秀,,9,1:40.7,41.7,12-12-12-12,11,462,3
2026/01/01,川崎,3,六座頭賞３歳２,1500,ダ,左,稍重,晴,12,6,7,ガラデラパンテラ,牡,3,56.0,477,-5,服部茂,鈴木義,,10,1:41.1,42.5,10-10-10-10,7,477,-5
2026/01/01,川崎,3,六座頭賞３歳２,1500,ダ,左,稍重,晴,12,5,6,スーパーアイシー,牝,3,54.0,425,0,新原周,酒井忍,,11,1:41.2,43.2,7-7-7-7,4,425,0
2026/01/01,川崎,3,六座頭賞３歳２,1500,ダ,左,稍重,晴,12,7,10,アイノプライム,牝,3,53.0,440,0,鷹見陸,佐々仁,,12,1:42.0,44.4,3-4-4-11,8,440,0
2026/01/01,川崎,4,五煙草賞Ｃ３選定馬,1500,ダ,左,稍重,晴,14,1,1,ヘウレシス,牝,6,54.0,436,-1,町田直,茂木浩,,1,1:40.1,39.1,8-8-7-8,1,436,-1
2026/01/01,川崎,4,五煙草賞Ｃ３選定馬,1500,ダ,左,稍重,晴,14,6,10,ダイゴホマレリュウ,牡,5,56.0,542,-5,藤江渉,山田質,,2,1:40.1,41.5,5-4-2-2,6,542,-5
2026/01/01,川崎,4,五煙草賞Ｃ３選定馬,1500,ダ,左,稍重,晴,14,3,3,シュヴァイゲン,牡,5,54.0,503,-9,中山遥,久保秀,,3,1:40.2,41.5,3-3-4-4,2,503,-9
2026/01/01,川崎,4,五煙草賞Ｃ３選定馬,1500,ダ,左,稍重,晴,14,7,12,タイセイルシエル,牡,4,56.0,432,-5,桑村真,内田勝,,4,1:40.3,39.1,9-9-10-10,3,432,-5
2026/01/01,川崎,4,五煙草賞Ｃ３選定馬,1500,ダ,左,稍重,晴,14,8,13,オビワンリュウセイ,牡,5,56.0,521,2,古岡勇,八木仁,,5,1:40.6,39.7,7-6-4-5,10,521,2
2026/01/01,川崎,4,五煙草賞Ｃ３選定馬,1500,ダ,左,稍重,晴,14,5,7,リケアディンブラ,牝,4,54.0,459,-8,西啓太,高橋宏,,6,1:40.8,42.1,4-5-4-6,7,459,-8
2026/01/01,川崎,4,五煙草賞Ｃ３選定馬,1500,ダ,左,稍重,晴,14,4,5,クインズカヤノヒメ,牝,6,54.0,461,-1,山林信,八木喜,,7,1:40.8,39.2,14-13-14-11,11,461,-1
2026/01/01,川崎,4,五煙草賞Ｃ３選定馬,1500,ダ,左,稍重,晴,14,7,11,シダデカサドール,牡,8,56.0,504,1,櫻井光,林隆之,,8,1:40.9,39.5,10-11-13-9,12,504,1
2026/01/01,川崎,4,五煙草賞Ｃ３選定馬,1500,ダ,左,稍重,晴,14,3,4,ヤサカソレイユ,牡,6,56.0,458,-4,池谷匠,村田六,,9,1:41.5,40.1,12-12-12-12,5,458,-4
2026/01/01,川崎,4,五煙草賞Ｃ３選定馬,1500,ダ,左,稍重,晴,14,2,2,ベニノレーヴ,牡,5,53.0,467,8,神尾香,田島寿,,10,1:41.6,40.6,6-6-8-7,8,467,8
2026/01/01,川崎,4,五煙草賞Ｃ３選定馬,1500,ダ,左,稍重,晴,14,4,6,イチゴホイップ,牝,6,54.0,487,9,田中涼,久保勇,,11,1:42.0,43.7,1-1-1-1,9,487,9
2026/01/01,川崎,4,五煙草賞Ｃ３選定馬,1500,ダ,左,稍重,晴,14,6,9,オーサムワールド,牡,7,55.0,477,4,佐野遥,村田順,,12,1:42.1,43.7,2-2-2-3,4,477,4
2026/01/01,川崎,4,五煙草賞Ｃ３選定馬,1500,ダ,左,稍重,晴,14,8,14,アンジェラカフェ,牝,7,54.0,501,9,伊藤裕,山田正,,13,1:42.7,41.5,10-10-10-13,13,501,9
2026/01/01,川崎,4,五煙草賞Ｃ３選定馬,1500,ダ,左,稍重,晴,14,5,8,ガシンカグラ,牡,5,56.0,492,-2,岡村裕,今井輝,,14,1:42.7,41.3,13-13-9-14,14,492,-2
2026/01/01,川崎,5,四扇賞Ｃ２選定馬,900,ダ,左,稍重,晴,12,5,6,アタゴテンジン,セ,0,56.0,450,-16,笹川翼,佐々仁,,1,0:55.0,37.7,1-1-1,2,450,-16
2026/01/01,川崎,5,四扇賞Ｃ２選定馬,900,ダ,左,稍重,晴,12,7,9,マオノボルケーノ,牝,5,54.0,464,8,町田直,平田正,,2,0:55.9,37.9,11-4-4,1,464,8
2026/01/01,川崎,5,四扇賞Ｃ２選定馬,900,ダ,左,稍重,晴,12,4,4,クォンタイズ,牝,4,54.0,468,4,藤江渉,山田質,,3,0:55.9,38.4,3-3-2,6,468,4
2026/01/01,川崎,5,四扇賞Ｃ２選定馬,900,ダ,左,稍重,晴,12,6,8,イイクニアシェル,牡,5,55.0,511,4,佐野遥,久保秀,,4,0:55.9,37.9,7-5-7,3,511,4
2026/01/01,川崎,5,四扇賞Ｃ２選定馬,900,ダ,左,稍重,晴,12,5,5,ハーイバービー,牝,4,54.0,458,3,櫻井光,山崎尋,,5,0:55.9,38.0,5-6-5,5,458,3
2026/01/01,川崎,5,四扇賞Ｃ２選定馬,900,ダ,左,稍重,晴,12,8,12,ネバーエンドマーチ,牡,4,56.0,488,-5,張田昂,高月賢,,6,0:55.9,38.4,4-2-2,4,488,-5
2026/01/01,川崎,5,四扇賞Ｃ２選定馬,900,ダ,左,稍重,晴,12,3,3,ハッカキャンディー,セ,0,53.0,516,4,加藤雄,河津裕,,7,0:56.6,38.9,2-6-6,9,516,4
2026/01/01,川崎,5,四扇賞Ｃ２選定馬,900,ダ,左,稍重,晴,12,2,2,ブリリアントスピカ,牝,5,54.0,489,6,池谷匠,古澤悟,,8,0:56.7,38.7,10-9-9,8,489,6
2026/01/01,川崎,5,四扇賞Ｃ２選定馬,900,ダ,左,稍重,晴,12,1,1,フロレシミエント,牝,4,54.0,429,-6,伊藤裕,村田順,,9,0:56.7,38.7,9-11-8,10,429,-6
2026/01/01,川崎,5,四扇賞Ｃ２選定馬,900,ダ,左,稍重,晴,12,8,11,フェイントライト,牝,4,54.0,423,-4,岡村裕,山崎裕,,10,0:57.4,39.4,6-6-10,12,423,-4
2026/01/01,川崎,5,四扇賞Ｃ２選定馬,900,ダ,左,稍重,晴,12,7,10,ラックナシェード,牝,4,54.0,446,0,新原周,田邊陽,,11,0:57.5,39.1,12-12-12,7,446,0
2026/01/01,川崎,5,四扇賞Ｃ２選定馬,900,ダ,左,稍重,晴,12,6,7,エイシンキャノピー,牝,4,54.0,464,6,服部茂,武井和,,12,0:57.8,39.8,7-10-11,11,464,6
2026/01/01,川崎,6,三茄子賞Ｃ２五 六,1400,ダ,左,稍重,晴,13,5,7,トゥインクルジャズ,牝,4,54.0,417,5,新原周,茂木浩,,1,1:33.1,40.5,12-12-11-7,6,417,5
2026/01/01,川崎,6,三茄子賞Ｃ２五 六,1400,ダ,左,稍重,晴,13,4,5,イクノオリンピア,牡,5,56.0,441,-4,古岡勇,佐々仁,,2,1:33.1,41.6,2-2-2-2,3,441,-4
2026/01/01,川崎,6,三茄子賞Ｃ２五 六,1400,ダ,左,稍重,晴,13,1,1,セレナス,牝,4,54.0,412,-2,伊藤裕,久保秀,,3,1:33.2,41.1,7-6-6-5,9,412,-2
2026/01/01,川崎,6,三茄子賞Ｃ２五 六,1400,ダ,左,稍重,晴,13,8,13,アフロガル,牡,4,56.0,530,-10,野畑凌,山田質,,4,1:33.3,41.4,3-3-3-4,1,530,-10
2026/01/01,川崎,6,三茄子賞Ｃ２五 六,1400,ダ,左,稍重,晴,13,5,6,パリカー,牡,4,53.0,451,-5,加藤雄,安池成,,5,1:33.8,41.7,5-5-5-6,11,451,-5
2026/01/01,川崎,6,三茄子賞Ｃ２五 六,1400,ダ,左,稍重,晴,13,2,2,クリップクロップ,牝,4,52.0,473,6,中山遥,田邊陽,,6,1:34.0,42.6,1-1-1-1,8,473,6
2026/01/01,川崎,6,三茄子賞Ｃ２五 六,1400,ダ,左,稍重,晴,13,6,9,ナリノボガート,牡,4,56.0,475,1,町田直,内田勝,,7,1:34.2,41.8,5-7-7-9,2,475,1
2026/01/01,川崎,6,三茄子賞Ｃ２五 六,1400,ダ,左,稍重,晴,13,8,12,タツノキセキ,牡,6,56.0,527,17,西啓太,秋山直,,8,1:34.2,41.4,9-11-10-10,4,527,17
2026/01/01,川崎,6,三茄子賞Ｃ２五 六,1400,ダ,左,稍重,晴,13,3,3,カルストンオリビア,牝,4,54.0,406,-2,櫻井光,八木喜,,9,1:34.5,42.7,4-3-4-3,5,406,-2
2026/01/01,川崎,6,三茄子賞Ｃ２五 六,1400,ダ,左,稍重,晴,13,4,4,レターフロムパリ,牝,5,54.0,459,0,木間龍,新井健,,10,1:34.6,42.2,11-8-8-8,10,459,0
2026/01/01,川崎,6,三茄子賞Ｃ２五 六,1400,ダ,左,稍重,晴,13,6,8,クリノノヴァエ,牡,4,56.0,500,8,池谷匠,山崎裕,,11,1:34.7,42.1,9-10-12-10,13,500,8
2026/01/01,川崎,6,三茄子賞Ｃ２五 六,1400,ダ,左,稍重,晴,13,7,11,グリントレッド,牡,4,56.0,521,10,服部茂,山崎尋,,12,1:35.1,41.5,13-13-13-13,12,521,10
2026/01/01,川崎,6,三茄子賞Ｃ２五 六,1400,ダ,左,稍重,晴,13,7,10,マロンフエルテ,牝,7,54.0,462,6,張田昂,久保勇,,13,1:35.2,42.6,8-9-9-12,7,462,6
2026/01/01,川崎,7,二鷹賞Ｃ２五 六,1400,ダ,左,稍重,晴,13,4,4,ベルレオーネ,牡,4,56.0,460,-2,矢野貴,鈴木義,,1,1:33.0,41.0,2-2-2-2,2,460,-2
2026/01/01,川崎,7,二鷹賞Ｃ２五 六,1400,ダ,左,稍重,晴,13,3,3,タヴァネスタン,牡,4,56.0,500,20,野畑凌,平田正,,2,1:33.0,41.3,9-9-1-1,1,500,20
2026/01/01,川崎,7,二鷹賞Ｃ２五 六,1400,ダ,左,稍重,晴,13,5,7,サウスオブロンドン,牡,4,55.0,486,2,鷹見陸,佐々仁,,3,1:33.5,41.2,4-3-4-4,7,486,2
2026/01/01,川崎,7,二鷹賞Ｃ２五 六,1400,ダ,左,稍重,晴,13,7,10,コミックガール,牝,5,54.0,430,-2,桑村真,八木喜,,4,1:33.7,40.9,8-8-9-6,10,430,-2
2026/01/01,川崎,7,二鷹賞Ｃ２五 六,1400,ダ,左,稍重,晴,13,1,1,フライエフェクト,牝,4,54.0,456,-9,藤江渉,久保勇,,5,1:33.7,41.9,1-1-2-2,4,456,-9
2026/01/01,川崎,7,二鷹賞Ｃ２五 六,1400,ダ,左,稍重,晴,13,7,11,ウインプリームス,牝,6,53.0,444,-1,佐野遥,吉橋淳,,6,1:33.8,41.2,4-6-7-8,3,444,-1
2026/01/01,川崎,7,二鷹賞Ｃ２五 六,1400,ダ,左,稍重,晴,13,2,2,ナッシングベター,牝,4,54.0,456,0,古岡勇,秋山直,,7,1:33.9,41.6,4-3-6-5,6,456,0
2026/01/01,川崎,7,二鷹賞Ｃ２五 六,1400,ダ,左,稍重,晴,13,6,9,タイキレヴィン,牡,5,56.0,493,-10,増田充,武井和,,8,1:34.0,41.4,7-7-7-7,8,493,-10
2026/01/01,川崎,7,二鷹賞Ｃ２五 六,1400,ダ,左,稍重,晴,13,8,13,ユメミ,牝,4,51.0,407,5,神尾香,八木喜,,9,1:34.1,40.7,13-13-13-11,12,407,5
2026/01/01,川崎,7,二鷹賞Ｃ２五 六,1400,ダ,左,稍重,晴,13,6,8,モズノセイギ,牡,4,53.0,469,21,加藤雄,山崎尋,,10,1:34.1,40.9,12-10-11-10,5,469,21
2026/01/01,川崎,7,二鷹賞Ｃ２五 六,1400,ダ,左,稍重,晴,13,4,5,スイレンチャン,牝,4,54.0,459,2,櫻井光,久保秀,,11,1:35.6,43.3,3-3-4-9,9,459,2
2026/01/01,川崎,7,二鷹賞Ｃ２五 六,1400,ダ,左,稍重,晴,13,8,12,ジャンボリクイーン,牝,4,54.0,467,4,服部茂,山田質,,12,1:35.9,42.9,10-10-10-12,11,467,4
2026/01/01,川崎,7,二鷹賞Ｃ２五 六,1400,ダ,左,稍重,晴,13,5,6,シェナイーグル,牡,4,56.0,474,0,岡村裕,山田正,,13,1:36.4,43.2,10-10-12-13,13,474,0
2026/01/01,川崎,8,一富士賞Ｂ３二 三,1500,ダ,左,稍重,晴,14,7,12,モイラ,牝,5,54.0,484,-6,岡村健,佐藤太,,1,1:37.1,39.1,2-2-2-1,1,484,-6
2026/01/01,川崎,8,一富士賞Ｂ３二 三,1500,ダ,左,稍重,晴,14,8,14,ゴールデンプラチナ,牡,7,56.0,482,-12,古岡勇,岩本洋,,2,1:37.6,39.2,3-4-3-4,8,482,-12
2026/01/01,川崎,8,一富士賞Ｂ３二 三,1500,ダ,左,稍重,晴,14,7,11,ピーエムナナ,牝,4,54.0,465,12,笹川翼,酒井忍,,3,1:37.7,39.4,4-3-4-3,2,465,12
2026/01/01,川崎,8,一富士賞Ｂ３二 三,1500,ダ,左,稍重,晴,14,5,8,サラサグッドワーク,牡,6,56.0,517,2,矢野貴,佐々仁,,4,1:38.5,39.4,11-10-9-10,4,517,2
2026/01/01,川崎,8,一富士賞Ｂ３二 三,1500,ダ,左,稍重,晴,14,1,1,アルメールヴェント,牡,4,53.0,463,6,加藤雄,河津裕,,5,1:38.7,39.9,9-8-8-6,6,463,6
2026/01/01,川崎,8,一富士賞Ｂ３二 三,1500,ダ,左,稍重,晴,14,6,9,ユメドリーム,牡,4,56.0,452,-2,服部茂,古澤悟,,6,1:38.8,40.0,8-8-5-5,5,452,-2
2026/01/01,川崎,8,一富士賞Ｂ３二 三,1500,ダ,左,稍重,晴,14,3,3,カタルシス,牡,5,56.0,470,1,本田重,山崎尋,,7,1:39.0,39.6,13-13-12-9,7,470,1
2026/01/01,川崎,8,一富士賞Ｂ３二 三,1500,ダ,左,稍重,晴,14,8,13,アドルナティック,牡,4,56.0,453,3,伊藤裕,村田順,,8,1:39.1,39.7,12-12-12-11,10,453,3
2026/01/01,川崎,8,一富士賞Ｂ３二 三,1500,ダ,左,稍重,晴,14,4,5,クロームウルフ,牡,5,56.0,464,-6,山林信,平田正,,9,1:39.6,41.0,5-5-5-6,3,464,-6
2026/01/01,川崎,8,一富士賞Ｂ３二 三,1500,ダ,左,稍重,晴,14,3,4,グレイトムーン,牡,9,56.0,494,8,本田紀,村田六,,10,1:39.7,40.0,14-14-12-12,14,494,8
2026/01/01,川崎,8,一富士賞Ｂ３二 三,1500,ダ,左,稍重,晴,14,2,2,ナイスカプチーノ,牡,5,56.0,485,5,池谷匠,内田勝,,11,1:40.3,41.7,7-5-7-6,13,485,5
2026/01/01,川崎,8,一富士賞Ｂ３二 三,1500,ダ,左,稍重,晴,14,5,7,シルバーダイヤ,牝,6,54.0,476,2,増田充,山崎裕,,12,1:40.5,42.7,1-1-1-1,12,476,2
2026/01/01,川崎,8,一富士賞Ｂ３二 三,1500,ダ,左,稍重,晴,14,6,10,コスモスミッチー,牝,6,54.0,460,1,新原周,田邊陽,,13,1:42.5,43.6,5-5-9-13,9,460,1
2026/01/01,川崎,8,一富士賞Ｂ３二 三,1500,ダ,左,稍重,晴,14,4,6,ピッツァナポリ,牝,4,54.0,457,2,福原杏,甲田悟,,14,1:42.8,43.5,10-11-9-14,11,457,2
2026/01/01,川崎,9,クイック時計修理新春杯Ｂ１Ｂ２選定馬,900,ダ,左,稍重,晴,12,1,1,ミトノキャット,牝,4,53.0,452,-7,新原周,鈴木義,,1,0:54.4,36.8,5-8-5,9,452,-7
2026/01/01,川崎,9,クイック時計修理新春杯Ｂ１Ｂ２選定馬,900,ダ,左,稍重,晴,12,3,3,バッファローライズ,牡,5,55.0,532,-1,町田直,平田正,,2,0:54.5,37.5,3-1-1,2,532,-1
2026/01/01,川崎,9,クイック時計修理新春杯Ｂ１Ｂ２選定馬,900,ダ,左,稍重,晴,12,7,10,ハーンドルフ,牝,6,55.0,492,9,岡村健,内田勝,,3,0:54.7,37.4,4-4-3,4,492,9
2026/01/01,川崎,9,クイック時計修理新春杯Ｂ１Ｂ２選定馬,900,ダ,左,稍重,晴,12,7,9,シゲルマッハ,牡,6,57.0,493,-3,野畑凌,鈴木義,,4,0:54.9,37.1,8-7-8,1,493,-3
2026/01/01,川崎,9,クイック時計修理新春杯Ｂ１Ｂ２選定馬,900,ダ,左,稍重,晴,12,5,5,ノボベルサイユ,牝,8,54.0,484,3,佐野遥,山崎裕,,5,0:55.1,38.0,2-1-2,6,484,3
2026/01/01,川崎,9,クイック時計修理新春杯Ｂ１Ｂ２選定馬,900,ダ,左,稍重,晴,12,4,4,マカゼ,牝,6,55.0,479,-7,矢野貴,高月賢,,6,0:55.2,37.4,8-9-9,3,479,-7
2026/01/01,川崎,9,クイック時計修理新春杯Ｂ１Ｂ２選定馬,900,ダ,左,稍重,晴,12,8,12,ポッドレオ,牡,5,54.0,523,4,鷹見陸,佐々仁,,7,0:55.3,37.7,7-4-7,11,523,4
2026/01/01,川崎,9,クイック時計修理新春杯Ｂ１Ｂ２選定馬,900,ダ,左,稍重,晴,12,2,2,ミッキースピナッチ,牡,6,57.0,516,-8,澤田龍,新井清,,8,0:55.4,37.5,11-12-11,8,516,-8
2026/01/01,川崎,9,クイック時計修理新春杯Ｂ１Ｂ２選定馬,900,ダ,左,稍重,晴,12,5,6,クリスタライズ,牡,5,55.0,509,1,本田重,高月賢,,9,0:55.6,37.7,10-10-10,7,509,1
2026/01/01,川崎,9,クイック時計修理新春杯Ｂ１Ｂ２選定馬,900,ダ,左,稍重,晴,12,8,11,ノースプリマ,牝,6,55.0,462,-1,笹川翼,水野貴,,10,0:55.8,38.2,6-6-6,5,462,-1
2026/01/01,川崎,9,クイック時計修理新春杯Ｂ１Ｂ２選定馬,900,ダ,左,稍重,晴,12,6,8,アイカプチーノ,牝,8,51.0,491,-7,中山遥,川島豊,,11,0:55.8,38.7,1-1-4,10,491,-7
2026/01/01,川崎,9,クイック時計修理新春杯Ｂ１Ｂ２選定馬,900,ダ,左,稍重,晴,12,6,7,クオレス,牝,5,55.0,490,0,伊藤裕,久保秀,,12,0:56.8,38.6,12-11-12,12,490,0
2026/01/01,川崎,10,２３ｒｄゴールデンホース賞Ｃ１Ｃ２栗毛栃,1500,ダ,左,稍重,晴,14,5,8,ファイヤーウィップ,牡,5,57.0,513,0,保園翔,野口寛,,1,1:36.7,39.7,2-2-1-1,1,513,0
2026/01/01,川崎,10,２３ｒｄゴールデンホース賞Ｃ１Ｃ２栗毛栃,1500,ダ,左,稍重,晴,14,4,6,ソイラテ,牡,4,57.0,476,2,矢野貴,佐々仁,,2,1:37.6,39.9,4-3-5-4,3,476,2
2026/01/01,川崎,10,２３ｒｄゴールデンホース賞Ｃ１Ｃ２栗毛栃,1500,ダ,左,稍重,晴,14,7,12,ゴールデンカガヤ,牡,6,57.0,437,-4,古岡勇,岩本洋,,3,1:38.3,40.6,5-6-3-5,12,437,-4
2026/01/01,川崎,10,２３ｒｄゴールデンホース賞Ｃ１Ｃ２栗毛栃,1500,ダ,左,稍重,晴,14,8,14,アイリーズパキラ,牡,4,57.0,475,-2,本橋孝,内田勝,,4,1:38.5,40.9,3-3-3-2,13,475,-2
2026/01/01,川崎,10,２３ｒｄゴールデンホース賞Ｃ１Ｃ２栗毛栃,1500,ダ,左,稍重,晴,14,6,10,ブランディストック,セ,0,55.0,486,-4,町田直,山崎尋,,5,1:38.5,39.9,12-12-11-11,4,486,-4
2026/01/01,川崎,10,２３ｒｄゴールデンホース賞Ｃ１Ｃ２栗毛栃,1500,ダ,左,稍重,晴,14,1,1,ピースウォリアー,牡,5,55.0,504,-7,張田昂,長谷剛,,6,1:38.6,40.5,6-7-8-6,8,504,-7
2026/01/01,川崎,10,２３ｒｄゴールデンホース賞Ｃ１Ｃ２栗毛栃,1500,ダ,左,稍重,晴,14,6,9,エイシントゥラン,牝,7,55.0,471,2,桑村真,今井輝,,7,1:38.8,40.4,11-11-8-9,5,471,2
2026/01/01,川崎,10,２３ｒｄゴールデンホース賞Ｃ１Ｃ２栗毛栃,1500,ダ,左,稍重,晴,14,8,13,ノーブルクリード,牡,4,56.0,533,-12,佐野遥,田邊陽,,8,1:38.9,41.2,6-5-6-6,7,533,-12
2026/01/01,川崎,10,２３ｒｄゴールデンホース賞Ｃ１Ｃ２栗毛栃,1500,ダ,左,稍重,晴,14,2,2,アヴェッリーノ,牡,6,57.0,491,-2,木間龍,齊藤敏,,9,1:39.1,40.5,10-10-12-11,10,491,-2
2026/01/01,川崎,10,２３ｒｄゴールデンホース賞Ｃ１Ｃ２栗毛栃,1500,ダ,左,稍重,晴,14,5,7,ノーブルウィスパー,牝,5,55.0,455,-1,櫻井光,八木仁,,10,1:39.3,41.2,8-8-8-10,9,455,-1
2026/01/01,川崎,10,２３ｒｄゴールデンホース賞Ｃ１Ｃ２栗毛栃,1500,ダ,左,稍重,晴,14,7,11,スイッチオン,牡,6,57.0,490,3,本田重,鈴木義,,11,1:39.4,41.5,8-9-6-6,6,490,3
2026/01/01,川崎,10,２３ｒｄゴールデンホース賞Ｃ１Ｃ２栗毛栃,1500,ダ,左,稍重,晴,14,3,4,プルーフリーダー,牡,5,57.0,474,0,笹川翼,加藤誠,,12,1:39.5,42.2,1-1-2-3,2,474,0
2026/01/01,川崎,10,２３ｒｄゴールデンホース賞Ｃ１Ｃ２栗毛栃,1500,ダ,左,稍重,晴,14,3,3,スウィートドリーム,牝,5,55.0,460,3,新原周,高月賢,,13,1:39.6,40.6,14-14-13-13,11,460,3
2026/01/01,川崎,10,２３ｒｄゴールデンホース賞Ｃ１Ｃ２栗毛栃,1500,ダ,左,稍重,晴,14,4,5,レーザースペックル,牡,4,57.0,483,-1,西啓太,山崎尋,,14,1:39.9,40.8,13-13-14-14,14,483,-1
2026/01/01,川崎,11,初夢賞３歳川崎デビュー馬限定選定馬,1600,ダ,左,稍重,晴,11,1,1,バレンタインギフト,牡,3,56.0,460,12,町田直,茂木浩,,1,1:46.9,41.5,2-2-2-2,4,460,12
2026/01/01,川崎,11,初夢賞３歳川崎デビュー馬限定選定馬,1600,ダ,左,稍重,晴,11,7,9,バスクレヒオン,牡,3,56.0,491,-1,西啓太,加藤誠,,2,1:46.9,40.9,7-7-3-4,2,491,-1
2026/01/01,川崎,11,初夢賞３歳川崎デビュー馬限定選定馬,1600,ダ,左,稍重,晴,11,2,2,カズヤ,牡,3,56.0,448,2,矢野貴,高月賢,,3,1:47.0,41.1,5-4-5-4,3,448,2
2026/01/01,川崎,11,初夢賞３歳川崎デビュー馬限定選定馬,1600,ダ,左,稍重,晴,11,8,11,シージャムブルース,牡,3,56.0,487,-3,笹川翼,内田勝,,4,1:47.0,41.4,3-3-3-3,1,487,-3
2026/01/01,川崎,11,初夢賞３歳川崎デビュー馬限定選定馬,1600,ダ,左,稍重,晴,11,6,6,ガルドコー,牡,3,56.0,426,-4,桑村真,林隆之,,5,1:47.5,42.4,1-1-1-1,11,426,-4
2026/01/01,川崎,11,初夢賞３歳川崎デビュー馬限定選定馬,1600,ダ,左,稍重,晴,11,3,3,ジーベローチェ,牝,3,54.0,479,-12,新原周,鈴木義,,6,1:47.8,41.9,4-5-6-6,5,479,-12
2026/01/01,川崎,11,初夢賞３歳川崎デビュー馬限定選定馬,1600,ダ,左,稍重,晴,11,6,7,ヒマワリシャワー,牡,3,56.0,500,1,御神訓,山崎尋,,7,1:48.0,41.5,10-9-11-9,7,500,1
2026/01/01,川崎,11,初夢賞３歳川崎デビュー馬限定選定馬,1600,ダ,左,稍重,晴,11,7,8,ピカレスクヒーロー,牡,3,56.0,460,-2,藤本現,高月賢,,8,1:48.0,41.7,8-8-10-10,9,460,-2
2026/01/01,川崎,11,初夢賞３歳川崎デビュー馬限定選定馬,1600,ダ,左,稍重,晴,11,4,4,サンエイタロー,牡,3,56.0,472,4,野畑凌,高月賢,,9,1:48.3,41.6,11-11-7-7,6,472,4
2026/01/01,川崎,11,初夢賞３歳川崎デビュー馬限定選定馬,1600,ダ,左,稍重,晴,11,8,10,グローバルサウス,牡,3,56.0,458,-1,張田昂,山崎裕,,10,1:48.6,42.4,6-6-7-8,8,458,-1
2026/01/01,川崎,11,初夢賞３歳川崎デビュー馬限定選定馬,1600,ダ,左,稍重,晴,11,5,5,キイチマイルス,牡,3,56.0,477,-1,服部茂,鈴木義,,11,1:49.1,42.6,9-9-9-11,10,477,-1
2026/01/01,川崎,12,初詣賞Ｃ１一,1400,ダ,左,稍重,晴,12,3,3,パーティーガール,牝,4,54.0,480,-6,野畑凌,鈴木義,,1,1:32.4,40.6,1-1-1-1,2,480,-6
2026/01/01,川崎,12,初詣賞Ｃ１一,1400,ダ,左,稍重,晴,12,7,9,タケノロイヤル,牝,4,52.0,431,-8,中山遥,鈴木義,,2,1:32.6,40.1,5-6-6-5,7,431,-8
2026/01/01,川崎,12,初詣賞Ｃ１一,1400,ダ,左,稍重,晴,12,1,1,スターアドミラル,牡,5,56.0,498,-1,増田充,高月賢,,3,1:32.8,40.8,4-3-4-3,9,498,-1
2026/01/01,川崎,12,初詣賞Ｃ１一,1400,ダ,左,稍重,晴,12,5,5,サドル,牡,7,56.0,506,0,町田直,平田正,,4,1:32.9,40.9,3-4-3-4,1,506,0
2026/01/01,川崎,12,初詣賞Ｃ１一,1400,ダ,左,稍重,晴,12,8,12,レイヴオン,牡,4,56.0,476,4,西啓太,高橋宏,,5,1:33.0,40.5,8-8-8-10,4,476,4
2026/01/01,川崎,12,初詣賞Ｃ１一,1400,ダ,左,稍重,晴,12,7,10,レッドロムルス,牡,8,56.0,460,3,木間龍,新井清,,6,1:33.3,40.0,12-11-11-12,5,460,3
2026/01/01,川崎,12,初詣賞Ｃ１一,1400,ダ,左,稍重,晴,12,4,4,エピファドール,牝,5,54.0,471,1,伊藤裕,古澤悟,,7,1:33.4,40.7,9-9-9-8,12,471,1
2026/01/01,川崎,12,初詣賞Ｃ１一,1400,ダ,左,稍重,晴,12,6,8,アルティメット,牝,5,54.0,420,-1,中越琉,武井和,,8,1:33.4,40.1,11-12-9-9,11,420,-1
2026/01/01,川崎,12,初詣賞Ｃ１一,1400,ダ,左,稍重,晴,12,6,7,モモジロー,牡,4,56.0,443,0,新原周,古澤悟,,9,1:33.7,40.4,10-10-12-10,8,443,0
2026/01/01,川崎,12,初詣賞Ｃ１一,1400,ダ,左,稍重,晴,12,2,2,ナートゥ,牡,4,56.0,536,2,矢野貴,高月賢,,10,1:33.7,41.4,5-5-5-7,3,536,2
2026/01/01,川崎,12,初詣賞Ｃ１一,1400,ダ,左,稍重,晴,12,5,6,ベストツッキー,牡,5,56.0,479,-4,服部茂,山崎裕,,11,1:33.9,41.9,2-2-2-2,6,479,-4
2026/01/01,川崎,12,初詣賞Ｃ１一,1400,ダ,左,稍重,晴,12,8,11,ザゴリ,牝,4,51.0,406,-11,神尾香,山田質,,12,1:34.3,41.8,7-7-6-6,10,406,-11
2026/01/02,川崎,1,羽根つき賞３歳未格付選定馬,900,ダ,左,稍重,晴,12,1,1,ビターメロン,牝,3,55.0,436,2,野畑凌,甲田悟,,1,0:55.8,38.5,1-1-1,1,436,2
2026/01/02,川崎,1,羽根つき賞３歳未格付選定馬,900,ダ,左,稍重,晴,12,4,4,グランドフロイデ,牡,3,54.0,456,6,加藤雄,河津裕,,2,0:56.0,38.5,3-1-3,7,456,6
2026/01/02,川崎,1,羽根つき賞３歳未格付選定馬,900,ダ,左,稍重,晴,12,8,12,ササキンメロディ,牝,3,53.0,435,1,新原周,村田順,,3,0:56.3,38.6,5-1-5,10,435,1
2026/01/02,川崎,1,羽根つき賞３歳未格付選定馬,900,ダ,左,稍重,晴,12,7,9,シノン,牝,3,53.0,417,5,櫻井光,八木喜,,4,0:56.4,38.3,9-10-8,8,417,5
2026/01/02,川崎,1,羽根つき賞３歳未格付選定馬,900,ダ,左,稍重,晴,12,2,2,オーサムジェンヌ,牝,3,53.0,450,3,御神訓,茂木浩,,5,0:56.6,39.1,4-5-4,3,450,3
2026/01/02,川崎,1,羽根つき賞３歳未格付選定馬,900,ダ,左,稍重,晴,12,6,7,ヒデガミクィーン,牝,3,53.0,456,9,服部茂,山田質,,6,0:56.7,38.4,11-11-10,11,456,9
2026/01/02,川崎,1,羽根つき賞３歳未格付選定馬,900,ダ,左,稍重,晴,12,3,3,フエルテコラソン,牝,3,53.0,457,-2,川島正,佐々仁,,7,0:56.8,39.3,2-1-2,5,457,-2
2026/01/02,川崎,1,羽根つき賞３歳未格付選定馬,900,ダ,左,稍重,晴,12,5,6,フォーティチュード,牝,3,53.0,431,0,福原杏,水野貴,,8,0:56.9,39.2,7-7-6,4,431,0
2026/01/02,川崎,1,羽根つき賞３歳未格付選定馬,900,ダ,左,稍重,晴,12,8,11,ホワイトフジ,牡,3,51.0,506,-2,神尾香,山田質,,9,0:57.1,39.2,5-8-6,9,506,-2
2026/01/02,川崎,1,羽根つき賞３歳未格付選定馬,900,ダ,左,稍重,晴,12,6,8,フランキングライン,牡,3,55.0,425,0,町田直,秋山直,,10,0:57.2,39.5,8-5-9,2,425,0
2026/01/02,川崎,1,羽根つき賞３歳未格付選定馬,900,ダ,左,稍重,晴,12,7,10,ピサンザプラ,牝,3,53.0,457,-3,笹川翼,高月賢,,11,0:57.3,39.0,10-9-11,6,457,-3
2026/01/02,川崎,1,羽根つき賞３歳未格付選定馬,900,ダ,左,稍重,晴,12,5,5,スカイライズ,牝,3,52.0,453,2,池谷匠,平田正,,12,0:57.9,38.6,12-12-12,12,453,2
2026/01/02,川崎,2,めんこ賞Ｃ３一 二,1400,ダ,左,稍重,晴,14,1,1,マニーシーン,牝,4,53.0,476,1,佐野遥,高橋宏,,1,1:33.2,40.2,6-6-7-3,3,476,1
2026/01/02,川崎,2,めんこ賞Ｃ３一 二,1400,ダ,左,稍重,晴,14,3,4,ザムト,牝,5,54.0,473,4,新原周,村田順,,2,1:33.3,40.5,5-4-4-2,4,473,4
2026/01/02,川崎,2,めんこ賞Ｃ３一 二,1400,ダ,左,稍重,晴,14,6,9,フェデフルール,牝,7,54.0,469,2,桑村真,武井和,,3,1:34.2,41.2,7-7-5-5,6,469,2
2026/01/02,川崎,2,めんこ賞Ｃ３一 二,1400,ダ,左,稍重,晴,14,8,13,ギフテッドリーダー,牡,5,56.0,506,4,櫻井光,八木喜,,4,1:34.7,42.3,1-1-1-1,5,506,4
2026/01/02,川崎,2,めんこ賞Ｃ３一 二,1400,ダ,左,稍重,晴,14,4,5,ベアーザベル,牝,7,54.0,458,0,藤江渉,八木喜,,5,1:35.0,41.0,11-12-12-11,8,458,0
2026/01/02,川崎,2,めんこ賞Ｃ３一 二,1400,ダ,左,稍重,晴,14,4,6,ブルーラジカル,牡,4,56.0,476,15,町田直,高月賢,,6,1:35.0,42.3,3-3-3-4,1,476,15
2026/01/02,川崎,2,めんこ賞Ｃ３一 二,1400,ダ,左,稍重,晴,14,5,7,カネショウラッシュ,牡,4,56.0,520,7,池谷匠,内田勝,,7,1:35.2,41.5,11-11-9-8,10,520,7
2026/01/02,川崎,2,めんこ賞Ｃ３一 二,1400,ダ,左,稍重,晴,14,6,10,ラピッドフロウ,牝,8,54.0,419,-2,増田充,今井輝,,8,1:35.2,41.6,9-9-11-13,11,419,-2
2026/01/02,川崎,2,めんこ賞Ｃ３一 二,1400,ダ,左,稍重,晴,14,5,8,シンデレラヤンキー,牝,4,51.0,412,6,加藤雄,山崎尋,,9,1:35.2,40.8,13-13-13-12,7,412,6
2026/01/02,川崎,2,めんこ賞Ｃ３一 二,1400,ダ,左,稍重,晴,14,3,3,コギャル,牝,5,54.0,441,-3,張田昂,大津剛,,10,1:35.3,42.0,8-8-8-6,9,441,-3
2026/01/02,川崎,2,めんこ賞Ｃ３一 二,1400,ダ,左,稍重,晴,14,7,12,シャイニングルキア,牝,8,54.0,447,2,御神訓,佐々仁,,11,1:35.8,43.0,2-2-2-7,2,447,2
2026/01/02,川崎,2,めんこ賞Ｃ３一 二,1400,ダ,左,稍重,晴,14,7,11,シェナドリーム,牝,4,54.0,464,3,服部茂,山田正,,12,1:35.8,40.4,14-14-14-14,14,464,3
2026/01/02,川崎,2,めんこ賞Ｃ３一 二,1400,ダ,左,稍重,晴,14,2,2,キーチパーヘチュア,牡,4,56.0,412,1,伊藤裕,田邊陽,,13,1:36.0,42.3,10-10-10-9,13,412,1
2026/01/02,川崎,2,めんこ賞Ｃ３一 二,1400,ダ,左,稍重,晴,14,8,14,ポルタフェリーチェ,牝,4,54.0,448,-9,山林信,平田正,,14,1:37.0,44.0,4-5-6-10,12,448,-9
2026/01/02,川崎,3,いろはかるた賞Ｃ３一 二,1400,ダ,左,稍重,晴,14,3,3,クウレイナニ,牝,6,54.0,480,0,本田重,新井清,,1,1:31.9,39.5,5-4-5-2,1,480,0
2026/01/02,川崎,3,いろはかるた賞Ｃ３一 二,1400,ダ,左,稍重,晴,14,7,12,サンクリュウ,牝,4,54.0,480,-3,野畑凌,高月賢,,2,1:32.2,40.0,1-1-1-1,2,480,-3
2026/01/02,川崎,3,いろはかるた賞Ｃ３一 二,1400,ダ,左,稍重,晴,14,7,11,ゼンダントモニ,牡,4,56.0,472,1,秋元耕,佐々仁,,3,1:32.7,40.1,7-7-4-4,6,472,1
2026/01/02,川崎,3,いろはかるた賞Ｃ３一 二,1400,ダ,左,稍重,晴,14,6,10,コスモサンブライト,牝,4,54.0,433,3,田中涼,久保秀,,4,1:33.2,40.5,6-6-8-5,12,433,3
2026/01/02,川崎,3,いろはかるた賞Ｃ３一 二,1400,ダ,左,稍重,晴,14,4,6,フクノジョヴァンニ,牝,4,54.0,442,-8,山林信,平田正,,5,1:33.3,40.9,2-3-2-2,3,442,-8
2026/01/02,川崎,3,いろはかるた賞Ｃ３一 二,1400,ダ,左,稍重,晴,14,5,8,テマリ,牝,6,54.0,428,-1,藤江渉,武井和,,6,1:33.8,39.8,13-13-12-12,8,428,-1
2026/01/02,川崎,3,いろはかるた賞Ｃ３一 二,1400,ダ,左,稍重,晴,14,6,9,ティンドラ,牝,6,51.0,435,0,加藤雄,山崎尋,,7,1:34.0,40.9,10-10-9-9,5,435,0
2026/01/02,川崎,3,いろはかるた賞Ｃ３一 二,1400,ダ,左,稍重,晴,14,4,5,エーテルノカゼ,牝,6,54.0,435,-4,岡村裕,八木喜,,8,1:34.1,41.5,8-8-5-8,11,435,-4
2026/01/02,川崎,3,いろはかるた賞Ｃ３一 二,1400,ダ,左,稍重,晴,14,5,7,マルゼンスキーツー,牡,5,56.0,502,2,桑村真,今井輝,,9,1:34.1,41.5,3-5-5-7,4,502,2
2026/01/02,川崎,3,いろはかるた賞Ｃ３一 二,1400,ダ,左,稍重,晴,14,3,4,ブルーパール,牝,5,51.0,446,-3,神尾香,河津裕,,10,1:34.6,41.0,11-11-11-10,10,446,-3
2026/01/02,川崎,3,いろはかるた賞Ｃ３一 二,1400,ダ,左,稍重,晴,14,1,1,ダイノメロディ,セ,0,56.0,460,3,中越琉,佐藤博,,11,1:35.0,41.8,9-9-10-11,13,460,3
2026/01/02,川崎,3,いろはかるた賞Ｃ３一 二,1400,ダ,左,稍重,晴,14,8,14,ツワモノ,牡,6,56.0,491,-1,菅原涼,田島寿,,12,1:35.0,42.7,4-1-3-6,9,491,-1
2026/01/02,川崎,3,いろはかるた賞Ｃ３一 二,1400,ダ,左,稍重,晴,14,8,13,ソニンクノヴァ,牝,4,54.0,429,-1,伊藤裕,武井和,,13,1:36.0,41.9,12-12-13-13,14,429,-1
2026/01/02,川崎,3,いろはかるた賞Ｃ３一 二,1400,ダ,左,稍重,晴,14,2,2,ヴァリスタ,牡,5,56.0,465,7,新原周,吉橋淳,,14,1:36.8,42.4,14-14-14-14,7,465,7
2026/01/02,川崎,4,凧揚げ賞Ｃ２選定馬,900,ダ,左,稍重,晴,12,2,2,プレストヴィーナス,牝,7,54.0,437,2,張田昂,長友豊,,1,0:55.5,38.0,1-1-1,1,437,2
2026/01/02,川崎,4,凧揚げ賞Ｃ２選定馬,900,ダ,左,稍重,晴,12,8,11,ミスフォルテ,牝,4,54.0,468,3,本田重,田邊陽,,2,0:55.9,38.0,4-3-3,4,468,3
2026/01/02,川崎,4,凧揚げ賞Ｃ２選定馬,900,ダ,左,稍重,晴,12,5,6,アンジュグレース,牝,4,51.0,450,2,加藤雄,山崎裕,,3,0:56.5,37.8,10-8-8,3,450,2
2026/01/02,川崎,4,凧揚げ賞Ｃ２選定馬,900,ダ,左,稍重,晴,12,6,8,ヒューマンライツ,牡,5,56.0,508,-2,岡村裕,久保秀,,4,0:56.5,38.2,6-5-5,8,508,-2
2026/01/02,川崎,4,凧揚げ賞Ｃ２選定馬,900,ダ,左,稍重,晴,12,5,5,コトノサンショ,牡,6,55.0,479,3,佐野遥,河津裕,,5,0:56.6,38.6,3-4-4,5,479,3
2026/01/02,川崎,4,凧揚げ賞Ｃ２選定馬,900,ダ,左,稍重,晴,12,8,12,スティールサンダー,牡,4,56.0,515,3,野畑凌,高月賢,,6,0:56.6,38.9,2-2-2,2,515,3
2026/01/02,川崎,4,凧揚げ賞Ｃ２選定馬,900,ダ,左,稍重,晴,12,1,1,ピーカンパイ,牝,4,54.0,426,-2,池谷匠,甲田悟,,7,0:56.8,38.1,9-8-7,9,426,-2
2026/01/02,川崎,4,凧揚げ賞Ｃ２選定馬,900,ダ,左,稍重,晴,12,4,4,シノブデスティーノ,牝,5,54.0,443,8,木間龍,久保勇,,8,0:56.8,38.3,5-7-6,12,443,8
2026/01/02,川崎,4,凧揚げ賞Ｃ２選定馬,900,ダ,左,稍重,晴,12,3,3,リンテンリュウ,牝,4,54.0,494,0,新原周,鈴木義,,9,0:57.1,38.2,7-11-9,6,494,0
2026/01/02,川崎,4,凧揚げ賞Ｃ２選定馬,900,ダ,左,稍重,晴,12,6,7,スオーノ,牝,4,54.0,457,-6,服部茂,山田質,,10,0:57.4,38.5,10-10-10,11,457,-6
2026/01/02,川崎,4,凧揚げ賞Ｃ２選定馬,900,ダ,左,稍重,晴,12,7,9,サンスレッド,牡,6,53.0,478,1,神尾香,八木仁,,11,0:57.4,38.7,7-6-11,7,478,1
2026/01/02,川崎,4,凧揚げ賞Ｃ２選定馬,900,ダ,左,稍重,晴,12,7,10,ミライヘノテンシ,牝,4,54.0,462,-1,増田充,佐々仁,,12,0:57.6,38.1,12-12-12,10,462,-1
2026/01/02,川崎,5,だるま落とし賞３歳３,1500,ダ,左,稍重,晴,12,3,3,ジーカンピオーネ,牝,3,54.0,412,3,中越琉,鈴木義,,1,1:40.8,41.3,9-8-8-7,6,412,3
2026/01/02,川崎,5,だるま落とし賞３歳３,1500,ダ,左,稍重,晴,12,8,12,リコーパトリオット,牝,3,53.0,430,-4,佐野遥,久保秀,,2,1:41.0,41.2,10-9-10-9,5,430,-4
2026/01/02,川崎,5,だるま落とし賞３歳３,1500,ダ,左,稍重,晴,12,6,7,カガヤクネガイ,牡,3,56.0,453,3,町田直,平田正,,3,1:41.2,41.7,8-10-1-3,3,453,3
2026/01/02,川崎,5,だるま落とし賞３歳３,1500,ダ,左,稍重,晴,12,5,5,ジャパンハート,牡,3,56.0,524,-6,矢野貴,佐々仁,,4,1:41.4,41.9,4-4-5-3,1,524,-6
2026/01/02,川崎,5,だるま落とし賞３歳３,1500,ダ,左,稍重,晴,12,7,9,フォーマイディア,牝,3,51.0,436,-4,加藤雄,河津裕,,5,1:41.4,41.3,11-11-11-10,12,436,-4
2026/01/02,川崎,5,だるま落とし賞３歳３,1500,ダ,左,稍重,晴,12,4,4,レインボージェンヌ,牝,3,54.0,436,-7,服部茂,佐藤博,,6,1:41.6,42.0,7-7-8-6,10,436,-7
2026/01/02,川崎,5,だるま落とし賞３歳３,1500,ダ,左,稍重,晴,12,2,2,アークオブライフ,牝,3,54.0,465,2,櫻井光,平田正,,7,1:41.8,42.6,1-1-1-1,7,465,2
2026/01/02,川崎,5,だるま落とし賞３歳３,1500,ダ,左,稍重,晴,12,8,11,プリンセスサミット,牝,3,54.0,469,-11,笹川翼,田島寿,,8,1:41.9,42.6,2-2-1-1,4,469,-11
2026/01/02,川崎,5,だるま落とし賞３歳３,1500,ダ,左,稍重,晴,12,1,1,ベアトゥース,セ,0,56.0,464,-3,岡村健,古澤悟,,9,1:42.2,42.7,5-5-7-3,9,464,-3
2026/01/02,川崎,5,だるま落とし賞３歳３,1500,ダ,左,稍重,晴,12,6,8,ステイドリーム,牡,3,56.0,536,-4,本田重,佐藤博,,10,1:42.3,41.8,12-12-12-12,11,536,-4
2026/01/02,川崎,5,だるま落とし賞３歳３,1500,ダ,左,稍重,晴,12,5,6,アークメディナ,牝,3,54.0,446,3,藤江渉,平田正,,11,1:42.3,42.8,5-6-6-8,8,446,3
2026/01/02,川崎,5,だるま落とし賞３歳３,1500,ダ,左,稍重,晴,12,7,10,イエスユードライブ,牝,3,54.0,458,-3,野畑凌,山崎尋,,12,1:46.6,47.1,3-3-4-11,2,458,-3
2026/01/02,川崎,6,二人羽織賞Ｃ２三 四,1400,ダ,左,稍重,晴,14,3,3,アイズミサクラ,牝,4,54.0,454,2,矢野貴,高月賢,,1,1:33.2,40.4,4-4-5-3,2,454,2
2026/01/02,川崎,6,二人羽織賞Ｃ２三 四,1400,ダ,左,稍重,晴,14,8,14,ヴァルトビューネ,牡,6,53.0,539,-5,神尾香,田島寿,,2,1:33.4,40.8,3-3-3-4,6,539,-5
2026/01/02,川崎,6,二人羽織賞Ｃ２三 四,1400,ダ,左,稍重,晴,14,5,7,カフェランデブー,牝,5,54.0,471,3,池谷匠,吉橋淳,,3,1:33.7,40.1,9-10-11-8,9,471,3
2026/01/02,川崎,6,二人羽織賞Ｃ２三 四,1400,ダ,左,稍重,晴,14,5,8,メタルハート,牝,5,54.0,461,-10,古岡勇,山崎尋,,4,1:34.0,40.9,7-7-6-5,4,461,-10
2026/01/02,川崎,6,二人羽織賞Ｃ２三 四,1400,ダ,左,稍重,晴,14,2,2,ジャスミン,牝,4,54.0,466,-1,町田直,鈴木義,,5,1:34.1,41.7,1-1-1-1,1,466,-1
2026/01/02,川崎,6,二人羽織賞Ｃ２三 四,1400,ダ,左,稍重,晴,14,8,13,ビューティビースト,牝,5,54.0,441,-1,藤江渉,久保勇,,6,1:34.6,41.8,10-9-4-6,7,441,-1
2026/01/02,川崎,6,二人羽織賞Ｃ２三 四,1400,ダ,左,稍重,晴,14,1,1,カサミラ,牝,4,54.0,457,-4,服部茂,山田質,,7,1:34.8,41.5,5-7-9-7,10,457,-4
2026/01/02,川崎,6,二人羽織賞Ｃ２三 四,1400,ダ,左,稍重,晴,14,4,5,ボニファシオ,牡,6,56.0,514,-1,臼井健,山本学,,8,1:34.8,40.9,14-14-11-11,8,514,-1
2026/01/02,川崎,6,二人羽織賞Ｃ２三 四,1400,ダ,左,稍重,晴,14,6,9,クライスラー,牝,4,54.0,455,6,野畑凌,秋山直,,9,1:35.1,42.6,2-2-2-2,3,455,6
2026/01/02,川崎,6,二人羽織賞Ｃ２三 四,1400,ダ,左,稍重,晴,14,3,4,エスパノーラ,牝,4,54.0,484,8,伊藤裕,古澤悟,,10,1:35.5,42.4,5-6-8-8,11,484,8
2026/01/02,川崎,6,二人羽織賞Ｃ２三 四,1400,ダ,左,稍重,晴,14,7,12,キラークラウン,牝,4,54.0,471,-4,笹川翼,高橋宏,,11,1:35.5,42.0,12-13-10-10,5,471,-4
2026/01/02,川崎,6,二人羽織賞Ｃ２三 四,1400,ダ,左,稍重,晴,14,4,6,オトメノネガイ,牝,5,54.0,426,-2,本田紀,田島寿,,12,1:35.8,41.7,13-12-14-12,12,426,-2
2026/01/02,川崎,6,二人羽織賞Ｃ２三 四,1400,ダ,左,稍重,晴,14,6,10,プレパレンセ,牝,9,54.0,467,-1,増田充,八木仁,,13,1:36.1,42.4,11-11-13-12,14,467,-1
2026/01/02,川崎,6,二人羽織賞Ｃ２三 四,1400,ダ,左,稍重,晴,14,7,11,ラプラタ,牝,5,54.0,460,9,岡村裕,安池成,,14,1:38.2,45.1,7-5-7-12,13,460,9
2026/01/02,川崎,7,双六賞Ｃ２三 四,1400,ダ,左,稍重,晴,14,3,4,ニシノババンギタ,セ,0,56.0,460,5,山林信,田邊陽,,1,1:32.4,39.5,6-6-5-4,5,460,5
2026/01/02,川崎,7,双六賞Ｃ２三 四,1400,ダ,左,稍重,晴,14,4,6,アムリタ,牝,4,54.0,454,5,笹川翼,平田正,,2,1:32.5,39.6,7-7-5-6,2,454,5
2026/01/02,川崎,7,双六賞Ｃ２三 四,1400,ダ,左,稍重,晴,14,5,8,マーゴットエクラ,牝,5,54.0,495,3,矢野貴,高月賢,,3,1:32.5,39.9,4-3-4-3,8,495,3
2026/01/02,川崎,7,双六賞Ｃ２三 四,1400,ダ,左,稍重,晴,14,6,10,コットンフラワー,牝,4,54.0,426,-1,増田充,鈴木義,,4,1:33.3,40.9,2-2-2-2,1,426,-1
2026/01/02,川崎,7,双六賞Ｃ２三 四,1400,ダ,左,稍重,晴,14,2,2,ベルバルト,牡,4,56.0,449,2,伊藤裕,酒井忍,,5,1:33.4,40.2,8-8-9-8,4,449,2
2026/01/02,川崎,7,双六賞Ｃ２三 四,1400,ダ,左,稍重,晴,14,5,7,シンデレラサマー,牝,6,54.0,486,8,新原周,吉橋淳,,6,1:33.4,40.3,9-9-7-7,10,486,8
2026/01/02,川崎,7,双六賞Ｃ２三 四,1400,ダ,左,稍重,晴,14,8,14,ヒソカ,牡,4,56.0,495,24,安藤洋,佐藤博,,7,1:33.9,41.6,1-1-1-1,7,495,24
2026/01/02,川崎,7,双六賞Ｃ２三 四,1400,ダ,左,稍重,晴,14,7,11,ガルニエ,牡,5,56.0,465,20,野畑凌,秋山直,,8,1:34.1,40.3,11-12-12-13,6,465,20
2026/01/02,川崎,7,双六賞Ｃ２三 四,1400,ダ,左,稍重,晴,14,7,12,クラフトキング,牡,4,56.0,451,4,桑村真,佐々仁,,9,1:34.4,40.3,14-14-13-13,11,451,4
2026/01/02,川崎,7,双六賞Ｃ２三 四,1400,ダ,左,稍重,晴,14,8,13,メイショウフェリオ,牝,6,51.0,444,-2,加藤雄,武井和,,10,1:34.4,41.8,5-5-3-5,9,444,-2
2026/01/02,川崎,7,双六賞Ｃ２三 四,1400,ダ,左,稍重,晴,14,3,3,カツコノヒヤザケ,牡,4,56.0,440,0,池谷匠,田島寿,,11,1:34.5,41.1,10-10-10-12,12,440,0
2026/01/02,川崎,7,双六賞Ｃ２三 四,1400,ダ,左,稍重,晴,14,6,9,シェナベスト,牡,5,56.0,469,-8,岡村裕,山田正,,12,1:34.7,41.8,3-3-8-10,3,469,-8
2026/01/02,川崎,7,双六賞Ｃ２三 四,1400,ダ,左,稍重,晴,14,1,1,エムティラヴ,牝,4,54.0,427,-3,藤江渉,古澤悟,,13,1:34.8,41.2,11-11-11-9,13,427,-3
2026/01/02,川崎,7,双六賞Ｃ２三 四,1400,ダ,左,稍重,晴,14,4,5,ショウナンサクレツ,牡,5,56.0,489,4,古岡勇,吉橋淳,,14,1:35.1,41.0,13-13-14-11,14,489,4
2026/01/02,川崎,8,独楽回し賞Ｃ２選定馬,1500,ダ,左,稍重,晴,13,2,2,タマモクリーガー,牡,4,56.0,480,0,御神訓,林隆之,,1,1:38.2,39.9,3-3-3-3,1,480,0
2026/01/02,川崎,8,独楽回し賞Ｃ２選定馬,1500,ダ,左,稍重,晴,13,7,10,ロールザボーンズ,牝,4,54.0,464,1,町田直,内田勝,,2,1:38.4,40.5,1-1-1-1,3,464,1
2026/01/02,川崎,8,独楽回し賞Ｃ２選定馬,1500,ダ,左,稍重,晴,13,7,11,メイショウマチルダ,牝,4,54.0,461,6,山林信,村田順,,3,1:38.5,39.3,10-9-5-2,2,461,6
2026/01/02,川崎,8,独楽回し賞Ｃ２選定馬,1500,ダ,左,稍重,晴,13,1,1,ニシノヤングマン,牡,5,56.0,478,2,矢野貴,酒井忍,,4,1:39.0,40.3,4-4-4-4,4,478,2
2026/01/02,川崎,8,独楽回し賞Ｃ２選定馬,1500,ダ,左,稍重,晴,13,4,4,リュウバター,牡,7,54.0,502,1,中山遥,河津裕,,5,1:39.3,40.0,8-8-9-9,8,502,1
2026/01/02,川崎,8,独楽回し賞Ｃ２選定馬,1500,ダ,左,稍重,晴,13,8,12,スマイルフェリス,牝,5,53.0,510,6,佐野遥,高橋宏,,6,1:39.4,39.9,9-10-11-8,7,510,6
2026/01/02,川崎,8,独楽回し賞Ｃ２選定馬,1500,ダ,左,稍重,晴,13,3,3,エールラヴィクトワ,牝,4,54.0,426,1,古岡勇,山崎裕,,7,1:39.5,40.3,6-6-6-7,5,426,1
2026/01/02,川崎,8,独楽回し賞Ｃ２選定馬,1500,ダ,左,稍重,晴,13,5,7,ヴァッツマン,牡,4,56.0,503,-7,本田重,山崎尋,,8,1:39.8,39.9,12-12-12-11,6,503,-7
2026/01/02,川崎,8,独楽回し賞Ｃ２選定馬,1500,ダ,左,稍重,晴,13,6,9,セイウンパイオニア,牡,5,56.0,510,3,櫻井光,田邊陽,,9,1:40.1,41.1,5-5-6-6,11,510,3
2026/01/02,川崎,8,独楽回し賞Ｃ２選定馬,1500,ダ,左,稍重,晴,13,4,5,キアラボヌール,牝,5,51.0,417,0,神尾香,田島寿,,10,1:40.2,40.7,11-11-10-10,12,417,0
2026/01/02,川崎,8,独楽回し賞Ｃ２選定馬,1500,ダ,左,稍重,晴,13,5,6,ネオシャングリラ,牡,4,56.0,500,-4,増田充,久保勇,,11,1:40.8,40.7,13-13-13-13,13,500,-4
2026/01/02,川崎,8,独楽回し賞Ｃ２選定馬,1500,ダ,左,稍重,晴,13,8,13,ザビッグマン,牡,7,56.0,547,-1,篠谷葵,新井清,,12,1:41.6,43.5,2-2-2-5,9,547,-1
2026/01/02,川崎,8,独楽回し賞Ｃ２選定馬,1500,ダ,左,稍重,晴,13,6,8,トニトゥルス,牡,6,56.0,458,-25,高橋利,新井清,,13,1:41.8,42.6,7-7-6-12,10,458,-25
2026/01/02,川崎,9,福笑い賞Ｂ３Ｃ１選定馬,900,ダ,左,稍重,晴,12,4,4,サンエイジロー,牡,7,56.0,514,-5,佐野遥,高月賢,,1,0:54.5,37.3,1-1-1,3,514,-5
2026/01/02,川崎,9,福笑い賞Ｂ３Ｃ１選定馬,900,ダ,左,稍重,晴,12,7,10,トニープリンス,牡,6,56.0,497,-4,鷹見陸,田邊陽,,2,0:54.7,37.3,3-2-2,1,497,-4
2026/01/02,川崎,9,福笑い賞Ｂ３Ｃ１選定馬,900,ダ,左,稍重,晴,12,8,12,ルールメイプル,牝,6,55.0,460,2,西啓太,山崎裕,,3,0:54.9,37.4,5-3-4,7,460,2
2026/01/02,川崎,9,福笑い賞Ｂ３Ｃ１選定馬,900,ダ,左,稍重,晴,12,1,1,エターナルセイバー,牝,5,55.0,465,0,中越琉,八木仁,,4,0:55.2,37.1,10-10-6,6,465,0
2026/01/02,川崎,9,福笑い賞Ｂ３Ｃ１選定馬,900,ダ,左,稍重,晴,12,2,2,アイアンピッチ,牝,4,53.0,464,-2,櫻井光,佐藤博,,5,0:55.2,37.5,6-7-5,5,464,-2
2026/01/02,川崎,9,福笑い賞Ｂ３Ｃ１選定馬,900,ダ,左,稍重,晴,12,8,11,ミスサン,牝,5,53.0,456,-1,服部茂,佐藤博,,6,0:56.2,38.3,8-6-6,10,456,-1
2026/01/02,川崎,9,福笑い賞Ｂ３Ｃ１選定馬,900,ダ,左,稍重,晴,12,3,3,シンシアビューティ,牝,4,53.0,481,6,新原周,林隆之,,7,0:56.2,38.7,4-4-3,4,481,6
2026/01/02,川崎,9,福笑い賞Ｂ３Ｃ１選定馬,900,ダ,左,稍重,晴,12,6,8,インテンスドライヴ,牝,4,53.0,463,2,木間龍,山崎裕,,8,0:56.2,38.1,9-8-9,8,463,2
2026/01/02,川崎,9,福笑い賞Ｂ３Ｃ１選定馬,900,ダ,左,稍重,晴,12,7,9,ピーチマカロン,牝,4,53.0,483,2,岡村裕,久保勇,,9,0:56.2,37.8,11-10-9,9,483,2
2026/01/02,川崎,9,福笑い賞Ｂ３Ｃ１選定馬,900,ダ,左,稍重,晴,12,5,5,ケイツーユーロ,牡,6,55.0,465,0,増田充,加藤誠,,10,0:56.6,39.1,2-5-6,11,465,0
2026/01/02,川崎,9,福笑い賞Ｂ３Ｃ１選定馬,900,ダ,左,稍重,晴,12,6,7,シンフォニーシーズ,牝,4,53.0,445,1,町田直,佐々仁,,11,0:57.3,39.2,7-9-9,2,445,1
2026/01/02,川崎,9,福笑い賞Ｂ３Ｃ１選定馬,900,ダ,左,稍重,晴,12,5,6,ボナール,牡,5,52.0,462,-3,加藤雄,山崎尋,,,,,,,462,-3
2026/01/02,川崎,10,百人一首特別Ｂ２二Ｂ３一,1600,ダ,左,稍重,晴,14,8,14,ドリームジャパン,牡,4,57.0,472,1,矢野貴,高月賢,,1,1:45.9,38.9,3-3-1-2,1,472,1
2026/01/02,川崎,10,百人一首特別Ｂ２二Ｂ３一,1600,ダ,左,稍重,晴,14,3,3,カレンタクト,牝,5,53.0,522,-3,川島正,大津剛,,2,1:46.2,39.2,4-3-5-3,3,522,-3
2026/01/02,川崎,10,百人一首特別Ｂ２二Ｂ３一,1600,ダ,左,稍重,晴,14,5,8,ヤプシ,牡,5,55.0,495,-3,野畑凌,佐々仁,,3,1:46.3,39.6,1-1-1-1,9,495,-3
2026/01/02,川崎,10,百人一首特別Ｂ２二Ｂ３一,1600,ダ,左,稍重,晴,14,8,13,サウンドバッハ,牡,4,57.0,483,1,本田重,河津裕,,4,1:46.7,39.7,5-6-1-4,2,483,1
2026/01/02,川崎,10,百人一首特別Ｂ２二Ｂ３一,1600,ダ,左,稍重,晴,14,5,7,フィアマフルミネ,牝,5,53.0,435,-2,御神訓,酒井忍,,5,1:47.0,39.7,8-8-8-7,4,435,-2
2026/01/02,川崎,10,百人一首特別Ｂ２二Ｂ３一,1600,ダ,左,稍重,晴,14,2,2,グロリアンズタイム,牡,6,55.0,543,-11,町田直,古澤悟,,6,1:47.1,39.5,10-10-13-11,11,543,-11
2026/01/02,川崎,10,百人一首特別Ｂ２二Ｂ３一,1600,ダ,左,稍重,晴,14,4,6,オングライドパス,牝,5,53.0,492,7,岡村健,河津裕,,7,1:47.2,39.7,9-9-12-7,5,492,7
2026/01/02,川崎,10,百人一首特別Ｂ２二Ｂ３一,1600,ダ,左,稍重,晴,14,6,10,リコーシンザン,牡,8,56.0,504,-1,佐野遥,久保秀,,8,1:47.2,39.9,7-7-10-5,10,504,-1
2026/01/02,川崎,10,百人一首特別Ｂ２二Ｂ３一,1600,ダ,左,稍重,晴,14,4,5,ヴィブエアー,牡,7,57.0,500,2,桑村真,内田勝,,9,1:47.3,40.2,6-5-5-6,8,500,2
2026/01/02,川崎,10,百人一首特別Ｂ２二Ｂ３一,1600,ダ,左,稍重,晴,14,7,11,ボーイハンター,牝,5,55.0,471,-2,西啓太,山崎尋,,10,1:47.3,39.6,11-12-11-13,7,471,-2
2026/01/02,川崎,10,百人一首特別Ｂ２二Ｂ３一,1600,ダ,左,稍重,晴,14,3,4,ギンユウシジン,牡,5,55.0,478,-1,張田昂,今井輝,,11,1:47.5,39.6,13-13-8-10,12,478,-1
2026/01/02,川崎,10,百人一首特別Ｂ２二Ｂ３一,1600,ダ,左,稍重,晴,14,6,9,ハナノウタゲ,牝,4,55.0,525,8,木間龍,山崎裕,,12,1:47.8,40.4,12-11-7-12,6,525,8
2026/01/02,川崎,10,百人一首特別Ｂ２二Ｂ３一,1600,ダ,左,稍重,晴,14,7,12,ゴールドモーニン,牡,4,55.0,542,10,古岡勇,岩本洋,,13,1:49.1,42.2,2-2-4-9,13,542,10
2026/01/02,川崎,10,百人一首特別Ｂ２二Ｂ３一,1600,ダ,左,稍重,晴,14,1,1,ヤマニンクイッカー,牡,7,54.0,0,0,加藤雄,佐藤博,,,,,,,0,0
2026/01/02,川崎,11,スパーキングオールスターチャレンジＡ２下,2100,ダ,左,稍重,晴,8,4,4,アオイイーグル,牡,6,55.0,501,-3,本田重,山下之,,1,2:22.4,38.1,5-5-1-1,1,501,-3
2026/01/02,川崎,11,スパーキングオールスターチャレンジＡ２下,2100,ダ,左,稍重,晴,8,6,6,カレンアルカンタラ,牡,6,55.0,542,1,岡村健,佐藤太,,2,2:23.0,38.7,1-1-2-2,3,542,1
2026/01/02,川崎,11,スパーキングオールスターチャレンジＡ２下,2100,ダ,左,稍重,晴,8,7,7,プラセボ,セ,0,57.0,480,-1,小杉亮,林　幻,,3,2:23.7,38.8,2-3-4-5,2,480,-1
2026/01/02,川崎,11,スパーキングオールスターチャレンジＡ２下,2100,ダ,左,稍重,晴,8,1,1,サヨノフィールド,牡,7,55.0,525,3,笹川翼,加藤誠,,4,2:24.1,38.8,4-4-5-4,5,525,3
2026/01/02,川崎,11,スパーキングオールスターチャレンジＡ２下,2100,ダ,左,稍重,晴,8,8,8,リュードマン,牡,9,55.0,474,-6,篠谷葵,矢内博,,5,2:24.1,38.4,7-7-7-6,6,474,-6
2026/01/02,川崎,11,スパーキングオールスターチャレンジＡ２下,2100,ダ,左,稍重,晴,8,5,5,ケンシレインボー,牡,4,57.0,444,-1,山中悠,佐藤太,,6,2:24.2,39.3,3-2-3-3,4,444,-1
2026/01/02,川崎,11,スパーキングオールスターチャレンジＡ２下,2100,ダ,左,稍重,晴,8,2,2,キャッスルブレイヴ,牡,7,57.0,511,-4,仲野光,渋谷博,,7,2:24.6,39.1,6-6-6-6,7,511,-4
2026/01/02,川崎,11,スパーキングオールスターチャレンジＡ２下,2100,ダ,左,稍重,晴,8,3,3,ペルマナント,牡,7,57.0,450,-5,桑村真,高野毅,,,,,,,450,-5
2026/01/02,川崎,12,坊主めくり賞Ｃ１Ｃ２選定馬,2000,ダ,左,稍重,晴,14,5,8,ヘニーズネフュー,牡,5,57.0,479,-2,新原周,鈴木義,,1,2:18.7,39.2,4-4-5-5,1,479,-2
2026/01/02,川崎,12,坊主めくり賞Ｃ１Ｃ２選定馬,2000,ダ,左,稍重,晴,14,4,5,ヴィントシュティレ,牝,5,54.0,487,-14,佐野遥,古澤悟,,2,2:18.9,39.6,3-3-4-2,10,487,-14
2026/01/02,川崎,12,坊主めくり賞Ｃ１Ｃ２選定馬,2000,ダ,左,稍重,晴,14,7,12,オールニッポン,牝,4,53.0,447,-5,野畑凌,佐藤博,,3,2:19.3,40.3,1-1-1-1,8,447,-5
2026/01/02,川崎,12,坊主めくり賞Ｃ１Ｃ２選定馬,2000,ダ,左,稍重,晴,14,5,7,セラード,牝,4,55.0,441,-3,矢野貴,甲田悟,,4,2:19.4,39.6,7-6-7-6,5,441,-3
2026/01/02,川崎,12,坊主めくり賞Ｃ１Ｃ２選定馬,2000,ダ,左,稍重,晴,14,2,2,カガヤキファイター,牡,7,55.0,531,-5,藤江渉,久保秀,,5,2:19.4,39.8,5-5-6-4,4,531,-5
2026/01/02,川崎,12,坊主めくり賞Ｃ１Ｃ２選定馬,2000,ダ,左,稍重,晴,14,8,14,チャールストン,セ,0,57.0,498,-3,安藤洋,田邊陽,,6,2:19.6,40.4,2-2-2-3,2,498,-3
2026/01/02,川崎,12,坊主めくり賞Ｃ１Ｃ２選定馬,2000,ダ,左,稍重,晴,14,6,9,ハイエストコード,牡,7,55.0,478,4,笠野雄,山中尊,,7,2:20.2,39.8,13-12-11-11,7,478,4
2026/01/02,川崎,12,坊主めくり賞Ｃ１Ｃ２選定馬,2000,ダ,左,稍重,晴,14,7,11,クリノフラッグ,牝,7,53.0,475,-4,山林信,甲田悟,,8,2:20.2,39.5,12-13-14-14,11,475,-4
2026/01/02,川崎,12,坊主めくり賞Ｃ１Ｃ２選定馬,2000,ダ,左,稍重,晴,14,3,3,ウロボロス,牡,5,55.0,458,0,古岡勇,山崎尋,,9,2:20.3,40.2,8-8-10-7,6,458,0
2026/01/02,川崎,12,坊主めくり賞Ｃ１Ｃ２選定馬,2000,ダ,左,稍重,晴,14,3,4,シンメロワン,セ,0,57.0,495,-6,町田直,山田質,,10,2:20.4,41.1,9-8-3-7,3,495,-6
2026/01/02,川崎,12,坊主めくり賞Ｃ１Ｃ２選定馬,2000,ダ,左,稍重,晴,14,6,10,テリオスルナ,牝,4,55.0,406,1,増田充,佐藤博,,11,2:20.5,40.5,6-7-9-9,14,406,1
2026/01/02,川崎,12,坊主めくり賞Ｃ１Ｃ２選定馬,2000,ダ,左,稍重,晴,14,4,6,ブルームワルツ,牝,4,53.0,422,-3,櫻井光,山崎裕,,12,2:20.9,40.2,14-14-12-12,13,422,-3
2026/01/02,川崎,12,坊主めくり賞Ｃ１Ｃ２選定馬,2000,ダ,左,稍重,晴,14,1,1,レイニングキング,牡,4,57.0,471,-1,本橋孝,内田勝,,13,2:20.9,40.3,11-11-13-13,12,471,-1
2026/01/02,川崎,12,坊主めくり賞Ｃ１Ｃ２選定馬,2000,ダ,左,稍重,晴,14,8,13,アンクロワヤブル,牡,4,57.0,454,0,桑村真,林隆之,,14,2:20.9,40.8,10-10-8-9,9,454,0
2026/01/03,川崎,1,おみくじ賞３歳６,1400,ダ,左,重,晴,9,4,4,オリコウドゥビル,牡,3,56.0,431,-4,新原周,安池成,,1,1:34.2,40.5,3-3-3-3,1,431,-4
2026/01/03,川崎,1,おみくじ賞３歳６,1400,ダ,左,重,晴,9,3,3,チョコラテ,牡,3,56.0,477,-2,御神訓,佐々仁,,2,1:34.3,40.8,8-5-2-4,2,477,-2
2026/01/03,川崎,1,おみくじ賞３歳６,1400,ダ,左,重,晴,9,1,1,シスタードラゴン,牝,3,54.0,457,-3,服部茂,佐藤博,,3,1:35.2,41.1,6-7-6-5,4,457,-3
2026/01/03,川崎,1,おみくじ賞３歳６,1400,ダ,左,重,晴,9,8,9,テンノウズアイル,牝,3,53.0,420,-18,佐野遥,田島寿,,4,1:35.3,41.6,2-2-5-2,8,420,-18
2026/01/03,川崎,1,おみくじ賞３歳６,1400,ダ,左,重,晴,9,7,7,レイナデルアレーナ,牝,3,54.0,460,0,櫻井光,古澤悟,,5,1:35.6,42.3,1-1-1-1,5,460,0
2026/01/03,川崎,1,おみくじ賞３歳６,1400,ダ,左,重,晴,9,5,5,テルケンユミミヅキ,牝,3,54.0,434,1,中越琉,佐藤博,,6,1:35.8,41.9,6-6-4-6,6,434,1
2026/01/03,川崎,1,おみくじ賞３歳６,1400,ダ,左,重,晴,9,6,6,パンツオンリー,牝,3,54.0,431,-5,藤江渉,山田質,,7,1:36.5,42.1,5-8-8-7,9,431,-5
2026/01/03,川崎,1,おみくじ賞３歳６,1400,ダ,左,重,晴,9,8,8,アオイノコスメ,牝,3,54.0,483,3,桑村真,山崎裕,,8,1:36.9,42.6,4-4-7-8,3,483,3
2026/01/03,川崎,1,おみくじ賞３歳６,1400,ダ,左,重,晴,9,2,2,テンザンパパ,牡,3,56.0,432,2,本橋孝,内田勝,,9,1:36.9,41.9,9-9-9-9,7,432,2
2026/01/03,川崎,2,福禄寿賞３歳４,1400,ダ,左,重,晴,10,2,2,ボレロライズ,牝,3,54.0,461,-2,藤江渉,平田正,,1,1:33.9,41.5,1-1-1-1,3,461,-2
2026/01/03,川崎,2,福禄寿賞３歳４,1400,ダ,左,重,晴,10,1,1,デーレーハンサム,牡,3,56.0,484,1,町田直,鈴木義,,2,1:34.2,41.4,4-3-4-3,4,484,1
2026/01/03,川崎,2,福禄寿賞３歳４,1400,ダ,左,重,晴,10,6,6,リュウノアーチスト,牝,3,54.0,454,4,古岡勇,山崎尋,,3,1:34.7,40.9,9-9-7-6,6,454,4
2026/01/03,川崎,2,福禄寿賞３歳４,1400,ダ,左,重,晴,10,4,4,ルミエールドーレ,牝,3,54.0,429,-5,張田昂,長友豊,,4,1:34.8,42.2,2-2-2-2,1,429,-5
2026/01/03,川崎,2,福禄寿賞３歳４,1400,ダ,左,重,晴,10,7,8,オリコウビアリッツ,牡,3,56.0,426,-6,櫻井光,安池成,,5,1:34.9,41.5,7-7-6-4,5,426,-6
2026/01/03,川崎,2,福禄寿賞３歳４,1400,ダ,左,重,晴,10,5,5,バックトラック,セ,0,53.0,444,0,加藤雄,山崎尋,,6,1:35.3,41.7,8-8-8-8,8,444,0
2026/01/03,川崎,2,福禄寿賞３歳４,1400,ダ,左,重,晴,10,7,7,アイルマジック,牡,3,56.0,437,0,岡村健,古澤悟,,7,1:36.1,43.3,3-3-3-5,2,437,0
2026/01/03,川崎,2,福禄寿賞３歳４,1400,ダ,左,重,晴,10,8,10,イノセントブレイヴ,牡,3,56.0,439,6,伊藤裕,佐藤博,,8,1:36.4,43.3,4-5-5-7,7,439,6
2026/01/03,川崎,2,福禄寿賞３歳４,1400,ダ,左,重,晴,10,3,3,シャンドワゾー,牝,3,54.0,470,-1,桑村真,林隆之,,9,1:36.6,43.2,6-6-9-9,9,470,-1
2026/01/03,川崎,2,福禄寿賞３歳４,1400,ダ,左,重,晴,10,8,9,コタダブル,牝,3,54.0,452,2,野畑凌,山崎裕,,,,,,,452,2
2026/01/03,川崎,3,寿老人賞３歳未格付選定馬,900,ダ,左,重,晴,11,1,1,キングスケヨー,牡,3,56.0,448,2,古岡勇,山崎裕,,1,0:56.0,38.3,3-1-1,1,448,2
2026/01/03,川崎,3,寿老人賞３歳未格付選定馬,900,ダ,左,重,晴,11,5,5,ミリオンフライト,牝,3,54.0,403,5,櫻井光,林隆之,,2,0:57.0,39.0,1-5-4,5,403,5
2026/01/03,川崎,3,寿老人賞３歳未格付選定馬,900,ダ,左,重,晴,11,6,7,グアピシマ,牝,3,54.0,417,11,町田直,古澤悟,,3,0:57.1,38.7,9-7-7,4,417,11
2026/01/03,川崎,3,寿老人賞３歳未格付選定馬,900,ダ,左,重,晴,11,7,9,イアソン,牡,3,56.0,450,-3,藤江渉,山田質,,4,0:57.1,38.9,3-3-2,2,450,-3
2026/01/03,川崎,3,寿老人賞３歳未格付選定馬,900,ダ,左,重,晴,11,4,4,ポンドリップ,牝,3,54.0,450,-4,中越琉,佐藤博,,5,0:57.3,38.4,10-9-8,3,450,-4
2026/01/03,川崎,3,寿老人賞３歳未格付選定馬,900,ダ,左,重,晴,11,6,6,ムジークヘーレン,牝,3,54.0,407,5,野畑凌,平田正,,6,0:57.6,39.7,2-2-3,8,407,5
2026/01/03,川崎,3,寿老人賞３歳未格付選定馬,900,ダ,左,重,晴,11,7,8,モンキーコアラ,牝,3,51.0,440,-1,加藤雄,甲田悟,,7,0:58.0,39.3,5-8-9,9,440,-1
2026/01/03,川崎,3,寿老人賞３歳未格付選定馬,900,ダ,左,重,晴,11,8,10,ヴィヒタ,牡,3,56.0,437,-7,服部茂,山田質,,8,0:58.0,39.5,6-6-5,7,437,-7
2026/01/03,川崎,3,寿老人賞３歳未格付選定馬,900,ダ,左,重,晴,11,8,11,クツシタオトシタ,牝,3,54.0,435,-3,桑村真,高橋宏,,9,0:58.3,39.8,7-4-6,6,435,-3
2026/01/03,川崎,3,寿老人賞３歳未格付選定馬,900,ダ,左,重,晴,11,3,3,メロウアイズテオ,牡,3,56.0,428,-1,新原周,今井輝,,10,0:58.4,39.5,8-10-10,10,428,-1
2026/01/03,川崎,3,寿老人賞３歳未格付選定馬,900,ダ,左,重,晴,11,2,2,カスミソウ,牝,3,54.0,0,0,池谷匠,高橋宏,,,,,,,0,0
2026/01/03,川崎,4,毘沙門天賞Ｃ３三 四,1400,ダ,左,重,晴,14,8,13,シェナチチカカ,牝,7,54.0,390,-1,藤江渉,山田正,,1,1:34.7,41.6,2-2-2-2,10,390,-1
2026/01/03,川崎,4,毘沙門天賞Ｃ３三 四,1400,ダ,左,重,晴,14,3,4,ガルヴァニック,牝,6,54.0,484,0,伊藤裕,村田順,,2,1:34.7,40.6,12-9-11-9,2,484,0
2026/01/03,川崎,4,毘沙門天賞Ｃ３三 四,1400,ダ,左,重,晴,14,7,12,ヤンキージャック,牝,4,54.0,397,3,服部茂,武井和,,3,1:34.9,42.0,1-1-1-1,12,397,3
2026/01/03,川崎,4,毘沙門天賞Ｃ３三 四,1400,ダ,左,重,晴,14,3,3,ローゼシュティア,牝,7,54.0,476,-1,櫻井光,八木喜,,4,1:34.9,41.4,5-5-6-4,5,476,-1
2026/01/03,川崎,4,毘沙門天賞Ｃ３三 四,1400,ダ,左,重,晴,14,2,2,メガミリオン,牡,8,56.0,470,-4,池谷匠,田島寿,,5,1:35.1,41.8,3-3-4-3,7,470,-4
2026/01/03,川崎,4,毘沙門天賞Ｃ３三 四,1400,ダ,左,重,晴,14,1,1,ハイウィルヘーズ,牝,5,54.0,423,-14,矢野貴,村田六,,6,1:35.1,41.2,8-7-9-6,3,423,-14
2026/01/03,川崎,4,毘沙門天賞Ｃ３三 四,1400,ダ,左,重,晴,14,8,14,キナリ,牝,5,54.0,519,-3,岡村裕,村田六,,7,1:35.5,42.0,6-6-3-5,13,519,-3
2026/01/03,川崎,4,毘沙門天賞Ｃ３三 四,1400,ダ,左,重,晴,14,5,8,シルヴァギンジ,牡,7,56.0,486,0,新原周,田邊陽,,8,1:35.6,41.9,7-8-7-8,4,486,0
2026/01/03,川崎,4,毘沙門天賞Ｃ３三 四,1400,ダ,左,重,晴,14,6,10,マイブリッジ,牡,5,56.0,525,7,増田充,吉橋淳,,9,1:35.7,41.3,13-13-13-13,1,525,7
2026/01/03,川崎,4,毘沙門天賞Ｃ３三 四,1400,ダ,左,重,晴,14,4,5,ミサイルビスケッツ,牝,6,54.0,424,2,古岡勇,今井輝,,10,1:35.7,41.6,11-10-10-10,8,424,2
2026/01/03,川崎,4,毘沙門天賞Ｃ３三 四,1400,ダ,左,重,晴,14,5,7,ギンレイ,牝,5,52.0,438,-3,中山遥,齊藤敏,,11,1:35.9,41.6,10-12-12-12,9,438,-3
2026/01/03,川崎,4,毘沙門天賞Ｃ３三 四,1400,ダ,左,重,晴,14,7,11,スフォルツオ,牡,4,56.0,492,5,桑村真,林隆之,,12,1:36.1,42.6,4-4-5-7,11,492,5
2026/01/03,川崎,4,毘沙門天賞Ｃ３三 四,1400,ダ,左,重,晴,14,6,9,セイウンヤタガラス,牡,4,56.0,445,4,山林信,田邊陽,,13,1:36.1,42.0,9-11-8-11,6,445,4
2026/01/03,川崎,4,毘沙門天賞Ｃ３三 四,1400,ダ,左,重,晴,14,4,6,ブルーレンジャー,牝,5,54.0,453,1,本田紀,河津裕,,14,1:37.3,42.6,14-14-14-14,14,453,1
2026/01/03,川崎,5,布袋尊賞Ｃ３三 四,1400,ダ,左,重,晴,14,1,1,マオノオラクル,牡,7,56.0,492,-8,西村栄,渋谷博,,1,1:33.9,40.3,5-4-4-4,9,492,-8
2026/01/03,川崎,5,布袋尊賞Ｃ３三 四,1400,ダ,左,重,晴,14,3,3,ニホンピロカミーノ,牡,4,56.0,482,-3,伊藤裕,武井和,,2,1:34.4,40.9,3-3-3-3,3,482,-3
2026/01/03,川崎,5,布袋尊賞Ｃ３三 四,1400,ダ,左,重,晴,14,2,2,ニットウアトラス,牡,4,56.0,535,4,岡村健,茂木浩,,3,1:34.7,41.3,2-2-2-1,1,535,4
2026/01/03,川崎,5,布袋尊賞Ｃ３三 四,1400,ダ,左,重,晴,14,5,7,プリティパンク,牝,5,54.0,482,-5,新原周,林隆之,,4,1:35.4,41.4,9-6-5-5,7,482,-5
2026/01/03,川崎,5,布袋尊賞Ｃ３三 四,1400,ダ,左,重,晴,14,5,8,アンリ,牝,5,51.0,434,-6,加藤雄,吉橋淳,,5,1:35.7,42.4,1-1-1-2,11,434,-6
2026/01/03,川崎,5,布袋尊賞Ｃ３三 四,1400,ダ,左,重,晴,14,8,14,ディバインウィル,牝,5,54.0,419,-12,福原杏,田島寿,,6,1:35.7,40.5,12-13-12-10,6,419,-12
2026/01/03,川崎,5,布袋尊賞Ｃ３三 四,1400,ダ,左,重,晴,14,3,4,トミサンペガサス,牝,6,54.0,475,-2,中越琉,村田六,,7,1:35.8,41.3,10-10-9-10,4,475,-2
2026/01/03,川崎,5,布袋尊賞Ｃ３三 四,1400,ダ,左,重,晴,14,8,13,ジーティーケリー,牝,4,54.0,408,0,山林信,村田順,,8,1:35.8,41.0,12-11-10-8,5,408,0
2026/01/03,川崎,5,布袋尊賞Ｃ３三 四,1400,ダ,左,重,晴,14,6,9,エヴィエニス,牡,5,56.0,493,-5,池谷匠,田島寿,,9,1:36.4,41.0,14-14-12-12,13,493,-5
2026/01/03,川崎,5,布袋尊賞Ｃ３三 四,1400,ダ,左,重,晴,14,7,12,ダンシングハピリー,牝,6,54.0,419,5,本田紀,武井和,,10,1:36.7,42.5,6-6-6-6,10,419,5
2026/01/03,川崎,5,布袋尊賞Ｃ３三 四,1400,ダ,左,重,晴,14,4,5,スノーウィースカイ,牡,4,56.0,472,-1,町田直,平田正,,11,1:37.0,42.8,4-5-7-8,2,472,-1
2026/01/03,川崎,5,布袋尊賞Ｃ３三 四,1400,ダ,左,重,晴,14,4,6,ミカエンブレイス,牝,4,54.0,441,22,古岡勇,田邊陽,,12,1:37.2,43.0,7-6-7-6,8,441,22
2026/01/03,川崎,5,布袋尊賞Ｃ３三 四,1400,ダ,左,重,晴,14,6,10,グランツリッター,牡,4,56.0,454,-2,服部茂,田邊陽,,13,1:37.4,41.8,11-12-14-14,12,454,-2
2026/01/03,川崎,5,布袋尊賞Ｃ３三 四,1400,ダ,左,重,晴,14,7,11,ベーラパルフェ,牡,4,56.0,503,-2,岡村裕,八木喜,,14,1:37.8,43.2,8-9-11-13,14,503,-2
2026/01/03,川崎,6,大黒天賞Ｃ２選定馬,900,ダ,左,重,晴,12,6,7,スマートアライヴ,牡,5,56.0,470,-1,岡村裕,武井和,,1,0:56.0,38.3,1-1-1,5,470,-1
2026/01/03,川崎,6,大黒天賞Ｃ２選定馬,900,ダ,左,重,晴,12,7,10,モズアンドモズ,牝,4,54.0,461,-5,野畑凌,秋山直,,2,0:56.1,38.0,3-3-3,1,461,-5
2026/01/03,川崎,6,大黒天賞Ｃ２選定馬,900,ダ,左,重,晴,12,2,2,スモーキンビリー,牡,6,56.0,503,4,御神訓,茂木浩,,3,0:56.1,37.8,5-4-4,3,503,4
2026/01/03,川崎,6,大黒天賞Ｃ２選定馬,900,ダ,左,重,晴,12,7,9,パルクールチェコ,牝,5,54.0,484,-4,笹川翼,加藤誠,,4,0:56.2,38.3,2-2-2,2,484,-4
2026/01/03,川崎,6,大黒天賞Ｃ２選定馬,900,ダ,左,重,晴,12,1,1,エルリーブル,セ,0,56.0,477,1,藤江渉,平田正,,5,0:56.3,37.8,6-6-5,4,477,1
2026/01/03,川崎,6,大黒天賞Ｃ２選定馬,900,ダ,左,重,晴,12,3,3,ヒメカグラ,牝,6,53.0,466,4,佐野遥,久保秀,,6,0:56.7,37.9,9-9-7,6,466,4
2026/01/03,川崎,6,大黒天賞Ｃ２選定馬,900,ダ,左,重,晴,12,5,6,チャーミングビビ,牝,5,54.0,443,0,服部茂,田邊陽,,7,0:56.8,37.7,12-12-11,8,443,0
2026/01/03,川崎,6,大黒天賞Ｃ２選定馬,900,ダ,左,重,晴,12,8,12,ウロンブランカ,牝,4,54.0,446,0,櫻井光,高橋宏,,8,0:57.0,38.7,4-5-6,10,446,0
2026/01/03,川崎,6,大黒天賞Ｃ２選定馬,900,ダ,左,重,晴,12,8,11,イクノガキタゾ,牡,4,56.0,490,10,菅原涼,佐々仁,,9,0:57.3,38.3,9-11-12,7,490,10
2026/01/03,川崎,6,大黒天賞Ｃ２選定馬,900,ダ,左,重,晴,12,4,4,ヒガシブレーヴ,牡,9,56.0,432,2,七夕裕,河津裕,,10,0:57.4,38.8,6-7-8,11,432,2
2026/01/03,川崎,6,大黒天賞Ｃ２選定馬,900,ダ,左,重,晴,12,5,5,シェルヴィー,牡,4,56.0,448,5,増田充,高月賢,,11,0:57.5,38.7,11-9-9,12,448,5
2026/01/03,川崎,6,大黒天賞Ｃ２選定馬,900,ダ,左,重,晴,12,6,8,ハナチャン,牝,5,51.0,386,3,神尾香,山田質,,12,0:58.1,39.3,8-8-10,9,386,3
2026/01/03,川崎,7,弁才天賞Ｃ２選定馬,1500,ダ,左,稍重,晴,12,2,2,マルモリアクティブ,牝,4,54.0,452,-4,野畑凌,甲田悟,,1,1:37.0,39.7,1-1-1-1,1,452,-4
2026/01/03,川崎,7,弁才天賞Ｃ２選定馬,1500,ダ,左,稍重,晴,12,4,4,フクシマジンロッソ,牡,4,56.0,463,5,笹川翼,高月賢,,2,1:38.2,40.5,4-4-4-2,3,463,5
2026/01/03,川崎,7,弁才天賞Ｃ２選定馬,1500,ダ,左,稍重,晴,12,1,1,ニジトタルト,牝,9,54.0,447,20,御神訓,林隆之,,3,1:38.6,40.6,7-7-7-4,6,447,20
2026/01/03,川崎,7,弁才天賞Ｃ２選定馬,1500,ダ,左,稍重,晴,12,6,7,ジンガー,牡,4,56.0,492,-8,矢野貴,鈴木義,,4,1:38.7,41.2,2-2-2-3,2,492,-8
2026/01/03,川崎,7,弁才天賞Ｃ２選定馬,1500,ダ,左,稍重,晴,12,7,9,ストロンゲスト,牡,7,56.0,498,6,岡村健,古澤悟,,5,1:38.7,40.4,9-9-9-5,9,498,6
2026/01/03,川崎,7,弁才天賞Ｃ２選定馬,1500,ダ,左,稍重,晴,12,6,8,ビービーシャーンス,牡,6,56.0,470,-1,木間龍,新井清,,6,1:39.1,40.8,11-10-8-8,7,470,-1
2026/01/03,川崎,7,弁才天賞Ｃ２選定馬,1500,ダ,左,稍重,晴,12,3,3,サンライズソング,牝,6,54.0,430,-6,櫻井光,安池成,,7,1:39.1,40.6,10-11-11-8,11,430,-6
2026/01/03,川崎,7,弁才天賞Ｃ２選定馬,1500,ダ,左,稍重,晴,12,5,6,ミュークフォルテ,牡,4,53.0,491,-7,加藤雄,山崎尋,,8,1:39.5,41.6,5-5-5-7,8,491,-7
2026/01/03,川崎,7,弁才天賞Ｃ２選定馬,1500,ダ,左,稍重,晴,12,8,12,イモルテル,セ,0,56.0,510,0,町田直,平田正,,9,1:39.6,41.3,8-8-9-11,5,510,0
2026/01/03,川崎,7,弁才天賞Ｃ２選定馬,1500,ダ,左,稍重,晴,12,5,5,デルマツリダシ,セ,0,56.0,511,0,西啓太,山崎裕,,10,1:40.3,42.4,6-6-6-10,4,511,0
2026/01/03,川崎,7,弁才天賞Ｃ２選定馬,1500,ダ,左,稍重,晴,12,8,11,ミシェット,牝,5,51.0,472,-3,神尾香,山田正,,11,1:40.4,41.1,12-12-12-12,12,472,-3
2026/01/03,川崎,7,弁才天賞Ｃ２選定馬,1500,ダ,左,稍重,晴,12,7,10,グラスアラバニーユ,牡,7,56.0,476,-3,増田充,吉橋淳,,12,1:40.6,42.9,3-3-3-6,10,476,-3
2026/01/03,川崎,8,七福即生特別Ｃ１選定馬,1600,ダ,左,稍重,晴,12,8,12,ロアリングフレイム,牝,4,54.0,466,-3,新原周,鈴木義,,1,1:45.4,41.0,1-1-1-1,1,466,-3
2026/01/03,川崎,8,七福即生特別Ｃ１選定馬,1600,ダ,左,稍重,晴,12,8,11,トンボ,牡,5,56.0,505,0,笹川翼,高月賢,,2,1:46.0,40.6,4-4-6-5,3,505,0
2026/01/03,川崎,8,七福即生特別Ｃ１選定馬,1600,ダ,左,稍重,晴,12,6,7,トウマ,牡,6,56.0,459,0,町田直,久保秀,,3,1:46.3,41.7,2-2-2-2,4,459,0
2026/01/03,川崎,8,七福即生特別Ｃ１選定馬,1600,ダ,左,稍重,晴,12,3,3,ミヤギエンペラー,牡,4,56.0,469,10,増田充,高月賢,,4,1:46.4,41.0,5-5-4-3,6,469,10
2026/01/03,川崎,8,七福即生特別Ｃ１選定馬,1600,ダ,左,稍重,晴,12,6,8,ダートレイジング,牡,6,56.0,506,12,西啓太,加藤誠,,5,1:46.6,40.3,10-9-9-7,8,506,12
2026/01/03,川崎,8,七福即生特別Ｃ１選定馬,1600,ダ,左,稍重,晴,12,7,10,ディープグラビティ,セ,0,56.0,448,-1,服部茂,長友豊,,6,1:46.8,41.8,3-3-3-4,11,448,-1
2026/01/03,川崎,8,七福即生特別Ｃ１選定馬,1600,ダ,左,稍重,晴,12,5,6,アルハイルフォート,牡,4,56.0,494,-4,藤本現,山崎裕,,7,1:47.2,41.3,8-8-7-8,7,494,-4
2026/01/03,川崎,8,七福即生特別Ｃ１選定馬,1600,ダ,左,稍重,晴,12,1,1,ネヴァーノウズ,牡,4,56.0,442,-2,古岡勇,甲田悟,,8,1:47.4,41.5,7-7-8-6,10,442,-2
2026/01/03,川崎,8,七福即生特別Ｃ１選定馬,1600,ダ,左,稍重,晴,12,2,2,レディオンステージ,牝,4,54.0,495,0,桑村真,山崎尋,,9,1:47.4,41.1,9-10-10-10,12,495,0
2026/01/03,川崎,8,七福即生特別Ｃ１選定馬,1600,ダ,左,稍重,晴,12,4,4,タイセイシップ,牡,5,56.0,528,5,矢野貴,内田勝,,10,1:48.0,41.5,12-12-11-11,2,528,5
2026/01/03,川崎,8,七福即生特別Ｃ１選定馬,1600,ダ,左,稍重,晴,12,5,5,アレグリアシチー,牡,9,56.0,461,-2,野畑凌,新井清,,11,1:48.8,43.2,6-6-5-9,5,461,-2
2026/01/03,川崎,8,七福即生特別Ｃ１選定馬,1600,ダ,左,稍重,晴,12,7,9,ユイノオールイン,牡,4,56.0,499,-6,藤江渉,武井和,,12,1:49.3,42.8,11-11-12-12,9,499,-6
2026/01/03,川崎,9,七福神特別Ｃ１Ｃ２選定馬,2000,ダ,左,稍重,晴,14,3,4,オウケンデューク,セ,0,57.0,444,5,野畑凌,高月賢,,1,2:14.2,40.2,1-1-1-1,1,444,5
2026/01/03,川崎,9,七福神特別Ｃ１Ｃ２選定馬,2000,ダ,左,稍重,晴,14,4,5,ハクシュ,牡,5,57.0,529,-2,笹川翼,林隆之,,2,2:14.9,40.6,4-4-3-2,2,529,-2
2026/01/03,川崎,9,七福神特別Ｃ１Ｃ２選定馬,2000,ダ,左,稍重,晴,14,7,12,ミストラ,セ,0,55.0,561,0,張田昂,村田六,,3,2:16.3,40.2,14-14-12-9,11,561,0
2026/01/03,川崎,9,七福神特別Ｃ１Ｃ２選定馬,2000,ダ,左,稍重,晴,14,6,9,ウインメラナイト,牡,5,57.0,512,-11,古岡勇,古澤悟,,4,2:16.4,41.5,9-8-4-5,3,512,-11
2026/01/03,川崎,9,七福神特別Ｃ１Ｃ２選定馬,2000,ダ,左,稍重,晴,14,1,1,リリーバローズ,牝,6,55.0,462,-4,池谷匠,村田順,,5,2:16.7,42.0,8-6-5-4,5,462,-4
2026/01/03,川崎,9,七福神特別Ｃ１Ｃ２選定馬,2000,ダ,左,稍重,晴,14,6,10,ミスサラワク,牝,5,54.0,532,-4,佐野遥,鈴木義,,6,2:16.7,41.0,13-13-11-8,8,532,-4
2026/01/03,川崎,9,七福神特別Ｃ１Ｃ２選定馬,2000,ダ,左,稍重,晴,14,3,3,ファイヤーボール,セ,0,55.0,460,-3,新原周,甲田悟,,7,2:17.2,42.0,11-10-7-6,6,460,-3
2026/01/03,川崎,9,七福神特別Ｃ１Ｃ２選定馬,2000,ダ,左,稍重,晴,14,7,11,キングマイネオ,牡,4,57.0,455,-5,藤田凌,甲田悟,,8,2:17.3,41.7,10-11-9-10,7,455,-5
2026/01/03,川崎,9,七福神特別Ｃ１Ｃ２選定馬,2000,ダ,左,稍重,晴,14,8,13,ジーティーアグリム,牝,5,55.0,543,0,西啓太,山崎尋,,9,2:17.6,43.4,3-3-2-3,4,543,0
2026/01/03,川崎,9,七福神特別Ｃ１Ｃ２選定馬,2000,ダ,左,稍重,晴,14,2,2,リュウノバデン,牡,5,52.0,473,0,加藤雄,山崎尋,,10,2:19.2,43.3,12-12-14-11,14,473,0
2026/01/03,川崎,9,七福神特別Ｃ１Ｃ２選定馬,2000,ダ,左,稍重,晴,14,5,7,ドルチアーリア,牝,5,55.0,502,-7,桑村真,内田勝,,11,2:19.7,45.2,2-2-6-6,9,502,-7
2026/01/03,川崎,9,七福神特別Ｃ１Ｃ２選定馬,2000,ダ,左,稍重,晴,14,8,14,メイショウサノサ,牝,4,53.0,441,1,岡村裕,八木仁,,12,2:19.8,44.3,7-9-10-13,10,441,1
2026/01/03,川崎,9,七福神特別Ｃ１Ｃ２選定馬,2000,ダ,左,稍重,晴,14,4,6,カネトシシュキン,牡,6,55.0,494,-1,山林信,佐々仁,,13,2:19.8,44.8,4-5-8-12,13,494,-1
2026/01/03,川崎,9,七福神特別Ｃ１Ｃ２選定馬,2000,ダ,左,稍重,晴,14,5,8,リンガススウィート,牝,6,53.0,542,-5,服部茂,佐藤博,,14,2:21.5,45.9,6-7-13-14,12,542,-5
2026/01/03,川崎,10,宝船特別Ｂ３二 三,1400,ダ,左,稍重,晴,14,5,7,スターグリップ,牡,4,56.0,475,2,笹川翼,田島寿,,1,1:30.3,39.6,1-1-1-1,1,475,2
2026/01/03,川崎,10,宝船特別Ｂ３二 三,1400,ダ,左,稍重,晴,14,3,4,リコーベレッタ,牝,6,53.0,462,-6,佐野遥,久保秀,,2,1:31.1,40.0,4-4-3-2,9,462,-6
2026/01/03,川崎,10,宝船特別Ｂ３二 三,1400,ダ,左,稍重,晴,14,6,9,エレファントラン,牡,4,56.0,485,1,新原周,山崎尋,,3,1:31.3,40.0,5-5-3-4,4,485,1
2026/01/03,川崎,10,宝船特別Ｂ３二 三,1400,ダ,左,稍重,晴,14,2,2,エムティワイザー,牡,4,56.0,426,0,福原杏,山崎裕,,4,1:31.4,39.8,6-6-6-5,3,426,0
2026/01/03,川崎,10,宝船特別Ｂ３二 三,1400,ダ,左,稍重,晴,14,6,10,モンド,牡,4,56.0,453,4,藤江渉,甲田悟,,5,1:31.9,39.1,12-12-12-11,11,453,4
2026/01/03,川崎,10,宝船特別Ｂ３二 三,1400,ダ,左,稍重,晴,14,3,3,ノッテストラータ,牝,4,54.0,455,1,本田重,久保勇,,6,1:32.0,39.5,11-10-10-9,10,455,1
2026/01/03,川崎,10,宝船特別Ｂ３二 三,1400,ダ,左,稍重,晴,14,7,11,スワッガー,牡,4,56.0,541,4,服部茂,佐藤博,,7,1:32.2,40.2,6-7-7-7,12,541,4
2026/01/03,川崎,10,宝船特別Ｂ３二 三,1400,ダ,左,稍重,晴,14,1,1,タイセイフランク,牡,4,56.0,501,-2,桑村真,内田勝,,8,1:32.3,40.2,9-8-8-6,6,501,-2
2026/01/03,川崎,10,宝船特別Ｂ３二 三,1400,ダ,左,稍重,晴,14,7,12,ジャスタースパーク,牡,6,56.0,484,-2,本橋孝,鈴木義,,9,1:32.9,40.3,10-11-11-12,7,484,-2
2026/01/03,川崎,10,宝船特別Ｂ３二 三,1400,ダ,左,稍重,晴,14,4,5,シントーハナノボス,牡,5,56.0,484,5,町田直,平田正,,10,1:33.4,41.3,8-8-8-10,8,484,5
2026/01/03,川崎,10,宝船特別Ｂ３二 三,1400,ダ,左,稍重,晴,14,4,6,アイノセンシ,牡,6,56.0,519,-2,矢野貴,高月賢,,11,1:33.5,42.6,2-2-2-3,5,519,-2
2026/01/03,川崎,10,宝船特別Ｂ３二 三,1400,ダ,左,稍重,晴,14,8,14,ビップソリオ,セ,0,56.0,530,-9,野畑凌,秋山直,,12,1:33.5,42.2,3-3-3-8,2,530,-9
2026/01/03,川崎,10,宝船特別Ｂ３二 三,1400,ダ,左,稍重,晴,14,5,8,ガルヴァナイズ,牡,6,56.0,526,3,池谷匠,村田順,,13,1:34.0,41.0,13-13-13-13,13,526,3
2026/01/03,川崎,10,宝船特別Ｂ３二 三,1400,ダ,左,稍重,晴,14,8,13,アートオブライフ,牝,9,54.0,446,3,保園翔,田島寿,,,,,,,446,3
2026/01/03,川崎,11,川崎マイラーズ４歳上オープン,1600,ダ,左,稍重,晴,11,2,2,アランバローズ,牡,8,57.0,464,5,本田重,林正人,,1,1:40.6,37.5,1-1-1-1,1,464,5
2026/01/03,川崎,11,川崎マイラーズ４歳上オープン,1600,ダ,左,稍重,晴,11,3,3,ハイエストエンド,セ,0,57.0,502,-10,本橋孝,張田京,,2,1:42.5,39.1,4-3-3-2,10,502,-10
2026/01/03,川崎,11,川崎マイラーズ４歳上オープン,1600,ダ,左,稍重,晴,11,8,10,ゴールドレガシー,牡,8,58.0,496,1,矢野貴,藤田輝,,3,1:42.6,38.7,8-8-7-6,2,496,1
2026/01/03,川崎,11,川崎マイラーズ４歳上オープン,1600,ダ,左,稍重,晴,11,7,9,ヴィクトゥーラ,牡,8,55.0,489,1,町田直,田島寿,,4,1:43.0,38.6,11-10-11-8,8,489,1
2026/01/03,川崎,11,川崎マイラーズ４歳上オープン,1600,ダ,左,稍重,晴,11,6,6,アームズレイン,牡,6,57.0,505,-1,桑村真,佐々仁,,5,1:43.4,39.8,5-5-4-3,4,505,-1
2026/01/03,川崎,11,川崎マイラーズ４歳上オープン,1600,ダ,左,稍重,晴,11,1,1,ビヨンドザファザー,牡,7,57.0,516,3,御神訓,藤田輝,,6,1:43.6,39.5,9-9-9-7,6,516,3
2026/01/03,川崎,11,川崎マイラーズ４歳上オープン,1600,ダ,左,稍重,晴,11,8,11,ドナギニー,牝,4,55.0,485,-2,笹川翼,中道啓,,7,1:43.7,39.9,7-7-6-4,3,485,-2
2026/01/03,川崎,11,川崎マイラーズ４歳上オープン,1600,ダ,左,稍重,晴,11,7,8,ゴールドホイヤー,牡,9,57.0,501,5,古岡勇,岩本洋,,8,1:44.3,39.9,10-11-10-9,9,501,5
2026/01/03,川崎,11,川崎マイラーズ４歳上オープン,1600,ダ,左,稍重,晴,11,4,4,シーサーペント,牡,6,57.0,487,-5,安藤洋,小久智,,9,1:44.8,41.4,2-2-2-5,5,487,-5
2026/01/03,川崎,11,川崎マイラーズ４歳上オープン,1600,ダ,左,稍重,晴,11,5,5,エミサキホコル,牡,6,57.0,494,0,西啓太,山崎裕,,10,1:47.0,43.4,2-3-4-10,7,494,0
2026/01/03,川崎,11,川崎マイラーズ４歳上オープン,1600,ダ,左,稍重,晴,11,6,7,レベルフォー,牡,10,57.0,504,6,木間龍,矢野義,,11,1:48.1,44.2,6-6-8-11,11,504,6
2026/01/03,川崎,12,恵比寿天賞Ｃ１二,1400,ダ,左,稍重,晴,12,7,9,サラサエンペラー,牡,4,56.0,495,1,町田直,内田勝,,1,1:31.9,40.0,2-2-2-2,2,495,1
2026/01/03,川崎,12,恵比寿天賞Ｃ１二,1400,ダ,左,稍重,晴,12,2,2,ランニングホット,牝,4,54.0,424,20,張田昂,山崎裕,,2,1:32.2,39.9,4-5-4-3,4,424,20
2026/01/03,川崎,12,恵比寿天賞Ｃ１二,1400,ダ,左,稍重,晴,12,3,3,ラピルスイメル,牝,4,54.0,507,3,西啓太,加藤誠,,3,1:32.4,40.8,1-1-1-1,5,507,3
2026/01/03,川崎,12,恵比寿天賞Ｃ１二,1400,ダ,左,稍重,晴,12,8,11,ビルドラポール,牡,6,56.0,528,-9,山林信,河津裕,,4,1:32.6,39.9,9-9-7-5,9,528,-9
2026/01/03,川崎,12,恵比寿天賞Ｃ１二,1400,ダ,左,稍重,晴,12,5,5,ポテンザ,牡,6,56.0,509,-2,野畑凌,佐藤博,,5,1:32.9,40.4,7-7-6-6,1,509,-2
2026/01/03,川崎,12,恵比寿天賞Ｃ１二,1400,ダ,左,稍重,晴,12,1,1,ラヴィンローゼス,牝,5,54.0,399,0,藤江渉,八木喜,,6,1:32.9,40.8,4-3-4-4,3,399,0
2026/01/03,川崎,12,恵比寿天賞Ｃ１二,1400,ダ,左,稍重,晴,12,8,12,ビタリス,牝,5,54.0,500,-3,櫻井光,八木喜,,7,1:33.1,40.0,12-11-12-10,7,500,-3
2026/01/03,川崎,12,恵比寿天賞Ｃ１二,1400,ダ,左,稍重,晴,12,6,8,ミュークレグルス,牡,8,53.0,516,-5,加藤雄,山崎尋,,8,1:33.8,40.7,11-11-10-9,8,516,-5
2026/01/03,川崎,12,恵比寿天賞Ｃ１二,1400,ダ,左,稍重,晴,12,6,7,ボルドーティラミス,牝,4,53.0,468,1,佐野遥,田邊陽,,9,1:33.8,40.9,8-8-8-8,6,468,1
2026/01/03,川崎,12,恵比寿天賞Ｃ１二,1400,ダ,左,稍重,晴,12,7,10,グァンバーレ,牝,4,54.0,435,-12,木間龍,田島寿,,10,1:34.2,42.1,3-3-3-7,11,435,-12
2026/01/03,川崎,12,恵比寿天賞Ｃ１二,1400,ダ,左,稍重,晴,12,5,6,ティーケーメイト,牝,8,54.0,449,-2,古岡勇,八木仁,,11,1:34.7,41.8,10-9-10-12,12,449,-2
2026/01/03,川崎,12,恵比寿天賞Ｃ１二,1400,ダ,左,稍重,晴,12,4,4,カルデライト,牝,4,54.0,458,6,増田充,高月賢,,12,1:36.5,44.0,6-6-9-11,10,458,6
2026/01/04,川崎,1,破魔矢賞３歳未格付選定馬,900,ダ,左,稍重,晴,12,4,4,アースジュエル,牝,3,54.0,432,-4,田中涼,鈴木義,,1,0:57.1,39.0,1-1-1,4,432,-4
2026/01/04,川崎,1,破魔矢賞３歳未格付選定馬,900,ダ,左,稍重,晴,12,7,9,プレストジャンヌ,牝,3,54.0,414,2,張田昂,高橋宏,,2,0:57.6,39.3,4-2-2,5,414,2
2026/01/04,川崎,1,破魔矢賞３歳未格付選定馬,900,ダ,左,稍重,晴,12,1,1,シェブロンウーマン,牝,3,53.0,424,-2,佐野遥,山田正,,3,0:58.2,39.7,2-4-3,2,424,-2
2026/01/04,川崎,1,破魔矢賞３歳未格付選定馬,900,ダ,左,稍重,晴,12,6,8,ティンガティンガ,セ,0,56.0,404,-3,中越琉,佐藤博,,4,0:58.2,39.2,6-7-6,3,404,-3
2026/01/04,川崎,1,破魔矢賞３歳未格付選定馬,900,ダ,左,稍重,晴,12,8,11,マッドチェイサー,牡,3,56.0,450,-2,町田直,山田質,,5,0:58.2,39.7,7-3-4,1,450,-2
2026/01/04,川崎,1,破魔矢賞３歳未格付選定馬,900,ダ,左,稍重,晴,12,3,3,カミノリメイン,牝,3,54.0,390,8,藤江渉,田島寿,,6,0:58.4,39.7,3-6-5,11,390,8
2026/01/04,川崎,1,破魔矢賞３歳未格付選定馬,900,ダ,左,稍重,晴,12,7,10,カネトシライパー,牡,3,56.0,442,4,山林信,佐々仁,,7,0:58.8,39.9,8-5-7,7,442,4
2026/01/04,川崎,1,破魔矢賞３歳未格付選定馬,900,ダ,左,稍重,晴,12,5,5,ハツコイアザミ,牝,3,54.0,418,3,服部茂,山崎尋,,8,0:59.0,40.0,5-8-8,9,418,3
2026/01/04,川崎,1,破魔矢賞３歳未格付選定馬,900,ダ,左,稍重,晴,12,5,6,ターボクン,牡,3,54.0,431,3,中山遥,吉橋淳,,9,0:59.8,40.5,9-9-9,10,431,3
2026/01/04,川崎,1,破魔矢賞３歳未格付選定馬,900,ダ,左,稍重,晴,12,2,2,ボルドーアヴニール,牝,3,54.0,0,0,増田充,武井和,,10,1:00.2,40.5,10-10-10,6,0,0
2026/01/04,川崎,1,破魔矢賞３歳未格付選定馬,900,ダ,左,稍重,晴,12,6,7,マチダノチエコ,牝,3,51.0,464,7,神尾香,山田質,,11,1:02.0,41.9,11-11-11,8,464,7
2026/01/04,川崎,1,破魔矢賞３歳未格付選定馬,900,ダ,左,稍重,晴,12,8,12,リアンバイオ,牝,3,51.0,475,-5,加藤雄,山崎尋,,,,,,,475,-5
2026/01/04,川崎,2,川崎デビュー　新馬３歳８,1400,ダ,左,稍重,晴,8,6,6,ポッドデスペア,牡,3,56.0,0,0,櫻井光,甲田悟,,1,1:34.3,39.4,2-1-1-1,1,0,0
2026/01/04,川崎,2,川崎デビュー　新馬３歳８,1400,ダ,左,稍重,晴,8,3,3,オンナユメラク,牝,3,54.0,0,0,古岡勇,山崎裕,,2,1:35.0,39.9,3-3-3-3,4,0,0
2026/01/04,川崎,2,川崎デビュー　新馬３歳８,1400,ダ,左,稍重,晴,8,5,5,ミラクルガイ,牡,3,56.0,0,0,新原周,林隆之,,3,1:36.2,40.9,4-4-4-4,5,0,0
2026/01/04,川崎,2,川崎デビュー　新馬３歳８,1400,ダ,左,稍重,晴,8,4,4,カムトゥゲザー,牝,3,54.0,0,0,町田直,内田勝,,4,1:36.7,41.8,1-2-1-2,2,0,0
2026/01/04,川崎,2,川崎デビュー　新馬３歳８,1400,ダ,左,稍重,晴,8,1,1,セッテベロ,牝,3,51.0,0,0,加藤雄,山崎裕,,5,1:36.9,41.4,5-5-5-4,8,0,0
2026/01/04,川崎,2,川崎デビュー　新馬３歳８,1400,ダ,左,稍重,晴,8,7,7,イチゴプリン,牝,3,54.0,0,0,服部茂,安池成,,6,1:37.2,40.7,7-8-8-7,6,0,0
2026/01/04,川崎,2,川崎デビュー　新馬３歳８,1400,ダ,左,稍重,晴,8,8,8,カツノアーサー,牡,3,56.0,0,0,増田充,加藤誠,,7,1:38.3,42.6,8-7-5-6,7,0,0
2026/01/04,川崎,2,川崎デビュー　新馬３歳８,1400,ダ,左,稍重,晴,8,2,2,フークストロンガー,牡,3,56.0,0,0,野畑凌,茂木浩,,8,1:41.3,45.4,6-6-7-8,3,0,0
2026/01/04,川崎,3,しめ飾り賞３歳７,1400,ダ,左,稍重,晴,8,8,8,チキュウ,牡,3,56.0,442,-5,桑村真,林隆之,,1,1:35.5,40.9,2-2-2-1,1,442,-5
2026/01/04,川崎,3,しめ飾り賞３歳７,1400,ダ,左,稍重,晴,8,1,1,ヌフヌフ,牡,3,56.0,451,-3,田中涼,鈴木義,,2,1:36.3,41.1,6-6-4-3,3,451,-3
2026/01/04,川崎,3,しめ飾り賞３歳７,1400,ダ,左,稍重,晴,8,5,5,アファーマティヴ,牡,3,53.0,464,-7,加藤雄,河津裕,,3,1:36.5,41.0,8-8-7-5,7,464,-7
2026/01/04,川崎,3,しめ飾り賞３歳７,1400,ダ,左,稍重,晴,8,4,4,バババブーン,牡,3,56.0,503,-1,服部茂,酒井忍,,4,1:37.1,41.7,5-5-6-6,2,503,-1
2026/01/04,川崎,3,しめ飾り賞３歳７,1400,ダ,左,稍重,晴,8,2,2,ユノアール,牝,3,54.0,374,-7,池谷匠,林隆之,,5,1:37.5,42.5,4-3-3-4,4,374,-7
2026/01/04,川崎,3,しめ飾り賞３歳７,1400,ダ,左,稍重,晴,8,7,7,ノーサイドガール,牝,3,54.0,471,-5,張田昂,山田質,,6,1:37.7,43.4,1-1-1-2,5,471,-5
2026/01/04,川崎,3,しめ飾り賞３歳７,1400,ダ,左,稍重,晴,8,3,3,グロースフロイデ,牝,3,51.0,418,-2,神尾香,山田質,,7,1:39.8,44.6,3-4-5-7,6,418,-2
2026/01/04,川崎,3,しめ飾り賞３歳７,1400,ダ,左,稍重,晴,8,6,6,ビクトレア,牝,3,54.0,414,-1,中越琉,久保勇,,8,1:41.5,45.8,7-7-8-8,8,414,-1
2026/01/04,川崎,4,福袋賞Ｃ３選定馬,900,ダ,左,稍重,晴,12,2,2,ミヤジミニー,牝,6,53.0,425,-5,鷹見陸,田邊陽,,1,0:56.1,37.5,6-4-3,3,425,-5
2026/01/04,川崎,4,福袋賞Ｃ３選定馬,900,ダ,左,稍重,晴,12,1,1,ダイナマイトブル,牡,6,56.0,468,3,達城龍,新井健,,2,0:56.6,37.6,9-8-6,4,468,3
2026/01/04,川崎,4,福袋賞Ｃ３選定馬,900,ダ,左,稍重,晴,12,5,5,タノシサ,牝,5,54.0,482,4,桑村真,林隆之,,3,0:56.7,37.7,7-7-5,2,482,4
2026/01/04,川崎,4,福袋賞Ｃ３選定馬,900,ダ,左,稍重,晴,12,6,7,アンジュラプソディ,牝,5,53.0,510,-3,佐野遥,高橋宏,,4,0:56.9,38.8,1-1-1,1,510,-3
2026/01/04,川崎,4,福袋賞Ｃ３選定馬,900,ダ,左,稍重,晴,12,6,8,カナサンドー,牝,5,54.0,384,-6,藤江渉,今井輝,,5,0:57.0,38.7,2-2-2,10,384,-6
2026/01/04,川崎,4,福袋賞Ｃ３選定馬,900,ダ,左,稍重,晴,12,5,6,カラウヌ,牝,7,54.0,474,4,中越琉,佐藤博,,6,0:57.3,38.3,4-9-9,7,474,4
2026/01/04,川崎,4,福袋賞Ｃ３選定馬,900,ダ,左,稍重,晴,12,8,12,カネトシアンカー,牝,5,54.0,501,6,山林信,佐々仁,,7,0:57.4,39.0,5-3-4,8,501,6
2026/01/04,川崎,4,福袋賞Ｃ３選定馬,900,ダ,左,稍重,晴,12,7,9,ロワン,牝,4,54.0,420,-2,本田紀,八木仁,,8,0:57.6,37.9,12-11-12,11,420,-2
2026/01/04,川崎,4,福袋賞Ｃ３選定馬,900,ダ,左,稍重,晴,12,7,10,ヴァシュラン,牝,4,54.0,474,3,田中涼,吉橋淳,,9,0:57.7,39.0,3-5-7,12,474,3
2026/01/04,川崎,4,福袋賞Ｃ３選定馬,900,ダ,左,稍重,晴,12,8,11,ササキンポピー,牝,5,54.0,444,-4,古岡勇,村田順,,10,0:57.7,38.7,7-6-8,6,444,-4
2026/01/04,川崎,4,福袋賞Ｃ３選定馬,900,ダ,左,稍重,晴,12,4,4,ジャスティラック,牡,4,53.0,457,-4,加藤雄,長友豊,,11,0:58.0,38.3,11-12-11,9,457,-4
2026/01/04,川崎,4,福袋賞Ｃ３選定馬,900,ダ,左,稍重,晴,12,3,3,コルティリオ,セ,0,56.0,446,-3,増田充,山崎裕,,12,0:58.5,39.1,10-10-10,5,446,-3
2026/01/04,川崎,5,鏡餅賞Ｃ３五,1400,ダ,左,稍重,晴,12,1,1,ドウザンゴールド,牡,4,55.0,0,0,佐野遥,高月賢,,1,1:32.4,39.9,6-3-5-3,6,0,0
2026/01/04,川崎,5,鏡餅賞Ｃ３五,1400,ダ,左,稍重,晴,12,5,5,シャインフォース,牝,4,54.0,0,0,増田充,高月賢,,2,1:32.6,40.3,2-2-2-1,3,0,0
2026/01/04,川崎,5,鏡餅賞Ｃ３五,1400,ダ,左,稍重,晴,12,4,4,ナツハヤテ,牝,8,54.0,464,-5,服部茂,山田質,,3,1:34.2,41.4,7-6-6-4,2,464,-5
2026/01/04,川崎,5,鏡餅賞Ｃ３五,1400,ダ,左,稍重,晴,12,5,6,セクレトウェポン,セ,0,56.0,440,-12,新原周,林隆之,,4,1:34.8,42.3,4-3-3-5,1,440,-12
2026/01/04,川崎,5,鏡餅賞Ｃ３五,1400,ダ,左,稍重,晴,12,6,7,ヤマトカチドキ,牝,7,51.0,500,-1,神尾香,山田質,,5,1:35.5,42.1,11-10-8-7,10,500,-1
2026/01/04,川崎,5,鏡餅賞Ｃ３五,1400,ダ,左,稍重,晴,12,3,3,ガールズドリーム,牝,6,54.0,438,5,池谷匠,内田勝,,6,1:35.7,43.5,1-1-1-1,5,438,5
2026/01/04,川崎,5,鏡餅賞Ｃ３五,1400,ダ,左,稍重,晴,12,7,10,ハナサキポプラ,牝,6,54.0,445,-4,桑村真,高橋宏,,7,1:36.2,43.7,3-3-4-6,7,445,-4
2026/01/04,川崎,5,鏡餅賞Ｃ３五,1400,ダ,左,稍重,晴,12,6,8,アップタウンガール,牝,4,54.0,0,0,古岡勇,加藤誠,,8,1:36.3,43.3,5-7-7-9,8,0,0
2026/01/04,川崎,5,鏡餅賞Ｃ３五,1400,ダ,左,稍重,晴,12,8,11,ブルートルマリン,牝,7,54.0,500,-1,張田昂,久保勇,,9,1:36.5,43.1,9-11-11-11,4,500,-1
2026/01/04,川崎,5,鏡餅賞Ｃ３五,1400,ダ,左,稍重,晴,12,7,9,バーサズバラード,牝,6,54.0,442,-3,伊藤裕,平田正,,10,1:36.8,43.5,8-8-9-8,11,442,-3
2026/01/04,川崎,5,鏡餅賞Ｃ３五,1400,ダ,左,稍重,晴,12,2,2,ピアシスティーナ,牝,4,54.0,481,6,木間龍,甲田悟,,11,1:37.1,43.8,10-9-10-10,12,481,6
2026/01/04,川崎,5,鏡餅賞Ｃ３五,1400,ダ,左,稍重,晴,12,8,12,レジェンドネオ,牡,4,56.0,0,0,櫻井光,田邊陽,,,,,12-12-12-12,9,0,0
2026/01/04,川崎,6,招福特別３歳１,1500,ダ,左,稍重,晴,10,1,1,オリコウエルドラド,牡,3,56.0,463,-2,御神訓,安池成,,1,1:37.7,39.1,4-4-5-2,2,463,-2
2026/01/04,川崎,6,招福特別３歳１,1500,ダ,左,稍重,晴,10,2,2,ギフテッドクィーン,牝,3,54.0,476,-4,野畑凌,鈴木義,,2,1:38.1,39.8,1-1-1-1,1,476,-4
2026/01/04,川崎,6,招福特別３歳１,1500,ダ,左,稍重,晴,10,7,8,バルジェロ,牡,3,56.0,454,-4,町田直,山崎裕,,3,1:39.0,40.6,2-2-2-3,4,454,-4
2026/01/04,川崎,6,招福特別３歳１,1500,ダ,左,稍重,晴,10,4,4,ナイトスパイア,牡,3,56.0,444,-9,櫻井光,甲田悟,,4,1:39.1,40.0,7-7-6-4,5,444,-9
2026/01/04,川崎,6,招福特別３歳１,1500,ダ,左,稍重,晴,10,7,7,ブルムーンストーン,牡,3,56.0,476,-3,古岡勇,岩本洋,,5,1:39.2,39.8,10-10-8-6,9,476,-3
2026/01/04,川崎,6,招福特別３歳１,1500,ダ,左,稍重,晴,10,6,6,ビービーエリス,牡,3,56.0,440,1,桑村真,山崎尋,,6,1:39.3,40.7,3-3-3-5,3,440,1
2026/01/04,川崎,6,招福特別３歳１,1500,ダ,左,稍重,晴,10,3,3,アマビリティ,牝,3,51.0,455,-2,加藤雄,河津裕,,7,1:39.6,40.2,9-8-9-9,6,455,-2
2026/01/04,川崎,6,招福特別３歳１,1500,ダ,左,稍重,晴,10,5,5,マイボンド,牡,3,56.0,497,-4,山林信,平田正,,8,1:40.4,41.2,6-6-7-8,8,497,-4
2026/01/04,川崎,6,招福特別３歳１,1500,ダ,左,稍重,晴,10,8,10,アウェイクサード,牡,3,56.0,450,-2,伊藤裕,甲田悟,,9,1:40.4,41.6,5-5-4-7,7,450,-2
2026/01/04,川崎,6,招福特別３歳１,1500,ダ,左,稍重,晴,10,8,9,キャッチマイアイ,牝,3,54.0,404,-6,藤江渉,山田質,,10,1:42.0,42.4,7-8-10-10,10,404,-6
2026/01/04,川崎,7,南天賞Ｃ２一 二,1400,ダ,左,稍重,晴,14,3,3,ホースワン,牡,4,56.0,507,2,野畑凌,高月賢,,1,1:32.7,40.3,10-8-4-2,1,507,2
2026/01/04,川崎,7,南天賞Ｃ２一 二,1400,ダ,左,稍重,晴,14,4,5,フィリグラン,牝,4,54.0,418,-24,本田重,佐々仁,,2,1:32.9,40.5,8-7-7-6,6,418,-24
2026/01/04,川崎,7,南天賞Ｃ２一 二,1400,ダ,左,稍重,晴,14,8,13,クロイゼルング,セ,0,56.0,475,-3,岡村健,佐藤博,,3,1:33.1,40.4,9-9-10-7,12,475,-3
2026/01/04,川崎,7,南天賞Ｃ２一 二,1400,ダ,左,稍重,晴,14,5,8,カレンメラメーラ,牝,5,54.0,463,1,櫻井光,八木喜,,4,1:33.4,41.6,1-1-1-3,9,463,1
2026/01/04,川崎,7,南天賞Ｃ２一 二,1400,ダ,左,稍重,晴,14,6,9,セッカチドラゴン,牡,5,56.0,464,-2,町田直,平田正,,5,1:33.4,41.3,2-3-3-1,2,464,-2
2026/01/04,川崎,7,南天賞Ｃ２一 二,1400,ダ,左,稍重,晴,14,1,1,セイウンヒュージ,牡,9,56.0,487,-1,増田充,山田正,,6,1:33.6,41.5,5-4-5-5,11,487,-1
2026/01/04,川崎,7,南天賞Ｃ２一 二,1400,ダ,左,稍重,晴,14,7,11,スコメッサ,セ,0,53.0,458,3,加藤雄,山崎裕,,7,1:33.7,40.4,14-14-14-11,13,458,3
2026/01/04,川崎,7,南天賞Ｃ２一 二,1400,ダ,左,稍重,晴,14,4,6,エレレラナキラ,牡,4,56.0,453,2,張田昂,山田質,,8,1:33.7,41.8,2-2-2-4,4,453,2
2026/01/04,川崎,7,南天賞Ｃ２一 二,1400,ダ,左,稍重,晴,14,2,2,エポナメロディー,牝,4,54.0,430,-3,伊藤裕,武井和,,9,1:34.4,41.3,11-11-11-8,14,430,-3
2026/01/04,川崎,7,南天賞Ｃ２一 二,1400,ダ,左,稍重,晴,14,8,14,ニシノシャイニング,牡,6,56.0,456,-1,山林信,佐々清,,10,1:34.6,42.2,4-6-6-9,3,456,-1
2026/01/04,川崎,7,南天賞Ｃ２一 二,1400,ダ,左,稍重,晴,14,3,4,ラブマニック,牝,4,54.0,413,-4,菅原涼,佐々仁,,11,1:34.7,42.3,5-5-7-10,10,413,-4
2026/01/04,川崎,7,南天賞Ｃ２一 二,1400,ダ,左,稍重,晴,14,6,10,ゴールドシリカ,牝,4,54.0,455,0,岡村裕,久保秀,,12,1:34.9,42.2,12-12-9-11,5,455,0
2026/01/04,川崎,7,南天賞Ｃ２一 二,1400,ダ,左,稍重,晴,14,7,12,ウェットストーン,牝,4,54.0,434,-2,新原周,田邊陽,,13,1:35.3,42.0,13-13-12-13,8,434,-2
2026/01/04,川崎,7,南天賞Ｃ２一 二,1400,ダ,左,稍重,晴,14,5,7,メガバズーカランチ,牝,6,54.0,465,0,七夕裕,河津裕,,14,1:37.7,44.6,7-10-13-14,7,465,0
2026/01/04,川崎,8,熊手賞Ｃ２一 二,1400,ダ,左,稍重,晴,14,6,9,オルペラー,牡,4,56.0,488,-5,野畑凌,佐藤博,,1,1:32.4,41.1,2-2-2-2,2,488,-5
2026/01/04,川崎,8,熊手賞Ｃ２一 二,1400,ダ,左,稍重,晴,14,3,3,マッセダムール,牝,4,54.0,443,-2,新原周,林隆之,,2,1:32.6,41.3,4-3-3-3,1,443,-2
2026/01/04,川崎,8,熊手賞Ｃ２一 二,1400,ダ,左,稍重,晴,14,2,2,シスターネビュラ,牝,5,51.0,422,0,神尾香,山田質,,3,1:32.6,40.6,9-9-9-7,5,422,0
2026/01/04,川崎,8,熊手賞Ｃ２一 二,1400,ダ,左,稍重,晴,14,6,10,モコモコ,牝,4,53.0,437,-9,佐野遥,安池成,,4,1:32.6,40.8,6-7-7-5,4,437,-9
2026/01/04,川崎,8,熊手賞Ｃ２一 二,1400,ダ,左,稍重,晴,14,5,8,フィードウィン,セ,0,53.0,454,-5,加藤雄,山崎尋,,5,1:33.3,40.5,13-13-14-10,8,454,-5
2026/01/04,川崎,8,熊手賞Ｃ２一 二,1400,ダ,左,稍重,晴,14,8,14,フロネシス,牝,7,54.0,480,11,澤田龍,山下之,,6,1:33.5,41.8,4-5-4-4,6,480,11
2026/01/04,川崎,8,熊手賞Ｃ２一 二,1400,ダ,左,稍重,晴,14,5,7,ルゾフォニア,牝,4,54.0,395,1,藤江渉,武井和,,7,1:33.6,40.6,14-14-13-13,14,395,1
2026/01/04,川崎,8,熊手賞Ｃ２一 二,1400,ダ,左,稍重,晴,14,3,4,ピースフルゴールド,牝,4,54.0,481,2,御神訓,佐々仁,,8,1:34.5,44.2,1-1-1-1,3,481,2
2026/01/04,川崎,8,熊手賞Ｃ２一 二,1400,ダ,左,稍重,晴,14,4,5,バードハズフロウン,牝,8,54.0,421,-1,池谷匠,今井輝,,9,1:34.5,42.1,11-11-12-11,10,421,-1
2026/01/04,川崎,8,熊手賞Ｃ２一 二,1400,ダ,左,稍重,晴,14,7,11,アジアパテック,牡,4,56.0,502,-1,中越琉,岩本洋,,10,1:34.6,42.8,9-9-4-5,9,502,-1
2026/01/04,川崎,8,熊手賞Ｃ２一 二,1400,ダ,左,稍重,晴,14,1,1,ダズリングプレイス,牝,5,54.0,425,-6,伊藤裕,平田正,,11,1:35.3,43.5,6-5-7-9,7,425,-6
2026/01/04,川崎,8,熊手賞Ｃ２一 二,1400,ダ,左,稍重,晴,14,8,13,フォギーレーン,牝,4,54.0,389,-18,木間龍,田島寿,,12,1:35.6,43.2,12-12-9-11,12,389,-18
2026/01/04,川崎,8,熊手賞Ｃ２一 二,1400,ダ,左,稍重,晴,14,7,12,クレテイユ,牡,6,56.0,477,-2,岡村裕,八木仁,,13,1:35.9,43.7,6-8-9-14,11,477,-2
2026/01/04,川崎,8,熊手賞Ｃ２一 二,1400,ダ,左,稍重,晴,14,4,6,ポケットフルコイン,牝,4,54.0,438,-8,桑村真,茂木浩,,14,1:38.1,46.6,3-4-4-8,13,438,-8
2026/01/04,川崎,9,獅子舞賞Ｃ２選定馬,1600,ダ,左,稍重,晴,13,4,4,タケルサバイバル,牡,4,55.0,516,12,鷹見陸,内田勝,,1,1:46.5,40.8,1-1-1-1,1,516,12
2026/01/04,川崎,9,獅子舞賞Ｃ２選定馬,1600,ダ,左,稍重,晴,13,3,3,シトロンヴェール,牡,5,55.0,547,-12,佐野遥,武井和,,2,1:46.6,40.5,4-4-4-3,4,547,-12
2026/01/04,川崎,9,獅子舞賞Ｃ２選定馬,1600,ダ,左,稍重,晴,13,5,7,テンダリー,牡,4,56.0,508,-2,本田重,長友豊,,3,1:46.7,40.2,6-7-7-4,5,508,-2
2026/01/04,川崎,9,獅子舞賞Ｃ２選定馬,1600,ダ,左,稍重,晴,13,4,5,クロウソング,牝,4,54.0,464,4,櫻井光,平田正,,4,1:46.8,40.2,8-8-8-9,3,464,4
2026/01/04,川崎,9,獅子舞賞Ｃ２選定馬,1600,ダ,左,稍重,晴,13,7,11,ラウレア,牝,4,54.0,460,2,中越琉,佐藤博,,5,1:47.3,40.2,11-11-10-10,10,460,2
2026/01/04,川崎,9,獅子舞賞Ｃ２選定馬,1600,ダ,左,稍重,晴,13,8,13,ルージュメイベル,牝,6,54.0,439,-8,新原周,甲田悟,,6,1:47.4,40.1,13-13-12-10,12,439,-8
2026/01/04,川崎,9,獅子舞賞Ｃ２選定馬,1600,ダ,左,稍重,晴,13,1,1,プレジャー,牝,5,54.0,479,2,服部茂,今井輝,,7,1:47.7,40.3,12-12-13-12,9,479,2
2026/01/04,川崎,9,獅子舞賞Ｃ２選定馬,1600,ダ,左,稍重,晴,13,5,6,ハセノクラウン,牡,6,56.0,477,1,山口達,田中力,,8,1:47.7,41.1,10-10-5-6,6,477,1
2026/01/04,川崎,9,獅子舞賞Ｃ２選定馬,1600,ダ,左,稍重,晴,13,7,10,アイビージーニー,牡,4,56.0,498,-11,藤本現,山崎裕,,9,1:47.8,41.7,3-3-3-4,8,498,-11
2026/01/04,川崎,9,獅子舞賞Ｃ２選定馬,1600,ダ,左,稍重,晴,13,6,8,タイセイアダマス,牡,4,56.0,471,0,野畑凌,内田勝,,10,1:48.0,41.5,5-5-8-8,2,471,0
2026/01/04,川崎,9,獅子舞賞Ｃ２選定馬,1600,ダ,左,稍重,晴,13,8,12,バジガクミソラ,牡,4,56.0,496,-2,桑村真,今井輝,,11,1:48.0,41.5,6-6-6-6,7,496,-2
2026/01/04,川崎,9,獅子舞賞Ｃ２選定馬,1600,ダ,左,稍重,晴,13,6,9,ダッシングマン,牡,4,56.0,459,1,藤江渉,平田正,,12,1:48.0,42.2,2-2-2-2,11,459,1
2026/01/04,川崎,9,獅子舞賞Ｃ２選定馬,1600,ダ,左,稍重,晴,13,2,2,クロスダイヤ,牡,4,56.0,472,3,古岡勇,岩本洋,,13,1:51.1,44.3,8-9-10-13,13,472,3
2026/01/04,川崎,10,門松特別Ｂ３Ｃ１選定馬,900,ダ,左,稍重,晴,12,8,11,カンノンアーニモ,牡,5,55.0,453,-4,岡村健,河津裕,,1,0:55.4,37.7,3-2-2,1,453,-4
2026/01/04,川崎,10,門松特別Ｂ３Ｃ１選定馬,900,ダ,左,稍重,晴,12,1,1,ラベンダージェイド,牝,5,53.0,454,-2,櫻井光,平田正,,2,0:55.6,38.1,1-2-1,10,454,-2
2026/01/04,川崎,10,門松特別Ｂ３Ｃ１選定馬,900,ダ,左,稍重,晴,12,8,12,アイルプロテクト,牡,5,55.0,526,4,町田直,高月賢,,3,0:55.9,38.0,5-1-3,7,526,4
2026/01/04,川崎,10,門松特別Ｂ３Ｃ１選定馬,900,ダ,左,稍重,晴,12,6,8,ケイティキセキ,牡,5,55.0,500,9,池谷匠,高橋宏,,4,0:56.2,38.0,7-5-4,8,500,9
2026/01/04,川崎,10,門松特別Ｂ３Ｃ１選定馬,900,ダ,左,稍重,晴,12,3,3,モーモーブラック,牝,8,54.0,440,4,佐野遥,村田順,,5,0:56.6,38.9,2-4-5,2,440,4
2026/01/04,川崎,10,門松特別Ｂ３Ｃ１選定馬,900,ダ,左,稍重,晴,12,5,6,シルヴァーリップ,牝,5,53.0,434,-4,伊藤裕,林隆之,,6,0:56.6,38.6,3-6-7,5,434,-4
2026/01/04,川崎,10,門松特別Ｂ３Ｃ１選定馬,900,ダ,左,稍重,晴,12,7,9,コパノマロン,牝,4,55.0,451,1,新原周,山崎尋,,7,0:56.7,37.9,10-9-9,9,451,1
2026/01/04,川崎,10,門松特別Ｂ３Ｃ１選定馬,900,ダ,左,稍重,晴,12,5,5,パワポケウイング,牡,5,55.0,509,-2,古岡勇,山崎裕,,8,0:56.8,37.8,11-12-10,4,509,-2
2026/01/04,川崎,10,門松特別Ｂ３Ｃ１選定馬,900,ダ,左,稍重,晴,12,6,7,リコーターター,牝,4,53.0,471,-2,服部茂,久保秀,,9,0:56.8,38.0,8-9-10,11,471,-2
2026/01/04,川崎,10,門松特別Ｂ３Ｃ１選定馬,900,ダ,左,稍重,晴,12,2,2,サンナイアガラ,牝,4,52.0,494,-1,鷹見陸,鈴木義,,10,0:57.0,38.8,6-7-6,6,494,-1
2026/01/04,川崎,10,門松特別Ｂ３Ｃ１選定馬,900,ダ,左,稍重,晴,12,7,10,インプローヴィング,牝,6,55.0,479,5,増田充,佐々仁,,11,0:57.1,38.0,12-9-12,3,479,5
2026/01/04,川崎,10,門松特別Ｂ３Ｃ１選定馬,900,ダ,左,稍重,晴,12,4,4,ゴールドサイカ,牝,4,53.0,448,-2,中越琉,岩本洋,,12,0:57.1,38.5,9-8-8,12,448,-2
2026/01/04,川崎,11,大師特別Ｂ１Ｂ２一,1500,ダ,左,稍重,晴,14,3,4,イナダヒメ,牝,4,53.0,435,-2,町田直,繁田健,,1,1:36.0,39.5,2-2-3-2,3,435,-2
2026/01/04,川崎,11,大師特別Ｂ１Ｂ２一,1500,ダ,左,稍重,晴,14,1,1,ホッコーソムニウム,牡,6,54.0,495,5,佐野遥,山崎裕,,2,1:36.7,40.6,13-12-1-1,1,495,5
2026/01/04,川崎,11,大師特別Ｂ１Ｂ２一,1500,ダ,左,稍重,晴,14,8,13,ファルコンソード,牡,7,57.0,499,-1,櫻井光,田邊陽,,3,1:37.1,40.0,9-9-11-10,12,499,-1
2026/01/04,川崎,11,大師特別Ｂ１Ｂ２一,1500,ダ,左,稍重,晴,14,4,6,デアシュトゥルム,牡,6,55.0,479,-8,田中涼,鈴木義,,4,1:37.4,40.7,5-4-7-5,6,479,-8
2026/01/04,川崎,11,大師特別Ｂ１Ｂ２一,1500,ダ,左,稍重,晴,14,7,11,ツウカイリアル,牡,6,57.0,506,1,張田昂,佐藤太,,5,1:37.4,40.7,6-4-5-4,10,506,1
2026/01/04,川崎,11,大師特別Ｂ１Ｂ２一,1500,ダ,左,稍重,晴,14,2,2,メンタイマヨ,牡,7,57.0,503,2,新原周,林隆之,,6,1:37.5,40.6,7-7-8-7,2,503,2
2026/01/04,川崎,11,大師特別Ｂ１Ｂ２一,1500,ダ,左,稍重,晴,14,6,10,グレートフリオーソ,牡,6,55.0,478,1,藤本現,佐々功,,7,1:37.7,40.8,10-9-6-8,5,478,1
2026/01/04,川崎,11,大師特別Ｂ１Ｂ２一,1500,ダ,左,稍重,晴,14,3,3,モンゲーハガネ,牡,8,55.0,507,10,岡村健,鈴木義,,8,1:37.8,40.7,10-9-12-9,11,507,10
2026/01/04,川崎,11,大師特別Ｂ１Ｂ２一,1500,ダ,左,稍重,晴,14,7,12,ランドマックス,牡,5,57.0,517,7,小杉亮,矢野義,,9,1:37.8,40.9,4-6-4-6,7,517,7
2026/01/04,川崎,11,大師特別Ｂ１Ｂ２一,1500,ダ,左,稍重,晴,14,4,5,メジャーデビュー,牝,5,55.0,454,0,御神訓,橋本馬,,10,1:37.8,40.9,8-8-8-11,4,454,0
2026/01/04,川崎,11,大師特別Ｂ１Ｂ２一,1500,ダ,左,稍重,晴,14,6,9,ローズピリオド,牡,7,57.0,503,-2,野畑凌,新井清,,11,1:37.8,40.4,13-14-13-13,8,503,-2
2026/01/04,川崎,11,大師特別Ｂ１Ｂ２一,1500,ダ,左,稍重,晴,14,5,7,マインドユアミモザ,牝,6,55.0,471,3,本田重,河津裕,,12,1:38.5,41.0,12-13-14-12,9,471,3
2026/01/04,川崎,11,大師特別Ｂ１Ｂ２一,1500,ダ,左,稍重,晴,14,8,14,リヴェルベロ,牝,4,55.0,482,-11,木間龍,矢野義,,13,1:39.4,43.2,1-1-2-3,14,482,-11
2026/01/04,川崎,11,大師特別Ｂ１Ｂ２一,1500,ダ,左,稍重,晴,14,5,8,キットサクラサク,セ,0,54.0,476,-4,鷹見陸,田邊陽,,14,1:41.6,44.7,2-3-10-14,13,476,-4
2026/01/04,川崎,12,千両賞Ｃ１選定馬,1500,ダ,左,稍重,晴,14,6,9,ファリードゥーン,牡,4,56.0,526,-4,町田直,鈴木義,,1,1:36.8,38.8,3-3-1-2,1,526,-4
2026/01/04,川崎,12,千両賞Ｃ１選定馬,1500,ダ,左,稍重,晴,14,6,10,ヴィルミーキスミー,牝,4,54.0,461,-13,桑村真,古澤悟,,2,1:37.2,39.6,1-1-1-1,5,461,-13
2026/01/04,川崎,12,千両賞Ｃ１選定馬,1500,ダ,左,稍重,晴,14,5,7,ライヴペッパー,牡,6,56.0,457,-4,藤本現,山崎裕,,3,1:37.7,39.3,8-6-6-5,10,457,-4
2026/01/04,川崎,12,千両賞Ｃ１選定馬,1500,ダ,左,稍重,晴,14,7,11,ヴィヴィッドムーン,牝,4,54.0,497,-3,野畑凌,高月賢,,4,1:38.0,40.2,2-2-1-3,2,497,-3
2026/01/04,川崎,12,千両賞Ｃ１選定馬,1500,ダ,左,稍重,晴,14,7,12,モジモジ,牡,4,56.0,440,-2,古岡勇,安池成,,5,1:38.3,39.5,9-9-9-7,13,440,-2
2026/01/04,川崎,12,千両賞Ｃ１選定馬,1500,ダ,左,稍重,晴,14,5,8,ツカサレヴズ,牡,6,56.0,495,10,張田昂,高月賢,,6,1:38.4,39.9,6-5-7-6,3,495,10
2026/01/04,川崎,12,千両賞Ｃ１選定馬,1500,ダ,左,稍重,晴,14,3,4,クレバス,牝,4,53.0,493,0,佐野遥,久保秀,,7,1:38.5,40.3,4-3-4-4,6,493,0
2026/01/04,川崎,12,千両賞Ｃ１選定馬,1500,ダ,左,稍重,晴,14,4,5,クリスタルアロー,牡,4,53.0,531,1,加藤雄,山崎尋,,8,1:38.9,38.9,13-13-10-9,9,531,1
2026/01/04,川崎,12,千両賞Ｃ１選定馬,1500,ダ,左,稍重,晴,14,3,3,ブレーヴジャーニー,セ,0,56.0,442,1,岡村健,佐藤博,,9,1:39.0,38.6,14-14-13-13,7,442,1
2026/01/04,川崎,12,千両賞Ｃ１選定馬,1500,ダ,左,稍重,晴,14,8,14,マイアミ,牡,8,56.0,482,2,本田重,高月賢,,10,1:39.3,40.9,5-6-5-7,4,482,2
2026/01/04,川崎,12,千両賞Ｃ１選定馬,1500,ダ,左,稍重,晴,14,4,6,スナオナキモチ,牝,6,51.0,433,1,神尾香,山田質,,11,1:39.3,39.3,11-11-11-12,8,433,1
2026/01/04,川崎,12,千両賞Ｃ１選定馬,1500,ダ,左,稍重,晴,14,1,1,シングアウト,牡,4,56.0,465,11,新原周,茂木浩,,12,1:39.5,39.5,10-10-12-11,11,465,11
2026/01/04,川崎,12,千両賞Ｃ１選定馬,1500,ダ,左,稍重,晴,14,2,2,ミスケイト,牝,4,54.0,477,-2,服部茂,山崎尋,,13,1:40.3,39.9,12-12-14-14,14,477,-2
2026/01/04,川崎,12,千両賞Ｃ１選定馬,1500,ダ,左,稍重,晴,14,8,13,アオイラン,牝,5,54.0,483,3,櫻井光,新井健,,14,1:40.7,42.1,7-6-8-9,12,483,3
2026/02/02,川崎,1,クリフハンガー賞Ｃ３ ４歳選定馬,1400,ダ,左,良,晴,8,5,5,フリューゲルルル,牡,4,56.0,541,0,町田直,田島寿,39.2,1,1:33.7,41.0,5-5-5-5,6,541,0
2026/02/02,川崎,1,クリフハンガー賞Ｃ３ ４歳選定馬,1400,ダ,左,良,晴,8,1,1,ファイアーワークス,牡,4,56.0,595,0,池谷匠,林隆之,2.6,2,1:34.1,41.7,4-3-3-3,2,595,0
2026/02/02,川崎,1,クリフハンガー賞Ｃ３ ４歳選定馬,1400,ダ,左,良,晴,8,6,6,トンヤイビーン,牡,4,56.0,529,36,野畑凌,田邊陽,4.5,3,1:34.2,42.1,1-2-2-2,3,529,36
2026/02/02,川崎,1,クリフハンガー賞Ｃ３ ４歳選定馬,1400,ダ,左,良,晴,8,8,8,ポルタフェリーチェ,牝,4,54.0,460,12,山林信,平田正,53.5,4,1:34.5,41.4,8-8-5-6,7,460,12
2026/02/02,川崎,1,クリフハンガー賞Ｃ３ ４歳選定馬,1400,ダ,左,良,晴,8,4,4,ジンガブリッツ,牡,4,56.0,448,2,張田昂,茂木浩,1.9,5,1:34.5,42.8,2-1-1-1,1,448,2
2026/02/02,川崎,1,クリフハンガー賞Ｃ３ ４歳選定馬,1400,ダ,左,良,晴,8,2,2,ナリノドリーム,牝,4,54.0,479,9,中越琉,内田勝,22.7,6,1:35.1,42.4,7-6-3-4,5,479,9
2026/02/02,川崎,1,クリフハンガー賞Ｃ３ ４歳選定馬,1400,ダ,左,良,晴,8,3,3,ベーラパルフェ,牡,4,56.0,495,-8,岡村裕,八木喜,185.5,7,1:35.2,42.3,6-6-8-7,8,495,-8
2026/02/02,川崎,1,クリフハンガー賞Ｃ３ ４歳選定馬,1400,ダ,左,良,晴,8,7,7,ヤンキージャック,牝,4,54.0,400,3,服部茂,武井和,19.1,8,1:36.2,43.5,3-4-7-8,4,400,3
2026/02/02,川崎,2,３歳８,1400,ダ,左,良,晴,9,3,3,カナールゲイル,牡,3,56.0,0,0,町田直,佐々仁,2.1,1,1:34.7,38.8,3-4-2-2,1,0,0
2026/02/02,川崎,2,３歳８,1400,ダ,左,良,晴,9,5,5,ワイルドスマッシュ,牡,3,56.0,0,0,矢野貴,山崎尋,2.5,2,1:35.1,39.4,2-2-1-1,2,0,0
2026/02/02,川崎,2,３歳８,1400,ダ,左,良,晴,9,1,1,カツノアーサー,牡,3,56.0,444,0,西啓太,加藤誠,19.2,3,1:35.5,39.5,5-3-4-3,4,444,0
2026/02/02,川崎,2,３歳８,1400,ダ,左,良,晴,9,6,6,トロピカルブリーズ,牝,3,54.0,0,0,増田充,高月賢,6.4,4,1:35.8,39.4,8-7-6-5,3,0,0
2026/02/02,川崎,2,３歳８,1400,ダ,左,良,晴,9,8,9,イチゴプリン,牝,3,54.0,428,-5,服部茂,安池成,24.4,5,1:36.8,39.9,4-8-7-8,6,428,-5
2026/02/02,川崎,2,３歳８,1400,ダ,左,良,晴,9,8,8,アクロバティック,牡,3,55.0,458,1,佐野遥,加藤誠,20.6,6,1:37.0,40.3,7-6-7-7,5,458,1
2026/02/02,川崎,2,３歳８,1400,ダ,左,良,晴,9,4,4,ワイズブレイズ,牡,3,56.0,0,0,古岡勇,今井輝,25.5,7,1:37.1,40.7,6-5-5-6,8,0,0
2026/02/02,川崎,2,３歳８,1400,ダ,左,良,晴,9,2,2,セッテベロ,牝,3,51.0,470,-3,加藤雄,山崎裕,24.6,8,1:38.5,42.9,1-1-2-4,7,470,-3
2026/02/02,川崎,2,３歳８,1400,ダ,左,良,晴,9,7,7,マチダノチエコ,牝,3,51.0,468,4,神尾香,山田質,119.6,9,1:38.6,41.5,9-9-9-9,9,468,4
2026/02/02,川崎,3,カピバラ賞Ｃ３選定馬,900,ダ,左,良,晴,12,3,3,ボイド,牡,6,54.0,501,14,中山遥,久保秀,2.9,1,0:55.7,38.1,1-1-1,2,501,14
2026/02/02,川崎,3,カピバラ賞Ｃ３選定馬,900,ダ,左,良,晴,12,1,1,タノシサ,牝,5,54.0,480,-2,桑村真,林隆之,2.7,2,0:56.2,38.1,4-5-3,1,480,-2
2026/02/02,川崎,3,カピバラ賞Ｃ３選定馬,900,ダ,左,良,晴,12,6,7,ナリノビスケッツ,牝,6,54.0,480,-2,池谷匠,内田勝,5.7,3,0:56.5,38.7,2-2-2,3,480,-2
2026/02/02,川崎,3,カピバラ賞Ｃ３選定馬,900,ダ,左,良,晴,12,7,10,ロワン,牝,4,54.0,418,-2,櫻井光,八木仁,25.2,4,0:56.8,38.5,5-6-7,7,418,-2
2026/02/02,川崎,3,カピバラ賞Ｃ３選定馬,900,ダ,左,良,晴,12,7,9,マイカグラ,牝,6,54.0,421,0,服部茂,武井和,11.0,5,0:57.0,38.6,6-7-6,5,421,0
2026/02/02,川崎,3,カピバラ賞Ｃ３選定馬,900,ダ,左,良,晴,12,4,4,カラウヌ,牝,7,54.0,472,-2,中越琉,佐藤博,9.1,6,0:57.1,39.0,3-3-4,4,472,-2
2026/02/02,川崎,3,カピバラ賞Ｃ３選定馬,900,ダ,左,良,晴,12,8,11,マジカルキャンディ,牝,4,54.0,432,-3,木間龍,新井健,11.3,7,0:57.3,39.0,8-4-5,6,432,-3
2026/02/02,川崎,3,カピバラ賞Ｃ３選定馬,900,ダ,左,良,晴,12,8,12,スパークルジェム,牝,4,54.0,493,-3,達城龍,新井健,211.1,8,0:57.8,38.9,10-10-10,12,493,-3
2026/02/02,川崎,3,カピバラ賞Ｃ３選定馬,900,ダ,左,良,晴,12,5,6,ミカエンブレイス,牝,4,54.0,443,2,古岡勇,田邊陽,105.3,9,0:58.0,39.3,11-8-8,10,443,2
2026/02/02,川崎,3,カピバラ賞Ｃ３選定馬,900,ダ,左,良,晴,12,5,5,コルティリオ,セ,0,56.0,453,7,増田充,山崎裕,57.3,10,0:58.0,39.3,6-9-9,8,453,7
2026/02/02,川崎,3,カピバラ賞Ｃ３選定馬,900,ダ,左,良,晴,12,6,8,ブルーレンジャー,牝,5,54.0,457,4,山林信,河津裕,153.8,11,0:58.0,38.7,12-12-12,11,457,4
2026/02/02,川崎,3,カピバラ賞Ｃ３選定馬,900,ダ,左,良,晴,12,2,2,ジャスティラック,牡,4,53.0,455,-2,加藤雄,長友豊,104.2,12,0:58.4,39.5,9-11-11,9,455,-2
2026/02/02,川崎,4,３歳７,1400,ダ,左,良,晴,9,7,7,サムバローズ,牡,3,56.0,496,8,町田直,酒井忍,3.9,1,1:34.1,40.0,1-1-1-1,3,496,8
2026/02/02,川崎,4,３歳７,1400,ダ,左,良,晴,9,1,1,ミラクルガイ,牡,3,56.0,467,-7,石川倭,林隆之,3.3,2,1:34.5,38.9,7-8-8-7,2,467,-7
2026/02/02,川崎,4,３歳７,1400,ダ,左,良,晴,9,3,3,テルケンユミミヅキ,牝,3,54.0,437,3,中越琉,佐藤博,17.8,3,1:34.7,39.9,5-5-5-6,5,437,3
2026/02/02,川崎,4,３歳７,1400,ダ,左,良,晴,9,2,2,テンザンパパ,牡,3,56.0,432,0,野畑凌,内田勝,46.6,4,1:34.9,40.2,4-4-4-3,8,432,0
2026/02/02,川崎,4,３歳７,1400,ダ,左,良,晴,9,8,8,ベストリュイール,牝,3,53.0,418,-12,佐野遥,田邊陽,8.9,5,1:34.9,40.4,3-3-3-2,4,418,-12
2026/02/02,川崎,4,３歳７,1400,ダ,左,良,晴,9,8,9,カムトゥゲザー,牝,3,54.0,468,2,桑村真,内田勝,20.6,6,1:35.3,41.0,2-2-2-4,6,468,2
2026/02/02,川崎,4,３歳７,1400,ダ,左,良,晴,9,4,4,パワーラクーン,牝,3,54.0,482,-8,新原周,茂木浩,2.4,7,1:35.4,40.4,6-6-6-5,1,482,-8
2026/02/02,川崎,4,３歳７,1400,ダ,左,良,晴,9,6,6,アファーマティヴ,牡,3,53.0,468,4,加藤雄,河津裕,50.8,8,1:35.8,40.5,8-7-7-8,9,468,4
2026/02/02,川崎,4,３歳７,1400,ダ,左,良,晴,9,5,5,パンツオンリー,牝,3,54.0,431,0,藤江渉,山田質,32.1,9,1:35.9,39.7,9-9-9-9,7,431,0
2026/02/02,川崎,5,迦陵頻伽賞３歳未確選定牝馬１１００Ｐ未,1500,ダ,左,良,晴,9,6,6,ミラコロピリナ,牝,3,54.0,473,-1,西啓太,小澤宏,5.6,1,1:39.2,40.4,1-2-1-2,3,473,-1
2026/02/02,川崎,5,迦陵頻伽賞３歳未確選定牝馬１１００Ｐ未,1500,ダ,左,良,晴,9,4,4,ルトネール,牝,3,55.0,451,-5,本田重,佐藤博,5.9,2,1:39.4,40.0,5-5-7-4,4,451,-5
2026/02/02,川崎,5,迦陵頻伽賞３歳未確選定牝馬１１００Ｐ未,1500,ダ,左,良,晴,9,1,1,ボートレーサー,牝,3,54.0,460,-7,桑村真,小久智,3.9,3,1:39.5,40.4,3-3-3-3,2,460,-7
2026/02/02,川崎,5,迦陵頻伽賞３歳未確選定牝馬１１００Ｐ未,1500,ダ,左,良,晴,9,3,3,アマビリティ,牝,3,54.0,460,5,伊藤裕,河津裕,32.4,4,1:40.4,40.5,8-8-8-5,6,460,5
2026/02/02,川崎,5,迦陵頻伽賞３歳未確選定牝馬１１００Ｐ未,1500,ダ,左,良,晴,9,8,8,スプリンガフォート,牝,3,55.0,473,-2,笹川翼,佐々仁,2.1,5,1:40.4,41.7,1-1-1-1,1,473,-2
2026/02/02,川崎,5,迦陵頻伽賞３歳未確選定牝馬１１００Ｐ未,1500,ダ,左,良,晴,9,8,9,マロンデプティ,牝,3,54.0,454,0,櫻井光,酒井忍,36.6,6,1:40.5,41.4,4-4-4-5,8,454,0
2026/02/02,川崎,5,迦陵頻伽賞３歳未確選定牝馬１１００Ｐ未,1500,ダ,左,良,晴,9,2,2,ハマノヒカリ,牝,3,54.0,455,4,増田充,加藤誠,15.8,7,1:40.8,41.3,7-6-6-7,5,455,4
2026/02/02,川崎,5,迦陵頻伽賞３歳未確選定牝馬１１００Ｐ未,1500,ダ,左,良,晴,9,5,5,ジーカンピオーネ,牝,3,54.0,408,-4,中越琉,鈴木義,45.3,8,1:41.3,41.7,6-7-5-8,9,408,-4
2026/02/02,川崎,5,迦陵頻伽賞３歳未確選定牝馬１１００Ｐ未,1500,ダ,左,良,晴,9,7,7,ボレロライズ,牝,3,54.0,459,-2,藤江渉,平田正,32.7,,,,,7,459,-2
2026/02/02,川崎,6,Ｃ２一,1400,ダ,左,良,晴,13,5,6,ベルエアキング,牡,4,56.0,489,23,御神訓,酒井忍,2.8,1,1:32.4,40.8,1-1-1-1,1,489,23
2026/02/02,川崎,6,Ｃ２一,1400,ダ,左,良,晴,13,2,2,ブラッドライン,牡,7,55.0,480,-8,佐野遥,田島寿,9.0,2,1:32.9,40.3,7-5-8-5,5,480,-8
2026/02/02,川崎,6,Ｃ２一,1400,ダ,左,良,晴,13,6,8,クレテイユ,牡,6,56.0,482,5,本田紀,八木仁,185.9,3,1:32.9,39.6,12-12-12-9,11,482,5
2026/02/02,川崎,6,Ｃ２一,1400,ダ,左,良,晴,13,1,1,アイズミサクラ,牝,4,54.0,457,3,矢野貴,高月賢,5.4,4,1:33.0,40.8,4-4-4-4,3,457,3
2026/02/02,川崎,6,Ｃ２一,1400,ダ,左,良,晴,13,8,12,フクシマジンロッソ,牡,4,56.0,462,-1,笹川翼,高月賢,2.9,5,1:33.0,41.0,3-3-3-2,2,462,-1
2026/02/02,川崎,6,Ｃ２一,1400,ダ,左,良,晴,13,4,5,フィードウィン,セ,0,56.0,458,5,石川倭,山崎尋,13.3,6,1:33.3,40.4,9-10-11-7,6,458,5
2026/02/02,川崎,6,Ｃ２一,1400,ダ,左,良,晴,13,8,13,ディープオーキッド,牡,4,56.0,469,1,吉留孝,薮口一,326.8,7,1:33.7,41.1,8-7-6-7,13,469,1
2026/02/02,川崎,6,Ｃ２一,1400,ダ,左,良,晴,13,3,3,シスターネビュラ,牝,5,51.0,425,3,神尾香,山田質,7.4,8,1:33.9,41.5,5-6-5-6,4,425,3
2026/02/02,川崎,6,Ｃ２一,1400,ダ,左,良,晴,13,6,9,ブリリアントスピカ,牝,5,54.0,484,-5,池谷匠,古澤悟,81.3,9,1:33.9,42.1,2-2-2-2,8,484,-5
2026/02/02,川崎,6,Ｃ２一,1400,ダ,左,良,晴,13,5,7,ツガノローマン,牝,4,54.0,448,5,菅原涼,長谷忍,151.9,10,1:34.8,41.9,5-8-10-12,10,448,5
2026/02/02,川崎,6,Ｃ２一,1400,ダ,左,良,晴,13,4,4,アジアパテック,牡,4,56.0,499,-1,中越琉,岩本洋,145.4,11,1:34.8,41.7,11-11-8-11,9,499,-1
2026/02/02,川崎,6,Ｃ２一,1400,ダ,左,良,晴,13,7,11,ゴールドシリカ,牝,4,54.0,453,-2,岡村裕,久保秀,188.1,12,1:34.9,42.0,9-8-6-10,12,453,-2
2026/02/02,川崎,6,Ｃ２一,1400,ダ,左,良,晴,13,7,10,ウロボロス,牡,5,53.0,439,-19,加藤雄,山崎尋,80.5,13,1:36.2,42.3,13-13-13-13,7,439,-19
2026/02/02,川崎,7,初雷賞Ｃ２選定馬,900,ダ,左,良,晴,12,7,10,モズアンドモズ,牝,4,54.0,467,6,野畑凌,秋山直,1.2,1,0:55.6,38.1,1-1-1,1,467,6
2026/02/02,川崎,7,初雷賞Ｃ２選定馬,900,ダ,左,良,晴,12,1,1,サンファウンテン,牡,5,56.0,490,-1,西村栄,石井勝,134.9,2,0:56.3,38.6,4-5-3,9,490,-1
2026/02/02,川崎,7,初雷賞Ｃ２選定馬,900,ダ,左,良,晴,12,5,5,クォンタイズ,牝,4,54.0,479,11,藤江渉,山田質,6.1,3,0:56.4,38.7,3-4-4,2,479,11
2026/02/02,川崎,7,初雷賞Ｃ２選定馬,900,ダ,左,良,晴,12,3,3,ルージュルージュ,牝,5,52.0,464,-9,中山遥,長谷忍,22.8,4,0:56.5,39.0,2-2-1,5,464,-9
2026/02/02,川崎,7,初雷賞Ｃ２選定馬,900,ダ,左,良,晴,12,8,11,クリノノヴァエ,牡,4,56.0,497,-3,池谷匠,山崎裕,161.8,5,0:56.7,38.2,10-8-7,11,497,-3
2026/02/02,川崎,7,初雷賞Ｃ２選定馬,900,ダ,左,良,晴,12,6,7,レターフロムパリ,牝,5,54.0,461,2,櫻井光,新井健,100.6,6,0:56.7,38.6,5-7-5,8,461,2
2026/02/02,川崎,7,初雷賞Ｃ２選定馬,900,ダ,左,良,晴,12,4,4,ヒメカグラ,牝,6,54.0,467,1,伊藤裕,久保秀,30.9,7,0:56.8,38.0,11-11-10,7,467,1
2026/02/02,川崎,7,初雷賞Ｃ２選定馬,900,ダ,左,良,晴,12,2,2,キタノブルーアレツ,牝,7,54.0,463,4,古岡勇,古澤悟,11.9,8,0:57.0,38.7,9-9-7,3,463,4
2026/02/02,川崎,7,初雷賞Ｃ２選定馬,900,ダ,左,良,晴,12,7,9,ジェンダアネモス,牝,4,54.0,440,-5,新原周,野口寛,15.5,9,0:57.6,39.7,7-3-6,4,440,-5
2026/02/02,川崎,7,初雷賞Ｃ２選定馬,900,ダ,左,良,晴,12,6,8,カルストンオリビア,牝,4,51.0,408,2,加藤雄,八木喜,24.7,10,0:57.7,39.6,7-6-9,6,408,2
2026/02/02,川崎,7,初雷賞Ｃ２選定馬,900,ダ,左,良,晴,12,5,6,リバーフロント,牝,4,54.0,427,-5,菅原涼,藤原智,157.6,11,0:57.9,39.4,6-10-11,10,427,-5
2026/02/02,川崎,7,初雷賞Ｃ２選定馬,900,ダ,左,良,晴,12,8,12,ハッカキャンディー,セ,0,56.0,0,0,岡村健,河津裕,,,,,,,0,0
2026/02/02,川崎,8,モナコ賞Ｃ２選定馬,1500,ダ,左,良,晴,14,3,4,ホースワン,牡,4,56.0,505,-2,野畑凌,高月賢,3.2,1,1:38.9,39.6,13-11-12-8,2,505,-2
2026/02/02,川崎,8,モナコ賞Ｃ２選定馬,1500,ダ,左,良,晴,14,7,12,オンサイト,牡,4,56.0,477,-3,張田昂,平山真,2.1,2,1:39.4,40.6,10-10-5-4,1,477,-3
2026/02/02,川崎,8,モナコ賞Ｃ２選定馬,1500,ダ,左,良,晴,14,2,2,フライングロッド,牡,5,56.0,473,4,西啓太,高橋宏,39.6,3,1:39.8,41.0,7-7-8-7,5,473,4
2026/02/02,川崎,8,モナコ賞Ｃ２選定馬,1500,ダ,左,良,晴,14,5,8,パーティーモード,牡,8,55.0,476,5,佐野遥,甲田悟,54.5,4,1:40.0,41.4,5-5-6-6,7,476,5
2026/02/02,川崎,8,モナコ賞Ｃ２選定馬,1500,ダ,左,良,晴,14,1,1,マッセダムール,牝,4,54.0,441,-2,新原周,林隆之,5.4,5,1:40.2,41.7,4-4-4-4,3,441,-2
2026/02/02,川崎,8,モナコ賞Ｃ２選定馬,1500,ダ,左,良,晴,14,8,14,スコメッサ,セ,0,53.0,457,-1,加藤雄,山崎裕,252.6,6,1:40.3,41.3,9-9-9-9,13,457,-1
2026/02/02,川崎,8,モナコ賞Ｃ２選定馬,1500,ダ,左,良,晴,14,4,5,バジガクミソラ,牡,4,56.0,499,3,古岡勇,今井輝,80.4,7,1:40.5,41.5,8-8-10-10,8,499,3
2026/02/02,川崎,8,モナコ賞Ｃ２選定馬,1500,ダ,左,良,晴,14,6,10,ユウオウマイシン,牡,4,56.0,470,-8,半澤慶,入口由,45.4,8,1:40.6,41.3,12-12-11-12,6,470,-8
2026/02/02,川崎,8,モナコ賞Ｃ２選定馬,1500,ダ,左,良,晴,14,7,11,オリエンタルマック,牡,4,56.0,480,2,岡村健,酒井一,205.1,9,1:41.0,42.2,6-6-7-11,11,480,2
2026/02/02,川崎,8,モナコ賞Ｃ２選定馬,1500,ダ,左,良,晴,14,6,9,カナアミデスマッチ,牝,5,54.0,416,-3,服部茂,佐々功,219.1,10,1:41.0,41.5,11-12-14-14,12,416,-3
2026/02/02,川崎,8,モナコ賞Ｃ２選定馬,1500,ダ,左,良,晴,14,5,7,ツガノムサシ,牡,4,56.0,457,-1,菅原涼,長谷忍,129.4,11,1:41.1,42.6,3-3-3-1,9,457,-1
2026/02/02,川崎,8,モナコ賞Ｃ２選定馬,1500,ダ,左,良,晴,14,8,13,リュウノバデン,牡,5,56.0,468,-5,櫻井光,山崎尋,523.8,12,1:41.2,41.7,14-14-13-13,14,468,-5
2026/02/02,川崎,8,モナコ賞Ｃ２選定馬,1500,ダ,左,良,晴,14,4,6,マオノボルケーノ,牝,5,54.0,467,3,町田直,平田正,5.4,13,1:41.8,43.4,2-2-2-1,4,467,3
2026/02/02,川崎,8,モナコ賞Ｃ２選定馬,1500,ダ,左,良,晴,14,3,3,ヴォルヴァ,牝,4,54.0,423,2,達城龍,水上直,188.0,14,1:42.6,44.4,1-1-1-1,10,423,2
2026/02/02,川崎,9,ヴィクトリア賞Ｃ１選定馬,2000,ダ,左,良,晴,12,4,4,ミスサラワク,牝,5,53.0,528,-4,佐野遥,鈴木義,34.9,1,2:16.4,39.5,9-9-10-8,9,528,-4
2026/02/02,川崎,9,ヴィクトリア賞Ｃ１選定馬,2000,ダ,左,良,晴,12,5,5,フィフティズ,牡,5,56.0,527,-7,矢野貴,稲益貴,2.6,2,2:16.5,40.4,6-5-3-3,2,527,-7
2026/02/02,川崎,9,ヴィクトリア賞Ｃ１選定馬,2000,ダ,左,良,晴,12,2,2,セラード,牝,4,54.0,446,5,町田直,甲田悟,25.4,3,2:16.7,40.3,10-10-6-5,7,446,5
2026/02/02,川崎,9,ヴィクトリア賞Ｃ１選定馬,2000,ダ,左,良,晴,12,1,1,ミヤギエンペラー,牡,4,56.0,466,-3,笹川翼,高月賢,7.2,4,2:16.7,40.5,4-4-5-3,3,466,-3
2026/02/02,川崎,9,ヴィクトリア賞Ｃ１選定馬,2000,ダ,左,良,晴,12,8,12,タケルサバイバル,牡,4,56.0,515,-1,桑村真,内田勝,2.3,5,2:16.9,41.1,3-3-1-1,1,515,-1
2026/02/02,川崎,9,ヴィクトリア賞Ｃ１選定馬,2000,ダ,左,良,晴,12,6,8,ウインメラナイト,牡,5,56.0,521,9,古岡勇,古澤悟,12.1,6,2:17.4,40.9,8-8-9-10,4,521,9
2026/02/02,川崎,9,ヴィクトリア賞Ｃ１選定馬,2000,ダ,左,良,晴,12,6,7,ポテンザ,牡,6,56.0,516,7,野畑凌,佐藤博,27.6,7,2:18.0,41.6,7-7-8-7,8,516,7
2026/02/02,川崎,9,ヴィクトリア賞Ｃ１選定馬,2000,ダ,左,良,晴,12,7,10,イチカノユメ,牝,4,54.0,467,-3,西啓太,水野貴,15.7,8,2:18.3,42.5,2-2-2-1,5,467,-3
2026/02/02,川崎,9,ヴィクトリア賞Ｃ１選定馬,2000,ダ,左,良,晴,12,3,3,ミスケイト,牝,4,54.0,467,4,櫻井光,山崎尋,126.2,9,2:18.4,41.0,12-12-11-11,10,467,4
2026/02/02,川崎,9,ヴィクトリア賞Ｃ１選定馬,2000,ダ,左,良,晴,12,8,11,ツガノショウグン,牡,5,55.0,501,-2,及川烈,長谷忍,142.1,10,2:19.1,43.2,1-1-6-6,11,501,-2
2026/02/02,川崎,9,ヴィクトリア賞Ｃ１選定馬,2000,ダ,左,良,晴,12,7,9,ユイノオールイン,牡,4,56.0,497,0,藤江渉,武井和,223.1,11,2:19.3,42.0,11-11-11-12,12,497,0
2026/02/02,川崎,9,ヴィクトリア賞Ｃ１選定馬,2000,ダ,左,良,晴,12,5,6,リリーバローズ,牝,6,54.0,466,4,池谷匠,村田順,20.0,12,2:19.8,43.6,5-6-3-8,6,466,4
2026/02/02,川崎,10,富士山賞Ｃ１選定馬,1600,ダ,左,良,晴,14,8,13,ファリードゥーン,牡,4,56.0,524,-2,町田直,鈴木義,1.2,1,1:44.7,40.3,3-3-2-2,1,524,-2
2026/02/02,川崎,10,富士山賞Ｃ１選定馬,1600,ダ,左,良,晴,14,5,7,ゴールデンカガヤ,牡,6,56.0,437,0,藤江渉,岩本洋,109.8,2,1:45.6,40.3,9-8-7-5,10,437,0
2026/02/02,川崎,10,富士山賞Ｃ１選定馬,1600,ダ,左,良,晴,14,2,2,サドル,牡,7,56.0,506,0,笹川翼,平田正,6.3,3,1:45.7,41.9,1-1-1-1,2,506,0
2026/02/02,川崎,10,富士山賞Ｃ１選定馬,1600,ダ,左,良,晴,14,7,11,ニキ,牡,5,56.0,504,-7,新原周,野口寛,96.4,4,1:46.0,41.6,4-4-3-3,9,504,-7
2026/02/02,川崎,10,富士山賞Ｃ１選定馬,1600,ダ,左,良,晴,14,1,1,レッドロムルス,牡,8,56.0,462,2,石川倭,新井清,39.4,5,1:46.2,40.4,10-10-10-7,6,462,2
2026/02/02,川崎,10,富士山賞Ｃ１選定馬,1600,ダ,左,良,晴,14,3,4,モジモジ,牡,4,56.0,434,-6,古岡勇,安池成,54.5,6,1:46.6,41.6,6-6-6-4,8,434,-6
2026/02/02,川崎,10,富士山賞Ｃ１選定馬,1600,ダ,左,良,晴,14,6,9,エーオ,牡,4,56.0,442,-2,臼井健,岩崎真,49.0,7,1:46.7,40.5,12-12-12-11,7,442,-2
2026/02/02,川崎,10,富士山賞Ｃ１選定馬,1600,ダ,左,良,晴,14,4,6,ジーグフェルド,牡,4,56.0,543,0,岡村健,秋山直,269.5,8,1:46.8,40.4,12-13-13-12,13,543,0
2026/02/02,川崎,10,富士山賞Ｃ１選定馬,1600,ダ,左,良,晴,14,6,10,ディープグラビティ,セ,0,56.0,449,1,服部茂,長友豊,255.3,9,1:46.9,41.3,8-9-9-9,12,449,1
2026/02/02,川崎,10,富士山賞Ｃ１選定馬,1600,ダ,左,良,晴,14,5,8,アイリーズパキラ,牡,4,56.0,477,-1,桑村真,内田勝,32.1,10,1:46.9,40.8,11-11-11-10,4,477,-1
2026/02/02,川崎,10,富士山賞Ｃ１選定馬,1600,ダ,左,良,晴,14,7,12,チャールストン,セ,0,56.0,503,5,安藤洋,田邊陽,36.2,11,1:47.5,42.7,5-5-5-6,5,503,5
2026/02/02,川崎,10,富士山賞Ｃ１選定馬,1600,ダ,左,良,晴,14,8,14,アニモ,牝,5,54.0,424,-4,櫻井光,川島豊,609.6,12,1:48.2,41.0,14-14-14-14,14,424,-4
2026/02/02,川崎,10,富士山賞Ｃ１選定馬,1600,ダ,左,良,晴,14,4,5,レジェス,牡,5,56.0,535,-18,七夕裕,平山真,236.6,13,1:48.4,42.9,7-7-8-13,11,535,-18
2026/02/02,川崎,10,富士山賞Ｃ１選定馬,1600,ダ,左,良,晴,14,3,3,ファセット,牝,5,54.0,506,2,矢野貴,茂木浩,8.9,14,1:50.7,46.3,2-2-4-8,3,506,2
2026/02/02,川崎,11,活火激発賞Ａ２Ｂ１選定馬,900,ダ,左,良,晴,9,1,1,リノデスティーノ,牡,5,57.0,507,-3,岡村健,渋谷博,2.8,1,0:54.0,37.1,1-1-1,2,507,-3
2026/02/02,川崎,11,活火激発賞Ａ２Ｂ１選定馬,900,ダ,左,良,晴,9,3,3,シゲルマッハ,牡,6,55.0,496,3,野畑凌,鈴木義,7.2,2,0:54.1,36.5,5-6-3,4,496,3
2026/02/02,川崎,11,活火激発賞Ａ２Ｂ１選定馬,900,ダ,左,良,晴,9,4,4,プリモパイソン,牡,8,57.0,545,-7,矢野貴,内田勝,1.8,3,0:54.3,37.0,3-4-2,1,545,-7
2026/02/02,川崎,11,活火激発賞Ａ２Ｂ１選定馬,900,ダ,左,良,晴,9,7,7,オスカーブレイン,牡,5,57.0,482,0,町田直,鈴木義,7.0,4,0:55.2,38.1,2-2-5,3,482,0
2026/02/02,川崎,11,活火激発賞Ａ２Ｂ１選定馬,900,ダ,左,良,晴,9,8,8,ノースプリマ,牝,6,53.0,454,-2,西啓太,水野貴,79.9,5,0:55.2,37.6,6-5-4,8,454,-2
2026/02/02,川崎,11,活火激発賞Ａ２Ｂ１選定馬,900,ダ,左,良,晴,9,6,6,ミッキースピナッチ,牡,6,55.0,510,-6,川島正,新井清,52.3,6,0:55.4,37.2,9-7-7,7,510,-6
2026/02/02,川崎,11,活火激発賞Ａ２Ｂ１選定馬,900,ダ,左,良,晴,9,5,5,ライトスリー,牡,4,55.0,491,-1,山口達,小久智,43.8,7,0:55.7,37.3,7-9-9,6,491,-1
2026/02/02,川崎,11,活火激発賞Ａ２Ｂ１選定馬,900,ダ,左,良,晴,9,8,9,ノボベルサイユ,牝,8,53.0,480,-4,藤本現,山崎裕,33.1,8,0:55.9,38.5,4-3-6,5,480,-4
2026/02/02,川崎,11,活火激発賞Ａ２Ｂ１選定馬,900,ダ,左,良,晴,9,2,2,プリモジョーカー,牝,9,53.0,472,-1,室陽一,野口孝,229.6,9,0:55.9,37.7,7-8-8,9,472,-1
2026/02/02,川崎,12,大寒特別Ｂ３一 二,1400,ダ,左,良,晴,13,3,3,ミスマルゴー,牝,5,54.0,484,15,野畑凌,佐藤博,3.2,1,1:30.2,39.4,1-1-1-1,1,484,15
2026/02/02,川崎,12,大寒特別Ｂ３一 二,1400,ダ,左,良,晴,13,7,11,ビップソリオ,セ,0,56.0,531,1,笹川翼,秋山直,5.0,2,1:30.9,38.8,12-12-11-9,4,531,1
2026/02/02,川崎,12,大寒特別Ｂ３一 二,1400,ダ,左,良,晴,13,5,6,モンド,牡,4,56.0,460,7,藤江渉,甲田悟,32.5,3,1:31.0,39.8,5-5-5-2,9,460,7
2026/02/02,川崎,12,大寒特別Ｂ３一 二,1400,ダ,左,良,晴,13,2,2,ヴィルミーキスミー,牝,4,54.0,460,-1,桑村真,古澤悟,4.8,4,1:31.2,40.0,3-3-4-3,3,460,-1
2026/02/02,川崎,12,大寒特別Ｂ３一 二,1400,ダ,左,良,晴,13,4,4,エレファントラン,牡,4,56.0,487,2,新原周,山崎尋,3.9,5,1:32.0,40.2,10-9-8-8,2,487,2
2026/02/02,川崎,12,大寒特別Ｂ３一 二,1400,ダ,左,良,晴,13,7,10,スワッガー,牡,4,56.0,554,7,服部茂,佐藤博,97.9,6,1:32.1,40.5,6-6-6-7,13,554,7
2026/02/02,川崎,12,大寒特別Ｂ３一 二,1400,ダ,左,良,晴,13,8,12,エムティワイザー,牡,4,56.0,427,1,福原杏,山崎裕,14.7,7,1:32.1,40.9,4-4-2-4,5,427,1
2026/02/02,川崎,12,大寒特別Ｂ３一 二,1400,ダ,左,良,晴,13,4,5,インプローヴィング,牝,6,54.0,484,5,増田充,佐々仁,80.1,8,1:32.5,40.2,12-11-13-13,12,484,5
2026/02/02,川崎,12,大寒特別Ｂ３一 二,1400,ダ,左,良,晴,13,6,8,タイセイフランク,牡,4,56.0,496,-5,石川倭,内田勝,51.1,9,1:32.9,41.3,6-6-7-5,10,496,-5
2026/02/02,川崎,12,大寒特別Ｂ３一 二,1400,ダ,左,良,晴,13,1,1,レイヴオン,牡,4,56.0,466,0,西啓太,高橋宏,25.2,10,1:33.1,41.3,8-8-11-12,7,466,0
2026/02/02,川崎,12,大寒特別Ｂ３一 二,1400,ダ,左,良,晴,13,6,9,リコーベレッタ,牝,6,54.0,461,-1,町田直,久保秀,18.6,11,1:33.2,41.1,8-13-8-11,6,461,-1
2026/02/02,川崎,12,大寒特別Ｂ３一 二,1400,ダ,左,良,晴,13,5,7,ダークンストーミー,牡,6,56.0,468,20,池谷匠,酒井忍,25.8,12,1:33.9,42.0,10-10-8-10,8,468,20
2026/02/02,川崎,12,大寒特別Ｂ３一 二,1400,ダ,左,良,晴,13,8,13,ヒノデミッチー,牡,7,56.0,540,5,伊藤裕,酒井忍,53.9,13,1:34.2,43.2,2-2-2-6,11,540,5
2026/02/03,川崎,1,プレーリードッグ賞Ｃ３選定馬,900,ダ,左,良,晴,12,5,6,ナキムシヒカル,牝,6,52.0,515,-2,中山遥,田邊陽,1.3,1,0:56.1,38.0,1-1-1,1,515,-2
2026/02/03,川崎,1,プレーリードッグ賞Ｃ３選定馬,900,ダ,左,良,晴,12,8,11,ダイナマイトブル,牡,6,56.0,467,-1,達城龍,新井健,6.7,2,0:57.0,38.4,8-7-8,2,467,-1
2026/02/03,川崎,1,プレーリードッグ賞Ｃ３選定馬,900,ダ,左,良,晴,12,8,12,ササキンポピー,牝,5,54.0,438,-6,古岡勇,村田順,76.8,3,0:57.0,38.6,6-3-4,10,438,-6
2026/02/03,川崎,1,プレーリードッグ賞Ｃ３選定馬,900,ダ,左,良,晴,12,6,8,ノボインパクト,牝,8,54.0,463,-1,桑村真,長友豊,29.8,4,0:57.2,38.0,11-10-10,6,463,-1
2026/02/03,川崎,1,プレーリードッグ賞Ｃ３選定馬,900,ダ,左,良,晴,12,5,5,プリドラ,牝,5,54.0,505,-13,新原周,吉橋淳,74.8,5,0:57.6,39.2,4-6-5,9,505,-13
2026/02/03,川崎,1,プレーリードッグ賞Ｃ３選定馬,900,ダ,左,良,晴,12,7,9,カウニスミエリ,牝,4,54.0,426,4,田中涼,久保勇,40.8,6,0:57.7,39.5,2-2-2,8,426,4
2026/02/03,川崎,1,プレーリードッグ賞Ｃ３選定馬,900,ダ,左,良,晴,12,3,3,カナサンドー,牝,5,54.0,382,-2,藤江渉,今井輝,34.2,7,0:57.8,39.4,3-5-3,7,382,-2
2026/02/03,川崎,1,プレーリードッグ賞Ｃ３選定馬,900,ダ,左,良,晴,12,2,2,カネトシアンカー,牝,5,54.0,500,-1,山林信,佐々仁,17.4,8,0:57.8,39.0,9-9-9,4,500,-1
2026/02/03,川崎,1,プレーリードッグ賞Ｃ３選定馬,900,ダ,左,良,晴,12,6,7,ガールズドリーム,牝,6,51.0,439,1,加藤雄,内田勝,8.4,9,0:57.9,39.5,4-4-6,3,439,1
2026/02/03,川崎,1,プレーリードッグ賞Ｃ３選定馬,900,ダ,左,良,晴,12,4,4,マリリンアスク,牝,4,54.0,467,0,中越琉,山崎尋,18.2,10,0:57.9,38.4,12-11-11,5,467,0
2026/02/03,川崎,1,プレーリードッグ賞Ｃ３選定馬,900,ダ,左,良,晴,12,1,1,シックスレター,牝,8,54.0,478,-1,池谷匠,林隆之,148.1,11,0:58.2,39.6,7-8-7,11,478,-1
2026/02/03,川崎,1,プレーリードッグ賞Ｃ３選定馬,900,ダ,左,良,晴,12,7,10,クリナデシコ,牝,4,54.0,460,-5,岡村裕,山田正,236.0,12,0:59.8,40.3,10-12-12,12,460,-5
2026/02/03,川崎,2,リコリス賞Ｃ３選定馬,1500,ダ,左,良,晴,14,7,11,ホウヨウムーン,牝,4,54.0,454,-8,服部茂,長友豊,1.5,1,1:39.2,41.2,3-3-3-2,1,454,-8
2026/02/03,川崎,2,リコリス賞Ｃ３選定馬,1500,ダ,左,良,晴,14,2,2,オビワンリュウセイ,牡,5,56.0,523,2,古岡勇,八木仁,27.1,2,1:39.6,41.1,10-8-8-6,6,523,2
2026/02/03,川崎,2,リコリス賞Ｃ３選定馬,1500,ダ,左,良,晴,14,4,6,タイセイルシエル,牡,4,56.0,437,5,渡邊竜,内田勝,3.6,3,1:40.3,42.1,6-5-5-5,2,437,5
2026/02/03,川崎,2,リコリス賞Ｃ３選定馬,1500,ダ,左,良,晴,14,1,1,カネショウラッシュ,牡,4,56.0,519,-1,桑村真,内田勝,60.7,4,1:40.4,41.3,12-12-11-10,9,519,-1
2026/02/03,川崎,2,リコリス賞Ｃ３選定馬,1500,ダ,左,良,晴,14,3,4,ベニノレーヴ,牡,5,55.0,467,0,佐野遥,田島寿,75.7,5,1:40.5,42.3,7-5-5-3,11,467,0
2026/02/03,川崎,2,リコリス賞Ｃ３選定馬,1500,ダ,左,良,晴,14,8,14,シュヴァイゲン,牡,5,54.0,511,8,中山遥,久保秀,11.3,6,1:40.6,43.0,1-2-2-1,3,511,8
2026/02/03,川崎,2,リコリス賞Ｃ３選定馬,1500,ダ,左,良,晴,14,5,8,ヤサカソレイユ,牡,6,56.0,459,1,池谷匠,村田六,45.9,7,1:40.6,42.1,9-8-7-7,7,459,1
2026/02/03,川崎,2,リコリス賞Ｃ３選定馬,1500,ダ,左,良,晴,14,7,12,リアンジュ,牡,4,56.0,493,-2,藤本現,茂木浩,16.9,8,1:40.9,42.7,4-4-4-8,4,493,-2
2026/02/03,川崎,2,リコリス賞Ｃ３選定馬,1500,ダ,左,良,晴,14,3,3,ブルートルマリン,牝,7,54.0,510,10,張田昂,久保勇,52.6,9,1:41.4,42.4,11-11-12-9,8,510,10
2026/02/03,川崎,2,リコリス賞Ｃ３選定馬,1500,ダ,左,良,晴,14,4,5,ベアーザベル,牝,7,54.0,448,-10,藤江渉,八木喜,170.3,10,1:41.7,41.2,13-13-13-12,13,448,-10
2026/02/03,川崎,2,リコリス賞Ｃ３選定馬,1500,ダ,左,良,晴,14,6,9,シダデカサドール,牡,8,56.0,500,-7,櫻井光,林隆之,138.2,11,1:41.9,43.2,8-10-10-11,12,500,-7
2026/02/03,川崎,2,リコリス賞Ｃ３選定馬,1500,ダ,左,良,晴,14,6,10,イチゴホイップ,牝,6,51.0,483,1,神尾香,久保勇,23.9,12,1:42.0,44.5,2-1-1-4,5,483,1
2026/02/03,川崎,2,リコリス賞Ｃ３選定馬,1500,ダ,左,良,晴,14,8,13,ヨツバミッチー,牡,6,56.0,495,16,小牧太,田邊陽,74.5,13,1:42.5,44.0,5-7-9-13,10,495,16
2026/02/03,川崎,2,リコリス賞Ｃ３選定馬,1500,ダ,左,良,晴,14,5,7,オーサムワールド,牡,7,56.0,0,0,町田直,村田順,,,,,,,0,0
2026/02/03,川崎,3,Ｃ２二 三,1400,ダ,左,良,晴,13,7,10,ミヤビクライ,牡,7,56.0,511,11,新原周,林隆之,1.6,1,1:31.6,39.4,3-2-2-2,1,511,11
2026/02/03,川崎,3,Ｃ２二 三,1400,ダ,左,良,晴,13,1,1,ディセプティコン,牡,4,56.0,489,20,桑村真,内田勝,5.3,2,1:31.9,39.9,1-1-1-1,2,489,20
2026/02/03,川崎,3,Ｃ２二 三,1400,ダ,左,良,晴,13,7,11,モコモコ,牝,4,53.0,435,-2,佐野遥,安池成,8.7,3,1:32.4,39.5,4-5-8-5,5,435,-2
2026/02/03,川崎,3,Ｃ２二 三,1400,ダ,左,良,晴,13,6,9,セッカチドラゴン,牡,5,56.0,460,-4,町田直,平田正,8.0,4,1:32.6,39.7,8-8-5-3,4,460,-4
2026/02/03,川崎,3,Ｃ２二 三,1400,ダ,左,良,晴,13,5,6,マーゴットエクラ,牝,5,54.0,496,1,矢野貴,高月賢,6.1,5,1:32.8,39.9,7-7-7-6,3,496,1
2026/02/03,川崎,3,Ｃ２二 三,1400,ダ,左,良,晴,13,4,4,カフェランデブー,牝,5,54.0,469,-2,池谷匠,吉橋淳,56.1,6,1:32.9,39.3,11-11-12-8,6,469,-2
2026/02/03,川崎,3,Ｃ２二 三,1400,ダ,左,良,晴,13,4,5,ウェットストーン,牝,4,54.0,430,-4,服部茂,田邊陽,333.8,7,1:33.2,40.0,9-9-9-7,12,430,-4
2026/02/03,川崎,3,Ｃ２二 三,1400,ダ,左,良,晴,13,3,3,ティロワール,牝,5,54.0,408,-6,増田充,八木仁,133.0,8,1:33.7,41.3,4-4-4-4,8,408,-6
2026/02/03,川崎,3,Ｃ２二 三,1400,ダ,左,良,晴,13,5,7,ルゾフォニア,牝,4,54.0,396,1,岡村裕,武井和,332.3,9,1:33.9,39.9,13-13-13-13,11,396,1
2026/02/03,川崎,3,Ｃ２二 三,1400,ダ,左,良,晴,13,8,12,ウワサノデコピン,牡,4,56.0,453,-4,高橋哲,工藤伸,413.1,10,1:34.9,41.3,10-10-11-12,13,453,-4
2026/02/03,川崎,3,Ｃ２二 三,1400,ダ,左,良,晴,13,2,2,ラブマニック,牝,4,54.0,422,9,菅原涼,佐々仁,86.6,11,1:34.9,42.7,2-2-3-8,7,422,9
2026/02/03,川崎,3,Ｃ２二 三,1400,ダ,左,良,晴,13,6,8,フォギーレーン,牝,4,54.0,384,-5,木間龍,田島寿,287.6,12,1:35.3,41.9,12-12-10-11,10,384,-5
2026/02/03,川崎,3,Ｃ２二 三,1400,ダ,左,良,晴,13,8,13,バンガレット,牡,4,56.0,515,2,藤江渉,山田質,159.0,13,1:35.9,43.2,4-6-6-10,9,515,2
2026/02/03,川崎,4,青鵐特別３歳１,1500,ダ,左,良,晴,14,6,10,オリコウエルドラド,牡,3,57.0,462,-1,本田重,安池成,2.8,1,1:37.8,40.0,8-7-3-2,2,462,-1
2026/02/03,川崎,4,青鵐特別３歳１,1500,ダ,左,良,晴,14,7,11,カズヤ,牡,3,56.0,452,4,矢野貴,高月賢,21.2,2,1:38.6,40.6,10-8-8-5,4,452,4
2026/02/03,川崎,4,青鵐特別３歳１,1500,ダ,左,良,晴,14,3,3,アイリーズ,牡,3,57.0,471,4,野畑凌,小久智,2.5,3,1:38.7,41.3,2-2-2-1,1,471,4
2026/02/03,川崎,4,青鵐特別３歳１,1500,ダ,左,良,晴,14,7,12,ビービーエリス,牡,3,56.0,439,-1,桑村真,山崎尋,21.9,4,1:39.0,40.1,12-14-13-12,5,439,-1
2026/02/03,川崎,4,青鵐特別３歳１,1500,ダ,左,良,晴,14,5,7,ウールドランジュ,牝,3,54.0,454,-2,吉留孝,平山真,75.8,5,1:39.0,40.8,10-8-9-7,10,454,-2
2026/02/03,川崎,4,青鵐特別３歳１,1500,ダ,左,良,晴,14,2,2,シシフンジン,牡,3,56.0,459,2,鷹見陸,佐々仁,215.0,6,1:39.1,41.1,7-5-7-6,14,459,2
2026/02/03,川崎,4,青鵐特別３歳１,1500,ダ,左,良,晴,14,4,6,バルジェロ,牡,3,56.0,453,-1,町田直,山崎裕,32.8,7,1:39.2,41.6,4-3-3-4,7,453,-1
2026/02/03,川崎,4,青鵐特別３歳１,1500,ダ,左,良,晴,14,4,5,リュウノタイタン,牡,3,53.0,485,0,加藤雄,山崎尋,30.1,8,1:39.6,41.0,12-12-13-10,6,485,0
2026/02/03,川崎,4,青鵐特別３歳１,1500,ダ,左,良,晴,14,6,9,ブルムーンストーン,牡,3,56.0,482,6,古岡勇,岩本洋,144.2,9,1:39.6,41.0,14-13-12-10,13,482,6
2026/02/03,川崎,4,青鵐特別３歳１,1500,ダ,左,良,晴,14,8,13,ミノリクン,牡,3,56.0,481,1,笹川翼,甲田悟,39.7,10,1:39.7,41.3,9-11-9-8,8,481,1
2026/02/03,川崎,4,青鵐特別３歳１,1500,ダ,左,良,晴,14,3,4,ガルドコー,牡,3,56.0,433,7,藤田凌,林隆之,130.1,11,1:39.7,42.5,1-1-1-2,12,433,7
2026/02/03,川崎,4,青鵐特別３歳１,1500,ダ,左,良,晴,14,5,8,ジーリオ,牡,3,56.0,441,1,御神訓,酒井忍,3.7,12,1:40.1,42.1,4-6-6-8,3,441,1
2026/02/03,川崎,4,青鵐特別３歳１,1500,ダ,左,良,晴,14,8,14,スルーザミル,牝,3,54.0,449,1,服部茂,野口寛,126.8,13,1:40.5,42.3,6-8-9-14,11,449,1
2026/02/03,川崎,4,青鵐特別３歳１,1500,ダ,左,良,晴,14,1,1,ペチンペチンイテテ,牡,3,56.0,454,7,小牧太,水上直,72.5,14,1:41.6,43.8,3-4-5-13,9,454,7
2026/02/03,川崎,5,Ｃ２二 三,1400,ダ,左,良,晴,12,7,10,メイショウマチルダ,牝,4,54.0,455,-6,伊藤裕,村田順,2.3,1,1:33.5,38.9,10-10-9-7,2,455,-6
2026/02/03,川崎,5,Ｃ２二 三,1400,ダ,左,良,晴,12,5,5,アムリタ,牝,4,54.0,453,-1,桑村真,平田正,7.9,2,1:33.8,39.9,2-2-2-2,3,453,-1
2026/02/03,川崎,5,Ｃ２二 三,1400,ダ,左,良,晴,12,5,6,ピコグリーン,牝,4,54.0,449,5,野畑凌,佐藤博,2.2,3,1:33.9,39.7,5-6-4-3,1,449,5
2026/02/03,川崎,5,Ｃ２二 三,1400,ダ,左,良,晴,12,3,3,カレンメラメーラ,牝,5,54.0,467,4,櫻井光,八木喜,50.0,4,1:34.1,40.4,1-1-1-1,8,467,4
2026/02/03,川崎,5,Ｃ２二 三,1400,ダ,左,良,晴,12,7,9,デルマツリダシ,セ,0,56.0,514,3,西啓太,山崎裕,35.7,5,1:34.4,40.0,9-8-8-6,6,514,3
2026/02/03,川崎,5,Ｃ２二 三,1400,ダ,左,良,晴,12,2,2,サンスレッド,牡,6,56.0,492,14,服部茂,八木仁,77.6,6,1:34.4,40.2,6-4-5-3,9,492,14
2026/02/03,川崎,5,Ｃ２二 三,1400,ダ,左,良,晴,12,8,11,ヴァルトビューネ,牡,6,53.0,544,5,神尾香,田島寿,25.3,7,1:34.6,40.6,3-3-3-3,5,544,5
2026/02/03,川崎,5,Ｃ２二 三,1400,ダ,左,良,晴,12,1,1,ニシノババンギタ,セ,0,56.0,461,1,山林信,田邊陽,8.1,8,1:34.6,40.0,8-9-10-7,4,461,1
2026/02/03,川崎,5,Ｃ２二 三,1400,ダ,左,良,晴,12,4,4,ダズリングスカイ,牝,6,54.0,511,4,新原周,鈴木義,102.3,9,1:34.8,40.0,12-12-12-11,10,511,4
2026/02/03,川崎,5,Ｃ２二 三,1400,ダ,左,良,晴,12,6,7,エレレラナキラ,牡,4,56.0,447,-6,石川倭,山田質,44.9,10,1:34.9,40.1,11-11-11-10,7,447,-6
2026/02/03,川崎,5,Ｃ２二 三,1400,ダ,左,良,晴,12,6,8,バードハズフロウン,牝,8,54.0,417,-4,池谷匠,今井輝,304.9,11,1:35.1,40.7,7-7-6-7,12,417,-4
2026/02/03,川崎,5,Ｃ２二 三,1400,ダ,左,良,晴,12,8,12,メガバズーカランチ,牝,6,54.0,463,-2,岡村裕,河津裕,255.4,12,1:39.4,45.0,4-4-7-12,11,463,-2
2026/02/03,川崎,6,Ｊ交 フェブラリーフラワー賞３歳未格付選,1600,ダ,左,良,晴,13,3,3,サマーマッドネス,牡,3,56.0,533,13,笹川翼,森秀行,1.2,1,1:46.3,38.9,2-2-1-1,1,533,13
2026/02/03,川崎,6,Ｊ交 フェブラリーフラワー賞３歳未格付選,1600,ダ,左,良,晴,13,5,6,マッスル,牡,3,56.0,476,-7,本田重,繁田健,7.8,2,1:46.4,38.5,5-4-5-3,3,476,-7
2026/02/03,川崎,6,Ｊ交 フェブラリーフラワー賞３歳未格付選,1600,ダ,左,良,晴,13,8,12,ドリームキャリー,牝,3,51.0,454,-8,田山旺,新谷功,9.4,3,1:46.9,39.3,1-1-4-5,4,454,-8
2026/02/03,川崎,6,Ｊ交 フェブラリーフラワー賞３歳未格付選,1600,ダ,左,良,晴,13,7,10,ララメテオ,牡,3,56.0,454,1,矢野貴,酒井忍,7.1,4,1:47.3,39.9,9-6-1-1,2,454,1
2026/02/03,川崎,6,Ｊ交 フェブラリーフラワー賞３歳未格付選,1600,ダ,左,良,晴,13,6,8,マイネルアイフェル,牡,3,56.0,512,4,柴田大,上原博,41.2,5,1:47.3,39.9,4-5-3-4,5,512,4
2026/02/03,川崎,6,Ｊ交 フェブラリーフラワー賞３歳未格付選,1600,ダ,左,良,晴,13,2,2,エスプリアキラサン,牡,3,56.0,466,10,町田直,久保秀,255.5,6,1:47.7,38.8,11-11-12-9,10,466,10
2026/02/03,川崎,6,Ｊ交 フェブラリーフラワー賞３歳未格付選,1600,ダ,左,良,晴,13,5,7,ニンゲンテイイナ,牡,3,56.0,501,-13,半澤慶,宇野博,407.6,7,1:48.1,39.8,6-8-8-6,11,501,-13
2026/02/03,川崎,6,Ｊ交 フェブラリーフラワー賞３歳未格付選,1600,ダ,左,良,晴,13,8,13,ウインデイブレイク,牡,3,56.0,509,-3,原優介,青木孝,45.0,8,1:48.5,40.4,12-12-6-7,6,509,-3
2026/02/03,川崎,6,Ｊ交 フェブラリーフラワー賞３歳未格付選,1600,ダ,左,良,晴,13,6,9,ケンブリッジサクラ,牝,3,54.0,440,0,丸田恭,石栗龍,89.1,9,1:48.7,40.4,6-7-8-8,7,440,0
2026/02/03,川崎,6,Ｊ交 フェブラリーフラワー賞３歳未格付選,1600,ダ,左,良,晴,13,4,4,テクノアップル,牝,3,54.0,419,-5,福原杏,水野貴,544.2,10,1:49.5,41.2,3-3-7-10,12,419,-5
2026/02/03,川崎,6,Ｊ交 フェブラリーフラワー賞３歳未格付選,1600,ダ,左,良,晴,13,1,1,トモジャユニベール,牡,3,55.0,453,-11,佐野遥,小笠倫,107.4,11,1:49.7,41.0,10-10-10-11,9,453,-11
2026/02/03,川崎,6,Ｊ交 フェブラリーフラワー賞３歳未格付選,1600,ダ,左,良,晴,13,7,11,ナイトスパイア,牡,3,56.0,444,0,櫻井光,甲田悟,96.1,12,1:49.8,41.1,6-9-10-12,8,444,0
2026/02/03,川崎,6,Ｊ交 フェブラリーフラワー賞３歳未格付選,1600,ダ,左,良,晴,13,4,5,イエローマジック,牡,3,54.0,495,-11,長浜鴻,根本康,,,,,,,495,-11
2026/02/03,川崎,7,桜草賞Ｃ１一 二,1400,ダ,左,良,晴,12,5,5,ナートゥ,牡,4,55.0,536,0,佐野遥,高月賢,41.9,1,1:32.5,40.7,2-2-3-4,8,536,0
2026/02/03,川崎,7,桜草賞Ｃ１一 二,1400,ダ,左,良,晴,12,8,12,アルティメット,牝,5,54.0,415,-5,中越琉,武井和,101.5,2,1:32.5,40.5,7-8-1-3,10,415,-5
2026/02/03,川崎,7,桜草賞Ｃ１一 二,1400,ダ,左,良,晴,12,3,3,ランニングホット,牝,4,54.0,422,-2,張田昂,山崎裕,7.4,3,1:32.5,40.7,6-5-6-2,3,422,-2
2026/02/03,川崎,7,桜草賞Ｃ１一 二,1400,ダ,左,良,晴,12,7,10,ツカサレヴズ,牡,6,56.0,495,0,矢野貴,高月賢,2.7,4,1:32.6,40.6,5-6-7-6,2,495,0
2026/02/03,川崎,7,桜草賞Ｃ１一 二,1400,ダ,左,良,晴,12,2,2,エピファドール,牝,5,54.0,467,-4,新原周,古澤悟,191.8,5,1:32.8,40.4,9-9-11-7,11,467,-4
2026/02/03,川崎,7,桜草賞Ｃ１一 二,1400,ダ,左,良,晴,12,7,9,ノーブルウィスパー,牝,5,54.0,456,1,櫻井光,八木仁,40.4,6,1:32.8,40.4,10-10-9-8,7,456,1
2026/02/03,川崎,7,桜草賞Ｃ１一 二,1400,ダ,左,良,晴,12,4,4,サラサエンペラー,牡,4,56.0,494,-1,町田直,内田勝,1.7,7,1:32.8,41.2,1-1-2-1,1,494,-1
2026/02/03,川崎,7,桜草賞Ｃ１一 二,1400,ダ,左,良,晴,12,6,7,クレバス,牝,4,54.0,493,0,伊藤裕,久保秀,36.7,8,1:32.8,40.6,8-7-8-5,5,493,0
2026/02/03,川崎,7,桜草賞Ｃ１一 二,1400,ダ,左,良,晴,12,1,1,クリスタルアロー,牡,4,53.0,530,-1,加藤雄,山崎尋,24.4,9,1:33.1,40.5,11-11-11-9,4,530,-1
2026/02/03,川崎,7,桜草賞Ｃ１一 二,1400,ダ,左,良,晴,12,8,11,ビタリス,牝,5,54.0,497,-3,増田充,八木喜,197.6,10,1:33.1,40.3,12-12-10-11,12,497,-3
2026/02/03,川崎,7,桜草賞Ｃ１一 二,1400,ダ,左,良,晴,12,5,6,ビナハイフォン,牝,4,54.0,499,24,岡村健,酒井一,41.9,11,1:34.8,42.8,3-4-5-9,9,499,24
2026/02/03,川崎,7,桜草賞Ｃ１一 二,1400,ダ,左,良,晴,12,6,8,コスモタラゴン,牡,5,56.0,457,-8,服部茂,武井和,37.0,12,1:35.7,43.9,4-3-3-12,6,457,-8
2026/02/03,川崎,8,久遠賞Ｃ１選定馬,900,ダ,左,良,晴,12,1,1,ショコラブレッド,牝,5,54.0,465,-5,川島正,新井清,2.2,1,0:55.5,38.1,3-2-1,1,465,-5
2026/02/03,川崎,8,久遠賞Ｃ１選定馬,900,ダ,左,良,晴,12,3,3,シンフォニーシーズ,牝,4,54.0,437,-8,野畑凌,佐々仁,6.1,2,0:55.9,38.5,1-1-2,4,437,-8
2026/02/03,川崎,8,久遠賞Ｃ１選定馬,900,ダ,左,良,晴,12,7,10,アイルプロテクト,牡,5,56.0,534,8,町田直,高月賢,5.3,3,0:56.1,38.5,6-3-3,2,534,8
2026/02/03,川崎,8,久遠賞Ｃ１選定馬,900,ダ,左,良,晴,12,4,4,グァンバーレ,牝,4,54.0,433,-2,古岡勇,田島寿,96.9,4,0:56.1,38.5,5-6-6,9,433,-2
2026/02/03,川崎,8,久遠賞Ｃ１選定馬,900,ダ,左,良,晴,12,8,12,アイアンピッチ,牝,4,54.0,465,2,櫻井光,佐藤博,6.7,5,0:56.3,38.7,2-3-4,5,465,2
2026/02/03,川崎,8,久遠賞Ｃ１選定馬,900,ダ,左,良,晴,12,5,6,コウユーユメノヨウ,牝,5,54.0,468,-4,半澤慶,宇野博,110.1,6,0:56.4,37.8,11-11-9,10,468,-4
2026/02/03,川崎,8,久遠賞Ｃ１選定馬,900,ダ,左,良,晴,12,5,5,インテンスドライヴ,牝,4,54.0,470,7,木間龍,山崎裕,24.3,7,0:56.4,38.8,4-5-5,6,470,7
2026/02/03,川崎,8,久遠賞Ｃ１選定馬,900,ダ,左,良,晴,12,8,11,アリハッピー,牝,5,53.0,456,8,佐野遥,安池成,49.5,8,0:56.4,38.2,9-8-7,8,456,8
2026/02/03,川崎,8,久遠賞Ｃ１選定馬,900,ダ,左,良,晴,12,6,7,ヴァシロペス,セ,0,56.0,492,1,秋元耕,鈴木勝,213.0,9,0:56.7,38.1,10-10-12,11,492,1
2026/02/03,川崎,8,久遠賞Ｃ１選定馬,900,ダ,左,良,晴,12,6,8,ザゴリ,牝,4,51.0,410,4,神尾香,山田質,30.8,10,0:56.9,38.9,8-9-10,7,410,4
2026/02/03,川崎,8,久遠賞Ｃ１選定馬,900,ダ,左,良,晴,12,7,9,ゴールドサイカ,牝,4,54.0,444,-4,増田充,岩本洋,310.1,11,0:57.1,38.3,12-12-11,12,444,-4
2026/02/03,川崎,8,久遠賞Ｃ１選定馬,900,ダ,左,良,晴,12,2,2,シンシアビューティ,牝,4,54.0,475,-6,新原周,林隆之,5.6,12,0:57.4,39.6,6-7-8,3,475,-6
2026/02/03,川崎,9,マイスターチャレンジＣ２選定馬,2000,ダ,左,良,晴,14,5,7,テンダリー,牡,4,56.0,503,-5,戸崎圭,長友豊,4.2,1,2:17.0,39.8,2-2-2-2,2,503,-5
2026/02/03,川崎,9,マイスターチャレンジＣ２選定馬,2000,ダ,左,良,晴,14,4,5,イモルテル,セ,0,56.0,521,11,笹川翼,平田正,15.1,2,2:17.1,40.1,1-1-1-1,6,521,11
2026/02/03,川崎,9,マイスターチャレンジＣ２選定馬,2000,ダ,左,良,晴,14,6,9,クロウソング,牝,4,54.0,465,1,福原杏,平田正,4.7,3,2:17.3,39.8,10-6-3-3,3,465,1
2026/02/03,川崎,9,マイスターチャレンジＣ２選定馬,2000,ダ,左,良,晴,14,2,2,カガヤキファイター,牡,7,56.0,540,9,塚本征,久保秀,9.8,4,2:17.8,40.3,4-4-6-4,5,540,9
2026/02/03,川崎,9,マイスターチャレンジＣ２選定馬,2000,ダ,左,良,晴,14,8,14,ナリノボガート,牡,4,56.0,472,-3,渡邊竜,内田勝,47.8,5,2:17.9,40.4,3-3-4-4,10,472,-3
2026/02/03,川崎,9,マイスターチャレンジＣ２選定馬,2000,ダ,左,良,晴,14,1,1,ファイヤーボール,セ,0,56.0,459,1,小牧太,甲田悟,15.2,6,2:18.0,40.3,7-8-8-7,7,459,1
2026/02/03,川崎,9,マイスターチャレンジＣ２選定馬,2000,ダ,左,良,晴,14,7,11,フクノバルトラン,牡,7,56.0,487,-15,石川倭,山田質,54.7,7,2:18.4,40.4,10-11-8-8,12,487,-15
2026/02/03,川崎,9,マイスターチャレンジＣ２選定馬,2000,ダ,左,良,晴,14,3,3,ユウユウスプレマン,セ,0,56.0,522,-4,松山弘,八木仁,3.3,8,2:18.7,40.2,12-13-13-13,1,522,-4
2026/02/03,川崎,9,マイスターチャレンジＣ２選定馬,2000,ダ,左,良,晴,14,8,13,リュウバター,牡,7,56.0,496,-6,本田重,河津裕,22.8,9,2:18.7,40.8,6-7-11-12,8,496,-6
2026/02/03,川崎,9,マイスターチャレンジＣ２選定馬,2000,ダ,左,良,晴,14,4,6,ミストラ,セ,0,56.0,567,6,野畑凌,村田六,7.5,10,2:18.9,41.2,9-10-6-10,4,567,6
2026/02/03,川崎,9,マイスターチャレンジＣ２選定馬,2000,ダ,左,良,晴,14,5,8,プレジャー,牝,5,54.0,481,2,山口勲,今井輝,174.0,11,2:19.0,41.5,4-5-5-6,13,481,2
2026/02/03,川崎,9,マイスターチャレンジＣ２選定馬,2000,ダ,左,良,晴,14,3,4,オールニッポン,牝,4,54.0,447,0,山本聡,佐藤博,28.5,12,2:19.0,41.3,7-8-8-9,9,447,0
2026/02/03,川崎,9,マイスターチャレンジＣ２選定馬,2000,ダ,左,良,晴,14,7,12,クリノフラッグ,牝,7,54.0,488,14,永森大,甲田悟,54.4,13,2:19.2,40.7,14-14-13-14,11,488,14
2026/02/03,川崎,9,マイスターチャレンジＣ２選定馬,2000,ダ,左,良,晴,14,6,10,キアラボヌール,牝,5,54.0,414,-3,中島龍,田島寿,330.2,14,2:19.3,41.1,13-12-12-11,14,414,-3
2026/02/03,川崎,10,唯我独尊賞Ｂ２選定馬,900,ダ,左,良,晴,12,8,11,クリスタライズ,牡,5,56.0,504,-5,矢野貴,高月賢,16.4,1,0:54.6,36.9,9-5-5,7,504,-5
2026/02/03,川崎,10,唯我独尊賞Ｂ２選定馬,900,ダ,左,良,晴,12,5,5,ボディコンシャス,牝,4,54.0,456,-13,野畑凌,水野貴,10.9,2,0:55.0,38.2,1-1-1,5,456,-13
2026/02/03,川崎,10,唯我独尊賞Ｂ２選定馬,900,ダ,左,良,晴,12,5,6,サンエイジロー,牡,7,55.0,508,-6,佐野遥,高月賢,16.1,3,0:55.4,38.1,4-4-4,6,508,-6
2026/02/03,川崎,10,唯我独尊賞Ｂ２選定馬,900,ダ,左,良,晴,12,3,3,ラヴォミ,牝,4,54.0,472,10,岡村健,林隆之,4.9,4,0:55.4,37.7,7-8-8,2,472,10
2026/02/03,川崎,10,唯我独尊賞Ｂ２選定馬,900,ダ,左,良,晴,12,6,8,バッファローライズ,牡,5,56.0,533,1,町田直,平田正,2.3,5,0:55.6,38.5,2-2-3,1,533,1
2026/02/03,川崎,10,唯我独尊賞Ｂ２選定馬,900,ダ,左,良,晴,12,7,10,プレストルーチェ,セ,0,56.0,518,4,張田昂,高橋宏,273.7,6,0:55.8,37.4,12-12-11,12,518,4
2026/02/03,川崎,10,唯我独尊賞Ｂ２選定馬,900,ダ,左,良,晴,12,4,4,ランラン,牝,4,51.0,418,-4,加藤雄,平田正,25.0,7,0:56.0,38.3,8-8-8,8,418,-4
2026/02/03,川崎,10,唯我独尊賞Ｂ２選定馬,900,ダ,左,良,晴,12,7,9,ポッドレオ,牡,5,56.0,518,2,鷹見陸,佐々仁,91.1,8,0:56.0,37.9,10-11-10,10,518,2
2026/02/03,川崎,10,唯我独尊賞Ｂ２選定馬,900,ダ,左,良,晴,12,6,7,キューティロメラ,牝,6,54.0,501,8,西啓太,中道啓,6.6,9,0:56.2,39.2,3-2-2,4,501,8
2026/02/03,川崎,10,唯我独尊賞Ｂ２選定馬,900,ダ,左,良,晴,12,2,2,ミトノキャット,牝,4,54.0,454,2,新原周,鈴木義,5.9,10,0:56.3,38.6,6-7-6,3,454,2
2026/02/03,川崎,10,唯我独尊賞Ｂ２選定馬,900,ダ,左,良,晴,12,8,12,オーソレリカ,牝,5,54.0,440,-2,福原杏,水野貴,99.7,11,0:56.3,38.4,11-6-7,11,440,-2
2026/02/03,川崎,10,唯我独尊賞Ｂ２選定馬,900,ダ,左,良,晴,12,1,1,サノノレインボー,牝,5,54.0,468,-2,見越彬,川島豊,45.0,12,0:57.3,39.6,4-8-12,9,468,-2
2026/02/03,川崎,11,ヴィクトリーチャレンジＢ３選定馬,1600,ダ,左,良,晴,14,8,14,スカイアクロス,牡,6,56.0,471,2,小牧太,山崎裕,3.0,1,1:47.2,39.5,2-2-2-1,1,471,2
2026/02/03,川崎,11,ヴィクトリーチャレンジＢ３選定馬,1600,ダ,左,良,晴,14,4,6,ジャスタースパーク,牡,6,56.0,494,10,戸崎圭,鈴木義,7.0,2,1:47.7,39.7,5-5-6-9,3,494,10
2026/02/03,川崎,11,ヴィクトリーチャレンジＢ３選定馬,1600,ダ,左,良,晴,14,4,5,グロリアンズタイム,牡,6,56.0,548,5,石川倭,古澤悟,28.6,3,1:47.7,39.5,8-7-9-10,9,548,5
2026/02/03,川崎,11,ヴィクトリーチャレンジＢ３選定馬,1600,ダ,左,良,晴,14,7,11,ノッテストラータ,牝,4,54.0,452,2,中島龍,久保勇,73.9,4,1:47.7,39.9,4-4-5-5,14,452,2
2026/02/03,川崎,11,ヴィクトリーチャレンジＢ３選定馬,1600,ダ,左,良,晴,14,3,4,マインドブロン,牡,5,56.0,491,15,永森大,秋山直,8.0,5,1:47.8,39.3,12-12-6-3,5,491,15
2026/02/03,川崎,11,ヴィクトリーチャレンジＢ３選定馬,1600,ダ,左,良,晴,14,3,3,オングライドパス,牝,5,54.0,492,0,山口勲,河津裕,7.5,6,1:47.8,40.1,3-3-3-4,4,492,0
2026/02/03,川崎,11,ヴィクトリーチャレンジＢ３選定馬,1600,ダ,左,良,晴,14,8,13,トンボ,牡,5,56.0,506,1,山本聡,高月賢,17.0,7,1:47.9,40.5,1-1-1-1,7,506,1
2026/02/03,川崎,11,ヴィクトリーチャレンジＢ３選定馬,1600,ダ,左,良,晴,14,6,9,アドルナティック,牡,4,56.0,446,5,塚本征,村田順,45.4,8,1:47.9,38.8,13-14-14-14,13,446,5
2026/02/03,川崎,11,ヴィクトリーチャレンジＢ３選定馬,1600,ダ,左,良,晴,14,7,12,カタルシス,牡,5,56.0,470,0,松山弘,山崎尋,33.8,9,1:48.0,40.0,7-8-3-7,11,470,0
2026/02/03,川崎,11,ヴィクトリーチャレンジＢ３選定馬,1600,ダ,左,良,晴,14,1,1,ゴールデンプラチナ,牡,7,56.0,487,5,渡邊竜,岩本洋,5.7,10,1:48.1,40.1,6-6-8-5,2,487,5
2026/02/03,川崎,11,ヴィクトリーチャレンジＢ３選定馬,1600,ダ,左,良,晴,14,5,7,アルメールヴェント,牡,4,56.0,467,4,野畑凌,河津裕,35.9,11,1:48.1,39.5,11-11-13-10,12,467,4
2026/02/03,川崎,11,ヴィクトリーチャレンジＢ３選定馬,1600,ダ,左,良,晴,14,6,10,サラサグッドワーク,牡,6,56.0,520,3,福原杏,佐々仁,18.7,12,1:48.2,39.5,14-13-10-10,8,520,3
2026/02/03,川崎,11,ヴィクトリーチャレンジＢ３選定馬,1600,ダ,左,良,晴,14,2,2,ナイスカプチーノ,牡,5,56.0,484,-1,笹川翼,内田勝,32.6,13,1:48.2,39.9,10-9-10-8,10,484,-1
2026/02/03,川崎,11,ヴィクトリーチャレンジＢ３選定馬,1600,ダ,左,良,晴,14,5,8,キャップ,セ,0,56.0,477,-2,本田重,林隆之,12.0,14,1:48.6,40.2,9-9-12-13,6,477,-2
2026/02/03,川崎,12,王者の眼差し賞Ｃ１一 二,1400,ダ,左,良,晴,12,8,11,ハーモニーレグルス,牡,8,56.0,541,14,石川倭,高月賢,27.9,1,1:32.5,40.5,6-6-5-4,8,541,14
2026/02/03,川崎,12,王者の眼差し賞Ｃ１一 二,1400,ダ,左,良,晴,12,7,10,モモジロー,牡,4,56.0,451,3,新原周,古澤悟,63.6,2,1:32.9,40.3,10-10-9-8,11,451,3
2026/02/03,川崎,12,王者の眼差し賞Ｃ１一 二,1400,ダ,左,良,晴,12,4,4,アルハイルフォート,牡,4,56.0,487,-7,藤本現,山崎裕,7.2,3,1:33.1,40.3,11-11-11-12,3,487,-7
2026/02/03,川崎,12,王者の眼差し賞Ｃ１一 二,1400,ダ,左,良,晴,12,3,3,クワイトポッシブル,牝,5,51.0,410,5,神尾香,山田正,59.8,4,1:33.1,40.7,8-8-7-10,10,410,5
2026/02/03,川崎,12,王者の眼差し賞Ｃ１一 二,1400,ダ,左,良,晴,12,1,1,ショウナンマンテン,牝,5,54.0,417,-3,岡村裕,武井和,12.7,5,1:33.3,41.1,7-7-8-7,6,417,-3
2026/02/03,川崎,12,王者の眼差し賞Ｃ１一 二,1400,ダ,左,良,晴,12,5,6,バックビート,牡,4,55.0,500,10,佐野遥,山崎尋,3.2,6,1:33.3,41.9,1-3-3-3,2,500,10
2026/02/03,川崎,12,王者の眼差し賞Ｃ１一 二,1400,ダ,左,良,晴,12,6,8,ケイティキセキ,牡,5,56.0,502,2,池谷匠,高橋宏,12.1,7,1:33.3,42.3,1-1-1-1,5,502,2
2026/02/03,川崎,12,王者の眼差し賞Ｃ１一 二,1400,ダ,左,良,晴,12,2,2,アオイラン,牝,5,54.0,478,-5,櫻井光,新井健,33.2,8,1:33.5,40.4,12-12-12-11,9,478,-5
2026/02/03,川崎,12,王者の眼差し賞Ｃ１一 二,1400,ダ,左,良,晴,12,8,12,ヴィヴィッドムーン,牝,4,54.0,488,-9,町田直,高月賢,2.8,9,1:33.6,42.0,4-4-4-4,1,488,-9
2026/02/03,川崎,12,王者の眼差し賞Ｃ１一 二,1400,ダ,左,良,晴,12,7,9,ネヴァーノウズ,牡,4,56.0,451,12,古岡勇,甲田悟,91.9,10,1:33.6,41.0,9-9-10-8,12,451,12
2026/02/03,川崎,12,王者の眼差し賞Ｃ１一 二,1400,ダ,左,良,晴,12,6,7,エスジースパークル,牝,6,54.0,453,-15,張田昂,田島寿,21.0,11,1:34.1,42.9,1-2-2-2,7,453,-15
2026/02/03,川崎,12,王者の眼差し賞Ｃ１一 二,1400,ダ,左,良,晴,12,5,5,ラピルスイメル,牝,4,54.0,513,6,西啓太,加藤誠,7.5,12,1:37.1,45.3,5-5-5-6,4,513,6
2026/02/04,川崎,1,Ｃ３五 六,1400,ダ,左,良,晴,10,7,7,キャラメルスライム,牝,4,54.0,470,-11,木間龍,大津剛,3.3,1,1:32.9,40.0,8-6-5-3,3,470,-11
2026/02/04,川崎,1,Ｃ３五 六,1400,ダ,左,良,晴,10,8,9,ヘヴンリーゴール,牡,4,56.0,485,-3,野畑凌,吉橋淳,2.3,2,1:33.5,41.3,2-2-2-2,1,485,-3
2026/02/04,川崎,1,Ｃ３五 六,1400,ダ,左,良,晴,10,3,3,マイブリッジ,牡,5,56.0,517,-8,増田充,吉橋淳,3.2,3,1:33.7,41.3,3-3-3-4,2,517,-8
2026/02/04,川崎,1,Ｃ３五 六,1400,ダ,左,良,晴,10,6,6,タカイチアスコット,牝,4,54.0,451,-11,岡田大,薮口一,77.5,4,1:34.9,41.5,7-8-7-7,6,451,-11
2026/02/04,川崎,1,Ｃ３五 六,1400,ダ,左,良,晴,10,4,4,ハイウィルヘーズ,牝,5,54.0,438,15,張田昂,村田六,13.6,5,1:35.1,42.5,4-3-4-5,5,438,15
2026/02/04,川崎,1,Ｃ３五 六,1400,ダ,左,良,晴,10,5,5,ダンシングハピリー,牝,6,54.0,411,-8,本田紀,武井和,117.1,6,1:35.2,42.3,5-5-6-6,7,411,-8
2026/02/04,川崎,1,Ｃ３五 六,1400,ダ,左,良,晴,10,2,2,ナツハヤテ,牝,8,54.0,458,-2,服部茂,山田質,9.7,7,1:35.9,44.1,1-1-1-1,4,458,-2
2026/02/04,川崎,1,Ｃ３五 六,1400,ダ,左,良,晴,10,8,10,ピアシスティーナ,牝,4,54.0,481,0,櫻井光,甲田悟,292.0,8,1:36.5,43.2,6-7-7-8,10,481,0
2026/02/04,川崎,1,Ｃ３五 六,1400,ダ,左,良,晴,10,1,1,カラルナ,牝,6,54.0,465,-4,池谷匠,林隆之,117.7,9,1:36.9,43.3,9-9-9-9,8,465,-4
2026/02/04,川崎,1,Ｃ３五 六,1400,ダ,左,良,晴,10,7,8,バーサズバラード,牝,6,54.0,434,-8,伊藤裕,平田正,160.7,10,1:38.6,42.8,10-10-10-10,9,434,-8
2026/02/04,川崎,2,Ｃ３五 六,1400,ダ,左,良,晴,9,8,9,トミサンペガサス,牝,6,54.0,475,0,中越琉,村田六,8.9,1,1:34.0,40.6,4-3-3-2,3,475,0
2026/02/04,川崎,2,Ｃ３五 六,1400,ダ,左,良,晴,9,8,8,ニットウサニー,牝,6,54.0,445,-5,御神訓,林隆之,1.3,2,1:34.0,40.6,3-4-4-4,1,445,-5
2026/02/04,川崎,2,Ｃ３五 六,1400,ダ,左,良,晴,9,4,4,ヤマトカチドキ,牝,7,51.0,502,3,佐藤翔,山田質,16.1,3,1:34.0,39.8,9-9-7-6,5,502,3
2026/02/04,川崎,2,Ｃ３五 六,1400,ダ,左,良,晴,9,2,2,メガミリオン,牡,8,56.0,473,3,池谷匠,田島寿,8.1,4,1:34.0,40.8,2-2-2-3,2,473,3
2026/02/04,川崎,2,Ｃ３五 六,1400,ダ,左,良,晴,9,7,7,シェナチチカカ,牝,7,54.0,389,-1,岡村裕,山田正,11.2,5,1:34.1,41.1,1-1-1-1,4,389,-1
2026/02/04,川崎,2,Ｃ３五 六,1400,ダ,左,良,晴,9,5,5,アップタウンガール,牝,4,54.0,476,1,服部茂,加藤誠,17.6,6,1:34.3,40.7,6-5-5-5,6,476,1
2026/02/04,川崎,2,Ｃ３五 六,1400,ダ,左,良,晴,9,3,3,プロンプトノア,牝,5,54.0,519,13,田中涼,佐々仁,30.1,7,1:35.3,41.7,5-6-6-6,7,519,13
2026/02/04,川崎,2,Ｃ３五 六,1400,ダ,左,良,晴,9,6,6,オムブラーヴ,牡,4,54.0,499,-6,中島良,川村守,174.0,8,1:35.7,41.7,8-8-8-8,9,499,-6
2026/02/04,川崎,2,Ｃ３五 六,1400,ダ,左,良,晴,9,1,1,アンリ,牝,5,51.0,431,-3,加藤雄,吉橋淳,53.7,9,1:36.0,42.0,7-7-9-8,8,431,-3
2026/02/04,川崎,3,尉鶲賞３歳２,1500,ダ,左,良,晴,14,6,10,アウェイクサード,牡,3,56.0,448,-2,伊藤裕,甲田悟,53.3,1,1:39.3,39.6,14-13-12-11,8,448,-2
2026/02/04,川崎,3,尉鶲賞３歳２,1500,ダ,左,良,晴,14,2,2,ピカレスクヒーロー,牡,3,56.0,462,2,町田直,高月賢,21.8,2,1:39.4,40.1,9-10-4-3,6,462,2
2026/02/04,川崎,3,尉鶲賞３歳２,1500,ダ,左,良,晴,14,8,14,リコーパトリオット,牝,3,54.0,433,3,桑村真,久保秀,17.3,3,1:39.4,40.1,5-6-5-6,4,433,3
2026/02/04,川崎,3,尉鶲賞３歳２,1500,ダ,左,良,晴,14,5,7,フェイティアン,牡,3,56.0,469,11,藤江渉,山田質,134.7,4,1:39.4,40.1,8-7-9-7,12,469,11
2026/02/04,川崎,3,尉鶲賞３歳２,1500,ダ,左,良,晴,14,6,9,シージャムブルース,牡,3,56.0,490,3,笹川翼,内田勝,1.7,5,1:39.5,40.4,4-4-3-3,1,490,3
2026/02/04,川崎,3,尉鶲賞３歳２,1500,ダ,左,良,晴,14,4,5,ユーヴェル,牝,3,54.0,463,-1,古岡勇,八木喜,189.0,6,1:39.9,40.4,12-11-11-9,13,463,-1
2026/02/04,川崎,3,尉鶲賞３歳２,1500,ダ,左,良,晴,14,8,13,サヨノマックスラブ,牡,3,56.0,463,3,矢野貴,加藤誠,3.0,7,1:39.9,41.0,3-2-2-1,2,463,3
2026/02/04,川崎,3,尉鶲賞３歳２,1500,ダ,左,良,晴,14,7,12,エンペラーウェザー,牡,3,54.0,444,-13,中島良,平山真,123.8,8,1:40.3,41.0,7-7-10-9,11,444,-13
2026/02/04,川崎,3,尉鶲賞３歳２,1500,ダ,左,良,晴,14,7,11,キョウエイハゴロモ,牝,3,51.0,475,10,佐藤翔,山崎尋,58.1,9,1:40.4,41.1,10-9-5-8,9,475,10
2026/02/04,川崎,3,尉鶲賞３歳２,1500,ダ,左,良,晴,14,1,1,ヒマワリシャワー,牡,3,56.0,498,-2,御神訓,山崎尋,18.4,10,1:40.4,40.7,13-13-14-12,5,498,-2
2026/02/04,川崎,3,尉鶲賞３歳２,1500,ダ,左,良,晴,14,5,8,ザイオンパーク,牡,3,56.0,465,3,櫻井光,久保秀,295.3,11,1:40.5,41.0,11-11-13-13,14,465,3
2026/02/04,川崎,3,尉鶲賞３歳２,1500,ダ,左,良,晴,14,3,4,グラズヘイム,牡,3,56.0,508,5,野畑凌,高月賢,14.7,12,1:40.8,42.1,1-1-1-2,3,508,5
2026/02/04,川崎,3,尉鶲賞３歳２,1500,ダ,左,良,晴,14,4,6,ササキントモゴロウ,牡,3,55.0,459,1,佐野遥,安池成,23.3,13,1:40.9,41.8,6-5-5-5,7,459,1
2026/02/04,川崎,3,尉鶲賞３歳２,1500,ダ,左,良,晴,14,3,3,フィーリアサミット,牝,3,54.0,459,-1,張田昂,田島寿,84.2,14,1:44.5,45.4,2-3-8-14,10,459,-1
2026/02/04,川崎,4,Ｃ２四 五,1400,ダ,左,良,晴,12,8,11,ベルレオーネ,牡,4,56.0,466,6,矢野貴,鈴木義,1.8,1,1:33.0,40.0,4-4-3-4,1,466,6
2026/02/04,川崎,4,Ｃ２四 五,1400,ダ,左,良,晴,12,4,4,メタルハート,牝,5,54.0,458,-3,笹川翼,山崎尋,9.9,2,1:33.0,39.8,5-5-5-5,3,458,-3
2026/02/04,川崎,4,Ｃ２四 五,1400,ダ,左,良,晴,12,3,3,ヴィトーリアヘーザ,牝,4,54.0,489,13,桑村真,酒井忍,14.6,3,1:33.1,40.1,3-3-4-3,7,489,13
2026/02/04,川崎,4,Ｃ２四 五,1400,ダ,左,良,晴,12,1,1,コットンフラワー,牝,4,54.0,428,2,増田充,鈴木義,5.8,4,1:33.1,39.5,6-7-8-6,2,428,2
2026/02/04,川崎,4,Ｃ２四 五,1400,ダ,左,良,晴,12,7,10,ママアリガトー,牝,4,54.0,427,-2,藤江渉,古澤悟,14.6,5,1:33.2,40.4,2-2-2-2,8,427,-2
2026/02/04,川崎,4,Ｃ２四 五,1400,ダ,左,良,晴,12,7,9,ミツカネエリーズ,牝,5,53.0,470,-2,佐野遥,高橋宏,12.8,6,1:33.8,41.2,1-1-1-1,5,470,-2
2026/02/04,川崎,4,Ｃ２四 五,1400,ダ,左,良,晴,12,6,8,チャーミングビビ,牝,5,54.0,442,-1,服部茂,田邊陽,137.1,7,1:33.8,40.0,8-9-11-9,11,442,-1
2026/02/04,川崎,4,Ｃ２四 五,1400,ダ,左,良,晴,12,5,5,グラスフラッグ,牡,5,56.0,458,8,野畑凌,久保秀,13.4,8,1:33.9,40.1,10-10-10-9,6,458,8
2026/02/04,川崎,4,Ｃ２四 五,1400,ダ,左,良,晴,12,6,7,ビューティビースト,牝,5,54.0,442,1,中越琉,久保勇,51.8,9,1:34.0,40.4,9-8-5-6,10,442,1
2026/02/04,川崎,4,Ｃ２四 五,1400,ダ,左,良,晴,12,5,6,ダッシングマン,牡,4,53.0,459,0,佐藤翔,平田正,38.0,10,1:34.0,40.2,10-11-8-9,9,459,0
2026/02/04,川崎,4,Ｃ２四 五,1400,ダ,左,良,晴,12,8,12,ボールドポリシー,牝,4,54.0,471,1,町田直,内田勝,10.3,11,1:34.3,40.1,12-12-12-12,4,471,1
2026/02/04,川崎,4,Ｃ２四 五,1400,ダ,左,良,晴,12,2,2,ビップジェシー,牝,4,51.0,430,-21,加藤雄,田島寿,172.2,12,1:34.4,41.0,7-6-5-8,12,430,-21
2026/02/04,川崎,5,百雷賞Ｃ２選定馬,900,ダ,左,良,晴,12,5,6,アタゴテンジン,セ,0,56.0,448,-2,笹川翼,佐々仁,1.5,1,0:55.2,37.5,2-1-2,1,448,-2
2026/02/04,川崎,5,百雷賞Ｃ２選定馬,900,ダ,左,良,晴,12,4,4,ハーイバービー,牝,4,54.0,449,-9,矢野貴,山崎尋,8.2,2,0:55.7,37.8,5-4-4,4,449,-9
2026/02/04,川崎,5,百雷賞Ｃ２選定馬,900,ダ,左,良,晴,12,3,3,ネバーエンドマーチ,牡,4,56.0,478,-10,野畑凌,高月賢,5.7,3,0:55.7,38.1,1-1-1,2,478,-10
2026/02/04,川崎,5,百雷賞Ｃ２選定馬,900,ダ,左,良,晴,12,6,7,スモーキンビリー,牡,6,56.0,500,-3,御神訓,茂木浩,6.5,4,0:55.7,37.2,10-10-6,3,500,-3
2026/02/04,川崎,5,百雷賞Ｃ２選定馬,900,ダ,左,良,晴,12,1,1,ダズリングプレイス,牝,5,51.0,421,-4,加藤雄,平田正,115.6,5,0:56.0,38.1,4-6-3,10,421,-4
2026/02/04,川崎,5,百雷賞Ｃ２選定馬,900,ダ,左,良,晴,12,5,5,クリノフローレンス,牝,4,54.0,462,12,藤江渉,八木喜,21.6,6,0:56.3,37.4,11-12-11,5,462,12
2026/02/04,川崎,5,百雷賞Ｃ２選定馬,900,ダ,左,良,晴,12,8,12,シノブデスティーノ,牝,5,54.0,437,-6,木間龍,久保勇,144.2,7,0:56.6,37.7,12-11-12,12,437,-6
2026/02/04,川崎,5,百雷賞Ｃ２選定馬,900,ダ,左,良,晴,12,2,2,フロレシミエント,牝,4,53.0,424,-5,佐野遥,村田順,104.0,8,0:56.6,38.5,6-9-7,8,424,-5
2026/02/04,川崎,5,百雷賞Ｃ２選定馬,900,ダ,左,良,晴,12,7,10,ヒューマンライツ,牡,5,56.0,518,10,岡村裕,久保秀,62.3,9,0:56.9,39.0,3-3-5,7,518,10
2026/02/04,川崎,5,百雷賞Ｃ２選定馬,900,ダ,左,良,晴,12,7,9,ヒガシブレーヴ,牡,9,53.0,425,-7,神尾香,河津裕,125.9,10,0:57.1,38.9,9-8-10,11,425,-7
2026/02/04,川崎,5,百雷賞Ｃ２選定馬,900,ダ,左,良,晴,12,8,11,キラークラウン,牝,4,54.0,470,-1,中島龍,高橋宏,34.7,11,0:57.3,39.2,8-4-8,6,470,-1
2026/02/04,川崎,5,百雷賞Ｃ２選定馬,900,ダ,左,良,晴,12,6,8,プチビーンズ,牝,4,54.0,449,2,桑村真,水上直,112.5,12,0:57.6,39.7,6-6-8,9,449,2
2026/02/04,川崎,6,Ｊ交 ガーネットフラワー賞３歳未格付・Ｊ,1400,ダ,左,良,晴,12,7,9,エンゲルリート,牝,3,54.0,424,0,笹川翼,秋山直,16.5,1,1:32.3,39.6,7-6-7-5,4,424,0
2026/02/04,川崎,6,Ｊ交 ガーネットフラワー賞３歳未格付・Ｊ,1400,ダ,左,良,晴,12,4,4,ギフテッドクィーン,牝,3,54.0,483,7,野畑凌,鈴木義,1.6,2,1:32.4,40.5,1-1-1-1,1,483,7
2026/02/04,川崎,6,Ｊ交 ガーネットフラワー賞３歳未格付・Ｊ,1400,ダ,左,良,晴,12,8,12,ロココ,牝,3,52.0,456,4,長浜鴻,根本康,3.4,3,1:32.6,40.5,2-2-2-2,2,456,4
2026/02/04,川崎,6,Ｊ交 ガーネットフラワー賞３歳未格付・Ｊ,1400,ダ,左,良,晴,12,7,10,シノン,牝,3,54.0,415,-2,櫻井光,八木喜,10.7,4,1:32.8,40.5,4-5-4-4,3,415,-2
2026/02/04,川崎,6,Ｊ交 ガーネットフラワー賞３歳未格付・Ｊ,1400,ダ,左,良,晴,12,1,1,フォーマイディア,牝,3,54.0,435,-1,古岡勇,河津裕,210.8,5,1:33.0,40.0,9-9-10-9,12,435,-1
2026/02/04,川崎,6,Ｊ交 ガーネットフラワー賞３歳未格付・Ｊ,1400,ダ,左,良,晴,12,8,11,ジーベローチェ,牝,3,54.0,482,3,新原周,鈴木義,29.4,6,1:33.2,40.2,7-8-9-7,8,482,3
2026/02/04,川崎,6,Ｊ交 ガーネットフラワー賞３歳未格付・Ｊ,1400,ダ,左,良,晴,12,2,2,ソーマッチ,牝,3,54.0,423,-7,桑村真,鈴木伸,136.3,7,1:33.7,40.1,12-12-11-10,11,423,-7
2026/02/04,川崎,6,Ｊ交 ガーネットフラワー賞３歳未格付・Ｊ,1400,ダ,左,良,晴,12,3,3,ビースタニング,牝,3,51.0,483,5,佐藤翔,小手準,27.0,8,1:33.8,41.6,4-4-4-3,7,483,5
2026/02/04,川崎,6,Ｊ交 ガーネットフラワー賞３歳未格付・Ｊ,1400,ダ,左,良,晴,12,5,5,フローラルアーチ,牝,3,54.0,492,-4,武藤雅,武藤善,24.7,9,1:34.3,41.3,10-10-6-11,6,492,-4
2026/02/04,川崎,6,Ｊ交 ガーネットフラワー賞３歳未格付・Ｊ,1400,ダ,左,良,晴,12,6,8,カナールレイナ,牝,3,54.0,470,15,伊藤裕,佐々仁,44.6,10,1:34.7,42.6,2-2-2-6,10,470,15
2026/02/04,川崎,6,Ｊ交 ガーネットフラワー賞３歳未格付・Ｊ,1400,ダ,左,良,晴,12,6,7,ナムラハンナ,牝,3,54.0,436,-8,丸田恭,石栗龍,35.6,11,1:35.0,41.2,11-11-12-12,9,436,-8
2026/02/04,川崎,6,Ｊ交 ガーネットフラワー賞３歳未格付・Ｊ,1400,ダ,左,良,晴,12,5,6,ゴールドソシアル,牝,3,54.0,459,-5,矢野貴,武藤善,24.6,12,1:35.0,42.3,6-7-8-8,5,459,-5
2026/02/04,川崎,7,Ｃ２四 五,1400,ダ,左,良,晴,12,4,4,タイセイアダマス,牡,4,56.0,475,4,石川倭,内田勝,4.3,1,1:32.6,40.7,8-8-7-6,1,475,4
2026/02/04,川崎,7,Ｃ２四 五,1400,ダ,左,良,晴,12,2,2,ヒソカ,牡,4,53.0,498,3,佐藤翔,佐藤博,5.5,2,1:32.7,41.3,5-4-4-3,3,498,3
2026/02/04,川崎,7,Ｃ２四 五,1400,ダ,左,良,晴,12,7,10,クラフトキング,牡,4,56.0,446,-5,桑村真,佐々仁,37.1,3,1:32.8,40.4,11-11-11-8,9,446,-5
2026/02/04,川崎,7,Ｃ２四 五,1400,ダ,左,良,晴,12,5,5,シンデレラサマー,牝,6,54.0,480,-6,新原周,吉橋淳,8.9,4,1:32.9,40.9,9-10-10-7,6,480,-6
2026/02/04,川崎,7,Ｃ２四 五,1400,ダ,左,良,晴,12,6,8,エスパノーラ,牝,4,54.0,484,0,藤江渉,古澤悟,106.9,5,1:33.2,41.2,10-9-9-9,10,484,0
2026/02/04,川崎,7,Ｃ２四 五,1400,ダ,左,良,晴,12,6,7,キッドストン,牡,5,56.0,534,23,本田重,山崎裕,4.9,6,1:33.8,42.9,1-2-2-1,2,534,23
2026/02/04,川崎,7,Ｃ２四 五,1400,ダ,左,良,晴,12,1,1,ジャスミン,牝,4,54.0,470,4,町田直,鈴木義,6.0,7,1:34.0,43.3,2-1-1-1,5,470,4
2026/02/04,川崎,7,Ｃ２四 五,1400,ダ,左,良,晴,12,7,9,シングンアーメット,セ,0,55.0,467,-5,佐野遥,山崎尋,10.7,8,1:34.1,42.4,6-7-5-5,7,467,-5
2026/02/04,川崎,7,Ｃ２四 五,1400,ダ,左,良,晴,12,3,3,エイシンキャノピー,牝,4,54.0,455,-9,服部茂,武井和,257.9,9,1:34.5,42.8,7-5-8-4,11,455,-9
2026/02/04,川崎,7,Ｃ２四 五,1400,ダ,左,良,晴,12,5,6,ミュークフォルテ,牡,4,53.0,493,2,加藤雄,山崎尋,22.3,10,1:34.9,43.2,4-5-6-10,8,493,2
2026/02/04,川崎,7,Ｃ２四 五,1400,ダ,左,良,晴,12,8,12,オトメノネガイ,牝,5,54.0,423,-3,本田紀,田島寿,272.2,11,1:35.3,42.3,12-12-12-12,12,423,-3
2026/02/04,川崎,7,Ｃ２四 五,1400,ダ,左,良,晴,12,8,11,ベルバルト,牡,4,56.0,452,3,伊藤裕,酒井忍,5.6,12,1:35.3,44.2,3-3-3-11,4,452,3
2026/02/04,川崎,8,迅速果断賞Ｂ３選定馬,900,ダ,左,良,晴,12,8,12,トニープリンス,牡,6,56.0,492,-5,矢野貴,田邊陽,1.9,1,0:54.5,36.8,3-2-3,1,492,-5
2026/02/04,川崎,8,迅速果断賞Ｂ３選定馬,900,ダ,左,良,晴,12,8,11,ツツウラウラ,牡,4,56.0,469,7,西啓太,野口寛,8.1,2,0:54.6,36.6,5-4-2,4,469,7
2026/02/04,川崎,8,迅速果断賞Ｂ３選定馬,900,ダ,左,良,晴,12,5,5,カンノンアーニモ,牡,5,56.0,452,-1,岡村健,河津裕,4.1,3,0:55.1,37.5,2-3-4,2,452,-1
2026/02/04,川崎,8,迅速果断賞Ｂ３選定馬,900,ダ,左,良,晴,12,2,2,リブートパワー,牡,5,56.0,495,-1,福原杏,薮口一,14.2,4,0:55.3,37.4,6-6-6,6,495,-1
2026/02/04,川崎,8,迅速果断賞Ｂ３選定馬,900,ダ,左,良,晴,12,4,4,トリプルアクセル,牝,9,54.0,499,7,藤本現,山崎裕,42.6,5,0:55.4,37.5,4-5-5,8,499,7
2026/02/04,川崎,8,迅速果断賞Ｂ３選定馬,900,ダ,左,良,晴,12,5,6,エターナルセイバー,牝,5,54.0,463,-2,中越琉,八木仁,20.3,6,0:55.5,36.7,12-12-8,7,463,-2
2026/02/04,川崎,8,迅速果断賞Ｂ３選定馬,900,ダ,左,良,晴,12,7,9,ルールメイプル,牝,6,54.0,460,0,町田直,山崎裕,13.7,7,0:55.7,37.3,10-7-7,5,460,0
2026/02/04,川崎,8,迅速果断賞Ｂ３選定馬,900,ダ,左,良,晴,12,1,1,リュウノアスラーム,牝,6,54.0,491,-1,木間龍,齊藤敏,141.8,8,0:55.9,37.3,9-11-10,11,491,-1
2026/02/04,川崎,8,迅速果断賞Ｂ３選定馬,900,ダ,左,良,晴,12,7,10,モーモーブラック,牝,8,54.0,432,-8,池谷匠,村田順,87.9,9,0:56.0,38.6,1-1-1,9,432,-8
2026/02/04,川崎,8,迅速果断賞Ｂ３選定馬,900,ダ,左,良,晴,12,6,8,コパノマロン,牝,4,54.0,446,0,桑村真,山崎尋,135.3,10,0:56.3,37.3,11-10-11,10,446,0
2026/02/04,川崎,8,迅速果断賞Ｂ３選定馬,900,ダ,左,良,晴,12,6,7,ドナポンド,牝,4,54.0,495,4,野畑凌,高月賢,7.7,11,0:56.6,38.2,8-9-12,3,495,4
2026/02/04,川崎,8,迅速果断賞Ｂ３選定馬,900,ダ,左,良,晴,12,3,3,シナノクーパー,牡,4,56.0,425,-6,見越彬,鹿沼和,363.5,12,0:56.7,38.5,6-8-9,12,425,-6
2026/02/04,川崎,9,雪化粧特別Ｂ３一 二,1500,ダ,左,良,晴,14,2,2,フォースゲイト,牡,5,56.0,460,8,笹川翼,山崎裕,2.5,1,1:37.6,40.2,8-7-7-4,1,460,8
2026/02/04,川崎,9,雪化粧特別Ｂ３一 二,1500,ダ,左,良,晴,14,7,11,ロアリングフレイム,牝,4,54.0,472,6,新原周,鈴木義,4.1,2,1:37.7,40.9,2-2-2-2,2,472,6
2026/02/04,川崎,9,雪化粧特別Ｂ３一 二,1500,ダ,左,良,晴,14,3,4,イエヴァンポルッカ,牡,7,56.0,538,12,赤津和,宇野博,93.1,3,1:37.9,39.4,10-10-11-9,12,538,12
2026/02/04,川崎,9,雪化粧特別Ｂ３一 二,1500,ダ,左,良,晴,14,1,1,ユメドリーム,牡,4,56.0,452,0,服部茂,古澤悟,10.6,4,1:38.2,39.4,12-12-13-12,5,452,0
2026/02/04,川崎,9,雪化粧特別Ｂ３一 二,1500,ダ,左,良,晴,14,4,6,ゴールドモーニン,牡,4,56.0,535,4,古岡勇,岩本洋,158.3,5,1:38.3,41.3,5-5-4-6,13,535,4
2026/02/04,川崎,9,雪化粧特別Ｂ３一 二,1500,ダ,左,良,晴,14,4,5,タロサンダー,牡,5,56.0,516,22,矢野貴,小久智,5.4,6,1:38.3,41.3,5-4-4-4,3,516,22
2026/02/04,川崎,9,雪化粧特別Ｂ３一 二,1500,ダ,左,良,晴,14,5,7,グレイトムーン,牡,9,56.0,487,-7,仲野光,村田六,43.1,7,1:38.4,39.4,14-14-14-11,9,487,-7
2026/02/04,川崎,9,雪化粧特別Ｂ３一 二,1500,ダ,左,良,晴,14,8,14,チュラット,牝,4,54.0,443,-3,福原杏,水野貴,20.7,8,1:38.5,41.5,3-3-3-3,6,443,-3
2026/02/04,川崎,9,雪化粧特別Ｂ３一 二,1500,ダ,左,良,晴,14,7,12,ハクシンドラゴン,セ,0,56.0,454,3,櫻井光,平山真,27.3,9,1:38.9,40.4,11-11-12-13,8,454,3
2026/02/04,川崎,9,雪化粧特別Ｂ３一 二,1500,ダ,左,良,晴,14,5,8,クロームウルフ,牡,5,56.0,470,6,山林信,平田正,80.8,10,1:38.9,41.2,9-9-8-7,11,470,6
2026/02/04,川崎,9,雪化粧特別Ｂ３一 二,1500,ダ,左,良,晴,14,3,3,ブレイヴルーラー,牡,7,56.0,561,4,室陽一,横山保,7.4,11,1:39.0,42.3,1-1-1-1,4,561,4
2026/02/04,川崎,9,雪化粧特別Ｂ３一 二,1500,ダ,左,良,晴,14,6,10,ピノホホッア,牡,6,56.0,525,-6,秋元耕,野口孝,23.6,12,1:39.1,40.3,13-13-10-10,7,525,-6
2026/02/04,川崎,9,雪化粧特別Ｂ３一 二,1500,ダ,左,良,晴,14,8,13,アイノセンシ,牡,6,55.0,519,0,佐野遥,高月賢,56.3,13,1:39.4,42.2,4-6-4-8,10,519,0
2026/02/04,川崎,9,雪化粧特別Ｂ３一 二,1500,ダ,左,良,晴,14,6,9,テディージュエリー,牡,4,56.0,510,28,増田充,加藤誠,261.9,14,1:40.6,42.9,7-8-9-14,14,510,28
2026/02/04,川崎,10,Ｊ交 フェブラリースター賞Ｂ２Ｂ３選定馬,1600,ダ,左,良,晴,14,7,11,ライヴマスタード,牡,6,57.0,530,-11,七夕裕,工藤伸,5.2,1,1:45.5,40.2,9-9-10-10,3,530,-11
2026/02/04,川崎,10,Ｊ交 フェブラリースター賞Ｂ２Ｂ３選定馬,1600,ダ,左,良,晴,14,8,13,ファミーユウルーズ,牡,4,57.0,548,4,御神訓,武藤善,3.8,2,1:45.6,41.0,7-7-4-2,2,548,4
2026/02/04,川崎,10,Ｊ交 フェブラリースター賞Ｂ２Ｂ３選定馬,1600,ダ,左,良,晴,14,4,6,テンプーシャオン,牡,6,57.0,446,4,服部茂,和田勇,86.8,3,1:45.7,41.0,4-5-7-7,13,446,4
2026/02/04,川崎,10,Ｊ交 フェブラリースター賞Ｂ２Ｂ３選定馬,1600,ダ,左,良,晴,14,8,14,カサブランカキッド,牡,6,57.0,520,6,張田昂,和田勇,19.5,4,1:45.7,39.8,14-14-13-13,8,520,6
2026/02/04,川崎,10,Ｊ交 フェブラリースター賞Ｂ２Ｂ３選定馬,1600,ダ,左,良,晴,14,3,4,ベルウッドウズメ,セ,0,57.0,487,-2,石川倭,野口寛,42.8,5,1:45.8,41.1,6-6-8-6,10,487,-2
2026/02/04,川崎,10,Ｊ交 フェブラリースター賞Ｂ２Ｂ３選定馬,1600,ダ,左,良,晴,14,5,8,ベリーベリーベリー,牝,6,55.0,466,10,笹川翼,鈴木伸,7.6,6,1:46.0,41.0,9-9-9-8,4,466,10
2026/02/04,川崎,10,Ｊ交 フェブラリースター賞Ｂ２Ｂ３選定馬,1600,ダ,左,良,晴,14,3,3,ユキグニ,牡,7,57.0,502,-10,保園翔,水上直,15.6,7,1:46.0,41.9,1-1-1-1,6,502,-10
2026/02/04,川崎,10,Ｊ交 フェブラリースター賞Ｂ２Ｂ３選定馬,1600,ダ,左,良,晴,14,2,2,チョメチョメ,牡,5,57.0,493,-2,本田重,宇野博,15.5,8,1:46.2,41.6,5-4-6-4,5,493,-2
2026/02/04,川崎,10,Ｊ交 フェブラリースター賞Ｂ２Ｂ３選定馬,1600,ダ,左,良,晴,14,4,5,イサナ,牡,4,57.0,0,0,新原周,林隆之,2.9,9,1:46.3,42.0,2-2-2-2,1,0,0
2026/02/04,川崎,10,Ｊ交 フェブラリースター賞Ｂ２Ｂ３選定馬,1600,ダ,左,良,晴,14,7,12,コムルヴァン,牝,5,55.0,484,-2,西啓太,藤岡健,64.2,10,1:46.3,40.6,12-12-12-12,11,484,-2
2026/02/04,川崎,10,Ｊ交 フェブラリースター賞Ｂ２Ｂ３選定馬,1600,ダ,左,良,晴,14,5,7,ヴィブエアー,牡,7,57.0,501,2,町田直,内田勝,64.3,11,1:46.4,40.9,11-11-13-9,12,501,2
2026/02/04,川崎,10,Ｊ交 フェブラリースター賞Ｂ２Ｂ３選定馬,1600,ダ,左,良,晴,14,6,9,ハナノウタゲ,牝,4,55.0,530,5,木間龍,山崎裕,100.3,12,1:46.6,40.9,13-13-11-14,14,530,5
2026/02/04,川崎,10,Ｊ交 フェブラリースター賞Ｂ２Ｂ３選定馬,1600,ダ,左,良,晴,14,6,10,エコロヴァルム,牡,5,57.0,451,11,佐々大,小西一,19.2,13,1:47.1,42.6,3-3-3-4,7,451,11
2026/02/04,川崎,10,Ｊ交 フェブラリースター賞Ｂ２Ｂ３選定馬,1600,ダ,左,良,晴,14,1,1,ヤプシ,牡,5,57.0,501,6,野畑凌,佐々仁,36.5,14,1:48.3,43.7,8-8-5-11,9,501,6
2026/02/04,川崎,11,報知オールスターカップ【地方Ａ１下４歳上,2100,ダ,左,良,晴,13,7,10,スレイマン,牡,8,58.0,559,11,御神訓,藤田輝,2.0,1,2:17.8,38.3,1-1-2-1,1,559,11
2026/02/04,川崎,11,報知オールスターカップ【地方Ａ１下４歳上,2100,ダ,左,良,晴,13,1,1,アオイイーグル,牡,6,55.0,505,4,本田重,山下之,5.5,2,2:18.8,39.0,4-4-6-2,2,505,4
2026/02/04,川崎,11,報知オールスターカップ【地方Ａ１下４歳上,2100,ダ,左,良,晴,13,6,8,ヒーローコール,牡,6,58.0,516,-2,桑村真,小久智,11.0,3,2:18.8,39.0,5-5-1-3,4,516,-2
2026/02/04,川崎,11,報知オールスターカップ【地方Ａ１下４歳上,2100,ダ,左,良,晴,13,8,12,オピニオンリーダー,牡,6,56.0,464,-4,矢野貴,小久智,5.6,4,2:19.0,39.3,2-2-3-4,3,464,-4
2026/02/04,川崎,11,報知オールスターカップ【地方Ａ１下４歳上,2100,ダ,左,良,晴,13,2,2,ダノンフロイデ,牡,7,56.0,485,-10,中島龍,別府真,54.0,5,2:19.1,38.7,9-9-10-7,10,485,-10
2026/02/04,川崎,11,報知オールスターカップ【地方Ａ１下４歳上,2100,ダ,左,良,晴,13,5,6,カイル,牡,7,57.0,490,-5,見越彬,小久智,15.1,6,2:19.1,39.2,8-7-7-5,7,490,-5
2026/02/04,川崎,11,報知オールスターカップ【地方Ａ１下４歳上,2100,ダ,左,良,晴,13,4,4,ジョーエスポワール,牡,6,56.0,484,-6,西啓太,小久智,32.7,7,2:19.6,39.5,7-6-8-6,9,484,-6
2026/02/04,川崎,11,報知オールスターカップ【地方Ａ１下４歳上,2100,ダ,左,良,晴,13,5,7,プラセボ,セ,0,55.0,478,-2,石川倭,林　幻,12.7,8,2:20.5,40.4,6-8-8-9,5,478,-2
2026/02/04,川崎,11,報知オールスターカップ【地方Ａ１下４歳上,2100,ダ,左,良,晴,13,6,9,ノットリグレット,牡,8,56.0,484,13,本橋孝,川島一,70.2,9,2:20.6,39.8,12-11-11-11,11,484,13
2026/02/04,川崎,11,報知オールスターカップ【地方Ａ１下４歳上,2100,ダ,左,良,晴,13,4,5,ギガキング,牡,8,58.0,471,0,野畑凌,稲益貴,13.2,10,2:21.1,41.2,10-10-4-8,6,471,0
2026/02/04,川崎,11,報知オールスターカップ【地方Ａ１下４歳上,2100,ダ,左,良,晴,13,7,11,アルドーレ,牡,11,58.0,507,-1,町田直,田中守,97.7,11,2:21.5,40.5,11-11-12-12,12,507,-1
2026/02/04,川崎,11,報知オールスターカップ【地方Ａ１下４歳上,2100,ダ,左,良,晴,13,8,13,カレンアルカンタラ,牡,6,55.0,541,-1,岡村健,佐藤太,32.4,12,2:22.1,42.3,3-3-5-10,8,541,-1
2026/02/04,川崎,11,報知オールスターカップ【地方Ａ１下４歳上,2100,ダ,左,良,晴,13,3,3,ヘラルドバローズ,牡,7,57.0,488,-19,笹川翼,新子雅,,,,,,,488,-19
2026/02/04,川崎,12,立山賞Ｃ１選定馬,1500,ダ,左,良,晴,14,5,8,ソイラテ,牡,4,56.0,478,2,矢野貴,佐々仁,1.9,1,1:37.2,39.0,7-5-4-3,1,478,2
2026/02/04,川崎,12,立山賞Ｃ１選定馬,1500,ダ,左,良,晴,14,4,6,ライヴペッパー,牡,6,56.0,456,-1,藤本現,山崎裕,14.1,2,1:37.7,39.2,10-9-10-8,6,456,-1
2026/02/04,川崎,12,立山賞Ｃ１選定馬,1500,ダ,左,良,晴,14,3,4,トウマ,牡,6,56.0,465,6,町田直,久保秀,13.8,3,1:38.0,40.0,4-3-4-4,5,465,6
2026/02/04,川崎,12,立山賞Ｃ１選定馬,1500,ダ,左,良,晴,14,6,9,パイロデキセキ,牡,5,56.0,496,18,田中涼,鈴木義,55.7,4,1:38.2,39.2,11-12-11-10,11,496,18
2026/02/04,川崎,12,立山賞Ｃ１選定馬,1500,ダ,左,良,晴,14,7,12,エイシントゥラン,牝,7,54.0,476,5,張田昂,今井輝,33.3,5,1:38.3,39.9,9-8-8-6,9,476,5
2026/02/04,川崎,12,立山賞Ｃ１選定馬,1500,ダ,左,良,晴,14,7,11,プルーフリーダー,牡,5,56.0,472,-2,笹川翼,加藤誠,5.4,6,1:38.7,40.9,2-2-2-1,2,472,-2
2026/02/04,川崎,12,立山賞Ｃ１選定馬,1500,ダ,左,良,晴,14,4,5,ジーティーアグリム,牝,5,54.0,542,-1,本田重,山崎尋,6.2,7,1:38.9,40.9,3-4-3-5,3,542,-1
2026/02/04,川崎,12,立山賞Ｃ１選定馬,1500,ダ,左,良,晴,14,1,1,アルマヴィーヴァ,牡,4,56.0,492,-4,藤江渉,宇野博,27.5,8,1:39.1,40.7,6-7-7-7,7,492,-4
2026/02/04,川崎,12,立山賞Ｃ１選定馬,1500,ダ,左,良,晴,14,6,10,アンクロワヤブル,牡,4,56.0,452,-4,桑村真,林隆之,182.2,9,1:39.2,39.7,13-13-14-13,13,452,-4
2026/02/04,川崎,12,立山賞Ｃ１選定馬,1500,ダ,左,良,晴,14,8,14,サーブザミッション,牡,5,56.0,461,6,池谷匠,古澤悟,35.7,10,1:39.3,40.9,5-6-6-9,10,461,6
2026/02/04,川崎,12,立山賞Ｃ１選定馬,1500,ダ,左,良,晴,14,5,7,ロールザボーンズ,牝,4,54.0,469,5,古岡勇,内田勝,13.5,11,1:39.6,42.0,1-1-1-2,4,469,5
2026/02/04,川崎,12,立山賞Ｃ１選定馬,1500,ダ,左,良,晴,14,8,13,ノーブルクリード,牡,4,55.0,530,-3,佐野遥,田邊陽,29.6,12,1:39.6,40.9,8-10-9-12,8,530,-3
2026/02/04,川崎,12,立山賞Ｃ１選定馬,1500,ダ,左,良,晴,14,2,2,ダイヤクリスタル,牝,5,54.0,424,-6,室陽一,入口由,214.7,13,1:39.9,40.9,12-11-12-11,14,424,-6
2026/02/04,川崎,12,立山賞Ｃ１選定馬,1500,ダ,左,良,晴,14,3,3,レイニングキング,牡,4,56.0,481,5,本橋孝,内田勝,78.8,14,1:40.1,40.8,14-14-13-14,12,481,5
2026/02/05,川崎,1,３歳３,1400,ダ,左,良,晴,12,2,2,デーレーハンサム,牡,3,56.0,487,3,新原周,鈴木義,27.0,1,1:33.4,40.2,1-1-1-1,6,487,3
2026/02/05,川崎,1,３歳３,1400,ダ,左,良,晴,12,6,8,カガヤクネガイ,牡,3,56.0,456,3,町田直,平田正,7.6,2,1:33.5,39.9,9-9-3-3,4,456,3
2026/02/05,川崎,1,３歳３,1400,ダ,左,良,晴,12,8,11,ラーマ,牡,3,56.0,518,25,桑村真,内田勝,7.1,3,1:34.0,40.3,6-6-6-5,3,518,25
2026/02/05,川崎,1,３歳３,1400,ダ,左,良,晴,12,7,10,ジャパンハート,牡,3,56.0,525,1,矢野貴,佐々仁,4.1,4,1:34.2,40.6,3-3-3-2,2,525,1
2026/02/05,川崎,1,３歳３,1400,ダ,左,良,晴,12,5,6,ヒデガミクィーン,牝,3,54.0,447,-9,服部茂,山田質,72.3,5,1:34.6,40.5,10-10-11-11,9,447,-9
2026/02/05,川崎,1,３歳３,1400,ダ,左,良,晴,12,1,1,レノヴァティオ,牡,3,56.0,496,-13,笹川翼,繁田健,2.0,6,1:34.8,41.2,5-4-5-4,1,496,-13
2026/02/05,川崎,1,３歳３,1400,ダ,左,良,晴,12,5,5,レインボージェンヌ,牝,3,54.0,435,-1,櫻井光,佐藤博,81.4,7,1:34.9,41.0,7-7-8-7,10,435,-1
2026/02/05,川崎,1,３歳３,1400,ダ,左,良,晴,12,7,9,アイノプライム,牝,3,54.0,442,2,鷹見陸,佐々仁,68.7,8,1:35.2,41.1,8-8-12-12,8,442,2
2026/02/05,川崎,1,３歳３,1400,ダ,左,良,晴,12,6,7,ハマウルフ,牡,3,56.0,481,-1,藤江渉,岩本洋,92.0,9,1:35.3,41.2,12-12-10-9,12,481,-1
2026/02/05,川崎,1,３歳３,1400,ダ,左,良,晴,12,3,3,ヨンクン,牡,3,55.0,487,-10,及川烈,長谷忍,81.9,10,1:35.4,42.0,2-2-1-6,11,487,-10
2026/02/05,川崎,1,３歳３,1400,ダ,左,良,晴,12,8,12,リュウノアーチスト,牝,3,54.0,461,7,古岡勇,山崎尋,57.9,11,1:35.8,41.7,10-11-8-9,7,461,7
2026/02/05,川崎,1,３歳３,1400,ダ,左,良,晴,12,4,4,ピサンザプラ,牝,3,53.0,460,3,佐野遥,高月賢,8.1,12,1:36.0,42.4,4-5-6-8,5,460,3
2026/02/05,川崎,2,ストーム賞３歳未格付選定馬,900,ダ,左,良,晴,10,5,5,ナナミ,牝,3,54.0,451,2,矢野貴,高月賢,1.8,1,0:56.7,38.7,1-1-1,1,451,2
2026/02/05,川崎,2,ストーム賞３歳未格付選定馬,900,ダ,左,良,晴,10,8,10,アウフタクト,牝,3,51.0,428,0,神尾香,山田質,8.6,2,0:57.3,39.2,2-2-2,5,428,0
2026/02/05,川崎,2,ストーム賞３歳未格付選定馬,900,ダ,左,良,晴,10,3,3,ムジークヘーレン,牝,3,54.0,409,2,野畑凌,平田正,5.8,3,0:58.1,39.7,4-3-3,3,409,2
2026/02/05,川崎,2,ストーム賞３歳未格付選定馬,900,ダ,左,良,晴,10,4,4,ノーサイドガール,牝,3,54.0,468,-3,張田昂,山田質,8.3,4,0:58.3,39.8,5-6-4,4,468,-3
2026/02/05,川崎,2,ストーム賞３歳未格付選定馬,900,ダ,左,良,晴,10,8,9,カネトシライパー,牡,3,56.0,442,0,山林信,佐々仁,69.5,5,0:58.4,39.8,6-5-6,8,442,0
2026/02/05,川崎,2,ストーム賞３歳未格付選定馬,900,ダ,左,良,晴,10,7,8,カミノリメイン,牝,3,54.0,380,-10,藤江渉,田島寿,161.6,6,0:58.4,40.0,3-3-4,9,380,-10
2026/02/05,川崎,2,ストーム賞３歳未格付選定馬,900,ダ,左,良,晴,10,1,1,アメリカンサンデー,牡,3,56.0,0,0,中越琉,鈴木義,33.9,7,0:58.6,38.7,10-10-10,7,0,0
2026/02/05,川崎,2,ストーム賞３歳未格付選定馬,900,ダ,左,良,晴,10,7,7,グロースフロイデ,牝,3,54.0,407,-11,服部茂,山田質,215.8,8,0:58.7,39.5,7-7-7,10,407,-11
2026/02/05,川崎,2,ストーム賞３歳未格付選定馬,900,ダ,左,良,晴,10,2,2,エルブフォール,牡,3,56.0,437,23,町田直,甲田悟,4.9,9,0:58.9,39.4,8-9-8,2,437,23
2026/02/05,川崎,2,ストーム賞３歳未格付選定馬,900,ダ,左,良,晴,10,6,6,キンパツ,牡,3,56.0,0,0,新原周,鈴木義,18.9,10,0:58.9,39.4,9-8-9,6,0,0
2026/02/05,川崎,3,Ｃ３三 四,1400,ダ,左,良,晴,12,8,12,モズミコシ,牡,4,56.0,451,8,野畑凌,高月賢,1.6,1,1:33.3,39.1,2-2-1-2,1,451,8
2026/02/05,川崎,3,Ｃ３三 四,1400,ダ,左,良,晴,12,1,1,キョウエイセレッソ,牝,4,54.0,430,0,笠野雄,岩崎真,3.7,2,1:34.3,39.9,7-5-4-4,2,430,0
2026/02/05,川崎,3,Ｃ３三 四,1400,ダ,左,良,晴,12,7,10,セイウンヤタガラス,牡,4,56.0,440,-5,山林信,田邊陽,21.5,3,1:34.4,40.1,4-4-2-3,6,440,-5
2026/02/05,川崎,3,Ｃ３三 四,1400,ダ,左,良,晴,12,6,7,ムンディ,牝,4,54.0,418,0,池谷匠,八木仁,5.6,4,1:35.0,39.7,10-11-11-9,3,418,0
2026/02/05,川崎,3,Ｃ３三 四,1400,ダ,左,良,晴,12,8,11,イエスユイキャン,牝,4,54.0,431,-2,吉留孝,薮口一,192.1,5,1:35.1,40.3,6-6-6-6,10,431,-2
2026/02/05,川崎,3,Ｃ３三 四,1400,ダ,左,良,晴,12,6,8,ディバインウィル,牝,5,54.0,398,-21,福原杏,田島寿,78.4,6,1:35.2,40.1,11-10-10-8,8,398,-21
2026/02/05,川崎,3,Ｃ３三 四,1400,ダ,左,良,晴,12,5,6,クインズカヤノヒメ,牝,6,54.0,460,-1,岡村裕,八木喜,21.0,7,1:35.5,40.4,7-8-9-12,5,460,-1
2026/02/05,川崎,3,Ｃ３三 四,1400,ダ,左,良,晴,12,4,4,リームシュトローア,牡,4,56.0,459,-12,岡田大,薮口一,457.6,8,1:35.6,40.5,7-9-12-10,12,459,-12
2026/02/05,川崎,3,Ｃ３三 四,1400,ダ,左,良,晴,12,5,5,ジーティーケリー,牝,4,54.0,400,-8,伊藤裕,村田順,103.7,9,1:35.8,40.5,12-12-6-7,9,400,-8
2026/02/05,川崎,3,Ｃ３三 四,1400,ダ,左,良,晴,12,3,3,ルディカツー,牝,4,54.0,512,-6,櫻井光,高橋宏,18.6,10,1:36.0,41.9,1-1-2-1,4,512,-6
2026/02/05,川崎,3,Ｃ３三 四,1400,ダ,左,良,晴,12,7,9,カルストンブランド,牝,4,54.0,434,-9,秋元耕,入口由,329.5,11,1:36.6,42.2,3-3-5-5,11,434,-9
2026/02/05,川崎,3,Ｃ３三 四,1400,ダ,左,良,晴,12,2,2,パーティーキング,牡,6,56.0,496,4,新原周,田邊陽,41.5,12,1:37.4,42.6,5-7-8-10,7,496,4
2026/02/05,川崎,4,Ｃ３三 四,1400,ダ,左,良,晴,10,7,8,キタノチャンス,牝,4,54.0,474,0,新原周,酒井忍,1.8,1,1:32.6,40.0,2-2-2-2,1,474,0
2026/02/05,川崎,4,Ｃ３三 四,1400,ダ,左,良,晴,10,2,2,コトリノウタウウタ,牝,4,54.0,438,8,福原杏,水野貴,5.7,2,1:33.2,42.2,1-1-1-1,2,438,8
2026/02/05,川崎,4,Ｃ３三 四,1400,ダ,左,良,晴,10,1,1,リケアディンブラ,牝,4,54.0,462,3,西啓太,高橋宏,16.4,3,1:33.6,40.9,4-3-3-3,6,462,3
2026/02/05,川崎,4,Ｃ３三 四,1400,ダ,左,良,晴,10,7,7,メジャーアピール,牡,4,56.0,462,-2,野畑凌,宇野博,6.9,4,1:33.9,40.7,5-5-5-5,3,462,-2
2026/02/05,川崎,4,Ｃ３三 四,1400,ダ,左,良,晴,10,6,6,クルメミッチー,牡,6,55.0,518,17,佐野遥,田邊陽,10.1,5,1:33.9,41.0,3-4-4-4,5,518,17
2026/02/05,川崎,4,Ｃ３三 四,1400,ダ,左,良,晴,10,3,3,スノーウィースカイ,牡,4,56.0,472,0,藤江渉,平田正,18.9,6,1:34.1,40.1,8-8-9-8,7,472,0
2026/02/05,川崎,4,Ｃ３三 四,1400,ダ,左,良,晴,10,4,4,ガルヴァニック,牝,6,54.0,486,2,伊藤裕,村田順,7.6,7,1:34.2,40.6,7-7-6-6,4,486,2
2026/02/05,川崎,4,Ｃ３三 四,1400,ダ,左,良,晴,10,8,9,キナリ,牝,5,54.0,517,-2,岡村裕,村田六,111.7,8,1:34.5,40.3,9-9-7-10,9,517,-2
2026/02/05,川崎,4,Ｃ３三 四,1400,ダ,左,良,晴,10,8,10,エヴィエニス,牡,5,56.0,496,3,菅原涼,田島寿,158.5,9,1:34.5,39.9,10-10-10-9,10,496,3
2026/02/05,川崎,4,Ｃ３三 四,1400,ダ,左,良,晴,10,5,5,ローゼシュティア,牝,7,54.0,477,1,櫻井光,八木喜,25.0,10,1:34.9,41.3,6-6-7-7,8,477,1
2026/02/05,川崎,5,渦雷賞Ｃ２選定馬,900,ダ,左,良,晴,12,7,9,パルクールチェコ,牝,5,54.0,481,-3,笹川翼,加藤誠,2.0,1,0:55.4,38.0,1-1-1,1,481,-3
2026/02/05,川崎,5,渦雷賞Ｃ２選定馬,900,ダ,左,良,晴,12,5,5,イイクニアシェル,牡,5,56.0,515,4,桑村真,久保秀,2.6,2,0:56.1,38.2,5-6-4,2,515,4
2026/02/05,川崎,5,渦雷賞Ｃ２選定馬,900,ダ,左,良,晴,12,1,1,ラブアンドビーンズ,牝,4,52.0,487,-2,中山遥,水上直,41.7,3,0:56.2,38.6,2-3-2,8,487,-2
2026/02/05,川崎,5,渦雷賞Ｃ２選定馬,900,ダ,左,良,晴,12,2,2,メイショウユウモウ,セ,0,56.0,422,-10,岡村裕,武井和,10.0,4,0:56.3,38.7,2-2-2,3,422,-10
2026/02/05,川崎,5,渦雷賞Ｃ２選定馬,900,ダ,左,良,晴,12,3,3,ミヤジミニー,牝,6,54.0,425,0,鷹見陸,田邊陽,10.3,5,0:56.5,38.6,6-7-4,4,425,0
2026/02/05,川崎,5,渦雷賞Ｃ２選定馬,900,ダ,左,良,晴,12,4,4,ラインフェルネ,牝,4,54.0,435,-5,七夕裕,野口孝,224.4,6,0:56.9,38.4,9-11-9,11,435,-5
2026/02/05,川崎,5,渦雷賞Ｃ２選定馬,900,ダ,左,良,晴,12,8,12,エルリーブル,セ,0,56.0,480,3,藤江渉,平田正,17.7,7,0:56.9,39.0,7-4-7,5,480,3
2026/02/05,川崎,5,渦雷賞Ｃ２選定馬,900,ダ,左,良,晴,12,6,8,スオーノ,牝,4,54.0,459,2,田中涼,山田質,337.3,8,0:56.9,38.3,11-9-10,12,459,2
2026/02/05,川崎,5,渦雷賞Ｃ２選定馬,900,ダ,左,良,晴,12,6,7,イクノガキタゾ,牡,4,56.0,487,-3,菅原涼,佐々仁,68.9,9,0:56.9,38.3,9-12-11,9,487,-3
2026/02/05,川崎,5,渦雷賞Ｃ２選定馬,900,ダ,左,良,晴,12,8,11,コトノサンショ,牡,6,55.0,476,-3,佐野遥,河津裕,23.7,10,0:57.0,39.1,4-5-4,7,476,-3
2026/02/05,川崎,5,渦雷賞Ｃ２選定馬,900,ダ,左,良,晴,12,5,6,サノノラブミー,牝,4,54.0,436,-4,福原杏,川島豊,22.5,11,0:57.1,38.8,8-8-8,6,436,-4
2026/02/05,川崎,5,渦雷賞Ｃ２選定馬,900,ダ,左,良,晴,12,7,10,エイシンダリア,牝,4,51.0,449,-9,神尾香,今井輝,91.5,12,0:58.2,39.6,12-9-12,10,449,-9
2026/02/05,川崎,6,Ｃ２六 七,1400,ダ,左,良,晴,12,7,10,フジュム,セ,0,56.0,518,-1,矢野貴,高月賢,1.5,1,1:32.3,40.2,4-4-1-1,1,518,-1
2026/02/05,川崎,6,Ｃ２六 七,1400,ダ,左,良,晴,12,5,5,エールラヴィクトワ,牝,4,54.0,434,8,古岡勇,山崎裕,18.3,2,1:32.7,40.0,9-9-10-8,4,434,8
2026/02/05,川崎,6,Ｃ２六 七,1400,ダ,左,良,晴,12,4,4,ミライヘノテンシ,牝,4,54.0,460,-4,増田充,佐々仁,153.9,3,1:32.7,39.8,11-11-12-10,10,460,-4
2026/02/05,川崎,6,Ｃ２六 七,1400,ダ,左,良,晴,12,8,12,セレナス,牝,4,54.0,406,-6,櫻井光,久保秀,59.7,4,1:32.8,40.3,10-9-6-5,7,406,-6
2026/02/05,川崎,6,Ｃ２六 七,1400,ダ,左,良,晴,12,6,8,タヴァネスタン,牡,4,56.0,505,5,野畑凌,平田正,2.7,5,1:32.8,40.7,5-5-2-2,2,505,5
2026/02/05,川崎,6,Ｃ２六 七,1400,ダ,左,良,晴,12,6,7,モズノセイギ,牡,4,53.0,468,-1,加藤雄,山崎尋,27.1,6,1:32.9,40.8,3-3-3-4,5,468,-1
2026/02/05,川崎,6,Ｃ２六 七,1400,ダ,左,良,晴,12,2,2,ウインプリームス,牝,6,53.0,442,-2,佐野遥,吉橋淳,15.3,7,1:33.5,41.4,2-1-5-6,3,442,-2
2026/02/05,川崎,6,Ｃ２六 七,1400,ダ,左,良,晴,12,7,9,ベラヴィットーリア,牝,4,54.0,518,1,桑村真,佐藤博,116.3,8,1:33.7,40.8,12-12-11-11,9,518,1
2026/02/05,川崎,6,Ｃ２六 七,1400,ダ,左,良,晴,12,3,3,ゼンダントモニ,牡,4,56.0,474,2,秋元耕,佐々仁,32.7,9,1:33.8,41.7,1-2-4-3,6,474,2
2026/02/05,川崎,6,Ｃ２六 七,1400,ダ,左,良,晴,12,1,1,カサミラ,牝,4,54.0,460,3,服部茂,山田質,237.7,10,1:35.0,42.4,7-6-9-7,11,460,3
2026/02/05,川崎,6,Ｃ２六 七,1400,ダ,左,良,晴,12,8,11,コミックガール,牝,5,54.0,436,6,藤江渉,八木喜,90.8,11,1:35.5,42.8,7-8-8-12,8,436,6
2026/02/05,川崎,6,Ｃ２六 七,1400,ダ,左,良,晴,12,5,6,ラプラタ,牝,5,54.0,463,3,岡村裕,安池成,416.5,12,1:35.6,43.1,5-7-7-9,12,463,3
2026/02/05,川崎,7,Ｃ２六 七,1400,ダ,左,良,晴,12,3,3,ロコモーション,セ,0,56.0,454,-11,野畑凌,高月賢,1.5,1,1:32.7,39.7,11-11-4-4,1,454,-11
2026/02/05,川崎,7,Ｃ２六 七,1400,ダ,左,良,晴,12,8,12,アイビージーニー,牡,4,56.0,503,5,藤本現,山崎裕,15.4,2,1:32.9,40.3,4-3-3-3,5,503,5
2026/02/05,川崎,7,Ｃ２六 七,1400,ダ,左,良,晴,12,2,2,マニーシーン,牝,4,53.0,479,3,佐野遥,高橋宏,6.9,3,1:33.1,40.5,3-4-6-4,3,479,3
2026/02/05,川崎,7,Ｃ２六 七,1400,ダ,左,良,晴,12,8,11,タツノキセキ,牡,6,56.0,522,-5,西啓太,秋山直,10.3,4,1:33.2,40.4,8-6-6-7,4,522,-5
2026/02/05,川崎,7,Ｃ２六 七,1400,ダ,左,良,晴,12,5,6,カンナギ,牝,4,54.0,416,7,町田直,平田正,63.0,5,1:33.3,39.7,10-10-10-11,7,416,7
2026/02/05,川崎,7,Ｃ２六 七,1400,ダ,左,良,晴,12,7,9,イクノオリンピア,牡,5,56.0,446,5,古岡勇,佐々仁,4.6,6,1:33.5,41.0,2-2-2-1,2,446,5
2026/02/05,川崎,7,Ｃ２六 七,1400,ダ,左,良,晴,12,7,10,パリカー,牡,4,53.0,455,4,加藤雄,安池成,89.0,7,1:33.5,40.3,9-8-9-8,9,455,4
2026/02/05,川崎,7,Ｃ２六 七,1400,ダ,左,良,晴,12,5,5,ファルコンエース,牝,4,54.0,446,18,中越琉,鈴木義,65.2,8,1:33.7,40.3,6-9-8-9,8,446,18
2026/02/05,川崎,7,Ｃ２六 七,1400,ダ,左,良,晴,12,4,4,サウスオブロンドン,牡,4,56.0,491,5,鷹見陸,佐々仁,20.6,9,1:33.8,41.2,5-5-5-4,6,491,5
2026/02/05,川崎,7,Ｃ２六 七,1400,ダ,左,良,晴,12,6,7,スイレンチャン,牝,4,52.0,453,-5,中山遥,久保秀,205.6,10,1:34.3,41.9,1-1-1-2,11,453,-5
2026/02/05,川崎,7,Ｃ２六 七,1400,ダ,左,良,晴,12,1,1,ピーカンパイ,牝,4,54.0,422,-4,池谷匠,甲田悟,201.0,11,1:34.3,40.9,7-7-11-9,10,422,-4
2026/02/05,川崎,7,Ｃ２六 七,1400,ダ,左,良,晴,12,6,8,ジャンボリクイーン,牝,4,54.0,467,1,服部茂,山田質,313.2,12,1:34.6,40.6,12-12-12-12,12,467,1
2026/02/05,川崎,8,多摩川オープンＡ１下４歳上,1600,ダ,左,良,晴,5,3,3,アームズレイン,牡,6,57.0,506,1,桑村真,佐々仁,1.7,1,1:44.1,39.4,2-2-2-2,1,506,1
2026/02/05,川崎,8,多摩川オープンＡ１下４歳上,1600,ダ,左,良,晴,5,1,1,ゴールドホイヤー,牡,9,57.0,501,0,古岡勇,岩本洋,19.9,2,1:44.1,38.9,4-4-4-3,5,501,0
2026/02/05,川崎,8,多摩川オープンＡ１下４歳上,1600,ダ,左,良,晴,5,4,4,タイムモーメント,セ,0,55.0,493,-2,本橋孝,川島一,8.1,3,1:44.4,38.9,5-5-5-5,4,493,-2
2026/02/05,川崎,8,多摩川オープンＡ１下４歳上,1600,ダ,左,良,晴,5,2,2,シーサーペント,牡,6,57.0,489,2,矢野貴,小久智,4.6,4,1:44.6,40.1,1-1-1-1,3,489,2
2026/02/05,川崎,8,多摩川オープンＡ１下４歳上,1600,ダ,左,良,晴,5,5,5,マテリアルガール,牝,6,53.0,485,-1,澤田龍,小久智,3.3,5,1:44.7,39.6,3-3-3-4,2,485,-1
2026/02/05,川崎,9,菜の花賞Ｃ１三,1400,ダ,左,良,晴,13,5,6,エクセルボビー,牡,4,56.0,491,-7,矢野貴,高月賢,7.1,1,1:31.5,39.5,2-2-2-2,3,491,-7
2026/02/05,川崎,9,菜の花賞Ｃ１三,1400,ダ,左,良,晴,13,7,10,マルモリアクティブ,牝,4,54.0,451,-1,野畑凌,甲田悟,2.3,2,1:31.7,39.8,1-1-1-1,1,451,-1
2026/02/05,川崎,9,菜の花賞Ｃ１三,1400,ダ,左,良,晴,13,6,9,ミスフォルテ,牝,4,54.0,463,1,笹川翼,田邊陽,10.1,3,1:32.0,39.4,5-5-5-5,4,463,1
2026/02/05,川崎,9,菜の花賞Ｃ１三,1400,ダ,左,良,晴,13,1,1,マジカルレイズ,牡,5,56.0,479,9,張田昂,山崎裕,13.9,4,1:32.1,39.2,9-7-7-6,6,479,9
2026/02/05,川崎,9,菜の花賞Ｃ１三,1400,ダ,左,良,晴,13,5,7,タキ,牡,5,56.0,438,-1,町田直,甲田悟,49.9,5,1:32.1,38.8,10-10-9-7,9,438,-1
2026/02/05,川崎,9,菜の花賞Ｃ１三,1400,ダ,左,良,晴,13,4,4,オルペラー,牡,4,56.0,486,-2,櫻井光,佐藤博,3.2,6,1:32.4,40.2,3-3-3-4,2,486,-2
2026/02/05,川崎,9,菜の花賞Ｃ１三,1400,ダ,左,良,晴,13,8,12,ブレーヴジャーニー,セ,0,56.0,445,3,本田重,佐藤博,10.4,7,1:32.4,38.8,11-11-11-10,5,445,3
2026/02/05,川崎,9,菜の花賞Ｃ１三,1400,ダ,左,良,晴,13,3,3,アマモト,牡,5,56.0,487,16,福原杏,山崎裕,30.6,8,1:32.8,40.6,4-4-4-3,8,487,16
2026/02/05,川崎,9,菜の花賞Ｃ１三,1400,ダ,左,良,晴,13,6,8,シングアウト,牡,4,56.0,457,-4,新原周,茂木浩,29.0,9,1:32.9,38.9,12-12-12-12,7,457,-4
2026/02/05,川崎,9,菜の花賞Ｃ１三,1400,ダ,左,良,晴,13,2,2,スウィートドリーム,牝,5,53.0,459,-1,佐野遥,高月賢,117.7,10,1:33.2,40.2,7-8-8-9,10,459,-1
2026/02/05,川崎,9,菜の花賞Ｃ１三,1400,ダ,左,良,晴,13,8,13,ミュークレグルス,牡,8,56.0,515,-1,古岡勇,山崎尋,166.2,11,1:33.4,40.5,6-6-6-8,12,515,-1
2026/02/05,川崎,9,菜の花賞Ｃ１三,1400,ダ,左,良,晴,13,7,11,ピーチマカロン,牝,4,54.0,481,-2,岡村裕,久保勇,121.2,12,1:34.0,40.7,8-9-9-11,11,481,-2
2026/02/05,川崎,9,菜の花賞Ｃ１三,1400,ダ,左,良,晴,13,4,5,ティーケーメイト,牝,8,54.0,454,5,中越琉,八木仁,319.7,13,1:34.0,39.6,13-13-13-13,13,454,5
2026/02/05,川崎,10,芍薬賞Ｃ２選定馬,1500,ダ,左,良,晴,14,2,2,ジンガー,牡,4,56.0,500,8,矢野貴,鈴木義,1.6,1,1:37.7,39.8,1-1-1-1,1,500,8
2026/02/05,川崎,10,芍薬賞Ｃ２選定馬,1500,ダ,左,良,晴,14,7,11,アカネセイコー,牝,4,54.0,466,-7,福原杏,水野貴,14.7,2,1:39.1,40.8,6-6-5-4,5,466,-7
2026/02/05,川崎,10,芍薬賞Ｃ２選定馬,1500,ダ,左,良,晴,14,3,4,ガルニエ,牡,5,55.0,462,8,佐野遥,秋山直,11.8,3,1:39.1,40.8,4-3-3-2,4,462,8
2026/02/05,川崎,10,芍薬賞Ｃ２選定馬,1500,ダ,左,良,晴,14,3,3,オースター,牡,8,56.0,481,-6,西啓太,山崎裕,19.8,4,1:39.3,41.2,2-2-2-2,6,481,-6
2026/02/05,川崎,10,芍薬賞Ｃ２選定馬,1500,ダ,左,良,晴,14,1,1,サンライズソング,牝,6,54.0,423,-7,櫻井光,安池成,150.3,5,1:39.4,40.9,7-5-7-5,11,423,-7
2026/02/05,川崎,10,芍薬賞Ｃ２選定馬,1500,ダ,左,良,晴,14,8,13,ストロンゲスト,牡,7,56.0,499,1,町田直,古澤悟,7.0,6,1:39.4,40.8,8-8-7-6,3,499,1
2026/02/05,川崎,10,芍薬賞Ｃ２選定馬,1500,ダ,左,良,晴,14,5,7,ユメミ,牝,4,54.0,417,10,古岡勇,八木喜,134.4,7,1:39.9,40.1,11-10-10-9,9,417,10
2026/02/05,川崎,10,芍薬賞Ｃ２選定馬,1500,ダ,左,良,晴,14,7,12,ダイゴホマレリュウ,牡,5,56.0,546,4,藤江渉,山田質,31.7,8,1:40.5,42.0,5-7-6-8,7,546,4
2026/02/05,川崎,10,芍薬賞Ｃ２選定馬,1500,ダ,左,良,晴,14,6,9,セイウンパイオニア,牡,5,56.0,507,-3,山林信,田邊陽,71.2,9,1:40.6,40.1,13-14-13-13,8,507,-3
2026/02/05,川崎,10,芍薬賞Ｃ２選定馬,1500,ダ,左,良,晴,14,4,5,ミシェット,牝,5,51.0,471,-1,神尾香,山田正,325.4,10,1:40.9,40.7,10-11-12-12,13,471,-1
2026/02/05,川崎,10,芍薬賞Ｃ２選定馬,1500,ダ,左,良,晴,14,4,6,グリントレッド,牡,4,53.0,516,-1,加藤雄,山崎尋,418.0,11,1:41.0,41.2,12-12-9-10,14,516,-1
2026/02/05,川崎,10,芍薬賞Ｃ２選定馬,1500,ダ,左,良,晴,14,6,10,ユウユウニコヴィア,牝,4,52.0,412,-16,中山遥,横山保,230.1,12,1:41.2,41.4,9-9-11-11,12,412,-16
2026/02/05,川崎,10,芍薬賞Ｃ２選定馬,1500,ダ,左,良,晴,14,5,8,ネオシャングリラ,牡,4,56.0,505,5,増田充,久保勇,143.9,13,1:41.4,40.9,13-13-14-14,10,505,5
2026/02/05,川崎,10,芍薬賞Ｃ２選定馬,1500,ダ,左,良,晴,14,8,14,タイプフェイス,牝,5,54.0,440,-18,野畑凌,水野貴,4.6,14,1:41.7,43.4,3-4-3-7,2,440,-18
2026/02/05,川崎,11,湘南オリーブオイル杯Ｂ２二,1400,ダ,左,良,晴,12,4,4,サウンドバッハ,牡,4,56.0,482,-1,本田重,河津裕,5.0,1,1:30.2,39.0,6-4-5-4,2,482,-1
2026/02/05,川崎,11,湘南オリーブオイル杯Ｂ２二,1400,ダ,左,良,晴,12,3,3,スターグリップ,牡,4,56.0,474,-1,笹川翼,田島寿,1.5,2,1:30.3,39.3,2-2-1-2,1,474,-1
2026/02/05,川崎,11,湘南オリーブオイル杯Ｂ２二,1400,ダ,左,良,晴,12,1,1,モネ,牝,7,54.0,478,-6,新原周,林隆之,28.7,3,1:31.0,39.8,5-5-6-3,6,478,-6
2026/02/05,川崎,11,湘南オリーブオイル杯Ｂ２二,1400,ダ,左,良,晴,12,5,6,サンリコリス,牝,5,52.0,466,-8,藤本現,山崎裕,39.8,4,1:31.2,39.8,8-7-7-6,7,466,-8
2026/02/05,川崎,11,湘南オリーブオイル杯Ｂ２二,1400,ダ,左,良,晴,12,5,5,ボーイハンター,牝,5,54.0,475,4,西啓太,山崎尋,106.9,5,1:31.3,39.0,12-12-12-10,10,475,4
2026/02/05,川崎,11,湘南オリーブオイル杯Ｂ２二,1400,ダ,左,良,晴,12,2,2,ミュステーリオン,牝,7,54.0,506,19,櫻井光,小久智,123.3,6,1:31.5,40.7,1-1-1-1,11,506,19
2026/02/05,川崎,11,湘南オリーブオイル杯Ｂ２二,1400,ダ,左,良,晴,12,8,11,タイセイフェスタ,セ,0,56.0,486,6,鷹見陸,内田勝,192.7,7,1:31.6,40.0,10-9-10-8,12,486,6
2026/02/05,川崎,11,湘南オリーブオイル杯Ｂ２二,1400,ダ,左,良,晴,12,7,10,デアシュトゥルム,牡,6,56.0,481,2,田中涼,鈴木義,42.4,8,1:31.9,40.3,9-8-8-9,8,481,2
2026/02/05,川崎,11,湘南オリーブオイル杯Ｂ２二,1400,ダ,左,良,晴,12,8,12,メロスゴー,牡,5,55.0,479,-5,及川烈,箕輪武,64.3,9,1:31.9,39.8,11-11-11-11,9,479,-5
2026/02/05,川崎,11,湘南オリーブオイル杯Ｂ２二,1400,ダ,左,良,晴,12,7,9,サザンカ,牝,5,54.0,490,9,町田直,長友豊,5.7,10,1:32.1,40.2,7-10-9-12,3,490,9
2026/02/05,川崎,11,湘南オリーブオイル杯Ｂ２二,1400,ダ,左,良,晴,12,6,8,ピーエムナナ,牝,4,54.0,464,-1,桑村真,酒井忍,15.0,11,1:32.6,41.4,4-6-3-5,4,464,-1
2026/02/05,川崎,11,湘南オリーブオイル杯Ｂ２二,1400,ダ,左,良,晴,12,6,7,カイトキング,牡,7,56.0,489,-5,秋元耕,水野貴,25.5,12,1:32.6,41.4,3-3-3-7,5,489,-5
2026/02/05,川崎,12,アリアンロッド賞Ｃ１選定馬,2000,ダ,左,良,晴,13,1,1,ダートレイジング,牡,6,56.0,506,0,笹川翼,加藤誠,2.9,1,2:18.0,39.3,6-7-8-5,1,506,0
2026/02/05,川崎,12,アリアンロッド賞Ｃ１選定馬,2000,ダ,左,良,晴,13,5,7,クレーネ,牝,5,54.0,458,-15,服部茂,山田質,29.6,2,2:18.1,38.9,10-11-10-11,9,458,-15
2026/02/05,川崎,12,アリアンロッド賞Ｃ１選定馬,2000,ダ,左,良,晴,13,6,9,ドレイク,牡,4,56.0,454,1,菅原涼,長谷忍,78.6,3,2:18.1,40.2,1-1-1-1,10,454,1
2026/02/05,川崎,12,アリアンロッド賞Ｃ１選定馬,2000,ダ,左,良,晴,13,7,10,ウインブリエ,牝,5,54.0,510,-16,福原杏,平山真,18.7,4,2:18.2,40.3,2-2-1-2,8,510,-16
2026/02/05,川崎,12,アリアンロッド賞Ｃ１選定馬,2000,ダ,左,良,晴,13,6,8,キングマイネオ,牡,4,56.0,464,9,町田直,甲田悟,17.9,5,2:18.5,40.6,10-10-3-3,7,464,9
2026/02/05,川崎,12,アリアンロッド賞Ｃ１選定馬,2000,ダ,左,良,晴,13,8,13,テリオスルナ,牝,4,51.0,410,2,加藤雄,佐藤博,174.3,6,2:18.6,39.7,9-8-8-9,12,410,2
2026/02/05,川崎,12,アリアンロッド賞Ｃ１選定馬,2000,ダ,左,良,晴,13,3,3,レーヌバンケット,牝,4,54.0,420,1,西啓太,小久智,11.3,7,2:18.7,40.5,3-4-6-3,6,420,1
2026/02/05,川崎,12,アリアンロッド賞Ｃ１選定馬,2000,ダ,左,良,晴,13,5,6,ドルチアーリア,牝,5,54.0,501,-1,桑村真,内田勝,81.0,8,2:19.0,39.9,8-8-11-7,11,501,-1
2026/02/05,川崎,12,アリアンロッド賞Ｃ１選定馬,2000,ダ,左,良,晴,13,4,5,ビルドラポール,牡,6,56.0,522,-6,本田重,河津裕,6.4,9,2:19.0,40.8,7-6-4-6,4,522,-6
2026/02/05,川崎,12,アリアンロッド賞Ｃ１選定馬,2000,ダ,左,良,晴,13,7,11,タイセイシップ,牡,5,56.0,530,2,矢野貴,内田勝,9.0,10,2:19.2,39.9,12-12-12-12,5,530,2
2026/02/05,川崎,12,アリアンロッド賞Ｃ１選定馬,2000,ダ,左,良,晴,13,2,2,シトロンヴェール,牡,5,56.0,539,-8,野畑凌,武井和,4.6,11,2:19.3,40.8,5-5-7-9,2,539,-8
2026/02/05,川崎,12,アリアンロッド賞Ｃ１選定馬,2000,ダ,左,良,晴,13,8,12,ヴィントシュティレ,牝,5,53.0,492,5,佐野遥,古澤悟,6.2,12,2:19.5,41.3,4-3-5-7,3,492,5
2026/02/05,川崎,12,アリアンロッド賞Ｃ１選定馬,2000,ダ,左,良,晴,13,4,4,デーレーチョップ,牡,4,56.0,0,0,田中涼,鈴木義,,,,,,,0,0
2026/02/06,川崎,1,トルメンタ賞３歳未格付選定馬,900,ダ,左,良,晴,12,3,3,アークオブライフ,牝,3,54.0,462,-3,櫻井光,平田正,2.7,1,0:55.9,38.5,2-1-1,1,462,-3
2026/02/06,川崎,1,トルメンタ賞３歳未格付選定馬,900,ダ,左,良,晴,12,2,2,ポンドリップ,牝,3,54.0,448,-2,中越琉,佐藤博,13.2,2,0:56.6,38.2,9-8-5,6,448,-2
2026/02/06,川崎,1,トルメンタ賞３歳未格付選定馬,900,ダ,左,良,晴,12,8,11,ホワイトフジ,牡,3,56.0,503,-3,本田重,山田質,4.2,3,0:56.7,38.8,6-5-3,2,503,-3
2026/02/06,川崎,1,トルメンタ賞３歳未格付選定馬,900,ダ,左,良,晴,12,7,9,グアピシマ,牝,3,54.0,414,-3,町田直,古澤悟,10.8,4,0:56.7,38.0,8-7-9,5,414,-3
2026/02/06,川崎,1,トルメンタ賞３歳未格付選定馬,900,ダ,左,良,晴,12,6,7,イアソン,牡,3,56.0,444,-6,服部茂,山田質,4.9,5,0:57.1,38.4,10-9-7,3,444,-6
2026/02/06,川崎,1,トルメンタ賞３歳未格付選定馬,900,ダ,左,良,晴,12,6,8,クツシタオトシタ,牝,3,54.0,428,-7,西啓太,高橋宏,86.4,6,0:57.3,38.0,12-12-12,11,428,-7
2026/02/06,川崎,1,トルメンタ賞３歳未格付選定馬,900,ダ,左,良,晴,12,7,10,メロウアイズテオ,牡,3,56.0,430,2,藤江渉,今井輝,197.6,7,0:57.7,38.4,11-11-10,12,430,2
2026/02/06,川崎,1,トルメンタ賞３歳未格付選定馬,900,ダ,左,良,晴,12,5,6,トラストテンホー,牡,3,56.0,440,17,野畑凌,吉橋淳,6.1,8,0:57.9,39.9,5-6-5,4,440,17
2026/02/06,川崎,1,トルメンタ賞３歳未格付選定馬,900,ダ,左,良,晴,12,8,12,ローズピクチャー,牝,3,52.0,450,2,中山遥,田邊陽,45.0,9,0:58.0,40.2,2-4-7,8,450,2
2026/02/06,川崎,1,トルメンタ賞３歳未格付選定馬,900,ダ,左,良,晴,12,5,5,カスミソウ,牝,3,54.0,455,2,池谷匠,高橋宏,73.5,10,0:58.5,40.9,1-1-2,10,455,2
2026/02/06,川崎,1,トルメンタ賞３歳未格付選定馬,900,ダ,左,良,晴,12,4,4,アオイノコスメ,牝,3,53.0,489,6,佐野遥,山崎裕,19.8,11,0:58.6,41.0,4-3-4,7,489,6
2026/02/06,川崎,1,トルメンタ賞３歳未格付選定馬,900,ダ,左,良,晴,12,1,1,モンクラージュ,牡,3,56.0,497,26,新原周,鈴木義,58.7,12,0:58.7,40.0,7-10-11,9,497,26
2026/02/06,川崎,2,３歳６,1400,ダ,左,良,晴,10,4,4,オンナユメラク,牝,3,54.0,445,-6,古岡勇,山崎裕,1.3,1,1:32.7,39.0,1-1-1-1,1,445,-6
2026/02/06,川崎,2,３歳６,1400,ダ,左,良,晴,10,6,6,テンノウズアイル,牝,3,54.0,434,14,町田直,田島寿,8.8,2,1:34.3,40.3,3-3-2-2,3,434,14
2026/02/06,川崎,2,３歳６,1400,ダ,左,良,晴,10,5,5,ティンガティンガ,セ,0,56.0,404,0,櫻井光,佐藤博,10.7,3,1:34.6,40.7,2-2-2-2,4,404,0
2026/02/06,川崎,2,３歳６,1400,ダ,左,良,晴,10,7,7,オーバーユー,牡,3,56.0,469,-3,西啓太,河津裕,8.7,4,1:35.3,41.1,5-5-4-4,2,469,-3
2026/02/06,川崎,2,３歳６,1400,ダ,左,良,晴,10,3,3,ラヴィッジ,牡,3,56.0,478,-6,山林信,内田勝,17.8,5,1:35.7,41.2,6-8-7-7,5,478,-6
2026/02/06,川崎,2,３歳６,1400,ダ,左,良,晴,10,2,2,タイトノット,牡,3,56.0,442,2,増田充,武井和,51.6,6,1:35.9,41.4,8-6-8-8,8,442,2
2026/02/06,川崎,2,３歳６,1400,ダ,左,良,晴,10,8,9,シェブロンウーマン,牝,3,53.0,424,0,佐野遥,山田正,20.6,7,1:37.1,42.8,7-7-5-6,6,424,0
2026/02/06,川崎,2,３歳６,1400,ダ,左,良,晴,10,8,10,サンドロック,牝,3,51.0,442,-2,加藤雄,武井和,90.5,8,1:38.4,43.3,9-9-9-9,9,442,-2
2026/02/06,川崎,2,３歳６,1400,ダ,左,良,晴,10,1,1,マオノトラヴィス,牝,3,54.0,408,25,伊藤裕,平田正,23.4,9,1:39.0,44.8,4-3-6-5,7,408,25
2026/02/06,川崎,2,３歳６,1400,ダ,左,良,晴,10,7,8,ヴィヒタ,牡,3,56.0,0,0,服部茂,山田質,,,,,,,0,0
2026/02/06,川崎,3,３歳５,1400,ダ,左,良,晴,12,4,4,コタダブル,牝,3,54.0,443,-7,野畑凌,山崎裕,1.4,1,1:32.0,39.6,2-2-2-2,1,443,-7
2026/02/06,川崎,3,３歳５,1400,ダ,左,良,晴,12,5,5,カルダモンロール,牝,3,53.0,463,5,佐野遥,鈴木義,3.8,2,1:32.0,40.0,1-1-1-1,2,463,5
2026/02/06,川崎,3,３歳５,1400,ダ,左,良,晴,12,5,6,クイーンズステート,牝,3,54.0,396,2,町田直,今井輝,6.2,3,1:34.1,41.5,6-3-4-3,3,396,2
2026/02/06,川崎,3,３歳５,1400,ダ,左,良,晴,12,6,7,バックトラック,セ,0,53.0,440,-4,加藤雄,山崎尋,95.1,4,1:34.3,41.5,7-6-6-6,7,440,-4
2026/02/06,川崎,3,３歳５,1400,ダ,左,良,晴,12,2,2,ヌフヌフ,牡,3,56.0,450,-1,田中涼,鈴木義,70.1,5,1:34.7,41.2,10-9-8-7,5,450,-1
2026/02/06,川崎,3,３歳５,1400,ダ,左,良,晴,12,6,8,オーデンサフィー,牝,3,54.0,414,0,秋元耕,小澤宏,252.7,6,1:35.0,41.3,10-10-10-8,11,414,0
2026/02/06,川崎,3,３歳５,1400,ダ,左,良,晴,12,7,9,アスパラノヴァ,牡,3,56.0,451,-5,山林信,田邊陽,185.2,7,1:35.1,41.0,9-11-11-12,10,451,-5
2026/02/06,川崎,3,３歳５,1400,ダ,左,良,晴,12,8,12,ポポロン,牝,3,54.0,418,8,古岡勇,田島寿,17.4,8,1:35.5,42.7,3-5-3-4,4,418,8
2026/02/06,川崎,3,３歳５,1400,ダ,左,良,晴,12,1,1,ユウユウカツサンド,牝,3,54.0,436,18,本田紀,八木仁,104.9,9,1:35.7,41.3,12-12-12-11,8,436,18
2026/02/06,川崎,3,３歳５,1400,ダ,左,良,晴,12,3,3,オパールグリーン,牝,3,54.0,398,-4,木間龍,川村守,265.3,10,1:35.7,43.1,4-3-5-5,12,398,-4
2026/02/06,川崎,3,３歳５,1400,ダ,左,良,晴,12,7,10,ココア,牝,3,54.0,464,3,藤江渉,古澤悟,153.3,11,1:35.8,42.3,8-8-8-9,9,464,3
2026/02/06,川崎,3,３歳５,1400,ダ,左,良,晴,12,8,11,モンキーコアラ,牝,3,54.0,433,-7,池谷匠,甲田悟,75.6,12,1:36.1,42.7,4-7-7-10,6,433,-7
2026/02/06,川崎,4,３歳４,1400,ダ,左,良,晴,12,7,10,スマートラスター,牝,3,54.0,465,7,矢野貴,高月賢,1.3,1,1:33.6,40.7,5-5-4-3,1,465,7
2026/02/06,川崎,4,３歳４,1400,ダ,左,良,晴,12,6,7,インフェルレーヴ,牡,3,56.0,439,-5,中越琉,田島寿,36.1,2,1:33.9,40.8,9-9-9-7,7,439,-5
2026/02/06,川崎,4,３歳４,1400,ダ,左,良,晴,12,2,2,ヨルノマドンナ,牝,3,54.0,522,23,櫻井光,八木喜,17.6,3,1:34.3,40.9,7-6-6-5,5,522,23
2026/02/06,川崎,4,３歳４,1400,ダ,左,良,晴,12,6,8,イノセントブレイヴ,牡,3,56.0,438,-1,伊藤裕,佐藤博,160.5,4,1:34.4,41.0,8-8-10-10,10,438,-1
2026/02/06,川崎,4,３歳４,1400,ダ,左,良,晴,12,8,11,ゴールドールビヨン,牡,3,56.0,482,6,古岡勇,岩本洋,43.6,5,1:34.4,41.7,1-1-2-2,8,482,6
2026/02/06,川崎,4,３歳４,1400,ダ,左,良,晴,12,8,12,ショックザワールド,牡,3,56.0,481,3,町田直,山崎尋,15.6,6,1:34.4,41.5,3-3-3-4,3,481,3
2026/02/06,川崎,4,３歳４,1400,ダ,左,良,晴,12,1,1,アークメディナ,牝,3,54.0,441,-5,山林信,平田正,18.2,7,1:34.7,41.6,6-6-8-9,6,441,-5
2026/02/06,川崎,4,３歳４,1400,ダ,左,良,晴,12,4,4,プリンセスサミット,牝,3,54.0,480,11,笹川翼,田島寿,4.7,8,1:35.0,42.4,2-2-1-1,2,480,11
2026/02/06,川崎,4,３歳４,1400,ダ,左,良,晴,12,5,6,イエスユードライブ,牝,3,54.0,458,0,桑村真,山崎尋,16.9,9,1:35.1,41.8,10-10-6-6,4,458,0
2026/02/06,川崎,4,３歳４,1400,ダ,左,良,晴,12,3,3,ステイドリーム,牡,3,56.0,544,6,服部茂,佐藤博,163.5,10,1:35.8,41.0,12-12-12-12,11,544,6
2026/02/06,川崎,4,３歳４,1400,ダ,左,良,晴,12,7,9,トゥルービューティ,牝,3,54.0,476,2,新原周,鈴木義,131.9,11,1:36.0,43.1,4-4-5-8,9,476,2
2026/02/06,川崎,4,３歳４,1400,ダ,左,良,晴,12,5,5,クリールヴィット,牝,3,54.0,431,-4,福原杏,鈴木勝,183.5,12,1:36.7,42.7,11-11-11-11,12,431,-4
2026/02/06,川崎,5,テンポラーレ賞３歳未格付選定馬,900,ダ,左,良,晴,12,1,1,グランドフロイデ,牡,3,54.0,459,3,加藤雄,河津裕,2.9,1,0:54.6,37.4,1-1-1,1,459,3
2026/02/06,川崎,5,テンポラーレ賞３歳未格付選定馬,900,ダ,左,良,晴,12,8,11,ササキンメロディ,牝,3,53.0,441,6,新原周,村田順,13.4,2,0:55.1,37.7,2-2-2,6,441,6
2026/02/06,川崎,5,テンポラーレ賞３歳未格付選定馬,900,ダ,左,良,晴,12,7,9,パッツンドレス,牝,3,53.0,447,-11,町田直,茂木浩,5.1,3,0:55.2,37.5,3-3-2,4,447,-11
2026/02/06,川崎,5,テンポラーレ賞３歳未格付選定馬,900,ダ,左,良,晴,12,5,5,トリル,牡,3,55.0,447,16,池谷匠,山崎尋,124.8,4,0:55.7,37.6,8-7-5,11,447,16
2026/02/06,川崎,5,テンポラーレ賞３歳未格付選定馬,900,ダ,左,良,晴,12,6,8,キングスケヨー,牡,3,55.0,447,-1,古岡勇,山崎裕,4.4,5,0:55.9,37.6,10-10-8,2,447,-1
2026/02/06,川崎,5,テンポラーレ賞３歳未格付選定馬,900,ダ,左,良,晴,12,3,3,タツノスペシャル,牡,3,55.0,442,9,笹川翼,田邊陽,11.7,6,0:56.2,38.3,6-6-4,5,442,9
2026/02/06,川崎,5,テンポラーレ賞３歳未格付選定馬,900,ダ,左,良,晴,12,2,2,キイチマイルス,牡,3,53.0,480,3,中山遥,鈴木義,15.6,7,0:56.4,37.5,11-11-9,7,480,3
2026/02/06,川崎,5,テンポラーレ賞３歳未格付選定馬,900,ダ,左,良,晴,12,6,7,ミリオンフライト,牝,3,53.0,395,-8,櫻井光,林隆之,98.8,8,0:56.4,38.3,5-5-6,9,395,-8
2026/02/06,川崎,5,テンポラーレ賞３歳未格付選定馬,900,ダ,左,良,晴,12,4,4,キャッチマイアイ,牝,3,53.0,394,-3,藤江渉,山田質,259.0,9,0:57.4,38.3,12-11-11,12,394,-3
2026/02/06,川崎,5,テンポラーレ賞３歳未格付選定馬,900,ダ,左,良,晴,12,5,6,トルーカ,牡,3,55.0,452,9,西啓太,小久智,4.5,10,0:57.5,39.6,4-7-11,3,452,9
2026/02/06,川崎,5,テンポラーレ賞３歳未格付選定馬,900,ダ,左,良,晴,12,7,10,エストレーラヘーザ,牝,3,53.0,471,10,服部茂,甲田悟,101.3,11,0:57.8,39.5,9-7-9,10,471,10
2026/02/06,川崎,5,テンポラーレ賞３歳未格付選定馬,900,ダ,左,良,晴,12,8,12,シナノシトリン,牝,3,53.0,434,-5,中越琉,佐藤博,54.5,12,0:58.5,40.6,7-4-7,8,434,-5
2026/02/06,川崎,6,Ｃ３一 二,1400,ダ,左,良,晴,12,6,8,マロンルピナス,牝,6,54.0,431,-3,池谷匠,村田順,9.0,1,1:33.1,39.5,6-5-5-4,4,431,-3
2026/02/06,川崎,6,Ｃ３一 二,1400,ダ,左,良,晴,12,1,1,フェデフルール,牝,7,54.0,465,-4,桑村真,武井和,3.1,2,1:33.4,40.1,1-1-1-1,2,465,-4
2026/02/06,川崎,6,Ｃ３一 二,1400,ダ,左,良,晴,12,3,3,ティンドラ,牝,6,54.0,432,-3,古岡勇,山崎尋,10.1,3,1:33.8,40.0,7-7-7-5,5,432,-3
2026/02/06,川崎,6,Ｃ３一 二,1400,ダ,左,良,晴,12,2,2,テマリ,牝,6,54.0,426,-2,藤江渉,武井和,11.6,4,1:34.0,39.7,11-10-9-7,6,426,-2
2026/02/06,川崎,6,Ｃ３一 二,1400,ダ,左,良,晴,12,5,6,ロンドンキッド,牝,4,52.0,434,-7,中山遥,酒井一,42.2,5,1:34.3,41.0,3-2-3-2,9,434,-7
2026/02/06,川崎,6,Ｃ３一 二,1400,ダ,左,良,晴,12,5,5,ギフテッドリーダー,牡,5,56.0,0,0,櫻井光,八木喜,2.5,6,1:34.3,40.9,4-4-5-3,1,0,0
2026/02/06,川崎,6,Ｃ３一 二,1400,ダ,左,良,晴,12,7,10,ピカッティー,牝,4,54.0,473,-7,半澤慶,宇野博,7.2,7,1:35.1,41.5,5-5-4-6,3,473,-7
2026/02/06,川崎,6,Ｃ３一 二,1400,ダ,左,良,晴,12,6,7,グランツリッター,牡,4,56.0,457,3,伊藤裕,田邊陽,298.5,8,1:35.5,40.1,12-12-12-12,11,457,3
2026/02/06,川崎,6,Ｃ３一 二,1400,ダ,左,良,晴,12,8,11,ラピッドフロウ,牝,8,54.0,420,1,増田充,今井輝,120.6,9,1:35.6,40.8,8-11-11-11,10,420,1
2026/02/06,川崎,6,Ｃ３一 二,1400,ダ,左,良,晴,12,8,12,メラ,牝,4,54.0,544,-2,菅原涼,長谷忍,27.6,10,1:35.6,42.2,2-3-1-8,7,544,-2
2026/02/06,川崎,6,Ｃ３一 二,1400,ダ,左,良,晴,12,7,9,グローリーシューズ,牡,5,53.0,471,2,加藤雄,佐藤博,27.8,11,1:35.8,41.7,9-8-8-9,8,471,2
2026/02/06,川崎,6,Ｃ３一 二,1400,ダ,左,良,晴,12,4,4,オーデンアクア,牡,4,56.0,478,-5,秋元耕,薮口一,356.3,12,1:36.4,41.9,10-9-10-10,12,478,-5
2026/02/06,川崎,7,Ｃ３一 二,1400,ダ,左,良,晴,12,5,6,ジーヴル,牡,4,56.0,492,1,野畑凌,宇野博,1.1,1,1:30.9,38.7,2-2-2-1,1,492,1
2026/02/06,川崎,7,Ｃ３一 二,1400,ダ,左,良,晴,12,4,4,マルゼンスキーツー,牡,5,56.0,499,-3,桑村真,今井輝,20.5,2,1:32.1,40.1,1-1-1-1,4,499,-3
2026/02/06,川崎,7,Ｃ３一 二,1400,ダ,左,良,晴,12,2,2,ニットウアトラス,牡,4,56.0,523,-12,岡村健,茂木浩,12.2,3,1:33.0,39.9,10-8-10-7,3,523,-12
2026/02/06,川崎,7,Ｃ３一 二,1400,ダ,左,良,晴,12,6,7,ニホンピロカミーノ,牡,4,56.0,481,-1,伊藤裕,武井和,28.2,4,1:33.0,40.5,3-3-3-4,5,481,-1
2026/02/06,川崎,7,Ｃ３一 二,1400,ダ,左,良,晴,12,8,11,ニューディヴァイド,セ,0,56.0,502,9,櫻井光,高橋宏,39.4,5,1:33.5,40.4,9-8-8-5,6,502,9
2026/02/06,川崎,7,Ｃ３一 二,1400,ダ,左,良,晴,12,3,3,エーテルノカゼ,牝,6,54.0,440,5,岡村裕,八木喜,85.1,6,1:33.9,41.2,5-6-4-3,8,440,5
2026/02/06,川崎,7,Ｃ３一 二,1400,ダ,左,良,晴,12,5,5,ザムト,牝,5,54.0,475,5,新原周,村田順,6.3,7,1:34.3,41.2,7-7-6-6,2,475,5
2026/02/06,川崎,7,Ｃ３一 二,1400,ダ,左,良,晴,12,8,12,シェナドリーム,牝,4,54.0,453,-11,藤江渉,山田正,336.8,8,1:35.5,41.0,11-11-11-10,11,453,-11
2026/02/06,川崎,7,Ｃ３一 二,1400,ダ,左,良,晴,12,1,1,ツワモノ,牡,6,56.0,505,14,池谷匠,田島寿,59.1,9,1:36.0,43.0,5-5-9-8,7,505,14
2026/02/06,川崎,7,Ｃ３一 二,1400,ダ,左,良,晴,12,7,10,タワーオブプリンス,牡,4,56.0,481,-13,木間龍,佐々清,270.4,10,1:37.2,44.1,8-8-6-11,9,481,-13
2026/02/06,川崎,7,Ｃ３一 二,1400,ダ,左,良,晴,12,7,9,キーチパーヘチュア,牡,4,56.0,413,1,山林信,田邊陽,308.7,11,1:37.3,44.4,4-4-4-9,10,413,1
2026/02/06,川崎,7,Ｃ３一 二,1400,ダ,左,良,晴,12,6,8,スギノペガサス,牡,4,56.0,0,0,本田重,新井清,,,,,,,0,0
2026/02/06,川崎,8,Ｃ２八,1400,ダ,左,良,晴,12,7,9,ガウラサンダー,牡,4,56.0,465,-6,矢野貴,高月賢,1.8,1,1:32.6,40.5,9-9-9-8,1,465,-6
2026/02/06,川崎,8,Ｃ２八,1400,ダ,左,良,晴,12,5,5,サンクリュウ,牝,4,54.0,485,5,野畑凌,高月賢,2.4,2,1:33.1,41.6,5-2-2-2,2,485,5
2026/02/06,川崎,8,Ｃ２八,1400,ダ,左,良,晴,12,8,11,コスモサンブライト,牝,4,54.0,435,2,田中涼,久保秀,112.2,3,1:33.3,40.6,11-12-12-11,12,435,2
2026/02/06,川崎,8,Ｃ２八,1400,ダ,左,良,晴,12,6,7,アフロガル,牡,4,56.0,529,-1,服部茂,山田質,10.3,4,1:33.3,41.6,6-5-3-3,3,529,-1
2026/02/06,川崎,8,Ｃ２八,1400,ダ,左,良,晴,12,5,6,フクノジョヴァンニ,牝,4,54.0,451,9,山林信,平田正,12.1,5,1:33.6,41.7,7-8-5-5,4,451,9
2026/02/06,川崎,8,Ｃ２八,1400,ダ,左,良,晴,12,1,1,ナッシングベター,牝,4,51.0,452,1,加藤雄,秋山直,47.2,6,1:33.7,42.0,8-6-7-6,6,452,1
2026/02/06,川崎,8,Ｃ２八,1400,ダ,左,良,晴,12,4,4,リンテンリュウ,牝,4,54.0,499,5,岡村健,鈴木義,107.3,7,1:34.1,42.4,4-4-5-6,11,499,5
2026/02/06,川崎,8,Ｃ２八,1400,ダ,左,良,晴,12,7,10,フライエフェクト,牝,4,54.0,455,-1,藤江渉,久保勇,40.0,8,1:34.2,42.9,1-1-1-1,5,455,-1
2026/02/06,川崎,8,Ｃ２八,1400,ダ,左,良,晴,12,3,3,タイキレヴィン,牡,5,56.0,505,12,増田充,武井和,85.9,9,1:34.4,42.5,3-7-8-9,9,505,12
2026/02/06,川崎,8,Ｃ２八,1400,ダ,左,良,晴,12,8,12,マロンフエルテ,牝,7,54.0,458,-4,張田昂,久保勇,85.7,10,1:34.4,42.0,12-11-10-10,8,458,-4
2026/02/06,川崎,8,Ｃ２八,1400,ダ,左,良,晴,12,2,2,クリップクロップ,牝,4,53.0,460,-13,佐野遥,田邊陽,99.5,11,1:34.6,43.1,2-3-4-4,10,460,-13
2026/02/06,川崎,8,Ｃ２八,1400,ダ,左,良,晴,12,6,8,ナイトダンサー,牡,4,56.0,455,-7,室陽一,吉田正,52.3,12,1:34.8,42.5,9-10-11-12,7,455,-7
2026/02/06,川崎,9,インディ賞Ｃ２選定馬,1600,ダ,左,良,晴,14,4,6,アイビーガオー,牡,4,56.0,451,-11,新原周,茂木浩,2.7,1,1:45.5,39.4,4-4-5-3,2,451,-11
2026/02/06,川崎,9,インディ賞Ｃ２選定馬,1600,ダ,左,良,晴,14,5,8,タマモクリーガー,牡,4,56.0,476,-4,御神訓,林隆之,1.5,2,1:46.0,39.7,6-5-6-4,1,476,-4
2026/02/06,川崎,9,インディ賞Ｃ２選定馬,1600,ダ,左,良,晴,14,5,7,オブラマエストラ,牡,4,55.0,450,-5,佐野遥,高橋宏,14.1,3,1:46.4,40.6,1-1-1-1,3,450,-5
2026/02/06,川崎,9,インディ賞Ｃ２選定馬,1600,ダ,左,良,晴,14,3,3,アヤメヅキ,牡,4,56.0,516,-8,町田直,山田質,18.5,4,1:46.8,40.0,11-10-11-8,4,516,-8
2026/02/06,川崎,9,インディ賞Ｃ２選定馬,1600,ダ,左,良,晴,14,7,12,フォーゲルヴァイデ,牡,5,56.0,499,-4,半澤慶,川島豊,46.3,5,1:47.2,40.9,5-5-4-5,7,499,-4
2026/02/06,川崎,9,インディ賞Ｃ２選定馬,1600,ダ,左,良,晴,14,6,10,カネトシシュキン,牡,6,56.0,488,-6,山林信,佐々仁,137.6,6,1:47.9,41.8,3-3-1-2,10,488,-6
2026/02/06,川崎,9,インディ賞Ｃ２選定馬,1600,ダ,左,良,晴,14,4,5,シントーハナノラン,牝,7,54.0,465,9,古岡勇,平田正,34.2,7,1:48.1,41.5,7-7-7-6,5,465,9
2026/02/06,川崎,9,インディ賞Ｃ２選定馬,1600,ダ,左,良,晴,14,3,4,ゴールドキッド,牡,4,56.0,433,-3,桑村真,鹿沼和,114.3,8,1:48.2,41.6,9-8-9-7,9,433,-3
2026/02/06,川崎,9,インディ賞Ｃ２選定馬,1600,ダ,左,良,晴,14,1,1,タマモクロッシェ,牝,4,54.0,436,-2,高橋哲,水野貴,74.9,9,1:48.7,41.7,12-11-12-11,8,436,-2
2026/02/06,川崎,9,インディ賞Ｃ２選定馬,1600,ダ,左,良,晴,14,6,9,カツコノヒヤザケ,牡,4,56.0,439,-1,張田昂,田島寿,227.7,10,1:49.0,40.2,13-13-13-11,11,439,-1
2026/02/06,川崎,9,インディ賞Ｃ２選定馬,1600,ダ,左,良,晴,14,8,13,クロスダイヤ,牡,4,53.0,474,2,神尾香,岩本洋,364.8,11,1:49.1,42.5,8-9-7-9,13,474,2
2026/02/06,川崎,9,インディ賞Ｃ２選定馬,1600,ダ,左,良,晴,14,7,11,メイショウサノサ,牝,4,54.0,447,6,服部茂,八木仁,253.3,12,1:49.5,42.7,10-12-9-11,12,447,6
2026/02/06,川崎,9,インディ賞Ｃ２選定馬,1600,ダ,左,良,晴,14,8,14,サージ,セ,0,56.0,541,-1,野畑凌,宇野博,46.0,13,1:51.5,45.4,2-2-3-10,6,541,-1
2026/02/06,川崎,9,インディ賞Ｃ２選定馬,1600,ダ,左,良,晴,14,2,2,グラスアラバニーユ,牡,7,56.0,0,0,増田充,吉橋淳,,,,,,,0,0
2026/02/06,川崎,10,ベテルギウス賞Ｂ２Ｂ３選定馬,2000,ダ,左,良,晴,11,1,1,グーヴェルナイユ,牡,5,57.0,469,-5,澤田龍,森泰斗,1.6,1,2:14.2,39.2,4-4-2-2,1,469,-5
2026/02/06,川崎,10,ベテルギウス賞Ｂ２Ｂ３選定馬,2000,ダ,左,良,晴,11,6,7,トリグラフ,牡,7,57.0,464,-6,矢野貴,福田真,4.9,2,2:15.0,39.8,10-10-5-5,3,464,-6
2026/02/06,川崎,10,ベテルギウス賞Ｂ２Ｂ３選定馬,2000,ダ,左,良,晴,11,7,9,ヘニーズネフュー,牡,5,55.0,485,6,新原周,鈴木義,19.2,3,2:15.3,40.3,3-3-5-3,5,485,6
2026/02/06,川崎,10,ベテルギウス賞Ｂ２Ｂ３選定馬,2000,ダ,左,良,晴,11,4,4,オウケンデューク,セ,0,55.0,442,-2,野畑凌,高月賢,3.6,4,2:15.3,40.7,1-1-1-1,2,442,-2
2026/02/06,川崎,10,ベテルギウス賞Ｂ２Ｂ３選定馬,2000,ダ,左,良,晴,11,8,11,エーヴベリー,牝,6,53.0,500,-6,七夕裕,平山真,157.5,5,2:15.5,40.3,9-9-4-3,9,500,-6
2026/02/06,川崎,10,ベテルギウス賞Ｂ２Ｂ３選定馬,2000,ダ,左,良,晴,11,2,2,ロックフレイバー,牡,6,55.0,484,-10,笹川翼,繁田健,13.6,6,2:15.7,40.5,6-5-8-6,4,484,-10
2026/02/06,川崎,10,ベテルギウス賞Ｂ２Ｂ３選定馬,2000,ダ,左,良,晴,11,7,8,ロイヤルザップ,牡,7,55.0,493,-9,中山遥,酒井一,86.3,7,2:15.7,40.5,5-6-7-7,7,493,-9
2026/02/06,川崎,10,ベテルギウス賞Ｂ２Ｂ３選定馬,2000,ダ,左,良,晴,11,8,10,ベルガラス,牡,5,55.0,479,-6,岡村健,齊藤敏,59.1,8,2:16.1,40.7,7-7-9-8,6,479,-6
2026/02/06,川崎,10,ベテルギウス賞Ｂ２Ｂ３選定馬,2000,ダ,左,良,晴,11,3,3,ギンユウシジン,牡,5,55.0,480,2,町田直,今井輝,88.4,9,2:16.6,40.8,11-11-10-10,8,480,2
2026/02/06,川崎,10,ベテルギウス賞Ｂ２Ｂ３選定馬,2000,ダ,左,良,晴,11,5,5,キャリアリズム,セ,0,57.0,495,-16,木間龍,矢野義,208.1,10,2:16.7,41.2,8-8-11-11,10,495,-16
2026/02/06,川崎,10,ベテルギウス賞Ｂ２Ｂ３選定馬,2000,ダ,左,良,晴,11,6,6,キットサクラサク,セ,0,57.0,473,-3,鷹見陸,田邊陽,214.3,11,2:18.5,43.7,2-2-2-9,11,473,-3
2026/02/06,川崎,11,しずおか早春特別Ｂ１二Ｂ２一,1500,ダ,左,良,晴,14,2,2,マイケルマキシマス,牡,5,57.0,503,12,御神訓,内田勝,3.7,1,1:36.3,40.1,4-4-4-2,3,503,12
2026/02/06,川崎,11,しずおか早春特別Ｂ１二Ｂ２一,1500,ダ,左,良,晴,14,4,5,ホッコーソムニウム,牡,6,56.0,491,-4,佐野遥,山崎裕,2.8,2,1:36.4,39.8,5-5-5-5,1,491,-4
2026/02/06,川崎,11,しずおか早春特別Ｂ１二Ｂ２一,1500,ダ,左,良,晴,14,3,3,ファルコンソード,牡,7,57.0,503,4,櫻井光,田邊陽,64.0,3,1:36.7,39.5,13-12-11-8,9,503,4
2026/02/06,川崎,11,しずおか早春特別Ｂ１二Ｂ２一,1500,ダ,左,良,晴,14,8,14,ランドマックス,牡,5,57.0,519,-3,木間龍,矢野義,209.2,4,1:36.9,41.3,1-1-1-1,12,519,-3
2026/02/06,川崎,11,しずおか早春特別Ｂ１二Ｂ２一,1500,ダ,左,良,晴,14,5,7,サヨノフィールド,牡,7,57.0,526,1,笹川翼,加藤誠,25.1,5,1:37.0,40.1,11-9-9-7,6,526,1
2026/02/06,川崎,11,しずおか早春特別Ｂ１二Ｂ２一,1500,ダ,左,良,晴,14,7,11,バナマンテソーロ,牡,5,57.0,500,-4,桑村真,小久智,3.2,6,1:37.1,39.7,10-11-9-9,2,500,-4
2026/02/06,川崎,11,しずおか早春特別Ｂ１二Ｂ２一,1500,ダ,左,良,晴,14,3,4,エドノバンザイ,牡,5,57.0,526,-1,張田昂,宇野博,10.6,7,1:37.1,40.5,6-7-6-6,5,526,-1
2026/02/06,川崎,11,しずおか早春特別Ｂ１二Ｂ２一,1500,ダ,左,良,晴,14,4,6,モンゲーハガネ,牡,8,55.0,508,1,岡村健,鈴木義,370.5,8,1:37.5,39.9,14-14-14-11,14,508,1
2026/02/06,川崎,11,しずおか早春特別Ｂ１二Ｂ２一,1500,ダ,左,良,晴,14,1,1,メンタイマヨ,牡,7,57.0,499,-4,新原周,林隆之,37.2,9,1:37.5,40.9,7-5-7-3,7,499,-4
2026/02/06,川崎,11,しずおか早春特別Ｂ１二Ｂ２一,1500,ダ,左,良,晴,14,6,10,ラティサワー,牡,5,57.0,470,3,本田重,川島一,9.6,10,1:37.8,41.4,3-3-2-4,4,470,3
2026/02/06,川崎,11,しずおか早春特別Ｂ１二Ｂ２一,1500,ダ,左,良,晴,14,6,9,ハグレグモ,牡,5,57.0,519,-4,笠野雄,平山真,60.5,11,1:37.9,40.2,11-13-13-14,8,519,-4
2026/02/06,川崎,11,しずおか早春特別Ｂ１二Ｂ２一,1500,ダ,左,良,晴,14,7,12,マインドユアミモザ,牝,6,52.0,474,3,加藤雄,河津裕,226.9,12,1:37.9,41.1,8-8-8-10,13,474,3
2026/02/06,川崎,11,しずおか早春特別Ｂ１二Ｂ２一,1500,ダ,左,良,晴,14,8,13,フレールフィーユ,セ,0,57.0,489,-2,西啓太,山崎裕,142.9,13,1:38.1,40.7,9-9-11-12,11,489,-2
2026/02/06,川崎,11,しずおか早春特別Ｂ１二Ｂ２一,1500,ダ,左,良,晴,14,5,8,カレンチャンキー,牝,6,55.0,487,4,山口達,小久智,122.9,14,1:40.1,43.9,2-2-3-13,10,487,4
2026/02/06,川崎,12,爆速賞Ｃ１選定馬,900,ダ,左,良,晴,12,1,1,ムーランアルザン,牝,7,53.0,515,0,佐野遥,山崎裕,2.0,1,0:55.5,38.0,2-7-3,1,515,0
2026/02/06,川崎,12,爆速賞Ｃ１選定馬,900,ダ,左,良,晴,12,8,12,ラベンダージェイド,牝,5,54.0,457,3,櫻井光,平田正,13.5,2,0:55.5,38.2,1-1-1,6,457,3
2026/02/06,川崎,12,爆速賞Ｃ１選定馬,900,ダ,左,良,晴,12,2,2,ファセリア,牡,5,54.0,492,-6,中山遥,横山保,8.9,3,0:55.5,37.7,5-9-10,4,492,-6
2026/02/06,川崎,12,爆速賞Ｃ１選定馬,900,ダ,左,良,晴,12,5,5,ガロス,牡,4,56.0,461,-1,秋元耕,小澤宏,4.6,4,0:55.9,38.2,6-7-5,2,461,-1
2026/02/06,川崎,12,爆速賞Ｃ１選定馬,900,ダ,左,良,晴,12,6,7,スイッチオン,牡,6,56.0,494,4,野畑凌,鈴木義,6.4,5,0:55.9,37.5,11-11-7,3,494,4
2026/02/06,川崎,12,爆速賞Ｃ１選定馬,900,ダ,左,良,晴,12,4,4,ケイツーユーロ,牡,6,56.0,468,3,古岡勇,加藤誠,55.4,6,0:55.9,38.4,3-2-2,10,468,3
2026/02/06,川崎,12,爆速賞Ｃ１選定馬,900,ダ,左,良,晴,12,8,11,リコーターター,牝,4,54.0,477,6,桑村真,久保秀,71.8,7,0:56.2,37.6,12-12-11,12,477,6
2026/02/06,川崎,12,爆速賞Ｃ１選定馬,900,ダ,左,良,晴,12,3,3,タイトルコール,牝,4,54.0,446,-9,福原杏,水野貴,35.2,8,0:56.5,38.5,7-10-12,7,446,-9
2026/02/06,川崎,12,爆速賞Ｃ１選定馬,900,ダ,左,良,晴,12,6,8,シルヴァーリップ,牝,5,54.0,432,-2,伊藤裕,林隆之,49.9,9,0:56.7,39.2,3-2-4,9,432,-2
2026/02/06,川崎,12,爆速賞Ｃ１選定馬,900,ダ,左,良,晴,12,5,6,スマートアライヴ,牡,5,56.0,480,10,岡村裕,武井和,40.0,10,0:56.9,39.2,8-2-5,8,480,10
2026/02/06,川崎,12,爆速賞Ｃ１選定馬,900,ダ,左,良,晴,12,7,9,ベストツッキー,牡,5,56.0,489,10,服部茂,山崎裕,12.5,11,0:57.1,39.3,10-6-7,5,489,10
2026/02/06,川崎,12,爆速賞Ｃ１選定馬,900,ダ,左,良,晴,12,7,10,ミスサン,牝,5,51.0,453,-3,加藤雄,佐藤博,69.5,12,0:57.7,39.9,9-5-7,11,453,-3
2026/03/02,川崎,1,３歳８,1400,ダ,左,稍重,曇,10,5,5,ブラックトルマリン,牡,3,56.0,463,-1,矢野貴,高月賢,1.2,1,1:33.2,41.1,3-4-4-1,1,463,-1
2026/03/02,川崎,1,３歳８,1400,ダ,左,稍重,曇,10,1,1,プラカーシャ,牝,3,54.0,458,-11,岡村健,内田勝,7.0,2,1:33.7,41.9,4-3-3-1,3,458,-11
2026/03/02,川崎,1,３歳８,1400,ダ,左,稍重,曇,10,7,8,ラヴィッジ,牡,3,56.0,478,0,西啓太,内田勝,55.5,3,1:34.2,41.8,7-8-6-4,5,478,0
2026/03/02,川崎,1,３歳８,1400,ダ,左,稍重,曇,10,8,9,アスパラノヴァ,牡,3,56.0,452,1,山林信,田邊陽,76.2,4,1:34.9,41.1,9-10-10-10,7,452,1
2026/03/02,川崎,1,３歳８,1400,ダ,左,稍重,曇,10,7,7,ユウユウカツサンド,牝,3,54.0,427,-9,本田紀,八木仁,181.2,5,1:35.3,42.1,10-9-9-8,9,427,-9
2026/03/02,川崎,1,３歳８,1400,ダ,左,稍重,曇,10,2,2,ポポロン,牝,3,54.0,419,1,古岡勇,田島寿,59.4,6,1:36.0,43.6,5-5-8-6,6,419,1
2026/03/02,川崎,1,３歳８,1400,ダ,左,稍重,曇,10,4,4,ミスターベラミー,牡,3,53.0,461,-4,加藤雄,山崎尋,17.2,7,1:36.2,44.6,2-2-2-1,4,461,-4
2026/03/02,川崎,1,３歳８,1400,ダ,左,稍重,曇,10,6,6,ココア,牝,3,54.0,467,3,藤江渉,古澤悟,306.3,8,1:36.5,44.2,7-7-7-7,10,467,3
2026/03/02,川崎,1,３歳８,1400,ダ,左,稍重,曇,10,8,10,モモノコトノハ,牝,3,54.0,448,-10,野畑凌,山崎裕,5.9,9,1:37.0,44.7,6-6-5-9,2,448,-10
2026/03/02,川崎,1,３歳８,1400,ダ,左,稍重,曇,10,3,3,ローズピクチャー,牝,3,54.0,446,-4,新原周,田邊陽,159.6,10,1:37.7,46.7,1-1-1-5,8,446,-4
2026/03/02,川崎,2,３歳７,1400,ダ,左,稍重,曇,9,8,8,オーバーユー,牡,3,56.0,464,-5,西啓太,河津裕,113.8,1,1:34.9,40.6,8-8-7-7,8,464,-5
2026/03/02,川崎,2,３歳７,1400,ダ,左,稍重,曇,9,4,4,ミラクルガイ,牡,3,56.0,476,9,張田昂,林隆之,3.7,2,1:35.0,41.3,6-6-5-5,2,476,9
2026/03/02,川崎,2,３歳７,1400,ダ,左,稍重,曇,9,6,6,ティンガティンガ,セ,0,56.0,398,-6,野畑凌,佐藤博,24.5,3,1:35.1,41.6,4-4-4-4,5,398,-6
2026/03/02,川崎,2,３歳７,1400,ダ,左,稍重,曇,9,3,3,イアソン,牡,3,56.0,443,-1,藤江渉,山田質,32.0,4,1:35.3,42.1,1-2-1-1,6,443,-1
2026/03/02,川崎,2,３歳７,1400,ダ,左,稍重,曇,9,5,5,ショックザワールド,牡,3,56.0,478,-3,町田直,山崎尋,4.0,5,1:35.3,41.9,3-3-3-3,3,478,-3
2026/03/02,川崎,2,３歳７,1400,ダ,左,稍重,曇,9,8,9,マロンデプティ,牝,3,54.0,452,-2,櫻井光,甲田悟,5.3,6,1:36.0,42.1,5-5-6-5,4,452,-2
2026/03/02,川崎,2,３歳７,1400,ダ,左,稍重,曇,9,7,7,バックトラック,セ,0,56.0,437,-3,古岡勇,山崎尋,68.6,7,1:36.3,41.4,9-9-9-9,7,437,-3
2026/03/02,川崎,2,３歳７,1400,ダ,左,稍重,曇,9,1,1,ヌフヌフ,牡,3,56.0,447,-3,田中涼,鈴木義,114.6,8,1:36.4,42.1,7-7-8-8,9,447,-3
2026/03/02,川崎,2,３歳７,1400,ダ,左,稍重,曇,9,2,2,ヨミイ,牝,3,54.0,386,-2,笹川翼,河津裕,2.2,9,1:38.0,44.9,1-1-1-2,1,386,-2
2026/03/02,川崎,3,ミーアキャット賞Ｃ３選定馬,900,ダ,左,稍重,曇,9,7,7,ナリノビスケッツ,牝,6,54.0,477,-3,中越琉,内田勝,2.5,1,0:56.8,38.9,1-1-1,1,477,-3
2026/03/02,川崎,3,ミーアキャット賞Ｃ３選定馬,900,ダ,左,稍重,曇,9,6,6,マジカルキャンディ,牝,4,54.0,430,-2,岡村裕,新井健,21.3,2,0:56.9,38.5,6-4-4,6,430,-2
2026/03/02,川崎,3,ミーアキャット賞Ｃ３選定馬,900,ダ,左,稍重,曇,9,5,5,ルディカツー,牝,4,53.0,515,3,佐野遥,高橋宏,15.9,3,0:56.9,38.7,2-1-2,5,515,3
2026/03/02,川崎,3,ミーアキャット賞Ｃ３選定馬,900,ダ,左,稍重,曇,9,8,9,ルリール,牝,7,54.0,419,10,新原周,林隆之,3.7,4,0:56.9,38.2,7-7-6,2,419,10
2026/03/02,川崎,3,ミーアキャット賞Ｃ３選定馬,900,ダ,左,稍重,曇,9,2,2,ロワン,牝,4,54.0,418,0,櫻井光,八木仁,7.0,5,0:57.2,39.0,3-5-5,4,418,0
2026/03/02,川崎,3,ミーアキャット賞Ｃ３選定馬,900,ダ,左,稍重,曇,9,1,1,ツーエムルーイー,牝,6,52.0,550,-5,中島良,小澤宏,43.6,6,0:57.3,38.9,5-6-6,8,550,-5
2026/03/02,川崎,3,ミーアキャット賞Ｃ３選定馬,900,ダ,左,稍重,曇,9,8,8,スパークルジェム,牝,4,54.0,487,-6,増田充,新井健,115.6,7,0:57.6,38.8,8-9-9,9,487,-6
2026/03/02,川崎,3,ミーアキャット賞Ｃ３選定馬,900,ダ,左,稍重,曇,9,4,4,ゴームズ,牝,4,54.0,474,2,野畑凌,佐々仁,3.7,8,0:57.9,39.7,4-3-3,3,474,2
2026/03/02,川崎,3,ミーアキャット賞Ｃ３選定馬,900,ダ,左,稍重,曇,9,3,3,グローリーシューズ,牡,5,53.0,466,-5,加藤雄,佐藤博,25.7,9,0:58.1,39.4,8-8-8,7,466,-5
2026/03/02,川崎,4,Ｃ２一 二,1400,ダ,左,稍重,曇,10,5,5,アムリタ,牝,4,54.0,448,-5,御神訓,平田正,3.3,1,1:31.9,39.0,4-4-4-3,3,448,-5
2026/03/02,川崎,4,Ｃ２一 二,1400,ダ,左,稍重,曇,10,7,8,モメン,牝,4,54.0,458,0,笹川翼,山崎尋,3.1,2,1:32.4,39.7,2-2-1-2,2,458,0
2026/03/02,川崎,4,Ｃ２一 二,1400,ダ,左,稍重,曇,10,6,6,ピコグリーン,牝,4,54.0,454,5,野畑凌,佐藤博,2.6,3,1:32.9,40.2,1-1-2-1,1,454,5
2026/03/02,川崎,4,Ｃ２一 二,1400,ダ,左,稍重,曇,10,2,2,ダズリングスカイ,牝,6,54.0,508,-3,新原周,鈴木義,80.2,4,1:32.9,39.1,9-8-7-6,7,508,-3
2026/03/02,川崎,4,Ｃ２一 二,1400,ダ,左,稍重,曇,10,3,3,デルマツリダシ,セ,0,56.0,514,0,西啓太,山崎裕,22.8,5,1:32.9,39.7,5-5-5-4,6,514,0
2026/03/02,川崎,4,Ｃ２一 二,1400,ダ,左,稍重,曇,10,8,10,ヴァッツマン,牡,4,56.0,504,1,本田重,山崎尋,9.7,6,1:33.5,39.3,8-9-10-10,4,504,1
2026/03/02,川崎,4,Ｃ２一 二,1400,ダ,左,稍重,曇,10,7,7,アイズミサクラ,牝,4,54.0,458,1,矢野貴,高月賢,11.2,7,1:34.1,41.2,3-3-3-4,5,458,1
2026/03/02,川崎,4,Ｃ２一 二,1400,ダ,左,稍重,曇,10,1,1,ルゾフォニア,牝,4,54.0,397,1,岡村裕,武井和,133.0,8,1:34.3,40.1,10-10-9-8,8,397,1
2026/03/02,川崎,4,Ｃ２一 二,1400,ダ,左,稍重,曇,10,8,9,バードハズフロウン,牝,8,54.0,419,2,池谷匠,今井輝,203.8,9,1:34.7,40.9,7-7-7-9,9,419,2
2026/03/02,川崎,4,Ｃ２一 二,1400,ダ,左,稍重,曇,10,4,4,フォギーレーン,牝,4,51.0,379,-5,神尾香,田島寿,314.3,10,1:34.9,41.5,6-6-6-7,10,379,-5
2026/03/02,川崎,5,Ｃ２一 二,1400,ダ,左,稍重,曇,11,4,4,モコモコ,牝,4,53.0,440,5,佐野遥,安池成,4.0,1,1:31.5,39.7,5-4-5-3,2,440,5
2026/03/02,川崎,5,Ｃ２一 二,1400,ダ,左,稍重,曇,11,7,8,フィリグラン,牝,4,54.0,421,3,本田重,佐々仁,7.5,2,1:31.6,40.7,1-1-1-1,3,421,3
2026/03/02,川崎,5,Ｃ２一 二,1400,ダ,左,稍重,曇,11,7,9,ラウレア,牝,4,54.0,459,-1,新原周,佐藤博,20.4,3,1:32.5,40.1,9-8-9-6,8,459,-1
2026/03/02,川崎,5,Ｃ２一 二,1400,ダ,左,稍重,曇,11,3,3,マーゴットエクラ,牝,5,54.0,484,-12,御神訓,高月賢,7.7,4,1:32.6,40.4,8-7-6-5,4,484,-12
2026/03/02,川崎,5,Ｃ２一 二,1400,ダ,左,稍重,曇,11,1,1,ベルレオーネ,牡,4,56.0,462,-4,矢野貴,鈴木義,2.4,5,1:33.0,41.5,3-3-3-2,1,462,-4
2026/03/02,川崎,5,Ｃ２一 二,1400,ダ,左,稍重,曇,11,2,2,ティロワール,牝,5,54.0,410,2,増田充,八木仁,217.4,6,1:33.4,41.0,10-10-11-8,11,410,2
2026/03/02,川崎,5,Ｃ２一 二,1400,ダ,左,稍重,曇,11,8,10,ニシノババンギタ,セ,0,56.0,459,-2,山林信,田邊陽,19.0,7,1:33.4,41.2,6-6-7-9,7,459,-2
2026/03/02,川崎,5,Ｃ２一 二,1400,ダ,左,稍重,曇,11,6,6,ウェルキン,牝,5,54.0,432,-2,中越琉,佐藤博,67.1,8,1:33.5,40.9,11-11-8-11,10,432,-2
2026/03/02,川崎,5,Ｃ２一 二,1400,ダ,左,稍重,曇,11,8,11,メタルハート,牝,5,54.0,461,3,笹川翼,山崎尋,9.8,9,1:33.6,41.2,7-8-10-10,5,461,3
2026/03/02,川崎,5,Ｃ２一 二,1400,ダ,左,稍重,曇,11,6,7,マオノボルケーノ,牝,5,54.0,471,4,町田直,平田正,11.0,10,1:33.9,42.2,4-5-4-4,6,471,4
2026/03/02,川崎,5,Ｃ２一 二,1400,ダ,左,稍重,曇,11,5,5,カレンメラメーラ,牝,5,54.0,468,1,櫻井光,八木喜,49.3,11,1:33.9,42.4,2-2-2-6,9,468,1
2026/03/02,川崎,6,花天月地賞３歳１１００Ｐ未満未格付選牝,1500,ダ,左,稍重,曇,8,5,5,ミスティライズ,牝,3,55.0,467,18,野畑凌,佐々仁,1.9,1,1:39.4,39.4,3-3-2-2,1,467,18
2026/03/02,川崎,6,花天月地賞３歳１１００Ｐ未満未格付選牝,1500,ダ,左,稍重,曇,8,8,8,コタダブル,牝,3,54.0,444,1,御神訓,山崎裕,2.4,2,1:39.6,39.5,2-2-3-3,2,444,1
2026/03/02,川崎,6,花天月地賞３歳１１００Ｐ未満未格付選牝,1500,ダ,左,稍重,曇,8,4,4,リコーパトリオット,牝,3,53.0,435,2,佐野遥,久保秀,20.4,3,1:40.4,40.5,4-6-1-1,5,435,2
2026/03/02,川崎,6,花天月地賞３歳１１００Ｐ未満未格付選牝,1500,ダ,左,稍重,曇,8,6,6,スプリンガフォート,牝,3,55.0,472,-1,笹川翼,佐々仁,15.0,4,1:40.6,40.2,1-1-4-4,4,472,-1
2026/03/02,川崎,6,花天月地賞３歳１１００Ｐ未満未格付選牝,1500,ダ,左,稍重,曇,8,3,3,フォーマイディア,牝,3,54.0,442,7,古岡勇,河津裕,100.8,5,1:40.7,39.5,8-7-7-5,8,442,7
2026/03/02,川崎,6,花天月地賞３歳１１００Ｐ未満未格付選牝,1500,ダ,左,稍重,曇,8,2,2,アマビリティ,牝,3,54.0,455,-5,伊藤裕,河津裕,67.0,6,1:41.0,40.3,4-5-5-6,7,455,-5
2026/03/02,川崎,6,花天月地賞３歳１１００Ｐ未満未格付選牝,1500,ダ,左,稍重,曇,8,7,7,ラミアメロディア,牝,3,54.0,385,0,町田直,秋山直,6.8,7,1:41.3,40.3,7-8-6-7,3,385,0
2026/03/02,川崎,6,花天月地賞３歳１１００Ｐ未満未格付選牝,1500,ダ,左,稍重,曇,8,1,1,ジーベローチェ,牝,3,54.0,483,1,新原周,鈴木義,35.4,8,1:42.7,41.5,4-4-8-8,6,483,1
2026/03/02,川崎,7,メッシーナ賞Ｃ１選定馬,1600,ダ,左,稍重,曇,7,2,2,ホースワン,牡,4,56.0,506,1,野畑凌,高月賢,1.4,1,1:46.0,39.6,7-7-2-2,1,506,1
2026/03/02,川崎,7,メッシーナ賞Ｃ１選定馬,1600,ダ,左,稍重,曇,7,3,3,サーブザミッション,牡,5,56.0,453,-8,池谷匠,古澤悟,24.9,2,1:46.5,40.1,4-4-5-3,6,453,-8
2026/03/02,川崎,7,メッシーナ賞Ｃ１選定馬,1600,ダ,左,稍重,曇,7,6,6,ジュウニントイロ,牝,4,54.0,481,0,山林信,平田正,14.7,3,1:46.5,40.6,1-1-1-1,4,481,0
2026/03/02,川崎,7,メッシーナ賞Ｃ１選定馬,1600,ダ,左,稍重,曇,7,4,4,パイロデキセキ,牡,5,56.0,497,1,田中涼,鈴木義,4.1,4,1:47.2,40.8,6-6-7-5,2,497,1
2026/03/02,川崎,7,メッシーナ賞Ｃ１選定馬,1600,ダ,左,稍重,曇,7,7,7,ディープグラビティ,セ,0,56.0,453,4,西啓太,長友豊,15.7,5,1:47.6,41.5,2-2-2-4,5,453,4
2026/03/02,川崎,7,メッシーナ賞Ｃ１選定馬,1600,ダ,左,稍重,曇,7,1,1,アイリーズパキラ,牡,4,56.0,480,3,町田直,内田勝,8.1,6,1:48.1,41.7,4-4-6-6,3,480,3
2026/03/02,川崎,7,メッシーナ賞Ｃ１選定馬,1600,ダ,左,稍重,曇,7,5,5,ミスケイト,牝,4,51.0,474,7,加藤雄,山崎尋,80.4,7,1:49.6,43.3,3-3-4-7,7,474,7
2026/03/02,川崎,8,カラスミ賞Ｃ２選定馬（上）,1500,ダ,左,稍重,曇,9,7,7,メイショウマチルダ,牝,4,54.0,453,-2,山林信,村田順,2.8,1,1:37.8,38.6,9-9-8-6,2,453,-2
2026/03/02,川崎,8,カラスミ賞Ｃ２選定馬（上）,1500,ダ,左,稍重,曇,9,4,4,ブランディストック,セ,0,56.0,491,5,町田直,山崎尋,7.7,2,1:38.1,39.8,5-5-5-4,3,491,5
2026/03/02,川崎,8,カラスミ賞Ｃ２選定馬（上）,1500,ダ,左,稍重,曇,9,5,5,フライングロッド,牡,5,56.0,467,-6,西啓太,高橋宏,59.0,3,1:38.2,40.2,3-3-3-5,6,467,-6
2026/03/02,川崎,8,カラスミ賞Ｃ２選定馬（上）,1500,ダ,左,稍重,曇,9,8,9,ジンガー,牡,4,56.0,497,-3,矢野貴,鈴木義,1.5,4,1:38.2,40.4,2-2-2-1,1,497,-3
2026/03/02,川崎,8,カラスミ賞Ｃ２選定馬（上）,1500,ダ,左,稍重,曇,9,6,6,シスターネビュラ,牝,5,51.0,421,-4,神尾香,山田質,129.3,5,1:38.3,40.3,4-4-3-3,8,421,-4
2026/03/02,川崎,8,カラスミ賞Ｃ２選定馬（上）,1500,ダ,左,稍重,曇,9,2,2,ニシノシャイニング,牡,6,56.0,459,-6,西村栄,佐々清,107.4,6,1:39.2,40.7,6-6-6-7,7,459,-6
2026/03/02,川崎,8,カラスミ賞Ｃ２選定馬（上）,1500,ダ,左,稍重,曇,9,3,3,スコメッサ,セ,0,53.0,459,2,加藤雄,山崎裕,268.3,7,1:39.5,40.7,8-8-9-9,9,459,2
2026/03/02,川崎,8,カラスミ賞Ｃ２選定馬（上）,1500,ダ,左,稍重,曇,9,1,1,タイセイアダマス,牡,4,56.0,475,0,本橋孝,内田勝,32.0,8,1:39.6,40.9,7-7-7-8,5,475,0
2026/03/02,川崎,8,カラスミ賞Ｃ２選定馬（上）,1500,ダ,左,稍重,曇,9,8,8,ペイシャアンジェロ,牝,6,54.0,468,0,古岡勇,古澤悟,23.2,9,1:41.6,44.0,1-1-1-2,4,468,0
2026/03/02,川崎,9,天雷賞Ｃ２選定馬,900,ダ,左,稍重,曇,11,4,4,ヒューマンライツ,牡,5,56.0,519,1,岡村裕,久保秀,12.5,1,0:56.3,38.2,1-1-1,5,519,1
2026/03/02,川崎,9,天雷賞Ｃ２選定馬,900,ダ,左,稍重,曇,11,5,5,ハーイバービー,牝,4,54.0,449,0,矢野貴,山崎尋,1.4,2,0:56.4,38.1,2-1-2,1,449,0
2026/03/02,川崎,9,天雷賞Ｃ２選定馬,900,ダ,左,稍重,曇,11,7,9,エレレラナキラ,牡,4,55.0,445,-2,佐野遥,山田質,10.2,3,0:56.6,38.2,6-5-6,3,445,-2
2026/03/02,川崎,9,天雷賞Ｃ２選定馬,900,ダ,左,稍重,曇,11,2,2,パイナ,牝,8,54.0,467,0,新原周,大津剛,6.1,4,0:56.6,38.2,5-6-3,2,467,0
2026/03/02,川崎,9,天雷賞Ｃ２選定馬,900,ダ,左,稍重,曇,11,1,1,ベルバルト,牡,4,56.0,449,-3,伊藤裕,酒井忍,22.9,5,0:56.9,38.0,11-11-6,6,449,-3
2026/03/02,川崎,9,天雷賞Ｃ２選定馬,900,ダ,左,稍重,曇,11,8,10,ダッシングマン,牡,4,56.0,460,1,藤江渉,平田正,74.0,6,0:57.1,38.5,7-6-6,10,460,1
2026/03/02,川崎,9,天雷賞Ｃ２選定馬,900,ダ,左,稍重,曇,11,6,6,ダズリングプレイス,牝,5,51.0,422,1,加藤雄,平田正,10.4,7,0:57.1,38.5,10-8-4,4,422,1
2026/03/02,川崎,9,天雷賞Ｃ２選定馬,900,ダ,左,稍重,曇,11,7,8,イクノガキタゾ,牡,4,56.0,485,-2,菅原涼,佐々仁,34.8,8,0:57.1,38.7,4-1-4,7,485,-2
2026/03/02,川崎,9,天雷賞Ｃ２選定馬,900,ダ,左,稍重,曇,11,3,3,ウェットストーン,牝,4,54.0,432,2,櫻井光,田邊陽,74.7,9,0:57.6,38.7,9-10-10,11,432,2
2026/03/02,川崎,9,天雷賞Ｃ２選定馬,900,ダ,左,稍重,曇,11,6,7,ソーヴキプ,牝,6,54.0,484,15,山口達,渋谷博,45.5,10,0:57.8,38.7,8-9-11,8,484,15
2026/03/02,川崎,9,天雷賞Ｃ２選定馬,900,ダ,左,稍重,曇,11,8,11,カルストンオリビア,牝,4,54.0,413,5,古岡勇,八木喜,49.8,11,0:58.3,39.9,3-1-6,9,413,5
2026/03/02,川崎,10,レコードな町にいかっぷＢ２Ｂ３選定馬,2000,ダ,左,稍重,曇,10,2,2,ヴィブエアー,牡,7,57.0,499,-2,町田直,内田勝,17.9,1,2:14.3,40.1,1-1-1-1,6,499,-2
2026/03/02,川崎,10,レコードな町にいかっぷＢ２Ｂ３選定馬,2000,ダ,左,稍重,曇,10,5,5,ヘニーズネフュー,牡,5,55.0,483,-2,新原周,鈴木義,11.7,2,2:14.4,39.6,4-3-4-2,5,483,-2
2026/03/02,川崎,10,レコードな町にいかっぷＢ２Ｂ３選定馬,2000,ダ,左,稍重,曇,10,8,9,デフィニティーボ,牡,5,57.0,488,0,矢野貴,佐々仁,4.0,3,2:15.0,40.1,5-5-5-5,2,488,0
2026/03/02,川崎,10,レコードな町にいかっぷＢ２Ｂ３選定馬,2000,ダ,左,稍重,曇,10,6,6,ダートレイジング,牡,6,55.0,512,6,西啓太,加藤誠,67.0,4,2:15.3,40.1,6-6-7-6,8,512,6
2026/03/02,川崎,10,レコードな町にいかっぷＢ２Ｂ３選定馬,2000,ダ,左,稍重,曇,10,7,7,オウケンデューク,セ,0,55.0,440,-2,野畑凌,高月賢,4.1,5,2:15.7,40.9,2-2-2-3,3,440,-2
2026/03/02,川崎,10,レコードな町にいかっぷＢ２Ｂ３選定馬,2000,ダ,左,稍重,曇,10,8,10,トリグラフ,牡,7,57.0,463,-1,本田重,福田真,4.9,6,2:15.7,40.7,8-8-2-4,4,463,-1
2026/03/02,川崎,10,レコードな町にいかっぷＢ２Ｂ３選定馬,2000,ダ,左,稍重,曇,10,4,4,セレニアサミット,牝,4,54.0,438,-13,佐野遥,田島寿,65.7,7,2:16.8,41.4,7-7-8-7,7,438,-13
2026/03/02,川崎,10,レコードな町にいかっぷＢ２Ｂ３選定馬,2000,ダ,左,稍重,曇,10,1,1,スミソニアン,牡,8,57.0,449,-11,鷹見陸,宗形竹,74.4,8,2:16.8,40.3,9-10-10-9,9,449,-11
2026/03/02,川崎,10,レコードな町にいかっぷＢ２Ｂ３選定馬,2000,ダ,左,稍重,曇,10,7,8,イサナ,牡,4,57.0,538,-4,笹川翼,林隆之,2.6,9,2:17.3,42.4,3-4-5-8,1,538,-4
2026/03/02,川崎,10,レコードな町にいかっぷＢ２Ｂ３選定馬,2000,ダ,左,稍重,曇,10,3,3,ギンユウシジン,牡,5,55.0,480,0,古岡勇,今井輝,152.4,10,2:18.0,41.6,9-9-9-10,10,480,0
2026/03/02,川崎,11,日吉オープンＡ１下４歳以上,900,ダ,左,稍重,曇,9,7,7,プライルード,牡,7,58.0,512,14,本田重,藤田輝,9.1,1,0:53.9,35.9,9-8-5,5,512,14
2026/03/02,川崎,11,日吉オープンＡ１下４歳以上,900,ダ,左,稍重,曇,9,1,1,オスカーブレイン,牡,5,55.0,484,2,町田直,鈴木義,12.1,2,0:54.5,37.5,1-1-1,6,484,2
2026/03/02,川崎,11,日吉オープンＡ１下４歳以上,900,ダ,左,稍重,曇,9,8,8,ティアラフォーカス,牡,7,57.0,563,1,矢野貴,宗形竹,2.1,3,0:54.5,37.3,2-2-2,1,563,1
2026/03/02,川崎,11,日吉オープンＡ１下４歳以上,900,ダ,左,稍重,曇,9,8,9,リノデスティーノ,牡,5,55.0,509,2,岡村健,渋谷博,7.0,4,0:54.5,37.1,2-3-3,4,509,2
2026/03/02,川崎,11,日吉オープンＡ１下４歳以上,900,ダ,左,稍重,曇,9,5,5,フリーダム,牝,4,53.0,450,-4,達城龍,宗形竹,4.7,5,0:54.6,36.7,5-5-6,2,450,-4
2026/03/02,川崎,11,日吉オープンＡ１下４歳以上,900,ダ,左,稍重,曇,9,6,6,シゲルマッハ,牡,6,53.0,498,2,野畑凌,鈴木義,6.4,6,0:54.7,36.7,8-6-7,3,498,2
2026/03/02,川崎,11,日吉オープンＡ１下４歳以上,900,ダ,左,稍重,曇,9,3,3,レベルフォー,牡,10,57.0,497,-14,木間龍,矢野義,152.6,7,0:54.7,37.1,4-4-4,9,497,-14
2026/03/02,川崎,11,日吉オープンＡ１下４歳以上,900,ダ,左,稍重,曇,9,2,2,アイゴールド,牝,6,53.0,487,-2,秋元耕,鹿沼和,53.4,8,0:54.9,36.8,7-9-9,8,487,-2
2026/03/02,川崎,11,日吉オープンＡ１下４歳以上,900,ダ,左,稍重,曇,9,4,4,クリダーム,牡,6,50.0,496,3,加藤雄,茂木浩,19.1,9,0:55.3,37.4,5-7-8,7,496,3
2026/03/02,川崎,12,啓蟄特別Ｂ３一 二 三,1400,ダ,左,稍重,曇,12,7,10,カセノラオー,牡,5,56.0,500,-5,岡村健,茂木浩,3.1,1,1:31.9,39.8,2-2-2-1,1,500,-5
2026/03/02,川崎,12,啓蟄特別Ｂ３一 二 三,1400,ダ,左,稍重,曇,12,5,5,ラムテリオス,牝,5,54.0,470,3,新原周,鈴木義,7.2,2,1:32.1,39.2,10-9-10-8,5,470,3
2026/03/02,川崎,12,啓蟄特別Ｂ３一 二 三,1400,ダ,左,稍重,曇,12,1,1,リコーベレッタ,牝,6,53.0,461,0,佐野遥,久保秀,15.8,3,1:32.3,40.1,3-3-4-3,7,461,0
2026/03/02,川崎,12,啓蟄特別Ｂ３一 二 三,1400,ダ,左,稍重,曇,12,3,3,エムティワイザー,牡,4,56.0,426,-1,町田直,山崎裕,5.7,4,1:32.4,40.0,4-5-5-3,2,426,-1
2026/03/02,川崎,12,啓蟄特別Ｂ３一 二 三,1400,ダ,左,稍重,曇,12,5,6,モンド,牡,4,56.0,457,-3,矢野貴,甲田悟,5.8,5,1:32.4,39.8,8-6-7-6,3,457,-3
2026/03/02,川崎,12,啓蟄特別Ｂ３一 二 三,1400,ダ,左,稍重,曇,12,2,2,キャップ,セ,0,56.0,470,-7,櫻井光,林隆之,29.1,6,1:32.5,38.8,12-12-12-12,8,470,-7
2026/03/02,川崎,12,啓蟄特別Ｂ３一 二 三,1400,ダ,左,稍重,曇,12,4,4,プリンスメーカー,牡,6,56.0,482,-3,本田重,川島一,5.8,7,1:32.6,39.3,11-11-11-11,3,482,-3
2026/03/02,川崎,12,啓蟄特別Ｂ３一 二 三,1400,ダ,左,稍重,曇,12,8,12,サンリコリス,牝,5,54.0,468,2,藤本現,山崎裕,8.1,8,1:32.9,40.0,9-10-8-8,6,468,2
2026/03/02,川崎,12,啓蟄特別Ｂ３一 二 三,1400,ダ,左,稍重,曇,12,6,8,タイセイフランク,牡,4,56.0,495,-1,本橋孝,内田勝,66.5,9,1:33.0,40.8,5-4-3-3,10,495,-1
2026/03/02,川崎,12,啓蟄特別Ｂ３一 二 三,1400,ダ,左,稍重,曇,12,6,7,コパノマロン,牝,4,54.0,451,5,西啓太,山崎尋,91.5,10,1:33.8,41.0,6-6-9-8,11,451,5
2026/03/02,川崎,12,啓蟄特別Ｂ３一 二 三,1400,ダ,左,稍重,曇,12,8,11,ヒノデミッチー,牡,7,56.0,527,-13,伊藤裕,酒井忍,51.1,11,1:33.9,41.3,7-6-6-7,9,527,-13
2026/03/02,川崎,12,啓蟄特別Ｂ３一 二 三,1400,ダ,左,稍重,曇,12,7,9,ジェネシスミザール,セ,0,56.0,472,5,仲野光,伊藤滋,113.5,12,1:34.4,42.4,1-1-1-2,12,472,5
2026/03/03,川崎,1,Ｃ３四,1400,ダ,左,重,雨,10,2,2,ナツハヤテ,牝,8,51.0,454,-4,神尾香,山田質,4.7,1,1:33.0,40.9,1-1-1-1,2,454,-4
2026/03/03,川崎,1,Ｃ３四,1400,ダ,左,重,雨,10,6,6,オーロファルコン,牡,4,56.0,484,-2,中越琉,内田勝,90.0,2,1:33.4,40.2,8-8-7-6,7,484,-2
2026/03/03,川崎,1,Ｃ３四,1400,ダ,左,重,雨,10,1,1,ヤマトカチドキ,牝,7,51.0,505,3,佐藤翔,山田質,6.0,3,1:33.4,39.9,10-10-9-7,5,505,3
2026/03/03,川崎,1,Ｃ３四,1400,ダ,左,重,雨,10,8,10,ナリノドリーム,牝,4,54.0,477,-2,町田直,内田勝,5.0,4,1:33.6,40.6,6-6-4-4,3,477,-2
2026/03/03,川崎,1,Ｃ３四,1400,ダ,左,重,雨,10,7,7,ナミエヒーロー,牡,6,56.0,461,5,岡村裕,村田六,2.6,5,1:34.4,41.7,3-3-3-3,1,461,5
2026/03/03,川崎,1,Ｃ３四,1400,ダ,左,重,雨,10,5,5,ヴィンチェンツォ,牡,6,56.0,501,38,櫻井光,安池成,5.7,6,1:34.4,41.9,2-2-2-2,4,501,38
2026/03/03,川崎,1,Ｃ３四,1400,ダ,左,重,雨,10,3,3,カラルナ,牝,6,54.0,466,1,池谷匠,林隆之,94.9,7,1:35.4,42.2,7-7-8-9,8,466,1
2026/03/03,川崎,1,Ｃ３四,1400,ダ,左,重,雨,10,8,9,アンリ,牝,5,51.0,434,3,加藤雄,吉橋淳,110.2,8,1:35.5,42.6,5-5-5-5,9,434,3
2026/03/03,川崎,1,Ｃ３四,1400,ダ,左,重,雨,10,4,4,サヨノミニスター,牡,7,56.0,488,15,増田充,吉橋淳,12.0,9,1:36.0,43.1,4-4-6-8,6,488,15
2026/03/03,川崎,1,Ｃ３四,1400,ダ,左,重,雨,10,7,8,ブリッツシャッテン,セ,0,56.0,410,-20,本田紀,佐藤博,114.5,10,1:37.3,43.8,9-9-10-10,10,410,-20
2026/03/03,川崎,2,３歳９,1400,ダ,左,重,雨,11,3,3,テルケンユミミヅキ,牝,3,54.0,432,-5,中越琉,佐藤博,7.9,1,1:32.1,38.9,4-4-4-3,4,432,-5
2026/03/03,川崎,2,３歳９,1400,ダ,左,重,雨,11,7,9,ナイスキック,牝,3,54.0,470,-4,野畑凌,茂木浩,2.7,2,1:32.2,39.1,2-2-2-2,2,470,-4
2026/03/03,川崎,2,３歳９,1400,ダ,左,重,雨,11,7,8,ワイルドスマッシュ,牡,3,56.0,487,-12,町田直,山崎尋,2.2,3,1:33.0,39.7,5-5-4-4,1,487,-12
2026/03/03,川崎,2,３歳９,1400,ダ,左,重,雨,11,6,7,ヴィヒタ,牡,3,53.0,451,14,神尾香,山田質,49.7,4,1:33.5,40.6,1-1-1-1,7,451,14
2026/03/03,川崎,2,３歳９,1400,ダ,左,重,雨,11,6,6,ベストリュイール,牝,3,53.0,413,-5,佐野遥,田邊陽,6.3,5,1:33.9,40.3,8-7-7-6,3,413,-5
2026/03/03,川崎,2,３歳９,1400,ダ,左,重,雨,11,8,10,ミュークティアラ,セ,0,56.0,463,-7,伊藤裕,甲田悟,28.9,6,1:34.5,40.2,10-10-10-10,6,463,-7
2026/03/03,川崎,2,３歳９,1400,ダ,左,重,雨,11,8,11,サンドロック,牝,3,54.0,448,6,藤江渉,武井和,126.5,7,1:34.6,41.4,3-3-3-5,10,448,6
2026/03/03,川崎,2,３歳９,1400,ダ,左,重,雨,11,1,1,タイトノット,牡,3,56.0,440,-2,増田充,武井和,90.8,8,1:34.6,40.3,11-11-11-10,9,440,-2
2026/03/03,川崎,2,３歳９,1400,ダ,左,重,雨,11,4,4,テンザンパパ,牡,3,56.0,440,8,新原周,内田勝,21.4,9,1:34.7,40.9,6-8-8-8,5,440,8
2026/03/03,川崎,2,３歳９,1400,ダ,左,重,雨,11,5,5,シェブロンウーマン,牝,3,54.0,422,-2,池谷匠,山田正,59.7,10,1:34.8,40.8,9-9-8-9,8,422,-2
2026/03/03,川崎,2,３歳９,1400,ダ,左,重,雨,11,2,2,マオノトラヴィス,牝,3,51.0,398,-10,加藤雄,平田正,146.4,11,1:34.8,41.4,7-6-6-7,11,398,-10
2026/03/03,川崎,3,３歳６,1400,ダ,左,重,雨,9,3,3,マルーンドライブ,牡,3,56.0,463,3,町田直,長友豊,1.4,1,1:32.1,38.9,7-5-5-5,1,463,3
2026/03/03,川崎,3,３歳６,1400,ダ,左,重,雨,9,6,6,プリンセスサミット,牝,3,54.0,485,5,笹川翼,田島寿,12.8,2,1:32.2,39.6,1-1-1-1,5,485,5
2026/03/03,川崎,3,３歳６,1400,ダ,左,重,雨,9,8,8,リュウノアーチスト,牝,3,54.0,455,-6,新原周,山崎尋,38.0,3,1:32.7,40.0,4-3-2-2,6,455,-6
2026/03/03,川崎,3,３歳６,1400,ダ,左,重,雨,9,1,1,クイーンズステート,牝,3,54.0,395,-1,野畑凌,今井輝,5.0,4,1:32.8,39.8,3-4-4-4,2,395,-1
2026/03/03,川崎,3,３歳６,1400,ダ,左,重,雨,9,2,2,ビランチャ,牡,3,56.0,482,-3,西啓太,小久智,8.0,5,1:32.8,39.9,2-2-3-3,3,482,-3
2026/03/03,川崎,3,３歳６,1400,ダ,左,重,雨,9,5,5,アークメディナ,牝,3,54.0,437,-4,藤江渉,平田正,107.7,6,1:34.1,40.5,8-9-9-9,9,437,-4
2026/03/03,川崎,3,３歳６,1400,ダ,左,重,雨,9,7,7,ヨルノマドンナ,牝,3,54.0,508,-14,櫻井光,八木喜,9.7,7,1:34.3,40.9,6-7-7-6,4,508,-14
2026/03/03,川崎,3,３歳６,1400,ダ,左,重,雨,9,4,4,イノセントブレイヴ,牡,3,56.0,439,1,伊藤裕,佐藤博,92.8,8,1:34.3,40.9,5-6-7-8,8,439,1
2026/03/03,川崎,3,３歳６,1400,ダ,左,重,雨,9,8,9,ポンドリップ,牝,3,54.0,444,-4,中越琉,佐藤博,43.5,9,1:34.5,41.1,9-8-6-7,7,444,-4
2026/03/03,川崎,4,スターアニス賞Ｃ３選定馬,1500,ダ,左,重,雨,10,6,6,シュヴァイゲン,牡,5,54.0,511,0,中山遥,久保秀,6.4,1,1:39.5,40.1,5-5-5-3,3,511,0
2026/03/03,川崎,4,スターアニス賞Ｃ３選定馬,1500,ダ,左,重,雨,10,7,7,ファイアーワークス,牡,4,56.0,598,3,池谷匠,林隆之,3.4,2,1:39.5,40.3,2-2-2-2,2,598,3
2026/03/03,川崎,4,スターアニス賞Ｃ３選定馬,1500,ダ,左,重,雨,10,1,1,アイビーブリッツ,牡,5,56.0,464,-2,新原周,茂木浩,2.3,3,1:39.9,40.7,4-4-4-3,1,464,-2
2026/03/03,川崎,4,スターアニス賞Ｃ３選定馬,1500,ダ,左,重,雨,10,4,4,ガルヴァニック,牝,6,54.0,484,-3,伊藤裕,村田順,23.0,4,1:40.1,40.3,9-9-10-10,6,484,-3
2026/03/03,川崎,4,スターアニス賞Ｃ３選定馬,1500,ダ,左,重,雨,10,7,8,トミサンペガサス,牝,6,54.0,478,3,中越琉,村田六,45.9,5,1:40.1,40.3,10-10-7-7,8,478,3
2026/03/03,川崎,4,スターアニス賞Ｃ３選定馬,1500,ダ,左,重,雨,10,5,5,オビワンリュウセイ,牡,5,56.0,518,-5,古岡勇,八木仁,7.6,6,1:40.3,40.7,7-7-9-7,4,518,-5
2026/03/03,川崎,4,スターアニス賞Ｃ３選定馬,1500,ダ,左,重,雨,10,3,3,シヴァシン,牡,6,56.0,433,-8,櫻井光,入口由,27.3,7,1:40.3,40.9,8-8-8-6,7,433,-8
2026/03/03,川崎,4,スターアニス賞Ｃ３選定馬,1500,ダ,左,重,雨,10,2,2,フェデフルール,牝,7,53.0,466,1,佐野遥,武井和,8.0,8,1:40.4,41.0,6-6-5-5,5,466,1
2026/03/03,川崎,4,スターアニス賞Ｃ３選定馬,1500,ダ,左,重,雨,10,8,9,イチゴホイップ,牝,6,54.0,481,-2,田中涼,久保勇,103.1,9,1:40.8,41.8,1-1-1-1,10,481,-2
2026/03/03,川崎,4,スターアニス賞Ｃ３選定馬,1500,ダ,左,重,雨,10,8,10,ブルートルマリン,牝,7,54.0,508,-2,仲野光,久保勇,94.2,10,1:41.6,42.4,3-3-3-9,9,508,-2
2026/03/03,川崎,5,３歳５,1400,ダ,左,不良,雨,9,5,5,ポッドデスペア,牡,3,56.0,480,4,櫻井光,甲田悟,3.1,1,1:28.8,38.7,2-2-1-1,2,480,4
2026/03/03,川崎,5,３歳５,1400,ダ,左,不良,雨,9,3,3,カルダモンロール,牝,3,54.0,465,2,野畑凌,鈴木義,1.6,2,1:30.2,40.1,1-1-1-1,1,465,2
2026/03/03,川崎,5,３歳５,1400,ダ,左,不良,雨,9,2,2,カナールゲイル,牡,3,56.0,485,0,町田直,佐々仁,4.8,3,1:31.8,38.7,8-8-8-6,3,485,0
2026/03/03,川崎,5,３歳５,1400,ダ,左,不良,雨,9,4,4,キチョウ,牝,3,54.0,452,3,古岡勇,田島寿,59.1,4,1:32.3,40.8,3-3-3-3,5,452,3
2026/03/03,川崎,5,３歳５,1400,ダ,左,不良,雨,9,7,7,レインボージェンヌ,牝,3,51.0,435,0,佐藤翔,佐藤博,68.0,5,1:33.1,41.0,5-5-4-4,6,435,0
2026/03/03,川崎,5,３歳５,1400,ダ,左,不良,雨,9,8,8,グアピシマ,牝,3,54.0,412,-2,矢野貴,古澤悟,20.4,6,1:33.3,39.6,9-9-9-9,4,412,-2
2026/03/03,川崎,5,３歳５,1400,ダ,左,不良,雨,9,6,6,アイノプライム,牝,3,54.0,441,-1,鷹見陸,佐々仁,174.5,7,1:33.5,41.0,6-7-7-7,8,441,-1
2026/03/03,川崎,5,３歳５,1400,ダ,左,不良,雨,9,1,1,ハマウルフ,牡,3,56.0,481,0,藤江渉,岩本洋,176.3,8,1:33.7,41.7,7-6-6-5,9,481,0
2026/03/03,川崎,5,３歳５,1400,ダ,左,不良,雨,9,8,9,ミリオンフライト,牝,3,54.0,390,-5,新原周,林隆之,102.8,9,1:38.1,46.2,3-4-4-8,7,390,-5
2026/03/03,川崎,6,Ｃ２三 四,1400,ダ,左,不良,雨,9,4,4,ヒソカ,牡,4,56.0,496,-2,安藤洋,佐藤博,2.4,1,1:31.2,39.6,3-2-2-2,1,496,-2
2026/03/03,川崎,6,Ｃ２三 四,1400,ダ,左,不良,雨,9,8,9,シングンアーメット,セ,0,56.0,465,-2,西啓太,山崎尋,17.3,2,1:31.8,40.4,1-1-1-1,6,465,-2
2026/03/03,川崎,6,Ｃ２三 四,1400,ダ,左,不良,雨,9,6,6,アイビージーニー,牡,4,56.0,500,-3,藤本現,山崎裕,4.1,3,1:32.3,40.2,7-6-6-4,3,500,-3
2026/03/03,川崎,6,Ｃ２三 四,1400,ダ,左,不良,雨,9,1,1,チャーミングビビ,牝,5,54.0,433,-9,新原周,田邊陽,29.4,4,1:32.6,41.0,2-3-4-3,8,433,-9
2026/03/03,川崎,6,Ｃ２三 四,1400,ダ,左,不良,雨,9,8,8,クラフトキング,牡,4,56.0,449,3,菅原涼,佐々仁,14.4,5,1:32.8,40.9,5-5-5-6,5,449,3
2026/03/03,川崎,6,Ｃ２三 四,1400,ダ,左,不良,雨,9,7,7,キッドストン,牡,5,56.0,527,-7,本田重,山崎裕,3.2,6,1:33.2,41.5,4-4-3-4,2,527,-7
2026/03/03,川崎,6,Ｃ２三 四,1400,ダ,左,不良,雨,9,5,5,カフェランデブー,牝,5,54.0,460,-9,池谷匠,吉橋淳,28.6,7,1:33.8,41.3,8-8-7-7,7,460,-9
2026/03/03,川崎,6,Ｃ２三 四,1400,ダ,左,不良,雨,9,2,2,カツコノヒヤザケ,牡,4,53.0,438,-1,神尾香,田島寿,114.7,8,1:34.5,41.7,9-9-9-9,9,438,-1
2026/03/03,川崎,6,Ｃ２三 四,1400,ダ,左,不良,雨,9,3,3,シェナベスト,牡,5,56.0,473,4,岡村裕,山田正,11.3,9,1:34.7,42.2,5-7-8-8,4,473,4
2026/03/03,川崎,7,雷鶏賞Ｃ２選定馬,900,ダ,左,不良,雨,12,5,5,ポッドデューク,牡,4,56.0,496,5,御神訓,高月賢,1.3,1,0:54.6,37.0,2-1-2,1,496,5
2026/03/03,川崎,7,雷鶏賞Ｃ２選定馬,900,ダ,左,不良,雨,12,7,10,ナキムシヒカル,牝,6,52.0,520,5,中山遥,田邊陽,7.9,2,0:54.7,37.1,1-2-1,3,520,5
2026/03/03,川崎,7,雷鶏賞Ｃ２選定馬,900,ダ,左,不良,雨,12,5,6,モズノセイギ,牡,4,53.0,466,-2,佐藤翔,山崎尋,17.6,3,0:55.0,36.3,12-10-8,5,466,-2
2026/03/03,川崎,7,雷鶏賞Ｃ２選定馬,900,ダ,左,不良,雨,12,3,3,アーガイルピンク,牝,8,54.0,449,-12,池谷匠,山田質,70.8,4,0:55.2,37.4,4-4-4,8,449,-12
2026/03/03,川崎,7,雷鶏賞Ｃ２選定馬,900,ダ,左,不良,雨,12,1,1,クリノフローレンス,牝,4,54.0,461,-1,藤江渉,八木喜,27.1,5,0:55.2,37.4,5-6-3,6,461,-1
2026/03/03,川崎,7,雷鶏賞Ｃ２選定馬,900,ダ,左,不良,雨,12,2,2,キタノブルーアレツ,牝,7,54.0,452,-11,古岡勇,古澤悟,55.9,6,0:55.3,37.2,7-7-6,7,452,-11
2026/03/03,川崎,7,雷鶏賞Ｃ２選定馬,900,ダ,左,不良,雨,12,4,4,セッカチドラゴン,牡,5,56.0,456,-4,町田直,平田正,13.3,7,0:55.5,37.4,6-4-7,4,456,-4
2026/03/03,川崎,7,雷鶏賞Ｃ２選定馬,900,ダ,左,不良,雨,12,7,9,マイカグラ,牝,6,54.0,414,0,増田充,武井和,267.1,8,0:55.9,37.6,9-7-8,11,414,0
2026/03/03,川崎,7,雷鶏賞Ｃ２選定馬,900,ダ,左,不良,雨,12,8,12,ミツカネエリーズ,牝,5,53.0,473,3,佐野遥,高橋宏,5.8,9,0:56.4,38.8,3-2-5,2,473,3
2026/03/03,川崎,7,雷鶏賞Ｃ２選定馬,900,ダ,左,不良,雨,12,6,8,シノブデスティーノ,牝,5,54.0,429,-8,木間龍,久保勇,302.8,10,0:56.5,37.9,8-10-10,12,429,-8
2026/03/03,川崎,7,雷鶏賞Ｃ２選定馬,900,ダ,左,不良,雨,12,6,7,ピーカンパイ,牝,4,51.0,435,13,加藤雄,甲田悟,206.2,11,0:56.9,38.2,10-12-12,10,435,13
2026/03/03,川崎,7,雷鶏賞Ｃ２選定馬,900,ダ,左,不良,雨,12,8,11,ヒメカグラ,牝,6,54.0,473,6,伊藤裕,久保秀,185.0,12,0:57.0,38.3,11-9-11,9,473,6
2026/03/03,川崎,8,Ｃ２三 四,1400,ダ,左,不良,雨,11,7,9,ヴィトーリアヘーザ,牝,4,54.0,492,3,新原周,酒井忍,5.1,1,1:32.2,39.1,1-1-1-1,2,492,3
2026/03/03,川崎,8,Ｃ２三 四,1400,ダ,左,不良,雨,11,7,8,エールラヴィクトワ,牝,4,54.0,437,3,古岡勇,山崎裕,5.6,2,1:32.3,39.0,6-5-2-2,3,437,3
2026/03/03,川崎,8,Ｃ２三 四,1400,ダ,左,不良,雨,11,1,1,ロコモーション,セ,0,56.0,458,4,野畑凌,高月賢,1.6,3,1:32.6,39.1,9-7-8-5,1,458,4
2026/03/03,川崎,8,Ｃ２三 四,1400,ダ,左,不良,雨,11,5,5,ビップジェシー,牝,4,51.0,427,-3,加藤雄,田島寿,127.7,4,1:33.2,39.9,4-4-5-3,8,427,-3
2026/03/03,川崎,8,Ｃ２三 四,1400,ダ,左,不良,雨,11,6,7,エスパノーラ,牝,4,54.0,487,3,藤江渉,古澤悟,71.2,5,1:33.2,39.9,5-6-5-8,7,487,3
2026/03/03,川崎,8,Ｃ２三 四,1400,ダ,左,不良,雨,11,8,11,ジャスミン,牝,4,54.0,480,10,町田直,鈴木義,11.0,6,1:33.4,40.2,2-2-2-7,5,480,10
2026/03/03,川崎,8,Ｃ２三 四,1400,ダ,左,不良,雨,11,6,6,マニーシーン,牝,4,53.0,476,-3,佐野遥,高橋宏,8.4,7,1:33.7,40.2,8-8-7-6,4,476,-3
2026/03/03,川崎,8,Ｃ２三 四,1400,ダ,左,不良,雨,11,4,4,フォガラ,牝,9,52.0,479,0,中島良,小澤宏,133.9,8,1:34.5,40.8,10-10-9-9,9,479,0
2026/03/03,川崎,8,Ｃ２三 四,1400,ダ,左,不良,雨,11,8,10,オリコウパラダイス,牡,4,56.0,486,17,伊藤裕,安池成,54.3,9,1:34.7,41.5,3-3-2-4,6,486,17
2026/03/03,川崎,8,Ｃ２三 四,1400,ダ,左,不良,雨,11,2,2,シュライバー,牡,4,56.0,464,-17,山林信,田邊陽,273.7,10,1:34.9,41.0,7-9-10-10,10,464,-17
2026/03/03,川崎,8,Ｃ２三 四,1400,ダ,左,不良,雨,11,3,3,クロスダイヤ,牡,4,53.0,474,0,神尾香,岩本洋,276.1,11,1:35.2,41.1,11-10-11-11,11,474,0
2026/03/03,川崎,9,折鶴蘭賞Ｃ１三,1400,ダ,左,不良,雨,9,3,3,ブラッドライン,牡,7,55.0,487,7,佐野遥,田島寿,15.8,1,1:30.7,39.3,1-1-1-1,5,487,7
2026/03/03,川崎,9,折鶴蘭賞Ｃ１三,1400,ダ,左,不良,雨,9,6,6,ベルエアキング,牡,4,56.0,484,-5,御神訓,酒井忍,1.2,2,1:31.0,39.5,2-2-1-2,1,484,-5
2026/03/03,川崎,9,折鶴蘭賞Ｃ１三,1400,ダ,左,不良,雨,9,7,7,ジーティーアグリム,牝,5,54.0,546,4,本田重,山崎尋,7.5,3,1:31.7,40.0,4-3-3-3,2,546,4
2026/03/03,川崎,9,折鶴蘭賞Ｃ１三,1400,ダ,左,不良,雨,9,5,5,スウィートドリーム,牝,5,54.0,458,-1,増田充,高月賢,110.2,4,1:31.7,39.3,9-9-9-8,9,458,-1
2026/03/03,川崎,9,折鶴蘭賞Ｃ１三,1400,ダ,左,不良,雨,9,8,8,タキ,牡,5,56.0,439,1,町田直,甲田悟,9.3,5,1:31.9,39.9,7-6-4-5,4,439,1
2026/03/03,川崎,9,折鶴蘭賞Ｃ１三,1400,ダ,左,不良,雨,9,8,9,クレテイユ,牡,6,56.0,476,-6,本田紀,八木仁,62.4,6,1:32.3,39.9,8-8-6-7,6,476,-6
2026/03/03,川崎,9,折鶴蘭賞Ｃ１三,1400,ダ,左,不良,雨,9,2,2,ミュークレグルス,牡,8,56.0,514,0,古岡勇,山崎尋,100.7,7,1:32.7,40.4,6-7-7-6,8,514,0
2026/03/03,川崎,9,折鶴蘭賞Ｃ１三,1400,ダ,左,不良,雨,9,1,1,アマモト,牡,5,56.0,477,-10,野畑凌,山崎裕,7.6,8,1:33.0,41.1,5-5-4-4,3,477,-10
2026/03/03,川崎,9,折鶴蘭賞Ｃ１三,1400,ダ,左,不良,雨,9,4,4,コックリサン,牝,4,51.0,424,1,加藤雄,武井和,92.1,9,1:33.6,41.5,3-4-7-9,7,424,1
2026/03/03,川崎,10,早花咲月特別Ｂ３一 二 三,1600,ダ,左,不良,雨,12,6,8,オングライドパス,牝,5,54.0,491,-1,岡村健,河津裕,27.0,1,1:44.1,39.9,6-6-5-3,6,491,-1
2026/03/03,川崎,10,早花咲月特別Ｂ３一 二 三,1600,ダ,左,不良,雨,12,4,4,カレンタクト,牝,5,54.0,519,-2,川島正,大津剛,19.3,2,1:44.1,39.9,5-5-6-3,4,519,-2
2026/03/03,川崎,10,早花咲月特別Ｂ３一 二 三,1600,ダ,左,不良,雨,12,5,6,ファリードゥーン,牡,4,56.0,528,4,町田直,鈴木義,1.0,3,1:44.3,40.3,4-4-4-3,1,528,4
2026/03/03,川崎,10,早花咲月特別Ｂ３一 二 三,1600,ダ,左,不良,雨,12,3,3,アンジュメロディ,牝,4,54.0,465,9,櫻井光,佐藤博,25.5,4,1:44.4,40.6,3-3-3-2,5,465,9
2026/03/03,川崎,10,早花咲月特別Ｂ３一 二 三,1600,ダ,左,不良,雨,12,7,10,ユメドリーム,牡,4,56.0,447,-5,古岡勇,古澤悟,51.6,5,1:44.9,39.8,8-8-8-6,7,447,-5
2026/03/03,川崎,10,早花咲月特別Ｂ３一 二 三,1600,ダ,左,不良,雨,12,8,11,タロサンダー,牡,5,56.0,501,2,西啓太,小久智,19.2,6,1:45.3,41.9,2-2-1-1,3,501,2
2026/03/03,川崎,10,早花咲月特別Ｂ３一 二 三,1600,ダ,左,不良,雨,12,2,2,グロリアンズタイム,牡,6,56.0,550,2,新原周,古澤悟,68.2,7,1:45.5,39.8,9-9-9-9,8,550,2
2026/03/03,川崎,10,早花咲月特別Ｂ３一 二 三,1600,ダ,左,不良,雨,12,1,1,マインドブロン,牡,5,56.0,475,-16,本橋孝,秋山直,12.7,8,1:45.9,40.2,10-10-9-9,2,475,-16
2026/03/03,川崎,10,早花咲月特別Ｂ３一 二 三,1600,ダ,左,不良,雨,12,7,9,グレイトムーン,牡,9,56.0,485,-2,仲野光,村田六,185.5,9,1:46.1,39.8,12-11-11-11,10,485,-2
2026/03/03,川崎,10,早花咲月特別Ｂ３一 二 三,1600,ダ,左,不良,雨,12,6,7,テディージュエリー,牡,4,56.0,500,-10,増田充,加藤誠,252.0,10,1:46.4,42.1,7-7-7-8,11,500,-10
2026/03/03,川崎,10,早花咲月特別Ｂ３一 二 三,1600,ダ,左,不良,雨,12,8,12,レッドサラマンダー,牡,4,53.0,469,-4,加藤雄,久保秀,292.2,11,1:47.5,41.2,11-12-11-12,12,469,-4
2026/03/03,川崎,10,早花咲月特別Ｂ３一 二 三,1600,ダ,左,不良,雨,12,5,5,アイノセンシ,牡,6,55.0,516,-3,佐野遥,高月賢,69.8,12,1:49.7,46.3,1-1-2-7,9,516,-3
2026/03/03,川崎,11,Ｊ交 ブルートシュタインチャレンＡ２Ｂ１,1500,ダ,左,不良,雨,14,8,13,サンダーバース,セ,0,57.0,472,-10,鷲頭虎,井上智,31.1,1,1:33.7,39.1,4-2-1-1,9,472,-10
2026/03/03,川崎,11,Ｊ交 ブルートシュタインチャレンＡ２Ｂ１,1500,ダ,左,不良,雨,14,3,3,マイケルマキシマス,牡,5,57.0,499,-4,御神訓,内田勝,3.4,2,1:33.8,38.9,6-5-4-3,2,499,-4
2026/03/03,川崎,11,Ｊ交 ブルートシュタインチャレンＡ２Ｂ１,1500,ダ,左,不良,雨,14,6,9,ミルフルール,牝,5,55.0,496,10,藤本現,伊坂重,76.7,3,1:34.2,39.6,1-1-1-2,11,496,10
2026/03/03,川崎,11,Ｊ交 ブルートシュタインチャレンＡ２Ｂ１,1500,ダ,左,不良,雨,14,2,2,グレイスオブゴッド,牝,6,55.0,495,5,野畑凌,緒方努,12.5,4,1:34.5,39.6,8-6-5-4,5,495,5
2026/03/03,川崎,11,Ｊ交 ブルートシュタインチャレンＡ２Ｂ１,1500,ダ,左,不良,雨,14,4,5,フイノマジワリ,牝,5,55.0,452,6,木幡初,竹内正,30.1,5,1:34.6,39.3,10-10-9-7,8,452,6
2026/03/03,川崎,11,Ｊ交 ブルートシュタインチャレンＡ２Ｂ１,1500,ダ,左,不良,雨,14,3,4,ストリンジェンド,牡,6,57.0,496,12,岡村健,加藤公,16.2,6,1:34.9,39.8,7-8-7-5,6,496,12
2026/03/03,川崎,11,Ｊ交 ブルートシュタインチャレンＡ２Ｂ１,1500,ダ,左,不良,雨,14,8,14,タイムモーメント,セ,0,57.0,492,-1,本橋孝,川島一,36.0,7,1:35.6,39.4,13-13-13-11,10,492,-1
2026/03/03,川崎,11,Ｊ交 ブルートシュタインチャレンＡ２Ｂ１,1500,ダ,左,不良,雨,14,5,7,タブラオ,セ,0,57.0,485,-1,安藤洋,荒山勝,4.4,8,1:35.7,40.8,2-3-3-5,3,485,-1
2026/03/03,川崎,11,Ｊ交 ブルートシュタインチャレンＡ２Ｂ１,1500,ダ,左,不良,雨,14,7,12,エルゲルージ,牡,7,57.0,518,-7,笹川翼,福田真,3.3,9,1:35.8,40.7,5-7-7-8,1,518,-7
2026/03/03,川崎,11,Ｊ交 ブルートシュタインチャレンＡ２Ｂ１,1500,ダ,左,不良,雨,14,1,1,オーロラアーク,牝,7,55.0,467,7,佐藤翔,石栗龍,139.9,10,1:35.8,39.8,12-12-11-11,12,467,7
2026/03/03,川崎,11,Ｊ交 ブルートシュタインチャレンＡ２Ｂ１,1500,ダ,左,不良,雨,14,5,8,カツラノキサノキ,牡,5,57.0,502,12,本田重,庄野靖,17.9,11,1:36.5,40.8,8-9-10-10,7,502,12
2026/03/03,川崎,11,Ｊ交 ブルートシュタインチャレンＡ２Ｂ１,1500,ダ,左,不良,雨,14,4,6,ナガタエース,牡,6,55.0,502,2,古岡勇,岩本洋,298.2,12,1:36.9,40.9,11-11-11-13,14,502,2
2026/03/03,川崎,11,Ｊ交 ブルートシュタインチャレンＡ２Ｂ１,1500,ダ,左,不良,雨,14,6,10,ホッコーソムニウム,牡,6,55.0,490,-1,佐野遥,山崎裕,8.6,13,1:37.0,41.9,2-4-6-9,4,490,-1
2026/03/03,川崎,11,Ｊ交 ブルートシュタインチャレンＡ２Ｂ１,1500,ダ,左,不良,雨,14,7,11,サトノロイヤル,牡,8,57.0,528,7,池谷匠,内田勝,146.1,14,1:38.4,41.4,14-14-14-14,13,528,7
2026/03/03,川崎,12,進撃賞Ｃ１選定馬,900,ダ,左,不良,雨,12,6,8,アタゴテンジン,セ,0,56.0,444,-4,笹川翼,佐々仁,1.5,1,0:54.7,37.4,1-1-1,1,444,-4
2026/03/03,川崎,12,進撃賞Ｃ１選定馬,900,ダ,左,不良,雨,12,5,5,アイアンピッチ,牝,4,54.0,461,-4,櫻井光,佐藤博,13.2,2,0:54.7,37.1,3-3-3,3,461,-4
2026/03/03,川崎,12,進撃賞Ｃ１選定馬,900,ダ,左,不良,雨,12,5,6,ヴェルデヴェント,牝,7,54.0,464,2,岡村健,大津剛,25.3,3,0:55.5,37.6,9-7-5,6,464,2
2026/03/03,川崎,12,進撃賞Ｃ１選定馬,900,ダ,左,不良,雨,12,4,4,スイッチオン,牡,6,56.0,491,-3,野畑凌,鈴木義,16.5,4,0:55.6,37.1,12-9-7,4,491,-3
2026/03/03,川崎,12,進撃賞Ｃ１選定馬,900,ダ,左,不良,雨,12,1,1,ピーチマカロン,牝,4,54.0,485,4,達城龍,久保勇,50.3,5,0:55.6,37.3,11-12-11,9,485,4
2026/03/03,川崎,12,進撃賞Ｃ１選定馬,900,ダ,左,不良,雨,12,7,9,グァンバーレ,牝,4,54.0,435,2,池谷匠,村田順,117.3,6,0:55.9,38.0,10-6-8,11,435,2
2026/03/03,川崎,12,進撃賞Ｃ１選定馬,900,ダ,左,不良,雨,12,8,12,スマートアライヴ,牡,5,56.0,473,-7,岡村裕,武井和,30.5,7,0:55.9,38.4,2-2-2,7,473,-7
2026/03/03,川崎,12,進撃賞Ｃ１選定馬,900,ダ,左,不良,雨,12,6,7,ムーランアルザン,牝,7,53.0,512,-3,佐野遥,山崎裕,3.5,8,0:56.1,38.5,3-5-4,2,512,-3
2026/03/03,川崎,12,進撃賞Ｃ１選定馬,900,ダ,左,不良,雨,12,3,3,ザゴリ,牝,4,51.0,412,2,佐藤翔,山田質,68.4,9,0:56.2,37.9,7-11-12,10,412,2
2026/03/03,川崎,12,進撃賞Ｃ１選定馬,900,ダ,左,不良,雨,12,7,10,ケイツーユーロ,牡,6,56.0,465,-3,古岡勇,加藤誠,19.3,10,0:56.4,38.8,5-3-6,5,465,-3
2026/03/03,川崎,12,進撃賞Ｃ１選定馬,900,ダ,左,不良,雨,12,8,11,ゴールドサイカ,牝,4,54.0,442,-2,増田充,岩本洋,225.1,11,0:56.5,38.4,8-8-9,12,442,-2
2026/03/03,川崎,12,進撃賞Ｃ１選定馬,900,ダ,左,不良,雨,12,2,2,シルヴァーリップ,牝,5,54.0,431,-1,伊藤裕,林隆之,38.8,12,0:56.8,38.7,6-10-10,8,431,-1
2026/03/04,川崎,1,Ｃ３三,1400,ダ,左,不良,曇,12,1,1,メガミリオン,牡,8,56.0,465,-8,池谷匠,田島寿,12.7,1,1:32.5,41.3,1-1-1-1,6,465,-8
2026/03/04,川崎,1,Ｃ３三,1400,ダ,左,不良,曇,12,2,2,スノーウィースカイ,牡,4,56.0,468,-4,藤江渉,平田正,12.2,2,1:32.5,41.0,5-4-4-3,4,468,-4
2026/03/04,川崎,1,Ｃ３三,1400,ダ,左,不良,曇,12,7,10,ニットウサニー,牝,6,54.0,449,4,本橋孝,林隆之,5.0,3,1:33.1,41.5,4-4-2-2,2,449,4
2026/03/04,川崎,1,Ｃ３三,1400,ダ,左,不良,曇,12,6,8,フリューゲルルル,牡,4,56.0,535,-6,町田直,田島寿,1.7,4,1:33.2,40.9,10-9-9-5,1,535,-6
2026/03/04,川崎,1,Ｃ３三,1400,ダ,左,不良,曇,12,7,9,フルーツパフェ,牝,7,54.0,486,0,岡村健,齊藤敏,8.1,5,1:33.3,40.8,9-10-10-9,3,486,0
2026/03/04,川崎,1,Ｃ３三,1400,ダ,左,不良,曇,12,3,3,プロンプトノア,牝,5,54.0,509,-10,田中涼,佐々仁,121.4,6,1:33.6,42.1,2-2-4-4,10,509,-10
2026/03/04,川崎,1,Ｃ３三,1400,ダ,左,不良,曇,12,6,7,アマゴ,牝,7,54.0,464,-11,保園翔,箕輪武,19.0,7,1:33.9,41.9,8-8-7-7,7,464,-11
2026/03/04,川崎,1,Ｃ３三,1400,ダ,左,不良,曇,12,4,4,ジーティーケリー,牝,4,54.0,396,-4,山林信,村田順,200.1,8,1:33.9,40.6,12-12-12-11,11,396,-4
2026/03/04,川崎,1,Ｃ３三,1400,ダ,左,不良,曇,12,5,5,ミカエンブレイス,牝,4,54.0,433,-10,古岡勇,田邊陽,205.6,9,1:34.2,41.5,11-11-11-10,12,433,-10
2026/03/04,川崎,1,Ｃ３三,1400,ダ,左,不良,曇,12,5,6,シェナチチカカ,牝,7,54.0,397,8,岡村裕,山田正,12.6,10,1:35.1,43.6,3-3-3-6,5,397,8
2026/03/04,川崎,1,Ｃ３三,1400,ダ,左,不良,曇,12,8,12,ハイウィルヘーズ,牝,5,54.0,443,5,張田昂,村田六,40.7,11,1:35.2,43.2,6-7-6-8,9,443,5
2026/03/04,川崎,1,Ｃ３三,1400,ダ,左,不良,曇,12,8,11,ローゼシュティア,牝,7,51.0,481,0,加藤雄,八木喜,26.8,12,1:35.3,43.3,7-6-8-12,8,481,0
2026/03/04,川崎,2,フェネック賞Ｃ３選定馬,900,ダ,左,不良,曇,11,1,1,カウニスミエリ,牝,4,54.0,424,-2,田中涼,久保勇,7.2,1,0:55.4,38.2,1-1-1,4,424,-2
2026/03/04,川崎,2,フェネック賞Ｃ３選定馬,900,ダ,左,不良,曇,11,3,3,ササキンポピー,牝,5,54.0,439,1,古岡勇,村田順,4.5,2,0:55.6,37.9,3-3-3,2,439,1
2026/03/04,川崎,2,フェネック賞Ｃ３選定馬,900,ダ,左,不良,曇,11,2,2,ガールズドリーム,牝,6,51.0,437,-2,加藤雄,内田勝,5.7,3,0:55.8,38.4,2-2-2,3,437,-2
2026/03/04,川崎,2,フェネック賞Ｃ３選定馬,900,ダ,左,不良,曇,11,6,7,ダイナマイトブル,牡,6,56.0,464,-3,達城龍,新井健,2.9,4,0:55.8,37.4,9-7-5,1,464,-3
2026/03/04,川崎,2,フェネック賞Ｃ３選定馬,900,ダ,左,不良,曇,11,6,6,カナサンドー,牝,5,54.0,387,5,藤江渉,今井輝,30.1,5,0:56.2,38.3,5-4-4,8,387,5
2026/03/04,川崎,2,フェネック賞Ｃ３選定馬,900,ダ,左,不良,曇,11,4,4,コルティリオ,セ,0,56.0,443,-10,岡村裕,山崎裕,84.0,6,0:56.7,38.7,5-6-6,9,443,-10
2026/03/04,川崎,2,フェネック賞Ｃ３選定馬,900,ダ,左,不良,曇,11,7,9,プリドラ,牝,5,54.0,506,1,新原周,吉橋淳,8.3,7,0:57.4,39.0,7-8-9,5,506,1
2026/03/04,川崎,2,フェネック賞Ｃ３選定馬,900,ダ,左,不良,曇,11,8,10,ブルーグリッター,セ,0,54.0,430,0,中山遥,大津剛,8.7,8,0:57.5,39.4,4-5-7,6,430,0
2026/03/04,川崎,2,フェネック賞Ｃ３選定馬,900,ダ,左,不良,曇,11,5,5,マリリンアスク,牝,4,53.0,468,1,佐野遥,山崎尋,12.1,9,0:57.7,39.3,8-9-8,7,468,1
2026/03/04,川崎,2,フェネック賞Ｃ３選定馬,900,ダ,左,不良,曇,11,8,11,シックスレター,牝,8,54.0,480,2,池谷匠,林隆之,151.7,10,0:57.8,39.1,10-10-10,10,480,2
2026/03/04,川崎,2,フェネック賞Ｃ３選定馬,900,ダ,左,不良,曇,11,7,8,クリナデシコ,牝,4,51.0,467,7,神尾香,山田正,184.2,11,0:59.9,40.8,11-11-11,11,467,7
2026/03/04,川崎,3,Ｃ２七,1400,ダ,左,不良,曇,12,6,8,ゼンダントモニ,牡,4,56.0,474,0,丹内祐,佐々仁,4.9,1,1:31.6,39.3,2-2-1-1,3,474,0
2026/03/04,川崎,3,Ｃ２七,1400,ダ,左,不良,曇,12,2,2,ダイゴホマレリュウ,牡,5,56.0,544,-2,藤江渉,山田質,20.5,2,1:32.1,39.5,5-5-5-4,5,544,-2
2026/03/04,川崎,3,Ｃ２七,1400,ダ,左,不良,曇,12,5,6,フレイム,牡,4,56.0,518,8,野畑凌,佐藤博,1.9,3,1:32.2,40.0,1-1-1-2,1,518,8
2026/03/04,川崎,3,Ｃ２七,1400,ダ,左,不良,曇,12,7,9,ウインプリームス,牝,6,53.0,434,-8,佐野遥,吉橋淳,8.1,4,1:32.2,39.7,3-3-1-3,4,434,-8
2026/03/04,川崎,3,Ｃ２七,1400,ダ,左,不良,曇,12,7,10,タイキレヴィン,牡,5,56.0,486,-19,古岡勇,武井和,34.3,5,1:33.3,40.5,4-7-6-5,7,486,-19
2026/03/04,川崎,3,Ｃ２七,1400,ダ,左,不良,曇,12,1,1,リュウノラプター,牡,6,56.0,507,-7,野澤憲,齊藤敏,4.3,6,1:33.9,40.8,11-10-9-7,2,507,-7
2026/03/04,川崎,3,Ｃ２七,1400,ダ,左,不良,曇,12,8,12,ポルタフェリーチェ,牝,4,54.0,463,3,池谷匠,平田正,69.4,7,1:34.0,40.6,12-12-12-10,9,463,3
2026/03/04,川崎,3,Ｃ２七,1400,ダ,左,不良,曇,12,6,7,スイレンチャン,牝,4,52.0,463,10,中山遥,久保秀,30.3,8,1:34.4,41.6,5-6-8-9,6,463,10
2026/03/04,川崎,3,Ｃ２七,1400,ダ,左,不良,曇,12,4,4,リンテンリュウ,牝,4,54.0,498,-1,田中涼,鈴木義,69.8,9,1:34.7,41.6,7-11-6-8,10,498,-1
2026/03/04,川崎,3,Ｃ２七,1400,ダ,左,不良,曇,12,8,11,マロンフエルテ,牝,7,54.0,457,-1,張田昂,久保勇,233.0,10,1:34.7,41.9,9-4-4-6,12,457,-1
2026/03/04,川崎,3,Ｃ２七,1400,ダ,左,不良,曇,12,5,5,アディモレナ,牡,4,56.0,524,0,山林信,佐々仁,77.5,11,1:34.8,41.6,7-9-9-11,11,524,0
2026/03/04,川崎,3,Ｃ２七,1400,ダ,左,不良,曇,12,3,3,クリップクロップ,牝,4,54.0,462,2,櫻井光,田邊陽,46.2,12,1:35.7,42.6,9-8-9-11,8,462,2
2026/03/04,川崎,4,西洋躑躅賞Ｃ１一 二,1400,ダ,左,不良,曇,11,7,9,ナートゥ,牡,4,56.0,541,5,野畑凌,高月賢,5.3,1,1:31.9,40.7,2-2-2-2,3,541,5
2026/03/04,川崎,4,西洋躑躅賞Ｃ１一 二,1400,ダ,左,不良,曇,11,7,8,バックビート,牡,4,55.0,501,1,佐野遥,山崎尋,2.4,2,1:32.4,41.4,1-1-1-1,1,501,1
2026/03/04,川崎,4,西洋躑躅賞Ｃ１一 二,1400,ダ,左,不良,曇,11,2,2,マジカルレイズ,牡,5,56.0,480,1,張田昂,山崎裕,4.7,3,1:32.7,40.6,10-9-8-7,2,480,1
2026/03/04,川崎,4,西洋躑躅賞Ｃ１一 二,1400,ダ,左,不良,曇,11,5,5,モモジロー,牡,4,56.0,448,-3,新原周,古澤悟,27.6,4,1:32.7,41.0,6-5-4-3,9,448,-3
2026/03/04,川崎,4,西洋躑躅賞Ｃ１一 二,1400,ダ,左,不良,曇,11,6,6,ケイティキセキ,牡,5,56.0,497,-5,池谷匠,高橋宏,10.0,5,1:32.8,40.9,7-7-7-6,4,497,-5
2026/03/04,川崎,4,西洋躑躅賞Ｃ１一 二,1400,ダ,左,不良,曇,11,3,3,ショウナンマンテン,牝,5,54.0,406,-11,岡村裕,武井和,13.4,6,1:33.0,41.6,3-3-4-5,7,406,-11
2026/03/04,川崎,4,西洋躑躅賞Ｃ１一 二,1400,ダ,左,不良,曇,11,8,11,ハーモニーレグルス,牡,8,56.0,555,14,町田直,高月賢,11.6,7,1:33.1,41.5,5-4-3-4,6,555,14
2026/03/04,川崎,4,西洋躑躅賞Ｃ１一 二,1400,ダ,左,不良,曇,11,4,4,アルハイルフォート,牡,4,56.0,488,1,藤本現,山崎裕,20.2,8,1:33.4,41.0,9-9-10-8,8,488,1
2026/03/04,川崎,4,西洋躑躅賞Ｃ１一 二,1400,ダ,左,不良,曇,11,8,10,アオイラン,牝,5,54.0,474,-4,櫻井光,新井健,91.2,9,1:33.7,41.0,11-11-11-11,10,474,-4
2026/03/04,川崎,4,西洋躑躅賞Ｃ１一 二,1400,ダ,左,不良,曇,11,6,7,ネヴァーノウズ,牡,4,53.0,448,-3,加藤雄,甲田悟,161.0,10,1:34.3,42.2,8-8-9-8,11,448,-3
2026/03/04,川崎,4,西洋躑躅賞Ｃ１一 二,1400,ダ,左,不良,曇,11,1,1,ラピルスイメル,牝,4,54.0,498,-15,西啓太,加藤誠,11.5,11,1:34.7,43.0,4-6-6-8,5,498,-15
2026/03/04,川崎,5,音速賞Ｃ１選定馬,900,ダ,左,不良,曇,11,5,5,モズアンドモズ,牝,4,54.0,465,-2,野畑凌,秋山直,1.9,1,0:55.4,38.0,2-1-1,1,465,-2
2026/03/04,川崎,5,音速賞Ｃ１選定馬,900,ダ,左,不良,曇,11,1,1,シンフォニーシーズ,牝,4,54.0,437,0,菅原涼,佐々仁,4.8,2,0:55.7,38.3,5-3-3,3,437,0
2026/03/04,川崎,5,音速賞Ｃ１選定馬,900,ダ,左,不良,曇,11,7,9,イイクニアシェル,牡,5,55.0,509,-6,佐野遥,久保秀,8.4,3,0:55.7,37.5,6-5-4,4,509,-6
2026/03/04,川崎,5,音速賞Ｃ１選定馬,900,ダ,左,不良,曇,11,4,4,バースフラワー,牝,4,54.0,447,-4,藤江渉,山田質,23.6,4,0:56.0,36.9,11-10-9,5,447,-4
2026/03/04,川崎,5,音速賞Ｃ１選定馬,900,ダ,左,不良,曇,11,8,10,インテンスドライヴ,牝,4,51.0,468,-2,加藤雄,山崎裕,43.9,5,0:56.1,38.4,2-4-5,8,468,-2
2026/03/04,川崎,5,音速賞Ｃ１選定馬,900,ダ,左,不良,曇,11,8,11,ベストツッキー,牡,5,56.0,478,-11,古岡勇,山崎裕,24.5,6,0:56.2,38.5,1-2-2,6,478,-11
2026/03/04,川崎,5,音速賞Ｃ１選定馬,900,ダ,左,不良,曇,11,6,7,コスモタラゴン,牡,5,56.0,449,-8,増田充,武井和,34.9,7,0:56.6,38.1,8-8-8,7,449,-8
2026/03/04,川崎,5,音速賞Ｃ１選定馬,900,ダ,左,不良,曇,11,3,3,ビタリス,牝,5,54.0,496,-1,本田紀,八木喜,93.8,8,0:56.6,37.5,10-11-11,10,496,-1
2026/03/04,川崎,5,音速賞Ｃ１選定馬,900,ダ,左,不良,曇,11,2,2,ネバーエンドマーチ,牡,4,56.0,470,-8,笹川翼,高月賢,4.3,9,0:57.5,39.7,2-5-6,2,470,-8
2026/03/04,川崎,5,音速賞Ｃ１選定馬,900,ダ,左,不良,曇,11,7,8,ミスサン,牝,5,54.0,455,2,鷹見陸,佐藤博,117.7,10,0:57.6,39.3,9-5-7,11,455,2
2026/03/04,川崎,5,音速賞Ｃ１選定馬,900,ダ,左,不良,曇,11,6,6,シンシアビューティ,牝,4,54.0,468,-7,新原周,林隆之,51.6,11,0:57.8,39.6,7-8-10,9,468,-7
2026/03/04,川崎,6,Ｊ交 アクアマリンフラワー賞３歳未格付・,1400,ダ,左,不良,曇,11,1,1,ライフイズ,牝,3,54.0,412,0,野畑凌,鈴木慎,5.0,1,1:30.5,38.9,1-1-1-1,2,412,0
2026/03/04,川崎,6,Ｊ交 アクアマリンフラワー賞３歳未格付・,1400,ダ,左,不良,曇,11,4,4,トラペジウム,牝,3,54.0,469,0,川島正,大津剛,7.6,2,1:31.3,39.1,6-6-4-6,4,469,0
2026/03/04,川崎,6,Ｊ交 アクアマリンフラワー賞３歳未格付・,1400,ダ,左,不良,曇,11,3,3,ドナソラーレ,牝,3,54.0,418,-2,御神訓,池上和,19.7,3,1:31.6,39.6,5-5-4-2,7,418,-2
2026/03/04,川崎,6,Ｊ交 アクアマリンフラワー賞３歳未格付・,1400,ダ,左,不良,曇,11,7,8,ベアアスムイ,牝,3,54.0,434,9,矢野貴,鈴木義,9.8,4,1:31.8,39.4,8-7-6-5,5,434,9
2026/03/04,川崎,6,Ｊ交 アクアマリンフラワー賞３歳未格付・,1400,ダ,左,不良,曇,11,6,7,フェスティヴハート,牝,3,54.0,480,-18,柴田大,畠山吉,2.1,5,1:32.0,40.2,4-3-2-3,1,480,-18
2026/03/04,川崎,6,Ｊ交 アクアマリンフラワー賞３歳未格付・,1400,ダ,左,不良,曇,11,7,9,ラヴィングリー,牝,3,54.0,454,-2,本田重,池上和,7.1,6,1:32.8,40.0,10-10-9-9,3,454,-2
2026/03/04,川崎,6,Ｊ交 アクアマリンフラワー賞３歳未格付・,1400,ダ,左,不良,曇,11,2,2,ジーカンピオーネ,牝,3,54.0,395,-6,新原周,鈴木義,128.3,7,1:32.9,40.1,7-9-10-7,10,395,-6
2026/03/04,川崎,6,Ｊ交 アクアマリンフラワー賞３歳未格付・,1400,ダ,左,不良,曇,11,5,5,ゼンノトヨタマヒメ,牝,3,54.0,439,-23,笹川翼,中村直,11.1,8,1:34.4,42.6,2-2-3-4,6,439,-23
2026/03/04,川崎,6,Ｊ交 アクアマリンフラワー賞３歳未格付・,1400,ダ,左,不良,曇,11,8,11,リトルエンジェル,牝,3,54.0,416,20,岡村健,石栗龍,30.0,9,1:34.4,41.8,8-8-6-7,8,416,20
2026/03/04,川崎,6,Ｊ交 アクアマリンフラワー賞３歳未格付・,1400,ダ,左,不良,曇,11,8,10,キャッチマイアイ,牝,3,51.0,400,6,神尾香,山田質,307.8,10,1:36.5,43.1,11-11-11-11,11,400,6
2026/03/04,川崎,6,Ｊ交 アクアマリンフラワー賞３歳未格付・,1400,ダ,左,不良,曇,11,6,6,ディーズメソッド,牝,3,54.0,496,5,町田直,内田勝,41.2,11,1:37.6,45.0,3-4-8-10,9,496,5
2026/03/04,川崎,7,鳴門賞Ｃ１一 二,1400,ダ,左,不良,曇,12,8,11,クワイトポッシブル,牝,5,51.0,410,0,神尾香,山田正,158.6,1,1:32.1,39.6,8-8-6-8,12,410,0
2026/03/04,川崎,7,鳴門賞Ｃ１一 二,1400,ダ,左,不良,曇,12,8,12,ノーブルウィスパー,牝,5,54.0,452,-4,櫻井光,八木仁,41.1,2,1:32.1,40.1,2-2-2-2,8,452,-4
2026/03/04,川崎,7,鳴門賞Ｃ１一 二,1400,ダ,左,不良,曇,12,6,8,ボルドーティラミス,牝,4,52.0,465,3,中山遥,田邊陽,139.2,3,1:32.1,40.5,1-1-1-1,11,465,3
2026/03/04,川崎,7,鳴門賞Ｃ１一 二,1400,ダ,左,不良,曇,12,7,9,モジモジ,牡,4,53.0,433,-1,加藤雄,安池成,24.5,4,1:32.2,39.2,11-11-11-10,7,433,-1
2026/03/04,川崎,7,鳴門賞Ｃ１一 二,1400,ダ,左,不良,曇,12,7,10,サラサエンペラー,牡,4,56.0,490,-4,町田直,内田勝,7.7,5,1:32.3,40.0,7-5-4-3,3,490,-4
2026/03/04,川崎,7,鳴門賞Ｃ１一 二,1400,ダ,左,不良,曇,12,2,2,ペータース,牝,5,54.0,446,-7,西啓太,加藤誠,6.5,6,1:32.5,39.8,9-9-10-9,2,446,-7
2026/03/04,川崎,7,鳴門賞Ｃ１一 二,1400,ダ,左,不良,曇,12,5,5,エクセルボビー,牡,4,56.0,484,-7,矢野貴,高月賢,1.5,7,1:32.6,40.1,4-6-8-6,1,484,-7
2026/03/04,川崎,7,鳴門賞Ｃ１一 二,1400,ダ,左,不良,曇,12,1,1,ランニングホット,牝,4,54.0,431,9,張田昂,山崎裕,9.8,8,1:32.8,40.3,6-7-9-5,4,431,9
2026/03/04,川崎,7,鳴門賞Ｃ１一 二,1400,ダ,左,不良,曇,12,3,3,リコーターター,牝,4,54.0,469,-8,野畑凌,久保秀,22.2,9,1:32.9,40.7,3-3-5-3,6,469,-8
2026/03/04,川崎,7,鳴門賞Ｃ１一 二,1400,ダ,左,不良,曇,12,6,7,アルティメット,牝,5,54.0,409,-6,中越琉,武井和,72.4,10,1:33.1,40.4,12-12-7-11,10,409,-6
2026/03/04,川崎,7,鳴門賞Ｃ１一 二,1400,ダ,左,不良,曇,12,5,6,ドウザン,牡,5,55.0,477,2,佐野遥,高月賢,65.2,11,1:33.4,41.2,5-4-3-7,9,477,2
2026/03/04,川崎,7,鳴門賞Ｃ１一 二,1400,ダ,左,不良,曇,12,4,4,タッカーバリアント,牡,4,56.0,500,42,古岡勇,田島寿,17.8,12,1:33.4,40.2,10-10-12-12,5,500,42
2026/03/04,川崎,8,Ｊ交 マーチフラワー賞３歳未格付選定馬Ｊ,1500,ダ,左,不良,曇,12,6,7,ワンモメンタム,牡,3,56.0,498,10,岩田康,萩原清,3.9,1,1:35.6,40.0,4-4-2-2,2,498,10
2026/03/04,川崎,8,Ｊ交 マーチフラワー賞３歳未格付選定馬Ｊ,1500,ダ,左,不良,曇,12,6,8,ココラッシー,牡,3,56.0,444,4,丹内祐,西園翔,7.4,2,1:35.8,39.7,6-6-5-3,4,444,4
2026/03/04,川崎,8,Ｊ交 マーチフラワー賞３歳未格付選定馬Ｊ,1500,ダ,左,不良,曇,12,1,1,ジャスパーブレイズ,牡,3,56.0,504,0,笹川翼,森秀行,4.7,3,1:36.2,40.7,1-1-1-1,3,504,0
2026/03/04,川崎,8,Ｊ交 マーチフラワー賞３歳未格付選定馬Ｊ,1500,ダ,左,不良,曇,12,7,9,ユニゾン,牡,3,56.0,453,1,佐々大,菊川正,2.5,4,1:36.5,40.2,7-7-6-5,1,453,1
2026/03/04,川崎,8,Ｊ交 マーチフラワー賞３歳未格付選定馬Ｊ,1500,ダ,左,不良,曇,12,2,2,バスクレヒオン,牡,3,56.0,482,-7,西啓太,加藤誠,11.9,5,1:37.8,41.5,5-5-7-6,5,482,-7
2026/03/04,川崎,8,Ｊ交 マーチフラワー賞３歳未格付選定馬Ｊ,1500,ダ,左,不良,曇,12,7,10,ベネファクター,牡,3,56.0,463,7,本田重,齋藤誠,16.5,6,1:37.8,40.7,9-9-9-8,6,463,7
2026/03/04,川崎,8,Ｊ交 マーチフラワー賞３歳未格付選定馬Ｊ,1500,ダ,左,不良,曇,12,8,12,ビービーエリス,牡,3,56.0,436,-3,矢野貴,山崎尋,21.9,7,1:38.2,40.1,11-11-11-11,7,436,-3
2026/03/04,川崎,8,Ｊ交 マーチフラワー賞３歳未格付選定馬Ｊ,1500,ダ,左,不良,曇,12,3,3,セイソラボル,牡,3,55.0,518,17,佐野遥,甲田悟,24.7,8,1:38.2,42.4,2-2-3-4,8,518,17
2026/03/04,川崎,8,Ｊ交 マーチフラワー賞３歳未格付選定馬Ｊ,1500,ダ,左,不良,曇,12,4,4,テンカラットレター,牡,3,56.0,463,-1,木幡初,本間忍,85.1,9,1:38.2,42.4,3-3-4-7,10,463,-1
2026/03/04,川崎,8,Ｊ交 マーチフラワー賞３歳未格付選定馬Ｊ,1500,ダ,左,不良,曇,12,5,6,デアトゥバトル,牡,3,56.0,450,-10,武藤雅,水野貴,76.9,10,1:40.3,43.2,10-10-10-9,9,450,-10
2026/03/04,川崎,8,Ｊ交 マーチフラワー賞３歳未格付選定馬Ｊ,1500,ダ,左,不良,曇,12,8,11,キイチヘリオス,牡,3,56.0,482,1,新原周,鈴木義,205.6,11,1:41.1,44.2,8-8-8-10,11,482,1
2026/03/04,川崎,8,Ｊ交 マーチフラワー賞３歳未格付選定馬Ｊ,1500,ダ,左,不良,曇,12,5,5,ステイドリーム,牡,3,56.0,538,-6,中越琉,佐藤博,264.7,12,1:41.3,42.8,12-12-12-12,12,538,-6
2026/03/04,川崎,9,千変万化賞Ｂ３選定馬,900,ダ,左,不良,曇,12,8,11,ルールメイプル,牝,6,53.0,458,-2,佐野遥,山崎裕,17.1,1,0:54.3,37.1,4-2-1,4,458,-2
2026/03/04,川崎,9,千変万化賞Ｂ３選定馬,900,ダ,左,不良,曇,12,5,6,ツツウラウラ,牡,4,56.0,469,0,西啓太,野口寛,1.9,2,0:54.6,36.9,6-3-3,1,469,0
2026/03/04,川崎,9,千変万化賞Ｂ３選定馬,900,ダ,左,不良,曇,12,3,3,ディーズメイト,牝,6,54.0,487,-1,矢野貴,高月賢,7.8,3,0:54.6,37.1,3-4-4,3,487,-1
2026/03/04,川崎,9,千変万化賞Ｂ３選定馬,900,ダ,左,不良,曇,12,1,1,カンノンアーニモ,牡,5,56.0,460,8,丹内祐,河津裕,2.6,4,0:54.7,37.0,5-7-6,2,460,8
2026/03/04,川崎,9,千変万化賞Ｂ３選定馬,900,ダ,左,不良,曇,12,6,7,エターナルセイバー,牝,5,54.0,463,0,中越琉,八木仁,57.5,5,0:55.1,36.6,12-11-10,9,463,0
2026/03/04,川崎,9,千変万化賞Ｂ３選定馬,900,ダ,左,不良,曇,12,4,4,プレストガウディー,牡,5,54.0,471,-3,所　蛍,佐々清,36.3,6,0:55.2,37.5,6-8-9,7,471,-3
2026/03/04,川崎,9,千変万化賞Ｂ３選定馬,900,ダ,左,不良,曇,12,5,5,トリプルアクセル,牝,9,54.0,494,-5,藤本現,山崎裕,68.8,7,0:55.3,37.4,11-9-8,11,494,-5
2026/03/04,川崎,9,千変万化賞Ｂ３選定馬,900,ダ,左,不良,曇,12,7,10,ラベンダージェイド,牝,5,54.0,459,2,櫻井光,平田正,20.2,8,0:55.3,38.2,1-1-1,5,459,2
2026/03/04,川崎,9,千変万化賞Ｂ３選定馬,900,ダ,左,不良,曇,12,6,8,アイルプロテクト,牡,5,56.0,541,7,町田直,高月賢,66.4,9,0:55.3,36.8,9-12-11,10,541,7
2026/03/04,川崎,9,千変万化賞Ｂ３選定馬,900,ダ,左,不良,曇,12,8,12,リュウノアスラーム,牝,6,54.0,492,-6,木間龍,齊藤敏,37.0,10,0:56.1,38.4,8-5-5,8,492,-6
2026/03/04,川崎,9,千変万化賞Ｂ３選定馬,900,ダ,左,不良,曇,12,2,2,モーモーブラック,牝,8,54.0,434,1,池谷匠,村田順,35.2,11,0:56.5,39.2,2-6-7,6,434,1
2026/03/04,川崎,9,千変万化賞Ｂ３選定馬,900,ダ,左,不良,曇,12,7,9,ドナポンド,牝,4,54.0,496,1,新原周,高月賢,85.5,12,0:56.9,38.6,10-10-12,12,496,1
2026/03/04,川崎,10,萌え野特別Ｂ２二,1500,ダ,左,不良,曇,9,7,7,ミスマルゴー,牝,5,52.0,480,-4,中山遥,佐藤博,2.3,1,1:35.8,40.4,1-1-1-1,1,480,-4
2026/03/04,川崎,10,萌え野特別Ｂ２二,1500,ダ,左,不良,曇,9,8,9,レグノ,牡,5,56.0,504,21,本田重,佐藤博,31.9,2,1:36.1,39.7,3-3-3-4,7,504,21
2026/03/04,川崎,10,萌え野特別Ｂ２二,1500,ダ,左,不良,曇,9,2,2,ヤプシ,牡,5,56.0,492,-9,野畑凌,佐々仁,11.4,3,1:36.3,40.1,2-2-2-2,5,492,-9
2026/03/04,川崎,10,萌え野特別Ｂ２二,1500,ダ,左,不良,曇,9,8,8,モネ,牝,7,54.0,478,0,新原周,林隆之,5.0,4,1:36.4,40.2,4-3-3-3,3,478,0
2026/03/04,川崎,10,萌え野特別Ｂ２二,1500,ダ,左,不良,曇,9,1,1,ハナノウタゲ,牝,4,54.0,520,-10,木間龍,山崎裕,45.9,5,1:36.6,40.0,5-5-5-8,9,520,-10
2026/03/04,川崎,10,萌え野特別Ｂ２二,1500,ダ,左,不良,曇,9,6,6,フォースゲイト,牡,5,56.0,459,-1,笹川翼,山崎裕,3.6,6,1:36.8,40.0,7-6-6-5,2,459,-1
2026/03/04,川崎,10,萌え野特別Ｂ２二,1500,ダ,左,不良,曇,9,4,4,モンゲーハガネ,牡,8,56.0,503,-5,岡村健,鈴木義,35.7,7,1:36.9,39.6,8-8-8-6,8,503,-5
2026/03/04,川崎,10,萌え野特別Ｂ２二,1500,ダ,左,不良,曇,9,5,5,ピーエムナナ,牝,4,54.0,459,-5,本橋孝,酒井忍,9.0,8,1:37.0,39.9,6-6-7-7,4,459,-5
2026/03/04,川崎,10,萌え野特別Ｂ２二,1500,ダ,左,不良,曇,9,3,3,ボーイハンター,牝,5,54.0,477,2,西啓太,山崎尋,14.7,9,1:37.6,40.0,9-9-9-9,6,477,2
2026/03/04,川崎,11,スプリングヒロインカップＡ１下４歳以上選,2000,ダ,左,不良,曇,6,3,3,シンメルーブス,牝,5,52.0,468,-1,笹川翼,野口寛,2.6,1,2:13.5,38.2,2-2-1-2,2,468,-1
2026/03/04,川崎,11,スプリングヒロインカップＡ１下４歳以上選,2000,ダ,左,不良,曇,6,6,6,ラブアンドハピネス,牝,5,52.0,444,3,半澤慶,平山真,4.7,2,2:13.7,38.4,3-3-1-3,3,444,3
2026/03/04,川崎,11,スプリングヒロインカップＡ１下４歳以上選,2000,ダ,左,不良,曇,6,5,5,アメストリス,牝,4,52.0,454,0,西啓太,稲益貴,7.0,3,2:13.9,38.7,1-1-1-1,4,454,0
2026/03/04,川崎,11,スプリングヒロインカップＡ１下４歳以上選,2000,ダ,左,不良,曇,6,2,2,ウィルシャイン,牝,4,54.0,451,-4,本田重,佐藤太,2.3,4,2:14.4,38.9,4-4-5-4,1,451,-4
2026/03/04,川崎,11,スプリングヒロインカップＡ１下４歳以上選,2000,ダ,左,不良,曇,6,4,4,リフレクトザムーン,牝,5,52.0,470,3,岡村健,藤田輝,27.4,5,2:14.6,38.6,5-6-6-5,6,470,3
2026/03/04,川崎,11,スプリングヒロインカップＡ１下４歳以上選,2000,ダ,左,不良,曇,6,1,1,ブルーパッション,牝,4,52.0,407,-4,木間龍,矢野義,14.0,6,2:15.2,39.5,6-5-4-6,5,407,-4
2026/03/04,川崎,12,２０２６川崎ジョッキーズカップ第１戦Ｃ２,1500,ダ,左,不良,曇,14,3,4,シエルラビクトア,牝,6,54.0,508,-1,山林信,山田質,3.8,1,1:36.9,40.3,1-1-1-1,2,508,-1
2026/03/04,川崎,12,２０２６川崎ジョッキーズカップ第１戦Ｃ２,1500,ダ,左,不良,曇,14,4,5,フクシマジンロッソ,牡,4,56.0,461,-1,新原周,高月賢,2.5,2,1:37.1,40.5,2-2-1-2,1,461,-1
2026/03/04,川崎,12,２０２６川崎ジョッキーズカップ第１戦Ｃ２,1500,ダ,左,不良,曇,14,1,1,ガルニエ,牡,5,53.0,454,-8,神尾香,秋山直,7.1,3,1:37.8,41.0,4-5-3-3,4,454,-8
2026/03/04,川崎,12,２０２６川崎ジョッキーズカップ第１戦Ｃ２,1500,ダ,左,不良,曇,14,8,14,ユウユウスプレマン,セ,0,56.0,525,3,本田紀,八木仁,11.1,4,1:38.8,41.5,7-8-6-5,5,525,3
2026/03/04,川崎,12,２０２６川崎ジョッキーズカップ第１戦Ｃ２,1500,ダ,左,不良,曇,14,4,6,カナアミデスマッチ,牝,5,54.0,416,1,中越琉,八木喜,114.6,5,1:38.9,41.7,7-7-7-5,12,416,1
2026/03/04,川崎,12,２０２６川崎ジョッキーズカップ第１戦Ｃ２,1500,ダ,左,不良,曇,14,2,2,サンスレッド,牡,6,53.0,491,-1,加藤雄,八木仁,15.9,6,1:39.5,42.7,4-4-3-4,6,491,-1
2026/03/04,川崎,12,２０２６川崎ジョッキーズカップ第１戦Ｃ２,1500,ダ,左,不良,曇,14,7,11,メイワノワ,牝,6,53.0,450,-8,佐野遥,河津裕,6.7,7,1:39.6,42.8,3-3-5-5,3,450,-8
2026/03/04,川崎,12,２０２６川崎ジョッキーズカップ第１戦Ｃ２,1500,ダ,左,不良,曇,14,8,13,グリントレッド,牡,4,56.0,511,-5,増田充,山崎尋,189.8,8,1:40.0,41.7,11-11-11-10,14,511,-5
2026/03/04,川崎,12,２０２６川崎ジョッキーズカップ第１戦Ｃ２,1500,ダ,左,不良,曇,14,7,12,グラスアラバニーユ,牡,7,56.0,471,-5,伊藤裕,吉橋淳,50.2,9,1:40.0,42.3,9-9-10-8,9,471,-5
2026/03/04,川崎,12,２０２６川崎ジョッキーズカップ第１戦Ｃ２,1500,ダ,左,不良,曇,14,6,9,エイシンダリア,牝,4,54.0,452,3,池谷匠,今井輝,81.2,10,1:40.4,42.7,10-10-9-9,11,452,3
2026/03/04,川崎,12,２０２６川崎ジョッキーズカップ第１戦Ｃ２,1500,ダ,左,不良,曇,14,6,10,カネショウラッシュ,牡,4,56.0,521,2,野畑凌,内田勝,24.2,11,1:40.5,41.4,13-13-12-12,8,521,2
2026/03/04,川崎,12,２０２６川崎ジョッキーズカップ第１戦Ｃ２,1500,ダ,左,不良,曇,14,5,8,ユメミ,牝,4,54.0,410,-7,町田直,八木喜,76.3,12,1:41.0,41.2,13-14-14-14,10,410,-7
2026/03/04,川崎,12,２０２６川崎ジョッキーズカップ第１戦Ｃ２,1500,ダ,左,不良,曇,14,3,3,カンナギ,牝,4,54.0,417,1,田中涼,平田正,17.7,13,1:41.3,41.9,11-12-13-13,7,417,1
2026/03/04,川崎,12,２０２６川崎ジョッキーズカップ第１戦Ｃ２,1500,ダ,左,不良,曇,14,5,7,エイシンキャノピー,牝,4,54.0,459,4,古岡勇,武井和,183.1,14,1:41.8,44.5,6-6-7-10,13,459,4
2026/03/05,川崎,1,Ｃ３一 二,1400,ダ,左,重,晴,10,4,4,ジーティーラピッド,牡,4,56.0,466,-8,野畑凌,高月賢,1.7,1,1:32.4,40.6,10-9-1-2,1,466,-8
2026/03/05,川崎,1,Ｃ３一 二,1400,ダ,左,重,晴,10,1,1,トンヤイビーン,牡,4,55.0,519,-10,佐野遥,田邊陽,3.3,2,1:32.4,40.6,1-1-2-1,2,519,-10
2026/03/05,川崎,1,Ｃ３一 二,1400,ダ,左,重,晴,10,3,3,ザムト,牝,5,54.0,481,6,新原周,村田順,21.6,3,1:32.7,40.4,5-4-6-6,7,481,6
2026/03/05,川崎,1,Ｃ３一 二,1400,ダ,左,重,晴,10,5,5,ミレニアムブリッジ,牝,4,54.0,495,2,櫻井光,長友豊,11.2,4,1:33.3,41.5,1-2-3-3,4,495,2
2026/03/05,川崎,1,Ｃ３一 二,1400,ダ,左,重,晴,10,6,6,テマリ,牝,6,54.0,429,3,古岡勇,武井和,26.7,5,1:33.3,40.4,9-9-8-8,8,429,3
2026/03/05,川崎,1,Ｃ３一 二,1400,ダ,左,重,晴,10,8,9,イノ,牝,6,54.0,380,-10,増田充,佐々仁,17.8,6,1:33.8,41.5,4-5-5-4,5,380,-10
2026/03/05,川崎,1,Ｃ３一 二,1400,ダ,左,重,晴,10,7,7,エーテルノカゼ,牝,6,54.0,438,-2,岡村裕,八木喜,147.0,7,1:34.3,41.8,7-6-6-7,10,438,-2
2026/03/05,川崎,1,Ｃ３一 二,1400,ダ,左,重,晴,10,2,2,ヘブリディーズ,牝,5,54.0,483,-1,池谷匠,古澤悟,19.6,8,1:34.5,41.6,8-7-9-9,6,483,-1
2026/03/05,川崎,1,Ｃ３一 二,1400,ダ,左,重,晴,10,8,10,ヤンキージャック,牝,4,54.0,402,2,伊藤裕,武井和,88.7,9,1:35.2,42.3,6-7-10-10,9,402,2
2026/03/05,川崎,1,Ｃ３一 二,1400,ダ,左,重,晴,10,7,8,ロンディネ,牝,4,54.0,434,19,御神訓,林隆之,10.1,10,1:35.6,43.5,3-3-4-4,3,434,19
2026/03/05,川崎,2,Ｃ３一 二,1400,ダ,左,重,晴,10,7,7,ヘヴンリーゴール,牡,4,56.0,484,-1,野畑凌,吉橋淳,2.6,1,1:32.8,40.6,2-1-1-1,1,484,-1
2026/03/05,川崎,2,Ｃ３一 二,1400,ダ,左,重,晴,10,2,2,ベニノレーヴ,牡,5,53.0,464,-3,神尾香,田島寿,26.1,2,1:33.5,41.1,1-1-2-2,7,464,-3
2026/03/05,川崎,2,Ｃ３一 二,1400,ダ,左,重,晴,10,7,8,マロンルピナス,牝,6,54.0,424,-7,池谷匠,村田順,3.6,3,1:33.6,40.2,9-9-8-6,2,424,-7
2026/03/05,川崎,2,Ｃ３一 二,1400,ダ,左,重,晴,10,8,9,セイウンヤタガラス,牡,4,56.0,440,0,山林信,田邊陽,44.5,4,1:33.7,40.6,5-5-5-7,9,440,0
2026/03/05,川崎,2,Ｃ３一 二,1400,ダ,左,重,晴,10,8,10,クルメミッチー,牡,6,55.0,511,-7,佐野遥,田邊陽,8.1,5,1:33.8,41.1,3-3-3-4,5,511,-7
2026/03/05,川崎,2,Ｃ３一 二,1400,ダ,左,重,晴,10,1,1,アブソリュート,牡,5,56.0,481,1,古岡勇,山崎裕,9.4,6,1:33.9,41.3,3-3-3-3,6,481,1
2026/03/05,川崎,2,Ｃ３一 二,1400,ダ,左,重,晴,10,3,3,ニホンピロカミーノ,牡,4,56.0,479,-2,伊藤裕,武井和,6.5,7,1:33.9,40.8,5-5-5-5,3,479,-2
2026/03/05,川崎,2,Ｃ３一 二,1400,ダ,左,重,晴,10,5,5,ブルーラジカル,牡,4,56.0,477,1,町田直,高月賢,7.8,8,1:34.8,41.2,8-8-9-9,4,477,1
2026/03/05,川崎,2,Ｃ３一 二,1400,ダ,左,重,晴,10,6,6,ノボインパクト,牝,8,54.0,459,-4,本橋孝,長友豊,41.5,9,1:35.3,42.2,7-5-5-8,8,459,-4
2026/03/05,川崎,2,Ｃ３一 二,1400,ダ,左,重,晴,10,4,4,シェナドリーム,牝,4,54.0,450,-3,藤江渉,山田正,176.5,10,1:38.8,43.0,10-10-10-10,10,450,-3
2026/03/05,川崎,3,シュトゥルムヴィント賞３歳未格付選定馬,900,ダ,左,重,晴,12,5,5,フォーティチュード,牝,3,53.0,430,-5,中山遥,水野貴,8.1,1,0:54.6,37.7,1-1-2,3,430,-5
2026/03/05,川崎,3,シュトゥルムヴィント賞３歳未格付選定馬,900,ダ,左,重,晴,12,6,7,グランドフロイデ,牡,3,55.0,458,-1,加藤雄,河津裕,2.4,2,0:55.0,37.7,3-2-1,1,458,-1
2026/03/05,川崎,3,シュトゥルムヴィント賞３歳未格付選定馬,900,ダ,左,重,晴,12,7,10,バルジェロ,牡,3,56.0,452,-1,町田直,山崎裕,8.6,3,0:55.2,37.4,7-5-5,4,452,-1
2026/03/05,川崎,3,シュトゥルムヴィント賞３歳未格付選定馬,900,ダ,左,重,晴,12,5,6,ドンクベットコール,牝,3,53.0,477,-10,西啓太,山崎裕,35.5,4,0:55.8,37.7,10-10-10,7,477,-10
2026/03/05,川崎,3,シュトゥルムヴィント賞３歳未格付選定馬,900,ダ,左,重,晴,12,8,12,トリル,牡,3,55.0,437,-10,池谷匠,山崎尋,49.6,5,0:55.8,37.7,8-9-9,8,437,-10
2026/03/05,川崎,3,シュトゥルムヴィント賞３歳未格付選定馬,900,ダ,左,重,晴,12,1,1,ドナソレイ,牝,3,54.0,478,2,櫻井光,八木喜,14.6,6,0:55.8,38.0,5-7-5,5,478,2
2026/03/05,川崎,3,シュトゥルムヴィント賞３歳未格付選定馬,900,ダ,左,重,晴,12,4,4,キイチマイルス,牡,3,55.0,482,2,増田充,鈴木義,159.6,7,0:55.9,37.4,12-11-11,12,482,2
2026/03/05,川崎,3,シュトゥルムヴィント賞３歳未格付選定馬,900,ダ,左,重,晴,12,6,8,マイラーズドーン,牝,3,53.0,424,-2,野畑凌,山崎裕,2.5,8,0:56.0,38.5,5-3-3,2,424,-2
2026/03/05,川崎,3,シュトゥルムヴィント賞３歳未格付選定馬,900,ダ,左,重,晴,12,3,3,ハーティーアイズ,牝,3,53.0,448,1,本田重,新井清,63.5,9,0:56.1,38.3,4-8-8,9,448,1
2026/03/05,川崎,3,シュトゥルムヴィント賞３歳未格付選定馬,900,ダ,左,重,晴,12,7,9,アークオブライフ,牝,3,53.0,458,-4,古岡勇,平田正,71.8,10,0:56.2,38.4,8-6-7,10,458,-4
2026/03/05,川崎,3,シュトゥルムヴィント賞３歳未格付選定馬,900,ダ,左,重,晴,12,2,2,ナナミ,牝,3,53.0,449,-2,笹川翼,高月賢,17.2,11,0:56.6,39.5,2-4-3,6,449,-2
2026/03/05,川崎,3,シュトゥルムヴィント賞３歳未格付選定馬,900,ダ,左,重,晴,12,8,11,シナノシトリン,牝,3,53.0,425,-4,中越琉,佐藤博,134.7,12,0:58.0,39.2,10-12-12,11,425,-4
2026/03/05,川崎,4,連翹賞３歳２,1500,ダ,左,重,晴,9,5,5,サヨノマックスラブ,牡,3,56.0,459,-4,矢野貴,加藤誠,2.4,1,1:37.7,39.5,2-2-2-2,1,459,-4
2026/03/05,川崎,4,連翹賞３歳２,1500,ダ,左,重,晴,9,8,9,スマートラスター,牝,3,54.0,456,-9,野畑凌,高月賢,9.4,2,1:39.4,40.6,8-7-6-5,5,456,-9
2026/03/05,川崎,4,連翹賞３歳２,1500,ダ,左,重,晴,9,2,2,デーレーハンサム,牡,3,56.0,486,-1,新原周,鈴木義,17.4,3,1:39.5,39.7,9-9-9-8,7,486,-1
2026/03/05,川崎,4,連翹賞３歳２,1500,ダ,左,重,晴,9,4,4,ガルドコー,牡,3,56.0,424,-9,藤田凌,林隆之,11.4,4,1:39.6,41.8,1-1-1-1,6,424,-9
2026/03/05,川崎,4,連翹賞３歳２,1500,ダ,左,重,晴,9,7,7,シシフンジン,牡,3,56.0,455,-4,鷹見陸,佐々仁,7.1,5,1:40.1,41.8,4-4-3-3,4,455,-4
2026/03/05,川崎,4,連翹賞３歳２,1500,ダ,左,重,晴,9,1,1,ヒマワリシャワー,牡,3,56.0,499,1,藤本現,山崎尋,64.2,6,1:40.1,41.3,7-7-7-6,9,499,1
2026/03/05,川崎,4,連翹賞３歳２,1500,ダ,左,重,晴,9,8,8,ピカレスクヒーロー,牡,3,56.0,455,-7,町田直,高月賢,6.9,7,1:40.2,41.8,5-5-4-4,3,455,-7
2026/03/05,川崎,4,連翹賞３歳２,1500,ダ,左,重,晴,9,6,6,ブルムーンストーン,牡,3,56.0,480,-2,古岡勇,岩本洋,27.4,8,1:40.8,42.2,6-5-8-7,8,480,-2
2026/03/05,川崎,4,連翹賞３歳２,1500,ダ,左,重,晴,9,3,3,ジーリオ,牡,3,56.0,442,1,御神訓,酒井忍,3.8,9,1:53.7,55.4,3-3-5-9,2,442,1
2026/03/05,川崎,5,アトロポス賞Ｃ２Ｃ３選定馬,2000,ダ,左,重,晴,12,5,5,イモルテル,セ,0,57.0,510,-11,笹川翼,平田正,1.7,1,2:16.5,41.6,1-1-1-1,1,510,-11
2026/03/05,川崎,5,アトロポス賞Ｃ２Ｃ３選定馬,2000,ダ,左,重,晴,12,8,12,ファイヤーボール,セ,0,57.0,456,-3,新原周,甲田悟,8.7,2,2:17.1,42.0,2-2-2-2,5,456,-3
2026/03/05,川崎,5,アトロポス賞Ｃ２Ｃ３選定馬,2000,ダ,左,重,晴,12,4,4,コパノモンタナ,セ,0,57.0,468,-3,岡村健,古澤悟,7.0,3,2:17.2,40.9,11-10-9-6,2,468,-3
2026/03/05,川崎,5,アトロポス賞Ｃ２Ｃ３選定馬,2000,ダ,左,重,晴,12,5,6,オールニッポン,牝,4,55.0,449,2,櫻井光,佐藤博,69.2,4,2:17.6,42.1,6-7-3-3,10,449,2
2026/03/05,川崎,5,アトロポス賞Ｃ２Ｃ３選定馬,2000,ダ,左,重,晴,12,8,11,タツノキセキ,牡,6,57.0,511,-2,本田重,秋山直,8.5,5,2:18.1,42.8,3-3-5-4,4,511,-2
2026/03/05,川崎,5,アトロポス賞Ｃ２Ｃ３選定馬,2000,ダ,左,重,晴,12,7,10,リケアディンブラ,牝,4,53.0,464,2,西啓太,高橋宏,56.1,6,2:18.7,43.4,5-4-4-5,9,464,2
2026/03/05,川崎,5,アトロポス賞Ｃ２Ｃ３選定馬,2000,ダ,左,重,晴,12,7,9,タイセイルシエル,牡,4,55.0,438,1,矢野貴,内田勝,15.1,7,2:18.7,42.9,7-6-6-7,6,438,1
2026/03/05,川崎,5,アトロポス賞Ｃ２Ｃ３選定馬,2000,ダ,左,重,晴,12,1,1,カネトシシュキン,牡,6,57.0,490,2,山林信,佐々仁,42.4,8,2:19.5,42.6,10-10-10-9,8,490,2
2026/03/05,川崎,5,アトロポス賞Ｃ２Ｃ３選定馬,2000,ダ,左,重,晴,12,3,3,ファイナルワンダー,牡,6,55.0,480,-2,古岡勇,田島寿,26.8,9,2:19.5,43.3,8-8-7-8,7,480,-2
2026/03/05,川崎,5,アトロポス賞Ｃ２Ｃ３選定馬,2000,ダ,左,重,晴,12,6,8,メイショウサノサ,牝,4,55.0,447,0,岡村裕,八木仁,203.5,10,2:20.3,44.0,8-9-7-10,11,447,0
2026/03/05,川崎,5,アトロポス賞Ｃ２Ｃ３選定馬,2000,ダ,左,重,晴,12,6,7,カガヤキファイター,牡,7,57.0,537,-3,藤江渉,久保秀,7.8,,,,4-4-5-11,3,537,-3
2026/03/05,川崎,5,アトロポス賞Ｃ２Ｃ３選定馬,2000,ダ,左,重,晴,12,2,2,プレジャー,牝,5,55.0,481,0,池谷匠,今井輝,,,,,,,481,0
2026/03/05,川崎,6,Ｃ２五 六,1400,ダ,左,重,晴,11,4,4,ハヤブサアポチャン,牝,5,54.0,489,-9,笹川翼,茂木浩,1.8,1,1:32.7,39.1,1-1-1-1,1,489,-9
2026/03/05,川崎,6,Ｃ２五 六,1400,ダ,左,重,晴,11,6,7,マルゼンスキーツー,牡,5,56.0,498,-1,張田昂,今井輝,15.3,2,1:32.7,38.7,3-4-3-3,4,498,-1
2026/03/05,川崎,6,Ｃ２五 六,1400,ダ,左,重,晴,11,2,2,タヴァネスタン,牡,4,56.0,499,-6,野畑凌,平田正,4.5,3,1:33.0,39.0,4-3-4-4,3,499,-6
2026/03/05,川崎,6,Ｃ２五 六,1400,ダ,左,重,晴,11,6,6,イクノオリンピア,牡,5,56.0,446,0,古岡勇,佐々仁,22.4,4,1:33.1,39.3,2-2-2-2,5,446,0
2026/03/05,川崎,6,Ｃ２五 六,1400,ダ,左,重,晴,11,5,5,オブラマエストラ,牡,4,55.0,452,2,佐野遥,高橋宏,3.1,5,1:33.7,39.6,4-6-4-5,2,452,2
2026/03/05,川崎,6,Ｃ２五 六,1400,ダ,左,重,晴,11,1,1,ビューティビースト,牝,5,54.0,444,2,藤江渉,久保勇,84.3,6,1:34.4,40.1,8-7-9-7,8,444,2
2026/03/05,川崎,6,Ｃ２五 六,1400,ダ,左,重,晴,11,7,8,コスモサンブライト,牝,4,54.0,438,3,田中涼,久保秀,70.7,7,1:34.7,39.8,11-11-11-10,7,438,3
2026/03/05,川崎,6,Ｃ２五 六,1400,ダ,左,重,晴,11,3,3,カサミラ,牝,4,54.0,462,2,池谷匠,山田質,151.0,8,1:34.7,40.7,6-5-4-6,10,462,2
2026/03/05,川崎,6,Ｃ２五 六,1400,ダ,左,重,晴,11,8,11,ファルコンエース,牝,4,54.0,449,3,中越琉,鈴木義,89.5,9,1:34.8,40.3,9-9-10-9,9,449,3
2026/03/05,川崎,6,Ｃ２五 六,1400,ダ,左,重,晴,11,7,9,リラスカイ,牝,6,51.0,461,-7,加藤雄,山崎尋,48.8,10,1:35.0,40.5,10-9-8-8,6,461,-7
2026/03/05,川崎,6,Ｃ２五 六,1400,ダ,左,重,晴,11,8,10,ラプラタ,牝,5,54.0,463,0,岡村裕,安池成,305.1,11,1:36.7,42.2,7-7-7-11,11,463,0
2026/03/05,川崎,7,Ｃ２五 六,1400,ダ,左,重,晴,12,7,10,サンクリュウ,牝,4,54.0,483,-2,野畑凌,高月賢,1.9,1,1:32.8,40.4,5-5-4-3,1,483,-2
2026/03/05,川崎,7,Ｃ２五 六,1400,ダ,左,重,晴,12,7,9,サウスオブロンドン,牡,4,56.0,490,-1,鷹見陸,佐々仁,39.7,2,1:32.9,40.5,8-7-6-5,8,490,-1
2026/03/05,川崎,7,Ｃ２五 六,1400,ダ,左,重,晴,12,4,4,アフロガル,牡,4,56.0,525,-4,本田重,山田質,5.0,3,1:33.0,40.8,3-3-5-4,2,525,-4
2026/03/05,川崎,7,Ｃ２五 六,1400,ダ,左,重,晴,12,2,2,セレナス,牝,4,54.0,411,5,櫻井光,久保秀,15.7,4,1:33.2,40.6,6-6-9-6,6,411,5
2026/03/05,川崎,7,Ｃ２五 六,1400,ダ,左,重,晴,12,6,8,シントーハナノラン,牝,7,54.0,464,-1,町田直,平田正,7.0,5,1:33.3,40.6,10-9-8-7,4,464,-1
2026/03/05,川崎,7,Ｃ２五 六,1400,ダ,左,重,晴,12,8,11,ミライヘノテンシ,牝,4,54.0,465,5,増田充,佐々仁,13.2,6,1:33.3,40.6,11-11-7-10,5,465,5
2026/03/05,川崎,7,Ｃ２五 六,1400,ダ,左,重,晴,12,5,5,ベラヴィットーリア,牝,4,53.0,521,3,佐野遥,佐藤博,61.6,7,1:33.6,41.6,2-2-2-2,9,521,3
2026/03/05,川崎,7,Ｃ２五 六,1400,ダ,左,重,晴,12,1,1,シンデレラサマー,牝,6,54.0,481,1,新原周,吉橋淳,22.6,8,1:33.8,40.8,9-10-10-9,7,481,1
2026/03/05,川崎,7,Ｃ２五 六,1400,ダ,左,重,晴,12,6,7,コミックガール,牝,5,54.0,431,-5,中越琉,八木仁,196.9,9,1:34.6,41.7,7-8-11-11,11,431,-5
2026/03/05,川崎,7,Ｃ２五 六,1400,ダ,左,重,晴,12,3,3,ツーエムタイガー,牡,8,56.0,467,-2,山中悠,佐々清,6.8,10,1:34.7,42.5,4-4-3-8,3,467,-2
2026/03/05,川崎,7,Ｃ２五 六,1400,ダ,左,重,晴,12,8,12,フロレシミエント,牝,4,51.0,424,0,加藤雄,村田順,104.6,11,1:34.9,43.1,1-1-1-1,10,424,0
2026/03/05,川崎,7,Ｃ２五 六,1400,ダ,左,重,晴,12,5,6,オトメノネガイ,牝,5,54.0,430,7,本田紀,田島寿,232.5,12,1:35.6,42.2,12-12-12-12,12,430,7
2026/03/05,川崎,8,プリマヴェーラ賞Ｃ１選定馬,2000,ダ,左,重,晴,10,7,7,ジャスパージェット,牡,7,58.0,502,-10,笹川翼,水野貴,1.5,1,2:14.8,39.7,2-2-1-1,1,502,-10
2026/03/05,川崎,8,プリマヴェーラ賞Ｃ１選定馬,2000,ダ,左,重,晴,10,1,1,ハクシュ,牡,5,56.0,519,-10,御神訓,林隆之,2.5,2,2:15.3,39.8,8-8-5-3,2,519,-10
2026/03/05,川崎,8,プリマヴェーラ賞Ｃ１選定馬,2000,ダ,左,重,晴,10,8,9,ビルドラポール,牡,6,56.0,525,-5,本田重,河津裕,69.7,3,2:16.1,40.7,7-5-3-4,8,525,-5
2026/03/05,川崎,8,プリマヴェーラ賞Ｃ１選定馬,2000,ダ,左,重,晴,10,6,6,キングマイネオ,牡,4,56.0,462,-2,新原周,甲田悟,62.8,4,2:16.1,40.2,9-7-6-5,7,462,-2
2026/03/05,川崎,8,プリマヴェーラ賞Ｃ１選定馬,2000,ダ,左,重,晴,10,4,4,ラップランド,セ,0,56.0,471,-13,篠谷葵,矢内博,38.9,5,2:17.3,41.0,4-8-9-9,5,471,-13
2026/03/05,川崎,8,プリマヴェーラ賞Ｃ１選定馬,2000,ダ,左,重,晴,10,2,2,ミスサラワク,牝,5,53.0,532,4,佐野遥,鈴木義,14.7,6,2:17.4,41.3,10-10-7-6,3,532,4
2026/03/05,川崎,8,プリマヴェーラ賞Ｃ１選定馬,2000,ダ,左,重,晴,10,8,10,ドルチアーリア,牝,5,54.0,501,0,西啓太,内田勝,70.3,7,2:18.2,43.1,1-1-2-2,9,501,0
2026/03/05,川崎,8,プリマヴェーラ賞Ｃ１選定馬,2000,ダ,左,重,晴,10,7,8,シトロンヴェール,牡,5,56.0,537,-2,藤江渉,武井和,41.0,8,2:18.2,42.9,3-4-4-7,6,537,-2
2026/03/05,川崎,8,プリマヴェーラ賞Ｃ１選定馬,2000,ダ,左,重,晴,10,3,3,ヴィントシュティレ,牝,5,54.0,485,-7,櫻井光,古澤悟,89.9,9,2:19.3,43.6,6-3-8-8,10,485,-7
2026/03/05,川崎,8,プリマヴェーラ賞Ｃ１選定馬,2000,ダ,左,重,晴,10,5,5,チャールストン,セ,0,56.0,504,1,安藤洋,田邊陽,25.6,10,2:20.6,44.1,5-5-10-10,4,504,1
2026/03/05,川崎,9,皆様に愛されて５０年日本スタンダードＣ１,1500,ダ,左,重,晴,11,6,6,ホウオウパレード,牡,7,56.0,535,1,本田重,山下之,1.5,1,1:36.3,39.5,4-3-2-2,1,535,1
2026/03/05,川崎,9,皆様に愛されて５０年日本スタンダードＣ１,1500,ダ,左,重,晴,11,3,3,ファセット,牝,5,54.0,496,-10,矢野貴,茂木浩,15.5,2,1:36.4,39.3,3-4-4-3,4,496,-10
2026/03/05,川崎,9,皆様に愛されて５０年日本スタンダードＣ１,1500,ダ,左,重,晴,11,1,1,トウマ,牡,6,56.0,459,-6,町田直,久保秀,16.8,3,1:37.3,40.1,5-5-5-4,5,459,-6
2026/03/05,川崎,9,皆様に愛されて５０年日本スタンダードＣ１,1500,ダ,左,重,晴,11,2,2,ライヴペッパー,牡,6,56.0,456,0,藤本現,山崎裕,10.1,4,1:37.6,40.2,8-8-7-6,3,456,0
2026/03/05,川崎,9,皆様に愛されて５０年日本スタンダードＣ１,1500,ダ,左,重,晴,11,8,11,マルモリアクティブ,牝,4,54.0,453,2,野畑凌,甲田悟,3.6,5,1:37.8,41.8,1-1-1-1,2,453,2
2026/03/05,川崎,9,皆様に愛されて５０年日本スタンダードＣ１,1500,ダ,左,重,晴,11,8,10,アイノシャンティー,牝,5,54.0,507,14,鷹見陸,佐々仁,58.3,6,1:38.4,40.8,9-9-9-7,8,507,14
2026/03/05,川崎,9,皆様に愛されて５０年日本スタンダードＣ１,1500,ダ,左,重,晴,11,4,4,クリスタルアロー,牡,4,55.0,530,0,佐野遥,山崎尋,56.7,7,1:38.7,40.7,10-10-10-10,7,530,0
2026/03/05,川崎,9,皆様に愛されて５０年日本スタンダードＣ１,1500,ダ,左,重,晴,11,7,9,プルーフリーダー,牡,5,56.0,475,3,笹川翼,加藤誠,16.9,8,1:38.8,42.2,2-2-3-5,6,475,3
2026/03/05,川崎,9,皆様に愛されて５０年日本スタンダードＣ１,1500,ダ,左,重,晴,11,7,8,ロールザボーンズ,牝,4,54.0,464,-5,古岡勇,内田勝,67.8,9,1:38.8,41.4,6-6-6-8,9,464,-5
2026/03/05,川崎,9,皆様に愛されて５０年日本スタンダードＣ１,1500,ダ,左,重,晴,11,6,7,レイニングキング,牡,4,56.0,470,-11,本橋孝,内田勝,158.2,10,1:39.3,40.9,11-11-11-11,11,470,-11
2026/03/05,川崎,9,皆様に愛されて５０年日本スタンダードＣ１,1500,ダ,左,重,晴,11,5,5,アリハッピー,牝,5,54.0,451,-5,伊藤裕,安池成,68.5,11,1:39.8,42.2,7-7-8-9,10,451,-5
2026/03/05,川崎,10,抜山蓋世賞Ｂ２選定馬,900,ダ,左,重,晴,10,4,4,トニープリンス,牡,6,56.0,490,-2,笹川翼,田邊陽,4.7,1,0:54.3,36.9,4-6-4,2,490,-2
2026/03/05,川崎,10,抜山蓋世賞Ｂ２選定馬,900,ダ,左,重,晴,10,8,10,クリスタライズ,牡,5,56.0,500,-4,矢野貴,高月賢,5.1,2,0:54.3,37.1,6-1-2,3,500,-4
2026/03/05,川崎,10,抜山蓋世賞Ｂ２選定馬,900,ダ,左,重,晴,10,1,1,バッファローライズ,牡,5,56.0,529,-4,町田直,平田正,2.7,3,0:54.6,37.6,3-3-1,1,529,-4
2026/03/05,川崎,10,抜山蓋世賞Ｂ２選定馬,900,ダ,左,重,晴,10,7,8,オソレ,牡,5,55.0,492,18,佐野遥,久保秀,7.7,4,0:54.6,36.8,6-7-6,5,492,18
2026/03/05,川崎,10,抜山蓋世賞Ｂ２選定馬,900,ダ,左,重,晴,10,2,2,デーレーラプター,牡,5,56.0,487,-5,新原周,鈴木義,33.9,5,0:55.2,38.1,1-4-5,7,487,-5
2026/03/05,川崎,10,抜山蓋世賞Ｂ２選定馬,900,ダ,左,重,晴,10,8,9,ラヴォミ,牝,4,54.0,466,-6,岡村健,林隆之,7.9,6,0:55.2,37.6,5-5-7,6,466,-6
2026/03/05,川崎,10,抜山蓋世賞Ｂ２選定馬,900,ダ,左,重,晴,10,5,5,ランラン,牝,4,54.0,416,-2,櫻井光,平田正,36.0,7,0:55.7,38.5,1-2-3,8,416,-2
2026/03/05,川崎,10,抜山蓋世賞Ｂ２選定馬,900,ダ,左,重,晴,10,7,7,アルデショワ,牝,4,51.0,453,-11,杉山海,高野毅,6.8,8,0:55.8,38.0,8-8-8,4,453,-11
2026/03/05,川崎,10,抜山蓋世賞Ｂ２選定馬,900,ダ,左,重,晴,10,3,3,マイネルディレクト,牡,5,56.0,503,-11,鷹見陸,宗形竹,58.4,9,0:55.9,37.7,9-9-9,9,503,-11
2026/03/05,川崎,10,抜山蓋世賞Ｂ２選定馬,900,ダ,左,重,晴,10,6,6,プレストルーチェ,セ,0,56.0,506,-12,張田昂,高橋宏,126.0,,,,,10,506,-12
2026/03/05,川崎,11,椿賞３歳１オープン,1600,ダ,左,重,晴,13,2,2,シーテープ,牡,3,55.0,477,3,矢野貴,佐野謙,2.1,1,1:44.9,38.9,4-5-5-4,1,477,3
2026/03/05,川崎,11,椿賞３歳１オープン,1600,ダ,左,重,晴,13,6,9,ララメテオ,牡,3,55.0,444,-10,池谷匠,酒井忍,17.9,2,1:45.6,39.6,6-6-5-5,6,444,-10
2026/03/05,川崎,11,椿賞３歳１オープン,1600,ダ,左,重,晴,13,5,7,クリムゾンプリンス,牡,3,55.0,456,4,野畑凌,甲田悟,25.7,3,1:45.7,39.9,1-1-1-1,7,456,4
2026/03/05,川崎,11,椿賞３歳１オープン,1600,ダ,左,重,晴,13,6,8,バレンタインギフト,牡,3,55.0,455,-5,町田直,茂木浩,17.5,4,1:45.7,39.9,2-2-1-2,5,455,-5
2026/03/05,川崎,11,椿賞３歳１オープン,1600,ダ,左,重,晴,13,1,1,オリコウエルドラド,牡,3,55.0,461,-1,本田重,安池成,5.9,5,1:45.9,39.6,7-7-7-7,3,461,-1
2026/03/05,川崎,11,椿賞３歳１オープン,1600,ダ,左,重,晴,13,3,3,ヤギリアイビス,牡,3,55.0,492,-6,張田昂,張田京,3.0,6,1:45.9,40.1,4-4-1-3,2,492,-6
2026/03/05,川崎,11,椿賞３歳１オープン,1600,ダ,左,重,晴,13,4,5,アゲハシンワ,牡,3,55.0,483,-20,西啓太,秋山直,48.8,7,1:46.1,39.8,8-9-7-8,9,483,-20
2026/03/05,川崎,11,椿賞３歳１オープン,1600,ダ,左,重,晴,13,4,4,モコパンチ,牡,3,57.0,470,0,秋元耕,矢野義,16.5,8,1:46.3,39.7,10-10-9-9,4,470,0
2026/03/05,川崎,11,椿賞３歳１オープン,1600,ダ,左,重,晴,13,7,10,エスプリアキラサン,牡,3,55.0,462,-4,佐野遥,久保秀,189.4,9,1:46.3,40.5,3-3-4-6,12,462,-4
2026/03/05,川崎,11,椿賞３歳１オープン,1600,ダ,左,重,晴,13,8,12,アウェイクサード,牡,3,55.0,448,0,伊藤裕,甲田悟,160.1,10,1:46.8,39.7,13-13-12-10,11,448,0
2026/03/05,川崎,11,椿賞３歳１オープン,1600,ダ,左,重,晴,13,7,11,サンエイタロー,牡,3,55.0,467,6,新原周,高月賢,228.4,11,1:47.9,40.8,10-11-10-12,13,467,6
2026/03/05,川崎,11,椿賞３歳１オープン,1600,ダ,左,重,晴,13,8,13,ミノリクン,牡,3,55.0,483,2,笹川翼,甲田悟,100.8,12,1:48.4,41.5,10-12-10-11,10,483,2
2026/03/05,川崎,11,椿賞３歳１オープン,1600,ダ,左,重,晴,13,5,6,カズヤ,牡,3,55.0,443,-9,御神訓,高月賢,33.6,13,1:52.1,45.0,9-7-13-13,8,443,-9
2026/03/05,川崎,12,大和撫子特別Ｂ３一 二 三,1500,ダ,左,重,晴,11,4,4,キャプテンブルー,セ,0,56.0,469,-10,張田昂,伊藤滋,4.7,1,1:36.3,40.4,2-2-2-2,3,469,-10
2026/03/05,川崎,12,大和撫子特別Ｂ３一 二 三,1500,ダ,左,重,晴,11,7,9,ソイラテ,牡,4,56.0,477,-1,矢野貴,佐々仁,3.3,2,1:36.5,39.5,8-7-6-5,1,477,-1
2026/03/05,川崎,12,大和撫子特別Ｂ３一 二 三,1500,ダ,左,重,晴,11,7,8,ロアリングフレイム,牝,4,54.0,477,5,新原周,鈴木義,3.4,3,1:36.5,40.8,1-1-1-1,2,477,5
2026/03/05,川崎,12,大和撫子特別Ｂ３一 二 三,1500,ダ,左,重,晴,11,8,10,ビップソリオ,セ,0,56.0,519,-12,笹川翼,秋山直,4.8,4,1:36.9,40.3,6-6-6-6,4,519,-12
2026/03/05,川崎,12,大和撫子特別Ｂ３一 二 三,1500,ダ,左,重,晴,11,5,5,ヴィルミーキスミー,牝,4,54.0,464,4,本田重,古澤悟,8.4,5,1:37.2,41.2,3-3-2-3,5,464,4
2026/03/05,川崎,12,大和撫子特別Ｂ３一 二 三,1500,ダ,左,重,晴,11,6,7,カタルシス,牡,5,56.0,465,-1,藤本現,山崎尋,46.7,6,1:37.3,40.0,9-9-8-7,8,465,-1
2026/03/05,川崎,12,大和撫子特別Ｂ３一 二 三,1500,ダ,左,重,晴,11,3,3,ジャスタースパーク,牡,6,56.0,492,-2,本橋孝,鈴木義,39.7,7,1:37.4,39.7,10-10-11-11,7,492,-2
2026/03/05,川崎,12,大和撫子特別Ｂ３一 二 三,1500,ダ,左,重,晴,11,6,6,アルメールヴェント,牡,4,56.0,459,-8,山林信,河津裕,130.3,8,1:37.6,39.9,11-11-10-10,11,459,-8
2026/03/05,川崎,12,大和撫子特別Ｂ３一 二 三,1500,ダ,左,重,晴,11,2,2,ゴールドモーニン,牡,4,56.0,533,-2,古岡勇,岩本洋,110.8,9,1:38.4,41.1,7-8-9-9,10,533,-2
2026/03/05,川崎,12,大和撫子特別Ｂ３一 二 三,1500,ダ,左,重,晴,11,8,11,ノッテストラータ,牝,4,54.0,450,-2,中越琉,久保勇,79.6,10,1:38.4,42.0,4-5-5-7,9,450,-2
2026/03/05,川崎,12,大和撫子特別Ｂ３一 二 三,1500,ダ,左,重,晴,11,1,1,リュクスレオン,牡,5,56.0,507,24,町田直,佐藤博,19.8,11,1:38.6,42.4,5-4-4-4,6,507,24
2026/03/06,川崎,1,３歳１１,1400,ダ,左,重,曇,8,6,6,デルニエエリオント,牡,3,56.0,0,0,池谷匠,内田勝,1.3,1,1:34.1,40.4,4-5-3-2,1,0,0
2026/03/06,川崎,1,３歳１１,1400,ダ,左,重,曇,8,1,1,イチゴプリン,牝,3,54.0,422,-6,古岡勇,安池成,5.7,2,1:35.1,41.4,2-4-3-3,2,422,-6
2026/03/06,川崎,1,３歳１１,1400,ダ,左,重,曇,8,3,3,シェナマーブル,牡,3,53.0,460,-9,神尾香,山田正,21.2,3,1:35.1,40.8,6-6-6-5,5,460,-9
2026/03/06,川崎,1,３歳１１,1400,ダ,左,重,曇,8,7,7,マチダノチエコ,牝,3,54.0,458,-10,藤江渉,山田質,70.8,4,1:35.2,41.7,3-2-2-3,7,458,-10
2026/03/06,川崎,1,３歳１１,1400,ダ,左,重,曇,8,2,2,ブライトメロディー,牝,3,54.0,0,0,中越琉,安池成,9.0,5,1:35.4,42.1,1-1-1-1,3,0,0
2026/03/06,川崎,1,３歳１１,1400,ダ,左,重,曇,8,8,8,シイズダイヤモンド,牝,3,54.0,0,0,新原周,高月賢,10.6,6,1:36.9,43.0,5-3-5-6,4,0,0
2026/03/06,川崎,1,３歳１１,1400,ダ,左,重,曇,8,5,5,アンフォーギヴン,牝,3,54.0,458,1,櫻井光,山田質,30.4,7,1:36.9,42.5,7-7-6-7,6,458,1
2026/03/06,川崎,1,３歳１１,1400,ダ,左,重,曇,8,4,4,グロースフロイデ,牝,3,54.0,415,8,田中涼,山田質,84.7,8,1:37.2,42.0,8-8-8-8,8,415,8
2026/03/06,川崎,2,３歳１０,1400,ダ,左,重,曇,10,6,6,ピーエムボギー,牡,3,56.0,515,22,櫻井光,酒井忍,12.2,1,1:34.1,40.4,1-2-1-2,4,515,22
2026/03/06,川崎,2,３歳１０,1400,ダ,左,重,曇,10,7,7,シナノフラッシュ,牡,3,56.0,488,17,増田充,高月賢,16.1,2,1:34.1,40.2,3-3-3-3,6,488,17
2026/03/06,川崎,2,３歳１０,1400,ダ,左,重,曇,10,1,1,カツノアーサー,牡,3,56.0,441,-3,矢野貴,加藤誠,4.6,3,1:34.2,39.9,7-6-7-5,2,441,-3
2026/03/06,川崎,2,３歳１０,1400,ダ,左,重,曇,10,4,4,トラストテンホー,牡,3,56.0,438,-2,野畑凌,吉橋淳,10.9,4,1:34.3,40.7,1-1-2-1,3,438,-2
2026/03/06,川崎,2,３歳１０,1400,ダ,左,重,曇,10,2,2,パワーラクーン,牝,3,54.0,478,-4,笹川翼,茂木浩,1.5,5,1:35.2,41.1,4-4-4-4,1,478,-4
2026/03/06,川崎,2,３歳１０,1400,ダ,左,重,曇,10,7,8,アオイノコスメ,牝,3,54.0,488,-1,古岡勇,山崎裕,41.9,6,1:35.4,41.1,7-8-7-8,8,488,-1
2026/03/06,川崎,2,３歳１０,1400,ダ,左,重,曇,10,3,3,クツシタオトシタ,牝,3,54.0,435,7,西啓太,高橋宏,17.8,7,1:35.5,41.2,6-7-6-7,7,435,7
2026/03/06,川崎,2,３歳１０,1400,ダ,左,重,曇,10,5,5,パンツオンリー,牝,3,51.0,427,-4,神尾香,山田質,15.1,8,1:36.0,41.7,4-5-5-6,5,427,-4
2026/03/06,川崎,2,３歳１０,1400,ダ,左,重,曇,10,8,9,アファーマティヴ,牡,3,53.0,472,4,加藤雄,河津裕,51.4,9,1:36.2,41.7,9-9-9-9,9,472,4
2026/03/06,川崎,2,３歳１０,1400,ダ,左,重,曇,10,8,10,エルブフォール,牡,3,56.0,431,-6,伊藤裕,甲田悟,86.6,10,1:36.6,41.3,10-10-10-10,10,431,-6
2026/03/06,川崎,3,ウラガーノ賞３歳未格付選定馬,900,ダ,左,重,曇,12,8,11,クレイスアバンティ,牝,3,54.0,438,4,町田直,山田質,1.3,1,0:56.2,38.3,1-1-1,1,438,4
2026/03/06,川崎,3,ウラガーノ賞３歳未格付選定馬,900,ダ,左,重,曇,12,7,9,プレストジャンヌ,牝,3,54.0,413,-1,張田昂,高橋宏,7.7,2,0:56.8,38.6,3-2-2,3,413,-1
2026/03/06,川崎,3,ウラガーノ賞３歳未格付選定馬,900,ダ,左,重,曇,12,5,5,トゥルービューティ,牝,3,54.0,465,-11,新原周,鈴木義,34.6,3,0:57.7,39.1,5-6-6,5,465,-11
2026/03/06,川崎,3,ウラガーノ賞３歳未格付選定馬,900,ダ,左,重,曇,12,5,6,ノーサイドガール,牝,3,54.0,465,-3,田中涼,山田質,90.6,4,0:58.0,39.4,4-4-4,7,465,-3
2026/03/06,川崎,3,ウラガーノ賞３歳未格付選定馬,900,ダ,左,重,曇,12,3,3,カネトシライパー,牡,3,56.0,440,-2,山林信,佐々仁,253.6,5,0:58.1,39.0,6-7-7,10,440,-2
2026/03/06,川崎,3,ウラガーノ賞３歳未格付選定馬,900,ダ,左,重,曇,12,2,2,メロウアイズテオ,牡,3,56.0,430,0,藤江渉,今井輝,129.1,6,0:58.1,38.8,10-9-7,8,430,0
2026/03/06,川崎,3,ウラガーノ賞３歳未格付選定馬,900,ダ,左,重,曇,12,6,8,カミノリメイン,牝,3,54.0,394,14,木間龍,田島寿,272.9,7,0:58.4,39.5,7-5-5,11,394,14
2026/03/06,川崎,3,ウラガーノ賞３歳未格付選定馬,900,ダ,左,重,曇,12,4,4,アウフタクト,牝,3,51.0,417,-11,神尾香,山田質,4.4,8,0:58.6,39.3,9-11-9,2,417,-11
2026/03/06,川崎,3,ウラガーノ賞３歳未格付選定馬,900,ダ,左,重,曇,12,1,1,ムジークヘーレン,牝,3,54.0,413,4,野畑凌,平田正,14.0,9,0:58.9,40.8,2-2-3,4,413,4
2026/03/06,川崎,3,ウラガーノ賞３歳未格付選定馬,900,ダ,左,重,曇,12,7,10,ラブイネヴィタブル,牝,3,54.0,420,16,古岡勇,茂木浩,36.8,10,0:59.1,39.8,8-7-9,6,420,16
2026/03/06,川崎,3,ウラガーノ賞３歳未格付選定馬,900,ダ,左,重,曇,12,8,12,キンパツ,牡,3,56.0,421,-4,増田充,鈴木義,195.4,11,0:59.4,39.9,11-9-11,9,421,-4
2026/03/06,川崎,3,ウラガーノ賞３歳未格付選定馬,900,ダ,左,重,曇,12,6,7,リアンバイオ,牝,3,54.0,473,-7,池谷匠,山崎尋,,,,,,,473,-7
2026/03/06,川崎,4,３歳４,1400,ダ,左,重,曇,9,2,2,リュウノエッセンス,牝,3,55.0,454,0,西啓太,齊藤敏,1.8,1,1:32.0,39.4,2-2-1-1,1,454,0
2026/03/06,川崎,4,３歳４,1400,ダ,左,重,曇,9,7,7,ロクノレインボー,牡,3,56.0,454,-1,笹川翼,山崎尋,4.1,2,1:32.2,39.4,3-4-1-2,2,454,-1
2026/03/06,川崎,4,３歳４,1400,ダ,左,重,曇,9,3,3,ラーマ,牡,3,56.0,514,-4,町田直,内田勝,4.5,3,1:32.7,39.9,4-3-4-4,3,514,-4
2026/03/06,川崎,4,３歳４,1400,ダ,左,重,曇,9,8,8,ジャパンハート,牡,3,56.0,528,3,矢野貴,佐々仁,8.3,4,1:32.9,39.9,6-5-6-5,4,528,3
2026/03/06,川崎,4,３歳４,1400,ダ,左,重,曇,9,4,4,キョウエイハゴロモ,牝,3,54.0,462,-13,藤本現,山崎尋,26.5,5,1:33.3,40.3,7-7-7-6,5,462,-13
2026/03/06,川崎,4,３歳４,1400,ダ,左,重,曇,9,8,9,インフェルレーヴ,牡,3,56.0,434,-5,増田充,田島寿,30.0,6,1:34.1,41.0,5-6-4-7,6,434,-5
2026/03/06,川崎,4,３歳４,1400,ダ,左,重,曇,9,1,1,フィーリアサミット,牝,3,54.0,462,3,張田昂,田島寿,30.3,7,1:34.3,41.9,1-1-3-3,7,462,3
2026/03/06,川崎,4,３歳４,1400,ダ,左,重,曇,9,5,5,ザイオンパーク,牡,3,55.0,462,-3,佐野遥,久保秀,67.5,8,1:34.4,40.5,9-9-8-8,8,462,-3
2026/03/06,川崎,4,３歳４,1400,ダ,左,重,曇,9,6,6,フジパスカル,牡,3,53.0,488,0,杉山海,佐藤博,71.7,9,1:34.8,40.9,8-8-8-9,9,488,0
2026/03/06,川崎,5,雲雀賞３歳３,1500,ダ,左,稍重,曇,8,6,6,フェイティアン,牡,3,56.0,467,-2,藤江渉,山田質,9.9,1,1:38.6,40.3,4-4-4-3,3,467,-2
2026/03/06,川崎,5,雲雀賞３歳３,1500,ダ,左,稍重,曇,8,8,8,カナールレイナ,牝,3,54.0,465,-5,伊藤裕,佐々仁,16.5,2,1:39.0,40.2,6-6-7-5,5,465,-5
2026/03/06,川崎,5,雲雀賞３歳３,1500,ダ,左,稍重,曇,8,2,2,カガヤクネガイ,牡,3,56.0,449,-7,野畑凌,平田正,3.1,3,1:39.2,41.3,1-1-1-1,2,449,-7
2026/03/06,川崎,5,雲雀賞３歳３,1500,ダ,左,稍重,曇,8,7,7,タツノスペシャル,牡,3,56.0,440,-2,笹川翼,田邊陽,24.7,4,1:39.2,39.5,8-8-8-6,7,440,-2
2026/03/06,川崎,5,雲雀賞３歳３,1500,ダ,左,稍重,曇,8,3,3,オンナユメラク,牝,3,54.0,441,-4,古岡勇,山崎裕,1.6,5,1:39.8,41.7,2-2-1-2,1,441,-4
2026/03/06,川崎,5,雲雀賞３歳３,1500,ダ,左,稍重,曇,8,5,5,ササキントモゴロウ,牡,3,55.0,450,-9,佐野遥,安池成,20.3,6,1:40.1,41.8,3-3-3-4,6,450,-9
2026/03/06,川崎,5,雲雀賞３歳３,1500,ダ,左,稍重,曇,8,1,1,ユーヴェル,牝,3,54.0,464,5,櫻井光,八木喜,95.8,7,1:40.5,41.4,7-7-6-8,8,464,5
2026/03/06,川崎,5,雲雀賞３歳３,1500,ダ,左,稍重,曇,8,4,4,サムバローズ,牡,3,56.0,497,1,町田直,酒井忍,16.0,8,1:40.9,42.3,5-5-5-6,4,497,1
2026/03/06,川崎,6,鳴雷賞Ｃ２選定馬,900,ダ,左,稍重,曇,12,4,4,エリークラウン,牝,7,54.0,463,-2,町田直,入口由,10.5,1,0:56.6,38.6,1-3-4,4,463,-2
2026/03/06,川崎,6,鳴雷賞Ｃ２選定馬,900,ダ,左,稍重,曇,12,6,7,ミヤジミニー,牝,6,54.0,424,-1,鷹見陸,田邊陽,17.4,2,0:56.6,38.3,6-6-7,5,424,-1
2026/03/06,川崎,6,鳴雷賞Ｃ２選定馬,900,ダ,左,稍重,曇,12,5,5,エルリーブル,セ,0,56.0,475,-5,山林信,平田正,18.4,3,0:56.7,38.7,1-3-3,6,475,-5
2026/03/06,川崎,6,鳴雷賞Ｃ２選定馬,900,ダ,左,稍重,曇,12,5,6,メイショウユウモウ,セ,0,56.0,429,7,岡村裕,武井和,3.2,4,0:56.8,38.3,9-8-8,2,429,7
2026/03/06,川崎,6,鳴雷賞Ｃ２選定馬,900,ダ,左,稍重,曇,12,7,10,コトノサンショ,牡,6,53.0,474,-2,加藤雄,河津裕,40.2,5,0:57.0,38.4,6-6-6,9,474,-2
2026/03/06,川崎,6,鳴雷賞Ｃ２選定馬,900,ダ,左,稍重,曇,12,2,2,スオーノ,牝,4,54.0,458,-1,田中涼,山田質,132.8,6,0:57.0,38.1,10-11-11,12,458,-1
2026/03/06,川崎,6,鳴雷賞Ｃ２選定馬,900,ダ,左,稍重,曇,12,3,3,クリノノヴァエ,牡,4,56.0,494,-3,池谷匠,山崎裕,28.4,7,0:57.1,38.0,12-11-12,7,494,-3
2026/03/06,川崎,6,鳴雷賞Ｃ２選定馬,900,ダ,左,稍重,曇,12,7,9,ニシノアクシス,牡,9,54.0,501,-7,中山遥,吉田正,54.3,8,0:57.1,38.0,11-10-10,10,501,-7
2026/03/06,川崎,6,鳴雷賞Ｃ２選定馬,900,ダ,左,稍重,曇,12,1,1,キラークラウン,牝,4,54.0,471,1,西啓太,高橋宏,31.0,9,0:57.3,39.5,4-2-1,8,471,1
2026/03/06,川崎,6,鳴雷賞Ｃ２選定馬,900,ダ,左,稍重,曇,12,8,12,ボイド,牡,6,55.0,497,-4,佐野遥,久保秀,2.2,10,0:57.3,39.3,3-1-2,1,497,-4
2026/03/06,川崎,6,鳴雷賞Ｃ２選定馬,900,ダ,左,稍重,曇,12,8,11,レターフロムパリ,牝,5,54.0,467,6,櫻井光,新井健,74.9,11,0:57.3,39.0,5-5-5,11,467,6
2026/03/06,川崎,6,鳴雷賞Ｃ２選定馬,900,ダ,左,稍重,曇,12,6,8,フライエフェクト,牝,4,54.0,452,-3,藤江渉,久保勇,6.3,12,0:58.0,39.5,6-9-9,3,452,-3
2026/03/06,川崎,7,このわた賞Ｃ２選定馬（下）,1500,ダ,左,稍重,曇,8,2,2,フジュム,セ,0,56.0,511,-7,矢野貴,高月賢,1.3,1,1:38.2,39.6,1-1-1-1,1,511,-7
2026/03/06,川崎,7,このわた賞Ｃ２選定馬（下）,1500,ダ,左,稍重,曇,8,6,6,ホウヨウムーン,牝,4,54.0,450,-4,町田直,長友豊,3.8,2,1:38.7,39.7,3-3-2-2,2,450,-4
2026/03/06,川崎,7,このわた賞Ｃ２選定馬（下）,1500,ダ,左,稍重,曇,8,4,4,ニジトタルト,牝,9,54.0,453,6,御神訓,林隆之,7.6,3,1:39.0,40.2,2-2-2-4,3,453,6
2026/03/06,川崎,7,このわた賞Ｃ２選定馬（下）,1500,ダ,左,稍重,曇,8,8,8,ストロンゲスト,牡,7,55.0,496,-3,佐野遥,古澤悟,15.4,4,1:39.3,40.1,4-5-4-2,4,496,-3
2026/03/06,川崎,7,このわた賞Ｃ２選定馬（下）,1500,ダ,左,稍重,曇,8,1,1,キアラボヌール,牝,5,51.0,409,-5,加藤雄,田島寿,124.4,5,1:39.7,40.5,5-4-5-5,8,409,-5
2026/03/06,川崎,7,このわた賞Ｃ２選定馬（下）,1500,ダ,左,稍重,曇,8,5,5,ヒシルリアン,牡,6,56.0,505,-9,岡田大,川島豊,111.7,6,1:40.4,41.0,6-6-6-6,7,505,-9
2026/03/06,川崎,7,このわた賞Ｃ２選定馬（下）,1500,ダ,左,稍重,曇,8,3,3,サンライズソング,牝,6,54.0,415,-8,櫻井光,安池成,41.5,7,1:40.4,40.6,7-7-7-7,5,415,-8
2026/03/06,川崎,7,このわた賞Ｃ２選定馬（下）,1500,ダ,左,稍重,曇,8,7,7,ミシェット,牝,5,51.0,472,1,神尾香,山田正,98.6,8,1:40.8,40.4,8-8-8-8,6,472,1
2026/03/06,川崎,8,ヒカリオーソ賞Ｃ２Ｃ３選定馬,2000,ダ,左,稍重,曇,12,8,11,クロウソング,牝,4,55.0,456,-9,櫻井光,平田正,4.4,1,2:16.1,41.3,2-2-2-1,2,456,-9
2026/03/06,川崎,8,ヒカリオーソ賞Ｃ２Ｃ３選定馬,2000,ダ,左,稍重,曇,12,7,9,ナリノボガート,牡,4,57.0,476,4,町田直,内田勝,16.3,2,2:16.7,41.9,3-3-1-2,3,476,4
2026/03/06,川崎,8,ヒカリオーソ賞Ｃ２Ｃ３選定馬,2000,ダ,左,稍重,曇,12,8,12,リュウバター,牡,7,57.0,497,1,増田充,河津裕,33.5,3,2:17.1,41.6,10-10-8-8,6,497,1
2026/03/06,川崎,8,ヒカリオーソ賞Ｃ２Ｃ３選定馬,2000,ダ,左,稍重,曇,12,5,6,クリノフラッグ,牝,7,55.0,471,-17,古岡勇,甲田悟,114.4,4,2:17.2,42.2,8-8-2-3,12,471,-17
2026/03/06,川崎,8,ヒカリオーソ賞Ｃ２Ｃ３選定馬,2000,ダ,左,稍重,曇,12,2,2,ミヤビクライ,牡,7,57.0,508,-3,新原周,林隆之,1.3,5,2:17.5,42.5,5-4-7-6,1,508,-3
2026/03/06,川崎,8,ヒカリオーソ賞Ｃ２Ｃ３選定馬,2000,ダ,左,稍重,曇,12,5,5,モナークスラッガー,牡,6,54.0,429,-9,加藤雄,田島寿,76.1,6,2:17.8,42.8,5-5-6-5,8,429,-9
2026/03/06,川崎,8,ヒカリオーソ賞Ｃ２Ｃ３選定馬,2000,ダ,左,稍重,曇,12,1,1,ネオシャングリラ,牡,4,57.0,486,-19,田中涼,今井輝,90.4,7,2:18.1,41.7,12-12-12-11,11,486,-19
2026/03/06,川崎,8,ヒカリオーソ賞Ｃ２Ｃ３選定馬,2000,ダ,左,稍重,曇,12,6,8,フクノバルトラン,牡,7,57.0,490,4,藤江渉,山田質,83.1,8,2:18.1,42.3,11-10-10-10,9,490,4
2026/03/06,川崎,8,ヒカリオーソ賞Ｃ２Ｃ３選定馬,2000,ダ,左,稍重,曇,12,3,3,ニューディヴァイド,セ,0,55.0,496,-6,西啓太,高橋宏,17.7,9,2:18.4,43.1,7-7-8-9,4,496,-6
2026/03/06,川崎,8,ヒカリオーソ賞Ｃ２Ｃ３選定馬,2000,ダ,左,稍重,曇,12,7,10,パーティーモード,牡,8,56.0,470,-3,佐野遥,甲田悟,23.5,10,2:18.7,43.6,4-6-5-7,5,470,-3
2026/03/06,川崎,8,ヒカリオーソ賞Ｃ２Ｃ３選定馬,2000,ダ,左,稍重,曇,12,6,7,ヨツバミッチー,牡,6,55.0,485,-10,山林信,田邊陽,83.4,11,2:18.7,43.9,1-1-4-4,10,485,-10
2026/03/06,川崎,8,ヒカリオーソ賞Ｃ２Ｃ３選定馬,2000,ダ,左,稍重,曇,12,4,4,ムンディ,牝,4,53.0,418,0,池谷匠,八木仁,37.5,12,2:19.9,44.4,9-9-10-11,7,418,0
2026/03/06,川崎,9,３月２２日は「ばんえい記念」Ｂ３四,1400,ダ,左,稍重,曇,11,8,11,ゴールデンカガヤ,牡,6,56.0,437,0,古岡勇,岩本洋,8.7,1,1:33.0,39.6,3-2-1-2,4,437,0
2026/03/06,川崎,9,３月２２日は「ばんえい記念」Ｂ３四,1400,ダ,左,稍重,曇,11,2,2,ツカサレヴズ,牡,6,56.0,492,-3,矢野貴,高月賢,2.6,2,1:33.1,39.3,6-6-7-5,1,492,-3
2026/03/06,川崎,9,３月２２日は「ばんえい記念」Ｂ３四,1400,ダ,左,稍重,曇,11,7,8,トンボ,牡,5,56.0,499,-7,笹川翼,高月賢,4.9,3,1:33.4,40.2,3-1-1-1,3,499,-7
2026/03/06,川崎,9,３月２２日は「ばんえい記念」Ｂ３四,1400,ダ,左,稍重,曇,11,7,9,レイヴオン,牡,4,56.0,461,-5,西啓太,高橋宏,28.7,4,1:33.5,39.9,2-4-4-6,8,461,-5
2026/03/06,川崎,9,３月２２日は「ばんえい記念」Ｂ３四,1400,ダ,左,稍重,曇,11,6,7,サダージ,牝,5,54.0,461,-3,野畑凌,山崎尋,3.0,5,1:33.7,40.1,1-3-4-4,2,461,-3
2026/03/06,川崎,9,３月２２日は「ばんえい記念」Ｂ３四,1400,ダ,左,稍重,曇,11,3,3,エイシントゥラン,牝,7,54.0,472,-4,張田昂,今井輝,16.6,6,1:33.8,39.7,8-8-8-7,5,472,-4
2026/03/06,川崎,9,３月２２日は「ばんえい記念」Ｂ３四,1400,ダ,左,稍重,曇,11,5,5,ダークンストーミー,牡,6,56.0,463,-5,池谷匠,酒井忍,54.7,7,1:33.8,40.2,6-5-3-2,10,463,-5
2026/03/06,川崎,9,３月２２日は「ばんえい記念」Ｂ３四,1400,ダ,左,稍重,曇,11,1,1,ナイスカプチーノ,牡,5,56.0,481,-1,新原周,内田勝,74.6,8,1:34.2,39.7,9-10-10-8,11,481,-1
2026/03/06,川崎,9,３月２２日は「ばんえい記念」Ｂ３四,1400,ダ,左,稍重,曇,11,8,10,クロームウルフ,牡,5,56.0,468,-2,山林信,平田正,28.1,9,1:34.5,39.8,11-11-10-11,7,468,-2
2026/03/06,川崎,9,３月２２日は「ばんえい記念」Ｂ３四,1400,ダ,左,稍重,曇,11,4,4,インプローヴィング,牝,6,54.0,482,2,増田充,佐々仁,52.4,10,1:34.7,40.4,10-9-8-10,9,482,2
2026/03/06,川崎,9,３月２２日は「ばんえい記念」Ｂ３四,1400,ダ,左,稍重,曇,11,6,6,アーサ,牡,4,55.0,501,13,佐野遥,高月賢,19.1,11,1:35.8,41.9,3-7-6-9,6,501,13
2026/03/06,川崎,10,キングセイバー賞Ｃ１選定馬,2000,ダ,左,稍重,曇,10,2,2,タケルサバイバル,牡,4,56.0,520,5,矢野貴,内田勝,1.6,1,2:16.7,39.2,1-1-1-1,1,520,5
2026/03/06,川崎,10,キングセイバー賞Ｃ１選定馬,2000,ダ,左,稍重,曇,10,7,8,ミヤギエンペラー,牡,4,56.0,463,-3,笹川翼,高月賢,3.9,2,2:17.8,40.1,2-2-2-2,2,463,-3
2026/03/06,川崎,10,キングセイバー賞Ｃ１選定馬,2000,ダ,左,稍重,曇,10,4,4,セラード,牝,4,54.0,446,0,町田直,甲田悟,8.5,3,2:18.1,40.4,3-3-4-4,3,446,0
2026/03/06,川崎,10,キングセイバー賞Ｃ１選定馬,2000,ダ,左,稍重,曇,10,6,6,ウインメラナイト,牡,5,56.0,511,-10,古岡勇,古澤悟,13.2,4,2:18.1,40.2,4-4-3-3,4,511,-10
2026/03/06,川崎,10,キングセイバー賞Ｃ１選定馬,2000,ダ,左,稍重,曇,10,5,5,テリオスルナ,牝,4,51.0,410,0,加藤雄,佐藤博,124.1,5,2:18.5,40.3,5-5-7-7,8,410,0
2026/03/06,川崎,10,キングセイバー賞Ｃ１選定馬,2000,ダ,左,稍重,曇,10,8,9,デーレーチョップ,牡,4,56.0,490,8,田中涼,鈴木義,15.4,6,2:18.7,40.3,9-9-5-4,6,490,8
2026/03/06,川崎,10,キングセイバー賞Ｃ１選定馬,2000,ダ,左,稍重,曇,10,7,7,クレーネ,牝,5,54.0,459,1,藤江渉,山田質,14.7,7,2:18.8,40.7,6-6-5-4,5,459,1
2026/03/06,川崎,10,キングセイバー賞Ｃ１選定馬,2000,ダ,左,稍重,曇,10,3,3,ユイノオールイン,牡,4,56.0,493,-4,櫻井光,武井和,187.0,8,2:18.9,40.3,7-6-9-8,9,493,-4
2026/03/06,川崎,10,キングセイバー賞Ｃ１選定馬,2000,ダ,左,稍重,曇,10,8,10,スティールウィル,セ,0,56.0,495,-7,伊藤裕,秋山直,21.0,9,2:19.1,40.5,8-8-8-9,7,495,-7
2026/03/06,川崎,10,キングセイバー賞Ｃ１選定馬,2000,ダ,左,稍重,曇,10,1,1,リリーバローズ,牝,6,54.0,462,-5,池谷匠,村田順,,,,,,,462,-5
2026/03/06,川崎,11,川崎の名伯楽特別Ｂ１二Ｂ２一,1600,ダ,左,稍重,曇,13,3,3,スターグリップ,牡,4,55.0,468,-6,御神訓,田島寿,4.3,1,1:44.1,40.5,2-2-1-1,2,468,-6
2026/03/06,川崎,11,川崎の名伯楽特別Ｂ１二Ｂ２一,1600,ダ,左,稍重,曇,13,8,13,ドリームジャパン,牡,4,57.0,468,-4,矢野貴,高月賢,3.0,2,1:44.1,39.9,6-6-5-4,1,468,-4
2026/03/06,川崎,11,川崎の名伯楽特別Ｂ１二Ｂ２一,1600,ダ,左,稍重,曇,13,6,8,グーヴェルナイユ,牡,5,57.0,471,2,澤田龍,森泰斗,4.9,3,1:44.1,39.4,11-10-6-6,3,471,2
2026/03/06,川崎,11,川崎の名伯楽特別Ｂ１二Ｂ２一,1600,ダ,左,稍重,曇,13,2,2,ジェントルタッチ,牡,6,55.0,537,-16,本田重,佐藤太,6.1,4,1:44.2,40.4,4-3-2-3,4,537,-16
2026/03/06,川崎,11,川崎の名伯楽特別Ｂ１二Ｂ２一,1600,ダ,左,稍重,曇,13,7,10,メンタイマヨ,牡,7,57.0,500,1,新原周,林隆之,51.9,5,1:44.2,40.8,1-1-2-2,9,500,1
2026/03/06,川崎,11,川崎の名伯楽特別Ｂ１二Ｂ２一,1600,ダ,左,稍重,曇,13,7,11,キタノブライド,牝,6,53.0,443,0,西啓太,福田真,96.4,6,1:44.9,39.6,12-12-12-10,10,443,0
2026/03/06,川崎,11,川崎の名伯楽特別Ｂ１二Ｂ２一,1600,ダ,左,稍重,曇,13,4,4,サヨノフィールド,牡,7,57.0,519,-7,笹川翼,加藤誠,16.6,7,1:44.9,40.5,9-7-9-8,7,519,-7
2026/03/06,川崎,11,川崎の名伯楽特別Ｂ１二Ｂ２一,1600,ダ,左,稍重,曇,13,8,12,スカイアクロス,牡,6,55.0,469,-2,張田昂,山崎裕,44.9,8,1:45.3,41.4,3-4-2-5,8,469,-2
2026/03/06,川崎,11,川崎の名伯楽特別Ｂ１二Ｂ２一,1600,ダ,左,稍重,曇,13,1,1,サウンドバッハ,牡,4,55.0,481,-1,野畑凌,河津裕,9.9,9,1:45.5,41.4,4-5-7-7,5,481,-1
2026/03/06,川崎,11,川崎の名伯楽特別Ｂ１二Ｂ２一,1600,ダ,左,稍重,曇,13,5,7,バナマンテソーロ,牡,5,57.0,498,-7,藤本現,小久智,10.2,10,1:45.6,41.1,7-7-8-8,6,498,-7
2026/03/06,川崎,11,川崎の名伯楽特別Ｂ１二Ｂ２一,1600,ダ,左,稍重,曇,13,6,9,フレールフィーユ,セ,0,57.0,486,-3,本橋孝,山崎裕,220.0,11,1:45.8,40.7,10-11-11-12,13,486,-3
2026/03/06,川崎,11,川崎の名伯楽特別Ｂ１二Ｂ２一,1600,ダ,左,稍重,曇,13,4,5,ソレナ,セ,0,57.0,490,-4,町田直,矢野義,167.8,12,1:46.4,40.5,13-13-13-13,11,490,-4
2026/03/06,川崎,11,川崎の名伯楽特別Ｂ１二Ｂ２一,1600,ダ,左,稍重,曇,13,5,6,マインドユアミモザ,牝,6,52.0,481,7,加藤雄,河津裕,204.2,13,1:46.5,42.0,7-7-10-11,12,481,7
2026/03/06,川崎,12,ファイナルアンサー賞Ｃ３選定馬,1500,ダ,左,稍重,曇,14,6,9,クインズカヤノヒメ,牝,6,54.0,461,1,藤江渉,八木喜,5.1,1,1:38.8,40.9,11-10-1-1,3,461,1
2026/03/06,川崎,12,ファイナルアンサー賞Ｃ３選定馬,1500,ダ,左,稍重,曇,14,5,8,アップタウンガール,牝,4,54.0,474,-2,笹川翼,加藤誠,2.2,2,1:39.3,41.2,2-2-2-2,1,474,-2
2026/03/06,川崎,12,ファイナルアンサー賞Ｃ３選定馬,1500,ダ,左,稍重,曇,14,2,2,ヤサカソレイユ,牡,6,56.0,465,7,池谷匠,村田六,4.6,3,1:40.9,41.9,7-6-8-5,2,465,7
2026/03/06,川崎,12,ファイナルアンサー賞Ｃ３選定馬,1500,ダ,左,稍重,曇,14,8,14,ラピッドフロウ,牝,8,54.0,422,2,増田充,今井輝,20.9,4,1:41.5,42.2,6-7-11-10,8,422,2
2026/03/06,川崎,12,ファイナルアンサー賞Ｃ３選定馬,1500,ダ,左,稍重,曇,14,7,11,ダンシングハピリー,牝,6,54.0,413,2,本田紀,武井和,62.7,5,1:41.5,42.8,5-5-4-4,9,413,2
2026/03/06,川崎,12,ファイナルアンサー賞Ｃ３選定馬,1500,ダ,左,稍重,曇,14,8,13,ディバインウィル,牝,5,53.0,401,3,佐野遥,田島寿,10.4,6,1:41.6,42.6,10-10-6-6,4,401,3
2026/03/06,川崎,12,ファイナルアンサー賞Ｃ３選定馬,1500,ダ,左,稍重,曇,14,6,10,シダデカサドール,牡,8,53.0,501,-6,神尾香,林隆之,13.1,7,1:42.0,43.0,8-8-7-7,5,501,-6
2026/03/06,川崎,12,ファイナルアンサー賞Ｃ３選定馬,1500,ダ,左,稍重,曇,14,3,3,ベーラパルフェ,牡,4,56.0,496,1,岡村裕,八木喜,101.8,8,1:42.1,43.4,4-3-5-8,10,496,1
2026/03/06,川崎,12,ファイナルアンサー賞Ｃ３選定馬,1500,ダ,左,稍重,曇,14,4,6,ジャスティラック,牡,4,56.0,451,-4,櫻井光,長友豊,15.8,9,1:42.2,43.0,9-8-10-9,7,451,-4
2026/03/06,川崎,12,ファイナルアンサー賞Ｃ３選定馬,1500,ダ,左,稍重,曇,14,5,7,グランツリッター,牡,4,56.0,464,7,伊藤裕,田邊陽,112.6,10,1:42.2,42.6,13-13-13-11,11,464,7
2026/03/06,川崎,12,ファイナルアンサー賞Ｃ３選定馬,1500,ダ,左,稍重,曇,14,4,5,キーチパーヘチュア,牡,4,56.0,408,-5,山林信,田邊陽,188.4,11,1:42.2,43.9,1-1-3-3,13,408,-5
2026/03/06,川崎,12,ファイナルアンサー賞Ｃ３選定馬,1500,ダ,左,稍重,曇,14,7,12,ブルーレンジャー,牝,5,51.0,464,7,加藤雄,河津裕,186.6,12,1:44.2,45.2,3-3-9-12,12,464,7
2026/03/06,川崎,12,ファイナルアンサー賞Ｃ３選定馬,1500,ダ,左,稍重,曇,14,3,4,バーサズバラード,牝,6,54.0,432,-2,古岡勇,平田正,199.0,13,1:45.0,45.4,12-12-12-13,14,432,-2
2026/03/06,川崎,12,ファイナルアンサー賞Ｃ３選定馬,1500,ダ,左,稍重,曇,14,1,1,パーティーキング,牡,6,56.0,498,2,新原周,田邊陽,15.3,,,,14-14-14,6,498,2
2026/04/06,川崎,1,ツバメ賞Ｃ３選定馬,900,ダ,左,不良,晴,11,8,11,ナリノビスケッツ,牝,6,51.0,479,2,加藤雄,内田勝,2.8,1,0:56.6,38.9,1-1-1,1,479,2
2026/04/06,川崎,1,ツバメ賞Ｃ３選定馬,900,ダ,左,不良,晴,11,4,4,ルリール,牝,7,54.0,409,-10,新原周,林隆之,4.3,2,0:56.6,38.2,9-8-7,3,409,-10
2026/04/06,川崎,1,ツバメ賞Ｃ３選定馬,900,ダ,左,不良,晴,11,6,6,コルティリオ,セ,0,56.0,443,0,岡村裕,山崎裕,65.6,3,0:56.7,38.7,6-3-4,10,443,0
2026/04/06,川崎,1,ツバメ賞Ｃ３選定馬,900,ダ,左,不良,晴,11,1,1,ササキンポピー,牝,5,54.0,440,5,古岡勇,村田順,3.7,4,0:56.8,38.7,6-8-9,2,440,5
2026/04/06,川崎,1,ツバメ賞Ｃ３選定馬,900,ダ,左,不良,晴,11,7,9,ゴールドボード,牝,7,54.0,523,1,秋元耕,箕輪武,24.1,5,0:56.8,38.7,6-4-4,7,523,1
2026/04/06,川崎,1,ツバメ賞Ｃ３選定馬,900,ダ,左,不良,晴,11,2,2,シャコンヌ,セ,0,56.0,462,-2,鷹見陸,宇野博,7.1,6,0:57.0,39.0,1-6-4,4,462,-2
2026/04/06,川崎,1,ツバメ賞Ｃ３選定馬,900,ダ,左,不良,晴,11,8,10,アマゴ,牝,7,54.0,466,-7,保園翔,箕輪武,151.3,7,0:57.1,38.2,11-11-10,11,466,-7
2026/04/06,川崎,1,ツバメ賞Ｃ３選定馬,900,ダ,左,不良,晴,11,3,3,キタノフローラ,牝,4,54.0,446,-12,中越琉,安池成,12.6,8,0:57.2,39.3,4-4-2,5,446,-12
2026/04/06,川崎,1,ツバメ賞Ｃ３選定馬,900,ダ,左,不良,晴,11,5,5,リュウノアーダーン,牝,8,52.0,431,-9,中島良,川村守,22.0,9,0:57.2,39.1,5-6-7,6,431,-9
2026/04/06,川崎,1,ツバメ賞Ｃ３選定馬,900,ダ,左,不良,晴,11,6,7,ピノヌイ,牡,5,55.0,508,-7,中山遥,野口孝,28.0,10,0:57.6,38.9,9-10-10,8,508,-7
2026/04/06,川崎,1,ツバメ賞Ｃ３選定馬,900,ダ,左,不良,晴,11,7,8,アカルイスモウブ,牝,7,54.0,429,0,藤江渉,山田正,30.9,11,0:58.2,40.7,1-1-2,9,429,0
2026/04/06,川崎,2,３歳６,1400,ダ,左,不良,晴,10,8,10,デルニエエリオント,牡,3,56.0,482,1,池谷匠,内田勝,2.1,1,1:32.5,40.2,9-9-8-6,1,482,1
2026/04/06,川崎,2,３歳６,1400,ダ,左,不良,晴,10,5,5,マロンデプティ,牝,3,54.0,454,1,町田直,甲田悟,10.8,2,1:32.9,42.1,4-3-3-3,4,454,1
2026/04/06,川崎,2,３歳６,1400,ダ,左,不良,晴,10,2,2,グアピシマ,牝,3,54.0,418,12,福原杏,古澤悟,38.7,3,1:33.0,41.1,7-6-6-6,7,418,12
2026/04/06,川崎,2,３歳６,1400,ダ,左,不良,晴,10,4,4,ヨンクン,牡,3,56.0,491,-5,及川烈,長谷忍,17.5,4,1:33.2,42.6,1-1-1-1,5,491,-5
2026/04/06,川崎,2,３歳６,1400,ダ,左,不良,晴,10,7,7,プラカーシャ,牝,3,54.0,461,3,岡村健,内田勝,3.1,5,1:33.3,42.5,2-3-3-4,2,461,3
2026/04/06,川崎,2,３歳６,1400,ダ,左,不良,晴,10,3,3,チキュウ,牡,3,56.0,443,-2,御神訓,林隆之,5.0,6,1:33.6,43.0,2-1-1-1,3,443,-2
2026/04/06,川崎,2,３歳６,1400,ダ,左,不良,晴,10,1,1,ハマウルフ,牡,3,56.0,468,-13,木間龍,田島寿,71.3,7,1:34.0,42.1,8-6-7-6,9,468,-13
2026/04/06,川崎,2,３歳６,1400,ダ,左,不良,晴,10,6,6,アイノプライム,牝,3,54.0,442,1,鷹見陸,佐々仁,40.3,8,1:34.1,41.6,4-6-9-9,8,442,1
2026/04/06,川崎,2,３歳６,1400,ダ,左,不良,晴,10,8,9,レインボージェンヌ,牝,3,51.0,427,-4,加藤雄,佐藤博,24.7,9,1:34.9,42.3,9-9-9-10,6,427,-4
2026/04/06,川崎,2,３歳６,1400,ダ,左,不良,晴,10,7,8,イアソン,牡,3,56.0,444,8,藤江渉,山田質,73.4,10,1:35.8,44.7,4-5-5-5,10,444,8
2026/04/06,川崎,3,３歳５,1400,ダ,左,重,晴,10,7,7,キョウエイハゴロモ,牝,3,51.0,467,5,加藤雄,山崎尋,12.7,1,1:34.0,38.7,1-1-1-1,6,467,5
2026/04/06,川崎,3,３歳５,1400,ダ,左,重,晴,10,7,8,ピーエムボギー,牡,3,56.0,511,-4,櫻井光,酒井忍,11.6,2,1:34.9,39.6,1-1-1-2,5,511,-4
2026/04/06,川崎,3,３歳５,1400,ダ,左,重,晴,10,8,10,クイーンズステート,牝,3,54.0,396,1,野畑凌,今井輝,3.5,3,1:34.9,39.3,3-3-3-4,2,396,1
2026/04/06,川崎,3,３歳５,1400,ダ,左,重,晴,10,6,6,フィーリアサミット,牝,3,53.0,453,-9,佐野遥,田島寿,45.2,4,1:35.1,39.4,4-3-6-2,8,453,-9
2026/04/06,川崎,3,３歳５,1400,ダ,左,重,晴,10,2,2,ジャパンハート,牡,3,56.0,532,4,矢野貴,佐々仁,2.3,5,1:35.2,39.4,7-8-6-5,1,532,4
2026/04/06,川崎,3,３歳５,1400,ダ,左,重,晴,10,8,9,イノセントブレイヴ,牡,3,56.0,433,0,伊藤裕,佐藤博,99.6,6,1:35.7,40.0,5-5-3-5,9,433,0
2026/04/06,川崎,3,３歳５,1400,ダ,左,重,晴,10,1,1,ミラクルガイ,牡,3,56.0,474,-2,張田昂,林隆之,11.4,7,1:35.7,39.8,9-9-9-9,4,474,-2
2026/04/06,川崎,3,３歳５,1400,ダ,左,重,晴,10,4,4,フジパスカル,牡,3,53.0,491,6,杉山海,佐藤博,136.5,8,1:35.9,40.1,9-9-6-10,10,491,6
2026/04/06,川崎,3,３歳５,1400,ダ,左,重,晴,10,3,3,リュウノアーチスト,牝,3,54.0,455,9,新原周,山崎尋,14.8,9,1:36.0,40.2,7-5-10-5,7,455,9
2026/04/06,川崎,3,３歳５,1400,ダ,左,重,晴,10,5,5,キチョウ,牝,3,54.0,453,-3,笹川翼,田島寿,5.3,10,1:36.0,40.3,5-5-5-5,3,453,-3
2026/04/06,川崎,4,レインボー賞３歳未格付選定馬,900,ダ,左,重,晴,12,5,6,バルジェロ,牡,3,56.0,450,-2,町田直,山崎裕,5.3,1,0:54.5,37.1,4-1-3,3,450,-2
2026/04/06,川崎,4,レインボー賞３歳未格付選定馬,900,ダ,左,重,晴,12,4,4,グランドフロイデ,牡,3,55.0,457,-1,加藤雄,河津裕,3.0,2,0:54.6,37.4,1-1-1,1,457,-1
2026/04/06,川崎,4,レインボー賞３歳未格付選定馬,900,ダ,左,重,晴,12,7,9,フランキングライン,牡,3,55.0,430,5,笹川翼,秋山直,6.0,3,0:54.6,37.4,1-1-1,4,430,5
2026/04/06,川崎,4,レインボー賞３歳未格付選定馬,900,ダ,左,重,晴,12,8,12,ドナソレイ,牝,3,54.0,473,4,櫻井光,八木喜,32.0,4,0:55.0,37.5,4-1-5,7,473,4
2026/04/06,川崎,4,レインボー賞３歳未格付選定馬,900,ダ,左,重,晴,12,1,1,マイラーズドーン,牝,3,53.0,425,1,古岡勇,山崎裕,8.7,5,0:55.1,37.7,4-6-5,5,425,1
2026/04/06,川崎,4,レインボー賞３歳未格付選定馬,900,ダ,左,重,晴,12,3,3,ビターメロン,牝,3,53.0,433,-3,山本大,甲田悟,3.5,6,0:55.2,37.8,3-5-3,2,433,-3
2026/04/06,川崎,4,レインボー賞３歳未格付選定馬,900,ダ,左,重,晴,12,6,7,ドンクベットコール,牝,3,53.0,482,5,西啓太,山崎裕,14.5,7,0:55.4,37.7,4-6-7,6,482,5
2026/04/06,川崎,4,レインボー賞３歳未格付選定馬,900,ダ,左,重,晴,12,6,8,サモアノカイジン,牡,3,55.0,497,-7,笠野雄,平山真,90.4,8,0:55.8,37.5,10-8-8,11,497,-7
2026/04/06,川崎,4,レインボー賞３歳未格付選定馬,900,ダ,左,重,晴,12,7,10,ヨドノハニー,牝,3,53.0,453,-12,張田昂,張田京,85.4,9,0:56.2,37.9,9-8-9,10,453,-12
2026/04/06,川崎,4,レインボー賞３歳未格付選定馬,900,ダ,左,重,晴,12,5,5,アイリーナ,牝,3,53.0,440,-9,西村栄,渋谷博,57.1,10,0:57.3,39.0,10-8-10,9,440,-9
2026/04/06,川崎,4,レインボー賞３歳未格付選定馬,900,ダ,左,重,晴,12,2,2,シナノシトリン,牝,3,53.0,429,1,中越琉,佐藤博,209.2,11,0:57.9,39.0,12-12-11,12,429,1
2026/04/06,川崎,4,レインボー賞３歳未格付選定馬,900,ダ,左,重,晴,12,8,11,トルーカ,牡,3,55.0,449,-1,新原周,小久智,39.3,12,0:59.6,41.5,4-8-12,8,449,-1
2026/04/06,川崎,5,鶴鷸賞３歳４,1400,ダ,左,重,晴,11,8,10,カルダモンロール,牝,3,54.0,472,7,野畑凌,鈴木義,1.3,1,1:31.2,39.4,1-1-1-1,1,472,7
2026/04/06,川崎,5,鶴鷸賞３歳４,1400,ダ,左,重,晴,11,7,9,カナールゲイル,牡,3,56.0,480,-5,町田直,佐々仁,6.6,2,1:32.4,40.3,4-4-2-2,2,480,-5
2026/04/06,川崎,5,鶴鷸賞３歳４,1400,ダ,左,重,晴,11,4,4,エスプリアキラサン,牡,3,55.0,464,2,佐野遥,久保秀,11.1,3,1:32.8,40.2,6-6-5-3,4,464,2
2026/04/06,川崎,5,鶴鷸賞３歳４,1400,ダ,左,重,晴,11,3,3,ボビー,牡,3,56.0,517,-8,笹川翼,佐藤太,9.1,4,1:32.9,40.4,6-6-5-5,3,517,-8
2026/04/06,川崎,5,鶴鷸賞３歳４,1400,ダ,左,重,晴,11,2,2,ササキントモゴロウ,牡,3,56.0,446,-4,西啓太,安池成,69.1,5,1:33.1,40.6,4-4-7-6,9,446,-4
2026/04/06,川崎,5,鶴鷸賞３歳４,1400,ダ,左,重,晴,11,1,1,デュオメーデス,牡,3,56.0,562,-4,安藤洋,小久智,129.4,6,1:33.8,40.6,8-8-9-9,10,562,-4
2026/04/06,川崎,5,鶴鷸賞３歳４,1400,ダ,左,重,晴,11,5,5,フォーマイディア,牝,3,54.0,444,-2,古岡勇,河津裕,53.9,7,1:34.1,40.9,8-8-8-6,8,444,-2
2026/04/06,川崎,5,鶴鷸賞３歳４,1400,ダ,左,重,晴,11,7,8,マダムウィンディ,牝,3,54.0,467,-5,櫻井光,茂木浩,19.8,8,1:34.4,42.3,3-3-3-4,5,467,-5
2026/04/06,川崎,5,鶴鷸賞３歳４,1400,ダ,左,重,晴,11,6,7,ソウモウクッキ,牡,3,56.0,467,12,矢野貴,高月賢,49.1,9,1:35.5,43.4,2-2-4-6,7,467,12
2026/04/06,川崎,5,鶴鷸賞３歳４,1400,ダ,左,重,晴,11,6,6,ボンセレンシス,牡,3,56.0,510,30,新原周,内田勝,38.0,10,1:35.6,42.2,8-10-9-10,6,510,30
2026/04/06,川崎,5,鶴鷸賞３歳４,1400,ダ,左,重,晴,11,8,11,サムバローズ,牡,3,56.0,0,0,本田重,酒井忍,,,,,,,0,0
2026/04/06,川崎,6,Ｃ２一 二,1400,ダ,左,重,晴,12,7,9,ヴィトーリアヘーザ,牝,4,54.0,490,-2,新原周,酒井忍,7.9,1,1:31.4,38.8,1-1-1-1,4,490,-2
2026/04/06,川崎,6,Ｃ２一 二,1400,ダ,左,重,晴,12,3,3,ディセプティコン,牡,4,56.0,488,-1,町田直,内田勝,5.6,2,1:31.9,39.3,1-1-1-1,3,488,-1
2026/04/06,川崎,6,Ｃ２一 二,1400,ダ,左,重,晴,12,5,6,ベルレオーネ,牡,4,56.0,462,-1,矢野貴,鈴木義,11.9,3,1:32.2,39.4,3-4-4-3,6,462,-1
2026/04/06,川崎,6,Ｃ２一 二,1400,ダ,左,重,晴,12,8,11,ヒソカ,牡,4,56.0,498,2,安藤洋,佐藤博,2.5,4,1:32.7,39.9,4-1-1-3,1,498,2
2026/04/06,川崎,6,Ｃ２一 二,1400,ダ,左,重,晴,12,1,1,フィリグラン,牝,4,54.0,422,1,本田重,佐々仁,3.4,5,1:32.9,39.8,6-6-6-5,2,422,1
2026/04/06,川崎,6,Ｃ２一 二,1400,ダ,左,重,晴,12,6,8,グローリアスゾスマ,牝,8,54.0,490,-13,増田充,高月賢,9.9,6,1:32.9,40.1,4-4-4-5,5,490,-13
2026/04/06,川崎,6,Ｃ２一 二,1400,ダ,左,重,晴,12,4,4,ウェルキン,牝,5,54.0,425,-7,櫻井光,佐藤博,69.3,7,1:33.6,40.3,9-9-9-7,10,425,-7
2026/04/06,川崎,6,Ｃ２一 二,1400,ダ,左,重,晴,12,5,5,ヴァッツマン,牡,4,56.0,505,1,藤本現,山崎尋,36.7,8,1:33.6,40.1,10-10-10-10,7,505,1
2026/04/06,川崎,6,Ｃ２一 二,1400,ダ,左,重,晴,12,7,10,フィードウィン,セ,0,56.0,455,-3,伊藤裕,山崎尋,59.8,9,1:33.6,39.8,11-11-11-8,9,455,-3
2026/04/06,川崎,6,Ｃ２一 二,1400,ダ,左,重,晴,12,2,2,バードハズフロウン,牝,8,54.0,420,6,池谷匠,今井輝,285.4,10,1:34.2,40.9,8-8-8-8,12,420,6
2026/04/06,川崎,6,Ｃ２一 二,1400,ダ,左,重,晴,12,6,7,カナアミデスマッチ,牝,5,54.0,416,0,岡村裕,八木喜,245.5,11,1:34.9,40.8,12-12-12-12,11,416,0
2026/04/06,川崎,6,Ｃ２一 二,1400,ダ,左,重,晴,12,8,12,メイワノワ,牝,6,51.0,459,9,加藤雄,河津裕,56.8,12,1:35.0,42.0,6-6-6-10,8,459,9
2026/04/06,川崎,7,アスターテ賞Ｃ２Ｃ３選定馬,2000,ダ,左,重,晴,14,1,1,ネオシャングリラ,牡,4,57.0,488,-1,田中涼,今井輝,31.0,1,2:18.2,40.7,12-12-12-7,9,488,-1
2026/04/06,川崎,7,アスターテ賞Ｃ２Ｃ３選定馬,2000,ダ,左,重,晴,14,3,4,クリノフラッグ,牝,7,55.0,473,2,古岡勇,甲田悟,5.8,2,2:18.4,41.7,12-10-1-1,3,473,2
2026/04/06,川崎,7,アスターテ賞Ｃ２Ｃ３選定馬,2000,ダ,左,重,晴,14,8,14,ヤマブキ,牡,6,55.0,487,-5,半澤慶,鹿沼和,20.0,3,2:18.5,41.8,3-3-4-4,7,487,-5
2026/04/06,川崎,7,アスターテ賞Ｃ２Ｃ３選定馬,2000,ダ,左,重,晴,14,3,3,ミストラ,セ,0,57.0,564,11,張田昂,村田六,6.7,4,2:18.6,41.7,9-8-6-5,5,564,11
2026/04/06,川崎,7,アスターテ賞Ｃ２Ｃ３選定馬,2000,ダ,左,重,晴,14,8,13,タイセイルシエル,牡,4,55.0,434,-1,矢野貴,内田勝,2.9,5,2:18.8,42.1,6-5-1-1,1,434,-1
2026/04/06,川崎,7,アスターテ賞Ｃ２Ｃ３選定馬,2000,ダ,左,重,晴,14,5,8,ファイナルワンダー,牡,6,55.0,481,1,笹川翼,田島寿,6.0,6,2:19.3,42.4,4-4-8-6,4,481,1
2026/04/06,川崎,7,アスターテ賞Ｃ２Ｃ３選定馬,2000,ダ,左,重,晴,14,2,2,ヨツバミッチー,牡,6,55.0,491,2,山林信,田邊陽,53.3,7,2:19.3,42.0,9-10-10-7,11,491,2
2026/04/06,川崎,7,アスターテ賞Ｃ２Ｃ３選定馬,2000,ダ,左,重,晴,14,5,7,グリントレッド,牡,4,57.0,514,3,中越琉,山崎尋,44.7,8,2:19.4,42.1,12-12-10-12,10,514,3
2026/04/06,川崎,7,アスターテ賞Ｃ２Ｃ３選定馬,2000,ダ,左,重,晴,14,7,12,ニューディヴァイド,セ,0,55.0,500,4,櫻井光,高橋宏,15.0,9,2:19.5,42.9,1-1-1-1,6,500,4
2026/04/06,川崎,7,アスターテ賞Ｃ２Ｃ３選定馬,2000,ダ,左,重,晴,14,4,5,モナークスラッガー,牡,6,54.0,426,-3,加藤雄,田島寿,25.8,10,2:19.5,42.6,8-8-6-7,8,426,-3
2026/04/06,川崎,7,アスターテ賞Ｃ２Ｃ３選定馬,2000,ダ,左,重,晴,14,4,6,クルメミッチー,牡,6,54.0,506,1,佐野遥,田邊陽,5.5,11,2:19.9,42.8,6-7-9-7,2,506,1
2026/04/06,川崎,7,アスターテ賞Ｃ２Ｃ３選定馬,2000,ダ,左,重,晴,14,7,11,スプリングネージュ,牝,8,53.0,456,4,秋元耕,薮口一,142.3,12,2:21.1,43.0,11-12-14-14,14,456,4
2026/04/06,川崎,7,アスターテ賞Ｃ２Ｃ３選定馬,2000,ダ,左,重,晴,14,6,9,ポケットシンデレラ,牝,7,53.0,435,-17,福原杏,長谷忍,128.8,13,2:21.3,44.0,4-5-13-13,13,435,-17
2026/04/06,川崎,7,アスターテ賞Ｃ２Ｃ３選定馬,2000,ダ,左,重,晴,14,6,10,ラプラタ,牝,5,55.0,461,-2,岡村裕,安池成,127.1,14,2:21.7,45.1,1-1-4-7,12,461,-2
2026/04/06,川崎,8,Ｃ２一 二,1400,ダ,左,重,晴,12,8,12,ミライヘノテンシ,牝,4,54.0,458,-4,増田充,佐々仁,10.2,1,1:32.3,40.1,5-5-6-6,4,458,-4
2026/04/06,川崎,8,Ｃ２一 二,1400,ダ,左,重,晴,12,1,1,ロコモーション,セ,0,56.0,462,4,野畑凌,高月賢,3.5,2,1:33.0,40.8,9-8-2-1,2,462,4
2026/04/06,川崎,8,Ｃ２一 二,1400,ダ,左,重,晴,12,5,5,モメン,牝,4,54.0,457,-1,笹川翼,山崎尋,2.1,3,1:33.3,41.4,2-2-2-3,1,457,-1
2026/04/06,川崎,8,Ｃ２一 二,1400,ダ,左,重,晴,12,6,8,ニシノババンギタ,セ,0,56.0,455,-4,山林信,田邊陽,21.0,4,1:33.4,40.8,7-7-8-8,6,455,-4
2026/04/06,川崎,8,Ｃ２一 二,1400,ダ,左,重,晴,12,3,3,ダズリングスカイ,牝,6,54.0,501,-7,新原周,鈴木義,23.4,5,1:33.5,40.2,10-11-11-11,8,501,-7
2026/04/06,川崎,8,Ｃ２一 二,1400,ダ,左,重,晴,12,5,6,デルマツリダシ,セ,0,56.0,513,-2,西啓太,山崎裕,22.2,6,1:33.5,40.6,11-10-8-8,7,513,-2
2026/04/06,川崎,8,Ｃ２一 二,1400,ダ,左,重,晴,12,8,11,シナモンポップ,牝,4,54.0,474,3,秋元耕,海馬司,185.1,7,1:33.8,42.2,1-1-1-1,12,474,3
2026/04/06,川崎,8,Ｃ２一 二,1400,ダ,左,重,晴,12,2,2,ゴーダンシング,牝,5,54.0,466,-3,張田昂,平山真,19.1,8,1:33.9,41.7,5-5-6-6,5,466,-3
2026/04/06,川崎,8,Ｃ２一 二,1400,ダ,左,重,晴,12,7,10,ピコグリーン,牝,4,54.0,451,-3,本田重,佐藤博,5.6,9,1:34.1,42.1,4-3-2-3,3,451,-3
2026/04/06,川崎,8,Ｃ２一 二,1400,ダ,左,重,晴,12,6,7,ジェンダアネモス,牝,4,54.0,435,-8,保園翔,野口寛,142.7,10,1:34.5,41.9,8-8-8-10,10,435,-8
2026/04/06,川崎,8,Ｃ２一 二,1400,ダ,左,重,晴,12,4,4,インマイブラッド,牝,4,54.0,436,-7,町田直,古澤悟,38.9,11,1:34.7,42.8,2-3-5-5,9,436,-7
2026/04/06,川崎,8,Ｃ２一 二,1400,ダ,左,重,晴,12,7,9,ルゾフォニア,牝,4,54.0,405,8,岡村裕,武井和,172.6,12,1:34.8,41.3,11-12-11-11,11,405,8
2026/04/06,川崎,9,光速賞Ｃ１選定馬,900,ダ,左,重,晴,12,7,10,レジェス,牡,5,56.0,529,-4,七夕裕,平山真,89.0,1,0:55.5,38.1,3-2-1,9,529,-4
2026/04/06,川崎,9,光速賞Ｃ１選定馬,900,ダ,左,重,晴,12,5,5,ピーチマカロン,牝,4,54.0,485,0,達城龍,久保勇,45.6,2,0:55.6,37.3,8-8-7,7,485,0
2026/04/06,川崎,9,光速賞Ｃ１選定馬,900,ダ,左,重,晴,12,3,3,ムーランアルザン,牝,7,53.0,511,-1,佐野遥,山崎裕,6.7,3,0:55.7,38.3,1-4-4,2,511,-1
2026/04/06,川崎,9,光速賞Ｃ１選定馬,900,ダ,左,重,晴,12,8,11,タイトルコール,牝,4,54.0,447,-3,野畑凌,水野貴,11.8,4,0:55.7,38.3,3-2-3,3,447,-3
2026/04/06,川崎,9,光速賞Ｃ１選定馬,900,ダ,左,重,晴,12,6,8,ポッドデューク,牡,4,56.0,492,-4,笹川翼,高月賢,1.2,5,0:55.9,38.5,1-1-1,1,492,-4
2026/04/06,川崎,9,光速賞Ｃ１選定馬,900,ダ,左,重,晴,12,2,2,バースフラワー,牝,4,54.0,446,4,藤江渉,山田質,52.9,6,0:55.9,37.2,9-9-9,8,446,4
2026/04/06,川崎,9,光速賞Ｃ１選定馬,900,ダ,左,重,晴,12,1,1,テルケンレンタワー,牡,4,56.0,485,6,中越琉,佐藤博,16.8,7,0:56.0,38.0,6-6-5,4,485,6
2026/04/06,川崎,9,光速賞Ｃ１選定馬,900,ダ,左,重,晴,12,8,12,ミヅルーラー,牝,4,54.0,485,0,岡村健,酒井一,26.4,8,0:56.2,38.1,6-6-7,6,485,0
2026/04/06,川崎,9,光速賞Ｃ１選定馬,900,ダ,左,重,晴,12,6,7,ヴァシロペス,セ,0,56.0,483,-13,秋元耕,鈴木勝,274.9,9,0:56.7,37.8,10-10-10,11,483,-13
2026/04/06,川崎,9,光速賞Ｃ１選定馬,900,ダ,左,重,晴,12,5,6,インテンスドライヴ,牝,4,51.0,472,4,加藤雄,山崎裕,24.8,10,0:56.7,39.1,3-5-5,5,472,4
2026/04/06,川崎,9,光速賞Ｃ１選定馬,900,ダ,左,重,晴,12,4,4,ネヴァーノウズ,牡,4,56.0,440,0,池谷匠,甲田悟,191.3,11,0:56.7,37.8,10-10-10,10,440,0
2026/04/06,川崎,9,光速賞Ｃ１選定馬,900,ダ,左,重,晴,12,7,9,ラピルスイメル,牝,4,54.0,502,4,増田充,加藤誠,,,,,,,502,4
2026/04/06,川崎,10,卯の花月特別Ｂ３二 三 四,1500,ダ,左,重,晴,10,2,2,ソイラテ,牡,4,56.0,475,-2,矢野貴,佐々仁,2.0,1,1:36.4,38.8,7-7-7-5,1,475,-2
2026/04/06,川崎,10,卯の花月特別Ｂ３二 三 四,1500,ダ,左,重,晴,10,1,1,ラムテリオス,牝,5,54.0,466,-4,新原周,鈴木義,9.3,2,1:36.7,38.9,9-9-7-6,4,466,-4
2026/04/06,川崎,10,卯の花月特別Ｂ３二 三 四,1500,ダ,左,重,晴,10,4,4,サダージ,牝,5,54.0,460,-1,野畑凌,山崎尋,7.1,3,1:36.9,39.8,2-2-1-1,3,460,-1
2026/04/06,川崎,10,卯の花月特別Ｂ３二 三 四,1500,ダ,左,重,晴,10,3,3,ツカサレヴズ,牡,6,56.0,488,-4,笹川翼,高月賢,23.0,4,1:36.9,39.6,4-4-5-3,6,488,-4
2026/04/06,川崎,10,卯の花月特別Ｂ３二 三 四,1500,ダ,左,重,晴,10,5,5,ゴールデンカガヤ,牡,6,56.0,437,0,藤江渉,甲田悟,24.2,5,1:37.3,39.1,10-10-10-9,7,437,0
2026/04/06,川崎,10,卯の花月特別Ｂ３二 三 四,1500,ダ,左,重,晴,10,8,9,ハーモニーレグルス,牡,8,55.0,547,2,佐野遥,高月賢,26.6,6,1:37.5,40.6,1-1-1-1,8,547,2
2026/04/06,川崎,10,卯の花月特別Ｂ３二 三 四,1500,ダ,左,重,晴,10,7,7,アイリーズパキラ,牡,4,56.0,480,5,藤本現,内田勝,63.6,7,1:37.8,40.2,7-7-7-9,10,480,5
2026/04/06,川崎,10,卯の花月特別Ｂ３二 三 四,1500,ダ,左,重,晴,10,6,6,トウマ,牡,6,56.0,464,3,町田直,久保秀,15.1,8,1:37.9,40.6,4-4-4-8,5,464,3
2026/04/06,川崎,10,卯の花月特別Ｂ３二 三 四,1500,ダ,左,重,晴,10,8,10,カセノラオー,牡,5,56.0,509,9,岡村健,茂木浩,3.4,9,1:38.0,40.8,2-3-1-3,2,509,9
2026/04/06,川崎,10,卯の花月特別Ｂ３二 三 四,1500,ダ,左,重,晴,10,7,8,アンジュメロディ,牝,4,54.0,461,5,櫻井光,佐藤博,34.2,10,1:40.3,42.9,4-4-5-6,9,461,5
2026/04/06,川崎,11,疾風迅雷賞Ａ２下選定馬,900,ダ,左,重,晴,9,7,7,スモークフレイバー,牡,5,55.0,485,-9,野畑凌,繁田健,3.8,1,0:53.3,36.6,1-1-1,2,485,-9
2026/04/06,川崎,11,疾風迅雷賞Ａ２下選定馬,900,ダ,左,重,晴,9,4,4,ハーフブルー,牝,4,55.0,472,2,笹川翼,鈴木啓,2.2,2,0:54.2,37.2,2-3-5,1,472,2
2026/04/06,川崎,11,疾風迅雷賞Ａ２下選定馬,900,ダ,左,重,晴,9,8,8,キューティロメラ,牝,6,50.0,505,3,山本大,中道啓,22.2,3,0:54.2,37.3,2-1-1,6,505,3
2026/04/06,川崎,11,疾風迅雷賞Ａ２下選定馬,900,ダ,左,重,晴,9,1,1,クリスタライズ,牡,5,55.0,500,-4,矢野貴,高月賢,7.9,4,0:54.4,37.1,5-5-3,4,500,-4
2026/04/06,川崎,11,疾風迅雷賞Ａ２下選定馬,900,ダ,左,重,晴,9,8,9,シゲルマッハ,牡,6,54.0,492,-6,佐野遥,鈴木義,4.8,5,0:54.6,37.4,5-3-3,3,492,-6
2026/04/06,川崎,11,疾風迅雷賞Ａ２下選定馬,900,ダ,左,重,晴,9,6,6,ハーンドルフ,牝,6,53.0,462,-30,岡村健,内田勝,23.2,6,0:55.3,38.0,7-5-6,7,462,-30
2026/04/06,川崎,11,疾風迅雷賞Ａ２下選定馬,900,ダ,左,重,晴,9,3,3,オスカーブレイン,牡,5,57.0,489,5,町田直,鈴木義,8.7,7,0:55.3,37.7,7-7-7,5,489,5
2026/04/06,川崎,11,疾風迅雷賞Ａ２下選定馬,900,ダ,左,重,晴,9,2,2,クオレス,牝,5,53.0,494,4,伊藤裕,久保秀,160.0,8,0:55.5,37.5,9-9-7,9,494,4
2026/04/06,川崎,11,疾風迅雷賞Ａ２下選定馬,900,ダ,左,重,晴,9,5,5,シナノスマイル,牝,5,53.0,476,6,保園翔,鹿沼和,87.1,9,0:56.1,38.5,4-7-9,8,476,6
2026/04/06,川崎,12,錨草賞Ｃ２選定馬１,1500,ダ,左,重,晴,13,1,1,ジンガー,牡,4,56.0,493,-4,野畑凌,鈴木義,3.9,1,1:38.4,40.8,1-1-1-1,2,493,-4
2026/04/06,川崎,12,錨草賞Ｃ２選定馬１,1500,ダ,左,重,晴,13,6,8,セレブウマザンマイ,牝,4,54.0,434,3,仲野光,山下之,15.8,2,1:38.5,40.9,3-1-1-1,6,434,3
2026/04/06,川崎,12,錨草賞Ｃ２選定馬１,1500,ダ,左,重,晴,13,7,10,ガルニエ,牡,5,56.0,458,4,古岡勇,秋山直,25.7,3,1:38.6,40.7,6-6-4-3,8,458,4
2026/04/06,川崎,12,錨草賞Ｃ２選定馬１,1500,ダ,左,重,晴,13,7,11,フジュム,セ,0,56.0,517,6,矢野貴,高月賢,1.7,4,1:38.7,40.2,13-13-10-10,1,517,6
2026/04/06,川崎,12,錨草賞Ｃ２選定馬１,1500,ダ,左,重,晴,13,5,6,カレンメラメーラ,牝,5,54.0,468,0,櫻井光,八木喜,77.1,5,1:38.8,41.2,1-1-1-3,9,468,0
2026/04/06,川崎,12,錨草賞Ｃ２選定馬１,1500,ダ,左,重,晴,13,4,4,ユウユウスプレマン,セ,0,55.0,516,-9,佐野遥,久保勇,13.2,6,1:39.2,40.9,9-8-8-7,3,516,-9
2026/04/06,川崎,12,錨草賞Ｃ２選定馬１,1500,ダ,左,重,晴,13,3,3,ダイゴホマレリュウ,牡,5,56.0,537,-1,藤江渉,山田質,15.8,7,1:39.7,41.6,6-6-8-7,5,537,-1
2026/04/06,川崎,12,錨草賞Ｃ２選定馬１,1500,ダ,左,重,晴,13,6,9,フライングロッド,牡,5,56.0,472,5,西啓太,高橋宏,13.4,8,1:39.9,41.4,10-10-11-7,4,472,5
2026/04/06,川崎,12,錨草賞Ｃ２選定馬１,1500,ダ,左,重,晴,13,8,13,ユウオウマイシン,牡,4,56.0,469,-3,半澤慶,入口由,122.6,9,1:40.0,41.4,10-10-11-10,10,469,-3
2026/04/06,川崎,12,錨草賞Ｃ２選定馬１,1500,ダ,左,重,晴,13,8,12,プレジャー,牝,5,54.0,483,0,池谷匠,今井輝,123.4,10,1:40.0,41.2,12-12-11-12,11,483,0
2026/04/06,川崎,12,錨草賞Ｃ２選定馬１,1500,ダ,左,重,晴,13,5,7,ルージュメアート,牝,4,53.0,545,-1,中山遥,水野貴,18.5,11,1:40.2,41.9,6-8-5-12,7,545,-1
2026/04/06,川崎,12,錨草賞Ｃ２選定馬１,1500,ダ,左,重,晴,13,4,5,グラスアラバニーユ,牡,7,56.0,478,8,増田充,吉橋淳,140.9,12,1:40.3,42.4,4-4-5-5,12,478,8
2026/04/06,川崎,12,錨草賞Ｃ２選定馬１,1500,ダ,左,重,晴,13,2,2,オリエンタルマック,牡,4,56.0,479,2,室陽一,酒井一,251.3,13,1:40.8,42.9,4-4-5-5,13,479,2
2026/04/07,川崎,1,Ｃ３五 六,1400,ダ,左,重,雨,12,6,8,ナリノドリーム,牝,4,54.0,471,4,町田直,内田勝,2.4,1,1:34.3,40.2,2-2-2-2,1,471,4
2026/04/07,川崎,1,Ｃ３五 六,1400,ダ,左,重,雨,12,4,4,ヤマトカチドキ,牝,7,54.0,504,0,池谷匠,山田質,3.0,2,1:35.6,41.3,6-7-5-4,2,504,0
2026/04/07,川崎,1,Ｃ３五 六,1400,ダ,左,重,雨,12,6,7,アンリ,牝,5,51.0,435,-1,加藤雄,吉橋淳,76.6,3,1:35.6,41.8,1-1-1-1,10,435,-1
2026/04/07,川崎,1,Ｃ３五 六,1400,ダ,左,重,雨,12,7,10,ハイウィルヘーズ,牝,5,54.0,435,-8,本田紀,村田六,20.7,4,1:35.7,41.6,2-2-2-3,7,435,-8
2026/04/07,川崎,1,Ｃ３五 六,1400,ダ,左,重,雨,12,7,9,カラルナ,牝,6,54.0,464,0,新原周,林隆之,58.9,5,1:36.2,41.9,8-7-7-6,9,464,0
2026/04/07,川崎,1,Ｃ３五 六,1400,ダ,左,重,雨,12,5,5,ワイキキビーチ,セ,0,56.0,448,-3,及川烈,鹿沼和,15.1,6,1:36.4,42.1,4-5-4-7,5,448,-3
2026/04/07,川崎,1,Ｃ３五 六,1400,ダ,左,重,雨,12,2,2,エイシンペリドット,牝,6,54.0,480,-13,笠野雄,山中尊,19.7,7,1:36.7,42.6,4-2-5-4,6,480,-13
2026/04/07,川崎,1,Ｃ３五 六,1400,ダ,左,重,雨,12,1,1,ナリタアンビション,牝,6,54.0,421,2,七夕裕,川島豊,24.4,8,1:37.1,42.2,10-10-9-10,8,421,2
2026/04/07,川崎,1,Ｃ３五 六,1400,ダ,左,重,雨,12,3,3,ブルートルマリン,牝,7,54.0,499,-6,達城龍,久保勇,7.8,9,1:37.2,42.9,6-5-8-8,4,499,-6
2026/04/07,川崎,1,Ｃ３五 六,1400,ダ,左,重,雨,12,8,12,グレル,牝,8,54.0,471,2,赤津和,川村守,7.2,10,1:37.4,42.3,11-11-11-8,3,471,2
2026/04/07,川崎,1,Ｃ３五 六,1400,ダ,左,重,雨,12,5,6,ブリッツシャッテン,セ,0,56.0,408,-2,中越琉,佐藤博,96.4,11,1:37.4,41.9,12-12-12-12,11,408,-2
2026/04/07,川崎,1,Ｃ３五 六,1400,ダ,左,重,雨,12,8,11,シェナハート,牝,7,54.0,442,-3,國分祐,冨田敏,161.5,12,1:37.6,42.9,8-9-10-10,12,442,-3
2026/04/07,川崎,2,Ｃ３五 六,1400,ダ,左,重,雨,12,5,6,アップタウンガール,牝,4,54.0,473,-1,笹川翼,加藤誠,3.9,1,1:33.9,41.6,6-5-4-2,3,473,-1
2026/04/07,川崎,2,Ｃ３五 六,1400,ダ,左,重,雨,12,2,2,ナミエヒーロー,牡,6,56.0,456,-5,岡村裕,村田六,9.2,2,1:34.2,42.0,2-2-2-2,4,456,-5
2026/04/07,川崎,2,Ｃ３五 六,1400,ダ,左,重,雨,12,4,4,ナツハヤテ,牝,8,54.0,460,7,張田昂,山田質,10.4,3,1:35.0,42.7,2-3-2-4,5,460,7
2026/04/07,川崎,2,Ｃ３五 六,1400,ダ,左,重,雨,12,7,9,オーロファルコン,牡,4,56.0,483,-1,中越琉,内田勝,12.7,4,1:35.2,42.5,7-7-5-5,6,483,-1
2026/04/07,川崎,2,Ｃ３五 六,1400,ダ,左,重,雨,12,7,10,プロンプトノア,牝,5,54.0,495,-10,田中涼,佐々仁,49.3,5,1:35.5,42.4,4-6-7-7,7,495,-10
2026/04/07,川崎,2,Ｃ３五 六,1400,ダ,左,重,雨,12,8,11,フリューゲルルル,牡,4,56.0,532,-3,町田直,田島寿,2.7,6,1:35.8,42.7,7-8-5-6,1,532,-3
2026/04/07,川崎,2,Ｃ３五 六,1400,ダ,左,重,雨,12,1,1,トーセンメモリア,牝,6,54.0,466,-15,櫻井光,小久智,3.5,7,1:35.8,44.0,1-1-1-1,2,466,-15
2026/04/07,川崎,2,Ｃ３五 六,1400,ダ,左,重,雨,12,6,8,サヨノミニスター,牡,7,56.0,494,8,増田充,吉橋淳,57.3,8,1:36.9,43.4,10-10-11-10,8,494,8
2026/04/07,川崎,2,Ｃ３五 六,1400,ダ,左,重,雨,12,3,3,シェナリオン,牡,6,54.0,450,-17,中島良,冨田敏,250.4,9,1:37.0,43.9,9-8-9-8,11,450,-17
2026/04/07,川崎,2,Ｃ３五 六,1400,ダ,左,重,雨,12,6,7,セキレイオペラ,牡,7,56.0,476,3,七夕裕,川村守,75.3,10,1:37.2,43.7,11-10-9-9,9,476,3
2026/04/07,川崎,2,Ｃ３五 六,1400,ダ,左,重,雨,12,5,5,バーサズバラード,牝,6,54.0,424,-8,伊藤裕,平田正,254.9,11,1:37.6,43.8,12-12-12-11,12,424,-8
2026/04/07,川崎,2,Ｃ３五 六,1400,ダ,左,重,雨,12,8,12,シックスレター,牝,8,54.0,478,-2,新原周,林隆之,95.1,12,1:40.5,47.6,4-3-7-12,10,478,-2
2026/04/07,川崎,3,初雷賞Ｃ２選定馬,900,ダ,左,重,雨,12,1,1,プレストヴィーナス,牝,7,54.0,443,6,張田昂,長友豊,1.8,1,0:55.6,38.0,1-1-1,1,443,6
2026/04/07,川崎,3,初雷賞Ｃ２選定馬,900,ダ,左,重,雨,12,6,8,モズノセイギ,牡,4,56.0,465,7,西啓太,山崎尋,3.4,2,0:56.2,37.5,7-7-7,2,465,7
2026/04/07,川崎,3,初雷賞Ｃ２選定馬,900,ダ,左,重,雨,12,5,5,エレレラナキラ,牡,4,55.0,449,4,佐野遥,山田質,19.4,3,0:56.4,37.3,10-11-12,4,449,4
2026/04/07,川崎,3,初雷賞Ｃ２選定馬,900,ダ,左,重,雨,12,8,12,ゴーゴーダンサー,牝,5,51.0,403,-29,加藤雄,安池成,35.2,4,0:56.5,38.6,2-1-2,6,403,-29
2026/04/07,川崎,3,初雷賞Ｃ２選定馬,900,ダ,左,重,雨,12,7,10,シェナベスト,牡,5,56.0,478,5,岡村裕,山田正,140.8,5,0:56.5,38.2,4-4-5,11,478,5
2026/04/07,川崎,3,初雷賞Ｃ２選定馬,900,ダ,左,重,雨,12,8,11,コトノサンショ,牡,6,56.0,481,7,伊藤裕,河津裕,110.8,6,0:56.7,38.8,4-3-3,10,481,7
2026/04/07,川崎,3,初雷賞Ｃ２選定馬,900,ダ,左,重,雨,12,5,6,ノブハッピーホース,牡,4,56.0,507,-8,保園翔,小久智,4.0,7,0:56.8,37.7,12-9-10,3,507,-8
2026/04/07,川崎,3,初雷賞Ｃ２選定馬,900,ダ,左,重,雨,12,6,7,キラークラウン,牝,4,53.0,469,-2,中山遥,高橋宏,45.2,8,0:57.1,38.4,7-9-9,7,469,-2
2026/04/07,川崎,3,初雷賞Ｃ２選定馬,900,ダ,左,重,雨,12,4,4,シェナエース,牡,5,56.0,525,-2,國分祐,冨田敏,50.9,9,0:57.1,39.2,2-4-4,8,525,-2
2026/04/07,川崎,3,初雷賞Ｃ２選定馬,900,ダ,左,重,雨,12,7,9,エルリーブル,セ,0,56.0,474,-1,山林信,平田正,34.6,10,0:57.1,38.6,4-4-5,5,474,-1
2026/04/07,川崎,3,初雷賞Ｃ２選定馬,900,ダ,左,重,雨,12,3,3,フライエフェクト,牝,4,54.0,454,2,藤江渉,久保勇,58.5,11,0:57.2,37.8,11-12-10,9,454,2
2026/04/07,川崎,3,初雷賞Ｃ２選定馬,900,ダ,左,重,雨,12,2,2,オトメノネガイ,牝,5,54.0,434,6,本田紀,田島寿,362.0,12,0:57.3,38.6,7-8-7,12,434,6
2026/04/07,川崎,4,Ｃ２三 四,1400,ダ,左,重,曇,12,7,10,サンクリュウ,牝,4,54.0,489,6,野畑凌,高月賢,1.8,1,1:32.6,40.3,1-1-1-1,1,489,6
2026/04/07,川崎,4,Ｃ２三 四,1400,ダ,左,重,曇,12,8,12,オリコウパラダイス,牡,4,56.0,475,-11,伊藤裕,安池成,14.0,2,1:32.8,40.3,2-2-2-2,5,475,-11
2026/04/07,川崎,4,Ｃ２三 四,1400,ダ,左,重,曇,12,4,4,ストロンゲスト,牡,7,56.0,501,5,町田直,古澤悟,7.4,3,1:33.7,40.8,8-8-7-5,4,501,5
2026/04/07,川崎,4,Ｃ２三 四,1400,ダ,左,重,曇,12,2,2,シングンアーメット,セ,0,56.0,470,4,西啓太,山崎尋,7.3,4,1:33.7,41.0,6-4-4-3,3,470,4
2026/04/07,川崎,4,Ｃ２三 四,1400,ダ,左,重,曇,12,5,5,アイビージーニー,牡,4,56.0,501,1,藤本現,山崎裕,4.1,5,1:33.8,40.9,6-5-6-5,2,501,1
2026/04/07,川崎,4,Ｃ２三 四,1400,ダ,左,重,曇,12,6,8,ユメデアエタラ,牡,5,56.0,466,-4,岡村健,平山真,34.4,6,1:34.5,41.6,4-5-4-7,8,466,-4
2026/04/07,川崎,4,Ｃ２三 四,1400,ダ,左,重,曇,12,5,6,クラフトキング,牡,4,56.0,447,-2,丹内祐,佐々仁,26.1,7,1:34.5,41.4,9-9-9-8,7,447,-2
2026/04/07,川崎,4,Ｃ２三 四,1400,ダ,左,重,曇,12,8,11,マニーシーン,牝,4,53.0,477,1,佐野遥,高橋宏,21.8,8,1:34.7,42.0,2-2-2-3,6,477,1
2026/04/07,川崎,4,Ｃ２三 四,1400,ダ,左,重,曇,12,7,9,カフェランデブー,牝,5,54.0,471,5,池谷匠,吉橋淳,119.3,9,1:35.9,42.4,9-10-10-9,9,471,5
2026/04/07,川崎,4,Ｃ２三 四,1400,ダ,左,重,曇,12,1,1,シュライバー,牡,4,56.0,472,8,山林信,田邊陽,239.5,10,1:36.1,42.0,12-12-12-12,10,472,8
2026/04/07,川崎,4,Ｃ２三 四,1400,ダ,左,重,曇,12,6,7,カツコノヒヤザケ,牡,4,53.0,437,-1,加藤雄,田島寿,250.5,11,1:36.5,43.6,4-5-7-9,11,437,-1
2026/04/07,川崎,4,Ｃ２三 四,1400,ダ,左,重,曇,12,3,3,クロスダイヤ,牡,4,56.0,488,15,古岡勇,今井輝,379.1,12,1:37.3,44.0,11-10-10-9,12,488,15
2026/04/07,川崎,5,Ｃ２三 四,1400,ダ,左,重,曇,12,6,7,ゼンダントモニ,牡,4,56.0,472,-2,丹内祐,佐々仁,2.1,1,1:32.0,41.9,1-1-1-1,1,472,-2
2026/04/07,川崎,5,Ｃ２三 四,1400,ダ,左,重,曇,12,8,12,エールラヴィクトワ,牝,4,54.0,435,-2,古岡勇,山崎裕,3.1,2,1:32.8,39.7,8-8-6-5,2,435,-2
2026/04/07,川崎,5,Ｃ２三 四,1400,ダ,左,重,曇,12,2,2,ミュークフォルテ,牡,4,53.0,490,-3,加藤雄,山崎尋,63.7,3,1:32.9,40.2,5-4-4-3,9,490,-3
2026/04/07,川崎,5,Ｃ２三 四,1400,ダ,左,重,曇,12,7,9,ワナカ,牝,4,53.0,436,-4,中山遥,薮口一,51.3,4,1:33.1,40.8,3-3-3-3,8,436,-4
2026/04/07,川崎,5,Ｃ２三 四,1400,ダ,左,重,曇,12,7,10,オブラマエストラ,牡,4,56.0,453,1,野畑凌,高橋宏,5.7,5,1:33.6,40.7,4-4-4-5,3,453,1
2026/04/07,川崎,5,Ｃ２三 四,1400,ダ,左,重,曇,12,4,4,キッドストン,牡,5,56.0,524,-3,保園翔,山崎裕,19.3,6,1:33.8,43.3,1-1-2-2,6,524,-3
2026/04/07,川崎,5,Ｃ２三 四,1400,ダ,左,重,曇,12,8,11,リラスカイ,牝,6,53.0,463,0,佐野遥,山崎尋,16.1,7,1:34.1,40.8,9-10-6-7,5,463,0
2026/04/07,川崎,5,Ｃ２三 四,1400,ダ,左,重,曇,12,6,8,マーゴットエクラ,牝,5,54.0,489,6,笹川翼,高月賢,10.9,8,1:34.2,40.9,9-10-10-10,4,489,6
2026/04/07,川崎,5,Ｃ２三 四,1400,ダ,左,重,曇,12,5,6,チャーミングビビ,牝,5,54.0,431,-1,新原周,田邊陽,64.4,9,1:34.7,41.6,5-7-6-7,10,431,-1
2026/04/07,川崎,5,Ｃ２三 四,1400,ダ,左,重,曇,12,5,5,ヒメカグラ,牝,6,54.0,475,3,田中涼,久保秀,122.7,10,1:35.1,41.8,9-8-11-11,11,475,3
2026/04/07,川崎,5,Ｃ２三 四,1400,ダ,左,重,曇,12,3,3,エスパノーラ,牝,4,54.0,492,5,伊藤裕,古澤悟,50.0,11,1:36.0,42.9,5-6-6-7,7,492,5
2026/04/07,川崎,5,Ｃ２三 四,1400,ダ,左,重,曇,12,1,1,コスモフルール,牝,4,54.0,467,2,池谷匠,今井輝,161.2,12,1:36.3,42.6,12-12-12-11,12,467,2
2026/04/07,川崎,6,Ｊ交 ダイヤモンドフラワー賞３歳未格付選,1600,ダ,左,重,曇,10,8,9,ダテオトコ,牡,3,56.0,416,-2,矢野貴,齋藤崇,2.9,1,1:45.8,39.6,3-3-4-2,2,416,-2
2026/04/07,川崎,6,Ｊ交 ダイヤモンドフラワー賞３歳未格付選,1600,ダ,左,重,曇,10,5,5,エアセンチュリー,牡,3,53.0,423,-1,田山旺,新谷功,12.0,2,1:46.1,39.8,5-5-2-4,5,423,-1
2026/04/07,川崎,6,Ｊ交 ダイヤモンドフラワー賞３歳未格付選,1600,ダ,左,重,曇,10,7,8,ロンバルドシチー,牡,3,56.0,442,-8,笹川翼,西園翔,2.0,3,1:46.3,40.3,1-2-1-1,1,442,-8
2026/04/07,川崎,6,Ｊ交 ダイヤモンドフラワー賞３歳未格付選,1600,ダ,左,重,曇,10,1,1,マクシーン,牝,3,54.0,456,-8,野畑凌,平岩大,6.6,4,1:47.2,41.2,1-1-2-2,3,456,-8
2026/04/07,川崎,6,Ｊ交 ダイヤモンドフラワー賞３歳未格付選,1600,ダ,左,重,曇,10,4,4,マイネルアイフェル,牡,3,56.0,508,-8,柴田大,上原博,8.0,5,1:47.8,41.3,5-5-7-5,4,508,-8
2026/04/07,川崎,6,Ｊ交 ダイヤモンドフラワー賞３歳未格付選,1600,ダ,左,重,曇,10,6,6,トモエナゲ,牡,3,56.0,471,1,藤本現,青木孝,32.0,6,1:48.0,41.3,7-7-8-8,6,471,1
2026/04/07,川崎,6,Ｊ交 ダイヤモンドフラワー賞３歳未格付選,1600,ダ,左,重,曇,10,8,10,キイチマイルス,牡,3,56.0,478,2,中越琉,鈴木義,77.7,7,1:48.0,41.7,3-3-6-6,8,478,2
2026/04/07,川崎,6,Ｊ交 ダイヤモンドフラワー賞３歳未格付選,1600,ダ,左,重,曇,10,2,2,サイモングリーマン,牡,3,56.0,470,-2,池谷匠,的場均,144.0,8,1:48.4,41.4,9-9-9-9,10,470,-2
2026/04/07,川崎,6,Ｊ交 ダイヤモンドフラワー賞３歳未格付選,1600,ダ,左,重,曇,10,7,7,ユーヴェル,牝,3,54.0,463,-2,古岡勇,八木喜,60.9,9,1:48.4,41.9,7-8-4-6,7,463,-2
2026/04/07,川崎,6,Ｊ交 ダイヤモンドフラワー賞３歳未格付選,1600,ダ,左,重,曇,10,3,3,ラジスタンロイヤル,牡,3,56.0,440,-7,木間龍,大津剛,110.3,10,1:49.0,41.8,9-9-10-10,9,440,-7
2026/04/07,川崎,7,Ｊ交 エイプリルフラワー賞３歳未格付選定,1500,ダ,左,重,曇,11,7,8,サヨノマックスラブ,牡,3,56.0,462,3,矢野貴,加藤誠,1.7,1,1:37.6,39.9,2-2-2-2,1,462,3
2026/04/07,川崎,7,Ｊ交 エイプリルフラワー賞３歳未格付選定,1500,ダ,左,重,曇,11,8,11,キョウエイハル,牝,3,54.0,452,-2,藤本現,伊坂重,9.1,2,1:37.7,40.3,1-1-1-1,4,452,-2
2026/04/07,川崎,7,Ｊ交 エイプリルフラワー賞３歳未格付選定,1500,ダ,左,重,曇,11,2,2,フレンチブラッサム,牝,3,54.0,433,-11,野中悠,柄崎将,4.9,3,1:37.8,39.7,4-4-5-3,2,433,-11
2026/04/07,川崎,7,Ｊ交 エイプリルフラワー賞３歳未格付選定,1500,ダ,左,重,曇,11,1,1,セントピュアベース,牝,3,54.0,406,4,丹内祐,藤野健,5.7,4,1:38.3,40.1,6-6-3-4,3,406,4
2026/04/07,川崎,7,Ｊ交 エイプリルフラワー賞３歳未格付選定,1500,ダ,左,重,曇,11,4,4,リアンマカ,牡,3,53.0,439,3,和田陽,高橋一,42.9,5,1:39.4,40.5,6-7-7-6,8,439,3
2026/04/07,川崎,7,Ｊ交 エイプリルフラワー賞３歳未格付選定,1500,ダ,左,重,曇,11,7,9,フローラルアーチ,牝,3,54.0,485,-7,武藤雅,武藤善,43.6,6,1:39.7,41.8,2-2-3-6,9,485,-7
2026/04/07,川崎,7,Ｊ交 エイプリルフラワー賞３歳未格付選定,1500,ダ,左,重,曇,11,8,10,ロクノレインボー,牡,3,56.0,452,0,新原周,山崎尋,16.3,7,1:39.7,41.3,4-4-6-6,5,452,0
2026/04/07,川崎,7,Ｊ交 エイプリルフラワー賞３歳未格付選定,1500,ダ,左,重,曇,11,6,6,キイチヘリオス,牡,3,56.0,478,-2,田中涼,鈴木義,242.7,8,1:40.5,41.8,10-8-7-5,11,478,-2
2026/04/07,川崎,7,Ｊ交 エイプリルフラワー賞３歳未格付選定,1500,ダ,左,重,曇,11,3,3,モラール,牝,3,52.0,372,-12,長浜鴻,鈴木慎,34.4,9,1:40.6,41.5,8-9-9-9,7,372,-12
2026/04/07,川崎,7,Ｊ交 エイプリルフラワー賞３歳未格付選定,1500,ダ,左,重,曇,11,6,7,ピルスナー,牝,3,54.0,421,-3,原優介,青木孝,24.7,10,1:41.2,41.8,8-9-10-10,6,421,-3
2026/04/07,川崎,7,Ｊ交 エイプリルフラワー賞３歳未格付選定,1500,ダ,左,重,曇,11,5,5,オールインアリス,牝,3,53.0,370,-7,佐野遥,渋谷博,160.5,11,1:42.3,42.7,10-11-11-10,10,370,-7
2026/04/07,川崎,8,イースター賞Ｃ２選定馬２,1500,ダ,左,重,曇,13,2,2,キミハレモネード,牝,5,54.0,458,4,笹川翼,水野貴,17.5,1,1:39.0,41.7,4-4-4-4,5,458,4
2026/04/07,川崎,8,イースター賞Ｃ２選定馬２,1500,ダ,左,重,曇,13,3,3,タヴァネスタン,牡,4,56.0,500,1,野畑凌,平田正,3.7,2,1:39.0,42.1,1-1-1-1,2,500,1
2026/04/07,川崎,8,イースター賞Ｃ２選定馬２,1500,ダ,左,重,曇,13,6,8,ガウラサンダー,牡,4,56.0,462,-3,矢野貴,高月賢,1.9,3,1:39.1,41.5,7-6-6-6,1,462,-3
2026/04/07,川崎,8,イースター賞Ｃ２選定馬２,1500,ダ,左,重,曇,13,5,6,ユウキヒャクバイ,牡,5,56.0,509,0,新原周,茂木浩,5.8,4,1:39.1,42.0,1-1-3-2,3,509,0
2026/04/07,川崎,8,イースター賞Ｃ２選定馬２,1500,ダ,左,重,曇,13,7,10,シントーハナノラン,牝,7,54.0,464,0,町田直,平田正,22.5,5,1:39.3,41.5,9-8-9-6,6,464,0
2026/04/07,川崎,8,イースター賞Ｃ２選定馬２,1500,ダ,左,重,曇,13,7,11,ムーンライトデイ,牝,5,54.0,471,-10,和田譲,佐々仁,11.7,6,1:39.4,42.5,1-1-1-2,4,471,-10
2026/04/07,川崎,8,イースター賞Ｃ２選定馬２,1500,ダ,左,重,曇,13,4,5,テーオーダムール,牡,5,56.0,518,7,西啓太,川島豊,71.0,7,1:39.5,42.2,4-4-4-4,9,518,7
2026/04/07,川崎,8,イースター賞Ｃ２選定馬２,1500,ダ,左,重,曇,13,4,4,フクノバルトラン,牡,7,56.0,487,0,藤江渉,山田質,209.1,8,1:39.7,40.7,13-13-13-9,13,487,0
2026/04/07,川崎,8,イースター賞Ｃ２選定馬２,1500,ダ,左,重,曇,13,6,9,シュヴァイゲン,牡,5,55.0,511,5,中山遥,久保秀,31.8,9,1:40.4,42.6,7-8-6-6,8,511,5
2026/04/07,川崎,8,イースター賞Ｃ２選定馬２,1500,ダ,左,重,曇,13,1,1,スパローズ,牡,5,56.0,461,-8,野澤憲,佐々清,22.9,10,1:40.8,42.7,10-10-10-11,7,461,-8
2026/04/07,川崎,8,イースター賞Ｃ２選定馬２,1500,ダ,左,重,曇,13,8,13,ナイトダンサー,牡,4,56.0,449,-5,室陽一,吉田正,147.2,11,1:41.1,43.5,4-6-6-9,12,449,-5
2026/04/07,川崎,8,イースター賞Ｃ２選定馬２,1500,ダ,左,重,曇,13,5,7,エクセルブラック,牡,5,56.0,458,-1,増田充,入口由,133.2,12,1:41.4,43.0,12-12-11-12,10,458,-1
2026/04/07,川崎,8,イースター賞Ｃ２選定馬２,1500,ダ,左,重,曇,13,8,12,ワンラヴ,牝,8,54.0,447,1,秋元耕,薮口一,139.5,13,1:41.6,43.2,10-10-11-13,11,447,1
2026/04/07,川崎,9,勇気凛凛賞Ｂ３選定馬,900,ダ,左,重,曇,10,7,8,サンダビューク,牡,7,56.0,473,5,和田譲,野口孝,12.2,1,0:55.3,37.8,3-1-3,4,473,5
2026/04/07,川崎,9,勇気凛凛賞Ｂ３選定馬,900,ダ,左,重,曇,10,8,9,タイセイフランク,牡,4,56.0,495,2,鷹見陸,内田勝,17.9,2,0:55.5,37.4,6-9-10,6,495,2
2026/04/07,川崎,9,勇気凛凛賞Ｂ３選定馬,900,ダ,左,重,曇,10,1,1,アイルプロテクト,牡,5,56.0,537,-4,町田直,高月賢,14.7,3,0:55.6,37.8,3-5-4,5,537,-4
2026/04/07,川崎,9,勇気凛凛賞Ｂ３選定馬,900,ダ,左,重,曇,10,5,5,カンノンアーニモ,牡,5,56.0,457,-3,岡村健,河津裕,2.2,4,0:55.7,37.8,6-6-8,1,457,-3
2026/04/07,川崎,9,勇気凛凛賞Ｂ３選定馬,900,ダ,左,重,曇,10,7,7,ディーズメイト,牝,6,54.0,495,8,矢野貴,高月賢,3.7,5,0:55.9,38.4,1-1-1,2,495,8
2026/04/07,川崎,9,勇気凛凛賞Ｂ３選定馬,900,ダ,左,重,曇,10,6,6,モーモーブラック,牝,8,54.0,435,-1,池谷匠,村田順,50.6,6,0:56.0,38.5,1-1-1,9,435,-1
2026/04/07,川崎,9,勇気凛凛賞Ｂ３選定馬,900,ダ,左,重,曇,10,2,2,ジェネシスミザール,セ,0,56.0,469,-1,仲野光,伊藤滋,102.1,7,0:56.1,38.2,9-8-6,10,469,-1
2026/04/07,川崎,9,勇気凛凛賞Ｂ３選定馬,900,ダ,左,重,曇,10,3,3,トリプルアクセル,牝,9,54.0,494,0,藤本現,山崎裕,31.0,8,0:56.3,38.2,10-9-8,7,494,0
2026/04/07,川崎,9,勇気凛凛賞Ｂ３選定馬,900,ダ,左,重,曇,10,8,10,ソレア,牝,6,56.0,405,-4,野畑凌,新井清,3.9,9,0:56.4,38.9,3-4-5,3,405,-4
2026/04/07,川崎,9,勇気凛凛賞Ｂ３選定馬,900,ダ,左,重,曇,10,4,4,ヒノデミッチー,牡,7,56.0,526,-1,伊藤裕,酒井忍,37.9,10,0:56.6,38.7,6-6-6,8,526,-1
2026/04/07,川崎,10,プロキオン賞Ｂ２Ｂ３選定馬,2000,ダ,左,重,曇,13,5,6,デフィニティーボ,牡,5,57.0,484,-4,矢野貴,佐々仁,3.5,1,2:14.8,40.5,3-3-2-1,1,484,-4
2026/04/07,川崎,10,プロキオン賞Ｂ２Ｂ３選定馬,2000,ダ,左,重,曇,13,4,5,クレシューズ,牡,6,57.0,434,-11,本橋孝,稲益貴,5.4,2,2:15.4,40.3,12-10-12-8,3,434,-11
2026/04/07,川崎,10,プロキオン賞Ｂ２Ｂ３選定馬,2000,ダ,左,重,曇,13,7,10,グロリオサ,牡,6,57.0,444,-7,岡村健,嶋田幸,10.6,3,2:15.4,41.1,5-5-2-3,6,444,-7
2026/04/07,川崎,10,プロキオン賞Ｂ２Ｂ３選定馬,2000,ダ,左,重,曇,13,5,7,ヴィブエアー,牡,7,57.0,497,-2,町田直,内田勝,10.0,4,2:15.9,41.9,1-1-1-2,5,497,-2
2026/04/07,川崎,10,プロキオン賞Ｂ２Ｂ３選定馬,2000,ダ,左,重,曇,13,6,8,トリグラフ,牡,7,57.0,470,7,笹川翼,福田真,14.4,5,2:16.0,41.1,9-9-8-6,8,470,7
2026/04/07,川崎,10,プロキオン賞Ｂ２Ｂ３選定馬,2000,ダ,左,重,曇,13,3,3,イサナ,牡,4,57.0,526,-6,張田昂,林隆之,11.8,6,2:16.1,41.6,3-3-5-4,7,526,-6
2026/04/07,川崎,10,プロキオン賞Ｂ２Ｂ３選定馬,2000,ダ,左,重,曇,13,1,1,ダートレイジング,牡,6,55.0,495,-11,西啓太,加藤誠,41.2,7,2:16.7,42.0,6-5-8-6,9,495,-11
2026/04/07,川崎,10,プロキオン賞Ｂ２Ｂ３選定馬,2000,ダ,左,重,曇,13,2,2,ヘニーズネフュー,牡,5,55.0,477,-6,新原周,鈴木義,4.6,8,2:16.9,42.0,10-10-8-10,2,477,-6
2026/04/07,川崎,10,プロキオン賞Ｂ２Ｂ３選定馬,2000,ダ,左,重,曇,13,8,12,エーヴベリー,牝,6,55.0,496,-6,吉留孝,平山真,68.2,9,2:17.3,42.2,10-10-11-11,11,496,-6
2026/04/07,川崎,10,プロキオン賞Ｂ２Ｂ３選定馬,2000,ダ,左,重,曇,13,4,4,デーレーチョップ,牡,4,54.0,488,0,佐野遥,鈴木義,46.1,10,2:17.7,43.0,6-5-5-5,10,488,0
2026/04/07,川崎,10,プロキオン賞Ｂ２Ｂ３選定馬,2000,ダ,左,重,曇,13,6,9,セレニアサミット,牝,4,55.0,442,4,池谷匠,田島寿,104.9,11,2:18.1,43.4,8-8-5-8,12,442,4
2026/04/07,川崎,10,プロキオン賞Ｂ２Ｂ３選定馬,2000,ダ,左,重,曇,13,7,11,パイロビーム,牡,5,57.0,457,-6,野畑凌,田邊陽,6.8,12,2:19.2,44.9,2-2-4-12,4,457,-6
2026/04/07,川崎,10,プロキオン賞Ｂ２Ｂ３選定馬,2000,ダ,左,重,曇,13,8,13,ロイヤルザップ,牡,7,56.0,503,1,中山遥,酒井一,161.9,,,,13-13-13-13,13,503,1
2026/04/07,川崎,11,クラウンカップ３歳オープン,1600,ダ,左,重,曇,14,3,3,シーテープ,牡,3,56.0,478,1,矢野貴,佐野謙,1.5,1,1:44.1,40.2,4-4-4-5,1,478,1
2026/04/07,川崎,11,クラウンカップ３歳オープン,1600,ダ,左,重,曇,14,5,8,オリジナルパターン,牡,3,54.0,513,-3,丹内祐,小久智,9.7,2,1:44.4,41.7,1-1-1-1,4,513,-3
2026/04/07,川崎,11,クラウンカップ３歳オープン,1600,ダ,左,重,曇,14,7,11,ララメテオ,牡,3,54.0,445,1,池谷匠,酒井忍,34.2,3,1:44.6,40.0,11-11-7-7,7,445,1
2026/04/07,川崎,11,クラウンカップ３歳オープン,1600,ダ,左,重,曇,14,8,13,コンヨバンコク,牡,3,54.0,467,-4,西啓太,齊藤敏,29.5,4,1:44.8,41.2,2-2-2-3,6,467,-4
2026/04/07,川崎,11,クラウンカップ３歳オープン,1600,ダ,左,重,曇,14,6,10,クリムゾンプリンス,牡,3,54.0,458,2,野畑凌,甲田悟,39.6,5,1:44.9,41.4,2-2-2-2,8,458,2
2026/04/07,川崎,11,クラウンカップ３歳オープン,1600,ダ,左,重,曇,14,8,14,ジーティートレイン,牡,3,54.0,482,1,和田譲,中道啓,51.7,6,1:45.0,40.7,6-8-6-6,10,482,1
2026/04/07,川崎,11,クラウンカップ３歳オープン,1600,ダ,左,重,曇,14,2,2,オリコウエルドラド,牡,3,54.0,456,-5,佐野遥,安池成,73.1,7,1:45.4,40.8,11-11-10-8,11,456,-5
2026/04/07,川崎,11,クラウンカップ３歳オープン,1600,ダ,左,重,曇,14,5,7,ヤギリアイビス,牡,3,54.0,492,0,張田昂,張田京,7.9,8,1:45.6,40.7,11-11-10-10,3,492,0
2026/04/07,川崎,11,クラウンカップ３歳オープン,1600,ダ,左,重,曇,14,4,6,ロードレイジング,牡,3,56.0,453,13,古岡勇,加藤誠,26.5,9,1:46.8,41.9,14-14-13-11,5,453,13
2026/04/07,川崎,11,クラウンカップ３歳オープン,1600,ダ,左,重,曇,14,1,1,グルーヴィン,牡,3,54.0,436,-2,笹川翼,小久智,5.2,10,1:46.8,43.0,4-4-4-3,2,436,-2
2026/04/07,川崎,11,クラウンカップ３歳オープン,1600,ダ,左,重,曇,14,3,4,モコパンチ,牡,3,56.0,465,-5,秋元耕,矢野義,92.3,11,1:46.9,42.3,9-9-10-12,12,465,-5
2026/04/07,川崎,11,クラウンカップ３歳オープン,1600,ダ,左,重,曇,14,7,12,ミノリクン,牡,3,54.0,488,5,岡村健,甲田悟,432.2,12,1:47.9,43.0,9-9-13-14,14,488,5
2026/04/07,川崎,11,クラウンカップ３歳オープン,1600,ダ,左,重,曇,14,6,9,フェイティアン,牡,3,54.0,465,-2,藤江渉,山田質,319.6,13,1:47.9,43.6,7-6-7-8,13,465,-2
2026/04/07,川崎,11,クラウンカップ３歳オープン,1600,ダ,左,重,曇,14,4,5,バレンタインギフト,牡,3,54.0,460,5,町田直,茂木浩,46.0,14,1:49.2,44.9,7-6-7-12,9,460,5
2026/04/07,川崎,12,桜草賞Ｃ１選定馬,1500,ダ,左,重,曇,14,7,12,ジーティーカイソク,牡,4,56.0,483,9,笹川翼,山崎尋,4.2,1,1:38.2,40.6,7-7-5-2,2,483,9
2026/04/07,川崎,12,桜草賞Ｃ１選定馬,1500,ダ,左,重,曇,14,3,4,ラウレア,牝,4,54.0,464,10,中越琉,佐藤博,16.2,2,1:39.0,40.7,12-11-8-5,6,464,10
2026/04/07,川崎,12,桜草賞Ｃ１選定馬,1500,ダ,左,重,曇,14,8,13,エスプリゴンザレス,牡,6,55.0,486,-1,佐野遥,久保秀,12.9,3,1:39.1,41.5,4-4-1-4,4,486,-1
2026/04/07,川崎,12,桜草賞Ｃ１選定馬,1500,ダ,左,重,曇,14,6,10,ゼンソレイユ,牝,4,54.0,406,2,張田昂,大津剛,18.5,4,1:39.3,41.2,10-8-8-5,7,406,2
2026/04/07,川崎,12,桜草賞Ｃ１選定馬,1500,ダ,左,重,曇,14,3,3,ノーブルクリード,牡,4,56.0,526,-4,櫻井光,田邊陽,39.1,5,1:39.4,40.9,10-11-11-9,11,526,-4
2026/04/07,川崎,12,桜草賞Ｃ１選定馬,1500,ダ,左,重,曇,14,8,14,ペータース,牝,5,54.0,445,-3,西啓太,加藤誠,5.7,6,1:39.5,41.6,6-5-7-9,3,445,-3
2026/04/07,川崎,12,桜草賞Ｃ１選定馬,1500,ダ,左,重,曇,14,6,9,マルモリアクティブ,牝,4,54.0,454,0,野畑凌,甲田悟,2.3,7,1:39.7,42.4,1-1-1-1,1,454,0
2026/04/07,川崎,12,桜草賞Ｃ１選定馬,1500,ダ,左,重,曇,14,1,1,アリハッピー,牝,5,54.0,444,-7,新原周,安池成,64.9,8,1:39.8,41.7,9-10-10-9,12,444,-7
2026/04/07,川崎,12,桜草賞Ｃ１選定馬,1500,ダ,左,重,曇,14,2,2,カネトシシュキン,牡,6,56.0,482,-3,丹内祐,佐々仁,27.8,9,1:39.8,42.3,5-5-1-2,9,482,-3
2026/04/07,川崎,12,桜草賞Ｃ１選定馬,1500,ダ,左,重,曇,14,5,8,タッカーバリアント,牡,4,56.0,493,4,古岡勇,田島寿,15.6,10,1:40.2,42.4,7-8-5-5,5,493,4
2026/04/07,川崎,12,桜草賞Ｃ１選定馬,1500,ダ,左,重,曇,14,4,6,ジュウニントイロ,牝,4,54.0,488,7,藤江渉,平田正,20.8,11,1:41.6,44.3,2-2-1-5,8,488,7
2026/04/07,川崎,12,桜草賞Ｃ１選定馬,1500,ダ,左,重,曇,14,4,5,ショウナンマンテン,牝,5,54.0,421,15,岡村裕,武井和,34.3,12,1:43.1,45.2,3-3-11-12,10,421,15
2026/04/07,川崎,12,桜草賞Ｃ１選定馬,1500,ダ,左,重,曇,14,5,7,メイショウマチルダ,牝,4,54.0,0,0,山林信,村田順,,,,,,,0,0
2026/04/07,川崎,12,桜草賞Ｃ１選定馬,1500,ダ,左,重,曇,14,7,11,モジモジ,牡,4,53.0,0,0,加藤雄,安池成,,,,,,,0,0
2026/04/08,川崎,1,枡形山賞Ｃ３選定馬,1500,ダ,左,重,晴,12,2,2,パーティーキング,牡,6,56.0,489,0,古岡勇,田邊陽,62.4,1,1:38.5,40.7,3-3-3-4,7,489,0
2026/04/08,川崎,1,枡形山賞Ｃ３選定馬,1500,ダ,左,重,晴,12,8,12,エルキーオ,牡,5,56.0,516,-1,野畑凌,佐藤博,2.5,2,1:38.9,41.3,1-1-1-1,2,516,-1
2026/04/08,川崎,1,枡形山賞Ｃ３選定馬,1500,ダ,左,重,晴,12,5,6,トミサンペガサス,牝,6,54.0,485,0,中越琉,村田六,29.5,3,1:39.1,41.1,6-6-3-1,5,485,0
2026/04/08,川崎,1,枡形山賞Ｃ３選定馬,1500,ダ,左,重,晴,12,4,4,ファイアーワークス,牡,4,56.0,598,0,吉原寛,林隆之,1.9,4,1:39.1,41.7,1-1-1-1,1,598,0
2026/04/08,川崎,1,枡形山賞Ｃ３選定馬,1500,ダ,左,重,晴,12,1,1,ヘウレシス,牝,6,54.0,445,9,町田直,茂木浩,6.1,5,1:39.3,41.3,6-6-6-6,3,445,9
2026/04/08,川崎,1,枡形山賞Ｃ３選定馬,1500,ダ,左,重,晴,12,6,7,アナザームーン,牡,6,56.0,483,1,岡村健,齊藤敏,11.4,6,1:39.3,41.5,3-3-3-4,4,483,1
2026/04/08,川崎,1,枡形山賞Ｃ３選定馬,1500,ダ,左,重,晴,12,5,5,ラフォンターナ,牡,5,56.0,535,1,岡村裕,山田正,350.7,7,1:40.0,41.7,9-8-7-7,12,535,1
2026/04/08,川崎,1,枡形山賞Ｃ３選定馬,1500,ダ,左,重,晴,12,6,8,ミサイルビスケッツ,牝,6,53.0,419,5,中山遥,今井輝,29.9,8,1:41.0,41.9,10-11-10-9,6,419,5
2026/04/08,川崎,1,枡形山賞Ｃ３選定馬,1500,ダ,左,重,晴,12,8,11,ニシノテンカフブ,牡,6,56.0,471,0,吉留孝,吉田正,228.5,9,1:41.6,42.2,12-12-12-11,9,471,0
2026/04/08,川崎,1,枡形山賞Ｃ３選定馬,1500,ダ,左,重,晴,12,3,3,ユウユウアイリス,牝,5,54.0,463,0,秋元耕,酒井一,252.2,10,1:41.6,42.7,10-10-8-8,11,463,0
2026/04/08,川崎,1,枡形山賞Ｃ３選定馬,1500,ダ,左,重,晴,12,7,9,タマモコンペイトウ,牝,6,52.0,458,-5,中島良,川島豊,230.6,11,1:41.9,43.0,6-8-10-10,10,458,-5
2026/04/08,川崎,1,枡形山賞Ｃ３選定馬,1500,ダ,左,重,晴,12,7,10,ラピッドフロウ,牝,8,54.0,422,1,増田充,今井輝,157.4,12,1:42.0,43.4,3-5-8-11,8,422,1
2026/04/08,川崎,2,アルコンスィエル賞３歳未格付選定馬,900,ダ,左,重,晴,12,7,10,マーベラスティアラ,牝,3,53.0,456,14,野畑凌,茂木浩,4.0,1,0:55.6,38.0,1-3-2,2,456,14
2026/04/08,川崎,2,アルコンスィエル賞３歳未格付選定馬,900,ダ,左,重,晴,12,2,2,ブリットポップ,牡,3,56.0,414,11,新原周,山崎裕,1.6,2,0:55.6,38.5,1-1-1,1,414,11
2026/04/08,川崎,2,アルコンスィエル賞３歳未格付選定馬,900,ダ,左,重,晴,12,5,6,ナナミ,牝,3,54.0,443,1,笹川翼,高月賢,6.2,3,0:56.4,39.1,1-1-2,3,443,1
2026/04/08,川崎,2,アルコンスィエル賞３歳未格付選定馬,900,ダ,左,重,晴,12,8,11,ミスターベラミー,牡,3,56.0,453,-1,櫻井光,山崎尋,19.4,4,0:56.5,38.7,4-4-4,5,453,-1
2026/04/08,川崎,2,アルコンスィエル賞３歳未格付選定馬,900,ダ,左,重,晴,12,7,9,プレストジャンヌ,牝,3,53.0,413,0,張田昂,高橋宏,10.2,5,0:57.2,39.4,6-5-4,4,413,0
2026/04/08,川崎,2,アルコンスィエル賞３歳未格付選定馬,900,ダ,左,重,晴,12,3,3,ディーズメソッド,牝,3,54.0,492,-4,町田直,内田勝,24.0,6,0:57.3,39.0,6-9-9,6,492,-4
2026/04/08,川崎,2,アルコンスィエル賞３歳未格付選定馬,900,ダ,左,重,晴,12,6,7,アウフタクト,牝,3,53.0,425,8,池谷匠,山田質,63.4,7,0:57.3,38.6,10-9-9,7,425,8
2026/04/08,川崎,2,アルコンスィエル賞３歳未格付選定馬,900,ダ,左,重,晴,12,1,1,グロースフロイデ,牝,3,53.0,409,-6,田中涼,山田質,224.6,8,0:57.8,40.0,4-5-4,11,409,-6
2026/04/08,川崎,2,アルコンスィエル賞３歳未格付選定馬,900,ダ,左,重,晴,12,8,12,カネトシライパー,牡,3,55.0,442,2,山林信,佐々仁,94.9,9,0:57.8,39.5,9-7-8,8,442,2
2026/04/08,川崎,2,アルコンスィエル賞３歳未格付選定馬,900,ダ,左,重,晴,12,6,8,メロウアイズテオ,牡,3,55.0,429,-1,藤江渉,今井輝,165.6,10,0:58.1,38.8,12-12-11,10,429,-1
2026/04/08,川崎,2,アルコンスィエル賞３歳未格付選定馬,900,ダ,左,重,晴,12,5,5,カミノリメイン,牝,3,53.0,390,-4,木間龍,田島寿,309.9,11,0:58.4,39.7,10-9-11,12,390,-4
2026/04/08,川崎,2,アルコンスィエル賞３歳未格付選定馬,900,ダ,左,重,晴,12,4,4,ムジークヘーレン,牝,3,50.0,412,0,加藤雄,平田正,108.0,12,0:58.6,40.6,6-7-7,9,412,0
2026/04/08,川崎,3,黄連雀賞３歳３,1500,ダ,左,稍重,晴,10,7,8,ブラックトルマリン,牡,3,56.0,457,-6,矢野貴,高月賢,1.7,1,1:38.9,40.1,2-2-1-2,1,457,-6
2026/04/08,川崎,3,黄連雀賞３歳３,1500,ダ,左,稍重,晴,10,2,2,ラーマ,牡,3,56.0,516,2,吉原寛,内田勝,4.2,2,1:39.1,40.1,4-3-3-2,2,516,2
2026/04/08,川崎,3,黄連雀賞３歳３,1500,ダ,左,稍重,晴,10,8,10,インフェルレーヴ,牡,3,56.0,438,2,増田充,田島寿,27.5,3,1:39.3,39.9,5-5-5-5,6,438,2
2026/04/08,川崎,3,黄連雀賞３歳３,1500,ダ,左,稍重,晴,10,7,7,タツノスペシャル,牡,3,56.0,435,-5,笹川翼,田邊陽,7.2,4,1:39.3,39.7,7-5-6-5,4,435,-5
2026/04/08,川崎,3,黄連雀賞３歳３,1500,ダ,左,稍重,晴,10,8,9,カガヤクネガイ,牡,3,56.0,453,4,町田直,平田正,5.1,5,1:39.3,40.2,3-3-3-4,3,453,4
2026/04/08,川崎,3,黄連雀賞３歳３,1500,ダ,左,稍重,晴,10,1,1,バルカロール,牝,3,54.0,437,3,櫻井光,藤原智,99.5,6,1:39.8,41.2,1-1-1-1,8,437,3
2026/04/08,川崎,3,黄連雀賞３歳３,1500,ダ,左,稍重,晴,10,5,5,ジーカンピオーネ,牝,3,54.0,401,6,和田譲,鈴木義,22.9,7,1:40.6,40.2,9-9-8-8,5,401,6
2026/04/08,川崎,3,黄連雀賞３歳３,1500,ダ,左,稍重,晴,10,4,4,オーバーユー,牡,3,56.0,470,6,西啓太,河津裕,55.7,8,1:40.7,40.7,8-8-7-7,7,470,6
2026/04/08,川崎,3,黄連雀賞３歳３,1500,ダ,左,稍重,晴,10,3,3,ソルヴェイ,牝,3,54.0,405,1,川島正,岩崎真,161.5,9,1:41.7,41.4,5-7-8-9,9,405,1
2026/04/08,川崎,3,黄連雀賞３歳３,1500,ダ,左,稍重,晴,10,6,6,ラスールフルール,牝,3,54.0,0,0,本田重,山田質,,,,,,,0,0
2026/04/08,川崎,4,鶯特別３歳１,1400,ダ,左,稍重,晴,6,1,1,アゲハシンワ,牡,3,56.0,491,8,西啓太,秋山直,6.3,1,1:31.4,38.9,4-3-4-2,3,491,8
2026/04/08,川崎,4,鶯特別３歳１,1400,ダ,左,稍重,晴,6,5,5,マッスル,牡,3,57.0,474,5,笹川翼,繁田健,2.0,2,1:31.4,38.7,4-5-5-4,1,474,5
2026/04/08,川崎,4,鶯特別３歳１,1400,ダ,左,稍重,晴,6,2,2,ドリームファイター,牡,3,57.0,504,-1,安藤洋,小久智,2.2,3,1:31.7,39.5,1-1-1-1,2,504,-1
2026/04/08,川崎,4,鶯特別３歳１,1400,ダ,左,稍重,晴,6,4,4,デーレーシトロン,牡,3,57.0,438,-3,本橋孝,鈴木義,19.7,4,1:32.2,39.7,3-3-3-4,5,438,-3
2026/04/08,川崎,4,鶯特別３歳１,1400,ダ,左,稍重,晴,6,3,3,ギフテッドクィーン,牝,3,54.0,478,2,増田充,鈴木義,11.0,5,1:32.2,39.9,1-1-1-2,4,478,2
2026/04/08,川崎,4,鶯特別３歳１,1400,ダ,左,稍重,晴,6,6,6,サンエイタロー,牡,3,56.0,467,1,佐野遥,高月賢,57.6,6,1:33.0,40.0,6-6-6-6,6,467,1
2026/04/08,川崎,5,橘樹官衛賞Ｃ２五 六,1400,ダ,左,稍重,晴,12,5,6,フレイム,牡,4,56.0,507,-11,野畑凌,佐藤博,1.7,1,1:32.0,40.2,1-1-1-1,1,507,-11
2026/04/08,川崎,5,橘樹官衛賞Ｃ２五 六,1400,ダ,左,稍重,晴,12,6,7,マルゼンスキーツー,牡,5,56.0,495,-7,張田昂,今井輝,9.5,2,1:33.3,41.0,2-4-5-2,3,495,-7
2026/04/08,川崎,5,橘樹官衛賞Ｃ２五 六,1400,ダ,左,稍重,晴,12,2,2,クリノノヴァエ,牡,4,56.0,497,3,池谷匠,山崎裕,64.1,3,1:33.6,40.9,9-9-9-9,9,497,3
2026/04/08,川崎,5,橘樹官衛賞Ｃ２五 六,1400,ダ,左,稍重,晴,12,1,1,セレナス,牝,4,54.0,413,2,櫻井光,久保秀,16.9,4,1:33.7,40.8,9-9-11-6,5,413,2
2026/04/08,川崎,5,橘樹官衛賞Ｃ２五 六,1400,ダ,左,稍重,晴,12,8,12,ジーティーラピッド,牡,4,56.0,461,-5,笹川翼,高月賢,3.2,5,1:33.7,41.6,2-3-1-2,2,461,-5
2026/04/08,川崎,5,橘樹官衛賞Ｃ２五 六,1400,ダ,左,稍重,晴,12,7,10,イクノオリンピア,牡,5,56.0,453,7,菅原涼,佐々仁,21.9,6,1:33.9,41.6,7-4-4-4,6,453,7
2026/04/08,川崎,5,橘樹官衛賞Ｃ２五 六,1400,ダ,左,稍重,晴,12,3,3,キタノアマポーラ,牝,5,53.0,441,-5,中山遥,工藤伸,25.8,7,1:34.4,41.7,6-7-10-9,7,441,-5
2026/04/08,川崎,5,橘樹官衛賞Ｃ２五 六,1400,ダ,左,稍重,晴,12,8,11,クリノフローレンス,牝,4,54.0,458,-3,藤江渉,八木喜,14.3,8,1:34.6,42.3,2-4-5-5,4,458,-3
2026/04/08,川崎,5,橘樹官衛賞Ｃ２五 六,1400,ダ,左,稍重,晴,12,5,5,シンキングモヒート,牡,5,56.0,468,-4,半澤慶,宇野博,45.9,9,1:34.7,42.4,7-7-5-6,8,468,-4
2026/04/08,川崎,5,橘樹官衛賞Ｃ２五 六,1400,ダ,左,稍重,晴,12,4,4,コミックガール,牝,5,54.0,426,-5,中越琉,久保勇,179.4,10,1:36.3,43.1,12-12-11-11,11,426,-5
2026/04/08,川崎,5,橘樹官衛賞Ｃ２五 六,1400,ダ,左,稍重,晴,12,7,9,フロレシミエント,牝,4,51.0,423,1,加藤雄,村田順,193.0,11,1:36.4,44.5,2-1-1-6,12,423,1
2026/04/08,川崎,5,橘樹官衛賞Ｃ２五 六,1400,ダ,左,稍重,晴,12,6,8,カンナギ,牝,4,54.0,417,0,町田直,平田正,68.8,12,1:36.7,44.2,9-9-5-11,10,417,0
2026/04/08,川崎,6,夢見ヶ崎賞Ｃ２五 六,1400,ダ,左,稍重,晴,12,3,3,サウスオブロンドン,牡,4,56.0,492,2,鷹見陸,佐々仁,5.3,1,1:33.4,41.7,1-1-1-1,2,492,2
2026/04/08,川崎,6,夢見ヶ崎賞Ｃ２五 六,1400,ダ,左,稍重,晴,12,6,7,ライヴバフィ,牡,4,56.0,477,7,矢野貴,高月賢,1.6,2,1:33.4,39.5,10-10-8-7,1,477,7
2026/04/08,川崎,6,夢見ヶ崎賞Ｃ２五 六,1400,ダ,左,稍重,晴,12,4,4,メイショウフェリオ,牝,6,51.0,453,9,加藤雄,武井和,44.6,3,1:33.6,40.9,4-4-4-3,7,453,9
2026/04/08,川崎,6,夢見ヶ崎賞Ｃ２五 六,1400,ダ,左,稍重,晴,12,8,12,ウインプリームス,牝,6,53.0,436,-4,佐野遥,吉橋淳,5.8,4,1:33.9,41.6,3-3-3-4,3,436,-4
2026/04/08,川崎,6,夢見ヶ崎賞Ｃ２五 六,1400,ダ,左,稍重,晴,12,2,2,ベラヴィットーリア,牝,4,54.0,526,5,櫻井光,佐藤博,10.9,5,1:33.9,42.2,1-1-1-1,4,526,5
2026/04/08,川崎,6,夢見ヶ崎賞Ｃ２五 六,1400,ダ,左,稍重,晴,12,8,11,マロンルピナス,牝,6,54.0,428,-1,池谷匠,村田順,11.2,6,1:34.6,40.7,8-8-8-11,5,428,-1
2026/04/08,川崎,6,夢見ヶ崎賞Ｃ２五 六,1400,ダ,左,稍重,晴,12,1,1,ボヌールネージュ,牝,4,54.0,471,6,古岡勇,内田勝,144.6,7,1:34.6,41.1,6-6-6-5,11,471,6
2026/04/08,川崎,6,夢見ヶ崎賞Ｃ２五 六,1400,ダ,左,稍重,晴,12,7,10,プリヤンカー,牝,4,52.0,476,0,中島良,小林真,92.1,8,1:34.6,41.3,5-5-5-5,9,476,0
2026/04/08,川崎,6,夢見ヶ崎賞Ｃ２五 六,1400,ダ,左,稍重,晴,12,5,5,ルミナヴィクター,牡,4,55.0,460,3,中山遥,川島豊,44.2,9,1:34.8,40.9,10-10-8-7,6,460,3
2026/04/08,川崎,6,夢見ヶ崎賞Ｃ２五 六,1400,ダ,左,稍重,晴,12,6,8,オトコユメラク,牡,4,56.0,478,7,増田充,山崎裕,143.6,10,1:34.8,40.9,8-8-11-7,10,478,7
2026/04/08,川崎,6,夢見ヶ崎賞Ｃ２五 六,1400,ダ,左,稍重,晴,12,7,9,マロンフエルテ,牝,7,54.0,454,-3,張田昂,久保勇,146.0,11,1:35.9,42.2,6-7-6-10,12,454,-3
2026/04/08,川崎,6,夢見ヶ崎賞Ｃ２五 六,1400,ダ,左,稍重,晴,12,5,6,ラインフェルネ,牝,4,54.0,430,-1,七夕裕,野口孝,90.3,12,1:37.4,43.1,12-12-12-12,8,430,-1
2026/04/08,川崎,7,丸子の渡し賞Ｃ１選定馬,900,ダ,左,稍重,晴,12,7,9,クリノウィリアム,牡,4,56.0,460,-1,櫻井光,水上直,2.4,1,0:54.9,37.3,6-1-3,1,460,-1
2026/04/08,川崎,7,丸子の渡し賞Ｃ１選定馬,900,ダ,左,稍重,晴,12,8,12,サラサエンペラー,牡,4,56.0,492,3,町田直,内田勝,4.4,2,0:55.3,37.4,8-1-3,3,492,3
2026/04/08,川崎,7,丸子の渡し賞Ｃ１選定馬,900,ダ,左,稍重,晴,12,5,5,マジュツシカエル,セ,0,56.0,491,-4,七夕裕,工藤伸,9.6,3,0:55.7,38.1,3-1-1,5,491,-4
2026/04/08,川崎,7,丸子の渡し賞Ｃ１選定馬,900,ダ,左,稍重,晴,12,8,11,スイッチオン,牡,6,56.0,489,-6,野畑凌,鈴木義,3.8,4,0:55.9,37.3,11-8-6,2,489,-6
2026/04/08,川崎,7,丸子の渡し賞Ｃ１選定馬,900,ダ,左,稍重,晴,12,5,6,グァンバーレ,牝,4,54.0,430,-2,古岡勇,村田順,46.6,5,0:55.9,38.2,3-5-5,8,430,-2
2026/04/08,川崎,7,丸子の渡し賞Ｃ１選定馬,900,ダ,左,稍重,晴,12,2,2,ザゴリ,牝,4,51.0,410,0,加藤雄,山田質,72.8,6,0:55.9,38.3,1-1-1,10,410,0
2026/04/08,川崎,7,丸子の渡し賞Ｃ１選定馬,900,ダ,左,稍重,晴,12,4,4,モーニングタンポポ,牝,4,54.0,409,-4,赤津和,箕輪武,126.8,7,0:56.4,38.5,6-9-8,11,409,-4
2026/04/08,川崎,7,丸子の渡し賞Ｃ１選定馬,900,ダ,左,稍重,晴,12,1,1,シルヴァーリップ,牝,5,54.0,424,-7,伊藤裕,林隆之,26.9,8,0:56.6,39.0,1-7-6,6,424,-7
2026/04/08,川崎,7,丸子の渡し賞Ｃ１選定馬,900,ダ,左,稍重,晴,12,6,8,ビナハイフォン,牝,4,54.0,498,-5,岡村健,酒井一,55.0,9,0:56.6,38.2,8-11-12,9,498,-5
2026/04/08,川崎,7,丸子の渡し賞Ｃ１選定馬,900,ダ,左,稍重,晴,12,3,3,ルミナヴァル,牝,4,54.0,476,-1,新原周,高月賢,8.2,10,0:57.3,39.2,11-11-10,4,476,-1
2026/04/08,川崎,7,丸子の渡し賞Ｃ１選定馬,900,ダ,左,稍重,晴,12,7,10,ゴールドサイカ,牝,4,54.0,438,2,増田充,河津裕,204.3,11,0:57.5,39.3,8-9-10,12,438,2
2026/04/08,川崎,7,丸子の渡し賞Ｃ１選定馬,900,ダ,左,稍重,晴,12,6,7,ヒューマンライツ,牡,5,56.0,519,9,岡村裕,久保秀,40.6,12,0:58.1,40.2,3-5-8,7,519,9
2026/04/08,川崎,8,頬白賞３歳２,1500,ダ,左,稍重,晴,13,1,1,アウフグース,牡,3,56.0,461,-2,本田重,小久智,2.8,1,1:36.8,40.0,1-1-1-1,1,461,-2
2026/04/08,川崎,8,頬白賞３歳２,1500,ダ,左,稍重,晴,13,4,5,タフコール,牡,3,56.0,473,4,和田譲,小久智,4.7,2,1:37.8,40.8,2-2-2-2,3,473,4
2026/04/08,川崎,8,頬白賞３歳２,1500,ダ,左,稍重,晴,13,3,3,トリル,牡,3,56.0,442,6,池谷匠,山崎尋,97.1,3,1:38.8,41.4,3-3-5-3,9,442,6
2026/04/08,川崎,8,頬白賞３歳２,1500,ダ,左,稍重,晴,13,5,6,デーレーハンサム,牡,3,56.0,483,-3,新原周,鈴木義,17.8,4,1:38.9,41.3,5-5-5-4,6,483,-3
2026/04/08,川崎,8,頬白賞３歳２,1500,ダ,左,稍重,晴,13,6,8,バスクレヒオン,牡,3,56.0,494,12,西啓太,加藤誠,3.4,5,1:39.0,40.8,9-8-10-9,2,494,12
2026/04/08,川崎,8,頬白賞３歳２,1500,ダ,左,稍重,晴,13,5,7,アマビリティ,牝,3,51.0,454,1,加藤雄,河津裕,116.5,6,1:39.3,41.2,7-8-8-10,11,454,1
2026/04/08,川崎,8,頬白賞３歳２,1500,ダ,左,稍重,晴,13,7,10,マルーンドライブ,牡,3,56.0,459,-3,町田直,長友豊,7.7,7,1:39.4,42.0,5-5-4-4,4,459,-3
2026/04/08,川崎,8,頬白賞３歳２,1500,ダ,左,稍重,晴,13,4,4,ピカレスクヒーロー,牡,3,55.0,449,-7,佐野遥,高月賢,106.2,8,1:39.6,41.7,7-5-8-7,10,449,-7
2026/04/08,川崎,8,頬白賞３歳２,1500,ダ,左,稍重,晴,13,2,2,シシフンジン,牡,3,56.0,460,5,鷹見陸,佐々仁,46.9,9,1:39.8,40.9,12-12-11-11,8,460,5
2026/04/08,川崎,8,頬白賞３歳２,1500,ダ,左,稍重,晴,13,7,11,ケツァールアズール,牡,3,56.0,487,-5,中越琉,佐藤博,30.7,10,1:39.9,42.7,3-3-2-4,7,487,-5
2026/04/08,川崎,8,頬白賞３歳２,1500,ダ,左,稍重,晴,13,8,12,ブルムーンストーン,牡,3,56.0,476,-4,古岡勇,甲田悟,202.0,11,1:40.0,40.8,13-13-13-13,13,476,-4
2026/04/08,川崎,8,頬白賞３歳２,1500,ダ,左,稍重,晴,13,8,13,スマートラスター,牝,3,54.0,455,-1,矢野貴,高月賢,8.7,12,1:40.2,42.3,9-10-7-7,5,455,-1
2026/04/08,川崎,8,頬白賞３歳２,1500,ダ,左,稍重,晴,13,6,9,ジーベローチェ,牝,3,54.0,474,0,田中涼,鈴木義,141.7,13,1:40.2,41.6,9-11-11-12,12,474,0
2026/04/08,川崎,9,猛虎特別Ｃ１選定馬,2000,ダ,左,稍重,晴,14,3,4,ジュンビクトワール,牡,4,56.0,507,-13,保園翔,水上直,3.9,1,2:16.1,42.2,1-1-1-1,3,507,-13
2026/04/08,川崎,9,猛虎特別Ｃ１選定馬,2000,ダ,左,稍重,晴,14,7,12,ウォーアンセム,牡,4,56.0,464,-4,岡村健,小久智,23.9,2,2:16.5,40.4,12-11-7-4,5,464,-4
2026/04/08,川崎,9,猛虎特別Ｃ１選定馬,2000,ダ,左,稍重,晴,14,4,5,ハクシュ,牡,5,56.0,513,-6,吉原寛,林隆之,2.5,3,2:16.5,40.8,6-6-7-4,1,513,-6
2026/04/08,川崎,9,猛虎特別Ｃ１選定馬,2000,ダ,左,稍重,晴,14,1,1,イモルテル,セ,0,56.0,515,5,笹川翼,平田正,10.7,4,2:16.7,41.2,4-4-4-2,4,515,5
2026/04/08,川崎,9,猛虎特別Ｃ１選定馬,2000,ダ,左,稍重,晴,14,6,10,ビルドラポール,牡,6,56.0,524,-1,本田重,河津裕,34.0,5,2:17.4,41.7,9-9-4-4,6,524,-1
2026/04/08,川崎,9,猛虎特別Ｃ１選定馬,2000,ダ,左,稍重,晴,14,5,7,ウインメラナイト,牡,5,56.0,510,-1,古岡勇,古澤悟,37.0,6,2:17.9,41.8,11-11-11-11,7,510,-1
2026/04/08,川崎,9,猛虎特別Ｃ１選定馬,2000,ダ,左,稍重,晴,14,4,6,タケルサバイバル,牡,4,56.0,524,4,矢野貴,内田勝,2.8,7,2:17.9,42.6,3-2-2-2,2,524,4
2026/04/08,川崎,9,猛虎特別Ｃ１選定馬,2000,ダ,左,稍重,晴,14,6,9,ミスサラワク,牝,5,53.0,533,1,佐野遥,鈴木義,52.6,8,2:18.0,41.6,13-13-11-9,8,533,1
2026/04/08,川崎,9,猛虎特別Ｃ１選定馬,2000,ダ,左,稍重,晴,14,3,3,ヴィントシュティレ,牝,5,54.0,482,-3,櫻井光,古澤悟,174.9,9,2:18.4,42.6,8-7-9-7,12,482,-3
2026/04/08,川崎,9,猛虎特別Ｃ１選定馬,2000,ダ,左,稍重,晴,14,8,13,リリーバローズ,牝,6,54.0,462,3,池谷匠,村田順,117.3,10,2:18.7,42.8,7-7-9-9,11,462,3
2026/04/08,川崎,9,猛虎特別Ｃ１選定馬,2000,ダ,左,稍重,晴,14,2,2,ウインブリエ,牝,5,54.0,512,-8,福原杏,平山真,63.6,11,2:20.0,44.5,4-4-3-7,9,512,-8
2026/04/08,川崎,9,猛虎特別Ｃ１選定馬,2000,ダ,左,稍重,晴,14,8,14,ダイヤクリスタル,牝,5,54.0,431,0,室陽一,入口由,221.1,12,2:20.1,44.0,9-9-11-12,13,431,0
2026/04/08,川崎,9,猛虎特別Ｃ１選定馬,2000,ダ,左,稍重,晴,14,7,11,ファイヤーボール,セ,0,56.0,457,1,新原周,甲田悟,78.4,13,2:21.7,46.4,2-2-4-12,10,457,1
2026/04/08,川崎,9,猛虎特別Ｃ１選定馬,2000,ダ,左,稍重,晴,14,5,8,ワタシデイイデスカ,牝,6,54.0,0,0,野畑凌,平田正,,,,,,,0,0
2026/04/08,川崎,10,川崎記念３連覇　ホッコータルＢ２二Ｂ３一,1500,ダ,左,稍重,晴,14,5,8,モネ,牝,7,55.0,480,2,新原周,林隆之,15.0,1,1:36.9,39.5,2-1-1-1,6,480,2
2026/04/08,川崎,10,川崎記念３連覇　ホッコータルＢ２二Ｂ３一,1500,ダ,左,稍重,晴,14,2,2,レグノ,牡,5,57.0,497,-7,本田重,佐藤博,6.8,2,1:37.1,39.1,7-7-6-5,2,497,-7
2026/04/08,川崎,10,川崎記念３連覇　ホッコータルＢ２二Ｂ３一,1500,ダ,左,稍重,晴,14,5,7,モンゲーハガネ,牡,8,57.0,487,-7,和田譲,鈴木義,122.4,3,1:37.2,38.9,10-8-9-7,13,487,-7
2026/04/08,川崎,10,川崎記念３連覇　ホッコータルＢ２二Ｂ３一,1500,ダ,左,稍重,晴,14,1,1,フイノマジワリ,牝,5,55.0,461,9,野畑凌,佐藤博,1.7,4,1:37.4,39.6,5-4-5-2,1,461,9
2026/04/08,川崎,10,川崎記念３連覇　ホッコータルＢ２二Ｂ３一,1500,ダ,左,稍重,晴,14,4,5,ピーエムナナ,牝,4,55.0,456,-3,本橋孝,酒井忍,32.9,5,1:37.6,39.0,14-11-11-8,9,456,-3
2026/04/08,川崎,10,川崎記念３連覇　ホッコータルＢ２二Ｂ３一,1500,ダ,左,稍重,晴,14,3,4,スカイアクロス,牡,6,56.0,465,-4,佐野遥,山崎裕,14.7,6,1:38.1,40.3,2-4-3-2,4,465,-4
2026/04/08,川崎,10,川崎記念３連覇　ホッコータルＢ２二Ｂ３一,1500,ダ,左,稍重,晴,14,6,10,フォースゲイト,牡,5,57.0,459,0,笹川翼,山崎裕,8.5,7,1:38.5,40.2,8-8-8-8,3,459,0
2026/04/08,川崎,10,川崎記念３連覇　ホッコータルＢ２二Ｂ３一,1500,ダ,左,稍重,晴,14,4,6,タイセイフェスタ,セ,0,57.0,479,-2,鷹見陸,内田勝,51.9,8,1:38.5,40.5,6-6-6-5,11,479,-2
2026/04/08,川崎,10,川崎記念３連覇　ホッコータルＢ２二Ｂ３一,1500,ダ,左,稍重,晴,14,8,13,サラサグッドワーク,牡,6,57.0,518,8,矢野貴,佐々仁,22.0,9,1:38.9,40.1,12-14-13-14,8,518,8
2026/04/08,川崎,10,川崎記念３連覇　ホッコータルＢ２二Ｂ３一,1500,ダ,左,稍重,晴,14,8,14,オングライドパス,牝,5,55.0,497,6,岡村健,河津裕,57.6,10,1:39.1,40.6,10-11-9-11,12,497,6
2026/04/08,川崎,10,川崎記念３連覇　ホッコータルＢ２二Ｂ３一,1500,ダ,左,稍重,晴,14,3,3,ヤプシ,牡,5,57.0,494,2,菅原涼,佐々仁,16.9,11,1:39.2,40.6,8-8-13-12,7,494,2
2026/04/08,川崎,10,川崎記念３連覇　ホッコータルＢ２二Ｂ３一,1500,ダ,左,稍重,晴,14,7,12,キットサクラサク,セ,0,57.0,479,6,古岡勇,田邊陽,190.2,12,1:39.9,42.3,2-3-3-8,14,479,6
2026/04/08,川崎,10,川崎記念３連覇　ホッコータルＢ２二Ｂ３一,1500,ダ,左,稍重,晴,14,7,11,プラティクレール,牝,6,54.0,497,-4,中山遥,水野貴,38.0,13,1:40.0,42.7,1-1-1-2,10,497,-4
2026/04/08,川崎,10,川崎記念３連覇　ホッコータルＢ２二Ｂ３一,1500,ダ,左,稍重,晴,14,6,9,サウンドバッハ,牡,4,54.0,481,-2,加藤雄,河津裕,14.9,14,1:40.0,41.4,12-11-11-12,5,481,-2
2026/04/08,川崎,11,川崎記念JpnＩ,2100,ダ,左,稍重,晴,11,3,3,カゼノランナー,牡,5,57.0,538,-6,西村淳,松永幹,4.6,1,2:14.6,38.4,1-1-1-1,3,538,-6
2026/04/08,川崎,11,川崎記念JpnＩ,2100,ダ,左,稍重,晴,11,6,7,ドゥラエレーデ,牡,6,57.0,530,14,野畑凌,藤田輝,28.6,2,2:15.0,38.6,2-2-1-2,8,530,14
2026/04/08,川崎,11,川崎記念JpnＩ,2100,ダ,左,稍重,晴,11,7,9,アウトレンジ,牡,6,57.0,485,1,坂井瑠,大久龍,3.0,3,2:15.1,38.5,3-4-3-3,1,485,1
2026/04/08,川崎,11,川崎記念JpnＩ,2100,ダ,左,稍重,晴,11,6,6,ホウオウルーレット,牡,7,57.0,503,-4,岩田康,栗田徹,13.1,4,2:15.9,38.5,11-11-8-7,7,503,-4
2026/04/08,川崎,11,川崎記念JpnＩ,2100,ダ,左,稍重,晴,11,7,8,ディクテオン,セ,0,57.0,496,0,矢野貴,荒山勝,4.0,5,2:16.0,39.2,5-5-6-6,2,496,0
2026/04/08,川崎,11,川崎記念JpnＩ,2100,ダ,左,稍重,晴,11,8,11,セラフィックコール,牡,6,57.0,515,-7,吉原寛,内田勝,12.5,6,2:16.3,39.5,7-7-3-4,6,515,-7
2026/04/08,川崎,11,川崎記念JpnＩ,2100,ダ,左,稍重,晴,11,8,10,テンカジョウ,牝,5,55.0,489,2,松山弘,岡田稲,6.9,7,2:16.4,39.6,8-7-5-4,4,489,2
2026/04/08,川崎,11,川崎記念JpnＩ,2100,ダ,左,稍重,晴,11,2,2,グリューヴルム,牡,7,57.0,500,7,笹川翼,内田勝,95.2,8,2:17.3,39.6,10-10-9-9,10,500,7
2026/04/08,川崎,11,川崎記念JpnＩ,2100,ダ,左,稍重,晴,11,5,5,デルマソトガケ,牡,6,57.0,503,-11,横山武,須貝尚,62.7,9,2:17.4,39.7,8-9-9-9,9,503,-11
2026/04/08,川崎,11,川崎記念JpnＩ,2100,ダ,左,稍重,晴,11,1,1,サクラトップキッド,牡,5,57.0,450,9,高橋悠,伊藤忍,322.6,10,2:18.1,40.7,5-6-9-11,11,450,9
2026/04/08,川崎,11,川崎記念JpnＩ,2100,ダ,左,稍重,晴,11,4,4,ホウオウビスケッツ,牡,6,57.0,512,10,岩田望,奥村武,10.5,11,2:18.7,41.9,3-3-7-8,5,512,10
2026/04/08,川崎,12,昇竜特別Ｂ３二 三 四,1600,ダ,左,稍重,晴,14,1,1,ビップソリオ,セ,0,56.0,524,5,笹川翼,秋山直,4.3,1,1:45.0,38.6,4-4-5-2,2,524,5
2026/04/08,川崎,12,昇竜特別Ｂ３二 三 四,1600,ダ,左,稍重,晴,14,2,2,マシュー,牡,5,56.0,490,3,本田重,小久智,2.4,2,1:45.2,39.1,1-1-1-1,1,490,3
2026/04/08,川崎,12,昇竜特別Ｂ３二 三 四,1600,ダ,左,稍重,晴,14,6,10,ネライウチ,セ,0,56.0,467,-6,笠野雄,平山真,12.9,3,1:46.4,39.6,6-7-9-10,5,467,-6
2026/04/08,川崎,12,昇竜特別Ｂ３二 三 四,1600,ダ,左,稍重,晴,14,7,12,ホースワン,牡,4,56.0,500,-6,野畑凌,高月賢,4.5,4,1:46.5,39.7,9-10-7-5,3,500,-6
2026/04/08,川崎,12,昇竜特別Ｂ３二 三 四,1600,ダ,左,稍重,晴,14,6,9,キングオブカズ,牡,8,56.0,474,-9,小杉亮,矢内博,161.4,5,1:46.5,39.2,13-13-10-11,12,474,-9
2026/04/08,川崎,12,昇竜特別Ｂ３二 三 四,1600,ダ,左,稍重,晴,14,3,4,イエヴァンポルッカ,牡,7,56.0,533,9,赤津和,宇野博,65.0,6,1:46.7,39.8,8-8-10-8,10,533,9
2026/04/08,川崎,12,昇竜特別Ｂ３二 三 四,1600,ダ,左,稍重,晴,14,3,3,リュクスレオン,牡,5,56.0,496,-5,町田直,佐藤博,17.2,7,1:46.9,40.3,6-6-8-5,6,496,-5
2026/04/08,川崎,12,昇竜特別Ｂ３二 三 四,1600,ダ,左,稍重,晴,14,4,6,ソリスレガーロ,牝,4,54.0,449,-8,篠谷葵,佐藤太,35.1,8,1:47.0,40.6,10-8-1-2,8,449,-8
2026/04/08,川崎,12,昇竜特別Ｂ３二 三 四,1600,ダ,左,稍重,晴,14,5,8,セラード,牝,4,54.0,448,2,矢野貴,甲田悟,21.7,9,1:47.1,39.9,11-11-12-12,7,448,2
2026/04/08,川崎,12,昇竜特別Ｂ３二 三 四,1600,ダ,左,稍重,晴,14,4,5,ピーチブロッサム,牝,4,54.0,433,0,岡村健,坂本昇,54.8,10,1:47.3,40.7,4-4-5-8,9,433,0
2026/04/08,川崎,12,昇竜特別Ｂ３二 三 四,1600,ダ,左,稍重,晴,14,5,7,ミヤギエンペラー,牡,4,55.0,464,4,佐野遥,高月賢,8.2,11,1:47.7,41.5,2-2-1-2,4,464,4
2026/04/08,川崎,12,昇竜特別Ｂ３二 三 四,1600,ダ,左,稍重,晴,14,8,14,ノッテストラータ,牝,4,54.0,450,4,中越琉,久保勇,157.4,12,1:47.9,41.6,2-3-1-5,11,450,4
2026/04/08,川崎,12,昇竜特別Ｂ３二 三 四,1600,ダ,左,稍重,晴,14,7,11,グレイトムーン,牡,9,56.0,486,0,本田紀,村田六,289.7,13,1:48.2,40.7,11-12-13-14,14,486,0
2026/04/08,川崎,12,昇竜特別Ｂ３二 三 四,1600,ダ,左,稍重,晴,14,8,13,マナコル,牡,4,56.0,502,-14,櫻井光,藤原智,217.5,14,1:48.3,40.8,14-13-14-13,13,502,-14
2026/04/09,川崎,1,３歳７,1400,ダ,左,稍重,晴,9,2,2,サンブル,セ,0,56.0,501,-13,野畑凌,秋山直,1.6,1,1:31.9,39.5,1-1-1-1,1,501,-13
2026/04/09,川崎,1,３歳７,1400,ダ,左,稍重,晴,9,6,6,ワイルドスマッシュ,牡,3,56.0,482,-5,町田直,山崎尋,2.7,2,1:32.9,40.3,2-2-1-2,2,482,-5
2026/04/09,川崎,1,３歳７,1400,ダ,左,稍重,晴,9,4,4,ベアトゥース,セ,0,56.0,461,-3,張田昂,古澤悟,16.7,3,1:33.0,40.0,4-4-4-3,4,461,-3
2026/04/09,川崎,1,３歳７,1400,ダ,左,稍重,晴,9,1,1,ラヴィッジ,牡,3,56.0,482,4,藤本現,内田勝,27.8,4,1:34.1,40.9,4-4-6-4,6,482,4
2026/04/09,川崎,1,３歳７,1400,ダ,左,稍重,晴,9,8,9,ティンガティンガ,セ,0,56.0,404,6,櫻井光,佐藤博,19.8,5,1:34.9,41.7,4-6-5-6,5,404,6
2026/04/09,川崎,1,３歳７,1400,ダ,左,稍重,晴,9,5,5,バックトラック,セ,0,56.0,446,9,古岡勇,山崎尋,115.7,6,1:35.5,41.9,8-7-7-7,9,446,9
2026/04/09,川崎,1,３歳７,1400,ダ,左,稍重,晴,9,7,7,アスパラノヴァ,牡,3,56.0,451,-1,山林信,田邊陽,87.7,7,1:35.7,41.1,9-9-9-9,8,451,-1
2026/04/09,川崎,1,３歳７,1400,ダ,左,稍重,晴,9,3,3,トゥルービューティ,牝,3,54.0,468,12,田中涼,鈴木義,75.7,8,1:36.1,42.3,7-7-8-8,7,468,12
2026/04/09,川崎,1,３歳７,1400,ダ,左,稍重,晴,9,8,8,ヨルノマドンナ,牝,3,54.0,504,-4,矢野貴,八木喜,9.3,,,,3-2-3-4,3,504,-4
2026/04/09,川崎,2,Ｃ３三 四,1400,ダ,左,稍重,晴,12,4,4,ニットウアクシア,牝,4,54.0,478,10,伊藤裕,茂木浩,1.4,1,1:34.0,39.9,1-1-1-1,1,478,10
2026/04/09,川崎,2,Ｃ３三 四,1400,ダ,左,稍重,晴,12,6,7,ゴームズ,牝,4,54.0,473,-1,野畑凌,佐々仁,5.9,2,1:34.2,39.9,1-2-1-1,3,473,-1
2026/04/09,川崎,2,Ｃ３三 四,1400,ダ,左,稍重,晴,12,7,9,バリクパパン,牝,5,54.0,449,-3,西村栄,佐々清,155.4,3,1:34.9,40.4,6-4-3-3,10,449,-3
2026/04/09,川崎,2,Ｃ３三 四,1400,ダ,左,稍重,晴,12,2,2,ムンディ,牝,4,53.0,413,-1,佐野遥,武井和,22.5,4,1:35.1,40.4,9-7-4-3,5,413,-1
2026/04/09,川崎,2,Ｃ３三 四,1400,ダ,左,稍重,晴,12,6,8,カペラスター,牡,7,56.0,496,0,及川烈,工藤伸,23.9,5,1:35.2,39.7,6-7-8-8,6,496,0
2026/04/09,川崎,2,Ｃ３三 四,1400,ダ,左,稍重,晴,12,7,10,リュウノファントム,牡,6,56.0,475,-6,木間龍,野口孝,18.6,6,1:35.3,40.2,11-11-6-6,4,475,-6
2026/04/09,川崎,2,Ｃ３三 四,1400,ダ,左,稍重,晴,12,1,1,ジーティーケリー,牝,4,54.0,398,2,山林信,村田順,78.9,7,1:35.5,39.5,12-12-12-10,8,398,2
2026/04/09,川崎,2,Ｃ３三 四,1400,ダ,左,稍重,晴,12,3,3,ミカエンブレイス,牝,4,54.0,428,-5,古岡勇,田邊陽,129.3,8,1:35.6,39.9,8-7-10-10,9,428,-5
2026/04/09,川崎,2,Ｃ３三 四,1400,ダ,左,稍重,晴,12,8,11,グランツリッター,牡,4,56.0,459,-5,櫻井光,田邊陽,189.9,9,1:35.6,40.7,4-4-7-7,12,459,-5
2026/04/09,川崎,2,Ｃ３三 四,1400,ダ,左,稍重,晴,12,5,5,メガミリオン,牡,8,56.0,471,8,池谷匠,田島寿,5.5,10,1:36.0,41.5,3-3-4-5,2,471,8
2026/04/09,川崎,2,Ｃ３三 四,1400,ダ,左,稍重,晴,12,5,6,ダンシングハピリー,牝,6,54.0,412,1,本田紀,武井和,54.6,11,1:36.3,41.0,5-6-8-8,7,412,1
2026/04/09,川崎,2,Ｃ３三 四,1400,ダ,左,稍重,晴,12,8,12,ブルーレンジャー,牝,5,51.0,460,-4,加藤雄,河津裕,158.1,12,1:37.3,41.5,10-10-10-12,11,460,-4
2026/04/09,川崎,3,Ｃ３三 四,1400,ダ,左,稍重,晴,12,6,8,リコースチェッキン,牝,6,53.0,425,37,佐野遥,久保秀,5.9,1,1:33.8,40.3,1-1-1-1,4,425,37
2026/04/09,川崎,3,Ｃ３三 四,1400,ダ,左,稍重,晴,12,4,4,ヴァンクールシチー,牡,7,56.0,436,-3,半澤慶,工藤伸,20.8,2,1:33.9,39.8,5-5-4-3,7,436,-3
2026/04/09,川崎,3,Ｃ３三 四,1400,ダ,左,稍重,晴,12,3,3,シルヴァギンジ,牡,7,56.0,500,14,伊藤裕,田邊陽,14.6,3,1:34.3,40.6,2-2-2-2,5,500,14
2026/04/09,川崎,3,Ｃ３三 四,1400,ダ,左,稍重,晴,12,5,5,ヒナボンボン,牝,5,54.0,504,3,岡村健,古澤悟,18.0,4,1:34.7,40.8,2-3-2-4,6,504,3
2026/04/09,川崎,3,Ｃ３三 四,1400,ダ,左,稍重,晴,12,8,11,ジーニーボニータ,牡,7,56.0,501,-5,見越彬,水野貴,5.6,5,1:34.8,40.3,7-7-6-7,3,501,-5
2026/04/09,川崎,3,Ｃ３三 四,1400,ダ,左,稍重,晴,12,7,9,ニットウサニー,牝,6,54.0,453,4,新原周,林隆之,2.1,6,1:34.9,40.4,8-8-8-4,1,453,4
2026/04/09,川崎,3,Ｃ３三 四,1400,ダ,左,稍重,晴,12,7,10,ディバインウィル,牝,5,54.0,392,0,福原杏,田島寿,152.9,7,1:35.0,40.3,11-10-9-7,11,392,0
2026/04/09,川崎,3,Ｃ３三 四,1400,ダ,左,稍重,晴,12,2,2,ローゼシュティア,牝,7,54.0,474,-5,本田紀,八木喜,176.1,8,1:35.4,39.9,10-11-11-11,12,474,-5
2026/04/09,川崎,3,Ｃ３三 四,1400,ダ,左,稍重,晴,12,5,6,ヤサカソレイユ,牡,6,56.0,457,-3,池谷匠,村田六,5.2,9,1:35.4,40.7,8-8-9-10,2,457,-3
2026/04/09,川崎,3,Ｃ３三 四,1400,ダ,左,稍重,晴,12,1,1,ヤンキージャック,牝,4,54.0,401,-1,中越琉,武井和,78.1,10,1:35.5,41.6,4-3-4-4,10,401,-1
2026/04/09,川崎,3,Ｃ３三 四,1400,ダ,左,稍重,晴,12,6,7,シェナチチカカ,牝,7,54.0,398,1,岡村裕,山田正,38.8,11,1:36.0,41.7,5-5-6-9,8,398,1
2026/04/09,川崎,3,Ｃ３三 四,1400,ダ,左,稍重,晴,12,8,12,ジャスティラック,牡,4,56.0,445,-2,古岡勇,長友豊,60.7,12,1:36.1,40.2,12-12-12-12,9,445,-2
2026/04/09,川崎,4,スズメ賞Ｃ３選定馬,900,ダ,左,稍重,晴,12,1,1,ロジステート,牝,4,54.0,495,14,野畑凌,佐藤博,1.8,1,0:55.8,38.5,2-1-1,1,495,14
2026/04/09,川崎,4,スズメ賞Ｃ３選定馬,900,ダ,左,稍重,晴,12,3,3,カナサンドー,牝,5,54.0,396,9,藤江渉,今井輝,39.3,2,0:56.2,38.9,1-1-1,7,396,9
2026/04/09,川崎,4,スズメ賞Ｃ３選定馬,900,ダ,左,稍重,晴,12,6,7,ロワン,牝,4,54.0,414,-4,櫻井光,八木喜,22.3,3,0:56.2,38.6,2-4-4,6,414,-4
2026/04/09,川崎,4,スズメ賞Ｃ３選定馬,900,ダ,左,稍重,晴,12,4,4,ダイナマイトブル,牡,6,56.0,459,2,達城龍,久保勇,3.8,4,0:56.3,38.3,6-5-5,2,459,2
2026/04/09,川崎,4,スズメ賞Ｃ３選定馬,900,ダ,左,稍重,晴,12,2,2,ヴィンチェンツォ,牡,6,55.0,481,-20,佐野遥,安池成,7.8,5,0:56.6,38.6,5-5-5,4,481,-20
2026/04/09,川崎,4,スズメ賞Ｃ３選定馬,900,ダ,左,稍重,晴,12,5,5,ジュニパーダンス,牝,8,54.0,433,-1,及川烈,酒井一,114.8,6,0:57.1,38.8,6-8-7,9,433,-1
2026/04/09,川崎,4,スズメ賞Ｃ３選定馬,900,ダ,左,稍重,晴,12,5,6,ヘブリディーズ,牝,5,54.0,485,4,池谷匠,古澤悟,9.6,7,0:57.3,38.4,11-11-10,5,485,4
2026/04/09,川崎,4,スズメ賞Ｃ３選定馬,900,ダ,左,稍重,晴,12,8,11,キーチパーヘチュア,牡,4,56.0,403,-5,山林信,田邊陽,216.9,8,0:57.4,39.1,6-7-7,10,403,-5
2026/04/09,川崎,4,スズメ賞Ｃ３選定馬,900,ダ,左,稍重,晴,12,6,8,ケイティーユイ,牝,8,54.0,449,-3,高橋哲,水野貴,84.3,9,0:57.4,38.8,6-9-9,8,449,-3
2026/04/09,川崎,4,スズメ賞Ｃ３選定馬,900,ダ,左,稍重,晴,12,7,9,ガールズドリーム,牝,6,51.0,434,-3,加藤雄,内田勝,7.8,10,0:57.6,40.0,2-3-3,3,434,-3
2026/04/09,川崎,4,スズメ賞Ｃ３選定馬,900,ダ,左,稍重,晴,12,8,12,クリナデシコ,牝,4,54.0,467,0,岡村裕,山田正,290.4,11,0:59.4,40.8,6-9-11,11,467,0
2026/04/09,川崎,4,スズメ賞Ｃ３選定馬,900,ダ,左,稍重,晴,12,7,10,タノシサ,牝,5,54.0,490,10,岡村健,林隆之,,,,,,,490,10
2026/04/09,川崎,5,Ｃ２七,1400,ダ,左,稍重,晴,12,8,11,トンヤイビーン,牡,4,56.0,519,0,野畑凌,田邊陽,2.0,1,1:32.6,40.0,1-1-1-1,1,519,0
2026/04/09,川崎,5,Ｃ２七,1400,ダ,左,稍重,晴,12,2,2,ヘヴンリーゴール,牡,4,56.0,485,1,矢野貴,吉橋淳,2.0,2,1:33.3,40.5,2-3-5-4,2,485,1
2026/04/09,川崎,5,Ｃ２七,1400,ダ,左,稍重,晴,12,5,6,リンテンリュウ,牝,4,54.0,498,10,池谷匠,高橋宏,51.6,3,1:33.6,40.8,2-3-1-1,6,498,10
2026/04/09,川崎,5,Ｃ２七,1400,ダ,左,稍重,晴,12,3,3,アディモレナ,牡,4,56.0,522,-2,山林信,佐々仁,155.0,4,1:33.7,41.1,2-1-1-1,10,522,-2
2026/04/09,川崎,5,Ｃ２七,1400,ダ,左,稍重,晴,12,5,5,スマイルフェリス,牝,5,53.0,520,10,佐野遥,高橋宏,7.6,5,1:33.8,40.3,12-12-11-9,3,520,10
2026/04/09,川崎,5,Ｃ２七,1400,ダ,左,稍重,晴,12,6,8,タイキレヴィン,牡,5,56.0,497,11,増田充,武井和,121.8,6,1:33.9,41.1,5-5-5-5,9,497,11
2026/04/09,川崎,5,Ｃ２七,1400,ダ,左,稍重,晴,12,4,4,ポルタフェリーチェ,牝,4,54.0,467,4,伊藤裕,平田正,170.9,7,1:34.2,40.7,10-10-11-7,11,467,4
2026/04/09,川崎,5,Ｃ２七,1400,ダ,左,稍重,晴,12,1,1,キアラボヌール,牝,5,51.0,411,-3,加藤雄,田島寿,95.3,8,1:34.2,41.1,6-6-8-5,8,411,-3
2026/04/09,川崎,5,Ｃ２七,1400,ダ,左,稍重,晴,12,8,12,ルグランブルー,牝,7,54.0,454,-3,七夕裕,工藤伸,35.1,9,1:34.6,41.7,6-6-4-10,5,454,-3
2026/04/09,川崎,5,Ｃ２七,1400,ダ,左,稍重,晴,12,7,10,テマリ,牝,6,54.0,430,2,古岡勇,武井和,20.2,10,1:34.8,41.5,9-8-7-10,4,430,2
2026/04/09,川崎,5,Ｃ２七,1400,ダ,左,稍重,晴,12,7,9,ユメミ,牝,4,54.0,407,-3,櫻井光,八木喜,238.3,11,1:35.1,41.6,10-11-10-12,12,407,-3
2026/04/09,川崎,5,Ｃ２七,1400,ダ,左,稍重,晴,12,6,7,マイカグラ,牝,6,54.0,411,-4,藤江渉,武井和,79.8,12,1:35.1,41.8,8-8-8-7,7,411,-4
2026/04/09,川崎,6,春雷賞Ｃ２選定馬,900,ダ,左,稍重,晴,12,5,5,ハーイバービー,牝,4,54.0,450,8,矢野貴,山崎尋,3.5,1,0:55.7,37.9,3-4-3,2,450,8
2026/04/09,川崎,6,春雷賞Ｃ２選定馬,900,ダ,左,稍重,晴,12,2,2,ランウェイクイーン,牝,5,54.0,469,-1,新原周,小澤宏,9.2,2,0:55.9,37.9,6-6-5,5,469,-1
2026/04/09,川崎,6,春雷賞Ｃ２選定馬,900,ダ,左,稍重,晴,12,4,4,メイショウユウモウ,セ,0,56.0,425,-4,岡村裕,武井和,6.7,3,0:55.9,38.1,3-4-3,4,425,-4
2026/04/09,川崎,6,春雷賞Ｃ２選定馬,900,ダ,左,稍重,晴,12,7,10,カウニスミエリ,牝,4,54.0,424,0,田中涼,久保勇,19.8,4,0:56.0,38.6,1-1-1,6,424,0
2026/04/09,川崎,6,春雷賞Ｃ２選定馬,900,ダ,左,稍重,晴,12,6,8,マオノボルケーノ,牝,5,54.0,474,3,町田直,平田正,5.6,5,0:56.1,37.7,8-6-7,3,474,3
2026/04/09,川崎,6,春雷賞Ｃ２選定馬,900,ダ,左,稍重,晴,12,6,7,コウユーミューミュ,牝,4,54.0,488,-14,半澤慶,宇野博,44.2,6,0:56.2,37.8,10-9-9,8,488,-14
2026/04/09,川崎,6,春雷賞Ｃ２選定馬,900,ダ,左,稍重,晴,12,7,9,ダズリングプレイス,牝,5,54.0,427,5,藤江渉,平田正,88.8,7,0:56.4,38.8,2-1-1,10,427,5
2026/04/09,川崎,6,春雷賞Ｃ２選定馬,900,ダ,左,稍重,晴,12,3,3,トウヨウノマジョ,牝,6,54.0,450,0,本田紀,山田正,73.7,8,0:56.5,38.1,8-11-9,9,450,0
2026/04/09,川崎,6,春雷賞Ｃ２選定馬,900,ダ,左,稍重,晴,12,8,12,ミヤジミニー,牝,6,54.0,420,-1,鷹見陸,田邊陽,27.8,9,0:56.7,38.5,6-6-8,7,420,-1
2026/04/09,川崎,6,春雷賞Ｃ２選定馬,900,ダ,左,稍重,晴,12,5,6,ステラブローニュ,牝,4,53.0,461,-4,中山遥,工藤伸,2.5,10,0:56.8,38.2,12-10-9,1,461,-4
2026/04/09,川崎,6,春雷賞Ｃ２選定馬,900,ダ,左,稍重,晴,12,8,11,リバーフロント,牝,4,54.0,429,-5,菅原涼,藤原智,269.9,11,0:57.0,39.2,3-3-5,12,429,-5
2026/04/09,川崎,6,春雷賞Ｃ２選定馬,900,ダ,左,稍重,晴,12,1,1,シーメジャー,牝,5,54.0,473,3,木間龍,野口寛,223.3,12,0:57.0,38.2,10-12-12,11,473,3
2026/04/09,川崎,7,Ｃ１三,1400,ダ,左,稍重,晴,12,7,10,アマモト,牡,5,56.0,475,-2,福原杏,山崎裕,17.1,1,1:32.2,39.6,5-4-4-4,5,475,-2
2026/04/09,川崎,7,Ｃ１三,1400,ダ,左,稍重,晴,12,6,7,ブルーオブウインド,牝,4,54.0,444,-9,高橋哲,川村守,31.3,2,1:32.7,40.7,1-1-1-1,7,444,-9
2026/04/09,川崎,7,Ｃ１三,1400,ダ,左,稍重,晴,12,4,4,ラブリーモンスター,牡,4,56.0,482,2,櫻井光,海馬司,117.4,3,1:32.8,39.8,9-8-7-6,11,482,2
2026/04/09,川崎,7,Ｃ１三,1400,ダ,左,稍重,晴,12,5,6,クレテイユ,牡,6,56.0,478,2,岡村裕,武井和,35.5,4,1:33.0,39.6,10-10-9-9,8,478,2
2026/04/09,川崎,7,Ｃ１三,1400,ダ,左,稍重,晴,12,2,2,オニノタマゴ,牡,5,56.0,478,15,古岡勇,安池成,20.5,5,1:33.1,40.7,5-4-4-2,6,478,15
2026/04/09,川崎,7,Ｃ１三,1400,ダ,左,稍重,晴,12,7,9,フラッシュタイム,牡,4,55.0,551,-6,中山遥,吉田正,6.5,6,1:33.3,40.9,3-2-3-4,3,551,-6
2026/04/09,川崎,7,Ｃ１三,1400,ダ,左,稍重,晴,12,6,8,ロールザボーンズ,牝,4,54.0,465,1,鷹見陸,内田勝,4.2,7,1:33.4,41.2,1-2-2-2,2,465,1
2026/04/09,川崎,7,Ｃ１三,1400,ダ,左,稍重,晴,12,3,3,ブランディストック,セ,0,56.0,493,2,町田直,山崎尋,1.7,8,1:33.4,40.2,11-10-9-9,1,493,2
2026/04/09,川崎,7,Ｃ１三,1400,ダ,左,稍重,晴,12,8,11,ベリーク,牡,5,56.0,480,13,野畑凌,高月賢,11.9,9,1:33.6,40.6,5-7-7-7,4,480,13
2026/04/09,川崎,7,Ｃ１三,1400,ダ,左,稍重,晴,12,1,1,コックリサン,牝,4,51.0,414,-10,加藤雄,武井和,91.4,10,1:34.0,40.8,8-8-9-11,9,414,-10
2026/04/09,川崎,7,Ｃ１三,1400,ダ,左,稍重,晴,12,8,12,ラグーンプリンセス,牝,5,54.0,465,0,室陽一,箕輪武,115.8,11,1:34.0,41.2,3-6-4-7,10,465,0
2026/04/09,川崎,7,Ｃ１三,1400,ダ,左,稍重,晴,12,5,5,シスターネビュラ,牝,5,54.0,0,0,藤江渉,山田質,,,,,,,0,0
2026/04/09,川崎,8,アルテミス賞Ｃ２選定馬,2000,ダ,左,稍重,晴,14,4,6,カガヤキファイター,牡,7,56.0,537,0,藤江渉,久保秀,23.5,1,2:16.2,41.2,1-1-1-1,7,537,0
2026/04/09,川崎,8,アルテミス賞Ｃ２選定馬,2000,ダ,左,稍重,晴,14,8,13,ナリノボガート,牡,4,56.0,474,-2,新原周,内田勝,15.4,2,2:16.2,41.1,1-2-1-1,3,474,-2
2026/04/09,川崎,8,アルテミス賞Ｃ２選定馬,2000,ダ,左,稍重,晴,14,6,10,コパノモンタナ,セ,0,56.0,463,-5,岡村健,古澤悟,15.8,3,2:16.7,41.0,6-6-5-5,4,463,-5
2026/04/09,川崎,8,アルテミス賞Ｃ２選定馬,2000,ダ,左,稍重,晴,14,2,2,クロウソング,牝,4,54.0,469,13,櫻井光,平田正,3.2,4,2:16.7,41.2,9-9-3-3,2,469,13
2026/04/09,川崎,8,アルテミス賞Ｃ２選定馬,2000,ダ,左,稍重,晴,14,8,14,パーティーモード,牡,8,56.0,472,2,池谷匠,甲田悟,118.8,5,2:17.0,41.7,3-3-3-3,12,472,2
2026/04/09,川崎,8,アルテミス賞Ｃ２選定馬,2000,ダ,左,稍重,晴,14,7,11,オールニッポン,牝,4,54.0,448,-1,野畑凌,佐藤博,22.8,6,2:17.6,41.7,8-8-6-6,6,448,-1
2026/04/09,川崎,8,アルテミス賞Ｃ２選定馬,2000,ダ,左,稍重,晴,14,7,12,ケイツーブル,牡,4,55.0,438,4,佐野遥,高橋宏,71.3,7,2:17.7,41.0,13-13-12-9,11,438,4
2026/04/09,川崎,8,アルテミス賞Ｃ２選定馬,2000,ダ,左,稍重,晴,14,5,8,リュウバター,牡,7,56.0,499,2,増田充,河津裕,57.8,8,2:18.3,41.9,12-11-9-9,10,499,2
2026/04/09,川崎,8,アルテミス賞Ｃ２選定馬,2000,ダ,左,稍重,晴,14,3,3,ミライヘホウショウ,牝,4,54.0,467,-10,及川烈,長谷忍,17.9,9,2:18.3,41.9,6-6-12-12,5,467,-10
2026/04/09,川崎,8,アルテミス賞Ｃ２選定馬,2000,ダ,左,稍重,晴,14,1,1,ユイノパチョレック,牡,5,56.0,503,-4,張田昂,工藤伸,45.2,10,2:18.3,42.2,11-11-6-8,8,503,-4
2026/04/09,川崎,8,アルテミス賞Ｃ２選定馬,2000,ダ,左,稍重,晴,14,6,9,ビップジェシー,牝,4,51.0,439,12,加藤雄,田島寿,127.5,11,2:18.5,42.3,9-9-8-6,13,439,12
2026/04/09,川崎,8,アルテミス賞Ｃ２選定馬,2000,ダ,左,稍重,晴,14,3,4,ルージュメイベル,牝,6,54.0,450,11,古岡勇,甲田悟,50.2,12,2:18.6,41.7,14-14-14-12,9,450,11
2026/04/09,川崎,8,アルテミス賞Ｃ２選定馬,2000,ダ,左,稍重,晴,14,4,5,ホウヨウムーン,牝,4,54.0,452,10,町田直,長友豊,1.7,13,2:18.7,42.6,5-5-10-9,1,452,10
2026/04/09,川崎,8,アルテミス賞Ｃ２選定馬,2000,ダ,左,稍重,晴,14,5,7,オニムシャ,牡,4,56.0,466,5,高橋哲,酒井一,214.1,14,2:21.3,45.1,3-4-11-14,14,466,5
2026/04/09,川崎,9,小手毬賞Ｃ１選定馬,1600,ダ,左,稍重,晴,14,5,8,ミヤビクライ,牡,7,56.0,514,6,新原周,林隆之,3.2,1,1:46.0,40.0,2-1-1-1,2,514,6
2026/04/09,川崎,9,小手毬賞Ｃ１選定馬,1600,ダ,左,稍重,晴,14,5,7,プルーフリーダー,牡,5,56.0,470,0,矢野貴,加藤誠,12.1,2,1:46.1,40.1,1-1-1-1,6,470,0
2026/04/09,川崎,9,小手毬賞Ｃ１選定馬,1600,ダ,左,稍重,晴,14,1,1,スティールウィル,セ,0,56.0,507,12,和田譲,秋山直,23.8,3,1:46.5,40.0,8-6-10-5,7,507,12
2026/04/09,川崎,9,小手毬賞Ｃ１選定馬,1600,ダ,左,稍重,晴,14,6,10,クリスタルアロー,牡,4,55.0,526,0,佐野遥,山崎尋,58.1,4,1:46.8,40.3,6-6-8-7,9,526,0
2026/04/09,川崎,9,小手毬賞Ｃ１選定馬,1600,ダ,左,稍重,晴,14,4,5,ニシノアヤカゼ,牝,5,54.0,479,-10,秋元耕,川島豊,97.2,5,1:46.9,40.7,4-3-5-3,12,479,-10
2026/04/09,川崎,9,小手毬賞Ｃ１選定馬,1600,ダ,左,稍重,晴,14,3,3,ライヴペッパー,牡,6,56.0,457,1,藤本現,山崎裕,7.2,6,1:47.3,40.6,8-6-11-7,4,457,1
2026/04/09,川崎,9,小手毬賞Ｃ１選定馬,1600,ダ,左,稍重,晴,14,3,4,サーブザミッション,牡,5,56.0,456,3,池谷匠,古澤悟,11.5,7,1:47.4,40.7,10-10-8-10,5,456,3
2026/04/09,川崎,9,小手毬賞Ｃ１選定馬,1600,ダ,左,稍重,晴,14,8,13,クレーネ,牝,5,54.0,469,3,藤江渉,山田質,73.3,8,1:47.5,41.5,10-11-1-3,11,469,3
2026/04/09,川崎,9,小手毬賞Ｃ１選定馬,1600,ダ,左,稍重,晴,14,4,6,サドル,牡,7,56.0,510,-1,町田直,平田正,3.1,9,1:47.6,41.4,6-5-5-6,1,510,-1
2026/04/09,川崎,9,小手毬賞Ｃ１選定馬,1600,ダ,左,稍重,晴,14,7,12,ボルドーダゲール,牡,4,56.0,476,0,中越琉,村田順,255.2,10,1:47.7,40.7,12-13-13-12,14,476,0
2026/04/09,川崎,9,小手毬賞Ｃ１選定馬,1600,ダ,左,稍重,晴,14,8,14,フクシマジンロッソ,牡,4,56.0,457,-4,笹川翼,高月賢,5.3,11,1:48.2,41.9,4-6-4-7,3,457,-4
2026/04/09,川崎,9,小手毬賞Ｃ１選定馬,1600,ダ,左,稍重,晴,14,6,9,シトロンヴェール,牡,5,56.0,537,0,田中涼,武井和,69.6,12,1:48.2,41.2,12-14-12-13,10,537,0
2026/04/09,川崎,9,小手毬賞Ｃ１選定馬,1600,ダ,左,稍重,晴,14,2,2,ユイノオールイン,牡,4,56.0,495,6,増田充,武井和,178.4,13,1:48.8,41.8,12-11-14-10,13,495,6
2026/04/09,川崎,9,小手毬賞Ｃ１選定馬,1600,ダ,左,稍重,晴,14,7,11,タイムトゥキル,牝,6,54.0,510,2,古岡勇,内田勝,45.6,14,1:49.2,43.0,2-3-5-13,8,510,2
2026/04/09,川崎,10,星雲疾駆賞Ｂ２選定馬,900,ダ,左,稍重,晴,12,2,2,バッファローライズ,牡,5,56.0,530,1,町田直,平田正,3.6,1,0:53.8,36.9,1-1-1,2,530,1
2026/04/09,川崎,10,星雲疾駆賞Ｂ２選定馬,900,ダ,左,稍重,晴,12,3,3,オソレ,牡,5,55.0,494,2,佐野遥,久保秀,5.0,2,0:54.0,36.5,5-6-4,3,494,2
2026/04/09,川崎,10,星雲疾駆賞Ｂ２選定馬,900,ダ,左,稍重,晴,12,1,1,ピンクタオルチャン,牝,4,54.0,448,-2,藤江渉,山田質,16.7,3,0:54.2,37.1,5-3-2,5,448,-2
2026/04/09,川崎,10,星雲疾駆賞Ｂ２選定馬,900,ダ,左,稍重,晴,12,6,7,タイセイアレス,牡,5,56.0,491,1,池谷匠,内田勝,8.6,4,0:54.3,37.2,3-1-2,4,491,1
2026/04/09,川崎,10,星雲疾駆賞Ｂ２選定馬,900,ダ,左,稍重,晴,12,7,9,ミトノキャット,牝,4,54.0,446,-8,和田譲,鈴木義,29.8,5,0:54.4,36.3,11-10-8,9,446,-8
2026/04/09,川崎,10,星雲疾駆賞Ｂ２選定馬,900,ダ,左,稍重,晴,12,7,10,ラヴォミ,牝,4,54.0,464,-2,岡村健,林隆之,26.2,6,0:54.6,37.3,3-3-4,8,464,-2
2026/04/09,川崎,10,星雲疾駆賞Ｂ２選定馬,900,ダ,左,稍重,晴,12,6,8,ポッドレオ,牡,5,56.0,517,-1,鷹見陸,佐々仁,78.5,7,0:54.7,37.0,5-8-8,11,517,-1
2026/04/09,川崎,10,星雲疾駆賞Ｂ２選定馬,900,ダ,左,稍重,晴,12,5,5,トニープリンス,牡,6,56.0,487,-3,笹川翼,田邊陽,2.4,8,0:54.9,37.8,1-3-4,1,487,-3
2026/04/09,川崎,10,星雲疾駆賞Ｂ２選定馬,900,ダ,左,稍重,晴,12,5,6,デーレーラプター,牡,5,56.0,482,-2,新原周,鈴木義,23.1,9,0:55.2,37.1,5-11-11,6,482,-2
2026/04/09,川崎,10,星雲疾駆賞Ｂ２選定馬,900,ダ,左,稍重,晴,12,8,12,ルールメイプル,牝,6,54.0,458,0,櫻井光,山崎裕,25.2,10,0:55.3,37.8,5-6-7,7,458,0
2026/04/09,川崎,10,星雲疾駆賞Ｂ２選定馬,900,ダ,左,稍重,晴,12,4,4,プレストルーチェ,セ,0,56.0,511,5,張田昂,高橋宏,178.1,11,0:55.5,37.1,12-12-12,12,511,5
2026/04/09,川崎,10,星雲疾駆賞Ｂ２選定馬,900,ダ,左,稍重,晴,12,8,11,ランラン,牝,4,54.0,414,-2,山林信,平田正,77.1,12,0:56.4,38.7,5-9-10,10,414,-2
2026/04/09,川崎,11,幸オープンＡ１下４歳上,1500,ダ,左,稍重,晴,14,3,3,ベアバッキューン,牡,4,57.0,507,-4,野畑凌,鈴木義,3.1,1,1:32.7,38.0,1-1-1-1,1,507,-4
2026/04/09,川崎,11,幸オープンＡ１下４歳上,1500,ダ,左,稍重,晴,14,6,10,シャルフジン,牡,7,55.0,501,-15,本橋孝,川島一,6.3,2,1:33.6,38.7,2-2-2-2,3,501,-15
2026/04/09,川崎,11,幸オープンＡ１下４歳上,1500,ダ,左,稍重,晴,14,4,6,パッションクライ,牡,5,57.0,494,-6,福原杏,高野毅,7.5,3,1:34.1,38.8,7-6-7-5,4,494,-6
2026/04/09,川崎,11,幸オープンＡ１下４歳上,1500,ダ,左,稍重,晴,14,5,7,マイケルマキシマス,牡,5,55.0,500,1,本田重,内田勝,3.7,4,1:34.5,39.4,5-6-2-3,2,500,1
2026/04/09,川崎,11,幸オープンＡ１下４歳上,1500,ダ,左,稍重,晴,14,5,8,ベラール,牡,9,55.0,513,3,町田直,酒井忍,138.8,5,1:34.6,38.5,9-10-10-9,11,513,3
2026/04/09,川崎,11,幸オープンＡ１下４歳上,1500,ダ,左,稍重,晴,14,1,1,ランリョウオー,牡,8,58.0,462,3,見越彬,小久智,34.9,6,1:34.8,39.9,4-3-5-3,9,462,3
2026/04/09,川崎,11,幸オープンＡ１下４歳上,1500,ダ,左,稍重,晴,14,2,2,アームズレイン,牡,6,57.0,503,-3,和田譲,佐々仁,9.5,7,1:34.8,39.7,5-5-5-5,6,503,-3
2026/04/09,川崎,11,幸オープンＡ１下４歳上,1500,ダ,左,稍重,晴,14,3,4,アイブランコ,牡,9,57.0,528,-8,七夕裕,鹿沼和,256.3,8,1:35.1,39.2,10-8-8-7,14,528,-8
2026/04/09,川崎,11,幸オープンＡ１下４歳上,1500,ダ,左,稍重,晴,14,8,14,サヨノグローリー,牡,8,57.0,506,-9,矢野貴,工藤伸,32.8,9,1:35.1,39.2,7-8-8-10,8,506,-9
2026/04/09,川崎,11,幸オープンＡ１下４歳上,1500,ダ,左,稍重,晴,14,8,13,フォーチュンテラー,牡,7,57.0,494,-2,笹川翼,平田正,7.7,10,1:35.3,38.5,14-14-14-14,5,494,-2
2026/04/09,川崎,11,幸オープンＡ１下４歳上,1500,ダ,左,稍重,晴,14,4,5,タマモダイジョッキ,牡,8,57.0,497,7,新原周,林隆之,26.5,11,1:35.5,39.0,12-12-12-11,7,497,7
2026/04/09,川崎,11,幸オープンＡ１下４歳上,1500,ダ,左,稍重,晴,14,7,12,ブルグミューラー,牡,6,55.0,480,-6,張田昂,小久智,174.9,12,1:35.9,40.8,3-4-4-8,12,480,-6
2026/04/09,川崎,11,幸オープンＡ１下４歳上,1500,ダ,左,稍重,晴,14,7,11,プレミアムハンド,牡,4,55.0,535,-1,山口達,小久智,184.7,13,1:35.9,39.1,12-13-12-12,13,535,-1
2026/04/09,川崎,11,幸オープンＡ１下４歳上,1500,ダ,左,稍重,晴,14,6,9,ビヨンドザファザー,牡,7,57.0,516,-3,安藤洋,藤田輝,51.9,14,1:36.2,39.9,10-10-11-12,10,516,-3
2026/04/09,川崎,12,若草特別Ｂ３二 三 四,1400,ダ,左,稍重,晴,12,3,3,ダンデライオン,牝,5,54.0,490,6,野畑凌,河津裕,1.9,1,1:30.8,39.5,5-5-6-2,1,490,6
2026/04/09,川崎,12,若草特別Ｂ３二 三 四,1400,ダ,左,稍重,晴,12,2,2,バックビート,牡,4,55.0,487,-4,中山遥,山崎尋,49.9,2,1:31.0,40.4,1-1-1-1,9,487,-4
2026/04/09,川崎,12,若草特別Ｂ３二 三 四,1400,ダ,左,稍重,晴,12,7,10,フクチャンキング,セ,0,56.0,538,-6,室陽一,横山保,11.6,3,1:31.2,39.4,10-10-7-6,4,538,-6
2026/04/09,川崎,12,若草特別Ｂ３二 三 四,1400,ダ,左,稍重,晴,12,4,4,リコーベレッタ,牝,6,53.0,458,-3,佐野遥,久保秀,20.5,4,1:31.2,40.4,4-3-3-2,6,458,-3
2026/04/09,川崎,12,若草特別Ｂ３二 三 四,1400,ダ,左,稍重,晴,12,6,8,ロアリングフレイム,牝,4,54.0,480,3,新原周,鈴木義,3.3,5,1:31.3,40.5,1-2-2-2,2,480,3
2026/04/09,川崎,12,若草特別Ｂ３二 三 四,1400,ダ,左,稍重,晴,12,8,12,モンド,牡,4,56.0,458,1,矢野貴,甲田悟,24.5,6,1:31.5,40.1,7-7-7-5,7,458,1
2026/04/09,川崎,12,若草特別Ｂ３二 三 四,1400,ダ,左,稍重,晴,12,1,1,トンボ,牡,5,56.0,505,7,笹川翼,高月賢,7.9,7,1:31.6,39.8,8-8-10-6,3,505,7
2026/04/09,川崎,12,若草特別Ｂ３二 三 四,1400,ダ,左,稍重,晴,12,7,9,キャップ,セ,0,56.0,474,3,櫻井光,林隆之,74.1,8,1:31.7,39.5,12-12-12-10,11,474,3
2026/04/09,川崎,12,若草特別Ｂ３二 三 四,1400,ダ,左,稍重,晴,12,5,6,モモジロー,牡,4,56.0,446,-2,鷹見陸,古澤悟,160.5,9,1:31.8,39.8,10-10-11-10,12,446,-2
2026/04/09,川崎,12,若草特別Ｂ３二 三 四,1400,ダ,左,稍重,晴,12,6,7,サンリコリス,牝,5,54.0,469,1,藤本現,山崎裕,18.3,10,1:32.1,41.1,3-3-5-6,5,469,1
2026/04/09,川崎,12,若草特別Ｂ３二 三 四,1400,ダ,左,稍重,晴,12,8,11,レイヴオン,牡,4,56.0,466,5,和田譲,高橋宏,43.3,11,1:32.3,41.3,5-5-3-6,8,466,5
2026/04/09,川崎,12,若草特別Ｂ３二 三 四,1400,ダ,左,稍重,晴,12,5,5,ダークンストーミー,牡,6,56.0,464,1,張田昂,酒井忍,60.3,12,1:33.0,41.4,8-8-7-10,10,464,1
2026/04/10,川崎,1,３歳１０,1400,ダ,左,重,雨,10,8,10,パワポケカノン,牡,3,56.0,0,0,古岡勇,山崎裕,2.1,1,1:33.0,39.6,3-3-1-1,1,0,0
2026/04/10,川崎,1,３歳１０,1400,ダ,左,重,雨,10,8,9,アメリカンサンデー,牡,3,56.0,451,18,和田譲,鈴木義,13.8,2,1:34.0,40.8,1-1-1-1,5,451,18
2026/04/10,川崎,1,３歳１０,1400,ダ,左,重,雨,10,5,5,マッドチェイサー,牡,3,56.0,447,-3,町田直,山田質,5.6,3,1:35.1,42.1,1-1-1-1,3,447,-3
2026/04/10,川崎,1,３歳１０,1400,ダ,左,重,雨,10,3,3,バババブーン,牡,3,56.0,513,10,笹川翼,酒井忍,7.1,4,1:35.3,41.5,7-7-6-5,4,513,10
2026/04/10,川崎,1,３歳１０,1400,ダ,左,重,雨,10,7,7,マチダノチエコ,牝,3,54.0,454,-4,藤江渉,山田質,14.8,5,1:35.5,42.1,4-3-4-4,6,454,-4
2026/04/10,川崎,1,３歳１０,1400,ダ,左,重,雨,10,4,4,アファーマティヴ,牡,3,53.0,468,-4,加藤雄,河津裕,54.6,6,1:35.7,41.9,7-7-6-6,9,468,-4
2026/04/10,川崎,1,３歳１０,1400,ダ,左,重,雨,10,2,2,ブライトメロディー,牝,3,54.0,519,11,中越琉,安池成,4.2,7,1:35.8,41.7,10-7-6-7,2,519,11
2026/04/10,川崎,1,３歳１０,1400,ダ,左,重,雨,10,6,6,アンフォーギヴン,牝,3,54.0,457,-1,櫻井光,山田質,120.8,8,1:36.3,42.0,9-10-10-10,10,457,-1
2026/04/10,川崎,1,３歳１０,1400,ダ,左,重,雨,10,1,1,シイズダイヤモンド,牝,3,54.0,420,3,新原周,高月賢,49.2,9,1:36.4,42.7,6-5-9-7,8,420,3
2026/04/10,川崎,1,３歳１０,1400,ダ,左,重,雨,10,7,8,アンプリフィ,牝,3,54.0,445,0,野畑凌,田邊陽,25.1,10,1:36.6,42.8,4-5-4-7,7,445,0
2026/04/10,川崎,2,３歳９,1400,ダ,左,重,雨,10,5,5,ファインティアラ,牝,3,54.0,441,8,古岡勇,古澤悟,2.1,1,1:34.5,41.0,1-1-1-1,1,441,8
2026/04/10,川崎,2,３歳９,1400,ダ,左,重,雨,10,1,1,アオイノコスメ,牝,3,54.0,496,8,和田譲,山崎裕,6.0,2,1:34.6,40.7,4-4-4-4,3,496,8
2026/04/10,川崎,2,３歳９,1400,ダ,左,重,雨,10,8,9,クツシタオトシタ,牝,3,54.0,436,1,西啓太,高橋宏,10.4,3,1:34.9,39.9,10-10-10-9,4,436,1
2026/04/10,川崎,2,３歳９,1400,ダ,左,重,雨,10,2,2,ミュークティアラ,セ,0,56.0,452,-11,伊藤裕,甲田悟,13.1,4,1:35.1,40.9,8-6-7-5,7,452,-11
2026/04/10,川崎,2,３歳９,1400,ダ,左,重,雨,10,3,3,レイナデルアレーナ,牝,3,51.0,469,9,加藤雄,古澤悟,11.3,5,1:35.3,41.3,4-4-4-5,5,469,9
2026/04/10,川崎,2,３歳９,1400,ダ,左,重,雨,10,6,6,セレステラ,牝,3,54.0,479,-6,町田直,内田勝,12.0,6,1:35.3,41.6,1-1-1-2,6,479,-6
2026/04/10,川崎,2,３歳９,1400,ダ,左,重,雨,10,7,8,シェナマーブル,牡,3,56.0,455,-5,藤江渉,山田正,4.9,7,1:35.4,41.6,1-1-1-2,2,455,-5
2026/04/10,川崎,2,３歳９,1400,ダ,左,重,雨,10,4,4,タイトノット,牡,3,56.0,436,-4,増田充,武井和,65.7,8,1:36.3,41.7,9-9-8-7,9,436,-4
2026/04/10,川崎,2,３歳９,1400,ダ,左,重,雨,10,7,7,ラブイネヴィタブル,牝,3,54.0,407,-13,新原周,茂木浩,22.9,9,1:36.9,42.7,4-6-6-7,8,407,-13
2026/04/10,川崎,2,３歳９,1400,ダ,左,重,雨,10,8,10,シェブロンウーマン,牝,3,54.0,421,-1,岡村裕,山田正,75.6,10,1:38.0,43.4,7-8-8-9,10,421,-1
2026/04/10,川崎,3,３歳８,1400,ダ,左,重,雨,8,8,8,シナノフラッシュ,牡,3,56.0,484,-4,増田充,高月賢,2.2,1,1:33.6,41.8,1-1-1-1,1,484,-4
2026/04/10,川崎,3,３歳８,1400,ダ,左,重,雨,8,1,1,ヨミイ,牝,3,51.0,385,-1,加藤雄,河津裕,13.3,2,1:34.9,42.3,3-3-3-3,4,385,-1
2026/04/10,川崎,3,３歳８,1400,ダ,左,重,雨,8,4,4,テンザンパパ,牡,3,56.0,440,4,新原周,内田勝,13.8,3,1:34.9,41.2,7-7-6-6,5,440,4
2026/04/10,川崎,3,３歳８,1400,ダ,左,重,雨,8,6,6,イチゴプリン,牝,3,54.0,427,5,古岡勇,安池成,23.9,4,1:34.9,41.5,5-5-5-4,6,427,5
2026/04/10,川崎,3,３歳８,1400,ダ,左,重,雨,8,7,7,トラストテンホー,牡,3,56.0,432,-6,野畑凌,吉橋淳,2.3,5,1:35.2,43.4,1-1-1-2,2,432,-6
2026/04/10,川崎,3,３歳８,1400,ダ,左,重,雨,8,3,3,モモノコトノハ,牝,3,54.0,464,16,櫻井光,山崎裕,5.8,6,1:35.6,42.6,3-4-4-4,3,464,16
2026/04/10,川崎,3,３歳８,1400,ダ,左,重,雨,8,2,2,ユウユウカツサンド,牝,3,54.0,419,-8,本田紀,武井和,57.3,7,1:35.6,41.9,6-5-7-7,7,419,-8
2026/04/10,川崎,3,３歳８,1400,ダ,左,重,雨,8,5,5,ヌフヌフ,牡,3,56.0,443,3,田中涼,鈴木義,97.0,8,1:37.1,43.0,8-8-8-8,8,443,3
2026/04/10,川崎,4,鳥語花香賞３歳１１００Ｐ未満選定牝馬,1600,ダ,左,重,雨,6,3,3,ロックシュガー,牝,3,54.0,457,-7,和田譲,鈴木義,3.9,1,1:45.5,39.8,4-4-4-4,3,457,-7
2026/04/10,川崎,4,鳥語花香賞３歳１１００Ｐ未満選定牝馬,1600,ダ,左,重,雨,6,2,2,コタダブル,牝,3,54.0,459,15,野畑凌,山崎裕,1.8,2,1:45.7,40.5,1-1-1-1,1,459,15
2026/04/10,川崎,4,鳥語花香賞３歳１１００Ｐ未満選定牝馬,1600,ダ,左,重,雨,6,6,6,ベアアスムイ,牝,3,54.0,428,-6,増田充,鈴木義,23.0,3,1:46.6,41.2,3-3-1-1,5,428,-6
2026/04/10,川崎,4,鳥語花香賞３歳１１００Ｐ未満選定牝馬,1600,ダ,左,重,雨,6,5,5,カナールレイナ,牝,3,54.0,464,-1,伊藤裕,佐々仁,36.2,4,1:47.2,41.2,5-5-5-5,6,464,-1
2026/04/10,川崎,4,鳥語花香賞３歳１１００Ｐ未満選定牝馬,1600,ダ,左,重,雨,6,4,4,ネイビーシンデレラ,牝,3,55.0,472,-1,西啓太,鹿沼和,13.0,5,1:47.5,41.1,6-6-6-6,4,472,-1
2026/04/10,川崎,4,鳥語花香賞３歳１１００Ｐ未満選定牝馬,1600,ダ,左,重,雨,6,1,1,スペースセイラー,牝,3,54.0,461,-4,矢野貴,新井清,3.1,6,1:48.2,43.0,1-1-1-1,2,461,-4
2026/04/10,川崎,5,Ｃ３一 二,1400,ダ,左,重,雨,12,7,9,モズミコシ,牡,4,56.0,457,6,野畑凌,高月賢,1.1,1,1:31.3,39.7,1-2-2-2,1,457,6
2026/04/10,川崎,5,Ｃ３一 二,1400,ダ,左,重,雨,12,8,12,メイショウベニバナ,牝,6,54.0,460,1,菅原涼,長谷忍,25.9,2,1:31.5,40.9,2-1-1-1,5,460,1
2026/04/10,川崎,5,Ｃ３一 二,1400,ダ,左,重,雨,12,1,1,ザムト,牝,5,54.0,477,5,新原周,村田順,11.1,3,1:32.4,40.6,2-3-3-3,2,477,5
2026/04/10,川崎,5,Ｃ３一 二,1400,ダ,左,重,雨,12,5,6,ルチェッタ,牝,5,54.0,447,10,町田直,田邊陽,31.6,4,1:32.9,40.7,7-7-7-5,6,447,10
2026/04/10,川崎,5,Ｃ３一 二,1400,ダ,左,重,雨,12,7,10,リッキオ,牡,7,56.0,470,0,秋元耕,薮口一,38.6,5,1:33.4,39.8,11-11-9-9,8,470,0
2026/04/10,川崎,5,Ｃ３一 二,1400,ダ,左,重,雨,12,4,4,エーテルノカゼ,牝,6,54.0,443,3,岡村裕,八木喜,184.8,6,1:33.5,41.5,5-5-5-6,11,443,3
2026/04/10,川崎,5,Ｃ３一 二,1400,ダ,左,重,雨,12,3,3,ロンディネ,牝,4,54.0,436,2,本橋孝,林隆之,37.2,7,1:33.7,40.5,10-9-8-8,7,436,2
2026/04/10,川崎,5,Ｃ３一 二,1400,ダ,左,重,雨,12,8,11,レディハナコ,牝,4,54.0,416,4,古岡勇,田邊陽,233.6,8,1:33.7,40.3,8-8-9-9,12,416,4
2026/04/10,川崎,5,Ｃ３一 二,1400,ダ,左,重,雨,12,6,7,ティンドラ,牝,6,51.0,429,-3,加藤雄,山崎尋,63.3,9,1:34.0,42.0,6-5-5-6,9,429,-3
2026/04/10,川崎,5,Ｃ３一 二,1400,ダ,左,重,雨,12,6,8,マーニク,牝,5,53.0,469,-3,中山遥,長谷忍,117.0,10,1:34.1,40.3,9-10-11-11,10,469,-3
2026/04/10,川崎,5,Ｃ３一 二,1400,ダ,左,重,雨,12,2,2,ベニノレーヴ,牡,5,55.0,457,-2,佐野遥,田島寿,12.8,11,1:34.1,42.1,2-3-3-4,3,457,-2
2026/04/10,川崎,5,Ｃ３一 二,1400,ダ,左,重,雨,12,5,5,ニホンピロカミーノ,牡,4,56.0,480,1,藤江渉,武井和,18.6,12,1:36.4,40.4,12-12-12-12,4,480,1
2026/04/10,川崎,6,Ｃ３一 二,1400,ダ,左,重,雨,12,6,8,イノ,牝,6,54.0,372,-8,増田充,佐々仁,20.9,1,1:31.3,39.9,7-6-7-3,7,372,-8
2026/04/10,川崎,6,Ｃ３一 二,1400,ダ,左,重,雨,12,1,1,ジンガブリッツ,牡,4,58.0,442,-1,張田昂,茂木浩,1.8,2,1:31.6,40.6,4-4-4-2,1,442,-1
2026/04/10,川崎,6,Ｃ３一 二,1400,ダ,左,重,雨,12,2,2,ミレニアムブリッジ,牝,4,54.0,492,-3,櫻井光,長友豊,4.7,3,1:32.1,41.5,1-1-1-1,2,492,-3
2026/04/10,川崎,6,Ｃ３一 二,1400,ダ,左,重,雨,12,8,11,グァンダオ,牡,5,56.0,438,-4,矢野貴,長谷忍,6.9,4,1:33.0,40.7,10-11-12-8,3,438,-4
2026/04/10,川崎,6,Ｃ３一 二,1400,ダ,左,重,雨,12,5,6,ガルヴァニック,牝,6,54.0,479,-4,伊藤裕,村田順,103.8,5,1:33.3,41.3,10-10-9-6,12,479,-4
2026/04/10,川崎,6,Ｃ３一 二,1400,ダ,左,重,雨,12,4,4,アブソリュート,牡,5,56.0,476,-5,古岡勇,山崎裕,18.3,6,1:33.4,42.2,4-6-6-6,6,476,-5
2026/04/10,川崎,6,Ｃ３一 二,1400,ダ,左,重,雨,12,5,5,セイウンヤタガラス,牡,4,56.0,436,2,山林信,田邊陽,48.0,7,1:34.0,43.2,2-3-2-3,10,436,2
2026/04/10,川崎,6,Ｃ３一 二,1400,ダ,左,重,雨,12,6,7,クインズカヤノヒメ,牝,6,54.0,462,1,岡村裕,八木喜,87.0,8,1:34.0,41.7,12-12-9-10,11,462,1
2026/04/10,川崎,6,Ｃ３一 二,1400,ダ,左,重,雨,12,8,12,コンペティティブ,牡,4,56.0,472,11,本橋孝,秋山直,13.3,9,1:34.2,43.0,8-5-4-3,5,472,11
2026/04/10,川崎,6,Ｃ３一 二,1400,ダ,左,重,雨,12,7,9,スノーウィースカイ,牡,4,56.0,475,7,藤江渉,平田正,12.4,10,1:34.9,43.1,4-8-8-10,4,475,7
2026/04/10,川崎,6,Ｃ３一 二,1400,ダ,左,重,雨,12,3,3,オーデンリッキー,牝,5,54.0,483,2,秋元耕,小澤宏,32.0,11,1:35.8,45.0,2-1-3-8,8,483,2
2026/04/10,川崎,6,Ｃ３一 二,1400,ダ,左,重,雨,12,7,10,ホシプリンセス,牝,8,53.0,499,2,中山遥,酒井一,32.9,12,1:35.8,43.8,8-9-9-12,9,499,2
2026/04/10,川崎,7,界雷賞Ｃ２選定馬,900,ダ,左,重,雨,12,5,5,ダッシングマン,牡,4,56.0,463,3,藤江渉,平田正,48.1,1,0:55.3,37.1,5-6-5,8,463,3
2026/04/10,川崎,7,界雷賞Ｃ２選定馬,900,ダ,左,重,雨,12,2,2,ナキムシヒカル,牝,6,53.0,517,-3,中山遥,田邊陽,1.4,2,0:55.5,37.8,1-1-1,1,517,-3
2026/04/10,川崎,7,界雷賞Ｃ２選定馬,900,ダ,左,重,雨,12,8,12,アーガイルピンク,牝,8,54.0,454,3,池谷匠,山田質,8.0,3,0:55.7,37.7,2-3-2,2,454,3
2026/04/10,川崎,7,界雷賞Ｃ２選定馬,900,ダ,左,重,雨,12,1,1,レガシーオブエリザ,牝,5,54.0,443,-5,仲野光,阿井正,38.4,4,0:55.8,37.8,5-5-2,7,443,-5
2026/04/10,川崎,7,界雷賞Ｃ２選定馬,900,ダ,左,重,雨,12,7,9,ベルバルト,牡,4,56.0,451,2,伊藤裕,酒井忍,12.2,5,0:56.0,37.6,8-6-7,5,451,2
2026/04/10,川崎,7,界雷賞Ｃ２選定馬,900,ダ,左,重,雨,12,3,3,フェアーメロディ,牝,4,54.0,457,23,古岡勇,秋山直,8.9,6,0:56.0,37.3,5-9-8,3,457,23
2026/04/10,川崎,7,界雷賞Ｃ２選定馬,900,ダ,左,重,雨,12,4,4,アースメロディ,牝,5,54.0,498,-13,秋元耕,箕輪武,27.0,7,0:56.3,38.5,2-1-2,6,498,-13
2026/04/10,川崎,7,界雷賞Ｃ２選定馬,900,ダ,左,重,雨,12,7,10,インファンタ,牝,5,54.0,484,-9,川島正,岩崎真,9.2,8,0:56.4,37.7,8-8-8,4,484,-9
2026/04/10,川崎,7,界雷賞Ｃ２選定馬,900,ダ,左,重,雨,12,5,6,ウロボロス,牡,5,56.0,457,18,中越琉,山崎尋,86.9,9,0:56.5,37.6,11-11-10,11,457,18
2026/04/10,川崎,7,界雷賞Ｃ２選定馬,900,ダ,左,重,雨,12,8,11,レターフロムパリ,牝,5,54.0,464,1,櫻井光,久保勇,66.5,10,0:57.3,39.3,2-3-5,9,464,1
2026/04/10,川崎,7,界雷賞Ｃ２選定馬,900,ダ,左,重,雨,12,6,8,カルストンオリビア,牝,4,51.0,406,-7,加藤雄,八木喜,86.5,11,0:57.6,38.9,8-9-11,10,406,-7
2026/04/10,川崎,7,界雷賞Ｃ２選定馬,900,ダ,左,重,雨,12,6,7,タウンホール,牝,5,54.0,0,0,本田紀,久保秀,,,,,,,0,0
2026/04/10,川崎,8,Ｃ１一 二,1400,ダ,左,重,雨,12,4,4,パイロデキセキ,牡,5,56.0,481,-16,矢野貴,鈴木義,3.9,1,1:30.8,39.6,9-9-8-7,2,481,-16
2026/04/10,川崎,8,Ｃ１一 二,1400,ダ,左,重,雨,12,5,5,ピースシャイニー,牡,4,56.0,478,-1,和田譲,宇野博,15.4,2,1:30.8,40.1,4-5-5-5,6,478,-1
2026/04/10,川崎,8,Ｃ１一 二,1400,ダ,左,重,雨,12,7,9,ビコーズウイキャン,牡,5,56.0,465,-3,七夕裕,長谷忍,20.5,3,1:31.1,39.7,8-8-8-9,7,465,-3
2026/04/10,川崎,8,Ｃ１一 二,1400,ダ,左,重,雨,12,3,3,ボルドーティラミス,牝,4,53.0,458,-5,中山遥,田邊陽,25.1,4,1:31.1,41.5,1-1-1-1,8,458,-5
2026/04/10,川崎,8,Ｃ１一 二,1400,ダ,左,重,雨,12,2,2,スナオナキモチ,牝,6,54.0,425,-8,田中涼,山田質,77.5,5,1:31.3,39.7,9-10-10-9,10,425,-8
2026/04/10,川崎,8,Ｃ１一 二,1400,ダ,左,重,雨,12,5,6,ノーブルウィスパー,牝,5,54.0,455,3,増田充,佐々仁,13.0,6,1:31.3,40.6,7-6-6-6,5,455,3
2026/04/10,川崎,8,Ｃ１一 二,1400,ダ,左,重,雨,12,1,1,ランニングホット,牝,4,54.0,424,-7,張田昂,山崎裕,10.2,7,1:31.7,41.4,4-4-4-2,4,424,-7
2026/04/10,川崎,8,Ｃ１一 二,1400,ダ,左,重,雨,12,8,11,ニキ,牡,5,56.0,505,0,町田直,野口寛,4.6,8,1:31.9,41.9,1-3-1-2,3,505,0
2026/04/10,川崎,8,Ｃ１一 二,1400,ダ,左,重,雨,12,8,12,アオイラン,牝,5,54.0,476,-4,櫻井光,久保勇,104.5,9,1:32.8,41.2,11-10-10-11,11,476,-4
2026/04/10,川崎,8,Ｃ１一 二,1400,ダ,左,重,雨,12,7,10,ブラッドライン,牡,7,55.0,493,6,佐野遥,田島寿,2.4,10,1:32.8,41.8,6-6-6-7,1,493,6
2026/04/10,川崎,8,Ｃ１一 二,1400,ダ,左,重,雨,12,6,7,ミスサン,牝,5,54.0,447,1,鷹見陸,佐藤博,36.1,11,1:33.9,44.1,1-2-1-2,9,447,1
2026/04/10,川崎,8,Ｃ１一 二,1400,ダ,左,重,雨,12,6,8,タキ,牡,5,56.0,0,0,野畑凌,甲田悟,,,,,,,0,0
2026/04/10,川崎,9,Ｃ１一 二,1400,ダ,左,重,雨,12,7,10,デルマプルシャ,セ,0,56.0,498,-8,野畑凌,箕輪武,2.4,1,1:31.4,40.4,1-1-1-1,1,498,-8
2026/04/10,川崎,9,Ｃ１一 二,1400,ダ,左,重,雨,12,8,12,モウ,牡,4,56.0,483,-12,福原杏,水野貴,6.8,2,1:32.0,40.0,9-8-4-6,3,483,-12
2026/04/10,川崎,9,Ｃ１一 二,1400,ダ,左,重,雨,12,6,7,シエルラビクトア,牝,6,54.0,504,-4,町田直,山田質,23.6,3,1:32.2,40.6,4-3-2-3,6,504,-4
2026/04/10,川崎,9,Ｃ１一 二,1400,ダ,左,重,雨,12,4,4,スターアドミラル,牡,5,55.0,509,11,佐野遥,高月賢,50.0,4,1:32.3,40.7,3-3-2-2,8,509,11
2026/04/10,川崎,9,Ｃ１一 二,1400,ダ,左,重,雨,12,5,6,リコーターター,牝,4,54.0,466,-3,西啓太,久保秀,54.5,5,1:32.4,40.0,11-11-9-8,9,466,-3
2026/04/10,川崎,9,Ｃ１一 二,1400,ダ,左,重,雨,12,6,8,マジカルレイズ,牡,5,56.0,477,-3,張田昂,山崎裕,13.5,6,1:32.6,40.6,9-8-4-4,4,477,-3
2026/04/10,川崎,9,Ｃ１一 二,1400,ダ,左,重,雨,12,2,2,アンジュミストラル,牝,5,51.0,473,3,加藤雄,佐藤博,32.1,7,1:33.0,41.0,4-6-7-6,7,473,3
2026/04/10,川崎,9,Ｃ１一 二,1400,ダ,左,重,雨,12,7,9,カプローニ,牝,5,54.0,456,-8,岡村健,酒井一,75.2,8,1:33.0,41.0,7-6-6-4,11,456,-8
2026/04/10,川崎,9,Ｃ１一 二,1400,ダ,左,重,雨,12,3,3,アイノシャンティー,牝,5,54.0,512,5,矢野貴,佐々仁,14.7,9,1:33.4,41.0,11-11-9-9,5,512,5
2026/04/10,川崎,9,Ｃ１一 二,1400,ダ,左,重,雨,12,5,5,エスジースパークル,牝,6,54.0,470,17,木間龍,田島寿,103.3,10,1:33.8,41.6,7-8-7-10,12,470,17
2026/04/10,川崎,9,Ｃ１一 二,1400,ダ,左,重,雨,12,1,1,ベルエアキング,牡,4,56.0,485,1,笹川翼,酒井忍,2.4,,,,2-2,2,485,1
2026/04/10,川崎,9,Ｃ１一 二,1400,ダ,左,重,雨,12,8,11,アルティメット,牝,5,54.0,414,5,中越琉,武井和,70.6,,,,4-3,10,414,5
2026/04/10,川崎,10,神速賞Ｃ１選定馬,900,ダ,左,不良,雨,12,7,9,モズアンドモズ,牝,4,54.0,473,8,野畑凌,秋山直,1.7,1,0:54.8,37.5,3-1-1,1,473,8
2026/04/10,川崎,10,神速賞Ｃ１選定馬,900,ダ,左,不良,雨,12,6,8,マナコア,牝,4,54.0,487,-3,町田直,平田正,4.0,2,0:54.8,37.7,1-1-2,2,487,-3
2026/04/10,川崎,10,神速賞Ｃ１選定馬,900,ダ,左,不良,雨,12,7,10,シナツヒメ,牝,4,54.0,439,-3,和田譲,新井清,22.6,3,0:55.3,37.2,9-5-6,6,439,-3
2026/04/10,川崎,10,神速賞Ｃ１選定馬,900,ダ,左,不良,雨,12,2,2,サンファウンテン,牡,5,56.0,495,-4,西村栄,石井勝,89.3,4,0:55.4,37.9,3-4-4,9,495,-4
2026/04/10,川崎,10,神速賞Ｃ１選定馬,900,ダ,左,不良,雨,12,8,12,イイクニアシェル,牡,5,55.0,513,4,佐野遥,久保秀,7.5,5,0:55.6,37.1,6-7-6,3,513,4
2026/04/10,川崎,10,神速賞Ｃ１選定馬,900,ダ,左,不良,雨,12,5,5,クラパッション,牝,4,54.0,482,0,西啓太,藤原智,95.0,6,0:55.6,37.3,6-8-6,11,482,0
2026/04/10,川崎,10,神速賞Ｃ１選定馬,900,ダ,左,不良,雨,12,3,3,デルマカミーラ,牝,7,54.0,482,2,古岡勇,山崎裕,16.4,7,0:55.7,38.4,1-3-3,5,482,2
2026/04/10,川崎,10,神速賞Ｃ１選定馬,900,ダ,左,不良,雨,12,5,6,ネバーエンドマーチ,牡,4,55.0,465,-10,中山遥,高月賢,32.3,8,0:56.3,38.4,3-5-5,7,465,-10
2026/04/10,川崎,10,神速賞Ｃ１選定馬,900,ダ,左,不良,雨,12,8,11,ラヴィンローゼス,牝,5,54.0,400,1,藤江渉,八木喜,60.3,9,0:56.3,37.1,12-11-11,8,400,1
2026/04/10,川崎,10,神速賞Ｃ１選定馬,900,ダ,左,不良,雨,12,6,7,シンシアビューティ,牝,4,54.0,462,-6,新原周,林隆之,92.4,10,0:56.5,38.0,9-8-9,10,462,-6
2026/04/10,川崎,10,神速賞Ｃ１選定馬,900,ダ,左,不良,雨,12,4,4,シンフォニーシーズ,牝,4,54.0,434,-3,菅原涼,佐々仁,8.9,11,0:56.7,38.2,6-10-10,4,434,-3
2026/04/10,川崎,10,神速賞Ｃ１選定馬,900,ダ,左,不良,雨,12,1,1,アンエクスプロード,牡,4,56.0,524,-4,澤田龍,大津剛,102.2,12,0:56.9,38.1,9-11-11,12,524,-4
2026/04/10,川崎,11,桜吹雪特別Ｂ１二Ｂ２一,1600,ダ,左,不良,雨,10,4,4,グーヴェルナイユ,牡,5,57.0,475,4,澤田龍,森泰斗,2.7,1,1:43.2,40.0,3-3-1-3,1,475,4
2026/04/10,川崎,11,桜吹雪特別Ｂ１二Ｂ２一,1600,ダ,左,不良,雨,10,8,10,ティルドーン,牡,6,57.0,532,-19,野畑凌,小久智,7.9,2,1:43.5,40.4,2-2-1-1,4,532,-19
2026/04/10,川崎,11,桜吹雪特別Ｂ１二Ｂ２一,1600,ダ,左,不良,雨,10,1,1,ホッコーソムニウム,牡,6,56.0,488,-2,佐野遥,山崎裕,4.4,3,1:43.6,40.3,4-3-4-3,3,488,-2
2026/04/10,川崎,11,桜吹雪特別Ｂ１二Ｂ２一,1600,ダ,左,不良,雨,10,2,2,ドリームジャパン,牡,4,57.0,470,2,矢野貴,高月賢,3.4,4,1:43.8,40.3,6-6-4-5,2,470,2
2026/04/10,川崎,11,桜吹雪特別Ｂ１二Ｂ２一,1600,ダ,左,不良,雨,10,7,8,ランドマックス,牡,5,57.0,513,-6,木間龍,矢野義,26.5,5,1:44.1,40.5,6-7-4-5,7,513,-6
2026/04/10,川崎,11,桜吹雪特別Ｂ１二Ｂ２一,1600,ダ,左,不良,雨,10,5,5,マインドユアミモザ,牝,6,52.0,484,5,加藤雄,河津裕,154.7,6,1:44.3,39.9,10-10-9-9,10,484,5
2026/04/10,川崎,11,桜吹雪特別Ｂ１二Ｂ２一,1600,ダ,左,不良,雨,10,6,6,サヨノフィールド,牡,7,57.0,519,0,鷹見陸,加藤誠,46.5,7,1:44.8,40.8,8-8-8-5,8,519,0
2026/04/10,川崎,11,桜吹雪特別Ｂ１二Ｂ２一,1600,ダ,左,不良,雨,10,3,3,メンタイマヨ,牡,7,57.0,498,-2,新原周,林隆之,8.9,8,1:45.3,41.5,4-3-7-8,5,498,-2
2026/04/10,川崎,11,桜吹雪特別Ｂ１二Ｂ２一,1600,ダ,左,不良,雨,10,8,9,カレンチャンキー,牝,6,55.0,483,-4,櫻井光,小久智,17.4,9,1:45.3,42.2,1-1-1-1,6,483,-4
2026/04/10,川崎,11,桜吹雪特別Ｂ１二Ｂ２一,1600,ダ,左,不良,雨,10,7,7,マサハヤウォルズ,牡,6,57.0,491,2,和田譲,野口孝,62.6,10,1:49.7,45.2,8-9-10-10,9,491,2
2026/04/10,川崎,12,ファイナルアンサー賞Ｂ３川崎競馬所属選定,1500,ダ,左,不良,雨,11,3,3,ヴィルミーキスミー,牝,4,54.0,466,1,矢野貴,古澤悟,2.9,1,1:37.2,39.8,3-3-4-2,1,466,1
2026/04/10,川崎,12,ファイナルアンサー賞Ｂ３川崎競馬所属選定,1500,ダ,左,不良,雨,11,8,10,クロームウルフ,牡,5,56.0,471,3,山林信,平田正,11.6,2,1:37.6,41.2,1-1-1-1,5,471,3
2026/04/10,川崎,12,ファイナルアンサー賞Ｂ３川崎競馬所属選定,1500,ダ,左,不良,雨,11,2,2,エムティワイザー,牡,4,56.0,429,3,古岡勇,山崎裕,3.1,3,1:37.6,39.5,9-9-10-7,2,429,3
2026/04/10,川崎,12,ファイナルアンサー賞Ｂ３川崎競馬所属選定,1500,ダ,左,不良,雨,11,6,7,コスモスミッチー,牝,6,54.0,471,11,新原周,田邊陽,29.4,4,1:37.7,40.5,2-2-2-3,9,471,11
2026/04/10,川崎,12,ファイナルアンサー賞Ｂ３川崎競馬所属選定,1500,ダ,左,不良,雨,11,1,1,テディージュエリー,牡,4,56.0,499,-1,増田充,加藤誠,27.4,5,1:37.7,39.9,8-7-9-4,8,499,-1
2026/04/10,川崎,12,ファイナルアンサー賞Ｂ３川崎競馬所属選定,1500,ダ,左,不良,雨,11,6,6,エイシントゥラン,牝,7,54.0,476,4,池谷匠,今井輝,13.3,6,1:37.8,40.4,3-3-2-4,6,476,4
2026/04/10,川崎,12,ファイナルアンサー賞Ｂ３川崎競馬所属選定,1500,ダ,左,不良,雨,11,7,9,コパノマロン,牝,4,54.0,453,6,櫻井光,山崎尋,26.3,7,1:37.9,40.4,3-3-6-4,7,453,6
2026/04/10,川崎,12,ファイナルアンサー賞Ｂ３川崎競馬所属選定,1500,ダ,左,不良,雨,11,8,11,アルメールヴェント,牡,4,53.0,461,1,加藤雄,河津裕,7.6,8,1:38.5,40.8,6-6-6-7,4,461,1
2026/04/10,川崎,12,ファイナルアンサー賞Ｂ３川崎競馬所属選定,1500,ダ,左,不良,雨,11,7,8,レッドサラマンダー,牡,4,55.0,472,3,中山遥,久保秀,74.1,9,1:39.5,40.6,11-11-11-10,11,472,3
2026/04/10,川崎,12,ファイナルアンサー賞Ｂ３川崎競馬所属選定,1500,ダ,左,不良,雨,11,5,5,アーサ,牡,4,56.0,491,-8,野畑凌,高月賢,6.0,10,1:39.8,42.1,9-9-4-7,3,491,-8
2026/04/10,川崎,12,ファイナルアンサー賞Ｂ３川崎競馬所属選定,1500,ダ,左,不良,雨,11,4,4,ゴールドモーニン,牡,4,56.0,518,-25,木間龍,田島寿,59.9,11,1:39.9,41.9,7-7-6-10,10,518,-25
2026/05/11,川崎,1,３歳６,1400,ダ,左,良,晴,12,6,8,パワポケカノン,牡,3,56.0,471,2,古岡勇,山崎裕,1.5,1,1:31.7,39.0,9-8-5-2,1,471,2
2026/05/11,川崎,1,３歳６,1400,ダ,左,良,晴,12,5,5,ナイスキック,牝,3,54.0,485,15,野畑凌,茂木浩,2.3,2,1:32.4,40.5,1-1-1-1,2,485,15
2026/05/11,川崎,1,３歳６,1400,ダ,左,良,晴,12,1,1,エムブイピーコール,牝,3,54.0,430,1,福原杏,川村守,156.0,3,1:33.3,41.0,5-5-5-5,11,430,1
2026/05/11,川崎,1,３歳６,1400,ダ,左,良,晴,12,8,11,ハマウルフ,牡,3,56.0,470,2,木間龍,田島寿,104.1,4,1:33.6,41.5,4-4-1-2,8,470,2
2026/05/11,川崎,1,３歳６,1400,ダ,左,良,晴,12,5,6,ティンガティンガ,セ,0,56.0,399,-5,櫻井光,佐藤博,117.9,5,1:34.3,42.2,1-1-1-2,10,399,-5
2026/05/11,川崎,1,３歳６,1400,ダ,左,良,晴,12,3,3,ラヴィッジ,牡,3,56.0,483,1,藤本現,内田勝,75.8,6,1:34.3,41.3,11-11-10-11,7,483,1
2026/05/11,川崎,1,３歳６,1400,ダ,左,良,晴,12,4,4,ガラデラパンテラ,牡,3,56.0,506,29,佐野遥,鈴木義,58.6,7,1:34.5,41.5,9-10-10-9,6,506,29
2026/05/11,川崎,1,３歳６,1400,ダ,左,良,晴,12,7,9,テンザンパパ,牡,3,56.0,444,4,新原周,内田勝,204.3,8,1:34.6,41.0,12-12-12-11,12,444,4
2026/05/11,川崎,1,３歳６,1400,ダ,左,良,晴,12,2,2,テンノウズアイル,牝,3,54.0,421,-13,町田直,田島寿,35.2,9,1:34.7,42.2,6-5-7-7,5,421,-13
2026/05/11,川崎,1,３歳６,1400,ダ,左,良,晴,12,6,7,ユウヤケコヤケ,牝,3,54.0,448,-4,伊藤裕,宇野博,116.5,10,1:35.5,42.8,8-8-9-8,9,448,-4
2026/05/11,川崎,1,３歳６,1400,ダ,左,良,晴,12,8,12,アオイノコスメ,牝,3,54.0,493,-3,和田譲,山崎裕,24.4,11,1:35.6,43.1,6-5-7-9,4,493,-3
2026/05/11,川崎,1,３歳６,1400,ダ,左,良,晴,12,7,10,ショックザワールド,牡,3,56.0,483,5,西啓太,山崎尋,23.6,12,1:35.8,43.7,1-1-1-5,3,483,5
2026/05/11,川崎,2,３歳５,1400,ダ,左,良,晴,10,3,3,ミスターベラミー,牡,3,56.0,455,2,櫻井光,山崎尋,12.0,1,1:32.3,39.8,1-1-1-1,5,455,2
2026/05/11,川崎,2,３歳５,1400,ダ,左,良,晴,10,5,5,アンジュベル,牝,3,54.0,450,3,野畑凌,高橋宏,4.8,2,1:32.6,39.9,2-2-2-2,2,450,3
2026/05/11,川崎,2,３歳５,1400,ダ,左,良,晴,10,4,4,ドナエポナ,牝,3,54.0,420,-3,岡村健,長友豊,45.0,3,1:33.1,39.9,6-6-7-4,8,420,-3
2026/05/11,川崎,2,３歳５,1400,ダ,左,良,晴,10,8,10,ワイルドスマッシュ,牡,3,56.0,477,-5,町田直,山崎尋,1.7,4,1:33.2,40.5,2-2-2-4,1,477,-5
2026/05/11,川崎,2,３歳５,1400,ダ,左,良,晴,10,7,8,ベアトゥース,セ,0,56.0,454,-7,和田譲,古澤悟,5.7,5,1:33.2,40.3,4-4-4-3,3,454,-7
2026/05/11,川崎,2,３歳５,1400,ダ,左,良,晴,10,6,6,リュウノアーチスト,牝,3,54.0,464,5,新原周,山崎尋,42.7,6,1:33.4,40.0,8-8-9-6,7,464,5
2026/05/11,川崎,2,３歳５,1400,ダ,左,良,晴,10,1,1,フジパスカル,牡,3,53.0,495,4,杉山海,佐藤博,22.2,7,1:34.0,40.6,9-8-9-8,6,495,4
2026/05/11,川崎,2,３歳５,1400,ダ,左,良,晴,10,2,2,グアピシマ,牝,3,54.0,415,-3,福原杏,古澤悟,11.8,8,1:34.3,41.1,9-10-7-10,4,415,-3
2026/05/11,川崎,2,３歳５,1400,ダ,左,良,晴,10,7,7,イノセントブレイヴ,牡,3,56.0,431,4,伊藤裕,佐藤博,246.9,9,1:34.8,41.7,6-6-4-8,10,431,4
2026/05/11,川崎,2,３歳５,1400,ダ,左,良,晴,10,8,9,ヨミイ,牝,3,51.0,385,0,加藤雄,河津裕,53.3,10,1:35.0,41.9,4-4-4-6,9,385,0
2026/05/11,川崎,3,リュフトヒエン賞３歳未格付選定馬,900,ダ,左,良,晴,12,7,10,フエルテコラソン,牝,3,54.0,457,0,川島正,佐々仁,3.2,1,0:54.8,37.4,1-1-1,2,457,0
2026/05/11,川崎,3,リュフトヒエン賞３歳未格付選定馬,900,ダ,左,良,晴,12,1,1,アースファング,牡,3,56.0,467,-1,保園翔,箕輪武,1.5,2,0:55.3,37.5,3-5-3,1,467,-1
2026/05/11,川崎,3,リュフトヒエン賞３歳未格付選定馬,900,ダ,左,良,晴,12,4,4,ロックマイソウル,牡,3,55.0,471,3,野畑凌,山田質,10.3,3,0:55.8,38.3,2-2-2,3,471,3
2026/05/11,川崎,3,リュフトヒエン賞３歳未格付選定馬,900,ダ,左,良,晴,12,5,5,ディーズメソッド,牝,3,54.0,488,-5,池谷匠,内田勝,83.9,4,0:56.3,38.6,3-3-4,8,488,-5
2026/05/11,川崎,3,リュフトヒエン賞３歳未格付選定馬,900,ダ,左,良,晴,12,5,6,ポンドリップ,牝,3,53.0,432,-12,中越琉,佐藤博,50.8,5,0:56.5,38.2,9-7-7,7,432,-12
2026/05/11,川崎,3,リュフトヒエン賞３歳未格付選定馬,900,ダ,左,良,晴,12,7,9,コグマザセカンド,牝,3,54.0,426,-7,七夕裕,宇野博,116.2,6,0:56.5,38.5,6-5-7,9,426,-7
2026/05/11,川崎,3,リュフトヒエン賞３歳未格付選定馬,900,ダ,左,良,晴,12,6,8,イアソン,牡,3,56.0,447,3,藤江渉,山田質,15.9,7,0:57.0,38.5,9-10-9,4,447,3
2026/05/11,川崎,3,リュフトヒエン賞３歳未格付選定馬,900,ダ,左,良,晴,12,2,2,プレストジャンヌ,牝,3,51.0,417,4,所　蛍,高橋宏,18.1,8,0:57.1,38.9,6-7-5,5,417,4
2026/05/11,川崎,3,リュフトヒエン賞３歳未格付選定馬,900,ダ,左,良,晴,12,3,3,シェブロンウーマン,牝,3,53.0,428,7,岡村裕,山田正,329.8,9,0:57.5,38.4,11-11-11,11,428,7
2026/05/11,川崎,3,リュフトヒエン賞３歳未格付選定馬,900,ダ,左,良,晴,12,8,12,リュウノパラダイス,牝,3,53.0,479,-6,室陽一,川村守,207.1,10,0:57.5,39.2,6-7-9,10,479,-6
2026/05/11,川崎,3,リュフトヒエン賞３歳未格付選定馬,900,ダ,左,良,晴,12,8,11,アースジュエル,牝,3,54.0,419,-13,田中涼,鈴木義,33.7,11,0:58.0,40.3,3-3-5,6,419,-13
2026/05/11,川崎,3,リュフトヒエン賞３歳未格付選定馬,900,ダ,左,良,晴,12,6,7,キングスケヨー,牡,3,56.0,0,0,古岡勇,山崎裕,,,,,,,0,0
2026/05/11,川崎,4,Ｃ３五,1400,ダ,左,良,晴,12,7,9,セクレトウェポン,セ,0,56.0,441,1,新原周,林隆之,2.1,1,1:33.1,40.7,8-8-1-1,1,441,1
2026/05/11,川崎,4,Ｃ３五,1400,ダ,左,良,晴,12,8,12,ヤマトカチドキ,牝,7,54.0,499,2,池谷匠,山田質,7.1,2,1:33.4,40.8,5-5-5-6,3,499,2
2026/05/11,川崎,4,Ｃ３五,1400,ダ,左,良,晴,12,5,5,ブルートルマリン,牝,7,54.0,502,4,達城龍,久保勇,30.5,3,1:33.5,40.4,9-8-9-6,7,502,4
2026/05/11,川崎,4,Ｃ３五,1400,ダ,左,良,晴,12,5,6,ナミエヒーロー,牡,6,56.0,451,-5,岡村裕,村田六,2.4,4,1:33.6,41.2,3-3-5-4,2,451,-5
2026/05/11,川崎,4,Ｃ３五,1400,ダ,左,良,晴,12,4,4,クラダイリン,牝,6,54.0,520,-1,及川烈,長谷忍,134.2,5,1:34.4,40.7,12-12-12-11,9,520,-1
2026/05/11,川崎,4,Ｃ３五,1400,ダ,左,良,晴,12,6,8,ケイティーユイ,牝,8,53.0,451,4,中山遥,水野貴,28.9,6,1:34.6,42.4,1-1-1-4,6,451,4
2026/05/11,川崎,4,Ｃ３五,1400,ダ,左,良,晴,12,7,10,アモフリューゲル,牝,6,54.0,451,-8,西啓太,藤原智,13.4,7,1:34.6,42.2,3-3-1-1,4,451,-8
2026/05/11,川崎,4,Ｃ３五,1400,ダ,左,良,晴,12,1,1,ワイキキビーチ,セ,0,56.0,446,-10,秋元耕,鹿沼和,187.5,8,1:35.0,42.2,7-7-7-9,10,446,-10
2026/05/11,川崎,4,Ｃ３五,1400,ダ,左,良,晴,12,6,7,カラルナ,牝,6,54.0,461,-2,櫻井光,林隆之,19.8,9,1:35.0,42.2,5-6-8-6,5,461,-2
2026/05/11,川崎,4,Ｃ３五,1400,ダ,左,良,晴,12,2,2,アンリ,牝,5,51.0,443,8,加藤雄,吉橋淳,45.7,10,1:35.3,43.1,1-1-1-3,8,443,8
2026/05/11,川崎,4,Ｃ３五,1400,ダ,左,良,晴,12,8,11,シェナカレン,牡,6,56.0,461,6,岡田大,冨田敏,304.6,11,1:35.3,41.9,10-10-10-10,11,461,6
2026/05/11,川崎,4,Ｃ３五,1400,ダ,左,良,晴,12,3,3,バーサズバラード,牝,6,54.0,428,-1,伊藤裕,平田正,493.7,12,1:37.1,43.7,10-10-10-12,12,428,-1
2026/05/11,川崎,5,ブリーズ賞３歳４,1400,ダ,左,良,晴,11,3,3,ササキントモゴロウ,牡,3,56.0,446,-2,新原周,安池成,6.2,1,1:31.8,39.8,1-1-1-1,4,446,-2
2026/05/11,川崎,5,ブリーズ賞３歳４,1400,ダ,左,良,晴,11,4,4,サムバローズ,牡,3,56.0,497,0,本田重,酒井忍,6.6,2,1:33.0,40.4,8-6-8-4,5,497,0
2026/05/11,川崎,5,ブリーズ賞３歳４,1400,ダ,左,良,晴,11,6,7,マロンデプティ,牝,3,54.0,457,3,町田直,甲田悟,4.3,3,1:33.2,41.0,1-2-2-2,1,457,3
2026/05/11,川崎,5,ブリーズ賞３歳４,1400,ダ,左,良,晴,11,5,5,クイーンズステート,牝,3,54.0,396,0,野畑凌,今井輝,5.9,4,1:33.7,41.3,5-4-4-4,2,396,0
2026/05/11,川崎,5,ブリーズ賞３歳４,1400,ダ,左,良,晴,11,8,10,フィーリアサミット,牝,3,54.0,450,-3,佐野遥,田島寿,45.3,5,1:33.7,41.5,1-2-2-3,9,450,-3
2026/05/11,川崎,5,ブリーズ賞３歳４,1400,ダ,左,良,晴,11,7,9,フォーマイディア,牝,3,54.0,443,7,池谷匠,河津裕,7.8,6,1:34.0,41.4,8-8-8-6,7,443,7
2026/05/11,川崎,5,ブリーズ賞３歳４,1400,ダ,左,良,晴,11,2,2,ファインティアラ,牝,3,54.0,436,-5,古岡勇,古澤悟,5.9,7,1:34.7,41.9,10-10-10-10,3,436,-5
2026/05/11,川崎,5,ブリーズ賞３歳４,1400,ダ,左,良,晴,11,7,8,ソウモウクッキ,牡,3,56.0,467,5,和田譲,高月賢,7.8,8,1:35.1,42.5,11-10-4-6,6,467,5
2026/05/11,川崎,5,ブリーズ賞３歳４,1400,ダ,左,良,晴,11,8,11,マイボンド,セ,0,56.0,486,-11,山林信,平田正,68.0,9,1:35.4,43.0,1-6-6-8,10,486,-11
2026/05/11,川崎,5,ブリーズ賞３歳４,1400,ダ,左,良,晴,11,1,1,バードックバイパー,牝,3,54.0,409,7,櫻井光,久保秀,80.6,10,1:36.2,43.4,7-8-10-8,11,409,7
2026/05/11,川崎,5,ブリーズ賞３歳４,1400,ダ,左,良,晴,11,6,6,ルルアメル,牝,3,54.0,422,-4,増田充,高月賢,14.6,11,1:37.0,44.6,5-5-6-10,8,422,-4
2026/05/11,川崎,6,スペアミント賞Ｃ３選定馬,1500,ダ,左,良,晴,9,1,1,パーティーキング,牡,6,56.0,481,-8,古岡勇,田邊陽,1.4,1,1:38.1,39.1,1-1-1-1,1,481,-8
2026/05/11,川崎,6,スペアミント賞Ｃ３選定馬,1500,ダ,左,良,晴,9,2,2,ムンディ,牝,4,51.0,413,0,加藤雄,武井和,21.0,2,1:39.6,40.2,4-4-3-2,5,413,0
2026/05/11,川崎,6,スペアミント賞Ｃ３選定馬,1500,ダ,左,良,晴,9,3,3,ジーニーボニータ,牡,7,56.0,499,-7,見越彬,水野貴,9.2,3,1:39.9,40.8,1-1-1-2,4,499,-7
2026/05/11,川崎,6,スペアミント賞Ｃ３選定馬,1500,ダ,左,良,晴,9,8,9,ヴァンクールシチー,牡,7,56.0,434,3,半澤慶,工藤伸,6.3,4,1:39.9,40.3,6-6-3-4,2,434,3
2026/05/11,川崎,6,スペアミント賞Ｃ３選定馬,1500,ダ,左,良,晴,9,5,5,ラフォンターナ,牡,5,56.0,539,4,伊藤裕,山田正,37.3,5,1:39.9,40.2,8-8-7-4,8,539,4
2026/05/11,川崎,6,スペアミント賞Ｃ３選定馬,1500,ダ,左,良,晴,9,7,7,カペラスター,牡,7,56.0,498,3,七夕裕,工藤伸,22.3,6,1:40.3,40.2,8-8-7-9,6,498,3
2026/05/11,川崎,6,スペアミント賞Ｃ３選定馬,1500,ダ,左,良,晴,9,4,4,クインズカヤノヒメ,牝,6,54.0,462,2,岡村裕,八木喜,8.0,7,1:40.3,40.2,6-6-6-7,3,462,2
2026/05/11,川崎,6,スペアミント賞Ｃ３選定馬,1500,ダ,左,良,晴,9,8,8,シヴァシン,牡,6,56.0,432,-5,櫻井光,入口由,24.5,8,1:40.5,40.7,1-3-7-6,7,432,-5
2026/05/11,川崎,6,スペアミント賞Ｃ３選定馬,1500,ダ,左,良,晴,9,6,6,アンジェラカフェ,牝,7,54.0,498,4,藤江渉,山田正,215.3,9,1:41.9,42.5,4-4-3-7,9,498,4
2026/05/11,川崎,7,雷響賞Ｃ２選定馬,900,ダ,左,良,晴,12,1,1,エースクイーン,牝,6,54.0,432,9,鷹見陸,佐々仁,3.4,1,0:54.6,37.3,2-1-1,2,432,9
2026/05/11,川崎,7,雷響賞Ｃ２選定馬,900,ダ,左,良,晴,12,2,2,オースター,牡,8,56.0,478,-3,西啓太,山崎裕,4.6,2,0:55.6,37.9,2-5-3,3,478,-3
2026/05/11,川崎,7,雷響賞Ｃ２選定馬,900,ダ,左,良,晴,12,7,10,メイショウユウモウ,セ,0,56.0,427,2,佐野遥,武井和,2.4,3,0:55.9,38.4,2-3-2,1,427,2
2026/05/11,川崎,7,雷響賞Ｃ２選定馬,900,ダ,左,良,晴,12,4,4,ラックナシェード,牝,4,54.0,447,1,櫻井光,田邊陽,8.3,4,0:56.2,38.1,6-7-5,5,447,1
2026/05/11,川崎,7,雷響賞Ｃ２選定馬,900,ダ,左,良,晴,12,6,7,シーメジャー,牝,5,54.0,475,-1,木間龍,野口寛,120.5,5,0:56.7,38.6,6-7-8,10,475,-1
2026/05/11,川崎,7,雷響賞Ｃ２選定馬,900,ダ,左,良,晴,12,8,12,ハナチャン,牝,5,54.0,397,11,田中涼,山田質,31.1,6,0:56.7,39.2,2-1-3,6,397,11
2026/05/11,川崎,7,雷響賞Ｃ２選定馬,900,ダ,左,良,晴,12,6,8,ニシノアクシス,牡,9,55.0,507,0,中山遥,吉田正,112.1,7,0:57.1,38.4,10-9-9,9,507,0
2026/05/11,川崎,7,雷響賞Ｃ２選定馬,900,ダ,左,良,晴,12,3,3,ヒシルリアン,牡,6,56.0,512,-8,岡田大,川島豊,159.9,8,0:57.1,38.4,9-12-12,11,512,-8
2026/05/11,川崎,7,雷響賞Ｃ２選定馬,900,ダ,左,良,晴,12,5,6,ベルバルト,牡,4,56.0,455,4,野畑凌,酒井忍,8.2,9,0:57.4,38.4,12-9-9,4,455,4
2026/05/11,川崎,7,雷響賞Ｃ２選定馬,900,ダ,左,良,晴,12,7,9,サンシスイメイ,牝,5,51.0,390,1,杉山海,鹿沼和,61.7,10,0:57.4,39.9,1-3-6,8,390,1
2026/05/11,川崎,7,雷響賞Ｃ２選定馬,900,ダ,左,良,晴,12,8,11,レターフロムパリ,牝,5,54.0,468,-1,和田譲,久保勇,48.6,11,0:57.4,39.3,6-6-6,7,468,-1
2026/05/11,川崎,7,雷響賞Ｃ２選定馬,900,ダ,左,良,晴,12,5,5,カンナギ,牝,4,54.0,414,7,藤江渉,平田正,222.3,12,0:57.7,39.0,11-9-9,12,414,7
2026/05/11,川崎,8,Ｃ２一 二,1400,ダ,左,良,晴,10,3,3,ヒソカ,牡,4,56.0,494,-4,安藤洋,佐藤博,4.9,1,1:32.6,39.2,4-4-4-3,2,494,-4
2026/05/11,川崎,8,Ｃ２一 二,1400,ダ,左,良,晴,10,7,7,ディセプティコン,牡,4,56.0,493,5,町田直,内田勝,2.1,2,1:32.6,39.6,1-2-1-2,1,493,5
2026/05/11,川崎,8,Ｃ２一 二,1400,ダ,左,良,晴,10,1,1,アルバレジェンダ,牝,4,54.0,451,12,佐野遥,高月賢,19.7,3,1:32.7,39.7,1-1-1-1,6,451,12
2026/05/11,川崎,8,Ｃ２一 二,1400,ダ,左,良,晴,10,4,4,ミライヘノテンシ,牝,4,54.0,463,5,増田充,佐々仁,6.1,4,1:32.8,39.0,10-8-10-7,4,463,5
2026/05/11,川崎,8,Ｃ２一 二,1400,ダ,左,良,晴,10,7,8,サンクリュウ,牝,4,54.0,496,7,野畑凌,高月賢,7.4,5,1:33.3,39.9,4-4-4-3,5,496,7
2026/05/11,川崎,8,Ｃ２一 二,1400,ダ,左,良,晴,10,8,9,カレンメラメーラ,牝,5,54.0,461,-7,岡村裕,八木喜,94.7,6,1:33.5,40.4,3-2-1-5,10,461,-7
2026/05/11,川崎,8,Ｃ２一 二,1400,ダ,左,良,晴,10,5,5,サンディビーチ,牡,5,56.0,487,8,シャベ,林隆之,84.5,7,1:33.6,39.4,8-10-8-9,9,487,8
2026/05/11,川崎,8,Ｃ２一 二,1400,ダ,左,良,晴,10,8,10,モメン,牝,4,54.0,455,-2,笹川翼,山崎尋,5.3,8,1:33.8,40.1,7-7-6-5,3,455,-2
2026/05/11,川崎,8,Ｃ２一 二,1400,ダ,左,良,晴,10,6,6,カラフルピーチ,牝,5,54.0,426,0,室陽一,海馬司,75.0,9,1:34.2,40.3,8-8-6-7,8,426,0
2026/05/11,川崎,8,Ｃ２一 二,1400,ダ,左,良,晴,10,2,2,トラストガーベラ,牝,5,54.0,460,17,新原周,吉橋淳,56.9,10,1:35.2,41.7,4-4-8-9,7,460,17
2026/05/11,川崎,9,Ｃ２一 二,1400,ダ,左,良,晴,10,8,9,ゼンダントモニ,牡,4,56.0,475,3,秋元耕,佐々仁,3.3,1,1:31.2,39.5,1-1-1-1,2,475,3
2026/05/11,川崎,9,Ｃ２一 二,1400,ダ,左,良,晴,10,3,3,マッセダムール,牝,4,54.0,446,5,御神訓,林隆之,2.8,2,1:31.6,39.0,3-4-5-3,1,446,5
2026/05/11,川崎,9,Ｃ２一 二,1400,ダ,左,良,晴,10,7,8,フィリグラン,牝,4,54.0,428,6,本田重,佐々仁,5.1,3,1:32.0,40.0,2-2-3-2,3,428,6
2026/05/11,川崎,9,Ｃ２一 二,1400,ダ,左,良,晴,10,1,1,ニシノヤングマン,牡,5,56.0,479,1,山林信,酒井忍,8.0,4,1:32.4,39.4,6-8-7-6,5,479,1
2026/05/11,川崎,9,Ｃ２一 二,1400,ダ,左,良,晴,10,7,7,キャッスルシャイン,牝,4,54.0,419,6,小杉亮,渋谷博,38.6,5,1:32.7,39.8,6-6-6-6,8,419,6
2026/05/11,川崎,9,Ｃ２一 二,1400,ダ,左,良,晴,10,4,4,ウロボロス,牡,5,53.0,465,2,加藤雄,山崎尋,226.6,6,1:32.9,39.4,10-10-10-9,10,465,2
2026/05/11,川崎,9,Ｃ２一 二,1400,ダ,左,良,晴,10,6,6,グラスアラバニーユ,牡,7,56.0,469,-3,佐野遥,吉橋淳,164.2,7,1:33.1,40.1,5-6-8-8,9,469,-3
2026/05/11,川崎,9,Ｃ２一 二,1400,ダ,左,良,晴,10,5,5,ストロンゲスト,牡,7,56.0,496,5,町田直,古澤悟,17.2,8,1:33.2,41.0,9-4-3-5,6,496,5
2026/05/11,川崎,9,Ｃ２一 二,1400,ダ,左,良,晴,10,2,2,ヒョイザブロー,セ,0,56.0,475,-8,濱田達,伊藤滋,32.3,9,1:33.7,40.4,8-9-8-9,7,475,-8
2026/05/11,川崎,9,Ｃ２一 二,1400,ダ,左,良,晴,10,8,10,グローリアスゾスマ,牝,8,54.0,499,9,増田充,高月賢,6.1,10,1:33.7,41.7,3-2-2-3,4,499,9
2026/05/11,川崎,10,不如帰特別３歳１,1600,ダ,左,良,晴,6,5,5,ラーマ,牡,3,56.0,514,-1,町田直,内田勝,2.2,1,1:45.0,38.3,5-5-5-3,1,514,-1
2026/05/11,川崎,10,不如帰特別３歳１,1600,ダ,左,良,晴,6,6,6,ストゥディア,牡,3,57.0,510,-3,木間龍,森　始,3.6,2,1:45.1,39.0,1-1-1-1,2,510,-3
2026/05/11,川崎,10,不如帰特別３歳１,1600,ダ,左,良,晴,6,1,1,ケツァールアズール,牡,3,56.0,487,0,中越琉,佐藤博,10.9,3,1:45.1,39.1,1-1-1-1,5,487,0
2026/05/11,川崎,10,不如帰特別３歳１,1600,ダ,左,良,晴,6,2,2,ゴールドライン,牡,3,56.0,495,-11,及川烈,鹿沼和,6.1,4,1:45.6,39.2,3-3-3-5,4,495,-11
2026/05/11,川崎,10,不如帰特別３歳１,1600,ダ,左,良,晴,6,3,3,ロクノレインボー,牡,3,56.0,451,-1,藤本現,山崎尋,5.0,5,1:45.9,39.5,3-3-3-3,3,451,-1
2026/05/11,川崎,10,不如帰特別３歳１,1600,ダ,左,良,晴,6,4,4,ミノリクン,牡,3,57.0,491,3,岡村健,甲田悟,12.0,6,1:46.0,39.3,5-5-6-6,6,491,3
2026/05/11,川崎,11,草笛特別Ｂ２二,1500,ダ,左,良,晴,14,3,4,マロンシャンテリー,牡,5,56.0,461,-5,櫻井光,工藤伸,53.1,1,1:35.1,39.4,2-2-1-2,12,461,-5
2026/05/11,川崎,11,草笛特別Ｂ２二,1500,ダ,左,良,晴,14,6,10,ビップソリオ,セ,0,56.0,527,3,笹川翼,秋山直,7.9,2,1:35.1,38.8,4-5-5-3,4,527,3
2026/05/11,川崎,11,草笛特別Ｂ２二,1500,ダ,左,良,晴,14,3,3,モネ,牝,7,54.0,477,-3,新原周,林隆之,5.4,3,1:35.4,38.9,6-5-6-5,3,477,-3
2026/05/11,川崎,11,草笛特別Ｂ２二,1500,ダ,左,良,晴,14,7,11,ソイラテ,牡,4,56.0,478,3,矢野貴,佐々仁,3.8,4,1:35.4,38.4,10-10-10-7,1,478,3
2026/05/11,川崎,11,草笛特別Ｂ２二,1500,ダ,左,良,晴,14,5,7,レグノ,牡,5,56.0,502,5,本田重,佐藤博,11.6,5,1:35.4,39.4,4-3-3-3,7,502,5
2026/05/11,川崎,11,草笛特別Ｂ２二,1500,ダ,左,良,晴,14,5,8,オリコウデレガンス,牝,4,54.0,460,5,古岡勇,安池成,9.6,6,1:36.0,39.3,7-7-7-5,5,460,5
2026/05/11,川崎,11,草笛特別Ｂ２二,1500,ダ,左,良,晴,14,2,2,フォースゲイト,牡,5,56.0,454,-5,西啓太,山崎裕,39.1,7,1:36.0,39.2,9-8-9-7,9,454,-5
2026/05/11,川崎,11,草笛特別Ｂ２二,1500,ダ,左,良,晴,14,4,5,フイノマジワリ,牝,5,54.0,463,2,野畑凌,佐藤博,4.0,8,1:36.4,39.4,13-12-7-9,2,463,2
2026/05/11,川崎,11,草笛特別Ｂ２二,1500,ダ,左,良,晴,14,8,13,モンゲーハガネ,牡,8,56.0,485,-2,和田譲,鈴木義,46.8,9,1:36.4,39.2,11-12-13-10,11,485,-2
2026/05/11,川崎,11,草笛特別Ｂ２二,1500,ダ,左,良,晴,14,4,6,キットサクラサク,セ,0,56.0,474,-4,本田紀,田邊陽,452.8,10,1:36.5,39.3,11-11-13-10,14,474,-4
2026/05/11,川崎,11,草笛特別Ｂ２二,1500,ダ,左,良,晴,14,6,9,デーレーラプター,牡,5,56.0,484,0,佐野遥,鈴木義,45.2,11,1:36.9,41.4,1-1-1-1,10,484,0
2026/05/11,川崎,11,草笛特別Ｂ２二,1500,ダ,左,良,晴,14,1,1,チャチャハツゴウ,牝,4,54.0,477,6,御神訓,林隆之,10.4,12,1:37.2,39.8,13-14-12-12,6,477,6
2026/05/11,川崎,11,草笛特別Ｂ２二,1500,ダ,左,良,晴,14,7,12,ボニーマジェスティ,牡,7,56.0,502,0,町田直,平田正,16.2,13,1:37.5,40.5,7-8-11-14,8,502,0
2026/05/11,川崎,11,草笛特別Ｂ２二,1500,ダ,左,良,晴,14,8,14,プレストルーチェ,セ,0,54.0,518,7,所　蛍,高橋宏,296.3,14,1:38.5,42.4,2-4-3-12,13,518,7
2026/05/11,川崎,12,青玉賞Ｃ１選定馬,900,ダ,左,良,晴,12,5,5,マナコア,牝,4,54.0,482,-5,町田直,平田正,1.4,1,0:54.3,36.9,1-1-1,1,482,-5
2026/05/11,川崎,12,青玉賞Ｃ１選定馬,900,ダ,左,良,晴,12,8,12,ムーランアルザン,牝,7,54.0,510,-1,佐野遥,山崎裕,6.7,2,0:54.9,37.3,2-2-2,3,510,-1
2026/05/11,川崎,12,青玉賞Ｃ１選定馬,900,ダ,左,良,晴,12,8,11,サラサエンペラー,牡,4,56.0,495,3,野畑凌,内田勝,5.3,3,0:55.3,37.4,10-3-3,2,495,3
2026/05/11,川崎,12,青玉賞Ｃ１選定馬,900,ダ,左,良,晴,12,1,1,ルミナヴァル,牝,4,54.0,473,-3,新原周,高月賢,20.4,4,0:55.3,37.5,3-5-3,5,473,-3
2026/05/11,川崎,12,青玉賞Ｃ１選定馬,900,ダ,左,良,晴,12,7,9,イイクニアシェル,牡,5,56.0,512,-1,矢野貴,久保秀,13.7,5,0:55.5,37.6,5-5-6,4,512,-1
2026/05/11,川崎,12,青玉賞Ｃ１選定馬,900,ダ,左,良,晴,12,2,2,ラヴィンローゼス,牝,5,54.0,400,0,櫻井光,八木喜,66.7,6,0:55.6,37.1,7-11-8,10,400,0
2026/05/11,川崎,12,青玉賞Ｃ１選定馬,900,ダ,左,良,晴,12,7,10,テルケンレンタワー,牡,4,56.0,484,1,中越琉,佐藤博,32.5,7,0:55.9,38.1,5-3-5,6,484,1
2026/05/11,川崎,12,青玉賞Ｃ１選定馬,900,ダ,左,良,晴,12,5,6,バースフラワー,牝,4,54.0,448,2,藤江渉,山田質,52.9,8,0:55.9,37.8,7-7-7,8,448,2
2026/05/11,川崎,12,青玉賞Ｃ１選定馬,900,ダ,左,良,晴,12,6,7,グァンバーレ,牝,4,54.0,432,2,池谷匠,村田順,110.0,9,0:56.1,37.7,7-9-9,11,432,2
2026/05/11,川崎,12,青玉賞Ｃ１選定馬,900,ダ,左,良,晴,12,3,3,ゴールドサイカ,牝,4,54.0,463,25,増田充,田島寿,280.5,10,0:56.4,37.9,12-11-10,12,463,25
2026/05/11,川崎,12,青玉賞Ｃ１選定馬,900,ダ,左,良,晴,12,6,8,ラピルスイメル,牝,4,54.0,511,13,古岡勇,加藤誠,41.7,11,0:56.7,38.0,10-10-11,7,511,13
2026/05/11,川崎,12,青玉賞Ｃ１選定馬,900,ダ,左,良,晴,12,4,4,シルヴァーリップ,牝,5,54.0,427,3,伊藤裕,林隆之,66.4,12,0:57.6,39.7,3-7-11,9,427,3
2026/05/12,川崎,1,３歳７,1400,ダ,左,良,晴,12,2,2,ブルーオーシャン,牡,3,56.0,510,29,櫻井光,八木喜,1.6,1,1:33.0,39.0,1-1-1-1,1,510,29
2026/05/12,川崎,1,３歳７,1400,ダ,左,良,晴,12,6,7,クツシタオトシタ,牝,3,54.0,441,5,西啓太,高橋宏,8.1,2,1:33.9,39.9,11-10-1-2,4,441,5
2026/05/12,川崎,1,３歳７,1400,ダ,左,良,晴,12,4,4,トラストテンホー,牡,3,56.0,429,-3,野畑凌,吉橋淳,7.0,3,1:34.3,39.7,4-4-4-3,2,429,-3
2026/05/12,川崎,1,３歳７,1400,ダ,左,良,晴,12,1,1,アウフタクト,牝,3,54.0,431,6,池谷匠,山田質,26.4,4,1:34.3,39.3,5-5-7-5,7,431,6
2026/05/12,川崎,1,３歳７,1400,ダ,左,良,晴,12,5,6,ココア,牝,3,54.0,454,-13,藤江渉,古澤悟,108.8,5,1:34.5,40.3,3-2-3-3,10,454,-13
2026/05/12,川崎,1,３歳７,1400,ダ,左,良,晴,12,3,3,ミュークティアラ,セ,0,56.0,454,2,伊藤裕,甲田悟,17.9,6,1:35.0,39.6,7-7-9-7,6,454,2
2026/05/12,川崎,1,３歳７,1400,ダ,左,良,晴,12,7,10,ハルカビジン,牝,3,54.0,427,-7,菅原涼,藤原智,94.3,7,1:36.0,41.2,5-5-4-6,9,427,-7
2026/05/12,川崎,1,３歳７,1400,ダ,左,良,晴,12,8,11,アスパラノヴァ,牡,3,56.0,450,-1,山林信,田邊陽,54.3,8,1:36.7,40.8,10-12-12-12,8,450,-1
2026/05/12,川崎,1,３歳７,1400,ダ,左,良,晴,12,7,9,アビエーション,牝,3,54.0,459,-6,保園翔,吉田正,115.6,9,1:36.8,41.4,12-11-8-8,11,459,-6
2026/05/12,川崎,1,３歳７,1400,ダ,左,良,晴,12,8,12,ユウユウカツサンド,牝,3,54.0,413,-6,本田紀,武井和,147.8,10,1:36.8,41.5,7-7-9-9,12,413,-6
2026/05/12,川崎,1,３歳７,1400,ダ,左,良,晴,12,6,8,イチゴプリン,牝,3,54.0,425,-2,古岡勇,安池成,11.2,11,1:37.1,41.6,7-9-11-9,5,425,-2
2026/05/12,川崎,1,３歳７,1400,ダ,左,良,晴,12,5,5,マッドチェイサー,牡,3,56.0,447,0,町田直,山田質,7.4,12,1:39.7,45.1,1-2-6-9,3,447,0
2026/05/12,川崎,2,Ｃ３三 四,1400,ダ,左,良,晴,9,8,9,シルヴァギンジ,牡,7,56.0,498,-2,伊藤裕,田邊陽,2.5,1,1:33.1,40.2,2-1-1-1,2,498,-2
2026/05/12,川崎,2,Ｃ３三 四,1400,ダ,左,良,晴,9,4,4,ディバインウィル,牝,5,54.0,407,15,福原杏,田島寿,34.1,2,1:33.8,40.0,5-5-5-5,7,407,15
2026/05/12,川崎,2,Ｃ３三 四,1400,ダ,左,良,晴,9,8,8,ミサイルビスケッツ,牝,6,54.0,421,-1,古岡勇,今井輝,6.9,3,1:33.9,39.8,8-7-6-5,3,421,-1
2026/05/12,川崎,2,Ｃ３三 四,1400,ダ,左,良,晴,9,2,2,クリナデシコ,牝,4,54.0,479,12,岡村裕,山田正,161.4,4,1:34.0,41.1,1-1-1-1,9,479,12
2026/05/12,川崎,2,Ｃ３三 四,1400,ダ,左,良,晴,9,5,5,バララララララ,牝,6,54.0,422,-4,岡村健,工藤伸,38.8,5,1:34.3,41.1,4-4-4-3,8,422,-4
2026/05/12,川崎,2,Ｃ３三 四,1400,ダ,左,良,晴,9,3,3,ジーティーケリー,牝,4,54.0,412,14,山林信,村田順,8.3,6,1:34.4,40.1,9-9-8-8,4,412,14
2026/05/12,川崎,2,Ｃ３三 四,1400,ダ,左,良,晴,9,1,1,ダンシングハピリー,牝,6,54.0,415,2,本田紀,武井和,24.4,7,1:34.6,40.8,5-5-6-5,6,415,2
2026/05/12,川崎,2,Ｃ３三 四,1400,ダ,左,良,晴,9,6,6,イチモクサン,セ,0,56.0,476,0,和田譲,酒井一,2.4,8,1:34.9,42.0,2-3-1-3,1,476,0
2026/05/12,川崎,2,Ｃ３三 四,1400,ダ,左,良,晴,9,7,7,ジョーカイ,牝,8,54.0,483,-2,室陽一,入口由,10.7,9,1:36.1,41.6,5-7-9-9,5,483,-2
2026/05/12,川崎,3,大瑠璃賞３歳２,1500,ダ,左,良,晴,9,5,5,ブルムーンストーン,牡,3,56.0,466,-10,古岡勇,甲田悟,101.8,1,1:37.8,40.5,8-8-1-4,9,466,-10
2026/05/12,川崎,3,大瑠璃賞３歳２,1500,ダ,左,良,晴,9,8,8,トリル,牡,3,56.0,439,-3,池谷匠,山崎尋,5.9,2,1:37.9,41.0,1-1-1-1,4,439,-3
2026/05/12,川崎,3,大瑠璃賞３歳２,1500,ダ,左,良,晴,9,4,4,ハマノヒカリ,牝,3,54.0,470,15,増田充,加藤誠,37.1,3,1:38.1,41.0,4-4-5-2,8,470,15
2026/05/12,川崎,3,大瑠璃賞３歳２,1500,ダ,左,良,晴,9,3,3,カガヤクネガイ,牡,3,56.0,457,4,町田直,平田正,3.8,4,1:38.4,41.1,5-5-5-4,2,457,4
2026/05/12,川崎,3,大瑠璃賞３歳２,1500,ダ,左,良,晴,9,7,7,インフェルレーヴ,牡,3,56.0,434,-1,笹川翼,田島寿,5.5,5,1:38.5,41.2,7-7-5-7,3,434,-1
2026/05/12,川崎,3,大瑠璃賞３歳２,1500,ダ,左,良,晴,9,2,2,キイチマイルス,牡,3,56.0,464,-14,中越琉,鈴木義,31.2,6,1:38.5,40.8,8-8-8-9,7,464,-14
2026/05/12,川崎,3,大瑠璃賞３歳２,1500,ダ,左,良,晴,9,6,6,マルーンドライブ,牡,3,56.0,456,-3,野畑凌,長友豊,2.8,7,1:38.5,41.4,2-1-1-2,1,456,-3
2026/05/12,川崎,3,大瑠璃賞３歳２,1500,ダ,左,良,晴,9,8,9,シシフンジン,牡,3,56.0,449,-3,丹内祐,佐々仁,8.4,8,1:39.5,42.4,2-3-1-4,5,449,-3
2026/05/12,川崎,3,大瑠璃賞３歳２,1500,ダ,左,良,晴,9,1,1,グローバルサウス,牡,3,56.0,462,4,矢野貴,山崎裕,10.0,9,1:40.3,42.8,6-6-8-7,6,462,4
2026/05/12,川崎,4,Ｃ２三 四,1400,ダ,左,良,晴,12,3,3,ロコモーション,セ,0,56.0,463,1,野畑凌,高月賢,2.0,1,1:32.3,40.0,9-9-8-6,1,463,1
2026/05/12,川崎,4,Ｃ２三 四,1400,ダ,左,良,晴,12,5,6,ミュークフォルテ,牡,4,53.0,487,-3,加藤雄,山崎尋,9.6,2,1:32.5,40.9,1-2-1-1,4,487,-3
2026/05/12,川崎,4,Ｃ２三 四,1400,ダ,左,良,晴,12,6,7,チェスナットドレス,牝,9,54.0,459,-5,國分祐,冨田敏,175.4,3,1:32.9,40.8,7-7-8-6,11,459,-5
2026/05/12,川崎,4,Ｃ２三 四,1400,ダ,左,良,晴,12,8,12,エールラヴィクトワ,牝,4,54.0,441,6,町田直,山崎裕,3.6,4,1:32.9,41.0,5-6-4-6,2,441,6
2026/05/12,川崎,4,Ｃ２三 四,1400,ダ,左,良,晴,12,2,2,シェナベスト,牡,5,56.0,475,-3,岡村裕,山田正,12.7,5,1:32.9,41.4,1-1-1-1,5,475,-3
2026/05/12,川崎,4,Ｃ２三 四,1400,ダ,左,良,晴,12,8,11,カフェランデブー,牝,5,54.0,471,0,池谷匠,吉橋淳,120.1,6,1:33.1,40.5,10-10-10-10,10,471,0
2026/05/12,川崎,4,Ｃ２三 四,1400,ダ,左,良,晴,12,1,1,ベルルート,牡,5,55.0,480,-1,中山遥,小林真,27.2,7,1:33.3,39.9,12-12-12-12,7,480,-1
2026/05/12,川崎,4,Ｃ２三 四,1400,ダ,左,良,晴,12,4,4,ウェルキン,牝,5,54.0,428,3,中越琉,佐藤博,78.5,8,1:33.5,41.4,8-8-7-9,9,428,3
2026/05/12,川崎,4,Ｃ２三 四,1400,ダ,左,良,晴,12,7,9,シングンアーメット,セ,0,56.0,476,6,西啓太,山崎尋,23.1,9,1:33.5,41.7,5-4-4-3,6,476,6
2026/05/12,川崎,4,Ｃ２三 四,1400,ダ,左,良,晴,12,6,8,インマイブラッド,牝,4,51.0,442,6,佐藤翔,古澤悟,31.3,10,1:33.7,41.8,1-4-4-3,8,442,6
2026/05/12,川崎,4,Ｃ２三 四,1400,ダ,左,良,晴,12,5,5,カツコノヒヤザケ,牡,4,56.0,435,-2,増田充,田島寿,205.8,11,1:34.0,41.4,11-11-10-10,12,435,-2
2026/05/12,川崎,4,Ｃ２三 四,1400,ダ,左,良,晴,12,7,10,サウスオブロンドン,牡,4,56.0,493,1,丹内祐,佐々仁,5.8,12,1:34.2,42.4,1-2-3-3,3,493,1
2026/05/12,川崎,5,雷動賞Ｃ２選定馬,900,ダ,左,良,晴,12,6,8,ビヴァアカプルコ,牝,6,54.0,497,-10,見越彬,水上直,3.8,1,0:55.1,37.3,2-3-1,3,497,-10
2026/05/12,川崎,5,雷動賞Ｃ２選定馬,900,ダ,左,良,晴,12,4,4,ファイブエム,牝,4,54.0,441,18,笹川翼,佐々仁,2.7,2,0:55.3,37.0,8-7-3,1,441,18
2026/05/12,川崎,5,雷動賞Ｃ２選定馬,900,ダ,左,良,晴,12,8,11,ナキムシヒカル,牝,6,53.0,517,0,中山遥,田邊陽,3.8,3,0:55.4,37.9,1-1-1,2,517,0
2026/05/12,川崎,5,雷動賞Ｃ２選定馬,900,ダ,左,良,晴,12,5,5,アーガイルピンク,牝,8,51.0,457,-7,佐藤翔,山田質,39.9,4,0:56.1,37.8,5-5-6,9,457,-7
2026/05/12,川崎,5,雷動賞Ｃ２選定馬,900,ダ,左,良,晴,12,2,2,マオノボルケーノ,牝,5,54.0,471,-3,町田直,平田正,6.9,5,0:56.2,37.6,10-8-6,4,471,-3
2026/05/12,川崎,5,雷動賞Ｃ２選定馬,900,ダ,左,良,晴,12,3,3,ゴーゴーダンサー,牝,5,54.0,410,7,佐野遥,安池成,35.5,6,0:56.4,38.4,2-4-3,7,410,7
2026/05/12,川崎,5,雷動賞Ｃ２選定馬,900,ダ,左,良,晴,12,6,7,ロードサミット,牡,6,56.0,513,1,及川烈,長谷忍,15.8,7,0:56.5,37.9,5-10-8,5,513,1
2026/05/12,川崎,5,雷動賞Ｃ２選定馬,900,ダ,左,良,晴,12,5,6,トウヨウノマジョ,牝,6,54.0,458,8,本田紀,山田正,80.1,8,0:56.9,37.7,12-11-11,10,458,8
2026/05/12,川崎,5,雷動賞Ｃ２選定馬,900,ダ,左,良,晴,12,7,10,アンジュグレース,牝,4,51.0,451,1,加藤雄,山崎裕,24.7,9,0:56.9,38.3,8-8-8,6,451,1
2026/05/12,川崎,5,雷動賞Ｃ２選定馬,900,ダ,左,良,晴,12,7,9,メグ,牝,6,54.0,480,-1,古岡勇,鹿沼和,35.8,10,0:57.4,39.0,5-5-8,8,480,-1
2026/05/12,川崎,5,雷動賞Ｃ２選定馬,900,ダ,左,良,晴,12,8,12,カウニスミエリ,牝,4,54.0,425,1,田中涼,久保勇,88.3,11,0:57.5,39.9,2-1-5,11,425,1
2026/05/12,川崎,5,雷動賞Ｃ２選定馬,900,ダ,左,良,晴,12,1,1,コトノサンショ,牡,6,56.0,464,-17,伊藤裕,河津裕,114.1,12,0:57.7,38.7,11-12-12,12,464,-17
2026/05/12,川崎,6,Ｊ交 メイフラワー賞３歳未格付・ＪＲＡ選,1400,ダ,左,良,晴,12,5,5,カルダモンロール,牝,3,54.0,467,4,野畑凌,鈴木義,2.6,1,1:31.2,39.6,1-2-2-1,2,467,4
2026/05/12,川崎,6,Ｊ交 メイフラワー賞３歳未格付・ＪＲＡ選,1400,ダ,左,良,晴,12,3,3,デアトゥノウ,牝,3,54.0,496,6,丹内祐,田島俊,8.8,2,1:31.7,40.1,3-2-3-3,4,496,6
2026/05/12,川崎,6,Ｊ交 メイフラワー賞３歳未格付・ＪＲＡ選,1400,ダ,左,良,晴,12,7,9,ルパピヨンブラン,牝,3,54.0,426,2,川又賢,杉山佳,2.2,3,1:31.8,39.7,5-7-5-6,1,426,2
2026/05/12,川崎,6,Ｊ交 メイフラワー賞３歳未格付・ＪＲＡ選,1400,ダ,左,良,晴,12,1,1,トゥモローズウェイ,牝,3,51.0,435,-9,佐藤翔,小手準,20.3,4,1:31.9,39.8,8-8-7-4,5,435,-9
2026/05/12,川崎,6,Ｊ交 メイフラワー賞３歳未格付・ＪＲＡ選,1400,ダ,左,良,晴,12,5,6,カナールレイナ,牝,3,54.0,466,2,伊藤裕,佐々仁,58.8,5,1:32.0,39.2,11-12-12-8,8,466,2
2026/05/12,川崎,6,Ｊ交 メイフラワー賞３歳未格付・ＪＲＡ選,1400,ダ,左,良,晴,12,6,7,キョウエイハゴロモ,牝,3,51.0,459,-8,加藤雄,山崎尋,83.7,6,1:32.3,40.0,9-10-10-6,10,459,-8
2026/05/12,川崎,6,Ｊ交 メイフラワー賞３歳未格付・ＪＲＡ選,1400,ダ,左,良,晴,12,8,11,ニャンモロー,牝,3,54.0,485,3,矢野貴,高野毅,25.1,7,1:32.6,41.2,1-1-1-1,6,485,3
2026/05/12,川崎,6,Ｊ交 メイフラワー賞３歳未格付・ＪＲＡ選,1400,ダ,左,良,晴,12,8,12,スーパーアイシー,牝,3,54.0,432,7,新原周,酒井忍,113.7,8,1:32.7,40.8,3-4-5-4,11,432,7
2026/05/12,川崎,6,Ｊ交 メイフラワー賞３歳未格付・ＪＲＡ選,1400,ダ,左,良,晴,12,4,4,キョウエイハル,牝,3,54.0,455,7,藤本現,伊坂重,7.4,9,1:32.8,40.4,11-10-10-9,3,455,7
2026/05/12,川崎,6,Ｊ交 メイフラワー賞３歳未格付・ＪＲＡ選,1400,ダ,左,良,晴,12,6,8,オーケートムボーイ,牝,3,54.0,460,4,岡村健,奥村豊,32.8,10,1:32.8,40.5,10-9-8-11,7,460,4
2026/05/12,川崎,6,Ｊ交 メイフラワー賞３歳未格付・ＪＲＡ選,1400,ダ,左,良,晴,12,2,2,ミスマリーゴールド,牝,3,54.0,417,-11,佐々大,畑端省,61.7,11,1:34.9,42.8,5-6-8-12,9,417,-11
2026/05/12,川崎,6,Ｊ交 メイフラワー賞３歳未格付・ＪＲＡ選,1400,ダ,左,良,晴,12,7,10,ドナソレイ,牝,3,54.0,475,5,櫻井光,八木喜,143.9,12,1:35.0,43.2,5-4-3-9,12,475,5
2026/05/12,川崎,7,Ｃ２三 四,1400,ダ,左,良,晴,12,4,4,オリコウパラダイス,牡,4,56.0,469,-6,伊藤裕,安池成,6.5,1,1:31.6,40.0,1-1-1-1,3,469,-6
2026/05/12,川崎,7,Ｃ２三 四,1400,ダ,左,良,晴,12,1,1,セクシーウィドー,牝,5,54.0,458,13,岡村健,甲田悟,69.2,2,1:32.5,40.6,1-3-4-3,9,458,13
2026/05/12,川崎,7,Ｃ２三 四,1400,ダ,左,良,晴,12,5,5,ムーンライトデイ,牝,5,54.0,467,-4,和田譲,佐々仁,2.0,3,1:32.7,41.0,3-2-1-2,1,467,-4
2026/05/12,川崎,7,Ｃ２三 四,1400,ダ,左,良,晴,12,7,9,ダンシングエリカ,牝,5,53.0,428,-3,中山遥,小林真,25.2,4,1:33.0,40.4,9-8-7-7,7,428,-3
2026/05/12,川崎,7,Ｃ２三 四,1400,ダ,左,良,晴,12,6,8,リラスカイ,牝,6,54.0,475,11,佐野遥,山崎尋,22.6,5,1:33.0,41.1,6-5-4-3,5,475,11
2026/05/12,川崎,7,Ｃ２三 四,1400,ダ,左,良,晴,12,2,2,ニシノババンギタ,セ,0,56.0,454,-1,山林信,田邊陽,22.0,6,1:33.0,40.5,6-7-7-7,4,454,-1
2026/05/12,川崎,7,Ｃ２三 四,1400,ダ,左,良,晴,12,6,7,トゥインクルジャズ,牝,4,54.0,418,1,新原周,茂木浩,28.4,7,1:33.3,41.2,5-5-6-5,8,418,1
2026/05/12,川崎,7,Ｃ２三 四,1400,ダ,左,良,晴,12,5,6,ボールドポリシー,牝,4,51.0,480,9,佐藤翔,内田勝,23.5,8,1:33.5,40.3,12-12-11-10,6,480,9
2026/05/12,川崎,7,Ｃ２三 四,1400,ダ,左,良,晴,12,7,10,ニシノウール,牡,6,56.0,471,-15,國分祐,冨田敏,202.4,9,1:33.7,40.7,6-8-10-10,11,471,-15
2026/05/12,川崎,7,Ｃ２三 四,1400,ダ,左,良,晴,12,8,11,ジーティームテキ,セ,0,56.0,456,-12,笹川翼,小久智,2.7,10,1:33.8,41.9,3-3-3-6,2,456,-12
2026/05/12,川崎,7,Ｃ２三 四,1400,ダ,左,良,晴,12,3,3,ルゾフォニア,牝,4,54.0,408,3,岡村裕,武井和,392.8,11,1:34.0,41.2,10-8-9-9,12,408,3
2026/05/12,川崎,7,Ｃ２三 四,1400,ダ,左,良,晴,12,8,12,メイワノワ,牝,6,51.0,451,0,加藤雄,河津裕,118.9,12,1:35.0,41.8,10-11-11-12,10,451,0
2026/05/12,川崎,8,Ｊ交 エメラルドフラワー賞３歳未格付選定,1500,ダ,左,良,晴,12,5,5,ルペイドゥロール,牡,3,54.0,508,4,田山旺,新谷功,3.9,1,1:36.2,40.4,1-1-1-1,2,508,4
2026/05/12,川崎,8,Ｊ交 エメラルドフラワー賞３歳未格付選定,1500,ダ,左,良,晴,12,4,4,ブライトドリーム,牡,3,56.0,490,-1,藤田凌,高野毅,13.3,2,1:36.8,40.6,4-3-4-2,6,490,-1
2026/05/12,川崎,8,Ｊ交 エメラルドフラワー賞３歳未格付選定,1500,ダ,左,良,晴,12,3,3,セイカユウヒ,牡,3,56.0,411,-1,丹内祐,石栗龍,15.9,3,1:37.0,40.6,4-5-4-4,7,411,-1
2026/05/12,川崎,8,Ｊ交 エメラルドフラワー賞３歳未格付選定,1500,ダ,左,良,晴,12,2,2,フェイティアン,牡,3,56.0,467,-1,藤江渉,山田質,25.2,4,1:37.0,40.4,7-6-6-4,8,467,-1
2026/05/12,川崎,8,Ｊ交 エメラルドフラワー賞３歳未格付選定,1500,ダ,左,良,晴,12,5,6,レウコテア,牝,3,54.0,470,-4,笹川翼,西園翔,2.7,5,1:37.0,41.0,1-2-2-3,1,470,-4
2026/05/12,川崎,8,Ｊ交 エメラルドフラワー賞３歳未格付選定,1500,ダ,左,良,晴,12,7,9,デルマバンダイサン,牡,3,54.0,449,-15,鷲頭虎,井上智,4.5,6,1:37.2,41.0,1-3-3-4,3,449,-15
2026/05/12,川崎,8,Ｊ交 エメラルドフラワー賞３歳未格付選定,1500,ダ,左,良,晴,12,1,1,ナンヨーロイヤル,牡,3,56.0,466,8,本田重,中舘英,9.5,7,1:37.5,40.7,9-9-8-7,4,466,8
2026/05/12,川崎,8,Ｊ交 エメラルドフラワー賞３歳未格付選定,1500,ダ,左,良,晴,12,8,12,ホワイトジェイド,牡,3,56.0,467,-5,福原杏,水野貴,106.3,8,1:38.3,41.5,8-8-9-8,11,467,-5
2026/05/12,川崎,8,Ｊ交 エメラルドフラワー賞３歳未格付選定,1500,ダ,左,良,晴,12,6,8,デルニエエリオント,牡,3,56.0,480,-2,池谷匠,内田勝,12.8,9,1:38.3,41.4,9-9-9-9,5,480,-2
2026/05/12,川崎,8,Ｊ交 エメラルドフラワー賞３歳未格付選定,1500,ダ,左,良,晴,12,8,11,キングハービン,牡,3,56.0,465,5,岡村裕,小澤宏,243.4,10,1:38.8,40.9,12-12-12-11,12,465,5
2026/05/12,川崎,8,Ｊ交 エメラルドフラワー賞３歳未格付選定,1500,ダ,左,良,晴,12,6,7,ディルガーム,牡,3,53.0,515,7,佐藤翔,伊藤圭,49.8,11,1:39.4,42.8,4-6-6-10,9,515,7
2026/05/12,川崎,8,Ｊ交 エメラルドフラワー賞３歳未格付選定,1500,ダ,左,良,晴,12,7,10,ボドニーク,セ,0,56.0,464,4,岡村健,新谷功,73.0,12,1:39.6,41.9,9-11-11-12,10,464,4
2026/05/12,川崎,9,クラセアルタ賞Ｃ１選定馬１,1500,ダ,左,良,晴,8,5,5,ドウザンワン,牡,5,56.0,456,8,新原周,高月賢,7.9,1,1:37.0,38.8,4-4-3-3,4,456,8
2026/05/12,川崎,9,クラセアルタ賞Ｃ１選定馬１,1500,ダ,左,良,晴,8,7,7,メイショウマチルダ,牝,4,54.0,457,4,山林信,村田順,1.7,2,1:37.6,38.6,8-8-8-7,1,457,4
2026/05/12,川崎,9,クラセアルタ賞Ｃ１選定馬１,1500,ダ,左,良,晴,8,3,3,ジュウニントイロ,牝,4,54.0,488,0,藤江渉,平田正,5.7,3,1:37.6,39.8,1-1-1-1,2,488,0
2026/05/12,川崎,9,クラセアルタ賞Ｃ１選定馬１,1500,ダ,左,良,晴,8,4,4,ノーブルクリード,牡,4,56.0,520,-6,櫻井光,田邊陽,11.9,4,1:37.9,39.8,4-4-3-3,5,520,-6
2026/05/12,川崎,9,クラセアルタ賞Ｃ１選定馬１,1500,ダ,左,良,晴,8,1,1,サーブザミッション,牡,5,56.0,452,-4,池谷匠,古澤悟,13.8,5,1:38.5,39.9,7-6-6-5,6,452,-4
2026/05/12,川崎,9,クラセアルタ賞Ｃ１選定馬１,1500,ダ,左,良,晴,8,6,6,ニシノジーク,セ,0,56.0,497,-2,福原杏,冨田敏,17.2,6,1:38.6,40.7,1-2-1-2,7,497,-2
2026/05/12,川崎,9,クラセアルタ賞Ｃ１選定馬１,1500,ダ,左,良,晴,8,2,2,モトサン,牡,6,56.0,550,-1,田中涼,鈴木義,6.5,7,1:38.9,40.3,6-6-7-5,3,550,-1
2026/05/12,川崎,9,クラセアルタ賞Ｃ１選定馬１,1500,ダ,左,良,晴,8,8,8,アニモ,牝,5,52.0,422,1,中島良,川島豊,192.6,8,1:40.7,42.3,3-3-5-8,8,422,1
2026/05/12,川崎,10,青葉空特別Ｂ３一 二 三,1600,ダ,左,良,晴,14,2,2,ファリードゥーン,牡,4,56.0,528,3,町田直,鈴木義,2.4,1,1:43.3,38.8,7-7-5-5,1,528,3
2026/05/12,川崎,10,青葉空特別Ｂ３一 二 三,1600,ダ,左,良,晴,14,3,4,ファイヤーウィップ,牡,5,56.0,527,0,本田重,野口寛,3.1,2,1:43.9,39.6,4-4-4-3,2,527,0
2026/05/12,川崎,10,青葉空特別Ｂ３一 二 三,1600,ダ,左,良,晴,14,8,14,ジュンビクトワール,牡,4,56.0,508,-3,保園翔,水上直,4.8,3,1:44.3,40.4,2-1-1-1,3,508,-3
2026/05/12,川崎,10,青葉空特別Ｂ３一 二 三,1600,ダ,左,良,晴,14,7,11,マシュー,牡,5,56.0,487,-4,見越彬,小久智,9.5,4,1:44.7,40.6,3-3-1-2,4,487,-4
2026/05/12,川崎,10,青葉空特別Ｂ３一 二 三,1600,ダ,左,良,晴,14,7,12,マインドブロン,セ,0,56.0,460,-15,本橋孝,秋山直,66.1,5,1:45.1,40.1,10-10-8-9,8,460,-15
2026/05/12,川崎,10,青葉空特別Ｂ３一 二 三,1600,ダ,左,良,晴,14,3,3,ノッテストラータ,牝,4,54.0,452,2,笹川翼,久保勇,85.2,6,1:45.4,40.5,9-8-8-6,10,452,2
2026/05/12,川崎,10,青葉空特別Ｂ３一 二 三,1600,ダ,左,良,晴,14,4,6,アイリーズパキラ,牡,4,53.0,482,2,佐藤翔,内田勝,114.1,7,1:45.5,40.0,11-12-10-10,12,482,2
2026/05/12,川崎,10,青葉空特別Ｂ３一 二 三,1600,ダ,左,良,晴,14,8,13,カナールショウヘイ,牡,5,56.0,488,-2,丹内祐,佐々仁,10.1,8,1:45.5,41.0,5-5-5-6,5,488,-2
2026/05/12,川崎,10,青葉空特別Ｂ３一 二 三,1600,ダ,左,良,晴,14,5,7,ダートレイジング,牡,6,56.0,505,6,野畑凌,加藤誠,72.1,9,1:45.6,39.7,14-14-14-12,9,505,6
2026/05/12,川崎,10,青葉空特別Ｂ３一 二 三,1600,ダ,左,良,晴,14,5,8,ハナチルサト,牝,5,54.0,438,0,半澤慶,宇野博,29.6,10,1:45.6,41.1,5-5-7-6,6,438,0
2026/05/12,川崎,10,青葉空特別Ｂ３一 二 三,1600,ダ,左,良,晴,14,4,5,ゴールドモーニン,牡,4,56.0,513,-5,古岡勇,田島寿,194.0,11,1:46.1,40.8,12-11-10-10,14,513,-5
2026/05/12,川崎,10,青葉空特別Ｂ３一 二 三,1600,ダ,左,良,晴,14,1,1,ルナフォルトゥーナ,牡,4,56.0,476,-2,達城龍,藤原智,56.1,12,1:46.3,42.4,1-1-3-3,7,476,-2
2026/05/12,川崎,10,青葉空特別Ｂ３一 二 三,1600,ダ,左,良,晴,14,6,9,テディージュエリー,牡,4,56.0,504,5,増田充,加藤誠,150.9,13,1:46.5,40.8,13-13-10-14,13,504,5
2026/05/12,川崎,10,青葉空特別Ｂ３一 二 三,1600,ダ,左,良,晴,14,6,10,コスモスミッチー,牝,6,54.0,475,4,新原周,田邊陽,87.6,14,1:46.9,41.7,8-9-10-12,11,475,4
2026/05/12,川崎,11,スパーキングスプリントチャレンジ４歳上オ,900,ダ,左,良,晴,12,7,9,ハーフブルー,牝,4,53.0,472,0,御神訓,鈴木啓,4.4,1,0:52.9,36.1,1-1-1,2,472,0
2026/05/12,川崎,11,スパーキングスプリントチャレンジ４歳上オ,900,ダ,左,良,晴,12,5,5,プライルード,牡,7,57.0,519,7,本田重,藤田輝,2.8,2,0:53.8,36.2,6-6-3,1,519,7
2026/05/12,川崎,11,スパーキングスプリントチャレンジ４歳上オ,900,ダ,左,良,晴,12,8,11,フリーダム,牝,4,53.0,455,-3,達城龍,宗形竹,12.6,3,0:53.8,36.2,6-5-5,7,455,-3
2026/05/12,川崎,11,スパーキングスプリントチャレンジ４歳上オ,900,ダ,左,良,晴,12,5,6,ティアラフォーカス,牡,7,57.0,554,-12,和田譲,宗形竹,7.2,4,0:54.3,36.9,6-3-3,3,554,-12
2026/05/12,川崎,11,スパーキングスプリントチャレンジ４歳上オ,900,ダ,左,良,晴,12,4,4,メンコイボクチャン,牡,6,57.0,508,0,澤田龍,渡邊貴,10.7,5,0:54.3,36.7,3-6-7,6,508,0
2026/05/12,川崎,11,スパーキングスプリントチャレンジ４歳上オ,900,ダ,左,良,晴,12,7,10,バッファローライズ,牡,5,53.0,523,-7,町田直,平田正,7.6,6,0:54.5,37.4,1-2-2,4,523,-7
2026/05/12,川崎,11,スパーキングスプリントチャレンジ４歳上オ,900,ダ,左,良,晴,12,6,8,ポリゴンウェイヴ,牡,6,57.0,502,-2,山中悠,小久智,10.6,7,0:54.5,36.5,11-6-8,5,502,-2
2026/05/12,川崎,11,スパーキングスプリントチャレンジ４歳上オ,900,ダ,左,良,晴,12,6,7,クリスタライズ,牡,5,53.0,499,-1,笹川翼,高月賢,17.9,8,0:54.7,36.9,6-9-8,8,499,-1
2026/05/12,川崎,11,スパーキングスプリントチャレンジ４歳上オ,900,ダ,左,良,晴,12,3,3,オスカーブレイン,牡,5,55.0,494,5,佐野遥,鈴木義,32.2,9,0:54.9,37.5,3-3-6,10,494,5
2026/05/12,川崎,11,スパーキングスプリントチャレンジ４歳上オ,900,ダ,左,良,晴,12,2,2,デュアリスト,牡,8,57.0,493,3,中山遥,小林真,22.1,10,0:55.0,37.0,6-11-12,9,493,3
2026/05/12,川崎,11,スパーキングスプリントチャレンジ４歳上オ,900,ダ,左,良,晴,12,1,1,クアトロフォンテ,牡,7,53.0,482,2,本橋孝,長友豊,160.5,11,0:55.3,37.3,5-11-10,11,482,2
2026/05/12,川崎,11,スパーキングスプリントチャレンジ４歳上オ,900,ダ,左,良,晴,12,8,12,クオレス,牝,5,51.0,496,2,池谷匠,久保秀,390.0,12,0:56.3,38.3,12-9-10,12,496,2
2026/05/12,川崎,12,イーリス賞Ｃ１選定馬,2000,ダ,左,良,晴,14,3,4,タケルサバイバル,牡,4,56.0,517,-7,矢野貴,内田勝,3.3,1,2:14.7,41.1,1-1-1-1,2,517,-7
2026/05/12,川崎,12,イーリス賞Ｃ１選定馬,2000,ダ,左,良,晴,14,4,6,テンダリー,牡,4,56.0,508,5,本田重,長友豊,13.6,2,2:14.8,40.8,8-7-3-4,6,508,5
2026/05/12,川崎,12,イーリス賞Ｃ１選定馬,2000,ダ,左,良,晴,14,7,11,ハクシュ,牡,5,56.0,519,6,シャベ,林隆之,4.1,3,2:14.8,40.6,4-4-4-5,3,519,6
2026/05/12,川崎,12,イーリス賞Ｃ１選定馬,2000,ダ,左,良,晴,14,7,12,カガヤキファイター,牡,7,56.0,537,0,藤江渉,久保秀,36.7,4,2:14.8,40.8,3-3-4-2,8,537,0
2026/05/12,川崎,12,イーリス賞Ｃ１選定馬,2000,ダ,左,良,晴,14,6,10,イモルテル,セ,0,56.0,519,4,笹川翼,平田正,8.3,5,2:15.0,40.6,6-8-9-7,4,519,4
2026/05/12,川崎,12,イーリス賞Ｃ１選定馬,2000,ダ,左,良,晴,14,5,7,ディオスパーダ,牡,4,56.0,504,10,町田直,山崎裕,3.2,6,2:15.2,41.4,6-4-1-2,1,504,10
2026/05/12,川崎,12,イーリス賞Ｃ１選定馬,2000,ダ,左,良,晴,14,1,1,ラウレア,牝,4,51.0,468,4,佐藤翔,佐藤博,9.5,7,2:15.3,40.5,11-11-9-8,5,468,4
2026/05/12,川崎,12,イーリス賞Ｃ１選定馬,2000,ダ,左,良,晴,14,3,3,リュウバター,牡,7,56.0,502,2,佐野遥,河津裕,79.9,8,2:15.4,40.6,12-12-12-8,10,502,2
2026/05/12,川崎,12,イーリス賞Ｃ１選定馬,2000,ダ,左,良,晴,14,8,13,ペータース,牝,5,54.0,445,0,丹内祐,加藤誠,30.2,9,2:16.0,41.8,5-6-6-5,7,445,0
2026/05/12,川崎,12,イーリス賞Ｃ１選定馬,2000,ダ,左,良,晴,14,2,2,リケアオランジュ,牝,5,54.0,379,4,福原杏,入口由,79.1,10,2:16.2,41.5,9-9-11-11,9,379,4
2026/05/12,川崎,12,イーリス賞Ｃ１選定馬,2000,ダ,左,良,晴,14,5,8,ユイノオールイン,牡,4,56.0,494,-1,赤津和,武井和,257.3,11,2:16.6,42.2,9-9-8-10,14,494,-1
2026/05/12,川崎,12,イーリス賞Ｃ１選定馬,2000,ダ,左,良,晴,14,6,9,ソルテア,牡,6,56.0,466,-5,野畑凌,水野貴,97.8,12,2:16.7,41.7,12-12-12-13,11,466,-5
2026/05/12,川崎,12,イーリス賞Ｃ１選定馬,2000,ダ,左,良,晴,14,4,5,ジオヴィグラス,セ,0,56.0,465,2,室陽一,吉田正,169.8,13,2:17.1,41.9,12-14-12-14,12,465,2
2026/05/12,川崎,12,イーリス賞Ｃ１選定馬,2000,ダ,左,良,晴,14,8,14,ヴィントシュティレ,牝,5,54.0,480,-2,櫻井光,古澤悟,212.4,14,2:17.2,43.0,1-1-6-11,13,480,-2
2026/05/13,川崎,1,Ｃ３三 四,1400,ダ,左,良,晴,12,4,4,アップタウンガール,牝,4,54.0,474,1,笹川翼,加藤誠,1.5,1,1:33.7,39.6,3-3-4-3,1,474,1
2026/05/13,川崎,1,Ｃ３三 四,1400,ダ,左,良,晴,12,6,7,メガミリオン,牡,8,56.0,469,0,池谷匠,田島寿,35.6,2,1:34.0,40.2,1-2-1-1,6,469,0
2026/05/13,川崎,1,Ｃ３三 四,1400,ダ,左,良,晴,12,1,1,ミュージシエンヌ,牝,4,54.0,491,-6,澤田龍,新井清,3.8,3,1:34.3,39.7,8-7-9-6,2,491,-6
2026/05/13,川崎,1,Ｃ３三 四,1400,ダ,左,良,晴,12,5,6,シャコンヌ,セ,0,56.0,463,-5,鷹見陸,宇野博,15.2,4,1:34.4,40.8,1-1-1-1,4,463,-5
2026/05/13,川崎,1,Ｃ３三 四,1400,ダ,左,良,晴,12,2,2,ミカエンブレイス,牝,4,54.0,437,9,古岡勇,田邊陽,123.3,5,1:34.5,40.2,5-5-6-5,8,437,9
2026/05/13,川崎,1,Ｃ３三 四,1400,ダ,左,良,晴,12,3,3,スプリングネージュ,牝,8,54.0,464,0,吉留孝,薮口一,167.2,6,1:35.1,40.3,10-10-10-9,10,464,0
2026/05/13,川崎,1,Ｃ３三 四,1400,ダ,左,良,晴,12,5,5,ヒナボンボン,牝,5,54.0,508,4,岡村健,古澤悟,31.8,7,1:35.2,41.2,3-3-1-3,5,508,4
2026/05/13,川崎,1,Ｃ３三 四,1400,ダ,左,良,晴,12,7,9,トリフォラート,牝,4,51.0,504,18,加藤雄,山崎裕,5.4,8,1:35.4,40.8,8-7-6-8,3,504,18
2026/05/13,川崎,1,Ｃ３三 四,1400,ダ,左,良,晴,12,7,10,プロンプトノア,牝,5,54.0,492,-3,田中涼,佐々仁,77.2,9,1:35.5,40.6,10-10-10-10,7,492,-3
2026/05/13,川崎,1,Ｃ３三 四,1400,ダ,左,良,晴,12,6,8,グレル,牝,8,54.0,472,-3,赤津和,川村守,187.5,10,1:35.8,41.5,5-5-5-6,11,472,-3
2026/05/13,川崎,1,Ｃ３三 四,1400,ダ,左,良,晴,12,8,12,アマゴ,牝,7,54.0,464,-3,秋元耕,箕輪武,123.5,11,1:36.2,41.6,7-7-6-10,9,464,-3
2026/05/13,川崎,1,Ｃ３三 四,1400,ダ,左,良,晴,12,8,11,ナリタアンビション,牝,6,54.0,422,-4,七夕裕,川島豊,224.0,12,1:36.4,41.3,12-12-12-12,12,422,-4
2026/05/13,川崎,2,ブレッザ賞３歳未格付選定馬,900,ダ,左,良,晴,12,7,9,ラタランテラ,牝,3,55.0,440,-5,岡村健,齊藤敏,2.2,1,0:54.8,37.5,2-1-2,1,440,-5
2026/05/13,川崎,2,ブレッザ賞３歳未格付選定馬,900,ダ,左,良,晴,12,5,5,トゥナシ,牝,3,54.0,469,15,見越彬,小久智,11.0,2,0:55.0,37.9,1-1-1,4,469,15
2026/05/13,川崎,2,ブレッザ賞３歳未格付選定馬,900,ダ,左,良,晴,12,1,1,バルジェロ,牡,3,57.0,451,1,町田直,山崎裕,3.5,3,0:55.2,37.2,8-8-5,2,451,1
2026/05/13,川崎,2,ブレッザ賞３歳未格付選定馬,900,ダ,左,良,晴,12,8,12,ドンクベットコール,牝,3,53.0,487,5,西啓太,山崎裕,50.1,4,0:55.6,37.9,5-4-5,9,487,5
2026/05/13,川崎,2,ブレッザ賞３歳未格付選定馬,900,ダ,左,良,晴,12,4,4,ビターメロン,牝,3,56.0,433,-3,野畑凌,甲田悟,8.0,5,0:55.9,38.4,2-4-4,3,433,-3
2026/05/13,川崎,2,ブレッザ賞３歳未格付選定馬,900,ダ,左,良,晴,12,5,6,ウールドランジュ,牝,3,55.0,448,-1,吉留孝,平山真,84.3,6,0:55.9,37.6,9-10-7,11,448,-1
2026/05/13,川崎,2,ブレッザ賞３歳未格付選定馬,900,ダ,左,良,晴,12,6,8,マーベラスティアラ,牝,3,53.0,444,0,シャベ,茂木浩,78.5,7,0:56.0,37.8,9-8-10,10,444,0
2026/05/13,川崎,2,ブレッザ賞３歳未格付選定馬,900,ダ,左,良,晴,12,3,3,スルーザミル,牝,3,54.0,452,8,本田重,野口寛,29.0,8,0:56.2,37.2,12-11-11,8,452,8
2026/05/13,川崎,2,ブレッザ賞３歳未格付選定馬,900,ダ,左,良,晴,12,6,7,ブリットポップ,牡,3,55.0,412,-2,新原周,山崎裕,15.9,9,0:56.2,38.5,5-4-7,7,412,-2
2026/05/13,川崎,2,ブレッザ賞３歳未格付選定馬,900,ダ,左,良,晴,12,7,10,マイラーズドーン,牝,3,54.0,426,1,古岡勇,山崎裕,12.1,10,0:56.2,38.8,2-1-3,5,426,1
2026/05/13,川崎,2,ブレッザ賞３歳未格付選定馬,900,ダ,左,良,晴,12,8,11,フラワーガールエス,牝,3,53.0,400,-7,櫻井光,田邊陽,153.7,11,0:56.6,38.7,5-7-7,12,400,-7
2026/05/13,川崎,2,ブレッザ賞３歳未格付選定馬,900,ダ,左,良,晴,12,2,2,セイソラボル,牡,3,56.0,509,-8,佐野遥,甲田悟,13.6,12,0:58.8,40.1,9-11-12,6,509,-8
2026/05/13,川崎,3,アウラー賞３歳３,1500,ダ,左,良,晴,14,4,5,カナールゲイル,牡,3,56.0,473,-7,町田直,佐々仁,3.9,1,1:37.5,39.4,8-8-11-9,2,473,-7
2026/05/13,川崎,3,アウラー賞３歳３,1500,ダ,左,良,晴,14,7,11,ボンセレンシス,牡,3,56.0,502,-8,新原周,内田勝,74.5,2,1:38.2,40.0,8-10-8-5,9,502,-8
2026/05/13,川崎,3,アウラー賞３歳３,1500,ダ,左,良,晴,14,7,12,キチョウ,牝,3,54.0,455,2,古岡勇,田島寿,152.4,3,1:38.2,40.6,12-12-1-1,13,455,2
2026/05/13,川崎,3,アウラー賞３歳３,1500,ダ,左,良,晴,14,6,9,タツノスペシャル,牡,3,56.0,433,-2,笹川翼,田邊陽,10.9,4,1:38.5,40.6,8-8-8-5,3,433,-2
2026/05/13,川崎,3,アウラー賞３歳３,1500,ダ,左,良,晴,14,5,8,デュオメーデス,牡,3,56.0,558,-5,鷹見陸,小久智,38.2,5,1:39.3,41.9,1-1-2-2,6,558,-5
2026/05/13,川崎,3,アウラー賞３歳３,1500,ダ,左,良,晴,14,2,2,ラスールフルール,牝,3,54.0,419,5,本田重,山田質,23.3,6,1:39.7,42.1,4-4-5-5,4,419,5
2026/05/13,川崎,3,アウラー賞３歳３,1500,ダ,左,良,晴,14,8,13,サンブル,セ,0,56.0,502,1,野畑凌,秋山直,1.3,7,1:39.7,42.1,1-3-2-2,1,502,1
2026/05/13,川崎,3,アウラー賞３歳３,1500,ダ,左,良,晴,14,3,3,シナノフラッシュ,牡,3,56.0,493,9,増田充,高月賢,36.3,8,1:39.7,41.9,7-6-8-9,5,493,9
2026/05/13,川崎,3,アウラー賞３歳３,1500,ダ,左,良,晴,14,5,7,ジーカンピオーネ,牝,3,54.0,401,5,中越琉,鈴木義,95.9,9,1:39.7,41.3,13-13-11-11,10,401,5
2026/05/13,川崎,3,アウラー賞３歳３,1500,ダ,左,良,晴,14,8,14,オーバーユー,牡,3,56.0,467,-1,山林信,河津裕,286.9,10,1:39.9,41.2,14-14-13-14,14,467,-1
2026/05/13,川崎,3,アウラー賞３歳３,1500,ダ,左,良,晴,14,4,6,ピーエムボギー,牡,3,56.0,520,9,櫻井光,酒井忍,40.7,11,1:40.3,41.9,11-11-13-12,7,520,9
2026/05/13,川崎,3,アウラー賞３歳３,1500,ダ,左,良,晴,14,3,4,モンゲータイム,牡,3,56.0,499,-10,佐野遥,鈴木義,55.8,12,1:41.0,43.6,1-1-2-4,8,499,-10
2026/05/13,川崎,3,アウラー賞３歳３,1500,ダ,左,良,晴,14,6,10,ヴァルヴァラ,牝,3,54.0,423,-3,岡村健,平山真,132.6,13,1:41.3,43.5,5-6-6-12,11,423,-3
2026/05/13,川崎,3,アウラー賞３歳３,1500,ダ,左,良,晴,14,1,1,バルカロール,牝,3,54.0,436,0,西啓太,藤原智,151.3,14,1:41.4,43.8,5-4-6-8,12,436,0
2026/05/13,川崎,4,Ｃ２七,1400,ダ,左,良,晴,12,4,4,ザムト,牝,5,54.0,488,11,新原周,村田順,5.5,1,1:32.6,40.2,3-4-4-3,3,488,11
2026/05/13,川崎,4,Ｃ２七,1400,ダ,左,良,晴,12,8,12,フェアーメロディ,牝,4,54.0,457,0,古岡勇,秋山直,2.2,2,1:32.8,41.0,1-1-1-1,1,457,0
2026/05/13,川崎,4,Ｃ２七,1400,ダ,左,良,晴,12,3,3,アディモレナ,牡,4,56.0,519,-3,山林信,佐々仁,6.7,3,1:32.9,40.0,7-7-7-5,4,519,-3
2026/05/13,川崎,4,Ｃ２七,1400,ダ,左,良,晴,12,6,8,トミサンペガサス,牝,6,54.0,485,0,藤江渉,村田六,2.9,4,1:33.2,41.1,3-3-3-2,2,485,0
2026/05/13,川崎,4,Ｃ２七,1400,ダ,左,良,晴,12,7,10,スマイルポピー,牝,6,54.0,483,-6,吉留孝,薮口一,210.4,5,1:33.3,39.8,11-11-9-9,12,483,-6
2026/05/13,川崎,4,Ｃ２七,1400,ダ,左,良,晴,12,5,5,タイキレヴィン,牡,5,56.0,486,-11,伊藤裕,武井和,37.8,6,1:33.3,40.8,3-5-4-5,5,486,-11
2026/05/13,川崎,4,Ｃ２七,1400,ダ,左,良,晴,12,1,1,ワンラヴ,牝,8,54.0,442,-4,櫻井光,村田六,47.1,7,1:33.6,39.9,12-12-12-12,8,442,-4
2026/05/13,川崎,4,Ｃ２七,1400,ダ,左,良,晴,12,6,7,キアラボヌール,牝,5,51.0,412,1,加藤雄,田島寿,108.8,8,1:33.6,40.2,9-9-10-11,11,412,1
2026/05/13,川崎,4,Ｃ２七,1400,ダ,左,良,晴,12,5,6,ボヌールネージュ,牝,4,54.0,471,0,本田紀,内田勝,60.5,9,1:33.8,40.7,7-8-7-7,9,471,0
2026/05/13,川崎,4,Ｃ２七,1400,ダ,左,良,晴,12,2,2,マイカグラ,牝,6,54.0,412,-2,田中涼,武井和,46.7,10,1:34.1,40.7,10-9-10-9,7,412,-2
2026/05/13,川崎,4,Ｃ２七,1400,ダ,左,良,晴,12,7,9,ルクスリーベン,牝,5,54.0,433,0,七夕裕,平山真,44.9,11,1:34.3,42.4,1-1-1-3,6,433,0
2026/05/13,川崎,4,Ｃ２七,1400,ダ,左,良,晴,12,8,11,ポルタフェリーチェ,牝,4,54.0,461,-6,池谷匠,平田正,70.6,12,1:35.0,42.4,6-5-4-7,10,461,-6
2026/05/13,川崎,5,レッドカーペット賞Ｃ２選定馬１,1500,ダ,左,良,晴,11,4,4,フジュム,セ,0,56.0,512,-5,矢野貴,高月賢,1.4,1,1:36.4,39.4,1-1-1-1,1,512,-5
2026/05/13,川崎,5,レッドカーペット賞Ｃ２選定馬１,1500,ダ,左,良,晴,11,5,5,コルネットロッソ,牡,5,56.0,464,-2,新原周,林隆之,4.4,2,1:36.4,39.3,1-1-1-1,2,464,-2
2026/05/13,川崎,5,レッドカーペット賞Ｃ２選定馬１,1500,ダ,左,良,晴,11,2,2,ガルニエ,牡,5,56.0,459,1,古岡勇,秋山直,8.9,3,1:36.9,39.6,4-3-5-3,3,459,1
2026/05/13,川崎,5,レッドカーペット賞Ｃ２選定馬１,1500,ダ,左,良,晴,11,1,1,フライングロッド,牡,5,56.0,469,-3,西啓太,高橋宏,48.4,4,1:37.4,39.7,7-6-6-4,6,469,-3
2026/05/13,川崎,5,レッドカーペット賞Ｃ２選定馬１,1500,ダ,左,良,晴,11,6,7,ホウヨウムーン,牝,4,54.0,456,3,町田直,長友豊,14.1,5,1:37.9,40.6,4-5-1-4,5,456,3
2026/05/13,川崎,5,レッドカーペット賞Ｃ２選定馬１,1500,ダ,左,良,晴,11,6,6,ユウユウスプレマン,セ,0,56.0,513,-3,増田充,久保勇,68.4,6,1:37.9,39.9,10-10-9-6,7,513,-3
2026/05/13,川崎,5,レッドカーペット賞Ｃ２選定馬１,1500,ダ,左,良,晴,11,8,10,マーゴットフェスタ,牡,4,54.0,485,5,所　蛍,森泰斗,104.0,7,1:38.4,40.4,7-8-9-9,9,485,5
2026/05/13,川崎,5,レッドカーペット賞Ｃ２選定馬１,1500,ダ,左,良,晴,11,7,9,タヴァネスタン,牡,4,56.0,500,0,野畑凌,平田正,9.6,8,1:38.8,41.5,3-3-1-6,4,500,0
2026/05/13,川崎,5,レッドカーペット賞Ｃ２選定馬１,1500,ダ,左,良,晴,11,7,8,クラフトキング,牡,4,56.0,439,-8,菅原涼,佐々仁,210.5,9,1:38.8,41.1,6-6-6-6,11,439,-8
2026/05/13,川崎,5,レッドカーペット賞Ｃ２選定馬１,1500,ダ,左,良,晴,11,8,11,マロガレ,牡,4,56.0,479,1,和田譲,佐々功,101.0,10,1:38.9,40.9,7-8-6-9,8,479,1
2026/05/13,川崎,5,レッドカーペット賞Ｃ２選定馬１,1500,ダ,左,良,晴,11,3,3,ダズリングスカイ,牝,6,54.0,492,-4,田中涼,鈴木義,144.4,11,1:39.7,41.5,10-11-9-11,10,492,-4
2026/05/13,川崎,6,ワルキューレ賞Ｃ２選定馬,2000,ダ,左,良,晴,14,6,9,ダイゴホマレリュウ,牡,5,56.0,535,-2,藤江渉,山田質,41.2,1,2:15.8,40.7,3-3-4-4,8,535,-2
2026/05/13,川崎,6,ワルキューレ賞Ｃ２選定馬,2000,ダ,左,良,晴,14,4,5,コパノモンタナ,セ,0,56.0,462,-1,和田譲,古澤悟,12.5,2,2:16.0,40.6,5-5-9-5,6,462,-1
2026/05/13,川崎,6,ワルキューレ賞Ｃ２選定馬,2000,ダ,左,良,晴,14,5,8,ナリノボガート,牡,4,56.0,470,-4,野畑凌,内田勝,3.5,3,2:16.0,41.2,2-2-1-1,1,470,-4
2026/05/13,川崎,6,ワルキューレ賞Ｃ２選定馬,2000,ダ,左,良,晴,14,8,14,マルターズヴェロス,牡,4,56.0,474,-3,岡村健,齊藤敏,3.7,4,2:16.3,41.4,3-3-1-1,2,474,-3
2026/05/13,川崎,6,ワルキューレ賞Ｃ２選定馬,2000,ダ,左,良,晴,14,3,3,シェナクラウン,牡,6,56.0,505,-3,見越彬,冨田敏,39.0,5,2:16.7,41.1,8-9-9-8,7,505,-3
2026/05/13,川崎,6,ワルキューレ賞Ｃ２選定馬,2000,ダ,左,良,晴,14,7,11,ネオシャングリラ,牡,4,56.0,486,-2,田中涼,今井輝,81.5,6,2:16.8,40.7,14-14-14-12,13,486,-2
2026/05/13,川崎,6,ワルキューレ賞Ｃ２選定馬,2000,ダ,左,良,晴,14,1,1,クロウソング,牝,4,54.0,474,5,櫻井光,平田正,3.7,7,2:16.8,41.2,11-11-4-8,3,474,5
2026/05/13,川崎,6,ワルキューレ賞Ｃ２選定馬,2000,ダ,左,良,晴,14,8,13,ヘウレシス,牝,6,54.0,437,-1,町田直,茂木浩,7.6,8,2:17.0,42.3,1-1-1-3,4,437,-1
2026/05/13,川崎,6,ワルキューレ賞Ｃ２選定馬,2000,ダ,左,良,晴,14,5,7,パーティーモード,牡,8,56.0,474,2,池谷匠,甲田悟,69.0,9,2:17.0,41.2,11-12-11-8,11,474,2
2026/05/13,川崎,6,ワルキューレ賞Ｃ２選定馬,2000,ダ,左,良,晴,14,2,2,シュヴァルツナーガ,牝,6,54.0,439,0,秋元耕,薮口一,175.5,10,2:17.1,41.4,10-9-12-12,14,439,0
2026/05/13,川崎,6,ワルキューレ賞Ｃ２選定馬,2000,ダ,左,良,晴,14,7,12,ケイツーブル,牡,4,56.0,436,-2,佐野遥,高橋宏,60.0,11,2:17.3,42.0,5-6-4-5,10,436,-2
2026/05/13,川崎,6,ワルキューレ賞Ｃ２選定馬,2000,ダ,左,良,晴,14,3,4,テーオーダムール,牡,5,56.0,517,-1,達城龍,川島豊,10.8,12,2:17.4,42.0,5-6-4-7,5,517,-1
2026/05/13,川崎,6,ワルキューレ賞Ｃ２選定馬,2000,ダ,左,良,晴,14,6,10,ヴァッツマン,牡,4,56.0,504,-1,藤本現,山崎尋,76.9,13,2:17.7,41.9,8-8-12-14,12,504,-1
2026/05/13,川崎,6,ワルキューレ賞Ｃ２選定馬,2000,ダ,左,良,晴,14,4,6,クリノフラッグ,牝,7,54.0,469,-4,古岡勇,甲田悟,56.7,14,2:18.0,42.4,13-12-4-8,9,469,-4
2026/05/13,川崎,7,紫丁香花賞Ｃ１三,1400,ダ,左,良,晴,12,4,4,メイショウマヒロ,牝,4,54.0,426,-11,笹川翼,秋山直,3.6,1,1:31.3,38.4,3-2-1-3,2,426,-11
2026/05/13,川崎,7,紫丁香花賞Ｃ１三,1400,ダ,左,良,晴,12,6,8,ピーターライズ,牡,4,57.0,505,-3,町田直,平田正,1.5,2,1:31.5,37.9,9-9-4-4,1,505,-3
2026/05/13,川崎,7,紫丁香花賞Ｃ１三,1400,ダ,左,良,晴,12,2,2,ジーティーアグリム,牝,5,54.0,547,1,本田重,山崎尋,22.3,3,1:31.5,38.1,7-7-8-7,5,547,1
2026/05/13,川崎,7,紫丁香花賞Ｃ１三,1400,ダ,左,良,晴,12,6,7,ヴィトーリアヘーザ,牝,4,54.0,496,6,新原周,酒井忍,10.0,4,1:31.8,39.0,2-2-1-1,4,496,6
2026/05/13,川崎,7,紫丁香花賞Ｃ１三,1400,ダ,左,良,晴,12,5,5,オルペラー,牡,4,56.0,486,0,野畑凌,佐藤博,9.1,5,1:31.8,39.0,1-1-1-1,3,486,0
2026/05/13,川崎,7,紫丁香花賞Ｃ１三,1400,ダ,左,良,晴,12,7,9,アリハッピー,牝,5,54.0,451,7,佐野遥,安池成,81.5,6,1:32.0,38.9,7-5-5-4,8,451,7
2026/05/13,川崎,7,紫丁香花賞Ｃ１三,1400,ダ,左,良,晴,12,3,3,スマイルスライヴ,セ,0,56.0,481,-12,和田譲,宇野博,38.2,7,1:32.5,39.4,3-4-5-6,7,481,-12
2026/05/13,川崎,7,紫丁香花賞Ｃ１三,1400,ダ,左,良,晴,12,7,10,アムリタ,牝,4,54.0,457,9,シャベ,平田正,28.3,8,1:32.6,39.0,5-7-9-8,6,457,9
2026/05/13,川崎,7,紫丁香花賞Ｃ１三,1400,ダ,左,良,晴,12,1,1,スナオナキモチ,牝,6,54.0,417,-4,田中涼,山田質,168.2,9,1:33.2,39.1,11-11-12-10,9,417,-4
2026/05/13,川崎,7,紫丁香花賞Ｃ１三,1400,ダ,左,良,晴,12,8,12,シスターネビュラ,牝,5,54.0,415,-3,藤江渉,山田質,217.9,10,1:33.6,39.9,10-9-10-8,10,415,-3
2026/05/13,川崎,7,紫丁香花賞Ｃ１三,1400,ダ,左,良,晴,12,8,11,ヴァシロペス,セ,0,56.0,483,-3,秋元耕,鈴木勝,436.9,11,1:34.2,40.1,12-11-11-11,12,483,-3
2026/05/13,川崎,7,紫丁香花賞Ｃ１三,1400,ダ,左,良,晴,12,5,6,コックリサン,牝,4,54.0,415,1,増田充,武井和,264.7,12,1:34.4,41.1,5-5-5-11,11,415,1
2026/05/13,川崎,8,オプレンシア賞Ｃ１選定馬２,1500,ダ,左,良,晴,10,7,7,アイノシャンティー,牝,5,54.0,503,-9,矢野貴,佐々仁,12.8,1,1:36.5,40.4,2-2-2-2,6,503,-9
2026/05/13,川崎,8,オプレンシア賞Ｃ１選定馬２,1500,ダ,左,良,晴,10,8,10,サンスレッド,牡,6,56.0,472,-6,七夕裕,横山保,4.2,2,1:36.8,40.9,1-1-1-1,2,472,-6
2026/05/13,川崎,8,オプレンシア賞Ｃ１選定馬２,1500,ダ,左,良,晴,10,2,2,ベリーク,牡,5,56.0,469,-11,町田直,高月賢,18.3,3,1:37.1,40.5,6-5-5-3,7,469,-11
2026/05/13,川崎,8,オプレンシア賞Ｃ１選定馬２,1500,ダ,左,良,晴,10,6,6,クレーネ,牝,5,54.0,469,0,藤江渉,山田質,19.7,4,1:37.3,39.9,10-10-10-8,8,469,0
2026/05/13,川崎,8,オプレンシア賞Ｃ１選定馬２,1500,ダ,左,良,晴,10,5,5,ブランディストック,セ,0,56.0,490,-3,和田譲,山崎尋,4.2,5,1:37.4,41.0,3-3-3-3,3,490,-3
2026/05/13,川崎,8,オプレンシア賞Ｃ１選定馬２,1500,ダ,左,良,晴,10,4,4,フクシマジンロッソ,牡,4,56.0,459,2,笹川翼,高月賢,4.0,6,1:37.9,40.8,9-9-7-6,1,459,2
2026/05/13,川崎,8,オプレンシア賞Ｃ１選定馬２,1500,ダ,左,良,晴,10,3,3,オニノタマゴ,牡,5,56.0,483,5,古岡勇,安池成,5.2,7,1:38.2,41.6,3-5-5-5,4,483,5
2026/05/13,川崎,8,オプレンシア賞Ｃ１選定馬２,1500,ダ,左,良,晴,10,7,8,サマーストーリー,牡,6,56.0,433,-1,國分祐,冨田敏,153.4,8,1:38.3,41.7,3-3-4-6,10,433,-1
2026/05/13,川崎,8,オプレンシア賞Ｃ１選定馬２,1500,ダ,左,良,晴,10,8,9,マジカルレイズ,牡,5,56.0,472,-5,佐野遥,山崎裕,7.3,9,1:38.6,41.5,7-7-7-10,5,472,-5
2026/05/13,川崎,8,オプレンシア賞Ｃ１選定馬２,1500,ダ,左,良,晴,10,1,1,クレテイユ,牡,6,56.0,473,1,岡村裕,武井和,59.7,10,1:38.7,41.7,7-7-9-8,9,473,1
2026/05/13,川崎,9,明鏡止水賞Ｂ３選定馬,900,ダ,左,良,晴,12,5,6,アイルプロテクト,牡,5,56.0,531,-5,笹川翼,高月賢,10.8,1,0:54.2,36.6,1-1-1,6,531,-5
2026/05/13,川崎,9,明鏡止水賞Ｂ３選定馬,900,ダ,左,良,晴,12,3,3,カンノンアーニモ,牡,5,56.0,449,-8,岡村健,河津裕,4.3,2,0:54.5,36.7,3-4-3,2,449,-8
2026/05/13,川崎,9,明鏡止水賞Ｂ３選定馬,900,ダ,左,良,晴,12,5,5,ハローマイラブリー,牝,6,54.0,548,15,古岡勇,八木喜,7.9,3,0:54.9,37.5,1-1-1,4,548,15
2026/05/13,川崎,9,明鏡止水賞Ｂ３選定馬,900,ダ,左,良,晴,12,8,12,ディーズメイト,牝,6,54.0,492,10,矢野貴,高月賢,8.9,4,0:55.0,37.0,4-6-4,5,492,10
2026/05/13,川崎,9,明鏡止水賞Ｂ３選定馬,900,ダ,左,良,晴,12,7,10,トリプルアクセル,牝,9,54.0,494,0,藤本現,山崎裕,82.4,5,0:55.2,36.8,7-7-7,10,494,0
2026/05/13,川崎,9,明鏡止水賞Ｂ３選定馬,900,ダ,左,良,晴,12,1,1,レイヴオン,牡,4,56.0,470,4,西啓太,高橋宏,14.0,6,0:55.2,36.6,8-9-9,7,470,4
2026/05/13,川崎,9,明鏡止水賞Ｂ３選定馬,900,ダ,左,良,晴,12,2,2,スイッチオン,牡,6,56.0,491,2,野畑凌,鈴木義,17.4,7,0:55.3,36.4,10-11-11,8,491,2
2026/05/13,川崎,9,明鏡止水賞Ｂ３選定馬,900,ダ,左,良,晴,12,8,11,ルックアトミー,牝,4,54.0,504,11,町田直,内田勝,2.6,8,0:55.3,37.2,8-4-4,1,504,11
2026/05/13,川崎,9,明鏡止水賞Ｂ３選定馬,900,ダ,左,良,晴,12,6,7,タイセイフランク,牡,4,56.0,492,-3,鷹見陸,内田勝,7.2,9,0:55.4,36.5,11-9-9,3,492,-3
2026/05/13,川崎,9,明鏡止水賞Ｂ３選定馬,900,ダ,左,良,晴,12,7,9,ジェネシスミザール,セ,0,56.0,458,-3,仲野光,伊藤滋,157.0,10,0:55.4,37.6,4-3-4,11,458,-3
2026/05/13,川崎,9,明鏡止水賞Ｂ３選定馬,900,ダ,左,良,晴,12,6,8,テイクノート,牡,5,56.0,489,-10,菅原涼,佐々仁,40.8,11,0:55.7,37.5,4-7-8,9,489,-10
2026/05/13,川崎,9,明鏡止水賞Ｂ３選定馬,900,ダ,左,良,晴,12,4,4,ダークンストーミー,牡,6,56.0,0,0,池谷匠,酒井忍,,,,,,,0,0
2026/05/13,川崎,10,新緑特別Ｂ３一 二 三,1500,ダ,左,良,晴,13,5,7,ゴールデンマイク,牡,6,56.0,515,-1,和田譲,新井清,2.1,1,1:35.2,39.4,1-1-1-1,1,515,-1
2026/05/13,川崎,10,新緑特別Ｂ３一 二 三,1500,ダ,左,良,晴,13,4,4,ミヤギエンペラー,牡,4,56.0,460,-4,藤本現,高月賢,31.7,2,1:36.2,40.2,3-3-2-2,9,460,-4
2026/05/13,川崎,10,新緑特別Ｂ３一 二 三,1500,ダ,左,良,晴,13,6,9,パイロデキセキ,牡,5,56.0,480,-1,矢野貴,鈴木義,16.2,3,1:36.7,39.3,11-11-11-8,6,480,-1
2026/05/13,川崎,10,新緑特別Ｂ３一 二 三,1500,ダ,左,良,晴,13,8,12,リュクスレオン,牡,5,56.0,488,-8,町田直,佐藤博,58.1,4,1:36.9,40.4,8-8-5-4,11,488,-8
2026/05/13,川崎,10,新緑特別Ｂ３一 二 三,1500,ダ,左,良,晴,13,5,6,トンボ,牡,5,56.0,501,1,佐野遥,高月賢,13.1,5,1:36.9,40.5,4-4-5-5,5,501,1
2026/05/13,川崎,10,新緑特別Ｂ３一 二 三,1500,ダ,左,良,晴,13,2,2,ジーティーカイソク,牡,4,56.0,484,1,笹川翼,山崎尋,4.8,6,1:36.9,39.5,13-13-9-8,2,484,1
2026/05/13,川崎,10,新緑特別Ｂ３一 二 三,1500,ダ,左,良,晴,13,3,3,サヨノビッグホープ,牡,4,56.0,485,-4,西啓太,加藤誠,18.8,7,1:37.3,40.1,9-9-11-6,7,485,-4
2026/05/13,川崎,10,新緑特別Ｂ３一 二 三,1500,ダ,左,良,晴,13,6,8,グレック,牡,5,54.0,524,-12,所　蛍,田中力,94.8,8,1:37.3,40.6,6-6-8-10,12,524,-12
2026/05/13,川崎,10,新緑特別Ｂ３一 二 三,1500,ダ,左,良,晴,13,1,1,エイシンゾディアク,牡,5,56.0,441,-6,七夕裕,横山保,22.5,9,1:37.4,39.6,11-12-13-13,8,441,-6
2026/05/13,川崎,10,新緑特別Ｂ３一 二 三,1500,ダ,左,良,晴,13,8,13,ヴィルミーキスミー,牝,4,54.0,460,-6,吉原寛,古澤悟,9.1,10,1:37.7,41.3,6-6-5-7,4,460,-6
2026/05/13,川崎,10,新緑特別Ｂ３一 二 三,1500,ダ,左,良,晴,13,7,11,サダージ,牝,5,54.0,466,8,本田重,山崎尋,6.4,11,1:37.7,41.5,4-4-2-3,3,466,8
2026/05/13,川崎,10,新緑特別Ｂ３一 二 三,1500,ダ,左,良,晴,13,4,5,ゴールドソニック,牡,5,56.0,506,-3,半澤慶,鹿沼和,105.4,12,1:38.1,41.1,9-9-9-10,13,506,-3
2026/05/13,川崎,10,新緑特別Ｂ３一 二 三,1500,ダ,左,良,晴,13,7,10,ハーモニーレグルス,牡,8,56.0,540,-7,新原周,高月賢,53.0,13,1:40.5,44.5,1-2-2-10,10,540,-7
2026/05/13,川崎,11,エンプレス杯キヨフジ記念【指定交流JpnII,2100,ダ,左,良,晴,8,1,1,メモリアカフェ,牝,4,55.0,489,4,ルメー,柄崎将,3.2,1,2:16.1,36.1,7-7-5-5,2,489,4
2026/05/13,川崎,11,エンプレス杯キヨフジ記念【指定交流JpnII,2100,ダ,左,良,晴,8,6,6,テンカジョウ,牝,5,55.0,489,0,松山弘,岡田稲,1.8,2,2:16.3,37.7,3-3-2-2,1,489,0
2026/05/13,川崎,11,エンプレス杯キヨフジ記念【指定交流JpnII,2100,ダ,左,良,晴,8,8,8,レイナデアルシーラ,牝,4,55.0,510,0,田口貫,西園翔,19.9,3,2:16.5,38.3,1-1-1-1,5,510,0
2026/05/13,川崎,11,エンプレス杯キヨフジ記念【指定交流JpnII,2100,ダ,左,良,晴,8,2,2,プロミストジーン,牝,4,55.0,468,3,武　豊,上原佑,7.6,4,2:17.0,38.3,3-4-4-4,4,468,3
2026/05/13,川崎,11,エンプレス杯キヨフジ記念【指定交流JpnII,2100,ダ,左,良,晴,8,4,4,アピーリングルック,牝,5,55.0,489,-5,戸崎圭,辻哲英,5.7,5,2:17.2,38.8,2-2-2-2,3,489,-5
2026/05/13,川崎,11,エンプレス杯キヨフジ記念【指定交流JpnII,2100,ダ,左,良,晴,8,3,3,マテリアルガール,牝,6,55.0,506,1,矢野貴,小久智,180.1,6,2:18.7,38.8,6-6-7-7,7,506,1
2026/05/13,川崎,11,エンプレス杯キヨフジ記念【指定交流JpnII,2100,ダ,左,良,晴,8,5,5,マーブルマウンテン,牝,5,55.0,492,3,吉原寛,藤田輝,33.4,7,2:18.9,39.2,5-5-6-6,6,492,3
2026/05/13,川崎,11,エンプレス杯キヨフジ記念【指定交流JpnII,2100,ダ,左,良,晴,8,7,7,レクランスリール,牝,6,55.0,436,3,丸山真,伊藤好,385.7,8,2:21.8,40.6,8-8-8-8,8,436,3
2026/05/13,川崎,12,２０２６川崎ジョッキーズカップ第２戦Ｃ３,1400,ダ,左,良,晴,14,2,2,リコースチェッキン,牝,6,54.0,427,2,山林信,久保秀,4.1,1,1:33.0,41.3,1-2-2-2,1,427,2
2026/05/13,川崎,12,２０２６川崎ジョッキーズカップ第２戦Ｃ３,1400,ダ,左,良,晴,14,6,9,ナリノドリーム,牝,4,54.0,472,1,藤江渉,内田勝,4.5,2,1:33.3,40.7,9-8-9-8,2,472,1
2026/05/13,川崎,12,２０２６川崎ジョッキーズカップ第２戦Ｃ３,1400,ダ,左,良,晴,14,5,8,フェデフルール,牝,7,54.0,468,2,佐野遥,武井和,6.8,3,1:33.5,40.1,12-13-13-13,5,468,2
2026/05/13,川崎,12,２０２６川崎ジョッキーズカップ第２戦Ｃ３,1400,ダ,左,良,晴,14,5,7,キーファイン,牝,7,54.0,438,18,伊藤裕,高月賢,6.2,4,1:33.7,41.6,1-4-4-3,4,438,18
2026/05/13,川崎,12,２０２６川崎ジョッキーズカップ第２戦Ｃ３,1400,ダ,左,良,晴,14,4,5,アブソリュート,牡,5,56.0,485,9,田中涼,山崎裕,6.1,5,1:33.8,41.4,5-6-6-5,3,485,9
2026/05/13,川崎,12,２０２６川崎ジョッキーズカップ第２戦Ｃ３,1400,ダ,左,良,晴,14,3,4,ラピッドフロウ,牝,8,54.0,424,2,櫻井光,今井輝,66.2,6,1:33.9,40.7,12-12-11-10,11,424,2
2026/05/13,川崎,12,２０２６川崎ジョッキーズカップ第２戦Ｃ３,1400,ダ,左,良,晴,14,1,1,シェナチチカカ,牝,7,54.0,408,10,池谷匠,山田正,65.3,7,1:34.0,41.7,5-5-6-5,10,408,10
2026/05/13,川崎,12,２０２６川崎ジョッキーズカップ第２戦Ｃ３,1400,ダ,左,良,晴,14,3,3,ティンドラ,牝,6,54.0,438,3,増田充,山崎尋,20.3,8,1:34.0,41.4,9-7-9-8,8,438,3
2026/05/13,川崎,12,２０２６川崎ジョッキーズカップ第２戦Ｃ３,1400,ダ,左,良,晴,14,6,10,レディハナコ,牝,4,54.0,417,1,岡村裕,田邊陽,70.2,9,1:34.2,40.8,14-14-14-11,12,417,1
2026/05/13,川崎,12,２０２６川崎ジョッキーズカップ第２戦Ｃ３,1400,ダ,左,良,晴,14,8,14,ハイウィルヘーズ,牝,5,51.0,441,6,加藤雄,村田六,58.0,10,1:34.2,42.3,1-3-3-4,9,441,6
2026/05/13,川崎,12,２０２６川崎ジョッキーズカップ第２戦Ｃ３,1400,ダ,左,良,晴,14,7,11,ルジュウェール,牡,4,56.0,503,-2,本田紀,村田順,17.0,11,1:34.7,42.1,9-10-5-5,7,503,-2
2026/05/13,川崎,12,２０２６川崎ジョッキーズカップ第２戦Ｃ３,1400,ダ,左,良,晴,14,7,12,スノーウィースカイ,牡,4,56.0,472,-3,野畑凌,平田正,7.1,12,1:35.0,41.8,8-11-11-14,6,472,-3
2026/05/13,川崎,12,２０２６川崎ジョッキーズカップ第２戦Ｃ３,1400,ダ,左,良,晴,14,4,6,グランツリッター,牡,4,56.0,465,3,中越琉,田邊陽,204.4,13,1:35.0,42.4,5-8-6-11,14,465,3
2026/05/13,川崎,12,２０２６川崎ジョッキーズカップ第２戦Ｃ３,1400,ダ,左,良,晴,14,8,13,ローゼシュティア,牝,7,54.0,465,-9,新原周,八木喜,101.1,14,1:35.3,44.2,1-1-1-1,13,465,-9
2026/05/14,川崎,1,３歳８,1400,ダ,左,良,晴,8,3,3,ハーバーショー,牡,3,56.0,438,9,野畑凌,高月賢,3.8,1,1:33.2,39.9,1-1-1-1,2,438,9
2026/05/14,川崎,1,３歳８,1400,ダ,左,良,晴,8,5,5,シェナマーブル,牡,3,56.0,463,8,藤江渉,山田正,19.5,2,1:34.4,40.9,4-3-5-4,6,463,8
2026/05/14,川崎,1,３歳８,1400,ダ,左,良,晴,8,8,8,アメリカンサンデー,牡,3,56.0,443,-8,和田譲,鈴木義,1.4,3,1:34.4,40.9,3-3-2-2,1,443,-8
2026/05/14,川崎,1,３歳８,1400,ダ,左,良,晴,8,2,2,セレステラ,牝,3,54.0,475,-4,町田直,内田勝,12.6,4,1:35.2,40.9,5-5-6-5,4,475,-4
2026/05/14,川崎,1,３歳８,1400,ダ,左,良,晴,8,7,7,バババブーン,牡,3,56.0,517,4,笹川翼,酒井忍,12.2,5,1:36.0,41.8,5-5-6-7,3,517,4
2026/05/14,川崎,1,３歳８,1400,ダ,左,良,晴,8,6,6,ダイリュウラッキー,牡,3,56.0,457,17,池谷匠,村田順,14.1,6,1:36.1,42.6,1-2-2-2,5,457,17
2026/05/14,川崎,1,３歳８,1400,ダ,左,良,晴,8,4,4,タイトノット,牡,3,56.0,441,5,伊藤裕,武井和,72.3,7,1:36.4,41.9,8-8-6-8,8,441,5
2026/05/14,川崎,1,３歳８,1400,ダ,左,良,晴,8,1,1,ラブイネヴィタブル,牝,3,54.0,402,-5,新原周,茂木浩,48.6,8,1:37.4,43.8,7-7-4-6,7,402,-5
2026/05/14,川崎,2,イヌワシ賞Ｃ３選定馬,900,ダ,左,良,晴,12,3,3,ロワン,牝,4,54.0,413,-1,櫻井光,八木喜,17.8,1,0:56.9,38.6,1-6-3,6,413,-1
2026/05/14,川崎,2,イヌワシ賞Ｃ３選定馬,900,ダ,左,良,晴,12,4,4,ルリール,牝,7,54.0,414,5,新原周,林隆之,6.0,2,0:57.1,38.4,5-10-8,3,414,5
2026/05/14,川崎,2,イヌワシ賞Ｃ３選定馬,900,ダ,左,良,晴,12,8,12,ササキンポピー,牝,5,54.0,447,7,古岡勇,村田順,9.6,3,0:57.1,38.7,8-2-3,5,447,7
2026/05/14,川崎,2,イヌワシ賞Ｃ３選定馬,900,ダ,左,良,晴,12,7,9,ナツハヤテ,牝,8,54.0,465,11,池谷匠,山田質,37.8,4,0:57.1,38.7,5-2-1,9,465,11
2026/05/14,川崎,2,イヌワシ賞Ｃ３選定馬,900,ダ,左,良,晴,12,1,1,ヴィンチェンツォ,牡,6,56.0,479,-2,増田充,安池成,40.4,5,0:57.2,38.8,5-9-8,10,479,-2
2026/05/14,川崎,2,イヌワシ賞Ｃ３選定馬,900,ダ,左,良,晴,12,5,6,アカルイスモウブ,牝,7,51.0,429,0,加藤雄,山田正,125.4,6,0:57.3,39.2,1-1-1,11,429,0
2026/05/14,川崎,2,イヌワシ賞Ｃ３選定馬,900,ダ,左,良,晴,12,7,10,ダイナマイトブル,牡,6,56.0,458,-1,達城龍,久保勇,9.4,7,0:57.3,38.8,8-6-7,4,458,-1
2026/05/14,川崎,2,イヌワシ賞Ｃ３選定馬,900,ダ,左,良,晴,12,6,7,カナサンドー,牝,5,54.0,396,0,藤江渉,今井輝,18.4,8,0:57.6,39.2,3-5-5,7,396,0
2026/05/14,川崎,2,イヌワシ賞Ｃ３選定馬,900,ダ,左,良,晴,12,5,5,タノシサ,牝,5,54.0,489,9,シャベ,林隆之,3.8,9,0:57.7,39.3,3-8-8,2,489,9
2026/05/14,川崎,2,イヌワシ賞Ｃ３選定馬,900,ダ,左,良,晴,12,2,2,スウィープレジーナ,牝,4,54.0,505,-9,野畑凌,山崎裕,2.4,10,0:57.8,38.8,11-11-11,1,505,-9
2026/05/14,川崎,2,イヌワシ賞Ｃ３選定馬,900,ダ,左,良,晴,12,6,8,ブルーレンジャー,牝,5,54.0,451,-9,本田紀,河津裕,312.1,11,0:58.3,38.9,11-12-12,12,451,-9
2026/05/14,川崎,2,イヌワシ賞Ｃ３選定馬,900,ダ,左,良,晴,12,8,11,キタノフローラ,牝,4,54.0,443,-3,中越琉,安池成,36.0,12,0:58.6,40.2,8-2-5,8,443,-3
2026/05/14,川崎,3,フローラ賞Ｃ２Ｃ３選定馬,2000,ダ,左,良,晴,14,8,14,ジーティーラピッド,牡,4,57.0,464,3,笹川翼,高月賢,2.4,1,2:15.8,40.5,2-2-2-1,1,464,3
2026/05/14,川崎,3,フローラ賞Ｃ２Ｃ３選定馬,2000,ダ,左,良,晴,14,3,4,ニジトタルト,牝,9,55.0,454,1,御神訓,林隆之,4.7,2,2:15.9,40.8,1-1-1-1,2,454,1
2026/05/14,川崎,3,フローラ賞Ｃ２Ｃ３選定馬,2000,ダ,左,良,晴,14,3,3,アイビージーニー,牡,4,57.0,512,11,藤本現,山崎裕,13.1,3,2:16.1,40.3,6-5-6-4,5,512,11
2026/05/14,川崎,3,フローラ賞Ｃ２Ｃ３選定馬,2000,ダ,左,良,晴,14,4,6,スマイルフェリス,牝,5,55.0,517,-3,佐野遥,高橋宏,16.4,4,2:16.4,40.6,7-7-3-4,8,517,-3
2026/05/14,川崎,3,フローラ賞Ｃ２Ｃ３選定馬,2000,ダ,左,良,晴,14,5,7,オールニッポン,牝,4,55.0,448,0,野畑凌,佐藤博,8.0,5,2:16.7,41.1,4-3-3-3,4,448,0
2026/05/14,川崎,3,フローラ賞Ｃ２Ｃ３選定馬,2000,ダ,左,良,晴,14,7,12,ニットウアトラス,牡,4,55.0,532,-1,岡村健,茂木浩,15.7,6,2:16.8,41.0,5-5-6-6,7,532,-1
2026/05/14,川崎,3,フローラ賞Ｃ２Ｃ３選定馬,2000,ダ,左,良,晴,14,1,1,グリントレッド,牡,4,57.0,519,5,古岡勇,高橋宏,104.3,7,2:16.9,40.8,8-8-9-7,13,519,5
2026/05/14,川崎,3,フローラ賞Ｃ２Ｃ３選定馬,2000,ダ,左,良,晴,14,7,11,タイセイルシエル,牡,4,57.0,437,3,矢野貴,内田勝,7.4,8,2:17.1,40.8,12-12-12-10,3,437,3
2026/05/14,川崎,3,フローラ賞Ｃ２Ｃ３選定馬,2000,ダ,左,良,晴,14,4,5,モナークスラッガー,牡,6,54.0,429,-4,加藤雄,田島寿,57.0,9,2:17.3,41.2,10-11-8-7,12,429,-4
2026/05/14,川崎,3,フローラ賞Ｃ２Ｃ３選定馬,2000,ダ,左,良,晴,14,2,2,ミストラ,セ,0,57.0,559,0,池谷匠,村田六,14.2,10,2:17.7,41.4,10-10-9-11,6,559,0
2026/05/14,川崎,3,フローラ賞Ｃ２Ｃ３選定馬,2000,ダ,左,良,晴,14,5,8,ユメミ,牝,4,55.0,404,-3,藤江渉,八木喜,255.2,11,2:17.8,41.1,14-14-13-11,14,404,-3
2026/05/14,川崎,3,フローラ賞Ｃ２Ｃ３選定馬,2000,ダ,左,良,晴,14,8,13,ファイナルワンダー,牡,6,55.0,476,-5,安藤洋,田島寿,56.6,12,2:18.1,41.3,13-13-14-13,11,476,-5
2026/05/14,川崎,3,フローラ賞Ｃ２Ｃ３選定馬,2000,ダ,左,良,晴,14,6,9,クルメミッチー,牡,6,55.0,510,4,町田直,田邊陽,27.3,13,2:18.2,42.1,8-9-11-13,9,510,4
2026/05/14,川崎,3,フローラ賞Ｃ２Ｃ３選定馬,2000,ダ,左,良,晴,14,6,10,ニューディヴァイド,セ,0,55.0,496,-3,新原周,山田質,44.4,14,2:18.4,42.8,3-3-3-7,10,496,-3
2026/05/14,川崎,4,Ｃ２五 六,1400,ダ,左,良,晴,12,5,5,ウインプリームス,牝,6,54.0,442,6,新原周,吉橋淳,11.0,1,1:32.6,39.4,4-4-4-2,3,442,6
2026/05/14,川崎,4,Ｃ２五 六,1400,ダ,左,良,晴,12,2,2,トンヤイビーン,牡,4,56.0,518,-1,野畑凌,田邊陽,1.5,2,1:32.6,39.5,1-1-1-1,1,518,-1
2026/05/14,川崎,4,Ｃ２五 六,1400,ダ,左,良,晴,12,6,7,クリノノヴァエ,牡,4,56.0,499,2,古岡勇,山崎裕,33.0,3,1:33.3,39.4,11-11-11-9,6,499,2
2026/05/14,川崎,4,Ｃ２五 六,1400,ダ,左,良,晴,12,6,8,ベラヴィットーリア,牝,4,54.0,526,0,櫻井光,佐藤博,37.1,4,1:33.3,40.1,6-5-4-5,7,526,0
2026/05/14,川崎,4,Ｃ２五 六,1400,ダ,左,良,晴,12,1,1,マロンルピナス,牝,6,54.0,438,8,池谷匠,村田順,16.9,5,1:33.3,39.9,6-7-8-9,4,438,8
2026/05/14,川崎,4,Ｃ２五 六,1400,ダ,左,良,晴,12,7,10,リンテンリュウ,牝,4,54.0,503,5,佐野遥,高橋宏,37.3,6,1:33.7,40.5,5-5-4-7,8,503,5
2026/05/14,川崎,4,Ｃ２五 六,1400,ダ,左,良,晴,12,5,6,リケアヴィオレ,牡,5,56.0,474,-10,七夕裕,鹿沼和,203.4,7,1:34.3,40.4,11-11-11-11,12,474,-10
2026/05/14,川崎,4,Ｃ２五 六,1400,ダ,左,良,晴,12,8,12,イノ,牝,6,54.0,373,0,増田充,佐々仁,3.1,8,1:34.4,41.0,6-7-4-3,2,373,0
2026/05/14,川崎,4,Ｃ２五 六,1400,ダ,左,良,晴,12,8,11,エコロジョイアー,牡,6,56.0,519,17,保園翔,小久智,23.1,9,1:34.5,40.8,9-9-9-11,5,519,17
2026/05/14,川崎,4,Ｃ２五 六,1400,ダ,左,良,晴,12,4,4,フォガラ,牝,9,54.0,481,-3,福原杏,小澤宏,154.9,10,1:34.7,41.1,9-9-9-8,10,481,-3
2026/05/14,川崎,4,Ｃ２五 六,1400,ダ,左,良,晴,12,7,9,エスパノーラ,牝,4,54.0,487,-5,藤江渉,古澤悟,124.4,11,1:35.7,42.5,3-3-3-3,9,487,-5
2026/05/14,川崎,4,Ｃ２五 六,1400,ダ,左,良,晴,12,3,3,コスモフルール,牝,4,54.0,462,-5,岡村裕,今井輝,155.5,12,1:36.6,43.5,1-2-1-5,11,462,-5
2026/05/14,川崎,5,Ｃ２五 六,1400,ダ,左,良,晴,12,7,9,モズミコシ,牡,4,56.0,444,-13,野畑凌,高月賢,1.4,1,1:32.3,38.9,2-2-2-2,1,444,-13
2026/05/14,川崎,5,Ｃ２五 六,1400,ダ,左,良,晴,12,2,2,ロジステート,牝,4,54.0,497,2,中越琉,佐藤博,22.7,2,1:32.7,39.5,1-1-1-1,6,497,2
2026/05/14,川崎,5,Ｃ２五 六,1400,ダ,左,良,晴,12,8,11,イクノオリンピア,牡,5,56.0,457,4,菅原涼,佐々仁,76.7,3,1:32.9,39.3,7-5-3-3,9,457,4
2026/05/14,川崎,5,Ｃ２五 六,1400,ダ,左,良,晴,12,5,6,コットンフラワー,牝,4,54.0,422,-6,佐野遥,鈴木義,6.5,4,1:33.1,39.5,3-4-4-4,3,422,-6
2026/05/14,川崎,5,Ｃ２五 六,1400,ダ,左,良,晴,12,8,12,ビップジェシー,牝,4,51.0,444,5,加藤雄,田島寿,378.6,5,1:33.2,39.4,8-8-6-6,12,444,5
2026/05/14,川崎,5,Ｃ２五 六,1400,ダ,左,良,晴,12,3,3,クリノフローレンス,牝,4,54.0,452,-3,藤江渉,八木喜,17.2,6,1:33.2,39.4,5-5-7-7,5,452,-3
2026/05/14,川崎,5,Ｃ２五 六,1400,ダ,左,良,晴,12,5,5,マルゼンスキーツー,牡,5,56.0,494,-1,和田譲,今井輝,13.1,7,1:33.3,39.5,5-7-7-7,4,494,-1
2026/05/14,川崎,5,Ｃ２五 六,1400,ダ,左,良,晴,12,7,10,セレナス,牝,4,54.0,418,5,櫻井光,久保秀,34.4,8,1:33.4,39.0,11-11-11-10,7,418,5
2026/05/14,川崎,5,Ｃ２五 六,1400,ダ,左,良,晴,12,1,1,シンキングモヒート,牡,5,56.0,470,4,増田充,宇野博,80.1,9,1:33.4,39.8,4-3-4-5,10,470,4
2026/05/14,川崎,5,Ｃ２五 六,1400,ダ,左,良,晴,12,6,7,ヘヴンリーゴール,牡,4,56.0,482,-3,矢野貴,吉橋淳,6.2,10,1:33.6,39.5,10-9-9-9,2,482,-3
2026/05/14,川崎,5,Ｃ２五 六,1400,ダ,左,良,晴,12,4,4,クライスラー,牝,4,51.0,457,-5,山本大,秋山直,48.1,11,1:33.7,39.6,8-9-9-10,8,457,-5
2026/05/14,川崎,5,Ｃ２五 六,1400,ダ,左,良,晴,12,6,8,ポンテドラーゴ,牡,7,56.0,498,1,及川烈,海馬司,219.3,12,1:34.0,38.8,12-12-12-12,11,498,1
2026/05/14,川崎,6,パティオ賞Ｃ２選定馬２,1500,ダ,左,良,曇,11,4,4,エクセルブラック,牡,5,56.0,457,0,藤本現,入口由,73.8,1,1:37.1,41.2,1-1-1-1,7,457,0
2026/05/14,川崎,6,パティオ賞Ｃ２選定馬２,1500,ダ,左,良,曇,11,5,5,ライヴバフィ,牡,4,56.0,478,1,矢野貴,高月賢,1.5,2,1:37.6,41.2,1-3-3-2,1,478,1
2026/05/14,川崎,6,パティオ賞Ｃ２選定馬２,1500,ダ,左,良,曇,11,1,1,シントーハナノラン,牝,7,54.0,471,7,町田直,平田正,10.0,3,1:38.0,40.7,7-9-8-4,4,471,7
2026/05/14,川崎,6,パティオ賞Ｃ２選定馬２,1500,ダ,左,良,曇,11,7,9,ウイングラドナス,牡,7,56.0,467,-2,秋元耕,海馬司,103.3,4,1:38.1,40.4,11-11-10-6,8,467,-2
2026/05/14,川崎,6,パティオ賞Ｃ２選定馬２,1500,ダ,左,良,曇,11,3,3,アスクアーバンシー,牡,4,56.0,472,-6,櫻井光,秋山直,6.1,5,1:38.4,41.6,4-4-4-2,3,472,-6
2026/05/14,川崎,6,パティオ賞Ｃ２選定馬２,1500,ダ,左,良,曇,11,7,8,ガウラサンダー,牡,4,56.0,466,4,野畑凌,高月賢,5.8,6,1:38.7,41.7,7-6-5-5,2,466,4
2026/05/14,川崎,6,パティオ賞Ｃ２選定馬２,1500,ダ,左,良,曇,11,6,6,リッキーマキアート,牝,6,54.0,477,-9,福原杏,酒井一,104.5,7,1:39.2,42.2,5-5-7-7,9,477,-9
2026/05/14,川崎,6,パティオ賞Ｃ２選定馬２,1500,ダ,左,良,曇,11,8,10,シュヴァイゲン,牡,5,55.0,509,-2,中山遥,久保秀,118.0,8,1:39.7,42.0,9-10-9-9,10,509,-2
2026/05/14,川崎,6,パティオ賞Ｃ２選定馬２,1500,ダ,左,良,曇,11,6,7,サンタモニカビーチ,牡,6,56.0,565,2,半澤慶,海馬司,144.9,9,1:40.1,43.1,9-6-5-9,11,565,2
2026/05/14,川崎,6,パティオ賞Ｃ２選定馬２,1500,ダ,左,良,曇,11,2,2,テマリ,牝,6,54.0,434,5,古岡勇,武井和,46.0,10,1:40.2,42.7,5-6-11-11,6,434,5
2026/05/14,川崎,6,パティオ賞Ｃ２選定馬２,1500,ダ,左,良,曇,11,8,11,ユウキヒャクバイ,牡,5,56.0,510,5,新原周,茂木浩,10.6,11,1:41.5,45.4,1-2-2-7,5,510,5
2026/05/14,川崎,7,紅玉賞Ｃ１選定馬,900,ダ,左,良,曇,12,1,1,ポッドデューク,牡,4,56.0,483,-9,御神訓,高月賢,1.8,1,0:55.6,37.5,4-4-4,1,483,-9
2026/05/14,川崎,7,紅玉賞Ｃ１選定馬,900,ダ,左,良,曇,12,5,5,アイアンピッチ,牝,4,54.0,459,-2,櫻井光,佐藤博,5.0,2,0:55.7,38.0,1-2-2,3,459,-2
2026/05/14,川崎,7,紅玉賞Ｃ１選定馬,900,ダ,左,良,曇,12,7,10,ライヴペッパー,牡,6,56.0,455,-2,藤本現,山崎裕,25.1,3,0:55.9,37.4,10-7-9,6,455,-2
2026/05/14,川崎,7,紅玉賞Ｃ１選定馬,900,ダ,左,良,曇,12,4,4,ネヴァーノウズ,牡,4,56.0,439,-3,池谷匠,甲田悟,215.9,4,0:56.0,37.5,8-9-8,10,439,-3
2026/05/14,川崎,7,紅玉賞Ｃ１選定馬,900,ダ,左,良,曇,12,5,6,プレストヴィーナス,牝,7,54.0,446,3,本橋孝,長友豊,3.9,5,0:56.0,38.2,1-2-2,2,446,3
2026/05/14,川崎,7,紅玉賞Ｃ１選定馬,900,ダ,左,良,曇,12,8,11,スレヒトゥヴアルク,牝,4,54.0,495,8,山林信,平田正,51.1,6,0:56.0,38.4,3-1-1,8,495,8
2026/05/14,川崎,7,紅玉賞Ｃ１選定馬,900,ダ,左,良,曇,12,8,12,ミスサン,牝,5,54.0,448,0,鷹見陸,佐藤博,83.9,7,0:56.1,37.8,6-4-6,9,448,0
2026/05/14,川崎,7,紅玉賞Ｃ１選定馬,900,ダ,左,良,曇,12,7,9,ピーチマカロン,牝,4,54.0,489,3,達城龍,久保勇,22.0,8,0:56.2,37.3,11-11-11,5,489,3
2026/05/14,川崎,7,紅玉賞Ｃ１選定馬,900,ダ,左,良,曇,12,6,7,イソエヴィクラント,牡,5,56.0,481,-3,新原周,鈴木義,9.6,9,0:56.4,37.7,9-10-10,4,481,-3
2026/05/14,川崎,7,紅玉賞Ｃ１選定馬,900,ダ,左,良,曇,12,2,2,ザゴリ,牝,4,54.0,411,3,藤江渉,山田質,45.6,10,0:56.5,38.2,6-7-6,7,411,3
2026/05/14,川崎,7,紅玉賞Ｃ１選定馬,900,ダ,左,良,曇,12,6,8,ヒューマンライツ,牡,5,56.0,519,0,岡村裕,久保秀,221.8,11,0:56.7,38.4,4-4-5,11,519,0
2026/05/14,川崎,7,紅玉賞Ｃ１選定馬,900,ダ,左,良,曇,12,3,3,シンフォニーシーズ,牝,4,54.0,0,0,菅原涼,佐々仁,,,,,,,0,0
2026/05/14,川崎,8,カサブランカオープン【牝馬限定】３歳牝馬,2000,ダ,左,良,曇,6,1,1,アップタウン,牝,3,53.0,465,9,シャベ,矢野義,1.5,1,2:16.3,39.3,3-3-4-2,1,465,9
2026/05/14,川崎,8,カサブランカオープン【牝馬限定】３歳牝馬,2000,ダ,左,良,曇,6,6,6,ベアアスムイ,牝,3,53.0,418,-10,増田充,鈴木義,6.6,2,2:16.6,39.9,1-1-1-1,3,418,-10
2026/05/14,川崎,8,カサブランカオープン【牝馬限定】３歳牝馬,2000,ダ,左,良,曇,6,5,5,アマビリティ,牝,3,50.0,452,-2,加藤雄,河津裕,46.2,3,2:17.1,39.9,5-5-5-4,6,452,-2
2026/05/14,川崎,8,カサブランカオープン【牝馬限定】３歳牝馬,2000,ダ,左,良,曇,6,3,3,イルフロッタント,牝,3,53.0,450,-1,櫻井光,佐藤博,3.4,4,2:17.3,40.5,2-1-1-2,2,450,-1
2026/05/14,川崎,8,カサブランカオープン【牝馬限定】３歳牝馬,2000,ダ,左,良,曇,6,4,4,ユーヴェル,牝,3,53.0,466,5,古岡勇,八木喜,25.4,5,2:17.7,40.5,5-5-5-6,5,466,5
2026/05/14,川崎,8,カサブランカオープン【牝馬限定】３歳牝馬,2000,ダ,左,良,曇,6,2,2,ユウユウシロパン,牝,3,53.0,437,-10,七夕裕,工藤伸,8.5,6,2:18.3,41.3,3-3-1-4,4,437,-10
2026/05/14,川崎,9,レイノ賞Ｃ１選定馬,1600,ダ,左,良,曇,14,1,1,スティールウィル,セ,0,56.0,509,3,和田譲,秋山直,7.4,1,1:45.7,40.1,9-10-8-7,4,509,3
2026/05/14,川崎,9,レイノ賞Ｃ１選定馬,1600,ダ,左,良,曇,14,7,11,ウインブリエ,牝,5,54.0,517,2,福原杏,平山真,37.7,2,1:45.8,40.6,6-6-5-3,8,517,2
2026/05/14,川崎,9,レイノ賞Ｃ１選定馬,1600,ダ,左,良,曇,14,3,4,イデアノキセキ,牡,7,55.0,447,-9,中山遥,鹿沼和,137.1,3,1:46.0,41.0,7-7-1-2,11,447,-9
2026/05/14,川崎,9,レイノ賞Ｃ１選定馬,1600,ダ,左,良,曇,14,8,14,サドル,牡,7,56.0,511,1,町田直,平田正,10.2,4,1:46.0,41.5,1-1-1-1,5,511,1
2026/05/14,川崎,9,レイノ賞Ｃ１選定馬,1600,ダ,左,良,曇,14,6,10,エスプリゴンザレス,牡,6,56.0,477,-9,佐野遥,久保秀,6.3,5,1:46.0,40.9,3-3-7-4,3,477,-9
2026/05/14,川崎,9,レイノ賞Ｃ１選定馬,1600,ダ,左,良,曇,14,6,9,ボルドーダゲール,牡,4,56.0,477,1,増田充,村田順,240.1,6,1:46.1,40.1,13-13-11-7,13,477,1
2026/05/14,川崎,9,レイノ賞Ｃ１選定馬,1600,ダ,左,良,曇,14,2,2,シトロンヴェール,牡,5,53.0,527,-10,加藤雄,武井和,71.1,7,1:46.2,41.0,7-8-8-7,10,527,-10
2026/05/14,川崎,9,レイノ賞Ｃ１選定馬,1600,ダ,左,良,曇,14,5,7,クリスタルアロー,牡,4,56.0,539,13,藤本現,山崎尋,19.0,8,1:46.5,41.3,5-5-6-7,6,539,13
2026/05/14,川崎,9,レイノ賞Ｃ１選定馬,1600,ダ,左,良,曇,14,5,8,ウインメラナイト,牡,5,56.0,509,-1,古岡勇,古澤悟,36.2,9,1:46.7,40.9,11-11-12-11,7,509,-1
2026/05/14,川崎,9,レイノ賞Ｃ１選定馬,1600,ダ,左,良,曇,14,7,12,ミヤビクライ,牡,7,56.0,513,-1,新原周,林隆之,2.1,10,1:47.6,42.6,3-3-3-4,1,513,-1
2026/05/14,川崎,9,レイノ賞Ｃ１選定馬,1600,ダ,左,良,曇,14,3,3,シエルラビクトア,牝,6,54.0,507,1,伊藤裕,山田質,47.0,11,1:48.1,42.5,9-9-8-12,9,507,1
2026/05/14,川崎,9,レイノ賞Ｃ１選定馬,1600,ダ,左,良,曇,14,8,13,タイムトゥキル,牝,6,54.0,511,1,池谷匠,内田勝,144.2,12,1:48.3,43.4,2-2-3-6,12,511,1
2026/05/14,川崎,9,レイノ賞Ｃ１選定馬,1600,ダ,左,良,曇,14,4,5,プルーフリーダー,牡,5,56.0,477,7,矢野貴,加藤誠,4.3,13,1:48.7,42.9,12-11-12-12,2,477,7
2026/05/14,川崎,9,レイノ賞Ｃ１選定馬,1600,ダ,左,良,曇,14,4,6,ニキ,牡,5,56.0,0,0,本田重,野口寛,,,,,,,0,0
2026/05/14,川崎,10,紫電一閃賞Ｂ２選定馬,900,ダ,左,良,曇,12,2,2,ピンクタオルチャン,牝,4,54.0,451,7,笹川翼,山田質,7.0,1,0:54.2,36.9,2-4-3,2,451,7
2026/05/14,川崎,10,紫電一閃賞Ｂ２選定馬,900,ダ,左,良,曇,12,7,9,サトノリリウム,牝,4,54.0,498,-2,和田譲,坂井英,1.4,2,0:54.7,37.4,6-1-1,1,498,-2
2026/05/14,川崎,10,紫電一閃賞Ｂ２選定馬,900,ダ,左,良,曇,12,1,1,ルールメイプル,牝,6,54.0,459,1,櫻井光,山崎裕,117.0,3,0:54.7,37.2,5-7-4,10,459,1
2026/05/14,川崎,10,紫電一閃賞Ｂ２選定馬,900,ダ,左,良,曇,12,5,5,トニープリンス,牡,6,56.0,487,0,野畑凌,田邊陽,13.3,4,0:55.1,37.7,2-5-7,4,487,0
2026/05/14,川崎,10,紫電一閃賞Ｂ２選定馬,900,ダ,左,良,曇,12,6,8,ラヴォミ,牝,4,54.0,458,-6,シャベ,林隆之,75.0,5,0:55.2,37.7,2-5-6,8,458,-6
2026/05/14,川崎,10,紫電一閃賞Ｂ２選定馬,900,ダ,左,良,曇,12,3,3,ポッドレオ,牡,5,56.0,521,5,古岡勇,佐々仁,160.3,6,0:55.4,37.5,6-10-9,12,521,5
2026/05/14,川崎,10,紫電一閃賞Ｂ２選定馬,900,ダ,左,良,曇,12,6,7,ライヴアメデオ,牡,5,56.0,486,1,矢野貴,高月賢,18.9,7,0:55.4,37.7,6-8-7,6,486,1
2026/05/14,川崎,10,紫電一閃賞Ｂ２選定馬,900,ダ,左,良,曇,12,4,4,グランドフロイデ,牡,3,51.0,458,1,加藤雄,河津裕,7.4,8,0:55.5,38.2,1-3-1,3,458,1
2026/05/14,川崎,10,紫電一閃賞Ｂ２選定馬,900,ダ,左,良,曇,12,8,11,サンダビューク,牡,7,56.0,473,0,本田重,野口孝,84.3,9,0:55.6,37.4,11-11-10,9,473,0
2026/05/14,川崎,10,紫電一閃賞Ｂ２選定馬,900,ダ,左,良,曇,12,5,6,ミトノキャット,牝,4,54.0,454,8,佐野遥,鈴木義,41.7,10,0:56.0,37.4,12-12-11,7,454,8
2026/05/14,川崎,10,紫電一閃賞Ｂ２選定馬,900,ダ,左,良,曇,12,8,12,タイセイアレス,牡,5,56.0,494,3,池谷匠,内田勝,13.8,11,0:56.0,38.7,9-1-4,5,494,3
2026/05/14,川崎,10,紫電一閃賞Ｂ２選定馬,900,ダ,左,良,曇,12,7,10,ランラン,牝,4,54.0,423,9,町田直,平田正,144.2,12,0:56.9,39.0,9-9-12,11,423,9
2026/05/14,川崎,11,神奈川・横浜ＤＣ記念　カナウネＡ２Ｂ１一,1500,ダ,左,良,曇,9,2,2,マイケルマキシマス,牡,5,57.0,498,-2,御神訓,内田勝,1.5,1,1:35.3,38.3,5-5-6-5,1,498,-2
2026/05/14,川崎,11,神奈川・横浜ＤＣ記念　カナウネＡ２Ｂ１一,1500,ダ,左,良,曇,9,3,3,ノーブルゲイル,牡,5,57.0,503,-6,和田譲,佐野謙,4.4,2,1:35.6,38.6,6-6-6-6,2,503,-6
2026/05/14,川崎,11,神奈川・横浜ＤＣ記念　カナウネＡ２Ｂ１一,1500,ダ,左,良,曇,9,6,6,トノパー,牡,6,57.0,519,-11,笹川翼,小久智,8.1,3,1:35.8,38.9,1-1-1-1,3,519,-11
2026/05/14,川崎,11,神奈川・横浜ＤＣ記念　カナウネＡ２Ｂ１一,1500,ダ,左,良,曇,9,8,8,バナマンテソーロ,牡,5,55.0,493,-3,保園翔,小久智,112.8,4,1:35.9,38.9,1-4-1-3,9,493,-3
2026/05/14,川崎,11,神奈川・横浜ＤＣ記念　カナウネＡ２Ｂ１一,1500,ダ,左,良,曇,9,1,1,ミラクルヴォイス,牡,4,57.0,471,4,山林信,佐々仁,20.4,5,1:36.1,38.9,8-7-8-6,6,471,4
2026/05/14,川崎,11,神奈川・横浜ＤＣ記念　カナウネＡ２Ｂ１一,1500,ダ,左,良,曇,9,5,5,ベラール,牡,9,57.0,510,-3,町田直,酒井忍,24.1,6,1:36.3,38.9,8-9-8-9,7,510,-3
2026/05/14,川崎,11,神奈川・横浜ＤＣ記念　カナウネＡ２Ｂ１一,1500,ダ,左,良,曇,9,8,9,ヴィヴィアンエイト,牝,5,55.0,498,6,佐野遥,久保秀,14.9,7,1:36.5,39.7,1-1-1-1,4,498,6
2026/05/14,川崎,11,神奈川・横浜ＤＣ記念　カナウネＡ２Ｂ１一,1500,ダ,左,良,曇,9,4,4,ウィルシャイン,牝,4,55.0,451,-11,本田重,佐藤太,42.7,8,1:36.9,39.9,7-8-1-8,8,451,-11
2026/05/14,川崎,11,神奈川・横浜ＤＣ記念　カナウネＡ２Ｂ１一,1500,ダ,左,良,曇,9,7,7,ヴェールトゥマラン,牡,6,57.0,500,3,矢野貴,高月賢,19.5,9,1:37.0,40.1,1-3-1-3,5,500,3
2026/05/14,川崎,12,早苗月特別Ｂ３一 二 三,1400,ダ,左,良,曇,12,1,1,エレファントラン,牡,4,56.0,480,-7,御神訓,山崎尋,4.4,1,1:29.6,38.9,5-3-4-3,2,480,-7
2026/05/14,川崎,12,早苗月特別Ｂ３一 二 三,1400,ダ,左,良,曇,12,2,2,エムティワイザー,牡,4,56.0,431,2,古岡勇,山崎裕,12.8,2,1:29.9,39.4,1-1-1-1,6,431,2
2026/05/14,川崎,12,早苗月特別Ｂ３一 二 三,1400,ダ,左,良,曇,12,6,8,バックビート,牡,4,55.0,492,1,中山遥,山崎尋,7.6,3,1:30.1,39.6,2-2-1-2,5,492,1
2026/05/14,川崎,12,早苗月特別Ｂ３一 二 三,1400,ダ,左,良,曇,12,5,6,ラムテリオス,牝,5,54.0,471,1,新原周,鈴木義,6.0,4,1:30.8,39.9,7-5-7-4,4,471,1
2026/05/14,川崎,12,早苗月特別Ｂ３一 二 三,1400,ダ,左,良,曇,12,5,5,モンド,牡,4,56.0,448,-3,和田譲,甲田悟,18.1,5,1:31.0,39.9,11-10-9-5,8,448,-3
2026/05/14,川崎,12,早苗月特別Ｂ３一 二 三,1400,ダ,左,良,曇,12,6,7,トウマ,牡,6,56.0,463,-5,佐野遥,久保秀,27.4,6,1:31.2,40.1,8-8-8-8,9,463,-5
2026/05/14,川崎,12,早苗月特別Ｂ３一 二 三,1400,ダ,左,良,曇,12,3,3,ツインビスケッツ,牝,6,54.0,473,-3,山中悠,伊藤滋,203.1,7,1:31.7,40.4,12-11-12-9,12,473,-3
2026/05/14,川崎,12,早苗月特別Ｂ３一 二 三,1400,ダ,左,良,曇,12,4,4,ツカサレヴズ,牡,6,56.0,485,-1,野畑凌,高月賢,3.6,8,1:31.9,40.8,9-8-11-9,1,485,-1
2026/05/14,川崎,12,早苗月特別Ｂ３一 二 三,1400,ダ,左,良,曇,12,8,12,モモジロー,牡,4,56.0,441,-5,鷹見陸,古澤悟,66.1,9,1:32.0,40.7,9-11-10-12,11,441,-5
2026/05/14,川崎,12,早苗月特別Ｂ３一 二 三,1400,ダ,左,良,曇,12,7,10,カセノラオー,牡,5,56.0,500,0,岡村健,茂木浩,5.4,10,1:32.0,41.3,3-3-3-5,3,500,0
2026/05/14,川崎,12,早苗月特別Ｂ３一 二 三,1400,ダ,左,良,曇,12,8,11,ブレイヴルーラー,牡,7,56.0,552,-3,室陽一,横山保,65.3,11,1:32.4,41.5,4-5-5-9,10,552,-3
2026/05/14,川崎,12,早苗月特別Ｂ３一 二 三,1400,ダ,左,良,曇,12,7,9,エルガー,牝,4,54.0,477,-4,町田直,内田勝,14.8,12,1:32.7,41.8,5-5-5-7,7,477,-4
2026/05/15,川崎,1,３歳９,1400,ダ,左,良,晴,9,8,9,ブライトメロディー,牝,3,54.0,526,7,中越琉,安池成,4.4,1,1:34.8,43.3,1-1-1-1,2,526,7
2026/05/15,川崎,1,３歳９,1400,ダ,左,良,晴,9,4,4,アファーマティヴ,牡,3,53.0,468,0,加藤雄,河津裕,20.5,2,1:34.8,42.2,3-4-3-2,5,468,0
2026/05/15,川崎,1,３歳９,1400,ダ,左,良,晴,9,6,6,アンプリフィ,牝,3,54.0,446,1,古岡勇,田邊陽,20.8,3,1:35.3,41.7,7-8-6-5,6,446,1
2026/05/15,川崎,1,３歳９,1400,ダ,左,良,晴,9,2,2,マチダノチエコ,牝,3,54.0,453,-1,藤江渉,山田質,6.4,4,1:35.6,42.8,3-4-5-4,3,453,-1
2026/05/15,川崎,1,３歳９,1400,ダ,左,良,晴,9,1,1,クロムブレイズ,牝,3,54.0,395,4,伊藤裕,酒井忍,52.0,5,1:35.8,42.6,8-6-6-7,8,395,4
2026/05/15,川崎,1,３歳９,1400,ダ,左,良,晴,9,8,8,シイズダイヤモンド,牝,3,54.0,425,5,和田譲,高月賢,35.3,6,1:35.8,42.3,6-6-8-8,7,425,5
2026/05/15,川崎,1,３歳９,1400,ダ,左,良,晴,9,5,5,アイビーハルイチ,牝,3,54.0,0,0,新原周,茂木浩,1.5,7,1:36.7,44.4,3-2-2-2,1,0,0
2026/05/15,川崎,1,３歳９,1400,ダ,左,良,晴,9,7,7,ユノアール,牝,3,54.0,390,16,池谷匠,林隆之,11.5,8,1:37.0,44.5,2-2-3-5,4,390,16
2026/05/15,川崎,1,３歳９,1400,ダ,左,良,晴,9,3,3,ターボクン,牡,3,56.0,430,-1,増田充,吉橋淳,126.3,9,1:38.5,44.7,8-8-9-9,9,430,-1
2026/05/15,川崎,2,スパーキングデビュー新馬２歳２ロ,900,ダ,左,良,晴,6,5,5,ブエンディア,牡,2,54.0,0,0,櫻井光,山崎尋,10.2,1,0:56.9,38.4,4-2-2,3,0,0
2026/05/15,川崎,2,スパーキングデビュー新馬２歳２ロ,900,ダ,左,良,晴,6,3,3,ローノンバード,牡,2,54.0,0,0,野畑凌,鈴木義,1.2,2,0:57.0,38.9,1-1-1,1,0,0
2026/05/15,川崎,2,スパーキングデビュー新馬２歳２ロ,900,ダ,左,良,晴,6,6,6,デレチョ,牡,2,54.0,0,0,矢野貴,山崎裕,3.6,3,0:57.8,39.2,3-2-3,2,0,0
2026/05/15,川崎,2,スパーキングデビュー新馬２歳２ロ,900,ダ,左,良,晴,6,4,4,パミール,牝,2,54.0,0,0,佐野遥,甲田悟,30.9,4,0:59.3,40.8,2-2-3,5,0,0
2026/05/15,川崎,2,スパーキングデビュー新馬２歳２ロ,900,ダ,左,良,晴,6,1,1,トラストライオン,牡,2,54.0,0,0,和田譲,吉橋淳,19.5,5,0:59.9,40.1,4-5-5,4,0,0
2026/05/15,川崎,2,スパーキングデビュー新馬２歳２ロ,900,ダ,左,良,晴,6,2,2,テンリュウブラック,牝,2,54.0,0,0,中越琉,鈴木義,47.0,6,1:00.0,40.0,6-5-5,6,0,0
2026/05/15,川崎,3,スパーキングデビュー新馬２歳１イ,1400,ダ,左,良,晴,7,2,2,ブラフキャッチ,牡,2,54.0,0,0,野畑凌,高月賢,1.5,1,1:33.6,39.9,4-3-4-4,1,0,0
2026/05/15,川崎,3,スパーキングデビュー新馬２歳１イ,1400,ダ,左,良,晴,7,5,5,ヤマトリュウタン,牡,2,54.0,0,0,伊藤裕,山崎尋,37.7,2,1:33.8,40.5,1-2-3-3,5,0,0
2026/05/15,川崎,3,スパーキングデビュー新馬２歳１イ,1400,ダ,左,良,晴,7,3,3,イッツマイソウル,牡,2,54.0,0,0,矢野貴,高月賢,5.6,3,1:34.4,41.1,4-5-1-2,3,0,0
2026/05/15,川崎,3,スパーキングデビュー新馬２歳１イ,1400,ダ,左,良,晴,7,4,4,リアルブルース,牡,2,54.0,0,0,笹川翼,平田正,3.6,4,1:35.5,42.3,1-1-1-1,2,0,0
2026/05/15,川崎,3,スパーキングデビュー新馬２歳１イ,1400,ダ,左,良,晴,7,6,6,ゴールドサンデー,牡,2,54.0,0,0,和田譲,鈴木義,11.9,5,1:37.6,44.1,1-3-4-5,4,0,0
2026/05/15,川崎,3,スパーキングデビュー新馬２歳１イ,1400,ダ,左,良,晴,7,1,1,ドラゴンライト,牝,2,54.0,0,0,田中涼,鈴木義,70.5,6,1:37.8,42.3,7-7-7-7,7,0,0
2026/05/15,川崎,3,スパーキングデビュー新馬２歳１イ,1400,ダ,左,良,晴,7,7,7,ユウユウキール,牝,2,54.0,0,0,古岡勇,武井和,52.4,7,1:38.1,43.2,4-6-6-6,6,0,0
2026/05/15,川崎,4,ゼフィール賞３歳未格付選定馬,900,ダ,左,良,晴,9,5,5,グランドマーメイド,牝,3,54.0,0,0,増田充,佐々仁,38.3,1,0:56.0,38.0,1-1-1,5,0,0
2026/05/15,川崎,4,ゼフィール賞３歳未格付選定馬,900,ダ,左,良,晴,9,1,1,サウンドプリモ,牝,3,54.0,420,-2,野畑凌,河津裕,1.3,2,0:56.2,37.8,7-5-2,1,420,-2
2026/05/15,川崎,4,ゼフィール賞３歳未格付選定馬,900,ダ,左,良,晴,9,4,4,インパラブレ,牝,3,54.0,0,0,佐野遥,久保秀,8.4,3,0:57.7,38.8,8-5-5,3,0,0
2026/05/15,川崎,4,ゼフィール賞３歳未格付選定馬,900,ダ,左,良,晴,9,8,9,モモノコトノハ,牝,3,54.0,470,6,櫻井光,山崎裕,4.0,4,0:57.9,39.3,4-4-5,2,470,6
2026/05/15,川崎,4,ゼフィール賞３歳未格付選定馬,900,ダ,左,良,晴,9,8,8,カネトシライパー,牡,3,56.0,435,-7,山林信,佐々仁,58.0,5,0:57.9,39.5,3-1-3,6,435,-7
2026/05/15,川崎,4,ゼフィール賞３歳未格付選定馬,900,ダ,左,良,晴,9,7,7,メロウアイズテオ,牡,3,56.0,432,3,藤江渉,今井輝,88.1,6,0:58.0,38.1,9-9-9,7,432,3
2026/05/15,川崎,4,ゼフィール賞３歳未格付選定馬,900,ダ,左,良,晴,9,2,2,カミノリメイン,牝,3,54.0,404,14,木間龍,田島寿,228.0,7,0:58.2,39.6,4-7-5,9,404,14
2026/05/15,川崎,4,ゼフィール賞３歳未格付選定馬,900,ダ,左,良,晴,9,3,3,モンキーコアラ,牝,3,54.0,438,-4,新原周,甲田悟,12.4,8,0:58.9,40.2,4-7-8,4,438,-4
2026/05/15,川崎,4,ゼフィール賞３歳未格付選定馬,900,ダ,左,良,晴,9,6,6,ムジークヘーレン,牝,3,51.0,411,-1,加藤雄,平田正,99.3,9,0:58.9,40.7,1-1-3,8,411,-1
2026/05/15,川崎,5,Ｃ３一 二,1400,ダ,左,良,晴,12,3,3,エアシャロウ,セ,0,56.0,538,-9,赤津和,箕輪武,8.1,1,1:32.8,40.5,2-2-1-1,3,538,-9
2026/05/15,川崎,5,Ｃ３一 二,1400,ダ,左,良,晴,12,8,11,ベニノレーヴ,牡,5,55.0,456,-1,中山遥,田島寿,25.5,2,1:33.2,40.5,4-4-5-3,4,456,-1
2026/05/15,川崎,5,Ｃ３一 二,1400,ダ,左,良,晴,12,1,1,ロンディネ,牝,4,54.0,435,-1,本橋孝,林隆之,47.9,3,1:33.5,41.0,7-5-1-2,5,435,-1
2026/05/15,川崎,5,Ｃ３一 二,1400,ダ,左,良,晴,12,5,5,セイウンコチョウ,牝,7,54.0,413,-3,國分祐,冨田敏,112.0,4,1:33.5,40.6,10-8-9-7,7,413,-3
2026/05/15,川崎,5,Ｃ３一 二,1400,ダ,左,良,晴,12,7,9,エルキーオ,牡,5,56.0,507,-9,野畑凌,佐藤博,1.2,5,1:33.7,41.0,5-6-4-5,1,507,-9
2026/05/15,川崎,5,Ｃ３一 二,1400,ダ,左,良,晴,12,5,6,ルチェッタ,牝,5,54.0,448,1,町田直,田邊陽,5.3,6,1:33.9,41.0,9-8-9-8,2,448,1
2026/05/15,川崎,5,Ｃ３一 二,1400,ダ,左,良,晴,12,6,8,ツーエムルーイー,牝,6,52.0,553,8,中島良,小澤宏,200.9,7,1:34.3,41.8,3-3-5-5,11,553,8
2026/05/15,川崎,5,Ｃ３一 二,1400,ダ,左,良,晴,12,6,7,ジャストザヴァルス,牝,6,54.0,423,-4,福原杏,入口由,53.1,8,1:34.4,41.3,10-11-8-11,6,423,-4
2026/05/15,川崎,5,Ｃ３一 二,1400,ダ,左,良,晴,12,4,4,エーテルノカゼ,牝,6,54.0,442,2,岡村裕,八木喜,113.3,9,1:34.7,42.0,7-6-5-9,8,442,2
2026/05/15,川崎,5,Ｃ３一 二,1400,ダ,左,良,晴,12,7,10,リーヴルパラダイス,牝,4,54.0,425,2,シャベ,田中力,200.4,10,1:34.9,41.8,12-11-11-10,10,425,2
2026/05/15,川崎,5,Ｃ３一 二,1400,ダ,左,良,晴,12,2,2,ヤンキージャック,牝,4,54.0,395,-6,池谷匠,今井輝,125.4,11,1:35.1,43.1,1-1-1-3,9,395,-6
2026/05/15,川崎,5,Ｃ３一 二,1400,ダ,左,良,晴,12,8,12,ポケットシンデレラ,牝,7,54.0,446,-7,及川烈,長谷忍,340.4,12,1:35.4,41.9,5-8-12-12,12,446,-7
2026/05/15,川崎,6,Ｃ３一 二,1400,ダ,左,良,晴,12,7,9,マサノプレジオーソ,牡,4,56.0,495,-10,西啓太,齊藤敏,4.2,1,1:32.9,39.8,1-1-1-1,2,495,-10
2026/05/15,川崎,6,Ｃ３一 二,1400,ダ,左,良,晴,12,1,1,ニホンピロカミーノ,牡,4,56.0,479,-1,藤江渉,武井和,21.4,2,1:32.9,39.7,3-3-3-3,6,479,-1
2026/05/15,川崎,6,Ｃ３一 二,1400,ダ,左,良,晴,12,8,11,ドラマツルギー,牝,4,54.0,421,7,佐野遥,山崎裕,1.6,3,1:34.3,41.2,1-1-1-1,1,421,7
2026/05/15,川崎,6,Ｃ３一 二,1400,ダ,左,良,晴,12,2,2,ルイーサ,牝,6,54.0,488,1,岡村裕,久保勇,7.1,4,1:34.8,41.5,3-5-3-4,3,488,1
2026/05/15,川崎,6,Ｃ３一 二,1400,ダ,左,良,晴,12,5,6,バリクパパン,牝,5,54.0,454,-3,西村栄,佐々清,86.1,5,1:35.2,41.6,9-8-6-5,9,454,-3
2026/05/15,川崎,6,Ｃ３一 二,1400,ダ,左,良,晴,12,7,10,メイショウトワニ,牝,7,54.0,415,4,七夕裕,工藤伸,41.2,6,1:35.4,41.6,6-6-8-8,7,415,4
2026/05/15,川崎,6,Ｃ３一 二,1400,ダ,左,良,晴,12,3,3,ガルヴァニック,牝,6,54.0,483,-6,伊藤裕,村田順,16.4,7,1:35.9,42.3,7-6-7-7,5,483,-6
2026/05/15,川崎,6,Ｃ３一 二,1400,ダ,左,良,晴,12,5,5,タマモコンペイトウ,牝,6,52.0,458,-7,中島良,川島豊,225.1,8,1:36.1,42.1,8-9-9-10,10,458,-7
2026/05/15,川崎,6,Ｃ３一 二,1400,ダ,左,良,晴,12,8,12,リュウノファントム,牡,6,56.0,475,-5,達城龍,野口孝,71.3,9,1:36.1,41.7,11-12-12-10,8,475,-5
2026/05/15,川崎,6,Ｃ３一 二,1400,ダ,左,良,晴,12,6,8,ラブミーエール,牝,5,51.0,491,-4,沖響主,渋谷博,226.0,10,1:36.4,42.2,10-11-9-10,11,491,-4
2026/05/15,川崎,6,Ｃ３一 二,1400,ダ,左,良,晴,12,6,7,キーチパーヘチュア,牡,4,56.0,400,-3,山林信,田邊陽,278.3,11,1:36.5,42.5,11-10-11-9,12,400,-3
2026/05/15,川崎,6,Ｃ３一 二,1400,ダ,左,良,晴,12,4,4,ランハルト,牡,5,56.0,426,-10,和田譲,佐々功,10.6,12,1:37.1,43.8,3-3-3-5,4,426,-10
2026/05/15,川崎,7,雷電賞Ｃ２選定馬,900,ダ,左,良,晴,10,2,2,ダッシングマン,牡,4,56.0,465,2,藤江渉,平田正,2.6,1,0:55.8,37.6,5-6-2,1,465,2
2026/05/15,川崎,7,雷電賞Ｃ２選定馬,900,ダ,左,良,晴,10,6,6,エレレラナキラ,牡,4,56.0,453,2,佐野遥,山田質,3.5,2,0:56.4,38.2,5-4-3,2,453,2
2026/05/15,川崎,7,雷電賞Ｃ２選定馬,900,ダ,左,良,晴,10,4,4,フライエフェクト,牝,4,54.0,458,4,中越琉,久保勇,52.4,3,0:56.9,38.5,5-7-6,8,458,4
2026/05/15,川崎,7,雷電賞Ｃ２選定馬,900,ダ,左,良,晴,10,3,3,ナリノビスケッツ,牝,6,51.0,482,-2,加藤雄,内田勝,4.7,4,0:57.0,39.0,1-1-1,3,482,-2
2026/05/15,川崎,7,雷電賞Ｃ２選定馬,900,ダ,左,良,晴,10,1,1,ヒメカグラ,牝,6,54.0,479,4,田中涼,久保秀,45.5,5,0:57.2,38.0,8-10-9,7,479,4
2026/05/15,川崎,7,雷電賞Ｃ２選定馬,900,ダ,左,良,晴,10,7,7,マニーシーン,牝,4,54.0,471,-6,新原周,高橋宏,7.3,6,0:57.2,39.0,2-1-4,5,471,-6
2026/05/15,川崎,7,雷電賞Ｃ２選定馬,900,ダ,左,良,晴,10,5,5,コルティリオ,セ,0,56.0,445,2,岡村裕,山崎裕,73.9,7,0:57.5,39.3,2-4-4,9,445,2
2026/05/15,川崎,7,雷電賞Ｃ２選定馬,900,ダ,左,良,晴,10,8,10,エムリエール,牡,7,56.0,480,2,山中悠,小澤宏,22.8,8,0:57.7,39.1,8-8-6,6,480,2
2026/05/15,川崎,7,雷電賞Ｃ２選定馬,900,ダ,左,良,晴,10,8,9,オトメノネガイ,牝,5,54.0,422,-12,本田紀,田島寿,294.5,9,0:57.8,38.6,10-9-10,10,422,-12
2026/05/15,川崎,7,雷電賞Ｃ２選定馬,900,ダ,左,良,晴,10,7,8,アースメロディ,牝,5,54.0,484,-9,秋元耕,箕輪武,6.7,10,0:57.9,39.7,2-1-6,4,484,-9
2026/05/15,川崎,8,花菱草賞Ｃ１一 二,1400,ダ,左,良,晴,12,2,2,ナリノエンブレム,牝,4,54.0,485,11,町田直,内田勝,2.7,1,1:31.7,40.3,1-1-1-1,1,485,11
2026/05/15,川崎,8,花菱草賞Ｃ１一 二,1400,ダ,左,良,晴,12,6,7,ランニングホット,牝,4,54.0,432,8,矢野貴,山崎裕,3.8,2,1:31.9,39.7,5-5-6-6,2,432,8
2026/05/15,川崎,8,花菱草賞Ｃ１一 二,1400,ダ,左,良,晴,12,4,4,タッカーバリアント,牡,4,56.0,481,-12,古岡勇,田島寿,12.2,3,1:31.9,39.1,9-10-11-11,4,481,-12
2026/05/15,川崎,8,花菱草賞Ｃ１一 二,1400,ダ,左,良,晴,12,6,8,アルティメット,牝,5,54.0,419,5,中越琉,武井和,55.0,4,1:31.9,39.9,7-8-3-4,10,419,5
2026/05/15,川崎,8,花菱草賞Ｃ１一 二,1400,ダ,左,良,晴,12,5,6,リコーターター,牝,4,54.0,474,8,西啓太,久保秀,22.6,5,1:32.0,39.4,9-10-9-9,8,474,8
2026/05/15,川崎,8,花菱草賞Ｃ１一 二,1400,ダ,左,良,晴,12,1,1,エスジースパークル,牝,6,54.0,461,-9,池谷匠,田島寿,46.8,6,1:32.1,40.4,4-3-3-2,9,461,-9
2026/05/15,川崎,8,花菱草賞Ｃ１一 二,1400,ダ,左,良,晴,12,3,3,サノノタルマエ,牝,6,54.0,476,5,見越彬,川島豊,4.3,7,1:32.1,40.5,1-2-1-2,3,476,5
2026/05/15,川崎,8,花菱草賞Ｃ１一 二,1400,ダ,左,良,晴,12,8,11,モジモジ,牡,4,53.0,435,2,加藤雄,安池成,13.4,8,1:32.3,39.4,12-12-11-9,5,435,2
2026/05/15,川崎,8,花菱草賞Ｃ１一 二,1400,ダ,左,良,晴,12,8,12,ノーブルウィスパー,牝,5,54.0,452,-3,田中涼,佐々仁,15.0,9,1:32.5,40.2,5-5-6-6,7,452,-3
2026/05/15,川崎,8,花菱草賞Ｃ１一 二,1400,ダ,左,良,晴,12,7,9,スターアドミラル,牡,5,56.0,513,4,佐野遥,高月賢,14.6,10,1:32.6,40.6,3-4-5-4,6,513,4
2026/05/15,川崎,8,花菱草賞Ｃ１一 二,1400,ダ,左,良,晴,12,5,5,ヤマニンパルフェ,牝,4,54.0,511,4,伊藤裕,佐藤博,69.1,11,1:33.0,40.4,7-7-9-8,12,511,4
2026/05/15,川崎,8,花菱草賞Ｃ１一 二,1400,ダ,左,良,晴,12,7,10,プレストマーヴェル,牝,5,52.0,419,-2,所　蛍,長友豊,61.0,12,1:33.2,40.6,9-9-8-12,11,419,-2
2026/05/15,川崎,9,開成町賞Ｃ１一 二,1400,ダ,左,良,晴,12,8,12,アイビーガオー,牡,4,56.0,457,6,新原周,茂木浩,1.8,1,1:31.4,38.6,9-9-5-4,1,457,6
2026/05/15,川崎,9,開成町賞Ｃ１一 二,1400,ダ,左,良,晴,12,6,8,アマモト,牡,5,56.0,479,4,福原杏,山崎裕,19.5,2,1:31.8,39.1,10-9-8-7,7,479,4
2026/05/15,川崎,9,開成町賞Ｃ１一 二,1400,ダ,左,良,晴,12,7,9,アトラスライズ,牝,5,54.0,449,-5,木間龍,久保勇,87.1,3,1:32.1,39.9,8-5-1-3,12,449,-5
2026/05/15,川崎,9,開成町賞Ｃ１一 二,1400,ダ,左,良,晴,12,2,2,アンジュミストラル,牝,5,54.0,476,3,西啓太,佐藤博,28.2,4,1:32.1,39.7,3-3-5-4,8,476,3
2026/05/15,川崎,9,開成町賞Ｃ１一 二,1400,ダ,左,良,晴,12,8,11,タケノロイヤル,牝,4,54.0,443,12,矢野貴,鈴木義,7.8,5,1:32.2,39.7,5-5-4-4,3,443,12
2026/05/15,川崎,9,開成町賞Ｃ１一 二,1400,ダ,左,良,晴,12,4,4,ウワサノアノコ,牝,6,54.0,414,5,櫻井光,高橋宏,10.1,6,1:32.3,39.6,5-5-8-7,4,414,5
2026/05/15,川崎,9,開成町賞Ｃ１一 二,1400,ダ,左,良,晴,12,5,6,ビルドラポール,牡,6,56.0,516,-8,山林信,河津裕,37.9,7,1:32.7,39.5,11-11-11-10,9,516,-8
2026/05/15,川崎,9,開成町賞Ｃ１一 二,1400,ダ,左,良,晴,12,6,7,ブラッドライン,牡,7,56.0,482,-11,佐野遥,田島寿,12.5,8,1:32.9,40.2,3-3-8-11,6,482,-11
2026/05/15,川崎,9,開成町賞Ｃ１一 二,1400,ダ,左,良,晴,12,3,3,ボルドーティラミス,牝,4,53.0,463,5,中山遥,田邊陽,6.5,9,1:33.0,41.1,1-1-1-1,2,463,5
2026/05/15,川崎,9,開成町賞Ｃ１一 二,1400,ダ,左,良,晴,12,5,5,ヴィヴィッドムーン,牝,4,54.0,493,5,町田直,高月賢,10.1,10,1:33.3,40.8,5-8-5-9,5,493,5
2026/05/15,川崎,9,開成町賞Ｃ１一 二,1400,ダ,左,良,晴,12,1,1,ショウナンマンテン,牝,5,54.0,423,2,岡村裕,武井和,61.6,11,1:33.7,41.7,2-2-1-2,10,423,2
2026/05/15,川崎,9,開成町賞Ｃ１一 二,1400,ダ,左,良,晴,12,7,10,タキ,牡,5,53.0,424,-15,加藤雄,甲田悟,62.4,12,1:34.3,40.8,12-12-12-12,11,424,-15
2026/05/15,川崎,10,第３９回開成町　阿波おどり特別Ｂ２Ｂ３選,2000,ダ,左,良,晴,12,5,6,デフィニティーボ,牡,5,57.0,487,3,矢野貴,佐々仁,1.4,1,2:13.3,40.2,3-3-3-3,1,487,3
2026/05/15,川崎,10,第３９回開成町　阿波おどり特別Ｂ２Ｂ３選,2000,ダ,左,良,晴,12,4,4,カンデラリア,牡,5,57.0,502,-3,本田重,新井清,6.8,2,2:13.7,39.1,6-6-6-5,2,502,-3
2026/05/15,川崎,10,第３９回開成町　阿波おどり特別Ｂ２Ｂ３選,2000,ダ,左,良,晴,12,3,3,ヴィブエアー,牡,7,57.0,495,3,町田直,内田勝,7.6,3,2:13.8,41.1,1-1-1-1,3,495,3
2026/05/15,川崎,10,第３９回開成町　阿波おどり特別Ｂ２Ｂ３選,2000,ダ,左,良,晴,12,6,7,イサナ,牡,4,57.0,516,-7,新原周,林隆之,12.6,4,2:13.8,41.0,1-1-1-2,5,516,-7
2026/05/15,川崎,10,第３９回開成町　阿波おどり特別Ｂ２Ｂ３選,2000,ダ,左,良,晴,12,7,10,デーレーチョップ,牡,4,55.0,486,-2,佐野遥,鈴木義,91.0,5,2:14.0,40.4,5-5-5-4,8,486,-2
2026/05/15,川崎,10,第３９回開成町　阿波おどり特別Ｂ２Ｂ３選,2000,ダ,左,良,晴,12,2,2,セラード,牝,4,53.0,449,1,和田譲,甲田悟,73.5,6,2:14.2,39.4,8-8-10-7,7,449,1
2026/05/15,川崎,10,第３９回開成町　阿波おどり特別Ｂ２Ｂ３選,2000,ダ,左,良,晴,12,5,5,エーヴベリー,牝,6,55.0,499,2,吉留孝,平山真,214.5,7,2:14.8,39.5,9-10-11-10,11,499,2
2026/05/15,川崎,10,第３９回開成町　阿波おどり特別Ｂ２Ｂ３選,2000,ダ,左,良,晴,12,7,9,マリアッチ,牡,8,55.0,507,-6,笠野雄,佐々清,105.5,8,2:14.8,39.1,11-12-12-12,10,507,-6
2026/05/15,川崎,10,第３９回開成町　阿波おどり特別Ｂ２Ｂ３選,2000,ダ,左,良,晴,12,6,8,サイレントヴォイス,牡,5,55.0,468,-10,野畑凌,高月賢,51.8,9,2:15.1,41.9,3-3-3-6,6,468,-10
2026/05/15,川崎,10,第３９回開成町　阿波おどり特別Ｂ２Ｂ３選,2000,ダ,左,良,晴,12,8,11,クレシューズ,牡,6,57.0,432,-2,本橋孝,稲益貴,7.9,10,2:15.4,40.5,11-11-8-9,4,432,-2
2026/05/15,川崎,10,第３９回開成町　阿波おどり特別Ｂ２Ｂ３選,2000,ダ,左,良,晴,12,1,1,ベルガラス,牡,5,57.0,479,-6,山中悠,齊藤敏,92.3,11,2:15.5,40.6,10-9-9-10,9,479,-6
2026/05/15,川崎,10,第３９回開成町　阿波おどり特別Ｂ２Ｂ３選,2000,ダ,左,良,晴,12,8,12,セレニアサミット,牝,4,55.0,441,-1,木間龍,田島寿,243.2,12,2:15.7,41.1,7-6-6-8,12,441,-1
2026/05/15,川崎,11,第３９回開成町　あじさいまつＢ１二Ｂ２一,1600,ダ,左,良,晴,12,4,4,ドリームジャパン,牡,4,57.0,469,-1,矢野貴,高月賢,4.0,1,1:43.6,39.3,7-7-7-5,2,469,-1
2026/05/15,川崎,11,第３９回開成町　あじさいまつＢ１二Ｂ２一,1600,ダ,左,良,晴,12,8,12,ホッコーソムニウム,牡,6,57.0,490,2,佐野遥,山崎裕,6.1,2,1:43.8,40.0,3-2-1-2,4,490,2
2026/05/15,川崎,11,第３９回開成町　あじさいまつＢ１二Ｂ２一,1600,ダ,左,良,晴,12,2,2,スターグリップ,牡,4,57.0,467,2,笹川翼,田島寿,2.5,3,1:44.4,40.4,4-4-5-3,1,467,2
2026/05/15,川崎,11,第３９回開成町　あじさいまつＢ１二Ｂ２一,1600,ダ,左,良,晴,12,6,8,スノーシュー,セ,0,57.0,474,6,本田重,内田勝,5.0,4,1:44.9,40.8,4-5-3-3,3,474,6
2026/05/15,川崎,11,第３９回開成町　あじさいまつＢ１二Ｂ２一,1600,ダ,左,良,晴,12,8,11,サヨノフィールド,牡,7,57.0,514,-5,鷹見陸,加藤誠,81.3,5,1:44.9,40.2,7-9-9-6,9,514,-5
2026/05/15,川崎,11,第３９回開成町　あじさいまつＢ１二Ｂ２一,1600,ダ,左,良,晴,12,1,1,ツウエンティフォー,牝,4,55.0,478,0,見越彬,小久智,47.6,6,1:45.0,41.4,1-1-1-1,7,478,0
2026/05/15,川崎,11,第３９回開成町　あじさいまつＢ１二Ｂ２一,1600,ダ,左,良,晴,12,5,5,マインドユアミモザ,牝,6,52.0,493,5,加藤雄,河津裕,61.8,7,1:45.2,40.2,11-11-11-9,8,493,5
2026/05/15,川崎,11,第３９回開成町　あじさいまつＢ１二Ｂ２一,1600,ダ,左,良,晴,12,6,7,ライトスリー,牡,4,57.0,493,2,保園翔,小久智,119.5,8,1:45.2,39.6,12-12-12-12,10,493,2
2026/05/15,川崎,11,第３９回開成町　あじさいまつＢ１二Ｂ２一,1600,ダ,左,良,晴,12,5,6,メンタイマヨ,牡,7,57.0,490,-4,新原周,林隆之,17.5,9,1:45.3,40.8,7-8-7-8,6,490,-4
2026/05/15,川崎,11,第３９回開成町　あじさいまつＢ１二Ｂ２一,1600,ダ,左,良,晴,12,7,10,カレンチャンキー,牝,6,55.0,479,-4,増田充,小久智,136.0,10,1:45.8,42.0,2-2-3-7,11,479,-4
2026/05/15,川崎,11,第３９回開成町　あじさいまつＢ１二Ｂ２一,1600,ダ,左,良,晴,12,3,3,マサハヤウォルズ,牡,6,57.0,483,-1,シャベ,野口孝,180.4,11,1:46.1,41.4,10-9-10-10,12,483,-1
2026/05/15,川崎,11,第３９回開成町　あじさいまつＢ１二Ｂ２一,1600,ダ,左,良,晴,12,7,9,ミスマルゴー,牝,5,53.0,481,1,野畑凌,佐藤博,7.8,12,1:46.1,42.0,4-5-5-10,5,481,1
2026/05/15,川崎,12,ファイナルアンサー賞Ｃ２川崎競馬所属選定,1500,ダ,左,良,晴,14,6,10,ボルダーオパール,牝,4,54.0,487,14,野畑凌,山田質,2.9,1,1:38.1,39.6,2-2-1-1,1,487,14
2026/05/15,川崎,12,ファイナルアンサー賞Ｃ２川崎競馬所属選定,1500,ダ,左,良,晴,14,8,13,プレジャー,牝,5,54.0,488,5,池谷匠,今井輝,12.1,2,1:38.3,39.6,5-6-1-2,5,488,5
2026/05/15,川崎,12,ファイナルアンサー賞Ｃ２川崎競馬所属選定,1500,ダ,左,良,晴,14,1,1,フィードウィン,セ,0,53.0,456,1,加藤雄,山崎尋,3.8,3,1:39.3,40.2,7-6-7-5,2,456,1
2026/05/15,川崎,12,ファイナルアンサー賞Ｃ２川崎競馬所属選定,1500,ダ,左,良,晴,14,4,5,クロスダイヤ,牡,4,56.0,490,2,古岡勇,今井輝,22.7,4,1:39.5,40.7,5-5-5-3,7,490,2
2026/05/15,川崎,12,ファイナルアンサー賞Ｃ２川崎競馬所属選定,1500,ダ,左,良,晴,14,3,3,キクノルタ,牝,6,54.0,440,-10,七夕裕,八木喜,6.6,5,1:39.5,40.2,10-10-9-7,4,440,-10
2026/05/15,川崎,12,ファイナルアンサー賞Ｃ２川崎競馬所属選定,1500,ダ,左,良,晴,14,7,11,オトコユメラク,牡,4,56.0,473,-5,増田充,山崎裕,44.6,6,1:39.7,40.1,13-12-13-12,10,473,-5
2026/05/15,川崎,12,ファイナルアンサー賞Ｃ２川崎競馬所属選定,1500,ダ,左,良,晴,14,3,4,フクノバルトラン,牡,7,56.0,490,3,藤江渉,山田質,6.0,7,1:40.5,40.5,14-14-14-14,3,490,3
2026/05/15,川崎,12,ファイナルアンサー賞Ｃ２川崎競馬所属選定,1500,ダ,左,良,晴,14,5,8,コミックガール,牝,5,54.0,435,9,中越琉,久保勇,65.5,8,1:40.8,41.7,8-8-6-6,11,435,9
2026/05/15,川崎,12,ファイナルアンサー賞Ｃ２川崎競馬所属選定,1500,ダ,左,良,晴,14,7,12,シュライバー,牡,4,56.0,465,-7,山林信,田邊陽,94.1,9,1:41.1,41.8,10-12-7-11,14,465,-7
2026/05/15,川崎,12,ファイナルアンサー賞Ｃ２川崎競馬所属選定,1500,ダ,左,良,晴,14,8,14,ティロワール,牝,5,54.0,397,6,櫻井光,加藤誠,41.0,10,1:41.2,41.9,9-9-11-9,9,397,6
2026/05/15,川崎,12,ファイナルアンサー賞Ｃ２川崎競馬所属選定,1500,ダ,左,良,晴,14,5,7,エムティラヴ,牝,4,54.0,436,7,伊藤裕,古澤悟,69.0,11,1:41.4,41.9,10-11-11-12,12,436,7
2026/05/15,川崎,12,ファイナルアンサー賞Ｃ２川崎競馬所属選定,1500,ダ,左,良,晴,14,4,6,フロレシミエント,牝,4,54.0,424,1,新原周,村田順,12.5,12,1:41.9,43.6,1-1-1-3,6,424,1
2026/05/15,川崎,12,ファイナルアンサー賞Ｃ２川崎競馬所属選定,1500,ダ,左,良,晴,14,2,2,カルストンオリビア,牝,4,54.0,409,3,本田紀,八木喜,33.4,13,1:42.2,43.2,3-3-10-9,8,409,3
2026/05/15,川崎,12,ファイナルアンサー賞Ｃ２川崎競馬所属選定,1500,ダ,左,良,晴,14,6,9,ラプラタ,牝,5,54.0,463,2,岡村裕,安池成,84.7,14,1:42.5,43.9,3-3-1-7,13,463,2
2026/06/15,川崎,1,ラファール賞３歳未格付選定馬,900,ダ,左,重,曇,12,2,2,グランドマーメイド,牝,3,54.0,457,-2,増田充,佐々仁,3.3,1,0:55.1,37.6,1-1-1,3,457,-2
2026/06/15,川崎,1,ラファール賞３歳未格付選定馬,900,ダ,左,重,曇,12,7,9,ギガントマキア,牡,3,56.0,487,-1,山林信,村田順,8.4,2,0:55.5,37.5,6-4-3,4,487,-1
2026/06/15,川崎,1,ラファール賞３歳未格付選定馬,900,ダ,左,重,曇,12,4,4,サウンドプリモ,牝,3,53.0,423,3,野畑凌,河津裕,2.4,3,0:55.5,37.7,1-2-2,1,423,3
2026/06/15,川崎,1,ラファール賞３歳未格付選定馬,900,ダ,左,重,曇,12,8,11,キングスケヨー,牡,3,56.0,451,2,古岡勇,山崎裕,3.0,4,0:55.7,37.9,1-2-3,2,451,2
2026/06/15,川崎,1,ラファール賞３歳未格付選定馬,900,ダ,左,重,曇,12,1,1,イアソン,牡,3,56.0,440,-7,藤江渉,山田質,129.3,5,0:56.7,38.5,10-10-6,8,440,-7
2026/06/15,川崎,1,ラファール賞３歳未格付選定馬,900,ダ,左,重,曇,12,3,3,ディーズメソッド,牝,3,54.0,486,3,池谷匠,内田勝,146.6,6,0:56.9,39.1,4-4-5,9,486,3
2026/06/15,川崎,1,ラファール賞３歳未格付選定馬,900,ダ,左,重,曇,12,5,6,ホワイトフジ,牡,3,56.0,513,10,本田重,山田質,26.9,7,0:56.9,38.5,10-11-9,5,513,10
2026/06/15,川崎,1,ラファール賞３歳未格付選定馬,900,ダ,左,重,曇,12,6,7,ポンドリップ,牝,3,54.0,440,3,中越琉,佐藤博,71.2,8,0:57.2,39.0,6-8-6,7,440,3
2026/06/15,川崎,1,ラファール賞３歳未格付選定馬,900,ダ,左,重,曇,12,6,8,イノセントブレイヴ,牡,3,56.0,432,4,伊藤裕,佐藤博,278.7,9,0:57.6,38.4,12-12-12,11,432,4
2026/06/15,川崎,1,ラファール賞３歳未格付選定馬,900,ダ,左,重,曇,12,5,5,エリナセイコー,牝,3,53.0,455,1,見越彬,水野貴,238.3,10,0:57.6,39.4,6-8-9,10,455,1
2026/06/15,川崎,1,ラファール賞３歳未格付選定馬,900,ダ,左,重,曇,12,8,12,ヨミイ,牝,3,53.0,391,6,中山遥,河津裕,49.1,11,0:57.6,39.4,6-4-8,6,391,6
2026/06/15,川崎,1,ラファール賞３歳未格付選定馬,900,ダ,左,重,曇,12,7,10,アースジュエル,牝,3,54.0,411,0,田中涼,鈴木義,305.8,12,0:57.8,39.6,4-7-11,12,411,0
2026/06/15,川崎,2,３歳５,1400,ダ,左,重,曇,11,5,5,ハマウルフ,牡,3,56.0,466,-4,木間龍,田島寿,27.1,1,1:34.3,41.8,1-1-1-1,6,466,-4
2026/06/15,川崎,2,３歳５,1400,ダ,左,重,曇,11,7,8,バブリーヒーロー,牝,3,54.0,420,-4,小杉亮,矢野義,8.1,2,1:34.4,41.6,7-6-6-5,4,420,-4
2026/06/15,川崎,2,３歳５,1400,ダ,左,重,曇,11,7,9,ワイルドスマッシュ,牡,3,56.0,476,-1,町田直,山崎尋,2.3,3,1:34.5,41.7,2-3-1-3,1,476,-1
2026/06/15,川崎,2,３歳５,1400,ダ,左,重,曇,11,1,1,ガラデラパンテラ,牡,3,56.0,497,4,佐野遥,鈴木義,33.4,4,1:34.9,41.9,6-6-9-5,8,497,4
2026/06/15,川崎,2,３歳５,1400,ダ,左,重,曇,11,6,6,ファインティアラ,牝,3,54.0,443,12,古岡勇,古澤悟,26.3,5,1:35.2,42.6,2-2-1-2,5,443,12
2026/06/15,川崎,2,３歳５,1400,ダ,左,重,曇,11,8,11,プラカーシャ,牝,3,54.0,467,6,矢野貴,山崎誠,3.3,6,1:36.1,43.3,9-9-4-7,2,467,6
2026/06/15,川崎,2,３歳５,1400,ダ,左,重,曇,11,2,2,マダムウィンディ,牝,3,54.0,460,-7,和田譲,茂木浩,4.3,7,1:36.1,42.8,7-8-9-9,3,460,-7
2026/06/15,川崎,2,３歳５,1400,ダ,左,重,曇,11,6,7,フジパスカル,牡,3,53.0,492,3,杉山海,佐藤博,127.1,8,1:36.3,43.5,11-10-4-7,10,492,3
2026/06/15,川崎,2,３歳５,1400,ダ,左,重,曇,11,4,4,トーヤマノゴールド,牡,3,56.0,446,-7,笠野雄,山中尊,28.5,9,1:37.2,43.6,10-10-11-11,7,446,-7
2026/06/15,川崎,2,３歳５,1400,ダ,左,重,曇,11,3,3,バードックバイパー,牝,3,54.0,418,9,櫻井光,久保秀,76.4,10,1:37.3,44.5,4-4-6-10,9,418,9
2026/06/15,川崎,2,３歳５,1400,ダ,左,重,曇,11,8,10,エストレーラヘーザ,牝,3,54.0,489,18,新原周,甲田悟,216.2,11,1:38.9,46.1,4-4-6-4,11,489,18
2026/06/15,川崎,3,ホタル特別２歳１,1400,ダ,左,重,曇,12,5,5,ブエンディア,牡,2,54.0,433,-2,櫻井光,山崎尋,2.6,1,1:33.8,40.4,2-2-1-1,1,433,-2
2026/06/15,川崎,3,ホタル特別２歳１,1400,ダ,左,重,曇,12,1,1,デレチョ,牡,2,54.0,455,0,町田直,山崎裕,29.2,2,1:34.0,40.3,3-3-4-3,6,455,0
2026/06/15,川崎,3,ホタル特別２歳１,1400,ダ,左,重,曇,12,2,2,ローノンバード,牡,2,54.0,460,4,野畑凌,鈴木義,3.4,3,1:34.3,41.0,1-1-1-1,2,460,4
2026/06/15,川崎,3,ホタル特別２歳１,1400,ダ,左,重,曇,12,5,6,ヤマトリュウタン,牡,2,54.0,457,3,伊藤裕,山崎尋,3.9,4,1:34.6,40.9,7-5-4-4,3,457,3
2026/06/15,川崎,3,ホタル特別２歳１,1400,ダ,左,重,曇,12,6,7,ラモンパンサー,牡,2,54.0,412,1,木間龍,大津剛,19.2,5,1:34.8,41.1,3-3-3-4,5,412,1
2026/06/15,川崎,3,ホタル特別２歳１,1400,ダ,左,重,曇,12,3,3,イッツマイソウル,牡,2,54.0,425,-5,矢野貴,高月賢,4.8,6,1:34.9,41.0,9-9-7-6,4,425,-5
2026/06/15,川崎,3,ホタル特別２歳１,1400,ダ,左,重,曇,12,6,8,ゴールドサンデー,牡,2,54.0,443,-4,中越琉,鈴木義,58.6,7,1:35.9,42.0,7-8-6-7,7,443,-4
2026/06/15,川崎,3,ホタル特別２歳１,1400,ダ,左,重,曇,12,4,4,パミール,牝,2,52.0,429,7,加藤雄,甲田悟,224.0,8,1:36.0,42.1,6-5-7-7,10,429,7
2026/06/15,川崎,3,ホタル特別２歳１,1400,ダ,左,重,曇,12,7,10,シャムホロイムア,牝,2,51.0,452,-3,菅原吏,矢内博,247.7,9,1:36.7,42.4,9-10-9-9,11,452,-3
2026/06/15,川崎,3,ホタル特別２歳１,1400,ダ,左,重,曇,12,8,11,ドラゴンライト,牝,2,54.0,406,3,田中涼,鈴木義,131.8,10,1:36.9,41.6,11-12-12-10,8,406,3
2026/06/15,川崎,3,ホタル特別２歳１,1400,ダ,左,重,曇,12,7,9,ユウユウキール,牝,2,54.0,467,4,藤江渉,武井和,193.3,11,1:39.9,44.8,11-11-11-10,9,467,4
2026/06/15,川崎,3,ホタル特別２歳１,1400,ダ,左,重,曇,12,8,12,テンリュウブラック,牝,2,54.0,378,7,鷹見陸,鈴木義,323.5,12,1:42.7,48.4,5-5-10-12,12,378,7
2026/06/15,川崎,4,ハヤブサ賞Ｃ３選定馬,900,ダ,左,重,曇,11,8,10,モンテジュエル,牝,7,54.0,452,-4,澤田龍,新井清,1.7,1,0:56.4,38.2,1-1-1,1,452,-4
2026/06/15,川崎,4,ハヤブサ賞Ｃ３選定馬,900,ダ,左,重,曇,11,7,8,ルリール,牝,7,54.0,423,9,新原周,林隆之,4.0,2,0:56.8,38.0,6-6-6,2,423,9
2026/06/15,川崎,4,ハヤブサ賞Ｃ３選定馬,900,ダ,左,重,曇,11,1,1,アマゴ,牝,7,54.0,457,-14,保園翔,箕輪武,105.3,3,0:56.9,38.1,6-8-8,9,457,-14
2026/06/15,川崎,4,ハヤブサ賞Ｃ３選定馬,900,ダ,左,重,曇,11,8,11,タノシサ,牝,5,54.0,488,-1,池谷匠,林隆之,10.5,4,0:57.0,38.6,4-3-3,4,488,-1
2026/06/15,川崎,4,ハヤブサ賞Ｃ３選定馬,900,ダ,左,重,曇,11,6,7,スウィープレジーナ,牝,4,54.0,522,17,野畑凌,山崎裕,6.6,5,0:57.0,38.6,4-4-3,3,522,17
2026/06/15,川崎,4,ハヤブサ賞Ｃ３選定馬,900,ダ,左,重,曇,11,3,3,ミサイルビスケッツ,牝,6,54.0,422,4,伊藤裕,今井輝,22.0,6,0:57.2,37.8,10-10-10,6,422,4
2026/06/15,川崎,4,ハヤブサ賞Ｃ３選定馬,900,ダ,左,重,曇,11,2,2,カナサンドー,牝,5,54.0,390,-6,藤江渉,今井輝,12.9,7,0:57.3,38.9,3-4-3,5,390,-6
2026/06/15,川崎,4,ハヤブサ賞Ｃ３選定馬,900,ダ,左,重,曇,11,7,9,キタノフローラ,牝,4,54.0,448,8,中越琉,安池成,137.9,8,0:57.4,38.6,6-6-7,10,448,8
2026/06/15,川崎,4,ハヤブサ賞Ｃ３選定馬,900,ダ,左,重,曇,11,4,4,ホシプリンセス,牝,8,54.0,508,-4,藤本現,酒井一,97.9,9,0:57.4,38.6,6-8-9,8,508,-4
2026/06/15,川崎,4,ハヤブサ賞Ｃ３選定馬,900,ダ,左,重,曇,11,5,5,アカルイスモウブ,牝,7,54.0,437,8,岡村裕,山田正,42.2,10,0:57.7,39.7,1-1-2,7,437,8
2026/06/15,川崎,4,ハヤブサ賞Ｃ３選定馬,900,ダ,左,重,曇,11,6,6,ブルーレンジャー,牝,5,54.0,459,8,山林信,河津裕,417.7,11,0:58.5,38.7,10-11-11,11,459,8
2026/06/15,川崎,5,Ｃ３三,1400,ダ,左,重,曇,12,3,3,キーファイン,牝,7,54.0,431,-7,矢野貴,高月賢,2.4,1,1:33.4,41.6,1-1-1-1,1,431,-7
2026/06/15,川崎,5,Ｃ３三,1400,ダ,左,重,曇,12,1,1,ブルートルマリン,牝,7,54.0,500,-2,達城龍,久保勇,18.6,2,1:34.2,41.3,10-7-9-3,7,500,-2
2026/06/15,川崎,5,Ｃ３三,1400,ダ,左,重,曇,12,2,2,ハイウィルヘーズ,牝,5,54.0,441,6,櫻井光,村田六,29.3,3,1:34.7,42.3,4-4-4-2,8,441,6
2026/06/15,川崎,5,Ｃ３三,1400,ダ,左,重,曇,12,7,10,ナミエヒーロー,牡,6,56.0,450,-1,岡村裕,村田六,14.5,4,1:35.4,43.0,4-4-4-4,6,450,-1
2026/06/15,川崎,5,Ｃ３三,1400,ダ,左,重,曇,12,8,11,マイブリッジ,牡,5,56.0,523,6,増田充,吉橋淳,8.2,5,1:35.4,42.3,7-10-7-8,5,523,6
2026/06/15,川崎,5,Ｃ３三,1400,ダ,左,重,曇,12,8,12,ユーロックデュード,牝,7,54.0,457,-7,小杉亮,新井清,6.7,6,1:35.4,42.8,4-6-6-4,3,457,-7
2026/06/15,川崎,5,Ｃ３三,1400,ダ,左,重,曇,12,5,5,ヤマトカチドキ,牝,7,54.0,500,1,池谷匠,山田質,8.1,7,1:36.1,43.2,7-7-8-7,4,500,1
2026/06/15,川崎,5,Ｃ３三,1400,ダ,左,重,曇,12,6,8,シェナカレン,牡,6,56.0,453,-8,國分祐,冨田敏,160.6,8,1:37.3,43.2,12-12-11-11,11,453,-8
2026/06/15,川崎,5,Ｃ３三,1400,ダ,左,重,曇,12,6,7,ジョーカイ,牝,8,52.0,480,-4,加藤雄,八木喜,146.8,9,1:37.7,43.8,7-9-10-10,10,480,-4
2026/06/15,川崎,5,Ｃ３三,1400,ダ,左,重,曇,12,5,6,ワンダフルグレイス,牝,6,51.0,470,4,菅原吏,山下之,3.8,10,1:37.7,45.5,2-2-2-4,2,470,4
2026/06/15,川崎,5,Ｃ３三,1400,ダ,左,重,曇,12,4,4,アンリ,牝,5,54.0,442,-1,佐野遥,吉橋淳,88.7,11,1:38.3,46.1,2-2-3-8,9,442,-1
2026/06/15,川崎,5,Ｃ３三,1400,ダ,左,重,曇,12,7,9,バーサズバラード,牝,6,54.0,428,-2,伊藤裕,平田正,296.5,12,1:40.5,46.2,11-10-12-12,12,428,-2
2026/06/15,川崎,6,郭公賞３歳４,1400,ダ,左,重,曇,12,2,2,テルケンユミミヅキ,牝,3,54.0,461,29,中越琉,佐藤博,5.0,1,1:33.8,40.3,3-3-4-1,2,461,29
2026/06/15,川崎,6,郭公賞３歳４,1400,ダ,左,重,曇,12,6,8,マイボンド,セ,0,56.0,485,-1,山林信,平田正,172.2,2,1:34.4,40.9,12-11-1-3,11,485,-1
2026/06/15,川崎,6,郭公賞３歳４,1400,ダ,左,重,曇,12,3,3,リュウノアーチスト,牝,3,52.0,459,-5,加藤雄,山崎尋,86.6,3,1:34.4,40.6,8-8-9-3,10,459,-5
2026/06/15,川崎,6,郭公賞３歳４,1400,ダ,左,重,曇,12,4,4,グラズヘイム,牡,3,56.0,516,8,笹川翼,高月賢,15.1,4,1:34.6,41.5,1-1-1-1,4,516,8
2026/06/15,川崎,6,郭公賞３歳４,1400,ダ,左,重,曇,12,7,10,ドナエポナ,牝,3,54.0,420,0,岡村健,長友豊,62.8,5,1:34.7,40.7,9-10-11-5,8,420,0
2026/06/15,川崎,6,郭公賞３歳４,1400,ダ,左,重,曇,12,7,9,ブルーオーシャン,牡,3,56.0,510,0,櫻井光,八木喜,10.6,6,1:34.7,40.9,7-7-11-9,3,510,0
2026/06/15,川崎,6,郭公賞３歳４,1400,ダ,左,重,曇,12,5,6,ヒロキ,セ,0,56.0,466,3,矢野貴,高月賢,1.3,7,1:35.0,41.5,4-3-4-5,1,466,3
2026/06/15,川崎,6,郭公賞３歳４,1400,ダ,左,重,曇,12,1,1,クイーンズステート,牝,3,54.0,400,4,町田直,今井輝,29.3,8,1:35.1,41.4,5-5-6-9,6,400,4
2026/06/15,川崎,6,郭公賞３歳４,1400,ダ,左,重,曇,12,8,11,ヒマワリシャワー,牡,3,56.0,506,7,藤本現,山崎尋,76.0,9,1:35.1,41.3,10-8-9-11,9,506,7
2026/06/15,川崎,6,郭公賞３歳４,1400,ダ,左,重,曇,12,5,5,グリンネル,牡,3,53.0,444,-6,菅原吏,伊藤滋,436.5,10,1:35.6,41.8,11-11-6-7,12,444,-6
2026/06/15,川崎,6,郭公賞３歳４,1400,ダ,左,重,曇,12,6,7,ハーバーショー,牡,3,56.0,443,12,野畑凌,高月賢,26.1,11,1:35.9,42.6,2-1-3-7,5,443,12
2026/06/15,川崎,6,郭公賞３歳４,1400,ダ,左,重,曇,12,8,12,フィーリアサミット,牝,3,54.0,453,3,佐野遥,田島寿,61.1,12,1:36.5,42.7,5-5-6-11,7,453,3
2026/06/15,川崎,7,小千鳥賞３歳３,1500,ダ,左,重,曇,13,5,6,サムバローズ,牡,3,56.0,506,9,町田直,酒井忍,8.4,1,1:39.8,41.7,12-12-11-9,5,506,9
2026/06/15,川崎,7,小千鳥賞３歳３,1500,ダ,左,重,曇,13,8,13,ソウモウクッキ,牡,3,56.0,466,4,新原周,高月賢,25.5,2,1:39.9,43.1,3-4-4-3,8,466,4
2026/06/15,川崎,7,小千鳥賞３歳３,1500,ダ,左,重,曇,13,2,2,レフレール,牡,3,55.0,502,2,中山遥,水野貴,7.3,3,1:40.2,44.0,1-1-1-1,4,502,2
2026/06/15,川崎,7,小千鳥賞３歳３,1500,ダ,左,重,曇,13,4,5,シナノフラッシュ,牡,3,56.0,491,2,増田充,高月賢,57.9,4,1:40.7,43.0,10-10-10-12,11,491,2
2026/06/15,川崎,7,小千鳥賞３歳３,1500,ダ,左,重,曇,13,7,10,キチョウ,牝,3,54.0,459,1,古岡勇,田島寿,10.9,5,1:40.8,43.1,10-9-9-7,6,459,1
2026/06/15,川崎,7,小千鳥賞３歳３,1500,ダ,左,重,曇,13,6,9,オーバーユー,牡,3,56.0,466,3,山林信,河津裕,58.4,6,1:40.9,42.4,13-13-12-9,12,466,3
2026/06/15,川崎,7,小千鳥賞３歳３,1500,ダ,左,重,曇,13,3,3,ラスールフルール,牝,3,54.0,416,2,本田重,山田質,24.7,7,1:40.9,43.5,7-7-8-7,7,416,2
2026/06/15,川崎,7,小千鳥賞３歳３,1500,ダ,左,重,曇,13,4,4,ベアトゥース,セ,0,56.0,466,4,和田譲,古澤悟,6.7,8,1:41.0,43.8,6-6-5-3,3,466,4
2026/06/15,川崎,7,小千鳥賞３歳３,1500,ダ,左,重,曇,13,1,1,アンジュベル,牝,3,54.0,453,3,野畑凌,高橋宏,3.6,9,1:41.5,44.1,9-8-5-9,2,453,3
2026/06/15,川崎,7,小千鳥賞３歳３,1500,ダ,左,重,曇,13,8,12,サンブル,セ,0,56.0,495,3,笹川翼,秋山直,3.2,10,1:41.7,45.1,3-3-2-2,1,495,3
2026/06/15,川崎,7,小千鳥賞３歳３,1500,ダ,左,重,曇,13,5,7,ミオサンダー,牝,3,54.0,446,-2,鷹見陸,加藤誠,36.3,11,1:42.0,45.0,5-4-5-3,9,446,-2
2026/06/15,川崎,7,小千鳥賞３歳３,1500,ダ,左,重,曇,13,7,11,モンゲータイム,牡,3,56.0,484,-2,佐野遥,鈴木義,40.3,12,1:42.5,46.1,1-1-2-3,10,484,-2
2026/06/15,川崎,7,小千鳥賞３歳３,1500,ダ,左,重,曇,13,6,8,ピーエムボギー,牡,3,56.0,532,12,池谷匠,酒井忍,69.3,13,1:45.3,46.7,7-10-13-13,13,532,12
2026/06/15,川崎,8,インフィオラータ賞Ｃ２選定馬２,1500,ダ,左,重,曇,11,1,1,サクセスベージュ,セ,0,56.0,479,-1,笠野雄,稲益貴,2.0,1,1:38.4,42.1,1-1-1-1,1,479,-1
2026/06/15,川崎,8,インフィオラータ賞Ｃ２選定馬２,1500,ダ,左,重,曇,11,7,9,バトルホッパー,牡,7,56.0,490,-2,澤田龍,横山保,24.5,2,1:38.5,42.0,2-2-2-2,7,490,-2
2026/06/15,川崎,8,インフィオラータ賞Ｃ２選定馬２,1500,ダ,左,重,曇,11,3,3,クラフトキング,牡,4,56.0,441,1,菅原涼,佐々仁,160.8,3,1:38.8,41.8,5-5-5-4,11,441,1
2026/06/15,川崎,8,インフィオラータ賞Ｃ２選定馬２,1500,ダ,左,重,曇,11,4,4,タヴァネスタン,牡,4,56.0,491,-9,野畑凌,平田正,4.7,4,1:39.0,41.7,5-6-5-5,3,491,-9
2026/06/15,川崎,8,インフィオラータ賞Ｃ２選定馬２,1500,ダ,左,重,曇,11,7,8,シントーハナノラン,牝,7,54.0,471,0,町田直,平田正,7.1,5,1:39.0,41.5,7-7-7-6,4,471,0
2026/06/15,川崎,8,インフィオラータ賞Ｃ２選定馬２,1500,ダ,左,重,曇,11,5,5,アスクアーバンシー,牡,4,56.0,475,1,櫻井光,秋山直,17.5,6,1:39.2,42.7,3-3-3-3,5,475,1
2026/06/15,川崎,8,インフィオラータ賞Ｃ２選定馬２,1500,ダ,左,重,曇,11,6,6,ジンガブリッツ,牡,4,56.0,438,2,矢野貴,茂木浩,4.2,7,1:40.0,41.9,11-10-8-7,2,438,2
2026/06/15,川崎,8,インフィオラータ賞Ｃ２選定馬２,1500,ダ,左,重,曇,11,6,7,エリセイラ,牝,4,54.0,446,0,笹川翼,齊藤敏,18.3,8,1:40.7,42.6,9-9-9-8,6,446,0
2026/06/15,川崎,8,インフィオラータ賞Ｃ２選定馬２,1500,ダ,左,重,曇,11,2,2,テマリ,牝,6,54.0,431,-3,古岡勇,武井和,110.5,9,1:40.8,41.7,10-11-11-10,9,431,-3
2026/06/15,川崎,8,インフィオラータ賞Ｃ２選定馬２,1500,ダ,左,重,曇,11,8,11,ヤマタケコーチャン,牡,7,56.0,445,-1,高橋哲,水野貴,98.6,10,1:41.4,44.6,4-4-3-8,8,445,-1
2026/06/15,川崎,8,インフィオラータ賞Ｃ２選定馬２,1500,ダ,左,重,曇,11,8,10,ウェルキン,牝,5,52.0,432,2,中島良,佐藤博,158.0,11,1:41.6,43.5,7-8-9-10,10,432,2
2026/06/15,川崎,9,駿逸賞Ｃ１選定馬,900,ダ,左,重,曇,12,2,2,ミスフォルテ,牝,4,54.0,463,17,笹川翼,田邊陽,7.1,1,0:55.2,37.4,2-4-3,3,463,17
2026/06/15,川崎,9,駿逸賞Ｃ１選定馬,900,ダ,左,重,曇,12,7,9,プレストヴィーナス,牝,7,54.0,439,-7,本田重,長友豊,2.3,2,0:55.2,37.6,1-1-1,1,439,-7
2026/06/15,川崎,9,駿逸賞Ｃ１選定馬,900,ダ,左,重,曇,12,1,1,テルケンレンタワー,牡,4,56.0,483,-1,西啓太,佐藤博,7.6,3,0:55.5,37.4,7-6-4,4,483,-1
2026/06/15,川崎,9,駿逸賞Ｃ１選定馬,900,ダ,左,重,曇,12,7,10,キャンディブーケ,牝,4,54.0,443,-5,山口達,玉井昇,4.7,4,0:55.7,38.1,2-1-2,2,443,-5
2026/06/15,川崎,9,駿逸賞Ｃ１選定馬,900,ダ,左,重,曇,12,4,4,ラヴィンローゼス,牝,5,54.0,401,2,藤江渉,八木喜,18.1,5,0:56.2,37.8,2-7-6,7,401,2
2026/06/15,川崎,9,駿逸賞Ｃ１選定馬,900,ダ,左,重,曇,12,6,7,イソエヴィクラント,牡,5,56.0,471,-4,田中涼,鈴木義,46.0,6,0:56.3,37.8,9-7-8,9,471,-4
2026/06/15,川崎,9,駿逸賞Ｃ１選定馬,900,ダ,左,重,曇,12,6,8,デルマカミーラ,牝,7,54.0,481,3,新原周,山崎裕,15.6,7,0:56.6,38.6,2-5-6,6,481,3
2026/06/15,川崎,9,駿逸賞Ｃ１選定馬,900,ダ,左,重,曇,12,5,5,グァンバーレ,牝,4,54.0,434,3,古岡勇,村田順,31.0,8,0:56.6,37.8,9-11-10,8,434,3
2026/06/15,川崎,9,駿逸賞Ｃ１選定馬,900,ダ,左,重,曇,12,5,6,ハーイバービー,牝,4,54.0,445,-5,矢野貴,山崎尋,7.9,9,0:56.6,37.6,11-11-12,5,445,-5
2026/06/15,川崎,9,駿逸賞Ｃ１選定馬,900,ダ,左,重,曇,12,8,12,ヒューマンライツ,牡,5,56.0,517,5,岡村裕,久保秀,144.4,10,0:56.7,38.9,2-3-4,12,517,5
2026/06/15,川崎,9,駿逸賞Ｃ１選定馬,900,ダ,左,重,曇,12,3,3,ケイツーユーロ,牡,6,56.0,463,1,増田充,加藤誠,48.8,11,0:56.9,38.5,7-9-9,10,463,1
2026/06/15,川崎,9,駿逸賞Ｃ１選定馬,900,ダ,左,重,曇,12,8,11,ネヴァーノウズ,牡,4,54.0,445,6,加藤雄,武井和,65.5,12,0:56.9,38.1,11-10-10,11,445,6
2026/06/15,川崎,10,カペラ賞Ｂ２Ｂ３選定馬,2000,ダ,左,重,曇,10,8,10,パイロビーム,牡,5,57.0,460,3,御神訓,田邊陽,5.4,1,2:14.3,42.2,1-1-1-1,3,460,3
2026/06/15,川崎,10,カペラ賞Ｂ２Ｂ３選定馬,2000,ダ,左,重,曇,10,1,1,モンゲーハガネ,牡,8,57.0,482,-3,矢野貴,鈴木義,9.2,2,2:15.7,39.8,7-7-8-8,4,482,-3
2026/06/15,川崎,10,カペラ賞Ｂ２Ｂ３選定馬,2000,ダ,左,重,曇,10,3,3,サイレントヴォイス,牡,5,55.0,467,-1,野畑凌,高月賢,16.0,3,2:15.7,40.6,6-6-6-6,5,467,-1
2026/06/15,川崎,10,カペラ賞Ｂ２Ｂ３選定馬,2000,ダ,左,重,曇,10,2,2,イサナ,牡,4,57.0,515,5,新原周,林隆之,4.2,4,2:15.9,43.2,2-2-4-4,2,515,5
2026/06/15,川崎,10,カペラ賞Ｂ２Ｂ３選定馬,2000,ダ,左,重,曇,10,5,5,ナリノヴァニーユ,牡,6,52.0,490,-12,山本大,林　幻,154.9,5,2:15.9,40.0,10-9-7-7,10,490,-12
2026/06/15,川崎,10,カペラ賞Ｂ２Ｂ３選定馬,2000,ダ,左,重,曇,10,4,4,ヴィブエアー,牡,7,57.0,493,-2,町田直,内田勝,2.0,6,2:16.1,43.2,3-5-5-4,1,493,-2
2026/06/15,川崎,10,カペラ賞Ｂ２Ｂ３選定馬,2000,ダ,左,重,曇,10,6,6,デーレーチョップ,牡,4,55.0,484,-2,佐野遥,鈴木義,16.3,7,2:16.3,43.6,3-3-2-2,6,484,-2
2026/06/15,川崎,10,カペラ賞Ｂ２Ｂ３選定馬,2000,ダ,左,重,曇,10,7,8,ダートレイジング,牡,6,55.0,506,4,古岡勇,加藤誠,26.7,8,2:16.4,43.7,3-3-2-3,8,506,4
2026/06/15,川崎,10,カペラ賞Ｂ２Ｂ３選定馬,2000,ダ,左,重,曇,10,8,9,マリアッチ,牡,8,52.0,508,-3,菅原吏,佐々清,57.3,9,2:17.1,40.8,8-7-10-9,9,508,-3
2026/06/15,川崎,10,カペラ賞Ｂ２Ｂ３選定馬,2000,ダ,左,重,曇,10,7,7,セラード,牝,4,53.0,445,-4,和田譲,甲田悟,17.7,10,2:17.3,41.0,8-9-9-9,7,445,-4
2026/06/15,川崎,11,神楽酒造盃くろうま賞Ｃ１Ｃ２青毛青鹿毛黒,1600,ダ,左,重,曇,14,8,13,エクセルブラック,牡,5,55.0,457,-10,西啓太,入口由,9.5,1,1:45.9,41.3,1-1-2-2,5,457,-10
2026/06/15,川崎,11,神楽酒造盃くろうま賞Ｃ１Ｃ２青毛青鹿毛黒,1600,ダ,左,重,曇,14,3,4,オルペラー,牡,4,57.0,484,-5,和田譲,佐藤博,2.4,2,1:46.0,41.5,1-1-1-1,1,484,-5
2026/06/15,川崎,11,神楽酒造盃くろうま賞Ｃ１Ｃ２青毛青鹿毛黒,1600,ダ,左,重,曇,14,1,1,ポッドベッロ,牡,4,57.0,483,-3,本田重,山崎誠,3.5,3,1:46.5,41.6,4-3-4-3,2,483,-3
2026/06/15,川崎,11,神楽酒造盃くろうま賞Ｃ１Ｃ２青毛青鹿毛黒,1600,ダ,左,重,曇,14,8,14,ホウヨウムーン,牝,4,55.0,446,-10,町田直,長友豊,8.3,4,1:46.8,42.1,3-3-2-4,4,446,-10
2026/06/15,川崎,11,神楽酒造盃くろうま賞Ｃ１Ｃ２青毛青鹿毛黒,1600,ダ,左,重,曇,14,2,2,プレストマーヴェル,牝,5,55.0,421,2,山中悠,長友豊,99.2,5,1:47.2,41.7,6-6-6-5,8,421,2
2026/06/15,川崎,11,神楽酒造盃くろうま賞Ｃ１Ｃ２青毛青鹿毛黒,1600,ダ,左,重,曇,14,6,10,シトロンヴェール,牡,5,57.0,538,11,佐野遥,武井和,21.4,6,1:47.3,41.0,12-12-10-6,6,538,11
2026/06/15,川崎,11,神楽酒造盃くろうま賞Ｃ１Ｃ２青毛青鹿毛黒,1600,ダ,左,重,曇,14,4,5,ロコモーション,セ,0,57.0,470,7,野畑凌,高月賢,4.9,7,1:47.5,41.8,7-7-8-6,3,470,7
2026/06/15,川崎,11,神楽酒造盃くろうま賞Ｃ１Ｃ２青毛青鹿毛黒,1600,ダ,左,重,曇,14,7,11,サンディビーチ,牡,5,55.0,485,-3,池谷匠,林隆之,152.9,8,1:47.7,42.2,9-7-5-6,11,485,-3
2026/06/15,川崎,11,神楽酒造盃くろうま賞Ｃ１Ｃ２青毛青鹿毛黒,1600,ダ,左,重,曇,14,3,3,ヤマニンパルフェ,牝,4,53.0,502,0,加藤雄,佐藤博,22.2,9,1:47.8,41.9,10-10-10-9,7,502,0
2026/06/15,川崎,11,神楽酒造盃くろうま賞Ｃ１Ｃ２青毛青鹿毛黒,1600,ダ,左,重,曇,14,5,7,リケアヴィオレ,牡,5,55.0,473,-4,七夕裕,鹿沼和,122.4,10,1:49.0,41.9,13-13-13-13,10,473,-4
2026/06/15,川崎,11,神楽酒造盃くろうま賞Ｃ１Ｃ２青毛青鹿毛黒,1600,ダ,左,重,曇,14,6,9,クロスダイヤ,牡,4,55.0,492,4,古岡勇,今井輝,116.1,11,1:49.3,43.2,11-11-12-12,9,492,4
2026/06/15,川崎,11,神楽酒造盃くろうま賞Ｃ１Ｃ２青毛青鹿毛黒,1600,ダ,左,重,曇,14,5,8,モリオン,牝,4,55.0,407,-17,増田充,今井輝,266.3,12,1:49.4,43.9,5-5-6-9,12,407,-17
2026/06/15,川崎,11,神楽酒造盃くろうま賞Ｃ１Ｃ２青毛青鹿毛黒,1600,ダ,左,重,曇,14,7,12,クレテイユ,牡,6,57.0,476,-2,岡村裕,武井和,388.1,13,1:49.6,43.9,7-7-8-11,14,476,-2
2026/06/15,川崎,11,神楽酒造盃くろうま賞Ｃ１Ｃ２青毛青鹿毛黒,1600,ダ,左,重,曇,14,4,6,ブレイブルイーズ,セ,0,55.0,482,10,室陽一,小澤宏,297.0,14,1:51.2,41.9,14-14-14-14,13,482,10
2026/06/15,川崎,12,入梅特別Ａ２Ｂ１一,1400,ダ,左,重,曇,8,2,2,ミラクルヴォイス,牡,4,57.0,473,2,古岡勇,佐々仁,4.2,1,1:30.1,39.1,6-6-7-7,3,473,2
2026/06/15,川崎,12,入梅特別Ａ２Ｂ１一,1400,ダ,左,重,曇,8,8,8,ベラール,牡,9,57.0,510,0,町田直,酒井忍,14.3,2,1:30.1,39.1,7-6-6-3,5,510,0
2026/06/15,川崎,12,入梅特別Ａ２Ｂ１一,1400,ダ,左,重,曇,8,4,4,ドリームジャパン,牡,4,57.0,474,5,矢野貴,高月賢,2.9,3,1:30.2,39.5,5-5-5-3,2,474,5
2026/06/15,川崎,12,入梅特別Ａ２Ｂ１一,1400,ダ,左,重,曇,8,1,1,スターグリップ,牡,4,55.0,465,-2,笹川翼,田島寿,2.5,4,1:30.4,39.9,4-4-3-1,1,465,-2
2026/06/15,川崎,12,入梅特別Ａ２Ｂ１一,1400,ダ,左,重,曇,8,5,5,ヴェールトゥマラン,牡,6,57.0,493,-7,藤本現,高月賢,26.4,5,1:30.9,40.9,2-2-1-1,7,493,-7
2026/06/15,川崎,12,入梅特別Ａ２Ｂ１一,1400,ダ,左,重,曇,8,3,3,タイムモーメント,セ,0,57.0,493,-4,御神訓,川島一,11.0,6,1:31.0,39.7,7-8-8-7,4,493,-4
2026/06/15,川崎,12,入梅特別Ａ２Ｂ１一,1400,ダ,左,重,曇,8,6,6,メンタイマヨ,牡,7,55.0,495,5,新原周,林隆之,47.1,7,1:31.5,41.3,2-3-3-3,8,495,5
2026/06/15,川崎,12,入梅特別Ａ２Ｂ１一,1400,ダ,左,重,曇,8,7,7,オスカーブレイン,牡,5,57.0,483,-3,佐野遥,鈴木義,16.2,8,1:33.7,43.9,1-1-1-3,6,483,-3
2026/06/16,川崎,1,３歳６,1400,ダ,左,稍重,晴,12,7,10,スーパーアイシー,牝,3,54.0,421,0,新原周,酒井忍,2.4,1,1:32.4,40.4,,1,421,0
2026/06/16,川崎,1,３歳６,1400,ダ,左,稍重,晴,12,4,4,シェナマーブル,牡,3,56.0,470,7,藤江渉,山田正,17.5,2,1:34.1,41.2,,6,470,7
2026/06/16,川崎,1,３歳６,1400,ダ,左,稍重,晴,12,6,8,アオイノコスメ,牝,3,54.0,487,-6,和田譲,山崎裕,46.7,3,1:34.1,41.4,,11,487,-6
2026/06/16,川崎,1,３歳６,1400,ダ,左,稍重,晴,12,8,12,トラストテンホー,牡,3,56.0,428,-1,野畑凌,吉橋淳,6.4,4,1:34.1,41.9,,3,428,-1
2026/06/16,川崎,1,３歳６,1400,ダ,左,稍重,晴,12,5,6,クラバエル,牡,3,56.0,429,-7,藤本現,伊藤滋,69.2,5,1:34.3,41.0,,12,429,-7
2026/06/16,川崎,1,３歳６,1400,ダ,左,稍重,晴,12,2,2,ミュークティアラ,セ,0,56.0,457,3,伊藤裕,甲田悟,25.2,6,1:34.6,40.9,,7,457,3
2026/06/16,川崎,1,３歳６,1400,ダ,左,稍重,晴,12,6,7,リュウノキャロット,牝,3,54.0,458,2,木間龍,齊藤敏,40.6,7,1:34.6,41.6,,10,458,2
2026/06/16,川崎,1,３歳６,1400,ダ,左,稍重,晴,12,1,1,ショックザワールド,牡,3,53.0,480,0,佐藤翔,山崎尋,7.0,8,1:34.7,41.0,,4,480,0
2026/06/16,川崎,1,３歳６,1400,ダ,左,稍重,晴,12,7,9,テンノウズアイル,牝,3,53.0,424,3,中山遥,田島寿,13.0,9,1:34.8,41.5,,5,424,3
2026/06/16,川崎,1,３歳６,1400,ダ,左,稍重,晴,12,8,11,ティンガティンガ,セ,0,56.0,399,4,櫻井光,佐藤博,27.9,10,1:35.7,42.4,,8,399,4
2026/06/16,川崎,1,３歳６,1400,ダ,左,稍重,晴,12,5,5,クツシタオトシタ,牝,3,54.0,437,-2,西啓太,高橋宏,4.1,11,1:35.9,42.4,,2,437,-2
2026/06/16,川崎,1,３歳６,1400,ダ,左,稍重,晴,12,3,3,プレストジャンヌ,牝,3,54.0,413,6,鷹見陸,高橋宏,30.0,12,1:36.7,44.1,,9,413,6
2026/06/16,川崎,2,ガスト賞３歳未格付選定馬,900,ダ,左,稍重,晴,12,7,9,トーケンマティーニ,牝,3,54.0,438,-4,篠谷葵,石崎駿,1.7,1,0:56.4,38.3,,1,438,-4
2026/06/16,川崎,2,ガスト賞３歳未格付選定馬,900,ダ,左,稍重,晴,12,5,5,ムジークヘーレン,牝,3,53.0,413,0,中山遥,平田正,47.8,2,0:57.0,39.1,,10,413,0
2026/06/16,川崎,2,ガスト賞３歳未格付選定馬,900,ダ,左,稍重,晴,12,1,1,モンキーコアラ,牝,3,52.0,444,3,加藤雄,甲田悟,17.7,3,0:57.1,39.1,,6,444,3
2026/06/16,川崎,2,ガスト賞３歳未格付選定馬,900,ダ,左,稍重,晴,12,2,2,シュールア,牡,3,56.0,466,20,新原周,安池成,15.5,4,0:57.7,38.9,,5,466,20
2026/06/16,川崎,2,ガスト賞３歳未格付選定馬,900,ダ,左,稍重,晴,12,6,7,パンツオンリー,牝,3,54.0,419,-8,藤江渉,山田質,14.7,5,0:57.8,39.4,,4,419,-8
2026/06/16,川崎,2,ガスト賞３歳未格付選定馬,900,ダ,左,稍重,晴,12,8,11,モモノコトノハ,牝,3,54.0,473,3,櫻井光,山崎裕,3.7,6,0:58.1,39.7,,2,473,3
2026/06/16,川崎,2,ガスト賞３歳未格付選定馬,900,ダ,左,稍重,晴,12,5,6,ノーサイドガール,牝,3,54.0,478,13,池谷匠,山田質,12.4,7,0:58.1,40.1,,3,478,13
2026/06/16,川崎,2,ガスト賞３歳未格付選定馬,900,ダ,左,稍重,晴,12,3,3,メロウアイズテオ,牡,3,56.0,428,-4,古岡勇,今井輝,43.1,8,0:58.3,38.7,,9,428,-4
2026/06/16,川崎,2,ガスト賞３歳未格付選定馬,900,ダ,左,稍重,晴,12,6,8,カネトシライパー,牡,3,56.0,438,3,山林信,佐々仁,21.1,9,0:58.5,40.1,,7,438,3
2026/06/16,川崎,2,ガスト賞３歳未格付選定馬,900,ダ,左,稍重,晴,12,8,12,シェブロンウーマン,牝,3,54.0,434,6,岡村裕,山田正,31.6,10,0:58.7,40.3,,8,434,6
2026/06/16,川崎,2,ガスト賞３歳未格付選定馬,900,ダ,左,稍重,晴,12,7,10,カミノリメイン,牝,3,54.0,403,-1,木間龍,田島寿,124.8,11,0:59.1,40.7,,11,403,-1
2026/06/16,川崎,2,ガスト賞３歳未格付選定馬,900,ダ,左,稍重,晴,12,4,4,ターボクン,牡,3,56.0,434,4,増田充,吉橋淳,143.9,12,0:59.2,40.2,,12,434,4
2026/06/16,川崎,3,三光鳥賞３歳２,1500,ダ,左,稍重,晴,13,8,13,パワポケカノン,牡,3,56.0,466,-5,古岡勇,山崎裕,2.4,1,1:37.7,39.3,,2,466,-5
2026/06/16,川崎,3,三光鳥賞３歳２,1500,ダ,左,稍重,晴,13,1,1,ダテオトコ,牡,3,56.0,416,0,矢野貴,佐々仁,1.6,2,1:37.8,39.1,,1,416,0
2026/06/16,川崎,3,三光鳥賞３歳２,1500,ダ,左,稍重,晴,13,4,4,ハマノヒカリ,牝,3,54.0,462,-8,増田充,加藤誠,21.2,3,1:38.5,39.9,,3,462,-8
2026/06/16,川崎,3,三光鳥賞３歳２,1500,ダ,左,稍重,晴,13,8,12,オーサムジェンヌ,牝,3,54.0,440,-4,野畑凌,茂木浩,37.2,4,1:38.8,40.5,,6,440,-4
2026/06/16,川崎,3,三光鳥賞３歳２,1500,ダ,左,稍重,晴,13,5,6,ミスターベラミー,牡,3,56.0,457,2,櫻井光,山崎尋,41.2,5,1:38.9,40.8,,7,457,2
2026/06/16,川崎,3,三光鳥賞３歳２,1500,ダ,左,稍重,晴,13,6,8,ダイセンシリウス,牡,3,56.0,469,-3,本橋孝,石井勝,30.5,6,1:38.9,40.2,,5,469,-3
2026/06/16,川崎,3,三光鳥賞３歳２,1500,ダ,左,稍重,晴,13,3,3,カガヤクネガイ,牡,3,56.0,447,-10,藤江渉,平田正,47.4,7,1:38.9,40.0,,8,447,-10
2026/06/16,川崎,3,三光鳥賞３歳２,1500,ダ,左,稍重,晴,13,6,9,タツノスペシャル,牡,3,56.0,435,2,笹川翼,田邊陽,24.8,8,1:38.9,39.8,,4,435,2
2026/06/16,川崎,3,三光鳥賞３歳２,1500,ダ,左,稍重,晴,13,7,10,インフェルレーヴ,牡,3,56.0,432,-2,木間龍,田島寿,116.7,9,1:39.6,40.7,,10,432,-2
2026/06/16,川崎,3,三光鳥賞３歳２,1500,ダ,左,稍重,晴,13,2,2,アウフタクト,牝,3,54.0,421,-2,池谷匠,山田質,193.8,10,1:40.2,41.7,,11,421,-2
2026/06/16,川崎,3,三光鳥賞３歳２,1500,ダ,左,稍重,晴,13,7,11,トリケトラ,牡,3,56.0,467,1,笠野雄,田中力,216.4,11,1:41.5,42.9,,12,467,1
2026/06/16,川崎,3,三光鳥賞３歳２,1500,ダ,左,稍重,晴,13,5,7,グローバルサウス,牡,3,56.0,463,1,和田譲,山崎裕,227.5,12,1:42.4,43.0,,13,463,1
2026/06/16,川崎,3,三光鳥賞３歳２,1500,ダ,左,稍重,晴,13,4,5,デーレーハンサム,牡,3,56.0,485,2,新原周,鈴木義,54.3,13,1:43.3,44.4,,9,485,2
2026/06/16,川崎,4,Ｃ２一 二,1400,ダ,左,稍重,晴,12,3,3,フィリグラン,牝,4,54.0,430,2,本田重,佐々仁,9.2,1,1:31.8,40.8,,5,430,2
2026/06/16,川崎,4,Ｃ２一 二,1400,ダ,左,稍重,晴,12,5,5,アルピノ,牡,4,56.0,472,0,澤田龍,山下之,5.3,2,1:31.9,39.3,,2,472,0
2026/06/16,川崎,4,Ｃ２一 二,1400,ダ,左,稍重,晴,12,1,1,トンヤイビーン,牡,4,56.0,519,1,笹川翼,田邊陽,6.9,3,1:32.0,40.7,,3,519,1
2026/06/16,川崎,4,Ｃ２一 二,1400,ダ,左,稍重,晴,12,2,2,エールラヴィクトワ,牝,4,54.0,444,3,矢野貴,山崎裕,8.5,4,1:32.1,40.6,,4,444,3
2026/06/16,川崎,4,Ｃ２一 二,1400,ダ,左,稍重,晴,12,6,7,アルバレジェンダ,牝,4,54.0,445,-6,佐野遥,高月賢,28.8,5,1:32.9,41.7,,8,445,-6
2026/06/16,川崎,4,Ｃ２一 二,1400,ダ,左,稍重,晴,12,8,11,カレンメラメーラ,牝,5,54.0,470,9,櫻井光,八木喜,169.7,6,1:33.4,42.1,,11,470,9
2026/06/16,川崎,4,Ｃ２一 二,1400,ダ,左,稍重,晴,12,5,6,ミュークフォルテ,牡,4,54.0,484,-3,加藤雄,山崎尋,54.8,7,1:33.7,41.7,,9,484,-3
2026/06/16,川崎,4,Ｃ２一 二,1400,ダ,左,稍重,晴,12,7,9,シェナベスト,牡,5,56.0,476,1,岡村裕,山田正,139.7,8,1:33.9,42.3,,10,476,1
2026/06/16,川崎,4,Ｃ２一 二,1400,ダ,左,稍重,晴,12,7,10,モズミコシ,牡,4,56.0,455,11,野畑凌,高月賢,1.9,9,1:33.9,42.2,,1,455,11
2026/06/16,川崎,4,Ｃ２一 二,1400,ダ,左,稍重,晴,12,4,4,チェスナットドレス,牝,9,54.0,457,-6,福原杏,冨田敏,176.2,10,1:33.9,41.7,,12,457,-6
2026/06/16,川崎,4,Ｃ２一 二,1400,ダ,左,稍重,晴,12,6,8,ヒロイックバイオ,牡,5,56.0,516,-4,小杉亮,玉井昇,27.6,11,1:34.1,42.3,,7,516,-4
2026/06/16,川崎,4,Ｃ２一 二,1400,ダ,左,稍重,晴,12,8,12,エンツォ,牡,5,56.0,464,-6,仲野光,山下之,12.9,12,1:35.5,42.5,,6,464,-6
2026/06/16,川崎,5,Ｃ２一 二,1400,ダ,左,稍重,晴,12,5,6,ライヴバフィ,牡,4,56.0,476,1,矢野貴,高月賢,3.3,1,1:31.7,40.3,,2,476,1
2026/06/16,川崎,5,Ｃ２一 二,1400,ダ,左,稍重,晴,12,3,3,ウインプリームス,牝,6,54.0,453,11,新原周,吉橋淳,21.9,2,1:31.8,40.6,,6,453,11
2026/06/16,川崎,5,Ｃ２一 二,1400,ダ,左,稍重,晴,12,1,1,オリコウパラダイス,牡,4,56.0,477,8,伊藤裕,安池成,2.0,3,1:32.2,40.6,,1,477,8
2026/06/16,川崎,5,Ｃ２一 二,1400,ダ,左,稍重,晴,12,2,2,ライジングキャノン,牡,5,56.0,541,14,増田充,高月賢,77.5,4,1:32.7,40.9,,11,541,14
2026/06/16,川崎,5,Ｃ２一 二,1400,ダ,左,稍重,晴,12,7,10,セレブウマザンマイ,牝,4,54.0,432,-2,仲野光,山下之,8.6,5,1:33.0,41.0,,4,432,-2
2026/06/16,川崎,5,Ｃ２一 二,1400,ダ,左,稍重,晴,12,5,5,ストロンゲスト,牡,7,53.0,499,9,佐藤翔,古澤悟,36.8,6,1:33.0,40.7,,7,499,9
2026/06/16,川崎,5,Ｃ２一 二,1400,ダ,左,稍重,晴,12,4,4,アースチャン,牝,4,54.0,438,5,藤江渉,山田質,74.8,7,1:33.1,40.9,,10,438,5
2026/06/16,川崎,5,Ｃ２一 二,1400,ダ,左,稍重,晴,12,8,11,フレンドシルバー,牝,4,54.0,459,-6,藤本現,佐々功,49.8,8,1:33.5,41.7,,8,459,-6
2026/06/16,川崎,5,Ｃ２一 二,1400,ダ,左,稍重,晴,12,7,9,ムーンライトデイ,牝,5,54.0,468,1,和田譲,佐々仁,9.9,9,1:34.0,42.4,,5,468,1
2026/06/16,川崎,5,Ｃ２一 二,1400,ダ,左,稍重,晴,12,6,8,マロンルピナス,牝,6,54.0,436,2,池谷匠,村田順,178.9,10,1:34.0,41.8,,12,436,2
2026/06/16,川崎,5,Ｃ２一 二,1400,ダ,左,稍重,晴,12,8,12,リラスカイ,牝,6,54.0,472,-1,佐野遥,山崎尋,67.0,11,1:34.3,42.0,,9,472,-1
2026/06/16,川崎,5,Ｃ２一 二,1400,ダ,左,稍重,晴,12,6,7,モメン,牝,4,54.0,450,-5,笹川翼,山崎尋,8.5,12,1:35.8,44.0,,3,450,-5
2026/06/16,川崎,6,Ｊ交 ジューンフラワー賞３歳未格付選定馬,1500,ダ,左,稍重,晴,11,6,6,ルーポ,牡,3,56.0,478,-2,笹川翼,小崎憲,1.3,1,1:37.1,40.5,,1,478,-2
2026/06/16,川崎,6,Ｊ交 ジューンフラワー賞３歳未格付選定馬,1500,ダ,左,稍重,晴,11,5,5,ブライトドリーム,牡,3,56.0,482,-8,藤田凌,高野毅,6.0,2,1:37.2,40.8,,2,482,-8
2026/06/16,川崎,6,Ｊ交 ジューンフラワー賞３歳未格付選定馬,1500,ダ,左,稍重,晴,11,2,2,ボンセレンシス,牡,3,56.0,506,4,新原周,内田勝,21.0,3,1:37.4,40.5,,5,506,4
2026/06/16,川崎,6,Ｊ交 ジューンフラワー賞３歳未格付選定馬,1500,ダ,左,稍重,晴,11,6,7,ラミアメロディア,牝,3,54.0,382,-3,和田譲,秋山直,88.7,4,1:38.4,41.1,,9,382,-3
2026/06/16,川崎,6,Ｊ交 ジューンフラワー賞３歳未格付選定馬,1500,ダ,左,稍重,晴,11,8,10,カナールレイナ,牝,3,54.0,469,3,伊藤裕,佐々仁,42.3,5,1:38.6,41.5,,7,469,3
2026/06/16,川崎,6,Ｊ交 ジューンフラワー賞３歳未格付選定馬,1500,ダ,左,稍重,晴,11,1,1,サザンホクトベガ,牝,3,51.0,445,3,佐藤翔,鈴木伸,8.0,6,1:38.6,41.1,,3,445,3
2026/06/16,川崎,6,Ｊ交 ジューンフラワー賞３歳未格付選定馬,1500,ダ,左,稍重,晴,11,7,8,ヴァルク,牡,3,56.0,480,10,丸田恭,武市康,25.5,7,1:39.2,41.8,,6,480,10
2026/06/16,川崎,6,Ｊ交 ジューンフラワー賞３歳未格付選定馬,1500,ダ,左,稍重,晴,11,8,11,アシャカロッケ,牝,3,51.0,454,4,西優哉,鈴木伸,143.2,8,1:39.4,42.3,,11,454,4
2026/06/16,川崎,6,Ｊ交 ジューンフラワー賞３歳未格付選定馬,1500,ダ,左,稍重,晴,11,4,4,ディル,牝,3,54.0,465,19,本田重,高橋文,83.1,9,1:40.6,43.2,,8,465,19
2026/06/16,川崎,6,Ｊ交 ジューンフラワー賞３歳未格付選定馬,1500,ダ,左,稍重,晴,11,3,3,ジャストキュート,牝,3,54.0,468,8,武藤雅,武藤善,15.2,10,1:40.8,43.9,,4,468,8
2026/06/16,川崎,6,Ｊ交 ジューンフラワー賞３歳未格付選定馬,1500,ダ,左,稍重,晴,11,7,9,アルティーノ,牡,3,56.0,477,3,藤本現,伊坂重,131.7,11,1:43.3,45.7,,10,477,3
2026/06/16,川崎,7,颯爽賞Ｃ１選定馬,900,ダ,左,稍重,晴,12,8,12,レモングラス,牝,4,54.0,481,12,御神訓,林隆之,2.3,1,0:54.9,37.6,,1,481,12
2026/06/16,川崎,7,颯爽賞Ｃ１選定馬,900,ダ,左,稍重,晴,12,1,1,カネトシフープ,牝,4,51.0,402,4,佐藤翔,佐々仁,2.5,2,0:55.1,37.3,,2,402,4
2026/06/16,川崎,7,颯爽賞Ｃ１選定馬,900,ダ,左,稍重,晴,12,5,6,イイクニアシェル,牡,5,56.0,507,-8,佐野遥,久保秀,9.8,3,0:55.3,37.5,,4,507,-8
2026/06/16,川崎,7,颯爽賞Ｃ１選定馬,900,ダ,左,稍重,晴,12,7,10,ピーチマカロン,牝,4,54.0,493,2,達城龍,久保勇,51.3,4,0:55.5,36.9,,9,493,2
2026/06/16,川崎,7,颯爽賞Ｃ１選定馬,900,ダ,左,稍重,晴,12,8,11,スレヒトゥヴアルク,牝,4,54.0,497,2,山林信,平田正,12.1,5,0:56.3,38.7,,5,497,2
2026/06/16,川崎,7,颯爽賞Ｃ１選定馬,900,ダ,左,稍重,晴,12,6,8,バースフラワー,牝,4,54.0,436,-12,池谷匠,山田質,31.4,6,0:56.5,38.1,,6,436,-12
2026/06/16,川崎,7,颯爽賞Ｃ１選定馬,900,ダ,左,稍重,晴,12,6,7,ミスサン,牝,5,54.0,451,6,鷹見陸,佐藤博,125.8,7,0:56.7,39.1,,10,451,6
2026/06/16,川崎,7,颯爽賞Ｃ１選定馬,900,ダ,左,稍重,晴,12,7,9,ゴールドサイカ,牝,4,54.0,469,2,木間龍,田島寿,426.8,8,0:56.7,38.9,,12,469,2
2026/06/16,川崎,7,颯爽賞Ｃ１選定馬,900,ダ,左,稍重,晴,12,3,3,ビタリス,牝,5,54.0,484,-12,増田充,八木喜,266.9,9,0:56.9,38.1,,11,484,-12
2026/06/16,川崎,7,颯爽賞Ｃ１選定馬,900,ダ,左,稍重,晴,12,5,5,ラックナシェード,牝,4,54.0,449,2,櫻井光,田邊陽,43.5,10,0:56.9,38.3,,8,449,2
2026/06/16,川崎,7,颯爽賞Ｃ１選定馬,900,ダ,左,稍重,晴,12,4,4,ルミナヴァル,牝,4,54.0,476,7,野畑凌,高月賢,7.6,11,0:57.0,39.4,,3,476,7
2026/06/16,川崎,7,颯爽賞Ｃ１選定馬,900,ダ,左,稍重,晴,12,2,2,ラピルスイメル,牝,4,54.0,507,-4,古岡勇,加藤誠,34.0,12,0:57.2,39.7,,7,507,-4
2026/06/16,川崎,8,ソルスティツィオ賞Ｃ２選定馬１,1500,ダ,左,稍重,晴,10,1,1,ハヤブサアポチャン,牝,5,54.0,497,2,笹川翼,茂木浩,1.7,1,1:38.1,40.6,,1,497,2
2026/06/16,川崎,8,ソルスティツィオ賞Ｃ２選定馬１,1500,ダ,左,稍重,晴,10,5,5,デルマニンフ,牝,7,54.0,433,3,御神訓,山崎誠,6.0,2,1:38.2,40.7,,3,433,3
2026/06/16,川崎,8,ソルスティツィオ賞Ｃ２選定馬１,1500,ダ,左,稍重,晴,10,4,4,セクシーウィドー,牝,5,54.0,451,-6,岡村健,甲田悟,28.7,3,1:38.9,41.2,,5,451,-6
2026/06/16,川崎,8,ソルスティツィオ賞Ｃ２選定馬１,1500,ダ,左,稍重,晴,10,7,8,ヴァッツマン,牡,4,56.0,492,-6,佐野遥,山崎尋,39.4,4,1:39.2,40.6,,6,492,-6
2026/06/16,川崎,8,ソルスティツィオ賞Ｃ２選定馬１,1500,ダ,左,稍重,晴,10,8,9,コパノディラン,牡,4,56.0,498,-1,篠谷葵,森泰斗,7.9,5,1:39.4,41.6,,4,498,-1
2026/06/16,川崎,8,ソルスティツィオ賞Ｃ２選定馬１,1500,ダ,左,稍重,晴,10,2,2,ボルダーオパール,牝,4,54.0,487,0,野畑凌,山田質,3.7,6,1:39.4,41.9,,2,487,0
2026/06/16,川崎,8,ソルスティツィオ賞Ｃ２選定馬１,1500,ダ,左,稍重,晴,10,6,6,フレッシュルーキー,牡,5,53.0,511,3,山本大,石井勝,55.5,7,1:39.4,40.8,,8,511,3
2026/06/16,川崎,8,ソルスティツィオ賞Ｃ２選定馬１,1500,ダ,左,稍重,晴,10,3,3,ノブアンドマックス,牡,4,53.0,452,-4,椿聡太,林　幻,85.6,8,1:39.6,41.2,,9,452,-4
2026/06/16,川崎,8,ソルスティツィオ賞Ｃ２選定馬１,1500,ダ,左,稍重,晴,10,7,7,ケイツーブル,牡,4,56.0,438,2,古岡勇,高橋宏,46.8,9,1:39.6,41.8,,7,438,2
2026/06/16,川崎,8,ソルスティツィオ賞Ｃ２選定馬１,1500,ダ,左,稍重,晴,10,8,10,インマイブラッド,牝,4,54.0,442,3,伊藤裕,古澤悟,206.3,10,1:41.3,43.5,,10,442,3
2026/06/16,川崎,9,見返り美人特別Ｂ３一 二 三,1600,ダ,左,稍重,晴,14,1,1,ドウザンワン,牡,5,56.0,455,-1,佐野遥,高月賢,5.7,1,1:44.8,40.1,,3,455,-1
2026/06/16,川崎,9,見返り美人特別Ｂ３一 二 三,1600,ダ,左,稍重,晴,14,3,3,ジーティーカイソク,牡,4,56.0,479,-5,笹川翼,山崎尋,10.4,2,1:44.9,40.2,,5,479,-5
2026/06/16,川崎,9,見返り美人特別Ｂ３一 二 三,1600,ダ,左,稍重,晴,14,7,11,ファイヤーウィップ,牡,5,56.0,521,-6,保園翔,野口寛,2.0,3,1:45.1,40.9,,1,521,-6
2026/06/16,川崎,9,見返り美人特別Ｂ３一 二 三,1600,ダ,左,稍重,晴,14,6,10,ユメドリーム,牡,4,56.0,447,0,櫻井光,古澤悟,36.6,4,1:45.2,40.6,,8,447,0
2026/06/16,川崎,9,見返り美人特別Ｂ３一 二 三,1600,ダ,左,稍重,晴,14,6,9,スティールウィル,セ,0,56.0,505,-1,和田譲,秋山直,10.3,5,1:46.0,41.8,,4,505,-1
2026/06/16,川崎,9,見返り美人特別Ｂ３一 二 三,1600,ダ,左,稍重,晴,14,5,8,エスプリゴンザレス,牡,6,56.0,477,0,野畑凌,久保秀,27.0,6,1:46.1,40.4,,7,477,0
2026/06/16,川崎,9,見返り美人特別Ｂ３一 二 三,1600,ダ,左,稍重,晴,14,3,4,テディージュエリー,牡,4,56.0,503,2,増田充,加藤誠,59.9,7,1:46.2,41.5,,10,503,2
2026/06/16,川崎,9,見返り美人特別Ｂ３一 二 三,1600,ダ,左,稍重,晴,14,4,6,エイシントゥラン,牝,7,54.0,474,-2,池谷匠,今井輝,64.2,8,1:46.4,41.7,,11,474,-2
2026/06/16,川崎,9,見返り美人特別Ｂ３一 二 三,1600,ダ,左,稍重,晴,14,8,13,タケルサバイバル,牡,4,56.0,515,-2,矢野貴,内田勝,4.9,9,1:46.5,42.5,,2,515,-2
2026/06/16,川崎,9,見返り美人特別Ｂ３一 二 三,1600,ダ,左,稍重,晴,14,2,2,ノッテストラータ,牝,4,54.0,457,5,中越琉,久保勇,158.2,10,1:46.5,41.8,,12,457,5
2026/06/16,川崎,9,見返り美人特別Ｂ３一 二 三,1600,ダ,左,稍重,晴,14,7,12,マインドブロン,セ,0,56.0,458,-4,本橋孝,秋山直,173.7,11,1:46.6,42.0,,13,458,-4
2026/06/16,川崎,9,見返り美人特別Ｂ３一 二 三,1600,ダ,左,稍重,晴,14,8,14,サドル,牡,7,55.0,504,-1,中山遥,平田正,13.5,12,1:47.7,43.9,,6,504,-1
2026/06/16,川崎,9,見返り美人特別Ｂ３一 二 三,1600,ダ,左,稍重,晴,14,5,7,リュクスレオン,牡,5,53.0,483,0,佐藤翔,佐藤博,50.3,13,1:49.2,44.6,,9,483,0
2026/06/16,川崎,9,見返り美人特別Ｂ３一 二 三,1600,ダ,左,稍重,晴,14,4,5,ゴールドモーニン,牡,4,56.0,512,-1,古岡勇,田島寿,290.0,14,1:49.2,44.5,,14,512,-1
2026/06/16,川崎,10,Ｊ交 ジューンスター賞Ｂ２Ｂ３選定馬ＪＲ,1500,ダ,左,稍重,晴,11,7,9,ルクスメンデス,牡,4,57.0,484,-2,矢野貴,小崎憲,32.0,1,1:35.9,39.6,,9,484,-2
2026/06/16,川崎,10,Ｊ交 ジューンスター賞Ｂ２Ｂ３選定馬ＪＲ,1500,ダ,左,稍重,晴,11,6,6,アスクムービーオン,セ,0,57.0,465,-5,野畑凌,前川恭,8.4,2,1:36.1,40.0,,5,465,-5
2026/06/16,川崎,10,Ｊ交 ジューンスター賞Ｂ２Ｂ３選定馬ＪＲ,1500,ダ,左,稍重,晴,11,7,8,タイセイデクスター,牡,4,53.0,508,18,谷原柚,伊藤圭,32.8,3,1:36.2,39.7,,10,508,18
2026/06/16,川崎,10,Ｊ交 ジューンスター賞Ｂ２Ｂ３選定馬ＪＲ,1500,ダ,左,稍重,晴,11,8,10,カサブランカキッド,牡,6,57.0,520,-6,ゴンサ,和田勇,6.4,4,1:36.2,39.3,,3,520,-6
2026/06/16,川崎,10,Ｊ交 ジューンスター賞Ｂ２Ｂ３選定馬ＪＲ,1500,ダ,左,稍重,晴,11,2,2,レグノ,牡,5,54.0,493,0,佐藤翔,佐藤博,11.2,5,1:36.4,39.9,,8,493,0
2026/06/16,川崎,10,Ｊ交 ジューンスター賞Ｂ２Ｂ３選定馬ＪＲ,1500,ダ,左,稍重,晴,11,1,1,ジョセフィーナ,牝,5,53.0,406,-2,高橋利,新井清,244.2,6,1:36.8,39.6,,11,406,-2
2026/06/16,川崎,10,Ｊ交 ジューンスター賞Ｂ２Ｂ３選定馬ＪＲ,1500,ダ,左,稍重,晴,11,4,4,ユイノカタリベ,牡,3,55.0,508,0,木幡初,竹内正,11.2,7,1:36.9,39.9,,7,508,0
2026/06/16,川崎,10,Ｊ交 ジューンスター賞Ｂ２Ｂ３選定馬ＪＲ,1500,ダ,左,稍重,晴,11,5,5,オリコウデレガンス,牝,4,55.0,467,7,吉原寛,安池成,7.9,8,1:36.9,40.0,,4,467,7
2026/06/16,川崎,10,Ｊ交 ジューンスター賞Ｂ２Ｂ３選定馬ＪＲ,1500,ダ,左,稍重,晴,11,8,11,ノーブルアクト,牝,6,55.0,524,14,和田譲,上原博,9.2,9,1:37.2,40.7,,6,524,14
2026/06/16,川崎,10,Ｊ交 ジューンスター賞Ｂ２Ｂ３選定馬ＪＲ,1500,ダ,左,稍重,晴,11,6,7,アーデルリーベ,牝,4,55.0,447,-7,笹川翼,齋藤崇,3.3,10,1:37.2,41.1,,1,447,-7
2026/06/16,川崎,10,Ｊ交 ジューンスター賞Ｂ２Ｂ３選定馬ＪＲ,1500,ダ,左,稍重,晴,11,3,3,モネ,牝,7,55.0,478,1,新原周,林隆之,5.0,11,1:38.1,41.6,,2,478,1
2026/06/16,川崎,11,川崎スパーキングスプリント４歳上オープン,900,ダ,左,稍重,晴,9,8,9,ハーフブルー,牝,4,55.0,467,-5,御神訓,鈴木啓,1.6,1,0:53.1,36.3,,1,467,-5
2026/06/16,川崎,11,川崎スパーキングスプリント４歳上オープン,900,ダ,左,稍重,晴,9,2,2,フリーダム,牝,4,53.0,452,-3,達城龍,宗形竹,10.6,2,0:53.2,36.1,,4,452,-3
2026/06/16,川崎,11,川崎スパーキングスプリント４歳上オープン,900,ダ,左,稍重,晴,9,1,1,ティアラフォーカス,牡,7,57.0,562,8,和田譲,宗形竹,26.3,3,0:53.4,35.9,,6,562,8
2026/06/16,川崎,11,川崎スパーキングスプリント４歳上オープン,900,ダ,左,稍重,晴,9,4,4,プライルード,牡,7,57.0,518,-1,本田重,藤田輝,7.2,4,0:53.4,35.5,,3,518,-1
2026/06/16,川崎,11,川崎スパーキングスプリント４歳上オープン,900,ダ,左,稍重,晴,9,7,7,ムーム,牝,5,53.0,481,1,西啓太,橋本馬,19.9,5,0:53.9,36.6,,5,481,1
2026/06/16,川崎,11,川崎スパーキングスプリント４歳上オープン,900,ダ,左,稍重,晴,9,5,5,エンテレケイア,牡,8,57.0,523,0,吉原寛,小久智,3.2,6,0:54.6,37.3,,2,523,0
2026/06/16,川崎,11,川崎スパーキングスプリント４歳上オープン,900,ダ,左,稍重,晴,9,3,3,ミルトクレイモー,牡,6,57.0,516,-6,吉井章,橋本馬,150.4,7,0:54.9,36.8,,7,516,-6
2026/06/16,川崎,11,川崎スパーキングスプリント４歳上オープン,900,ダ,左,稍重,晴,9,8,8,ロイヤルペガサス,牡,9,57.0,550,1,小野俊,宗形竹,179.0,8,0:54.9,36.4,,8,550,1
2026/06/16,川崎,11,川崎スパーキングスプリント４歳上オープン,900,ダ,左,稍重,晴,9,6,6,デュアリスト,牡,8,57.0,506,3,中山遥,小林真,277.2,9,0:55.1,37.4,,9,506,3
2026/06/16,川崎,12,ウルド賞Ｃ１選定馬,2000,ダ,左,稍重,晴,10,8,9,ディオスパーダ,牡,4,56.0,500,-4,野畑凌,山崎裕,2.7,1,2:16.3,39.5,,2,500,-4
2026/06/16,川崎,12,ウルド賞Ｃ１選定馬,2000,ダ,左,稍重,晴,10,3,3,ミヤビクライ,牡,7,56.0,512,-1,新原周,林隆之,8.5,2,2:16.5,39.7,,4,512,-1
2026/06/16,川崎,12,ウルド賞Ｃ１選定馬,2000,ダ,左,稍重,晴,10,5,5,ティナバローズ,牝,4,54.0,493,-2,和田譲,佐々清,76.8,3,2:16.8,39.8,,9,493,-2
2026/06/16,川崎,12,ウルド賞Ｃ１選定馬,2000,ダ,左,稍重,晴,10,1,1,テンダリー,牡,4,56.0,509,1,本田重,長友豊,2.5,4,2:17.3,40.1,,1,509,1
2026/06/16,川崎,12,ウルド賞Ｃ１選定馬,2000,ダ,左,稍重,晴,10,7,8,アヌマティチェコ,牝,4,54.0,478,2,矢野貴,加藤誠,18.2,5,2:17.4,40.0,,6,478,2
2026/06/16,川崎,12,ウルド賞Ｃ１選定馬,2000,ダ,左,稍重,晴,10,6,6,ビルドラポール,牡,6,56.0,514,4,古岡勇,河津裕,48.1,6,2:17.5,40.1,,8,514,4
2026/06/16,川崎,12,ウルド賞Ｃ１選定馬,2000,ダ,左,稍重,晴,10,7,7,イモルテル,セ,0,56.0,522,3,笹川翼,平田正,5.1,7,2:17.7,40.5,,3,522,3
2026/06/16,川崎,12,ウルド賞Ｃ１選定馬,2000,ダ,左,稍重,晴,10,4,4,シスターネビュラ,牝,5,54.0,413,-2,藤江渉,山田質,205.9,8,2:18.0,40.4,,10,413,-2
2026/06/16,川崎,12,ウルド賞Ｃ１選定馬,2000,ダ,左,稍重,晴,10,8,10,アンジュミストラル,牝,5,54.0,479,6,西啓太,佐藤博,14.9,9,2:18.1,40.7,,5,479,6
2026/06/16,川崎,12,ウルド賞Ｃ１選定馬,2000,ダ,左,稍重,晴,10,2,2,サーブザミッション,牡,5,56.0,448,-4,池谷匠,古澤悟,45.2,10,2:18.1,40.9,,7,448,-4
2026/06/17,川崎,1,Ｃ３一 二,1400,ダ,左,稍重,晴,12,5,5,リコースチェッキン,牝,6,54.0,427,0,佐野遥,久保秀,2.0,1,1:32.9,41.7,1-1-1-1,1,427,0
2026/06/17,川崎,1,Ｃ３一 二,1400,ダ,左,稍重,晴,12,5,6,ニホンピロカミーノ,牡,4,56.0,479,0,藤江渉,武井和,2.3,2,1:33.2,41.8,4-4-4-2,2,479,0
2026/06/17,川崎,1,Ｃ３一 二,1400,ダ,左,稍重,晴,12,1,1,ティンドラ,牝,6,54.0,437,1,古岡勇,山崎尋,11.4,3,1:34.1,42.3,8-7-6-4,3,437,1
2026/06/17,川崎,1,Ｃ３一 二,1400,ダ,左,稍重,晴,12,3,3,ガルヴァニック,牝,6,54.0,488,5,伊藤裕,村田順,111.0,4,1:34.6,41.9,11-11-11-8,11,488,5
2026/06/17,川崎,1,Ｃ３一 二,1400,ダ,左,稍重,晴,12,7,9,ヒナボンボン,牝,5,54.0,504,6,望月洵,古澤悟,16.6,5,1:34.6,42.6,8-7-5-7,5,504,6
2026/06/17,川崎,1,Ｃ３一 二,1400,ダ,左,稍重,晴,12,6,8,ルジュウェール,牡,4,56.0,500,2,中越琉,村田順,36.5,6,1:34.9,43.3,7-6-2-3,7,500,2
2026/06/17,川崎,1,Ｃ３一 二,1400,ダ,左,稍重,晴,12,6,7,プロンプトノア,牝,5,52.0,494,4,加藤雄,佐々仁,94.7,7,1:35.1,43.3,4-5-6-5,10,494,4
2026/06/17,川崎,1,Ｃ３一 二,1400,ダ,左,稍重,晴,12,2,2,レディハナコ,牝,4,54.0,417,0,櫻井光,田邊陽,92.1,8,1:35.2,42.1,12-11-12-10,9,417,0
2026/06/17,川崎,1,Ｃ３一 二,1400,ダ,左,稍重,晴,12,4,4,ローゼシュティア,牝,7,54.0,462,-5,増田充,八木喜,140.6,9,1:35.2,42.9,10-10-10-8,12,462,-5
2026/06/17,川崎,1,Ｃ３一 二,1400,ダ,左,稍重,晴,12,8,11,シェナチチカカ,牝,7,54.0,414,6,岡村裕,山田正,66.1,10,1:35.5,44.1,2-2-2-5,8,414,6
2026/06/17,川崎,1,Ｃ３一 二,1400,ダ,左,稍重,晴,12,7,10,メガミリオン,牡,8,56.0,476,5,池谷匠,田島寿,24.4,11,1:36.7,44.5,6-7-9-10,6,476,5
2026/06/17,川崎,1,Ｃ３一 二,1400,ダ,左,稍重,晴,12,8,12,セイウンヤタガラス,牡,4,56.0,436,0,山林信,田邊陽,13.7,12,1:38.5,46.7,2-3-8-12,4,436,0
2026/06/17,川崎,2,Ｃ３一 二,1400,ダ,左,稍重,晴,11,4,4,シルヴァギンジ,牡,7,56.0,497,-1,伊藤裕,田邊陽,2.4,1,1:32.7,40.0,1-1-1-1,1,497,-1
2026/06/17,川崎,2,Ｃ３一 二,1400,ダ,左,稍重,晴,11,7,8,ベニノレーヴ,牡,5,55.0,457,1,中山遥,田島寿,3.4,2,1:33.0,40.0,3-2-3-2,2,457,1
2026/06/17,川崎,2,Ｃ３一 二,1400,ダ,左,稍重,晴,11,7,9,エーテルノカゼ,牝,6,54.0,445,8,木間龍,八木喜,17.7,3,1:33.6,40.4,4-5-5-5,4,445,8
2026/06/17,川崎,2,Ｃ３一 二,1400,ダ,左,稍重,晴,11,8,11,フェデフルール,牝,7,54.0,469,1,佐野遥,武井和,5.0,4,1:33.9,40.7,6-5-4-4,3,469,1
2026/06/17,川崎,2,Ｃ３一 二,1400,ダ,左,稍重,晴,11,2,2,ミカエンブレイス,牝,4,54.0,427,-10,古岡勇,田邊陽,18.9,5,1:34.6,41.2,7-7-9-7,5,427,-10
2026/06/17,川崎,2,Ｃ３一 二,1400,ダ,左,稍重,晴,11,3,3,ジーティーケリー,牝,4,54.0,410,-1,山林信,村田順,22.9,6,1:34.7,40.6,11-11-11-8,8,410,-1
2026/06/17,川崎,2,Ｃ３一 二,1400,ダ,左,稍重,晴,11,5,5,ラシャスバラード,牝,4,54.0,445,3,新原周,甲田悟,24.2,7,1:34.8,42.0,8-8-1-3,9,445,3
2026/06/17,川崎,2,Ｃ３一 二,1400,ダ,左,稍重,晴,11,6,7,ムンディ,牝,4,52.0,419,6,加藤雄,武井和,21.0,8,1:35.0,41.6,9-10-6-6,6,419,6
2026/06/17,川崎,2,Ｃ３一 二,1400,ダ,左,稍重,晴,11,6,6,スノーウィースカイ,牡,4,56.0,471,2,藤江渉,平田正,21.5,9,1:36.2,42.5,10-8-10-10,7,471,2
2026/06/17,川崎,2,Ｃ３一 二,1400,ダ,左,稍重,晴,11,8,10,ヤンキージャック,牝,4,54.0,399,4,池谷匠,今井輝,55.1,10,1:36.4,43.2,1-2-6-8,11,399,4
2026/06/17,川崎,2,Ｃ３一 二,1400,ダ,左,稍重,晴,11,1,1,クリナデシコ,牝,4,54.0,489,10,岡村裕,山田正,28.5,11,1:37.9,44.7,4-4-6-10,10,489,10
2026/06/17,川崎,3,雷神賞Ｃ２選定馬,900,ダ,左,稍重,晴,12,3,3,セッカチドラゴン,牡,5,53.0,462,6,高橋優,平田正,7.8,1,0:54.9,37.1,5-5-5,2,462,6
2026/06/17,川崎,3,雷神賞Ｃ２選定馬,900,ダ,左,稍重,晴,12,8,12,ファイブエム,牝,4,54.0,445,4,笹川翼,佐々仁,1.2,2,0:55.3,37.9,3-1-1,1,445,4
2026/06/17,川崎,3,雷神賞Ｃ２選定馬,900,ダ,左,稍重,晴,12,8,11,クォンタイズ,牝,4,54.0,467,10,藤江渉,山田質,8.7,3,0:55.6,38.0,3-3-3,3,467,10
2026/06/17,川崎,3,雷神賞Ｃ２選定馬,900,ダ,左,稍重,晴,12,1,1,ロワン,牝,4,54.0,419,6,櫻井光,八木喜,14.1,4,0:56.0,37.8,6-8-6,4,419,6
2026/06/17,川崎,3,雷神賞Ｃ２選定馬,900,ダ,左,稍重,晴,12,4,4,フライエフェクト,牝,4,54.0,457,-1,中越琉,久保勇,58.7,5,0:56.0,37.4,9-10-9,7,457,-1
2026/06/17,川崎,3,雷神賞Ｃ２選定馬,900,ダ,左,稍重,晴,12,7,9,カウニスミエリ,牝,4,54.0,433,13,田中涼,久保勇,36.4,6,0:56.4,38.9,1-4-4,6,433,13
2026/06/17,川崎,3,雷神賞Ｃ２選定馬,900,ダ,左,稍重,晴,12,5,5,ポケットフルコイン,牝,4,54.0,425,-13,望月洵,茂木浩,96.7,7,0:56.5,38.1,9-9-9,8,425,-13
2026/06/17,川崎,3,雷神賞Ｃ２選定馬,900,ダ,左,稍重,晴,12,7,10,ナリノビスケッツ,牝,6,52.0,487,5,加藤雄,内田勝,24.5,8,0:56.7,39.5,1-1-1,5,487,5
2026/06/17,川崎,3,雷神賞Ｃ２選定馬,900,ダ,左,稍重,晴,12,6,8,ニシノアクシス,牡,9,55.0,498,-7,中山遥,吉田正,214.0,9,0:56.8,38.0,11-10-11,10,498,-7
2026/06/17,川崎,3,雷神賞Ｃ２選定馬,900,ダ,左,稍重,晴,12,5,6,コトノサンショ,牡,6,56.0,470,6,山林信,河津裕,172.2,10,0:56.8,38.6,6-7-7,9,470,6
2026/06/17,川崎,3,雷神賞Ｃ２選定馬,900,ダ,左,稍重,晴,12,6,7,コルティリオ,セ,0,56.0,440,-5,岡村裕,山崎裕,262.8,11,0:57.1,38.9,8-5-8,11,440,-5
2026/06/17,川崎,3,雷神賞Ｃ２選定馬,900,ダ,左,稍重,晴,12,2,2,ササキンポピー,牝,5,54.0,448,-2,古岡勇,村田順,,,,,,,448,-2
2026/06/17,川崎,4,Ｃ２三 四,1400,ダ,左,稍重,晴,12,8,12,クリノフローレンス,牝,4,54.0,451,6,藤江渉,八木喜,33.7,1,1:32.2,41.8,1-1-1-1,9,451,6
2026/06/17,川崎,4,Ｃ２三 四,1400,ダ,左,稍重,晴,12,5,5,クリノノヴァエ,牡,4,56.0,494,-5,古岡勇,山崎裕,28.0,2,1:32.2,40.2,7-7-9-6,8,494,-5
2026/06/17,川崎,4,Ｃ２三 四,1400,ダ,左,稍重,晴,12,2,2,アフロガル,牡,4,56.0,534,9,望月洵,山田質,4.5,3,1:32.3,40.8,2-3-3-2,2,534,9
2026/06/17,川崎,4,Ｃ２三 四,1400,ダ,左,稍重,晴,12,3,3,エアシャロウ,セ,0,56.0,536,-17,赤津和,箕輪武,8.6,4,1:32.7,40.9,6-4-5-4,4,536,-17
2026/06/17,川崎,4,Ｃ２三 四,1400,ダ,左,稍重,晴,12,7,9,タツノキセキ,牡,6,56.0,511,-4,和田譲,大津剛,12.5,5,1:32.8,40.7,10-9-12-7,5,511,-4
2026/06/17,川崎,4,Ｃ２三 四,1400,ダ,左,稍重,晴,12,7,10,ノーヴヒーロー,牡,4,56.0,483,-3,山中悠,林正人,74.6,6,1:32.9,40.9,11-11-9-10,11,483,-3
2026/06/17,川崎,4,Ｃ２三 四,1400,ダ,左,稍重,晴,12,5,6,マルゼンスキーツー,牡,5,56.0,496,2,吉原寛,今井輝,13.6,7,1:33.1,41.4,2-5-3-4,6,496,2
2026/06/17,川崎,4,Ｃ２三 四,1400,ダ,左,稍重,晴,12,8,11,セレナス,牝,4,54.0,424,6,櫻井光,久保秀,34.0,8,1:33.1,41.0,9-9-11-10,10,424,6
2026/06/17,川崎,4,Ｃ２三 四,1400,ダ,左,稍重,晴,12,1,1,バクラヴァ,牝,8,54.0,470,-7,本田重,佐々仁,5.2,9,1:33.5,42.1,2-2-2-3,3,470,-7
2026/06/17,川崎,4,Ｃ２三 四,1400,ダ,左,稍重,晴,12,6,8,ザムト,牝,5,54.0,490,5,新原周,村田順,22.3,10,1:33.5,41.5,7-7-7-7,7,490,5
2026/06/17,川崎,4,Ｃ２三 四,1400,ダ,左,稍重,晴,12,4,4,マインドザヘルム,牡,5,53.0,443,4,菅原吏,佐々清,214.0,11,1:33.9,41.9,12-11-7-10,12,443,4
2026/06/17,川崎,4,Ｃ２三 四,1400,ダ,左,稍重,晴,12,6,7,ロジステート,牝,4,54.0,496,-1,野畑凌,佐藤博,2.4,12,1:35.1,43.3,2-6-5-7,1,496,-1
2026/06/17,川崎,5,Ｃ２三 四,1400,ダ,左,稍重,晴,12,5,6,フェアーメロディ,牝,4,54.0,454,-3,古岡勇,秋山直,7.7,1,1:31.6,38.7,2-2-2-2,3,454,-3
2026/06/17,川崎,5,Ｃ２三 四,1400,ダ,左,稍重,晴,12,2,2,ボールドポリシー,牝,4,54.0,479,-1,望月洵,内田勝,29.6,2,1:31.6,38.8,1-1-1-1,7,479,-1
2026/06/17,川崎,5,Ｃ２三 四,1400,ダ,左,稍重,晴,12,7,9,トゥアオウフ,牡,4,56.0,491,8,野畑凌,今野忠,5.5,3,1:32.3,39.2,8-8-3-3,2,491,8
2026/06/17,川崎,5,Ｃ２三 四,1400,ダ,左,稍重,晴,12,3,3,ビービーラドン,牝,6,54.0,440,-4,本田重,新井清,1.7,4,1:32.5,39.3,5-5-5-4,1,440,-4
2026/06/17,川崎,5,Ｃ２三 四,1400,ダ,左,稍重,晴,12,8,12,ビップジェシー,牝,4,52.0,445,1,加藤雄,田島寿,75.1,5,1:32.7,39.2,6-7-8-7,9,445,1
2026/06/17,川崎,5,Ｃ２三 四,1400,ダ,左,稍重,晴,12,1,1,ベラヴィットーリア,牝,4,54.0,529,8,櫻井光,佐藤博,13.9,6,1:33.2,40.1,3-3-4-4,6,529,8
2026/06/17,川崎,5,Ｃ２三 四,1400,ダ,左,稍重,晴,12,6,8,イノ,牝,6,54.0,374,1,増田充,佐々仁,13.8,7,1:33.2,39.7,8-9-8-9,5,374,1
2026/06/17,川崎,5,Ｃ２三 四,1400,ダ,左,稍重,晴,12,4,4,シヴァシン,牡,6,56.0,431,-4,秋元耕,入口由,113.1,8,1:33.2,39.7,10-10-7-9,12,431,-4
2026/06/17,川崎,5,Ｃ２三 四,1400,ダ,左,稍重,晴,12,7,10,コットンフラワー,牝,4,54.0,428,6,佐野遥,鈴木義,7.8,9,1:33.3,40.1,3-4-5-7,4,428,6
2026/06/17,川崎,5,Ｃ２三 四,1400,ダ,左,稍重,晴,12,5,5,アディモレナ,牡,4,56.0,518,-2,山林信,佐々仁,79.3,10,1:33.3,39.9,6-6-8-6,10,518,-2
2026/06/17,川崎,5,Ｃ２三 四,1400,ダ,左,稍重,晴,12,6,7,マイカグラ,牝,6,54.0,418,0,田中涼,武井和,54.3,11,1:33.4,38.7,11-11-12-11,8,418,0
2026/06/17,川崎,5,Ｃ２三 四,1400,ダ,左,稍重,晴,12,8,11,シュヴァイゲン,牡,5,56.0,509,2,藤江渉,久保秀,108.5,12,1:35.3,41.2,12-11-11-12,11,509,2
2026/06/17,川崎,6,青葉木菟特別３歳１,1500,ダ,左,稍重,晴,8,2,2,カナールゲイル,牡,3,57.0,476,2,野畑凌,佐々仁,1.4,1,1:36.8,39.7,5-4-4-3,1,476,2
2026/06/17,川崎,6,青葉木菟特別３歳１,1500,ダ,左,稍重,晴,8,4,4,トリル,牡,3,56.0,436,1,池谷匠,山崎尋,8.5,2,1:38.1,41.3,1-1-1-1,3,436,1
2026/06/17,川崎,6,青葉木菟特別３歳１,1500,ダ,左,稍重,晴,8,5,5,ササキントモゴロウ,牡,3,56.0,447,-1,新原周,安池成,17.3,3,1:38.2,41.3,2-1-1-2,6,447,-1
2026/06/17,川崎,6,青葉木菟特別３歳１,1500,ダ,左,稍重,晴,8,1,1,アマビリティ,牝,3,54.0,454,2,伊藤裕,河津裕,87.5,4,1:38.4,40.9,7-7-7-6,8,454,2
2026/06/17,川崎,6,青葉木菟特別３歳１,1500,ダ,左,稍重,晴,8,3,3,ブルムーンストーン,牡,3,57.0,463,-3,古岡勇,甲田悟,16.7,5,1:38.8,41.0,8-8-7-6,5,463,-3
2026/06/17,川崎,6,青葉木菟特別３歳１,1500,ダ,左,稍重,晴,8,6,6,フォーマイディア,牝,3,54.0,434,-4,佐野遥,河津裕,74.8,6,1:38.8,41.7,5-4-4-4,7,434,-4
2026/06/17,川崎,6,青葉木菟特別３歳１,1500,ダ,左,稍重,晴,8,8,8,カズヤ,牡,3,56.0,459,16,矢野貴,高月賢,5.0,7,1:39.0,41.7,3-6-4-5,2,459,16
2026/06/17,川崎,6,青葉木菟特別３歳１,1500,ダ,左,稍重,晴,8,7,7,イルフロッタント,牝,3,55.0,448,-2,櫻井光,佐藤博,9.9,8,1:39.7,42.6,3-3-3-8,4,448,-2
2026/06/17,川崎,7,ティール賞Ｃ２選定馬,2000,ダ,左,稍重,晴,10,7,7,コパノモンタナ,セ,0,56.0,462,0,和田譲,古澤悟,4.5,1,2:15.1,40.1,6-6-7-6,3,462,0
2026/06/17,川崎,7,ティール賞Ｃ２選定馬,2000,ダ,左,稍重,晴,10,2,2,ミストラ,セ,0,56.0,549,-5,池谷匠,村田六,25.6,2,2:15.3,40.6,7-6-1-2,6,549,-5
2026/06/17,川崎,7,ティール賞Ｃ２選定馬,2000,ダ,左,稍重,晴,10,5,5,ジーティーラピッド,牡,4,56.0,466,4,笹川翼,高月賢,2.6,3,2:15.8,41.4,1-1-1-1,1,466,4
2026/06/17,川崎,7,ティール賞Ｃ２選定馬,2000,ダ,左,稍重,晴,10,1,1,フライングロッド,牡,5,56.0,466,3,西啓太,高橋宏,10.7,4,2:15.9,41.2,4-4-5-4,5,466,3
2026/06/17,川崎,7,ティール賞Ｃ２選定馬,2000,ダ,左,稍重,晴,10,6,6,ナリノボガート,牡,4,56.0,473,3,野畑凌,内田勝,3.1,5,2:16.0,41.5,2-2-1-3,2,473,3
2026/06/17,川崎,7,ティール賞Ｃ２選定馬,2000,ダ,左,稍重,晴,10,7,8,キクノルタ,牝,6,54.0,434,-6,七夕裕,八木喜,76.2,6,2:16.2,41.4,4-4-5-4,9,434,-6
2026/06/17,川崎,7,ティール賞Ｃ２選定馬,2000,ダ,左,稍重,晴,10,3,3,ネオシャングリラ,牡,4,56.0,479,1,田中涼,今井輝,35.1,7,2:16.2,40.3,10-10-9-8,7,479,1
2026/06/17,川崎,7,ティール賞Ｃ２選定馬,2000,ダ,左,稍重,晴,10,4,4,ニシノシャイニング,牡,6,56.0,464,12,小杉亮,佐々清,60.5,8,2:16.7,41.5,7-8-7-8,8,464,12
2026/06/17,川崎,7,ティール賞Ｃ２選定馬,2000,ダ,左,稍重,晴,10,8,10,アイビージーニー,牡,4,56.0,505,-7,藤本現,山崎裕,6.6,9,2:17.2,42.5,2-2-4-6,4,505,-7
2026/06/17,川崎,7,ティール賞Ｃ２選定馬,2000,ダ,左,稍重,晴,10,8,9,フォガラ,牝,9,52.0,481,-2,中島良,小澤宏,238.0,10,2:18.2,42.6,9-9-10-10,10,481,-2
2026/06/17,川崎,8,八幡平ウマッシュルーム杯Ｃ１三,1400,ダ,左,稍重,晴,8,6,6,アオイハナミチ,牝,4,54.0,430,4,吉原寛,林隆之,5.9,1,1:31.1,40.1,1-2-1-2,3,430,4
2026/06/17,川崎,8,八幡平ウマッシュルーム杯Ｃ１三,1400,ダ,左,稍重,晴,8,2,2,ゼンダントモニ,牡,4,56.0,473,3,秋元耕,佐々仁,1.8,2,1:31.5,40.7,1-1-1-1,1,473,3
2026/06/17,川崎,8,八幡平ウマッシュルーム杯Ｃ１三,1400,ダ,左,稍重,晴,8,8,8,フィードウィン,セ,0,54.0,455,3,加藤雄,山崎尋,81.0,3,1:31.7,39.7,5-5-5-5,7,455,3
2026/06/17,川崎,8,八幡平ウマッシュルーム杯Ｃ１三,1400,ダ,左,稍重,晴,8,7,7,アムリタ,牝,4,54.0,457,0,御神訓,平田正,3.6,4,1:31.8,40.2,4-4-4-4,2,457,0
2026/06/17,川崎,8,八幡平ウマッシュルーム杯Ｃ１三,1400,ダ,左,稍重,晴,8,5,5,ミライヘノテンシ,牝,4,54.0,464,1,増田充,佐々仁,11.2,5,1:31.9,38.9,8-8-7-6,5,464,1
2026/06/17,川崎,8,八幡平ウマッシュルーム杯Ｃ１三,1400,ダ,左,稍重,晴,8,3,3,チカチャン,牝,5,54.0,419,-9,新原周,山崎誠,8.2,6,1:31.9,40.5,3-3-3-3,4,419,-9
2026/06/17,川崎,8,八幡平ウマッシュルーム杯Ｃ１三,1400,ダ,左,稍重,晴,8,4,4,アリハッピー,牝,5,54.0,453,2,佐野遥,安池成,19.5,7,1:31.9,38.7,7-7-8-7,6,453,2
2026/06/17,川崎,8,八幡平ウマッシュルーム杯Ｃ１三,1400,ダ,左,稍重,晴,8,1,1,コックリサン,牝,4,54.0,417,6,藤江渉,武井和,162.0,8,1:33.6,41.0,6-6-6-8,8,417,6
2026/06/17,川崎,9,一騎当千賞Ｂ１Ｂ２選定馬,900,ダ,左,稍重,晴,12,3,3,スモークフレイバー,牡,5,57.0,492,7,野畑凌,繁田健,1.0,1,0:53.9,37.2,1-1-1,1,492,7
2026/06/17,川崎,9,一騎当千賞Ｂ１Ｂ２選定馬,900,ダ,左,稍重,晴,12,4,4,クアトロフォンテ,牡,7,57.0,484,2,本橋孝,長友豊,139.4,2,0:54.5,37.1,3-4-3,7,484,2
2026/06/17,川崎,9,一騎当千賞Ｂ１Ｂ２選定馬,900,ダ,左,稍重,晴,12,6,8,ツツウラウラ,牡,4,55.0,472,-3,西啓太,野口寛,37.1,3,0:54.5,36.5,6-7-7,5,472,-3
2026/06/17,川崎,9,一騎当千賞Ｂ１Ｂ２選定馬,900,ダ,左,稍重,晴,12,8,11,マカゼ,牝,6,55.0,479,0,佐野遥,高月賢,76.8,4,0:54.5,37.2,3-3-4,6,479,0
2026/06/17,川崎,9,一騎当千賞Ｂ１Ｂ２選定馬,900,ダ,左,稍重,晴,12,5,6,ピンクタオルチャン,牝,4,55.0,449,3,笹川翼,山田質,6.1,5,0:54.7,37.1,6-6-5,2,449,3
2026/06/17,川崎,9,一騎当千賞Ｂ１Ｂ２選定馬,900,ダ,左,稍重,晴,12,8,12,クリスタライズ,牡,5,57.0,501,2,矢野貴,高月賢,16.3,6,0:54.9,36.9,8-7-7,3,501,2
2026/06/17,川崎,9,一騎当千賞Ｂ１Ｂ２選定馬,900,ダ,左,稍重,晴,12,5,5,エメラルアポロン,牡,7,55.0,504,6,西村栄,石井勝,353.4,7,0:55.3,37.3,8-9-9,10,504,6
2026/06/17,川崎,9,一騎当千賞Ｂ１Ｂ２選定馬,900,ダ,左,稍重,晴,12,2,2,ハーンドルフ,牝,6,55.0,491,29,吉原寛,内田勝,22.8,8,0:55.4,38.3,1-2-2,4,491,29
2026/06/17,川崎,9,一騎当千賞Ｂ１Ｂ２選定馬,900,ダ,左,稍重,晴,12,6,7,クオレス,牝,5,55.0,497,-1,池谷匠,久保秀,438.4,9,0:55.6,37.4,10-9-10,11,497,-1
2026/06/17,川崎,9,一騎当千賞Ｂ１Ｂ２選定馬,900,ダ,左,稍重,晴,12,7,9,アイアンサイズ,牡,7,57.0,474,2,本田重,佐宗応,139.4,10,0:55.8,38.2,3-4-5,7,474,2
2026/06/17,川崎,9,一騎当千賞Ｂ１Ｂ２選定馬,900,ダ,左,稍重,晴,12,7,10,マイネルディレクト,牡,5,55.0,506,-14,岡村裕,河津裕,183.2,11,0:55.9,37.3,10-11-11,9,506,-14
2026/06/17,川崎,9,一騎当千賞Ｂ１Ｂ２選定馬,900,ダ,左,稍重,晴,12,1,1,トニープリンス,牡,6,55.0,489,2,御神訓,田邊陽,,,,,,,489,2
2026/06/17,川崎,10,梅雨明かり特別Ｂ２二,1600,ダ,左,稍重,晴,8,1,1,ビップソリオ,セ,0,56.0,530,3,笹川翼,秋山直,1.9,1,1:43.4,39.1,4-4-4-2,1,530,3
2026/06/17,川崎,10,梅雨明かり特別Ｂ２二,1600,ダ,左,稍重,晴,8,6,6,ソイラテ,牡,4,56.0,473,-5,矢野貴,佐々仁,2.8,2,1:44.0,39.5,7-7-4-6,2,473,-5
2026/06/17,川崎,10,梅雨明かり特別Ｂ２二,1600,ダ,左,稍重,晴,8,8,8,チャチャハツゴウ,牝,4,54.0,470,-3,藤田凌,林隆之,10.8,3,1:44.4,40.1,3-3-3-4,4,470,-3
2026/06/17,川崎,10,梅雨明かり特別Ｂ２二,1600,ダ,左,稍重,晴,8,7,7,フォースゲイト,牡,5,56.0,453,-1,西啓太,山崎裕,50.8,4,1:44.5,40.4,2-2-1-1,7,453,-1
2026/06/17,川崎,10,梅雨明かり特別Ｂ２二,1600,ダ,左,稍重,晴,8,3,3,ラムテリオス,牝,5,54.0,475,4,佐野遥,鈴木義,51.7,5,1:44.6,40.1,8-7-8-5,8,475,4
2026/06/17,川崎,10,梅雨明かり特別Ｂ２二,1600,ダ,左,稍重,晴,8,2,2,トーセンヴィオラ,牡,5,56.0,509,1,野畑凌,小久智,5.5,6,1:46.3,42.3,1-1-1-2,3,509,1
2026/06/17,川崎,10,梅雨明かり特別Ｂ２二,1600,ダ,左,稍重,晴,8,4,4,ショウネンジダイ,牡,8,56.0,490,-4,本田重,新井清,15.2,7,1:46.3,41.8,4-5-6-7,5,490,-4
2026/06/17,川崎,10,梅雨明かり特別Ｂ２二,1600,ダ,左,稍重,晴,8,5,5,レオスパーク,牡,5,56.0,520,7,山中悠,渡邊貴,48.9,8,1:46.7,42.2,4-5-6-8,6,520,7
2026/06/17,川崎,11,関東オークス【指定交流】JpnII,2100,ダ,左,稍重,晴,14,3,4,ペンダント,牝,3,55.0,458,-2,岩田望,池江寿,3.6,1,2:18.0,38.3,4-4-4-2,2,458,-2
2026/06/17,川崎,11,関東オークス【指定交流】JpnII,2100,ダ,左,稍重,晴,14,8,13,ジュワネング,牝,3,55.0,478,-2,岩田康,栗田徹,5.9,2,2:18.3,39.1,1-1-1-1,4,478,-2
2026/06/17,川崎,11,関東オークス【指定交流】JpnII,2100,ダ,左,稍重,晴,14,1,1,ブレイズエッジ,牝,3,55.0,497,-8,御神訓,川島一,20.5,3,2:19.6,39.6,6-6-6-3,6,497,-8
2026/06/17,川崎,11,関東オークス【指定交流】JpnII,2100,ダ,左,稍重,晴,14,5,8,タマモフリージア,牝,3,55.0,485,12,田口貫,大橋勇,2.5,4,2:20.2,40.4,5-4-4-5,1,485,12
2026/06/17,川崎,11,関東オークス【指定交流】JpnII,2100,ダ,左,稍重,晴,14,2,2,ナーサリーテイル,牝,3,55.0,468,-8,矢野貴,川島一,38.0,5,2:20.8,40.2,9-8-8-9,8,468,-8
2026/06/17,川崎,11,関東オークス【指定交流】JpnII,2100,ダ,左,稍重,晴,14,4,5,カトレアノクターン,牝,3,55.0,407,-10,望月洵,沖田明,524.9,6,2:21.0,39.4,10-10-13-11,13,407,-10
2026/06/17,川崎,11,関東オークス【指定交流】JpnII,2100,ダ,左,稍重,晴,14,8,14,フルールドール,牝,3,55.0,494,6,坂井瑠,藤原英,11.7,7,2:21.1,41.6,3-2-2-5,5,494,6
2026/06/17,川崎,11,関東オークス【指定交流】JpnII,2100,ダ,左,稍重,晴,14,6,9,ティーズセラフ,牝,3,55.0,488,-7,笹川翼,水野貴,313.2,8,2:21.2,40.8,8-8-8-8,10,488,-7
2026/06/17,川崎,11,関東オークス【指定交流】JpnII,2100,ダ,左,稍重,晴,14,6,10,アンジュルナ,牝,3,55.0,491,3,野畑凌,小久智,4.8,9,2:21.3,41.8,2-2-2-3,3,491,3
2026/06/17,川崎,11,関東オークス【指定交流】JpnII,2100,ダ,左,稍重,晴,14,3,3,グッドディーズ,牝,3,55.0,462,2,本田重,石崎駿,282.0,10,2:21.4,39.8,12-12-11-10,9,462,2
2026/06/17,川崎,11,関東オークス【指定交流】JpnII,2100,ダ,左,稍重,晴,14,4,6,ミスティライズ,牝,3,55.0,476,6,新原周,佐々仁,388.8,11,2:21.4,41.0,7-7-7-7,12,476,6
2026/06/17,川崎,11,関東オークス【指定交流】JpnII,2100,ダ,左,稍重,晴,14,7,12,リノカ,牝,3,55.0,415,-6,安藤洋,米田英,561.3,12,2:21.7,40.1,10-11-11-11,14,415,-6
2026/06/17,川崎,11,関東オークス【指定交流】JpnII,2100,ダ,左,稍重,晴,14,5,7,アップタウン,牝,3,55.0,469,4,木間龍,矢野義,364.7,13,2:22.4,40.8,12-13-10-11,11,469,4
2026/06/17,川崎,11,関東オークス【指定交流】JpnII,2100,ダ,左,稍重,晴,14,7,11,サキドリトッケン,牝,3,55.0,436,-9,吉原寛,真島元,24.6,14,2:22.6,40.6,14-14-14-14,7,436,-9
2026/06/17,川崎,12,手鞠花特別Ｂ３一 二 三,1500,ダ,左,稍重,晴,14,4,6,ベアアスムイ,牝,3,52.0,418,0,増田充,鈴木義,50.0,1,1:36.2,39.7,4-4-5-3,10,418,0
2026/06/17,川崎,12,手鞠花特別Ｂ３一 二 三,1500,ダ,左,稍重,晴,14,6,10,ベストフィールド,セ,0,56.0,486,-2,山中悠,山下之,9.8,2,1:36.4,40.3,1-1-1-1,6,486,-2
2026/06/17,川崎,12,手鞠花特別Ｂ３一 二 三,1500,ダ,左,稍重,晴,14,1,1,ラーマ,牡,3,54.0,515,1,櫻井光,内田勝,6.7,3,1:36.5,39.2,13-13-14-13,5,515,1
2026/06/17,川崎,12,手鞠花特別Ｂ３一 二 三,1500,ダ,左,稍重,晴,14,7,12,ロックシュガー,牝,3,52.0,464,5,和田譲,鈴木義,6.6,4,1:36.5,40.0,3-3-3-1,4,464,5
2026/06/17,川崎,12,手鞠花特別Ｂ３一 二 三,1500,ダ,左,稍重,晴,14,3,3,パイロデキセキ,牡,5,56.0,479,-1,矢野貴,鈴木義,5.4,5,1:36.9,39.6,14-14-12-12,3,479,-1
2026/06/17,川崎,12,手鞠花特別Ｂ３一 二 三,1500,ダ,左,稍重,晴,14,3,4,ミヤギエンペラー,牡,4,56.0,463,0,藤本現,高月賢,4.1,6,1:37.0,40.3,8-6-7-5,1,463,0
2026/06/17,川崎,12,手鞠花特別Ｂ３一 二 三,1500,ダ,左,稍重,晴,14,5,8,カナールショウヘイ,牡,5,56.0,486,2,野畑凌,佐々仁,9.8,7,1:37.0,40.1,8-6-8-7,7,486,2
2026/06/17,川崎,12,手鞠花特別Ｂ３一 二 三,1500,ダ,左,稍重,晴,14,4,5,トンボ,牡,5,56.0,491,-2,佐野遥,高月賢,45.8,8,1:37.0,40.3,4-4-6-7,9,491,-2
2026/06/17,川崎,12,手鞠花特別Ｂ３一 二 三,1500,ダ,左,稍重,晴,14,2,2,サダージ,牝,5,54.0,467,1,本田重,山崎尋,18.1,9,1:37.6,40.5,11-9-11-10,8,467,1
2026/06/17,川崎,12,手鞠花特別Ｂ３一 二 三,1500,ダ,左,稍重,晴,14,8,13,サヨノビッグホープ,牡,4,56.0,492,4,西啓太,加藤誠,67.2,10,1:37.8,41.3,12-9-3-3,11,492,4
2026/06/17,川崎,12,手鞠花特別Ｂ３一 二 三,1500,ダ,左,稍重,晴,14,5,7,マシュー,牡,5,56.0,487,0,見越彬,小久智,5.3,11,1:38.1,41.0,10-9-9-7,2,487,0
2026/06/17,川崎,12,手鞠花特別Ｂ３一 二 三,1500,ダ,左,稍重,晴,14,8,14,ジュウニントイロ,牝,4,54.0,493,5,山林信,平田正,103.6,12,1:38.3,42.0,1-1-2-5,13,493,5
2026/06/17,川崎,12,手鞠花特別Ｂ３一 二 三,1500,ダ,左,稍重,晴,14,6,9,タケノロイヤル,牝,4,53.0,442,-1,中山遥,鈴木義,86.5,13,1:38.4,41.3,4-6-9-10,12,442,-1
2026/06/17,川崎,12,手鞠花特別Ｂ３一 二 三,1500,ダ,左,稍重,晴,14,7,11,コスモスミッチー,牝,6,54.0,475,0,新原周,田邊陽,314.9,14,1:39.4,42.1,4-9-12-14,14,475,0
2026/06/18,川崎,1,３歳７,1400,ダ,左,重,曇,12,8,11,アメリカンサンデー,牡,3,56.0,435,-8,中越琉,鈴木義,1.9,1,1:33.4,40.5,2-3-1-1,1,435,-8
2026/06/18,川崎,1,３歳７,1400,ダ,左,重,曇,12,5,5,セレステラ,牝,3,54.0,469,-2,池谷匠,内田勝,28.3,2,1:34.7,41.6,4-4-5-4,9,469,-2
2026/06/18,川崎,1,３歳７,1400,ダ,左,重,曇,12,4,4,ユウユウカツサンド,牝,3,54.0,416,3,佐野遥,武井和,66.1,3,1:34.8,41.0,11-9-10-9,11,416,3
2026/06/18,川崎,1,３歳７,1400,ダ,左,重,曇,12,5,6,ココア,牝,3,54.0,457,3,藤江渉,古澤悟,8.8,4,1:35.0,42.4,1-1-1-2,4,457,3
2026/06/18,川崎,1,３歳７,1400,ダ,左,重,曇,12,6,7,マッドチェイサー,牡,3,56.0,441,-1,川島正,山田質,12.0,5,1:35.1,42.4,2-2-1-3,5,441,-1
2026/06/18,川崎,1,３歳７,1400,ダ,左,重,曇,12,8,12,センプレヴェルデ,牝,3,54.0,442,17,野畑凌,佐藤博,7.7,6,1:35.3,42.2,6-8-4-5,3,442,17
2026/06/18,川崎,1,３歳７,1400,ダ,左,重,曇,12,6,8,オリコウビアリッツ,牡,3,56.0,454,28,櫻井光,安池成,5.9,7,1:35.5,41.7,10-9-8-8,2,454,28
2026/06/18,川崎,1,３歳７,1400,ダ,左,重,曇,12,3,3,ルミナスストーン,牝,3,51.0,432,-8,山本大,林　幻,23.6,8,1:35.6,42.5,4-4-6-6,8,432,-8
2026/06/18,川崎,1,３歳７,1400,ダ,左,重,曇,12,7,9,グリーンアンシェル,牝,3,53.0,413,-3,中山遥,伊藤滋,31.5,9,1:36.1,42.1,9-11-10-11,10,413,-3
2026/06/18,川崎,1,３歳７,1400,ダ,左,重,曇,12,2,2,イチゴプリン,牝,3,54.0,435,10,古岡勇,安池成,16.6,10,1:36.2,41.8,12-12-12-11,6,435,10
2026/06/18,川崎,1,３歳７,1400,ダ,左,重,曇,12,7,10,アファーマティヴ,牡,3,54.0,472,4,加藤雄,河津裕,20.9,11,1:36.3,42.8,7-6-7-7,7,472,4
2026/06/18,川崎,1,３歳７,1400,ダ,左,重,曇,12,1,1,アビエーション,牝,3,54.0,470,-3,秋元耕,吉田正,128.3,12,1:36.8,43.3,7-6-8-9,12,470,-3
2026/06/18,川崎,2,ヴィントシュトース賞３歳未格付選定馬,900,ダ,左,重,曇,10,1,1,ニャンモロー,牝,3,55.0,486,1,矢野貴,河津裕,2.8,1,0:54.6,37.6,1-1-1,2,486,1
2026/06/18,川崎,2,ヴィントシュトース賞３歳未格付選定馬,900,ダ,左,重,曇,10,7,8,ドナソレイ,牝,3,55.0,469,-6,藤田凌,八木喜,31.2,2,0:55.3,36.7,7-9-8,8,469,-6
2026/06/18,川崎,2,ヴィントシュトース賞３歳未格付選定馬,900,ダ,左,重,曇,10,2,2,クレイスアバンティ,牝,3,55.0,437,-5,西啓太,山田質,14.0,3,0:55.5,38.3,1-1-2,4,437,-5
2026/06/18,川崎,2,ヴィントシュトース賞３歳未格付選定馬,900,ダ,左,重,曇,10,8,9,ドンクベットコール,牝,3,55.0,488,9,佐野遥,山崎裕,16.9,4,0:55.5,37.5,4-5-5,5,488,9
2026/06/18,川崎,2,ヴィントシュトース賞３歳未格付選定馬,900,ダ,左,重,曇,10,6,6,フエルテコラソン,牝,3,55.0,454,-3,川島正,佐々仁,2.6,5,0:55.7,38.1,3-3-3,1,454,-3
2026/06/18,川崎,2,ヴィントシュトース賞３歳未格付選定馬,900,ダ,左,重,曇,10,5,5,ブリットポップ,牡,3,56.0,407,-5,新原周,山崎裕,19.0,6,0:55.9,37.5,6-5-5,6,407,-5
2026/06/18,川崎,2,ヴィントシュトース賞３歳未格付選定馬,900,ダ,左,重,曇,10,8,10,ヴァルヴァラ,牝,3,55.0,430,1,岡村健,平山真,22.0,7,0:56.2,37.7,9-5-7,7,430,1
2026/06/18,川崎,2,ヴィントシュトース賞３歳未格付選定馬,900,ダ,左,重,曇,10,3,3,パッツンドレス,牝,3,54.0,466,4,笹川翼,茂木浩,4.1,8,0:57.0,39.4,4-4-3,3,466,4
2026/06/18,川崎,2,ヴィントシュトース賞３歳未格付選定馬,900,ダ,左,重,曇,10,4,4,フラワーガールエス,牝,3,54.0,412,12,櫻井光,田邊陽,265.7,9,0:57.1,38.9,7-8-9,10,412,12
2026/06/18,川崎,2,ヴィントシュトース賞３歳未格付選定馬,900,ダ,左,重,曇,10,7,7,キイチマイルス,牡,3,56.0,460,-4,中越琉,武井和,151.8,10,1:01.4,40.6,10-10-10,9,460,-4
2026/06/18,川崎,3,スパーキングデビュー新馬２歳３ロ,1400,ダ,左,重,曇,6,5,5,サンバルカン,牡,2,54.0,0,0,笹川翼,山崎裕,1.7,1,1:34.5,40.4,1-1-1-1,1,0,0
2026/06/18,川崎,3,スパーキングデビュー新馬２歳３ロ,1400,ダ,左,重,曇,6,2,2,ナットワン,牡,2,54.0,0,0,古岡勇,内田勝,2.3,2,1:36.3,41.2,4-4-4-3,2,0,0
2026/06/18,川崎,3,スパーキングデビュー新馬２歳３ロ,1400,ダ,左,重,曇,6,4,4,モンゲーコール,牡,2,54.0,0,0,新原周,鈴木義,21.1,3,1:38.2,43.7,3-3-3-4,4,0,0
2026/06/18,川崎,3,スパーキングデビュー新馬２歳３ロ,1400,ダ,左,重,曇,6,6,6,ツェルマット,牝,2,54.0,0,0,池谷匠,甲田悟,40.9,4,1:38.3,41.0,6-6-6-6,6,0,0
2026/06/18,川崎,3,スパーキングデビュー新馬２歳３ロ,1400,ダ,左,重,曇,6,3,3,クリノシェーン,牡,2,54.0,0,0,野畑凌,山崎尋,7.3,5,1:38.4,44.4,1-1-1-2,3,0,0
2026/06/18,川崎,3,スパーキングデビュー新馬２歳３ロ,1400,ダ,左,重,曇,6,1,1,ミザリー,牝,2,54.0,0,0,櫻井光,平田正,22.4,6,1:40.0,44.5,5-5-5-5,5,0,0
2026/06/18,川崎,4,スパーキングデビュー新馬２歳２イ,1400,ダ,左,重,曇,5,2,2,シゲキング,牡,2,54.0,0,0,野畑凌,高月賢,1.5,1,1:31.7,38.6,1-1-1-1,1,0,0
2026/06/18,川崎,4,スパーキングデビュー新馬２歳２イ,1400,ダ,左,重,曇,5,4,4,ゴールドカレラ,牡,2,54.0,0,0,笹川翼,山崎誠,2.6,2,1:33.1,39.7,2-3-1-2,2,0,0
2026/06/18,川崎,4,スパーキングデビュー新馬２歳２イ,1400,ダ,左,重,曇,5,1,1,コーズブルー,牡,2,54.0,0,0,西啓太,内田勝,10.0,3,1:33.7,40.1,4-4-4-2,3,0,0
2026/06/18,川崎,4,スパーキングデビュー新馬２歳２イ,1400,ダ,左,重,曇,5,3,3,エニーネ,牝,2,54.0,0,0,古岡勇,山崎裕,14.0,4,1:34.8,41.5,2-2-1-4,5,0,0
2026/06/18,川崎,4,スパーキングデビュー新馬２歳２イ,1400,ダ,左,重,曇,5,5,5,ブロードヒーロー,牡,2,54.0,0,0,矢野貴,今井輝,12.4,5,1:36.3,41.1,5-5-5-5,4,0,0
2026/06/18,川崎,5,レモングラス賞Ｃ３選定馬,1500,ダ,左,重,曇,12,7,9,セクレトウェポン,セ,0,56.0,449,8,新原周,林隆之,2.6,1,1:38.5,41.1,9-9-1-1,2,449,8
2026/06/18,川崎,5,レモングラス賞Ｃ３選定馬,1500,ダ,左,重,曇,12,6,7,コンペティティブ,牡,4,56.0,465,-7,本橋孝,秋山直,13.4,2,1:38.9,39.7,12-12-12-10,4,465,-7
2026/06/18,川崎,5,レモングラス賞Ｃ３選定馬,1500,ダ,左,重,曇,12,5,5,ナリノドリーム,牝,4,54.0,475,5,櫻井光,内田勝,10.8,3,1:38.9,41.5,4-4-5-4,3,475,5
2026/06/18,川崎,5,レモングラス賞Ｃ３選定馬,1500,ダ,左,重,曇,12,8,11,エルキーオ,牡,5,56.0,507,0,野畑凌,佐藤博,2.1,4,1:39.2,41.8,6-6-3-3,1,507,0
2026/06/18,川崎,5,レモングラス賞Ｃ３選定馬,1500,ダ,左,重,曇,12,2,2,クルメミッチー,牡,6,56.0,506,-4,佐野遥,田邊陽,18.7,5,1:39.3,41.9,4-4-6-4,6,506,-4
2026/06/18,川崎,5,レモングラス賞Ｃ３選定馬,1500,ダ,左,重,曇,12,7,10,ケイティーユイ,牝,8,53.0,451,-1,中山遥,水野貴,24.9,6,1:39.6,42.7,1-1-1-1,7,451,-1
2026/06/18,川崎,5,レモングラス賞Ｃ３選定馬,1500,ダ,左,重,曇,12,4,4,クインズカヤノヒメ,牝,6,54.0,457,-3,藤江渉,八木喜,38.0,7,1:39.7,41.5,11-11-8-7,8,457,-3
2026/06/18,川崎,5,レモングラス賞Ｃ３選定馬,1500,ダ,左,重,曇,12,3,3,ラフォンターナ,牡,5,56.0,542,3,岡村裕,山田正,108.1,8,1:40.3,42.7,6-7-7-7,11,542,3
2026/06/18,川崎,5,レモングラス賞Ｃ３選定馬,1500,ダ,左,重,曇,12,8,12,ダンシングハピリー,牝,6,52.0,416,2,加藤雄,武井和,121.0,9,1:40.4,43.2,3-2-3-4,12,416,2
2026/06/18,川崎,5,レモングラス賞Ｃ３選定馬,1500,ダ,左,重,曇,12,1,1,ウィーナーズソング,牡,6,56.0,515,-10,古岡勇,古澤悟,15.1,10,1:40.6,42.8,6-7-10-7,5,515,-10
2026/06/18,川崎,5,レモングラス賞Ｃ３選定馬,1500,ダ,左,重,曇,12,5,6,ラピッドフロウ,牝,8,54.0,424,0,増田充,今井輝,94.5,11,1:41.4,44.2,1-2-8-11,10,424,0
2026/06/18,川崎,5,レモングラス賞Ｃ３選定馬,1500,ダ,左,重,曇,12,6,8,ニューディヴァイド,セ,0,56.0,488,-8,池谷匠,高橋宏,44.5,12,1:41.6,43.6,9-9-10-11,9,488,-8
2026/06/18,川崎,6,Ｃ２五,1400,ダ,左,重,曇,12,7,9,パーティーキング,牡,6,56.0,478,-3,古岡勇,田邊陽,2.8,1,1:31.6,39.6,3-5-4-4,2,478,-3
2026/06/18,川崎,6,Ｃ２五,1400,ダ,左,重,曇,12,8,12,リンテンリュウ,牝,4,54.0,496,-7,櫻井光,高橋宏,25.9,2,1:32.1,39.6,8-9-9-6,6,496,-7
2026/06/18,川崎,6,Ｃ２五,1400,ダ,左,重,曇,12,2,2,キタノチャンス,牝,4,54.0,476,2,新原周,酒井忍,1.8,3,1:32.5,40.7,5-4-4-3,1,476,2
2026/06/18,川崎,6,Ｃ２五,1400,ダ,左,重,曇,12,6,7,ニットウアクシア,牝,4,54.0,475,-3,伊藤裕,茂木浩,14.3,4,1:32.6,41.1,2-1-1-1,5,475,-3
2026/06/18,川崎,6,Ｃ２五,1400,ダ,左,重,曇,12,5,5,ヘヴンリーゴール,牡,4,56.0,476,2,野畑凌,吉橋淳,12.8,5,1:32.6,40.5,8-7-7-4,4,476,2
2026/06/18,川崎,6,Ｃ２五,1400,ダ,左,重,曇,12,4,4,スマイルナゴミ,牝,4,51.0,460,5,菅原吏,凾館一,224.5,6,1:34.1,40.2,12-12-12-12,11,460,5
2026/06/18,川崎,6,Ｃ２五,1400,ダ,左,重,曇,12,3,3,スタンドアップ,セ,0,56.0,450,-5,仲野光,山下之,26.3,7,1:34.1,42.3,3-3-3-6,7,450,-5
2026/06/18,川崎,6,Ｃ２五,1400,ダ,左,重,曇,12,5,6,ボヌールネージュ,牝,4,54.0,475,4,池谷匠,内田勝,80.6,8,1:34.1,42.1,6-5-6-8,10,475,4
2026/06/18,川崎,6,Ｃ２五,1400,ダ,左,重,曇,12,8,11,ドラマツルギー,牝,4,54.0,421,0,佐野遥,山崎裕,10.9,9,1:34.3,42.8,1-1-1-1,3,421,0
2026/06/18,川崎,6,Ｃ２五,1400,ダ,左,重,曇,12,1,1,ルイーサ,牝,6,54.0,487,4,岡村裕,久保勇,69.1,10,1:34.3,41.5,10-10-11-10,9,487,4
2026/06/18,川崎,6,Ｃ２五,1400,ダ,左,重,曇,12,7,10,マロンフエルテ,牝,7,51.0,458,4,山本大,久保勇,260.5,11,1:35.2,42.3,11-11-9-11,12,458,4
2026/06/18,川崎,6,Ｃ２五,1400,ダ,左,重,曇,12,6,8,ロンディネ,牝,4,54.0,437,2,本橋孝,林隆之,48.5,12,1:36.4,44.1,6-8-7-9,8,437,2
2026/06/18,川崎,7,風神賞Ｃ２選定馬,900,ダ,左,重,曇,10,1,1,エースクイーン,牝,6,54.0,437,5,鷹見陸,佐々仁,1.6,1,0:55.1,37.2,3-5-2,1,437,5
2026/06/18,川崎,7,風神賞Ｃ２選定馬,900,ダ,左,重,曇,10,2,2,ナキムシヒカル,牝,6,53.0,518,1,中山遥,田邊陽,2.5,2,0:55.5,37.7,1-1-1,2,518,1
2026/06/18,川崎,7,風神賞Ｃ２選定馬,900,ダ,左,重,曇,10,6,6,アンジュグレース,牝,4,52.0,445,-6,加藤雄,山崎裕,37.5,3,0:55.7,37.8,3-1-2,6,445,-6
2026/06/18,川崎,7,風神賞Ｃ２選定馬,900,ダ,左,重,曇,10,7,8,マオノボルケーノ,牝,5,54.0,472,3,佐野遥,平田正,20.7,4,0:55.7,37.6,6-5-4,4,472,3
2026/06/18,川崎,7,風神賞Ｃ２選定馬,900,ダ,左,重,曇,10,4,4,サンスノーホワイト,牝,4,54.0,452,-5,笹川翼,石崎駿,8.8,5,0:56.4,38.5,2-1-5,3,452,-5
2026/06/18,川崎,7,風神賞Ｃ２選定馬,900,ダ,左,重,曇,10,3,3,ママアリガトー,牝,4,54.0,429,-10,藤江渉,古澤悟,38.5,6,0:56.4,38.0,8-8-5,7,429,-10
2026/06/18,川崎,7,風神賞Ｃ２選定馬,900,ダ,左,重,曇,10,5,5,ヒメカグラ,牝,6,54.0,482,3,田中涼,久保秀,142.5,7,0:56.5,37.8,8-9-7,9,482,3
2026/06/18,川崎,7,風神賞Ｃ２選定馬,900,ダ,左,重,曇,10,8,9,サザンブレーブ,牡,4,56.0,478,7,仲野光,渋谷博,35.3,8,0:56.9,38.5,6-7-7,5,478,7
2026/06/18,川崎,7,風神賞Ｃ２選定馬,900,ダ,左,重,曇,10,7,7,フロレシミエント,牝,4,54.0,440,16,古岡勇,村田順,61.5,9,0:57.4,39.3,5-4-7,8,440,16
2026/06/18,川崎,7,風神賞Ｃ２選定馬,900,ダ,左,重,曇,10,8,10,カンナギ,牝,4,54.0,419,7,山林信,平田正,287.1,10,0:58.4,39.3,8-10-10,10,419,7
2026/06/18,川崎,8,スクルド賞Ｃ１選定馬,2000,ダ,左,重,曇,10,6,6,ビービーシャーンス,牡,6,53.0,477,-5,菅原吏,玉井昇,16.0,1,2:15.5,40.3,6-5-4-1,4,477,-5
2026/06/18,川崎,8,スクルド賞Ｃ１選定馬,2000,ダ,左,重,曇,10,5,5,リュウバター,牡,7,56.0,495,-7,山林信,河津裕,57.7,2,2:15.6,40.0,7-8-5-4,6,495,-7
2026/06/18,川崎,8,スクルド賞Ｃ１選定馬,2000,ダ,左,重,曇,10,4,4,ムチャスエルテ,牡,4,56.0,475,4,岡村健,齊藤敏,3.0,3,2:16.3,41.8,2-2-1-1,2,475,4
2026/06/18,川崎,8,スクルド賞Ｃ１選定馬,2000,ダ,左,重,曇,10,1,1,カガヤキファイター,牡,7,56.0,527,2,藤江渉,久保秀,7.1,4,2:16.4,42.0,1-1-1-1,3,527,2
2026/06/18,川崎,8,スクルド賞Ｃ１選定馬,2000,ダ,左,重,曇,10,8,10,ハクシュ,牡,5,56.0,522,3,御神訓,林隆之,1.5,5,2:16.6,41.8,2-3-3-4,1,522,3
2026/06/18,川崎,8,スクルド賞Ｃ１選定馬,2000,ダ,左,重,曇,10,2,2,ボルドーダゲール,牡,4,56.0,482,4,増田充,村田順,43.8,6,2:17.0,41.5,7-7-8-9,5,482,4
2026/06/18,川崎,8,スクルド賞Ｃ１選定馬,2000,ダ,左,重,曇,10,7,8,スナオナキモチ,牝,6,54.0,421,4,佐野遥,山田質,60.8,7,2:17.2,41.3,9-9-8-6,7,421,4
2026/06/18,川崎,8,スクルド賞Ｃ１選定馬,2000,ダ,左,重,曇,10,3,3,ソルテア,牡,6,56.0,478,8,室陽一,水野貴,184.8,8,2:17.9,41.8,10-10-10-9,9,478,8
2026/06/18,川崎,8,スクルド賞Ｃ１選定馬,2000,ダ,左,重,曇,10,8,9,モトサン,牡,6,56.0,552,9,田中涼,鈴木義,78.8,9,2:18.6,43.2,4-5-6-8,8,552,9
2026/06/18,川崎,8,スクルド賞Ｃ１選定馬,2000,ダ,左,重,曇,10,7,7,ヴィントシュティレ,牝,5,54.0,480,2,櫻井光,古澤悟,240.3,10,2:18.6,43.4,4-3-6-6,10,480,2
2026/06/18,川崎,9,スフィーダ賞Ｃ１選定馬,1500,ダ,左,重,曇,11,2,2,メイショウマヒロ,牝,4,54.0,423,-3,笹川翼,秋山直,1.4,1,1:36.6,39.3,7-7-8-7,1,423,-3
2026/06/18,川崎,9,スフィーダ賞Ｃ１選定馬,1500,ダ,左,重,曇,11,8,11,ノーブルクリード,牡,4,56.0,524,4,櫻井光,田邊陽,37.6,2,1:37.2,40.5,2-1-1-1,8,524,4
2026/06/18,川崎,9,スフィーダ賞Ｃ１選定馬,1500,ダ,左,重,曇,11,8,10,アカネセイコー,牝,4,54.0,467,-1,福原杏,水野貴,16.1,3,1:38.2,40.9,8-8-5-6,5,467,-1
2026/06/18,川崎,9,スフィーダ賞Ｃ１選定馬,1500,ダ,左,重,曇,11,7,8,アイノシャンティー,牝,5,54.0,495,-6,矢野貴,佐々仁,8.3,4,1:38.3,41.4,3-3-4-3,3,495,-6
2026/06/18,川崎,9,スフィーダ賞Ｃ１選定馬,1500,ダ,左,重,曇,11,5,5,ブランディストック,セ,0,56.0,491,1,和田譲,山崎尋,25.9,5,1:38.4,41.1,8-8-6-4,7,491,1
2026/06/18,川崎,9,スフィーダ賞Ｃ１選定馬,1500,ダ,左,重,曇,11,6,6,ペータース,牝,5,54.0,445,-3,西啓太,加藤誠,45.8,6,1:38.6,41.8,6-5-1-5,10,445,-3
2026/06/18,川崎,9,スフィーダ賞Ｃ１選定馬,1500,ダ,左,重,曇,11,6,7,ディセプティコン,牡,4,56.0,495,2,新原周,内田勝,15.6,7,1:38.7,42.0,1-1-1-1,4,495,2
2026/06/18,川崎,9,スフィーダ賞Ｃ１選定馬,1500,ダ,左,重,曇,11,7,9,ユイノオールイン,牡,4,56.0,499,6,赤津和,武井和,179.7,8,1:39.1,41.5,11-11-10-9,11,499,6
2026/06/18,川崎,9,スフィーダ賞Ｃ１選定馬,1500,ダ,左,重,曇,11,4,4,ヴァラムノス,牝,5,53.0,429,-1,中山遥,水野貴,39.3,9,1:39.4,42.1,5-5-8-9,9,429,-1
2026/06/18,川崎,9,スフィーダ賞Ｃ１選定馬,1500,ダ,左,重,曇,11,1,1,クレーネ,牝,5,54.0,470,2,藤江渉,山田質,24.5,10,1:39.7,42.1,8-10-10-11,6,470,2
2026/06/18,川崎,9,スフィーダ賞Ｃ１選定馬,1500,ダ,左,重,曇,11,3,3,マッセダムール,牝,4,54.0,456,10,御神訓,林隆之,7.4,11,1:39.8,42.7,3-3-7-8,2,456,10
2026/06/18,川崎,10,電光石火賞Ｂ３選定馬,900,ダ,左,重,曇,11,6,7,サラサエンペラー,牡,4,56.0,496,1,池谷匠,内田勝,60.3,1,0:55.4,37.3,7-7-7,9,496,1
2026/06/18,川崎,10,電光石火賞Ｂ３選定馬,900,ダ,左,重,曇,11,4,4,アイビーヒメチャン,牝,4,54.0,470,-1,御神訓,今野忠,10.9,2,0:55.5,37.6,7-6-3,3,470,-1
2026/06/18,川崎,10,電光石火賞Ｂ３選定馬,900,ダ,左,重,曇,11,2,2,アイアンピッチ,牝,4,54.0,467,6,櫻井光,佐藤博,16.3,3,0:56.0,38.3,1-1-1,4,467,6
2026/06/18,川崎,10,電光石火賞Ｂ３選定馬,900,ダ,左,重,曇,11,8,10,テイクノート,牡,5,56.0,491,4,菅原涼,佐々仁,71.0,4,0:56.0,37.4,10-11-11,10,491,4
2026/06/18,川崎,10,電光石火賞Ｂ３選定馬,900,ダ,左,重,曇,11,6,6,エターナルセイバー,牝,5,54.0,477,14,伊藤裕,久保秀,55.0,5,0:56.1,38.0,7-10-8,8,477,14
2026/06/18,川崎,10,電光石火賞Ｂ３選定馬,900,ダ,左,重,曇,11,5,5,ムーランアルザン,牝,7,54.0,513,3,佐野遥,山崎裕,26.6,6,0:56.2,38.3,4-7-6,7,513,3
2026/06/18,川崎,10,電光石火賞Ｂ３選定馬,900,ダ,左,重,曇,11,8,11,バルジェロ,牡,3,54.0,451,0,野畑凌,山崎裕,5.5,7,0:56.3,38.4,5-1-4,2,451,0
2026/06/18,川崎,10,電光石火賞Ｂ３選定馬,900,ダ,左,重,曇,11,1,1,マナコア,牝,4,54.0,477,-5,笹川翼,平田正,1.4,8,0:56.6,39.0,1-1-1,1,477,-5
2026/06/18,川崎,10,電光石火賞Ｂ３選定馬,900,ダ,左,重,曇,11,3,3,ハローマイラブリー,牝,6,54.0,555,7,古岡勇,八木喜,16.3,9,0:56.7,39.0,1-1-4,5,555,7
2026/06/18,川崎,10,電光石火賞Ｂ３選定馬,900,ダ,左,重,曇,11,7,9,デーレーシトロン,牡,3,54.0,428,5,新原周,鈴木義,80.8,10,0:57.1,39.2,5-5-10,11,428,5
2026/06/18,川崎,10,電光石火賞Ｂ３選定馬,900,ダ,左,重,曇,11,7,8,ビターメロン,牝,3,52.0,436,3,和田譲,甲田悟,16.8,11,0:57.2,38.9,10-7-9,6,436,3
2026/06/18,川崎,11,中原オープン３歳上,2000,ダ,左,重,曇,10,8,9,マウンテンローレル,牡,4,56.0,479,2,笹川翼,福田真,9.8,1,2:11.8,38.5,2-2-1-1,4,479,2
2026/06/18,川崎,11,中原オープン３歳上,2000,ダ,左,重,曇,10,3,3,グリューヴルム,牡,7,57.0,510,10,矢野貴,内田勝,2.7,2,2:11.8,38.4,3-3-1-3,2,510,10
2026/06/18,川崎,11,中原オープン３歳上,2000,ダ,左,重,曇,10,7,7,ヒーローコール,牡,6,57.0,510,8,安藤洋,小久智,2.5,3,2:11.9,38.6,1-1-4-1,1,510,8
2026/06/18,川崎,11,中原オープン３歳上,2000,ダ,左,重,曇,10,4,4,ツウカイノキズナ,セ,0,56.0,486,2,本田重,岩崎真,4.1,4,2:12.1,38.5,5-5-5-3,3,486,2
2026/06/18,川崎,11,中原オープン３歳上,2000,ダ,左,重,曇,10,2,2,ドナギニー,牝,4,54.0,478,-4,池谷匠,中道啓,29.9,5,2:13.0,39.4,4-4-6-5,6,478,-4
2026/06/18,川崎,11,中原オープン３歳上,2000,ダ,左,重,曇,10,6,6,セイカメテオポリス,牡,8,56.0,544,7,和田譲,渡邉和,62.8,6,2:13.0,38.7,8-10-7-8,8,544,7
2026/06/18,川崎,11,中原オープン３歳上,2000,ダ,左,重,曇,10,7,8,フォーチュンテラー,牡,7,56.0,486,1,野畑凌,平田正,16.0,7,2:13.4,39.2,8-8-8-6,5,486,1
2026/06/18,川崎,11,中原オープン３歳上,2000,ダ,左,重,曇,10,1,1,サヨノフィールド,牡,7,53.0,517,3,鷹見陸,加藤誠,117.4,8,2:13.8,39.6,5-6-9-8,9,517,3
2026/06/18,川崎,11,中原オープン３歳上,2000,ダ,左,重,曇,10,8,10,アイブランコ,牡,9,56.0,518,-9,西啓太,鹿沼和,327.2,9,2:13.8,39.5,5-6-9-10,10,518,-9
2026/06/18,川崎,11,中原オープン３歳上,2000,ダ,左,重,曇,10,5,5,エクセスリターン,セ,0,56.0,542,0,本橋孝,坂井英,31.8,10,2:14.0,40.6,10-8-1-6,7,542,0
2026/06/18,川崎,12,末摘花特別Ｂ３一 二 三,1400,ダ,左,重,曇,12,1,1,バックビート,牡,4,55.0,494,2,中山遥,山崎尋,3.3,1,1:30.5,39.9,2-2-2-2,1,494,2
2026/06/18,川崎,12,末摘花特別Ｂ３一 二 三,1400,ダ,左,重,曇,12,4,4,ナリノエンブレム,牝,4,54.0,476,-3,池谷匠,内田勝,3.6,2,1:30.7,40.3,1-1-1-1,2,476,-3
2026/06/18,川崎,12,末摘花特別Ｂ３一 二 三,1400,ダ,左,重,曇,12,2,2,トウマ,牡,6,56.0,459,-5,鷹見陸,久保秀,12.7,3,1:30.7,39.5,7-6-6-5,5,459,-5
2026/06/18,川崎,12,末摘花特別Ｂ３一 二 三,1400,ダ,左,重,曇,12,5,5,エルガー,牝,4,54.0,478,1,矢野貴,内田勝,14.9,4,1:31.2,40.2,5-5-4-2,6,478,1
2026/06/18,川崎,12,末摘花特別Ｂ３一 二 三,1400,ダ,左,重,曇,12,7,10,エムティワイザー,牡,4,56.0,433,2,古岡勇,山崎裕,3.7,5,1:31.6,40.8,2-3-3-4,3,433,2
2026/06/18,川崎,12,末摘花特別Ｂ３一 二 三,1400,ダ,左,重,曇,12,6,8,レイヴオン,牡,4,56.0,464,-7,西啓太,高橋宏,47.6,6,1:32.1,41.1,4-4-4-6,11,464,-7
2026/06/18,川崎,12,末摘花特別Ｂ３一 二 三,1400,ダ,左,重,曇,12,8,12,スイッチオン,牡,6,56.0,491,0,佐野遥,鈴木義,12.2,7,1:32.4,40.7,11-10-7-8,4,491,0
2026/06/18,川崎,12,末摘花特別Ｂ３一 二 三,1400,ダ,左,重,曇,12,3,3,モンド,牡,4,56.0,456,8,和田譲,甲田悟,17.0,8,1:32.7,41.1,7-8-9-7,7,456,8
2026/06/18,川崎,12,末摘花特別Ｂ３一 二 三,1400,ダ,左,重,曇,12,5,6,ツインビスケッツ,牝,6,51.0,473,-5,山本大,伊藤滋,120.4,9,1:32.8,40.5,12-12-11-9,12,473,-5
2026/06/18,川崎,12,末摘花特別Ｂ３一 二 三,1400,ダ,左,重,曇,12,6,7,ケイツーバルボア,セ,0,56.0,477,9,増田充,加藤誠,24.1,10,1:33.4,41.3,10-10-11-12,8,477,9
2026/06/18,川崎,12,末摘花特別Ｂ３一 二 三,1400,ダ,左,重,曇,12,7,9,ハーモニーレグルス,牡,8,56.0,531,-9,笹川翼,高月賢,40.7,11,1:33.4,41.7,7-9-9-9,10,531,-9
2026/06/18,川崎,12,末摘花特別Ｂ３一 二 三,1400,ダ,左,重,曇,12,8,11,アーサ,牡,4,56.0,497,7,野畑凌,高月賢,34.5,12,1:34.6,43.1,6-7-8-9,9,497,7
2026/06/19,川崎,1,３歳９,1400,ダ,左,重,晴,8,7,7,フルミネビアンコ,牡,3,56.0,492,25,櫻井光,田邊陽,10.6,1,1:31.8,41.1,1-1-1-1,4,492,25
2026/06/19,川崎,1,３歳９,1400,ダ,左,重,晴,8,5,5,シイズダイヤモンド,牝,3,54.0,427,2,和田譲,高月賢,37.1,2,1:35.0,43.3,7-7-6-4,6,427,2
2026/06/19,川崎,1,３歳９,1400,ダ,左,重,晴,8,2,2,ララヴィテス,牡,3,56.0,473,6,池谷匠,酒井忍,9.8,3,1:35.1,43.7,6-6-4-4,3,473,6
2026/06/19,川崎,1,３歳９,1400,ダ,左,重,晴,8,6,6,クロムブレイズ,牝,3,54.0,400,5,伊藤裕,酒井忍,53.4,4,1:37.3,45.2,8-8-8-7,7,400,5
2026/06/19,川崎,1,３歳９,1400,ダ,左,重,晴,8,8,8,ベリルキャッツアイ,牡,3,56.0,0,0,矢野貴,高月賢,1.5,5,1:37.5,46.4,5-4-3-2,1,0,0
2026/06/19,川崎,1,３歳９,1400,ダ,左,重,晴,8,1,1,ラップサイディング,牝,3,54.0,435,5,新原周,内田勝,3.2,6,1:38.7,48.0,1-1-1-2,2,435,5
2026/06/19,川崎,1,３歳９,1400,ダ,左,重,晴,8,4,4,ゴーゴールイス,セ,0,56.0,0,0,古岡勇,加藤誠,15.7,7,1:38.9,47.2,3-5-6-8,5,0,0
2026/06/19,川崎,1,３歳９,1400,ダ,左,重,晴,8,3,3,セッテベロ,牝,3,52.0,470,0,加藤雄,山崎裕,137.6,8,1:39.9,48.8,3-3-4-6,8,470,0
2026/06/19,川崎,2,３歳８,1400,ダ,左,重,晴,9,5,5,テセラグラディウス,牝,3,54.0,455,-26,佐野遥,高橋宏,1.6,1,1:32.6,41.5,1-1-1-1,1,455,-26
2026/06/19,川崎,2,３歳８,1400,ダ,左,重,晴,9,8,8,シゴデキ,牝,3,54.0,446,1,笹川翼,山崎誠,2.6,2,1:34.5,43.0,3-3-2-2,2,446,1
2026/06/19,川崎,2,３歳８,1400,ダ,左,重,晴,9,3,3,ユノアール,牝,3,53.0,390,0,中山遥,林隆之,150.2,3,1:34.7,41.6,5-5-5-5,7,390,0
2026/06/19,川崎,2,３歳８,1400,ダ,左,重,晴,9,6,6,パワーラクーン,牝,3,54.0,478,0,野畑凌,茂木浩,5.5,4,1:34.8,42.5,4-4-4-4,3,478,0
2026/06/19,川崎,2,３歳８,1400,ダ,左,重,晴,9,2,2,アンプリフィ,牝,3,54.0,0,0,古岡勇,田邊陽,26.4,5,1:35.2,41.7,6-6-6-6,4,0,0
2026/06/19,川崎,2,３歳８,1400,ダ,左,重,晴,9,7,7,タイトノット,牡,3,56.0,444,3,伊藤裕,武井和,173.8,6,1:35.3,41.4,7-7-7-7,9,444,3
2026/06/19,川崎,2,３歳８,1400,ダ,左,重,晴,9,8,9,ダイリュウラッキー,牡,3,56.0,457,0,池谷匠,村田順,33.9,7,1:36.6,45.2,1-2-3-3,5,457,0
2026/06/19,川崎,2,３歳８,1400,ダ,左,重,晴,9,4,4,エルブフォール,牡,3,54.0,434,3,加藤雄,甲田悟,159.2,8,1:37.5,43.4,8-8-8-8,8,434,3
2026/06/19,川崎,2,３歳８,1400,ダ,左,重,晴,9,1,1,マチダノチエコ,牝,3,54.0,444,-9,藤江渉,山田質,77.7,,,,9-9-9-9,6,444,-9
2026/06/19,川崎,3,スパーキングデビュー新馬２歳５ニ,900,ダ,左,重,曇,6,4,4,インディゴールド,牡,2,54.0,0,0,野畑凌,田邊陽,2.0,1,0:56.7,38.2,1-1-1,2,0,0
2026/06/19,川崎,3,スパーキングデビュー新馬２歳５ニ,900,ダ,左,重,曇,6,3,3,ラウロカンピオーネ,牡,2,54.0,0,0,増田充,佐々仁,2.0,2,0:58.4,38.7,4-4-5,1,0,0
2026/06/19,川崎,3,スパーキングデビュー新馬２歳５ニ,900,ダ,左,重,曇,6,2,2,ロビンマジョリティ,牝,2,54.0,0,0,池谷匠,田島寿,23.1,3,0:58.5,38.8,6-4-4,5,0,0
2026/06/19,川崎,3,スパーキングデビュー新馬２歳５ニ,900,ダ,左,重,曇,6,5,5,ユルディズ,牝,2,54.0,0,0,笹川翼,山田質,9.2,4,0:58.7,40.0,2-1-2,3,0,0
2026/06/19,川崎,3,スパーキングデビュー新馬２歳５ニ,900,ダ,左,重,曇,6,6,6,ミヤフィデース,牝,2,54.0,0,0,中越琉,鈴木義,81.0,5,0:58.7,39.6,3-3-3,6,0,0
2026/06/19,川崎,3,スパーキングデビュー新馬２歳５ニ,900,ダ,左,重,曇,6,1,1,ブランソックス,牝,2,54.0,0,0,新原周,林隆之,9.2,6,0:59.0,39.3,4-6-6,4,0,0
2026/06/19,川崎,4,スパーキングデビュー新馬２歳４ハ,900,ダ,左,重,曇,5,2,2,バースバイパー,牝,2,54.0,0,0,佐野遥,久保秀,2.1,1,0:57.0,38.7,1-1-2,2,0,0
2026/06/19,川崎,4,スパーキングデビュー新馬２歳４ハ,900,ダ,左,重,曇,5,5,5,ウィズサークレット,牝,2,54.0,0,0,野畑凌,山崎裕,1.9,2,0:57.0,39.0,2-1-1,1,0,0
2026/06/19,川崎,4,スパーキングデビュー新馬２歳４ハ,900,ダ,左,重,曇,5,4,4,ピュアサロンガ,牝,2,54.0,0,0,矢野貴,内田勝,6.1,3,0:58.1,39.7,2-3-5,3,0,0
2026/06/19,川崎,4,スパーキングデビュー新馬２歳４ハ,900,ダ,左,重,曇,5,1,1,アイビーペネロペ,牝,2,54.0,0,0,古岡勇,平田正,10.6,4,0:59.0,40.6,4-4-3,4,0,0
2026/06/19,川崎,4,スパーキングデビュー新馬２歳４ハ,900,ダ,左,重,曇,5,3,3,ダムブランシュ,牝,2,54.0,0,0,増田充,鈴木義,63.1,5,0:59.9,41.4,4-4-4,5,0,0
2026/06/19,川崎,5,ヴェルザンディ賞Ｃ２Ｃ３選定馬,2000,ダ,左,重,曇,10,8,10,アイビーブリッツ,牡,5,57.0,464,5,新原周,山崎誠,2.9,1,2:16.0,42.4,1-1-1-1,2,464,5
2026/06/19,川崎,5,ヴェルザンディ賞Ｃ２Ｃ３選定馬,2000,ダ,左,重,曇,10,8,9,ファイナルワンダー,牡,6,55.0,474,6,笹川翼,田島寿,7.3,2,2:17.6,42.8,3-3-2-2,3,474,6
2026/06/19,川崎,5,ヴェルザンディ賞Ｃ２Ｃ３選定馬,2000,ダ,左,重,曇,10,2,2,スマイルフェリス,牝,5,55.0,511,-6,佐野遥,高橋宏,2.1,3,2:18.2,43.0,9-9-5-4,1,511,-6
2026/06/19,川崎,5,ヴェルザンディ賞Ｃ２Ｃ３選定馬,2000,ダ,左,重,曇,10,7,8,モナークスラッガー,牡,6,55.0,425,2,加藤雄,田島寿,21.6,4,2:18.7,43.9,5-5-2-4,7,425,2
2026/06/19,川崎,5,ヴェルザンディ賞Ｃ２Ｃ３選定馬,2000,ダ,左,重,曇,10,1,1,マイアイガー,牡,7,55.0,528,-1,田中涼,加藤誠,62.9,5,2:18.9,43.7,10-10-6-6,8,528,-1
2026/06/19,川崎,5,ヴェルザンディ賞Ｃ２Ｃ３選定馬,2000,ダ,左,重,曇,10,3,3,タイセイルシエル,牡,4,57.0,436,9,櫻井光,内田勝,9.5,6,2:18.9,44.1,4-4-2-3,4,436,9
2026/06/19,川崎,5,ヴェルザンディ賞Ｃ２Ｃ３選定馬,2000,ダ,左,重,曇,10,4,4,ワンラヴ,牝,8,55.0,451,9,藤江渉,村田六,16.2,7,2:20.0,44.8,7-6-6-6,6,451,9
2026/06/19,川崎,5,ヴェルザンディ賞Ｃ２Ｃ３選定馬,2000,ダ,左,重,曇,10,5,5,アンジェラカフェ,牝,7,53.0,497,0,岡村裕,山田正,112.5,8,2:21.3,45.8,8-7-8-8,10,497,0
2026/06/19,川崎,5,ヴェルザンディ賞Ｃ２Ｃ３選定馬,2000,ダ,左,重,曇,10,6,6,ポケットシンデレラ,牝,7,53.0,436,-5,七夕裕,長谷忍,109.7,9,2:21.8,46.0,6-7-9-9,9,436,-5
2026/06/19,川崎,5,ヴェルザンディ賞Ｃ２Ｃ３選定馬,2000,ダ,左,重,曇,10,7,7,バイアルド,牡,7,55.0,550,10,野畑凌,茂木浩,14.5,,,,1-1-2-2,5,550,10
2026/06/19,川崎,6,雲神賞Ｃ２選定馬,900,ダ,左,重,曇,11,2,2,リュウノシンクウハ,牡,5,56.0,485,0,増田充,高月賢,4.9,1,0:54.8,37.2,4-4-2,2,485,0
2026/06/19,川崎,6,雲神賞Ｃ２選定馬,900,ダ,左,重,曇,11,6,6,クラウディルックス,牝,4,54.0,472,2,池谷匠,内田勝,13.9,2,0:55.0,37.7,1-1-1,5,472,2
2026/06/19,川崎,6,雲神賞Ｃ２選定馬,900,ダ,左,重,曇,11,4,4,メイショウユウモウ,セ,0,56.0,429,2,佐野遥,武井和,5.9,3,0:56.0,38.4,3-6-5,3,429,2
2026/06/19,川崎,6,雲神賞Ｃ２選定馬,900,ダ,左,重,曇,11,8,11,ゴーゴーダンサー,牝,5,52.0,419,9,加藤雄,安池成,17.4,4,0:56.1,38.6,2-2-3,6,419,9
2026/06/19,川崎,6,雲神賞Ｃ２選定馬,900,ダ,左,重,曇,11,7,9,オースター,牡,8,56.0,468,-10,西啓太,山崎裕,7.2,5,0:56.4,38.3,7-8-8,4,468,-10
2026/06/19,川崎,6,雲神賞Ｃ２選定馬,900,ダ,左,重,曇,11,7,8,ダッシングマン,牡,4,56.0,468,3,藤江渉,平田正,1.7,6,0:56.5,38.9,4-2-4,1,468,3
2026/06/19,川崎,6,雲神賞Ｃ２選定馬,900,ダ,左,重,曇,11,6,7,イクノガキタゾ,牡,4,56.0,483,-2,菅原涼,佐々仁,52.1,7,0:56.6,39.0,4-4-7,7,483,-2
2026/06/19,川崎,6,雲神賞Ｃ２選定馬,900,ダ,左,重,曇,11,1,1,ヒシルリアン,牡,6,56.0,516,-5,岡田大,川島豊,237.3,8,0:56.6,38.2,9-9-9,10,516,-5
2026/06/19,川崎,6,雲神賞Ｃ２選定馬,900,ダ,左,重,曇,11,8,10,レターフロムパリ,牝,5,54.0,467,-1,櫻井光,久保勇,147.7,9,0:56.6,38.7,7-7-6,8,467,-1
2026/06/19,川崎,6,雲神賞Ｃ２選定馬,900,ダ,左,重,曇,11,5,5,ポルタフェリーチェ,牝,4,54.0,459,-2,山林信,平田正,304.1,10,0:56.7,38.0,10-9-9,11,459,-2
2026/06/19,川崎,6,雲神賞Ｃ２選定馬,900,ダ,左,重,曇,11,3,3,ティロワール,牝,5,54.0,396,-1,中越琉,今井輝,214.7,11,0:57.4,38.1,11-11-11,9,396,-1
2026/06/19,川崎,7,Ｃ１一 二,1400,ダ,左,重,曇,12,2,2,ベルトネ,牝,4,54.0,492,-7,山中悠,山下之,2.8,1,1:31.2,40.2,1-1-1-1,1,492,-7
2026/06/19,川崎,7,Ｃ１一 二,1400,ダ,左,重,曇,12,6,8,ショウナンマンテン,牝,5,54.0,425,2,岡村裕,武井和,66.6,2,1:32.2,40.9,2-2-2-2,11,425,2
2026/06/19,川崎,7,Ｃ１一 二,1400,ダ,左,重,曇,12,5,5,リコーターター,牝,4,54.0,473,-1,西啓太,久保秀,16.1,3,1:32.3,40.3,7-7-6-5,5,473,-1
2026/06/19,川崎,7,Ｃ１一 二,1400,ダ,左,重,曇,12,5,6,オニノタマゴ,牡,5,56.0,488,5,古岡勇,安池成,18.2,4,1:32.4,40.9,3-3-3-3,7,488,5
2026/06/19,川崎,7,Ｃ１一 二,1400,ダ,左,重,曇,12,1,1,ヒソカ,牡,4,56.0,495,1,安藤洋,佐藤博,6.7,5,1:32.7,40.7,7-7-10-8,3,495,1
2026/06/19,川崎,7,Ｃ１一 二,1400,ダ,左,重,曇,12,4,4,ヴォラーレ,牡,4,56.0,427,7,伊藤裕,村田順,75.8,6,1:32.8,40.4,12-11-11-10,12,427,7
2026/06/19,川崎,7,Ｃ１一 二,1400,ダ,左,重,曇,12,3,3,アトラスライズ,牝,5,54.0,451,2,櫻井光,久保勇,23.2,7,1:32.9,41.1,5-4-6-7,8,451,2
2026/06/19,川崎,7,Ｃ１一 二,1400,ダ,左,重,曇,12,8,11,アマモト,牡,5,56.0,477,-2,福原杏,山崎裕,8.8,8,1:32.9,40.9,10-10-4-5,4,477,-2
2026/06/19,川崎,7,Ｃ１一 二,1400,ダ,左,重,曇,12,8,12,ミヤビモルタル,牡,5,56.0,520,3,矢野貴,岩崎真,2.9,9,1:33.0,41.2,5-5-4-4,2,520,3
2026/06/19,川崎,7,Ｃ１一 二,1400,ダ,左,重,曇,12,7,10,ライヴドライバー,牡,4,56.0,542,10,中越琉,山崎尋,18.1,10,1:33.6,40.8,11-12-12-12,6,542,10
2026/06/19,川崎,7,Ｃ１一 二,1400,ダ,左,重,曇,12,7,9,ボルドーティラミス,牝,4,53.0,461,5,中山遥,田邊陽,34.4,11,1:34.2,42.2,4-5-6-9,9,461,5
2026/06/19,川崎,7,Ｃ１一 二,1400,ダ,左,重,曇,12,6,7,エスジースパークル,牝,6,54.0,464,3,池谷匠,田島寿,46.6,12,1:34.2,42.1,7-7-9-11,10,464,3
2026/06/19,川崎,8,Ｃ１一 二,1400,ダ,左,重,曇,12,1,1,ジーティーアグリム,牝,5,54.0,545,5,本田重,山崎尋,2.4,1,1:30.8,39.6,6-6-4-3,1,545,5
2026/06/19,川崎,8,Ｃ１一 二,1400,ダ,左,重,曇,12,4,4,ブリヤンオーブ,牡,4,56.0,468,-9,鷹見陸,山下之,8.6,2,1:31.6,40.7,3-3-4-5,5,468,-9
2026/06/19,川崎,8,Ｃ１一 二,1400,ダ,左,重,曇,12,8,11,ヴィトーリアヘーザ,牝,4,54.0,499,3,新原周,酒井忍,3.4,3,1:31.7,41.6,2-2-1-1,2,499,3
2026/06/19,川崎,8,Ｃ１一 二,1400,ダ,左,重,曇,12,7,9,ウワサノアノコ,牝,6,54.0,421,7,櫻井光,高橋宏,29.8,4,1:32.1,42.0,1-1-1-1,6,421,7
2026/06/19,川崎,8,Ｃ１一 二,1400,ダ,左,重,曇,12,6,7,ノーブルウィスパー,牝,5,54.0,450,-2,岡村裕,佐々仁,35.2,5,1:32.3,41.6,4-3-3-3,8,450,-2
2026/06/19,川崎,8,Ｃ１一 二,1400,ダ,左,重,曇,12,6,8,スターアドミラル,牡,5,56.0,511,1,佐野遥,高月賢,54.5,6,1:32.7,41.4,4-5-7-6,11,511,1
2026/06/19,川崎,8,Ｃ１一 二,1400,ダ,左,重,曇,12,5,6,タキ,牡,5,56.0,434,10,古岡勇,甲田悟,144.2,7,1:32.7,41.2,9-9-10-7,12,434,10
2026/06/19,川崎,8,Ｃ１一 二,1400,ダ,左,重,曇,12,7,10,モジモジ,牡,4,54.0,428,-7,加藤雄,安池成,34.0,8,1:33.1,40.8,12-11-12-11,7,428,-7
2026/06/19,川崎,8,Ｃ１一 二,1400,ダ,左,重,曇,12,5,5,ランニングホット,牝,4,54.0,433,1,矢野貴,山崎裕,6.3,9,1:33.4,41.9,6-6-8-9,3,433,1
2026/06/19,川崎,8,Ｃ１一 二,1400,ダ,左,重,曇,12,2,2,アルティメット,牝,5,54.0,417,-2,中越琉,武井和,45.5,10,1:33.7,41.6,11-12-8-10,10,417,-2
2026/06/19,川崎,8,Ｃ１一 二,1400,ダ,左,重,曇,12,3,3,バトルクリーク,牡,5,56.0,547,-2,木間龍,齊藤敏,35.9,11,1:33.9,42.4,8-8-6-8,9,547,-2
2026/06/19,川崎,8,Ｃ１一 二,1400,ダ,左,重,曇,12,8,12,ニシノヒミチュ,牝,4,54.0,458,16,野畑凌,久保秀,8.5,12,1:35.6,43.7,10-10-11-11,4,458,16
2026/06/19,川崎,9,レーニョ賞Ｃ１選定馬,1600,ダ,左,重,曇,12,8,12,アイビーガオー,牡,4,56.0,447,-10,新原周,茂木浩,1.5,1,1:44.7,41.1,1-4-1-1,1,447,-10
2026/06/19,川崎,9,レーニョ賞Ｃ１選定馬,1600,ダ,左,重,曇,12,5,5,マルターズヴェロス,牡,4,56.0,477,-3,岡村健,齊藤敏,31.7,2,1:45.7,40.9,10-10-10-6,7,477,-3
2026/06/19,川崎,9,レーニョ賞Ｃ１選定馬,1600,ダ,左,重,曇,12,6,8,プルーフリーダー,牡,5,56.0,481,3,笹川翼,加藤誠,16.8,3,1:45.7,42.3,1-1-2-2,4,481,3
2026/06/19,川崎,9,レーニョ賞Ｃ１選定馬,1600,ダ,左,重,曇,12,1,1,ガルニエ,牡,5,56.0,460,4,西啓太,秋山直,16.7,4,1:45.8,41.9,5-4-4-3,3,460,4
2026/06/19,川崎,9,レーニョ賞Ｃ１選定馬,1600,ダ,左,重,曇,12,5,6,ダイゴホマレリュウ,牡,5,56.0,533,-1,藤江渉,山田質,100.4,5,1:45.8,41.4,9-7-7-4,9,533,-1
2026/06/19,川崎,9,レーニョ賞Ｃ１選定馬,1600,ダ,左,重,曇,12,6,7,ベリーク,牡,5,56.0,466,1,野畑凌,高月賢,30.4,6,1:46.1,40.7,11-11-11-9,6,466,1
2026/06/19,川崎,9,レーニョ賞Ｃ１選定馬,1600,ダ,左,重,曇,12,7,9,ニキ,牡,5,56.0,511,0,和田譲,野口寛,25.6,7,1:47.0,43.3,1-2-4-6,5,511,0
2026/06/19,川崎,9,レーニョ賞Ｃ１選定馬,1600,ダ,左,重,曇,12,2,2,コルネットロッソ,牡,5,56.0,464,0,伊藤裕,林隆之,3.1,8,1:47.1,41.3,12-12-12-11,2,464,0
2026/06/19,川崎,9,レーニョ賞Ｃ１選定馬,1600,ダ,左,重,曇,12,7,10,ヴィヴィッドムーン,牝,4,54.0,493,4,本田重,高月賢,56.5,9,1:47.2,43.6,1-3-2-4,8,493,4
2026/06/19,川崎,9,レーニョ賞Ｃ１選定馬,1600,ダ,左,重,曇,12,3,3,タイムトゥキル,牝,6,54.0,506,-9,池谷匠,内田勝,147.6,10,1:47.3,42.7,7-8-8-9,11,506,-9
2026/06/19,川崎,9,レーニョ賞Ｃ１選定馬,1600,ダ,左,重,曇,12,8,11,ウインメラナイト,牡,5,56.0,510,2,古岡勇,古澤悟,242.7,11,1:47.8,43.0,7-9-8-11,12,510,2
2026/06/19,川崎,9,レーニョ賞Ｃ１選定馬,1600,ダ,左,重,曇,12,4,4,クリスタルアロー,牡,4,54.0,536,-2,加藤雄,山崎尋,135.6,12,1:48.0,43.7,5-4-6-8,10,536,-2
2026/06/19,川崎,10,千軍万馬賞Ｂ２Ｂ３選定馬,900,ダ,左,重,曇,11,7,8,グランドフロイデ,牡,3,53.0,462,4,加藤雄,河津裕,4.4,1,0:54.2,36.7,1-1-1,2,462,4
2026/06/19,川崎,10,千軍万馬賞Ｂ２Ｂ３選定馬,900,ダ,左,重,曇,11,8,10,ラヴォミ,牝,4,55.0,460,2,岡村健,林隆之,4.6,2,0:54.7,37.1,2-1-2,3,460,2
2026/06/19,川崎,10,千軍万馬賞Ｂ２Ｂ３選定馬,900,ダ,左,重,曇,11,6,6,カンノンアーニモ,牡,5,55.0,442,-7,佐野遥,河津裕,7.3,3,0:54.8,36.8,2-4-3,4,442,-7
2026/06/19,川崎,10,千軍万馬賞Ｂ２Ｂ３選定馬,900,ダ,左,重,曇,11,4,4,ポッドレオ,牡,5,57.0,514,4,古岡勇,佐々仁,15.3,4,0:54.8,36.4,5-5-3,5,514,4
2026/06/19,川崎,10,千軍万馬賞Ｂ２Ｂ３選定馬,900,ダ,左,重,曇,11,2,2,トリプルアクセル,牝,9,53.0,487,-7,西啓太,山崎裕,78.4,5,0:55.2,36.5,8-7-6,9,487,-7
2026/06/19,川崎,10,千軍万馬賞Ｂ２Ｂ３選定馬,900,ダ,左,重,曇,11,3,3,ランラン,牝,4,55.0,423,7,山林信,平田正,65.1,6,0:55.8,36.9,5-9-8,8,423,7
2026/06/19,川崎,10,千軍万馬賞Ｂ２Ｂ３選定馬,900,ダ,左,重,曇,11,6,7,ライヴペッパー,牡,6,55.0,450,-5,藤本現,山崎裕,53.1,7,0:55.9,37.3,9-6-7,7,450,-5
2026/06/19,川崎,10,千軍万馬賞Ｂ２Ｂ３選定馬,900,ダ,左,重,曇,11,1,1,プレストルーチェ,セ,0,57.0,509,-9,山中悠,高橋宏,126.4,8,0:55.9,37.1,7-8-8,11,509,-9
2026/06/19,川崎,10,千軍万馬賞Ｂ２Ｂ３選定馬,900,ダ,左,重,曇,11,7,9,アイルプロテクト,牡,5,55.0,517,-9,笹川翼,高月賢,1.9,9,0:56.0,38.1,4-3-3,1,517,-9
2026/06/19,川崎,10,千軍万馬賞Ｂ２Ｂ３選定馬,900,ダ,左,重,曇,11,5,5,ボニーマジェスティ,牡,7,57.0,503,2,新原周,平田正,27.2,10,0:56.9,37.4,10-10-10,6,503,2
2026/06/19,川崎,10,千軍万馬賞Ｂ２Ｂ３選定馬,900,ダ,左,重,曇,11,8,11,タツノマッハ,牡,8,57.0,476,4,櫻井光,田邊陽,95.1,11,0:58.8,38.9,11-11-11,10,476,4
2026/06/19,川崎,11,短夜特別Ｂ１二Ｂ２一,1500,ダ,左,重,曇,11,1,1,シャンパンファイト,牡,6,57.0,459,-4,新原周,甲田悟,44.2,1,1:35.8,40.9,4-3-3-2,8,459,-4
2026/06/19,川崎,11,短夜特別Ｂ１二Ｂ２一,1500,ダ,左,重,曇,11,3,3,エレファントラン,牡,4,55.0,480,0,藤本現,山崎尋,9.6,2,1:36.1,40.9,9-7-4-4,5,480,0
2026/06/19,川崎,11,短夜特別Ｂ１二Ｂ２一,1500,ダ,左,重,曇,11,5,5,デアシュトゥルム,牡,6,54.0,486,5,中山遥,鈴木義,66.5,3,1:36.2,41.6,1-1-1-1,9,486,5
2026/06/19,川崎,11,短夜特別Ｂ１二Ｂ２一,1500,ダ,左,重,曇,11,7,8,スノーシュー,セ,0,57.0,476,2,本田重,内田勝,3.3,4,1:36.7,41.6,3-4-2-2,1,476,2
2026/06/19,川崎,11,短夜特別Ｂ１二Ｂ２一,1500,ダ,左,重,曇,11,6,6,タマモヴェナトル,牡,6,57.0,452,-2,櫻井光,林隆之,13.3,5,1:36.7,41.4,6-5-7-6,7,452,-2
2026/06/19,川崎,11,短夜特別Ｂ１二Ｂ２一,1500,ダ,左,重,曇,11,8,11,ホッコーソムニウム,牡,6,57.0,490,0,佐野遥,山崎裕,3.4,6,1:36.7,41.4,6-7-4-5,2,490,0
2026/06/19,川崎,11,短夜特別Ｂ１二Ｂ２一,1500,ダ,左,重,曇,11,6,7,ピノマハナ,牡,4,57.0,486,1,西啓太,野口孝,72.7,7,1:37.0,41.2,10-11-11-9,10,486,1
2026/06/19,川崎,11,短夜特別Ｂ１二Ｂ２一,1500,ダ,左,重,曇,11,8,10,リジン,牡,7,57.0,499,2,和田譲,水野貴,6.3,8,1:37.2,41.4,6-9-9-7,4,499,2
2026/06/19,川崎,11,短夜特別Ｂ１二Ｂ２一,1500,ダ,左,重,曇,11,7,9,サザンカ,牝,5,53.0,497,7,増田充,長友豊,121.0,9,1:40.9,45.5,4-6-7-10,11,497,7
2026/06/19,川崎,11,短夜特別Ｂ１二Ｂ２一,1500,ダ,左,重,曇,11,2,2,エコロネオ,牡,5,57.0,491,-1,鷹見陸,鈴木義,11.6,10,1:41.2,45.6,10-9-9-7,6,491,-1
2026/06/19,川崎,11,短夜特別Ｂ１二Ｂ２一,1500,ダ,左,重,曇,11,4,4,ミスマルゴー,牝,5,53.0,480,-1,野畑凌,佐藤博,5.5,11,1:41.4,46.3,2-2-6-11,3,480,-1
2026/06/19,川崎,12,ファイナルアンサー賞Ｃ２選定馬,1500,ダ,左,重,曇,13,7,10,ユウユウスプレマン,セ,0,56.0,503,-10,伊藤裕,久保秀,2.2,1,1:39.5,40.9,6-6-1-2,1,503,-10
2026/06/19,川崎,12,ファイナルアンサー賞Ｃ２選定馬,1500,ダ,左,重,曇,13,5,7,グラスアラバニーユ,牡,7,56.0,466,-3,佐野遥,吉橋淳,7.6,2,1:39.8,41.1,4-5-4-5,3,466,-3
2026/06/19,川崎,12,ファイナルアンサー賞Ｃ２選定馬,1500,ダ,左,重,曇,13,3,3,ウロボロス,牡,5,54.0,472,7,加藤雄,山崎尋,5.1,3,1:40.0,40.3,12-12-10-8,2,472,7
2026/06/19,川崎,12,ファイナルアンサー賞Ｃ２選定馬,1500,ダ,左,重,曇,13,6,9,フクノバルトラン,牡,7,56.0,480,-10,藤江渉,山田質,15.9,4,1:40.1,41.2,8-8-4-3,7,480,-10
2026/06/19,川崎,12,ファイナルアンサー賞Ｃ２選定馬,1500,ダ,左,重,曇,13,2,2,オトコユメラク,牡,4,56.0,473,0,増田充,山崎裕,11.0,5,1:40.1,41.2,7-7-8-7,4,473,0
2026/06/19,川崎,12,ファイナルアンサー賞Ｃ２選定馬,1500,ダ,左,重,曇,13,6,8,ハナチャン,牝,5,54.0,398,5,田中涼,山田質,12.8,6,1:40.2,41.9,1-1-1-1,6,398,5
2026/06/19,川崎,12,ファイナルアンサー賞Ｃ２選定馬,1500,ダ,左,重,曇,13,7,11,カルストンオリビア,牝,4,54.0,412,3,野畑凌,八木喜,24.1,7,1:40.8,42.2,2-2-3-3,8,412,3
2026/06/19,川崎,12,ファイナルアンサー賞Ｃ２選定馬,1500,ダ,左,重,曇,13,4,4,コミックガール,牝,5,54.0,433,-2,櫻井光,吉橋淳,24.9,8,1:41.2,42.6,4-3-4-5,9,433,-2
2026/06/19,川崎,12,ファイナルアンサー賞Ｃ２選定馬,1500,ダ,左,重,曇,13,4,5,エムティラヴ,牝,4,54.0,436,10,中越琉,古澤悟,149.9,9,1:41.2,41.5,10-11-11-9,13,436,10
2026/06/19,川崎,12,ファイナルアンサー賞Ｃ２選定馬,1500,ダ,左,重,曇,13,1,1,カフェランデブー,牝,5,54.0,473,4,池谷匠,吉橋淳,32.9,10,1:41.2,41.5,10-10-11-9,11,473,4
2026/06/19,川崎,12,ファイナルアンサー賞Ｃ２選定馬,1500,ダ,左,重,曇,13,5,6,セイウンパイオニア,牡,5,56.0,520,13,山林信,田邊陽,27.1,11,1:41.7,41.4,13-13-13-12,10,520,13
2026/06/19,川崎,12,ファイナルアンサー賞Ｃ２選定馬,1500,ダ,左,重,曇,13,8,13,キアラボヌール,牝,5,54.0,411,8,古岡勇,田島寿,12.3,12,1:41.8,42.5,8-8-9-9,5,411,8
2026/06/19,川崎,12,ファイナルアンサー賞Ｃ２選定馬,1500,ダ,左,重,曇,13,8,12,カツコノヒヤザケ,牡,4,56.0,457,22,岡村裕,田島寿,69.4,13,1:42.9,44.3,2-3-4-12,12,457,22
