race_date,venue,race_no,race_name,distance,surface,direction,track_cond,weather,field_size,waku,horse_no,horse_name,sex,age,weight_carried,horse_weight,weight_change,jockey,trainer,win_odds,finish_position,finish_time,last_3f,passage_rate,popularity,result_weight,result_weight_change
2024/03/10,金沢,4,がんばれ北陸！ＴＫ利絵＆里美支援Ｃ１五,1500,ダ,右,不良,曇,11,6,6,ユキヤナギ,牝,5,54.0,470,-4,米倉知,加藤和,,1,1:40.0,41.8,3-3-2-2,1,470,-4
2024/03/10,金沢,4,がんばれ北陸！ＴＫ利絵＆里美支援Ｃ１五,1500,ダ,右,不良,曇,11,8,11,サトルアプローチ,牡,6,56.0,474,4,田知弘,金田一,,2,1:40.3,42.3,1-2-1-1,4,474,4
2024/03/10,金沢,4,がんばれ北陸！ＴＫ利絵＆里美支援Ｃ１五,1500,ダ,右,不良,曇,11,4,4,カフェダイナスティ,セ,0,56.0,494,-2,葛山晃,菅原欣,,3,1:40.3,40.5,8-7-7-4,6,494,-2
2024/03/10,金沢,4,がんばれ北陸！ＴＫ利絵＆里美支援Ｃ１五,1500,ダ,右,不良,曇,11,7,8,エニシャル,牝,4,53.0,434,-2,加藤翔,川添明,,4,1:40.5,40.5,9-9-8-5,2,434,-2
2024/03/10,金沢,4,がんばれ北陸！ＴＫ利絵＆里美支援Ｃ１五,1500,ダ,右,不良,曇,11,2,2,ポーラライツ,牡,4,56.0,439,-9,栗原大,菅原欣,,5,1:40.9,41.6,7-6-5-3,11,439,-9
2024/03/10,金沢,4,がんばれ北陸！ＴＫ利絵＆里美支援Ｃ１五,1500,ダ,右,不良,曇,11,8,10,サマーソルト,セ,0,56.0,497,-3,魚住謙,鋤田誠,,6,1:42.5,42.3,6-8-9-8,3,497,-3
2024/03/10,金沢,4,がんばれ北陸！ＴＫ利絵＆里美支援Ｃ１五,1500,ダ,右,不良,曇,11,3,3,ロジシップ,牡,7,56.0,464,9,甲賀弘,野田幸,,7,1:42.7,42.3,10-10-10-10,7,464,9
2024/03/10,金沢,4,がんばれ北陸！ＴＫ利絵＆里美支援Ｃ１五,1500,ダ,右,不良,曇,11,7,9,ウインドアリエル,牝,6,54.0,433,4,松戸政,野田幸,,8,1:43.5,44.3,4-5-5-9,10,433,4
2024/03/10,金沢,4,がんばれ北陸！ＴＫ利絵＆里美支援Ｃ１五,1500,ダ,右,不良,曇,11,5,5,マイティキッチョウ,牝,5,54.0,458,0,池田敦,鈴木正,,9,1:43.9,45.1,4-4-4-5,5,458,0
2024/03/10,金沢,4,がんばれ北陸！ＴＫ利絵＆里美支援Ｃ１五,1500,ダ,右,不良,曇,11,1,1,タマテバコ,牝,5,54.0,478,-6,兼子千,宗綱泰,,10,1:44.6,43.5,10-11-11-11,8,478,-6
2024/03/10,金沢,4,がんばれ北陸！ＴＫ利絵＆里美支援Ｃ１五,1500,ダ,右,不良,曇,11,6,7,リコーランカスター,牝,5,54.0,464,1,鈴木太,室井眞,,11,1:45.0,47.0,1-1-2-7,9,464,1
2024/03/10,金沢,5,がんばれ北陸！ＴＫ亜子＆ことり支３歳Ａ２,1500,ダ,右,不良,曇,11,6,6,マイネルスピカ,牡,3,56.0,448,4,米倉知,加藤和,,1,1:38.8,40.5,3-1-1-1,1,448,4
2024/03/10,金沢,5,がんばれ北陸！ＴＫ亜子＆ことり支３歳Ａ２,1500,ダ,右,不良,曇,11,2,2,エムティトップ,牝,3,54.0,408,13,吉田晃,佐藤茂,,2,1:39.0,40.5,4-3-3-2,2,408,13
2024/03/10,金沢,5,がんばれ北陸！ＴＫ亜子＆ことり支３歳Ａ２,1500,ダ,右,不良,曇,11,6,7,ラシェンテ,牝,3,54.0,437,-1,沖静男,井樋一,,3,1:39.1,40.5,9-3-4-3,5,437,-1
2024/03/10,金沢,5,がんばれ北陸！ＴＫ亜子＆ことり支３歳Ａ２,1500,ダ,右,不良,曇,11,7,8,レーヴァローゼ,牝,3,54.0,396,-4,栗原大,藤田弘,,4,1:39.4,39.9,10-8-7-6,8,396,-4
2024/03/10,金沢,5,がんばれ北陸！ＴＫ亜子＆ことり支３歳Ａ２,1500,ダ,右,不良,曇,11,4,4,ドンリュウスター,牡,3,56.0,433,-7,池田敦,高橋俊,,5,1:39.6,40.7,7-6-5-4,3,433,-7
2024/03/10,金沢,5,がんばれ北陸！ＴＫ亜子＆ことり支３歳Ａ２,1500,ダ,右,不良,曇,11,3,3,ティアジャーカー,牝,3,54.0,409,-15,甲賀弘,黒木豊,,6,1:40.1,41.1,4-9-6-7,10,409,-15
2024/03/10,金沢,5,がんばれ北陸！ＴＫ亜子＆ことり支３歳Ａ２,1500,ダ,右,不良,曇,11,8,11,エザグランマ,牝,3,54.0,462,6,松戸政,井樋一,,7,1:40.5,41.1,8-7-9-8,7,462,6
2024/03/10,金沢,5,がんばれ北陸！ＴＫ亜子＆ことり支３歳Ａ２,1500,ダ,右,不良,曇,11,5,5,バージンエスパー,牝,3,54.0,410,3,柴田勇,金田一,,8,1:41.0,42.7,2-1-2-5,9,410,3
2024/03/10,金沢,5,がんばれ北陸！ＴＫ亜子＆ことり支３歳Ａ２,1500,ダ,右,不良,曇,11,8,10,グルタチオンシード,牡,3,56.0,459,7,魚住謙,鋤田誠,,9,1:41.5,42.2,4-5-8-9,6,459,7
2024/03/10,金沢,5,がんばれ北陸！ＴＫ亜子＆ことり支３歳Ａ２,1500,ダ,右,不良,曇,11,1,1,タルト,牝,3,53.0,466,8,加藤翔,加藤義,,,,,1-10-10-10,4,466,8
2024/03/10,金沢,5,がんばれ北陸！ＴＫ亜子＆ことり支３歳Ａ２,1500,ダ,右,不良,曇,11,7,9,エドヴァルド,牡,3,56.0,0,0,服部大,田嶋幸,,,,,,,0,0
2024/03/10,金沢,6,のむさん金沢行っても忘れないで！杯Ｃ１四,1500,ダ,右,不良,曇,11,2,2,コスモノート,セ,0,56.0,522,0,栗原大,菅原欣,,1,1:37.3,38.9,6-3-3-1,1,522,0
2024/03/10,金沢,6,のむさん金沢行っても忘れないで！杯Ｃ１四,1500,ダ,右,不良,曇,11,4,4,ベルウッドアラシ,牡,4,55.0,443,-10,加藤翔,加藤義,,2,1:37.4,39.1,2-2-1-1,2,443,-10
2024/03/10,金沢,6,のむさん金沢行っても忘れないで！杯Ｃ１四,1500,ダ,右,不良,曇,11,1,1,マイネルプリサイス,牡,8,56.0,531,25,魚住謙,鋤田誠,,3,1:38.3,39.2,4-6-4-3,6,531,25
2024/03/10,金沢,6,のむさん金沢行っても忘れないで！杯Ｃ１四,1500,ダ,右,不良,曇,11,8,10,マーブルミミ,牝,4,54.0,418,-8,松戸政,藤田弘,,4,1:39.1,39.7,9-8-8-8,3,418,-8
2024/03/10,金沢,6,のむさん金沢行っても忘れないで！杯Ｃ１四,1500,ダ,右,不良,曇,11,7,8,モンテブラック,牡,4,56.0,455,-9,葛山晃,菅原欣,,5,1:39.6,40.6,7-7-4-5,9,455,-9
2024/03/10,金沢,6,のむさん金沢行っても忘れないで！杯Ｃ１四,1500,ダ,右,不良,曇,11,8,11,カネトシロワン,牝,4,54.0,435,4,池田敦,中川雅,,6,1:39.8,41.6,1-1-1-4,5,435,4
2024/03/10,金沢,6,のむさん金沢行っても忘れないで！杯Ｃ１四,1500,ダ,右,不良,曇,11,3,3,カトリーヌスリジエ,牝,10,54.0,431,3,兼子千,高橋道,,7,1:39.9,40.3,10-10-9-9,8,431,3
2024/03/10,金沢,6,のむさん金沢行っても忘れないで！杯Ｃ１四,1500,ダ,右,不良,曇,11,6,6,シビルボーイ,牡,6,56.0,464,-3,服部大,菅原欣,,8,1:40.0,41.1,3-4-4-6,10,464,-3
2024/03/10,金沢,6,のむさん金沢行っても忘れないで！杯Ｃ１四,1500,ダ,右,不良,曇,11,5,5,レモン,牝,7,54.0,412,-6,柴田勇,菅原欣,,9,1:40.3,41.3,4-5-7-6,7,412,-6
2024/03/10,金沢,6,のむさん金沢行っても忘れないで！杯Ｃ１四,1500,ダ,右,不良,曇,11,7,9,ラプタマーベリック,牡,4,56.0,481,-8,田知弘,金田一,,10,1:41.9,42.1,8-9-10-10,4,481,-8
2024/03/10,金沢,6,のむさん金沢行っても忘れないで！杯Ｃ１四,1500,ダ,右,不良,曇,11,6,7,メトリカルセオリー,牝,5,54.0,475,-1,甲賀弘,黒木豊,,11,1:43.5,42.1,11-11-11-11,11,475,-1
2024/03/10,金沢,7,楽天競馬ならポイントで馬券が買えるＣ１三,1500,ダ,右,不良,曇,12,8,12,マヒート,牡,4,56.0,488,4,吉田晃,佐藤茂,,1,1:39.6,40.4,4-5-3-1,1,488,4
2024/03/10,金沢,7,楽天競馬ならポイントで馬券が買えるＣ１三,1500,ダ,右,不良,曇,12,6,8,ダフニス,セ,0,56.0,443,8,甲賀弘,高橋俊,,2,1:40.1,41.2,2-2-1-2,3,443,8
2024/03/10,金沢,7,楽天競馬ならポイントで馬券が買えるＣ１三,1500,ダ,右,不良,曇,12,8,11,ロマンチックボーイ,牡,4,56.0,456,1,栗原大,野田幸,,3,1:40.1,40.3,7-7-6-5,4,456,1
2024/03/10,金沢,7,楽天競馬ならポイントで馬券が買えるＣ１三,1500,ダ,右,不良,曇,12,7,10,アイスムーン,牝,6,54.0,446,-5,鈴木太,鋤田誠,,4,1:40.3,40.9,5-4-4-4,10,446,-5
2024/03/10,金沢,7,楽天競馬ならポイントで馬券が買えるＣ１三,1500,ダ,右,不良,曇,12,3,3,トゥーゲント,牝,7,54.0,449,-8,葛山晃,高橋俊,,5,1:40.7,40.9,6-6-6-6,5,449,-8
2024/03/10,金沢,7,楽天競馬ならポイントで馬券が買えるＣ１三,1500,ダ,右,不良,曇,12,5,6,カワカミアンフィニ,牝,4,54.0,424,0,田知弘,中川雅,,6,1:40.7,41.1,2-3-5-7,6,424,0
2024/03/10,金沢,7,楽天競馬ならポイントで馬券が買えるＣ１三,1500,ダ,右,不良,曇,12,2,2,ココアン,牝,4,54.0,427,5,兼子千,宗綱泰,,7,1:40.9,39.9,10-11-12-9,7,427,5
2024/03/10,金沢,7,楽天競馬ならポイントで馬券が買えるＣ１三,1500,ダ,右,不良,曇,12,6,7,デルマワルキューレ,牝,5,54.0,423,9,松戸政,金田一,,8,1:41.1,41.0,9-9-8-8,11,423,9
2024/03/10,金沢,7,楽天競馬ならポイントで馬券が買えるＣ１三,1500,ダ,右,不良,曇,12,7,9,ジーエイチグールド,牡,4,56.0,476,8,魚住謙,鋤田誠,,9,1:41.4,40.6,10-10-11-11,8,476,8
2024/03/10,金沢,7,楽天競馬ならポイントで馬券が買えるＣ１三,1500,ダ,右,不良,曇,12,5,5,スイートティアラ,牝,7,54.0,425,6,池田敦,鈴木正,,10,1:41.7,41.7,8-8-8-9,12,425,6
2024/03/10,金沢,7,楽天競馬ならポイントで馬券が買えるＣ１三,1500,ダ,右,不良,曇,12,1,1,ヴェラート,セ,0,56.0,510,-2,服部大,田嶋幸,,11,1:41.9,40.7,12-12-10-12,9,510,-2
2024/03/10,金沢,7,楽天競馬ならポイントで馬券が買えるＣ１三,1500,ダ,右,不良,曇,12,4,4,キノトクイーン,牝,6,54.0,454,-10,米倉知,高橋俊,,12,1:41.9,43.0,1-1-1-3,2,454,-10
2024/03/10,金沢,8,北陸新幹線県内全線開業あと６日特３歳Ａ１,1500,ダ,右,不良,曇,9,3,3,ダヴァンティ,牝,3,54.0,476,19,栗原大,佐藤茂,,1,1:37.3,39.5,1-1-1-1,1,476,19
2024/03/10,金沢,8,北陸新幹線県内全線開業あと６日特３歳Ａ１,1500,ダ,右,不良,曇,9,8,8,ダブルアタック,牡,3,56.0,476,14,堀場裕,金田一,,2,1:38.0,40.2,2-2-1-2,4,476,14
2024/03/10,金沢,8,北陸新幹線県内全線開業あと６日特３歳Ａ１,1500,ダ,右,不良,曇,9,8,9,ハリウッドスマイル,牝,3,54.0,433,-4,田知弘,中川雅,,3,1:38.0,39.5,3-3-3-3,2,433,-4
2024/03/10,金沢,8,北陸新幹線県内全線開業あと６日特３歳Ａ１,1500,ダ,右,不良,曇,9,2,2,スペリオルパンサー,牡,3,55.0,453,0,加藤翔,加藤義,,4,1:38.3,40.0,4-3-3-4,3,453,0
2024/03/10,金沢,8,北陸新幹線県内全線開業あと６日特３歳Ａ１,1500,ダ,右,不良,曇,9,1,1,スターマンモス,牝,3,54.0,476,-3,甲賀弘,藤田弘,,5,1:39.9,41.1,7-6-5-5,7,476,-3
2024/03/10,金沢,8,北陸新幹線県内全線開業あと６日特３歳Ａ１,1500,ダ,右,不良,曇,9,7,7,サンヨウアカヘル,牝,3,54.0,439,-11,魚住謙,田嶋幸,,6,1:41.8,43.0,5-5-5-6,8,439,-11
2024/03/10,金沢,8,北陸新幹線県内全線開業あと６日特３歳Ａ１,1500,ダ,右,不良,曇,9,5,5,パープルビューティ,牝,3,54.0,426,-1,柴田勇,中川雅,,7,1:43.1,44.2,6-6-7-7,5,426,-1
2024/03/10,金沢,8,北陸新幹線県内全線開業あと６日特３歳Ａ１,1500,ダ,右,不良,曇,9,4,4,テルケンレンテル,牡,3,56.0,509,15,沖静男,川添明,,8,1:46.7,46.1,8-8-8-8,6,509,15
2024/03/10,金沢,8,北陸新幹線県内全線開業あと６日特３歳Ａ１,1500,ダ,右,不良,曇,9,6,6,サンヨウチェルシー,牝,3,54.0,0,0,服部大,田嶋幸,,,,,,,0,0
2024/03/10,金沢,9,しのぶちゃんお誕生日記念Ｂ１三,1400,ダ,右,不良,曇,10,8,9,ウインコマチ,牝,4,54.0,447,4,田知弘,中川雅,,1,1:30.5,38.6,1-1-1-1,1,447,4
2024/03/10,金沢,9,しのぶちゃんお誕生日記念Ｂ１三,1400,ダ,右,不良,曇,10,3,3,エイシンデジタル,牡,9,55.0,548,23,加藤翔,加藤義,,2,1:31.0,37.5,7-8-7-6,2,548,23
2024/03/10,金沢,9,しのぶちゃんお誕生日記念Ｂ１三,1400,ダ,右,不良,曇,10,5,5,ビナプリンセス,牝,5,54.0,412,-3,堀場裕,加藤和,,3,1:31.1,38.4,5-6-6-5,5,412,-3
2024/03/10,金沢,9,しのぶちゃんお誕生日記念Ｂ１三,1400,ダ,右,不良,曇,10,7,7,スリーマイトコーズ,牝,6,54.0,468,-10,栗原大,菅原欣,,4,1:31.3,38.8,5-5-3-4,3,468,-10
2024/03/10,金沢,9,しのぶちゃんお誕生日記念Ｂ１三,1400,ダ,右,不良,曇,10,1,1,アンダーレ,セ,0,56.0,441,-10,松戸政,菅原欣,,5,1:31.3,39.2,2-2-2-2,4,441,-10
2024/03/10,金沢,9,しのぶちゃんお誕生日記念Ｂ１三,1400,ダ,右,不良,曇,10,4,4,スマイルセンプー,牡,4,56.0,481,-24,柴田勇,金田一,,6,1:31.4,38.9,4-4-4-3,7,481,-24
2024/03/10,金沢,9,しのぶちゃんお誕生日記念Ｂ１三,1400,ダ,右,不良,曇,10,2,2,サンレイファイト,牡,8,56.0,479,10,葛山晃,井樋一,,7,1:32.3,39.0,8-7-8-8,6,479,10
2024/03/10,金沢,9,しのぶちゃんお誕生日記念Ｂ１三,1400,ダ,右,不良,曇,10,7,8,ブーゲンビリア,牝,6,54.0,430,-4,甲賀弘,高橋俊,,8,1:32.9,40.4,3-3-5-7,10,430,-4
2024/03/10,金沢,9,しのぶちゃんお誕生日記念Ｂ１三,1400,ダ,右,不良,曇,10,6,6,ドミナンス,牡,5,56.0,467,19,兼子千,宗綱泰,,9,1:34.7,39.4,10-9-9-9,9,467,19
2024/03/10,金沢,9,しのぶちゃんお誕生日記念Ｂ１三,1400,ダ,右,不良,曇,10,8,10,ヴァッサーファル,牝,5,54.0,465,1,魚住謙,鋤田誠,,10,1:46.1,48.6,9-10-10-10,8,465,1
2024/03/10,金沢,10,能登半島地震復興支援杯１Ｂ１二,1400,ダ,右,不良,曇,11,4,4,シェンフォン,牝,5,54.0,450,-5,米倉知,加藤和,,1,1:30.2,39.3,5-4-2-2,3,450,-5
2024/03/10,金沢,10,能登半島地震復興支援杯１Ｂ１二,1400,ダ,右,不良,曇,11,8,10,ウインクルシャープ,牝,5,53.0,467,-5,加藤翔,中川雅,,2,1:30.2,39.5,1-1-1-1,5,467,-5
2024/03/10,金沢,10,能登半島地震復興支援杯１Ｂ１二,1400,ダ,右,不良,曇,11,5,5,クールドレーヌ,牝,5,54.0,418,-8,兼子千,高橋俊,,3,1:30.7,39.3,6-6-5-4,7,418,-8
2024/03/10,金沢,10,能登半島地震復興支援杯１Ｂ１二,1400,ダ,右,不良,曇,11,7,8,サクラルコール,牡,13,56.0,498,1,柴田勇,金田一,,4,1:31.0,40.1,4-2-3-4,1,498,1
2024/03/10,金沢,10,能登半島地震復興支援杯１Ｂ１二,1400,ダ,右,不良,曇,11,6,7,ジェネロジテ,牡,4,56.0,507,-6,甲賀弘,田嶋幸,,5,1:31.4,40.4,2-2-4-3,2,507,-6
2024/03/10,金沢,10,能登半島地震復興支援杯１Ｂ１二,1400,ダ,右,不良,曇,11,1,1,デイドリームビーチ,牡,4,56.0,470,8,栗原大,金田一,,6,1:31.5,39.0,11-11-10-9,4,470,8
2024/03/10,金沢,10,能登半島地震復興支援杯１Ｂ１二,1400,ダ,右,不良,曇,11,3,3,イリュージョニスト,牡,8,56.0,514,-1,葛山晃,高橋俊,,7,1:31.5,39.1,10-10-7-7,6,514,-1
2024/03/10,金沢,10,能登半島地震復興支援杯１Ｂ１二,1400,ダ,右,不良,曇,11,2,2,トゥモローアンセム,セ,0,56.0,449,2,堀場裕,中川雅,,8,1:32.0,39.8,9-7-6-6,11,449,2
2024/03/10,金沢,10,能登半島地震復興支援杯１Ｂ１二,1400,ダ,右,不良,曇,11,7,9,ルビースター,牝,6,54.0,508,-4,鈴木太,加藤和,,9,1:33.4,41.0,7-8-8-8,10,508,-4
2024/03/10,金沢,10,能登半島地震復興支援杯１Ｂ１二,1400,ダ,右,不良,曇,11,8,11,スヴィルカーチ,セ,0,56.0,431,-9,魚住謙,田嶋幸,,10,1:33.9,41.1,8-9-11-10,8,431,-9
2024/03/10,金沢,10,能登半島地震復興支援杯１Ｂ１二,1400,ダ,右,不良,曇,11,6,6,リリーズメモリー,牝,5,54.0,498,-7,服部大,田嶋幸,,11,1:36.9,44.5,2-5-9-11,9,498,-7
2024/03/10,金沢,11,エアリーフローラ特別Ｂ１一,1400,ダ,右,不良,曇,10,2,2,フラッグアドミラル,牡,10,56.0,489,7,堀場裕,中川雅,,1,1:30.7,39.1,5-3-3-1,1,489,7
2024/03/10,金沢,11,エアリーフローラ特別Ｂ１一,1400,ダ,右,不良,曇,10,6,6,オーミテンペスト,牡,6,56.0,458,6,柴田勇,中川雅,,2,1:31.6,40.3,2-2-1-2,4,458,6
2024/03/10,金沢,11,エアリーフローラ特別Ｂ１一,1400,ダ,右,不良,曇,10,5,5,ピースイギー,牝,5,54.0,426,9,田知弘,金田一,,3,1:31.8,39.8,6-5-6-4,8,426,9
2024/03/10,金沢,11,エアリーフローラ特別Ｂ１一,1400,ダ,右,不良,曇,10,8,9,クールシャイン,牡,7,56.0,504,-2,池田敦,鈴木正,,4,1:32.2,39.9,10-9-9-8,6,504,-2
2024/03/10,金沢,11,エアリーフローラ特別Ｂ１一,1400,ダ,右,不良,曇,10,7,8,コスモアシュラ,牡,6,56.0,535,1,米倉知,加藤和,,5,1:32.3,40.5,8-7-5-4,2,535,1
2024/03/10,金沢,11,エアリーフローラ特別Ｂ１一,1400,ダ,右,不良,曇,10,4,4,アロマフォルテ,牝,5,54.0,456,-11,栗原大,佐藤茂,,6,1:32.7,41.4,1-1-1-3,9,456,-11
2024/03/10,金沢,11,エアリーフローラ特別Ｂ１一,1400,ダ,右,不良,曇,10,1,1,アットザヘルム,牡,10,56.0,469,-6,甲賀弘,中川雅,,7,1:32.9,40.7,7-8-7-8,10,469,-6
2024/03/10,金沢,11,エアリーフローラ特別Ｂ１一,1400,ダ,右,不良,曇,10,7,7,モズアンカー,牡,4,56.0,467,2,吉田晃,佐藤茂,,8,1:33.6,42.0,2-4-4-6,7,467,2
2024/03/10,金沢,11,エアリーフローラ特別Ｂ１一,1400,ダ,右,不良,曇,10,8,10,ヤイバ,牡,5,55.0,468,6,加藤翔,加藤義,,9,1:33.6,40.9,8-10-10-10,5,468,6
2024/03/10,金沢,11,エアリーフローラ特別Ｂ１一,1400,ダ,右,不良,曇,10,3,3,ベストオーシャン,牡,4,56.0,495,5,平瀬城,鈴木正,,10,1:34.5,42.4,2-5-7-6,3,495,5
2024/03/10,金沢,12,がんばろう能登特別Ａ２二,1700,ダ,右,不良,曇,8,1,1,ロジローズ,牡,6,56.0,472,-1,米倉知,加藤和,,1,1:50.7,38.9,1-1-1-1,1,472,-1
2024/03/10,金沢,12,がんばろう能登特別Ａ２二,1700,ダ,右,不良,曇,8,4,4,キョウエイロナ,牝,6,54.0,442,-4,栗原大,加藤和,,2,1:51.8,39.0,6-6-4-2,2,442,-4
2024/03/10,金沢,12,がんばろう能登特別Ａ２二,1700,ダ,右,不良,曇,8,7,7,デルマセイレーン,牝,5,53.0,447,-2,加藤翔,加藤義,,3,1:52.8,40.6,2-2-2-3,3,447,-2
2024/03/10,金沢,12,がんばろう能登特別Ａ２二,1700,ダ,右,不良,曇,8,2,2,クラウドクラスター,牡,5,56.0,495,-8,吉田晃,佐藤茂,,4,1:52.8,39.6,7-7-7-4,4,495,-8
2024/03/10,金沢,12,がんばろう能登特別Ａ２二,1700,ダ,右,不良,曇,8,6,6,クリノヒビキ,セ,0,56.0,522,6,葛山晃,井樋一,,5,1:53.7,40.3,8-8-8-7,5,522,6
2024/03/10,金沢,12,がんばろう能登特別Ａ２二,1700,ダ,右,不良,曇,8,8,8,ベルウッドシキシマ,牡,4,56.0,448,10,鈴木太,加藤義,,6,1:53.8,41.3,3-3-3-5,8,448,10
2024/03/10,金沢,12,がんばろう能登特別Ａ２二,1700,ダ,右,不良,曇,8,5,5,カレイジャス,牝,4,54.0,442,3,松戸政,藤田弘,,7,1:53.9,40.9,5-5-5-6,7,442,3
2024/03/10,金沢,12,がんばろう能登特別Ａ２二,1700,ダ,右,不良,曇,8,3,3,ウインイノセンス,牡,5,56.0,514,5,池田敦,高橋俊,,8,1:59.1,46.3,4-3-5-8,6,514,5
2024/03/11,金沢,1,無料ネット新聞うまかつ．ｎｅｔ金沢Ｃ２十,1400,ダ,右,重,晴,10,3,3,ヴィクターバローズ,セ,0,56.0,471,2,田知弘,中川雅,,1,1:33.7,40.0,3-2-2-2,2,471,2
2024/03/11,金沢,1,無料ネット新聞うまかつ．ｎｅｔ金沢Ｃ２十,1400,ダ,右,重,晴,10,7,7,ケヴィンズクロス,牡,6,56.0,519,15,栗原大,加藤和,,2,1:33.9,40.8,1-1-1-1,1,519,15
2024/03/11,金沢,1,無料ネット新聞うまかつ．ｎｅｔ金沢Ｃ２十,1400,ダ,右,重,晴,10,7,8,ブランディング,牝,5,54.0,431,9,沖静男,川添明,,3,1:34.7,40.5,9-8-4-3,7,431,9
2024/03/11,金沢,1,無料ネット新聞うまかつ．ｎｅｔ金沢Ｃ２十,1400,ダ,右,重,晴,10,2,2,コウカンニッキ,牝,4,54.0,458,0,甲賀弘,金田一,,4,1:35.1,41.0,4-4-4-4,8,458,0
2024/03/11,金沢,1,無料ネット新聞うまかつ．ｎｅｔ金沢Ｃ２十,1400,ダ,右,重,晴,10,5,5,マナフリューゲル,牝,4,54.0,464,-9,堀場裕,井樋一,,5,1:35.3,41.3,2-3-3-4,5,464,-9
2024/03/11,金沢,1,無料ネット新聞うまかつ．ｎｅｔ金沢Ｃ２十,1400,ダ,右,重,晴,10,4,4,マーニ,牡,8,56.0,467,13,魚住謙,井樋一,,6,1:35.5,41.0,4-5-6-7,4,467,13
2024/03/11,金沢,1,無料ネット新聞うまかつ．ｎｅｔ金沢Ｃ２十,1400,ダ,右,重,晴,10,1,1,ティアモローザ,牝,4,54.0,440,-6,葛山晃,菅原欣,,7,1:35.6,41.1,7-7-7-6,9,440,-6
2024/03/11,金沢,1,無料ネット新聞うまかつ．ｎｅｔ金沢Ｃ２十,1400,ダ,右,重,晴,10,8,9,シンゼンアツタ,牡,4,55.0,476,-1,加藤翔,中川雅,,8,1:36.2,41.3,8-9-8-8,3,476,-1
2024/03/11,金沢,1,無料ネット新聞うまかつ．ｎｅｔ金沢Ｃ２十,1400,ダ,右,重,晴,10,8,10,ホットチョコ,牝,4,54.0,477,-2,柴田勇,川添明,,9,1:37.0,42.2,4-6-9-9,6,477,-2
2024/03/11,金沢,1,無料ネット新聞うまかつ．ｎｅｔ金沢Ｃ２十,1400,ダ,右,重,晴,10,6,6,フローラルハニー,牝,4,54.0,450,-4,服部大,川添明,,10,1:39.1,43.3,10-10-10-10,10,450,-4
2024/03/11,金沢,2,３歳Ｂ３,1400,ダ,右,重,晴,10,5,5,エイシンオットー,牝,3,54.0,449,-11,田知弘,中川雅,,1,1:32.4,39.6,1-1-1-1,4,449,-11
2024/03/11,金沢,2,３歳Ｂ３,1400,ダ,右,重,晴,10,6,6,ロングレジリエント,牡,3,56.0,437,1,米倉知,藤田弘,,2,1:33.1,39.8,4-3-3-2,3,437,1
2024/03/11,金沢,2,３歳Ｂ３,1400,ダ,右,重,晴,10,8,9,メロディーダンサー,牝,3,54.0,485,19,松戸政,金田一,,3,1:33.3,40.3,2-2-2-3,5,485,19
2024/03/11,金沢,2,３歳Ｂ３,1400,ダ,右,重,晴,10,7,7,ショウナンラッシュ,牡,3,56.0,545,7,栗原大,加藤和,,4,1:33.7,40.1,5-5-4-4,2,545,7
2024/03/11,金沢,2,３歳Ｂ３,1400,ダ,右,重,晴,10,4,4,シェルターベルト,牝,3,54.0,478,12,魚住謙,高橋俊,,5,1:33.8,40.3,3-3-4-4,1,478,12
2024/03/11,金沢,2,３歳Ｂ３,1400,ダ,右,重,晴,10,1,1,トップリアル,牝,3,54.0,421,15,兼子千,高橋道,,6,1:34.5,40.5,7-7-7-6,8,421,15
2024/03/11,金沢,2,３歳Ｂ３,1400,ダ,右,重,晴,10,3,3,ランフォーリリーズ,牝,3,54.0,410,-6,堀場裕,高橋優,,7,1:36.0,42.3,6-5-6-7,6,410,-6
2024/03/11,金沢,2,３歳Ｂ３,1400,ダ,右,重,晴,10,8,10,ハセケンザン,牡,3,56.0,0,0,吉田晃,野田幸,,8,1:36.5,41.4,8-8-8-8,7,0,0
2024/03/11,金沢,2,３歳Ｂ３,1400,ダ,右,重,晴,10,2,2,ホダカヤマブシ,牡,3,56.0,457,5,平瀬城,黒木豊,,9,1:37.1,41.6,9-9-9-9,9,457,5
2024/03/11,金沢,2,３歳Ｂ３,1400,ダ,右,重,晴,10,7,8,ハーバーフロント,牝,3,54.0,0,0,柴田勇,金田一,,,,,,,0,0
2024/03/11,金沢,3,歩波賞Ｃ２九,1400,ダ,右,重,晴,11,5,5,シュプール,牝,4,53.0,443,4,加藤翔,中川雅,,1,1:33.6,40.9,3-4-3-1,4,443,4
2024/03/11,金沢,3,歩波賞Ｃ２九,1400,ダ,右,重,晴,11,3,3,キャッチクライ,牝,4,54.0,465,8,甲賀弘,黒木豊,,2,1:33.7,41.6,1-1-1-2,5,465,8
2024/03/11,金沢,3,歩波賞Ｃ２九,1400,ダ,右,重,晴,11,1,1,デルマソトコマタ,牝,4,54.0,427,5,鈴木太,加藤義,,3,1:34.2,41.2,6-6-4-3,7,427,5
2024/03/11,金沢,3,歩波賞Ｃ２九,1400,ダ,右,重,晴,11,4,4,アポテカ,牝,4,54.0,450,0,松戸政,菅原欣,,4,1:34.4,40.2,9-9-10-5,3,450,0
2024/03/11,金沢,3,歩波賞Ｃ２九,1400,ダ,右,重,晴,11,8,10,ベリーアーリー,牝,4,54.0,423,0,葛山晃,菅原欣,,5,1:34.7,42.4,2-2-2-4,9,423,0
2024/03/11,金沢,3,歩波賞Ｃ２九,1400,ダ,右,重,晴,11,6,7,マイヴェリテ,セ,0,56.0,427,3,田知弘,金田一,,6,1:35.0,40.8,7-8-8-6,6,427,3
2024/03/11,金沢,3,歩波賞Ｃ２九,1400,ダ,右,重,晴,11,6,6,ピエールサンデー,牝,8,54.0,420,11,堀場裕,吉井一,,7,1:35.1,40.4,11-11-11-7,11,420,11
2024/03/11,金沢,3,歩波賞Ｃ２九,1400,ダ,右,重,晴,11,7,8,キラールージュ,牝,4,54.0,432,0,魚住謙,鋤田誠,,8,1:35.7,42.0,5-5-6-7,10,432,0
2024/03/11,金沢,3,歩波賞Ｃ２九,1400,ダ,右,重,晴,11,7,9,タペジャラ,牡,4,56.0,445,3,柴田勇,金田一,,9,1:35.8,42.1,9-10-7-7,8,445,3
2024/03/11,金沢,3,歩波賞Ｃ２九,1400,ダ,右,重,晴,11,2,2,ピエナファリア,牡,7,56.0,454,2,栗原大,菅原欣,,10,1:36.3,42.3,8-7-9-10,2,454,2
2024/03/11,金沢,3,歩波賞Ｃ２九,1400,ダ,右,重,晴,11,8,11,フラッシュダンス,牝,4,54.0,496,20,池田敦,高橋俊,,11,1:37.6,44.1,4-3-5-11,1,496,20
2024/03/11,金沢,4,皆川くんお誕生日記念３歳Ｂ２,1400,ダ,右,重,晴,9,1,1,ランハルト,牡,3,56.0,455,-5,田知弘,金田一,,1,1:35.4,40.9,1-2-1-1,2,455,-5
2024/03/11,金沢,4,皆川くんお誕生日記念３歳Ｂ２,1400,ダ,右,重,晴,9,7,7,オーデンリッキー,牝,3,54.0,460,7,平瀬城,高橋俊,,2,1:35.5,40.9,2-3-1-2,6,460,7
2024/03/11,金沢,4,皆川くんお誕生日記念３歳Ｂ２,1400,ダ,右,重,晴,9,6,6,エアンスト,牝,3,54.0,500,-3,鈴木太,加藤義,,3,1:35.7,40.7,5-5-4-4,3,500,-3
2024/03/11,金沢,4,皆川くんお誕生日記念３歳Ｂ２,1400,ダ,右,重,晴,9,8,9,カレンバンブー,牝,3,53.0,407,4,加藤翔,中川雅,,4,1:36.0,40.9,6-6-5-3,5,407,4
2024/03/11,金沢,4,皆川くんお誕生日記念３歳Ｂ２,1400,ダ,右,重,晴,9,4,4,キセキノクニ,セ,0,56.0,445,-16,甲賀弘,川添明,,5,1:36.7,41.3,8-7-7-6,9,445,-16
2024/03/11,金沢,4,皆川くんお誕生日記念３歳Ｂ２,1400,ダ,右,重,晴,9,2,2,ヘックス,牝,3,54.0,421,0,兼子千,佐藤茂,,6,1:38.1,42.5,9-7-8-7,1,421,0
2024/03/11,金沢,4,皆川くんお誕生日記念３歳Ｂ２,1400,ダ,右,重,晴,9,8,8,ヴァルチャー,牝,3,54.0,450,-1,沖静男,高橋俊,,7,1:38.4,43.6,4-4-3-5,7,450,-1
2024/03/11,金沢,4,皆川くんお誕生日記念３歳Ｂ２,1400,ダ,右,重,晴,9,5,5,フューゲイシャス,牡,3,56.0,452,-1,魚住謙,田嶋幸,,8,1:39.8,45.0,3-1-6-8,4,452,-1
2024/03/11,金沢,4,皆川くんお誕生日記念３歳Ｂ２,1400,ダ,右,重,晴,9,3,3,ミスヒノクニ,牝,3,54.0,462,-8,栗原大,佐藤茂,,9,1:40.1,43.5,7-9-9-9,8,462,-8
2024/03/11,金沢,5,祝！！宏夢＆杏夏結婚記念Ｃ２八,1400,ダ,右,重,晴,11,6,6,サスケブリッコ,牝,4,54.0,518,20,柴田勇,金田一,,1,1:31.3,39.5,6-4-3-1,1,518,20
2024/03/11,金沢,5,祝！！宏夢＆杏夏結婚記念Ｃ２八,1400,ダ,右,重,晴,11,7,9,マジカルモーション,牡,4,56.0,495,5,堀場裕,中川雅,,2,1:31.4,38.8,8-6-6-5,2,495,5
2024/03/11,金沢,5,祝！！宏夢＆杏夏結婚記念Ｃ２八,1400,ダ,右,重,晴,11,7,8,ケレンシア,牝,4,54.0,486,-3,服部大,川添明,,3,1:32.0,40.7,1-1-1-2,5,486,-3
2024/03/11,金沢,5,祝！！宏夢＆杏夏結婚記念Ｃ２八,1400,ダ,右,重,晴,11,5,5,アルブレーヴ,牡,4,56.0,514,1,吉田晃,佐藤茂,,4,1:32.1,39.8,5-5-4-3,3,514,1
2024/03/11,金沢,5,祝！！宏夢＆杏夏結婚記念Ｃ２八,1400,ダ,右,重,晴,11,3,3,ニューブラック,牡,4,56.0,511,4,池田敦,高橋俊,,5,1:32.3,41.9,3-3-2-3,4,511,4
2024/03/11,金沢,5,祝！！宏夢＆杏夏結婚記念Ｃ２八,1400,ダ,右,重,晴,11,6,7,ブリクシア,牡,6,56.0,527,28,田知弘,金田一,,6,1:33.6,40.5,4-8-7-9,6,527,28
2024/03/11,金沢,5,祝！！宏夢＆杏夏結婚記念Ｃ２八,1400,ダ,右,重,晴,11,2,2,フェイスタロー,牡,7,56.0,445,5,沖静男,川添明,,7,1:33.6,40.6,7-6-8-7,9,445,5
2024/03/11,金沢,5,祝！！宏夢＆杏夏結婚記念Ｃ２八,1400,ダ,右,重,晴,11,8,10,ウインドメイヒメ,牝,4,54.0,431,-2,松戸政,野田幸,,8,1:33.8,40.2,10-9-9-8,8,431,-2
2024/03/11,金沢,5,祝！！宏夢＆杏夏結婚記念Ｃ２八,1400,ダ,右,重,晴,11,4,4,ディオスシチー,牡,4,56.0,508,8,葛山晃,井樋一,,9,1:34.6,40.3,9-10-10-10,10,508,8
2024/03/11,金沢,5,祝！！宏夢＆杏夏結婚記念Ｃ２八,1400,ダ,右,重,晴,11,1,1,マルカンレインボー,牝,4,54.0,420,3,栗原大,高橋道,,10,1:35.2,43.2,2-2-5-6,7,420,3
2024/03/11,金沢,5,祝！！宏夢＆杏夏結婚記念Ｃ２八,1400,ダ,右,重,晴,11,8,11,テラフォーマー,牡,10,56.0,451,-5,鈴木太,吉井一,,11,1:38.9,41.4,11-11-11-11,11,451,-5
2024/03/11,金沢,6,Ｃ１二,1500,ダ,右,重,晴,12,8,11,エイチエヌバンピー,牡,4,56.0,473,2,米倉知,佐藤茂,,1,1:37.6,37.6,1-2-3-2,1,473,2
2024/03/11,金沢,6,Ｃ１二,1500,ダ,右,重,晴,12,6,8,サンデーミラージュ,セ,0,56.0,491,-4,栗原大,金田一,,2,1:38.0,38.2,6-5-1-1,4,491,-4
2024/03/11,金沢,6,Ｃ１二,1500,ダ,右,重,晴,12,4,4,ウインペルセ,牡,4,56.0,481,5,吉田晃,佐藤茂,,3,1:39.1,39.1,1-1-2-3,2,481,5
2024/03/11,金沢,6,Ｃ１二,1500,ダ,右,重,晴,12,8,12,ステイクロース,セ,0,56.0,433,-1,柴田勇,井樋一,,4,1:39.5,39.1,3-3-4-5,7,433,-1
2024/03/11,金沢,6,Ｃ１二,1500,ダ,右,重,晴,12,5,5,ナイトスターリリー,牝,7,54.0,444,-12,堀場裕,高橋優,,5,1:39.7,39.3,5-4-5-4,5,444,-12
2024/03/11,金沢,6,Ｃ１二,1500,ダ,右,重,晴,12,6,7,グッドラックスター,牝,7,54.0,470,-2,鈴木太,鈴木正,,6,1:39.8,39.1,8-8-6-6,6,470,-2
2024/03/11,金沢,6,Ｃ１二,1500,ダ,右,重,晴,12,1,1,シュペルブ,牝,5,54.0,428,-2,松戸政,宗綱泰,,7,1:41.3,40.3,7-7-7-7,11,428,-2
2024/03/11,金沢,6,Ｃ１二,1500,ダ,右,重,晴,12,5,6,サーストンユタ,牡,5,56.0,480,4,魚住謙,高橋俊,,8,1:41.6,39.9,12-12-10-8,10,480,4
2024/03/11,金沢,6,Ｃ１二,1500,ダ,右,重,晴,12,3,3,ノースヒビキ,牝,8,54.0,473,0,服部大,高橋俊,,9,1:42.2,41.2,4-6-8-8,8,473,0
2024/03/11,金沢,6,Ｃ１二,1500,ダ,右,重,晴,12,7,9,ミツカネアース,牡,4,56.0,490,3,田知弘,金田一,,10,1:42.5,41.1,8-9-9-8,3,490,3
2024/03/11,金沢,6,Ｃ１二,1500,ダ,右,重,晴,12,2,2,ソメット,牝,5,54.0,440,-13,池田敦,高橋俊,,11,1:42.6,40.9,10-10-11-11,9,440,-13
2024/03/11,金沢,6,Ｃ１二,1500,ダ,右,重,晴,12,7,10,アイスケイブ,牝,5,54.0,428,-4,甲賀弘,宗綱泰,,12,1:42.9,40.8,10-11-12-12,12,428,-4
2024/03/11,金沢,7,全国からの被災地支援ありがとう特３歳Ｂ１,1500,ダ,右,重,晴,8,2,2,カレンアイバーソン,牡,3,56.0,465,9,松戸政,井樋一,,1,1:39.3,38.7,3-4-1-1,1,465,9
2024/03/11,金沢,7,全国からの被災地支援ありがとう特３歳Ｂ１,1500,ダ,右,重,晴,8,8,8,メニー,牡,3,55.0,418,0,加藤翔,中川雅,,2,1:40.7,39.6,7-7-5-3,3,418,0
2024/03/11,金沢,7,全国からの被災地支援ありがとう特３歳Ｂ１,1500,ダ,右,重,晴,8,4,4,ムーンロゼ,牝,3,54.0,412,5,柴田勇,金田一,,3,1:40.9,40.0,3-3-4-5,7,412,5
2024/03/11,金沢,7,全国からの被災地支援ありがとう特３歳Ｂ１,1500,ダ,右,重,晴,8,1,1,ベストブラボー,牝,3,54.0,442,-3,魚住謙,鈴木正,,4,1:40.9,40.4,1-1-2-2,4,442,-3
2024/03/11,金沢,7,全国からの被災地支援ありがとう特３歳Ｂ１,1500,ダ,右,重,晴,8,3,3,カミソリストレート,牡,3,56.0,477,5,鈴木太,鈴木正,,5,1:41.1,40.4,2-2-3-3,2,477,5
2024/03/11,金沢,7,全国からの被災地支援ありがとう特３歳Ｂ１,1500,ダ,右,重,晴,8,6,6,ボルドーエゾンス,牝,3,54.0,412,2,葛山晃,高橋俊,,6,1:41.3,40.1,5-5-6-6,8,412,2
2024/03/11,金沢,7,全国からの被災地支援ありがとう特３歳Ｂ１,1500,ダ,右,重,晴,8,5,5,アマネク,牝,3,54.0,441,10,甲賀弘,田嶋幸,,7,1:41.5,40.1,5-6-7-7,6,441,10
2024/03/11,金沢,7,全国からの被災地支援ありがとう特３歳Ｂ１,1500,ダ,右,重,晴,8,7,7,ヨメニケイゴ,牝,3,54.0,450,2,栗原大,菅原欣,,8,1:43.6,41.6,8-8-8-8,5,450,2
2024/03/11,金沢,8,がんばろう石川特別Ｃ１一,1500,ダ,右,重,晴,12,8,11,アレレブルー,牡,6,55.0,458,1,加藤翔,加藤義,,1,1:39.5,39.9,10-10-7-2,2,458,1
2024/03/11,金沢,8,がんばろう石川特別Ｃ１一,1500,ダ,右,重,晴,12,5,6,センチュリヒーロー,牡,4,56.0,424,9,柴田勇,中川雅,,2,1:39.7,39.6,12-12-9-5,5,424,9
2024/03/11,金沢,8,がんばろう石川特別Ｃ１一,1500,ダ,右,重,晴,12,1,1,ヴィトラス,セ,0,56.0,453,-3,葛山晃,高橋俊,,3,1:40.0,42.3,3-1-1-1,3,453,-3
2024/03/11,金沢,8,がんばろう石川特別Ｃ１一,1500,ダ,右,重,晴,12,7,10,ミレクイーン,牝,4,54.0,476,-12,栗原大,井樋一,,4,1:40.3,41.3,5-5-4-4,4,476,-12
2024/03/11,金沢,8,がんばろう石川特別Ｃ１一,1500,ダ,右,重,晴,12,6,8,ステイグリーン,牡,8,56.0,537,-6,甲賀弘,黒木豊,,5,1:40.3,41.9,1-2-2-3,1,537,-6
2024/03/11,金沢,8,がんばろう石川特別Ｃ１一,1500,ダ,右,重,晴,12,4,4,ライムワード,セ,0,56.0,529,9,平瀬城,黒木豊,,6,1:40.4,40.5,7-8-8-5,8,529,9
2024/03/11,金沢,8,がんばろう石川特別Ｃ１一,1500,ダ,右,重,晴,12,5,5,グローリアステラ,牝,6,54.0,442,-13,魚住謙,佐藤茂,,7,1:40.5,40.4,11-11-11-9,9,442,-13
2024/03/11,金沢,8,がんばろう石川特別Ｃ１一,1500,ダ,右,重,晴,12,6,7,ビナダラット,牝,4,54.0,439,-8,堀場裕,加藤和,,8,1:40.7,41.3,8-6-6-8,7,439,-8
2024/03/11,金沢,8,がんばろう石川特別Ｃ１一,1500,ダ,右,重,晴,12,7,9,シュネルン,牝,7,54.0,455,-7,池田敦,高橋俊,,9,1:41.1,42.4,2-3-3-7,10,455,-7
2024/03/11,金沢,8,がんばろう石川特別Ｃ１一,1500,ダ,右,重,晴,12,2,2,レッツドゥイット,牝,5,54.0,461,1,吉田晃,佐藤茂,,10,1:44.1,44.1,5-6-10-10,12,461,1
2024/03/11,金沢,8,がんばろう石川特別Ｃ１一,1500,ダ,右,重,晴,12,8,12,エクメディダイヤ,牡,5,56.0,473,-8,田知弘,金田一,,11,1:44.2,45.1,3-4-5-11,11,473,-8
2024/03/11,金沢,8,がんばろう石川特別Ｃ１一,1500,ダ,右,重,晴,12,3,3,ライディーン,牡,5,56.0,497,7,沖静男,高橋俊,,12,1:48.8,48.1,9-9-12-12,6,497,7
2024/03/11,金沢,9,能登牛食べて応援しようキャンペーンＢ２五,1400,ダ,右,重,晴,11,8,11,シュンコッチャン,牡,4,56.0,454,-7,吉田晃,佐藤茂,,1,1:31.3,40.0,2-2-1-1,2,454,-7
2024/03/11,金沢,9,能登牛食べて応援しようキャンペーンＢ２五,1400,ダ,右,重,晴,11,3,3,コンパウンダー,牡,9,56.0,464,4,葛山晃,川添明,,2,1:31.7,39.0,7-7-7-6,7,464,4
2024/03/11,金沢,9,能登牛食べて応援しようキャンペーンＢ２五,1400,ダ,右,重,晴,11,2,2,ヒロノランマン,セ,0,56.0,518,9,柴田勇,金田一,,3,1:31.8,39.5,5-6-4-5,6,518,9
2024/03/11,金沢,9,能登牛食べて応援しようキャンペーンＢ２五,1400,ダ,右,重,晴,11,5,5,ジャストインタイム,牡,8,56.0,490,2,甲賀弘,高橋俊,,4,1:31.9,40.1,3-3-3-2,3,490,2
2024/03/11,金沢,9,能登牛食べて応援しようキャンペーンＢ２五,1400,ダ,右,重,晴,11,1,1,フェイマスグローリ,牡,4,56.0,521,0,魚住謙,佐藤茂,,5,1:31.9,39.6,3-3-5-4,1,521,0
2024/03/11,金沢,9,能登牛食べて応援しようキャンペーンＢ２五,1400,ダ,右,重,晴,11,7,9,ツウカイステラ,牝,8,54.0,459,4,松戸政,宗綱泰,,6,1:32.3,38.5,8-8-8-7,9,459,4
2024/03/11,金沢,9,能登牛食べて応援しようキャンペーンＢ２五,1400,ダ,右,重,晴,11,8,10,コンチドリーム,牝,5,54.0,499,17,栗原大,井樋一,,7,1:32.3,37.4,11-11-10-8,4,499,17
2024/03/11,金沢,9,能登牛食べて応援しようキャンペーンＢ２五,1400,ダ,右,重,晴,11,6,7,オミワタリ,牡,5,55.0,469,-19,加藤翔,田嶋幸,,8,1:33.3,39.0,10-10-9-10,8,469,-19
2024/03/11,金沢,9,能登牛食べて応援しようキャンペーンＢ２五,1400,ダ,右,重,晴,11,7,8,エムオータイショウ,牡,8,56.0,509,-2,平瀬城,佐藤茂,,9,1:33.5,42.2,1-1-1-2,5,509,-2
2024/03/11,金沢,9,能登牛食べて応援しようキャンペーンＢ２五,1400,ダ,右,重,晴,11,4,4,ナッシングマターズ,牡,5,56.0,511,19,服部大,川添明,,10,1:34.9,40.2,9-9-11-11,11,511,19
2024/03/11,金沢,9,能登牛食べて応援しようキャンペーンＢ２五,1400,ダ,右,重,晴,11,6,6,ユキゲショウ,牝,5,54.0,454,-14,沖静男,川添明,,11,1:35.9,43.7,6-5-5-8,10,454,-14
2024/03/11,金沢,10,北陸新幹線県内全線開業あと５日賞Ｂ２四,1400,ダ,右,稍重,曇,11,3,3,レインボーヒル,牡,6,56.0,457,-7,鈴木太,高橋優,,1,1:33.8,40.2,6-5-5-4,11,457,-7
2024/03/11,金沢,10,北陸新幹線県内全線開業あと５日賞Ｂ２四,1400,ダ,右,稍重,曇,11,1,1,ハートリープ,牝,6,54.0,413,-4,沖静男,川添明,,2,1:34.2,41.2,4-3-3-3,6,413,-4
2024/03/11,金沢,10,北陸新幹線県内全線開業あと５日賞Ｂ２四,1400,ダ,右,稍重,曇,11,2,2,ティアン,牝,4,54.0,429,0,吉田晃,佐藤茂,,3,1:34.3,41.6,2-2-1-1,2,429,0
2024/03/11,金沢,10,北陸新幹線県内全線開業あと５日賞Ｂ２四,1400,ダ,右,稍重,曇,11,7,8,カカンクオン,牡,6,56.0,437,6,魚住謙,鈴木正,,4,1:34.3,41.0,3-4-4-4,9,437,6
2024/03/11,金沢,10,北陸新幹線県内全線開業あと５日賞Ｂ２四,1400,ダ,右,稍重,曇,11,4,4,グランエクセレント,牡,7,56.0,532,13,平瀬城,黒木豊,,5,1:34.3,39.4,11-11-11-9,1,532,13
2024/03/11,金沢,10,北陸新幹線県内全線開業あと５日賞Ｂ２四,1400,ダ,右,稍重,曇,11,5,5,デンドロビウム,牝,5,54.0,458,-4,松戸政,宗綱泰,,6,1:34.7,40.7,7-7-8-6,10,458,-4
2024/03/11,金沢,10,北陸新幹線県内全線開業あと５日賞Ｂ２四,1400,ダ,右,稍重,曇,11,6,6,ナムラロロ,牡,5,56.0,446,3,堀場裕,井樋一,,7,1:34.8,40.6,7-9-9-9,5,446,3
2024/03/11,金沢,10,北陸新幹線県内全線開業あと５日賞Ｂ２四,1400,ダ,右,稍重,曇,11,7,9,ライダーストーム,牡,5,56.0,489,-21,柴田勇,井樋一,,8,1:35.1,42.5,1-1-1-1,3,489,-21
2024/03/11,金沢,10,北陸新幹線県内全線開業あと５日賞Ｂ２四,1400,ダ,右,稍重,曇,11,8,10,シゲルシチフクジン,牝,12,54.0,451,-1,葛山晃,川添明,,9,1:35.2,41.1,7-9-6-7,7,451,-1
2024/03/11,金沢,10,北陸新幹線県内全線開業あと５日賞Ｂ２四,1400,ダ,右,稍重,曇,11,8,11,スタールーズベルト,牡,4,56.0,463,0,甲賀弘,藤田弘,,10,1:35.3,41.4,5-6-6-7,4,463,0
2024/03/11,金沢,10,北陸新幹線県内全線開業あと５日賞Ｂ２四,1400,ダ,右,稍重,曇,11,6,7,エイシンシルエット,牝,6,54.0,479,0,田知弘,室井眞,,11,1:37.2,43.0,7-8-9-11,8,479,0
2024/03/11,金沢,11,能登半島地震復興支援杯２Ｂ１四,1400,ダ,右,稍重,曇,12,4,4,シークレットグロウ,牡,5,56.0,448,1,栗原大,鋤田誠,,1,1:31.0,39.2,2-2-1-1,6,448,1
2024/03/11,金沢,11,能登半島地震復興支援杯２Ｂ１四,1400,ダ,右,稍重,曇,12,6,7,ノーウェイ,牡,9,56.0,515,1,平瀬城,黒木豊,,2,1:31.5,38.6,6-6-5-3,3,515,1
2024/03/11,金沢,11,能登半島地震復興支援杯２Ｂ１四,1400,ダ,右,稍重,曇,12,5,6,ガンブーツダンス,セ,0,55.0,510,0,加藤翔,中川雅,,3,1:31.5,39.1,4-4-4-3,1,510,0
2024/03/11,金沢,11,能登半島地震復興支援杯２Ｂ１四,1400,ダ,右,稍重,曇,12,8,11,イズジョーアーサー,牡,5,56.0,506,6,堀場裕,金田一,,4,1:32.5,38.6,8-8-8-6,2,506,6
2024/03/11,金沢,11,能登半島地震復興支援杯２Ｂ１四,1400,ダ,右,稍重,曇,12,7,10,マウントゴールド,牡,11,56.0,447,-4,沖静男,井樋一,,5,1:33.0,38.2,11-10-10-9,7,447,-4
2024/03/11,金沢,11,能登半島地震復興支援杯２Ｂ１四,1400,ダ,右,稍重,曇,12,5,5,サクセスソング,牝,5,54.0,437,-2,魚住謙,鋤田誠,,6,1:33.2,38.7,9-9-9-8,11,437,-2
2024/03/11,金沢,11,能登半島地震復興支援杯２Ｂ１四,1400,ダ,右,稍重,曇,12,7,9,ノールック,牝,6,54.0,433,1,吉田晃,高橋俊,,7,1:33.4,41.3,3-3-3-5,5,433,1
2024/03/11,金沢,11,能登半島地震復興支援杯２Ｂ１四,1400,ダ,右,稍重,曇,12,2,2,サノノビーチ,牝,4,54.0,509,-7,米倉知,加藤和,,8,1:33.9,42.1,1-1-1-2,4,509,-7
2024/03/11,金沢,11,能登半島地震復興支援杯２Ｂ１四,1400,ダ,右,稍重,曇,12,1,1,カズノザンゲツ,牝,5,54.0,504,-7,松戸政,宗綱泰,,9,1:34.0,40.4,7-7-7-7,9,504,-7
2024/03/11,金沢,11,能登半島地震復興支援杯２Ｂ１四,1400,ダ,右,稍重,曇,12,6,8,ギロウ,牡,4,56.0,487,4,甲賀弘,中川雅,,10,1:34.5,39.0,10-11-11-11,12,487,4
2024/03/11,金沢,11,能登半島地震復興支援杯２Ｂ１四,1400,ダ,右,稍重,曇,12,8,12,ブレッシングクライ,牡,5,56.0,505,1,池田敦,高橋俊,,11,1:34.7,41.5,4-5-6-9,10,505,1
2024/03/11,金沢,11,能登半島地震復興支援杯２Ｂ１四,1400,ダ,右,稍重,曇,12,3,3,キョウエイゾロ,牝,5,54.0,484,14,鈴木太,井樋一,,,,,12-12,8,484,14
2024/03/11,金沢,12,楽天ポイントでネット投票特別Ａ２一,1500,ダ,右,稍重,曇,11,7,9,タイサイ,牡,8,55.0,491,-19,加藤翔,井樋一,,1,1:36.0,38.5,2-2-2-1,4,491,-19
2024/03/11,金沢,12,楽天ポイントでネット投票特別Ａ２一,1500,ダ,右,稍重,曇,11,2,2,テトラルキア,セ,0,56.0,511,5,柴田勇,金田一,,2,1:37.0,38.9,8-6-5-2,1,511,5
2024/03/11,金沢,12,楽天ポイントでネット投票特別Ａ２一,1500,ダ,右,稍重,曇,11,3,3,エラスムス,牡,11,56.0,481,-9,田知弘,金田一,,3,1:37.6,38.9,9-9-8-6,2,481,-9
2024/03/11,金沢,12,楽天ポイントでネット投票特別Ａ２一,1500,ダ,右,稍重,曇,11,4,4,ルナエルモッサ,牝,5,54.0,428,3,栗原大,川添明,,4,1:37.7,39.9,3-3-4-3,9,428,3
2024/03/11,金沢,12,楽天ポイントでネット投票特別Ａ２一,1500,ダ,右,稍重,曇,11,7,8,アルティスタエース,牡,9,56.0,466,-16,堀場裕,井樋一,,5,1:38.4,40.7,5-5-3-5,6,466,-16
2024/03/11,金沢,12,楽天ポイントでネット投票特別Ａ２一,1500,ダ,右,稍重,曇,11,1,1,ボストンコモン,牡,4,56.0,468,12,吉田晃,高橋俊,,6,1:38.9,40.6,7-7-7-7,5,468,12
2024/03/11,金沢,12,楽天ポイントでネット投票特別Ａ２一,1500,ダ,右,稍重,曇,11,6,6,ピンクビジョン,牝,4,54.0,428,6,米倉知,加藤和,,7,1:39.3,40.1,10-10-9-9,7,428,6
2024/03/11,金沢,12,楽天ポイントでネット投票特別Ａ２一,1500,ダ,右,稍重,曇,11,5,5,ピエナパプリカ,牡,6,56.0,490,13,鈴木太,鋤田誠,,8,1:39.3,39.9,11-11-10-10,11,490,13
2024/03/11,金沢,12,楽天ポイントでネット投票特別Ａ２一,1500,ダ,右,稍重,曇,11,8,11,グランメゾン,牝,5,54.0,442,-6,松戸政,宗綱泰,,9,1:40.0,41.9,3-4-6-8,10,442,-6
2024/03/11,金沢,12,楽天ポイントでネット投票特別Ａ２一,1500,ダ,右,稍重,曇,11,8,10,ホイッスルベイト,牝,5,54.0,451,2,池田敦,高橋俊,,10,1:40.1,43.2,1-1-1-4,3,451,2
2024/03/11,金沢,12,楽天ポイントでネット投票特別Ａ２一,1500,ダ,右,稍重,曇,11,6,7,ヴィルベッピンサン,牝,5,54.0,472,4,魚住謙,鋤田誠,,11,1:40.1,41.0,6-8-10-11,8,472,4
2024/03/12,金沢,1,無料ネット新聞うまかつ．ｎｅｔ金沢Ｃ２七,1400,ダ,右,不良,雨,8,8,8,ジェイエルフラッグ,牝,8,54.0,461,7,米倉知,加藤和,,1,1:30.8,39.5,4-3-2-1,1,461,7
2024/03/12,金沢,1,無料ネット新聞うまかつ．ｎｅｔ金沢Ｃ２七,1400,ダ,右,不良,雨,8,1,1,デルマスソバライ,牝,4,53.0,422,-3,加藤翔,加藤義,,2,1:33.1,40.4,5-5-4-5,5,422,-3
2024/03/12,金沢,1,無料ネット新聞うまかつ．ｎｅｔ金沢Ｃ２七,1400,ダ,右,不良,雨,8,4,4,クリスタルゴールド,牡,4,56.0,497,5,吉田晃,佐藤茂,,3,1:33.3,40.7,2-4-4-4,3,497,5
2024/03/12,金沢,1,無料ネット新聞うまかつ．ｎｅｔ金沢Ｃ２七,1400,ダ,右,不良,雨,8,7,7,シュマンドロワ,牡,4,56.0,484,0,松戸政,井樋一,,4,1:34.1,42.6,2-2-3-3,2,484,0
2024/03/12,金沢,1,無料ネット新聞うまかつ．ｎｅｔ金沢Ｃ２七,1400,ダ,右,不良,雨,8,5,5,セブンハイ,牡,4,56.0,499,3,柴田勇,金田一,,5,1:34.1,41.3,6-6-6-6,8,499,3
2024/03/12,金沢,1,無料ネット新聞うまかつ．ｎｅｔ金沢Ｃ２七,1400,ダ,右,不良,雨,8,6,6,ブレイクネック,牡,4,56.0,516,-6,堀場裕,井樋一,,6,1:34.2,43.4,1-1-1-2,4,516,-6
2024/03/12,金沢,1,無料ネット新聞うまかつ．ｎｅｔ金沢Ｃ２七,1400,ダ,右,不良,雨,8,2,2,ソッケルカーカ,牝,4,54.0,462,-5,魚住謙,高橋優,,7,1:35.1,40.1,8-8-8-8,6,462,-5
2024/03/12,金沢,1,無料ネット新聞うまかつ．ｎｅｔ金沢Ｃ２七,1400,ダ,右,不良,雨,8,3,3,グリームクィーン,牝,4,54.0,474,-5,服部大,川添明,,8,1:36.6,42.8,7-7-7-7,7,474,-5
2024/03/12,金沢,2,被災地支援ボランティアありがとう賞Ｃ２六,1400,ダ,右,不良,雨,12,3,3,リュウノチャチャ,牝,6,53.0,447,-8,加藤翔,加藤義,,1,1:31.0,38.9,1-1-1-1,3,447,-8
2024/03/12,金沢,2,被災地支援ボランティアありがとう賞Ｃ２六,1400,ダ,右,不良,雨,12,6,7,ワラッテユルシテ,牝,4,54.0,529,9,栗原大,井樋一,,2,1:32.5,40.0,3-4-4-2,1,529,9
2024/03/12,金沢,2,被災地支援ボランティアありがとう賞Ｃ２六,1400,ダ,右,不良,雨,12,1,1,キャリアウーマン,牝,4,54.0,468,0,甲賀弘,黒木豊,,3,1:32.5,40.0,5-5-5-3,7,468,0
2024/03/12,金沢,2,被災地支援ボランティアありがとう賞Ｃ２六,1400,ダ,右,不良,雨,12,8,12,アルジェントステラ,牝,6,54.0,467,13,米倉知,加藤和,,4,1:33.4,41.1,4-2-2-4,2,467,13
2024/03/12,金沢,2,被災地支援ボランティアありがとう賞Ｃ２六,1400,ダ,右,不良,雨,12,7,10,オールマイフレンズ,牝,6,54.0,446,-1,堀場裕,中川雅,,5,1:33.4,40.6,6-6-6-5,8,446,-1
2024/03/12,金沢,2,被災地支援ボランティアありがとう賞Ｃ２六,1400,ダ,右,不良,雨,12,8,11,リッタースポーツ,牡,4,56.0,486,10,葛山晃,井樋一,,6,1:33.8,39.2,9-10-9-9,5,486,10
2024/03/12,金沢,2,被災地支援ボランティアありがとう賞Ｃ２六,1400,ダ,右,不良,雨,12,2,2,アンザンタカヒロ,セ,0,56.0,477,6,柴田勇,吉井一,,7,1:33.9,40.8,7-7-7-7,11,477,6
2024/03/12,金沢,2,被災地支援ボランティアありがとう賞Ｃ２六,1400,ダ,右,不良,雨,12,4,4,ナックレガシー,牡,4,56.0,524,10,田知弘,金田一,,8,1:34.0,41.6,2-3-3-6,6,524,10
2024/03/12,金沢,2,被災地支援ボランティアありがとう賞Ｃ２六,1400,ダ,右,不良,雨,12,6,8,カイエン,牡,4,56.0,532,7,魚住謙,高橋優,,9,1:34.5,40.5,10-8-8-8,4,532,7
2024/03/12,金沢,2,被災地支援ボランティアありがとう賞Ｃ２六,1400,ダ,右,不良,雨,12,5,5,ボルンカズマ,牡,8,56.0,493,-1,服部大,川添明,,10,1:37.5,40.5,12-12-12-12,12,493,-1
2024/03/12,金沢,2,被災地支援ボランティアありがとう賞Ｃ２六,1400,ダ,右,不良,雨,12,5,6,ヴィートディエース,牝,4,54.0,428,-8,沖静男,川添明,,11,1:38.2,42.6,7-9-10-10,10,428,-8
2024/03/12,金沢,2,被災地支援ボランティアありがとう賞Ｃ２六,1400,ダ,右,不良,雨,12,7,9,ピュアステート,牡,4,56.0,423,8,平瀬城,宗綱泰,,12,1:38.4,42.0,11-11-11-11,9,423,8
2024/03/12,金沢,3,Ｃ２五,1400,ダ,右,不良,雨,10,5,5,レイワガンタン,セ,0,56.0,449,0,吉田晃,佐藤茂,,1,1:31.5,39.1,4-5-5-2,2,449,0
2024/03/12,金沢,3,Ｃ２五,1400,ダ,右,不良,雨,10,2,2,マクシミリアン,牡,6,56.0,474,8,甲賀弘,高橋俊,,2,1:31.7,39.9,2-2-2-1,1,474,8
2024/03/12,金沢,3,Ｃ２五,1400,ダ,右,不良,雨,10,8,10,タカラアーサー,牡,4,56.0,523,36,栗原大,菅原欣,,3,1:32.3,40.2,3-3-3-2,6,523,36
2024/03/12,金沢,3,Ｃ２五,1400,ダ,右,不良,雨,10,7,8,ピンフドラサン,牡,7,56.0,473,3,柴田勇,井樋一,,4,1:32.6,39.1,10-8-6-6,3,473,3
2024/03/12,金沢,3,Ｃ２五,1400,ダ,右,不良,雨,10,3,3,ユーバーウィンデン,牡,4,56.0,531,0,米倉知,佐藤茂,,5,1:32.8,40.9,5-4-3-5,4,531,0
2024/03/12,金沢,3,Ｃ２五,1400,ダ,右,不良,雨,10,1,1,サーストンアイダホ,牡,5,56.0,506,16,田知弘,高橋道,,6,1:33.2,41.4,1-1-1-4,7,506,16
2024/03/12,金沢,3,Ｃ２五,1400,ダ,右,不良,雨,10,6,6,クールサムタイム,セ,0,55.0,463,-24,加藤翔,加藤義,,7,1:34.4,40.5,6-6-8-8,8,463,-24
2024/03/12,金沢,3,Ｃ２五,1400,ダ,右,不良,雨,10,4,4,アンクルテイオウ,牡,8,56.0,496,4,池田敦,鈴木正,,8,1:34.4,40.2,8-8-9-9,9,496,4
2024/03/12,金沢,3,Ｃ２五,1400,ダ,右,不良,雨,10,7,7,カジノノーブル,牡,11,56.0,407,-5,平瀬城,黒木豊,,9,1:34.9,40.3,8-10-10-10,10,407,-5
2024/03/12,金沢,3,Ｃ２五,1400,ダ,右,不良,雨,10,8,9,テリオスカイ,牡,4,56.0,521,9,魚住謙,加藤和,,10,1:35.2,41.5,7-7-7-7,5,521,9
2024/03/12,金沢,4,アネモネ賞Ｃ２四以下牝馬,1400,ダ,右,不良,雨,10,6,6,ヴイエルジュ,牝,4,53.0,449,5,加藤翔,加藤義,,1,1:32.2,38.9,1-1-1-1,1,449,5
2024/03/12,金沢,4,アネモネ賞Ｃ２四以下牝馬,1400,ダ,右,不良,雨,10,8,10,コバルトスカイ,牝,7,54.0,492,5,葛山晃,菅原欣,,2,1:32.2,38.7,2-3-2-2,3,492,5
2024/03/12,金沢,4,アネモネ賞Ｃ２四以下牝馬,1400,ダ,右,不良,雨,10,1,1,アワーストーリー,牝,4,54.0,434,-1,堀場裕,加藤義,,3,1:32.4,38.9,3-2-3-3,5,434,-1
2024/03/12,金沢,4,アネモネ賞Ｃ２四以下牝馬,1400,ダ,右,不良,雨,10,3,3,ビーチポジティヴ,牝,4,54.0,461,3,田知弘,金田一,,4,1:33.4,39.7,4-4-4-4,2,461,3
2024/03/12,金沢,4,アネモネ賞Ｃ２四以下牝馬,1400,ダ,右,不良,雨,10,5,5,ネモフィラ,牝,4,54.0,425,-30,栗原大,菅原欣,,5,1:33.9,39.7,7-7-6-6,6,425,-30
2024/03/12,金沢,4,アネモネ賞Ｃ２四以下牝馬,1400,ダ,右,不良,雨,10,2,2,スウィートイレブン,牝,7,54.0,437,-27,松戸政,田嶋幸,,6,1:34.7,40.8,4-4-5-5,7,437,-27
2024/03/12,金沢,4,アネモネ賞Ｃ２四以下牝馬,1400,ダ,右,不良,雨,10,4,4,ウワサノモネ,牝,4,54.0,423,-2,柴田勇,菅原欣,,7,1:35.0,40.2,8-9-9-7,8,423,-2
2024/03/12,金沢,4,アネモネ賞Ｃ２四以下牝馬,1400,ダ,右,不良,雨,10,8,9,ジュニアフェザー,牝,6,54.0,445,-9,池田敦,鈴木正,,8,1:35.0,40.4,8-7-7-9,10,445,-9
2024/03/12,金沢,4,アネモネ賞Ｃ２四以下牝馬,1400,ダ,右,不良,雨,10,7,7,スカーレットリボン,牝,8,54.0,419,-6,甲賀弘,高橋道,,9,1:35.2,40.2,10-10-10-10,9,419,-6
2024/03/12,金沢,4,アネモネ賞Ｃ２四以下牝馬,1400,ダ,右,不良,雨,10,7,8,トゥインクルーガー,牝,4,54.0,441,0,魚住謙,高橋優,,10,1:35.5,41.2,6-6-7-8,4,441,0
2024/03/12,金沢,5,Ｃ２三,1500,ダ,右,不良,雨,10,7,8,イサムサンカ,牡,4,56.0,486,-1,吉田晃,佐藤茂,,1,1:37.9,39.0,1-1-1-1,3,486,-1
2024/03/12,金沢,5,Ｃ２三,1500,ダ,右,不良,雨,10,2,2,ハイパーノヴァ,セ,0,56.0,502,2,平瀬城,黒木豊,,2,1:38.5,39.0,7-7-4-2,1,502,2
2024/03/12,金沢,5,Ｃ２三,1500,ダ,右,不良,雨,10,8,10,インワンシティング,セ,0,56.0,438,-12,栗原大,加藤和,,3,1:39.2,39.9,3-4-5-3,4,438,-12
2024/03/12,金沢,5,Ｃ２三,1500,ダ,右,不良,雨,10,3,3,カミノマジック,セ,0,56.0,482,13,魚住謙,鈴木正,,4,1:39.8,40.6,4-3-2-4,6,482,13
2024/03/12,金沢,5,Ｃ２三,1500,ダ,右,不良,雨,10,7,7,ラカン,牡,6,56.0,483,-5,堀場裕,井樋一,,5,1:40.0,40.3,10-10-6-5,2,483,-5
2024/03/12,金沢,5,Ｃ２三,1500,ダ,右,不良,雨,10,4,4,ヒロノホマレボシ,セ,0,56.0,413,-15,葛山晃,佐藤茂,,6,1:40.3,40.7,6-5-8-5,8,413,-15
2024/03/12,金沢,5,Ｃ２三,1500,ダ,右,不良,雨,10,1,1,グラシアーノ,牝,4,53.0,423,-15,加藤翔,加藤義,,7,1:41.0,41.5,5-6-6-7,5,423,-15
2024/03/12,金沢,5,Ｃ２三,1500,ダ,右,不良,雨,10,6,6,リードキングダム,牝,6,54.0,423,10,甲賀弘,黒木豊,,8,1:41.6,41.7,7-7-9-8,7,423,10
2024/03/12,金沢,5,Ｃ２三,1500,ダ,右,不良,雨,10,5,5,ヒマワリオジョウ,牝,8,54.0,431,-3,沖静男,鋤田誠,,9,1:41.7,42.0,9-9-9-9,9,431,-3
2024/03/12,金沢,5,Ｃ２三,1500,ダ,右,不良,雨,10,8,9,シェーンシュタット,牡,6,56.0,445,1,田知弘,加藤和,,10,1:43.2,44.1,2-2-2-9,10,445,1
2024/03/12,金沢,6,頑張れ和倉温泉復興祈念杯Ｃ２二,1500,ダ,右,不良,雨,12,6,8,ウメタロウ,牡,9,56.0,519,1,柴田勇,金田一,,1,1:37.3,40.1,1-1-1-1,1,519,1
2024/03/12,金沢,6,頑張れ和倉温泉復興祈念杯Ｃ２二,1500,ダ,右,不良,雨,12,3,3,サウスシーパール,牡,4,56.0,479,7,葛山晃,菅原欣,,2,1:39.3,40.6,6-5-5-5,6,479,7
2024/03/12,金沢,6,頑張れ和倉温泉復興祈念杯Ｃ２二,1500,ダ,右,不良,雨,12,2,2,エイシンウィンク,牝,6,54.0,434,-11,松戸政,菅原欣,,3,1:39.9,41.8,4-4-4-4,3,434,-11
2024/03/12,金沢,6,頑張れ和倉温泉復興祈念杯Ｃ２二,1500,ダ,右,不良,雨,12,5,5,ミラコロアショーマ,牝,7,53.0,437,-3,加藤翔,井樋一,,4,1:40.1,42.3,2-2-2-2,2,437,-3
2024/03/12,金沢,6,頑張れ和倉温泉復興祈念杯Ｃ２二,1500,ダ,右,不良,雨,12,4,4,ヴェロニク,牝,7,54.0,420,-5,堀場裕,加藤義,,5,1:40.3,40.2,8-8-7-7,8,420,-5
2024/03/12,金沢,6,頑張れ和倉温泉復興祈念杯Ｃ２二,1500,ダ,右,不良,雨,12,7,9,トゥワイス,牝,5,54.0,397,9,栗原大,井樋一,,6,1:40.4,42.4,3-3-3-2,4,397,9
2024/03/12,金沢,6,頑張れ和倉温泉復興祈念杯Ｃ２二,1500,ダ,右,不良,雨,12,6,7,ワンキーロケット,牡,4,56.0,440,4,服部大,加藤義,,7,1:40.4,40.6,5-6-6-6,7,440,4
2024/03/12,金沢,6,頑張れ和倉温泉復興祈念杯Ｃ２二,1500,ダ,右,不良,雨,12,1,1,スワーヴジョーダン,セ,0,56.0,443,-1,米倉知,井樋一,,8,1:41.9,41.2,11-10-9-8,5,443,-1
2024/03/12,金沢,6,頑張れ和倉温泉復興祈念杯Ｃ２二,1500,ダ,右,不良,雨,12,8,12,リードザウイニング,セ,0,56.0,459,1,魚住謙,鋤田誠,,9,1:42.4,41.9,7-7-8-9,12,459,1
2024/03/12,金沢,6,頑張れ和倉温泉復興祈念杯Ｃ２二,1500,ダ,右,不良,雨,12,5,6,フロンテイラ,牡,5,56.0,405,-23,沖静男,田嶋幸,,10,1:42.7,41.8,10-10-10-10,8,405,-23
2024/03/12,金沢,6,頑張れ和倉温泉復興祈念杯Ｃ２二,1500,ダ,右,不良,雨,12,7,10,サフランルーラー,牡,6,56.0,410,-3,田知弘,高橋優,,11,1:42.7,41.6,9-9-11-11,10,410,-3
2024/03/12,金沢,6,頑張れ和倉温泉復興祈念杯Ｃ２二,1500,ダ,右,不良,雨,12,8,11,イーゼル,セ,0,56.0,481,-6,甲賀弘,黒木豊,,12,1:44.2,41.7,11-12-12-12,11,481,-6
2024/03/12,金沢,7,北陸新幹線県内全線開業あと４日特別Ｃ２一,1400,ダ,右,不良,雨,9,3,3,サムワンライクユー,牡,4,56.0,471,3,栗原大,金田一,,1,1:31.2,39.7,1-1-1-1,1,471,3
2024/03/12,金沢,7,北陸新幹線県内全線開業あと４日特別Ｃ２一,1400,ダ,右,不良,雨,9,8,8,トップキング,牡,5,56.0,459,6,魚住謙,鋤田誠,,2,1:31.8,39.7,3-4-6-3,6,459,6
2024/03/12,金沢,7,北陸新幹線県内全線開業あと４日特別Ｃ２一,1400,ダ,右,不良,雨,9,8,9,ビックハート,セ,0,56.0,419,8,池田敦,高橋道,,3,1:32.0,40.3,4-3-3-2,4,419,8
2024/03/12,金沢,7,北陸新幹線県内全線開業あと４日特別Ｃ２一,1400,ダ,右,不良,雨,9,5,5,ムーンライトアリア,牝,7,54.0,448,-1,葛山晃,鈴木正,,4,1:33.3,40.7,8-9-9-6,7,448,-1
2024/03/12,金沢,7,北陸新幹線県内全線開業あと４日特別Ｃ２一,1400,ダ,右,不良,雨,9,1,1,ヨドノストーリー,牡,4,56.0,433,-3,堀場裕,高橋優,,5,1:33.4,41.1,5-5-7-5,8,433,-3
2024/03/12,金沢,7,北陸新幹線県内全線開業あと４日特別Ｃ２一,1400,ダ,右,不良,雨,9,2,2,シングンバズーカ,牡,7,56.0,505,12,松戸政,金田一,,6,1:33.5,41.2,9-7-4-4,5,505,12
2024/03/12,金沢,7,北陸新幹線県内全線開業あと４日特別Ｃ２一,1400,ダ,右,不良,雨,9,4,4,トミケンボハテル,牡,10,55.0,497,1,加藤翔,加藤和,,7,1:34.2,41.7,5-7-8-8,3,497,1
2024/03/12,金沢,7,北陸新幹線県内全線開業あと４日特別Ｃ２一,1400,ダ,右,不良,雨,9,6,6,サマーモーリス,牝,5,54.0,440,2,甲賀弘,室井眞,,8,1:35.3,43.2,7-5-4-9,9,440,2
2024/03/12,金沢,7,北陸新幹線県内全線開業あと４日特別Ｃ２一,1400,ダ,右,不良,雨,9,7,7,フェアリープト,牝,4,54.0,495,-1,吉田晃,佐藤茂,,9,1:35.5,43.9,2-2-2-6,2,495,-1
2024/03/12,金沢,8,北陸新幹線で行こう加賀温泉郷杯Ｂ２三,1400,ダ,右,不良,雨,10,8,10,サッキールビアノ,牡,6,55.0,495,4,加藤翔,加藤義,,1,1:29.5,38.3,1-1-1-1,2,495,4
2024/03/12,金沢,8,北陸新幹線で行こう加賀温泉郷杯Ｂ２三,1400,ダ,右,不良,雨,10,5,5,エスカミーリョ,セ,0,56.0,482,10,吉田晃,佐藤茂,,2,1:30.0,38.5,6-6-3-2,1,482,10
2024/03/12,金沢,8,北陸新幹線で行こう加賀温泉郷杯Ｂ２三,1400,ダ,右,不良,雨,10,4,4,ビッグタイマー,牡,6,56.0,481,-6,魚住謙,鋤田誠,,3,1:31.0,39.4,2-4-5-4,3,481,-6
2024/03/12,金沢,8,北陸新幹線で行こう加賀温泉郷杯Ｂ２三,1400,ダ,右,不良,雨,10,6,6,ベルクハイム,牡,7,56.0,541,16,柴田勇,井樋一,,4,1:31.6,40.2,2-2-2-3,4,541,16
2024/03/12,金沢,8,北陸新幹線で行こう加賀温泉郷杯Ｂ２三,1400,ダ,右,不良,雨,10,3,3,セブンパワー,セ,0,56.0,464,11,堀場裕,金田一,,5,1:31.7,40.2,2-2-4-5,5,464,11
2024/03/12,金沢,8,北陸新幹線で行こう加賀温泉郷杯Ｂ２三,1400,ダ,右,不良,雨,10,7,7,ジャッカルズサン,牡,4,56.0,440,2,米倉知,藤田弘,,6,1:31.8,39.7,7-7-7-5,7,440,2
2024/03/12,金沢,8,北陸新幹線で行こう加賀温泉郷杯Ｂ２三,1400,ダ,右,不良,雨,10,8,9,コパノピッチング,牡,6,56.0,512,5,葛山晃,鋤田誠,,7,1:31.8,39.3,8-7-8-8,8,512,5
2024/03/12,金沢,8,北陸新幹線で行こう加賀温泉郷杯Ｂ２三,1400,ダ,右,不良,雨,10,2,2,カレンレベンティス,セ,0,56.0,458,12,沖静男,川添明,,8,1:32.8,39.3,10-9-9-9,6,458,12
2024/03/12,金沢,8,北陸新幹線で行こう加賀温泉郷杯Ｂ２三,1400,ダ,右,不良,雨,10,1,1,ナックメジャー,牡,5,56.0,494,2,田知弘,金田一,,9,1:33.4,39.6,9-10-10-9,10,494,2
2024/03/12,金沢,8,北陸新幹線で行こう加賀温泉郷杯Ｂ２三,1400,ダ,右,不良,雨,10,7,8,タマモカラボス,牝,5,54.0,431,-1,栗原大,佐藤茂,,10,1:33.7,41.9,5-5-6-7,9,431,-1
2024/03/12,金沢,9,能登半島地震復興支援杯３Ｂ２二,1500,ダ,右,不良,雨,11,8,11,エイトマイル,牡,8,56.0,530,6,沖静男,井樋一,,1,1:37.4,40.0,1-1-1-1,3,530,6
2024/03/12,金沢,9,能登半島地震復興支援杯３Ｂ２二,1500,ダ,右,不良,雨,11,2,2,アオイダリア,牝,4,54.0,438,8,田知弘,加藤義,,2,1:37.7,39.1,5-6-3-2,6,438,8
2024/03/12,金沢,9,能登半島地震復興支援杯３Ｂ２二,1500,ダ,右,不良,雨,11,4,4,リュウノステルス,牡,4,55.0,433,-5,加藤翔,加藤義,,3,1:38.6,40.0,3-3-4-4,5,433,-5
2024/03/12,金沢,9,能登半島地震復興支援杯３Ｂ２二,1500,ダ,右,不良,雨,11,5,5,エイシングレア,牝,5,54.0,455,-9,平瀬城,中川雅,,4,1:38.8,40.5,2-2-2-3,2,455,-9
2024/03/12,金沢,9,能登半島地震復興支援杯３Ｂ２二,1500,ダ,右,不良,雨,11,8,10,ドライカプチーノ,牝,4,54.0,458,18,堀場裕,金田一,,5,1:38.9,40.2,4-4-5-6,8,458,18
2024/03/12,金沢,9,能登半島地震復興支援杯３Ｂ２二,1500,ダ,右,不良,雨,11,6,6,ブルーアーカイブ,牡,4,56.0,518,3,米倉知,加藤和,,6,1:39.0,40.1,8-8-5-7,1,518,3
2024/03/12,金沢,9,能登半島地震復興支援杯３Ｂ２二,1500,ダ,右,不良,雨,11,6,7,マラッカ,牝,6,54.0,460,2,松戸政,井樋一,,7,1:39.1,40.2,7-7-7-5,9,460,2
2024/03/12,金沢,9,能登半島地震復興支援杯３Ｂ２二,1500,ダ,右,不良,雨,11,7,8,タイガーサイレンス,牡,7,56.0,448,-22,魚住謙,田嶋幸,,8,1:39.1,40.0,6-5-8-8,7,448,-22
2024/03/12,金沢,9,能登半島地震復興支援杯３Ｂ２二,1500,ダ,右,不良,雨,11,3,3,フロイング,牡,6,56.0,484,-10,甲賀弘,黒木豊,,9,1:39.3,39.6,10-10-9-9,4,484,-10
2024/03/12,金沢,9,能登半島地震復興支援杯３Ｂ２二,1500,ダ,右,不良,雨,11,1,1,チェルキオ,牡,5,56.0,479,9,柴田勇,中川雅,,10,1:41.8,42.1,8-9-10-10,10,479,9
2024/03/12,金沢,9,能登半島地震復興支援杯３Ｂ２二,1500,ダ,右,不良,雨,11,7,9,エピックヒーロー,牡,4,56.0,0,0,栗原大,加藤和,,,,,,,0,0
2024/03/12,金沢,10,がんばろう北陸特別Ｂ２一,1500,ダ,右,不良,雨,11,8,11,ジェイケイミリミリ,牝,5,54.0,475,2,池田敦,高橋俊,,1,1:36.5,38.7,4-4-4-1,3,475,2
2024/03/12,金沢,10,がんばろう北陸特別Ｂ２一,1500,ダ,右,不良,雨,11,4,4,リパリス,牝,6,54.0,450,-4,堀場裕,井樋一,,2,1:37.9,40.2,3-3-3-3,5,450,-4
2024/03/12,金沢,10,がんばろう北陸特別Ｂ２一,1500,ダ,右,不良,雨,11,6,6,ファームフレッシュ,牝,4,54.0,439,4,吉田晃,佐藤茂,,3,1:38.4,40.0,8-6-6-6,2,439,4
2024/03/12,金沢,10,がんばろう北陸特別Ｂ２一,1500,ダ,右,不良,雨,11,7,9,ヴェーチェル,牝,5,54.0,435,-4,松戸政,川添明,,4,1:38.5,40.3,5-5-5-5,7,435,-4
2024/03/12,金沢,10,がんばろう北陸特別Ｂ２一,1500,ダ,右,不良,雨,11,1,1,ラマジ,牝,4,54.0,451,2,平瀬城,鈴木正,,5,1:38.6,41.3,1-1-1-2,1,451,2
2024/03/12,金沢,10,がんばろう北陸特別Ｂ２一,1500,ダ,右,不良,雨,11,5,5,カフェリリー,牝,6,54.0,492,7,栗原大,菅原欣,,6,1:38.8,40.0,10-9-8-7,8,492,7
2024/03/12,金沢,10,がんばろう北陸特別Ｂ２一,1500,ダ,右,不良,雨,11,8,10,エルフバローズ,牝,6,54.0,471,1,魚住謙,川添明,,7,1:38.8,39.0,9-11-10-10,6,471,1
2024/03/12,金沢,10,がんばろう北陸特別Ｂ２一,1500,ダ,右,不良,雨,11,2,2,プレミアマイン,牝,4,54.0,491,2,米倉知,加藤和,,8,1:39.1,41.5,2-2-2-4,4,491,2
2024/03/12,金沢,10,がんばろう北陸特別Ｂ２一,1500,ダ,右,不良,雨,11,3,3,クイーンオブロード,牝,5,54.0,434,-6,甲賀弘,黒木豊,,9,1:39.2,40.6,7-6-7-8,10,434,-6
2024/03/12,金沢,10,がんばろう北陸特別Ｂ２一,1500,ダ,右,不良,雨,11,6,7,ブタンタン,牡,5,56.0,485,0,服部大,加藤和,,10,1:39.3,40.3,10-10-9-9,11,485,0
2024/03/12,金沢,10,がんばろう北陸特別Ｂ２一,1500,ダ,右,不良,雨,11,7,8,ファイアーコード,牝,5,54.0,425,4,沖静男,川添明,,11,1:43.5,43.7,5-8-10-11,9,425,4
2024/03/12,金沢,11,スマホからポイントで投票！楽天競馬Ａ１二,1700,ダ,右,不良,雨,10,2,2,エムティアンジェ,牝,5,54.0,500,8,栗原大,佐藤茂,,1,1:50.1,37.9,5-4-5-1,1,500,8
2024/03/12,金沢,11,スマホからポイントで投票！楽天競馬Ａ１二,1700,ダ,右,不良,雨,10,3,3,フォルベルール,牡,6,56.0,525,-7,松戸政,井樋一,,2,1:50.7,38.4,8-8-5-4,4,525,-7
2024/03/12,金沢,11,スマホからポイントで投票！楽天競馬Ａ１二,1700,ダ,右,不良,雨,10,7,8,ダイヤモンドライン,牝,4,54.0,426,-3,吉田晃,佐藤茂,,3,1:50.7,38.9,2-2-1-2,3,426,-3
2024/03/12,金沢,11,スマホからポイントで投票！楽天競馬Ａ１二,1700,ダ,右,不良,雨,10,6,6,ショウガタップリ,牝,4,54.0,458,2,池田敦,高橋俊,,4,1:51.1,39.0,6-4-1-3,2,458,2
2024/03/12,金沢,11,スマホからポイントで投票！楽天競馬Ａ１二,1700,ダ,右,不良,雨,10,4,4,エムオージェネラル,牡,4,56.0,482,-7,魚住謙,佐藤茂,,5,1:52.0,39.2,8-9-8-5,9,482,-7
2024/03/12,金沢,11,スマホからポイントで投票！楽天競馬Ａ１二,1700,ダ,右,不良,雨,10,8,9,ミイヒダンサー,牝,5,54.0,460,-2,柴田勇,金田一,,6,1:52.4,39.9,7-4-7-7,8,460,-2
2024/03/12,金沢,11,スマホからポイントで投票！楽天競馬Ａ１二,1700,ダ,右,不良,雨,10,8,10,グランデラムジー,牡,8,56.0,483,7,平瀬城,佐藤茂,,7,1:52.5,40.4,3-3-4-7,5,483,7
2024/03/12,金沢,11,スマホからポイントで投票！楽天競馬Ａ１二,1700,ダ,右,不良,雨,10,5,5,ミオソフィア,牝,4,53.0,404,0,加藤翔,中川雅,,8,1:52.8,40.8,1-1-3-5,7,404,0
2024/03/12,金沢,11,スマホからポイントで投票！楽天競馬Ａ１二,1700,ダ,右,不良,雨,10,7,7,マノンルージュ,牡,5,56.0,477,13,葛山晃,鈴木正,,9,1:54.5,41.2,10-10-9-9,10,477,13
2024/03/12,金沢,11,スマホからポイントで投票！楽天競馬Ａ１二,1700,ダ,右,不良,雨,10,1,1,アリアージュ,牡,4,56.0,442,-2,米倉知,加藤和,,10,1:57.3,44.5,4-4-9-10,6,442,-2
2024/03/12,金沢,12,全国の皆さん被災地支援ありがとう特Ａ１一,1400,ダ,右,不良,雨,11,3,3,オヌシナニモノ,牡,7,56.0,497,5,吉田晃,佐藤茂,,1,1:28.8,39.4,2-2-1-1,1,497,5
2024/03/12,金沢,12,全国の皆さん被災地支援ありがとう特Ａ１一,1400,ダ,右,不良,雨,11,4,4,セブンダートオー,牡,5,56.0,483,4,栗原大,金田一,,2,1:29.4,39.3,6-5-5-3,2,483,4
2024/03/12,金沢,12,全国の皆さん被災地支援ありがとう特Ａ１一,1400,ダ,右,不良,雨,11,2,2,フェイマスダンディ,牡,6,56.0,495,-3,平瀬城,佐藤茂,,3,1:29.5,39.9,4-4-2-2,5,495,-3
2024/03/12,金沢,12,全国の皆さん被災地支援ありがとう特Ａ１一,1400,ダ,右,不良,雨,11,6,6,キープクライミング,牝,5,53.0,457,4,加藤翔,中川雅,,4,1:29.7,40.0,3-3-4-3,4,457,4
2024/03/12,金沢,12,全国の皆さん被災地支援ありがとう特Ａ１一,1400,ダ,右,不良,雨,11,8,11,レディオマジック,牡,7,56.0,486,5,米倉知,中川雅,,5,1:29.9,39.3,7-7-6-5,3,486,5
2024/03/12,金沢,12,全国の皆さん被災地支援ありがとう特Ａ１一,1400,ダ,右,不良,雨,11,7,9,ナムラアラシ,牡,11,56.0,531,3,魚住謙,川添明,,6,1:30.9,39.0,10-9-9-8,7,531,3
2024/03/12,金沢,12,全国の皆さん被災地支援ありがとう特Ａ１一,1400,ダ,右,不良,雨,11,5,5,サエチ,牝,5,54.0,486,-2,池田敦,高橋俊,,7,1:30.9,40.2,5-6-7-6,10,486,-2
2024/03/12,金沢,12,全国の皆さん被災地支援ありがとう特Ａ１一,1400,ダ,右,不良,雨,11,8,10,サンケイワールド,牡,6,56.0,495,9,柴田勇,金田一,,8,1:31.3,39.8,8-8-8-7,8,495,9
2024/03/12,金沢,12,全国の皆さん被災地支援ありがとう特Ａ１一,1400,ダ,右,不良,雨,11,6,7,パディオアヘッド,セ,0,56.0,494,-3,服部大,川添明,,9,1:31.3,38.4,11-11-11-11,11,494,-3
2024/03/12,金沢,12,全国の皆さん被災地支援ありがとう特Ａ１一,1400,ダ,右,不良,雨,11,7,8,シュガーエンジェル,牝,5,54.0,410,10,松戸政,宗綱泰,,10,1:31.4,39.0,9-10-10-9,9,410,10
2024/03/12,金沢,12,全国の皆さん被災地支援ありがとう特Ａ１一,1400,ダ,右,不良,雨,11,1,1,カレンリズ,牝,7,54.0,461,13,葛山晃,佐藤茂,,11,1:35.6,46.2,1-1-3-9,6,461,13
2024/03/17,金沢,1,無料ネット新聞うまかつ．ｎｅｔ金沢Ｃ１八,1400,ダ,右,稍重,曇,10,4,4,サスケブリッコ,牝,4,54.0,503,-15,柴田勇,金田一,,1,1:32.0,39.5,2-2-2-2,1,503,-15
2024/03/17,金沢,1,無料ネット新聞うまかつ．ｎｅｔ金沢Ｃ１八,1400,ダ,右,稍重,曇,10,6,6,ワルツフォーデビー,牡,7,56.0,483,13,甲賀弘,黒木豊,,2,1:32.3,39.9,1-1-1-1,4,483,13
2024/03/17,金沢,1,無料ネット新聞うまかつ．ｎｅｔ金沢Ｃ１八,1400,ダ,右,稍重,曇,10,1,1,レイズミーアップ,牡,4,56.0,434,4,田知弘,中川雅,,3,1:32.8,39.8,2-3-5-3,5,434,4
2024/03/17,金沢,1,無料ネット新聞うまかつ．ｎｅｔ金沢Ｃ１八,1400,ダ,右,稍重,曇,10,8,10,スノートレイン,牡,7,56.0,437,-6,堀場裕,井樋一,,4,1:33.6,40.1,6-6-6-5,6,437,-6
2024/03/17,金沢,1,無料ネット新聞うまかつ．ｎｅｔ金沢Ｃ１八,1400,ダ,右,稍重,曇,10,3,3,カフェメモワール,牝,7,54.0,485,-8,栗原大,菅原欣,,5,1:33.6,39.7,8-8-8-8,8,485,-8
2024/03/17,金沢,1,無料ネット新聞うまかつ．ｎｅｔ金沢Ｃ１八,1400,ダ,右,稍重,曇,10,8,9,ムーンライトアリア,牝,7,54.0,448,0,鈴木太,鈴木正,,6,1:33.7,40.0,7-6-7-6,9,448,0
2024/03/17,金沢,1,無料ネット新聞うまかつ．ｎｅｔ金沢Ｃ１八,1400,ダ,右,稍重,曇,10,7,7,フジヤマブシ,牡,7,56.0,526,13,平瀬城,黒木豊,,7,1:33.9,41.2,5-4-3-4,3,526,13
2024/03/17,金沢,1,無料ネット新聞うまかつ．ｎｅｔ金沢Ｃ１八,1400,ダ,右,稍重,曇,10,5,5,ヨドノストーリー,牡,4,56.0,433,0,魚住謙,高橋優,,8,1:34.4,40.0,10-10-10-10,10,433,0
2024/03/17,金沢,1,無料ネット新聞うまかつ．ｎｅｔ金沢Ｃ１八,1400,ダ,右,稍重,曇,10,2,2,タマモソリスト,牡,4,56.0,551,-3,米倉知,加藤和,,9,1:34.5,40.4,4-5-9-9,2,551,-3
2024/03/17,金沢,1,無料ネット新聞うまかつ．ｎｅｔ金沢Ｃ１八,1400,ダ,右,稍重,曇,10,7,8,アペーゴ,牝,4,54.0,389,-1,吉田晃,佐藤茂,,10,1:34.9,41.9,9-8-4-7,7,389,-1
2024/03/17,金沢,2,ついに北陸新幹線県内全線開業！賞３歳Ｂ２,1400,ダ,右,稍重,雨,6,2,2,ショウナンラッシュ,牡,3,56.0,530,-15,米倉知,加藤和,,1,1:32.4,39.5,5-4-2-1,3,530,-15
2024/03/17,金沢,2,ついに北陸新幹線県内全線開業！賞３歳Ｂ２,1400,ダ,右,稍重,雨,6,1,1,シェルターベルト,牝,3,54.0,469,-9,魚住謙,高橋俊,,2,1:32.6,39.6,2-2-3-3,4,469,-9
2024/03/17,金沢,2,ついに北陸新幹線県内全線開業！賞３歳Ｂ２,1400,ダ,右,稍重,雨,6,3,3,メロディーダンサー,牝,3,54.0,470,-15,松戸政,金田一,,3,1:32.7,40.4,1-1-1-2,1,470,-15
2024/03/17,金沢,2,ついに北陸新幹線県内全線開業！賞３歳Ｂ２,1400,ダ,右,稍重,雨,6,6,6,セイウンラビリンス,牡,3,56.0,479,-5,沖静男,川添明,,4,1:34.3,40.9,6-6-5-4,2,479,-5
2024/03/17,金沢,2,ついに北陸新幹線県内全線開業！賞３歳Ｂ２,1400,ダ,右,稍重,雨,6,4,4,ラブリネス,牝,3,53.0,370,-4,加藤翔,加藤義,,5,1:34.4,41.2,3-3-4-5,5,370,-4
2024/03/17,金沢,2,ついに北陸新幹線県内全線開業！賞３歳Ｂ２,1400,ダ,右,稍重,雨,6,5,5,ボルドーエゾンス,牝,3,54.0,409,-3,葛山晃,高橋俊,,6,1:34.9,41.6,4-5-5-6,6,409,-3
2024/03/17,金沢,3,みすでざ運営いつもありがとう杯Ｃ１七,1400,ダ,右,稍重,雨,10,8,10,ドルヴァル,牡,4,56.0,486,0,栗原大,加藤和,,1,1:32.1,38.7,2-2-2-1,1,486,0
2024/03/17,金沢,3,みすでざ運営いつもありがとう杯Ｃ１七,1400,ダ,右,稍重,雨,10,6,6,サウスシーパール,牡,4,56.0,474,-5,葛山晃,菅原欣,,2,1:32.6,39.2,1-1-1-2,4,474,-5
2024/03/17,金沢,3,みすでざ運営いつもありがとう杯Ｃ１七,1400,ダ,右,稍重,雨,10,7,8,アンクルダッシュ,牡,6,56.0,489,1,堀場裕,中川雅,,3,1:34.2,40.8,5-3-3-4,3,489,1
2024/03/17,金沢,3,みすでざ運営いつもありがとう杯Ｃ１七,1400,ダ,右,稍重,雨,10,8,9,オフィスバトル,牡,4,56.0,524,20,沖静男,川添明,,4,1:34.2,40.8,9-5-4-3,2,524,20
2024/03/17,金沢,3,みすでざ運営いつもありがとう杯Ｃ１七,1400,ダ,右,稍重,雨,10,2,2,スマイルフレンド,牝,4,53.0,450,7,加藤翔,加藤義,,5,1:34.5,41.1,6-7-6-5,5,450,7
2024/03/17,金沢,3,みすでざ運営いつもありがとう杯Ｃ１七,1400,ダ,右,稍重,雨,10,3,3,ヘリオシース,牝,8,54.0,436,1,松戸政,野田幸,,6,1:34.7,41.3,7-8-5-6,8,436,1
2024/03/17,金沢,3,みすでざ運営いつもありがとう杯Ｃ１七,1400,ダ,右,稍重,雨,10,7,7,アイアムロージー,牝,4,54.0,466,19,服部大,川添明,,7,1:35.9,42.5,3-6-6-8,9,466,19
2024/03/17,金沢,3,みすでざ運営いつもありがとう杯Ｃ１七,1400,ダ,右,稍重,雨,10,5,5,ズッシーノ,牡,5,56.0,448,-4,魚住謙,鋤田誠,,8,1:36.0,42.6,10-10-9-9,10,448,-4
2024/03/17,金沢,3,みすでざ運営いつもありがとう杯Ｃ１七,1400,ダ,右,稍重,雨,10,4,4,イエローストーン,セ,0,56.0,438,-28,吉田晃,田嶋幸,,9,1:36.5,43.1,3-4-6-7,6,438,-28
2024/03/17,金沢,3,みすでざ運営いつもありがとう杯Ｃ１七,1400,ダ,右,稍重,雨,10,1,1,ゴールドボンバー,牡,7,56.0,534,5,田知弘,鋤田誠,,10,1:36.6,43.2,7-8-10-10,7,534,5
2024/03/17,金沢,4,楽天競馬ならポイントで馬券が買え３歳Ｂ１,1500,ダ,右,稍重,雨,7,3,3,ヤマミトップワン,牡,3,56.0,464,-3,米倉知,中川雅,,1,1:38.9,39.5,4-3-3-3,1,464,-3
2024/03/17,金沢,4,楽天競馬ならポイントで馬券が買え３歳Ｂ１,1500,ダ,右,稍重,雨,7,1,1,カミソリストレート,牡,3,56.0,470,-7,鈴木太,鈴木正,,2,1:39.1,40.8,1-1-1-1,3,470,-7
2024/03/17,金沢,4,楽天競馬ならポイントで馬券が買え３歳Ｂ１,1500,ダ,右,稍重,雨,7,6,6,フィンガーズクロス,牡,3,56.0,494,-1,柴田勇,金田一,,3,1:39.3,41.0,2-2-1-2,2,494,-1
2024/03/17,金沢,4,楽天競馬ならポイントで馬券が買え３歳Ｂ１,1500,ダ,右,稍重,雨,7,2,2,ベストブラボー,牝,3,54.0,438,-4,魚住謙,鈴木正,,4,1:40.5,40.6,3-4-4-4,4,438,-4
2024/03/17,金沢,4,楽天競馬ならポイントで馬券が買え３歳Ｂ１,1500,ダ,右,稍重,雨,7,7,7,ムーンロゼ,牝,3,54.0,402,-10,田知弘,金田一,,5,1:40.9,40.6,7-7-5-5,5,402,-10
2024/03/17,金沢,4,楽天競馬ならポイントで馬券が買え３歳Ｂ１,1500,ダ,右,稍重,雨,7,4,4,エアンスト,牝,3,53.0,505,5,加藤翔,加藤義,,6,1:41.6,41.5,6-5-5-5,6,505,5
2024/03/17,金沢,4,楽天競馬ならポイントで馬券が買え３歳Ｂ１,1500,ダ,右,稍重,雨,7,5,5,オーデンリッキー,牝,3,54.0,454,-6,平瀬城,高橋俊,,7,1:44.5,44.2,5-6-7-7,7,454,-6
2024/03/17,金沢,5,復興祈念関西人木下智史新幹線で金沢Ｃ１六,1500,ダ,右,稍重,曇,9,1,1,レモン,牝,7,53.0,407,-5,加藤翔,菅原欣,,1,1:40.0,39.8,1-1-1-1,2,407,-5
2024/03/17,金沢,5,復興祈念関西人木下智史新幹線で金沢Ｃ１六,1500,ダ,右,稍重,曇,9,3,3,シビルボーイ,牡,6,56.0,458,-6,栗原大,菅原欣,,2,1:40.9,40.0,5-5-6-4,5,458,-6
2024/03/17,金沢,5,復興祈念関西人木下智史新幹線で金沢Ｃ１六,1500,ダ,右,稍重,曇,9,6,6,ロジシップ,牡,7,56.0,455,-9,松戸政,野田幸,,3,1:41.2,40.4,8-7-4-3,6,455,-9
2024/03/17,金沢,5,復興祈念関西人木下智史新幹線で金沢Ｃ１六,1500,ダ,右,稍重,曇,9,8,9,ポーラライツ,牡,4,56.0,438,-1,葛山晃,菅原欣,,4,1:41.7,41.1,3-3-2-2,4,438,-1
2024/03/17,金沢,5,復興祈念関西人木下智史新幹線で金沢Ｃ１六,1500,ダ,右,稍重,曇,9,8,8,ユメカナウトキ,セ,0,56.0,451,-22,吉田晃,佐藤茂,,5,1:41.8,40.7,9-9-8-6,1,451,-22
2024/03/17,金沢,5,復興祈念関西人木下智史新幹線で金沢Ｃ１六,1500,ダ,右,稍重,曇,9,5,5,サマーソルト,セ,0,56.0,491,-6,魚住謙,鋤田誠,,6,1:41.9,40.6,7-8-9-9,3,491,-6
2024/03/17,金沢,5,復興祈念関西人木下智史新幹線で金沢Ｃ１六,1500,ダ,右,稍重,曇,9,2,2,ウインドアリエル,牝,6,54.0,433,0,甲賀弘,野田幸,,7,1:42.1,41.4,6-5-4-5,8,433,0
2024/03/17,金沢,5,復興祈念関西人木下智史新幹線で金沢Ｃ１六,1500,ダ,右,稍重,曇,9,7,7,タマテバコ,牝,5,54.0,473,-5,堀場裕,宗綱泰,,8,1:42.4,41.6,4-4-6-7,9,473,-5
2024/03/17,金沢,5,復興祈念関西人木下智史新幹線で金沢Ｃ１六,1500,ダ,右,稍重,曇,9,4,4,リコーランカスター,牝,5,54.0,460,-4,鈴木太,室井眞,,9,1:43.9,43.3,2-2-3-7,7,460,-4
2024/03/17,金沢,6,新潟の酪農応援賞Ｃ１五,1400,ダ,右,稍重,曇,10,1,1,リュウノチャチャ,牝,6,54.0,440,-7,鈴木太,加藤義,,1,1:30.9,39.5,1-1-1-1,1,440,-7
2024/03/17,金沢,6,新潟の酪農応援賞Ｃ１五,1400,ダ,右,稍重,曇,10,3,3,マイネルプリサイス,牡,8,56.0,515,-16,魚住謙,鋤田誠,,2,1:31.0,39.2,3-3-3-2,2,515,-16
2024/03/17,金沢,6,新潟の酪農応援賞Ｃ１五,1400,ダ,右,稍重,曇,10,8,10,カフェダイナスティ,セ,0,56.0,489,-5,栗原大,菅原欣,,3,1:32.0,39.8,3-4-4-3,4,489,-5
2024/03/17,金沢,6,新潟の酪農応援賞Ｃ１五,1400,ダ,右,稍重,曇,10,5,5,サーストンユタ,牡,5,56.0,481,1,平瀬城,高橋俊,,4,1:32.5,40.0,5-5-5-3,7,481,1
2024/03/17,金沢,6,新潟の酪農応援賞Ｃ１五,1400,ダ,右,稍重,曇,10,4,4,サトルアプローチ,牡,6,56.0,464,-10,田知弘,金田一,,5,1:33.0,41.4,2-2-2-3,3,464,-10
2024/03/17,金沢,6,新潟の酪農応援賞Ｃ１五,1400,ダ,右,稍重,曇,10,7,8,モンテブラック,牡,4,56.0,453,-2,葛山晃,菅原欣,,6,1:33.0,39.5,9-8-7-7,6,453,-2
2024/03/17,金沢,6,新潟の酪農応援賞Ｃ１五,1400,ダ,右,稍重,曇,10,7,7,ジーエイチグールド,牡,4,56.0,476,0,吉田晃,鋤田誠,,7,1:33.6,40.4,6-6-6-6,8,476,0
2024/03/17,金沢,6,新潟の酪農応援賞Ｃ１五,1400,ダ,右,稍重,曇,10,8,9,ラプタマーベリック,牡,4,56.0,473,-8,柴田勇,金田一,,8,1:34.5,40.5,10-10-10-9,5,473,-8
2024/03/17,金沢,6,新潟の酪農応援賞Ｃ１五,1400,ダ,右,稍重,曇,10,2,2,ヴェラート,セ,0,56.0,517,7,甲賀弘,田嶋幸,,9,1:34.5,41.1,8-9-7-8,10,517,7
2024/03/17,金沢,6,新潟の酪農応援賞Ｃ１五,1400,ダ,右,稍重,曇,10,6,6,ナランホ,牡,5,56.0,459,-18,服部大,井樋一,,10,1:37.8,44.2,7-7-9-10,9,459,-18
2024/03/17,金沢,7,富山の酪農応援賞Ｂ１二,1400,ダ,右,稍重,曇,7,5,5,クールドレーヌ,牝,5,54.0,416,-2,米倉知,高橋俊,,1,1:30.7,39.4,6-4-4-3,2,416,-2
2024/03/17,金沢,7,富山の酪農応援賞Ｂ１二,1400,ダ,右,稍重,曇,7,6,6,ピースイギー,牝,5,54.0,422,-4,田知弘,金田一,,2,1:31.6,39.5,4-6-6-4,4,422,-4
2024/03/17,金沢,7,富山の酪農応援賞Ｂ１二,1400,ダ,右,稍重,曇,7,1,1,ベストオーシャン,牡,4,56.0,496,1,平瀬城,鈴木正,,3,1:31.8,41.0,2-2-1-2,3,496,1
2024/03/17,金沢,7,富山の酪農応援賞Ｂ１二,1400,ダ,右,稍重,曇,7,2,2,ウインクルシャープ,牝,5,54.0,457,-10,柴田勇,中川雅,,4,1:32.0,41.2,1-1-1-1,1,457,-10
2024/03/17,金沢,7,富山の酪農応援賞Ｂ１二,1400,ダ,右,稍重,曇,7,4,4,アロマフォルテ,牝,5,54.0,449,-7,吉田晃,佐藤茂,,5,1:33.0,41.9,3-3-3-5,7,449,-7
2024/03/17,金沢,7,富山の酪農応援賞Ｂ１二,1400,ダ,右,稍重,曇,7,7,7,ヤイバ,牡,5,55.0,464,-4,加藤翔,加藤義,,6,1:33.5,41.4,7-7-7-6,6,464,-4
2024/03/17,金沢,7,富山の酪農応援賞Ｂ１二,1400,ダ,右,稍重,曇,7,3,3,エイシングラール,牝,5,54.0,453,1,服部大,川添明,,7,1:35.3,43.6,5-4-5-7,5,453,1
2024/03/17,金沢,8,福井の酪農応援特別Ｂ１一,1400,ダ,右,稍重,曇,7,5,5,マリンデュンデュン,牡,4,56.0,505,4,栗原大,金田一,,1,1:30.8,37.8,1-1-1-1,1,505,4
2024/03/17,金沢,8,福井の酪農応援特別Ｂ１一,1400,ダ,右,稍重,曇,7,7,7,オーミテンペスト,牡,6,56.0,457,-1,柴田勇,中川雅,,2,1:31.2,38.2,2-2-2-2,5,457,-1
2024/03/17,金沢,8,福井の酪農応援特別Ｂ１一,1400,ダ,右,稍重,曇,7,6,6,スピーディクール,セ,0,56.0,493,3,吉田晃,佐藤茂,,3,1:31.6,38.4,3-3-3-3,2,493,3
2024/03/17,金沢,8,福井の酪農応援特別Ｂ１一,1400,ダ,右,稍重,曇,7,2,2,ブーケドフルール,牝,6,53.0,429,4,加藤翔,加藤義,,4,1:32.1,38.5,4-3-4-4,4,429,4
2024/03/17,金沢,8,福井の酪農応援特別Ｂ１一,1400,ダ,右,稍重,曇,7,1,1,ジェネラルエリア,牝,7,54.0,480,4,松戸政,井樋一,,5,1:32.1,38.5,5-3-5-6,6,480,4
2024/03/17,金沢,8,福井の酪農応援特別Ｂ１一,1400,ダ,右,稍重,曇,7,3,3,フェイマスアレグロ,牝,4,54.0,422,12,米倉知,佐藤茂,,6,1:32.4,38.6,6-6-5-5,3,422,12
2024/03/17,金沢,8,福井の酪農応援特別Ｂ１一,1400,ダ,右,稍重,曇,7,4,4,テリオスリノ,牝,5,54.0,440,-20,魚住謙,高橋優,,7,1:33.8,39.7,6-7-7-7,7,440,-20
2024/03/17,金沢,9,石川の酪農応援特別Ａ２二,1400,ダ,右,稍重,曇,9,4,4,フラッグアドミラル,牡,10,56.0,485,-4,堀場裕,中川雅,,1,1:30.8,39.4,3-3-3-3,1,485,-4
2024/03/17,金沢,9,石川の酪農応援特別Ａ２二,1400,ダ,右,稍重,曇,9,5,5,マイネルヘリテージ,牡,5,56.0,426,-1,松戸政,井樋一,,2,1:30.9,38.9,7-7-5-6,3,426,-1
2024/03/17,金沢,9,石川の酪農応援特別Ａ２二,1400,ダ,右,稍重,曇,9,8,8,グランメゾン,牝,5,54.0,436,-6,平瀬城,宗綱泰,,3,1:30.9,39.9,2-2-2-1,9,436,-6
2024/03/17,金沢,9,石川の酪農応援特別Ａ２二,1400,ダ,右,稍重,曇,9,1,1,アリアージュ,牡,4,56.0,442,0,鈴木太,加藤和,,4,1:31.1,38.8,6-6-7-7,6,442,0
2024/03/17,金沢,9,石川の酪農応援特別Ａ２二,1400,ダ,右,稍重,曇,9,2,2,ピエナパプリカ,牡,6,56.0,483,-7,栗原大,鋤田誠,,5,1:31.1,38.4,8-8-8-8,7,483,-7
2024/03/17,金沢,9,石川の酪農応援特別Ａ２二,1400,ダ,右,稍重,曇,9,7,7,シェンフォン,牝,5,54.0,443,-7,米倉知,加藤和,,6,1:31.3,39.5,5-5-5-4,2,443,-7
2024/03/17,金沢,9,石川の酪農応援特別Ａ２二,1400,ダ,右,稍重,曇,9,3,3,アルカウン,牝,7,54.0,468,11,柴田勇,井樋一,,7,1:31.6,41.2,1-1-1-2,4,468,11
2024/03/17,金沢,9,石川の酪農応援特別Ａ２二,1400,ダ,右,稍重,曇,9,8,9,ミオソフィア,牝,4,53.0,400,-4,加藤翔,中川雅,,8,1:31.7,39.9,4-4-4-4,5,400,-4
2024/03/17,金沢,9,石川の酪農応援特別Ａ２二,1400,ダ,右,稍重,曇,9,6,6,ピンクビジョン,牝,4,54.0,420,-8,魚住謙,加藤和,,9,1:32.8,38.8,9-9-9-9,8,420,-8
2024/03/17,金沢,10,若駒賞３歳主催者認定馬・実績馬,1500,ダ,右,稍重,曇,10,3,3,ダブルアタック,牡,3,56.0,476,0,栗原大,金田一,,1,1:38.4,39.4,1-1-1-1,1,476,0
2024/03/17,金沢,10,若駒賞３歳主催者認定馬・実績馬,1500,ダ,右,稍重,曇,10,4,4,エムティトップ,牝,3,54.0,404,-4,吉田晃,佐藤茂,,2,1:38.5,39.3,2-2-2-2,3,404,-4
2024/03/17,金沢,10,若駒賞３歳主催者認定馬・実績馬,1500,ダ,右,稍重,曇,10,5,5,トルピード,牝,3,54.0,440,9,平瀬城,高橋俊,,3,1:38.7,39.2,5-4-4-3,2,440,9
2024/03/17,金沢,10,若駒賞３歳主催者認定馬・実績馬,1500,ダ,右,稍重,曇,10,6,6,ドンリュウスター,牡,3,56.0,437,4,沖静男,高橋俊,,4,1:39.4,39.6,8-7-5-5,5,437,4
2024/03/17,金沢,10,若駒賞３歳主催者認定馬・実績馬,1500,ダ,右,稍重,曇,10,8,9,ノブノキャット,牡,3,55.0,415,-9,加藤翔,加藤和,,5,1:40.0,40.1,7-7-6-6,6,415,-9
2024/03/17,金沢,10,若駒賞３歳主催者認定馬・実績馬,1500,ダ,右,稍重,曇,10,7,8,エザグランマ,牝,3,54.0,451,-11,松戸政,井樋一,,6,1:40.1,40.7,4-3-3-4,8,451,-11
2024/03/17,金沢,10,若駒賞３歳主催者認定馬・実績馬,1500,ダ,右,稍重,曇,10,7,7,サンヨウチェルシー,牝,3,54.0,458,-4,甲賀弘,田嶋幸,,7,1:42.6,42.1,9-9-9-7,9,458,-4
2024/03/17,金沢,10,若駒賞３歳主催者認定馬・実績馬,1500,ダ,右,稍重,曇,10,1,1,エドヴァルド,牡,3,56.0,451,4,服部大,田嶋幸,,8,1:42.6,42.3,6-6-8-9,10,451,4
2024/03/17,金沢,10,若駒賞３歳主催者認定馬・実績馬,1500,ダ,右,稍重,曇,10,2,2,ベアビー,牝,3,54.0,469,-5,米倉知,加藤和,,9,1:43.0,43.0,3-5-7-8,4,469,-5
2024/03/17,金沢,10,若駒賞３歳主催者認定馬・実績馬,1500,ダ,右,稍重,曇,10,8,10,ランハルト,牡,3,56.0,459,4,田知弘,金田一,,10,1:43.2,41.2,10-10-10-10,7,459,4
2024/03/19,金沢,1,無料ネット新聞うまかつ．ｎｅｔ金３歳Ｂ３,1400,ダ,右,良,晴,6,2,2,ナイトプラネット,牝,3,54.0,448,4,松戸政,井樋一,,1,1:34.6,40.3,2-2-1-1,1,448,4
2024/03/19,金沢,1,無料ネット新聞うまかつ．ｎｅｔ金３歳Ｂ３,1400,ダ,右,良,晴,6,3,3,ハーバーフロント,牝,3,54.0,392,4,田知弘,金田一,,2,1:34.6,40.0,3-3-3-3,2,392,4
2024/03/19,金沢,1,無料ネット新聞うまかつ．ｎｅｔ金３歳Ｂ３,1400,ダ,右,良,晴,6,1,1,ハセケンザン,牡,3,56.0,533,-5,吉田晃,野田幸,,3,1:35.5,41.3,1-1-1-2,3,533,-5
2024/03/19,金沢,1,無料ネット新聞うまかつ．ｎｅｔ金３歳Ｂ３,1400,ダ,右,良,晴,6,4,4,ホダカヤマブシ,牡,3,56.0,461,4,平瀬城,黒木豊,,4,1:37.6,41.9,6-6-5-5,6,461,4
2024/03/19,金沢,1,無料ネット新聞うまかつ．ｎｅｔ金３歳Ｂ３,1400,ダ,右,良,晴,6,5,5,ヴァルチャー,牝,3,54.0,452,2,沖静男,高橋俊,,5,1:38.1,43.3,3-4-4-4,4,452,2
2024/03/19,金沢,1,無料ネット新聞うまかつ．ｎｅｔ金３歳Ｂ３,1400,ダ,右,良,晴,6,6,6,サンサンサンキュー,牡,3,56.0,475,16,葛山晃,菅原欣,,6,1:38.7,42.8,5-5-6-6,5,475,16
2024/03/19,金沢,2,シダレザクラ賞Ｃ１四以下牝馬,1500,ダ,右,良,曇,10,7,7,ヴイエルジュ,牝,4,51.0,452,3,小林勝,加藤義,,1,1:39.3,39.6,1-2-1-1,1,452,3
2024/03/19,金沢,2,シダレザクラ賞Ｃ１四以下牝馬,1500,ダ,右,良,曇,10,6,6,キノトクイーン,牝,6,54.0,454,0,栗原大,高橋俊,,2,1:39.7,40.1,1-1-1-1,6,454,0
2024/03/19,金沢,2,シダレザクラ賞Ｃ１四以下牝馬,1500,ダ,右,良,曇,10,8,9,カワカミアンフィニ,牝,4,54.0,417,-7,田知弘,中川雅,,3,1:40.3,40.1,4-4-4-3,3,417,-7
2024/03/19,金沢,2,シダレザクラ賞Ｃ１四以下牝馬,1500,ダ,右,良,曇,10,1,1,メトリカルセオリー,牝,5,54.0,478,3,甲賀弘,黒木豊,,4,1:40.7,39.9,6-6-6-5,9,478,3
2024/03/19,金沢,2,シダレザクラ賞Ｃ１四以下牝馬,1500,ダ,右,良,曇,10,3,3,スイートティアラ,牝,7,54.0,420,-5,平瀬城,鈴木正,,5,1:41.2,41.0,5-5-3-4,8,420,-5
2024/03/19,金沢,2,シダレザクラ賞Ｃ１四以下牝馬,1500,ダ,右,良,曇,10,2,2,シュペルブ,牝,5,54.0,425,-3,堀場裕,宗綱泰,,6,1:41.3,39.9,8-8-7-7,7,425,-3
2024/03/19,金沢,2,シダレザクラ賞Ｃ１四以下牝馬,1500,ダ,右,良,曇,10,4,4,ココアン,牝,4,54.0,423,-4,兼子千,宗綱泰,,7,1:41.4,39.8,9-9-7-8,2,423,-4
2024/03/19,金沢,2,シダレザクラ賞Ｃ１四以下牝馬,1500,ダ,右,良,曇,10,7,8,カトリーヌスリジエ,牝,10,54.0,430,-1,魚住謙,高橋道,,8,1:41.5,40.3,6-7-7-8,4,430,-1
2024/03/19,金沢,2,シダレザクラ賞Ｃ１四以下牝馬,1500,ダ,右,良,曇,10,5,5,カネトシロワン,牝,4,54.0,436,1,柴田勇,中川雅,,9,1:41.5,41.4,3-3-5-5,5,436,1
2024/03/19,金沢,2,シダレザクラ賞Ｃ１四以下牝馬,1500,ダ,右,良,曇,10,8,10,ソメット,牝,5,54.0,0,0,吉田晃,高橋俊,,,,,,,0,0
2024/03/19,金沢,3,鶴見ノ森　第１回　合志記念Ｃ１三,1400,ダ,右,良,曇,10,1,1,ロマンチックボーイ,牡,4,56.0,448,-8,栗原大,野田幸,,1,1:32.6,39.5,2-3-4-1,4,448,-8
2024/03/19,金沢,3,鶴見ノ森　第１回　合志記念Ｃ１三,1400,ダ,右,良,曇,10,4,4,レイワガンタン,セ,0,56.0,442,-7,吉田晃,佐藤茂,,2,1:32.6,39.4,5-4-5-3,1,442,-7
2024/03/19,金沢,3,鶴見ノ森　第１回　合志記念Ｃ１三,1400,ダ,右,良,曇,10,3,3,アイスムーン,牝,6,54.0,446,0,魚住謙,鋤田誠,,3,1:33.4,40.8,1-1-1-1,7,446,0
2024/03/19,金沢,3,鶴見ノ森　第１回　合志記念Ｃ１三,1400,ダ,右,良,曇,10,5,5,トゥーゲント,牝,7,54.0,442,-7,葛山晃,高橋俊,,4,1:33.5,40.0,8-7-6-5,5,442,-7
2024/03/19,金沢,3,鶴見ノ森　第１回　合志記念Ｃ１三,1400,ダ,右,良,曇,10,6,6,グッドラックスター,牝,7,54.0,467,-3,堀場裕,鈴木正,,5,1:33.5,39.6,10-10-7-7,3,467,-3
2024/03/19,金沢,3,鶴見ノ森　第１回　合志記念Ｃ１三,1400,ダ,右,良,曇,10,2,2,ノースヒビキ,牝,8,54.0,468,-5,服部大,高橋俊,,6,1:33.6,40.0,5-5-8-5,6,468,-5
2024/03/19,金沢,3,鶴見ノ森　第１回　合志記念Ｃ１三,1400,ダ,右,良,曇,10,7,7,エクメディダイヤ,牡,5,53.0,472,-1,小林勝,金田一,,7,1:33.9,41.1,2-2-2-4,8,472,-1
2024/03/19,金沢,3,鶴見ノ森　第１回　合志記念Ｃ１三,1400,ダ,右,良,曇,10,8,9,ミツカネアース,牡,4,56.0,488,-2,田知弘,金田一,,8,1:34.3,40.4,8-8-9-9,2,488,-2
2024/03/19,金沢,3,鶴見ノ森　第１回　合志記念Ｃ１三,1400,ダ,右,良,曇,10,7,8,レッツドゥイット,牝,5,54.0,454,-7,平瀬城,佐藤茂,,9,1:34.7,41.6,4-5-3-8,9,454,-7
2024/03/19,金沢,3,鶴見ノ森　第１回　合志記念Ｃ１三,1400,ダ,右,良,曇,10,8,10,アイスケイブ,牝,5,54.0,423,-5,兼子千,宗綱泰,,10,1:36.1,41.8,7-8-10-10,10,423,-5
2024/03/19,金沢,4,マンション丸金沢記念３歳Ａ３,1400,ダ,右,良,曇,10,6,6,ニキ,牡,3,55.0,492,7,加藤翔,加藤義,,1,1:32.7,39.2,1-1-1-1,1,492,7
2024/03/19,金沢,4,マンション丸金沢記念３歳Ａ３,1400,ダ,右,良,曇,10,1,1,ガンジャクィーン,牝,3,54.0,421,-3,堀場裕,中川雅,,2,1:33.6,39.6,5-5-4-2,4,421,-3
2024/03/19,金沢,4,マンション丸金沢記念３歳Ａ３,1400,ダ,右,良,曇,10,5,5,メニー,牡,3,56.0,420,2,田知弘,中川雅,,3,1:33.9,39.4,6-6-6-5,5,420,2
2024/03/19,金沢,4,マンション丸金沢記念３歳Ａ３,1400,ダ,右,良,曇,10,4,4,ミラクルカカオ,牝,3,54.0,405,10,鈴木太,加藤義,,4,1:34.5,40.5,4-4-5-3,8,405,10
2024/03/19,金沢,4,マンション丸金沢記念３歳Ａ３,1400,ダ,右,良,曇,10,7,7,ピオニエーレ,牡,3,56.0,444,2,柴田勇,金田一,,5,1:34.5,39.2,9-10-10-9,2,444,2
2024/03/19,金沢,4,マンション丸金沢記念３歳Ａ３,1400,ダ,右,良,曇,10,3,3,センタービット,牡,3,56.0,428,-4,平瀬城,高橋俊,,6,1:34.5,39.5,8-8-7-7,3,428,-4
2024/03/19,金沢,4,マンション丸金沢記念３歳Ａ３,1400,ダ,右,良,曇,10,8,10,ジークアスリート,牡,3,56.0,423,-4,松戸政,菅原欣,,7,1:34.7,40.9,3-3-3-6,7,423,-4
2024/03/19,金沢,4,マンション丸金沢記念３歳Ａ３,1400,ダ,右,良,曇,10,8,9,エイシンソナタ,牝,3,54.0,415,-12,葛山晃,菅原欣,,8,1:35.4,41.7,2-2-2-4,10,415,-12
2024/03/19,金沢,4,マンション丸金沢記念３歳Ａ３,1400,ダ,右,良,曇,10,2,2,アクス,牝,3,54.0,422,-4,吉田晃,佐藤茂,,9,1:36.0,41.1,10-9-7-9,6,422,-4
2024/03/19,金沢,4,マンション丸金沢記念３歳Ａ３,1400,ダ,右,良,曇,10,7,8,センベロ,牝,3,54.0,376,-12,栗原大,藤田弘,,10,1:36.1,41.2,7-7-7-8,9,376,-12
2024/03/19,金沢,5,狐桃たまデビュー１周年記念Ｃ１二,1400,ダ,右,良,曇,9,3,3,イサムサンカ,牡,4,56.0,489,3,吉田晃,佐藤茂,,1,1:31.5,38.0,2-2-2-1,1,489,3
2024/03/19,金沢,5,狐桃たまデビュー１周年記念Ｃ１二,1400,ダ,右,良,曇,9,1,1,ユキゲショウ,牝,5,54.0,454,0,沖静男,川添明,,2,1:32.3,39.2,1-1-1-1,7,454,0
2024/03/19,金沢,5,狐桃たまデビュー１周年記念Ｃ１二,1400,ダ,右,良,曇,9,8,8,ステイクロース,セ,0,56.0,433,0,柴田勇,井樋一,,3,1:32.3,38.1,7-6-5-3,3,433,0
2024/03/19,金沢,5,狐桃たまデビュー１周年記念Ｃ１二,1400,ダ,右,良,曇,9,7,7,ステイグリーン,牡,8,56.0,535,-2,甲賀弘,黒木豊,,4,1:33.4,39.4,4-3-3-4,2,535,-2
2024/03/19,金沢,5,狐桃たまデビュー１周年記念Ｃ１二,1400,ダ,右,良,曇,9,4,4,シュネルン,牝,7,54.0,459,4,米倉知,高橋俊,,5,1:34.0,40.1,4-4-3-5,5,459,4
2024/03/19,金沢,5,狐桃たまデビュー１周年記念Ｃ１二,1400,ダ,右,良,曇,9,2,2,ビナダラット,牝,4,54.0,432,-7,堀場裕,加藤和,,6,1:34.0,39.8,3-5-6-6,6,432,-7
2024/03/19,金沢,5,狐桃たまデビュー１周年記念Ｃ１二,1400,ダ,右,良,曇,9,5,5,ライムワード,セ,0,56.0,527,-2,平瀬城,黒木豊,,7,1:34.5,39.9,4-7-8-7,4,527,-2
2024/03/19,金沢,5,狐桃たまデビュー１周年記念Ｃ１二,1400,ダ,右,良,曇,9,8,9,グローリアステラ,牝,6,54.0,443,1,兼子千,佐藤茂,,8,1:34.5,39.7,9-9-9-8,8,443,1
2024/03/19,金沢,5,狐桃たまデビュー１周年記念Ｃ１二,1400,ダ,右,良,曇,9,6,6,ナッシングマターズ,牡,5,56.0,506,-5,服部大,川添明,,9,1:34.9,40.5,8-8-7-8,9,506,-5
2024/03/19,金沢,6,師匠の人生、これからも幸あれ！杯３歳Ａ２,1400,ダ,右,良,曇,7,6,6,マイネルスピカ,牡,3,56.0,446,-2,米倉知,加藤和,,1,1:33.5,38.5,1-1-1-1,1,446,-2
2024/03/19,金沢,6,師匠の人生、これからも幸あれ！杯３歳Ａ２,1400,ダ,右,良,曇,7,7,7,ショウナンサクレツ,牡,3,55.0,478,4,加藤翔,中川雅,,2,1:33.9,38.7,4-3-2-2,2,478,4
2024/03/19,金沢,6,師匠の人生、これからも幸あれ！杯３歳Ａ２,1400,ダ,右,良,曇,7,3,3,ネガイヲカナエテ,牝,3,54.0,431,3,魚住謙,金田一,,3,1:35.2,40.1,2-2-2-3,4,431,3
2024/03/19,金沢,6,師匠の人生、これからも幸あれ！杯３歳Ａ２,1400,ダ,右,良,曇,7,1,1,ティアジャーカー,牝,3,54.0,412,3,甲賀弘,黒木豊,,4,1:35.3,39.9,3-4-4-4,5,412,3
2024/03/19,金沢,6,師匠の人生、これからも幸あれ！杯３歳Ａ２,1400,ダ,右,良,曇,7,4,4,ミュークロア,牝,3,54.0,417,18,葛山晃,高橋俊,,5,1:35.8,40.4,6-5-4-4,6,417,18
2024/03/19,金沢,6,師匠の人生、これからも幸あれ！杯３歳Ａ２,1400,ダ,右,良,曇,7,5,5,リケアリラ,牝,3,51.0,407,2,小林勝,加藤義,,6,1:36.7,41.1,5-6-6-6,3,407,2
2024/03/19,金沢,6,師匠の人生、これからも幸あれ！杯３歳Ａ２,1400,ダ,右,良,曇,7,2,2,テルケンレンテル,牡,3,56.0,0,0,沖静男,川添明,,,,,,,0,0
2024/03/19,金沢,7,Ｊ交 能登千里浜賞３歳中央３歳未勝利牝馬,1500,ダ,右,良,曇,8,8,8,クリノイザナミ,牝,3,54.0,478,2,栗原大,大根裕,,1,1:36.7,38.3,1-1-1-1,1,478,2
2024/03/19,金沢,7,Ｊ交 能登千里浜賞３歳中央３歳未勝利牝馬,1500,ダ,右,良,曇,8,5,5,リケアマロン,牝,3,51.0,398,4,小林勝,的場均,,2,1:37.5,38.5,5-5-5-2,2,398,4
2024/03/19,金沢,7,Ｊ交 能登千里浜賞３歳中央３歳未勝利牝馬,1500,ダ,右,良,曇,8,7,7,マナ,牝,3,51.0,509,-3,高杉吏,奥村豊,,3,1:38.3,39.6,4-3-3-4,4,509,-3
2024/03/19,金沢,7,Ｊ交 能登千里浜賞３歳中央３歳未勝利牝馬,1500,ダ,右,良,曇,8,6,6,イナズマホリデー,牝,3,53.0,454,-20,田口貫,川村禎,,4,1:38.8,40.2,2-2-2-3,5,454,-20
2024/03/19,金沢,7,Ｊ交 能登千里浜賞３歳中央３歳未勝利牝馬,1500,ダ,右,良,曇,8,2,2,エザルターレ,牝,3,53.0,407,-9,角田大,角田晃,,5,1:39.7,41.0,7-7-4-6,3,407,-9
2024/03/19,金沢,7,Ｊ交 能登千里浜賞３歳中央３歳未勝利牝馬,1500,ダ,右,良,曇,8,3,3,バージンエスパー,牝,3,54.0,406,-4,柴田勇,金田一,,6,1:39.7,40.8,3-4-6-5,7,406,-4
2024/03/19,金沢,7,Ｊ交 能登千里浜賞３歳中央３歳未勝利牝馬,1500,ダ,右,良,曇,8,4,4,ヨドノルミナス,牝,3,51.0,470,-4,橋木太,西園正,,7,1:41.1,41.7,7-8-7-7,6,470,-4
2024/03/19,金沢,7,Ｊ交 能登千里浜賞３歳中央３歳未勝利牝馬,1500,ダ,右,良,曇,8,1,1,サンヨウアカヘル,牝,3,54.0,427,-12,服部大,田嶋幸,,8,1:42.6,43.1,6-6-8-8,8,427,-12
2024/03/19,金沢,8,楽天ポイントでネット投票特別Ｃ１一,1500,ダ,右,良,曇,6,6,6,ウインペルセ,牡,4,56.0,478,-3,吉田晃,佐藤茂,,1,1:37.4,39.4,2-2-1-1,3,478,-3
2024/03/19,金沢,8,楽天ポイントでネット投票特別Ｃ１一,1500,ダ,右,良,曇,6,1,1,サンデーミラージュ,セ,0,56.0,485,-6,栗原大,金田一,,2,1:37.5,39.4,4-2-3-3,2,485,-6
2024/03/19,金沢,8,楽天ポイントでネット投票特別Ｃ１一,1500,ダ,右,良,曇,6,2,2,ダフニス,セ,0,56.0,441,-2,甲賀弘,高橋俊,,3,1:37.6,39.2,5-5-5-4,4,441,-2
2024/03/19,金沢,8,楽天ポイントでネット投票特別Ｃ１一,1500,ダ,右,良,曇,6,5,5,ヴィトラス,セ,0,56.0,456,3,葛山晃,高橋俊,,4,1:37.7,39.6,1-1-1-2,5,456,3
2024/03/19,金沢,8,楽天ポイントでネット投票特別Ｃ１一,1500,ダ,右,良,曇,6,3,3,ベルウッドアラシ,牡,4,55.0,448,5,加藤翔,加藤義,,5,1:39.5,41.1,3-2-4-5,1,448,5
2024/03/19,金沢,8,楽天ポイントでネット投票特別Ｃ１一,1500,ダ,右,良,曇,6,4,4,ブランメイユール,牝,6,54.0,454,10,鈴木太,加藤義,,6,1:40.8,41.4,6-6-6-6,6,454,10
2024/03/19,金沢,9,白河ぱいせん生誕記念Ｂ１四,1400,ダ,右,良,曇,11,2,2,シュンコッチャン,牡,4,56.0,456,2,吉田晃,佐藤茂,,1,1:31.5,39.8,1-1-1-1,1,456,2
2024/03/19,金沢,9,白河ぱいせん生誕記念Ｂ１四,1400,ダ,右,良,曇,11,1,1,ノーウェイ,牡,9,56.0,514,-1,平瀬城,黒木豊,,2,1:32.1,40.5,8-7-1-2,2,514,-1
2024/03/19,金沢,9,白河ぱいせん生誕記念Ｂ１四,1400,ダ,右,良,曇,11,4,4,デイドリームビーチ,牡,4,56.0,462,-8,柴田勇,金田一,,3,1:32.1,40.4,10-8-3-4,4,462,-8
2024/03/19,金沢,9,白河ぱいせん生誕記念Ｂ１四,1400,ダ,右,良,曇,11,6,7,ビナプリンセス,牝,5,54.0,409,-3,堀場裕,加藤和,,4,1:32.7,40.5,8-10-7-7,6,409,-3
2024/03/19,金沢,9,白河ぱいせん生誕記念Ｂ１四,1400,ダ,右,良,曇,11,6,6,ブーゲンビリア,牝,6,54.0,430,0,甲賀弘,高橋俊,,5,1:32.9,40.9,5-5-7-6,10,430,0
2024/03/19,金沢,9,白河ぱいせん生誕記念Ｂ１四,1400,ダ,右,良,曇,11,7,8,トゥモローアンセム,セ,0,55.0,449,0,加藤翔,中川雅,,6,1:33.1,40.7,7-8-9-3,8,449,0
2024/03/19,金沢,9,白河ぱいせん生誕記念Ｂ１四,1400,ダ,右,良,曇,11,3,3,スマイルセンプー,牡,4,53.0,484,3,小林勝,金田一,,7,1:33.4,40.9,6-6-9-9,7,484,3
2024/03/19,金沢,9,白河ぱいせん生誕記念Ｂ１四,1400,ダ,右,良,曇,11,8,11,デルマゴモリー,牝,5,54.0,437,9,松戸政,金田一,,8,1:34.1,42.3,1-4-3-7,5,437,9
2024/03/19,金沢,9,白河ぱいせん生誕記念Ｂ１四,1400,ダ,右,良,曇,11,8,10,アンダーレ,セ,0,56.0,441,0,栗原大,菅原欣,,9,1:34.2,42.4,1-3-3-5,3,441,0
2024/03/19,金沢,9,白河ぱいせん生誕記念Ｂ１四,1400,ダ,右,良,曇,11,7,9,エクスカテドラ,牡,6,56.0,499,-14,魚住謙,高橋俊,,10,1:36.3,44.5,1-1-3-10,9,499,-14
2024/03/19,金沢,9,白河ぱいせん生誕記念Ｂ１四,1400,ダ,右,良,曇,11,5,5,セイグッドバイ,牝,5,54.0,0,0,鈴木太,高橋優,,,,,,,0,0
2024/03/19,金沢,10,能登半島地震復興支援杯４Ｂ１三,1400,ダ,右,良,曇,8,3,3,サッキールビアノ,牡,6,55.0,490,-5,加藤翔,加藤義,,1,1:30.3,39.1,2-2-2-1,1,490,-5
2024/03/19,金沢,10,能登半島地震復興支援杯４Ｂ１三,1400,ダ,右,良,曇,8,6,6,イリュージョニスト,牡,8,56.0,515,1,葛山晃,高橋俊,,2,1:30.4,39.5,1-1-1-1,4,515,1
2024/03/19,金沢,10,能登半島地震復興支援杯４Ｂ１三,1400,ダ,右,良,曇,8,7,7,スリーマイトコーズ,牝,6,54.0,468,0,栗原大,菅原欣,,3,1:30.8,38.1,8-7-7-6,3,468,0
2024/03/19,金沢,10,能登半島地震復興支援杯４Ｂ１三,1400,ダ,右,良,曇,8,2,2,ハガネ,牡,4,56.0,465,5,松戸政,藤田弘,,4,1:30.9,39.3,5-4-4-4,2,465,5
2024/03/19,金沢,10,能登半島地震復興支援杯４Ｂ１三,1400,ダ,右,良,曇,8,4,4,モズアンカー,牡,4,56.0,467,0,吉田晃,佐藤茂,,5,1:31.0,39.5,3-3-3-3,5,467,0
2024/03/19,金沢,10,能登半島地震復興支援杯４Ｂ１三,1400,ダ,右,良,曇,8,1,1,ルビースター,牝,6,54.0,502,-6,鈴木太,加藤和,,6,1:31.7,39.5,5-6-5-5,8,502,-6
2024/03/19,金沢,10,能登半島地震復興支援杯４Ｂ１三,1400,ダ,右,良,曇,8,5,5,アットザヘルム,牡,10,56.0,470,1,甲賀弘,中川雅,,7,1:32.4,40.4,4-4-5-7,6,470,1
2024/03/19,金沢,10,能登半島地震復興支援杯４Ｂ１三,1400,ダ,右,良,曇,8,8,8,スヴィルカーチ,セ,0,56.0,437,6,魚住謙,田嶋幸,,8,1:32.9,39.4,7-8-8-8,7,437,6
2024/03/19,金沢,11,買って応援　能登・石川特別Ａ２一,1700,ダ,右,良,曇,6,4,4,ロジローズ,牡,6,56.0,472,0,米倉知,加藤和,,1,1:50.5,38.2,1-1-1-1,1,472,0
2024/03/19,金沢,11,買って応援　能登・石川特別Ａ２一,1700,ダ,右,良,曇,6,6,6,キョウエイロナ,牝,6,54.0,443,1,栗原大,加藤和,,2,1:52.6,39.6,3-2-2-2,3,443,1
2024/03/19,金沢,11,買って応援　能登・石川特別Ａ２一,1700,ダ,右,良,曇,6,1,1,カイジンウェーヴ,牡,6,56.0,493,-4,堀場裕,中川雅,,3,1:53.3,39.8,3-3-3-3,2,493,-4
2024/03/19,金沢,11,買って応援　能登・石川特別Ａ２一,1700,ダ,右,良,曇,6,5,5,エムティヒビキ,セ,0,56.0,410,-7,兼子千,高橋優,,4,1:54.2,40.5,2-3-4-4,4,410,-7
2024/03/19,金沢,11,買って応援　能登・石川特別Ａ２一,1700,ダ,右,良,曇,6,3,3,マノンルージュ,牡,5,56.0,474,-3,魚住謙,鈴木正,,5,1:54.4,40.4,5-5-5-4,5,474,-3
2024/03/19,金沢,11,買って応援　能登・石川特別Ａ２一,1700,ダ,右,良,曇,6,2,2,テトラルキア,セ,0,56.0,0,0,柴田勇,金田一,,,,,,,0,0
2024/03/25,金沢,1,無料ネット新聞うまかつ．ｎｅｔ金沢Ｃ２十,1400,ダ,右,稍重,曇,10,2,2,ウルトラワールド,牡,4,55.0,471,3,加藤翔,加藤義,,1,1:31.9,38.7,1-1-1-1,1,471,3
2024/03/25,金沢,1,無料ネット新聞うまかつ．ｎｅｔ金沢Ｃ２十,1400,ダ,右,稍重,曇,10,7,8,ブリクシア,牡,6,56.0,517,-10,田知弘,金田一,,2,1:32.2,38.8,2-2-2-2,2,517,-10
2024/03/25,金沢,1,無料ネット新聞うまかつ．ｎｅｔ金沢Ｃ２十,1400,ダ,右,稍重,曇,10,6,6,ベリーアーリー,牝,4,54.0,431,8,葛山晃,菅原欣,,3,1:33.9,40.0,3-3-4-4,7,431,8
2024/03/25,金沢,1,無料ネット新聞うまかつ．ｎｅｔ金沢Ｃ２十,1400,ダ,右,稍重,曇,10,7,7,フェイスタロー,牡,7,56.0,442,-3,沖静男,川添明,,4,1:34.1,39.9,7-5-5-6,6,442,-3
2024/03/25,金沢,1,無料ネット新聞うまかつ．ｎｅｔ金沢Ｃ２十,1400,ダ,右,稍重,曇,10,1,1,アポテカ,牝,4,54.0,451,1,松戸政,菅原欣,,5,1:34.3,40.1,5-6-5-5,5,451,1
2024/03/25,金沢,1,無料ネット新聞うまかつ．ｎｅｔ金沢Ｃ２十,1400,ダ,右,稍重,曇,10,8,9,デルマソトコマタ,牝,4,54.0,431,4,鈴木太,加藤義,,6,1:34.4,40.6,4-3-3-3,3,431,4
2024/03/25,金沢,1,無料ネット新聞うまかつ．ｎｅｔ金沢Ｃ２十,1400,ダ,右,稍重,曇,10,3,3,ディオスシチー,牡,4,56.0,507,-1,堀場裕,井樋一,,7,1:35.0,40.3,7-8-8-7,10,507,-1
2024/03/25,金沢,1,無料ネット新聞うまかつ．ｎｅｔ金沢Ｃ２十,1400,ダ,右,稍重,曇,10,4,4,ウインドメイヒメ,牝,4,54.0,430,-1,吉田晃,野田幸,,8,1:35.0,40.1,9-9-7-8,8,430,-1
2024/03/25,金沢,1,無料ネット新聞うまかつ．ｎｅｔ金沢Ｃ２十,1400,ダ,右,稍重,曇,10,8,10,エシェロン,牡,5,56.0,490,21,栗原大,菅原欣,,9,1:35.9,41.0,6-7-9-9,4,490,21
2024/03/25,金沢,1,無料ネット新聞うまかつ．ｎｅｔ金沢Ｃ２十,1400,ダ,右,稍重,曇,10,5,5,テラフォーマー,牡,10,56.0,450,-1,柴田勇,吉井一,,10,1:38.4,42.9,10-10-10-10,9,450,-1
2024/03/25,金沢,2,わたるくん２２歳誕生日おめでとう記Ｃ２九,1500,ダ,右,稍重,曇,8,3,3,エイシンアメンラー,牡,7,56.0,512,8,栗原大,加藤和,,1,1:38.7,39.3,3-2-2-1,1,512,8
2024/03/25,金沢,2,わたるくん２２歳誕生日おめでとう記Ｃ２九,1500,ダ,右,稍重,曇,8,5,5,キャッチクライ,牝,4,54.0,457,-8,甲賀弘,黒木豊,,2,1:39.9,40.5,2-2-2-2,4,457,-8
2024/03/25,金沢,2,わたるくん２２歳誕生日おめでとう記Ｃ２九,1500,ダ,右,稍重,曇,8,7,7,ニューブラック,牡,4,56.0,507,-4,平瀬城,高橋俊,,3,1:40.9,40.8,5-6-4-4,3,507,-4
2024/03/25,金沢,2,わたるくん２２歳誕生日おめでとう記Ｃ２九,1500,ダ,右,稍重,曇,8,1,1,ヤマイチレジェンド,牡,12,56.0,535,9,葛山晃,菅原欣,,4,1:41.6,39.5,8-8-8-7,6,535,9
2024/03/25,金沢,2,わたるくん２２歳誕生日おめでとう記Ｃ２九,1500,ダ,右,稍重,曇,8,2,2,ナパヴァレー,牝,4,54.0,487,2,魚住謙,金田一,,5,1:41.6,41.7,4-4-5-4,2,487,2
2024/03/25,金沢,2,わたるくん２２歳誕生日おめでとう記Ｃ２九,1500,ダ,右,稍重,曇,8,4,4,ソッケルカーカ,牝,4,54.0,457,-5,堀場裕,高橋優,,6,1:41.7,41.6,6-5-6-6,7,457,-5
2024/03/25,金沢,2,わたるくん２２歳誕生日おめでとう記Ｃ２九,1500,ダ,右,稍重,曇,8,8,8,マイネルジュリアン,牡,4,56.0,478,0,沖静男,川添明,,7,1:43.0,43.9,1-1-1-3,5,478,0
2024/03/25,金沢,2,わたるくん２２歳誕生日おめでとう記Ｃ２九,1500,ダ,右,稍重,曇,8,6,6,ピュアステート,牡,4,56.0,423,0,兼子千,宗綱泰,,8,1:43.2,41.8,7-7-7-7,8,423,0
2024/03/25,金沢,3,第２回ＳＴ競馬サークル記念Ｃ２四,1400,ダ,右,稍重,曇,9,3,3,ヴィクターバローズ,セ,0,56.0,469,-2,田知弘,中川雅,,1,1:32.0,38.7,5-4-4-3,2,469,-2
2024/03/25,金沢,3,第２回ＳＴ競馬サークル記念Ｃ２四,1400,ダ,右,稍重,曇,9,1,1,ワラッテユルシテ,牝,4,54.0,525,-4,栗原大,井樋一,,2,1:32.2,39.2,1-1-1-1,1,525,-4
2024/03/25,金沢,3,第２回ＳＴ競馬サークル記念Ｃ２四,1400,ダ,右,稍重,曇,9,5,5,アワーストーリー,牝,4,53.0,431,-3,加藤翔,加藤義,,3,1:32.5,39.4,2-2-1-2,3,431,-3
2024/03/25,金沢,3,第２回ＳＴ競馬サークル記念Ｃ２四,1400,ダ,右,稍重,曇,9,7,7,ネモフィラ,牝,4,54.0,437,12,葛山晃,菅原欣,,4,1:33.3,39.2,8-9-6-6,7,437,12
2024/03/25,金沢,3,第２回ＳＴ競馬サークル記念Ｃ２四,1400,ダ,右,稍重,曇,9,4,4,シェーンシュタット,牡,6,56.0,446,1,堀場裕,加藤和,,5,1:33.4,39.8,4-5-5-4,8,446,1
2024/03/25,金沢,3,第２回ＳＴ競馬サークル記念Ｃ２四,1400,ダ,右,稍重,曇,9,8,8,ミギフック,牝,4,54.0,503,3,鈴木太,鈴木正,,6,1:34.6,41.5,3-3-1-5,4,503,3
2024/03/25,金沢,3,第２回ＳＴ競馬サークル記念Ｃ２四,1400,ダ,右,稍重,曇,9,6,6,ヒロノホマレボシ,セ,0,56.0,417,4,吉田晃,佐藤茂,,7,1:35.2,41.1,6-6-7-7,5,417,4
2024/03/25,金沢,3,第２回ＳＴ競馬サークル記念Ｃ２四,1400,ダ,右,稍重,曇,9,8,9,リードキングダム,牝,6,54.0,424,1,甲賀弘,黒木豊,,8,1:35.3,41.1,9-7-7-8,6,424,1
2024/03/25,金沢,3,第２回ＳＴ競馬サークル記念Ｃ２四,1400,ダ,右,稍重,曇,9,2,2,イーゼル,セ,0,56.0,479,-2,平瀬城,黒木豊,,9,1:37.0,42.2,7-8-9-9,9,479,-2
2024/03/25,金沢,4,スマホからポイントで投票！楽天競馬Ｃ２三,1500,ダ,右,稍重,曇,7,1,1,コバルトスカイ,牝,7,54.0,493,1,葛山晃,菅原欣,,1,1:39.7,40.4,6-4-4-3,2,493,1
2024/03/25,金沢,4,スマホからポイントで投票！楽天競馬Ｃ２三,1500,ダ,右,稍重,曇,7,5,5,カミノマジック,セ,0,56.0,474,-8,堀場裕,鈴木正,,2,1:39.7,41.2,2-2-2-2,1,474,-8
2024/03/25,金沢,4,スマホからポイントで投票！楽天競馬Ｃ２三,1500,ダ,右,稍重,曇,7,4,4,トゥワイス,牝,5,54.0,389,-8,栗原大,井樋一,,3,1:39.8,41.5,1-1-1-1,3,389,-8
2024/03/25,金沢,4,スマホからポイントで投票！楽天競馬Ｃ２三,1500,ダ,右,稍重,曇,7,3,3,スワーヴジョーダン,セ,0,56.0,443,0,甲賀弘,井樋一,,4,1:40.6,40.1,7-7-7-7,5,443,0
2024/03/25,金沢,4,スマホからポイントで投票！楽天競馬Ｃ２三,1500,ダ,右,稍重,曇,7,2,2,サフランルーラー,牡,6,56.0,407,-3,兼子千,高橋優,,5,1:41.1,42.3,3-2-3-4,7,407,-3
2024/03/25,金沢,4,スマホからポイントで投票！楽天競馬Ｃ２三,1500,ダ,右,稍重,曇,7,6,6,ワンキーロケット,牡,4,55.0,440,0,加藤翔,加藤義,,6,1:41.3,41.7,3-4-5-5,4,440,0
2024/03/25,金沢,4,スマホからポイントで投票！楽天競馬Ｃ２三,1500,ダ,右,稍重,曇,7,7,7,リードザウイニング,セ,0,56.0,453,-6,魚住謙,鋤田誠,,7,1:41.5,41.8,5-6-5-5,6,453,-6
2024/03/25,金沢,5,がんばろう北陸第２回恋馬タカラコウＣ２二,1500,ダ,右,稍重,曇,9,3,3,マクシミリアン,牡,6,56.0,478,4,甲賀弘,高橋俊,,1,1:38.4,38.3,3-3-3-2,1,478,4
2024/03/25,金沢,5,がんばろう北陸第２回恋馬タカラコウＣ２二,1500,ダ,右,稍重,曇,9,2,2,フェアリープト,牝,4,54.0,494,-1,吉田晃,佐藤茂,,2,1:38.5,38.7,1-1-1-1,4,494,-1
2024/03/25,金沢,5,がんばろう北陸第２回恋馬タカラコウＣ２二,1500,ダ,右,稍重,曇,9,5,5,インワンシティング,セ,0,56.0,436,-2,栗原大,加藤和,,3,1:39.6,38.7,8-8-7-5,2,436,-2
2024/03/25,金沢,5,がんばろう北陸第２回恋馬タカラコウＣ２二,1500,ダ,右,稍重,曇,9,8,9,ヴェロニク,牝,7,54.0,422,2,堀場裕,加藤義,,4,1:39.8,39.1,7-7-6-7,8,422,2
2024/03/25,金沢,5,がんばろう北陸第２回恋馬タカラコウＣ２二,1500,ダ,右,稍重,曇,9,6,6,ケイラブマッハ,牝,4,54.0,431,-1,米倉知,中川雅,,5,1:40.0,39.7,5-4-4-4,3,431,-1
2024/03/25,金沢,5,がんばろう北陸第２回恋馬タカラコウＣ２二,1500,ダ,右,稍重,曇,9,1,1,ミラコロアショーマ,牝,7,53.0,437,0,加藤翔,井樋一,,6,1:40.4,40.5,2-2-2-3,6,437,0
2024/03/25,金沢,5,がんばろう北陸第２回恋馬タカラコウＣ２二,1500,ダ,右,稍重,曇,9,7,7,シングンバズーカ,牡,7,56.0,497,-8,松戸政,金田一,,7,1:40.4,39.9,4-4-4-6,5,497,-8
2024/03/25,金沢,5,がんばろう北陸第２回恋馬タカラコウＣ２二,1500,ダ,右,稍重,曇,9,4,4,ギルデッドフレーム,牡,4,56.0,435,1,沖静男,川添明,,8,1:41.9,39.4,9-9-9-9,7,435,1
2024/03/25,金沢,5,がんばろう北陸第２回恋馬タカラコウＣ２二,1500,ダ,右,稍重,曇,9,8,8,サマーモーリス,牝,5,54.0,435,-5,鈴木太,室井眞,,9,1:42.1,41.3,6-6-7-8,9,435,-5
2024/03/25,金沢,6,食べて応援　能登・石川特別Ｃ２一,1400,ダ,右,稍重,曇,9,7,7,エイシンウィンク,牝,6,54.0,428,-6,松戸政,菅原欣,,1,1:33.2,39.1,3-3-3-3,3,428,-6
2024/03/25,金沢,6,食べて応援　能登・石川特別Ｃ２一,1400,ダ,右,稍重,曇,9,4,4,ウラカワノオト,牡,8,56.0,457,17,鈴木太,加藤義,,2,1:33.4,38.7,6-6-6-6,6,457,17
2024/03/25,金沢,6,食べて応援　能登・石川特別Ｃ２一,1400,ダ,右,稍重,曇,9,2,2,シュプール,牝,4,53.0,448,5,加藤翔,中川雅,,3,1:33.4,39.4,2-2-1-1,4,448,5
2024/03/25,金沢,6,食べて応援　能登・石川特別Ｃ２一,1400,ダ,右,稍重,曇,9,3,3,エコログレイト,牡,4,56.0,483,7,堀場裕,中川雅,,4,1:33.4,38.7,5-5-5-4,8,483,7
2024/03/25,金沢,6,食べて応援　能登・石川特別Ｃ２一,1400,ダ,右,稍重,曇,9,8,9,ハイパーノヴァ,セ,0,56.0,498,-4,平瀬城,黒木豊,,5,1:33.6,38.4,7-7-7-7,1,498,-4
2024/03/25,金沢,6,食べて応援　能登・石川特別Ｃ２一,1400,ダ,右,稍重,曇,9,6,6,ブレイクポイント,牡,5,56.0,445,0,栗原大,菅原欣,,6,1:34.0,39.5,4-4-4-4,7,445,0
2024/03/25,金沢,6,食べて応援　能登・石川特別Ｃ２一,1400,ダ,右,稍重,曇,9,5,5,イズミアマゾネス,牝,4,54.0,467,1,柴田勇,金田一,,7,1:34.4,40.4,1-1-2-2,2,467,1
2024/03/25,金沢,6,食べて応援　能登・石川特別Ｃ２一,1400,ダ,右,稍重,曇,9,1,1,レッドアダン,セ,0,56.0,465,3,米倉知,加藤和,,8,1:34.7,39.5,9-8-8-8,5,465,3
2024/03/25,金沢,6,食べて応援　能登・石川特別Ｃ２一,1400,ダ,右,稍重,曇,9,8,8,カンノンショウ,牡,6,56.0,426,-5,甲賀弘,井樋一,,9,1:38.3,42.1,8-9-9-9,9,426,-5
2024/03/25,金沢,7,農工大競馬サークル賞シンカン記念Ｂ２六,1400,ダ,右,稍重,曇,11,7,9,ラテントパワーズ,牡,8,55.0,535,3,加藤翔,加藤義,,1,1:32.2,38.5,1-1-1-1,1,535,3
2024/03/25,金沢,7,農工大競馬サークル賞シンカン記念Ｂ２六,1400,ダ,右,稍重,曇,11,4,4,センチュリヒーロー,牡,4,56.0,422,-2,米倉知,中川雅,,2,1:32.9,39.0,3-4-2-2,4,422,-2
2024/03/25,金沢,7,農工大競馬サークル賞シンカン記念Ｂ２六,1400,ダ,右,稍重,曇,11,6,6,ナックメジャー,牡,5,56.0,490,-4,田知弘,金田一,,3,1:33.3,39.1,7-8-5-4,10,490,-4
2024/03/25,金沢,7,農工大競馬サークル賞シンカン記念Ｂ２六,1400,ダ,右,稍重,曇,11,1,1,カレンレベンティス,セ,0,56.0,449,-9,沖静男,川添明,,4,1:33.4,39.4,8-6-3-3,9,449,-9
2024/03/25,金沢,7,農工大競馬サークル賞シンカン記念Ｂ２六,1400,ダ,右,稍重,曇,11,7,8,ナムラロロ,牡,5,56.0,447,1,鈴木太,井樋一,,5,1:33.5,38.3,10-10-10-6,8,447,1
2024/03/25,金沢,7,農工大競馬サークル賞シンカン記念Ｂ２六,1400,ダ,右,稍重,曇,11,2,2,コンパウンダー,牡,9,56.0,464,0,葛山晃,川添明,,6,1:33.7,39.3,6-7-8-9,2,464,0
2024/03/25,金沢,7,農工大競馬サークル賞シンカン記念Ｂ２六,1400,ダ,右,稍重,曇,11,8,11,ヒロノランマン,セ,0,56.0,517,-1,柴田勇,金田一,,7,1:33.7,39.7,2-2-3-5,3,517,-1
2024/03/25,金沢,7,農工大競馬サークル賞シンカン記念Ｂ２六,1400,ダ,右,稍重,曇,11,5,5,コパノピッチング,牡,6,56.0,507,-5,堀場裕,鋤田誠,,8,1:33.7,39.3,5-5-6-8,5,507,-5
2024/03/25,金沢,7,農工大競馬サークル賞シンカン記念Ｂ２六,1400,ダ,右,稍重,曇,11,3,3,ジャッカルズサン,牡,4,56.0,437,-3,魚住謙,藤田弘,,9,1:34.0,39.8,4-3-6-6,7,437,-3
2024/03/25,金沢,7,農工大競馬サークル賞シンカン記念Ｂ２六,1400,ダ,右,稍重,曇,11,8,10,スタールーズベルト,牡,4,56.0,470,7,甲賀弘,藤田弘,,10,1:34.8,40.1,8-9-9-10,6,470,7
2024/03/25,金沢,7,農工大競馬サークル賞シンカン記念Ｂ２六,1400,ダ,右,稍重,曇,11,6,7,メイショウツガミネ,牡,5,56.0,0,0,吉田晃,井樋一,,,,,,,0,0
2024/03/25,金沢,8,能登半島地震復興支援杯５Ｂ２五,1500,ダ,右,稍重,曇,8,7,7,ジャックトマメノキ,牡,4,56.0,449,2,田知弘,金田一,,1,1:38.6,40.5,1-1-1-1,1,449,2
2024/03/25,金沢,8,能登半島地震復興支援杯５Ｂ２五,1500,ダ,右,稍重,曇,8,1,1,フロイング,牡,6,56.0,479,-5,甲賀弘,黒木豊,,2,1:39.7,40.3,7-8-8-8,4,479,-5
2024/03/25,金沢,8,能登半島地震復興支援杯５Ｂ２五,1500,ダ,右,稍重,曇,8,2,2,カカンクオン,牡,6,56.0,433,-4,魚住謙,鈴木正,,3,1:39.8,41.4,3-3-3-2,7,433,-4
2024/03/25,金沢,8,能登半島地震復興支援杯５Ｂ２五,1500,ダ,右,稍重,曇,8,6,6,セブンパワー,セ,0,56.0,458,-6,柴田勇,金田一,,4,1:39.9,41.7,2-2-2-3,2,458,-6
2024/03/25,金沢,8,能登半島地震復興支援杯５Ｂ２五,1500,ダ,右,稍重,曇,8,3,3,オウムアムア,牡,8,55.0,552,-7,加藤翔,金田一,,5,1:40.7,41.6,7-7-6-4,3,552,-7
2024/03/25,金沢,8,能登半島地震復興支援杯５Ｂ２五,1500,ダ,右,稍重,曇,8,8,8,ブタンタン,牡,5,56.0,485,0,鈴木太,加藤和,,6,1:40.8,41.9,5-5-5-6,6,485,0
2024/03/25,金沢,8,能登半島地震復興支援杯５Ｂ２五,1500,ダ,右,稍重,曇,8,5,5,タイガーサイレンス,牡,7,56.0,460,12,吉田晃,田嶋幸,,7,1:41.0,42.5,3-4-3-5,5,460,12
2024/03/25,金沢,8,能登半島地震復興支援杯５Ｂ２五,1500,ダ,右,稍重,曇,8,4,4,チェルキオ,牡,5,56.0,474,-5,堀場裕,中川雅,,8,1:41.2,42.1,6-6-7-6,8,474,-5
2024/03/25,金沢,9,ハナカイドウ賞Ｂ２四以下牝馬,1500,ダ,右,稍重,曇,11,4,4,マラッカ,牝,6,54.0,451,-9,松戸政,井樋一,,1,1:39.8,40.3,4-4-4-2,6,451,-9
2024/03/25,金沢,9,ハナカイドウ賞Ｂ２四以下牝馬,1500,ダ,右,稍重,曇,11,6,6,ジュジュジューン,牝,4,54.0,450,-1,堀場裕,中川雅,,2,1:39.9,39.7,7-9-8-6,1,450,-1
2024/03/25,金沢,9,ハナカイドウ賞Ｂ２四以下牝馬,1500,ダ,右,稍重,曇,11,2,2,コンチドリーム,牝,5,54.0,490,-9,栗原大,井樋一,,3,1:40.5,41.8,1-1-1-3,2,490,-9
2024/03/25,金沢,9,ハナカイドウ賞Ｂ２四以下牝馬,1500,ダ,右,稍重,曇,11,5,5,ユキヤナギ,牝,5,54.0,468,-2,米倉知,加藤和,,4,1:40.7,42.0,3-3-1-1,3,468,-2
2024/03/25,金沢,9,ハナカイドウ賞Ｂ２四以下牝馬,1500,ダ,右,稍重,曇,11,7,9,ツウカイステラ,牝,8,54.0,458,-1,魚住謙,宗綱泰,,5,1:41.0,40.1,10-10-10-10,8,458,-1
2024/03/25,金沢,9,ハナカイドウ賞Ｂ２四以下牝馬,1500,ダ,右,稍重,曇,11,8,11,ユキノリッキー,牝,5,54.0,455,8,兼子千,宗綱泰,,6,1:41.1,40.1,11-11-10-8,5,455,8
2024/03/25,金沢,9,ハナカイドウ賞Ｂ２四以下牝馬,1500,ダ,右,稍重,曇,11,1,1,シゲルシチフクジン,牝,12,54.0,445,-6,葛山晃,川添明,,7,1:41.3,41.6,8-7-5-5,9,445,-6
2024/03/25,金沢,9,ハナカイドウ賞Ｂ２四以下牝馬,1500,ダ,右,稍重,曇,11,3,3,ティアン,牝,4,54.0,427,-2,吉田晃,佐藤茂,,8,1:41.5,42.8,2-1-3-4,4,427,-2
2024/03/25,金沢,9,ハナカイドウ賞Ｂ２四以下牝馬,1500,ダ,右,稍重,曇,11,7,8,ジェイケイヒロイン,牝,8,53.0,439,-5,加藤翔,井樋一,,9,1:41.5,41.4,5-5-9-7,7,439,-5
2024/03/25,金沢,9,ハナカイドウ賞Ｂ２四以下牝馬,1500,ダ,右,稍重,曇,11,8,10,デンドロビウム,牝,5,54.0,455,-3,平瀬城,宗綱泰,,10,1:41.8,41.8,6-8-7-9,11,455,-3
2024/03/25,金沢,9,ハナカイドウ賞Ｂ２四以下牝馬,1500,ダ,右,稍重,曇,11,6,7,タマモカラボス,牝,5,54.0,434,3,田知弘,佐藤茂,,11,1:43.2,43.4,9-5-5-11,10,434,3
2024/03/25,金沢,10,スプリング特別【金沢スプリンＡ１二Ａ２級,1400,ダ,右,稍重,曇,9,6,6,エイシンアンヴァル,牡,7,56.0,502,-2,田知弘,中川雅,,1,1:30.2,38.8,3-3-1-2,1,502,-2
2024/03/25,金沢,10,スプリング特別【金沢スプリンＡ１二Ａ２級,1400,ダ,右,稍重,曇,9,1,1,ガムラン,牡,6,57.0,532,5,吉田晃,佐藤茂,,2,1:30.7,39.0,3-4-4-3,2,532,5
2024/03/25,金沢,10,スプリング特別【金沢スプリンＡ１二Ａ２級,1400,ダ,右,稍重,曇,9,5,5,キープクライミング,牝,5,54.0,452,-5,加藤翔,中川雅,,3,1:30.9,39.7,1-1-1-1,3,452,-5
2024/03/25,金沢,10,スプリング特別【金沢スプリンＡ１二Ａ２級,1400,ダ,右,稍重,曇,9,2,2,ルナエルモッサ,牝,5,54.0,428,0,松戸政,川添明,,4,1:32.1,40.1,6-5-5-5,6,428,0
2024/03/25,金沢,10,スプリング特別【金沢スプリンＡ１二Ａ２級,1400,ダ,右,稍重,曇,9,4,4,シュガーエンジェル,牝,5,55.0,404,-6,兼子千,宗綱泰,,5,1:32.3,39.9,8-8-7-6,9,404,-6
2024/03/25,金沢,10,スプリング特別【金沢スプリンＡ１二Ａ２級,1400,ダ,右,稍重,曇,9,7,7,サエチ,牝,5,55.0,483,-3,平瀬城,高橋俊,,6,1:32.4,40.3,5-6-5-7,4,483,-3
2024/03/25,金沢,10,スプリング特別【金沢スプリンＡ１二Ａ２級,1400,ダ,右,稍重,曇,9,3,3,カレンリズ,牝,7,55.0,450,-11,栗原大,佐藤茂,,7,1:32.9,41.5,2-2-3-4,5,450,-11
2024/03/25,金沢,10,スプリング特別【金沢スプリンＡ１二Ａ２級,1400,ダ,右,稍重,曇,9,8,9,サンケイワールド,牡,6,57.0,493,-2,柴田勇,金田一,,8,1:33.3,40.8,7-7-8-8,7,493,-2
2024/03/25,金沢,10,スプリング特別【金沢スプリンＡ１二Ａ２級,1400,ダ,右,稍重,曇,9,8,8,パディオアヘッド,セ,0,57.0,494,0,沖静男,川添明,,,,,,8,494,0
2024/03/26,金沢,1,無料ネット新聞うまかつ．ｎｅ３歳Ｂ二走１,1400,ダ,右,不良,雨,6,4,4,ピオニエーレ,牡,3,56.0,443,-1,柴田勇,金田一,,1,1:32.0,40.9,3-3-1-1,3,443,-1
2024/03/26,金沢,1,無料ネット新聞うまかつ．ｎｅ３歳Ｂ二走１,1400,ダ,右,不良,雨,6,2,2,ガガヒャクマンゴク,牡,3,55.0,538,22,加藤翔,加藤義,,2,1:32.7,41.6,1-1-2-1,2,538,22
2024/03/26,金沢,1,無料ネット新聞うまかつ．ｎｅ３歳Ｂ二走１,1400,ダ,右,不良,雨,6,3,3,ロングレジリエント,牡,3,56.0,432,-5,米倉知,藤田弘,,3,1:32.8,41.7,2-1-3-3,1,432,-5
2024/03/26,金沢,1,無料ネット新聞うまかつ．ｎｅ３歳Ｂ二走１,1400,ダ,右,不良,雨,6,5,5,ネガイヲカナエテ,牝,3,54.0,431,0,魚住謙,金田一,,4,1:33.6,39.9,5-4-4-4,4,431,0
2024/03/26,金沢,1,無料ネット新聞うまかつ．ｎｅ３歳Ｂ二走１,1400,ダ,右,不良,雨,6,6,6,アイヲサケブオトコ,牡,3,56.0,474,1,鈴木太,加藤和,,5,1:35.9,42.1,4-5-5-5,5,474,1
2024/03/26,金沢,1,無料ネット新聞うまかつ．ｎｅ３歳Ｂ二走１,1400,ダ,右,不良,雨,6,1,1,サンサンサンキュー,牡,3,56.0,476,1,葛山晃,菅原欣,,6,1:36.1,40.9,6-6-6-6,6,476,1
2024/03/26,金沢,2,ＧＯＧＯ！ＣＨＡＮＣＥ秋田産平間Ｃ２十二,1400,ダ,右,不良,雨,9,7,7,コウカンニッキ,牝,4,54.0,455,-3,田知弘,金田一,,1,1:32.4,39.7,1-1-1-1,3,455,-3
2024/03/26,金沢,2,ＧＯＧＯ！ＣＨＡＮＣＥ秋田産平間Ｃ２十二,1400,ダ,右,不良,雨,9,3,3,マナフリューゲル,牝,4,54.0,463,-1,栗原大,井樋一,,2,1:33.0,40.0,2-2-3-2,4,463,-1
2024/03/26,金沢,2,ＧＯＧＯ！ＣＨＡＮＣＥ秋田産平間Ｃ２十二,1400,ダ,右,不良,雨,9,8,9,マーニ,牡,8,56.0,460,-7,柴田勇,井樋一,,3,1:33.0,40.0,4-3-2-3,2,460,-7
2024/03/26,金沢,2,ＧＯＧＯ！ＣＨＡＮＣＥ秋田産平間Ｃ２十二,1400,ダ,右,不良,雨,9,6,6,ブランディング,牝,5,54.0,435,4,平瀬城,川添明,,4,1:33.9,40.3,7-6-5-4,5,435,4
2024/03/26,金沢,2,ＧＯＧＯ！ＣＨＡＮＣＥ秋田産平間Ｃ２十二,1400,ダ,右,不良,雨,9,2,2,シンゼンアツタ,牡,4,55.0,477,1,加藤翔,中川雅,,5,1:35.4,42.2,4-4-4-5,1,477,1
2024/03/26,金沢,2,ＧＯＧＯ！ＣＨＡＮＣＥ秋田産平間Ｃ２十二,1400,ダ,右,不良,雨,9,1,1,ネイバーアイランド,牝,6,54.0,448,27,魚住謙,鋤田誠,,6,1:35.8,40.7,9-9-8-8,6,448,27
2024/03/26,金沢,2,ＧＯＧＯ！ＣＨＡＮＣＥ秋田産平間Ｃ２十二,1400,ダ,右,不良,雨,9,8,8,ティアモローザ,牝,4,54.0,443,3,葛山晃,菅原欣,,7,1:36.0,42.6,3-4-5-6,7,443,3
2024/03/26,金沢,2,ＧＯＧＯ！ＣＨＡＮＣＥ秋田産平間Ｃ２十二,1400,ダ,右,不良,雨,9,4,4,フローラルハニー,牝,4,54.0,454,4,兼子千,川添明,,8,1:36.1,41.8,6-7-7-7,9,454,4
2024/03/26,金沢,2,ＧＯＧＯ！ＣＨＡＮＣＥ秋田産平間Ｃ２十二,1400,ダ,右,不良,雨,9,5,5,シャインルビー,牝,7,54.0,438,-6,堀場裕,中川雅,,9,1:37.7,42.9,7-8-8-9,8,438,-6
2024/03/26,金沢,3,池上ハタチハピバ杯Ｃ２十一,1400,ダ,右,不良,雨,8,5,5,マルカンレインボー,牝,4,54.0,419,-1,兼子千,高橋道,,1,1:33.6,40.9,2-2-2-1,2,419,-1
2024/03/26,金沢,3,池上ハタチハピバ杯Ｃ２十一,1400,ダ,右,不良,雨,8,8,8,フラッシュダンス,牝,4,54.0,478,-18,吉田晃,高橋俊,,2,1:33.7,40.8,3-3-3-2,3,478,-18
2024/03/26,金沢,3,池上ハタチハピバ杯Ｃ２十一,1400,ダ,右,不良,雨,8,6,6,マイヴェリテ,セ,0,56.0,429,2,田知弘,金田一,,3,1:33.7,40.4,4-4-4-4,4,429,2
2024/03/26,金沢,3,池上ハタチハピバ杯Ｃ２十一,1400,ダ,右,不良,雨,8,1,1,タペジャラ,牡,4,56.0,444,-1,堀場裕,金田一,,4,1:34.9,41.1,6-5-6-6,8,444,-1
2024/03/26,金沢,3,池上ハタチハピバ杯Ｃ２十一,1400,ダ,右,不良,雨,8,2,2,キラールージュ,牝,4,53.0,424,-8,加藤翔,鋤田誠,,5,1:35.3,42.0,5-5-4-5,5,424,-8
2024/03/26,金沢,3,池上ハタチハピバ杯Ｃ２十一,1400,ダ,右,不良,雨,8,3,3,ピエールサンデー,牝,8,54.0,411,-9,鈴木太,吉井一,,6,1:35.7,41.4,8-8-8-7,7,411,-9
2024/03/26,金沢,3,池上ハタチハピバ杯Ｃ２十一,1400,ダ,右,不良,雨,8,4,4,ケヴィンズクロス,牡,6,56.0,511,-8,米倉知,加藤和,,7,1:36.3,43.7,1-1-1-3,1,511,-8
2024/03/26,金沢,3,池上ハタチハピバ杯Ｃ２十一,1400,ダ,右,不良,雨,8,7,7,ピエナファリア,牡,7,56.0,454,0,葛山晃,菅原欣,,8,1:36.9,42.9,7-7-7-8,6,454,0
2024/03/26,金沢,4,がんばれ石川！コニー誕生日記念Ｃ２八,1400,ダ,右,不良,雨,9,8,9,オールズフェア,セ,0,56.0,522,-12,松戸政,井樋一,,1,1:32.1,40.8,2-1-1-1,1,522,-12
2024/03/26,金沢,4,がんばれ石川！コニー誕生日記念Ｃ２八,1400,ダ,右,不良,雨,9,8,8,シュマンドロワ,牡,4,55.0,475,-9,加藤翔,井樋一,,2,1:33.9,40.8,4-4-4-3,3,475,-9
2024/03/26,金沢,4,がんばれ石川！コニー誕生日記念Ｃ２八,1400,ダ,右,不良,雨,9,1,1,ナックレガシー,牡,4,56.0,520,-4,田知弘,金田一,,3,1:34.2,42.0,1-2-2-2,4,520,-4
2024/03/26,金沢,4,がんばれ石川！コニー誕生日記念Ｃ２八,1400,ダ,右,不良,雨,9,5,5,ボルンカズマ,牡,8,56.0,494,1,兼子千,川添明,,4,1:34.3,39.8,8-7-8-5,7,494,1
2024/03/26,金沢,4,がんばれ石川！コニー誕生日記念Ｃ２八,1400,ダ,右,不良,雨,9,7,7,リッタースポーツ,牡,4,56.0,476,-10,葛山晃,井樋一,,5,1:34.4,40.2,7-7-7-6,5,476,-10
2024/03/26,金沢,4,がんばれ石川！コニー誕生日記念Ｃ２八,1400,ダ,右,不良,雨,9,6,6,セブンハイ,牡,4,56.0,496,-3,堀場裕,金田一,,6,1:34.4,40.4,6-6-6-4,6,496,-3
2024/03/26,金沢,4,がんばれ石川！コニー誕生日記念Ｃ２八,1400,ダ,右,不良,雨,9,2,2,ケレンシア,牝,4,54.0,483,-3,平瀬城,川添明,,7,1:34.7,38.9,9-9-9-9,2,483,-3
2024/03/26,金沢,4,がんばれ石川！コニー誕生日記念Ｃ２八,1400,ダ,右,不良,雨,9,3,3,アンザンタカヒロ,セ,0,56.0,468,-9,鈴木太,吉井一,,8,1:35.8,42.1,5-5-5-8,9,468,-9
2024/03/26,金沢,4,がんばれ石川！コニー誕生日記念Ｃ２八,1400,ダ,右,不良,雨,9,4,4,ザガーロ,牝,6,54.0,409,-7,柴田勇,吉井一,,9,1:37.1,44.6,3-3-3-6,8,409,-7
2024/03/26,金沢,5,被災地へのエールをありがとう賞Ｃ２七,1400,ダ,右,不良,雨,9,7,7,マジカルモーション,牡,4,56.0,488,-7,堀場裕,中川雅,,1,1:33.4,40.2,5-5-4-4,1,488,-7
2024/03/26,金沢,5,被災地へのエールをありがとう賞Ｃ２七,1400,ダ,右,不良,雨,9,8,9,アルジェントステラ,牝,6,54.0,462,-5,米倉知,加藤和,,2,1:33.7,40.8,4-4-2-1,2,462,-5
2024/03/26,金沢,5,被災地へのエールをありがとう賞Ｃ２七,1400,ダ,右,不良,雨,9,4,4,クリスタルゴールド,牡,4,56.0,496,-1,吉田晃,佐藤茂,,3,1:33.7,40.8,1-1-1-2,3,496,-1
2024/03/26,金沢,5,被災地へのエールをありがとう賞Ｃ２七,1400,ダ,右,不良,雨,9,5,5,カイエン,牡,4,56.0,536,4,田知弘,高橋優,,4,1:33.8,40.2,8-5-6-6,6,536,4
2024/03/26,金沢,5,被災地へのエールをありがとう賞Ｃ２七,1400,ダ,右,不良,雨,9,3,3,トゥインクルーガー,牝,4,54.0,440,-1,魚住謙,高橋優,,5,1:34.3,40.2,5-7-8-7,7,440,-1
2024/03/26,金沢,5,被災地へのエールをありがとう賞Ｃ２七,1400,ダ,右,不良,雨,9,1,1,キャリアウーマン,牝,4,54.0,468,0,平瀬城,黒木豊,,6,1:34.4,41.0,3-3-5-4,5,468,0
2024/03/26,金沢,5,被災地へのエールをありがとう賞Ｃ２七,1400,ダ,右,不良,雨,9,8,8,オールマイフレンズ,牝,6,53.0,452,6,加藤翔,中川雅,,7,1:34.8,41.9,2-2-2-3,4,452,6
2024/03/26,金沢,5,被災地へのエールをありがとう賞Ｃ２七,1400,ダ,右,不良,雨,9,2,2,スカーレットリボン,牝,8,54.0,418,-1,兼子千,高橋道,,8,1:35.1,40.6,9-9-9-8,9,418,-1
2024/03/26,金沢,5,被災地へのエールをありがとう賞Ｃ２七,1400,ダ,右,不良,雨,9,6,6,アンクルテイオウ,牡,8,56.0,489,-7,鈴木太,鈴木正,,9,1:35.8,42.1,5-8-7-9,8,489,-7
2024/03/26,金沢,6,応援消費おねがいプロジェクト展開中Ｃ２六,1400,ダ,右,不良,雨,7,5,5,サーストンアイダホ,牡,5,56.0,499,-7,兼子千,高橋道,,1,1:33.2,39.7,1-1-1-1,1,499,-7
2024/03/26,金沢,6,応援消費おねがいプロジェクト展開中Ｃ２六,1400,ダ,右,不良,雨,7,2,2,デルマスソバライ,牝,4,53.0,417,-5,加藤翔,加藤義,,2,1:33.3,39.4,3-3-3-2,2,417,-5
2024/03/26,金沢,6,応援消費おねがいプロジェクト展開中Ｃ２六,1400,ダ,右,不良,雨,7,7,7,ヒメカミノテング,牝,4,54.0,430,7,堀場裕,加藤義,,3,1:34.9,40.4,6-6-6-4,4,430,7
2024/03/26,金沢,6,応援消費おねがいプロジェクト展開中Ｃ２六,1400,ダ,右,不良,雨,7,3,3,クールサムタイム,セ,0,56.0,458,-5,鈴木太,加藤義,,4,1:35.0,41.0,4-4-4-5,5,458,-5
2024/03/26,金沢,6,応援消費おねがいプロジェクト展開中Ｃ２六,1400,ダ,右,不良,雨,7,6,6,テリオスカイ,牡,4,56.0,511,-10,田知弘,加藤和,,5,1:35.0,41.2,2-2-2-3,3,511,-10
2024/03/26,金沢,6,応援消費おねがいプロジェクト展開中Ｃ２六,1400,ダ,右,不良,雨,7,4,4,ジュニアフェザー,牝,6,54.0,440,-5,魚住謙,鈴木正,,6,1:35.1,40.6,5-5-5-6,7,440,-5
2024/03/26,金沢,6,応援消費おねがいプロジェクト展開中Ｃ２六,1400,ダ,右,不良,雨,7,1,1,カジノノーブル,牡,11,56.0,402,-5,平瀬城,黒木豊,,7,1:36.8,42.2,7-6-7-7,6,402,-5
2024/03/26,金沢,7,わたあめさんしろーはたぼうちゃんねＣ２五,1500,ダ,右,不良,雨,8,1,1,タカラアーサー,牡,4,56.0,518,-5,栗原大,菅原欣,,1,1:38.1,38.6,1-1-1-1,2,518,-5
2024/03/26,金沢,7,わたあめさんしろーはたぼうちゃんねＣ２五,1500,ダ,右,不良,雨,8,6,6,ユーバーウィンデン,牡,4,56.0,515,-16,米倉知,佐藤茂,,2,1:38.6,39.0,3-3-1-2,3,515,-16
2024/03/26,金沢,7,わたあめさんしろーはたぼうちゃんねＣ２五,1500,ダ,右,不良,雨,8,7,7,グラシアーノ,牝,4,54.0,417,-6,堀場裕,加藤義,,3,1:39.3,39.1,4-5-4-4,7,417,-6
2024/03/26,金沢,7,わたあめさんしろーはたぼうちゃんねＣ２五,1500,ダ,右,不良,雨,8,3,3,ビーチポジティヴ,牝,4,54.0,461,0,柴田勇,金田一,,4,1:39.3,39.6,2-2-3-3,4,461,0
2024/03/26,金沢,7,わたあめさんしろーはたぼうちゃんねＣ２五,1500,ダ,右,不良,雨,8,8,8,ピンフドラサン,牡,7,55.0,473,0,加藤翔,井樋一,,5,1:40.3,39.7,6-6-5-5,1,473,0
2024/03/26,金沢,7,わたあめさんしろーはたぼうちゃんねＣ２五,1500,ダ,右,不良,雨,8,5,5,ヒマワリオジョウ,牝,8,54.0,424,-7,鈴木太,鋤田誠,,6,1:40.7,40.0,7-7-5-6,8,424,-7
2024/03/26,金沢,7,わたあめさんしろーはたぼうちゃんねＣ２五,1500,ダ,右,不良,雨,8,2,2,ホウオウバーデン,牡,4,56.0,499,8,兼子千,井樋一,,7,1:45.3,44.7,4-4-7-7,5,499,8
2024/03/26,金沢,7,わたあめさんしろーはたぼうちゃんねＣ２五,1500,ダ,右,不良,雨,8,4,4,ルナホーク,牝,5,54.0,425,4,魚住謙,鋤田誠,,8,1:54.5,50.3,8-8-8-8,6,425,4
2024/03/26,金沢,8,能登半島地震復興支援杯６Ｂ２三,1400,ダ,右,不良,雨,9,5,5,エスカミーリョ,セ,0,56.0,474,-8,吉田晃,佐藤茂,,1,1:31.8,38.9,6-5-3-3,1,474,-8
2024/03/26,金沢,8,能登半島地震復興支援杯６Ｂ２三,1400,ダ,右,不良,雨,9,1,1,プレミアマイン,牝,4,54.0,481,-10,米倉知,加藤和,,2,1:32.0,39.5,1-1-1-1,3,481,-10
2024/03/26,金沢,8,能登半島地震復興支援杯６Ｂ２三,1400,ダ,右,不良,雨,9,8,9,コスモノート,セ,0,56.0,523,1,栗原大,菅原欣,,3,1:32.3,39.2,5-6-5-2,2,523,1
2024/03/26,金沢,8,能登半島地震復興支援杯６Ｂ２三,1400,ダ,右,不良,雨,9,2,2,リュウノステルス,牡,4,55.0,431,-2,加藤翔,加藤義,,4,1:33.3,40.6,2-2-2-4,5,431,-2
2024/03/26,金沢,8,能登半島地震復興支援杯６Ｂ２三,1400,ダ,右,不良,雨,9,6,6,ハートリープ,牝,6,54.0,412,-1,葛山晃,川添明,,5,1:33.4,39.9,7-7-7-5,6,412,-1
2024/03/26,金沢,8,能登半島地震復興支援杯６Ｂ２三,1400,ダ,右,不良,雨,9,3,3,ビッグタイマー,牡,6,56.0,481,0,魚住謙,鋤田誠,,6,1:33.5,40.4,4-4-6-6,4,481,0
2024/03/26,金沢,8,能登半島地震復興支援杯６Ｂ２三,1400,ダ,右,不良,雨,9,8,8,クイーンオブロード,牝,5,54.0,436,2,松戸政,黒木豊,,7,1:33.8,39.9,8-8-8-8,7,436,2
2024/03/26,金沢,8,能登半島地震復興支援杯６Ｂ２三,1400,ダ,右,不良,雨,9,7,7,ドライカプチーノ,牝,4,54.0,455,-3,堀場裕,金田一,,8,1:33.8,40.9,3-3-3-7,8,455,-3
2024/03/26,金沢,8,能登半島地震復興支援杯６Ｂ２三,1400,ダ,右,不良,雨,9,4,4,マヒート,牡,4,56.0,484,-4,平瀬城,佐藤茂,,,,,,,484,-4
2024/03/26,金沢,9,馬の写真家ＶＯＤＫＡ＿ＨＡＲＵＫＡＢ２二,1400,ダ,右,不良,雨,11,6,7,エイチエヌバンピー,牡,4,56.0,474,1,米倉知,佐藤茂,,1,1:30.8,37.4,7-7-2-1,1,474,1
2024/03/26,金沢,9,馬の写真家ＶＯＤＫＡ＿ＨＡＲＵＫＡＢ２二,1400,ダ,右,不良,雨,11,7,8,ラマジ,牝,4,54.0,452,1,堀場裕,鈴木正,,2,1:31.0,37.6,4-3-4-3,2,452,1
2024/03/26,金沢,9,馬の写真家ＶＯＤＫＡ＿ＨＡＲＵＫＡＢ２二,1400,ダ,右,不良,雨,11,8,11,アオイダリア,牝,4,54.0,445,7,鈴木太,加藤義,,3,1:31.1,37.8,2-2-1-1,4,445,7
2024/03/26,金沢,9,馬の写真家ＶＯＤＫＡ＿ＨＡＲＵＫＡＢ２二,1400,ダ,右,不良,雨,11,4,4,ファームフレッシュ,牝,4,54.0,430,-9,吉田晃,佐藤茂,,4,1:31.5,37.6,5-5-5-4,3,430,-9
2024/03/26,金沢,9,馬の写真家ＶＯＤＫＡ＿ＨＡＲＵＫＡＢ２二,1400,ダ,右,不良,雨,11,5,5,エルフバローズ,牝,6,54.0,468,-3,田知弘,川添明,,5,1:32.7,38.8,3-4-6-6,7,468,-3
2024/03/26,金沢,9,馬の写真家ＶＯＤＫＡ＿ＨＡＲＵＫＡＢ２二,1400,ダ,右,不良,雨,11,2,2,エースアクシス,牝,8,54.0,406,2,松戸政,井樋一,,6,1:32.9,37.7,10-10-10-9,5,406,2
2024/03/26,金沢,9,馬の写真家ＶＯＤＫＡ＿ＨＡＲＵＫＡＢ２二,1400,ダ,右,不良,雨,11,3,3,ヴェーチェル,牝,5,54.0,428,-7,柴田勇,川添明,,7,1:33.2,38.8,6-6-7-7,8,428,-7
2024/03/26,金沢,9,馬の写真家ＶＯＤＫＡ＿ＨＡＲＵＫＡＢ２二,1400,ダ,右,不良,雨,11,1,1,カズノザンゲツ,牝,5,54.0,500,-4,兼子千,宗綱泰,,8,1:33.7,39.2,9-8-8-10,11,500,-4
2024/03/26,金沢,9,馬の写真家ＶＯＤＫＡ＿ＨＡＲＵＫＡＢ２二,1400,ダ,右,不良,雨,11,8,10,カフェリリー,牝,6,54.0,490,-2,栗原大,菅原欣,,9,1:33.9,39.2,8-9-9-8,9,490,-2
2024/03/26,金沢,9,馬の写真家ＶＯＤＫＡ＿ＨＡＲＵＫＡＢ２二,1400,ダ,右,不良,雨,11,7,9,サノノビーチ,牝,4,53.0,506,-3,加藤翔,加藤和,,10,1:34.1,40.8,1-1-2-5,6,506,-3
2024/03/26,金沢,9,馬の写真家ＶＯＤＫＡ＿ＨＡＲＵＫＡＢ２二,1400,ダ,右,不良,雨,11,6,6,ギロウ,牡,4,56.0,491,4,平瀬城,中川雅,,11,1:35.1,38.9,11-11-11-11,10,491,4
2024/03/26,金沢,10,飲んで応援　能登・石川特別Ｂ２一,1500,ダ,右,不良,雨,9,2,2,リパリス,牝,6,53.0,451,1,加藤翔,井樋一,,1,1:36.9,39.3,1-1-1-1,2,451,1
2024/03/26,金沢,10,飲んで応援　能登・石川特別Ｂ２一,1500,ダ,右,不良,雨,9,5,5,ガンブーツダンス,セ,0,56.0,507,-3,米倉知,中川雅,,2,1:38.0,40.1,2-2-2-2,1,507,-3
2024/03/26,金沢,10,飲んで応援　能登・石川特別Ｂ２一,1500,ダ,右,不良,雨,9,6,6,サクセスソング,牝,5,54.0,434,-3,魚住謙,鋤田誠,,3,1:38.9,38.8,8-8-8-6,9,434,-3
2024/03/26,金沢,10,飲んで応援　能登・石川特別Ｂ２一,1500,ダ,右,不良,雨,9,1,1,アレレブルー,牡,6,56.0,456,-2,田知弘,加藤義,,4,1:39.0,40.6,4-4-3-3,4,456,-2
2024/03/26,金沢,10,飲んで応援　能登・石川特別Ｂ２一,1500,ダ,右,不良,雨,9,3,3,イズジョーアーサー,牡,5,56.0,506,0,堀場裕,金田一,,5,1:39.0,39.5,7-7-6-6,5,506,0
2024/03/26,金沢,10,飲んで応援　能登・石川特別Ｂ２一,1500,ダ,右,不良,雨,9,8,8,エーストビーズ,牝,6,54.0,496,8,栗原大,菅原欣,,6,1:39.3,40.1,6-6-5-4,6,496,8
2024/03/26,金沢,10,飲んで応援　能登・石川特別Ｂ２一,1500,ダ,右,不良,雨,9,8,9,ドミナンス,牡,5,56.0,460,-7,兼子千,宗綱泰,,7,1:40.5,39.2,9-9-9-8,7,460,-7
2024/03/26,金沢,10,飲んで応援　能登・石川特別Ｂ２一,1500,ダ,右,不良,雨,9,4,4,ブレッシングクライ,牡,5,56.0,510,5,吉田晃,高橋俊,,8,1:40.8,42.2,3-3-4-5,8,510,5
2024/03/26,金沢,10,飲んで応援　能登・石川特別Ｂ２一,1500,ダ,右,不良,雨,9,7,7,ピンクヒップガール,牝,4,54.0,472,8,葛山晃,高橋俊,,9,1:42.1,42.7,5-5-6-9,3,472,8
2024/03/26,金沢,11,ポイントで馬券を買える！楽天競馬特Ａ１一,1500,ダ,右,不良,雨,7,3,3,フェイマスダンディ,牡,6,56.0,495,0,吉田晃,佐藤茂,,1,1:35.7,38.7,2-2-1-1,3,495,0
2024/03/26,金沢,11,ポイントで馬券を買える！楽天競馬特Ａ１一,1500,ダ,右,不良,雨,7,6,6,ノブノビスケッツ,牡,4,55.0,460,-3,加藤翔,加藤和,,2,1:36.3,38.5,4-5-6-2,2,460,-3
2024/03/26,金沢,11,ポイントで馬券を買える！楽天競馬特Ａ１一,1500,ダ,右,不良,雨,7,5,5,ヴェレノ,牝,5,54.0,449,9,魚住謙,鋤田誠,,3,1:36.8,38.9,6-6-5-4,5,449,9
2024/03/26,金沢,11,ポイントで馬券を買える！楽天競馬特Ａ１一,1500,ダ,右,不良,雨,7,1,1,グランデラムジー,牡,8,56.0,479,-4,平瀬城,佐藤茂,,4,1:37.5,39.8,5-4-4-5,6,479,-4
2024/03/26,金沢,11,ポイントで馬券を買える！楽天競馬特Ａ１一,1500,ダ,右,不良,雨,7,4,4,レディオマジック,牡,7,56.0,480,-6,米倉知,中川雅,,5,1:37.7,40.3,3-3-3-6,4,480,-6
2024/03/26,金沢,11,ポイントで馬券を買える！楽天競馬特Ａ１一,1500,ダ,右,不良,雨,7,7,7,セブンダートオー,牡,5,56.0,480,-3,栗原大,金田一,,6,1:38.1,41.1,1-1-1-3,1,480,-3
2024/03/26,金沢,11,ポイントで馬券を買える！楽天競馬特Ａ１一,1500,ダ,右,不良,雨,7,2,2,ナムラアラシ,牡,11,56.0,528,-3,鈴木太,川添明,,7,1:38.1,39.8,7-7-7-7,7,528,-3
2024/04/02,金沢,1,能登半島地震復興支援杯７Ｃ１六,1400,ダ,右,良,曇,9,8,8,マーブルミミ,牝,4,54.0,417,-1,松戸政,藤田弘,,1,1:32.6,39.6,5-3-2-2,2,417,-1
2024/04/02,金沢,1,能登半島地震復興支援杯７Ｃ１六,1400,ダ,右,良,曇,9,8,9,エクメディダイヤ,牡,5,56.0,474,2,中島龍,金田一,,2,1:32.9,40.3,3-1-1-1,5,474,2
2024/04/02,金沢,1,能登半島地震復興支援杯７Ｃ１六,1400,ダ,右,良,曇,9,3,3,カフェダイナスティ,セ,0,56.0,489,0,栗原大,菅原欣,,3,1:33.6,39.9,4-6-6-5,1,489,0
2024/04/02,金沢,1,能登半島地震復興支援杯７Ｃ１六,1400,ダ,右,良,曇,9,7,7,ミツカネアース,牡,4,56.0,487,-1,田知弘,金田一,,4,1:33.6,39.9,8-8-5-6,3,487,-1
2024/04/02,金沢,1,能登半島地震復興支援杯７Ｃ１六,1400,ダ,右,良,曇,9,6,6,スイートティアラ,牝,7,54.0,417,-3,吉田晃,鈴木正,,5,1:33.8,40.9,2-2-2-3,6,417,-3
2024/04/02,金沢,1,能登半島地震復興支援杯７Ｃ１六,1400,ダ,右,良,曇,9,2,2,メトリカルセオリー,牝,5,54.0,480,2,平瀬城,黒木豊,,6,1:33.9,39.3,9-9-9-8,8,480,2
2024/04/02,金沢,1,能登半島地震復興支援杯７Ｃ１六,1400,ダ,右,良,曇,9,4,4,シュペルブ,牝,5,54.0,429,4,堀場裕,宗綱泰,,7,1:34.0,40.7,5-5-4-4,7,429,4
2024/04/02,金沢,1,能登半島地震復興支援杯７Ｃ１六,1400,ダ,右,良,曇,9,1,1,ノースヒビキ,牝,8,54.0,465,-3,魚住謙,高橋俊,,8,1:34.1,39.9,7-7-7-7,4,465,-3
2024/04/02,金沢,1,能登半島地震復興支援杯７Ｃ１六,1400,ダ,右,良,曇,9,5,5,アイスケイブ,牝,5,54.0,425,2,兼子千,宗綱泰,,9,1:37.0,43.0,1-4-7-9,9,425,2
2024/04/02,金沢,2,弐十爆誕☆Ｌｖ４☆記念Ｃ１五,1400,ダ,右,良,曇,10,7,7,タカラアーサー,牡,4,56.0,512,-6,栗原大,菅原欣,,1,1:31.2,39.3,1-1-1-1,1,512,-6
2024/04/02,金沢,2,弐十爆誕☆Ｌｖ４☆記念Ｃ１五,1400,ダ,右,良,曇,10,1,1,グッドラックスター,牝,7,54.0,461,-6,鈴木太,鈴木正,,2,1:32.7,39.1,10-9-7-5,3,461,-6
2024/04/02,金沢,2,弐十爆誕☆Ｌｖ４☆記念Ｃ１五,1400,ダ,右,良,曇,10,4,4,カワカミアンフィニ,牝,4,54.0,416,-1,田知弘,中川雅,,3,1:32.7,39.8,3-4-4-4,5,416,-1
2024/04/02,金沢,2,弐十爆誕☆Ｌｖ４☆記念Ｃ１五,1400,ダ,右,良,曇,10,8,9,サトルアプローチ,牡,6,56.0,466,2,柴田勇,金田一,,4,1:32.8,40.8,2-2-2-2,4,466,2
2024/04/02,金沢,2,弐十爆誕☆Ｌｖ４☆記念Ｃ１五,1400,ダ,右,良,曇,10,8,10,ナイトスターリリー,牝,7,54.0,444,0,堀場裕,高橋優,,5,1:33.0,40.6,3-3-3-3,2,444,0
2024/04/02,金沢,2,弐十爆誕☆Ｌｖ４☆記念Ｃ１五,1400,ダ,右,良,曇,10,3,3,ビナダラット,牝,4,53.0,434,2,加藤翔,加藤和,,6,1:33.0,39.2,8-8-9-9,9,434,2
2024/04/02,金沢,2,弐十爆誕☆Ｌｖ４☆記念Ｃ１五,1400,ダ,右,良,曇,10,7,8,サーストンユタ,牡,5,56.0,467,-14,魚住謙,高橋俊,,7,1:33.4,40.0,6-6-6-5,7,467,-14
2024/04/02,金沢,2,弐十爆誕☆Ｌｖ４☆記念Ｃ１五,1400,ダ,右,良,曇,10,5,5,レッツドゥイット,牝,5,54.0,459,5,吉田晃,佐藤茂,,8,1:33.4,39.8,7-7-8-8,10,459,5
2024/04/02,金沢,2,弐十爆誕☆Ｌｖ４☆記念Ｃ１五,1400,ダ,右,良,曇,10,6,6,ライディーン,牡,5,56.0,489,-8,中島龍,高橋俊,,9,1:34.2,41.1,5-5-5-7,6,489,-8
2024/04/02,金沢,2,弐十爆誕☆Ｌｖ４☆記念Ｃ１五,1400,ダ,右,良,曇,10,2,2,ライムワード,セ,0,56.0,527,0,平瀬城,黒木豊,,10,1:35.1,40.5,9-10-10-10,8,527,0
2024/04/02,金沢,3,３歳Ａ３,1400,ダ,右,良,曇,10,8,9,ガガヒャクマンゴク,牡,3,56.0,533,-5,吉原寛,加藤義,,1,1:31.8,40.4,1-1-1-1,1,533,-5
2024/04/02,金沢,3,３歳Ａ３,1400,ダ,右,良,曇,10,5,5,エイシンオットー,牝,3,54.0,453,4,田知弘,中川雅,,2,1:32.4,40.5,3-3-3-3,2,453,4
2024/04/02,金沢,3,３歳Ａ３,1400,ダ,右,良,曇,10,8,10,カミソリストレート,牡,3,56.0,471,1,鈴木太,鈴木正,,3,1:32.5,40.9,2-2-2-2,5,471,1
2024/04/02,金沢,3,３歳Ａ３,1400,ダ,右,良,曇,10,7,7,リケアリラ,牝,3,54.0,402,-5,中島龍,加藤義,,4,1:32.5,39.8,6-6-6-5,9,402,-5
2024/04/02,金沢,3,３歳Ａ３,1400,ダ,右,良,曇,10,3,3,エザグランマ,牝,3,54.0,455,4,松戸政,井樋一,,5,1:33.2,40.9,5-5-5-4,7,455,4
2024/04/02,金沢,3,３歳Ａ３,1400,ダ,右,良,曇,10,2,2,センタービット,牡,3,56.0,417,-11,平瀬城,高橋俊,,6,1:33.3,38.8,10-10-10-9,6,417,-11
2024/04/02,金沢,3,３歳Ａ３,1400,ダ,右,良,曇,10,4,4,メニー,牡,3,55.0,422,2,加藤翔,中川雅,,7,1:33.6,40.5,6-7-7-6,3,422,2
2024/04/02,金沢,3,３歳Ａ３,1400,ダ,右,良,曇,10,6,6,ミュークロア,牝,3,54.0,417,0,葛山晃,高橋俊,,8,1:34.3,41.0,8-8-8-8,10,417,0
2024/04/02,金沢,3,３歳Ａ３,1400,ダ,右,良,曇,10,1,1,ナイトプラネット,牝,3,54.0,444,-4,魚住謙,井樋一,,9,1:35.4,42.1,8-8-8-10,4,444,-4
2024/04/02,金沢,3,３歳Ａ３,1400,ダ,右,良,曇,10,7,8,ベアビー,牝,3,54.0,466,-3,栗原大,加藤和,,10,1:35.4,43.5,4-4-4-6,8,466,-3
2024/04/02,金沢,4,３歳Ａ２,1400,ダ,右,良,曇,10,7,7,リメンバーアポロ,牡,3,56.0,451,4,中島龍,佐藤茂,,1,1:31.0,39.6,1-1-1-1,1,451,4
2024/04/02,金沢,4,３歳Ａ２,1400,ダ,右,良,曇,10,5,5,ショウナンサクレツ,牡,3,55.0,480,2,加藤翔,中川雅,,2,1:31.8,39.2,9-8-4-3,3,480,2
2024/04/02,金沢,4,３歳Ａ２,1400,ダ,右,良,曇,10,2,2,スターマンモス,牝,3,54.0,475,-1,吉原寛,藤田弘,,3,1:32.0,40.1,3-3-3-2,6,475,-1
2024/04/02,金沢,4,３歳Ａ２,1400,ダ,右,良,曇,10,6,6,ノブノキャット,牡,3,56.0,415,0,栗原大,加藤和,,4,1:32.5,39.8,5-6-5-5,5,415,0
2024/04/02,金沢,4,３歳Ａ２,1400,ダ,右,良,曇,10,8,9,バージンエスパー,牝,3,54.0,408,2,柴田勇,金田一,,5,1:32.8,41.3,2-2-2-3,8,408,2
2024/04/02,金沢,4,３歳Ａ２,1400,ダ,右,良,曇,10,4,4,ショウナンラッシュ,牡,3,56.0,526,-4,米倉知,加藤和,,6,1:32.9,39.9,8-7-7-6,2,526,-4
2024/04/02,金沢,4,３歳Ａ２,1400,ダ,右,良,曇,10,8,10,パープルビューティ,牝,3,54.0,429,3,堀場裕,中川雅,,7,1:34.4,40.3,7-9-9-9,7,429,3
2024/04/02,金沢,4,３歳Ａ２,1400,ダ,右,良,曇,10,7,8,ランハルト,牡,3,56.0,451,-8,田知弘,金田一,,8,1:34.5,41.7,4-5-6-7,9,451,-8
2024/04/02,金沢,4,３歳Ａ２,1400,ダ,右,良,曇,10,1,1,タルト,牝,3,54.0,458,-8,鈴木太,加藤義,,9,1:35.1,41.8,5-4-8-8,4,458,-8
2024/04/02,金沢,4,３歳Ａ２,1400,ダ,右,良,曇,10,3,3,オイラー,牝,3,54.0,0,0,兼子千,宗綱泰,,,,,,,0,0
2024/04/02,金沢,5,桜戦士セレジェイラ杯Ｃ１四,1500,ダ,右,良,曇,7,2,2,ウメタロウ,牡,9,56.0,516,-3,柴田勇,金田一,,1,1:37.8,39.4,2-2-1-1,1,516,-3
2024/04/02,金沢,5,桜戦士セレジェイラ杯Ｃ１四,1500,ダ,右,良,曇,7,4,4,エムオータイショウ,牡,8,56.0,509,0,吉田晃,佐藤茂,,2,1:39.4,41.0,1-1-1-2,2,509,0
2024/04/02,金沢,5,桜戦士セレジェイラ杯Ｃ１四,1500,ダ,右,良,曇,7,7,7,シュネルン,牝,7,54.0,461,2,米倉知,高橋俊,,3,1:40.4,40.9,3-4-3-3,5,461,2
2024/04/02,金沢,5,桜戦士セレジェイラ杯Ｃ１四,1500,ダ,右,良,曇,7,5,5,トゥーゲント,牝,7,54.0,443,1,葛山晃,高橋俊,,4,1:41.0,41.2,7-7-6-5,3,443,1
2024/04/02,金沢,5,桜戦士セレジェイラ杯Ｃ１四,1500,ダ,右,良,曇,7,6,6,グローリアステラ,牝,6,54.0,445,2,兼子千,佐藤茂,,5,1:41.0,40.9,6-6-7-7,6,445,2
2024/04/02,金沢,5,桜戦士セレジェイラ杯Ｃ１四,1500,ダ,右,良,曇,7,3,3,アイスムーン,牝,6,54.0,447,1,魚住謙,鋤田誠,,6,1:41.0,41.3,4-5-5-6,4,447,1
2024/04/02,金沢,5,桜戦士セレジェイラ杯Ｃ１四,1500,ダ,右,良,曇,7,1,1,ナッシングマターズ,牡,5,56.0,508,2,沖静男,川添明,,7,1:42.7,43.4,5-3-3-4,7,508,2
2024/04/02,金沢,6,女帝★れ～あさん生誕記念Ｃ１三,1500,ダ,右,良,曇,8,2,2,ジャストインタイム,牡,8,56.0,490,0,栗原大,高橋俊,,1,1:38.3,40.1,1-1-1-1,1,490,0
2024/04/02,金沢,6,女帝★れ～あさん生誕記念Ｃ１三,1500,ダ,右,良,曇,8,1,1,ベルウッドアラシ,牡,4,55.0,446,-2,加藤翔,加藤義,,2,1:38.3,39.6,4-3-4-2,2,446,-2
2024/04/02,金沢,6,女帝★れ～あさん生誕記念Ｃ１三,1500,ダ,右,良,曇,8,3,3,ステイクロース,セ,0,56.0,432,-1,柴田勇,井樋一,,3,1:38.7,39.7,6-6-5-5,6,432,-1
2024/04/02,金沢,6,女帝★れ～あさん生誕記念Ｃ１三,1500,ダ,右,良,曇,8,7,7,オミワタリ,牡,5,56.0,476,7,沖静男,田嶋幸,,4,1:38.8,39.6,7-7-5-4,7,476,7
2024/04/02,金沢,6,女帝★れ～あさん生誕記念Ｃ１三,1500,ダ,右,良,曇,8,4,4,コバルトスカイ,牝,7,54.0,484,-9,葛山晃,菅原欣,,5,1:38.9,40.6,2-3-2-3,5,484,-9
2024/04/02,金沢,6,女帝★れ～あさん生誕記念Ｃ１三,1500,ダ,右,良,曇,8,8,8,ツウカイステラ,牝,8,54.0,452,-6,松戸政,宗綱泰,,6,1:39.5,39.0,8-8-8-7,8,452,-6
2024/04/02,金沢,6,女帝★れ～あさん生誕記念Ｃ１三,1500,ダ,右,良,曇,8,6,6,ステイグリーン,牡,8,56.0,535,0,平瀬城,黒木豊,,7,1:40.6,41.6,5-5-5-7,3,535,0
2024/04/02,金沢,6,女帝★れ～あさん生誕記念Ｃ１三,1500,ダ,右,良,曇,8,5,5,キノトクイーン,牝,6,54.0,460,6,兼子千,高橋俊,,8,1:41.3,43.0,2-2-3-6,4,460,6
2024/04/02,金沢,7,Ｊ交 加賀獅子吼賞３歳中央３歳未勝利,1500,ダ,右,良,曇,8,4,4,マジックブルー,牡,3,56.0,466,-6,坂井瑠,矢作芳,,1,1:35.9,38.9,2-2-2-1,2,466,-6
2024/04/02,金沢,7,Ｊ交 加賀獅子吼賞３歳中央３歳未勝利,1500,ダ,右,良,曇,8,8,8,オーシンスキャット,牡,3,56.0,468,8,吉原寛,宮　徹,,2,1:37.0,40.1,1-1-1-2,1,468,8
2024/04/02,金沢,7,Ｊ交 加賀獅子吼賞３歳中央３歳未勝利,1500,ダ,右,良,曇,8,1,1,クリノガリバー,牡,3,52.0,495,-9,河原菜,渡邊薫,,3,1:37.0,38.4,7-6-4-3,6,495,-9
2024/04/02,金沢,7,Ｊ交 加賀獅子吼賞３歳中央３歳未勝利,1500,ダ,右,良,曇,8,7,7,クリノエクリプス,牡,3,56.0,482,-16,栗原大,大根裕,,4,1:38.8,39.5,6-7-6-6,3,482,-16
2024/04/02,金沢,7,Ｊ交 加賀獅子吼賞３歳中央３歳未勝利,1500,ダ,右,良,曇,8,6,6,メイショウベル,牝,3,51.0,485,-3,橋木太,西園正,,5,1:38.9,40.3,4-4-5-5,5,485,-3
2024/04/02,金沢,7,Ｊ交 加賀獅子吼賞３歳中央３歳未勝利,1500,ダ,右,良,曇,8,3,3,バードオブハピネス,牝,3,53.0,444,-2,加藤翔,本間忍,,6,1:40.0,41.9,3-3-3-4,4,444,-2
2024/04/02,金沢,7,Ｊ交 加賀獅子吼賞３歳中央３歳未勝利,1500,ダ,右,良,曇,8,5,5,モモダンゴ,牝,3,54.0,402,-10,兼子千,宗綱泰,,7,1:45.5,46.2,5-5-7-7,7,402,-10
2024/04/02,金沢,7,Ｊ交 加賀獅子吼賞３歳中央３歳未勝利,1500,ダ,右,良,曇,8,2,2,テルケンレンテル,牡,3,56.0,492,-17,沖静男,川添明,,8,1:45.7,44.7,8-8-8-8,8,492,-17
2024/04/02,金沢,8,野島一輝生誕記念Ｂ１二,1400,ダ,右,良,曇,10,6,6,ガクチカキッズ,牡,10,56.0,479,-7,吉原寛,井樋一,,1,1:31.0,38.6,10-9-6-4,3,479,-7
2024/04/02,金沢,8,野島一輝生誕記念Ｂ１二,1400,ダ,右,良,曇,10,7,8,フェイマスアレグロ,牝,4,54.0,426,4,吉田晃,佐藤茂,,2,1:31.2,39.5,2-2-2-2,4,426,4
2024/04/02,金沢,8,野島一輝生誕記念Ｂ１二,1400,ダ,右,良,曇,10,2,2,シークレットグロウ,牡,5,56.0,442,-6,魚住謙,鋤田誠,,3,1:31.4,39.9,1-1-1-1,2,442,-6
2024/04/02,金沢,8,野島一輝生誕記念Ｂ１二,1400,ダ,右,良,曇,10,4,4,ベルウッドシキシマ,牡,4,56.0,444,-4,鈴木太,加藤義,,4,1:31.7,39.7,3-3-4-2,8,444,-4
2024/04/02,金沢,8,野島一輝生誕記念Ｂ１二,1400,ダ,右,良,曇,10,7,7,ヤイバ,牡,5,55.0,466,2,加藤翔,加藤義,,5,1:31.7,39.7,4-4-3-4,9,466,2
2024/04/02,金沢,8,野島一輝生誕記念Ｂ１二,1400,ダ,右,良,曇,10,5,5,ジェネラルエリア,牝,7,54.0,479,-1,松戸政,井樋一,,6,1:31.7,39.1,8-8-9-9,5,479,-1
2024/04/02,金沢,8,野島一輝生誕記念Ｂ１二,1400,ダ,右,良,曇,10,8,10,ドリュウ,牡,9,56.0,473,11,栗原大,金田一,,7,1:31.9,39.9,5-5-4-7,6,473,11
2024/04/02,金沢,8,野島一輝生誕記念Ｂ１二,1400,ダ,右,良,曇,10,3,3,コスモアシュラ,牡,6,56.0,516,-19,米倉知,加藤和,,8,1:32.4,40.2,6-6-6-6,1,516,-19
2024/04/02,金沢,8,野島一輝生誕記念Ｂ１二,1400,ダ,右,良,曇,10,8,9,カレイジャス,牝,4,54.0,438,-4,中島龍,藤田弘,,9,1:33.0,40.7,7-7-8-8,10,438,-4
2024/04/02,金沢,8,野島一輝生誕記念Ｂ１二,1400,ダ,右,良,曇,10,1,1,ウインイノセンス,牡,5,56.0,515,1,葛山晃,高橋俊,,10,1:33.8,40.8,8-9-10-10,7,515,1
2024/04/02,金沢,9,スマホからポイントで投票！楽天競馬Ａ２二,1400,ダ,右,良,曇,9,8,8,マリンデュンデュン,牡,4,56.0,501,-4,栗原大,金田一,,1,1:30.4,38.4,1-2-2-1,1,501,-4
2024/04/02,金沢,9,スマホからポイントで投票！楽天競馬Ａ２二,1400,ダ,右,良,曇,9,6,6,オーミテンペスト,牡,6,56.0,456,-1,柴田勇,中川雅,,2,1:31.1,38.6,3-3-3-3,4,456,-1
2024/04/02,金沢,9,スマホからポイントで投票！楽天競馬Ａ２二,1400,ダ,右,良,曇,9,3,3,アルティスタエース,牡,9,56.0,466,0,吉原寛,井樋一,,3,1:31.3,38.5,6-5-6-4,3,466,0
2024/04/02,金沢,9,スマホからポイントで投票！楽天競馬Ａ２二,1400,ダ,右,良,曇,9,2,2,シェンフォン,牝,5,54.0,447,4,米倉知,加藤和,,4,1:31.6,39.0,4-4-5-5,5,447,4
2024/04/02,金沢,9,スマホからポイントで投票！楽天競馬Ａ２二,1400,ダ,右,良,曇,9,5,5,グランメゾン,牝,5,54.0,447,11,兼子千,宗綱泰,,5,1:31.6,39.7,1-1-1-2,8,447,11
2024/04/02,金沢,9,スマホからポイントで投票！楽天競馬Ａ２二,1400,ダ,右,良,曇,9,8,9,マイネルヘリテージ,牡,5,56.0,426,0,松戸政,井樋一,,6,1:32.2,39.7,5-6-3-5,2,426,0
2024/04/02,金沢,9,スマホからポイントで投票！楽天競馬Ａ２二,1400,ダ,右,良,曇,9,4,4,ピンクビジョン,牝,4,53.0,421,1,加藤翔,加藤和,,7,1:32.6,39.5,8-7-8-8,9,421,1
2024/04/02,金沢,9,スマホからポイントで投票！楽天競馬Ａ２二,1400,ダ,右,良,曇,9,7,7,クラウドクラスター,牡,5,56.0,501,6,吉田晃,佐藤茂,,8,1:32.6,39.6,9-7-7-7,6,501,6
2024/04/02,金沢,9,スマホからポイントで投票！楽天競馬Ａ２二,1400,ダ,右,良,曇,9,1,1,ピエナパプリカ,牡,6,56.0,492,9,魚住謙,鋤田誠,,9,1:32.9,39.7,7-7-8-9,7,492,9
2024/04/02,金沢,10,泊まって応援　加賀温泉郷特別３歳Ａ１,1700,ダ,右,良,曇,8,3,3,ハリウッドスマイル,牝,3,54.0,432,-1,田知弘,中川雅,,1,1:53.9,39.8,1-1-1-1,3,432,-1
2024/04/02,金沢,10,泊まって応援　加賀温泉郷特別３歳Ａ１,1700,ダ,右,良,曇,8,7,7,カレンアイバーソン,牡,3,56.0,458,-7,松戸政,井樋一,,2,1:54.3,40.1,3-4-3-2,2,458,-7
2024/04/02,金沢,10,泊まって応援　加賀温泉郷特別３歳Ａ１,1700,ダ,右,良,曇,8,5,5,ドンリュウスター,牡,3,56.0,440,3,平瀬城,高橋俊,,3,1:54.7,40.6,2-2-3-3,5,440,3
2024/04/02,金沢,10,泊まって応援　加賀温泉郷特別３歳Ａ１,1700,ダ,右,良,曇,8,6,6,ラシェンテ,牝,3,54.0,434,-3,沖静男,井樋一,,4,1:55.1,40.3,8-6-5-4,4,434,-3
2024/04/02,金沢,10,泊まって応援　加賀温泉郷特別３歳Ａ１,1700,ダ,右,良,曇,8,8,8,レーヴァローゼ,牝,3,54.0,400,4,栗原大,藤田弘,,5,1:55.6,40.2,7-6-7-5,7,400,4
2024/04/02,金沢,10,泊まって応援　加賀温泉郷特別３歳Ａ１,1700,ダ,右,良,曇,8,1,1,グルタチオンシード,牡,3,56.0,463,4,魚住謙,鋤田誠,,6,1:56.6,41.6,5-5-6-6,6,463,4
2024/04/02,金沢,10,泊まって応援　加賀温泉郷特別３歳Ａ１,1700,ダ,右,良,曇,8,2,2,ティアジャーカー,牝,3,54.0,414,2,柴田勇,黒木豊,,7,1:57.3,41.3,6-8-8-7,8,414,2
2024/04/02,金沢,10,泊まって応援　加賀温泉郷特別３歳Ａ１,1700,ダ,右,良,曇,8,4,4,ニキ,牡,3,55.0,493,1,加藤翔,加藤義,,,,,3-3-3-1,1,493,1
2024/04/02,金沢,11,湖南賞Ｂ１級４歳上,1700,ダ,右,良,曇,9,1,1,ウインコマチ,牝,4,54.0,451,4,田知弘,中川雅,,1,1:52.5,40.1,4-5-3-3,1,451,4
2024/04/02,金沢,11,湖南賞Ｂ１級４歳上,1700,ダ,右,良,曇,9,3,3,シュンコッチャン,牡,4,56.0,454,-2,吉田晃,佐藤茂,,2,1:52.6,40.6,2-2-2-1,2,454,-2
2024/04/02,金沢,11,湖南賞Ｂ１級４歳上,1700,ダ,右,良,曇,9,6,6,クリノヒビキ,セ,0,57.0,522,0,葛山晃,井樋一,,3,1:53.3,39.7,9-9-8-6,7,522,0
2024/04/02,金沢,11,湖南賞Ｂ１級４歳上,1700,ダ,右,良,曇,9,8,8,ヴィルベッピンサン,牝,5,55.0,474,2,魚住謙,鋤田誠,,4,1:53.3,39.7,8-8-9-5,9,474,2
2024/04/02,金沢,11,湖南賞Ｂ１級４歳上,1700,ダ,右,良,曇,9,2,2,エイトマイル,牡,8,56.0,523,-7,鈴木太,井樋一,,5,1:54.3,42.4,1-1-1-2,4,523,-7
2024/04/02,金沢,11,湖南賞Ｂ１級４歳上,1700,ダ,右,良,曇,9,5,5,デルマセイレーン,牝,5,53.0,446,-1,加藤翔,加藤義,,6,1:54.4,42.0,4-5-5-4,3,446,-1
2024/04/02,金沢,11,湖南賞Ｂ１級４歳上,1700,ダ,右,良,曇,9,4,4,ピースイギー,牝,5,54.0,423,1,堀場裕,金田一,,7,1:55.7,43.5,3-2-4-8,5,423,1
2024/04/02,金沢,11,湖南賞Ｂ１級４歳上,1700,ダ,右,良,曇,9,7,7,ホイッスルベイト,牝,5,55.0,450,-1,平瀬城,高橋俊,,8,1:57.1,44.8,6-4-6-9,6,450,-1
2024/04/02,金沢,11,湖南賞Ｂ１級４歳上,1700,ダ,右,良,曇,9,8,9,テリオスリノ,牝,5,54.0,426,-14,兼子千,高橋優,,9,1:57.5,44.8,7-7-7-7,8,426,-14
2024/04/03,金沢,1,３歳Ｂ４,1400,ダ,右,稍重,雨,9,2,2,ブラヴォージャパン,牝,3,54.0,420,26,吉田晃,佐藤茂,,1,1:33.6,40.4,1-1-1-1,5,420,26
2024/04/03,金沢,1,３歳Ｂ４,1400,ダ,右,稍重,雨,9,3,3,トップリアル,牝,3,54.0,420,-1,兼子千,高橋道,,2,1:34.6,41.2,2-3-2-2,3,420,-1
2024/04/03,金沢,1,３歳Ｂ４,1400,ダ,右,稍重,雨,9,6,6,ヴェネラリア,牝,3,53.0,442,16,加藤翔,中川雅,,3,1:34.6,41.2,2-2-2-2,4,442,16
2024/04/03,金沢,1,３歳Ｂ４,1400,ダ,右,稍重,雨,9,8,9,モズクマチー,牝,3,54.0,469,1,米倉知,加藤和,,4,1:34.9,41.3,4-5-4-4,2,469,1
2024/04/03,金沢,1,３歳Ｂ４,1400,ダ,右,稍重,雨,9,5,5,レモンスフレ,牝,3,54.0,420,0,堀場裕,加藤和,,5,1:35.0,41.0,5-4-5-5,1,420,0
2024/04/03,金沢,1,３歳Ｂ４,1400,ダ,右,稍重,雨,9,1,1,アイノユメテーラー,牝,3,54.0,477,9,田知弘,中川雅,,6,1:35.2,41.1,6-6-6-6,7,477,9
2024/04/03,金沢,1,３歳Ｂ４,1400,ダ,右,稍重,雨,9,8,8,ランフォーリリーズ,牝,3,54.0,406,-4,魚住謙,高橋優,,7,1:35.6,41.3,7-7-6-7,8,406,-4
2024/04/03,金沢,1,３歳Ｂ４,1400,ダ,右,稍重,雨,9,4,4,オープンソース,牝,3,54.0,444,16,沖静男,川添明,,8,1:35.8,41.5,8-8-6-8,6,444,16
2024/04/03,金沢,1,３歳Ｂ４,1400,ダ,右,稍重,雨,9,7,7,サンサンサンキュー,牡,3,56.0,474,-2,葛山晃,菅原欣,,9,1:36.1,41.4,9-9-9-8,9,474,-2
2024/04/03,金沢,2,３歳Ｂ３,1400,ダ,右,稍重,雨,9,4,4,エアンスト,牝,3,53.0,492,-13,加藤翔,加藤義,,1,1:34.5,40.2,1-1-1-1,1,492,-13
2024/04/03,金沢,2,３歳Ｂ３,1400,ダ,右,稍重,雨,9,7,7,ハセケンザン,牡,3,56.0,530,-3,吉田晃,野田幸,,2,1:34.7,40.2,8-7-3-2,3,530,-3
2024/04/03,金沢,2,３歳Ｂ３,1400,ダ,右,稍重,雨,9,6,6,ミスヒノクニ,牝,3,54.0,459,-3,中島龍,佐藤茂,,3,1:35.2,40.0,9-9-7-7,9,459,-3
2024/04/03,金沢,2,３歳Ｂ３,1400,ダ,右,稍重,雨,9,8,8,フューゲイシャス,牡,3,56.0,454,2,魚住謙,田嶋幸,,4,1:35.3,41.0,2-2-2-2,5,454,2
2024/04/03,金沢,2,３歳Ｂ３,1400,ダ,右,稍重,雨,9,3,3,キセキノクニ,セ,0,56.0,441,-4,松戸政,川添明,,5,1:35.4,40.6,4-4-5-4,7,441,-4
2024/04/03,金沢,2,３歳Ｂ３,1400,ダ,右,稍重,雨,9,5,5,ボルドーエゾンス,牝,3,54.0,408,-1,葛山晃,高橋俊,,6,1:35.4,40.3,6-6-7-5,6,408,-1
2024/04/03,金沢,2,３歳Ｂ３,1400,ダ,右,稍重,雨,9,8,9,ヨメニケイゴ,牝,3,54.0,440,-10,栗原大,菅原欣,,7,1:35.8,41.3,4-4-4-5,4,440,-10
2024/04/03,金沢,2,３歳Ｂ３,1400,ダ,右,稍重,雨,9,1,1,ルリシャンティ,牝,3,54.0,455,-13,兼子千,田嶋幸,,8,1:38.9,43.2,7-7-9-9,2,455,-13
2024/04/03,金沢,2,３歳Ｂ３,1400,ダ,右,稍重,雨,9,2,2,ヴァルチャー,牝,3,54.0,443,-9,沖静男,高橋俊,,9,1:40.1,45.4,3-3-6-8,8,443,-9
2024/04/03,金沢,3,Ｃ１八,1400,ダ,右,稍重,雨,8,6,6,マジカルモーション,牡,4,56.0,491,3,堀場裕,中川雅,,1,1:31.6,39.3,5-3-2-1,1,491,3
2024/04/03,金沢,3,Ｃ１八,1400,ダ,右,稍重,雨,8,1,1,ウラカワノオト,牡,8,56.0,460,3,鈴木太,加藤義,,2,1:31.6,38.9,7-6-4-3,3,460,3
2024/04/03,金沢,3,Ｃ１八,1400,ダ,右,稍重,雨,8,2,2,アンクルダッシュ,牡,6,56.0,490,1,中島龍,中川雅,,3,1:32.0,39.8,1-1-1-1,5,490,1
2024/04/03,金沢,3,Ｃ１八,1400,ダ,右,稍重,雨,8,5,5,エニシャル,牝,4,54.0,442,8,魚住謙,川添明,,4,1:32.9,40.6,2-2-2-4,2,442,8
2024/04/03,金沢,3,Ｃ１八,1400,ダ,右,稍重,雨,8,4,4,モンテブラック,牡,4,56.0,452,-1,葛山晃,菅原欣,,5,1:33.0,40.3,3-3-5-5,6,452,-1
2024/04/03,金沢,3,Ｃ１八,1400,ダ,右,稍重,雨,8,3,3,オフィスバトル,牡,4,56.0,515,-9,沖静男,川添明,,6,1:33.9,40.7,8-7-7-6,4,515,-9
2024/04/03,金沢,3,Ｃ１八,1400,ダ,右,稍重,雨,8,7,7,ラプタマーベリック,牡,4,56.0,478,5,田知弘,金田一,,7,1:34.0,41.1,3-5-6-7,7,478,5
2024/04/03,金沢,3,Ｃ１八,1400,ダ,右,稍重,雨,8,8,8,ナランホ,牡,5,56.0,462,3,松戸政,井樋一,,8,1:39.4,45.2,6-8-8-8,8,462,3
2024/04/03,金沢,4,Ｃ１七,1400,ダ,右,稍重,雨,10,6,6,ワルツフォーデビー,牡,7,56.0,479,-4,平瀬城,黒木豊,,1,1:32.1,40.1,4-4-2-1,2,479,-4
2024/04/03,金沢,4,Ｃ１七,1400,ダ,右,稍重,雨,10,5,5,サウスシーパール,牡,4,56.0,469,-5,葛山晃,菅原欣,,2,1:32.8,40.3,6-6-4-3,3,469,-5
2024/04/03,金沢,4,Ｃ１七,1400,ダ,右,稍重,雨,10,2,2,デルマワルキューレ,牝,5,54.0,411,-12,松戸政,金田一,,3,1:33.6,40.6,7-7-6-5,6,411,-12
2024/04/03,金沢,4,Ｃ１七,1400,ダ,右,稍重,雨,10,8,9,ロジシップ,牡,7,56.0,455,0,吉田晃,野田幸,,4,1:33.7,40.1,8-8-8-7,7,455,0
2024/04/03,金沢,4,Ｃ１七,1400,ダ,右,稍重,雨,10,8,10,カネトシロワン,牝,4,54.0,439,3,中島龍,中川雅,,5,1:33.7,41.5,2-2-4-6,5,439,3
2024/04/03,金沢,4,Ｃ１七,1400,ダ,右,稍重,雨,10,7,8,ココアン,牝,4,54.0,423,0,兼子千,宗綱泰,,6,1:33.8,39.9,10-10-9-8,4,423,0
2024/04/03,金沢,4,Ｃ１七,1400,ダ,右,稍重,雨,10,1,1,ロジブライアン,牡,4,56.0,522,-15,米倉知,加藤和,,7,1:34.1,42.6,1-1-1-2,1,522,-15
2024/04/03,金沢,4,Ｃ１七,1400,ダ,右,稍重,雨,10,4,4,ヴェラート,セ,0,56.0,513,-4,沖静男,田嶋幸,,8,1:34.9,42.9,3-2-3-4,9,513,-4
2024/04/03,金沢,4,Ｃ１七,1400,ダ,右,稍重,雨,10,7,7,ポーラライツ,牡,4,56.0,450,12,栗原大,菅原欣,,9,1:35.7,42.5,5-5-7-9,8,450,12
2024/04/03,金沢,4,Ｃ１七,1400,ダ,右,稍重,雨,10,3,3,ジーエイチグールド,牡,4,56.0,481,5,魚住謙,鋤田誠,,10,1:37.4,43.6,9-9-10-10,10,481,5
2024/04/03,金沢,5,３歳Ｂ２,1400,ダ,右,稍重,雨,10,7,7,ナミダノキス,牡,3,56.0,540,-6,柴田勇,金田一,,1,1:30.9,38.1,3-3-3-1,1,540,-6
2024/04/03,金沢,5,３歳Ｂ２,1400,ダ,右,稍重,雨,10,7,8,シェルターベルト,牝,3,54.0,467,-2,魚住謙,高橋俊,,2,1:32.8,40.2,2-2-2-2,3,467,-2
2024/04/03,金沢,5,３歳Ｂ２,1400,ダ,右,稍重,雨,10,6,6,メロディーダンサー,牝,3,54.0,470,0,中島龍,金田一,,3,1:33.7,41.2,1-1-1-3,2,470,0
2024/04/03,金沢,5,３歳Ｂ２,1400,ダ,右,稍重,雨,10,8,9,ハーバーフロント,牝,3,54.0,400,8,田知弘,金田一,,4,1:33.8,40.2,6-6-5-5,4,400,8
2024/04/03,金沢,5,３歳Ｂ２,1400,ダ,右,稍重,雨,10,1,1,セイウンラビリンス,牡,3,56.0,480,1,沖静男,川添明,,5,1:34.5,41.3,4-4-4-4,5,480,1
2024/04/03,金沢,5,３歳Ｂ２,1400,ダ,右,稍重,雨,10,2,2,ラブリネス,牝,3,54.0,366,-4,堀場裕,加藤義,,6,1:34.5,40.4,7-7-7-7,7,366,-4
2024/04/03,金沢,5,３歳Ｂ２,1400,ダ,右,稍重,雨,10,3,3,カレンバンブー,牝,3,53.0,405,-2,加藤翔,中川雅,,7,1:34.8,41.1,5-5-6-6,9,405,-2
2024/04/03,金沢,5,３歳Ｂ２,1400,ダ,右,稍重,雨,10,4,4,インスタントラバー,牝,3,54.0,461,-7,兼子千,宗綱泰,,8,1:35.6,41.2,10-9-9-8,10,461,-7
2024/04/03,金沢,5,３歳Ｂ２,1400,ダ,右,稍重,雨,10,8,10,アイヲサケブオトコ,牡,3,56.0,461,-13,鈴木太,加藤和,,9,1:36.5,42.1,8-8-8-9,8,461,-13
2024/04/03,金沢,5,３歳Ｂ２,1400,ダ,右,稍重,雨,10,5,5,オーデンリッキー,牝,3,54.0,447,-7,栗原大,高橋俊,,10,1:39.0,43.2,9-10-10-10,6,447,-7
2024/04/03,金沢,6,スリーゴールド特別３歳Ｂ１,1500,ダ,右,稍重,雨,10,7,7,フィンガーズクロス,牡,3,56.0,493,-1,柴田勇,金田一,,1,1:38.8,40.7,2-2-2-1,1,493,-1
2024/04/03,金沢,6,スリーゴールド特別３歳Ｂ１,1500,ダ,右,稍重,雨,10,1,1,アクス,牝,3,54.0,425,3,吉田晃,佐藤茂,,2,1:40.1,41.0,4-4-3-2,7,425,3
2024/04/03,金沢,6,スリーゴールド特別３歳Ｂ１,1500,ダ,右,稍重,雨,10,8,9,フレールサンク,牡,3,55.0,503,13,加藤翔,加藤義,,3,1:40.2,41.3,3-3-3-4,2,503,13
2024/04/03,金沢,6,スリーゴールド特別３歳Ｂ１,1500,ダ,右,稍重,雨,10,7,8,ジークアスリート,牡,3,56.0,419,-4,栗原大,菅原欣,,4,1:40.5,40.9,5-6-6-6,5,419,-4
2024/04/03,金沢,6,スリーゴールド特別３歳Ｂ１,1500,ダ,右,稍重,雨,10,8,10,ミラクルカカオ,牝,3,54.0,406,1,鈴木太,加藤義,,5,1:40.7,41.4,5-5-5-4,4,406,1
2024/04/03,金沢,6,スリーゴールド特別３歳Ｂ１,1500,ダ,右,稍重,雨,10,6,6,アマネク,牝,3,54.0,440,-1,沖静男,田嶋幸,,6,1:40.8,40.7,9-9-7-9,8,440,-1
2024/04/03,金沢,6,スリーゴールド特別３歳Ｂ１,1500,ダ,右,稍重,雨,10,4,4,ムーンロゼ,牝,3,54.0,404,2,田知弘,金田一,,7,1:40.9,40.7,5-7-8-7,6,404,2
2024/04/03,金沢,6,スリーゴールド特別３歳Ｂ１,1500,ダ,右,稍重,雨,10,5,5,エイシンソナタ,牝,3,54.0,413,-2,葛山晃,菅原欣,,8,1:41.6,40.9,10-10-10-10,9,413,-2
2024/04/03,金沢,6,スリーゴールド特別３歳Ｂ１,1500,ダ,右,稍重,雨,10,3,3,センベロ,牝,3,54.0,382,6,松戸政,藤田弘,,9,1:42.0,41.6,8-8-9-8,10,382,6
2024/04/03,金沢,6,スリーゴールド特別３歳Ｂ１,1500,ダ,右,稍重,雨,10,2,2,ベストブラボー,牝,3,54.0,437,-1,魚住謙,鈴木正,,10,1:42.3,44.3,1-1-1-3,3,437,-1
2024/04/03,金沢,7,第１回こいちゃん結婚☆記念Ｃ１二,1500,ダ,右,稍重,雨,9,8,8,コンチドリーム,牝,5,54.0,484,-6,中島龍,井樋一,,1,1:37.9,39.6,5-5-3-2,3,484,-6
2024/04/03,金沢,7,第１回こいちゃん結婚☆記念Ｃ１二,1500,ダ,右,稍重,雨,9,7,7,ダフニス,セ,0,56.0,439,-2,平瀬城,高橋俊,,2,1:38.5,40.1,6-6-4-3,2,439,-2
2024/04/03,金沢,7,第１回こいちゃん結婚☆記念Ｃ１二,1500,ダ,右,稍重,雨,9,2,2,シゲルシチフクジン,牝,12,54.0,444,-1,葛山晃,川添明,,3,1:40.5,41.1,9-9-9-8,8,444,-1
2024/04/03,金沢,7,第１回こいちゃん結婚☆記念Ｃ１二,1500,ダ,右,稍重,雨,9,8,9,ユキゲショウ,牝,5,54.0,454,0,沖静男,川添明,,4,1:40.5,42.5,1-1-2-4,5,454,0
2024/04/03,金沢,7,第１回こいちゃん結婚☆記念Ｃ１二,1500,ダ,右,稍重,雨,9,5,5,ライダーストーム,牡,5,56.0,495,6,柴田勇,井樋一,,5,1:40.8,42.2,3-4-5-5,6,495,6
2024/04/03,金沢,7,第１回こいちゃん結婚☆記念Ｃ１二,1500,ダ,右,稍重,雨,9,3,3,デンドロビウム,牝,5,54.0,453,-2,兼子千,宗綱泰,,6,1:40.8,41.6,8-8-6-6,9,453,-2
2024/04/03,金沢,7,第１回こいちゃん結婚☆記念Ｃ１二,1500,ダ,右,稍重,雨,9,1,1,メイショウツガミネ,牡,5,56.0,455,-15,鈴木太,井樋一,,7,1:42.7,43.5,7-7-8-7,7,455,-15
2024/04/03,金沢,7,第１回こいちゃん結婚☆記念Ｃ１二,1500,ダ,右,稍重,雨,9,4,4,ヴィトラス,セ,0,56.0,455,-1,魚住謙,高橋俊,,8,1:44.0,45.3,2-2-6-9,4,455,-1
2024/04/03,金沢,7,第１回こいちゃん結婚☆記念Ｃ１二,1500,ダ,右,稍重,雨,9,6,6,サムワンライクユー,牡,4,56.0,471,0,栗原大,金田一,,,1:37.7,,3-2-1-1,1,471,0
2024/04/03,金沢,8,兼六園桜特別Ｃ１一,1500,ダ,右,重,雨,8,8,8,ドルヴァル,牡,4,56.0,486,0,栗原大,加藤和,,1,1:38.7,40.0,3-3-1-1,1,486,0
2024/04/03,金沢,8,兼六園桜特別Ｃ１一,1500,ダ,右,重,雨,8,4,4,ユキノリッキー,牝,5,54.0,448,-7,兼子千,宗綱泰,,2,1:39.1,40.0,7-7-5-4,4,448,-7
2024/04/03,金沢,8,兼六園桜特別Ｃ１一,1500,ダ,右,重,雨,8,6,6,エイシンウィンク,牝,6,54.0,428,0,松戸政,菅原欣,,3,1:39.5,40.5,6-5-5-2,2,428,0
2024/04/03,金沢,8,兼六園桜特別Ｃ１一,1500,ダ,右,重,雨,8,5,5,ヒロノランマン,セ,0,56.0,514,-3,柴田勇,金田一,,4,1:39.5,40.5,5-6-5-5,3,514,-3
2024/04/03,金沢,8,兼六園桜特別Ｃ１一,1500,ダ,右,重,雨,8,3,3,ジャッカルズサン,牡,4,56.0,441,4,米倉知,藤田弘,,5,1:40.0,41.2,8-8-1-3,6,441,4
2024/04/03,金沢,8,兼六園桜特別Ｃ１一,1500,ダ,右,重,雨,8,1,1,スタールーズベルト,牡,4,56.0,474,4,葛山晃,藤田弘,,6,1:40.6,41.6,4-4-5-7,5,474,4
2024/04/03,金沢,8,兼六園桜特別Ｃ１一,1500,ダ,右,重,雨,8,7,7,エイシンシルエット,牝,6,54.0,476,-3,田知弘,室井眞,,7,1:41.6,43.0,2-2-4-6,7,476,-3
2024/04/03,金沢,8,兼六園桜特別Ｃ１一,1500,ダ,右,重,雨,8,2,2,ジェイケイヒロイン,牝,8,53.0,441,2,加藤翔,井樋一,,8,1:41.7,43.2,1-1-3-7,7,441,2
2024/04/03,金沢,9,能登半島地震復興支援杯８Ｂ１四,1400,ダ,右,重,雨,7,7,7,ラテントパワーズ,牡,8,55.0,532,-3,加藤翔,加藤義,,1,1:29.8,38.4,1-1-1-1,2,532,-3
2024/04/03,金沢,9,能登半島地震復興支援杯８Ｂ１四,1400,ダ,右,重,雨,7,4,4,エイシンデジタル,牡,9,56.0,551,3,中島龍,加藤義,,2,1:30.0,38.2,4-4-3-2,1,551,3
2024/04/03,金沢,9,能登半島地震復興支援杯８Ｂ１四,1400,ダ,右,重,雨,7,6,6,ハガネ,牡,4,56.0,462,-3,米倉知,藤田弘,,3,1:30.4,38.6,4-6-3-3,3,462,-3
2024/04/03,金沢,9,能登半島地震復興支援杯８Ｂ１四,1400,ダ,右,重,雨,7,1,1,スリーマイトコーズ,牝,6,54.0,474,6,栗原大,菅原欣,,4,1:30.6,38.5,7-7-6-4,4,474,6
2024/04/03,金沢,9,能登半島地震復興支援杯８Ｂ１四,1400,ダ,右,重,雨,7,5,5,ルビースター,牝,6,54.0,504,2,鈴木太,加藤和,,5,1:33.0,41.4,3-3-2-5,7,504,2
2024/04/03,金沢,9,能登半島地震復興支援杯８Ｂ１四,1400,ダ,右,重,雨,7,2,2,ビナプリンセス,牝,5,54.0,403,-6,堀場裕,加藤和,,6,1:33.3,41.5,2-2-3-6,5,403,-6
2024/04/03,金沢,9,能登半島地震復興支援杯８Ｂ１四,1400,ダ,右,重,雨,7,3,3,リリーズメモリー,牝,5,54.0,505,7,魚住謙,田嶋幸,,7,1:34.1,41.9,4-5-7-7,6,505,7
2024/04/03,金沢,10,食べて応援ありがとう賞Ｂ１三,1400,ダ,右,重,雨,7,2,2,ジェイケイミリミリ,牝,5,54.0,480,5,中島龍,高橋俊,,1,1:30.2,37.8,3-3-3-1,1,480,5
2024/04/03,金沢,10,食べて応援ありがとう賞Ｂ１三,1400,ダ,右,重,雨,7,7,7,イリュージョニスト,牡,8,56.0,510,-5,葛山晃,高橋俊,,2,1:30.3,38.4,1-1-1-2,2,510,-5
2024/04/03,金沢,10,食べて応援ありがとう賞Ｂ１三,1400,ダ,右,重,雨,7,3,3,ノーウェイ,牡,9,56.0,514,0,平瀬城,黒木豊,,3,1:30.6,38.0,5-4-4-3,3,514,0
2024/04/03,金沢,10,食べて応援ありがとう賞Ｂ１三,1400,ダ,右,重,雨,7,6,6,モズアンカー,牡,4,56.0,468,1,吉田晃,佐藤茂,,4,1:30.9,38.8,2-2-2-4,5,468,1
2024/04/03,金沢,10,食べて応援ありがとう賞Ｂ１三,1400,ダ,右,重,雨,7,5,5,クールシャイン,牡,7,56.0,503,-1,堀場裕,鈴木正,,5,1:31.5,38.5,7-6-5-5,4,503,-1
2024/04/03,金沢,10,食べて応援ありがとう賞Ｂ１三,1400,ダ,右,重,雨,7,1,1,アットザヘルム,牡,10,56.0,470,0,柴田勇,中川雅,,6,1:32.5,39.2,4-5-6-6,7,470,0
2024/04/03,金沢,10,食べて応援ありがとう賞Ｂ１三,1400,ダ,右,重,雨,7,4,4,スヴィルカーチ,セ,0,56.0,433,-4,魚住謙,田嶋幸,,7,1:34.0,40.5,6-6-7-7,6,433,-4
2024/04/03,金沢,11,スマホで投票楽天競馬！特別Ａ２一,1700,ダ,右,重,雨,9,8,9,テトラルキア,セ,0,56.0,510,-1,中島龍,金田一,,1,1:49.3,38.0,1-1-1-1,1,510,-1
2024/04/03,金沢,11,スマホで投票楽天競馬！特別Ａ２一,1700,ダ,右,重,雨,9,5,5,キョウエイロナ,牝,6,54.0,439,-4,栗原大,加藤和,,2,1:49.6,38.1,3-4-2-2,2,439,-4
2024/04/03,金沢,11,スマホで投票楽天競馬！特別Ａ２一,1700,ダ,右,重,雨,9,7,7,カイジンウェーヴ,牡,6,56.0,494,1,堀場裕,中川雅,,3,1:51.3,39.9,2-1-2-3,3,494,1
2024/04/03,金沢,11,スマホで投票楽天競馬！特別Ａ２一,1700,ダ,右,重,雨,9,6,6,ミオソフィア,牝,4,53.0,398,-2,加藤翔,中川雅,,4,1:51.6,39.6,6-6-5-4,7,398,-2
2024/04/03,金沢,11,スマホで投票楽天競馬！特別Ａ２一,1700,ダ,右,重,雨,9,3,3,サンケイワールド,牡,6,56.0,492,-1,柴田勇,金田一,,5,1:52.2,40.2,8-8-5-6,6,492,-1
2024/04/03,金沢,11,スマホで投票楽天競馬！特別Ａ２一,1700,ダ,右,重,雨,9,4,4,アリアージュ,牡,4,56.0,445,3,鈴木太,加藤和,,6,1:52.6,40.3,5-5-7-7,5,445,3
2024/04/03,金沢,11,スマホで投票楽天競馬！特別Ａ２一,1700,ダ,右,重,雨,9,8,8,エムオージェネラル,牡,4,56.0,483,1,吉田晃,佐藤茂,,7,1:54.5,43.1,3-3-2-4,4,483,1
2024/04/03,金沢,11,スマホで投票楽天競馬！特別Ａ２一,1700,ダ,右,重,雨,9,2,2,エムティヒビキ,セ,0,56.0,409,-1,魚住謙,高橋優,,8,1:56.4,41.3,9-9-9-9,8,409,-1
2024/04/03,金沢,11,スマホで投票楽天競馬！特別Ａ２一,1700,ダ,右,重,雨,9,1,1,マノンルージュ,牡,5,56.0,475,1,平瀬城,鈴木正,,9,1:57.0,43.9,6-7-8-8,9,475,1
2024/04/08,金沢,1,Ｃ２十一,1400,ダ,右,良,曇,9,6,6,デルマソトコマタ,牝,4,54.0,432,1,鈴木太,加藤義,,1,1:32.9,41.2,1-2-1-1,7,432,1
2024/04/08,金沢,1,Ｃ２十一,1400,ダ,右,良,曇,9,3,3,マナフリューゲル,牝,4,54.0,469,6,栗原大,井樋一,,2,1:33.1,40.4,5-5-5-2,1,469,6
2024/04/08,金沢,1,Ｃ２十一,1400,ダ,右,良,曇,9,1,1,フェイスタロー,牡,7,56.0,445,3,中島龍,川添明,,3,1:33.6,40.9,7-7-5-6,4,445,3
2024/04/08,金沢,1,Ｃ２十一,1400,ダ,右,良,曇,9,5,5,アポテカ,牝,4,54.0,448,-3,松戸政,菅原欣,,4,1:33.8,40.7,6-6-7-4,5,448,-3
2024/04/08,金沢,1,Ｃ２十一,1400,ダ,右,良,曇,9,8,8,フラッシュダンス,牝,4,54.0,479,1,吉田晃,高橋俊,,5,1:33.8,41.5,3-4-4-3,2,479,1
2024/04/08,金沢,1,Ｃ２十一,1400,ダ,右,良,曇,9,7,7,ディオスシチー,牡,4,56.0,507,0,堀場裕,井樋一,,6,1:34.3,40.1,8-8-8-8,9,507,0
2024/04/08,金沢,1,Ｃ２十一,1400,ダ,右,良,曇,9,2,2,ロンジェヴィティー,牝,4,54.0,432,12,平瀬城,高橋俊,,7,1:35.0,40.3,9-9-9-9,8,432,12
2024/04/08,金沢,1,Ｃ２十一,1400,ダ,右,良,曇,9,8,9,マイネルジュリアン,牡,4,56.0,476,-2,沖静男,川添明,,8,1:35.5,43.6,3-3-2-4,3,476,-2
2024/04/08,金沢,1,Ｃ２十一,1400,ダ,右,良,曇,9,4,4,ベリーアーリー,牝,4,54.0,429,-2,葛山晃,菅原欣,,9,1:36.6,44.7,1-1-2-7,6,429,-2
2024/04/08,金沢,2,４月１２日は雪兎ちゃうさん生誕祭記Ｃ２十,1400,ダ,右,良,曇,8,3,3,ブリクシア,牡,6,56.0,515,-2,田知弘,金田一,,1,1:31.4,38.5,1-1-1-1,1,515,-2
2024/04/08,金沢,2,４月１２日は雪兎ちゃうさん生誕祭記Ｃ２十,1400,ダ,右,良,曇,8,8,8,ケレンシア,牝,4,54.0,489,6,平瀬城,川添明,,2,1:32.6,39.6,2-3-1-2,3,489,6
2024/04/08,金沢,2,４月１２日は雪兎ちゃうさん生誕祭記Ｃ２十,1400,ダ,右,良,曇,8,4,4,ナパヴァレー,牝,4,54.0,491,4,魚住謙,金田一,,3,1:33.7,40.5,2-2-4-4,2,491,4
2024/04/08,金沢,2,４月１２日は雪兎ちゃうさん生誕祭記Ｃ２十,1400,ダ,右,良,曇,8,1,1,セブンハイ,牡,4,56.0,490,-6,松戸政,金田一,,4,1:33.8,40.0,6-5-5-5,6,490,-6
2024/04/08,金沢,2,４月１２日は雪兎ちゃうさん生誕祭記Ｃ２十,1400,ダ,右,良,曇,8,5,5,アンクルテイオウ,牡,8,56.0,490,1,吉田晃,鈴木正,,5,1:34.0,41.1,4-3-3-3,4,490,1
2024/04/08,金沢,2,４月１２日は雪兎ちゃうさん生誕祭記Ｃ２十,1400,ダ,右,良,曇,8,2,2,ヤマイチレジェンド,牡,12,56.0,535,0,葛山晃,菅原欣,,6,1:34.3,39.5,8-8-7-7,5,535,0
2024/04/08,金沢,2,４月１２日は雪兎ちゃうさん生誕祭記Ｃ２十,1400,ダ,右,良,曇,8,7,7,アンザンタカヒロ,セ,0,56.0,465,-3,柴田勇,吉井一,,7,1:35.3,41.4,5-5-6-6,7,465,-3
2024/04/08,金沢,2,４月１２日は雪兎ちゃうさん生誕祭記Ｃ２十,1400,ダ,右,良,曇,8,6,6,ピュアステート,牡,4,56.0,413,-10,兼子千,宗綱泰,,8,1:36.2,41.2,7-7-8-8,8,413,-10
2024/04/08,金沢,3,Ｃ２九,1400,ダ,右,良,曇,9,7,7,ラインハイト,牡,7,56.0,491,3,栗原大,加藤和,,1,1:31.6,39.9,3-2-1-1,1,491,3
2024/04/08,金沢,3,Ｃ２九,1400,ダ,右,良,曇,9,2,2,ボルンカズマ,牡,8,56.0,499,5,沖静男,川添明,,2,1:32.8,39.5,7-7-7-3,8,499,5
2024/04/08,金沢,3,Ｃ２九,1400,ダ,右,良,曇,9,6,6,ナックレガシー,牡,4,56.0,522,2,田知弘,金田一,,3,1:33.1,40.7,2-3-3-2,4,522,2
2024/04/08,金沢,3,Ｃ２九,1400,ダ,右,良,曇,9,1,1,カイエン,牡,4,56.0,535,-1,魚住謙,高橋優,,4,1:33.3,40.5,5-4-4-5,5,535,-1
2024/04/08,金沢,3,Ｃ２九,1400,ダ,右,良,曇,9,5,5,リッタースポーツ,牡,4,56.0,472,-4,葛山晃,井樋一,,5,1:33.9,40.5,7-9-7-9,6,472,-4
2024/04/08,金沢,3,Ｃ２九,1400,ダ,右,良,曇,9,4,4,カジノノーブル,牡,11,56.0,407,5,甲賀弘,黒木豊,,6,1:34.1,40.4,7-8-9-7,9,407,5
2024/04/08,金沢,3,Ｃ２九,1400,ダ,右,良,曇,9,3,3,ウニタ,牡,4,56.0,492,-4,吉田晃,田嶋幸,,7,1:34.4,42.7,1-1-2-4,2,492,-4
2024/04/08,金沢,3,Ｃ２九,1400,ダ,右,良,曇,9,8,8,テリオスカイ,牡,4,56.0,510,-1,堀場裕,加藤和,,8,1:34.5,41.3,4-6-6-8,3,510,-1
2024/04/08,金沢,3,Ｃ２九,1400,ダ,右,良,曇,9,8,9,クールサムタイム,セ,0,56.0,472,14,鈴木太,加藤義,,9,1:34.9,41.9,5-5-5-6,7,472,14
2024/04/08,金沢,4,シバザクラ賞Ｃ２四以下牝馬,1500,ダ,右,良,曇,9,5,5,ワラッテユルシテ,牝,4,54.0,520,-5,栗原大,井樋一,,1,1:38.4,39.5,4-3-4-2,1,520,-5
2024/04/08,金沢,4,シバザクラ賞Ｃ２四以下牝馬,1500,ダ,右,良,曇,9,7,7,メイショウアダーラ,牝,4,54.0,463,-7,田知弘,加藤和,,2,1:39.1,38.4,9-9-9-7,7,463,-7
2024/04/08,金沢,4,シバザクラ賞Ｃ２四以下牝馬,1500,ダ,右,良,曇,9,3,3,トゥワイス,牝,5,54.0,397,8,堀場裕,井樋一,,3,1:39.2,41.2,1-1-1-1,5,397,8
2024/04/08,金沢,4,シバザクラ賞Ｃ２四以下牝馬,1500,ダ,右,良,曇,9,4,4,イズミアマゾネス,牝,4,54.0,460,-7,柴田勇,金田一,,4,1:39.7,41.1,2-2-2-3,4,460,-7
2024/04/08,金沢,4,シバザクラ賞Ｃ２四以下牝馬,1500,ダ,右,良,曇,9,1,1,アワーストーリー,牝,4,54.0,432,1,吉原寛,加藤義,,5,1:39.9,40.6,5-5-5-5,2,432,1
2024/04/08,金沢,4,シバザクラ賞Ｃ２四以下牝馬,1500,ダ,右,良,曇,9,8,8,ケイラブマッハ,牝,4,54.0,432,1,米倉知,中川雅,,6,1:39.9,40.0,8-7-6-6,3,432,1
2024/04/08,金沢,4,シバザクラ賞Ｃ２四以下牝馬,1500,ダ,右,良,曇,9,2,2,カトリーヌエミュー,牝,9,54.0,438,14,兼子千,高橋道,,7,1:40.7,40.9,6-6-6-7,8,438,14
2024/04/08,金沢,4,シバザクラ賞Ｃ２四以下牝馬,1500,ダ,右,良,曇,9,8,9,マルカンレインボー,牝,4,54.0,424,5,中島龍,高橋道,,8,1:40.7,42.0,3-3-2-4,6,424,5
2024/04/08,金沢,4,シバザクラ賞Ｃ２四以下牝馬,1500,ダ,右,良,曇,9,6,6,サマーモーリス,牝,5,54.0,438,3,鈴木太,室井眞,,9,1:42.5,42.4,7-7-8-9,9,438,3
2024/04/08,金沢,5,Ｃ２三,1500,ダ,右,良,曇,9,4,4,ウルトラワールド,牡,4,56.0,466,-5,吉原寛,加藤義,,1,1:37.7,39.3,1-1-1-1,1,466,-5
2024/04/08,金沢,5,Ｃ２三,1500,ダ,右,良,曇,9,1,1,エコログレイト,牡,4,56.0,485,2,中島龍,中川雅,,2,1:39.2,40.1,3-3-3-2,5,485,2
2024/04/08,金沢,5,Ｃ２三,1500,ダ,右,良,曇,9,6,6,カミノマジック,セ,0,56.0,475,1,堀場裕,鈴木正,,3,1:39.5,40.1,4-5-4-4,4,475,1
2024/04/08,金沢,5,Ｃ２三,1500,ダ,右,良,曇,9,8,9,ビックハート,セ,0,56.0,414,-5,兼子千,高橋道,,4,1:39.6,41.0,2-2-2-3,3,414,-5
2024/04/08,金沢,5,Ｃ２三,1500,ダ,右,良,曇,9,3,3,ヨドノストーリー,牡,4,56.0,439,6,栗原大,高橋優,,5,1:39.8,40.1,5-4-5-5,9,439,6
2024/04/08,金沢,5,Ｃ２三,1500,ダ,右,良,曇,9,8,8,ムーンライトアリア,牝,7,54.0,449,1,鈴木太,鈴木正,,6,1:39.9,39.7,6-7-6-6,7,449,1
2024/04/08,金沢,5,Ｃ２三,1500,ダ,右,良,曇,9,5,5,タマモソリスト,牡,4,56.0,549,-2,魚住謙,加藤和,,7,1:40.3,39.3,7-9-9-9,6,549,-2
2024/04/08,金沢,5,Ｃ２三,1500,ダ,右,良,曇,9,7,7,アペーゴ,牝,4,54.0,389,0,吉田晃,佐藤茂,,8,1:41.1,40.7,7-8-7-8,8,389,0
2024/04/08,金沢,5,Ｃ２三,1500,ダ,右,良,曇,9,2,2,ハイパーノヴァ,セ,0,56.0,498,0,平瀬城,黒木豊,,9,1:41.4,41.0,7-6-7-6,2,498,0
2024/04/08,金沢,6,おやつ協賛　凪乃ましろ生誕記念Ｃ２二,1400,ダ,右,良,曇,10,6,6,フェスティヴノンノ,牝,6,54.0,456,-12,米倉知,加藤和,,1,1:32.2,40.1,1-2-1-1,1,456,-12
2024/04/08,金沢,6,おやつ協賛　凪乃ましろ生誕記念Ｃ２二,1400,ダ,右,良,曇,10,7,7,アイアムロージー,牝,4,54.0,461,-5,沖静男,川添明,,2,1:32.4,40.0,3-3-4-3,9,461,-5
2024/04/08,金沢,6,おやつ協賛　凪乃ましろ生誕記念Ｃ２二,1400,ダ,右,良,曇,10,8,10,カフェメモワール,牝,7,54.0,491,6,栗原大,菅原欣,,3,1:32.9,40.1,6-6-6-4,5,491,6
2024/04/08,金沢,6,おやつ協賛　凪乃ましろ生誕記念Ｃ２二,1400,ダ,右,良,曇,10,5,5,スノートレイン,牡,7,56.0,450,13,堀場裕,井樋一,,4,1:33.0,40.2,7-6-6-5,4,450,13
2024/04/08,金沢,6,おやつ協賛　凪乃ましろ生誕記念Ｃ２二,1400,ダ,右,良,曇,10,3,3,ゴールドボンバー,牡,7,56.0,534,0,吉田晃,鋤田誠,,5,1:33.5,40.2,8-8-8-8,8,534,0
2024/04/08,金沢,6,おやつ協賛　凪乃ましろ生誕記念Ｃ２二,1400,ダ,右,良,曇,10,8,9,シュプール,牝,4,54.0,443,-5,柴田勇,中川雅,,6,1:33.8,41.8,3-3-2-2,3,443,-5
2024/04/08,金沢,6,おやつ協賛　凪乃ましろ生誕記念Ｃ２二,1400,ダ,右,良,曇,10,7,8,ズッシーノ,牡,5,56.0,440,-8,魚住謙,鋤田誠,,7,1:34.0,40.4,9-9-9-9,10,440,-8
2024/04/08,金沢,6,おやつ協賛　凪乃ましろ生誕記念Ｃ２二,1400,ダ,右,良,曇,10,4,4,ヘリオシース,牝,8,54.0,441,5,松戸政,野田幸,,8,1:34.0,40.0,10-10-10-9,7,441,5
2024/04/08,金沢,6,おやつ協賛　凪乃ましろ生誕記念Ｃ２二,1400,ダ,右,良,曇,10,2,2,イエローストーン,セ,0,56.0,443,5,中島龍,田嶋幸,,9,1:34.6,42.0,5-5-5-7,6,443,5
2024/04/08,金沢,6,おやつ協賛　凪乃ましろ生誕記念Ｃ２二,1400,ダ,右,良,曇,10,1,1,レイズミーアップ,牡,4,56.0,423,-11,田知弘,中川雅,,10,1:35.1,42.8,1-1-3-6,2,423,-11
2024/04/08,金沢,7,楽天ポイントでネット投票特別Ｃ２一,1400,ダ,右,良,曇,9,1,1,ジェイエルフラッグ,牝,8,54.0,463,2,米倉知,加藤和,,1,1:30.4,37.9,5-5-3-3,1,463,2
2024/04/08,金沢,7,楽天ポイントでネット投票特別Ｃ２一,1400,ダ,右,良,曇,9,7,7,フェアリープト,牝,4,54.0,486,-8,吉田晃,佐藤茂,,2,1:30.5,38.2,1-1-2-1,3,486,-8
2024/04/08,金沢,7,楽天ポイントでネット投票特別Ｃ２一,1400,ダ,右,良,曇,9,6,6,エイシンアメンラー,牡,7,56.0,506,-6,栗原大,加藤和,,3,1:30.7,38.4,4-2-1-1,2,506,-6
2024/04/08,金沢,7,楽天ポイントでネット投票特別Ｃ２一,1400,ダ,右,良,曇,9,3,3,スマイルフレンド,牝,4,54.0,455,5,堀場裕,加藤義,,4,1:32.3,38.8,5-6-6-5,6,455,5
2024/04/08,金沢,7,楽天ポイントでネット投票特別Ｃ２一,1400,ダ,右,良,曇,9,2,2,トップキング,牡,5,56.0,463,4,魚住謙,鋤田誠,,5,1:32.5,39.3,3-4-5-4,4,463,4
2024/04/08,金沢,7,楽天ポイントでネット投票特別Ｃ２一,1400,ダ,右,良,曇,9,5,5,サマーソルト,セ,0,56.0,491,0,柴田勇,鋤田誠,,6,1:33.3,39.3,7-7-7-7,5,491,0
2024/04/08,金沢,7,楽天ポイントでネット投票特別Ｃ２一,1400,ダ,右,良,曇,9,8,9,ウインドアリエル,牝,6,54.0,431,-2,松戸政,野田幸,,7,1:34.1,40.2,8-8-7-8,8,431,-2
2024/04/08,金沢,7,楽天ポイントでネット投票特別Ｃ２一,1400,ダ,右,良,曇,9,4,4,タマテバコ,牝,5,54.0,473,0,兼子千,宗綱泰,,8,1:34.6,40.2,9-9-9-9,9,473,0
2024/04/08,金沢,7,楽天ポイントでネット投票特別Ｃ２一,1400,ダ,右,良,曇,9,8,8,リコーランカスター,牝,5,54.0,455,-5,鈴木太,室井眞,,9,1:35.2,42.5,2-2-4-6,7,455,-5
2024/04/08,金沢,8,能登半島地震復興支援杯９Ｂ２六,1400,ダ,右,良,曇,10,5,5,サンデーミラージュ,セ,0,56.0,487,2,栗原大,金田一,,1,1:30.9,38.4,2-3-3-2,1,487,2
2024/04/08,金沢,8,能登半島地震復興支援杯９Ｂ２六,1400,ダ,右,良,曇,10,4,4,エピックヒーロー,牡,4,56.0,493,8,中島龍,加藤和,,2,1:30.9,38.8,1-1-1-1,2,493,8
2024/04/08,金沢,8,能登半島地震復興支援杯９Ｂ２六,1400,ダ,右,良,曇,10,6,6,カレンレベンティス,セ,0,56.0,446,-3,沖静男,川添明,,3,1:31.8,38.5,7-7-6-6,7,446,-3
2024/04/08,金沢,8,能登半島地震復興支援杯９Ｂ２六,1400,ダ,右,良,曇,10,7,7,タイガーサイレンス,牡,7,56.0,463,3,吉田晃,田嶋幸,,4,1:31.8,39.5,2-2-2-3,5,463,3
2024/04/08,金沢,8,能登半島地震復興支援杯９Ｂ２六,1400,ダ,右,良,曇,10,2,2,センチュリヒーロー,牡,4,56.0,417,-5,米倉知,中川雅,,5,1:32.2,38.5,9-8-7-7,3,417,-5
2024/04/08,金沢,8,能登半島地震復興支援杯９Ｂ２六,1400,ダ,右,良,曇,10,1,1,オウムアムア,牡,8,56.0,551,-1,田知弘,金田一,,6,1:32.4,39.6,6-4-4-4,10,551,-1
2024/04/08,金沢,8,能登半島地震復興支援杯９Ｂ２六,1400,ダ,右,良,曇,10,8,10,コンパウンダー,牡,9,56.0,459,-5,葛山晃,川添明,,7,1:32.5,39.8,2-4-4-5,4,459,-5
2024/04/08,金沢,8,能登半島地震復興支援杯９Ｂ２六,1400,ダ,右,良,曇,10,7,8,ナムラロロ,牡,5,56.0,439,-8,堀場裕,井樋一,,8,1:32.5,38.6,8-9-9-8,9,439,-8
2024/04/08,金沢,8,能登半島地震復興支援杯９Ｂ２六,1400,ダ,右,良,曇,10,3,3,コパノピッチング,牡,6,56.0,507,0,魚住謙,鋤田誠,,9,1:32.7,38.4,10-10-10-9,8,507,0
2024/04/08,金沢,8,能登半島地震復興支援杯９Ｂ２六,1400,ダ,右,良,曇,10,8,9,レモン,牝,7,54.0,406,-1,兼子千,菅原欣,,10,1:37.3,43.8,5-6-8-10,6,406,-1
2024/04/08,金沢,9,Ｂ２五,1500,ダ,右,良,曇,11,6,7,ディモールト,牡,7,56.0,502,8,松戸政,井樋一,,1,1:36.6,38.7,6-6-2-2,1,502,8
2024/04/08,金沢,9,Ｂ２五,1500,ダ,右,良,曇,11,8,10,ジュジュジューン,牝,4,54.0,440,-10,堀場裕,中川雅,,2,1:37.0,38.4,10-9-7-3,2,440,-10
2024/04/08,金沢,9,Ｂ２五,1500,ダ,右,良,曇,11,3,3,リュウノチャチャ,牝,6,54.0,434,-6,鈴木太,加藤義,,3,1:37.2,39.7,1-1-1-1,4,434,-6
2024/04/08,金沢,9,Ｂ２五,1500,ダ,右,良,曇,11,4,4,ブルーアーカイブ,牡,4,56.0,517,-1,栗原大,加藤和,,4,1:37.8,38.6,11-11-10-6,3,517,-1
2024/04/08,金沢,9,Ｂ２五,1500,ダ,右,良,曇,11,6,6,セブンパワー,セ,0,56.0,458,0,柴田勇,金田一,,5,1:38.2,40.5,3-2-2-4,8,458,0
2024/04/08,金沢,9,Ｂ２五,1500,ダ,右,良,曇,11,7,9,ビッグタイマー,牡,6,56.0,477,-4,魚住謙,鋤田誠,,6,1:38.6,40.6,4-5-5-5,7,477,-4
2024/04/08,金沢,9,Ｂ２五,1500,ダ,右,良,曇,11,2,2,チェルキオ,牡,5,56.0,474,0,甲賀弘,中川雅,,7,1:39.8,40.7,7-7-9-9,11,474,0
2024/04/08,金沢,9,Ｂ２五,1500,ダ,右,良,曇,11,7,8,ナックメジャー,牡,5,56.0,488,-2,田知弘,金田一,,8,1:39.9,41.1,9-8-8-8,9,488,-2
2024/04/08,金沢,9,Ｂ２五,1500,ダ,右,良,曇,11,5,5,カカンクオン,牡,6,56.0,434,1,吉田晃,鈴木正,,9,1:40.6,42.8,2-2-4-7,6,434,1
2024/04/08,金沢,9,Ｂ２五,1500,ダ,右,良,曇,11,8,11,ブタンタン,牡,5,56.0,482,-3,兼子千,加藤和,,10,1:40.9,41.6,7-10-11-11,10,482,-3
2024/04/08,金沢,9,Ｂ２五,1500,ダ,右,良,曇,11,1,1,ユキヤナギ,牝,5,54.0,449,-19,中島龍,加藤和,,11,1:41.8,43.6,4-4-6-10,5,449,-19
2024/04/08,金沢,10,買って応援ありがとう賞Ｂ２四,1400,ダ,右,良,曇,10,3,3,ドライカプチーノ,牝,4,54.0,452,-3,柴田勇,金田一,,1,1:30.7,39.1,1-1-1-1,9,452,-3
2024/04/08,金沢,10,買って応援ありがとう賞Ｂ２四,1400,ダ,右,良,曇,10,4,4,ハートリープ,牝,6,54.0,410,-2,沖静男,川添明,,2,1:31.9,39.8,4-3-4-3,6,410,-2
2024/04/08,金沢,10,買って応援ありがとう賞Ｂ２四,1400,ダ,右,良,曇,10,1,1,リベリュール,牡,9,56.0,479,-3,堀場裕,井樋一,,3,1:32.0,39.7,5-5-5-5,2,479,-3
2024/04/08,金沢,10,買って応援ありがとう賞Ｂ２四,1400,ダ,右,良,曇,10,6,6,サノノビーチ,牝,4,54.0,508,2,米倉知,加藤和,,4,1:32.1,40.4,2-2-2-2,5,508,2
2024/04/08,金沢,10,買って応援ありがとう賞Ｂ２四,1400,ダ,右,良,曇,10,7,8,エースアクシス,牝,8,54.0,401,-5,松戸政,井樋一,,5,1:32.2,38.0,10-10-10-9,7,401,-5
2024/04/08,金沢,10,買って応援ありがとう賞Ｂ２四,1400,ダ,右,良,曇,10,7,7,リトリーブ,牡,4,56.0,452,-3,栗原大,菅原欣,,6,1:32.4,39.2,8-8-8-6,8,452,-3
2024/04/08,金沢,10,買って応援ありがとう賞Ｂ２四,1400,ダ,右,良,曇,10,5,5,クイーンオブロード,牝,5,54.0,435,-1,甲賀弘,黒木豊,,7,1:32.4,39.4,7-7-7-8,10,435,-1
2024/04/08,金沢,10,買って応援ありがとう賞Ｂ２四,1400,ダ,右,良,曇,10,8,9,ヴイエルジュ,牝,4,54.0,454,2,吉原寛,加藤義,,8,1:32.5,40.6,3-3-3-4,1,454,2
2024/04/08,金沢,10,買って応援ありがとう賞Ｂ２四,1400,ダ,右,良,曇,10,8,10,カフェリリー,牝,6,54.0,489,-1,葛山晃,菅原欣,,9,1:32.6,39.1,9-9-9-9,3,489,-1
2024/04/08,金沢,10,買って応援ありがとう賞Ｂ２四,1400,ダ,右,良,曇,10,2,2,リンクスシュウ,牡,5,56.0,456,-2,鈴木太,井樋一,,10,1:33.5,41.0,6-6-6-7,4,456,-2
2024/04/08,金沢,11,大聖寺桜まつり特別Ａ１一,1500,ダ,右,良,曇,10,8,9,オヌシナニモノ,牡,7,56.0,496,-1,吉田晃,佐藤茂,,1,1:35.4,39.6,2-3-2-1,1,496,-1
2024/04/08,金沢,11,大聖寺桜まつり特別Ａ１一,1500,ダ,右,良,曇,10,3,3,ショウガタップリ,牝,4,54.0,451,-7,吉原寛,高橋俊,,2,1:35.8,38.7,5-5-5-4,2,451,-7
2024/04/08,金沢,11,大聖寺桜まつり特別Ａ１一,1500,ダ,右,良,曇,10,6,6,ソーラーフレア,牡,9,56.0,486,2,米倉知,中川雅,,3,1:35.9,40.1,2-2-2-2,4,486,2
2024/04/08,金沢,11,大聖寺桜まつり特別Ａ１一,1500,ダ,右,良,曇,10,7,7,ノブノビスケッツ,牡,4,56.0,453,-7,栗原大,加藤和,,4,1:36.4,38.8,7-7-6-5,3,453,-7
2024/04/08,金沢,11,大聖寺桜まつり特別Ａ１一,1500,ダ,右,良,曇,10,4,4,ヴェレノ,牝,5,54.0,439,-10,魚住謙,鋤田誠,,5,1:37.1,39.2,8-7-8-8,8,439,-10
2024/04/08,金沢,11,大聖寺桜まつり特別Ａ１一,1500,ダ,右,良,曇,10,5,5,ダイヤモンドライン,牝,4,54.0,428,2,鈴木太,佐藤茂,,6,1:37.1,39.2,9-9-8-7,6,428,2
2024/04/08,金沢,11,大聖寺桜まつり特別Ａ１一,1500,ダ,右,良,曇,10,2,2,ブラーヴ,牡,4,56.0,499,5,平瀬城,黒木豊,,7,1:37.6,41.8,1-1-1-3,5,499,5
2024/04/08,金沢,11,大聖寺桜まつり特別Ａ１一,1500,ダ,右,良,曇,10,7,8,グランデラムジー,牡,8,56.0,482,3,田知弘,佐藤茂,,8,1:37.9,40.3,6-6-7-9,9,482,3
2024/04/08,金沢,11,大聖寺桜まつり特別Ａ１一,1500,ダ,右,良,曇,10,8,10,レディオマジック,牡,7,56.0,485,5,中島龍,中川雅,,9,1:38.1,41.7,4-4-4-6,7,485,5
2024/04/08,金沢,11,大聖寺桜まつり特別Ａ１一,1500,ダ,右,良,曇,10,1,1,シュガーエンジェル,牝,5,54.0,403,-1,兼子千,宗綱泰,,10,1:40.2,41.9,10-9-10-10,10,403,-1
2024/04/09,金沢,1,３歳Ｂ二走１,1400,ダ,右,不良,雨,10,3,3,バージンエスパー,牝,3,54.0,409,1,堀場裕,金田一,,1,1:30.2,39.1,1-1-1-1,3,409,1
2024/04/09,金沢,1,３歳Ｂ二走１,1400,ダ,右,不良,雨,10,2,2,ピオニエーレ,牡,3,56.0,439,-4,柴田勇,金田一,,2,1:30.8,39.1,4-4-2-2,1,439,-4
2024/04/09,金沢,1,３歳Ｂ二走１,1400,ダ,右,不良,雨,10,7,8,ショウナンラッシュ,牡,3,56.0,529,3,栗原大,加藤和,,3,1:30.8,38.7,5-6-5-4,2,529,3
2024/04/09,金沢,1,３歳Ｂ二走１,1400,ダ,右,不良,雨,10,1,1,ヴェネラリア,牝,3,54.0,430,-12,米倉知,中川雅,,4,1:31.2,39.4,3-3-4-3,5,430,-12
2024/04/09,金沢,1,３歳Ｂ二走１,1400,ダ,右,不良,雨,10,6,6,アイノユメテーラー,牝,3,54.0,461,-16,田知弘,中川雅,,5,1:32.2,39.2,7-7-7-6,7,461,-16
2024/04/09,金沢,1,３歳Ｂ二走１,1400,ダ,右,不良,雨,10,4,4,メロディーダンサー,牝,3,54.0,470,0,中島龍,金田一,,6,1:32.4,40.8,2-2-2-5,4,470,0
2024/04/09,金沢,1,３歳Ｂ二走１,1400,ダ,右,不良,雨,10,8,10,ムーンロゼ,牝,3,54.0,404,0,魚住謙,金田一,,7,1:33.2,39.7,8-8-8-8,6,404,0
2024/04/09,金沢,1,３歳Ｂ二走１,1400,ダ,右,不良,雨,10,8,9,サンサンサンキュー,牡,3,56.0,471,-3,葛山晃,菅原欣,,8,1:34.0,39.5,10-10-10-10,9,471,-3
2024/04/09,金沢,1,３歳Ｂ二走１,1400,ダ,右,不良,雨,10,7,7,インスタントラバー,牝,3,54.0,455,-6,兼子千,宗綱泰,,9,1:34.1,41.6,5-5-6-7,10,455,-6
2024/04/09,金沢,1,３歳Ｂ二走１,1400,ダ,右,不良,雨,10,5,5,アイヲサケブオトコ,牡,3,56.0,467,6,鈴木太,加藤和,,10,1:34.5,40.8,9-9-9-9,8,467,6
2024/04/09,金沢,2,Ｃ２十三,1400,ダ,右,不良,雨,7,3,3,シンゼンアツタ,牡,4,56.0,471,-6,米倉知,中川雅,,1,1:31.6,39.4,1-1-1-1,3,471,-6
2024/04/09,金沢,2,Ｃ２十三,1400,ダ,右,不良,雨,7,1,1,ビーチブルース,牡,4,56.0,484,16,栗原大,菅原欣,,2,1:32.0,39.1,4-4-3-2,2,484,16
2024/04/09,金沢,2,Ｃ２十三,1400,ダ,右,不良,雨,7,7,7,マーニ,牡,8,56.0,462,2,甲賀弘,井樋一,,3,1:32.5,39.9,3-3-2-3,1,462,2
2024/04/09,金沢,2,Ｃ２十三,1400,ダ,右,不良,雨,7,4,4,ネイバーアイランド,牝,6,54.0,437,-11,魚住謙,鋤田誠,,4,1:33.5,40.0,5-5-5-5,4,437,-11
2024/04/09,金沢,2,Ｃ２十三,1400,ダ,右,不良,雨,7,6,6,ティアモローザ,牝,4,54.0,447,4,葛山晃,菅原欣,,5,1:33.6,39.7,7-7-6-6,6,447,4
2024/04/09,金沢,2,Ｃ２十三,1400,ダ,右,不良,雨,7,5,5,ホットチョコ,牝,4,54.0,471,-6,柴田勇,川添明,,6,1:34.4,41.8,2-2-3-4,5,471,-6
2024/04/09,金沢,2,Ｃ２十三,1400,ダ,右,不良,雨,7,2,2,フローラルハニー,牝,4,54.0,455,1,沖静男,川添明,,7,1:43.4,49.1,6-6-7-7,7,455,1
2024/04/09,金沢,3,胡桃澤ももデビュー３周年記念Ｃ２十二,1400,ダ,右,不良,雨,9,8,9,マイヴェリテ,セ,0,56.0,422,-7,中島龍,金田一,,1,1:32.4,40.3,2-2-1-1,2,422,-7
2024/04/09,金沢,3,胡桃澤ももデビュー３周年記念Ｃ２十二,1400,ダ,右,不良,雨,9,5,5,ウインドメイヒメ,牝,4,54.0,423,-7,松戸政,野田幸,,2,1:33.0,39.7,6-5-5-3,5,423,-7
2024/04/09,金沢,3,胡桃澤ももデビュー３周年記念Ｃ２十二,1400,ダ,右,不良,雨,9,8,8,ケヴィンズクロス,牡,6,56.0,510,-1,栗原大,加藤和,,3,1:33.2,41.2,1-1-1-1,1,510,-1
2024/04/09,金沢,3,胡桃澤ももデビュー３周年記念Ｃ２十二,1400,ダ,右,不良,雨,9,3,3,ピエナファリア,牡,7,56.0,451,-3,葛山晃,菅原欣,,4,1:33.5,40.6,4-3-4-4,8,451,-3
2024/04/09,金沢,3,胡桃澤ももデビュー３周年記念Ｃ２十二,1400,ダ,右,不良,雨,9,6,6,タペジャラ,牡,4,56.0,445,1,田知弘,金田一,,5,1:33.5,40.1,4-6-5-7,6,445,1
2024/04/09,金沢,3,胡桃澤ももデビュー３周年記念Ｃ２十二,1400,ダ,右,不良,雨,9,1,1,エシェロン,牡,5,56.0,477,-13,兼子千,菅原欣,,6,1:33.6,39.7,8-8-8-5,4,477,-13
2024/04/09,金沢,3,胡桃澤ももデビュー３周年記念Ｃ２十二,1400,ダ,右,不良,雨,9,4,4,キラールージュ,牝,4,54.0,421,-3,吉田晃,鋤田誠,,7,1:34.5,41.6,3-4-3-5,7,421,-3
2024/04/09,金沢,3,胡桃澤ももデビュー３周年記念Ｃ２十二,1400,ダ,右,不良,雨,9,7,7,ブランディング,牝,5,54.0,433,-2,沖静男,川添明,,8,1:35.0,41.4,6-7-7-8,3,433,-2
2024/04/09,金沢,3,胡桃澤ももデビュー３周年記念Ｃ２十二,1400,ダ,右,不良,雨,9,2,2,テラフォーマー,牡,10,56.0,444,-6,鈴木太,吉井一,,9,1:35.8,41.2,9-9-9-9,9,444,-6
2024/04/09,金沢,4,ミモザ賞Ｃ２八以下牝馬,1400,ダ,右,不良,雨,8,3,3,トゥインクルーガー,牝,4,54.0,437,-3,魚住謙,高橋優,,1,1:32.3,40.1,4-4-4-4,6,437,-3
2024/04/09,金沢,4,ミモザ賞Ｃ２八以下牝馬,1400,ダ,右,不良,雨,8,2,2,キャッチクライ,牝,4,54.0,457,0,甲賀弘,黒木豊,,2,1:32.3,40.8,1-1-1-1,1,457,0
2024/04/09,金沢,4,ミモザ賞Ｃ２八以下牝馬,1400,ダ,右,不良,雨,8,4,4,キャリアウーマン,牝,4,54.0,469,1,平瀬城,黒木豊,,3,1:32.7,39.9,4-5-6-3,3,469,1
2024/04/09,金沢,4,ミモザ賞Ｃ２八以下牝馬,1400,ダ,右,不良,雨,8,7,7,ジェミースター,牝,4,54.0,420,-12,堀場裕,高橋優,,4,1:32.9,40.2,6-6-5-6,4,420,-12
2024/04/09,金沢,4,ミモザ賞Ｃ２八以下牝馬,1400,ダ,右,不良,雨,8,6,6,ジュニアフェザー,牝,6,54.0,438,-2,吉田晃,鈴木正,,5,1:33.5,40.3,7-7-7-7,8,438,-2
2024/04/09,金沢,4,ミモザ賞Ｃ２八以下牝馬,1400,ダ,右,不良,雨,8,1,1,オールマイフレンズ,牝,6,54.0,450,-2,中島龍,中川雅,,6,1:33.8,42.1,2-2-2-2,2,450,-2
2024/04/09,金沢,4,ミモザ賞Ｃ２八以下牝馬,1400,ダ,右,不良,雨,8,5,5,スウィートイレブン,牝,7,54.0,439,2,松戸政,田嶋幸,,7,1:34.1,42.4,3-3-2-5,5,439,2
2024/04/09,金沢,4,ミモザ賞Ｃ２八以下牝馬,1400,ダ,右,不良,雨,8,8,8,スカーレットリボン,牝,8,54.0,422,4,兼子千,高橋道,,8,1:34.2,40.5,8-8-8-8,7,422,4
2024/04/09,金沢,5,Ｃ２七,1500,ダ,右,不良,雨,9,2,2,ピエドラアギーラ,牡,6,56.0,475,-9,米倉知,加藤和,,1,1:36.0,37.4,4-3-1-1,2,475,-9
2024/04/09,金沢,5,Ｃ２七,1500,ダ,右,不良,雨,9,5,5,ビーチポジティヴ,牝,4,54.0,463,2,中島龍,金田一,,2,1:38.0,39.4,1-1-2-2,1,463,2
2024/04/09,金沢,5,Ｃ２七,1500,ダ,右,不良,雨,9,8,8,シュマンドロワ,牡,4,56.0,478,3,松戸政,井樋一,,3,1:39.1,39.8,5-5-5-4,4,478,3
2024/04/09,金沢,5,Ｃ２七,1500,ダ,右,不良,雨,9,7,7,ヒロノホマレボシ,セ,0,56.0,420,3,吉田晃,佐藤茂,,4,1:39.4,40.2,7-7-4-3,8,420,3
2024/04/09,金沢,5,Ｃ２七,1500,ダ,右,不良,雨,9,3,3,ヒマワリオジョウ,牝,8,54.0,426,2,鈴木太,鋤田誠,,5,1:39.5,39.5,9-9-9-7,6,426,2
2024/04/09,金沢,5,Ｃ２七,1500,ダ,右,不良,雨,9,1,1,ヒメカミノテング,牝,4,54.0,422,-8,堀場裕,加藤義,,6,1:39.9,40.2,8-8-7-6,5,422,-8
2024/04/09,金沢,5,Ｃ２七,1500,ダ,右,不良,雨,9,4,4,リードキングダム,牝,6,54.0,420,-4,甲賀弘,黒木豊,,7,1:40.5,40.6,6-6-8-9,7,420,-4
2024/04/09,金沢,5,Ｃ２七,1500,ダ,右,不良,雨,9,6,6,アルジェントステラ,牝,6,54.0,454,-8,栗原大,加藤和,,8,1:40.6,41.8,2-2-3-4,3,454,-8
2024/04/09,金沢,5,Ｃ２七,1500,ダ,右,不良,雨,9,8,9,イーゼル,セ,0,56.0,481,2,平瀬城,黒木豊,,9,1:40.7,41.2,3-4-6-8,9,481,2
2024/04/09,金沢,6,Ｃ２六,1500,ダ,右,不良,雨,8,7,7,デルマスソバライ,牝,4,54.0,415,-2,堀場裕,加藤義,,1,1:38.0,39.3,3-4-4-3,1,415,-2
2024/04/09,金沢,6,Ｃ２六,1500,ダ,右,不良,雨,8,3,3,ネモフィラ,牝,4,54.0,440,3,栗原大,菅原欣,,2,1:38.2,39.1,7-7-6-4,3,440,3
2024/04/09,金沢,6,Ｃ２六,1500,ダ,右,不良,雨,8,1,1,グラシアーノ,牝,4,54.0,418,1,鈴木太,加藤義,,3,1:38.3,40.0,3-3-2-2,4,418,1
2024/04/09,金沢,6,Ｃ２六,1500,ダ,右,不良,雨,8,2,2,コウカンニッキ,牝,4,54.0,453,-2,甲賀弘,金田一,,4,1:38.7,40.7,1-1-1-1,2,453,-2
2024/04/09,金沢,6,Ｃ２六,1500,ダ,右,不良,雨,8,6,6,フロンテイラ,牡,5,56.0,413,8,松戸政,田嶋幸,,5,1:39.7,39.2,8-8-8-7,7,413,8
2024/04/09,金沢,6,Ｃ２六,1500,ダ,右,不良,雨,8,4,4,スマッシュパワー,牡,7,56.0,461,7,兼子千,高橋道,,6,1:40.5,42.2,2-2-3-5,5,461,7
2024/04/09,金沢,6,Ｃ２六,1500,ダ,右,不良,雨,8,5,5,シェーンシュタット,牡,6,56.0,442,-4,田知弘,加藤和,,7,1:40.8,42.0,5-5-5-5,6,442,-4
2024/04/09,金沢,6,Ｃ２六,1500,ダ,右,不良,雨,8,8,8,ルリフラワー,牝,6,54.0,448,-3,沖静男,田嶋幸,,8,1:42.2,42.8,5-6-7-8,8,448,-3
2024/04/09,金沢,7,Ｃ２五,1500,ダ,右,不良,雨,9,4,4,ディスモーメント,牡,8,56.0,548,8,堀場裕,井樋一,,1,1:36.7,39.5,1-1-1-1,2,548,8
2024/04/09,金沢,7,Ｃ２五,1500,ダ,右,不良,雨,9,7,7,インワンシティング,セ,0,56.0,438,2,栗原大,加藤和,,2,1:37.4,38.8,6-5-4-2,3,438,2
2024/04/09,金沢,7,Ｃ２五,1500,ダ,右,不良,雨,9,3,3,ユーバーウィンデン,牡,4,56.0,510,-5,米倉知,佐藤茂,,3,1:37.5,39.2,4-4-3-3,1,510,-5
2024/04/09,金沢,7,Ｃ２五,1500,ダ,右,不良,雨,9,8,9,シングンバズーカ,牡,7,56.0,491,-6,松戸政,金田一,,4,1:38.5,39.4,7-6-6-5,5,491,-6
2024/04/09,金沢,7,Ｃ２五,1500,ダ,右,不良,雨,9,2,2,スワーヴジョーダン,セ,0,56.0,441,-2,吉田晃,井樋一,,5,1:39.7,40.1,8-8-8-6,6,441,-2
2024/04/09,金沢,7,Ｃ２五,1500,ダ,右,不良,雨,9,1,1,サフランルーラー,牡,6,56.0,410,3,魚住謙,高橋優,,6,1:39.8,41.1,3-3-5-6,9,410,3
2024/04/09,金沢,7,Ｃ２五,1500,ダ,右,不良,雨,9,8,8,レッドアダン,セ,0,56.0,457,-8,中島龍,加藤和,,7,1:40.2,42.6,2-2-2-4,4,457,-8
2024/04/09,金沢,7,Ｃ２五,1500,ダ,右,不良,雨,9,6,6,ブレイクポイント,牡,5,56.0,438,-7,葛山晃,菅原欣,,8,1:40.7,41.5,5-6-6-8,8,438,-7
2024/04/09,金沢,7,Ｃ２五,1500,ダ,右,不良,雨,9,5,5,ギルデッドフレーム,牡,4,56.0,434,-1,沖静男,川添明,,9,1:41.4,41.1,9-9-9-9,7,434,-1
2024/04/09,金沢,8,能登半島地震復興支援杯１０Ｂ２三,1400,ダ,右,不良,雨,10,7,8,イサムサンカ,牡,4,56.0,496,7,吉田晃,佐藤茂,,1,1:30.4,37.7,2-2-1-1,1,496,7
2024/04/09,金沢,8,能登半島地震復興支援杯１０Ｂ２三,1400,ダ,右,不良,雨,10,3,3,リュウノステルス,牡,4,56.0,430,-1,堀場裕,加藤義,,2,1:30.8,38.1,1-1-1-2,3,430,-1
2024/04/09,金沢,8,能登半島地震復興支援杯１０Ｂ２三,1400,ダ,右,不良,雨,10,1,1,コスモノート,セ,0,56.0,523,0,栗原大,菅原欣,,3,1:31.8,38.0,7-7-8-4,2,523,0
2024/04/09,金沢,8,能登半島地震復興支援杯１０Ｂ２三,1400,ダ,右,不良,雨,10,8,10,ヴェーチェル,牝,5,54.0,429,1,松戸政,川添明,,4,1:31.8,38.2,5-6-5-3,9,429,1
2024/04/09,金沢,8,能登半島地震復興支援杯１０Ｂ２三,1400,ダ,右,不良,雨,10,6,6,マウントゴールド,牡,11,56.0,442,-5,鈴木太,井樋一,,5,1:32.1,38.3,8-8-6-7,8,442,-5
2024/04/09,金沢,8,能登半島地震復興支援杯１０Ｂ２三,1400,ダ,右,不良,雨,10,5,5,フロイング,牡,6,56.0,477,-2,甲賀弘,黒木豊,,6,1:32.4,38.0,10-10-10-10,6,477,-2
2024/04/09,金沢,8,能登半島地震復興支援杯１０Ｂ２三,1400,ダ,右,不良,雨,10,8,9,エルフバローズ,牝,6,54.0,470,2,中島龍,川添明,,7,1:32.7,39.6,4-3-3-6,4,470,2
2024/04/09,金沢,8,能登半島地震復興支援杯１０Ｂ２三,1400,ダ,右,不良,雨,10,2,2,ロマンチックボーイ,牡,4,56.0,452,4,柴田勇,野田幸,,8,1:32.8,39.4,3-4-4-4,7,452,4
2024/04/09,金沢,8,能登半島地震復興支援杯１０Ｂ２三,1400,ダ,右,不良,雨,10,4,4,カズノザンゲツ,牝,5,54.0,498,-2,兼子千,宗綱泰,,9,1:33.1,39.4,5-5-6-8,10,498,-2
2024/04/09,金沢,8,能登半島地震復興支援杯１０Ｂ２三,1400,ダ,右,不良,雨,10,7,7,ノールック,牝,6,54.0,428,-5,魚住謙,高橋俊,,10,1:33.4,39.2,9-8-9-9,5,428,-5
2024/04/09,金沢,9,飲んで応援ありがとう賞Ｂ２二,1500,ダ,右,不良,曇,10,2,2,アオイダリア,牝,4,54.0,446,1,鈴木太,加藤義,,1,1:37.2,38.3,2-2-2-2,2,446,1
2024/04/09,金沢,9,飲んで応援ありがとう賞Ｂ２二,1500,ダ,右,不良,曇,10,8,10,ファームフレッシュ,牝,4,54.0,438,8,中島龍,佐藤茂,,2,1:37.4,38.8,1-1-1-1,3,438,8
2024/04/09,金沢,9,飲んで応援ありがとう賞Ｂ２二,1500,ダ,右,不良,曇,10,1,1,デルマゴモリー,牝,5,54.0,437,0,松戸政,金田一,,3,1:37.9,38.6,4-4-4-3,5,437,0
2024/04/09,金沢,9,飲んで応援ありがとう賞Ｂ２二,1500,ダ,右,不良,曇,10,7,7,プレミアマイン,牝,4,54.0,482,1,米倉知,加藤和,,4,1:38.1,39.0,3-3-3-4,4,482,1
2024/04/09,金沢,9,飲んで応援ありがとう賞Ｂ２二,1500,ダ,右,不良,曇,10,4,4,ウインペルセ,牡,4,56.0,485,7,吉田晃,佐藤茂,,5,1:39.3,39.9,5-5-5-5,1,485,7
2024/04/09,金沢,9,飲んで応援ありがとう賞Ｂ２二,1500,ダ,右,不良,曇,10,7,8,ピンクヒップガール,牝,4,54.0,469,-3,葛山晃,高橋俊,,6,1:39.3,38.7,8-10-10-8,7,469,-3
2024/04/09,金沢,9,飲んで応援ありがとう賞Ｂ２二,1500,ダ,右,不良,曇,10,6,6,ドミナンス,牡,5,56.0,453,-7,兼子千,宗綱泰,,7,1:39.3,39.1,8-7-7-7,9,453,-7
2024/04/09,金沢,9,飲んで応援ありがとう賞Ｂ２二,1500,ダ,右,不良,曇,10,5,5,サクセスソング,牝,5,54.0,434,0,魚住謙,鋤田誠,,8,1:39.5,39.5,10-9-7-9,6,434,0
2024/04/09,金沢,9,飲んで応援ありがとう賞Ｂ２二,1500,ダ,右,不良,曇,10,3,3,エーストビーズ,牝,6,54.0,489,-7,栗原大,菅原欣,,9,1:39.5,40.1,7-6-5-6,8,489,-7
2024/04/09,金沢,9,飲んで応援ありがとう賞Ｂ２二,1500,ダ,右,不良,曇,10,8,9,ブレッシングクライ,牡,5,56.0,510,0,平瀬城,高橋俊,,10,1:40.3,39.9,6-7-9-10,10,510,0
2024/04/09,金沢,10,宝達山開山特別Ｂ２一,1500,ダ,右,不良,曇,11,7,9,ラマジ,牝,4,54.0,444,-8,堀場裕,鈴木正,,1,1:37.0,38.5,9-10-9-3,1,444,-8
2024/04/09,金沢,10,宝達山開山特別Ｂ２一,1500,ダ,右,不良,曇,11,3,3,ガンブーツダンス,セ,0,56.0,500,-7,米倉知,中川雅,,2,1:37.7,40.6,3-3-1-2,2,500,-7
2024/04/09,金沢,10,宝達山開山特別Ｂ２一,1500,ダ,右,不良,曇,11,6,7,ブルーコンパクタ,牡,8,56.0,472,-6,甲賀弘,井樋一,,3,1:37.9,40.6,4-4-1-1,3,472,-6
2024/04/09,金沢,10,宝達山開山特別Ｂ２一,1500,ダ,右,不良,曇,11,1,1,トゥモローアンセム,セ,0,56.0,452,3,田知弘,中川雅,,4,1:38.2,40.3,5-5-5-5,9,452,3
2024/04/09,金沢,10,宝達山開山特別Ｂ２一,1500,ダ,右,不良,曇,11,7,8,イズジョーアーサー,牡,5,56.0,498,-8,中島龍,金田一,,5,1:38.3,40.5,9-9-3-3,5,498,-8
2024/04/09,金沢,10,宝達山開山特別Ｂ２一,1500,ダ,右,不良,曇,11,5,5,スマイルセンプー,牡,4,56.0,487,3,柴田勇,金田一,,6,1:38.3,40.3,7-7-6-6,10,487,3
2024/04/09,金沢,10,宝達山開山特別Ｂ２一,1500,ダ,右,不良,曇,11,4,4,サンレイファイト,牡,8,56.0,469,-10,鈴木太,井樋一,,7,1:38.3,40.3,8-6-8-7,6,469,-10
2024/04/09,金沢,10,宝達山開山特別Ｂ２一,1500,ダ,右,不良,曇,11,6,6,セイグッドバイ,牝,5,54.0,483,2,兼子千,高橋優,,8,1:39.1,40.8,6-7-10-8,11,483,2
2024/04/09,金沢,10,宝達山開山特別Ｂ２一,1500,ダ,右,不良,曇,11,8,10,レインボーヒル,牡,6,56.0,460,3,魚住謙,高橋優,,9,1:40.0,40.5,11-11-11-11,8,460,3
2024/04/09,金沢,10,宝達山開山特別Ｂ２一,1500,ダ,右,不良,曇,11,2,2,アンダーレ,セ,0,56.0,443,2,栗原大,菅原欣,,10,1:41.6,43.9,2-2-7-9,4,443,2
2024/04/09,金沢,10,宝達山開山特別Ｂ２一,1500,ダ,右,不良,曇,11,8,11,ブーゲンビリア,牝,6,54.0,436,6,吉田晃,高橋俊,,11,1:42.4,45.0,1-1-3-10,7,436,6
2024/04/09,金沢,11,スマホからポイントで投票！楽天競馬Ａ１二,1700,ダ,右,不良,曇,6,4,4,ハクサンアマゾネス,牝,7,54.0,453,-5,堀場裕,加藤義,,1,1:48.4,39.3,1-1-1-1,1,453,-5
2024/04/09,金沢,11,スマホからポイントで投票！楽天競馬Ａ１二,1700,ダ,右,不良,曇,6,6,6,ガムラン,牡,6,56.0,533,1,吉田晃,佐藤茂,,2,1:49.8,40.5,2-2-2-2,3,533,1
2024/04/09,金沢,11,スマホからポイントで投票！楽天競馬Ａ１二,1700,ダ,右,不良,曇,6,3,3,フォルベルール,牡,6,56.0,530,5,松戸政,井樋一,,3,1:50.3,39.9,4-4-4-4,2,530,5
2024/04/09,金沢,11,スマホからポイントで投票！楽天競馬Ａ１二,1700,ダ,右,不良,曇,6,5,5,フミタツティンクル,牝,8,54.0,453,-15,兼子千,宗綱泰,,4,1:50.4,40.6,3-3-3-3,4,453,-15
2024/04/09,金沢,11,スマホからポイントで投票！楽天競馬Ａ１二,1700,ダ,右,不良,曇,6,1,1,ナムラアラシ,牡,11,56.0,526,-2,鈴木太,川添明,,5,1:50.6,39.9,5-5-5-5,5,526,-2
2024/04/09,金沢,11,スマホからポイントで投票！楽天競馬Ａ１二,1700,ダ,右,不良,曇,6,2,2,パディオアヘッド,セ,0,56.0,495,1,平瀬城,川添明,,6,1:54.5,38.3,6-6-6-6,6,495,1
2024/04/15,金沢,1,３歳Ｂ４,1400,ダ,右,良,晴,11,2,2,バスターショット,セ,0,56.0,424,-6,葛山晃,高橋俊,,1,1:32.4,40.0,4-4-1-1,1,424,-6
2024/04/15,金沢,1,３歳Ｂ４,1400,ダ,右,良,晴,11,3,3,レモンスフレ,牝,3,54.0,416,-4,堀場裕,加藤和,,2,1:32.6,40.5,1-1-1-2,7,416,-4
2024/04/15,金沢,1,３歳Ｂ４,1400,ダ,右,良,晴,11,4,4,ムゲーテスペランサ,牝,3,54.0,462,2,吉田晃,佐藤茂,,3,1:33.5,40.5,5-6-5-3,2,462,2
2024/04/15,金沢,1,３歳Ｂ４,1400,ダ,右,良,晴,11,5,5,アイノユメテーラー,牝,3,54.0,458,-3,田知弘,中川雅,,4,1:34.1,40.5,6-7-7-6,10,458,-3
2024/04/15,金沢,1,３歳Ｂ４,1400,ダ,右,良,晴,11,7,8,ナックエクスプレス,牝,3,53.0,422,9,加藤翔,中川雅,,5,1:34.3,40.3,6-9-8-8,5,422,9
2024/04/15,金沢,1,３歳Ｂ４,1400,ダ,右,良,晴,11,6,7,ラストヒロイン,牝,3,54.0,449,5,米倉知,加藤和,,6,1:34.3,39.3,10-10-10-9,3,449,5
2024/04/15,金沢,1,３歳Ｂ４,1400,ダ,右,良,晴,11,1,1,モズクマチー,牝,3,54.0,469,0,中島龍,加藤和,,7,1:34.5,41.5,8-5-5-6,6,469,0
2024/04/15,金沢,1,３歳Ｂ４,1400,ダ,右,良,晴,11,8,11,アオイエクラタン,牝,3,54.0,402,8,鈴木太,加藤義,,8,1:35.0,42.6,3-3-3-4,9,402,8
2024/04/15,金沢,1,３歳Ｂ４,1400,ダ,右,良,晴,11,6,6,ドレッドステータス,牝,3,54.0,456,4,甲賀弘,田嶋幸,,9,1:35.5,43.2,2-2-3-5,4,456,4
2024/04/15,金沢,1,３歳Ｂ４,1400,ダ,右,良,晴,11,7,9,サンサンサンキュー,牡,3,56.0,476,5,兼子千,菅原欣,,10,1:35.6,40.1,11-11-11-10,11,476,5
2024/04/15,金沢,1,３歳Ｂ４,1400,ダ,右,良,晴,11,8,10,ルリシャンティ,牝,3,54.0,450,-5,沖静男,田嶋幸,,11,1:36.6,42.6,9-8-9-10,8,450,-5
2024/04/15,金沢,2,３歳Ｂ３,1400,ダ,右,良,晴,8,3,3,ユイノグランコード,牡,3,56.0,478,3,中島龍,加藤和,,1,1:33.0,39.7,1-1-1-1,1,478,3
2024/04/15,金沢,2,３歳Ｂ３,1400,ダ,右,良,晴,8,2,2,ヨメニケイゴ,牝,3,54.0,434,-6,栗原大,菅原欣,,2,1:33.6,39.6,4-3-3-2,6,434,-6
2024/04/15,金沢,2,３歳Ｂ３,1400,ダ,右,良,晴,8,5,5,フューゲイシャス,牡,3,56.0,458,4,魚住謙,田嶋幸,,3,1:34.1,40.4,2-2-2-3,3,458,4
2024/04/15,金沢,2,３歳Ｂ３,1400,ダ,右,良,晴,8,6,6,ラブリネス,牝,3,54.0,363,-3,堀場裕,加藤義,,4,1:34.2,40.0,6-5-5-4,2,363,-3
2024/04/15,金沢,2,３歳Ｂ３,1400,ダ,右,良,晴,8,8,8,カレンバンブー,牝,3,53.0,410,5,加藤翔,中川雅,,5,1:34.3,39.6,5-6-6-5,4,410,5
2024/04/15,金沢,2,３歳Ｂ３,1400,ダ,右,良,晴,8,7,7,キセキノクニ,セ,0,56.0,436,-5,甲賀弘,川添明,,6,1:34.6,40.5,3-4-4-6,8,436,-5
2024/04/15,金沢,2,３歳Ｂ３,1400,ダ,右,良,晴,8,4,4,ボルドーエゾンス,牝,3,54.0,401,-7,葛山晃,高橋俊,,7,1:34.6,39.6,7-7-7-6,7,401,-7
2024/04/15,金沢,2,３歳Ｂ３,1400,ダ,右,良,晴,8,1,1,ミスヒノクニ,牝,3,54.0,465,6,吉田晃,佐藤茂,,8,1:37.5,41.5,8-8-8-8,5,465,6
2024/04/15,金沢,3,Ｃ１六,1400,ダ,右,良,晴,6,1,1,フェイマスグローリ,牡,4,56.0,521,0,吉田晃,佐藤茂,,1,1:30.4,37.8,1-1-1-1,2,521,0
2024/04/15,金沢,3,Ｃ１六,1400,ダ,右,良,晴,6,3,3,マクシミリアン,牡,6,56.0,473,-5,甲賀弘,高橋俊,,2,1:30.5,37.5,4-3-3-1,1,473,-5
2024/04/15,金沢,3,Ｃ１六,1400,ダ,右,良,晴,6,2,2,ステイグリーン,牡,8,56.0,537,2,平瀬城,黒木豊,,3,1:32.1,39.5,2-2-1-3,4,537,2
2024/04/15,金沢,3,Ｃ１六,1400,ダ,右,良,晴,6,5,5,サウスシーパール,牡,4,56.0,467,-2,栗原大,菅原欣,,4,1:32.2,39.0,5-5-4-4,3,467,-2
2024/04/15,金沢,3,Ｃ１六,1400,ダ,右,良,晴,6,6,6,ツウカイステラ,牝,8,54.0,460,8,兼子千,宗綱泰,,5,1:32.5,38.9,6-6-6-6,6,460,8
2024/04/15,金沢,3,Ｃ１六,1400,ダ,右,良,晴,6,4,4,カワカミアンフィニ,牝,4,54.0,415,-1,田知弘,中川雅,,6,1:32.7,39.6,3-4-4-5,5,415,-1
2024/04/15,金沢,4,Ｃ１五,1400,ダ,右,良,晴,9,5,5,ヴィトラス,セ,0,56.0,451,-4,葛山晃,高橋俊,,1,1:31.2,39.8,1-1-1-1,5,451,-4
2024/04/15,金沢,4,Ｃ１五,1400,ダ,右,良,晴,9,8,8,グッドラックスター,牝,7,54.0,467,6,堀場裕,鈴木正,,2,1:31.8,39.4,5-4-5-4,4,467,6
2024/04/15,金沢,4,Ｃ１五,1400,ダ,右,良,晴,9,2,2,オミワタリ,牡,5,56.0,484,8,甲賀弘,田嶋幸,,3,1:32.0,39.4,6-6-6-6,6,484,8
2024/04/15,金沢,4,Ｃ１五,1400,ダ,右,良,晴,9,4,4,レイワガンタン,セ,0,56.0,449,7,吉田晃,佐藤茂,,4,1:32.0,40.0,1-2-2-2,2,449,7
2024/04/15,金沢,4,Ｃ１五,1400,ダ,右,良,晴,9,6,6,ドンアルゴス,牡,9,55.0,514,-10,加藤翔,中川雅,,5,1:32.2,40.0,8-7-3-5,1,514,-10
2024/04/15,金沢,4,Ｃ１五,1400,ダ,右,良,晴,9,7,7,レッドフェリーチェ,牝,7,54.0,466,10,栗原大,菅原欣,,6,1:32.4,40.1,3-3-4-3,3,466,10
2024/04/15,金沢,4,Ｃ１五,1400,ダ,右,良,晴,9,1,1,シュネルン,牝,7,54.0,458,-3,米倉知,高橋俊,,7,1:32.5,39.9,4-5-6-6,7,458,-3
2024/04/15,金沢,4,Ｃ１五,1400,ダ,右,良,晴,9,8,9,デンドロビウム,牝,5,54.0,452,-1,兼子千,宗綱泰,,8,1:33.4,40.5,6-8-8-8,8,452,-1
2024/04/15,金沢,4,Ｃ１五,1400,ダ,右,良,晴,9,3,3,エクメディダイヤ,牡,5,56.0,0,0,中島龍,金田一,,,,,,,0,0
2024/04/15,金沢,5,第一回アイドルドリーム杯３歳Ｂ２,1400,ダ,右,良,晴,9,4,4,ロングレジリエント,牡,3,56.0,436,4,米倉知,藤田弘,,1,1:32.8,39.8,2-2-2-1,1,436,4
2024/04/15,金沢,5,第一回アイドルドリーム杯３歳Ｂ２,1400,ダ,右,良,晴,9,1,1,オーデンリッキー,牝,3,54.0,450,3,栗原大,高橋俊,,2,1:33.3,40.3,1-1-1-2,4,450,3
2024/04/15,金沢,5,第一回アイドルドリーム杯３歳Ｂ２,1400,ダ,右,良,晴,9,5,5,ハセケンザン,牡,3,56.0,535,5,吉田晃,野田幸,,3,1:33.4,39.7,5-6-3-3,3,535,5
2024/04/15,金沢,5,第一回アイドルドリーム杯３歳Ｂ２,1400,ダ,右,良,晴,9,7,7,セイウンラビリンス,牡,3,56.0,480,0,沖静男,川添明,,4,1:34.7,41.0,6-4-4-4,2,480,0
2024/04/15,金沢,5,第一回アイドルドリーム杯３歳Ｂ２,1400,ダ,右,良,晴,9,6,6,センベロ,牝,3,54.0,380,-2,松戸政,藤田弘,,5,1:34.8,40.8,4-3-5-5,6,380,-2
2024/04/15,金沢,5,第一回アイドルドリーム杯３歳Ｂ２,1400,ダ,右,良,晴,9,8,9,アイヲサケブオトコ,牡,3,56.0,471,4,鈴木太,加藤和,,6,1:35.0,40.8,3-5-6-7,5,471,4
2024/04/15,金沢,5,第一回アイドルドリーム杯３歳Ｂ２,1400,ダ,右,良,晴,9,8,8,インスタントラバー,牝,3,54.0,449,-6,兼子千,宗綱泰,,7,1:35.0,40.3,6-7-7-6,7,449,-6
2024/04/15,金沢,5,第一回アイドルドリーム杯３歳Ｂ２,1400,ダ,右,良,晴,9,2,2,ハーバーフロント,牝,3,54.0,0,0,田知弘,金田一,,,,,,,0,0
2024/04/15,金沢,5,第一回アイドルドリーム杯３歳Ｂ２,1400,ダ,右,良,晴,9,3,3,ムーンロゼ,牝,3,54.0,0,0,柴田勇,金田一,,,,,,,0,0
2024/04/15,金沢,6,パープルサファイア特別３歳Ｂ１,1400,ダ,右,良,晴,10,7,7,フレールサンク,牡,3,56.0,500,-3,吉原寛,加藤義,,1,1:32.2,40.2,1-1-1-1,3,500,-3
2024/04/15,金沢,6,パープルサファイア特別３歳Ｂ１,1400,ダ,右,良,晴,10,8,10,アクス,牝,3,54.0,415,-10,吉田晃,佐藤茂,,2,1:33.0,40.5,2-2-2-2,4,415,-10
2024/04/15,金沢,6,パープルサファイア特別３歳Ｂ１,1400,ダ,右,良,晴,10,7,8,ジークアスリート,牡,3,56.0,419,0,栗原大,菅原欣,,3,1:33.3,40.4,4-4-4-3,7,419,0
2024/04/15,金沢,6,パープルサファイア特別３歳Ｂ１,1400,ダ,右,良,晴,10,1,1,シェルターベルト,牝,3,54.0,465,-2,魚住謙,高橋俊,,4,1:33.3,40.1,10-10-6-5,1,465,-2
2024/04/15,金沢,6,パープルサファイア特別３歳Ｂ１,1400,ダ,右,良,晴,10,8,9,ベアビー,牝,3,54.0,476,10,田知弘,加藤和,,5,1:33.3,40.7,3-3-4-6,8,476,10
2024/04/15,金沢,6,パープルサファイア特別３歳Ｂ１,1400,ダ,右,良,晴,10,6,6,センタービット,牡,3,56.0,422,5,中島龍,高橋俊,,6,1:34.1,41.6,7-6-3-4,2,422,5
2024/04/15,金沢,6,パープルサファイア特別３歳Ｂ１,1400,ダ,右,良,晴,10,5,5,ミュークロア,牝,3,54.0,409,-8,葛山晃,高橋俊,,7,1:34.1,40.7,7-8-8-9,9,409,-8
2024/04/15,金沢,6,パープルサファイア特別３歳Ｂ１,1400,ダ,右,良,晴,10,4,4,エイシンソナタ,牝,3,54.0,418,5,兼子千,菅原欣,,8,1:34.3,40.8,7-9-9-8,10,418,5
2024/04/15,金沢,6,パープルサファイア特別３歳Ｂ１,1400,ダ,右,良,晴,10,2,2,ミラクルカカオ,牝,3,53.0,395,-11,加藤翔,加藤義,,9,1:34.8,41.8,6-5-7-7,6,395,-11
2024/04/15,金沢,6,パープルサファイア特別３歳Ｂ１,1400,ダ,右,良,晴,10,3,3,ベストブラボー,牝,3,54.0,430,-7,平瀬城,鈴木正,,10,1:34.9,41.2,5-7-10-10,5,430,-7
2024/04/15,金沢,7,能登半島地震復興支援杯１１Ｃ１四,1500,ダ,右,良,晴,8,3,3,ワラッテユルシテ,牝,4,54.0,528,8,栗原大,井樋一,,1,1:38.3,40.3,5-3-3-3,1,528,8
2024/04/15,金沢,7,能登半島地震復興支援杯１１Ｃ１四,1500,ダ,右,良,晴,8,4,4,ヘニーイクシード,セ,0,55.0,470,8,加藤翔,井樋一,,2,1:38.4,40.8,2-2-2-1,5,470,8
2024/04/15,金沢,7,能登半島地震復興支援杯１１Ｃ１四,1500,ダ,右,良,晴,8,1,1,ステイクロース,セ,0,56.0,438,6,柴田勇,井樋一,,3,1:39.2,40.8,5-5-5-4,4,438,6
2024/04/15,金沢,7,能登半島地震復興支援杯１１Ｃ１四,1500,ダ,右,良,晴,8,2,2,エムオータイショウ,牡,8,56.0,516,7,中島龍,佐藤茂,,4,1:39.6,42.1,1-1-1-1,2,516,7
2024/04/15,金沢,7,能登半島地震復興支援杯１１Ｃ１四,1500,ダ,右,良,晴,8,7,7,スタールーズベルト,牡,4,56.0,469,-5,葛山晃,藤田弘,,5,1:39.8,41.6,3-4-4-5,6,469,-5
2024/04/15,金沢,7,能登半島地震復興支援杯１１Ｃ１四,1500,ダ,右,良,晴,8,8,8,ティアン,牝,4,54.0,428,1,吉田晃,佐藤茂,,6,1:40.5,42.0,5-7-5-6,3,428,1
2024/04/15,金沢,7,能登半島地震復興支援杯１１Ｃ１四,1500,ダ,右,良,晴,8,5,5,シゲルシチフクジン,牝,12,54.0,444,0,沖静男,川添明,,7,1:40.8,41.9,8-8-7-7,7,444,0
2024/04/15,金沢,7,能登半島地震復興支援杯１１Ｃ１四,1500,ダ,右,良,晴,8,6,6,エイシンシルエット,牝,6,54.0,476,0,田知弘,室井眞,,8,1:41.2,41.9,4-6-8-8,8,476,0
2024/04/15,金沢,8,プロボウラー岩見彩乃★生誕記念Ｃ１三,1500,ダ,右,良,晴,7,6,6,バルドルブレイン,牡,6,56.0,504,6,吉原寛,加藤義,,1,1:36.5,38.1,3-1-1-1,1,504,6
2024/04/15,金沢,8,プロボウラー岩見彩乃★生誕記念Ｃ１三,1500,ダ,右,良,晴,7,2,2,フェスティヴノンノ,牝,6,54.0,449,-7,米倉知,加藤和,,2,1:37.7,38.6,1-2-2-2,2,449,-7
2024/04/15,金沢,8,プロボウラー岩見彩乃★生誕記念Ｃ１三,1500,ダ,右,良,晴,7,1,1,エイシンウィンク,牝,6,54.0,430,2,松戸政,菅原欣,,3,1:38.3,39.2,4-4-3-3,3,430,2
2024/04/15,金沢,8,プロボウラー岩見彩乃★生誕記念Ｃ１三,1500,ダ,右,良,晴,7,3,3,ユキゲショウ,牝,5,54.0,458,4,沖静男,川添明,,4,1:38.7,39.2,5-5-4-4,4,458,4
2024/04/15,金沢,8,プロボウラー岩見彩乃★生誕記念Ｃ１三,1500,ダ,右,良,晴,7,7,7,コパノピッチング,牡,6,56.0,510,3,堀場裕,鋤田誠,,5,1:39.7,39.8,5-6-6-5,5,510,3
2024/04/15,金沢,8,プロボウラー岩見彩乃★生誕記念Ｃ１三,1500,ダ,右,良,晴,7,4,4,ジェイケイヒロイン,牝,8,53.0,445,4,加藤翔,井樋一,,6,1:40.3,40.6,2-3-5-6,6,445,4
2024/04/15,金沢,8,プロボウラー岩見彩乃★生誕記念Ｃ１三,1500,ダ,右,良,晴,7,5,5,ヒロノランマン,セ,0,56.0,0,0,柴田勇,金田一,,,,,,,0,0
2024/04/15,金沢,9,ピンクバラ賞Ｂ１二以下牝馬,1500,ダ,右,良,晴,7,5,5,ブーケドフルール,牝,6,53.0,430,1,加藤翔,加藤義,,1,1:37.5,38.7,5-5-5-5,5,430,1
2024/04/15,金沢,9,ピンクバラ賞Ｂ１二以下牝馬,1500,ダ,右,良,晴,7,1,1,デルマセイレーン,牝,5,54.0,444,-2,堀場裕,加藤義,,2,1:37.8,39.9,1-1-1-1,4,444,-2
2024/04/15,金沢,9,ピンクバラ賞Ｂ１二以下牝馬,1500,ダ,右,良,晴,7,2,2,ジェネラルエリア,牝,7,54.0,486,7,松戸政,井樋一,,3,1:37.9,39.7,4-4-4-2,3,486,7
2024/04/15,金沢,9,ピンクバラ賞Ｂ１二以下牝馬,1500,ダ,右,良,晴,7,3,3,リパリス,牝,6,54.0,457,6,吉原寛,井樋一,,4,1:38.3,40.1,3-3-3-4,1,457,6
2024/04/15,金沢,9,ピンクバラ賞Ｂ１二以下牝馬,1500,ダ,右,良,晴,7,6,6,フェイマスアレグロ,牝,4,54.0,425,-1,吉田晃,佐藤茂,,5,1:38.4,40.3,2-2-2-3,2,425,-1
2024/04/15,金沢,9,ピンクバラ賞Ｂ１二以下牝馬,1500,ダ,右,良,晴,7,7,7,カレイジャス,牝,4,54.0,438,0,中島龍,藤田弘,,6,1:38.9,39.7,6-6-6-6,6,438,0
2024/04/15,金沢,9,ピンクバラ賞Ｂ１二以下牝馬,1500,ダ,右,良,晴,7,4,4,ピースイギー,牝,5,54.0,0,0,田知弘,金田一,,,,,,,0,0
2024/04/15,金沢,10,能登半島地震復興支援特別１２Ｂ１一,1500,ダ,右,良,曇,8,4,4,クールドレーヌ,牝,5,54.0,415,-1,米倉知,高橋俊,,1,1:36.9,38.8,3-3-2-2,1,415,-1
2024/04/15,金沢,10,能登半島地震復興支援特別１２Ｂ１一,1500,ダ,右,良,曇,8,7,7,ベルウッドムサシ,牡,4,55.0,461,3,加藤翔,加藤義,,2,1:37.0,39.0,2-2-2-2,2,461,3
2024/04/15,金沢,10,能登半島地震復興支援特別１２Ｂ１一,1500,ダ,右,良,曇,8,3,3,ピエナパプリカ,牡,6,56.0,487,-5,栗原大,鋤田誠,,3,1:37.1,38.6,4-4-4-4,7,487,-5
2024/04/15,金沢,10,能登半島地震復興支援特別１２Ｂ１一,1500,ダ,右,良,曇,8,6,6,クリノヒビキ,セ,0,56.0,521,-1,葛山晃,井樋一,,4,1:37.5,38.0,8-8-6-5,4,521,-1
2024/04/15,金沢,10,能登半島地震復興支援特別１２Ｂ１一,1500,ダ,右,良,曇,8,8,8,ホイッスルベイト,牝,5,54.0,449,-1,平瀬城,高橋俊,,5,1:37.8,41.1,1-1-1-1,3,449,-1
2024/04/15,金沢,10,能登半島地震復興支援特別１２Ｂ１一,1500,ダ,右,良,曇,8,1,1,クラウドクラスター,牡,5,56.0,497,-4,吉田晃,佐藤茂,,6,1:38.7,39.6,6-6-5-6,5,497,-4
2024/04/15,金沢,10,能登半島地震復興支援特別１２Ｂ１一,1500,ダ,右,良,曇,8,5,5,ピンクビジョン,牝,4,54.0,421,0,田知弘,加藤和,,7,1:39.0,39.5,4-5-6-7,8,421,0
2024/04/15,金沢,10,能登半島地震復興支援特別１２Ｂ１一,1500,ダ,右,良,曇,8,2,2,ヴィルベッピンサン,牝,5,54.0,467,-7,魚住謙,鋤田誠,,8,1:39.3,39.2,6-7-8-8,6,467,-7
2024/04/15,金沢,11,金沢競馬開幕！楽天競馬で楽しもう特Ａ２二,1400,ダ,右,良,曇,10,7,8,アリアージュ,牡,4,56.0,439,-6,中島龍,加藤和,,1,1:29.8,38.8,1-1-1-1,4,439,-6
2024/04/15,金沢,11,金沢競馬開幕！楽天競馬で楽しもう特Ａ２二,1400,ダ,右,良,曇,10,8,10,オーミテンペスト,牡,6,56.0,459,3,柴田勇,中川雅,,2,1:30.4,39.1,2-2-2-2,2,459,3
2024/04/15,金沢,11,金沢競馬開幕！楽天競馬で楽しもう特Ａ２二,1400,ダ,右,良,曇,10,5,5,ガクチカキッズ,牡,10,56.0,471,-8,吉原寛,井樋一,,3,1:30.8,38.0,9-9-4-3,1,471,-8
2024/04/15,金沢,11,金沢競馬開幕！楽天競馬で楽しもう特Ａ２二,1400,ダ,右,良,曇,10,4,4,エムティヒビキ,セ,0,56.0,412,3,栗原大,高橋優,,4,1:31.5,38.8,4-4-4-3,9,412,3
2024/04/15,金沢,11,金沢競馬開幕！楽天競馬で楽しもう特Ａ２二,1400,ダ,右,良,曇,10,6,6,エムオージェネラル,牡,4,56.0,476,-7,吉田晃,佐藤茂,,5,1:31.9,39.1,5-6-4-6,7,476,-7
2024/04/15,金沢,11,金沢競馬開幕！楽天競馬で楽しもう特Ａ２二,1400,ダ,右,良,曇,10,7,7,グランメゾン,牝,5,54.0,440,-7,兼子千,宗綱泰,,6,1:32.1,39.4,8-6-4-5,5,440,-7
2024/04/15,金沢,11,金沢競馬開幕！楽天競馬で楽しもう特Ａ２二,1400,ダ,右,良,曇,10,1,1,マイネルヘリテージ,牡,5,55.0,424,-2,加藤翔,井樋一,,7,1:32.5,39.5,6-5-8-8,3,424,-2
2024/04/15,金沢,11,金沢競馬開幕！楽天競馬で楽しもう特Ａ２二,1400,ダ,右,良,曇,10,3,3,クリノアンカーマン,セ,0,56.0,468,-15,松戸政,田嶋幸,,8,1:33.2,40.0,7-6-9-9,6,468,-15
2024/04/15,金沢,11,金沢競馬開幕！楽天競馬で楽しもう特Ａ２二,1400,ダ,右,良,曇,10,8,9,ルナエルモッサ,牝,5,54.0,433,5,魚住謙,川添明,,9,1:33.3,41.0,3-3-3-7,8,433,5
2024/04/15,金沢,11,金沢競馬開幕！楽天競馬で楽しもう特Ａ２二,1400,ダ,右,良,曇,10,2,2,アルティスタエース,牡,9,56.0,0,0,堀場裕,井樋一,,,,,,,0,0
2024/04/16,金沢,1,３歳Ｂ５,1400,ダ,右,稍重,曇,8,4,4,ロックシティボーイ,牡,3,56.0,442,-6,堀場裕,加藤和,,1,1:31.7,38.4,6-6-5-3,2,442,-6
2024/04/16,金沢,1,３歳Ｂ５,1400,ダ,右,稍重,曇,8,7,7,スノーソフィー,牝,3,54.0,0,0,田知弘,中川雅,,2,1:31.7,39.3,3-3-1-1,1,0,0
2024/04/16,金沢,1,３歳Ｂ５,1400,ダ,右,稍重,曇,8,1,1,トリプレッタ,牝,3,54.0,488,26,甲賀弘,高橋俊,,3,1:31.8,39.0,4-4-4-2,3,488,26
2024/04/16,金沢,1,３歳Ｂ５,1400,ダ,右,稍重,曇,8,8,8,オープンソース,牝,3,54.0,437,-7,沖静男,川添明,,4,1:33.5,39.7,7-7-7-8,7,437,-7
2024/04/16,金沢,1,３歳Ｂ５,1400,ダ,右,稍重,曇,8,5,5,ランフォーリリーズ,牝,3,54.0,406,0,魚住謙,高橋優,,5,1:34.0,40.5,5-5-6-5,8,406,0
2024/04/16,金沢,1,３歳Ｂ５,1400,ダ,右,稍重,曇,8,6,6,アオイカメリア,牝,3,54.0,425,5,鈴木太,加藤義,,6,1:34.5,40.2,8-8-8-6,5,425,5
2024/04/16,金沢,1,３歳Ｂ５,1400,ダ,右,稍重,曇,8,2,2,リベラメ,牝,3,53.0,523,31,加藤翔,加藤義,,7,1:35.8,43.5,1-1-1-4,4,523,31
2024/04/16,金沢,1,３歳Ｂ５,1400,ダ,右,稍重,曇,8,3,3,アブデラザール,牝,3,54.0,382,16,中島龍,加藤義,,8,1:36.0,43.7,1-2-3-6,6,382,16
2024/04/16,金沢,2,３歳Ａ３,1400,ダ,右,稍重,曇,7,5,5,エザグランマ,牝,3,53.0,454,-1,加藤翔,井樋一,,1,1:31.4,39.6,2-2-2-1,5,454,-1
2024/04/16,金沢,2,３歳Ａ３,1400,ダ,右,稍重,曇,7,2,2,カミソリストレート,牡,3,56.0,468,-3,鈴木太,鈴木正,,2,1:31.5,39.9,1-1-1-1,3,468,-3
2024/04/16,金沢,2,３歳Ａ３,1400,ダ,右,稍重,曇,7,1,1,リケアリラ,牝,3,54.0,407,5,中島龍,加藤義,,3,1:31.7,39.7,3-3-3-3,6,407,5
2024/04/16,金沢,2,３歳Ａ３,1400,ダ,右,稍重,曇,7,4,4,ガンジャクィーン,牝,3,54.0,419,-2,堀場裕,中川雅,,4,1:32.1,39.8,5-4-4-4,4,419,-2
2024/04/16,金沢,2,３歳Ａ３,1400,ダ,右,稍重,曇,7,3,3,ショウナンラッシュ,牡,3,56.0,527,-2,米倉知,加藤和,,5,1:32.5,40.0,7-5-5-5,1,527,-2
2024/04/16,金沢,2,３歳Ａ３,1400,ダ,右,稍重,曇,7,7,7,ナイトプラネット,牝,3,54.0,443,-1,松戸政,井樋一,,6,1:32.6,40.1,6-7-7-6,7,443,-1
2024/04/16,金沢,2,３歳Ａ３,1400,ダ,右,稍重,曇,7,6,6,ブラヴォージャパン,牝,3,54.0,423,3,吉田晃,佐藤茂,,7,1:33.8,41.4,3-6-5-7,2,423,3
2024/04/16,金沢,3,３歳Ａ２,1400,ダ,右,稍重,曇,8,2,2,リケアマロン,牝,3,54.0,417,19,吉原寛,加藤義,,1,1:29.4,38.4,2-2-2-2,1,417,19
2024/04/16,金沢,3,３歳Ａ２,1400,ダ,右,稍重,曇,8,5,5,ガガヒャクマンゴク,牡,3,56.0,528,-5,中島龍,加藤義,,2,1:29.9,39.1,1-1-1-1,4,528,-5
2024/04/16,金沢,3,３歳Ａ２,1400,ダ,右,稍重,曇,8,4,4,ドンリュウスター,牡,3,56.0,444,4,平瀬城,高橋俊,,3,1:30.7,38.7,5-5-4-4,6,444,4
2024/04/16,金沢,3,３歳Ａ２,1400,ダ,右,稍重,曇,8,7,7,カレンアイバーソン,牡,3,56.0,459,1,松戸政,井樋一,,4,1:31.0,39.7,3-3-3-3,2,459,1
2024/04/16,金沢,3,３歳Ａ２,1400,ダ,右,稍重,曇,8,3,3,ヤマミトップワン,牡,3,56.0,461,-3,米倉知,中川雅,,5,1:31.6,39.1,7-7-7-5,3,461,-3
2024/04/16,金沢,3,３歳Ａ２,1400,ダ,右,稍重,曇,8,6,6,グルタチオンシード,牡,3,56.0,456,-7,魚住謙,鋤田誠,,6,1:31.8,39.5,8-8-5-6,7,456,-7
2024/04/16,金沢,3,３歳Ａ２,1400,ダ,右,稍重,曇,8,8,8,ティアジャーカー,牝,3,54.0,414,0,甲賀弘,黒木豊,,7,1:32.0,39.7,6-6-6-7,8,414,0
2024/04/16,金沢,3,３歳Ａ２,1400,ダ,右,稍重,曇,8,1,1,エイシンオットー,牝,3,53.0,454,1,加藤翔,中川雅,,,,,4-4-8,5,454,1
2024/04/16,金沢,4,Ｃ１八,1500,ダ,右,良,晴,8,4,4,ラインハイト,牡,7,56.0,492,1,栗原大,加藤和,,1,1:37.8,39.1,5-5-1-1,1,492,1
2024/04/16,金沢,4,Ｃ１八,1500,ダ,右,良,晴,8,2,2,レッツドゥイット,牝,5,54.0,455,-4,吉田晃,佐藤茂,,2,1:39.1,39.9,4-4-4-3,8,455,-4
2024/04/16,金沢,4,Ｃ１八,1500,ダ,右,良,晴,8,7,7,ライムワード,セ,0,56.0,527,0,平瀬城,黒木豊,,3,1:39.4,40.6,2-2-2-2,6,527,0
2024/04/16,金沢,4,Ｃ１八,1500,ダ,右,良,晴,8,1,1,ビナダラット,牝,4,54.0,434,0,堀場裕,加藤和,,4,1:39.8,39.5,6-6-8-8,4,434,0
2024/04/16,金沢,4,Ｃ１八,1500,ダ,右,良,晴,8,5,5,ウラカワノオト,牡,8,56.0,458,-2,鈴木太,加藤義,,5,1:39.9,40.5,8-8-4-5,2,458,-2
2024/04/16,金沢,4,Ｃ１八,1500,ダ,右,良,晴,8,6,6,サーストンユタ,牡,5,56.0,468,1,魚住謙,高橋俊,,6,1:40.2,40.2,6-6-7-7,3,468,1
2024/04/16,金沢,4,Ｃ１八,1500,ダ,右,良,晴,8,8,8,スイートティアラ,牝,7,54.0,421,4,柴田勇,鈴木正,,7,1:40.4,41.7,3-2-2-3,6,421,4
2024/04/16,金沢,4,Ｃ１八,1500,ダ,右,良,晴,8,3,3,アイスケイブ,牝,5,54.0,424,-1,兼子千,宗綱泰,,8,1:40.7,41.6,1-1-6-6,5,424,-1
2024/04/16,金沢,5,ゴールドシチー生誕４０周年記念Ｃ１七,1500,ダ,右,良,晴,8,4,4,ピエドラアギーラ,牡,6,56.0,476,1,米倉知,加藤和,,1,1:35.5,38.6,2-2-2-1,1,476,1
2024/04/16,金沢,5,ゴールドシチー生誕４０周年記念Ｃ１七,1500,ダ,右,良,晴,8,2,2,ヴィクターバローズ,セ,0,55.0,465,-4,加藤翔,中川雅,,2,1:36.2,39.3,1-1-1-1,2,465,-4
2024/04/16,金沢,5,ゴールドシチー生誕４０周年記念Ｃ１七,1500,ダ,右,良,晴,8,5,5,ナイトスターリリー,牝,7,54.0,451,7,堀場裕,高橋優,,3,1:38.0,40.2,5-4-4-3,3,451,7
2024/04/16,金沢,5,ゴールドシチー生誕４０周年記念Ｃ１七,1500,ダ,右,良,晴,8,6,6,グローリアステラ,牝,6,54.0,444,-1,兼子千,佐藤茂,,4,1:38.8,39.7,7-7-7-6,6,444,-1
2024/04/16,金沢,5,ゴールドシチー生誕４０周年記念Ｃ１七,1500,ダ,右,良,晴,8,8,8,アイスムーン,牝,6,54.0,446,-1,魚住謙,鋤田誠,,5,1:39.0,41.3,3-3-3-4,5,446,-1
2024/04/16,金沢,5,ゴールドシチー生誕４０周年記念Ｃ１七,1500,ダ,右,良,晴,8,3,3,カフェダイナスティ,セ,0,56.0,483,-6,栗原大,菅原欣,,6,1:39.0,40.8,6-6-6-4,4,483,-6
2024/04/16,金沢,5,ゴールドシチー生誕４０周年記念Ｃ１七,1500,ダ,右,良,晴,8,7,7,ナッシングマターズ,牡,5,56.0,504,-4,沖静男,川添明,,7,1:40.8,41.0,8-8-8-8,8,504,-4
2024/04/16,金沢,5,ゴールドシチー生誕４０周年記念Ｃ１七,1500,ダ,右,良,晴,8,1,1,ライディーン,牡,5,56.0,484,-5,平瀬城,高橋俊,,8,1:41.8,43.8,4-4-5-7,7,484,-5
2024/04/16,金沢,6,浪江祐次のパラダイスナイト杯Ｃ１二,1500,ダ,右,良,晴,6,2,2,ジェイエルフラッグ,牝,8,54.0,460,-3,米倉知,加藤和,,1,1:37.2,38.7,5-6-3-1,1,460,-3
2024/04/16,金沢,6,浪江祐次のパラダイスナイト杯Ｃ１二,1500,ダ,右,良,晴,6,3,3,カカンクオン,牡,6,56.0,433,-1,魚住謙,鈴木正,,2,1:39.1,41.0,1-1-1-2,4,433,-1
2024/04/16,金沢,6,浪江祐次のパラダイスナイト杯Ｃ１二,1500,ダ,右,良,晴,6,5,5,ブタンタン,牡,5,56.0,482,0,鈴木太,加藤和,,3,1:39.1,40.9,5-2-2-3,3,482,0
2024/04/16,金沢,6,浪江祐次のパラダイスナイト杯Ｃ１二,1500,ダ,右,良,晴,6,6,6,ジャッカルズサン,牡,4,56.0,437,-4,柴田勇,藤田弘,,4,1:39.6,41.1,3-5-4-4,5,437,-4
2024/04/16,金沢,6,浪江祐次のパラダイスナイト杯Ｃ１二,1500,ダ,右,良,晴,6,1,1,ユキノリッキー,牝,5,54.0,450,2,兼子千,宗綱泰,,5,1:39.6,40.6,3-4-5-5,2,450,2
2024/04/16,金沢,6,浪江祐次のパラダイスナイト杯Ｃ１二,1500,ダ,右,良,晴,6,4,4,チェルキオ,牡,5,56.0,468,-6,甲賀弘,室井眞,,6,1:39.8,40.9,2-3-5-6,6,468,-6
2024/04/16,金沢,7,楽天ポイントでネット投票特別Ｃ１一,1500,ダ,右,良,晴,10,7,8,ブルーアーカイブ,牡,4,56.0,514,-3,栗原大,加藤和,,1,1:37.5,39.5,3-3-2-2,1,514,-3
2024/04/16,金沢,7,楽天ポイントでネット投票特別Ｃ１一,1500,ダ,右,良,晴,10,5,5,ビッグタイマー,牡,6,56.0,475,-2,魚住謙,鋤田誠,,2,1:37.5,39.7,1-1-1-2,7,475,-2
2024/04/16,金沢,7,楽天ポイントでネット投票特別Ｃ１一,1500,ダ,右,良,晴,10,3,3,マジカルモーション,牡,4,56.0,492,1,堀場裕,中川雅,,3,1:37.9,39.6,5-5-5-4,2,492,1
2024/04/16,金沢,7,楽天ポイントでネット投票特別Ｃ１一,1500,ダ,右,良,晴,10,1,1,ワルツフォーデビー,牡,7,56.0,469,-10,平瀬城,黒木豊,,4,1:38.2,40.1,4-3-3-1,4,469,-10
2024/04/16,金沢,7,楽天ポイントでネット投票特別Ｃ１一,1500,ダ,右,良,晴,10,7,7,クイーンオブロード,牝,5,54.0,431,-4,甲賀弘,黒木豊,,5,1:38.7,39.3,8-8-8-8,10,431,-4
2024/04/16,金沢,7,楽天ポイントでネット投票特別Ｃ１一,1500,ダ,右,良,晴,10,6,6,ヴイエルジュ,牝,4,53.0,450,-4,加藤翔,加藤義,,6,1:38.9,41.0,2-2-3-6,3,450,-4
2024/04/16,金沢,7,楽天ポイントでネット投票特別Ｃ１一,1500,ダ,右,良,晴,10,8,9,エイシングレア,牝,5,54.0,463,8,兼子千,宗綱泰,,7,1:39.1,40.9,5-6-5-6,5,463,8
2024/04/16,金沢,7,楽天ポイントでネット投票特別Ｃ１一,1500,ダ,右,良,晴,10,4,4,リンクスシュウ,牡,5,56.0,458,2,鈴木太,井樋一,,8,1:39.7,41.1,7-6-7-5,9,458,2
2024/04/16,金沢,7,楽天ポイントでネット投票特別Ｃ１一,1500,ダ,右,良,晴,10,2,2,リトリーブ,牡,4,56.0,446,-6,葛山晃,菅原欣,,9,1:40.0,40.2,9-9-9-9,8,446,-6
2024/04/16,金沢,7,楽天ポイントでネット投票特別Ｃ１一,1500,ダ,右,良,晴,10,8,10,センチュリヒーロー,牡,4,56.0,418,1,米倉知,中川雅,,,,,,6,418,1
2024/04/16,金沢,8,Ｊ交 加賀手取川賞３歳中央３歳未勝利,1500,ダ,右,良,晴,8,3,3,アシャカブラン,牡,3,56.0,521,15,栗原大,大根裕,,1,1:35.7,39.3,3-3-1-1,2,521,15
2024/04/16,金沢,8,Ｊ交 加賀手取川賞３歳中央３歳未勝利,1500,ダ,右,良,晴,8,4,4,コスモモアナ,牡,3,56.0,450,-6,中島龍,宮　徹,,2,1:37.3,40.9,2-2-3-3,4,450,-6
2024/04/16,金沢,8,Ｊ交 加賀手取川賞３歳中央３歳未勝利,1500,ダ,右,良,晴,8,2,2,メネラオス,牡,3,56.0,558,6,西村淳,奥村豊,,3,1:37.4,41.2,1-1-1-2,1,558,6
2024/04/16,金沢,8,Ｊ交 加賀手取川賞３歳中央３歳未勝利,1500,ダ,右,良,晴,8,8,8,マイバンドーム,牡,3,56.0,468,-6,米倉知,天間昭,,4,1:37.4,39.1,7-7-5-6,5,468,-6
2024/04/16,金沢,8,Ｊ交 加賀手取川賞３歳中央３歳未勝利,1500,ダ,右,良,晴,8,1,1,ノブノキャット,牡,3,55.0,412,-3,加藤翔,加藤和,,5,1:37.9,39.6,5-5-5-5,6,412,-3
2024/04/16,金沢,8,Ｊ交 加賀手取川賞３歳中央３歳未勝利,1500,ダ,右,良,晴,8,6,6,ルチェッタ,牝,3,54.0,436,-6,吉原寛,青木孝,,6,1:38.2,40.5,4-4-4-4,3,436,-6
2024/04/16,金沢,8,Ｊ交 加賀手取川賞３歳中央３歳未勝利,1500,ダ,右,良,晴,8,7,7,ヤマカツピーチ,牝,3,54.0,456,22,堀場裕,谷　潔,,7,1:39.5,41.2,5-6-5-7,7,456,22
2024/04/16,金沢,8,Ｊ交 加賀手取川賞３歳中央３歳未勝利,1500,ダ,右,良,晴,8,5,5,テルケンレンテル,牡,3,56.0,490,-2,沖静男,川添明,,8,1:44.7,44.8,8-8-8-8,8,490,-2
2024/04/16,金沢,9,川崎祐次誕生日記念Ｂ１四,1500,ダ,右,良,晴,5,3,3,ハガネ,牡,4,56.0,463,1,吉原寛,藤田弘,,1,1:35.2,39.1,1-1-1-1,3,463,1
2024/04/16,金沢,9,川崎祐次誕生日記念Ｂ１四,1500,ダ,右,良,晴,5,4,4,エスカミーリョ,セ,0,56.0,477,3,吉田晃,佐藤茂,,2,1:35.7,38.8,2-2-2-2,2,477,3
2024/04/16,金沢,9,川崎祐次誕生日記念Ｂ１四,1500,ダ,右,良,晴,5,5,5,エイチエヌバンピー,牡,4,56.0,472,-2,米倉知,佐藤茂,,3,1:36.6,38.7,5-5-5-5,1,472,-2
2024/04/16,金沢,9,川崎祐次誕生日記念Ｂ１四,1500,ダ,右,良,晴,5,1,1,クールシャイン,牡,7,56.0,503,0,堀場裕,鈴木正,,4,1:36.9,39.3,3-3-3-3,5,503,0
2024/04/16,金沢,9,川崎祐次誕生日記念Ｂ１四,1500,ダ,右,良,晴,5,2,2,ノーウェイ,牡,9,56.0,517,3,平瀬城,黒木豊,,5,1:36.9,39.5,4-4-3-3,4,517,3
2024/04/16,金沢,10,能登半島地震復興支援杯１３Ｂ１三,1500,ダ,右,良,晴,7,6,6,サッキールビアノ,牡,6,55.0,495,5,加藤翔,加藤義,,1,1:36.4,39.7,5-5-2-1,1,495,5
2024/04/16,金沢,10,能登半島地震復興支援杯１３Ｂ１三,1500,ダ,右,良,晴,7,1,1,イリュージョニスト,牡,8,56.0,514,4,葛山晃,高橋俊,,2,1:36.4,40.4,1-1-1-1,4,514,4
2024/04/16,金沢,10,能登半島地震復興支援杯１３Ｂ１三,1500,ダ,右,良,晴,7,4,4,スピーディクール,セ,0,56.0,493,0,吉田晃,佐藤茂,,3,1:36.4,39.7,6-6-2-1,3,493,0
2024/04/16,金沢,10,能登半島地震復興支援杯１３Ｂ１三,1500,ダ,右,良,晴,7,5,5,コスモアシュラ,牡,6,56.0,523,7,米倉知,加藤和,,4,1:37.2,40.1,7-7-5-4,5,523,7
2024/04/16,金沢,10,能登半島地震復興支援杯１３Ｂ１三,1500,ダ,右,良,晴,7,7,7,ヤイバ,牡,5,56.0,465,-1,中島龍,加藤義,,5,1:37.8,40.9,4-4-7-6,6,465,-1
2024/04/16,金沢,10,能登半島地震復興支援杯１３Ｂ１三,1500,ダ,右,良,晴,7,2,2,シークレットグロウ,牡,5,56.0,443,1,魚住謙,鋤田誠,,6,1:39.5,42.9,2-2-4-5,7,443,1
2024/04/16,金沢,10,能登半島地震復興支援杯１３Ｂ１三,1500,ダ,右,良,晴,7,3,3,ラテントパワーズ,牡,8,56.0,530,-2,吉原寛,加藤義,,7,1:41.9,45.1,3-3-5-7,2,530,-2
2024/04/16,金沢,11,ノトキリシマツツジ特別Ａ２一,1500,ダ,右,良,晴,8,3,3,カイジンウェーヴ,牡,6,56.0,492,-2,中島龍,中川雅,,1,1:36.3,38.4,5-5-4-2,3,492,-2
2024/04/16,金沢,11,ノトキリシマツツジ特別Ａ２一,1500,ダ,右,良,晴,8,1,1,イルティモーネ,セ,0,56.0,447,9,甲賀弘,中川雅,,2,1:36.5,38.8,4-3-3-2,4,447,9
2024/04/16,金沢,11,ノトキリシマツツジ特別Ａ２一,1500,ダ,右,良,晴,8,2,2,アルカウン,牝,7,54.0,471,3,柴田勇,井樋一,,3,1:36.5,39.9,1-1-1-1,5,471,3
2024/04/16,金沢,11,ノトキリシマツツジ特別Ａ２一,1500,ダ,右,良,晴,8,7,7,フラッグアドミラル,牡,10,56.0,485,0,堀場裕,中川雅,,4,1:36.6,39.2,2-2-2-4,1,485,0
2024/04/16,金沢,11,ノトキリシマツツジ特別Ａ２一,1500,ダ,右,良,晴,8,8,8,ミオソフィア,牝,4,53.0,400,2,加藤翔,中川雅,,5,1:36.9,38.9,3-4-5-5,7,400,2
2024/04/16,金沢,11,ノトキリシマツツジ特別Ａ２一,1500,ダ,右,良,晴,8,5,5,キョウエイロナ,牝,6,54.0,446,7,吉原寛,加藤和,,6,1:37.1,39.1,7-6-5-6,2,446,7
2024/04/16,金沢,11,ノトキリシマツツジ特別Ａ２一,1500,ダ,右,良,晴,8,6,6,ウインオーサム,セ,0,56.0,454,5,沖静男,川添明,,7,1:37.9,39.6,5-8-7-7,6,454,5
2024/04/16,金沢,11,ノトキリシマツツジ特別Ａ２一,1500,ダ,右,良,晴,8,4,4,マノンルージュ,牡,5,56.0,468,-7,魚住謙,鈴木正,,8,1:40.4,42.1,8-7-7-8,8,468,-7
2024/04/16,金沢,12,ノトキリシマ賞３歳牝馬,1500,ダ,右,良,晴,9,2,2,ハリウッドスマイル,牝,3,54.0,433,1,米倉知,中川雅,,1,1:35.5,39.5,2-2-1-1,1,433,1
2024/04/16,金沢,12,ノトキリシマ賞３歳牝馬,1500,ダ,右,良,晴,9,7,7,エムティトップ,牝,3,54.0,398,-6,吉田晃,佐藤茂,,2,1:36.7,40.2,6-6-4-2,3,398,-6
2024/04/16,金沢,12,ノトキリシマ賞３歳牝馬,1500,ダ,右,良,晴,9,6,6,レーヴァローゼ,牝,3,54.0,406,6,栗原大,藤田弘,,3,1:37.8,39.4,8-8-8-6,7,406,6
2024/04/16,金沢,12,ノトキリシマ賞３歳牝馬,1500,ダ,右,良,晴,9,8,8,トルピード,牝,3,54.0,434,-6,中島龍,高橋俊,,4,1:38.3,42.3,1-1-2-3,2,434,-6
2024/04/16,金沢,12,ノトキリシマ賞３歳牝馬,1500,ダ,右,良,晴,9,5,5,スターマンモス,牝,3,54.0,470,-5,吉原寛,藤田弘,,5,1:38.3,42.0,2-3-3-4,4,470,-5
2024/04/16,金沢,12,ノトキリシマ賞３歳牝馬,1500,ダ,右,良,晴,9,8,9,モモダンゴ,牝,3,54.0,410,8,兼子千,宗綱泰,,6,1:38.9,40.9,7-7-7-5,6,410,8
2024/04/16,金沢,12,ノトキリシマ賞３歳牝馬,1500,ダ,右,良,晴,9,3,3,パープルビューティ,牝,3,54.0,426,-3,堀場裕,中川雅,,7,1:41.7,41.8,9-9-9-9,8,426,-3
2024/04/16,金沢,12,ノトキリシマ賞３歳牝馬,1500,ダ,右,良,晴,9,4,4,サンヨウアカヘル,牝,3,54.0,443,16,甲賀弘,田嶋幸,,8,1:43.4,46.6,4-4-6-7,9,443,16
2024/04/16,金沢,12,ノトキリシマ賞３歳牝馬,1500,ダ,右,良,晴,9,1,1,ラシェンテ,牝,3,54.0,429,-5,沖静男,井樋一,,,,,5-4-5-8,5,429,-5
2024/04/21,金沢,1,Ｃ２十一,1400,ダ,右,良,曇,7,3,3,ジェミースター,牝,4,54.0,417,-3,堀場裕,高橋優,,1,1:33.8,40.3,4-4-3-2,1,417,-3
2024/04/21,金沢,1,Ｃ２十一,1400,ダ,右,良,曇,7,4,4,ウインドメイヒメ,牝,4,54.0,432,9,栗原大,野田幸,,2,1:34.3,40.1,6-5-5-5,3,432,9
2024/04/21,金沢,1,Ｃ２十一,1400,ダ,右,良,曇,7,1,1,アンクルテイオウ,牡,8,56.0,496,6,吉田晃,鈴木正,,3,1:34.4,41.3,2-2-2-3,5,496,6
2024/04/21,金沢,1,Ｃ２十一,1400,ダ,右,良,曇,7,6,6,スウィートイレブン,牝,7,54.0,444,5,松戸政,田嶋幸,,4,1:34.5,40.7,2-3-4-4,4,444,5
2024/04/21,金沢,1,Ｃ２十一,1400,ダ,右,良,曇,7,2,2,オールマイフレンズ,牝,6,54.0,456,6,中島龍,中川雅,,5,1:34.6,41.8,1-1-1-1,2,456,6
2024/04/21,金沢,1,Ｃ２十一,1400,ダ,右,良,曇,7,5,5,スカーレットリボン,牝,8,54.0,422,0,兼子千,高橋道,,6,1:34.9,40.0,7-7-6-6,6,422,0
2024/04/21,金沢,1,Ｃ２十一,1400,ダ,右,良,曇,7,7,7,カジノノーブル,牡,11,56.0,403,-4,甲賀弘,黒木豊,,7,1:35.0,40.2,5-6-6-7,7,403,-4
2024/04/21,金沢,2,ふうり会馬サー盃☆楓裏＆めぶきＷ生Ｃ２十,1400,ダ,右,良,曇,9,6,6,ケレンシア,牝,4,54.0,489,0,平瀬城,川添明,,1,1:32.0,38.2,2-2-2-2,1,489,0
2024/04/21,金沢,2,ふうり会馬サー盃☆楓裏＆めぶきＷ生Ｃ２十,1400,ダ,右,良,曇,9,1,1,テリオスカイ,牡,4,56.0,515,5,中島龍,加藤和,,2,1:32.6,39.2,1-1-1-1,4,515,5
2024/04/21,金沢,2,ふうり会馬サー盃☆楓裏＆めぶきＷ生Ｃ２十,1400,ダ,右,良,曇,9,5,5,キャリアウーマン,牝,4,54.0,472,3,甲賀弘,黒木豊,,3,1:34.0,39.4,3-5-5-5,5,472,3
2024/04/21,金沢,2,ふうり会馬サー盃☆楓裏＆めぶきＷ生Ｃ２十,1400,ダ,右,良,曇,9,8,8,リードキングダム,牝,6,54.0,422,2,兼子千,黒木豊,,4,1:34.5,40.1,5-4-3-3,8,422,2
2024/04/21,金沢,2,ふうり会馬サー盃☆楓裏＆めぶきＷ生Ｃ２十,1400,ダ,右,良,曇,9,8,9,カイエン,牡,4,56.0,539,4,魚住謙,高橋優,,5,1:34.6,39.8,7-6-6-6,2,539,4
2024/04/21,金沢,2,ふうり会馬サー盃☆楓裏＆めぶきＷ生Ｃ２十,1400,ダ,右,良,曇,9,3,3,リッタースポーツ,牡,4,56.0,476,4,堀場裕,井樋一,,6,1:34.6,39.6,9-8-8-6,7,476,4
2024/04/21,金沢,2,ふうり会馬サー盃☆楓裏＆めぶきＷ生Ｃ２十,1400,ダ,右,良,曇,9,2,2,アオバノキセキ,牝,4,54.0,424,-12,葛山晃,菅原欣,,7,1:35.8,41.6,3-2-4-4,3,424,-12
2024/04/21,金沢,2,ふうり会馬サー盃☆楓裏＆めぶきＷ生Ｃ２十,1400,ダ,右,良,曇,9,4,4,ヒメカミノテング,牝,4,53.0,425,3,加藤翔,加藤義,,8,1:35.9,40.9,8-9-7-8,6,425,3
2024/04/21,金沢,2,ふうり会馬サー盃☆楓裏＆めぶきＷ生Ｃ２十,1400,ダ,右,良,曇,9,7,7,ジュニアフェザー,牝,6,54.0,443,5,柴田勇,鈴木正,,9,1:36.4,41.1,5-7-9-9,9,443,5
2024/04/21,金沢,3,祝☆るくきち★ハタチ最尖極めてこ～Ｃ２九,1500,ダ,右,良,曇,9,8,8,シュマンドロワ,牡,4,55.0,476,-2,加藤翔,井樋一,,1,1:39.0,38.9,4-5-4-3,3,476,-2
2024/04/21,金沢,3,祝☆るくきち★ハタチ最尖極めてこ～Ｃ２九,1500,ダ,右,良,曇,9,2,2,ミギフック,牝,4,54.0,502,-1,柴田勇,鈴木正,,2,1:39.1,39.9,1-1-1-1,7,502,-1
2024/04/21,金沢,3,祝☆るくきち★ハタチ最尖極めてこ～Ｃ２九,1500,ダ,右,良,曇,9,6,6,ミスターキング,牡,4,56.0,505,23,松戸政,藤田弘,,3,1:39.6,40.3,3-2-1-2,1,505,23
2024/04/21,金沢,3,祝☆るくきち★ハタチ最尖極めてこ～Ｃ２九,1500,ダ,右,良,曇,9,8,9,ボルンカズマ,牡,8,56.0,498,-1,沖静男,川添明,,4,1:40.7,39.7,8-7-7-6,6,498,-1
2024/04/21,金沢,3,祝☆るくきち★ハタチ最尖極めてこ～Ｃ２九,1500,ダ,右,良,曇,9,5,5,ヒマワリオジョウ,牝,8,54.0,433,7,栗原大,鋤田誠,,5,1:40.9,40.2,7-6-6-5,4,433,7
2024/04/21,金沢,3,祝☆るくきち★ハタチ最尖極めてこ～Ｃ２九,1500,ダ,右,良,曇,9,3,3,シンゼンアツタ,牡,4,56.0,480,9,米倉知,中川雅,,6,1:41.1,41.3,5-4-3-4,2,480,9
2024/04/21,金沢,3,祝☆るくきち★ハタチ最尖極めてこ～Ｃ２九,1500,ダ,右,良,曇,9,1,1,ルリフラワー,牝,6,54.0,442,-6,魚住謙,田嶋幸,,7,1:42.0,40.7,6-7-8-7,9,442,-6
2024/04/21,金沢,3,祝☆るくきち★ハタチ最尖極めてこ～Ｃ２九,1500,ダ,右,良,曇,9,7,7,イーゼル,セ,0,56.0,482,1,甲賀弘,黒木豊,,8,1:42.6,40.7,9-9-9-9,8,482,1
2024/04/21,金沢,3,祝☆るくきち★ハタチ最尖極めてこ～Ｃ２九,1500,ダ,右,良,曇,9,4,4,アルジェントステラ,牝,6,54.0,450,-4,中島龍,加藤和,,9,1:45.0,45.0,2-3-4-8,5,450,-4
2024/04/21,金沢,4,池田勇祐さん誕生日記念Ｃ２四,1500,ダ,右,良,曇,10,5,5,レディグレイ,牝,8,54.0,490,4,吉原寛,井樋一,,1,1:37.5,38.8,1-1-1-1,1,490,4
2024/04/21,金沢,4,池田勇祐さん誕生日記念Ｃ２四,1500,ダ,右,良,曇,10,7,8,カミノマジック,セ,0,56.0,469,-6,堀場裕,鈴木正,,2,1:38.9,40.0,5-5-2-2,2,469,-6
2024/04/21,金沢,4,池田勇祐さん誕生日記念Ｃ２四,1500,ダ,右,良,曇,10,8,9,サマーソルト,セ,0,56.0,498,7,吉田晃,鋤田誠,,3,1:39.1,40.0,2-2-2-3,7,498,7
2024/04/21,金沢,4,池田勇祐さん誕生日記念Ｃ２四,1500,ダ,右,良,曇,10,1,1,シンコッチョウ,牝,4,54.0,433,5,松戸政,田嶋幸,,4,1:40.2,39.8,7-7-7-7,5,433,5
2024/04/21,金沢,4,池田勇祐さん誕生日記念Ｃ２四,1500,ダ,右,良,曇,10,3,3,タマテバコ,牝,5,54.0,478,5,兼子千,宗綱泰,,5,1:40.5,39.6,8-8-8-8,9,478,5
2024/04/21,金沢,4,池田勇祐さん誕生日記念Ｃ２四,1500,ダ,右,良,曇,10,6,6,ウインドアリエル,牝,6,54.0,437,6,栗原大,野田幸,,6,1:40.7,41.6,3-3-4-4,8,437,6
2024/04/21,金沢,4,池田勇祐さん誕生日記念Ｃ２四,1500,ダ,右,良,曇,10,8,10,レイズミーアップ,牡,4,55.0,426,3,加藤翔,中川雅,,7,1:40.9,41.0,6-6-5-6,3,426,3
2024/04/21,金沢,4,池田勇祐さん誕生日記念Ｃ２四,1500,ダ,右,良,曇,10,2,2,ゴールドボンバー,牡,7,56.0,538,4,魚住謙,鋤田誠,,8,1:41.4,40.2,9-9-9-9,6,538,4
2024/04/21,金沢,4,池田勇祐さん誕生日記念Ｃ２四,1500,ダ,右,良,曇,10,7,7,イエローストーン,セ,0,56.0,440,-3,中島龍,田嶋幸,,9,1:41.9,40.4,10-10-10-10,4,440,-3
2024/04/21,金沢,4,池田勇祐さん誕生日記念Ｃ２四,1500,ダ,右,良,曇,10,4,4,リコーランカスター,牝,5,54.0,457,2,甲賀弘,室井眞,,10,1:42.2,42.5,3-4-5-5,10,457,2
2024/04/21,金沢,5,デビュー３周年記念　点染テンセイ少Ｃ２三,1500,ダ,右,良,曇,9,5,5,インワンシティング,セ,0,56.0,435,-3,栗原大,加藤和,,1,1:37.9,39.5,4-4-2-2,2,435,-3
2024/04/21,金沢,5,デビュー３周年記念　点染テンセイ少Ｃ２三,1500,ダ,右,良,曇,9,1,1,オールズフェア,セ,0,56.0,523,1,松戸政,井樋一,,2,1:38.2,40.2,1-1-1-1,1,523,1
2024/04/21,金沢,5,デビュー３周年記念　点染テンセイ少Ｃ２三,1500,ダ,右,良,曇,9,8,9,メイショウアダーラ,牝,4,53.0,465,2,加藤翔,加藤和,,3,1:39.5,39.7,8-9-9-9,7,465,2
2024/04/21,金沢,5,デビュー３周年記念　点染テンセイ少Ｃ２三,1500,ダ,右,良,曇,9,7,7,オボロヅキヨ,牡,4,56.0,440,-2,沖静男,川添明,,4,1:39.9,40.7,9-7-5-5,8,440,-2
2024/04/21,金沢,5,デビュー３周年記念　点染テンセイ少Ｃ２三,1500,ダ,右,良,曇,9,4,4,トップキング,牡,5,56.0,461,-2,魚住謙,鋤田誠,,5,1:39.9,40.9,4-5-5-4,3,461,-2
2024/04/21,金沢,5,デビュー３周年記念　点染テンセイ少Ｃ２三,1500,ダ,右,良,曇,9,2,2,ユメカナウトキ,セ,0,56.0,462,11,吉田晃,佐藤茂,,6,1:39.9,40.7,6-6-5-6,6,462,11
2024/04/21,金沢,5,デビュー３周年記念　点染テンセイ少Ｃ２三,1500,ダ,右,良,曇,9,3,3,カフェメモワール,牝,7,54.0,490,-1,柴田勇,菅原欣,,7,1:40.3,41.1,7-8-5-8,9,490,-1
2024/04/21,金沢,5,デビュー３周年記念　点染テンセイ少Ｃ２三,1500,ダ,右,良,曇,9,6,6,スノートレイン,牡,7,56.0,445,-5,吉原寛,井樋一,,8,1:40.7,42.5,3-3-2-3,4,445,-5
2024/04/21,金沢,5,デビュー３周年記念　点染テンセイ少Ｃ２三,1500,ダ,右,良,曇,9,8,8,エコログレイト,牡,4,56.0,473,-12,中島龍,中川雅,,9,1:41.6,43.4,2-2-2-6,5,473,-12
2024/04/21,金沢,6,石川県復興支援・笹越家金沢競馬場来Ｃ２二,1400,ダ,右,良,曇,9,3,3,エイシンアメンラー,牡,7,56.0,514,8,栗原大,加藤和,,1,1:30.8,38.5,5-5-3-1,1,514,8
2024/04/21,金沢,6,石川県復興支援・笹越家金沢競馬場来Ｃ２二,1400,ダ,右,良,曇,9,2,2,スマイルフレンド,牝,4,53.0,453,-2,加藤翔,加藤義,,2,1:33.0,39.6,6-6-6-5,3,453,-2
2024/04/21,金沢,6,石川県復興支援・笹越家金沢競馬場来Ｃ２二,1400,ダ,右,良,曇,9,1,1,アイアムロージー,牝,4,54.0,465,4,沖静男,川添明,,3,1:33.3,39.9,7-7-6-7,4,465,4
2024/04/21,金沢,6,石川県復興支援・笹越家金沢競馬場来Ｃ２二,1400,ダ,右,良,曇,9,6,6,ポーラライツ,牡,4,56.0,450,0,葛山晃,菅原欣,,4,1:34.1,41.3,3-4-5-6,8,450,0
2024/04/21,金沢,6,石川県復興支援・笹越家金沢競馬場来Ｃ２二,1400,ダ,右,良,曇,9,8,9,ジーエイチグールド,牡,4,56.0,486,5,吉田晃,鋤田誠,,5,1:34.2,42.5,2-2-2-3,9,486,5
2024/04/21,金沢,6,石川県復興支援・笹越家金沢競馬場来Ｃ２二,1400,ダ,右,良,曇,9,7,7,ココアン,牝,4,54.0,415,-8,兼子千,宗綱泰,,6,1:34.5,39.1,8-8-8-8,5,415,-8
2024/04/21,金沢,6,石川県復興支援・笹越家金沢競馬場来Ｃ２二,1400,ダ,右,良,曇,9,8,8,ヴェラート,セ,0,56.0,515,2,甲賀弘,田嶋幸,,7,1:35.1,42.7,3-3-4-4,7,515,2
2024/04/21,金沢,6,石川県復興支援・笹越家金沢競馬場来Ｃ２二,1400,ダ,右,良,曇,9,5,5,カトリーヌスリジエ,牝,10,54.0,429,-1,魚住謙,高橋道,,8,1:35.2,39.3,9-9-9-9,6,429,-1
2024/04/21,金沢,6,石川県復興支援・笹越家金沢競馬場来Ｃ２二,1400,ダ,右,良,曇,9,4,4,ロジブライアン,牡,4,56.0,525,3,米倉知,加藤和,,9,1:37.3,45.9,1-1-1-2,2,525,3
2024/04/21,金沢,7,楽天競馬はスマホでラクラク投票特別Ｃ２一,1400,ダ,右,良,曇,10,7,7,カネトシロワン,牝,4,53.0,439,0,加藤翔,中川雅,,1,1:32.8,40.4,2-2-1-3,3,439,0
2024/04/21,金沢,7,楽天競馬はスマホでラクラク投票特別Ｃ２一,1400,ダ,右,良,曇,10,1,1,ノースヒビキ,牝,8,54.0,470,5,吉田晃,高橋俊,,2,1:32.9,40.6,1-1-1-1,7,470,5
2024/04/21,金沢,7,楽天競馬はスマホでラクラク投票特別Ｃ２一,1400,ダ,右,良,曇,10,7,8,ロジシップ,牡,7,56.0,455,0,栗原大,野田幸,,3,1:33.1,40.5,6-4-3-1,1,455,0
2024/04/21,金沢,7,楽天競馬はスマホでラクラク投票特別Ｃ２一,1400,ダ,右,良,曇,10,8,9,アンクルダッシュ,牡,6,56.0,493,3,中島龍,中川雅,,4,1:33.4,40.7,4-5-4-4,4,493,3
2024/04/21,金沢,7,楽天競馬はスマホでラクラク投票特別Ｃ２一,1400,ダ,右,良,曇,10,2,2,トゥインクルーガー,牝,4,54.0,439,2,魚住謙,高橋優,,5,1:33.6,39.9,9-9-9-8,8,439,2
2024/04/21,金沢,7,楽天競馬はスマホでラクラク投票特別Ｃ２一,1400,ダ,右,良,曇,10,5,5,シュペルブ,牝,5,54.0,427,-2,松戸政,宗綱泰,,6,1:33.7,40.7,8-7-7-7,10,427,-2
2024/04/21,金沢,7,楽天競馬はスマホでラクラク投票特別Ｃ２一,1400,ダ,右,良,曇,10,3,3,メトリカルセオリー,牝,5,54.0,480,0,甲賀弘,黒木豊,,7,1:33.7,39.6,10-10-10-10,9,480,0
2024/04/21,金沢,7,楽天競馬はスマホでラクラク投票特別Ｃ２一,1400,ダ,右,良,曇,10,6,6,エニシャル,牝,4,54.0,444,2,沖静男,川添明,,8,1:33.7,40.8,7-8-6-6,5,444,2
2024/04/21,金沢,7,楽天競馬はスマホでラクラク投票特別Ｃ２一,1400,ダ,右,良,曇,10,4,4,モンテブラック,牡,4,56.0,456,4,葛山晃,菅原欣,,9,1:33.8,41.0,4-3-4-5,6,456,4
2024/04/21,金沢,7,楽天競馬はスマホでラクラク投票特別Ｃ２一,1400,ダ,右,良,曇,10,8,10,サーストンアイダホ,牡,5,56.0,500,1,兼子千,高橋道,,10,1:34.6,41.3,3-6-8-8,2,500,1
2024/04/21,金沢,8,おかげさまでアイドルホース２周年記Ｂ２六,1500,ダ,右,良,曇,9,8,8,リュウノチャチャ,牝,6,53.0,430,-4,加藤翔,加藤義,,1,1:37.5,38.1,1-1-1-1,2,430,-4
2024/04/21,金沢,8,おかげさまでアイドルホース２周年記Ｂ２六,1500,ダ,右,良,曇,9,6,6,マイネルトワイス,牡,9,56.0,494,-3,堀場裕,鋤田誠,,2,1:38.1,38.1,5-4-4-2,1,494,-3
2024/04/21,金沢,8,おかげさまでアイドルホース２周年記Ｂ２六,1500,ダ,右,良,曇,9,1,1,マーブルミミ,牝,4,54.0,422,5,松戸政,藤田弘,,3,1:38.5,38.7,2-2-2-2,7,422,5
2024/04/21,金沢,8,おかげさまでアイドルホース２周年記Ｂ２六,1500,ダ,右,良,曇,9,8,9,カレンレベンティス,セ,0,56.0,442,-4,沖静男,川添明,,4,1:38.7,39.0,3-2-2-4,5,442,-4
2024/04/21,金沢,8,おかげさまでアイドルホース２周年記Ｂ２六,1500,ダ,右,良,曇,9,2,2,フロイング,牡,6,56.0,476,-1,甲賀弘,黒木豊,,5,1:39.4,38.1,7-7-8-9,9,476,-1
2024/04/21,金沢,8,おかげさまでアイドルホース２周年記Ｂ２六,1500,ダ,右,良,曇,9,3,3,エースアクシス,牝,8,54.0,406,5,吉原寛,井樋一,,6,1:39.9,38.4,9-9-9-7,4,406,5
2024/04/21,金沢,8,おかげさまでアイドルホース２周年記Ｂ２六,1500,ダ,右,良,曇,9,7,7,エルフバローズ,牝,6,54.0,477,7,中島龍,川添明,,7,1:40.0,39.3,3-6-6-6,6,477,7
2024/04/21,金沢,8,おかげさまでアイドルホース２周年記Ｂ２六,1500,ダ,右,良,曇,9,4,4,カフェリリー,牝,6,54.0,494,5,柴田勇,菅原欣,,8,1:40.2,40.2,6-4-5-5,8,494,5
2024/04/21,金沢,8,おかげさまでアイドルホース２周年記Ｂ２六,1500,ダ,右,良,曇,9,5,5,ロマンチックボーイ,牡,4,56.0,455,3,栗原大,野田幸,,9,1:41.4,40.2,8-8-7-8,3,455,3
2024/04/21,金沢,9,Ｂ２五,1500,ダ,右,良,曇,7,2,2,エピックヒーロー,牡,4,56.0,494,1,中島龍,加藤和,,1,1:38.3,40.7,1-1-1-1,2,494,1
2024/04/21,金沢,9,Ｂ２五,1500,ダ,右,良,曇,7,5,5,リベリュール,牡,9,56.0,479,0,吉原寛,井樋一,,2,1:39.2,41.1,3-3-2-3,3,479,0
2024/04/21,金沢,9,Ｂ２五,1500,ダ,右,良,曇,7,1,1,カズノザンゲツ,牝,5,54.0,492,-6,兼子千,宗綱泰,,3,1:39.6,40.2,6-6-6-4,7,492,-6
2024/04/21,金沢,9,Ｂ２五,1500,ダ,右,良,曇,7,4,4,タカラアーサー,牡,4,56.0,515,3,栗原大,菅原欣,,4,1:39.8,41.6,3-3-2-2,1,515,3
2024/04/21,金沢,9,Ｂ２五,1500,ダ,右,良,曇,7,6,6,ブレッシングクライ,牡,5,56.0,507,-3,魚住謙,高橋俊,,5,1:40.4,39.5,7-7-7-7,6,507,-3
2024/04/21,金沢,9,Ｂ２五,1500,ダ,右,良,曇,7,7,7,ノールック,牝,6,54.0,428,0,吉田晃,高橋俊,,6,1:41.1,43.2,2-2-2-5,5,428,0
2024/04/21,金沢,9,Ｂ２五,1500,ダ,右,良,曇,7,3,3,サノノビーチ,牝,4,54.0,513,5,米倉知,加藤和,,7,1:43.9,44.8,5-5-5-6,4,513,5
2024/04/21,金沢,10,金沢スプリングカップ４歳上,1500,ダ,右,良,曇,5,1,1,ソーラーフレア,牡,9,56.0,487,1,米倉知,中川雅,,1,1:35.7,40.1,3-4-1-1,3,487,1
2024/04/21,金沢,10,金沢スプリングカップ４歳上,1500,ダ,右,良,曇,5,3,3,フェイマスダンディ,牡,6,56.0,502,7,吉田晃,佐藤茂,,2,1:36.6,40.9,1-1-2-2,4,502,7
2024/04/21,金沢,10,金沢スプリングカップ４歳上,1500,ダ,右,良,曇,5,5,5,エイシンアンヴァル,牡,7,56.0,506,4,中島龍,中川雅,,3,1:37.2,41.2,3-3-4-4,1,506,4
2024/04/21,金沢,10,金沢スプリングカップ４歳上,1500,ダ,右,良,曇,5,4,4,グランデラムジー,牡,8,56.0,481,-1,平瀬城,佐藤茂,,4,1:37.3,39.9,5-5-5-5,5,481,-1
2024/04/21,金沢,10,金沢スプリングカップ４歳上,1500,ダ,右,良,曇,5,2,2,タイサイ,牡,8,56.0,504,13,吉原寛,井樋一,,5,1:37.7,42.0,2-2-3-3,2,504,13
2024/04/21,金沢,11,能登半島地震復興支援杯１４Ｂ２四,1400,ダ,右,良,曇,5,1,1,ジャストインタイム,牡,8,56.0,489,-1,栗原大,高橋俊,,1,1:30.6,39.1,1-1-1-1,1,489,-1
2024/04/21,金沢,11,能登半島地震復興支援杯１４Ｂ２四,1400,ダ,右,良,曇,5,5,5,マウントゴールド,牡,11,56.0,440,-2,魚住謙,井樋一,,2,1:31.2,38.7,3-3-3-3,4,440,-2
2024/04/21,金沢,11,能登半島地震復興支援杯１４Ｂ２四,1400,ダ,右,良,曇,5,2,2,サンレイファイト,牡,8,56.0,482,13,堀場裕,井樋一,,3,1:31.3,38.5,4-4-4-4,3,482,13
2024/04/21,金沢,11,能登半島地震復興支援杯１４Ｂ２四,1400,ダ,右,良,曇,5,4,4,リュウノステルス,牡,4,55.0,430,0,加藤翔,加藤義,,4,1:31.9,40.3,2-2-2-2,2,430,0
2024/04/21,金沢,11,能登半島地震復興支援杯１４Ｂ２四,1400,ダ,右,良,曇,5,3,3,ドミナンス,牡,5,56.0,448,-5,兼子千,宗綱泰,,5,1:33.2,39.3,5-5-5-5,5,448,-5
2024/04/23,金沢,1,Ｃ２十四,1400,ダ,右,稍重,曇,8,1,1,メラヴィリオーザ,牝,4,54.0,0,0,松戸政,井樋一,,1,1:31.3,37.7,7-7-3-2,2,0,0
2024/04/23,金沢,1,Ｃ２十四,1400,ダ,右,稍重,曇,8,5,5,キクノビースト,牡,4,56.0,527,21,吉原寛,加藤義,,2,1:31.5,38.5,1-1-1-1,1,527,21
2024/04/23,金沢,1,Ｃ２十四,1400,ダ,右,稍重,曇,8,4,4,ティアモローザ,牝,4,54.0,438,-9,栗原大,菅原欣,,3,1:33.7,40.5,2-3-2-3,5,438,-9
2024/04/23,金沢,1,Ｃ２十四,1400,ダ,右,稍重,曇,8,3,3,マーニ,牡,8,56.0,461,-1,葛山晃,井樋一,,4,1:34.5,40.9,5-2-3-4,3,461,-1
2024/04/23,金沢,1,Ｃ２十四,1400,ダ,右,稍重,曇,8,8,8,ネイバーアイランド,牝,6,54.0,442,5,魚住謙,鋤田誠,,5,1:35.0,41.0,5-5-6-5,4,442,5
2024/04/23,金沢,1,Ｃ２十四,1400,ダ,右,稍重,曇,8,6,6,ピエールサンデー,牝,8,54.0,411,0,堀場裕,吉井一,,6,1:35.3,40.8,8-8-8-6,8,411,0
2024/04/23,金沢,1,Ｃ２十四,1400,ダ,右,稍重,曇,8,7,7,ホットチョコ,牝,4,54.0,466,-5,柴田勇,川添明,,7,1:36.7,42.6,4-6-6-8,6,466,-5
2024/04/23,金沢,1,Ｃ２十四,1400,ダ,右,稍重,曇,8,2,2,キラールージュ,牝,4,54.0,429,8,吉田晃,鋤田誠,,8,1:36.9,43.1,3-4-5-7,7,429,8
2024/04/23,金沢,2,Ｃ２十三,1400,ダ,右,稍重,曇,6,4,4,マイネルジュリアン,牡,4,56.0,478,2,沖静男,川添明,,1,1:33.0,40.3,2-2-2-3,3,478,2
2024/04/23,金沢,2,Ｃ２十三,1400,ダ,右,稍重,曇,6,5,5,ケヴィンズクロス,牡,6,55.0,510,0,加藤翔,加藤和,,2,1:33.1,41.4,1-1-1-1,1,510,0
2024/04/23,金沢,2,Ｃ２十三,1400,ダ,右,稍重,曇,6,2,2,ディオスシチー,牡,4,56.0,509,2,堀場裕,井樋一,,3,1:33.3,39.6,6-6-6-5,5,509,2
2024/04/23,金沢,2,Ｃ２十三,1400,ダ,右,稍重,曇,6,1,1,エシェロン,牡,5,56.0,481,4,兼子千,菅原欣,,4,1:33.3,40.4,3-3-3-2,4,481,4
2024/04/23,金沢,2,Ｃ２十三,1400,ダ,右,稍重,曇,6,3,3,ソッケルカーカ,牝,4,54.0,461,4,中島龍,高橋優,,5,1:33.7,40.4,4-5-5-4,2,461,4
2024/04/23,金沢,2,Ｃ２十三,1400,ダ,右,稍重,曇,6,6,6,ピエナファリア,牡,7,56.0,458,7,葛山晃,菅原欣,,6,1:35.5,42.5,4-4-4-6,6,458,7
2024/04/23,金沢,3,第ＳＡＮ回ＳＡＮさんご生誕記念Ｃ２十二,1400,ダ,右,稍重,曇,9,4,4,カフェノヴィーン,牝,8,54.0,481,6,松戸政,菅原欣,,1,1:31.8,39.1,1-1-1-1,2,481,6
2024/04/23,金沢,3,第ＳＡＮ回ＳＡＮさんご生誕記念Ｃ２十二,1400,ダ,右,稍重,曇,9,3,3,フラッシュダンス,牝,4,54.0,472,-7,吉田晃,高橋俊,,2,1:32.6,39.8,4-4-2-2,3,472,-7
2024/04/23,金沢,3,第ＳＡＮ回ＳＡＮさんご生誕記念Ｃ２十二,1400,ダ,右,稍重,曇,9,1,1,ビーチブルース,牡,4,56.0,479,-5,栗原大,菅原欣,,3,1:32.8,39.4,6-5-5-4,1,479,-5
2024/04/23,金沢,3,第ＳＡＮ回ＳＡＮさんご生誕記念Ｃ２十二,1400,ダ,右,稍重,曇,9,5,5,ベリーアーリー,牝,4,54.0,427,-2,葛山晃,菅原欣,,4,1:32.8,39.2,7-7-7-6,6,427,-2
2024/04/23,金沢,3,第ＳＡＮ回ＳＡＮさんご生誕記念Ｃ２十二,1400,ダ,右,稍重,曇,9,8,9,アポテカ,牝,4,53.0,444,-4,加藤翔,菅原欣,,5,1:33.6,40.5,3-3-3-3,5,444,-4
2024/04/23,金沢,3,第ＳＡＮ回ＳＡＮさんご生誕記念Ｃ２十二,1400,ダ,右,稍重,曇,9,8,8,フェイスタロー,牡,7,56.0,443,-2,中島龍,川添明,,6,1:33.6,40.3,5-5-5-6,4,443,-2
2024/04/23,金沢,3,第ＳＡＮ回ＳＡＮさんご生誕記念Ｃ２十二,1400,ダ,右,稍重,曇,9,2,2,ヤマイチレジェンド,牡,12,56.0,530,-5,魚住謙,菅原欣,,7,1:34.1,40.1,9-9-8-8,7,530,-5
2024/04/23,金沢,3,第ＳＡＮ回ＳＡＮさんご生誕記念Ｃ２十二,1400,ダ,右,稍重,曇,9,7,7,ザガーロ,牝,6,54.0,409,0,柴田勇,吉井一,,8,1:35.0,41.8,2-2-4-5,8,409,0
2024/04/23,金沢,3,第ＳＡＮ回ＳＡＮさんご生誕記念Ｃ２十二,1400,ダ,右,稍重,曇,9,6,6,ピュアステート,牡,4,56.0,414,1,兼子千,宗綱泰,,9,1:35.3,41.4,8-8-8-9,9,414,1
2024/04/23,金沢,4,Ｃ２八,1500,ダ,右,稍重,曇,9,1,1,サマーモーリス,牝,5,54.0,432,-6,栗原大,室井眞,,1,1:39.4,39.4,7-7-7-3,8,432,-6
2024/04/23,金沢,4,Ｃ２八,1500,ダ,右,稍重,曇,9,8,8,シェーンシュタット,牡,6,56.0,446,4,堀場裕,加藤和,,2,1:39.7,40.7,3-3-3-2,7,446,4
2024/04/23,金沢,4,Ｃ２八,1500,ダ,右,稍重,曇,9,4,4,ミラコロアショーマ,牝,7,53.0,443,6,加藤翔,井樋一,,3,1:39.8,41.8,1-1-1-1,1,443,6
2024/04/23,金沢,4,Ｃ２八,1500,ダ,右,稍重,曇,9,2,2,フロンテイラ,牡,5,56.0,419,6,松戸政,田嶋幸,,4,1:40.2,39.6,8-8-8-6,6,419,6
2024/04/23,金沢,4,Ｃ２八,1500,ダ,右,稍重,曇,9,5,5,サフランルーラー,牡,6,56.0,411,1,中島龍,高橋優,,5,1:40.2,40.4,6-6-6-7,5,411,1
2024/04/23,金沢,4,Ｃ２八,1500,ダ,右,稍重,曇,9,6,6,リードザウイニング,セ,0,56.0,459,6,魚住謙,鋤田誠,,6,1:41.5,42.3,4-4-4-4,9,459,6
2024/04/23,金沢,4,Ｃ２八,1500,ダ,右,稍重,曇,9,8,9,スマッシュパワー,牡,7,56.0,463,2,兼子千,高橋道,,7,1:41.7,43.6,1-2-2-4,2,463,2
2024/04/23,金沢,4,Ｃ２八,1500,ダ,右,稍重,曇,9,7,7,ヒロノホマレボシ,セ,0,56.0,425,5,吉田晃,佐藤茂,,8,1:41.8,42.5,5-5-5-7,4,425,5
2024/04/23,金沢,4,Ｃ２八,1500,ダ,右,稍重,曇,9,3,3,トミケンボハテル,牡,10,56.0,506,9,柴田勇,加藤和,,9,1:44.4,43.4,9-9-9-9,3,506,9
2024/04/23,金沢,5,Ｃ２七,1500,ダ,右,良,曇,7,3,3,アワーストーリー,牝,4,53.0,434,2,加藤翔,加藤義,,1,1:39.8,38.3,1-1-1-1,2,434,2
2024/04/23,金沢,5,Ｃ２七,1500,ダ,右,良,曇,7,5,5,グラシアーノ,牝,4,54.0,416,-2,吉原寛,加藤義,,2,1:40.0,38.4,2-2-2-2,1,416,-2
2024/04/23,金沢,5,Ｃ２七,1500,ダ,右,良,曇,7,4,4,レッドアダン,セ,0,56.0,461,4,中島龍,加藤和,,3,1:40.1,38.3,4-4-3-3,3,461,4
2024/04/23,金沢,5,Ｃ２七,1500,ダ,右,良,曇,7,1,1,ギルデッドフレーム,牡,4,56.0,435,1,沖静男,川添明,,4,1:41.9,39.5,5-5-5-5,4,435,1
2024/04/23,金沢,5,Ｃ２七,1500,ダ,右,良,曇,7,7,7,ポートメイリオン,牝,7,54.0,435,0,葛山晃,菅原欣,,5,1:41.9,38.9,7-7-7-6,6,435,0
2024/04/23,金沢,5,Ｃ２七,1500,ダ,右,良,曇,7,6,6,スワーヴジョーダン,セ,0,56.0,441,0,魚住謙,井樋一,,6,1:42.0,39.2,6-6-6-7,7,441,0
2024/04/23,金沢,5,Ｃ２七,1500,ダ,右,良,曇,7,2,2,ブレイクポイント,牡,5,56.0,435,-3,栗原大,菅原欣,,7,1:42.6,40.8,3-3-3-4,5,435,-3
2024/04/23,金沢,6,Ｃ２六,1400,ダ,右,良,曇,8,4,4,ユーバーウィンデン,牡,4,56.0,517,7,米倉知,佐藤茂,,1,1:31.4,38.6,2-2-1-2,1,517,7
2024/04/23,金沢,6,Ｃ２六,1400,ダ,右,良,曇,8,3,3,ケイラブマッハ,牝,4,54.0,441,9,中島龍,中川雅,,2,1:31.9,39.2,1-1-1-1,4,441,9
2024/04/23,金沢,6,Ｃ２六,1400,ダ,右,良,曇,8,7,7,ムーンライトアリア,牝,7,54.0,450,1,柴田勇,鈴木正,,3,1:32.4,39.1,4-4-4-4,5,450,1
2024/04/23,金沢,6,Ｃ２六,1400,ダ,右,良,曇,8,6,6,マルカンレインボー,牝,4,54.0,420,-4,兼子千,高橋道,,4,1:32.5,38.8,5-5-5-4,8,420,-4
2024/04/23,金沢,6,Ｃ２六,1400,ダ,右,良,曇,8,1,1,デルマソトコマタ,牝,4,54.0,432,0,堀場裕,加藤義,,5,1:32.6,39.5,3-3-3-3,3,432,0
2024/04/23,金沢,6,Ｃ２六,1400,ダ,右,良,曇,8,2,2,ヴェロニク,牝,7,53.0,412,-10,加藤翔,加藤義,,6,1:32.8,38.0,7-7-7-7,6,412,-10
2024/04/23,金沢,6,Ｃ２六,1400,ダ,右,良,曇,8,8,8,タマモソリスト,牡,4,56.0,555,6,栗原大,加藤和,,7,1:32.9,37.5,8-8-8-8,2,555,6
2024/04/23,金沢,6,Ｃ２六,1400,ダ,右,良,曇,8,5,5,チェリーアトラス,牡,8,56.0,498,9,平瀬城,黒木豊,,8,1:33.3,39.2,6-6-6-6,7,498,9
2024/04/23,金沢,7,ネットで買うなら楽天競馬賞Ｃ２五,1400,ダ,右,良,曇,9,3,3,ビックハート,セ,0,56.0,415,1,兼子千,高橋道,,1,1:32.9,40.1,5-5-3-2,1,415,1
2024/04/23,金沢,7,ネットで買うなら楽天競馬賞Ｃ２五,1400,ダ,右,良,曇,9,8,9,ネモフィラ,牝,4,54.0,448,8,栗原大,菅原欣,,2,1:33.4,40.0,6-7-7-7,2,448,8
2024/04/23,金沢,7,ネットで買うなら楽天競馬賞Ｃ２五,1400,ダ,右,良,曇,9,4,4,ズッシーノ,牡,5,56.0,446,6,魚住謙,鋤田誠,,3,1:33.4,40.5,4-4-4-4,9,446,6
2024/04/23,金沢,7,ネットで買うなら楽天競馬賞Ｃ２五,1400,ダ,右,良,曇,9,7,7,ブーケコサージュ,牝,5,54.0,446,-11,葛山晃,菅原欣,,4,1:33.6,40.7,3-3-5-4,6,446,-11
2024/04/23,金沢,7,ネットで買うなら楽天競馬賞Ｃ２五,1400,ダ,右,良,曇,9,1,1,ヘリオシース,牝,8,54.0,435,-6,柴田勇,野田幸,,5,1:33.8,40.1,8-8-9-9,8,435,-6
2024/04/23,金沢,7,ネットで買うなら楽天競馬賞Ｃ２五,1400,ダ,右,良,曇,9,5,5,アペーゴ,牝,4,54.0,389,0,吉田晃,佐藤茂,,6,1:34.0,41.0,9-8-5-7,7,389,0
2024/04/23,金沢,7,ネットで買うなら楽天競馬賞Ｃ２五,1400,ダ,右,良,曇,9,2,2,ヨドノストーリー,牡,4,56.0,438,-1,堀場裕,高橋優,,7,1:34.1,40.8,7-6-7-6,5,438,-1
2024/04/23,金沢,7,ネットで買うなら楽天競馬賞Ｃ２五,1400,ダ,右,良,曇,9,6,6,トゥワイス,牝,5,53.0,395,-2,加藤翔,井樋一,,8,1:34.3,42.9,1-1-1-1,3,395,-2
2024/04/23,金沢,7,ネットで買うなら楽天競馬賞Ｃ２五,1400,ダ,右,良,曇,9,8,8,シュプール,牝,4,54.0,446,3,中島龍,中川雅,,9,1:34.4,42.2,2-2-2-2,4,446,3
2024/04/23,金沢,8,アネモネ賞Ｂ２三以下牝馬,1400,ダ,右,良,曇,7,4,4,プレミアマイン,牝,4,54.0,480,-2,米倉知,加藤和,,1,1:30.9,39.3,2-2-2-2,2,480,-2
2024/04/23,金沢,8,アネモネ賞Ｂ２三以下牝馬,1400,ダ,右,良,曇,7,2,2,ジュジュジューン,牝,4,54.0,425,-15,堀場裕,中川雅,,2,1:31.0,39.0,5-4-3-3,1,425,-15
2024/04/23,金沢,8,アネモネ賞Ｂ２三以下牝馬,1400,ダ,右,良,曇,7,6,6,ヴェーチェル,牝,5,54.0,431,2,松戸政,川添明,,3,1:31.3,38.4,5-6-7-4,7,431,2
2024/04/23,金沢,8,アネモネ賞Ｂ２三以下牝馬,1400,ダ,右,良,曇,7,1,1,ブーゲンビリア,牝,6,54.0,433,-3,吉田晃,高橋俊,,4,1:31.5,40.8,1-1-1-1,4,433,-3
2024/04/23,金沢,8,アネモネ賞Ｂ２三以下牝馬,1400,ダ,右,良,曇,7,5,5,サクセスソング,牝,5,54.0,441,7,魚住謙,鋤田誠,,5,1:32.1,39.4,7-7-6-6,6,441,7
2024/04/23,金沢,8,アネモネ賞Ｂ２三以下牝馬,1400,ダ,右,良,曇,7,3,3,ハートリープ,牝,6,54.0,417,7,沖静男,川添明,,6,1:32.9,40.5,4-5-5-5,3,417,7
2024/04/23,金沢,8,アネモネ賞Ｂ２三以下牝馬,1400,ダ,右,良,曇,7,7,7,エーストビーズ,牝,6,54.0,491,2,栗原大,菅原欣,,7,1:34.5,42.5,3-3-4-7,5,491,2
2024/04/23,金沢,9,Ｂ２二,1500,ダ,右,良,曇,7,1,1,ドルヴァル,牡,4,56.0,489,3,栗原大,加藤和,,1,1:37.3,38.7,1-1-1-1,2,489,3
2024/04/23,金沢,9,Ｂ２二,1500,ダ,右,良,曇,7,4,4,ブルーコンパクタ,牡,8,56.0,479,7,吉原寛,井樋一,,2,1:37.3,38.3,6-5-4-2,1,479,7
2024/04/23,金沢,9,Ｂ２二,1500,ダ,右,良,曇,7,3,3,ネオエレキング,牡,11,56.0,458,3,柴田勇,川添明,,3,1:38.7,39.4,7-7-6-5,5,458,3
2024/04/23,金沢,9,Ｂ２二,1500,ダ,右,良,曇,7,2,2,レインボーヒル,牡,6,56.0,460,0,魚住謙,高橋優,,4,1:38.8,39.9,4-4-2-3,6,460,0
2024/04/23,金沢,9,Ｂ２二,1500,ダ,右,良,曇,7,5,5,ファームフレッシュ,牝,4,54.0,436,-2,中島龍,佐藤茂,,5,1:39.1,40.4,2-2-2-3,4,436,-2
2024/04/23,金沢,9,Ｂ２二,1500,ダ,右,良,曇,7,7,7,リリーズメモリー,牝,5,54.0,516,11,沖静男,田嶋幸,,6,1:45.1,45.6,5-6-7-7,7,516,11
2024/04/23,金沢,9,Ｂ２二,1500,ダ,右,良,曇,7,6,6,ジェネロジテ,牡,4,56.0,517,10,松戸政,田嶋幸,,,,,3-3-4-6,3,517,10
2024/04/23,金沢,10,能登半島地震復興支援特別１５Ｂ２一,1700,ダ,右,良,晴,6,5,5,ディモールト,牡,7,56.0,507,5,松戸政,井樋一,,1,1:52.7,37.6,4-4-2-2,1,507,5
2024/04/23,金沢,10,能登半島地震復興支援特別１５Ｂ２一,1700,ダ,右,良,晴,6,4,4,ルビースター,牝,6,54.0,508,4,中島龍,加藤和,,2,1:53.2,38.5,1-1-1-1,4,508,4
2024/04/23,金沢,10,能登半島地震復興支援特別１５Ｂ２一,1700,ダ,右,良,晴,6,3,3,トゥモローアンセム,セ,0,56.0,454,2,堀場裕,中川雅,,3,1:53.4,38.3,3-3-4-3,6,454,2
2024/04/23,金沢,10,能登半島地震復興支援特別１５Ｂ２一,1700,ダ,右,良,晴,6,1,1,スリーマイトコーズ,牝,6,54.0,478,4,栗原大,菅原欣,,4,1:53.5,38.2,5-5-5-4,2,478,4
2024/04/23,金沢,10,能登半島地震復興支援特別１５Ｂ２一,1700,ダ,右,良,晴,6,2,2,アットザヘルム,牡,10,55.0,474,4,加藤翔,中川雅,,5,1:54.9,39.9,2-2-2-5,5,474,4
2024/04/23,金沢,10,能登半島地震復興支援特別１５Ｂ２一,1700,ダ,右,良,晴,6,6,6,ロンスアンドロンス,牡,4,56.0,451,7,沖静男,田嶋幸,,6,2:09.7,54.4,6-6-5-6,3,451,7
2024/04/23,金沢,11,ガルガンチュア音楽祭２０２４特別Ａ１二,1700,ダ,右,良,晴,7,1,1,ロジローズ,牡,6,56.0,470,-2,米倉知,加藤和,,1,1:50.2,40.5,1-1-1-1,1,470,-2
2024/04/23,金沢,11,ガルガンチュア音楽祭２０２４特別Ａ１二,1700,ダ,右,良,晴,7,6,6,フォルベルール,牡,6,56.0,521,-9,吉原寛,井樋一,,2,1:50.8,39.3,6-6-6-5,3,521,-9
2024/04/23,金沢,11,ガルガンチュア音楽祭２０２４特別Ａ１二,1700,ダ,右,良,晴,7,3,3,サジェス,牡,6,56.0,466,12,吉田晃,佐藤茂,,3,1:51.1,41.4,2-2-2-2,2,466,12
2024/04/23,金沢,11,ガルガンチュア音楽祭２０２４特別Ａ１二,1700,ダ,右,良,晴,7,2,2,ナムラアラシ,牡,11,56.0,534,8,沖静男,川添明,,4,1:51.6,39.8,7-7-7-7,7,534,8
2024/04/23,金沢,11,ガルガンチュア音楽祭２０２４特別Ａ１二,1700,ダ,右,良,晴,7,7,7,フミタツティンクル,牝,8,54.0,452,-1,兼子千,宗綱泰,,5,1:51.6,41.2,4-3-3-3,5,452,-1
2024/04/23,金沢,11,ガルガンチュア音楽祭２０２４特別Ａ１二,1700,ダ,右,良,晴,7,4,4,サエチ,牝,5,54.0,486,3,平瀬城,高橋俊,,6,1:51.6,41.1,3-4-4-4,6,486,3
2024/04/23,金沢,11,ガルガンチュア音楽祭２０２４特別Ａ１二,1700,ダ,右,良,晴,7,5,5,ブラーヴ,牡,4,56.0,501,2,魚住謙,黒木豊,,7,1:52.2,41.0,5-5-5-6,4,501,2
2024/04/28,金沢,1,３歳Ｂ４,1400,ダ,右,良,晴,9,7,7,トリプレッタ,牝,3,54.0,485,-3,中島龍,高橋俊,,1,1:31.6,41.0,2-2-1-1,1,485,-3
2024/04/28,金沢,1,３歳Ｂ４,1400,ダ,右,良,晴,9,5,5,アイノユメテーラー,牝,3,54.0,471,13,柴田勇,中川雅,,2,1:32.2,39.8,6-5-5-4,6,471,13
2024/04/28,金沢,1,３歳Ｂ４,1400,ダ,右,良,晴,9,8,8,ムゲーテスペランサ,牝,3,54.0,465,3,吉田晃,佐藤茂,,3,1:32.6,41.0,3-3-3-3,3,465,3
2024/04/28,金沢,1,３歳Ｂ４,1400,ダ,右,良,晴,9,6,6,スイートウィル,牝,3,54.0,414,8,米倉知,加藤和,,4,1:32.9,42.3,1-1-1-2,2,414,8
2024/04/28,金沢,1,３歳Ｂ４,1400,ダ,右,良,晴,9,1,1,キセキノクニ,セ,0,56.0,443,7,沖静男,川添明,,5,1:33.6,39.8,9-9-9-9,7,443,7
2024/04/28,金沢,1,３歳Ｂ４,1400,ダ,右,良,晴,9,2,2,ボルドーエゾンス,牝,3,54.0,405,4,葛山晃,高橋俊,,6,1:33.8,40.6,8-8-7-7,8,405,4
2024/04/28,金沢,1,３歳Ｂ４,1400,ダ,右,良,晴,9,8,9,ヘックス,牝,3,53.0,417,-4,加藤翔,佐藤茂,,7,1:34.3,41.7,5-5-6-6,4,417,-4
2024/04/28,金沢,1,３歳Ｂ４,1400,ダ,右,良,晴,9,4,4,ヴァルチャー,牝,3,54.0,433,-10,魚住謙,高橋俊,,8,1:34.7,41.2,6-7-8-8,9,433,-10
2024/04/28,金沢,1,３歳Ｂ４,1400,ダ,右,良,晴,9,3,3,モズクマチー,牝,3,54.0,474,5,栗原大,加藤和,,9,1:35.2,43.1,4-4-4-5,5,474,5
2024/04/28,金沢,2,能登半島地震復興支援杯１６ ３歳Ｂ３,1400,ダ,右,良,晴,10,1,1,レモンスフレ,牝,3,54.0,416,0,堀場裕,加藤和,,1,1:31.2,39.5,1-1-1-1,2,416,0
2024/04/28,金沢,2,能登半島地震復興支援杯１６ ３歳Ｂ３,1400,ダ,右,良,晴,10,3,3,スノーソフィー,牝,3,53.0,440,1,加藤翔,中川雅,,2,1:31.5,39.7,2-2-2-2,1,440,1
2024/04/28,金沢,2,能登半島地震復興支援杯１６ ３歳Ｂ３,1400,ダ,右,良,晴,10,6,6,ラブリネス,牝,3,54.0,360,-3,鈴木太,加藤義,,3,1:33.7,42.0,8-8-7-6,7,360,-3
2024/04/28,金沢,2,能登半島地震復興支援杯１６ ３歳Ｂ３,1400,ダ,右,良,晴,10,5,5,ミスヒノクニ,牝,3,54.0,465,0,中島龍,佐藤茂,,4,1:33.9,42.2,7-6-5-3,8,465,0
2024/04/28,金沢,2,能登半島地震復興支援杯１６ ３歳Ｂ３,1400,ダ,右,良,晴,10,2,2,インスタントラバー,牝,3,54.0,458,9,兼子千,宗綱泰,,5,1:34.3,42.6,9-9-8-7,9,458,9
2024/04/28,金沢,2,能登半島地震復興支援杯１６ ３歳Ｂ３,1400,ダ,右,良,晴,10,8,10,トップリアル,牝,3,54.0,428,8,栗原大,高橋道,,6,1:34.5,42.8,3-3-3-4,4,428,8
2024/04/28,金沢,2,能登半島地震復興支援杯１６ ３歳Ｂ３,1400,ダ,右,良,晴,10,8,9,ヴェネラリア,牝,3,54.0,442,12,米倉知,中川雅,,7,1:35.1,43.4,3-3-3-4,3,442,12
2024/04/28,金沢,2,能登半島地震復興支援杯１６ ３歳Ｂ３,1400,ダ,右,良,晴,10,7,8,カレンバンブー,牝,3,54.0,411,1,柴田勇,中川雅,,8,1:35.7,44.0,5-5-6-8,6,411,1
2024/04/28,金沢,2,能登半島地震復興支援杯１６ ３歳Ｂ３,1400,ダ,右,良,晴,10,7,7,アイヲサケブオトコ,牡,3,56.0,470,-1,沖静男,加藤和,,9,1:35.9,44.2,6-6-9-9,5,470,-1
2024/04/28,金沢,2,能登半島地震復興支援杯１６ ３歳Ｂ３,1400,ダ,右,良,晴,10,4,4,フューゲイシャス,牡,3,56.0,0,0,魚住謙,田嶋幸,,,,,,,0,0
2024/04/28,金沢,3,まえれなとあそぼ！～前田玲奈超誕３歳Ｂ２,1500,ダ,右,良,晴,10,8,10,メロディーダンサー,牝,3,54.0,477,7,中島龍,金田一,,1,1:39.4,40.5,1-1-1-1,2,477,7
2024/04/28,金沢,3,まえれなとあそぼ！～前田玲奈超誕３歳Ｂ２,1500,ダ,右,良,晴,10,3,3,ハーバーフロント,牝,3,54.0,405,5,柴田勇,金田一,,2,1:40.2,39.9,4-5-5-4,4,405,5
2024/04/28,金沢,3,まえれなとあそぼ！～前田玲奈超誕３歳Ｂ２,1500,ダ,右,良,晴,10,2,2,ヨメニケイゴ,牝,3,54.0,438,4,栗原大,菅原欣,,3,1:40.3,40.6,2-2-3-2,5,438,4
2024/04/28,金沢,3,まえれなとあそぼ！～前田玲奈超誕３歳Ｂ２,1500,ダ,右,良,晴,10,8,9,ハセケンザン,牡,3,56.0,532,-3,吉田晃,野田幸,,4,1:40.3,40.6,3-3-2-3,1,532,-3
2024/04/28,金沢,3,まえれなとあそぼ！～前田玲奈超誕３歳Ｂ２,1500,ダ,右,良,晴,10,5,5,トウメイヨリキレイ,牝,3,54.0,406,11,兼子千,黒木豊,,5,1:40.6,40.6,6-4-4-5,3,406,11
2024/04/28,金沢,3,まえれなとあそぼ！～前田玲奈超誕３歳Ｂ２,1500,ダ,右,良,晴,10,7,8,センベロ,牝,3,54.0,378,-2,松戸政,藤田弘,,6,1:41.1,40.3,5-6-6-6,9,378,-2
2024/04/28,金沢,3,まえれなとあそぼ！～前田玲奈超誕３歳Ｂ２,1500,ダ,右,良,晴,10,7,7,エイシンソナタ,牝,3,54.0,422,4,葛山晃,菅原欣,,7,1:41.5,40.4,8-7-8-7,8,422,4
2024/04/28,金沢,3,まえれなとあそぼ！～前田玲奈超誕３歳Ｂ２,1500,ダ,右,良,晴,10,6,6,セイウンラビリンス,牡,3,56.0,484,4,沖静男,川添明,,8,1:42.8,41.4,8-9-9-9,7,484,4
2024/04/28,金沢,3,まえれなとあそぼ！～前田玲奈超誕３歳Ｂ２,1500,ダ,右,良,晴,10,1,1,ベストブラボー,牝,3,54.0,434,4,魚住謙,鈴木正,,9,1:44.4,43.5,7-7-7-8,6,434,4
2024/04/28,金沢,3,まえれなとあそぼ！～前田玲奈超誕３歳Ｂ２,1500,ダ,右,良,晴,10,4,4,アマネク,牝,3,53.0,0,0,加藤翔,田嶋幸,,,,,,,0,0
2024/04/28,金沢,4,アイスべき声優　前田玲奈誕生日杯Ｃ１六,1400,ダ,右,良,晴,8,4,4,ナイトスターリリー,牝,7,54.0,456,5,堀場裕,高橋優,,1,1:31.2,39.5,4-3-3-1,2,456,5
2024/04/28,金沢,4,アイスべき声優　前田玲奈誕生日杯Ｃ１六,1400,ダ,右,良,晴,8,7,7,レッドフェリーチェ,牝,7,54.0,468,2,松戸政,菅原欣,,2,1:31.9,40.5,1-1-1-2,1,468,2
2024/04/28,金沢,4,アイスべき声優　前田玲奈誕生日杯Ｃ１六,1400,ダ,右,良,晴,8,5,5,コバルトスカイ,牝,7,54.0,493,9,葛山晃,菅原欣,,3,1:32.0,38.1,8-8-8-4,3,493,9
2024/04/28,金沢,4,アイスべき声優　前田玲奈誕生日杯Ｃ１六,1400,ダ,右,良,晴,8,3,3,サウスシーパール,牡,4,56.0,471,4,栗原大,菅原欣,,4,1:32.3,40.1,6-5-4-3,4,471,4
2024/04/28,金沢,4,アイスべき声優　前田玲奈誕生日杯Ｃ１六,1400,ダ,右,良,晴,8,6,6,ステイグリーン,牡,8,56.0,540,3,兼子千,黒木豊,,5,1:32.8,39.9,2-5-6-7,5,540,3
2024/04/28,金沢,4,アイスべき声優　前田玲奈誕生日杯Ｃ１六,1400,ダ,右,良,晴,8,8,8,シュネルン,牝,7,54.0,464,6,米倉知,高橋俊,,6,1:33.0,40.6,4-4-5-6,7,464,6
2024/04/28,金沢,4,アイスべき声優　前田玲奈誕生日杯Ｃ１六,1400,ダ,右,良,晴,8,1,1,メイショウツガミネ,牡,5,56.0,472,17,沖静男,井樋一,,7,1:35.7,42.4,6-7-7-8,8,472,17
2024/04/28,金沢,4,アイスべき声優　前田玲奈誕生日杯Ｃ１六,1400,ダ,右,良,晴,8,2,2,エクメディダイヤ,牡,5,56.0,477,3,中島龍,金田一,,8,1:35.7,44.2,3-2-2-5,6,477,3
2024/04/28,金沢,5,ルチルクォーツ特別３歳Ｂ１,1500,ダ,右,良,晴,9,2,2,ミラクルカカオ,牝,3,54.0,398,3,鈴木太,加藤義,,1,1:39.0,40.4,4-4-4-3,8,398,3
2024/04/28,金沢,5,ルチルクォーツ特別３歳Ｂ１,1500,ダ,右,良,晴,9,6,6,オーデンリッキー,牝,3,54.0,445,-5,中島龍,高橋俊,,2,1:39.0,41.9,2-2-2-2,5,445,-5
2024/04/28,金沢,5,ルチルクォーツ特別３歳Ｂ１,1500,ダ,右,良,晴,9,8,8,ダズリングレイ,牝,3,54.0,487,7,兼子千,黒木豊,,3,1:39.2,42.2,1-1-1-1,3,487,7
2024/04/28,金沢,5,ルチルクォーツ特別３歳Ｂ１,1500,ダ,右,良,晴,9,5,5,ジークアスリート,牡,3,56.0,419,0,栗原大,菅原欣,,4,1:39.3,39.9,6-6-6-5,2,419,0
2024/04/28,金沢,5,ルチルクォーツ特別３歳Ｂ１,1500,ダ,右,良,晴,9,3,3,メニー,牡,3,55.0,423,1,加藤翔,中川雅,,5,1:39.6,39.5,8-8-8-7,4,423,1
2024/04/28,金沢,5,ルチルクォーツ特別３歳Ｂ１,1500,ダ,右,良,晴,9,4,4,ミュークロア,牝,3,54.0,411,2,葛山晃,高橋俊,,6,1:39.6,40.6,5-5-5-5,7,411,2
2024/04/28,金沢,5,ルチルクォーツ特別３歳Ｂ１,1500,ダ,右,良,晴,9,8,9,リュウノラッシュ,牝,3,54.0,376,4,堀場裕,加藤義,,7,1:39.7,40.0,7-7-7-7,6,376,4
2024/04/28,金沢,5,ルチルクォーツ特別３歳Ｂ１,1500,ダ,右,良,晴,9,1,1,シェルターベルト,牝,3,54.0,458,-7,魚住謙,高橋俊,,8,1:39.8,41.5,3-3-3-3,1,458,-7
2024/04/28,金沢,5,ルチルクォーツ特別３歳Ｂ１,1500,ダ,右,良,晴,9,7,7,エドヴァルド,牡,3,56.0,0,0,沖静男,田嶋幸,,,,,,,0,0
2024/04/28,金沢,6,第６回琴音ちゃん誕生日記念★Ｃ１五,1400,ダ,右,良,晴,8,1,1,ウルトラワールド,牡,4,55.0,468,2,加藤翔,加藤義,,1,1:30.3,39.1,1-1-1-1,2,468,2
2024/04/28,金沢,6,第６回琴音ちゃん誕生日記念★Ｃ１五,1400,ダ,右,良,晴,8,5,5,ヴィクターバローズ,セ,0,56.0,466,1,堀場裕,中川雅,,2,1:30.5,38.4,5-5-5-3,1,466,1
2024/04/28,金沢,6,第６回琴音ちゃん誕生日記念★Ｃ１五,1400,ダ,右,良,晴,8,3,3,ベルウッドアラシ,牡,4,56.0,453,7,鈴木太,加藤義,,3,1:30.8,39.1,3-3-3-3,5,453,7
2024/04/28,金沢,6,第６回琴音ちゃん誕生日記念★Ｃ１五,1400,ダ,右,良,晴,8,2,2,ヒロノランマン,セ,0,56.0,524,10,柴田勇,金田一,,4,1:31.3,39.0,7-7-7-5,7,524,10
2024/04/28,金沢,6,第６回琴音ちゃん誕生日記念★Ｃ１五,1400,ダ,右,良,晴,8,4,4,エムオータイショウ,牡,8,56.0,518,2,中島龍,佐藤茂,,5,1:32.6,41.3,2-2-2-2,3,518,2
2024/04/28,金沢,6,第６回琴音ちゃん誕生日記念★Ｃ１五,1400,ダ,右,良,晴,8,6,6,レイワガンタン,セ,0,56.0,445,-4,吉田晃,佐藤茂,,6,1:32.8,40.8,5-6-5-6,4,445,-4
2024/04/28,金沢,6,第６回琴音ちゃん誕生日記念★Ｃ１五,1400,ダ,右,良,晴,8,8,8,ライダーストーム,牡,5,56.0,498,3,西啓太,井樋一,,7,1:33.4,41.5,4-4-3-6,6,498,3
2024/04/28,金沢,6,第６回琴音ちゃん誕生日記念★Ｃ１五,1400,ダ,右,良,晴,8,7,7,オミワタリ,牡,5,56.0,0,0,魚住謙,田嶋幸,,,,,,,0,0
2024/04/28,金沢,7,らら皆に愛され立派に大きくなりましＣ１四,1500,ダ,右,良,晴,9,7,7,マクシミリアン,牡,6,56.0,466,-7,中島龍,高橋俊,,1,1:35.9,38.1,1-1-1-1,1,466,-7
2024/04/28,金沢,7,らら皆に愛され立派に大きくなりましＣ１四,1500,ダ,右,良,晴,9,3,3,ダフニス,セ,0,56.0,442,3,米倉知,高橋俊,,2,1:37.6,39.5,2-2-2-2,4,442,3
2024/04/28,金沢,7,らら皆に愛され立派に大きくなりましＣ１四,1500,ダ,右,良,晴,9,1,1,コンパウンダー,牡,9,56.0,462,3,葛山晃,川添明,,3,1:37.6,38.4,7-7-7-6,8,462,3
2024/04/28,金沢,7,らら皆に愛され立派に大きくなりましＣ１四,1500,ダ,右,良,晴,9,4,4,ベルクハイム,牡,7,56.0,551,10,柴田勇,井樋一,,4,1:37.9,39.7,2-2-3-3,3,551,10
2024/04/28,金沢,7,らら皆に愛され立派に大きくなりましＣ１四,1500,ダ,右,良,晴,9,8,9,インワンシティング,セ,0,56.0,438,3,栗原大,加藤和,,5,1:37.9,39.4,4-4-4-4,2,438,3
2024/04/28,金沢,7,らら皆に愛され立派に大きくなりましＣ１四,1500,ダ,右,良,晴,9,8,8,コパノピッチング,牡,6,56.0,509,-1,吉田晃,鋤田誠,,6,1:38.2,39.6,6-5-5-4,6,509,-1
2024/04/28,金沢,7,らら皆に愛され立派に大きくなりましＣ１四,1500,ダ,右,良,晴,9,2,2,ベルウッドミカサ,牡,4,55.0,454,14,加藤翔,加藤義,,7,1:38.8,40.0,5-6-6-7,5,454,14
2024/04/28,金沢,7,らら皆に愛され立派に大きくなりましＣ１四,1500,ダ,右,良,晴,9,5,5,ナムラロロ,牡,5,56.0,445,6,堀場裕,井樋一,,8,1:39.0,39.0,8-8-8-8,7,445,6
2024/04/28,金沢,7,らら皆に愛され立派に大きくなりましＣ１四,1500,ダ,右,良,晴,9,6,6,スタールーズベルト,牡,4,56.0,0,0,鈴木太,藤田弘,,,,,,,0,0
2024/04/28,金沢,8,まえれなちゃん生誕祭記念Ｂ１四特別編成,1400,ダ,右,良,晴,10,1,1,ラスティネイル,牝,6,54.0,466,24,葛山晃,川添明,,1,1:29.4,39.1,1-1-1-1,1,466,24
2024/04/28,金沢,8,まえれなちゃん生誕祭記念Ｂ１四特別編成,1400,ダ,右,良,晴,10,5,5,ミーハディビーナ,牝,7,54.0,441,-4,栗原大,菅原欣,,2,1:31.1,39.9,2-4-4-2,2,441,-4
2024/04/28,金沢,8,まえれなちゃん生誕祭記念Ｂ１四特別編成,1400,ダ,右,良,晴,10,4,4,ヴィルベッピンサン,牝,5,54.0,470,3,魚住謙,鋤田誠,,3,1:31.3,38.9,6-6-6-4,8,470,3
2024/04/28,金沢,8,まえれなちゃん生誕祭記念Ｂ１四特別編成,1400,ダ,右,良,晴,10,7,8,ドリュウ,牡,9,56.0,466,-7,柴田勇,金田一,,4,1:31.7,39.1,9-8-8-6,4,466,-7
2024/04/28,金沢,8,まえれなちゃん生誕祭記念Ｂ１四特別編成,1400,ダ,右,良,晴,10,8,9,カレイジャス,牝,4,54.0,443,5,中島龍,藤田弘,,5,1:31.8,38.8,8-9-9-9,10,443,5
2024/04/28,金沢,8,まえれなちゃん生誕祭記念Ｂ１四特別編成,1400,ダ,右,良,晴,10,7,7,クラウドクラスター,牡,5,56.0,504,7,米倉知,佐藤茂,,6,1:31.8,39.4,7-7-6-7,3,504,7
2024/04/28,金沢,8,まえれなちゃん生誕祭記念Ｂ１四特別編成,1400,ダ,右,良,晴,10,2,2,モズアンカー,牡,4,56.0,472,4,吉田晃,佐藤茂,,7,1:32.6,42.0,2-2-2-3,6,472,4
2024/04/28,金沢,8,まえれなちゃん生誕祭記念Ｂ１四特別編成,1400,ダ,右,良,晴,10,8,10,ホイッスルベイト,牝,5,54.0,453,4,兼子千,高橋俊,,8,1:33.5,42.8,2-3-3-5,5,453,4
2024/04/28,金沢,8,まえれなちゃん生誕祭記念Ｂ１四特別編成,1400,ダ,右,良,晴,10,6,6,ウインイノセンス,牡,5,56.0,522,7,沖静男,高橋俊,,9,1:34.0,41.9,5-5-5-8,9,522,7
2024/04/28,金沢,8,まえれなちゃん生誕祭記念Ｂ１四特別編成,1400,ダ,右,良,晴,10,3,3,ピンクビジョン,牝,4,53.0,423,2,加藤翔,加藤和,,,,,10-10,7,423,2
2024/04/28,金沢,9,さらっと今日も馬券を当てちＢ１三特別編成,1500,ダ,右,良,晴,9,8,9,ピースイギー,牝,5,54.0,423,0,堀場裕,金田一,,1,1:37.0,39.5,4-4-4-3,7,423,0
2024/04/28,金沢,9,さらっと今日も馬券を当てちＢ１三特別編成,1500,ダ,右,良,晴,9,5,5,ジェネラルエリア,牝,7,54.0,489,3,松戸政,井樋一,,2,1:37.3,39.6,6-6-6-4,3,489,3
2024/04/28,金沢,9,さらっと今日も馬券を当てちＢ１三特別編成,1500,ダ,右,良,晴,9,6,6,ルビースター,牝,6,54.0,502,-6,中島龍,加藤和,,3,1:37.6,40.6,2-2-1-1,5,502,-6
2024/04/28,金沢,9,さらっと今日も馬券を当てちＢ１三特別編成,1500,ダ,右,良,晴,9,7,7,クールシャイン,牡,7,56.0,504,1,吉田晃,鈴木正,,4,1:37.8,39.7,7-7-7-5,4,504,1
2024/04/28,金沢,9,さらっと今日も馬券を当てちＢ１三特別編成,1500,ダ,右,良,晴,9,3,3,ベルウッドムサシ,牡,4,55.0,461,0,加藤翔,加藤義,,5,1:37.9,38.6,9-9-9-7,1,461,0
2024/04/28,金沢,9,さらっと今日も馬券を当てちＢ１三特別編成,1500,ダ,右,良,晴,9,2,2,テリオスリノ,牝,5,54.0,444,18,魚住謙,高橋優,,6,1:38.8,40.1,8-8-8-9,9,444,18
2024/04/28,金沢,9,さらっと今日も馬券を当てちＢ１三特別編成,1500,ダ,右,良,晴,9,4,4,ウインクルシャープ,牝,5,54.0,477,20,柴田勇,中川雅,,7,1:39.1,42.1,1-1-1-2,2,477,20
2024/04/28,金沢,9,さらっと今日も馬券を当てちＢ１三特別編成,1500,ダ,右,良,晴,9,8,8,ベルウッドシキシマ,牡,4,56.0,446,2,鈴木太,加藤義,,8,1:39.3,42.2,3-3-3-5,6,446,2
2024/04/28,金沢,9,さらっと今日も馬券を当てちＢ１三特別編成,1500,ダ,右,良,晴,9,1,1,ヤイバ,牡,5,56.0,464,-1,兼子千,加藤義,,9,1:39.8,42.2,5-5-4-7,8,464,-1
2024/04/28,金沢,10,楽天競馬の特産品プレゼント締切間近Ａ２二,1500,ダ,右,良,晴,12,8,12,ウインコマチ,牝,4,54.0,455,4,米倉知,中川雅,,1,1:36.7,39.7,3-4-2-1,1,455,4
2024/04/28,金沢,10,楽天競馬の特産品プレゼント締切間近Ａ２二,1500,ダ,右,良,晴,12,5,6,ガクチカキッズ,牡,10,56.0,470,-1,西啓太,井樋一,,2,1:36.8,38.3,11-11-10-8,3,470,-1
2024/04/28,金沢,10,楽天競馬の特産品プレゼント締切間近Ａ２二,1500,ダ,右,良,晴,12,5,5,マイネルヘリテージ,牡,5,56.0,423,-1,松戸政,井樋一,,3,1:36.9,38.7,8-8-8-5,6,423,-1
2024/04/28,金沢,10,楽天競馬の特産品プレゼント締切間近Ａ２二,1500,ダ,右,良,晴,12,3,3,グランメゾン,牝,5,54.0,435,-5,兼子千,宗綱泰,,4,1:37.2,39.8,5-6-5-3,10,435,-5
2024/04/28,金沢,10,楽天競馬の特産品プレゼント締切間近Ａ２二,1500,ダ,右,良,晴,12,7,9,キョウエイロナ,牝,6,54.0,445,-1,栗原大,加藤和,,5,1:37.3,39.5,7-7-7-6,4,445,-1
2024/04/28,金沢,10,楽天競馬の特産品プレゼント締切間近Ａ２二,1500,ダ,右,良,晴,12,6,7,ブーケドフルール,牝,6,54.0,429,-1,中島龍,加藤義,,6,1:37.5,39.2,9-9-8-6,5,429,-1
2024/04/28,金沢,10,楽天競馬の特産品プレゼント締切間近Ａ２二,1500,ダ,右,良,晴,12,8,11,サッキールビアノ,牡,6,55.0,493,-2,加藤翔,加藤義,,7,1:37.8,41.3,1-1-1-2,2,493,-2
2024/04/28,金沢,10,楽天競馬の特産品プレゼント締切間近Ａ２二,1500,ダ,右,良,晴,12,1,1,アルティスタエース,牡,9,56.0,465,-1,堀場裕,井樋一,,8,1:38.4,41.0,5-5-6-9,8,465,-1
2024/04/28,金沢,10,楽天競馬の特産品プレゼント締切間近Ａ２二,1500,ダ,右,良,晴,12,7,10,ミオソフィア,牝,4,54.0,404,4,塚本征,中川雅,,9,1:38.5,41.6,4-3-4-4,7,404,4
2024/04/28,金沢,10,楽天競馬の特産品プレゼント締切間近Ａ２二,1500,ダ,右,良,晴,12,2,2,エムティヒビキ,セ,0,56.0,414,2,魚住謙,高橋優,,10,1:39.2,40.3,9-9-11-11,9,414,2
2024/04/28,金沢,10,楽天競馬の特産品プレゼント締切間近Ａ２二,1500,ダ,右,良,晴,12,4,4,ルナエルモッサ,牝,5,54.0,428,-5,沖静男,川添明,,11,1:40.4,43.9,1-1-2-10,11,428,-5
2024/04/28,金沢,10,楽天競馬の特産品プレゼント締切間近Ａ２二,1500,ダ,右,良,晴,12,6,8,アルカウン,牝,7,54.0,0,0,柴田勇,井樋一,,,,,,,0,0
2024/04/28,金沢,11,北日本新聞杯【石川優駿トライアル】３歳,1700,ダ,右,良,晴,11,4,4,リケアマロン,牝,3,54.0,414,-3,西啓太,加藤義,,1,1:50.1,38.1,3-3-2-1,2,414,-3
2024/04/28,金沢,11,北日本新聞杯【石川優駿トライアル】３歳,1700,ダ,右,良,晴,11,6,6,ダブルアタック,牡,3,56.0,480,4,栗原大,金田一,,2,1:51.2,39.3,2-2-1-2,3,480,4
2024/04/28,金沢,11,北日本新聞杯【石川優駿トライアル】３歳,1700,ダ,右,良,晴,11,5,5,ニキ,牡,3,56.0,487,-6,加藤翔,加藤義,,3,1:52.5,39.5,8-8-5-5,4,487,-6
2024/04/28,金沢,11,北日本新聞杯【石川優駿トライアル】３歳,1700,ダ,右,良,晴,11,1,1,カレンアイバーソン,牡,3,56.0,456,-3,松戸政,井樋一,,4,1:52.9,38.9,11-11-9-7,7,456,-3
2024/04/28,金沢,11,北日本新聞杯【石川優駿トライアル】３歳,1700,ダ,右,良,晴,11,3,3,エムティトップ,牝,3,54.0,393,-5,吉田晃,佐藤茂,,5,1:53.2,40.3,5-5-5-6,6,393,-5
2024/04/28,金沢,11,北日本新聞杯【石川優駿トライアル】３歳,1700,ダ,右,良,晴,11,2,2,トルピード,牝,3,54.0,427,-7,魚住謙,高橋俊,,6,1:53.3,39.7,10-9-8-9,8,427,-7
2024/04/28,金沢,11,北日本新聞杯【石川優駿トライアル】３歳,1700,ダ,右,良,晴,11,8,11,レーヴァローゼ,牝,3,54.0,408,2,堀場裕,藤田弘,,7,1:53.4,40.3,7-7-7-8,11,408,2
2024/04/28,金沢,11,北日本新聞杯【石川優駿トライアル】３歳,1700,ダ,右,良,晴,11,8,10,ドンリュウスター,牡,3,56.0,441,-3,沖静男,高橋俊,,8,1:54.0,41.3,6-6-4-4,10,441,-3
2024/04/28,金沢,11,北日本新聞杯【石川優駿トライアル】３歳,1700,ダ,右,良,晴,11,7,9,マイネルスピカ,牡,3,56.0,454,8,米倉知,加藤和,,9,1:54.0,41.7,4-4-3-3,5,454,8
2024/04/28,金沢,11,北日本新聞杯【石川優駿トライアル】３歳,1700,ダ,右,良,晴,11,6,7,ショウナンサクレツ,牡,3,56.0,482,2,塚本征,中川雅,,10,1:54.8,41.0,8-10-10-10,9,482,2
2024/04/28,金沢,11,北日本新聞杯【石川優駿トライアル】３歳,1700,ダ,右,良,晴,11,7,8,リメンバーアポロ,牡,3,56.0,446,-5,中島龍,佐藤茂,,,,,1-1-1,1,446,-5
2024/04/30,金沢,1,３歳Ｂ６,1400,ダ,右,稍重,曇,8,8,8,ワイドステラ,牝,3,54.0,460,10,米倉知,加藤和,,1,1:32.2,38.8,2-2-1-1,1,460,10
2024/04/30,金沢,1,３歳Ｂ６,1400,ダ,右,稍重,曇,8,5,5,リフトローダー,牝,3,54.0,488,18,中島龍,高橋俊,,2,1:33.1,39.5,4-4-2-2,3,488,18
2024/04/30,金沢,1,３歳Ｂ６,1400,ダ,右,稍重,曇,8,1,1,リベラメ,牝,3,53.0,526,3,加藤翔,加藤義,,3,1:33.5,40.1,1-1-2-3,6,526,3
2024/04/30,金沢,1,３歳Ｂ６,1400,ダ,右,稍重,曇,8,4,4,レクエルダメ,牝,3,54.0,453,19,魚住謙,金田一,,4,1:33.7,39.3,7-7-6-6,5,453,19
2024/04/30,金沢,1,３歳Ｂ６,1400,ダ,右,稍重,曇,8,2,2,アオイカメリア,牝,3,54.0,418,-7,鈴木太,加藤義,,5,1:33.8,39.7,5-5-5-5,7,418,-7
2024/04/30,金沢,1,３歳Ｂ６,1400,ダ,右,稍重,曇,8,3,3,アルシンダガ,牡,3,56.0,440,8,栗原大,加藤和,,6,1:34.3,40.5,3-3-4-4,2,440,8
2024/04/30,金沢,1,３歳Ｂ６,1400,ダ,右,稍重,曇,8,7,7,アブデラザール,牝,3,54.0,388,6,堀場裕,加藤義,,7,1:35.6,40.9,6-6-7-7,8,388,6
2024/04/30,金沢,1,３歳Ｂ６,1400,ダ,右,稍重,曇,8,6,6,ゴールデンスレッド,牝,3,54.0,0,0,松戸政,井樋一,,8,1:36.1,40.7,8-8-8-8,4,0,0
2024/04/30,金沢,2,３歳Ｂ５,1400,ダ,右,稍重,曇,8,3,3,ラストヒロイン,牝,3,54.0,430,-19,中島龍,加藤和,,1,1:29.8,38.3,2-2-1-1,2,430,-19
2024/04/30,金沢,2,３歳Ｂ５,1400,ダ,右,稍重,曇,8,2,2,ヌンコッチ,牝,3,54.0,453,9,鈴木太,加藤和,,2,1:30.4,38.4,4-5-3-2,1,453,9
2024/04/30,金沢,2,３歳Ｂ５,1400,ダ,右,稍重,曇,8,5,5,ナックエクスプレス,牝,3,53.0,435,13,加藤翔,中川雅,,3,1:31.8,40.2,1-1-2-3,4,435,13
2024/04/30,金沢,2,３歳Ｂ５,1400,ダ,右,稍重,曇,8,4,4,ランフォーリリーズ,牝,3,54.0,396,-10,魚住謙,高橋優,,4,1:33.7,40.4,6-7-7-7,7,396,-10
2024/04/30,金沢,2,３歳Ｂ５,1400,ダ,右,稍重,曇,8,8,8,アオイエクラタン,牝,3,54.0,394,-8,堀場裕,加藤義,,5,1:33.7,41.7,2-3-4-4,6,394,-8
2024/04/30,金沢,2,３歳Ｂ５,1400,ダ,右,稍重,曇,8,7,7,オープンソース,牝,3,54.0,435,-2,沖静男,川添明,,6,1:34.3,41.9,4-4-5-4,5,435,-2
2024/04/30,金沢,2,３歳Ｂ５,1400,ダ,右,稍重,曇,8,6,6,パラベイド,牡,3,56.0,527,9,池田敦,高橋俊,,7,1:34.6,41.8,6-6-6-6,3,527,9
2024/04/30,金沢,2,３歳Ｂ５,1400,ダ,右,稍重,曇,8,1,1,サンサンサンキュー,牡,3,56.0,482,6,葛山晃,菅原欣,,8,1:35.3,40.3,8-8-8-8,8,482,6
2024/04/30,金沢,3,Ｃ１七,1400,ダ,右,稍重,曇,7,3,3,デルマスソバライ,牝,4,53.0,417,2,加藤翔,加藤義,,1,1:31.0,38.5,3-3-3-3,2,417,2
2024/04/30,金沢,3,Ｃ１七,1400,ダ,右,稍重,曇,7,6,6,キノトクイーン,牝,6,54.0,464,4,栗原大,高橋俊,,2,1:31.6,39.7,2-2-2-2,3,464,4
2024/04/30,金沢,3,Ｃ１七,1400,ダ,右,稍重,曇,7,4,4,アイスムーン,牝,6,54.0,447,1,魚住謙,鋤田誠,,3,1:32.2,39.3,5-5-5-4,4,447,1
2024/04/30,金沢,3,Ｃ１七,1400,ダ,右,稍重,曇,7,1,1,グローリアステラ,牝,6,54.0,451,7,兼子千,佐藤茂,,4,1:32.4,39.2,6-6-6-6,6,451,7
2024/04/30,金沢,3,Ｃ１七,1400,ダ,右,稍重,曇,7,7,7,ライムワード,セ,0,56.0,526,-1,松戸政,黒木豊,,5,1:32.4,39.7,3-4-4-5,5,526,-1
2024/04/30,金沢,3,Ｃ１七,1400,ダ,右,稍重,曇,7,2,2,ディスモーメント,牡,8,56.0,560,12,吉原寛,井樋一,,6,1:32.5,42.0,1-1-1-1,1,560,12
2024/04/30,金沢,3,Ｃ１七,1400,ダ,右,稍重,曇,7,5,5,ウィズザタイムズ,牝,5,54.0,440,-7,堀場裕,高橋優,,7,1:34.5,41.0,7-7-7-7,7,440,-7
2024/04/30,金沢,4,能登半島地震復興支援杯１７ ３歳Ａ４,1400,ダ,右,稍重,雨,9,4,4,ロックシティボーイ,牡,3,56.0,446,4,堀場裕,加藤和,,1,1:30.9,38.6,9-7-4-1,1,446,4
2024/04/30,金沢,4,能登半島地震復興支援杯１７ ３歳Ａ４,1400,ダ,右,稍重,雨,9,1,1,バスターショット,セ,0,56.0,420,-4,葛山晃,高橋俊,,2,1:31.9,40.1,5-4-2-1,2,420,-4
2024/04/30,金沢,4,能登半島地震復興支援杯１７ ３歳Ａ４,1400,ダ,右,稍重,雨,9,3,3,ベアビー,牝,3,54.0,471,-5,栗原大,加藤和,,3,1:32.2,39.5,6-6-7-5,5,471,-5
2024/04/30,金沢,4,能登半島地震復興支援杯１７ ３歳Ａ４,1400,ダ,右,稍重,雨,9,8,8,リケアリラ,牝,3,54.0,402,-5,吉原寛,加藤義,,4,1:32.7,40.2,3-4-6-7,3,402,-5
2024/04/30,金沢,4,能登半島地震復興支援杯１７ ３歳Ａ４,1400,ダ,右,稍重,雨,9,2,2,ランハルト,牡,3,56.0,456,5,柴田勇,金田一,,5,1:32.9,40.5,3-3-5-4,9,456,5
2024/04/30,金沢,4,能登半島地震復興支援杯１７ ３歳Ａ４,1400,ダ,右,稍重,雨,9,6,6,ユイノグランコード,牡,3,56.0,485,7,中島龍,加藤和,,6,1:33.7,42.0,1-1-1-1,4,485,7
2024/04/30,金沢,4,能登半島地震復興支援杯１７ ３歳Ａ４,1400,ダ,右,稍重,雨,9,8,9,ナイトプラネット,牝,3,54.0,442,-1,松戸政,井樋一,,7,1:34.1,41.0,8-9-8-8,7,442,-1
2024/04/30,金沢,4,能登半島地震復興支援杯１７ ３歳Ａ４,1400,ダ,右,稍重,雨,9,7,7,ブラヴォージャパン,牝,3,54.0,425,2,吉田晃,佐藤茂,,8,1:34.5,42.7,1-2-2-6,6,425,2
2024/04/30,金沢,4,能登半島地震復興支援杯１７ ３歳Ａ４,1400,ダ,右,稍重,雨,9,5,5,タルト,牝,3,54.0,469,11,鈴木太,加藤義,,9,1:36.9,43.7,6-8-9-9,8,469,11
2024/04/30,金沢,5,モッコウバラ賞Ｃ１三以下牝馬,1400,ダ,右,稍重,雨,10,5,5,レディグレイ,牝,8,54.0,487,-3,吉原寛,井樋一,,1,1:30.0,38.0,5-5-3-2,1,487,-3
2024/04/30,金沢,5,モッコウバラ賞Ｃ１三以下牝馬,1400,ダ,右,稍重,雨,10,4,4,ユキゲショウ,牝,5,54.0,460,2,沖静男,川添明,,2,1:30.6,39.4,1-1-1-1,4,460,2
2024/04/30,金沢,5,モッコウバラ賞Ｃ１三以下牝馬,1400,ダ,右,稍重,雨,10,2,2,ティアン,牝,4,54.0,427,-1,中島龍,佐藤茂,,3,1:31.0,39.2,4-4-5-3,3,427,-1
2024/04/30,金沢,5,モッコウバラ賞Ｃ１三以下牝馬,1400,ダ,右,稍重,雨,10,1,1,ジェイケイヒロイン,牝,8,54.0,447,2,松戸政,井樋一,,4,1:31.7,39.5,6-7-7-5,6,447,2
2024/04/30,金沢,5,モッコウバラ賞Ｃ１三以下牝馬,1400,ダ,右,稍重,雨,10,8,9,レッツドゥイット,牝,5,54.0,454,-1,吉田晃,佐藤茂,,5,1:31.9,40.4,3-3-2-4,7,454,-1
2024/04/30,金沢,5,モッコウバラ賞Ｃ１三以下牝馬,1400,ダ,右,稍重,雨,10,6,6,グッドラックスター,牝,7,54.0,463,-4,堀場裕,鈴木正,,6,1:31.9,39.7,6-6-6-6,2,463,-4
2024/04/30,金沢,5,モッコウバラ賞Ｃ１三以下牝馬,1400,ダ,右,稍重,雨,10,8,10,レモン,牝,7,54.0,407,1,栗原大,菅原欣,,7,1:32.1,39.3,9-9-9-8,5,407,1
2024/04/30,金沢,5,モッコウバラ賞Ｃ１三以下牝馬,1400,ダ,右,稍重,雨,10,3,3,デンドロビウム,牝,5,54.0,452,0,兼子千,宗綱泰,,8,1:32.2,39.6,8-8-8-7,10,452,0
2024/04/30,金沢,5,モッコウバラ賞Ｃ１三以下牝馬,1400,ダ,右,稍重,雨,10,7,7,シゲルシチフクジン,牝,12,54.0,444,0,葛山晃,川添明,,9,1:32.5,39.6,10-10-10-10,9,444,0
2024/04/30,金沢,5,モッコウバラ賞Ｃ１三以下牝馬,1400,ダ,右,稍重,雨,10,7,8,エイシンシルエット,牝,6,53.0,481,5,加藤翔,室井眞,,10,1:33.6,42.1,2-2-3-9,8,481,5
2024/04/30,金沢,6,３歳Ａ３,1500,ダ,右,稍重,雨,9,4,4,ナミダノキス,牡,3,56.0,536,-4,柴田勇,金田一,,1,1:35.5,38.0,6-5-3-1,1,536,-4
2024/04/30,金沢,6,３歳Ａ３,1500,ダ,右,稍重,雨,9,5,5,フィンガーズクロス,牡,3,55.0,497,4,加藤翔,金田一,,2,1:37.5,40.0,4-4-4-3,3,497,4
2024/04/30,金沢,6,３歳Ａ３,1500,ダ,右,稍重,雨,9,7,7,ショウナンラッシュ,牡,3,56.0,524,-3,栗原大,加藤和,,3,1:38.1,40.1,6-7-6-6,6,524,-3
2024/04/30,金沢,6,３歳Ａ３,1500,ダ,右,稍重,雨,9,8,9,ピオニエーレ,牡,3,56.0,438,-1,中島龍,金田一,,4,1:38.2,42.1,1-1-1-2,4,438,-1
2024/04/30,金沢,6,３歳Ａ３,1500,ダ,右,稍重,雨,9,6,6,カミソリストレート,牡,3,56.0,468,0,鈴木太,鈴木正,,5,1:38.5,42.2,1-1-2-3,5,468,0
2024/04/30,金沢,6,３歳Ａ３,1500,ダ,右,稍重,雨,9,8,8,ロングレジリエント,牡,3,56.0,435,-1,米倉知,藤田弘,,6,1:38.6,40.7,5-6-6-7,7,435,-1
2024/04/30,金沢,6,３歳Ａ３,1500,ダ,右,稍重,雨,9,2,2,アクス,牝,3,54.0,410,-5,吉田晃,佐藤茂,,7,1:39.1,41.8,3-3-4-5,8,410,-5
2024/04/30,金沢,6,３歳Ａ３,1500,ダ,右,稍重,雨,9,3,3,ネガイヲカナエテ,牝,3,54.0,441,10,魚住謙,金田一,,8,1:39.4,40.7,8-8-8-8,9,441,10
2024/04/30,金沢,6,３歳Ａ３,1500,ダ,右,稍重,雨,9,1,1,フレールサンク,牡,3,56.0,504,4,吉原寛,加藤義,,9,1:39.5,40.7,8-8-8-8,2,504,4
2024/04/30,金沢,7,能登半島地震復興支援杯１８Ｃ１二,1500,ダ,右,稍重,雨,7,7,7,ヘニーイクシード,セ,0,56.0,464,-6,吉原寛,井樋一,,1,1:36.6,39.3,1-1-1-1,1,464,-6
2024/04/30,金沢,7,能登半島地震復興支援杯１８Ｃ１二,1500,ダ,右,稍重,雨,7,2,2,エイシンウィンク,牝,6,54.0,427,-3,松戸政,菅原欣,,2,1:38.0,40.2,3-3-3-2,2,427,-3
2024/04/30,金沢,7,能登半島地震復興支援杯１８Ｃ１二,1500,ダ,右,稍重,雨,7,3,3,ナックメジャー,牡,5,56.0,488,0,柴田勇,金田一,,3,1:38.5,40.0,6-5-5-4,5,488,0
2024/04/30,金沢,7,能登半島地震復興支援杯１８Ｃ１二,1500,ダ,右,稍重,雨,7,1,1,センチュリヒーロー,牡,4,56.0,422,4,米倉知,中川雅,,4,1:38.8,39.9,7-7-6-6,3,422,4
2024/04/30,金沢,7,能登半島地震復興支援杯１８Ｃ１二,1500,ダ,右,稍重,雨,7,4,4,ジャッカルズサン,牡,4,56.0,438,1,沖静男,藤田弘,,5,1:39.2,41.2,4-4-4-5,6,438,1
2024/04/30,金沢,7,能登半島地震復興支援杯１８Ｃ１二,1500,ダ,右,稍重,雨,7,5,5,オウムアムア,牡,8,56.0,560,9,中島龍,金田一,,6,1:39.4,42.0,2-2-2-3,4,560,9
2024/04/30,金沢,7,能登半島地震復興支援杯１８Ｃ１二,1500,ダ,右,稍重,雨,7,6,6,チェルキオ,牡,5,56.0,470,2,鈴木太,室井眞,,7,1:40.0,41.3,5-5-6-7,7,470,2
2024/04/30,金沢,8,たかひろ☆はるな結婚記念３歳Ａ２,1500,ダ,右,稍重,曇,8,4,4,ノブノキャット,牡,3,56.0,413,1,栗原大,加藤和,,1,1:37.9,40.0,4-5-4-3,4,413,1
2024/04/30,金沢,8,たかひろ☆はるな結婚記念３歳Ａ２,1500,ダ,右,稍重,曇,8,1,1,スターマンモス,牝,3,54.0,477,7,吉原寛,藤田弘,,2,1:38.1,40.5,5-4-3-3,3,477,7
2024/04/30,金沢,8,たかひろ☆はるな結婚記念３歳Ａ２,1500,ダ,右,稍重,曇,8,7,7,ガガヒャクマンゴク,牡,3,56.0,525,-3,中島龍,加藤義,,3,1:39.1,42.0,1-1-1-1,1,525,-3
2024/04/30,金沢,8,たかひろ☆はるな結婚記念３歳Ａ２,1500,ダ,右,稍重,曇,8,5,5,エザグランマ,牝,3,53.0,448,-6,加藤翔,井樋一,,4,1:39.4,42.2,2-2-2-2,6,448,-6
2024/04/30,金沢,8,たかひろ☆はるな結婚記念３歳Ａ２,1500,ダ,右,稍重,曇,8,8,8,モモダンゴ,牝,3,54.0,405,-5,兼子千,宗綱泰,,5,1:40.0,41.6,6-6-6-5,7,405,-5
2024/04/30,金沢,8,たかひろ☆はるな結婚記念３歳Ａ２,1500,ダ,右,稍重,曇,8,6,6,サザンフィールド,牡,3,56.0,428,3,柴田勇,金田一,,6,1:40.4,41.6,7-8-8-8,2,428,3
2024/04/30,金沢,8,たかひろ☆はるな結婚記念３歳Ａ２,1500,ダ,右,稍重,曇,8,2,2,テルケンレンテル,牡,3,56.0,479,-11,沖静男,川添明,,7,1:40.9,42.2,8-7-7-7,8,479,-11
2024/04/30,金沢,8,たかひろ☆はるな結婚記念３歳Ａ２,1500,ダ,右,稍重,曇,8,3,3,バージンエスパー,牝,3,54.0,414,5,堀場裕,金田一,,8,1:41.4,43.5,3-3-5-6,5,414,5
2024/04/30,金沢,9,ポイントで馬券を買える！楽天競馬特Ｃ１一,1400,ダ,右,稍重,曇,8,3,3,セブンパワー,セ,0,56.0,458,0,柴田勇,金田一,,1,1:31.2,39.8,4-2-3-2,2,458,0
2024/04/30,金沢,9,ポイントで馬券を買える！楽天競馬特Ｃ１一,1400,ダ,右,稍重,曇,8,4,4,ヴイエルジュ,牝,4,54.0,451,1,中島龍,加藤義,,2,1:31.2,40.7,1-1-1-1,3,451,1
2024/04/30,金沢,9,ポイントで馬券を買える！楽天競馬特Ｃ１一,1400,ダ,右,稍重,曇,8,7,7,フェスティヴノンノ,牝,6,54.0,452,3,米倉知,加藤和,,3,1:31.5,40.3,2-3-2-3,1,452,3
2024/04/30,金沢,9,ポイントで馬券を買える！楽天競馬特Ｃ１一,1400,ダ,右,稍重,曇,8,5,5,クイーンオブロード,牝,5,54.0,431,0,松戸政,黒木豊,,4,1:32.2,40.0,7-7-6-4,6,431,0
2024/04/30,金沢,9,ポイントで馬券を買える！楽天競馬特Ｃ１一,1400,ダ,右,稍重,曇,8,1,1,リトリーブ,牡,4,56.0,446,0,栗原大,菅原欣,,5,1:32.2,39.8,6-6-8-6,5,446,0
2024/04/30,金沢,9,ポイントで馬券を買える！楽天競馬特Ｃ１一,1400,ダ,右,稍重,曇,8,8,8,ブタンタン,牡,5,56.0,485,3,鈴木太,加藤和,,6,1:33.0,41.5,3-4-4-5,7,485,3
2024/04/30,金沢,9,ポイントで馬券を買える！楽天競馬特Ｃ１一,1400,ダ,右,稍重,曇,8,2,2,カネトシロワン,牝,4,53.0,441,2,加藤翔,中川雅,,7,1:33.2,41.2,4-5-5-6,4,441,2
2024/04/30,金沢,9,ポイントで馬券を買える！楽天競馬特Ｃ１一,1400,ダ,右,稍重,曇,8,6,6,カフェリリー,牝,6,54.0,494,0,兼子千,菅原欣,,8,1:33.4,41.2,8-7-6-8,8,494,0
2024/04/30,金沢,10,大濱美亜、金沢競馬＆石川初Ｂ１二特別編成,1400,ダ,右,稍重,曇,8,4,4,ラマジ,牝,4,54.0,450,6,堀場裕,鈴木正,,1,1:30.0,37.9,8-7-6-4,1,450,6
2024/04/30,金沢,10,大濱美亜、金沢競馬＆石川初Ｂ１二特別編成,1400,ダ,右,稍重,曇,8,3,3,シークレットグロウ,牡,5,56.0,439,-4,魚住謙,鋤田誠,,2,1:30.1,38.4,3-3-4-2,7,439,-4
2024/04/30,金沢,10,大濱美亜、金沢競馬＆石川初Ｂ１二特別編成,1400,ダ,右,稍重,曇,8,1,1,スピーディクール,セ,0,56.0,496,3,吉田晃,佐藤茂,,3,1:30.7,38.9,5-4-5-6,2,496,3
2024/04/30,金沢,10,大濱美亜、金沢競馬＆石川初Ｂ１二特別編成,1400,ダ,右,稍重,曇,8,7,7,エイトマイル,牡,8,56.0,521,-2,鈴木太,井樋一,,4,1:30.7,39.4,1-1-1-1,5,521,-2
2024/04/30,金沢,10,大濱美亜、金沢競馬＆石川初Ｂ１二特別編成,1400,ダ,右,稍重,曇,8,2,2,ノーウェイ,牡,9,56.0,513,-4,松戸政,黒木豊,,5,1:30.8,38.7,7-6-6-7,4,513,-4
2024/04/30,金沢,10,大濱美亜、金沢競馬＆石川初Ｂ１二特別編成,1400,ダ,右,稍重,曇,8,8,8,デルマセイレーン,牝,5,53.0,451,7,加藤翔,加藤義,,6,1:30.9,39.4,2-2-2-3,6,451,7
2024/04/30,金沢,10,大濱美亜、金沢競馬＆石川初Ｂ１二特別編成,1400,ダ,右,稍重,曇,8,5,5,シェンフォン,牝,5,54.0,462,15,米倉知,加藤和,,7,1:31.1,39.3,4-8-3-5,3,462,15
2024/04/30,金沢,10,大濱美亜、金沢競馬＆石川初Ｂ１二特別編成,1400,ダ,右,稍重,曇,8,6,6,エイシングラール,牝,5,54.0,460,7,沖静男,川添明,,8,1:33.9,42.0,5-5-6-8,8,460,7
2024/04/30,金沢,11,金沢競馬Ｂ１プレミアムＢ１特選,1500,ダ,右,稍重,雨,9,1,1,エイチエヌバンピー,牡,4,56.0,469,-3,米倉知,佐藤茂,,1,1:35.7,38.2,9-9-7-1,6,469,-3
2024/04/30,金沢,11,金沢競馬Ｂ１プレミアムＢ１特選,1500,ダ,右,稍重,雨,9,8,9,エスカミーリョ,セ,0,56.0,470,-7,中島龍,佐藤茂,,2,1:36.0,39.0,7-6-4-3,1,470,-7
2024/04/30,金沢,11,金沢競馬Ｂ１プレミアムＢ１特選,1500,ダ,右,稍重,雨,9,8,8,イサムサンカ,牡,4,56.0,502,6,吉田晃,佐藤茂,,3,1:36.1,39.3,3-4-3-1,3,502,6
2024/04/30,金沢,11,金沢競馬Ｂ１プレミアムＢ１特選,1500,ダ,右,稍重,雨,9,3,3,ドルヴァル,牡,4,56.0,490,1,栗原大,加藤和,,4,1:36.8,39.4,6-6-8-7,2,490,1
2024/04/30,金沢,11,金沢競馬Ｂ１プレミアムＢ１特選,1500,ダ,右,稍重,雨,9,6,6,プレミアマイン,牝,4,54.0,482,2,柴田勇,加藤和,,5,1:37.0,40.0,4-5-4-5,9,482,2
2024/04/30,金沢,11,金沢競馬Ｂ１プレミアムＢ１特選,1500,ダ,右,稍重,雨,9,7,7,ジェイケイミリミリ,牝,5,54.0,474,-6,池田敦,高橋俊,,6,1:37.8,40.0,8-8-9-8,4,474,-6
2024/04/30,金沢,11,金沢競馬Ｂ１プレミアムＢ１特選,1500,ダ,右,稍重,雨,9,2,2,アオイダリア,牝,4,54.0,448,2,鈴木太,加藤義,,7,1:38.5,41.5,4-3-4-5,8,448,2
2024/04/30,金沢,11,金沢競馬Ｂ１プレミアムＢ１特選,1500,ダ,右,稍重,雨,9,5,5,イリュージョニスト,牡,8,56.0,514,0,葛山晃,高橋俊,,8,1:38.8,42.4,2-1-1-4,5,514,0
2024/04/30,金沢,11,金沢競馬Ｂ１プレミアムＢ１特選,1500,ダ,右,稍重,雨,9,4,4,ラテントパワーズ,牡,8,55.0,533,3,加藤翔,加藤義,,9,1:40.5,44.0,1-1-2-9,7,533,3
2024/04/30,金沢,12,利長特別Ａ２一,1900,ダ,右,稍重,雨,9,8,8,イルティモーネ,セ,0,56.0,444,-3,柴田勇,中川雅,,1,2:04.7,39.4,3-3-3-2,4,444,-3
2024/04/30,金沢,12,利長特別Ａ２一,1900,ダ,右,稍重,雨,9,3,3,サンケイワールド,牡,6,56.0,492,0,中島龍,金田一,,2,2:04.8,40.2,1-1-1-1,6,492,0
2024/04/30,金沢,12,利長特別Ａ２一,1900,ダ,右,稍重,雨,9,7,7,タイサイ,牡,8,55.0,515,11,加藤翔,井樋一,,3,2:06.0,41.1,2-2-2-3,1,515,11
2024/04/30,金沢,12,利長特別Ａ２一,1900,ダ,右,稍重,雨,9,2,2,マノンルージュ,牡,5,56.0,468,0,魚住謙,鈴木正,,4,2:06.7,40.4,8-8-8-6,8,468,0
2024/04/30,金沢,12,利長特別Ａ２一,1900,ダ,右,稍重,雨,9,8,9,クールドレーヌ,牝,5,54.0,417,2,米倉知,高橋俊,,5,2:06.8,41.3,5-5-4-4,3,417,2
2024/04/30,金沢,12,利長特別Ａ２一,1900,ダ,右,稍重,雨,9,5,5,ピエナパプリカ,牡,6,56.0,490,3,栗原大,鋤田誠,,6,2:07.7,41.9,7-7-7-7,5,490,3
2024/04/30,金沢,12,利長特別Ａ２一,1900,ダ,右,稍重,雨,9,4,4,エムオージェネラル,牡,4,56.0,481,5,吉田晃,佐藤茂,,7,2:07.8,42.2,5-6-5-5,7,481,5
2024/04/30,金沢,12,利長特別Ａ２一,1900,ダ,右,稍重,雨,9,6,6,フラッグアドミラル,牡,10,56.0,488,3,堀場裕,中川雅,,8,2:09.1,43.5,4-4-6-7,2,488,3
2024/04/30,金沢,12,利長特別Ａ２一,1900,ダ,右,稍重,雨,9,1,1,パディオアヘッド,セ,0,56.0,0,0,平瀬城,川添明,,,,,,,0,0
2024/05/04,金沢,1,第３回　祭りなら！俺の中Ｃ２十一特別編成,1400,ダ,右,良,晴,10,6,6,ウインドアリエル,牝,6,54.0,432,-5,栗原大,野田幸,,1,1:32.2,39.0,1-1-1-1,3,432,-5
2024/05/04,金沢,1,第３回　祭りなら！俺の中Ｃ２十一特別編成,1400,ダ,右,良,晴,10,3,3,ヨドノストーリー,牡,4,56.0,440,2,兼子千,高橋優,,2,1:33.0,39.8,4-3-2-2,5,440,2
2024/05/04,金沢,1,第３回　祭りなら！俺の中Ｃ２十一特別編成,1400,ダ,右,良,晴,10,2,2,モンテブラック,牡,4,56.0,457,1,葛山晃,菅原欣,,3,1:33.1,39.5,2-2-3-3,2,457,1
2024/05/04,金沢,1,第３回　祭りなら！俺の中Ｃ２十一特別編成,1400,ダ,右,良,晴,10,1,1,リードキングダム,牝,6,54.0,417,-5,松戸政,黒木豊,,4,1:33.4,39.4,8-6-5-4,4,417,-5
2024/05/04,金沢,1,第３回　祭りなら！俺の中Ｃ２十一特別編成,1400,ダ,右,良,晴,10,4,4,ピエールサンデー,牝,8,54.0,410,-1,堀場裕,吉井一,,5,1:34.3,39.9,9-8-6-6,9,410,-1
2024/05/04,金沢,1,第３回　祭りなら！俺の中Ｃ２十一特別編成,1400,ダ,右,良,晴,10,7,7,カジノノーブル,牡,11,56.0,408,5,平瀬城,黒木豊,,6,1:34.7,39.6,10-10-9-7,8,408,5
2024/05/04,金沢,1,第３回　祭りなら！俺の中Ｃ２十一特別編成,1400,ダ,右,良,晴,10,7,8,ヒロノホマレボシ,セ,0,56.0,426,1,吉田晃,佐藤茂,,7,1:35.0,41.3,7-5-4-5,6,426,1
2024/05/04,金沢,1,第３回　祭りなら！俺の中Ｃ２十一特別編成,1400,ダ,右,良,晴,10,5,5,エシェロン,牡,5,56.0,482,1,柴田勇,菅原欣,,8,1:35.6,40.9,3-4-8-8,1,482,1
2024/05/04,金沢,1,第３回　祭りなら！俺の中Ｃ２十一特別編成,1400,ダ,右,良,晴,10,8,10,ジュニアフェザー,牝,6,54.0,447,4,池田敦,鈴木正,,9,1:35.8,41.3,6-7-6-8,10,447,4
2024/05/04,金沢,1,第３回　祭りなら！俺の中Ｃ２十一特別編成,1400,ダ,右,良,晴,10,8,9,ルリフラワー,牝,6,54.0,450,8,魚住謙,田嶋幸,,10,1:35.9,40.3,5-9-10-10,7,450,8
2024/05/04,金沢,2,久留須浩司生誕５０年＆田中Ｃ２十特別編成,1400,ダ,右,良,晴,10,3,3,ヘリオシース,牝,8,54.0,440,5,吉田晃,野田幸,,1,1:33.0,40.2,6-5-4-3,4,440,5
2024/05/04,金沢,2,久留須浩司生誕５０年＆田中Ｃ２十特別編成,1400,ダ,右,良,晴,10,6,6,ピエナファリア,牡,7,56.0,461,3,栗原大,菅原欣,,2,1:33.3,39.3,10-10-10-8,8,461,3
2024/05/04,金沢,2,久留須浩司生誕５０年＆田中Ｃ２十特別編成,1400,ダ,右,良,晴,10,7,8,タペジャラ,牡,4,56.0,456,11,柴田勇,金田一,,3,1:33.5,39.7,5-6-7-7,10,456,11
2024/05/04,金沢,2,久留須浩司生誕５０年＆田中Ｃ２十特別編成,1400,ダ,右,良,晴,10,7,7,オールマイフレンズ,牝,6,54.0,460,4,堀場裕,中川雅,,4,1:33.5,40.6,4-4-5-5,9,460,4
2024/05/04,金沢,2,久留須浩司生誕５０年＆田中Ｃ２十特別編成,1400,ダ,右,良,晴,10,8,9,レイズミーアップ,牡,4,55.0,433,7,加藤翔,中川雅,,5,1:33.6,40.1,8-8-6-5,3,433,7
2024/05/04,金沢,2,久留須浩司生誕５０年＆田中Ｃ２十特別編成,1400,ダ,右,良,晴,10,5,5,シュペルブ,牝,5,54.0,431,4,兼子千,宗綱泰,,6,1:33.8,41.9,2-2-2-1,6,431,4
2024/05/04,金沢,2,久留須浩司生誕５０年＆田中Ｃ２十特別編成,1400,ダ,右,良,晴,10,1,1,レッドアダン,セ,0,56.0,464,3,中島龍,加藤和,,7,1:34.1,41.8,3-3-3-4,2,464,3
2024/05/04,金沢,2,久留須浩司生誕５０年＆田中Ｃ２十特別編成,1400,ダ,右,良,晴,10,2,2,スマッシュパワー,牡,7,56.0,461,-2,池田敦,高橋道,,8,1:34.1,42.3,1-1-1-2,1,461,-2
2024/05/04,金沢,2,久留須浩司生誕５０年＆田中Ｃ２十特別編成,1400,ダ,右,良,晴,10,4,4,フロンテイラ,牡,5,56.0,420,1,松戸政,田嶋幸,,9,1:34.2,40.3,9-9-8-9,5,420,1
2024/05/04,金沢,2,久留須浩司生誕５０年＆田中Ｃ２十特別編成,1400,ダ,右,良,晴,10,8,10,ソッケルカーカ,牝,4,54.0,467,6,魚住謙,高橋優,,10,1:37.0,43.1,7-6-8-10,7,467,6
2024/05/04,金沢,3,第４２回　山崎　悟君　生誕Ｃ２九特別編成,1400,ダ,右,良,晴,9,4,4,ユメカナウトキ,セ,0,56.0,469,7,吉田晃,佐藤茂,,1,1:32.4,40.9,2-2-1-1,2,469,7
2024/05/04,金沢,3,第４２回　山崎　悟君　生誕Ｃ２九特別編成,1400,ダ,右,良,晴,9,8,9,シングンバズーカ,牡,7,56.0,494,3,松戸政,金田一,,2,1:32.5,39.6,6-6-4-2,1,494,3
2024/05/04,金沢,3,第４２回　山崎　悟君　生誕Ｃ２九特別編成,1400,ダ,右,良,晴,9,6,6,ヤマイチレジェンド,牡,12,56.0,533,3,葛山晃,菅原欣,,3,1:32.6,38.8,8-8-7-7,8,533,3
2024/05/04,金沢,3,第４２回　山崎　悟君　生誕Ｃ２九特別編成,1400,ダ,右,良,晴,9,1,1,メトリカルセオリー,牝,5,54.0,479,-1,平瀬城,黒木豊,,4,1:32.6,38.5,7-7-8-5,5,479,-1
2024/05/04,金沢,3,第４２回　山崎　悟君　生誕Ｃ２九特別編成,1400,ダ,右,良,晴,9,7,7,ズッシーノ,牡,5,56.0,443,-3,魚住謙,鋤田誠,,5,1:32.7,40.0,4-4-4-2,4,443,-3
2024/05/04,金沢,3,第４２回　山崎　悟君　生誕Ｃ２九特別編成,1400,ダ,右,良,晴,9,2,2,スイートティアラ,牝,7,54.0,417,-4,池田敦,鈴木正,,6,1:33.8,41.5,5-5-3-4,3,417,-4
2024/05/04,金沢,3,第４２回　山崎　悟君　生誕Ｃ２九特別編成,1400,ダ,右,良,晴,9,8,8,アルジェントステラ,牝,6,53.0,449,-1,加藤翔,加藤和,,7,1:34.2,41.7,3-3-4-7,6,449,-1
2024/05/04,金沢,3,第４２回　山崎　悟君　生誕Ｃ２九特別編成,1400,ダ,右,良,晴,9,3,3,スウィートイレブン,牝,7,54.0,450,6,沖静男,田嶋幸,,8,1:36.3,44.9,1-1-1-5,7,450,6
2024/05/04,金沢,3,第４２回　山崎　悟君　生誕Ｃ２九特別編成,1400,ダ,右,良,晴,9,5,5,ポーラライツ,牡,4,56.0,0,0,栗原大,菅原欣,,,,,,,0,0
2024/05/04,金沢,4,横川上席、還暦おめでとう！Ｃ２四特別編成,1400,ダ,右,良,晴,9,1,1,ビーチブルース,牡,4,56.0,484,5,葛山晃,菅原欣,,1,1:31.7,39.2,7-5-6-4,3,484,5
2024/05/04,金沢,4,横川上席、還暦おめでとう！Ｃ２四特別編成,1400,ダ,右,良,晴,9,2,2,クツワファミリー,牡,4,56.0,479,-4,栗原大,高橋俊,,2,1:31.7,39.5,3-4-3-2,1,479,-4
2024/05/04,金沢,4,横川上席、還暦おめでとう！Ｃ２四特別編成,1400,ダ,右,良,晴,9,8,9,メイショウアダーラ,牝,4,54.0,461,-4,米倉知,加藤和,,3,1:32.2,38.8,9-9-8-6,5,461,-4
2024/05/04,金沢,4,横川上席、還暦おめでとう！Ｃ２四特別編成,1400,ダ,右,良,晴,9,6,6,アイアムロージー,牝,4,54.0,458,-7,平瀬城,川添明,,4,1:32.6,40.0,5-6-5-6,7,458,-7
2024/05/04,金沢,4,横川上席、還暦おめでとう！Ｃ２四特別編成,1400,ダ,右,良,晴,9,3,3,サーストンアイダホ,牡,5,56.0,499,-1,兼子千,高橋道,,5,1:32.6,40.7,2-2-2-2,6,499,-1
2024/05/04,金沢,4,横川上席、還暦おめでとう！Ｃ２四特別編成,1400,ダ,右,良,晴,9,8,8,ケヴィンズクロス,牡,6,55.0,510,0,加藤翔,加藤和,,6,1:32.9,41.2,1-1-1-1,4,510,0
2024/05/04,金沢,4,横川上席、還暦おめでとう！Ｃ２四特別編成,1400,ダ,右,良,晴,9,4,4,マイネルジュリアン,牡,4,56.0,470,-8,沖静男,川添明,,7,1:33.2,41.1,4-3-3-5,8,470,-8
2024/05/04,金沢,4,横川上席、還暦おめでとう！Ｃ２四特別編成,1400,ダ,右,良,晴,9,7,7,トップキング,牡,5,56.0,461,0,魚住謙,鋤田誠,,8,1:33.2,40.6,5-8-6-8,2,461,0
2024/05/04,金沢,4,横川上席、還暦おめでとう！Ｃ２四特別編成,1400,ダ,右,良,晴,9,5,5,ウインドアカネール,牝,4,54.0,491,2,柴田勇,野田幸,,9,1:34.8,41.4,7-6-9-9,9,491,2
2024/05/04,金沢,5,ふるさと炎のどっこいまんじＣ２三特別編成,1500,ダ,右,良,晴,9,5,5,スマイルフレンド,牝,4,54.0,455,2,堀場裕,加藤義,,1,1:38.7,38.7,4-5-4-3,3,455,2
2024/05/04,金沢,5,ふるさと炎のどっこいまんじＣ２三特別編成,1500,ダ,右,良,晴,9,3,3,ビーチポジティヴ,牝,4,53.0,467,4,加藤翔,金田一,,2,1:38.8,39.5,1-1-1-1,1,467,4
2024/05/04,金沢,5,ふるさと炎のどっこいまんじＣ２三特別編成,1500,ダ,右,良,晴,9,4,4,オボロヅキヨ,牡,4,56.0,437,-3,葛山晃,川添明,,3,1:38.9,38.2,8-8-7-5,4,437,-3
2024/05/04,金沢,5,ふるさと炎のどっこいまんじＣ２三特別編成,1500,ダ,右,良,晴,9,2,2,マーニ,牡,8,56.0,462,1,魚住謙,井樋一,,4,1:39.1,39.1,4-4-5-5,8,462,1
2024/05/04,金沢,5,ふるさと炎のどっこいまんじＣ２三特別編成,1500,ダ,右,良,晴,9,6,6,サトルアプローチ,牡,6,56.0,478,12,栗原大,金田一,,5,1:39.4,40.0,2-2-1-2,2,478,12
2024/05/04,金沢,5,ふるさと炎のどっこいまんじＣ２三特別編成,1500,ダ,右,良,晴,9,8,8,ロジシップ,牡,7,56.0,454,-1,柴田勇,野田幸,,6,1:40.1,40.7,2-2-3-4,6,454,-1
2024/05/04,金沢,5,ふるさと炎のどっこいまんじＣ２三特別編成,1500,ダ,右,良,晴,9,7,7,アンクルダッシュ,牡,6,56.0,489,-4,池田敦,中川雅,,7,1:40.4,40.1,6-6-6-7,4,489,-4
2024/05/04,金沢,5,ふるさと炎のどっこいまんじＣ２三特別編成,1500,ダ,右,良,晴,9,8,9,ボルンカズマ,牡,8,56.0,503,5,沖静男,川添明,,8,1:40.6,39.8,9-9-9-8,7,503,5
2024/05/04,金沢,5,ふるさと炎のどっこいまんじＣ２三特別編成,1500,ダ,右,良,晴,9,1,1,ウインドメイヒメ,牝,4,54.0,426,-6,松戸政,野田幸,,9,1:40.9,40.3,7-7-8-8,9,426,-6
2024/05/04,金沢,6,宏哉＆史未菜結婚１年☆善あＣ２二特別編成,1500,ダ,右,良,晴,11,2,2,キクノビースト,牡,4,56.0,518,-9,吉原寛,加藤義,,1,1:37.5,39.8,1-1-1-1,1,518,-9
2024/05/04,金沢,6,宏哉＆史未菜結婚１年☆善あＣ２二特別編成,1500,ダ,右,良,晴,11,6,6,グラシアーノ,牝,4,54.0,418,2,鈴木太,加藤義,,2,1:37.9,39.0,6-6-6-3,4,418,2
2024/05/04,金沢,6,宏哉＆史未菜結婚１年☆善あＣ２二特別編成,1500,ダ,右,良,晴,11,1,1,ウラカワノオト,牡,8,55.0,454,-4,加藤翔,加藤義,,3,1:38.0,38.5,10-10-7-3,2,454,-4
2024/05/04,金沢,6,宏哉＆史未菜結婚１年☆善あＣ２二特別編成,1500,ダ,右,良,晴,11,8,11,マルカンレインボー,牝,4,54.0,417,-3,池田敦,高橋道,,4,1:38.7,39.4,10-11-9-6,11,417,-3
2024/05/04,金沢,6,宏哉＆史未菜結婚１年☆善あＣ２二特別編成,1500,ダ,右,良,晴,11,7,8,トゥインクルーガー,牝,4,54.0,437,-2,魚住謙,高橋優,,5,1:39.3,39.9,8-9-10-8,9,437,-2
2024/05/04,金沢,6,宏哉＆史未菜結婚１年☆善あＣ２二特別編成,1500,ダ,右,良,晴,11,6,7,ミギフック,牝,4,54.0,506,4,柴田勇,鈴木正,,6,1:39.3,41.4,2-2-2-5,3,506,4
2024/05/04,金沢,6,宏哉＆史未菜結婚１年☆善あＣ２二特別編成,1500,ダ,右,良,晴,11,5,5,フラッシュダンス,牝,4,54.0,476,4,吉田晃,高橋俊,,7,1:39.4,40.7,5-5-4-6,7,476,4
2024/05/04,金沢,6,宏哉＆史未菜結婚１年☆善あＣ２二特別編成,1500,ダ,右,良,晴,11,3,3,デルマソトコマタ,牝,4,54.0,422,-10,堀場裕,加藤義,,8,1:39.7,41.7,3-3-2-2,6,422,-10
2024/05/04,金沢,6,宏哉＆史未菜結婚１年☆善あＣ２二特別編成,1500,ダ,右,良,晴,11,8,10,シンコッチョウ,牝,4,54.0,442,9,松戸政,田嶋幸,,9,1:40.4,41.2,7-7-7-9,10,442,9
2024/05/04,金沢,6,宏哉＆史未菜結婚１年☆善あＣ２二特別編成,1500,ダ,右,良,晴,11,4,4,アオバノキセキ,牝,4,54.0,427,3,葛山晃,菅原欣,,10,1:40.7,41.1,8-8-11-10,5,427,3
2024/05/04,金沢,6,宏哉＆史未菜結婚１年☆善あＣ２二特別編成,1500,ダ,右,良,晴,11,7,9,シンゼンアツタ,牡,4,56.0,476,-4,米倉知,中川雅,,11,1:41.3,42.8,3-4-4-10,8,476,-4
2024/05/04,金沢,7,能登半島地震復興支援杯１９Ｂ２三,1400,ダ,右,良,晴,8,3,3,デルマゴモリー,牝,5,54.0,436,-1,松戸政,金田一,,1,1:30.7,38.8,3-3-1-1,3,436,-1
2024/05/04,金沢,7,能登半島地震復興支援杯１９Ｂ２三,1400,ダ,右,良,晴,8,5,5,リベリュール,牡,9,56.0,478,-1,吉原寛,井樋一,,2,1:31.0,39.1,5-4-3-3,2,478,-1
2024/05/04,金沢,7,能登半島地震復興支援杯１９Ｂ２三,1400,ダ,右,良,晴,8,4,4,マウントゴールド,牡,11,56.0,443,3,鈴木太,井樋一,,3,1:31.1,38.5,7-6-6-6,7,443,3
2024/05/04,金沢,7,能登半島地震復興支援杯１９Ｂ２三,1400,ダ,右,良,晴,8,8,8,リュウノステルス,牡,4,55.0,441,11,加藤翔,加藤義,,4,1:31.4,39.6,2-2-1-2,4,441,11
2024/05/04,金沢,7,能登半島地震復興支援杯１９Ｂ２三,1400,ダ,右,良,晴,8,1,1,ヴェーチェル,牝,5,54.0,432,1,沖静男,川添明,,5,1:31.7,39.3,6-4-5-5,5,432,1
2024/05/04,金沢,7,能登半島地震復興支援杯１９Ｂ２三,1400,ダ,右,良,晴,8,6,6,コンチドリーム,牝,5,54.0,480,-4,中島龍,井樋一,,6,1:31.8,38.9,4-7-7-7,1,480,-4
2024/05/04,金沢,7,能登半島地震復興支援杯１９Ｂ２三,1400,ダ,右,良,晴,8,2,2,ブーゲンビリア,牝,6,54.0,440,7,吉田晃,高橋俊,,7,1:31.8,39.9,1-1-4-4,6,440,7
2024/05/04,金沢,7,能登半島地震復興支援杯１９Ｂ２三,1400,ダ,右,良,晴,8,7,7,イズジョーアーサー,牡,5,56.0,0,0,堀場裕,金田一,,,,,,,0,0
2024/05/04,金沢,8,第１３回　娯楽のグランゼーラ杯Ｂ２二,1500,ダ,右,良,晴,10,2,2,サクラルコール,牡,13,56.0,506,8,柴田勇,金田一,,1,1:36.5,38.9,2-2-1-1,3,506,8
2024/05/04,金沢,8,第１３回　娯楽のグランゼーラ杯Ｂ２二,1500,ダ,右,良,晴,10,8,9,バルドルブレイン,牡,6,56.0,508,4,吉原寛,加藤義,,2,1:36.6,39.0,3-3-1-1,1,508,4
2024/05/04,金沢,8,第１３回　娯楽のグランゼーラ杯Ｂ２二,1500,ダ,右,良,晴,10,6,6,ジェイエルフラッグ,牝,8,54.0,463,3,米倉知,加藤和,,3,1:36.7,38.4,6-6-4-3,2,463,3
2024/05/04,金沢,8,第１３回　娯楽のグランゼーラ杯Ｂ２二,1500,ダ,右,良,晴,10,7,7,サンレイファイト,牡,8,56.0,477,-5,鈴木太,井樋一,,4,1:36.9,38.0,6-6-5-4,6,477,-5
2024/05/04,金沢,8,第１３回　娯楽のグランゼーラ杯Ｂ２二,1500,ダ,右,良,晴,10,7,8,ファームフレッシュ,牝,4,54.0,432,-4,秋元耕,佐藤茂,,5,1:38.0,39.2,5-6-5-6,4,432,-4
2024/05/04,金沢,8,第１３回　娯楽のグランゼーラ杯Ｂ２二,1500,ダ,右,良,晴,10,3,3,ビナプリンセス,牝,5,54.0,410,7,堀場裕,加藤和,,6,1:38.4,39.8,4-4-5-7,5,410,7
2024/05/04,金沢,8,第１３回　娯楽のグランゼーラ杯Ｂ２二,1500,ダ,右,良,晴,10,5,5,ネオエレキング,牡,11,56.0,455,-3,沖静男,川添明,,7,1:38.8,40.0,9-9-5-7,7,455,-3
2024/05/04,金沢,8,第１３回　娯楽のグランゼーラ杯Ｂ２二,1500,ダ,右,良,晴,10,1,1,リリーズメモリー,牝,5,54.0,509,-7,平瀬城,田嶋幸,,8,1:40.8,43.1,1-1-1-5,9,509,-7
2024/05/04,金沢,8,第１３回　娯楽のグランゼーラ杯Ｂ２二,1500,ダ,右,良,晴,10,4,4,レインボーヒル,牡,6,56.0,466,6,魚住謙,高橋優,,9,1:41.0,42.2,6-5-9-9,8,466,6
2024/05/04,金沢,8,第１３回　娯楽のグランゼーラ杯Ｂ２二,1500,ダ,右,良,晴,10,8,10,サンデーミラージュ,セ,0,56.0,0,0,栗原大,金田一,,,,,,,0,0
2024/05/04,金沢,9,利家盃【百万石賞トライアル】４歳上,2000,ダ,右,良,晴,9,1,1,ハクサンアマゾネス,牝,7,55.0,457,4,吉原寛,加藤義,,1,2:09.1,40.3,1-1-1-1,1,457,4
2024/05/04,金沢,9,利家盃【百万石賞トライアル】４歳上,2000,ダ,右,良,晴,9,8,9,エイシンアンヴァル,牡,7,57.0,507,1,堀場裕,中川雅,,2,2:10.7,40.8,3-3-3-2,6,507,1
2024/05/04,金沢,9,利家盃【百万石賞トライアル】４歳上,2000,ダ,右,良,晴,9,6,6,ベニスビーチ,牝,6,55.0,447,11,米倉知,中川雅,,3,2:11.2,40.8,4-4-5-5,7,447,11
2024/05/04,金沢,9,利家盃【百万石賞トライアル】４歳上,2000,ダ,右,良,晴,9,4,4,ダイヤモンドライン,牝,4,55.0,431,3,中島龍,佐藤茂,,4,2:11.2,40.9,8-7-4-4,4,431,3
2024/05/04,金沢,9,利家盃【百万石賞トライアル】４歳上,2000,ダ,右,良,晴,9,7,7,ガムラン,牡,6,57.0,524,-9,吉田晃,佐藤茂,,5,2:11.7,42.3,2-2-2-3,5,524,-9
2024/05/04,金沢,9,利家盃【百万石賞トライアル】４歳上,2000,ダ,右,良,晴,9,3,3,セブンダートオー,牡,5,57.0,485,5,栗原大,金田一,,6,2:11.7,41.0,6-6-7-6,3,485,5
2024/05/04,金沢,9,利家盃【百万石賞トライアル】４歳上,2000,ダ,右,良,晴,9,8,8,サジェス,牡,6,57.0,464,-2,秋元耕,佐藤茂,,7,2:12.7,42.2,4-5-6-7,2,464,-2
2024/05/04,金沢,9,利家盃【百万石賞トライアル】４歳上,2000,ダ,右,良,晴,9,5,5,ナムラアラシ,牡,11,57.0,533,-1,鈴木太,川添明,,8,2:13.3,42.0,9-9-8-8,8,533,-1
2024/05/04,金沢,9,利家盃【百万石賞トライアル】４歳上,2000,ダ,右,良,晴,9,2,2,ブラーヴ,牡,4,57.0,500,-1,平瀬城,黒木豊,,9,2:14.8,43.2,7-8-9-9,9,500,-1
2024/05/04,金沢,10,スマホで投票楽天競馬！特別Ｂ２一,1500,ダ,右,良,晴,9,3,3,ブルーコンパクタ,牡,8,56.0,478,-1,吉原寛,井樋一,,1,1:36.5,39.1,8-8-5-3,1,478,-1
2024/05/04,金沢,10,スマホで投票楽天競馬！特別Ｂ２一,1500,ダ,右,良,晴,9,7,7,デイドリームビーチ,牡,4,56.0,463,1,中島龍,金田一,,2,1:37.1,41.0,2-2-1-2,4,463,1
2024/05/04,金沢,10,スマホで投票楽天競馬！特別Ｂ２一,1500,ダ,右,良,晴,9,8,8,ジャックトマメノキ,牡,4,56.0,452,3,米倉知,金田一,,3,1:37.1,41.1,1-1-1-1,2,452,3
2024/05/04,金沢,10,スマホで投票楽天競馬！特別Ｂ２一,1500,ダ,右,良,晴,9,4,4,ドライカプチーノ,牝,4,54.0,458,6,堀場裕,金田一,,4,1:37.2,40.4,3-4-4-3,7,458,6
2024/05/04,金沢,10,スマホで投票楽天競馬！特別Ｂ２一,1500,ダ,右,良,晴,9,5,5,ブルーアーカイブ,牡,4,56.0,520,6,栗原大,加藤和,,5,1:37.3,39.8,7-6-6-6,5,520,6
2024/05/04,金沢,10,スマホで投票楽天競馬！特別Ｂ２一,1500,ダ,右,良,晴,9,8,9,ガンブーツダンス,セ,0,55.0,507,7,加藤翔,中川雅,,6,1:37.3,40.7,3-3-3-3,6,507,7
2024/05/04,金沢,10,スマホで投票楽天競馬！特別Ｂ２一,1500,ダ,右,良,晴,9,2,2,エイシンデジタル,牡,9,56.0,546,-5,鈴木太,加藤義,,7,1:37.6,39.3,9-9-8-7,3,546,-5
2024/05/04,金沢,10,スマホで投票楽天競馬！特別Ｂ２一,1500,ダ,右,良,晴,9,6,6,トゥモローアンセム,セ,0,56.0,456,2,池田敦,中川雅,,8,1:37.9,40.4,5-5-7-7,8,456,2
2024/05/04,金沢,10,スマホで投票楽天競馬！特別Ｂ２一,1500,ダ,右,良,晴,9,1,1,スヴィルカーチ,セ,0,56.0,436,3,魚住謙,田嶋幸,,9,1:39.5,41.0,6-7-9-9,9,436,3
2024/05/04,金沢,11,オッズパーク杯　金沢競馬Ｃ２プレＣ２特選,1500,ダ,右,良,晴,11,5,5,ブリクシア,牡,6,56.0,512,-3,中島龍,金田一,,1,1:37.4,38.7,2-2-1-1,2,512,-3
2024/05/04,金沢,11,オッズパーク杯　金沢競馬Ｃ２プレＣ２特選,1500,ダ,右,良,晴,11,8,11,シントーチャチャ,牝,4,54.0,425,0,松戸政,藤田弘,,2,1:37.4,38.4,7-3-3-2,3,425,0
2024/05/04,金沢,11,オッズパーク杯　金沢競馬Ｃ２プレＣ２特選,1500,ダ,右,良,晴,11,3,3,ミスターキング,牡,4,56.0,499,-6,吉原寛,藤田弘,,3,1:38.4,39.2,3-5-4-4,1,499,-6
2024/05/04,金沢,11,オッズパーク杯　金沢競馬Ｃ２プレＣ２特選,1500,ダ,右,良,晴,11,8,10,カフェノヴィーン,牝,8,54.0,484,3,栗原大,菅原欣,,4,1:38.9,40.1,1-1-1-3,5,484,3
2024/05/04,金沢,11,オッズパーク杯　金沢競馬Ｃ２プレＣ２特選,1500,ダ,右,良,晴,11,6,7,カミノマジック,セ,0,56.0,472,3,堀場裕,鈴木正,,5,1:39.0,39.3,6-7-7-5,6,472,3
2024/05/04,金沢,11,オッズパーク杯　金沢競馬Ｃ２プレＣ２特選,1500,ダ,右,良,晴,11,1,1,ケレンシア,牝,4,54.0,487,-2,平瀬城,川添明,,6,1:39.2,39.1,8-10-8-6,7,487,-2
2024/05/04,金沢,11,オッズパーク杯　金沢競馬Ｃ２プレＣ２特選,1500,ダ,右,良,晴,11,6,6,ジェミースター,牝,4,54.0,424,7,兼子千,高橋優,,7,1:40.0,40.1,9-9-8-8,10,424,7
2024/05/04,金沢,11,オッズパーク杯　金沢競馬Ｃ２プレＣ２特選,1500,ダ,右,良,晴,11,7,9,アシュラム,セ,0,56.0,517,5,沖静男,川添明,,8,1:40.3,41.1,10-5-4-7,4,517,5
2024/05/04,金沢,11,オッズパーク杯　金沢競馬Ｃ２プレＣ２特選,1500,ダ,右,良,晴,11,7,8,キャッチクライ,牝,4,54.0,459,2,魚住謙,黒木豊,,9,1:41.4,41.5,5-8-8-10,8,459,2
2024/05/04,金沢,11,オッズパーク杯　金沢競馬Ｃ２プレＣ２特選,1500,ダ,右,良,晴,11,4,4,マイヴェリテ,セ,0,56.0,431,9,柴田勇,金田一,,10,1:41.5,42.2,3-3-4-9,9,431,9
2024/05/04,金沢,11,オッズパーク杯　金沢競馬Ｃ２プレＣ２特選,1500,ダ,右,良,晴,11,2,2,コウカンニッキ,牝,4,53.0,0,0,加藤翔,金田一,,,,,,,0,0
2024/05/06,金沢,1,Ｃ２十四特別編成,1400,ダ,右,良,曇,10,8,10,ライディーン,牡,5,56.0,489,5,池田敦,高橋俊,,1,1:32.8,42.3,2-2-1-1,2,489,5
2024/05/06,金沢,1,Ｃ２十四特別編成,1400,ダ,右,良,曇,10,4,4,チェリーアトラス,牡,8,56.0,498,0,平瀬城,黒木豊,,2,1:32.8,39.4,8-8-7-4,1,498,0
2024/05/06,金沢,1,Ｃ２十四特別編成,1400,ダ,右,良,曇,10,8,9,イエローストーン,セ,0,56.0,448,8,中島龍,田嶋幸,,3,1:33.0,41.6,2-3-3-2,3,448,8
2024/05/06,金沢,1,Ｃ２十四特別編成,1400,ダ,右,良,曇,10,7,8,アイスケイブ,牝,5,54.0,423,-1,堀場裕,宗綱泰,,4,1:33.4,41.1,4-5-5-5,6,423,-1
2024/05/06,金沢,1,Ｃ２十四特別編成,1400,ダ,右,良,曇,10,2,2,ピュアステート,牡,4,56.0,417,3,兼子千,宗綱泰,,5,1:35.0,40.8,7-7-8-7,8,417,3
2024/05/06,金沢,1,Ｃ２十四特別編成,1400,ダ,右,良,曇,10,5,5,イーゼル,セ,0,56.0,488,6,魚住謙,黒木豊,,6,1:35.2,41.0,9-9-9-9,7,488,6
2024/05/06,金沢,1,Ｃ２十四特別編成,1400,ダ,右,良,曇,10,6,6,テラフォーマー,牡,10,55.0,450,6,加藤翔,吉井一,,7,1:35.4,40.2,10-10-10-10,9,450,6
2024/05/06,金沢,1,Ｃ２十四特別編成,1400,ダ,右,良,曇,10,7,7,ナランホ,牡,5,56.0,471,9,沖静男,井樋一,,8,1:36.9,44.0,6-6-6-7,10,471,9
2024/05/06,金沢,1,Ｃ２十四特別編成,1400,ダ,右,良,曇,10,1,1,ザガーロ,牝,6,54.0,410,1,柴田勇,吉井一,,9,1:37.1,45.1,5-4-4-6,5,410,1
2024/05/06,金沢,1,Ｃ２十四特別編成,1400,ダ,右,良,曇,10,3,3,リコーランカスター,牝,5,54.0,460,3,鈴木太,室井眞,,10,1:37.8,47.3,1-1-1-3,4,460,3
2024/05/06,金沢,2,Ｃ２十三特別編成,1400,ダ,右,良,曇,10,4,4,ラプタマーベリック,牡,4,56.0,476,-2,中島龍,金田一,,1,1:31.1,40.9,2-1-1-1,3,476,-2
2024/05/06,金沢,2,Ｃ２十三特別編成,1400,ダ,右,良,曇,10,8,10,カトリーヌスリジエ,牝,10,54.0,431,2,兼子千,高橋道,,2,1:32.1,40.7,3-4-3-3,7,431,2
2024/05/06,金沢,2,Ｃ２十三特別編成,1400,ダ,右,良,曇,10,5,5,アペーゴ,牝,4,54.0,391,2,吉田晃,佐藤茂,,3,1:32.5,39.8,9-9-6-5,4,391,2
2024/05/06,金沢,2,Ｃ２十三特別編成,1400,ダ,右,良,曇,10,8,9,ロジブライアン,牡,4,55.0,529,4,加藤翔,加藤和,,4,1:32.7,42.2,1-2-2-2,2,529,4
2024/05/06,金沢,2,Ｃ２十三特別編成,1400,ダ,右,良,曇,10,6,6,アンザンタカヒロ,セ,0,56.0,468,3,鈴木太,吉井一,,5,1:32.8,40.3,5-5-5-6,10,468,3
2024/05/06,金沢,2,Ｃ２十三特別編成,1400,ダ,右,良,曇,10,3,3,ヴェラート,セ,0,56.0,512,-3,沖静男,田嶋幸,,6,1:33.3,41.7,4-3-4-4,6,512,-3
2024/05/06,金沢,2,Ｃ２十三特別編成,1400,ダ,右,良,曇,10,1,1,タマモソリスト,牡,4,56.0,551,-4,栗原大,加藤和,,7,1:33.5,40.5,6-6-7-7,1,551,-4
2024/05/06,金沢,2,Ｃ２十三特別編成,1400,ダ,右,良,曇,10,7,7,ナッシングマターズ,牡,5,56.0,504,0,葛山晃,川添明,,8,1:33.7,39.8,10-10-10-8,9,504,0
2024/05/06,金沢,2,Ｃ２十三特別編成,1400,ダ,右,良,曇,10,2,2,ホットチョコ,牝,4,54.0,472,6,柴田勇,川添明,,9,1:34.2,40.8,8-8-8-9,8,472,6
2024/05/06,金沢,2,Ｃ２十三特別編成,1400,ダ,右,良,曇,10,7,8,ゴールドボンバー,牡,7,56.0,538,0,魚住謙,鋤田誠,,10,1:34.2,40.8,6-7-9-10,5,538,0
2024/05/06,金沢,3,Ｃ２十二特別編成,1400,ダ,右,良,曇,9,4,4,ジーエイチグールド,牡,4,56.0,484,-2,吉田晃,鋤田誠,,1,1:32.3,40.4,2-2-1-1,4,484,-2
2024/05/06,金沢,3,Ｃ２十二特別編成,1400,ダ,右,良,曇,9,3,3,ブレイクポイント,牡,5,56.0,440,5,葛山晃,菅原欣,,2,1:32.5,40.6,1-1-1-2,3,440,5
2024/05/06,金沢,3,Ｃ２十二特別編成,1400,ダ,右,良,曇,9,2,2,ギルデッドフレーム,牡,4,56.0,438,3,沖静男,川添明,,3,1:33.0,39.8,7-7-6-6,6,438,3
2024/05/06,金沢,3,Ｃ２十二特別編成,1400,ダ,右,良,曇,9,5,5,カトリーヌエミュー,牝,9,54.0,431,-7,兼子千,高橋道,,4,1:33.0,40.7,3-3-3-4,5,431,-7
2024/05/06,金沢,3,Ｃ２十二特別編成,1400,ダ,右,良,曇,9,8,8,キラールージュ,牝,4,54.0,432,3,鈴木太,鋤田誠,,5,1:33.1,40.2,5-5-5-5,8,432,3
2024/05/06,金沢,3,Ｃ２十二特別編成,1400,ダ,右,良,曇,9,1,1,リードザウイニング,セ,0,56.0,464,5,魚住謙,鋤田誠,,6,1:33.3,40.9,3-4-4-3,7,464,5
2024/05/06,金沢,3,Ｃ２十二特別編成,1400,ダ,右,良,曇,9,8,9,タマテバコ,牝,5,54.0,481,3,堀場裕,宗綱泰,,7,1:33.3,39.9,5-6-6-7,2,481,3
2024/05/06,金沢,3,Ｃ２十二特別編成,1400,ダ,右,良,曇,9,6,6,スカーレットリボン,牝,8,54.0,421,-1,池田敦,高橋道,,8,1:33.5,39.8,9-9-8-7,9,421,-1
2024/05/06,金沢,3,Ｃ２十二特別編成,1400,ダ,右,良,曇,9,7,7,ポートメイリオン,牝,7,54.0,443,8,栗原大,菅原欣,,9,1:35.1,41.4,7-8-9-9,1,443,8
2024/05/06,金沢,4,Ｃ２八特別編成,1400,ダ,右,良,曇,10,3,3,ビナダラット,牝,4,54.0,440,6,堀場裕,加藤和,,1,1:32.1,39.5,5-5-4-4,5,440,6
2024/05/06,金沢,4,Ｃ２八特別編成,1400,ダ,右,良,曇,10,4,4,ビジョ,牝,7,54.0,498,2,栗原大,金田一,,2,1:32.8,41.0,1-2-2-2,1,498,2
2024/05/06,金沢,4,Ｃ２八特別編成,1400,ダ,右,良,曇,10,2,2,ヒマワリオジョウ,牝,8,54.0,431,-2,鈴木太,鋤田誠,,3,1:33.0,40.1,7-7-6-5,8,431,-2
2024/05/06,金沢,4,Ｃ２八特別編成,1400,ダ,右,良,曇,10,6,6,アンクルテイオウ,牡,8,56.0,490,-6,吉田晃,鈴木正,,4,1:33.0,41.5,4-1-1-1,6,490,-6
2024/05/06,金沢,4,Ｃ２八特別編成,1400,ダ,右,良,曇,10,8,9,エニシャル,牝,4,54.0,436,-8,魚住謙,川添明,,5,1:33.0,40.9,2-3-3-3,2,436,-8
2024/05/06,金沢,4,Ｃ２八特別編成,1400,ダ,右,良,曇,10,5,5,リッタースポーツ,牡,4,56.0,471,-5,葛山晃,井樋一,,6,1:33.1,39.2,9-10-10-9,7,471,-5
2024/05/06,金沢,4,Ｃ２八特別編成,1400,ダ,右,良,曇,10,1,1,サーストンユタ,牡,5,56.0,464,-4,中島龍,高橋俊,,7,1:33.3,39.9,10-9-8-5,3,464,-4
2024/05/06,金沢,4,Ｃ２八特別編成,1400,ダ,右,良,曇,10,7,8,サフランルーラー,牡,6,56.0,415,4,兼子千,高橋優,,8,1:33.7,40.4,7-8-8-8,9,415,4
2024/05/06,金沢,4,Ｃ２八特別編成,1400,ダ,右,良,曇,10,7,7,ヒメカミノテング,牝,4,53.0,431,6,加藤翔,加藤義,,9,1:33.7,41.3,6-6-4-5,10,431,6
2024/05/06,金沢,4,Ｃ２八特別編成,1400,ダ,右,良,曇,10,8,10,スノートレイン,牡,7,56.0,456,11,柴田勇,井樋一,,,,,3-4-6-10,4,456,11
2024/05/06,金沢,5,Ｃ２七特別編成,1500,ダ,右,良,曇,9,3,3,シコウ,セ,0,56.0,485,13,鈴木太,井樋一,,1,1:37.6,38.3,1-1-1-1,1,485,13
2024/05/06,金沢,5,Ｃ２七特別編成,1500,ダ,右,良,曇,9,1,1,ベリーアーリー,牝,4,54.0,427,0,葛山晃,菅原欣,,2,1:38.2,38.1,4-4-4-2,6,427,0
2024/05/06,金沢,5,Ｃ２七特別編成,1500,ダ,右,良,曇,9,6,6,セブンハイ,牡,4,56.0,488,-2,中島龍,金田一,,3,1:38.9,39.3,2-2-2-2,4,488,-2
2024/05/06,金沢,5,Ｃ２七特別編成,1500,ダ,右,良,曇,9,8,8,ヴェロニク,牝,7,53.0,418,6,加藤翔,加藤義,,4,1:39.6,39.1,5-6-6-7,2,418,6
2024/05/06,金沢,5,Ｃ２七特別編成,1500,ダ,右,良,曇,9,2,2,ディオスシチー,牡,4,56.0,509,0,堀場裕,井樋一,,5,1:39.6,39.0,7-7-7-6,7,509,0
2024/05/06,金沢,5,Ｃ２七特別編成,1500,ダ,右,良,曇,9,5,5,デルマワルキューレ,牝,5,54.0,414,3,柴田勇,金田一,,6,1:39.8,39.5,5-5-5-5,3,414,3
2024/05/06,金沢,5,Ｃ２七特別編成,1500,ダ,右,良,曇,9,4,4,スワーヴジョーダン,セ,0,56.0,447,6,沖静男,井樋一,,7,1:39.8,39.0,8-9-9-8,8,447,6
2024/05/06,金沢,5,Ｃ２七特別編成,1500,ダ,右,良,曇,9,7,7,ティアモローザ,牝,4,54.0,440,2,栗原大,菅原欣,,8,1:40.0,40.2,3-3-3-4,5,440,2
2024/05/06,金沢,5,Ｃ２七特別編成,1500,ダ,右,良,曇,9,8,9,ネイバーアイランド,牝,6,54.0,440,-2,魚住謙,鋤田誠,,9,1:41.3,40.6,9-8-8-9,9,440,-2
2024/05/06,金沢,6,Ｃ２六特別編成,1500,ダ,右,良,曇,8,4,4,サマーソルト,セ,0,56.0,500,2,吉田晃,鋤田誠,,1,1:37.8,39.4,2-2-2-2,2,500,2
2024/05/06,金沢,6,Ｃ２六特別編成,1500,ダ,右,良,曇,8,6,6,ムーンライトアリア,牝,7,54.0,445,-5,池田敦,鈴木正,,2,1:38.0,38.6,5-5-5-5,1,445,-5
2024/05/06,金沢,6,Ｃ２六特別編成,1500,ダ,右,良,曇,8,2,2,カイエン,牡,4,56.0,525,-14,魚住謙,高橋優,,3,1:38.3,38.6,7-6-6-5,4,525,-14
2024/05/06,金沢,6,Ｃ２六特別編成,1500,ダ,右,良,曇,8,3,3,テリオスカイ,牡,4,56.0,526,11,鈴木太,加藤和,,4,1:38.3,40.0,1-1-1-1,3,526,11
2024/05/06,金沢,6,Ｃ２六特別編成,1500,ダ,右,良,曇,8,8,8,アポテカ,牝,4,53.0,448,4,加藤翔,菅原欣,,5,1:38.5,39.4,3-4-3-3,6,448,4
2024/05/06,金沢,6,Ｃ２六特別編成,1500,ダ,右,良,曇,8,5,5,カフェメモワール,牝,7,54.0,492,2,葛山晃,菅原欣,,6,1:38.6,38.8,6-6-7-7,7,492,2
2024/05/06,金沢,6,Ｃ２六特別編成,1500,ダ,右,良,曇,8,7,7,ブーケコサージュ,牝,5,54.0,450,4,栗原大,菅原欣,,7,1:40.0,40.9,3-3-3-4,5,450,4
2024/05/06,金沢,6,Ｃ２六特別編成,1500,ダ,右,良,曇,8,1,1,イズミアマゾネス,牝,4,54.0,0,0,柴田勇,金田一,,,,,,,0,0
2024/05/06,金沢,7,Ｃ２五特別編成,1500,ダ,右,良,曇,9,4,4,ケイラブマッハ,牝,4,54.0,445,4,中島龍,中川雅,,1,1:38.0,39.1,5-5-4-1,1,445,4
2024/05/06,金沢,7,Ｃ２五特別編成,1500,ダ,右,良,曇,9,5,5,カフェダイナスティ,セ,0,56.0,484,1,兼子千,菅原欣,,2,1:38.6,39.9,3-4-3-1,4,484,1
2024/05/06,金沢,7,Ｃ２五特別編成,1500,ダ,右,良,曇,9,3,3,フェイスタロー,牡,7,56.0,435,-8,沖静男,川添明,,3,1:39.5,40.0,7-6-7-6,9,435,-8
2024/05/06,金沢,7,Ｃ２五特別編成,1500,ダ,右,良,曇,9,8,8,キャリアウーマン,牝,4,54.0,471,-1,平瀬城,黒木豊,,4,1:39.7,39.4,9-9-9-9,7,471,-1
2024/05/06,金沢,7,Ｃ２五特別編成,1500,ダ,右,良,曇,9,8,9,シビルボーイ,牡,6,56.0,463,5,栗原大,菅原欣,,5,1:39.7,40.4,6-7-6-5,5,463,5
2024/05/06,金沢,7,Ｃ２五特別編成,1500,ダ,右,良,曇,9,6,6,カワカミアンフィニ,牝,4,54.0,425,10,米倉知,中川雅,,6,1:39.9,41.3,2-2-1-3,3,425,10
2024/05/06,金沢,7,Ｃ２五特別編成,1500,ダ,右,良,曇,9,2,2,シェーンシュタット,牡,6,56.0,446,0,堀場裕,加藤和,,7,1:40.0,41.0,4-2-5-4,8,446,0
2024/05/06,金沢,7,Ｃ２五特別編成,1500,ダ,右,良,曇,9,7,7,エコログレイト,牡,4,56.0,481,8,柴田勇,中川雅,,8,1:40.6,40.6,7-8-8-7,6,481,8
2024/05/06,金沢,7,Ｃ２五特別編成,1500,ダ,右,良,曇,9,1,1,ミラコロアショーマ,牝,7,53.0,446,3,加藤翔,井樋一,,9,1:43.4,44.8,1-1-1-7,2,446,3
2024/05/06,金沢,8,Ｂ２六,1400,ダ,右,良,曇,10,8,10,ピエドラアギーラ,牡,6,56.0,476,0,米倉知,加藤和,,1,1:30.0,39.2,3-3-2-1,1,476,0
2024/05/06,金沢,8,Ｂ２六,1400,ダ,右,良,曇,10,4,4,ワルツフォーデビー,牡,7,56.0,473,4,平瀬城,黒木豊,,2,1:30.6,39.0,4-4-4-3,7,473,4
2024/05/06,金沢,8,Ｂ２六,1400,ダ,右,良,曇,10,7,8,マジカルモーション,牡,4,56.0,493,1,堀場裕,中川雅,,3,1:30.6,38.8,4-5-5-5,5,493,1
2024/05/06,金沢,8,Ｂ２六,1400,ダ,右,良,曇,10,3,3,ラインハイト,牡,7,56.0,499,7,栗原大,加藤和,,4,1:30.6,38.4,7-7-6-4,3,499,7
2024/05/06,金沢,8,Ｂ２六,1400,ダ,右,良,曇,10,2,2,マジカルガール,牝,4,54.0,426,0,柴田勇,金田一,,5,1:30.9,40.3,1-1-1-2,2,426,0
2024/05/06,金沢,8,Ｂ２六,1400,ダ,右,良,曇,10,6,6,エルフバローズ,牝,6,54.0,477,0,中島龍,川添明,,6,1:31.6,39.1,6-6-7-6,10,477,0
2024/05/06,金沢,8,Ｂ２六,1400,ダ,右,良,曇,10,7,7,エースアクシス,牝,8,53.0,405,-1,加藤翔,井樋一,,7,1:31.7,36.8,10-10-10-10,4,405,-1
2024/05/06,金沢,8,Ｂ２六,1400,ダ,右,良,曇,10,5,5,ロマンチックボーイ,牡,4,56.0,455,0,兼子千,野田幸,,8,1:31.8,38.5,9-9-9-8,9,455,0
2024/05/06,金沢,8,Ｂ２六,1400,ダ,右,良,曇,10,8,9,カレンレベンティス,セ,0,56.0,445,3,沖静男,川添明,,9,1:31.9,38.8,8-8-8-9,8,445,3
2024/05/06,金沢,8,Ｂ２六,1400,ダ,右,良,曇,10,1,1,ノールック,牝,6,54.0,426,-2,吉田晃,高橋俊,,10,1:33.7,42.4,2-2-3-6,6,426,-2
2024/05/06,金沢,9,祝☆２６歳生誕記念！ふうくんに祝杯Ｂ２五,1400,ダ,右,良,曇,8,4,4,フェイマスグローリ,牡,4,56.0,519,-2,吉田晃,佐藤茂,,1,1:29.7,39.2,2-3-2-1,2,519,-2
2024/05/06,金沢,9,祝☆２６歳生誕記念！ふうくんに祝杯Ｂ２五,1400,ダ,右,良,曇,8,2,2,ウメタロウ,牡,9,56.0,523,7,柴田勇,金田一,,2,1:30.0,39.5,3-1-1-1,1,523,7
2024/05/06,金沢,9,祝☆２６歳生誕記念！ふうくんに祝杯Ｂ２五,1400,ダ,右,良,曇,8,7,7,コスモノート,セ,0,56.0,520,-3,栗原大,菅原欣,,3,1:30.7,39.2,3-4-3-3,3,520,-3
2024/05/06,金沢,9,祝☆２６歳生誕記念！ふうくんに祝杯Ｂ２五,1400,ダ,右,良,曇,8,5,5,マーブルミミ,牝,4,53.0,422,0,加藤翔,藤田弘,,4,1:30.9,38.4,7-6-6-4,6,422,0
2024/05/06,金沢,9,祝☆２６歳生誕記念！ふうくんに祝杯Ｂ２五,1400,ダ,右,良,曇,8,8,8,フロイング,牡,6,56.0,477,1,平瀬城,黒木豊,,5,1:31.0,38.3,6-7-7-6,5,477,1
2024/05/06,金沢,9,祝☆２６歳生誕記念！ふうくんに祝杯Ｂ２五,1400,ダ,右,良,曇,8,6,6,ビッグタイマー,牡,6,56.0,480,5,魚住謙,鋤田誠,,6,1:31.2,39.3,5-5-5-5,4,480,5
2024/05/06,金沢,9,祝☆２６歳生誕記念！ふうくんに祝杯Ｂ２五,1400,ダ,右,良,曇,8,3,3,エーストビーズ,牝,6,54.0,493,2,葛山晃,菅原欣,,7,1:31.3,37.7,8-8-8-8,8,493,2
2024/05/06,金沢,9,祝☆２６歳生誕記念！ふうくんに祝杯Ｂ２五,1400,ダ,右,良,曇,8,1,1,カカンクオン,牡,6,56.0,435,2,鈴木太,鈴木正,,8,1:33.8,42.6,1-2-3-6,7,435,2
2024/05/06,金沢,10,能登半島地震復興支援杯２０Ｂ２四,1500,ダ,右,良,曇,10,7,7,ウインペルセ,牡,4,56.0,486,1,吉田晃,佐藤茂,,1,1:36.8,38.8,3-4-4-3,2,486,1
2024/05/06,金沢,10,能登半島地震復興支援杯２０Ｂ２四,1500,ダ,右,良,曇,10,4,4,ヴィトラス,セ,0,56.0,454,3,葛山晃,高橋俊,,2,1:36.8,39.4,1-1-1-1,3,454,3
2024/05/06,金沢,10,能登半島地震復興支援杯２０Ｂ２四,1500,ダ,右,良,曇,10,1,1,ブレッシングクライ,牡,5,56.0,507,0,中島龍,高橋俊,,3,1:37.1,39.4,4-3-1-1,6,507,0
2024/05/06,金沢,10,能登半島地震復興支援杯２０Ｂ２四,1500,ダ,右,良,曇,10,5,5,マイネルトワイス,牡,9,56.0,496,2,堀場裕,鋤田誠,,4,1:37.4,38.9,7-6-6-4,1,496,2
2024/05/06,金沢,10,能登半島地震復興支援杯２０Ｂ２四,1500,ダ,右,良,曇,10,8,9,サクセスソング,牝,5,54.0,437,-4,魚住謙,鋤田誠,,5,1:37.4,38.3,9-8-8-6,7,437,-4
2024/05/06,金沢,10,能登半島地震復興支援杯２０Ｂ２四,1500,ダ,右,良,曇,10,6,6,スマイルセンプー,牡,4,56.0,493,6,柴田勇,金田一,,6,1:38.5,39.9,8-7-7-7,5,493,6
2024/05/06,金沢,10,能登半島地震復興支援杯２０Ｂ２四,1500,ダ,右,良,曇,10,2,2,ドミナンス,牡,5,56.0,446,-2,兼子千,宗綱泰,,7,1:38.6,38.8,10-9-9-9,10,446,-2
2024/05/06,金沢,10,能登半島地震復興支援杯２０Ｂ２四,1500,ダ,右,良,曇,10,3,3,カズノザンゲツ,牝,5,54.0,501,9,栗原大,宗綱泰,,8,1:39.1,41.1,5-4-5-4,9,501,9
2024/05/06,金沢,10,能登半島地震復興支援杯２０Ｂ２四,1500,ダ,右,良,曇,10,8,10,ハートリープ,牝,6,54.0,412,-5,沖静男,川添明,,9,1:41.5,44.1,1-2-3-8,8,412,-5
2024/05/06,金沢,10,能登半島地震復興支援杯２０Ｂ２四,1500,ダ,右,良,曇,10,7,8,アレレブルー,牡,6,55.0,450,-6,加藤翔,加藤義,,,,,6,4,450,-6
2024/05/06,金沢,11,楽天競馬ならポイントで馬券が買えるＡ１二,1500,ダ,右,良,曇,10,4,4,フェイマスダンディ,牡,6,56.0,495,-7,吉田晃,佐藤茂,,1,1:34.6,38.9,1-1-1-1,2,495,-7
2024/05/06,金沢,11,楽天競馬ならポイントで馬券が買えるＡ１二,1500,ダ,右,良,曇,10,3,3,テトラルキア,セ,0,56.0,508,-2,中島龍,金田一,,2,1:34.7,38.7,4-3-2-2,1,508,-2
2024/05/06,金沢,11,楽天競馬ならポイントで馬券が買えるＡ１二,1500,ダ,右,良,曇,10,8,10,コパノフランシス,牝,5,54.0,488,3,栗原大,菅原欣,,3,1:35.8,39.6,3-3-3-3,4,488,3
2024/05/06,金沢,11,楽天競馬ならポイントで馬券が買えるＡ１二,1500,ダ,右,良,曇,10,2,2,アイアムレジェンド,牡,8,56.0,499,-10,吉原寛,佐藤茂,,4,1:36.2,38.9,8-8-7-6,3,499,-10
2024/05/06,金沢,11,楽天競馬ならポイントで馬券が買えるＡ１二,1500,ダ,右,良,曇,10,1,1,カイジンウェーヴ,牡,6,56.0,493,1,堀場裕,中川雅,,5,1:36.3,39.6,4-5-5-5,5,493,1
2024/05/06,金沢,11,楽天競馬ならポイントで馬券が買えるＡ１二,1500,ダ,右,良,曇,10,8,9,ヴェレノ,牝,5,54.0,443,4,魚住謙,鋤田誠,,6,1:36.6,39.4,7-7-6-8,6,443,4
2024/05/06,金沢,11,楽天競馬ならポイントで馬券が買えるＡ１二,1500,ダ,右,良,曇,10,7,8,アリアージュ,牡,4,55.0,447,8,加藤翔,加藤和,,7,1:37.0,39.6,4-6-7-6,7,447,8
2024/05/06,金沢,11,楽天競馬ならポイントで馬券が買えるＡ１二,1500,ダ,右,良,曇,10,6,6,シュガーエンジェル,牝,5,54.0,398,-5,兼子千,宗綱泰,,8,1:37.1,39.5,9-8-9-8,9,398,-5
2024/05/06,金沢,11,楽天競馬ならポイントで馬券が買えるＡ１二,1500,ダ,右,良,曇,10,7,7,ファントムルージュ,牝,6,54.0,464,3,柴田勇,中川雅,,9,1:37.4,41.4,2-2-3-4,8,464,3
2024/05/06,金沢,11,楽天競馬ならポイントで馬券が買えるＡ１二,1500,ダ,右,良,曇,10,5,5,ロジローズ,牡,6,56.0,0,0,米倉知,加藤和,,,,,,,0,0
2024/05/12,金沢,1,健祥会１５周年記念３歳Ａ３,1500,ダ,右,良,曇,11,4,4,レモンスフレ,牝,3,54.0,420,4,堀場裕,加藤和,,1,1:38.6,42.0,1-1-1-1,2,420,4
2024/05/12,金沢,1,健祥会１５周年記念３歳Ａ３,1500,ダ,右,良,曇,11,8,10,トリプレッタ,牝,3,54.0,483,-2,中島龍,高橋俊,,2,1:38.7,42.0,3-3-2-2,1,483,-2
2024/05/12,金沢,1,健祥会１５周年記念３歳Ａ３,1500,ダ,右,良,曇,11,3,3,ダズリングレイ,牝,3,54.0,485,-2,平瀬城,黒木豊,,3,1:39.4,41.2,4-4-5-6,6,485,-2
2024/05/12,金沢,1,健祥会１５周年記念３歳Ａ３,1500,ダ,右,良,曇,11,7,9,ランハルト,牡,3,56.0,454,-2,柴田勇,金田一,,4,1:39.4,40.9,5-6-6-5,10,454,-2
2024/05/12,金沢,1,健祥会１５周年記念３歳Ａ３,1500,ダ,右,良,曇,11,8,11,ベアビー,牝,3,54.0,473,2,栗原大,加藤和,,5,1:39.8,41.8,5-5-4-3,5,473,2
2024/05/12,金沢,1,健祥会１５周年記念３歳Ａ３,1500,ダ,右,良,曇,11,6,7,リケアリラ,牝,3,53.0,401,-1,加藤翔,加藤義,,6,1:39.8,40.6,10-10-9-9,9,401,-1
2024/05/12,金沢,1,健祥会１５周年記念３歳Ａ３,1500,ダ,右,良,曇,11,1,1,バスターショット,セ,0,56.0,422,2,葛山晃,高橋俊,,7,1:40.4,41.5,9-9-7-7,3,422,2
2024/05/12,金沢,1,健祥会１５周年記念３歳Ａ３,1500,ダ,右,良,曇,11,6,6,ガンジャクィーン,牝,3,54.0,427,8,池田敦,中川雅,,8,1:40.7,43.9,2-2-3-3,4,427,8
2024/05/12,金沢,1,健祥会１５周年記念３歳Ａ３,1500,ダ,右,良,曇,11,2,2,ユイノグランコード,牡,3,56.0,488,3,米倉知,加藤和,,9,1:40.9,42.0,7-7-7-8,7,488,3
2024/05/12,金沢,1,健祥会１５周年記念３歳Ａ３,1500,ダ,右,良,曇,11,7,8,タルト,牝,3,54.0,464,-5,鈴木太,加藤義,,10,1:42.1,42.3,11-11-10-10,11,464,-5
2024/05/12,金沢,1,健祥会１５周年記念３歳Ａ３,1500,ダ,右,良,曇,11,5,5,オーデンリッキー,牝,3,54.0,446,1,吉田晃,高橋俊,,11,1:43.9,43.8,7-8-11-11,8,446,1
2024/05/12,金沢,2,能登半島地震復興支援杯３歳Ａ２,1400,ダ,右,良,曇,9,7,7,ノブノキャット,牡,3,56.0,419,6,吉田晃,加藤和,,1,1:30.9,39.1,5-6-5-2,4,419,6
2024/05/12,金沢,2,能登半島地震復興支援杯３歳Ａ２,1400,ダ,右,良,曇,9,8,9,フィンガーズクロス,牡,3,56.0,504,7,柴田勇,金田一,,2,1:31.4,40.1,3-4-3-3,3,504,7
2024/05/12,金沢,2,能登半島地震復興支援杯３歳Ａ２,1400,ダ,右,良,曇,9,1,1,マイネルスピカ,牡,3,56.0,458,4,栗原大,加藤和,,3,1:31.5,39.5,7-7-6-3,2,458,4
2024/05/12,金沢,2,能登半島地震復興支援杯３歳Ａ２,1400,ダ,右,良,曇,9,2,2,カミソリストレート,牡,3,56.0,466,-2,鈴木太,鈴木正,,4,1:31.5,40.3,2-2-2-1,5,466,-2
2024/05/12,金沢,2,能登半島地震復興支援杯３歳Ａ２,1400,ダ,右,良,曇,9,8,8,ヤマミトップワン,牡,3,56.0,464,3,米倉知,中川雅,,5,1:31.7,40.2,3-3-4-3,1,464,3
2024/05/12,金沢,2,能登半島地震復興支援杯３歳Ａ２,1400,ダ,右,良,曇,9,6,6,メロディーダンサー,牝,3,54.0,470,-7,中島龍,金田一,,6,1:31.8,40.9,1-1-1-3,7,470,-7
2024/05/12,金沢,2,能登半島地震復興支援杯３歳Ａ２,1400,ダ,右,良,曇,9,4,4,エザグランマ,牝,3,53.0,449,1,加藤翔,井樋一,,7,1:31.9,40.0,6-5-7-7,6,449,1
2024/05/12,金沢,2,能登半島地震復興支援杯３歳Ａ２,1400,ダ,右,良,曇,9,5,5,モモダンゴ,牝,3,54.0,401,-4,兼子千,宗綱泰,,8,1:32.9,40.6,7-8-8-8,8,401,-4
2024/05/12,金沢,2,能登半島地震復興支援杯３歳Ａ２,1400,ダ,右,良,曇,9,3,3,テルケンレンテル,牡,3,56.0,485,6,沖静男,川添明,,9,1:33.8,40.8,9-9-9-9,9,485,6
2024/05/12,金沢,3,甲斐義久アニキ誕生日記念Ｃ１八,1400,ダ,右,良,曇,10,8,9,エイシンシルエット,牝,6,54.0,481,0,松戸政,室井眞,,1,1:30.8,39.1,1-1-1-1,10,481,0
2024/05/12,金沢,3,甲斐義久アニキ誕生日記念Ｃ１八,1400,ダ,右,良,曇,10,6,6,ライダーストーム,牡,5,56.0,494,-4,堀場裕,井樋一,,2,1:31.3,39.2,3-3-2-2,6,494,-4
2024/05/12,金沢,3,甲斐義久アニキ誕生日記念Ｃ１八,1400,ダ,右,良,曇,10,2,2,ユーバーウィンデン,牡,4,56.0,521,4,米倉知,佐藤茂,,3,1:31.6,38.9,5-5-5-4,2,521,4
2024/05/12,金沢,3,甲斐義久アニキ誕生日記念Ｃ１八,1400,ダ,右,良,曇,10,3,3,ドンアルゴス,牡,9,55.0,525,11,加藤翔,中川雅,,4,1:31.6,38.3,10-10-9-6,1,525,11
2024/05/12,金沢,3,甲斐義久アニキ誕生日記念Ｃ１八,1400,ダ,右,良,曇,10,8,10,オミワタリ,牡,5,56.0,483,-1,沖静男,田嶋幸,,5,1:31.8,38.9,9-8-6-6,3,483,-1
2024/05/12,金沢,3,甲斐義久アニキ誕生日記念Ｃ１八,1400,ダ,右,良,曇,10,7,7,レッツドゥイット,牝,5,54.0,455,1,吉田晃,佐藤茂,,6,1:32.0,40.0,2-2-2-3,7,455,1
2024/05/12,金沢,3,甲斐義久アニキ誕生日記念Ｃ１八,1400,ダ,右,良,曇,10,5,5,グローリアステラ,牝,6,54.0,450,-1,兼子千,佐藤茂,,7,1:32.5,39.5,7-7-8-8,9,450,-1
2024/05/12,金沢,3,甲斐義久アニキ誕生日記念Ｃ１八,1400,ダ,右,良,曇,10,7,8,サウスシーパール,牡,4,56.0,470,-1,葛山晃,菅原欣,,8,1:32.6,39.7,6-6-7-8,8,470,-1
2024/05/12,金沢,3,甲斐義久アニキ誕生日記念Ｃ１八,1400,ダ,右,良,曇,10,4,4,アイスムーン,牝,6,54.0,454,7,魚住謙,鋤田誠,,9,1:32.7,40.3,3-4-4-5,5,454,7
2024/05/12,金沢,3,甲斐義久アニキ誕生日記念Ｃ１八,1400,ダ,右,良,曇,10,1,1,カフェダイナスティ,セ,0,56.0,489,5,栗原大,菅原欣,,10,1:33.5,39.9,8-9-10-10,4,489,5
2024/05/12,金沢,4,中島弘暉くんお誕生日記念Ｃ１七,1500,ダ,右,良,曇,10,5,5,ステイクロース,セ,0,56.0,440,2,堀場裕,井樋一,,1,1:37.4,38.5,5-5-5-2,7,440,2
2024/05/12,金沢,4,中島弘暉くんお誕生日記念Ｃ１七,1500,ダ,右,良,曇,10,4,4,ステイグリーン,牡,8,56.0,539,-1,平瀬城,黒木豊,,2,1:37.5,39.9,1-1-1-1,3,539,-1
2024/05/12,金沢,4,中島弘暉くんお誕生日記念Ｃ１七,1500,ダ,右,良,曇,10,2,2,スタールーズベルト,牡,4,56.0,477,8,鈴木太,藤田弘,,3,1:38.7,39.2,7-6-8-3,9,477,8
2024/05/12,金沢,4,中島弘暉くんお誕生日記念Ｃ１七,1500,ダ,右,良,曇,10,7,8,ノーザンピーク,牡,6,56.0,493,-7,兼子千,高橋優,,4,1:38.9,39.4,8-8-9-8,5,493,-7
2024/05/12,金沢,4,中島弘暉くんお誕生日記念Ｃ１七,1500,ダ,右,良,曇,10,8,9,コバルトスカイ,牝,7,54.0,493,0,松戸政,菅原欣,,5,1:38.9,39.7,5-7-6-9,4,493,0
2024/05/12,金沢,4,中島弘暉くんお誕生日記念Ｃ１七,1500,ダ,右,良,曇,10,8,10,クリスリターン,セ,0,56.0,495,5,中島龍,佐藤茂,,6,1:39.2,41.4,3-2-2-3,1,495,5
2024/05/12,金沢,4,中島弘暉くんお誕生日記念Ｃ１七,1500,ダ,右,良,曇,10,7,7,ビックハート,セ,0,56.0,415,0,池田敦,高橋道,,7,1:39.2,40.8,4-4-4-6,6,415,0
2024/05/12,金沢,4,中島弘暉くんお誕生日記念Ｃ１七,1500,ダ,右,良,曇,10,3,3,シゲルシチフクジン,牝,12,54.0,449,5,葛山晃,川添明,,8,1:39.6,40.2,9-8-6-6,10,449,5
2024/05/12,金沢,4,中島弘暉くんお誕生日記念Ｃ１七,1500,ダ,右,良,曇,10,1,1,ナムラロロ,牡,5,56.0,456,11,魚住謙,井樋一,,9,1:40.7,41.3,10-10-9-10,8,456,11
2024/05/12,金沢,4,中島弘暉くんお誕生日記念Ｃ１七,1500,ダ,右,良,曇,10,6,6,キノトクイーン,牝,6,54.0,461,-3,栗原大,高橋俊,,10,1:40.9,43.1,2-2-2-5,2,461,-3
2024/05/12,金沢,5,最推し心星ひなまる３ｒｄアニバーサＣ１六,1400,ダ,右,良,曇,10,4,4,ベルウッドアラシ,牡,4,55.0,456,3,加藤翔,加藤義,,1,1:31.1,39.0,3-3-3-3,1,456,3
2024/05/12,金沢,5,最推し心星ひなまる３ｒｄアニバーサＣ１六,1400,ダ,右,良,曇,10,3,3,ベルウッドミカサ,牡,4,56.0,453,-1,鈴木太,加藤義,,2,1:31.1,39.5,2-2-1-1,2,453,-1
2024/05/12,金沢,5,最推し心星ひなまる３ｒｄアニバーサＣ１六,1400,ダ,右,良,曇,10,5,5,ティアン,牝,4,54.0,426,-1,中島龍,佐藤茂,,3,1:31.6,39.5,5-5-4-3,4,426,-1
2024/05/12,金沢,5,最推し心星ひなまる３ｒｄアニバーサＣ１六,1400,ダ,右,良,曇,10,1,1,グッドラックスター,牝,7,54.0,464,1,池田敦,鈴木正,,4,1:31.7,39.1,8-8-7-6,6,464,1
2024/05/12,金沢,5,最推し心星ひなまる３ｒｄアニバーサＣ１六,1400,ダ,右,良,曇,10,8,10,レッドフェリーチェ,牝,7,54.0,475,7,葛山晃,菅原欣,,5,1:31.8,40.2,1-1-1-2,5,475,7
2024/05/12,金沢,5,最推し心星ひなまる３ｒｄアニバーサＣ１六,1400,ダ,右,良,曇,10,2,2,ウインドアリエル,牝,6,54.0,436,4,栗原大,野田幸,,6,1:32.2,39.9,5-6-6-5,9,436,4
2024/05/12,金沢,5,最推し心星ひなまる３ｒｄアニバーサＣ１六,1400,ダ,右,良,曇,10,7,8,コパノピッチング,牡,6,56.0,509,0,堀場裕,鋤田誠,,7,1:32.3,39.3,10-10-10-8,7,509,0
2024/05/12,金沢,5,最推し心星ひなまる３ｒｄアニバーサＣ１六,1400,ダ,右,良,曇,10,7,7,ジェイケイヒロイン,牝,8,54.0,443,-4,松戸政,井樋一,,8,1:32.8,40.9,3-3-5-6,8,443,-4
2024/05/12,金沢,5,最推し心星ひなまる３ｒｄアニバーサＣ１六,1400,ダ,右,良,曇,10,8,9,ヒロノランマン,セ,0,56.0,517,-7,柴田勇,金田一,,9,1:33.0,40.6,5-7-7-9,3,517,-7
2024/05/12,金沢,5,最推し心星ひなまる３ｒｄアニバーサＣ１六,1400,ダ,右,良,曇,10,6,6,ヘリオシース,牝,8,54.0,440,0,吉田晃,野田幸,,10,1:33.1,41.2,9-9-9-10,10,440,0
2024/05/12,金沢,6,金沢競馬写真コンテスト入賞作品展開Ｃ１五,1500,ダ,右,良,曇,7,1,1,ヴィクターバローズ,セ,0,56.0,468,2,米倉知,中川雅,,1,1:37.2,39.8,1-1-1-1,1,468,2
2024/05/12,金沢,6,金沢競馬写真コンテスト入賞作品展開Ｃ１五,1500,ダ,右,良,曇,7,3,3,コンパウンダー,牡,9,56.0,462,0,葛山晃,川添明,,2,1:37.6,38.9,7-6-5-2,3,462,0
2024/05/12,金沢,6,金沢競馬写真コンテスト入賞作品展開Ｃ１五,1500,ダ,右,良,曇,7,5,5,ラプタマーベリック,牡,4,56.0,480,4,中島龍,金田一,,3,1:38.8,41.0,4-2-2-4,2,480,4
2024/05/12,金沢,6,金沢競馬写真コンテスト入賞作品展開Ｃ１五,1500,ダ,右,良,曇,7,4,4,チェルキオ,牡,5,56.0,470,0,鈴木太,室井眞,,4,1:39.7,40.8,6-5-6-6,7,470,0
2024/05/12,金沢,6,金沢競馬写真コンテスト入賞作品展開Ｃ１五,1500,ダ,右,良,曇,7,6,6,オウムアムア,牡,8,56.0,568,8,堀場裕,金田一,,5,1:39.7,41.7,5-4-2-2,5,568,8
2024/05/12,金沢,6,金沢競馬写真コンテスト入賞作品展開Ｃ１五,1500,ダ,右,良,曇,7,7,7,ユキヤナギ,牝,5,53.0,470,21,加藤翔,加藤和,,6,1:41.0,42.9,3-3-4-5,4,470,21
2024/05/12,金沢,6,金沢競馬写真コンテスト入賞作品展開Ｃ１五,1500,ダ,右,良,曇,7,2,2,レモン,牝,7,54.0,408,1,栗原大,菅原欣,,,,,2,6,408,1
2024/05/12,金沢,7,てっちゃま☆お誕生日おめでとう！Ｃ１四,1400,ダ,右,良,雨,9,4,4,エイシングレア,牝,5,54.0,461,-2,兼子千,宗綱泰,,1,1:30.4,38.2,1-1-1-1,4,461,-2
2024/05/12,金沢,7,てっちゃま☆お誕生日おめでとう！Ｃ１四,1400,ダ,右,良,雨,9,2,2,エイシンアメンラー,牡,7,56.0,515,1,栗原大,加藤和,,2,1:30.5,37.8,5-5-2-2,1,515,1
2024/05/12,金沢,7,てっちゃま☆お誕生日おめでとう！Ｃ１四,1400,ダ,右,良,雨,9,1,1,インワンシティング,セ,0,55.0,439,1,加藤翔,加藤和,,3,1:31.9,38.7,7-6-8-7,3,439,1
2024/05/12,金沢,7,てっちゃま☆お誕生日おめでとう！Ｃ１四,1400,ダ,右,良,雨,9,8,9,サマーソルト,セ,0,56.0,503,3,魚住謙,鋤田誠,,4,1:31.9,39.4,2-2-2-5,6,503,3
2024/05/12,金沢,7,てっちゃま☆お誕生日おめでとう！Ｃ１四,1400,ダ,右,良,雨,9,3,3,ブリクシア,牡,6,56.0,518,6,中島龍,金田一,,5,1:32.2,39.5,3-4-5-3,2,518,6
2024/05/12,金沢,7,てっちゃま☆お誕生日おめでとう！Ｃ１四,1400,ダ,右,良,雨,9,5,5,ユキノリッキー,牝,5,54.0,454,4,松戸政,宗綱泰,,6,1:32.3,39.2,6-7-6-6,7,454,4
2024/05/12,金沢,7,てっちゃま☆お誕生日おめでとう！Ｃ１四,1400,ダ,右,良,雨,9,7,7,リンクスシュウ,牡,5,56.0,461,3,鈴木太,井樋一,,7,1:32.8,40.3,4-3-2-4,5,461,3
2024/05/12,金沢,7,てっちゃま☆お誕生日おめでとう！Ｃ１四,1400,ダ,右,良,雨,9,8,8,カフェリリー,牝,6,54.0,493,-1,柴田勇,菅原欣,,8,1:33.7,40.4,9-8-8-9,8,493,-1
2024/05/12,金沢,7,てっちゃま☆お誕生日おめでとう！Ｃ１四,1400,ダ,右,良,雨,9,6,6,ジャッカルズサン,牡,4,56.0,437,-1,沖静男,藤田弘,,9,1:33.8,40.7,8-9-6-7,9,437,-1
2024/05/12,金沢,8,ＫＩ☆Ｉ☆ＣＨＩ☆お誕生日おめでとＢ１四,1500,ダ,右,稍重,雨,9,7,7,ヤイバ,牡,5,56.0,462,-2,堀場裕,加藤義,,1,1:37.0,39.3,1-1-1-1,5,462,-2
2024/05/12,金沢,8,ＫＩ☆Ｉ☆ＣＨＩ☆お誕生日おめでとＢ１四,1500,ダ,右,稍重,雨,9,1,1,イサムサンカ,牡,4,56.0,495,-7,吉田晃,佐藤茂,,2,1:37.1,39.0,4-4-4-2,1,495,-7
2024/05/12,金沢,8,ＫＩ☆Ｉ☆ＣＨＩ☆お誕生日おめでとＢ１四,1500,ダ,右,稍重,雨,9,8,9,ベルウッドシキシマ,牡,4,55.0,439,-7,加藤翔,加藤義,,3,1:37.4,39.4,2-2-2-2,4,439,-7
2024/05/12,金沢,8,ＫＩ☆Ｉ☆ＣＨＩ☆お誕生日おめでとＢ１四,1500,ダ,右,稍重,雨,9,3,3,カレイジャス,牝,4,54.0,446,3,中島龍,藤田弘,,4,1:37.7,39.4,9-6-7-4,8,446,3
2024/05/12,金沢,8,ＫＩ☆Ｉ☆ＣＨＩ☆お誕生日おめでとＢ１四,1500,ダ,右,稍重,雨,9,2,2,コスモアシュラ,牡,6,56.0,529,6,栗原大,加藤和,,5,1:37.8,39.6,5-5-6-5,3,529,6
2024/05/12,金沢,8,ＫＩ☆Ｉ☆ＣＨＩ☆お誕生日おめでとＢ１四,1500,ダ,右,稍重,雨,9,5,5,クールシャイン,牡,7,56.0,503,-1,平瀬城,鈴木正,,6,1:38.0,39.0,6-8-8-7,7,503,-1
2024/05/12,金沢,8,ＫＩ☆Ｉ☆ＣＨＩ☆お誕生日おめでとＢ１四,1500,ダ,右,稍重,雨,9,8,8,ドリュウ,牡,9,56.0,472,6,柴田勇,金田一,,7,1:38.8,40.7,6-6-5-7,6,472,6
2024/05/12,金沢,8,ＫＩ☆Ｉ☆ＣＨＩ☆お誕生日おめでとＢ１四,1500,ダ,右,稍重,雨,9,4,4,リパリス,牝,6,54.0,464,7,吉原寛,井樋一,,8,1:38.9,40.9,3-3-2-6,2,464,7
2024/05/12,金沢,8,ＫＩ☆Ｉ☆ＣＨＩ☆お誕生日おめでとＢ１四,1500,ダ,右,稍重,雨,9,6,6,ウインイノセンス,牡,5,56.0,525,3,魚住謙,高橋俊,,9,1:40.8,41.3,8-9-9-9,9,525,3
2024/05/12,金沢,9,孝明誕生日記念Ｂ１三,1400,ダ,右,稍重,雨,8,8,8,サクラルコール,牡,13,56.0,508,2,栗原大,金田一,,1,1:29.9,37.3,3-2-1-2,2,508,2
2024/05/12,金沢,9,孝明誕生日記念Ｂ１三,1400,ダ,右,稍重,雨,8,4,4,ラテントパワーズ,牡,8,55.0,535,2,加藤翔,加藤義,,2,1:30.1,37.6,1-1-1-1,5,535,2
2024/05/12,金沢,9,孝明誕生日記念Ｂ１三,1400,ダ,右,稍重,雨,8,5,5,デルマウオッカ,牡,9,56.0,508,-1,吉原寛,加藤義,,3,1:30.4,37.5,8-8-1-2,1,508,-1
2024/05/12,金沢,9,孝明誕生日記念Ｂ１三,1400,ダ,右,稍重,雨,8,3,3,ジェイケイウルル,牝,5,54.0,539,4,中島龍,高橋俊,,4,1:30.6,37.7,4-4-6-5,4,539,4
2024/05/12,金沢,9,孝明誕生日記念Ｂ１三,1400,ダ,右,稍重,雨,8,2,2,クラウドクラスター,牡,5,56.0,503,-1,吉田晃,佐藤茂,,5,1:31.3,38.2,6-6-7-7,8,503,-1
2024/05/12,金沢,9,孝明誕生日記念Ｂ１三,1400,ダ,右,稍重,雨,8,6,6,ドルヴァル,牡,4,56.0,494,4,米倉知,加藤和,,6,1:31.3,38.5,6-6-4-4,3,494,4
2024/05/12,金沢,9,孝明誕生日記念Ｂ１三,1400,ダ,右,稍重,雨,8,7,7,プレミアマイン,牝,4,54.0,482,0,鈴木太,加藤和,,7,1:31.4,38.4,5-5-7-7,6,482,0
2024/05/12,金沢,9,孝明誕生日記念Ｂ１三,1400,ダ,右,稍重,雨,8,1,1,ミーハディビーナ,牝,7,54.0,441,0,柴田勇,菅原欣,,8,1:32.0,39.5,2-3-4-6,7,441,0
2024/05/12,金沢,10,楽天競馬で石川特産品が当たる！特別Ａ２二,1400,ダ,右,稍重,雨,9,3,3,マリンデュンデュン,牡,4,56.0,510,9,栗原大,金田一,,1,1:29.0,38.2,1-1-1-1,1,510,9
2024/05/12,金沢,10,楽天競馬で石川特産品が当たる！特別Ａ２二,1400,ダ,右,稍重,雨,9,6,6,ハリウッドスマイル,牝,3,53.0,433,0,米倉知,中川雅,,2,1:29.6,38.7,2-2-2-2,2,433,0
2024/05/12,金沢,10,楽天競馬で石川特産品が当たる！特別Ａ２二,1400,ダ,右,稍重,雨,9,5,5,ミオソフィア,牝,4,54.0,409,5,堀場裕,中川雅,,3,1:29.8,38.1,4-4-4-4,6,409,5
2024/05/12,金沢,10,楽天競馬で石川特産品が当たる！特別Ａ２二,1400,ダ,右,稍重,雨,9,8,9,オーミテンペスト,牡,6,56.0,462,3,柴田勇,中川雅,,4,1:30.3,38.8,3-3-3-3,4,462,3
2024/05/12,金沢,10,楽天競馬で石川特産品が当たる！特別Ａ２二,1400,ダ,右,稍重,雨,9,2,2,シュガーエンジェル,牝,5,54.0,398,0,兼子千,宗綱泰,,5,1:30.5,37.9,7-7-6-5,7,398,0
2024/05/12,金沢,10,楽天競馬で石川特産品が当たる！特別Ａ２二,1400,ダ,右,稍重,雨,9,7,7,サッキールビアノ,牡,6,55.0,487,-6,加藤翔,加藤義,,6,1:30.8,37.6,9-9-8-7,3,487,-6
2024/05/12,金沢,10,楽天競馬で石川特産品が当たる！特別Ａ２二,1400,ダ,右,稍重,雨,9,4,4,パディオアヘッド,セ,0,56.0,504,9,平瀬城,川添明,,7,1:31.4,39.1,5-5-5-6,8,504,9
2024/05/12,金沢,10,楽天競馬で石川特産品が当たる！特別Ａ２二,1400,ダ,右,稍重,雨,9,1,1,ウインオーサム,セ,0,56.0,463,9,沖静男,川添明,,8,1:31.7,39.0,5-6-7-7,5,463,9
2024/05/12,金沢,10,楽天競馬で石川特産品が当たる！特別Ａ２二,1400,ダ,右,稍重,雨,9,8,8,エムティヒビキ,セ,0,56.0,413,-1,魚住謙,高橋優,,9,1:32.8,39.2,7-8-9-9,9,413,-1
2024/05/12,金沢,11,石川優駿トライアル特別３歳Ａ１,1900,ダ,右,稍重,雨,6,3,3,ナミダノキス,牡,3,56.0,539,3,柴田勇,金田一,,1,2:04.4,37.8,3-4-1-1,1,539,3
2024/05/12,金沢,11,石川優駿トライアル特別３歳Ａ１,1900,ダ,右,稍重,雨,6,1,1,ロックシティボーイ,牡,3,56.0,450,4,堀場裕,加藤和,,2,2:05.0,37.3,6-6-5-4,2,450,4
2024/05/12,金沢,11,石川優駿トライアル特別３歳Ａ１,1900,ダ,右,稍重,雨,6,6,6,スターマンモス,牝,3,54.0,479,2,吉原寛,藤田弘,,3,2:06.0,39.4,1-1-2-3,4,479,2
2024/05/12,金沢,11,石川優駿トライアル特別３歳Ａ１,1900,ダ,右,稍重,雨,6,5,5,カレンアイバーソン,牡,3,56.0,458,2,松戸政,井樋一,,4,2:06.0,39.3,2-2-3-2,3,458,2
2024/05/12,金沢,11,石川優駿トライアル特別３歳Ａ１,1900,ダ,右,稍重,雨,6,2,2,ラシェンテ,牝,3,54.0,438,9,沖静男,井樋一,,5,2:06.3,38.5,5-5-6-5,5,438,9
2024/05/12,金沢,11,石川優駿トライアル特別３歳Ａ１,1900,ダ,右,稍重,雨,6,4,4,グルタチオンシード,牡,3,56.0,465,9,魚住謙,鋤田誠,,6,2:09.3,42.1,3-3-4-6,6,465,9
2024/05/14,金沢,1,ミス・パーフェクト記念３歳Ｂ五特編,1400,ダ,右,重,晴,9,8,9,エイシンソナタ,牝,3,54.0,422,0,栗原大,菅原欣,,1,1:33.5,41.5,4-4-1-1,6,422,0
2024/05/14,金沢,1,ミス・パーフェクト記念３歳Ｂ五特編,1400,ダ,右,重,晴,9,8,8,ナイトプラネット,牝,3,54.0,444,2,松戸政,井樋一,,2,1:33.6,41.1,7-5-4-2,2,444,2
2024/05/14,金沢,1,ミス・パーフェクト記念３歳Ｂ五特編,1400,ダ,右,重,晴,9,4,4,アマネク,牝,3,54.0,447,7,沖静男,田嶋幸,,3,1:33.7,40.7,6-7-6-7,4,447,7
2024/05/14,金沢,1,ミス・パーフェクト記念３歳Ｂ五特編,1400,ダ,右,重,晴,9,3,3,パラベイド,牡,3,56.0,527,0,池田敦,高橋俊,,4,1:34.4,42.4,3-2-3-3,3,527,0
2024/05/14,金沢,1,ミス・パーフェクト記念３歳Ｂ五特編,1400,ダ,右,重,晴,9,5,5,ベストブラボー,牝,3,54.0,432,-2,魚住謙,鈴木正,,5,1:35.2,42.2,5-6-6-5,5,432,-2
2024/05/14,金沢,1,ミス・パーフェクト記念３歳Ｂ五特編,1400,ダ,右,重,晴,9,6,6,アイヲサケブオトコ,牡,3,56.0,458,-12,鈴木太,室井眞,,6,1:35.3,41.7,8-8-8-8,7,458,-12
2024/05/14,金沢,1,ミス・パーフェクト記念３歳Ｂ五特編,1400,ダ,右,重,晴,9,7,7,ヴァルチャー,牝,3,54.0,439,6,葛山晃,高橋俊,,7,1:35.4,42.8,2-3-5-6,9,439,6
2024/05/14,金沢,1,ミス・パーフェクト記念３歳Ｂ五特編,1400,ダ,右,重,晴,9,1,1,シャインウォーリア,牝,3,54.0,0,0,吉原寛,田嶋幸,,8,1:36.2,44.2,1-1-1-4,1,0,0
2024/05/14,金沢,1,ミス・パーフェクト記念３歳Ｂ五特編,1400,ダ,右,重,晴,9,2,2,サンサンサンキュー,牡,3,56.0,480,-2,兼子千,菅原欣,,9,1:37.4,43.4,9-9-9-9,8,480,-2
2024/05/14,金沢,2,祝☆４億！！栃木のアラジン爆３歳Ｂ四特編,1500,ダ,右,重,晴,9,2,2,ヘックス,牝,3,54.0,415,-2,中島龍,佐藤茂,,1,1:38.5,40.9,1-1-1-1,4,415,-2
2024/05/14,金沢,2,祝☆４億！！栃木のアラジン爆３歳Ｂ四特編,1500,ダ,右,重,晴,9,4,4,ミュークロア,牝,3,54.0,405,-6,吉田晃,高橋俊,,2,1:39.2,41.3,2-2-2-2,1,405,-6
2024/05/14,金沢,2,祝☆４億！！栃木のアラジン爆３歳Ｂ四特編,1500,ダ,右,重,晴,9,5,5,ボルドーエゾンス,牝,3,54.0,404,-1,葛山晃,高橋俊,,3,1:40.2,41.3,7-6-4-3,8,404,-1
2024/05/14,金沢,2,祝☆４億！！栃木のアラジン爆３歳Ｂ四特編,1500,ダ,右,重,晴,9,7,7,センベロ,牝,3,54.0,379,1,松戸政,藤田弘,,4,1:41.6,42.3,6-7-7-5,7,379,1
2024/05/14,金沢,2,祝☆４億！！栃木のアラジン爆３歳Ｂ四特編,1500,ダ,右,重,晴,9,8,8,エドヴァルド,牡,3,56.0,453,2,平瀬城,田嶋幸,,5,1:41.8,43.3,2-3-3-4,2,453,2
2024/05/14,金沢,2,祝☆４億！！栃木のアラジン爆３歳Ｂ四特編,1500,ダ,右,重,晴,9,1,1,アオイエクラタン,牝,3,53.0,385,-9,加藤翔,加藤義,,6,1:42.2,43.3,4-4-5-5,3,385,-9
2024/05/14,金沢,2,祝☆４億！！栃木のアラジン爆３歳Ｂ四特編,1500,ダ,右,重,晴,9,8,9,アブデラザール,牝,3,54.0,383,-5,堀場裕,加藤義,,7,1:42.2,43.2,5-5-6-7,9,383,-5
2024/05/14,金沢,2,祝☆４億！！栃木のアラジン爆３歳Ｂ四特編,1500,ダ,右,重,晴,9,3,3,オープンソース,牝,3,54.0,429,-6,沖静男,川添明,,8,1:42.4,43.1,8-8-8-8,5,429,-6
2024/05/14,金沢,2,祝☆４億！！栃木のアラジン爆３歳Ｂ四特編,1500,ダ,右,重,晴,9,6,6,カレンバンブー,牝,3,54.0,404,-7,柴田勇,中川雅,,9,1:43.9,43.7,9-9-9-9,6,404,-7
2024/05/14,金沢,3,３歳Ｂ三特編,1400,ダ,右,重,晴,10,7,8,ワンモアチャンス,牝,3,54.0,456,20,松戸政,菅原欣,,1,1:30.9,39.3,1-1-1-1,1,456,20
2024/05/14,金沢,3,３歳Ｂ三特編,1400,ダ,右,重,晴,10,4,4,ビルマチーク,牝,3,54.0,430,16,栗原大,菅原欣,,2,1:31.9,39.4,5-5-5-3,4,430,16
2024/05/14,金沢,3,３歳Ｂ三特編,1400,ダ,右,重,晴,10,3,3,リベラメ,牝,3,53.0,518,-8,加藤翔,加藤義,,3,1:32.0,39.8,2-3-3-2,3,518,-8
2024/05/14,金沢,3,３歳Ｂ三特編,1400,ダ,右,重,晴,10,2,2,センタービット,牡,3,56.0,423,1,池田敦,高橋俊,,4,1:33.1,40.1,7-8-7-4,2,423,1
2024/05/14,金沢,3,３歳Ｂ三特編,1400,ダ,右,重,晴,10,6,6,キセキノクニ,セ,0,56.0,442,-1,兼子千,川添明,,5,1:33.9,41.2,5-6-7-8,7,442,-1
2024/05/14,金沢,3,３歳Ｂ三特編,1400,ダ,右,重,晴,10,7,7,フューゲイシャス,牡,3,56.0,453,-5,吉田晃,田嶋幸,,6,1:34.3,42.3,2-2-2-4,6,453,-5
2024/05/14,金沢,3,３歳Ｂ三特編,1400,ダ,右,重,晴,10,1,1,ランフォーリリーズ,牝,3,54.0,409,13,魚住謙,高橋優,,7,1:34.5,41.6,7-7-9-6,10,409,13
2024/05/14,金沢,3,３歳Ｂ三特編,1400,ダ,右,重,晴,10,5,5,アオイカメリア,牝,3,54.0,422,4,鈴木太,加藤義,,8,1:34.9,42.3,9-8-5-6,8,422,4
2024/05/14,金沢,3,３歳Ｂ三特編,1400,ダ,右,重,晴,10,8,9,セイウンラビリンス,牡,3,56.0,489,5,沖静男,川添明,,9,1:35.3,41.7,10-10-10-9,9,489,5
2024/05/14,金沢,3,３歳Ｂ三特編,1400,ダ,右,重,晴,10,8,10,アルシンダガ,牡,3,56.0,436,-4,中島龍,加藤和,,10,1:37.6,45.6,4-3-3-10,5,436,-4
2024/05/14,金沢,4,３歳Ｂ二特編,1400,ダ,右,重,晴,11,8,10,ヌンコッチ,牝,3,54.0,457,4,鈴木太,加藤和,,1,1:32.8,41.3,2-2-1-1,1,457,4
2024/05/14,金沢,4,３歳Ｂ二特編,1400,ダ,右,重,晴,11,2,2,ジークアスリート,牡,3,56.0,416,-3,栗原大,菅原欣,,2,1:32.8,38.6,11-11-11-9,2,416,-3
2024/05/14,金沢,4,３歳Ｂ二特編,1400,ダ,右,重,晴,11,6,7,レクエルダメ,牝,3,54.0,450,-3,魚住謙,金田一,,3,1:33.0,40.5,6-6-5-4,8,450,-3
2024/05/14,金沢,4,３歳Ｂ二特編,1400,ダ,右,重,晴,11,6,6,ヴェネラリア,牝,3,54.0,434,-8,堀場裕,中川雅,,4,1:33.1,40.6,4-4-4-5,9,434,-8
2024/05/14,金沢,4,３歳Ｂ二特編,1400,ダ,右,重,晴,11,4,4,トウメイヨリキレイ,牝,3,54.0,403,-3,松戸政,黒木豊,,5,1:33.3,40.4,8-8-7-7,7,403,-3
2024/05/14,金沢,4,３歳Ｂ二特編,1400,ダ,右,重,晴,11,1,1,メニー,牡,3,56.0,424,1,柴田勇,中川雅,,6,1:33.4,40.3,6-7-7-8,5,424,1
2024/05/14,金沢,4,３歳Ｂ二特編,1400,ダ,右,重,晴,11,8,11,リフトローダー,牝,3,54.0,491,3,中島龍,高橋俊,,7,1:33.6,42.1,3-3-3-2,3,491,3
2024/05/14,金沢,4,３歳Ｂ二特編,1400,ダ,右,重,晴,11,5,5,トップリアル,牝,3,54.0,422,-6,兼子千,高橋道,,8,1:33.8,40.0,9-10-10-10,10,422,-6
2024/05/14,金沢,4,３歳Ｂ二特編,1400,ダ,右,重,晴,11,7,9,ナックエクスプレス,牝,3,53.0,428,-7,加藤翔,中川雅,,9,1:34.1,42.6,1-1-2-2,4,428,-7
2024/05/14,金沢,4,３歳Ｂ二特編,1400,ダ,右,重,晴,11,7,8,ラブリネス,牝,3,54.0,354,-6,平瀬城,加藤義,,10,1:34.3,41.8,4-4-6-6,6,354,-6
2024/05/14,金沢,4,３歳Ｂ二特編,1400,ダ,右,重,晴,11,3,3,ミスヒノクニ,牝,3,54.0,468,3,米倉知,佐藤茂,,11,1:35.6,42.2,9-8-9-11,11,468,3
2024/05/14,金沢,5,Ｃ１三,1500,ダ,右,重,晴,8,5,5,ダフニス,セ,0,56.0,443,1,米倉知,高橋俊,,1,1:37.1,39.9,2-2-2-2,1,443,1
2024/05/14,金沢,5,Ｃ１三,1500,ダ,右,重,晴,8,4,4,ユキゲショウ,牝,5,54.0,463,3,沖静男,川添明,,2,1:37.3,40.2,1-1-1-1,2,463,3
2024/05/14,金沢,5,Ｃ１三,1500,ダ,右,重,晴,8,7,7,ナックメジャー,牡,5,56.0,488,0,中島龍,金田一,,3,1:37.8,39.9,5-4-3-4,4,488,0
2024/05/14,金沢,5,Ｃ１三,1500,ダ,右,重,晴,8,3,3,ブタンタン,牡,5,56.0,491,6,鈴木太,加藤和,,4,1:37.9,40.0,4-4-3-3,5,491,6
2024/05/14,金沢,5,Ｃ１三,1500,ダ,右,重,晴,8,6,6,センチュリヒーロー,牡,4,56.0,426,4,堀場裕,中川雅,,5,1:38.6,38.6,7-8-8-7,3,426,4
2024/05/14,金沢,5,Ｃ１三,1500,ダ,右,重,晴,8,1,1,ロマンチックボーイ,牡,4,56.0,455,0,兼子千,野田幸,,6,1:38.6,39.4,6-7-6-5,8,455,0
2024/05/14,金沢,5,Ｃ１三,1500,ダ,右,重,晴,8,8,8,カネトシロワン,牝,4,53.0,443,2,加藤翔,中川雅,,7,1:39.7,41.3,3-3-5-6,7,443,2
2024/05/14,金沢,5,Ｃ１三,1500,ダ,右,重,晴,8,2,2,リトリーブ,牡,4,56.0,448,2,栗原大,菅原欣,,8,1:41.6,42.3,8-6-7-8,6,448,2
2024/05/14,金沢,6,Ｃ１二,1400,ダ,右,重,晴,8,1,1,スマイルフレンド,牝,4,54.0,454,-1,堀場裕,加藤義,,1,1:31.2,37.9,4-3-4-4,3,454,-1
2024/05/14,金沢,6,Ｃ１二,1400,ダ,右,重,晴,8,5,5,エイシンウィンク,牝,6,54.0,436,9,栗原大,菅原欣,,2,1:31.3,38.6,2-2-2-2,1,436,9
2024/05/14,金沢,6,Ｃ１二,1400,ダ,右,重,晴,8,2,2,エースアクシス,牝,8,54.0,404,-1,松戸政,井樋一,,3,1:31.3,37.8,5-5-4-3,4,404,-1
2024/05/14,金沢,6,Ｃ１二,1400,ダ,右,重,晴,8,3,3,サノノビーチ,牝,4,54.0,514,1,鈴木太,加藤和,,4,1:31.6,39.4,1-1-1-1,5,514,1
2024/05/14,金沢,6,Ｃ１二,1400,ダ,右,重,晴,8,8,8,クイーンオブロード,牝,5,54.0,427,-4,平瀬城,黒木豊,,5,1:32.3,39.2,3-4-3-5,6,427,-4
2024/05/14,金沢,6,Ｃ１二,1400,ダ,右,重,晴,8,4,4,リュウノワシントン,牡,6,55.0,441,7,加藤翔,加藤義,,6,1:32.6,39.0,5-6-6-6,2,441,7
2024/05/14,金沢,6,Ｃ１二,1400,ダ,右,重,晴,8,6,6,フェスティヴノンノ,牝,6,54.0,457,5,米倉知,加藤和,,,,,,,457,5
2024/05/14,金沢,6,Ｃ１二,1400,ダ,右,重,晴,8,7,7,ノールック,牝,6,54.0,427,1,吉田晃,高橋俊,,,,,,,427,1
2024/05/14,金沢,7,Ｊ交 加賀九谷賞３歳中央３歳未勝利,1500,ダ,右,稍重,晴,10,2,2,ジョニール,牝,3,54.0,458,0,中島龍,森田直,,1,1:32.4,36.5,1-1-1-1,3,458,0
2024/05/14,金沢,7,Ｊ交 加賀九谷賞３歳中央３歳未勝利,1500,ダ,右,稍重,晴,10,8,10,ガラシュ,牡,3,54.0,514,0,永島ま,高橋康,,2,1:35.1,38.6,2-2-2-2,2,514,0
2024/05/14,金沢,7,Ｊ交 加賀九谷賞３歳中央３歳未勝利,1500,ダ,右,稍重,晴,10,6,6,リフレイン,牝,3,54.0,462,-2,栗原大,鈴木慎,,3,1:36.1,38.2,7-7-7-7,5,462,-2
2024/05/14,金沢,7,Ｊ交 加賀九谷賞３歳中央３歳未勝利,1500,ダ,右,稍重,晴,10,5,5,ネオクラウン,牡,3,52.0,476,-10,小林美,鈴木伸,,4,1:36.2,39.6,3-4-3-4,4,476,-10
2024/05/14,金沢,7,Ｊ交 加賀九谷賞３歳中央３歳未勝利,1500,ダ,右,稍重,晴,10,8,9,エイシンノヴァ,牡,3,56.0,438,0,柴田勇,中川雅,,5,1:37.0,39.7,5-5-5-5,7,438,0
2024/05/14,金沢,7,Ｊ交 加賀九谷賞３歳中央３歳未勝利,1500,ダ,右,稍重,晴,10,1,1,グローリーロード,牡,3,56.0,462,-4,吉原寛,西園翔,,6,1:37.1,40.6,3-3-3-3,1,462,-4
2024/05/14,金沢,7,Ｊ交 加賀九谷賞３歳中央３歳未勝利,1500,ダ,右,稍重,晴,10,7,8,サザンフィールド,牡,3,55.0,426,-2,加藤翔,金田一,,7,1:37.7,38.5,10-10-10-9,9,426,-2
2024/05/14,金沢,7,Ｊ交 加賀九谷賞３歳中央３歳未勝利,1500,ダ,右,稍重,晴,10,7,7,ミリオーレアルバ,牡,3,56.0,472,2,松戸政,加藤和,,8,1:37.7,40.5,5-5-5-6,6,472,2
2024/05/14,金沢,7,Ｊ交 加賀九谷賞３歳中央３歳未勝利,1500,ダ,右,稍重,晴,10,3,3,レーヴァローゼ,牝,3,54.0,412,4,堀場裕,藤田弘,,9,1:37.9,39.6,8-9-8-8,8,412,4
2024/05/14,金沢,7,Ｊ交 加賀九谷賞３歳中央３歳未勝利,1500,ダ,右,稍重,晴,10,4,4,サンヨウアカヘル,牝,3,54.0,440,-3,沖静男,田嶋幸,,10,1:42.9,44.2,9-8-9-10,10,440,-3
2024/05/14,金沢,8,金沢競馬３歳Ｂプレミアム３歳Ｂ特選,1500,ダ,右,稍重,晴,12,2,2,スイートウィル,牝,3,54.0,410,-4,鈴木太,加藤和,,1,1:39.6,41.3,6-6-5-5,7,410,-4
2024/05/14,金沢,8,金沢競馬３歳Ｂプレミアム３歳Ｂ特選,1500,ダ,右,稍重,晴,12,3,3,ハーバーフロント,牝,3,54.0,407,2,堀場裕,金田一,,2,1:39.9,40.8,7-9-9-7,10,407,2
2024/05/14,金沢,8,金沢競馬３歳Ｂプレミアム３歳Ｂ特選,1500,ダ,右,稍重,晴,12,6,8,アイノユメテーラー,牝,3,54.0,469,-2,柴田勇,中川雅,,3,1:40.1,41.4,7-8-8-7,8,469,-2
2024/05/14,金沢,8,金沢競馬３歳Ｂプレミアム３歳Ｂ特選,1500,ダ,右,稍重,晴,12,8,11,ブラヴォージャパン,牝,3,54.0,420,-5,吉原寛,佐藤茂,,4,1:40.2,42.1,3-5-4-3,6,420,-5
2024/05/14,金沢,8,金沢競馬３歳Ｂプレミアム３歳Ｂ特選,1500,ダ,右,稍重,晴,12,7,9,ムゲーテスペランサ,牝,3,54.0,465,0,吉田晃,佐藤茂,,5,1:40.3,42.5,2-2-2-1,5,465,0
2024/05/14,金沢,8,金沢競馬３歳Ｂプレミアム３歳Ｂ特選,1500,ダ,右,稍重,晴,12,5,6,ヨメニケイゴ,牝,3,54.0,437,-1,松戸政,菅原欣,,6,1:40.4,41.1,10-10-10-9,12,437,-1
2024/05/14,金沢,8,金沢競馬３歳Ｂプレミアム３歳Ｂ特選,1500,ダ,右,稍重,晴,12,5,5,リュウノラッシュ,牝,3,54.0,380,4,魚住謙,加藤義,,7,1:40.5,40.5,12-12-12-10,11,380,4
2024/05/14,金沢,8,金沢競馬３歳Ｂプレミアム３歳Ｂ特選,1500,ダ,右,稍重,晴,12,6,7,ワイドステラ,牝,3,54.0,454,-6,米倉知,加藤和,,8,1:40.6,42.7,4-3-3-3,3,454,-6
2024/05/14,金沢,8,金沢競馬３歳Ｂプレミアム３歳Ｂ特選,1500,ダ,右,稍重,晴,12,1,1,ラストヒロイン,牝,3,54.0,429,-1,中島龍,加藤和,,9,1:40.6,42.4,5-3-7-10,1,429,-1
2024/05/14,金沢,8,金沢競馬３歳Ｂプレミアム３歳Ｂ特選,1500,ダ,右,稍重,晴,12,4,4,ハセケンザン,牡,3,56.0,539,7,兼子千,野田幸,,10,1:40.8,41.4,11-11-11-10,9,539,7
2024/05/14,金沢,8,金沢競馬３歳Ｂプレミアム３歳Ｂ特選,1500,ダ,右,稍重,晴,12,8,12,ヒャクシキ,牡,3,56.0,433,27,栗原大,加藤和,,11,1:40.8,42.5,7-7-6-6,4,433,27
2024/05/14,金沢,8,金沢競馬３歳Ｂプレミアム３歳Ｂ特選,1500,ダ,右,稍重,晴,12,7,10,スノーソフィー,牝,3,53.0,439,-1,加藤翔,中川雅,,12,1:40.9,43.3,1-1-1-2,2,439,-1
2024/05/14,金沢,9,加賀温泉郷菖蒲湯まつり特別Ｃ１一,1500,ダ,右,稍重,晴,8,6,6,マジカルモーション,牡,4,56.0,497,4,堀場裕,中川雅,,1,1:37.1,39.7,3-4-3-2,2,497,4
2024/05/14,金沢,9,加賀温泉郷菖蒲湯まつり特別Ｃ１一,1500,ダ,右,稍重,晴,8,2,2,ラインハイト,牡,7,56.0,492,-7,栗原大,加藤和,,2,1:37.9,40.0,6-6-5-1,1,492,-7
2024/05/14,金沢,9,加賀温泉郷菖蒲湯まつり特別Ｃ１一,1500,ダ,右,稍重,晴,8,3,3,ヴイエルジュ,牝,4,54.0,451,0,中島龍,加藤義,,3,1:38.1,41.4,1-1-1-2,6,451,0
2024/05/14,金沢,9,加賀温泉郷菖蒲湯まつり特別Ｃ１一,1500,ダ,右,稍重,晴,8,7,7,マジカルガール,牝,4,54.0,419,-7,柴田勇,金田一,,4,1:38.3,41.4,2-2-2-2,5,419,-7
2024/05/14,金沢,9,加賀温泉郷菖蒲湯まつり特別Ｃ１一,1500,ダ,右,稍重,晴,8,1,1,エーストビーズ,牝,6,54.0,499,6,葛山晃,菅原欣,,5,1:39.5,40.1,7-7-7-6,7,499,6
2024/05/14,金沢,9,加賀温泉郷菖蒲湯まつり特別Ｃ１一,1500,ダ,右,稍重,晴,8,5,5,カカンクオン,牡,6,56.0,436,1,池田敦,鈴木正,,6,1:41.4,43.9,3-3-6-7,8,436,1
2024/05/14,金沢,9,加賀温泉郷菖蒲湯まつり特別Ｃ１一,1500,ダ,右,稍重,晴,8,4,4,タカラアーサー,牡,4,56.0,517,2,松戸政,菅原欣,,7,1:42.1,44.7,5-5-4-5,3,517,2
2024/05/14,金沢,9,加賀温泉郷菖蒲湯まつり特別Ｃ１一,1500,ダ,右,稍重,晴,8,8,8,ビッグタイマー,牡,6,56.0,477,-3,魚住謙,鋤田誠,,,,,,4,477,-3
2024/05/14,金沢,10,能登半島地震復興支援杯Ｂ１二,1700,ダ,右,稍重,晴,9,2,2,ディモールト,牡,7,56.0,501,-6,松戸政,井樋一,,1,1:50.0,38.8,5-5-5-2,1,501,-6
2024/05/14,金沢,10,能登半島地震復興支援杯Ｂ１二,1700,ダ,右,稍重,晴,9,3,3,シェンフォン,牝,5,54.0,460,-2,栗原大,加藤和,,2,1:50.1,38.6,7-7-6-3,7,460,-2
2024/05/14,金沢,10,能登半島地震復興支援杯Ｂ１二,1700,ダ,右,稍重,晴,9,7,7,ラマジ,牝,4,54.0,450,0,堀場裕,鈴木正,,3,1:50.5,38.8,9-9-8-5,4,450,0
2024/05/14,金沢,10,能登半島地震復興支援杯Ｂ１二,1700,ダ,右,稍重,晴,9,5,5,エイチエヌバンピー,牡,4,56.0,468,-1,米倉知,佐藤茂,,4,1:50.5,38.9,8-8-6-4,3,468,-1
2024/05/14,金沢,10,能登半島地震復興支援杯Ｂ１二,1700,ダ,右,稍重,晴,9,8,9,ハガネ,牡,4,56.0,468,5,吉原寛,藤田弘,,5,1:50.6,40.2,4-4-2-1,2,468,5
2024/05/14,金沢,10,能登半島地震復興支援杯Ｂ１二,1700,ダ,右,稍重,晴,9,4,4,ベルウッドムサシ,牡,4,55.0,456,-5,加藤翔,加藤義,,6,1:52.4,40.7,6-6-9-7,5,456,-5
2024/05/14,金沢,10,能登半島地震復興支援杯Ｂ１二,1700,ダ,右,稍重,晴,9,6,6,シークレットグロウ,牡,5,56.0,445,6,魚住謙,鋤田誠,,7,1:54.7,44.4,3-3-2-6,9,445,6
2024/05/14,金沢,10,能登半島地震復興支援杯Ｂ１二,1700,ダ,右,稍重,晴,9,1,1,デルマセイレーン,牝,5,54.0,443,-8,中島龍,加藤義,,8,1:56.3,46.1,2-2-4-9,8,443,-8
2024/05/14,金沢,10,能登半島地震復興支援杯Ｂ１二,1700,ダ,右,稍重,晴,9,8,8,ホイッスルベイト,牝,5,54.0,452,-1,池田敦,高橋俊,,9,1:57.5,47.8,1-1-1-8,6,452,-1
2024/05/14,金沢,11,スマホ投票なら楽天競馬！特別Ａ２一,1700,ダ,右,稍重,晴,7,1,1,ガクチカキッズ,牡,10,56.0,477,7,吉原寛,井樋一,,1,1:49.8,38.1,7-7-6-3,1,477,7
2024/05/14,金沢,11,スマホ投票なら楽天競馬！特別Ａ２一,1700,ダ,右,稍重,晴,7,3,3,キョウエイロナ,牝,6,54.0,446,1,栗原大,加藤和,,2,1:50.2,39.3,6-5-5-3,3,446,1
2024/05/14,金沢,11,スマホ投票なら楽天競馬！特別Ａ２一,1700,ダ,右,稍重,晴,7,4,4,フラッグアドミラル,牡,10,56.0,485,-3,堀場裕,中川雅,,3,1:50.3,40.3,2-2-1-1,4,485,-3
2024/05/14,金沢,11,スマホ投票なら楽天競馬！特別Ａ２一,1700,ダ,右,稍重,晴,7,5,5,ファントムルージュ,牝,6,54.0,461,-3,柴田勇,中川雅,,4,1:50.3,40.3,3-3-2-2,7,461,-3
2024/05/14,金沢,11,スマホ投票なら楽天競馬！特別Ａ２一,1700,ダ,右,稍重,晴,7,6,6,カイジンウェーヴ,牡,6,56.0,502,9,中島龍,中川雅,,5,1:50.7,40.3,4-4-4-3,2,502,9
2024/05/14,金沢,11,スマホ投票なら楽天競馬！特別Ａ２一,1700,ダ,右,稍重,晴,7,2,2,フミタツティンクル,牝,8,54.0,458,6,兼子千,宗綱泰,,6,1:52.2,42.0,1-1-3-6,6,458,6
2024/05/14,金沢,11,スマホ投票なら楽天競馬！特別Ａ２一,1700,ダ,右,稍重,晴,7,7,7,サンケイワールド,牡,6,55.0,498,6,加藤翔,金田一,,7,1:53.7,42.3,5-6-6-7,5,498,6
2024/05/14,金沢,12,日本海スプリントトライアル特別Ｂ１一,1400,ダ,右,稍重,晴,11,5,5,ラスティネイル,牝,6,54.0,462,-4,葛山晃,川添明,,1,1:28.4,38.4,1-1-1-1,2,462,-4
2024/05/14,金沢,12,日本海スプリントトライアル特別Ｂ１一,1400,ダ,右,稍重,晴,11,8,10,スピーディクール,セ,0,56.0,490,-6,吉原寛,佐藤茂,,2,1:29.4,38.5,6-5-5-4,3,490,-6
2024/05/14,金沢,12,日本海スプリントトライアル特別Ｂ１一,1400,ダ,右,稍重,晴,11,7,8,グランメゾン,牝,5,54.0,435,0,兼子千,宗綱泰,,3,1:29.4,38.9,4-4-3-2,7,435,0
2024/05/14,金沢,12,日本海スプリントトライアル特別Ｂ１一,1400,ダ,右,稍重,晴,11,6,6,マイネルヘリテージ,牡,5,56.0,426,3,松戸政,井樋一,,4,1:29.6,38.1,7-7-7-7,4,426,3
2024/05/14,金沢,12,日本海スプリントトライアル特別Ｂ１一,1400,ダ,右,稍重,晴,11,3,3,ブーケドフルール,牝,6,53.0,429,0,加藤翔,加藤義,,5,1:29.7,37.7,9-9-9-7,9,429,0
2024/05/14,金沢,12,日本海スプリントトライアル特別Ｂ１一,1400,ダ,右,稍重,晴,11,1,1,ピースイギー,牝,5,54.0,424,1,堀場裕,金田一,,6,1:29.7,38.5,5-5-6-6,5,424,1
2024/05/14,金沢,12,日本海スプリントトライアル特別Ｂ１一,1400,ダ,右,稍重,晴,11,2,2,ヴィルベッピンサン,牝,5,54.0,477,7,魚住謙,鋤田誠,,7,1:30.3,37.7,10-10-10-10,10,477,7
2024/05/14,金沢,12,日本海スプリントトライアル特別Ｂ１一,1400,ダ,右,稍重,晴,11,7,9,ルナエルモッサ,牝,5,54.0,427,-1,中島龍,川添明,,8,1:30.4,39.9,3-3-4-3,11,427,-1
2024/05/14,金沢,12,日本海スプリントトライアル特別Ｂ１一,1400,ダ,右,稍重,晴,11,6,7,クリノヒビキ,セ,0,56.0,528,7,鈴木太,井樋一,,9,1:30.5,37.5,11-11-11-11,6,528,7
2024/05/14,金沢,12,日本海スプリントトライアル特別Ｂ１一,1400,ダ,右,稍重,晴,11,4,4,ピエナパプリカ,牡,6,56.0,489,-1,栗原大,鋤田誠,,10,1:30.5,39.0,8-7-8-9,8,489,-1
2024/05/14,金沢,12,日本海スプリントトライアル特別Ｂ１一,1400,ダ,右,稍重,晴,11,8,11,ダヴァンティ,牝,3,53.0,474,3,吉田晃,佐藤茂,,11,1:31.6,41.4,2-2-2-5,1,474,3
2024/05/19,金沢,1,花木来輝と森海結婚式記念Ｃ２十一,1500,ダ,右,良,曇,9,5,5,ピンフドラサン,牡,7,56.0,476,3,鈴木太,井樋一,,1,1:38.7,40.3,5-3-1-2,1,476,3
2024/05/19,金沢,1,花木来輝と森海結婚式記念Ｃ２十一,1500,ダ,右,良,曇,9,8,8,シンゼンアツタ,牡,4,56.0,476,0,柴田勇,中川雅,,2,1:39.3,41.0,1-1-1-1,5,476,0
2024/05/19,金沢,1,花木来輝と森海結婚式記念Ｃ２十一,1500,ダ,右,良,曇,9,3,3,イーゼル,セ,0,56.0,487,-1,松戸政,黒木豊,,3,1:40.5,40.5,9-9-8-7,9,487,-1
2024/05/19,金沢,1,花木来輝と森海結婚式記念Ｃ２十一,1500,ダ,右,良,曇,9,6,6,ルリフラワー,牝,6,54.0,448,-2,沖静男,田嶋幸,,4,1:40.8,41.0,8-8-8-8,8,448,-2
2024/05/19,金沢,1,花木来輝と森海結婚式記念Ｃ２十一,1500,ダ,右,良,曇,9,2,2,アンクルテイオウ,牡,8,56.0,490,0,堀場裕,鈴木正,,5,1:40.9,41.7,7-5-7-6,4,490,0
2024/05/19,金沢,1,花木来輝と森海結婚式記念Ｃ２十一,1500,ダ,右,良,曇,9,4,4,リードザウイニング,セ,0,56.0,458,-6,魚住謙,鋤田誠,,6,1:41.1,42.2,4-5-4-4,6,458,-6
2024/05/19,金沢,1,花木来輝と森海結婚式記念Ｃ２十一,1500,ダ,右,良,曇,9,8,9,キャッチクライ,牝,4,54.0,457,-2,平瀬城,黒木豊,,7,1:41.7,43.4,2-2-1-3,3,457,-2
2024/05/19,金沢,1,花木来輝と森海結婚式記念Ｃ２十一,1500,ダ,右,良,曇,9,7,7,ヒロノホマレボシ,セ,0,56.0,422,-4,吉田晃,佐藤茂,,8,1:41.8,42.9,6-7-5-5,7,422,-4
2024/05/19,金沢,1,花木来輝と森海結婚式記念Ｃ２十一,1500,ダ,右,良,曇,9,1,1,スマッシュパワー,牡,7,56.0,457,-4,池田敦,高橋道,,9,1:43.3,44.4,3-4-6-9,2,457,-4
2024/05/19,金沢,2,第１回「提督杯」Ｃ２十,1400,ダ,右,良,曇,10,1,1,キクノビースト,牡,4,56.0,517,-1,吉原寛,加藤義,,1,1:32.7,39.4,1-1-1-1,1,517,-1
2024/05/19,金沢,2,第１回「提督杯」Ｃ２十,1400,ダ,右,良,曇,10,6,6,マイヴェリテ,セ,0,55.0,433,2,室陽一,金田一,,2,1:33.7,39.8,2-2-2-2,2,433,2
2024/05/19,金沢,2,第１回「提督杯」Ｃ２十,1400,ダ,右,良,曇,10,2,2,リードキングダム,牝,6,54.0,418,1,柴田勇,黒木豊,,3,1:34.1,39.8,4-3-4-3,7,418,1
2024/05/19,金沢,2,第１回「提督杯」Ｃ２十,1400,ダ,右,良,曇,10,3,3,キャリアウーマン,牝,4,54.0,482,11,平瀬城,黒木豊,,4,1:34.1,39.5,5-5-6-4,5,482,11
2024/05/19,金沢,2,第１回「提督杯」Ｃ２十,1400,ダ,右,良,曇,10,7,8,ボルンカズマ,牡,8,56.0,503,0,沖静男,川添明,,5,1:34.8,39.6,8-8-8-6,9,503,0
2024/05/19,金沢,2,第１回「提督杯」Ｃ２十,1400,ダ,右,良,曇,10,4,4,ヒマワリオジョウ,牝,8,54.0,430,-1,鈴木太,鋤田誠,,6,1:34.9,40.5,7-6-4-5,6,430,-1
2024/05/19,金沢,2,第１回「提督杯」Ｃ２十,1400,ダ,右,良,曇,10,5,5,カイエン,牡,4,56.0,545,20,魚住謙,高橋優,,7,1:35.0,40.1,6-7-7-7,3,545,20
2024/05/19,金沢,2,第１回「提督杯」Ｃ２十,1400,ダ,右,良,曇,10,8,10,サフランルーラー,牡,6,56.0,414,-1,兼子千,高橋優,,8,1:35.3,41.1,3-4-3-8,10,414,-1
2024/05/19,金沢,2,第１回「提督杯」Ｃ２十,1400,ダ,右,良,曇,10,8,9,フロンテイラ,牡,5,56.0,426,6,松戸政,田嶋幸,,9,1:35.3,40.2,8-9-8-9,4,426,6
2024/05/19,金沢,2,第１回「提督杯」Ｃ２十,1400,ダ,右,良,曇,10,7,7,スワーヴジョーダン,セ,0,56.0,443,-4,堀場裕,井樋一,,10,1:35.3,40.1,10-10-8-10,8,443,-4
2024/05/19,金沢,3,Ｃ２九,1400,ダ,右,良,曇,7,6,6,クツワファミリー,牡,4,56.0,478,-1,栗原大,高橋俊,,1,1:30.9,38.2,3-3-3-2,1,478,-1
2024/05/19,金沢,3,Ｃ２九,1400,ダ,右,良,曇,7,1,1,テリオスカイ,牡,4,56.0,525,-1,鈴木太,加藤和,,2,1:31.3,39.3,1-1-1-1,2,525,-1
2024/05/19,金沢,3,Ｃ２九,1400,ダ,右,良,曇,7,2,2,マイネルジュリアン,牡,4,56.0,472,2,沖静男,川添明,,3,1:31.4,39.0,2-2-2-3,4,472,2
2024/05/19,金沢,3,Ｃ２九,1400,ダ,右,良,曇,7,5,5,シェーンシュタット,牡,6,56.0,448,2,堀場裕,加藤和,,4,1:32.4,39.0,4-4-4-4,6,448,2
2024/05/19,金沢,3,Ｃ２九,1400,ダ,右,良,曇,7,7,7,ギルデッドフレーム,牡,4,56.0,437,-1,松戸政,川添明,,5,1:33.0,38.8,6-6-5-5,7,437,-1
2024/05/19,金沢,3,Ｃ２九,1400,ダ,右,良,曇,7,3,3,レッドアダン,セ,0,56.0,463,-1,吉田晃,加藤和,,6,1:33.3,39.4,5-5-5-6,5,463,-1
2024/05/19,金沢,3,Ｃ２九,1400,ダ,右,良,曇,7,4,4,ハイパーノヴァ,セ,0,56.0,498,0,平瀬城,黒木豊,,7,1:35.3,40.0,7-7-7-7,3,498,0
2024/05/19,金沢,4,ブライダルベール賞Ｃ２四以下牝馬,1400,ダ,右,良,曇,8,7,7,ケレンシア,牝,4,54.0,484,-3,平瀬城,川添明,,1,1:31.3,38.0,1-1-1-1,2,484,-3
2024/05/19,金沢,4,ブライダルベール賞Ｃ２四以下牝馬,1400,ダ,右,良,曇,8,2,2,グラシアーノ,牝,4,54.0,427,9,鈴木太,加藤義,,2,1:32.5,38.9,2-4-4-2,3,427,9
2024/05/19,金沢,4,ブライダルベール賞Ｃ２四以下牝馬,1400,ダ,右,良,曇,8,4,4,デルマワルキューレ,牝,5,54.0,419,5,柴田勇,金田一,,3,1:33.1,39.4,4-4-5-4,6,419,5
2024/05/19,金沢,4,ブライダルベール賞Ｃ２四以下牝馬,1400,ダ,右,良,曇,8,1,1,ムーンライトアリア,牝,7,54.0,449,4,池田敦,鈴木正,,4,1:33.2,39.1,6-6-6-7,4,449,4
2024/05/19,金沢,4,ブライダルベール賞Ｃ２四以下牝馬,1400,ダ,右,良,曇,8,6,6,シュペルブ,牝,5,54.0,427,-4,兼子千,宗綱泰,,5,1:33.4,39.9,2-2-2-2,5,427,-4
2024/05/19,金沢,4,ブライダルベール賞Ｃ２四以下牝馬,1400,ダ,右,良,曇,8,3,3,スイートティアラ,牝,7,54.0,420,3,魚住謙,鈴木正,,6,1:33.6,39.2,7-7-7-6,8,420,3
2024/05/19,金沢,4,ブライダルベール賞Ｃ２四以下牝馬,1400,ダ,右,良,曇,8,5,5,ジェミースター,牝,4,54.0,421,-3,堀場裕,高橋優,,7,1:34.1,39.5,8-8-8-8,7,421,-3
2024/05/19,金沢,4,ブライダルベール賞Ｃ２四以下牝馬,1400,ダ,右,良,曇,8,8,8,ダンスベルレーヌ,牝,4,54.0,430,11,松戸政,井樋一,,8,1:34.6,40.9,4-3-3-5,1,430,11
2024/05/19,金沢,5,第２回・剛☆寿恵これからもよろしくＣ２三,1500,ダ,右,良,曇,10,7,7,オールズフェア,セ,0,56.0,524,1,松戸政,井樋一,,1,1:37.0,38.7,3-2-2-1,1,524,1
2024/05/19,金沢,5,第２回・剛☆寿恵これからもよろしくＣ２三,1500,ダ,右,良,曇,10,5,5,カミノマジック,セ,0,56.0,470,-2,堀場裕,鈴木正,,2,1:37.6,39.5,1-1-1-2,3,470,-2
2024/05/19,金沢,5,第２回・剛☆寿恵これからもよろしくＣ２三,1500,ダ,右,良,曇,10,8,9,カトリーヌスリジエ,牝,10,54.0,429,-2,兼子千,高橋道,,3,1:38.2,38.9,5-6-4-4,4,429,-2
2024/05/19,金沢,5,第２回・剛☆寿恵これからもよろしくＣ２三,1500,ダ,右,良,曇,10,4,4,モンテブラック,牡,4,56.0,459,2,栗原大,菅原欣,,4,1:38.3,39.4,4-3-3-3,7,459,2
2024/05/19,金沢,5,第２回・剛☆寿恵これからもよろしくＣ２三,1500,ダ,右,良,曇,10,3,3,メイショウアダーラ,牝,4,54.0,468,7,米倉知,加藤和,,5,1:38.6,38.9,9-9-5-5,2,468,7
2024/05/19,金沢,5,第２回・剛☆寿恵これからもよろしくＣ２三,1500,ダ,右,良,曇,10,2,2,メトリカルセオリー,牝,5,53.0,478,-1,加藤翔,黒木豊,,6,1:38.9,38.5,10-10-10-7,6,478,-1
2024/05/19,金沢,5,第２回・剛☆寿恵これからもよろしくＣ２三,1500,ダ,右,良,曇,10,7,8,ロジシップ,牡,7,56.0,457,3,柴田勇,野田幸,,7,1:40.2,40.5,6-7-7-6,8,457,3
2024/05/19,金沢,5,第２回・剛☆寿恵これからもよろしくＣ２三,1500,ダ,右,良,曇,10,8,10,ナッシングマターズ,牡,5,56.0,506,2,沖静男,川添明,,8,1:41.4,41.8,8-8-6-7,9,506,2
2024/05/19,金沢,5,第２回・剛☆寿恵これからもよろしくＣ２三,1500,ダ,右,良,曇,10,6,6,アイスケイブ,牝,5,54.0,422,-1,魚住謙,宗綱泰,,9,1:42.1,42.5,2-4-7-9,9,422,-1
2024/05/19,金沢,5,第２回・剛☆寿恵これからもよろしくＣ２三,1500,ダ,右,良,曇,10,1,1,オボロヅキヨ,牡,4,56.0,443,6,平瀬城,川添明,,10,1:42.8,43.2,7-5-9-10,5,443,6
2024/05/19,金沢,6,マルゼンスキー生誕５０周年記念レーＣ２二,1500,ダ,右,良,曇,10,1,1,シュマンドロワ,牡,4,56.0,483,7,渡邊竜,井樋一,,1,1:37.4,39.1,4-4-4-3,4,483,7
2024/05/19,金沢,6,マルゼンスキー生誕５０周年記念レーＣ２二,1500,ダ,右,良,曇,10,4,4,アイアムロージー,牝,4,54.0,459,1,沖静男,川添明,,2,1:37.6,40.2,1-1-2-2,6,459,1
2024/05/19,金沢,6,マルゼンスキー生誕５０周年記念レーＣ２二,1500,ダ,右,良,曇,10,5,5,サトルアプローチ,牡,6,56.0,476,-2,中島龍,金田一,,3,1:37.9,40.6,2-2-1-1,5,476,-2
2024/05/19,金沢,6,マルゼンスキー生誕５０周年記念レーＣ２二,1500,ダ,右,良,曇,10,8,9,シコウ,セ,0,56.0,482,-3,鈴木太,井樋一,,4,1:38.5,40.5,3-3-3-4,1,482,-3
2024/05/19,金沢,6,マルゼンスキー生誕５０周年記念レーＣ２二,1500,ダ,右,良,曇,10,2,2,トゥインクルーガー,牝,4,54.0,441,4,魚住謙,高橋優,,5,1:38.7,39.7,6-6-8-6,10,441,4
2024/05/19,金沢,6,マルゼンスキー生誕５０周年記念レーＣ２二,1500,ダ,右,良,曇,10,7,7,ディスモーメント,牡,8,56.0,542,-18,堀場裕,井樋一,,6,1:38.7,40.1,8-8-5-5,2,542,-18
2024/05/19,金沢,6,マルゼンスキー生誕５０周年記念レーＣ２二,1500,ダ,右,良,曇,10,6,6,カワカミアンフィニ,牝,4,54.0,422,-3,柴田勇,中川雅,,7,1:39.5,40.8,5-5-7-7,9,422,-3
2024/05/19,金沢,6,マルゼンスキー生誕５０周年記念レーＣ２二,1500,ダ,右,良,曇,10,3,3,クリオネ,牝,4,54.0,441,18,吉原寛,加藤義,,8,1:39.6,41.0,6-7-6-8,3,441,18
2024/05/19,金沢,6,マルゼンスキー生誕５０周年記念レーＣ２二,1500,ダ,右,良,曇,10,8,10,シビルボーイ,牡,6,56.0,466,3,栗原大,菅原欣,,9,1:39.9,39.9,10-10-10-10,8,466,3
2024/05/19,金沢,6,マルゼンスキー生誕５０周年記念レーＣ２二,1500,ダ,右,良,曇,10,7,8,ウィズザタイムズ,牝,5,54.0,436,-4,兼子千,高橋優,,10,1:39.9,40.6,8-9-9-9,7,436,-4
2024/05/19,金沢,7,おトクで楽しい楽天競馬！特別Ｃ２一,1500,ダ,右,良,曇,10,7,8,サムワンライクユー,牡,4,56.0,478,7,栗原大,金田一,,1,1:36.7,38.1,1-1-1-1,1,478,7
2024/05/19,金沢,7,おトクで楽しい楽天競馬！特別Ｃ２一,1500,ダ,右,良,曇,10,4,4,ウラカワノオト,牡,8,56.0,453,-1,吉原寛,加藤義,,2,1:37.5,38.7,7-7-2-2,2,453,-1
2024/05/19,金沢,7,おトクで楽しい楽天競馬！特別Ｃ２一,1500,ダ,右,良,曇,10,5,5,ツウカイステラ,牝,8,54.0,465,5,兼子千,宗綱泰,,3,1:39.1,38.4,9-8-8-7,9,465,5
2024/05/19,金沢,7,おトクで楽しい楽天競馬！特別Ｃ２一,1500,ダ,右,良,曇,10,3,3,アワーストーリー,牝,4,53.0,438,4,加藤翔,加藤義,,4,1:39.6,38.4,10-10-9-8,3,438,4
2024/05/19,金沢,7,おトクで楽しい楽天競馬！特別Ｃ２一,1500,ダ,右,良,曇,10,1,1,サマーモーリス,牝,5,54.0,432,0,渡邊竜,室井眞,,5,1:39.8,40.8,6-6-4-3,5,432,0
2024/05/19,金沢,7,おトクで楽しい楽天競馬！特別Ｃ２一,1500,ダ,右,良,曇,10,8,9,ノースヒビキ,牝,8,53.0,477,7,室陽一,高橋俊,,6,1:39.8,40.3,2-2-4-4,4,477,7
2024/05/19,金沢,7,おトクで楽しい楽天競馬！特別Ｃ２一,1500,ダ,右,良,曇,10,7,7,メイショウツガミネ,牡,5,56.0,458,-14,鈴木太,井樋一,,7,1:40.3,41.5,2-3-3-5,10,458,-14
2024/05/19,金沢,7,おトクで楽しい楽天競馬！特別Ｃ２一,1500,ダ,右,良,曇,10,8,10,デンドロビウム,牝,5,54.0,458,6,松戸政,宗綱泰,,8,1:40.9,41.8,5-5-6-6,8,458,6
2024/05/19,金沢,7,おトクで楽しい楽天競馬！特別Ｃ２一,1500,ダ,右,良,曇,10,2,2,シュネルン,牝,7,54.0,458,-6,米倉知,高橋俊,,9,1:41.7,42.4,4-4-7-8,6,458,-6
2024/05/19,金沢,7,おトクで楽しい楽天競馬！特別Ｃ２一,1500,ダ,右,良,曇,10,6,6,ライムワード,セ,0,56.0,527,1,平瀬城,黒木豊,,10,1:44.1,42.5,8-9-10-10,7,527,1
2024/05/19,金沢,8,すいか部で大城昂樹の２５歳Ｂ２六特別編成,1400,ダ,右,良,曇,8,8,8,アンダーレ,セ,0,56.0,441,-2,栗原大,菅原欣,,1,1:30.4,39.5,2-2-2-1,2,441,-2
2024/05/19,金沢,8,すいか部で大城昂樹の２５歳Ｂ２六特別編成,1400,ダ,右,良,曇,8,7,7,ブーゲンビリア,牝,6,54.0,435,-5,吉田晃,高橋俊,,2,1:30.8,40.0,1-1-1-1,1,435,-5
2024/05/19,金沢,8,すいか部で大城昂樹の２５歳Ｂ２六特別編成,1400,ダ,右,良,曇,8,3,3,スマイルセンプー,牡,4,56.0,492,-1,柴田勇,金田一,,3,1:31.0,39.4,3-3-3-3,3,492,-1
2024/05/19,金沢,8,すいか部で大城昂樹の２５歳Ｂ２六特別編成,1400,ダ,右,良,曇,8,1,1,カズノザンゲツ,牝,5,54.0,490,-11,兼子千,宗綱泰,,4,1:31.7,39.9,5-5-5-4,5,490,-11
2024/05/19,金沢,8,すいか部で大城昂樹の２５歳Ｂ２六特別編成,1400,ダ,右,良,曇,8,5,5,スヴィルカーチ,セ,0,56.0,443,7,松戸政,田嶋幸,,5,1:31.9,38.9,7-7-7-6,8,443,7
2024/05/19,金沢,8,すいか部で大城昂樹の２５歳Ｂ２六特別編成,1400,ダ,右,良,曇,8,4,4,ドミナンス,牡,5,56.0,446,0,平瀬城,宗綱泰,,6,1:32.3,38.6,8-8-8-8,4,446,0
2024/05/19,金沢,8,すいか部で大城昂樹の２５歳Ｂ２六特別編成,1400,ダ,右,良,曇,8,6,6,レインボーヒル,牡,6,56.0,464,-2,魚住謙,高橋優,,7,1:32.4,40.6,5-6-4-5,6,464,-2
2024/05/19,金沢,8,すいか部で大城昂樹の２５歳Ｂ２六特別編成,1400,ダ,右,良,曇,8,2,2,リリーズメモリー,牝,5,54.0,505,-4,沖静男,田嶋幸,,8,1:35.3,43.2,4-4-6-7,7,505,-4
2024/05/19,金沢,9,Ｂ２五特別編成,1500,ダ,右,良,曇,9,8,8,ラブスレンダー,牝,4,54.0,419,-13,栗原大,宗綱泰,,1,1:37.1,39.9,3-3-2-1,6,419,-13
2024/05/19,金沢,9,Ｂ２五特別編成,1500,ダ,右,良,曇,9,4,4,フロイング,牡,6,56.0,478,1,平瀬城,黒木豊,,2,1:37.3,38.7,7-7-7-7,5,478,1
2024/05/19,金沢,9,Ｂ２五特別編成,1500,ダ,右,良,曇,9,5,5,マコトクガニゼーク,牝,4,54.0,426,-11,兼子千,宗綱泰,,3,1:37.5,38.7,8-8-8-5,8,426,-11
2024/05/19,金沢,9,Ｂ２五特別編成,1500,ダ,右,良,曇,9,6,6,マイネルトワイス,牡,9,56.0,492,-4,吉田晃,鋤田誠,,4,1:37.8,40.4,6-5-4-3,2,492,-4
2024/05/19,金沢,9,Ｂ２五特別編成,1500,ダ,右,良,曇,9,8,9,サンレイファイト,牡,8,56.0,479,2,鈴木太,井樋一,,5,1:38.0,39.8,5-6-6-4,1,479,2
2024/05/19,金沢,9,Ｂ２五特別編成,1500,ダ,右,良,曇,9,3,3,エイシングラール,牝,5,54.0,469,9,沖静男,川添明,,6,1:38.6,41.8,1-1-1-2,7,469,9
2024/05/19,金沢,9,Ｂ２五特別編成,1500,ダ,右,良,曇,9,1,1,ブレッシングクライ,牡,5,56.0,512,5,葛山晃,高橋俊,,7,1:38.8,39.5,9-9-9-9,3,512,5
2024/05/19,金沢,9,Ｂ２五特別編成,1500,ダ,右,良,曇,9,2,2,ネオエレキング,牡,11,56.0,454,-1,柴田勇,川添明,,8,1:39.2,41.8,4-4-5-7,9,454,-1
2024/05/19,金沢,9,Ｂ２五特別編成,1500,ダ,右,良,曇,9,7,7,ビナプリンセス,牝,5,54.0,410,0,堀場裕,加藤和,,9,1:39.4,42.2,2-2-3-6,4,410,0
2024/05/19,金沢,10,お松の方賞３歳上牝馬（東海・北陸交流）,1500,ダ,右,良,曇,12,7,10,セブンカラーズ,牝,4,55.0,502,-9,山田祥,川西毅,,1,1:33.9,37.9,3-3-3-1,1,502,-9
2024/05/19,金沢,10,お松の方賞３歳上牝馬（東海・北陸交流）,1500,ダ,右,良,曇,12,5,6,エイシンヌウシペツ,牝,5,55.0,453,5,渡邊竜,笹野博,,2,1:35.1,38.8,9-9-6-3,6,453,5
2024/05/19,金沢,10,お松の方賞３歳上牝馬（東海・北陸交流）,1500,ダ,右,良,曇,12,5,5,ヤンチャプリヒメ,牝,8,55.0,449,10,東川慎,栗本陽,,3,1:35.1,38.8,8-8-7-5,10,449,10
2024/05/19,金沢,10,お松の方賞３歳上牝馬（東海・北陸交流）,1500,ダ,右,良,曇,12,3,3,エムティアンジェ,牝,5,55.0,501,1,吉田晃,佐藤茂,,4,1:35.4,39.7,2-2-1-1,3,501,1
2024/05/19,金沢,10,お松の方賞３歳上牝馬（東海・北陸交流）,1500,ダ,右,良,曇,12,6,7,ベニスビーチ,牝,6,55.0,445,-2,吉原寛,中川雅,,5,1:35.5,39.3,6-5-5-3,4,445,-2
2024/05/19,金沢,10,お松の方賞３歳上牝馬（東海・北陸交流）,1500,ダ,右,良,曇,12,7,9,ウインコマチ,牝,4,55.0,453,-2,米倉知,中川雅,,6,1:35.8,38.4,11-10-11-10,5,453,-2
2024/05/19,金沢,10,お松の方賞３歳上牝馬（東海・北陸交流）,1500,ダ,右,良,曇,12,8,11,エイシンレア,牝,4,55.0,445,-4,室陽一,笹野博,,7,1:36.0,40.0,5-6-4-6,7,445,-4
2024/05/19,金沢,10,お松の方賞３歳上牝馬（東海・北陸交流）,1500,ダ,右,良,曇,12,2,2,ネオアマゾネス,牝,7,55.0,486,13,平瀬城,伊藤強,,8,1:36.2,39.7,4-4-8-7,8,486,13
2024/05/19,金沢,10,お松の方賞３歳上牝馬（東海・北陸交流）,1500,ダ,右,良,曇,12,6,8,サエチ,牝,5,55.0,486,0,池田敦,高橋俊,,9,1:36.5,39.6,7-7-9-7,11,486,0
2024/05/19,金沢,10,お松の方賞３歳上牝馬（東海・北陸交流）,1500,ダ,右,良,曇,12,4,4,レイジーウォリアー,牝,5,55.0,477,1,丸野勝,塚田隆,,10,1:37.2,40.6,12-11-9-9,2,477,1
2024/05/19,金沢,10,お松の方賞３歳上牝馬（東海・北陸交流）,1500,ダ,右,良,曇,12,8,12,ヴェレノ,牝,5,55.0,443,0,魚住謙,鋤田誠,,11,1:37.5,39.8,10-12-12-11,12,443,0
2024/05/19,金沢,10,お松の方賞３歳上牝馬（東海・北陸交流）,1500,ダ,右,良,曇,12,1,1,アルカウン,牝,7,55.0,483,12,柴田勇,井樋一,,12,1:43.7,48.0,1-1-2-12,9,483,12
2024/05/19,金沢,11,能登半島地震復興支援杯Ｂ２四特別編成,1500,ダ,右,良,曇,11,6,7,デイドリームビーチ,牡,4,56.0,464,1,中島龍,金田一,,1,1:36.9,39.1,3-3-4-1,1,464,1
2024/05/19,金沢,11,能登半島地震復興支援杯Ｂ２四特別編成,1500,ダ,右,良,曇,11,8,11,スーパーフェザー,セ,0,56.0,493,12,栗原大,金田一,,2,1:37.1,39.5,4-4-2-2,2,493,12
2024/05/19,金沢,11,能登半島地震復興支援杯Ｂ２四特別編成,1500,ダ,右,良,曇,11,7,8,スリーマイトコーズ,牝,6,54.0,475,-3,吉原寛,菅原欣,,3,1:37.6,38.4,11-11-10-10,3,475,-3
2024/05/19,金沢,11,能登半島地震復興支援杯Ｂ２四特別編成,1500,ダ,右,良,曇,11,6,6,ヴェーチェル,牝,5,54.0,431,-1,松戸政,川添明,,4,1:37.8,39.4,6-6-6-4,11,431,-1
2024/05/19,金沢,11,能登半島地震復興支援杯Ｂ２四特別編成,1500,ダ,右,良,曇,11,5,5,コスモノート,セ,0,56.0,522,2,兼子千,菅原欣,,5,1:37.9,38.6,10-10-10-8,4,522,2
2024/05/19,金沢,11,能登半島地震復興支援杯Ｂ２四特別編成,1500,ダ,右,良,曇,11,7,9,ノーウェイ,牡,9,56.0,514,1,平瀬城,黒木豊,,6,1:38.1,39.6,7-8-7-6,6,514,1
2024/05/19,金沢,11,能登半島地震復興支援杯Ｂ２四特別編成,1500,ダ,右,良,曇,11,8,10,リュウノステルス,牡,4,55.0,441,0,加藤翔,加藤義,,7,1:38.5,41.0,2-2-1-2,8,441,0
2024/05/19,金沢,11,能登半島地震復興支援杯Ｂ２四特別編成,1500,ダ,右,良,曇,11,1,1,ショウナンサクレツ,牡,3,56.0,490,8,堀場裕,中川雅,,8,1:38.6,40.0,8-7-7-6,7,490,8
2024/05/19,金沢,11,能登半島地震復興支援杯Ｂ２四特別編成,1500,ダ,右,良,曇,11,3,3,ファームフレッシュ,牝,4,54.0,436,4,吉田晃,佐藤茂,,9,1:38.6,40.5,5-5-5-5,9,436,4
2024/05/19,金沢,11,能登半島地震復興支援杯Ｂ２四特別編成,1500,ダ,右,良,曇,11,2,2,マイネルパリオート,牡,6,56.0,485,11,葛山晃,菅原欣,,10,1:40.9,41.9,9-9-9-11,10,485,11
2024/05/19,金沢,11,能登半島地震復興支援杯Ｂ２四特別編成,1500,ダ,右,良,曇,11,4,4,ウインクルシャープ,牝,5,54.0,472,-5,柴田勇,中川雅,,11,1:41.4,43.9,1-1-2-8,5,472,-5
2024/05/21,金沢,1,Ｃ２十五,1400,ダ,右,稍重,曇,7,4,4,アシュラム,セ,0,56.0,518,1,沖静男,川添明,,1,1:32.7,39.4,1-1-1-1,1,518,1
2024/05/21,金沢,1,Ｃ２十五,1400,ダ,右,稍重,曇,7,1,1,ティアモローザ,牝,4,54.0,443,3,栗原大,菅原欣,,2,1:33.7,39.8,3-3-3-3,2,443,3
2024/05/21,金沢,1,Ｃ２十五,1400,ダ,右,稍重,曇,7,6,6,キラールージュ,牝,4,54.0,435,3,吉田晃,鋤田誠,,3,1:33.8,40.1,2-2-2-2,5,435,3
2024/05/21,金沢,1,Ｃ２十五,1400,ダ,右,稍重,曇,7,3,3,ネイバーアイランド,牝,6,54.0,448,8,魚住謙,鋤田誠,,4,1:34.0,39.7,4-4-4-4,6,448,8
2024/05/21,金沢,1,Ｃ２十五,1400,ダ,右,稍重,曇,7,5,5,ビナダナン,牝,4,54.0,461,4,堀場裕,加藤和,,5,1:34.7,40.5,4-4-4-5,4,461,4
2024/05/21,金沢,1,Ｃ２十五,1400,ダ,右,稍重,曇,7,7,7,エシェロン,牡,5,56.0,485,3,葛山晃,菅原欣,,6,1:34.9,40.4,7-6-6-6,3,485,3
2024/05/21,金沢,1,Ｃ２十五,1400,ダ,右,稍重,曇,7,2,2,テラフォーマー,牡,10,56.0,455,5,鈴木太,吉井一,,7,1:36.7,42.0,6-7-7-7,7,455,5
2024/05/21,金沢,2,夜空の星を、月を見守る会記念Ｃ２十四,1400,ダ,右,稍重,曇,10,3,3,ブレイクネック,牡,4,56.0,534,18,堀場裕,井樋一,,1,1:32.1,39.6,4-3-3-1,3,534,18
2024/05/21,金沢,2,夜空の星を、月を見守る会記念Ｃ２十四,1400,ダ,右,稍重,曇,10,2,2,ウインドアカネール,牝,4,54.0,484,-7,吉田晃,野田幸,,2,1:33.2,40.3,6-5-4-4,4,484,-7
2024/05/21,金沢,2,夜空の星を、月を見守る会記念Ｃ２十四,1400,ダ,右,稍重,曇,10,4,4,ディオスシチー,牡,4,56.0,514,5,葛山晃,井樋一,,3,1:33.3,39.5,7-8-7-7,8,514,5
2024/05/21,金沢,2,夜空の星を、月を見守る会記念Ｃ２十四,1400,ダ,右,稍重,曇,10,7,8,マナフリューゲル,牝,4,53.0,477,8,加藤翔,井樋一,,4,1:33.4,41.1,2-2-2-3,2,477,8
2024/05/21,金沢,2,夜空の星を、月を見守る会記念Ｃ２十四,1400,ダ,右,稍重,曇,10,5,5,ピエナファリア,牡,7,56.0,458,-3,栗原大,菅原欣,,5,1:33.4,39.6,9-10-7-5,6,458,-3
2024/05/21,金沢,2,夜空の星を、月を見守る会記念Ｃ２十四,1400,ダ,右,稍重,曇,10,6,6,ケヴィンズクロス,牡,6,56.0,510,0,中島龍,加藤和,,6,1:33.6,41.5,1-1-1-2,1,510,0
2024/05/21,金沢,2,夜空の星を、月を見守る会記念Ｃ２十四,1400,ダ,右,稍重,曇,10,8,9,アンザンタカヒロ,セ,0,56.0,469,1,鈴木太,吉井一,,7,1:34.1,41.0,5-6-5-6,5,469,1
2024/05/21,金沢,2,夜空の星を、月を見守る会記念Ｃ２十四,1400,ダ,右,稍重,曇,10,8,10,タペジャラ,牡,4,56.0,461,5,柴田勇,金田一,,8,1:34.5,41.6,2-4-5-8,7,461,5
2024/05/21,金沢,2,夜空の星を、月を見守る会記念Ｃ２十四,1400,ダ,右,稍重,曇,10,7,7,スカーレットリボン,牝,8,54.0,424,3,池田敦,高橋道,,9,1:35.2,41.3,10-9-9-9,9,424,3
2024/05/21,金沢,2,夜空の星を、月を見守る会記念Ｃ２十四,1400,ダ,右,稍重,曇,10,1,1,ピュアステート,牡,4,56.0,425,8,兼子千,宗綱泰,,10,1:35.5,41.5,7-7-10-10,10,425,8
2024/05/21,金沢,3,Ｃ２十三,1500,ダ,右,稍重,曇,9,5,5,フェイスタロー,牡,7,56.0,439,4,中島龍,川添明,,1,1:38.4,39.2,4-3-4-4,4,439,4
2024/05/21,金沢,3,Ｃ２十三,1500,ダ,右,稍重,曇,9,4,4,スウェアー,牡,7,56.0,528,15,魚住謙,金田一,,2,1:38.4,39.0,7-7-3-3,1,528,15
2024/05/21,金沢,3,Ｃ２十三,1500,ダ,右,稍重,曇,9,8,9,ビジョ,牝,7,54.0,499,1,栗原大,金田一,,3,1:38.8,39.9,2-2-2-1,2,499,1
2024/05/21,金沢,3,Ｃ２十三,1500,ダ,右,稍重,曇,9,7,7,ウニタ,牡,4,56.0,503,11,吉田晃,田嶋幸,,4,1:39.5,40.8,1-1-1-1,6,503,11
2024/05/21,金沢,3,Ｃ２十三,1500,ダ,右,稍重,曇,9,6,6,ヤマイチレジェンド,牡,12,56.0,526,-7,葛山晃,菅原欣,,5,1:40.0,39.6,9-9-8-8,8,526,-7
2024/05/21,金沢,3,Ｃ２十三,1500,ダ,右,稍重,曇,9,8,8,セブンハイ,牡,4,56.0,494,6,松戸政,金田一,,6,1:40.2,40.6,5-5-6-6,3,494,6
2024/05/21,金沢,3,Ｃ２十三,1500,ダ,右,稍重,曇,9,3,3,オールマイフレンズ,牝,6,54.0,456,-4,堀場裕,中川雅,,7,1:40.4,40.4,6-6-7-7,7,456,-4
2024/05/21,金沢,3,Ｃ２十三,1500,ダ,右,稍重,曇,9,1,1,カジノノーブル,牡,11,56.0,406,-2,平瀬城,黒木豊,,8,1:40.7,40.1,7-8-9-9,9,406,-2
2024/05/21,金沢,3,Ｃ２十三,1500,ダ,右,稍重,曇,9,2,2,アポテカ,牝,4,53.0,443,-5,加藤翔,菅原欣,,9,1:41.5,42.1,3-4-5-5,5,443,-5
2024/05/21,金沢,4,Ｃ２十二,1400,ダ,右,稍重,曇,9,8,9,メラヴィリオーザ,牝,4,54.0,477,2,松戸政,井樋一,,1,1:31.1,37.8,5-5-1-1,1,477,2
2024/05/21,金沢,4,Ｃ２十二,1400,ダ,右,稍重,曇,9,4,4,ウインググランダー,牡,8,56.0,535,-1,米倉知,加藤和,,2,1:31.6,38.1,9-7-2-2,2,535,-1
2024/05/21,金沢,4,Ｃ２十二,1400,ダ,右,稍重,曇,9,2,2,ベリーアーリー,牝,4,54.0,431,4,葛山晃,菅原欣,,3,1:32.6,38.9,2-2-5-4,3,431,4
2024/05/21,金沢,4,Ｃ２十二,1400,ダ,右,稍重,曇,9,7,7,フラッシュダンス,牝,4,54.0,471,-5,吉田晃,高橋俊,,4,1:32.9,39.7,1-1-2-3,4,471,-5
2024/05/21,金沢,4,Ｃ２十二,1400,ダ,右,稍重,曇,9,6,6,アルジェントステラ,牝,6,54.0,450,1,栗原大,加藤和,,5,1:33.9,39.7,6-6-7-7,5,450,1
2024/05/21,金沢,4,Ｃ２十二,1400,ダ,右,稍重,曇,9,1,1,スウィートイレブン,牝,7,54.0,457,7,沖静男,田嶋幸,,6,1:34.1,40.3,4-4-4-5,7,457,7
2024/05/21,金沢,4,Ｃ２十二,1400,ダ,右,稍重,曇,9,5,5,ジュニアフェザー,牝,6,54.0,444,-3,魚住謙,鈴木正,,7,1:34.3,40.5,3-3-6-6,9,444,-3
2024/05/21,金沢,4,Ｃ２十二,1400,ダ,右,稍重,曇,9,8,8,ヒメカミノテング,牝,4,53.0,432,1,加藤翔,加藤義,,8,1:34.4,39.8,7-9-9-9,8,432,1
2024/05/21,金沢,4,Ｃ２十二,1400,ダ,右,稍重,曇,9,3,3,ウインドメイヒメ,牝,4,54.0,429,3,柴田勇,野田幸,,9,1:35.0,40.6,7-8-7-8,6,429,3
2024/05/21,金沢,5,スノーフレーク賞Ｃ２八以下牝馬,1400,ダ,右,稍重,曇,8,4,4,ミギフック,牝,4,54.0,495,-11,池田敦,鈴木正,,1,1:30.3,39.1,2-2-2-1,3,495,-11
2024/05/21,金沢,5,スノーフレーク賞Ｃ２八以下牝馬,1400,ダ,右,稍重,曇,8,7,7,シントーチャチャ,牝,4,54.0,429,4,松戸政,藤田弘,,2,1:30.8,39.3,4-5-3-2,1,429,4
2024/05/21,金沢,5,スノーフレーク賞Ｃ２八以下牝馬,1400,ダ,右,稍重,曇,8,2,2,プーラン,牝,7,54.0,478,-19,鈴木太,室井眞,,3,1:31.1,39.4,4-3-4-4,5,478,-19
2024/05/21,金沢,5,スノーフレーク賞Ｃ２八以下牝馬,1400,ダ,右,稍重,曇,8,3,3,ヴェロニク,牝,7,54.0,421,3,堀場裕,加藤義,,4,1:31.3,38.8,7-7-7-6,6,421,3
2024/05/21,金沢,5,スノーフレーク賞Ｃ２八以下牝馬,1400,ダ,右,稍重,曇,8,5,5,デルマソトコマタ,牝,4,53.0,426,4,加藤翔,加藤義,,5,1:32.5,40.8,3-4-4-5,4,426,4
2024/05/21,金沢,5,スノーフレーク賞Ｃ２八以下牝馬,1400,ダ,右,稍重,曇,8,6,6,コウカンニッキ,牝,4,54.0,463,10,栗原大,金田一,,6,1:32.8,41.8,1-1-1-3,2,463,10
2024/05/21,金沢,5,スノーフレーク賞Ｃ２八以下牝馬,1400,ダ,右,稍重,曇,8,8,8,カトリーヌエミュー,牝,9,54.0,432,1,兼子千,高橋道,,7,1:32.9,40.7,6-6-6-7,7,432,1
2024/05/21,金沢,5,スノーフレーク賞Ｃ２八以下牝馬,1400,ダ,右,稍重,曇,8,1,1,ポートメイリオン,牝,7,54.0,435,-8,魚住謙,菅原欣,,8,1:33.4,40.5,8-8-8-8,8,435,-8
2024/05/21,金沢,6,北陸☆金競応援してます佐藤音央２０Ｃ２七,1500,ダ,右,稍重,曇,10,6,6,バンディート,牡,4,56.0,518,27,吉原寛,井樋一,,1,1:37.0,38.8,1-1-1-1,1,518,27
2024/05/21,金沢,6,北陸☆金競応援してます佐藤音央２０Ｃ２七,1500,ダ,右,稍重,曇,10,2,2,マルカンレインボー,牝,4,54.0,421,4,池田敦,高橋道,,2,1:38.0,38.3,9-8-7-5,3,421,4
2024/05/21,金沢,6,北陸☆金競応援してます佐藤音央２０Ｃ２七,1500,ダ,右,稍重,曇,10,5,5,レイズミーアップ,牡,4,55.0,433,0,加藤翔,中川雅,,3,1:38.4,39.7,3-3-3-3,8,433,0
2024/05/21,金沢,6,北陸☆金競応援してます佐藤音央２０Ｃ２七,1500,ダ,右,稍重,曇,10,8,9,イエローストーン,セ,0,56.0,451,3,中島龍,田嶋幸,,4,1:38.5,40.2,2-2-2-2,7,451,3
2024/05/21,金沢,6,北陸☆金競応援してます佐藤音央２０Ｃ２七,1500,ダ,右,稍重,曇,10,3,3,カフェメモワール,牝,7,54.0,488,-4,柴田勇,菅原欣,,5,1:39.1,39.7,7-7-5-7,4,488,-4
2024/05/21,金沢,6,北陸☆金競応援してます佐藤音央２０Ｃ２七,1500,ダ,右,稍重,曇,10,7,7,ブレイクポイント,牡,5,56.0,440,0,葛山晃,菅原欣,,6,1:39.6,40.1,5-5-5-6,9,440,0
2024/05/21,金沢,6,北陸☆金競応援してます佐藤音央２０Ｃ２七,1500,ダ,右,稍重,曇,10,7,8,シングンバズーカ,牡,7,56.0,487,-7,松戸政,金田一,,7,1:39.7,39.8,10-10-9-9,2,487,-7
2024/05/21,金沢,6,北陸☆金競応援してます佐藤音央２０Ｃ２七,1500,ダ,右,稍重,曇,10,8,10,アペーゴ,牝,4,54.0,392,1,吉田晃,佐藤茂,,8,1:39.8,40.9,3-4-4-4,6,392,1
2024/05/21,金沢,6,北陸☆金競応援してます佐藤音央２０Ｃ２七,1500,ダ,右,稍重,曇,10,1,1,ブーケコサージュ,牝,5,54.0,451,1,栗原大,菅原欣,,9,1:40.1,40.4,6-6-8-8,5,451,1
2024/05/21,金沢,6,北陸☆金競応援してます佐藤音央２０Ｃ２七,1500,ダ,右,稍重,曇,10,4,4,リコーランカスター,牝,5,54.0,458,-2,鈴木太,室井眞,,10,1:43.0,42.7,8-9-10-10,10,458,-2
2024/05/21,金沢,7,Ｃ２六,1500,ダ,右,稍重,曇,10,5,5,デルマジゾウ,牡,6,55.0,480,4,加藤翔,加藤義,,1,1:38.3,40.2,2-2-1-1,1,480,4
2024/05/21,金沢,7,Ｃ２六,1500,ダ,右,稍重,曇,10,4,4,ズッシーノ,牡,5,56.0,446,3,吉田晃,鋤田誠,,2,1:38.4,39.9,4-4-4-3,7,446,3
2024/05/21,金沢,7,Ｃ２六,1500,ダ,右,稍重,曇,10,7,7,カフェノヴィーン,牝,8,54.0,482,-2,栗原大,菅原欣,,3,1:38.6,40.5,1-1-2-1,2,482,-2
2024/05/21,金沢,7,Ｃ２六,1500,ダ,右,稍重,曇,10,1,1,ビーチブルース,牡,4,56.0,488,4,葛山晃,菅原欣,,4,1:38.7,39.5,7-7-7-5,4,488,4
2024/05/21,金沢,7,Ｃ２六,1500,ダ,右,稍重,曇,10,7,8,ビーチポジティヴ,牝,4,54.0,464,-3,中島龍,金田一,,5,1:39.0,40.7,3-3-3-4,3,464,-3
2024/05/21,金沢,7,Ｃ２六,1500,ダ,右,稍重,曇,10,6,6,チェリーアトラス,牡,8,56.0,496,-2,平瀬城,黒木豊,,6,1:40.0,40.4,10-9-8-8,6,496,-2
2024/05/21,金沢,7,Ｃ２六,1500,ダ,右,稍重,曇,10,3,3,トップキング,牡,5,56.0,451,-10,魚住謙,鋤田誠,,7,1:40.1,41.2,5-5-6-6,5,451,-10
2024/05/21,金沢,7,Ｃ２六,1500,ダ,右,稍重,曇,10,8,10,シンコッチョウ,牝,4,54.0,448,6,松戸政,田嶋幸,,8,1:40.4,41.7,6-6-5-7,9,448,6
2024/05/21,金沢,7,Ｃ２六,1500,ダ,右,稍重,曇,10,2,2,タマテバコ,牝,5,54.0,480,-1,兼子千,宗綱泰,,9,1:41.1,41.1,8-8-9-9,8,480,-1
2024/05/21,金沢,7,Ｃ２六,1500,ダ,右,稍重,曇,10,8,9,ナランホ,牡,5,56.0,471,0,鈴木太,井樋一,,10,1:44.3,43.8,8-10-10-10,10,471,0
2024/05/21,金沢,8,Ｃ２五,1500,ダ,右,稍重,曇,10,7,8,パープライト,牡,5,56.0,462,1,松戸政,井樋一,,1,1:37.8,39.4,7-7-5-2,3,462,1
2024/05/21,金沢,8,Ｃ２五,1500,ダ,右,稍重,曇,10,3,3,ネモフィラ,牝,4,54.0,456,8,栗原大,菅原欣,,2,1:38.8,39.7,7-8-8-7,2,456,8
2024/05/21,金沢,8,Ｃ２五,1500,ダ,右,稍重,曇,10,6,6,アンクルダッシュ,牡,6,56.0,486,-3,中島龍,中川雅,,3,1:39.1,41.2,3-3-3-3,6,486,-3
2024/05/21,金沢,8,Ｃ２五,1500,ダ,右,稍重,曇,10,8,9,ナムラダリウス,牡,4,56.0,475,4,堀場裕,加藤和,,4,1:39.4,41.2,4-4-4-6,1,475,4
2024/05/21,金沢,8,Ｃ２五,1500,ダ,右,稍重,曇,10,5,5,サーストンユタ,牡,5,56.0,465,1,魚住謙,高橋俊,,5,1:39.5,39.8,9-9-9-8,8,465,1
2024/05/21,金沢,8,Ｃ２五,1500,ダ,右,稍重,曇,10,8,10,ロジブライアン,牡,4,55.0,527,-2,加藤翔,加藤和,,6,1:39.6,42.2,1-1-1-1,5,527,-2
2024/05/21,金沢,8,Ｃ２五,1500,ダ,右,稍重,曇,10,4,4,ヨドノストーリー,牡,4,56.0,435,-5,鈴木太,高橋優,,7,1:39.8,41.2,5-5-6-5,7,435,-5
2024/05/21,金沢,8,Ｃ２五,1500,ダ,右,稍重,曇,10,2,2,ポーラライツ,牡,4,56.0,451,1,葛山晃,菅原欣,,8,1:39.9,39.6,10-10-10-10,10,451,1
2024/05/21,金沢,8,Ｃ２五,1500,ダ,右,稍重,曇,10,7,7,サーストンアイダホ,牡,5,56.0,492,-7,兼子千,高橋道,,9,1:40.6,43.0,2-2-2-4,4,492,-7
2024/05/21,金沢,8,Ｃ２五,1500,ダ,右,稍重,曇,10,1,1,ヴェラート,セ,0,56.0,501,-11,沖静男,田嶋幸,,10,1:41.5,42.7,6-5-7-9,9,501,-11
2024/05/21,金沢,9,Ｂ２三特別編成,1400,ダ,右,稍重,曇,9,5,5,ブルーアーカイブ,牡,4,56.0,505,-15,栗原大,加藤和,,1,1:30.6,38.1,9-8-7-4,4,505,-15
2024/05/21,金沢,9,Ｂ２三特別編成,1400,ダ,右,稍重,曇,9,1,1,ヘニーイクシード,セ,0,56.0,467,3,吉原寛,井樋一,,2,1:30.7,38.4,6-5-4-3,1,467,3
2024/05/21,金沢,9,Ｂ２三特別編成,1400,ダ,右,稍重,曇,9,8,9,ドライカプチーノ,牝,4,54.0,457,-1,堀場裕,金田一,,3,1:31.0,39.4,4-4-2-1,6,457,-1
2024/05/21,金沢,9,Ｂ２三特別編成,1400,ダ,右,稍重,曇,9,7,7,セブンパワー,セ,0,56.0,460,2,柴田勇,金田一,,4,1:31.5,38.9,7-7-8-7,9,460,2
2024/05/21,金沢,9,Ｂ２三特別編成,1400,ダ,右,稍重,曇,9,4,4,コンチドリーム,牝,5,54.0,483,3,吉田晃,井樋一,,5,1:32.0,38.9,8-9-9-9,7,483,3
2024/05/21,金沢,9,Ｂ２三特別編成,1400,ダ,右,稍重,曇,9,3,3,ガンブーツダンス,セ,0,56.0,508,1,中島龍,中川雅,,6,1:32.1,40.7,1-1-1-4,2,508,1
2024/05/21,金沢,9,Ｂ２三特別編成,1400,ダ,右,稍重,曇,9,6,6,ルビースター,牝,6,53.0,499,-3,加藤翔,加藤和,,7,1:32.3,40.7,3-2-2-1,8,499,-3
2024/05/21,金沢,9,Ｂ２三特別編成,1400,ダ,右,稍重,曇,9,8,8,エイトマイル,牡,8,56.0,524,3,沖静男,井樋一,,8,1:32.4,40.3,5-6-4-8,5,524,3
2024/05/21,金沢,9,Ｂ２三特別編成,1400,ダ,右,稍重,曇,9,2,2,アオイダリア,牝,4,54.0,440,-8,鈴木太,加藤義,,9,1:33.1,40.8,1-3-6-6,3,440,-8
2024/05/21,金沢,10,能登半島地震復興支援杯Ｂ２二特別編成,1400,ダ,右,稍重,曇,7,6,6,フェイマスグローリ,牡,4,56.0,519,0,吉田晃,佐藤茂,,1,1:29.9,38.7,3-2-2-1,1,519,0
2024/05/21,金沢,10,能登半島地震復興支援杯Ｂ２二特別編成,1400,ダ,右,稍重,曇,7,2,2,ウインペルセ,牡,4,56.0,483,-3,兼子千,佐藤茂,,2,1:30.3,37.6,7-7-7-6,3,483,-3
2024/05/21,金沢,10,能登半島地震復興支援杯Ｂ２二特別編成,1400,ダ,右,稍重,曇,7,5,5,マーブルミミ,牝,4,54.0,423,1,松戸政,藤田弘,,3,1:30.5,38.1,6-6-6-5,7,423,1
2024/05/21,金沢,10,能登半島地震復興支援杯Ｂ２二特別編成,1400,ダ,右,稍重,曇,7,3,3,エピックヒーロー,牡,4,56.0,498,4,中島龍,加藤和,,4,1:30.6,39.8,1-1-1-1,4,498,4
2024/05/21,金沢,10,能登半島地震復興支援杯Ｂ２二特別編成,1400,ダ,右,稍重,曇,7,1,1,ジュジュジューン,牝,4,54.0,436,11,堀場裕,中川雅,,5,1:30.7,38.7,5-5-5-4,2,436,11
2024/05/21,金沢,10,能登半島地震復興支援杯Ｂ２二特別編成,1400,ダ,右,稍重,曇,7,4,4,ワルツフォーデビー,牡,7,56.0,477,4,平瀬城,黒木豊,,6,1:30.9,39.3,4-4-4-3,6,477,4
2024/05/21,金沢,10,能登半島地震復興支援杯Ｂ２二特別編成,1400,ダ,右,稍重,曇,7,7,7,ヴィトラス,セ,0,56.0,456,2,葛山晃,高橋俊,,7,1:32.2,41.0,2-3-3-6,5,456,2
2024/05/21,金沢,11,楽天競馬で石川特産品プレゼント！特Ａ１一,1700,ダ,右,稍重,曇,6,3,3,ダイヤモンドライン,牝,4,54.0,429,-2,吉田晃,佐藤茂,,1,1:49.1,39.2,5-5-3-2,3,429,-2
2024/05/21,金沢,11,楽天競馬で石川特産品プレゼント！特Ａ１一,1700,ダ,右,稍重,曇,6,1,1,ソーラーフレア,牡,9,56.0,486,-1,米倉知,中川雅,,2,1:50.4,41.0,3-1-1-1,1,486,-1
2024/05/21,金沢,11,楽天競馬で石川特産品プレゼント！特Ａ１一,1700,ダ,右,稍重,曇,6,2,2,セブンダートオー,牡,5,56.0,483,-2,中島龍,金田一,,3,1:51.0,41.6,4-3-2-3,4,483,-2
2024/05/21,金沢,11,楽天競馬で石川特産品プレゼント！特Ａ１一,1700,ダ,右,稍重,曇,6,5,5,ナムラアラシ,牡,11,56.0,537,4,鈴木太,川添明,,4,1:51.6,40.3,6-6-6-4,6,537,4
2024/05/21,金沢,11,楽天競馬で石川特産品プレゼント！特Ａ１一,1700,ダ,右,稍重,曇,6,4,4,ウインヒストリオン,牡,9,56.0,485,-17,吉原寛,井樋一,,5,1:53.0,42.9,1-2-4-5,5,485,-17
2024/05/21,金沢,11,楽天競馬で石川特産品プレゼント！特Ａ１一,1700,ダ,右,稍重,曇,6,6,6,ロジローズ,牡,6,55.0,473,3,加藤翔,加藤和,,6,1:53.3,43.0,2-4-5-6,2,473,3
2024/05/21,金沢,12,金沢競馬Ｂ２プレミアムＢ２特選,1500,ダ,右,稍重,曇,8,6,6,ジェイエルフラッグ,牝,8,53.0,457,-6,加藤翔,加藤和,,1,1:35.4,38.4,7-7-5-3,5,457,-6
2024/05/21,金沢,12,金沢競馬Ｂ２プレミアムＢ２特選,1500,ダ,右,稍重,曇,8,8,8,ウメタロウ,牡,9,56.0,518,-5,栗原大,金田一,,2,1:35.7,39.4,2-2-2-2,4,518,-5
2024/05/21,金沢,12,金沢競馬Ｂ２プレミアムＢ２特選,1500,ダ,右,稍重,曇,8,5,5,マクシミリアン,牡,6,56.0,466,0,中島龍,高橋俊,,3,1:36.1,39.9,1-1-1-1,2,466,0
2024/05/21,金沢,12,金沢競馬Ｂ２プレミアムＢ２特選,1500,ダ,右,稍重,曇,8,7,7,バルドルブレイン,牡,6,56.0,507,-1,吉原寛,加藤義,,4,1:36.4,39.8,5-5-3-3,3,507,-1
2024/05/21,金沢,12,金沢競馬Ｂ２プレミアムＢ２特選,1500,ダ,右,稍重,曇,8,4,4,リターンオブクイン,牝,6,54.0,430,6,堀場裕,藤田弘,,5,1:36.5,38.5,8-8-8-8,7,430,6
2024/05/21,金沢,12,金沢競馬Ｂ２プレミアムＢ２特選,1500,ダ,右,稍重,曇,8,2,2,ピエドラアギーラ,牡,6,56.0,473,-3,米倉知,加藤和,,6,1:36.9,39.8,6-6-7-5,1,473,-3
2024/05/21,金沢,12,金沢競馬Ｂ２プレミアムＢ２特選,1500,ダ,右,稍重,曇,8,1,1,エイシンメリダ,牝,4,54.0,421,0,吉田晃,佐藤茂,,7,1:37.5,40.7,3-3-4-5,6,421,0
2024/05/21,金沢,12,金沢競馬Ｂ２プレミアムＢ２特選,1500,ダ,右,稍重,曇,8,3,3,ジャストインタイム,牡,8,56.0,489,0,葛山晃,高橋俊,,8,1:38.9,42.0,4-4-6-7,8,489,0
2024/05/27,金沢,1,Ｃ１八特別編成,1500,ダ,右,稍重,曇,8,7,7,ロマンチックボーイ,牡,4,56.0,455,0,吉田晃,野田幸,,1,1:38.8,41.6,2-2-1-1,2,455,0
2024/05/27,金沢,1,Ｃ１八特別編成,1500,ダ,右,稍重,曇,8,4,4,リュウノワシントン,牡,6,55.0,438,-3,加藤翔,加藤義,,2,1:39.3,41.3,6-6-5-3,3,438,-3
2024/05/27,金沢,1,Ｃ１八特別編成,1500,ダ,右,稍重,曇,8,2,2,ナムラロロ,牡,5,56.0,451,-5,堀場裕,井樋一,,3,1:39.7,40.8,7-8-7-5,7,451,-5
2024/05/27,金沢,1,Ｃ１八特別編成,1500,ダ,右,稍重,曇,8,6,6,ノーザンピーク,牡,6,56.0,489,-4,兼子千,高橋優,,4,1:39.9,42.3,5-5-3-2,1,489,-4
2024/05/27,金沢,1,Ｃ１八特別編成,1500,ダ,右,稍重,曇,8,5,5,リンクスシュウ,牡,5,56.0,467,6,魚住謙,井樋一,,5,1:40.1,41.2,7-7-7-6,4,467,6
2024/05/27,金沢,1,Ｃ１八特別編成,1500,ダ,右,稍重,曇,8,8,8,デンドロビウム,牝,5,54.0,461,3,松戸政,宗綱泰,,6,1:40.3,42.5,4-4-5-8,8,461,3
2024/05/27,金沢,1,Ｃ１八特別編成,1500,ダ,右,稍重,曇,8,3,3,メイショウツガミネ,牡,5,56.0,457,-1,鈴木太,井樋一,,7,1:41.7,44.1,2-3-4-7,6,457,-1
2024/05/27,金沢,1,Ｃ１八特別編成,1500,ダ,右,稍重,曇,8,1,1,ネオリッキー,牝,5,54.0,455,-6,栗原大,室井眞,,8,1:42.2,45.0,1-1-1-4,5,455,-6
2024/05/27,金沢,2,能登半島地震復興支援杯Ｃ１七特別編成,1400,ダ,右,良,曇,10,4,4,キノトクイーン,牝,6,54.0,465,4,兼子千,高橋俊,,1,1:31.2,39.7,1-1-1-1,2,465,4
2024/05/27,金沢,2,能登半島地震復興支援杯Ｃ１七特別編成,1400,ダ,右,良,曇,10,5,5,ドンアルゴス,牡,9,55.0,521,-4,加藤翔,中川雅,,2,1:31.4,38.9,8-7-4-3,1,521,-4
2024/05/27,金沢,2,能登半島地震復興支援杯Ｃ１七特別編成,1400,ダ,右,良,曇,10,8,10,ヒロノランマン,セ,0,56.0,516,-1,柴田勇,金田一,,3,1:31.9,40.2,3-3-2-2,7,516,-1
2024/05/27,金沢,2,能登半島地震復興支援杯Ｃ１七特別編成,1400,ダ,右,良,曇,10,6,6,ジェイケイヒロイン,牝,8,54.0,448,5,松戸政,井樋一,,4,1:32.4,40.8,2-2-2-3,6,448,5
2024/05/27,金沢,2,能登半島地震復興支援杯Ｃ１七特別編成,1400,ダ,右,良,曇,10,3,3,コパノピッチング,牡,6,56.0,512,3,堀場裕,鋤田誠,,5,1:32.6,39.5,9-9-8-8,9,512,3
2024/05/27,金沢,2,能登半島地震復興支援杯Ｃ１七特別編成,1400,ダ,右,良,曇,10,7,8,エーストビーズ,牝,6,54.0,496,-3,葛山晃,菅原欣,,6,1:32.6,38.6,10-10-10-9,8,496,-3
2024/05/27,金沢,2,能登半島地震復興支援杯Ｃ１七特別編成,1400,ダ,右,良,曇,10,7,7,エルフバローズ,牝,6,54.0,478,1,中島龍,川添明,,7,1:33.3,40.2,5-7-9-10,4,478,1
2024/05/27,金沢,2,能登半島地震復興支援杯Ｃ１七特別編成,1400,ダ,右,良,曇,10,2,2,エムティウィンド,牝,4,54.0,448,-3,吉田晃,佐藤茂,,8,1:33.5,40.9,6-6-4-5,5,448,-3
2024/05/27,金沢,2,能登半島地震復興支援杯Ｃ１七特別編成,1400,ダ,右,良,曇,10,1,1,タイガーサイレンス,牡,7,56.0,461,-2,田知弘,田嶋幸,,9,1:33.8,41.4,4-4-6-7,3,461,-2
2024/05/27,金沢,2,能登半島地震復興支援杯Ｃ１七特別編成,1400,ダ,右,良,曇,10,8,9,ジャッカルズサン,牡,4,56.0,438,1,米倉知,藤田弘,,10,1:33.8,41.4,7-5-6-6,10,438,1
2024/05/27,金沢,3,祝！北陸新時代！城岡秀典さＣ１六特別編成,1500,ダ,右,良,曇,10,1,1,ベルウッドミカサ,牡,4,55.0,453,0,加藤翔,加藤義,,1,1:38.5,40.3,1-1-1-1,1,453,0
2024/05/27,金沢,3,祝！北陸新時代！城岡秀典さＣ１六特別編成,1500,ダ,右,良,曇,10,2,2,サウスシーパール,牡,4,56.0,467,-3,葛山晃,菅原欣,,2,1:38.7,39.8,5-5-4-2,6,467,-3
2024/05/27,金沢,3,祝！北陸新時代！城岡秀典さＣ１六特別編成,1500,ダ,右,良,曇,10,7,8,エースアクシス,牝,8,54.0,406,2,松戸政,井樋一,,3,1:39.2,39.6,10-10-7-6,2,406,2
2024/05/27,金沢,3,祝！北陸新時代！城岡秀典さＣ１六特別編成,1500,ダ,右,良,曇,10,8,9,カフェダイナスティ,セ,0,56.0,486,-3,栗原大,菅原欣,,4,1:39.3,40.9,2-2-2-3,5,486,-3
2024/05/27,金沢,3,祝！北陸新時代！城岡秀典さＣ１六特別編成,1500,ダ,右,良,曇,10,4,4,カレンレベンティス,セ,0,56.0,445,0,沖静男,川添明,,5,1:39.4,39.6,9-9-9-7,4,445,0
2024/05/27,金沢,3,祝！北陸新時代！城岡秀典さＣ１六特別編成,1500,ダ,右,良,曇,10,8,10,ビッグタイマー,牡,6,56.0,481,4,魚住謙,鋤田誠,,6,1:39.4,40.9,3-3-3-4,3,481,4
2024/05/27,金沢,3,祝！北陸新時代！城岡秀典さＣ１六特別編成,1500,ダ,右,良,曇,10,6,6,オウムアムア,牡,8,56.0,559,-9,田知弘,金田一,,7,1:39.5,40.2,6-6-6-5,8,559,-9
2024/05/27,金沢,3,祝！北陸新時代！城岡秀典さＣ１六特別編成,1500,ダ,右,良,曇,10,5,5,チェルキオ,牡,5,56.0,471,1,鈴木太,室井眞,,8,1:40.5,41.0,8-7-7-9,10,471,1
2024/05/27,金沢,3,祝！北陸新時代！城岡秀典さＣ１六特別編成,1500,ダ,右,良,曇,10,7,7,グローリアステラ,牝,6,54.0,453,3,兼子千,佐藤茂,,9,1:40.7,41.0,7-8-9-10,9,453,3
2024/05/27,金沢,3,祝！北陸新時代！城岡秀典さＣ１六特別編成,1500,ダ,右,良,曇,10,3,3,アイスムーン,牝,6,54.0,449,-5,池田敦,高橋俊,,10,1:41.1,42.1,4-4-5-8,7,449,-5
2024/05/27,金沢,4,坂井ちなつお誕生日おめでとＣ１五特別編成,1400,ダ,右,良,曇,9,2,2,ライダーストーム,牡,5,56.0,491,-3,堀場裕,井樋一,,1,1:31.1,38.9,5-5-4-2,1,491,-3
2024/05/27,金沢,4,坂井ちなつお誕生日おめでとＣ１五特別編成,1400,ダ,右,良,曇,9,7,7,ナックメジャー,牡,5,56.0,488,0,田知弘,金田一,,2,1:31.9,39.0,6-6-6-6,3,488,0
2024/05/27,金沢,4,坂井ちなつお誕生日おめでとＣ１五特別編成,1400,ダ,右,良,曇,9,6,6,ブタンタン,牡,5,56.0,488,-3,鈴木太,加藤和,,3,1:32.1,40.2,4-2-2-4,4,488,-3
2024/05/27,金沢,4,坂井ちなつお誕生日おめでとＣ１五特別編成,1400,ダ,右,良,曇,9,1,1,クイーンオブロード,牝,5,54.0,431,4,平瀬城,黒木豊,,4,1:32.2,38.9,8-7-7-6,9,431,4
2024/05/27,金沢,4,坂井ちなつお誕生日おめでとＣ１五特別編成,1400,ダ,右,良,曇,9,4,4,スタールーズベルト,牡,4,56.0,477,0,葛山晃,藤田弘,,5,1:32.3,40.1,2-3-5-5,5,477,0
2024/05/27,金沢,4,坂井ちなつお誕生日おめでとＣ１五特別編成,1400,ダ,右,良,曇,9,3,3,ハートリープ,牝,6,54.0,418,6,沖静男,川添明,,6,1:32.5,40.5,3-4-2-2,6,418,6
2024/05/27,金沢,4,坂井ちなつお誕生日おめでとＣ１五特別編成,1400,ダ,右,良,曇,9,8,8,カカンクオン,牡,6,56.0,431,-5,魚住謙,鈴木正,,7,1:32.6,41.6,1-1-1-1,8,431,-5
2024/05/27,金沢,4,坂井ちなつお誕生日おめでとＣ１五特別編成,1400,ダ,右,良,曇,9,5,5,コバルトスカイ,牝,7,54.0,490,-3,栗原大,菅原欣,,8,1:32.8,39.3,7-7-7-8,2,490,-3
2024/05/27,金沢,4,坂井ちなつお誕生日おめでとＣ１五特別編成,1400,ダ,右,良,曇,9,8,9,ツウカイステラ,牝,8,54.0,467,2,松戸政,宗綱泰,,9,1:33.9,39.2,9-9-9-9,7,467,2
2024/05/27,金沢,5,Ｃ１四特別編成,1500,ダ,右,良,曇,9,5,5,レッツドゥイット,牝,5,54.0,452,-3,吉田晃,佐藤茂,,1,1:38.1,39.1,1-1-1-2,6,452,-3
2024/05/27,金沢,5,Ｃ１四特別編成,1500,ダ,右,良,曇,9,2,2,ティアン,牝,4,54.0,421,-5,中島龍,佐藤茂,,2,1:38.2,38.8,3-3-3-1,1,421,-5
2024/05/27,金沢,5,Ｃ１四特別編成,1500,ダ,右,良,曇,9,7,7,オミワタリ,牡,5,56.0,482,-1,沖静男,田嶋幸,,3,1:38.8,39.2,7-7-5-6,4,482,-1
2024/05/27,金沢,5,Ｃ１四特別編成,1500,ダ,右,良,曇,9,8,8,レッドフェリーチェ,牝,7,54.0,471,-4,葛山晃,菅原欣,,4,1:38.9,39.6,4-4-3-3,3,471,-4
2024/05/27,金沢,5,Ｃ１四特別編成,1500,ダ,右,良,曇,9,3,3,グッドラックスター,牝,7,54.0,465,1,堀場裕,鈴木正,,5,1:38.9,39.3,5-6-6-4,2,465,1
2024/05/27,金沢,5,Ｃ１四特別編成,1500,ダ,右,良,曇,9,8,9,ライディーン,牡,5,56.0,489,0,池田敦,高橋俊,,6,1:38.9,39.0,2-2-2-4,8,489,0
2024/05/27,金沢,5,Ｃ１四特別編成,1500,ダ,右,良,曇,9,6,6,ヘリオシース,牝,8,54.0,436,-4,松戸政,野田幸,,7,1:40.1,39.7,8-8-8-8,9,436,-4
2024/05/27,金沢,5,Ｃ１四特別編成,1500,ダ,右,良,曇,9,1,1,ユキノリッキー,牝,5,54.0,453,-1,栗原大,宗綱泰,,8,1:40.2,40.4,5-5-7-7,5,453,-1
2024/05/27,金沢,5,Ｃ１四特別編成,1500,ダ,右,良,曇,9,4,4,ピンクヒップガール,牝,4,54.0,467,-2,魚住謙,高橋俊,,9,1:41.9,41.3,9-9-8-9,7,467,-2
2024/05/27,金沢,6,れちッてばよ！＠ＶＴｕｂｅＣ１三特別編成,1500,ダ,右,良,曇,11,8,10,アヴァント,牡,10,56.0,483,-15,兼子千,宗綱泰,,1,1:37.2,38.6,6-6-4-3,4,483,-15
2024/05/27,金沢,6,れちッてばよ！＠ＶＴｕｂｅＣ１三特別編成,1500,ダ,右,良,曇,11,7,9,ステイグリーン,牡,8,56.0,534,-5,平瀬城,黒木豊,,2,1:37.2,39.4,1-2-2-1,3,534,-5
2024/05/27,金沢,6,れちッてばよ！＠ＶＴｕｂｅＣ１三特別編成,1500,ダ,右,良,曇,11,8,11,ウラカワノオト,牡,8,56.0,448,-5,吉原寛,加藤義,,3,1:37.6,39.9,5-1-1-2,2,448,-5
2024/05/27,金沢,6,れちッてばよ！＠ＶＴｕｂｅＣ１三特別編成,1500,ダ,右,良,曇,11,2,2,コンパウンダー,牡,9,56.0,461,-1,栗原大,川添明,,4,1:37.6,38.0,11-11-8-6,1,461,-1
2024/05/27,金沢,6,れちッてばよ！＠ＶＴｕｂｅＣ１三特別編成,1500,ダ,右,良,曇,11,6,7,アイアムロージー,牝,4,54.0,459,0,沖静男,川添明,,5,1:37.7,38.4,7-7-7-5,6,459,0
2024/05/27,金沢,6,れちッてばよ！＠ＶＴｕｂｅＣ１三特別編成,1500,ダ,右,良,曇,11,6,6,ビックハート,セ,0,56.0,413,-2,池田敦,高橋道,,6,1:38.1,39.7,3-3-3-4,7,413,-2
2024/05/27,金沢,6,れちッてばよ！＠ＶＴｕｂｅＣ１三特別編成,1500,ダ,右,良,曇,11,7,8,ユメカナウトキ,セ,0,56.0,459,-10,吉田晃,佐藤茂,,7,1:39.1,40.0,8-8-5-8,5,459,-10
2024/05/27,金沢,6,れちッてばよ！＠ＶＴｕｂｅＣ１三特別編成,1500,ダ,右,良,曇,11,5,5,ウインドアリエル,牝,6,54.0,436,0,松戸政,野田幸,,8,1:39.4,40.5,4-5-5-7,10,436,0
2024/05/27,金沢,6,れちッてばよ！＠ＶＴｕｂｅＣ１三特別編成,1500,ダ,右,良,曇,11,3,3,カネトシロワン,牝,4,54.0,443,0,中島龍,中川雅,,9,1:40.4,40.9,2-4-9-10,8,443,0
2024/05/27,金沢,6,れちッてばよ！＠ＶＴｕｂｅＣ１三特別編成,1500,ダ,右,良,曇,11,4,4,サマーモーリス,牝,5,54.0,434,2,鈴木太,室井眞,,10,1:41.0,41.3,9-9-10-9,11,434,2
2024/05/27,金沢,6,れちッてばよ！＠ＶＴｕｂｅＣ１三特別編成,1500,ダ,右,良,曇,11,1,1,ジーエイチグールド,牡,4,56.0,487,3,魚住謙,鋤田誠,,11,1:43.4,43.2,10-10-11-11,9,487,3
2024/05/27,金沢,7,れちくん３周年おめでとう杯３歳Ａ３,1500,ダ,右,良,曇,11,4,4,ダズリングレイ,牝,3,54.0,485,0,平瀬城,黒木豊,,1,1:37.8,40.6,1-1-1-1,4,485,0
2024/05/27,金沢,7,れちくん３周年おめでとう杯３歳Ａ３,1500,ダ,右,良,曇,11,8,11,ヌンコッチ,牝,3,54.0,461,4,鈴木太,加藤和,,2,1:38.6,40.3,4-4-4-2,1,461,4
2024/05/27,金沢,7,れちくん３周年おめでとう杯３歳Ａ３,1500,ダ,右,良,曇,11,6,7,バスターショット,セ,0,56.0,426,4,池田敦,高橋俊,,3,1:38.6,40.1,7-6-6-7,5,426,4
2024/05/27,金沢,7,れちくん３周年おめでとう杯３歳Ａ３,1500,ダ,右,良,曇,11,7,8,ロングレジリエント,牡,3,56.0,437,2,米倉知,藤田弘,,4,1:39.0,40.3,6-6-7-3,2,437,2
2024/05/27,金沢,7,れちくん３周年おめでとう杯３歳Ａ３,1500,ダ,右,良,曇,11,7,9,ベアビー,牝,3,54.0,471,-2,栗原大,加藤和,,5,1:39.5,41.3,5-5-4-5,7,471,-2
2024/05/27,金沢,7,れちくん３周年おめでとう杯３歳Ａ３,1500,ダ,右,良,曇,11,8,10,ナイトプラネット,牝,3,54.0,438,-6,松戸政,井樋一,,6,1:39.8,39.9,8-11-11-11,11,438,-6
2024/05/27,金沢,7,れちくん３周年おめでとう杯３歳Ａ３,1500,ダ,右,良,曇,11,1,1,アクス,牝,3,54.0,416,6,吉田晃,佐藤茂,,7,1:39.9,42.0,3-3-3-6,8,416,6
2024/05/27,金沢,7,れちくん３周年おめでとう杯３歳Ａ３,1500,ダ,右,良,曇,11,6,6,リケアリラ,牝,3,53.0,403,2,加藤翔,加藤義,,8,1:39.9,42.6,10-10-8-10,9,403,2
2024/05/27,金沢,7,れちくん３周年おめでとう杯３歳Ａ３,1500,ダ,右,良,曇,11,5,5,メロディーダンサー,牝,3,54.0,474,4,中島龍,金田一,,9,1:39.9,40.5,2-2-2-3,3,474,4
2024/05/27,金沢,7,れちくん３周年おめでとう杯３歳Ａ３,1500,ダ,右,良,曇,11,3,3,ランハルト,牡,3,56.0,451,-3,田知弘,金田一,,10,1:40.0,40.6,9-9-9-8,10,451,-3
2024/05/27,金沢,7,れちくん３周年おめでとう杯３歳Ａ３,1500,ダ,右,良,曇,11,2,2,スイートウィル,牝,3,54.0,416,6,魚住謙,加藤和,,11,1:40.7,41.4,11-8-10-9,6,416,6
2024/05/27,金沢,8,３歳Ａ２,1700,ダ,右,良,曇,11,1,1,グルタチオンシード,牡,3,56.0,463,-2,吉田晃,鋤田誠,,1,1:53.4,39.9,3-3-4-3,8,463,-2
2024/05/27,金沢,8,３歳Ａ２,1700,ダ,右,良,曇,11,4,4,カレンアイバーソン,牡,3,56.0,456,-2,松戸政,井樋一,,2,1:53.5,39.0,9-8-8-6,4,456,-2
2024/05/27,金沢,8,３歳Ａ２,1700,ダ,右,良,曇,11,7,9,エイシンノヴァ,牡,3,56.0,436,-2,柴田勇,中川雅,,3,1:53.8,40.1,6-6-5-5,1,436,-2
2024/05/27,金沢,8,３歳Ａ２,1700,ダ,右,良,曇,11,2,2,トリプレッタ,牝,3,54.0,486,3,中島龍,高橋俊,,4,1:53.8,39.9,5-5-6-6,2,486,3
2024/05/27,金沢,8,３歳Ａ２,1700,ダ,右,良,曇,11,8,11,ドンリュウスター,牡,3,56.0,446,5,平瀬城,高橋俊,,5,1:53.8,40.8,2-2-1-1,5,446,5
2024/05/27,金沢,8,３歳Ａ２,1700,ダ,右,良,曇,11,6,7,ショウナンラッシュ,牡,3,56.0,537,13,栗原大,加藤和,,6,1:54.2,41.2,4-4-2-2,7,537,13
2024/05/27,金沢,8,３歳Ａ２,1700,ダ,右,良,曇,11,5,5,レーヴァローゼ,牝,3,54.0,408,-4,堀場裕,藤田弘,,7,1:54.7,40.5,7-7-7-8,9,408,-4
2024/05/27,金沢,8,３歳Ａ２,1700,ダ,右,良,曇,11,3,3,カミソリストレート,牡,3,56.0,467,1,鈴木太,鈴木正,,8,1:54.8,41.7,1-1-3-4,6,467,1
2024/05/27,金沢,8,３歳Ａ２,1700,ダ,右,良,曇,11,7,8,ネガイヲカナエテ,牝,3,54.0,441,0,田知弘,金田一,,9,1:57.2,42.6,8-8-9-9,11,441,0
2024/05/27,金沢,8,３歳Ａ２,1700,ダ,右,良,曇,11,8,10,エイシンソナタ,牝,3,54.0,427,5,葛山晃,菅原欣,,10,1:58.1,43.2,10-10-10-10,10,427,5
2024/05/27,金沢,8,３歳Ａ２,1700,ダ,右,良,曇,11,6,6,スターマンモス,牝,3,54.0,482,3,吉原寛,藤田弘,,11,1:59.4,44.2,11-11-11-11,3,482,3
2024/05/27,金沢,9,能登半島地震復興支援杯Ｂ１四,1500,ダ,右,良,曇,8,1,1,ミーハディビーナ,牝,7,54.0,440,-1,葛山晃,菅原欣,,1,1:36.3,39.4,1-1-1-1,6,440,-1
2024/05/27,金沢,9,能登半島地震復興支援杯Ｂ１四,1500,ダ,右,良,曇,8,6,6,スーパーフェザー,セ,0,56.0,485,-8,栗原大,金田一,,2,1:36.5,39.2,3-3-3-2,1,485,-8
2024/05/27,金沢,9,能登半島地震復興支援杯Ｂ１四,1500,ダ,右,良,曇,8,3,3,デルマゴモリー,牝,5,54.0,433,-3,松戸政,金田一,,3,1:37.9,40.8,2-2-2-3,2,433,-3
2024/05/27,金沢,9,能登半島地震復興支援杯Ｂ１四,1500,ダ,右,良,曇,8,5,5,カレイジャス,牝,4,53.0,454,8,加藤翔,藤田弘,,4,1:38.3,40.0,6-5-5-4,5,454,8
2024/05/27,金沢,9,能登半島地震復興支援杯Ｂ１四,1500,ダ,右,良,曇,8,8,8,プレミアマイン,牝,4,54.0,479,-3,米倉知,加藤和,,5,1:38.7,41.1,4-4-4-5,3,479,-3
2024/05/27,金沢,9,能登半島地震復興支援杯Ｂ１四,1500,ダ,右,良,曇,8,7,7,クールシャイン,牡,7,56.0,496,-7,平瀬城,鈴木正,,6,1:38.8,39.7,5-6-6-6,4,496,-7
2024/05/27,金沢,9,能登半島地震復興支援杯Ｂ１四,1500,ダ,右,良,曇,8,2,2,ウインイノセンス,牡,5,56.0,516,-9,魚住謙,高橋俊,,7,1:40.7,41.5,6-6-7-7,7,516,-9
2024/05/27,金沢,9,能登半島地震復興支援杯Ｂ１四,1500,ダ,右,良,曇,8,4,4,ジェイケイウルル,牝,5,54.0,0,0,中島龍,高橋俊,,,,,,,0,0
2024/05/27,金沢,10,心も体も温まる　湯涌で疲れを癒しまＢ１三,1400,ダ,右,良,曇,8,2,2,イサムサンカ,牡,4,56.0,498,3,吉田晃,佐藤茂,,1,1:28.2,38.1,1-2-1-2,3,498,3
2024/05/27,金沢,10,心も体も温まる　湯涌で疲れを癒しまＢ１三,1400,ダ,右,良,曇,8,3,3,デルマウオッカ,牡,9,56.0,503,-5,吉原寛,加藤義,,2,1:28.6,38.5,5-4-1-1,2,503,-5
2024/05/27,金沢,10,心も体も温まる　湯涌で疲れを癒しまＢ１三,1400,ダ,右,良,曇,8,1,1,エスカミーリョ,セ,0,56.0,472,2,中島龍,佐藤茂,,3,1:28.7,38.2,6-6-4-3,1,472,2
2024/05/27,金沢,10,心も体も温まる　湯涌で疲れを癒しまＢ１三,1400,ダ,右,良,曇,8,5,5,ドルヴァル,牡,4,56.0,492,-2,栗原大,加藤和,,4,1:30.0,38.5,7-7-7-5,4,492,-2
2024/05/27,金沢,10,心も体も温まる　湯涌で疲れを癒しまＢ１三,1400,ダ,右,良,曇,8,4,4,イリュージョニスト,牡,8,56.0,526,12,葛山晃,高橋俊,,5,1:30.0,39.9,1-1-3-4,5,526,12
2024/05/27,金沢,10,心も体も温まる　湯涌で疲れを癒しまＢ１三,1400,ダ,右,良,曇,8,7,7,クラウドクラスター,牡,5,56.0,500,-3,米倉知,佐藤茂,,6,1:30.3,38.5,8-8-8-8,8,500,-3
2024/05/27,金沢,10,心も体も温まる　湯涌で疲れを癒しまＢ１三,1400,ダ,右,良,曇,8,8,8,ベルウッドシキシマ,牡,4,55.0,447,8,加藤翔,加藤義,,7,1:30.6,39.9,4-4-5-6,7,447,8
2024/05/27,金沢,10,心も体も温まる　湯涌で疲れを癒しまＢ１三,1400,ダ,右,良,曇,8,6,6,シークレットグロウ,牡,5,56.0,440,-5,魚住謙,鋤田誠,,8,1:31.5,40.5,3-3-6-7,6,440,-5
2024/05/27,金沢,11,楽天競馬で特産品プレゼント締切間近Ａ２二,1400,ダ,右,良,曇,12,2,2,ラスティネイル,牝,6,54.0,467,5,葛山晃,川添明,,1,1:28.9,38.8,1-1-1-1,1,467,5
2024/05/27,金沢,11,楽天競馬で特産品プレゼント締切間近Ａ２二,1400,ダ,右,良,曇,12,3,3,アリアージュ,牡,4,56.0,446,-1,中島龍,加藤和,,2,1:29.0,38.8,2-2-2-2,4,446,-1
2024/05/27,金沢,11,楽天競馬で特産品プレゼント締切間近Ａ２二,1400,ダ,右,良,曇,12,7,10,マイネルヘリテージ,牡,5,56.0,419,-7,松戸政,井樋一,,3,1:29.7,37.7,9-8-7-6,6,419,-7
2024/05/27,金沢,11,楽天競馬で特産品プレゼント締切間近Ａ２二,1400,ダ,右,良,曇,12,6,8,オーミテンペスト,牡,6,56.0,454,-8,米倉知,中川雅,,4,1:30.0,39.6,3-3-3-4,5,454,-8
2024/05/27,金沢,11,楽天競馬で特産品プレゼント締切間近Ａ２二,1400,ダ,右,良,曇,12,8,11,ラマジ,牝,4,54.0,448,-2,堀場裕,鈴木正,,5,1:30.1,37.9,11-10-9-7,3,448,-2
2024/05/27,金沢,11,楽天競馬で特産品プレゼント締切間近Ａ２二,1400,ダ,右,良,曇,12,5,6,ミオソフィア,牝,4,54.0,412,3,田知弘,中川雅,,6,1:30.2,39.4,4-4-5-3,9,412,3
2024/05/27,金沢,11,楽天競馬で特産品プレゼント締切間近Ａ２二,1400,ダ,右,良,曇,12,8,12,グランメゾン,牝,5,54.0,443,8,兼子千,宗綱泰,,7,1:30.5,39.9,5-5-4-5,7,443,8
2024/05/27,金沢,11,楽天競馬で特産品プレゼント締切間近Ａ２二,1400,ダ,右,良,曇,12,4,4,パディオアヘッド,セ,0,56.0,499,-5,平瀬城,川添明,,8,1:31.0,39.2,7-7-7-10,10,499,-5
2024/05/27,金沢,11,楽天競馬で特産品プレゼント締切間近Ａ２二,1400,ダ,右,良,曇,12,7,9,アルティスタエース,牡,9,56.0,466,1,吉原寛,井樋一,,9,1:31.2,38.8,10-11-10-9,8,466,1
2024/05/27,金沢,11,楽天競馬で特産品プレゼント締切間近Ａ２二,1400,ダ,右,良,曇,12,1,1,サクラルコール,牡,13,56.0,505,-3,柴田勇,金田一,,10,1:32.9,41.6,5-6-6-8,2,505,-3
2024/05/27,金沢,11,楽天競馬で特産品プレゼント締切間近Ａ２二,1400,ダ,右,良,曇,12,6,7,ウインオーサム,セ,0,56.0,460,-3,沖静男,川添明,,11,1:33.3,39.3,12-12-12-12,11,460,-3
2024/05/27,金沢,11,楽天競馬で特産品プレゼント締切間近Ａ２二,1400,ダ,右,良,曇,12,5,5,エムティヒビキ,セ,0,56.0,409,-4,魚住謙,高橋優,,12,1:33.6,40.5,8-9-11-11,12,409,-4
2024/05/27,金沢,12,兼六園スプリントトライアル特別３歳Ａ１,1400,ダ,右,良,曇,10,3,3,トルピード,牝,3,54.0,429,2,栗原大,高橋俊,,1,1:31.1,39.2,6-7-5-1,1,429,2
2024/05/27,金沢,12,兼六園スプリントトライアル特別３歳Ａ１,1400,ダ,右,良,曇,10,6,6,フィンガーズクロス,牡,3,56.0,503,-1,柴田勇,金田一,,2,1:31.6,39.8,5-6-6-3,2,503,-1
2024/05/27,金沢,12,兼六園スプリントトライアル特別３歳Ａ１,1400,ダ,右,良,曇,10,7,7,マイネルスピカ,牡,3,56.0,453,-5,吉田晃,加藤和,,3,1:32.4,40.9,6-5-4-5,3,453,-5
2024/05/27,金沢,12,兼六園スプリントトライアル特別３歳Ａ１,1400,ダ,右,良,曇,10,1,1,ピオニエーレ,牡,3,56.0,434,-4,中島龍,金田一,,4,1:32.6,41.4,4-3-2-4,4,434,-4
2024/05/27,金沢,12,兼六園スプリントトライアル特別３歳Ａ１,1400,ダ,右,良,曇,10,5,5,モモダンゴ,牝,3,54.0,397,-4,兼子千,宗綱泰,,5,1:32.7,40.4,8-8-8-7,8,397,-4
2024/05/27,金沢,12,兼六園スプリントトライアル特別３歳Ａ１,1400,ダ,右,良,曇,10,8,10,ミラクルカカオ,牝,3,54.0,413,15,鈴木太,加藤義,,6,1:32.9,40.4,8-9-8-6,6,413,15
2024/05/27,金沢,12,兼六園スプリントトライアル特別３歳Ａ１,1400,ダ,右,良,曇,10,4,4,エザグランマ,牝,3,54.0,455,6,松戸政,井樋一,,7,1:33.0,42.1,1-1-1-2,7,455,6
2024/05/27,金沢,12,兼六園スプリントトライアル特別３歳Ａ１,1400,ダ,右,良,曇,10,8,9,フレールサンク,牡,3,55.0,509,5,加藤翔,加藤義,,8,1:34.3,43.1,2-2-2-7,5,509,5
2024/05/27,金沢,12,兼六園スプリントトライアル特別３歳Ａ１,1400,ダ,右,良,曇,10,2,2,サンヨウアカヘル,牝,3,54.0,435,-5,田知弘,田嶋幸,,9,1:34.7,42.8,2-3-7-9,10,435,-5
2024/05/27,金沢,12,兼六園スプリントトライアル特別３歳Ａ１,1400,ダ,右,良,曇,10,7,8,テルケンレンテル,牡,3,56.0,476,-9,沖静男,川添明,,10,1:36.6,42.5,10-10-10-10,9,476,-9
2024/05/28,金沢,1,５月３１日は世界禁煙デー賞３歳Ｂ６,1400,ダ,右,不良,雨,10,8,10,シルバヴール,牝,3,54.0,409,21,柴田勇,中川雅,,1,1:30.6,39.0,1-1-1-1,2,409,21
2024/05/28,金沢,1,５月３１日は世界禁煙デー賞３歳Ｂ６,1400,ダ,右,不良,雨,10,7,7,ゴールドジューク,牡,3,56.0,451,7,中島龍,中川雅,,2,1:30.9,39.1,3-3-2-2,1,451,7
2024/05/28,金沢,1,５月３１日は世界禁煙デー賞３歳Ｂ６,1400,ダ,右,不良,雨,10,8,9,シャインウォーリア,牝,3,54.0,549,-4,田知弘,田嶋幸,,3,1:31.0,38.3,5-5-5-3,4,549,-4
2024/05/28,金沢,1,５月３１日は世界禁煙デー賞３歳Ｂ６,1400,ダ,右,不良,雨,10,4,4,アルシンダガ,牡,3,56.0,429,-7,鈴木太,室井眞,,4,1:32.3,40.0,4-4-4-4,8,429,-7
2024/05/28,金沢,1,５月３１日は世界禁煙デー賞３歳Ｂ６,1400,ダ,右,不良,雨,10,6,6,ナックレインボー,牝,3,54.0,487,23,米倉知,中川雅,,5,1:33.3,39.9,6-7-6-5,3,487,23
2024/05/28,金沢,1,５月３１日は世界禁煙デー賞３歳Ｂ６,1400,ダ,右,不良,雨,10,3,3,ドレッドステータス,牝,3,54.0,440,-16,魚住謙,田嶋幸,,6,1:33.9,40.7,6-6-6-7,5,440,-16
2024/05/28,金沢,1,５月３１日は世界禁煙デー賞３歳Ｂ６,1400,ダ,右,不良,雨,10,5,5,ロロスピアー,牡,3,56.0,422,0,兼子千,宗綱泰,,7,1:34.2,39.7,8-8-9-8,6,422,0
2024/05/28,金沢,1,５月３１日は世界禁煙デー賞３歳Ｂ６,1400,ダ,右,不良,雨,10,1,1,ゴールデンスレッド,牝,3,54.0,437,-12,松戸政,井樋一,,8,1:34.4,39.5,10-10-10-10,7,437,-12
2024/05/28,金沢,1,５月３１日は世界禁煙デー賞３歳Ｂ６,1400,ダ,右,不良,雨,10,7,8,サンサンサンキュー,牡,3,56.0,483,3,葛山晃,菅原欣,,9,1:35.1,40.8,9-9-8-9,10,483,3
2024/05/28,金沢,1,５月３１日は世界禁煙デー賞３歳Ｂ６,1400,ダ,右,不良,雨,10,2,2,アブデラザール,牝,3,53.0,389,6,加藤翔,加藤義,,10,1:35.8,43.7,2-2-3-6,9,389,6
2024/05/28,金沢,2,場内禁煙にご協力ください杯３歳Ｂ５,1400,ダ,右,不良,雨,8,8,8,アオイエクラタン,牝,3,54.0,383,-2,堀場裕,加藤義,,1,1:31.9,39.2,1-1-1-1,4,383,-2
2024/05/28,金沢,2,場内禁煙にご協力ください杯３歳Ｂ５,1400,ダ,右,不良,雨,8,7,7,ルリシャンティ,牝,3,54.0,452,2,田知弘,田嶋幸,,2,1:32.1,38.5,4-4-4-4,2,452,2
2024/05/28,金沢,2,場内禁煙にご協力ください杯３歳Ｂ５,1400,ダ,右,不良,雨,8,4,4,レクエルダメ,牝,3,54.0,452,2,魚住謙,金田一,,3,1:32.3,38.3,7-6-6-5,1,452,2
2024/05/28,金沢,2,場内禁煙にご協力ください杯３歳Ｂ５,1400,ダ,右,不良,雨,8,6,6,アオイカメリア,牝,3,54.0,424,2,鈴木太,加藤義,,4,1:32.3,39.4,2-2-2-2,5,424,2
2024/05/28,金沢,2,場内禁煙にご協力ください杯３歳Ｂ５,1400,ダ,右,不良,雨,8,2,2,ランフォーリリーズ,牝,3,54.0,407,-2,兼子千,高橋優,,5,1:32.5,39.4,2-3-3-3,6,407,-2
2024/05/28,金沢,2,場内禁煙にご協力ください杯３歳Ｂ５,1400,ダ,右,不良,雨,8,1,1,オープンソース,牝,3,54.0,428,-1,沖静男,川添明,,6,1:33.6,39.3,8-8-7-7,7,428,-1
2024/05/28,金沢,2,場内禁煙にご協力ください杯３歳Ｂ５,1400,ダ,右,不良,雨,8,3,3,パラベイド,牡,3,56.0,527,0,池田敦,高橋俊,,7,1:33.7,40.0,6-5-5-6,3,527,0
2024/05/28,金沢,2,場内禁煙にご協力ください杯３歳Ｂ５,1400,ダ,右,不良,雨,8,5,5,ヴァルチャー,牝,3,54.0,432,-7,葛山晃,高橋俊,,8,1:35.9,41.3,5-7-8-8,8,432,-7
2024/05/28,金沢,3,３歳Ｂ４,1400,ダ,右,不良,雨,9,8,8,ビルマチーク,牝,3,54.0,430,0,栗原大,菅原欣,,1,1:31.9,39.3,1-2-1-1,1,430,0
2024/05/28,金沢,3,３歳Ｂ４,1400,ダ,右,不良,雨,9,8,9,トップリアル,牝,3,54.0,426,4,兼子千,高橋道,,2,1:32.3,39.5,3-3-2-2,6,426,4
2024/05/28,金沢,3,３歳Ｂ４,1400,ダ,右,不良,雨,9,4,4,リベラメ,牝,3,53.0,521,3,加藤翔,加藤義,,3,1:32.5,39.5,4-4-4-3,2,521,3
2024/05/28,金沢,3,３歳Ｂ４,1400,ダ,右,不良,雨,9,5,5,ヴェネラリア,牝,3,54.0,439,5,堀場裕,中川雅,,4,1:32.9,39.3,6-6-7-5,3,439,5
2024/05/28,金沢,3,３歳Ｂ４,1400,ダ,右,不良,雨,9,1,1,フューゲイシャス,牡,3,56.0,452,-1,吉田晃,田嶋幸,,5,1:33.1,39.9,5-5-5-4,5,452,-1
2024/05/28,金沢,3,３歳Ｂ４,1400,ダ,右,不良,雨,9,7,7,リフトローダー,牝,3,54.0,486,-5,中島龍,高橋俊,,6,1:33.3,40.0,7-7-5-6,4,486,-5
2024/05/28,金沢,3,３歳Ｂ４,1400,ダ,右,不良,雨,9,2,2,カレンバンブー,牝,3,54.0,405,1,田知弘,中川雅,,7,1:33.7,39.4,8-8-8-8,8,405,1
2024/05/28,金沢,3,３歳Ｂ４,1400,ダ,右,不良,雨,9,3,3,ボルドーエゾンス,牝,3,54.0,405,1,葛山晃,高橋俊,,8,1:34.7,42.1,2-1-2-7,7,405,1
2024/05/28,金沢,3,３歳Ｂ４,1400,ダ,右,不良,雨,9,6,6,アイヲサケブオトコ,牡,3,56.0,450,-8,鈴木太,室井眞,,9,1:35.7,40.9,9-9-9-9,9,450,-8
2024/05/28,金沢,4,能登半島地震復興支援杯３歳Ｂ３,1500,ダ,右,不良,雨,8,2,2,スノーソフィー,牝,3,54.0,439,0,田知弘,中川雅,,1,1:37.3,39.2,1-1-1-1,1,439,0
2024/05/28,金沢,4,能登半島地震復興支援杯３歳Ｂ３,1500,ダ,右,不良,雨,8,6,6,キセキノクニ,セ,0,56.0,442,0,魚住謙,川添明,,2,1:37.6,38.5,3-3-3-4,7,442,0
2024/05/28,金沢,4,能登半島地震復興支援杯３歳Ｂ３,1500,ダ,右,不良,雨,8,4,4,トウメイヨリキレイ,牝,3,54.0,399,-4,松戸政,黒木豊,,3,1:37.7,38.6,4-4-3-2,6,399,-4
2024/05/28,金沢,4,能登半島地震復興支援杯３歳Ｂ３,1500,ダ,右,不良,雨,8,1,1,ムゲーテスペランサ,牝,3,54.0,455,-10,吉田晃,佐藤茂,,4,1:38.0,39.8,2-2-2-2,2,455,-10
2024/05/28,金沢,4,能登半島地震復興支援杯３歳Ｂ３,1500,ダ,右,不良,雨,8,5,5,アマネク,牝,3,54.0,441,-6,柴田勇,田嶋幸,,5,1:38.7,39.3,6-5-5-5,5,441,-6
2024/05/28,金沢,4,能登半島地震復興支援杯３歳Ｂ３,1500,ダ,右,不良,雨,8,8,8,リュウノラッシュ,牝,3,53.0,385,5,加藤翔,加藤義,,6,1:40.3,40.1,7-8-6-6,4,385,5
2024/05/28,金沢,4,能登半島地震復興支援杯３歳Ｂ３,1500,ダ,右,不良,雨,8,7,7,ヨメニケイゴ,牝,3,54.0,438,1,栗原大,菅原欣,,7,1:41.0,40.3,5-7-8-8,3,438,1
2024/05/28,金沢,4,能登半島地震復興支援杯３歳Ｂ３,1500,ダ,右,不良,雨,8,3,3,セイウンラビリンス,牡,3,56.0,487,-2,沖静男,川添明,,8,1:41.9,41.8,8-6-6-7,8,487,-2
2024/05/28,金沢,5,３歳Ｂ２,1400,ダ,右,不良,雨,10,8,10,シャトルトウショウ,牝,3,54.0,499,23,吉田晃,佐藤茂,,1,1:29.6,37.7,1-1-1-1,1,499,23
2024/05/28,金沢,5,３歳Ｂ２,1400,ダ,右,不良,雨,10,6,6,ワイドステラ,牝,3,54.0,451,-3,米倉知,加藤和,,2,1:30.8,38.3,7-7-5-4,3,451,-3
2024/05/28,金沢,5,３歳Ｂ２,1400,ダ,右,不良,雨,10,3,3,センタービット,牡,3,56.0,419,-4,池田敦,高橋俊,,3,1:30.8,38.6,3-3-4-2,7,419,-4
2024/05/28,金沢,5,３歳Ｂ２,1400,ダ,右,不良,雨,10,2,2,ラストヒロイン,牝,3,54.0,434,5,中島龍,加藤和,,4,1:31.3,39.2,2-2-2-5,2,434,5
2024/05/28,金沢,5,３歳Ｂ２,1400,ダ,右,不良,雨,10,7,7,ハセケンザン,牡,3,56.0,537,-2,兼子千,野田幸,,5,1:31.5,37.4,10-10-10-9,9,537,-2
2024/05/28,金沢,5,３歳Ｂ２,1400,ダ,右,不良,雨,10,5,5,アイノユメテーラー,牝,3,54.0,468,-1,柴田勇,中川雅,,6,1:31.7,38.6,8-8-8-8,4,468,-1
2024/05/28,金沢,5,３歳Ｂ２,1400,ダ,右,不良,雨,10,7,8,ヒャクシキ,牡,3,56.0,429,-4,栗原大,加藤和,,7,1:31.7,39.6,4-4-2-3,6,429,-4
2024/05/28,金沢,5,３歳Ｂ２,1400,ダ,右,不良,雨,10,4,4,シェルターベルト,牝,3,54.0,472,14,魚住謙,高橋俊,,8,1:32.0,39.4,6-6-6-6,5,472,14
2024/05/28,金沢,5,３歳Ｂ２,1400,ダ,右,不良,雨,10,8,9,センベロ,牝,3,54.0,374,-5,松戸政,藤田弘,,9,1:32.0,39.2,5-5-7-7,10,374,-5
2024/05/28,金沢,5,３歳Ｂ２,1400,ダ,右,不良,雨,10,1,1,メニー,牡,3,56.0,427,3,田知弘,中川雅,,10,1:33.6,39.9,9-9-9-10,8,427,3
2024/05/28,金沢,6,日本海一望！医王山へ登ろう特別３歳Ｂ１,1500,ダ,右,不良,雨,8,2,2,ワンモアチャンス,牝,3,54.0,453,-3,栗原大,菅原欣,,1,1:37.3,40.1,1-1-1-1,1,453,-3
2024/05/28,金沢,6,日本海一望！医王山へ登ろう特別３歳Ｂ１,1500,ダ,右,不良,雨,8,8,8,ジークアスリート,牡,3,56.0,417,1,松戸政,菅原欣,,2,1:38.1,38.8,8-8-7-4,2,417,1
2024/05/28,金沢,6,日本海一望！医王山へ登ろう特別３歳Ｂ１,1500,ダ,右,不良,雨,8,6,6,ハーバーフロント,牝,3,54.0,412,5,田知弘,金田一,,3,1:38.1,38.6,7-7-8-4,4,412,5
2024/05/28,金沢,6,日本海一望！医王山へ登ろう特別３歳Ｂ１,1500,ダ,右,不良,雨,8,7,7,ミュークロア,牝,3,54.0,399,-6,葛山晃,高橋俊,,4,1:38.6,39.5,6-6-6-6,7,399,-6
2024/05/28,金沢,6,日本海一望！医王山へ登ろう特別３歳Ｂ１,1500,ダ,右,不良,雨,8,4,4,オーデンリッキー,牝,3,54.0,452,6,池田敦,高橋俊,,5,1:38.8,40.9,3-4-4-3,8,452,6
2024/05/28,金沢,6,日本海一望！医王山へ登ろう特別３歳Ｂ１,1500,ダ,右,不良,雨,8,3,3,ブラヴォージャパン,牝,3,54.0,416,-4,吉原寛,佐藤茂,,6,1:39.0,41.4,2-2-2-2,6,416,-4
2024/05/28,金沢,6,日本海一望！医王山へ登ろう特別３歳Ｂ１,1500,ダ,右,不良,雨,8,5,5,ユイノグランコード,牡,3,55.0,490,2,加藤翔,加藤和,,7,1:40.6,41.8,5-5-5-6,3,490,2
2024/05/28,金沢,6,日本海一望！医王山へ登ろう特別３歳Ｂ１,1500,ダ,右,不良,雨,8,1,1,ヘックス,牝,3,54.0,413,-2,中島龍,佐藤茂,,8,1:41.0,43.2,4-3-3-8,5,413,-2
2024/05/28,金沢,7,Ｊ交 加賀医王山賞３歳中央３歳未勝利,1500,ダ,右,不良,雨,8,7,7,フェスティヴルディ,牡,3,56.0,481,-11,栗原大,清水英,,1,1:36.2,40.1,4-2-2-1,1,481,-11
2024/05/28,金沢,7,Ｊ交 加賀医王山賞３歳中央３歳未勝利,1500,ダ,右,不良,雨,8,2,2,ビートリニティ,牝,3,54.0,445,9,菊澤一,小手準,,2,1:37.0,40.7,2-2-3-2,5,445,9
2024/05/28,金沢,7,Ｊ交 加賀医王山賞３歳中央３歳未勝利,1500,ダ,右,不良,雨,8,8,8,サウンドチアフル,牡,3,55.0,427,-3,田口貫,村山明,,3,1:37.1,39.4,7-7-7-4,4,427,-3
2024/05/28,金沢,7,Ｊ交 加賀医王山賞３歳中央３歳未勝利,1500,ダ,右,不良,雨,8,4,4,サザンフィールド,牡,3,56.0,426,0,柴田勇,金田一,,4,1:37.6,38.9,8-8-8-7,8,426,0
2024/05/28,金沢,7,Ｊ交 加賀医王山賞３歳中央３歳未勝利,1500,ダ,右,不良,雨,8,1,1,アーウイン,牝,3,54.0,428,4,中島龍,濱田多,,5,1:37.8,41.9,1-1-1-3,3,428,4
2024/05/28,金沢,7,Ｊ交 加賀医王山賞３歳中央３歳未勝利,1500,ダ,右,不良,雨,8,6,6,ユーベルメンシュ,牡,3,56.0,528,-10,吉原寛,畑端省,,6,1:39.7,42.9,2-5-5-5,2,528,-10
2024/05/28,金沢,7,Ｊ交 加賀医王山賞３歳中央３歳未勝利,1500,ダ,右,不良,雨,8,5,5,ガラスノイチゴ,牝,3,50.0,415,3,古川奈,小手準,,7,1:40.5,43.5,6-5-6-6,6,415,3
2024/05/28,金沢,7,Ｊ交 加賀医王山賞３歳中央３歳未勝利,1500,ダ,右,不良,雨,8,3,3,バージンエスパー,牝,3,54.0,409,-5,堀場裕,藤田弘,,8,1:41.9,45.2,5-4-4-8,7,409,-5
2024/05/28,金沢,8,Ｃ１二特別編成,1500,ダ,右,不良,雨,7,7,7,マジカルガール,牝,4,54.0,418,-1,柴田勇,金田一,,1,1:35.9,38.9,1-1-1-1,2,418,-1
2024/05/28,金沢,8,Ｃ１二特別編成,1500,ダ,右,不良,雨,7,6,6,インワンシティング,セ,0,56.0,437,-2,栗原大,加藤和,,2,1:37.2,39.1,6-6-4-3,1,437,-2
2024/05/28,金沢,8,Ｃ１二特別編成,1500,ダ,右,不良,雨,7,5,5,アワーストーリー,牝,4,53.0,432,-6,加藤翔,加藤義,,3,1:37.9,39.8,5-5-6-4,6,432,-6
2024/05/28,金沢,8,Ｃ１二特別編成,1500,ダ,右,不良,雨,7,2,2,カミノマジック,セ,0,56.0,470,0,堀場裕,鈴木正,,4,1:38.2,40.9,2-2-2-2,3,470,0
2024/05/28,金沢,8,Ｃ１二特別編成,1500,ダ,右,不良,雨,7,3,3,ラプタマーベリック,牡,4,56.0,481,1,田知弘,金田一,,5,1:38.6,40.3,6-7-4-5,7,481,1
2024/05/28,金沢,8,Ｃ１二特別編成,1500,ダ,右,不良,雨,7,4,4,サマーソルト,セ,0,56.0,502,-1,魚住謙,鋤田誠,,6,1:38.9,40.7,4-4-7-7,5,502,-1
2024/05/28,金沢,8,Ｃ１二特別編成,1500,ダ,右,不良,雨,7,1,1,タカラアーサー,牡,4,56.0,514,-3,葛山晃,菅原欣,,7,1:39.9,42.1,3-3-3-6,4,514,-3
2024/05/28,金沢,9,Ｂ１二,1500,ダ,右,不良,雨,9,6,6,ブルーコンパクタ,牡,8,56.0,476,-2,吉原寛,井樋一,,1,1:36.3,37.5,8-8-7-5,3,476,-2
2024/05/28,金沢,9,Ｂ１二,1500,ダ,右,不良,雨,9,4,4,ジェイケイミリミリ,牝,5,54.0,476,2,中島龍,高橋俊,,2,1:36.5,38.2,4-3-4-3,5,476,2
2024/05/28,金沢,9,Ｂ１二,1500,ダ,右,不良,雨,9,7,7,ラテントパワーズ,牡,8,55.0,541,6,加藤翔,加藤義,,3,1:36.7,38.9,1-1-1-1,4,541,6
2024/05/28,金沢,9,Ｂ１二,1500,ダ,右,不良,雨,9,8,9,ジェイエルフラッグ,牝,8,54.0,451,-6,米倉知,加藤和,,4,1:36.7,38.2,6-6-5-5,1,451,-6
2024/05/28,金沢,9,Ｂ１二,1500,ダ,右,不良,雨,9,8,8,デルマセイレーン,牝,5,54.0,445,2,堀場裕,加藤義,,5,1:36.7,38.8,2-2-2-2,7,445,2
2024/05/28,金沢,9,Ｂ１二,1500,ダ,右,不良,雨,9,5,5,ヴィルベッピンサン,牝,5,54.0,477,0,魚住謙,鋤田誠,,6,1:37.3,38.5,7-7-8-7,9,477,0
2024/05/28,金沢,9,Ｂ１二,1500,ダ,右,不良,雨,9,3,3,クリノヒビキ,セ,0,56.0,521,-7,葛山晃,井樋一,,7,1:37.3,38.1,9-9-9-8,8,521,-7
2024/05/28,金沢,9,Ｂ１二,1500,ダ,右,不良,雨,9,2,2,ハガネ,牡,4,56.0,467,-1,栗原大,藤田弘,,8,1:37.3,39.1,5-5-3-4,2,467,-1
2024/05/28,金沢,9,Ｂ１二,1500,ダ,右,不良,雨,9,1,1,プレストマジック,牡,6,52.0,493,1,古川奈,井樋一,,9,1:40.0,41.4,3-3-5-9,6,493,1
2024/05/28,金沢,10,楽天競馬の特産品エントリー本日までＢ１一,1400,ダ,右,不良,雨,9,3,3,シェンフォン,牝,5,54.0,460,0,米倉知,加藤和,,1,1:29.4,37.8,8-7-4-3,3,460,0
2024/05/28,金沢,10,楽天競馬の特産品エントリー本日までＢ１一,1400,ダ,右,不良,雨,9,6,6,ヤイバ,牡,5,56.0,467,5,吉原寛,加藤義,,2,1:29.5,38.3,2-2-1-1,2,467,5
2024/05/28,金沢,10,楽天競馬の特産品エントリー本日までＢ１一,1400,ダ,右,不良,雨,9,4,4,マイナーズライト,セ,0,56.0,458,2,沖静男,川添明,,3,1:30.1,38.7,4-4-3-2,1,458,2
2024/05/28,金沢,10,楽天競馬の特産品エントリー本日までＢ１一,1400,ダ,右,不良,雨,9,5,5,ピエナパプリカ,牡,6,56.0,489,0,栗原大,鋤田誠,,4,1:30.3,38.6,5-6-5-4,8,489,0
2024/05/28,金沢,10,楽天競馬の特産品エントリー本日までＢ１一,1400,ダ,右,不良,雨,9,8,8,ピンクビジョン,牝,4,54.0,425,2,鈴木太,加藤和,,5,1:31.1,39.0,7-9-8-6,9,425,2
2024/05/28,金沢,10,楽天競馬の特産品エントリー本日までＢ１一,1400,ダ,右,不良,雨,9,1,1,ルナエルモッサ,牝,5,54.0,429,2,魚住謙,川添明,,6,1:31.8,40.7,1-1-1-5,7,429,2
2024/05/28,金沢,10,楽天競馬の特産品エントリー本日までＢ１一,1400,ダ,右,不良,雨,9,8,9,ピースイギー,牝,5,54.0,420,-4,田知弘,金田一,,7,1:32.2,40.3,3-4-6-9,4,420,-4
2024/05/28,金沢,10,楽天競馬の特産品エントリー本日までＢ１一,1400,ダ,右,不良,雨,9,2,2,ベルウッドムサシ,牡,4,56.0,461,5,堀場裕,加藤義,,8,1:32.4,40.5,6-3-8-8,6,461,5
2024/05/28,金沢,10,楽天競馬の特産品エントリー本日までＢ１一,1400,ダ,右,不良,雨,9,7,7,ブーケドフルール,牝,6,53.0,437,8,加藤翔,加藤義,,9,1:33.5,41.5,9-8-6-7,5,437,8
2024/05/28,金沢,11,６月２日は金沢競馬百万石デー特別Ａ２一,1700,ダ,右,不良,雨,7,7,7,フィードバック,セ,0,56.0,492,6,中島龍,金田一,,1,1:49.6,38.5,1-1-1-1,1,492,6
2024/05/28,金沢,11,６月２日は金沢競馬百万石デー特別Ａ２一,1700,ダ,右,不良,雨,7,3,3,フラッグアドミラル,牡,10,56.0,482,-3,堀場裕,中川雅,,2,1:50.8,39.3,3-2-2-2,2,482,-3
2024/05/28,金沢,11,６月２日は金沢競馬百万石デー特別Ａ２一,1700,ダ,右,不良,雨,7,2,2,クールドレーヌ,牝,5,54.0,414,-3,米倉知,高橋俊,,3,1:51.2,39.4,2-3-3-3,3,414,-3
2024/05/28,金沢,11,６月２日は金沢競馬百万石デー特別Ａ２一,1700,ダ,右,不良,雨,7,4,4,マノンルージュ,牡,5,56.0,472,4,魚住謙,鈴木正,,4,1:52.1,40.1,4-4-4-4,5,472,4
2024/05/28,金沢,11,６月２日は金沢競馬百万石デー特別Ａ２一,1700,ダ,右,不良,雨,7,6,6,シュガーエンジェル,牝,5,54.0,401,3,兼子千,宗綱泰,,5,1:53.6,41.5,5-4-5-5,4,401,3
2024/05/28,金沢,11,６月２日は金沢競馬百万石デー特別Ａ２一,1700,ダ,右,不良,雨,7,1,1,ディモールト,牡,7,56.0,0,0,松戸政,井樋一,,,,,,,0,0
2024/05/28,金沢,11,６月２日は金沢競馬百万石デー特別Ａ２一,1700,ダ,右,不良,雨,7,5,5,エムオージェネラル,牡,4,56.0,0,0,吉田晃,佐藤茂,,,,,,,0,0
2024/05/28,金沢,12,金沢競馬Ｃ１プレミアムＣ１特選,1500,ダ,右,不良,雨,8,3,3,ホウオウジュレップ,牝,6,54.0,445,9,鈴木太,加藤和,,1,1:35.5,38.9,1-1-1-1,3,445,9
2024/05/28,金沢,12,金沢競馬Ｃ１プレミアムＣ１特選,1500,ダ,右,不良,雨,8,5,5,マヒート,牡,4,56.0,485,-3,吉田晃,佐藤茂,,2,1:37.8,40.4,8-8-6-6,4,485,-3
2024/05/28,金沢,12,金沢競馬Ｃ１プレミアムＣ１特選,1500,ダ,右,不良,雨,8,6,6,クツワファミリー,牡,4,56.0,474,-4,米倉知,高橋俊,,3,1:38.1,40.9,2-4-5-4,8,474,-4
2024/05/28,金沢,12,金沢競馬Ｃ１プレミアムＣ１特選,1500,ダ,右,不良,雨,8,7,7,ケイラブマッハ,牝,4,54.0,449,4,中島龍,中川雅,,4,1:38.4,40.9,7-6-3-3,7,449,4
2024/05/28,金沢,12,金沢競馬Ｃ１プレミアムＣ１特選,1500,ダ,右,不良,雨,8,4,4,デルマスソバライ,牝,4,53.0,421,4,加藤翔,加藤義,,5,1:38.5,40.8,6-7-8-5,5,421,4
2024/05/28,金沢,12,金沢競馬Ｃ１プレミアムＣ１特選,1500,ダ,右,不良,雨,8,8,8,ブリクシア,牡,6,56.0,511,-7,田知弘,金田一,,6,1:39.2,41.8,5-5-7-7,6,511,-7
2024/05/28,金沢,12,金沢競馬Ｃ１プレミアムＣ１特選,1500,ダ,右,不良,雨,8,2,2,エイシンアメンラー,牡,7,56.0,511,-4,栗原大,加藤和,,7,1:39.7,42.9,4-2-2-2,1,511,-4
2024/05/28,金沢,12,金沢競馬Ｃ１プレミアムＣ１特選,1500,ダ,右,不良,雨,8,1,1,プレストマーヴェル,牝,3,54.0,442,20,吉原寛,井樋一,,8,1:40.6,43.1,3-3-3-8,2,442,20
2024/06/02,金沢,1,ダイチ☆ユリナ結婚おめでとう記念Ｃ２五,1400,ダ,右,稍重,曇,10,7,7,レイズミーアップ,牡,4,55.0,429,-4,加藤翔,中川雅,,1,1:32.5,39.6,4-4-3-4,2,429,-4
2024/06/02,金沢,1,ダイチ☆ユリナ結婚おめでとう記念Ｃ２五,1400,ダ,右,稍重,曇,10,7,8,ビーチポジティヴ,牝,4,54.0,466,2,中島龍,金田一,,2,1:32.5,39.9,2-2-1-2,1,466,2
2024/06/02,金沢,1,ダイチ☆ユリナ結婚おめでとう記念Ｃ２五,1400,ダ,右,稍重,曇,10,8,10,イエローストーン,セ,0,56.0,449,-2,吉田晃,田嶋幸,,3,1:32.6,40.2,1-1-1-1,3,449,-2
2024/06/02,金沢,1,ダイチ☆ユリナ結婚おめでとう記念Ｃ２五,1400,ダ,右,稍重,曇,10,1,1,ヨドノストーリー,牡,4,56.0,439,4,堀場裕,高橋優,,4,1:32.6,39.7,5-5-4-2,6,439,4
2024/06/02,金沢,1,ダイチ☆ユリナ結婚おめでとう記念Ｃ２五,1400,ダ,右,稍重,曇,10,5,5,カフェメモワール,牝,7,54.0,495,7,栗原大,菅原欣,,5,1:32.7,39.8,2-3-5-5,4,495,7
2024/06/02,金沢,1,ダイチ☆ユリナ結婚おめでとう記念Ｃ２五,1400,ダ,右,稍重,曇,10,6,6,タマテバコ,牝,5,54.0,484,4,兼子千,宗綱泰,,6,1:33.0,39.0,8-8-9-8,7,484,4
2024/06/02,金沢,1,ダイチ☆ユリナ結婚おめでとう記念Ｃ２五,1400,ダ,右,稍重,曇,10,8,9,シンコッチョウ,牝,4,54.0,451,3,松戸政,田嶋幸,,7,1:33.3,39.9,6-6-6-7,8,451,3
2024/06/02,金沢,1,ダイチ☆ユリナ結婚おめでとう記念Ｃ２五,1400,ダ,右,稍重,曇,10,3,3,エコログレイト,牡,4,56.0,488,7,魚住謙,鋤田誠,,8,1:33.4,39.7,7-7-8-6,9,488,7
2024/06/02,金沢,1,ダイチ☆ユリナ結婚おめでとう記念Ｃ２五,1400,ダ,右,稍重,曇,10,4,4,チェリーアトラス,牡,8,56.0,500,4,平瀬城,黒木豊,,9,1:33.9,40.0,9-9-7-9,5,500,4
2024/06/02,金沢,1,ダイチ☆ユリナ結婚おめでとう記念Ｃ２五,1400,ダ,右,稍重,曇,10,2,2,トップキング,牡,5,56.0,0,0,鈴木太,鋤田誠,,,,,,,0,0
2024/06/02,金沢,2,祝！！宜之＆奏結婚記念Ｃ２四,1400,ダ,右,稍重,曇,9,8,8,シントーチャチャ,牝,4,54.0,429,0,松戸政,藤田弘,,1,1:30.3,38.9,5-4-1-1,1,429,0
2024/06/02,金沢,2,祝！！宜之＆奏結婚記念Ｃ２四,1400,ダ,右,稍重,曇,9,2,2,フェイスタロー,牡,7,56.0,439,0,中島龍,川添明,,2,1:31.2,39.3,6-5-5-3,6,439,0
2024/06/02,金沢,2,祝！！宜之＆奏結婚記念Ｃ２四,1400,ダ,右,稍重,曇,9,5,5,ビーチブルース,牡,4,56.0,486,-2,葛山晃,菅原欣,,3,1:32.0,39.2,8-8-7-6,4,486,-2
2024/06/02,金沢,2,祝！！宜之＆奏結婚記念Ｃ２四,1400,ダ,右,稍重,曇,9,6,6,フェアリープト,牝,4,54.0,490,4,吉田晃,佐藤茂,,4,1:32.2,40.8,1-2-3-4,2,490,4
2024/06/02,金沢,2,祝！！宜之＆奏結婚記念Ｃ２四,1400,ダ,右,稍重,曇,9,4,4,マルカンレインボー,牝,4,54.0,425,4,池田敦,高橋道,,5,1:32.4,39.7,7-7-6-5,5,425,4
2024/06/02,金沢,2,祝！！宜之＆奏結婚記念Ｃ２四,1400,ダ,右,稍重,曇,9,1,1,カフェノヴィーン,牝,8,54.0,488,6,栗原大,菅原欣,,6,1:32.6,41.3,1-1-1-2,3,488,6
2024/06/02,金沢,2,祝！！宜之＆奏結婚記念Ｃ２四,1400,ダ,右,稍重,曇,9,3,3,ジェミースター,牝,4,54.0,422,1,堀場裕,高橋優,,7,1:32.7,39.6,9-9-9-8,8,422,1
2024/06/02,金沢,2,祝！！宜之＆奏結婚記念Ｃ２四,1400,ダ,右,稍重,曇,9,7,7,ロジブライアン,牡,4,55.0,525,-2,加藤翔,加藤和,,8,1:35.2,43.6,3-3-4-7,7,525,-2
2024/06/02,金沢,2,祝！！宜之＆奏結婚記念Ｃ２四,1400,ダ,右,稍重,曇,9,8,9,ポーラライツ,牡,4,56.0,454,3,兼子千,菅原欣,,9,1:35.4,43.0,4-6-8-9,9,454,3
2024/06/02,金沢,3,スーパードリーム　２歳新馬２歳新馬１,900,ダ,右,良,曇,5,2,2,ショウガマッタナシ,牝,2,54.0,0,0,栗原大,高橋俊,,1,0:56.2,36.2,1-1,1,0,0
2024/06/02,金沢,3,スーパードリーム　２歳新馬２歳新馬１,900,ダ,右,良,曇,5,3,3,リュウノノーチラス,牡,2,54.0,0,0,加藤翔,加藤義,,2,0:57.2,36.6,2-2,3,0,0
2024/06/02,金沢,3,スーパードリーム　２歳新馬２歳新馬１,900,ダ,右,良,曇,5,1,1,エムザックドリーム,牝,2,54.0,0,0,中島龍,中川雅,,3,0:57.7,37.4,3-3,4,0,0
2024/06/02,金沢,3,スーパードリーム　２歳新馬２歳新馬１,900,ダ,右,良,曇,5,5,5,エムティドラゴン,牡,2,55.0,0,0,吉田晃,佐藤茂,,4,0:58.9,38.3,4-4,2,0,0
2024/06/02,金沢,3,スーパードリーム　２歳新馬２歳新馬１,900,ダ,右,良,曇,5,4,4,キタケープ,牡,2,55.0,0,0,鈴木太,加藤義,,5,0:59.8,38.2,5-5,5,0,0
2024/06/02,金沢,4,スーパードリーム　２歳新馬２歳新馬２,900,ダ,右,良,曇,6,4,4,モカチャン,牝,2,54.0,0,0,吉原寛,加藤義,,1,0:55.7,36.0,1-1,1,0,0
2024/06/02,金沢,4,スーパードリーム　２歳新馬２歳新馬２,900,ダ,右,良,曇,6,2,2,ベストタンゴ,牝,2,54.0,0,0,魚住謙,鈴木正,,2,0:56.9,36.6,2-2,3,0,0
2024/06/02,金沢,4,スーパードリーム　２歳新馬２歳新馬２,900,ダ,右,良,曇,6,3,3,ツルガドマリ,牡,2,55.0,0,0,栗原大,菅原欣,,3,0:58.3,37.8,3-3,2,0,0
2024/06/02,金沢,4,スーパードリーム　２歳新馬２歳新馬２,900,ダ,右,良,曇,6,1,1,チョウノヨウニマウ,牝,2,54.0,0,0,堀場裕,鈴木正,,4,0:58.3,37.1,4-4,6,0,0
2024/06/02,金沢,4,スーパードリーム　２歳新馬２歳新馬２,900,ダ,右,良,曇,6,6,6,ファントムパンチ,牡,2,55.0,0,0,吉田晃,佐藤茂,,5,0:59.1,37.7,5-5,5,0,0
2024/06/02,金沢,4,スーパードリーム　２歳新馬２歳新馬２,900,ダ,右,良,曇,6,5,5,キタノプリンセス,牝,2,54.0,0,0,中島龍,佐藤茂,,6,1:00.1,37.6,6-6,4,0,0
2024/06/02,金沢,5,第３次スーパー中村メシア記念Ｃ２三,1500,ダ,右,良,曇,10,8,10,メラヴィリオーザ,牝,4,54.0,474,-3,松戸政,井樋一,,1,1:38.2,38.5,7-7-2-1,1,474,-3
2024/06/02,金沢,5,第３次スーパー中村メシア記念Ｃ２三,1500,ダ,右,良,曇,10,5,5,ジーニー,牡,8,56.0,496,-7,米倉知,加藤和,,2,1:38.9,39.5,2-2-1-2,2,496,-7
2024/06/02,金沢,5,第３次スーパー中村メシア記念Ｃ２三,1500,ダ,右,良,曇,10,8,9,サーストンアイダホ,牡,5,56.0,495,3,兼子千,高橋道,,3,1:39.3,39.9,1-1-2-3,8,495,3
2024/06/02,金沢,5,第３次スーパー中村メシア記念Ｃ２三,1500,ダ,右,良,曇,10,3,3,メトリカルセオリー,牝,5,54.0,478,0,平瀬城,黒木豊,,4,1:39.4,38.6,8-8-10-9,6,478,0
2024/06/02,金沢,5,第３次スーパー中村メシア記念Ｃ２三,1500,ダ,右,良,曇,10,7,7,ムーンライトアリア,牝,7,54.0,444,-5,鈴木太,鈴木正,,5,1:39.5,39.2,5-5-6-8,3,444,-5
2024/06/02,金沢,5,第３次スーパー中村メシア記念Ｃ２三,1500,ダ,右,良,曇,10,6,6,ロジシップ,牡,7,56.0,455,-2,栗原大,野田幸,,6,1:39.5,39.8,3-3-4-4,4,455,-2
2024/06/02,金沢,5,第３次スーパー中村メシア記念Ｃ２三,1500,ダ,右,良,曇,10,2,2,オボロヅキヨ,牡,4,56.0,444,1,沖静男,川添明,,7,1:39.9,39.3,10-8-7-6,7,444,1
2024/06/02,金沢,5,第３次スーパー中村メシア記念Ｃ２三,1500,ダ,右,良,曇,10,4,4,シュペルブ,牝,5,54.0,428,1,堀場裕,宗綱泰,,8,1:39.9,39.8,3-3-5-5,10,428,1
2024/06/02,金沢,5,第３次スーパー中村メシア記念Ｃ２三,1500,ダ,右,良,曇,10,7,8,スイートティアラ,牝,7,54.0,422,2,池田敦,鈴木正,,9,1:40.5,39.7,9-10-8-7,9,422,2
2024/06/02,金沢,5,第３次スーパー中村メシア記念Ｃ２三,1500,ダ,右,良,曇,10,1,1,エニシャル,牝,4,54.0,447,11,魚住謙,川添明,,10,1:40.9,40.3,5-6-8-10,5,447,11
2024/06/02,金沢,6,第１回クワイトファイン産駒デビューＣ２二,1500,ダ,右,良,曇,10,3,3,ピンフドラサン,牡,7,56.0,463,-13,鈴木太,井樋一,,1,1:38.4,40.0,3-3-1-2,3,463,-13
2024/06/02,金沢,6,第１回クワイトファイン産駒デビューＣ２二,1500,ダ,右,良,曇,10,2,2,カワカミアンフィニ,牝,4,54.0,424,2,田知弘,中川雅,,2,1:38.5,40.2,1-1-1-1,8,424,2
2024/06/02,金沢,6,第１回クワイトファイン産駒デビューＣ２二,1500,ダ,右,良,曇,10,8,10,ヒシエレガンス,セ,0,56.0,487,-4,柴田勇,菅原欣,,3,1:38.7,40.4,1-2-1-2,1,487,-4
2024/06/02,金沢,6,第１回クワイトファイン産駒デビューＣ２二,1500,ダ,右,良,曇,10,6,6,ナムラダリウス,牡,4,56.0,472,-3,堀場裕,加藤和,,4,1:38.9,39.4,8-7-7-6,4,472,-3
2024/06/02,金沢,6,第１回クワイトファイン産駒デビューＣ２二,1500,ダ,右,良,曇,10,5,5,ズッシーノ,牡,5,56.0,450,4,吉田晃,鋤田誠,,5,1:38.9,40.0,7-6-4-4,6,450,4
2024/06/02,金沢,6,第１回クワイトファイン産駒デビューＣ２二,1500,ダ,右,良,曇,10,7,8,アイスケイブ,牝,5,54.0,423,1,兼子千,宗綱泰,,6,1:39.9,40.6,3-4-5-5,10,423,1
2024/06/02,金沢,6,第１回クワイトファイン産駒デビューＣ２二,1500,ダ,右,良,曇,10,1,1,メイショウアダーラ,牝,4,54.0,467,-1,米倉知,加藤和,,7,1:39.9,40.0,10-10-9-9,5,467,-1
2024/06/02,金沢,6,第１回クワイトファイン産駒デビューＣ２二,1500,ダ,右,良,曇,10,7,7,ネモフィラ,牝,4,54.0,457,1,栗原大,菅原欣,,8,1:40.1,40.1,5-8-10-10,2,457,1
2024/06/02,金沢,6,第１回クワイトファイン産駒デビューＣ２二,1500,ダ,右,良,曇,10,4,4,サーストンユタ,牡,5,56.0,468,3,魚住謙,高橋俊,,9,1:40.2,40.5,9-9-8-8,9,468,3
2024/06/02,金沢,6,第１回クワイトファイン産駒デビューＣ２二,1500,ダ,右,良,曇,10,8,9,モンテブラック,牡,4,56.0,458,-1,葛山晃,菅原欣,,10,1:40.4,41.1,5-5-5-7,7,458,-1
2024/06/02,金沢,7,スマホで投票楽天競馬！特別Ｃ２一,1500,ダ,右,良,曇,10,8,9,シコウ,セ,0,56.0,473,-9,鈴木太,井樋一,,1,1:38.7,40.3,2-2-1-1,1,473,-9
2024/06/02,金沢,7,スマホで投票楽天競馬！特別Ｃ２一,1500,ダ,右,良,曇,10,1,1,クリオネ,牝,4,53.0,438,-3,加藤翔,加藤義,,2,1:39.0,40.0,4-4-4-3,3,438,-3
2024/06/02,金沢,7,スマホで投票楽天競馬！特別Ｃ２一,1500,ダ,右,良,曇,10,7,7,カトリーヌスリジエ,牝,10,54.0,428,-1,兼子千,高橋道,,3,1:39.1,39.7,8-8-8-9,4,428,-1
2024/06/02,金沢,7,スマホで投票楽天競馬！特別Ｃ２一,1500,ダ,右,良,曇,10,5,5,ノースヒビキ,牝,8,54.0,478,1,吉田晃,高橋俊,,4,1:39.4,40.8,1-1-2-2,5,478,1
2024/06/02,金沢,7,スマホで投票楽天競馬！特別Ｃ２一,1500,ダ,右,良,曇,10,8,10,アンクルダッシュ,牡,6,56.0,492,6,中島龍,中川雅,,5,1:39.5,40.7,3-3-3-4,7,492,6
2024/06/02,金沢,7,スマホで投票楽天競馬！特別Ｃ２一,1500,ダ,右,良,曇,10,6,6,デルマワルキューレ,牝,5,54.0,417,-2,松戸政,金田一,,6,1:39.8,40.2,9-9-9-7,9,417,-2
2024/06/02,金沢,7,スマホで投票楽天競馬！特別Ｃ２一,1500,ダ,右,良,曇,10,4,4,ウィズザタイムズ,牝,5,54.0,433,-3,田知弘,高橋優,,7,1:39.8,40.7,6-6-5-4,10,433,-3
2024/06/02,金沢,7,スマホで投票楽天競馬！特別Ｃ２一,1500,ダ,右,良,曇,10,3,3,トゥインクルーガー,牝,4,54.0,442,1,魚住謙,高橋優,,8,1:40.3,41.1,5-5-6-8,6,442,1
2024/06/02,金沢,7,スマホで投票楽天競馬！特別Ｃ２一,1500,ダ,右,良,曇,10,7,8,シビルボーイ,牡,6,56.0,467,1,栗原大,菅原欣,,9,1:40.6,40.2,9-10-10-10,8,467,1
2024/06/02,金沢,7,スマホで投票楽天競馬！特別Ｃ２一,1500,ダ,右,良,曇,10,2,2,ディスモーメント,牡,8,56.0,537,-5,堀場裕,井樋一,,10,1:41.1,41.8,6-7-7-6,2,537,-5
2024/06/02,金沢,8,泰雅・美優の結婚記念杯Ｂ２六,1500,ダ,右,良,曇,11,2,2,サムワンライクユー,牡,4,56.0,481,3,栗原大,金田一,,1,1:36.9,39.3,3-3-1-1,1,481,3
2024/06/02,金沢,8,泰雅・美優の結婚記念杯Ｂ２六,1500,ダ,右,良,曇,11,6,6,ノブノキャット,牡,3,56.0,421,2,吉田晃,加藤和,,2,1:37.4,39.4,4-4-4-3,3,421,2
2024/06/02,金沢,8,泰雅・美優の結婚記念杯Ｂ２六,1500,ダ,右,良,曇,11,6,7,ワルツフォーデビー,牡,7,56.0,473,-4,平瀬城,黒木豊,,3,1:37.7,39.3,8-7-6-4,6,473,-4
2024/06/02,金沢,8,泰雅・美優の結婚記念杯Ｂ２六,1500,ダ,右,良,曇,11,4,4,ユキゲショウ,牝,5,54.0,462,-1,沖静男,川添明,,4,1:38.3,40.8,1-1-1-2,5,462,-1
2024/06/02,金沢,8,泰雅・美優の結婚記念杯Ｂ２六,1500,ダ,右,良,曇,11,8,10,コスモノート,セ,0,56.0,520,-2,葛山晃,菅原欣,,5,1:38.3,39.8,7-8-6-5,2,520,-2
2024/06/02,金沢,8,泰雅・美優の結婚記念杯Ｂ２六,1500,ダ,右,良,曇,11,8,11,ヴイエルジュ,牝,4,54.0,452,1,中島龍,加藤義,,6,1:38.9,41.2,2-2-3-6,4,452,1
2024/06/02,金沢,8,泰雅・美優の結婚記念杯Ｂ２六,1500,ダ,右,良,曇,11,7,8,エイシンウィンク,牝,6,54.0,433,-3,松戸政,菅原欣,,7,1:39.4,41.2,4-6-5-7,7,433,-3
2024/06/02,金沢,8,泰雅・美優の結婚記念杯Ｂ２六,1500,ダ,右,良,曇,11,1,1,ナイトスターリリー,牝,7,54.0,462,6,堀場裕,高橋優,,8,1:39.6,41.3,4-4-6-8,9,462,6
2024/06/02,金沢,8,泰雅・美優の結婚記念杯Ｂ２六,1500,ダ,右,良,曇,11,3,3,ドミナンス,牡,5,56.0,452,6,魚住謙,宗綱泰,,9,1:39.9,40.0,11-10-11-10,11,452,6
2024/06/02,金沢,8,泰雅・美優の結婚記念杯Ｂ２六,1500,ダ,右,良,曇,11,5,5,イズジョーアーサー,牡,5,56.0,506,8,田知弘,藤田弘,,10,1:40.0,40.4,10-11-10-9,10,506,8
2024/06/02,金沢,8,泰雅・美優の結婚記念杯Ｂ２六,1500,ダ,右,良,曇,11,7,9,カズノザンゲツ,牝,5,54.0,499,9,兼子千,宗綱泰,,11,1:41.3,41.8,8-9-9-11,8,499,9
2024/06/02,金沢,9,なつこ生誕記念Ｂ２五,1500,ダ,右,良,曇,10,1,1,フロイング,牡,6,56.0,479,1,平瀬城,黒木豊,,1,1:37.1,39.1,6-5-6-4,7,479,1
2024/06/02,金沢,9,なつこ生誕記念Ｂ２五,1500,ダ,右,良,曇,10,8,9,ウルトラワールド,牡,4,55.0,469,1,加藤翔,加藤義,,2,1:37.7,40.9,1-1-1-1,1,469,1
2024/06/02,金沢,9,なつこ生誕記念Ｂ２五,1500,ダ,右,良,曇,10,7,7,ステイクロース,セ,0,56.0,439,-1,堀場裕,井樋一,,3,1:38.1,39.6,7-7-7-6,6,439,-1
2024/06/02,金沢,9,なつこ生誕記念Ｂ２五,1500,ダ,右,良,曇,10,2,2,リュウノステルス,牡,4,56.0,432,-9,鈴木太,加藤義,,4,1:38.3,40.9,4-4-4-2,5,432,-9
2024/06/02,金沢,9,なつこ生誕記念Ｂ２五,1500,ダ,右,良,曇,10,7,8,ブレッシングクライ,牡,5,56.0,506,-6,中島龍,高橋俊,,5,1:38.4,40.6,5-5-5-6,8,506,-6
2024/06/02,金沢,9,なつこ生誕記念Ｂ２五,1500,ダ,右,良,曇,10,6,6,マイネルトワイス,牡,9,56.0,492,0,吉田晃,鋤田誠,,6,1:38.4,41.3,2-2-2-3,3,492,0
2024/06/02,金沢,9,なつこ生誕記念Ｂ２五,1500,ダ,右,良,曇,10,4,4,マイネルパリオート,牡,6,56.0,471,-14,葛山晃,菅原欣,,7,1:38.6,39.4,10-10-9-8,9,471,-14
2024/06/02,金沢,9,なつこ生誕記念Ｂ２五,1500,ダ,右,良,曇,10,5,5,スマイルセンプー,牡,4,56.0,492,0,田知弘,金田一,,8,1:39.3,40.6,8-8-8-9,10,492,0
2024/06/02,金沢,9,なつこ生誕記念Ｂ２五,1500,ダ,右,良,曇,10,8,10,マーブルミミ,牝,4,54.0,423,0,松戸政,藤田弘,,9,1:39.5,40.3,9-9-9-10,4,423,0
2024/06/02,金沢,9,なつこ生誕記念Ｂ２五,1500,ダ,右,良,曇,10,3,3,ラインハイト,牡,7,56.0,493,1,栗原大,加藤和,,10,1:40.3,43.3,2-2-3-5,2,493,1
2024/06/02,金沢,10,ミス百万石来場記念特別Ａ１二,1400,ダ,右,良,曇,7,1,1,オヌシナニモノ,牡,7,56.0,492,3,吉田晃,佐藤茂,,1,1:28.4,38.4,1-1-1-1,1,492,3
2024/06/02,金沢,10,ミス百万石来場記念特別Ａ１二,1400,ダ,右,良,曇,7,2,2,イルティモーネ,セ,0,56.0,451,7,米倉知,中川雅,,2,1:28.4,37.9,6-6-4-1,4,451,7
2024/06/02,金沢,10,ミス百万石来場記念特別Ａ１二,1400,ダ,右,良,曇,7,3,3,サエチ,牝,5,54.0,487,1,池田敦,高橋俊,,3,1:29.4,38.8,5-5-6-4,5,487,1
2024/06/02,金沢,10,ミス百万石来場記念特別Ａ１二,1400,ダ,右,良,曇,7,5,5,フェイマスダンディ,牡,6,56.0,494,-1,渡邊竜,佐藤茂,,4,1:30.0,39.9,3-3-2-3,2,494,-1
2024/06/02,金沢,10,ミス百万石来場記念特別Ａ１二,1400,ダ,右,良,曇,7,7,7,コパノフランシス,牝,5,54.0,481,-7,栗原大,菅原欣,,5,1:30.7,40.3,4-4-4-6,3,481,-7
2024/06/02,金沢,10,ミス百万石来場記念特別Ａ１二,1400,ダ,右,良,曇,7,4,4,ファントムルージュ,牝,6,54.0,459,-2,柴田勇,中川雅,,6,1:30.8,40.7,1-2-3-5,6,459,-2
2024/06/02,金沢,10,ミス百万石来場記念特別Ａ１二,1400,ダ,右,良,曇,7,6,6,フミタツティンクル,牝,8,54.0,460,2,兼子千,宗綱泰,,7,1:31.1,39.9,7-7-7-7,7,460,2
2024/06/02,金沢,11,百万石賞３歳上オープン,2100,ダ,右,良,曇,11,8,10,ハクサンアマゾネス,牝,7,55.0,455,-2,吉原寛,加藤義,,1,2:14.9,39.3,1-1-1-1,1,455,-2
2024/06/02,金沢,11,百万石賞３歳上オープン,2100,ダ,右,良,曇,11,1,1,ダイヤモンドライン,牝,4,55.0,425,-4,渡邊竜,佐藤茂,,2,2:16.4,39.1,9-7-5-4,3,425,-4
2024/06/02,金沢,11,百万石賞３歳上オープン,2100,ダ,右,良,曇,11,5,5,テトラルキア,セ,0,57.0,510,2,中島龍,金田一,,3,2:16.6,40.0,4-4-2-2,2,510,2
2024/06/02,金沢,11,百万石賞３歳上オープン,2100,ダ,右,良,曇,11,6,6,サジェス,牡,6,57.0,459,-5,米倉知,佐藤茂,,4,2:16.9,40.0,5-5-3-3,6,459,-5
2024/06/02,金沢,11,百万石賞３歳上オープン,2100,ダ,右,良,曇,11,6,7,エイシンアンヴァル,牡,7,57.0,510,3,田知弘,中川雅,,5,2:17.8,41.0,2-2-3-4,4,510,3
2024/06/02,金沢,11,百万石賞３歳上オープン,2100,ダ,右,良,曇,11,7,8,アイアムレジェンド,牡,8,57.0,499,0,吉田晃,佐藤茂,,6,2:18.4,41.3,3-3-6-6,7,499,0
2024/06/02,金沢,11,百万石賞３歳上オープン,2100,ダ,右,良,曇,11,7,9,フォルベルール,牡,6,57.0,520,-1,松戸政,井樋一,,7,2:18.5,39.5,10-9-9-8,5,520,-1
2024/06/02,金沢,11,百万石賞３歳上オープン,2100,ダ,右,良,曇,11,3,3,カイジンウェーヴ,牡,6,57.0,497,-5,堀場裕,中川雅,,8,2:19.1,41.6,7-6-7-7,8,497,-5
2024/06/02,金沢,11,百万石賞３歳上オープン,2100,ダ,右,良,曇,11,4,4,ナムラアラシ,牡,11,57.0,534,-3,鈴木太,川添明,,9,2:19.6,40.6,11-10-9-9,11,534,-3
2024/06/02,金沢,11,百万石賞３歳上オープン,2100,ダ,右,良,曇,11,2,2,ヴェレノ,牝,5,55.0,435,-8,魚住謙,鋤田誠,,10,2:19.7,41.2,8-8-8-10,10,435,-8
2024/06/02,金沢,11,百万石賞３歳上オープン,2100,ダ,右,良,曇,11,8,11,ブラーヴ,牡,4,57.0,500,0,平瀬城,黒木豊,,,,,4-5-6-11,9,500,0
2024/06/04,金沢,1,Ｃ２十二,1400,ダ,右,良,曇,10,8,10,マテウス,牡,5,56.0,507,-2,吉原寛,藤田弘,,1,1:32.7,40.7,7-3-1-1,1,507,-2
2024/06/04,金沢,1,Ｃ２十二,1400,ダ,右,良,曇,10,7,7,エシェロン,牡,5,56.0,483,-2,葛山晃,菅原欣,,2,1:34.0,41.6,1-1-2-2,8,483,-2
2024/06/04,金沢,1,Ｃ２十二,1400,ダ,右,良,曇,10,2,2,タペジャラ,牡,4,56.0,461,0,田知弘,金田一,,3,1:34.2,40.6,2-4-8-8,6,461,0
2024/06/04,金沢,1,Ｃ２十二,1400,ダ,右,良,曇,10,4,4,ネイバーアイランド,牝,6,54.0,449,1,魚住謙,鋤田誠,,4,1:34.3,40.8,8-7-6-3,7,449,1
2024/06/04,金沢,1,Ｃ２十二,1400,ダ,右,良,曇,10,5,5,ピエールサンデー,牝,8,54.0,418,8,柴田勇,吉井一,,5,1:34.5,40.8,9-9-7-7,10,418,8
2024/06/04,金沢,1,Ｃ２十二,1400,ダ,右,良,曇,10,7,8,ティアモローザ,牝,4,54.0,442,-1,栗原大,菅原欣,,6,1:34.8,42.0,5-6-4-5,3,442,-1
2024/06/04,金沢,1,Ｃ２十二,1400,ダ,右,良,曇,10,8,9,キラールージュ,牝,4,54.0,436,1,吉田晃,鋤田誠,,7,1:34.8,42.2,3-2-3-4,4,436,1
2024/06/04,金沢,1,Ｃ２十二,1400,ダ,右,良,曇,10,6,6,マーニ,牡,8,56.0,462,0,鈴木太,井樋一,,8,1:34.9,41.8,4-5-5-5,2,462,0
2024/06/04,金沢,1,Ｃ２十二,1400,ダ,右,良,曇,10,1,1,シャインルビー,牝,7,53.0,448,10,加藤翔,中川雅,,9,1:35.7,40.8,10-10-10-9,9,448,10
2024/06/04,金沢,1,Ｃ２十二,1400,ダ,右,良,曇,10,3,3,ビナダナン,牝,4,54.0,451,-10,堀場裕,加藤和,,10,1:37.9,43.8,5-7-9-10,5,451,-10
2024/06/04,金沢,2,Ｃ２十一,1400,ダ,右,良,曇,9,3,3,アポテカ,牝,4,54.0,445,2,葛山晃,菅原欣,,1,1:31.8,40.2,1-1-1-1,7,445,2
2024/06/04,金沢,2,Ｃ２十一,1400,ダ,右,良,曇,9,8,9,ウニタ,牡,4,56.0,503,0,吉田晃,田嶋幸,,2,1:31.9,40.1,1-2-1-2,1,503,0
2024/06/04,金沢,2,Ｃ２十一,1400,ダ,右,良,曇,9,8,8,ディオスシチー,牡,4,56.0,511,-3,堀場裕,井樋一,,3,1:32.5,39.1,6-7-7-6,6,511,-3
2024/06/04,金沢,2,Ｃ２十一,1400,ダ,右,良,曇,9,4,4,アンザンタカヒロ,セ,0,56.0,466,-3,田知弘,吉井一,,4,1:32.5,39.7,5-5-6-5,8,466,-3
2024/06/04,金沢,2,Ｃ２十一,1400,ダ,右,良,曇,9,5,5,ピエナファリア,牡,7,56.0,463,5,栗原大,菅原欣,,5,1:32.6,38.9,9-9-8-8,5,463,5
2024/06/04,金沢,2,Ｃ２十一,1400,ダ,右,良,曇,9,2,2,マナフリューゲル,牝,4,53.0,481,4,加藤翔,井樋一,,6,1:32.8,40.4,4-3-3-4,2,481,4
2024/06/04,金沢,2,Ｃ２十一,1400,ダ,右,良,曇,9,7,7,ケヴィンズクロス,牡,6,56.0,509,-1,中島龍,加藤和,,7,1:33.3,41.1,3-3-3-3,4,509,-1
2024/06/04,金沢,2,Ｃ２十一,1400,ダ,右,良,曇,9,1,1,ピュアステート,牡,4,56.0,420,-5,兼子千,宗綱泰,,8,1:33.5,39.7,8-8-9-9,9,420,-5
2024/06/04,金沢,2,Ｃ２十一,1400,ダ,右,良,曇,9,6,6,ウインドアカネール,牝,4,54.0,487,3,松戸政,野田幸,,9,1:34.2,41.6,7-6-5-7,3,487,3
2024/06/04,金沢,3,Ｃ２十,1400,ダ,右,良,曇,9,8,8,アシュラム,セ,0,56.0,519,1,沖静男,川添明,,1,1:31.8,39.9,2-2-2-1,2,519,1
2024/06/04,金沢,3,Ｃ２十,1400,ダ,右,良,曇,9,4,4,ラカン,牡,6,56.0,489,6,堀場裕,井樋一,,2,1:32.6,38.8,9-8-6-5,1,489,6
2024/06/04,金沢,3,Ｃ２十,1400,ダ,右,良,曇,9,6,6,セブンハイ,牡,4,56.0,488,-6,松戸政,金田一,,3,1:32.8,39.4,5-5-5-5,5,488,-6
2024/06/04,金沢,3,Ｃ２十,1400,ダ,右,良,曇,9,2,2,ビジョ,牝,7,54.0,499,0,栗原大,金田一,,4,1:32.8,40.7,3-3-3-3,3,499,0
2024/06/04,金沢,3,Ｃ２十,1400,ダ,右,良,曇,9,3,3,ヤマイチレジェンド,牡,12,56.0,524,-2,葛山晃,菅原欣,,5,1:32.8,38.9,8-9-7-7,8,524,-2
2024/06/04,金沢,3,Ｃ２十,1400,ダ,右,良,曇,9,8,9,ウインドメイヒメ,牝,4,54.0,425,-4,吉田晃,野田幸,,6,1:33.7,41.6,4-4-4-4,6,425,-4
2024/06/04,金沢,3,Ｃ２十,1400,ダ,右,良,曇,9,5,5,ヒメカミノテング,牝,4,53.0,429,-3,加藤翔,加藤義,,7,1:33.7,39.7,6-6-7-7,7,429,-3
2024/06/04,金沢,3,Ｃ２十,1400,ダ,右,良,曇,9,1,1,ジュニアフェザー,牝,6,54.0,450,6,魚住謙,鈴木正,,8,1:34.4,39.8,6-7-9-9,9,450,6
2024/06/04,金沢,3,Ｃ２十,1400,ダ,右,良,曇,9,7,7,オールマイフレンズ,牝,6,54.0,463,7,中島龍,中川雅,,9,1:34.7,43.6,1-1-1-2,4,463,7
2024/06/04,金沢,4,能登半島地震復興支援杯Ｃ２九,1400,ダ,右,良,曇,10,8,9,ウインヴィオラ,牝,4,54.0,483,-2,栗原大,加藤和,,1,1:30.0,38.7,1-2-2-1,2,483,-2
2024/06/04,金沢,4,能登半島地震復興支援杯Ｃ２九,1400,ダ,右,良,曇,10,2,2,スウェアー,牡,7,56.0,529,1,魚住謙,金田一,,2,1:31.6,40.4,1-1-1-2,1,529,1
2024/06/04,金沢,4,能登半島地震復興支援杯Ｃ２九,1400,ダ,右,良,曇,10,7,7,フラッシュダンス,牝,4,54.0,469,-2,中島龍,高橋俊,,3,1:31.7,39.9,4-5-4-3,4,469,-2
2024/06/04,金沢,4,能登半島地震復興支援杯Ｃ２九,1400,ダ,右,良,曇,10,1,1,アルジェントステラ,牝,6,53.0,450,0,加藤翔,加藤和,,4,1:32.7,39.7,7-7-7-7,6,450,0
2024/06/04,金沢,4,能登半島地震復興支援杯Ｃ２九,1400,ダ,右,良,曇,10,8,10,アンクルテイオウ,牡,8,56.0,490,0,池田敦,鈴木正,,5,1:33.4,41.2,5-5-5-5,5,490,0
2024/06/04,金沢,4,能登半島地震復興支援杯Ｃ２九,1400,ダ,右,良,曇,10,5,5,ベリーアーリー,牝,4,54.0,429,-2,葛山晃,菅原欣,,6,1:33.8,41.4,5-3-6-6,3,429,-2
2024/06/04,金沢,4,能登半島地震復興支援杯Ｃ２九,1400,ダ,右,良,曇,10,7,8,イーゼル,セ,0,56.0,486,-1,平瀬城,黒木豊,,7,1:33.8,39.7,9-9-9-9,8,486,-1
2024/06/04,金沢,4,能登半島地震復興支援杯Ｃ２九,1400,ダ,右,良,曇,10,6,6,ルリフラワー,牝,6,54.0,450,2,沖静男,田嶋幸,,8,1:34.2,40.7,8-8-8-8,7,450,2
2024/06/04,金沢,4,能登半島地震復興支援杯Ｃ２九,1400,ダ,右,良,曇,10,4,4,ヒロノホマレボシ,セ,0,56.0,419,-3,吉田晃,佐藤茂,,9,1:34.3,42.5,3-3-3-4,9,419,-3
2024/06/04,金沢,4,能登半島地震復興支援杯Ｃ２九,1400,ダ,右,良,曇,10,3,3,コウカンニッキ,牝,4,54.0,453,-10,田知弘,金田一,,,,,,,453,-10
2024/06/04,金沢,5,Ｃ２八,1500,ダ,右,良,曇,10,6,6,ユールファーナ,牝,7,54.0,448,-5,兼子千,宗綱泰,,1,1:38.2,39.4,2-2-1-1,2,448,-5
2024/06/04,金沢,5,Ｃ２八,1500,ダ,右,良,曇,10,8,9,カイエン,牡,4,56.0,534,-11,魚住謙,高橋優,,2,1:38.8,38.4,5-5-3-3,4,534,-11
2024/06/04,金沢,5,Ｃ２八,1500,ダ,右,良,曇,10,1,1,ウインググランダー,牡,8,56.0,534,-1,米倉知,加藤和,,3,1:39.0,37.7,7-6-7-5,1,534,-1
2024/06/04,金沢,5,Ｃ２八,1500,ダ,右,良,曇,10,5,5,ミラコロアショーマ,牝,7,54.0,454,8,堀場裕,井樋一,,4,1:39.4,40.6,1-1-1-2,3,454,8
2024/06/04,金沢,5,Ｃ２八,1500,ダ,右,良,曇,10,8,10,キャリアウーマン,牝,4,54.0,483,1,平瀬城,黒木豊,,5,1:39.6,39.2,3-3-4-4,5,483,1
2024/06/04,金沢,5,Ｃ２八,1500,ダ,右,良,曇,10,4,4,ボルンカズマ,牡,8,56.0,502,-1,沖静男,川添明,,6,1:40.3,39.4,10-9-6-6,7,502,-1
2024/06/04,金沢,5,Ｃ２八,1500,ダ,右,良,曇,10,3,3,スワーヴジョーダン,セ,0,56.0,455,12,葛山晃,井樋一,,7,1:41.0,39.0,9-10-10-8,9,455,12
2024/06/04,金沢,5,Ｃ２八,1500,ダ,右,良,曇,10,2,2,ヒマワリオジョウ,牝,8,54.0,429,-1,鈴木太,鋤田誠,,8,1:41.0,39.7,8-8-8-8,6,429,-1
2024/06/04,金沢,5,Ｃ２八,1500,ダ,右,良,曇,10,7,8,フロンテイラ,牡,5,56.0,424,-2,松戸政,田嶋幸,,9,1:41.2,39.6,6-7-9-10,10,424,-2
2024/06/04,金沢,5,Ｃ２八,1500,ダ,右,良,曇,10,7,7,サフランルーラー,牡,6,56.0,408,-6,栗原大,高橋優,,10,1:41.8,41.3,3-3-5-7,8,408,-6
2024/06/04,金沢,6,Ｃ２七,1500,ダ,右,良,曇,8,3,3,カトリーヌエミュー,牝,9,54.0,429,-3,兼子千,高橋道,,1,1:39.1,40.9,1-1-1-1,7,429,-3
2024/06/04,金沢,6,Ｃ２七,1500,ダ,右,良,曇,8,6,6,ブレイクネック,牡,4,56.0,525,-9,堀場裕,井樋一,,2,1:40.0,41.7,3-3-2-1,2,525,-9
2024/06/04,金沢,6,Ｃ２七,1500,ダ,右,良,曇,8,5,5,ブレイクポイント,牡,5,56.0,443,3,葛山晃,菅原欣,,3,1:40.0,40.6,6-6-5-5,8,443,3
2024/06/04,金沢,6,Ｃ２七,1500,ダ,右,良,曇,8,8,8,シンゼンアツタ,牡,4,56.0,475,-1,柴田勇,中川雅,,4,1:40.4,42.1,2-2-3-3,3,475,-1
2024/06/04,金沢,6,Ｃ２七,1500,ダ,右,良,曇,8,1,1,デルマソトコマタ,牝,4,54.0,429,3,鈴木太,加藤義,,5,1:40.4,41.5,5-5-4-4,5,429,3
2024/06/04,金沢,6,Ｃ２七,1500,ダ,右,良,曇,8,4,4,レッドアダン,セ,0,56.0,462,-1,栗原大,加藤和,,6,1:41.6,42.4,3-4-6-6,4,462,-1
2024/06/04,金沢,6,Ｃ２七,1500,ダ,右,良,曇,8,2,2,マイティキッチョウ,牝,5,54.0,458,0,吉田晃,鈴木正,,7,1:43.3,43.5,7-7-7-7,6,458,0
2024/06/04,金沢,6,Ｃ２七,1500,ダ,右,良,曇,8,7,7,ミスターキング,牡,4,56.0,495,-4,吉原寛,藤田弘,,,,,,1,495,-4
2024/06/04,金沢,7,能登半島地震復興支援杯Ｃ２六,1500,ダ,右,良,曇,10,8,9,プーラン,牝,7,54.0,473,-5,鈴木太,室井眞,,1,1:38.0,39.0,4-3-3-2,2,473,-5
2024/06/04,金沢,7,能登半島地震復興支援杯Ｃ２六,1500,ダ,右,良,曇,10,7,7,マイネルジュリアン,牡,4,56.0,472,0,沖静男,川添明,,2,1:38.9,40.2,2-2-2-3,3,472,0
2024/06/04,金沢,7,能登半島地震復興支援杯Ｃ２六,1500,ダ,右,良,曇,10,4,4,テリオスカイ,牡,4,56.0,531,6,中島龍,加藤和,,3,1:38.9,40.4,1-1-1-1,1,531,6
2024/06/04,金沢,7,能登半島地震復興支援杯Ｃ２六,1500,ダ,右,良,曇,10,7,8,ヴェロニク,牝,7,53.0,406,-15,加藤翔,加藤義,,4,1:39.2,39.2,7-8-7-4,5,406,-15
2024/06/04,金沢,7,能登半島地震復興支援杯Ｃ２六,1500,ダ,右,良,曇,10,1,1,マイヴェリテ,セ,0,56.0,421,-12,田知弘,金田一,,5,1:39.3,39.6,5-5-5-4,4,421,-12
2024/06/04,金沢,7,能登半島地震復興支援杯Ｃ２六,1500,ダ,右,良,曇,10,3,3,アペーゴ,牝,4,54.0,390,-2,吉田晃,佐藤茂,,6,1:39.3,39.2,7-8-7-7,8,390,-2
2024/06/04,金沢,7,能登半島地震復興支援杯Ｃ２六,1500,ダ,右,良,曇,10,6,6,シェーンシュタット,牡,6,56.0,448,0,堀場裕,加藤和,,7,1:40.2,40.5,5-6-4-6,10,448,0
2024/06/04,金沢,7,能登半島地震復興支援杯Ｃ２六,1500,ダ,右,良,曇,10,2,2,シングンバズーカ,牡,7,56.0,489,2,松戸政,金田一,,8,1:40.8,40.9,7-7-7-8,6,489,2
2024/06/04,金沢,7,能登半島地震復興支援杯Ｃ２六,1500,ダ,右,良,曇,10,5,5,ギルデッドフレーム,牡,4,56.0,435,-2,柴田勇,川添明,,9,1:40.9,40.1,10-10-10-9,9,435,-2
2024/06/04,金沢,7,能登半島地震復興支援杯Ｃ２六,1500,ダ,右,良,曇,10,8,10,ブーケコサージュ,牝,5,54.0,455,4,栗原大,菅原欣,,10,1:42.8,43.2,3-4-5-10,7,455,4
2024/06/04,金沢,8,ネットで買うなら楽天競馬賞Ｂ２四,1500,ダ,右,良,曇,7,5,5,ヴィクターバローズ,セ,0,56.0,465,-3,田知弘,中川雅,,1,1:36.0,37.8,1-1-1-1,1,465,-3
2024/06/04,金沢,8,ネットで買うなら楽天競馬賞Ｂ２四,1500,ダ,右,良,曇,7,2,2,ヴィトラス,セ,0,56.0,456,0,葛山晃,高橋俊,,2,1:37.7,39.1,4-3-3-2,3,456,0
2024/06/04,金沢,8,ネットで買うなら楽天競馬賞Ｂ２四,1500,ダ,右,良,曇,7,6,6,ベルウッドアラシ,牡,4,55.0,456,0,加藤翔,加藤義,,3,1:37.9,39.6,2-2-2-3,2,456,0
2024/06/04,金沢,8,ネットで買うなら楽天競馬賞Ｂ２四,1500,ダ,右,良,曇,7,7,7,レインボーヒル,牡,6,56.0,464,0,魚住謙,高橋優,,4,1:38.5,39.8,3-4-3-5,7,464,0
2024/06/04,金沢,8,ネットで買うなら楽天競馬賞Ｂ２四,1500,ダ,右,良,曇,7,3,3,ネオエレキング,牡,11,56.0,457,3,沖静男,川添明,,5,1:38.7,39.6,7-6-6-4,6,457,3
2024/06/04,金沢,8,ネットで買うなら楽天競馬賞Ｂ２四,1500,ダ,右,良,曇,7,1,1,トゥモローアンセム,セ,0,56.0,461,5,柴田勇,中川雅,,6,1:39.3,40.4,5-5-5-6,4,461,5
2024/06/04,金沢,8,ネットで買うなら楽天競馬賞Ｂ２四,1500,ダ,右,良,曇,7,4,4,スヴィルカーチ,セ,0,56.0,437,-6,松戸政,田嶋幸,,7,1:39.6,40.3,6-7-7-7,5,437,-6
2024/06/04,金沢,9,マツバギク賞Ｂ２三以下牝馬,1400,ダ,右,良,曇,11,2,2,ジュジュジューン,牝,4,54.0,439,3,中島龍,中川雅,,1,1:29.8,39.4,1-1-1-1,1,439,3
2024/06/04,金沢,9,マツバギク賞Ｂ２三以下牝馬,1400,ダ,右,良,曇,11,4,4,リターンオブクイン,牝,6,54.0,426,-4,堀場裕,藤田弘,,2,1:30.8,39.3,5-5-4-3,3,426,-4
2024/06/04,金沢,9,マツバギク賞Ｂ２三以下牝馬,1400,ダ,右,良,曇,11,8,10,ヴェーチェル,牝,5,54.0,431,0,松戸政,川添明,,3,1:30.9,38.7,7-7-7-5,7,431,0
2024/06/04,金沢,9,マツバギク賞Ｂ２三以下牝馬,1400,ダ,右,良,曇,11,7,9,エイシングレア,牝,5,54.0,464,3,兼子千,宗綱泰,,4,1:31.1,40.2,3-3-2-2,2,464,3
2024/06/04,金沢,9,マツバギク賞Ｂ２三以下牝馬,1400,ダ,右,良,曇,11,6,7,コンチドリーム,牝,5,53.0,482,-1,加藤翔,井樋一,,5,1:31.4,39.7,5-6-5-6,4,482,-1
2024/06/04,金沢,9,マツバギク賞Ｂ２三以下牝馬,1400,ダ,右,良,曇,11,3,3,マコトクガニゼーク,牝,4,54.0,428,2,栗原大,宗綱泰,,6,1:31.5,39.0,8-8-9-7,6,428,2
2024/06/04,金沢,9,マツバギク賞Ｂ２三以下牝馬,1400,ダ,右,良,曇,11,5,5,サクセスソング,牝,5,54.0,451,14,魚住謙,鋤田誠,,7,1:31.6,39.2,9-9-8-8,9,451,14
2024/06/04,金沢,9,マツバギク賞Ｂ２三以下牝馬,1400,ダ,右,良,曇,11,6,6,ブーゲンビリア,牝,6,54.0,434,-1,吉田晃,高橋俊,,8,1:32.6,41.9,2-2-2-4,5,434,-1
2024/06/04,金沢,9,マツバギク賞Ｂ２三以下牝馬,1400,ダ,右,良,曇,11,1,1,リリーズメモリー,牝,5,54.0,509,4,田知弘,田嶋幸,,9,1:33.8,40.5,9-10-10-10,10,509,4
2024/06/04,金沢,9,マツバギク賞Ｂ２三以下牝馬,1400,ダ,右,良,曇,11,7,8,エイシンシルエット,牝,6,54.0,478,-3,鈴木太,室井眞,,10,1:33.9,42.4,3-4-5-9,8,478,-3
2024/06/04,金沢,9,マツバギク賞Ｂ２三以下牝馬,1400,ダ,右,良,曇,11,8,11,レディグレイ,牝,8,54.0,0,0,吉原寛,井樋一,,,,,,,0,0
2024/06/04,金沢,10,食べてみまっし！加賀太キュウリ賞Ｂ２二,1400,ダ,右,良,曇,7,7,7,ジャックトマメノキ,牡,4,56.0,460,8,田知弘,金田一,,1,1:29.5,38.1,1-1-2-1,4,460,8
2024/06/04,金沢,10,食べてみまっし！加賀太キュウリ賞Ｂ２二,1400,ダ,右,良,曇,7,1,1,ウメタロウ,牡,9,56.0,520,2,栗原大,金田一,,2,1:29.5,38.1,3-3-1-2,1,520,2
2024/06/04,金沢,10,食べてみまっし！加賀太キュウリ賞Ｂ２二,1400,ダ,右,良,曇,7,6,6,バルドルブレイン,牡,6,56.0,502,-5,吉原寛,加藤義,,3,1:29.9,38.2,5-5-3-3,2,502,-5
2024/06/04,金沢,10,食べてみまっし！加賀太キュウリ賞Ｂ２二,1400,ダ,右,良,曇,7,5,5,エイシングラール,牝,5,54.0,465,-4,沖静男,川添明,,4,1:30.7,38.6,4-4-5-4,7,465,-4
2024/06/04,金沢,10,食べてみまっし！加賀太キュウリ賞Ｂ２二,1400,ダ,右,良,曇,7,2,2,セブンパワー,セ,0,56.0,454,-6,柴田勇,金田一,,5,1:31.4,38.7,5-5-6-6,5,454,-6
2024/06/04,金沢,10,食べてみまっし！加賀太キュウリ賞Ｂ２二,1400,ダ,右,良,曇,7,3,3,スマイルフレンド,牝,4,53.0,449,-5,加藤翔,加藤義,,6,1:31.6,38.1,7-7-7-7,6,449,-5
2024/06/04,金沢,10,食べてみまっし！加賀太キュウリ賞Ｂ２二,1400,ダ,右,良,曇,7,4,4,リュウノチャチャ,牝,6,54.0,431,1,鈴木太,加藤義,,7,1:32.3,40.7,2-2-4-5,3,431,1
2024/06/04,金沢,11,これから旬！打木赤皮甘栗かぼちゃ特Ｂ２一,1500,ダ,右,良,曇,10,5,5,ジャストインタイム,牡,8,56.0,492,3,中島龍,高橋俊,,1,1:36.6,39.5,5-3-3-1,8,492,3
2024/06/04,金沢,11,これから旬！打木赤皮甘栗かぼちゃ特Ｂ２一,1500,ダ,右,良,曇,10,7,8,ベストオーシャン,牡,4,56.0,493,-3,池田敦,鈴木正,,2,1:37.4,39.6,8-7-7-4,6,493,-3
2024/06/04,金沢,11,これから旬！打木赤皮甘栗かぼちゃ特Ｂ２一,1500,ダ,右,良,曇,10,2,2,マジカルモーション,牡,4,56.0,496,-1,堀場裕,中川雅,,3,1:37.4,39.2,9-9-10-6,1,496,-1
2024/06/04,金沢,11,これから旬！打木赤皮甘栗かぼちゃ特Ｂ２一,1500,ダ,右,良,曇,10,1,1,エイシンメリダ,牝,4,54.0,425,4,吉田晃,佐藤茂,,4,1:37.7,40.8,1-1-1-2,4,425,4
2024/06/04,金沢,11,これから旬！打木赤皮甘栗かぼちゃ特Ｂ２一,1500,ダ,右,良,曇,10,8,10,ドリュウ,牡,9,56.0,473,1,田知弘,金田一,,5,1:38.1,40.1,10-10-7-6,10,473,1
2024/06/04,金沢,11,これから旬！打木赤皮甘栗かぼちゃ特Ｂ２一,1500,ダ,右,良,曇,10,4,4,アオイダリア,牝,4,54.0,444,4,吉原寛,加藤義,,6,1:38.2,41.3,2-2-1-3,2,444,4
2024/06/04,金沢,11,これから旬！打木赤皮甘栗かぼちゃ特Ｂ２一,1500,ダ,右,良,曇,10,3,3,エイトマイル,牡,8,56.0,523,-1,沖静男,井樋一,,7,1:38.5,41.0,6-6-6-5,9,523,-1
2024/06/04,金沢,11,これから旬！打木赤皮甘栗かぼちゃ特Ｂ２一,1500,ダ,右,良,曇,10,8,9,ノーウェイ,牡,9,56.0,527,13,平瀬城,黒木豊,,8,1:38.6,40.6,7-7-9-8,7,527,13
2024/06/04,金沢,11,これから旬！打木赤皮甘栗かぼちゃ特Ｂ２一,1500,ダ,右,良,曇,10,6,6,エピックヒーロー,牡,4,56.0,495,-3,栗原大,加藤和,,9,1:40.4,43.3,2-3-3-9,3,495,-3
2024/06/04,金沢,11,これから旬！打木赤皮甘栗かぼちゃ特Ｂ２一,1500,ダ,右,良,曇,10,7,7,ドライカプチーノ,牝,4,54.0,457,0,柴田勇,金田一,,10,1:40.7,43.2,4-5-5-10,5,457,0
2024/06/04,金沢,12,金沢競馬でチャンスをつかめ！Ｃ２十三,1400,ダ,右,良,曇,6,3,3,ナッシングマターズ,牡,5,56.0,498,-8,葛山晃,川添明,,1,1:32.3,39.5,4-4-4-2,3,498,-8
2024/06/04,金沢,12,金沢競馬でチャンスをつかめ！Ｃ２十三,1400,ダ,右,良,曇,6,2,2,スマッシュパワー,牡,7,56.0,455,-2,池田敦,高橋道,,2,1:32.6,41.0,1-1-1-1,2,455,-2
2024/06/04,金沢,12,金沢競馬でチャンスをつかめ！Ｃ２十三,1400,ダ,右,良,曇,6,4,4,スカーレットリボン,牝,8,54.0,419,-5,兼子千,高橋道,,3,1:33.7,40.3,6-5-5-4,6,419,-5
2024/06/04,金沢,12,金沢競馬でチャンスをつかめ！Ｃ２十三,1400,ダ,右,良,曇,6,6,6,カジノノーブル,牡,11,56.0,412,6,平瀬城,黒木豊,,4,1:34.2,40.2,5-6-6-6,4,412,6
2024/06/04,金沢,12,金沢競馬でチャンスをつかめ！Ｃ２十三,1400,ダ,右,良,曇,6,5,5,リードザウイニング,セ,0,56.0,454,-4,魚住謙,鋤田誠,,5,1:34.3,41.8,3-3-3-3,1,454,-4
2024/06/04,金沢,12,金沢競馬でチャンスをつかめ！Ｃ２十三,1400,ダ,右,良,曇,6,1,1,リコーランカスター,牝,5,54.0,459,1,栗原大,室井眞,,6,1:35.8,43.8,1-2-2-5,5,459,1
2024/06/09,金沢,1,荒田家　結婚記念Ｃ１五,1400,ダ,右,良,曇,9,5,5,シントーチャチャ,牝,4,54.0,433,4,松戸政,藤田弘,,1,1:30.1,38.9,3-3-1-1,1,433,4
2024/06/09,金沢,1,荒田家　結婚記念Ｃ１五,1400,ダ,右,良,曇,9,4,4,ブリクシア,牡,6,56.0,512,1,田知弘,金田一,,2,1:30.6,39.4,2-2-1-2,2,512,1
2024/06/09,金沢,1,荒田家　結婚記念Ｃ１五,1400,ダ,右,良,曇,9,8,9,リンクスシュウ,牡,5,56.0,460,-7,鈴木太,井樋一,,3,1:31.3,38.9,7-6-6-5,6,460,-7
2024/06/09,金沢,1,荒田家　結婚記念Ｃ１五,1400,ダ,右,良,曇,9,7,7,ラプタマーベリック,牡,4,56.0,483,2,中島龍,金田一,,4,1:31.5,39.7,5-5-4-4,4,483,2
2024/06/09,金沢,1,荒田家　結婚記念Ｃ１五,1400,ダ,右,良,曇,9,8,8,リトリーブ,牡,4,56.0,448,0,栗原大,菅原欣,,5,1:32.2,39.7,9-8-7-7,7,448,0
2024/06/09,金沢,1,荒田家　結婚記念Ｃ１五,1400,ダ,右,良,曇,9,3,3,カネトシロワン,牝,4,53.0,449,6,加藤翔,中川雅,,6,1:32.3,40.9,1-1-3-3,9,449,6
2024/06/09,金沢,1,荒田家　結婚記念Ｃ１五,1400,ダ,右,良,曇,9,6,6,サマーソルト,セ,0,56.0,505,3,魚住謙,鋤田誠,,7,1:32.3,39.4,6-7-9-8,5,505,3
2024/06/09,金沢,1,荒田家　結婚記念Ｃ１五,1400,ダ,右,良,曇,9,1,1,ケレンシア,牝,4,54.0,500,16,平瀬城,川添明,,8,1:32.4,39.6,8-9-8-9,3,500,16
2024/06/09,金沢,1,荒田家　結婚記念Ｃ１五,1400,ダ,右,良,曇,9,2,2,ジーエイチグールド,牡,4,56.0,488,1,吉田晃,鋤田誠,,9,1:34.0,41.8,4-4-5-6,8,488,1
2024/06/09,金沢,2,新井崇５５歳誕生日記念Ｃ１四,1500,ダ,右,良,曇,9,1,1,ステイグリーン,牡,8,56.0,534,0,甲賀弘,黒木豊,,1,1:37.0,39.3,1-1-1-1,4,534,0
2024/06/09,金沢,2,新井崇５５歳誕生日記念Ｃ１四,1500,ダ,右,良,曇,9,2,2,オールズフェア,セ,0,56.0,518,-6,松戸政,井樋一,,2,1:37.2,38.8,4-4-3-2,1,518,-6
2024/06/09,金沢,2,新井崇５５歳誕生日記念Ｃ１四,1500,ダ,右,良,曇,9,3,3,カレンレベンティス,セ,0,56.0,444,-1,沖静男,川添明,,3,1:37.8,39.3,5-5-5-4,5,444,-1
2024/06/09,金沢,2,新井崇５５歳誕生日記念Ｃ１四,1500,ダ,右,良,曇,9,4,4,ビッグタイマー,牡,6,56.0,481,0,吉田晃,鋤田誠,,4,1:38.7,40.6,3-3-3-5,2,481,0
2024/06/09,金沢,2,新井崇５５歳誕生日記念Ｃ１四,1500,ダ,右,良,曇,9,5,5,フェスティヴノンノ,牝,6,54.0,467,15,栗原大,加藤和,,5,1:38.8,40.9,2-2-2-2,3,467,15
2024/06/09,金沢,2,新井崇５５歳誕生日記念Ｃ１四,1500,ダ,右,良,曇,9,8,9,ライディーン,牡,5,56.0,488,-1,池田敦,高橋俊,,6,1:39.1,39.8,6-7-7-7,8,488,-1
2024/06/09,金沢,2,新井崇５５歳誕生日記念Ｃ１四,1500,ダ,右,良,曇,9,7,7,エルフバローズ,牝,6,54.0,480,2,中島龍,川添明,,7,1:39.2,39.7,8-8-8-8,6,480,2
2024/06/09,金沢,2,新井崇５５歳誕生日記念Ｃ１四,1500,ダ,右,良,曇,9,6,6,ノールック,牝,6,54.0,429,3,葛山晃,高橋俊,,8,1:39.4,39.2,9-9-9-9,7,429,3
2024/06/09,金沢,2,新井崇５５歳誕生日記念Ｃ１四,1500,ダ,右,良,曇,9,8,8,カカンクオン,牡,6,56.0,444,13,魚住謙,鈴木正,,9,1:40.3,41.3,6-5-6-6,9,444,13
2024/06/09,金沢,3,おまたせしました！宅間友哉生誕杯☆Ｃ１三,1400,ダ,右,良,曇,10,8,10,プレストマーヴェル,牝,3,54.0,438,-4,堀場裕,井樋一,,1,1:29.7,38.4,1-1-1-1,1,438,-4
2024/06/09,金沢,3,おまたせしました！宅間友哉生誕杯☆Ｃ１三,1400,ダ,右,良,曇,10,6,6,マヒート,牡,4,56.0,486,1,吉田晃,佐藤茂,,2,1:30.6,39.1,2-2-2-2,3,486,1
2024/06/09,金沢,3,おまたせしました！宅間友哉生誕杯☆Ｃ１三,1400,ダ,右,良,曇,10,4,4,ハートリープ,牝,6,54.0,419,1,沖静男,川添明,,3,1:30.8,38.9,3-3-3-3,9,419,1
2024/06/09,金沢,3,おまたせしました！宅間友哉生誕杯☆Ｃ１三,1400,ダ,右,良,曇,10,3,3,シュマンドロワ,牡,4,56.0,483,0,松戸政,井樋一,,4,1:31.2,38.3,7-7-7-7,2,483,0
2024/06/09,金沢,3,おまたせしました！宅間友哉生誕杯☆Ｃ１三,1400,ダ,右,良,曇,10,5,5,コンパウンダー,牡,9,56.0,464,3,栗原大,川添明,,5,1:31.3,38.2,9-8-8-8,4,464,3
2024/06/09,金沢,3,おまたせしました！宅間友哉生誕杯☆Ｃ１三,1400,ダ,右,良,曇,10,2,2,ブタンタン,牡,5,56.0,489,1,鈴木太,加藤和,,6,1:31.7,39.4,5-5-5-4,7,489,1
2024/06/09,金沢,3,おまたせしました！宅間友哉生誕杯☆Ｃ１三,1400,ダ,右,良,曇,10,7,7,タカラアーサー,牡,4,56.0,512,-2,田知弘,菅原欣,,7,1:31.7,39.2,5-6-6-6,6,512,-2
2024/06/09,金沢,3,おまたせしました！宅間友哉生誕杯☆Ｃ１三,1400,ダ,右,良,曇,10,8,9,ティアン,牝,4,54.0,424,3,中島龍,佐藤茂,,8,1:32.3,40.2,4-4-4-5,5,424,3
2024/06/09,金沢,3,おまたせしました！宅間友哉生誕杯☆Ｃ１三,1400,ダ,右,良,曇,10,7,8,クイーンオブロード,牝,5,54.0,434,3,甲賀弘,黒木豊,,9,1:32.9,39.8,8-9-9-9,8,434,3
2024/06/09,金沢,3,おまたせしました！宅間友哉生誕杯☆Ｃ１三,1400,ダ,右,良,曇,10,1,1,ピンクヒップガール,牝,4,54.0,462,-5,魚住謙,高橋俊,,10,1:34.2,40.7,10-9-10-10,10,462,-5
2024/06/09,金沢,4,篤志の絆★トランザムカップ★Ｃ１二,1500,ダ,右,良,曇,9,7,7,グルナピーク,牝,6,54.0,449,10,葛山晃,菅原欣,,1,1:36.9,38.2,2-2-1-1,1,449,10
2024/06/09,金沢,4,篤志の絆★トランザムカップ★Ｃ１二,1500,ダ,右,良,曇,9,1,1,デルマスソバライ,牝,4,53.0,420,-1,加藤翔,加藤義,,2,1:37.7,38.8,1-1-2-2,3,420,-1
2024/06/09,金沢,4,篤志の絆★トランザムカップ★Ｃ１二,1500,ダ,右,良,曇,9,2,2,インワンシティング,セ,0,56.0,437,0,栗原大,加藤和,,3,1:37.8,38.6,3-3-4-3,2,437,0
2024/06/09,金沢,4,篤志の絆★トランザムカップ★Ｃ１二,1500,ダ,右,良,曇,9,5,5,リュウノワシントン,牡,6,56.0,434,-4,中島龍,加藤義,,4,1:38.4,39.5,5-3-3-4,6,434,-4
2024/06/09,金沢,4,篤志の絆★トランザムカップ★Ｃ１二,1500,ダ,右,良,曇,9,8,8,エースアクシス,牝,8,54.0,409,3,松戸政,井樋一,,5,1:38.6,38.9,7-8-6-9,7,409,3
2024/06/09,金沢,4,篤志の絆★トランザムカップ★Ｃ１二,1500,ダ,右,良,曇,9,4,4,ドミナンス,牡,5,56.0,449,-3,兼子千,宗綱泰,,6,1:38.7,39.0,8-7-8-6,4,449,-3
2024/06/09,金沢,4,篤志の絆★トランザムカップ★Ｃ１二,1500,ダ,右,良,曇,9,3,3,カズノザンゲツ,牝,5,54.0,499,0,魚住謙,宗綱泰,,7,1:39.1,39.5,6-6-6-6,9,499,0
2024/06/09,金沢,4,篤志の絆★トランザムカップ★Ｃ１二,1500,ダ,右,良,曇,9,8,9,イズジョーアーサー,牡,5,56.0,507,1,堀場裕,藤田弘,,8,1:39.1,39.1,9-9-9-8,8,507,1
2024/06/09,金沢,4,篤志の絆★トランザムカップ★Ｃ１二,1500,ダ,右,良,曇,9,6,6,エイシンウィンク,牝,6,54.0,435,2,柴田勇,菅原欣,,9,1:39.2,40.0,4-5-4-5,5,435,2
2024/06/09,金沢,5,オッズパーク杯河北潟特別Ｃ１一,1500,ダ,右,良,曇,6,1,1,ホウオウジュレップ,牝,6,54.0,442,-3,鈴木太,加藤和,,1,1:36.3,40.4,1-1-1-1,1,442,-3
2024/06/09,金沢,5,オッズパーク杯河北潟特別Ｃ１一,1500,ダ,右,良,曇,6,5,5,サクセスソング,牝,5,54.0,449,-2,魚住謙,鋤田誠,,2,1:37.7,39.0,6-6-6-4,6,449,-2
2024/06/09,金沢,5,オッズパーク杯河北潟特別Ｃ１一,1500,ダ,右,良,曇,6,2,2,レッツドゥイット,牝,5,54.0,454,2,吉田晃,佐藤茂,,3,1:37.8,39.8,3-3-3-2,2,454,2
2024/06/09,金沢,5,オッズパーク杯河北潟特別Ｃ１一,1500,ダ,右,良,曇,6,6,6,ナックメジャー,牡,5,56.0,488,0,田知弘,金田一,,4,1:39.1,40.7,5-4-4-5,3,488,0
2024/06/09,金沢,5,オッズパーク杯河北潟特別Ｃ１一,1500,ダ,右,良,曇,6,3,3,ショウナンサクレツ,牡,3,56.0,487,-3,柴田勇,金田一,,5,1:39.6,41.1,4-4-5-6,5,487,-3
2024/06/09,金沢,5,オッズパーク杯河北潟特別Ｃ１一,1500,ダ,右,良,曇,6,4,4,ヴイエルジュ,牝,4,54.0,450,-2,中島龍,加藤義,,6,1:40.0,43.2,2-2-2-3,4,450,-2
2024/06/09,金沢,6,宮西令奈さん誕生日記念３歳Ａ４,1500,ダ,右,良,曇,9,8,9,バスターショット,セ,0,56.0,427,1,葛山晃,高橋俊,,1,1:37.7,38.7,4-4-3-3,1,427,1
2024/06/09,金沢,6,宮西令奈さん誕生日記念３歳Ａ４,1500,ダ,右,良,曇,9,8,8,スイートウィル,牝,3,53.0,414,-2,加藤翔,加藤和,,2,1:38.0,39.3,2-2-1-1,7,414,-2
2024/06/09,金沢,6,宮西令奈さん誕生日記念３歳Ａ４,1500,ダ,右,良,曇,9,5,5,ワイドステラ,牝,3,54.0,450,-1,米倉知,加藤和,,3,1:38.0,38.7,6-6-5-4,4,450,-1
2024/06/09,金沢,6,宮西令奈さん誕生日記念３歳Ａ４,1500,ダ,右,良,曇,9,1,1,ナイトプラネット,牝,3,54.0,443,5,松戸政,井樋一,,4,1:38.4,38.5,8-8-7-5,8,443,5
2024/06/09,金沢,6,宮西令奈さん誕生日記念３歳Ａ４,1500,ダ,右,良,曇,9,6,6,ビルマチーク,牝,3,54.0,439,9,栗原大,菅原欣,,5,1:38.6,39.9,1-1-1-2,2,439,9
2024/06/09,金沢,6,宮西令奈さん誕生日記念３歳Ａ４,1500,ダ,右,良,曇,9,4,4,ジークアスリート,牡,3,56.0,418,1,兼子千,菅原欣,,6,1:38.6,38.1,9-9-8-7,6,418,1
2024/06/09,金沢,6,宮西令奈さん誕生日記念３歳Ａ４,1500,ダ,右,良,曇,9,3,3,エイシンソナタ,牝,3,54.0,421,-6,魚住謙,菅原欣,,7,1:40.7,41.3,7-5-6-6,9,421,-6
2024/06/09,金沢,6,宮西令奈さん誕生日記念３歳Ａ４,1500,ダ,右,良,曇,9,2,2,ショウナンラッシュ,牡,3,56.0,525,-12,吉田晃,加藤和,,8,1:41.0,39.7,5-6-8-9,3,525,-12
2024/06/09,金沢,6,宮西令奈さん誕生日記念３歳Ａ４,1500,ダ,右,良,曇,9,7,7,メロディーダンサー,牝,3,54.0,473,-1,中島龍,金田一,,9,1:41.2,42.1,3-3-4-8,5,473,-1
2024/06/09,金沢,7,祝！！こうき＆あやか結婚記念３歳Ａ３,1400,ダ,右,良,曇,8,6,6,シャトルトウショウ,牝,3,54.0,501,2,吉田晃,佐藤茂,,1,1:30.2,39.7,1-1-1-1,1,501,2
2024/06/09,金沢,7,祝！！こうき＆あやか結婚記念３歳Ａ３,1400,ダ,右,良,曇,8,3,3,トリプレッタ,牝,3,54.0,486,0,中島龍,高橋俊,,2,1:30.7,39.1,4-4-4-3,3,486,0
2024/06/09,金沢,7,祝！！こうき＆あやか結婚記念３歳Ａ３,1400,ダ,右,良,曇,8,4,4,ヌンコッチ,牝,3,54.0,457,-4,鈴木太,加藤和,,3,1:31.1,39.2,5-5-5-5,4,457,-4
2024/06/09,金沢,7,祝！！こうき＆あやか結婚記念３歳Ａ３,1400,ダ,右,良,曇,8,2,2,ミラクルカカオ,牝,3,53.0,410,-3,加藤翔,加藤義,,4,1:31.3,38.1,7-7-7-7,8,410,-3
2024/06/09,金沢,7,祝！！こうき＆あやか結婚記念３歳Ａ３,1400,ダ,右,良,曇,8,1,1,スノーソフィー,牝,3,54.0,436,-3,田知弘,中川雅,,5,1:31.4,38.8,5-6-6-6,6,436,-3
2024/06/09,金沢,7,祝！！こうき＆あやか結婚記念３歳Ａ３,1400,ダ,右,良,曇,8,8,8,カミソリストレート,牡,3,56.0,463,-4,池田敦,鈴木正,,6,1:31.8,41.2,3-2-3-4,5,463,-4
2024/06/09,金沢,7,祝！！こうき＆あやか結婚記念３歳Ａ３,1400,ダ,右,良,曇,8,7,7,ワンモアチャンス,牝,3,54.0,451,-2,栗原大,菅原欣,,7,1:31.9,41.3,2-2-2-2,2,451,-2
2024/06/09,金沢,7,祝！！こうき＆あやか結婚記念３歳Ａ３,1400,ダ,右,良,曇,8,5,5,フレールサンク,牡,3,56.0,506,-3,堀場裕,加藤義,,8,1:35.2,42.0,8-8-7-8,7,506,-3
2024/06/09,金沢,8,地方競馬爆推しコンビ初任給獲得記３歳Ａ２,1700,ダ,右,良,曇,11,8,10,ラシェンテ,牝,3,54.0,437,-1,沖静男,井樋一,,1,1:52.1,39.4,9-9-8-2,6,437,-1
2024/06/09,金沢,8,地方競馬爆推しコンビ初任給獲得記３歳Ａ２,1700,ダ,右,良,曇,11,2,2,バージンエスパー,牝,3,54.0,407,-2,池田敦,藤田弘,,2,1:52.8,42.5,1-1-1-1,10,407,-2
2024/06/09,金沢,8,地方競馬爆推しコンビ初任給獲得記３歳Ａ２,1700,ダ,右,良,曇,11,5,5,サザンフィールド,牡,3,55.0,426,0,加藤翔,金田一,,3,1:52.8,39.2,10-10-10-7,3,426,0
2024/06/09,金沢,8,地方競馬爆推しコンビ初任給獲得記３歳Ａ２,1700,ダ,右,良,曇,11,6,6,フィンガーズクロス,牡,3,56.0,508,5,柴田勇,金田一,,4,1:53.0,42.1,5-5-3-4,1,508,5
2024/06/09,金沢,8,地方競馬爆推しコンビ初任給獲得記３歳Ａ２,1700,ダ,右,良,曇,11,6,7,レーヴァローゼ,牝,3,54.0,409,1,米倉知,藤田弘,,5,1:53.0,40.7,7-7-7-6,7,409,1
2024/06/09,金沢,8,地方競馬爆推しコンビ初任給獲得記３歳Ａ２,1700,ダ,右,良,曇,11,4,4,モモダンゴ,牝,3,54.0,394,-3,兼子千,宗綱泰,,6,1:53.8,40.9,8-8-9-7,8,394,-3
2024/06/09,金沢,8,地方競馬爆推しコンビ初任給獲得記３歳Ａ２,1700,ダ,右,良,曇,11,3,3,マイネルスピカ,牡,3,56.0,456,3,吉田晃,加藤和,,7,1:53.9,43.0,4-4-3-3,4,456,3
2024/06/09,金沢,8,地方競馬爆推しコンビ初任給獲得記３歳Ａ２,1700,ダ,右,良,曇,11,7,8,テルケンレンテル,牡,3,56.0,479,3,甲賀弘,川添明,,8,1:54.8,40.2,11-11-11-11,11,479,3
2024/06/09,金沢,8,地方競馬爆推しコンビ初任給獲得記３歳Ａ２,1700,ダ,右,良,曇,11,7,9,ピオニエーレ,牡,3,56.0,438,4,中島龍,金田一,,9,1:55.1,44.4,2-2-2-5,5,438,4
2024/06/09,金沢,8,地方競馬爆推しコンビ初任給獲得記３歳Ａ２,1700,ダ,右,良,曇,11,8,11,サンヨウアカヘル,牝,3,54.0,433,-2,魚住謙,田嶋幸,,10,1:56.6,44.7,6-6-6-9,9,433,-2
2024/06/09,金沢,8,地方競馬爆推しコンビ初任給獲得記３歳Ａ２,1700,ダ,右,良,曇,11,1,1,レモンスフレ,牝,3,54.0,424,4,堀場裕,加藤和,,11,1:57.9,46.9,3-3-5-10,2,424,4
2024/06/09,金沢,9,石川優駿特番スペシャル生配信記念Ｂ１四,1500,ダ,右,良,曇,8,4,4,イリュージョニスト,牡,8,56.0,521,-5,葛山晃,高橋俊,,1,1:36.3,38.9,4-3-1-1,3,521,-5
2024/06/09,金沢,9,石川優駿特番スペシャル生配信記念Ｂ１四,1500,ダ,右,良,曇,8,8,8,リンギングフォン,牝,5,54.0,452,-3,松戸政,井樋一,,2,1:36.3,38.2,8-7-6-4,1,452,-3
2024/06/09,金沢,9,石川優駿特番スペシャル生配信記念Ｂ１四,1500,ダ,右,良,曇,8,2,2,スーパーフェザー,セ,0,56.0,489,4,栗原大,金田一,,3,1:37.9,40.6,5-4-3-2,2,489,4
2024/06/09,金沢,9,石川優駿特番スペシャル生配信記念Ｂ１四,1500,ダ,右,良,曇,8,3,3,ホイッスルベイト,牝,5,54.0,453,1,平瀬城,高橋俊,,4,1:38.2,41.0,1-1-1-2,6,453,1
2024/06/09,金沢,9,石川優駿特番スペシャル生配信記念Ｂ１四,1500,ダ,右,良,曇,8,6,6,フェイマスアレグロ,牝,4,54.0,428,3,吉田晃,佐藤茂,,5,1:38.8,40.9,3-5-5-6,4,428,3
2024/06/09,金沢,9,石川優駿特番スペシャル生配信記念Ｂ１四,1500,ダ,右,良,曇,8,7,7,ラブスレンダー,牝,4,54.0,426,7,兼子千,宗綱泰,,6,1:39.3,41.2,5-6-6-6,5,426,7
2024/06/09,金沢,9,石川優駿特番スペシャル生配信記念Ｂ１四,1500,ダ,右,良,曇,8,5,5,シークレットグロウ,牡,5,56.0,439,-1,魚住謙,鋤田誠,,7,1:40.2,42.9,2-2-4-5,8,439,-1
2024/06/09,金沢,9,石川優駿特番スペシャル生配信記念Ｂ１四,1500,ダ,右,良,曇,8,1,1,ナギサノチャコ,牝,4,54.0,391,-11,堀場裕,高橋優,,8,1:40.7,41.8,7-8-8-8,7,391,-11
2024/06/09,金沢,10,楽天競馬ならポイントで馬券が買えるＢ１三,1400,ダ,右,良,曇,7,5,5,デルマセイレーン,牝,5,53.0,446,1,加藤翔,加藤義,,1,1:29.9,37.3,1-1-1-1,4,446,1
2024/06/09,金沢,10,楽天競馬ならポイントで馬券が買えるＢ１三,1400,ダ,右,良,曇,7,4,4,デイドリームビーチ,牡,4,56.0,469,5,中島龍,金田一,,2,1:30.0,37.1,3-3-3-2,3,469,5
2024/06/09,金沢,10,楽天競馬ならポイントで馬券が買えるＢ１三,1400,ダ,右,良,曇,7,7,7,ハガネ,牡,4,56.0,467,0,吉原寛,藤田弘,,3,1:30.5,37.8,2-2-2-3,2,467,0
2024/06/09,金沢,10,楽天競馬ならポイントで馬券が買えるＢ１三,1400,ダ,右,良,曇,7,2,2,エスカミーリョ,セ,0,56.0,477,5,吉田晃,佐藤茂,,4,1:30.5,37.5,4-4-4-4,1,477,5
2024/06/09,金沢,10,楽天競馬ならポイントで馬券が買えるＢ１三,1400,ダ,右,良,曇,7,1,1,クリノヒビキ,セ,0,56.0,518,-3,葛山晃,井樋一,,5,1:31.4,38.0,6-5-5-5,6,518,-3
2024/06/09,金沢,10,楽天競馬ならポイントで馬券が買えるＢ１三,1400,ダ,右,良,曇,7,6,6,クラウドクラスター,牡,5,56.0,495,-5,米倉知,佐藤茂,,6,1:31.8,38.4,7-6-6-6,5,495,-5
2024/06/09,金沢,10,楽天競馬ならポイントで馬券が買えるＢ１三,1400,ダ,右,良,曇,7,3,3,ヴィルベッピンサン,牝,5,54.0,479,2,魚住謙,鋤田誠,,7,1:32.0,38.1,5-6-7-7,7,479,2
2024/06/09,金沢,11,能登半島地震復興支援特別Ａ２二,1400,ダ,右,良,曇,10,8,9,ウインコマチ,牝,4,54.0,463,10,田知弘,中川雅,,1,1:30.3,37.3,1-1-1-1,1,463,10
2024/06/09,金沢,11,能登半島地震復興支援特別Ａ２二,1400,ダ,右,良,曇,10,6,6,シェンフォン,牝,5,54.0,464,4,米倉知,加藤和,,2,1:30.6,37.3,4-4-3-3,3,464,4
2024/06/09,金沢,11,能登半島地震復興支援特別Ａ２二,1400,ダ,右,良,曇,10,8,10,オーミテンペスト,牡,6,56.0,453,-1,柴田勇,中川雅,,3,1:30.8,37.6,2-2-2-2,4,453,-1
2024/06/09,金沢,11,能登半島地震復興支援特別Ａ２二,1400,ダ,右,良,曇,10,3,3,ブルーコンパクタ,牡,8,56.0,471,-5,吉原寛,井樋一,,4,1:31.2,37.5,9-8-4-4,2,471,-5
2024/06/09,金沢,11,能登半島地震復興支援特別Ａ２二,1400,ダ,右,良,曇,10,4,4,キョウエイロナ,牝,6,53.0,449,3,加藤翔,加藤和,,5,1:31.5,37.3,8-8-8-7,5,449,3
2024/06/09,金沢,11,能登半島地震復興支援特別Ａ２二,1400,ダ,右,良,曇,10,5,5,サンケイワールド,牡,6,56.0,489,-9,中島龍,金田一,,6,1:31.6,37.7,6-6-6-6,6,489,-9
2024/06/09,金沢,11,能登半島地震復興支援特別Ａ２二,1400,ダ,右,良,曇,10,1,1,パディオアヘッド,セ,0,56.0,497,-2,平瀬城,川添明,,7,1:31.8,38.3,3-3-4-5,7,497,-2
2024/06/09,金沢,11,能登半島地震復興支援特別Ａ２二,1400,ダ,右,良,曇,10,7,7,マノンルージュ,牡,5,56.0,472,0,堀場裕,鈴木正,,8,1:32.0,38.2,7-5-6-8,9,472,0
2024/06/09,金沢,11,能登半島地震復興支援特別Ａ２二,1400,ダ,右,良,曇,10,2,2,ウインオーサム,セ,0,56.0,463,3,沖静男,川添明,,9,1:34.1,39.3,5-7-9-9,8,463,3
2024/06/09,金沢,11,能登半島地震復興支援特別Ａ２二,1400,ダ,右,良,曇,10,7,8,ブルベアパンサー,牡,10,56.0,496,10,栗原大,菅原欣,,,,,,,496,10
2024/06/09,金沢,12,石川優駿３歳,2000,ダ,右,良,曇,12,5,6,ナミダノキス,牡,3,57.0,540,1,柴田勇,金田一,,1,2:08.8,37.3,10-8-5-2,2,540,1
2024/06/09,金沢,12,石川優駿３歳,2000,ダ,右,良,曇,12,7,9,リケアマロン,牝,3,55.0,418,4,吉原寛,加藤義,,2,2:09.0,38.5,5-5-1-1,1,418,4
2024/06/09,金沢,12,石川優駿３歳,2000,ダ,右,良,曇,12,6,7,ロックシティボーイ,牡,3,57.0,446,-4,堀場裕,加藤和,,3,2:10.7,38.9,11-12-6-5,3,446,-4
2024/06/09,金沢,12,石川優駿３歳,2000,ダ,右,良,曇,12,3,3,ダブルアタック,牡,3,57.0,475,-5,栗原大,金田一,,4,2:11.1,39.9,6-7-3-3,6,475,-5
2024/06/09,金沢,12,石川優駿３歳,2000,ダ,右,良,曇,12,6,8,カレンアイバーソン,牡,3,57.0,458,2,松戸政,井樋一,,5,2:12.0,40.2,12-10-9-7,10,458,2
2024/06/09,金沢,12,石川優駿３歳,2000,ダ,右,良,曇,12,5,5,エイシンノヴァ,牡,3,57.0,439,3,中島龍,中川雅,,6,2:12.3,41.3,4-3-4-6,9,439,3
2024/06/09,金沢,12,石川優駿３歳,2000,ダ,右,良,曇,12,2,2,ハリウッドスマイル,牝,3,55.0,430,-3,米倉知,中川雅,,7,2:12.6,41.8,2-2-2-4,4,430,-3
2024/06/09,金沢,12,石川優駿３歳,2000,ダ,右,良,曇,12,4,4,ドンリュウスター,牡,3,57.0,442,-4,平瀬城,高橋俊,,8,2:14.0,42.4,7-6-7-8,12,442,-4
2024/06/09,金沢,12,石川優駿３歳,2000,ダ,右,良,曇,12,7,10,グルタチオンシード,牡,3,57.0,464,1,鈴木太,鋤田誠,,9,2:14.6,42.7,9-10-12-11,8,464,1
2024/06/09,金沢,12,石川優駿３歳,2000,ダ,右,良,曇,12,8,11,エムティトップ,牝,3,55.0,401,8,兼子千,佐藤茂,,10,2:14.6,42.8,7-9-10-9,11,401,8
2024/06/09,金沢,12,石川優駿３歳,2000,ダ,右,良,曇,12,8,12,ニキ,牡,3,57.0,491,4,加藤翔,加藤義,,11,2:14.6,43.3,3-4-8-10,7,491,4
2024/06/09,金沢,12,石川優駿３歳,2000,ダ,右,良,曇,12,1,1,ダヴァンティ,牝,3,55.0,468,-6,吉田晃,佐藤茂,,12,2:24.2,52.9,1-1-10-12,5,468,-6
2024/06/11,金沢,1,石田☆和也さん誕生日まで残り４ヶ３歳Ｂ６,1400,ダ,右,良,晴,8,3,3,キープインマインド,牡,3,56.0,494,4,中島龍,加藤和,,1,1:30.8,39.1,5-5-4-1,2,494,4
2024/06/11,金沢,1,石田☆和也さん誕生日まで残り４ヶ３歳Ｂ６,1400,ダ,右,良,晴,8,7,7,ラベンダーマカロン,牝,3,54.0,465,25,葛山晃,加藤和,,2,1:31.6,40.1,3-3-3-2,1,465,25
2024/06/11,金沢,1,石田☆和也さん誕生日まで残り４ヶ３歳Ｂ６,1400,ダ,右,良,晴,8,5,5,ルーナ,牝,3,54.0,455,17,甲賀弘,田嶋幸,,3,1:31.8,40.5,2-2-1-2,3,455,17
2024/06/11,金沢,1,石田☆和也さん誕生日まで残り４ヶ３歳Ｂ６,1400,ダ,右,良,晴,8,8,8,フェルマーポイント,牡,3,56.0,0,0,柴田勇,金田一,,4,1:32.9,40.5,8-7-6-5,6,0,0
2024/06/11,金沢,1,石田☆和也さん誕生日まで残り４ヶ３歳Ｂ６,1400,ダ,右,良,晴,8,2,2,メイショウナオマサ,牡,3,56.0,489,5,米倉知,加藤和,,5,1:33.1,40.8,5-6-6-6,5,489,5
2024/06/11,金沢,1,石田☆和也さん誕生日まで残り４ヶ３歳Ｂ６,1400,ダ,右,良,晴,8,4,4,アストリット,牝,3,54.0,464,16,栗原大,藤田弘,,6,1:33.2,41.3,4-3-5-7,4,464,16
2024/06/11,金沢,1,石田☆和也さん誕生日まで残り４ヶ３歳Ｂ６,1400,ダ,右,良,晴,8,1,1,アブデラザール,牝,3,53.0,390,1,加藤翔,加藤義,,7,1:33.7,42.4,1-1-1-4,8,390,1
2024/06/11,金沢,1,石田☆和也さん誕生日まで残り４ヶ３歳Ｂ６,1400,ダ,右,良,晴,8,6,6,ゴールデンスレッド,牝,3,54.0,440,3,松戸政,井樋一,,8,1:34.3,40.8,5-8-8-8,7,440,3
2024/06/11,金沢,2,３歳Ｂ５,1400,ダ,右,良,晴,11,5,5,ガーデンオブエデン,牝,3,54.0,471,7,栗原大,加藤和,,1,1:31.9,40.2,2-2-2-2,2,471,7
2024/06/11,金沢,2,３歳Ｂ５,1400,ダ,右,良,晴,11,3,3,シャインウォーリア,牝,3,54.0,548,-1,田知弘,田嶋幸,,2,1:32.0,40.4,1-1-1-1,1,548,-1
2024/06/11,金沢,2,３歳Ｂ５,1400,ダ,右,良,晴,11,2,2,ドレッドステータス,牝,3,54.0,447,7,魚住謙,田嶋幸,,3,1:32.9,40.4,5-4-4-4,7,447,7
2024/06/11,金沢,2,３歳Ｂ５,1400,ダ,右,良,晴,11,7,9,ナックレインボー,牝,3,54.0,486,-1,米倉知,中川雅,,4,1:33.2,40.6,5-5-5-5,3,486,-1
2024/06/11,金沢,2,３歳Ｂ５,1400,ダ,右,良,晴,11,6,7,アオイカメリア,牝,3,54.0,428,4,鈴木太,加藤義,,5,1:33.9,42.1,2-3-3-3,4,428,4
2024/06/11,金沢,2,３歳Ｂ５,1400,ダ,右,良,晴,11,4,4,ヴァルチャー,牝,3,54.0,436,4,平瀬城,高橋俊,,6,1:34.8,41.7,7-7-6-6,10,436,4
2024/06/11,金沢,2,３歳Ｂ５,1400,ダ,右,良,晴,11,6,6,オープンソース,牝,3,54.0,437,9,沖静男,川添明,,7,1:35.5,42.3,7-8-8-7,9,437,9
2024/06/11,金沢,2,３歳Ｂ５,1400,ダ,右,良,晴,11,7,8,アルシンダガ,牡,3,56.0,429,0,松戸政,室井眞,,8,1:35.8,42.8,4-6-6-8,5,429,0
2024/06/11,金沢,2,３歳Ｂ５,1400,ダ,右,良,晴,11,1,1,パラベイド,牡,3,56.0,528,1,池田敦,高橋俊,,9,1:36.6,42.6,7-9-9-9,6,528,1
2024/06/11,金沢,2,３歳Ｂ５,1400,ダ,右,良,晴,11,8,10,サンサンサンキュー,牡,3,56.0,482,-1,葛山晃,菅原欣,,10,1:37.6,42.2,10-10-10-10,11,482,-1
2024/06/11,金沢,2,３歳Ｂ５,1400,ダ,右,良,晴,11,8,11,モズクマチー,牝,3,53.0,464,-10,加藤翔,加藤和,,11,1:38.0,41.9,11-11-11-11,8,464,-10
2024/06/11,金沢,3,里咲１歳！咲希小学校入学！おめで３歳Ｂ４,1500,ダ,右,良,晴,10,2,2,ダンテズセヴン,牝,3,54.0,419,31,田知弘,田嶋幸,,1,1:38.4,40.2,2-2-2-2,3,419,31
2024/06/11,金沢,3,里咲１歳！咲希小学校入学！おめで３歳Ｂ４,1500,ダ,右,良,晴,10,6,6,レクエルダメ,牝,3,54.0,451,-1,栗原大,金田一,,2,1:38.4,40.2,5-3-1-1,2,451,-1
2024/06/11,金沢,3,里咲１歳！咲希小学校入学！おめで３歳Ｂ４,1500,ダ,右,良,晴,10,3,3,ゴールドジューク,牡,3,56.0,461,10,米倉知,中川雅,,3,1:39.5,41.0,3-4-4-3,1,461,10
2024/06/11,金沢,3,里咲１歳！咲希小学校入学！おめで３歳Ｂ４,1500,ダ,右,良,晴,10,7,8,ボルドーエゾンス,牝,3,54.0,404,-1,葛山晃,高橋俊,,4,1:39.5,39.4,6-8-9-7,9,404,-1
2024/06/11,金沢,3,里咲１歳！咲希小学校入学！おめで３歳Ｂ４,1500,ダ,右,良,晴,10,8,9,ミスヒノクニ,牝,3,54.0,469,1,中島龍,佐藤茂,,5,1:39.6,40.1,9-7-7-8,7,469,1
2024/06/11,金沢,3,里咲１歳！咲希小学校入学！おめで３歳Ｂ４,1500,ダ,右,良,晴,10,7,7,ランフォーリリーズ,牝,3,54.0,406,-1,魚住謙,高橋優,,6,1:40.1,41.3,4-5-5-6,8,406,-1
2024/06/11,金沢,3,里咲１歳！咲希小学校入学！おめで３歳Ｂ４,1500,ダ,右,良,晴,10,4,4,フューゲイシャス,牡,3,56.0,448,-4,吉田晃,田嶋幸,,7,1:40.5,41.6,6-6-5-5,6,448,-4
2024/06/11,金沢,3,里咲１歳！咲希小学校入学！おめで３歳Ｂ４,1500,ダ,右,良,晴,10,8,10,リフトローダー,牝,3,54.0,484,-2,甲賀弘,高橋俊,,8,1:40.6,40.7,8-9-8-9,4,484,-2
2024/06/11,金沢,3,里咲１歳！咲希小学校入学！おめで３歳Ｂ４,1500,ダ,右,良,晴,10,1,1,ナックエクスプレス,牝,3,53.0,428,0,加藤翔,中川雅,,9,1:41.1,43.2,1-1-2-4,5,428,0
2024/06/11,金沢,3,里咲１歳！咲希小学校入学！おめで３歳Ｂ４,1500,ダ,右,良,晴,10,5,5,アイヲサケブオトコ,牡,3,56.0,449,-1,鈴木太,室井眞,,10,1:42.8,42.4,10-10-10-10,9,449,-1
2024/06/11,金沢,4,能登半島地震復興支援杯３歳Ｂ３,1400,ダ,右,良,晴,9,6,6,トップリアル,牝,3,54.0,419,-7,兼子千,高橋道,,1,1:31.5,39.5,1-1-1-1,2,419,-7
2024/06/11,金沢,4,能登半島地震復興支援杯３歳Ｂ３,1400,ダ,右,良,晴,9,4,4,アイノユメテーラー,牝,3,54.0,468,0,柴田勇,中川雅,,2,1:32.0,40.0,2-2-2-2,1,468,0
2024/06/11,金沢,4,能登半島地震復興支援杯３歳Ｂ３,1400,ダ,右,良,晴,9,1,1,ヴェネラリア,牝,3,54.0,436,-3,堀場裕,中川雅,,3,1:32.5,39.9,4-4-3-3,3,436,-3
2024/06/11,金沢,4,能登半島地震復興支援杯３歳Ｂ３,1400,ダ,右,良,晴,9,3,3,センベロ,牝,3,54.0,383,9,松戸政,藤田弘,,4,1:33.1,40.4,3-3-4-4,6,383,9
2024/06/11,金沢,4,能登半島地震復興支援杯３歳Ｂ３,1400,ダ,右,良,晴,9,8,9,リュウノラッシュ,牝,3,54.0,381,-4,鈴木太,加藤義,,5,1:33.3,40.1,4-5-5-5,5,381,-4
2024/06/11,金沢,4,能登半島地震復興支援杯３歳Ｂ３,1400,ダ,右,良,晴,9,7,7,ラブリネス,牝,3,54.0,354,0,平瀬城,加藤義,,6,1:33.5,39.7,6-6-6-6,7,354,0
2024/06/11,金沢,4,能登半島地震復興支援杯３歳Ｂ３,1400,ダ,右,良,晴,9,8,8,ヨメニケイゴ,牝,3,54.0,441,3,栗原大,菅原欣,,7,1:34.1,39.4,8-8-8-8,4,441,3
2024/06/11,金沢,4,能登半島地震復興支援杯３歳Ｂ３,1400,ダ,右,良,晴,9,2,2,セイウンラビリンス,牡,3,56.0,487,0,沖静男,川添明,,8,1:35.1,41.3,7-7-6-7,8,487,0
2024/06/11,金沢,4,能登半島地震復興支援杯３歳Ｂ３,1400,ダ,右,良,晴,9,5,5,リベラメ,牝,3,53.0,0,0,加藤翔,加藤義,,,,,,,0,0
2024/06/11,金沢,5,税理士高橋創　金沢競馬初参加記念３歳Ｂ２,1500,ダ,右,良,晴,9,7,7,シルバヴール,牝,3,54.0,406,-3,柴田勇,中川雅,,1,1:36.4,38.7,1-1-1-1,1,406,-3
2024/06/11,金沢,5,税理士高橋創　金沢競馬初参加記念３歳Ｂ２,1500,ダ,右,良,晴,9,2,2,シェルターベルト,牝,3,54.0,471,-1,中島龍,高橋俊,,2,1:38.7,40.6,4-4-2-2,2,471,-1
2024/06/11,金沢,5,税理士高橋創　金沢競馬初参加記念３歳Ｂ２,1500,ダ,右,良,晴,9,4,4,センタービット,牡,3,56.0,422,3,池田敦,高橋俊,,3,1:38.9,39.8,8-7-7-4,4,422,3
2024/06/11,金沢,5,税理士高橋創　金沢競馬初参加記念３歳Ｂ２,1500,ダ,右,良,晴,9,1,1,キセキノクニ,セ,0,56.0,440,-2,魚住謙,川添明,,4,1:38.9,40.2,2-3-5-3,6,440,-2
2024/06/11,金沢,5,税理士高橋創　金沢競馬初参加記念３歳Ｂ２,1500,ダ,右,良,晴,9,3,3,ハセケンザン,牡,3,56.0,543,6,吉田晃,野田幸,,5,1:39.8,40.9,6-6-5-6,5,543,6
2024/06/11,金沢,5,税理士高橋創　金沢競馬初参加記念３歳Ｂ２,1500,ダ,右,良,晴,9,8,9,トウメイヨリキレイ,牝,3,54.0,398,-1,甲賀弘,黒木豊,,6,1:39.8,41.3,5-5-4-5,7,398,-1
2024/06/11,金沢,5,税理士高橋創　金沢競馬初参加記念３歳Ｂ２,1500,ダ,右,良,晴,9,8,8,ヒャクシキ,牡,3,56.0,431,2,栗原大,加藤和,,7,1:39.9,40.3,7-8-8-8,3,431,2
2024/06/11,金沢,5,税理士高橋創　金沢競馬初参加記念３歳Ｂ２,1500,ダ,右,良,晴,9,5,5,アオイエクラタン,牝,3,54.0,378,-5,堀場裕,加藤義,,8,1:40.6,42.3,2-2-3-7,8,378,-5
2024/06/11,金沢,5,税理士高橋創　金沢競馬初参加記念３歳Ｂ２,1500,ダ,右,良,晴,9,6,6,アマネク,牝,3,54.0,448,7,松戸政,田嶋幸,,,,,,,448,7
2024/06/11,金沢,6,スターサファイア特別３歳Ｂ１,1500,ダ,右,良,晴,7,4,4,リケアリラ,牝,3,53.0,405,2,秋山稔,加藤義,,1,1:37.9,39.7,2-2-2-1,5,405,2
2024/06/11,金沢,6,スターサファイア特別３歳Ｂ１,1500,ダ,右,良,晴,7,7,7,ガンジャクィーン,牝,3,54.0,436,9,堀場裕,中川雅,,2,1:38.1,39.1,4-4-4-3,2,436,9
2024/06/11,金沢,6,スターサファイア特別３歳Ｂ１,1500,ダ,右,良,晴,7,3,3,ブラヴォージャパン,牝,3,54.0,417,1,吉原寛,佐藤茂,,3,1:38.8,40.8,1-1-1-2,3,417,1
2024/06/11,金沢,6,スターサファイア特別３歳Ｂ１,1500,ダ,右,良,晴,7,6,6,ハーバーフロント,牝,3,54.0,409,-3,田知弘,金田一,,4,1:39.1,39.2,7-7-6-6,1,409,-3
2024/06/11,金沢,6,スターサファイア特別３歳Ｂ１,1500,ダ,右,良,晴,7,5,5,ユイノグランコード,牡,3,56.0,495,5,中島龍,加藤和,,5,1:40.6,41.2,6-5-5-4,6,495,5
2024/06/11,金沢,6,スターサファイア特別３歳Ｂ１,1500,ダ,右,良,晴,7,1,1,アクス,牝,3,54.0,417,1,吉田晃,佐藤茂,,6,1:41.0,42.6,3-3-3-4,4,417,1
2024/06/11,金沢,6,スターサファイア特別３歳Ｂ１,1500,ダ,右,良,晴,7,2,2,オーデンリッキー,牝,3,54.0,450,-2,甲賀弘,高橋俊,,7,1:41.5,41.5,5-6-7-7,7,450,-2
2024/06/11,金沢,7,Ｊ交 金沢城賞Ａ２下Ｂ１上中央３歳上１勝,1500,ダ,右,良,晴,11,6,7,クラップアンドチア,牡,5,56.0,549,11,秋山稔,北出成,,1,1:33.4,37.2,1-1-1-1,3,549,11
2024/06/11,金沢,7,Ｊ交 金沢城賞Ａ２下Ｂ１上中央３歳上１勝,1500,ダ,右,良,晴,11,8,10,ピースキーパー,牝,5,55.0,454,0,栗原大,奥村豊,,2,1:33.7,37.2,2-2-2-2,1,454,0
2024/06/11,金沢,7,Ｊ交 金沢城賞Ａ２下Ｂ１上中央３歳上１勝,1500,ダ,右,良,晴,11,1,1,サイモンブーケ,牝,4,55.0,520,24,中島龍,梅田智,,3,1:34.5,38.9,3-3-3-3,5,520,24
2024/06/11,金沢,7,Ｊ交 金沢城賞Ａ２下Ｂ１上中央３歳上１勝,1500,ダ,右,良,晴,11,4,4,オンリーラヴ,牝,4,55.0,417,-1,吉原寛,森田直,,4,1:34.6,38.7,10-9-5-4,2,417,-1
2024/06/11,金沢,7,Ｊ交 金沢城賞Ａ２下Ｂ１上中央３歳上１勝,1500,ダ,右,良,晴,11,7,8,チャコワールド,牡,5,56.0,454,6,加藤翔,根本康,,5,1:35.4,39.1,9-10-8-8,8,454,6
2024/06/11,金沢,7,Ｊ交 金沢城賞Ａ２下Ｂ１上中央３歳上１勝,1500,ダ,右,良,晴,11,5,5,ブルスケッタ,牝,3,49.0,485,-3,吉村誠,小手準,,6,1:35.5,39.5,6-6-7-6,4,485,-3
2024/06/11,金沢,7,Ｊ交 金沢城賞Ａ２下Ｂ１上中央３歳上１勝,1500,ダ,右,良,晴,11,8,11,フラッグアドミラル,牡,10,57.0,484,2,堀場裕,中川雅,,7,1:36.0,39.4,4-4-4-5,6,484,2
2024/06/11,金沢,7,Ｊ交 金沢城賞Ａ２下Ｂ１上中央３歳上１勝,1500,ダ,右,良,晴,11,3,3,アリアージュ,牡,4,57.0,446,0,吉田晃,加藤和,,8,1:37.0,41.2,6-6-9-9,7,446,0
2024/06/11,金沢,7,Ｊ交 金沢城賞Ａ２下Ｂ１上中央３歳上１勝,1500,ダ,右,良,晴,11,6,6,シュガーエンジェル,牝,5,55.0,400,-1,松戸政,宗綱泰,,9,1:37.0,40.9,11-11-11-11,11,400,-1
2024/06/11,金沢,7,Ｊ交 金沢城賞Ａ２下Ｂ１上中央３歳上１勝,1500,ダ,右,良,晴,11,2,2,フミタツティンクル,牝,8,55.0,460,0,兼子千,宗綱泰,,10,1:37.1,41.4,8-8-10-10,10,460,0
2024/06/11,金沢,7,Ｊ交 金沢城賞Ａ２下Ｂ１上中央３歳上１勝,1500,ダ,右,良,晴,11,7,9,ファントムルージュ,牝,6,55.0,462,3,柴田勇,中川雅,,11,1:37.2,40.8,5-4-5-7,9,462,3
2024/06/11,金沢,8,ごえもんくんお誕生日記念Ｃ１八,1400,ダ,右,良,晴,10,7,7,バンディート,牡,4,56.0,511,-7,吉原寛,井樋一,,1,1:29.2,37.4,1-1-1-1,1,511,-7
2024/06/11,金沢,8,ごえもんくんお誕生日記念Ｃ１八,1400,ダ,右,良,晴,10,6,6,オミワタリ,牡,5,56.0,482,0,沖静男,田嶋幸,,2,1:30.2,38.2,4-5-2-2,6,482,0
2024/06/11,金沢,8,ごえもんくんお誕生日記念Ｃ１八,1400,ダ,右,良,晴,10,7,8,ウラカワノオト,牡,8,55.0,450,2,加藤翔,加藤義,,3,1:30.9,38.0,10-9-5-3,3,450,2
2024/06/11,金沢,8,ごえもんくんお誕生日記念Ｃ１八,1400,ダ,右,良,晴,10,3,3,クツワファミリー,牡,4,56.0,469,-5,栗原大,高橋俊,,4,1:31.2,38.9,4-4-4-4,2,469,-5
2024/06/11,金沢,8,ごえもんくんお誕生日記念Ｃ１八,1400,ダ,右,良,晴,10,4,4,サウスシーパール,牡,4,56.0,472,5,葛山晃,菅原欣,,5,1:31.9,38.6,8-8-9-5,8,472,5
2024/06/11,金沢,8,ごえもんくんお誕生日記念Ｃ１八,1400,ダ,右,良,晴,10,8,10,グランシャスール,牡,4,56.0,468,14,田知弘,田嶋幸,,6,1:32.4,40.3,2-2-3-6,4,468,14
2024/06/11,金沢,8,ごえもんくんお誕生日記念Ｃ１八,1400,ダ,右,良,晴,10,8,9,ナムラロロ,牡,5,56.0,441,-10,堀場裕,井樋一,,7,1:32.4,39.4,9-10-8-9,9,441,-10
2024/06/11,金沢,8,ごえもんくんお誕生日記念Ｃ１八,1400,ダ,右,良,晴,10,5,5,ノーザンピーク,牡,6,56.0,484,-5,魚住謙,高橋優,,8,1:32.4,39.3,7-7-7-8,7,484,-5
2024/06/11,金沢,8,ごえもんくんお誕生日記念Ｃ１八,1400,ダ,右,良,晴,10,1,1,ビックハート,セ,0,56.0,410,-3,池田敦,高橋道,,9,1:32.8,40.3,2-3-6-6,5,410,-3
2024/06/11,金沢,8,ごえもんくんお誕生日記念Ｃ１八,1400,ダ,右,良,晴,10,2,2,カフェダイナスティ,セ,0,56.0,480,-6,兼子千,菅原欣,,10,1:33.6,40.2,6-6-10-10,10,480,-6
2024/06/11,金沢,9,まっ鷹ね～？女幹部生誕記念Ｃ１七,1500,ダ,右,良,晴,10,4,4,ベルクハイム,牡,7,56.0,549,-2,栗原大,井樋一,,1,1:36.7,39.6,2-2-2-1,4,549,-2
2024/06/11,金沢,9,まっ鷹ね～？女幹部生誕記念Ｃ１七,1500,ダ,右,良,晴,10,2,2,デルマジゾウ,牡,6,55.0,476,-4,加藤翔,加藤義,,2,1:36.7,39.7,1-1-1-1,3,476,-4
2024/06/11,金沢,9,まっ鷹ね～？女幹部生誕記念Ｃ１七,1500,ダ,右,良,晴,10,8,10,パープライト,牡,5,56.0,469,7,松戸政,井樋一,,3,1:38.1,39.8,9-9-6-3,2,469,7
2024/06/11,金沢,9,まっ鷹ね～？女幹部生誕記念Ｃ１七,1500,ダ,右,良,晴,10,8,9,スタールーズベルト,牡,4,56.0,475,-2,鈴木太,藤田弘,,4,1:38.5,40.0,6-6-7-5,8,475,-2
2024/06/11,金沢,9,まっ鷹ね～？女幹部生誕記念Ｃ１七,1500,ダ,右,良,晴,10,6,6,レイズミーアップ,牡,4,56.0,428,-1,甲賀弘,中川雅,,5,1:38.6,40.5,5-5-4-4,7,428,-1
2024/06/11,金沢,9,まっ鷹ね～？女幹部生誕記念Ｃ１七,1500,ダ,右,良,晴,10,3,3,コパノピッチング,牡,6,56.0,511,-1,吉田晃,鋤田誠,,6,1:39.0,40.5,7-7-9-5,6,511,-1
2024/06/11,金沢,9,まっ鷹ね～？女幹部生誕記念Ｃ１七,1500,ダ,右,良,晴,10,5,5,ヒロノランマン,セ,0,56.0,522,6,柴田勇,金田一,,7,1:39.4,40.8,8-8-7-8,5,522,6
2024/06/11,金沢,9,まっ鷹ね～？女幹部生誕記念Ｃ１七,1500,ダ,右,良,晴,10,7,7,チェルキオ,牡,5,56.0,468,-3,葛山晃,室井眞,,8,1:40.0,41.0,10-10-10-9,10,468,-3
2024/06/11,金沢,9,まっ鷹ね～？女幹部生誕記念Ｃ１七,1500,ダ,右,良,晴,10,7,8,ドンアルゴス,牡,9,56.0,516,-5,中島龍,中川雅,,9,1:40.2,42.5,3-3-3-7,1,516,-5
2024/06/11,金沢,9,まっ鷹ね～？女幹部生誕記念Ｃ１七,1500,ダ,右,良,晴,10,1,1,オウムアムア,牡,8,56.0,566,7,堀場裕,金田一,,10,1:42.6,44.6,4-4-4-10,9,566,7
2024/06/11,金沢,10,ライラック賞Ｃ１六以下牝馬,1500,ダ,右,良,晴,9,1,1,ジェイケイヒロイン,牝,8,54.0,448,0,松戸政,井樋一,,1,1:38.3,40.2,2-2-1-1,4,448,0
2024/06/11,金沢,10,ライラック賞Ｃ１六以下牝馬,1500,ダ,右,良,晴,9,2,2,アワーストーリー,牝,4,53.0,435,3,加藤翔,加藤義,,2,1:38.5,39.7,4-4-5-5,3,435,3
2024/06/11,金沢,10,ライラック賞Ｃ１六以下牝馬,1500,ダ,右,良,晴,9,5,5,ウインドアリエル,牝,6,54.0,433,-3,吉田晃,野田幸,,3,1:38.8,40.4,3-3-3-2,7,433,-3
2024/06/11,金沢,10,ライラック賞Ｃ１六以下牝馬,1500,ダ,右,良,晴,9,4,4,ユキノリッキー,牝,5,54.0,448,-5,兼子千,宗綱泰,,4,1:38.9,39.6,6-6-6-6,6,448,-5
2024/06/11,金沢,10,ライラック賞Ｃ１六以下牝馬,1500,ダ,右,良,晴,9,8,9,ケイラブマッハ,牝,4,54.0,451,2,中島龍,中川雅,,5,1:38.9,40.3,4-5-4-3,1,451,2
2024/06/11,金沢,10,ライラック賞Ｃ１六以下牝馬,1500,ダ,右,良,晴,9,3,3,コバルトスカイ,牝,7,54.0,486,-4,柴田勇,菅原欣,,6,1:39.2,39.3,8-7-7-8,5,486,-4
2024/06/11,金沢,10,ライラック賞Ｃ１六以下牝馬,1500,ダ,右,良,晴,9,6,6,カフェリリー,牝,6,54.0,488,-5,栗原大,菅原欣,,7,1:39.6,39.6,9-9-7-7,8,488,-5
2024/06/11,金沢,10,ライラック賞Ｃ１六以下牝馬,1500,ダ,右,良,晴,9,8,8,レッドフェリーチェ,牝,7,54.0,483,12,葛山晃,菅原欣,,8,1:40.0,41.9,1-1-2-3,2,483,12
2024/06/11,金沢,10,ライラック賞Ｃ１六以下牝馬,1500,ダ,右,良,晴,9,7,7,ヘリオシース,牝,8,54.0,437,1,魚住謙,野田幸,,9,1:40.6,40.8,7-7-7-9,9,437,1
2024/06/11,金沢,11,Ｂ１二,1500,ダ,右,良,晴,9,4,4,ジェイケイミリミリ,牝,5,54.0,473,-3,中島龍,高橋俊,,1,1:36.0,38.3,1-1-1-1,3,473,-3
2024/06/11,金沢,11,Ｂ１二,1500,ダ,右,良,晴,9,8,9,デルマウオッカ,牡,9,56.0,501,-2,吉原寛,加藤義,,2,1:36.4,38.3,7-7-2-2,1,501,-2
2024/06/11,金沢,11,Ｂ１二,1500,ダ,右,良,晴,9,3,3,ワンダーウォール,牡,6,56.0,458,-9,兼子千,宗綱泰,,3,1:36.6,37.9,8-8-6-3,5,458,-9
2024/06/11,金沢,11,Ｂ１二,1500,ダ,右,良,晴,9,2,2,フェイマスグローリ,牡,4,56.0,522,3,吉田晃,佐藤茂,,4,1:37.4,39.2,2-3-3-4,2,522,3
2024/06/11,金沢,11,Ｂ１二,1500,ダ,右,良,晴,9,6,6,ラテントパワーズ,牡,8,55.0,535,-6,加藤翔,加藤義,,5,1:37.8,39.6,2-2-4-5,4,535,-6
2024/06/11,金沢,11,Ｂ１二,1500,ダ,右,良,晴,9,8,8,ピンクビジョン,牝,4,54.0,422,-3,鈴木太,加藤和,,6,1:38.0,39.6,6-6-5-6,7,422,-3
2024/06/11,金沢,11,Ｂ１二,1500,ダ,右,良,晴,9,1,1,ベルウッドムサシ,牡,4,56.0,459,-2,堀場裕,加藤義,,7,1:38.5,39.9,5-4-7-7,6,459,-2
2024/06/11,金沢,11,Ｂ１二,1500,ダ,右,良,晴,9,7,7,ルナエルモッサ,牝,5,54.0,431,2,魚住謙,川添明,,8,1:39.8,40.9,4-5-8-8,8,431,2
2024/06/11,金沢,11,Ｂ１二,1500,ダ,右,良,晴,9,5,5,ジェイエルフラッグ,牝,8,54.0,0,0,米倉知,加藤和,,,,,,,0,0
2024/06/11,金沢,12,楽天ポイントでネット投票特別Ｂ１一,1400,ダ,右,良,晴,10,7,7,イサムサンカ,牡,4,56.0,493,-5,吉田晃,佐藤茂,,1,1:29.5,37.7,3-4-3-2,1,493,-5
2024/06/11,金沢,12,楽天ポイントでネット投票特別Ｂ１一,1400,ダ,右,良,晴,10,2,2,ハローキャンディ,牝,7,53.0,452,3,秋山稔,加藤義,,2,1:29.7,37.7,7-6-5-5,2,452,3
2024/06/11,金沢,12,楽天ポイントでネット投票特別Ｂ１一,1400,ダ,右,良,晴,10,3,3,ラマジ,牝,4,54.0,447,-1,堀場裕,鈴木正,,3,1:29.7,37.4,8-7-7-6,5,447,-1
2024/06/11,金沢,12,楽天ポイントでネット投票特別Ｂ１一,1400,ダ,右,良,晴,10,8,9,エイチエヌバンピー,牡,4,56.0,467,-1,米倉知,佐藤茂,,4,1:29.7,36.7,10-10-8-7,3,467,-1
2024/06/11,金沢,12,楽天ポイントでネット投票特別Ｂ１一,1400,ダ,右,良,晴,10,6,6,ヤイバ,牡,5,56.0,467,0,吉原寛,加藤義,,5,1:30.1,38.4,2-2-2-1,4,467,0
2024/06/11,金沢,12,楽天ポイントでネット投票特別Ｂ１一,1400,ダ,右,良,晴,10,5,5,ピエナパプリカ,牡,6,56.0,479,-10,栗原大,鋤田誠,,6,1:30.2,38.2,5-5-6-7,8,479,-10
2024/06/11,金沢,12,楽天ポイントでネット投票特別Ｂ１一,1400,ダ,右,良,晴,10,1,1,グランメゾン,牝,5,54.0,443,0,兼子千,宗綱泰,,7,1:31.0,39.1,4-3-4-4,6,443,0
2024/06/11,金沢,12,楽天ポイントでネット投票特別Ｂ１一,1400,ダ,右,良,晴,10,8,10,ピースイギー,牝,5,54.0,423,3,田知弘,金田一,,8,1:31.0,38.2,6-8-10-10,9,423,3
2024/06/11,金沢,12,楽天ポイントでネット投票特別Ｂ１一,1400,ダ,右,良,晴,10,7,8,アルティスタエース,牡,9,56.0,462,-4,甲賀弘,井樋一,,9,1:31.1,38.5,8-8-8-9,10,462,-4
2024/06/11,金沢,12,楽天ポイントでネット投票特別Ｂ１一,1400,ダ,右,良,晴,10,4,4,ミーハディビーナ,牝,7,54.0,444,4,葛山晃,菅原欣,,10,1:31.2,39.7,1-1-1-3,7,444,4
2024/06/15,金沢,1,能登半島地震復興支援杯Ｃ２六,1500,ダ,右,良,晴,10,2,2,カフェノヴィーン,牝,8,54.0,488,0,栗原大,菅原欣,,1,1:38.1,39.5,1-1-1-1,2,488,0
2024/06/15,金沢,1,能登半島地震復興支援杯Ｃ２六,1500,ダ,右,良,晴,10,3,3,カフェメモワール,牝,7,54.0,495,0,柴田勇,菅原欣,,2,1:38.8,39.8,4-4-4-4,7,495,0
2024/06/15,金沢,1,能登半島地震復興支援杯Ｃ２六,1500,ダ,右,良,晴,10,8,9,ブレイクネック,牡,4,55.0,525,0,加藤翔,井樋一,,3,1:38.9,39.6,7-8-5-1,1,525,0
2024/06/15,金沢,1,能登半島地震復興支援杯Ｃ２六,1500,ダ,右,良,晴,10,8,10,アポテカ,牝,4,54.0,437,-8,葛山晃,菅原欣,,4,1:39.3,39.6,4-6-6-6,6,437,-8
2024/06/15,金沢,1,能登半島地震復興支援杯Ｃ２六,1500,ダ,右,良,晴,10,7,7,テリオスカイ,牡,4,56.0,534,3,鈴木太,加藤和,,5,1:39.6,40.7,3-3-3-3,3,534,3
2024/06/15,金沢,1,能登半島地震復興支援杯Ｃ２六,1500,ダ,右,良,晴,10,4,4,ヨドノストーリー,牡,4,56.0,436,-3,魚住謙,高橋優,,6,1:39.7,40.1,7-5-7-7,8,436,-3
2024/06/15,金沢,1,能登半島地震復興支援杯Ｃ２六,1500,ダ,右,良,晴,10,5,5,ダンスベルレーヌ,牝,4,54.0,428,-2,松戸政,井樋一,,7,1:40.4,40.7,9-8-8-8,4,428,-2
2024/06/15,金沢,1,能登半島地震復興支援杯Ｃ２六,1500,ダ,右,良,晴,10,1,1,ジェミースター,牝,4,54.0,421,-1,堀場裕,高橋優,,8,1:40.5,39.5,10-10-10-9,9,421,-1
2024/06/15,金沢,1,能登半島地震復興支援杯Ｃ２六,1500,ダ,右,良,晴,10,7,8,ポーラライツ,牡,4,56.0,447,-7,兼子千,菅原欣,,9,1:42.4,42.3,6-7-9-10,10,447,-7
2024/06/15,金沢,1,能登半島地震復興支援杯Ｃ２六,1500,ダ,右,良,晴,10,6,6,ロジブライアン,牡,4,56.0,525,0,中島龍,加藤和,,10,1:42.5,43.8,2-2-2-4,5,525,0
2024/06/15,金沢,2,みさきバースデーお祝い記念Ｃ２五,1400,ダ,右,良,晴,10,7,8,フェアリープト,牝,4,54.0,491,1,吉田晃,佐藤茂,,1,1:30.5,37.9,1-1-1-1,1,491,1
2024/06/15,金沢,2,みさきバースデーお祝い記念Ｃ２五,1400,ダ,右,良,晴,10,5,5,マイネルジュリアン,牡,4,56.0,475,3,沖静男,川添明,,2,1:30.5,37.8,3-3-2-2,3,475,3
2024/06/15,金沢,2,みさきバースデーお祝い記念Ｃ２五,1400,ダ,右,良,晴,10,7,7,マルカンレインボー,牝,4,54.0,424,-1,池田敦,高橋道,,3,1:31.0,37.5,5-5-4-3,4,424,-1
2024/06/15,金沢,2,みさきバースデーお祝い記念Ｃ２五,1400,ダ,右,良,晴,10,2,2,アンジェララヴ,牝,4,54.0,502,1,堀場裕,高橋優,,4,1:31.1,37.4,7-6-6-4,5,502,1
2024/06/15,金沢,2,みさきバースデーお祝い記念Ｃ２五,1400,ダ,右,良,晴,10,8,10,ビーチブルース,牡,4,56.0,496,10,栗原大,菅原欣,,5,1:32.3,39.1,4-4-4-6,2,496,10
2024/06/15,金沢,2,みさきバースデーお祝い記念Ｃ２五,1400,ダ,右,良,晴,10,4,4,スイートティアラ,牝,7,54.0,422,0,鈴木太,鈴木正,,6,1:32.4,41.0,9-9-9-8,10,422,0
2024/06/15,金沢,2,みさきバースデーお祝い記念Ｃ２五,1400,ダ,右,良,晴,10,6,6,オボロヅキヨ,牡,4,56.0,448,4,魚住謙,川添明,,7,1:32.7,37.9,10-10-10-9,9,448,4
2024/06/15,金沢,2,みさきバースデーお祝い記念Ｃ２五,1400,ダ,右,良,晴,10,8,9,シュペルブ,牝,5,54.0,427,-1,兼子千,宗綱泰,,8,1:33.0,40.0,2-2-3-5,6,427,-1
2024/06/15,金沢,2,みさきバースデーお祝い記念Ｃ２五,1400,ダ,右,良,晴,10,3,3,ロジシップ,牡,7,56.0,453,-2,松戸政,野田幸,,9,1:33.2,39.3,6-7-7-7,7,453,-2
2024/06/15,金沢,2,みさきバースデーお祝い記念Ｃ２五,1400,ダ,右,良,晴,10,1,1,エニシャル,牝,4,54.0,452,5,甲賀弘,川添明,,10,1:33.3,39.1,7-8-8-10,8,452,5
2024/06/15,金沢,3,２歳新馬,900,ダ,右,良,晴,9,8,8,トゥーナマッシュ,牡,2,54.0,0,0,加藤翔,加藤義,,1,0:57.0,36.4,3-3,3,0,0
2024/06/15,金沢,3,２歳新馬,900,ダ,右,良,晴,9,7,7,ムータニ,牡,2,55.0,0,0,池田敦,高橋俊,,2,0:57.1,36.4,7-3,2,0,0
2024/06/15,金沢,3,２歳新馬,900,ダ,右,良,晴,9,5,5,シナモンブルー,牝,2,54.0,0,0,魚住謙,鋤田誠,,3,0:57.2,37.0,2-2,6,0,0
2024/06/15,金沢,3,２歳新馬,900,ダ,右,良,晴,9,3,3,ビタミンサマー,牝,2,54.0,0,0,田知弘,金田一,,4,0:57.2,37.2,1-1,8,0,0
2024/06/15,金沢,3,２歳新馬,900,ダ,右,良,晴,9,4,4,ティモンズ,牝,2,54.0,0,0,吉原寛,加藤義,,5,0:57.9,37.3,8-6,1,0,0
2024/06/15,金沢,3,２歳新馬,900,ダ,右,良,晴,9,8,9,ゴールドパース,牝,2,54.0,0,0,中島龍,佐藤茂,,6,0:58.1,37.5,3-7,4,0,0
2024/06/15,金沢,3,２歳新馬,900,ダ,右,良,晴,9,1,1,ダンナイ,牡,2,55.0,0,0,吉田晃,野田幸,,7,0:59.2,38.6,9-5,7,0,0
2024/06/15,金沢,3,２歳新馬,900,ダ,右,良,晴,9,2,2,ミリオンバンブー,牝,2,54.0,0,0,米倉知,中川雅,,8,0:59.4,39.0,5-8,5,0,0
2024/06/15,金沢,3,２歳新馬,900,ダ,右,良,晴,9,6,6,プリチャン,牝,2,54.0,0,0,鈴木太,加藤義,,9,1:00.3,39.9,5-9,9,0,0
2024/06/15,金沢,4,吉原竜二さん還暦おめでとう記念Ｃ２四,1400,ダ,右,良,晴,9,6,6,ウインヴィオラ,牝,4,54.0,482,-1,栗原大,加藤和,,1,1:30.7,38.7,2-2-1-1,1,482,-1
2024/06/15,金沢,4,吉原竜二さん還暦おめでとう記念Ｃ２四,1400,ダ,右,良,晴,9,5,5,アイスケイブ,牝,5,54.0,421,-2,兼子千,宗綱泰,,2,1:31.7,39.3,1-1-3-3,9,421,-2
2024/06/15,金沢,4,吉原竜二さん還暦おめでとう記念Ｃ２四,1400,ダ,右,良,晴,9,1,1,ムーンライトアリア,牝,7,54.0,445,1,鈴木太,鈴木正,,3,1:32.0,39.4,4-5-5-4,6,445,1
2024/06/15,金沢,4,吉原竜二さん還暦おめでとう記念Ｃ２四,1400,ダ,右,良,晴,9,4,4,ネモフィラ,牝,4,54.0,457,0,柴田勇,菅原欣,,4,1:32.1,38.7,8-7-7-7,3,457,0
2024/06/15,金沢,4,吉原竜二さん還暦おめでとう記念Ｃ２四,1400,ダ,右,良,晴,9,3,3,モンテブラック,牡,4,56.0,458,0,葛山晃,菅原欣,,5,1:32.1,39.3,6-5-6-4,5,458,0
2024/06/15,金沢,4,吉原竜二さん還暦おめでとう記念Ｃ２四,1400,ダ,右,良,晴,9,8,9,メトリカルセオリー,牝,5,54.0,478,0,甲賀弘,黒木豊,,6,1:32.3,38.8,7-7-7-8,8,478,0
2024/06/15,金沢,4,吉原竜二さん還暦おめでとう記念Ｃ２四,1400,ダ,右,良,晴,9,8,8,サーストンユタ,牡,5,56.0,467,-1,中島龍,高橋俊,,7,1:32.3,40.1,4-3-2-2,7,467,-1
2024/06/15,金沢,4,吉原竜二さん還暦おめでとう記念Ｃ２四,1400,ダ,右,良,晴,9,7,7,メイショウアダーラ,牝,4,53.0,469,2,加藤翔,加藤和,,8,1:32.3,39.6,3-4-4-6,2,469,2
2024/06/15,金沢,4,吉原竜二さん還暦おめでとう記念Ｃ２四,1400,ダ,右,良,晴,9,2,2,デルマワルキューレ,牝,5,54.0,416,-1,松戸政,金田一,,9,1:33.9,40.3,9-7-9-9,4,416,-1
2024/06/15,金沢,5,あかねこちゃんねる三周年記念Ｃ２三,1500,ダ,右,良,晴,8,8,8,フェイスタロー,牡,7,56.0,432,-7,中島龍,川添明,,1,1:37.7,39.1,3-3-3-4,3,432,-7
2024/06/15,金沢,5,あかねこちゃんねる三周年記念Ｃ２三,1500,ダ,右,良,晴,8,5,5,ヒシエレガンス,セ,0,56.0,484,-3,栗原大,菅原欣,,2,1:38.1,39.4,5-5-3-3,1,484,-3
2024/06/15,金沢,5,あかねこちゃんねる三周年記念Ｃ２三,1500,ダ,右,良,晴,8,3,3,サーストンアイダホ,牡,5,56.0,490,-5,兼子千,高橋道,,3,1:38.1,40.0,1-1-1-1,5,490,-5
2024/06/15,金沢,5,あかねこちゃんねる三周年記念Ｃ２三,1500,ダ,右,良,晴,8,6,6,ズッシーノ,牡,5,56.0,448,-2,吉田晃,鋤田誠,,4,1:38.4,40.1,2-2-2-2,7,448,-2
2024/06/15,金沢,5,あかねこちゃんねる三周年記念Ｃ２三,1500,ダ,右,良,晴,8,1,1,ナムラダリウス,牡,4,56.0,466,-6,堀場裕,加藤和,,5,1:38.6,39.6,6-6-6-6,4,466,-6
2024/06/15,金沢,5,あかねこちゃんねる三周年記念Ｃ２三,1500,ダ,右,良,晴,8,4,4,トゥインクルーガー,牝,4,54.0,441,-1,魚住謙,高橋優,,6,1:38.7,39.2,7-7-7-7,6,441,-1
2024/06/15,金沢,5,あかねこちゃんねる三周年記念Ｃ２三,1500,ダ,右,良,晴,8,2,2,ビーチポジティヴ,牝,4,54.0,466,0,柴田勇,金田一,,7,1:38.8,40.1,4-4-5-5,2,466,0
2024/06/15,金沢,5,あかねこちゃんねる三周年記念Ｃ２三,1500,ダ,右,良,晴,8,7,7,ウィズザタイムズ,牝,5,54.0,438,5,田知弘,高橋優,,8,1:40.4,40.6,8-8-8-8,8,438,5
2024/06/15,金沢,6,純烈・酒井一圭５０歳手前記念Ｃ２二,1500,ダ,右,良,晴,10,7,7,タイクーン,牡,5,56.0,540,14,中島龍,加藤和,,1,1:36.4,38.4,9-7-2-1,1,540,14
2024/06/15,金沢,6,純烈・酒井一圭５０歳手前記念Ｃ２二,1500,ダ,右,良,晴,10,7,8,グラシアーノ,牝,4,53.0,424,-3,加藤翔,加藤義,,2,1:37.0,38.9,3-3-4-3,4,424,-3
2024/06/15,金沢,6,純烈・酒井一圭５０歳手前記念Ｃ２二,1500,ダ,右,良,晴,10,1,1,ジーニー,牡,8,56.0,496,0,栗原大,加藤和,,3,1:37.2,37.9,10-10-9-5,3,496,0
2024/06/15,金沢,6,純烈・酒井一圭５０歳手前記念Ｃ２二,1500,ダ,右,良,晴,10,5,5,キクノビースト,牡,4,56.0,514,-3,吉原寛,加藤義,,4,1:37.5,40.1,1-1-1-2,2,514,-3
2024/06/15,金沢,6,純烈・酒井一圭５０歳手前記念Ｃ２二,1500,ダ,右,良,晴,10,8,9,エムティウィンド,牝,4,54.0,454,6,吉田晃,佐藤茂,,5,1:38.0,39.3,6-7-5-6,5,454,6
2024/06/15,金沢,6,純烈・酒井一圭５０歳手前記念Ｃ２二,1500,ダ,右,良,晴,10,3,3,ノースヒビキ,牝,8,54.0,475,-3,魚住謙,高橋俊,,6,1:38.1,39.4,4-4-6-7,6,475,-3
2024/06/15,金沢,6,純烈・酒井一圭５０歳手前記念Ｃ２二,1500,ダ,右,良,晴,10,6,6,アイスムーン,牝,6,54.0,446,-3,池田敦,高橋俊,,7,1:39.0,41.3,2-2-3-4,7,446,-3
2024/06/15,金沢,6,純烈・酒井一圭５０歳手前記念Ｃ２二,1500,ダ,右,良,晴,10,8,10,デンドロビウム,牝,5,54.0,458,-3,兼子千,宗綱泰,,8,1:39.5,40.6,5-5-7-8,9,458,-3
2024/06/15,金沢,6,純烈・酒井一圭５０歳手前記念Ｃ２二,1500,ダ,右,良,晴,10,4,4,メイショウツガミネ,牡,5,56.0,462,5,鈴木太,井樋一,,9,1:40.2,40.3,6-9-10-10,8,462,5
2024/06/15,金沢,6,純烈・酒井一圭５０歳手前記念Ｃ２二,1500,ダ,右,良,晴,10,2,2,サマーモーリス,牝,5,54.0,431,-3,甲賀弘,室井眞,,10,1:41.4,42.5,6-6-7-9,9,431,-3
2024/06/15,金沢,7,スマホからポイントで投票！楽天競馬Ｃ２一,1500,ダ,右,良,晴,9,5,5,クリスリターン,セ,0,56.0,496,1,中島龍,佐藤茂,,1,1:37.1,39.1,3-4-2-1,1,496,1
2024/06/15,金沢,7,スマホからポイントで投票！楽天競馬Ｃ２一,1500,ダ,右,良,晴,9,7,7,アイアムロージー,牝,4,54.0,455,-4,沖静男,川添明,,2,1:37.9,39.4,7-6-5-4,3,455,-4
2024/06/15,金沢,7,スマホからポイントで投票！楽天競馬Ｃ２一,1500,ダ,右,良,晴,9,4,4,ユールファーナ,牝,7,54.0,448,0,兼子千,宗綱泰,,3,1:38.1,40.0,5-3-3-2,2,448,0
2024/06/15,金沢,7,スマホからポイントで投票！楽天競馬Ｃ２一,1500,ダ,右,良,晴,9,6,6,カワカミアンフィニ,牝,4,54.0,424,0,田知弘,中川雅,,4,1:38.6,40.2,4-5-6-5,7,424,0
2024/06/15,金沢,7,スマホからポイントで投票！楽天競馬Ｃ２一,1500,ダ,右,良,晴,9,8,9,カトリーヌスリジエ,牝,10,54.0,421,-7,池田敦,高橋道,,5,1:38.8,40.4,6-7-7-6,6,421,-7
2024/06/15,金沢,7,スマホからポイントで投票！楽天競馬Ｃ２一,1500,ダ,右,良,晴,9,2,2,ツウカイステラ,牝,8,54.0,467,0,松戸政,宗綱泰,,6,1:39.3,39.5,8-8-8-7,8,467,0
2024/06/15,金沢,7,スマホからポイントで投票！楽天競馬Ｃ２一,1500,ダ,右,良,晴,9,1,1,カミノマジック,セ,0,56.0,471,1,吉田晃,鈴木正,,7,1:40.2,42.6,1-1-1-3,4,471,1
2024/06/15,金沢,7,スマホからポイントで投票！楽天競馬Ｃ２一,1500,ダ,右,良,晴,9,3,3,サトルアプローチ,牡,6,56.0,478,2,栗原大,金田一,,8,1:45.4,47.6,2-2-4-7,5,478,2
2024/06/15,金沢,7,スマホからポイントで投票！楽天競馬Ｃ２一,1500,ダ,右,良,晴,9,8,8,クリオネ,牝,4,53.0,0,0,加藤翔,加藤義,,,,,,,0,0
2024/06/15,金沢,8,そうご君６歳のお誕生日おめでとう記Ｂ２六,1500,ダ,右,良,晴,10,2,2,ノブノキャット,牡,3,56.0,419,-2,栗原大,加藤和,,1,1:36.7,38.2,6-6-7-3,2,419,-2
2024/06/15,金沢,8,そうご君６歳のお誕生日おめでとう記Ｂ２六,1500,ダ,右,良,晴,10,3,3,ヤンチャプリヒメ,牝,8,54.0,452,3,葛山晃,室井眞,,2,1:36.7,38.4,4-4-3-2,1,452,3
2024/06/15,金沢,8,そうご君６歳のお誕生日おめでとう記Ｂ２六,1500,ダ,右,良,晴,10,4,4,コスモノート,セ,0,56.0,523,3,松戸政,菅原欣,,3,1:37.3,38.5,9-8-9-6,7,523,3
2024/06/15,金沢,8,そうご君６歳のお誕生日おめでとう記Ｂ２六,1500,ダ,右,良,晴,10,8,10,ラインハイト,牡,7,56.0,494,1,吉田晃,加藤和,,4,1:37.7,39.7,2-2-1-1,3,494,1
2024/06/15,金沢,8,そうご君６歳のお誕生日おめでとう記Ｂ２六,1500,ダ,右,良,晴,10,5,5,マイネルトワイス,牡,9,56.0,490,-2,堀場裕,鋤田誠,,5,1:38.5,40.0,8-7-5-5,4,490,-2
2024/06/15,金沢,8,そうご君６歳のお誕生日おめでとう記Ｂ２六,1500,ダ,右,良,晴,10,7,7,リリーズメモリー,牝,5,54.0,506,-3,魚住謙,田嶋幸,,6,1:39.4,41.1,4-5-3-7,10,506,-3
2024/06/15,金沢,8,そうご君６歳のお誕生日おめでとう記Ｂ２六,1500,ダ,右,良,晴,10,8,9,スマイルセンプー,牡,4,56.0,495,3,田知弘,金田一,,7,1:39.5,40.4,7-9-10-10,8,495,3
2024/06/15,金沢,8,そうご君６歳のお誕生日おめでとう記Ｂ２六,1500,ダ,右,良,晴,10,7,8,マイネルパリオート,牡,6,56.0,476,5,柴田勇,菅原欣,,8,1:39.8,41.2,10-10-8-8,9,476,5
2024/06/15,金沢,8,そうご君６歳のお誕生日おめでとう記Ｂ２六,1500,ダ,右,良,晴,10,1,1,ブレッシングクライ,牡,5,56.0,509,3,中島龍,高橋俊,,9,1:39.9,41.7,3-3-5-8,5,509,3
2024/06/15,金沢,8,そうご君６歳のお誕生日おめでとう記Ｂ２六,1500,ダ,右,良,晴,10,6,6,キノトクイーン,牝,6,54.0,469,4,兼子千,高橋俊,,10,1:40.0,42.1,1-1-2-4,6,469,4
2024/06/15,金沢,9,日本海スプリント３歳上オープン,1400,ダ,右,良,晴,11,3,3,オヌシナニモノ,牡,7,58.0,489,-3,吉田晃,佐藤茂,,1,1:28.5,38.6,3-2-1-1,1,489,-3
2024/06/15,金沢,9,日本海スプリント３歳上オープン,1400,ダ,右,良,晴,11,8,10,エイシンアンヴァル,牡,7,57.0,511,1,田知弘,中川雅,,2,1:28.7,38.1,5-5-4-4,8,511,1
2024/06/15,金沢,9,日本海スプリント３歳上オープン,1400,ダ,右,良,晴,11,4,4,マリンデュンデュン,牡,4,57.0,514,4,栗原大,金田一,,3,1:28.7,37.9,6-6-4-3,2,514,4
2024/06/15,金沢,9,日本海スプリント３歳上オープン,1400,ダ,右,良,晴,11,8,11,ソーラーフレア,牡,9,58.0,493,7,米倉知,中川雅,,4,1:28.7,38.4,3-3-3-2,6,493,7
2024/06/15,金沢,9,日本海スプリント３歳上オープン,1400,ダ,右,良,晴,11,6,7,ガクチカキッズ,牡,10,57.0,472,-5,堀場裕,井樋一,,5,1:29.0,37.8,11-11-11-7,9,472,-5
2024/06/15,金沢,9,日本海スプリント３歳上オープン,1400,ダ,右,良,晴,11,2,2,ベニスビーチ,牝,6,56.0,445,0,吉原寛,中川雅,,6,1:29.0,38.0,7-7-8-6,4,445,0
2024/06/15,金沢,9,日本海スプリント３歳上オープン,1400,ダ,右,良,晴,11,7,8,サエチ,牝,5,55.0,491,4,池田敦,高橋俊,,7,1:29.9,39.1,7-9-7-8,11,491,4
2024/06/15,金沢,9,日本海スプリント３歳上オープン,1400,ダ,右,良,晴,11,5,5,コパノフランシス,牝,5,55.0,483,2,松戸政,菅原欣,,8,1:30.1,39.1,9-8-10-10,10,483,2
2024/06/15,金沢,9,日本海スプリント３歳上オープン,1400,ダ,右,良,晴,11,1,1,イルティモーネ,セ,0,57.0,452,1,柴田勇,中川雅,,9,1:30.1,39.1,10-10-8-9,5,452,1
2024/06/15,金沢,9,日本海スプリント３歳上オープン,1400,ダ,右,良,晴,11,6,6,ラスティネイル,牝,6,55.0,468,1,葛山晃,川添明,,10,1:31.4,41.6,1-1-1-5,3,468,1
2024/06/15,金沢,9,日本海スプリント３歳上オープン,1400,ダ,右,良,晴,11,7,9,フェイマスダンディ,牡,6,57.0,493,-1,中島龍,佐藤茂,,11,1:31.8,41.2,1-4-6-11,7,493,-1
2024/06/15,金沢,10,祝！賢の卒業＆就職記念Ｂ２五,1400,ダ,右,良,晴,9,2,2,マクシミリアン,牡,6,56.0,466,0,中島龍,高橋俊,,1,1:28.5,37.1,1-1-1-1,1,466,0
2024/06/15,金沢,10,祝！賢の卒業＆就職記念Ｂ２五,1400,ダ,右,良,晴,9,1,1,リベリュール,牡,9,56.0,480,2,栗原大,井樋一,,2,1:30.2,38.2,3-3-3-2,4,480,2
2024/06/15,金沢,10,祝！賢の卒業＆就職記念Ｂ２五,1400,ダ,右,良,晴,9,6,6,リュウノステルス,牡,4,56.0,435,3,吉原寛,加藤義,,3,1:30.3,38.6,2-2-2-2,2,435,3
2024/06/15,金沢,10,祝！賢の卒業＆就職記念Ｂ２五,1400,ダ,右,良,晴,9,4,4,ネオエレキング,牡,11,56.0,452,-5,柴田勇,川添明,,4,1:30.8,38.2,8-6-6-5,9,452,-5
2024/06/15,金沢,10,祝！賢の卒業＆就職記念Ｂ２五,1400,ダ,右,良,晴,9,5,5,ステイクロース,セ,0,56.0,438,-1,甲賀弘,井樋一,,5,1:30.8,38.0,7-8-7-7,7,438,-1
2024/06/15,金沢,10,祝！賢の卒業＆就職記念Ｂ２五,1400,ダ,右,良,晴,9,7,7,サンレイファイト,牡,8,56.0,473,-6,鈴木太,井樋一,,6,1:30.9,37.7,9-9-9-8,6,473,-6
2024/06/15,金沢,10,祝！賢の卒業＆就職記念Ｂ２五,1400,ダ,右,良,晴,9,3,3,ライダーストーム,牡,5,56.0,499,8,堀場裕,井樋一,,7,1:31.1,39.0,5-5-3-4,3,499,8
2024/06/15,金沢,10,祝！賢の卒業＆就職記念Ｂ２五,1400,ダ,右,良,晴,9,8,9,レインボーヒル,牡,6,56.0,466,2,魚住謙,高橋優,,8,1:32.2,39.4,6-7-8-9,8,466,2
2024/06/15,金沢,10,祝！賢の卒業＆就職記念Ｂ２五,1400,ダ,右,良,晴,9,8,8,ヴェーチェル,牝,5,54.0,430,-1,松戸政,川添明,,9,1:32.2,40.3,3-4-5-6,5,430,-1
2024/06/15,金沢,11,春瀬なつみ生誕記念なぴかわ杯２０２Ｂ２四,1500,ダ,右,良,晴,11,8,11,ウルトラワールド,牡,4,55.0,465,-4,加藤翔,加藤義,,1,1:36.6,38.8,1-1-1-1,1,465,-4
2024/06/15,金沢,11,春瀬なつみ生誕記念なぴかわ杯２０２Ｂ２四,1500,ダ,右,良,晴,11,1,1,ベルウッドミカサ,牡,4,56.0,451,-2,吉原寛,加藤義,,2,1:37.0,38.7,4-4-3-2,4,451,-2
2024/06/15,金沢,11,春瀬なつみ生誕記念なぴかわ杯２０２Ｂ２四,1500,ダ,右,良,晴,11,7,9,エイシングレア,牝,5,54.0,456,-8,兼子千,宗綱泰,,3,1:37.2,38.7,5-5-5-3,5,456,-8
2024/06/15,金沢,11,春瀬なつみ生誕記念なぴかわ杯２０２Ｂ２四,1500,ダ,右,良,晴,11,7,8,アヴァント,牡,10,56.0,477,-6,堀場裕,宗綱泰,,4,1:37.3,38.4,7-7-8-6,2,477,-6
2024/06/15,金沢,11,春瀬なつみ生誕記念なぴかわ杯２０２Ｂ２四,1500,ダ,右,良,晴,11,5,5,ベルウッドアラシ,牡,4,56.0,458,2,鈴木太,加藤義,,5,1:38.0,39.8,3-3-3-7,7,458,2
2024/06/15,金沢,11,春瀬なつみ生誕記念なぴかわ杯２０２Ｂ２四,1500,ダ,右,良,晴,11,6,6,ダフニス,セ,0,56.0,451,8,米倉知,高橋俊,,6,1:38.1,39.4,8-8-6-8,3,451,8
2024/06/15,金沢,11,春瀬なつみ生誕記念なぴかわ杯２０２Ｂ２四,1500,ダ,右,良,晴,11,3,3,マコトクガニゼーク,牝,4,54.0,419,-9,栗原大,宗綱泰,,7,1:38.2,39.5,6-6-6-5,8,419,-9
2024/06/15,金沢,11,春瀬なつみ生誕記念なぴかわ杯２０２Ｂ２四,1500,ダ,右,良,晴,11,6,7,ヴィトラス,セ,0,56.0,453,-3,葛山晃,高橋俊,,8,1:38.5,38.9,10-10-9-9,6,453,-3
2024/06/15,金沢,11,春瀬なつみ生誕記念なぴかわ杯２０２Ｂ２四,1500,ダ,右,良,晴,11,8,10,ブーゲンビリア,牝,6,54.0,429,-5,吉田晃,高橋俊,,9,1:38.6,40.7,2-2-2-4,10,429,-5
2024/06/15,金沢,11,春瀬なつみ生誕記念なぴかわ杯２０２Ｂ２四,1500,ダ,右,良,晴,11,2,2,ロマンチックボーイ,牡,4,56.0,453,-2,魚住謙,野田幸,,10,1:39.3,38.7,10-11-11-11,9,453,-2
2024/06/15,金沢,11,春瀬なつみ生誕記念なぴかわ杯２０２Ｂ２四,1500,ダ,右,良,晴,11,4,4,スヴィルカーチ,セ,0,56.0,433,-4,田知弘,田嶋幸,,11,1:39.4,39.4,9-9-10-10,11,433,-4
2024/06/18,金沢,1,能登半島地震復興支援杯Ｃ２十三,1400,ダ,右,重,曇,9,7,7,ネイバーアイランド,牝,6,54.0,445,-4,魚住謙,鋤田誠,,1,1:32.7,39.8,6-5-5-3,4,445,-4
2024/06/18,金沢,1,能登半島地震復興支援杯Ｃ２十三,1400,ダ,右,重,曇,9,4,4,マルス,牡,6,56.0,472,24,葛山晃,川添明,,2,1:32.9,41.5,1-2-1-1,1,472,24
2024/06/18,金沢,1,能登半島地震復興支援杯Ｃ２十三,1400,ダ,右,重,曇,9,8,8,ピュアステート,牡,4,56.0,422,2,兼子千,宗綱泰,,3,1:33.2,40.8,4-4-3-2,6,422,2
2024/06/18,金沢,1,能登半島地震復興支援杯Ｃ２十三,1400,ダ,右,重,曇,9,6,6,シャインルビー,牝,7,53.0,448,0,加藤翔,中川雅,,4,1:33.5,39.9,5-6-7-7,9,448,0
2024/06/18,金沢,1,能登半島地震復興支援杯Ｃ２十三,1400,ダ,右,重,曇,9,2,2,ティアモローザ,牝,4,54.0,441,-1,栗原大,菅原欣,,5,1:34.0,40.9,6-7-6-5,2,441,-1
2024/06/18,金沢,1,能登半島地震復興支援杯Ｃ２十三,1400,ダ,右,重,曇,9,8,9,キラールージュ,牝,4,54.0,435,-1,吉田晃,鋤田誠,,6,1:34.9,42.6,3-3-3-6,5,435,-1
2024/06/18,金沢,1,能登半島地震復興支援杯Ｃ２十三,1400,ダ,右,重,曇,9,3,3,タペジャラ,牡,4,56.0,461,0,中島龍,金田一,,7,1:35.7,44.3,1-1-1-3,3,461,0
2024/06/18,金沢,1,能登半島地震復興支援杯Ｃ２十三,1400,ダ,右,重,曇,9,1,1,テラフォーマー,牡,10,56.0,461,6,鈴木太,吉井一,,8,1:37.3,41.9,9-9-8-8,8,461,6
2024/06/18,金沢,1,能登半島地震復興支援杯Ｃ２十三,1400,ダ,右,重,曇,9,5,5,ビナダナン,牝,4,54.0,457,6,堀場裕,加藤和,,9,1:38.8,42.0,8-8-9-9,7,457,6
2024/06/18,金沢,2,馬主＆紅白歌手　純烈　酒井　一圭Ｃ２十二,1400,ダ,右,重,曇,12,5,5,クリスタルゴールド,セ,0,56.0,482,-14,吉田晃,佐藤茂,,1,1:31.1,39.7,4-4-3-1,2,482,-14
2024/06/18,金沢,2,馬主＆紅白歌手　純烈　酒井　一圭Ｃ２十二,1400,ダ,右,重,曇,12,2,2,アンザンタカヒロ,セ,0,56.0,466,0,田知弘,吉井一,,2,1:32.3,40.8,5-5-5-3,4,466,0
2024/06/18,金沢,2,馬主＆紅白歌手　純烈　酒井　一圭Ｃ２十二,1400,ダ,右,重,曇,12,7,9,ピエナファリア,牡,7,56.0,463,0,松戸政,菅原欣,,3,1:32.7,40.2,10-10-6-7,5,463,0
2024/06/18,金沢,2,馬主＆紅白歌手　純烈　酒井　一圭Ｃ２十二,1400,ダ,右,重,曇,12,5,6,スカーレットリボン,牝,8,54.0,422,3,兼子千,高橋道,,4,1:32.8,40.2,8-8-10-10,9,422,3
2024/06/18,金沢,2,馬主＆紅白歌手　純烈　酒井　一圭Ｃ２十二,1400,ダ,右,重,曇,12,1,1,ケヴィンズクロス,牡,6,56.0,499,-10,鈴木太,加藤和,,5,1:33.0,42.1,1-1-1-2,6,499,-10
2024/06/18,金沢,2,馬主＆紅白歌手　純烈　酒井　一圭Ｃ２十二,1400,ダ,右,重,曇,12,6,7,ヒメカミノテング,牝,4,53.0,429,0,加藤翔,加藤義,,6,1:33.2,40.9,7-7-6-6,8,429,0
2024/06/18,金沢,2,馬主＆紅白歌手　純烈　酒井　一圭Ｃ２十二,1400,ダ,右,重,曇,12,4,4,カジノノーブル,牡,11,56.0,410,-2,甲賀弘,黒木豊,,7,1:33.3,40.7,8-9-9-7,12,410,-2
2024/06/18,金沢,2,馬主＆紅白歌手　純烈　酒井　一圭Ｃ２十二,1400,ダ,右,重,曇,12,7,10,ウインドアカネール,牝,4,54.0,486,-1,沖静男,野田幸,,8,1:33.4,42.0,3-3-4-5,7,486,-1
2024/06/18,金沢,2,馬主＆紅白歌手　純烈　酒井　一圭Ｃ２十二,1400,ダ,右,重,曇,12,8,12,ジュニアフェザー,牝,6,54.0,450,0,魚住謙,鈴木正,,9,1:34.0,39.9,10-11-12-12,11,450,0
2024/06/18,金沢,2,馬主＆紅白歌手　純烈　酒井　一圭Ｃ２十二,1400,ダ,右,重,曇,12,3,3,マナフリューゲル,牝,4,54.0,470,-11,中島龍,井樋一,,10,1:34.0,42.8,2-2-2-4,1,470,-11
2024/06/18,金沢,2,馬主＆紅白歌手　純烈　酒井　一圭Ｃ２十二,1400,ダ,右,重,曇,12,8,11,エシェロン,牡,5,56.0,483,0,葛山晃,菅原欣,,11,1:34.2,40.4,12-12-11-11,10,483,0
2024/06/18,金沢,2,馬主＆紅白歌手　純烈　酒井　一圭Ｃ２十二,1400,ダ,右,重,曇,12,6,8,アオバノキセキ,牝,4,54.0,438,11,栗原大,菅原欣,,12,1:34.3,42.2,6-6-6-9,3,438,11
2024/06/18,金沢,3,紫陽花特別２歳１,1400,ダ,右,稍重,曇,7,7,7,ショウガマッタナシ,牝,2,54.0,415,-2,栗原大,高橋俊,,1,1:32.2,39.1,2-2-1-1,1,415,-2
2024/06/18,金沢,3,紫陽花特別２歳１,1400,ダ,右,稍重,曇,7,1,1,エムザックドリーム,牝,2,54.0,434,-1,中島龍,中川雅,,2,1:32.8,39.7,1-1-1-1,5,434,-1
2024/06/18,金沢,3,紫陽花特別２歳１,1400,ダ,右,稍重,曇,7,4,4,ベストタンゴ,牝,2,54.0,425,-3,魚住謙,鈴木正,,3,1:33.1,39.7,3-3-3-3,2,425,-3
2024/06/18,金沢,3,紫陽花特別２歳１,1400,ダ,右,稍重,曇,7,2,2,リュウノノーチラス,牡,2,54.0,497,5,加藤翔,加藤義,,4,1:33.5,39.5,7-7-6-6,3,497,5
2024/06/18,金沢,3,紫陽花特別２歳１,1400,ダ,右,稍重,曇,7,5,5,エムティドラゴン,牡,2,55.0,443,-8,米倉知,佐藤茂,,5,1:33.7,40.1,5-4-4-4,4,443,-8
2024/06/18,金沢,3,紫陽花特別２歳１,1400,ダ,右,稍重,曇,7,6,6,チョウノヨウニマウ,牝,2,54.0,431,4,堀場裕,鈴木正,,6,1:34.0,40.3,4-5-5-5,6,431,4
2024/06/18,金沢,3,紫陽花特別２歳１,1400,ダ,右,稍重,曇,7,3,3,ファントムパンチ,牡,2,55.0,464,-2,吉田晃,佐藤茂,,7,1:36.3,42.2,6-6-7-7,7,464,-2
2024/06/18,金沢,4,Ｃ２十一,1400,ダ,右,稍重,曇,9,6,6,ロンドンデリーエア,牡,7,55.0,484,-6,加藤翔,加藤義,,1,1:29.5,38.3,2-2-1-1,1,484,-6
2024/06/18,金沢,4,Ｃ２十一,1400,ダ,右,稍重,曇,9,2,2,マテウス,牡,5,56.0,509,2,栗原大,藤田弘,,2,1:29.7,38.6,1-1-1-2,2,509,2
2024/06/18,金沢,4,Ｃ２十一,1400,ダ,右,稍重,曇,9,7,7,イーゼル,セ,0,56.0,479,-7,甲賀弘,黒木豊,,3,1:32.2,39.9,3-3-3-3,7,479,-7
2024/06/18,金沢,4,Ｃ２十一,1400,ダ,右,稍重,曇,9,4,4,ヒロノホマレボシ,セ,0,56.0,419,0,吉田晃,佐藤茂,,4,1:32.9,40.0,7-5-4-4,8,419,0
2024/06/18,金沢,4,Ｃ２十一,1400,ダ,右,稍重,曇,9,1,1,スウィートイレブン,牝,7,54.0,452,-5,魚住謙,田嶋幸,,5,1:33.1,39.8,5-5-5-5,5,452,-5
2024/06/18,金沢,4,Ｃ２十一,1400,ダ,右,稍重,曇,9,3,3,セブンハイ,牡,4,56.0,488,0,松戸政,金田一,,6,1:33.6,40.3,4-4-6-6,4,488,0
2024/06/18,金沢,4,Ｃ２十一,1400,ダ,右,稍重,曇,9,8,9,ディオスシチー,牡,4,56.0,511,0,堀場裕,井樋一,,7,1:33.8,40.2,5-7-7-7,3,511,0
2024/06/18,金沢,4,Ｃ２十一,1400,ダ,右,稍重,曇,9,8,8,ヤマイチレジェンド,牡,12,56.0,524,0,葛山晃,菅原欣,,8,1:33.9,39.9,8-9-9-9,6,524,0
2024/06/18,金沢,4,Ｃ２十一,1400,ダ,右,稍重,曇,9,5,5,ウインドメイヒメ,牝,4,54.0,427,2,沖静男,野田幸,,9,1:35.0,41.2,9-7-8-8,9,427,2
2024/06/18,金沢,5,Ｃ２十,1500,ダ,右,稍重,曇,10,7,8,ミスターキング,牡,4,56.0,495,0,栗原大,藤田弘,,1,1:36.5,39.2,2-2-1-1,2,495,0
2024/06/18,金沢,5,Ｃ２十,1500,ダ,右,稍重,曇,10,1,1,ウインググランダー,牡,8,56.0,538,4,米倉知,加藤和,,2,1:36.6,38.6,5-5-3-2,3,538,4
2024/06/18,金沢,5,Ｃ２十,1500,ダ,右,稍重,曇,10,8,10,ラカン,牡,6,56.0,482,-7,堀場裕,井樋一,,3,1:38.1,37.7,9-9-8-4,1,482,-7
2024/06/18,金沢,5,Ｃ２十,1500,ダ,右,稍重,曇,10,6,6,スワーヴジョーダン,セ,0,56.0,457,2,鈴木太,井樋一,,4,1:38.6,38.8,7-7-7-6,6,457,2
2024/06/18,金沢,5,Ｃ２十,1500,ダ,右,稍重,曇,10,5,5,フロンテイラ,牡,5,56.0,422,-2,田知弘,田嶋幸,,5,1:39.8,38.9,8-8-9-9,7,422,-2
2024/06/18,金沢,5,Ｃ２十,1500,ダ,右,稍重,曇,10,2,2,レッドアダン,セ,0,56.0,463,1,中島龍,加藤和,,6,1:40.2,43.1,1-1-2-3,4,463,1
2024/06/18,金沢,5,Ｃ２十,1500,ダ,右,稍重,曇,10,7,7,ボルンカズマ,牡,8,56.0,507,5,沖静男,川添明,,7,1:40.4,38.8,10-10-10-10,8,507,5
2024/06/18,金沢,5,Ｃ２十,1500,ダ,右,稍重,曇,10,4,4,アンクルテイオウ,牡,8,56.0,491,1,吉田晃,鈴木正,,8,1:40.4,42.6,3-3-4-4,5,491,1
2024/06/18,金沢,5,Ｃ２十,1500,ダ,右,稍重,曇,10,8,9,リードザウイニング,セ,0,56.0,454,0,魚住謙,鋤田誠,,9,1:41.2,42.6,5-5-6-7,9,454,0
2024/06/18,金沢,5,Ｃ２十,1500,ダ,右,稍重,曇,10,3,3,サフランルーラー,牡,6,56.0,408,0,兼子千,高橋優,,10,1:41.5,43.3,4-4-5-8,10,408,0
2024/06/18,金沢,6,ゴデチア賞Ｃ２九以下牝馬,1500,ダ,右,稍重,曇,9,8,9,トゥワイス,牝,5,53.0,391,-4,加藤翔,井樋一,,1,1:37.8,40.3,1-1-1-1,1,391,-4
2024/06/18,金沢,6,ゴデチア賞Ｃ２九以下牝馬,1500,ダ,右,稍重,曇,9,8,8,キャリアウーマン,牝,4,54.0,482,-1,平瀬城,黒木豊,,2,1:39.5,39.3,8-9-8-5,4,482,-1
2024/06/18,金沢,6,ゴデチア賞Ｃ２九以下牝馬,1500,ダ,右,稍重,曇,9,6,6,アルジェントステラ,牝,6,54.0,445,-5,栗原大,加藤和,,3,1:39.6,40.6,4-5-4-4,7,445,-5
2024/06/18,金沢,6,ゴデチア賞Ｃ２九以下牝馬,1500,ダ,右,稍重,曇,9,2,2,ヒマワリオジョウ,牝,8,54.0,431,2,鈴木太,鋤田誠,,4,1:39.9,39.9,8-8-8-8,8,431,2
2024/06/18,金沢,6,ゴデチア賞Ｃ２九以下牝馬,1500,ダ,右,稍重,曇,9,4,4,キャッチクライ,牝,4,54.0,456,-1,甲賀弘,黒木豊,,5,1:40.1,40.8,4-4-5-5,5,456,-1
2024/06/18,金沢,6,ゴデチア賞Ｃ２九以下牝馬,1500,ダ,右,稍重,曇,9,3,3,リードキングダム,牝,6,54.0,418,0,柴田勇,黒木豊,,6,1:40.4,40.9,6-6-6-7,6,418,0
2024/06/18,金沢,6,ゴデチア賞Ｃ２九以下牝馬,1500,ダ,右,稍重,曇,9,5,5,フラッシュダンス,牝,4,54.0,471,2,吉田晃,高橋俊,,7,1:40.6,42.1,2-2-2-2,3,471,2
2024/06/18,金沢,6,ゴデチア賞Ｃ２九以下牝馬,1500,ダ,右,稍重,曇,9,7,7,ビジョ,牝,7,54.0,491,-8,中島龍,金田一,,8,1:40.7,42.2,2-3-2-3,2,491,-8
2024/06/18,金沢,6,ゴデチア賞Ｃ２九以下牝馬,1500,ダ,右,稍重,曇,9,1,1,ルリフラワー,牝,6,54.0,438,-12,沖静男,田嶋幸,,9,1:41.1,41.5,7-6-7-8,9,438,-12
2024/06/18,金沢,7,Ｃ２八,1500,ダ,右,稍重,曇,10,4,4,スウェアー,牡,7,56.0,523,-6,田知弘,金田一,,1,1:37.9,39.6,4-3-1-1,1,523,-6
2024/06/18,金沢,7,Ｃ２八,1500,ダ,右,稍重,曇,10,1,1,カイエン,牡,4,56.0,525,-9,魚住謙,高橋優,,2,1:38.9,39.4,10-8-6-4,2,525,-9
2024/06/18,金沢,7,Ｃ２八,1500,ダ,右,稍重,曇,10,2,2,アペーゴ,牝,4,54.0,388,-2,中島龍,佐藤茂,,3,1:39.0,39.5,9-9-5-3,4,388,-2
2024/06/18,金沢,7,Ｃ２八,1500,ダ,右,稍重,曇,10,6,6,シュプール,牝,4,53.0,448,2,加藤翔,中川雅,,4,1:39.4,40.4,5-5-4-2,3,448,2
2024/06/18,金沢,7,Ｃ２八,1500,ダ,右,稍重,曇,10,5,5,シェーンシュタット,牡,6,56.0,447,-1,堀場裕,加藤和,,5,1:39.9,40.2,8-7-8-7,8,447,-1
2024/06/18,金沢,7,Ｃ２八,1500,ダ,右,稍重,曇,10,8,9,シンゼンアツタ,牡,4,56.0,474,-1,柴田勇,中川雅,,6,1:40.5,42.0,2-2-3-6,5,474,-1
2024/06/18,金沢,7,Ｃ２八,1500,ダ,右,稍重,曇,10,7,8,リコーランカスター,牝,5,54.0,457,-2,鈴木太,室井眞,,7,1:41.0,42.9,1-1-1-4,10,457,-2
2024/06/18,金沢,7,Ｃ２八,1500,ダ,右,稍重,曇,10,7,7,スマッシュパワー,牡,7,56.0,457,2,池田敦,高橋道,,8,1:41.2,41.7,6-6-6-8,6,457,2
2024/06/18,金沢,7,Ｃ２八,1500,ダ,右,稍重,曇,10,3,3,ブーケコサージュ,牝,5,54.0,454,-1,栗原大,菅原欣,,9,1:42.5,41.8,7-10-10-9,9,454,-1
2024/06/18,金沢,7,Ｃ２八,1500,ダ,右,稍重,曇,10,8,10,マイティキッチョウ,牝,5,54.0,455,-3,吉田晃,鈴木正,,10,1:43.1,43.8,3-4-9-10,7,455,-3
2024/06/18,金沢,8,Ｃ２七,1500,ダ,右,良,曇,9,7,7,トップキング,牡,5,56.0,451,0,魚住謙,鋤田誠,,1,1:39.0,40.0,2-2-1-2,3,451,0
2024/06/18,金沢,8,Ｃ２七,1500,ダ,右,良,曇,9,1,1,ブレイクポイント,牡,5,56.0,438,-5,葛山晃,菅原欣,,2,1:39.1,39.6,5-5-5-4,5,438,-5
2024/06/18,金沢,8,Ｃ２七,1500,ダ,右,良,曇,9,3,3,ヴェロニク,牝,7,53.0,415,9,加藤翔,加藤義,,3,1:39.1,39.4,8-7-7-6,1,415,9
2024/06/18,金沢,8,Ｃ２七,1500,ダ,右,良,曇,9,5,5,マイヴェリテ,セ,0,56.0,427,6,中島龍,金田一,,4,1:39.5,40.3,4-3-4-3,2,427,6
2024/06/18,金沢,8,Ｃ２七,1500,ダ,右,良,曇,9,6,6,ギルデッドフレーム,牡,4,56.0,437,2,沖静男,川添明,,5,1:40.0,39.8,9-9-9-6,8,437,2
2024/06/18,金沢,8,Ｃ２七,1500,ダ,右,良,曇,9,8,9,タマテバコ,牝,5,54.0,486,2,兼子千,宗綱泰,,6,1:40.4,41.3,3-4-3-5,7,486,2
2024/06/18,金沢,8,Ｃ２七,1500,ダ,右,良,曇,9,4,4,エコログレイト,牡,4,56.0,490,2,吉田晃,鋤田誠,,7,1:40.7,41.9,1-1-1-1,6,490,2
2024/06/18,金沢,8,Ｃ２七,1500,ダ,右,良,曇,9,8,8,チェリーアトラス,牡,8,56.0,490,-10,平瀬城,黒木豊,,8,1:41.6,41.7,6-7-8-9,9,490,-10
2024/06/18,金沢,8,Ｃ２七,1500,ダ,右,良,曇,9,2,2,デルマソトコマタ,牝,4,54.0,427,-2,鈴木太,加藤義,,9,1:42.2,42.6,7-6-6-6,4,427,-2
2024/06/18,金沢,9,Ｂ２三,1400,ダ,右,良,曇,7,1,1,セブンパワー,セ,0,56.0,458,4,中島龍,金田一,,1,1:30.6,38.7,3-3-4-3,4,458,4
2024/06/18,金沢,9,Ｂ２三,1400,ダ,右,良,曇,7,7,7,リターンオブクイン,牝,6,54.0,428,2,堀場裕,藤田弘,,2,1:30.7,38.3,5-5-5-4,2,428,2
2024/06/18,金沢,9,Ｂ２三,1400,ダ,右,良,曇,7,4,4,エイシングラール,牝,5,54.0,470,5,沖静男,川添明,,3,1:30.9,39.4,6-3-2-2,5,470,5
2024/06/18,金沢,9,Ｂ２三,1400,ダ,右,良,曇,7,3,3,ウインクルシャープ,牝,5,54.0,463,-9,柴田勇,中川雅,,4,1:31.5,40.6,1-1-1-1,6,463,-9
2024/06/18,金沢,9,Ｂ２三,1400,ダ,右,良,曇,7,5,5,リュウノチャチャ,牝,6,53.0,440,9,加藤翔,加藤義,,5,1:32.2,40.5,2-2-3-4,1,440,9
2024/06/18,金沢,9,Ｂ２三,1400,ダ,右,良,曇,7,6,6,スマイルフレンド,牝,4,54.0,456,7,鈴木太,加藤義,,6,1:32.7,39.6,7-6-6-6,7,456,7
2024/06/18,金沢,9,Ｂ２三,1400,ダ,右,良,曇,7,2,2,ヘニーイクシード,セ,0,56.0,460,-7,甲賀弘,井樋一,,,,,4-7,3,460,-7
2024/06/18,金沢,10,Ｂ２二,1400,ダ,右,良,曇,8,5,5,ウメタロウ,牡,9,56.0,518,-2,中島龍,金田一,,1,1:28.6,38.2,1-1-1-1,1,518,-2
2024/06/18,金沢,10,Ｂ２二,1400,ダ,右,良,曇,8,6,6,バルドルブレイン,牡,6,55.0,504,2,加藤翔,加藤義,,2,1:29.7,38.2,7-7-5-4,3,504,2
2024/06/18,金沢,10,Ｂ２二,1400,ダ,右,良,曇,8,7,7,エイシンメリダ,牝,4,54.0,421,-4,吉田晃,佐藤茂,,3,1:30.0,39.3,2-2-2-3,2,421,-4
2024/06/18,金沢,10,Ｂ２二,1400,ダ,右,良,曇,8,4,4,ドライカプチーノ,牝,4,54.0,459,2,堀場裕,金田一,,4,1:30.2,39.3,3-3-3-2,8,459,2
2024/06/18,金沢,10,Ｂ２二,1400,ダ,右,良,曇,8,8,8,マジカルモーション,牡,4,56.0,495,-1,米倉知,中川雅,,5,1:30.8,39.6,4-4-4-5,4,495,-1
2024/06/18,金沢,10,Ｂ２二,1400,ダ,右,良,曇,8,2,2,クールシャイン,牡,7,56.0,499,3,池田敦,鈴木正,,6,1:32.0,40.5,5-5-6-6,7,499,3
2024/06/18,金沢,10,Ｂ２二,1400,ダ,右,良,曇,8,3,3,アオイダリア,牝,4,54.0,440,-4,鈴木太,加藤義,,7,1:32.1,40.5,6-6-7-7,5,440,-4
2024/06/18,金沢,10,Ｂ２二,1400,ダ,右,良,曇,8,1,1,ノーウェイ,牡,9,56.0,526,-1,平瀬城,黒木豊,,8,1:34.1,40.0,8-8-8-8,6,526,-1
2024/06/18,金沢,11,金沢湯涌温泉氷室開き特別Ａ１二,1700,ダ,右,良,曇,9,8,9,エイシンギアアップ,牡,6,55.0,498,-12,加藤翔,中川雅,,1,1:49.6,38.7,3-3-3-2,3,498,-12
2024/06/18,金沢,11,金沢湯涌温泉氷室開き特別Ａ１二,1700,ダ,右,良,曇,9,4,4,エムティアンジェ,牝,5,54.0,497,-4,吉田晃,佐藤茂,,2,1:50.0,39.6,2-2-1-1,2,497,-4
2024/06/18,金沢,11,金沢湯涌温泉氷室開き特別Ａ１二,1700,ダ,右,良,曇,9,1,1,オートヴィル,牡,9,56.0,513,-3,松戸政,田嶋幸,,3,1:51.2,39.0,6-7-7-7,9,513,-3
2024/06/18,金沢,11,金沢湯涌温泉氷室開き特別Ａ１二,1700,ダ,右,良,曇,9,6,6,フィードバック,セ,0,56.0,489,-3,中島龍,金田一,,4,1:51.2,40.9,1-1-1-2,1,489,-3
2024/06/18,金沢,11,金沢湯涌温泉氷室開き特別Ａ１二,1700,ダ,右,良,曇,9,8,8,ロジローズ,牡,6,56.0,475,2,田知弘,加藤和,,5,1:51.3,40.0,3-3-4-4,4,475,2
2024/06/18,金沢,11,金沢湯涌温泉氷室開き特別Ａ１二,1700,ダ,右,良,曇,9,2,2,カイジンウェーヴ,牡,6,56.0,498,1,堀場裕,中川雅,,6,1:51.6,39.8,6-6-5-5,7,498,1
2024/06/18,金沢,11,金沢湯涌温泉氷室開き特別Ａ１二,1700,ダ,右,良,曇,9,5,5,セブンダートオー,牡,5,56.0,482,-1,柴田勇,金田一,,7,1:51.7,39.0,6-8-8-8,5,482,-1
2024/06/18,金沢,11,金沢湯涌温泉氷室開き特別Ａ１二,1700,ダ,右,良,曇,9,3,3,グランフォロミー,牡,6,56.0,506,-1,甲賀弘,中川雅,,8,1:52.3,40.4,5-5-6-6,6,506,-1
2024/06/18,金沢,11,金沢湯涌温泉氷室開き特別Ａ１二,1700,ダ,右,良,曇,9,7,7,ナムラアラシ,牡,11,56.0,534,0,鈴木太,川添明,,9,1:52.4,39.1,9-9-9-9,8,534,0
2024/06/18,金沢,12,スマホで投票楽天競馬！特別Ｂ２一,1500,ダ,右,良,晴,11,6,6,ジュジュジューン,牝,4,54.0,437,-2,中島龍,中川雅,,1,1:36.2,38.9,1-1-1-1,1,437,-2
2024/06/18,金沢,12,スマホで投票楽天競馬！特別Ｂ２一,1500,ダ,右,良,晴,11,5,5,コスモアシュラ,牡,6,56.0,530,1,鈴木太,加藤和,,2,1:36.8,38.7,6-6-6-4,3,530,1
2024/06/18,金沢,12,スマホで投票楽天競馬！特別Ｂ２一,1500,ダ,右,良,晴,11,7,8,プレミアマイン,牝,4,54.0,483,4,米倉知,加藤和,,3,1:36.9,39.1,4-4-4-3,6,483,4
2024/06/18,金沢,12,スマホで投票楽天競馬！特別Ｂ２一,1500,ダ,右,良,晴,11,4,4,ウインペルセ,牡,4,56.0,477,-6,吉田晃,佐藤茂,,4,1:37.1,38.7,7-7-7-7,2,477,-6
2024/06/18,金沢,12,スマホで投票楽天競馬！特別Ｂ２一,1500,ダ,右,良,晴,11,8,10,アンダーレ,セ,0,56.0,439,-2,栗原大,菅原欣,,5,1:37.3,39.8,2-2-2-2,7,439,-2
2024/06/18,金沢,12,スマホで投票楽天競馬！特別Ｂ２一,1500,ダ,右,良,晴,11,8,11,デルマゴモリー,牝,5,54.0,436,3,松戸政,金田一,,6,1:37.4,39.7,3-3-3-4,5,436,3
2024/06/18,金沢,12,スマホで投票楽天競馬！特別Ｂ２一,1500,ダ,右,良,晴,11,7,9,ベルウッドシキシマ,牡,4,55.0,442,-5,加藤翔,加藤義,,7,1:38.1,40.2,5-5-5-6,8,442,-5
2024/06/18,金沢,12,スマホで投票楽天競馬！特別Ｂ２一,1500,ダ,右,良,晴,11,6,7,フロイング,牡,6,56.0,477,-2,甲賀弘,黒木豊,,8,1:38.4,39.2,8-10-10-11,4,477,-2
2024/06/18,金沢,12,スマホで投票楽天競馬！特別Ｂ２一,1500,ダ,右,良,晴,11,1,1,ドリュウ,牡,9,56.0,469,-4,柴田勇,金田一,,9,1:38.6,40.1,10-9-7-8,10,469,-4
2024/06/18,金沢,12,スマホで投票楽天競馬！特別Ｂ２一,1500,ダ,右,良,晴,11,3,3,カレイジャス,牝,4,54.0,459,5,田知弘,藤田弘,,10,1:39.0,40.3,9-8-9-9,9,459,5
2024/06/18,金沢,12,スマホで投票楽天競馬！特別Ｂ２一,1500,ダ,右,良,晴,11,2,2,ウインイノセンス,牡,5,56.0,513,-3,魚住謙,高橋俊,,11,1:39.1,39.4,11-11-11-10,11,513,-3
2024/06/23,金沢,1,井手浩司さん美加さんいつも仲良し記Ｃ１七,1400,ダ,右,不良,雨,9,3,3,アキバ,牝,5,54.0,452,9,柴田勇,藤田弘,,1,1:30.4,38.7,2-2-1-1,1,452,9
2024/06/23,金沢,1,井手浩司さん美加さんいつも仲良し記Ｃ１七,1400,ダ,右,不良,雨,9,8,9,ウラカワノオト,牡,8,56.0,448,-2,鈴木太,加藤義,,2,1:30.5,38.6,3-3-3-3,2,448,-2
2024/06/23,金沢,1,井手浩司さん美加さんいつも仲良し記Ｃ１七,1400,ダ,右,不良,雨,9,2,2,カネトシロワン,牝,4,54.0,445,-4,加藤翔,中川雅,,3,1:30.5,39.0,1-1-1-2,5,445,-4
2024/06/23,金沢,1,井手浩司さん美加さんいつも仲良し記Ｃ１七,1400,ダ,右,不良,雨,9,6,6,サウスシーパール,牡,4,56.0,473,1,栗原大,菅原欣,,4,1:32.4,40.4,5-4-4-4,4,473,1
2024/06/23,金沢,1,井手浩司さん美加さんいつも仲良し記Ｃ１七,1400,ダ,右,不良,雨,9,7,7,チェルキオ,牡,5,56.0,473,5,甲賀弘,室井眞,,5,1:32.4,40.1,4-4-5-6,9,473,5
2024/06/23,金沢,1,井手浩司さん美加さんいつも仲良し記Ｃ１七,1400,ダ,右,不良,雨,9,8,8,スタールーズベルト,牡,4,56.0,485,10,松戸政,藤田弘,,6,1:32.6,40.1,8-8-6-5,7,485,10
2024/06/23,金沢,1,井手浩司さん美加さんいつも仲良し記Ｃ１七,1400,ダ,右,不良,雨,9,5,5,サマーソルト,セ,0,56.0,503,-2,魚住謙,鋤田誠,,7,1:33.4,40.8,6-7-8-8,6,503,-2
2024/06/23,金沢,1,井手浩司さん美加さんいつも仲良し記Ｃ１七,1400,ダ,右,不良,雨,9,1,1,グッドラックスター,牝,7,54.0,457,-8,平瀬城,鈴木正,,8,1:33.5,41.0,6-6-7-7,3,457,-8
2024/06/23,金沢,1,井手浩司さん美加さんいつも仲良し記Ｃ１七,1400,ダ,右,不良,雨,9,4,4,ジーエイチグールド,牡,4,56.0,481,-7,吉田晃,鋤田誠,,9,1:37.4,41.2,9-9-9-9,8,481,-7
2024/06/23,金沢,2,Ｃ１六,1500,ダ,右,不良,雨,8,3,3,フェアリープト,牝,4,54.0,491,0,吉田晃,佐藤茂,,1,1:36.1,39.4,1-1-1-1,1,491,0
2024/06/23,金沢,2,Ｃ１六,1500,ダ,右,不良,雨,8,2,2,ケイラブマッハ,牝,4,54.0,452,1,中島龍,中川雅,,2,1:36.4,39.6,2-2-1-2,4,452,1
2024/06/23,金沢,2,Ｃ１六,1500,ダ,右,不良,雨,8,5,5,オミワタリ,牡,5,56.0,483,1,田知弘,田嶋幸,,3,1:36.6,39.0,6-6-4-4,3,483,1
2024/06/23,金沢,2,Ｃ１六,1500,ダ,右,不良,雨,8,6,6,パープライト,牡,5,56.0,472,3,松戸政,井樋一,,4,1:36.6,38.7,8-7-5-5,2,472,3
2024/06/23,金沢,2,Ｃ１六,1500,ダ,右,不良,雨,8,1,1,レイズミーアップ,牡,4,56.0,433,5,甲賀弘,中川雅,,5,1:36.8,39.5,4-3-3-3,7,433,5
2024/06/23,金沢,2,Ｃ１六,1500,ダ,右,不良,雨,8,8,8,エルフバローズ,牝,6,54.0,478,-2,鈴木太,川添明,,6,1:38.3,39.8,4-7-8-8,8,478,-2
2024/06/23,金沢,2,Ｃ１六,1500,ダ,右,不良,雨,8,7,7,ライディーン,牡,5,56.0,487,-1,池田敦,高橋俊,,7,1:39.3,41.5,3-4-6-6,5,487,-1
2024/06/23,金沢,2,Ｃ１六,1500,ダ,右,不良,雨,8,4,4,ユキノリッキー,牝,5,54.0,452,4,兼子千,宗綱泰,,8,1:39.5,41.6,6-5-7-7,6,452,4
2024/06/23,金沢,3,Ｃ１五,1400,ダ,右,不良,雨,9,1,1,ウインヴィオラ,牝,4,54.0,481,-1,栗原大,加藤和,,1,1:29.3,38.4,1-1-1-1,1,481,-1
2024/06/23,金沢,3,Ｃ１五,1400,ダ,右,不良,雨,9,2,2,ラプタマーベリック,牡,4,56.0,481,-2,中島龍,金田一,,2,1:30.4,38.9,5-5-5-2,4,481,-2
2024/06/23,金沢,3,Ｃ１五,1400,ダ,右,不良,雨,9,8,9,リンクスシュウ,牡,5,56.0,467,7,松戸政,井樋一,,3,1:31.0,39.3,7-7-7-3,7,467,7
2024/06/23,金沢,3,Ｃ１五,1400,ダ,右,不良,雨,9,6,6,ピンフドラサン,牡,7,56.0,465,2,鈴木太,井樋一,,4,1:31.2,39.7,5-6-5-4,5,465,2
2024/06/23,金沢,3,Ｃ１五,1400,ダ,右,不良,雨,9,4,4,アートムーブメント,牝,7,54.0,458,5,甲賀弘,田嶋幸,,5,1:31.3,38.9,9-9-9-8,6,458,5
2024/06/23,金沢,3,Ｃ１五,1400,ダ,右,不良,雨,9,8,8,カカンクオン,牡,6,56.0,440,-4,魚住謙,鈴木正,,6,1:32.4,41.2,3-3-3-6,9,440,-4
2024/06/23,金沢,3,Ｃ１五,1400,ダ,右,不良,雨,9,3,3,リトリーブ,牡,4,56.0,448,0,葛山晃,菅原欣,,7,1:32.8,40.9,8-8-8-9,8,448,0
2024/06/23,金沢,3,Ｃ１五,1400,ダ,右,不良,雨,9,7,7,エイシンアメンラー,牡,7,56.0,517,6,吉田晃,加藤和,,8,1:34.6,43.6,2-2-2-4,3,517,6
2024/06/23,金沢,3,Ｃ１五,1400,ダ,右,不良,雨,9,5,5,デルマジゾウ,牡,6,56.0,477,1,加藤翔,加藤義,,9,1:34.8,43.6,4-4-3-7,2,477,1
2024/06/23,金沢,4,祝！！小堀悦宏　定年記念杯☆Ｃ１四,1500,ダ,右,不良,雨,9,1,1,ブタンタン,牡,5,56.0,492,3,栗原大,加藤和,,1,1:36.5,38.5,3-3-2-1,2,492,3
2024/06/23,金沢,4,祝！！小堀悦宏　定年記念杯☆Ｃ１四,1500,ダ,右,不良,雨,9,8,8,ビッグタイマー,牡,6,56.0,479,-2,魚住謙,鋤田誠,,2,1:37.2,39.3,2-2-2-3,4,479,-2
2024/06/23,金沢,4,祝！！小堀悦宏　定年記念杯☆Ｃ１四,1500,ダ,右,不良,雨,9,4,4,シュマンドロワ,牡,4,56.0,482,-1,松戸政,井樋一,,3,1:37.6,39.4,4-4-4-4,1,482,-1
2024/06/23,金沢,4,祝！！小堀悦宏　定年記念杯☆Ｃ１四,1500,ダ,右,不良,雨,9,3,3,カレンレベンティス,セ,0,56.0,449,5,柴田勇,川添明,,4,1:38.0,39.9,5-5-5-5,3,449,5
2024/06/23,金沢,4,祝！！小堀悦宏　定年記念杯☆Ｃ１四,1500,ダ,右,不良,雨,9,8,9,クイーンオブロード,牝,5,54.0,436,2,甲賀弘,黒木豊,,5,1:38.3,38.8,7-7-6-6,7,436,2
2024/06/23,金沢,4,祝！！小堀悦宏　定年記念杯☆Ｃ１四,1500,ダ,右,不良,雨,9,5,5,サノノビーチ,牝,4,54.0,521,7,加藤翔,加藤和,,6,1:38.4,40.6,1-1-1-2,5,521,7
2024/06/23,金沢,4,祝！！小堀悦宏　定年記念杯☆Ｃ１四,1500,ダ,右,不良,雨,9,7,7,ピンクヒップガール,牝,4,54.0,471,9,葛山晃,高橋俊,,7,1:41.4,41.8,6-6-7-7,6,471,9
2024/06/23,金沢,4,祝！！小堀悦宏　定年記念杯☆Ｃ１四,1500,ダ,右,不良,雨,9,2,2,シコウ,セ,0,56.0,0,0,鈴木太,井樋一,,,,,,,0,0
2024/06/23,金沢,4,祝！！小堀悦宏　定年記念杯☆Ｃ１四,1500,ダ,右,不良,雨,9,6,6,フェイスタロー,牡,7,56.0,0,0,中島龍,川添明,,,,,,,0,0
2024/06/23,金沢,5,ひさしさん還暦おめでとう記念Ｃ１三,1500,ダ,右,不良,雨,10,4,4,タイクーン,牡,5,56.0,529,-11,中島龍,加藤和,,1,1:36.8,38.8,5-6-4-2,1,529,-11
2024/06/23,金沢,5,ひさしさん還暦おめでとう記念Ｃ１三,1500,ダ,右,不良,雨,10,7,8,ヴイエルジュ,牝,4,54.0,454,4,加藤翔,加藤義,,2,1:37.4,39.9,2-2-2-3,5,454,4
2024/06/23,金沢,5,ひさしさん還暦おめでとう記念Ｃ１三,1500,ダ,右,不良,雨,10,7,7,ユキゲショウ,牝,5,54.0,467,5,松戸政,川添明,,3,1:37.5,40.1,1-1-1-1,2,467,5
2024/06/23,金沢,5,ひさしさん還暦おめでとう記念Ｃ１三,1500,ダ,右,不良,雨,10,8,9,ブリクシア,牡,6,56.0,515,3,田知弘,金田一,,4,1:37.5,39.7,3-3-3-3,4,515,3
2024/06/23,金沢,5,ひさしさん還暦おめでとう記念Ｃ１三,1500,ダ,右,不良,雨,10,6,6,コンパウンダー,牡,9,56.0,464,0,栗原大,川添明,,5,1:37.9,39.8,7-7-6-5,3,464,0
2024/06/23,金沢,5,ひさしさん還暦おめでとう記念Ｃ１三,1500,ダ,右,不良,雨,10,8,10,ドミナンス,牡,5,56.0,446,-3,兼子千,宗綱泰,,6,1:37.9,38.9,10-10-9-8,8,446,-3
2024/06/23,金沢,5,ひさしさん還暦おめでとう記念Ｃ１三,1500,ダ,右,不良,雨,10,2,2,イズジョーアーサー,牡,5,56.0,507,0,米倉知,藤田弘,,7,1:38.2,39.6,9-8-8-6,9,507,0
2024/06/23,金沢,5,ひさしさん還暦おめでとう記念Ｃ１三,1500,ダ,右,不良,雨,10,5,5,エイシンウィンク,牝,6,54.0,438,3,柴田勇,菅原欣,,8,1:38.6,40.7,4-4-4-6,7,438,3
2024/06/23,金沢,5,ひさしさん還暦おめでとう記念Ｃ１三,1500,ダ,右,不良,雨,10,3,3,ナイトスターリリー,牝,7,54.0,462,0,堀場裕,高橋優,,9,1:38.8,40.6,6-5-7-9,6,462,0
2024/06/23,金沢,5,ひさしさん還暦おめでとう記念Ｃ１三,1500,ダ,右,不良,雨,10,1,1,カズノザンゲツ,牝,5,54.0,503,4,魚住謙,宗綱泰,,10,1:42.0,43.2,8-8-9-10,10,503,4
2024/06/23,金沢,6,マミさんとおいしいおいもの推し活３歳Ａ２,1400,ダ,右,不良,雨,8,3,3,シルバヴール,牝,3,54.0,408,2,柴田勇,中川雅,,1,1:30.1,39.3,1-1-1-1,1,408,2
2024/06/23,金沢,6,マミさんとおいしいおいもの推し活３歳Ａ２,1400,ダ,右,不良,雨,8,8,8,ダズリングレイ,牝,3,54.0,493,8,平瀬城,黒木豊,,2,1:30.1,39.1,2-2-1-2,5,493,8
2024/06/23,金沢,6,マミさんとおいしいおいもの推し活３歳Ａ２,1400,ダ,右,不良,雨,8,7,7,ドンリュウスター,牡,3,56.0,444,2,中島龍,高橋俊,,3,1:30.3,39.2,5-5-3-3,3,444,2
2024/06/23,金沢,6,マミさんとおいしいおいもの推し活３歳Ａ２,1400,ダ,右,不良,雨,8,6,6,ミラクルカカオ,牝,3,54.0,409,-1,田知弘,加藤義,,4,1:30.6,37.7,8-8-8-6,8,409,-1
2024/06/23,金沢,6,マミさんとおいしいおいもの推し活３歳Ａ２,1400,ダ,右,不良,雨,8,5,5,ニキ,牡,3,56.0,493,2,加藤翔,加藤義,,5,1:30.9,39.7,3-4-4-4,2,493,2
2024/06/23,金沢,6,マミさんとおいしいおいもの推し活３歳Ａ２,1400,ダ,右,不良,雨,8,1,1,ヌンコッチ,牝,3,54.0,458,1,鈴木太,加藤和,,6,1:31.5,39.9,6-6-5-5,6,458,1
2024/06/23,金沢,6,マミさんとおいしいおいもの推し活３歳Ａ２,1400,ダ,右,不良,雨,8,2,2,ピオニエーレ,牡,3,56.0,433,-5,魚住謙,金田一,,7,1:31.7,39.6,7-7-6-7,7,433,-5
2024/06/23,金沢,6,マミさんとおいしいおいもの推し活３歳Ａ２,1400,ダ,右,不良,雨,8,4,4,ガガヒャクマンゴク,牡,3,56.0,519,-6,堀場裕,加藤義,,8,1:34.2,42.5,4-2-7-8,4,519,-6
2024/06/23,金沢,7,楽天競馬で特産品プレゼント締切間３歳Ａ１,1700,ダ,右,不良,雨,8,6,6,エイシンノヴァ,牡,3,56.0,441,2,中島龍,中川雅,,1,1:49.9,37.8,1-1-1-1,2,441,2
2024/06/23,金沢,7,楽天競馬で特産品プレゼント締切間３歳Ａ１,1700,ダ,右,不良,雨,8,1,1,ロックシティボーイ,牡,3,56.0,445,-1,堀場裕,加藤和,,2,1:50.2,36.4,5-5-4-4,1,445,-1
2024/06/23,金沢,7,楽天競馬で特産品プレゼント締切間３歳Ａ１,1700,ダ,右,不良,雨,8,5,5,フィンガーズクロス,牡,3,56.0,503,-5,加藤翔,金田一,,3,1:50.6,38.0,3-3-3-2,4,503,-5
2024/06/23,金沢,7,楽天競馬で特産品プレゼント締切間３歳Ａ１,1700,ダ,右,不良,雨,8,8,8,マイネルスピカ,牡,3,56.0,450,-6,栗原大,加藤和,,4,1:50.8,38.6,2-2-2-3,5,450,-6
2024/06/23,金沢,7,楽天競馬で特産品プレゼント締切間３歳Ａ１,1700,ダ,右,不良,雨,8,7,7,サザンフィールド,牡,3,56.0,426,0,柴田勇,金田一,,5,1:51.7,37.8,6-6-6-6,6,426,0
2024/06/23,金沢,7,楽天競馬で特産品プレゼント締切間３歳Ａ１,1700,ダ,右,不良,雨,8,4,4,バスターショット,セ,0,56.0,428,1,葛山晃,高橋俊,,6,1:51.7,38.2,4-4-4-5,7,428,1
2024/06/23,金沢,7,楽天競馬で特産品プレゼント締切間３歳Ａ１,1700,ダ,右,不良,雨,8,2,2,ラシェンテ,牝,3,54.0,441,4,鈴木太,井樋一,,7,1:51.9,38.0,7-6-7-7,3,441,4
2024/06/23,金沢,7,楽天競馬で特産品プレゼント締切間３歳Ａ１,1700,ダ,右,不良,雨,8,3,3,テルケンレンテル,牡,3,56.0,480,1,甲賀弘,川添明,,8,1:55.4,39.4,8-8-8-8,8,480,1
2024/06/23,金沢,8,トレーナー様とるるの単発回避祈願杯Ｂ１二,1500,ダ,右,不良,雨,8,3,3,フェイマスグローリ,牡,4,56.0,520,-2,吉田晃,佐藤茂,,1,1:35.3,38.4,3-3-2-2,1,520,-2
2024/06/23,金沢,8,トレーナー様とるるの単発回避祈願杯Ｂ１二,1500,ダ,右,不良,雨,8,7,7,ピンクビジョン,牝,4,54.0,421,-1,鈴木太,加藤和,,2,1:36.0,38.4,6-6-5-3,6,421,-1
2024/06/23,金沢,8,トレーナー様とるるの単発回避祈願杯Ｂ１二,1500,ダ,右,不良,雨,8,8,8,ルナエルモッサ,牝,5,54.0,429,-2,魚住謙,川添明,,3,1:36.3,40.1,1-1-1-1,8,429,-2
2024/06/23,金沢,8,トレーナー様とるるの単発回避祈願杯Ｂ１二,1500,ダ,右,不良,雨,8,2,2,ベルウッドムサシ,牡,4,56.0,459,0,堀場裕,加藤義,,4,1:36.6,38.5,7-7-7-8,7,459,0
2024/06/23,金沢,8,トレーナー様とるるの単発回避祈願杯Ｂ１二,1500,ダ,右,不良,雨,8,4,4,クリノヒビキ,セ,0,56.0,520,2,葛山晃,井樋一,,5,1:36.8,38.3,8-8-8-7,5,520,2
2024/06/23,金沢,8,トレーナー様とるるの単発回避祈願杯Ｂ１二,1500,ダ,右,不良,雨,8,6,6,ラテントパワーズ,牡,8,56.0,547,12,加藤翔,加藤義,,6,1:36.9,40.2,2-2-3-4,4,547,12
2024/06/23,金沢,8,トレーナー様とるるの単発回避祈願杯Ｂ１二,1500,ダ,右,不良,雨,8,5,5,ハガネ,牡,4,56.0,468,1,米倉知,藤田弘,,7,1:37.2,39.7,5-5-5-5,2,468,1
2024/06/23,金沢,8,トレーナー様とるるの単発回避祈願杯Ｂ１二,1500,ダ,右,不良,雨,8,1,1,ジャストインタイム,牡,8,56.0,495,3,中島龍,高橋俊,,8,1:38.8,41.7,4-4-4-6,3,495,3
2024/06/23,金沢,9,能登半島地震復興支援特別Ｂ１一,1400,ダ,右,不良,雨,10,8,9,デイドリームビーチ,牡,4,56.0,469,0,中島龍,金田一,,1,1:27.9,37.6,3-4-1-1,3,469,0
2024/06/23,金沢,9,能登半島地震復興支援特別Ｂ１一,1400,ダ,右,不良,雨,10,6,6,デルマウオッカ,牡,9,56.0,509,8,吉原寛,加藤義,,2,1:28.2,37.7,6-6-2-1,1,509,8
2024/06/23,金沢,9,能登半島地震復興支援特別Ｂ１一,1400,ダ,右,不良,雨,10,4,4,イリュージョニスト,牡,8,56.0,520,-1,葛山晃,高橋俊,,3,1:28.5,37.8,3-3-4-3,4,520,-1
2024/06/23,金沢,9,能登半島地震復興支援特別Ｂ１一,1400,ダ,右,不良,雨,10,1,1,グランメゾン,牝,5,54.0,442,-1,兼子千,宗綱泰,,4,1:29.7,38.7,5-5-6-5,7,442,-1
2024/06/23,金沢,9,能登半島地震復興支援特別Ｂ１一,1400,ダ,右,不良,雨,10,7,7,ピエナパプリカ,牡,6,56.0,481,2,栗原大,鋤田誠,,5,1:30.1,38.8,6-7-7-7,8,481,2
2024/06/23,金沢,9,能登半島地震復興支援特別Ｂ１一,1400,ダ,右,不良,雨,10,3,3,ハローキャンディ,牝,7,54.0,457,5,加藤翔,加藤義,,6,1:30.3,38.8,10-9-8-8,2,457,5
2024/06/23,金沢,9,能登半島地震復興支援特別Ｂ１一,1400,ダ,右,不良,雨,10,2,2,ピースイギー,牝,5,54.0,423,0,田知弘,金田一,,7,1:30.7,39.9,2-2-5-6,9,423,0
2024/06/23,金沢,9,能登半島地震復興支援特別Ｂ１一,1400,ダ,右,不良,雨,10,5,5,エイシンリュージュ,牡,5,56.0,503,-9,魚住謙,鋤田誠,,8,1:30.8,39.2,8-8-9-9,10,503,-9
2024/06/23,金沢,9,能登半島地震復興支援特別Ｂ１一,1400,ダ,右,不良,雨,10,8,10,ワンダーウォール,牡,6,56.0,469,11,松戸政,宗綱泰,,9,1:31.2,39.5,9-9-10-10,5,469,11
2024/06/23,金沢,9,能登半島地震復興支援特別Ｂ１一,1400,ダ,右,不良,雨,10,7,8,ミーハディビーナ,牝,7,54.0,441,-3,柴田勇,菅原欣,,10,1:31.7,41.4,1-1-2-4,6,441,-3
2024/06/23,金沢,10,茅の輪くぐり特別Ａ２二,1500,ダ,右,不良,雨,9,8,8,ジェイケイミリミリ,牝,5,54.0,473,0,中島龍,高橋俊,,1,1:34.6,37.9,4-4-2-1,1,473,0
2024/06/23,金沢,10,茅の輪くぐり特別Ａ２二,1500,ダ,右,不良,雨,9,7,7,ラマジ,牝,4,54.0,447,0,堀場裕,鈴木正,,2,1:35.4,37.0,7-7-6-5,4,447,0
2024/06/23,金沢,10,茅の輪くぐり特別Ａ２二,1500,ダ,右,不良,雨,9,6,6,ヤイバ,牡,5,56.0,466,-1,吉原寛,加藤義,,3,1:36.1,38.5,5-5-5-3,3,466,-1
2024/06/23,金沢,10,茅の輪くぐり特別Ａ２二,1500,ダ,右,不良,雨,9,2,2,エイチエヌバンピー,牡,4,56.0,466,-1,米倉知,佐藤茂,,4,1:36.1,37.7,9-9-6-7,2,466,-1
2024/06/23,金沢,10,茅の輪くぐり特別Ａ２二,1500,ダ,右,不良,雨,9,3,3,ファントムルージュ,牝,6,54.0,463,1,柴田勇,中川雅,,5,1:36.3,39.7,1-2-3-2,7,463,1
2024/06/23,金沢,10,茅の輪くぐり特別Ａ２二,1500,ダ,右,不良,雨,9,4,4,ミオソフィア,牝,4,54.0,407,-5,田知弘,中川雅,,6,1:36.7,39.8,3-3-4-5,6,407,-5
2024/06/23,金沢,10,茅の輪くぐり特別Ａ２二,1500,ダ,右,不良,雨,9,1,1,サキガケバイオ,牝,6,54.0,492,16,栗原大,菅原欣,,7,1:37.1,38.6,6-6-8-8,8,492,16
2024/06/23,金沢,10,茅の輪くぐり特別Ａ２二,1500,ダ,右,不良,雨,9,5,5,マノンルージュ,牡,5,56.0,467,-5,魚住謙,鈴木正,,8,1:37.8,38.9,8-8-9-9,9,467,-5
2024/06/23,金沢,10,茅の輪くぐり特別Ａ２二,1500,ダ,右,不良,雨,9,8,9,アリアージュ,牡,4,56.0,443,-3,吉田晃,加藤和,,9,1:38.0,41.6,1-1-1-4,5,443,-3
2024/06/23,金沢,11,加賀友禅賞３歳牝馬,1400,ダ,右,不良,雨,10,2,2,リケアマロン,牝,3,55.0,422,4,吉原寛,加藤義,,1,1:27.7,38.8,1-1-1-1,1,422,4
2024/06/23,金沢,11,加賀友禅賞３歳牝馬,1400,ダ,右,不良,雨,10,1,1,プレストマーヴェル,牝,3,54.0,435,-3,堀場裕,井樋一,,2,1:28.4,39.2,4-3-2-2,3,435,-3
2024/06/23,金沢,11,加賀友禅賞３歳牝馬,1400,ダ,右,不良,雨,10,8,9,エムティトップ,牝,3,54.0,398,-3,中島龍,佐藤茂,,3,1:28.9,39.0,5-4-4-3,5,398,-3
2024/06/23,金沢,11,加賀友禅賞３歳牝馬,1400,ダ,右,不良,雨,10,8,10,トルピード,牝,3,54.0,433,4,栗原大,高橋俊,,4,1:28.9,39.0,5-4-5-4,4,433,4
2024/06/23,金沢,11,加賀友禅賞３歳牝馬,1400,ダ,右,不良,雨,10,4,4,シャトルトウショウ,牝,3,54.0,499,-2,吉田晃,佐藤茂,,5,1:30.2,39.9,2-6-6-5,2,499,-2
2024/06/23,金沢,11,加賀友禅賞３歳牝馬,1400,ダ,右,不良,雨,10,5,5,スターマンモス,牝,3,54.0,483,1,加藤翔,藤田弘,,6,1:30.4,39.3,7-7-7-7,9,483,1
2024/06/23,金沢,11,加賀友禅賞３歳牝馬,1400,ダ,右,不良,雨,10,3,3,バージンエスパー,牝,3,54.0,407,0,池田敦,藤田弘,,7,1:31.0,41.6,2-2-3-6,6,407,0
2024/06/23,金沢,11,加賀友禅賞３歳牝馬,1400,ダ,右,不良,雨,10,6,6,ナイトプラネット,牝,3,54.0,442,-1,松戸政,井樋一,,8,1:31.2,39.3,9-9-9-8,8,442,-1
2024/06/23,金沢,11,加賀友禅賞３歳牝馬,1400,ダ,右,不良,雨,10,7,8,レーヴァローゼ,牝,3,54.0,415,6,米倉知,藤田弘,,9,1:32.0,39.2,10-10-10-10,7,415,6
2024/06/23,金沢,11,加賀友禅賞３歳牝馬,1400,ダ,右,不良,雨,10,7,7,サンヨウアカヘル,牝,3,54.0,428,-5,甲賀弘,田嶋幸,,10,1:32.6,41.2,7-8-8-9,10,428,-5
2024/06/24,金沢,1,３歳Ｂ６,1500,ダ,右,重,曇,11,8,10,フレーズタルト,牝,3,54.0,476,12,中島龍,中川雅,,1,1:34.3,38.2,1-1-1-1,1,476,12
2024/06/24,金沢,1,３歳Ｂ６,1500,ダ,右,重,曇,11,2,2,モニーレ,牝,3,54.0,477,25,吉原寛,加藤義,,2,1:37.5,39.3,6-3-3-2,2,477,25
2024/06/24,金沢,1,３歳Ｂ６,1500,ダ,右,重,曇,11,4,4,トウケンスピカ,牝,3,54.0,460,16,柴田勇,金田一,,3,1:38.8,40.5,8-4-4-4,4,460,16
2024/06/24,金沢,1,３歳Ｂ６,1500,ダ,右,重,曇,11,3,3,インティメート,牝,3,54.0,437,-3,加藤翔,井樋一,,4,1:38.8,40.5,3-5-4-4,3,437,-3
2024/06/24,金沢,1,３歳Ｂ６,1500,ダ,右,重,曇,11,6,7,ミュークロア,牝,3,54.0,409,10,魚住謙,高橋俊,,5,1:39.2,40.0,5-6-8-7,7,409,10
2024/06/24,金沢,1,３歳Ｂ６,1500,ダ,右,重,曇,11,1,1,ガラスノイチゴ,牝,3,54.0,422,7,栗原大,菅原欣,,6,1:39.2,40.3,10-7-7-6,10,422,7
2024/06/24,金沢,1,３歳Ｂ６,1500,ダ,右,重,曇,11,6,6,アストリット,牝,3,54.0,467,3,池田敦,藤田弘,,7,1:40.0,43.3,2-2-2-3,5,467,3
2024/06/24,金沢,1,３歳Ｂ６,1500,ダ,右,重,曇,11,7,9,シャンパンコール,牝,3,54.0,445,-1,葛山晃,川添明,,8,1:40.5,41.8,9-7-6-8,6,445,-1
2024/06/24,金沢,1,３歳Ｂ６,1500,ダ,右,重,曇,11,8,11,ロロスピアー,牡,3,56.0,421,-1,兼子千,宗綱泰,,9,1:42.1,42.2,7-10-9-9,9,421,-1
2024/06/24,金沢,1,３歳Ｂ６,1500,ダ,右,重,曇,11,7,8,ランハルト,牡,3,56.0,453,2,田知弘,金田一,,10,1:43.0,43.9,4-9-9-10,11,453,2
2024/06/24,金沢,1,３歳Ｂ６,1500,ダ,右,重,曇,11,5,5,ナムラオルトロス,牡,3,56.0,454,16,吉田晃,佐藤茂,,,,,,8,454,16
2024/06/24,金沢,2,３歳Ｂ５,1400,ダ,右,重,曇,6,4,4,メイショウナオマサ,牡,3,56.0,487,-2,中島龍,加藤和,,1,1:29.5,38.8,1-1-1-1,3,487,-2
2024/06/24,金沢,2,３歳Ｂ５,1400,ダ,右,重,曇,6,6,6,プリティドヌーヴ,牝,3,54.0,424,12,栗原大,菅原欣,,2,1:31.9,40.9,1-3-2-2,1,424,12
2024/06/24,金沢,2,３歳Ｂ５,1400,ダ,右,重,曇,6,5,5,ドレッドステータス,牝,3,54.0,447,0,魚住謙,田嶋幸,,3,1:32.1,41.0,3-2-3-3,5,447,0
2024/06/24,金沢,2,３歳Ｂ５,1400,ダ,右,重,曇,6,3,3,ナックレインボー,牝,3,54.0,482,-4,米倉知,中川雅,,4,1:32.7,39.7,6-6-6-6,4,482,-4
2024/06/24,金沢,2,３歳Ｂ５,1400,ダ,右,重,曇,6,2,2,フェルマーポイント,牡,3,56.0,518,-11,柴田勇,金田一,,5,1:33.2,41.8,4-4-4-4,2,518,-11
2024/06/24,金沢,2,３歳Ｂ５,1400,ダ,右,重,曇,6,1,1,パラベイド,牡,3,56.0,526,-2,池田敦,高橋俊,,6,1:33.7,41.5,5-5-5-5,6,526,-2
2024/06/24,金沢,3,３歳Ｂ４,1500,ダ,右,重,晴,10,3,3,ラベンダーマカロン,牝,3,54.0,467,2,堀場裕,加藤和,,1,1:38.1,41.4,1-1-1-1,1,467,2
2024/06/24,金沢,3,３歳Ｂ４,1500,ダ,右,重,晴,10,5,5,ミッドナッツソル,牝,3,54.0,446,2,栗原大,加藤和,,2,1:38.4,41.1,4-4-4-2,2,446,2
2024/06/24,金沢,3,３歳Ｂ４,1500,ダ,右,重,晴,10,8,10,ボルドーエゾンス,牝,3,54.0,407,3,葛山晃,高橋俊,,3,1:38.6,39.4,8-8-8-7,5,407,3
2024/06/24,金沢,3,３歳Ｂ４,1500,ダ,右,重,晴,10,7,8,アオイカメリア,牝,3,54.0,430,2,鈴木太,加藤義,,4,1:38.7,40.3,7-7-6-4,9,430,2
2024/06/24,金沢,3,３歳Ｂ４,1500,ダ,右,重,晴,10,7,7,エミリアエミリオ,牝,3,54.0,440,7,柴田勇,中川雅,,5,1:38.8,39.7,9-10-7-7,6,440,7
2024/06/24,金沢,3,３歳Ｂ４,1500,ダ,右,重,晴,10,2,2,ゴールドジューク,牡,3,56.0,449,-12,中島龍,中川雅,,6,1:39.3,42.3,3-3-3-3,3,449,-12
2024/06/24,金沢,3,３歳Ｂ４,1500,ダ,右,重,晴,10,4,4,リフトローダー,牝,3,54.0,478,-6,甲賀弘,高橋俊,,7,1:39.8,40.2,9-9-10-9,7,478,-6
2024/06/24,金沢,3,３歳Ｂ４,1500,ダ,右,重,晴,10,6,6,フューゲイシャス,牡,3,56.0,455,7,松戸政,田嶋幸,,8,1:40.2,42.2,5-5-5-5,10,455,7
2024/06/24,金沢,3,３歳Ｂ４,1500,ダ,右,重,晴,10,8,9,シャインウォーリア,牝,3,54.0,560,12,田知弘,田嶋幸,,9,1:41.7,44.9,2-2-2-5,4,560,12
2024/06/24,金沢,3,３歳Ｂ４,1500,ダ,右,重,晴,10,1,1,ランフォーリリーズ,牝,3,54.0,406,0,魚住謙,高橋優,,10,1:42.8,43.4,6-6-9-10,8,406,0
2024/06/24,金沢,4,３歳Ｂ３,1400,ダ,右,重,晴,9,2,2,レクエルダメ,牝,3,54.0,453,2,栗原大,金田一,,1,1:30.3,38.4,3-4-3-1,3,453,2
2024/06/24,金沢,4,３歳Ｂ３,1400,ダ,右,重,晴,9,8,8,キセキノクニ,セ,0,56.0,447,7,魚住謙,川添明,,2,1:30.3,38.5,1-2-4-3,4,447,7
2024/06/24,金沢,4,３歳Ｂ３,1400,ダ,右,重,晴,9,4,4,ミューシグ,牝,3,54.0,473,5,柴田勇,金田一,,3,1:30.8,39.1,3-2-2-4,1,473,5
2024/06/24,金沢,4,３歳Ｂ３,1400,ダ,右,重,晴,9,8,9,トウメイヨリキレイ,牝,3,54.0,397,-1,甲賀弘,黒木豊,,4,1:30.8,39.3,1-1-1-2,7,397,-1
2024/06/24,金沢,4,３歳Ｂ３,1400,ダ,右,重,晴,9,3,3,ヴェネラリア,牝,3,54.0,431,-5,堀場裕,中川雅,,5,1:31.5,39.2,7-6-6-5,5,431,-5
2024/06/24,金沢,4,３歳Ｂ３,1400,ダ,右,重,晴,9,5,5,ハセケンザン,牡,3,56.0,541,-2,兼子千,野田幸,,6,1:32.0,39.3,9-9-8-7,6,541,-2
2024/06/24,金沢,4,３歳Ｂ３,1400,ダ,右,重,晴,9,1,1,ムゲーテスペランサ,牝,3,54.0,467,12,中島龍,佐藤茂,,7,1:32.0,39.9,5-5-5-6,2,467,12
2024/06/24,金沢,4,３歳Ｂ３,1400,ダ,右,重,晴,9,6,6,ラブリネス,牝,3,54.0,355,1,鈴木太,加藤義,,8,1:32.7,40.0,8-8-8-9,9,355,1
2024/06/24,金沢,4,３歳Ｂ３,1400,ダ,右,重,晴,9,7,7,リュウノラッシュ,牝,3,54.0,381,0,加藤翔,加藤義,,9,1:33.0,40.6,5-6-6-8,8,381,0
2024/06/24,金沢,5,まーぶるきゅーと！すみだ誕生杯３歳Ｂ２,1500,ダ,右,重,晴,9,3,3,キープインマインド,牡,3,56.0,493,-1,中島龍,加藤和,,1,1:37.0,40.2,4-4-2-1,1,493,-1
2024/06/24,金沢,5,まーぶるきゅーと！すみだ誕生杯３歳Ｂ２,1500,ダ,右,重,晴,9,8,9,ガーデンオブエデン,牝,3,54.0,465,-6,栗原大,加藤和,,2,1:37.1,40.4,2-2-1-2,2,465,-6
2024/06/24,金沢,5,まーぶるきゅーと！すみだ誕生杯３歳Ｂ２,1500,ダ,右,重,晴,9,6,6,シェルターベルト,牝,3,54.0,468,-3,米倉知,高橋俊,,3,1:37.4,39.6,5-5-5-3,4,468,-3
2024/06/24,金沢,5,まーぶるきゅーと！すみだ誕生杯３歳Ｂ２,1500,ダ,右,重,晴,9,2,2,アクス,牝,3,54.0,415,-2,田知弘,佐藤茂,,4,1:38.7,39.6,6-7-7-7,5,415,-2
2024/06/24,金沢,5,まーぶるきゅーと！すみだ誕生杯３歳Ｂ２,1500,ダ,右,重,晴,9,5,5,アイノユメテーラー,牝,3,54.0,464,-4,柴田勇,中川雅,,5,1:38.9,41.7,3-3-4-4,7,464,-4
2024/06/24,金沢,5,まーぶるきゅーと！すみだ誕生杯３歳Ｂ２,1500,ダ,右,重,晴,9,1,1,センタービット,牡,3,56.0,420,-2,池田敦,高橋俊,,6,1:39.1,40.5,6-6-6-6,6,420,-2
2024/06/24,金沢,5,まーぶるきゅーと！すみだ誕生杯３歳Ｂ２,1500,ダ,右,重,晴,9,4,4,オーデンリッキー,牝,3,54.0,459,9,甲賀弘,高橋俊,,7,1:40.5,40.5,8-8-8-8,9,459,9
2024/06/24,金沢,5,まーぶるきゅーと！すみだ誕生杯３歳Ｂ２,1500,ダ,右,重,晴,9,8,8,ブラヴォージャパン,牝,3,54.0,411,-6,吉原寛,佐藤茂,,8,1:40.6,43.9,1-1-3-5,3,411,-6
2024/06/24,金沢,5,まーぶるきゅーと！すみだ誕生杯３歳Ｂ２,1500,ダ,右,重,晴,9,7,7,ユイノグランコード,牡,3,56.0,490,-5,加藤翔,加藤和,,9,1:41.9,41.0,9-9-9-9,8,490,-5
2024/06/24,金沢,6,インペリアルトパーズ特別３歳Ｂ１,1500,ダ,右,重,晴,9,5,5,スイートウィル,牝,3,54.0,412,-2,加藤翔,加藤和,,1,1:37.2,40.0,2-2-1-1,5,412,-2
2024/06/24,金沢,6,インペリアルトパーズ特別３歳Ｂ１,1500,ダ,右,重,晴,9,4,4,ワイドステラ,牝,3,54.0,449,-1,米倉知,加藤和,,2,1:37.3,39.9,4-3-3-1,4,449,-1
2024/06/24,金沢,6,インペリアルトパーズ特別３歳Ｂ１,1500,ダ,右,重,晴,9,7,7,ロングレジリエント,牡,3,56.0,439,2,中島龍,藤田弘,,3,1:37.3,39.2,8-8-8-4,8,439,2
2024/06/24,金沢,6,インペリアルトパーズ特別３歳Ｂ１,1500,ダ,右,重,晴,9,6,6,ハーバーフロント,牝,3,54.0,411,2,吉原寛,金田一,,4,1:37.3,39.9,7-7-2-3,3,411,2
2024/06/24,金沢,6,インペリアルトパーズ特別３歳Ｂ１,1500,ダ,右,重,晴,9,8,8,ジークアスリート,牡,3,56.0,423,5,松戸政,菅原欣,,5,1:37.6,39.0,9-9-9-7,6,423,5
2024/06/24,金沢,6,インペリアルトパーズ特別３歳Ｂ１,1500,ダ,右,重,晴,9,3,3,ダンテズセヴン,牝,3,54.0,415,-4,田知弘,田嶋幸,,6,1:37.7,40.0,6-6-6-6,1,415,-4
2024/06/24,金沢,6,インペリアルトパーズ特別３歳Ｂ１,1500,ダ,右,重,晴,9,8,9,トップリアル,牝,3,54.0,420,1,兼子千,高橋道,,7,1:37.8,40.3,3-3-3-4,9,420,1
2024/06/24,金沢,6,インペリアルトパーズ特別３歳Ｂ１,1500,ダ,右,重,晴,9,1,1,ガンジャクィーン,牝,3,54.0,434,-2,堀場裕,中川雅,,8,1:38.9,41.2,4-5-6-7,2,434,-2
2024/06/24,金沢,6,インペリアルトパーズ特別３歳Ｂ１,1500,ダ,右,重,晴,9,2,2,ビルマチーク,牝,3,54.0,438,-1,栗原大,菅原欣,,9,1:39.7,42.4,1-1-3-7,7,438,-1
2024/06/24,金沢,7,祝！久嗣君＆香奈さん御結婚記念レーＣ１二,1500,ダ,右,重,晴,9,1,1,インワンシティング,セ,0,56.0,439,2,栗原大,加藤和,,1,1:36.6,38.4,5-5-5-3,1,439,2
2024/06/24,金沢,7,祝！久嗣君＆香奈さん御結婚記念レーＣ１二,1500,ダ,右,重,晴,9,5,5,ワルツフォーデビー,牡,7,56.0,469,-4,平瀬城,黒木豊,,2,1:37.2,39.8,4-3-4-1,2,469,-4
2024/06/24,金沢,7,祝！久嗣君＆香奈さん御結婚記念レーＣ１二,1500,ダ,右,重,晴,9,4,4,エイシンシルエット,牝,6,54.0,478,0,甲賀弘,室井眞,,3,1:37.4,40.3,1-1-1-2,4,478,0
2024/06/24,金沢,7,祝！久嗣君＆香奈さん御結婚記念レーＣ１二,1500,ダ,右,重,晴,9,8,8,マーブルミミ,牝,4,54.0,422,-1,葛山晃,藤田弘,,4,1:37.5,38.9,6-6-6-7,5,422,-1
2024/06/24,金沢,7,祝！久嗣君＆香奈さん御結婚記念レーＣ１二,1500,ダ,右,重,晴,9,6,6,ブレッシングクライ,牡,5,56.0,513,4,中島龍,高橋俊,,5,1:37.8,40.5,2-2-2-5,3,513,4
2024/06/24,金沢,7,祝！久嗣君＆香奈さん御結婚記念レーＣ１二,1500,ダ,右,重,晴,9,2,2,エースアクシス,牝,8,54.0,405,-4,松戸政,井樋一,,6,1:37.8,38.7,8-9-8-9,7,405,-4
2024/06/24,金沢,7,祝！久嗣君＆香奈さん御結婚記念レーＣ１二,1500,ダ,右,重,晴,9,7,7,リュウノワシントン,牡,6,56.0,437,3,鈴木太,加藤義,,7,1:37.8,38.8,8-8-8-8,8,437,3
2024/06/24,金沢,7,祝！久嗣君＆香奈さん御結婚記念レーＣ１二,1500,ダ,右,重,晴,9,8,9,ハートリープ,牝,6,54.0,420,1,柴田勇,川添明,,8,1:38.0,40.6,3-4-3-4,6,420,1
2024/06/24,金沢,7,祝！久嗣君＆香奈さん御結婚記念レーＣ１二,1500,ダ,右,重,晴,9,3,3,スマイルセンプー,牡,4,56.0,491,-4,田知弘,金田一,,9,1:38.2,39.6,7-7-7-6,9,491,-4
2024/06/24,金沢,8,楽天競馬の特産品エントリー本日までＣ１一,1400,ダ,右,重,晴,9,5,5,レディグレイ,牝,8,54.0,487,0,吉原寛,井樋一,,1,1:29.9,37.8,9-9-4-4,1,487,0
2024/06/24,金沢,8,楽天競馬の特産品エントリー本日までＣ１一,1400,ダ,右,重,晴,9,4,4,レッツドゥイット,牝,5,54.0,453,-1,中島龍,佐藤茂,,2,1:29.9,38.7,1-1-1-2,5,453,-1
2024/06/24,金沢,8,楽天競馬の特産品エントリー本日までＣ１一,1400,ダ,右,重,晴,9,6,6,ラインハイト,牡,7,56.0,495,1,栗原大,加藤和,,3,1:29.9,38.5,2-2-1-1,3,495,1
2024/06/24,金沢,8,楽天競馬の特産品エントリー本日までＣ１一,1400,ダ,右,重,晴,9,1,1,マヒート,牡,4,56.0,482,-4,米倉知,佐藤茂,,4,1:30.2,38.8,4-3-3-3,2,482,-4
2024/06/24,金沢,8,楽天競馬の特産品エントリー本日までＣ１一,1400,ダ,右,重,晴,9,7,7,デルマスソバライ,牝,4,54.0,418,-2,加藤翔,加藤義,,5,1:30.6,38.5,3-4-6-6,4,418,-2
2024/06/24,金沢,8,楽天競馬の特産品エントリー本日までＣ１一,1400,ダ,右,重,晴,9,8,9,ナックメジャー,牡,5,56.0,483,-5,田知弘,金田一,,6,1:31.2,39.2,8-8-5-5,7,483,-5
2024/06/24,金沢,8,楽天競馬の特産品エントリー本日までＣ１一,1400,ダ,右,重,晴,9,8,8,マイネルパリオート,牡,6,56.0,466,-10,葛山晃,菅原欣,,7,1:32.5,40.1,5-6-7-7,8,466,-10
2024/06/24,金沢,8,楽天競馬の特産品エントリー本日までＣ１一,1400,ダ,右,重,晴,9,2,2,ビナプリンセス,牝,5,54.0,413,3,堀場裕,加藤和,,8,1:33.1,40.4,7-6-9-9,6,413,3
2024/06/24,金沢,8,楽天競馬の特産品エントリー本日までＣ１一,1400,ダ,右,重,晴,9,3,3,リリーズメモリー,牝,5,54.0,512,6,魚住謙,田嶋幸,,9,1:33.4,41.0,6-5-7-8,9,512,6
2024/06/24,金沢,9,大智＆香奈美ウェディングカップＢ１四,1500,ダ,右,重,晴,8,7,7,ヴィクターバローズ,セ,0,56.0,466,1,田知弘,中川雅,,1,1:35.1,38.2,2-2-2-1,1,466,1
2024/06/24,金沢,9,大智＆香奈美ウェディングカップＢ１四,1500,ダ,右,重,晴,8,8,8,ウインペルセ,牡,4,56.0,478,1,兼子千,佐藤茂,,2,1:35.2,38.0,3-4-4-2,2,478,1
2024/06/24,金沢,9,大智＆香奈美ウェディングカップＢ１四,1500,ダ,右,重,晴,8,4,4,ロードグリュック,牡,7,56.0,492,13,甲賀弘,田嶋幸,,3,1:36.7,39.0,6-6-6-5,5,492,13
2024/06/24,金沢,9,大智＆香奈美ウェディングカップＢ１四,1500,ダ,右,重,晴,8,6,6,ラブスレンダー,牝,4,54.0,427,1,栗原大,宗綱泰,,4,1:36.9,40.2,1-1-1-3,6,427,1
2024/06/24,金沢,9,大智＆香奈美ウェディングカップＢ１四,1500,ダ,右,重,晴,8,2,2,フェイマスアレグロ,牝,4,54.0,428,0,吉原寛,佐藤茂,,5,1:36.9,39.7,5-5-3-4,4,428,0
2024/06/24,金沢,9,大智＆香奈美ウェディングカップＢ１四,1500,ダ,右,重,晴,8,1,1,プレミアマイン,牝,4,54.0,479,-4,米倉知,加藤和,,6,1:36.9,38.2,8-8-8-7,3,479,-4
2024/06/24,金沢,9,大智＆香奈美ウェディングカップＢ１四,1500,ダ,右,重,晴,8,5,5,シークレットグロウ,牡,5,56.0,436,-3,魚住謙,鋤田誠,,7,1:37.5,40.3,3-3-5-6,8,436,-3
2024/06/24,金沢,9,大智＆香奈美ウェディングカップＢ１四,1500,ダ,右,重,晴,8,3,3,ナギサノチャコ,牝,4,54.0,398,7,堀場裕,高橋優,,8,1:38.2,40.0,7-7-7-7,7,398,7
2024/06/24,金沢,10,能登半島地震復興支援杯Ｂ１三,1400,ダ,右,重,晴,6,6,6,ジャックトマメノキ,牡,4,56.0,458,-2,田知弘,金田一,,1,1:28.9,38.2,1-1-1-1,2,458,-2
2024/06/24,金沢,10,能登半島地震復興支援杯Ｂ１三,1400,ダ,右,重,晴,6,5,5,リンギングフォン,牝,5,54.0,452,0,松戸政,井樋一,,2,1:29.3,37.9,3-4-3-4,1,452,0
2024/06/24,金沢,10,能登半島地震復興支援杯Ｂ１三,1400,ダ,右,重,晴,6,4,4,ホイッスルベイト,牝,5,54.0,451,-2,平瀬城,高橋俊,,3,1:29.4,38.7,2-2-1-2,4,451,-2
2024/06/24,金沢,10,能登半島地震復興支援杯Ｂ１三,1400,ダ,右,重,晴,6,3,3,クラウドクラスター,牡,5,56.0,492,-3,米倉知,佐藤茂,,4,1:29.5,37.4,6-6-5-5,5,492,-3
2024/06/24,金沢,10,能登半島地震復興支援杯Ｂ１三,1400,ダ,右,重,晴,6,1,1,ヴィルベッピンサン,牝,5,54.0,473,-6,魚住謙,鋤田誠,,5,1:29.6,37.9,3-3-4-3,6,473,-6
2024/06/24,金沢,10,能登半島地震復興支援杯Ｂ１三,1400,ダ,右,重,晴,6,2,2,ドルヴァル,牡,4,56.0,495,3,栗原大,加藤和,,6,1:30.8,38.6,5-5-6-6,3,495,3
2024/06/24,金沢,11,がんばろう石川の畜産特別Ａ２一,1700,ダ,右,重,曇,10,6,6,フラッグアドミラル,牡,10,56.0,481,-3,堀場裕,中川雅,,1,1:48.9,38.6,1-1-1-1,5,481,-3
2024/06/24,金沢,11,がんばろう石川の畜産特別Ａ２一,1700,ダ,右,重,曇,10,5,5,アイアムレジェンド,牡,8,56.0,502,3,柴田勇,佐藤茂,,2,1:49.2,38.2,4-4-5-4,2,502,3
2024/06/24,金沢,11,がんばろう石川の畜産特別Ａ２一,1700,ダ,右,重,曇,10,7,8,シェンフォン,牝,5,54.0,469,5,米倉知,加藤和,,3,1:49.6,39.0,3-3-3-2,1,469,5
2024/06/24,金沢,11,がんばろう石川の畜産特別Ａ２一,1700,ダ,右,重,曇,10,2,2,キョウエイロナ,牝,6,54.0,448,-1,栗原大,加藤和,,4,1:50.0,37.4,9-8-8-8,4,448,-1
2024/06/24,金沢,11,がんばろう石川の畜産特別Ａ２一,1700,ダ,右,重,曇,10,3,3,マイネルヘリテージ,牡,5,56.0,420,1,松戸政,井樋一,,5,1:50.2,38.1,7-7-7-6,6,420,1
2024/06/24,金沢,11,がんばろう石川の畜産特別Ａ２一,1700,ダ,右,重,曇,10,1,1,クールドレーヌ,牝,5,54.0,411,-3,吉原寛,高橋俊,,6,1:50.5,39.5,6-6-4-5,3,411,-3
2024/06/24,金沢,11,がんばろう石川の畜産特別Ａ２一,1700,ダ,右,重,曇,10,8,9,サンケイワールド,牡,6,56.0,489,0,中島龍,金田一,,7,1:50.9,40.5,2-2-2-3,8,489,0
2024/06/24,金沢,11,がんばろう石川の畜産特別Ａ２一,1700,ダ,右,重,曇,10,4,4,パディオアヘッド,セ,0,56.0,497,0,平瀬城,川添明,,8,1:50.9,37.9,8-10-10-10,10,497,0
2024/06/24,金沢,11,がんばろう石川の畜産特別Ａ２一,1700,ダ,右,重,曇,10,7,7,シュガーエンジェル,牝,5,54.0,402,2,魚住謙,宗綱泰,,9,1:51.3,38.7,9-8-9-9,9,402,2
2024/06/24,金沢,11,がんばろう石川の畜産特別Ａ２一,1700,ダ,右,重,曇,10,8,10,フミタツティンクル,牝,8,54.0,459,-1,兼子千,宗綱泰,,10,1:52.2,41.1,5-5-6-6,7,459,-1
2024/06/24,金沢,12,金沢競馬でチャンスをつかめ！３歳３歳Ｂ７,900,ダ,右,重,曇,12,5,6,ヘックス,牝,3,54.0,413,0,中島龍,佐藤茂,,1,0:56.4,36.7,1-1,2,413,0
2024/06/24,金沢,12,金沢競馬でチャンスをつかめ！３歳３歳Ｂ７,900,ダ,右,重,曇,12,6,7,センベロ,牝,3,54.0,384,1,松戸政,藤田弘,,2,0:56.5,36.5,2-2,5,384,1
2024/06/24,金沢,12,金沢競馬でチャンスをつかめ！３歳３歳Ｂ７,900,ダ,右,重,曇,12,8,12,ヒャクシキ,牡,3,56.0,428,-3,栗原大,加藤和,,3,0:57.0,36.6,6-3,1,428,-3
2024/06/24,金沢,12,金沢競馬でチャンスをつかめ！３歳３歳Ｂ７,900,ダ,右,重,曇,12,1,1,ナックエクスプレス,牝,3,54.0,426,-2,加藤翔,中川雅,,4,0:57.3,37.1,4-3,3,426,-2
2024/06/24,金沢,12,金沢競馬でチャンスをつかめ！３歳３歳Ｂ７,900,ダ,右,重,曇,12,7,10,アブデラザール,牝,3,54.0,390,0,吉原寛,加藤義,,5,0:57.4,37.2,4-3,4,390,0
2024/06/24,金沢,12,金沢競馬でチャンスをつかめ！３歳３歳Ｂ７,900,ダ,右,重,曇,12,4,4,オープンソース,牝,3,54.0,436,-1,甲賀弘,川添明,,6,0:57.8,37.0,7-7,11,436,-1
2024/06/24,金沢,12,金沢競馬でチャンスをつかめ！３歳３歳Ｂ７,900,ダ,右,重,曇,12,3,3,ヴァルチャー,牝,3,54.0,436,0,平瀬城,高橋俊,,7,0:58.1,37.9,3-6,12,436,0
2024/06/24,金沢,12,金沢競馬でチャンスをつかめ！３歳３歳Ｂ７,900,ダ,右,重,曇,12,5,5,エイシンソナタ,牝,3,54.0,426,5,葛山晃,菅原欣,,8,0:58.1,36.8,8-8,7,426,5
2024/06/24,金沢,12,金沢競馬でチャンスをつかめ！３歳３歳Ｂ７,900,ダ,右,重,曇,12,2,2,アイヲサケブオトコ,牡,3,56.0,450,1,鈴木太,室井眞,,9,0:58.6,37.3,9-9,9,450,1
2024/06/24,金沢,12,金沢競馬でチャンスをつかめ！３歳３歳Ｂ７,900,ダ,右,重,曇,12,7,9,ゴールデンスレッド,牝,3,54.0,434,-6,柴田勇,井樋一,,10,0:59.8,36.4,11-11,6,434,-6
2024/06/24,金沢,12,金沢競馬でチャンスをつかめ！３歳３歳Ｂ７,900,ダ,右,重,曇,12,6,8,モズクマチー,牝,3,54.0,457,-7,田知弘,加藤和,,11,1:00.0,37.8,10-10,8,457,-7
2024/06/24,金沢,12,金沢競馬でチャンスをつかめ！３歳３歳Ｂ７,900,ダ,右,重,曇,12,8,11,サンサンサンキュー,牡,3,56.0,476,-6,兼子千,菅原欣,,12,1:04.7,40.0,12-12,10,476,-6
2024/07/01,金沢,1,Ｃ２七特別編成,1500,ダ,右,不良,曇,10,5,5,ウインドアリエル,牝,6,54.0,434,1,栗原大,野田幸,,1,1:38.1,39.9,1-1-1-1,2,434,1
2024/07/01,金沢,1,Ｃ２七特別編成,1500,ダ,右,不良,曇,10,2,2,レッドフェリーチェ,牝,7,54.0,477,-6,葛山晃,菅原欣,,2,1:39.1,40.4,2-3-3-2,1,477,-6
2024/07/01,金沢,1,Ｃ２七特別編成,1500,ダ,右,不良,曇,10,8,9,シェーンシュタット,牡,6,56.0,449,2,堀場裕,加藤和,,3,1:39.2,40.4,5-4-3-4,10,449,2
2024/07/01,金沢,1,Ｃ２七特別編成,1500,ダ,右,不良,曇,10,6,6,ヨドノストーリー,牡,4,56.0,438,2,魚住謙,高橋優,,4,1:39.2,39.7,8-8-9-7,5,438,2
2024/07/01,金沢,1,Ｃ２七特別編成,1500,ダ,右,不良,曇,10,7,7,ツウカイステラ,牝,8,54.0,477,10,兼子千,宗綱泰,,5,1:39.4,39.2,10-10-10-9,6,477,10
2024/07/01,金沢,1,Ｃ２七特別編成,1500,ダ,右,不良,曇,10,1,1,スマッシュパワー,牡,7,56.0,454,-3,池田敦,高橋道,,6,1:39.4,40.9,2-2-2-3,4,454,-3
2024/07/01,金沢,1,Ｃ２七特別編成,1500,ダ,右,不良,曇,10,3,3,メトリカルセオリー,牝,5,54.0,477,-1,甲賀弘,黒木豊,,7,1:39.6,40.1,9-8-6-4,8,477,-1
2024/07/01,金沢,1,Ｃ２七特別編成,1500,ダ,右,不良,曇,10,8,10,アペーゴ,牝,4,54.0,390,2,吉田晃,佐藤茂,,8,1:39.6,40.6,6-6-3-6,3,390,2
2024/07/01,金沢,1,Ｃ２七特別編成,1500,ダ,右,不良,曇,10,4,4,デルマワルキューレ,牝,5,54.0,410,-6,松戸政,金田一,,9,1:39.7,40.5,6-6-6-8,9,410,-6
2024/07/01,金沢,1,Ｃ２七特別編成,1500,ダ,右,不良,曇,10,7,8,ウインドアカネール,牝,4,54.0,487,1,鈴木太,野田幸,,10,1:40.5,41.3,4-5-6-10,7,487,1
2024/07/01,金沢,2,Ｃ２六特別編成,1400,ダ,右,不良,曇,11,8,10,ゴールドレコーダー,牝,4,54.0,431,9,吉原寛,中川雅,,1,1:28.3,37.6,2-2-1-1,1,431,9
2024/07/01,金沢,2,Ｃ２六特別編成,1400,ダ,右,不良,曇,11,1,1,サーストンアイダホ,牡,5,56.0,490,0,兼子千,高橋道,,2,1:30.2,39.6,1-1-1-2,2,490,0
2024/07/01,金沢,2,Ｃ２六特別編成,1400,ダ,右,不良,曇,11,8,11,ノーザンピーク,牡,6,56.0,483,-1,魚住謙,高橋優,,3,1:30.6,38.9,3-4-3-3,7,483,-1
2024/07/01,金沢,2,Ｃ２六特別編成,1400,ダ,右,不良,曇,11,2,2,アイスケイブ,牝,5,54.0,423,2,栗原大,宗綱泰,,4,1:31.8,40.1,3-3-4-4,5,423,2
2024/07/01,金沢,2,Ｃ２六特別編成,1400,ダ,右,不良,曇,11,7,9,ノースヒビキ,牝,8,54.0,476,1,池田敦,高橋俊,,5,1:32.0,39.6,3-5-5-5,3,476,1
2024/07/01,金沢,2,Ｃ２六特別編成,1400,ダ,右,不良,曇,11,3,3,セブンハイ,牡,4,56.0,490,2,松戸政,金田一,,6,1:32.7,39.7,8-8-8-7,8,490,2
2024/07/01,金沢,2,Ｃ２六特別編成,1400,ダ,右,不良,曇,11,7,8,フラッシュダンス,牝,4,54.0,471,0,吉田晃,高橋俊,,7,1:33.0,40.4,6-6-6-6,6,471,0
2024/07/01,金沢,2,Ｃ２六特別編成,1400,ダ,右,不良,曇,11,4,4,シングンバズーカ,牡,7,56.0,483,-6,田知弘,金田一,,8,1:33.2,39.8,11-9-9-9,4,483,-6
2024/07/01,金沢,2,Ｃ２六特別編成,1400,ダ,右,不良,曇,11,6,6,キラールージュ,牝,4,54.0,426,-9,中島龍,鋤田誠,,9,1:33.2,40.5,7-7-7-7,10,426,-9
2024/07/01,金沢,2,Ｃ２六特別編成,1400,ダ,右,不良,曇,11,6,7,スカーレットリボン,牝,8,54.0,416,-6,甲賀弘,高橋道,,10,1:33.2,39.5,9-10-10-10,9,416,-6
2024/07/01,金沢,2,Ｃ２六特別編成,1400,ダ,右,不良,曇,11,5,5,エシェロン,牡,5,56.0,477,-6,葛山晃,菅原欣,,11,1:33.8,39.7,10-11-11-10,11,477,-6
2024/07/01,金沢,3,Ｃ２五特別編成,1400,ダ,右,不良,曇,11,8,11,ナムラダリウス,牡,4,56.0,463,-3,堀場裕,加藤和,,1,1:29.5,37.5,1-1-1-1,3,463,-3
2024/07/01,金沢,3,Ｃ２五特別編成,1400,ダ,右,不良,曇,11,6,7,ビーチブルース,牡,4,56.0,485,-11,栗原大,菅原欣,,2,1:30.9,38.6,3-2-2-2,1,485,-11
2024/07/01,金沢,3,Ｃ２五特別編成,1400,ダ,右,不良,曇,11,6,6,アルジェントステラ,牝,6,54.0,445,0,中島龍,加藤和,,3,1:31.4,38.9,2-3-3-3,6,445,0
2024/07/01,金沢,3,Ｃ２五特別編成,1400,ダ,右,不良,曇,11,4,4,ムーンライトアリア,牝,7,54.0,446,1,鈴木太,鈴木正,,4,1:31.7,38.5,7-8-6-5,4,446,1
2024/07/01,金沢,3,Ｃ２五特別編成,1400,ダ,右,不良,曇,11,1,1,ドンアルゴス,牡,9,56.0,517,1,加藤翔,中川雅,,5,1:32.0,39.5,7-5-4-4,2,517,1
2024/07/01,金沢,3,Ｃ２五特別編成,1400,ダ,右,不良,曇,11,8,10,ピエナファリア,牡,7,56.0,458,-5,兼子千,菅原欣,,6,1:32.7,39.2,9-9-9-8,7,458,-5
2024/07/01,金沢,3,Ｃ２五特別編成,1400,ダ,右,不良,曇,11,2,2,ディオスシチー,牡,4,56.0,515,4,米倉知,井樋一,,7,1:32.8,39.0,10-9-10-8,9,515,4
2024/07/01,金沢,3,Ｃ２五特別編成,1400,ダ,右,不良,曇,11,5,5,ネモフィラ,牝,4,54.0,456,-1,松戸政,菅原欣,,8,1:33.0,38.8,11-11-11-11,5,456,-1
2024/07/01,金沢,3,Ｃ２五特別編成,1400,ダ,右,不良,曇,11,3,3,ティアモローザ,牝,4,54.0,444,3,葛山晃,菅原欣,,9,1:33.3,40.0,6-6-8-7,11,444,3
2024/07/01,金沢,3,Ｃ２五特別編成,1400,ダ,右,不良,曇,11,7,8,イーゼル,セ,0,56.0,479,0,平瀬城,黒木豊,,10,1:33.4,40.1,5-7-7-10,8,479,0
2024/07/01,金沢,3,Ｃ２五特別編成,1400,ダ,右,不良,曇,11,7,9,リードキングダム,牝,6,54.0,418,0,甲賀弘,黒木豊,,11,1:33.5,40.9,4-4-4-6,10,418,0
2024/07/01,金沢,4,能登半島地震復興支援杯Ｃ２四特別編成,1400,ダ,右,不良,曇,8,6,6,ロンドンデリーエア,牡,7,56.0,478,-6,加藤翔,加藤義,,1,1:29.4,37.6,1-1-1-1,1,478,-6
2024/07/01,金沢,4,能登半島地震復興支援杯Ｃ２四特別編成,1400,ダ,右,不良,曇,8,8,8,カミノマジック,セ,0,56.0,469,-2,松戸政,鈴木正,,2,1:30.9,38.9,1-2-2-2,4,469,-2
2024/07/01,金沢,4,能登半島地震復興支援杯Ｃ２四特別編成,1400,ダ,右,不良,曇,8,1,1,マルス,牡,6,56.0,467,-5,葛山晃,川添明,,3,1:31.2,38.8,3-3-3-3,2,467,-5
2024/07/01,金沢,4,能登半島地震復興支援杯Ｃ２四特別編成,1400,ダ,右,不良,曇,8,4,4,ヴェロニク,牝,7,54.0,417,2,鈴木太,加藤義,,4,1:31.5,38.1,8-8-8-8,6,417,2
2024/07/01,金沢,4,能登半島地震復興支援杯Ｃ２四特別編成,1400,ダ,右,不良,曇,8,5,5,トップキング,牡,5,56.0,451,0,魚住謙,鋤田誠,,5,1:31.6,38.5,7-7-5-6,3,451,0
2024/07/01,金沢,4,能登半島地震復興支援杯Ｃ２四特別編成,1400,ダ,右,不良,曇,8,7,7,カワカミアンフィニ,牝,4,54.0,427,3,田知弘,中川雅,,6,1:31.7,38.8,3-4-4-4,5,427,3
2024/07/01,金沢,4,能登半島地震復興支援杯Ｃ２四特別編成,1400,ダ,右,不良,曇,8,3,3,カフェメモワール,牝,7,54.0,493,-2,栗原大,菅原欣,,7,1:31.7,38.7,6-6-7-7,7,493,-2
2024/07/01,金沢,4,能登半島地震復興支援杯Ｃ２四特別編成,1400,ダ,右,不良,曇,8,2,2,シンゼンアツタ,牡,4,56.0,472,-2,甲賀弘,中川雅,,8,1:32.2,39.3,5-5-6-5,8,472,-2
2024/07/01,金沢,5,Ｃ２三特別編成,1500,ダ,右,不良,曇,10,5,5,ミスターキング,牡,4,56.0,498,3,栗原大,藤田弘,,1,1:36.5,39.6,1-1-1-1,1,498,3
2024/07/01,金沢,5,Ｃ２三特別編成,1500,ダ,右,不良,曇,10,7,7,マルカンレインボー,牝,4,54.0,419,-5,池田敦,高橋道,,2,1:37.1,39.6,5-4-3-2,2,419,-5
2024/07/01,金沢,5,Ｃ２三特別編成,1500,ダ,右,不良,曇,10,8,10,テリオスカイ,牡,4,56.0,529,-5,鈴木太,加藤和,,3,1:37.8,40.8,2-2-2-2,3,529,-5
2024/07/01,金沢,5,Ｃ２三特別編成,1500,ダ,右,不良,曇,10,8,9,キャリアウーマン,牝,4,54.0,485,3,甲賀弘,黒木豊,,4,1:38.3,39.2,9-9-10-9,8,485,3
2024/07/01,金沢,5,Ｃ２三特別編成,1500,ダ,右,不良,曇,10,2,2,ズッシーノ,牡,5,56.0,448,0,魚住謙,鋤田誠,,5,1:38.3,39.9,7-7-7-4,6,448,0
2024/07/01,金沢,5,Ｃ２三特別編成,1500,ダ,右,不良,曇,10,7,8,ベリーアーリー,牝,4,54.0,430,1,葛山晃,菅原欣,,6,1:38.4,39.6,8-8-9-7,9,430,1
2024/07/01,金沢,5,Ｃ２三特別編成,1500,ダ,右,不良,曇,10,3,3,ブレイクポイント,牡,5,56.0,444,6,田知弘,菅原欣,,7,1:38.4,40.4,6-5-4-4,5,444,6
2024/07/01,金沢,5,Ｃ２三特別編成,1500,ダ,右,不良,曇,10,4,4,マイヴェリテ,セ,0,56.0,424,-3,吉原寛,金田一,,8,1:39.2,41.2,4-5-4-6,4,424,-3
2024/07/01,金沢,5,Ｃ２三特別編成,1500,ダ,右,不良,曇,10,6,6,アポテカ,牝,4,54.0,440,3,松戸政,菅原欣,,9,1:39.3,40.7,10-9-8-8,10,440,3
2024/07/01,金沢,5,Ｃ２三特別編成,1500,ダ,右,不良,曇,10,1,1,イエローストーン,セ,0,56.0,456,7,吉田晃,田嶋幸,,10,1:40.9,43.2,3-3-4-9,7,456,7
2024/07/01,金沢,6,祝！結婚！　海渡と恋の幸せＣ２二特別編成,1500,ダ,右,重,曇,10,5,5,プーラン,牝,7,54.0,482,9,鈴木太,室井眞,,1,1:36.5,38.3,4-4-5-3,6,482,9
2024/07/01,金沢,6,祝！結婚！　海渡と恋の幸せＣ２二特別編成,1500,ダ,右,重,曇,10,7,8,ジーニー,牡,8,56.0,497,1,中島龍,加藤和,,2,1:36.5,38.6,5-6-1-1,2,497,1
2024/07/01,金沢,6,祝！結婚！　海渡と恋の幸せＣ２二特別編成,1500,ダ,右,重,曇,10,8,9,マイネルジュリアン,牡,4,56.0,478,3,平瀬城,川添明,,3,1:36.6,38.8,2-2-1-2,3,478,3
2024/07/01,金沢,6,祝！結婚！　海渡と恋の幸せＣ２二特別編成,1500,ダ,右,重,曇,10,6,6,ウインググランダー,牡,8,56.0,534,-4,米倉知,加藤和,,4,1:37.2,38.6,8-7-7-5,1,534,-4
2024/07/01,金沢,6,祝！結婚！　海渡と恋の幸せＣ２二特別編成,1500,ダ,右,重,曇,10,4,4,アイアムロージー,牝,4,54.0,453,-2,甲賀弘,川添明,,5,1:37.5,38.7,7-8-8-6,5,453,-2
2024/07/01,金沢,6,祝！結婚！　海渡と恋の幸せＣ２二特別編成,1500,ダ,右,重,曇,10,7,7,ユールファーナ,牝,7,54.0,445,-3,兼子千,宗綱泰,,6,1:37.7,39.3,6-5-6-4,8,445,-3
2024/07/01,金沢,6,祝！結婚！　海渡と恋の幸せＣ２二特別編成,1500,ダ,右,重,曇,10,1,1,クリオネ,牝,4,54.0,441,3,吉原寛,加藤義,,7,1:38.6,40.6,3-3-4-8,7,441,3
2024/07/01,金沢,6,祝！結婚！　海渡と恋の幸せＣ２二特別編成,1500,ダ,右,重,曇,10,2,2,カトリーヌエミュー,牝,9,54.0,430,1,池田敦,高橋道,,8,1:38.9,39.7,9-10-9-9,10,430,1
2024/07/01,金沢,6,祝！結婚！　海渡と恋の幸せＣ２二特別編成,1500,ダ,右,重,曇,10,8,10,ネイバーアイランド,牝,6,54.0,447,2,魚住謙,鋤田誠,,9,1:39.3,40.2,9-9-9-10,9,447,2
2024/07/01,金沢,6,祝！結婚！　海渡と恋の幸せＣ２二特別編成,1500,ダ,右,重,曇,10,3,3,トゥワイス,牝,5,54.0,395,4,加藤翔,井樋一,,10,1:40.9,43.2,1-1-1-6,4,395,4
2024/07/01,金沢,7,Ｂ２三,1500,ダ,右,重,曇,7,7,7,ベルウッドミカサ,牡,4,56.0,451,0,吉原寛,加藤義,,1,1:35.8,38.4,1-1-1-1,2,451,0
2024/07/01,金沢,7,Ｂ２三,1500,ダ,右,重,曇,7,1,1,サムワンライクユー,牡,4,56.0,473,-8,栗原大,金田一,,2,1:36.0,38.4,3-4-2-2,1,473,-8
2024/07/01,金沢,7,Ｂ２三,1500,ダ,右,重,曇,7,2,2,エイトマイル,牡,8,56.0,528,5,鈴木太,井樋一,,3,1:36.9,39.0,5-3-3-3,6,528,5
2024/07/01,金沢,7,Ｂ２三,1500,ダ,右,重,曇,7,3,3,ドリュウ,牡,9,56.0,474,5,中島龍,金田一,,4,1:37.4,39.3,6-5-5-4,4,474,5
2024/07/01,金沢,7,Ｂ２三,1500,ダ,右,重,曇,7,4,4,リュウノチャチャ,牝,6,54.0,440,0,加藤翔,加藤義,,5,1:38.4,40.5,2-2-4-5,3,440,0
2024/07/01,金沢,7,Ｂ２三,1500,ダ,右,重,曇,7,5,5,ウインイノセンス,牡,5,56.0,516,3,魚住謙,高橋俊,,6,1:39.1,40.2,4-6-6-6,7,516,3
2024/07/01,金沢,7,Ｂ２三,1500,ダ,右,重,曇,7,6,6,クールシャイン,牡,7,56.0,499,0,平瀬城,鈴木正,,7,1:39.4,38.8,7-7-7-7,5,499,0
2024/07/01,金沢,8,ベゴニア賞Ｂ２二以下牝馬,1400,ダ,右,重,曇,8,4,4,ホウオウジュレップ,牝,6,54.0,438,-4,鈴木太,加藤和,,1,1:28.2,38.1,2-2-1-1,1,438,-4
2024/07/01,金沢,8,ベゴニア賞Ｂ２二以下牝馬,1400,ダ,右,重,曇,8,2,2,リターンオブクイン,牝,6,54.0,431,3,堀場裕,藤田弘,,2,1:30.1,38.8,8-7-8-8,4,431,3
2024/07/01,金沢,8,ベゴニア賞Ｂ２二以下牝馬,1400,ダ,右,重,曇,8,3,3,ドライカプチーノ,牝,4,54.0,455,-4,中島龍,金田一,,3,1:30.1,40.0,1-1-1-2,6,455,-4
2024/07/01,金沢,8,ベゴニア賞Ｂ２二以下牝馬,1400,ダ,右,重,曇,8,8,8,グルナピーク,牝,6,54.0,444,-5,葛山晃,菅原欣,,4,1:30.5,39.8,6-6-4-4,2,444,-5
2024/07/01,金沢,8,ベゴニア賞Ｂ２二以下牝馬,1400,ダ,右,重,曇,8,6,6,アオイダリア,牝,4,54.0,440,0,加藤翔,加藤義,,5,1:30.7,39.5,6-7-7-4,5,440,0
2024/07/01,金沢,8,ベゴニア賞Ｂ２二以下牝馬,1400,ダ,右,重,曇,8,1,1,ウインクルシャープ,牝,5,54.0,461,-2,甲賀弘,中川雅,,6,1:31.2,40.5,5-4-5-3,7,461,-2
2024/07/01,金沢,8,ベゴニア賞Ｂ２二以下牝馬,1400,ダ,右,重,曇,8,7,7,エイシンメリダ,牝,4,54.0,416,-5,吉田晃,佐藤茂,,7,1:31.7,40.7,4-5-6-7,3,416,-5
2024/07/01,金沢,8,ベゴニア賞Ｂ２二以下牝馬,1400,ダ,右,重,曇,8,5,5,エイシングラール,牝,5,54.0,471,1,服部大,川添明,,8,1:32.2,41.9,3-3-3-6,8,471,1
2024/07/01,金沢,9,スマホで投票楽天競馬！特別Ｂ２一,1500,ダ,右,重,曇,9,2,2,デルマゴモリー,牝,5,54.0,430,-6,松戸政,金田一,,1,1:35.1,38.5,1-1-1-1,4,430,-6
2024/07/01,金沢,9,スマホで投票楽天競馬！特別Ｂ２一,1500,ダ,右,重,曇,9,4,4,バルドルブレイン,牡,6,56.0,499,-5,吉原寛,加藤義,,2,1:35.4,38.1,7-7-6-3,1,499,-5
2024/07/01,金沢,9,スマホで投票楽天競馬！特別Ｂ２一,1500,ダ,右,重,曇,9,3,3,ノブノキャット,牡,3,56.0,422,3,栗原大,加藤和,,3,1:35.8,38.7,4-5-4-2,2,422,3
2024/07/01,金沢,9,スマホで投票楽天競馬！特別Ｂ２一,1500,ダ,右,重,曇,9,7,7,フロイング,牡,6,56.0,477,0,甲賀弘,黒木豊,,4,1:37.1,39.2,8-8-8-8,7,477,0
2024/07/01,金沢,9,スマホで投票楽天競馬！特別Ｂ２一,1500,ダ,右,重,曇,9,6,6,アンダーレ,セ,0,56.0,439,0,葛山晃,菅原欣,,5,1:37.3,40.5,3-3-2-4,5,439,0
2024/07/01,金沢,9,スマホで投票楽天競馬！特別Ｂ２一,1500,ダ,右,重,曇,9,8,8,テリオスリノ,牝,5,54.0,440,-4,魚住謙,高橋優,,6,1:38.0,40.4,5-6-7-5,9,440,-4
2024/07/01,金沢,9,スマホで投票楽天競馬！特別Ｂ２一,1500,ダ,右,重,曇,9,8,9,カレイジャス,牝,4,54.0,453,-6,田知弘,藤田弘,,7,1:38.5,41.3,5-4-4-7,8,453,-6
2024/07/01,金沢,9,スマホで投票楽天競馬！特別Ｂ２一,1500,ダ,右,重,曇,9,1,1,コントゥラット,牡,5,56.0,478,-7,平瀬城,川添明,,8,1:38.6,40.2,9-9-9-6,6,478,-7
2024/07/01,金沢,9,スマホで投票楽天競馬！特別Ｂ２一,1500,ダ,右,重,曇,9,5,5,ジェイケイウルル,牝,5,54.0,541,2,中島龍,高橋俊,,9,1:39.8,43.0,2-2-3-9,3,541,2
2024/07/01,金沢,10,半夏生特別Ａ１二,1400,ダ,右,重,曇,7,3,3,ハクサンパイオニア,牡,4,56.0,505,3,吉原寛,加藤義,,1,1:26.3,37.0,1-1-1-1,1,505,3
2024/07/01,金沢,10,半夏生特別Ａ１二,1400,ダ,右,重,曇,7,5,5,マリンデュンデュン,牡,4,56.0,512,-2,栗原大,金田一,,2,1:28.5,38.9,2-2-2-2,2,512,-2
2024/07/01,金沢,10,半夏生特別Ａ１二,1400,ダ,右,重,曇,7,1,1,サエチ,牝,5,54.0,491,0,池田敦,高橋俊,,3,1:28.5,38.6,3-3-4-3,4,491,0
2024/07/01,金沢,10,半夏生特別Ａ１二,1400,ダ,右,重,曇,7,7,7,エムティアンジェ,牝,5,54.0,496,-1,吉田晃,佐藤茂,,4,1:28.5,38.8,5-5-3-4,3,496,-1
2024/07/01,金沢,10,半夏生特別Ａ１二,1400,ダ,右,重,曇,7,6,6,カイジンウェーヴ,牡,6,56.0,498,0,堀場裕,中川雅,,5,1:28.8,38.1,6-6-6-6,5,498,0
2024/07/01,金沢,10,半夏生特別Ａ１二,1400,ダ,右,重,曇,7,2,2,コパノフランシス,牝,5,54.0,484,1,松戸政,菅原欣,,6,1:29.1,38.9,4-4-5-5,6,484,1
2024/07/01,金沢,10,半夏生特別Ａ１二,1400,ダ,右,重,曇,7,4,4,グランフォロミー,牡,6,56.0,505,-1,甲賀弘,中川雅,,7,1:29.7,38.7,7-7-7-7,7,505,-1
2024/07/01,金沢,11,金沢競馬Ｃ２プレミアムＣ２特選,1500,ダ,右,重,曇,10,6,6,キクノビースト,牡,4,56.0,520,6,吉原寛,加藤義,,1,1:36.1,39.0,1-1-1-1,1,520,6
2024/07/01,金沢,11,金沢競馬Ｃ２プレミアムＣ２特選,1500,ダ,右,重,曇,10,7,8,グラシアーノ,牝,4,54.0,424,0,加藤翔,加藤義,,2,1:36.4,39.1,2-2-2-2,2,424,0
2024/07/01,金沢,11,金沢競馬Ｃ２プレミアムＣ２特選,1500,ダ,右,重,曇,10,1,1,スウェアー,牡,7,56.0,521,-2,田知弘,金田一,,3,1:37.7,40.1,4-4-4-3,3,521,-2
2024/07/01,金沢,11,金沢競馬Ｃ２プレミアムＣ２特選,1500,ダ,右,重,曇,10,8,10,クツワファミリー,牡,4,56.0,468,-1,中島龍,高橋俊,,4,1:37.9,40.6,3-3-3-4,4,468,-1
2024/07/01,金沢,11,金沢競馬Ｃ２プレミアムＣ２特選,1500,ダ,右,重,曇,10,5,5,アシュラム,セ,0,56.0,518,-1,甲賀弘,川添明,,5,1:38.5,40.5,8-8-7-6,6,518,-1
2024/07/01,金沢,11,金沢競馬Ｃ２プレミアムＣ２特選,1500,ダ,右,重,曇,10,3,3,ジュンシリアス,牝,4,54.0,464,8,魚住謙,鋤田誠,,6,1:38.6,40.6,5-6-6-5,7,464,8
2024/07/01,金沢,11,金沢競馬Ｃ２プレミアムＣ２特選,1500,ダ,右,重,曇,10,4,4,サンアントニオ,セ,0,56.0,491,7,服部大,田嶋幸,,7,1:39.4,41.4,7-7-7-7,8,491,7
2024/07/01,金沢,11,金沢競馬Ｃ２プレミアムＣ２特選,1500,ダ,右,重,曇,10,8,9,アルマケルブ,牝,4,54.0,466,1,松戸政,川添明,,8,1:39.8,42.0,6-5-5-8,5,466,1
2024/07/01,金沢,11,金沢競馬Ｃ２プレミアムＣ２特選,1500,ダ,右,重,曇,10,2,2,ミギフック,牝,4,54.0,0,0,池田敦,鈴木正,,,,,,,0,0
2024/07/01,金沢,11,金沢競馬Ｃ２プレミアムＣ２特選,1500,ダ,右,重,曇,10,7,7,ヒシエレガンス,セ,0,56.0,0,0,栗原大,菅原欣,,,,,,,0,0
