race_date,venue,race_no,race_name,distance,surface,direction,track_cond,weather,field_size,waku,horse_no,horse_name,sex,age,weight_carried,horse_weight,weight_change,jockey,trainer,win_odds,finish_position,finish_time,last_3f,passage_rate,popularity,result_weight,result_weight_change
2026/04/15,門別,1,３歳条件　未勝利,1000,ダ,右,良,曇,9,8,8,オガル,牡,3,57.0,508,24,小野楓,桧森邦,1.1,1,1:01.8,37.3,2-1,1,508,24
2026/04/15,門別,1,３歳条件　未勝利,1000,ダ,右,良,曇,9,5,5,オギフシノチカイ,牝,3,55.0,440,8,亀井洋,佐々国,5.5,2,1:02.2,37.9,1-1,2,440,8
2026/04/15,門別,1,３歳条件　未勝利,1000,ダ,右,良,曇,9,6,6,コパノバートン,牡,3,57.0,0,0,桑村真,角川秀,6.2,3,1:03.6,38.9,2-3,3,0,0
2026/04/15,門別,1,３歳条件　未勝利,1000,ダ,右,良,曇,9,4,4,ペンタフェリーチェ,牝,3,55.0,468,4,宮内勇,廣森久,300.2,4,1:03.6,38.7,4-5,9,468,4
2026/04/15,門別,1,３歳条件　未勝利,1000,ダ,右,良,曇,9,3,3,オハマチャン,牝,3,55.0,398,6,岩橋勇,千葉津,167.8,5,1:03.8,38.9,4-3,8,398,6
2026/04/15,門別,1,３歳条件　未勝利,1000,ダ,右,良,曇,9,8,9,シャア,牡,3,57.0,422,-4,若杉朝,森山雄,84.1,6,1:03.9,38.0,8-8,7,422,-4
2026/04/15,門別,1,３歳条件　未勝利,1000,ダ,右,良,曇,9,7,7,リコージュピター,牝,3,54.0,480,30,阿岸潤,五十冬,76.6,7,1:04.3,38.6,6-6,6,480,30
2026/04/15,門別,1,３歳条件　未勝利,1000,ダ,右,良,曇,9,2,2,オオイシサクラ,牝,3,55.0,418,6,阿部龍,角川秀,46.1,8,1:04.5,37.8,9-9,4,418,6
2026/04/15,門別,1,３歳条件　未勝利,1000,ダ,右,良,曇,9,1,1,フジノアルファ,牡,3,57.0,466,14,黒澤愛,米川昇,65.0,9,1:04.8,39.1,6-6,5,466,14
2026/04/15,門別,2,３歳条件　未勝利,1000,ダ,右,良,曇,9,6,6,ハヤテノダイキチ,セ,0,57.0,0,0,落合玄,小国博,1.7,1,1:02.1,36.5,6-4,1,0,0
2026/04/15,門別,2,３歳条件　未勝利,1000,ダ,右,良,曇,9,8,9,ハシレオザキサン,牝,3,55.0,434,6,小野楓,齊藤正,7.7,2,1:02.3,36.9,5-3,4,434,6
2026/04/15,門別,2,３歳条件　未勝利,1000,ダ,右,良,曇,9,2,2,スーパーパーリー,牡,3,57.0,448,0,黒澤愛,森山雄,3.1,3,1:02.5,37.5,4-2,2,448,0
2026/04/15,門別,2,３歳条件　未勝利,1000,ダ,右,良,曇,9,1,1,カスタネアローズ,牝,3,55.0,440,5,井上瑛,佐久雅,7.4,4,1:03.1,38.6,1-1,3,440,5
2026/04/15,門別,2,３歳条件　未勝利,1000,ダ,右,良,曇,9,3,3,オオイシテイオー,牡,3,57.0,430,14,桑村真,角川秀,14.6,5,1:03.2,37.3,8-7,5,430,14
2026/04/15,門別,2,３歳条件　未勝利,1000,ダ,右,良,曇,9,8,8,ヤマノビクトワール,牝,3,54.0,440,0,阿岸潤,松本隆,128.4,6,1:03.6,38.0,6-8,8,440,0
2026/04/15,門別,2,３歳条件　未勝利,1000,ダ,右,良,曇,9,7,7,スウィンドル,牡,3,55.0,426,11,藤田駕,秋田大,65.4,7,1:03.8,37.6,9-9,6,426,11
2026/04/15,門別,2,３歳条件　未勝利,1000,ダ,右,良,曇,9,5,5,ジョリサキセ,牝,3,52.0,392,14,渡邊準,川島洋,270.8,8,1:05.9,41.1,2-4,9,392,14
2026/04/15,門別,2,３歳条件　未勝利,1000,ダ,右,良,曇,9,4,4,ハッピーモカ,牝,3,55.0,412,12,亀井洋,山田和,65.4,9,1:06.9,42.1,2-4,6,412,12
2026/04/15,門別,3,３歳条件　未勝利,1200,ダ,右,良,曇,10,5,5,フォーチュンベル,牝,3,55.0,498,6,小野楓,齊藤正,2.0,1,1:16.4,38.7,3-3,2,498,6
2026/04/15,門別,3,３歳条件　未勝利,1200,ダ,右,良,曇,10,1,1,ブレイキンアウェイ,牡,3,57.0,486,2,阿部龍,角川秀,2.0,2,1:16.5,38.5,5-5,1,486,2
2026/04/15,門別,3,３歳条件　未勝利,1200,ダ,右,良,曇,10,4,4,ブライトホウショウ,牝,3,55.0,442,6,亀井洋,佐々国,80.8,3,1:16.5,39.2,1-1,8,442,6
2026/04/15,門別,3,３歳条件　未勝利,1200,ダ,右,良,曇,10,2,2,リックスターク,牡,3,57.0,464,4,若杉朝,森山雄,176.3,4,1:17.0,38.8,7-7,9,464,4
2026/04/15,門別,3,３歳条件　未勝利,1200,ダ,右,良,曇,10,7,8,ユイガネーシャ,牡,3,57.0,0,0,井上俊,櫻井拓,9.6,5,1:17.1,39.4,3-3,3,0,0
2026/04/15,門別,3,３歳条件　未勝利,1200,ダ,右,良,曇,10,8,9,サスケソーレ,セ,0,57.0,462,-10,落合玄,小国博,10.2,6,1:17.3,40.0,2-1,4,462,-10
2026/04/15,門別,3,３歳条件　未勝利,1200,ダ,右,良,曇,10,7,7,チャーミングボーイ,牡,3,57.0,516,10,井上瑛,佐久雅,71.3,7,1:17.9,39.9,5-5,7,516,10
2026/04/15,門別,3,３歳条件　未勝利,1200,ダ,右,良,曇,10,3,3,テクノリバタリアン,セ,0,56.0,492,-20,阿岸潤,桧森邦,26.0,8,1:18.1,39.9,7-7,5,492,-20
2026/04/15,門別,3,３歳条件　未勝利,1200,ダ,右,良,曇,10,8,10,ナマラメンコイ,牝,3,55.0,414,16,黒澤愛,佐々国,62.8,9,1:21.5,43.3,7-9,6,414,16
2026/04/15,門別,3,３歳条件　未勝利,1200,ダ,右,良,曇,10,6,6,マルコバローズ,牡,3,57.0,0,0,服部茂,田中淳,,,,,,,0,0
2026/04/15,門別,4,３歳以上　Ｃ４－３,1200,ダ,右,良,曇,14,7,11,リコーニック,セ,0,57.0,508,-6,小野楓,川島雅,1.8,1,1:15.9,38.8,1-1,1,508,-6
2026/04/15,門別,4,３歳以上　Ｃ４－３,1200,ダ,右,良,曇,14,6,9,ミノベル,牡,3,57.0,454,13,落合玄,柳澤好,2.1,2,1:16.5,38.9,5-2,2,454,13
2026/04/15,門別,4,３歳以上　Ｃ４－３,1200,ダ,右,良,曇,14,6,10,ショウリュウマサル,牡,4,57.0,556,54,桑村真,角川秀,9.2,3,1:16.8,39.2,5-4,3,556,54
2026/04/15,門別,4,３歳以上　Ｃ４－３,1200,ダ,右,良,曇,14,3,4,アンノウンヒーロー,セ,0,57.0,482,4,井上瑛,廣森久,113.8,4,1:17.3,38.4,12-10,9,482,4
2026/04/15,門別,4,３歳以上　Ｃ４－３,1200,ダ,右,良,曇,14,3,3,シャンアリーズ,牝,5,55.0,432,6,宮内勇,桧森邦,46.4,5,1:17.4,39.6,7-7,6,432,6
2026/04/15,門別,4,３歳以上　Ｃ４－３,1200,ダ,右,良,曇,14,7,12,セイランクロフネ,牝,7,52.0,468,-6,小野俊,村上正,27.8,6,1:17.6,39.8,7-7,4,468,-6
2026/04/15,門別,4,３歳以上　Ｃ４－３,1200,ダ,右,良,曇,14,2,2,グレートシューター,牡,4,57.0,450,-10,服部茂,佐藤英,209.9,7,1:17.6,38.7,12-13,10,450,-10
2026/04/15,門別,4,３歳以上　Ｃ４－３,1200,ダ,右,良,曇,14,5,7,ブルーポピー,牡,6,57.0,414,-18,井上俊,佐藤英,697.3,8,1:17.6,39.0,11-10,14,414,-18
2026/04/15,門別,4,３歳以上　Ｃ４－３,1200,ダ,右,良,曇,14,1,1,アクアノート,牝,3,53.0,424,12,藤田駕,秋田大,43.2,9,1:17.8,40.7,1-4,5,424,12
2026/04/15,門別,4,３歳以上　Ｃ４－３,1200,ダ,右,良,曇,14,4,5,ヤマトノヒカリ,牝,7,55.0,458,16,若杉朝,櫻井拓,231.0,10,1:17.9,39.4,10-10,11,458,16
2026/04/15,門別,4,３歳以上　Ｃ４－３,1200,ダ,右,良,曇,14,8,14,アルマロザリオ,牝,6,54.0,436,0,阿岸潤,松本隆,267.4,11,1:18.0,40.7,3-2,12,436,0
2026/04/15,門別,4,３歳以上　Ｃ４－３,1200,ダ,右,良,曇,14,5,8,アースクン,牡,4,57.0,464,-12,岩橋勇,岡島玉,354.9,12,1:18.9,40.9,9-9,13,464,-12
2026/04/15,門別,4,３歳以上　Ｃ４－３,1200,ダ,右,良,曇,14,4,6,ルトゥールレーヴ,牡,4,54.0,0,0,小川悠,小野望,50.6,13,1:18.9,39.8,14-14,7,0,0
2026/04/15,門別,4,３歳以上　Ｃ４－３,1200,ダ,右,良,曇,14,8,13,エンゲル,牝,3,55.0,436,0,阿部龍,桧森邦,83.0,14,1:19.3,42.0,3-6,8,436,0
2026/04/15,門別,5,３歳以上　Ｃ４－３,1000,ダ,右,良,曇,12,5,5,ノアルパフェ,牝,3,55.0,428,0,小野楓,小野望,1.9,1,1:01.8,37.2,1-1,1,428,0
2026/04/15,門別,5,３歳以上　Ｃ４－３,1000,ダ,右,良,曇,12,2,2,サクセスビービー,牡,3,57.0,454,9,井上瑛,五十冬,6.3,2,1:02.3,37.4,3-3,4,454,9
2026/04/15,門別,5,３歳以上　Ｃ４－３,1000,ダ,右,良,曇,12,7,10,ウィルスカイ,牡,3,57.0,454,6,岩橋勇,小国博,15.4,3,1:02.8,37.9,3-3,5,454,6
2026/04/15,門別,5,３歳以上　Ｃ４－３,1000,ダ,右,良,曇,12,8,11,カインドオブユー,牡,5,57.0,520,-9,黒澤愛,桧森邦,103.5,4,1:02.9,37.8,5-5,10,520,-9
2026/04/15,門別,5,３歳以上　Ｃ４－３,1000,ダ,右,良,曇,12,4,4,ミスターキック,牡,4,57.0,488,20,若杉朝,米川昇,3.8,5,1:03.1,37.4,8-6,2,488,20
2026/04/15,門別,5,３歳以上　Ｃ４－３,1000,ダ,右,良,曇,12,3,3,マナモアナ,牝,4,55.0,490,29,桑村真,桧森邦,98.1,6,1:03.6,38.0,6-6,9,490,29
2026/04/15,門別,5,３歳以上　Ｃ４－３,1000,ダ,右,良,曇,12,7,9,バブリーダッシュ,牡,9,57.0,470,-12,阿部龍,角川秀,36.2,7,1:03.6,37.1,11-10,6,470,-12
2026/04/15,門別,5,３歳以上　Ｃ４－３,1000,ダ,右,良,曇,12,5,6,ティファニジェンヌ,牝,5,55.0,490,0,亀井洋,佐々国,87.3,8,1:03.6,37.9,6-8,8,490,0
2026/04/15,門別,5,３歳以上　Ｃ４－３,1000,ダ,右,良,曇,12,6,8,メイショウカラクサ,牡,3,54.0,474,-12,渡邊準,田中淳,5.8,9,1:04.2,39.6,1-2,3,474,-12
2026/04/15,門別,5,３歳以上　Ｃ４－３,1000,ダ,右,良,曇,12,6,7,オグリヨンセイ,牡,6,57.0,446,-8,落合玄,佐久雅,76.3,10,1:04.4,38.1,10-8,7,446,-8
2026/04/15,門別,5,３歳以上　Ｃ４－３,1000,ダ,右,良,曇,12,1,1,ハタノイチバンボシ,牡,6,54.0,436,-24,小川悠,佐藤英,320.0,11,1:05.4,38.3,12-12,11,436,-24
2026/04/15,門別,5,３歳以上　Ｃ４－３,1000,ダ,右,良,曇,12,8,12,アプラウゾ,牝,5,55.0,414,-2,井上俊,柳澤好,730.0,12,1:06.3,40.3,9-11,12,414,-2
2026/04/15,門別,6,Ｊ認 スーパーフレッシュチャレンジ２歳新,1000,ダ,右,良,曇,10,1,1,ウンスイ,牡,2,55.0,0,0,小野楓,小野望,4.7,1,1:00.7,37.2,1-1,2,0,0
2026/04/15,門別,6,Ｊ認 スーパーフレッシュチャレンジ２歳新,1000,ダ,右,良,曇,10,2,2,ツリーオブライフ,牝,2,55.0,0,0,桑村真,角川秀,7.2,2,1:01.5,37.9,2-1,3,0,0
2026/04/15,門別,6,Ｊ認 スーパーフレッシュチャレンジ２歳新,1000,ダ,右,良,曇,10,7,7,クライングコール,牡,2,55.0,0,0,落合玄,田中淳,1.2,3,1:02.2,38.1,4-3,1,0,0
2026/04/15,門別,6,Ｊ認 スーパーフレッシュチャレンジ２歳新,1000,ダ,右,良,曇,10,6,6,レインボーライフ,牝,2,55.0,0,0,服部茂,齊藤正,18.1,4,1:02.4,38.6,3-4,4,0,0
2026/04/15,門別,6,Ｊ認 スーパーフレッシュチャレンジ２歳新,1000,ダ,右,良,曇,10,4,4,サツキクオンタム,牝,2,55.0,0,0,宮内勇,桧森邦,39.1,5,1:02.6,38.0,5-5,5,0,0
2026/04/15,門別,6,Ｊ認 スーパーフレッシュチャレンジ２歳新,1000,ダ,右,良,曇,10,5,5,リュウワンニーケー,牝,2,54.0,0,0,阿岸潤,米川昇,149.7,6,1:04.0,38.6,6-6,10,0,0
2026/04/15,門別,6,Ｊ認 スーパーフレッシュチャレンジ２歳新,1000,ダ,右,良,曇,10,3,3,キミトヒカレ,牝,2,55.0,0,0,阿部龍,佐々国,66.9,7,1:04.5,38.7,7-8,6,0,0
2026/04/15,門別,6,Ｊ認 スーパーフレッシュチャレンジ２歳新,1000,ダ,右,良,曇,10,8,10,ユウユウラプレイス,牝,2,55.0,0,0,坂下秀,秋田大,115.5,8,1:05.4,39.8,7-7,8,0,0
2026/04/15,門別,6,Ｊ認 スーパーフレッシュチャレンジ２歳新,1000,ダ,右,良,曇,10,7,8,ナガイアイダ,牡,2,55.0,0,0,黒澤愛,米川昇,140.0,9,1:05.6,38.2,10-10,9,0,0
2026/04/15,門別,6,Ｊ認 スーパーフレッシュチャレンジ２歳新,1000,ダ,右,良,曇,10,8,9,ステイヘント,牡,2,55.0,0,0,岩橋勇,小国博,107.4,10,1:05.6,39.2,9-9,7,0,0
2026/04/15,門別,7,３歳　Ｃ４　４０万円以下,1200,ダ,右,良,曇,9,8,9,マッスルチャミー,牝,3,55.0,476,-2,井上瑛,五十冬,6.8,1,1:14.9,37.4,1-1,3,476,-2
2026/04/15,門別,7,３歳　Ｃ４　４０万円以下,1200,ダ,右,良,曇,9,5,5,コココーハク,牝,3,53.0,448,-6,藤田駕,小野望,7.9,2,1:15.2,37.4,3-2,4,448,-6
2026/04/15,門別,7,３歳　Ｃ４　４０万円以下,1200,ダ,右,良,曇,9,8,8,ライトニングジャブ,牝,3,55.0,442,-6,服部茂,佐々国,35.8,3,1:15.9,38.3,2-2,7,442,-6
2026/04/15,門別,7,３歳　Ｃ４　４０万円以下,1200,ダ,右,良,曇,9,6,6,ムーンレインボー,牝,3,55.0,448,18,阿部龍,桧森邦,11.6,4,1:16.0,38.3,3-5,5,448,18
2026/04/15,門別,7,３歳　Ｃ４　４０万円以下,1200,ダ,右,良,曇,9,2,2,ビービーエリス,牡,3,57.0,438,2,井上俊,櫻井拓,5.2,5,1:16.1,37.9,8-6,2,438,2
2026/04/15,門別,7,３歳　Ｃ４　４０万円以下,1200,ダ,右,良,曇,9,7,7,サラン,牝,3,55.0,452,10,岩橋勇,小国博,75.2,6,1:16.9,39.0,6-6,8,452,10
2026/04/15,門別,7,３歳　Ｃ４　４０万円以下,1200,ダ,右,良,曇,9,1,1,フークシャイニー,牡,3,57.0,542,10,桑村真,角川秀,1.6,7,1:17.1,39.3,3-2,1,542,10
2026/04/15,門別,7,３歳　Ｃ４　４０万円以下,1200,ダ,右,良,曇,9,4,4,パリコトパナナ,牝,3,55.0,442,-10,宮内勇,齊藤正,82.1,8,1:17.2,39.1,6-6,9,442,-10
2026/04/15,門別,7,３歳　Ｃ４　４０万円以下,1200,ダ,右,良,曇,9,3,3,メチカブーラ,牝,3,55.0,424,8,黒澤愛,米川昇,20.6,9,1:17.6,39.6,8-6,6,424,8
2026/04/15,門別,8,３歳以上　Ｃ４－２,1000,ダ,右,良,曇,11,8,10,ウーナファータ,牝,4,55.0,480,14,井上瑛,五十冬,2.8,1,1:01.6,37.0,1-1,2,480,14
2026/04/15,門別,8,３歳以上　Ｃ４－２,1000,ダ,右,良,曇,11,7,8,ニシノエンデヴァー,牡,4,57.0,466,-9,宮内勇,川島洋,7.5,2,1:02.6,37.8,2-2,3,466,-9
2026/04/15,門別,8,３歳以上　Ｃ４－２,1000,ダ,右,良,曇,11,6,7,トニーオーシャンズ,牡,3,57.0,450,15,桑村真,桧森邦,2.0,3,1:02.6,37.6,4-4,1,450,15
2026/04/15,門別,8,３歳以上　Ｃ４－２,1000,ダ,右,良,曇,11,1,1,テナチュール,牝,7,55.0,430,-2,亀井洋,黒川智,85.1,4,1:02.9,37.8,4-5,8,430,-2
2026/04/15,門別,8,３歳以上　Ｃ４－２,1000,ダ,右,良,曇,11,3,3,ラグナキリア,牡,8,57.0,574,6,阿部龍,佐々国,8.8,5,1:02.9,37.5,8-8,4,574,6
2026/04/15,門別,8,３歳以上　Ｃ４－２,1000,ダ,右,良,曇,11,4,4,グロリアスアスペン,牝,4,53.0,456,15,藤田駕,山田和,24.0,6,1:02.9,37.3,9-8,7,456,15
2026/04/15,門別,8,３歳以上　Ｃ４－２,1000,ダ,右,良,曇,11,2,2,エイダイファルコン,牝,4,55.0,456,-8,黒澤愛,小国博,187.1,7,1:03.0,38.2,2-2,9,456,-8
2026/04/15,門別,8,３歳以上　Ｃ４－２,1000,ダ,右,良,曇,11,8,11,トーケンアーサー,牝,8,52.0,486,0,渡邊準,佐々国,24.0,8,1:03.3,37.3,10-10,6,486,0
2026/04/15,門別,8,３歳以上　Ｃ４－２,1000,ダ,右,良,曇,11,6,6,エンデューロ,牡,4,57.0,578,-7,井上俊,櫻井拓,201.9,9,1:03.5,37.1,11-11,10,578,-7
2026/04/15,門別,8,３歳以上　Ｃ４－２,1000,ダ,右,良,曇,11,5,5,スイレンチャン,牝,4,55.0,468,5,小野楓,齊藤正,15.9,10,1:03.5,38.5,4-5,5,468,5
2026/04/15,門別,8,３歳以上　Ｃ４－２,1000,ダ,右,良,曇,11,7,9,ボヤージュアウト,牝,4,54.0,478,12,阿岸潤,川島洋,214.5,11,1:03.7,38.6,4-7,11,478,12
2026/04/15,門別,9,２５周年キレートレモン特別３歳オープン,1200,ダ,右,良,曇,10,5,5,カミハマッテイル,牡,3,57.0,506,6,岩橋勇,田中淳,3.5,1,1:14.2,37.8,1-1,2,506,6
2026/04/15,門別,9,２５周年キレートレモン特別３歳オープン,1200,ダ,右,良,曇,10,8,10,ベラジオエンペラー,牡,3,57.0,476,12,落合玄,田中淳,1.8,2,1:14.5,37.6,3-3,1,476,12
2026/04/15,門別,9,２５周年キレートレモン特別３歳オープン,1200,ダ,右,良,曇,10,1,1,ガンタン,牡,3,56.0,490,18,服部茂,桧森邦,22.6,3,1:14.6,37.4,4-4,5,490,18
2026/04/15,門別,9,２５周年キレートレモン特別３歳オープン,1200,ダ,右,良,曇,10,7,8,グレートスティック,牡,3,56.0,466,0,宮内勇,小国博,6.6,4,1:14.8,38.2,2-2,3,466,0
2026/04/15,門別,9,２５周年キレートレモン特別３歳オープン,1200,ダ,右,良,曇,10,6,6,アヤサンジョリーン,牝,3,54.0,468,11,阿部龍,五十冬,35.8,5,1:15.0,37.5,6-5,8,468,11
2026/04/15,門別,9,２５周年キレートレモン特別３歳オープン,1200,ダ,右,良,曇,10,8,9,ニューアライブ,牡,3,56.0,466,16,小野楓,齊藤正,8.3,6,1:15.6,38.1,6-5,4,466,16
2026/04/15,門別,9,２５周年キレートレモン特別３歳オープン,1200,ダ,右,良,曇,10,4,4,アースコーリング,牡,3,56.0,506,20,井上瑛,五十冬,31.7,7,1:16.0,38.2,8-8,6,506,20
2026/04/15,門別,9,２５周年キレートレモン特別３歳オープン,1200,ダ,右,良,曇,10,2,2,ミヤビグラント,牝,3,54.0,408,-14,黒澤愛,米川昇,212.2,8,1:16.8,39.0,8-10,10,408,-14
2026/04/15,門別,9,２５周年キレートレモン特別３歳オープン,1200,ダ,右,良,曇,10,3,3,カイシンパジェント,牝,3,54.0,458,-2,桑村真,角川秀,34.7,9,1:17.1,39.2,8-8,7,458,-2
2026/04/15,門別,9,２５周年キレートレモン特別３歳オープン,1200,ダ,右,良,曇,10,7,7,ハーティーアイズ,牝,3,54.0,438,-10,藤田駕,佐々国,129.0,10,1:17.1,39.8,5-5,9,438,-10
2026/04/15,門別,10,グランシャリオドリーム１Ｃ４－３,1000,ダ,右,良,曇,12,8,12,イントルーダー,牡,3,57.0,464,-4,岩橋勇,石本孝,2.0,1,1:02.7,38.6,2-1,2,464,-4
2026/04/15,門別,10,グランシャリオドリーム１Ｃ４－３,1000,ダ,右,良,曇,12,7,10,ダイメイイースター,牝,8,55.0,482,-2,井上俊,岡島玉,18.6,2,1:03.1,37.3,8-7,4,482,-2
2026/04/15,門別,10,グランシャリオドリーム１Ｃ４－３,1000,ダ,右,良,曇,12,7,9,ツワ,牝,8,55.0,474,-4,落合玄,佐久雅,13.6,3,1:03.9,39.1,4-3,3,474,-4
2026/04/15,門別,10,グランシャリオドリーム１Ｃ４－３,1000,ダ,右,良,曇,12,4,4,ミサトレオネッサ,牝,4,55.0,448,10,井上瑛,桧森邦,26.3,4,1:04.1,37.8,8-10,5,448,10
2026/04/15,門別,10,グランシャリオドリーム１Ｃ４－３,1000,ダ,右,良,曇,12,3,3,サクラレイピア,牝,7,52.0,506,28,小川悠,村上正,59.3,5,1:04.1,37.9,8-9,8,506,28
2026/04/15,門別,10,グランシャリオドリーム１Ｃ４－３,1000,ダ,右,良,曇,12,8,11,カネトシセレスト,牡,6,57.0,476,12,黒澤愛,千葉津,62.2,6,1:04.1,39.2,5-3,9,476,12
2026/04/15,門別,10,グランシャリオドリーム１Ｃ４－３,1000,ダ,右,良,曇,12,5,5,ラウスダケ,牡,9,57.0,464,-16,服部茂,佐藤英,75.6,7,1:04.2,37.5,12-12,10,464,-16
2026/04/15,門別,10,グランシャリオドリーム１Ｃ４－３,1000,ダ,右,良,曇,12,6,7,シャンノヴァ,牝,4,53.0,382,-6,藤田駕,桧森邦,38.2,8,1:04.4,39.4,5-3,6,382,-6
2026/04/15,門別,10,グランシャリオドリーム１Ｃ４－３,1000,ダ,右,良,曇,12,2,2,エウテューモス,牝,6,55.0,424,0,若杉朝,森山雄,465.6,9,1:04.4,38.8,7-7,12,424,0
2026/04/15,門別,10,グランシャリオドリーム１Ｃ４－３,1000,ダ,右,良,曇,12,1,1,トンチャン,牝,5,55.0,434,-12,吉本隆,佐々国,417.8,10,1:04.8,38.8,8-10,11,434,-12
2026/04/15,門別,10,グランシャリオドリーム１Ｃ４－３,1000,ダ,右,良,曇,12,6,8,フラワーステラ,牝,4,52.0,452,6,小野俊,齊藤正,42.4,11,1:04.8,40.2,3-3,7,452,6
2026/04/15,門別,10,グランシャリオドリーム１Ｃ４－３,1000,ダ,右,良,曇,12,5,6,サラメーガン,牝,3,55.0,412,-12,小野楓,小野望,2.0,12,1:04.8,40.8,1-1,1,412,-12
2026/04/15,門別,11,門別開幕！すぱっと４倍特別Ｂ３～Ｃ１－１,1000,ダ,右,良,曇,8,5,5,ギャルソンマンキ,牝,4,54.0,490,4,岩橋勇,田中淳,2.7,1,1:01.1,36.8,1-1,2,490,4
2026/04/15,門別,11,門別開幕！すぱっと４倍特別Ｂ３～Ｃ１－１,1000,ダ,右,良,曇,8,6,6,ミッドナイトゲイル,牝,4,54.0,496,0,井上俊,櫻井拓,40.5,2,1:01.5,37.0,2-2,6,496,0
2026/04/15,門別,11,門別開幕！すぱっと４倍特別Ｂ３～Ｃ１－１,1000,ダ,右,良,曇,8,7,7,スティールブライト,牝,4,55.0,478,0,阿部龍,角川秀,3.6,3,1:02.2,37.5,3-3,3,478,0
2026/04/15,門別,11,門別開幕！すぱっと４倍特別Ｂ３～Ｃ１－１,1000,ダ,右,良,曇,8,8,8,カツノトキメキ,牝,4,54.0,456,-2,宮内勇,川島洋,2.5,4,1:02.3,37.4,4-3,1,456,-2
2026/04/15,門別,11,門別開幕！すぱっと４倍特別Ｂ３～Ｃ１－１,1000,ダ,右,良,曇,8,2,2,マノレア,牝,6,55.0,474,7,井上瑛,川島雅,16.8,5,1:02.3,37.4,4-6,5,474,7
2026/04/15,門別,11,門別開幕！すぱっと４倍特別Ｂ３～Ｃ１－１,1000,ダ,右,良,曇,8,3,3,アニマルフルーツ,牝,5,54.0,446,-8,阿岸潤,松本隆,8.6,6,1:02.6,37.5,6-5,4,446,-8
2026/04/15,門別,11,門別開幕！すぱっと４倍特別Ｂ３～Ｃ１－１,1000,ダ,右,良,曇,8,1,1,センゲントップ,牡,6,54.0,528,8,小野俊,小国博,90.9,7,1:03.0,37.4,7-7,7,528,8
2026/04/15,門別,11,門別開幕！すぱっと４倍特別Ｂ３～Ｃ１－１,1000,ダ,右,良,曇,8,4,4,クリイロ,牝,6,54.0,422,19,黒澤愛,森山雄,100.5,8,1:03.0,37.4,7-8,8,422,19
2026/04/15,門別,12,エピファネイア・プレミアムＢ２～Ｂ４－１,1700,ダ,右,良,曇,8,5,5,バンカブルスター,セ,0,56.0,508,-4,小野楓,黒川智,45.7,1,1:51.1,40.8,3-2-2-2,7,508,-4
2026/04/15,門別,12,エピファネイア・プレミアムＢ２～Ｂ４－１,1700,ダ,右,良,曇,8,6,6,サイモンソーラン,牡,7,57.0,500,2,服部茂,齊藤正,4.1,2,1:51.3,40.1,5-5-6-3,3,500,2
2026/04/15,門別,12,エピファネイア・プレミアムＢ２～Ｂ４－１,1700,ダ,右,良,曇,8,3,3,マロンソレイユ,牡,3,57.0,460,-12,阿部龍,角川秀,3.8,3,1:51.6,39.8,8-8-8-5,2,460,-12
2026/04/15,門別,12,エピファネイア・プレミアムＢ２～Ｂ４－１,1700,ダ,右,良,曇,8,2,2,ライルアケカイ,牡,6,57.0,496,10,桑村真,米川昇,1.7,4,1:52.2,41.3,6-7-4-3,1,496,10
2026/04/15,門別,12,エピファネイア・プレミアムＢ２～Ｂ４－１,1700,ダ,右,良,曇,8,4,4,トーアサジタリウス,牡,3,57.0,462,7,宮内勇,佐々国,14.4,5,1:52.3,42.1,1-1-1-1,4,462,7
2026/04/15,門別,12,エピファネイア・プレミアムＢ２～Ｂ４－１,1700,ダ,右,良,曇,8,7,7,イイデマイヒメ,牝,4,55.0,458,0,落合玄,村上正,33.4,6,1:53.9,42.8,4-4-4-7,6,458,0
2026/04/15,門別,12,エピファネイア・プレミアムＢ２～Ｂ４－１,1700,ダ,右,良,曇,8,1,1,オーケーサンダー,牡,5,56.0,462,-19,岩橋勇,齊藤正,15.9,7,1:53.9,43.1,2-3-3-5,5,462,-19
2026/04/15,門別,12,エピファネイア・プレミアムＢ２～Ｂ４－１,1700,ダ,右,良,曇,8,8,8,カラフルフレスコ,牝,7,54.0,476,25,黒澤愛,山田和,247.9,8,1:54.6,42.8,6-6-7-8,8,476,25
2026/04/16,門別,1,３歳条件　未勝利,1000,ダ,右,良,晴,8,2,2,サラサゴーサイン,牡,3,57.0,436,6,井上瑛,松本隆,3.2,1,1:02.3,37.7,1-1,1,436,6
2026/04/16,門別,1,３歳条件　未勝利,1000,ダ,右,良,晴,8,5,5,カセノフォルス,牡,3,57.0,474,4,桑村真,角川秀,3.5,2,1:02.9,38.2,2-1,2,474,4
2026/04/16,門別,1,３歳条件　未勝利,1000,ダ,右,良,晴,8,7,7,ポポロン,牝,3,55.0,420,1,落合玄,小国博,3.8,3,1:03.4,38.2,5-3,3,420,1
2026/04/16,門別,1,３歳条件　未勝利,1000,ダ,右,良,晴,8,3,3,ミワクノホウショウ,牝,3,55.0,470,2,吉本隆,佐々国,4.1,4,1:04.2,39.2,4-3,4,470,2
2026/04/16,門別,1,３歳条件　未勝利,1000,ダ,右,良,晴,8,4,4,グリース,牝,3,55.0,414,10,宮内勇,桧森邦,17.8,5,1:04.5,39.8,2-5,6,414,10
2026/04/16,門別,1,３歳条件　未勝利,1000,ダ,右,良,晴,8,1,1,モーモーインディゴ,牡,3,57.0,416,-1,岩橋勇,佐藤英,75.3,6,1:05.1,37.9,6-6,7,416,-1
2026/04/16,門別,1,３歳条件　未勝利,1000,ダ,右,良,晴,8,6,6,コンチムサシ,牡,3,57.0,488,1,小野楓,桧森邦,10.4,7,1:05.9,37.7,7-7,5,488,1
2026/04/16,門別,1,３歳条件　未勝利,1000,ダ,右,良,晴,8,8,8,グッドミミック,牡,3,57.0,0,0,黒澤愛,山田和,,,,,,,0,0
2026/04/16,門別,2,３歳以上　Ｃ４－３,1700,ダ,右,良,晴,10,7,7,ウィルミスチヴァス,牡,3,57.0,480,26,落合玄,小国博,2.6,1,1:53.3,40.6,1-1-1-1,1,480,26
2026/04/16,門別,2,３歳以上　Ｃ４－３,1700,ダ,右,良,晴,10,2,2,マナスカイ,牡,3,57.0,482,-3,桑村真,桧森邦,10.7,2,1:53.8,41.0,8-8-1-2,4,482,-3
2026/04/16,門別,2,３歳以上　Ｃ４－３,1700,ダ,右,良,晴,10,8,10,クールカグラ,牝,4,52.0,490,4,小野俊,田中淳,2.6,3,1:54.4,40.9,4-4-4-4,2,490,4
2026/04/16,門別,2,３歳以上　Ｃ４－３,1700,ダ,右,良,晴,10,1,1,ベルケム,牡,3,57.0,440,5,亀井洋,佐々国,42.3,4,1:54.8,41.1,5-5-6-5,7,440,5
2026/04/16,門別,2,３歳以上　Ｃ４－３,1700,ダ,右,良,晴,10,7,8,モーニングアジサイ,牝,3,55.0,436,-9,宮内勇,川島洋,137.5,5,1:55.0,41.5,3-3-4-5,9,436,-9
2026/04/16,門別,2,３歳以上　Ｃ４－３,1700,ダ,右,良,晴,10,5,5,ベストリュイール,牝,3,53.0,416,3,藤田駕,森山雄,51.0,6,1:55.0,41.1,6-6-8-8,8,416,3
2026/04/16,門別,2,３歳以上　Ｃ４－３,1700,ダ,右,良,晴,10,3,3,ニットウアイアン,牡,6,57.0,476,-6,黒澤愛,千葉津,19.8,7,1:55.3,41.1,10-10-9-8,5,476,-6
2026/04/16,門別,2,３歳以上　Ｃ４－３,1700,ダ,右,良,晴,10,4,4,ナイトスパイア,牡,3,57.0,452,8,小野楓,柳澤好,3.6,8,1:56.1,43.2,1-1-1-3,3,452,8
2026/04/16,門別,2,３歳以上　Ｃ４－３,1700,ダ,右,良,晴,10,8,9,アーススカイ,牡,14,56.0,456,-10,阿岸潤,岡島玉,236.2,9,1:56.2,42.5,7-7-6-7,10,456,-10
2026/04/16,門別,2,３歳以上　Ｃ４－３,1700,ダ,右,良,晴,10,6,6,サクラゴールド,牡,4,57.0,502,10,阿部龍,佐々国,34.5,10,1:59.6,45.3,8-9-9-10,6,502,10
2026/04/16,門別,3,３歳以上　Ｃ４－３,1000,ダ,右,良,晴,12,3,3,ロスカキック,牝,3,55.0,462,10,服部茂,米川昇,1.6,1,1:02.1,37.4,2-1,1,462,10
2026/04/16,門別,3,３歳以上　Ｃ４－３,1000,ダ,右,良,晴,12,7,9,ハレタヒニ,牝,3,55.0,454,3,宮内勇,齊藤正,5.4,2,1:02.9,38.4,1-1,2,454,3
2026/04/16,門別,3,３歳以上　Ｃ４－３,1000,ダ,右,良,晴,12,8,12,モーモーブルー,牡,4,57.0,464,-5,吉本隆,佐藤英,12.3,3,1:03.3,38.4,3-3,5,464,-5
2026/04/16,門別,3,３歳以上　Ｃ４－３,1000,ダ,右,良,晴,12,7,10,ライプトラオム,牡,8,57.0,488,4,落合玄,松本隆,8.9,4,1:03.3,37.7,7-6,3,488,4
2026/04/16,門別,3,３歳以上　Ｃ４－３,1000,ダ,右,良,晴,12,4,4,ジャスパーエース,セ,0,56.0,456,-20,阿岸潤,佐久雅,40.5,5,1:03.3,37.9,4-6,9,456,-20
2026/04/16,門別,3,３歳以上　Ｃ４－３,1000,ダ,右,良,晴,12,8,11,フィールザクラウン,牡,6,54.0,458,2,渡邊準,村上正,32.8,6,1:03.9,38.6,4-3,8,458,2
2026/04/16,門別,3,３歳以上　Ｃ４－３,1000,ダ,右,良,晴,12,5,6,オカノティアラ,牝,3,52.0,374,-14,小川悠,桧森邦,9.4,7,1:04.0,38.0,9-9,4,374,-14
2026/04/16,門別,3,３歳以上　Ｃ４－３,1000,ダ,右,良,晴,12,5,5,ヨキカナ,牝,3,55.0,446,26,小野楓,桧森邦,17.1,8,1:04.1,38.4,8-8,6,446,26
2026/04/16,門別,3,３歳以上　Ｃ４－３,1000,ダ,右,良,晴,12,1,1,キョウエイボンバー,牡,6,55.0,508,4,藤田駕,黒川智,249.0,9,1:04.1,39.0,4-5,11,508,4
2026/04/16,門別,3,３歳以上　Ｃ４－３,1000,ダ,右,良,晴,12,6,8,トムワールド,牡,6,57.0,462,-2,岩橋勇,佐藤英,21.5,10,1:04.1,37.6,11-10,7,462,-2
2026/04/16,門別,3,３歳以上　Ｃ４－３,1000,ダ,右,良,晴,12,2,2,ハッコウクィーン,牝,7,55.0,466,-16,若杉朝,佐藤英,366.0,11,1:04.4,38.0,11-10,12,466,-16
2026/04/16,門別,3,３歳以上　Ｃ４－３,1000,ダ,右,良,晴,12,6,7,キタノシュナイダー,牝,4,55.0,434,-4,黒澤愛,山田和,213.9,12,1:09.1,43.2,10-12,10,434,-4
2026/04/16,門別,4,３歳以上　Ｃ４－２,1000,ダ,右,良,晴,12,7,9,ヤマノプリティー,牝,8,52.0,510,18,小川悠,松本隆,6.5,1,1:02.3,37.9,2-2,2,510,18
2026/04/16,門別,4,３歳以上　Ｃ４－２,1000,ダ,右,良,晴,12,8,12,カツノトゥウェルヴ,牝,4,55.0,500,18,井上瑛,五十冬,1.5,2,1:02.7,38.7,1-1,1,500,18
2026/04/16,門別,4,３歳以上　Ｃ４－２,1000,ダ,右,良,晴,12,6,8,トーケンマコット,牝,9,55.0,460,-6,亀井洋,佐々国,20.5,3,1:02.9,38.1,5-4,6,460,-6
2026/04/16,門別,4,３歳以上　Ｃ４－２,1000,ダ,右,良,晴,12,5,5,メテオジュリア,牝,4,52.0,470,34,渡邊準,桧森邦,21.1,4,1:03.1,38.1,5-6,7,470,34
2026/04/16,門別,4,３歳以上　Ｃ４－２,1000,ダ,右,良,晴,12,1,1,ハッピーピンク,牝,4,55.0,448,4,桑村真,桧森邦,143.5,5,1:03.1,37.2,10-8,10,448,4
2026/04/16,門別,4,３歳以上　Ｃ４－２,1000,ダ,右,良,晴,12,8,11,ジャスパーサン,セ,0,57.0,468,-8,阿部龍,佐久雅,19.7,6,1:03.5,37.4,11-8,5,468,-8
2026/04/16,門別,4,３歳以上　Ｃ４－２,1000,ダ,右,良,晴,12,6,7,ウーロン,牝,5,55.0,498,-8,岩橋勇,廣森久,10.5,7,1:03.5,38.9,4-4,4,498,-8
2026/04/16,門別,4,３歳以上　Ｃ４－２,1000,ダ,右,良,晴,12,5,6,シルバーコムコム,牝,4,55.0,452,4,小野楓,齊藤正,27.9,8,1:03.6,38.4,7-7,8,452,4
2026/04/16,門別,4,３歳以上　Ｃ４－２,1000,ダ,右,良,晴,12,4,4,サクラキングリー,セ,0,54.0,498,8,小野俊,佐々国,238.2,9,1:03.6,38.0,8-8,11,498,8
2026/04/16,門別,4,３歳以上　Ｃ４－２,1000,ダ,右,良,晴,12,3,3,ツキヨザクラ,牝,4,55.0,446,6,黒澤愛,森山雄,60.5,10,1:04.4,37.9,12-12,9,446,6
2026/04/16,門別,4,３歳以上　Ｃ４－２,1000,ダ,右,良,晴,12,7,10,ヤマニンアリーズ,牝,5,55.0,494,46,宮内勇,川島洋,7.9,11,1:05.2,40.9,2-3,3,494,46
2026/04/16,門別,4,３歳以上　Ｃ４－２,1000,ダ,右,良,晴,12,2,2,エイシンキャノピー,牝,4,55.0,452,-7,坂下秀,秋田大,393.5,12,1:05.7,40.1,8-11,12,452,-7
2026/04/16,門別,5,３歳以上　Ｃ４－２,1200,ダ,右,良,晴,14,5,8,ヴァーチェ,牡,3,57.0,510,10,桑村真,角川秀,1.5,1,1:14.7,38.1,1-1,1,510,10
2026/04/16,門別,5,３歳以上　Ｃ４－２,1200,ダ,右,良,晴,14,6,10,クインズモナカ,牝,4,55.0,490,-10,井上瑛,黒川智,4.8,2,1:14.7,38.1,1-1,2,490,-10
2026/04/16,門別,5,３歳以上　Ｃ４－２,1200,ダ,右,良,晴,14,7,12,フロンテアブライト,牡,6,57.0,510,12,宮内勇,川島洋,7.6,3,1:15.8,39.2,3-3,3,510,12
2026/04/16,門別,5,３歳以上　Ｃ４－２,1200,ダ,右,良,晴,14,3,3,ドレッドナイト,牡,4,57.0,480,22,落合玄,桧森邦,44.6,4,1:15.8,39.0,5-4,8,480,22
2026/04/16,門別,5,３歳以上　Ｃ４－２,1200,ダ,右,良,晴,14,5,7,ロンギングドルチェ,牝,5,55.0,520,16,亀井洋,柳澤好,12.5,5,1:16.1,39.2,6-4,5,520,16
2026/04/16,門別,5,３歳以上　Ｃ４－２,1200,ダ,右,良,晴,14,3,4,ウナトライオン,セ,0,54.0,520,22,渡邊準,桧森邦,72.7,6,1:16.2,38.3,12-10,9,520,22
2026/04/16,門別,5,３歳以上　Ｃ４－２,1200,ダ,右,良,晴,14,4,6,キタサンスーザン,牝,3,53.0,384,0,藤田駕,五十冬,31.5,7,1:16.6,39.0,8-7,6,384,0
2026/04/16,門別,5,３歳以上　Ｃ４－２,1200,ダ,右,良,晴,14,8,13,ダイヤノゴトク,牝,4,52.0,458,3,小野俊,桧森邦,38.6,8,1:16.7,39.1,8-7,7,458,3
2026/04/16,門別,5,３歳以上　Ｃ４－２,1200,ダ,右,良,晴,14,4,5,トーケンナナ,牝,4,55.0,462,-6,吉本隆,佐々国,579.3,9,1:16.9,39.0,12-10,14,462,-6
2026/04/16,門別,5,３歳以上　Ｃ４－２,1200,ダ,右,良,晴,14,2,2,シーザーキック,牡,5,57.0,498,4,黒澤愛,米川昇,10.9,10,1:16.9,40.1,3-6,4,498,4
2026/04/16,門別,5,３歳以上　Ｃ４－２,1200,ダ,右,良,晴,14,8,14,ベストカリフ,牡,5,54.0,432,0,小川悠,佐々国,265.7,11,1:17.0,39.7,7-7,11,432,0
2026/04/16,門別,5,３歳以上　Ｃ４－２,1200,ダ,右,良,晴,14,6,9,ベラジオケンシロウ,牡,5,57.0,506,8,服部茂,秋田大,115.8,12,1:17.0,39.2,11-10,10,506,8
2026/04/16,門別,5,３歳以上　Ｃ４－２,1200,ダ,右,良,晴,14,7,11,タイガーハート,牡,5,57.0,444,17,若杉朝,櫻井拓,265.7,13,1:18.7,41.1,8-13,11,444,17
2026/04/16,門別,5,３歳以上　Ｃ４－２,1200,ダ,右,良,晴,14,1,1,アースリンゴ,牝,6,54.0,464,-14,阿岸潤,岡島玉,459.7,14,1:18.8,40.9,12-13,13,464,-14
2026/04/16,門別,6,Ｊ認 フレッシュチャレンジ２歳新馬,1100,ダ,右,良,晴,8,8,8,コパノシチリア,牡,2,55.0,0,0,阿部龍,角川秀,1.3,1,1:08.2,37.5,1-1,1,0,0
2026/04/16,門別,6,Ｊ認 フレッシュチャレンジ２歳新馬,1100,ダ,右,良,晴,8,2,2,ニュースタンダード,牡,2,55.0,0,0,小野楓,小野望,8.3,2,1:09.8,38.7,5-5,3,0,0
2026/04/16,門別,6,Ｊ認 フレッシュチャレンジ２歳新馬,1100,ダ,右,良,晴,8,5,5,ハクアイレーヴ,牝,2,54.0,0,0,阿岸潤,五十冬,34.2,3,1:10.1,39.2,2-2,6,0,0
2026/04/16,門別,6,Ｊ認 フレッシュチャレンジ２歳新馬,1100,ダ,右,良,晴,8,1,1,ブルーオンピンク,牡,2,55.0,0,0,落合玄,田中淳,5.0,4,1:11.0,39.4,6-6,2,0,0
2026/04/16,門別,6,Ｊ認 フレッシュチャレンジ２歳新馬,1100,ダ,右,良,晴,8,6,6,フクジョウン,牡,2,55.0,0,0,岩橋勇,小国博,14.8,5,1:11.7,40.9,2-2,4,0,0
2026/04/16,門別,6,Ｊ認 フレッシュチャレンジ２歳新馬,1100,ダ,右,良,晴,8,3,3,アイリスベビー,牝,2,55.0,0,0,桑村真,齊藤正,16.7,6,1:11.7,40.9,2-2,5,0,0
2026/04/16,門別,6,Ｊ認 フレッシュチャレンジ２歳新馬,1100,ダ,右,良,晴,8,4,4,ノーモアウォー,牝,2,55.0,0,0,亀井洋,佐々国,107.1,7,1:11.9,39.1,7-7,7,0,0
2026/04/16,門別,6,Ｊ認 フレッシュチャレンジ２歳新馬,1100,ダ,右,良,晴,8,7,7,リュウノマッスル,牡,2,55.0,0,0,井上瑛,五十冬,,,,,,,0,0
2026/04/16,門別,7,リーディングジョッキー１Ｂ４－２～Ｃ３－,1700,ダ,右,良,晴,12,2,2,ウィルラウス,牝,3,55.0,416,14,落合玄,小国博,6.2,1,1:51.3,39.3,3-3-4-3,3,416,14
2026/04/16,門別,7,リーディングジョッキー１Ｂ４－２～Ｃ３－,1700,ダ,右,良,晴,12,4,4,エイイチ,牡,4,57.0,498,2,宮内勇,田中淳,5.6,2,1:51.7,39.0,9-9-10-9,2,498,2
2026/04/16,門別,7,リーディングジョッキー１Ｂ４－２～Ｃ３－,1700,ダ,右,良,晴,12,5,6,ミソタロ,牡,4,57.0,482,8,岩橋勇,小国博,40.7,3,1:52.5,40.8,1-1-1-1,8,482,8
2026/04/16,門別,7,リーディングジョッキー１Ｂ４－２～Ｃ３－,1700,ダ,右,良,晴,12,7,9,アンジュパラディ,牝,4,55.0,438,-3,阿部龍,小野望,36.7,4,1:52.5,40.2,10-9-6-5,7,438,-3
2026/04/16,門別,7,リーディングジョッキー１Ｂ４－２～Ｃ３－,1700,ダ,右,良,晴,12,3,3,アルマブレイド,牡,8,57.0,516,8,亀井洋,松本隆,206.7,5,1:52.6,40.3,3-3-6-5,10,516,8
2026/04/16,門別,7,リーディングジョッキー１Ｂ４－２～Ｃ３－,1700,ダ,右,良,晴,12,6,7,ジャスマン,牡,4,55.0,510,4,藤田駕,角川秀,36.4,6,1:52.7,39.8,12-11-11-10,6,510,4
2026/04/16,門別,7,リーディングジョッキー１Ｂ４－２～Ｃ３－,1700,ダ,右,良,晴,12,8,12,アステロイドメア,牝,6,55.0,516,-2,小野楓,田中淳,1.7,7,1:52.8,41.1,3-3-1-1,1,516,-2
2026/04/16,門別,7,リーディングジョッキー１Ｂ４－２～Ｃ３－,1700,ダ,右,良,晴,12,6,8,パルヴェニュー,牡,4,57.0,448,0,服部茂,櫻井拓,7.1,8,1:52.9,41.1,6-6-1-3,4,448,0
2026/04/16,門別,7,リーディングジョッキー１Ｂ４－２～Ｃ３－,1700,ダ,右,良,晴,12,1,1,クラウォー,牡,8,54.0,578,40,渡邊準,松本隆,71.1,9,1:53.3,39.9,11-11-12-12,9,578,40
2026/04/16,門別,7,リーディングジョッキー１Ｂ４－２～Ｃ３－,1700,ダ,右,良,晴,12,7,10,シロカーク,牡,4,56.0,478,4,阿岸潤,櫻井拓,239.3,10,1:54.0,41.7,7-7-6-7,11,478,4
2026/04/16,門別,7,リーディングジョッキー１Ｂ４－２～Ｃ３－,1700,ダ,右,良,晴,12,5,5,エアプレイ,牡,4,57.0,466,26,桑村真,米川昇,9.6,11,1:54.0,41.3,7-7-9-7,5,466,26
2026/04/16,門別,7,リーディングジョッキー１Ｂ４－２～Ｃ３－,1700,ダ,右,良,晴,12,8,11,ダイヤキララ,牝,5,55.0,450,-13,黒澤愛,桧森邦,410.9,12,1:56.4,43.9,2-2-5-11,12,450,-13
2026/04/16,門別,8,リーディングジョッキー２Ｃ１－２～Ｃ３－,1200,ダ,右,良,晴,12,4,4,デュアルキャリアー,牡,10,55.0,584,28,藤田駕,桧森邦,5.0,1,1:13.8,38.7,1-1,2,584,28
2026/04/16,門別,8,リーディングジョッキー２Ｃ１－２～Ｃ３－,1200,ダ,右,良,晴,12,7,10,セイゲン,セ,0,57.0,484,12,落合玄,小野望,1.7,2,1:14.0,38.4,5-2,1,484,12
2026/04/16,門別,8,リーディングジョッキー２Ｃ１－２～Ｃ３－,1200,ダ,右,良,晴,12,7,9,メイショウマーブル,牡,5,57.0,478,2,阿部龍,田中淳,8.8,3,1:14.2,37.9,10-8,3,478,2
2026/04/16,門別,8,リーディングジョッキー２Ｃ１－２～Ｃ３－,1200,ダ,右,良,晴,12,5,5,コンサイダー,牡,6,56.0,500,-2,阿岸潤,黒川智,168.2,4,1:14.7,38.2,10-10,12,500,-2
2026/04/16,門別,8,リーディングジョッキー２Ｃ１－２～Ｃ３－,1200,ダ,右,良,晴,12,6,7,ハニーベリー,牝,6,55.0,464,6,黒澤愛,黒川智,32.6,5,1:14.7,38.3,12-6,8,464,6
2026/04/16,門別,8,リーディングジョッキー２Ｃ１－２～Ｃ３－,1200,ダ,右,良,晴,12,5,6,ワイルドラヴ,牡,11,57.0,470,-2,小野楓,川島洋,18.3,6,1:15.0,39.2,6-5,7,470,-2
2026/04/16,門別,8,リーディングジョッキー２Ｃ１－２～Ｃ３－,1200,ダ,右,良,晴,12,8,11,キュータロー,牡,4,57.0,498,4,岩橋勇,櫻井拓,17.6,7,1:15.2,39.2,8-6,6,498,4
2026/04/16,門別,8,リーディングジョッキー２Ｃ１－２～Ｃ３－,1200,ダ,右,良,晴,12,3,3,ウィンストラテジー,牡,6,57.0,592,18,亀井洋,米川昇,10.0,8,1:15.2,39.1,8-8,4,592,18
2026/04/16,門別,8,リーディングジョッキー２Ｃ１－２～Ｃ３－,1200,ダ,右,良,晴,12,6,8,ヤマニンリーリオ,牝,6,55.0,498,8,宮内勇,小野望,75.1,9,1:15.5,40.1,2-3,11,498,8
2026/04/16,門別,8,リーディングジョッキー２Ｃ１－２～Ｃ３－,1200,ダ,右,良,晴,12,2,2,グラストップロード,牡,5,57.0,544,2,服部茂,角川秀,12.2,10,1:16.5,41.1,2-3,5,544,2
2026/04/16,門別,8,リーディングジョッキー２Ｃ１－２～Ｃ３－,1200,ダ,右,良,晴,12,1,1,リュウノマジシャン,牡,4,57.0,466,-5,桑村真,川島雅,63.6,11,1:17.1,41.1,6-10,9,466,-5
2026/04/16,門別,8,リーディングジョッキー２Ｃ１－２～Ｃ３－,1200,ダ,右,良,晴,12,8,12,ロビンバローズ,牝,5,52.0,430,22,渡邊準,石本孝,74.2,12,1:25.9,50.3,4-12,10,430,22
2026/04/16,門別,9,ナデシコ特別Ｃ３－２Ｃ４－１,1000,ダ,右,良,晴,11,6,7,マイネルジーニアス,牡,4,57.0,568,21,小野楓,齊藤正,1.8,1,1:01.6,37.4,5-4,1,568,21
2026/04/16,門別,9,ナデシコ特別Ｃ３－２Ｃ４－１,1000,ダ,右,良,晴,11,7,9,シラントロ,牝,3,55.0,460,-9,桑村真,角川秀,12.8,2,1:01.6,37.8,3-3,7,460,-9
2026/04/16,門別,9,ナデシコ特別Ｃ３－２Ｃ４－１,1000,ダ,右,良,晴,11,7,8,ミソドレミ,牝,3,55.0,474,2,阿部龍,角川秀,7.4,3,1:01.6,38.1,1-1,2,474,2
2026/04/16,門別,9,ナデシコ特別Ｃ３－２Ｃ４－１,1000,ダ,右,良,晴,11,8,10,ササキンメロディ,牝,3,55.0,436,-5,黒澤愛,小国博,8.8,4,1:02.1,37.8,6-4,5,436,-5
2026/04/16,門別,9,ナデシコ特別Ｃ３－２Ｃ４－１,1000,ダ,右,良,晴,11,1,1,アイガイッパイ,牝,6,55.0,496,12,宮内勇,川島洋,8.8,5,1:02.3,37.4,8-7,4,496,12
2026/04/16,門別,9,ナデシコ特別Ｃ３－２Ｃ４－１,1000,ダ,右,良,晴,11,5,5,ゼファーバローズ,牡,6,57.0,484,-7,岩橋勇,桧森邦,39.4,6,1:02.7,37.4,9-9,8,484,-7
2026/04/16,門別,9,ナデシコ特別Ｃ３－２Ｃ４－１,1000,ダ,右,良,晴,11,8,11,ルナエルフ,牝,6,53.0,486,28,藤田駕,小野望,7.8,7,1:03.0,39.1,4-4,3,486,28
2026/04/16,門別,9,ナデシコ特別Ｃ３－２Ｃ４－１,1000,ダ,右,良,晴,11,3,3,マリノシュライエン,牝,6,54.0,442,2,阿岸潤,五十冬,433.7,8,1:03.4,37.8,10-10,11,442,2
2026/04/16,門別,9,ナデシコ特別Ｃ３－２Ｃ４－１,1000,ダ,右,良,晴,11,6,6,ニシノココ,牝,5,52.0,472,-2,小川悠,村上正,150.8,9,1:03.7,39.3,6-7,9,472,-2
2026/04/16,門別,9,ナデシコ特別Ｃ３－２Ｃ４－１,1000,ダ,右,良,晴,11,4,4,キタサンヤマブキ,牝,5,55.0,542,12,服部茂,桧森邦,10.4,10,1:04.9,41.5,1-1,6,542,12
2026/04/16,門別,9,ナデシコ特別Ｃ３－２Ｃ４－１,1000,ダ,右,良,晴,11,2,2,ディアレストゥラヴ,牝,6,52.0,380,-4,小野俊,沼澤英,289.1,11,1:06.1,40.5,10-11,10,380,-4
2026/04/16,門別,10,グランシャリオドリーム２Ｃ３－２Ｃ４－１,1200,ダ,右,良,晴,14,2,2,リオンセーラス,牝,4,55.0,490,11,落合玄,桧森邦,6.1,1,1:15.0,38.7,7-5,4,490,11
2026/04/16,門別,10,グランシャリオドリーム２Ｃ３－２Ｃ４－１,1200,ダ,右,良,晴,14,3,3,タイセイシャルト,牡,3,57.0,488,2,桑村真,角川秀,3.7,2,1:15.0,39.3,1-1,2,488,2
2026/04/16,門別,10,グランシャリオドリーム２Ｃ３－２Ｃ４－１,1200,ダ,右,良,晴,14,4,5,ユニコーンホエール,牡,4,57.0,470,2,阿部龍,五十冬,25.8,3,1:15.1,39.1,2-2,7,470,2
2026/04/16,門別,10,グランシャリオドリーム２Ｃ３－２Ｃ４－１,1200,ダ,右,良,晴,14,7,12,エリオットゲーム,牡,5,57.0,498,-12,服部茂,齊藤正,23.1,4,1:15.3,38.5,11-6,6,498,-12
2026/04/16,門別,10,グランシャリオドリーム２Ｃ３－２Ｃ４－１,1200,ダ,右,良,晴,14,5,8,ピエールテネシー,牝,5,55.0,472,-8,亀井洋,廣森久,169.5,5,1:15.4,38.8,9-9,13,472,-8
2026/04/16,門別,10,グランシャリオドリーム２Ｃ３－２Ｃ４－１,1200,ダ,右,良,晴,14,5,7,サクラソーレ,セ,0,57.0,484,2,井上瑛,五十冬,101.1,6,1:15.7,38.9,10-6,12,484,2
2026/04/16,門別,10,グランシャリオドリーム２Ｃ３－２Ｃ４－１,1200,ダ,右,良,晴,14,8,14,スズロビンソン,牡,8,57.0,486,-2,井上俊,櫻井拓,89.3,7,1:15.7,39.4,7-6,10,486,-2
2026/04/16,門別,10,グランシャリオドリーム２Ｃ３－２Ｃ４－１,1200,ダ,右,良,晴,14,8,13,イイデスカイボス,牡,3,57.0,494,24,宮内勇,村上正,3.5,8,1:15.9,39.9,5-2,1,494,24
2026/04/16,門別,10,グランシャリオドリーム２Ｃ３－２Ｃ４－１,1200,ダ,右,良,晴,14,6,9,ドクターストップ,牝,4,54.0,464,4,阿岸潤,松本隆,92.0,9,1:16.3,39.3,11-11,11,464,4
2026/04/16,門別,10,グランシャリオドリーム２Ｃ３－２Ｃ４－１,1200,ダ,右,良,晴,14,6,10,ピエドラ,牡,4,54.0,524,16,小野俊,小国博,44.4,10,1:16.4,39.4,11-13,9,524,16
2026/04/16,門別,10,グランシャリオドリーム２Ｃ３－２Ｃ４－１,1200,ダ,右,良,晴,14,4,6,ヤマニントゥルシー,牡,5,57.0,512,9,小野楓,小野望,4.5,11,1:16.5,40.6,2-4,3,512,9
2026/04/16,門別,10,グランシャリオドリーム２Ｃ３－２Ｃ４－１,1200,ダ,右,良,晴,14,7,11,ヤルキゲンキユウキ,牝,5,52.0,412,-10,小川悠,川島洋,253.1,12,1:16.7,40.3,6-11,14,412,-10
2026/04/16,門別,10,グランシャリオドリーム２Ｃ３－２Ｃ４－１,1200,ダ,右,良,晴,14,1,1,クラウンジュエル,セ,0,57.0,522,10,黒澤愛,米川昇,40.2,13,1:17.3,39.3,14-14,8,522,10
2026/04/16,門別,10,グランシャリオドリーム２Ｃ３－２Ｃ４－１,1200,ダ,右,良,晴,14,3,4,サユリバナ,牝,5,55.0,532,0,岩橋勇,小国博,6.6,14,1:17.9,42.0,2-9,5,532,0
2026/04/16,門別,11,ハナミズキ特別Ｃ１－２～Ｃ３－１,1000,ダ,右,良,晴,11,1,1,キングリーエアー,牡,4,57.0,536,38,宮内勇,齊藤正,9.6,1,1:01.8,37.5,3-3,4,536,38
2026/04/16,門別,11,ハナミズキ特別Ｃ１－２～Ｃ３－１,1000,ダ,右,良,晴,11,2,2,ニシケンカバル,セ,0,57.0,496,-16,落合玄,小国博,2.3,2,1:02.0,38.7,1-1,1,496,-16
2026/04/16,門別,11,ハナミズキ特別Ｃ１－２～Ｃ３－１,1000,ダ,右,良,晴,11,8,10,ディープレゼント,牝,4,55.0,450,12,井上瑛,五十冬,5.1,3,1:02.2,37.6,4-4,3,450,12
2026/04/16,門別,11,ハナミズキ特別Ｃ１－２～Ｃ３－１,1000,ダ,右,良,晴,11,6,6,ヨシノカムイ,牡,4,57.0,470,6,岩橋勇,桧森邦,15.2,4,1:02.6,37.5,6-6,5,470,6
2026/04/16,門別,11,ハナミズキ特別Ｃ１－２～Ｃ３－１,1000,ダ,右,良,晴,11,5,5,パープルビューティ,牝,5,55.0,464,7,黒澤愛,森山雄,24.6,5,1:02.8,38.1,5-5,7,464,7
2026/04/16,門別,11,ハナミズキ特別Ｃ１－２～Ｃ３－１,1000,ダ,右,良,晴,11,7,8,デュジャック,セ,0,57.0,528,12,小野楓,小野望,3.1,6,1:03.1,39.8,1-2,2,528,12
2026/04/16,門別,11,ハナミズキ特別Ｃ１－２～Ｃ３－１,1000,ダ,右,良,晴,11,6,7,アンディジェン,牡,6,55.0,504,-3,藤田駕,秋田大,212.0,7,1:03.8,37.6,10-10,11,504,-3
2026/04/16,門別,11,ハナミズキ特別Ｃ１－２～Ｃ３－１,1000,ダ,右,良,晴,11,8,11,レイホープ,牡,4,57.0,514,24,坂下秀,秋田大,18.9,8,1:04.0,38.6,7-9,6,514,24
2026/04/16,門別,11,ハナミズキ特別Ｃ１－２～Ｃ３－１,1000,ダ,右,良,晴,11,3,3,コンバットトーラス,牡,5,56.0,534,-1,阿岸潤,山田和,86.3,9,1:04.1,38.4,9-8,10,534,-1
2026/04/16,門別,11,ハナミズキ特別Ｃ１－２～Ｃ３－１,1000,ダ,右,良,晴,11,4,4,ブレイヴァリーボス,牡,6,57.0,486,-28,阿部龍,小国博,50.2,10,1:04.1,38.7,7-7,8,486,-28
2026/04/16,門別,11,ハナミズキ特別Ｃ１－２～Ｃ３－１,1000,ダ,右,良,晴,11,7,9,ヴィオルナ,牝,5,52.0,414,3,小川悠,川島雅,63.9,11,1:04.3,37.9,11-10,9,414,3
2026/04/16,門別,12,道の駅石狩・あいろーど厚田特別Ｂ３～Ｃ１,1200,ダ,右,良,晴,12,8,12,ヤマニンパッセ,牝,4,54.0,518,8,宮内勇,川島洋,1.4,1,1:13.7,38.4,2-1,1,518,8
2026/04/16,門別,12,道の駅石狩・あいろーど厚田特別Ｂ３～Ｃ１,1200,ダ,右,良,晴,12,5,5,レディパイロ,牝,5,54.0,530,-8,黒澤愛,森山雄,7.7,2,1:14.1,38.5,3-3,3,530,-8
2026/04/16,門別,12,道の駅石狩・あいろーど厚田特別Ｂ３～Ｃ１,1200,ダ,右,良,晴,12,7,9,ヤマトオーザー,牡,4,55.0,500,0,亀井洋,黒川智,16.9,3,1:14.1,38.5,4-3,5,500,0
2026/04/16,門別,12,道の駅石狩・あいろーど厚田特別Ｂ３～Ｃ１,1200,ダ,右,良,晴,12,8,11,ラストボーン,セ,0,57.0,488,8,服部茂,松本隆,8.9,4,1:14.3,39.2,1-1,4,488,8
2026/04/16,門別,12,道の駅石狩・あいろーど厚田特別Ｂ３～Ｃ１,1200,ダ,右,良,晴,12,6,8,ズンガリプテルス,牡,6,56.0,524,-10,落合玄,小国博,43.2,5,1:14.5,38.5,6-7,8,524,-10
2026/04/16,門別,12,道の駅石狩・あいろーど厚田特別Ｂ３～Ｃ１,1200,ダ,右,良,晴,12,3,3,トレヴェナ,牝,4,55.0,462,4,桑村真,角川秀,7.6,6,1:14.5,38.0,9-7,2,462,4
2026/04/16,門別,12,道の駅石狩・あいろーど厚田特別Ｂ３～Ｃ１,1200,ダ,右,良,晴,12,1,1,ジャスパードリーム,セ,0,56.0,530,-10,井上瑛,佐久雅,46.0,7,1:14.7,38.5,7-5,9,530,-10
2026/04/16,門別,12,道の駅石狩・あいろーど厚田特別Ｂ３～Ｃ１,1200,ダ,右,良,晴,12,5,6,ジャスパーシャイン,牡,9,57.0,516,-16,阿部龍,佐久雅,22.7,8,1:14.9,36.5,12-12,6,516,-16
2026/04/16,門別,12,道の駅石狩・あいろーど厚田特別Ｂ３～Ｃ１,1200,ダ,右,良,晴,12,7,10,アドルナティック,牡,4,55.0,460,14,藤田駕,村上正,46.2,9,1:15.0,38.1,10-10,10,460,14
2026/04/16,門別,12,道の駅石狩・あいろーど厚田特別Ｂ３～Ｃ１,1200,ダ,右,良,晴,12,4,4,ブラックアピス,牡,8,56.0,520,2,岩橋勇,石本孝,167.4,10,1:15.1,37.9,11-10,12,520,2
2026/04/16,門別,12,道の駅石狩・あいろーど厚田特別Ｂ３～Ｃ１,1200,ダ,右,良,晴,12,2,2,サヤオンニ,牝,6,53.0,456,-4,阿岸潤,松本隆,138.6,11,1:15.2,39.4,4-5,11,456,-4
2026/04/16,門別,12,道の駅石狩・あいろーど厚田特別Ｂ３～Ｃ１,1200,ダ,右,良,晴,12,6,7,クーシフォン,牝,7,54.0,494,12,小野楓,川島洋,35.3,12,1:15.3,39.0,7-9,7,494,12
2026/04/22,門別,1,３歳条件　未勝利,1000,ダ,右,稍重,晴,8,5,5,ポートエレン,牝,3,55.0,0,0,桑村真,佐久雅,1.4,1,1:02.4,36.6,5-3,1,0,0
2026/04/22,門別,1,３歳条件　未勝利,1000,ダ,右,稍重,晴,8,3,3,ウォーキャット,牝,3,55.0,462,6,落合玄,角川秀,4.1,2,1:02.5,37.2,1-1,2,462,6
2026/04/22,門別,1,３歳条件　未勝利,1000,ダ,右,稍重,晴,8,8,8,グッドタイムアスク,牝,3,55.0,0,0,阿部龍,角川秀,6.4,3,1:02.9,37.4,2-1,3,0,0
2026/04/22,門別,1,３歳条件　未勝利,1000,ダ,右,稍重,晴,8,1,1,クロームボーイ,牡,3,57.0,0,0,岩橋勇,千葉津,18.5,4,1:03.4,37.8,3-3,4,0,0
2026/04/22,門別,1,３歳条件　未勝利,1000,ダ,右,稍重,晴,8,6,6,グッドミミック,牡,3,57.0,486,10,黒澤愛,山田和,24.7,5,1:03.5,37.9,3-3,5,486,10
2026/04/22,門別,1,３歳条件　未勝利,1000,ダ,右,稍重,晴,8,7,7,ピノグリージョ,牝,3,53.0,0,0,藤田駕,小野望,27.4,6,1:04.1,38.0,7-6,6,0,0
2026/04/22,門別,1,３歳条件　未勝利,1000,ダ,右,稍重,晴,8,4,4,ライズタワー,牝,3,55.0,0,0,若杉朝,櫻井拓,44.0,7,1:05.7,39.8,5-6,7,0,0
2026/04/22,門別,1,３歳条件　未勝利,1000,ダ,右,稍重,晴,8,2,2,トモニミルホープ,牝,3,55.0,448,3,坂下秀,沼澤英,106.2,8,1:05.8,39.7,7-8,8,448,3
2026/04/22,門別,2,３歳条件　未勝利,1000,ダ,右,稍重,曇,8,7,7,アサカオーガスタ,牡,3,57.0,0,0,石川倭,小国博,1.5,1,1:02.0,36.9,3-4,1,0,0
2026/04/22,門別,2,３歳条件　未勝利,1000,ダ,右,稍重,曇,8,6,6,ベルバロン,牡,3,57.0,0,0,落合玄,田中淳,2.9,2,1:02.2,36.5,6-5,2,0,0
2026/04/22,門別,2,３歳条件　未勝利,1000,ダ,右,稍重,曇,8,2,2,ビリーヴザウエスト,牡,3,57.0,462,26,阿部龍,角川秀,17.2,3,1:03.1,36.8,8-7,5,462,26
2026/04/22,門別,2,３歳条件　未勝利,1000,ダ,右,稍重,曇,8,4,4,スウィンドル,牡,3,55.0,422,-4,藤田駕,秋田大,14.7,4,1:03.1,38.1,3-1,4,422,-4
2026/04/22,門別,2,３歳条件　未勝利,1000,ダ,右,稍重,曇,8,5,5,ソールスローザ,牝,3,55.0,0,0,井上瑛,五十冬,11.7,5,1:03.8,39.0,1-1,3,0,0
2026/04/22,門別,2,３歳条件　未勝利,1000,ダ,右,稍重,曇,8,8,8,ワールドユニティ,牡,3,57.0,0,0,桑村真,佐久雅,34.7,6,1:04.5,39.7,1-1,6,0,0
2026/04/22,門別,2,３歳条件　未勝利,1000,ダ,右,稍重,曇,8,3,3,コンバットハート,牝,3,54.0,446,7,阿岸潤,山田和,90.6,7,1:04.6,39.5,3-5,7,446,7
2026/04/22,門別,2,３歳条件　未勝利,1000,ダ,右,稍重,曇,8,1,1,ジュビアデオロ,牝,3,55.0,0,0,黒澤愛,森山雄,157.8,8,1:06.0,39.9,7-8,8,0,0
2026/04/22,門別,3,３歳条件　未勝利,1200,ダ,右,稍重,曇,8,6,6,ルーチェアバンティ,牡,3,57.0,468,14,石川倭,小国博,1.1,1,1:17.8,40.2,1-1,1,468,14
2026/04/22,門別,3,３歳条件　未勝利,1200,ダ,右,稍重,曇,8,2,2,ブールヴァルディエ,セ,0,57.0,440,-9,小野楓,桧森邦,8.7,2,1:18.2,39.5,4-5,3,440,-9
2026/04/22,門別,3,３歳条件　未勝利,1200,ダ,右,稍重,曇,8,4,4,ピエールエンジェル,牝,3,55.0,474,4,宮内勇,廣森久,21.2,3,1:18.4,40.0,3-2,4,474,4
2026/04/22,門別,3,３歳条件　未勝利,1200,ダ,右,稍重,曇,8,8,8,モーモーインディゴ,牡,3,57.0,416,0,服部茂,佐藤英,55.6,4,1:18.4,38.9,7-7,6,416,0
2026/04/22,門別,3,３歳条件　未勝利,1200,ダ,右,稍重,曇,8,3,3,ハチキン,牝,3,55.0,440,0,桑村真,角川秀,6.8,5,1:18.7,40.0,6-2,2,440,0
2026/04/22,門別,3,３歳条件　未勝利,1200,ダ,右,稍重,曇,8,7,7,フークストロンガー,牡,3,57.0,530,-9,阿部龍,佐々国,22.7,6,1:19.6,41.8,2-4,5,530,-9
2026/04/22,門別,3,３歳条件　未勝利,1200,ダ,右,稍重,曇,8,1,1,アルカナベル,牝,3,52.0,458,-10,小川悠,佐久雅,108.2,7,1:19.7,41.0,4-5,7,458,-10
2026/04/22,門別,3,３歳条件　未勝利,1200,ダ,右,稍重,曇,8,5,5,ベルンホンディエ,牡,3,57.0,520,-6,岩橋勇,千葉津,,,,,,,520,-6
2026/04/22,門別,4,３歳以上　Ｃ４－３,1200,ダ,右,稍重,曇,9,6,6,アヴェルス,牡,3,57.0,474,8,石川倭,小国博,2.6,1,1:15.0,38.5,1-1,1,474,8
2026/04/22,門別,4,３歳以上　Ｃ４－３,1200,ダ,右,稍重,曇,9,5,5,カインドオブユー,牡,5,57.0,518,-2,落合玄,桧森邦,7.9,2,1:16.1,39.4,3-3,5,518,-2
2026/04/22,門別,4,３歳以上　Ｃ４－３,1200,ダ,右,稍重,曇,9,7,7,ダンクバローズ,牡,4,57.0,578,2,服部茂,田中淳,9.0,3,1:16.1,39.6,1-1,6,578,2
2026/04/22,門別,4,３歳以上　Ｃ４－３,1200,ダ,右,稍重,曇,9,1,1,シルバーライダー,牡,3,57.0,504,8,岩橋勇,小国博,7.6,4,1:16.4,39.4,6-5,4,504,8
2026/04/22,門別,4,３歳以上　Ｃ４－３,1200,ダ,右,稍重,曇,9,4,4,フレアリングバロン,牡,3,57.0,464,8,桑村真,村上正,4.7,5,1:16.5,39.8,3-3,2,464,8
2026/04/22,門別,4,３歳以上　Ｃ４－３,1200,ダ,右,稍重,曇,9,8,9,ベニノジェネラル,牡,8,55.0,424,-2,藤田駕,黒川智,87.0,6,1:17.4,40.6,5-5,9,424,-2
2026/04/22,門別,4,３歳以上　Ｃ４－３,1200,ダ,右,稍重,曇,9,8,8,エリジブル,牡,4,57.0,508,5,黒澤愛,森山雄,12.8,7,1:17.9,40.0,9-9,7,508,5
2026/04/22,門別,4,３歳以上　Ｃ４－３,1200,ダ,右,稍重,曇,9,3,3,クロノライデン,牡,3,57.0,472,-4,小野楓,佐藤英,60.8,8,1:18.0,40.3,8-7,8,472,-4
2026/04/22,門別,4,３歳以上　Ｃ４－３,1200,ダ,右,稍重,曇,9,2,2,ベリープラウド,牝,3,55.0,432,5,阿部龍,角川秀,5.4,9,1:18.0,40.4,7-8,3,432,5
2026/04/22,門別,5,３歳以上　Ｃ４－２,1000,ダ,右,稍重,晴,12,3,3,クラウンヴィラン,牡,4,57.0,486,22,落合玄,五十冬,1.4,1,1:01.4,37.2,1-1,1,486,22
2026/04/22,門別,5,３歳以上　Ｃ４－２,1000,ダ,右,稍重,晴,12,7,10,サンゼントカガヤク,牝,4,55.0,424,-12,岩橋勇,田中淳,13.9,2,1:02.9,37.5,7-9,4,424,-12
2026/04/22,門別,5,３歳以上　Ｃ４－２,1000,ダ,右,稍重,晴,12,8,12,シナモンデイジー,牝,5,55.0,500,20,宮内勇,川島洋,35.6,3,1:02.9,38.0,3-3,5,500,20
2026/04/22,門別,5,３歳以上　Ｃ４－２,1000,ダ,右,稍重,晴,12,8,11,マルティネーテ,牝,6,55.0,510,-8,小野楓,齊藤正,8.1,4,1:03.2,37.2,10-10,3,510,-8
2026/04/22,門別,5,３歳以上　Ｃ４－２,1000,ダ,右,稍重,晴,12,4,4,オセロ,牡,4,55.0,458,8,藤田駕,小野望,52.9,5,1:03.3,37.6,9-6,8,458,8
2026/04/22,門別,5,３歳以上　Ｃ４－２,1000,ダ,右,稍重,晴,12,1,1,ゴールデンアイル,牝,5,55.0,442,-4,井上瑛,黒川智,67.7,6,1:03.5,37.0,11-11,11,442,-4
2026/04/22,門別,5,３歳以上　Ｃ４－２,1000,ダ,右,稍重,晴,12,6,8,バイアーナ,牝,4,55.0,520,20,石川倭,佐久雅,4.5,7,1:03.5,39.1,2-2,2,520,20
2026/04/22,門別,5,３歳以上　Ｃ４－２,1000,ダ,右,稍重,晴,12,2,2,スマイルムーン,牝,7,52.0,476,20,小野俊,川島雅,36.9,8,1:03.6,38.4,5-4,6,476,20
2026/04/22,門別,5,３歳以上　Ｃ４－２,1000,ダ,右,稍重,晴,12,7,9,フリットフライ,牡,4,57.0,554,34,坂下秀,秋田大,42.7,9,1:03.9,38.3,8-6,7,554,34
2026/04/22,門別,5,３歳以上　Ｃ４－２,1000,ダ,右,稍重,晴,12,5,6,ウインウェイウェイ,牝,5,52.0,438,21,渡邊準,佐々国,62.8,10,1:04.1,38.9,5-6,10,438,21
2026/04/22,門別,5,３歳以上　Ｃ４－２,1000,ダ,右,稍重,晴,12,6,7,アーミールック,牝,4,55.0,466,2,黒澤愛,柳澤好,57.7,11,1:05.2,38.7,11-11,9,466,2
2026/04/22,門別,5,３歳以上　Ｃ４－２,1000,ダ,右,稍重,晴,12,5,5,カネトシブレーブ,牡,4,57.0,468,8,服部茂,千葉津,139.8,12,1:05.6,40.7,3-4,12,468,8
2026/04/22,門別,6,Ｊ認 フレッシュチャレンジ２歳新馬,1000,ダ,右,稍重,晴,8,3,3,エルダーフラワー,牝,2,55.0,0,0,落合玄,田中淳,1.5,1,1:00.9,36.1,1-1,1,0,0
2026/04/22,門別,6,Ｊ認 フレッシュチャレンジ２歳新馬,1000,ダ,右,稍重,晴,8,6,6,フォールドイン,牝,2,55.0,0,0,阿部龍,角川秀,3.2,2,1:01.4,36.4,2-1,2,0,0
2026/04/22,門別,6,Ｊ認 フレッシュチャレンジ２歳新馬,1000,ダ,右,稍重,晴,8,8,8,トーケンジンバック,牡,2,55.0,0,0,桑村真,佐々国,8.4,3,1:03.0,37.8,3-4,3,0,0
2026/04/22,門別,6,Ｊ認 フレッシュチャレンジ２歳新馬,1000,ダ,右,稍重,晴,8,2,2,ウマデスカイ,牝,2,55.0,0,0,小野楓,小野望,67.7,4,1:03.0,37.7,5-4,7,0,0
2026/04/22,門別,6,Ｊ認 フレッシュチャレンジ２歳新馬,1000,ダ,右,稍重,晴,8,4,4,スキャンダルガール,牝,2,55.0,0,0,宮内勇,五十冬,61.8,5,1:03.4,38.1,5-7,6,0,0
2026/04/22,門別,6,Ｊ認 フレッシュチャレンジ２歳新馬,1000,ダ,右,稍重,晴,8,7,7,クラフェイス,牝,2,55.0,0,0,岩橋勇,小国博,111.0,6,1:03.4,38.1,5-4,8,0,0
2026/04/22,門別,6,Ｊ認 フレッシュチャレンジ２歳新馬,1000,ダ,右,稍重,晴,8,5,5,ドリームパラダイス,牝,2,55.0,0,0,服部茂,齊藤正,15.7,7,1:03.7,38.6,3-3,4,0,0
2026/04/22,門別,6,Ｊ認 フレッシュチャレンジ２歳新馬,1000,ダ,右,稍重,晴,8,1,1,ジャムリスチール,牝,2,55.0,0,0,石川倭,米川昇,17.4,8,1:05.1,38.4,8-8,5,0,0
2026/04/22,門別,7,３歳以上　Ｃ４－２,1700,ダ,右,稍重,晴,12,8,11,サラサハウナイス,牡,4,57.0,518,28,服部茂,松本隆,3.8,1,1:51.7,41.7,5-5-3-3,3,518,28
2026/04/22,門別,7,３歳以上　Ｃ４－２,1700,ダ,右,稍重,晴,12,3,3,アルバソーレ,牡,3,57.0,482,12,桑村真,角川秀,6.6,2,1:51.8,41.4,9-9-7-4,4,482,12
2026/04/22,門別,7,３歳以上　Ｃ４－２,1700,ダ,右,稍重,晴,12,6,7,カネトシエテルノ,牝,4,55.0,506,4,阿部龍,千葉津,30.8,3,1:52.1,41.7,8-8-7-6,5,506,4
2026/04/22,門別,7,３歳以上　Ｃ４－２,1700,ダ,右,稍重,晴,12,4,4,ラブレガル,セ,0,57.0,402,4,黒澤愛,齊藤正,121.7,4,1:52.1,41.6,11-11-10-4,9,402,4
2026/04/22,門別,7,３歳以上　Ｃ４－２,1700,ダ,右,稍重,晴,12,5,5,レーザーベルン,牡,3,57.0,512,-4,石川倭,小国博,2.8,5,1:52.8,43.2,1-1-1-1,2,512,-4
2026/04/22,門別,7,３歳以上　Ｃ４－２,1700,ダ,右,稍重,晴,12,8,12,ホウオウプラージュ,牝,6,55.0,480,15,岩橋勇,柳澤好,63.5,6,1:54.0,42.1,12-12-12-11,7,480,15
2026/04/22,門別,7,３歳以上　Ｃ４－２,1700,ダ,右,稍重,晴,12,2,2,コッチャン,セ,0,55.0,474,-25,藤田駕,小野望,172.1,7,1:55.6,45.5,4-4-3-6,11,474,-25
2026/04/22,門別,7,３歳以上　Ｃ４－２,1700,ダ,右,稍重,晴,12,6,8,ガイストゼーゲン,牡,3,57.0,522,10,宮内勇,川島洋,2.5,8,1:55.7,46.0,1-1-2-2,1,522,10
2026/04/22,門別,7,３歳以上　Ｃ４－２,1700,ダ,右,稍重,晴,12,7,9,アルマロベイラ,牝,8,55.0,496,0,井上俊,櫻井拓,236.9,9,1:55.8,45.4,6-7-7-8,12,496,0
2026/04/22,門別,7,３歳以上　Ｃ４－２,1700,ダ,右,稍重,晴,12,5,6,マッキュラシオン,牡,3,56.0,506,16,阿岸潤,松本隆,37.6,10,1:58.0,47.8,6-5-3-9,6,506,16
2026/04/22,門別,7,３歳以上　Ｃ４－２,1700,ダ,右,稍重,晴,12,1,1,クールメゾン,牝,4,52.0,432,-4,小野俊,田中淳,151.8,11,1:58.5,46.8,10-9-11-12,10,432,-4
2026/04/22,門別,7,３歳以上　Ｃ４－２,1700,ダ,右,稍重,晴,12,7,10,ディアマント,牝,4,52.0,458,14,渡邊準,田中淳,88.3,12,1:59.8,49.4,3-3-6-10,8,458,14
2026/04/22,門別,8,アネモネ特別Ａ１Ａ２,1800,ダ,右,稍重,晴,7,4,4,ベルピット,牡,6,57.0,524,0,桑村真,角川秀,1.1,1,1:54.9,39.5,5-4-4-1,1,524,0
2026/04/22,門別,8,アネモネ特別Ａ１Ａ２,1800,ダ,右,稍重,晴,7,7,7,ニシケンボブ,牡,6,57.0,490,-8,石川倭,小国博,6.3,2,1:55.1,39.8,3-3-2-1,2,490,-8
2026/04/22,門別,8,アネモネ特別Ａ１Ａ２,1800,ダ,右,稍重,晴,7,5,5,ケイアイパープル,牡,10,57.0,540,31,小野楓,小野望,19.1,3,1:56.1,41.1,1-1-1-3,5,540,31
2026/04/22,門別,8,アネモネ特別Ａ１Ａ２,1800,ダ,右,稍重,晴,7,2,2,クルードラゴン,セ,0,55.0,456,0,宮内勇,松本隆,50.8,4,1:58.3,41.5,6-6-7-7,7,456,0
2026/04/22,門別,8,アネモネ特別Ａ１Ａ２,1800,ダ,右,稍重,晴,7,6,6,カネトシブルーム,牡,7,55.0,518,-4,岩橋勇,千葉津,18.0,5,2:01.0,44.8,6-6-5-5,4,518,-4
2026/04/22,門別,8,アネモネ特別Ａ１Ａ２,1800,ダ,右,稍重,晴,7,3,3,シンボ,牡,9,56.0,498,18,服部茂,齊藤正,28.7,6,2:01.5,45.3,4-4-5-5,6,498,18
2026/04/22,門別,8,アネモネ特別Ａ１Ａ２,1800,ダ,右,稍重,晴,7,1,1,メイテソーロ,牡,6,56.0,510,8,落合玄,五十冬,10.8,7,2:03.7,48.3,2-2-2-4,3,510,8
2026/04/22,門別,9,カタクリ特別Ｃ４－３,1200,ダ,右,稍重,晴,8,7,7,アクアノート,牝,3,55.0,418,-6,宮内勇,秋田大,15.5,1,1:16.8,39.3,1-1,4,418,-6
2026/04/22,門別,9,カタクリ特別Ｃ４－３,1200,ダ,右,稍重,晴,8,1,1,キボウハホウショウ,牡,3,57.0,500,6,黒澤愛,佐々国,9.4,2,1:17.0,38.6,4-3,3,500,6
2026/04/22,門別,9,カタクリ特別Ｃ４－３,1200,ダ,右,稍重,晴,8,2,2,エイキチ,牡,3,57.0,430,-18,石川倭,齊藤正,1.5,3,1:17.3,38.7,6-5,1,430,-18
2026/04/22,門別,9,カタクリ特別Ｃ４－３,1200,ダ,右,稍重,晴,8,5,5,サクラストリーム,牡,6,57.0,576,6,井上俊,村上正,25.4,4,1:17.5,39.5,3-3,5,576,6
2026/04/22,門別,9,カタクリ特別Ｃ４－３,1200,ダ,右,稍重,晴,8,6,6,アイリスト,牝,11,53.0,454,-16,藤田駕,佐藤英,105.8,5,1:17.6,39.0,6-6,8,454,-16
2026/04/22,門別,9,カタクリ特別Ｃ４－３,1200,ダ,右,稍重,晴,8,3,3,コユキチャン,牝,4,55.0,414,4,若杉朝,森山雄,58.4,6,1:18.1,40.4,2-2,7,414,4
2026/04/22,門別,9,カタクリ特別Ｃ４－３,1200,ダ,右,稍重,晴,8,4,4,アクティブテーラー,牝,7,54.0,476,2,阿岸潤,岡島玉,28.6,7,1:19.0,40.1,8-6,6,476,2
2026/04/22,門別,9,カタクリ特別Ｃ４－３,1200,ダ,右,稍重,晴,8,8,8,アークメディナ,牝,3,55.0,452,15,小野楓,小野望,2.8,8,1:19.5,41.1,4-6,2,452,15
2026/04/22,門別,10,グランシャリオドリーム３Ｃ４－３,1000,ダ,右,稍重,晴,9,6,6,プチビーンズ,牝,4,55.0,462,9,黒澤愛,森山雄,4.3,1,1:03.0,38.1,4-4,2,462,9
2026/04/22,門別,10,グランシャリオドリーム３Ｃ４－３,1000,ダ,右,稍重,晴,9,8,8,アークオブライフ,牝,3,55.0,460,2,小野楓,小野望,1.3,2,1:03.2,38.8,3-3,1,460,2
2026/04/22,門別,10,グランシャリオドリーム３Ｃ４－３,1000,ダ,右,稍重,晴,9,8,9,スグレタモノガイナ,牡,4,57.0,438,-12,井上瑛,佐久雅,27.5,3,1:03.2,37.3,7-6,5,438,-12
2026/04/22,門別,10,グランシャリオドリーム３Ｃ４－３,1000,ダ,右,稍重,晴,9,3,3,テンアリオン,牝,6,54.0,450,0,阿岸潤,岡島玉,9.3,4,1:03.8,39.6,1-1,3,450,0
2026/04/22,門別,10,グランシャリオドリーム３Ｃ４－３,1000,ダ,右,稍重,晴,9,7,7,クイーンサイド,牝,6,55.0,498,-14,桑村真,秋田大,67.0,5,1:04.1,39.0,5-5,7,498,-14
2026/04/22,門別,10,グランシャリオドリーム３Ｃ４－３,1000,ダ,右,稍重,晴,9,5,5,トンチャン,牝,5,55.0,436,2,吉本隆,佐々国,169.2,6,1:04.7,38.4,9-8,9,436,2
2026/04/22,門別,10,グランシャリオドリーム３Ｃ４－３,1000,ダ,右,稍重,晴,9,1,1,ブルーポピー,牡,6,57.0,406,-8,井上俊,佐藤英,161.5,7,1:04.9,38.7,8-8,8,406,-8
2026/04/22,門別,10,グランシャリオドリーム３Ｃ４－３,1000,ダ,右,稍重,晴,9,2,2,フラワーステラ,牝,4,55.0,448,-4,宮内勇,齊藤正,52.4,8,1:05.4,41.2,1-1,6,448,-4
2026/04/22,門別,10,グランシャリオドリーム３Ｃ４－３,1000,ダ,右,稍重,晴,9,4,4,ミサトレオネッサ,牝,4,55.0,442,-6,岩橋勇,桧森邦,11.4,9,1:06.0,40.6,5-7,4,442,-6
2026/04/22,門別,11,チューリップ特別Ｃ４－２,1200,ダ,右,稍重,晴,11,5,5,スティルアローン,牡,3,57.0,438,5,石川倭,米川昇,1.9,1,1:15.7,38.3,2-1,1,438,5
2026/04/22,門別,11,チューリップ特別Ｃ４－２,1200,ダ,右,稍重,晴,11,7,9,イイデスカイハイ,牝,5,55.0,478,6,服部茂,村上正,6.0,2,1:16.7,39.3,2-3,3,478,6
2026/04/22,門別,11,チューリップ特別Ｃ４－２,1200,ダ,右,稍重,晴,11,8,11,ベラジオケンシロウ,牡,5,57.0,502,-4,宮内勇,秋田大,51.3,3,1:16.8,38.8,7-6,9,502,-4
2026/04/22,門別,11,チューリップ特別Ｃ４－２,1200,ダ,右,稍重,晴,11,6,6,キングズロア,牡,5,55.0,510,18,藤田駕,小野望,6.8,4,1:16.8,39.1,5-5,4,510,18
2026/04/22,門別,11,チューリップ特別Ｃ４－２,1200,ダ,右,稍重,晴,11,2,2,メイプルラブリー,牝,3,55.0,448,6,小野楓,五十冬,11.2,5,1:16.9,39.4,4-3,5,448,6
2026/04/22,門別,11,チューリップ特別Ｃ４－２,1200,ダ,右,稍重,晴,11,3,3,ミサトベレーザ,牝,5,55.0,444,0,井上瑛,黒川智,161.0,6,1:17.1,39.1,7-6,11,444,0
2026/04/22,門別,11,チューリップ特別Ｃ４－２,1200,ダ,右,稍重,晴,11,1,1,ウナトライオン,セ,0,57.0,516,-4,阿部龍,桧森邦,35.9,7,1:17.1,38.4,11-10,7,516,-4
2026/04/22,門別,11,チューリップ特別Ｃ４－２,1200,ダ,右,稍重,晴,11,4,4,ハッピーピンク,牝,4,52.0,448,0,小川悠,桧森邦,46.3,8,1:17.2,38.8,9-11,8,448,0
2026/04/22,門別,11,チューリップ特別Ｃ４－２,1200,ダ,右,稍重,晴,11,7,8,タッチダウン,牝,4,55.0,456,-13,落合玄,齊藤正,4.7,9,1:17.2,39.9,1-2,2,456,-13
2026/04/22,門別,11,チューリップ特別Ｃ４－２,1200,ダ,右,稍重,晴,11,6,7,ラカーリア,牝,3,55.0,490,46,岩橋勇,廣森久,21.4,10,1:17.2,38.9,9-6,6,490,46
2026/04/22,門別,11,チューリップ特別Ｃ４－２,1200,ダ,右,稍重,晴,11,8,10,ショウミーザマネー,牝,6,55.0,530,12,井上俊,柳澤好,130.9,11,1:17.7,39.8,6-6,10,530,12
2026/04/22,門別,12,レンゲソウ特別Ａ４－２～Ｂ２,1200,ダ,右,稍重,晴,13,8,12,ワンダーウーマン,牝,4,55.0,520,2,服部茂,石本孝,2.1,1,1:13.8,37.9,1-1,1,520,2
2026/04/22,門別,12,レンゲソウ特別Ａ４－２～Ｂ２,1200,ダ,右,稍重,晴,13,8,13,オンラインボス,セ,0,57.0,474,-20,落合玄,小国博,9.4,2,1:14.2,38.3,1-2,4,474,-20
2026/04/22,門別,12,レンゲソウ特別Ａ４－２～Ｂ２,1200,ダ,右,稍重,晴,13,5,6,モーニングショー,牡,7,56.0,532,0,阿部龍,角川秀,3.9,3,1:14.8,38.3,6-5,2,532,0
2026/04/22,門別,12,レンゲソウ特別Ａ４－２～Ｂ２,1200,ダ,右,稍重,晴,13,6,9,トモノシルバー,牝,5,55.0,456,-8,小野楓,黒川智,15.7,4,1:15.4,38.6,8-8,5,456,-8
2026/04/22,門別,12,レンゲソウ特別Ａ４－２～Ｂ２,1200,ダ,右,稍重,晴,13,1,1,ディオスメッセージ,牡,6,56.0,520,2,桑村真,村上正,24.2,5,1:15.5,38.1,12-12,7,520,2
2026/04/22,門別,12,レンゲソウ特別Ａ４－２～Ｂ２,1200,ダ,右,稍重,晴,13,6,8,オカンモシャチョウ,牝,7,54.0,494,-12,井上瑛,佐久雅,16.0,6,1:15.6,39.3,4-3,6,494,-12
2026/04/22,門別,12,レンゲソウ特別Ａ４－２～Ｂ２,1200,ダ,右,稍重,晴,13,4,4,クラサーベル,牡,7,56.0,486,-9,宮内勇,佐久雅,273.4,7,1:15.6,38.6,11-9,13,486,-9
2026/04/22,門別,12,レンゲソウ特別Ａ４－２～Ｂ２,1200,ダ,右,稍重,晴,13,7,10,レイホープ,牡,4,56.0,512,-2,坂下秀,秋田大,169.0,8,1:15.8,37.8,13-13,12,512,-2
2026/04/22,門別,12,レンゲソウ特別Ａ４－２～Ｂ２,1200,ダ,右,稍重,晴,13,3,3,スワッガー,牡,4,55.0,552,-2,阿岸潤,松本隆,31.4,9,1:16.0,39.2,8-9,9,552,-2
2026/04/22,門別,12,レンゲソウ特別Ａ４－２～Ｂ２,1200,ダ,右,稍重,晴,13,5,7,サンキャメロン,牝,5,55.0,482,22,石川倭,五十冬,5.8,10,1:16.1,39.5,7-5,3,482,22
2026/04/22,門別,12,レンゲソウ特別Ａ４－２～Ｂ２,1200,ダ,右,稍重,晴,13,7,11,クレフェノー,セ,0,53.0,458,-1,小野俊,小国博,81.5,11,1:16.9,40.7,3-5,10,458,-1
2026/04/22,門別,12,レンゲソウ特別Ａ４－２～Ｂ２,1200,ダ,右,稍重,晴,13,2,2,ジョルジュ,牡,6,56.0,518,16,岩橋勇,松本隆,30.9,12,1:17.4,40.6,8-11,8,518,16
2026/04/22,門別,12,レンゲソウ特別Ａ４－２～Ｂ２,1200,ダ,右,稍重,晴,13,4,5,ラッキーストーリー,牡,6,56.0,528,25,黒澤愛,佐々国,143.9,13,1:17.4,41.1,4-3,11,528,25
2026/04/23,門別,1,３歳以上　Ｃ４－３,1000,ダ,右,稍重,曇,11,8,11,ミソラ,牝,3,55.0,426,-1,岩橋勇,千葉津,6.2,1,1:02.7,38.5,1-1,3,426,-1
2026/04/23,門別,1,３歳以上　Ｃ４－３,1000,ダ,右,稍重,曇,11,4,4,オオイシアジサイ,牡,3,57.0,536,16,阿部龍,村上正,3.0,2,1:02.9,38.2,4-2,2,536,16
2026/04/23,門別,1,３歳以上　Ｃ４－３,1000,ダ,右,稍重,曇,11,2,2,フィンガルスケーブ,牝,3,53.0,446,3,藤田駕,小野望,2.2,3,1:03.4,38.9,2-2,1,446,3
2026/04/23,門別,1,３歳以上　Ｃ４－３,1000,ダ,右,稍重,曇,11,6,6,アースジェイソンテ,牡,6,57.0,496,2,井上俊,岡島玉,130.9,4,1:03.4,37.0,11-11,11,496,2
2026/04/23,門別,1,３歳以上　Ｃ４－３,1000,ダ,右,稍重,曇,11,7,8,ヨキカナ,牝,3,55.0,446,0,宮内勇,桧森邦,52.0,5,1:03.8,37.9,10-8,7,446,0
2026/04/23,門別,1,３歳以上　Ｃ４－３,1000,ダ,右,稍重,曇,11,6,7,ヨシノアヴァンセ,牝,3,55.0,406,17,石川倭,小国博,9.0,6,1:03.8,38.7,5-5,4,406,17
2026/04/23,門別,1,３歳以上　Ｃ４－３,1000,ダ,右,稍重,曇,11,3,3,マドンナブルー,牝,10,55.0,450,-2,井上瑛,黒川智,115.2,7,1:04.0,38.9,5-5,9,450,-2
2026/04/23,門別,1,３歳以上　Ｃ４－３,1000,ダ,右,稍重,曇,11,5,5,ミラージュフルール,牝,6,54.0,466,-10,阿岸潤,佐久雅,23.9,8,1:04.4,38.7,8-9,6,466,-10
2026/04/23,門別,1,３歳以上　Ｃ４－３,1000,ダ,右,稍重,曇,11,1,1,オルチャン,牝,4,55.0,442,20,小野楓,川島雅,9.2,9,1:04.9,40.4,2-2,5,442,20
2026/04/23,門別,1,３歳以上　Ｃ４－３,1000,ダ,右,稍重,曇,11,8,10,マジカルウィーク,牡,5,57.0,422,-26,黒澤愛,佐藤英,85.8,10,1:04.9,39.9,5-5,8,422,-26
2026/04/23,門別,1,３歳以上　Ｃ４－３,1000,ダ,右,稍重,曇,11,7,9,ジェイスマイル,セ,0,54.0,492,6,渡邊準,秋田大,119.7,11,1:05.7,40.0,8-10,10,492,6
2026/04/23,門別,2,３歳以上　Ｃ４－３,1000,ダ,右,稍重,曇,12,8,12,ワイルドタイタン,牝,3,55.0,428,3,小野楓,小野望,2.8,1,1:02.0,37.7,1-1,2,428,3
2026/04/23,門別,2,３歳以上　Ｃ４－３,1000,ダ,右,稍重,曇,12,6,7,セイランマクフィ,牝,3,55.0,412,10,落合玄,村上正,4.0,2,1:02.5,38.3,1-1,3,412,10
2026/04/23,門別,2,３歳以上　Ｃ４－３,1000,ダ,右,稍重,曇,12,2,2,ストーリータイム,牡,6,57.0,510,-4,服部茂,千葉津,23.5,3,1:02.5,37.4,6-5,5,510,-4
2026/04/23,門別,2,３歳以上　Ｃ４－３,1000,ダ,右,稍重,曇,12,7,9,トモノタツミ,牝,3,55.0,436,-4,石川倭,黒川智,2.5,4,1:02.6,38.0,3-3,1,436,-4
2026/04/23,門別,2,３歳以上　Ｃ４－３,1000,ダ,右,稍重,曇,12,8,11,タイセツオー,セ,0,57.0,440,-22,井上俊,佐藤英,156.5,5,1:04.0,38.1,7-7,8,440,-22
2026/04/23,門別,2,３歳以上　Ｃ４－３,1000,ダ,右,稍重,曇,12,7,10,ヴィルユキヒメ,牝,3,55.0,462,12,井上瑛,柳澤好,6.2,6,1:04.1,39.2,5-4,4,462,12
2026/04/23,門別,2,３歳以上　Ｃ４－３,1000,ダ,右,稍重,曇,12,3,3,ジャスパーケイ,セ,0,57.0,528,4,阿部龍,佐久雅,139.0,7,1:04.5,37.6,10-10,7,528,4
2026/04/23,門別,2,３歳以上　Ｃ４－３,1000,ダ,右,稍重,曇,12,6,8,スキャロップパール,牝,3,54.0,390,3,阿岸潤,山田和,216.6,8,1:04.9,38.5,8-9,9,390,3
2026/04/23,門別,2,３歳以上　Ｃ４－３,1000,ダ,右,稍重,曇,12,5,5,ハッコウクィーン,牝,7,55.0,464,-2,若杉朝,佐藤英,601.0,9,1:05.5,37.5,12-12,11,464,-2
2026/04/23,門別,2,３歳以上　Ｃ４－３,1000,ダ,右,稍重,曇,12,1,1,エンゲル,牝,3,53.0,440,4,藤田駕,桧森邦,291.1,10,1:05.5,40.8,3-5,10,440,4
2026/04/23,門別,2,３歳以上　Ｃ４－３,1000,ダ,右,稍重,曇,12,5,6,ハタノイチバンボシ,牡,6,54.0,438,2,小川悠,佐藤英,665.4,11,1:06.0,38.3,11-11,12,438,2
2026/04/23,門別,2,３歳以上　Ｃ４－３,1000,ダ,右,稍重,曇,12,4,4,フルボーグ,牡,4,57.0,550,30,桑村真,角川秀,29.4,12,1:06.0,39.9,8-8,6,550,30
2026/04/23,門別,3,３歳以上　Ｃ４－２,1000,ダ,右,稍重,曇,12,6,7,クアトロソバージュ,牡,6,57.0,530,1,井上瑛,五十冬,3.6,1,1:01.9,37.3,5-2,2,530,1
2026/04/23,門別,3,３歳以上　Ｃ４－２,1000,ダ,右,稍重,曇,12,6,8,フロルドラーダ,牝,4,55.0,502,8,阿部龍,柳澤好,14.9,2,1:02.1,38.3,1-1,6,502,8
2026/04/23,門別,3,３歳以上　Ｃ４－２,1000,ダ,右,稍重,曇,12,2,2,サクラカレント,牝,8,52.0,522,10,小野俊,佐々国,66.2,3,1:02.3,37.4,5-6,9,522,10
2026/04/23,門別,3,３歳以上　Ｃ４－２,1000,ダ,右,稍重,曇,12,5,6,ジューンランド,牝,4,55.0,466,8,服部茂,村上正,2.0,4,1:02.3,37.5,4-4,1,466,8
2026/04/23,門別,3,３歳以上　Ｃ４－２,1000,ダ,右,稍重,曇,12,7,10,イチリュウオー,牡,5,57.0,470,-2,桑村真,齊藤正,14.0,5,1:03.0,37.2,9-9,5,470,-2
2026/04/23,門別,3,３歳以上　Ｃ４－２,1000,ダ,右,稍重,曇,12,7,9,モウフブキ,牝,4,55.0,428,14,岩橋勇,田中淳,11.4,6,1:03.0,38.8,2-2,4,428,14
2026/04/23,門別,3,３歳以上　Ｃ４－２,1000,ダ,右,稍重,曇,12,8,12,スズオリーブ,牝,9,53.0,458,6,藤田駕,櫻井拓,377.3,7,1:03.2,37.9,7-7,12,458,6
2026/04/23,門別,3,３歳以上　Ｃ４－２,1000,ダ,右,稍重,曇,12,4,4,アースカムイ,牡,4,57.0,484,6,井上俊,岡島玉,69.5,8,1:03.2,36.5,11-11,10,484,6
2026/04/23,門別,3,３歳以上　Ｃ４－２,1000,ダ,右,稍重,曇,12,1,1,ツムグ,牡,5,57.0,488,-12,小野楓,齊藤正,45.5,9,1:03.5,38.0,8-7,8,488,-12
2026/04/23,門別,3,３歳以上　Ｃ４－２,1000,ダ,右,稍重,曇,12,3,3,ブライトソール,牡,7,56.0,442,1,阿岸潤,佐久雅,326.1,10,1:04.3,38.4,9-9,11,442,1
2026/04/23,門別,3,３歳以上　Ｃ４－２,1000,ダ,右,稍重,曇,12,8,11,シアーエレガンス,牝,5,55.0,478,9,黒澤愛,森山雄,6.9,11,1:05.2,38.0,12-12,3,478,9
2026/04/23,門別,3,３歳以上　Ｃ４－２,1000,ダ,右,稍重,曇,12,5,5,ホープフルソング,牝,4,55.0,442,10,宮内勇,千葉津,18.1,12,1:05.9,41.6,2-4,7,442,10
2026/04/23,門別,4,３歳以上　Ｃ４－２,1200,ダ,右,稍重,曇,10,6,6,アンヘル,牡,3,57.0,486,2,石川倭,小国博,1.1,1,1:15.9,39.1,5-2,1,486,2
2026/04/23,門別,4,３歳以上　Ｃ４－２,1200,ダ,右,稍重,曇,10,2,2,アサガオ,牡,4,57.0,494,11,宮内勇,川島洋,4.0,2,1:16.4,40.3,1-1,2,494,11
2026/04/23,門別,4,３歳以上　Ｃ４－２,1200,ダ,右,稍重,曇,10,7,7,ダイヤノゴトク,牝,4,52.0,462,4,小川悠,桧森邦,85.4,3,1:16.4,39.1,6-6,8,462,4
2026/04/23,門別,4,３歳以上　Ｃ４－２,1200,ダ,右,稍重,曇,10,8,10,フックセンチョウ,牡,3,57.0,452,16,黒澤愛,森山雄,69.0,4,1:17.3,38.8,10-8,7,452,16
2026/04/23,門別,4,３歳以上　Ｃ４－２,1200,ダ,右,稍重,曇,10,5,5,ベストカリフ,牡,5,57.0,430,-2,吉本隆,佐々国,203.0,5,1:17.5,39.2,9-8,9,430,-2
2026/04/23,門別,4,３歳以上　Ｃ４－２,1200,ダ,右,稍重,曇,10,1,1,カーリンハート,牝,4,55.0,450,16,井上俊,櫻井拓,32.6,6,1:17.6,41.1,4-2,4,450,16
2026/04/23,門別,4,３歳以上　Ｃ４－２,1200,ダ,右,稍重,曇,10,8,9,ドレッドナイト,牡,4,54.0,480,0,渡邊準,桧森邦,17.5,7,1:17.8,41.5,2-2,3,480,0
2026/04/23,門別,4,３歳以上　Ｃ４－２,1200,ダ,右,稍重,曇,10,7,8,キョウエイフレアー,牝,6,55.0,426,-2,井上瑛,黒川智,66.3,8,1:17.9,41.6,2-2,6,426,-2
2026/04/23,門別,4,３歳以上　Ｃ４－２,1200,ダ,右,稍重,曇,10,4,4,ハルシャダ,牝,3,55.0,502,10,小野楓,齊藤正,46.3,9,1:19.8,42.1,8-7,5,502,10
2026/04/23,門別,4,３歳以上　Ｃ４－２,1200,ダ,右,稍重,曇,10,3,3,エイシンキャノピー,牝,4,53.0,446,-6,藤田駕,秋田大,367.2,10,1:21.0,43.6,6-8,10,446,-6
2026/04/23,門別,5,Ｊ認 フレッシュチャレンジ２歳新馬,1000,ダ,右,稍重,曇,8,2,2,ロゼットリボン,牝,2,55.0,0,0,岩橋勇,田中淳,2.5,1,1:02.4,37.5,2-1,2,0,0
2026/04/23,門別,5,Ｊ認 フレッシュチャレンジ２歳新馬,1000,ダ,右,稍重,曇,8,1,1,ミヤビダイヤ,牡,2,55.0,0,0,桑村真,角川秀,1.8,2,1:03.0,38.5,1-1,1,0,0
2026/04/23,門別,5,Ｊ認 フレッシュチャレンジ２歳新馬,1000,ダ,右,稍重,曇,8,5,5,オリザノヴァ,牡,2,55.0,0,0,小野楓,小野望,7.9,3,1:03.5,38.5,2-3,3,0,0
2026/04/23,門別,5,Ｊ認 フレッシュチャレンジ２歳新馬,1000,ダ,右,稍重,曇,8,4,4,リトルプレーヤー,牝,2,55.0,0,0,阿部龍,佐久雅,80.7,4,1:04.5,37.9,5-5,7,0,0
2026/04/23,門別,5,Ｊ認 フレッシュチャレンジ２歳新馬,1000,ダ,右,稍重,曇,8,6,6,ササキンビンチャン,牝,2,55.0,0,0,落合玄,小国博,25.7,5,1:04.8,38.1,6-6,5,0,0
2026/04/23,門別,5,Ｊ認 フレッシュチャレンジ２歳新馬,1000,ダ,右,稍重,曇,8,8,8,モーニングヒカル,牡,2,55.0,0,0,宮内勇,川島洋,33.9,6,1:04.8,39.2,4-4,6,0,0
2026/04/23,門別,5,Ｊ認 フレッシュチャレンジ２歳新馬,1000,ダ,右,稍重,曇,8,7,7,オンベイト,牝,2,55.0,0,0,石川倭,米川昇,9.8,7,1:07.2,39.4,7-7,4,0,0
2026/04/23,門別,5,Ｊ認 フレッシュチャレンジ２歳新馬,1000,ダ,右,稍重,曇,8,3,3,バドラ,牝,2,55.0,0,0,井上瑛,五十冬,,,,,,,0,0
2026/04/23,門別,6,Ｊ認 フレッシュチャレンジ２歳新馬,1100,ダ,右,稍重,曇,8,4,4,アクチュエル,牡,2,55.0,0,0,石川倭,小野望,3.1,1,1:08.6,37.5,1-1,2,0,0
2026/04/23,門別,6,Ｊ認 フレッシュチャレンジ２歳新馬,1100,ダ,右,稍重,曇,8,3,3,アンサラー,牡,2,55.0,0,0,桑村真,角川秀,3.8,2,1:08.6,37.6,1-1,3,0,0
2026/04/23,門別,6,Ｊ認 フレッシュチャレンジ２歳新馬,1100,ダ,右,稍重,曇,8,6,6,ダバイストリーム,牝,2,55.0,0,0,小野楓,齊藤正,18.7,3,1:09.9,38.3,3-3,4,0,0
2026/04/23,門別,6,Ｊ認 フレッシュチャレンジ２歳新馬,1100,ダ,右,稍重,曇,8,7,7,リヴァールミナス,牝,2,55.0,0,0,服部茂,田中淳,1.9,4,1:10.5,38.7,4-4,1,0,0
2026/04/23,門別,6,Ｊ認 フレッシュチャレンジ２歳新馬,1100,ダ,右,稍重,曇,8,2,2,ルナベレッツァ,牝,2,55.0,0,0,岩橋勇,小国博,20.8,5,1:10.7,38.7,6-5,6,0,0
2026/04/23,門別,6,Ｊ認 フレッシュチャレンジ２歳新馬,1100,ダ,右,稍重,曇,8,1,1,ベラジオアヴァロン,牡,2,55.0,0,0,宮内勇,川島洋,20.1,6,1:10.7,38.9,4-6,5,0,0
2026/04/23,門別,6,Ｊ認 フレッシュチャレンジ２歳新馬,1100,ダ,右,稍重,曇,8,8,8,カヴォート,牡,2,55.0,0,0,阿部龍,佐々国,55.5,7,1:11.6,39.4,7-6,7,0,0
2026/04/23,門別,6,Ｊ認 フレッシュチャレンジ２歳新馬,1100,ダ,右,稍重,曇,8,5,5,ニューハーピー,牡,2,52.0,0,0,小野俊,田中淳,,,,,,,0,0
2026/04/23,門別,7,３歳以上　Ｃ３－２　Ｃ４－１,1700,ダ,右,稍重,晴,11,6,6,ゲームアップロード,牡,5,57.0,560,6,桑村真,角川秀,22.6,1,1:52.1,38.9,10-10-9-8,5,560,6
2026/04/23,門別,7,３歳以上　Ｃ３－２　Ｃ４－１,1700,ダ,右,稍重,晴,11,8,11,ドリームジャック,セ,0,57.0,486,3,井上瑛,齊藤正,12.5,2,1:52.8,41.8,3-3-3-4,4,486,3
2026/04/23,門別,7,３歳以上　Ｃ３－２　Ｃ４－１,1700,ダ,右,稍重,晴,11,7,8,ブッシュドノエル,牝,8,53.0,420,-10,藤田駕,柳澤好,224.5,3,1:53.0,39.8,8-8-9-9,11,420,-10
2026/04/23,門別,7,３歳以上　Ｃ３－２　Ｃ４－１,1700,ダ,右,稍重,晴,11,8,10,レッドコート,牡,5,56.0,486,-18,阿岸潤,佐久雅,35.1,4,1:53.0,42.2,2-2-2-2,6,486,-18
2026/04/23,門別,7,３歳以上　Ｃ３－２　Ｃ４－１,1700,ダ,右,稍重,晴,11,1,1,トレビアンクリール,牡,5,54.0,444,8,渡邊準,松本隆,57.3,5,1:53.5,41.1,7-7-6-5,9,444,8
2026/04/23,門別,7,３歳以上　Ｃ３－２　Ｃ４－１,1700,ダ,右,稍重,晴,11,2,2,シルバーミラージュ,牝,4,55.0,508,8,服部茂,桧森邦,4.0,6,1:53.7,42.5,3-3-4-2,3,508,8
2026/04/23,門別,7,３歳以上　Ｃ３－２　Ｃ４－１,1700,ダ,右,稍重,晴,11,3,3,カムイノウタゲ,牡,4,57.0,482,8,黒澤愛,柳澤好,36.9,7,1:53.7,40.0,11-11-11-11,7,482,8
2026/04/23,門別,7,３歳以上　Ｃ３－２　Ｃ４－１,1700,ダ,右,稍重,晴,11,5,5,マジックライン,牡,5,57.0,500,-6,岩橋勇,佐藤英,77.9,8,1:53.8,41.1,8-8-8-7,10,500,-6
2026/04/23,門別,7,３歳以上　Ｃ３－２　Ｃ４－１,1700,ダ,右,稍重,晴,11,7,9,ブルーコスモス,牝,3,55.0,444,-17,阿部龍,角川秀,4.0,9,1:54.5,44.3,1-1-1-1,2,444,-17
2026/04/23,門別,7,３歳以上　Ｃ３－２　Ｃ４－１,1700,ダ,右,稍重,晴,11,4,4,メイショウゲキハ,牡,4,57.0,522,-10,落合玄,田中淳,1.9,10,1:55.4,43.2,5-5-5-5,1,522,-10
2026/04/23,門別,7,３歳以上　Ｃ３－２　Ｃ４－１,1700,ダ,右,稍重,晴,11,6,7,エスカルチャ,牡,5,57.0,548,8,小野楓,小野望,45.0,11,1:55.5,42.8,6-5-6-9,8,548,8
2026/04/23,門別,8,スミレ特別Ａ３～Ｂ１,1700,ダ,右,稍重,晴,8,7,7,スティールドリーム,牡,5,57.0,478,0,阿部龍,角川秀,2.9,1,1:50.3,40.7,1-2-4-1,2,478,0
2026/04/23,門別,8,スミレ特別Ａ３～Ｂ１,1700,ダ,右,稍重,晴,8,2,2,ディーエスエール,牡,6,56.0,540,20,岩橋勇,松本隆,19.0,2,1:50.7,41.6,1-1-1-1,6,540,20
2026/04/23,門別,8,スミレ特別Ａ３～Ｂ１,1700,ダ,右,稍重,晴,8,8,8,アジャイルブラック,牡,5,56.0,508,-2,石川倭,小国博,2.1,3,1:50.9,41.0,1-3-5-4,1,508,-2
2026/04/23,門別,8,スミレ特別Ａ３～Ｂ１,1700,ダ,右,稍重,晴,8,4,4,ブレイブアモーレ,牡,6,57.0,500,10,服部茂,佐々国,167.5,4,1:51.0,40.7,5-5-7-7,8,500,10
2026/04/23,門別,8,スミレ特別Ａ３～Ｂ１,1700,ダ,右,稍重,晴,8,5,5,ウィルオレオール,牡,4,57.0,500,3,井上瑛,小国博,7.1,5,1:51.2,41.3,4-4-5-4,4,500,3
2026/04/23,門別,8,スミレ特別Ａ３～Ｂ１,1700,ダ,右,稍重,晴,8,3,3,ヤマニンステラータ,牡,5,56.0,510,20,宮内勇,川島洋,14.7,6,1:51.7,41.0,8-8-8-8,5,510,20
2026/04/23,門別,8,スミレ特別Ａ３～Ｂ１,1700,ダ,右,稍重,晴,8,1,1,モダスオペランディ,牡,10,57.0,532,4,桑村真,黒川智,96.0,7,1:51.7,42.3,7-7-2-3,7,532,4
2026/04/23,門別,8,スミレ特別Ａ３～Ｂ１,1700,ダ,右,稍重,晴,8,6,6,ダグフォース,セ,0,56.0,478,4,落合玄,五十冬,5.4,8,1:52.2,42.8,5-5-2-4,3,478,4
2026/04/23,門別,9,ミズバショウ特別Ｃ３－２Ｃ４－１,1000,ダ,右,稍重,晴,11,7,8,マナラナキラ,牡,4,57.0,462,0,石川倭,米川昇,1.5,1,1:02.8,37.6,6-3,1,462,0
2026/04/23,門別,9,ミズバショウ特別Ｃ３－２Ｃ４－１,1000,ダ,右,稍重,晴,11,6,6,ウインギャラン,牡,4,57.0,512,18,井上瑛,廣森久,23.2,2,1:03.2,38.6,1-1,6,512,18
2026/04/23,門別,9,ミズバショウ特別Ｃ３－２Ｃ４－１,1000,ダ,右,稍重,晴,11,8,11,マリノロマンス,牝,5,53.0,460,6,藤田駕,五十冬,61.2,3,1:03.5,38.5,4-6,10,460,6
2026/04/23,門別,9,ミズバショウ特別Ｃ３－２Ｃ４－１,1000,ダ,右,稍重,晴,11,1,1,グレンダヴィーク,牡,4,54.0,458,13,小野俊,佐々国,8.1,4,1:03.5,38.3,6-6,4,458,13
2026/04/23,門別,9,ミズバショウ特別Ｃ３－２Ｃ４－１,1000,ダ,右,稍重,晴,11,5,5,アトニモサキニモ,牡,5,56.0,490,6,阿岸潤,松本隆,21.3,5,1:03.6,38.6,4-3,5,490,6
2026/04/23,門別,9,ミズバショウ特別Ｃ３－２Ｃ４－１,1000,ダ,右,稍重,晴,11,4,4,ジャスパーエイト,牡,11,57.0,502,-10,阿部龍,佐久雅,7.1,6,1:04.0,38.3,9-8,3,502,-10
2026/04/23,門別,9,ミズバショウ特別Ｃ３－２Ｃ４－１,1000,ダ,右,稍重,晴,11,3,3,サンダーエフェクト,牡,4,57.0,468,17,落合玄,小国博,35.1,7,1:04.3,39.5,3-3,7,468,17
2026/04/23,門別,9,ミズバショウ特別Ｃ３－２Ｃ４－１,1000,ダ,右,稍重,晴,11,8,10,シュヴィル,牡,6,54.0,530,-12,小川悠,柳澤好,51.8,8,1:04.4,39.8,1-2,9,530,-12
2026/04/23,門別,9,ミズバショウ特別Ｃ３－２Ｃ４－１,1000,ダ,右,稍重,晴,11,6,7,エムピーフリップ,牡,4,57.0,446,-1,小野楓,齊藤正,36.7,9,1:04.4,38.7,9-8,8,446,-1
2026/04/23,門別,9,ミズバショウ特別Ｃ３－２Ｃ４－１,1000,ダ,右,稍重,晴,11,7,9,チャモ,牡,4,57.0,440,12,岩橋勇,川島雅,5.7,10,1:05.0,39.5,8-8,2,440,12
2026/04/23,門別,9,ミズバショウ特別Ｃ３－２Ｃ４－１,1000,ダ,右,稍重,晴,11,2,2,ヴィクターアーク,牝,6,55.0,468,-20,黒澤愛,森山雄,191.7,11,1:05.2,39.1,11-11,11,468,-20
2026/04/23,門別,10,グランシャリオドリーム４Ｃ３－２Ｃ４－１,1200,ダ,右,稍重,晴,12,7,9,トゥスイート,牡,4,57.0,502,10,吉原寛,田中淳,2.4,1,1:16.1,38.7,5-4,1,502,10
2026/04/23,門別,10,グランシャリオドリーム４Ｃ３－２Ｃ４－１,1200,ダ,右,稍重,晴,12,8,12,メレサンク,牝,4,55.0,498,42,石川倭,米川昇,2.4,2,1:16.4,39.2,3-4,2,498,42
2026/04/23,門別,10,グランシャリオドリーム４Ｃ３－２Ｃ４－１,1200,ダ,右,稍重,晴,12,2,2,クラスヴァンクル,牡,6,55.0,514,8,藤田駕,小野望,37.4,3,1:16.4,39.6,1-1,7,514,8
2026/04/23,門別,10,グランシャリオドリーム４Ｃ３－２Ｃ４－１,1200,ダ,右,稍重,晴,12,1,1,クレーバーベン,牝,4,55.0,522,18,岩橋勇,五十冬,13.0,4,1:16.5,38.3,10-10,4,522,18
2026/04/23,門別,10,グランシャリオドリーム４Ｃ３－２Ｃ４－１,1200,ダ,右,稍重,晴,12,5,6,スイートキャンディ,牝,4,55.0,482,-6,桑村真,石本孝,28.7,5,1:16.5,38.7,8-7,6,482,-6
2026/04/23,門別,10,グランシャリオドリーム４Ｃ３－２Ｃ４－１,1200,ダ,右,稍重,晴,12,7,10,ロピア,牝,4,55.0,470,-12,落合玄,小国博,5.8,6,1:16.6,39.1,5-6,3,470,-12
2026/04/23,門別,10,グランシャリオドリーム４Ｃ３－２Ｃ４－１,1200,ダ,右,稍重,晴,12,6,8,ゼファーバローズ,牡,6,57.0,482,-2,宮内勇,桧森邦,80.9,7,1:16.7,39.7,2-2,10,482,-2
2026/04/23,門別,10,グランシャリオドリーム４Ｃ３－２Ｃ４－１,1200,ダ,右,稍重,晴,12,8,11,テリオスミナ,牝,4,55.0,428,2,阿部龍,廣森久,59.8,8,1:16.9,39.7,3-3,9,428,2
2026/04/23,門別,10,グランシャリオドリーム４Ｃ３－２Ｃ４－１,1200,ダ,右,稍重,晴,12,5,5,ラストカノン,牝,6,55.0,504,-4,黒澤愛,佐々国,50.4,9,1:17.0,38.9,10-7,8,504,-4
2026/04/23,門別,10,グランシャリオドリーム４Ｃ３－２Ｃ４－１,1200,ダ,右,稍重,晴,12,6,7,リバイブローズ,牝,4,55.0,444,10,服部茂,村上正,14.4,10,1:18.0,40.2,7-7,5,444,10
2026/04/23,門別,10,グランシャリオドリーム４Ｃ３－２Ｃ４－１,1200,ダ,右,稍重,晴,12,4,4,ユーライナー,牝,5,55.0,440,-14,井上俊,櫻井拓,334.6,11,1:18.2,40.3,8-11,12,440,-14
2026/04/23,門別,10,グランシャリオドリーム４Ｃ３－２Ｃ４－１,1200,ダ,右,稍重,晴,12,3,3,トヨリュウオー,牝,7,55.0,450,-20,小野楓,齊藤正,211.2,12,1:18.5,39.3,12-12,11,450,-20
2026/04/23,門別,11,シバザクラ特別Ａ１～Ａ４－１,1000,ダ,右,稍重,晴,10,3,3,イッツクール,牡,10,55.0,502,6,服部茂,田中淳,6.5,1,1:01.1,36.8,3-3,4,502,6
2026/04/23,門別,11,シバザクラ特別Ａ１～Ａ４－１,1000,ダ,右,稍重,晴,10,1,1,ジャスパーイーグル,セ,0,55.0,504,-10,石川倭,佐久雅,4.9,2,1:01.2,37.0,2-2,3,504,-10
2026/04/23,門別,11,シバザクラ特別Ａ１～Ａ４－１,1000,ダ,右,稍重,晴,10,8,10,シシャモフレンド,牝,5,53.0,528,8,落合玄,田中淳,3.2,3,1:01.3,37.3,1-1,2,528,8
2026/04/23,門別,11,シバザクラ特別Ａ１～Ａ４－１,1000,ダ,右,稍重,晴,10,5,5,ジャイロ,牡,5,55.0,484,6,藤田駕,村上正,2.3,4,1:01.3,36.5,6-6,1,484,6
2026/04/23,門別,11,シバザクラ特別Ａ１～Ａ４－１,1000,ダ,右,稍重,晴,10,7,7,キャストロポポ,牡,8,55.0,492,6,岩橋勇,佐々国,164.8,5,1:01.4,36.1,8-8,9,492,6
2026/04/23,門別,11,シバザクラ特別Ａ１～Ａ４－１,1000,ダ,右,稍重,晴,10,7,8,ヒカリオーソ,牡,10,57.0,492,2,井上瑛,小国博,17.2,6,1:01.7,36.8,6-6,5,492,2
2026/04/23,門別,11,シバザクラ特別Ａ１～Ａ４－１,1000,ダ,右,稍重,晴,10,2,2,デアフルーグ,牡,10,55.0,534,22,宮内勇,川島洋,23.6,7,1:01.9,37.4,3-5,7,534,22
2026/04/23,門別,11,シバザクラ特別Ａ１～Ａ４－１,1000,ダ,右,稍重,晴,10,8,9,リコシェ,牝,6,53.0,494,-18,小川悠,佐々国,20.7,8,1:02.0,37.7,3-3,6,494,-18
2026/04/23,門別,11,シバザクラ特別Ａ１～Ａ４－１,1000,ダ,右,稍重,晴,10,4,4,オートヴィル,牡,11,55.0,530,4,井上俊,佐藤英,417.4,9,1:02.8,36.7,10-10,10,530,4
2026/04/23,門別,11,シバザクラ特別Ａ１～Ａ４－１,1000,ダ,右,稍重,晴,10,6,6,クルマトラサン,牡,5,55.0,492,6,阿部龍,小国博,84.1,10,1:03.6,38.1,9-9,8,492,6
2026/04/23,門別,12,エトワール賞一般オープン,1200,ダ,右,稍重,晴,14,7,12,スペシャルエックス,牡,6,57.0,514,4,吉原寛,田中淳,1.7,1,1:12.4,36.8,6-3,1,514,4
2026/04/23,門別,12,エトワール賞一般オープン,1200,ダ,右,稍重,晴,14,5,8,キャンディドライヴ,牡,7,56.0,496,4,落合玄,小野望,3.4,2,1:13.1,37.7,3-1,2,496,4
2026/04/23,門別,12,エトワール賞一般オープン,1200,ダ,右,稍重,晴,14,3,3,ストリーム,牡,5,57.0,484,2,岩橋勇,田中淳,11.1,3,1:13.1,38.0,1-1,3,484,2
2026/04/23,門別,12,エトワール賞一般オープン,1200,ダ,右,稍重,晴,14,6,9,シャークスポット,セ,0,57.0,472,0,石川倭,米川昇,144.4,4,1:14.0,37.5,9-7,11,472,0
2026/04/23,門別,12,エトワール賞一般オープン,1200,ダ,右,稍重,晴,14,6,10,ドウドウキリシマ,牡,10,56.0,522,0,藤田駕,川島雅,113.6,5,1:14.0,36.7,11-10,10,522,0
2026/04/23,門別,12,エトワール賞一般オープン,1200,ダ,右,稍重,晴,14,5,7,カッパギ,牡,6,55.0,464,-12,桑村真,角川秀,102.9,6,1:14.1,36.4,12-12,9,464,-12
2026/04/23,門別,12,エトワール賞一般オープン,1200,ダ,右,稍重,晴,14,8,14,ピンクヴェノム,牝,5,53.0,490,-4,黒澤愛,角川秀,38.7,7,1:14.4,38.5,8-7,8,490,-4
2026/04/23,門別,12,エトワール賞一般オープン,1200,ダ,右,稍重,晴,14,7,11,トーセンジャック,牡,8,54.0,516,-7,阿部龍,桧森邦,435.5,8,1:14.8,36.6,13-13,14,516,-7
2026/04/23,門別,12,エトワール賞一般オープン,1200,ダ,右,稍重,晴,14,4,6,ボイラーハウス,牡,8,57.0,532,10,服部茂,田中淳,30.5,9,1:15.1,39.5,4-3,7,532,10
2026/04/23,門別,12,エトワール賞一般オープン,1200,ダ,右,稍重,晴,14,3,4,ジャスパーメジャー,牡,8,55.0,526,-12,井上瑛,佐久雅,11.8,10,1:15.2,39.9,2-3,5,526,-12
2026/04/23,門別,12,エトワール賞一般オープン,1200,ダ,右,稍重,晴,14,1,1,キタノインディ,牡,8,56.0,506,24,井上俊,秋田大,426.6,11,1:15.4,37.2,13-13,13,506,24
2026/04/23,門別,12,エトワール賞一般オープン,1200,ダ,右,稍重,晴,14,8,13,ペプチドシュチク,牡,5,55.0,524,16,宮内勇,川島雅,11.5,12,1:15.6,39.9,6-6,4,524,16
2026/04/23,門別,12,エトワール賞一般オープン,1200,ダ,右,稍重,晴,14,2,2,オメガレインボー,牡,10,57.0,490,24,小野楓,小野望,28.9,13,1:15.6,38.5,10-10,6,490,24
2026/04/23,門別,12,エトワール賞一般オープン,1200,ダ,右,稍重,晴,14,4,5,レアグリフォン,牡,5,55.0,528,41,坂下秀,秋田大,172.5,14,1:18.5,43.0,4-9,12,528,41
2026/04/29,門別,1,３歳条件　未勝利,1000,ダ,右,良,晴,9,5,5,カセノフォルス,牡,3,57.0,462,-12,阿部龍,角川秀,1.8,1,1:02.3,37.6,1-1,1,462,-12
2026/04/29,門別,1,３歳条件　未勝利,1000,ダ,右,良,晴,9,2,2,スーパーパーリー,牡,3,57.0,448,0,黒澤愛,森山雄,2.3,2,1:02.6,37.4,6-5,2,448,0
2026/04/29,門別,1,３歳条件　未勝利,1000,ダ,右,良,晴,9,7,7,リコージュピター,牝,3,54.0,464,-16,阿岸潤,五十冬,53.2,3,1:02.9,38.0,3-3,6,464,-16
2026/04/29,門別,1,３歳条件　未勝利,1000,ダ,右,良,晴,9,1,1,ペンタフェリーチェ,牝,3,55.0,462,-6,宮内勇,廣森久,31.4,4,1:03.1,38.4,1-1,5,462,-6
2026/04/29,門別,1,３歳条件　未勝利,1000,ダ,右,良,晴,9,6,6,スウィンドル,牡,3,57.0,418,-4,小野楓,秋田大,16.7,5,1:03.8,38.1,9-9,4,418,-4
2026/04/29,門別,1,３歳条件　未勝利,1000,ダ,右,良,晴,9,3,3,オハマチャン,牝,3,55.0,396,-2,岩橋勇,千葉津,259.7,6,1:04.1,38.6,8-7,8,396,-2
2026/04/29,門別,1,３歳条件　未勝利,1000,ダ,右,良,晴,9,8,9,ミワクノホウショウ,牝,3,55.0,470,0,吉本隆,佐々国,6.4,7,1:04.2,39.4,3-3,3,470,0
2026/04/29,門別,1,３歳条件　未勝利,1000,ダ,右,良,晴,9,8,8,ジョリサキセ,牝,3,52.0,392,0,渡邊準,川島洋,253.8,8,1:04.8,39.5,6-7,7,392,0
2026/04/29,門別,1,３歳条件　未勝利,1000,ダ,右,良,晴,9,4,4,ハッピーモカ,牝,3,52.0,404,-8,小野俊,山田和,274.6,9,1:05.9,40.9,3-5,9,404,-8
2026/04/29,門別,2,３歳条件　未勝利,1200,ダ,右,良,晴,8,4,4,マーロウ,牡,3,54.0,494,8,渡邊準,田中淳,3.3,1,1:15.8,39.6,1-1,2,494,8
2026/04/29,門別,2,３歳条件　未勝利,1200,ダ,右,良,晴,8,2,2,ブレイキンアウェイ,牡,3,57.0,482,-4,阿部龍,角川秀,1.5,2,1:15.9,38.2,5-5,1,482,-4
2026/04/29,門別,2,３歳条件　未勝利,1200,ダ,右,良,晴,8,7,7,ユイガネーシャ,牡,3,57.0,498,-6,井上俊,櫻井拓,13.1,3,1:16.6,39.1,3-3,5,498,-6
2026/04/29,門別,2,３歳条件　未勝利,1200,ダ,右,良,晴,8,1,1,オオイシテイオー,牡,3,57.0,424,-6,桑村真,角川秀,32.7,4,1:16.7,38.5,7-7,6,424,-6
2026/04/29,門別,2,３歳条件　未勝利,1200,ダ,右,良,晴,8,5,5,ブライトホウショウ,牝,3,55.0,440,-2,黒澤愛,佐々国,12.3,5,1:17.1,39.4,5-5,4,440,-2
2026/04/29,門別,2,３歳条件　未勝利,1200,ダ,右,良,晴,8,8,8,テクノリバタリアン,セ,0,57.0,500,8,岩橋勇,桧森邦,104.6,6,1:17.1,39.9,3-3,7,500,8
2026/04/29,門別,2,３歳条件　未勝利,1200,ダ,右,良,晴,8,3,3,リックスターク,牡,3,57.0,464,0,若杉朝,森山雄,120.9,7,1:17.4,39.1,8-7,8,464,0
2026/04/29,門別,2,３歳条件　未勝利,1200,ダ,右,良,晴,8,6,6,サスケソーレ,セ,0,57.0,462,0,落合玄,小国博,12.1,8,1:17.9,41.5,2-2,3,462,0
2026/04/29,門別,3,３歳以上　Ｃ４－３,1200,ダ,右,良,晴,12,2,2,コココーハク,牝,3,53.0,444,-4,藤田駕,小野望,1.5,1,1:15.2,39.0,1-1,1,444,-4
2026/04/29,門別,3,３歳以上　Ｃ４－３,1200,ダ,右,良,晴,12,6,7,ウィルスカイ,牡,3,57.0,464,10,岩橋勇,小国博,5.6,2,1:15.9,39.6,3-1,2,464,10
2026/04/29,門別,3,３歳以上　Ｃ４－３,1200,ダ,右,良,晴,12,7,10,ミスターキック,牡,4,57.0,486,-2,若杉朝,米川昇,6.0,3,1:16.1,39.8,3-1,3,486,-2
2026/04/29,門別,3,３歳以上　Ｃ４－３,1200,ダ,右,良,晴,12,7,9,アーススカイ,牡,14,57.0,452,-4,井上俊,岡島玉,393.4,4,1:16.4,38.7,8-7,12,452,-4
2026/04/29,門別,3,３歳以上　Ｃ４－３,1200,ダ,右,良,晴,12,5,6,セイランクロフネ,牝,7,55.0,470,2,井上瑛,村上正,57.4,5,1:16.6,39.1,7-7,7,470,2
2026/04/29,門別,3,３歳以上　Ｃ４－３,1200,ダ,右,良,晴,12,6,8,マナモアナ,牝,4,55.0,486,-4,落合玄,桧森邦,15.3,6,1:17.2,40.4,5-4,5,486,-4
2026/04/29,門別,3,３歳以上　Ｃ４－３,1200,ダ,右,良,晴,12,5,5,シャンアリーズ,牝,5,55.0,434,2,小野楓,桧森邦,18.2,7,1:17.3,39.6,8-9,6,434,2
2026/04/29,門別,3,３歳以上　Ｃ４－３,1200,ダ,右,良,晴,12,8,12,アルマロザリオ,牝,6,54.0,434,-2,阿岸潤,松本隆,115.9,8,1:17.4,40.5,5-5,8,434,-2
2026/04/29,門別,3,３歳以上　Ｃ４－３,1200,ダ,右,良,晴,12,4,4,グレートシューター,牡,4,57.0,458,8,服部茂,佐藤英,151.8,9,1:17.6,39.4,11-11,10,458,8
2026/04/29,門別,3,３歳以上　Ｃ４－３,1200,ダ,右,良,晴,12,3,3,アンノウンヒーロー,セ,0,57.0,476,-6,宮内勇,廣森久,138.1,10,1:18.1,40.4,8-10,9,476,-6
2026/04/29,門別,3,３歳以上　Ｃ４－３,1200,ダ,右,良,晴,12,1,1,ライトニングジャブ,牝,3,55.0,440,-2,阿部龍,佐々国,8.8,11,1:19.0,42.8,1-5,4,440,-2
2026/04/29,門別,3,３歳以上　Ｃ４－３,1200,ダ,右,良,晴,12,8,11,アースクン,牡,4,57.0,472,8,黒澤愛,岡島玉,216.4,12,1:21.3,42.3,12-12,11,472,8
2026/04/29,門別,4,３歳以上　Ｃ４－３,1000,ダ,右,良,曇,11,7,9,フークシャイニー,牡,3,57.0,534,-8,桑村真,角川秀,1.0,1,1:03.1,37.7,5-5,1,534,-8
2026/04/29,門別,4,３歳以上　Ｃ４－３,1000,ダ,右,良,曇,11,7,8,テンアリオン,牝,6,55.0,448,-2,宮内勇,岡島玉,13.3,2,1:03.4,38.6,1-1,3,448,-2
2026/04/29,門別,4,３歳以上　Ｃ４－３,1000,ダ,右,良,曇,11,2,2,セキテイビビ,牝,4,55.0,474,6,井上瑛,小国博,9.8,3,1:03.7,39.0,1-1,2,474,6
2026/04/29,門別,4,３歳以上　Ｃ４－３,1000,ダ,右,良,曇,11,1,1,カネトシセレスト,牡,6,57.0,472,-4,黒澤愛,千葉津,118.0,4,1:03.9,38.9,3-3,9,472,-4
2026/04/29,門別,4,３歳以上　Ｃ４－３,1000,ダ,右,良,曇,11,8,10,モーモーブルー,牡,4,57.0,466,2,吉本隆,佐藤英,26.5,5,1:04.0,39.0,3-3,5,466,2
2026/04/29,門別,4,３歳以上　Ｃ４－３,1000,ダ,右,良,曇,11,4,4,シャンノヴァ,牝,4,53.0,382,0,藤田駕,桧森邦,100.4,6,1:04.4,38.6,8-9,8,382,0
2026/04/29,門別,4,３歳以上　Ｃ４－３,1000,ダ,右,良,曇,11,6,7,サクラレイピア,牝,7,52.0,500,-6,小川悠,村上正,62.5,7,1:04.5,38.9,5-6,7,500,-6
2026/04/29,門別,4,３歳以上　Ｃ４－３,1000,ダ,右,良,曇,11,8,11,オグリヨンセイ,牡,6,57.0,442,-4,落合玄,佐久雅,55.3,8,1:04.6,39.0,8-6,6,442,-4
2026/04/29,門別,4,３歳以上　Ｃ４－３,1000,ダ,右,良,曇,11,6,6,ライプトラオム,牡,8,56.0,480,-8,阿岸潤,松本隆,16.6,9,1:04.6,38.5,11-9,4,480,-8
2026/04/29,門別,4,３歳以上　Ｃ４－３,1000,ダ,右,良,曇,11,5,5,アプラウゾ,牝,5,55.0,408,-6,井上俊,柳澤好,350.6,10,1:05.9,40.3,5-8,11,408,-6
2026/04/29,門別,4,３歳以上　Ｃ４－３,1000,ダ,右,良,曇,11,3,3,エイシンイビサ,牝,3,55.0,454,7,阿部龍,山田和,196.7,11,1:07.2,41.0,10-11,10,454,7
2026/04/29,門別,5,３歳以上　Ｃ４－３,1000,ダ,右,良,雨,10,3,3,ツワ,牝,8,55.0,474,0,落合玄,佐久雅,2.4,1,1:03.4,38.5,1-1,1,474,0
2026/04/29,門別,5,３歳以上　Ｃ４－３,1000,ダ,右,良,雨,10,7,7,オカノティアラ,牝,3,55.0,374,0,岩橋勇,桧森邦,5.8,2,1:03.5,38.5,2-2,3,374,0
2026/04/29,門別,5,３歳以上　Ｃ４－３,1000,ダ,右,良,雨,10,2,2,バブリーダッシュ,牡,9,57.0,472,2,阿部龍,角川秀,11.0,3,1:03.6,37.6,10-9,4,472,2
2026/04/29,門別,5,３歳以上　Ｃ４－３,1000,ダ,右,良,雨,10,4,4,トムワールド,牡,6,57.0,458,-4,井上俊,佐藤英,71.4,4,1:03.7,38.1,9-7,9,458,-4
2026/04/29,門別,5,３歳以上　Ｃ４－３,1000,ダ,右,良,雨,10,7,8,ヤマトノヒカリ,牝,7,55.0,452,-6,若杉朝,櫻井拓,12.3,5,1:04.3,39.1,3-5,5,452,-6
2026/04/29,門別,5,３歳以上　Ｃ４－３,1000,ダ,右,良,雨,10,6,6,ティファニジェンヌ,牝,5,52.0,488,-2,小川悠,佐々国,2.9,6,1:04.5,39.2,6-7,2,488,-2
2026/04/29,門別,5,３歳以上　Ｃ４－３,1000,ダ,右,良,雨,10,8,10,キョウエイボンバー,牡,6,57.0,506,-2,宮内勇,黒川智,40.7,7,1:04.6,39.3,6-5,8,506,-2
2026/04/29,門別,5,３歳以上　Ｃ４－３,1000,ダ,右,良,雨,10,5,5,ルトゥールレーヴ,牡,4,57.0,552,2,小野楓,小野望,15.6,8,1:04.8,39.5,4-2,6,552,2
2026/04/29,門別,5,３歳以上　Ｃ４－３,1000,ダ,右,良,雨,10,1,1,フィールザクラウン,牡,6,54.0,456,-2,渡邊準,村上正,21.2,9,1:04.8,39.5,4-2,7,456,-2
2026/04/29,門別,5,３歳以上　Ｃ４－３,1000,ダ,右,良,雨,10,8,9,レアリゼアドリーム,セ,0,57.0,450,-6,黒澤愛,森山雄,206.5,10,1:05.7,40.4,6-9,10,450,-6
2026/04/29,門別,6,Ｊ認 フレッシュチャレンジ２歳新馬,1000,ダ,右,良,雨,8,3,3,グランラック,牝,2,55.0,0,0,桑村真,角川秀,3.4,1,1:03.1,38.4,3-1,2,0,0
2026/04/29,門別,6,Ｊ認 フレッシュチャレンジ２歳新馬,1000,ダ,右,良,雨,8,8,8,フアカイレヴァ,牝,2,55.0,0,0,井上瑛,小国博,4.4,2,1:03.8,39.1,3-1,3,0,0
2026/04/29,門別,6,Ｊ認 フレッシュチャレンジ２歳新馬,1000,ダ,右,良,雨,8,5,5,マカイエンセ,牝,2,55.0,0,0,岩橋勇,田中淳,2.4,3,1:04.0,39.4,1-3,1,0,0
2026/04/29,門別,6,Ｊ認 フレッシュチャレンジ２歳新馬,1000,ダ,右,良,雨,8,1,1,アンビティオー,牡,2,55.0,0,0,阿部龍,五十冬,20.6,4,1:04.4,39.4,5-5,6,0,0
2026/04/29,門別,6,Ｊ認 フレッシュチャレンジ２歳新馬,1000,ダ,右,良,雨,8,6,6,ダブルデコイ,牝,2,55.0,0,0,小野楓,小野望,5.2,5,1:04.7,40.0,1-4,4,0,0
2026/04/29,門別,6,Ｊ認 フレッシュチャレンジ２歳新馬,1000,ダ,右,良,雨,8,4,4,エイシンフンボルト,牝,2,54.0,0,0,阿岸潤,佐久雅,11.1,6,1:05.5,40.4,6-6,5,0,0
2026/04/29,門別,6,Ｊ認 フレッシュチャレンジ２歳新馬,1000,ダ,右,良,雨,8,2,2,バリサンダー,牡,2,52.0,0,0,小野俊,小国博,,,,,,,0,0
2026/04/29,門別,6,Ｊ認 フレッシュチャレンジ２歳新馬,1000,ダ,右,良,雨,8,7,7,サラカノ,牝,2,55.0,0,0,黒澤愛,角川秀,,,,,,,0,0
2026/04/29,門別,7,３歳以上　Ｃ４－２,1000,ダ,右,良,曇,11,1,1,ノアルパフェ,牝,3,55.0,420,-8,小野楓,小野望,1.5,1,1:02.1,37.6,3-3,1,420,-8
2026/04/29,門別,7,３歳以上　Ｃ４－２,1000,ダ,右,良,曇,11,4,4,ラグナキリア,牡,8,57.0,574,0,桑村真,佐々国,11.4,2,1:02.3,37.1,8-6,4,574,0
2026/04/29,門別,7,３歳以上　Ｃ４－２,1000,ダ,右,良,曇,11,8,10,ハーティーアイズ,牝,3,55.0,436,-2,岩橋勇,佐々国,42.0,3,1:02.6,38.3,1-1,5,436,-2
2026/04/29,門別,7,３歳以上　Ｃ４－２,1000,ダ,右,良,曇,11,5,5,カツノトゥウェルヴ,牝,4,55.0,498,-2,井上瑛,五十冬,3.1,4,1:02.7,38.5,1-1,2,498,-2
2026/04/29,門別,7,３歳以上　Ｃ４－２,1000,ダ,右,良,曇,11,2,2,ニシノエンデヴァー,牡,4,57.0,464,-2,宮内勇,川島洋,7.4,5,1:02.9,38.4,3-4,3,464,-2
2026/04/29,門別,7,３歳以上　Ｃ４－２,1000,ダ,右,良,曇,11,6,7,アースカムイ,牡,4,57.0,476,-8,井上俊,岡島玉,46.4,6,1:03.5,37.9,10-9,6,476,-8
2026/04/29,門別,7,３歳以上　Ｃ４－２,1000,ダ,右,良,曇,11,3,3,ボヤージュアウト,牝,4,54.0,474,-4,阿岸潤,川島洋,377.1,7,1:03.9,38.7,8-7,10,474,-4
2026/04/29,門別,7,３歳以上　Ｃ４－２,1000,ダ,右,良,曇,11,7,8,トーケンアーサー,牝,8,52.0,482,-4,渡邊準,佐々国,77.9,8,1:04.2,37.8,11-11,7,482,-4
2026/04/29,門別,7,３歳以上　Ｃ４－２,1000,ダ,右,良,曇,11,6,6,カネトシブレーブ,牡,4,57.0,470,2,服部茂,千葉津,388.0,9,1:04.2,39.7,3-4,11,470,2
2026/04/29,門別,7,３歳以上　Ｃ４－２,1000,ダ,右,良,曇,11,8,11,ラスターカノン,牝,6,52.0,428,-4,小川悠,森山雄,113.2,10,1:04.6,39.7,6-9,8,428,-4
2026/04/29,門別,7,３歳以上　Ｃ４－２,1000,ダ,右,良,曇,11,7,9,エイダイファルコン,牝,4,55.0,462,6,黒澤愛,小国博,146.7,11,1:04.7,39.7,6-7,9,462,6
2026/04/29,門別,8,ゆうべつチューリップフェア特別Ｃ１－２～,1000,ダ,右,良,曇,9,4,4,セイゲン,セ,0,54.0,480,-4,小川悠,小野望,2.6,1,1:01.7,36.5,4-4,2,480,-4
2026/04/29,門別,8,ゆうべつチューリップフェア特別Ｃ１－２～,1000,ダ,右,良,曇,9,8,8,ニシケンカバル,セ,0,57.0,496,0,落合玄,小国博,2.1,2,1:01.7,37.0,1-1,1,496,0
2026/04/29,門別,8,ゆうべつチューリップフェア特別Ｃ１－２～,1000,ダ,右,良,曇,9,3,3,ディープレゼント,牝,4,55.0,452,2,桑村真,五十冬,7.6,3,1:02.1,37.2,2-1,4,452,2
2026/04/29,門別,8,ゆうべつチューリップフェア特別Ｃ１－２～,1000,ダ,右,良,曇,9,6,6,ワイルドラヴ,牡,11,57.0,470,0,宮内勇,川島洋,7.2,4,1:02.7,37.5,4-6,3,470,0
2026/04/29,門別,8,ゆうべつチューリップフェア特別Ｃ１－２～,1000,ダ,右,良,曇,9,5,5,ヤマニンリーリオ,牝,6,55.0,488,-10,小野楓,小野望,33.9,5,1:03.1,38.2,2-3,7,488,-10
2026/04/29,門別,8,ゆうべつチューリップフェア特別Ｃ１－２～,1000,ダ,右,良,曇,9,8,9,レイホープ,牡,4,57.0,514,2,坂下秀,秋田大,16.6,6,1:03.2,38.0,4-6,5,514,2
2026/04/29,門別,8,ゆうべつチューリップフェア特別Ｃ１－２～,1000,ダ,右,良,曇,9,7,7,ヨシノカムイ,牡,4,57.0,470,0,阿部龍,桧森邦,26.9,7,1:03.5,38.1,8-4,6,470,0
2026/04/29,門別,8,ゆうべつチューリップフェア特別Ｃ１－２～,1000,ダ,右,良,曇,9,2,2,コンバットトーラス,牡,5,56.0,528,-6,阿岸潤,山田和,406.6,8,1:03.6,38.1,8-9,9,528,-6
2026/04/29,門別,8,ゆうべつチューリップフェア特別Ｃ１－２～,1000,ダ,右,良,曇,9,1,1,ブレイヴァリーボス,牡,6,57.0,484,-2,岩橋勇,小国博,375.7,9,1:03.6,38.4,4-6,8,484,-2
2026/04/29,門別,9,グランシャリオドリーム５Ｃ１－２～Ｃ３－,1200,ダ,右,良,曇,12,2,2,ハニーベリー,牝,6,53.0,456,-8,藤田駕,黒川智,55.4,1,1:14.5,38.7,6-3,10,456,-8
2026/04/29,門別,9,グランシャリオドリーム５Ｃ１－２～Ｃ３－,1200,ダ,右,良,曇,12,1,1,メイショウマーブル,牡,5,57.0,478,0,服部茂,田中淳,8.1,2,1:14.6,37.5,11-10,4,478,0
2026/04/29,門別,9,グランシャリオドリーム５Ｃ１－２～Ｃ３－,1200,ダ,右,良,曇,12,5,6,コンサイダー,牡,6,54.0,498,-2,小川悠,黒川智,72.5,3,1:14.7,38.6,7-7,11,498,-2
2026/04/29,門別,9,グランシャリオドリーム５Ｃ１－２～Ｃ３－,1200,ダ,右,良,曇,12,8,11,レヴェルトディオ,牡,3,57.0,490,16,岩橋勇,田中淳,5.5,4,1:15.0,39.4,4-3,3,490,16
2026/04/29,門別,9,グランシャリオドリーム５Ｃ１－２～Ｃ３－,1200,ダ,右,良,曇,12,5,5,グレートスティック,牡,3,57.0,474,8,落合玄,小国博,11.8,5,1:15.1,40.1,2-1,6,474,8
2026/04/29,門別,9,グランシャリオドリーム５Ｃ１－２～Ｃ３－,1200,ダ,右,良,曇,12,7,10,キュータロー,牡,4,56.0,488,-10,阿岸潤,櫻井拓,46.2,6,1:15.1,38.7,8-7,9,488,-10
2026/04/29,門別,9,グランシャリオドリーム５Ｃ１－２～Ｃ３－,1200,ダ,右,良,曇,12,6,7,リオンセーラス,牝,4,55.0,498,8,桑村真,桧森邦,36.1,7,1:15.6,39.1,8-7,8,498,8
2026/04/29,門別,9,グランシャリオドリーム５Ｃ１－２～Ｃ３－,1200,ダ,右,良,曇,12,7,9,ロアリングフレイム,牝,4,55.0,476,-4,宮内勇,川島洋,2.2,8,1:15.6,40.3,3-3,1,476,-4
2026/04/29,門別,9,グランシャリオドリーム５Ｃ１－２～Ｃ３－,1200,ダ,右,良,曇,12,6,8,マイネルジーニアス,牡,4,57.0,560,-8,井上瑛,齊藤正,10.8,9,1:16.4,40.9,4-6,5,560,-8
2026/04/29,門別,9,グランシャリオドリーム５Ｃ１－２～Ｃ３－,1200,ダ,右,良,曇,12,4,4,デュジャック,セ,0,57.0,528,0,小野楓,小野望,22.8,10,1:16.5,41.6,1-1,7,528,0
2026/04/29,門別,9,グランシャリオドリーム５Ｃ１－２～Ｃ３－,1200,ダ,右,良,曇,12,8,12,ヤマニンヒストリア,牡,4,57.0,486,26,阿部龍,米川昇,4.8,11,1:17.3,40.4,10-11,2,486,26
2026/04/29,門別,9,グランシャリオドリーム５Ｃ１－２～Ｃ３－,1200,ダ,右,良,曇,12,3,3,ダイヤキララ,牝,5,55.0,464,14,黒澤愛,桧森邦,388.4,12,1:17.3,39.4,12-12,12,464,14
2026/04/29,門別,10,北海道はサッポロビール特別Ｂ３～Ｃ１－１,1000,ダ,右,良,曇,11,2,2,ミッドナイトゲイル,牝,4,55.0,492,-4,井上俊,櫻井拓,13.9,1,1:01.2,37.7,1-1,5,492,-4
2026/04/29,門別,10,北海道はサッポロビール特別Ｂ３～Ｃ１－１,1000,ダ,右,良,曇,11,4,4,ヤマトオーザー,牡,4,57.0,496,-4,小野楓,黒川智,9.1,2,1:01.5,36.6,9-7,3,496,-4
2026/04/29,門別,10,北海道はサッポロビール特別Ｂ３～Ｃ１－１,1000,ダ,右,良,曇,11,8,10,ガロス,牡,4,57.0,476,6,落合玄,小国博,5.9,3,1:01.6,37.4,4-4,2,476,6
2026/04/29,門別,10,北海道はサッポロビール特別Ｂ３～Ｃ１－１,1000,ダ,右,良,曇,11,7,9,サヤオンニ,牝,6,53.0,456,0,藤田駕,松本隆,53.2,4,1:02.1,37.7,5-4,8,456,0
2026/04/29,門別,10,北海道はサッポロビール特別Ｂ３～Ｃ１－１,1000,ダ,右,良,曇,11,8,11,パープルビューティ,牝,5,55.0,464,0,黒澤愛,森山雄,175.2,5,1:02.3,37.4,9-8,10,464,0
2026/04/29,門別,10,北海道はサッポロビール特別Ｂ３～Ｃ１－１,1000,ダ,右,良,曇,11,6,7,スティールブライト,牝,4,55.0,476,-2,阿部龍,角川秀,10.6,6,1:02.4,38.7,3-3,4,476,-2
2026/04/29,門別,10,北海道はサッポロビール特別Ｂ３～Ｃ１－１,1000,ダ,右,良,曇,11,6,6,アニマルフルーツ,牝,5,54.0,444,-2,阿岸潤,松本隆,34.9,7,1:02.5,37.9,5-6,6,444,-2
2026/04/29,門別,10,北海道はサッポロビール特別Ｂ３～Ｃ１－１,1000,ダ,右,良,曇,11,1,1,クーシフォン,牝,7,55.0,492,-2,宮内勇,川島洋,157.4,8,1:02.7,37.8,7-8,9,492,-2
2026/04/29,門別,10,北海道はサッポロビール特別Ｂ３～Ｃ１－１,1000,ダ,右,良,曇,11,3,3,ギャルソンマンキ,牝,4,56.0,488,-2,岩橋勇,田中淳,1.3,9,1:02.8,39.3,2-1,1,488,-2
2026/04/29,門別,10,北海道はサッポロビール特別Ｂ３～Ｃ１－１,1000,ダ,右,良,曇,11,7,8,ヴィオルナ,牝,5,52.0,416,2,小川悠,川島雅,394.6,10,1:03.2,38.3,7-10,11,416,2
2026/04/29,門別,10,北海道はサッポロビール特別Ｂ３～Ｃ１－１,1000,ダ,右,良,曇,11,5,5,イーデンテソーロ,牡,6,57.0,496,-3,桑村真,桧森邦,40.2,11,1:04.5,37.4,11-11,7,496,-3
2026/04/29,門別,11,キズナ・プレミアムＢ２～Ｂ４－１,1800,ダ,右,良,曇,8,4,4,ミソタロ,牡,4,57.0,490,8,落合玄,小国博,12.0,1,1:59.2,38.2,8-8-8-7,6,490,8
2026/04/29,門別,11,キズナ・プレミアムＢ２～Ｂ４－１,1800,ダ,右,良,曇,8,3,3,トーセンジャック,牡,8,57.0,520,4,黒澤愛,桧森邦,116.2,2,1:59.4,38.8,7-6-7-6,7,520,4
2026/04/29,門別,11,キズナ・プレミアムＢ２～Ｂ４－１,1800,ダ,右,良,曇,8,2,2,バンカブルスター,セ,0,58.0,506,-2,小野楓,黒川智,7.4,3,1:59.5,40.2,1-1-1-1,3,506,-2
2026/04/29,門別,11,キズナ・プレミアムＢ２～Ｂ４－１,1800,ダ,右,良,曇,8,8,8,カツノトキメキ,牝,4,55.0,454,-2,宮内勇,川島洋,10.6,4,1:59.5,39.3,3-3-3-4,5,454,-2
2026/04/29,門別,11,キズナ・プレミアムＢ２～Ｂ４－１,1800,ダ,右,良,曇,8,1,1,レディパイロ,牝,5,55.0,534,4,桑村真,森山雄,8.1,5,1:59.7,39.6,6-6-3-3,4,534,4
2026/04/29,門別,11,キズナ・プレミアムＢ２～Ｂ４－１,1800,ダ,右,良,曇,8,7,7,サイモンソーラン,牡,7,57.0,506,6,服部茂,齊藤正,1.7,6,1:59.8,39.9,2-2-2-1,1,506,6
2026/04/29,門別,11,キズナ・プレミアムＢ２～Ｂ４－１,1800,ダ,右,良,曇,8,5,5,ワチュゴナドゥ,牡,4,57.0,514,-2,岩橋勇,田中淳,4.4,7,2:00.0,39.8,3-3-3-4,2,514,-2
2026/04/29,門別,11,キズナ・プレミアムＢ２～Ｂ４－１,1800,ダ,右,良,曇,8,6,6,カラフルフレスコ,牝,7,53.0,478,2,藤田駕,山田和,253.8,8,2:02.5,42.3,5-3-3-7,8,478,2
2026/04/30,門別,1,３歳以上　Ｃ４－３,1700,ダ,右,良,晴,11,8,11,ミノベル,牡,3,57.0,458,4,落合玄,柳澤好,9.5,1,1:53.5,40.4,5-5-5-2,3,458,4
2026/04/30,門別,1,３歳以上　Ｃ４－３,1700,ダ,右,良,晴,11,5,5,オーヴァザトラブル,牡,3,57.0,522,2,小野楓,小野望,1.6,2,1:53.7,40.2,7-7-7-4,1,522,2
2026/04/30,門別,1,３歳以上　Ｃ４－３,1700,ダ,右,良,晴,11,1,1,マナスカイ,牡,3,57.0,482,0,服部茂,桧森邦,11.8,3,1:53.7,40.4,3-3-5-4,5,482,0
2026/04/30,門別,1,３歳以上　Ｃ４－３,1700,ダ,右,良,晴,11,7,9,サラン,牝,3,55.0,450,-2,石川倭,小国博,4.4,4,1:54.0,41.5,3-3-1-1,2,450,-2
2026/04/30,門別,1,３歳以上　Ｃ４－３,1700,ダ,右,良,晴,11,6,6,クールカグラ,牝,4,52.0,496,6,小野俊,田中淳,28.9,5,1:54.0,41.4,9-9-1-2,7,496,6
2026/04/30,門別,1,３歳以上　Ｃ４－３,1700,ダ,右,良,晴,11,4,4,ビービーエリス,牡,3,57.0,428,-10,井上俊,櫻井拓,10.4,6,1:54.2,40.6,5-5-7-7,4,428,-10
2026/04/30,門別,1,３歳以上　Ｃ４－３,1700,ダ,右,良,晴,11,8,10,ニットウアイアン,牡,6,57.0,476,0,黒澤愛,千葉津,142.1,7,1:55.1,40.5,11-11-11-11,8,476,0
2026/04/30,門別,1,３歳以上　Ｃ４－３,1700,ダ,右,良,晴,11,7,8,ショウリュウマサル,牡,4,57.0,544,-12,桑村真,角川秀,16.2,8,1:55.6,41.3,10-10-10-7,6,544,-12
2026/04/30,門別,1,３歳以上　Ｃ４－３,1700,ダ,右,良,晴,11,3,3,ベストリュイール,牝,3,53.0,412,-4,藤田駕,森山雄,179.9,9,1:55.6,41.6,7-8-9-10,9,412,-4
2026/04/30,門別,1,３歳以上　Ｃ４－３,1700,ダ,右,良,晴,11,6,7,エンゲル,牝,3,52.0,444,4,渡邊準,桧森邦,493.2,10,1:58.3,45.5,1-1-3-6,11,444,4
2026/04/30,門別,1,３歳以上　Ｃ４－３,1700,ダ,右,良,晴,11,2,2,モーニングアジサイ,牝,3,55.0,440,4,宮内勇,川島洋,219.5,11,1:59.7,46.9,1-1-3-7,10,440,4
2026/04/30,門別,2,３歳条件　未勝利,1000,ダ,右,良,晴,10,8,10,ハシレオザキサン,牝,3,55.0,428,-6,小野楓,齊藤正,2.1,1,1:02.2,36.4,4-4,1,428,-6
2026/04/30,門別,2,３歳条件　未勝利,1000,ダ,右,良,晴,10,4,4,スティールスピネル,牝,3,55.0,0,0,阿部龍,角川秀,2.6,2,1:02.2,37.4,2-2,2,0,0
2026/04/30,門別,2,３歳条件　未勝利,1000,ダ,右,良,晴,10,6,6,グリース,牝,3,55.0,408,-6,石川倭,桧森邦,15.2,3,1:02.9,37.6,3-3,4,408,-6
2026/04/30,門別,2,３歳条件　未勝利,1000,ダ,右,良,晴,10,7,7,カスタネアローズ,牝,3,55.0,438,-2,桑村真,佐久雅,5.0,4,1:03.5,39.5,1-1,3,438,-2
2026/04/30,門別,2,３歳条件　未勝利,1000,ダ,右,良,晴,10,7,8,オオイシサクラ,牝,3,55.0,414,-4,岩橋勇,角川秀,40.4,5,1:03.8,37.3,9-7,7,414,-4
2026/04/30,門別,2,３歳条件　未勝利,1000,ダ,右,良,晴,10,5,5,コンバットハート,牝,3,52.0,446,0,小野俊,山田和,237.1,6,1:04.0,38.0,4-5,10,446,0
2026/04/30,門別,2,３歳条件　未勝利,1000,ダ,右,良,晴,10,8,9,ヤマノビクトワール,牝,3,54.0,444,4,阿岸潤,松本隆,61.1,7,1:04.3,38.3,4-6,8,444,4
2026/04/30,門別,2,３歳条件　未勝利,1000,ダ,右,良,晴,10,1,1,シャア,牡,3,57.0,428,6,若杉朝,森山雄,28.6,8,1:05.2,38.5,4-9,6,428,6
2026/04/30,門別,2,３歳条件　未勝利,1000,ダ,右,良,晴,10,3,3,ナマラメンコイ,牝,3,52.0,410,-4,渡邊準,佐々国,219.1,9,1:05.4,38.7,9-9,9,410,-4
2026/04/30,門別,2,３歳条件　未勝利,1000,ダ,右,良,晴,10,2,2,ネクストトゥーユー,牝,3,53.0,436,-15,藤田駕,佐藤英,21.1,10,1:05.7,39.4,4-7,5,436,-15
2026/04/30,門別,3,３歳以上　Ｃ４－３,1000,ダ,右,良,晴,10,7,7,パレスシャンティ,牝,3,55.0,508,16,阿部龍,角川秀,1.5,1,1:03.6,38.8,3-2,1,508,16
2026/04/30,門別,3,３歳以上　Ｃ４－３,1000,ダ,右,良,晴,10,4,4,チョゴリザ,牝,3,55.0,382,2,落合玄,小国博,10.7,2,1:03.7,38.2,5-6,4,382,2
2026/04/30,門別,3,３歳以上　Ｃ４－３,1000,ダ,右,良,晴,10,8,10,ジャスパーエース,セ,0,56.0,456,0,阿岸潤,佐久雅,12.9,3,1:03.7,38.5,5-4,5,456,0
2026/04/30,門別,3,３歳以上　Ｃ４－３,1000,ダ,右,良,晴,10,2,2,ハレタヒニ,牝,3,55.0,456,2,石川慎,齊藤正,6.4,4,1:04.0,40.0,1-1,3,456,2
2026/04/30,門別,3,３歳以上　Ｃ４－３,1000,ダ,右,良,晴,10,3,3,アースジェイソンテ,牡,6,57.0,494,-2,吉本隆,岡島玉,43.1,5,1:04.6,37.3,10-10,6,494,-2
2026/04/30,門別,3,３歳以上　Ｃ４－３,1000,ダ,右,良,晴,10,5,5,ラウスダケ,牡,9,57.0,462,-2,岩橋勇,佐藤英,54.4,6,1:04.7,38.8,9-8,7,462,-2
2026/04/30,門別,3,３歳以上　Ｃ４－３,1000,ダ,右,良,晴,10,8,9,エウテューモス,牝,6,55.0,416,-8,若杉朝,森山雄,268.2,7,1:04.7,39.7,3-5,9,416,-8
2026/04/30,門別,3,３歳以上　Ｃ４－３,1000,ダ,右,良,晴,10,7,8,プラクシテレス,セ,0,57.0,458,-6,井上俊,佐藤英,492.9,8,1:05.9,40.6,5-6,10,458,-6
2026/04/30,門別,3,３歳以上　Ｃ４－３,1000,ダ,右,良,晴,10,1,1,サラメーガン,牝,3,55.0,412,0,小野楓,小野望,4.2,9,1:07.4,43.4,1-2,2,412,0
2026/04/30,門別,3,３歳以上　Ｃ４－３,1000,ダ,右,良,晴,10,6,6,キタノシュナイダー,牝,4,55.0,436,2,黒澤愛,山田和,251.5,10,1:07.5,41.8,8-8,8,436,2
2026/04/30,門別,4,３歳以上　Ｃ４－２,1000,ダ,右,良,晴,12,6,8,トーケンマコット,牝,9,55.0,448,-12,小野楓,佐々国,7.5,1,1:02.6,37.7,3-3,2,448,-12
2026/04/30,門別,4,３歳以上　Ｃ４－２,1000,ダ,右,良,晴,12,5,6,テナチュール,牝,7,55.0,426,-4,石川倭,黒川智,10.5,2,1:02.6,37.3,6-6,6,426,-4
2026/04/30,門別,4,３歳以上　Ｃ４－２,1000,ダ,右,良,晴,12,8,11,ヤマニンアリーズ,牝,5,55.0,482,-12,宮内勇,川島洋,9.8,3,1:02.7,38.1,2-2,5,482,-12
2026/04/30,門別,4,３歳以上　Ｃ４－２,1000,ダ,右,良,晴,12,5,5,サラサゴーサイン,牡,3,57.0,436,0,井上瑛,松本隆,1.8,4,1:02.8,37.8,3-5,1,436,0
2026/04/30,門別,4,３歳以上　Ｃ４－２,1000,ダ,右,良,晴,12,3,3,フィカスリラータ,牝,3,55.0,422,-13,桑村真,柳澤好,31.6,5,1:03.4,37.8,8-7,8,422,-13
2026/04/30,門別,4,３歳以上　Ｃ４－２,1000,ダ,右,良,晴,12,7,10,メテオジュリア,牝,4,52.0,460,-10,渡邊準,桧森邦,8.4,6,1:03.5,38.6,3-3,3,460,-10
2026/04/30,門別,4,３歳以上　Ｃ４－２,1000,ダ,右,良,晴,12,6,7,ジャスパーサン,セ,0,57.0,464,-4,阿部龍,佐久雅,51.1,7,1:03.5,36.7,12-11,10,464,-4
2026/04/30,門別,4,３歳以上　Ｃ４－２,1000,ダ,右,良,晴,12,4,4,グロリアスアスペン,牝,4,53.0,456,0,藤田駕,山田和,8.6,8,1:03.7,37.9,10-9,4,456,0
2026/04/30,門別,4,３歳以上　Ｃ４－２,1000,ダ,右,良,晴,12,7,9,スイレンチャン,牝,4,55.0,474,6,石川慎,齊藤正,47.7,9,1:03.9,38.6,6-7,9,474,6
2026/04/30,門別,4,３歳以上　Ｃ４－２,1000,ダ,右,良,晴,12,1,1,ルックスライクパツ,セ,0,57.0,538,-2,岩橋勇,千葉津,15.2,10,1:04.3,40.2,1-1,7,538,-2
2026/04/30,門別,4,３歳以上　Ｃ４－２,1000,ダ,右,良,晴,12,2,2,サクラキングリー,セ,0,54.0,494,-4,小野俊,佐々国,191.0,11,1:04.4,38.1,11-11,11,494,-4
2026/04/30,門別,4,３歳以上　Ｃ４－２,1000,ダ,右,良,晴,12,8,12,エイシンキャノピー,牝,4,55.0,446,0,坂下秀,秋田大,581.6,12,1:04.5,39.0,8-9,12,446,0
2026/04/30,門別,5,Ｊ認 フレッシュチャレンジ２歳牝馬新馬,1000,ダ,右,良,晴,8,2,2,プレストジュピター,牝,2,55.0,0,0,宮内勇,川島洋,7.8,1,1:02.8,37.8,3-3,4,0,0
2026/04/30,門別,5,Ｊ認 フレッシュチャレンジ２歳牝馬新馬,1000,ダ,右,良,晴,8,4,4,キャトルブランシュ,牝,2,55.0,0,0,小野楓,小野望,23.5,2,1:02.9,38.1,2-1,6,0,0
2026/04/30,門別,5,Ｊ認 フレッシュチャレンジ２歳牝馬新馬,1000,ダ,右,良,晴,8,6,6,レモンサワー,牝,2,55.0,0,0,井上瑛,小国博,22.8,3,1:03.3,38.2,4-5,5,0,0
2026/04/30,門別,5,Ｊ認 フレッシュチャレンジ２歳牝馬新馬,1000,ダ,右,良,晴,8,5,5,ショートフィルム,牝,2,55.0,0,0,落合玄,田中淳,3.7,4,1:03.4,38.8,1-1,2,0,0
2026/04/30,門別,5,Ｊ認 フレッシュチャレンジ２歳牝馬新馬,1000,ダ,右,良,晴,8,3,3,バトラーヴァル,牝,2,55.0,0,0,阿部龍,角川秀,1.7,5,1:03.5,38.4,4-3,1,0,0
2026/04/30,門別,5,Ｊ認 フレッシュチャレンジ２歳牝馬新馬,1000,ダ,右,良,晴,8,1,1,マナウィラ,牝,2,55.0,0,0,石川倭,米川昇,6.6,6,1:03.7,38.0,8-6,3,0,0
2026/04/30,門別,5,Ｊ認 フレッシュチャレンジ２歳牝馬新馬,1000,ダ,右,良,晴,8,7,7,ヨシノカグラ,牝,2,55.0,0,0,岩橋勇,桧森邦,103.1,7,1:04.9,39.6,6-6,8,0,0
2026/04/30,門別,5,Ｊ認 フレッシュチャレンジ２歳牝馬新馬,1000,ダ,右,良,晴,8,8,8,ハナノコルンルン,牝,2,55.0,0,0,桑村真,五十冬,28.7,8,1:05.2,39.9,6-6,7,0,0
2026/04/30,門別,6,３歳以上　Ｃ４－２,1200,ダ,右,良,晴,13,2,2,トニーオーシャンズ,牡,3,57.0,448,-2,石川倭,桧森邦,5.4,1,1:15.5,38.1,8-7,3,448,-2
2026/04/30,門別,6,３歳以上　Ｃ４－２,1200,ダ,右,良,晴,13,1,1,クインズモナカ,牝,4,55.0,492,2,落合玄,黒川智,2.2,2,1:15.6,38.4,6-4,1,492,2
2026/04/30,門別,6,３歳以上　Ｃ４－２,1200,ダ,右,良,晴,13,8,13,リコーニック,セ,0,57.0,510,2,小野楓,川島雅,2.9,3,1:15.7,38.9,2-2,2,510,2
2026/04/30,門別,6,３歳以上　Ｃ４－２,1200,ダ,右,良,晴,13,5,6,ロンギングドルチェ,牝,5,55.0,516,-4,阿部龍,柳澤好,20.6,4,1:15.9,38.9,4-2,6,516,-4
2026/04/30,門別,6,３歳以上　Ｃ４－２,1200,ダ,右,良,晴,13,6,9,フロンテアブライト,牡,6,57.0,508,-2,宮内勇,川島洋,13.5,5,1:16.1,38.9,6-7,4,508,-2
2026/04/30,門別,6,３歳以上　Ｃ４－２,1200,ダ,右,良,晴,13,7,11,ベラジオケンシロウ,牡,5,57.0,508,6,服部茂,秋田大,61.0,6,1:16.2,38.6,9-9,9,508,6
2026/04/30,門別,6,３歳以上　Ｃ４－２,1200,ダ,右,良,晴,13,4,4,フォーチュンベル,牝,3,55.0,500,2,石川慎,齊藤正,16.0,7,1:16.4,39.4,4-4,5,500,2
2026/04/30,門別,6,３歳以上　Ｃ４－２,1200,ダ,右,良,晴,13,4,5,ウーロン,牝,5,55.0,494,-4,井上瑛,廣森久,33.5,8,1:16.7,40.1,1-1,7,494,-4
2026/04/30,門別,6,３歳以上　Ｃ４－２,1200,ダ,右,良,晴,13,3,3,アクアノート,牝,3,53.0,420,2,藤田駕,秋田大,107.6,9,1:17.5,40.7,2-4,10,420,2
2026/04/30,門別,6,３歳以上　Ｃ４－２,1200,ダ,右,良,晴,13,8,12,タイガーハート,牡,5,57.0,438,-6,若杉朝,櫻井拓,456.4,10,1:17.8,39.7,10-10,12,438,-6
2026/04/30,門別,6,３歳以上　Ｃ４－２,1200,ダ,右,良,晴,13,6,8,エンデューロ,牡,4,57.0,576,-2,井上俊,櫻井拓,245.6,11,1:18.4,40.1,11-10,11,576,-2
2026/04/30,門別,6,３歳以上　Ｃ４－２,1200,ダ,右,良,晴,13,7,10,バッハ,牡,3,57.0,490,26,黒澤愛,森山雄,40.2,12,1:18.4,39.5,13-13,8,490,26
2026/04/30,門別,6,３歳以上　Ｃ４－２,1200,ダ,右,良,晴,13,5,7,アースリンゴ,牝,6,54.0,470,6,阿岸潤,岡島玉,777.4,13,1:18.8,40.1,12-12,13,470,6
2026/04/30,門別,7,クンシラン特別Ｂ４－２～Ｃ３－１,1600,ダ,右,良,晴,11,5,5,クラウンアールシー,牡,4,57.0,482,14,黒澤愛,米川昇,5.9,1,1:43.5,40.3,1-1-1-1,4,482,14
2026/04/30,門別,7,クンシラン特別Ｂ４－２～Ｃ３－１,1600,ダ,右,良,晴,11,6,7,タイセイスライブ,牡,3,57.0,506,13,岩橋勇,田中淳,4.2,2,1:44.4,40.7,2-2-2-2,2,506,13
2026/04/30,門別,7,クンシラン特別Ｂ４－２～Ｃ３－１,1600,ダ,右,良,晴,11,3,3,エイイチ,牡,4,57.0,496,-2,服部茂,田中淳,1.9,3,1:44.4,40.1,5-4-3-3,1,496,-2
2026/04/30,門別,7,クンシラン特別Ｂ４－２～Ｃ３－１,1600,ダ,右,良,晴,11,6,6,クラウォー,牡,8,57.0,560,-18,宮内勇,松本隆,60.5,4,1:44.4,39.7,7-7-5-3,8,560,-18
2026/04/30,門別,7,クンシラン特別Ｂ４－２～Ｃ３－１,1600,ダ,右,良,晴,11,4,4,ジャスマン,牡,4,57.0,500,-10,山本聡,角川秀,18.4,5,1:44.8,39.4,10-10-10-7,5,500,-10
2026/04/30,門別,7,クンシラン特別Ｂ４－２～Ｃ３－１,1600,ダ,右,良,晴,11,1,1,アルマブレイド,牡,8,54.0,514,-2,小川悠,松本隆,87.8,6,1:45.1,40.6,4-4-3-5,9,514,-2
2026/04/30,門別,7,クンシラン特別Ｂ４－２～Ｃ３－１,1600,ダ,右,良,晴,11,8,10,パルヴェニュー,牡,4,57.0,440,-8,井上俊,櫻井拓,54.0,7,1:45.3,40.3,7-7-8-7,7,440,-8
2026/04/30,門別,7,クンシラン特別Ｂ４－２～Ｃ３－１,1600,ダ,右,良,晴,11,7,9,エアプレイ,牡,4,57.0,454,-12,石川倭,米川昇,5.0,8,1:45.4,40.7,5-6-5-5,3,454,-12
2026/04/30,門別,7,クンシラン特別Ｂ４－２～Ｃ３－１,1600,ダ,右,良,晴,11,7,8,シロカーク,牡,4,56.0,476,-2,阿岸潤,櫻井拓,114.3,9,1:47.7,42.9,9-9-8-10,10,476,-2
2026/04/30,門別,7,クンシラン特別Ｂ４－２～Ｃ３－１,1600,ダ,右,良,晴,11,8,11,グラストップロード,牡,5,57.0,546,2,桑村真,角川秀,25.3,10,1:48.8,44.2,3-3-5-7,6,546,2
2026/04/30,門別,7,クンシラン特別Ｂ４－２～Ｃ３－１,1600,ダ,右,良,晴,11,2,2,リュウノマジシャン,牡,4,54.0,0,0,渡邊準,川島雅,,,,,,,0,0
2026/04/30,門別,8,アマリリス特別Ｃ３－２Ｃ４－１,1000,ダ,右,良,晴,8,8,8,ササキンメロディ,牝,3,55.0,434,-2,黒澤愛,小国博,4.0,1,1:01.8,38.0,2-3,2,434,-2
2026/04/30,門別,8,アマリリス特別Ｃ３－２Ｃ４－１,1000,ダ,右,良,晴,8,7,7,ルナエルフ,牝,6,55.0,484,-2,小野楓,小野望,5.7,2,1:02.1,37.8,4-4,4,484,-2
2026/04/30,門別,8,アマリリス特別Ｃ３－２Ｃ４－１,1000,ダ,右,良,晴,8,4,4,アイガイッパイ,牝,6,55.0,488,-8,宮内勇,川島洋,4.6,3,1:02.3,37.5,7-5,3,488,-8
2026/04/30,門別,8,アマリリス特別Ｃ３－２Ｃ４－１,1000,ダ,右,良,晴,8,6,6,ヤマノプリティー,牝,8,52.0,504,-6,小川悠,松本隆,5.7,4,1:02.6,38.8,2-1,5,504,-6
2026/04/30,門別,8,アマリリス特別Ｃ３－２Ｃ４－１,1000,ダ,右,良,晴,8,5,5,ニシノココ,牝,5,55.0,474,2,井上瑛,村上正,193.6,5,1:02.7,37.9,5-5,7,474,2
2026/04/30,門別,8,アマリリス特別Ｃ３－２Ｃ４－１,1000,ダ,右,良,晴,8,3,3,マリノシュライエン,牝,6,53.0,444,2,藤田駕,五十冬,128.6,6,1:03.1,37.5,8-8,6,444,2
2026/04/30,門別,8,アマリリス特別Ｃ３－２Ｃ４－１,1000,ダ,右,良,晴,8,1,1,ミソドレミ,牝,3,55.0,458,-16,阿部龍,角川秀,2.3,7,1:03.7,39.9,1-1,1,458,-16
2026/04/30,門別,8,アマリリス特別Ｃ３－２Ｃ４－１,1000,ダ,右,良,晴,8,2,2,ディアレストゥラヴ,牝,6,52.0,374,-6,小野俊,沼澤英,426.3,8,1:08.0,43.2,5-7,8,374,-6
2026/04/30,門別,9,グランシャリオドリーム６Ｃ３－２Ｃ４－１,1200,ダ,右,良,晴,13,5,7,タイセイシャルト,牡,3,57.0,490,2,桑村真,角川秀,1.9,1,1:15.7,38.8,2-2,1,490,2
2026/04/30,門別,9,グランシャリオドリーム６Ｃ３－２Ｃ４－１,1200,ダ,右,良,晴,13,8,12,タイセイルーマー,牝,4,55.0,476,0,岩橋勇,田中淳,5.1,2,1:15.9,38.6,7-5,2,476,0
2026/04/30,門別,9,グランシャリオドリーム６Ｃ３－２Ｃ４－１,1200,ダ,右,良,晴,13,2,2,クラウンジュエル,セ,0,54.0,518,-4,渡邊準,米川昇,30.3,3,1:16.2,39.0,4-5,7,518,-4
2026/04/30,門別,9,グランシャリオドリーム６Ｃ３－２Ｃ４－１,1200,ダ,右,良,晴,13,7,10,ユニコーンホエール,牡,4,57.0,472,2,阿部龍,五十冬,6.2,4,1:16.2,38.2,13-10,4,472,2
2026/04/30,門別,9,グランシャリオドリーム６Ｃ３－２Ｃ４－１,1200,ダ,右,良,晴,13,7,11,エリオットゲーム,牡,5,57.0,502,4,石川慎,齊藤正,5.9,5,1:16.2,38.5,10-7,3,502,4
2026/04/30,門別,9,グランシャリオドリーム６Ｃ３－２Ｃ４－１,1200,ダ,右,良,晴,13,6,9,ゼファーバローズ,牡,6,57.0,486,4,山本聡,桧森邦,139.7,6,1:16.5,39.4,4-4,12,486,4
2026/04/30,門別,9,グランシャリオドリーム６Ｃ３－２Ｃ４－１,1200,ダ,右,良,晴,13,4,4,ヤマニントゥルシー,牡,5,55.0,512,0,藤田駕,小野望,22.4,7,1:16.5,39.6,2-2,6,512,0
2026/04/30,門別,9,グランシャリオドリーム６Ｃ３－２Ｃ４－１,1200,ダ,右,良,晴,13,8,13,ピエールテネシー,牝,5,55.0,470,-2,小野楓,廣森久,17.8,8,1:16.6,38.8,10-10,5,470,-2
2026/04/30,門別,9,グランシャリオドリーム６Ｃ３－２Ｃ４－１,1200,ダ,右,良,晴,13,6,8,サユリバナ,牝,5,52.0,522,-10,小野俊,小国博,55.1,9,1:16.7,39.1,7-10,8,522,-10
2026/04/30,門別,9,グランシャリオドリーム６Ｃ３－２Ｃ４－１,1200,ダ,右,良,晴,13,3,3,サクラソーレ,セ,0,57.0,488,4,井上瑛,五十冬,85.3,10,1:16.8,39.3,7-7,11,488,4
2026/04/30,門別,9,グランシャリオドリーム６Ｃ３－２Ｃ４－１,1200,ダ,右,良,晴,13,1,1,スズロビンソン,牡,8,57.0,484,-2,井上俊,櫻井拓,55.2,11,1:16.8,39.5,6-7,9,484,-2
2026/04/30,門別,9,グランシャリオドリーム６Ｃ３－２Ｃ４－１,1200,ダ,右,良,晴,13,4,5,ヤルキゲンキユウキ,牝,5,55.0,414,2,宮内勇,川島洋,174.8,12,1:16.9,40.3,1-1,13,414,2
2026/04/30,門別,9,グランシャリオドリーム６Ｃ３－２Ｃ４－１,1200,ダ,右,良,晴,13,5,6,ドクターストップ,牝,4,54.0,458,-6,阿岸潤,松本隆,70.0,13,1:17.2,39.4,10-10,10,458,-6
2026/04/30,門別,10,乾杯をもっとおいしく特別Ｂ３～Ｃ１－１,1200,ダ,右,良,晴,14,6,9,デュアルキャリアー,牡,10,55.0,578,-6,藤田駕,桧森邦,11.3,1,1:14.4,38.6,1-1,3,578,-6
2026/04/30,門別,10,乾杯をもっとおいしく特別Ｂ３～Ｃ１－１,1200,ダ,右,良,晴,14,6,10,ヤマニンパッセ,牝,4,56.0,514,-4,宮内勇,川島洋,1.3,2,1:14.5,38.5,2-1,1,514,-4
2026/04/30,門別,10,乾杯をもっとおいしく特別Ｂ３～Ｃ１－１,1200,ダ,右,良,晴,14,8,14,トレヴェナ,牝,4,55.0,454,-8,桑村真,角川秀,13.4,3,1:14.6,37.2,5-4,4,454,-8
2026/04/30,門別,10,乾杯をもっとおいしく特別Ｂ３～Ｃ１－１,1200,ダ,右,良,晴,14,2,2,カミハマッテイル,牡,3,57.0,504,-2,岩橋勇,田中淳,6.6,4,1:14.8,37.6,4-4,2,504,-2
2026/04/30,門別,10,乾杯をもっとおいしく特別Ｂ３～Ｃ１－１,1200,ダ,右,良,晴,14,4,6,ウィンストラテジー,牡,6,57.0,588,-4,石川倭,米川昇,19.8,5,1:15.0,36.5,9-9,5,588,-4
2026/04/30,門別,10,乾杯をもっとおいしく特別Ｂ３～Ｃ１－１,1200,ダ,右,良,晴,14,7,11,スマイルシエラ,牡,4,57.0,488,36,服部茂,田中淳,38.4,6,1:15.1,37.4,7-7,7,488,36
2026/04/30,門別,10,乾杯をもっとおいしく特別Ｂ３～Ｃ１－１,1200,ダ,右,良,晴,14,7,12,ラストボーン,セ,0,56.0,484,-4,阿岸潤,松本隆,21.8,7,1:15.1,38.9,3-3,6,484,-4
2026/04/30,門別,10,乾杯をもっとおいしく特別Ｂ３～Ｃ１－１,1200,ダ,右,良,晴,14,1,1,ズンガリプテルス,牡,6,57.0,522,-2,落合玄,小国博,39.2,8,1:15.6,37.1,9-9,8,522,-2
2026/04/30,門別,10,乾杯をもっとおいしく特別Ｂ３～Ｃ１－１,1200,ダ,右,良,晴,14,5,8,アドルナティック,牡,4,57.0,458,-2,井上俊,村上正,291.7,9,1:15.8,37.8,8-8,13,458,-2
2026/04/30,門別,10,乾杯をもっとおいしく特別Ｂ３～Ｃ１－１,1200,ダ,右,良,晴,14,4,5,ジャスパーシャイン,牡,9,57.0,510,-6,阿部龍,佐久雅,63.5,10,1:16.2,36.9,13-12,10,510,-6
2026/04/30,門別,10,乾杯をもっとおいしく特別Ｂ３～Ｃ１－１,1200,ダ,右,良,晴,14,5,7,マノレア,牝,6,55.0,476,2,井上瑛,川島雅,43.9,11,1:16.3,37.8,9-9,9,476,2
2026/04/30,門別,10,乾杯をもっとおいしく特別Ｂ３～Ｃ１－１,1200,ダ,右,良,晴,14,3,4,クリイロ,牝,6,55.0,420,-2,黒澤愛,森山雄,255.3,12,1:16.5,38.9,6-6,12,420,-2
2026/04/30,門別,10,乾杯をもっとおいしく特別Ｂ３～Ｃ１－１,1200,ダ,右,良,晴,14,8,13,ルクスシュナイダー,牡,6,57.0,498,-28,小野楓,桧森邦,105.4,13,1:16.8,37.5,13-12,11,498,-28
2026/04/30,門別,10,乾杯をもっとおいしく特別Ｂ３～Ｃ１－１,1200,ダ,右,良,晴,14,3,3,ブラックアピス,牡,8,54.0,524,4,渡邊準,石本孝,371.3,14,1:16.8,37.5,12-14,14,524,4
2026/04/30,門別,11,北斗盃３歳オープン,1600,ダ,右,良,晴,12,4,4,ゴッドバロック,牡,3,57.0,478,11,阿部龍,角川秀,1.4,1,1:43.8,40.6,3-3-2-1,1,478,11
2026/04/30,門別,11,北斗盃３歳オープン,1600,ダ,右,良,晴,12,7,10,ベラジオエンペラー,牡,3,57.0,480,4,落合玄,田中淳,16.6,2,1:44.1,39.9,8-8-8-8,4,480,4
2026/04/30,門別,11,北斗盃３歳オープン,1600,ダ,右,良,晴,12,8,12,ガンタン,牡,3,57.0,492,2,山本聡,桧森邦,48.7,3,1:44.3,40.2,7-7-8-5,8,492,2
2026/04/30,門別,11,北斗盃３歳オープン,1600,ダ,右,良,晴,12,5,6,ニジコ,牝,3,55.0,466,8,服部茂,米川昇,28.3,4,1:44.7,41.0,5-4-5-3,6,466,8
2026/04/30,門別,11,北斗盃３歳オープン,1600,ダ,右,良,晴,12,2,2,マナアリイ,牡,3,57.0,504,8,石川倭,米川昇,17.7,5,1:44.9,41.0,5-6-7-5,5,504,8
2026/04/30,門別,11,北斗盃３歳オープン,1600,ダ,右,良,晴,12,6,7,サヨナキドリ,牡,3,57.0,494,10,小野楓,田中淳,10.1,6,1:45.1,42.1,1-1-1-2,3,494,10
2026/04/30,門別,11,北斗盃３歳オープン,1600,ダ,右,良,晴,12,8,11,マロンソレイユ,牡,3,57.0,458,-2,桑村真,角川秀,4.2,7,1:45.3,41.6,9-8-5-3,2,458,-2
2026/04/30,門別,11,北斗盃３歳オープン,1600,ダ,右,良,晴,12,3,3,ニューアライブ,牡,3,57.0,466,0,石川慎,齊藤正,67.9,8,1:45.8,41.4,11-11-10-10,9,466,0
2026/04/30,門別,11,北斗盃３歳オープン,1600,ダ,右,良,晴,12,6,8,ベルケム,牡,3,57.0,438,-2,井上俊,佐々国,645.0,9,1:45.9,41.5,9-10-10-11,11,438,-2
2026/04/30,門別,11,北斗盃３歳オープン,1600,ダ,右,良,晴,12,7,9,アオノセカイ,牡,3,57.0,498,7,岩橋勇,村上正,181.8,10,1:46.8,43.7,2-2-2-5,10,498,7
2026/04/30,門別,11,北斗盃３歳オープン,1600,ダ,右,良,晴,12,5,5,トーアサジタリウス,牡,3,57.0,456,-6,宮内勇,佐々国,29.2,11,1:46.9,43.4,4-4-4-8,7,456,-6
2026/04/30,門別,11,北斗盃３歳オープン,1600,ダ,右,良,晴,12,1,1,ナイトスパイア,牡,3,57.0,458,6,井上瑛,柳澤好,655.9,12,1:47.1,42.1,12-12-12-12,12,458,6
2026/05/05,門別,1,３歳条件　未勝利,1000,ダ,右,稍重,晴,12,2,2,スティールアンバー,牡,3,57.0,500,20,桑村真,角川秀,1.6,1,1:02.9,38.3,1-1,1,500,20
2026/05/05,門別,1,３歳条件　未勝利,1000,ダ,右,稍重,晴,12,6,7,クロームボーイ,牡,3,57.0,434,0,岩橋勇,千葉津,16.1,2,1:03.2,38.4,2-1,3,434,0
2026/05/05,門別,1,３歳条件　未勝利,1000,ダ,右,稍重,晴,12,7,9,ベルバロン,牡,3,54.0,458,-14,小野俊,田中淳,2.0,3,1:03.6,37.6,12-10,2,458,-14
2026/05/05,門別,1,３歳条件　未勝利,1000,ダ,右,稍重,晴,12,5,6,ハチキン,牝,3,55.0,430,-10,阿部龍,角川秀,31.6,4,1:04.0,38.9,3-3,5,430,-10
2026/05/05,門別,1,３歳条件　未勝利,1000,ダ,右,稍重,晴,12,1,1,フジノアルファ,牡,3,54.0,460,-6,渡邊準,米川昇,129.2,5,1:04.3,39.1,3-4,7,460,-6
2026/05/05,門別,1,３歳条件　未勝利,1000,ダ,右,稍重,晴,12,7,10,クワイエットゼロ,牝,3,53.0,402,6,藤田駕,五十冬,22.4,6,1:04.7,39.4,5-5,4,402,6
2026/05/05,門別,1,３歳条件　未勝利,1000,ダ,右,稍重,晴,12,4,4,トモニミルホープ,牝,3,55.0,440,-8,坂下秀,沼澤英,320.9,7,1:05.3,39.5,8-6,12,440,-8
2026/05/05,門別,1,３歳条件　未勝利,1000,ダ,右,稍重,晴,12,3,3,フークストロンガー,牡,3,57.0,518,-12,井上俊,佐々国,131.6,8,1:05.4,39.8,5-6,8,518,-12
2026/05/05,門別,1,３歳条件　未勝利,1000,ダ,右,稍重,晴,12,8,11,ライズタワー,牝,3,55.0,470,0,若杉朝,櫻井拓,264.2,9,1:05.5,40.0,5-6,10,470,0
2026/05/05,門別,1,３歳条件　未勝利,1000,ダ,右,稍重,晴,12,5,5,ピノグリージョ,牝,3,55.0,396,-4,小野楓,小野望,105.7,10,1:05.5,39.7,8-10,6,396,-4
2026/05/05,門別,1,３歳条件　未勝利,1000,ダ,右,稍重,晴,12,6,8,アルカナベル,牝,3,52.0,458,0,小川悠,佐久雅,212.6,11,1:05.7,39.9,8-12,9,458,0
2026/05/05,門別,1,３歳条件　未勝利,1000,ダ,右,稍重,晴,12,8,12,ジュビアデオロ,牝,3,55.0,408,-2,黒澤愛,森山雄,318.0,12,1:05.7,40.1,8-6,11,408,-2
2026/05/05,門別,2,３歳条件　未勝利,1200,ダ,右,稍重,晴,10,1,1,スキャボロフェアー,牡,3,57.0,0,0,宮内勇,川島洋,6.8,1,1:15.7,38.0,2-2,2,0,0
2026/05/05,門別,2,３歳条件　未勝利,1200,ダ,右,稍重,晴,10,5,5,ウォーキャット,牝,3,55.0,452,-10,桑村真,角川秀,1.5,2,1:16.9,39.4,1-1,1,452,-10
2026/05/05,門別,2,３歳条件　未勝利,1200,ダ,右,稍重,晴,10,6,6,ポポロン,牝,3,55.0,410,-10,石川倭,小国博,8.9,3,1:17.1,39.4,2-2,3,410,-10
2026/05/05,門別,2,３歳条件　未勝利,1200,ダ,右,稍重,晴,10,8,10,スウィンドル,牡,3,54.0,416,-2,小川悠,秋田大,47.7,4,1:17.6,39.9,2-4,7,416,-2
2026/05/05,門別,2,３歳条件　未勝利,1200,ダ,右,稍重,晴,10,2,2,グラティアエ,牝,3,55.0,440,-5,井上瑛,田中淳,8.9,5,1:17.9,39.4,5-5,4,440,-5
2026/05/05,門別,2,３歳条件　未勝利,1200,ダ,右,稍重,晴,10,7,7,ピエールエンジェル,牝,3,53.0,472,-2,藤田駕,廣森久,67.6,6,1:18.1,39.2,7-6,8,472,-2
2026/05/05,門別,2,３歳条件　未勝利,1200,ダ,右,稍重,晴,10,8,9,ブールヴァルディエ,セ,0,57.0,450,10,小野楓,桧森邦,9.7,7,1:18.1,39.4,6-7,5,450,10
2026/05/05,門別,2,３歳条件　未勝利,1200,ダ,右,稍重,晴,10,7,8,モーモーインディゴ,牡,3,57.0,414,-2,服部茂,佐藤英,110.9,8,1:18.6,38.7,9-9,9,414,-2
2026/05/05,門別,2,３歳条件　未勝利,1200,ダ,右,稍重,晴,10,3,3,ビリーヴザウエスト,牡,3,57.0,454,-8,阿部龍,角川秀,11.8,9,1:18.7,38.5,10-10,6,454,-8
2026/05/05,門別,2,３歳条件　未勝利,1200,ダ,右,稍重,晴,10,4,4,チャーミングボーイ,牡,3,54.0,516,0,小野俊,佐久雅,116.5,10,1:18.8,39.9,7-7,10,516,0
2026/05/05,門別,3,３歳以上　Ｃ４－２,1800,ダ,右,稍重,曇,9,5,5,レーザーベルン,牡,3,57.0,516,4,石川倭,小国博,2.9,1,2:00.5,38.8,1-1-1-1,2,516,4
2026/05/05,門別,3,３歳以上　Ｃ４－２,1800,ダ,右,稍重,曇,9,1,1,アルバソーレ,牡,3,57.0,476,-6,桑村真,角川秀,1.7,2,2:00.5,38.2,4-4-4-4,1,476,-6
2026/05/05,門別,3,３歳以上　Ｃ４－２,1800,ダ,右,稍重,曇,9,7,7,フックセンチョウ,牡,3,57.0,448,-4,黒澤愛,森山雄,15.1,3,2:02.7,40.0,8-8-6-6,5,448,-4
2026/05/05,門別,3,３歳以上　Ｃ４－２,1800,ダ,右,稍重,曇,9,8,8,ホウオウプラージュ,牝,6,55.0,486,6,阿部龍,柳澤好,34.9,4,2:02.9,39.8,9-9-9-9,6,486,6
2026/05/05,門別,3,３歳以上　Ｃ４－２,1800,ダ,右,稍重,曇,9,6,6,ベラジオケンシロウ,牡,5,57.0,510,2,岩橋勇,秋田大,37.0,5,2:02.9,41.1,2-2-2-2,7,510,2
2026/05/05,門別,3,３歳以上　Ｃ４－２,1800,ダ,右,稍重,曇,9,4,4,クールメゾン,牝,4,55.0,432,0,服部茂,田中淳,97.7,6,2:03.1,40.8,4-4-4-4,8,432,0
2026/05/05,門別,3,３歳以上　Ｃ４－２,1800,ダ,右,稍重,曇,9,3,3,ユーキャンフライ,牝,3,52.0,458,12,渡邊準,田中淳,9.0,7,2:03.5,41.7,2-2-2-2,3,458,12
2026/05/05,門別,3,３歳以上　Ｃ４－２,1800,ダ,右,稍重,曇,9,2,2,アルマロベイラ,牝,8,55.0,500,4,井上俊,櫻井拓,109.3,8,2:04.0,41.4,6-6-6-6,9,500,4
2026/05/05,門別,3,３歳以上　Ｃ４－２,1800,ダ,右,稍重,曇,9,8,9,ラブレガル,セ,0,57.0,404,2,井上瑛,齊藤正,11.1,9,2:04.5,41.9,7-7-6-8,4,404,2
2026/05/05,門別,4,３歳以上　Ｃ４－２,1700,ダ,右,稍重,曇,10,1,1,メイショウハリソン,牡,4,57.0,486,16,服部茂,田中淳,2.4,1,1:53.0,39.4,1-1-1-1,2,486,16
2026/05/05,門別,4,３歳以上　Ｃ４－２,1700,ダ,右,稍重,曇,10,2,2,ムーンレインボー,牝,3,55.0,444,-4,宮内勇,桧森邦,10.1,2,1:53.5,39.8,2-2-1-1,4,444,-4
2026/05/05,門別,4,３歳以上　Ｃ４－２,1700,ダ,右,稍重,曇,10,8,10,ウィルミスチヴァス,牡,3,57.0,476,-4,石川倭,小国博,1.9,3,1:53.6,39.7,4-4-3-3,1,476,-4
2026/05/05,門別,4,３歳以上　Ｃ４－２,1700,ダ,右,稍重,曇,10,7,7,アクアトレジャー,牡,3,57.0,476,10,岩橋勇,松本隆,8.7,4,1:54.2,40.0,2-2-4-4,3,476,10
2026/05/05,門別,4,３歳以上　Ｃ４－２,1700,ダ,右,稍重,曇,10,6,6,イチリュウオー,牡,5,57.0,474,4,小野楓,齊藤正,24.7,5,1:54.2,39.5,7-6-6-6,5,474,4
2026/05/05,門別,4,３歳以上　Ｃ４－２,1700,ダ,右,稍重,曇,10,5,5,キタサンスーザン,牝,3,53.0,384,0,藤田駕,五十冬,27.4,6,1:54.6,39.9,6-6-6-6,6,384,0
2026/05/05,門別,4,３歳以上　Ｃ４－２,1700,ダ,右,稍重,曇,10,7,8,ミサトベレーザ,牝,5,55.0,444,0,井上瑛,黒川智,232.6,7,1:54.9,39.9,9-9-8-8,9,444,0
2026/05/05,門別,4,３歳以上　Ｃ４－２,1700,ダ,右,稍重,曇,10,4,4,ツキヨザクラ,牝,4,55.0,452,6,黒澤愛,森山雄,49.5,8,1:55.1,39.7,9-9-9-9,7,452,6
2026/05/05,門別,4,３歳以上　Ｃ４－２,1700,ダ,右,稍重,曇,10,3,3,トーケンナナ,牝,4,52.0,468,6,小野俊,佐々国,142.4,9,1:55.3,41.1,4-4-4-4,8,468,6
2026/05/05,門別,4,３歳以上　Ｃ４－２,1700,ダ,右,稍重,曇,10,8,9,エイシンキャノピー,牝,4,52.0,444,-2,小川悠,秋田大,328.2,10,1:59.1,43.7,7-8-10-10,10,444,-2
2026/05/05,門別,5,Ｊ認 アタックチャレンジ２歳未勝利,1000,ダ,右,稍重,曇,12,7,9,ツリーオブライフ,牝,2,55.0,482,-4,桑村真,角川秀,1.2,1,1:01.1,37.3,1-1,1,482,-4
2026/05/05,門別,5,Ｊ認 アタックチャレンジ２歳未勝利,1000,ダ,右,稍重,曇,12,5,6,ハクアイレーヴ,牝,2,54.0,446,-4,阿岸潤,五十冬,21.7,2,1:02.8,39.0,1-1,4,446,-4
2026/05/05,門別,5,Ｊ認 アタックチャレンジ２歳未勝利,1000,ダ,右,稍重,曇,12,6,7,クライングコール,牡,2,52.0,508,-4,小野俊,田中淳,4.2,3,1:03.1,39.1,3-3,2,508,-4
2026/05/05,門別,5,Ｊ認 アタックチャレンジ２歳未勝利,1000,ダ,右,稍重,曇,12,7,10,オリザノヴァ,牡,2,55.0,462,-6,小野楓,小野望,13.0,4,1:03.5,39.0,4-5,3,462,-6
2026/05/05,門別,5,Ｊ認 アタックチャレンジ２歳未勝利,1000,ダ,右,稍重,曇,12,1,1,サツキクオンタム,牝,2,55.0,462,4,宮内勇,桧森邦,32.0,5,1:03.7,39.3,4-3,6,462,4
2026/05/05,門別,5,Ｊ認 アタックチャレンジ２歳未勝利,1000,ダ,右,稍重,曇,12,5,5,リュウワンニーケー,牝,2,55.0,398,-2,石川倭,米川昇,55.5,6,1:03.9,39.1,7-6,7,398,-2
2026/05/05,門別,5,Ｊ認 アタックチャレンジ２歳未勝利,1000,ダ,右,稍重,曇,12,3,3,ダバイストリーム,牝,2,55.0,446,-2,服部茂,齊藤正,23.5,7,1:04.3,39.5,7-8,5,446,-2
2026/05/05,門別,5,Ｊ認 アタックチャレンジ２歳未勝利,1000,ダ,右,稍重,曇,12,8,11,リトルプレーヤー,牝,2,55.0,380,-10,阿部龍,佐久雅,184.8,8,1:04.7,39.3,10-10,10,380,-10
2026/05/05,門別,5,Ｊ認 アタックチャレンジ２歳未勝利,1000,ダ,右,稍重,曇,12,6,8,キミトヒカレ,牝,2,53.0,416,2,藤田駕,佐々国,246.4,9,1:05.1,38.9,11-11,11,416,2
2026/05/05,門別,5,Ｊ認 アタックチャレンジ２歳未勝利,1000,ダ,右,稍重,曇,12,8,12,ユウユウラプレイス,牝,2,55.0,436,2,坂下秀,秋田大,251.7,10,1:05.6,40.8,7-6,12,436,2
2026/05/05,門別,5,Ｊ認 アタックチャレンジ２歳未勝利,1000,ダ,右,稍重,曇,12,2,2,フクジョウン,牡,2,55.0,480,-8,井上瑛,小国博,149.1,11,1:05.7,40.9,6-9,8,480,-8
2026/05/05,門別,5,Ｊ認 アタックチャレンジ２歳未勝利,1000,ダ,右,稍重,曇,12,4,4,ノーモアウォー,牝,2,55.0,398,-6,黒澤愛,佐々国,152.3,12,1:05.8,39.3,12-12,9,398,-6
2026/05/05,門別,6,Ｊ認 フレッシュチャレンジ２歳新馬,1100,ダ,右,稍重,晴,8,5,5,アペリティーヴォ,牡,2,55.0,0,0,岩橋勇,田中淳,1.2,1,1:08.5,38.6,1-1,1,0,0
2026/05/05,門別,6,Ｊ認 フレッシュチャレンジ２歳新馬,1100,ダ,右,稍重,晴,8,8,8,スターオブヴェイズ,牡,2,55.0,0,0,石川倭,米川昇,9.8,2,1:09.4,38.4,6-4,3,0,0
2026/05/05,門別,6,Ｊ認 フレッシュチャレンジ２歳新馬,1100,ダ,右,稍重,晴,8,6,6,ウィルアイガー,牡,2,55.0,0,0,井上瑛,小国博,30.7,3,1:09.6,39.2,2-1,6,0,0
2026/05/05,門別,6,Ｊ認 フレッシュチャレンジ２歳新馬,1100,ダ,右,稍重,晴,8,1,1,ブラックタイクーン,牡,2,55.0,0,0,小野楓,佐々国,5.5,4,1:10.1,39.5,3-3,2,0,0
2026/05/05,門別,6,Ｊ認 フレッシュチャレンジ２歳新馬,1100,ダ,右,稍重,晴,8,3,3,ダンストンルーク,牝,2,53.0,0,0,藤田駕,齊藤正,28.2,5,1:11.8,41.2,3-4,5,0,0
2026/05/05,門別,6,Ｊ認 フレッシュチャレンジ２歳新馬,1100,ダ,右,稍重,晴,8,4,4,ミッションフェロー,牡,2,55.0,0,0,桑村真,村上正,12.7,6,1:12.7,41.9,5-6,4,0,0
2026/05/05,門別,6,Ｊ認 フレッシュチャレンジ２歳新馬,1100,ダ,右,稍重,晴,8,2,2,リュウノパイレーツ,牡,2,55.0,0,0,阿部龍,五十冬,,,,,,,0,0
2026/05/05,門別,6,Ｊ認 フレッシュチャレンジ２歳新馬,1100,ダ,右,稍重,晴,8,7,7,ファイトレーヴ,牡,2,55.0,0,0,服部茂,田中淳,,,,,,,0,0
2026/05/05,門別,7,３歳以上　Ｃ４－２,1000,ダ,右,稍重,晴,12,8,11,オガル,牡,3,57.0,508,0,桑村真,桧森邦,1.2,1,1:02.1,37.6,3-3,1,508,0
2026/05/05,門別,7,３歳以上　Ｃ４－２,1000,ダ,右,稍重,晴,12,7,10,シナモンデイジー,牝,5,55.0,502,2,宮内勇,川島洋,34.2,2,1:02.1,37.8,1-1,7,502,2
2026/05/05,門別,7,３歳以上　Ｃ４－２,1000,ダ,右,稍重,晴,12,6,7,サクラカレント,牝,8,52.0,524,2,小野俊,佐々国,16.5,3,1:02.5,37.9,5-5,5,524,2
2026/05/05,門別,7,３歳以上　Ｃ４－２,1000,ダ,右,稍重,晴,12,5,6,バイアーナ,牝,4,55.0,508,-12,石川倭,佐久雅,6.1,4,1:02.6,38.4,1-1,2,508,-12
2026/05/05,門別,7,３歳以上　Ｃ４－２,1000,ダ,右,稍重,晴,12,8,12,サンゼントカガヤク,牝,4,55.0,430,6,岩橋勇,田中淳,14.1,5,1:02.8,38.2,5-5,3,430,6
2026/05/05,門別,7,３歳以上　Ｃ４－２,1000,ダ,右,稍重,晴,12,5,5,オセロ,牡,4,55.0,460,2,藤田駕,小野望,91.1,6,1:03.2,38.4,7-7,8,460,2
2026/05/05,門別,7,３歳以上　Ｃ４－２,1000,ダ,右,稍重,晴,12,4,4,シルバーコムコム,牝,4,55.0,452,0,服部茂,齊藤正,147.2,7,1:03.4,38.9,3-3,11,452,0
2026/05/05,門別,7,３歳以上　Ｃ４－２,1000,ダ,右,稍重,晴,12,6,8,マルティネーテ,牝,6,55.0,504,-6,小野楓,齊藤正,20.4,8,1:03.4,38.6,7-10,6,504,-6
2026/05/05,門別,7,３歳以上　Ｃ４－２,1000,ダ,右,稍重,晴,12,3,3,ウインウェイウェイ,牝,5,52.0,426,-12,渡邊準,佐々国,117.1,9,1:03.7,38.3,10-10,9,426,-12
2026/05/05,門別,7,３歳以上　Ｃ４－２,1000,ダ,右,稍重,晴,12,2,2,ゴールデンアイル,牝,5,54.0,430,-12,阿岸潤,黒川智,210.2,10,1:04.2,39.0,10-7,12,430,-12
2026/05/05,門別,7,３歳以上　Ｃ４－２,1000,ダ,右,稍重,晴,12,1,1,アーミールック,牝,4,55.0,474,8,黒澤愛,柳澤好,127.4,11,1:04.4,38.2,12-12,10,474,8
2026/05/05,門別,7,３歳以上　Ｃ４－２,1000,ダ,右,稍重,晴,12,7,9,フクノハリファ,牝,3,55.0,462,10,井上瑛,五十冬,14.7,12,1:04.5,39.7,7-9,4,462,10
2026/05/05,門別,8,シャクヤク特別Ａ１～Ｂ１,1700,ダ,右,稍重,晴,7,6,6,シルトプレ,牡,7,57.0,484,6,石川倭,米川昇,1.8,1,1:49.2,38.7,5-6-6-2,1,484,6
2026/05/05,門別,8,シャクヤク特別Ａ１～Ｂ１,1700,ダ,右,稍重,晴,7,3,3,ブレイブアモーレ,牡,6,55.0,502,2,藤田駕,佐々国,49.6,2,1:49.9,39.4,5-4-4-2,7,502,2
2026/05/05,門別,8,シャクヤク特別Ａ１～Ｂ１,1700,ダ,右,稍重,晴,7,4,4,スティールドリーム,牡,5,55.0,476,-2,阿部龍,角川秀,2.0,3,1:50.1,39.6,4-4-4-5,2,476,-2
2026/05/05,門別,8,シャクヤク特別Ａ１～Ｂ１,1700,ダ,右,稍重,晴,7,5,5,クルードラゴン,セ,0,56.0,454,-2,宮内勇,松本隆,44.5,4,1:50.5,39.6,7-7-7-7,6,454,-2
2026/05/05,門別,8,シャクヤク特別Ａ１～Ｂ１,1700,ダ,右,稍重,晴,7,7,7,ディーエスエール,牡,6,55.0,536,-4,岩橋勇,松本隆,7.9,5,1:50.8,42.2,1-1-1-1,3,536,-4
2026/05/05,門別,8,シャクヤク特別Ａ１～Ｂ１,1700,ダ,右,稍重,晴,7,1,1,ダグフォース,セ,0,55.0,476,-2,桑村真,五十冬,40.8,6,1:51.1,41.5,1-2-2-2,5,476,-2
2026/05/05,門別,8,シャクヤク特別Ａ１～Ｂ１,1700,ダ,右,稍重,晴,7,2,2,オメガレインボー,牡,10,57.0,486,-4,小野楓,小野望,33.2,7,1:51.6,41.2,3-3-3-5,4,486,-4
2026/05/05,門別,9,キショウブ特別Ｃ４－３,1000,ダ,右,稍重,晴,12,7,10,フィンガルスケーブ,牝,3,55.0,448,2,小野楓,小野望,6.2,1,1:02.1,37.8,1-1,4,448,2
2026/05/05,門別,9,キショウブ特別Ｃ４－３,1000,ダ,右,稍重,晴,12,4,4,サクセスビービー,牡,3,57.0,454,0,井上瑛,五十冬,2.0,2,1:02.1,37.3,3-3,1,454,0
2026/05/05,門別,9,キショウブ特別Ｃ４－３,1000,ダ,右,稍重,晴,12,6,7,オオイシアジサイ,牡,3,57.0,530,-6,桑村真,村上正,3.7,3,1:02.6,37.1,5-5,2,530,-6
2026/05/05,門別,9,キショウブ特別Ｃ４－３,1000,ダ,右,稍重,晴,12,7,9,コンチムサシ,牡,3,57.0,496,8,宮内勇,桧森邦,186.6,4,1:03.2,37.7,5-5,9,496,8
2026/05/05,門別,9,キショウブ特別Ｃ４－３,1000,ダ,右,稍重,晴,12,6,8,サンヨウコイノボリ,牝,3,55.0,408,0,岩橋勇,山田和,20.7,5,1:03.2,38.2,3-4,5,408,0
2026/05/05,門別,9,キショウブ特別Ｃ４－３,1000,ダ,右,稍重,晴,12,8,12,グッドタイムアスク,牝,3,55.0,416,-2,阿部龍,角川秀,3.8,6,1:03.6,39.2,1-1,3,416,-2
2026/05/05,門別,9,キショウブ特別Ｃ４－３,1000,ダ,右,稍重,晴,12,5,6,クロノライデン,牡,3,57.0,476,4,服部茂,佐藤英,168.0,7,1:03.7,37.4,8-7,8,476,4
2026/05/05,門別,9,キショウブ特別Ｃ４－３,1000,ダ,右,稍重,晴,12,5,5,クイーンサイド,牝,6,53.0,502,4,藤田駕,秋田大,268.4,8,1:03.9,37.6,8-8,11,502,4
2026/05/05,門別,9,キショウブ特別Ｃ４－３,1000,ダ,右,稍重,晴,12,3,3,ジャスパーケイ,セ,0,54.0,524,-4,渡邊準,佐久雅,224.5,9,1:04.5,37.6,10-10,10,524,-4
2026/05/05,門別,9,キショウブ特別Ｃ４－３,1000,ダ,右,稍重,晴,12,1,1,ブルーポピー,牡,6,57.0,418,12,井上俊,佐藤英,527.5,10,1:04.7,38.6,7-9,12,418,12
2026/05/05,門別,9,キショウブ特別Ｃ４－３,1000,ダ,右,稍重,晴,12,8,11,アクティブテーラー,牝,7,54.0,472,-4,阿岸潤,岡島玉,158.6,11,1:04.8,37.9,10-10,7,472,-4
2026/05/05,門別,9,キショウブ特別Ｃ４－３,1000,ダ,右,稍重,晴,12,2,2,セルディヴィジョン,牡,4,57.0,488,19,黒澤愛,佐々国,101.0,12,1:06.3,39.0,12-12,6,488,19
2026/05/05,門別,10,グランシャリオドリーム７Ｃ４－３,1200,ダ,右,稍重,晴,14,7,12,キタサンモンドー,牡,4,57.0,502,24,宮内勇,桧森邦,4.8,1,1:15.4,39.3,1-1,3,502,24
2026/05/05,門別,10,グランシャリオドリーム７Ｃ４－３,1200,ダ,右,稍重,晴,14,4,6,エイキチ,牡,3,57.0,440,10,石川倭,齊藤正,2.3,2,1:16.4,39.4,6-3,1,440,10
2026/05/05,門別,10,グランシャリオドリーム７Ｃ４－３,1200,ダ,右,稍重,晴,14,5,7,シルバーライダー,牡,3,57.0,508,4,岩橋勇,小国博,5.5,3,1:16.5,40.1,3-2,4,508,4
2026/05/05,門別,10,グランシャリオドリーム７Ｃ４－３,1200,ダ,右,稍重,晴,14,7,11,フルボーグ,牡,4,57.0,544,-6,桑村真,角川秀,225.4,4,1:16.5,38.1,10-10,12,544,-6
2026/05/05,門別,10,グランシャリオドリーム７Ｃ４－３,1200,ダ,右,稍重,晴,14,8,14,キボウハホウショウ,牡,3,57.0,504,4,黒澤愛,佐々国,4.8,5,1:16.7,39.6,7-3,2,504,4
2026/05/05,門別,10,グランシャリオドリーム７Ｃ４－３,1200,ダ,右,稍重,晴,14,5,8,サクラストリーム,牡,6,57.0,568,-8,井上俊,村上正,29.0,6,1:16.7,39.3,9-8,6,568,-8
2026/05/05,門別,10,グランシャリオドリーム７Ｃ４－３,1200,ダ,右,稍重,晴,14,2,2,カインドオブユー,牡,5,57.0,524,6,井上瑛,桧森邦,7.2,7,1:16.9,40.2,5-6,5,524,6
2026/05/05,門別,10,グランシャリオドリーム７Ｃ４－３,1200,ダ,右,稍重,晴,14,3,4,アイリスト,牝,11,52.0,456,2,小野俊,佐藤英,196.1,8,1:17.0,38.3,12-11,10,456,2
2026/05/05,門別,10,グランシャリオドリーム７Ｃ４－３,1200,ダ,右,稍重,晴,14,4,5,ベニノジェネラル,牡,8,55.0,418,-6,藤田駕,黒川智,156.3,9,1:17.4,40.3,7-8,9,418,-6
2026/05/05,門別,10,グランシャリオドリーム７Ｃ４－３,1200,ダ,右,稍重,晴,14,6,9,アークメディナ,牝,3,55.0,452,0,小野楓,小野望,89.7,10,1:18.1,41.7,3-3,8,452,0
2026/05/05,門別,10,グランシャリオドリーム７Ｃ４－３,1200,ダ,右,稍重,晴,14,1,1,ダイメイハマダ,牡,4,56.0,480,-10,阿岸潤,岡島玉,255.7,11,1:18.6,40.1,10-12,13,480,-10
2026/05/05,門別,10,グランシャリオドリーム７Ｃ４－３,1200,ダ,右,稍重,晴,14,8,13,コユキチャン,牝,4,55.0,406,-8,若杉朝,森山雄,82.6,12,1:19.4,43.1,2-6,7,406,-8
2026/05/05,門別,10,グランシャリオドリーム７Ｃ４－３,1200,ダ,右,稍重,晴,14,6,10,アーススカーレット,牡,8,57.0,508,-4,坂下秀,岡島玉,207.4,13,1:19.9,40.6,13-13,11,508,-4
2026/05/05,門別,10,グランシャリオドリーム７Ｃ４－３,1200,ダ,右,稍重,晴,14,3,3,ハタノイチバンボシ,牡,6,54.0,436,-2,小川悠,佐藤英,355.5,14,1:20.1,40.0,14-14,14,436,-2
2026/05/05,門別,11,たきかわ菜の花まつり特別Ｃ４－２,1200,ダ,右,稍重,晴,14,7,11,シーザーキック,牡,5,57.0,496,-2,石川倭,米川昇,4.8,1,1:15.5,39.4,4-4,3,496,-2
2026/05/05,門別,11,たきかわ菜の花まつり特別Ｃ４－２,1200,ダ,右,稍重,晴,14,6,10,アヴェルス,牡,3,57.0,476,2,井上瑛,小国博,1.7,2,1:15.7,39.8,1-1,1,476,2
2026/05/05,門別,11,たきかわ菜の花まつり特別Ｃ４－２,1200,ダ,右,稍重,晴,14,3,4,ガイストゼーゲン,牡,3,57.0,514,-8,服部茂,川島洋,4.1,3,1:16.0,39.9,4-4,2,514,-8
2026/05/05,門別,11,たきかわ菜の花まつり特別Ｃ４－２,1200,ダ,右,稍重,晴,14,5,8,ショウミーザマネー,牝,6,55.0,530,0,井上俊,柳澤好,258.0,4,1:16.8,39.8,12-11,13,530,0
2026/05/05,門別,11,たきかわ菜の花まつり特別Ｃ４－２,1200,ダ,右,稍重,晴,14,2,2,コッチャン,セ,0,55.0,470,-4,藤田駕,小野望,41.1,5,1:16.8,40.9,1-1,7,470,-4
2026/05/05,門別,11,たきかわ菜の花まつり特別Ｃ４－２,1200,ダ,右,稍重,晴,14,3,3,ラカーリア,牝,3,55.0,482,-8,岩橋勇,廣森久,93.6,6,1:17.0,40.5,8-7,9,482,-8
2026/05/05,門別,11,たきかわ菜の花まつり特別Ｃ４－２,1200,ダ,右,稍重,晴,14,4,6,アクアノート,牝,3,52.0,412,-8,渡邊準,秋田大,100.3,7,1:17.0,41.1,1-1,10,412,-8
2026/05/05,門別,11,たきかわ菜の花まつり特別Ｃ４－２,1200,ダ,右,稍重,晴,14,8,14,ドレッドナイト,牡,4,54.0,478,-2,小川悠,桧森邦,27.8,8,1:17.2,40.9,7-8,6,478,-2
2026/05/05,門別,11,たきかわ菜の花まつり特別Ｃ４－２,1200,ダ,右,稍重,晴,14,4,5,イイデスカイハイ,牝,5,55.0,478,0,阿部龍,村上正,16.2,9,1:17.5,41.0,8-10,4,478,0
2026/05/05,門別,11,たきかわ菜の花まつり特別Ｃ４－２,1200,ダ,右,稍重,晴,14,8,13,マッキュラシオン,牡,3,56.0,496,-10,阿岸潤,松本隆,114.1,10,1:17.6,41.1,8-8,11,496,-10
2026/05/05,門別,11,たきかわ菜の花まつり特別Ｃ４－２,1200,ダ,右,稍重,晴,14,6,9,ホープフルソング,牝,4,55.0,448,6,宮内勇,千葉津,180.1,11,1:17.6,41.5,4-4,12,448,6
2026/05/05,門別,11,たきかわ菜の花まつり特別Ｃ４－２,1200,ダ,右,稍重,晴,14,1,1,ロザヴィータ,牝,3,55.0,394,12,黒澤愛,森山雄,46.8,12,1:18.1,40.1,13-13,8,394,12
2026/05/05,門別,11,たきかわ菜の花まつり特別Ｃ４－２,1200,ダ,右,稍重,晴,14,5,7,サンサブリミナル,牝,3,55.0,470,-6,小野楓,五十冬,27.7,13,1:18.2,41.5,11-11,5,470,-6
2026/05/05,門別,11,たきかわ菜の花まつり特別Ｃ４－２,1200,ダ,右,稍重,晴,14,7,12,ハルシャダ,牝,3,55.0,508,6,桑村真,齊藤正,328.4,14,1:18.7,40.7,13-13,14,508,6
2026/05/05,門別,12,門別なら４倍！ＳＰＡＴ４特別Ｂ１Ｂ２,1200,ダ,右,稍重,晴,7,3,3,ディオスメッセージ,牡,6,57.0,516,-4,石川倭,村上正,5.8,1,1:14.4,38.1,3-3,3,516,-4
2026/05/05,門別,12,門別なら４倍！ＳＰＡＴ４特別Ｂ１Ｂ２,1200,ダ,右,稍重,晴,7,7,7,ジョルジュ,牡,6,57.0,514,-4,岩橋勇,松本隆,11.1,2,1:14.4,38.3,1-1,4,514,-4
2026/05/05,門別,12,門別なら４倍！ＳＰＡＴ４特別Ｂ１Ｂ２,1200,ダ,右,稍重,晴,7,6,6,オカンモシャチョウ,牝,7,54.0,484,-10,桑村真,佐久雅,4.9,3,1:14.7,38.7,1-1,2,484,-10
2026/05/05,門別,12,門別なら４倍！ＳＰＡＴ４特別Ｂ１Ｂ２,1200,ダ,右,稍重,晴,7,5,5,モーニングショー,牡,7,57.0,526,-6,阿部龍,角川秀,1.3,4,1:14.8,38.4,4-3,1,526,-6
2026/05/05,門別,12,門別なら４倍！ＳＰＡＴ４特別Ｂ１Ｂ２,1200,ダ,右,稍重,晴,7,2,2,クラサーベル,牡,7,57.0,484,-2,宮内勇,佐久雅,110.1,5,1:14.8,37.7,6-5,7,484,-2
2026/05/05,門別,12,門別なら４倍！ＳＰＡＴ４特別Ｂ１Ｂ２,1200,ダ,右,稍重,晴,7,4,4,クレフェノー,セ,0,54.0,450,-8,小野俊,小国博,45.9,6,1:15.7,38.9,5-5,5,450,-8
2026/05/05,門別,12,門別なら４倍！ＳＰＡＴ４特別Ｂ１Ｂ２,1200,ダ,右,稍重,晴,7,1,1,レイホープ,牡,4,56.0,514,0,坂下秀,秋田大,73.5,7,1:16.5,38.8,7-7,6,514,0
2026/05/06,門別,1,３歳以上　Ｃ４－３,1000,ダ,右,稍重,晴,12,5,5,アークオブライフ,牝,3,55.0,464,4,小野楓,小野望,2.4,1,1:02.8,38.3,1-1,1,464,4
2026/05/06,門別,1,３歳以上　Ｃ４－３,1000,ダ,右,稍重,晴,12,6,8,フラワーステラ,牝,4,55.0,450,2,宮内勇,齊藤正,118.5,2,1:03.1,38.5,2-2,10,450,2
2026/05/06,門別,1,３歳以上　Ｃ４－３,1000,ダ,右,稍重,晴,12,3,3,ストーリータイム,牡,6,57.0,512,2,服部茂,千葉津,4.4,3,1:03.1,38.1,5-5,3,512,2
2026/05/06,門別,1,３歳以上　Ｃ４－３,1000,ダ,右,稍重,晴,12,8,12,ソールスローザ,牝,3,55.0,506,-2,井上瑛,五十冬,5.7,4,1:03.5,37.7,8-8,4,506,-2
2026/05/06,門別,1,３歳以上　Ｃ４－３,1000,ダ,右,稍重,晴,12,5,6,フレアリングバロン,牡,3,57.0,468,4,桑村真,村上正,3.7,5,1:03.5,38.5,5-3,2,468,4
2026/05/06,門別,1,３歳以上　Ｃ４－３,1000,ダ,右,稍重,晴,12,6,7,マジカルウィーク,牡,5,57.0,424,2,黒澤愛,佐藤英,86.3,6,1:03.6,38.1,7-7,8,424,2
2026/05/06,門別,1,３歳以上　Ｃ４－３,1000,ダ,右,稍重,晴,12,4,4,スグレタモノガイナ,牡,4,57.0,440,2,阿部龍,佐久雅,12.9,7,1:03.8,37.9,8-8,5,440,2
2026/05/06,門別,1,３歳以上　Ｃ４－３,1000,ダ,右,稍重,晴,12,7,10,マドンナブルー,牝,10,55.0,454,4,若杉朝,黒川智,102.9,8,1:04.0,39.2,3-5,9,454,4
2026/05/06,門別,1,３歳以上　Ｃ４－３,1000,ダ,右,稍重,晴,12,1,1,ヨシノアヴァンセ,牝,3,55.0,406,0,石川倭,小国博,21.4,9,1:04.2,39.4,3-3,6,406,0
2026/05/06,門別,1,３歳以上　Ｃ４－３,1000,ダ,右,稍重,晴,12,8,11,ダイメイゼット,牡,5,57.0,490,-4,井上俊,岡島玉,64.5,10,1:04.8,38.4,11-11,7,490,-4
2026/05/06,門別,1,３歳以上　Ｃ４－３,1000,ダ,右,稍重,晴,12,2,2,ハッコウクィーン,牝,7,54.0,472,8,阿岸潤,佐藤英,318.0,11,1:05.1,38.9,11-10,11,472,8
2026/05/06,門別,1,３歳以上　Ｃ４－３,1000,ダ,右,稍重,晴,12,7,9,アースクインビー,牝,10,55.0,462,12,吉本隆,岡島玉,454.8,12,1:07.9,41.7,10-12,12,462,12
2026/05/06,門別,2,３歳以上　Ｃ４－３,1000,ダ,右,稍重,晴,12,8,11,ダンクバローズ,牡,4,57.0,568,-10,服部茂,田中淳,2.1,1,1:01.6,37.5,2-1,2,568,-10
2026/05/06,門別,2,３歳以上　Ｃ４－３,1000,ダ,右,稍重,晴,12,7,10,セイランマクフィ,牝,3,55.0,404,-8,阿部龍,村上正,1.9,2,1:01.9,37.9,1-1,1,404,-8
2026/05/06,門別,2,３歳以上　Ｃ４－３,1000,ダ,右,稍重,晴,12,8,12,ミラージュフルール,牝,6,54.0,464,-2,阿岸潤,佐久雅,110.7,3,1:02.7,37.9,4-4,9,464,-2
2026/05/06,門別,2,３歳以上　Ｃ４－３,1000,ダ,右,稍重,晴,12,6,7,ヴィルユキヒメ,牝,3,55.0,458,-4,桑村真,柳澤好,8.8,4,1:03.1,38.4,3-3,3,458,-4
2026/05/06,門別,2,３歳以上　Ｃ４－３,1000,ダ,右,稍重,晴,12,5,5,ライプトラオム,牡,8,57.0,480,0,宮内勇,松本隆,36.2,5,1:03.5,37.3,8-8,5,480,0
2026/05/06,門別,2,３歳以上　Ｃ４－３,1000,ダ,右,稍重,晴,12,4,4,タイセツオー,セ,0,57.0,440,0,井上俊,佐藤英,73.6,6,1:03.7,37.8,7-5,6,440,0
2026/05/06,門別,2,３歳以上　Ｃ４－３,1000,ダ,右,稍重,晴,12,1,1,ミサトレオネッサ,牝,4,55.0,438,-4,岩橋勇,桧森邦,179.6,7,1:04.0,38.7,5-5,11,438,-4
2026/05/06,門別,2,３歳以上　Ｃ４－３,1000,ダ,右,稍重,晴,12,5,6,トンチャン,牝,5,55.0,436,0,黒澤愛,佐々国,74.0,8,1:04.1,38.3,6-7,7,436,0
2026/05/06,門別,2,３歳以上　Ｃ４－３,1000,ダ,右,稍重,晴,12,6,8,スキャロップパール,牝,3,52.0,392,2,小野俊,山田和,226.5,9,1:04.6,38.4,8-9,12,392,2
2026/05/06,門別,2,３歳以上　Ｃ４－３,1000,ダ,右,稍重,晴,12,7,9,オルチャン,牝,4,55.0,434,-8,小野楓,川島雅,17.0,10,1:05.1,38.6,11-11,4,434,-8
2026/05/06,門別,2,３歳以上　Ｃ４－３,1000,ダ,右,稍重,晴,12,3,3,ジェイスマイル,セ,0,57.0,490,-2,石川倭,秋田大,105.0,11,1:05.3,38.9,8-10,8,490,-2
2026/05/06,門別,2,３歳以上　Ｃ４－３,1000,ダ,右,稍重,晴,12,2,2,アースウルフ,セ,0,57.0,446,-4,坂下秀,岡島玉,128.0,12,1:05.7,39.0,11-11,10,446,-4
2026/05/06,門別,3,３歳以上　Ｃ４－２,1000,ダ,右,稍重,晴,12,3,3,ワイルドタイタン,牝,3,55.0,426,-2,小野楓,小野望,2.5,1,1:01.7,37.5,4-3,1,426,-2
2026/05/06,門別,3,３歳以上　Ｃ４－２,1000,ダ,右,稍重,晴,12,7,9,フロルドラーダ,牝,4,55.0,502,0,阿部龍,柳澤好,2.8,2,1:01.9,38.3,1-1,2,502,0
2026/05/06,門別,3,３歳以上　Ｃ４－２,1000,ダ,右,稍重,晴,12,6,8,モウフブキ,牝,4,52.0,416,-12,渡邊準,田中淳,11.8,3,1:02.2,36.8,8-7,4,416,-12
2026/05/06,門別,3,３歳以上　Ｃ４－２,1000,ダ,右,稍重,晴,12,2,2,プチビーンズ,牝,4,55.0,458,-4,黒澤愛,森山雄,18.0,4,1:02.7,36.9,11-9,7,458,-4
2026/05/06,門別,3,３歳以上　Ｃ４－２,1000,ダ,右,稍重,晴,12,7,10,ハッピーピンク,牝,4,55.0,444,-4,井上俊,桧森邦,55.2,5,1:02.7,38.0,6-5,10,444,-4
2026/05/06,門別,3,３歳以上　Ｃ４－２,1000,ダ,右,稍重,晴,12,5,5,タッチダウン,牝,4,55.0,458,2,宮内勇,齊藤正,16.0,6,1:03.1,38.6,5-5,6,458,2
2026/05/06,門別,3,３歳以上　Ｃ４－２,1000,ダ,右,稍重,晴,12,6,7,スズオリーブ,牝,9,53.0,456,-2,藤田駕,櫻井拓,93.6,7,1:03.3,37.6,9-11,11,456,-2
2026/05/06,門別,3,３歳以上　Ｃ４－２,1000,ダ,右,稍重,晴,12,4,4,コントリビュート,牡,4,57.0,494,3,井上瑛,桧森邦,40.4,8,1:03.5,37.8,9-9,9,494,3
2026/05/06,門別,3,３歳以上　Ｃ４－２,1000,ダ,右,稍重,晴,12,8,12,スマイルムーン,牝,7,52.0,474,-2,小野俊,川島雅,19.6,9,1:03.7,39.9,3-3,8,474,-2
2026/05/06,門別,3,３歳以上　Ｃ４－２,1000,ダ,右,稍重,晴,12,1,1,ミソラ,牝,3,55.0,426,0,服部茂,千葉津,13.9,10,1:04.2,40.7,1-1,5,426,0
2026/05/06,門別,3,３歳以上　Ｃ４－２,1000,ダ,右,稍重,晴,12,5,6,ブライトソール,牡,7,56.0,444,2,阿岸潤,佐久雅,165.6,11,1:04.6,38.5,12-12,12,444,2
2026/05/06,門別,3,３歳以上　Ｃ４－２,1000,ダ,右,稍重,晴,12,8,11,セイリオス,牝,4,52.0,516,44,小川悠,川島洋,7.9,12,1:04.8,39.9,6-7,3,516,44
2026/05/06,門別,4,３歳以上　Ｃ４－２,1200,ダ,右,良,晴,14,7,11,アサガオ,牡,4,57.0,488,-6,宮内勇,川島洋,3.7,1,1:15.5,40.0,1-1,2,488,-6
2026/05/06,門別,4,３歳以上　Ｃ４－２,1200,ダ,右,良,晴,14,8,13,キングズロア,牡,5,55.0,508,-2,藤田駕,小野望,19.3,2,1:15.7,40.0,2-2,5,508,-2
2026/05/06,門別,4,３歳以上　Ｃ４－２,1200,ダ,右,良,晴,14,7,12,ダイヤノゴトク,牝,4,52.0,466,4,渡邊準,桧森邦,37.1,3,1:15.9,38.9,8-6,6,466,4
2026/05/06,門別,4,３歳以上　Ｃ４－２,1200,ダ,右,良,晴,14,2,2,スターオブムーラン,牝,3,55.0,476,7,岩橋勇,五十冬,57.8,4,1:15.9,39.3,5-4,8,476,7
2026/05/06,門別,4,３歳以上　Ｃ４－２,1200,ダ,右,良,晴,14,5,7,マッスルチャミー,牝,3,55.0,476,0,井上瑛,五十冬,1.7,5,1:16.1,39.2,6-6,1,476,0
2026/05/06,門別,4,３歳以上　Ｃ４－２,1200,ダ,右,良,晴,14,1,1,ジューンランド,牝,4,52.0,468,2,小川悠,村上正,14.0,6,1:16.2,39.3,6-6,4,468,2
2026/05/06,門別,4,３歳以上　Ｃ４－２,1200,ダ,右,良,晴,14,3,4,ウナトライオン,セ,0,57.0,516,0,阿部龍,桧森邦,82.1,7,1:16.3,37.8,14-11,10,516,0
2026/05/06,門別,4,３歳以上　Ｃ４－２,1200,ダ,右,良,晴,14,6,10,カーリンハート,牝,4,55.0,440,-10,井上俊,櫻井拓,64.7,8,1:16.7,40.8,3-3,9,440,-10
2026/05/06,門別,4,３歳以上　Ｃ４－２,1200,ダ,右,良,晴,14,6,9,ツムグ,牡,5,54.0,490,2,小野俊,齊藤正,153.7,9,1:17.6,40.2,10-10,12,490,2
2026/05/06,門別,4,３歳以上　Ｃ４－２,1200,ダ,右,良,晴,14,3,3,キョウエイフレアー,牝,6,54.0,422,-4,阿岸潤,黒川智,248.8,10,1:17.7,40.5,8-9,14,422,-4
2026/05/06,門別,4,３歳以上　Ｃ４－２,1200,ダ,右,良,晴,14,4,5,オーベール,牝,3,55.0,492,20,黒澤愛,森山雄,52.7,11,1:18.2,40.0,12-13,7,492,20
2026/05/06,門別,4,３歳以上　Ｃ４－２,1200,ダ,右,良,晴,14,4,6,ベストカリフ,牡,5,57.0,426,-4,吉本隆,佐々国,208.3,12,1:18.8,40.5,12-13,13,426,-4
2026/05/06,門別,4,３歳以上　Ｃ４－２,1200,ダ,右,良,晴,14,5,8,ルーチェアバンティ,牡,3,57.0,478,10,石川倭,小国博,5.8,13,1:18.9,41.3,10-11,3,478,10
2026/05/06,門別,4,３歳以上　Ｃ４－２,1200,ダ,右,良,晴,14,8,14,フリットフライ,牡,4,57.0,552,-2,坂下秀,秋田大,110.4,14,1:19.2,43.1,3-4,11,552,-2
2026/05/06,門別,5,Ｊ認 フレッシュチャレンジ２歳新馬,1000,ダ,右,良,晴,8,1,1,バドラ,牝,2,55.0,0,0,阿部龍,五十冬,7.8,1,1:01.4,37.3,1-1,4,0,0
2026/05/06,門別,5,Ｊ認 フレッシュチャレンジ２歳新馬,1000,ダ,右,良,晴,8,8,8,ニューハーピー,牡,2,55.0,0,0,岩橋勇,田中淳,1.8,2,1:02.4,37.9,3-2,1,0,0
2026/05/06,門別,5,Ｊ認 フレッシュチャレンジ２歳新馬,1000,ダ,右,良,晴,8,4,4,ヤマニンリゼット,牝,2,55.0,0,0,小野楓,小野望,18.0,3,1:02.8,37.9,4-4,6,0,0
2026/05/06,門別,5,Ｊ認 フレッシュチャレンジ２歳新馬,1000,ダ,右,良,晴,8,3,3,サザングルーヴ,牝,2,55.0,0,0,宮内勇,川島洋,9.8,4,1:02.9,37.7,5-4,5,0,0
2026/05/06,門別,5,Ｊ認 フレッシュチャレンジ２歳新馬,1000,ダ,右,良,晴,8,7,7,スマートウェイン,牡,2,52.0,0,0,渡邊準,松本隆,6.9,5,1:04.1,39.8,2-2,3,0,0
2026/05/06,門別,5,Ｊ認 フレッシュチャレンジ２歳新馬,1000,ダ,右,良,晴,8,5,5,ドウヤラファミリー,牡,2,55.0,0,0,石川倭,米川昇,4.4,6,1:04.4,38.9,7-7,2,0,0
2026/05/06,門別,5,Ｊ認 フレッシュチャレンジ２歳新馬,1000,ダ,右,良,晴,8,6,6,バリサンダー,牡,2,55.0,0,0,井上瑛,小国博,28.3,7,1:04.5,39.3,5-6,7,0,0
2026/05/06,門別,5,Ｊ認 フレッシュチャレンジ２歳新馬,1000,ダ,右,良,晴,8,2,2,ノースバレリーナ,牝,2,55.0,0,0,桑村真,齊藤正,56.5,8,1:07.0,41.6,7-8,8,0,0
2026/05/06,門別,6,Ｊ認 フレッシュチャレンジ２歳牝馬新馬,1100,ダ,右,良,晴,8,4,4,クラプロスパー,牝,2,55.0,0,0,桑村真,村上正,4.7,1,1:08.9,39.4,3-2,4,0,0
2026/05/06,門別,6,Ｊ認 フレッシュチャレンジ２歳牝馬新馬,1100,ダ,右,良,晴,8,1,1,マインドエンジェル,牝,2,55.0,0,0,小野楓,小野望,7.1,2,1:09.6,39.9,3-4,5,0,0
2026/05/06,門別,6,Ｊ認 フレッシュチャレンジ２歳牝馬新馬,1100,ダ,右,良,晴,8,8,8,ソルフィオラ,牝,2,55.0,0,0,宮内勇,川島洋,8.3,3,1:09.6,40.3,1-1,6,0,0
2026/05/06,門別,6,Ｊ認 フレッシュチャレンジ２歳牝馬新馬,1100,ダ,右,良,晴,8,7,7,ヨシノトップラン,牝,2,55.0,0,0,阿部龍,松本隆,3.8,4,1:10.3,39.5,8-6,2,0,0
2026/05/06,門別,6,Ｊ認 フレッシュチャレンジ２歳牝馬新馬,1100,ダ,右,良,晴,8,6,6,クーバランセ,牝,2,55.0,0,0,石川倭,五十冬,3.8,5,1:10.4,40.5,5-5,1,0,0
2026/05/06,門別,6,Ｊ認 フレッシュチャレンジ２歳牝馬新馬,1100,ダ,右,良,晴,8,2,2,レディーダイヤ,牝,2,55.0,0,0,岩橋勇,田中淳,4.2,6,1:10.4,41.1,1-2,3,0,0
2026/05/06,門別,6,Ｊ認 フレッシュチャレンジ２歳牝馬新馬,1100,ダ,右,良,晴,8,3,3,ラヴィアール,牝,2,55.0,0,0,井上俊,櫻井拓,82.5,7,1:12.5,41.8,6-7,8,0,0
2026/05/06,門別,6,Ｊ認 フレッシュチャレンジ２歳牝馬新馬,1100,ダ,右,良,晴,8,5,5,ピエールパンドラ,牝,2,55.0,0,0,井上瑛,廣森久,59.3,8,1:16.0,45.6,6-8,7,0,0
2026/05/06,門別,7,３歳以上　Ｃ３－２　Ｃ４－１,1800,ダ,右,良,晴,11,3,3,シルバーミラージュ,牝,4,55.0,502,-6,石川倭,桧森邦,7.7,1,1:59.8,39.1,1-1-1-1,3,502,-6
2026/05/06,門別,7,３歳以上　Ｃ３－２　Ｃ４－１,1800,ダ,右,良,晴,11,8,10,サラサハウナイス,牡,4,57.0,516,-2,服部茂,松本隆,1.3,2,1:59.9,39.0,3-3-3-3,1,516,-2
2026/05/06,門別,7,３歳以上　Ｃ３－２　Ｃ４－１,1800,ダ,右,良,晴,11,1,1,スイートキャンディ,牝,4,55.0,480,-2,阿部龍,石本孝,73.0,3,2:00.0,38.9,5-6-4-4,9,480,-2
2026/05/06,門別,7,３歳以上　Ｃ３－２　Ｃ４－１,1800,ダ,右,良,晴,11,5,5,マジックライン,牡,5,57.0,504,4,井上俊,佐藤英,157.7,4,2:00.2,39.1,5-4-4-4,11,504,4
2026/05/06,門別,7,３歳以上　Ｃ３－２　Ｃ４－１,1800,ダ,右,良,晴,11,4,4,トレビアンクリール,牡,5,54.0,438,-6,渡邊準,松本隆,58.7,5,2:00.5,39.8,1-1-1-1,7,438,-6
2026/05/06,門別,7,３歳以上　Ｃ３－２　Ｃ４－１,1800,ダ,右,良,晴,11,7,8,ドリームジャック,セ,0,57.0,488,2,井上瑛,齊藤正,11.3,6,2:00.6,39.3,5-6-8-7,4,488,2
2026/05/06,門別,7,３歳以上　Ｃ３－２　Ｃ４－１,1800,ダ,右,良,晴,11,6,6,カムイノウタゲ,牡,4,57.0,480,-2,黒澤愛,柳澤好,58.9,7,2:00.7,39.2,9-9-8-9,8,480,-2
2026/05/06,門別,7,３歳以上　Ｃ３－２　Ｃ４－１,1800,ダ,右,良,晴,11,8,11,ブッシュドノエル,牝,8,53.0,424,4,藤田駕,柳澤好,37.1,8,2:00.8,39.5,8-8-6-9,5,424,4
2026/05/06,門別,7,３歳以上　Ｃ３－２　Ｃ４－１,1800,ダ,右,良,晴,11,6,7,メイショウゲキハ,牡,4,57.0,526,4,岩橋勇,田中淳,6.0,9,2:00.8,39.7,4-4-6-4,2,526,4
2026/05/06,門別,7,３歳以上　Ｃ３－２　Ｃ４－１,1800,ダ,右,良,晴,11,2,2,レッドコート,牡,5,57.0,488,2,桑村真,佐久雅,43.4,10,2:01.5,40.2,11-11-8-7,6,488,2
2026/05/06,門別,7,３歳以上　Ｃ３－２　Ｃ４－１,1800,ダ,右,良,晴,11,7,9,エスカルチャ,牡,5,57.0,538,-10,小野楓,小野望,108.6,11,2:02.5,40.7,9-10-11-11,10,538,-10
2026/05/06,門別,8,ハルジオン特別Ａ３－２Ａ４,1000,ダ,右,良,晴,12,7,10,ワンダーウーマン,牝,4,55.0,518,-2,服部茂,石本孝,1.8,1,1:00.7,36.9,2-2,1,518,-2
2026/05/06,門別,8,ハルジオン特別Ａ３－２Ａ４,1000,ダ,右,良,晴,12,7,9,ジャスパーイーグル,セ,0,57.0,504,0,石川倭,佐久雅,6.2,2,1:00.9,36.7,7-4,3,504,0
2026/05/06,門別,8,ハルジオン特別Ａ３－２Ａ４,1000,ダ,右,良,晴,12,6,7,バレンタインケーキ,牝,3,53.0,488,-12,桑村真,角川秀,9.8,3,1:01.1,36.7,8-7,4,488,-12
2026/05/06,門別,8,ハルジオン特別Ａ３－２Ａ４,1000,ダ,右,良,晴,12,2,2,オンラインボス,セ,0,56.0,482,8,井上瑛,小国博,14.9,4,1:01.4,37.3,5-7,5,482,8
2026/05/06,門別,8,ハルジオン特別Ａ３－２Ａ４,1000,ダ,右,良,晴,12,4,4,ジャイロ,牡,5,54.0,486,2,藤田駕,村上正,3.7,5,1:01.5,37.7,2-4,2,486,2
2026/05/06,門別,8,ハルジオン特別Ａ３－２Ａ４,1000,ダ,右,良,晴,12,5,6,シシャモフレンド,牝,5,54.0,528,0,岩橋勇,田中淳,29.2,6,1:01.5,37.9,1-1,6,528,0
2026/05/06,門別,8,ハルジオン特別Ａ３－２Ａ４,1000,ダ,右,良,晴,12,1,1,レアグリフォン,牡,5,57.0,512,-16,坂下秀,秋田大,70.2,7,1:01.7,37.9,2-2,9,512,-16
2026/05/06,門別,8,ハルジオン特別Ａ３－２Ａ４,1000,ダ,右,良,晴,12,5,5,キャストロポポ,牡,8,53.0,494,2,渡邊準,佐々国,92.1,8,1:01.8,37.4,8-10,10,494,2
2026/05/06,門別,8,ハルジオン特別Ａ３－２Ａ４,1000,ダ,右,良,晴,12,8,11,トモノシルバー,牝,5,54.0,454,-2,小野楓,黒川智,57.7,9,1:01.8,37.2,10-7,8,454,-2
2026/05/06,門別,8,ハルジオン特別Ａ３－２Ａ４,1000,ダ,右,良,晴,12,8,12,モノノフブラック,牝,5,55.0,462,12,宮内勇,松本隆,49.8,10,1:01.8,37.8,5-4,7,462,12
2026/05/06,門別,8,ハルジオン特別Ａ３－２Ａ４,1000,ダ,右,良,晴,12,6,8,リコシェ,牝,6,52.0,494,0,小川悠,佐々国,121.6,11,1:02.2,35.8,12-12,11,494,0
2026/05/06,門別,8,ハルジオン特別Ａ３－２Ａ４,1000,ダ,右,良,晴,12,3,3,ラッキーストーリー,牡,6,56.0,526,-2,黒澤愛,佐々国,250.9,12,1:02.5,37.1,11-11,12,526,-2
2026/05/06,門別,9,カーネーション特別Ｃ３－２Ｃ４－１,1000,ダ,右,良,晴,12,3,3,クラウンヴィラン,牡,4,57.0,482,-4,石川倭,五十冬,1.4,1,1:01.3,37.9,1-1,1,482,-4
2026/05/06,門別,9,カーネーション特別Ｃ３－２Ｃ４－１,1000,ダ,右,良,晴,12,7,9,ベルオーブ,牝,4,55.0,482,32,黒澤愛,佐々国,60.2,2,1:02.0,38.3,3-3,7,482,32
2026/05/06,門別,9,カーネーション特別Ｃ３－２Ｃ４－１,1000,ダ,右,良,晴,12,5,6,グレンダヴィーク,牡,4,54.0,458,0,小野俊,佐々国,48.4,3,1:02.1,37.8,8-7,6,458,0
2026/05/06,門別,9,カーネーション特別Ｃ３－２Ｃ４－１,1000,ダ,右,良,晴,12,4,4,シラントロ,牝,3,55.0,458,-2,桑村真,角川秀,6.3,4,1:02.1,38.6,1-1,3,458,-2
2026/05/06,門別,9,カーネーション特別Ｃ３－２Ｃ４－１,1000,ダ,右,良,晴,12,8,11,イイデスカイボス,牡,3,57.0,494,0,宮内勇,村上正,4.5,5,1:02.2,38.1,5-4,2,494,0
2026/05/06,門別,9,カーネーション特別Ｃ３－２Ｃ４－１,1000,ダ,右,良,晴,12,6,8,テンエックス,牡,3,57.0,536,5,小野楓,川島洋,21.4,6,1:02.5,37.9,10-9,4,536,5
2026/05/06,門別,9,カーネーション特別Ｃ３－２Ｃ４－１,1000,ダ,右,良,晴,12,2,2,クラスヴァンクル,牡,6,55.0,510,-4,藤田駕,小野望,65.6,7,1:02.5,38.4,5-4,8,510,-4
2026/05/06,門別,9,カーネーション特別Ｃ３－２Ｃ４－１,1000,ダ,右,良,晴,12,8,12,ウインギャラン,牡,4,57.0,516,4,井上瑛,廣森久,66.5,8,1:02.8,38.9,4-4,9,516,4
2026/05/06,門別,9,カーネーション特別Ｃ３－２Ｃ４－１,1000,ダ,右,良,晴,12,5,5,ジャスパーエイト,牡,11,57.0,502,0,阿部龍,佐久雅,42.7,9,1:02.9,38.0,12-11,5,502,0
2026/05/06,門別,9,カーネーション特別Ｃ３－２Ｃ４－１,1000,ダ,右,良,晴,12,7,10,シュヴィル,牡,6,54.0,528,-2,小川悠,柳澤好,151.0,10,1:03.5,38.8,10-11,11,528,-2
2026/05/06,門別,9,カーネーション特別Ｃ３－２Ｃ４－１,1000,ダ,右,良,晴,12,6,7,チャモ,牡,4,57.0,440,0,岩橋勇,川島雅,99.3,11,1:03.6,39.5,5-7,10,440,0
2026/05/06,門別,9,カーネーション特別Ｃ３－２Ｃ４－１,1000,ダ,右,良,晴,12,1,1,アトニモサキニモ,牡,5,56.0,494,4,阿岸潤,松本隆,167.2,12,1:03.9,39.6,8-9,12,494,4
2026/05/06,門別,10,グランシャリオドリーム８Ｃ３－２Ｃ４－１,1200,ダ,右,良,晴,14,8,13,ヴァーチェ,牡,3,57.0,508,-2,桑村真,角川秀,2.0,1,1:14.0,38.6,1-1,1,508,-2
2026/05/06,門別,10,グランシャリオドリーム８Ｃ３－２Ｃ４－１,1200,ダ,右,良,晴,14,6,9,アンヘル,牡,3,57.0,490,4,阿部龍,小国博,3.6,2,1:14.1,37.7,5-4,2,490,4
2026/05/06,門別,10,グランシャリオドリーム８Ｃ３－２Ｃ４－１,1200,ダ,右,良,晴,14,7,12,クレーバーベン,牝,4,55.0,518,-4,岩橋勇,五十冬,43.4,3,1:14.3,38.4,3-3,6,518,-4
2026/05/06,門別,10,グランシャリオドリーム８Ｃ３－２Ｃ４－１,1200,ダ,右,良,晴,14,6,10,サラサソフトタッチ,牡,3,57.0,502,24,井上瑛,五十冬,13.8,4,1:15.3,39.6,2-2,5,502,24
2026/05/06,門別,10,グランシャリオドリーム８Ｃ３－２Ｃ４－１,1200,ダ,右,良,晴,14,2,2,メレサンク,牝,4,55.0,482,-16,石川倭,米川昇,6.0,5,1:15.5,38.0,12-9,4,482,-16
2026/05/06,門別,10,グランシャリオドリーム８Ｃ３－２Ｃ４－１,1200,ダ,右,良,晴,14,5,8,グリーンエリクサー,牡,4,57.0,530,34,宮内勇,川島洋,5.0,6,1:15.6,39.7,3-4,3,530,34
2026/05/06,門別,10,グランシャリオドリーム８Ｃ３－２Ｃ４－１,1200,ダ,右,良,晴,14,8,14,ラストカノン,牝,6,52.0,498,-6,小川悠,佐々国,152.2,7,1:15.6,38.1,12-11,8,498,-6
2026/05/06,門別,10,グランシャリオドリーム８Ｃ３－２Ｃ４－１,1200,ダ,右,良,晴,14,4,6,リバイブローズ,牝,4,55.0,440,-4,服部茂,村上正,344.4,8,1:15.6,38.6,7-6,12,440,-4
2026/05/06,門別,10,グランシャリオドリーム８Ｃ３－２Ｃ４－１,1200,ダ,右,良,晴,14,1,1,マリノロマンス,牝,5,53.0,460,0,藤田駕,五十冬,89.0,9,1:16.0,39.3,6-6,7,460,0
2026/05/06,門別,10,グランシャリオドリーム８Ｃ３－２Ｃ４－１,1200,ダ,右,良,晴,14,5,7,ハナカンザシ,牝,5,55.0,460,4,小野楓,齊藤正,171.7,10,1:16.6,39.2,10-11,9,460,4
2026/05/06,門別,10,グランシャリオドリーム８Ｃ３－２Ｃ４－１,1200,ダ,右,良,晴,14,4,5,エムピーフリップ,牡,4,54.0,452,6,渡邊準,齊藤正,303.8,11,1:17.0,40.0,7-8,11,452,6
2026/05/06,門別,10,グランシャリオドリーム８Ｃ３－２Ｃ４－１,1200,ダ,右,良,晴,14,3,3,ユーライナー,牝,5,55.0,438,-2,井上俊,櫻井拓,420.1,12,1:17.1,39.7,10-11,14,438,-2
2026/05/06,門別,10,グランシャリオドリーム８Ｃ３－２Ｃ４－１,1200,ダ,右,良,晴,14,3,4,トヨリュウオー,牝,7,52.0,462,12,小野俊,齊藤正,384.6,13,1:17.3,38.8,14-14,13,462,12
2026/05/06,門別,10,グランシャリオドリーム８Ｃ３－２Ｃ４－１,1200,ダ,右,良,晴,14,7,11,オールスパイス,牝,4,55.0,480,-23,黒澤愛,石本孝,254.2,14,1:17.8,40.8,7-9,10,480,-23
2026/05/06,門別,11,サッポロ生ビール黒ラベル特別Ａ１～Ａ３－,1200,ダ,右,良,晴,8,3,3,ボイラーハウス,牡,8,57.0,530,-2,服部茂,田中淳,9.1,1,1:13.4,37.6,4-5,4,530,-2
2026/05/06,門別,11,サッポロ生ビール黒ラベル特別Ａ１～Ａ３－,1200,ダ,右,良,晴,8,7,7,ラッキーホープ,牡,7,55.0,540,-24,石川倭,小国博,2.1,2,1:13.7,37.7,6-3,1,540,-24
2026/05/06,門別,11,サッポロ生ビール黒ラベル特別Ａ１～Ａ３－,1200,ダ,右,良,晴,8,6,6,スティールペガサス,牡,9,57.0,526,15,阿部龍,角川秀,2.7,3,1:13.8,38.2,3-3,2,526,15
2026/05/06,門別,11,サッポロ生ビール黒ラベル特別Ａ１～Ａ３－,1200,ダ,右,良,晴,8,1,1,ピンクヴェノム,牝,5,53.0,490,0,桑村真,角川秀,4.6,4,1:14.9,39.9,1-1,3,490,0
2026/05/06,門別,11,サッポロ生ビール黒ラベル特別Ａ１～Ａ３－,1200,ダ,右,良,晴,8,2,2,デアフルーグ,牡,10,55.0,524,-10,宮内勇,川島洋,35.7,5,1:15.1,39.8,2-2,6,524,-10
2026/05/06,門別,11,サッポロ生ビール黒ラベル特別Ａ１～Ａ３－,1200,ダ,右,良,晴,8,8,8,メイテソーロ,牡,6,56.0,500,-10,小野楓,五十冬,15.7,6,1:15.4,39.4,4-6,5,500,-10
2026/05/06,門別,11,サッポロ生ビール黒ラベル特別Ａ１～Ａ３－,1200,ダ,右,良,晴,8,5,5,クルマトラサン,牡,5,55.0,492,0,黒澤愛,小国博,178.1,7,1:15.9,39.1,7-7,7,492,0
2026/05/06,門別,11,サッポロ生ビール黒ラベル特別Ａ１～Ａ３－,1200,ダ,右,良,晴,8,4,4,オートヴィル,牡,11,55.0,530,0,井上俊,佐藤英,381.6,8,1:17.4,40.6,7-7,8,530,0
2026/05/06,門別,12,コスモバルク記念一般オープン,1800,ダ,右,良,晴,10,2,2,ベルピット,牡,6,57.0,520,-4,桑村真,角川秀,1.0,1,1:54.0,39.1,1-1-1-1,1,520,-4
2026/05/06,門別,12,コスモバルク記念一般オープン,1800,ダ,右,良,晴,10,8,10,イージーオンミー,牝,6,55.0,476,34,阿部龍,角川秀,9.5,2,1:56.4,39.4,6-6-5-4,3,476,34
2026/05/06,門別,12,コスモバルク記念一般オープン,1800,ダ,右,良,晴,10,6,6,ヤマニンステラータ,牡,5,55.0,496,-14,宮内勇,川島洋,42.7,3,1:56.6,38.9,8-8-7-6,5,496,-14
2026/05/06,門別,12,コスモバルク記念一般オープン,1800,ダ,右,良,晴,10,8,9,ソルジャーフィルド,牡,4,57.0,488,0,小野楓,川島洋,7.2,4,1:56.9,40.2,4-5-4-2,2,488,0
2026/05/06,門別,12,コスモバルク記念一般オープン,1800,ダ,右,良,晴,10,7,7,ライルアケカイ,牡,6,54.0,492,-4,黒澤愛,米川昇,30.4,5,1:56.9,39.2,9-9-7-5,4,492,-4
2026/05/06,門別,12,コスモバルク記念一般オープン,1800,ダ,右,良,晴,10,3,3,キタノインディ,牡,8,56.0,510,4,井上俊,秋田大,255.6,6,1:59.0,40.5,10-10-9-8,9,510,4
2026/05/06,門別,12,コスモバルク記念一般オープン,1800,ダ,右,良,晴,10,1,1,シンボ,牡,9,56.0,490,-8,服部茂,齊藤正,98.9,7,1:59.8,43.7,2-2-2-3,6,490,-8
2026/05/06,門別,12,コスモバルク記念一般オープン,1800,ダ,右,良,晴,10,4,4,カネトシブルーム,牡,7,55.0,516,-2,岩橋勇,千葉津,116.4,8,2:00.9,44.2,2-3-3-6,7,516,-2
2026/05/06,門別,12,コスモバルク記念一般オープン,1800,ダ,右,良,晴,10,5,5,アンディジェン,牡,6,54.0,502,-2,坂下秀,秋田大,452.3,9,2:02.8,43.7,6-7-9-10,10,502,-2
2026/05/06,門別,12,コスモバルク記念一般オープン,1800,ダ,右,良,晴,10,7,8,オーケーサンダー,牡,5,54.0,464,2,藤田駕,齊藤正,144.2,10,2:02.9,45.4,4-4-5-9,8,464,2
2026/05/13,門別,1,２歳　未勝利,1100,ダ,右,良,曇,9,5,5,フォールドイン,牝,2,55.0,472,6,阿部龍,角川秀,1.0,1,1:09.1,38.0,2-1,1,472,6
2026/05/13,門別,1,２歳　未勝利,1100,ダ,右,良,曇,9,3,3,ルナベレッツァ,牝,2,55.0,454,10,岩橋勇,小国博,62.1,2,1:10.1,38.7,3-3,6,454,10
2026/05/13,門別,1,２歳　未勝利,1100,ダ,右,良,曇,9,8,8,ニュースタンダード,牡,2,55.0,440,-2,小野楓,小野望,5.4,3,1:10.1,38.7,3-3,2,440,-2
2026/05/13,門別,1,２歳　未勝利,1100,ダ,右,良,曇,9,4,4,ブルーオンピンク,牡,2,55.0,472,4,落合玄,田中淳,20.3,4,1:10.2,39.3,1-1,3,472,4
2026/05/13,門別,1,２歳　未勝利,1100,ダ,右,良,曇,9,8,9,スキャンダルガール,牝,2,55.0,432,4,井上瑛,五十冬,51.9,5,1:10.3,37.6,6-6,5,432,4
2026/05/13,門別,1,２歳　未勝利,1100,ダ,右,良,曇,9,7,7,ベラジオアヴァロン,牡,2,55.0,444,2,宮内勇,川島洋,41.3,6,1:10.5,38.6,5-5,4,444,2
2026/05/13,門別,1,２歳　未勝利,1100,ダ,右,良,曇,9,2,2,ナガイアイダ,牡,2,54.0,442,-2,近藤翔,米川昇,70.9,7,1:11.9,39.2,6-7,7,442,-2
2026/05/13,門別,1,２歳　未勝利,1100,ダ,右,良,曇,9,6,6,ジャムリスチール,牝,2,55.0,418,0,石川倭,米川昇,79.8,8,1:12.2,39.3,8-8,8,418,0
2026/05/13,門別,1,２歳　未勝利,1100,ダ,右,良,曇,9,1,1,ステイヘント,牡,2,55.0,472,16,黒澤愛,小国博,111.3,9,1:14.2,40.7,9-9,9,472,16
2026/05/13,門別,2,３歳条件　未勝利,1000,ダ,右,良,曇,12,6,8,オギフシノチカイ,牝,3,55.0,440,0,小野楓,佐々国,1.5,1,1:02.9,37.7,2-1,1,440,0
2026/05/13,門別,2,３歳条件　未勝利,1000,ダ,右,良,曇,12,4,4,スーパーパーリー,牡,3,57.0,444,-4,黒澤愛,森山雄,3.5,2,1:03.2,37.0,8-7,2,444,-4
2026/05/13,門別,2,３歳条件　未勝利,1000,ダ,右,良,曇,12,8,12,ペンタフェリーチェ,牝,3,55.0,462,0,宮内勇,廣森久,8.5,3,1:03.4,38.4,1-1,3,462,0
2026/05/13,門別,2,３歳条件　未勝利,1000,ダ,右,良,曇,12,6,7,スターオブスカイ,牡,3,57.0,390,0,岩橋勇,沼澤英,120.0,4,1:03.7,38.3,3-3,7,390,0
2026/05/13,門別,2,３歳条件　未勝利,1000,ダ,右,良,曇,12,3,3,リコージュピター,牝,3,54.0,454,-10,阿岸潤,五十冬,21.4,5,1:04.4,38.4,6-7,5,454,-10
2026/05/13,門別,2,３歳条件　未勝利,1000,ダ,右,良,曇,12,5,6,サスケソーレ,セ,0,57.0,466,4,落合玄,小国博,31.1,6,1:04.5,38.6,6-6,6,466,4
2026/05/13,門別,2,３歳条件　未勝利,1000,ダ,右,良,曇,12,5,5,オオイシテイオー,牡,3,57.0,422,-2,桑村真,角川秀,11.9,7,1:04.7,38.0,12-12,4,422,-2
2026/05/13,門別,2,３歳条件　未勝利,1000,ダ,右,良,曇,12,1,1,オハマチャン,牝,3,55.0,392,-4,阿部龍,千葉津,208.9,8,1:04.7,39.0,4-4,9,392,-4
2026/05/13,門別,2,３歳条件　未勝利,1000,ダ,右,良,曇,12,2,2,ジョリサキセ,牝,3,52.0,396,4,渡邊準,川島洋,295.6,9,1:04.8,38.5,8-10,11,396,4
2026/05/13,門別,2,３歳条件　未勝利,1000,ダ,右,良,曇,12,7,10,ネクストトゥーユー,牝,3,53.0,432,-4,藤田駕,佐藤英,153.4,10,1:04.9,38.4,11-10,8,432,-4
2026/05/13,門別,2,３歳条件　未勝利,1000,ダ,右,良,曇,12,7,9,ハッピーモカ,牝,3,54.0,410,6,近藤翔,山田和,212.6,11,1:05.2,39.6,4-4,10,410,6
2026/05/13,門別,2,３歳条件　未勝利,1000,ダ,右,良,曇,12,8,11,ナマラメンコイ,牝,3,55.0,402,-8,井上俊,佐々国,295.6,12,1:05.3,39.2,8-7,11,402,-8
2026/05/13,門別,3,３歳以上　Ｃ４－３,1200,ダ,右,良,曇,14,7,12,ベリープラウド,牝,3,55.0,434,2,阿部龍,角川秀,23.5,1,1:15.9,38.8,2-1,7,434,2
2026/05/13,門別,3,３歳以上　Ｃ４－３,1200,ダ,右,良,曇,14,5,7,ミスターキック,牡,4,57.0,488,2,若杉朝,米川昇,3.8,2,1:16.1,38.8,3-3,2,488,2
2026/05/13,門別,3,３歳以上　Ｃ４－３,1200,ダ,右,良,曇,14,3,3,ジャスティンベニス,牡,4,57.0,570,34,服部茂,田中淳,4.4,3,1:16.8,39.9,1-1,3,570,34
2026/05/13,門別,3,３歳以上　Ｃ４－３,1200,ダ,右,良,曇,14,3,4,マナモアナ,牝,4,55.0,480,-6,石川倭,桧森邦,17.4,4,1:17.1,39.8,3-3,6,480,-6
2026/05/13,門別,3,３歳以上　Ｃ４－３,1200,ダ,右,良,曇,14,5,8,シャンアリーズ,牝,5,55.0,436,2,井上瑛,桧森邦,197.1,5,1:17.2,39.0,8-10,10,436,2
2026/05/13,門別,3,３歳以上　Ｃ４－３,1200,ダ,右,良,曇,14,1,1,セイランクロフネ,牝,7,52.0,468,-2,渡邊準,村上正,51.2,6,1:17.3,39.1,8-8,8,468,-2
2026/05/13,門別,3,３歳以上　Ｃ４－３,1200,ダ,右,良,曇,14,6,10,ウィルスカイ,牡,3,57.0,460,-4,岩橋勇,小国博,2.1,7,1:17.5,40.2,3-5,1,460,-4
2026/05/13,門別,3,３歳以上　Ｃ４－３,1200,ダ,右,良,曇,14,8,14,アルマロザリオ,牝,6,54.0,438,4,阿岸潤,松本隆,424.6,8,1:17.5,39.9,6-6,13,438,4
2026/05/13,門別,3,３歳以上　Ｃ４－３,1200,ダ,右,良,曇,14,4,6,ユイガネーシャ,牡,3,57.0,498,0,宮内勇,櫻井拓,16.6,9,1:17.5,39.7,6-7,5,498,0
2026/05/13,門別,3,３歳以上　Ｃ４－３,1200,ダ,右,良,曇,14,7,11,ニットウアイアン,牡,6,57.0,476,0,黒澤愛,千葉津,166.2,10,1:18.4,39.7,14-11,9,476,0
2026/05/13,門別,3,３歳以上　Ｃ４－３,1200,ダ,右,良,曇,14,2,2,グレートシューター,牡,4,55.0,454,-4,藤田駕,佐藤英,358.4,11,1:18.4,39.7,13-13,12,454,-4
2026/05/13,門別,3,３歳以上　Ｃ４－３,1200,ダ,右,良,曇,14,4,5,ショウリュウマサル,牡,4,57.0,534,-10,桑村真,角川秀,9.5,12,1:18.6,40.6,8-8,4,534,-10
2026/05/13,門別,3,３歳以上　Ｃ４－３,1200,ダ,右,良,曇,14,8,13,アースクン,牡,4,57.0,476,4,吉本隆,岡島玉,353.8,13,1:20.1,42.1,8-11,11,476,4
2026/05/13,門別,3,３歳以上　Ｃ４－３,1200,ダ,右,良,曇,14,6,9,アプラウゾ,牝,5,55.0,410,2,井上俊,柳澤好,745.9,14,1:20.7,42.2,12-13,14,410,2
2026/05/13,門別,4,３歳以上　Ｃ４－３,1000,ダ,右,良,曇,12,6,7,メイショウカラクサ,牡,3,54.0,480,6,渡邊準,田中淳,1.3,1,1:03.0,37.6,1-1,1,480,6
2026/05/13,門別,4,３歳以上　Ｃ４－３,1000,ダ,右,良,曇,12,5,6,バブリーダッシュ,牡,9,57.0,468,-4,阿部龍,角川秀,3.6,2,1:03.5,37.2,7-7,2,468,-4
2026/05/13,門別,4,３歳以上　Ｃ４－３,1000,ダ,右,良,曇,12,1,1,ルトゥールレーヴ,牡,4,57.0,534,-18,小野楓,小野望,79.7,3,1:03.9,38.2,3-3,7,534,-18
2026/05/13,門別,4,３歳以上　Ｃ４－３,1000,ダ,右,良,曇,12,3,3,キョウエイボンバー,牡,6,57.0,506,0,石川倭,黒川智,43.5,4,1:04.0,38.0,5-5,5,506,0
2026/05/13,門別,4,３歳以上　Ｃ４－３,1000,ダ,右,良,曇,12,2,2,オグリヨンセイ,牡,6,57.0,442,0,落合玄,佐久雅,88.4,5,1:04.1,38.1,5-5,8,442,0
2026/05/13,門別,4,３歳以上　Ｃ４－３,1000,ダ,右,良,曇,12,8,11,サクラレイピア,牝,7,55.0,498,-2,井上瑛,村上正,19.8,6,1:04.2,38.5,3-4,4,498,-2
2026/05/13,門別,4,３歳以上　Ｃ４－３,1000,ダ,右,良,曇,12,4,4,モーモーブルー,牡,4,57.0,466,0,吉本隆,佐藤英,8.0,7,1:05.0,39.6,1-1,3,466,0
2026/05/13,門別,4,３歳以上　Ｃ４－３,1000,ダ,右,良,曇,12,6,8,シャンノヴァ,牝,4,53.0,378,-4,藤田駕,桧森邦,51.0,8,1:05.0,38.7,7-7,6,378,-4
2026/05/13,門別,4,３歳以上　Ｃ４－３,1000,ダ,右,良,曇,12,7,10,ハタノイチバンボシ,牡,6,54.0,434,-2,小川悠,佐藤英,525.0,9,1:06.1,38.8,11-11,11,434,-2
2026/05/13,門別,4,３歳以上　Ｃ４－３,1000,ダ,右,良,曇,12,8,12,トンチャン,牝,5,55.0,432,-4,黒澤愛,佐々国,175.9,10,1:06.5,40.0,7-9,9,432,-4
2026/05/13,門別,4,３歳以上　Ｃ４－３,1000,ダ,右,良,曇,12,7,9,エイシンイビサ,牝,3,54.0,452,-2,阿岸潤,山田和,310.0,11,1:06.6,39.8,10-9,10,452,-2
2026/05/13,門別,4,３歳以上　Ｃ４－３,1000,ダ,右,良,曇,12,5,5,セキテイビビ,牝,4,54.0,0,0,近藤翔,小国博,,,,,,,0,0
2026/05/13,門別,5,Ｊ認 アタックチャレンジ２歳未勝利,1000,ダ,右,良,曇,8,2,2,ミヤビダイヤ,牡,2,55.0,490,-8,桑村真,角川秀,2.7,1,1:02.1,37.0,4-2,2,490,-8
2026/05/13,門別,5,Ｊ認 アタックチャレンジ２歳未勝利,1000,ダ,右,良,曇,8,6,6,フアカイレヴァ,牝,2,55.0,440,2,落合玄,小国博,8.8,2,1:02.2,38.0,1-1,3,440,2
2026/05/13,門別,5,Ｊ認 アタックチャレンジ２歳未勝利,1000,ダ,右,良,曇,8,8,8,レインボーライフ,牝,2,55.0,464,-4,服部茂,齊藤正,1.9,3,1:02.2,37.8,2-2,1,464,-4
2026/05/13,門別,5,Ｊ認 アタックチャレンジ２歳未勝利,1000,ダ,右,良,曇,8,5,5,マナウィラ,牝,2,55.0,450,-14,石川倭,米川昇,15.2,4,1:03.1,37.7,5-5,6,450,-14
2026/05/13,門別,5,Ｊ認 アタックチャレンジ２歳未勝利,1000,ダ,右,良,曇,8,7,7,トーケンジンバック,牡,2,55.0,448,0,阿部龍,佐々国,11.4,5,1:03.2,38.2,3-4,4,448,0
2026/05/13,門別,5,Ｊ認 アタックチャレンジ２歳未勝利,1000,ダ,右,良,曇,8,3,3,クラフェイス,牝,2,55.0,480,12,井上瑛,小国博,106.5,6,1:04.8,39.4,5-5,7,480,12
2026/05/13,門別,5,Ｊ認 アタックチャレンジ２歳未勝利,1000,ダ,右,良,曇,8,4,4,ウマデスカイ,牝,2,55.0,442,-2,小野楓,小野望,11.7,7,1:05.2,39.3,7-7,5,442,-2
2026/05/13,門別,5,Ｊ認 アタックチャレンジ２歳未勝利,1000,ダ,右,良,曇,8,1,1,モーニングヒカル,牡,2,55.0,408,0,宮内勇,川島洋,195.1,8,1:05.8,39.9,7-7,8,408,0
2026/05/13,門別,6,Ｊ認 フレッシュチャレンジ２歳新馬,1100,ダ,右,良,曇,12,2,2,ドッカンキャベツ,牝,2,55.0,0,0,落合玄,五十冬,1.4,1,1:08.7,38.4,1-1,1,0,0
2026/05/13,門別,6,Ｊ認 フレッシュチャレンジ２歳新馬,1100,ダ,右,良,曇,12,8,11,マッドシークレット,牡,2,55.0,0,0,服部茂,廣森久,11.3,2,1:10.9,39.2,8-7,4,0,0
2026/05/13,門別,6,Ｊ認 フレッシュチャレンジ２歳新馬,1100,ダ,右,良,曇,12,6,7,フロアガリノビール,牡,2,55.0,0,0,井上瑛,佐々国,55.9,3,1:10.9,38.7,9-9,10,0,0
2026/05/13,門別,6,Ｊ認 フレッシュチャレンジ２歳新馬,1100,ダ,右,良,曇,12,7,9,ユイファイア,牡,2,55.0,0,0,井上俊,櫻井拓,47.3,4,1:11.0,39.9,4-3,9,0,0
2026/05/13,門別,6,Ｊ認 フレッシュチャレンジ２歳新馬,1100,ダ,右,良,曇,12,5,5,オギフシノネガイ,牝,2,53.0,0,0,藤田駕,佐々国,32.9,5,1:11.0,40.5,2-2,6,0,0
2026/05/13,門別,6,Ｊ認 フレッシュチャレンジ２歳新馬,1100,ダ,右,良,曇,12,7,10,ピタゴラ,牡,2,55.0,0,0,桑村真,角川秀,6.7,6,1:11.4,40.4,3-6,2,0,0
2026/05/13,門別,6,Ｊ認 フレッシュチャレンジ２歳新馬,1100,ダ,右,良,曇,12,3,3,ヤングゼネラル,牡,2,55.0,0,0,宮内勇,齊藤正,68.3,7,1:11.5,40.0,6-5,11,0,0
2026/05/13,門別,6,Ｊ認 フレッシュチャレンジ２歳新馬,1100,ダ,右,良,曇,12,4,4,ティーズブロンシュ,牝,2,55.0,0,0,小野楓,小野望,41.3,8,1:11.5,40.4,4-3,7,0,0
2026/05/13,門別,6,Ｊ認 フレッシュチャレンジ２歳新馬,1100,ダ,右,良,曇,12,8,12,ディアスプリンター,牡,2,55.0,0,0,石川倭,米川昇,9.9,9,1:11.9,40.3,7-7,3,0,0
2026/05/13,門別,6,Ｊ認 フレッシュチャレンジ２歳新馬,1100,ダ,右,良,曇,12,1,1,スルーザレイン,牝,2,55.0,0,0,阿部龍,佐々国,43.9,10,1:12.5,38.9,10-10,8,0,0
2026/05/13,門別,6,Ｊ認 フレッシュチャレンジ２歳新馬,1100,ダ,右,良,曇,12,5,6,コスモバラス,牡,2,55.0,0,0,岩橋勇,田中淳,15.8,11,1:12.6,37.8,12-12,5,0,0
2026/05/13,門別,6,Ｊ認 フレッシュチャレンジ２歳新馬,1100,ダ,右,良,曇,12,6,8,プレアウィン,牡,2,52.0,0,0,渡邊準,齊藤正,71.1,12,1:12.6,38.8,11-10,12,0,0
2026/05/13,門別,7,３歳以上　Ｃ４－３,1000,ダ,右,良,曇,11,6,7,ライトニングジャブ,牝,3,55.0,438,-2,落合玄,佐々国,2.0,1,1:02.3,37.1,2-1,1,438,-2
2026/05/13,門別,7,３歳以上　Ｃ４－３,1000,ダ,右,良,曇,11,5,5,ハレタヒニ,牝,3,55.0,454,-2,小野楓,齊藤正,4.6,2,1:03.5,38.4,1-1,3,454,-2
2026/05/13,門別,7,３歳以上　Ｃ４－３,1000,ダ,右,良,曇,11,3,3,テンアリオン,牝,6,55.0,448,0,石川倭,岡島玉,2.7,3,1:03.6,38.0,3-4,2,448,0
2026/05/13,門別,7,３歳以上　Ｃ４－３,1000,ダ,右,良,曇,11,8,10,ヤマトノヒカリ,牝,7,55.0,456,4,若杉朝,櫻井拓,22.3,4,1:04.3,38.3,5-5,5,456,4
2026/05/13,門別,7,３歳以上　Ｃ４－３,1000,ダ,右,良,曇,11,7,9,フィールザクラウン,牡,6,54.0,454,-2,渡邊準,村上正,131.0,5,1:04.3,38.9,3-1,8,454,-2
2026/05/13,門別,7,３歳以上　Ｃ４－３,1000,ダ,右,良,曇,11,1,1,エウテューモス,牝,6,54.0,412,-4,近藤翔,森山雄,170.8,6,1:04.5,38.4,5-6,10,412,-4
2026/05/13,門別,7,３歳以上　Ｃ４－３,1000,ダ,右,良,曇,11,2,2,オオイシサクラ,牝,3,55.0,412,-2,桑村真,角川秀,23.9,7,1:05.0,38.7,7-7,6,412,-2
2026/05/13,門別,7,３歳以上　Ｃ４－３,1000,ダ,右,良,曇,11,6,6,ヨキカナ,牝,3,55.0,430,-16,宮内勇,桧森邦,22.0,8,1:05.2,38.8,9-7,4,430,-16
2026/05/13,門別,7,３歳以上　Ｃ４－３,1000,ダ,右,良,曇,11,8,11,ラウスダケ,牡,9,57.0,464,2,岩橋勇,佐藤英,62.3,9,1:05.3,38.9,9-7,7,464,2
2026/05/13,門別,7,３歳以上　Ｃ４－３,1000,ダ,右,良,曇,11,7,8,ブルーポピー,牡,6,57.0,414,-4,吉本隆,佐藤英,496.1,10,1:05.5,38.9,9-11,11,414,-4
2026/05/13,門別,7,３歳以上　Ｃ４－３,1000,ダ,右,良,曇,11,4,4,レアリゼアドリーム,セ,0,56.0,442,-8,阿岸潤,森山雄,144.2,11,1:06.0,39.7,7-7,9,442,-8
2026/05/13,門別,8,３歳以上　Ｃ４－２,1000,ダ,右,良,曇,12,7,10,ラグナキリア,牡,8,57.0,576,2,桑村真,佐々国,3.3,1,1:02.1,37.0,4-4,3,576,2
2026/05/13,門別,8,３歳以上　Ｃ４－２,1000,ダ,右,良,曇,12,5,5,カツノトゥウェルヴ,牝,4,55.0,496,-2,阿部龍,五十冬,3.2,2,1:02.2,37.7,1-1,2,496,-2
2026/05/13,門別,8,３歳以上　Ｃ４－２,1000,ダ,右,良,曇,12,8,11,イントルーダー,牡,3,57.0,476,12,岩橋勇,石本孝,1.9,3,1:03.7,38.9,2-2,1,476,12
2026/05/13,門別,8,３歳以上　Ｃ４－２,1000,ダ,右,良,曇,12,5,6,ツワ,牝,8,55.0,470,-4,落合玄,佐久雅,23.0,4,1:03.8,38.5,4-7,4,470,-4
2026/05/13,門別,8,３歳以上　Ｃ４－２,1000,ダ,右,良,曇,12,3,3,ボヤージュアウト,牝,4,54.0,470,-4,阿岸潤,川島洋,429.7,5,1:03.9,38.1,8-7,12,470,-4
2026/05/13,門別,8,３歳以上　Ｃ４－２,1000,ダ,右,良,曇,12,4,4,カリンテラス,牝,5,55.0,490,21,小野楓,小野望,117.8,6,1:03.9,38.8,4-4,7,490,21
2026/05/13,門別,8,３歳以上　Ｃ４－２,1000,ダ,右,良,曇,12,7,9,タイガーハート,牡,5,57.0,440,2,若杉朝,櫻井拓,157.8,7,1:04.0,38.0,9-9,8,440,2
2026/05/13,門別,8,３歳以上　Ｃ４－２,1000,ダ,右,良,曇,12,1,1,ジャスパーサン,セ,0,57.0,462,-2,井上瑛,佐久雅,86.3,8,1:04.0,36.6,12-11,6,462,-2
2026/05/13,門別,8,３歳以上　Ｃ４－２,1000,ダ,右,良,曇,12,6,7,ラスターカノン,牝,6,52.0,424,-4,小川悠,森山雄,213.1,9,1:04.4,37.6,11-11,10,424,-4
2026/05/13,門別,8,３歳以上　Ｃ４－２,1000,ダ,右,良,曇,12,8,12,アースカムイ,牡,4,57.0,478,2,宮内勇,岡島玉,34.0,10,1:04.5,39.4,4-6,5,478,2
2026/05/13,門別,8,３歳以上　Ｃ４－２,1000,ダ,右,良,曇,12,6,8,エイダイファルコン,牝,4,55.0,460,-2,黒澤愛,小国博,182.6,11,1:04.5,39.8,2-2,9,460,-2
2026/05/13,門別,8,３歳以上　Ｃ４－２,1000,ダ,右,良,曇,12,2,2,エイシンキャノピー,牝,4,53.0,442,-2,藤田駕,秋田大,257.0,12,1:04.6,38.6,9-10,11,442,-2
2026/05/13,門別,9,ニリンソウ特別Ｃ１－２～Ｃ３－１,1000,ダ,右,良,曇,11,1,1,ヤマトオーザー,牡,4,57.0,494,-2,小野楓,黒川智,2.5,1,1:01.3,36.6,2-1,2,494,-2
2026/05/13,門別,9,ニリンソウ特別Ｃ１－２～Ｃ３－１,1000,ダ,右,良,曇,11,8,11,ヨシノカムイ,牡,4,57.0,472,2,岩橋勇,桧森邦,42.6,2,1:01.5,35.9,7-4,6,472,2
2026/05/13,門別,9,ニリンソウ特別Ｃ１－２～Ｃ３－１,1000,ダ,右,良,曇,11,7,8,マイネルジーニアス,牡,4,57.0,566,6,落合玄,齊藤正,4.6,3,1:01.9,37.4,1-1,3,566,6
2026/05/13,門別,9,ニリンソウ特別Ｃ１－２～Ｃ３－１,1000,ダ,右,良,曇,11,5,5,グレートスティック,牡,3,57.0,478,4,石川倭,小国博,1.9,4,1:02.3,37.4,4-3,1,478,4
2026/05/13,門別,9,ニリンソウ特別Ｃ１－２～Ｃ３－１,1000,ダ,右,良,曇,11,6,7,ワイルドラヴ,牡,11,57.0,466,-4,宮内勇,川島洋,18.6,5,1:03.0,37.7,6-4,4,466,-4
2026/05/13,門別,9,ニリンソウ特別Ｃ１－２～Ｃ３－１,1000,ダ,右,良,曇,11,4,4,ヤマニンリーリオ,牝,6,53.0,488,0,藤田駕,小野望,54.6,6,1:03.3,38.2,4-7,7,488,0
2026/05/13,門別,9,ニリンソウ特別Ｃ１－２～Ｃ３－１,1000,ダ,右,良,曇,11,3,3,キアキア,牝,6,52.0,464,8,小川悠,齊藤正,31.2,7,1:03.9,39.0,2-6,5,464,8
2026/05/13,門別,9,ニリンソウ特別Ｃ１－２～Ｃ３－１,1000,ダ,右,良,曇,11,7,9,キャリーアドリーム,牝,6,55.0,406,3,井上俊,佐藤英,232.6,8,1:04.1,37.8,9-9,8,406,3
2026/05/13,門別,9,ニリンソウ特別Ｃ１－２～Ｃ３－１,1000,ダ,右,良,曇,11,6,6,レイホープ,牡,4,57.0,520,6,坂下秀,秋田大,392.4,9,1:04.5,37.9,10-10,10,520,6
2026/05/13,門別,9,ニリンソウ特別Ｃ１－２～Ｃ３－１,1000,ダ,右,良,曇,11,8,10,ブレイヴァリーボス,牡,6,56.0,488,4,近藤翔,小国博,257.0,10,1:04.6,38.8,8-8,9,488,4
2026/05/13,門別,9,ニリンソウ特別Ｃ１－２～Ｃ３－１,1000,ダ,右,良,曇,11,2,2,ロビンバローズ,牝,5,52.0,0,0,渡邊準,石本孝,,,,,,,0,0
2026/05/13,門別,10,グランシャリオドリーム９Ｃ１－２～Ｃ３－,1200,ダ,右,良,曇,13,7,10,コンサイダー,牡,6,54.0,500,2,小川悠,黒川智,12.1,1,1:15.4,38.1,7-6,6,500,2
2026/05/13,門別,10,グランシャリオドリーム９Ｃ１－２～Ｃ３－,1200,ダ,右,良,曇,13,8,13,ハニーベリー,牝,6,54.0,452,-4,藤田駕,黒川智,4.4,2,1:15.4,38.3,5-3,2,452,-4
2026/05/13,門別,10,グランシャリオドリーム９Ｃ１－２～Ｃ３－,1200,ダ,右,良,曇,13,4,5,トゥスイート,牡,4,57.0,504,2,落合玄,田中淳,6.5,3,1:15.6,38.3,6-6,5,504,2
2026/05/13,門別,10,グランシャリオドリーム９Ｃ１－２～Ｃ３－,1200,ダ,右,良,曇,13,8,12,デュジャック,セ,0,57.0,522,-6,小野楓,小野望,22.4,4,1:15.6,39.5,1-1,7,522,-6
2026/05/13,門別,10,グランシャリオドリーム９Ｃ１－２～Ｃ３－,1200,ダ,右,良,曇,13,5,6,キュータロー,牡,4,56.0,490,2,阿岸潤,櫻井拓,25.9,5,1:15.6,37.9,10-8,8,490,2
2026/05/13,門別,10,グランシャリオドリーム９Ｃ１－２～Ｃ３－,1200,ダ,右,良,曇,13,2,2,マナラナキラ,牡,4,57.0,466,4,石川倭,米川昇,5.5,6,1:15.7,38.2,7-8,4,466,4
2026/05/13,門別,10,グランシャリオドリーム９Ｃ１－２～Ｃ３－,1200,ダ,右,良,曇,13,5,7,ロアリングフレイム,牝,4,55.0,478,2,宮内勇,川島洋,5.1,7,1:16.0,39.6,2-2,3,478,2
2026/05/13,門別,10,グランシャリオドリーム９Ｃ１－２～Ｃ３－,1200,ダ,右,良,曇,13,6,9,リュウノマジシャン,牡,4,54.0,468,2,渡邊準,川島雅,113.6,8,1:16.3,37.8,11-11,9,468,2
2026/05/13,門別,10,グランシャリオドリーム９Ｃ１－２～Ｃ３－,1200,ダ,右,良,曇,13,7,11,キングリーエアー,牡,4,58.0,530,-6,服部茂,齊藤正,3.1,9,1:16.4,39.4,3-3,1,530,-6
2026/05/13,門別,10,グランシャリオドリーム９Ｃ１－２～Ｃ３－,1200,ダ,右,良,曇,13,3,3,コンバットトーラス,牡,5,57.0,538,10,阿部龍,山田和,339.1,10,1:16.9,39.8,3-5,11,538,10
2026/05/13,門別,10,グランシャリオドリーム９Ｃ１－２～Ｃ３－,1200,ダ,右,良,曇,13,6,8,コンバットスピカ,牝,4,55.0,492,30,坂下秀,秋田大,323.5,11,1:17.7,40.2,7-10,10,492,30
2026/05/13,門別,10,グランシャリオドリーム９Ｃ１－２～Ｃ３－,1200,ダ,右,良,曇,13,4,4,ダイヤキララ,牝,5,55.0,464,0,黒澤愛,桧森邦,423.3,12,1:18.4,39.9,11-11,12,464,0
2026/05/13,門別,10,グランシャリオドリーム９Ｃ１－２～Ｃ３－,1200,ダ,右,良,曇,13,1,1,レヴェルトディオ,牡,3,57.0,0,0,岩橋勇,田中淳,,,,,,,0,0
2026/05/13,門別,11,平取町すずらん鑑賞会特別Ｂ３～Ｃ１－１,1000,ダ,右,良,曇,7,3,3,サユリバナ,牝,5,55.0,520,-2,井上瑛,小国博,93.9,1,1:01.2,37.1,1-1,6,520,-2
2026/05/13,門別,11,平取町すずらん鑑賞会特別Ｂ３～Ｃ１－１,1000,ダ,右,良,曇,7,5,5,パープルビューティ,牝,5,55.0,460,-4,黒澤愛,森山雄,34.1,2,1:02.0,37.1,6-6,5,460,-4
2026/05/13,門別,11,平取町すずらん鑑賞会特別Ｂ３～Ｃ１－１,1000,ダ,右,良,曇,7,1,1,ディープレゼント,牝,4,55.0,450,-2,桑村真,五十冬,9.7,3,1:02.1,37.5,5-5,3,450,-2
2026/05/13,門別,11,平取町すずらん鑑賞会特別Ｂ３～Ｃ１－１,1000,ダ,右,良,曇,7,4,4,ミッドナイトゲイル,牝,4,56.0,492,0,井上俊,櫻井拓,1.8,4,1:02.4,38.1,2-2,1,492,0
2026/05/13,門別,11,平取町すずらん鑑賞会特別Ｂ３～Ｃ１－１,1000,ダ,右,良,曇,7,7,7,ガロス,牡,4,57.0,468,-8,石川倭,小国博,2.0,5,1:02.8,38.5,3-2,2,468,-8
2026/05/13,門別,11,平取町すずらん鑑賞会特別Ｂ３～Ｃ１－１,1000,ダ,右,良,曇,7,2,2,ヴィオルナ,牝,5,54.0,420,4,近藤翔,川島雅,136.8,6,1:03.0,37.9,6-7,7,420,4
2026/05/13,門別,11,平取町すずらん鑑賞会特別Ｂ３～Ｃ１－１,1000,ダ,右,良,曇,7,6,6,サヤオンニ,牝,6,55.0,454,-2,岩橋勇,松本隆,13.7,7,1:03.2,38.9,3-2,4,454,-2
2026/05/13,門別,12,キタサンブラック・プレミアムＢ２～Ｂ４－,1700,ダ,右,良,雨,10,5,5,ジャスパードリーム,セ,0,57.0,532,2,石川倭,佐久雅,23.6,1,1:51.3,41.5,1-1-1-1,7,532,2
2026/05/13,門別,12,キタサンブラック・プレミアムＢ２～Ｂ４－,1700,ダ,右,良,雨,10,2,2,バンカブルスター,セ,0,58.0,502,-4,小野楓,黒川智,6.1,2,1:51.3,41.2,2-2-2-1,4,502,-4
2026/05/13,門別,12,キタサンブラック・プレミアムＢ２～Ｂ４－,1700,ダ,右,良,雨,10,8,9,ヨシイチ,牡,6,57.0,506,6,阿部龍,村上正,3.9,3,1:51.4,40.8,4-3-3-3,2,506,6
2026/05/13,門別,12,キタサンブラック・プレミアムＢ２～Ｂ４－,1700,ダ,右,良,雨,10,4,4,ワチュゴナドゥ,牡,4,57.0,508,-6,岩橋勇,田中淳,10.3,4,1:51.6,40.4,7-7-6-5,6,508,-6
2026/05/13,門別,12,キタサンブラック・プレミアムＢ２～Ｂ４－,1700,ダ,右,良,雨,10,3,3,サイモンソーラン,牡,7,57.0,498,-8,服部茂,齊藤正,6.5,5,1:51.8,40.2,8-9-9-7,5,498,-8
2026/05/13,門別,12,キタサンブラック・プレミアムＢ２～Ｂ４－,1700,ダ,右,良,雨,10,7,8,ミソタロ,牡,4,58.0,488,-2,落合玄,小国博,2.8,6,1:52.0,40.8,3-4-6-4,1,488,-2
2026/05/13,門別,12,キタサンブラック・プレミアムＢ２～Ｂ４－,1700,ダ,右,良,雨,10,7,7,アステロイドメア,牝,6,52.0,514,-2,渡邊準,田中淳,6.0,7,1:52.1,40.9,8-8-6-5,3,514,-2
2026/05/13,門別,12,キタサンブラック・プレミアムＢ２～Ｂ４－,1700,ダ,右,良,雨,10,6,6,ルクスシュナイダー,牡,6,57.0,500,2,黒澤愛,桧森邦,111.5,8,1:52.7,41.1,10-10-9-7,9,500,2
2026/05/13,門別,12,キタサンブラック・プレミアムＢ２～Ｂ４－,1700,ダ,右,良,雨,10,1,1,イケメンパリピ,牡,4,55.0,506,-18,藤田駕,桧森邦,80.8,9,1:54.1,42.9,4-4-4-7,8,506,-18
2026/05/13,門別,12,キタサンブラック・プレミアムＢ２～Ｂ４－,1700,ダ,右,良,雨,10,8,10,カラフルフレスコ,牝,7,52.0,482,4,小川悠,山田和,281.8,10,1:55.4,44.1,4-4-4-10,10,482,4
