race_date,venue,race_no,race_name,distance,surface,direction,track_cond,weather,field_size,waku,horse_no,horse_name,sex,age,weight_carried,horse_weight,weight_change,jockey,trainer,win_odds,finish_position,finish_time,last_3f,passage_rate,popularity,result_weight,result_weight_change
2022/01/17,浦和,1,２０２２浦和開幕福始め賞３歳三,1400,ダ,左,良,晴,8,4,4,ゴッドゲーム,牡,3,56.0,501,0,森泰斗,小久智,,1,1:31.8,39.4,2-2-2-2,1,501,0
2022/01/17,浦和,1,２０２２浦和開幕福始め賞３歳三,1400,ダ,左,良,晴,8,8,8,スターオブケリー,牝,3,54.0,515,11,見越彬,繁田健,,2,1:31.8,39.5,1-1-1-1,2,515,11
2022/01/17,浦和,1,２０２２浦和開幕福始め賞３歳三,1400,ダ,左,良,晴,8,6,6,コンアモーレ,牡,3,56.0,486,4,和田譲,宇野博,,3,1:32.0,39.3,4-4-3-3,3,486,4
2022/01/17,浦和,1,２０２２浦和開幕福始め賞３歳三,1400,ダ,左,良,晴,8,7,7,ホワイトネイル,牝,3,54.0,414,-1,吉留孝,藤原智,,4,1:33.5,39.8,6-7-7-5,8,414,-1
2022/01/17,浦和,1,２０２２浦和開幕福始め賞３歳三,1400,ダ,左,良,晴,8,3,3,ヒカリガサスホウヘ,牝,3,54.0,454,-4,町田直,酒井一,,5,1:33.7,41.0,3-3-4-4,6,454,-4
2022/01/17,浦和,1,２０２２浦和開幕福始め賞３歳三,1400,ダ,左,良,晴,8,5,5,ラウンドライデン,牝,3,53.0,461,-5,七夕裕,水野貴,,6,1:34.0,40.6,5-6-6-6,7,461,-5
2022/01/17,浦和,1,２０２２浦和開幕福始め賞３歳三,1400,ダ,左,良,晴,8,2,2,バルストライク,牡,3,56.0,529,-8,今野忠,矢内博,,7,1:34.0,40.9,8-5-5-7,5,529,-8
2022/01/17,浦和,1,２０２２浦和開幕福始め賞３歳三,1400,ダ,左,良,晴,8,1,1,アンコロモチ,牡,3,55.0,432,-8,池谷匠,甲田悟,,8,1:34.5,40.7,7-8-8-8,4,432,-8
2022/01/17,浦和,2,３歳二,1400,ダ,左,良,晴,10,6,6,グロリアスアポイ,牝,3,54.0,458,-3,町田直,酒井一,,1,1:32.7,40.9,4-4-5-3,1,458,-3
2022/01/17,浦和,2,３歳二,1400,ダ,左,良,晴,10,5,5,マスクドサムライ,牡,3,56.0,469,5,加藤和,藤原智,,2,1:33.1,40.9,8-8-6-5,4,469,5
2022/01/17,浦和,2,３歳二,1400,ダ,左,良,晴,10,8,10,フルスロットル,牝,3,54.0,467,-1,藤本現,河津裕,,3,1:33.2,41.3,6-6-4-2,3,467,-1
2022/01/17,浦和,2,３歳二,1400,ダ,左,良,晴,10,3,3,ジングルベル,牝,3,54.0,444,-9,和田譲,小久智,,4,1:33.3,41.6,3-3-3-1,7,444,-9
2022/01/17,浦和,2,３歳二,1400,ダ,左,良,晴,10,4,4,シェナチチカカ,牝,3,54.0,377,-3,岡村裕,山田正,,5,1:34.0,41.7,7-7-8-7,10,377,-3
2022/01/17,浦和,2,３歳二,1400,ダ,左,良,晴,10,2,2,ザワロイン,牝,3,54.0,433,2,岡田大,岡田一,,6,1:34.4,42.8,2-2-1-4,2,433,2
2022/01/17,浦和,2,３歳二,1400,ダ,左,良,晴,10,7,8,サッポロジャンプ,牝,3,53.0,430,-3,池谷匠,田島寿,,7,1:35.2,43.2,5-5-9-9,8,430,-3
2022/01/17,浦和,2,３歳二,1400,ダ,左,良,晴,10,1,1,セレブナヴィーナス,牝,3,54.0,413,2,吉留孝,野口孝,,8,1:36.0,44.5,1-1-2-6,9,413,2
2022/01/17,浦和,2,３歳二,1400,ダ,左,良,晴,10,8,9,シンライウォリアー,牡,3,56.0,449,9,福原杏,柘榴浩,,9,1:36.0,43.6,9-9-7-8,6,449,9
2022/01/17,浦和,2,３歳二,1400,ダ,左,良,晴,10,7,7,タイセイエミネント,牡,3,56.0,446,-5,笹川翼,内田勝,,10,1:36.2,43.6,10-10-10-10,5,446,-5
2022/01/17,浦和,3,Ｃ３八 九 十,1400,ダ,左,良,晴,12,8,11,ロイヤルアイザック,牡,8,56.0,474,0,澤田龍,新井清,,1,1:32.3,40.0,3-4-3-1,1,474,0
2022/01/17,浦和,3,Ｃ３八 九 十,1400,ダ,左,良,晴,12,1,1,スマイルジーニアス,セ,0,56.0,500,-6,福原杏,鹿沼和,,2,1:32.7,40.2,4-3-4-3,6,500,-6
2022/01/17,浦和,3,Ｃ３八 九 十,1400,ダ,左,良,晴,12,3,3,セイウングラッパ,牡,7,56.0,453,6,吉留孝,吉田正,,3,1:33.2,39.7,10-10-9-7,4,453,6
2022/01/17,浦和,3,Ｃ３八 九 十,1400,ダ,左,良,晴,12,4,4,トーセンクルーズ,牝,7,54.0,437,-5,高橋哲,工藤伸,,4,1:33.4,40.7,6-5-5-5,3,437,-5
2022/01/17,浦和,3,Ｃ３八 九 十,1400,ダ,左,良,晴,12,5,5,ゴーオンザステージ,牝,7,54.0,453,10,張田昂,平山真,,5,1:33.8,40.6,9-8-6-6,11,453,10
2022/01/17,浦和,3,Ｃ３八 九 十,1400,ダ,左,良,晴,12,8,12,グランフルール,牝,7,54.0,501,-5,秋元耕,鹿沼和,,6,1:33.9,40.7,7-9-8-8,10,501,-5
2022/01/17,浦和,3,Ｃ３八 九 十,1400,ダ,左,良,晴,12,7,9,トーセンレオ,牡,7,56.0,562,5,橋本直,川村守,,7,1:34.0,40.4,11-11-11-9,7,562,5
2022/01/17,浦和,3,Ｃ３八 九 十,1400,ダ,左,良,晴,12,6,7,シンキングタイム,牝,7,54.0,483,3,笹川翼,内田勝,,8,1:34.0,42.1,2-2-2-2,2,483,3
2022/01/17,浦和,3,Ｃ３八 九 十,1400,ダ,左,良,晴,12,6,8,アールレアル,セ,0,56.0,462,5,保園翔,小澤宏,,9,1:34.1,40.1,12-12-12-12,5,462,5
2022/01/17,浦和,3,Ｃ３八 九 十,1400,ダ,左,良,晴,12,5,6,リバティヘッド,牡,6,56.0,471,2,見越彬,海馬司,,10,1:35.0,43.5,1-1-1-4,9,471,2
2022/01/17,浦和,3,Ｃ３八 九 十,1400,ダ,左,良,晴,12,2,2,パレスギガント,牡,6,55.0,485,-3,七夕裕,長谷忍,,11,1:35.4,42.2,5-6-10-10,12,485,-3
2022/01/17,浦和,3,Ｃ３八 九 十,1400,ダ,左,良,晴,12,7,10,モズメイダン,牡,8,56.0,486,0,半澤慶,柘榴浩,,12,1:35.7,42.7,8-7-7-11,8,486,0
2022/01/17,浦和,4,特選Ｃ３ ４歳ア,1500,ダ,左,良,晴,10,3,3,ペイシャレン,牝,4,54.0,468,11,森泰斗,平山真,,1,1:38.7,39.5,4-4-4-3,1,468,11
2022/01/17,浦和,4,特選Ｃ３ ４歳ア,1500,ダ,左,良,晴,10,2,2,エルフバローズ,牝,4,54.0,433,-9,矢野貴,工藤伸,,2,1:38.9,40.0,2-2-2-2,3,433,-9
2022/01/17,浦和,4,特選Ｃ３ ４歳ア,1500,ダ,左,良,晴,10,7,8,レジュールウール,牝,4,54.0,463,-8,達城龍,野口寛,,3,1:39.0,40.2,1-1-1-1,2,463,-8
2022/01/17,浦和,4,特選Ｃ３ ４歳ア,1500,ダ,左,良,晴,10,6,6,リスキーウィスキー,牡,4,56.0,502,0,見越彬,山越光,,4,1:40.0,40.6,7-6-5-5,7,502,0
2022/01/17,浦和,4,特選Ｃ３ ４歳ア,1500,ダ,左,良,晴,10,8,10,サクラトップパレス,牝,4,54.0,427,-4,酒井忍,鹿沼和,,5,1:40.0,40.4,6-7-7-7,4,427,-4
2022/01/17,浦和,4,特選Ｃ３ ４歳ア,1500,ダ,左,良,晴,10,5,5,コスモリカバリー,牡,4,56.0,496,4,吉留孝,山越光,,6,1:40.5,40.4,9-9-8-8,8,496,4
2022/01/17,浦和,4,特選Ｃ３ ４歳ア,1500,ダ,左,良,晴,10,8,9,クレールプリュネル,牝,4,53.0,455,5,篠谷葵,山越光,,7,1:40.8,41.4,5-5-6-6,6,455,5
2022/01/17,浦和,4,特選Ｃ３ ４歳ア,1500,ダ,左,良,晴,10,4,4,マウコウカミ,牝,4,54.0,450,3,内田利,藤原智,,8,1:41.3,41.1,8-8-9-9,9,450,3
2022/01/17,浦和,4,特選Ｃ３ ４歳ア,1500,ダ,左,良,晴,10,7,7,トチノヒーロー,牡,4,56.0,444,0,川島正,山越光,,9,1:41.3,42.2,3-3-3-4,5,444,0
2022/01/17,浦和,4,特選Ｃ３ ４歳ア,1500,ダ,左,良,晴,10,1,1,セイウンブイワン,牡,4,56.0,434,1,國分祐,冨田敏,,10,1:41.9,41.4,10-10-10-10,10,434,1
2022/01/17,浦和,5,Ｃ３八 九 十,1500,ダ,左,良,晴,12,8,12,マウナケアシチー,牡,7,56.0,520,-3,山口達,林正人,,1,1:39.8,40.2,4-4-3-2,1,520,-3
2022/01/17,浦和,5,Ｃ３八 九 十,1500,ダ,左,良,晴,12,7,10,シェナノブチ,牡,7,56.0,422,3,岡田大,冨田敏,,2,1:39.8,40.2,3-3-5-4,3,422,3
2022/01/17,浦和,5,Ｃ３八 九 十,1500,ダ,左,良,晴,12,8,11,ビアンカグリーン,牡,7,56.0,496,5,藤江渉,酒井一,,3,1:39.8,40.4,5-5-1-1,4,496,5
2022/01/17,浦和,5,Ｃ３八 九 十,1500,ダ,左,良,晴,12,7,9,タカラビート,牡,8,56.0,465,-2,藤本現,齊藤敏,,4,1:40.4,39.6,11-12-9-7,8,465,-2
2022/01/17,浦和,5,Ｃ３八 九 十,1500,ダ,左,良,晴,12,5,6,ウルティムホーマ,牝,8,54.0,419,-7,和田譲,栗林信,,5,1:40.4,39.9,12-11-7-6,7,419,-7
2022/01/17,浦和,5,Ｃ３八 九 十,1500,ダ,左,良,晴,12,3,3,クラセイジョ,牝,9,51.0,476,2,菅原涼,藤原智,,6,1:41.4,42.0,2-2-2-3,11,476,2
2022/01/17,浦和,5,Ｃ３八 九 十,1500,ダ,左,良,晴,12,6,7,サンカーメル,牝,8,54.0,449,3,保園翔,海馬司,,7,1:41.5,41.3,8-7-6-8,9,449,3
2022/01/17,浦和,5,Ｃ３八 九 十,1500,ダ,左,良,晴,12,1,1,グレートバロン,牡,8,56.0,483,9,吉留孝,岡田一,,8,1:42.0,42.6,1-1-4-5,2,483,9
2022/01/17,浦和,5,Ｃ３八 九 十,1500,ダ,左,良,晴,12,4,4,ビドウ,牝,7,53.0,423,3,池谷匠,渋谷博,,9,1:42.1,41.3,7-8-12-10,5,423,3
2022/01/17,浦和,5,Ｃ３八 九 十,1500,ダ,左,良,晴,12,2,2,ホクセツ,セ,0,56.0,546,8,秋元耕,柘榴浩,,10,1:42.3,41.7,9-9-10-11,6,546,8
2022/01/17,浦和,5,Ｃ３八 九 十,1500,ダ,左,良,晴,12,6,8,ユウユウリアン,牡,6,56.0,434,5,本田紀,村田六,,11,1:42.3,41.7,10-10-11-12,12,434,5
2022/01/17,浦和,5,Ｃ３八 九 十,1500,ダ,左,良,晴,12,5,5,オルエン,牝,6,53.0,466,-2,七夕裕,川村守,,12,1:42.7,42.4,6-6-8-9,10,466,-2
2022/01/17,浦和,6,秩父吉田　山逢の里賞Ｃ２二 三,1500,ダ,左,良,晴,12,1,1,トレジャーバローズ,牡,4,56.0,446,0,本橋孝,繁田健,,1,1:38.3,39.7,1-1-1-1,1,446,0
2022/01/17,浦和,6,秩父吉田　山逢の里賞Ｃ２二 三,1500,ダ,左,良,晴,12,8,11,ブルベアヴェルデ,牡,6,56.0,477,6,吉井章,藤原智,,2,1:38.8,40.1,4-4-3-4,4,477,6
2022/01/17,浦和,6,秩父吉田　山逢の里賞Ｃ２二 三,1500,ダ,左,良,晴,12,3,3,パンディーロ,セ,0,56.0,511,2,笹川翼,内田勝,,3,1:39.3,40.7,3-2-2-2,2,511,2
2022/01/17,浦和,6,秩父吉田　山逢の里賞Ｃ２二 三,1500,ダ,左,良,晴,12,2,2,ゴールドセイバー,セ,0,56.0,474,-2,増田充,高月賢,,4,1:39.3,40.4,5-5-4-3,5,474,-2
2022/01/17,浦和,6,秩父吉田　山逢の里賞Ｃ２二 三,1500,ダ,左,良,晴,12,5,5,ラッキーラック,牡,4,56.0,447,-1,半澤慶,宇野博,,5,1:39.7,40.8,6-6-5-6,8,447,-1
2022/01/17,浦和,6,秩父吉田　山逢の里賞Ｃ２二 三,1500,ダ,左,良,晴,12,6,7,エイシンイオ,牝,4,54.0,447,-1,保園翔,薮口一,,6,1:39.9,40.1,11-11-8-7,10,447,-1
2022/01/17,浦和,6,秩父吉田　山逢の里賞Ｃ２二 三,1500,ダ,左,良,晴,12,4,4,キョウエイアップ,牡,4,56.0,508,18,藤本現,小澤宏,,7,1:40.0,40.9,7-7-6-5,7,508,18
2022/01/17,浦和,6,秩父吉田　山逢の里賞Ｃ２二 三,1500,ダ,左,良,晴,12,5,6,ラピッドフォール,牝,4,54.0,439,0,川島正,野口寛,,8,1:41.1,41.3,8-8-11-10,11,439,0
2022/01/17,浦和,6,秩父吉田　山逢の里賞Ｃ２二 三,1500,ダ,左,良,晴,12,7,9,ツクバフタツボシ,牝,5,54.0,491,-1,藤江渉,山越光,,9,1:41.2,41.6,9-9-10-8,9,491,-1
2022/01/17,浦和,6,秩父吉田　山逢の里賞Ｃ２二 三,1500,ダ,左,良,晴,12,7,10,ブルームヴォーグ,牡,5,56.0,523,7,今野忠,海馬司,,10,1:41.2,41.7,10-10-9-9,6,523,7
2022/01/17,浦和,6,秩父吉田　山逢の里賞Ｃ２二 三,1500,ダ,左,良,晴,12,8,12,ファストーゾ,牝,5,54.0,487,-16,森泰斗,小久智,,11,1:42.2,43.5,2-3-7-11,3,487,-16
2022/01/17,浦和,6,秩父吉田　山逢の里賞Ｃ２二 三,1500,ダ,左,良,晴,12,6,8,トーセンガーリー,牝,4,54.0,0,0,濱田達,平山真,,,,,,,0,0
2022/01/17,浦和,7,Ｃ３八 九 十,1400,ダ,左,良,晴,12,8,12,マイネルアンドゥミ,牡,7,56.0,451,0,福原杏,川村守,,1,1:32.7,40.6,3-3-2-1,2,451,0
2022/01/17,浦和,7,Ｃ３八 九 十,1400,ダ,左,良,晴,12,5,6,クールスパート,牡,7,56.0,450,10,寺島憂,野口寛,,2,1:33.4,41.5,1-1-1-2,6,450,10
2022/01/17,浦和,7,Ｃ３八 九 十,1400,ダ,左,良,晴,12,1,1,サンベリーニ,牝,8,54.0,461,0,本田紀,八木仁,,3,1:33.6,40.7,10-10-7-9,5,461,0
2022/01/17,浦和,7,Ｃ３八 九 十,1400,ダ,左,良,晴,12,8,11,ムスメジントーヨー,牝,8,54.0,422,-5,町田直,田邊陽,,4,1:33.8,41.3,5-5-6-5,4,422,-5
2022/01/17,浦和,7,Ｃ３八 九 十,1400,ダ,左,良,晴,12,6,8,ロッカーモーション,牝,6,54.0,499,5,秋元耕,内野健,,5,1:33.9,41.5,6-7-4-3,1,499,5
2022/01/17,浦和,7,Ｃ３八 九 十,1400,ダ,左,良,晴,12,5,5,プリートソリード,牝,6,54.0,488,-1,櫻井光,村田六,,6,1:34.1,41.2,7-6-8-7,7,488,-1
2022/01/17,浦和,7,Ｃ３八 九 十,1400,ダ,左,良,晴,12,2,2,ネオエンジェル,牝,6,54.0,441,8,國分祐,冨田敏,,7,1:34.2,41.0,9-9-10-8,10,441,8
2022/01/17,浦和,7,Ｃ３八 九 十,1400,ダ,左,良,晴,12,6,7,ピノゼン,牝,6,54.0,472,-5,達城龍,野口孝,,8,1:34.4,42.3,2-2-3-4,3,472,-5
2022/01/17,浦和,7,Ｃ３八 九 十,1400,ダ,左,良,晴,12,3,3,ワンダーヘーヒスト,牡,8,56.0,469,3,岡田大,鈴木勝,,9,1:34.5,41.4,8-8-9-10,9,469,3
2022/01/17,浦和,7,Ｃ３八 九 十,1400,ダ,左,良,晴,12,7,9,キャルフ,牝,8,54.0,472,1,岡村健,新井清,,10,1:35.0,42.5,4-4-5-6,8,472,1
2022/01/17,浦和,7,Ｃ３八 九 十,1400,ダ,左,良,晴,12,4,4,レインボーシャトル,牡,7,56.0,0,0,仲野光,阿井正,,,,,,,0,0
2022/01/17,浦和,7,Ｃ３八 九 十,1400,ダ,左,良,晴,12,7,10,ユメツクシ,牝,6,54.0,512,-2,加藤和,長谷忍,,,,,,,512,-2
2022/01/17,浦和,8,浦和８００ラウンドＣ１選抜馬,800,ダ,左,良,晴,11,6,7,トミケンリューヤー,牡,5,56.0,532,1,森泰斗,平山真,,1,0:47.7,35.7,1-1,1,532,1
2022/01/17,浦和,8,浦和８００ラウンドＣ１選抜馬,800,ダ,左,良,晴,11,7,8,シェナホープ,牡,5,56.0,481,3,内田利,吉田正,,2,0:48.2,36.0,2-2,2,481,3
2022/01/17,浦和,8,浦和８００ラウンドＣ１選抜馬,800,ダ,左,良,晴,11,7,9,アップタウンローズ,牝,5,52.0,471,0,古岡勇,水野貴,,3,0:48.6,36.1,4-4,9,471,0
2022/01/17,浦和,8,浦和８００ラウンドＣ１選抜馬,800,ダ,左,良,晴,11,6,6,キラキラオーラ,牝,7,54.0,456,10,高橋哲,牛房榮,,4,0:48.9,36.6,5-6,4,456,10
2022/01/17,浦和,8,浦和８００ラウンドＣ１選抜馬,800,ダ,左,良,晴,11,1,1,タンレイ,牝,6,54.0,443,-3,張田昂,林隆之,,5,0:49.0,35.9,10-10,6,443,-3
2022/01/17,浦和,8,浦和８００ラウンドＣ１選抜馬,800,ダ,左,良,晴,11,8,10,レーヴプルーヴ,牝,4,54.0,451,3,笹川翼,繁田健,,6,0:49.0,36.2,8-5,7,451,3
2022/01/17,浦和,8,浦和８００ラウンドＣ１選抜馬,800,ダ,左,良,晴,11,5,5,スプリングローズ,牝,4,54.0,435,-1,左海誠,小久智,,7,0:49.0,36.8,3-3,3,435,-1
2022/01/17,浦和,8,浦和８００ラウンドＣ１選抜馬,800,ダ,左,良,晴,11,8,11,エンジェルティアラ,牝,5,54.0,470,-8,和田譲,今井輝,,8,0:49.2,36.6,6-8,5,470,-8
2022/01/17,浦和,8,浦和８００ラウンドＣ１選抜馬,800,ダ,左,良,晴,11,4,4,マナモクプニ,牝,5,54.0,429,4,福原杏,齊藤敏,,9,0:49.5,36.7,9-7,10,429,4
2022/01/17,浦和,8,浦和８００ラウンドＣ１選抜馬,800,ダ,左,良,晴,11,3,3,シゲルキャリバン,牝,5,53.0,464,0,篠谷葵,酒井一,,10,0:49.8,36.9,7-9,8,464,0
2022/01/17,浦和,8,浦和８００ラウンドＣ１選抜馬,800,ダ,左,良,晴,11,2,2,ファルーク,セ,0,56.0,454,0,伊藤裕,吉橋淳,,11,0:50.0,36.3,11-11,11,454,0
2022/01/17,浦和,9,Ｃ２二 三,1400,ダ,左,良,晴,12,8,11,イチジン,牡,5,56.0,460,3,加藤和,長谷忍,,1,1:30.8,39.6,5-3-2-2,2,460,3
2022/01/17,浦和,9,Ｃ２二 三,1400,ダ,左,良,晴,12,5,6,シュゼット,牝,5,54.0,474,-4,吉留孝,安池成,,2,1:30.8,39.1,7-6-4-3,6,474,-4
2022/01/17,浦和,9,Ｃ２二 三,1400,ダ,左,良,晴,12,1,1,ローリングサンダー,セ,0,56.0,513,4,張田昂,小澤宏,,3,1:30.9,39.9,1-1-1-1,1,513,4
2022/01/17,浦和,9,Ｃ２二 三,1400,ダ,左,良,晴,12,6,7,ミトノラッキー,牝,4,54.0,444,1,岡田大,山越光,,4,1:31.1,38.8,11-11-9-7,12,444,1
2022/01/17,浦和,9,Ｃ２二 三,1400,ダ,左,良,晴,12,5,5,フェアリーマジック,牝,5,54.0,447,2,見越彬,川村守,,5,1:32.0,40.6,4-4-5-4,7,447,2
2022/01/17,浦和,9,Ｃ２二 三,1400,ダ,左,良,晴,12,6,8,ユアソーラ,セ,0,56.0,453,-5,川島正,野口孝,,6,1:32.2,40.1,10-10-6-5,9,453,-5
2022/01/17,浦和,9,Ｃ２二 三,1400,ダ,左,良,晴,12,7,10,ヤマノプレミアム,牡,6,56.0,475,0,内田利,藤原智,,7,1:32.3,40.4,9-8-8-8,10,475,0
2022/01/17,浦和,9,Ｃ２二 三,1400,ダ,左,良,晴,12,4,4,シーオブセレニティ,セ,0,56.0,442,3,酒井忍,海馬司,,8,1:32.6,40.8,2-5-7-9,8,442,3
2022/01/17,浦和,9,Ｃ２二 三,1400,ダ,左,良,晴,12,8,12,ロッソビアンコ,牝,5,54.0,466,4,森泰斗,小久智,,9,1:33.4,42.4,3-2-3-6,3,466,4
2022/01/17,浦和,9,Ｃ２二 三,1400,ダ,左,良,晴,12,3,3,モリデンタワー,牝,4,54.0,466,-15,保園翔,山越光,,10,1:33.4,41.3,6-7-10-10,11,466,-15
2022/01/17,浦和,9,Ｃ２二 三,1400,ダ,左,良,晴,12,2,2,モリトローテローゼ,牝,6,54.0,481,3,笹川翼,水野貴,,11,1:35.0,42.7,8-9-11-11,5,481,3
2022/01/17,浦和,9,Ｃ２二 三,1400,ダ,左,良,晴,12,7,9,アスクフラッシュ,牡,6,56.0,496,-5,高橋哲,横山保,,,,,12-12,4,496,-5
2022/01/17,浦和,10,冬木立特別Ｃ１二,1400,ダ,左,良,晴,11,1,1,ナムラタイガー,牡,5,56.0,541,4,酒井忍,柘榴浩,,1,1:30.1,39.0,10-10-5-4,5,541,4
2022/01/17,浦和,10,冬木立特別Ｃ１二,1400,ダ,左,良,晴,11,4,4,フィスラー,牡,4,56.0,482,-3,伊藤裕,鈴木義,,2,1:30.3,39.2,9-7-8-7,9,482,-3
2022/01/17,浦和,10,冬木立特別Ｃ１二,1400,ダ,左,良,晴,11,8,11,グローリアスライブ,牝,6,54.0,494,-6,増田充,高月賢,,3,1:30.4,39.7,5-5-4-1,6,494,-6
2022/01/17,浦和,10,冬木立特別Ｃ１二,1400,ダ,左,良,晴,11,7,8,ブルーオラーリオ,牡,8,56.0,477,1,森泰斗,新井清,,4,1:30.4,39.6,8-9-2-3,1,477,1
2022/01/17,浦和,10,冬木立特別Ｃ１二,1400,ダ,左,良,晴,11,5,5,マツリダインゴット,セ,0,56.0,503,6,内田利,長谷忍,,5,1:30.6,39.9,1-1-1-2,11,503,6
2022/01/17,浦和,10,冬木立特別Ｃ１二,1400,ダ,左,良,晴,11,2,2,エムオーアタック,牡,4,56.0,474,-4,矢野貴,高月賢,,6,1:30.7,39.9,4-4-6-6,3,474,-4
2022/01/17,浦和,10,冬木立特別Ｃ１二,1400,ダ,左,良,晴,11,7,9,ハーモニーレグルス,牡,4,56.0,512,-6,張田昂,高月賢,,7,1:30.8,40.0,3-3-7-8,8,512,-6
2022/01/17,浦和,10,冬木立特別Ｃ１二,1400,ダ,左,良,晴,11,8,10,アイエンジェル,牝,5,54.0,487,0,笹川翼,岡田一,,8,1:31.4,40.3,7-8-9-9,4,487,0
2022/01/17,浦和,10,冬木立特別Ｃ１二,1400,ダ,左,良,晴,11,6,6,スミトアンドチャー,牡,8,56.0,521,-2,保園翔,川島豊,,9,1:31.5,40.8,2-2-3-5,10,521,-2
2022/01/17,浦和,10,冬木立特別Ｃ１二,1400,ダ,左,良,晴,11,3,3,アークリオーソ,牡,4,56.0,475,21,櫻井光,平田正,,10,1:31.9,40.8,6-6-10-10,7,475,21
2022/01/17,浦和,10,冬木立特別Ｃ１二,1400,ダ,左,良,晴,11,6,7,ジュネス,牝,5,54.0,502,4,左海誠,小久智,,,,,,2,502,4
2022/01/17,浦和,11,初見月特別Ｂ３二,1400,ダ,左,良,晴,12,3,3,フクサングレート,牡,5,56.0,501,-4,和田譲,宇野博,,1,1:29.2,39.1,5-3-2-3,1,501,-4
2022/01/17,浦和,11,初見月特別Ｂ３二,1400,ダ,左,良,晴,12,7,9,ウインウェルス,牡,9,56.0,514,-10,岡村健,新井清,,2,1:29.7,38.8,12-12-5-1,11,514,-10
2022/01/17,浦和,11,初見月特別Ｂ３二,1400,ダ,左,良,晴,12,5,5,ルーレットスピナー,牡,7,56.0,471,9,矢野貴,山下之,,3,1:30.3,39.4,8-9-9-7,7,471,9
2022/01/17,浦和,11,初見月特別Ｂ３二,1400,ダ,左,良,晴,12,7,10,ハニーコーン,牡,8,56.0,483,1,加藤和,長谷忍,,4,1:30.3,39.7,10-8-6-6,5,483,1
2022/01/17,浦和,11,初見月特別Ｂ３二,1400,ダ,左,良,晴,12,1,1,シャイニー,牡,6,56.0,531,-1,川島正,野口寛,,5,1:30.4,39.5,9-10-12-9,3,531,-1
2022/01/17,浦和,11,初見月特別Ｂ３二,1400,ダ,左,良,晴,12,4,4,シュバルツリッター,セ,0,56.0,456,-4,森泰斗,小久智,,6,1:30.9,41.1,2-1-1-2,4,456,-4
2022/01/17,浦和,11,初見月特別Ｂ３二,1400,ダ,左,良,晴,12,5,6,シナノビクター,牝,5,54.0,449,-8,吉留孝,岡田一,,7,1:31.0,40.6,3-5-7-5,10,449,-8
2022/01/17,浦和,11,初見月特別Ｂ３二,1400,ダ,左,良,晴,12,6,7,モンゲーハガネ,牡,4,56.0,487,-5,町田直,鈴木義,,8,1:31.2,40.3,6-7-11-11,9,487,-5
2022/01/17,浦和,11,初見月特別Ｂ３二,1400,ダ,左,良,晴,12,2,2,ルチルクォーツ,牝,4,54.0,484,1,笹川翼,水野貴,,9,1:31.5,40.8,7-6-10-8,6,484,1
2022/01/17,浦和,11,初見月特別Ｂ３二,1400,ダ,左,良,晴,12,8,11,フラミンゴフライト,牝,5,54.0,490,-2,今野忠,甲田悟,,10,1:31.6,41.1,11-11-4-4,2,490,-2
2022/01/17,浦和,11,初見月特別Ｂ３二,1400,ダ,左,良,晴,12,8,12,モリデンスター,牡,5,56.0,458,0,保園翔,山越光,,11,1:32.2,42.1,1-2-8-12,12,458,0
2022/01/17,浦和,11,初見月特別Ｂ３二,1400,ダ,左,良,晴,12,6,8,ロッティミニスター,牡,4,56.0,505,6,本橋孝,小久智,,12,1:32.4,42.2,4-4-3-10,8,505,6
2022/01/17,浦和,12,山茶花特別Ｃ２選抜馬,2000,ダ,左,良,晴,12,6,8,マイネルジェンマ,牡,6,56.0,497,-7,橋本直,内野健,,1,2:14.6,39.4,3-3-2-1,2,497,-7
2022/01/17,浦和,12,山茶花特別Ｃ２選抜馬,2000,ダ,左,良,晴,12,5,6,カズノオジョウ,牝,4,54.0,487,7,達城龍,柘榴浩,,2,2:14.8,39.0,4-4-5-4,5,487,7
2022/01/17,浦和,12,山茶花特別Ｃ２選抜馬,2000,ダ,左,良,晴,12,1,1,レインボーカラー,牝,4,54.0,508,2,内田利,藤原智,,3,2:15.3,40.2,1-1-1-2,6,508,2
2022/01/17,浦和,12,山茶花特別Ｃ２選抜馬,2000,ダ,左,良,晴,12,2,2,ニシノオクタゴン,牡,7,56.0,494,10,國分祐,冨田敏,,4,2:15.3,39.3,5-5-6-6,3,494,10
2022/01/17,浦和,12,山茶花特別Ｃ２選抜馬,2000,ダ,左,良,晴,12,6,7,ジオパークマグマ,牡,4,56.0,470,2,寺島憂,川島豊,,5,2:15.4,39.8,9-7-4-5,7,470,2
2022/01/17,浦和,12,山茶花特別Ｃ２選抜馬,2000,ダ,左,良,晴,12,5,5,アルバリ,牡,7,56.0,435,-1,秋元耕,箕輪武,,6,2:15.4,40.2,2-2-3-3,1,435,-1
2022/01/17,浦和,12,山茶花特別Ｃ２選抜馬,2000,ダ,左,良,晴,12,8,12,オウケンランボー,牡,6,56.0,539,-3,吉留孝,薮口一,,7,2:15.9,39.4,11-10-7-7,4,539,-3
2022/01/17,浦和,12,山茶花特別Ｃ２選抜馬,2000,ダ,左,良,晴,12,3,3,シナノジャングル,牡,4,56.0,473,4,保園翔,岡田一,,8,2:17.0,40.5,8-8-10-10,11,473,4
2022/01/17,浦和,12,山茶花特別Ｃ２選抜馬,2000,ダ,左,良,晴,12,8,11,イサチルダイチ,牡,6,56.0,517,-1,町田直,長谷忍,,9,2:17.3,40.2,12-12-11-11,9,517,-1
2022/01/17,浦和,12,山茶花特別Ｃ２選抜馬,2000,ダ,左,良,晴,12,7,10,エクセルレジェンド,牡,9,56.0,455,4,藤江渉,牛房榮,,10,2:17.5,41.0,6-6-8-9,10,455,4
2022/01/17,浦和,12,山茶花特別Ｃ２選抜馬,2000,ダ,左,良,晴,12,4,4,カンノンショウ,牡,4,56.0,459,14,今野忠,柘榴浩,,11,2:17.7,41.2,7-9-9-8,12,459,14
2022/01/17,浦和,12,山茶花特別Ｃ２選抜馬,2000,ダ,左,良,晴,12,7,9,ショスタコーヴィチ,牡,4,56.0,438,5,藤本現,野口孝,,12,2:17.9,40.8,10-11-12-12,8,438,5
2022/01/18,浦和,1,浦和８００ラウンドＣ３選抜馬イ,800,ダ,左,良,晴,12,7,9,ケイティーヒナノ,牝,7,54.0,484,-2,岡田大,柘榴浩,,1,0:49.2,36.5,1-1,2,484,-2
2022/01/18,浦和,1,浦和８００ラウンドＣ３選抜馬イ,800,ダ,左,良,晴,12,2,2,クレヴァージャッジ,牡,5,56.0,517,4,加藤和,内野健,,2,0:49.3,36.3,3-2,3,517,4
2022/01/18,浦和,1,浦和８００ラウンドＣ３選抜馬イ,800,ダ,左,良,晴,12,8,12,ラヴアンドゲーム,牝,5,53.0,462,8,篠谷葵,酒井一,,3,0:49.7,36.9,2-3,4,462,8
2022/01/18,浦和,1,浦和８００ラウンドＣ３選抜馬イ,800,ダ,左,良,晴,12,8,11,ロゼッタハート,牝,8,54.0,442,-2,高橋哲,牛房榮,,4,0:50.2,37.0,4-4,5,442,-2
2022/01/18,浦和,1,浦和８００ラウンドＣ３選抜馬イ,800,ダ,左,良,晴,12,7,10,ナンセイエメラルド,牝,6,54.0,461,8,和田譲,山越光,,5,0:50.8,37.1,6-6,8,461,8
2022/01/18,浦和,1,浦和８００ラウンドＣ３選抜馬イ,800,ダ,左,良,晴,12,3,3,レッドキュリアス,牝,5,54.0,443,6,福原杏,海馬司,,6,0:50.9,37.9,5-5,1,443,6
2022/01/18,浦和,1,浦和８００ラウンドＣ３選抜馬イ,800,ダ,左,良,晴,12,5,5,コウエイダイチ,牡,8,56.0,459,8,寺島憂,吉田正,,7,0:51.0,37.1,8-7,11,459,8
2022/01/18,浦和,1,浦和８００ラウンドＣ３選抜馬イ,800,ダ,左,良,晴,12,1,1,フライトメモリア,牝,4,54.0,520,3,秋元耕,川村守,,8,0:51.2,37.0,10-9,7,520,3
2022/01/18,浦和,1,浦和８００ラウンドＣ３選抜馬イ,800,ダ,左,良,晴,12,6,7,テーオーメシア,牡,4,53.0,455,-9,菅原涼,長谷忍,,9,0:51.5,37.6,9-11,10,455,-9
2022/01/18,浦和,1,浦和８００ラウンドＣ３選抜馬イ,800,ダ,左,良,晴,12,6,8,ザヴィネリ,牝,4,54.0,410,-3,見越彬,小林真,,10,0:51.6,38.2,7-8,12,410,-3
2022/01/18,浦和,1,浦和８００ラウンドＣ３選抜馬イ,800,ダ,左,良,晴,12,4,4,ホロシリダケ,セ,0,55.0,474,13,七夕裕,野口孝,,11,0:51.7,37.4,11-10,9,474,13
2022/01/18,浦和,1,浦和８００ラウンドＣ３選抜馬イ,800,ダ,左,良,晴,12,5,6,ツーエムポラリス,牡,7,56.0,463,-14,山中悠,鈴木勝,,12,0:51.9,37.5,12-12,6,463,-14
2022/01/18,浦和,2,Ｃ３ ４歳イ,1400,ダ,左,良,晴,11,1,1,バードハズフロウン,牝,4,54.0,432,-1,秋元耕,横山保,,1,1:31.9,39.8,6-5-5-5,8,432,-1
2022/01/18,浦和,2,Ｃ３ ４歳イ,1400,ダ,左,良,晴,11,4,4,ジョーアヤメ,牝,4,54.0,429,0,和田譲,小久智,,2,1:32.1,40.6,2-2-1-2,2,429,0
2022/01/18,浦和,2,Ｃ３ ４歳イ,1400,ダ,左,良,晴,11,5,5,ベリリウンヌ,牝,4,54.0,429,10,保園翔,海馬司,,3,1:32.1,39.0,7-9-9-6,7,429,10
2022/01/18,浦和,2,Ｃ３ ４歳イ,1400,ダ,左,良,晴,11,7,8,セキノアトラス,牡,4,56.0,435,7,高橋哲,横山保,,4,1:32.3,40.6,4-4-4-1,1,435,7
2022/01/18,浦和,2,Ｃ３ ４歳イ,1400,ダ,左,良,晴,11,8,10,ワンダーニメンソウ,牝,4,54.0,481,-2,橋本直,鈴木勝,,5,1:32.9,40.1,8-8-7-8,10,481,-2
2022/01/18,浦和,2,Ｃ３ ４歳イ,1400,ダ,左,良,晴,11,6,6,ルフトバローン,牝,4,54.0,449,4,吉留孝,薮口一,,6,1:32.9,41.3,3-3-3-3,3,449,4
2022/01/18,浦和,2,Ｃ３ ４歳イ,1400,ダ,左,良,晴,11,6,7,バナナムーン,牝,4,54.0,470,4,見越彬,牛房榮,,7,1:33.4,40.7,5-6-6-7,6,470,4
2022/01/18,浦和,2,Ｃ３ ４歳イ,1400,ダ,左,良,晴,11,2,2,ウインドアリエル,牝,4,54.0,426,2,矢野貴,小澤宏,,8,1:33.6,42.3,1-1-2-4,4,426,2
2022/01/18,浦和,2,Ｃ３ ４歳イ,1400,ダ,左,良,晴,11,8,11,サンライズテソロ,牡,4,56.0,442,-1,半澤慶,川島豊,,9,1:33.9,41.4,9-7-8-9,5,442,-1
2022/01/18,浦和,2,Ｃ３ ４歳イ,1400,ダ,左,良,晴,11,3,3,スタービート,牡,4,56.0,511,-2,藤江渉,野口孝,,10,1:34.4,40.5,11-11-11-11,11,511,-2
2022/01/18,浦和,2,Ｃ３ ４歳イ,1400,ダ,左,良,晴,11,7,9,スマートラムセス,牡,4,56.0,519,-4,藤本現,酒井一,,11,1:34.5,41.0,10-10-10-10,9,519,-4
2022/01/18,浦和,3,Ｃ２四 五 六,1400,ダ,左,良,晴,12,2,2,ヴェールレガロ,牡,7,54.0,521,17,古岡勇,小澤宏,,1,1:31.2,39.9,1-1-1-1,5,521,17
2022/01/18,浦和,3,Ｃ２四 五 六,1400,ダ,左,良,晴,12,6,7,アンシミラー,牡,5,57.0,469,-3,吉留孝,薮口一,,2,1:31.4,39.7,6-5-5-2,4,469,-3
2022/01/18,浦和,3,Ｃ２四 五 六,1400,ダ,左,良,晴,12,6,8,キタサンボルト,牡,8,56.0,495,5,森泰斗,川島一,,3,1:31.7,39.8,9-8-7-6,1,495,5
2022/01/18,浦和,3,Ｃ２四 五 六,1400,ダ,左,良,晴,12,8,11,エメラルディ,牝,5,54.0,499,-1,福原杏,八木喜,,4,1:32.1,39.8,11-10-8-5,6,499,-1
2022/01/18,浦和,3,Ｃ２四 五 六,1400,ダ,左,良,晴,12,8,12,ダイバサファイア,牝,5,54.0,471,-4,内田利,箕輪武,,5,1:32.2,39.8,8-11-11-9,8,471,-4
2022/01/18,浦和,3,Ｃ２四 五 六,1400,ダ,左,良,晴,12,7,9,ワンダーフェンリル,牡,4,56.0,510,4,橋本直,鈴木勝,,6,1:32.6,41.1,4-6-3-4,2,510,4
2022/01/18,浦和,3,Ｃ２四 五 六,1400,ダ,左,良,晴,12,5,6,エイシンイージス,牝,4,54.0,468,-1,岡田大,酒井一,,7,1:32.8,41.3,3-3-2-3,7,468,-1
2022/01/18,浦和,3,Ｃ２四 五 六,1400,ダ,左,良,晴,12,5,5,コスモジェニー,牝,4,54.0,437,-2,町田直,工藤伸,,8,1:33.0,41.5,2-2-4-7,3,437,-2
2022/01/18,浦和,3,Ｃ２四 五 六,1400,ダ,左,良,晴,12,1,1,グレースシラオキ,牝,4,54.0,422,1,見越彬,岡田一,,9,1:33.3,41.6,5-4-6-8,10,422,1
2022/01/18,浦和,3,Ｃ２四 五 六,1400,ダ,左,良,晴,12,3,3,キミノナハ,牝,4,54.0,463,15,加藤和,長谷忍,,10,1:34.4,42.3,10-7-10-10,11,463,15
2022/01/18,浦和,3,Ｃ２四 五 六,1400,ダ,左,良,晴,12,7,10,クリスタルハート,牝,4,54.0,492,4,笹川翼,川村守,,11,1:34.5,42.6,7-9-9-11,9,492,4
2022/01/18,浦和,3,Ｃ２四 五 六,1400,ダ,左,良,晴,12,4,4,リリーエンプレス,牝,4,54.0,448,-1,藤江渉,小林真,,12,1:37.3,43.7,12-12-12-12,12,448,-1
2022/01/18,浦和,4,浦和８００ラウンドＣ３選抜馬ア,800,ダ,左,良,晴,12,6,7,メモリアルクイーン,牝,5,52.0,457,-6,古岡勇,小澤宏,,1,0:49.2,36.4,2-3,3,457,-6
2022/01/18,浦和,4,浦和８００ラウンドＣ３選抜馬ア,800,ダ,左,良,晴,12,2,2,シルヴァーイーグル,牡,6,56.0,539,4,藤江渉,岡田一,,2,0:49.3,36.5,1-1,1,539,4
2022/01/18,浦和,4,浦和８００ラウンドＣ３選抜馬ア,800,ダ,左,良,晴,12,4,4,カゲカツ,牡,8,56.0,530,8,橋本直,長谷忍,,3,0:49.6,36.8,3-2,5,530,8
2022/01/18,浦和,4,浦和８００ラウンドＣ３選抜馬ア,800,ダ,左,良,晴,12,5,6,ルア,牝,8,54.0,480,-5,保園翔,内野健,,4,0:50.1,37.0,5-4,4,480,-5
2022/01/18,浦和,4,浦和８００ラウンドＣ３選抜馬ア,800,ダ,左,良,晴,12,6,8,カズアティシャ,牡,4,56.0,492,-3,内田利,牛房榮,,5,0:50.2,37.3,4-6,2,492,-3
2022/01/18,浦和,4,浦和８００ラウンドＣ３選抜馬ア,800,ダ,左,良,晴,12,3,3,ダイバキャッツアイ,牝,5,54.0,452,5,見越彬,箕輪武,,6,0:50.2,37.0,6-5,9,452,5
2022/01/18,浦和,4,浦和８００ラウンドＣ３選抜馬ア,800,ダ,左,良,晴,12,7,9,クラフェニックス,牝,4,53.0,449,12,七夕裕,藤原智,,7,0:50.6,37.4,7-7,10,449,12
2022/01/18,浦和,4,浦和８００ラウンドＣ３選抜馬ア,800,ダ,左,良,晴,12,1,1,ジェイスマイル,セ,0,56.0,460,-10,福原杏,宇野博,,8,0:50.8,37.2,8-8,6,460,-10
2022/01/18,浦和,4,浦和８００ラウンドＣ３選抜馬ア,800,ダ,左,良,晴,12,7,10,ヘデラ,牝,6,54.0,437,2,寺島憂,柘榴浩,,9,0:50.8,36.9,10-10,8,437,2
2022/01/18,浦和,4,浦和８００ラウンドＣ３選抜馬ア,800,ダ,左,良,晴,12,5,5,レイリアン,牝,5,54.0,414,5,國分祐,冨田敏,,10,0:51.0,37.2,9-9,11,414,5
2022/01/18,浦和,4,浦和８００ラウンドＣ３選抜馬ア,800,ダ,左,良,晴,12,8,12,チェンマイルージュ,牝,6,54.0,457,2,山中悠,鈴木勝,,11,0:52.2,37.5,11-12,7,457,2
2022/01/18,浦和,4,浦和８００ラウンドＣ３選抜馬ア,800,ダ,左,良,晴,12,8,11,ナヴァーレ,牡,4,56.0,432,-2,高橋哲,酒井一,,12,0:52.4,37.5,12-11,12,432,-2
2022/01/18,浦和,5,若水特別３歳一,1400,ダ,左,良,晴,12,5,6,ラッキーミーティア,牝,3,54.0,452,-5,和田譲,新井清,,1,1:31.3,40.1,1-1-1-1,2,452,-5
2022/01/18,浦和,5,若水特別３歳一,1400,ダ,左,良,晴,12,6,7,モーニングスマイル,牡,3,56.0,440,1,秋元耕,箕輪武,,2,1:31.5,40.0,7-6-3-3,6,440,1
2022/01/18,浦和,5,若水特別３歳一,1400,ダ,左,良,晴,12,8,11,アドミラブルエース,牡,3,56.0,466,2,笹川翼,繁田健,,3,1:31.7,39.9,9-8-8-6,3,466,2
2022/01/18,浦和,5,若水特別３歳一,1400,ダ,左,良,晴,12,5,5,オンラインボス,牡,3,57.0,484,-3,矢野貴,薮口一,,4,1:31.8,40.3,5-4-5-4,1,484,-3
2022/01/18,浦和,5,若水特別３歳一,1400,ダ,左,良,晴,12,2,2,イライジャ,牡,3,57.0,460,6,森泰斗,高月賢,,5,1:32.2,40.2,8-7-9-7,4,460,6
2022/01/18,浦和,5,若水特別３歳一,1400,ダ,左,良,晴,12,1,1,パレルモフレイバー,牝,3,53.0,454,-16,篠谷葵,繁田健,,6,1:32.2,40.6,10-10-6-5,9,454,-16
2022/01/18,浦和,5,若水特別３歳一,1400,ダ,左,良,晴,12,6,8,バトルホッパー,牡,3,56.0,475,0,高橋哲,横山保,,7,1:32.6,41.4,2-2-2-2,10,475,0
2022/01/18,浦和,5,若水特別３歳一,1400,ダ,左,良,晴,12,4,4,ジーガーブライアン,牡,3,56.0,498,-2,本田重,石井勝,,8,1:32.7,41.2,6-5-7-9,7,498,-2
2022/01/18,浦和,5,若水特別３歳一,1400,ダ,左,良,晴,12,7,9,ナチュラルボーン,牡,3,56.0,470,-8,町田直,内田勝,,9,1:32.9,41.6,3-3-4-8,5,470,-8
2022/01/18,浦和,5,若水特別３歳一,1400,ダ,左,良,晴,12,8,12,エイムダウンサイト,牡,3,56.0,490,5,橋本直,小久智,,10,1:36.0,42.8,4-9-10-10,8,490,5
2022/01/18,浦和,5,若水特別３歳一,1400,ダ,左,良,晴,12,3,3,シナノシルキー,牝,3,54.0,424,5,田中涼,鈴木義,,11,1:36.2,41.8,11-11-11-11,11,424,5
2022/01/18,浦和,5,若水特別３歳一,1400,ダ,左,良,晴,12,7,10,タカラジャンボ,牝,3,54.0,0,0,伊藤裕,久保秀,,,,,,,0,0
2022/01/18,浦和,6,秩父　森のおくりもの賞Ｃ２四 五 六,1400,ダ,左,良,晴,12,6,7,スーパーアスラーダ,牡,4,56.0,528,-11,張田昂,横山保,,1,1:30.3,39.9,2-2-1-1,5,528,-11
2022/01/18,浦和,6,秩父　森のおくりもの賞Ｃ２四 五 六,1400,ダ,左,良,晴,12,7,10,ベルウッドアサヒ,牡,5,56.0,460,1,矢野貴,石井勝,,2,1:30.3,39.6,3-4-2-2,1,460,1
2022/01/18,浦和,6,秩父　森のおくりもの賞Ｃ２四 五 六,1400,ダ,左,良,晴,12,8,11,ドラム,牡,7,56.0,481,-2,今野忠,山田質,,3,1:30.7,38.2,10-10-6-4,2,481,-2
2022/01/18,浦和,6,秩父　森のおくりもの賞Ｃ２四 五 六,1400,ダ,左,良,晴,12,5,6,エコロアジェンダ,牡,4,56.0,468,-12,和田譲,小久智,,4,1:30.7,39.9,4-3-4-3,3,468,-12
2022/01/18,浦和,6,秩父　森のおくりもの賞Ｃ２四 五 六,1400,ダ,左,良,晴,12,8,12,ソウヤミサキ,牝,4,54.0,444,5,福原杏,岡田一,,5,1:30.9,38.9,5-6-5-5,4,444,5
2022/01/18,浦和,6,秩父　森のおくりもの賞Ｃ２四 五 六,1400,ダ,左,良,晴,12,7,9,シェナフウジン,牡,6,56.0,463,1,國分祐,冨田敏,,6,1:31.6,39.3,9-5-7-7,10,463,1
2022/01/18,浦和,6,秩父　森のおくりもの賞Ｃ２四 五 六,1400,ダ,左,良,晴,12,1,1,シラカワカツコ,牝,5,54.0,411,-2,町田直,田島寿,,7,1:31.8,38.6,12-12-9-10,7,411,-2
2022/01/18,浦和,6,秩父　森のおくりもの賞Ｃ２四 五 六,1400,ダ,左,良,晴,12,3,3,マメニーニャ,牝,4,54.0,404,1,橋本直,平山真,,8,1:32.1,39.2,6-7-8-8,9,404,1
2022/01/18,浦和,6,秩父　森のおくりもの賞Ｃ２四 五 六,1400,ダ,左,良,晴,12,5,5,コンバットマジック,牝,4,54.0,467,7,秋元耕,川島豊,,9,1:32.3,42.0,1-1-3-6,6,467,7
2022/01/18,浦和,6,秩父　森のおくりもの賞Ｃ２四 五 六,1400,ダ,左,良,晴,12,6,8,シュバルマル,セ,0,56.0,501,3,岡田大,薮口一,,10,1:32.8,39.7,8-8-10-9,12,501,3
2022/01/18,浦和,6,秩父　森のおくりもの賞Ｃ２四 五 六,1400,ダ,左,良,晴,12,4,4,ショコラドボンボン,牝,4,54.0,424,6,吉留孝,川島豊,,11,1:33.4,40.0,7-9-12-11,11,424,6
2022/01/18,浦和,6,秩父　森のおくりもの賞Ｃ２四 五 六,1400,ダ,左,良,晴,12,2,2,ヒラボククイーン,牝,5,52.0,461,-4,古岡勇,渋谷博,,12,1:33.5,40.1,11-11-11-12,8,461,-4
2022/01/18,浦和,7,Ｊ交 ツインホープ特別３歳選抜馬,1400,ダ,左,良,晴,11,2,2,キックフリップ,牝,3,54.0,460,-3,吉留孝,野口孝,,1,1:31.6,39.7,5-5-4-3,3,460,-3
2022/01/18,浦和,7,Ｊ交 ツインホープ特別３歳選抜馬,1400,ダ,左,良,晴,11,8,11,ジュンハンス,牡,3,56.0,454,-4,張田昂,小久智,,2,1:31.6,39.9,2-2-2-2,2,454,-4
2022/01/18,浦和,7,Ｊ交 ツインホープ特別３歳選抜馬,1400,ダ,左,良,晴,11,6,7,プリマリー,牝,3,54.0,433,-7,矢野貴,松永康,,3,1:31.8,40.3,1-1-1-1,6,433,-7
2022/01/18,浦和,7,Ｊ交 ツインホープ特別３歳選抜馬,1400,ダ,左,良,晴,11,1,1,トーセンリベロ,牡,3,56.0,479,9,笹川翼,本間忍,,4,1:32.1,40.2,4-4-3-4,1,479,9
2022/01/18,浦和,7,Ｊ交 ツインホープ特別３歳選抜馬,1400,ダ,左,良,晴,11,6,6,エスタス,牡,3,56.0,488,6,今野忠,田中博,,5,1:33.0,40.9,11-10-5-5,4,488,6
2022/01/18,浦和,7,Ｊ交 ツインホープ特別３歳選抜馬,1400,ダ,左,良,晴,11,7,9,ジーショッカー,牡,3,54.0,488,-6,古岡勇,岩本洋,,6,1:33.1,41.0,6-6-7-7,9,488,-6
2022/01/18,浦和,7,Ｊ交 ツインホープ特別３歳選抜馬,1400,ダ,左,良,晴,11,5,5,エトワールゴールド,牡,3,56.0,468,-3,保園翔,薮口一,,7,1:33.1,40.7,7-7-9-9,5,468,-3
2022/01/18,浦和,7,Ｊ交 ツインホープ特別３歳選抜馬,1400,ダ,左,良,晴,11,7,8,グットウインド,牡,3,54.0,439,1,山田敬,中野栄,,8,1:33.2,40.8,9-8-8-6,7,439,1
2022/01/18,浦和,7,Ｊ交 ツインホープ特別３歳選抜馬,1400,ダ,左,良,晴,11,3,3,アイパラドックス,牡,3,56.0,475,5,岡村健,古賀史,,9,1:33.2,40.5,10-11-11-8,10,475,5
2022/01/18,浦和,7,Ｊ交 ツインホープ特別３歳選抜馬,1400,ダ,左,良,晴,11,4,4,サリーチャン,牝,3,53.0,453,-7,篠谷葵,石栗龍,,10,1:33.9,41.5,8-9-10-10,8,453,-7
2022/01/18,浦和,7,Ｊ交 ツインホープ特別３歳選抜馬,1400,ダ,左,良,晴,11,8,10,シスターフッド,牝,3,54.0,461,-1,藤江渉,山崎尋,,11,1:35.9,44.0,3-3-6-11,11,461,-1
2022/01/18,浦和,8,Ｃ２四 五 六,1500,ダ,左,良,晴,12,8,12,シンボリビーノ,セ,0,54.0,472,-1,古岡勇,田邊陽,,1,1:37.9,40.1,6-6-3-2,3,472,-1
2022/01/18,浦和,8,Ｃ２四 五 六,1500,ダ,左,良,晴,12,7,10,ミーティアカフェ,牝,4,54.0,481,5,笹川翼,箕輪武,,2,1:38.0,40.6,4-4-2-1,2,481,5
2022/01/18,浦和,8,Ｃ２四 五 六,1500,ダ,左,良,晴,12,4,4,レアフィード,牡,6,56.0,566,4,町田直,宇野博,,3,1:38.2,40.1,10-8-6-5,1,566,4
2022/01/18,浦和,8,Ｃ２四 五 六,1500,ダ,左,良,晴,12,5,6,ゴールドキャスト,牝,9,54.0,443,2,福原杏,吉田正,,4,1:38.8,40.7,7-7-8-8,7,443,2
2022/01/18,浦和,8,Ｃ２四 五 六,1500,ダ,左,良,晴,12,7,9,エルピーダ,牝,4,54.0,401,2,本田重,川村守,,5,1:39.2,41.4,5-5-7-4,5,401,2
2022/01/18,浦和,8,Ｃ２四 五 六,1500,ダ,左,良,晴,12,3,3,オッドアイ,牝,9,54.0,432,0,加藤和,川島豊,,6,1:39.3,40.1,12-12-12-11,10,432,0
2022/01/18,浦和,8,Ｃ２四 五 六,1500,ダ,左,良,晴,12,2,2,カイジンビリーヴ,牡,4,56.0,531,6,高橋哲,牛房榮,,7,1:39.5,40.6,9-10-10-10,9,531,6
2022/01/18,浦和,8,Ｃ２四 五 六,1500,ダ,左,良,晴,12,6,7,ラッキーチャンス,牝,7,54.0,488,9,岡村健,小澤宏,,8,1:39.5,40.6,11-11-9-9,8,488,9
2022/01/18,浦和,8,Ｃ２四 五 六,1500,ダ,左,良,晴,12,5,5,プランナイン,牝,4,54.0,479,10,森泰斗,柘榴浩,,9,1:39.8,42.7,2-2-1-3,6,479,10
2022/01/18,浦和,8,Ｃ２四 五 六,1500,ダ,左,良,晴,12,6,8,ジャストメイビー,牝,4,54.0,492,-4,和田譲,宇野博,,10,1:39.9,42.3,3-3-5-7,4,492,-4
2022/01/18,浦和,8,Ｃ２四 五 六,1500,ダ,左,良,晴,12,1,1,エクセリア,牝,4,54.0,430,-4,秋元耕,小林真,,11,1:40.7,43.3,1-1-4-6,11,430,-4
2022/01/18,浦和,8,Ｃ２四 五 六,1500,ダ,左,良,晴,12,8,11,プロスペリティ,牝,6,54.0,462,-1,國分祐,冨田敏,,12,1:41.5,42.8,8-9-11-12,12,462,-1
2022/01/18,浦和,9,Ｃ１六,1500,ダ,左,良,晴,12,1,1,シダデカサドール,牡,4,55.0,474,-6,池谷匠,栗林信,,1,1:36.9,38.7,5-5-4-2,6,474,-6
2022/01/18,浦和,9,Ｃ１六,1500,ダ,左,良,晴,12,2,2,スマイルザロック,牝,4,54.0,456,0,橋本直,宇野博,,2,1:37.0,40.3,1-1-1-1,3,456,0
2022/01/18,浦和,9,Ｃ１六,1500,ダ,左,良,晴,12,4,4,マダムフィガロ,牝,8,52.0,484,-3,古岡勇,田邊陽,,3,1:38.0,39.2,7-7-9-5,5,484,-3
2022/01/18,浦和,9,Ｃ１六,1500,ダ,左,良,晴,12,5,6,ナインボール,牝,4,54.0,431,-1,藤江渉,山田質,,4,1:38.2,39.5,9-8-8-6,8,431,-1
2022/01/18,浦和,9,Ｃ１六,1500,ダ,左,良,晴,12,6,8,フェルカド,牡,5,56.0,483,0,秋元耕,野口孝,,5,1:38.4,39.2,11-11-10-8,10,483,0
2022/01/18,浦和,9,Ｃ１六,1500,ダ,左,良,晴,12,7,10,タイニーパワー,牡,5,56.0,445,-10,櫻井光,高月賢,,6,1:38.5,40.5,4-4-3-3,2,445,-10
2022/01/18,浦和,9,Ｃ１六,1500,ダ,左,良,晴,12,8,12,ピノモラーン,牡,4,56.0,464,7,達城龍,野口孝,,7,1:38.8,39.6,8-10-11-10,11,464,7
2022/01/18,浦和,9,Ｃ１六,1500,ダ,左,良,晴,12,5,5,レッドルーベンス,牡,4,56.0,495,2,森泰斗,小久智,,8,1:38.8,40.4,6-6-6-7,1,495,2
2022/01/18,浦和,9,Ｃ１六,1500,ダ,左,良,晴,12,7,9,フェアビアンカ,牝,4,54.0,490,-7,山林信,池田孝,,9,1:39.2,40.4,10-9-7-9,9,490,-7
2022/01/18,浦和,9,Ｃ１六,1500,ダ,左,良,晴,12,3,3,コスモパラティーナ,牡,4,56.0,510,-7,笹川翼,宇野博,,10,1:39.4,41.7,2-2-2-4,4,510,-7
2022/01/18,浦和,9,Ｃ１六,1500,ダ,左,良,晴,12,6,7,ユラノグラフィア,牝,4,54.0,402,-2,岡村裕,山崎尋,,11,1:39.6,40.0,12-12-12-11,12,402,-2
2022/01/18,浦和,9,Ｃ１六,1500,ダ,左,良,晴,12,8,11,ノーブルゲート,牡,4,56.0,498,0,福原杏,水野貴,,12,1:43.0,45.0,3-3-5-12,7,498,0
2022/01/18,浦和,10,Ｊ交 マルチウイン特別Ｂ２Ｂ３選抜馬,1400,ダ,左,良,晴,11,8,10,ウキウキホリデー,牝,4,55.0,479,5,和田譲,松永康,,1,1:29.5,40.0,4-3-3-2,2,479,5
2022/01/18,浦和,10,Ｊ交 マルチウイン特別Ｂ２Ｂ３選抜馬,1400,ダ,左,良,晴,11,3,3,アスカロン,牡,4,57.0,460,-26,笹川翼,森秀行,,2,1:29.6,40.1,2-2-2-3,3,460,-26
2022/01/18,浦和,10,Ｊ交 マルチウイン特別Ｂ２Ｂ３選抜馬,1400,ダ,左,良,晴,11,1,1,ワークアンドビート,牝,5,53.0,503,-16,森泰斗,小久智,,3,1:30.1,40.6,1-1-1-1,1,503,-16
2022/01/18,浦和,10,Ｊ交 マルチウイン特別Ｂ２Ｂ３選抜馬,1400,ダ,左,良,晴,11,8,11,ディーププリモ,牡,6,57.0,482,4,張田昂,根本康,,4,1:30.1,39.3,10-9-9-6,9,482,4
2022/01/18,浦和,10,Ｊ交 マルチウイン特別Ｂ２Ｂ３選抜馬,1400,ダ,左,良,晴,11,2,2,スマートコマンダー,牡,5,57.0,514,14,本田重,古賀史,,5,1:30.3,40.0,7-7-8-8,4,514,14
2022/01/18,浦和,10,Ｊ交 マルチウイン特別Ｂ２Ｂ３選抜馬,1400,ダ,左,良,晴,11,6,6,マイネルエスペルト,牡,5,57.0,500,-6,福原杏,小崎憲,,6,1:30.4,40.1,8-8-4-5,5,500,-6
2022/01/18,浦和,10,Ｊ交 マルチウイン特別Ｂ２Ｂ３選抜馬,1400,ダ,左,良,晴,11,6,7,キョウモバライロ,牝,8,54.0,460,6,篠谷葵,山越光,,7,1:30.5,39.3,11-11-10-9,11,460,6
2022/01/18,浦和,10,Ｊ交 マルチウイン特別Ｂ２Ｂ３選抜馬,1400,ダ,左,良,晴,11,7,8,チェスナットドレス,牝,5,53.0,467,-1,秋元耕,冨田敏,,8,1:30.8,39.4,9-10-11-11,10,467,-1
2022/01/18,浦和,10,Ｊ交 マルチウイン特別Ｂ２Ｂ３選抜馬,1400,ダ,左,良,晴,11,5,5,イデアイホマジョル,セ,0,55.0,452,11,川島正,岡田一,,9,1:31.3,41.4,3-4-5-4,8,452,11
2022/01/18,浦和,10,Ｊ交 マルチウイン特別Ｂ２Ｂ３選抜馬,1400,ダ,左,良,晴,11,4,4,ホープホワイト,牝,5,52.0,470,8,永野猛,武井亮,,10,1:31.4,41.3,5-5-6-7,6,470,8
2022/01/18,浦和,10,Ｊ交 マルチウイン特別Ｂ２Ｂ３選抜馬,1400,ダ,左,良,晴,11,7,9,オールザベスト,牡,8,57.0,537,-1,町田直,内田勝,,11,1:31.7,41.6,6-6-7-10,7,537,-1
2022/01/18,浦和,11,新春賞Ａ２下,1400,ダ,左,良,晴,12,8,11,アマネラクーン,牡,5,55.0,510,-7,森泰斗,小久智,,1,1:26.7,36.8,3-4-2-2,1,510,-7
2022/01/18,浦和,11,新春賞Ａ２下,1400,ダ,左,良,晴,12,7,9,メイプルグレイト,牡,7,57.0,523,-2,張田昂,渡邊貴,,2,1:27.6,37.8,2-2-1-1,4,523,-2
2022/01/18,浦和,11,新春賞Ａ２下,1400,ダ,左,良,晴,12,8,12,サヨノグローリー,牡,4,57.0,481,2,町田直,工藤伸,,3,1:27.6,37.7,6-6-3-3,3,481,2
2022/01/18,浦和,11,新春賞Ａ２下,1400,ダ,左,良,晴,12,7,10,エラスムス,牡,9,55.0,496,5,今野忠,張田京,,4,1:28.6,38.4,5-5-5-4,10,496,5
2022/01/18,浦和,11,新春賞Ａ２下,1400,ダ,左,良,晴,12,4,4,グッドラックサマー,牡,8,55.0,560,7,福原杏,川島豊,,5,1:28.9,37.7,12-12-10-9,11,560,7
2022/01/18,浦和,11,新春賞Ａ２下,1400,ダ,左,良,晴,12,1,1,アギト,牡,6,57.0,495,26,内田利,小久智,,6,1:29.0,39.0,4-3-7-7,7,495,26
2022/01/18,浦和,11,新春賞Ａ２下,1400,ダ,左,良,晴,12,5,5,メンターモード,セ,0,57.0,503,-3,加藤和,橋本馬,,7,1:29.4,38.6,10-10-12-11,9,503,-3
2022/01/18,浦和,11,新春賞Ａ２下,1400,ダ,左,良,晴,12,3,3,バンドオンザラン,牡,8,57.0,521,1,櫻井光,内田勝,,8,1:29.5,39.1,7-7-9-10,12,521,1
2022/01/18,浦和,11,新春賞Ａ２下,1400,ダ,左,良,晴,12,6,7,アルファベット,牡,8,55.0,485,4,本田重,佐々仁,,9,1:29.5,39.1,8-8-8-8,8,485,4
2022/01/18,浦和,11,新春賞Ａ２下,1400,ダ,左,良,晴,12,2,2,ハクサンホーリー,牝,5,53.0,413,-3,酒井忍,矢野義,,10,1:29.6,40.0,1-1-4-5,5,413,-3
2022/01/18,浦和,11,新春賞Ａ２下,1400,ダ,左,良,晴,12,6,8,サトノラファール,牡,5,55.0,531,1,笹川翼,繁田健,,11,1:29.9,39.5,9-9-6-6,2,531,1
2022/01/18,浦和,11,新春賞Ａ２下,1400,ダ,左,良,晴,12,5,6,ヒイナヅキ,牝,6,53.0,457,0,岡村健,山中尊,,12,1:30.0,39.2,11-11-11-12,6,457,0
2022/01/18,浦和,12,水仙特別Ｃ１選抜馬,2000,ダ,左,良,晴,12,2,2,ガマン,牡,5,56.0,474,7,町田直,水野貴,,1,2:12.7,40.5,1-1-1-1,3,474,7
2022/01/18,浦和,12,水仙特別Ｃ１選抜馬,2000,ダ,左,良,晴,12,6,7,パラダイムチェンジ,牡,5,56.0,483,4,張田昂,山越光,,2,2:13.5,39.5,7-7-6-5,5,483,4
2022/01/18,浦和,12,水仙特別Ｃ１選抜馬,2000,ダ,左,良,晴,12,1,1,アイノウィステリア,牡,5,56.0,532,5,石崎駿,石井勝,,3,2:13.6,39.8,8-6-4-4,2,532,5
2022/01/18,浦和,12,水仙特別Ｃ１選抜馬,2000,ダ,左,良,晴,12,7,9,マイネルカガヤキ,牡,5,56.0,510,-7,橋本直,平山真,,4,2:13.7,40.3,5-5-3-2,6,510,-7
2022/01/18,浦和,12,水仙特別Ｃ１選抜馬,2000,ダ,左,良,晴,12,5,6,マイネルスキーブ,牡,4,56.0,474,2,矢野貴,加藤誠,,5,2:14.1,39.9,10-9-8-7,8,474,2
2022/01/18,浦和,12,水仙特別Ｃ１選抜馬,2000,ダ,左,良,晴,12,3,3,サンライズヴェリテ,牡,4,56.0,442,5,藤江渉,工藤伸,,6,2:14.6,40.1,11-11-9-9,4,442,5
2022/01/18,浦和,12,水仙特別Ｃ１選抜馬,2000,ダ,左,良,晴,12,4,4,スリーヴリーグ,牡,6,56.0,524,9,和田譲,野口寛,,7,2:15.1,42.1,2-2-2-3,7,524,9
2022/01/18,浦和,12,水仙特別Ｃ１選抜馬,2000,ダ,左,良,晴,12,8,12,ダイバオーソ,牡,4,56.0,452,-1,森泰斗,箕輪武,,8,2:15.1,40.3,12-12-11-11,1,452,-1
2022/01/18,浦和,12,水仙特別Ｃ１選抜馬,2000,ダ,左,良,晴,12,7,10,コスモビートイット,牡,5,56.0,510,3,秋元耕,川島豊,,9,2:15.1,41.4,3-4-7-8,9,510,3
2022/01/18,浦和,12,水仙特別Ｃ１選抜馬,2000,ダ,左,良,晴,12,5,5,ミュークレグルス,牡,4,56.0,490,-4,櫻井光,山崎尋,,10,2:15.5,41.9,4-3-5-6,11,490,-4
2022/01/18,浦和,12,水仙特別Ｃ１選抜馬,2000,ダ,左,良,晴,12,8,11,シャークヴィーナス,牝,5,54.0,421,-11,伊藤裕,鈴木義,,11,2:16.6,42.4,6-8-10-10,10,421,-11
2022/01/18,浦和,12,水仙特別Ｃ１選抜馬,2000,ダ,左,良,晴,12,6,8,ニシノベースマン,牡,7,56.0,470,5,國分祐,冨田敏,,,,,9-10-12,12,470,5
2022/01/19,浦和,1,Ｃ３ ４歳ウ,1400,ダ,左,良,晴,11,6,7,トゥインクルタワー,牡,4,56.0,493,6,笹川翼,薮口一,,1,1:31.6,39.5,6-5-3-2,3,493,6
2022/01/19,浦和,1,Ｃ３ ４歳ウ,1400,ダ,左,良,晴,11,6,6,フジサクラ,牝,4,54.0,512,7,酒井忍,宇野博,,2,1:31.8,40.1,1-1-1-1,2,512,7
2022/01/19,浦和,1,Ｃ３ ４歳ウ,1400,ダ,左,良,晴,11,1,1,モーニングアップ,牝,4,54.0,452,-2,保園翔,川村守,,3,1:32.0,39.9,4-4-5-3,1,452,-2
2022/01/19,浦和,1,Ｃ３ ４歳ウ,1400,ダ,左,良,晴,11,5,5,ニシノコウメイ,牡,4,56.0,459,-6,福原杏,小澤宏,,4,1:32.4,39.6,9-9-8-6,4,459,-6
2022/01/19,浦和,1,Ｃ３ ４歳ウ,1400,ダ,左,良,晴,11,4,4,シャイニングパール,牝,4,54.0,439,9,見越彬,川村守,,5,1:32.7,40.5,8-6-6-7,8,439,9
2022/01/19,浦和,1,Ｃ３ ４歳ウ,1400,ダ,左,良,晴,11,3,3,ドラグ,牝,4,54.0,429,5,吉留孝,牛房榮,,6,1:33.3,40.6,7-8-7-8,10,429,5
2022/01/19,浦和,1,Ｃ３ ４歳ウ,1400,ダ,左,良,晴,11,8,11,キタマクフィー,牝,4,54.0,444,-3,寺島憂,鹿沼和,,7,1:33.4,41.5,2-2-4-5,11,444,-3
2022/01/19,浦和,1,Ｃ３ ４歳ウ,1400,ダ,左,良,晴,11,7,9,ピノティートン,牡,4,56.0,461,9,達城龍,野口孝,,8,1:33.5,40.5,5-7-9-9,6,461,9
2022/01/19,浦和,1,Ｃ３ ４歳ウ,1400,ダ,左,良,晴,11,7,8,ピスターシュドール,牝,4,54.0,427,4,高橋哲,酒井一,,9,1:33.7,41.8,3-3-2-4,5,427,4
2022/01/19,浦和,1,Ｃ３ ４歳ウ,1400,ダ,左,良,晴,11,2,2,タカイチリョウスケ,牡,4,56.0,465,1,橋本直,薮口一,,10,1:33.7,40.2,10-10-11-10,9,465,1
2022/01/19,浦和,1,Ｃ３ ４歳ウ,1400,ダ,左,良,晴,11,8,10,アイノロマン,牝,4,54.0,481,19,岡田大,岡田一,,11,1:34.1,40.6,11-11-10-11,7,481,19
2022/01/19,浦和,2,Ｃ３五 六 七,1400,ダ,左,良,晴,12,6,8,イエスペガサス,牝,9,54.0,458,5,岡田大,酒井一,,1,1:32.7,39.6,11-10-9-7,5,458,5
2022/01/19,浦和,2,Ｃ３五 六 七,1400,ダ,左,良,晴,12,8,11,レターマン,牡,6,56.0,488,8,本橋孝,林隆之,,2,1:32.7,40.8,3-3-2-2,4,488,8
2022/01/19,浦和,2,Ｃ３五 六 七,1400,ダ,左,良,晴,12,5,5,ノーブルアトラス,牡,7,56.0,490,1,澤田龍,川村守,,3,1:32.7,40.1,10-9-5-4,3,490,1
2022/01/19,浦和,2,Ｃ３五 六 七,1400,ダ,左,良,晴,12,2,2,ニシノマッハ,牡,8,56.0,470,-7,國分祐,冨田敏,,4,1:32.7,39.9,9-8-7-3,11,470,-7
2022/01/19,浦和,2,Ｃ３五 六 七,1400,ダ,左,良,晴,12,5,6,スプリットエス,牡,8,56.0,501,-5,張田昂,小久智,,5,1:33.0,40.9,6-5-4-5,1,501,-5
2022/01/19,浦和,2,Ｃ３五 六 七,1400,ダ,左,良,晴,12,4,4,ニシノサトル,牡,6,56.0,497,10,内田利,吉田正,,6,1:33.6,40.9,7-6-8-8,7,497,10
2022/01/19,浦和,2,Ｃ３五 六 七,1400,ダ,左,良,晴,12,3,3,ハートフルロマン,牝,5,52.0,449,-5,古岡勇,今井輝,,7,1:33.9,39.7,12-12-12-10,8,449,-5
2022/01/19,浦和,2,Ｃ３五 六 七,1400,ダ,左,良,晴,12,6,7,パレスショウグン,セ,0,56.0,513,0,伊藤裕,山田質,,8,1:34.4,42.6,2-2-1-1,6,513,0
2022/01/19,浦和,2,Ｃ３五 六 七,1400,ダ,左,良,晴,12,7,9,ファンタジーノベル,牝,7,54.0,454,0,岡村裕,八木仁,,9,1:34.5,40.6,8-11-11-11,9,454,0
2022/01/19,浦和,2,Ｃ３五 六 七,1400,ダ,左,良,晴,12,1,1,ニシノシノブ,牝,7,54.0,446,10,秋元耕,吉田正,,10,1:34.7,42.9,1-1-3-6,10,446,10
2022/01/19,浦和,2,Ｃ３五 六 七,1400,ダ,左,良,晴,12,8,12,アストラルブレイズ,牝,5,54.0,490,1,見越彬,薮口一,,11,1:35.1,41.7,5-7-10-12,12,490,1
2022/01/19,浦和,2,Ｃ３五 六 七,1400,ダ,左,良,晴,12,7,10,キープファイター,セ,0,56.0,518,-11,福原杏,柘榴浩,,12,1:38.9,46.7,4-4-6-9,2,518,-11
2022/01/19,浦和,3,浦和８００ラウンドＣ２選抜馬イ,800,ダ,左,良,晴,12,2,2,シトリン,牝,5,54.0,434,-13,本橋孝,佐藤博,,1,0:48.1,35.9,4-3,5,434,-13
2022/01/19,浦和,3,浦和８００ラウンドＣ２選抜馬イ,800,ダ,左,良,晴,12,5,5,スマートシエル,牝,4,54.0,442,-1,張田昂,小久智,,2,0:48.2,36.2,1-1,3,442,-1
2022/01/19,浦和,3,浦和８００ラウンドＣ２選抜馬イ,800,ダ,左,良,晴,12,8,12,クウェンヤ,牝,4,53.0,392,-9,篠谷葵,工藤伸,,3,0:48.3,36.3,2-2,6,392,-9
2022/01/19,浦和,3,浦和８００ラウンドＣ２選抜馬イ,800,ダ,左,良,晴,12,4,4,ピースリアン,牡,5,56.0,496,2,福原杏,横山保,,4,0:48.7,36.7,3-4,2,496,2
2022/01/19,浦和,3,浦和８００ラウンドＣ２選抜馬イ,800,ダ,左,良,晴,12,3,3,セイエイビビット,牝,6,54.0,530,-6,内田利,岡田一,,5,0:48.8,36.1,8-6,4,530,-6
2022/01/19,浦和,3,浦和８００ラウンドＣ２選抜馬イ,800,ダ,左,良,晴,12,8,11,リトルエイト,牝,6,50.0,441,-2,神尾香,山崎尋,,6,0:48.9,36.4,7-5,7,441,-2
2022/01/19,浦和,3,浦和８００ラウンドＣ２選抜馬イ,800,ダ,左,良,晴,12,7,9,キャンビー,牡,4,56.0,523,4,保園翔,野口寛,,7,0:49.2,36.4,9-8,8,523,4
2022/01/19,浦和,3,浦和８００ラウンドＣ２選抜馬イ,800,ダ,左,良,晴,12,6,8,ミナトイチバン,牡,6,54.0,459,7,古岡勇,田島寿,,8,0:49.4,36.2,11-9,9,459,7
2022/01/19,浦和,3,浦和８００ラウンドＣ２選抜馬イ,800,ダ,左,良,晴,12,5,6,ジェットウイング,牡,5,56.0,497,1,矢野貴,加藤誠,,9,0:49.9,37.5,5-10,1,497,1
2022/01/19,浦和,3,浦和８００ラウンドＣ２選抜馬イ,800,ダ,左,良,晴,12,7,10,マイネルカーニバル,牡,4,56.0,464,5,半澤慶,牛房榮,,10,0:50.1,37.3,6-7,11,464,5
2022/01/19,浦和,3,浦和８００ラウンドＣ２選抜馬イ,800,ダ,左,良,晴,12,1,1,セイウンスノー,牡,4,56.0,484,4,加藤和,川島豊,,11,0:50.2,37.0,10-11,12,484,4
2022/01/19,浦和,3,浦和８００ラウンドＣ２選抜馬イ,800,ダ,左,良,晴,12,6,7,サマーローヤル,牝,4,54.0,405,3,町田直,柘榴浩,,12,0:50.9,37.7,12-12,10,405,3
2022/01/19,浦和,4,Ｃ３五 六 七,1400,ダ,左,良,晴,12,8,11,リュクスコンドル,牡,6,56.0,467,4,山崎誠,山崎裕,,1,1:31.9,39.2,5-5-4-1,2,467,4
2022/01/19,浦和,4,Ｃ３五 六 七,1400,ダ,左,良,晴,12,7,9,サマーボーイ,牡,7,56.0,508,5,張田昂,小久智,,2,1:31.9,39.5,2-2-3-3,1,508,5
2022/01/19,浦和,4,Ｃ３五 六 七,1400,ダ,左,良,晴,12,4,4,スキニチーノ,牝,5,54.0,483,4,酒井忍,海馬司,,3,1:32.3,39.2,8-7-7-6,4,483,4
2022/01/19,浦和,4,Ｃ３五 六 七,1400,ダ,左,良,晴,12,5,6,エスプロジオーネ,セ,0,56.0,465,-2,田中涼,山田質,,4,1:32.5,38.9,12-12-9-7,10,465,-2
2022/01/19,浦和,4,Ｃ３五 六 七,1400,ダ,左,良,晴,12,7,10,アイスバーグアリー,牝,6,54.0,438,1,見越彬,平山真,,5,1:32.7,40.3,3-3-2-4,5,438,1
2022/01/19,浦和,4,Ｃ３五 六 七,1400,ダ,左,良,晴,12,8,12,ムサシフィールド,牡,7,56.0,499,-1,福原杏,八木仁,,6,1:32.7,39.3,9-9-8-9,3,499,-1
2022/01/19,浦和,4,Ｃ３五 六 七,1400,ダ,左,良,晴,12,5,5,メロメロパンチ,牝,9,54.0,503,7,保園翔,内野健,,7,1:32.7,40.5,1-1-1-2,6,503,7
2022/01/19,浦和,4,Ｃ３五 六 七,1400,ダ,左,良,晴,12,1,1,シンライトミー,牡,5,54.0,451,3,古岡勇,柘榴浩,,8,1:33.1,38.9,11-11-12-10,9,451,3
2022/01/19,浦和,4,Ｃ３五 六 七,1400,ダ,左,良,晴,12,6,8,ジャポネスク,牝,5,54.0,443,4,櫻井光,八木仁,,9,1:33.2,40.3,6-6-6-8,11,443,4
2022/01/19,浦和,4,Ｃ３五 六 七,1400,ダ,左,良,晴,12,3,3,ゴールデンウエスト,牡,5,56.0,463,-2,西啓太,河津裕,,10,1:33.5,40.8,4-4-5-5,8,463,-2
2022/01/19,浦和,4,Ｃ３五 六 七,1400,ダ,左,良,晴,12,2,2,リゼイエロー,牝,5,54.0,483,-3,寺島憂,川島豊,,11,1:33.8,40.0,10-10-10-12,7,483,-3
2022/01/19,浦和,4,Ｃ３五 六 七,1400,ダ,左,良,晴,12,6,7,ドラゴンヴィーナス,牝,5,54.0,397,-4,西村栄,森　始,,12,1:34.0,40.2,7-8-11-11,12,397,-4
2022/01/19,浦和,5,Ｃ３五 六 七,1500,ダ,左,良,晴,12,2,2,キョウエイミーレス,牡,6,52.0,513,-8,神尾香,内野健,,1,1:38.1,40.3,1-1-1-1,2,513,-8
2022/01/19,浦和,5,Ｃ３五 六 七,1500,ダ,左,良,晴,12,3,3,イチリュウマンバイ,牡,5,56.0,494,3,中越琉,山崎尋,,2,1:38.3,38.7,8-8-6-2,4,494,3
2022/01/19,浦和,5,Ｃ３五 六 七,1500,ダ,左,良,晴,12,7,10,グランピー,牝,6,54.0,417,-6,酒井忍,久保勇,,3,1:38.4,38.2,9-9-9-7,5,417,-6
2022/01/19,浦和,5,Ｃ３五 六 七,1500,ダ,左,良,晴,12,6,7,トキノメガミ,牝,7,54.0,470,7,張田昂,山越光,,4,1:38.7,39.8,6-6-7-5,3,470,7
2022/01/19,浦和,5,Ｃ３五 六 七,1500,ダ,左,良,晴,12,5,6,リュウノイノリ,牡,5,56.0,460,4,吉留孝,鹿沼和,,5,1:39.0,41.0,2-2-2-3,7,460,4
2022/01/19,浦和,5,Ｃ３五 六 七,1500,ダ,左,良,晴,12,4,4,オビワンズドーン,牡,6,56.0,454,-1,藤江渉,八木仁,,6,1:39.4,40.9,4-4-3-4,8,454,-1
2022/01/19,浦和,5,Ｃ３五 六 七,1500,ダ,左,良,晴,12,6,8,エクストリーム,牡,8,56.0,478,6,笹川翼,柘榴浩,,7,1:39.6,38.7,10-10-11-10,6,478,6
2022/01/19,浦和,5,Ｃ３五 六 七,1500,ダ,左,良,晴,12,1,1,ジュンノサップ,牡,6,56.0,469,2,秋元耕,横山保,,8,1:39.6,40.3,7-7-8-8,11,469,2
2022/01/19,浦和,5,Ｃ３五 六 七,1500,ダ,左,良,晴,12,8,11,アルコンシチー,牡,5,55.0,459,1,七夕裕,箕輪武,,9,1:40.2,39.5,12-11-10-11,9,459,1
2022/01/19,浦和,5,Ｃ３五 六 七,1500,ダ,左,良,晴,12,8,12,ピラミッドファラオ,牡,7,56.0,521,-5,森泰斗,水野貴,,10,1:40.2,41.5,5-5-4-6,1,521,-5
2022/01/19,浦和,5,Ｃ３五 六 七,1500,ダ,左,良,晴,12,7,9,コンディトラム,牡,5,56.0,464,-6,高橋哲,川村守,,11,1:40.6,42.3,3-3-5-9,10,464,-6
2022/01/19,浦和,5,Ｃ３五 六 七,1500,ダ,左,良,晴,12,5,5,ニシノシロフネ,牡,5,56.0,488,-3,國分祐,冨田敏,,12,1:41.2,39.9,11-12-12-12,12,488,-3
2022/01/19,浦和,6,秩父カエデ　メープル賞Ｃ２七 八,1500,ダ,左,良,晴,12,6,8,ギャップオブリアル,牡,6,56.0,472,-2,加藤和,八木仁,,1,1:38.0,39.5,9-7-5-3,10,472,-2
2022/01/19,浦和,6,秩父カエデ　メープル賞Ｃ２七 八,1500,ダ,左,良,晴,12,4,4,シンキングポケット,牡,5,56.0,477,-5,笹川翼,内田勝,,2,1:38.2,40.4,3-3-2-1,1,477,-5
2022/01/19,浦和,6,秩父カエデ　メープル賞Ｃ２七 八,1500,ダ,左,良,晴,12,2,2,ロードユリシス,セ,0,56.0,492,3,藤江渉,武井和,,3,1:38.5,41.0,1-1-1-2,6,492,3
2022/01/19,浦和,6,秩父カエデ　メープル賞Ｃ２七 八,1500,ダ,左,良,晴,12,7,10,バトルオサンナ,牝,8,54.0,440,-4,秋元耕,柘榴浩,,4,1:38.7,39.6,10-10-10-7,9,440,-4
2022/01/19,浦和,6,秩父カエデ　メープル賞Ｃ２七 八,1500,ダ,左,良,晴,12,5,6,プレミアムプリモ,牝,5,54.0,486,-1,福原杏,平山真,,5,1:38.8,39.9,8-9-7-5,4,486,-1
2022/01/19,浦和,6,秩父カエデ　メープル賞Ｃ２七 八,1500,ダ,左,良,晴,12,6,7,アンタルクティクス,牡,5,56.0,497,2,和田譲,内野健,,6,1:39.0,40.3,7-8-9-9,3,497,2
2022/01/19,浦和,6,秩父カエデ　メープル賞Ｃ２七 八,1500,ダ,左,良,晴,12,5,5,ゴールドバード,牡,8,56.0,492,8,達城龍,野口孝,,7,1:39.1,39.4,12-12-12-10,7,492,8
2022/01/19,浦和,6,秩父カエデ　メープル賞Ｃ２七 八,1500,ダ,左,良,晴,12,1,1,スノートレイン,牡,5,56.0,436,-5,西啓太,小澤宏,,8,1:39.2,41.2,5-4-4-4,11,436,-5
2022/01/19,浦和,6,秩父カエデ　メープル賞Ｃ２七 八,1500,ダ,左,良,晴,12,7,9,アイマックス,牡,6,56.0,449,3,岡田大,岡田一,,9,1:39.9,41.4,6-6-6-8,8,449,3
2022/01/19,浦和,6,秩父カエデ　メープル賞Ｃ２七 八,1500,ダ,左,良,晴,12,8,12,エスケイダンサー,牝,4,54.0,446,7,吉留孝,薮口一,,10,1:40.0,40.7,11-11-11-12,5,446,7
2022/01/19,浦和,6,秩父カエデ　メープル賞Ｃ２七 八,1500,ダ,左,良,晴,12,3,3,スターシード,牡,7,56.0,492,-5,保園翔,酒井一,,11,1:40.8,43.0,2-2-3-6,2,492,-5
2022/01/19,浦和,6,秩父カエデ　メープル賞Ｃ２七 八,1500,ダ,左,良,晴,12,8,11,ティーパフォーマー,牝,9,54.0,445,3,橋本直,川村守,,12,1:41.2,42.9,4-5-8-11,12,445,3
2022/01/19,浦和,7,浦和８００ラウンドＣ２選抜馬ア,800,ダ,左,良,晴,12,3,3,ベルセブンティーン,牝,4,54.0,491,-4,保園翔,小久智,,1,0:47.6,35.5,1-1,1,491,-4
2022/01/19,浦和,7,浦和８００ラウンドＣ２選抜馬ア,800,ダ,左,良,晴,12,4,4,ヒガシブレーヴ,牡,5,56.0,435,2,矢野貴,河津裕,,2,0:47.8,35.3,5-3,2,435,2
2022/01/19,浦和,7,浦和８００ラウンドＣ２選抜馬ア,800,ダ,左,良,晴,12,5,6,マイネルリベラル,セ,0,56.0,484,2,岡村裕,新井健,,3,0:48.4,36.1,2-2,5,484,2
2022/01/19,浦和,7,浦和８００ラウンドＣ２選抜馬ア,800,ダ,左,良,晴,12,2,2,アクトレス,牝,8,54.0,465,10,山崎誠,山崎裕,,4,0:48.8,36.0,8-4,4,465,10
2022/01/19,浦和,7,浦和８００ラウンドＣ２選抜馬ア,800,ダ,左,良,晴,12,7,10,ラスティネイル,牝,4,54.0,448,-1,吉留孝,牛房榮,,5,0:49.0,36.0,7-8,7,448,-1
2022/01/19,浦和,7,浦和８００ラウンドＣ２選抜馬ア,800,ダ,左,良,晴,12,7,9,カシノライズ,牡,4,56.0,500,6,半澤慶,鹿沼和,,6,0:49.3,36.1,10-10,10,500,6
2022/01/19,浦和,7,浦和８００ラウンドＣ２選抜馬ア,800,ダ,左,良,晴,12,8,11,シゲルアパライト,牡,6,56.0,482,3,福原杏,横山保,,7,0:49.3,37.0,4-5,9,482,3
2022/01/19,浦和,7,浦和８００ラウンドＣ２選抜馬ア,800,ダ,左,良,晴,12,1,1,レコパントモチャン,牝,4,54.0,508,-6,寺島憂,岡田一,,8,0:49.5,36.3,9-9,11,508,-6
2022/01/19,浦和,7,浦和８００ラウンドＣ２選抜馬ア,800,ダ,左,良,晴,12,6,7,レオズソーダライト,牝,6,54.0,485,19,森泰斗,平山真,,9,0:49.6,37.3,3-6,3,485,19
2022/01/19,浦和,7,浦和８００ラウンドＣ２選抜馬ア,800,ダ,左,良,晴,12,8,12,ホウオウファースト,牡,9,56.0,440,5,藤本現,水野貴,,10,0:49.8,37.2,6-7,6,440,5
2022/01/19,浦和,7,浦和８００ラウンドＣ２選抜馬ア,800,ダ,左,良,晴,12,6,8,ニシノイルマーレ,牝,4,54.0,506,9,岡田大,冨田敏,,11,0:49.9,36.5,11-11,8,506,9
2022/01/19,浦和,7,浦和８００ラウンドＣ２選抜馬ア,800,ダ,左,良,晴,12,5,5,モンジロウ,牡,4,55.0,508,-1,七夕裕,柘榴浩,,12,0:52.6,38.6,12-12,12,508,-1
2022/01/19,浦和,8,Ｃ２七 八,1400,ダ,左,良,晴,12,1,1,ロマーシカ,牝,5,54.0,468,-2,森泰斗,小久智,,1,1:30.3,38.1,1-1-1-1,1,468,-2
2022/01/19,浦和,8,Ｃ２七 八,1400,ダ,左,良,晴,12,2,2,コンフィテオール,牝,4,54.0,459,1,張田昂,小澤宏,,2,1:31.2,38.3,8-6-7-5,4,459,1
2022/01/19,浦和,8,Ｃ２七 八,1400,ダ,左,良,晴,12,4,4,クリムゾンオーラ,牝,5,54.0,478,1,橋本直,牛房榮,,3,1:31.4,39.1,2-2-2-2,6,478,1
2022/01/19,浦和,8,Ｃ２七 八,1400,ダ,左,良,晴,12,3,3,クールシラユリ,牝,4,54.0,453,0,和田譲,宇野博,,4,1:31.4,38.8,3-3-5-3,8,453,0
2022/01/19,浦和,8,Ｃ２七 八,1400,ダ,左,良,晴,12,7,10,マイヨヴェール,牡,7,56.0,571,-1,福原杏,柘榴浩,,5,1:31.5,38.3,10-10-9-8,2,571,-1
2022/01/19,浦和,8,Ｃ２七 八,1400,ダ,左,良,晴,12,8,12,イッツショータイム,牡,6,56.0,475,1,櫻井光,安池成,,6,1:32.2,39.3,9-9-8-9,7,475,1
2022/01/19,浦和,8,Ｃ２七 八,1400,ダ,左,良,晴,12,5,5,タニノミモザ,牝,4,54.0,465,-9,笹川翼,川村守,,7,1:32.5,40.0,6-4-3-4,3,465,-9
2022/01/19,浦和,8,Ｃ２七 八,1400,ダ,左,良,晴,12,6,7,スクリームイーグル,牡,4,56.0,453,5,岡田大,酒井一,,8,1:32.6,39.7,7-8-6-6,5,453,5
2022/01/19,浦和,8,Ｃ２七 八,1400,ダ,左,良,晴,12,6,8,ホイップミルク,牝,5,50.0,403,3,神尾香,田島寿,,9,1:32.6,40.0,5-7-4-7,9,403,3
2022/01/19,浦和,8,Ｃ２七 八,1400,ダ,左,良,晴,12,8,11,マッシュブライト,牝,4,54.0,462,1,高橋哲,酒井一,,10,1:33.1,39.7,11-11-10-10,11,462,1
2022/01/19,浦和,8,Ｃ２七 八,1400,ダ,左,良,晴,12,5,6,フェラリーチェコ,牝,4,53.0,423,21,七夕裕,藤原智,,11,1:33.2,40.3,4-5-11-11,10,423,21
2022/01/19,浦和,8,Ｃ２七 八,1400,ダ,左,良,晴,12,7,9,マイネルエポレット,牡,6,56.0,500,-1,吉留孝,平山真,,,,,,,500,-1
2022/01/19,浦和,9,ガーネット特別Ｃ１三,1400,ダ,左,良,晴,11,6,6,レッドアーチャー,牡,4,56.0,491,3,森泰斗,高月賢,,1,1:29.5,38.2,1-1-1-1,3,491,3
2022/01/19,浦和,9,ガーネット特別Ｃ１三,1400,ダ,左,良,晴,11,7,9,ソニックムーヴ,牡,4,56.0,511,4,張田昂,小久智,,2,1:29.8,38.5,3-2-2-2,1,511,4
2022/01/19,浦和,9,ガーネット特別Ｃ１三,1400,ダ,左,良,晴,11,8,10,モンチ,牡,4,56.0,470,-5,笹川翼,山田信,,3,1:30.0,38.6,4-4-3-3,4,470,-5
2022/01/19,浦和,9,ガーネット特別Ｃ１三,1400,ダ,左,良,晴,11,2,2,ウインベザント,牡,8,56.0,467,3,御神訓,新井清,,4,1:30.3,38.3,7-8-10-6,5,467,3
2022/01/19,浦和,9,ガーネット特別Ｃ１三,1400,ダ,左,良,晴,11,4,4,ワンダークラドート,牡,5,56.0,482,2,橋本直,鈴木勝,,5,1:30.7,38.9,9-9-5-5,2,482,2
2022/01/19,浦和,9,ガーネット特別Ｃ１三,1400,ダ,左,良,晴,11,6,7,マイネルデルフト,セ,0,56.0,454,3,和田譲,川村守,,6,1:31.0,39.4,5-5-4-4,11,454,3
2022/01/19,浦和,9,ガーネット特別Ｃ１三,1400,ダ,左,良,晴,11,8,11,フォーギブネス,牡,4,55.0,459,3,七夕裕,平山真,,7,1:31.2,39.1,8-10-9-8,8,459,3
2022/01/19,浦和,9,ガーネット特別Ｃ１三,1400,ダ,左,良,晴,11,7,8,ダテノライトニング,牝,7,54.0,478,-3,本橋孝,野口孝,,8,1:31.6,40.0,11-7-6-7,6,478,-3
2022/01/19,浦和,9,ガーネット特別Ｃ１三,1400,ダ,左,良,晴,11,5,5,プロトイチバンボシ,牡,6,54.0,514,-7,古岡勇,林　幻,,9,1:32.7,41.0,10-11-7-9,10,514,-7
2022/01/19,浦和,9,ガーネット特別Ｃ１三,1400,ダ,左,良,晴,11,1,1,ヤマノプリティー,牝,4,54.0,465,7,内田利,藤原智,,10,1:33.2,41.4,2-3-11-11,9,465,7
2022/01/19,浦和,9,ガーネット特別Ｃ１三,1400,ダ,左,良,晴,11,3,3,エドノストリート,牝,4,54.0,457,7,酒井忍,宇野博,,11,1:33.6,42.0,6-6-8-10,7,457,7
2022/01/19,浦和,10,山羊座特別Ｂ３三,1400,ダ,左,良,晴,11,6,7,モリデンアロー,牡,4,56.0,503,7,笹川翼,繁田健,,1,1:28.7,38.8,2-2-2-1,2,503,7
2022/01/19,浦和,10,山羊座特別Ｂ３三,1400,ダ,左,良,晴,11,7,8,リンクスショウ,牡,4,56.0,477,-5,澤田龍,渡邊貴,,2,1:29.2,38.8,6-7-5-3,5,477,-5
2022/01/19,浦和,10,山羊座特別Ｂ３三,1400,ダ,左,良,晴,11,4,4,キョウエイオジョウ,牝,8,54.0,489,1,藤本現,小澤宏,,3,1:29.2,37.3,11-11-10-10,9,489,1
2022/01/19,浦和,10,山羊座特別Ｂ３三,1400,ダ,左,良,晴,11,5,5,コンセプト,牡,4,56.0,478,6,森泰斗,小久智,,4,1:29.3,39.0,7-4-4-4,1,478,6
2022/01/19,浦和,10,山羊座特別Ｂ３三,1400,ダ,左,良,晴,11,2,2,ニッチモサッチモ,セ,0,56.0,449,-5,山中悠,伊藤滋,,5,1:29.5,38.8,5-6-6-6,8,449,-5
2022/01/19,浦和,10,山羊座特別Ｂ３三,1400,ダ,左,良,晴,11,1,1,ツーエムアリエス,牡,7,56.0,501,-2,福原杏,繁田健,,6,1:29.7,39.9,1-1-1-2,6,501,-2
2022/01/19,浦和,10,山羊座特別Ｂ３三,1400,ダ,左,良,晴,11,8,11,ハリケーンメファ,牝,5,54.0,470,2,山崎誠,山本学,,7,1:29.9,39.3,8-8-7-8,4,470,2
2022/01/19,浦和,10,山羊座特別Ｂ３三,1400,ダ,左,良,晴,11,6,6,テリオスヒメ,牝,5,54.0,470,0,吉留孝,冨田敏,,8,1:30.0,38.9,9-9-9-9,10,470,0
2022/01/19,浦和,10,山羊座特別Ｂ３三,1400,ダ,左,良,晴,11,7,9,マナーザマジック,牡,5,56.0,459,2,達城龍,野口孝,,9,1:30.0,39.6,4-5-8-7,3,459,2
2022/01/19,浦和,10,山羊座特別Ｂ３三,1400,ダ,左,良,晴,11,8,10,タイセイビルダー,牡,6,56.0,522,-5,町田直,内田勝,,10,1:30.1,40.2,3-3-3-5,7,522,-5
2022/01/19,浦和,10,山羊座特別Ｂ３三,1400,ダ,左,良,晴,11,3,3,ピンクローズ,牝,4,53.0,469,1,七夕裕,宇野博,,11,1:31.0,38.7,10-10-11-11,11,469,1
2022/01/19,浦和,11,ニューイヤーカップ３歳オープン,1500,ダ,左,良,晴,12,5,5,ミゲル,牡,3,56.0,483,6,本田重,山中尊,,1,1:35.3,38.9,4-4-4-3,2,483,6
2022/01/19,浦和,11,ニューイヤーカップ３歳オープン,1500,ダ,左,良,晴,12,3,3,リヴィフェイス,牡,3,56.0,459,-1,本橋孝,石井勝,,2,1:35.3,39.3,2-2-2-2,4,459,-1
2022/01/19,浦和,11,ニューイヤーカップ３歳オープン,1500,ダ,左,良,晴,12,8,12,ダイナソー,牡,3,56.0,459,-1,矢野貴,佐野謙,,3,1:35.6,39.5,3-3-3-4,3,459,-1
2022/01/19,浦和,11,ニューイヤーカップ３歳オープン,1500,ダ,左,良,晴,12,1,1,ノブレスノア,牡,3,56.0,482,4,森泰斗,小久智,,4,1:35.7,39.8,1-1-1-1,1,482,4
2022/01/19,浦和,11,ニューイヤーカップ３歳オープン,1500,ダ,左,良,晴,12,6,8,カイル,牡,3,56.0,466,3,見越彬,小久智,,5,1:36.0,39.5,6-5-5-5,6,466,3
2022/01/19,浦和,11,ニューイヤーカップ３歳オープン,1500,ダ,左,良,晴,12,7,9,バイザウェイ,牡,3,56.0,466,-6,山口達,林正人,,6,1:36.3,38.3,12-12-11-10,8,466,-6
2022/01/19,浦和,11,ニューイヤーカップ３歳オープン,1500,ダ,左,良,晴,12,4,4,モンバイト,牡,3,56.0,480,3,酒井忍,薮口一,,7,1:36.7,39.3,10-11-9-7,12,480,3
2022/01/19,浦和,11,ニューイヤーカップ３歳オープン,1500,ダ,左,良,晴,12,7,10,フレッシュグリーン,牡,3,56.0,448,-1,藤本現,加藤誠,,8,1:36.9,39.5,11-10-8-6,10,448,-1
2022/01/19,浦和,11,ニューイヤーカップ３歳オープン,1500,ダ,左,良,晴,12,5,6,フレールフィーユ,牡,3,56.0,471,0,和田譲,野口寛,,9,1:37.2,40.2,5-6-6-9,5,471,0
2022/01/19,浦和,11,ニューイヤーカップ３歳オープン,1500,ダ,左,良,晴,12,2,2,マルカンブロンド,牡,3,56.0,467,-1,仲原大,高野毅,,10,1:37.2,40.1,7-7-7-8,11,467,-1
2022/01/19,浦和,11,ニューイヤーカップ３歳オープン,1500,ダ,左,良,晴,12,8,11,ナインバイパー,牡,3,56.0,458,-7,御神訓,八木仁,,11,1:38.3,40.5,9-9-12-12,7,458,-7
2022/01/19,浦和,11,ニューイヤーカップ３歳オープン,1500,ダ,左,良,晴,12,6,7,エンタクノキシ,牡,3,56.0,480,-1,山崎誠,藤原智,,12,1:39.3,42.2,8-8-10-11,9,480,-1
2022/01/19,浦和,12,睦月特別Ｂ３四Ｃ１一,1500,ダ,左,良,晴,12,5,6,ミロヴィーナス,牝,5,55.0,475,0,笹川翼,出川克,,1,1:35.7,38.2,3-3-2-2,1,475,0
2022/01/19,浦和,12,睦月特別Ｂ３四Ｃ１一,1500,ダ,左,良,晴,12,2,2,ジョーマキアート,牝,7,52.0,510,9,七夕裕,小久智,,2,1:35.9,39.5,1-1-1-1,7,510,9
2022/01/19,浦和,12,睦月特別Ｂ３四Ｃ１一,1500,ダ,左,良,晴,12,7,9,オーロラテーラー,牝,5,55.0,483,1,川島正,稲益貴,,3,1:36.0,38.2,6-5-5-3,2,483,1
2022/01/19,浦和,12,睦月特別Ｂ３四Ｃ１一,1500,ダ,左,良,晴,12,8,12,オルディノ,牝,4,53.0,428,-6,張田昂,川島一,,4,1:36.8,38.9,9-9-6-4,6,428,-6
2022/01/19,浦和,12,睦月特別Ｂ３四Ｃ１一,1500,ダ,左,良,晴,12,6,7,レオステップアップ,牡,7,55.0,513,12,岡村健,岡林光,,5,1:37.4,39.0,10-12-10-6,4,513,12
2022/01/19,浦和,12,睦月特別Ｂ３四Ｃ１一,1500,ダ,左,良,晴,12,4,4,ボウトロイ,牡,4,57.0,529,0,和田譲,岩本洋,,6,1:37.4,39.4,11-8-9-7,8,529,0
2022/01/19,浦和,12,睦月特別Ｂ３四Ｃ１一,1500,ダ,左,良,晴,12,5,5,サヨノイチバン,牝,4,53.0,481,2,増田充,加藤誠,,7,1:37.5,39.9,12-11-3-5,9,481,2
2022/01/19,浦和,12,睦月特別Ｂ３四Ｃ１一,1500,ダ,左,良,晴,12,1,1,エスケイヤマト,牡,4,55.0,496,2,山口達,林正人,,8,1:37.9,39.7,7-7-11-11,3,496,2
2022/01/19,浦和,12,睦月特別Ｂ３四Ｃ１一,1500,ダ,左,良,晴,12,6,8,タイニーベイビー,牡,5,55.0,455,-1,保園翔,繁田健,,9,1:38.1,40.1,8-10-8-10,11,455,-1
2022/01/19,浦和,12,睦月特別Ｂ３四Ｃ１一,1500,ダ,左,良,晴,12,8,11,シグラップリンリン,牝,7,55.0,447,2,橋本直,平山真,,10,1:38.6,40.7,4-4-7-9,10,447,2
2022/01/19,浦和,12,睦月特別Ｂ３四Ｃ１一,1500,ダ,左,良,晴,12,3,3,ピュアファンタジー,牝,5,53.0,475,-5,古岡勇,小澤宏,,11,1:38.7,41.5,2-2-4-8,12,475,-5
2022/01/19,浦和,12,睦月特別Ｂ３四Ｃ１一,1500,ダ,左,良,晴,12,7,10,ペルフェッタ,牝,5,55.0,494,-9,本橋孝,野口孝,,12,1:39.7,40.7,5-6-12-12,5,494,-9
2022/01/20,浦和,1,浦和８００ラウンド３歳選抜馬,800,ダ,左,良,晴,12,6,8,グランツ,牝,3,54.0,493,-7,和田譲,小久智,,1,0:47.9,35.8,2-2,1,493,-7
2022/01/20,浦和,1,浦和８００ラウンド３歳選抜馬,800,ダ,左,良,晴,12,5,5,ドラゴンズアイ,牝,3,54.0,452,5,加藤和,野口孝,,2,0:48.1,36.2,1-1,2,452,5
2022/01/20,浦和,1,浦和８００ラウンド３歳選抜馬,800,ダ,左,良,晴,12,8,12,ガンコチャン,牝,3,51.0,500,-7,木間龍,長谷忍,,3,0:48.6,36.1,6-3,6,500,-7
2022/01/20,浦和,1,浦和８００ラウンド３歳選抜馬,800,ダ,左,良,晴,12,8,11,ネーレウス,牡,3,56.0,468,-1,高橋哲,酒井一,,4,0:49.0,36.6,4-5,5,468,-1
2022/01/20,浦和,1,浦和８００ラウンド３歳選抜馬,800,ダ,左,良,晴,12,5,6,ステラセイコー,牝,3,54.0,452,-15,福原杏,水野貴,,5,0:49.1,37.0,3-4,4,452,-15
2022/01/20,浦和,1,浦和８００ラウンド３歳選抜馬,800,ダ,左,良,晴,12,1,1,ユウユウピクニック,牝,3,54.0,415,0,秋元耕,横山保,,6,0:49.7,37.1,5-6,3,415,0
2022/01/20,浦和,1,浦和８００ラウンド３歳選抜馬,800,ダ,左,良,晴,12,6,7,ミルティー,牝,3,54.0,409,-4,吉留孝,箕輪武,,7,0:50.1,37.0,9-8,12,409,-4
2022/01/20,浦和,1,浦和８００ラウンド３歳選抜馬,800,ダ,左,良,晴,12,3,3,マヘアラニ,牝,3,54.0,451,-1,町田直,酒井一,,8,0:50.2,37.4,7-7,8,451,-1
2022/01/20,浦和,1,浦和８００ラウンド３歳選抜馬,800,ダ,左,良,晴,12,2,2,セイダンシング,牡,3,56.0,480,8,岡田大,牛房榮,,9,0:50.3,37.2,8-9,7,480,8
2022/01/20,浦和,1,浦和８００ラウンド３歳選抜馬,800,ダ,左,良,晴,12,7,9,カシノリカバリー,牝,3,54.0,468,-22,達城龍,野口寛,,10,0:50.3,36.4,11-10,9,468,-22
2022/01/20,浦和,1,浦和８００ラウンド３歳選抜馬,800,ダ,左,良,晴,12,7,10,サウンドウェリナ,牝,3,54.0,439,0,寺島憂,柘榴浩,,11,0:51.0,37.1,12-11,11,439,0
2022/01/20,浦和,1,浦和８００ラウンド３歳選抜馬,800,ダ,左,良,晴,12,4,4,フラッシュ,牡,3,53.0,510,-6,菅原涼,藤原智,,12,0:51.1,38.0,10-12,10,510,-6
2022/01/20,浦和,2,３歳四,1400,ダ,左,良,晴,12,7,9,ヤマイチノア,牡,3,57.0,494,3,森泰斗,齊藤敏,,1,1:31.4,39.0,1-1-1-1,1,494,3
2022/01/20,浦和,2,３歳四,1400,ダ,左,良,晴,12,6,7,エスケントバゴ,牡,3,56.0,468,-1,笹川翼,新井清,,2,1:31.8,39.1,6-6-2-2,3,468,-1
2022/01/20,浦和,2,３歳四,1400,ダ,左,良,晴,12,5,5,ハッピートウキョウ,牡,3,56.0,512,5,福原杏,繁田健,,3,1:32.4,39.4,3-3-4-3,2,512,5
2022/01/20,浦和,2,３歳四,1400,ダ,左,良,晴,12,3,3,ゴールドキングダム,牡,3,56.0,500,1,秋元耕,鹿沼和,,4,1:32.8,39.3,7-7-8-5,8,500,1
2022/01/20,浦和,2,３歳四,1400,ダ,左,良,晴,12,2,2,カニフ,牝,3,54.0,421,-8,吉留孝,薮口一,,5,1:33.4,39.9,10-10-7-4,6,421,-8
2022/01/20,浦和,2,３歳四,1400,ダ,左,良,晴,12,5,6,ミスシャーロック,牝,3,54.0,441,-6,矢野貴,水野貴,,6,1:33.5,40.3,5-5-6-6,5,441,-6
2022/01/20,浦和,2,３歳四,1400,ダ,左,良,晴,12,7,10,グリジー,牡,3,56.0,440,-6,實川純,佐々功,,7,1:33.9,41.0,4-4-5-9,10,440,-6
2022/01/20,浦和,2,３歳四,1400,ダ,左,良,晴,12,4,4,ハクシンポケット,牡,3,55.0,445,8,七夕裕,平山真,,8,1:34.1,40.6,8-8-9-7,7,445,8
2022/01/20,浦和,2,３歳四,1400,ダ,左,良,晴,12,8,12,シェナハート,牝,3,54.0,426,0,國分祐,冨田敏,,9,1:34.2,40.7,9-9-10-8,11,426,0
2022/01/20,浦和,2,３歳四,1400,ダ,左,良,晴,12,6,8,ロバリアスピード,牝,3,54.0,401,2,内田利,野口孝,,10,1:34.3,40.3,11-11-11-11,9,401,2
2022/01/20,浦和,2,３歳四,1400,ダ,左,良,晴,12,1,1,アルゴル,牡,3,56.0,465,5,庄司大,箕輪武,,11,1:35.8,43.2,2-2-3-10,4,465,5
2022/01/20,浦和,2,３歳四,1400,ダ,左,良,晴,12,8,11,リョウイキテンカイ,牝,3,54.0,0,0,橋本直,柘榴浩,,,,,,,0,0
2022/01/20,浦和,3,Ｃ３ ４歳エ,1400,ダ,左,良,晴,12,1,1,フィーネ,牝,4,54.0,485,5,本橋孝,野口寛,,1,1:30.6,39.5,1-1-1-1,2,485,5
2022/01/20,浦和,3,Ｃ３ ４歳エ,1400,ダ,左,良,晴,12,2,2,ノースブラスト,セ,0,56.0,539,-6,森泰斗,水野貴,,2,1:30.8,38.4,9-9-5-1,3,539,-6
2022/01/20,浦和,3,Ｃ３ ４歳エ,1400,ダ,左,良,晴,12,4,4,デルマジザイ,牡,4,56.0,463,-1,藤江渉,工藤伸,,3,1:30.8,39.3,6-4-4-3,4,463,-1
2022/01/20,浦和,3,Ｃ３ ４歳エ,1400,ダ,左,良,晴,12,8,11,サニースポット,牝,4,54.0,451,-6,見越彬,工藤伸,,4,1:31.5,39.3,8-8-8-8,7,451,-6
2022/01/20,浦和,3,Ｃ３ ４歳エ,1400,ダ,左,良,晴,12,6,8,クレイジーエックス,牡,4,55.0,465,3,七夕裕,野口孝,,5,1:31.6,39.4,7-7-6-6,1,465,3
2022/01/20,浦和,3,Ｃ３ ４歳エ,1400,ダ,左,良,晴,12,7,9,トラハト,牝,4,54.0,499,9,酒井忍,海馬司,,6,1:31.8,40.5,3-3-3-4,10,499,9
2022/01/20,浦和,3,Ｃ３ ４歳エ,1400,ダ,左,良,晴,12,5,5,リカバリーショット,牡,4,56.0,501,-8,吉留孝,薮口一,,7,1:32.0,38.9,11-11-11-7,11,501,-8
2022/01/20,浦和,3,Ｃ３ ４歳エ,1400,ダ,左,良,晴,12,5,6,ボンバーガール,牝,4,54.0,506,1,保園翔,山越光,,8,1:32.4,39.0,12-12-12-11,6,506,1
2022/01/20,浦和,3,Ｃ３ ４歳エ,1400,ダ,左,良,晴,12,7,10,ファーマスター,牝,4,54.0,435,-12,寺島憂,川村守,,9,1:32.4,39.5,10-10-10-10,8,435,-12
2022/01/20,浦和,3,Ｃ３ ４歳エ,1400,ダ,左,良,晴,12,6,7,ボルドーアラン,牡,4,56.0,502,20,秋元耕,柘榴浩,,10,1:33.4,41.3,4-5-9-9,12,502,20
2022/01/20,浦和,3,Ｃ３ ４歳エ,1400,ダ,左,良,晴,12,3,3,ゼファーディディ,牝,4,54.0,441,-6,半澤慶,宇野博,,11,1:33.7,42.6,2-2-2-5,9,441,-6
2022/01/20,浦和,3,Ｃ３ ４歳エ,1400,ダ,左,良,晴,12,8,12,ヴィクトリアブーケ,牝,4,54.0,379,-13,岡田大,薮口一,,12,1:35.5,43.6,5-6-7-12,5,379,-13
2022/01/20,浦和,4,Ｃ３二 三 四,1400,ダ,左,良,晴,12,7,10,パーキー,牝,7,53.0,465,2,篠谷葵,林隆之,,1,1:30.4,39.2,1-1-1-1,4,465,2
2022/01/20,浦和,4,Ｃ３二 三 四,1400,ダ,左,良,晴,12,3,3,リュウオウ,牡,6,56.0,477,4,石崎駿,宇野博,,2,1:30.9,39.3,10-9-6-4,1,477,4
2022/01/20,浦和,4,Ｃ３二 三 四,1400,ダ,左,良,晴,12,7,9,モリデンテキーラ,牝,7,54.0,464,6,保園翔,山越光,,3,1:31.1,39.6,8-7-3-2,2,464,6
2022/01/20,浦和,4,Ｃ３二 三 四,1400,ダ,左,良,晴,12,6,8,エレガンスヘイロー,牝,7,54.0,479,-1,和田譲,柘榴浩,,4,1:31.3,40.0,3-2-2-3,3,479,-1
2022/01/20,浦和,4,Ｃ３二 三 四,1400,ダ,左,良,晴,12,2,2,ベルクオーレ,牝,9,54.0,468,-1,西村栄,佐々功,,5,1:31.5,39.4,6-8-11-8,12,468,-1
2022/01/20,浦和,4,Ｃ３二 三 四,1400,ダ,左,良,晴,12,5,6,ニードアフレンド,牝,8,54.0,458,-3,山中悠,鈴木勝,,6,1:31.8,40.1,4-4-7-7,5,458,-3
2022/01/20,浦和,4,Ｃ３二 三 四,1400,ダ,左,良,晴,12,5,5,ヤマニンプルニエ,牝,5,54.0,429,-5,岡村裕,山崎尋,,7,1:32.0,39.8,11-10-12-9,8,429,-5
2022/01/20,浦和,4,Ｃ３二 三 四,1400,ダ,左,良,晴,12,4,4,アーバンブラック,牡,7,55.0,472,0,七夕裕,平山真,,8,1:32.0,39.9,9-11-10-11,7,472,0
2022/01/20,浦和,4,Ｃ３二 三 四,1400,ダ,左,良,晴,12,1,1,オールドボンバー,牡,6,56.0,479,-3,寺島憂,横山保,,9,1:32.1,40.6,2-3-4-6,6,479,-3
2022/01/20,浦和,4,Ｃ３二 三 四,1400,ダ,左,良,晴,12,8,12,クロノエンプレス,牝,5,54.0,477,6,岡田大,酒井一,,10,1:32.2,40.7,5-5-5-5,10,477,6
2022/01/20,浦和,4,Ｃ３二 三 四,1400,ダ,左,良,晴,12,6,7,サーストンニケ,牝,8,52.0,449,-4,古岡勇,村田順,,11,1:32.9,41.0,7-6-8-10,9,449,-4
2022/01/20,浦和,4,Ｃ３二 三 四,1400,ダ,左,良,晴,12,8,11,アキコノユメヲ,牝,5,54.0,428,-1,伊藤裕,久保勇,,12,1:32.9,40.8,12-12-9-12,11,428,-1
2022/01/20,浦和,5,Ｃ３二 三 四,1500,ダ,左,良,晴,12,6,7,サムシングクール,牝,7,54.0,463,-4,町田直,田邊陽,,1,1:37.5,39.6,1-1-1-1,3,463,-4
2022/01/20,浦和,5,Ｃ３二 三 四,1500,ダ,左,良,晴,12,7,10,フクノヴァランス,牡,7,56.0,470,2,加藤和,川島豊,,2,1:37.7,39.3,5-5-4-2,1,470,2
2022/01/20,浦和,5,Ｃ３二 三 四,1500,ダ,左,良,晴,12,3,3,マッシロ,牝,6,54.0,430,-1,張田昂,林隆之,,3,1:38.0,39.6,4-3-5-4,4,430,-1
2022/01/20,浦和,5,Ｃ３二 三 四,1500,ダ,左,良,晴,12,8,11,サフランフラワー,牝,5,54.0,429,3,森泰斗,平山真,,4,1:38.6,40.4,3-4-3-6,2,429,3
2022/01/20,浦和,5,Ｃ３二 三 四,1500,ダ,左,良,晴,12,5,5,ヒゲクレイジー,セ,0,56.0,463,3,高橋哲,酒井一,,5,1:38.6,39.9,7-6-6-8,5,463,3
2022/01/20,浦和,5,Ｃ３二 三 四,1500,ダ,左,良,晴,12,4,4,ジュントップゴール,牡,8,56.0,520,5,吉留孝,薮口一,,6,1:38.7,39.8,11-9-8-5,6,520,5
2022/01/20,浦和,5,Ｃ３二 三 四,1500,ダ,左,良,晴,12,2,2,メイショウハヤナリ,牡,6,56.0,491,17,見越彬,藤原智,,7,1:38.7,40.7,2-2-2-3,9,491,17
2022/01/20,浦和,5,Ｃ３二 三 四,1500,ダ,左,良,晴,12,7,9,ロイクラトン,セ,0,56.0,475,-4,酒井忍,村田六,,8,1:38.9,39.8,10-11-10-7,7,475,-4
2022/01/20,浦和,5,Ｃ３二 三 四,1500,ダ,左,良,晴,12,1,1,シエスタキー,牡,5,56.0,490,6,山中悠,川村守,,9,1:39.4,40.2,12-12-12-10,10,490,6
2022/01/20,浦和,5,Ｃ３二 三 四,1500,ダ,左,良,晴,12,6,8,ミライヘノサイン,牝,9,54.0,456,3,岡田大,冨田敏,,10,1:39.5,40.6,9-10-7-9,11,456,3
2022/01/20,浦和,5,Ｃ３二 三 四,1500,ダ,左,良,晴,12,8,12,ヤマジュンヒバナ,牝,5,53.0,436,1,七夕裕,宇野博,,11,1:39.8,40.9,6-8-9-11,8,436,1
2022/01/20,浦和,5,Ｃ３二 三 四,1500,ダ,左,良,晴,12,5,6,ケイティーアニマル,牝,9,54.0,488,2,寺島憂,柘榴浩,,12,1:40.6,41.7,8-7-11-12,12,488,2
2022/01/20,浦和,6,興雲閣　幸運賞Ｃ２九,1400,ダ,左,良,晴,12,1,1,リンドグレン,牝,8,54.0,438,-7,町田直,山下之,,1,1:29.9,38.5,5-5-5-4,1,438,-7
2022/01/20,浦和,6,興雲閣　幸運賞Ｃ２九,1400,ダ,左,良,晴,12,5,5,ナムラキティー,牝,5,54.0,471,0,和田譲,小澤宏,,2,1:30.3,39.2,3-3-3-2,3,471,0
2022/01/20,浦和,6,興雲閣　幸運賞Ｃ２九,1400,ダ,左,良,晴,12,4,4,レマンコ,セ,0,56.0,458,0,伊藤裕,久保秀,,3,1:30.5,38.6,10-9-7-5,4,458,0
2022/01/20,浦和,6,興雲閣　幸運賞Ｃ２九,1400,ダ,左,良,晴,12,7,9,ルピナスガーデン,牝,5,54.0,487,10,吉留孝,薮口一,,4,1:31.0,40.2,1-2-2-3,6,487,10
2022/01/20,浦和,6,興雲閣　幸運賞Ｃ２九,1400,ダ,左,良,晴,12,2,2,ジェームス,牡,8,56.0,508,14,半澤慶,川島豊,,5,1:31.5,40.7,2-1-1-1,12,508,14
2022/01/20,浦和,6,興雲閣　幸運賞Ｃ２九,1400,ダ,左,良,晴,12,6,7,キョウエイハッチ,牡,8,56.0,503,16,秋元耕,小澤宏,,6,1:31.8,40.7,4-4-4-6,10,503,16
2022/01/20,浦和,6,興雲閣　幸運賞Ｃ２九,1400,ダ,左,良,晴,12,6,8,ユウユウグリュック,牝,5,54.0,419,0,見越彬,横山保,,7,1:31.9,40.0,7-6-8-9,11,419,0
2022/01/20,浦和,6,興雲閣　幸運賞Ｃ２九,1400,ダ,左,良,晴,12,5,6,ガッティナーラ,牡,8,56.0,488,0,岡村裕,河津裕,,8,1:31.9,39.8,6-8-9-7,9,488,0
2022/01/20,浦和,6,興雲閣　幸運賞Ｃ２九,1400,ダ,左,良,晴,12,7,10,ブルラッシュ,牡,5,56.0,505,-1,高橋哲,酒井一,,9,1:31.9,39.4,9-10-11-11,5,505,-1
2022/01/20,浦和,6,興雲閣　幸運賞Ｃ２九,1400,ダ,左,良,晴,12,8,11,セラフィム,牝,9,54.0,453,-2,橋本直,海馬司,,10,1:32.0,40.4,8-7-6-8,7,453,-2
2022/01/20,浦和,6,興雲閣　幸運賞Ｃ２九,1400,ダ,左,良,晴,12,8,12,アイクラシック,牡,5,56.0,500,3,岡田大,岡田一,,11,1:32.3,39.4,12-12-12-12,2,500,3
2022/01/20,浦和,6,興雲閣　幸運賞Ｃ２九,1400,ダ,左,良,晴,12,3,3,ナンヨーショウエイ,牝,5,54.0,428,13,岡村健,平山真,,12,1:32.5,40.0,11-11-10-10,8,428,13
2022/01/20,浦和,7,Ｃ３二 三 四,1400,ダ,左,良,晴,12,5,5,フェイドハード,牡,5,56.0,509,0,加藤和,長谷忍,,1,1:29.7,38.5,3-4-3-1,2,509,0
2022/01/20,浦和,7,Ｃ３二 三 四,1400,ダ,左,良,晴,12,1,1,タイムファクター,牡,6,56.0,483,-1,山崎誠,山田質,,2,1:30.9,39.4,4-5-4-4,3,483,-1
2022/01/20,浦和,7,Ｃ３二 三 四,1400,ダ,左,良,晴,12,8,12,ヤギリエピファクン,セ,0,56.0,482,4,本田重,張田京,,3,1:30.9,39.9,5-2-2-3,1,482,4
2022/01/20,浦和,7,Ｃ３二 三 四,1400,ダ,左,良,晴,12,7,9,ネオマティリアル,牡,5,56.0,469,1,秋元耕,小澤宏,,4,1:31.1,39.1,8-8-7-5,9,469,1
2022/01/20,浦和,7,Ｃ３二 三 四,1400,ダ,左,良,晴,12,6,7,ディアサンダー,牝,7,54.0,480,-3,櫻井光,久保勇,,5,1:31.7,40.9,2-1-1-2,4,480,-3
2022/01/20,浦和,7,Ｃ３二 三 四,1400,ダ,左,良,晴,12,3,3,ミッシーコルザ,牝,5,54.0,443,2,田中涼,村田順,,6,1:31.8,40.3,1-3-5-6,7,443,2
2022/01/20,浦和,7,Ｃ３二 三 四,1400,ダ,左,良,晴,12,2,2,キヨセ,牡,5,56.0,464,-6,今野忠,佐々清,,7,1:32.1,39.7,9-9-8-7,8,464,-6
2022/01/20,浦和,7,Ｃ３二 三 四,1400,ダ,左,良,晴,12,8,11,シゲルキラキラ,牝,6,54.0,489,-5,伊藤裕,鈴木義,,8,1:32.3,39.7,12-10-9-9,11,489,-5
2022/01/20,浦和,7,Ｃ３二 三 四,1400,ダ,左,良,晴,12,4,4,ショウイモン,牝,5,54.0,435,-4,見越彬,内野健,,9,1:32.3,39.7,11-11-12-10,5,435,-4
2022/01/20,浦和,7,Ｃ３二 三 四,1400,ダ,左,良,晴,12,5,6,マリアフィナーレ,牝,5,54.0,453,2,橋本直,小林真,,10,1:32.4,40.1,7-7-10-11,10,453,2
2022/01/20,浦和,7,Ｃ３二 三 四,1400,ダ,左,良,晴,12,7,10,サノチナ,牝,5,54.0,414,1,半澤慶,川島豊,,11,1:32.4,40.5,6-6-6-8,12,414,1
2022/01/20,浦和,7,Ｃ３二 三 四,1400,ダ,左,良,晴,12,6,8,ローズオブセイコー,牝,5,53.0,428,-5,七夕裕,柘榴浩,,12,1:32.5,39.9,10-12-11-12,6,428,-5
2022/01/20,浦和,8,Ｃ１五,1400,ダ,左,良,晴,12,5,5,モズハッピーロード,牡,4,57.0,512,7,張田昂,平山真,,1,1:29.1,38.7,5-5-3-2,2,512,7
2022/01/20,浦和,8,Ｃ１五,1400,ダ,左,良,晴,12,7,10,キングバーグ,牡,5,56.0,487,1,石崎駿,宇野博,,2,1:29.3,38.2,9-8-7-4,1,487,1
2022/01/20,浦和,8,Ｃ１五,1400,ダ,左,良,晴,12,8,12,フィナルタ,牝,6,54.0,432,10,本橋孝,矢野義,,3,1:29.3,38.6,7-7-6-3,3,432,10
2022/01/20,浦和,8,Ｃ１五,1400,ダ,左,良,晴,12,2,2,ネクサスエッジ,牝,5,54.0,482,14,矢野貴,小澤宏,,4,1:29.8,40.1,1-1-1-1,4,482,14
2022/01/20,浦和,8,Ｃ１五,1400,ダ,左,良,晴,12,7,9,アールブリッツ,牡,5,56.0,523,2,福原杏,水野貴,,5,1:30.2,39.5,6-6-5-7,5,523,2
2022/01/20,浦和,8,Ｃ１五,1400,ダ,左,良,晴,12,8,11,リートスピーク,牡,5,56.0,495,-1,町田直,山崎裕,,6,1:30.5,40.1,4-3-4-5,6,495,-1
2022/01/20,浦和,8,Ｃ１五,1400,ダ,左,良,晴,12,6,7,メガフロート,牡,5,56.0,462,1,和田譲,宇野博,,7,1:30.6,39.5,10-10-8-8,8,462,1
2022/01/20,浦和,8,Ｃ１五,1400,ダ,左,良,晴,12,6,8,ピースダンス,牝,4,54.0,428,13,本田重,高月賢,,8,1:31.2,41.0,2-2-2-6,7,428,13
2022/01/20,浦和,8,Ｃ１五,1400,ダ,左,良,晴,12,4,4,メガミリオン,牡,4,54.0,449,-6,古岡勇,田島寿,,9,1:31.2,39.5,11-12-12-12,12,449,-6
2022/01/20,浦和,8,Ｃ１五,1400,ダ,左,良,晴,12,1,1,バロズレガシー,牡,4,55.0,482,1,池谷匠,河津裕,,10,1:31.2,40.3,3-4-9-9,10,482,1
2022/01/20,浦和,8,Ｃ１五,1400,ダ,左,良,晴,12,3,3,タマモゼーゼマン,牡,5,56.0,474,0,秋元耕,野口孝,,11,1:31.5,40.2,8-9-10-11,11,474,0
2022/01/20,浦和,8,Ｃ１五,1400,ダ,左,良,晴,12,5,6,メジャータイム,牡,4,56.0,462,-1,藤江渉,工藤伸,,12,1:31.6,40.0,12-11-11-10,9,462,-1
2022/01/20,浦和,9,大寒特別Ｃ２一,1500,ダ,左,良,晴,12,2,2,ヒデノペリドット,牡,4,56.0,484,2,秋元耕,岡田一,,1,1:36.7,39.2,1-1-1-1,1,484,2
2022/01/20,浦和,9,大寒特別Ｃ２一,1500,ダ,左,良,晴,12,8,11,コウシ,セ,0,56.0,478,-1,石崎駿,米谷康,,2,1:36.8,39.2,4-4-4-2,2,478,-1
2022/01/20,浦和,9,大寒特別Ｃ２一,1500,ダ,左,良,晴,12,5,5,ポロス,牝,9,54.0,490,9,酒井忍,矢野義,,3,1:37.3,39.5,5-5-5-3,5,490,9
2022/01/20,浦和,9,大寒特別Ｃ２一,1500,ダ,左,良,晴,12,1,1,スーパーローズ,牝,5,54.0,461,1,吉留孝,野口孝,,4,1:37.5,39.4,7-7-8-4,7,461,1
2022/01/20,浦和,9,大寒特別Ｃ２一,1500,ダ,左,良,晴,12,4,4,クニノキラメキ,牡,4,56.0,481,1,森泰斗,小久智,,5,1:38.0,39.9,8-8-6-5,3,481,1
2022/01/20,浦和,9,大寒特別Ｃ２一,1500,ダ,左,良,晴,12,7,9,ホシプリンセス,牝,4,54.0,497,0,福原杏,鹿沼和,,6,1:38.5,39.9,11-11-9-9,8,497,0
2022/01/20,浦和,9,大寒特別Ｃ２一,1500,ダ,左,良,晴,12,8,12,スムーズジャズ,牡,8,56.0,497,1,笹川翼,宇野博,,7,1:38.7,40.1,9-9-9-6,4,497,1
2022/01/20,浦和,9,大寒特別Ｃ２一,1500,ダ,左,良,晴,12,6,7,フェリスダージ,牝,4,54.0,417,-4,内田利,工藤伸,,8,1:39.0,41.4,3-3-3-7,11,417,-4
2022/01/20,浦和,9,大寒特別Ｃ２一,1500,ダ,左,良,晴,12,5,6,ノースリュシオル,牝,4,54.0,449,-3,張田昂,長谷忍,,9,1:39.2,41.1,6-6-7-8,10,449,-3
2022/01/20,浦和,9,大寒特別Ｃ２一,1500,ダ,左,良,晴,12,7,10,マナカフナ,牝,4,54.0,419,2,高橋哲,牛房榮,,10,1:39.8,41.3,12-10-11-10,9,419,2
2022/01/20,浦和,9,大寒特別Ｃ２一,1500,ダ,左,良,晴,12,3,3,ナイトジュレップ,牡,7,56.0,504,-2,矢野貴,甲田悟,,11,1:40.9,43.3,2-2-2-11,6,504,-2
2022/01/20,浦和,9,大寒特別Ｃ２一,1500,ダ,左,良,晴,12,6,8,トーセンドナルド,牡,4,56.0,453,3,吉井章,藤原智,,12,1:41.2,41.6,10-12-12-12,12,453,3
2022/01/20,浦和,10,シンデレラオープン３歳牝馬選抜馬,1400,ダ,左,良,晴,11,7,9,ジョーストーリー,牝,3,55.0,467,5,本橋孝,小久智,,1,1:29.3,39.3,1-1-1-1,1,467,5
2022/01/20,浦和,10,シンデレラオープン３歳牝馬選抜馬,1400,ダ,左,良,晴,11,6,6,トキノゴールド,牝,3,55.0,486,1,櫻井光,八木喜,,2,1:30.2,39.6,3-6-5-5,5,486,1
2022/01/20,浦和,10,シンデレラオープン３歳牝馬選抜馬,1400,ダ,左,良,晴,11,3,3,カーロデスティーノ,牝,3,54.0,419,3,今野忠,甲田悟,,3,1:30.2,39.5,7-7-6-6,4,419,3
2022/01/20,浦和,10,シンデレラオープン３歳牝馬選抜馬,1400,ダ,左,良,晴,11,5,5,アスミ,牝,3,54.0,469,-1,森泰斗,高月賢,,4,1:30.4,40.2,4-3-3-4,2,469,-1
2022/01/20,浦和,10,シンデレラオープン３歳牝馬選抜馬,1400,ダ,左,良,晴,11,7,8,クレウーサ,牝,3,52.0,484,5,古岡勇,小澤宏,,5,1:30.5,39.0,9-9-8-7,10,484,5
2022/01/20,浦和,10,シンデレラオープン３歳牝馬選抜馬,1400,ダ,左,良,晴,11,2,2,カミニート,牝,3,54.0,442,1,和田譲,鈴木義,,6,1:30.5,38.3,11-11-10-9,7,442,1
2022/01/20,浦和,10,シンデレラオープン３歳牝馬選抜馬,1400,ダ,左,良,晴,11,8,11,ニッショウアッキー,牝,3,54.0,437,9,笹川翼,酒井一,,7,1:30.8,40.6,2-2-2-3,8,437,9
2022/01/20,浦和,10,シンデレラオープン３歳牝馬選抜馬,1400,ダ,左,良,晴,11,8,10,ササキンローズ,牝,3,54.0,402,1,矢野貴,佐野謙,,8,1:30.8,40.4,6-5-4-2,3,402,1
2022/01/20,浦和,10,シンデレラオープン３歳牝馬選抜馬,1400,ダ,左,良,晴,11,1,1,インカローズムスメ,牝,3,54.0,422,-1,吉留孝,山越光,,9,1:31.4,40.8,5-4-7-8,6,422,-1
2022/01/20,浦和,10,シンデレラオープン３歳牝馬選抜馬,1400,ダ,左,良,晴,11,4,4,ホワイトスズラン,牝,3,54.0,428,0,張田昂,山越光,,10,1:31.5,39.9,8-8-9-10,9,428,0
2022/01/20,浦和,10,シンデレラオープン３歳牝馬選抜馬,1400,ダ,左,良,晴,11,6,7,シャノンファンキー,牝,3,54.0,407,3,町田直,野口孝,,11,1:31.6,39.7,10-10-11-11,11,407,3
2022/01/20,浦和,11,祝月特別Ｂ１二Ｂ２一,1500,ダ,左,良,晴,10,8,9,ボナヴィーゴ,牡,7,57.0,522,-3,福原杏,宇野博,,1,1:35.1,37.7,9-8-7-5,4,522,-3
2022/01/20,浦和,11,祝月特別Ｂ１二Ｂ２一,1500,ダ,左,良,晴,10,4,4,トーセンマルコ,牡,4,55.0,468,4,橋本直,小久智,,2,1:35.4,39.1,3-3-3-3,6,468,4
2022/01/20,浦和,11,祝月特別Ｂ１二Ｂ２一,1500,ダ,左,良,晴,10,5,5,ホウヨウクリスタル,牡,4,55.0,500,3,山崎誠,藤原智,,3,1:35.4,39.1,1-1-1-1,1,500,3
2022/01/20,浦和,11,祝月特別Ｂ１二Ｂ２一,1500,ダ,左,良,晴,10,1,1,デイジーカーニバル,牡,7,57.0,503,-2,笹川翼,繁田健,,4,1:35.8,39.1,5-5-4-2,2,503,-2
2022/01/20,浦和,11,祝月特別Ｂ１二Ｂ２一,1500,ダ,左,良,晴,10,7,7,ウインドブロウン,牡,6,55.0,496,2,森泰斗,新井清,,5,1:36.0,39.1,7-6-5-4,3,496,2
2022/01/20,浦和,11,祝月特別Ｂ１二Ｂ２一,1500,ダ,左,良,晴,10,8,10,グロリオーソ,牝,4,55.0,471,1,矢野貴,佐野謙,,6,1:36.1,38.7,6-7-8-8,5,471,1
2022/01/20,浦和,11,祝月特別Ｂ１二Ｂ２一,1500,ダ,左,良,晴,10,6,6,サクセッサー,牡,6,55.0,502,4,酒井忍,矢野義,,7,1:36.3,38.4,8-9-10-9,9,502,4
2022/01/20,浦和,11,祝月特別Ｂ１二Ｂ２一,1500,ダ,左,良,晴,10,7,8,パーソナルマキ,牡,9,56.0,515,6,七夕裕,平山真,,8,1:36.3,38.4,10-10-9-10,8,515,6
2022/01/20,浦和,11,祝月特別Ｂ１二Ｂ２一,1500,ダ,左,良,晴,10,3,3,ブレークオンスルー,牡,8,57.0,529,8,國分祐,冨田敏,,9,1:37.0,40.1,4-4-6-6,10,529,8
2022/01/20,浦和,11,祝月特別Ｂ１二Ｂ２一,1500,ダ,左,良,晴,10,2,2,ウインプリンツ,牡,6,55.0,520,7,吉留孝,平山真,,10,1:37.8,41.5,2-2-2-7,7,520,7
2022/01/20,浦和,12,馬事畜産振興協議会長賞特別Ｂ２Ｂ３選抜馬,2000,ダ,左,良,晴,11,3,3,スズノアリュール,牡,7,56.0,498,2,篠谷葵,山中尊,,1,2:11.5,38.2,4-3-3-3,5,498,2
2022/01/20,浦和,12,馬事畜産振興協議会長賞特別Ｂ２Ｂ３選抜馬,2000,ダ,左,良,晴,11,1,1,トーセンブレイヴ,牡,7,57.0,512,-3,和田譲,小久智,,2,2:11.6,38.6,1-1-1-1,3,512,-3
2022/01/20,浦和,12,馬事畜産振興協議会長賞特別Ｂ２Ｂ３選抜馬,2000,ダ,左,良,晴,11,7,9,ダルヴァザ,セ,0,55.0,533,10,本田重,内田勝,,3,2:11.6,37.4,10-10-6-4,2,533,10
2022/01/20,浦和,12,馬事畜産振興協議会長賞特別Ｂ２Ｂ３選抜馬,2000,ダ,左,良,晴,11,5,5,モズノーブルギフト,牡,7,55.0,543,7,森泰斗,平山真,,4,2:11.6,38.6,2-2-2-2,1,543,7
2022/01/20,浦和,12,馬事畜産振興協議会長賞特別Ｂ２Ｂ３選抜馬,2000,ダ,左,良,晴,11,4,4,エイシンボールディ,牡,6,57.0,455,9,町田直,工藤伸,,5,2:12.1,38.4,5-5-5-5,6,455,9
2022/01/20,浦和,12,馬事畜産振興協議会長賞特別Ｂ２Ｂ３選抜馬,2000,ダ,左,良,晴,11,2,2,グレートベースン,牡,6,55.0,528,12,笹川翼,川村守,,6,2:12.8,38.8,8-6-7-6,4,528,12
2022/01/20,浦和,12,馬事畜産振興協議会長賞特別Ｂ２Ｂ３選抜馬,2000,ダ,左,良,晴,11,6,7,キャプチュード,牡,7,55.0,502,5,藤江渉,鹿沼和,,7,2:13.3,38.6,11-11-8-7,7,502,5
2022/01/20,浦和,12,馬事畜産振興協議会長賞特別Ｂ２Ｂ３選抜馬,2000,ダ,左,良,晴,11,7,8,シュンノカミ,牡,8,55.0,498,2,伊藤裕,加藤誠,,8,2:14.4,39.7,9-9-11-9,10,498,2
2022/01/20,浦和,12,馬事畜産振興協議会長賞特別Ｂ２Ｂ３選抜馬,2000,ダ,左,良,晴,11,8,10,ファウスト,牡,8,55.0,494,8,今野忠,柘榴浩,,9,2:14.9,41.5,3-4-4-8,11,494,8
2022/01/20,浦和,12,馬事畜産振興協議会長賞特別Ｂ２Ｂ３選抜馬,2000,ダ,左,良,晴,11,8,11,サトノゴールド,セ,0,55.0,473,3,秋元耕,小林真,,10,2:16.4,42.0,7-8-9-10,8,473,3
2022/01/20,浦和,12,馬事畜産振興協議会長賞特別Ｂ２Ｂ３選抜馬,2000,ダ,左,良,晴,11,6,6,リワードアヴァロン,セ,0,57.0,486,15,半澤慶,宇野博,,11,2:16.6,42.2,6-7-10-11,9,486,15
2022/01/21,浦和,1,Ｃ３ ４歳オ,1300,ダ,左,良,晴,11,8,10,サフランポケット,牡,4,56.0,493,33,森泰斗,平山真,,1,1:24.5,38.1,11-11-7-5,1,493,33
2022/01/21,浦和,1,Ｃ３ ４歳オ,1300,ダ,左,良,晴,11,3,3,シークレットギア,牡,4,56.0,486,20,吉留孝,薮口一,,2,1:24.7,39.2,6-6-5-3,4,486,20
2022/01/21,浦和,1,Ｃ３ ４歳オ,1300,ダ,左,良,晴,11,6,6,トーセンイザベル,牝,4,54.0,426,1,保園翔,海馬司,,3,1:25.1,41.0,1-1-1-1,8,426,1
2022/01/21,浦和,1,Ｃ３ ４歳オ,1300,ダ,左,良,晴,11,1,1,リアンデュソン,牡,4,56.0,569,-4,澤田龍,川村守,,4,1:25.3,40.4,4-4-3-4,5,569,-4
2022/01/21,浦和,1,Ｃ３ ４歳オ,1300,ダ,左,良,晴,11,5,5,ウンジョウノメガミ,牝,4,54.0,454,9,橋本直,牛房榮,,5,1:25.6,41.5,3-2-2-2,3,454,9
2022/01/21,浦和,1,Ｃ３ ４歳オ,1300,ダ,左,良,晴,11,7,8,ピクシーズパラソル,牝,4,54.0,468,30,見越彬,海馬司,,6,1:25.6,39.2,9-9-9-8,2,468,30
2022/01/21,浦和,1,Ｃ３ ４歳オ,1300,ダ,左,良,晴,11,4,4,ローズカルテット,牝,4,54.0,435,4,濱田達,平山真,,7,1:26.0,40.4,5-5-6-7,7,435,4
2022/01/21,浦和,1,Ｃ３ ４歳オ,1300,ダ,左,良,晴,11,7,9,シェナザール,牝,4,54.0,461,9,岡田大,吉田正,,8,1:26.1,40.0,8-7-8-9,11,461,9
2022/01/21,浦和,1,Ｃ３ ４歳オ,1300,ダ,左,良,晴,11,6,7,サファイアライト,牝,4,53.0,443,-3,七夕裕,平山真,,9,1:26.2,41.2,2-3-4-6,10,443,-3
2022/01/21,浦和,1,Ｃ３ ４歳オ,1300,ダ,左,良,晴,11,8,11,ゴールドアクセル,牡,4,56.0,524,5,高橋哲,鹿沼和,,10,1:26.2,39.3,10-10-11-10,9,524,5
2022/01/21,浦和,1,Ｃ３ ４歳オ,1300,ダ,左,良,晴,11,2,2,ミリオンフジコ,牝,4,52.0,464,-11,古岡勇,柘榴浩,,11,1:26.5,40.0,7-8-10-11,6,464,-11
2022/01/21,浦和,2,３歳七選抜馬イ,1400,ダ,左,良,晴,11,3,3,シェナダイオー,牡,3,56.0,535,4,秋元耕,山越光,,1,1:33.6,40.5,6-4-4-1,1,535,4
2022/01/21,浦和,2,３歳七選抜馬イ,1400,ダ,左,良,晴,11,7,9,ヒナマル,牝,3,51.0,422,-2,菅原涼,長谷忍,,2,1:34.5,41.2,9-9-6-3,10,422,-2
2022/01/21,浦和,2,３歳七選抜馬イ,1400,ダ,左,良,晴,11,4,4,ミキノケショウバコ,牝,3,54.0,474,2,半澤慶,平山真,,3,1:35.6,42.9,1-1-1-2,4,474,2
2022/01/21,浦和,2,３歳七選抜馬イ,1400,ダ,左,良,晴,11,1,1,ウノピュウウノ,牝,3,54.0,438,10,酒井忍,宇野博,,4,1:35.7,42.2,8-8-8-8,8,438,10
2022/01/21,浦和,2,３歳七選抜馬イ,1400,ダ,左,良,晴,11,7,8,マルノコウキ,牡,3,56.0,0,0,見越彬,川村守,,5,1:35.9,42.8,4-5-5-4,5,0,0
2022/01/21,浦和,2,３歳七選抜馬イ,1400,ダ,左,良,晴,11,6,6,デュークキング,牡,3,56.0,442,3,和田譲,水野貴,,6,1:36.2,42.7,5-7-9-9,3,442,3
2022/01/21,浦和,2,３歳七選抜馬イ,1400,ダ,左,良,晴,11,8,11,ティーズヴィクター,牡,3,56.0,479,-8,笹川翼,水野貴,,7,1:36.5,43.2,7-6-7-7,6,479,-8
2022/01/21,浦和,2,３歳七選抜馬イ,1400,ダ,左,良,晴,11,8,10,ダンストンガディス,牝,3,54.0,448,-25,福原杏,野口孝,,8,1:36.6,42.3,10-10-10-10,2,448,-25
2022/01/21,浦和,2,３歳七選抜馬イ,1400,ダ,左,良,晴,11,5,5,アヴェルスゴールド,牝,3,54.0,470,4,矢野貴,薮口一,,9,1:36.8,43.9,2-2-2-6,7,470,4
2022/01/21,浦和,2,３歳七選抜馬イ,1400,ダ,左,良,晴,11,6,7,ツクバビリーヴ,牝,3,54.0,437,2,川島正,山越光,,10,1:36.8,43.9,3-3-3-5,9,437,2
2022/01/21,浦和,2,３歳七選抜馬イ,1400,ダ,左,良,晴,11,2,2,アイカーニバル,牝,3,54.0,0,0,吉留孝,岡田一,,,,,,,0,0
2022/01/21,浦和,3,３歳七選抜馬ア,1400,ダ,左,良,晴,12,4,4,ビナハロン,セ,0,57.0,455,-2,小杉亮,矢野義,,1,1:33.6,38.5,12-11-5-3,1,455,-2
2022/01/21,浦和,3,３歳七選抜馬ア,1400,ダ,左,良,晴,12,8,11,カラーレスマージン,牡,3,56.0,465,4,酒井忍,宇野博,,2,1:34.1,39.8,3-4-3-2,4,465,4
2022/01/21,浦和,3,３歳七選抜馬ア,1400,ダ,左,良,晴,12,3,3,ボンバーキャット,牡,3,56.0,475,-9,見越彬,長谷忍,,3,1:34.1,40.0,1-1-1-1,7,475,-9
2022/01/21,浦和,3,３歳七選抜馬ア,1400,ダ,左,良,晴,12,6,7,マーシテイクオン,牡,3,56.0,483,-2,西村栄,矢野義,,4,1:34.2,39.0,9-9-8-5,2,483,-2
2022/01/21,浦和,3,３歳七選抜馬ア,1400,ダ,左,良,晴,12,5,6,レッドアンドブルー,牝,3,54.0,435,-3,和田譲,伊藤滋,,5,1:34.5,40.0,5-3-4-4,3,435,-3
2022/01/21,浦和,3,３歳七選抜馬ア,1400,ダ,左,良,晴,12,1,1,バジガクフローレス,牡,3,56.0,401,2,臼井健,山中尊,,6,1:34.9,39.1,8-8-11-11,12,401,2
2022/01/21,浦和,3,３歳七選抜馬ア,1400,ダ,左,良,晴,12,7,9,アカサカショコラ,牝,3,54.0,476,2,矢野貴,酒井一,,7,1:35.1,39.7,4-6-10-10,5,476,2
2022/01/21,浦和,3,３歳七選抜馬ア,1400,ダ,左,良,晴,12,2,2,フォーカスナチュレ,セ,0,56.0,426,-6,山本紀,矢内博,,8,1:35.1,39.5,10-10-9-7,10,426,-6
2022/01/21,浦和,3,３歳七選抜馬ア,1400,ダ,左,良,晴,12,6,8,ユカリン,牡,3,56.0,469,-10,藤本現,伊藤滋,,9,1:35.6,41.4,2-2-2-6,11,469,-10
2022/01/21,浦和,3,３歳七選抜馬ア,1400,ダ,左,良,晴,12,7,10,アタル,牡,3,56.0,443,-2,半澤慶,工藤伸,,10,1:35.6,40.5,7-7-7-8,6,443,-2
2022/01/21,浦和,3,３歳七選抜馬ア,1400,ダ,左,良,晴,12,8,12,オレラノユメ,牝,3,53.0,363,-2,七夕裕,酒井一,,11,1:35.6,40.7,6-5-6-9,8,363,-2
2022/01/21,浦和,3,３歳七選抜馬ア,1400,ダ,左,良,晴,12,5,5,アイノハリケーン,牡,3,56.0,465,-2,山口達,阿井正,,12,1:38.4,42.2,11-12-12-12,9,465,-2
2022/01/21,浦和,4,３歳六,1400,ダ,左,良,晴,12,3,3,タキチャンゴー,牝,3,54.0,460,-5,張田昂,小久智,,1,1:31.5,40.7,1-1-1-1,1,460,-5
2022/01/21,浦和,4,３歳六,1400,ダ,左,良,晴,12,5,6,ピンクオパール,牝,3,54.0,466,3,笹川翼,新井清,,2,1:32.0,40.9,2-3-2-2,2,466,3
2022/01/21,浦和,4,３歳六,1400,ダ,左,良,晴,12,7,9,アズールスフィア,牝,3,54.0,412,-13,藤江渉,工藤伸,,3,1:32.4,40.9,8-6-4-3,6,412,-13
2022/01/21,浦和,4,３歳六,1400,ダ,左,良,晴,12,4,4,セシボン,牝,3,52.0,396,-15,古岡勇,工藤伸,,4,1:32.6,41.6,3-2-3-4,3,396,-15
2022/01/21,浦和,4,３歳六,1400,ダ,左,良,晴,12,8,11,モエヨグラン,牡,3,56.0,503,-2,加藤和,箕輪武,,5,1:32.8,40.3,9-9-8-6,10,503,-2
2022/01/21,浦和,4,３歳六,1400,ダ,左,良,晴,12,1,1,スイフトマリー,牝,3,54.0,384,-2,岡村健,酒井一,,6,1:32.8,41.0,5-5-6-5,11,384,-2
2022/01/21,浦和,4,３歳六,1400,ダ,左,良,晴,12,5,5,クレールアヴニール,牝,3,54.0,446,2,和田譲,野口寛,,7,1:33.8,40.9,10-10-9-9,7,446,2
2022/01/21,浦和,4,３歳六,1400,ダ,左,良,晴,12,6,8,キャッスルムーン,牝,3,50.0,402,0,神尾香,渋谷博,,8,1:34.1,40.5,12-12-11-11,8,402,0
2022/01/21,浦和,4,３歳六,1400,ダ,左,良,晴,12,7,10,シェナコブシ,牡,3,56.0,474,8,秋元耕,吉田正,,9,1:34.2,41.1,11-11-10-10,4,474,8
2022/01/21,浦和,4,３歳六,1400,ダ,左,良,晴,12,6,7,ターミロンサール,牝,3,54.0,465,-6,福原杏,小林真,,10,1:34.3,42.8,4-4-5-7,9,465,-6
2022/01/21,浦和,4,３歳六,1400,ダ,左,良,晴,12,2,2,アクアエナジー,牝,3,54.0,428,3,寺島憂,小澤宏,,11,1:34.9,42.9,6-7-7-8,12,428,3
2022/01/21,浦和,4,３歳六,1400,ダ,左,良,晴,12,8,12,エスポワールフレア,牝,3,54.0,449,11,見越彬,野口寛,,12,1:35.7,42.3,7-8-12-12,5,449,11
2022/01/21,浦和,5,３歳五,1400,ダ,左,良,晴,12,6,8,ダブルラッキー,牡,3,56.0,469,-6,森泰斗,小久智,,1,1:31.5,40.8,1-1-1-1,2,469,-6
2022/01/21,浦和,5,３歳五,1400,ダ,左,良,晴,12,3,3,ジャングルタキオン,牡,3,56.0,490,-3,達城龍,野口孝,,2,1:31.8,40.7,5-5-4-2,1,490,-3
2022/01/21,浦和,5,３歳五,1400,ダ,左,良,晴,12,7,9,ヤクライローズ,牝,3,54.0,425,-6,見越彬,鹿沼和,,3,1:32.3,40.7,7-7-6-4,11,425,-6
2022/01/21,浦和,5,３歳五,1400,ダ,左,良,晴,12,2,2,ラフィット,牝,3,54.0,445,2,秋元耕,水野貴,,4,1:32.9,41.4,6-6-5-6,4,445,2
2022/01/21,浦和,5,３歳五,1400,ダ,左,良,晴,12,5,5,ツインティアラ,牝,3,54.0,446,2,岡田大,薮口一,,4,1:32.9,40.9,9-9-8-7,7,446,2
2022/01/21,浦和,5,３歳五,1400,ダ,左,良,晴,12,8,11,トドイワオーシャン,牝,3,54.0,443,-1,和田譲,齊藤敏,,6,1:33.0,42.2,4-2-2-3,3,443,-1
2022/01/21,浦和,5,３歳五,1400,ダ,左,良,晴,12,8,12,メルル,牝,3,54.0,376,-4,濱田達,伊藤滋,,7,1:33.4,41.2,8-8-9-8,9,376,-4
2022/01/21,浦和,5,３歳五,1400,ダ,左,良,晴,12,1,1,モリデンベル,牝,3,54.0,468,3,保園翔,山越光,,8,1:33.6,40.6,10-10-10-9,10,468,3
2022/01/21,浦和,5,３歳五,1400,ダ,左,良,晴,12,7,10,ユウユウパレス,牝,3,54.0,396,-3,吉留孝,横山保,,9,1:33.7,40.1,11-11-12-10,12,396,-3
2022/01/21,浦和,5,３歳五,1400,ダ,左,良,晴,12,5,6,ルミマルヤ,牝,3,54.0,450,-4,町田直,柘榴浩,,10,1:34.2,40.6,12-12-11-11,6,450,-4
2022/01/21,浦和,5,３歳五,1400,ダ,左,良,晴,12,4,4,エイシンスマッシュ,牡,3,56.0,487,17,福原杏,平山真,,11,1:34.8,43.8,2-3-3-5,5,487,17
2022/01/21,浦和,5,３歳五,1400,ダ,左,良,晴,12,6,7,セピアムーン,牝,3,53.0,413,-11,七夕裕,箕輪武,,12,1:36.7,45.4,3-4-7-12,8,413,-11
2022/01/21,浦和,6,秩父いちご　あまりん賞Ｃ２十,1500,ダ,左,良,晴,12,8,12,ビレッジクライ,牝,6,54.0,468,5,和田譲,新井清,,1,1:38.0,39.9,4-4-4-2,1,468,5
2022/01/21,浦和,6,秩父いちご　あまりん賞Ｃ２十,1500,ダ,左,良,晴,12,8,11,トーセンエクラ,牡,7,56.0,481,-4,森泰斗,齊藤敏,,2,1:38.4,39.2,8-8-8-7,3,481,-4
2022/01/21,浦和,6,秩父いちご　あまりん賞Ｃ２十,1500,ダ,左,良,晴,12,6,8,アポロモーリアン,牝,6,54.0,470,-3,増田充,村田順,,3,1:38.4,39.6,7-7-7-8,8,470,-3
2022/01/21,浦和,6,秩父いちご　あまりん賞Ｃ２十,1500,ダ,左,良,晴,12,3,3,サンハンツビル,牝,6,54.0,465,8,秋元耕,川村守,,4,1:38.4,40.0,6-6-5-5,6,465,8
2022/01/21,浦和,6,秩父いちご　あまりん賞Ｃ２十,1500,ダ,左,良,晴,12,5,5,ミメウルワシ,牝,7,53.0,452,5,篠谷葵,山越光,,5,1:38.4,40.3,3-3-2-3,2,452,5
2022/01/21,浦和,6,秩父いちご　あまりん賞Ｃ２十,1500,ダ,左,良,晴,12,7,10,アミフジウジョウ,牡,5,53.0,476,0,木間龍,矢野義,,6,1:38.6,37.6,11-11-11-9,5,476,0
2022/01/21,浦和,6,秩父いちご　あまりん賞Ｃ２十,1500,ダ,左,良,晴,12,6,7,アザミ,牝,8,54.0,450,4,内田利,内野健,,7,1:38.9,41.7,1-1-1-1,7,450,4
2022/01/21,浦和,6,秩父いちご　あまりん賞Ｃ２十,1500,ダ,左,良,晴,12,7,9,ニシノキスミー,牝,8,54.0,484,8,張田昂,小澤宏,,8,1:39.1,41.1,2-2-3-4,4,484,8
2022/01/21,浦和,6,秩父いちご　あまりん賞Ｃ２十,1500,ダ,左,良,晴,12,4,4,マスオ,牡,9,56.0,439,7,國分祐,野口孝,,9,1:39.5,40.9,5-5-6-6,10,439,7
2022/01/21,浦和,6,秩父いちご　あまりん賞Ｃ２十,1500,ダ,左,良,晴,12,2,2,シゲルアコヤガイ,牝,6,54.0,450,-2,藤本現,齊藤敏,,10,1:40.9,41.1,9-9-9-10,11,450,-2
2022/01/21,浦和,6,秩父いちご　あまりん賞Ｃ２十,1500,ダ,左,良,晴,12,5,6,アレグレユミティー,牝,6,54.0,477,1,保園翔,海馬司,,11,1:41.3,41.6,10-10-10-11,9,477,1
2022/01/21,浦和,6,秩父いちご　あまりん賞Ｃ２十,1500,ダ,左,良,晴,12,1,1,モニュメントキング,牡,6,57.0,0,0,岡村健,新井清,,,,,,,0,0
2022/01/21,浦和,7,特選Ｃ３一,1400,ダ,左,良,晴,11,1,1,ユリアンナ,牝,5,54.0,445,2,山崎誠,山崎尋,,1,1:30.6,38.8,7-6-8-4,4,445,2
2022/01/21,浦和,7,特選Ｃ３一,1400,ダ,左,良,晴,11,5,5,トモノクリスタル,牝,5,54.0,441,14,笹川翼,小久智,,2,1:30.6,39.5,1-1-1-1,1,441,14
2022/01/21,浦和,7,特選Ｃ３一,1400,ダ,左,良,晴,11,3,3,ハクサンバレー,牝,5,54.0,433,-5,酒井忍,森　始,,3,1:30.6,39.1,3-4-4-3,6,433,-5
2022/01/21,浦和,7,特選Ｃ３一,1400,ダ,左,良,晴,11,7,8,カズブレイド,牡,5,56.0,526,2,小杉亮,阿井正,,4,1:31.1,39.3,8-7-6-8,3,526,2
2022/01/21,浦和,7,特選Ｃ３一,1400,ダ,左,良,晴,11,7,9,トゥンバドーラ,牝,7,54.0,474,3,森泰斗,甲田悟,,5,1:31.1,39.9,2-2-2-2,2,474,3
2022/01/21,浦和,7,特選Ｃ３一,1400,ダ,左,良,晴,11,6,6,ラーズグリーズ,セ,0,56.0,459,-1,達城龍,工藤伸,,6,1:31.1,39.3,6-5-7-6,9,459,-1
2022/01/21,浦和,7,特選Ｃ３一,1400,ダ,左,良,晴,11,4,4,ワールドウィスラー,牡,5,56.0,463,6,高橋哲,牛房榮,,7,1:31.2,39.1,4-8-9-7,8,463,6
2022/01/21,浦和,7,特選Ｃ３一,1400,ダ,左,良,晴,11,2,2,モアイ,牡,7,58.0,486,-2,町田直,長谷忍,,8,1:31.4,39.6,10-10-5-5,5,486,-2
2022/01/21,浦和,7,特選Ｃ３一,1400,ダ,左,良,晴,11,8,11,カモンベイビー,牡,5,56.0,481,-3,岡村裕,山田正,,9,1:31.9,39.4,11-11-11-11,7,481,-3
2022/01/21,浦和,7,特選Ｃ３一,1400,ダ,左,良,晴,11,6,7,イズミシンホニー,牝,8,54.0,456,5,加藤和,冨田敏,,10,1:32.3,40.2,9-9-10-10,11,456,5
2022/01/21,浦和,7,特選Ｃ３一,1400,ダ,左,良,晴,11,8,10,ベニノエンゼル,牝,5,54.0,440,3,保園翔,山越光,,11,1:32.6,41.2,5-3-3-9,10,440,3
2022/01/21,浦和,8,浦和ジョッキーズラウンドＣ２選抜馬,1400,ダ,左,良,晴,12,1,1,ウインカーマイン,牡,6,56.0,450,1,岡田大,川島豊,,1,1:30.5,38.6,3-3-3-1,1,450,1
2022/01/21,浦和,8,浦和ジョッキーズラウンドＣ２選抜馬,1400,ダ,左,良,晴,12,4,4,カミヤガルーラ,牡,4,56.0,473,11,半澤慶,内野健,,2,1:31.4,39.3,6-7-4-4,4,473,11
2022/01/21,浦和,8,浦和ジョッキーズラウンドＣ２選抜馬,1400,ダ,左,良,晴,12,3,3,シゲルナガレボシ,牝,5,54.5,446,-2,寺島憂,柘榴浩,,3,1:31.4,39.7,1-1-1-2,3,446,-2
2022/01/21,浦和,8,浦和ジョッキーズラウンドＣ２選抜馬,1400,ダ,左,良,晴,12,6,7,トーセンウィンザー,牡,4,56.5,463,6,内田利,山越光,,4,1:31.5,39.0,8-9-9-6,5,463,6
2022/01/21,浦和,8,浦和ジョッキーズラウンドＣ２選抜馬,1400,ダ,左,良,晴,12,7,10,エック,牡,5,55.5,443,4,七夕裕,水野貴,,5,1:31.6,39.9,2-2-2-3,6,443,4
2022/01/21,浦和,8,浦和ジョッキーズラウンドＣ２選抜馬,1400,ダ,左,良,晴,12,2,2,アンカーマン,セ,0,56.5,504,7,秋元耕,海馬司,,6,1:31.9,39.8,9-4-5-5,7,504,7
2022/01/21,浦和,8,浦和ジョッキーズラウンドＣ２選抜馬,1400,ダ,左,良,晴,12,5,5,メイショウイヤサカ,牝,6,54.0,437,-4,高橋哲,海馬司,,7,1:32.0,39.6,4-6-8-8,2,437,-4
2022/01/21,浦和,8,浦和ジョッキーズラウンドＣ２選抜馬,1400,ダ,左,良,晴,12,5,6,ファンファン,牡,5,56.5,460,3,國分祐,箕輪武,,8,1:32.7,40.3,7-8-7-7,9,460,3
2022/01/21,浦和,8,浦和ジョッキーズラウンドＣ２選抜馬,1400,ダ,左,良,晴,12,6,8,ニシノカシン,牡,4,56.0,470,-2,加藤和,冨田敏,,9,1:33.9,40.9,10-10-10-10,10,470,-2
2022/01/21,浦和,8,浦和ジョッキーズラウンドＣ２選抜馬,1400,ダ,左,良,晴,12,7,9,ナヴラトリ,牝,9,54.0,480,-1,福原杏,川村守,,10,1:34.0,41.7,5-5-6-9,8,480,-1
2022/01/21,浦和,8,浦和ジョッキーズラウンドＣ２選抜馬,1400,ダ,左,良,晴,12,8,11,メイショウタオ,牡,5,56.0,455,1,橋本直,小林真,,,,,,,455,1
2022/01/21,浦和,8,浦和ジョッキーズラウンドＣ２選抜馬,1400,ダ,左,良,晴,12,8,12,ルーベンスガール,牝,4,54.0,493,6,保園翔,宇野博,,,,,,,493,6
2022/01/21,浦和,9,Ｃ１四,1500,ダ,左,良,晴,12,7,9,アカンタレ,牡,7,56.0,472,-6,森泰斗,岡田一,,1,1:37.3,39.3,10-11-8-3,3,472,-6
2022/01/21,浦和,9,Ｃ１四,1500,ダ,左,良,晴,12,4,4,ブルベアオンス,牡,5,56.0,507,-2,張田昂,高月賢,,2,1:37.5,39.8,11-10-3-1,1,507,-2
2022/01/21,浦和,9,Ｃ１四,1500,ダ,左,良,晴,12,3,3,アウタースペース,牡,4,56.0,439,-4,藤江渉,八木仁,,3,1:38.2,40.7,6-4-5-5,7,439,-4
2022/01/21,浦和,9,Ｃ１四,1500,ダ,左,良,晴,12,2,2,チートコード,牡,5,56.0,531,1,見越彬,内野健,,4,1:38.3,40.5,9-8-9-6,12,531,1
2022/01/21,浦和,9,Ｃ１四,1500,ダ,左,良,晴,12,1,1,ワンダーダイカネン,牡,5,56.0,497,-1,橋本直,鈴木勝,,5,1:38.3,39.9,12-12-12-9,9,497,-1
2022/01/21,浦和,9,Ｃ１四,1500,ダ,左,良,晴,12,7,10,ヘーベー,牝,4,54.0,469,3,和田譲,宇野博,,6,1:38.5,41.0,2-5-2-2,2,469,3
2022/01/21,浦和,9,Ｃ１四,1500,ダ,左,良,晴,12,8,12,コウユーラヴラヴ,牝,4,54.0,455,5,福原杏,宇野博,,7,1:38.8,40.8,8-9-11-7,8,455,5
2022/01/21,浦和,9,Ｃ１四,1500,ダ,左,良,晴,12,5,5,ロッソアモーレ,牝,5,54.0,482,2,保園翔,矢野義,,8,1:39.3,41.6,7-7-10-10,11,482,2
2022/01/21,浦和,9,Ｃ１四,1500,ダ,左,良,晴,12,8,11,ユキノマツシマ,牡,4,56.0,500,-1,矢野貴,高月賢,,9,1:39.3,42.1,1-1-1-4,4,500,-1
2022/01/21,浦和,9,Ｃ１四,1500,ダ,左,良,晴,12,5,6,ナツノトビラ,牝,6,54.0,477,2,岡村健,小澤宏,,10,1:39.7,42.3,3-2-4-8,6,477,2
2022/01/21,浦和,9,Ｃ１四,1500,ダ,左,良,晴,12,6,7,ピノタージュ,牝,5,54.0,458,5,寺島憂,内野健,,11,1:39.8,42.0,5-6-7-11,10,458,5
2022/01/21,浦和,9,Ｃ１四,1500,ダ,左,良,晴,12,6,8,トーセンシグナル,牡,5,56.0,522,-13,吉留孝,小久智,,12,1:40.6,43.2,4-3-6-12,5,522,-13
2022/01/21,浦和,10,初春特別Ｂ３選抜馬,800,ダ,左,良,晴,8,2,2,フロントウイング,牝,5,54.0,462,-1,矢野貴,河津裕,,1,0:47.5,35.2,1-1,5,462,-1
2022/01/21,浦和,10,初春特別Ｂ３選抜馬,800,ダ,左,良,晴,8,7,7,クモキリ,牝,5,54.0,476,-2,山崎誠,甲田悟,,2,0:47.7,35.3,3-2,1,476,-2
2022/01/21,浦和,10,初春特別Ｂ３選抜馬,800,ダ,左,良,晴,8,1,1,トゥーナノクターン,牝,5,54.0,446,-7,今野忠,山田質,,3,0:47.8,35.2,4-3,4,446,-7
2022/01/21,浦和,10,初春特別Ｂ３選抜馬,800,ダ,左,良,晴,8,6,6,リッチアロマ,牝,4,54.0,452,7,福原杏,水野貴,,4,0:48.5,36.1,2-4,3,452,7
2022/01/21,浦和,10,初春特別Ｂ３選抜馬,800,ダ,左,良,晴,8,5,5,マイシップ,牡,7,56.0,480,-3,西村栄,矢野義,,5,0:48.7,35.4,7-7,2,480,-3
2022/01/21,浦和,10,初春特別Ｂ３選抜馬,800,ダ,左,良,晴,8,4,4,タワーオブクイーン,牝,9,54.0,454,1,吉留孝,岡田一,,6,0:48.7,35.9,5-5,6,454,1
2022/01/21,浦和,10,初春特別Ｂ３選抜馬,800,ダ,左,良,晴,8,8,8,ケイティーテンリウ,牡,9,56.0,478,-2,岡田大,岡田一,,7,0:49.1,36.2,6-6,8,478,-2
2022/01/21,浦和,10,初春特別Ｂ３選抜馬,800,ダ,左,良,晴,8,3,3,バルコラベーロ,牡,8,56.0,481,-2,岡村裕,山田正,,8,0:49.6,36.0,8-8,7,481,-2
2022/01/21,浦和,11,端月特別Ｂ２二Ｂ３一,1400,ダ,左,良,晴,9,2,2,ナンヨーオボロヅキ,牝,6,55.0,490,-2,岡村健,平山真,,1,1:28.3,37.7,2-3-3-3,4,490,-2
2022/01/21,浦和,11,端月特別Ｂ２二Ｂ３一,1400,ダ,左,良,晴,9,4,4,ダイリュウボーラー,牡,6,57.0,453,3,本橋孝,繁田健,,2,1:28.7,37.6,4-4-4-4,2,453,3
2022/01/21,浦和,11,端月特別Ｂ２二Ｂ３一,1400,ダ,左,良,晴,9,5,5,アンジュエトワール,牝,5,55.0,473,0,笹川翼,小久智,,3,1:28.9,38.4,3-2-2-2,1,473,0
2022/01/21,浦和,11,端月特別Ｂ２二Ｂ３一,1400,ダ,左,良,晴,9,8,8,ゲイムスター,牡,6,55.0,493,-3,今野忠,田島寿,,4,1:29.2,39.0,1-1-1-1,5,493,-3
2022/01/21,浦和,11,端月特別Ｂ２二Ｂ３一,1400,ダ,左,良,晴,9,8,9,ニヨドハンター,牡,6,55.0,439,3,古岡勇,岩本洋,,5,1:29.4,37.3,7-7-7-6,8,439,3
2022/01/21,浦和,11,端月特別Ｂ２二Ｂ３一,1400,ダ,左,良,晴,9,3,3,トーセンダーウィン,牡,4,57.0,489,-7,和田譲,工藤伸,,6,1:29.5,38.0,5-6-5-5,3,489,-7
2022/01/21,浦和,11,端月特別Ｂ２二Ｂ３一,1400,ダ,左,良,晴,9,7,7,ボマライン,セ,0,57.0,466,6,福原杏,水野貴,,7,1:30.3,38.8,6-5-6-7,7,466,6
2022/01/21,浦和,11,端月特別Ｂ２二Ｂ３一,1400,ダ,左,良,晴,9,6,6,ユイノチョッパー,牡,7,57.0,514,10,秋元耕,横山保,,8,1:31.6,39.0,8-8-8-8,6,514,10
2022/01/21,浦和,11,端月特別Ｂ２二Ｂ３一,1400,ダ,左,良,晴,9,1,1,ブルーローズ,牝,6,55.0,0,0,町田直,野口孝,,,,,,,0,0
2022/01/21,浦和,12,寒桜特別Ｃ３選抜馬,2000,ダ,左,良,晴,12,6,7,タカジョー,牡,4,56.0,476,4,笹川翼,宇野博,,1,2:12.7,38.3,2-2-1-1,1,476,4
2022/01/21,浦和,12,寒桜特別Ｃ３選抜馬,2000,ダ,左,良,晴,12,2,2,ゲンパチカガヤキ,牡,7,56.0,489,13,秋元耕,小澤宏,,2,2:14.2,38.8,6-6-6-4,2,489,13
2022/01/21,浦和,12,寒桜特別Ｃ３選抜馬,2000,ダ,左,良,晴,12,6,8,ルルド,セ,0,56.0,429,-1,橋本直,平山真,,3,2:14.3,39.5,7-5-3-2,3,429,-1
2022/01/21,浦和,12,寒桜特別Ｃ３選抜馬,2000,ダ,左,良,晴,12,1,1,ラッキーアモン,牡,6,56.0,512,7,寺島憂,柘榴浩,,4,2:15.3,40.7,1-1-2-3,4,512,7
2022/01/21,浦和,12,寒桜特別Ｃ３選抜馬,2000,ダ,左,良,晴,12,4,4,トーアマーブル,牝,6,53.0,461,-1,七夕裕,小林真,,5,2:15.5,39.7,9-8-7-5,9,461,-1
2022/01/21,浦和,12,寒桜特別Ｃ３選抜馬,2000,ダ,左,良,晴,12,8,12,ホットミルク,牝,4,54.0,377,0,町田直,工藤伸,,6,2:16.0,39.6,10-10-9-8,7,377,0
2022/01/21,浦和,12,寒桜特別Ｃ３選抜馬,2000,ダ,左,良,晴,12,5,5,ブルーティアーズ,牝,5,54.0,501,0,保園翔,山越光,,7,2:16.1,41.3,3-3-4-6,6,501,0
2022/01/21,浦和,12,寒桜特別Ｃ３選抜馬,2000,ダ,左,良,晴,12,3,3,マロンリープ,牡,9,56.0,496,3,半澤慶,川村守,,8,2:16.3,39.4,11-11-11-9,12,496,3
2022/01/21,浦和,12,寒桜特別Ｃ３選抜馬,2000,ダ,左,良,晴,12,8,11,ダイナナフェアリー,牝,5,54.0,459,-1,岡田大,岡田一,,9,2:16.6,41.5,4-4-5-7,10,459,-1
2022/01/21,浦和,12,寒桜特別Ｃ３選抜馬,2000,ダ,左,良,晴,12,7,9,ギンサー,牡,4,56.0,479,7,福原杏,水野貴,,10,2:18.2,42.4,5-7-8-10,8,479,7
2022/01/21,浦和,12,寒桜特別Ｃ３選抜馬,2000,ダ,左,良,晴,12,5,6,アミン,牝,5,54.0,451,2,國分祐,冨田敏,,11,2:19.5,43.1,8-9-10-11,11,451,2
2022/01/21,浦和,12,寒桜特別Ｃ３選抜馬,2000,ダ,左,良,晴,12,7,10,パーティーアニマル,牡,6,56.0,456,-2,高橋哲,牛房榮,,,,,,5,456,-2
2022/02/21,浦和,1,３歳三,1400,ダ,左,良,晴,9,5,5,コンアモーレ,牡,3,56.0,491,5,和田譲,宇野博,,1,1:31.1,39.1,3-3-3-1,1,491,5
2022/02/21,浦和,1,３歳三,1400,ダ,左,良,晴,9,3,3,ザワロイン,牝,3,54.0,435,2,岡田大,岡田一,,2,1:32.2,40.4,1-1-1-2,5,435,2
2022/02/21,浦和,1,３歳三,1400,ダ,左,良,晴,9,4,4,ヒカリガサスホウヘ,牝,3,54.0,455,1,町田直,酒井一,,3,1:32.6,40.8,2-2-2-3,7,455,1
2022/02/21,浦和,1,３歳三,1400,ダ,左,良,晴,9,8,9,セレブナヴィーナス,牝,3,54.0,417,11,吉留孝,野口孝,,4,1:33.0,40.5,4-4-4-4,9,417,11
2022/02/21,浦和,1,３歳三,1400,ダ,左,良,晴,9,8,8,ホワイトネイル,牝,3,54.0,422,8,本橋孝,藤原智,,5,1:33.3,40.2,5-5-5-5,8,422,8
2022/02/21,浦和,1,３歳三,1400,ダ,左,良,晴,9,6,6,シェナダイオー,牡,3,56.0,532,-3,秋元耕,山越光,,6,1:34.5,41.4,8-6-6-6,6,532,-3
2022/02/21,浦和,1,３歳三,1400,ダ,左,良,晴,9,2,2,カジュアルスパート,牡,3,56.0,499,18,笹川翼,野口寛,,7,1:34.6,41.2,6-7-8-8,4,499,18
2022/02/21,浦和,1,３歳三,1400,ダ,左,良,晴,9,1,1,ツインティアラ,牝,3,54.0,439,-3,矢野貴,薮口一,,8,1:35.5,42.0,7-8-9-7,3,439,-3
2022/02/21,浦和,1,３歳三,1400,ダ,左,良,晴,9,7,7,セイウンコチョウ,牝,3,54.0,405,-5,福原杏,小澤宏,,9,1:35.9,42.1,9-9-7-9,2,405,-5
2022/02/21,浦和,2,３歳二,1400,ダ,左,良,晴,9,4,4,アイウォール,牡,3,56.0,506,-2,森泰斗,水野貴,,1,1:29.9,38.7,1-1-1-1,1,506,-2
2022/02/21,浦和,2,３歳二,1400,ダ,左,良,晴,9,8,8,ネゲヴ,牝,3,54.0,495,4,笹川翼,小澤宏,,2,1:30.6,39.2,2-2-2-2,3,495,4
2022/02/21,浦和,2,３歳二,1400,ダ,左,良,晴,9,3,3,エーススパークル,牡,3,56.0,449,-3,町田直,佐々仁,,3,1:31.2,39.6,6-3-3-3,4,449,-3
2022/02/21,浦和,2,３歳二,1400,ダ,左,良,晴,9,6,6,マスクドサムライ,牡,3,56.0,478,9,加藤和,藤原智,,4,1:31.8,39.9,4-5-5-5,5,478,9
2022/02/21,浦和,2,３歳二,1400,ダ,左,良,晴,9,2,2,ベルタント,牡,3,56.0,501,0,和田譲,小久智,,5,1:31.8,39.9,3-4-4-4,2,501,0
2022/02/21,浦和,2,３歳二,1400,ダ,左,良,晴,9,5,5,ハーピーブロッサム,牝,3,53.0,452,1,池谷匠,武井和,,6,1:32.5,39.7,8-9-9-8,6,452,1
2022/02/21,浦和,2,３歳二,1400,ダ,左,良,晴,9,1,1,カラフルフレスコ,牝,3,54.0,456,9,川島正,野口寛,,7,1:33.2,40.9,5-6-7-6,7,456,9
2022/02/21,浦和,2,３歳二,1400,ダ,左,良,晴,9,8,9,アークティアラ,牝,3,53.0,399,17,篠谷葵,新井健,,8,1:33.2,40.9,9-8-6-7,8,399,17
2022/02/21,浦和,2,３歳二,1400,ダ,左,良,晴,9,7,7,ミルティー,牝,3,54.0,410,1,吉留孝,箕輪武,,9,1:35.7,43.3,7-7-8-9,9,410,1
2022/02/21,浦和,3,Ｃ３八 九 十,1400,ダ,左,良,晴,10,2,2,トーセンクルーズ,牝,7,54.0,434,-3,矢野貴,工藤伸,,1,1:33.3,40.2,4-3-3-2,2,434,-3
2022/02/21,浦和,3,Ｃ３八 九 十,1400,ダ,左,良,晴,10,7,8,ゴーオンザステージ,牝,7,54.0,453,3,張田昂,平山真,,2,1:33.6,40.7,2-2-2-1,4,453,3
2022/02/21,浦和,3,Ｃ３八 九 十,1400,ダ,左,良,晴,10,7,7,スマイルジーニアス,セ,0,56.0,503,3,福原杏,鹿沼和,,3,1:33.7,40.2,7-6-5-5,1,503,3
2022/02/21,浦和,3,Ｃ３八 九 十,1400,ダ,左,良,晴,10,1,1,パレスギガント,牡,6,53.0,491,1,菅原涼,長谷忍,,4,1:34.0,40.7,3-4-4-4,7,491,1
2022/02/21,浦和,3,Ｃ３八 九 十,1400,ダ,左,良,晴,10,4,4,トキノカサドール,牡,7,56.0,455,5,秋元耕,横山保,,5,1:34.2,41.3,1-1-1-3,3,455,5
2022/02/21,浦和,3,Ｃ３八 九 十,1400,ダ,左,良,晴,10,8,9,ニシノシノブ,牝,7,54.0,451,6,寺島憂,吉田正,,6,1:34.5,40.9,5-5-6-6,8,451,6
2022/02/21,浦和,3,Ｃ３八 九 十,1400,ダ,左,良,晴,10,3,3,アールレアル,セ,0,56.0,459,3,保園翔,小澤宏,,7,1:34.8,40.8,9-8-7-8,6,459,3
2022/02/21,浦和,3,Ｃ３八 九 十,1400,ダ,左,良,晴,10,8,10,ポイズンピル,牡,7,56.0,476,2,岡田大,牛房榮,,8,1:34.8,39.9,8-10-10-10,9,476,2
2022/02/21,浦和,3,Ｃ３八 九 十,1400,ダ,左,良,晴,10,6,6,グランフルール,牝,7,54.0,497,-4,酒井忍,鹿沼和,,9,1:34.8,40.3,10-9-9-9,5,497,-4
2022/02/21,浦和,3,Ｃ３八 九 十,1400,ダ,左,良,晴,10,5,5,オルエン,牝,6,54.0,469,3,見越彬,川村守,,10,1:35.6,41.4,6-7-8-7,10,469,3
2022/02/21,浦和,4,Ｃ３八 九 十,1400,ダ,左,良,晴,11,5,5,シェナノブチ,牡,7,56.0,424,4,岡田大,冨田敏,,1,1:31.6,40.0,2-2-1-1,1,424,4
2022/02/21,浦和,4,Ｃ３八 九 十,1400,ダ,左,良,晴,11,7,9,ビアンカグリーン,牡,7,56.0,494,-2,藤江渉,酒井一,,2,1:31.9,39.2,6-8-4-3,3,494,-2
2022/02/21,浦和,4,Ｃ３八 九 十,1400,ダ,左,良,晴,11,3,3,ナツィオナーレ,牝,7,54.0,465,10,藤本現,野口孝,,3,1:32.3,39.3,10-10-6-4,4,465,10
2022/02/21,浦和,4,Ｃ３八 九 十,1400,ダ,左,良,晴,11,8,10,ロッカーモーション,牝,6,54.0,493,-6,秋元耕,内野健,,4,1:32.8,40.6,4-4-3-2,2,493,-6
2022/02/21,浦和,4,Ｃ３八 九 十,1400,ダ,左,良,晴,11,6,7,エメラルストロング,牝,7,54.0,459,-3,本橋孝,石井勝,,5,1:32.8,39.7,11-9-7-6,5,459,-3
2022/02/21,浦和,4,Ｃ３八 九 十,1400,ダ,左,良,晴,11,8,11,クラセイジョ,牝,9,51.0,472,-4,菅原涼,藤原智,,6,1:33.7,42.0,3-3-2-5,11,472,-4
2022/02/21,浦和,4,Ｃ３八 九 十,1400,ダ,左,良,晴,11,6,6,ホクセツ,セ,0,56.0,548,2,寺島憂,柘榴浩,,7,1:34.2,41.2,7-7-8-7,9,548,2
2022/02/21,浦和,4,Ｃ３八 九 十,1400,ダ,左,良,晴,11,7,8,ビドウ,牝,7,50.0,419,-5,神尾香,渋谷博,,8,1:34.4,41.1,9-11-10-10,8,419,-5
2022/02/21,浦和,4,Ｃ３八 九 十,1400,ダ,左,良,晴,11,1,1,ワンダーヘーヒスト,牡,8,56.0,467,-2,半澤慶,鈴木勝,,9,1:34.6,41.6,8-6-9-8,10,467,-2
2022/02/21,浦和,4,Ｃ３八 九 十,1400,ダ,左,良,晴,11,4,4,グレートバロン,牡,8,56.0,470,-13,吉留孝,岡田一,,10,1:35.8,42.3,5-5-11-11,6,470,-13
2022/02/21,浦和,4,Ｃ３八 九 十,1400,ダ,左,良,晴,11,2,2,ヒメカンショウ,牝,5,54.0,436,-7,伊藤裕,古澤悟,,11,1:37.1,45.2,1-1-5-9,7,436,-7
2022/02/21,浦和,5,小山本家酒造　金紋世界鷹賞Ｃ３八 九 十,1500,ダ,左,良,晴,12,8,11,タカラビート,牡,8,56.0,465,-2,藤本現,齊藤敏,,1,1:40.5,39.9,9-8-6-5,3,465,-2
2022/02/21,浦和,5,小山本家酒造　金紋世界鷹賞Ｃ３八 九 十,1500,ダ,左,良,晴,12,7,9,セイウングラッパ,牡,7,57.0,453,2,吉留孝,吉田正,,2,1:40.6,40.2,8-7-4-2,1,453,2
2022/02/21,浦和,5,小山本家酒造　金紋世界鷹賞Ｃ３八 九 十,1500,ダ,左,良,晴,12,7,10,アルファルージュ,牝,8,54.0,470,-1,本橋孝,石井勝,,3,1:41.1,41.1,6-5-3-4,4,470,-1
2022/02/21,浦和,5,小山本家酒造　金紋世界鷹賞Ｃ３八 九 十,1500,ダ,左,良,晴,12,5,5,バロンキング,牡,6,56.0,454,-6,張田昂,阿井正,,4,1:41.4,41.9,2-2-2-3,2,454,-6
2022/02/21,浦和,5,小山本家酒造　金紋世界鷹賞Ｃ３八 九 十,1500,ダ,左,良,晴,12,2,2,ユウユウリアン,牡,6,56.0,428,-2,達城龍,村田六,,5,1:41.6,41.5,3-3-5-7,9,428,-2
2022/02/21,浦和,5,小山本家酒造　金紋世界鷹賞Ｃ３八 九 十,1500,ダ,左,良,晴,12,4,4,ナンセイエメラルド,牝,6,54.0,447,-14,保園翔,山越光,,6,1:41.7,42.2,1-1-1-1,6,447,-14
2022/02/21,浦和,5,小山本家酒造　金紋世界鷹賞Ｃ３八 九 十,1500,ダ,左,良,晴,12,6,7,リンクスクリスタル,牝,9,51.0,445,-3,木間龍,宮下靖,,7,1:41.8,41.4,5-6-7-6,11,445,-3
2022/02/21,浦和,5,小山本家酒造　金紋世界鷹賞Ｃ３八 九 十,1500,ダ,左,良,晴,12,8,12,ジャンティーユ,牝,8,54.0,450,0,岡村健,渋谷博,,8,1:42.2,41.1,10-11-11-10,12,450,0
2022/02/21,浦和,5,小山本家酒造　金紋世界鷹賞Ｃ３八 九 十,1500,ダ,左,良,晴,12,6,8,トーセンレオ,牡,7,56.0,563,1,橋本直,川村守,,9,1:42.2,41.4,11-10-9-8,10,563,1
2022/02/21,浦和,5,小山本家酒造　金紋世界鷹賞Ｃ３八 九 十,1500,ダ,左,良,晴,12,3,3,ラストプラム,牝,7,54.0,436,-5,岡村裕,今井輝,,10,1:42.3,40.7,12-12-12-12,5,436,-5
2022/02/21,浦和,5,小山本家酒造　金紋世界鷹賞Ｃ３八 九 十,1500,ダ,左,良,晴,12,1,1,モズメイダン,牡,8,55.0,488,2,七夕裕,柘榴浩,,11,1:42.7,41.9,7-9-10-9,8,488,2
2022/02/21,浦和,5,小山本家酒造　金紋世界鷹賞Ｃ３八 九 十,1500,ダ,左,良,晴,12,5,6,プリートソリード,牝,6,54.0,488,0,酒井忍,村田六,,12,1:43.1,42.7,4-4-8-11,7,488,0
2022/02/21,浦和,6,特選Ｃ３ ４歳ア,1500,ダ,左,良,晴,11,3,3,フジサクラ,牝,4,54.0,506,-6,酒井忍,宇野博,,1,1:39.4,40.8,1-1-1-1,3,506,-6
2022/02/21,浦和,6,特選Ｃ３ ４歳ア,1500,ダ,左,良,晴,11,2,2,クレイジーエックス,牡,4,56.0,461,2,森泰斗,野口孝,,2,1:39.6,40.7,4-4-4-3,1,461,2
2022/02/21,浦和,6,特選Ｃ３ ４歳ア,1500,ダ,左,良,晴,11,7,9,サクラトップパレス,牝,4,54.0,429,2,張田昂,鹿沼和,,3,1:39.9,40.5,10-10-6-4,5,429,2
2022/02/21,浦和,6,特選Ｃ３ ４歳ア,1500,ダ,左,良,晴,11,6,6,レジュールウール,牝,4,54.0,476,13,達城龍,野口寛,,4,1:39.9,41.2,2-2-2-2,2,476,13
2022/02/21,浦和,6,特選Ｃ３ ４歳ア,1500,ダ,左,良,晴,11,8,10,サンアスペン,牝,4,54.0,475,7,寺島憂,鈴木勝,,5,1:40.4,41.1,8-8-8-6,4,475,7
2022/02/21,浦和,6,特選Ｃ３ ４歳ア,1500,ダ,左,良,晴,11,5,5,クレールプリュネル,牝,4,53.0,462,7,篠谷葵,山越光,,6,1:40.4,41.3,7-6-5-7,7,462,7
2022/02/21,浦和,6,特選Ｃ３ ４歳ア,1500,ダ,左,良,晴,11,4,4,セイウンブイワン,牡,4,56.0,435,4,國分祐,冨田敏,,7,1:41.0,41.2,9-9-9-9,11,435,4
2022/02/21,浦和,6,特選Ｃ３ ４歳ア,1500,ダ,左,良,晴,11,1,1,エイシンキンバリー,牝,4,54.0,419,5,藤本現,小久智,,8,1:41.2,41.9,6-7-7-5,6,419,5
2022/02/21,浦和,6,特選Ｃ３ ４歳ア,1500,ダ,左,良,晴,11,8,11,サンライズテソロ,牡,4,56.0,441,-1,半澤慶,川島豊,,9,1:41.4,40.6,11-11-11-10,8,441,-1
2022/02/21,浦和,6,特選Ｃ３ ４歳ア,1500,ダ,左,良,晴,11,6,7,ルフトバローン,牝,4,54.0,459,12,吉留孝,薮口一,,10,1:42.4,43.7,3-3-3-8,9,459,12
2022/02/21,浦和,6,特選Ｃ３ ４歳ア,1500,ダ,左,良,晴,11,7,8,オッティモ,牝,4,54.0,406,5,和田譲,小林真,,11,1:45.2,46.0,5-5-10-11,10,406,5
2022/02/21,浦和,7,浦和８００ラウンドＣ１選抜馬,800,ダ,左,良,晴,11,2,2,アンクレットハート,牝,6,56.0,453,-8,矢野貴,坂本昇,,1,0:47.5,35.2,6-3,2,453,-8
2022/02/21,浦和,7,浦和８００ラウンドＣ１選抜馬,800,ダ,左,良,晴,11,8,10,トミケンリューヤー,牡,5,56.0,532,0,森泰斗,平山真,,2,0:48.0,36.0,1-1,1,532,0
2022/02/21,浦和,7,浦和８００ラウンドＣ１選抜馬,800,ダ,左,良,晴,11,7,8,シュガーダディ,牡,4,56.0,485,1,町田直,内田勝,,3,0:48.3,35.5,7-8,6,485,1
2022/02/21,浦和,7,浦和８００ラウンドＣ１選抜馬,800,ダ,左,良,晴,11,7,9,コウユープリプリ,牝,7,54.0,446,-2,和田譲,宇野博,,4,0:48.3,36.0,4-6,7,446,-2
2022/02/21,浦和,7,浦和８００ラウンドＣ１選抜馬,800,ダ,左,良,晴,11,5,5,シェナホープ,牡,5,56.0,480,-1,内田利,吉田正,,5,0:48.4,36.1,5-5,5,480,-1
2022/02/21,浦和,7,浦和８００ラウンドＣ１選抜馬,800,ダ,左,良,晴,11,4,4,タイニーベイビー,牡,5,56.0,465,10,山口達,繁田健,,6,0:48.4,35.4,8-7,8,465,10
2022/02/21,浦和,7,浦和８００ラウンドＣ１選抜馬,800,ダ,左,良,晴,11,8,11,ブラックプリンス,牡,6,56.0,469,-3,笹川翼,小久智,,7,0:48.7,36.7,3-4,4,469,-3
2022/02/21,浦和,7,浦和８００ラウンドＣ１選抜馬,800,ダ,左,良,晴,11,3,3,シゲルキャリバン,牝,5,54.0,460,-4,藤本現,酒井一,,8,0:48.9,36.9,2-2,9,460,-4
2022/02/21,浦和,7,浦和８００ラウンドＣ１選抜馬,800,ダ,左,良,晴,11,6,7,ベルセブンティーン,牝,4,54.0,475,-16,保園翔,小久智,,9,0:49.1,36.1,9-10,3,475,-16
2022/02/21,浦和,7,浦和８００ラウンドＣ１選抜馬,800,ダ,左,良,晴,11,6,6,マイネルレスペト,牡,4,56.0,504,5,田中涼,加藤誠,,10,0:49.3,35.9,10-9,10,504,5
2022/02/21,浦和,7,浦和８００ラウンドＣ１選抜馬,800,ダ,左,良,晴,11,1,1,タマモゼーゼマン,牡,5,56.0,476,5,橋本直,川村守,,11,0:50.7,37.3,11-11,11,476,5
2022/02/21,浦和,8,Ｃ２二 三,1400,ダ,左,良,晴,11,6,6,ロマーシカ,牝,5,54.0,463,-5,森泰斗,小久智,,1,1:30.7,38.8,2-2-2-2,1,463,-5
2022/02/21,浦和,8,Ｃ２二 三,1400,ダ,左,良,晴,11,1,1,イツハ,牝,4,54.0,482,-1,矢野貴,加藤誠,,2,1:31.5,39.8,1-1-1-1,2,482,-1
2022/02/21,浦和,8,Ｃ２二 三,1400,ダ,左,良,晴,11,6,7,ダイエービルベリー,牝,4,54.0,477,-4,和田譲,酒井一,,3,1:31.7,39.6,3-4-3-3,6,477,-4
2022/02/21,浦和,8,Ｃ２二 三,1400,ダ,左,良,晴,11,2,2,ヤマノプレミアム,牡,6,56.0,478,3,加藤和,藤原智,,4,1:32.1,39.7,5-5-6-4,7,478,3
2022/02/21,浦和,8,Ｃ２二 三,1400,ダ,左,良,晴,11,7,8,ノアブラック,セ,0,56.0,439,-1,藤江渉,武井和,,5,1:32.2,39.6,10-10-7-6,3,439,-1
2022/02/21,浦和,8,Ｃ２二 三,1400,ダ,左,良,晴,11,8,11,デルマキッショウ,牝,4,53.0,468,-2,古岡勇,山崎裕,,6,1:32.3,39.9,7-7-5-5,9,468,-2
2022/02/21,浦和,8,Ｃ２二 三,1400,ダ,左,良,晴,11,7,9,モリトローテローゼ,牝,6,54.0,476,7,福原杏,水野貴,,7,1:32.4,39.6,11-11-9-8,4,476,7
2022/02/21,浦和,8,Ｃ２二 三,1400,ダ,左,良,晴,11,3,3,ショウキ,牡,4,56.0,439,4,酒井忍,甲田悟,,8,1:32.5,39.2,9-9-11-11,5,439,4
2022/02/21,浦和,8,Ｃ２二 三,1400,ダ,左,良,晴,11,4,4,エイシンイオ,牝,4,54.0,446,-1,岡田大,薮口一,,9,1:32.8,39.8,8-8-10-10,11,446,-1
2022/02/21,浦和,8,Ｃ２二 三,1400,ダ,左,良,晴,11,5,5,ブルームヴォーグ,牡,5,56.0,514,-9,西啓太,海馬司,,10,1:33.0,40.6,6-6-8-9,10,514,-9
2022/02/21,浦和,8,Ｃ２二 三,1400,ダ,左,良,晴,11,8,10,モリデンタワー,牝,4,54.0,456,-10,保園翔,山越光,,11,1:33.6,41.5,4-3-4-7,8,456,-10
2022/02/21,浦和,9,市制施行３０周年記念　日高賞Ｃ２二 三,1500,ダ,左,良,晴,12,5,5,ゴールドセイバー,セ,0,56.0,471,-5,増田充,高月賢,,1,1:37.9,41.0,2-2-1-1,6,471,-5
2022/02/21,浦和,9,市制施行３０周年記念　日高賞Ｃ２二 三,1500,ダ,左,良,晴,12,2,2,ミトノラッキー,牝,4,54.0,450,6,岡田大,山越光,,2,1:38.3,40.2,11-10-8-2,8,450,6
2022/02/21,浦和,9,市制施行３０周年記念　日高賞Ｃ２二 三,1500,ダ,左,良,晴,12,5,6,アンシミラー,牡,5,56.0,473,4,吉留孝,薮口一,,3,1:38.5,41.0,7-7-6-3,2,473,4
2022/02/21,浦和,9,市制施行３０周年記念　日高賞Ｃ２二 三,1500,ダ,左,良,晴,12,6,7,フェアリーマジック,牝,5,54.0,453,6,見越彬,川村守,,4,1:38.7,39.7,12-12-11-11,9,453,6
2022/02/21,浦和,9,市制施行３０周年記念　日高賞Ｃ２二 三,1500,ダ,左,良,晴,12,7,9,スーパーアスラーダ,牡,4,56.0,537,9,町田直,横山保,,5,1:38.8,41.6,4-4-2-4,5,537,9
2022/02/21,浦和,9,市制施行３０周年記念　日高賞Ｃ２二 三,1500,ダ,左,良,晴,12,6,8,スムーズジャズ,牡,8,56.0,501,3,和田譲,宇野博,,6,1:39.1,41.6,6-8-5-5,3,501,3
2022/02/21,浦和,9,市制施行３０周年記念　日高賞Ｃ２二 三,1500,ダ,左,良,晴,12,7,10,マナカフナ,牝,4,54.0,421,2,橋本直,牛房榮,,7,1:40.0,41.9,10-9-9-7,10,421,2
2022/02/21,浦和,9,市制施行３０周年記念　日高賞Ｃ２二 三,1500,ダ,左,良,晴,12,4,4,シゲルナガレボシ,牝,5,54.0,453,8,福原杏,柘榴浩,,8,1:40.0,42.1,8-6-10-10,7,453,8
2022/02/21,浦和,9,市制施行３０周年記念　日高賞Ｃ２二 三,1500,ダ,左,良,晴,12,1,1,カントリーロード,牡,9,56.0,474,12,張田昂,小久智,,9,1:40.2,42.7,5-5-7-9,1,474,12
2022/02/21,浦和,9,市制施行３０周年記念　日高賞Ｃ２二 三,1500,ダ,左,良,晴,12,8,12,エック,牡,5,56.0,436,-7,寺島憂,水野貴,,10,1:40.5,43.3,3-3-3-6,11,436,-7
2022/02/21,浦和,9,市制施行３０周年記念　日高賞Ｃ２二 三,1500,ダ,左,良,晴,12,8,11,トーセンドナルド,牡,4,56.0,455,2,吉井章,藤原智,,11,1:41.3,42.4,9-11-12-12,12,455,2
2022/02/21,浦和,9,市制施行３０周年記念　日高賞Ｃ２二 三,1500,ダ,左,良,晴,12,3,3,ヴェールレガロ,牡,7,55.0,517,-4,古岡勇,小澤宏,,12,1:41.6,44.4,1-1-4-8,4,517,-4
2022/02/21,浦和,10,春告草特別Ｃ１四,1500,ダ,左,良,晴,10,8,10,ヒデノペリドット,牡,4,56.0,487,3,秋元耕,岡田一,,1,1:37.6,38.7,1-1-1-1,1,487,3
2022/02/21,浦和,10,春告草特別Ｃ１四,1500,ダ,左,良,晴,10,8,9,フィナルタ,牝,6,54.0,434,2,小杉亮,矢野義,,2,1:38.2,39.2,2-2-2-2,2,434,2
2022/02/21,浦和,10,春告草特別Ｃ１四,1500,ダ,左,良,晴,10,7,8,ダテノライトニング,牝,7,54.0,479,1,酒井忍,野口孝,,3,1:38.5,39.2,5-5-5-4,7,479,1
2022/02/21,浦和,10,春告草特別Ｃ１四,1500,ダ,左,良,晴,10,3,3,ワンダーダイカネン,牡,5,56.0,496,-1,橋本直,鈴木勝,,4,1:38.6,39.4,7-7-4-5,4,496,-1
2022/02/21,浦和,10,春告草特別Ｃ１四,1500,ダ,左,良,晴,10,5,5,モダンライフ,牝,5,50.0,441,1,神尾香,田島寿,,5,1:38.8,39.5,3-4-7-3,3,441,1
2022/02/21,浦和,10,春告草特別Ｃ１四,1500,ダ,左,良,晴,10,4,4,ムーランブラン,牝,6,53.0,449,-5,七夕裕,藤原智,,6,1:39.3,40.0,6-6-6-7,5,449,-5
2022/02/21,浦和,10,春告草特別Ｃ１四,1500,ダ,左,良,晴,10,1,1,フォーギブネス,牡,4,56.0,467,8,川島正,平山真,,7,1:39.8,40.8,4-3-3-6,6,467,8
2022/02/21,浦和,10,春告草特別Ｃ１四,1500,ダ,左,良,晴,10,2,2,スリーヴリーグ,牡,6,56.0,0,0,和田譲,野口寛,,,,,,,0,0
2022/02/21,浦和,10,春告草特別Ｃ１四,1500,ダ,左,良,晴,10,6,6,ロッソアモーレ,牝,5,54.0,0,0,保園翔,矢野義,,,,,,,0,0
2022/02/21,浦和,10,春告草特別Ｃ１四,1500,ダ,左,良,晴,10,7,7,ギンジ,セ,0,56.0,0,0,笹川翼,宇野博,,,,,,,0,0
2022/02/21,浦和,11,初音特別Ｂ２三Ｂ３一,1400,ダ,左,良,晴,10,7,8,モリデンアロー,牡,4,55.0,508,5,笹川翼,繁田健,,1,1:28.5,37.8,3-4-2-1,1,508,5
2022/02/21,浦和,11,初音特別Ｂ２三Ｂ３一,1400,ダ,左,良,晴,10,7,7,ルチルクォーツ,牝,4,53.0,483,9,福原杏,水野貴,,2,1:29.7,39.3,1-1-2-2,7,483,9
2022/02/21,浦和,11,初音特別Ｂ２三Ｂ３一,1400,ダ,左,良,晴,10,8,10,リトルパイングッド,牡,5,57.0,505,-4,森泰斗,内田勝,,3,1:29.7,39.4,2-2-1-3,2,505,-4
2022/02/21,浦和,11,初音特別Ｂ２三Ｂ３一,1400,ダ,左,良,晴,10,2,2,ウインウェルス,牡,9,57.0,523,-4,岡村健,新井清,,4,1:30.1,38.6,8-8-6-5,3,523,-4
2022/02/21,浦和,11,初音特別Ｂ２三Ｂ３一,1400,ダ,左,良,晴,10,6,6,ハニーコーン,牡,8,55.0,481,5,加藤和,長谷忍,,5,1:30.2,39.2,6-5-4-4,4,481,5
2022/02/21,浦和,11,初音特別Ｂ２三Ｂ３一,1400,ダ,左,良,晴,10,1,1,タンクティーエー,牡,6,57.0,551,4,半澤慶,宇野博,,6,1:30.4,38.7,7-7-7-7,5,551,4
2022/02/21,浦和,11,初音特別Ｂ２三Ｂ３一,1400,ダ,左,良,晴,10,4,4,オウケンスターダム,牡,8,57.0,491,6,藤田凌,嶋田幸,,7,1:30.6,38.6,9-9-9-9,9,491,6
2022/02/21,浦和,11,初音特別Ｂ２三Ｂ３一,1400,ダ,左,良,晴,10,3,3,トミケンエンデレア,セ,0,55.0,497,-3,橋本直,齊藤敏,,8,1:31.0,40.1,4-3-5-6,10,497,-3
2022/02/21,浦和,11,初音特別Ｂ２三Ｂ３一,1400,ダ,左,良,晴,10,5,5,ボマライン,セ,0,57.0,465,1,藤江渉,水野貴,,9,1:31.4,39.7,10-10-8-8,6,465,1
2022/02/21,浦和,11,初音特別Ｂ２三Ｂ３一,1400,ダ,左,良,晴,10,8,9,サトノゴールド,セ,0,55.0,480,7,秋元耕,小林真,,10,1:31.9,40.4,5-6-10-10,8,480,7
2022/02/21,浦和,12,小江戸特別Ｃ２選抜馬,2000,ダ,左,良,晴,12,5,5,シナノジャングル,牡,4,55.0,477,4,七夕裕,岡田一,,1,2:13.3,39.7,1-1-1-2,12,477,4
2022/02/21,浦和,12,小江戸特別Ｃ２選抜馬,2000,ダ,左,良,晴,12,6,8,タカジョー,牡,4,56.0,476,0,笹川翼,宇野博,,2,2:13.4,39.4,4-3-2-1,1,476,0
2022/02/21,浦和,12,小江戸特別Ｃ２選抜馬,2000,ダ,左,良,晴,12,2,2,ルルド,セ,0,56.0,434,5,橋本直,平山真,,3,2:15.0,40.6,5-5-3-3,4,434,5
2022/02/21,浦和,12,小江戸特別Ｃ２選抜馬,2000,ダ,左,良,晴,12,6,7,ジオパークマグマ,牡,4,56.0,467,-3,寺島憂,川島豊,,4,2:15.3,40.5,8-8-8-5,6,467,-3
2022/02/21,浦和,12,小江戸特別Ｃ２選抜馬,2000,ダ,左,良,晴,12,7,9,カミヤガルーラ,牡,4,56.0,474,1,和田譲,内野健,,5,2:16.1,41.7,3-4-5-4,5,474,1
2022/02/21,浦和,12,小江戸特別Ｃ２選抜馬,2000,ダ,左,良,晴,12,7,10,コスモリカバリー,牡,4,56.0,497,5,吉留孝,山越光,,6,2:16.5,41.9,6-7-6-7,8,497,5
2022/02/21,浦和,12,小江戸特別Ｃ２選抜馬,2000,ダ,左,良,晴,12,1,1,シェナフウジン,牡,6,56.0,465,3,國分祐,冨田敏,,7,2:16.6,41.2,10-9-9-9,11,465,3
2022/02/21,浦和,12,小江戸特別Ｃ２選抜馬,2000,ダ,左,良,晴,12,4,4,アルバリ,牡,7,56.0,433,0,秋元耕,箕輪武,,8,2:16.7,41.9,7-6-7-8,2,433,0
2022/02/21,浦和,12,小江戸特別Ｃ２選抜馬,2000,ダ,左,良,晴,12,8,11,マイアミヒーロー,セ,0,56.0,492,-4,張田昂,小久智,,9,2:16.7,42.5,2-2-4-6,3,492,-4
2022/02/21,浦和,12,小江戸特別Ｃ２選抜馬,2000,ダ,左,良,晴,12,3,3,イサチルダイチ,牡,6,56.0,521,11,町田直,長谷忍,,10,2:17.4,42.1,9-10-10-10,9,521,11
2022/02/21,浦和,12,小江戸特別Ｃ２選抜馬,2000,ダ,左,良,晴,12,8,12,オウケンランボー,牡,6,56.0,541,5,保園翔,薮口一,,11,2:17.6,41.6,12-12-12-12,7,541,5
2022/02/21,浦和,12,小江戸特別Ｃ２選抜馬,2000,ダ,左,良,晴,12,5,6,セイウンミレイア,牝,5,54.0,488,14,岡田大,冨田敏,,12,2:17.9,42.5,11-11-11-11,10,488,14
2022/02/22,浦和,1,Ｃ３ ４歳イ,1400,ダ,左,良,晴,11,7,9,ノースブラスト,セ,0,56.0,533,-1,森泰斗,水野貴,,1,1:32.2,40.5,4-4-3-2,1,533,-1
2022/02/22,浦和,1,Ｃ３ ４歳イ,1400,ダ,左,良,晴,11,6,6,ワンダーニメンソウ,牝,4,54.0,476,-5,橋本直,鈴木勝,,2,1:32.4,40.7,2-2-1-1,7,476,-5
2022/02/22,浦和,1,Ｃ３ ４歳イ,1400,ダ,左,良,晴,11,6,7,シャイニングパール,牝,4,54.0,440,1,高橋哲,工藤伸,,3,1:32.5,40.1,9-7-6-4,8,440,1
2022/02/22,浦和,1,Ｃ３ ４歳イ,1400,ダ,左,良,晴,11,7,8,バナナムーン,牝,4,54.0,472,5,岡田大,牛房榮,,4,1:32.9,41.2,3-3-2-3,6,472,5
2022/02/22,浦和,1,Ｃ３ ４歳イ,1400,ダ,左,良,晴,11,1,1,モーニングアップ,牝,4,54.0,463,11,保園翔,川村守,,5,1:33.1,40.4,6-6-7-6,2,463,11
2022/02/22,浦和,1,Ｃ３ ４歳イ,1400,ダ,左,良,晴,11,4,4,スタービート,牡,4,56.0,518,7,達城龍,野口孝,,6,1:33.2,39.7,11-11-10-7,9,518,7
2022/02/22,浦和,1,Ｃ３ ４歳イ,1400,ダ,左,良,晴,11,5,5,シークレットギア,牡,4,56.0,489,9,吉留孝,薮口一,,7,1:33.6,40.6,10-10-8-9,5,489,9
2022/02/22,浦和,1,Ｃ３ ４歳イ,1400,ダ,左,良,晴,11,2,2,ピスターシュドール,牝,4,54.0,429,5,寺島憂,酒井一,,8,1:33.8,40.6,8-8-9-8,10,429,5
2022/02/22,浦和,1,Ｃ３ ４歳イ,1400,ダ,左,良,晴,11,3,3,エイシンキーゼル,牡,4,56.0,458,10,半澤慶,宇野博,,9,1:34.4,42.3,1-1-5-5,4,458,10
2022/02/22,浦和,1,Ｃ３ ４歳イ,1400,ダ,左,良,晴,11,8,10,スマートラムセス,牡,4,56.0,522,3,秋元耕,酒井一,,10,1:35.5,42.0,7-9-11-11,11,522,3
2022/02/22,浦和,1,Ｃ３ ４歳イ,1400,ダ,左,良,晴,11,8,11,サニースポット,牝,4,54.0,448,-3,見越彬,工藤伸,,11,1:36.1,44.2,5-5-4-10,3,448,-3
2022/02/22,浦和,2,Ｃ３六 七,1400,ダ,左,良,晴,9,8,8,クールスパート,牡,7,56.0,459,9,寺島憂,野口寛,,1,1:32.8,39.7,1-1-1-1,3,459,9
2022/02/22,浦和,2,Ｃ３六 七,1400,ダ,左,良,晴,9,6,6,マイネルアンドゥミ,牡,7,56.0,448,-3,福原杏,川村守,,2,1:33.2,39.7,3-3-3-2,1,448,-3
2022/02/22,浦和,2,Ｃ３六 七,1400,ダ,左,良,晴,9,7,7,モエレレジェンド,牡,6,56.0,486,2,濱田達,齊藤敏,,3,1:34.1,40.4,6-5-4-4,6,486,2
2022/02/22,浦和,2,Ｃ３六 七,1400,ダ,左,良,晴,9,8,9,キョウエイレガード,牝,7,54.0,465,-1,田中涼,新井健,,4,1:34.2,40.4,5-6-6-5,5,465,-1
2022/02/22,浦和,2,Ｃ３六 七,1400,ダ,左,良,晴,9,4,4,デンコウメジャー,牡,7,56.0,492,20,吉留孝,平山真,,5,1:34.3,40.5,8-7-5-6,4,492,20
2022/02/22,浦和,2,Ｃ３六 七,1400,ダ,左,良,晴,9,5,5,コウエイダイチ,牡,8,56.0,458,-1,秋元耕,吉田正,,6,1:34.6,41.3,2-2-2-3,8,458,-1
2022/02/22,浦和,2,Ｃ３六 七,1400,ダ,左,良,晴,9,3,3,アストラルブレイズ,牝,5,54.0,494,4,見越彬,小林真,,7,1:34.8,39.8,7-8-8-7,9,494,4
2022/02/22,浦和,2,Ｃ３六 七,1400,ダ,左,良,晴,9,1,1,ニシノサトル,牡,6,56.0,486,-1,内田利,吉田正,,8,1:36.0,40.5,9-9-9-9,7,486,-1
2022/02/22,浦和,2,Ｃ３六 七,1400,ダ,左,良,晴,9,2,2,キープファイター,セ,0,56.0,518,0,和田譲,柘榴浩,,9,1:42.8,49.1,4-4-7-8,2,518,0
2022/02/22,浦和,3,浦和８００ラウンドＣ２選抜馬イ,800,ダ,左,良,晴,12,2,2,ラヴィンツァラ,牝,5,53.0,454,-4,七夕裕,平山真,,1,0:48.1,35.3,2-2,1,454,-4
2022/02/22,浦和,3,浦和８００ラウンドＣ２選抜馬イ,800,ダ,左,良,晴,12,6,7,クウェンヤ,牝,4,53.0,401,9,篠谷葵,工藤伸,,2,0:48.2,35.6,1-1,2,401,9
2022/02/22,浦和,3,浦和８００ラウンドＣ２選抜馬イ,800,ダ,左,良,晴,12,7,9,ツーエムタイガー,牡,4,56.0,439,7,和田譲,小澤宏,,3,0:48.3,35.4,3-3,3,439,7
2022/02/22,浦和,3,浦和８００ラウンドＣ２選抜馬イ,800,ダ,左,良,晴,12,1,1,ピースリアン,牡,5,56.0,497,1,福原杏,横山保,,4,0:48.9,36.0,4-4,4,497,1
2022/02/22,浦和,3,浦和８００ラウンドＣ２選抜馬イ,800,ダ,左,良,晴,12,6,8,ツクバフタツボシ,牝,5,54.0,486,4,保園翔,山越光,,5,0:49.3,36.2,5-5,8,486,4
2022/02/22,浦和,3,浦和８００ラウンドＣ２選抜馬イ,800,ダ,左,良,晴,12,3,3,ニシノカシン,牡,4,56.0,472,2,國分祐,冨田敏,,6,0:49.4,36.0,8-6,12,472,2
2022/02/22,浦和,3,浦和８００ラウンドＣ２選抜馬イ,800,ダ,左,良,晴,12,7,10,フランシス,牝,6,54.0,511,12,加藤和,長谷忍,,7,0:49.7,36.5,6-7,6,511,12
2022/02/22,浦和,3,浦和８００ラウンドＣ２選抜馬イ,800,ダ,左,良,晴,12,8,12,マイネルカーニバル,牡,4,56.0,464,0,半澤慶,牛房榮,,8,0:50.3,37.1,7-8,9,464,0
2022/02/22,浦和,3,浦和８００ラウンドＣ２選抜馬イ,800,ダ,左,良,晴,12,5,5,セイウンスノー,牡,4,56.0,487,3,吉留孝,川島豊,,9,0:50.3,36.4,9-9,10,487,3
2022/02/22,浦和,3,浦和８００ラウンドＣ２選抜馬イ,800,ダ,左,良,晴,12,8,11,プロスペリティ,牝,6,54.0,466,-4,寺島憂,冨田敏,,10,0:50.5,36.7,10-10,11,466,-4
2022/02/22,浦和,3,浦和８００ラウンドＣ２選抜馬イ,800,ダ,左,良,晴,12,5,6,セイエイビビット,牝,6,54.0,533,3,内田利,岡田一,,11,0:50.5,36.7,11-12,5,533,3
2022/02/22,浦和,3,浦和８００ラウンドＣ２選抜馬イ,800,ダ,左,良,晴,12,4,4,グラスレガシー,牝,7,54.0,543,6,見越彬,薮口一,,12,0:50.5,36.6,12-11,7,543,6
2022/02/22,浦和,4,浦和８００ラウンドＣ２選抜馬ア,800,ダ,左,良,晴,12,8,12,シゲルアパライト,牡,6,56.0,490,8,福原杏,横山保,,1,0:48.5,36.1,1-1,4,490,8
2022/02/22,浦和,4,浦和８００ラウンドＣ２選抜馬ア,800,ダ,左,良,晴,12,8,11,レオズソーダライト,牝,6,54.0,479,-1,橋本直,平山真,,2,0:49.3,36.7,3-2,2,479,-1
2022/02/22,浦和,4,浦和８００ラウンドＣ２選抜馬ア,800,ダ,左,良,晴,12,3,3,シーオブセレニティ,セ,0,56.0,443,1,高橋哲,海馬司,,3,0:49.5,36.4,11-7,8,443,1
2022/02/22,浦和,4,浦和８００ラウンドＣ２選抜馬ア,800,ダ,左,良,晴,12,1,1,ラスティネイル,牝,4,54.0,449,1,吉留孝,牛房榮,,4,0:49.5,36.6,5-5,3,449,1
2022/02/22,浦和,4,浦和８００ラウンドＣ２選抜馬ア,800,ダ,左,良,晴,12,2,2,スマートシエル,牝,4,54.0,432,-10,和田譲,小久智,,5,0:49.6,37.0,4-4,1,432,-10
2022/02/22,浦和,4,浦和８００ラウンドＣ２選抜馬ア,800,ダ,左,良,晴,12,6,8,キモンシャイン,牝,4,54.0,427,-4,達城龍,工藤伸,,6,0:49.7,36.6,9-8,7,427,-4
2022/02/22,浦和,4,浦和８００ラウンドＣ２選抜馬ア,800,ダ,左,良,晴,12,7,10,カシノライズ,牡,4,56.0,500,0,半澤慶,鹿沼和,,7,0:49.7,36.2,10-6,9,500,0
2022/02/22,浦和,4,浦和８００ラウンドＣ２選抜馬ア,800,ダ,左,良,晴,12,5,6,キャンビー,牡,4,56.0,526,3,保園翔,野口寛,,8,0:49.8,36.9,7-9,5,526,3
2022/02/22,浦和,4,浦和８００ラウンドＣ２選抜馬ア,800,ダ,左,良,晴,12,6,7,フェリスダージ,牝,4,54.0,412,-5,内田利,工藤伸,,9,0:50.2,37.3,6-10,6,412,-5
2022/02/22,浦和,4,浦和８００ラウンドＣ２選抜馬ア,800,ダ,左,良,晴,12,7,9,ニシノイルマーレ,牝,4,54.0,504,-2,岡田大,冨田敏,,10,0:50.4,37.1,8-11,10,504,-2
2022/02/22,浦和,4,浦和８００ラウンドＣ２選抜馬ア,800,ダ,左,良,晴,12,5,5,ホウオウファースト,牡,9,56.0,440,3,見越彬,水野貴,,11,0:50.4,37.8,2-3,11,440,3
2022/02/22,浦和,4,浦和８００ラウンドＣ２選抜馬ア,800,ダ,左,良,晴,12,4,4,モンジロウ,牡,4,55.0,512,4,七夕裕,柘榴浩,,12,0:50.8,37.2,12-12,12,512,4
2022/02/22,浦和,5,武蔵鶴酒造　武蔵鶴賞Ｃ３六 七,1400,ダ,左,良,晴,8,2,2,バローロフレイバー,牡,6,56.0,504,-9,今野忠,繁田健,,1,1:31.6,40.7,2-2-1-1,1,504,-9
2022/02/22,浦和,5,武蔵鶴酒造　武蔵鶴賞Ｃ３六 七,1400,ダ,左,良,晴,8,4,4,スプリットエス,牡,8,56.0,504,3,張田昂,小久智,,2,1:31.7,40.3,5-5-4-2,2,504,3
2022/02/22,浦和,5,武蔵鶴酒造　武蔵鶴賞Ｃ３六 七,1400,ダ,左,良,晴,8,6,6,ミヤコシャンティ,牝,5,54.0,445,-4,山口達,林正人,,3,1:32.0,40.1,6-6-6-3,5,445,-4
2022/02/22,浦和,5,武蔵鶴酒造　武蔵鶴賞Ｃ３六 七,1400,ダ,左,良,晴,8,5,5,ノーブルアトラス,牡,7,56.0,485,-5,山中悠,川村守,,4,1:32.3,41.0,4-3-3-4,3,485,-5
2022/02/22,浦和,5,武蔵鶴酒造　武蔵鶴賞Ｃ３六 七,1400,ダ,左,良,晴,8,3,3,リゼイエロー,牝,5,54.0,482,-1,寺島憂,川島豊,,5,1:33.2,40.7,7-7-7-6,8,482,-1
2022/02/22,浦和,5,武蔵鶴酒造　武蔵鶴賞Ｃ３六 七,1400,ダ,左,良,晴,8,7,7,チェンマイルージュ,牝,6,54.0,465,8,加藤和,鈴木勝,,6,1:33.4,40.1,8-8-8-8,6,465,8
2022/02/22,浦和,5,武蔵鶴酒造　武蔵鶴賞Ｃ３六 七,1400,ダ,左,良,晴,8,1,1,ゴールデンウエスト,牡,5,56.0,467,-4,西啓太,河津裕,,7,1:34.6,43.7,1-1-2-5,7,467,-4
2022/02/22,浦和,5,武蔵鶴酒造　武蔵鶴賞Ｃ３六 七,1400,ダ,左,良,晴,8,8,8,メロメロパンチ,牝,9,54.0,495,-8,保園翔,内野健,,8,1:35.6,44.3,3-4-5-7,4,495,-8
2022/02/22,浦和,6,Ｃ２四 五,1400,ダ,左,良,晴,12,2,2,レナータ,牝,7,51.0,476,8,菅原涼,藤原智,,1,1:29.8,39.4,1-1-1-1,3,476,8
2022/02/22,浦和,6,Ｃ２四 五,1400,ダ,左,良,晴,12,5,6,エコロアジェンダ,牡,4,56.0,463,-5,本田重,小久智,,2,1:30.1,38.8,5-6-6-5,4,463,-5
2022/02/22,浦和,6,Ｃ２四 五,1400,ダ,左,良,晴,12,6,7,ミーティアカフェ,牝,4,54.0,474,-7,笹川翼,箕輪武,,3,1:30.2,39.4,4-4-4-3,2,474,-7
2022/02/22,浦和,6,Ｃ２四 五,1400,ダ,左,良,晴,12,5,5,ツキマデトドケ,牡,5,56.0,510,-3,和田譲,伊藤滋,,4,1:30.5,40.0,2-2-2-2,1,510,-3
2022/02/22,浦和,6,Ｃ２四 五,1400,ダ,左,良,晴,12,8,11,ラッキーラック,牡,4,56.0,446,-1,半澤慶,宇野博,,5,1:30.8,40.1,3-3-3-4,10,446,-1
2022/02/22,浦和,6,Ｃ２四 五,1400,ダ,左,良,晴,12,1,1,エグゼクティブリリ,牝,4,50.0,456,2,神尾香,山田質,,6,1:30.9,39.0,7-9-10-7,8,456,2
2022/02/22,浦和,6,Ｃ２四 五,1400,ダ,左,良,晴,12,6,8,トップフェイス,セ,0,55.0,480,8,古岡勇,林　幻,,7,1:31.5,39.6,10-10-8-8,5,480,8
2022/02/22,浦和,6,Ｃ２四 五,1400,ダ,左,良,晴,12,7,10,シェーンシュタット,牡,4,55.0,441,1,池谷匠,武井和,,8,1:32.1,41.1,6-5-5-6,6,441,1
2022/02/22,浦和,6,Ｃ２四 五,1400,ダ,左,良,晴,12,7,9,アンカーマン,セ,0,56.0,500,-4,福原杏,海馬司,,9,1:32.2,39.9,12-12-12-10,11,500,-4
2022/02/22,浦和,6,Ｃ２四 五,1400,ダ,左,良,晴,12,3,3,ラピッドフォール,牝,4,53.0,433,-6,七夕裕,野口寛,,10,1:32.7,41.0,8-8-7-9,9,433,-6
2022/02/22,浦和,6,Ｃ２四 五,1400,ダ,左,良,晴,12,4,4,トーセンガーリー,牝,4,54.0,471,-4,濱田達,平山真,,11,1:32.8,40.7,11-11-11-11,12,471,-4
2022/02/22,浦和,6,Ｃ２四 五,1400,ダ,左,良,晴,12,8,12,キョウエイアップ,牡,4,56.0,500,-8,藤本現,小澤宏,,12,1:34.0,42.5,9-7-9-12,7,500,-8
2022/02/22,浦和,7,Ｊ交 ツインサドル特別３歳選抜馬,1400,ダ,左,良,晴,11,6,6,ゴッドゲーム,牡,3,56.0,502,1,森泰斗,小久智,,1,1:30.8,37.9,1-1-1-1,1,502,1
2022/02/22,浦和,7,Ｊ交 ツインサドル特別３歳選抜馬,1400,ダ,左,良,晴,11,8,10,アドミラブルエース,牡,3,56.0,467,1,笹川翼,繁田健,,2,1:31.0,37.9,2-2-2-2,3,467,1
2022/02/22,浦和,7,Ｊ交 ツインサドル特別３歳選抜馬,1400,ダ,左,良,晴,11,4,4,スマイルキングオー,牡,3,56.0,489,4,矢野貴,張田京,,3,1:31.9,38.5,3-3-4-3,8,489,4
2022/02/22,浦和,7,Ｊ交 ツインサドル特別３歳選抜馬,1400,ダ,左,良,晴,11,7,8,エンタクノキシ,牡,3,56.0,479,-1,本橋孝,藤原智,,4,1:32.1,38.3,10-10-7-7,5,479,-1
2022/02/22,浦和,7,Ｊ交 ツインサドル特別３歳選抜馬,1400,ダ,左,良,晴,11,6,7,メイトゥリアーク,牝,3,50.0,443,9,神尾香,加藤和,,5,1:32.1,38.1,8-8-8-5,7,443,9
2022/02/22,浦和,7,Ｊ交 ツインサドル特別３歳選抜馬,1400,ダ,左,良,晴,11,1,1,キミコソシャチョウ,牡,3,56.0,507,13,張田昂,森秀行,,6,1:32.4,38.8,5-6-6-8,2,507,13
2022/02/22,浦和,7,Ｊ交 ツインサドル特別３歳選抜馬,1400,ダ,左,良,晴,11,7,9,キョウエイシャイン,牝,3,54.0,473,27,秋元耕,小澤宏,,7,1:33.0,39.7,4-4-5-6,9,473,27
2022/02/22,浦和,7,Ｊ交 ツインサドル特別３歳選抜馬,1400,ダ,左,良,晴,11,2,2,トッティー,牝,3,53.0,455,-3,篠谷葵,武市康,,8,1:33.2,39.0,7-7-10-10,4,455,-3
2022/02/22,浦和,7,Ｊ交 ツインサドル特別３歳選抜馬,1400,ダ,左,良,晴,11,8,11,セキテイジュウオー,牡,3,56.0,497,-5,岡村健,古賀史,,9,1:33.3,40.1,6-5-3-4,6,497,-5
2022/02/22,浦和,7,Ｊ交 ツインサドル特別３歳選抜馬,1400,ダ,左,良,晴,11,3,3,アイノエクスプレス,牡,3,56.0,462,32,吉留孝,中野栄,,10,1:33.4,39.2,9-9-9-9,10,462,32
2022/02/22,浦和,7,Ｊ交 ツインサドル特別３歳選抜馬,1400,ダ,左,良,晴,11,5,5,ヴェクトライズ,牡,3,56.0,0,0,和田譲,上原博,,,,,,,0,0
2022/02/22,浦和,8,人形のまち岩槻　まちかど雛めぐＣ２四 五,1500,ダ,左,良,晴,12,2,2,シントーキング,セ,0,56.0,515,0,和田譲,林　幻,,1,1:37.3,38.1,5-4-4-2,2,515,0
2022/02/22,浦和,8,人形のまち岩槻　まちかど雛めぐＣ２四 五,1500,ダ,左,良,晴,12,1,1,リンドグレン,牝,8,54.0,441,3,町田直,山下之,,2,1:37.4,38.4,2-2-1-1,3,441,3
2022/02/22,浦和,8,人形のまち岩槻　まちかど雛めぐＣ２四 五,1500,ダ,左,良,晴,12,7,9,レアフィード,牡,6,55.0,567,1,篠谷葵,宇野博,,3,1:37.9,38.9,6-5-3-4,4,567,1
2022/02/22,浦和,8,人形のまち岩槻　まちかど雛めぐＣ２四 五,1500,ダ,左,良,晴,12,3,3,サフランポケット,牡,4,56.0,487,3,森泰斗,平山真,,4,1:38.0,39.0,3-3-2-3,1,487,3
2022/02/22,浦和,8,人形のまち岩槻　まちかど雛めぐＣ２四 五,1500,ダ,左,良,晴,12,6,8,ソウヤミサキ,牝,4,54.0,450,6,福原杏,岡田一,,5,1:38.5,39.3,9-10-5-5,5,450,6
2022/02/22,浦和,8,人形のまち岩槻　まちかど雛めぐＣ２四 五,1500,ダ,左,良,晴,12,5,5,プランナイン,牝,4,53.0,477,-2,七夕裕,柘榴浩,,6,1:38.9,39.5,8-7-8-6,7,477,-2
2022/02/22,浦和,8,人形のまち岩槻　まちかど雛めぐＣ２四 五,1500,ダ,左,良,晴,12,4,4,コンバットマジック,牝,4,54.0,460,-7,秋元耕,川島豊,,7,1:39.7,40.1,7-8-11-9,6,460,-7
2022/02/22,浦和,8,人形のまち岩槻　まちかど雛めぐＣ２四 五,1500,ダ,左,良,晴,12,8,11,シュバルマル,セ,0,56.0,502,1,吉留孝,薮口一,,8,1:39.7,39.9,11-11-9-8,12,502,1
2022/02/22,浦和,8,人形のまち岩槻　まちかど雛めぐＣ２四 五,1500,ダ,左,良,晴,12,8,12,リトルカプリース,牝,4,54.0,430,6,櫻井光,内田勝,,9,1:40.3,41.1,4-6-6-7,8,430,6
2022/02/22,浦和,8,人形のまち岩槻　まちかど雛めぐＣ２四 五,1500,ダ,左,良,晴,12,6,7,キミノナハ,牝,4,54.0,462,-1,加藤和,長谷忍,,10,1:41.8,42.2,10-9-10-11,9,462,-1
2022/02/22,浦和,8,人形のまち岩槻　まちかど雛めぐＣ２四 五,1500,ダ,左,良,晴,12,7,10,エスカマリ,牝,4,54.0,461,-3,保園翔,吉田正,,11,1:42.0,41.6,12-12-12-12,10,461,-3
2022/02/22,浦和,8,人形のまち岩槻　まちかど雛めぐＣ２四 五,1500,ダ,左,良,晴,12,5,6,エクセリア,牝,4,54.0,434,4,寺島憂,小林真,,12,1:42.1,43.1,1-1-7-10,11,434,4
2022/02/22,浦和,9,Ｊ交 ツインマッチ特別３歳選抜馬,1400,ダ,左,良,曇,12,1,1,ルワンジュ,牡,3,56.0,481,-3,笹川翼,上原博,,1,1:30.2,39.3,4-4-3-1,1,481,-3
2022/02/22,浦和,9,Ｊ交 ツインマッチ特別３歳選抜馬,1400,ダ,左,良,曇,12,2,2,サラフィエル,牡,3,56.0,435,-5,藤本現,鈴木慎,,2,1:30.5,39.0,7-7-5-3,4,435,-5
2022/02/22,浦和,9,Ｊ交 ツインマッチ特別３歳選抜馬,1400,ダ,左,良,曇,12,6,7,ヤマイチノア,牡,3,56.0,494,0,森泰斗,齊藤敏,,3,1:30.7,40.2,1-1-1-2,2,494,0
2022/02/22,浦和,9,Ｊ交 ツインマッチ特別３歳選抜馬,1400,ダ,左,良,曇,12,5,5,グランドクォーツ,牡,3,56.0,449,11,張田昂,根本康,,4,1:30.8,37.8,11-11-10-9,9,449,11
2022/02/22,浦和,9,Ｊ交 ツインマッチ特別３歳選抜馬,1400,ダ,左,良,曇,12,6,8,クレウーサ,牝,3,53.0,482,-2,古岡勇,小澤宏,,5,1:31.1,38.9,9-9-7-7,6,482,-2
2022/02/22,浦和,9,Ｊ交 ツインマッチ特別３歳選抜馬,1400,ダ,左,良,曇,12,4,4,オッカナイ,牝,3,54.0,420,6,今野忠,深山雅,,6,1:31.2,38.7,10-10-9-8,11,420,6
2022/02/22,浦和,9,Ｊ交 ツインマッチ特別３歳選抜馬,1400,ダ,左,良,曇,12,8,11,デルタラヴバレット,牡,3,56.0,461,6,本橋孝,繁田健,,7,1:31.6,39.9,6-5-6-6,3,461,6
2022/02/22,浦和,9,Ｊ交 ツインマッチ特別３歳選抜馬,1400,ダ,左,良,曇,12,7,10,ロカビリークイッフ,牡,3,56.0,468,-6,本田重,音無秀,,8,1:31.7,40.8,3-3-4-5,5,468,-6
2022/02/22,浦和,9,Ｊ交 ツインマッチ特別３歳選抜馬,1400,ダ,左,良,曇,12,7,9,ヤマトカチドキ,牝,3,54.0,468,0,矢野貴,田村康,,9,1:32.1,41.3,2-2-2-4,7,468,0
2022/02/22,浦和,9,Ｊ交 ツインマッチ特別３歳選抜馬,1400,ダ,左,良,曇,12,5,6,インカローズムスメ,牝,3,54.0,414,-8,吉留孝,山越光,,10,1:32.1,40.1,5-6-8-10,8,414,-8
2022/02/22,浦和,9,Ｊ交 ツインマッチ特別３歳選抜馬,1400,ダ,左,良,曇,12,8,12,シスターフッド,牝,3,54.0,451,-10,藤江渉,山崎尋,,11,1:32.5,39.1,12-12-12-11,12,451,-10
2022/02/22,浦和,9,Ｊ交 ツインマッチ特別３歳選抜馬,1400,ダ,左,良,曇,12,3,3,ブリジット,牝,3,54.0,431,-2,見越彬,小久智,,12,1:33.1,40.5,8-8-11-12,10,431,-2
2022/02/22,浦和,10,松岡醸造　帝松賞Ｃ１六,1400,ダ,左,良,曇,9,7,7,イチジン,牡,5,56.0,465,5,加藤和,長谷忍,,1,1:30.2,38.7,4-4-2-1,3,465,5
2022/02/22,浦和,10,松岡醸造　帝松賞Ｃ１六,1400,ダ,左,良,曇,9,2,2,ノーブルクロノス,牡,6,56.0,549,21,森泰斗,水野貴,,2,1:30.5,38.8,5-5-4-3,1,549,21
2022/02/22,浦和,10,松岡醸造　帝松賞Ｃ１六,1400,ダ,左,良,曇,9,6,6,トリプルフォー,牝,4,50.0,424,-7,神尾香,鈴木義,,3,1:30.7,39.0,3-3-5-4,5,424,-7
2022/02/22,浦和,10,松岡醸造　帝松賞Ｃ１六,1400,ダ,左,良,曇,9,3,3,シュゼット,牝,5,54.0,477,2,吉留孝,安池成,,4,1:30.7,38.6,9-8-8-8,4,477,2
2022/02/22,浦和,10,松岡醸造　帝松賞Ｃ１六,1400,ダ,左,良,曇,9,4,4,タケショウワンダー,牡,4,56.0,508,-7,山崎誠,山本学,,5,1:30.7,38.7,7-7-9-9,2,508,-7
2022/02/22,浦和,10,松岡醸造　帝松賞Ｃ１六,1400,ダ,左,良,曇,9,5,5,アスマスティーブ,セ,0,56.0,445,-1,福原杏,水野貴,,6,1:31.0,39.1,8-9-7-6,6,445,-1
2022/02/22,浦和,10,松岡醸造　帝松賞Ｃ１六,1400,ダ,左,良,曇,9,1,1,スーパーローズ,牝,5,54.0,463,4,酒井忍,野口孝,,7,1:31.1,39.2,6-6-6-7,7,463,4
2022/02/22,浦和,10,松岡醸造　帝松賞Ｃ１六,1400,ダ,左,良,曇,9,8,8,レインボーカラー,牝,4,54.0,514,6,内田利,藤原智,,8,1:31.1,39.8,1-1-1-2,8,514,6
2022/02/22,浦和,10,松岡醸造　帝松賞Ｃ１六,1400,ダ,左,良,曇,9,8,9,パンドラフォンテン,牝,8,54.0,453,-8,張田昂,矢内博,,9,1:31.9,40.4,2-2-3-5,9,453,-8
2022/02/22,浦和,11,早春賞Ａ２下選抜馬,2000,ダ,左,良,曇,12,6,8,マイネルナイペス,牡,6,57.0,458,-2,山崎誠,河津裕,,1,2:11.2,37.5,9-8-3-1,3,458,-2
2022/02/22,浦和,11,早春賞Ａ２下選抜馬,2000,ダ,左,良,曇,12,8,11,トーセンブレイヴ,牡,7,53.0,509,5,森泰斗,小久智,,2,2:12.0,38.5,1-1-1-2,2,509,5
2022/02/22,浦和,11,早春賞Ａ２下選抜馬,2000,ダ,左,良,曇,12,5,5,マコトガラハッド,セ,0,57.0,499,-14,矢野貴,川島一,,3,2:12.2,38.5,4-5-5-3,5,499,-14
2022/02/22,浦和,11,早春賞Ａ２下選抜馬,2000,ダ,左,良,曇,12,2,2,キタサンヴィクター,牡,7,55.0,519,-3,和田譲,稲益貴,,4,2:12.2,38.5,6-6-6-5,4,519,-3
2022/02/22,浦和,11,早春賞Ａ２下選抜馬,2000,ダ,左,良,曇,12,5,6,エイシンボールディ,牡,6,53.0,449,6,町田直,工藤伸,,5,2:12.2,38.2,7-7-7-7,9,449,6
2022/02/22,浦和,11,早春賞Ａ２下選抜馬,2000,ダ,左,良,曇,12,7,10,フワトロ,牝,7,51.0,482,-6,岡村健,林隆之,,6,2:12.5,39.0,2-2-2-4,6,482,-6
2022/02/22,浦和,11,早春賞Ａ２下選抜馬,2000,ダ,左,良,曇,12,8,12,ボナヴィーゴ,牡,7,55.0,522,0,福原杏,宇野博,,7,2:12.6,39.0,5-3-4-6,1,522,0
2022/02/22,浦和,11,早春賞Ａ２下選抜馬,2000,ダ,左,良,曇,12,6,7,クラトリガー,牡,8,55.0,507,2,小杉亮,矢野義,,8,2:13.3,37.8,12-12-12-11,11,507,2
2022/02/22,浦和,11,早春賞Ａ２下選抜馬,2000,ダ,左,良,曇,12,3,3,ブレステイキング,牡,7,57.0,509,7,酒井忍,薮口一,,9,2:13.4,39.3,10-10-8-9,7,509,7
2022/02/22,浦和,11,早春賞Ａ２下選抜馬,2000,ダ,左,良,曇,12,1,1,フレアリングダイヤ,牡,7,57.0,509,13,内田利,藤原智,,10,2:13.4,39.1,8-9-9-8,10,509,13
2022/02/22,浦和,11,早春賞Ａ２下選抜馬,2000,ダ,左,良,曇,12,4,4,サバンナロード,セ,0,55.0,538,4,本田重,小久智,,11,2:13.6,38.9,11-11-11-10,8,538,4
2022/02/22,浦和,11,早春賞Ａ２下選抜馬,2000,ダ,左,良,曇,12,7,9,バンドオンザラン,牡,8,56.0,523,7,池谷匠,内田勝,,12,2:15.2,41.3,3-4-10-12,12,523,7
2022/02/22,浦和,12,魚座特別Ｂ３二,1500,ダ,左,良,曇,12,3,3,モンストルオーソ,牡,5,56.0,477,-1,笹川翼,佐藤太,,1,1:36.0,39.0,2-2-2-1,1,477,-1
2022/02/22,浦和,12,魚座特別Ｂ３二,1500,ダ,左,良,曇,12,4,4,コンセプト,牡,4,56.0,476,-2,本橋孝,小久智,,2,1:36.3,38.9,6-4-5-3,3,476,-2
2022/02/22,浦和,12,魚座特別Ｂ３二,1500,ダ,左,良,曇,12,5,5,イデアイホマジョル,セ,0,55.0,452,-2,篠谷葵,岡田一,,3,1:36.3,39.7,1-1-1-2,7,452,-2
2022/02/22,浦和,12,魚座特別Ｂ３二,1500,ダ,左,良,曇,12,6,8,クマサンニデアッタ,牝,4,54.0,449,3,和田譲,宇野博,,4,1:37.0,39.9,3-3-3-4,9,449,3
2022/02/22,浦和,12,魚座特別Ｂ３二,1500,ダ,左,良,曇,12,7,9,チェスナットドレス,牝,5,54.0,473,6,秋元耕,冨田敏,,5,1:37.0,38.6,9-9-8-7,11,473,6
2022/02/22,浦和,12,魚座特別Ｂ３二,1500,ダ,左,良,曇,12,7,10,ナムラタイガー,牡,5,56.0,546,5,酒井忍,柘榴浩,,6,1:37.1,39.1,7-7-6-5,6,546,5
2022/02/22,浦和,12,魚座特別Ｂ３二,1500,ダ,左,良,曇,12,5,6,コパノメンデス,牡,7,56.0,451,-1,小杉亮,凾館一,,7,1:37.4,38.5,12-12-9-9,8,451,-1
2022/02/22,浦和,12,魚座特別Ｂ３二,1500,ダ,左,良,曇,12,8,11,オーロラテーラー,牝,5,54.0,478,-5,川島正,稲益貴,,8,1:37.5,40.3,4-5-4-6,2,478,-5
2022/02/22,浦和,12,魚座特別Ｂ３二,1500,ダ,左,良,曇,12,2,2,キョウエイオジョウ,牝,8,54.0,490,1,藤本現,小澤宏,,9,1:38.1,39.2,11-11-10-11,5,490,1
2022/02/22,浦和,12,魚座特別Ｂ３二,1500,ダ,左,良,曇,12,8,12,キャプティベート,セ,0,56.0,445,2,矢野貴,山田信,,10,1:38.2,40.4,5-6-7-10,4,445,2
2022/02/22,浦和,12,魚座特別Ｂ３二,1500,ダ,左,良,曇,12,1,1,ケイティーテンリウ,牡,9,56.0,481,2,岡田大,岡田一,,11,1:38.2,39.6,8-8-11-8,12,481,2
2022/02/22,浦和,12,魚座特別Ｂ３二,1500,ダ,左,良,曇,12,6,7,トイトイトイ,牡,9,56.0,467,-2,山口達,林正人,,12,1:38.2,39.3,10-10-12-12,10,467,-2
2022/02/23,浦和,1,浦和８００ラウンドＣ３選抜馬イ,800,ダ,左,良,晴,12,5,6,クレヴァージャッジ,牡,5,56.0,528,11,加藤和,内野健,,1,0:48.9,36.2,1-1,1,528,11
2022/02/23,浦和,1,浦和８００ラウンドＣ３選抜馬イ,800,ダ,左,良,晴,12,8,12,フライトメモリア,牝,4,54.0,518,-2,秋元耕,川村守,,2,0:48.9,36.0,2-2,3,518,-2
2022/02/23,浦和,1,浦和８００ラウンドＣ３選抜馬イ,800,ダ,左,良,晴,12,1,1,ケイティーヒナノ,牝,7,54.0,481,-3,岡田大,柘榴浩,,3,0:49.5,36.5,3-3,2,481,-3
2022/02/23,浦和,1,浦和８００ラウンドＣ３選抜馬イ,800,ダ,左,良,晴,12,3,3,クロノエンプレス,牝,5,54.0,482,5,橋本直,酒井一,,4,0:49.8,36.2,5-4,6,482,5
2022/02/23,浦和,1,浦和８００ラウンドＣ３選抜馬イ,800,ダ,左,良,晴,12,7,10,ニシノマッハ,牡,8,56.0,471,-4,國分祐,冨田敏,,5,0:50.4,36.8,7-6,7,471,-4
2022/02/23,浦和,1,浦和８００ラウンドＣ３選抜馬イ,800,ダ,左,良,晴,12,4,4,ヴィクトリアブーケ,牝,4,50.0,380,4,神尾香,薮口一,,6,0:50.4,37.0,6-5,8,380,4
2022/02/23,浦和,1,浦和８００ラウンドＣ３選抜馬イ,800,ダ,左,良,晴,12,8,11,ヘデラ,牝,6,54.0,440,3,寺島憂,柘榴浩,,7,0:50.9,37.0,8-9,9,440,3
2022/02/23,浦和,1,浦和８００ラウンドＣ３選抜馬イ,800,ダ,左,良,晴,12,6,7,ツーエムポラリス,牡,7,56.0,476,13,山中悠,鈴木勝,,8,0:51.1,37.2,10-8,10,476,13
2022/02/23,浦和,1,浦和８００ラウンドＣ３選抜馬イ,800,ダ,左,良,晴,12,7,9,ゼファーディディ,牝,4,54.0,447,6,半澤慶,宇野博,,9,0:51.3,38.0,4-7,4,447,6
2022/02/23,浦和,1,浦和８００ラウンドＣ３選抜馬イ,800,ダ,左,良,晴,12,5,5,テーオーメシア,牡,4,53.0,453,3,菅原涼,長谷忍,,10,0:51.3,37.2,9-10,11,453,3
2022/02/23,浦和,1,浦和８００ラウンドＣ３選抜馬イ,800,ダ,左,良,晴,12,6,8,クラフェニックス,牝,4,53.0,452,3,七夕裕,藤原智,,,,,,5,452,3
2022/02/23,浦和,1,浦和８００ラウンドＣ３選抜馬イ,800,ダ,左,良,晴,12,2,2,ダンストンラソ,牝,7,54.0,420,-25,見越彬,野口孝,,,,,,,420,-25
2022/02/23,浦和,2,３歳四,1400,ダ,左,良,晴,12,2,2,ハッピートウキョウ,牡,3,56.0,498,-14,西啓太,繁田健,,1,1:32.5,40.2,6-4-5-3,1,498,-14
2022/02/23,浦和,2,３歳四,1400,ダ,左,良,晴,12,4,4,リョウイキテンカイ,牝,3,54.0,456,3,橋本直,柘榴浩,,2,1:32.7,40.9,2-2-2-2,6,456,3
2022/02/23,浦和,2,３歳四,1400,ダ,左,良,晴,12,8,12,ミネヴィーノ,牝,3,53.0,448,22,古岡勇,小澤宏,,3,1:32.8,40.5,5-6-4-6,9,448,22
2022/02/23,浦和,2,３歳四,1400,ダ,左,良,晴,12,7,10,ハクシンポケット,牡,3,56.0,447,1,半澤慶,平山真,,4,1:32.8,40.3,9-7-6-7,11,447,1
2022/02/23,浦和,2,３歳四,1400,ダ,左,良,晴,12,3,3,ステラセイコー,牝,3,54.0,452,0,福原杏,水野貴,,5,1:33.0,41.2,1-1-1-1,2,452,0
2022/02/23,浦和,2,３歳四,1400,ダ,左,良,晴,12,6,8,ゴールドキングダム,牡,3,56.0,512,12,秋元耕,鹿沼和,,6,1:33.0,40.0,10-11-9-9,4,512,12
2022/02/23,浦和,2,３歳四,1400,ダ,左,良,晴,12,8,11,カニフ,牝,3,54.0,413,-7,吉留孝,薮口一,,7,1:33.1,40.4,8-10-7-5,8,413,-7
2022/02/23,浦和,2,３歳四,1400,ダ,左,良,晴,12,5,5,ヤクライローズ,牝,3,54.0,436,11,見越彬,鹿沼和,,8,1:33.7,41.0,4-5-8-8,3,436,11
2022/02/23,浦和,2,３歳四,1400,ダ,左,良,晴,12,7,9,セイダンシング,牡,3,56.0,478,4,岡田大,吉田正,,9,1:33.9,42.0,3-3-3-4,12,478,4
2022/02/23,浦和,2,３歳四,1400,ダ,左,良,晴,12,1,1,ミスシャーロック,牝,3,53.0,451,11,七夕裕,水野貴,,10,1:35.1,42.1,11-9-11-10,7,451,11
2022/02/23,浦和,2,３歳四,1400,ダ,左,良,晴,12,5,6,マヘアラニ,牝,3,54.0,443,-8,町田直,酒井一,,11,1:35.2,41.6,12-12-12-11,10,443,-8
2022/02/23,浦和,2,３歳四,1400,ダ,左,良,晴,12,6,7,スキヤキ,牡,3,56.0,455,-14,今野忠,小久智,,12,1:37.2,44.4,7-8-10-12,5,455,-14
2022/02/23,浦和,3,Ｃ３四 五,1400,ダ,左,良,晴,12,5,6,サマーボーイ,牡,7,56.0,494,-14,和田譲,小久智,,1,1:31.2,40.9,3-3-2-1,1,494,-14
2022/02/23,浦和,3,Ｃ３四 五,1400,ダ,左,良,晴,12,8,12,ピラミッドファラオ,牡,7,56.0,521,0,保園翔,水野貴,,2,1:31.2,41.4,1-1-1-2,5,521,0
2022/02/23,浦和,3,Ｃ３四 五,1400,ダ,左,良,晴,12,6,8,ウインシュトローム,牡,5,56.0,559,-5,森泰斗,齊藤敏,,3,1:31.5,39.7,8-8-7-5,4,559,-5
2022/02/23,浦和,3,Ｃ３四 五,1400,ダ,左,良,晴,12,5,5,グランピー,牝,6,54.0,419,-3,酒井忍,久保勇,,4,1:31.9,39.9,10-10-8-7,8,419,-3
2022/02/23,浦和,3,Ｃ３四 五,1400,ダ,左,良,晴,12,1,1,トキノメガミ,牝,7,53.0,466,-4,篠谷葵,山越光,,5,1:32.1,41.1,4-4-4-4,7,466,-4
2022/02/23,浦和,3,Ｃ３四 五,1400,ダ,左,良,晴,12,7,9,ユメノハジマリ,牝,6,54.0,472,-1,見越彬,野口孝,,6,1:32.2,41.1,5-5-3-3,2,472,-1
2022/02/23,浦和,3,Ｃ３四 五,1400,ダ,左,良,晴,12,6,7,イエスペガサス,牝,9,54.0,453,-5,岡田大,酒井一,,7,1:32.7,41.3,7-7-6-6,10,453,-5
2022/02/23,浦和,3,Ｃ３四 五,1400,ダ,左,良,晴,12,3,3,クレバーレディー,牝,7,54.0,493,5,山口達,渡邊貴,,8,1:33.0,40.7,9-9-10-10,9,493,5
2022/02/23,浦和,3,Ｃ３四 五,1400,ダ,左,良,晴,12,2,2,リュクスコンドル,牡,6,56.0,469,2,山崎誠,山崎裕,,9,1:33.0,41.2,6-6-9-8,3,469,2
2022/02/23,浦和,3,Ｃ３四 五,1400,ダ,左,良,晴,12,4,4,ジュンノサップ,牡,6,56.0,468,-1,秋元耕,横山保,,10,1:33.2,40.6,11-11-11-11,11,468,-1
2022/02/23,浦和,3,Ｃ３四 五,1400,ダ,左,良,晴,12,7,10,リュウノイノリ,牡,5,56.0,461,1,吉留孝,鹿沼和,,11,1:34.1,43.3,2-2-5-9,6,461,1
2022/02/23,浦和,3,Ｃ３四 五,1400,ダ,左,良,晴,12,8,11,ニシノシロフネ,牡,5,56.0,500,12,國分祐,冨田敏,,12,1:34.3,41.5,12-12-12-12,12,500,12
2022/02/23,浦和,4,浦和８００ラウンドＣ３選抜馬ア,800,ダ,左,良,晴,12,6,8,シルヴァーイーグル,牡,6,56.0,545,2,藤江渉,岡田一,,1,0:48.7,36.0,1-1,2,545,2
2022/02/23,浦和,4,浦和８００ラウンドＣ３選抜馬ア,800,ダ,左,良,晴,12,5,5,セキノアトラス,牡,4,56.0,436,4,高橋哲,横山保,,2,0:49.1,36.2,5-5,3,436,4
2022/02/23,浦和,4,浦和８００ラウンドＣ３選抜馬ア,800,ダ,左,良,晴,12,8,12,ロゼッタハート,牝,8,54.0,441,-1,岡田大,牛房榮,,3,0:49.2,36.3,2-2,7,441,-1
2022/02/23,浦和,4,浦和８００ラウンドＣ３選抜馬ア,800,ダ,左,良,晴,12,6,7,メモリアルクイーン,牝,5,53.0,459,2,古岡勇,小澤宏,,4,0:49.3,36.5,3-3,1,459,2
2022/02/23,浦和,4,浦和８００ラウンドＣ３選抜馬ア,800,ダ,左,良,晴,12,8,11,ダイバキャッツアイ,牝,5,54.0,446,-6,内田利,箕輪武,,5,0:49.4,36.5,4-4,9,446,-6
2022/02/23,浦和,4,浦和８００ラウンドＣ３選抜馬ア,800,ダ,左,良,晴,12,1,1,ラヴアンドゲーム,牝,5,53.0,457,-5,篠谷葵,酒井一,,6,0:49.7,36.3,7-6,4,457,-5
2022/02/23,浦和,4,浦和８００ラウンドＣ３選抜馬ア,800,ダ,左,良,晴,12,5,6,マリアフィナーレ,牝,5,54.0,451,-2,寺島憂,小林真,,7,0:49.9,36.9,6-7,8,451,-2
2022/02/23,浦和,4,浦和８００ラウンドＣ３選抜馬ア,800,ダ,左,良,晴,12,3,3,カゲカツ,牡,8,56.0,524,-6,橋本直,長谷忍,,8,0:49.9,36.5,8-8,5,524,-6
2022/02/23,浦和,4,浦和８００ラウンドＣ３選抜馬ア,800,ダ,左,良,晴,12,2,2,ジュンサロベツ,牝,6,54.0,471,-43,藤本現,小久智,,9,0:50.2,36.5,11-9,6,471,-43
2022/02/23,浦和,4,浦和８００ラウンドＣ３選抜馬ア,800,ダ,左,良,晴,12,4,4,サノチナ,牝,5,53.0,420,6,七夕裕,川島豊,,10,0:50.3,36.6,10-10,10,420,6
2022/02/23,浦和,4,浦和８００ラウンドＣ３選抜馬ア,800,ダ,左,良,晴,12,7,10,レイリアン,牝,5,54.0,423,9,國分祐,冨田敏,,11,0:50.9,37.5,9-11,12,423,9
2022/02/23,浦和,4,浦和８００ラウンドＣ３選抜馬ア,800,ダ,左,良,晴,12,7,9,クリストバウム,セ,0,56.0,455,5,半澤慶,吉田正,,12,0:51.1,37.4,12-12,11,455,5
2022/02/23,浦和,5,五十嵐酒造　天覧山賞Ｃ２六 七 八,1400,ダ,左,良,晴,12,8,11,マイヨヴェール,牡,7,56.0,571,0,福原杏,柘榴浩,,1,1:30.6,39.2,7-7-3-2,3,571,0
2022/02/23,浦和,5,五十嵐酒造　天覧山賞Ｃ２六 七 八,1400,ダ,左,良,晴,12,6,7,タッカーハート,牝,4,54.0,445,-15,森泰斗,水野貴,,2,1:31.0,40.0,1-1-1-1,2,445,-15
2022/02/23,浦和,5,五十嵐酒造　天覧山賞Ｃ２六 七 八,1400,ダ,左,良,晴,12,4,4,プリトヴィツェ,牝,8,53.0,455,0,篠谷葵,山下之,,3,1:31.1,39.5,8-8-5-3,5,455,0
2022/02/23,浦和,5,五十嵐酒造　天覧山賞Ｃ２六 七 八,1400,ダ,左,良,晴,12,7,9,シニスターシックス,牝,4,50.0,399,-2,神尾香,山田質,,4,1:32.1,39.9,9-9-9-9,11,399,-2
2022/02/23,浦和,5,五十嵐酒造　天覧山賞Ｃ２六 七 八,1400,ダ,左,良,晴,12,3,3,スクリームイーグル,牡,4,56.0,457,4,岡田大,酒井一,,5,1:32.1,39.7,10-10-12-8,7,457,4
2022/02/23,浦和,5,五十嵐酒造　天覧山賞Ｃ２六 七 八,1400,ダ,左,良,晴,12,7,10,リスキーウィスキー,牡,4,56.0,494,-5,見越彬,山越光,,6,1:32.6,40.9,6-6-6-5,6,494,-5
2022/02/23,浦和,5,五十嵐酒造　天覧山賞Ｃ２六 七 八,1400,ダ,左,良,晴,12,1,1,ベリリウンヌ,牝,4,54.0,429,-1,保園翔,海馬司,,7,1:32.7,40.9,5-5-7-7,8,429,-1
2022/02/23,浦和,5,五十嵐酒造　天覧山賞Ｃ２六 七 八,1400,ダ,左,良,晴,12,5,6,ラッキーチャンス,牝,7,54.0,496,7,岡村健,小澤宏,,8,1:32.7,40.5,11-11-10-10,9,496,7
2022/02/23,浦和,5,五十嵐酒造　天覧山賞Ｃ２六 七 八,1400,ダ,左,良,晴,12,8,12,ホイップミルク,牝,5,54.0,406,3,今野忠,田島寿,,9,1:32.8,41.7,4-2-2-4,10,406,3
2022/02/23,浦和,5,五十嵐酒造　天覧山賞Ｃ２六 七 八,1400,ダ,左,良,晴,12,6,8,マッシュブライト,牝,4,54.0,456,-6,高橋哲,酒井一,,10,1:33.7,41.3,12-12-11-12,12,456,-6
2022/02/23,浦和,5,五十嵐酒造　天覧山賞Ｃ２六 七 八,1400,ダ,左,良,晴,12,5,5,ネビュラストーム,牝,5,54.0,506,6,矢野貴,伊藤滋,,11,1:33.7,42.1,3-4-8-11,1,506,6
2022/02/23,浦和,5,五十嵐酒造　天覧山賞Ｃ２六 七 八,1400,ダ,左,良,晴,12,2,2,ロードユリシス,セ,0,56.0,488,4,藤江渉,武井和,,12,1:34.0,42.4,2-3-4-6,4,488,4
2022/02/23,浦和,6,Ｃ３四 五,1500,ダ,左,良,晴,12,6,8,アーバンブラック,牡,7,56.0,472,0,張田昂,平山真,,1,1:38.9,40.1,5-5-4-5,3,472,0
2022/02/23,浦和,6,Ｃ３四 五,1500,ダ,左,良,晴,12,7,9,ラブリーギャル,牝,6,54.0,480,8,見越彬,海馬司,,2,1:39.2,40.5,7-6-3-1,10,480,8
2022/02/23,浦和,6,Ｃ３四 五,1500,ダ,左,良,晴,12,4,4,イチリュウマンバイ,牡,5,56.0,492,3,中越琉,山崎尋,,3,1:39.5,39.9,12-12-6-4,1,492,3
2022/02/23,浦和,6,Ｃ３四 五,1500,ダ,左,良,晴,12,7,10,タイムファクター,牡,6,56.0,483,3,山崎誠,山田質,,4,1:39.5,41.2,3-3-2-3,2,483,3
2022/02/23,浦和,6,Ｃ３四 五,1500,ダ,左,良,晴,12,5,5,ウィローグラウス,牝,6,54.0,478,2,高橋利,矢内博,,5,1:39.7,40.6,6-7-7-8,7,478,2
2022/02/23,浦和,6,Ｃ３四 五,1500,ダ,左,良,晴,12,3,3,シントーアキラ,セ,0,56.0,412,1,實川純,林　幻,,6,1:39.9,40.7,9-8-5-6,5,412,1
2022/02/23,浦和,6,Ｃ３四 五,1500,ダ,左,良,晴,12,8,12,ラウズアップ,牡,6,56.0,427,7,岡田大,牛房榮,,7,1:39.9,40.2,10-10-10-7,8,427,7
2022/02/23,浦和,6,Ｃ３四 五,1500,ダ,左,良,晴,12,6,7,アキノヒーロー,牡,5,56.0,476,15,和田譲,小久智,,8,1:40.2,41.3,4-4-8-9,4,476,15
2022/02/23,浦和,6,Ｃ３四 五,1500,ダ,左,良,晴,12,2,2,コンディトラム,牡,5,56.0,479,15,高橋哲,川村守,,9,1:40.9,42.6,1-1-1-2,12,479,15
2022/02/23,浦和,6,Ｃ３四 五,1500,ダ,左,良,晴,12,8,11,デア,牝,5,53.0,434,3,池谷匠,田邊陽,,10,1:41.2,41.8,8-9-11-12,9,434,3
2022/02/23,浦和,6,Ｃ３四 五,1500,ダ,左,良,晴,12,1,1,ホロシリダケ,セ,0,55.0,474,0,七夕裕,野口孝,,11,1:41.2,41.3,11-11-12-11,11,474,0
2022/02/23,浦和,6,Ｃ３四 五,1500,ダ,左,良,晴,12,5,6,ニシノマリアージュ,牝,6,54.0,417,-1,國分祐,冨田敏,,12,1:42.5,43.8,2-2-9-10,6,417,-1
2022/02/23,浦和,7,Ｃ２六 七 八,1500,ダ,左,良,晴,12,1,1,デイスター,牡,5,56.0,450,-6,山崎誠,玉井昇,,1,1:36.8,39.0,1-1-1-1,2,450,-6
2022/02/23,浦和,7,Ｃ２六 七 八,1500,ダ,左,良,晴,12,4,4,エメラルディ,牝,5,54.0,494,2,加藤和,八木喜,,2,1:37.8,38.9,7-7-6-4,8,494,2
2022/02/23,浦和,7,Ｃ２六 七 八,1500,ダ,左,良,晴,12,7,10,コウユーカノカノ,牝,5,54.0,451,4,福原杏,宇野博,,3,1:38.3,40.3,3-3-2-2,4,451,4
2022/02/23,浦和,7,Ｃ２六 七 八,1500,ダ,左,良,晴,12,8,11,エイシンイージス,牝,4,54.0,466,-2,和田譲,酒井一,,4,1:38.4,39.8,6-4-3-3,6,466,-2
2022/02/23,浦和,7,Ｃ２六 七 八,1500,ダ,左,良,晴,12,2,2,ベイビーアッシュ,牡,4,56.0,544,14,笹川翼,小澤宏,,5,1:39.0,39.4,4-6-11-6,5,544,14
2022/02/23,浦和,7,Ｃ２六 七 八,1500,ダ,左,良,晴,12,7,9,エルフバローズ,牝,4,54.0,438,5,矢野貴,工藤伸,,6,1:39.1,39.8,5-5-7-7,3,438,5
2022/02/23,浦和,7,Ｃ２六 七 八,1500,ダ,左,良,晴,12,6,7,サプライズギフト,牝,4,54.0,427,5,吉留孝,川島豊,,7,1:39.3,40.4,8-8-5-5,9,427,5
2022/02/23,浦和,7,Ｃ２六 七 八,1500,ダ,左,良,晴,12,5,6,クリスタルハート,牝,4,54.0,501,9,藤本現,川村守,,8,1:39.9,40.0,12-12-10-8,12,501,9
2022/02/23,浦和,7,Ｃ２六 七 八,1500,ダ,左,良,晴,12,3,3,バードハズフロウン,牝,4,54.0,433,1,秋元耕,横山保,,9,1:39.9,40.3,11-9-8-9,7,433,1
2022/02/23,浦和,7,Ｃ２六 七 八,1500,ダ,左,良,晴,12,8,12,カイジンビリーヴ,牡,4,56.0,527,-4,高橋哲,牛房榮,,10,1:40.2,40.5,10-11-9-10,11,527,-4
2022/02/23,浦和,7,Ｃ２六 七 八,1500,ダ,左,良,晴,12,6,8,ハイランドハニー,牝,4,50.0,438,-2,神尾香,田島寿,,11,1:40.4,40.6,9-10-12-11,10,438,-2
2022/02/23,浦和,7,Ｃ２六 七 八,1500,ダ,左,良,晴,12,5,5,フィーネ,牝,4,54.0,488,10,本橋孝,野口寛,,,,,2-2-4-12,1,488,10
2022/02/23,浦和,8,麻原酒造　素敵賞Ｃ２六 七 八,1400,ダ,左,良,晴,12,7,9,ウインカーマイン,牡,6,56.0,449,-2,秋元耕,川島豊,,1,1:30.4,39.2,4-4-3-1,2,449,-2
2022/02/23,浦和,8,麻原酒造　素敵賞Ｃ２六 七 八,1400,ダ,左,良,晴,12,8,12,デルマケゴン,牝,4,54.0,424,6,福原杏,山崎裕,,2,1:31.0,39.2,9-9-7-3,6,424,6
2022/02/23,浦和,8,麻原酒造　素敵賞Ｃ２六 七 八,1400,ダ,左,良,晴,12,3,3,キタサンボルト,牡,8,56.0,491,-4,森泰斗,川島一,,3,1:31.3,39.8,8-7-5-2,1,491,-4
2022/02/23,浦和,8,麻原酒造　素敵賞Ｃ２六 七 八,1400,ダ,左,良,晴,12,2,2,ペイシャレン,牝,4,54.0,471,3,川島正,平山真,,4,1:31.6,38.9,10-10-12-12,3,471,3
2022/02/23,浦和,8,麻原酒造　素敵賞Ｃ２六 七 八,1400,ダ,左,良,晴,12,5,6,オッドアイ,牝,9,54.0,437,1,加藤和,川島豊,,5,1:31.7,39.2,12-11-11-6,10,437,1
2022/02/23,浦和,8,麻原酒造　素敵賞Ｃ２六 七 八,1400,ダ,左,良,晴,12,6,7,グレースシラオキ,牝,4,54.0,423,1,橋本直,岡田一,,6,1:32.3,40.6,5-6-8-8,12,423,1
2022/02/23,浦和,8,麻原酒造　素敵賞Ｃ２六 七 八,1400,ダ,左,良,晴,12,5,5,エイシンミラクル,牝,4,54.0,455,15,保園翔,山越光,,7,1:32.4,41.3,3-3-4-5,9,455,15
2022/02/23,浦和,8,麻原酒造　素敵賞Ｃ２六 七 八,1400,ダ,左,良,晴,12,1,1,クールシラユリ,牝,4,54.0,461,8,和田譲,宇野博,,8,1:32.6,40.1,11-12-9-9,8,461,8
2022/02/23,浦和,8,麻原酒造　素敵賞Ｃ２六 七 八,1400,ダ,左,良,晴,12,8,11,コンフィテオール,牝,4,54.0,466,7,張田昂,小澤宏,,9,1:32.8,41.3,6-5-6-7,4,466,7
2022/02/23,浦和,8,麻原酒造　素敵賞Ｃ２六 七 八,1400,ダ,左,良,晴,12,6,8,カンノンショウ,牡,4,56.0,462,3,寺島憂,柘榴浩,,10,1:32.9,42.2,2-2-1-4,11,462,3
2022/02/23,浦和,8,麻原酒造　素敵賞Ｃ２六 七 八,1400,ダ,左,良,晴,12,4,4,コスモジェニー,牝,4,54.0,432,-5,町田直,工藤伸,,11,1:33.0,40.8,7-8-10-11,7,432,-5
2022/02/23,浦和,8,麻原酒造　素敵賞Ｃ２六 七 八,1400,ダ,左,良,晴,12,7,10,ハヤブサピアーノ,牝,5,53.0,503,-7,古岡勇,村田順,,12,1:35.9,45.2,1-1-2-10,5,503,-7
2022/02/23,浦和,9,越生梅林特別Ｃ１三,1400,ダ,左,良,晴,10,8,9,キングバーグ,牡,5,56.0,492,5,和田譲,宇野博,,1,1:30.0,39.2,5-4-3-1,1,492,5
2022/02/23,浦和,9,越生梅林特別Ｃ１三,1400,ダ,左,良,晴,10,7,8,コウユーラヴラヴ,牝,4,54.0,457,2,町田直,宇野博,,2,1:30.4,40.0,3-3-2-3,6,457,2
2022/02/23,浦和,9,越生梅林特別Ｃ１三,1400,ダ,左,良,晴,10,3,3,ワンダークラドート,牡,5,56.0,480,-2,橋本直,鈴木勝,,3,1:30.5,39.1,10-10-5-4,5,480,-2
2022/02/23,浦和,9,越生梅林特別Ｃ１三,1400,ダ,左,良,晴,10,6,6,ハイプリーステス,牝,4,54.0,439,13,高橋哲,牛房榮,,4,1:30.5,39.3,8-8-8-6,9,439,13
2022/02/23,浦和,9,越生梅林特別Ｃ１三,1400,ダ,左,良,晴,10,4,4,トレサイーユ,牝,4,54.0,450,8,福原杏,柘榴浩,,5,1:30.6,39.2,6-7-9-8,3,450,8
2022/02/23,浦和,9,越生梅林特別Ｃ１三,1400,ダ,左,良,晴,10,8,10,ウインベザント,牡,8,56.0,467,-4,御神訓,新井清,,6,1:30.6,39.6,4-5-7-7,4,467,-4
2022/02/23,浦和,9,越生梅林特別Ｃ１三,1400,ダ,左,良,晴,10,5,5,マイネルデルフト,セ,0,56.0,453,3,藤本現,川村守,,7,1:30.7,39.0,9-9-10-9,10,453,3
2022/02/23,浦和,9,越生梅林特別Ｃ１三,1400,ダ,左,良,晴,10,2,2,サウンディングベル,牡,8,56.0,462,-3,張田昂,林　幻,,8,1:30.9,39.9,7-6-4-5,8,462,-3
2022/02/23,浦和,9,越生梅林特別Ｃ１三,1400,ダ,左,良,晴,10,1,1,アンジュクレール,牝,4,54.0,443,5,森泰斗,小久智,,9,1:31.4,41.0,1-1-1-2,2,443,5
2022/02/23,浦和,9,越生梅林特別Ｃ１三,1400,ダ,左,良,晴,10,7,7,エダマメ,牝,5,51.0,494,-12,菅原涼,長谷忍,,10,1:34.4,43.9,2-2-6-10,7,494,-12
2022/02/23,浦和,10,富士山の日特別Ｂ３Ｃ１選抜馬,2000,ダ,左,良,晴,11,7,8,モズノーブルギフト,牡,7,57.0,540,3,森泰斗,平山真,,1,2:11.4,40.5,2-3-1-1,1,540,3
2022/02/23,浦和,10,富士山の日特別Ｂ３Ｃ１選抜馬,2000,ダ,左,良,晴,11,6,7,パラダイムチェンジ,牡,5,57.0,483,0,張田昂,山越光,,2,2:12.1,40.6,6-5-4-2,3,483,0
2022/02/23,浦和,10,富士山の日特別Ｂ３Ｃ１選抜馬,2000,ダ,左,良,晴,11,1,1,マイネルカガヤキ,牡,5,55.0,512,3,橋本直,平山真,,3,2:12.6,40.5,5-6-6-5,5,512,3
2022/02/23,浦和,10,富士山の日特別Ｂ３Ｃ１選抜馬,2000,ダ,左,良,晴,11,5,5,コスモビートイット,牡,5,55.0,505,-2,福原杏,川島豊,,4,2:12.7,40.4,9-9-7-6,10,505,-2
2022/02/23,浦和,10,富士山の日特別Ｂ３Ｃ１選抜馬,2000,ダ,左,良,晴,11,2,2,トーセンフランク,牡,4,55.0,512,6,藤本現,小久智,,5,2:12.7,41.5,3-2-3-4,4,512,6
2022/02/23,浦和,10,富士山の日特別Ｂ３Ｃ１選抜馬,2000,ダ,左,良,晴,11,3,3,ガマン,牡,5,55.0,470,-4,町田直,水野貴,,6,2:13.6,42.7,1-1-2-3,2,470,-4
2022/02/23,浦和,10,富士山の日特別Ｂ３Ｃ１選抜馬,2000,ダ,左,良,晴,11,7,9,ファウスト,牡,8,57.0,496,3,今野忠,柘榴浩,,7,2:13.7,40.1,11-11-10-10,8,496,3
2022/02/23,浦和,10,富士山の日特別Ｂ３Ｃ１選抜馬,2000,ダ,左,良,晴,11,4,4,テリオスヒメ,牝,5,55.0,467,3,吉留孝,冨田敏,,8,2:14.1,41.8,7-7-8-8,9,467,3
2022/02/23,浦和,10,富士山の日特別Ｂ３Ｃ１選抜馬,2000,ダ,左,良,晴,11,6,6,キャプチュード,牡,7,57.0,503,1,藤江渉,鹿沼和,,9,2:14.2,41.8,10-8-9-7,7,503,1
2022/02/23,浦和,10,富士山の日特別Ｂ３Ｃ１選抜馬,2000,ダ,左,良,晴,11,8,10,ツーエムアリエス,牡,7,57.0,503,0,笹川翼,繁田健,,10,2:16.1,44.6,4-4-5-9,6,503,0
2022/02/23,浦和,10,富士山の日特別Ｂ３Ｃ１選抜馬,2000,ダ,左,良,晴,11,8,11,チートコード,牡,5,55.0,526,-2,見越彬,内野健,,11,2:17.1,44.1,8-10-11-11,11,526,-2
2022/02/23,浦和,11,ユングフラウ賞３歳牝馬オープン,1400,ダ,左,良,晴,12,5,5,スティールルージュ,牝,3,55.0,474,2,張田昂,張田京,,1,1:28.8,39.2,3-4-3-2,6,474,2
2022/02/23,浦和,11,ユングフラウ賞３歳牝馬オープン,1400,ダ,左,良,晴,12,5,6,ジョーストーリー,牝,3,55.0,462,-5,本橋孝,小久智,,2,1:29.1,39.7,1-1-1-1,3,462,-5
2022/02/23,浦和,11,ユングフラウ賞３歳牝馬オープン,1400,ダ,左,良,晴,12,6,7,エミーブレイズ,牝,3,54.0,419,-4,本田重,高月賢,,2,1:29.1,38.2,10-8-9-7,2,419,-4
2022/02/23,浦和,11,ユングフラウ賞３歳牝馬オープン,1400,ダ,左,良,晴,12,2,2,ピンクプラム,牝,3,55.0,433,-1,西啓太,渋谷博,,4,1:29.7,39.6,5-5-6-6,12,433,-1
2022/02/23,浦和,11,ユングフラウ賞３歳牝馬オープン,1400,ダ,左,良,晴,12,1,1,プラチナプライド,牝,3,55.0,461,-8,森泰斗,佐藤太,,5,1:29.8,40.1,4-3-4-3,4,461,-8
2022/02/23,浦和,11,ユングフラウ賞３歳牝馬オープン,1400,ダ,左,良,晴,12,8,12,ロマンスロード,牝,3,55.0,482,-1,和田譲,的場直,,6,1:30.0,40.6,2-2-2-4,5,482,-1
2022/02/23,浦和,11,ユングフラウ賞３歳牝馬オープン,1400,ダ,左,良,晴,12,8,11,プラチナライン,牝,3,54.0,472,-7,町田直,加藤誠,,7,1:30.1,38.4,9-11-10-8,10,472,-7
2022/02/23,浦和,11,ユングフラウ賞３歳牝馬オープン,1400,ダ,左,良,晴,12,4,4,ハッピースパイラル,牝,3,54.0,473,4,御神訓,藤田輝,,8,1:30.1,40.0,7-6-5-5,8,473,4
2022/02/23,浦和,11,ユングフラウ賞３歳牝馬オープン,1400,ダ,左,良,晴,12,6,8,グラーツィア,牝,3,55.0,439,6,笹川翼,米谷康,,9,1:30.3,39.8,6-7-7-10,7,439,6
2022/02/23,浦和,11,ユングフラウ賞３歳牝馬オープン,1400,ダ,左,良,晴,12,7,9,アスミ,牝,3,54.0,475,6,山崎誠,高月賢,,10,1:30.8,39.4,8-9-11-11,9,475,6
2022/02/23,浦和,11,ユングフラウ賞３歳牝馬オープン,1400,ダ,左,良,晴,12,7,10,ヒストリックノヴァ,牝,3,55.0,489,2,矢野貴,渡邉和,,11,1:31.3,40.5,12-10-8-9,1,489,2
2022/02/23,浦和,11,ユングフラウ賞３歳牝馬オープン,1400,ダ,左,良,晴,12,3,3,ローズティアラ,牝,3,54.0,499,-7,安藤洋,佐野謙,,12,1:37.8,43.9,11-12-12-12,11,499,-7
2022/02/23,浦和,12,アルプス特別Ｂ１Ｂ２一,1500,ダ,左,良,晴,12,1,1,スターライトブルー,牡,8,57.0,506,-3,森泰斗,村上頼,,1,1:35.0,38.9,1-1-1-1,3,506,-3
2022/02/23,浦和,12,アルプス特別Ｂ１Ｂ２一,1500,ダ,左,良,晴,12,4,4,デイジーカーニバル,牡,7,57.0,502,-1,笹川翼,繁田健,,2,1:35.9,39.6,2-2-2-2,5,502,-1
2022/02/23,浦和,12,アルプス特別Ｂ１Ｂ２一,1500,ダ,左,良,晴,12,3,3,オーケストラ,セ,0,57.0,496,-3,張田昂,佐藤太,,3,1:36.2,38.3,7-7-8-4,7,496,-3
2022/02/23,浦和,12,アルプス特別Ｂ１Ｂ２一,1500,ダ,左,良,晴,12,6,8,パーソナルマキ,牡,9,57.0,513,2,吉留孝,平山真,,4,1:36.5,38.2,11-10-10-7,9,513,2
2022/02/23,浦和,12,アルプス特別Ｂ１Ｂ２一,1500,ダ,左,良,晴,12,8,11,トーセンマルコ,牡,4,57.0,474,4,橋本直,小久智,,5,1:36.6,39.5,4-4-3-5,4,474,4
2022/02/23,浦和,12,アルプス特別Ｂ１Ｂ２一,1500,ダ,左,良,晴,12,2,2,サクセッサー,牡,6,55.0,521,26,小杉亮,矢野義,,6,1:36.6,39.2,5-5-5-3,6,521,26
2022/02/23,浦和,12,アルプス特別Ｂ１Ｂ２一,1500,ダ,左,良,晴,12,5,6,クロスフーガ,牝,5,55.0,484,7,本橋孝,小久智,,7,1:36.8,37.7,12-12-11-9,2,484,7
2022/02/23,浦和,12,アルプス特別Ｂ１Ｂ２一,1500,ダ,左,良,晴,12,7,10,グッドラックサマー,牡,8,57.0,554,-6,福原杏,川島豊,,8,1:37.2,39.7,8-8-6-8,8,554,-6
2022/02/23,浦和,12,アルプス特別Ｂ１Ｂ２一,1500,ダ,左,良,晴,12,7,9,ブレークオンスルー,牡,8,57.0,528,3,國分祐,冨田敏,,9,1:37.5,40.4,3-3-4-6,12,528,3
2022/02/23,浦和,12,アルプス特別Ｂ１Ｂ２一,1500,ダ,左,良,晴,12,8,12,ショコラティエール,牝,5,55.0,488,3,本田重,荒山勝,,10,1:37.6,40.2,6-6-7-10,1,488,3
2022/02/23,浦和,12,アルプス特別Ｂ１Ｂ２一,1500,ダ,左,良,晴,12,6,7,トーセンダーウィン,牡,4,54.0,480,0,篠谷葵,工藤伸,,11,1:38.5,40.8,9-9-9-11,10,480,0
2022/02/23,浦和,12,アルプス特別Ｂ１Ｂ２一,1500,ダ,左,良,晴,12,5,5,コアコンピタンス,セ,0,55.0,512,-8,矢野貴,坂本昇,,12,1:38.9,39.8,10-11-12-12,11,512,-8
2022/02/24,浦和,1,浦和８００ラウンド３歳選抜馬,800,ダ,左,良,晴,12,7,9,ニッショウアッキー,牝,3,54.0,432,-5,矢野貴,酒井一,,1,0:48.8,36.0,1-1,1,432,-5
2022/02/24,浦和,1,浦和８００ラウンド３歳選抜馬,800,ダ,左,良,晴,12,7,10,ユウユウピクニック,牝,3,54.0,416,1,吉留孝,横山保,,2,0:49.4,36.3,3-3,7,416,1
2022/02/24,浦和,1,浦和８００ラウンド３歳選抜馬,800,ダ,左,良,晴,12,6,7,ガンコチャン,牝,3,51.0,492,-6,菅原涼,長谷忍,,3,0:49.5,36.4,4-4,5,492,-6
2022/02/24,浦和,1,浦和８００ラウンド３歳選抜馬,800,ダ,左,良,晴,12,8,11,ドラゴンズアイ,牝,3,54.0,461,9,加藤和,野口孝,,4,0:49.8,36.9,2-2,2,461,9
2022/02/24,浦和,1,浦和８００ラウンド３歳選抜馬,800,ダ,左,良,晴,12,5,6,バトルホッパー,牡,3,56.0,477,2,高橋哲,横山保,,5,0:50.0,36.3,6-5,3,477,2
2022/02/24,浦和,1,浦和８００ラウンド３歳選抜馬,800,ダ,左,良,晴,12,1,1,カシノリカバリー,牝,3,54.0,470,2,和田譲,野口寛,,6,0:50.8,36.9,8-8,8,470,2
2022/02/24,浦和,1,浦和８００ラウンド３歳選抜馬,800,ダ,左,良,晴,12,2,2,ターミロンサール,牝,3,54.0,470,5,福原杏,小林真,,7,0:50.8,36.9,7-6,9,470,5
2022/02/24,浦和,1,浦和８００ラウンド３歳選抜馬,800,ダ,左,良,晴,12,6,8,セピアムーン,牝,3,53.0,415,2,七夕裕,箕輪武,,8,0:50.9,37.4,5-7,11,415,2
2022/02/24,浦和,1,浦和８００ラウンド３歳選抜馬,800,ダ,左,良,晴,12,4,4,シャノンファンキー,牝,3,54.0,401,3,町田直,野口孝,,9,0:50.9,36.6,10-11,6,401,3
2022/02/24,浦和,1,浦和８００ラウンド３歳選抜馬,800,ダ,左,良,晴,12,5,5,ラウンドライデン,牝,3,54.0,466,5,寺島憂,水野貴,,10,0:51.1,36.1,12-9,12,466,5
2022/02/24,浦和,1,浦和８００ラウンド３歳選抜馬,800,ダ,左,良,晴,12,3,3,ネーレウス,牡,3,56.0,470,2,酒井忍,酒井一,,11,0:51.4,36.9,9-10,4,470,2
2022/02/24,浦和,1,浦和８００ラウンド３歳選抜馬,800,ダ,左,良,晴,12,8,12,サマーデライト,牝,3,54.0,429,12,岡田大,牛房榮,,12,0:51.8,37.1,11-12,10,429,12
2022/02/24,浦和,2,３歳五,1400,ダ,左,良,晴,11,6,6,セシボン,牝,3,53.0,395,-1,古岡勇,工藤伸,,1,1:31.8,39.3,3-4-4-1,4,395,-1
2022/02/24,浦和,2,３歳五,1400,ダ,左,良,晴,11,7,9,アルラ,牡,3,56.0,526,1,内田利,箕輪武,,2,1:31.8,39.3,5-5-3-3,6,526,1
2022/02/24,浦和,2,３歳五,1400,ダ,左,良,晴,11,1,1,グラナダフレイバー,牝,3,54.0,501,5,町田直,繁田健,,3,1:33.3,41.1,4-3-2-2,2,501,5
2022/02/24,浦和,2,３歳五,1400,ダ,左,良,晴,11,3,3,アズールスフィア,牝,3,54.0,412,0,高橋哲,工藤伸,,4,1:33.7,40.7,6-6-6-5,3,412,0
2022/02/24,浦和,2,３歳五,1400,ダ,左,良,晴,11,7,8,カラーレスマージン,牡,3,56.0,471,6,酒井忍,宇野博,,5,1:33.9,40.6,8-8-8-6,7,471,6
2022/02/24,浦和,2,３歳五,1400,ダ,左,良,晴,11,8,10,グッドヘイロー,牝,3,54.0,489,4,保園翔,山越光,,6,1:34.4,41.2,10-10-7-7,8,489,4
2022/02/24,浦和,2,３歳五,1400,ダ,左,良,晴,11,5,5,ラフィット,牝,3,54.0,445,0,秋元耕,水野貴,,7,1:34.8,41.3,9-9-10-8,5,445,0
2022/02/24,浦和,2,３歳五,1400,ダ,左,良,晴,11,8,11,シェナハート,牝,3,54.0,429,3,國分祐,冨田敏,,8,1:34.8,40.5,11-11-11-10,11,429,3
2022/02/24,浦和,2,３歳五,1400,ダ,左,良,晴,11,4,4,ヒナマル,牝,3,51.0,419,-3,菅原涼,長谷忍,,9,1:35.7,42.5,7-7-9-9,10,419,-3
2022/02/24,浦和,2,３歳五,1400,ダ,左,良,晴,11,2,2,ファインファン,牝,3,54.0,439,0,笹川翼,小久智,,10,1:36.1,44.2,1-1-1-4,1,439,0
2022/02/24,浦和,2,３歳五,1400,ダ,左,良,晴,11,6,7,ミキノケショウバコ,牝,3,54.0,474,0,半澤慶,平山真,,11,1:38.4,46.4,2-2-5-11,9,474,0
2022/02/24,浦和,3,Ｃ３ ４歳ウ,1400,ダ,左,良,晴,11,8,11,デルマジザイ,牡,4,56.0,455,-8,藤江渉,工藤伸,,1,1:30.5,38.9,2-2-2-2,1,455,-8
2022/02/24,浦和,3,Ｃ３ ４歳ウ,1400,ダ,左,良,晴,11,7,9,トラハト,牝,4,54.0,502,3,酒井忍,海馬司,,2,1:31.5,39.9,1-1-1-1,4,502,3
2022/02/24,浦和,3,Ｃ３ ４歳ウ,1400,ダ,左,良,晴,11,5,5,トーセンイザベル,牝,4,54.0,429,3,保園翔,海馬司,,3,1:32.4,40.4,4-3-3-3,2,429,3
2022/02/24,浦和,3,Ｃ３ ４歳ウ,1400,ダ,左,良,晴,11,4,4,ピノティートン,牡,4,56.0,465,4,見越彬,野口孝,,4,1:32.6,40.6,3-4-4-4,9,465,4
2022/02/24,浦和,3,Ｃ３ ４歳ウ,1400,ダ,左,良,晴,11,6,7,ボンバーガール,牝,4,53.0,510,4,七夕裕,山越光,,5,1:33.0,40.4,10-10-6-5,6,510,4
2022/02/24,浦和,3,Ｃ３ ４歳ウ,1400,ダ,左,良,晴,11,1,1,ファーマスター,牝,4,54.0,437,4,福原杏,川村守,,6,1:33.2,40.5,8-9-9-8,3,437,4
2022/02/24,浦和,3,Ｃ３ ４歳ウ,1400,ダ,左,良,晴,11,2,2,ドラグ,牝,4,54.0,419,-10,吉留孝,牛房榮,,7,1:33.3,40.9,6-7-7-7,8,419,-10
2022/02/24,浦和,3,Ｃ３ ４歳ウ,1400,ダ,左,良,晴,11,6,6,キタマクフィー,牝,4,54.0,435,-9,寺島憂,鹿沼和,,8,1:33.4,41.1,5-5-5-6,7,435,-9
2022/02/24,浦和,3,Ｃ３ ４歳ウ,1400,ダ,左,良,晴,11,3,3,ウンジョウノメガミ,牝,4,54.0,459,14,橋本直,牛房榮,,9,1:33.8,41.2,9-8-10-9,5,459,14
2022/02/24,浦和,3,Ｃ３ ４歳ウ,1400,ダ,左,良,晴,11,8,10,ギンサー,牡,4,56.0,468,-6,秋元耕,小林真,,10,1:34.1,41.8,7-6-8-11,10,468,-6
2022/02/24,浦和,3,Ｃ３ ４歳ウ,1400,ダ,左,良,晴,11,7,8,アイノロマン,牝,4,54.0,480,-1,岡田大,岡田一,,11,1:34.2,41.1,11-11-11-10,11,480,-1
2022/02/24,浦和,4,Ｃ３二 三,1400,ダ,左,良,晴,12,8,11,エレガンスヘイロー,牝,7,54.0,479,0,和田譲,柘榴浩,,1,1:31.0,40.2,3-3-1-1,4,479,0
2022/02/24,浦和,4,Ｃ３二 三,1400,ダ,左,良,晴,12,6,7,ヒゲクレイジー,セ,0,56.0,469,6,高橋哲,酒井一,,2,1:31.5,40.4,4-4-5-2,5,469,6
2022/02/24,浦和,4,Ｃ３二 三,1400,ダ,左,良,晴,12,4,4,ザワールド,牝,7,54.0,474,1,岡村健,伊藤滋,,3,1:31.7,39.4,10-11-11-9,6,474,1
2022/02/24,浦和,4,Ｃ３二 三,1400,ダ,左,良,晴,12,5,5,リュウオウ,牡,6,56.0,480,3,石崎駿,宇野博,,4,1:31.8,40.5,7-7-6-4,1,480,3
2022/02/24,浦和,4,Ｃ３二 三,1400,ダ,左,良,晴,12,1,1,サフランフラワー,牝,5,54.0,432,3,森泰斗,平山真,,5,1:32.6,40.6,8-8-8-6,3,432,3
2022/02/24,浦和,4,Ｃ３二 三,1400,ダ,左,良,晴,12,7,9,ミライヘノサイン,牝,9,54.0,462,3,岡田大,冨田敏,,6,1:33.0,41.2,11-9-9-8,12,462,3
2022/02/24,浦和,4,Ｃ３二 三,1400,ダ,左,良,晴,12,2,2,ディアサンダー,牝,7,54.0,480,2,櫻井光,久保勇,,7,1:33.2,42.4,1-1-2-3,8,480,2
2022/02/24,浦和,4,Ｃ３二 三,1400,ダ,左,良,晴,12,3,3,ニードアフレンド,牝,8,54.0,462,4,加藤和,鈴木勝,,8,1:33.2,40.4,12-12-12-11,7,462,4
2022/02/24,浦和,4,Ｃ３二 三,1400,ダ,左,良,晴,12,6,8,マドモアゼルエリー,牝,5,54.0,447,-2,山中悠,渋谷博,,9,1:33.6,42.1,6-6-7-7,11,447,-2
2022/02/24,浦和,4,Ｃ３二 三,1400,ダ,左,良,晴,12,5,6,ジュントップゴール,牡,8,56.0,527,7,吉留孝,薮口一,,10,1:33.8,42.8,5-5-4-5,9,527,7
2022/02/24,浦和,4,Ｃ３二 三,1400,ダ,左,良,晴,12,8,12,ホワイトエース,牝,5,54.0,449,2,本田紀,河津裕,,11,1:34.0,41.9,9-10-10-12,10,449,2
2022/02/24,浦和,4,Ｃ３二 三,1400,ダ,左,良,晴,12,7,10,キョウエイミーレス,牡,6,52.0,516,3,神尾香,内野健,,12,1:34.6,43.8,2-2-3-10,2,516,3
2022/02/24,浦和,5,権田酒造　直実賞Ｃ３二 三,1400,ダ,左,良,晴,12,4,4,メイショウハヤナリ,牡,6,56.0,501,10,見越彬,藤原智,,1,1:31.6,40.7,2-2-2-1,6,501,10
2022/02/24,浦和,5,権田酒造　直実賞Ｃ３二 三,1400,ダ,左,良,晴,12,8,11,トミケンミステリオ,牡,6,56.0,478,-1,矢野貴,伊藤滋,,2,1:32.0,40.9,3-3-3-2,1,478,-1
2022/02/24,浦和,5,権田酒造　直実賞Ｃ３二 三,1400,ダ,左,良,晴,12,6,7,ヤマジュンヒバナ,牝,5,53.0,435,-1,七夕裕,宇野博,,3,1:32.0,40.6,4-4-4-4,10,435,-1
2022/02/24,浦和,5,権田酒造　直実賞Ｃ３二 三,1400,ダ,左,良,晴,12,8,12,フクノヴァランス,牡,7,56.0,471,1,加藤和,川島豊,,4,1:32.1,40.8,5-5-5-5,2,471,1
2022/02/24,浦和,5,権田酒造　直実賞Ｃ３二 三,1400,ダ,左,良,晴,12,7,10,ミッシーコルザ,牝,5,54.0,442,-3,田中涼,村田順,,5,1:32.1,41.2,1-1-1-3,7,442,-3
2022/02/24,浦和,5,権田酒造　直実賞Ｃ３二 三,1400,ダ,左,良,晴,12,6,8,ヤギリエピファクン,セ,0,56.0,478,-1,今野忠,張田京,,6,1:32.1,40.3,9-9-8-6,3,478,-1
2022/02/24,浦和,5,権田酒造　直実賞Ｃ３二 三,1400,ダ,左,良,晴,12,2,2,ロタツィオーネ,セ,0,56.0,471,1,吉留孝,野口孝,,7,1:32.5,40.9,7-6-7-7,4,471,1
2022/02/24,浦和,5,権田酒造　直実賞Ｃ３二 三,1400,ダ,左,良,晴,12,5,6,カガヴィクトリー,牡,5,56.0,529,3,寺島憂,酒井一,,8,1:32.5,40.7,12-12-9-9,8,529,3
2022/02/24,浦和,5,権田酒造　直実賞Ｃ３二 三,1400,ダ,左,良,晴,12,5,5,シエスタキー,牡,5,56.0,496,6,山中悠,川村守,,9,1:32.7,41.0,10-11-6-8,11,496,6
2022/02/24,浦和,5,権田酒造　直実賞Ｃ３二 三,1400,ダ,左,良,晴,12,3,3,ネオマティリアル,牡,5,56.0,472,3,秋元耕,小澤宏,,10,1:32.9,40.8,11-10-12-11,5,472,3
2022/02/24,浦和,5,権田酒造　直実賞Ｃ３二 三,1400,ダ,左,良,晴,12,1,1,ローズオブセイコー,牝,5,54.0,439,11,福原杏,柘榴浩,,11,1:33.3,41.5,8-8-10-10,9,439,11
2022/02/24,浦和,5,権田酒造　直実賞Ｃ３二 三,1400,ダ,左,良,晴,12,7,9,イズミシンホニー,牝,8,54.0,453,-1,國分祐,冨田敏,,12,1:33.6,41.8,6-7-11-12,12,453,-1
2022/02/24,浦和,6,若盛特別３歳一,1500,ダ,左,良,晴,9,1,1,レディオスター,牝,3,54.0,462,0,酒井忍,矢野義,,1,1:37.1,39.0,6-5-3-2,1,462,0
2022/02/24,浦和,6,若盛特別３歳一,1500,ダ,左,良,晴,9,7,7,グランツ,牝,3,54.0,490,-3,和田譲,小久智,,2,1:37.3,39.5,1-1-1-1,6,490,-3
2022/02/24,浦和,6,若盛特別３歳一,1500,ダ,左,良,晴,9,6,6,キックフリップ,牝,3,54.0,456,-4,吉留孝,野口孝,,3,1:37.9,39.2,8-8-5-4,5,456,-4
2022/02/24,浦和,6,若盛特別３歳一,1500,ダ,左,良,晴,9,8,8,マイジュネス,牡,3,56.0,453,4,川島正,山田信,,4,1:37.9,38.6,9-9-9-6,4,453,4
2022/02/24,浦和,6,若盛特別３歳一,1500,ダ,左,良,晴,9,5,5,モーニングスマイル,牡,3,56.0,447,7,秋元耕,箕輪武,,5,1:38.1,39.4,7-7-7-8,7,447,7
2022/02/24,浦和,6,若盛特別３歳一,1500,ダ,左,良,晴,9,2,2,オンラインボス,牡,3,57.0,483,1,矢野貴,薮口一,,6,1:38.2,40.0,4-3-4-5,3,483,1
2022/02/24,浦和,6,若盛特別３歳一,1500,ダ,左,良,晴,9,3,3,スカイハリケーン,牡,3,56.0,476,-2,森泰斗,米谷康,,7,1:38.3,40.4,2-2-2-3,2,476,-2
2022/02/24,浦和,6,若盛特別３歳一,1500,ダ,左,良,晴,9,4,4,ホワイトスズラン,牝,3,54.0,433,5,西啓太,山越光,,8,1:39.0,40.2,5-6-8-7,8,433,5
2022/02/24,浦和,6,若盛特別３歳一,1500,ダ,左,良,晴,9,8,9,アイフリート,牝,3,53.0,462,-5,七夕裕,岡田一,,9,1:40.4,42.2,3-4-6-9,9,462,-5
2022/02/24,浦和,7,特選Ｃ３一,1500,ダ,左,良,晴,9,3,3,フェイドハード,牡,5,56.0,512,3,加藤和,長谷忍,,1,1:37.7,39.7,4-5-3-3,1,512,3
2022/02/24,浦和,7,特選Ｃ３一,1500,ダ,左,良,晴,9,6,6,ツクバマリア,牝,5,54.0,472,6,福原杏,平山真,,2,1:38.1,40.4,5-4-2-1,2,472,6
2022/02/24,浦和,7,特選Ｃ３一,1500,ダ,左,良,晴,9,5,5,ラーズグリーズ,セ,0,55.0,458,-1,篠谷葵,工藤伸,,3,1:38.3,39.8,9-9-6-4,7,458,-1
2022/02/24,浦和,7,特選Ｃ３一,1500,ダ,左,良,晴,9,2,2,パルセイティング,牝,6,54.0,455,8,川島正,平山真,,4,1:38.4,40.7,2-2-1-2,9,455,8
2022/02/24,浦和,7,特選Ｃ３一,1500,ダ,左,良,晴,9,8,9,ジーアンドゴー,牡,8,56.0,460,-3,張田昂,張田京,,5,1:39.4,41.1,8-8-8-8,4,460,-3
2022/02/24,浦和,7,特選Ｃ３一,1500,ダ,左,良,晴,9,7,7,ワールドウィスラー,牡,5,56.0,463,5,高橋哲,牛房榮,,6,1:39.4,41.1,7-7-7-7,8,463,5
2022/02/24,浦和,7,特選Ｃ３一,1500,ダ,左,良,晴,9,1,1,エリートバイオ,牡,5,56.0,478,0,藤江渉,山崎尋,,7,1:39.5,41.8,1-1-4-5,6,478,0
2022/02/24,浦和,7,特選Ｃ３一,1500,ダ,左,良,晴,9,4,4,キイエクスプロード,牝,5,54.0,447,8,笹川翼,山越光,,8,1:39.6,41.1,6-6-9-6,5,447,8
2022/02/24,浦和,7,特選Ｃ３一,1500,ダ,左,良,晴,9,8,8,サムシングクール,牝,7,54.0,463,8,町田直,田邊陽,,9,1:47.3,49.5,3-3-5-9,3,463,8
2022/02/24,浦和,8,わくわくするまち　浦和賞Ｃ２九 十,1400,ダ,左,良,晴,12,8,11,トーアコハク,牝,5,53.0,463,-10,篠谷葵,齊藤敏,,1,1:30.8,39.1,2-2-1-1,4,463,-10
2022/02/24,浦和,8,わくわくするまち　浦和賞Ｃ２九 十,1400,ダ,左,良,晴,12,8,12,ウインカルナヴァル,牡,7,56.0,492,1,矢野貴,玉井昇,,2,1:30.8,39.1,3-3-2-2,1,492,1
2022/02/24,浦和,8,わくわくするまち　浦和賞Ｃ２九 十,1400,ダ,左,良,晴,12,5,5,ピオレドール,牡,7,56.0,479,-5,福原杏,横山保,,3,1:31.3,39.4,5-5-4-4,2,479,-5
2022/02/24,浦和,8,わくわくするまち　浦和賞Ｃ２九 十,1400,ダ,左,良,晴,12,6,7,ビレッジクライ,牝,6,54.0,465,-3,和田譲,新井清,,4,1:31.4,39.7,6-6-3-3,3,465,-3
2022/02/24,浦和,8,わくわくするまち　浦和賞Ｃ２九 十,1400,ダ,左,良,晴,12,6,8,プレミアムプリモ,牝,5,53.0,487,1,七夕裕,平山真,,5,1:31.6,39.2,8-8-8-6,5,487,1
2022/02/24,浦和,8,わくわくするまち　浦和賞Ｃ２九 十,1400,ダ,左,良,晴,12,7,10,バトルオサンナ,牝,8,54.0,444,4,秋元耕,柘榴浩,,6,1:32.0,40.0,10-11-6-5,10,444,4
2022/02/24,浦和,8,わくわくするまち　浦和賞Ｃ２九 十,1400,ダ,左,良,晴,12,4,4,モアイ,牡,7,56.0,486,1,町田直,長谷忍,,7,1:32.2,39.9,7-7-9-8,9,486,1
2022/02/24,浦和,8,わくわくするまち　浦和賞Ｃ２九 十,1400,ダ,左,良,晴,12,5,6,ティーパフォーマー,牝,9,54.0,442,-7,見越彬,川村守,,8,1:32.5,40.2,9-10-10-10,12,442,-7
2022/02/24,浦和,8,わくわくするまち　浦和賞Ｃ２九 十,1400,ダ,左,良,晴,12,2,2,エスケイダンサー,牝,4,54.0,446,0,酒井忍,薮口一,,9,1:32.6,40.0,11-9-11-11,11,446,0
2022/02/24,浦和,8,わくわくするまち　浦和賞Ｃ２九 十,1400,ダ,左,良,晴,12,3,3,ドゥラヴィータ,牝,4,54.0,475,3,西啓太,内田勝,,10,1:32.6,39.7,12-12-12-12,8,475,3
2022/02/24,浦和,8,わくわくするまち　浦和賞Ｃ２九 十,1400,ダ,左,良,晴,12,1,1,クリムゾンオーラ,牝,5,54.0,481,3,橋本直,牛房榮,,11,1:33.0,41.0,4-4-7-9,6,481,3
2022/02/24,浦和,8,わくわくするまち　浦和賞Ｃ２九 十,1400,ダ,左,良,晴,12,7,9,スターシード,牡,7,56.0,494,2,保園翔,酒井一,,12,1:33.3,41.6,1-1-5-7,7,494,2
2022/02/24,浦和,9,滝澤酒造　菊泉賞Ｃ２九 十,1500,ダ,左,良,晴,9,8,8,ホワイズホーキング,牡,5,56.0,517,-3,森泰斗,小澤宏,,1,1:37.3,38.7,2-2-1-1,1,517,-3
2022/02/24,浦和,9,滝澤酒造　菊泉賞Ｃ２九 十,1500,ダ,左,良,晴,9,4,4,ガイディングスター,セ,0,56.0,472,-4,今野忠,佐々清,,2,1:38.0,38.3,9-8-7-6,2,472,-4
2022/02/24,浦和,9,滝澤酒造　菊泉賞Ｃ２九 十,1500,ダ,左,良,晴,9,6,6,ブルベアライノ,牡,8,53.0,489,-8,木間龍,伊藤滋,,3,1:38.2,38.7,7-7-5-5,5,489,-8
2022/02/24,浦和,9,滝澤酒造　菊泉賞Ｃ２九 十,1500,ダ,左,良,晴,9,7,7,ウォータークレスト,牡,4,56.0,466,-5,山崎誠,山崎尋,,4,1:38.2,38.7,6-6-4-3,4,466,-5
2022/02/24,浦和,9,滝澤酒造　菊泉賞Ｃ２九 十,1500,ダ,左,良,晴,9,1,1,サンハンツビル,牝,6,54.0,464,-1,秋元耕,川村守,,5,1:38.2,39.6,1-1-2-2,3,464,-1
2022/02/24,浦和,9,滝澤酒造　菊泉賞Ｃ２九 十,1500,ダ,左,良,晴,9,2,2,メイショウイヤサカ,牝,6,54.0,441,4,見越彬,海馬司,,6,1:38.7,39.5,4-4-8-7,6,441,4
2022/02/24,浦和,9,滝澤酒造　菊泉賞Ｃ２九 十,1500,ダ,左,良,晴,9,3,3,アンタルクティクス,牡,5,56.0,489,-8,寺島憂,内野健,,7,1:39.1,40.2,5-5-3-4,7,489,-8
2022/02/24,浦和,9,滝澤酒造　菊泉賞Ｃ２九 十,1500,ダ,左,良,晴,9,5,5,アイマックス,牡,6,56.0,448,4,岡田大,岡田一,,8,1:39.9,39.6,8-9-9-9,8,448,4
2022/02/24,浦和,9,滝澤酒造　菊泉賞Ｃ２九 十,1500,ダ,左,良,晴,9,8,9,サマーローヤル,牝,4,54.0,391,-14,町田直,柘榴浩,,9,1:40.2,41.0,3-3-6-8,9,391,-14
2022/02/24,浦和,10,高麗川特別Ｃ１二,1500,ダ,左,良,晴,8,2,2,コウユーモテモテ,牝,5,54.0,516,24,町田直,宇野博,,1,1:35.8,38.6,1-1-1-1,1,516,24
2022/02/24,浦和,10,高麗川特別Ｃ１二,1500,ダ,左,良,晴,8,4,4,スパラキシス,牝,4,53.0,487,5,篠谷葵,林正人,,2,1:36.7,38.4,6-7-7-5,3,487,5
2022/02/24,浦和,10,高麗川特別Ｃ１二,1500,ダ,左,良,晴,8,8,8,ブリリアントリリー,牝,7,54.0,478,-2,和田譲,林　幻,,3,1:36.9,39.5,5-5-3-3,4,478,-2
2022/02/24,浦和,10,高麗川特別Ｃ１二,1500,ダ,左,良,晴,8,7,7,アカンタレ,牡,7,56.0,476,4,森泰斗,岡田一,,4,1:37.5,39.1,8-8-6-6,5,476,4
2022/02/24,浦和,10,高麗川特別Ｃ１二,1500,ダ,左,良,晴,8,5,5,ブルーオラーリオ,牡,8,56.0,477,0,笹川翼,新井清,,5,1:37.6,39.7,7-6-5-4,6,477,0
2022/02/24,浦和,10,高麗川特別Ｃ１二,1500,ダ,左,良,晴,8,3,3,ソニックムーヴ,牡,4,56.0,491,-20,張田昂,小久智,,6,1:37.8,40.6,2-2-2-2,2,491,-20
2022/02/24,浦和,10,高麗川特別Ｃ１二,1500,ダ,左,良,晴,8,6,6,スミトアンドチャー,牡,8,56.0,520,-1,保園翔,川島豊,,7,1:38.5,41.1,3-3-4-7,8,520,-1
2022/02/24,浦和,10,高麗川特別Ｃ１二,1500,ダ,左,良,晴,8,1,1,タマモアンドロメダ,牡,4,56.0,514,6,福原杏,水野貴,,8,1:40.1,42.0,4-4-8-8,7,514,6
2022/02/24,浦和,11,梅花賞４上オープン,1400,ダ,左,良,晴,9,4,4,アマネラクーン,牡,5,55.0,513,3,森泰斗,小久智,,1,1:27.3,37.4,2-3-3-3,1,513,3
2022/02/24,浦和,11,梅花賞４上オープン,1400,ダ,左,良,晴,9,1,1,リュウノシンゲン,牡,4,57.0,500,2,御神訓,池田孝,,2,1:27.5,37.8,4-2-2-1,3,500,2
2022/02/24,浦和,11,梅花賞４上オープン,1400,ダ,左,良,晴,9,3,3,プレシャスエース,牡,9,57.0,522,3,張田昂,小久智,,3,1:28.4,39.3,1-1-1-2,2,522,3
2022/02/24,浦和,11,梅花賞４上オープン,1400,ダ,左,良,晴,9,2,2,アドマイヤゴッド,牡,10,57.0,506,-4,笹川翼,川島一,,4,1:28.5,37.9,6-5-5-4,5,506,-4
2022/02/24,浦和,11,梅花賞４上オープン,1400,ダ,左,良,晴,9,6,6,レイナブローニュ,牝,6,53.0,488,4,藤田凌,澤佳宏,,5,1:28.5,37.7,7-7-6-5,4,488,4
2022/02/24,浦和,11,梅花賞４上オープン,1400,ダ,左,良,晴,9,8,8,ブラックバゴ,牡,10,57.0,539,-3,町田直,佐野謙,,6,1:28.8,37.8,8-8-7-6,8,539,-3
2022/02/24,浦和,11,梅花賞４上オープン,1400,ダ,左,良,晴,9,5,5,マイネルサーパス,牡,6,57.0,521,37,秋元耕,山越光,,7,1:30.6,39.6,5-6-8-7,6,521,37
2022/02/24,浦和,11,梅花賞４上オープン,1400,ダ,左,良,晴,9,8,9,グランドロワ,牡,8,57.0,508,4,和田譲,中道啓,,8,1:32.1,42.1,3-4-4-8,7,508,4
2022/02/24,浦和,11,梅花賞４上オープン,1400,ダ,左,良,晴,9,7,7,サヴィ,牡,8,57.0,475,-3,安藤洋,藤田輝,,,,,,,475,-3
2022/02/24,浦和,12,麗月特別Ｂ３三Ｃ１一,1400,ダ,左,良,晴,12,7,9,カミノアカネ,牝,5,55.0,468,-3,岡田大,岡田一,,1,1:29.0,39.1,1-1-1-1,11,468,-3
2022/02/24,浦和,12,麗月特別Ｂ３三Ｃ１一,1400,ダ,左,良,晴,12,5,5,ジュネス,牝,5,53.0,494,-8,西啓太,小久智,,2,1:29.4,39.1,3-3-4-2,4,494,-8
2022/02/24,浦和,12,麗月特別Ｂ３三Ｃ１一,1400,ダ,左,良,晴,12,4,4,アンタンスルフレ,セ,0,57.0,449,-5,笹川翼,小澤宏,,3,1:29.4,39.1,4-4-3-3,1,449,-5
2022/02/24,浦和,12,麗月特別Ｂ３三Ｃ１一,1400,ダ,左,良,晴,12,5,6,クラバルバトス,牝,4,53.0,486,0,酒井忍,矢野義,,4,1:29.5,37.6,9-10-10-9,7,486,0
2022/02/24,浦和,12,麗月特別Ｂ３三Ｃ１一,1400,ダ,左,良,晴,12,8,12,ソフィアバローズ,牝,5,55.0,443,9,加藤和,川島豊,,5,1:29.6,38.7,7-7-7-4,9,443,9
2022/02/24,浦和,12,麗月特別Ｂ３三Ｃ１一,1400,ダ,左,良,晴,12,2,2,ツエンダー,牡,4,57.0,469,1,山崎誠,山崎尋,,6,1:30.2,38.7,8-8-9-8,8,469,1
2022/02/24,浦和,12,麗月特別Ｂ３三Ｃ１一,1400,ダ,左,良,晴,12,6,7,レオワントップ,牡,4,57.0,471,2,岡村健,岡林光,,7,1:30.7,40.0,6-6-6-7,6,471,2
2022/02/24,浦和,12,麗月特別Ｂ３三Ｃ１一,1400,ダ,左,良,晴,12,7,10,アイエンジェル,牝,5,53.0,492,5,秋元耕,岡田一,,8,1:30.7,38.6,10-11-11-11,10,492,5
2022/02/24,浦和,12,麗月特別Ｂ３三Ｃ１一,1400,ダ,左,良,晴,12,6,8,ペルフェッタ,牝,5,55.0,493,-1,本橋孝,野口孝,,9,1:31.1,40.4,5-5-5-6,5,493,-1
2022/02/24,浦和,12,麗月特別Ｂ３三Ｃ１一,1400,ダ,左,良,晴,12,8,11,キラキラオーラ,牝,7,53.0,455,1,高橋哲,牛房榮,,10,1:31.2,41.1,2-2-2-5,2,455,1
2022/02/24,浦和,12,麗月特別Ｂ３三Ｃ１一,1400,ダ,左,良,晴,12,1,1,ジョーミニスター,牝,4,53.0,410,2,藤本現,小久智,,11,1:31.7,40.5,11-9-8-10,3,410,2
2022/02/24,浦和,12,麗月特別Ｂ３三Ｃ１一,1400,ダ,左,良,晴,12,3,3,モズハッピーロード,牡,4,55.0,509,2,張田昂,平山真,,,,,,,509,2
2022/02/25,浦和,1,Ｃ３ ４歳エ,1300,ダ,左,良,晴,10,8,10,ゴールドアクセル,牡,4,56.0,516,-8,高橋哲,鹿沼和,,1,1:25.4,40.8,5-4-2-1,6,516,-8
2022/02/25,浦和,1,Ｃ３ ４歳エ,1300,ダ,左,良,晴,10,7,8,ピクシーズパラソル,牝,4,54.0,469,1,見越彬,海馬司,,2,1:25.4,40.1,6-7-5-4,1,469,1
2022/02/25,浦和,1,Ｃ３ ４歳エ,1300,ダ,左,良,晴,10,8,9,リアンデュソン,牡,4,56.0,561,-8,川島正,川村守,,3,1:26.2,41.6,3-3-3-2,2,561,-8
2022/02/25,浦和,1,Ｃ３ ４歳エ,1300,ダ,左,良,晴,10,1,1,ボルドーアラン,牡,4,56.0,505,3,秋元耕,柘榴浩,,4,1:26.4,42.1,1-1-1-3,4,505,3
2022/02/25,浦和,1,Ｃ３ ４歳エ,1300,ダ,左,良,晴,10,4,4,アベノカイシンゲキ,牡,4,56.0,472,4,寺島憂,小林真,,5,1:26.6,41.4,7-5-6-5,7,472,4
2022/02/25,浦和,1,Ｃ３ ４歳エ,1300,ダ,左,良,晴,10,5,5,ローズカルテット,牝,4,54.0,427,-8,濱田達,平山真,,6,1:27.0,41.4,4-6-7-6,5,427,-8
2022/02/25,浦和,1,Ｃ３ ４歳エ,1300,ダ,左,良,晴,10,3,3,リアルドリーム,牝,4,54.0,438,5,加藤和,川島豊,,7,1:27.0,41.0,9-8-8-8,3,438,5
2022/02/25,浦和,1,Ｃ３ ４歳エ,1300,ダ,左,良,晴,10,6,6,サファイアライト,牝,4,54.0,440,3,橋本直,平山真,,8,1:28.0,43.3,2-2-4-7,8,440,3
2022/02/25,浦和,1,Ｃ３ ４歳エ,1300,ダ,左,良,晴,10,2,2,シェナザール,牝,4,54.0,463,2,岡田大,吉田正,,9,1:28.4,41.9,8-9-9-9,9,463,2
2022/02/25,浦和,1,Ｃ３ ４歳エ,1300,ダ,左,良,晴,10,7,7,ミリオンフジコ,牝,4,53.0,0,0,七夕裕,柘榴浩,,,,,,,0,0
2022/02/25,浦和,2,３歳八,1400,ダ,左,良,晴,9,8,9,アイカーニバル,牝,3,54.0,0,0,吉留孝,岡田一,,1,1:33.1,40.2,1-1-1-1,1,0,0
2022/02/25,浦和,2,３歳八,1400,ダ,左,良,晴,9,4,4,フィラーズ,牡,3,56.0,456,-4,西啓太,小久智,,2,1:33.8,40.7,2-2-2-2,3,456,-4
2022/02/25,浦和,2,３歳八,1400,ダ,左,良,晴,9,6,6,シェナノララ,牝,3,54.0,420,-4,國分祐,冨田敏,,3,1:33.9,40.3,5-5-3-3,7,420,-4
2022/02/25,浦和,2,３歳八,1400,ダ,左,良,晴,9,7,7,デュークキング,牡,3,56.0,442,4,岡田大,水野貴,,4,1:35.0,41.1,8-8-7-5,5,442,4
2022/02/25,浦和,2,３歳八,1400,ダ,左,良,晴,9,5,5,ウノピュウウノ,牝,3,54.0,445,7,半澤慶,宇野博,,5,1:35.4,41.8,4-3-5-4,4,445,7
2022/02/25,浦和,2,３歳八,1400,ダ,左,良,晴,9,1,1,マリンペガサス,牡,3,55.0,452,7,七夕裕,小林真,,6,1:35.9,41.0,9-9-9-7,9,452,7
2022/02/25,浦和,2,３歳八,1400,ダ,左,良,晴,9,8,8,ティーズヴィクター,牡,3,56.0,473,-6,福原杏,水野貴,,7,1:37.3,43.4,6-6-8-8,6,473,-6
2022/02/25,浦和,2,３歳八,1400,ダ,左,良,晴,9,3,3,マルノコウキ,牡,3,56.0,532,16,見越彬,川村守,,8,1:37.3,43.7,3-4-4-6,2,532,16
2022/02/25,浦和,2,３歳八,1400,ダ,左,良,晴,9,2,2,ツクバビリーヴ,牝,3,54.0,446,9,高橋哲,山越光,,9,1:38.9,45.3,7-7-6-9,8,446,9
2022/02/25,浦和,3,３歳七,1400,ダ,左,良,晴,10,7,7,シェナコブシ,牡,3,56.0,477,3,秋元耕,吉田正,,1,1:34.2,40.4,1-1-1-1,1,477,3
2022/02/25,浦和,3,３歳七,1400,ダ,左,良,晴,10,8,9,アカサカショコラ,牝,3,54.0,481,5,橋本直,酒井一,,2,1:34.3,40.4,2-2-2-2,3,481,5
2022/02/25,浦和,3,３歳七,1400,ダ,左,良,晴,10,7,8,アタル,牡,3,56.0,441,-2,半澤慶,工藤伸,,3,1:35.1,40.7,6-6-3-3,6,441,-2
2022/02/25,浦和,3,３歳七,1400,ダ,左,良,晴,10,1,1,カニグー,牡,3,55.0,423,5,七夕裕,長谷忍,,4,1:35.1,39.9,8-9-8-4,2,423,5
2022/02/25,浦和,3,３歳七,1400,ダ,左,良,晴,10,3,3,アクアエナジー,牝,3,54.0,426,-2,寺島憂,小澤宏,,5,1:35.4,40.7,5-5-6-7,5,426,-2
2022/02/25,浦和,3,３歳七,1400,ダ,左,良,晴,10,6,6,セイエイセンヌ,牝,3,54.0,468,12,國分祐,箕輪武,,6,1:35.8,41.3,3-4-5-6,10,468,12
2022/02/25,浦和,3,３歳七,1400,ダ,左,良,晴,10,5,5,ダンストンガディス,牝,3,54.0,468,20,内田利,野口孝,,7,1:35.8,41.4,4-3-4-5,4,468,20
2022/02/25,浦和,3,３歳七,1400,ダ,左,良,晴,10,8,10,マリンニャン,牝,3,54.0,452,11,岡田大,小林真,,8,1:37.3,41.6,10-10-10-10,7,452,11
2022/02/25,浦和,3,３歳七,1400,ダ,左,良,晴,10,4,4,サウンドウェリナ,牝,3,54.0,435,-4,見越彬,柘榴浩,,9,1:37.4,42.2,7-8-9-9,8,435,-4
2022/02/25,浦和,3,３歳七,1400,ダ,左,良,晴,10,2,2,アヴェルスゴールド,牝,3,54.0,470,6,吉留孝,薮口一,,10,1:37.5,42.6,9-7-7-8,9,470,6
2022/02/25,浦和,4,３歳六,1400,ダ,左,良,晴,10,8,9,ユウユウパレス,牝,3,54.0,396,0,吉留孝,横山保,,1,1:33.7,41.0,8-8-7-8,10,396,0
2022/02/25,浦和,4,３歳六,1400,ダ,左,良,晴,10,1,1,スイフトマリー,牝,3,54.0,382,-2,岡村健,酒井一,,2,1:33.8,41.1,3-5-6-2,4,382,-2
2022/02/25,浦和,4,３歳六,1400,ダ,左,良,晴,10,3,3,ボンバーキャット,牡,3,56.0,467,-8,見越彬,長谷忍,,3,1:34.0,41.7,1-1-1-1,3,467,-8
2022/02/25,浦和,4,３歳六,1400,ダ,左,良,晴,10,5,5,ロンドンボーイ,牡,3,56.0,440,0,和田譲,小久智,,4,1:34.3,41.9,7-4-4-6,1,440,0
2022/02/25,浦和,4,３歳六,1400,ダ,左,良,晴,10,4,4,エスポワールフレア,牝,3,53.0,445,-4,篠谷葵,野口寛,,5,1:34.4,40.8,6-10-9-9,6,445,-4
2022/02/25,浦和,4,３歳六,1400,ダ,左,良,晴,10,2,2,ルミマルヤ,牝,3,54.0,444,-6,福原杏,柘榴浩,,6,1:34.5,41.8,10-9-5-5,9,444,-6
2022/02/25,浦和,4,３歳六,1400,ダ,左,良,晴,10,7,7,スーベニア,牝,3,54.0,474,-2,橋本直,内野健,,7,1:34.6,42.3,2-2-2-3,2,474,-2
2022/02/25,浦和,4,３歳六,1400,ダ,左,良,晴,10,8,10,モリデンベル,牝,3,54.0,468,0,保園翔,山越光,,8,1:34.6,42.3,5-3-3-4,8,468,0
2022/02/25,浦和,4,３歳六,1400,ダ,左,良,晴,10,7,8,モエヨグラン,牡,3,56.0,504,2,加藤和,箕輪武,,9,1:35.3,42.3,9-7-8-7,5,504,2
2022/02/25,浦和,4,３歳六,1400,ダ,左,良,晴,10,6,6,ステファニー,牝,3,54.0,432,3,今野忠,川村守,,10,1:38.9,45.2,4-6-10-10,7,432,3
2022/02/25,浦和,5,釜屋　力士賞Ｃ２十一 十二,1400,ダ,左,良,晴,12,5,5,レインボーアメリ,牝,8,54.0,478,0,岡村裕,石井勝,,1,1:31.3,40.2,5-3-3-1,5,478,0
2022/02/25,浦和,5,釜屋　力士賞Ｃ２十一 十二,1400,ダ,左,良,晴,12,8,11,ニシノキスミー,牝,8,54.0,476,-2,張田昂,小澤宏,,2,1:31.7,39.7,9-9-10-8,3,476,-2
2022/02/25,浦和,5,釜屋　力士賞Ｃ２十一 十二,1400,ダ,左,良,晴,12,7,10,ジョリルミエール,牝,7,50.0,437,-8,神尾香,宮下靖,,3,1:31.7,39.8,12-11-6-9,6,437,-8
2022/02/25,浦和,5,釜屋　力士賞Ｃ２十一 十二,1400,ダ,左,良,晴,12,4,4,リュウノロー,牡,5,56.0,502,2,和田譲,齊藤敏,,4,1:32.0,40.3,8-8-7-5,2,502,2
2022/02/25,浦和,5,釜屋　力士賞Ｃ２十一 十二,1400,ダ,左,良,晴,12,2,2,アザミ,牝,8,54.0,453,3,内田利,内野健,,5,1:32.2,40.7,4-5-5-3,7,453,3
2022/02/25,浦和,5,釜屋　力士賞Ｃ２十一 十二,1400,ダ,左,良,晴,12,6,7,トモノクリスタル,牝,5,54.0,438,-3,藤本現,小久智,,6,1:32.4,41.6,1-1-1-2,1,438,-3
2022/02/25,浦和,5,釜屋　力士賞Ｃ２十一 十二,1400,ダ,左,良,晴,12,6,8,マスオ,牡,9,56.0,439,3,寺島憂,野口孝,,7,1:32.5,40.6,7-7-9-7,11,439,3
2022/02/25,浦和,5,釜屋　力士賞Ｃ２十一 十二,1400,ダ,左,良,晴,12,7,9,セラフィム,牝,9,54.0,452,-1,橋本直,海馬司,,8,1:32.6,40.2,11-12-11-10,8,452,-1
2022/02/25,浦和,5,釜屋　力士賞Ｃ２十一 十二,1400,ダ,左,良,晴,12,3,3,ブルベアマイル,牡,5,56.0,447,-10,秋元耕,岡田一,,9,1:32.8,41.3,6-6-4-6,8,447,-10
2022/02/25,浦和,5,釜屋　力士賞Ｃ２十一 十二,1400,ダ,左,良,晴,12,1,1,アレグレユミティー,牝,6,54.0,478,9,保園翔,海馬司,,10,1:33.7,41.0,10-10-12-12,12,478,9
2022/02/25,浦和,5,釜屋　力士賞Ｃ２十一 十二,1400,ダ,左,良,晴,12,8,12,ジェームス,牡,8,57.0,508,2,半澤慶,川島豊,,11,1:33.9,43.1,2-2-2-4,4,508,2
2022/02/25,浦和,5,釜屋　力士賞Ｃ２十一 十二,1400,ダ,左,良,晴,12,5,6,メイショウタオ,牡,5,55.0,459,5,七夕裕,小林真,,12,1:34.1,42.6,3-4-8-11,10,459,5
2022/02/25,浦和,6,Ｃ２十一 十二,1500,ダ,左,良,晴,12,6,7,チェルヴィーノ,牝,5,54.0,515,-12,増田充,山崎裕,,1,1:38.6,39.5,1-1-1-1,4,515,-12
2022/02/25,浦和,6,Ｃ２十一 十二,1500,ダ,左,良,晴,12,8,11,ブルラッシュ,牡,5,56.0,514,9,高橋哲,酒井一,,2,1:39.6,40.3,3-3-2-2,5,514,9
2022/02/25,浦和,6,Ｃ２十一 十二,1500,ダ,左,良,晴,12,8,12,ゴールドバード,牡,8,56.0,490,-2,藤江渉,野口孝,,3,1:39.7,38.8,8-11-10-8,8,490,-2
2022/02/25,浦和,6,Ｃ２十一 十二,1500,ダ,左,良,晴,12,4,4,ヴァリオブキングズ,牡,6,56.0,472,2,福原杏,齊藤敏,,4,1:39.8,40.0,7-7-4-3,6,472,2
2022/02/25,浦和,6,Ｃ２十一 十二,1500,ダ,左,良,晴,12,2,2,エールプレジール,セ,0,56.0,483,-1,山崎誠,渋谷博,,5,1:40.4,40.0,10-8-8-9,1,483,-1
2022/02/25,浦和,6,Ｃ２十一 十二,1500,ダ,左,良,晴,12,6,8,ユウユウグリュック,牝,5,54.0,423,4,秋元耕,横山保,,6,1:40.5,40.4,5-6-7-6,11,423,4
2022/02/25,浦和,6,Ｃ２十一 十二,1500,ダ,左,良,晴,12,5,6,スノートレイン,牡,5,55.0,442,6,古岡勇,小澤宏,,7,1:40.7,40.3,9-9-9-10,7,442,6
2022/02/25,浦和,6,Ｃ２十一 十二,1500,ダ,左,良,晴,12,5,5,ナヴラトリ,牝,9,54.0,477,-2,半澤慶,川村守,,8,1:40.7,40.9,6-4-5-4,12,477,-2
2022/02/25,浦和,6,Ｃ２十一 十二,1500,ダ,左,良,晴,12,1,1,センターロード,牝,5,54.0,444,1,和田譲,伊藤滋,,9,1:40.7,40.9,4-5-6-5,2,444,1
2022/02/25,浦和,6,Ｃ２十一 十二,1500,ダ,左,良,晴,12,3,3,ナンヨーショウエイ,牝,5,54.0,434,12,岡村健,平山真,,10,1:41.4,40.5,11-10-12-12,9,434,12
2022/02/25,浦和,6,Ｃ２十一 十二,1500,ダ,左,良,晴,12,7,9,クラファイン,牝,5,53.0,451,3,篠谷葵,玉井勝,,11,1:41.4,40.5,12-12-11-11,10,451,3
2022/02/25,浦和,6,Ｃ２十一 十二,1500,ダ,左,良,晴,12,7,10,ルピナスガーデン,牝,5,54.0,484,-3,岡田大,薮口一,,12,1:42.6,43.3,2-2-3-7,3,484,-3
2022/02/25,浦和,7,浦和ジョッキーズラウンドＣ３選抜馬,1400,ダ,左,良,晴,12,8,12,ブルーティアーズ,牝,5,54.5,499,-2,福原杏,山越光,,1,1:31.3,40.4,2-2-2-2,2,499,-2
2022/02/25,浦和,7,浦和ジョッキーズラウンドＣ３選抜馬,1400,ダ,左,良,晴,12,7,9,ベニノエンゼル,牝,5,54.5,440,0,見越彬,山越光,,2,1:31.7,40.2,3-3-3-3,5,440,0
2022/02/25,浦和,7,浦和ジョッキーズラウンドＣ３選抜馬,1400,ダ,左,良,晴,12,6,7,ルア,牝,8,54.5,475,-5,高橋哲,内野健,,3,1:31.8,40.9,1-1-1-1,3,475,-5
2022/02/25,浦和,7,浦和ジョッキーズラウンドＣ３選抜馬,1400,ダ,左,良,晴,12,2,2,ホワイトブレス,牝,5,54.0,464,-1,國分祐,佐々功,,4,1:32.2,40.2,5-4-5-5,6,464,-1
2022/02/25,浦和,7,浦和ジョッキーズラウンドＣ３選抜馬,1400,ダ,左,良,晴,12,3,3,キモンズラブ,牝,8,54.0,452,-10,保園翔,冨田敏,,5,1:32.4,40.7,6-5-4-4,1,452,-10
2022/02/25,浦和,7,浦和ジョッキーズラウンドＣ３選抜馬,1400,ダ,左,良,晴,12,1,1,シンライトミー,牡,5,55.0,449,-2,七夕裕,柘榴浩,,6,1:32.7,40.3,8-8-6-6,10,449,-2
2022/02/25,浦和,7,浦和ジョッキーズラウンドＣ３選抜馬,1400,ダ,左,良,晴,12,5,6,シンジュクマスク,牝,5,54.0,443,0,加藤和,宮下靖,,7,1:32.7,39.6,9-9-9-7,11,443,0
2022/02/25,浦和,7,浦和ジョッキーズラウンドＣ３選抜馬,1400,ダ,左,良,晴,12,7,10,リカバリーショット,牡,4,56.0,509,8,秋元耕,薮口一,,8,1:32.9,39.7,10-10-11-12,4,509,8
2022/02/25,浦和,7,浦和ジョッキーズラウンドＣ３選抜馬,1400,ダ,左,良,晴,12,8,11,ネオエンジェル,牝,6,54.0,435,-7,寺島憂,冨田敏,,9,1:33.3,40.1,12-12-10-9,8,435,-7
2022/02/25,浦和,7,浦和ジョッキーズラウンドＣ３選抜馬,1400,ダ,左,良,晴,12,4,4,マウコウカミ,牝,4,54.0,458,8,吉留孝,藤原智,,10,1:33.4,40.1,11-11-12-10,9,458,8
2022/02/25,浦和,7,浦和ジョッキーズラウンドＣ３選抜馬,1400,ダ,左,良,晴,12,5,5,サワセンミラクル,牡,5,56.0,457,7,橋本直,酒井一,,11,1:33.6,40.9,7-7-8-8,7,457,7
2022/02/25,浦和,7,浦和ジョッキーズラウンドＣ３選抜馬,1400,ダ,左,良,晴,12,6,8,ケイティーアニマル,牝,9,54.0,492,4,半澤慶,柘榴浩,,12,1:34.3,42.1,4-6-7-11,12,492,4
2022/02/25,浦和,8,Ｃ１五,1400,ダ,左,良,晴,12,8,11,アールブリッツ,牡,5,56.0,534,11,福原杏,水野貴,,1,1:29.9,39.0,8-7-5-4,4,534,11
2022/02/25,浦和,8,Ｃ１五,1400,ダ,左,良,晴,12,7,10,ヴァーユ,牡,5,56.0,513,13,山口達,林正人,,2,1:30.1,39.5,6-6-4-5,3,513,13
2022/02/25,浦和,8,Ｃ１五,1400,ダ,左,良,晴,12,6,8,ヘーベー,牝,4,54.0,474,5,和田譲,宇野博,,3,1:30.2,40.0,3-3-3-1,2,474,5
2022/02/25,浦和,8,Ｃ１五,1400,ダ,左,良,晴,12,4,4,エメラルムサシ,牡,8,56.0,467,-2,野澤憲,佐々清,,4,1:30.5,39.6,10-9-8-7,9,467,-2
2022/02/25,浦和,8,Ｃ１五,1400,ダ,左,良,晴,12,1,1,ビービーモノローグ,牡,4,56.0,453,-15,張田昂,張田京,,5,1:30.5,40.3,2-2-2-2,1,453,-15
2022/02/25,浦和,8,Ｃ１五,1400,ダ,左,良,晴,12,3,3,フェルカド,牡,5,56.0,480,-3,秋元耕,野口孝,,6,1:30.8,39.7,11-10-9-9,10,480,-3
2022/02/25,浦和,8,Ｃ１五,1400,ダ,左,良,晴,12,6,7,ラヴィダヴィ,牝,4,54.0,457,3,酒井忍,矢野義,,7,1:30.8,39.3,12-12-11-11,6,457,3
2022/02/25,浦和,8,Ｃ１五,1400,ダ,左,良,晴,12,5,6,アンファスエシャペ,牝,4,54.0,448,2,實川純,佐々功,,8,1:31.3,39.3,7-11-12-12,8,448,2
2022/02/25,浦和,8,Ｃ１五,1400,ダ,左,良,晴,12,7,9,ミュークレグルス,牡,4,56.0,487,-2,岡村裕,山崎尋,,9,1:31.3,39.9,9-8-10-10,12,487,-2
2022/02/25,浦和,8,Ｃ１五,1400,ダ,左,良,晴,12,2,2,メジャータイム,牡,4,56.0,464,2,藤江渉,工藤伸,,10,1:31.4,40.8,5-5-6-6,11,464,2
2022/02/25,浦和,8,Ｃ１五,1400,ダ,左,良,晴,12,5,5,ナツノトビラ,牝,6,54.0,482,5,岡村健,小澤宏,,11,1:31.6,41.0,4-4-7-8,5,482,5
2022/02/25,浦和,8,Ｃ１五,1400,ダ,左,良,晴,12,8,12,ヤマノプリティー,牝,4,54.0,479,14,内田利,藤原智,,12,1:31.6,41.5,1-1-1-3,7,479,14
2022/02/25,浦和,9,狭山湖特別Ｃ２一,1400,ダ,左,良,晴,11,1,1,ノースリュシオル,牝,4,54.0,448,-1,笹川翼,長谷忍,,1,1:30.1,39.1,5-4-3-3,9,448,-1
2022/02/25,浦和,9,狭山湖特別Ｃ２一,1400,ダ,左,良,晴,11,8,10,ホシプリンセス,牝,4,54.0,501,4,酒井忍,鹿沼和,,2,1:30.2,39.4,3-3-2-1,5,501,4
2022/02/25,浦和,9,狭山湖特別Ｃ２一,1400,ダ,左,良,晴,11,2,2,サンウェーコ,牡,6,56.0,504,17,森泰斗,野口孝,,3,1:30.3,38.8,8-7-7-4,2,504,17
2022/02/25,浦和,9,狭山湖特別Ｃ２一,1400,ダ,左,良,晴,11,5,5,チャームインレース,牝,5,53.0,479,-12,篠谷葵,山下之,,4,1:30.8,39.7,6-5-4-5,6,479,-12
2022/02/25,浦和,9,狭山湖特別Ｃ２一,1400,ダ,左,良,晴,11,4,4,ローリングサンダー,セ,0,56.0,513,0,張田昂,小澤宏,,5,1:31.0,40.3,1-1-1-2,1,513,0
2022/02/25,浦和,9,狭山湖特別Ｃ２一,1400,ダ,左,良,晴,11,3,3,ブルベアヴェルデ,牡,6,56.0,480,3,吉井章,藤原智,,6,1:31.3,40.5,2-2-5-7,4,480,3
2022/02/25,浦和,9,狭山湖特別Ｃ２一,1400,ダ,左,良,晴,11,6,6,トーセンウィンザー,牡,4,56.0,472,9,内田利,山越光,,7,1:31.4,39.1,9-9-11-11,8,472,9
2022/02/25,浦和,9,狭山湖特別Ｃ２一,1400,ダ,左,良,晴,11,7,8,ビギナーズラック,牡,7,58.0,511,-2,山中悠,凾館一,,8,1:31.6,39.7,10-10-8-9,3,511,-2
2022/02/25,浦和,9,狭山湖特別Ｃ２一,1400,ダ,左,良,晴,11,7,9,デエレーブリオ,牡,4,56.0,432,-5,伊藤裕,鈴木義,,9,1:31.6,40.0,7-8-10-10,7,432,-5
2022/02/25,浦和,9,狭山湖特別Ｃ２一,1400,ダ,左,良,晴,11,6,7,ウインジュノー,牝,4,54.0,532,7,保園翔,川島豊,,10,1:31.8,39.7,11-11-9-8,11,532,7
2022/02/25,浦和,9,狭山湖特別Ｃ２一,1400,ダ,左,良,晴,11,8,11,ファンファン,牡,5,55.0,461,1,七夕裕,箕輪武,,11,1:32.1,41.0,4-6-6-6,10,461,1
2022/02/25,浦和,10,木芽月特別Ｂ３選抜馬,800,ダ,左,良,晴,11,3,3,アイカプチーノ,牝,4,56.0,484,-4,和田譲,阿井正,,1,0:47.3,35.4,1-1,1,484,-4
2022/02/25,浦和,10,木芽月特別Ｂ３選抜馬,800,ダ,左,良,晴,11,7,9,フロントウイング,牝,5,54.0,469,4,本田重,河津裕,,2,0:47.5,35.1,3-2,2,469,4
2022/02/25,浦和,10,木芽月特別Ｂ３選抜馬,800,ダ,左,良,晴,11,6,6,セイントビーナス,牝,6,53.0,452,-1,篠谷葵,張田京,,3,0:47.7,35.0,4-4,6,452,-1
2022/02/25,浦和,10,木芽月特別Ｂ３選抜馬,800,ダ,左,良,晴,11,4,4,マイネルワルツ,セ,0,56.0,451,0,吉井章,大宮和,,4,0:48.4,35.7,6-6,9,451,0
2022/02/25,浦和,10,木芽月特別Ｂ３選抜馬,800,ダ,左,良,晴,11,7,8,リッチアロマ,牝,4,54.0,449,-3,福原杏,水野貴,,5,0:48.4,36.3,2-3,7,449,-3
2022/02/25,浦和,10,木芽月特別Ｂ３選抜馬,800,ダ,左,良,晴,11,6,7,イクノミライ,牡,5,56.0,474,-4,森泰斗,内田勝,,6,0:48.6,36.2,5-5,3,474,-4
2022/02/25,浦和,10,木芽月特別Ｂ３選抜馬,800,ダ,左,良,晴,11,5,5,ケイティディライト,牝,5,54.0,458,-4,山崎誠,新井清,,7,0:48.7,35.6,8-7,10,458,-4
2022/02/25,浦和,10,木芽月特別Ｂ３選抜馬,800,ダ,左,良,晴,11,8,10,クリスタルアワード,牝,6,54.0,474,20,笹川翼,山越光,,8,0:49.1,36.4,7-9,5,474,20
2022/02/25,浦和,10,木芽月特別Ｂ３選抜馬,800,ダ,左,良,晴,11,1,1,ロッティミニスター,牡,4,56.0,498,1,張田昂,小久智,,9,0:49.1,36.1,11-10,4,498,1
2022/02/25,浦和,10,木芽月特別Ｂ３選抜馬,800,ダ,左,良,晴,11,2,2,シグラップリンリン,牝,7,54.0,460,13,橋本直,平山真,,9,0:49.1,36.3,9-8,8,460,13
2022/02/25,浦和,10,木芽月特別Ｂ３選抜馬,800,ダ,左,良,晴,11,8,11,タワーオブクイーン,牝,9,54.0,458,-4,吉留孝,岡田一,,11,0:49.5,36.4,10-11,11,458,-4
2022/02/25,浦和,11,初花月特別Ｂ２二,1400,ダ,左,良,晴,10,6,6,ホウヨウクリスタル,牡,4,56.0,504,4,山崎誠,藤原智,,1,1:28.8,39.0,1-1-1-1,1,504,4
2022/02/25,浦和,11,初花月特別Ｂ２二,1400,ダ,左,良,晴,10,4,4,ダイリュウボーラー,牡,6,56.0,456,3,笹川翼,繁田健,,2,1:29.0,38.8,4-4-5-3,3,456,3
2022/02/25,浦和,11,初花月特別Ｂ２二,1400,ダ,左,良,晴,10,5,5,ウインプリンツ,牡,6,56.0,519,-2,吉留孝,平山真,,3,1:29.2,39.3,5-3-2-2,8,519,-2
2022/02/25,浦和,11,初花月特別Ｂ２二,1400,ダ,左,良,晴,10,3,3,ウインドブロウン,牡,6,56.0,494,-2,森泰斗,新井清,,4,1:29.2,38.4,9-9-9-8,4,494,-2
2022/02/25,浦和,11,初花月特別Ｂ２二,1400,ダ,左,良,晴,10,2,2,リュウノゾロ,セ,0,56.0,489,-1,達城龍,野口寛,,5,1:29.3,39.4,2-2-3-6,5,489,-1
2022/02/25,浦和,11,初花月特別Ｂ２二,1400,ダ,左,良,晴,10,8,10,ブルーローズ,牝,6,54.0,448,4,張田昂,野口孝,,6,1:29.6,39.4,8-8-4-4,7,448,4
2022/02/25,浦和,11,初花月特別Ｂ２二,1400,ダ,左,良,晴,10,7,7,モエレコネクター,牡,6,56.0,511,-5,藤本現,齊藤敏,,7,1:29.6,39.0,10-10-7-5,9,511,-5
2022/02/25,浦和,11,初花月特別Ｂ２二,1400,ダ,左,良,晴,10,1,1,フクサングレート,牡,5,56.0,511,10,和田譲,宇野博,,8,1:29.8,39.5,3-5-6-9,2,511,10
2022/02/25,浦和,11,初花月特別Ｂ２二,1400,ダ,左,良,晴,10,8,9,サイダイゲンカイ,牡,4,56.0,538,18,本田重,小久智,,9,1:29.9,39.3,6-6-8-7,6,538,18
2022/02/25,浦和,11,初花月特別Ｂ２二,1400,ダ,左,良,晴,10,7,8,リワードアヴァロン,セ,0,56.0,495,9,半澤慶,宇野博,,10,1:31.6,40.8,7-7-10-10,10,495,9
2022/02/25,浦和,12,春の月特別Ｃ３選抜馬,2000,ダ,左,良,晴,12,3,3,ゲンパチカガヤキ,牡,7,56.0,496,7,秋元耕,小澤宏,,1,2:14.6,41.1,8-8-4-2,2,496,7
2022/02/25,浦和,12,春の月特別Ｃ３選抜馬,2000,ダ,左,良,晴,12,5,6,アントーニオ,セ,0,56.0,447,-2,笹川翼,新井清,,2,2:14.6,41.1,5-4-5-3,1,447,-2
2022/02/25,浦和,12,春の月特別Ｃ３選抜馬,2000,ダ,左,良,晴,12,8,12,マッシロ,牝,6,54.0,434,4,張田昂,林隆之,,3,2:14.9,41.7,6-6-3-1,3,434,4
2022/02/25,浦和,12,春の月特別Ｃ３選抜馬,2000,ダ,左,良,晴,12,4,4,レインボーシャトル,牡,7,56.0,530,-7,仲野光,阿井正,,4,2:14.9,40.9,7-7-8-5,5,530,-7
2022/02/25,浦和,12,春の月特別Ｃ３選抜馬,2000,ダ,左,良,晴,12,1,1,ベルクオーレ,牝,9,54.0,471,-2,西村栄,佐々功,,5,2:16.6,42.1,11-11-10-9,6,471,-2
2022/02/25,浦和,12,春の月特別Ｃ３選抜馬,2000,ダ,左,良,晴,12,5,5,イエローリボン,牝,5,51.0,483,31,菅原涼,藤原智,,6,2:16.7,43.7,1-1-1-4,7,483,31
2022/02/25,浦和,12,春の月特別Ｃ３選抜馬,2000,ダ,左,良,晴,12,8,11,ニシノコウメイ,牡,4,56.0,463,5,見越彬,冨田敏,,7,2:16.7,41.9,12-12-11-10,11,463,5
2022/02/25,浦和,12,春の月特別Ｃ３選抜馬,2000,ダ,左,良,晴,12,6,8,アルコンシチー,牡,5,56.0,460,1,吉留孝,箕輪武,,8,2:17.0,43.0,10-10-7-6,9,460,1
2022/02/25,浦和,12,春の月特別Ｃ３選抜馬,2000,ダ,左,良,晴,12,6,7,ダイナナフェアリー,牝,5,54.0,474,15,岡田大,岡田一,,9,2:17.2,43.9,3-3-6-8,8,474,15
2022/02/25,浦和,12,春の月特別Ｃ３選抜馬,2000,ダ,左,良,晴,12,2,2,トーアマーブル,牝,6,53.0,460,-1,七夕裕,小林真,,10,2:17.8,42.9,9-9-12-12,10,460,-1
2022/02/25,浦和,12,春の月特別Ｃ３選抜馬,2000,ダ,左,良,晴,12,7,9,ラッキーアモン,牡,6,56.0,516,4,寺島憂,柘榴浩,,11,2:17.8,44.8,2-2-2-7,4,516,4
2022/02/25,浦和,12,春の月特別Ｃ３選抜馬,2000,ダ,左,良,晴,12,7,10,アミン,牝,5,54.0,448,-3,國分祐,冨田敏,,12,2:18.0,44.3,4-5-9-11,12,448,-3
2022/03/14,浦和,1,浦和８００ラウンド３歳選抜馬,800,ダ,左,良,晴,12,7,9,ガンコチャン,牝,3,53.0,491,-1,七夕裕,岡田一,,1,0:47.9,35.5,2-2,4,491,-1
2022/03/14,浦和,1,浦和８００ラウンド３歳選抜馬,800,ダ,左,良,晴,12,2,2,バトルホッパー,牡,3,56.0,478,1,高橋哲,横山保,,2,0:47.9,35.5,1-1,2,478,1
2022/03/14,浦和,1,浦和８００ラウンド３歳選抜馬,800,ダ,左,良,晴,12,8,11,アイフリート,牝,3,54.0,458,-4,岡田大,岡田一,,3,0:49.1,36.4,8-7,5,458,-4
2022/03/14,浦和,1,浦和８００ラウンド３歳選抜馬,800,ダ,左,良,晴,12,7,10,ネーレウス,牡,3,56.0,462,-8,藤江渉,酒井一,,4,0:49.2,36.3,6-5,6,462,-8
2022/03/14,浦和,1,浦和８００ラウンド３歳選抜馬,800,ダ,左,良,晴,12,8,12,ステラセイコー,牝,3,54.0,448,-4,福原杏,水野貴,,5,0:49.3,36.9,3-3,1,448,-4
2022/03/14,浦和,1,浦和８００ラウンド３歳選抜馬,800,ダ,左,良,晴,12,6,7,カシノリカバリー,牝,3,54.0,474,4,和田譲,野口寛,,6,0:49.3,36.6,5-4,9,474,4
2022/03/14,浦和,1,浦和８００ラウンド３歳選抜馬,800,ダ,左,良,晴,12,4,4,インカローズムスメ,牝,3,54.0,417,3,吉留孝,山越光,,7,0:49.6,37.2,4-6,3,417,3
2022/03/14,浦和,1,浦和８００ラウンド３歳選抜馬,800,ダ,左,良,晴,12,5,6,ニッショウアキラ,牡,3,56.0,443,3,寺島憂,酒井一,,8,0:49.7,36.8,10-8,8,443,3
2022/03/14,浦和,1,浦和８００ラウンド３歳選抜馬,800,ダ,左,良,晴,12,1,1,ヒカリガサスホウヘ,牝,3,54.0,454,-1,町田直,酒井一,,9,0:49.8,37.1,7-9,7,454,-1
2022/03/14,浦和,1,浦和８００ラウンド３歳選抜馬,800,ダ,左,良,晴,12,3,3,ミルティー,牝,3,54.0,405,-5,内田利,箕輪武,,10,0:50.3,37.6,9-10,12,405,-5
2022/03/14,浦和,1,浦和８００ラウンド３歳選抜馬,800,ダ,左,良,晴,12,5,5,マヘアラニ,牝,3,54.0,441,-2,藤本現,酒井一,,11,0:50.5,36.8,11-11,11,441,-2
2022/03/14,浦和,1,浦和８００ラウンド３歳選抜馬,800,ダ,左,良,晴,12,6,8,アカサカココア,牝,3,54.0,480,11,橋本直,酒井一,,12,0:51.0,36.9,12-12,10,480,11
2022/03/14,浦和,2,Ｃ３ ４歳ア,1400,ダ,左,良,晴,10,1,1,サンアスペン,牝,4,54.0,471,-4,寺島憂,鈴木勝,,1,1:31.1,39.4,6-5-4-4,2,471,-4
2022/03/14,浦和,2,Ｃ３ ４歳ア,1400,ダ,左,良,晴,10,7,8,クレールプリュネル,牝,4,53.0,470,8,篠谷葵,山越光,,2,1:31.4,40.1,2-2-2-2,6,470,8
2022/03/14,浦和,2,Ｃ３ ４歳ア,1400,ダ,左,良,晴,10,6,6,エイシンキンバリー,牝,4,54.0,418,-1,笹川翼,小久智,,3,1:31.4,40.2,1-1-1-1,5,418,-1
2022/03/14,浦和,2,Ｃ３ ４歳ア,1400,ダ,左,良,晴,10,8,9,サクラトップパレス,牝,4,54.0,418,-11,張田昂,鹿沼和,,4,1:31.6,39.3,9-8-7-5,3,418,-11
2022/03/14,浦和,2,Ｃ３ ４歳ア,1400,ダ,左,良,晴,10,4,4,クレイジーエックス,牡,4,56.0,461,0,森泰斗,野口孝,,5,1:31.6,40.2,4-3-3-3,1,461,0
2022/03/14,浦和,2,Ｃ３ ４歳ア,1400,ダ,左,良,晴,10,8,10,マウコウカミ,牝,4,51.0,462,4,菅原涼,藤原智,,6,1:32.3,40.4,3-4-6-7,8,462,4
2022/03/14,浦和,2,Ｃ３ ４歳ア,1400,ダ,左,良,晴,10,3,3,サンライズテソロ,牡,4,56.0,441,0,福原杏,川島豊,,7,1:32.9,41.0,5-6-5-6,7,441,0
2022/03/14,浦和,2,Ｃ３ ４歳ア,1400,ダ,左,良,晴,10,7,7,ワンダーニメンソウ,牝,4,54.0,478,2,橋本直,鈴木勝,,8,1:33.0,39.1,10-10-10-10,4,478,2
2022/03/14,浦和,2,Ｃ３ ４歳ア,1400,ダ,左,良,晴,10,5,5,クリストバウム,セ,0,56.0,446,-9,秋元耕,吉田正,,9,1:33.4,41.3,7-7-8-8,9,446,-9
2022/03/14,浦和,2,Ｃ３ ４歳ア,1400,ダ,左,良,晴,10,2,2,セイウンブイワン,牡,4,56.0,426,-9,國分祐,冨田敏,,10,1:33.7,40.8,8-9-9-9,10,426,-9
2022/03/14,浦和,3,３歳三,1400,ダ,左,良,晴,11,5,5,セシボン,牝,3,53.0,386,-9,古岡勇,工藤伸,,1,1:30.1,39.3,4-5-5-3,2,386,-9
2022/03/14,浦和,3,３歳三,1400,ダ,左,良,晴,11,6,6,フリーホースパーク,牡,3,56.0,435,0,藤江渉,久保秀,,2,1:30.6,39.5,11-8-6-2,7,435,0
2022/03/14,浦和,3,３歳三,1400,ダ,左,良,晴,11,8,10,エクスプローラー,牡,3,56.0,461,-3,張田昂,張田京,,3,1:31.2,40.4,7-6-7-6,4,461,-3
2022/03/14,浦和,3,３歳三,1400,ダ,左,良,晴,11,8,11,ザワロイン,牝,3,54.0,434,-1,岡田大,岡田一,,4,1:31.2,41.5,1-1-1-1,5,434,-1
2022/03/14,浦和,3,３歳三,1400,ダ,左,良,晴,11,7,9,ラムリケティ,牝,3,54.0,366,3,和田譲,酒井一,,5,1:31.8,41.2,8-4-4-5,3,366,3
2022/03/14,浦和,3,３歳三,1400,ダ,左,良,晴,11,2,2,シカテブクロ,牡,3,56.0,514,11,橋本直,小久智,,6,1:32.2,41.7,3-3-3-4,6,514,11
2022/03/14,浦和,3,３歳三,1400,ダ,左,良,晴,11,3,3,カジュアルスパート,牡,3,56.0,497,-2,岡村健,野口寛,,7,1:32.3,40.2,10-10-9-9,9,497,-2
2022/03/14,浦和,3,３歳三,1400,ダ,左,良,晴,11,4,4,サマーデライト,牝,3,54.0,425,-4,高橋哲,牛房榮,,8,1:32.9,40.8,9-11-10-10,11,425,-4
2022/03/14,浦和,3,３歳三,1400,ダ,左,良,晴,11,1,1,シンライウォリアー,牡,3,56.0,441,-8,矢野貴,柘榴浩,,9,1:33.4,41.2,6-9-11-11,8,441,-8
2022/03/14,浦和,3,３歳三,1400,ダ,左,良,晴,11,6,7,カラフルフレスコ,牝,3,54.0,461,5,川島正,野口寛,,10,1:33.6,42.3,5-7-8-8,10,461,5
2022/03/14,浦和,3,３歳三,1400,ダ,左,良,晴,11,7,8,オデッセイ,牡,3,56.0,495,-1,森泰斗,新井清,,11,1:33.6,43.4,2-2-2-7,1,495,-1
2022/03/14,浦和,4,幸手権現堂桜堤賞Ｃ３八 九,1400,ダ,左,良,晴,12,8,11,ホクセツ,セ,0,56.0,545,-3,秋元耕,柘榴浩,,1,1:30.7,39.8,1-1-1-1,3,545,-3
2022/03/14,浦和,4,幸手権現堂桜堤賞Ｃ３八 九,1400,ダ,左,良,晴,12,7,9,ナツィオナーレ,牝,7,54.0,460,-5,藤本現,野口孝,,2,1:31.7,39.9,5-5-6-2,1,460,-5
2022/03/14,浦和,4,幸手権現堂桜堤賞Ｃ３八 九,1400,ダ,左,良,晴,12,7,10,ワンダーヘーヒスト,牡,8,56.0,467,0,半澤慶,鈴木勝,,3,1:31.9,40.2,6-6-3-3,12,467,0
2022/03/14,浦和,4,幸手権現堂桜堤賞Ｃ３八 九,1400,ダ,左,良,晴,12,6,8,ペキノワ,牝,7,54.0,462,7,和田譲,新井清,,4,1:32.7,41.1,2-3-4-4,2,462,7
2022/03/14,浦和,4,幸手権現堂桜堤賞Ｃ３八 九,1400,ダ,左,良,晴,12,8,12,ドルドルエイト,牡,7,56.0,472,-5,加藤和,八木仁,,5,1:32.7,41.0,7-7-5-5,5,472,-5
2022/03/14,浦和,4,幸手権現堂桜堤賞Ｃ３八 九,1400,ダ,左,良,晴,12,5,6,バロンキング,牡,6,56.0,454,0,柿本量,阿井正,,6,1:32.7,40.2,9-9-8-7,8,454,0
2022/03/14,浦和,4,幸手権現堂桜堤賞Ｃ３八 九,1400,ダ,左,良,晴,12,4,4,トーセンレオ,牡,7,56.0,567,4,橋本直,川村守,,7,1:33.2,40.2,12-11-10-10,11,567,4
2022/03/14,浦和,4,幸手権現堂桜堤賞Ｃ３八 九,1400,ダ,左,良,晴,12,3,3,トキノカサドール,牡,7,56.0,453,-2,福原杏,横山保,,8,1:33.6,42.2,3-2-2-6,4,453,-2
2022/03/14,浦和,4,幸手権現堂桜堤賞Ｃ３八 九,1400,ダ,左,良,晴,12,5,5,パレスギガント,牡,6,55.0,500,9,七夕裕,長谷忍,,9,1:33.7,41.2,8-8-9-9,7,500,9
2022/03/14,浦和,4,幸手権現堂桜堤賞Ｃ３八 九,1400,ダ,左,良,晴,12,6,7,ナンセイエメラルド,牝,6,54.0,448,1,保園翔,山越光,,10,1:34.0,42.1,4-4-7-8,6,448,1
2022/03/14,浦和,4,幸手権現堂桜堤賞Ｃ３八 九,1400,ダ,左,良,晴,12,2,2,ニシノサトル,牡,6,56.0,485,-1,内田利,吉田正,,11,1:34.0,40.1,10-12-12-11,10,485,-1
2022/03/14,浦和,4,幸手権現堂桜堤賞Ｃ３八 九,1400,ダ,左,良,晴,12,1,1,トーアマーブル,牝,6,54.0,461,1,見越彬,小林真,,12,1:35.1,41.6,11-10-11-12,9,461,1
2022/03/14,浦和,5,３歳二,1400,ダ,左,良,晴,12,7,10,コンアモーレ,牡,3,56.0,495,4,和田譲,宇野博,,1,1:29.5,38.4,3-4-3-2,3,495,4
2022/03/14,浦和,5,３歳二,1400,ダ,左,良,晴,12,7,9,ネゲヴ,牝,3,54.0,497,2,笹川翼,小澤宏,,2,1:29.5,38.6,1-1-1-1,1,497,2
2022/03/14,浦和,5,３歳二,1400,ダ,左,良,晴,12,4,4,マスクドサムライ,牡,3,56.0,477,-1,加藤和,藤原智,,3,1:30.8,39.4,4-3-5-5,8,477,-1
2022/03/14,浦和,5,３歳二,1400,ダ,左,良,晴,12,8,12,ジングルベル,牝,3,54.0,446,2,森泰斗,小久智,,4,1:30.9,40.0,2-2-2-4,6,446,2
2022/03/14,浦和,5,３歳二,1400,ダ,左,良,晴,12,8,11,デルタラヴバレット,牡,3,56.0,456,-5,御神訓,繁田健,,5,1:31.0,39.6,6-5-4-3,2,456,-5
2022/03/14,浦和,5,３歳二,1400,ダ,左,良,晴,12,6,8,ハッピートウキョウ,牡,3,56.0,504,6,西啓太,繁田健,,6,1:31.1,39.2,9-8-6-6,5,504,6
2022/03/14,浦和,5,３歳二,1400,ダ,左,良,晴,12,3,3,スマイルキングオー,牡,3,56.0,486,-3,矢野貴,張田京,,7,1:31.7,39.5,8-9-8-8,4,486,-3
2022/03/14,浦和,5,３歳二,1400,ダ,左,良,晴,12,5,5,マドモアゼルランス,牝,3,54.0,429,3,山中悠,渋谷博,,8,1:31.8,40.2,5-6-7-7,7,429,3
2022/03/14,浦和,5,３歳二,1400,ダ,左,良,晴,12,1,1,カシノペルル,牡,3,56.0,499,-5,寺島憂,鹿沼和,,9,1:32.2,39.6,10-10-10-10,11,499,-5
2022/03/14,浦和,5,３歳二,1400,ダ,左,良,晴,12,5,6,ハウファアイルゴー,牝,3,54.0,457,-2,山崎誠,山崎裕,,10,1:32.6,40.1,7-7-11-9,9,457,-2
2022/03/14,浦和,5,３歳二,1400,ダ,左,良,晴,12,2,2,シャノンファンキー,牝,3,54.0,404,3,町田直,野口孝,,11,1:33.0,40.8,11-11-9-11,10,404,3
2022/03/14,浦和,5,３歳二,1400,ダ,左,良,晴,12,6,7,ダーラナホース,牝,3,51.0,442,-10,木間龍,渋谷博,,12,1:33.0,39.4,12-12-12-12,12,442,-10
2022/03/14,浦和,6,Ｃ３八 九,1500,ダ,左,良,晴,12,1,1,スマイルジーニアス,セ,0,56.0,500,-3,福原杏,鹿沼和,,1,1:39.8,40.7,4-4-3-3,2,500,-3
2022/03/14,浦和,6,Ｃ３八 九,1500,ダ,左,良,晴,12,8,12,ポイズンピル,牡,7,56.0,472,-4,岡田大,牛房榮,,2,1:39.8,40.8,3-3-2-2,6,472,-4
2022/03/14,浦和,6,Ｃ３八 九,1500,ダ,左,良,晴,12,7,10,トーセンクルーズ,牝,7,54.0,435,1,矢野貴,工藤伸,,3,1:40.6,41.4,6-5-4-4,1,435,1
2022/03/14,浦和,6,Ｃ３八 九,1500,ダ,左,良,晴,12,5,6,ゴーオンザステージ,牝,7,54.0,443,-10,張田昂,平山真,,4,1:40.8,41.8,2-2-1-1,3,443,-10
2022/03/14,浦和,6,Ｃ３八 九,1500,ダ,左,良,晴,12,6,7,モズメイダン,牡,8,55.0,485,-3,七夕裕,柘榴浩,,5,1:41.3,41.5,7-7-6-5,12,485,-3
2022/03/14,浦和,6,Ｃ３八 九,1500,ダ,左,良,晴,12,8,11,ラストプラム,牝,7,54.0,438,-2,岡村裕,今井輝,,6,1:41.4,40.1,11-12-12-12,7,438,-2
2022/03/14,浦和,6,Ｃ３八 九,1500,ダ,左,良,晴,12,3,3,ジャンティーユ,牝,8,51.0,445,-5,木間龍,渋谷博,,7,1:41.4,41.7,5-6-7-7,11,445,-5
2022/03/14,浦和,6,Ｃ３八 九,1500,ダ,左,良,晴,12,6,8,タイムトラベル,牝,8,53.0,473,-2,池谷匠,山田正,,8,1:41.5,40.9,10-10-10-11,9,473,-2
2022/03/14,浦和,6,Ｃ３八 九,1500,ダ,左,良,晴,12,5,5,グランフルール,牝,7,53.0,499,2,古岡勇,鹿沼和,,9,1:41.8,41.0,12-11-11-9,10,499,2
2022/03/14,浦和,6,Ｃ３八 九,1500,ダ,左,良,晴,12,4,4,アールレアル,セ,0,56.0,457,-2,保園翔,小澤宏,,10,1:41.9,42.1,9-8-8-10,5,457,-2
2022/03/14,浦和,6,Ｃ３八 九,1500,ダ,左,良,晴,12,7,9,ビドウ,牝,7,50.0,424,5,神尾香,渋谷博,,11,1:42.0,41.7,8-9-9-8,8,424,5
2022/03/14,浦和,6,Ｃ３八 九,1500,ダ,左,良,晴,12,2,2,ニシノシノブ,牝,7,54.0,456,5,秋元耕,吉田正,,12,1:42.2,43.2,1-1-5-6,4,456,5
2022/03/14,浦和,7,特選Ｃ２一 二,1500,ダ,左,良,晴,12,8,11,マルモリラッキー,セ,0,56.0,487,2,岡村健,玉井勝,,1,1:38.0,39.1,11-11-9-6,10,487,2
2022/03/14,浦和,7,特選Ｃ２一 二,1500,ダ,左,良,晴,12,8,12,アレグリアシチー,牡,5,56.0,448,-2,森泰斗,新井清,,2,1:38.1,40.2,9-7-4-1,1,448,-2
2022/03/14,浦和,7,特選Ｃ２一 二,1500,ダ,左,良,晴,12,6,7,ブルベアヴェルデ,牡,6,56.0,482,2,吉井章,藤原智,,3,1:38.1,39.4,7-10-10-9,6,482,2
2022/03/14,浦和,7,特選Ｃ２一 二,1500,ダ,左,良,晴,12,5,5,クイックワーカー,セ,0,56.0,471,-7,笹川翼,川島一,,4,1:38.2,40.6,2-2-1-3,2,471,-7
2022/03/14,浦和,7,特選Ｃ２一 二,1500,ダ,左,良,晴,12,5,6,ジェイケイマッチョ,セ,0,56.0,488,3,町田直,佐々仁,,5,1:38.2,40.6,3-3-3-1,7,488,3
2022/03/14,浦和,7,特選Ｃ２一 二,1500,ダ,左,良,晴,12,7,9,シゲルナガレボシ,牝,5,54.0,445,-8,藤本現,柘榴浩,,6,1:38.4,40.2,8-6-8-8,8,445,-8
2022/03/14,浦和,7,特選Ｃ２一 二,1500,ダ,左,良,晴,12,3,3,ミーティアカフェ,牝,4,54.0,472,-2,御神訓,箕輪武,,7,1:38.5,40.6,5-5-5-5,3,472,-2
2022/03/14,浦和,7,特選Ｃ２一 二,1500,ダ,左,良,晴,12,7,10,メイショウポルポ,牡,5,56.0,445,3,矢野貴,稲益貴,,8,1:38.6,40.4,6-8-6-7,4,445,3
2022/03/14,浦和,7,特選Ｃ２一 二,1500,ダ,左,良,晴,12,2,2,エコロアジェンダ,牡,4,56.0,475,12,本田重,小久智,,9,1:38.7,41.1,1-1-2-3,5,475,12
2022/03/14,浦和,7,特選Ｃ２一 二,1500,ダ,左,良,晴,12,6,8,モリトローテローゼ,牝,6,54.0,479,3,福原杏,水野貴,,10,1:39.5,40.9,10-9-11-10,12,479,3
2022/03/14,浦和,7,特選Ｃ２一 二,1500,ダ,左,良,晴,12,4,4,ブルームヴォーグ,牡,5,56.0,512,-2,西啓太,海馬司,,11,1:39.6,39.9,12-12-12-12,11,512,-2
2022/03/14,浦和,7,特選Ｃ２一 二,1500,ダ,左,良,晴,12,1,1,ヤマノプレミアム,牡,6,56.0,466,-12,加藤和,藤原智,,12,1:40.0,41.9,4-4-7-11,9,466,-12
2022/03/14,浦和,8,特選Ｃ２一 二,1400,ダ,左,良,晴,12,1,1,レナータ,牝,7,51.0,469,-7,菅原涼,藤原智,,1,1:28.2,38.0,1-1-1-1,1,469,-7
2022/03/14,浦和,8,特選Ｃ２一 二,1400,ダ,左,良,晴,12,5,5,スーパーアスラーダ,牡,4,56.0,540,3,張田昂,横山保,,2,1:29.5,38.7,4-4-4-3,6,540,3
2022/03/14,浦和,8,特選Ｃ２一 二,1400,ダ,左,良,晴,12,6,7,キーラーヴォッヘ,牝,5,54.0,442,-3,笹川翼,新井清,,3,1:29.8,39.5,2-2-2-2,2,442,-3
2022/03/14,浦和,8,特選Ｃ２一 二,1400,ダ,左,良,晴,12,2,2,フェリスダージ,牝,4,54.0,415,3,内田利,工藤伸,,4,1:30.0,38.4,6-6-6-5,12,415,3
2022/03/14,浦和,8,特選Ｃ２一 二,1400,ダ,左,良,晴,12,7,9,ウインカーマイン,牡,6,56.0,451,2,秋元耕,川島豊,,5,1:30.2,38.3,9-9-7-7,4,451,2
2022/03/14,浦和,8,特選Ｃ２一 二,1400,ダ,左,良,晴,12,3,3,アークストーン,牝,5,54.0,421,8,増田充,新井健,,6,1:30.5,38.1,11-10-10-8,9,421,8
2022/03/14,浦和,8,特選Ｃ２一 二,1400,ダ,左,良,晴,12,8,12,アンシミラー,牡,5,56.0,472,-1,吉留孝,薮口一,,7,1:30.6,38.7,8-7-8-10,5,472,-1
2022/03/14,浦和,8,特選Ｃ２一 二,1400,ダ,左,良,晴,12,5,6,オウケンアマゾネス,牝,5,54.0,458,5,町田直,工藤伸,,8,1:30.6,39.3,5-5-5-6,3,458,5
2022/03/14,浦和,8,特選Ｃ２一 二,1400,ダ,左,良,晴,12,6,8,マジカルマジカル,牡,5,56.0,520,10,保園翔,野口寛,,9,1:30.7,40.2,3-3-3-4,10,520,10
2022/03/14,浦和,8,特選Ｃ２一 二,1400,ダ,左,良,晴,12,7,10,ミトノラッキー,牝,4,54.0,451,1,岡田大,山越光,,10,1:31.0,38.6,10-11-9-9,8,451,1
2022/03/14,浦和,8,特選Ｃ２一 二,1400,ダ,左,良,晴,12,8,11,フェアリーマジック,牝,5,54.0,445,-8,見越彬,川村守,,11,1:31.4,39.2,7-8-11-11,7,445,-8
2022/03/14,浦和,8,特選Ｃ２一 二,1400,ダ,左,良,晴,12,4,4,トーセンドナルド,牡,4,55.0,451,2,七夕裕,藤原智,,12,1:32.0,38.2,12-12-12-12,11,451,2
2022/03/14,浦和,9,北区の花　菜の花賞Ｃ１五,1600,ダ,左,良,晴,8,6,6,スムーズジャズ,牡,8,56.0,495,-6,和田譲,宇野博,,1,1:43.7,39.4,4-4-2-1,3,495,-6
2022/03/14,浦和,9,北区の花　菜の花賞Ｃ１五,1600,ダ,左,良,晴,8,4,4,トレジャーバローズ,牡,4,56.0,441,-5,本橋孝,繁田健,,2,1:44.4,40.4,1-1-1-2,1,441,-5
2022/03/14,浦和,9,北区の花　菜の花賞Ｃ１五,1600,ダ,左,良,晴,8,1,1,サンウェーコ,牡,6,56.0,500,-4,森泰斗,野口孝,,3,1:44.6,40.3,3-3-4-3,2,500,-4
2022/03/14,浦和,9,北区の花　菜の花賞Ｃ１五,1600,ダ,左,良,晴,8,8,8,メガディスカバリー,セ,0,56.0,457,-6,山崎誠,山崎尋,,4,1:45.0,39.8,8-8-7-5,6,457,-6
2022/03/14,浦和,9,北区の花　菜の花賞Ｃ１五,1600,ダ,左,良,晴,8,2,2,マダムフィガロ,牝,8,53.0,486,-1,古岡勇,田邊陽,,5,1:45.0,40.3,5-5-5-4,8,486,-1
2022/03/14,浦和,9,北区の花　菜の花賞Ｃ１五,1600,ダ,左,良,晴,8,7,7,シナノジャングル,牡,4,55.0,483,6,七夕裕,岡田一,,6,1:46.2,42.2,2-2-3-6,4,483,6
2022/03/14,浦和,9,北区の花　菜の花賞Ｃ１五,1600,ダ,左,良,晴,8,5,5,アスマスティーブ,セ,0,56.0,446,1,福原杏,水野貴,,7,1:46.9,42.2,6-6-6-7,7,446,1
2022/03/14,浦和,9,北区の花　菜の花賞Ｃ１五,1600,ダ,左,良,晴,8,3,3,ジョーコレット,牡,5,56.0,516,-21,西啓太,小久智,,8,1:48.7,43.3,7-7-8-8,5,516,-21
2022/03/14,浦和,10,あんず特別Ｃ１四,1400,ダ,左,良,晴,12,4,4,ヤマニンリュシオル,牝,7,53.0,482,-7,池谷匠,山崎尋,,1,1:29.7,37.8,8-9-8-7,3,482,-7
2022/03/14,浦和,10,あんず特別Ｃ１四,1400,ダ,左,良,晴,12,5,6,クラップクラップ,牝,5,54.0,456,-14,本橋孝,小久智,,2,1:30.1,39.1,2-2-2-2,2,456,-14
2022/03/14,浦和,10,あんず特別Ｃ１四,1400,ダ,左,良,晴,12,8,11,ヤマノプリティー,牝,4,51.0,477,-2,菅原涼,藤原智,,3,1:30.3,39.5,1-1-1-1,9,477,-2
2022/03/14,浦和,10,あんず特別Ｃ１四,1400,ダ,左,良,晴,12,7,9,スーパーローズ,牝,5,54.0,465,2,藤本現,野口孝,,4,1:30.3,38.8,6-6-6-6,8,465,2
2022/03/14,浦和,10,あんず特別Ｃ１四,1400,ダ,左,良,晴,12,1,1,ノーブルクロノス,牡,6,56.0,547,-2,森泰斗,水野貴,,5,1:30.6,39.3,5-5-4-4,1,547,-2
2022/03/14,浦和,10,あんず特別Ｃ１四,1400,ダ,左,良,晴,12,2,2,レーベンレジェンダ,牡,5,56.0,515,-4,中越琉,佐藤博,,6,1:30.7,39.0,9-7-7-5,7,515,-4
2022/03/14,浦和,10,あんず特別Ｃ１四,1400,ダ,左,良,晴,12,5,5,ケンイーサリアム,牡,7,56.0,495,3,岡村健,新井清,,7,1:31.1,39.8,3-3-3-3,5,495,3
2022/03/14,浦和,10,あんず特別Ｃ１四,1400,ダ,左,良,晴,12,6,7,メガフロート,牡,5,56.0,466,4,和田譲,宇野博,,8,1:31.3,40.1,4-4-5-8,6,466,4
2022/03/14,浦和,10,あんず特別Ｃ１四,1400,ダ,左,良,晴,12,7,10,ミトノベルーガー,牡,5,56.0,445,-2,本田重,鈴木義,,9,1:31.3,38.9,10-10-10-9,4,445,-2
2022/03/14,浦和,10,あんず特別Ｃ１四,1400,ダ,左,良,晴,12,6,8,メジャータイム,牡,4,56.0,462,-2,藤江渉,工藤伸,,10,1:31.4,38.6,12-12-12-10,11,462,-2
2022/03/14,浦和,10,あんず特別Ｃ１四,1400,ダ,左,良,晴,12,8,12,メディアジャッカル,牝,4,54.0,454,18,秋元耕,内野健,,11,1:32.1,40.4,7-8-9-11,10,454,18
2022/03/14,浦和,10,あんず特別Ｃ１四,1400,ダ,左,良,晴,12,3,3,タマモゼーゼマン,牡,5,56.0,473,-3,橋本直,川村守,,12,1:32.2,39.5,11-11-11-12,12,473,-3
2022/03/14,浦和,11,麗日特別Ｂ２二Ｂ３一,1500,ダ,左,良,晴,12,6,8,フクサングレート,牡,5,57.0,512,1,和田譲,宇野博,,1,1:35.8,38.5,2-2-2-2,4,512,1
2022/03/14,浦和,11,麗日特別Ｂ２二Ｂ３一,1500,ダ,左,良,晴,12,5,5,アルチレイロ,セ,0,57.0,469,-3,山崎誠,山崎尋,,2,1:36.0,37.6,10-10-10-7,5,469,-3
2022/03/14,浦和,11,麗日特別Ｂ２二Ｂ３一,1500,ダ,左,良,晴,12,8,11,モンストルオーソ,牡,5,55.0,471,-6,笹川翼,佐藤太,,3,1:36.0,38.5,3-3-3-3,1,471,-6
2022/03/14,浦和,11,麗日特別Ｂ２二Ｂ３一,1500,ダ,左,良,晴,12,6,7,シャイニー,牡,6,54.0,532,4,篠谷葵,野口寛,,4,1:36.0,37.7,11-12-8-6,7,532,4
2022/03/14,浦和,11,麗日特別Ｂ２二Ｂ３一,1500,ダ,左,良,晴,12,7,10,ワークアンドビート,牝,5,53.0,494,-9,森泰斗,小久智,,5,1:36.0,38.7,1-1-1-1,3,494,-9
2022/03/14,浦和,11,麗日特別Ｂ２二Ｂ３一,1500,ダ,左,良,晴,12,4,4,ハニーコーン,牡,8,57.0,476,-5,加藤和,長谷忍,,6,1:36.3,38.1,8-6-7-5,11,476,-5
2022/03/14,浦和,11,麗日特別Ｂ２二Ｂ３一,1500,ダ,左,良,晴,12,2,2,ダイリュウボーラー,牡,6,57.0,454,-2,本橋孝,繁田健,,7,1:36.3,38.4,4-4-6-4,2,454,-2
2022/03/14,浦和,11,麗日特別Ｂ２二Ｂ３一,1500,ダ,左,良,晴,12,3,3,ウインウェルス,牡,9,57.0,518,-5,町田直,新井清,,8,1:36.8,38.9,12-11-5-9,9,518,-5
2022/03/14,浦和,11,麗日特別Ｂ２二Ｂ３一,1500,ダ,左,良,晴,12,1,1,カミノアカネ,牝,5,53.0,471,3,岡田大,岡田一,,9,1:37.2,38.6,7-9-11-10,6,471,3
2022/03/14,浦和,11,麗日特別Ｂ２二Ｂ３一,1500,ダ,左,良,晴,12,7,9,グラデュエイト,牡,7,55.0,503,-10,張田昂,林隆之,,10,1:37.7,40.0,6-5-4-8,8,503,-10
2022/03/14,浦和,11,麗日特別Ｂ２二Ｂ３一,1500,ダ,左,良,晴,12,5,6,トーセンダーウィン,牡,4,56.0,479,-1,七夕裕,工藤伸,,11,1:38.0,39.6,5-7-12-12,12,479,-1
2022/03/14,浦和,11,麗日特別Ｂ２二Ｂ３一,1500,ダ,左,良,晴,12,8,12,ボマライン,セ,0,57.0,468,3,福原杏,水野貴,,12,1:38.0,39.8,9-8-9-11,10,468,3
2022/03/14,浦和,12,爽春特別Ｃ２選抜馬,2000,ダ,左,良,晴,12,2,2,タカジョー,牡,4,56.0,471,-5,笹川翼,宇野博,,1,2:11.1,37.7,1-1-1-1,1,471,-5
2022/03/14,浦和,12,爽春特別Ｃ２選抜馬,2000,ダ,左,良,晴,12,8,12,カズノオジョウ,牝,4,54.0,490,3,達城龍,柘榴浩,,2,2:12.0,38.4,3-3-2-2,3,490,3
2022/03/14,浦和,12,爽春特別Ｃ２選抜馬,2000,ダ,左,良,晴,12,5,5,マイネルジェンマ,牡,6,56.0,507,10,橋本直,内野健,,3,2:14.1,40.2,6-5-3-3,2,507,10
2022/03/14,浦和,12,爽春特別Ｃ２選抜馬,2000,ダ,左,良,晴,12,5,6,ジオパークマグマ,牡,4,56.0,462,-4,寺島憂,川島豊,,4,2:14.6,40.3,8-8-6-4,6,462,-4
2022/03/14,浦和,12,爽春特別Ｃ２選抜馬,2000,ダ,左,良,晴,12,6,8,ソウヤミサキ,牝,4,54.0,448,-2,福原杏,岡田一,,5,2:14.7,40.4,7-7-5-7,5,448,-2
2022/03/14,浦和,12,爽春特別Ｃ２選抜馬,2000,ダ,左,良,晴,12,8,11,ウインジュノー,牝,4,54.0,529,-3,保園翔,川島豊,,6,2:15.0,40.5,11-9-9-9,11,529,-3
2022/03/14,浦和,12,爽春特別Ｃ２選抜馬,2000,ダ,左,良,晴,12,4,4,コスモリカバリー,牡,4,56.0,488,-9,吉留孝,山越光,,7,2:15.0,40.0,10-11-11-8,10,488,-9
2022/03/14,浦和,12,爽春特別Ｃ２選抜馬,2000,ダ,左,良,晴,12,1,1,ルルド,セ,0,56.0,434,0,張田昂,平山真,,8,2:15.0,40.8,4-4-7-6,4,434,0
2022/03/14,浦和,12,爽春特別Ｃ２選抜馬,2000,ダ,左,良,晴,12,7,9,オウケンランボー,牡,6,56.0,537,-4,岡田大,薮口一,,9,2:15.2,39.8,12-12-12-12,8,537,-4
2022/03/14,浦和,12,爽春特別Ｃ２選抜馬,2000,ダ,左,良,晴,12,7,10,キョウエイアップ,牡,4,56.0,496,-4,秋元耕,小澤宏,,10,2:15.9,42.0,2-2-4-5,9,496,-4
2022/03/14,浦和,12,爽春特別Ｃ２選抜馬,2000,ダ,左,良,晴,12,3,3,トーセンウィンザー,牡,4,56.0,474,2,内田利,山越光,,11,2:16.1,42.1,5-6-8-11,7,474,2
2022/03/14,浦和,12,爽春特別Ｃ２選抜馬,2000,ダ,左,良,晴,12,6,7,シェナフウジン,牡,6,56.0,462,-3,國分祐,冨田敏,,12,2:16.3,41.6,9-10-10-10,12,462,-3
2022/03/15,浦和,1,浦和８００ラウンドＣ３選抜馬イ,800,ダ,左,稍重,曇,12,8,11,クラフェニックス,牝,4,51.0,460,8,菅原涼,藤原智,,1,0:47.9,35.8,3-1,5,460,8
2022/03/15,浦和,1,浦和８００ラウンドＣ３選抜馬イ,800,ダ,左,稍重,曇,12,5,5,クレヴァージャッジ,牡,5,56.0,526,4,加藤和,内野健,,2,0:48.3,36.3,1-2,1,526,4
2022/03/15,浦和,1,浦和８００ラウンドＣ３選抜馬イ,800,ダ,左,稍重,曇,12,5,6,ケイティーヒナノ,牝,7,54.0,477,-4,秋元耕,柘榴浩,,3,0:48.6,36.6,2-3,2,477,-4
2022/03/15,浦和,1,浦和８００ラウンドＣ３選抜馬イ,800,ダ,左,稍重,曇,12,4,4,メロメロパンチ,牝,9,54.0,493,-2,保園翔,内野健,,4,0:48.8,36.4,4-4,3,493,-2
2022/03/15,浦和,1,浦和８００ラウンドＣ３選抜馬イ,800,ダ,左,稍重,曇,12,7,10,クロノエンプレス,牝,5,54.0,480,-2,岡田大,酒井一,,5,0:49.0,36.6,6-5,4,480,-2
2022/03/15,浦和,1,浦和８００ラウンドＣ３選抜馬イ,800,ダ,左,稍重,曇,12,3,3,ニシノマッハ,牡,8,56.0,470,-1,國分祐,冨田敏,,6,0:49.3,36.2,10-8,7,470,-1
2022/03/15,浦和,1,浦和８００ラウンドＣ３選抜馬イ,800,ダ,左,稍重,曇,12,6,7,ヴィクトリアブーケ,牝,4,50.0,378,-2,神尾香,薮口一,,7,0:49.5,36.1,11-11,9,378,-2
2022/03/15,浦和,1,浦和８００ラウンドＣ３選抜馬イ,800,ダ,左,稍重,曇,12,1,1,コウエイダイチ,牡,8,56.0,463,5,寺島憂,吉田正,,8,0:49.5,36.8,7-6,8,463,5
2022/03/15,浦和,1,浦和８００ラウンドＣ３選抜馬イ,800,ダ,左,稍重,曇,12,8,12,ツーエムポラリス,牡,7,56.0,475,-1,山中悠,鈴木勝,,9,0:49.5,37.1,5-7,10,475,-1
2022/03/15,浦和,1,浦和８００ラウンドＣ３選抜馬イ,800,ダ,左,稍重,曇,12,7,9,オルエン,牝,6,54.0,472,8,見越彬,川村守,,10,0:49.6,36.7,8-10,11,472,8
2022/03/15,浦和,1,浦和８００ラウンドＣ３選抜馬イ,800,ダ,左,稍重,曇,12,6,8,レイリアン,牝,5,54.0,417,1,半澤慶,冨田敏,,11,0:49.7,36.6,9-9,12,417,1
2022/03/15,浦和,1,浦和８００ラウンドＣ３選抜馬イ,800,ダ,左,稍重,曇,12,2,2,グレートバロン,牡,8,56.0,475,5,吉留孝,岡田一,,12,0:50.0,36.8,12-12,6,475,5
2022/03/15,浦和,2,３歳五,1400,ダ,左,良,晴,10,5,5,アルラ,牡,3,56.0,521,-5,内田利,箕輪武,,1,1:30.1,38.5,6-5-4-2,1,521,-5
2022/03/15,浦和,2,３歳五,1400,ダ,左,良,晴,10,7,7,ミネヴィーノ,牝,3,54.0,444,-4,福原杏,小澤宏,,2,1:31.3,40.1,1-1-1-1,2,444,-4
2022/03/15,浦和,2,３歳五,1400,ダ,左,良,晴,10,8,10,コスモヴェレッド,牡,3,56.0,441,-6,櫻井光,河津裕,,3,1:32.0,40.4,5-6-5-3,5,441,-6
2022/03/15,浦和,2,３歳五,1400,ダ,左,良,晴,10,7,8,ラウンドライデン,牝,3,54.0,460,-6,藤江渉,水野貴,,4,1:32.5,39.0,10-10-10-10,9,460,-6
2022/03/15,浦和,2,３歳五,1400,ダ,左,良,晴,10,6,6,アンビションバイオ,牡,3,56.0,480,3,西啓太,山崎尋,,5,1:32.6,40.1,7-7-7-7,6,480,3
2022/03/15,浦和,2,３歳五,1400,ダ,左,良,晴,10,1,1,ツインティアラ,牝,3,54.0,436,-3,吉留孝,薮口一,,6,1:32.6,39.9,9-9-9-9,8,436,-3
2022/03/15,浦和,2,３歳五,1400,ダ,左,良,晴,10,8,9,ハクシンポケット,牡,3,56.0,444,-3,半澤慶,平山真,,7,1:32.7,41.3,3-3-3-5,4,444,-3
2022/03/15,浦和,2,３歳五,1400,ダ,左,良,晴,10,2,2,ゴールドキングダム,牡,3,56.0,500,-12,秋元耕,鹿沼和,,8,1:32.9,40.4,8-8-8-8,3,500,-12
2022/03/15,浦和,2,３歳五,1400,ダ,左,良,晴,10,4,4,ミスシャーロック,牝,3,54.0,454,3,保園翔,水野貴,,9,1:32.9,41.5,2-2-2-4,10,454,3
2022/03/15,浦和,2,３歳五,1400,ダ,左,良,晴,10,3,3,セイダンシング,牡,3,56.0,470,-8,岡田大,吉田正,,10,1:33.1,41.4,4-4-6-6,7,470,-8
2022/03/15,浦和,3,Ｃ３ ４歳イ,1400,ダ,左,良,晴,10,7,7,スタービート,牡,4,56.0,517,-1,達城龍,野口孝,,1,1:31.2,40.0,4-5-6-4,7,517,-1
2022/03/15,浦和,3,Ｃ３ ４歳イ,1400,ダ,左,良,晴,10,1,1,バナナムーン,牝,4,54.0,466,-6,岡田大,牛房榮,,2,1:31.6,40.6,5-4-3-2,5,466,-6
2022/03/15,浦和,3,Ｃ３ ４歳イ,1400,ダ,左,良,晴,10,5,5,トラハト,牝,4,54.0,496,-6,森泰斗,海馬司,,3,1:31.6,41.0,1-1-1-1,1,496,-6
2022/03/15,浦和,3,Ｃ３ ４歳イ,1400,ダ,左,良,晴,10,4,4,ルフトバローン,牝,4,54.0,457,-2,吉留孝,薮口一,,4,1:32.4,41.8,3-2-2-3,9,457,-2
2022/03/15,浦和,3,Ｃ３ ４歳イ,1400,ダ,左,良,晴,10,8,9,シャイニングパール,牝,4,54.0,440,0,高橋哲,工藤伸,,5,1:32.7,41.7,7-6-5-5,3,440,0
2022/03/15,浦和,3,Ｃ３ ４歳イ,1400,ダ,左,良,晴,10,2,2,ピノティートン,牡,4,56.0,464,-1,見越彬,野口孝,,6,1:33.0,40.8,8-9-9-7,8,464,-1
2022/03/15,浦和,3,Ｃ３ ４歳イ,1400,ダ,左,良,晴,10,7,8,シークレットギア,牡,4,56.0,484,-5,福原杏,薮口一,,7,1:33.1,41.4,9-8-7-8,4,484,-5
2022/03/15,浦和,3,Ｃ３ ４歳イ,1400,ダ,左,良,晴,10,3,3,トーセンイザベル,牝,4,54.0,422,-7,保園翔,海馬司,,8,1:33.7,42.0,6-7-8-6,2,422,-7
2022/03/15,浦和,3,Ｃ３ ４歳イ,1400,ダ,左,良,晴,10,6,6,スマートラムセス,牡,4,56.0,516,-6,秋元耕,酒井一,,9,1:34.5,41.8,10-10-10-10,10,516,-6
2022/03/15,浦和,3,Ｃ３ ４歳イ,1400,ダ,左,良,晴,10,8,10,ラップリーダー,牡,4,56.0,467,13,和田譲,川村守,,10,1:34.7,43.8,2-3-4-9,6,467,13
2022/03/15,浦和,4,幸手のマスコット「さっちゃんＣ２三 四 五,1400,ダ,左,良,晴,11,5,5,サフランポケット,牡,4,56.0,483,-4,山崎誠,平山真,,1,1:31.0,38.5,8-8-6-5,2,483,-4
2022/03/15,浦和,4,幸手のマスコット「さっちゃんＣ２三 四 五,1400,ダ,左,良,晴,11,6,6,エイシンミラクル,牝,4,54.0,450,-5,保園翔,山越光,,2,1:31.1,39.5,1-1-1-1,6,450,-5
2022/03/15,浦和,4,幸手のマスコット「さっちゃんＣ２三 四 五,1400,ダ,左,良,晴,11,8,10,ジャストメイビー,牝,4,54.0,493,1,和田譲,宇野博,,3,1:31.2,39.3,3-3-3-4,4,493,1
2022/03/15,浦和,4,幸手のマスコット「さっちゃんＣ２三 四 五,1400,ダ,左,良,晴,11,8,11,ワールドプリンス,セ,0,56.0,515,0,張田昂,小久智,,4,1:31.2,39.4,2-2-2-3,5,515,0
2022/03/15,浦和,4,幸手のマスコット「さっちゃんＣ２三 四 五,1400,ダ,左,良,晴,11,7,8,キタサンボルト,牡,8,56.0,491,0,森泰斗,川島一,,5,1:31.3,39.0,6-6-4-2,1,491,0
2022/03/15,浦和,4,幸手のマスコット「さっちゃんＣ２三 四 五,1400,ダ,左,良,晴,11,4,4,エスカマリ,牝,4,54.0,465,4,橋本直,吉田正,,6,1:31.9,39.1,10-10-9-7,11,465,4
2022/03/15,浦和,4,幸手のマスコット「さっちゃんＣ２三 四 五,1400,ダ,左,良,晴,11,2,2,スティールマドンナ,牝,4,54.0,457,9,岡田大,藤原智,,7,1:32.1,39.5,5-5-8-6,7,457,9
2022/03/15,浦和,4,幸手のマスコット「さっちゃんＣ２三 四 五,1400,ダ,左,良,晴,11,6,7,モンジロウ,牡,4,55.0,505,-7,七夕裕,柘榴浩,,8,1:32.3,38.4,11-11-10-10,10,505,-7
2022/03/15,浦和,4,幸手のマスコット「さっちゃんＣ２三 四 五,1400,ダ,左,良,晴,11,3,3,カンノンショウ,牡,4,56.0,463,1,寺島憂,柘榴浩,,9,1:32.4,39.8,7-7-7-8,9,463,1
2022/03/15,浦和,4,幸手のマスコット「さっちゃんＣ２三 四 五,1400,ダ,左,良,晴,11,7,9,コンフィテオール,牝,4,54.0,457,-9,笹川翼,小澤宏,,10,1:33.4,41.3,4-4-5-9,3,457,-9
2022/03/15,浦和,4,幸手のマスコット「さっちゃんＣ２三 四 五,1400,ダ,左,良,晴,11,1,1,エクセリア,牝,4,54.0,445,11,秋元耕,小林真,,11,1:34.6,41.0,9-9-11-11,8,445,11
2022/03/15,浦和,5,３歳四,1400,ダ,左,良,晴,10,8,10,タキチャンゴー,牝,3,54.0,467,7,張田昂,小久智,,1,1:30.3,38.5,3-2-2-1,1,467,7
2022/03/15,浦和,5,３歳四,1400,ダ,左,良,晴,10,6,6,リョウイキテンカイ,牝,3,54.0,441,-15,橋本直,柘榴浩,,2,1:30.9,39.1,1-1-1-2,4,441,-15
2022/03/15,浦和,5,３歳四,1400,ダ,左,良,晴,10,3,3,フユノダイサンカク,牡,3,56.0,442,-3,増田充,高月賢,,3,1:31.2,39.1,5-5-4-4,3,442,-3
2022/03/15,浦和,5,３歳四,1400,ダ,左,良,晴,10,7,8,アルデイ,牡,3,56.0,453,-1,藤本現,河津裕,,4,1:31.7,39.8,4-3-3-3,2,453,-1
2022/03/15,浦和,5,３歳四,1400,ダ,左,良,晴,10,5,5,ホワイトネイル,牝,3,54.0,418,-4,吉留孝,藤原智,,5,1:32.0,39.1,7-7-7-6,7,418,-4
2022/03/15,浦和,5,３歳四,1400,ダ,左,良,晴,10,7,7,オンザゴー,牝,3,54.0,455,-7,本橋孝,林隆之,,6,1:32.5,39.6,8-8-8-9,6,455,-7
2022/03/15,浦和,5,３歳四,1400,ダ,左,良,晴,10,4,4,キングオブサミット,セ,0,56.0,448,-3,山林信,田島寿,,7,1:32.6,40.4,2-4-5-5,10,448,-3
2022/03/15,浦和,5,３歳四,1400,ダ,左,良,晴,10,8,9,シェナダイオー,牡,3,56.0,541,9,秋元耕,山越光,,8,1:32.6,39.1,10-10-9-8,8,541,9
2022/03/15,浦和,5,３歳四,1400,ダ,左,良,晴,10,2,2,ユメミルツキ,牝,3,54.0,452,-6,半澤慶,工藤伸,,9,1:33.6,41.2,6-6-6-7,5,452,-6
2022/03/15,浦和,5,３歳四,1400,ダ,左,良,晴,10,1,1,ユウユウパレス,牝,3,54.0,405,9,福原杏,横山保,,10,1:33.8,40.1,9-9-10-10,9,405,9
2022/03/15,浦和,6,浦和８００ラウンドＣ３選抜馬ア,800,ダ,左,良,晴,12,2,2,ラブリースマッシュ,牝,7,54.0,466,-18,吉留孝,薮口一,,1,0:48.3,35.9,4-2,8,466,-18
2022/03/15,浦和,6,浦和８００ラウンドＣ３選抜馬ア,800,ダ,左,良,晴,12,7,9,エイシンキーゼル,牡,4,56.0,457,-1,半澤慶,宇野博,,2,0:48.4,36.4,1-1,3,457,-1
2022/03/15,浦和,6,浦和８００ラウンドＣ３選抜馬ア,800,ダ,左,良,晴,12,4,4,カゲカツ,牡,8,56.0,522,-2,橋本直,長谷忍,,3,0:48.6,36.2,5-3,2,522,-2
2022/03/15,浦和,6,浦和８００ラウンドＣ３選抜馬ア,800,ダ,左,良,晴,12,6,7,ヘデラ,牝,6,54.0,439,-1,寺島憂,柘榴浩,,4,0:48.7,36.5,2-4,9,439,-1
2022/03/15,浦和,6,浦和８００ラウンドＣ３選抜馬ア,800,ダ,左,良,晴,12,6,8,マリアフィナーレ,牝,5,54.0,450,-1,見越彬,小林真,,5,0:49.0,36.4,8-9,11,450,-1
2022/03/15,浦和,6,浦和８００ラウンドＣ３選抜馬ア,800,ダ,左,良,晴,12,3,3,サノチナ,牝,5,50.0,421,5,神尾香,川島豊,,6,0:49.0,36.1,9-6,12,421,5
2022/03/15,浦和,6,浦和８００ラウンドＣ３選抜馬ア,800,ダ,左,良,晴,12,8,12,ダイバキャッツアイ,牝,5,54.0,446,3,内田利,箕輪武,,7,0:49.3,37.0,3-5,6,446,3
2022/03/15,浦和,6,浦和８００ラウンドＣ３選抜馬ア,800,ダ,左,良,晴,12,8,11,フライトメモリア,牝,4,54.0,524,6,秋元耕,川村守,,8,0:49.3,36.4,10-11,1,524,6
2022/03/15,浦和,6,浦和８００ラウンドＣ３選抜馬ア,800,ダ,左,良,晴,12,5,6,キイエクスプロード,牝,5,54.0,443,-4,町田直,山越光,,9,0:49.4,36.4,11-10,5,443,-4
2022/03/15,浦和,6,浦和８００ラウンドＣ３選抜馬ア,800,ダ,左,良,晴,12,5,5,ラヴアンドゲーム,牝,5,53.0,453,-4,篠谷葵,酒井一,,10,0:49.4,37.0,6-7,4,453,-4
2022/03/15,浦和,6,浦和８００ラウンドＣ３選抜馬ア,800,ダ,左,良,晴,12,7,10,ロゼッタハート,牝,8,54.0,440,-1,高橋哲,牛房榮,,11,0:49.7,37.0,7-8,7,440,-1
2022/03/15,浦和,6,浦和８００ラウンドＣ３選抜馬ア,800,ダ,左,良,晴,12,1,1,アミン,牝,5,53.0,449,8,七夕裕,冨田敏,,12,0:49.7,36.2,12-12,10,449,8
2022/03/15,浦和,7,Ｊ交 ツインシャイン特別３歳選抜馬,1400,ダ,左,良,晴,11,7,9,アイウォール,牡,3,56.0,503,-3,森泰斗,水野貴,,1,1:28.9,38.6,2-2-2-1,1,503,-3
2022/03/15,浦和,7,Ｊ交 ツインシャイン特別３歳選抜馬,1400,ダ,左,良,晴,11,8,10,キュートハイカー,牝,3,54.0,414,0,和田譲,深山雅,,2,1:29.0,38.5,3-3-3-3,3,414,0
2022/03/15,浦和,7,Ｊ交 ツインシャイン特別３歳選抜馬,1400,ダ,左,良,晴,11,1,1,フレイムジョーカー,牡,3,56.0,488,-12,笹川翼,中川公,,3,1:29.2,38.9,1-1-1-2,2,488,-12
2022/03/15,浦和,7,Ｊ交 ツインシャイン特別３歳選抜馬,1400,ダ,左,良,晴,11,3,3,エンタクノキシ,牡,3,56.0,479,0,山崎誠,藤原智,,4,1:29.9,39.2,4-4-4-4,5,479,0
2022/03/15,浦和,7,Ｊ交 ツインシャイン特別３歳選抜馬,1400,ダ,左,良,晴,11,7,8,エスタス,牡,3,56.0,490,0,今野忠,田中博,,5,1:30.3,38.6,8-7-6-5,6,490,0
2022/03/15,浦和,7,Ｊ交 ツインシャイン特別３歳選抜馬,1400,ダ,左,良,晴,11,6,6,ジュンハンス,牡,3,56.0,448,4,本橋孝,小久智,,6,1:31.0,38.9,11-10-8-7,4,448,4
2022/03/15,浦和,7,Ｊ交 ツインシャイン特別３歳選抜馬,1400,ダ,左,良,晴,11,2,2,クレウーサ,牝,3,53.0,485,3,古岡勇,小澤宏,,7,1:31.3,39.8,6-5-5-6,7,485,3
2022/03/15,浦和,7,Ｊ交 ツインシャイン特別３歳選抜馬,1400,ダ,左,良,晴,11,6,7,クォーツ,牝,3,50.0,457,-5,神尾香,石栗龍,,8,1:31.9,39.8,9-9-7-8,8,457,-5
2022/03/15,浦和,7,Ｊ交 ツインシャイン特別３歳選抜馬,1400,ダ,左,良,晴,11,8,11,ドラゴンズアイ,牝,3,54.0,449,-12,加藤和,野口孝,,9,1:32.5,40.4,7-8-10-9,9,449,-12
2022/03/15,浦和,7,Ｊ交 ツインシャイン特別３歳選抜馬,1400,ダ,左,良,晴,11,5,5,カゼノカケハシ,牝,3,54.0,394,-4,櫻井光,根本康,,10,1:32.7,40.3,10-11-11-10,11,394,-4
2022/03/15,浦和,7,Ｊ交 ツインシャイン特別３歳選抜馬,1400,ダ,左,良,晴,11,4,4,アヴィアス,セ,0,56.0,485,5,西啓太,萱野浩,,11,1:34.4,42.3,5-6-9-11,10,485,5
2022/03/15,浦和,8,Ｃ２三 四 五,1500,ダ,左,良,晴,11,3,3,アスクヴェリウェル,牡,7,56.0,459,-3,山崎誠,山崎尋,,1,1:37.4,39.1,3-3-3-3,1,459,-3
2022/03/15,浦和,8,Ｃ２三 四 五,1500,ダ,左,良,晴,11,6,6,リュウノジャズ,牡,6,56.0,544,-10,和田譲,齊藤敏,,2,1:37.7,39.6,2-2-2-1,3,544,-10
2022/03/15,浦和,8,Ｃ２三 四 五,1500,ダ,左,良,晴,11,7,8,スパンブリー,牡,6,56.0,536,0,内田利,長谷忍,,3,1:37.9,39.4,6-4-4-4,6,536,0
2022/03/15,浦和,8,Ｃ２三 四 五,1500,ダ,左,良,晴,11,4,4,ギャップオブリアル,牡,6,56.0,469,-2,加藤和,八木仁,,4,1:38.3,39.3,9-7-6-5,4,469,-2
2022/03/15,浦和,8,Ｃ２三 四 五,1500,ダ,左,良,晴,11,8,11,コンバットマジック,牝,4,54.0,453,-7,秋元耕,川島豊,,5,1:38.3,39.6,4-5-5-6,7,453,-7
2022/03/15,浦和,8,Ｃ２三 四 五,1500,ダ,左,良,晴,11,2,2,ペイシャレン,牝,4,54.0,478,7,森泰斗,平山真,,6,1:38.6,39.4,5-6-8-7,2,478,7
2022/03/15,浦和,8,Ｃ２三 四 五,1500,ダ,左,良,晴,11,5,5,コウユーカノカノ,牝,5,54.0,455,4,福原杏,宇野博,,7,1:38.9,40.8,1-1-1-2,5,455,4
2022/03/15,浦和,8,Ｃ２三 四 五,1500,ダ,左,良,晴,11,1,1,アンカーマン,セ,0,56.0,500,0,石崎駿,海馬司,,8,1:39.9,40.2,10-10-11-9,8,500,0
2022/03/15,浦和,8,Ｃ２三 四 五,1500,ダ,左,良,晴,11,6,7,ヒラボククイーン,牝,5,54.0,461,0,柿本量,渋谷博,,9,1:40.4,40.7,11-11-10-11,11,461,0
2022/03/15,浦和,8,Ｃ２三 四 五,1500,ダ,左,良,晴,11,8,10,トーセンガーリー,牝,4,50.0,467,-4,神尾香,平山真,,10,1:40.6,41.4,7-8-7-8,10,467,-4
2022/03/15,浦和,8,Ｃ２三 四 五,1500,ダ,左,良,晴,11,7,9,シュバルマル,セ,0,56.0,505,3,吉留孝,薮口一,,11,1:40.8,41.4,8-9-9-10,9,505,3
2022/03/15,浦和,9,大宮区の花　さくら賞Ｃ２三 四 五,1400,ダ,左,良,晴,9,8,8,トーアコハク,牝,5,53.0,463,0,篠谷葵,齊藤敏,,1,1:29.5,40.1,5-5-4-3,2,463,0
2022/03/15,浦和,9,大宮区の花　さくら賞Ｃ２三 四 五,1400,ダ,左,良,晴,9,5,5,マイヨヴェール,牡,7,56.0,562,-9,福原杏,柘榴浩,,2,1:29.8,40.0,8-8-5-1,1,562,-9
2022/03/15,浦和,9,大宮区の花　さくら賞Ｃ２三 四 五,1400,ダ,左,良,晴,9,8,9,イサチルダイチ,牡,6,56.0,516,-5,町田直,長谷忍,,3,1:31.2,41.6,4-4-6-5,6,516,-5
2022/03/15,浦和,9,大宮区の花　さくら賞Ｃ２三 四 五,1400,ダ,左,良,晴,9,4,4,ハーイ,牝,5,54.0,448,9,本橋孝,野口孝,,4,1:31.3,42.1,2-2-1-2,4,448,9
2022/03/15,浦和,9,大宮区の花　さくら賞Ｃ２三 四 五,1400,ダ,左,良,晴,9,2,2,ラピッドフォール,牝,4,53.0,440,7,七夕裕,野口寛,,5,1:31.7,41.4,7-7-9-6,8,440,7
2022/03/15,浦和,9,大宮区の花　さくら賞Ｃ２三 四 五,1400,ダ,左,良,晴,9,3,3,コスモクウ,牡,5,56.0,498,-2,岡村健,米谷康,,6,1:32.1,42.1,6-6-7-7,7,498,-2
2022/03/15,浦和,9,大宮区の花　さくら賞Ｃ２三 四 五,1400,ダ,左,良,晴,9,6,6,レオズソーダライト,牝,6,54.0,475,-4,橋本直,平山真,,7,1:32.7,43.5,3-3-2-4,5,475,-4
2022/03/15,浦和,9,大宮区の花　さくら賞Ｃ２三 四 五,1400,ダ,左,良,晴,9,7,7,キョウエイオビエド,牡,7,56.0,472,1,實川純,佐々功,,8,1:33.4,43.2,9-9-8-9,9,472,1
2022/03/15,浦和,9,大宮区の花　さくら賞Ｃ２三 四 五,1400,ダ,左,良,晴,9,1,1,ヴェールレガロ,牡,7,55.0,515,-2,古岡勇,小澤宏,,9,1:34.2,45.0,1-1-3-8,3,515,-2
2022/03/15,浦和,10,スミレ特別Ｂ３二,1400,ダ,左,良,晴,12,7,9,ミコノスフレイバー,牡,4,56.0,499,-8,笠野雄,稲益貴,,1,1:28.2,38.1,1-1-1-1,7,499,-8
2022/03/15,浦和,10,スミレ特別Ｂ３二,1400,ダ,左,良,晴,12,4,4,コンセプト,牡,4,56.0,463,-13,本橋孝,小久智,,2,1:28.4,37.6,5-5-4-3,1,463,-13
2022/03/15,浦和,10,スミレ特別Ｂ３二,1400,ダ,左,良,晴,12,7,10,サニークラウド,牡,6,56.0,491,-3,和田譲,宇野博,,3,1:28.9,38.4,3-3-3-4,2,491,-3
2022/03/15,浦和,10,スミレ特別Ｂ３二,1400,ダ,左,良,晴,12,8,12,イデアイホマジョル,セ,0,56.0,456,4,笹川翼,岡田一,,4,1:29.0,38.7,2-2-2-2,3,456,4
2022/03/15,浦和,10,スミレ特別Ｂ３二,1400,ダ,左,良,晴,12,5,6,クマサンニデアッタ,牝,4,54.0,443,-6,福原杏,宇野博,,5,1:29.6,38.7,6-6-5-5,5,443,-6
2022/03/15,浦和,10,スミレ特別Ｂ３二,1400,ダ,左,良,晴,12,6,8,スセリヒメ,牝,4,54.0,448,1,櫻井光,河津裕,,6,1:30.1,38.4,11-11-12-11,11,448,1
2022/03/15,浦和,10,スミレ特別Ｂ３二,1400,ダ,左,良,晴,12,2,2,ニッチモサッチモ,セ,0,56.0,442,-15,山中悠,伊藤滋,,7,1:30.1,38.8,9-8-8-7,8,442,-15
2022/03/15,浦和,10,スミレ特別Ｂ３二,1400,ダ,左,良,晴,12,8,11,トイトイトイ,牡,9,56.0,465,-2,山口達,林正人,,8,1:30.6,39.5,7-7-7-9,10,465,-2
2022/03/15,浦和,10,スミレ特別Ｂ３二,1400,ダ,左,良,晴,12,6,7,キョウエイオジョウ,牝,8,54.0,486,-4,藤本現,小澤宏,,9,1:30.8,38.9,12-12-10-10,6,486,-4
2022/03/15,浦和,10,スミレ特別Ｂ３二,1400,ダ,左,良,晴,12,1,1,サトノゴールド,セ,0,56.0,476,-4,秋元耕,小林真,,10,1:31.5,40.0,10-9-11-12,12,476,-4
2022/03/15,浦和,10,スミレ特別Ｂ３二,1400,ダ,左,良,晴,12,3,3,クリスタルアワード,牝,6,54.0,469,-5,矢野貴,山越光,,11,1:31.6,40.7,4-4-6-6,4,469,-5
2022/03/15,浦和,10,スミレ特別Ｂ３二,1400,ダ,左,良,晴,12,5,5,テンエイアース,牡,9,56.0,439,-23,張田昂,林隆之,,12,1:32.1,40.6,8-10-9-8,9,439,-23
2022/03/15,浦和,11,春光特別Ａ２下,1500,ダ,左,良,晴,10,1,1,サヨノグローリー,牡,4,57.0,487,3,町田直,工藤伸,,1,1:34.4,37.9,5-4-3-1,1,487,3
2022/03/15,浦和,11,春光特別Ａ２下,1500,ダ,左,良,晴,10,2,2,アギト,牡,6,57.0,498,5,矢野貴,小久智,,2,1:35.0,38.2,7-6-4-3,5,498,5
2022/03/15,浦和,11,春光特別Ａ２下,1500,ダ,左,良,晴,10,7,7,メンターモード,セ,0,57.0,494,-2,藤田凌,橋本馬,,3,1:35.2,38.4,6-7-5-4,9,494,-2
2022/03/15,浦和,11,春光特別Ａ２下,1500,ダ,左,良,晴,10,4,4,ホウヨウクリスタル,牡,4,55.0,502,-2,山崎誠,藤原智,,4,1:35.3,39.0,1-1-1-2,4,502,-2
2022/03/15,浦和,11,春光特別Ａ２下,1500,ダ,左,良,晴,10,3,3,パーソナルマキ,牡,9,55.0,506,-3,吉留孝,平山真,,5,1:35.4,38.3,8-8-7-5,8,506,-3
2022/03/15,浦和,11,春光特別Ａ２下,1500,ダ,左,良,晴,10,6,6,ボナヴィーゴ,牡,7,55.0,525,3,福原杏,宇野博,,6,1:35.4,37.8,10-9-9-8,2,525,3
2022/03/15,浦和,11,春光特別Ａ２下,1500,ダ,左,良,晴,10,8,9,ストームドッグ,セ,0,55.0,430,-1,森泰斗,伊藤滋,,7,1:36.2,38.2,9-10-10-9,6,430,-1
2022/03/15,浦和,11,春光特別Ａ２下,1500,ダ,左,良,晴,10,5,5,マシンガン,牡,4,55.0,503,4,石崎駿,林正人,,8,1:36.3,39.5,3-3-6-7,7,503,4
2022/03/15,浦和,11,春光特別Ａ２下,1500,ダ,左,良,晴,10,8,10,ジョーロノ,牡,4,57.0,476,-18,保園翔,小久智,,9,1:36.8,40.5,2-2-2-6,3,476,-18
2022/03/15,浦和,11,春光特別Ａ２下,1500,ダ,左,良,晴,10,7,8,ブレークオンスルー,牡,8,55.0,529,1,國分祐,冨田敏,,10,1:38.1,41.1,4-5-8-10,10,529,1
2022/03/15,浦和,12,季春特別Ｃ１選抜馬,2000,ダ,左,良,晴,12,8,11,コスモビックラコグ,セ,0,56.0,474,-1,和田譲,今井輝,,1,2:10.3,38.7,6-4-2-1,1,474,-1
2022/03/15,浦和,12,季春特別Ｃ１選抜馬,2000,ダ,左,良,晴,12,6,8,マイネルカガヤキ,牡,5,56.0,508,-4,橋本直,平山真,,2,2:10.8,39.0,8-8-1-2,2,508,-4
2022/03/15,浦和,12,季春特別Ｃ１選抜馬,2000,ダ,左,良,晴,12,3,3,ローゼンリッター,牡,6,56.0,542,-5,櫻井光,林隆之,,3,2:12.2,40.1,3-3-4-4,4,542,-5
2022/03/15,浦和,12,季春特別Ｃ１選抜馬,2000,ダ,左,良,晴,12,5,6,ガマン,牡,5,56.0,474,4,町田直,水野貴,,4,2:12.4,40.8,1-1-3-3,3,474,4
2022/03/15,浦和,12,季春特別Ｃ１選抜馬,2000,ダ,左,良,晴,12,4,4,アークリオーソ,牡,4,56.0,465,-6,本橋孝,平田正,,5,2:13.4,40.4,10-9-11-9,5,465,-6
2022/03/15,浦和,12,季春特別Ｃ１選抜馬,2000,ダ,左,良,晴,12,1,1,スウォードキング,牡,6,55.0,456,1,古岡勇,田島寿,,6,2:13.4,40.3,12-11-9-7,9,456,1
2022/03/15,浦和,12,季春特別Ｃ１選抜馬,2000,ダ,左,良,晴,12,5,5,マイネルスキーブ,牡,4,56.0,481,4,矢野貴,加藤誠,,7,2:14.1,41.3,5-6-6-5,7,481,4
2022/03/15,浦和,12,季春特別Ｃ１選抜馬,2000,ダ,左,良,晴,12,7,9,エデリー,牡,6,56.0,531,-8,伊藤裕,久保勇,,8,2:14.4,41.4,11-12-8-6,11,531,-8
2022/03/15,浦和,12,季春特別Ｃ１選抜馬,2000,ダ,左,良,晴,12,7,10,アイエンジェル,牝,5,54.0,492,0,笹川翼,岡田一,,9,2:15.0,42.2,7-7-10-11,6,492,0
2022/03/15,浦和,12,季春特別Ｃ１選抜馬,2000,ダ,左,良,晴,12,2,2,レインボーカラー,牝,4,54.0,517,3,内田利,藤原智,,10,2:16.1,43.6,2-2-5-10,8,517,3
2022/03/15,浦和,12,季春特別Ｃ１選抜馬,2000,ダ,左,良,晴,12,6,7,ニシノカムイ,牡,4,56.0,472,-10,高橋利,新井清,,11,2:16.2,43.2,9-10-7-8,12,472,-10
2022/03/15,浦和,12,季春特別Ｃ１選抜馬,2000,ダ,左,良,晴,12,8,12,サイセイセイ,セ,0,56.0,490,-16,張田昂,小久智,,12,2:21.6,48.8,4-5-12-12,10,490,-16
2022/03/16,浦和,1,３歳七,1400,ダ,左,良,曇,9,3,3,グッドヘイロー,牝,3,54.0,494,5,保園翔,山越光,,1,1:33.5,39.6,5-5-3-2,4,494,5
2022/03/16,浦和,1,３歳七,1400,ダ,左,良,曇,9,6,6,ソーサレス,牝,3,54.0,475,35,森泰斗,小澤宏,,2,1:33.6,40.0,2-2-1-1,1,475,35
2022/03/16,浦和,1,３歳七,1400,ダ,左,良,曇,9,1,1,ニューディヴァイド,セ,0,55.0,456,-4,古岡勇,山崎尋,,3,1:33.7,39.7,4-3-5-4,5,456,-4
2022/03/16,浦和,1,３歳七,1400,ダ,左,良,曇,9,7,7,ボンバーキャット,牡,3,56.0,461,-6,見越彬,長谷忍,,4,1:34.3,40.4,3-4-4-5,3,461,-6
2022/03/16,浦和,1,３歳七,1400,ダ,左,良,曇,9,8,8,カラーレスマージン,牡,3,56.0,479,8,半澤慶,宇野博,,5,1:34.4,40.1,8-8-7-6,6,479,8
2022/03/16,浦和,1,３歳七,1400,ダ,左,良,曇,9,4,4,ファインファン,牝,3,54.0,437,-2,橋本直,小久智,,6,1:34.6,41.0,1-1-2-3,2,437,-2
2022/03/16,浦和,1,３歳七,1400,ダ,左,良,曇,9,8,9,ヒナマル,牝,3,51.0,414,-5,菅原涼,長谷忍,,7,1:35.4,41.1,9-9-8-7,8,414,-5
2022/03/16,浦和,1,３歳七,1400,ダ,左,良,曇,9,2,2,シェナハート,牝,3,54.0,422,-7,國分祐,冨田敏,,8,1:35.6,40.9,7-6-9-8,9,422,-7
2022/03/16,浦和,1,３歳七,1400,ダ,左,良,曇,9,5,5,ミキノケショウバコ,牝,3,54.0,470,-4,吉留孝,平山真,,9,1:36.6,42.6,6-7-6-9,7,470,-4
2022/03/16,浦和,2,３歳六,1400,ダ,左,良,曇,10,7,8,サンビバリーヒルズ,牡,3,56.0,434,-2,櫻井光,古澤悟,,1,1:31.5,38.7,9-9-8-5,8,434,-2
2022/03/16,浦和,2,３歳六,1400,ダ,左,良,曇,10,8,9,ビームービー,牡,3,56.0,474,3,町田直,今井輝,,2,1:31.6,40.1,2-2-2-2,6,474,3
2022/03/16,浦和,2,３歳六,1400,ダ,左,良,曇,10,2,2,ヤクライローズ,牝,3,54.0,435,-1,見越彬,鹿沼和,,3,1:32.1,39.7,8-8-4-6,7,435,-1
2022/03/16,浦和,2,３歳六,1400,ダ,左,良,曇,10,5,5,アルゴル,牡,3,56.0,461,7,内田利,箕輪武,,4,1:32.1,40.7,1-1-1-1,2,461,7
2022/03/16,浦和,2,３歳六,1400,ダ,左,良,曇,10,8,10,スイフトマリー,牝,3,54.0,382,0,岡村健,酒井一,,5,1:32.3,40.5,4-4-3-4,4,382,0
2022/03/16,浦和,2,３歳六,1400,ダ,左,良,曇,10,3,3,グラナダフレイバー,牝,3,54.0,490,-11,福原杏,繁田健,,6,1:32.6,40.4,5-5-6-7,1,490,-11
2022/03/16,浦和,2,３歳六,1400,ダ,左,良,曇,10,7,7,アズールスフィア,牝,3,54.0,417,5,高橋哲,工藤伸,,7,1:32.6,40.2,7-6-7-8,3,417,5
2022/03/16,浦和,2,３歳六,1400,ダ,左,良,曇,10,4,4,マニフィックブリエ,牝,3,54.0,421,0,藤江渉,平田正,,8,1:32.7,40.8,3-3-5-3,9,421,0
2022/03/16,浦和,2,３歳六,1400,ダ,左,良,曇,10,6,6,ケイティアマゾネス,牝,3,54.0,454,-1,伊藤裕,加藤誠,,9,1:33.3,39.8,10-10-9-9,10,454,-1
2022/03/16,浦和,2,３歳六,1400,ダ,左,良,曇,10,1,1,ビービーアリオン,牝,3,54.0,418,4,山崎誠,山崎尋,,10,1:35.6,42.5,6-7-10-10,5,418,4
2022/03/16,浦和,3,Ｃ３五 六 七,1400,ダ,左,良,曇,12,6,8,タカラビート,牡,8,56.0,468,3,藤本現,齊藤敏,,1,1:30.6,38.1,9-8-6-2,4,468,3
2022/03/16,浦和,3,Ｃ３五 六 七,1400,ダ,左,良,曇,12,8,11,ニットウナナ,牝,7,54.0,472,1,山崎誠,林隆之,,2,1:31.7,40.5,3-3-2-3,1,472,1
2022/03/16,浦和,3,Ｃ３五 六 七,1400,ダ,左,良,曇,12,5,5,レッカーベルン,牝,8,54.0,483,-3,笹川翼,新井清,,3,1:31.7,41.1,2-1-1-1,5,483,-3
2022/03/16,浦和,3,Ｃ３五 六 七,1400,ダ,左,良,曇,12,1,1,ビアンカグリーン,牡,7,56.0,493,-1,藤江渉,酒井一,,4,1:31.7,38.8,10-9-7-6,2,493,-1
2022/03/16,浦和,3,Ｃ３五 六 七,1400,ダ,左,良,曇,12,2,2,アフオラカ,牝,7,54.0,484,5,川島正,林隆之,,5,1:31.8,40.4,4-4-3-4,3,484,5
2022/03/16,浦和,3,Ｃ３五 六 七,1400,ダ,左,良,曇,12,4,4,ロッカーモーション,牝,6,54.0,505,12,寺島憂,内野健,,6,1:32.6,40.9,5-5-5-5,6,505,12
2022/03/16,浦和,3,Ｃ３五 六 七,1400,ダ,左,良,曇,12,7,10,ゴールドスピアー,牝,8,54.0,494,15,秋元耕,川村守,,7,1:33.0,39.5,12-10-10-9,8,494,15
2022/03/16,浦和,3,Ｃ３五 六 七,1400,ダ,左,良,曇,12,6,7,プリートソリード,牝,6,54.0,488,3,櫻井光,村田六,,8,1:33.5,40.7,6-7-8-8,10,488,3
2022/03/16,浦和,3,Ｃ３五 六 七,1400,ダ,左,良,曇,12,5,6,アストラルブレイズ,牝,5,54.0,499,5,見越彬,小林真,,9,1:33.9,40.0,8-11-11-11,12,499,5
2022/03/16,浦和,3,Ｃ３五 六 七,1400,ダ,左,良,曇,12,7,9,リンクスクリスタル,牝,9,54.0,443,-2,臼井健,宮下靖,,10,1:34.0,39.6,11-12-12-10,11,443,-2
2022/03/16,浦和,3,Ｃ３五 六 七,1400,ダ,左,良,曇,12,8,12,クラセイジョ,牝,9,51.0,472,0,菅原涼,藤原智,,11,1:34.1,43.2,1-2-4-7,9,472,0
2022/03/16,浦和,3,Ｃ３五 六 七,1400,ダ,左,良,曇,12,3,3,キープファイター,セ,0,55.0,517,-1,七夕裕,柘榴浩,,,,,7-6-9-12,7,517,-1
2022/03/16,浦和,4,幸手市観光協会長賞Ｃ３五 六 七,1400,ダ,左,良,曇,12,5,6,ウルリヒト,牡,6,56.0,509,-3,山崎誠,山崎尋,,1,1:30.9,39.1,7-7-4-2,3,509,-3
2022/03/16,浦和,4,幸手市観光協会長賞Ｃ３五 六 七,1400,ダ,左,良,曇,12,6,7,ユメノハジマリ,牝,6,53.0,468,-4,篠谷葵,野口孝,,2,1:31.5,39.9,2-2-1-1,1,468,-4
2022/03/16,浦和,4,幸手市観光協会長賞Ｃ３五 六 七,1400,ダ,左,良,曇,12,7,10,ピカレスクスマイル,牡,6,55.0,457,-2,池谷匠,内田勝,,3,1:31.9,40.1,5-6-6-3,4,457,-2
2022/03/16,浦和,4,幸手市観光協会長賞Ｃ３五 六 七,1400,ダ,左,良,曇,12,7,9,スプリットエス,牡,8,56.0,505,1,張田昂,小久智,,4,1:32.5,40.9,6-3-3-4,2,505,1
2022/03/16,浦和,4,幸手市観光協会長賞Ｃ３五 六 七,1400,ダ,左,良,曇,12,4,4,アイスバーグアリー,牝,6,50.0,440,2,神尾香,平山真,,5,1:32.7,40.9,4-5-7-6,7,440,2
2022/03/16,浦和,4,幸手市観光協会長賞Ｃ３五 六 七,1400,ダ,左,良,曇,12,2,2,リゼイエロー,牝,5,54.0,480,5,吉留孝,川島豊,,6,1:33.1,40.7,9-9-9-9,10,480,5
2022/03/16,浦和,4,幸手市観光協会長賞Ｃ３五 六 七,1400,ダ,左,良,曇,12,8,11,リュウノイノリ,牡,5,56.0,459,-2,福原杏,鹿沼和,,7,1:33.2,41.6,3-4-5-7,6,459,-2
2022/03/16,浦和,4,幸手市観光協会長賞Ｃ３五 六 七,1400,ダ,左,良,曇,12,5,5,イエスペガサス,牝,9,54.0,447,-6,岡田大,酒井一,,8,1:33.3,40.5,10-10-10-10,8,447,-6
2022/03/16,浦和,4,幸手市観光協会長賞Ｃ３五 六 七,1400,ダ,左,良,曇,12,1,1,クールスパート,牡,7,56.0,452,-7,寺島憂,野口寛,,9,1:33.3,41.7,1-1-2-5,5,452,-7
2022/03/16,浦和,4,幸手市観光協会長賞Ｃ３五 六 七,1400,ダ,左,良,曇,12,8,12,シンライトミー,牡,5,55.0,441,-8,七夕裕,柘榴浩,,10,1:33.6,41.2,8-8-8-8,9,441,-8
2022/03/16,浦和,4,幸手市観光協会長賞Ｃ３五 六 七,1400,ダ,左,良,曇,12,6,8,ニシノシロフネ,牡,5,56.0,488,1,國分祐,冨田敏,,11,1:34.9,40.3,12-12-11-11,12,488,1
2022/03/16,浦和,4,幸手市観光協会長賞Ｃ３五 六 七,1400,ダ,左,良,曇,12,3,3,シャインルビー,牝,5,54.0,424,-14,加藤和,川村守,,12,1:41.1,46.1,11-11-12-12,11,424,-14
2022/03/16,浦和,5,Ｃ３五 六 七,1500,ダ,左,良,曇,12,6,8,シンライエトワール,牡,7,56.0,486,0,和田譲,柘榴浩,,1,1:37.7,39.6,1-1-1-1,3,486,0
2022/03/16,浦和,5,Ｃ３五 六 七,1500,ダ,左,良,曇,12,8,12,ノーブルアトラス,牡,7,56.0,485,0,保園翔,川村守,,2,1:38.0,39.9,2-2-2-2,6,485,0
2022/03/16,浦和,5,Ｃ３五 六 七,1500,ダ,左,良,曇,12,1,1,トレヴァー,牝,7,54.0,482,-2,櫻井光,八木喜,,3,1:38.8,39.7,4-4-3-3,1,482,-2
2022/03/16,浦和,5,Ｃ３五 六 七,1500,ダ,左,良,曇,12,8,11,デンコウメジャー,牡,7,56.0,483,-9,吉留孝,平山真,,4,1:39.5,39.8,5-5-5-5,4,483,-9
2022/03/16,浦和,5,Ｃ３五 六 七,1500,ダ,左,良,曇,12,5,6,セイウングラッパ,牡,7,56.0,455,2,秋元耕,吉田正,,5,1:39.6,39.4,7-7-7-6,2,455,2
2022/03/16,浦和,5,Ｃ３五 六 七,1500,ダ,左,良,曇,12,3,3,チェンマイルージュ,牝,6,54.0,466,1,加藤和,鈴木勝,,6,1:40.0,39.9,6-6-6-7,9,466,1
2022/03/16,浦和,5,Ｃ３五 六 七,1500,ダ,左,良,曇,12,7,10,ユラニュス,牝,6,54.0,447,1,拜原靖,田邊陽,,7,1:40.3,41.4,3-3-4-4,5,447,1
2022/03/16,浦和,5,Ｃ３五 六 七,1500,ダ,左,良,曇,12,7,9,モエレレジェンド,牡,6,56.0,486,0,濱田達,齊藤敏,,8,1:40.3,39.4,8-10-10-10,7,486,0
2022/03/16,浦和,5,Ｃ３五 六 七,1500,ダ,左,良,曇,12,2,2,ネオエンジェル,牝,6,54.0,440,5,國分祐,冨田敏,,9,1:40.6,39.7,9-9-9-9,11,440,5
2022/03/16,浦和,5,Ｃ３五 六 七,1500,ダ,左,良,曇,12,6,7,ケイティーウスイ,牡,6,56.0,448,8,寺島憂,柘榴浩,,10,1:40.8,40.1,10-8-8-8,8,448,8
2022/03/16,浦和,5,Ｃ３五 六 七,1500,ダ,左,良,曇,12,5,5,ファンタジーノベル,牝,7,54.0,454,-1,岡村裕,八木仁,,11,1:41.4,39.9,11-11-11-11,10,454,-1
2022/03/16,浦和,5,Ｃ３五 六 七,1500,ダ,左,良,曇,12,4,4,マウナケアシチー,牡,7,56.0,519,-1,山口達,林正人,,,,,,,519,-1
2022/03/16,浦和,6,若草特別３歳一,1500,ダ,左,良,曇,11,8,10,トーセンキャロル,牝,3,55.0,454,-6,本橋孝,小久智,,1,1:37.3,40.3,4-3-4-2,1,454,-6
2022/03/16,浦和,6,若草特別３歳一,1500,ダ,左,良,曇,11,5,5,モンバイト,牡,3,56.0,471,1,本田重,薮口一,,2,1:37.6,40.1,8-8-7-4,5,471,1
2022/03/16,浦和,6,若草特別３歳一,1500,ダ,左,良,曇,11,1,1,バイザウェイ,牡,3,57.0,465,2,山口達,林正人,,3,1:37.8,40.3,11-9-6-6,3,465,2
2022/03/16,浦和,6,若草特別３歳一,1500,ダ,左,良,曇,11,7,8,キックフリップ,牝,3,54.0,457,1,吉留孝,野口孝,,4,1:37.9,40.4,6-6-8-7,8,457,1
2022/03/16,浦和,6,若草特別３歳一,1500,ダ,左,良,曇,11,4,4,スターオブケリー,牝,3,54.0,526,11,見越彬,繁田健,,5,1:38.3,41.6,1-1-1-1,6,526,11
2022/03/16,浦和,6,若草特別３歳一,1500,ダ,左,良,曇,11,2,2,キョウエイシャイン,牝,3,54.0,462,-7,藤本現,小澤宏,,6,1:38.4,40.7,7-7-10-5,11,462,-7
2022/03/16,浦和,6,若草特別３歳一,1500,ダ,左,良,曇,11,7,9,ヤマイチノア,牡,3,56.0,491,-3,森泰斗,齊藤敏,,7,1:38.4,41.6,5-5-2-3,2,491,-3
2022/03/16,浦和,6,若草特別３歳一,1500,ダ,左,良,曇,11,6,7,グランツ,牝,3,54.0,484,-6,和田譲,小久智,,8,1:39.7,42.8,3-4-3-8,4,484,-6
2022/03/16,浦和,6,若草特別３歳一,1500,ダ,左,良,曇,11,3,3,クレールアドレ,牝,3,54.0,471,-6,保園翔,小久智,,9,1:39.9,42.2,10-10-9-9,9,471,-6
2022/03/16,浦和,6,若草特別３歳一,1500,ダ,左,良,曇,11,6,6,ラヴシックフレイム,牝,3,54.0,407,2,小杉亮,林　幻,,10,1:40.4,41.5,9-11-11-11,10,407,2
2022/03/16,浦和,6,若草特別３歳一,1500,ダ,左,良,曇,11,8,11,エルロイ,牡,3,56.0,471,-9,石崎駿,矢野義,,11,1:40.4,43.6,2-2-5-10,7,471,-9
2022/03/16,浦和,7,Ｃ２六 七,1400,ダ,左,良,曇,12,8,12,コスモスーベニア,牡,5,56.0,536,0,櫻井光,河津裕,,1,1:30.1,38.8,3-3-2-2,3,536,0
2022/03/16,浦和,7,Ｃ２六 七,1400,ダ,左,良,曇,12,3,3,ロードユリシス,セ,0,56.0,482,0,藤江渉,武井和,,2,1:30.6,39.8,1-1-1-1,9,482,0
2022/03/16,浦和,7,Ｃ２六 七,1400,ダ,左,良,曇,12,4,4,ノースブラスト,セ,0,56.0,531,-2,本田重,水野貴,,3,1:30.6,38.5,11-9-6-5,2,531,-2
2022/03/16,浦和,7,Ｃ２六 七,1400,ダ,左,良,曇,12,8,11,レインボーアメリ,牝,8,54.0,472,-6,岡村裕,石井勝,,4,1:30.6,39.2,2-2-3-3,7,472,-6
2022/03/16,浦和,7,Ｃ２六 七,1400,ダ,左,良,曇,12,1,1,ネビュラストーム,牝,5,54.0,501,-5,藤本現,伊藤滋,,5,1:31.0,39.2,5-4-5-4,5,501,-5
2022/03/16,浦和,7,Ｃ２六 七,1400,ダ,左,良,曇,12,6,7,ゴールドクレスト,牡,5,52.0,482,-4,神尾香,宮下靖,,6,1:31.3,38.5,12-11-10-8,4,482,-4
2022/03/16,浦和,7,Ｃ２六 七,1400,ダ,左,良,曇,12,5,6,エイシンイージス,牝,4,54.0,464,-2,和田譲,酒井一,,7,1:31.4,39.3,8-7-7-7,6,464,-2
2022/03/16,浦和,7,Ｃ２六 七,1400,ダ,左,良,曇,12,6,8,カイジンビリーヴ,牡,4,56.0,531,4,高橋哲,牛房榮,,8,1:32.1,39.1,10-12-12-12,11,531,4
2022/03/16,浦和,7,Ｃ２六 七,1400,ダ,左,良,曇,12,7,10,キミノナハ,牝,4,54.0,454,-8,加藤和,長谷忍,,9,1:32.1,39.5,9-10-9-10,10,454,-8
2022/03/16,浦和,7,Ｃ２六 七,1400,ダ,左,良,曇,12,7,9,フジサクラ,牝,4,54.0,510,4,笹川翼,宇野博,,10,1:32.1,40.4,4-5-4-6,1,510,4
2022/03/16,浦和,7,Ｃ２六 七,1400,ダ,左,良,曇,12,5,5,プレミアムプリモ,牝,5,54.0,486,-1,福原杏,平山真,,11,1:32.4,39.8,6-8-11-11,8,486,-1
2022/03/16,浦和,7,Ｃ２六 七,1400,ダ,左,良,曇,12,2,2,ホイップミルク,牝,5,54.0,408,-1,今野忠,田島寿,,12,1:33.0,40.7,7-6-8-9,12,408,-1
2022/03/16,浦和,8,Ｃ２六 七,1400,ダ,左,良,曇,9,4,4,ベイビーアッシュ,牡,4,56.0,541,-3,笹川翼,小澤宏,,1,1:30.0,39.2,2-2-2-1,5,541,-3
2022/03/16,浦和,8,Ｃ２六 七,1400,ダ,左,良,曇,9,7,7,プリトヴィツェ,牝,8,53.0,459,4,篠谷葵,山下之,,2,1:30.3,38.9,5-5-4-4,2,459,4
2022/03/16,浦和,8,Ｃ２六 七,1400,ダ,左,良,曇,9,8,8,アメリカンソレイユ,セ,0,56.0,464,-7,西啓太,山崎尋,,3,1:30.6,39.2,6-6-6-5,3,464,-7
2022/03/16,浦和,8,Ｃ２六 七,1400,ダ,左,良,曇,9,6,6,ガイディングスター,セ,0,56.0,466,-6,今野忠,佐々清,,4,1:30.7,38.5,9-9-7-7,4,466,-6
2022/03/16,浦和,8,Ｃ２六 七,1400,ダ,左,良,曇,9,1,1,ダイバサファイア,牝,5,54.0,474,1,内田利,箕輪武,,5,1:30.9,38.7,7-7-9-6,6,474,1
2022/03/16,浦和,8,Ｃ２六 七,1400,ダ,左,良,曇,9,5,5,ナツハヨル,牝,4,54.0,439,-9,福原杏,横山保,,6,1:31.1,40.3,3-3-3-3,8,439,-9
2022/03/16,浦和,8,Ｃ２六 七,1400,ダ,左,良,曇,9,2,2,エイシンビースト,牡,4,56.0,444,23,吉留孝,薮口一,,7,1:31.5,39.1,8-8-8-9,9,444,23
2022/03/16,浦和,8,Ｃ２六 七,1400,ダ,左,良,曇,9,8,9,ジェームス,牡,8,56.0,512,4,半澤慶,川島豊,,8,1:32.0,41.4,1-1-1-2,7,512,4
2022/03/16,浦和,8,Ｃ２六 七,1400,ダ,左,良,曇,9,3,3,タッカーハート,牝,4,54.0,450,5,森泰斗,水野貴,,9,1:32.8,41.6,4-4-5-8,1,450,5
2022/03/16,浦和,9,見沼区の花　クマガイソウ賞Ｃ１選抜馬,800,ダ,左,良,曇,12,6,7,トミケンリューヤー,牡,5,56.0,534,2,森泰斗,平山真,,1,0:47.4,35.5,2-2,1,534,2
2022/03/16,浦和,9,見沼区の花　クマガイソウ賞Ｃ１選抜馬,800,ダ,左,良,曇,12,7,9,ミラクルダマスク,牝,7,54.0,469,0,町田直,繁田健,,2,0:47.7,35.7,3-3,2,469,0
2022/03/16,浦和,9,見沼区の花　クマガイソウ賞Ｃ１選抜馬,800,ダ,左,良,曇,12,3,3,スプリングローズ,牝,4,54.0,440,5,見越彬,小久智,,3,0:47.8,36.0,1-1,6,440,5
2022/03/16,浦和,9,見沼区の花　クマガイソウ賞Ｃ１選抜馬,800,ダ,左,良,曇,12,7,10,シェナホープ,牡,5,56.0,473,1,内田利,吉田正,,4,0:47.9,35.2,9-6,4,473,1
2022/03/16,浦和,9,見沼区の花　クマガイソウ賞Ｃ１選抜馬,800,ダ,左,良,曇,12,1,1,コウユープリプリ,牝,7,54.0,454,8,和田譲,宇野博,,5,0:48.0,35.5,4-4,3,454,8
2022/03/16,浦和,9,見沼区の花　クマガイソウ賞Ｃ１選抜馬,800,ダ,左,良,曇,12,5,5,マイネルリベラル,セ,0,56.0,477,-4,岡村裕,新井健,,6,0:48.5,36.0,7-5,10,477,-4
2022/03/16,浦和,9,見沼区の花　クマガイソウ賞Ｃ１選抜馬,800,ダ,左,良,曇,12,2,2,ピースフルエンゼル,牝,7,50.0,479,-2,神尾香,河津裕,,7,0:48.6,35.4,10-7,11,479,-2
2022/03/16,浦和,9,見沼区の花　クマガイソウ賞Ｃ１選抜馬,800,ダ,左,良,曇,12,8,12,シゲルキャリバン,牝,5,54.0,453,-4,藤本現,酒井一,,8,0:49.1,36.8,5-8,8,453,-4
2022/03/16,浦和,9,見沼区の花　クマガイソウ賞Ｃ１選抜馬,800,ダ,左,良,曇,12,4,4,シーオブセレニティ,セ,0,56.0,437,-6,秋元耕,海馬司,,9,0:49.3,35.7,12-12,12,437,-6
2022/03/16,浦和,9,見沼区の花　クマガイソウ賞Ｃ１選抜馬,800,ダ,左,良,曇,12,5,6,キラキラオーラ,牝,7,54.0,460,5,高橋哲,牛房榮,,10,0:49.6,37.1,8-11,9,460,5
2022/03/16,浦和,9,見沼区の花　クマガイソウ賞Ｃ１選抜馬,800,ダ,左,良,曇,12,8,11,レーヴプルーヴ,牝,4,54.0,449,-2,笹川翼,繁田健,,11,0:49.6,36.4,11-10,7,449,-2
2022/03/16,浦和,9,見沼区の花　クマガイソウ賞Ｃ１選抜馬,800,ダ,左,良,曇,12,6,8,エダマメ,牝,5,51.0,494,0,菅原涼,長谷忍,,12,0:49.8,37.7,6-9,5,494,0
2022/03/16,浦和,10,春陽特別Ｃ１三,1500,ダ,左,良,晴,12,3,3,ゴールドセイバー,セ,0,56.0,472,-2,増田充,高月賢,,1,1:37.0,39.7,1-1-1-1,6,472,-2
2022/03/16,浦和,10,春陽特別Ｃ１三,1500,ダ,左,良,晴,12,1,1,スリーヴリーグ,牡,6,56.0,524,0,和田譲,野口寛,,2,1:37.5,39.0,10-7-8-4,4,524,0
2022/03/16,浦和,10,春陽特別Ｃ１三,1500,ダ,左,良,晴,12,7,10,ムーランブラン,牝,6,54.0,461,12,笹川翼,藤原智,,3,1:37.7,39.8,3-3-2-2,8,461,12
2022/03/16,浦和,10,春陽特別Ｃ１三,1500,ダ,左,良,晴,12,7,9,ヴァーユ,牡,5,56.0,495,-18,山口達,林正人,,4,1:37.8,39.1,8-9-9-7,3,495,-18
2022/03/16,浦和,10,春陽特別Ｃ１三,1500,ダ,左,良,晴,12,2,2,イチジン,牡,5,56.0,465,0,加藤和,長谷忍,,5,1:37.9,39.8,4-4-3-3,2,465,0
2022/03/16,浦和,10,春陽特別Ｃ１三,1500,ダ,左,良,晴,12,8,12,フェルカド,牡,5,56.0,480,0,秋元耕,野口孝,,6,1:38.1,39.7,9-8-5-5,11,480,0
2022/03/16,浦和,10,春陽特別Ｃ１三,1500,ダ,左,良,晴,12,6,8,ビギナーズラック,牡,7,56.0,505,-6,山中悠,凾館一,,7,1:38.4,39.9,12-12-6-6,5,505,-6
2022/03/16,浦和,10,春陽特別Ｃ１三,1500,ダ,左,良,晴,12,8,11,ホシプリンセス,牝,4,54.0,504,3,福原杏,鹿沼和,,8,1:38.4,40.0,5-6-7-9,9,504,3
2022/03/16,浦和,10,春陽特別Ｃ１三,1500,ダ,左,良,晴,12,5,5,ロマーシカ,牝,5,54.0,463,0,森泰斗,小久智,,9,1:39.3,41.4,2-2-4-8,1,463,0
2022/03/16,浦和,10,春陽特別Ｃ１三,1500,ダ,左,良,晴,12,5,6,フォーギブネス,牡,4,56.0,457,-10,橋本直,平山真,,10,1:39.5,40.6,7-10-12-11,12,457,-10
2022/03/16,浦和,10,春陽特別Ｃ１三,1500,ダ,左,良,晴,12,6,7,カイレイダディ,牡,4,56.0,507,4,半澤慶,柘榴浩,,11,1:39.7,40.7,11-11-11-10,7,507,4
2022/03/16,浦和,10,春陽特別Ｃ１三,1500,ダ,左,良,晴,12,4,4,ナツノトビラ,牝,6,53.0,481,-1,古岡勇,小澤宏,,12,1:40.2,41.7,6-5-10-12,10,481,-1
2022/03/16,浦和,11,’２２ティアラカップＡ２下選抜牝馬,1400,ダ,左,良,晴,11,2,2,アールロッソ,牝,6,54.0,510,-19,張田昂,山下之,,1,1:28.1,38.1,4-3-4-2,2,510,-19
2022/03/16,浦和,11,’２２ティアラカップＡ２下選抜牝馬,1400,ダ,左,良,晴,11,3,3,スマイルミュ,牝,4,54.0,520,1,森泰斗,張田京,,2,1:28.5,38.8,1-1-1-1,7,520,1
2022/03/16,浦和,11,’２２ティアラカップＡ２下選抜牝馬,1400,ダ,左,良,晴,11,6,7,グランデストラーダ,牝,6,56.0,511,12,本田重,藤田輝,,3,1:28.5,38.5,5-4-5-4,1,511,12
2022/03/16,浦和,11,’２２ティアラカップＡ２下選抜牝馬,1400,ダ,左,良,晴,11,4,4,ロカマドール,牝,6,54.0,462,0,山崎誠,山崎尋,,4,1:28.6,37.9,8-8-8-8,9,462,0
2022/03/16,浦和,11,’２２ティアラカップＡ２下選抜牝馬,1400,ダ,左,良,晴,11,7,9,ヒイナヅキ,牝,6,54.0,464,-1,岡村健,山中尊,,5,1:28.7,38.5,6-6-6-5,10,464,-1
2022/03/16,浦和,11,’２２ティアラカップＡ２下選抜牝馬,1400,ダ,左,良,晴,11,1,1,ファイヤーテーラー,牝,5,54.0,498,-8,御神訓,橋本馬,,6,1:28.9,38.7,7-7-7-6,6,498,-8
2022/03/16,浦和,11,’２２ティアラカップＡ２下選抜牝馬,1400,ダ,左,良,晴,11,7,8,クロスフーガ,牝,5,54.0,478,3,本橋孝,小久智,,7,1:29.1,38.4,9-9-9-10,5,478,3
2022/03/16,浦和,11,’２２ティアラカップＡ２下選抜牝馬,1400,ダ,左,良,晴,11,8,10,ショコラティエール,牝,5,54.0,480,-8,笹川翼,荒山勝,,8,1:29.2,39.2,3-5-3-3,4,480,-8
2022/03/16,浦和,11,’２２ティアラカップＡ２下選抜牝馬,1400,ダ,左,良,晴,11,5,5,レイナブローニュ,牝,6,56.0,486,-2,藤田凌,澤佳宏,,9,1:29.4,38.5,11-10-10-7,3,486,-2
2022/03/16,浦和,11,’２２ティアラカップＡ２下選抜牝馬,1400,ダ,左,良,晴,11,8,11,ノラ,牝,5,54.0,489,0,保園翔,坂本昇,,10,1:30.0,38.7,10-11-11-11,11,489,0
2022/03/16,浦和,11,’２２ティアラカップＡ２下選抜牝馬,1400,ダ,左,良,晴,11,6,6,アイカプチーノ,牝,4,54.0,480,-4,和田譲,阿井正,,11,1:31.4,41.6,2-2-2-9,8,480,-4
2022/03/16,浦和,12,花見月特別Ｂ２Ｂ３選抜馬,2000,ダ,左,良,晴,12,8,11,モズノーブルギフト,牡,7,57.0,532,-8,森泰斗,平山真,,1,2:10.7,38.8,6-7-6-4,1,532,-8
2022/03/16,浦和,12,花見月特別Ｂ２Ｂ３選抜馬,2000,ダ,左,良,晴,12,5,6,ウインプラウド,牡,6,57.0,502,-7,山崎誠,河津裕,,2,2:10.9,39.6,3-4-4-2,3,502,-7
2022/03/16,浦和,12,花見月特別Ｂ２Ｂ３選抜馬,2000,ダ,左,良,晴,12,7,10,エイシンボールディ,牡,6,56.0,452,3,篠谷葵,工藤伸,,3,2:11.7,40.7,4-3-2-3,4,452,3
2022/03/16,浦和,12,花見月特別Ｂ２Ｂ３選抜馬,2000,ダ,左,良,晴,12,7,9,エレガンテヴァイゼ,牡,6,55.0,543,1,本田重,高月賢,,4,2:11.8,40.9,2-2-1-1,9,543,1
2022/03/16,浦和,12,花見月特別Ｂ２Ｂ３選抜馬,2000,ダ,左,良,晴,12,6,8,パラダイムチェンジ,牡,5,55.0,479,-4,張田昂,山越光,,5,2:12.3,39.9,11-11-8-7,6,479,-4
2022/03/16,浦和,12,花見月特別Ｂ２Ｂ３選抜馬,2000,ダ,左,良,晴,12,3,3,コスモルシオ,牡,6,55.0,537,0,町田直,鈴木義,,6,2:12.7,40.4,8-10-10-9,5,537,0
2022/03/16,浦和,12,花見月特別Ｂ２Ｂ３選抜馬,2000,ダ,左,良,晴,12,5,5,マラジェッツ,牡,5,55.0,463,0,笠野雄,山中尊,,7,2:12.8,40.9,7-6-7-6,8,463,0
2022/03/16,浦和,12,花見月特別Ｂ２Ｂ３選抜馬,2000,ダ,左,良,晴,12,2,2,ジュウワンマックス,牡,6,57.0,448,-2,櫻井光,平田正,,8,2:12.8,40.6,9-9-9-10,11,448,-2
2022/03/16,浦和,12,花見月特別Ｂ２Ｂ３選抜馬,2000,ダ,左,良,晴,12,8,12,ウインドブロウン,牡,6,57.0,493,-1,和田譲,新井清,,9,2:13.1,41.8,5-5-3-5,2,493,-1
2022/03/16,浦和,12,花見月特別Ｂ２Ｂ３選抜馬,2000,ダ,左,良,晴,12,1,1,テリオスヒメ,牝,5,53.0,465,-2,國分祐,冨田敏,,10,2:13.9,41.5,10-8-11-11,12,465,-2
2022/03/16,浦和,12,花見月特別Ｂ２Ｂ３選抜馬,2000,ダ,左,良,晴,12,6,7,シュンノカミ,牡,8,55.0,498,4,伊藤裕,加藤誠,,11,2:14.5,41.8,12-12-12-12,10,498,4
2022/03/16,浦和,12,花見月特別Ｂ２Ｂ３選抜馬,2000,ダ,左,良,晴,12,4,4,ハイモビリティ,牡,4,55.0,488,-20,笹川翼,小久智,,12,2:16.0,44.9,1-1-5-8,7,488,-20
2022/03/17,浦和,1,Ｃ３ ４歳ウ,1300,ダ,左,良,晴,9,2,2,サニースポット,牝,4,54.0,440,-8,森泰斗,工藤伸,,1,1:24.2,39.7,1-2-1-1,4,440,-8
2022/03/17,浦和,1,Ｃ３ ４歳ウ,1300,ダ,左,良,晴,9,6,6,ボンバーガール,牝,4,54.0,512,2,保園翔,山越光,,2,1:25.2,39.7,7-7-5-5,5,512,2
2022/03/17,浦和,1,Ｃ３ ４歳ウ,1300,ダ,左,良,晴,9,8,9,ピクシーズパラソル,牝,4,54.0,475,6,見越彬,海馬司,,3,1:25.5,40.3,4-4-4-3,1,475,6
2022/03/17,浦和,1,Ｃ３ ４歳ウ,1300,ダ,左,良,晴,9,8,8,ボルドーアラン,牡,4,56.0,508,3,秋元耕,柘榴浩,,4,1:25.6,41.2,3-1-2-2,6,508,3
2022/03/17,浦和,1,Ｃ３ ４歳ウ,1300,ダ,左,良,晴,9,4,4,キタマクフィー,牝,4,54.0,441,6,寺島憂,鹿沼和,,5,1:25.7,40.1,6-6-7-7,8,441,6
2022/03/17,浦和,1,Ｃ３ ４歳ウ,1300,ダ,左,良,晴,9,5,5,ギンサー,牡,4,56.0,468,0,半澤慶,小林真,,6,1:25.9,39.7,8-8-9-8,9,468,0
2022/03/17,浦和,1,Ｃ３ ４歳ウ,1300,ダ,左,良,晴,9,1,1,ドラグ,牝,4,54.0,418,-1,吉留孝,牛房榮,,7,1:25.9,39.7,9-9-8-9,7,418,-1
2022/03/17,浦和,1,Ｃ３ ４歳ウ,1300,ダ,左,良,晴,9,3,3,リアンデュソン,牡,4,56.0,555,-6,川島正,川村守,,8,1:25.9,40.5,5-5-6-6,3,555,-6
2022/03/17,浦和,1,Ｃ３ ４歳ウ,1300,ダ,左,良,晴,9,7,7,ノブカナロア,牡,4,56.0,452,7,笹川翼,小久智,,9,1:26.0,41.0,2-3-3-4,2,452,7
2022/03/17,浦和,2,３歳八選抜馬ウ,1400,ダ,左,良,晴,10,4,4,デュークキング,牡,3,56.0,440,-2,秋元耕,水野貴,,1,1:34.4,41.4,8-8-8-8,2,440,-2
2022/03/17,浦和,2,３歳八選抜馬ウ,1400,ダ,左,良,晴,10,3,3,マルノコウキ,牡,3,56.0,531,-1,見越彬,川村守,,2,1:34.5,42.7,1-1-1-1,6,531,-1
2022/03/17,浦和,2,３歳八選抜馬ウ,1400,ダ,左,良,晴,10,8,9,サウンドウェリナ,牝,3,54.0,436,1,寺島憂,柘榴浩,,3,1:35.0,42.5,9-7-5-5,9,436,1
2022/03/17,浦和,2,３歳八選抜馬ウ,1400,ダ,左,良,晴,10,6,6,ダンストンガディス,牝,3,54.0,470,2,内田利,野口孝,,4,1:35.1,42.4,5-5-6-4,3,470,2
2022/03/17,浦和,2,３歳八選抜馬ウ,1400,ダ,左,良,晴,10,7,8,ウノピュウウノ,牝,3,54.0,443,-2,半澤慶,宇野博,,5,1:35.2,42.6,6-6-7-7,4,443,-2
2022/03/17,浦和,2,３歳八選抜馬ウ,1400,ダ,左,良,晴,10,1,1,マリンペガサス,牡,3,55.0,452,0,七夕裕,小林真,,6,1:35.8,41.8,10-9-9-9,7,452,0
2022/03/17,浦和,2,３歳八選抜馬ウ,1400,ダ,左,良,晴,10,8,10,セイエイセンヌ,牝,3,54.0,465,-3,國分祐,箕輪武,,7,1:36.0,44.1,3-3-3-3,5,465,-3
2022/03/17,浦和,2,３歳八選抜馬ウ,1400,ダ,左,良,晴,10,2,2,イデアグリーン,牝,3,54.0,0,0,吉留孝,岡田一,,8,1:36.1,44.3,4-4-2-2,1,0,0
2022/03/17,浦和,2,３歳八選抜馬ウ,1400,ダ,左,良,晴,10,7,7,ツクバビリーヴ,牝,3,54.0,434,-12,高橋哲,山越光,,9,1:38.1,46.3,2-2-4-6,10,434,-12
2022/03/17,浦和,2,３歳八選抜馬ウ,1400,ダ,左,良,晴,10,5,5,マリンニャン,牝,3,54.0,451,-1,岡田大,小林真,,,,,7-10,8,451,-1
2022/03/17,浦和,3,Ｃ３三 四,1400,ダ,左,良,晴,12,5,5,サマーボーイ,牡,7,56.0,504,10,和田譲,小久智,,1,1:31.1,40.0,2-2-2-2,2,504,10
2022/03/17,浦和,3,Ｃ３三 四,1400,ダ,左,良,晴,12,5,6,キョウエイミーレス,牡,6,56.0,506,-10,笹川翼,内野健,,2,1:31.3,40.4,1-1-1-1,4,506,-10
2022/03/17,浦和,3,Ｃ３三 四,1400,ダ,左,良,晴,12,8,11,ラブリーギャル,牝,6,54.0,486,6,見越彬,海馬司,,3,1:31.4,40.0,6-7-3-3,8,486,6
2022/03/17,浦和,3,Ｃ３三 四,1400,ダ,左,良,晴,12,3,3,ドンキースタイル,牡,6,56.0,475,-4,山崎誠,山崎尋,,4,1:31.4,38.9,11-11-9-6,3,475,-4
2022/03/17,浦和,3,Ｃ３三 四,1400,ダ,左,良,晴,12,1,1,バローロフレイバー,牡,6,56.0,509,5,今野忠,繁田健,,5,1:31.5,40.1,4-3-4-4,1,509,5
2022/03/17,浦和,3,Ｃ３三 四,1400,ダ,左,良,晴,12,7,10,グランピー,牝,6,54.0,416,-3,伊藤裕,久保勇,,6,1:31.7,38.8,12-12-12-10,5,416,-3
2022/03/17,浦和,3,Ｃ３三 四,1400,ダ,左,良,晴,12,7,9,ウィローグラウス,牝,6,54.0,475,-3,臼井健,矢内博,,7,1:31.9,39.8,9-8-7-7,7,475,-3
2022/03/17,浦和,3,Ｃ３三 四,1400,ダ,左,良,晴,12,2,2,セコイア,牝,5,54.0,465,-11,半澤慶,宇野博,,8,1:32.3,40.0,10-10-8-8,9,465,-11
2022/03/17,浦和,3,Ｃ３三 四,1400,ダ,左,良,晴,12,6,7,アスラーダ,牡,5,56.0,474,2,張田昂,横山保,,9,1:32.4,40.7,7-5-5-5,11,474,2
2022/03/17,浦和,3,Ｃ３三 四,1400,ダ,左,良,晴,12,4,4,トキノメガミ,牝,7,53.0,470,4,篠谷葵,山越光,,10,1:32.5,40.7,5-6-6-9,6,470,4
2022/03/17,浦和,3,Ｃ３三 四,1400,ダ,左,良,晴,12,8,12,ニシノマリアージュ,牝,6,54.0,416,1,國分祐,冨田敏,,11,1:32.9,40.6,8-9-11-11,12,416,1
2022/03/17,浦和,3,Ｃ３三 四,1400,ダ,左,良,晴,12,6,8,サワセンミラクル,牡,5,56.0,453,-4,橋本直,酒井一,,12,1:33.6,41.9,3-4-10-12,10,453,-4
2022/03/17,浦和,4,桜のまち幸手賞Ｃ２八 九,1400,ダ,左,良,晴,12,8,11,ゲンパチカガヤキ,牡,7,56.0,501,5,秋元耕,小澤宏,,1,1:30.2,38.9,9-10-7-7,6,501,5
2022/03/17,浦和,4,桜のまち幸手賞Ｃ２八 九,1400,ダ,左,良,晴,12,3,3,フェイドハード,牡,5,56.0,509,-3,加藤和,長谷忍,,2,1:30.3,39.3,3-3-5-2,2,509,-3
2022/03/17,浦和,4,桜のまち幸手賞Ｃ２八 九,1400,ダ,左,良,晴,12,2,2,ピオレドール,牡,7,56.0,477,-2,福原杏,横山保,,3,1:30.7,39.4,7-6-8-5,1,477,-2
2022/03/17,浦和,4,桜のまち幸手賞Ｃ２八 九,1400,ダ,左,良,晴,12,6,7,バトルオサンナ,牝,8,54.0,443,-1,寺島憂,柘榴浩,,4,1:30.7,39.2,10-9-10-8,11,443,-1
2022/03/17,浦和,4,桜のまち幸手賞Ｃ２八 九,1400,ダ,左,良,晴,12,1,1,デザートムーン,牝,5,54.0,467,1,森泰斗,齊藤敏,,5,1:30.8,40.0,1-1-1-1,4,467,1
2022/03/17,浦和,4,桜のまち幸手賞Ｃ２八 九,1400,ダ,左,良,晴,12,7,9,デルマジザイ,牡,4,56.0,453,-2,藤江渉,工藤伸,,6,1:30.8,39.9,4-4-2-3,3,453,-2
2022/03/17,浦和,4,桜のまち幸手賞Ｃ２八 九,1400,ダ,左,良,晴,12,5,6,イッツショータイム,牡,6,56.0,469,-1,今野忠,安池成,,7,1:30.9,39.2,12-12-12-11,7,469,-1
2022/03/17,浦和,4,桜のまち幸手賞Ｃ２八 九,1400,ダ,左,良,晴,12,7,10,エスケイダンサー,牝,4,54.0,443,-3,岡田大,薮口一,,8,1:31.0,39.7,8-8-9-10,12,443,-3
2022/03/17,浦和,4,桜のまち幸手賞Ｃ２八 九,1400,ダ,左,良,晴,12,8,12,セキノアトラス,牡,4,56.0,437,1,高橋哲,横山保,,9,1:31.1,40.2,5-7-3-4,8,437,1
2022/03/17,浦和,4,桜のまち幸手賞Ｃ２八 九,1400,ダ,左,良,晴,12,5,5,クリムゾンオーラ,牝,5,54.0,475,-6,橋本直,牛房榮,,10,1:31.3,40.3,6-5-6-9,10,475,-6
2022/03/17,浦和,4,桜のまち幸手賞Ｃ２八 九,1400,ダ,左,良,晴,12,4,4,モアイ,牡,7,56.0,487,1,吉留孝,岡田一,,11,1:31.4,40.6,2-2-4-6,9,487,1
2022/03/17,浦和,4,桜のまち幸手賞Ｃ２八 九,1400,ダ,左,良,晴,12,6,8,ハツネヘイロー,セ,0,56.0,492,-7,半澤慶,宇野博,,12,1:31.8,40.3,11-11-11-12,5,492,-7
2022/03/17,浦和,5,浦和８００ラウンドＣ２選抜馬イ,800,ダ,左,良,晴,12,7,9,ツーエムタイガー,牡,4,56.0,443,4,和田譲,小澤宏,,1,0:48.1,35.4,5-5,3,443,4
2022/03/17,浦和,5,浦和８００ラウンドＣ２選抜馬イ,800,ダ,左,良,晴,12,1,1,クウェンヤ,牝,4,53.0,401,0,篠谷葵,工藤伸,,2,0:48.1,35.9,1-1,1,401,0
2022/03/17,浦和,5,浦和８００ラウンドＣ２選抜馬イ,800,ダ,左,良,晴,12,8,12,レジュールウール,牝,4,54.0,475,-1,達城龍,野口寛,,3,0:48.3,36.0,3-4,2,475,-1
2022/03/17,浦和,5,浦和８００ラウンドＣ２選抜馬イ,800,ダ,左,良,晴,12,6,8,ピースリアン,牡,5,56.0,498,1,福原杏,横山保,,4,0:48.4,36.1,4-3,4,498,1
2022/03/17,浦和,5,浦和８００ラウンドＣ２選抜馬イ,800,ダ,左,良,晴,12,7,10,シルヴァーイーグル,牡,6,56.0,548,3,藤江渉,岡田一,,5,0:48.5,36.2,2-2,5,548,3
2022/03/17,浦和,5,浦和８００ラウンドＣ２選抜馬イ,800,ダ,左,良,晴,12,3,3,ラスティネイル,牝,4,54.0,449,7,吉留孝,牛房榮,,6,0:48.7,35.8,6-6,8,449,7
2022/03/17,浦和,5,浦和８００ラウンドＣ２選抜馬イ,800,ダ,左,良,晴,12,5,6,スターシード,牡,7,56.0,497,3,保園翔,酒井一,,7,0:48.8,35.8,7-8,7,497,3
2022/03/17,浦和,5,浦和８００ラウンドＣ２選抜馬イ,800,ダ,左,良,晴,12,4,4,セイウンスノー,牡,4,56.0,485,4,秋元耕,川島豊,,8,0:49.0,35.8,8-7,9,485,4
2022/03/17,浦和,5,浦和８００ラウンドＣ２選抜馬イ,800,ダ,左,良,晴,12,8,11,フランシス,牝,6,54.0,503,-8,加藤和,長谷忍,,9,0:49.5,36.2,9-9,6,503,-8
2022/03/17,浦和,5,浦和８００ラウンドＣ２選抜馬イ,800,ダ,左,良,晴,12,5,5,マッシュブライト,牝,4,54.0,453,-3,高橋哲,酒井一,,10,0:49.5,36.2,10-10,11,453,-3
2022/03/17,浦和,5,浦和８００ラウンドＣ２選抜馬イ,800,ダ,左,良,晴,12,2,2,プロスペリティ,牝,6,54.0,467,1,見越彬,冨田敏,,11,0:50.2,36.7,12-11,12,467,1
2022/03/17,浦和,5,浦和８００ラウンドＣ２選抜馬イ,800,ダ,左,良,晴,12,6,7,グレースシラオキ,牝,4,54.0,426,6,橋本直,岡田一,,12,0:50.3,37.0,11-12,10,426,6
2022/03/17,浦和,6,浦和８００ラウンドＣ２選抜馬ア,800,ダ,左,良,晴,12,8,12,ローリングサンダー,セ,0,56.0,515,2,張田昂,小澤宏,,1,0:47.8,35.9,1-1,2,515,2
2022/03/17,浦和,6,浦和８００ラウンドＣ２選抜馬ア,800,ダ,左,良,晴,12,8,11,ラヴィンツァラ,牝,5,53.0,463,9,七夕裕,平山真,,2,0:48.1,35.7,6-5,1,463,9
2022/03/17,浦和,6,浦和８００ラウンドＣ２選抜馬ア,800,ダ,左,良,晴,12,7,9,キモンシャイン,牝,4,54.0,430,3,達城龍,工藤伸,,3,0:48.2,36.0,4-4,6,430,3
2022/03/17,浦和,6,浦和８００ラウンドＣ２選抜馬ア,800,ダ,左,良,晴,12,2,2,スマートシエル,牝,4,54.0,431,-1,笹川翼,小久智,,4,0:48.2,36.0,5-3,3,431,-1
2022/03/17,浦和,6,浦和８００ラウンドＣ２選抜馬ア,800,ダ,左,良,晴,12,6,7,シゲルアパライト,牡,6,56.0,495,5,福原杏,横山保,,5,0:48.3,36.4,2-2,4,495,5
2022/03/17,浦和,6,浦和８００ラウンドＣ２選抜馬ア,800,ダ,左,良,晴,12,6,8,キャンビー,牡,4,56.0,523,4,安藤洋,野口寛,,6,0:48.9,35.9,9-9,8,523,4
2022/03/17,浦和,6,浦和８００ラウンドＣ２選抜馬ア,800,ダ,左,良,晴,12,5,5,アイモンスター,牝,6,54.0,465,-9,岡田大,岡田一,,7,0:48.9,35.7,11-11,5,465,-9
2022/03/17,浦和,6,浦和８００ラウンドＣ２選抜馬ア,800,ダ,左,良,晴,12,1,1,ニシノイルマーレ,牝,4,54.0,496,-8,吉留孝,冨田敏,,8,0:49.1,36.2,7-7,11,496,-8
2022/03/17,浦和,6,浦和８００ラウンドＣ２選抜馬ア,800,ダ,左,良,晴,12,3,3,ツクバフタツボシ,牝,5,54.0,489,3,保園翔,山越光,,9,0:49.3,36.6,8-8,7,489,3
2022/03/17,浦和,6,浦和８００ラウンドＣ２選抜馬ア,800,ダ,左,良,晴,12,4,4,ラッキーチャンス,牝,7,54.0,485,-11,秋元耕,小澤宏,,10,0:49.3,36.2,10-10,9,485,-11
2022/03/17,浦和,6,浦和８００ラウンドＣ２選抜馬ア,800,ダ,左,良,晴,12,7,10,ホウオウファースト,牡,9,56.0,436,-4,寺島憂,水野貴,,11,0:50.0,37.8,3-6,10,436,-4
2022/03/17,浦和,6,浦和８００ラウンドＣ２選抜馬ア,800,ダ,左,良,晴,12,5,6,カラドボルグ,牡,4,56.0,0,0,高橋哲,牛房榮,,,,,,,0,0
2022/03/17,浦和,7,Ｃ３三 四,1500,ダ,左,良,晴,11,4,4,シェナノブチ,牡,7,56.0,414,-10,國分祐,冨田敏,,1,1:38.1,38.8,1-1-1-1,2,414,-10
2022/03/17,浦和,7,Ｃ３三 四,1500,ダ,左,良,晴,11,6,6,タカラチーター,牡,6,55.0,470,-4,池谷匠,内田勝,,2,1:38.5,38.6,7-8-4-4,4,470,-4
2022/03/17,浦和,7,Ｃ３三 四,1500,ダ,左,良,晴,11,3,3,ケンブリッジウィズ,牝,6,54.0,460,3,和田譲,新井清,,3,1:38.7,38.9,4-3-3-2,3,460,3
2022/03/17,浦和,7,Ｃ３三 四,1500,ダ,左,良,晴,11,6,7,ピラミッドファラオ,牡,7,56.0,513,-8,森泰斗,水野貴,,4,1:38.9,39.3,2-2-2-3,1,513,-8
2022/03/17,浦和,7,Ｃ３三 四,1500,ダ,左,良,晴,11,5,5,トーアクリスティー,牝,7,54.0,399,-2,福原杏,齊藤敏,,5,1:39.3,39.0,9-9-8-5,5,399,-2
2022/03/17,浦和,7,Ｃ３三 四,1500,ダ,左,良,晴,11,1,1,キョウエイレガード,牝,7,54.0,461,1,田中涼,新井健,,6,1:39.6,39.1,11-10-9-8,6,461,1
2022/03/17,浦和,7,Ｃ３三 四,1500,ダ,左,良,晴,11,8,10,ムサシフィールド,牡,7,56.0,497,-3,加藤和,八木仁,,7,1:39.9,40.0,6-6-5-7,7,497,-3
2022/03/17,浦和,7,Ｃ３三 四,1500,ダ,左,良,晴,11,7,9,ホロシリダケ,セ,0,55.0,472,0,七夕裕,野口孝,,8,1:40.5,40.7,3-4-6-9,8,472,0
2022/03/17,浦和,7,Ｃ３三 四,1500,ダ,左,良,晴,11,2,2,ジュンノサップ,牡,6,56.0,469,4,吉留孝,横山保,,9,1:40.6,40.5,8-7-7-6,10,469,4
2022/03/17,浦和,7,Ｃ３三 四,1500,ダ,左,良,晴,11,8,11,アナハ,牝,5,54.0,390,-9,保園翔,川島豊,,10,1:41.4,41.0,10-11-10-10,9,390,-9
2022/03/17,浦和,7,Ｃ３三 四,1500,ダ,左,良,晴,11,7,8,コンディトラム,牡,5,56.0,479,0,高橋哲,川村守,,11,1:42.1,41.7,5-5-11-11,11,479,0
2022/03/17,浦和,8,桜区の花　サクラソウ賞Ｃ２八 九,1500,ダ,左,良,晴,12,4,4,ビレッジクライ,牝,6,54.0,464,-1,和田譲,新井清,,1,1:38.1,37.7,2-2-2-2,1,464,-1
2022/03/17,浦和,8,桜区の花　サクラソウ賞Ｃ２八 九,1500,ダ,左,良,晴,12,3,3,エルフバローズ,牝,4,54.0,444,6,矢野貴,工藤伸,,2,1:38.1,37.7,1-1-1-1,5,444,6
2022/03/17,浦和,8,桜区の花　サクラソウ賞Ｃ２八 九,1500,ダ,左,良,晴,12,5,5,スリーポイント,牡,7,56.0,443,-9,山崎誠,山崎尋,,3,1:38.5,37.2,8-8-7-6,3,443,-9
2022/03/17,浦和,8,桜区の花　サクラソウ賞Ｃ２八 九,1500,ダ,左,良,晴,12,7,10,ブルベアライノ,牡,8,53.0,492,3,木間龍,伊藤滋,,4,1:38.5,37.7,5-5-4-5,4,492,3
2022/03/17,浦和,8,桜区の花　サクラソウ賞Ｃ２八 九,1500,ダ,左,良,晴,12,2,2,バードハズフロウン,牝,4,54.0,436,3,秋元耕,横山保,,5,1:38.5,37.7,3-3-5-3,8,436,3
2022/03/17,浦和,8,桜区の花　サクラソウ賞Ｃ２八 九,1500,ダ,左,良,晴,12,8,12,イサチルエース,牡,7,56.0,491,-3,森泰斗,栗林信,,6,1:38.9,37.0,12-12-9-9,2,491,-3
2022/03/17,浦和,8,桜区の花　サクラソウ賞Ｃ２八 九,1500,ダ,左,良,晴,12,7,9,ベリリウンヌ,牝,4,54.0,427,-2,保園翔,海馬司,,7,1:38.9,38.3,4-4-3-4,9,427,-2
2022/03/17,浦和,8,桜区の花　サクラソウ賞Ｃ２八 九,1500,ダ,左,良,晴,12,1,1,クリスタルハート,牝,4,54.0,498,3,藤本現,川村守,,8,1:39.8,38.8,6-6-6-7,10,498,3
2022/03/17,浦和,8,桜区の花　サクラソウ賞Ｃ２八 九,1500,ダ,左,良,晴,12,8,11,スクリームイーグル,牡,4,56.0,462,5,岡田大,酒井一,,9,1:39.9,38.4,11-11-8-8,6,462,5
2022/03/17,浦和,8,桜区の花　サクラソウ賞Ｃ２八 九,1500,ダ,左,良,晴,12,6,8,クールシラユリ,牝,4,54.0,459,3,笹川翼,宇野博,,10,1:40.4,38.5,10-10-10-10,7,459,3
2022/03/17,浦和,8,桜区の花　サクラソウ賞Ｃ２八 九,1500,ダ,左,良,晴,12,6,7,スプリングネージュ,牝,4,54.0,437,10,福原杏,川村守,,11,1:40.6,38.9,9-9-12-11,11,437,10
2022/03/17,浦和,8,桜区の花　サクラソウ賞Ｃ２八 九,1500,ダ,左,良,晴,12,5,6,ニシノカシン,牡,4,56.0,472,0,國分祐,冨田敏,,12,1:42.1,40.6,7-7-11-12,12,472,0
2022/03/17,浦和,9,春の夢特別Ｃ１二,1400,ダ,左,良,曇,12,4,4,コウユーラヴラヴ,牝,4,54.0,459,2,町田直,宇野博,,1,1:29.0,39.2,1-1-1-1,5,459,2
2022/03/17,浦和,9,春の夢特別Ｃ１二,1400,ダ,左,良,曇,12,7,10,ケリービーラッシュ,牝,5,54.0,442,-5,本橋孝,矢野義,,2,1:29.3,38.0,9-8-7-4,8,442,-5
2022/03/17,浦和,9,春の夢特別Ｃ１二,1400,ダ,左,良,曇,12,7,9,ソニックムーヴ,牡,4,56.0,488,-3,張田昂,小久智,,3,1:29.5,39.7,4-4-2-2,2,488,-3
2022/03/17,浦和,9,春の夢特別Ｃ１二,1400,ダ,左,良,曇,12,6,7,トレサイーユ,牝,4,54.0,448,-2,福原杏,柘榴浩,,4,1:30.0,39.0,6-6-6-7,4,448,-2
2022/03/17,浦和,9,春の夢特別Ｃ１二,1400,ダ,左,良,曇,12,3,3,サウンディングベル,牡,8,56.0,466,4,和田譲,水野貴,,5,1:30.2,38.6,8-9-9-6,10,466,4
2022/03/17,浦和,9,春の夢特別Ｃ１二,1400,ダ,左,良,曇,12,1,1,ハイプリーステス,牝,4,54.0,442,3,高橋哲,牛房榮,,6,1:30.2,39.4,5-5-5-3,7,442,3
2022/03/17,浦和,9,春の夢特別Ｃ１二,1400,ダ,左,良,曇,12,8,11,ノースリュシオル,牝,4,54.0,445,-3,加藤和,長谷忍,,7,1:30.3,39.0,7-7-8-8,9,445,-3
2022/03/17,浦和,9,春の夢特別Ｃ１二,1400,ダ,左,良,曇,12,8,12,ワンダーダイカネン,牡,5,56.0,500,4,橋本直,鈴木勝,,8,1:30.3,38.6,10-10-10-12,11,500,4
2022/03/17,浦和,9,春の夢特別Ｃ１二,1400,ダ,左,良,曇,12,2,2,マイネルデルフト,セ,0,56.0,454,1,藤本現,川村守,,9,1:30.3,38.3,12-12-12-11,12,454,1
2022/03/17,浦和,9,春の夢特別Ｃ１二,1400,ダ,左,良,曇,12,5,5,オーケーパッション,牝,4,54.0,483,2,本田重,小久智,,10,1:30.5,40.1,3-3-4-5,1,483,2
2022/03/17,浦和,9,春の夢特別Ｃ１二,1400,ダ,左,良,曇,12,5,6,ダテノライトニング,牝,7,54.0,474,-5,矢野貴,野口孝,,11,1:30.7,38.7,11-11-11-10,6,474,-5
2022/03/17,浦和,9,春の夢特別Ｃ１二,1400,ダ,左,良,曇,12,6,8,リコーグレース,牝,4,54.0,482,1,笹川翼,繁田健,,12,1:32.4,42.5,2-2-3-9,3,482,1
2022/03/17,浦和,10,春和特別Ｂ３三,1400,ダ,左,良,曇,10,8,10,コウユーモテモテ,牝,5,54.0,526,10,町田直,宇野博,,1,1:28.5,38.7,3-3-2-1,1,526,10
2022/03/17,浦和,10,春和特別Ｂ３三,1400,ダ,左,良,曇,10,5,5,オーロラテーラー,牝,5,54.0,477,-1,本田重,稲益貴,,2,1:28.8,38.7,6-5-4-2,2,477,-1
2022/03/17,浦和,10,春和特別Ｂ３三,1400,ダ,左,良,曇,10,6,6,ジュネス,牝,5,54.0,485,-9,矢野貴,小久智,,3,1:29.2,38.8,7-7-6-4,3,485,-9
2022/03/17,浦和,10,春和特別Ｂ３三,1400,ダ,左,良,曇,10,1,1,チェスナットドレス,牝,5,54.0,466,-7,秋元耕,冨田敏,,4,1:29.5,38.9,8-8-7-6,7,466,-7
2022/03/17,浦和,10,春和特別Ｂ３三,1400,ダ,左,良,曇,10,4,4,フィスラー,牡,4,56.0,477,-2,和田譲,鈴木義,,5,1:29.5,38.9,9-9-8-7,4,477,-2
2022/03/17,浦和,10,春和特別Ｂ３三,1400,ダ,左,良,曇,10,3,3,ケイアイテディ,牡,7,56.0,490,-2,山崎誠,山崎尋,,6,1:29.9,39.8,4-4-5-5,5,490,-2
2022/03/17,浦和,10,春和特別Ｂ３三,1400,ダ,左,良,曇,10,7,7,ビッグバジェット,牝,6,54.0,484,36,橋本直,川村守,,7,1:31.0,39.9,10-10-10-9,10,484,36
2022/03/17,浦和,10,春和特別Ｂ３三,1400,ダ,左,良,曇,10,7,8,ピュアファンタジー,牝,5,53.0,472,1,古岡勇,小澤宏,,8,1:31.2,41.3,5-6-3-8,8,472,1
2022/03/17,浦和,10,春和特別Ｂ３三,1400,ダ,左,良,曇,10,2,2,タイセイシャイニー,牡,5,56.0,501,12,櫻井光,内田勝,,9,1:31.7,42.1,1-1-1-3,6,501,12
2022/03/17,浦和,10,春和特別Ｂ３三,1400,ダ,左,良,曇,10,8,9,リッチアロマ,牝,4,50.0,451,2,神尾香,水野貴,,10,1:33.7,43.8,2-2-9-10,9,451,2
2022/03/17,浦和,11,桜花賞３歳牝馬オープン,1600,ダ,左,良,曇,11,8,11,スピーディキック,牝,3,54.0,476,9,御神訓,藤原智,,1,1:41.8,39.5,9-8-7-4,1,476,9
2022/03/17,浦和,11,桜花賞３歳牝馬オープン,1600,ダ,左,良,曇,11,7,8,ティーズハクア,牝,3,54.0,492,-5,達城龍,山中尊,,2,1:42.2,40.0,7-6-4-3,9,492,-5
2022/03/17,浦和,11,桜花賞３歳牝馬オープン,1600,ダ,左,良,曇,11,2,2,クールフォルテ,牝,3,54.0,489,7,笹川翼,福田真,,3,1:42.6,40.5,5-3-3-5,3,489,7
2022/03/17,浦和,11,桜花賞３歳牝馬オープン,1600,ダ,左,良,曇,11,6,7,トキノゴールド,牝,3,54.0,477,-9,櫻井光,八木喜,,4,1:42.6,39.6,10-10-9-7,8,477,-9
2022/03/17,浦和,11,桜花賞３歳牝馬オープン,1600,ダ,左,良,曇,11,1,1,ラインブレイカー,牝,3,54.0,494,3,今野忠,荒山勝,,5,1:43.2,41.5,1-1-1-1,5,494,3
2022/03/17,浦和,11,桜花賞３歳牝馬オープン,1600,ダ,左,良,曇,11,8,10,ピンクプラム,牝,3,54.0,430,-3,西啓太,渋谷博,,6,1:43.8,41.0,8-7-8-6,10,430,-3
2022/03/17,浦和,11,桜花賞３歳牝馬オープン,1600,ダ,左,良,曇,11,3,3,スティールルージュ,牝,3,54.0,473,-1,張田昂,張田京,,7,1:43.9,42.0,2-2-2-2,2,473,-1
2022/03/17,浦和,11,桜花賞３歳牝馬オープン,1600,ダ,左,良,曇,11,4,4,ヒストリックノヴァ,牝,3,54.0,483,-6,矢野貴,渡邉和,,8,1:47.5,45.4,3-4-5-8,4,483,-6
2022/03/17,浦和,11,桜花賞３歳牝馬オープン,1600,ダ,左,良,曇,11,7,9,ロマンスロード,牝,3,54.0,472,-10,和田譲,的場直,,9,1:49.2,47.1,4-5-6-9,7,472,-10
2022/03/17,浦和,11,桜花賞３歳牝馬オープン,1600,ダ,左,良,曇,11,5,5,プラチナプライド,牝,3,54.0,467,6,森泰斗,佐藤太,,,,,6-9-10,6,467,6
2022/03/17,浦和,11,桜花賞３歳牝馬オープン,1600,ダ,左,良,曇,11,6,6,エミーブレイズ,牝,3,54.0,0,0,本田重,高月賢,,,,,,,0,0
2022/03/17,浦和,12,桜月特別Ｂ２一,1400,ダ,左,良,曇,9,8,8,モリデンアロー,牡,4,56.0,504,-4,笹川翼,繁田健,,1,1:27.5,37.1,4-4-1-1,1,504,-4
2022/03/17,浦和,12,桜月特別Ｂ２一,1400,ダ,左,良,曇,9,8,9,モエレコネクター,牡,6,56.0,511,0,藤本現,齊藤敏,,2,1:29.5,38.6,9-7-6-6,6,511,0
2022/03/17,浦和,12,桜月特別Ｂ２一,1400,ダ,左,良,曇,9,2,2,サクセッサー,牡,6,56.0,511,-10,小杉亮,矢野義,,3,1:29.5,38.0,8-8-8-8,3,511,-10
2022/03/17,浦和,12,桜月特別Ｂ２一,1400,ダ,左,良,曇,9,7,7,オールザベスト,牡,8,56.0,528,-2,町田直,内田勝,,3,1:29.5,39.1,3-3-4-3,8,528,-2
2022/03/17,浦和,12,桜月特別Ｂ２一,1400,ダ,左,良,曇,9,1,1,レディブラウン,牝,4,54.0,457,-5,伊藤裕,原三男,,5,1:29.7,39.0,5-5-5-5,7,457,-5
2022/03/17,浦和,12,桜月特別Ｂ２一,1400,ダ,左,良,曇,9,3,3,ブルーローズ,牝,6,54.0,450,2,張田昂,野口孝,,6,1:29.8,39.5,1-1-2-2,4,450,2
2022/03/17,浦和,12,桜月特別Ｂ２一,1400,ダ,左,良,曇,9,4,4,ルチルクォーツ,牝,4,54.0,477,-6,福原杏,水野貴,,7,1:30.4,39.5,6-6-7-7,5,477,-6
2022/03/17,浦和,12,桜月特別Ｂ２一,1400,ダ,左,良,曇,9,5,5,ラヴァーズインメイ,牝,7,54.0,503,-10,濱田達,伊藤滋,,8,1:30.9,38.9,7-9-9-9,9,503,-10
2022/03/17,浦和,12,桜月特別Ｂ２一,1400,ダ,左,良,曇,9,6,6,ジュンパッション,牡,7,56.0,470,-14,森泰斗,小久智,,9,1:31.0,40.6,2-2-3-4,2,470,-14
2022/03/18,浦和,1,Ｃ３ ４歳エ,1300,ダ,左,稍重,曇,9,3,3,ウンジョウノメガミ,牝,4,54.0,454,-5,橋本直,牛房榮,,1,1:25.0,40.5,1-1-1-1,5,454,-5
2022/03/18,浦和,1,Ｃ３ ４歳エ,1300,ダ,左,稍重,曇,9,8,9,ジョーカイ,牝,4,54.0,463,-30,矢野貴,小久智,,2,1:25.6,39.3,5-5-5-3,1,463,-30
2022/03/18,浦和,1,Ｃ３ ４歳エ,1300,ダ,左,稍重,曇,9,5,5,ファーマスター,牝,4,54.0,435,-2,福原杏,川村守,,3,1:25.6,38.8,9-9-6-4,3,435,-2
2022/03/18,浦和,1,Ｃ３ ４歳エ,1300,ダ,左,稍重,曇,9,7,7,アベノカイシンゲキ,牡,4,56.0,473,1,寺島憂,小林真,,4,1:26.2,40.7,3-3-3-2,7,473,1
2022/03/18,浦和,1,Ｃ３ ４歳エ,1300,ダ,左,稍重,曇,9,8,8,リカバリーショット,牡,4,56.0,510,1,吉留孝,薮口一,,5,1:26.4,39.6,7-6-7-7,2,510,1
2022/03/18,浦和,1,Ｃ３ ４歳エ,1300,ダ,左,稍重,曇,9,2,2,ローズカルテット,牝,4,54.0,430,3,保園翔,平山真,,6,1:26.6,40.8,4-4-4-6,6,430,3
2022/03/18,浦和,1,Ｃ３ ４歳エ,1300,ダ,左,稍重,曇,9,4,4,アイノロマン,牝,4,54.0,472,-8,岡田大,岡田一,,7,1:26.9,39.8,6-8-9-8,9,472,-8
2022/03/18,浦和,1,Ｃ３ ４歳エ,1300,ダ,左,稍重,曇,9,6,6,サファイアライト,牝,4,53.0,431,-9,七夕裕,平山真,,8,1:27.4,42.3,2-2-2-5,8,431,-9
2022/03/18,浦和,1,Ｃ３ ４歳エ,1300,ダ,左,稍重,曇,9,1,1,リアルドリーム,牝,4,54.0,445,7,加藤和,川島豊,,9,1:27.9,41.1,8-7-8-9,4,445,7
2022/03/18,浦和,2,３歳八選抜馬イ,1400,ダ,左,稍重,曇,9,8,9,シェナノララ,牝,3,54.0,420,0,福原杏,冨田敏,,1,1:33.9,40.4,4-5-4-4,1,420,0
2022/03/18,浦和,2,３歳八選抜馬イ,1400,ダ,左,稍重,曇,9,1,1,モエヨグラン,牡,3,56.0,508,4,藤江渉,箕輪武,,2,1:34.1,40.4,5-4-5-2,2,508,4
2022/03/18,浦和,2,３歳八選抜馬イ,1400,ダ,左,稍重,曇,9,5,5,パルメニデス,牡,3,56.0,402,9,和田譲,田邊陽,,3,1:34.3,39.5,8-8-8-8,7,402,9
2022/03/18,浦和,2,３歳八選抜馬イ,1400,ダ,左,稍重,曇,9,2,2,ズーパー,牡,3,56.0,417,-7,伊藤裕,平田正,,4,1:34.3,41.0,1-1-1-1,9,417,-7
2022/03/18,浦和,2,３歳八選抜馬イ,1400,ダ,左,稍重,曇,9,3,3,ハーピーローズ,牝,3,53.0,407,-2,古岡勇,武井和,,5,1:34.5,40.2,6-6-7-6,4,407,-2
2022/03/18,浦和,2,３歳八選抜馬イ,1400,ダ,左,稍重,曇,9,6,6,ブルートルマリン,牝,3,54.0,488,-3,櫻井光,久保勇,,6,1:34.5,41.2,2-2-2-3,5,488,-3
2022/03/18,浦和,2,３歳八選抜馬イ,1400,ダ,左,稍重,曇,9,7,7,ショウショウコ,牝,3,54.0,450,-4,増田充,安池成,,7,1:34.7,40.5,7-7-6-7,8,450,-4
2022/03/18,浦和,2,３歳八選抜馬イ,1400,ダ,左,稍重,曇,9,8,8,リグレイオ,セ,0,56.0,428,-1,藤田凌,山田質,,8,1:34.8,41.5,3-3-3-5,6,428,-1
2022/03/18,浦和,2,３歳八選抜馬イ,1400,ダ,左,稍重,曇,9,4,4,ハナミデイッパイ,牝,3,54.0,418,1,吉留孝,平山真,,,,,9-9-9,3,418,1
2022/03/18,浦和,3,３歳八選抜馬ア,1400,ダ,左,稍重,雨,9,5,5,エスポワールフレア,牝,3,54.0,439,-6,見越彬,野口寛,,1,1:32.6,41.2,1-1-1-1,3,439,-6
2022/03/18,浦和,3,３歳八選抜馬ア,1400,ダ,左,稍重,雨,9,7,7,ルミマルヤ,牝,3,54.0,456,12,福原杏,柘榴浩,,2,1:33.0,40.6,9-8-7-4,5,456,12
2022/03/18,浦和,3,３歳八選抜馬ア,1400,ダ,左,稍重,雨,9,3,3,スーベニア,牝,3,54.0,470,-4,笹川翼,内野健,,3,1:33.1,41.6,2-2-2-2,1,470,-4
2022/03/18,浦和,3,３歳八選抜馬ア,1400,ダ,左,稍重,雨,9,6,6,アクアエナジー,牝,3,54.0,417,-9,秋元耕,小澤宏,,4,1:33.2,41.1,5-5-4-5,9,417,-9
2022/03/18,浦和,3,３歳八選抜馬ア,1400,ダ,左,稍重,雨,9,1,1,セピアムーン,牝,3,53.0,417,2,七夕裕,箕輪武,,5,1:34.2,42.5,3-3-3-3,8,417,2
2022/03/18,浦和,3,３歳八選抜馬ア,1400,ダ,左,稍重,雨,9,2,2,カニグー,牡,3,56.0,425,2,保園翔,長谷忍,,6,1:34.3,42.2,7-6-5-6,2,425,2
2022/03/18,浦和,3,３歳八選抜馬ア,1400,ダ,左,稍重,雨,9,4,4,モリデンベル,牝,3,54.0,470,2,高橋哲,山越光,,7,1:34.8,41.4,8-9-9-9,6,470,2
2022/03/18,浦和,3,３歳八選抜馬ア,1400,ダ,左,稍重,雨,9,8,8,アカサカショコラ,牝,3,54.0,475,-6,橋本直,酒井一,,8,1:35.7,43.6,6-7-6-7,4,475,-6
2022/03/18,浦和,3,３歳八選抜馬ア,1400,ダ,左,稍重,雨,9,8,9,ターミロンサール,牝,3,54.0,469,-1,岡田大,小林真,,9,1:36.2,44.1,4-4-8-8,7,469,-1
2022/03/18,浦和,4,幸手の桜トンネル賞Ｃ２十 十一 十二,1400,ダ,左,稍重,雨,12,6,7,カズブレイド,牡,5,56.0,522,1,岡村健,阿井正,,1,1:31.0,38.8,9-10-9-4,2,522,1
2022/03/18,浦和,4,幸手の桜トンネル賞Ｃ２十 十一 十二,1400,ダ,左,稍重,雨,12,7,9,セイウンミレイア,牝,5,54.0,478,-10,岡田大,冨田敏,,2,1:31.0,40.1,4-4-2-2,10,478,-10
2022/03/18,浦和,4,幸手の桜トンネル賞Ｃ２十 十一 十二,1400,ダ,左,稍重,雨,12,4,4,トモノクリスタル,牝,5,54.0,429,-9,橋本直,小久智,,3,1:31.3,40.4,1-1-1-1,1,429,-9
2022/03/18,浦和,4,幸手の桜トンネル賞Ｃ２十 十一 十二,1400,ダ,左,稍重,雨,12,3,3,パルセイティング,牝,6,54.0,454,-1,森泰斗,平山真,,4,1:31.7,40.5,3-3-4-3,3,454,-1
2022/03/18,浦和,4,幸手の桜トンネル賞Ｃ２十 十一 十二,1400,ダ,左,稍重,雨,12,1,1,ビスタストリカ,牝,6,53.0,463,1,池谷匠,栗林信,,5,1:31.7,38.3,12-12-11-12,9,463,1
2022/03/18,浦和,4,幸手の桜トンネル賞Ｃ２十 十一 十二,1400,ダ,左,稍重,雨,12,8,11,セイエイビビット,牝,6,54.0,536,3,内田利,岡田一,,6,1:31.8,39.9,7-7-6-9,5,536,3
2022/03/18,浦和,4,幸手の桜トンネル賞Ｃ２十 十一 十二,1400,ダ,左,稍重,雨,12,6,8,ラーズグリーズ,セ,0,55.0,461,3,篠谷葵,工藤伸,,7,1:32.1,40.1,8-8-8-7,4,461,3
2022/03/18,浦和,4,幸手の桜トンネル賞Ｃ２十 十一 十二,1400,ダ,左,稍重,雨,12,5,6,アイファーオレンジ,牝,5,54.0,435,-2,臼井健,佐々功,,8,1:32.2,40.6,5-6-7-6,8,435,-2
2022/03/18,浦和,4,幸手の桜トンネル賞Ｃ２十 十一 十二,1400,ダ,左,稍重,雨,12,8,12,ガッサンノリュウ,牡,6,56.0,422,0,小杉亮,矢野義,,9,1:32.4,40.2,10-9-10-11,6,422,0
2022/03/18,浦和,4,幸手の桜トンネル賞Ｃ２十 十一 十二,1400,ダ,左,稍重,雨,12,5,5,ベニノエンゼル,牝,5,54.0,439,-1,見越彬,山越光,,10,1:32.4,41.0,6-5-5-5,7,439,-1
2022/03/18,浦和,4,幸手の桜トンネル賞Ｃ２十 十一 十二,1400,ダ,左,稍重,雨,12,2,2,クラファイン,牝,5,54.0,445,-6,川島正,玉井勝,,11,1:32.6,39.0,11-11-12-8,12,445,-6
2022/03/18,浦和,4,幸手の桜トンネル賞Ｃ２十 十一 十二,1400,ダ,左,稍重,雨,12,7,10,メイショウタオ,牡,5,55.0,459,0,七夕裕,小林真,,12,1:33.5,42.6,2-2-3-10,11,459,0
2022/03/18,浦和,5,特選Ｃ３一 二,1500,ダ,左,重,雨,12,3,3,ジュントップゴール,牡,8,56.0,520,-7,森泰斗,薮口一,,1,1:38.1,39.2,1-1-1-1,5,520,-7
2022/03/18,浦和,5,特選Ｃ３一 二,1500,ダ,左,重,雨,12,7,9,アーバンブラック,牡,7,56.0,477,5,張田昂,平山真,,2,1:38.1,38.4,10-9-5-3,4,477,5
2022/03/18,浦和,5,特選Ｃ３一 二,1500,ダ,左,重,雨,12,8,11,ヒゲクレイジー,セ,0,56.0,468,-1,高橋哲,酒井一,,3,1:38.1,39.0,4-5-3-4,1,468,-1
2022/03/18,浦和,5,特選Ｃ３一 二,1500,ダ,左,重,雨,12,6,8,リュウオウ,牡,6,56.0,475,-5,石崎駿,宇野博,,4,1:38.4,39.4,3-3-2-2,2,475,-5
2022/03/18,浦和,5,特選Ｃ３一 二,1500,ダ,左,重,雨,12,4,4,ニードアフレンド,牝,8,54.0,465,3,加藤和,鈴木勝,,5,1:39.1,39.8,5-4-4-5,8,465,3
2022/03/18,浦和,5,特選Ｃ３一 二,1500,ダ,左,重,雨,12,5,6,ロタツィオーネ,セ,0,56.0,471,0,吉留孝,野口孝,,6,1:39.6,39.6,7-8-9-7,6,471,0
2022/03/18,浦和,5,特選Ｃ３一 二,1500,ダ,左,重,雨,12,5,5,ザワールド,牝,7,54.0,478,4,岡村健,伊藤滋,,7,1:39.7,39.6,9-10-10-11,3,478,4
2022/03/18,浦和,5,特選Ｃ３一 二,1500,ダ,左,重,雨,12,8,12,キモンズラブ,牝,8,54.0,458,6,國分祐,冨田敏,,8,1:39.9,40.4,6-6-6-6,7,458,6
2022/03/18,浦和,5,特選Ｃ３一 二,1500,ダ,左,重,雨,12,1,1,ベルクオーレ,牝,9,54.0,472,1,西村栄,佐々功,,9,1:40.0,39.7,12-11-12-9,10,472,1
2022/03/18,浦和,5,特選Ｃ３一 二,1500,ダ,左,重,雨,12,7,10,ミライヘノサイン,牝,9,54.0,459,-3,保園翔,冨田敏,,10,1:40.3,40.2,11-12-8-8,12,459,-3
2022/03/18,浦和,5,特選Ｃ３一 二,1500,ダ,左,重,雨,12,2,2,シエスタキー,牡,5,56.0,495,-1,山中悠,川村守,,11,1:40.5,40.5,8-7-11-12,9,495,-1
2022/03/18,浦和,5,特選Ｃ３一 二,1500,ダ,左,重,雨,12,6,7,ケイティーアニマル,牝,9,54.0,490,-2,秋元耕,柘榴浩,,12,1:41.9,42.6,2-2-7-10,11,490,-2
2022/03/18,浦和,6,Ｃ２十 十一 十二,1500,ダ,左,重,雨,12,5,6,ウインゴライアス,牡,6,56.0,519,-3,和田譲,河津裕,,1,1:38.0,39.3,6-6-3-1,2,519,-3
2022/03/18,浦和,6,Ｃ２十 十一 十二,1500,ダ,左,重,雨,12,5,5,アトゥ,牡,5,56.0,502,2,石崎駿,矢野義,,2,1:38.4,39.4,4-5-7-5,3,502,2
2022/03/18,浦和,6,Ｃ２十 十一 十二,1500,ダ,左,重,雨,12,7,9,ブルーティアーズ,牝,5,54.0,503,4,福原杏,山越光,,3,1:38.9,40.7,2-2-1-2,7,503,4
2022/03/18,浦和,6,Ｃ２十 十一 十二,1500,ダ,左,重,雨,12,6,8,トーセンエクラ,牡,7,56.0,485,0,森泰斗,齊藤敏,,4,1:38.9,39.7,11-9-5-6,1,485,0
2022/03/18,浦和,6,Ｃ２十 十一 十二,1500,ダ,左,重,雨,12,8,11,ブルラッシュ,牡,5,56.0,507,-7,高橋哲,酒井一,,5,1:39.0,40.7,3-3-2-3,6,507,-7
2022/03/18,浦和,6,Ｃ２十 十一 十二,1500,ダ,左,重,雨,12,3,3,スノートレイン,牡,5,56.0,442,0,笹川翼,小澤宏,,6,1:39.4,40.0,9-8-9-8,8,442,0
2022/03/18,浦和,6,Ｃ２十 十一 十二,1500,ダ,左,重,雨,12,8,12,サンハンツビル,牝,6,54.0,467,3,保園翔,川村守,,7,1:39.5,40.8,5-4-4-4,4,467,3
2022/03/18,浦和,6,Ｃ２十 十一 十二,1500,ダ,左,重,雨,12,7,10,アイマックス,牡,6,56.0,444,-4,岡田大,岡田一,,8,1:39.6,39.8,8-10-11-10,9,444,-4
2022/03/18,浦和,6,Ｃ２十 十一 十二,1500,ダ,左,重,雨,12,6,7,ユウユウグリュック,牝,5,54.0,426,3,秋元耕,横山保,,9,1:39.7,39.9,10-12-12-9,11,426,3
2022/03/18,浦和,6,Ｃ２十 十一 十二,1500,ダ,左,重,雨,12,4,4,センターロード,牝,5,54.0,449,5,矢野貴,伊藤滋,,10,1:39.8,40.6,7-7-8-7,5,449,5
2022/03/18,浦和,6,Ｃ２十 十一 十二,1500,ダ,左,重,雨,12,1,1,ナンヨーショウエイ,牝,5,54.0,426,-8,岡村健,平山真,,11,1:40.8,41.0,12-11-10-11,10,426,-8
2022/03/18,浦和,6,Ｃ２十 十一 十二,1500,ダ,左,重,雨,12,2,2,サマーローヤル,牝,4,54.0,402,11,藤江渉,柘榴浩,,12,1:41.8,43.5,1-1-6-12,12,402,11
2022/03/18,浦和,7,特選Ｃ３一 二,1400,ダ,左,重,雨,12,5,6,エレガンスヘイロー,牝,7,54.0,480,1,和田譲,柘榴浩,,1,1:30.9,39.4,2-4-3-3,1,480,1
2022/03/18,浦和,7,特選Ｃ３一 二,1400,ダ,左,重,雨,12,8,11,フクノヴァランス,牡,7,56.0,472,1,加藤和,川島豊,,2,1:30.9,39.4,5-2-2-1,2,472,1
2022/03/18,浦和,7,特選Ｃ３一 二,1400,ダ,左,重,雨,12,7,9,ワールドウィスラー,牡,5,56.0,466,2,高橋哲,吉田正,,3,1:32.1,40.3,6-6-4-4,8,466,2
2022/03/18,浦和,7,特選Ｃ３一 二,1400,ダ,左,重,雨,12,7,10,ディアサンダー,牝,7,54.0,479,-1,櫻井光,久保勇,,4,1:32.2,40.7,1-1-1-2,5,479,-1
2022/03/18,浦和,7,特選Ｃ３一 二,1400,ダ,左,重,雨,12,2,2,イズミシンホニー,牝,8,54.0,443,-10,見越彬,冨田敏,,5,1:32.6,40.8,4-3-7-7,12,443,-10
2022/03/18,浦和,7,特選Ｃ３一 二,1400,ダ,左,重,雨,12,1,1,ネオマティリアル,牡,5,56.0,479,7,秋元耕,小澤宏,,6,1:32.6,40.3,12-10-8-8,9,479,7
2022/03/18,浦和,7,特選Ｃ３一 二,1400,ダ,左,重,雨,12,8,12,ヤマジュンヒバナ,牝,5,53.0,446,11,七夕裕,宇野博,,7,1:32.7,40.7,9-9-6-6,6,446,11
2022/03/18,浦和,7,特選Ｃ３一 二,1400,ダ,左,重,雨,12,4,4,ボビン,牝,6,54.0,438,9,保園翔,内野健,,8,1:33.0,40.5,8-8-11-11,3,438,9
2022/03/18,浦和,7,特選Ｃ３一 二,1400,ダ,左,重,雨,12,6,8,ハクサンストロング,牡,6,56.0,479,5,小杉亮,矢野義,,9,1:33.0,40.4,10-11-10-10,4,479,5
2022/03/18,浦和,7,特選Ｃ３一 二,1400,ダ,左,重,雨,12,6,7,ルア,牝,8,54.0,477,2,寺島憂,内野健,,10,1:33.3,41.7,3-5-5-5,7,477,2
2022/03/18,浦和,7,特選Ｃ３一 二,1400,ダ,左,重,雨,12,3,3,ジュンサロベツ,牝,6,54.0,484,13,吉留孝,小久智,,11,1:33.9,41.7,7-7-9-9,10,484,13
2022/03/18,浦和,7,特選Ｃ３一 二,1400,ダ,左,重,雨,12,5,5,ローズオブセイコー,牝,5,54.0,433,-6,福原杏,柘榴浩,,12,1:34.6,41.4,11-12-12-12,11,433,-6
2022/03/18,浦和,8,浦和ジョッキーズラウンドＣ２選抜馬,1400,ダ,左,重,雨,12,2,2,ラッキーラック,牡,4,56.5,444,-3,秋元耕,宇野博,,1,1:31.1,39.9,6-7-6-6,1,444,-3
2022/03/18,浦和,8,浦和ジョッキーズラウンドＣ２選抜馬,1400,ダ,左,重,雨,12,1,1,エック,牡,5,56.5,440,4,國分祐,水野貴,,2,1:31.5,40.8,1-1-1-1,6,440,4
2022/03/18,浦和,8,浦和ジョッキーズラウンドＣ２選抜馬,1400,ダ,左,重,雨,12,4,4,ダイエービルベリー,牝,4,54.5,483,6,橋本直,酒井一,,3,1:31.5,40.5,3-4-3-3,3,483,6
2022/03/18,浦和,8,浦和ジョッキーズラウンドＣ２選抜馬,1400,ダ,左,重,雨,12,7,9,アンタルクティクス,牡,5,56.0,497,8,内田利,内野健,,4,1:31.5,40.7,2-2-2-2,4,497,8
2022/03/18,浦和,8,浦和ジョッキーズラウンドＣ２選抜馬,1400,ダ,左,重,雨,12,7,10,メイショウイヤサカ,牝,6,54.0,444,3,岡田大,海馬司,,5,1:31.6,40.0,12-12-9-8,5,444,3
2022/03/18,浦和,8,浦和ジョッキーズラウンドＣ２選抜馬,1400,ダ,左,重,雨,12,8,12,マナカフナ,牝,4,54.5,421,0,福原杏,牛房榮,,6,1:31.6,40.4,7-5-4-4,9,421,0
2022/03/18,浦和,8,浦和ジョッキーズラウンドＣ２選抜馬,1400,ダ,左,重,雨,12,8,11,プランナイン,牝,4,54.5,475,-2,加藤和,柘榴浩,,7,1:31.8,40.2,11-11-12-11,7,475,-2
2022/03/18,浦和,8,浦和ジョッキーズラウンドＣ２選抜馬,1400,ダ,左,重,雨,12,3,3,マスオ,牡,9,56.0,436,-3,保園翔,野口孝,,8,1:32.1,40.5,10-10-8-5,12,436,-3
2022/03/18,浦和,8,浦和ジョッキーズラウンドＣ２選抜馬,1400,ダ,左,重,雨,12,6,8,サプライズギフト,牝,4,54.0,410,-17,見越彬,川島豊,,9,1:32.2,40.7,9-9-7-7,8,410,-17
2022/03/18,浦和,8,浦和ジョッキーズラウンドＣ２選抜馬,1400,ダ,左,重,雨,12,5,5,カミヤガルーラ,牡,4,56.5,475,1,寺島憂,内野健,,10,1:32.3,40.8,8-8-10-9,2,475,1
2022/03/18,浦和,8,浦和ジョッキーズラウンドＣ２選抜馬,1400,ダ,左,重,雨,12,6,7,モリデンタワー,牝,4,54.5,468,12,高橋哲,山越光,,11,1:33.5,42.5,4-3-5-10,10,468,12
2022/03/18,浦和,8,浦和ジョッキーズラウンドＣ２選抜馬,1400,ダ,左,重,雨,12,5,6,ファンファン,牡,5,56.5,461,0,吉留孝,箕輪武,,12,1:34.9,43.4,5-6-11-12,11,461,0
2022/03/18,浦和,9,Ｃ２十 十一 十二,1400,ダ,左,重,雨,12,7,10,トーセンテキーラ,牡,6,56.0,558,-11,吉留孝,小久智,,1,1:29.6,40.4,2-2-1-1,1,558,-11
2022/03/18,浦和,9,Ｃ２十 十一 十二,1400,ダ,左,重,雨,12,2,2,ジョウハリ,牡,5,56.0,454,-1,藤江渉,久保秀,,2,1:30.0,39.7,6-5-5-2,4,454,-1
2022/03/18,浦和,9,Ｃ２十 十一 十二,1400,ダ,左,重,雨,12,8,11,アミフジウジョウ,牡,5,53.0,477,1,木間龍,矢野義,,3,1:30.2,39.3,8-8-8-8,6,477,1
2022/03/18,浦和,9,Ｃ２十 十一 十二,1400,ダ,左,重,雨,12,8,12,トゥンバドーラ,牝,7,54.0,473,6,矢野貴,甲田悟,,4,1:30.4,39.4,9-9-9-9,3,473,6
2022/03/18,浦和,9,Ｃ２十 十一 十二,1400,ダ,左,重,雨,12,6,7,ツクバマリア,牝,5,54.0,466,-6,福原杏,平山真,,5,1:30.7,40.4,5-6-6-5,2,466,-6
2022/03/18,浦和,9,Ｃ２十 十一 十二,1400,ダ,左,重,雨,12,5,5,ニシノキスミー,牝,8,54.0,468,-8,張田昂,小澤宏,,6,1:30.8,40.0,7-7-7-7,7,468,-8
2022/03/18,浦和,9,Ｃ２十 十一 十二,1400,ダ,左,重,雨,12,7,9,ヴァリオブキングズ,牡,6,56.0,480,8,藤本現,齊藤敏,,7,1:30.9,39.3,12-12-11-11,10,480,8
2022/03/18,浦和,9,Ｃ２十 十一 十二,1400,ダ,左,重,雨,12,3,3,メイショウハヤナリ,牡,6,56.0,490,-11,見越彬,藤原智,,8,1:31.1,41.3,3-3-3-3,5,490,-11
2022/03/18,浦和,9,Ｃ２十 十一 十二,1400,ダ,左,重,雨,12,5,6,カントナ,牝,5,54.0,397,-14,保園翔,宇野博,,9,1:31.6,40.2,11-11-10-12,8,397,-14
2022/03/18,浦和,9,Ｃ２十 十一 十二,1400,ダ,左,重,雨,12,6,8,アザミ,牝,8,54.0,453,0,内田利,内野健,,10,1:31.8,41.8,4-4-4-4,11,453,0
2022/03/18,浦和,9,Ｃ２十 十一 十二,1400,ダ,左,重,雨,12,1,1,ナヴラトリ,牝,9,54.0,477,0,半澤慶,川村守,,11,1:32.0,40.4,10-10-12-10,12,477,0
2022/03/18,浦和,9,Ｃ２十 十一 十二,1400,ダ,左,重,雨,12,4,4,ブルベアマイル,牡,5,56.0,453,6,岡田大,岡田一,,12,1:33.6,44.4,1-1-2-6,9,453,6
2022/03/18,浦和,10,彼岸の入り特別Ｃ１一,1500,ダ,左,重,雨,10,1,1,ジョーマキアート,牝,7,54.0,504,-6,本橋孝,小久智,,1,1:34.8,38.8,1-1-1-1,1,504,-6
2022/03/18,浦和,10,彼岸の入り特別Ｃ１一,1500,ダ,左,重,雨,10,3,3,キングバーグ,牡,5,56.0,494,2,和田譲,宇野博,,2,1:35.8,39.2,4-3-3-4,2,494,2
2022/03/18,浦和,10,彼岸の入り特別Ｃ１一,1500,ダ,左,重,雨,10,8,10,ヒデノペリドット,牡,4,56.0,488,1,秋元耕,岡田一,,3,1:35.9,39.5,2-2-2-2,3,488,1
2022/03/18,浦和,10,彼岸の入り特別Ｃ１一,1500,ダ,左,重,雨,10,2,2,ワンダークラドート,牡,5,56.0,478,-2,橋本直,鈴木勝,,4,1:36.1,39.1,5-5-4-3,6,478,-2
2022/03/18,浦和,10,彼岸の入り特別Ｃ１一,1500,ダ,左,重,雨,10,7,8,コスモビートイット,牡,5,56.0,509,4,加藤和,川島豊,,5,1:36.7,39.5,8-8-8-5,10,509,4
2022/03/18,浦和,10,彼岸の入り特別Ｃ１一,1500,ダ,左,重,雨,10,4,4,アカンタレ,牡,7,56.0,476,0,半澤慶,岡田一,,6,1:37.3,39.6,10-10-10-8,7,476,0
2022/03/18,浦和,10,彼岸の入り特別Ｃ１一,1500,ダ,左,重,雨,10,5,5,タイニーベイビー,牡,5,56.0,461,-4,山口達,繁田健,,7,1:37.4,40.2,9-9-5-7,8,461,-4
2022/03/18,浦和,10,彼岸の入り特別Ｃ１一,1500,ダ,左,重,雨,10,8,9,アールブリッツ,牡,5,56.0,541,7,福原杏,水野貴,,8,1:37.7,40.7,7-6-6-6,5,541,7
2022/03/18,浦和,10,彼岸の入り特別Ｃ１一,1500,ダ,左,重,雨,10,7,7,スミトアンドチャー,牡,8,56.0,521,7,吉井章,川島豊,,9,1:39.2,42.2,6-7-9-10,9,521,7
2022/03/18,浦和,10,彼岸の入り特別Ｃ１一,1500,ダ,左,重,雨,10,6,6,ウインオーサム,セ,0,56.0,440,1,山崎誠,河津裕,,10,1:39.4,42.6,3-4-7-9,4,440,1
2022/03/18,浦和,11,沈丁花特別Ｂ３四,1500,ダ,左,重,雨,8,5,5,アンタンスルフレ,セ,0,56.0,445,-4,笹川翼,小澤宏,,1,1:36.3,38.5,3-3-3-2,1,445,-4
2022/03/18,浦和,11,沈丁花特別Ｂ３四,1500,ダ,左,重,雨,8,8,8,ソフィアバローズ,牝,5,54.0,437,-6,加藤和,川島豊,,2,1:36.6,38.8,7-5-4-4,3,437,-6
2022/03/18,浦和,11,沈丁花特別Ｂ３四,1500,ダ,左,重,雨,8,2,2,マナホクレレ,牡,5,56.0,478,1,和田譲,齊藤敏,,3,1:36.8,38.5,6-7-6-7,4,478,1
2022/03/18,浦和,11,沈丁花特別Ｂ３四,1500,ダ,左,重,雨,8,7,7,ラストブラッサム,牡,5,56.0,467,-1,本田重,佐々仁,,4,1:36.9,38.9,4-4-5-5,2,467,-1
2022/03/18,浦和,11,沈丁花特別Ｂ３四,1500,ダ,左,重,雨,8,4,4,ナムラタイガー,牡,5,56.0,553,9,今野忠,柘榴浩,,5,1:37.0,38.8,5-6-7-6,5,553,9
2022/03/18,浦和,11,沈丁花特別Ｂ３四,1500,ダ,左,重,雨,8,3,3,スペースシップ,牡,5,56.0,495,12,半澤慶,宇野博,,6,1:37.2,39.4,1-1-1-1,8,495,12
2022/03/18,浦和,11,沈丁花特別Ｂ３四,1500,ダ,左,重,雨,8,1,1,キャプチュード,牡,7,56.0,504,1,橋本直,鹿沼和,,7,1:37.2,38.6,8-8-8-8,7,504,1
2022/03/18,浦和,11,沈丁花特別Ｂ３四,1500,ダ,左,重,雨,8,6,6,ペルフェッタ,牝,5,54.0,489,-4,本橋孝,野口孝,,8,1:38.8,41.0,2-2-2-3,6,489,-4
2022/03/18,浦和,12,染色月特別Ｃ３選抜馬,2000,ダ,左,重,雨,11,7,8,イエローリボン,牝,5,51.0,480,-3,菅原涼,藤原智,,1,2:13.6,39.8,1-1-1-1,5,480,-3
2022/03/18,浦和,12,染色月特別Ｃ３選抜馬,2000,ダ,左,重,雨,11,7,9,タイムファクター,牡,6,56.0,482,0,山崎誠,山田質,,2,2:14.9,40.7,7-7-3-4,3,482,0
2022/03/18,浦和,12,染色月特別Ｃ３選抜馬,2000,ダ,左,重,雨,11,6,6,レインボーシャトル,牡,7,56.0,525,-5,仲野光,阿井正,,3,2:15.0,40.8,3-3-4-3,2,525,-5
2022/03/18,浦和,12,染色月特別Ｃ３選抜馬,2000,ダ,左,重,雨,11,3,3,アニマフレスカ,牝,5,54.0,450,1,岡村健,酒井一,,4,2:15.1,40.7,8-6-5-5,4,450,1
2022/03/18,浦和,12,染色月特別Ｃ３選抜馬,2000,ダ,左,重,雨,11,4,4,マッシロ,牝,6,54.0,432,-2,張田昂,林隆之,,5,2:15.1,40.7,5-5-7-6,1,432,-2
2022/03/18,浦和,12,染色月特別Ｃ３選抜馬,2000,ダ,左,重,雨,11,6,7,ダイナナフェアリー,牝,5,53.0,470,-4,七夕裕,岡田一,,6,2:15.2,41.3,2-2-2-2,9,470,-4
2022/03/18,浦和,12,染色月特別Ｃ３選抜馬,2000,ダ,左,重,雨,11,1,1,アルコンシチー,牡,5,56.0,456,-1,吉留孝,箕輪武,,7,2:16.3,41.3,10-10-9-7,10,456,-1
2022/03/18,浦和,12,染色月特別Ｃ３選抜馬,2000,ダ,左,重,雨,11,8,10,ラッキーアモン,牡,6,56.0,518,2,秋元耕,柘榴浩,,8,2:17.2,43.0,4-4-6-8,6,518,2
2022/03/18,浦和,12,染色月特別Ｃ３選抜馬,2000,ダ,左,重,雨,11,2,2,ポップアップレーヌ,牝,6,54.0,464,1,本橋孝,石井勝,,9,2:17.4,41.9,11-11-10-10,8,464,1
2022/03/18,浦和,12,染色月特別Ｃ３選抜馬,2000,ダ,左,重,雨,11,8,11,ニシノコウメイ,牡,4,56.0,460,-3,國分祐,冨田敏,,10,2:17.6,42.3,6-9-11-11,11,460,-3
2022/03/18,浦和,12,染色月特別Ｃ３選抜馬,2000,ダ,左,重,雨,11,5,5,ラウズアップ,牡,6,56.0,433,6,岡田大,牛房榮,,11,2:17.9,43.3,9-8-8-9,7,433,6
2022/04/25,浦和,1,ドリームチャレンジ２歳新馬,800,ダ,左,稍重,晴,5,4,4,サムタイムアゴー,牡,2,54.0,0,0,左海誠,小久智,,1,0:48.8,36.3,2-2,1,0,0
2022/04/25,浦和,1,ドリームチャレンジ２歳新馬,800,ダ,左,稍重,晴,5,5,5,シェナクラウン,牡,2,54.0,0,0,福原杏,冨田敏,,2,0:48.8,36.4,1-1,2,0,0
2022/04/25,浦和,1,ドリームチャレンジ２歳新馬,800,ダ,左,稍重,晴,5,3,3,ウオッカガール,牝,2,54.0,0,0,山崎誠,箕輪武,,3,0:50.4,37.1,3-3,3,0,0
2022/04/25,浦和,1,ドリームチャレンジ２歳新馬,800,ダ,左,稍重,晴,5,1,1,シェナリオン,牡,2,54.0,0,0,保園翔,冨田敏,,4,0:50.5,36.4,5-4,5,0,0
2022/04/25,浦和,1,ドリームチャレンジ２歳新馬,800,ダ,左,稍重,晴,5,2,2,ユウユウプレシャス,牝,2,54.0,0,0,秋元耕,横山保,,5,0:51.6,37.4,4-5,4,0,0
2022/04/25,浦和,2,Ｃ３十 十一 十二,1300,ダ,左,稍重,晴,11,7,9,トーセンクルーズ,牝,7,54.0,438,3,矢野貴,工藤伸,,1,1:25.3,40.3,2-2-2-2,2,438,3
2022/04/25,浦和,2,Ｃ３十 十一 十二,1300,ダ,左,稍重,晴,11,6,6,ツーエムポラリス,牡,7,56.0,480,6,澤田龍,鈴木勝,,2,1:25.4,40.6,1-1-1-1,4,480,6
2022/04/25,浦和,2,Ｃ３十 十一 十二,1300,ダ,左,稍重,晴,11,3,3,ポイズンピル,牡,7,56.0,471,11,岡田大,牛房榮,,3,1:25.5,39.6,6-6-7-5,5,471,11
2022/04/25,浦和,2,Ｃ３十 十一 十二,1300,ダ,左,稍重,晴,11,6,7,スマイルジーニアス,セ,0,56.0,504,4,福原杏,鹿沼和,,4,1:26.1,40.6,5-5-4-4,1,504,4
2022/04/25,浦和,2,Ｃ３十 十一 十二,1300,ダ,左,稍重,晴,11,8,11,ゴーオンザステージ,牝,7,54.0,446,8,山崎誠,平山真,,5,1:26.1,40.9,3-3-3-3,3,446,8
2022/04/25,浦和,2,Ｃ３十 十一 十二,1300,ダ,左,稍重,晴,11,8,10,ニシノシノブ,牝,7,51.0,460,9,及川烈,吉田正,,6,1:26.2,39.7,8-8-8-8,7,460,9
2022/04/25,浦和,2,Ｃ３十 十一 十二,1300,ダ,左,稍重,晴,11,4,4,パレスギガント,牡,6,53.0,488,1,菅原涼,長谷忍,,7,1:26.3,40.5,7-7-6-6,8,488,1
2022/04/25,浦和,2,Ｃ３十 十一 十二,1300,ダ,左,稍重,晴,11,2,2,イダテン,牡,7,53.0,444,5,野畑凌,原三男,,8,1:26.8,39.7,9-9-9-9,9,444,5
2022/04/25,浦和,2,Ｃ３十 十一 十二,1300,ダ,左,稍重,晴,11,5,5,コウエイダイチ,牡,8,56.0,467,2,秋元耕,吉田正,,9,1:27.4,41.9,4-4-5-7,6,467,2
2022/04/25,浦和,2,Ｃ３十 十一 十二,1300,ダ,左,稍重,晴,11,1,1,タイムトラベル,牝,8,54.0,474,4,岡村裕,山田正,,10,1:28.4,40.1,10-10-10-10,10,474,4
2022/04/25,浦和,2,Ｃ３十 十一 十二,1300,ダ,左,稍重,晴,11,7,8,シンライヴィヴ,牝,7,50.0,0,0,小林捺,柘榴浩,,,,,,,0,0
2022/04/25,浦和,3,ランチタイムチャレンジ３歳二,1400,ダ,左,稍重,晴,12,5,5,エースストライカー,牡,3,56.0,488,0,笹川翼,高月賢,,1,1:30.2,40.1,1-1-1-1,2,488,0
2022/04/25,浦和,3,ランチタイムチャレンジ３歳二,1400,ダ,左,稍重,晴,12,7,9,ジングルベル,牝,3,54.0,454,8,矢野貴,小久智,,2,1:30.2,40.0,2-2-2-2,5,454,8
2022/04/25,浦和,3,ランチタイムチャレンジ３歳二,1400,ダ,左,稍重,晴,12,2,2,トラストカトレア,牝,3,54.0,481,-2,山崎誠,吉橋淳,,3,1:30.5,38.5,11-11-7-5,4,481,-2
2022/04/25,浦和,3,ランチタイムチャレンジ３歳二,1400,ダ,左,稍重,晴,12,7,10,フリーホースパーク,牡,3,56.0,440,0,藤江渉,久保秀,,4,1:30.6,39.7,7-6-5-4,3,440,0
2022/04/25,浦和,3,ランチタイムチャレンジ３歳二,1400,ダ,左,稍重,晴,12,1,1,バトルホッパー,牡,3,56.0,482,4,高橋哲,横山保,,5,1:31.2,38.4,10-10-9-8,7,482,4
2022/04/25,浦和,3,ランチタイムチャレンジ３歳二,1400,ダ,左,稍重,晴,12,6,8,シンメカイヤー,牡,3,56.0,519,-4,町田直,内田勝,,6,1:31.4,41.1,3-3-3-3,1,519,-4
2022/04/25,浦和,3,ランチタイムチャレンジ３歳二,1400,ダ,左,稍重,晴,12,3,3,ジーショッカー,牡,3,56.0,473,-10,山林信,岩本洋,,7,1:31.7,39.3,9-9-8-9,10,473,-10
2022/04/25,浦和,3,ランチタイムチャレンジ３歳二,1400,ダ,左,稍重,晴,12,6,7,ミトノキサキ,牝,3,54.0,450,-7,和田譲,鈴木義,,8,1:31.7,40.5,6-5-6-7,6,450,-7
2022/04/25,浦和,3,ランチタイムチャレンジ３歳二,1400,ダ,左,稍重,晴,12,8,12,パレルモフレイバー,牝,3,54.0,467,-1,本橋孝,繁田健,,9,1:32.3,41.9,4-4-4-6,9,467,-1
2022/04/25,浦和,3,ランチタイムチャレンジ３歳二,1400,ダ,左,稍重,晴,12,8,11,ハーピーブロッサム,牝,3,53.0,438,-7,古岡勇,武井和,,10,1:32.7,39.3,12-12-12-10,12,438,-7
2022/04/25,浦和,3,ランチタイムチャレンジ３歳二,1400,ダ,左,稍重,晴,12,5,6,ユウユウピクニック,牝,3,54.0,413,-3,吉留孝,横山保,,11,1:34.2,41.6,8-8-10-11,11,413,-3
2022/04/25,浦和,3,ランチタイムチャレンジ３歳二,1400,ダ,左,稍重,晴,12,4,4,グランムテキ,牡,3,53.0,515,-7,野畑凌,内田勝,,12,1:37.2,44.4,5-7-11-12,8,515,-7
2022/04/25,浦和,4,Ｃ３十 十一 十二,1400,ダ,左,稍重,晴,12,6,8,ドルドルエイト,牡,7,56.0,479,-2,笹川翼,八木仁,,1,1:32.1,39.5,8-5-4-1,3,479,-2
2022/04/25,浦和,4,Ｃ３十 十一 十二,1400,ダ,左,稍重,晴,12,8,12,コウユープリティー,牝,4,54.0,433,-10,福原杏,宇野博,,2,1:32.7,40.5,3-3-3-2,2,433,-10
2022/04/25,浦和,4,Ｃ３十 十一 十二,1400,ダ,左,稍重,晴,12,4,4,バロンキング,牡,6,56.0,450,-4,山口達,阿井正,,3,1:32.7,39.0,12-12-9-4,5,450,-4
2022/04/25,浦和,4,Ｃ３十 十一 十二,1400,ダ,左,稍重,晴,12,3,3,ナツィオナーレ,牝,7,54.0,456,1,藤本現,野口孝,,4,1:32.9,39.7,9-9-7-3,1,456,1
2022/04/25,浦和,4,Ｃ３十 十一 十二,1400,ダ,左,稍重,晴,12,1,1,ウルティムホーマ,牝,8,53.0,432,-5,古岡勇,栗林信,,5,1:33.3,39.6,10-11-11-9,6,432,-5
2022/04/25,浦和,4,Ｃ３十 十一 十二,1400,ダ,左,稍重,晴,12,7,9,モズメイダン,牡,8,52.0,480,0,小林捺,柘榴浩,,6,1:34.1,41.0,7-8-8-8,11,480,0
2022/04/25,浦和,4,Ｃ３十 十一 十二,1400,ダ,左,稍重,晴,12,6,7,ユメツクシ,牝,6,54.0,497,-17,加藤和,長谷忍,,7,1:34.3,41.9,4-4-5-6,10,497,-17
2022/04/25,浦和,4,Ｃ３十 十一 十二,1400,ダ,左,稍重,晴,12,5,5,トーセンレオ,牡,7,56.0,565,-1,橋本直,川村守,,8,1:34.4,41.2,11-10-6-7,12,565,-1
2022/04/25,浦和,4,Ｃ３十 十一 十二,1400,ダ,左,稍重,晴,12,5,6,ユウユウリアン,牡,6,53.0,425,1,新原周,村田六,,9,1:34.7,41.0,6-7-12-12,9,425,1
2022/04/25,浦和,4,Ｃ３十 十一 十二,1400,ダ,左,稍重,晴,12,2,2,ルリエフ,牝,7,54.0,495,-15,西村栄,佐々功,,10,1:34.9,41.6,5-6-10-10,8,495,-15
2022/04/25,浦和,4,Ｃ３十 十一 十二,1400,ダ,左,稍重,晴,12,7,10,ヤマトフェニックス,牝,6,54.0,461,5,藤江渉,山田質,,11,1:35.4,43.6,1-1-1-5,4,461,5
2022/04/25,浦和,4,Ｃ３十 十一 十二,1400,ダ,左,稍重,晴,12,8,11,ナンセイエメラルド,牝,6,51.0,458,7,及川烈,山越光,,12,1:36.1,44.3,2-2-2-11,7,458,7
2022/04/25,浦和,5,Ｃ３十 十一 十二,1400,ダ,左,稍重,晴,12,8,12,ハーモニーアベル,牡,5,56.0,481,5,町田直,平田正,,1,1:31.6,39.1,1-1-1-1,5,481,5
2022/04/25,浦和,5,Ｃ３十 十一 十二,1400,ダ,左,稍重,晴,12,6,7,ロイヤルアイザック,牡,8,56.0,479,6,澤田龍,新井清,,2,1:31.7,39.1,4-3-3-2,1,479,6
2022/04/25,浦和,5,Ｃ３十 十一 十二,1400,ダ,左,稍重,晴,12,7,9,ビアンカグリーン,牡,7,56.0,492,3,藤江渉,酒井一,,3,1:32.2,39.7,2-2-2-3,3,492,3
2022/04/25,浦和,5,Ｃ３十 十一 十二,1400,ダ,左,稍重,晴,12,4,4,アフオラカ,牝,7,54.0,477,-1,川島正,林隆之,,4,1:32.2,39.3,3-4-4-4,2,477,-1
2022/04/25,浦和,5,Ｃ３十 十一 十二,1400,ダ,左,稍重,晴,12,2,2,ワンダーヘーヒスト,牡,8,56.0,473,6,岡田大,鈴木勝,,5,1:32.7,39.3,8-8-7-5,7,473,6
2022/04/25,浦和,5,Ｃ３十 十一 十二,1400,ダ,左,稍重,晴,12,8,11,ゴールドスピアー,牝,8,54.0,505,-1,赤津和,川村守,,6,1:33.8,40.6,9-9-5-6,8,505,-1
2022/04/25,浦和,5,Ｃ３十 十一 十二,1400,ダ,左,稍重,晴,12,5,6,ネオエンジェル,牝,6,54.0,445,8,國分祐,冨田敏,,7,1:34.0,39.9,10-10-10-8,12,445,8
2022/04/25,浦和,5,Ｃ３十 十一 十二,1400,ダ,左,稍重,晴,12,5,5,シュメッターリング,牡,8,56.0,504,3,岡村裕,山田正,,8,1:34.2,40.6,5-7-8-7,10,504,3
2022/04/25,浦和,5,Ｃ３十 十一 十二,1400,ダ,左,稍重,晴,12,1,1,ピノゼン,牝,6,54.0,478,6,達城龍,野口孝,,9,1:34.5,40.0,11-11-12-11,6,478,6
2022/04/25,浦和,5,Ｃ３十 十一 十二,1400,ダ,左,稍重,晴,12,7,10,エムチャン,牝,6,54.0,381,-10,臼井健,凾館一,,10,1:34.7,41.5,7-5-6-9,9,381,-10
2022/04/25,浦和,5,Ｃ３十 十一 十二,1400,ダ,左,稍重,晴,12,6,8,ホクセツ,セ,0,56.0,547,1,秋元耕,柘榴浩,,11,1:35.2,41.0,12-12-11-12,4,547,1
2022/04/25,浦和,5,Ｃ３十 十一 十二,1400,ダ,左,稍重,晴,12,3,3,サファイアライト,牝,4,54.0,435,8,半澤慶,平山真,,12,1:35.6,42.1,6-6-9-10,11,435,8
2022/04/25,浦和,6,Ｃ２二 三,1500,ダ,左,良,晴,12,6,8,マイヨヴェール,牡,7,56.0,555,-7,福原杏,柘榴浩,,1,1:37.5,39.2,7-6-4-3,3,555,-7
2022/04/25,浦和,6,Ｃ２二 三,1500,ダ,左,良,晴,12,3,3,ディーエスマグナム,セ,0,56.0,481,-1,和田譲,田邊陽,,2,1:37.6,38.7,10-10-7-4,4,481,-1
2022/04/25,浦和,6,Ｃ２二 三,1500,ダ,左,良,晴,12,7,10,アレグリアシチー,牡,5,56.0,449,1,森泰斗,新井清,,3,1:37.8,40.3,3-3-2-1,1,449,1
2022/04/25,浦和,6,Ｃ２二 三,1500,ダ,左,良,晴,12,2,2,セークレートゥム,牡,7,56.0,441,-7,酒井忍,矢野義,,4,1:37.9,38.8,9-8-8-6,6,441,-7
2022/04/25,浦和,6,Ｃ２二 三,1500,ダ,左,良,晴,12,8,12,サーブルルミエール,牡,5,56.0,454,0,山崎誠,山崎尋,,5,1:38.5,40.1,4-4-6-7,7,454,0
2022/04/25,浦和,6,Ｃ２二 三,1500,ダ,左,良,晴,12,4,4,ロッソビアンコ,牝,5,54.0,465,11,矢野貴,小久智,,6,1:38.5,41.0,1-1-1-2,5,465,11
2022/04/25,浦和,6,Ｃ２二 三,1500,ダ,左,良,晴,12,5,5,ザサンアップライト,牡,5,56.0,454,1,本橋孝,野口孝,,7,1:38.6,40.1,5-5-5-5,2,454,1
2022/04/25,浦和,6,Ｃ２二 三,1500,ダ,左,良,晴,12,8,11,アルバリ,牡,7,56.0,436,8,秋元耕,箕輪武,,8,1:39.0,40.0,8-9-9-9,9,436,8
2022/04/25,浦和,6,Ｃ２二 三,1500,ダ,左,良,晴,12,7,9,ジャンティオム,牡,8,56.0,498,-7,笹川翼,小澤宏,,9,1:39.9,42.4,2-2-3-8,8,498,-7
2022/04/25,浦和,6,Ｃ２二 三,1500,ダ,左,良,晴,12,6,7,プモリテソーロ,牡,5,56.0,482,5,保園翔,水野貴,,10,1:40.1,40.3,11-11-10-10,12,482,5
2022/04/25,浦和,6,Ｃ２二 三,1500,ダ,左,良,晴,12,1,1,エイコーレイワ,牝,5,51.0,474,-6,及川烈,川村守,,11,1:40.3,40.1,12-12-12-11,10,474,-6
2022/04/25,浦和,6,Ｃ２二 三,1500,ダ,左,良,晴,12,5,6,ケイティーユイ,牝,4,54.0,447,-14,寺島憂,水野貴,,12,1:42.9,43.6,6-7-11-12,11,447,-14
2022/04/25,浦和,7,若駒特別３歳一,1400,ダ,左,良,晴,11,7,9,アイウォール,牡,3,57.0,504,4,森泰斗,水野貴,,1,1:29.4,38.8,2-2-2-1,1,504,4
2022/04/25,浦和,7,若駒特別３歳一,1400,ダ,左,良,晴,11,6,6,トーセンキャロル,牝,3,55.0,457,-1,本橋孝,小久智,,2,1:30.0,38.8,7-8-5-5,2,457,-1
2022/04/25,浦和,7,若駒特別３歳一,1400,ダ,左,良,晴,11,1,1,エスケントバゴ,牡,3,56.0,458,-5,笹川翼,新井清,,3,1:30.1,38.5,9-9-9-9,4,458,-5
2022/04/25,浦和,7,若駒特別３歳一,1400,ダ,左,良,晴,11,8,11,タカラジャンボ,牝,3,54.0,445,0,伊藤裕,久保秀,,4,1:30.1,39.2,5-6-3-3,8,445,0
2022/04/25,浦和,7,若駒特別３歳一,1400,ダ,左,良,晴,11,3,3,ダダダン,牡,3,55.0,454,1,古岡勇,岩本洋,,5,1:30.2,39.7,1-1-1-2,9,454,1
2022/04/25,浦和,7,若駒特別３歳一,1400,ダ,左,良,晴,11,7,8,マツリダショパン,牡,3,56.0,456,-5,本田重,高月賢,,6,1:30.2,39.3,4-3-4-4,7,456,-5
2022/04/25,浦和,7,若駒特別３歳一,1400,ダ,左,良,晴,11,6,7,モンバイト,牡,3,57.0,472,-1,酒井忍,薮口一,,7,1:30.3,38.1,10-10-10-7,5,472,-1
2022/04/25,浦和,7,若駒特別３歳一,1400,ダ,左,良,晴,11,5,5,カミニート,牝,3,54.0,437,-7,達城龍,鈴木義,,8,1:30.4,37.9,11-11-11-10,10,437,-7
2022/04/25,浦和,7,若駒特別３歳一,1400,ダ,左,良,晴,11,2,2,プラチナライン,牝,3,55.0,472,-1,矢野貴,加藤誠,,9,1:31.2,39.8,6-7-7-6,3,472,-1
2022/04/25,浦和,7,若駒特別３歳一,1400,ダ,左,良,晴,11,4,4,レアリゼシチー,牡,3,56.0,460,2,山崎誠,高月賢,,10,1:31.2,39.9,8-5-6-8,6,460,2
2022/04/25,浦和,7,若駒特別３歳一,1400,ダ,左,良,晴,11,8,10,アブラアム,牡,3,56.0,486,2,櫻井光,岩本洋,,11,1:35.7,44.8,3-4-8-11,11,486,2
2022/04/25,浦和,8,Ｃ２二 三,1400,ダ,左,良,晴,12,3,3,ブライトオーシャン,セ,0,56.0,500,-5,森泰斗,内田勝,,1,1:30.5,39.4,7-8-5-2,2,500,-5
2022/04/25,浦和,8,Ｃ２二 三,1400,ダ,左,良,晴,12,1,1,モリトローテローゼ,牝,6,54.0,488,9,福原杏,水野貴,,2,1:30.8,39.1,9-7-7-5,11,488,9
2022/04/25,浦和,8,Ｃ２二 三,1400,ダ,左,良,晴,12,2,2,ミーティアカフェ,牝,4,54.0,483,11,笹川翼,箕輪武,,3,1:30.9,39.8,5-5-4-4,1,483,11
2022/04/25,浦和,8,Ｃ２二 三,1400,ダ,左,良,晴,12,6,7,ラスティネイル,牝,4,54.0,461,13,吉留孝,牛房榮,,4,1:31.2,40.8,1-1-1-1,6,461,13
2022/04/25,浦和,8,Ｃ２二 三,1400,ダ,左,良,晴,12,7,9,ゴールドキャスト,牝,9,54.0,430,3,内田利,吉田正,,5,1:31.4,38.9,10-10-10-10,10,430,3
2022/04/25,浦和,8,Ｃ２二 三,1400,ダ,左,良,晴,12,7,10,ネビュラストーム,牝,5,54.0,498,-1,藤本現,伊藤滋,,6,1:31.5,39.9,6-6-8-8,5,498,-1
2022/04/25,浦和,8,Ｃ２二 三,1400,ダ,左,良,晴,12,8,12,ファインアレス,牡,6,56.0,488,-16,酒井忍,鹿沼和,,7,1:31.5,38.5,11-11-11-12,7,488,-16
2022/04/25,浦和,8,Ｃ２二 三,1400,ダ,左,良,晴,12,5,6,エコロアジェンダ,牡,4,56.0,481,6,本田重,小久智,,8,1:31.5,40.4,4-4-6-7,4,481,6
2022/04/25,浦和,8,Ｃ２二 三,1400,ダ,左,良,晴,12,5,5,シゲルナガレボシ,牝,5,54.0,441,-4,寺島憂,柘榴浩,,9,1:31.7,39.6,8-9-9-9,8,441,-4
2022/04/25,浦和,8,Ｃ２二 三,1400,ダ,左,良,晴,12,4,4,ハーイ,牝,5,54.0,472,24,矢野貴,野口孝,,10,1:31.9,41.1,3-3-3-3,3,472,24
2022/04/25,浦和,8,Ｃ２二 三,1400,ダ,左,良,晴,12,8,11,ブルームヴォーグ,牡,5,56.0,504,-3,西啓太,海馬司,,11,1:32.1,38.5,12-12-12-11,12,504,-3
2022/04/25,浦和,8,Ｃ２二 三,1400,ダ,左,良,晴,12,6,8,モモドリーム,牝,4,54.0,484,7,川島正,平山真,,12,1:33.1,42.6,2-2-2-6,9,484,7
2022/04/25,浦和,9,浦和８００ラウンドＣ１選抜馬,800,ダ,左,良,晴,12,5,6,シークザトゥルース,牝,6,51.0,490,2,新原周,池田孝,,1,0:46.9,35.8,1-1,1,490,2
2022/04/25,浦和,9,浦和８００ラウンドＣ１選抜馬,800,ダ,左,良,晴,12,6,8,スマイルキューティ,牝,4,54.0,495,4,橋本直,平山真,,2,0:47.2,35.8,2-2,7,495,4
2022/04/25,浦和,9,浦和８００ラウンドＣ１選抜馬,800,ダ,左,良,晴,12,6,7,ビッグディッパー,牡,8,56.0,516,-20,森泰斗,小久智,,3,0:47.5,36.1,3-3,2,516,-20
2022/04/25,浦和,9,浦和８００ラウンドＣ１選抜馬,800,ダ,左,良,晴,12,2,2,コウユープリプリ,牝,7,54.0,461,6,和田譲,宇野博,,4,0:47.8,36.1,4-4,8,461,6
2022/04/25,浦和,9,浦和８００ラウンドＣ１選抜馬,800,ダ,左,良,晴,12,8,11,エダマメ,牝,5,51.0,492,8,菅原涼,長谷忍,,5,0:47.9,36.0,6-6,12,492,8
2022/04/25,浦和,9,浦和８００ラウンドＣ１選抜馬,800,ダ,左,良,晴,12,3,3,ヒガシブレーヴ,牡,5,52.0,419,-8,神尾香,河津裕,,6,0:47.9,36.1,5-5,4,419,-8
2022/04/25,浦和,9,浦和８００ラウンドＣ１選抜馬,800,ダ,左,良,晴,12,8,12,シェナホープ,牡,5,56.0,465,-1,内田利,吉田正,,7,0:48.0,35.7,9-9,5,465,-1
2022/04/25,浦和,9,浦和８００ラウンドＣ１選抜馬,800,ダ,左,良,晴,12,7,10,ミラクルダマスク,牝,7,54.0,478,9,町田直,繁田健,,8,0:48.2,35.9,7-7,3,478,9
2022/04/25,浦和,9,浦和８００ラウンドＣ１選抜馬,800,ダ,左,良,晴,12,7,9,タンレイ,牝,6,51.0,448,5,野畑凌,林隆之,,9,0:48.5,36.2,11-12,10,448,5
2022/04/25,浦和,9,浦和８００ラウンドＣ１選抜馬,800,ダ,左,良,晴,12,4,4,ベルセブンティーン,牝,4,54.0,481,6,保園翔,小久智,,10,0:48.6,36.5,12-10,6,481,6
2022/04/25,浦和,9,浦和８００ラウンドＣ１選抜馬,800,ダ,左,良,晴,12,5,5,リコーグレース,牝,4,54.0,478,2,酒井忍,繁田健,,11,0:48.6,36.4,8-11,9,478,2
2022/04/25,浦和,9,浦和８００ラウンドＣ１選抜馬,800,ダ,左,良,晴,12,1,1,シーオブセレニティ,セ,0,53.0,433,-4,及川烈,海馬司,,12,0:48.7,36.1,10-8,11,433,-4
2022/04/25,浦和,10,つなが竜ヌゥ賞Ｃ１四,1500,ダ,左,良,晴,12,5,5,ブルベアヴェルデ,牡,6,56.0,486,2,吉井章,藤原智,,1,1:38.0,39.5,3-4-6-5,6,486,2
2022/04/25,浦和,10,つなが竜ヌゥ賞Ｃ１四,1500,ダ,左,良,晴,12,8,11,ロマーシカ,牝,5,54.0,468,5,森泰斗,小久智,,2,1:38.0,40.2,4-3-2-2,2,468,5
2022/04/25,浦和,10,つなが竜ヌゥ賞Ｃ１四,1500,ダ,左,良,晴,12,2,2,トレジャーバローズ,牡,4,56.0,445,4,本橋孝,繁田健,,3,1:38.3,40.5,1-1-1-1,1,445,4
2022/04/25,浦和,10,つなが竜ヌゥ賞Ｃ１四,1500,ダ,左,良,晴,12,3,3,メガディスカバリー,セ,0,56.0,460,-3,山崎誠,山崎尋,,4,1:38.4,38.9,11-10-10-9,7,460,-3
2022/04/25,浦和,10,つなが竜ヌゥ賞Ｃ１四,1500,ダ,左,良,晴,12,6,7,ジェイケイマッチョ,セ,0,56.0,481,-4,町田直,佐々仁,,5,1:38.6,40.7,2-2-4-3,4,481,-4
2022/04/25,浦和,10,つなが竜ヌゥ賞Ｃ１四,1500,ダ,左,良,晴,12,4,4,ピノモラーン,牡,4,56.0,468,3,達城龍,野口孝,,6,1:38.6,39.6,7-8-9-6,11,468,3
2022/04/25,浦和,10,つなが竜ヌゥ賞Ｃ１四,1500,ダ,左,良,晴,12,7,10,マダムフィガロ,牝,8,53.0,499,6,古岡勇,田邊陽,,7,1:39.3,39.0,12-12-11-10,10,499,6
2022/04/25,浦和,10,つなが竜ヌゥ賞Ｃ１四,1500,ダ,左,良,晴,12,5,6,ラッキーラック,牡,4,56.0,453,9,秋元耕,宇野博,,8,1:39.5,40.9,8-9-7-8,9,453,9
2022/04/25,浦和,10,つなが竜ヌゥ賞Ｃ１四,1500,ダ,左,良,晴,12,7,9,サンウェーコ,牡,6,56.0,501,1,藤本現,野口孝,,9,1:39.7,41.3,6-7-5-7,3,501,1
2022/04/25,浦和,10,つなが竜ヌゥ賞Ｃ１四,1500,ダ,左,良,晴,12,1,1,スーパーアスラーダ,牡,4,56.0,535,-5,藤江渉,横山保,,10,1:39.9,41.8,9-5-3-4,5,535,-5
2022/04/25,浦和,10,つなが竜ヌゥ賞Ｃ１四,1500,ダ,左,良,晴,12,8,12,タマモゼーゼマン,牡,5,56.0,472,-4,橋本直,川村守,,11,1:40.2,39.8,10-11-12-11,12,472,-4
2022/04/25,浦和,10,つなが竜ヌゥ賞Ｃ１四,1500,ダ,左,良,晴,12,6,8,コスモパラティーナ,牡,4,56.0,513,3,和田譲,宇野博,,12,1:41.8,43.4,5-6-8-12,8,513,3
2022/04/25,浦和,11,青葉特別Ｂ３二,1400,ダ,左,良,晴,12,1,1,クマサンニデアッタ,牝,4,54.0,462,5,和田譲,宇野博,,1,1:28.6,38.5,8-6-5-2,1,462,5
2022/04/25,浦和,11,青葉特別Ｂ３二,1400,ダ,左,良,晴,12,7,10,ジュネス,牝,5,54.0,484,2,左海誠,小久智,,2,1:28.9,39.2,4-5-3-1,2,484,2
2022/04/25,浦和,11,青葉特別Ｂ３二,1400,ダ,左,良,晴,12,4,4,キョウエイオジョウ,牝,8,54.0,487,1,藤本現,小澤宏,,3,1:30.0,38.2,12-12-12-10,10,487,1
2022/04/25,浦和,11,青葉特別Ｂ３二,1400,ダ,左,良,晴,12,6,7,ソフィアバローズ,牝,5,54.0,443,7,加藤和,川島豊,,4,1:30.2,39.5,10-9-8-5,5,443,7
2022/04/25,浦和,11,青葉特別Ｂ３二,1400,ダ,左,良,晴,12,2,2,タマモアンドロメダ,牡,4,56.0,506,1,藤江渉,水野貴,,5,1:30.3,40.9,1-1-1-3,4,506,1
2022/04/25,浦和,11,青葉特別Ｂ３二,1400,ダ,左,良,晴,12,6,8,ナムラタイガー,牡,5,56.0,553,8,酒井忍,柘榴浩,,6,1:30.4,39.7,7-8-9-7,6,553,8
2022/04/25,浦和,11,青葉特別Ｂ３二,1400,ダ,左,良,晴,12,5,6,ロンリーウェイ,牡,6,56.0,485,4,笹川翼,川島一,,7,1:30.5,39.5,11-11-11-8,7,485,4
2022/04/25,浦和,11,青葉特別Ｂ３二,1400,ダ,左,良,晴,12,8,11,グランギフト,牡,5,55.0,474,-4,古岡勇,山崎尋,,8,1:30.6,39.6,9-10-10-9,9,474,-4
2022/04/25,浦和,11,青葉特別Ｂ３二,1400,ダ,左,良,晴,12,8,12,バトードラムール,牝,7,54.0,478,9,西啓太,小澤宏,,9,1:30.7,40.6,5-7-6-6,8,478,9
2022/04/25,浦和,11,青葉特別Ｂ３二,1400,ダ,左,良,晴,12,7,9,トミケンエンデレア,セ,0,56.0,496,1,橋本直,齊藤敏,,10,1:31.3,41.9,3-3-2-4,12,496,1
2022/04/25,浦和,11,青葉特別Ｂ３二,1400,ダ,左,良,晴,12,3,3,グローサーベア,セ,0,56.0,475,-5,本田重,山崎裕,,11,1:33.0,42.9,6-4-7-11,3,475,-5
2022/04/25,浦和,11,青葉特別Ｂ３二,1400,ダ,左,良,晴,12,5,5,リッチアロマ,牝,4,54.0,450,-3,福原杏,水野貴,,12,1:35.2,45.8,2-2-4-12,11,450,-3
2022/04/25,浦和,12,フリージア特別Ｃ２選抜馬,2000,ダ,左,良,晴,12,8,11,マイネルジェンマ,牡,6,56.0,508,-2,橋本直,内野健,,1,2:13.4,40.7,4-5-2-1,4,508,-2
2022/04/25,浦和,12,フリージア特別Ｃ２選抜馬,2000,ダ,左,良,晴,12,5,5,サフランポケット,牡,4,56.0,480,1,山崎誠,平山真,,2,2:13.6,40.5,6-6-4-4,2,480,1
2022/04/25,浦和,12,フリージア特別Ｃ２選抜馬,2000,ダ,左,良,晴,12,4,4,ソウヤミサキ,牝,4,54.0,455,-2,福原杏,岡田一,,3,2:13.7,40.1,7-8-7-5,7,455,-2
2022/04/25,浦和,12,フリージア特別Ｃ２選抜馬,2000,ダ,左,良,晴,12,1,1,ウインカーマイン,牡,6,56.0,451,-1,秋元耕,川島豊,,4,2:13.9,40.8,9-9-5-3,10,451,-1
2022/04/25,浦和,12,フリージア特別Ｃ２選抜馬,2000,ダ,左,良,晴,12,2,2,フェリスダージ,牝,4,54.0,420,3,内田利,工藤伸,,5,2:14.3,40.4,10-10-9-7,9,420,3
2022/04/25,浦和,12,フリージア特別Ｃ２選抜馬,2000,ダ,左,良,晴,12,5,6,ノースブラスト,セ,0,56.0,536,4,森泰斗,水野貴,,6,2:14.7,41.7,5-4-6-6,3,536,4
2022/04/25,浦和,12,フリージア特別Ｃ２選抜馬,2000,ダ,左,良,晴,12,6,7,ルルド,セ,0,56.0,430,3,川島正,平山真,,7,2:14.7,39.5,12-12-11-10,8,430,3
2022/04/25,浦和,12,フリージア特別Ｃ２選抜馬,2000,ダ,左,良,晴,12,3,3,セイウンミレイア,牝,5,54.0,477,3,岡田大,冨田敏,,8,2:15.2,42.7,1-1-1-2,6,477,3
2022/04/25,浦和,12,フリージア特別Ｃ２選抜馬,2000,ダ,左,良,晴,12,7,10,カズノオジョウ,牝,4,54.0,500,10,達城龍,水野貴,,9,2:15.6,42.2,8-7-8-8,1,500,10
2022/04/25,浦和,12,フリージア特別Ｃ２選抜馬,2000,ダ,左,良,晴,12,6,8,シェナフウジン,牡,6,56.0,453,-5,國分祐,冨田敏,,10,2:16.3,41.6,11-11-12-11,12,453,-5
2022/04/25,浦和,12,フリージア特別Ｃ２選抜馬,2000,ダ,左,良,晴,12,7,9,マッシュブライト,牝,4,54.0,459,3,高橋哲,酒井一,,11,2:16.4,43.8,3-3-3-9,11,459,3
2022/04/25,浦和,12,フリージア特別Ｃ２選抜馬,2000,ダ,左,良,晴,12,8,12,イエローリボン,牝,5,51.0,478,-2,菅原涼,藤原智,,12,2:17.9,44.9,2-2-10-12,5,478,-2
2022/04/26,浦和,1,３歳四,1400,ダ,左,良,曇,12,7,9,サンオルソーライズ,牝,3,54.0,473,-9,森泰斗,内田勝,,1,1:30.0,39.6,4-3-1-1,2,473,-9
2022/04/26,浦和,1,３歳四,1400,ダ,左,良,曇,12,8,12,シナノラニオー,牡,3,56.0,462,-2,中越琉,佐藤博,,2,1:30.8,40.3,5-5-2-2,3,462,-2
2022/04/26,浦和,1,３歳四,1400,ダ,左,良,曇,12,6,7,グッドヘイロー,牝,3,54.0,501,7,保園翔,山越光,,3,1:31.0,40.1,8-7-5-3,5,501,7
2022/04/26,浦和,1,３歳四,1400,ダ,左,良,曇,12,1,1,タケルカムイ,牡,3,56.0,538,7,町田直,内田勝,,4,1:31.1,39.5,11-10-8-4,4,538,7
2022/04/26,浦和,1,３歳四,1400,ダ,左,良,曇,12,4,4,シルヴァギンジ,牡,3,55.0,479,7,古岡勇,岩本洋,,5,1:31.9,39.8,7-9-10-9,6,479,7
2022/04/26,浦和,1,３歳四,1400,ダ,左,良,曇,12,3,3,ホワイトネイル,牝,3,51.0,412,-6,及川烈,藤原智,,6,1:32.3,39.6,10-11-11-11,7,412,-6
2022/04/26,浦和,1,３歳四,1400,ダ,左,良,曇,12,5,6,メガフラッシュ,牡,3,56.0,430,-8,西啓太,山崎裕,,7,1:32.7,40.1,12-12-12-12,12,430,-8
2022/04/26,浦和,1,３歳四,1400,ダ,左,良,曇,12,7,10,シンライウォリアー,牡,3,56.0,437,-3,福原杏,柘榴浩,,8,1:32.7,41.6,6-6-7-6,9,437,-3
2022/04/26,浦和,1,３歳四,1400,ダ,左,良,曇,12,8,11,カジュアルスパート,牡,3,56.0,488,4,川島正,野口寛,,9,1:33.0,41.9,9-8-6-8,8,488,4
2022/04/26,浦和,1,３歳四,1400,ダ,左,良,曇,12,6,8,リョウイキテンカイ,牝,3,54.0,451,10,橋本直,柘榴浩,,10,1:33.1,42.7,2-2-3-5,1,451,10
2022/04/26,浦和,1,３歳四,1400,ダ,左,良,曇,12,2,2,サマーデライト,牝,3,54.0,424,1,高橋哲,牛房榮,,11,1:33.6,43.2,1-1-4-7,11,424,1
2022/04/26,浦和,1,３歳四,1400,ダ,左,良,曇,12,5,5,ユメミルツキ,牝,3,54.0,435,-17,半澤慶,工藤伸,,12,1:33.9,42.7,3-4-9-10,10,435,-17
2022/04/26,浦和,2,３歳三,1400,ダ,左,良,曇,12,6,7,アルラ,牡,3,56.0,523,2,内田利,箕輪武,,1,1:28.7,38.6,5-4-1-1,1,523,2
2022/04/26,浦和,2,３歳三,1400,ダ,左,良,曇,12,5,5,ヒカリガサスホウヘ,牝,3,54.0,453,4,町田直,酒井一,,2,1:30.8,40.7,3-3-2-2,6,453,4
2022/04/26,浦和,2,３歳三,1400,ダ,左,良,曇,12,7,10,レディーファルコン,牝,3,54.0,464,1,森泰斗,高月賢,,3,1:30.8,39.5,12-11-10-10,4,464,1
2022/04/26,浦和,2,３歳三,1400,ダ,左,良,曇,12,6,8,スリースター,牡,3,56.0,461,-4,和田譲,田邊陽,,4,1:30.8,40.0,7-8-9-6,5,461,-4
2022/04/26,浦和,2,３歳三,1400,ダ,左,良,曇,12,8,11,ラムリケティ,牝,3,54.0,368,-3,藤本現,酒井一,,5,1:30.9,40.5,4-7-5-3,10,368,-3
2022/04/26,浦和,2,３歳三,1400,ダ,左,良,曇,12,1,1,シュニッツラー,牝,3,53.0,465,0,古岡勇,岩本洋,,6,1:31.4,40.8,8-6-7-9,12,465,0
2022/04/26,浦和,2,３歳三,1400,ダ,左,良,曇,12,8,12,ハピネスシチー,牝,3,54.0,425,-4,今野忠,安池成,,7,1:31.9,41.1,10-9-8-5,3,425,-4
2022/04/26,浦和,2,３歳三,1400,ダ,左,良,曇,12,3,3,キョウエイガバナー,牝,3,54.0,422,-10,増田充,山崎尋,,8,1:32.0,41.6,6-5-6-7,2,422,-10
2022/04/26,浦和,2,３歳三,1400,ダ,左,良,曇,12,4,4,サザンローズ,牝,3,50.0,439,-1,神尾香,河津裕,,9,1:32.1,42.0,2-2-3-4,11,439,-1
2022/04/26,浦和,2,３歳三,1400,ダ,左,良,曇,12,7,9,インカローズムスメ,牝,3,54.0,414,7,吉留孝,山越光,,10,1:32.1,40.3,11-12-11-11,9,414,7
2022/04/26,浦和,2,３歳三,1400,ダ,左,良,曇,12,2,2,エスポワールフレア,牝,3,54.0,437,1,見越彬,野口寛,,11,1:33.1,43.0,1-1-4-8,7,437,1
2022/04/26,浦和,2,３歳三,1400,ダ,左,良,曇,12,5,6,スマイルヌイロア,牝,3,54.0,422,13,福原杏,宇野博,,12,1:33.6,42.2,9-10-12-12,8,422,13
2022/04/26,浦和,3,ランチタイムチャレンジＣ３八 九,1500,ダ,左,良,曇,11,6,6,アルティスタエース,牡,7,56.0,476,-1,福原杏,繁田健,,1,1:37.9,39.7,4-4-2-1,1,476,-1
2022/04/26,浦和,3,ランチタイムチャレンジＣ３八 九,1500,ダ,左,良,曇,11,2,2,ノーブルアトラス,牡,7,56.0,487,2,保園翔,川村守,,2,1:38.1,39.8,3-3-3-3,2,487,2
2022/04/26,浦和,3,ランチタイムチャレンジＣ３八 九,1500,ダ,左,良,曇,11,7,9,レッカーベルン,牝,8,54.0,476,-9,岡村健,新井清,,3,1:39.0,41.0,1-1-1-2,3,476,-9
2022/04/26,浦和,3,ランチタイムチャレンジＣ３八 九,1500,ダ,左,良,曇,11,8,11,ファンタジーノベル,牝,7,54.0,457,0,岡村裕,八木仁,,4,1:39.6,40.1,6-6-7-5,11,457,0
2022/04/26,浦和,3,ランチタイムチャレンジＣ３八 九,1500,ダ,左,良,曇,11,5,5,セイウングラッパ,牡,7,56.0,454,-1,秋元耕,吉田正,,5,1:39.9,40.4,7-7-6-6,4,454,-1
2022/04/26,浦和,3,ランチタイムチャレンジＣ３八 九,1500,ダ,左,良,曇,11,7,8,チェンマイルージュ,牝,6,54.0,471,5,加藤和,鈴木勝,,6,1:39.9,40.2,9-8-8-8,6,471,5
2022/04/26,浦和,3,ランチタイムチャレンジＣ３八 九,1500,ダ,左,良,曇,11,3,3,サンベリーニ,牝,8,54.0,455,-1,本田紀,八木仁,,7,1:40.3,39.6,11-10-9-9,9,455,-1
2022/04/26,浦和,3,ランチタイムチャレンジＣ３八 九,1500,ダ,左,良,曇,11,8,10,パレスショウグン,セ,0,52.0,506,-6,神尾香,山田質,,8,1:40.6,41.7,5-5-5-7,7,506,-6
2022/04/26,浦和,3,ランチタイムチャレンジＣ３八 九,1500,ダ,左,良,曇,11,4,4,クールスパート,牡,7,55.0,459,7,篠谷葵,野口寛,,9,1:41.2,43.0,2-2-4-4,5,459,7
2022/04/26,浦和,3,ランチタイムチャレンジＣ３八 九,1500,ダ,左,良,曇,11,6,7,ニシノサトル,牡,6,56.0,490,5,内田利,吉田正,,10,1:42.2,41.7,8-9-10-10,8,490,5
2022/04/26,浦和,3,ランチタイムチャレンジＣ３八 九,1500,ダ,左,良,曇,11,1,1,アストラルブレイズ,牝,5,54.0,499,9,見越彬,小林真,,11,1:43.3,41.8,10-11-11-11,10,499,9
2022/04/26,浦和,4,浦和８００ラウンドＣ２選抜馬イ,800,ダ,左,良,曇,12,7,9,クウェンヤ,牝,4,54.0,397,-4,町田直,工藤伸,,1,0:47.8,36.2,1-1,1,397,-4
2022/04/26,浦和,4,浦和８００ラウンドＣ２選抜馬イ,800,ダ,左,良,曇,12,3,3,クラフェニックス,牝,4,51.0,467,7,菅原涼,藤原智,,2,0:48.5,36.5,4-4,2,467,7
2022/04/26,浦和,4,浦和８００ラウンドＣ２選抜馬イ,800,ダ,左,良,曇,12,5,5,レジュールウール,牝,4,54.0,481,6,本橋孝,野口寛,,3,0:48.5,36.5,3-3,3,481,6
2022/04/26,浦和,4,浦和８００ラウンドＣ２選抜馬イ,800,ダ,左,良,曇,12,6,7,セキノアトラス,牡,4,56.0,445,8,高橋哲,横山保,,4,0:49.0,37.0,2-2,7,445,8
2022/04/26,浦和,4,浦和８００ラウンドＣ２選抜馬イ,800,ダ,左,良,曇,12,8,12,シルヴァーイーグル,牡,6,56.0,541,2,藤江渉,岡田一,,5,0:49.0,37.0,5-5,5,541,2
2022/04/26,浦和,4,浦和８００ラウンドＣ２選抜馬イ,800,ダ,左,良,曇,12,6,8,スターシード,牡,7,56.0,501,5,保園翔,酒井一,,6,0:49.2,36.8,9-8,8,501,5
2022/04/26,浦和,4,浦和８００ラウンドＣ２選抜馬イ,800,ダ,左,良,曇,12,7,10,セイウンスノー,牡,4,56.0,490,6,秋元耕,川島豊,,7,0:49.4,37.4,6-7,10,490,6
2022/04/26,浦和,4,浦和８００ラウンドＣ２選抜馬イ,800,ダ,左,良,曇,12,1,1,アザミ,牝,8,51.0,460,7,及川烈,内野健,,8,0:49.4,37.4,7-6,9,460,7
2022/04/26,浦和,4,浦和８００ラウンドＣ２選抜馬イ,800,ダ,左,良,曇,12,5,6,マスオ,牡,9,56.0,442,7,見越彬,野口孝,,9,0:49.6,37.2,10-11,11,442,7
2022/04/26,浦和,4,浦和８００ラウンドＣ２選抜馬イ,800,ダ,左,良,曇,12,2,2,ジョーマリリン,牝,9,54.0,437,-9,笹川翼,小久智,,10,0:49.6,37.5,8-9,4,437,-9
2022/04/26,浦和,4,浦和８００ラウンドＣ２選抜馬イ,800,ダ,左,良,曇,12,4,4,ピースリアン,牡,5,56.0,489,-4,福原杏,横山保,,11,0:49.7,36.9,11-10,6,489,-4
2022/04/26,浦和,4,浦和８００ラウンドＣ２選抜馬イ,800,ダ,左,良,曇,12,8,11,ニシノカシン,牡,4,56.0,473,1,國分祐,冨田敏,,12,0:49.7,36.5,12-12,12,473,1
2022/04/26,浦和,5,浦和８００ラウンドＣ２選抜馬ア,800,ダ,左,良,曇,12,7,10,キモンシャイン,牝,4,54.0,437,7,達城龍,工藤伸,,1,0:48.2,36.1,2-2,6,437,7
2022/04/26,浦和,5,浦和８００ラウンドＣ２選抜馬ア,800,ダ,左,良,曇,12,6,7,カラドボルグ,牡,4,56.0,506,3,岡田大,牛房榮,,2,0:48.4,36.5,1-1,2,506,3
2022/04/26,浦和,5,浦和８００ラウンドＣ２選抜馬ア,800,ダ,左,良,曇,12,5,5,ニシノイルマーレ,牝,4,54.0,496,0,吉留孝,冨田敏,,3,0:48.7,36.3,4-3,8,496,0
2022/04/26,浦和,5,浦和８００ラウンドＣ２選抜馬ア,800,ダ,左,良,曇,12,3,3,レオズソーダライト,牝,6,50.0,472,-1,小林捺,平山真,,4,0:48.8,36.7,3-4,5,472,-1
2022/04/26,浦和,5,浦和８００ラウンドＣ２選抜馬ア,800,ダ,左,良,曇,12,6,8,ツーエムタイガー,牡,4,56.0,449,6,和田譲,小澤宏,,5,0:48.9,36.3,9-8,1,449,6
2022/04/26,浦和,5,浦和８００ラウンドＣ２選抜馬ア,800,ダ,左,良,曇,12,5,6,レコパントモチャン,牝,4,54.0,527,19,内田利,岡田一,,6,0:49.0,36.9,5-5,9,527,19
2022/04/26,浦和,5,浦和８００ラウンドＣ２選抜馬ア,800,ダ,左,良,曇,12,4,4,ツクバフタツボシ,牝,5,54.0,489,6,保園翔,山越光,,7,0:49.1,36.7,7-6,11,489,6
2022/04/26,浦和,5,浦和８００ラウンドＣ２選抜馬ア,800,ダ,左,良,曇,12,1,1,シゲルアパライト,牡,6,56.0,495,0,福原杏,横山保,,8,0:49.3,37.0,6-7,4,495,0
2022/04/26,浦和,5,浦和８００ラウンドＣ２選抜馬ア,800,ダ,左,良,曇,12,8,11,アイモンスター,牝,6,54.0,481,16,見越彬,岡田一,,9,0:49.5,36.3,11-12,3,481,16
2022/04/26,浦和,5,浦和８００ラウンドＣ２選抜馬ア,800,ダ,左,良,曇,12,2,2,カンノンショウ,牡,4,56.0,464,7,寺島憂,柘榴浩,,10,0:49.8,36.2,12-10,12,464,7
2022/04/26,浦和,5,浦和８００ラウンドＣ２選抜馬ア,800,ダ,左,良,曇,12,7,9,ラピッドフォール,牝,4,53.0,443,3,篠谷葵,野口寛,,11,0:49.8,37.2,10-11,7,443,3
2022/04/26,浦和,5,浦和８００ラウンドＣ２選抜馬ア,800,ダ,左,良,曇,12,8,12,ファンファン,牡,5,56.0,461,5,赤津和,箕輪武,,12,0:50.6,38.0,8-9,10,461,5
2022/04/26,浦和,6,Ｃ３八 九,1400,ダ,左,良,曇,11,1,1,ピカレスクスマイル,牡,6,53.0,457,-2,野畑凌,内田勝,,1,1:31.9,39.5,5-5-3-1,3,457,-2
2022/04/26,浦和,6,Ｃ３八 九,1400,ダ,左,良,曇,11,8,10,ノブカナロア,牡,4,56.0,452,0,笹川翼,小久智,,2,1:32.8,41.2,1-1-1-2,2,452,0
2022/04/26,浦和,6,Ｃ３八 九,1400,ダ,左,良,曇,11,7,8,ムサシフィールド,牡,7,56.0,495,-10,藤江渉,八木仁,,3,1:32.9,38.9,10-10-8-7,4,495,-10
2022/04/26,浦和,6,Ｃ３八 九,1400,ダ,左,良,曇,11,3,3,ユラニュス,牝,6,54.0,444,2,伊藤裕,田邊陽,,4,1:33.2,40.8,4-3-4-4,1,444,2
2022/04/26,浦和,6,Ｃ３八 九,1400,ダ,左,良,曇,11,8,11,ゴールデンウエスト,牡,5,56.0,454,-4,岡村裕,河津裕,,5,1:33.8,42.0,2-2-2-3,5,454,-4
2022/04/26,浦和,6,Ｃ３八 九,1400,ダ,左,良,曇,11,2,2,ヒュードロラッシュ,牝,5,54.0,385,-4,臼井健,凾館一,,6,1:34.2,40.5,9-9-10-9,10,385,-4
2022/04/26,浦和,6,Ｃ３八 九,1400,ダ,左,良,曇,11,5,5,シンライトミー,牡,5,56.0,434,-7,福原杏,柘榴浩,,7,1:34.4,41.5,7-7-7-5,6,434,-7
2022/04/26,浦和,6,Ｃ３八 九,1400,ダ,左,良,曇,11,7,9,ローズカルテット,牝,4,54.0,426,1,保園翔,平山真,,8,1:34.9,42.5,3-4-4-6,9,426,1
2022/04/26,浦和,6,Ｃ３八 九,1400,ダ,左,良,曇,11,4,4,リアルドリーム,牝,4,54.0,451,6,加藤和,川島豊,,9,1:35.3,41.8,8-8-9-10,7,451,6
2022/04/26,浦和,6,Ｃ３八 九,1400,ダ,左,良,曇,11,6,6,ジュンノサップ,牡,6,56.0,465,3,吉留孝,横山保,,10,1:35.4,42.8,6-6-4-8,8,465,3
2022/04/26,浦和,6,Ｃ３八 九,1400,ダ,左,良,曇,11,6,7,ニシノシロフネ,牡,5,56.0,483,8,國分祐,冨田敏,,11,1:36.5,42.0,11-11-11-11,11,483,8
2022/04/26,浦和,7,Ｊ交 ツインゴールド特別３歳選抜馬,1400,ダ,左,良,曇,12,7,9,サンエイジロー,牡,3,56.0,470,-6,本田重,高月賢,,1,1:29.2,38.5,1-1-1-1,2,470,-6
2022/04/26,浦和,7,Ｊ交 ツインゴールド特別３歳選抜馬,1400,ダ,左,良,曇,12,4,4,リオシャンパーニュ,牝,3,54.0,465,3,笹川翼,鈴木慎,,2,1:30.4,38.9,8-6-5-2,3,465,3
2022/04/26,浦和,7,Ｊ交 ツインゴールド特別３歳選抜馬,1400,ダ,左,良,曇,12,1,1,ニケテア,牝,3,54.0,451,-7,和田譲,武井亮,,3,1:30.7,38.9,10-8-8-8,5,451,-7
2022/04/26,浦和,7,Ｊ交 ツインゴールド特別３歳選抜馬,1400,ダ,左,良,曇,12,5,6,タキチャンゴー,牝,3,54.0,464,-2,見越彬,小久智,,4,1:31.0,40.0,2-2-3-3,1,464,-2
2022/04/26,浦和,7,Ｊ交 ツインゴールド特別３歳選抜馬,1400,ダ,左,良,曇,12,6,8,エクスプローラー,牡,3,56.0,455,1,矢野貴,張田京,,5,1:31.2,38.9,9-10-9-9,6,455,1
2022/04/26,浦和,7,Ｊ交 ツインゴールド特別３歳選抜馬,1400,ダ,左,良,曇,12,3,3,エンタクノキシ,牡,3,56.0,484,5,町田直,藤原智,,6,1:31.3,40.0,5-5-6-6,4,484,5
2022/04/26,浦和,7,Ｊ交 ツインゴールド特別３歳選抜馬,1400,ダ,左,良,曇,12,5,5,ヴェーチェル,牝,3,54.0,415,1,藤本現,武市康,,7,1:31.5,40.5,4-3-4-4,9,415,1
2022/04/26,浦和,7,Ｊ交 ツインゴールド特別３歳選抜馬,1400,ダ,左,良,曇,12,7,10,ルリール,牝,3,51.0,386,-9,新原周,林隆之,,8,1:32.2,38.9,11-11-11-10,11,386,-9
2022/04/26,浦和,7,Ｊ交 ツインゴールド特別３歳選抜馬,1400,ダ,左,良,曇,12,2,2,エレディターレ,牝,3,54.0,436,-14,岡村健,小手準,,9,1:32.6,41.4,3-4-7-7,10,436,-14
2022/04/26,浦和,7,Ｊ交 ツインゴールド特別３歳選抜馬,1400,ダ,左,良,曇,12,8,11,キョウエイドール,牝,3,54.0,467,7,森泰斗,武藤善,,10,1:32.7,41.7,7-9-2-5,7,467,7
2022/04/26,浦和,7,Ｊ交 ツインゴールド特別３歳選抜馬,1400,ダ,左,良,曇,12,8,12,プレーリースカート,牝,3,54.0,488,6,山崎誠,鈴木伸,,11,1:33.4,40.3,12-12-12-11,8,488,6
2022/04/26,浦和,7,Ｊ交 ツインゴールド特別３歳選抜馬,1400,ダ,左,良,曇,12,6,7,ドラゴンズアイ,牝,3,54.0,440,0,加藤和,野口孝,,12,1:35.9,43.8,6-7-10-12,12,440,0
2022/04/26,浦和,8,観光するならさいたま市賞Ｃ２四 五,1500,ダ,左,良,曇,11,8,11,エールプレジール,セ,0,56.0,474,-7,岡村健,渋谷博,,1,1:37.3,39.1,5-6-2-1,4,474,-7
2022/04/26,浦和,8,観光するならさいたま市賞Ｃ２四 五,1500,ダ,左,良,曇,11,6,7,ゲンパチカガヤキ,牡,7,56.0,506,5,秋元耕,小澤宏,,2,1:38.0,39.6,7-8-5-4,1,506,5
2022/04/26,浦和,8,観光するならさいたま市賞Ｃ２四 五,1500,ダ,左,良,曇,11,2,2,プリトヴィツェ,牝,8,53.0,457,-2,篠谷葵,山下之,,3,1:38.2,39.4,8-7-8-6,3,457,-2
2022/04/26,浦和,8,観光するならさいたま市賞Ｃ２四 五,1500,ダ,左,良,曇,11,1,1,キタサンボルト,牡,8,56.0,497,6,矢野貴,川島一,,4,1:38.4,40.0,6-5-7-5,2,497,6
2022/04/26,浦和,8,観光するならさいたま市賞Ｃ２四 五,1500,ダ,左,良,曇,11,7,8,コウユーカノカノ,牝,5,54.0,457,1,半澤慶,宇野博,,5,1:38.4,40.4,4-4-1-2,7,457,1
2022/04/26,浦和,8,観光するならさいたま市賞Ｃ２四 五,1500,ダ,左,良,曇,11,4,4,レインボーアメリ,牝,8,54.0,478,2,岡村裕,石井勝,,6,1:38.9,40.7,3-3-6-8,6,478,2
2022/04/26,浦和,8,観光するならさいたま市賞Ｃ２四 五,1500,ダ,左,良,曇,11,7,9,シラカワカツコ,牝,5,50.0,418,-2,小林捺,田島寿,,7,1:39.1,40.1,9-9-9-9,9,418,-2
2022/04/26,浦和,8,観光するならさいたま市賞Ｃ２四 五,1500,ダ,左,良,曇,11,3,3,ダイバサファイア,牝,5,54.0,474,0,赤津和,箕輪武,,8,1:39.2,39.6,10-10-10-10,8,474,0
2022/04/26,浦和,8,観光するならさいたま市賞Ｃ２四 五,1500,ダ,左,良,曇,11,6,6,イトシキオモイ,牝,5,54.0,464,2,櫻井光,平田正,,9,1:39.6,41.6,2-2-2-3,5,464,2
2022/04/26,浦和,8,観光するならさいたま市賞Ｃ２四 五,1500,ダ,左,良,曇,11,8,10,シュバルマル,セ,0,56.0,505,1,吉留孝,薮口一,,10,1:40.0,42.1,1-1-4-7,10,505,1
2022/04/26,浦和,8,観光するならさいたま市賞Ｃ２四 五,1500,ダ,左,良,曇,11,5,5,スパンブリー,牡,6,56.0,0,0,加藤和,長谷忍,,,,,,,0,0
2022/04/26,浦和,9,Ｊ交 マルチスター特別Ｂ２Ｂ３選抜馬,1400,ダ,左,良,曇,12,8,11,キースペシャル,牡,6,57.0,490,6,岡村健,青木孝,,1,1:28.2,38.8,3-3-3-2,3,490,6
2022/04/26,浦和,9,Ｊ交 マルチスター特別Ｂ２Ｂ３選抜馬,1400,ダ,左,良,曇,12,5,6,カミノアカネ,牝,5,55.0,468,0,岡田大,岡田一,,2,1:28.6,39.4,1-1-1-1,5,468,0
2022/04/26,浦和,9,Ｊ交 マルチスター特別Ｂ２Ｂ３選抜馬,1400,ダ,左,良,曇,12,5,5,リュウノゾロ,セ,0,57.0,491,2,達城龍,野口寛,,3,1:28.6,39.1,5-4-4-3,1,491,2
2022/04/26,浦和,9,Ｊ交 マルチスター特別Ｂ２Ｂ３選抜馬,1400,ダ,左,良,曇,12,3,3,サンマルセレッソ,牝,4,55.0,430,2,福原杏,中野栄,,4,1:29.5,39.7,8-7-6-4,7,430,2
2022/04/26,浦和,9,Ｊ交 マルチスター特別Ｂ２Ｂ３選抜馬,1400,ダ,左,良,曇,12,1,1,リネンコジーン,牡,7,57.0,499,11,矢野貴,南田美,,5,1:29.5,38.7,12-12-8-7,6,499,11
2022/04/26,浦和,9,Ｊ交 マルチスター特別Ｂ２Ｂ３選抜馬,1400,ダ,左,良,曇,12,4,4,チェスナットドレス,牝,5,53.0,460,-2,秋元耕,冨田敏,,6,1:30.3,39.5,10-10-9-9,11,460,-2
2022/04/26,浦和,9,Ｊ交 マルチスター特別Ｂ２Ｂ３選抜馬,1400,ダ,左,良,曇,12,7,10,オールザベスト,牡,8,57.0,528,0,町田直,内田勝,,7,1:30.3,40.7,7-6-5-6,8,528,0
2022/04/26,浦和,9,Ｊ交 マルチスター特別Ｂ２Ｂ３選抜馬,1400,ダ,左,良,曇,12,7,9,ジョイライド,牡,4,57.0,507,3,藤本現,伊藤伸,,8,1:30.6,40.4,9-9-7-8,10,507,3
2022/04/26,浦和,9,Ｊ交 マルチスター特別Ｂ２Ｂ３選抜馬,1400,ダ,左,良,曇,12,6,8,サンフィニティ,牝,4,55.0,438,2,森泰斗,鈴木伸,,9,1:30.7,41.4,2-2-2-5,2,438,2
2022/04/26,浦和,9,Ｊ交 マルチスター特別Ｂ２Ｂ３選抜馬,1400,ダ,左,良,曇,12,2,2,トーセンダーウィン,牡,4,57.0,477,-2,半澤慶,工藤伸,,10,1:31.1,40.1,11-11-11-10,12,477,-2
2022/04/26,浦和,9,Ｊ交 マルチスター特別Ｂ２Ｂ３選抜馬,1400,ダ,左,良,曇,12,6,7,ジュンブーケ,牝,4,55.0,440,-14,櫻井光,根本康,,11,1:33.4,43.0,6-8-10-11,9,440,-14
2022/04/26,浦和,9,Ｊ交 マルチスター特別Ｂ２Ｂ３選抜馬,1400,ダ,左,良,曇,12,8,12,マリアルージュ,牝,6,55.0,494,22,保園翔,小久智,,,,,4-5-12,4,494,22
2022/04/26,浦和,10,さいたまスイーツ賞Ｃ２四 五,1400,ダ,左,良,雨,11,8,10,リンドグレン,牝,8,54.0,446,5,町田直,山下之,,1,1:29.9,37.5,4-5-3-1,1,446,5
2022/04/26,浦和,10,さいたまスイーツ賞Ｃ２四 五,1400,ダ,左,良,雨,11,3,3,イサチルダイチ,牡,6,55.0,515,-1,篠谷葵,長谷忍,,2,1:30.6,38.7,1-1-1-2,6,515,-1
2022/04/26,浦和,10,さいたまスイーツ賞Ｃ２四 五,1400,ダ,左,良,雨,11,7,8,ブルベアライノ,牡,8,56.0,489,4,矢野貴,伊藤滋,,3,1:30.8,38.1,6-7-5-3,4,489,4
2022/04/26,浦和,10,さいたまスイーツ賞Ｃ２四 五,1400,ダ,左,良,雨,11,4,4,ギャップオブリアル,牡,6,56.0,471,0,加藤和,八木仁,,4,1:31.6,38.9,5-4-6-5,5,471,0
2022/04/26,浦和,10,さいたまスイーツ賞Ｃ２四 五,1400,ダ,左,良,雨,11,6,7,ウインゴライアス,牡,6,56.0,522,-1,和田譲,河津裕,,5,1:31.9,38.9,8-6-7-9,2,522,-1
2022/04/26,浦和,10,さいたまスイーツ賞Ｃ２四 五,1400,ダ,左,良,雨,11,5,5,コンバットマジック,牝,4,54.0,450,5,秋元耕,川島豊,,6,1:32.1,39.7,2-2-4-6,8,450,5
2022/04/26,浦和,10,さいたまスイーツ賞Ｃ２四 五,1400,ダ,左,良,雨,11,6,6,コスモスーベニア,牡,5,56.0,533,0,櫻井光,河津裕,,7,1:32.2,40.0,3-3-2-4,3,533,0
2022/04/26,浦和,10,さいたまスイーツ賞Ｃ２四 五,1400,ダ,左,良,雨,11,1,1,キョウエイアップ,牡,4,56.0,496,2,藤本現,小澤宏,,8,1:32.4,39.4,9-8-8-7,9,496,2
2022/04/26,浦和,10,さいたまスイーツ賞Ｃ２四 五,1400,ダ,左,良,雨,11,8,11,ジョワフロンティア,牝,4,54.0,481,6,吉留孝,薮口一,,9,1:32.8,39.8,7-9-9-8,7,481,6
2022/04/26,浦和,10,さいたまスイーツ賞Ｃ２四 五,1400,ダ,左,良,雨,11,2,2,アスクフラッシュ,牡,6,56.0,521,25,高橋哲,横山保,,,,,,,521,25
2022/04/26,浦和,10,さいたまスイーツ賞Ｃ２四 五,1400,ダ,左,良,雨,11,7,9,プランナイン,牝,4,54.0,469,-4,岡田大,薮口一,,,,,,,469,-4
2022/04/26,浦和,11,’２２　武蔵国オープン４上,2000,ダ,左,稍重,雨,8,7,7,ランリョウオー,牡,4,57.0,454,1,本橋孝,小久智,,1,2:09.7,37.1,5-3-3-2,2,454,1
2022/04/26,浦和,11,’２２　武蔵国オープン４上,2000,ダ,左,稍重,雨,8,4,4,キタノオクトパス,牡,5,57.0,569,-11,森泰斗,張田京,,2,2:09.9,37.7,2-2-1-1,1,569,-11
2022/04/26,浦和,11,’２２　武蔵国オープン４上,2000,ダ,左,稍重,雨,8,3,3,ラッキードリーム,牡,4,57.0,522,1,矢野貴,池田孝,,3,2:10.5,37.6,3-4-4-4,3,522,1
2022/04/26,浦和,11,’２２　武蔵国オープン４上,2000,ダ,左,稍重,雨,8,2,2,マイネルナイペス,牡,6,55.0,463,-1,山崎誠,河津裕,,4,2:11.8,38.6,4-5-6-6,4,463,-1
2022/04/26,浦和,11,’２２　武蔵国オープン４上,2000,ダ,左,稍重,雨,8,1,1,パーソナルマキ,牡,9,53.0,509,6,吉留孝,平山真,,5,2:12.1,38.7,6-6-5-5,6,509,6
2022/04/26,浦和,11,’２２　武蔵国オープン４上,2000,ダ,左,稍重,雨,8,5,5,ワグナーコーヴ,セ,0,53.0,453,-2,笹川翼,岡林光,,6,2:12.4,40.3,1-1-2-3,5,453,-2
2022/04/26,浦和,11,’２２　武蔵国オープン４上,2000,ダ,左,稍重,雨,8,8,8,ジョーダンキング,牡,9,55.0,509,-4,櫻井光,山崎尋,,7,2:12.8,39.4,7-7-7-7,8,509,-4
2022/04/26,浦和,11,’２２　武蔵国オープン４上,2000,ダ,左,稍重,雨,8,6,6,ブレステイキング,牡,7,55.0,509,0,保園翔,薮口一,,8,2:14.4,40.5,8-8-8-8,7,509,0
2022/04/26,浦和,12,ダイヤモンド特別Ｃ１三,1400,ダ,左,重,曇,12,5,5,クラップクラップ,牝,5,54.0,462,6,本橋孝,小久智,,1,1:29.3,39.8,3-3-1-1,2,462,6
2022/04/26,浦和,12,ダイヤモンド特別Ｃ１三,1400,ダ,左,重,曇,12,7,10,シュゼット,牝,5,54.0,478,-6,吉留孝,安池成,,2,1:29.5,39.7,5-4-4-2,7,478,-6
2022/04/26,浦和,12,ダイヤモンド特別Ｃ１三,1400,ダ,左,重,曇,12,3,3,ピースフルエンゼル,牝,7,50.0,473,-8,小林捺,河津裕,,3,1:29.8,39.2,6-6-6-5,10,473,-8
2022/04/26,浦和,12,ダイヤモンド特別Ｃ１三,1400,ダ,左,重,曇,12,1,1,ノーブルクロノス,牡,6,56.0,542,3,森泰斗,水野貴,,4,1:30.0,38.8,10-9-7-7,4,542,3
2022/04/26,浦和,12,ダイヤモンド特別Ｃ１三,1400,ダ,左,重,曇,12,7,9,スムーズジャズ,牡,8,56.0,507,5,和田譲,宇野博,,5,1:30.4,38.9,8-10-10-9,5,507,5
2022/04/26,浦和,12,ダイヤモンド特別Ｃ１三,1400,ダ,左,重,曇,12,8,12,レナータ,牝,7,51.0,478,9,菅原涼,藤原智,,6,1:30.7,41.3,2-2-2-4,1,478,9
2022/04/26,浦和,12,ダイヤモンド特別Ｃ１三,1400,ダ,左,重,曇,12,4,4,オウケンアマゾネス,牝,5,54.0,461,8,町田直,工藤伸,,7,1:30.7,39.7,7-8-8-8,6,461,8
2022/04/26,浦和,12,ダイヤモンド特別Ｃ１三,1400,ダ,左,重,曇,12,6,7,スーパーローズ,牝,5,54.0,471,3,藤本現,野口孝,,8,1:30.8,39.3,11-12-9-10,8,471,3
2022/04/26,浦和,12,ダイヤモンド特別Ｃ１三,1400,ダ,左,重,曇,12,5,6,ピノタージュ,牝,5,54.0,479,21,保園翔,内野健,,9,1:30.8,41.0,4-5-5-6,12,479,21
2022/04/26,浦和,12,ダイヤモンド特別Ｃ１三,1400,ダ,左,重,曇,12,2,2,ホシプリンセス,牝,4,54.0,505,1,酒井忍,鹿沼和,,10,1:31.7,40.5,9-7-11-11,9,505,1
2022/04/26,浦和,12,ダイヤモンド特別Ｃ１三,1400,ダ,左,重,曇,12,6,8,ローリングサンダー,セ,0,56.0,513,-2,笹川翼,小澤宏,,11,1:31.9,42.5,1-1-3-3,3,513,-2
2022/04/26,浦和,12,ダイヤモンド特別Ｃ１三,1400,ダ,左,重,曇,12,8,11,メディアジャッカル,牝,4,54.0,456,2,秋元耕,内野健,,12,1:32.6,40.9,12-11-12-12,11,456,2
2022/04/27,浦和,1,浦和８００ラウンドＣ３選抜馬イ,800,ダ,左,稍重,曇,12,2,2,プリプリクインダム,牝,7,50.0,487,3,小林捺,平山真,,1,0:48.2,35.6,1-1,1,487,3
2022/04/27,浦和,1,浦和８００ラウンドＣ３選抜馬イ,800,ダ,左,稍重,曇,12,6,8,ロゼッタハート,牝,8,54.0,437,4,高橋哲,牛房榮,,2,0:48.3,35.7,2-2,4,437,4
2022/04/27,浦和,1,浦和８００ラウンドＣ３選抜馬イ,800,ダ,左,稍重,曇,12,1,1,ケイティーヒナノ,牝,7,54.0,489,17,秋元耕,柘榴浩,,3,0:49.6,36.6,4-4,2,489,17
2022/04/27,浦和,1,浦和８００ラウンドＣ３選抜馬イ,800,ダ,左,稍重,曇,12,3,3,ショウイモン,牝,5,54.0,445,10,内田利,内野健,,4,0:49.6,36.2,9-8,5,445,10
2022/04/27,浦和,1,浦和８００ラウンドＣ３選抜馬イ,800,ダ,左,稍重,曇,12,7,10,ラヴアンドゲーム,牝,5,53.0,469,16,篠谷葵,酒井一,,5,0:49.7,37.1,3-3,3,469,16
2022/04/27,浦和,1,浦和８００ラウンドＣ３選抜馬イ,800,ダ,左,稍重,曇,12,4,4,メロメロパンチ,牝,9,51.0,494,7,及川烈,内野健,,6,0:49.8,36.9,5-5,6,494,7
2022/04/27,浦和,1,浦和８００ラウンドＣ３選抜馬イ,800,ダ,左,稍重,曇,12,7,9,ヴィクトリアブーケ,牝,4,50.0,399,14,神尾香,薮口一,,7,0:49.8,36.6,6-6,7,399,14
2022/04/27,浦和,1,浦和８００ラウンドＣ３選抜馬イ,800,ダ,左,稍重,曇,12,6,7,ニシノマッハ,牡,8,56.0,476,6,國分祐,冨田敏,,8,0:50.1,36.9,7-7,8,476,6
2022/04/27,浦和,1,浦和８００ラウンドＣ３選抜馬イ,800,ダ,左,稍重,曇,12,5,5,オルエン,牝,6,54.0,481,9,赤津和,川村守,,9,0:50.6,36.5,10-10,12,481,9
2022/04/27,浦和,1,浦和８００ラウンドＣ３選抜馬イ,800,ダ,左,稍重,曇,12,5,6,シキシマ,牡,7,56.0,530,20,岡田大,野口孝,,10,0:50.6,36.1,12-11,10,530,20
2022/04/27,浦和,1,浦和８００ラウンドＣ３選抜馬イ,800,ダ,左,稍重,曇,12,8,12,グレートバロン,牡,8,56.0,477,2,吉留孝,岡田一,,11,0:51.2,38.0,8-9,9,477,2
2022/04/27,浦和,1,浦和８００ラウンドＣ３選抜馬イ,800,ダ,左,稍重,曇,12,8,11,シャインルビー,牝,5,54.0,438,14,加藤和,川村守,,12,0:54.8,41.0,11-12,11,438,14
2022/04/27,浦和,2,３歳七,1400,ダ,左,稍重,曇,11,8,10,ナガタドール,牝,3,54.0,448,-7,櫻井光,岩本洋,,1,1:31.8,41.4,2-3-2-2,9,448,-7
2022/04/27,浦和,2,３歳七,1400,ダ,左,稍重,曇,11,6,7,アイカーニバル,牝,3,54.0,488,7,吉留孝,岡田一,,2,1:32.0,41.8,1-1-1-1,1,488,7
2022/04/27,浦和,2,３歳七,1400,ダ,左,稍重,曇,11,1,1,ニューディヴァイド,セ,0,55.0,456,-5,古岡勇,山崎尋,,3,1:32.4,40.2,8-8-6-7,3,456,-5
2022/04/27,浦和,2,３歳七,1400,ダ,左,稍重,曇,11,3,3,アズールスフィア,牝,3,54.0,417,-4,高橋哲,工藤伸,,4,1:33.6,41.4,7-7-7-6,5,417,-4
2022/04/27,浦和,2,３歳七,1400,ダ,左,稍重,曇,11,5,5,ハートシェイカー,牝,3,50.0,442,-6,小林捺,武井和,,5,1:33.7,43.0,3-2-3-3,7,442,-6
2022/04/27,浦和,2,３歳七,1400,ダ,左,稍重,曇,11,8,11,サキホコレ,牝,3,54.0,439,29,半澤慶,宇野博,,6,1:33.7,42.9,4-4-4-4,2,439,29
2022/04/27,浦和,2,３歳七,1400,ダ,左,稍重,曇,11,7,8,シェナハート,牝,3,54.0,418,0,保園翔,冨田敏,,7,1:33.7,40.5,11-11-10-8,11,418,0
2022/04/27,浦和,2,３歳七,1400,ダ,左,稍重,曇,11,4,4,アクアエナジー,牝,3,54.0,409,-2,秋元耕,小澤宏,,8,1:34.1,40.9,9-9-11-10,6,409,-2
2022/04/27,浦和,2,３歳七,1400,ダ,左,稍重,曇,11,7,9,アストロメアリー,牝,3,50.0,408,-3,神尾香,長谷忍,,9,1:34.2,41.0,10-10-9-9,10,408,-3
2022/04/27,浦和,2,３歳七,1400,ダ,左,稍重,曇,11,2,2,スキヤキ,牡,3,56.0,453,-2,矢野貴,小久智,,10,1:34.5,43.1,6-5-5-5,4,453,-2
2022/04/27,浦和,2,３歳七,1400,ダ,左,稍重,曇,11,6,6,ボンバーキャット,牡,3,53.0,458,-3,及川烈,長谷忍,,11,1:35.1,42.7,5-6-8-11,8,458,-3
2022/04/27,浦和,3,のびのびシティさいたま市賞３歳六,1400,ダ,左,稍重,晴,12,5,5,サンダーゼウス,牡,3,56.0,488,5,森泰斗,高月賢,,1,1:31.5,40.4,1-1-1-1,1,488,5
2022/04/27,浦和,3,のびのびシティさいたま市賞３歳六,1400,ダ,左,稍重,晴,12,4,4,ツインティアラ,牝,3,54.0,443,-2,岡田大,薮口一,,2,1:32.2,40.3,7-7-7-4,11,443,-2
2022/04/27,浦和,3,のびのびシティさいたま市賞３歳六,1400,ダ,左,稍重,晴,12,2,2,シェナノララ,牝,3,54.0,430,10,吉留孝,冨田敏,,3,1:32.4,39.8,9-9-9-8,4,430,10
2022/04/27,浦和,3,のびのびシティさいたま市賞３歳六,1400,ダ,左,稍重,晴,12,7,9,ギヴァーダンク,牝,3,54.0,399,1,藤江渉,甲田悟,,4,1:32.4,40.2,8-8-8-7,8,399,1
2022/04/27,浦和,3,のびのびシティさいたま市賞３歳六,1400,ダ,左,稍重,晴,12,8,11,ハクシンポケット,牡,3,53.0,437,-4,及川烈,平山真,,5,1:32.6,41.1,6-6-4-5,5,437,-4
2022/04/27,浦和,3,のびのびシティさいたま市賞３歳六,1400,ダ,左,稍重,晴,12,6,8,ニッショウアキラ,牡,3,56.0,434,-4,福原杏,酒井一,,6,1:32.7,41.2,4-3-3-2,6,434,-4
2022/04/27,浦和,3,のびのびシティさいたま市賞３歳六,1400,ダ,左,稍重,晴,12,5,6,マニフィックブリエ,牝,3,51.0,417,-4,野畑凌,平田正,,7,1:32.9,41.4,2-2-5-6,7,417,-4
2022/04/27,浦和,3,のびのびシティさいたま市賞３歳六,1400,ダ,左,稍重,晴,12,6,7,ヤクライローズ,牝,3,54.0,443,8,見越彬,鹿沼和,,8,1:33.0,41.3,5-5-6-9,3,443,8
2022/04/27,浦和,3,のびのびシティさいたま市賞３歳六,1400,ダ,左,稍重,晴,12,1,1,シェナダイオー,牡,3,56.0,536,6,秋元耕,山越光,,9,1:33.0,40.2,10-11-10-10,9,536,6
2022/04/27,浦和,3,のびのびシティさいたま市賞３歳六,1400,ダ,左,稍重,晴,12,8,12,コマルナディケイド,牝,3,54.0,491,5,矢野貴,林隆之,,10,1:33.1,41.8,3-4-2-3,2,491,5
2022/04/27,浦和,3,のびのびシティさいたま市賞３歳六,1400,ダ,左,稍重,晴,12,3,3,デュークキング,牡,3,56.0,440,0,寺島憂,水野貴,,11,1:34.1,41.5,11-10-11-11,10,440,0
2022/04/27,浦和,3,のびのびシティさいたま市賞３歳六,1400,ダ,左,稍重,晴,12,7,10,トーセンキッド,牡,3,56.0,0,0,左海誠,小久智,,,,,,,0,0
2022/04/27,浦和,4,浦和８００ラウンドＣ３選抜馬ア,800,ダ,左,稍重,晴,12,3,3,ウンジョウノメガミ,牝,4,50.0,460,12,神尾香,牛房榮,,1,0:48.0,35.8,1-1,3,460,12
2022/04/27,浦和,4,浦和８００ラウンドＣ３選抜馬ア,800,ダ,左,稍重,晴,12,6,7,カゲカツ,牡,8,56.0,529,2,橋本直,長谷忍,,2,0:48.4,36.2,2-2,2,529,2
2022/04/27,浦和,4,浦和８００ラウンドＣ３選抜馬ア,800,ダ,左,稍重,晴,12,6,8,ラブリースマッシュ,牝,7,54.0,476,10,吉留孝,薮口一,,3,0:49.0,36.4,3-3,1,476,10
2022/04/27,浦和,4,浦和８００ラウンドＣ３選抜馬ア,800,ダ,左,稍重,晴,12,2,2,アミン,牝,5,54.0,458,11,岡田大,冨田敏,,4,0:49.3,36.5,6-6,8,458,11
2022/04/27,浦和,4,浦和８００ラウンドＣ３選抜馬ア,800,ダ,左,稍重,晴,12,1,1,サノチナ,牝,5,54.0,421,2,赤津和,川島豊,,5,0:49.5,36.9,4-4,10,421,2
2022/04/27,浦和,4,浦和８００ラウンドＣ３選抜馬ア,800,ダ,左,稍重,晴,12,5,5,クレールプリュネル,牝,4,53.0,472,6,篠谷葵,山越光,,6,0:49.5,36.3,8-8,4,472,6
2022/04/27,浦和,4,浦和８００ラウンドＣ３選抜馬ア,800,ダ,左,稍重,晴,12,4,4,ジェイスマイル,セ,0,56.0,466,3,半澤慶,宇野博,,7,0:49.5,36.6,7-7,11,466,3
2022/04/27,浦和,4,浦和８００ラウンドＣ３選抜馬ア,800,ダ,左,稍重,晴,12,8,12,トーセンイザベル,牝,4,54.0,435,13,保園翔,海馬司,,8,0:49.5,36.9,5-5,9,435,13
2022/04/27,浦和,4,浦和８００ラウンドＣ３選抜馬ア,800,ダ,左,稍重,晴,12,7,9,クロノエンプレス,牝,5,54.0,478,-4,加藤和,酒井一,,9,0:49.7,36.6,10-10,7,478,-4
2022/04/27,浦和,4,浦和８００ラウンドＣ３選抜馬ア,800,ダ,左,稍重,晴,12,5,6,レイリアン,牝,5,54.0,414,5,國分祐,冨田敏,,10,0:49.9,37.0,9-9,12,414,5
2022/04/27,浦和,4,浦和８００ラウンドＣ３選抜馬ア,800,ダ,左,稍重,晴,12,8,11,ヘデラ,牝,6,54.0,448,9,寺島憂,柘榴浩,,11,0:50.2,37.1,12-11,5,448,9
2022/04/27,浦和,4,浦和８００ラウンドＣ３選抜馬ア,800,ダ,左,稍重,晴,12,7,10,ピノティートン,牡,4,56.0,462,-2,見越彬,野口孝,,12,0:50.4,37.3,11-12,6,462,-2
2022/04/27,浦和,5,３歳五,1400,ダ,左,稍重,晴,12,2,2,ベリングキャット,牝,3,51.0,411,-3,新原周,林隆之,,1,1:30.4,39.7,1-1-1-1,8,411,-3
2022/04/27,浦和,5,３歳五,1400,ダ,左,稍重,晴,12,6,7,ビームービー,牡,3,56.0,472,2,町田直,今井輝,,2,1:31.0,39.5,7-9-8-5,4,472,2
2022/04/27,浦和,5,３歳五,1400,ダ,左,稍重,晴,12,4,4,ミネヴィーノ,牝,3,54.0,449,5,福原杏,小澤宏,,3,1:31.3,40.6,2-2-2-2,1,449,5
2022/04/27,浦和,5,３歳五,1400,ダ,左,稍重,晴,12,3,3,スイフトマリー,牝,3,54.0,382,-2,岡村健,酒井一,,4,1:31.3,40.2,4-4-6-3,6,382,-2
2022/04/27,浦和,5,３歳五,1400,ダ,左,稍重,晴,12,6,8,グラスアラバニーユ,牡,3,56.0,458,5,笹川翼,吉橋淳,,5,1:31.3,39.8,8-7-7-4,5,458,5
2022/04/27,浦和,5,３歳五,1400,ダ,左,稍重,晴,12,1,1,シェナチチカカ,牝,3,50.0,376,-2,神尾香,山田正,,6,1:32.2,40.3,9-8-9-9,11,376,-2
2022/04/27,浦和,5,３歳五,1400,ダ,左,稍重,晴,12,8,12,アカサカココア,牝,3,54.0,486,4,櫻井光,酒井一,,7,1:32.4,41.6,3-3-3-7,12,486,4
2022/04/27,浦和,5,３歳五,1400,ダ,左,稍重,晴,12,8,11,ソーサレス,牝,3,54.0,479,10,森泰斗,小澤宏,,8,1:32.5,40.2,10-10-10-10,3,479,10
2022/04/27,浦和,5,３歳五,1400,ダ,左,稍重,晴,12,5,6,スプリングバード,牝,3,54.0,456,-12,本田重,高月賢,,9,1:32.5,41.5,6-6-4-8,9,456,-12
2022/04/27,浦和,5,３歳五,1400,ダ,左,稍重,晴,12,5,5,ラクスシャルキ,牝,3,54.0,466,23,秋元耕,酒井一,,10,1:32.6,39.9,12-11-12-12,10,466,23
2022/04/27,浦和,5,３歳五,1400,ダ,左,稍重,晴,12,7,9,パールズウィッシュ,牝,3,54.0,434,3,左海誠,佐藤太,,11,1:32.7,41.6,5-5-5-6,2,434,3
2022/04/27,浦和,5,３歳五,1400,ダ,左,稍重,晴,12,7,10,ステラセイコー,牝,3,51.0,465,11,野畑凌,水野貴,,12,1:33.1,40.3,11-12-11-11,7,465,11
2022/04/27,浦和,6,Ｃ３七,1400,ダ,左,稍重,曇,12,4,4,トレヴァー,牝,7,51.0,480,1,野畑凌,八木喜,,1,1:30.6,39.4,7-6-6-3,1,480,1
2022/04/27,浦和,6,Ｃ３七,1400,ダ,左,稍重,曇,12,5,5,コパノカーニバル,牡,8,56.0,497,-4,川島正,新井清,,2,1:30.8,41.4,2-2-1-1,6,497,-4
2022/04/27,浦和,6,Ｃ３七,1400,ダ,左,稍重,曇,12,6,8,エクストリーム,牡,8,56.0,465,-2,和田譲,田邊陽,,3,1:31.0,37.4,12-12-11-9,7,465,-2
2022/04/27,浦和,6,Ｃ３七,1400,ダ,左,稍重,曇,12,5,6,ブルベアベージュ,牡,6,56.0,487,3,森泰斗,吉橋淳,,4,1:31.3,41.1,3-3-3-4,4,487,3
2022/04/27,浦和,6,Ｃ３七,1400,ダ,左,稍重,曇,12,1,1,ジョーカイ,牝,4,54.0,465,4,矢野貴,小久智,,5,1:31.3,40.7,5-4-4-5,3,465,4
2022/04/27,浦和,6,Ｃ３七,1400,ダ,左,稍重,曇,12,8,12,レッドシャドー,牡,5,55.0,470,-4,池谷匠,佐藤博,,6,1:31.5,39.7,8-8-7-6,9,470,-4
2022/04/27,浦和,6,Ｃ３七,1400,ダ,左,稍重,曇,12,7,10,ミヤコシャンティ,牝,5,54.0,438,-1,山口達,林正人,,7,1:31.9,40.1,9-9-8-7,8,438,-1
2022/04/27,浦和,6,Ｃ３七,1400,ダ,左,稍重,曇,12,7,9,アナハ,牝,5,54.0,402,10,加藤和,川島豊,,8,1:32.3,39.5,10-10-10-11,12,402,10
2022/04/27,浦和,6,Ｃ３七,1400,ダ,左,稍重,曇,12,2,2,ピラミッドファラオ,牡,7,56.0,518,8,保園翔,水野貴,,9,1:32.4,43.0,1-1-2-2,5,518,8
2022/04/27,浦和,6,Ｃ３七,1400,ダ,左,稍重,曇,12,3,3,アベノカイシンゲキ,牡,4,56.0,484,14,寺島憂,小林真,,10,1:33.5,41.7,6-7-9-10,10,484,14
2022/04/27,浦和,6,Ｃ３七,1400,ダ,左,稍重,曇,12,6,7,ユメノハジマリ,牝,6,53.0,467,-1,篠谷葵,野口孝,,11,1:33.5,42.9,4-5-5-8,2,467,-1
2022/04/27,浦和,6,Ｃ３七,1400,ダ,左,稍重,曇,12,8,11,コンディトラム,牡,5,53.0,491,16,及川烈,川村守,,12,1:34.8,40.9,11-11-12-12,11,491,16
2022/04/27,浦和,7,Ｃ２六 七,1500,ダ,左,良,曇,12,7,10,ダークオブザナイト,牡,6,56.0,521,7,本田重,高月賢,,1,1:36.7,38.9,7-7-4-1,1,521,7
2022/04/27,浦和,7,Ｃ２六 七,1500,ダ,左,良,曇,12,4,4,ゴールドソックス,牡,6,56.0,486,-2,矢野貴,山崎裕,,2,1:37.0,38.8,9-9-6-3,2,486,-2
2022/04/27,浦和,7,Ｃ２六 七,1500,ダ,左,良,曇,12,8,11,エルフバローズ,牝,4,54.0,448,11,岡田大,工藤伸,,3,1:37.6,40.2,3-3-3-2,4,448,11
2022/04/27,浦和,7,Ｃ２六 七,1500,ダ,左,良,曇,12,5,6,ワンダーフェンリル,牡,4,56.0,522,12,橋本直,鈴木勝,,4,1:38.2,40.4,6-5-5-6,6,522,12
2022/04/27,浦和,7,Ｃ２六 七,1500,ダ,左,良,曇,12,5,5,イッツショータイム,牡,6,56.0,472,5,今野忠,安池成,,5,1:38.4,39.9,12-11-8-7,7,472,5
2022/04/27,浦和,7,Ｃ２六 七,1500,ダ,左,良,曇,12,7,9,カズブレイド,牡,5,56.0,519,-2,岡村健,阿井正,,6,1:38.4,39.5,11-12-12-9,3,519,-2
2022/04/27,浦和,7,Ｃ２六 七,1500,ダ,左,良,曇,12,1,1,ナツハヨル,牝,4,54.0,438,4,吉留孝,横山保,,7,1:38.6,41.4,1-1-1-4,8,438,4
2022/04/27,浦和,7,Ｃ２六 七,1500,ダ,左,良,曇,12,6,7,キミノナハ,牝,4,51.0,454,-3,及川烈,長谷忍,,8,1:39.5,41.0,10-10-11-10,10,454,-3
2022/04/27,浦和,7,Ｃ２六 七,1500,ダ,左,良,曇,12,3,3,サンアスペン,牝,4,54.0,466,0,寺島憂,川村守,,9,1:39.7,41.2,8-8-10-11,9,466,0
2022/04/27,浦和,7,Ｃ２六 七,1500,ダ,左,良,曇,12,8,12,サプライズギフト,牝,4,54.0,406,-4,加藤和,川島豊,,10,1:39.8,42.0,5-4-7-8,11,406,-4
2022/04/27,浦和,7,Ｃ２六 七,1500,ダ,左,良,曇,12,6,8,タッカーハート,牝,4,54.0,449,-1,福原杏,水野貴,,11,1:39.8,42.5,2-2-2-5,5,449,-1
2022/04/27,浦和,7,Ｃ２六 七,1500,ダ,左,良,曇,12,2,2,グレースシラオキ,牝,4,54.0,427,2,見越彬,岡田一,,12,1:40.0,41.8,4-5-9-12,12,427,2
2022/04/27,浦和,8,まるまるひがしにほん賞Ｃ２六 七,1400,ダ,左,良,曇,12,5,6,トーセンテキーラ,牡,6,56.0,554,-4,吉留孝,小久智,,1,1:27.5,38.4,1-1-1-1,1,554,-4
2022/04/27,浦和,8,まるまるひがしにほん賞Ｃ２六 七,1400,ダ,左,良,曇,12,3,3,ワタシノワルツ,牝,6,54.0,516,-6,笹川翼,池田孝,,2,1:29.1,39.2,4-4-2-2,2,516,-6
2022/04/27,浦和,8,まるまるひがしにほん賞Ｃ２六 七,1400,ダ,左,良,曇,12,4,4,エイシンビースト,牡,4,56.0,447,3,保園翔,薮口一,,3,1:30.0,39.6,5-6-4-3,6,447,3
2022/04/27,浦和,8,まるまるひがしにほん賞Ｃ２六 七,1400,ダ,左,良,曇,12,1,1,ノーブルテラ,牝,6,54.0,507,-3,酒井忍,田邊陽,,4,1:30.1,39.7,6-5-5-5,5,507,-3
2022/04/27,浦和,8,まるまるひがしにほん賞Ｃ２六 七,1400,ダ,左,良,曇,12,5,5,ジャストメイビー,牝,4,54.0,500,7,和田譲,宇野博,,5,1:30.4,40.7,2-2-3-4,3,500,7
2022/04/27,浦和,8,まるまるひがしにほん賞Ｃ２六 七,1400,ダ,左,良,曇,12,6,7,ペイシャレン,牝,4,54.0,479,6,森泰斗,平山真,,6,1:30.6,39.7,10-8-7-7,4,479,6
2022/04/27,浦和,8,まるまるひがしにほん賞Ｃ２六 七,1400,ダ,左,良,曇,12,7,10,カミヤガルーラ,牡,4,53.0,476,3,及川烈,内野健,,7,1:30.7,39.9,7-7-8-6,7,476,3
2022/04/27,浦和,8,まるまるひがしにほん賞Ｃ２六 七,1400,ダ,左,良,曇,12,8,11,トーセンイヴ,牝,4,54.0,444,21,福原杏,酒井一,,8,1:31.2,39.5,11-10-9-9,9,444,21
2022/04/27,浦和,8,まるまるひがしにほん賞Ｃ２六 七,1400,ダ,左,良,曇,12,7,9,スティールマドンナ,牝,4,54.0,464,7,岡田大,藤原智,,9,1:31.3,41.2,3-3-6-8,8,464,7
2022/04/27,浦和,8,まるまるひがしにほん賞Ｃ２六 七,1400,ダ,左,良,曇,12,2,2,エスカマリ,牝,4,54.0,458,-7,橋本直,吉田正,,10,1:32.1,38.8,9-12-12-11,10,458,-7
2022/04/27,浦和,8,まるまるひがしにほん賞Ｃ２六 七,1400,ダ,左,良,曇,12,6,8,モンジロウ,牡,4,56.0,501,0,半澤慶,柘榴浩,,11,1:32.1,39.8,12-11-10-10,11,501,0
2022/04/27,浦和,8,まるまるひがしにほん賞Ｃ２六 七,1400,ダ,左,良,曇,12,8,12,エクセリア,牝,4,54.0,436,-9,秋元耕,小林真,,,,,8-9-11,12,436,-9
2022/04/27,浦和,9,植月特別Ｃ２一,1400,ダ,左,良,曇,11,3,3,トーアコハク,牝,5,53.0,465,2,篠谷葵,齊藤敏,,1,1:29.0,38.0,3-4-4-4,1,465,2
2022/04/27,浦和,9,植月特別Ｃ２一,1400,ダ,左,良,曇,11,8,11,デイスター,牡,5,56.0,448,-8,山崎誠,玉井昇,,2,1:29.2,38.4,4-3-3-3,3,448,-8
2022/04/27,浦和,9,植月特別Ｃ２一,1400,ダ,左,良,曇,11,7,8,ベイビーアッシュ,牡,4,56.0,545,6,笹川翼,小澤宏,,3,1:29.7,39.1,2-2-1-1,2,545,6
2022/04/27,浦和,9,植月特別Ｃ２一,1400,ダ,左,良,曇,11,8,10,メイショウポルポ,牡,5,56.0,436,-5,矢野貴,稲益貴,,4,1:30.1,38.5,8-8-7-7,4,436,-5
2022/04/27,浦和,9,植月特別Ｃ２一,1400,ダ,左,良,曇,11,5,5,フェアリーマジック,牝,5,54.0,450,5,見越彬,川村守,,5,1:30.1,38.9,5-5-5-5,7,450,5
2022/04/27,浦和,9,植月特別Ｃ２一,1400,ダ,左,良,曇,11,6,6,エック,牡,5,56.0,443,14,福原杏,水野貴,,6,1:30.4,40.0,1-1-1-2,9,443,14
2022/04/27,浦和,9,植月特別Ｃ２一,1400,ダ,左,良,曇,11,4,4,ウインジュノー,牝,4,51.0,534,5,及川烈,川島豊,,7,1:30.4,38.2,11-11-11-10,10,534,5
2022/04/27,浦和,9,植月特別Ｃ２一,1400,ダ,左,良,曇,11,1,1,トーセンウィンザー,牡,4,56.0,467,3,内田利,山越光,,8,1:30.5,38.9,6-6-8-8,11,467,3
2022/04/27,浦和,9,植月特別Ｃ２一,1400,ダ,左,良,曇,11,6,7,ミトノラッキー,牝,4,54.0,451,1,岡田大,山越光,,9,1:30.8,39.0,10-10-9-9,8,451,1
2022/04/27,浦和,9,植月特別Ｃ２一,1400,ダ,左,良,曇,11,2,2,ダイエービルベリー,牝,4,54.0,478,5,和田譲,酒井一,,10,1:31.0,39.4,7-7-6-6,6,478,5
2022/04/27,浦和,9,植月特別Ｃ２一,1400,ダ,左,良,曇,11,7,9,マジカルマジカル,牡,5,56.0,502,-18,保園翔,野口寛,,11,1:32.7,40.7,9-9-10-11,5,502,-18
2022/04/27,浦和,10,牡牛座特別Ｃ１二,1500,ダ,左,良,曇,12,5,5,コスモスターリング,牡,6,56.0,499,-5,森泰斗,高月賢,,1,1:35.3,38.5,1-1-1-1,1,499,-5
2022/04/27,浦和,10,牡牛座特別Ｃ１二,1500,ダ,左,良,曇,12,6,8,ミエノハヤブサ,セ,0,56.0,485,3,笹川翼,小澤宏,,2,1:36.4,39.4,9-9-2-2,4,485,3
2022/04/27,浦和,10,牡牛座特別Ｃ１二,1500,ダ,左,良,曇,12,4,4,サウンディングベル,牡,8,53.0,466,5,新原周,水野貴,,3,1:36.9,39.6,5-5-7-4,9,466,5
2022/04/27,浦和,10,牡牛座特別Ｃ１二,1500,ダ,左,良,曇,12,7,10,イチジン,牡,5,56.0,463,-1,加藤和,長谷忍,,4,1:37.1,40.1,4-3-3-3,6,463,-1
2022/04/27,浦和,10,牡牛座特別Ｃ１二,1500,ダ,左,良,曇,12,8,12,ワンダーダイカネン,牡,5,56.0,494,-5,橋本直,鈴木勝,,5,1:37.1,39.5,11-11-9-7,12,494,-5
2022/04/27,浦和,10,牡牛座特別Ｃ１二,1500,ダ,左,良,曇,12,8,11,アナンクス,牡,5,56.0,480,4,藤江渉,田邊陽,,6,1:37.3,39.4,12-12-11-8,5,480,4
2022/04/27,浦和,10,牡牛座特別Ｃ１二,1500,ダ,左,良,曇,12,3,3,スリーヴリーグ,牡,6,56.0,521,-3,和田譲,野口寛,,7,1:37.6,40.3,7-6-6-6,3,521,-3
2022/04/27,浦和,10,牡牛座特別Ｃ１二,1500,ダ,左,良,曇,12,7,9,フォーギブネス,牡,4,56.0,469,8,福原杏,平山真,,8,1:38.3,41.3,6-7-4-5,10,469,8
2022/04/27,浦和,10,牡牛座特別Ｃ１二,1500,ダ,左,良,曇,12,2,2,ムーランブラン,牝,6,54.0,468,6,山崎誠,藤原智,,9,1:38.5,41.2,8-8-8-10,8,468,6
2022/04/27,浦和,10,牡牛座特別Ｃ１二,1500,ダ,左,良,曇,12,1,1,ヨシケンモンロー,牡,6,56.0,444,3,秋元耕,野口孝,,10,1:38.7,40.8,10-10-12-11,11,444,3
2022/04/27,浦和,10,牡牛座特別Ｃ１二,1500,ダ,左,良,曇,12,5,6,トーセンシグナル,牡,5,56.0,533,11,左海誠,小久智,,11,1:39.0,42.0,2-2-5-9,7,533,11
2022/04/27,浦和,10,牡牛座特別Ｃ１二,1500,ダ,左,良,曇,12,6,7,ザナイツ,牡,5,56.0,521,-10,矢野貴,小久智,,12,1:39.4,42.1,3-4-10-12,2,521,-10
2022/04/27,浦和,11,しらさぎ賞４上牝馬オープン,1400,ダ,左,良,曇,12,7,9,アールロッソ,牝,6,54.0,508,-2,町田直,山下之,,1,1:26.2,37.5,7-6-3-3,2,508,-2
2022/04/27,浦和,11,しらさぎ賞４上牝馬オープン,1400,ダ,左,良,曇,12,6,7,ダノンレジーナ,牝,6,57.0,486,8,本橋孝,小久智,,2,1:26.4,38.0,2-2-2-2,1,486,8
2022/04/27,浦和,11,しらさぎ賞４上牝馬オープン,1400,ダ,左,良,曇,12,3,3,アルコレーヌ,牝,5,54.0,475,-11,矢野貴,藤田輝,,3,1:26.6,38.4,1-1-1-1,5,475,-11
2022/04/27,浦和,11,しらさぎ賞４上牝馬オープン,1400,ダ,左,良,曇,12,5,6,シーアフェアリー,牝,7,53.0,475,-10,岡部誠,安部幸,,4,1:26.9,37.0,10-11-8-7,8,475,-10
2022/04/27,浦和,11,しらさぎ賞４上牝馬オープン,1400,ダ,左,良,曇,12,5,5,ルイドフィーネ,牝,5,55.0,479,8,藤田凌,内田勝,,5,1:27.1,38.4,5-5-6-6,4,479,8
2022/04/27,浦和,11,しらさぎ賞４上牝馬オープン,1400,ダ,左,良,曇,12,4,4,トーケンマッキー,牝,5,52.0,454,3,岡村健,張田京,,6,1:27.7,38.2,8-8-7-8,9,454,3
2022/04/27,浦和,11,しらさぎ賞４上牝馬オープン,1400,ダ,左,良,曇,12,2,2,ミラバーグマン,牝,4,52.0,454,-3,笹川翼,須田和,,7,1:27.8,39.1,4-4-5-4,3,454,-3
2022/04/27,浦和,11,しらさぎ賞４上牝馬オープン,1400,ダ,左,良,曇,12,7,10,ブロンディーヴァ,牝,5,54.0,532,-3,本田重,藤田輝,,8,1:27.8,39.2,3-3-4-5,6,532,-3
2022/04/27,浦和,11,しらさぎ賞４上牝馬オープン,1400,ダ,左,良,曇,12,8,11,グロリオーソ,牝,4,52.0,454,-11,篠谷葵,佐野謙,,9,1:28.3,38.4,9-9-9-9,11,454,-11
2022/04/27,浦和,11,しらさぎ賞４上牝馬オープン,1400,ダ,左,良,曇,12,8,12,ウワサノシブコ,牝,4,55.0,454,12,和田譲,岡田一,,10,1:29.2,40.1,6-7-9-10,7,454,12
2022/04/27,浦和,11,しらさぎ賞４上牝馬オープン,1400,ダ,左,良,曇,12,1,1,ナラ,牝,6,52.0,429,-6,深澤杏,伊藤好,,11,1:29.6,38.5,12-12-12-12,12,429,-6
2022/04/27,浦和,11,しらさぎ賞４上牝馬オープン,1400,ダ,左,良,曇,12,6,8,アイカプチーノ,牝,4,52.0,480,0,山口達,阿井正,,12,1:30.0,40.1,11-10-11-11,10,480,0
2022/04/27,浦和,12,芝桜特別Ｂ２Ｂ３選抜馬,2000,ダ,左,良,曇,10,2,2,アイキャンテーラー,牡,6,57.0,491,-13,笹川翼,稲益貴,,1,2:09.1,38.6,1-1-1-1,2,491,-13
2022/04/27,浦和,12,芝桜特別Ｂ２Ｂ３選抜馬,2000,ダ,左,良,曇,10,4,4,モズノーブルギフト,牡,7,57.0,542,7,森泰斗,平山真,,2,2:09.3,38.7,3-3-2-2,1,542,7
2022/04/27,浦和,12,芝桜特別Ｂ２Ｂ３選抜馬,2000,ダ,左,良,曇,10,7,8,フクサングレート,牡,5,57.0,512,0,和田譲,宇野博,,3,2:10.1,39.6,2-2-3-4,3,512,0
2022/04/27,浦和,12,芝桜特別Ｂ２Ｂ３選抜馬,2000,ダ,左,良,曇,10,8,9,マイネルカガヤキ,牡,5,55.0,510,5,橋本直,平山真,,4,2:11.0,38.8,8-7-7-5,4,510,5
2022/04/27,浦和,12,芝桜特別Ｂ２Ｂ３選抜馬,2000,ダ,左,良,曇,10,5,5,ウインドブロウン,牡,6,57.0,494,1,矢野貴,新井清,,5,2:11.0,40.1,4-4-4-3,5,494,1
2022/04/27,浦和,12,芝桜特別Ｂ２Ｂ３選抜馬,2000,ダ,左,良,曇,10,6,6,パラダイムチェンジ,牡,5,55.0,485,6,本田重,山越光,,6,2:11.3,39.3,6-6-6-6,7,485,6
2022/04/27,浦和,12,芝桜特別Ｂ２Ｂ３選抜馬,2000,ダ,左,良,曇,10,3,3,ジュウワンマックス,牡,6,57.0,452,4,櫻井光,平田正,,7,2:12.1,39.8,9-9-8-8,9,452,4
2022/04/27,浦和,12,芝桜特別Ｂ２Ｂ３選抜馬,2000,ダ,左,良,曇,10,8,10,エイシンボールディ,牡,6,57.0,453,1,町田直,工藤伸,,8,2:12.4,40.9,5-5-5-7,6,453,1
2022/04/27,浦和,12,芝桜特別Ｂ２Ｂ３選抜馬,2000,ダ,左,良,曇,10,7,7,シュンノカミ,牡,8,54.0,496,-2,古岡勇,加藤誠,,9,2:13.4,41.0,7-8-9-9,8,496,-2
2022/04/27,浦和,12,芝桜特別Ｂ２Ｂ３選抜馬,2000,ダ,左,良,曇,10,1,1,ビッグバジェット,牝,6,53.0,476,3,福原杏,川村守,,10,2:14.7,41.1,10-10-10-10,10,476,3
2022/04/28,浦和,1,浦和８００ラウンド３歳選抜馬,800,ダ,左,良,曇,12,8,12,ガンコチャン,牝,3,51.0,489,-2,及川烈,岡田一,,1,0:48.3,36.2,3-2,2,489,-2
2022/04/28,浦和,1,浦和８００ラウンド３歳選抜馬,800,ダ,左,良,曇,12,6,7,ネーレウス,牡,3,56.0,460,-1,高橋哲,酒井一,,2,0:48.4,35.8,4-4,9,460,-1
2022/04/28,浦和,1,浦和８００ラウンド３歳選抜馬,800,ダ,左,良,曇,12,4,4,マイバンビーナ,牝,3,53.0,462,3,古岡勇,小澤宏,,3,0:48.5,36.4,1-1,3,462,3
2022/04/28,浦和,1,浦和８００ラウンド３歳選抜馬,800,ダ,左,良,曇,12,2,2,カシノリカバリー,牝,3,54.0,471,-3,和田譲,野口寛,,4,0:49.2,36.2,5-5,7,471,-3
2022/04/28,浦和,1,浦和８００ラウンド３歳選抜馬,800,ダ,左,良,曇,12,5,6,アルゴル,牡,3,56.0,456,2,内田利,箕輪武,,5,0:49.4,37.3,2-3,1,456,2
2022/04/28,浦和,1,浦和８００ラウンド３歳選抜馬,800,ダ,左,良,曇,12,7,9,ゴールドキングダム,牡,3,56.0,508,8,秋元耕,鹿沼和,,6,0:49.7,36.7,7-6,5,508,8
2022/04/28,浦和,1,浦和８００ラウンド３歳選抜馬,800,ダ,左,良,曇,12,1,1,トモノエリザベス,牝,3,54.0,444,11,町田直,酒井一,,7,0:50.0,36.6,8-8,4,444,11
2022/04/28,浦和,1,浦和８００ラウンド３歳選抜馬,800,ダ,左,良,曇,12,3,3,カラフルフレスコ,牝,3,54.0,459,-2,寺島憂,野口孝,,8,0:50.3,36.9,10-9,10,459,-2
2022/04/28,浦和,1,浦和８００ラウンド３歳選抜馬,800,ダ,左,良,曇,12,6,8,カニグー,牡,3,52.0,423,-2,神尾香,長谷忍,,9,0:50.5,37.0,11-10,11,423,-2
2022/04/28,浦和,1,浦和８００ラウンド３歳選抜馬,800,ダ,左,良,曇,12,7,10,ツクバビリーヴ,牝,3,54.0,441,7,保園翔,山越光,,10,0:50.8,37.8,6-7,12,441,7
2022/04/28,浦和,1,浦和８００ラウンド３歳選抜馬,800,ダ,左,良,曇,12,8,11,アンコロモチ,牡,3,56.0,438,6,福原杏,薮口一,,11,0:52.9,38.8,12-12,6,438,6
2022/04/28,浦和,1,浦和８００ラウンド３歳選抜馬,800,ダ,左,良,曇,12,5,5,トクシーヴィグラス,牝,3,54.0,485,11,橋本直,平山真,,12,0:56.6,43.5,9-11,8,485,11
2022/04/28,浦和,2,３歳八,1400,ダ,左,良,曇,12,1,1,イサチルレジェーロ,牡,3,56.0,488,5,和田譲,宇野博,,1,1:32.1,38.7,7-6-4-3,1,488,5
2022/04/28,浦和,2,３歳八,1400,ダ,左,良,曇,12,2,2,ドリームラヴァー,牝,3,54.0,421,0,矢野貴,池田孝,,2,1:32.8,39.8,4-4-6-5,2,421,0
2022/04/28,浦和,2,３歳八,1400,ダ,左,良,曇,12,6,8,ファインファン,牝,3,54.0,456,19,橋本直,小久智,,3,1:32.9,40.7,2-2-2-1,4,456,19
2022/04/28,浦和,2,３歳八,1400,ダ,左,良,曇,12,8,12,スーベニア,牝,3,54.0,477,4,森泰斗,内野健,,4,1:32.9,40.5,3-3-3-4,3,477,4
2022/04/28,浦和,2,３歳八,1400,ダ,左,良,曇,12,8,11,ベローナカグラ,牝,3,54.0,479,10,藤本現,水野貴,,5,1:33.4,40.5,5-5-5-6,6,479,10
2022/04/28,浦和,2,３歳八,1400,ダ,左,良,曇,12,6,7,エンハンブレ,牡,3,56.0,436,1,田中涼,加藤誠,,6,1:33.5,39.6,9-10-7-7,12,436,1
2022/04/28,浦和,2,３歳八,1400,ダ,左,良,曇,12,7,10,ハーピーローズ,牝,3,53.0,399,-11,池谷匠,武井和,,7,1:33.6,38.9,11-12-8-8,7,399,-11
2022/04/28,浦和,2,３歳八,1400,ダ,左,良,曇,12,3,3,テットアヴァンセ,牡,3,56.0,447,-11,酒井忍,小林真,,8,1:34.2,42.0,1-1-1-2,5,447,-11
2022/04/28,浦和,2,３歳八,1400,ダ,左,良,曇,12,5,6,パルメニデス,牡,3,56.0,387,-12,福原杏,田邊陽,,9,1:34.2,39.7,12-9-10-9,10,387,-12
2022/04/28,浦和,2,３歳八,1400,ダ,左,良,曇,12,4,4,モリデンベル,牝,3,54.0,469,8,保園翔,山越光,,10,1:35.3,41.2,10-11-9-10,9,469,8
2022/04/28,浦和,2,３歳八,1400,ダ,左,良,曇,12,7,9,ベニノボルト,牡,3,56.0,440,1,伊藤裕,田邊陽,,11,1:35.9,41.0,8-8-12-11,8,440,1
2022/04/28,浦和,2,３歳八,1400,ダ,左,良,曇,12,5,5,ステファニー,牝,3,53.0,437,5,古岡勇,川村守,,12,1:38.8,44.1,6-7-11-12,11,437,5
2022/04/28,浦和,3,ランチタイムチャレンジＣ３五 六,1400,ダ,左,良,晴,12,6,7,タカラチーター,牡,6,56.0,470,0,真島大,内田勝,,1,1:32.3,41.2,3-3-2-2,1,470,0
2022/04/28,浦和,3,ランチタイムチャレンジＣ３五 六,1400,ダ,左,良,晴,12,8,12,プランタンヴェール,牝,6,54.0,519,0,橋本直,平山真,,2,1:32.3,41.0,4-5-4-3,3,519,0
2022/04/28,浦和,3,ランチタイムチャレンジＣ３五 六,1400,ダ,左,良,晴,12,5,5,ピクシーズパラソル,牝,4,50.0,472,-4,小林捺,海馬司,,3,1:32.3,39.5,10-10-10-7,4,472,-4
2022/04/28,浦和,3,ランチタイムチャレンジＣ３五 六,1400,ダ,左,良,晴,12,4,4,フライトメモリア,牝,4,54.0,526,2,秋元耕,川村守,,4,1:32.4,41.4,1-1-1-1,5,526,2
2022/04/28,浦和,3,ランチタイムチャレンジＣ３五 六,1400,ダ,左,良,晴,12,1,1,アスラーダ,牡,5,56.0,481,7,高橋哲,横山保,,5,1:32.8,40.3,9-9-8-7,9,481,7
2022/04/28,浦和,3,ランチタイムチャレンジＣ３五 六,1400,ダ,左,良,晴,12,2,2,テンカウント,牡,5,56.0,516,3,伊藤裕,加藤誠,,6,1:32.9,41.2,8-7-5-4,8,516,3
2022/04/28,浦和,3,ランチタイムチャレンジＣ３五 六,1400,ダ,左,良,晴,12,7,9,シェナノブチ,牡,7,56.0,412,-2,岡田大,冨田敏,,7,1:33.1,39.4,12-12-12-10,2,412,-2
2022/04/28,浦和,3,ランチタイムチャレンジＣ３五 六,1400,ダ,左,良,晴,12,8,11,キタマクフィー,牝,4,54.0,426,-15,半澤慶,鹿沼和,,8,1:33.4,41.8,5-4-6-6,11,426,-15
2022/04/28,浦和,3,ランチタイムチャレンジＣ３五 六,1400,ダ,左,良,晴,12,3,3,ダイバキャッツアイ,牝,5,54.0,438,-2,赤津和,箕輪武,,9,1:33.7,41.6,6-6-7-9,6,438,-2
2022/04/28,浦和,3,ランチタイムチャレンジＣ３五 六,1400,ダ,左,良,晴,12,7,10,スマートラムセス,牡,4,56.0,516,-1,藤江渉,酒井一,,10,1:33.7,40.5,11-11-11-11,10,516,-1
2022/04/28,浦和,3,ランチタイムチャレンジＣ３五 六,1400,ダ,左,良,晴,12,6,8,ギンサー,牡,4,53.0,479,5,及川烈,小林真,,11,1:34.3,42.0,7-8-9-12,12,479,5
2022/04/28,浦和,3,ランチタイムチャレンジＣ３五 六,1400,ダ,左,良,晴,12,5,6,ピコデロロ,牝,5,54.0,409,17,福原杏,吉田正,,12,1:36.4,45.3,2-2-3-5,7,409,17
2022/04/28,浦和,4,Ｃ３五 六,1500,ダ,左,良,晴,12,8,11,レターマン,牡,6,56.0,480,3,本橋孝,林隆之,,1,1:39.0,40.0,3-3-3-1,1,480,3
2022/04/28,浦和,4,Ｃ３五 六,1500,ダ,左,良,晴,12,5,5,リュウノイノリ,牡,5,55.0,463,5,古岡勇,鹿沼和,,2,1:39.1,40.4,2-2-2-2,3,463,5
2022/04/28,浦和,4,Ｃ３五 六,1500,ダ,左,良,晴,12,7,10,キョウエイレガード,牝,7,54.0,464,8,岡田大,吉田正,,3,1:39.4,39.9,11-12-4-5,5,464,8
2022/04/28,浦和,4,Ｃ３五 六,1500,ダ,左,良,晴,12,5,6,ラウズアップ,牡,6,56.0,431,-2,橋本直,牛房榮,,4,1:39.8,40.1,9-9-5-4,9,431,-2
2022/04/28,浦和,4,Ｃ３五 六,1500,ダ,左,良,晴,12,1,1,ホロシリダケ,セ,0,56.0,478,2,内田利,野口孝,,5,1:39.8,41.3,1-1-1-3,8,478,2
2022/04/28,浦和,4,Ｃ３五 六,1500,ダ,左,良,晴,12,6,8,グランピー,牝,6,54.0,418,0,酒井忍,久保勇,,6,1:39.9,39.8,12-11-11-8,6,418,0
2022/04/28,浦和,4,Ｃ３五 六,1500,ダ,左,良,晴,12,4,4,リュクスコンドル,牡,6,55.0,469,3,池谷匠,山崎裕,,7,1:40.2,40.5,6-6-9-9,4,469,3
2022/04/28,浦和,4,Ｃ３五 六,1500,ダ,左,良,晴,12,7,9,レインボーシャトル,牡,7,56.0,516,-8,仲野光,阿井正,,8,1:40.4,40.7,8-10-7-7,2,516,-8
2022/04/28,浦和,4,Ｃ３五 六,1500,ダ,左,良,晴,12,6,7,ニシノマリアージュ,牝,6,54.0,417,3,國分祐,冨田敏,,9,1:40.4,41.0,4-5-6-6,10,417,3
2022/04/28,浦和,4,Ｃ３五 六,1500,ダ,左,良,晴,12,2,2,アイノロマン,牝,4,54.0,465,-7,秋元耕,岡田一,,10,1:40.8,40.9,10-8-12-11,12,465,-7
2022/04/28,浦和,4,Ｃ３五 六,1500,ダ,左,良,晴,12,8,12,アルコンシチー,牡,5,56.0,459,3,赤津和,箕輪武,,11,1:41.1,41.6,7-7-8-10,11,459,3
2022/04/28,浦和,4,Ｃ３五 六,1500,ダ,左,良,晴,12,3,3,リアンデュソン,牡,4,56.0,557,2,川島正,川村守,,12,1:43.5,44.1,5-4-10-12,7,557,2
2022/04/28,浦和,5,Ｃ３三 四,1500,ダ,左,良,晴,10,8,9,バローロフレイバー,牡,6,56.0,517,8,今野忠,繁田健,,1,1:39.2,40.9,2-2-2-1,1,517,8
2022/04/28,浦和,5,Ｃ３三 四,1500,ダ,左,良,晴,10,8,10,セコイア,牝,5,54.0,467,5,半澤慶,宇野博,,2,1:39.7,40.5,7-7-4-4,5,467,5
2022/04/28,浦和,5,Ｃ３三 四,1500,ダ,左,良,晴,10,7,7,ラブリーギャル,牝,6,54.0,485,-1,見越彬,海馬司,,3,1:39.8,41.6,1-1-1-2,2,485,-1
2022/04/28,浦和,5,Ｃ３三 四,1500,ダ,左,良,晴,10,5,5,ファーマスター,牝,4,54.0,441,8,福原杏,川村守,,4,1:40.2,40.2,10-10-10-8,6,441,8
2022/04/28,浦和,5,Ｃ３三 四,1500,ダ,左,良,晴,10,4,4,トリテレイア,牝,6,54.0,419,-2,加藤和,玉井昇,,5,1:40.3,41.7,5-3-3-3,3,419,-2
2022/04/28,浦和,5,Ｃ３三 四,1500,ダ,左,良,晴,10,2,2,ニードアフレンド,牝,8,54.0,465,0,山中悠,鈴木勝,,6,1:40.4,41.2,6-6-6-7,4,465,0
2022/04/28,浦和,5,Ｃ３三 四,1500,ダ,左,良,晴,10,1,1,ニシノコウメイ,牡,4,56.0,448,-4,岡田大,冨田敏,,7,1:41.3,41.5,9-9-9-6,9,448,-4
2022/04/28,浦和,5,Ｃ３三 四,1500,ダ,左,良,晴,10,3,3,ボンバーガール,牝,4,54.0,514,7,保園翔,山越光,,8,1:41.4,42.3,4-4-5-5,7,514,7
2022/04/28,浦和,5,Ｃ３三 四,1500,ダ,左,良,晴,10,7,8,ケイティーアニマル,牝,9,51.0,484,-6,及川烈,柘榴浩,,9,1:42.2,42.8,3-5-8-10,8,484,-6
2022/04/28,浦和,5,Ｃ３三 四,1500,ダ,左,良,晴,10,6,6,スカイチェイサー,牡,5,56.0,466,1,臼井健,凾館一,,10,1:42.4,42.8,8-8-7-9,10,466,1
2022/04/28,浦和,6,Ｃ３三 四,1400,ダ,左,良,晴,12,7,9,ロタツィオーネ,セ,0,56.0,471,11,吉留孝,野口孝,,1,1:30.8,39.6,3-3-2-1,7,471,11
2022/04/28,浦和,6,Ｃ３三 四,1400,ダ,左,良,晴,12,6,8,トッププライズ,牡,7,56.0,507,15,森泰斗,高月賢,,2,1:31.1,39.0,7-8-6-3,1,507,15
2022/04/28,浦和,6,Ｃ３三 四,1400,ダ,左,良,晴,12,1,1,リュウオウ,牡,6,56.0,474,-1,石崎駿,宇野博,,3,1:31.4,39.0,10-10-8-6,2,474,-1
2022/04/28,浦和,6,Ｃ３三 四,1400,ダ,左,良,晴,12,3,3,ジョーアヤメ,牝,4,54.0,451,22,矢野貴,小久智,,4,1:31.6,40.0,4-4-4-5,4,451,22
2022/04/28,浦和,6,Ｃ３三 四,1400,ダ,左,良,晴,12,8,12,シエスタキー,牡,5,56.0,499,4,山中悠,川村守,,5,1:31.7,39.8,6-6-5-7,9,499,4
2022/04/28,浦和,6,Ｃ３三 四,1400,ダ,左,良,晴,12,6,7,ミコタマ,牝,8,50.0,461,-8,小林捺,田島寿,,6,1:31.9,39.4,9-9-9-9,6,461,-8
2022/04/28,浦和,6,Ｃ３三 四,1400,ダ,左,良,晴,12,5,5,ヤマニンプルニエ,牝,5,51.0,441,-1,野畑凌,山崎尋,,7,1:32.0,40.1,5-5-7-8,8,441,-1
2022/04/28,浦和,6,Ｃ３三 四,1400,ダ,左,良,晴,12,2,2,キモンズラブ,牝,8,54.0,466,8,國分祐,冨田敏,,8,1:32.6,40.3,8-7-10-10,10,466,8
2022/04/28,浦和,6,Ｃ３三 四,1400,ダ,左,良,晴,12,5,6,トラハト,牝,4,54.0,483,-13,酒井忍,海馬司,,9,1:32.7,41.5,2-2-1-2,5,483,-13
2022/04/28,浦和,6,Ｃ３三 四,1400,ダ,左,良,晴,12,7,10,ベニノプリティ,牝,6,50.0,428,8,神尾香,八木仁,,10,1:33.1,39.6,11-11-11-11,12,428,8
2022/04/28,浦和,6,Ｃ３三 四,1400,ダ,左,良,晴,12,8,11,クリストバウム,セ,0,56.0,449,-2,橋本直,吉田正,,11,1:33.1,39.0,12-12-12-12,11,449,-2
2022/04/28,浦和,6,Ｃ３三 四,1400,ダ,左,良,晴,12,4,4,キョウエイミーレス,牡,6,56.0,518,12,笹川翼,内野健,,12,1:33.4,42.2,1-1-3-4,3,518,12
2022/04/28,浦和,7,Ｊ交 ツインメイト特別３歳選抜馬,1400,ダ,左,良,晴,12,6,8,キミコソシャチョウ,牡,3,56.0,489,-7,笹川翼,森秀行,,1,1:29.1,38.3,8-8-4-1,2,489,-7
2022/04/28,浦和,7,Ｊ交 ツインメイト特別３歳選抜馬,1400,ダ,左,良,晴,12,6,7,スターファースト,牡,3,56.0,478,-16,本田重,小崎憲,,2,1:29.3,38.9,3-3-2-2,5,478,-16
2022/04/28,浦和,7,Ｊ交 ツインメイト特別３歳選抜馬,1400,ダ,左,良,晴,12,5,5,フロネシス,牝,3,54.0,433,-6,町田直,山下之,,3,1:29.9,39.5,2-2-3-3,3,433,-6
2022/04/28,浦和,7,Ｊ交 ツインメイト特別３歳選抜馬,1400,ダ,左,良,晴,12,2,2,スズカノアイル,牡,3,56.0,472,2,矢野貴,吉村圭,,4,1:30.5,40.1,1-1-1-4,1,472,2
2022/04/28,浦和,7,Ｊ交 ツインメイト特別３歳選抜馬,1400,ダ,左,良,晴,12,4,4,アラビアンパレス,牡,3,56.0,483,-7,藤本現,大江哲,,5,1:30.6,38.9,10-9-8-6,9,483,-7
2022/04/28,浦和,7,Ｊ交 ツインメイト特別３歳選抜馬,1400,ダ,左,良,晴,12,1,1,キョウエイシャイン,牝,3,54.0,453,-3,秋元耕,小澤宏,,6,1:31.0,40.0,7-4-5-5,11,453,-3
2022/04/28,浦和,7,Ｊ交 ツインメイト特別３歳選抜馬,1400,ダ,左,良,晴,12,5,6,マスクドサムライ,牡,3,53.0,477,2,及川烈,藤原智,,7,1:31.6,39.9,6-7-10-8,4,477,2
2022/04/28,浦和,7,Ｊ交 ツインメイト特別３歳選抜馬,1400,ダ,左,良,晴,12,7,9,カシノイースター,セ,0,53.0,459,-1,野畑凌,和田雄,,8,1:32.2,39.3,12-12-12-11,12,459,-1
2022/04/28,浦和,7,Ｊ交 ツインメイト特別３歳選抜馬,1400,ダ,左,良,晴,12,8,11,ゴールドエース,牡,3,56.0,477,0,森泰斗,野口孝,,9,1:32.2,41.2,5-6-5-7,8,477,0
2022/04/28,浦和,7,Ｊ交 ツインメイト特別３歳選抜馬,1400,ダ,左,良,晴,12,8,12,オンザゴー,牝,3,54.0,451,-7,本橋孝,林隆之,,10,1:32.3,40.3,9-10-9-10,7,451,-7
2022/04/28,浦和,7,Ｊ交 ツインメイト特別３歳選抜馬,1400,ダ,左,良,晴,12,7,10,スマイルキングオー,牡,3,55.0,488,2,篠谷葵,張田京,,11,1:32.5,40.0,11-11-11-12,6,488,2
2022/04/28,浦和,7,Ｊ交 ツインメイト特別３歳選抜馬,1400,ダ,左,良,晴,12,3,3,メイトゥリアーク,牝,3,50.0,450,4,神尾香,加藤和,,12,1:33.2,42.1,4-5-7-9,10,450,4
2022/04/28,浦和,8,Ｃ２八 九,1400,ダ,左,良,晴,12,1,1,イサチルエース,牡,7,56.0,498,-1,和田譲,栗林信,,1,1:30.3,38.5,12-12-10-5,3,498,-1
2022/04/28,浦和,8,Ｃ２八 九,1400,ダ,左,良,晴,12,4,4,ピオレドール,牡,7,56.0,478,1,森泰斗,横山保,,2,1:30.5,39.7,5-4-5-3,1,478,1
2022/04/28,浦和,8,Ｃ２八 九,1400,ダ,左,良,晴,12,5,6,アンタルクティクス,牡,5,53.0,503,4,及川烈,内野健,,3,1:30.6,40.2,2-2-2-1,8,503,4
2022/04/28,浦和,8,Ｃ２八 九,1400,ダ,左,良,晴,12,6,8,モアイ,牡,7,56.0,476,-11,吉留孝,岡田一,,4,1:30.8,40.0,4-5-4-4,7,476,-11
2022/04/28,浦和,8,Ｃ２八 九,1400,ダ,左,良,晴,12,8,12,ハツネヘイロー,セ,0,56.0,503,11,秋元耕,宇野博,,5,1:31.1,40.1,8-9-6-7,5,503,11
2022/04/28,浦和,8,Ｃ２八 九,1400,ダ,左,良,晴,12,2,2,クリムゾンオーラ,牝,5,54.0,474,7,岡田大,牛房榮,,6,1:31.3,41.0,1-1-1-2,9,474,7
2022/04/28,浦和,8,Ｃ２八 九,1400,ダ,左,良,晴,12,3,3,クールシラユリ,牝,4,50.0,447,-12,小林捺,工藤伸,,7,1:31.5,40.3,7-6-8-6,10,447,-12
2022/04/28,浦和,8,Ｃ２八 九,1400,ダ,左,良,晴,12,5,5,スプリングネージュ,牝,4,54.0,440,5,見越彬,川村守,,8,1:31.5,39.7,11-11-12-10,12,440,5
2022/04/28,浦和,8,Ｃ２八 九,1400,ダ,左,良,晴,12,7,10,マイネルエポレット,牡,6,56.0,504,3,福原杏,平山真,,9,1:31.7,40.3,9-10-9-9,4,504,3
2022/04/28,浦和,8,Ｃ２八 九,1400,ダ,左,良,晴,12,7,9,ボルドーアラン,牡,4,56.0,500,-7,橋本直,柘榴浩,,10,1:32.7,41.4,10-8-11-11,6,500,-7
2022/04/28,浦和,8,Ｃ２八 九,1400,ダ,左,良,晴,12,6,7,ゴープラチナム,牝,5,54.0,446,-8,山崎誠,平山真,,11,1:32.8,42.2,3-3-3-8,2,446,-8
2022/04/28,浦和,8,Ｃ２八 九,1400,ダ,左,良,晴,12,8,11,フランシス,牝,6,54.0,502,5,加藤和,長谷忍,,12,1:33.2,42.2,6-7-7-12,11,502,5
2022/04/28,浦和,9,５月１日はさいたま市民の日賞Ｃ２八 九,1400,ダ,左,良,晴,12,6,8,バトルオサンナ,牝,8,54.0,452,19,秋元耕,柘榴浩,,1,1:30.6,39.3,5-5-4-2,8,452,19
2022/04/28,浦和,9,５月１日はさいたま市民の日賞Ｃ２八 九,1400,ダ,左,良,晴,12,2,2,デルマジザイ,牡,4,56.0,454,4,藤江渉,工藤伸,,2,1:31.0,40.3,1-1-1-1,2,454,4
2022/04/28,浦和,9,５月１日はさいたま市民の日賞Ｃ２八 九,1400,ダ,左,良,晴,12,3,3,ログハウス,牝,7,54.0,495,1,川島正,平山真,,3,1:31.1,39.0,10-10-9-8,3,495,1
2022/04/28,浦和,9,５月１日はさいたま市民の日賞Ｃ２八 九,1400,ダ,左,良,晴,12,7,10,ルージュカプリス,牝,5,51.0,434,5,及川烈,長谷忍,,4,1:31.3,40.0,3-3-5-3,4,434,5
2022/04/28,浦和,9,５月１日はさいたま市民の日賞Ｃ２八 九,1400,ダ,左,良,晴,12,8,12,バードハズフロウン,牝,4,54.0,441,5,福原杏,横山保,,5,1:31.4,39.9,7-8-6-6,6,441,5
2022/04/28,浦和,9,５月１日はさいたま市民の日賞Ｃ２八 九,1400,ダ,左,良,晴,12,1,1,フェイドハード,牡,5,56.0,511,2,加藤和,長谷忍,,6,1:32.1,41.0,4-4-3-4,1,511,2
2022/04/28,浦和,9,５月１日はさいたま市民の日賞Ｃ２八 九,1400,ダ,左,良,晴,12,7,9,カイジンビリーヴ,牡,4,56.0,533,3,高橋哲,牛房榮,,7,1:32.4,40.3,11-12-10-10,11,533,3
2022/04/28,浦和,9,５月１日はさいたま市民の日賞Ｃ２八 九,1400,ダ,左,良,晴,12,6,7,スタービート,牡,4,56.0,525,1,達城龍,野口孝,,8,1:32.5,40.4,12-11-11-11,5,525,1
2022/04/28,浦和,9,５月１日はさいたま市民の日賞Ｃ２八 九,1400,ダ,左,良,晴,12,5,5,ジェームス,牡,8,56.0,506,2,半澤慶,川島豊,,9,1:32.9,42.0,1-2-2-5,10,506,2
2022/04/28,浦和,9,５月１日はさいたま市民の日賞Ｃ２八 九,1400,ダ,左,良,晴,12,4,4,プロスペリティ,牝,6,54.0,464,6,國分祐,冨田敏,,10,1:33.3,41.6,9-6-8-9,12,464,6
2022/04/28,浦和,9,５月１日はさいたま市民の日賞Ｃ２八 九,1400,ダ,左,良,晴,12,8,11,エイシンイージス,牝,4,54.0,481,17,保園翔,酒井一,,11,1:33.6,42.1,8-7-7-7,9,481,17
2022/04/28,浦和,9,５月１日はさいたま市民の日賞Ｃ２八 九,1400,ダ,左,良,晴,12,5,6,シークレットギア,牡,4,56.0,486,2,吉留孝,薮口一,,12,1:33.7,41.6,6-9-12-12,7,486,2
2022/04/28,浦和,10,夏初月特別Ｂ２一,1500,ダ,左,良,晴,11,6,6,コンセプト,牡,4,56.0,472,-6,本橋孝,小久智,,1,1:36.4,39.1,6-6-7-1,3,472,-6
2022/04/28,浦和,10,夏初月特別Ｂ２一,1500,ダ,左,良,晴,11,7,8,モンゲーハガネ,牡,4,56.0,489,3,和田譲,鈴木義,,2,1:36.7,38.9,8-9-9-5,5,489,3
2022/04/28,浦和,10,夏初月特別Ｂ２一,1500,ダ,左,良,晴,11,8,10,アルチレイロ,セ,0,56.0,478,6,山崎誠,山崎尋,,3,1:36.8,39.4,9-8-5-3,1,478,6
2022/04/28,浦和,10,夏初月特別Ｂ２一,1500,ダ,左,良,晴,11,8,11,グッドヘルスバイオ,牡,6,56.0,487,1,岡村健,新井清,,4,1:37.3,38.9,10-10-11-11,10,487,1
2022/04/28,浦和,10,夏初月特別Ｂ２一,1500,ダ,左,良,晴,11,6,7,リトルパイングッド,牡,5,56.0,506,1,真島大,内田勝,,5,1:37.3,40.3,5-5-3-4,4,506,1
2022/04/28,浦和,10,夏初月特別Ｂ２一,1500,ダ,左,良,晴,11,7,9,モエレコネクター,牡,6,56.0,513,3,藤本現,齊藤敏,,6,1:37.4,39.2,11-11-10-10,11,513,3
2022/04/28,浦和,10,夏初月特別Ｂ２一,1500,ダ,左,良,晴,11,1,1,ビヨンドボーダーズ,セ,0,56.0,478,8,山林信,林隆之,,7,1:37.4,40.4,4-4-6-8,6,478,8
2022/04/28,浦和,10,夏初月特別Ｂ２一,1500,ダ,左,良,晴,11,5,5,ブルーローズ,牝,6,50.0,445,-5,神尾香,野口孝,,8,1:37.5,40.7,3-3-1-2,8,445,-5
2022/04/28,浦和,10,夏初月特別Ｂ２一,1500,ダ,左,良,晴,11,4,4,ルーレットスピナー,牡,7,56.0,468,-2,本田重,山下之,,9,1:37.7,40.4,7-7-8-7,7,468,-2
2022/04/28,浦和,10,夏初月特別Ｂ２一,1500,ダ,左,良,晴,11,2,2,ルチルクォーツ,牝,4,54.0,485,10,福原杏,水野貴,,10,1:38.8,42.0,1-1-2-9,9,485,10
2022/04/28,浦和,10,夏初月特別Ｂ２一,1500,ダ,左,良,晴,11,3,3,サイダイゲンカイ,牡,4,56.0,535,5,左海誠,小久智,,11,1:38.9,42.0,2-2-4-6,2,535,5
2022/04/28,浦和,11,プリムローズ賞３上オープン,1400,ダ,左,良,晴,12,1,1,ティーズダンク,牡,5,57.0,517,6,和田譲,水野貴,,1,1:27.2,37.5,9-7-5-1,1,517,6
2022/04/28,浦和,11,プリムローズ賞３上オープン,1400,ダ,左,良,晴,12,8,11,ベストマッチョ,セ,0,57.0,490,-1,本田重,佐々仁,,2,1:27.6,38.6,3-3-2-2,2,490,-1
2022/04/28,浦和,11,プリムローズ賞３上オープン,1400,ダ,左,良,晴,12,5,6,ジョーパイロライト,牡,6,53.0,468,4,藤本現,小久智,,3,1:28.4,38.3,7-10-8-7,6,468,4
2022/04/28,浦和,11,プリムローズ賞３上オープン,1400,ダ,左,良,晴,12,3,3,グランドボヌール,牡,8,57.0,496,4,笹川翼,小久智,,4,1:28.4,38.5,10-8-7-6,4,496,4
2022/04/28,浦和,11,プリムローズ賞３上オープン,1400,ダ,左,良,晴,12,6,8,アドマイヤゴッド,牡,10,57.0,511,-5,川島正,川島一,,5,1:28.4,39.0,6-6-3-4,8,511,-5
2022/04/28,浦和,11,プリムローズ賞３上オープン,1400,ダ,左,良,晴,12,6,7,ウインプリンツ,牡,6,53.0,522,-2,吉留孝,平山真,,6,1:29.1,39.7,4-5-4-5,7,522,-2
2022/04/28,浦和,11,プリムローズ賞３上オープン,1400,ダ,左,良,晴,12,7,9,グッドラックサマー,牡,8,52.0,551,11,篠谷葵,川島豊,,7,1:29.8,37.5,12-12-12-11,10,551,11
2022/04/28,浦和,11,プリムローズ賞３上オープン,1400,ダ,左,良,晴,12,2,2,マイネルサーパス,牡,6,57.0,503,1,高橋哲,山越光,,8,1:30.0,39.3,11-11-10-8,11,503,1
2022/04/28,浦和,11,プリムローズ賞３上オープン,1400,ダ,左,良,晴,12,7,10,プレシャスエース,牡,9,57.0,527,5,左海誠,小久智,,9,1:30.1,41.5,1-1-1-3,3,527,5
2022/04/28,浦和,11,プリムローズ賞３上オープン,1400,ダ,左,良,晴,12,5,5,ブレークオンスルー,牡,8,53.0,522,0,國分祐,冨田敏,,10,1:30.9,40.4,8-9-11-10,12,522,0
2022/04/28,浦和,11,プリムローズ賞３上オープン,1400,ダ,左,良,晴,12,8,12,ホウヨウクリスタル,牡,4,53.0,516,14,山崎誠,藤原智,,11,1:32.8,43.6,1-2-6-9,5,516,14
2022/04/28,浦和,11,プリムローズ賞３上オープン,1400,ダ,左,良,晴,12,4,4,ウインオスカー,牡,9,57.0,542,15,秋元耕,柘榴浩,,12,1:34.5,44.9,5-4-9-12,9,542,15
2022/04/28,浦和,12,金魚草特別Ｃ１選抜馬,2000,ダ,左,良,晴,11,4,4,スウォードキング,牡,6,52.0,442,-11,小林捺,田島寿,,1,2:12.8,40.8,10-10-1-2,6,442,-11
2022/04/28,浦和,12,金魚草特別Ｃ１選抜馬,2000,ダ,左,良,晴,11,6,7,ジオパークマグマ,牡,4,56.0,464,5,寺島憂,川島豊,,2,2:12.9,40.8,6-5-3-1,2,464,5
2022/04/28,浦和,12,金魚草特別Ｃ１選抜馬,2000,ダ,左,良,晴,11,3,3,ウインベザント,牡,8,53.0,465,1,木間龍,新井清,,3,2:13.1,40.1,8-9-9-4,9,465,1
2022/04/28,浦和,12,金魚草特別Ｃ１選抜馬,2000,ダ,左,良,晴,11,5,5,コスモビートイット,牡,5,56.0,506,3,福原杏,川島豊,,4,2:13.2,40.9,9-8-6-3,4,506,3
2022/04/28,浦和,12,金魚草特別Ｃ１選抜馬,2000,ダ,左,良,晴,11,7,9,アンシミラー,牡,5,56.0,470,2,吉留孝,薮口一,,5,2:13.4,40.9,7-7-7-5,8,470,2
2022/04/28,浦和,12,金魚草特別Ｃ１選抜馬,2000,ダ,左,良,晴,11,6,6,レーベンレジェンダ,牡,5,53.0,514,-7,野畑凌,佐藤博,,6,2:13.7,41.0,3-6-8-8,7,514,-7
2022/04/28,浦和,12,金魚草特別Ｃ１選抜馬,2000,ダ,左,良,晴,11,8,10,メガフロート,牡,5,56.0,478,7,和田譲,宇野博,,7,2:14.0,42.1,5-3-4-6,3,478,7
2022/04/28,浦和,12,金魚草特別Ｃ１選抜馬,2000,ダ,左,良,晴,11,2,2,ローゼンリッター,牡,6,56.0,543,2,酒井忍,林隆之,,8,2:16.2,44.5,4-2-2-7,1,543,2
2022/04/28,浦和,12,金魚草特別Ｃ１選抜馬,2000,ダ,左,良,晴,11,7,8,シナノジャングル,牡,4,55.0,477,2,篠谷葵,岡田一,,9,2:16.9,45.2,1-1-5-9,5,477,2
2022/04/28,浦和,12,金魚草特別Ｃ１選抜馬,2000,ダ,左,良,晴,11,8,11,レインボーカラー,牝,4,54.0,517,8,内田利,藤原智,,10,2:19.7,46.9,2-4-10-10,10,517,8
2022/04/28,浦和,12,金魚草特別Ｃ１選抜馬,2000,ダ,左,良,晴,11,1,1,サンライズヴェリテ,牡,4,56.0,447,11,藤江渉,工藤伸,,,,,,,447,11
2022/04/29,浦和,1,３歳九選抜馬イ,1300,ダ,左,良,曇,9,3,3,キングブルズアイズ,牡,3,56.0,0,0,真島大,繁田健,,1,1:25.0,39.4,6-4-1-1,1,0,0
2022/04/29,浦和,1,３歳九選抜馬イ,1300,ダ,左,良,曇,9,6,6,キネトスコープ,牝,3,54.0,0,0,福原杏,海馬司,,2,1:25.7,39.6,3-5-4-3,4,0,0
2022/04/29,浦和,1,３歳九選抜馬イ,1300,ダ,左,良,曇,9,5,5,イデアグリーン,牝,3,53.0,437,-7,篠谷葵,岡田一,,3,1:26.2,40.7,2-2-2-2,3,437,-7
2022/04/29,浦和,1,３歳九選抜馬イ,1300,ダ,左,良,曇,9,7,7,ウノピュウウノ,牝,3,54.0,459,16,半澤慶,宇野博,,4,1:26.7,39.5,5-7-6-5,6,459,16
2022/04/29,浦和,1,３歳九選抜馬イ,1300,ダ,左,良,曇,9,1,1,サウンドウェリナ,牝,3,54.0,438,2,秋元耕,柘榴浩,,5,1:26.9,40.4,4-3-5-6,5,438,2
2022/04/29,浦和,1,３歳九選抜馬イ,1300,ダ,左,良,曇,9,4,4,セイエイセンヌ,牝,3,54.0,452,-13,赤津和,箕輪武,,6,1:27.0,39.5,8-8-8-8,7,452,-13
2022/04/29,浦和,1,３歳九選抜馬イ,1300,ダ,左,良,曇,9,2,2,クレールアヴニール,牝,3,54.0,455,9,和田譲,野口寛,,7,1:27.2,41.7,1-1-3-4,2,455,9
2022/04/29,浦和,1,３歳九選抜馬イ,1300,ダ,左,良,曇,9,8,8,マリンペガサス,牡,3,56.0,445,-7,見越彬,小林真,,8,1:27.8,40.8,7-6-7-7,8,445,-7
2022/04/29,浦和,1,３歳九選抜馬イ,1300,ダ,左,良,曇,9,8,9,ヤマジュンボク,セ,0,56.0,466,-2,高橋哲,宇野博,,9,1:30.1,42.1,9-9-9-9,9,466,-2
2022/04/29,浦和,2,３歳九選抜馬ア,1400,ダ,左,良,曇,11,1,1,ティーファイブ,牡,3,56.0,465,-8,左海誠,小久智,,1,1:31.7,40.6,1-1-1-1,1,465,-8
2022/04/29,浦和,2,３歳九選抜馬ア,1400,ダ,左,良,曇,11,4,4,トニーアイリス,牝,3,53.0,454,-3,池谷匠,田邊陽,,2,1:33.4,40.3,9-9-7-3,3,454,-3
2022/04/29,浦和,2,３歳九選抜馬ア,1400,ダ,左,良,曇,11,7,9,アッレプランタン,牝,3,53.0,456,-2,古岡勇,山崎裕,,3,1:33.9,41.6,6-6-3-4,7,456,-2
2022/04/29,浦和,2,３歳九選抜馬ア,1400,ダ,左,良,曇,11,7,8,マルノコウキ,牡,3,56.0,529,-2,見越彬,川村守,,4,1:34.2,42.8,2-2-2-2,2,529,-2
2022/04/29,浦和,2,３歳九選抜馬ア,1400,ダ,左,良,曇,11,3,3,ショウショウコ,牝,3,54.0,448,-7,山林信,安池成,,5,1:34.4,40.3,11-11-10-6,5,448,-7
2022/04/29,浦和,2,３歳九選抜馬ア,1400,ダ,左,良,曇,11,5,5,エドノプレミアム,牝,3,53.0,463,-8,篠谷葵,田邊陽,,6,1:34.5,42.1,7-7-4-5,4,463,-8
2022/04/29,浦和,2,３歳九選抜馬ア,1400,ダ,左,良,曇,11,2,2,クオーレ,牡,3,56.0,509,-1,藤江渉,平田正,,7,1:36.6,42.2,10-10-11-11,10,509,-1
2022/04/29,浦和,2,３歳九選抜馬ア,1400,ダ,左,良,曇,11,6,6,ミヤビダンシロー,牡,3,56.0,440,-14,櫻井光,林隆之,,8,1:37.1,44.5,5-5-9-9,11,440,-14
2022/04/29,浦和,2,３歳九選抜馬ア,1400,ダ,左,良,曇,11,8,11,グローリアスピリカ,牝,3,51.0,472,9,野畑凌,平田正,,9,1:37.7,46.2,3-3-4-8,6,472,9
2022/04/29,浦和,2,３歳九選抜馬ア,1400,ダ,左,良,曇,11,8,10,ズーパー,牡,3,56.0,416,-5,伊藤裕,平田正,,10,1:37.8,45.2,8-8-8-10,8,416,-5
2022/04/29,浦和,2,３歳九選抜馬ア,1400,ダ,左,良,曇,11,6,7,ターミロンサール,牝,3,54.0,467,-3,福原杏,小林真,,11,1:38.1,46.1,4-4-6-7,9,467,-3
2022/04/29,浦和,3,ランチタイムチャレンジＣ２十二 十三,1400,ダ,左,良,雨,11,8,11,ピーチキング,セ,0,56.0,434,-4,町田直,山下之,,1,1:30.9,40.1,9-9-4-1,1,434,-4
2022/04/29,浦和,3,ランチタイムチャレンジＣ２十二 十三,1400,ダ,左,良,雨,11,2,2,ツクバマリア,牝,5,54.0,462,-4,福原杏,平山真,,2,1:31.0,39.9,8-8-6-3,3,462,-4
2022/04/29,浦和,3,ランチタイムチャレンジＣ２十二 十三,1400,ダ,左,良,雨,11,1,1,フクノヴァランス,牡,7,56.0,472,3,加藤和,川島豊,,3,1:31.4,40.5,6-4-5-5,2,472,3
2022/04/29,浦和,3,ランチタイムチャレンジＣ２十二 十三,1400,ダ,左,良,雨,11,7,8,ワールドウィスラー,牡,5,56.0,460,2,高橋哲,吉田正,,4,1:32.1,40.8,10-10-10-6,9,460,2
2022/04/29,浦和,3,ランチタイムチャレンジＣ２十二 十三,1400,ダ,左,良,雨,11,3,3,サムシングクール,牝,7,53.0,456,-6,篠谷葵,田邊陽,,5,1:32.8,42.3,1-1-1-2,5,456,-6
2022/04/29,浦和,3,ランチタイムチャレンジＣ２十二 十三,1400,ダ,左,良,雨,11,8,10,エリートバイオ,牡,5,56.0,476,-4,田中涼,山崎尋,,6,1:32.9,42.0,7-7-9-9,7,476,-4
2022/04/29,浦和,3,ランチタイムチャレンジＣ２十二 十三,1400,ダ,左,良,雨,11,5,5,ラーズグリーズ,セ,0,56.0,454,1,森泰斗,工藤伸,,7,1:33.1,42.2,4-5-8-8,6,454,1
2022/04/29,浦和,3,ランチタイムチャレンジＣ２十二 十三,1400,ダ,左,良,雨,11,6,6,ディアサンダー,牝,7,54.0,478,0,櫻井光,久保勇,,8,1:33.1,42.6,2-2-2-4,4,478,0
2022/04/29,浦和,3,ランチタイムチャレンジＣ２十二 十三,1400,ダ,左,良,雨,11,4,4,セラフィム,牝,9,54.0,451,-1,橋本直,海馬司,,9,1:33.8,41.5,11-11-11-11,10,451,-1
2022/04/29,浦和,3,ランチタイムチャレンジＣ２十二 十三,1400,ダ,左,良,雨,11,7,9,ベニノエンゼル,牝,5,54.0,446,11,保園翔,山越光,,10,1:33.9,43.4,3-3-3-7,11,446,11
2022/04/29,浦和,3,ランチタイムチャレンジＣ２十二 十三,1400,ダ,左,良,雨,11,6,7,ジュンケンジー,セ,0,53.0,470,7,野畑凌,平田正,,11,1:34.0,43.1,5-5-7-10,8,470,7
2022/04/29,浦和,4,Ｃ２十二 十三,1400,ダ,左,良,雨,9,6,6,ゼロカラ,牝,6,54.0,496,1,森泰斗,高月賢,,1,1:31.1,38.9,4-4-3-1,1,496,1
2022/04/29,浦和,4,Ｃ２十二 十三,1400,ダ,左,良,雨,9,7,7,ヒゲクレイジー,セ,0,56.0,467,0,石崎駿,酒井一,,2,1:31.5,39.1,9-6-5-3,2,467,0
2022/04/29,浦和,4,Ｃ２十二 十三,1400,ダ,左,良,雨,9,8,9,ミメウルワシ,牝,7,53.0,458,6,篠谷葵,山越光,,3,1:31.9,40.0,1-1-1-2,5,458,6
2022/04/29,浦和,4,Ｃ２十二 十三,1400,ダ,左,良,雨,9,8,8,ミッシーコルザ,牝,5,54.0,435,-6,藤江渉,村田順,,4,1:32.5,40.6,2-2-2-6,8,435,-6
2022/04/29,浦和,4,Ｃ２十二 十三,1400,ダ,左,良,雨,9,3,3,カントナ,牝,5,50.0,409,6,小林捺,宇野博,,5,1:32.6,40.2,5-5-6-7,4,409,6
2022/04/29,浦和,4,Ｃ２十二 十三,1400,ダ,左,良,雨,9,4,4,トロワフィーユ,牝,5,54.0,457,9,和田譲,野口寛,,6,1:32.7,40.0,8-9-8-5,3,457,9
2022/04/29,浦和,4,Ｃ２十二 十三,1400,ダ,左,良,雨,9,1,1,アイファーオレンジ,牝,5,54.0,442,1,臼井健,佐々功,,7,1:32.7,40.5,3-3-4-4,9,442,1
2022/04/29,浦和,4,Ｃ２十二 十三,1400,ダ,左,良,雨,9,5,5,メイショウハヤナリ,牡,6,56.0,494,4,見越彬,藤原智,,8,1:33.2,40.7,6-6-9-8,7,494,4
2022/04/29,浦和,4,Ｃ２十二 十三,1400,ダ,左,良,雨,9,2,2,ジョートラジャ,牡,6,53.0,565,-14,及川烈,小久智,,9,1:34.1,41.4,7-8-7-9,6,565,-14
2022/04/29,浦和,5,特選Ｃ３一 二,1400,ダ,左,稍重,雨,12,7,10,ボビン,牝,6,54.0,445,5,保園翔,内野健,,1,1:31.3,39.8,6-6-5-6,4,445,5
2022/04/29,浦和,5,特選Ｃ３一 二,1400,ダ,左,稍重,雨,12,6,8,ネオマティリアル,牡,5,56.0,486,7,秋元耕,小澤宏,,2,1:31.3,39.5,9-7-7-7,8,486,7
2022/04/29,浦和,5,特選Ｃ３一 二,1400,ダ,左,稍重,雨,12,6,7,パーキー,牝,7,51.0,468,11,新原周,林隆之,,3,1:31.4,40.1,2-2-1-1,1,468,11
2022/04/29,浦和,5,特選Ｃ３一 二,1400,ダ,左,稍重,雨,12,8,11,ローズオブセイコー,牝,5,54.0,433,4,福原杏,柘榴浩,,4,1:31.7,40.4,3-3-3-4,6,433,4
2022/04/29,浦和,5,特選Ｃ３一 二,1400,ダ,左,稍重,雨,12,1,1,リュウノレイリー,牡,5,56.0,451,2,藤本現,齊藤敏,,5,1:31.8,39.5,12-10-8-8,11,451,2
2022/04/29,浦和,5,特選Ｃ３一 二,1400,ダ,左,稍重,雨,12,7,9,マコトテラメエリタ,牡,8,56.0,490,0,笹川翼,池田孝,,6,1:31.8,40.2,4-4-6-5,2,490,0
2022/04/29,浦和,5,特選Ｃ３一 二,1400,ダ,左,稍重,雨,12,2,2,キイエクスプロード,牝,5,53.0,435,2,篠谷葵,山越光,,7,1:31.9,39.2,11-11-9-9,9,435,2
2022/04/29,浦和,5,特選Ｃ３一 二,1400,ダ,左,稍重,雨,12,8,12,エイシンキンバリー,牝,4,54.0,426,8,矢野貴,小久智,,8,1:32.1,40.8,4-5-4-3,3,426,8
2022/04/29,浦和,5,特選Ｃ３一 二,1400,ダ,左,稍重,雨,12,4,4,ラヴアンドヨウコ,牝,5,50.0,412,1,小林捺,山崎尋,,9,1:32.1,40.8,1-1-1-2,5,412,1
2022/04/29,浦和,5,特選Ｃ３一 二,1400,ダ,左,稍重,雨,12,5,6,マウコウカミ,牝,4,51.0,473,11,及川烈,藤原智,,10,1:32.3,39.6,8-9-10-10,10,473,11
2022/04/29,浦和,5,特選Ｃ３一 二,1400,ダ,左,稍重,雨,12,3,3,ゴールドアクセル,牡,4,56.0,519,3,高橋哲,鹿沼和,,11,1:34.4,41.3,10-12-12-12,7,519,3
2022/04/29,浦和,5,特選Ｃ３一 二,1400,ダ,左,稍重,雨,12,5,5,セイウンブイワン,牡,4,56.0,442,11,國分祐,冨田敏,,12,1:34.8,42.3,7-8-11-11,12,442,11
2022/04/29,浦和,6,特選Ｃ３一 二,1500,ダ,左,稍重,雨,12,8,11,コウユーヤマト,牡,7,56.0,0,0,森泰斗,栗林信,,1,1:38.3,40.2,7-7-5-4,2,0,0
2022/04/29,浦和,6,特選Ｃ３一 二,1500,ダ,左,稍重,雨,12,3,3,ロイクラトン,セ,0,56.0,476,2,増田充,村田六,,2,1:38.5,40.8,9-6-3-3,6,476,2
2022/04/29,浦和,6,特選Ｃ３一 二,1500,ダ,左,稍重,雨,12,6,8,サマーボーイ,牡,7,56.0,505,1,和田譲,小久智,,3,1:38.8,41.5,5-3-2-1,1,505,1
2022/04/29,浦和,6,特選Ｃ３一 二,1500,ダ,左,稍重,雨,12,7,9,シャイニングパール,牝,4,54.0,442,5,矢野貴,工藤伸,,4,1:38.9,39.6,11-12-11-8,3,442,5
2022/04/29,浦和,6,特選Ｃ３一 二,1500,ダ,左,稍重,雨,12,7,10,ワンダーニメンソウ,牝,4,54.0,481,3,橋本直,鈴木勝,,5,1:38.9,41.6,2-2-1-2,7,481,3
2022/04/29,浦和,6,特選Ｃ３一 二,1500,ダ,左,稍重,雨,12,1,1,サンライズテソロ,牡,4,52.0,444,8,神尾香,川島豊,,6,1:38.9,40.0,12-10-9-5,8,444,8
2022/04/29,浦和,6,特選Ｃ３一 二,1500,ダ,左,稍重,雨,12,2,2,ミライヘノサイン,牝,9,54.0,458,1,岡田大,冨田敏,,7,1:40.5,42.1,8-9-7-6,11,458,1
2022/04/29,浦和,6,特選Ｃ３一 二,1500,ダ,左,稍重,雨,12,5,6,マリアフィナーレ,牝,5,54.0,454,5,見越彬,小林真,,8,1:40.7,42.5,6-8-6-9,10,454,5
2022/04/29,浦和,6,特選Ｃ３一 二,1500,ダ,左,稍重,雨,12,5,5,バナナムーン,牝,4,54.0,464,4,高橋哲,牛房榮,,9,1:40.8,42.5,3-5-10-10,4,464,4
2022/04/29,浦和,6,特選Ｃ３一 二,1500,ダ,左,稍重,雨,12,4,4,エイシンキーゼル,牡,4,56.0,448,1,半澤慶,宇野博,,10,1:42.3,45.0,1-1-4-7,9,448,1
2022/04/29,浦和,6,特選Ｃ３一 二,1500,ダ,左,稍重,雨,12,8,12,ナヴァーレ,牡,4,56.0,442,10,保園翔,酒井一,,11,1:43.8,44.0,10-11-12-12,12,442,10
2022/04/29,浦和,6,特選Ｃ３一 二,1500,ダ,左,稍重,雨,12,6,7,ルフトバローン,牝,4,54.0,466,8,吉留孝,薮口一,,12,1:44.0,45.9,4-4-8-11,5,466,8
2022/04/29,浦和,7,Ｃ２十 十一,1500,ダ,左,稍重,雨,12,7,9,アーバンブラック,牡,7,56.0,466,3,笹川翼,平山真,,1,1:36.9,38.6,3-3-2-2,2,466,3
2022/04/29,浦和,7,Ｃ２十 十一,1500,ダ,左,稍重,雨,12,4,4,サンビンガムトン,牡,6,56.0,509,3,山崎誠,甲田悟,,2,1:37.0,38.1,9-9-4-3,1,509,3
2022/04/29,浦和,7,Ｃ２十 十一,1500,ダ,左,稍重,雨,12,5,5,ドミナドール,セ,0,56.0,497,-2,岡村健,新井清,,3,1:37.9,39.9,1-1-1-1,3,497,-2
2022/04/29,浦和,7,Ｃ２十 十一,1500,ダ,左,稍重,雨,12,8,11,ゴールドバード,牡,8,56.0,495,6,藤江渉,野口孝,,4,1:38.6,37.8,11-12-12-12,7,495,6
2022/04/29,浦和,7,Ｃ２十 十一,1500,ダ,左,稍重,雨,12,1,1,サクラトップパレス,牝,4,54.0,418,0,酒井忍,鹿沼和,,5,1:38.7,37.9,12-11-11-10,6,418,0
2022/04/29,浦和,7,Ｃ２十 十一,1500,ダ,左,稍重,雨,12,7,10,サニースポット,牝,4,54.0,445,5,見越彬,工藤伸,,6,1:38.7,39.6,5-6-6-7,10,445,5
2022/04/29,浦和,7,Ｃ２十 十一,1500,ダ,左,稍重,雨,12,5,6,サンハンツビル,牝,6,54.0,470,6,保園翔,川村守,,7,1:38.8,40.1,5-4-5-4,9,470,6
2022/04/29,浦和,7,Ｃ２十 十一,1500,ダ,左,稍重,雨,12,6,7,ハッピークラッカー,牝,6,54.0,502,4,本田重,佐々仁,,8,1:38.8,38.8,10-10-8-6,4,502,4
2022/04/29,浦和,7,Ｃ２十 十一,1500,ダ,左,稍重,雨,12,8,12,ベリリウンヌ,牝,4,51.0,428,1,及川烈,海馬司,,9,1:39.5,40.4,4-5-6-8,8,428,1
2022/04/29,浦和,7,Ｃ２十 十一,1500,ダ,左,稍重,雨,12,3,3,ニシノキスミー,牝,8,53.0,474,4,古岡勇,小澤宏,,10,1:39.6,40.0,8-8-9-9,11,474,4
2022/04/29,浦和,7,Ｃ２十 十一,1500,ダ,左,稍重,雨,12,6,8,ミトノマジック,牝,6,54.0,436,-4,和田譲,鈴木義,,11,1:40.0,41.8,2-2-3-5,5,436,-4
2022/04/29,浦和,7,Ｃ２十 十一,1500,ダ,左,稍重,雨,12,2,2,アイマックス,牡,6,56.0,450,4,赤津和,岡田一,,12,1:40.3,40.7,7-7-9-11,12,450,4
2022/04/29,浦和,8,Ｃ２十 十一,1400,ダ,左,稍重,雨,11,1,1,ケイツーポンド,牡,5,55.0,475,6,古岡勇,加藤誠,,1,1:30.4,38.9,4-3-4-3,1,475,6
2022/04/29,浦和,8,Ｃ２十 十一,1400,ダ,左,稍重,雨,11,3,3,エレガンスヘイロー,牝,7,54.0,472,-8,和田譲,柘榴浩,,2,1:30.6,39.4,2-2-1-1,3,472,-8
2022/04/29,浦和,8,Ｃ２十 十一,1400,ダ,左,稍重,雨,11,5,5,ジョウハリ,牡,5,56.0,452,-2,藤江渉,久保秀,,3,1:30.8,39.2,7-5-3-4,2,452,-2
2022/04/29,浦和,8,Ｃ２十 十一,1400,ダ,左,稍重,雨,11,2,2,カモンベイビー,牡,5,56.0,481,1,岡村裕,山田正,,4,1:31.0,39.9,1-1-2-1,9,481,1
2022/04/29,浦和,8,Ｃ２十 十一,1400,ダ,左,稍重,雨,11,7,9,トゥンバドーラ,牝,7,54.0,468,-6,森泰斗,甲田悟,,5,1:31.1,39.0,8-9-5-6,4,468,-6
2022/04/29,浦和,8,Ｃ２十 十一,1400,ダ,左,稍重,雨,11,4,4,メイショウイヤサカ,牝,6,51.0,449,9,及川烈,海馬司,,6,1:31.2,39.4,3-4-5-7,7,449,9
2022/04/29,浦和,8,Ｃ２十 十一,1400,ダ,左,稍重,雨,11,8,11,ブルーティアーズ,牝,5,54.0,509,6,福原杏,山越光,,7,1:31.3,39.1,9-8-8-5,5,509,6
2022/04/29,浦和,8,Ｃ２十 十一,1400,ダ,左,稍重,雨,11,7,8,エスプリブルース,牡,7,53.0,523,4,野畑凌,久保秀,,8,1:31.4,39.2,5-6-7-9,6,523,4
2022/04/29,浦和,8,Ｃ２十 十一,1400,ダ,左,稍重,雨,11,6,7,スノートレイン,牡,5,56.0,444,2,笹川翼,小澤宏,,9,1:31.4,39.0,10-11-9-8,10,444,2
2022/04/29,浦和,8,Ｃ２十 十一,1400,ダ,左,稍重,雨,11,8,10,ブルラッシュ,牡,5,56.0,502,1,高橋哲,酒井一,,10,1:32.2,40.0,6-7-10-11,8,502,1
2022/04/29,浦和,8,Ｃ２十 十一,1400,ダ,左,稍重,雨,11,6,6,ナヴラトリ,牝,9,54.0,482,5,半澤慶,川村守,,11,1:33.0,40.4,11-10-11-10,11,482,5
2022/04/29,浦和,9,春暖特別Ｃ１一,1400,ダ,左,重,雨,12,6,7,ケンブリッジイーサ,牡,7,56.0,487,4,本田重,新井清,,1,1:29.2,39.9,2-1-1-1,1,487,4
2022/04/29,浦和,9,春暖特別Ｃ１一,1400,ダ,左,重,雨,12,2,2,ケリービーラッシュ,牝,5,54.0,441,-1,本橋孝,矢野義,,2,1:29.2,38.3,9-9-8-7,2,441,-1
2022/04/29,浦和,9,春暖特別Ｃ１一,1400,ダ,左,重,雨,12,7,10,オーケーパッション,牝,4,54.0,491,12,左海誠,小久智,,3,1:29.2,39.6,4-4-4-3,5,491,12
2022/04/29,浦和,9,春暖特別Ｃ１一,1400,ダ,左,重,雨,12,5,6,ワンダークラドート,牡,5,56.0,480,2,橋本直,鈴木勝,,4,1:29.5,39.5,7-6-6-5,6,480,2
2022/04/29,浦和,9,春暖特別Ｃ１一,1400,ダ,左,重,雨,12,1,1,ノースリュシオル,牝,4,54.0,446,1,笹川翼,長谷忍,,5,1:29.7,39.7,5-5-5-3,8,446,1
2022/04/29,浦和,9,春暖特別Ｃ１一,1400,ダ,左,重,雨,12,8,11,ゼヒニオヨバズ,セ,0,55.0,522,4,池谷匠,今井輝,,6,1:30.0,40.5,3-3-2-2,4,522,4
2022/04/29,浦和,9,春暖特別Ｃ１一,1400,ダ,左,重,雨,12,4,4,トレサイーユ,牝,4,54.0,448,0,森泰斗,柘榴浩,,7,1:30.0,39.5,6-7-7-8,3,448,0
2022/04/29,浦和,9,春暖特別Ｃ１一,1400,ダ,左,重,雨,12,5,5,アイエンジェル,牝,5,53.0,502,10,篠谷葵,岡田一,,8,1:30.3,39.3,11-10-10-11,12,502,10
2022/04/29,浦和,9,春暖特別Ｃ１一,1400,ダ,左,重,雨,12,6,8,キラキラオーラ,牝,7,54.0,456,0,岡田大,薮口一,,9,1:30.5,41.1,1-2-3-6,11,456,0
2022/04/29,浦和,9,春暖特別Ｃ１一,1400,ダ,左,重,雨,12,8,12,アールブリッツ,牡,5,56.0,528,-13,福原杏,水野貴,,10,1:30.6,39.8,8-8-9-9,7,528,-13
2022/04/29,浦和,9,春暖特別Ｃ１一,1400,ダ,左,重,雨,12,3,3,ハイプリーステス,牝,4,54.0,442,5,高橋哲,牛房榮,,11,1:31.1,39.9,10-11-11-10,10,442,5
2022/04/29,浦和,9,春暖特別Ｃ１一,1400,ダ,左,重,雨,12,7,9,レキオノユメ,牡,4,56.0,494,6,和田譲,宇野博,,12,1:32.0,39.6,12-12-12-12,9,494,6
2022/04/29,浦和,10,昭和の日特別Ｂ３三,1500,ダ,左,重,雨,12,5,5,ブラックネロ,牡,4,55.0,447,-1,古岡勇,岩本洋,,1,1:35.6,38.1,12-11-7-5,5,447,-1
2022/04/29,浦和,10,昭和の日特別Ｂ３三,1500,ダ,左,重,雨,12,7,9,キングバーグ,牡,5,56.0,498,10,和田譲,宇野博,,2,1:35.7,38.3,8-8-6-3,2,498,10
2022/04/29,浦和,10,昭和の日特別Ｂ３三,1500,ダ,左,重,雨,12,6,7,ヒデノペリドット,牡,4,56.0,492,4,秋元耕,岡田一,,3,1:35.7,39.9,4-4-1-1,3,492,4
2022/04/29,浦和,10,昭和の日特別Ｂ３三,1500,ダ,左,重,雨,12,5,6,ライジングサミット,牡,4,56.0,469,-2,藤江渉,田島寿,,4,1:36.6,39.6,7-7-5-4,8,469,-2
2022/04/29,浦和,10,昭和の日特別Ｂ３三,1500,ダ,左,重,雨,12,3,3,グーガルドリームズ,セ,0,56.0,484,-4,森泰斗,水野貴,,5,1:37.1,38.8,11-12-12-7,6,484,-4
2022/04/29,浦和,10,昭和の日特別Ｂ３三,1500,ダ,左,重,雨,12,6,8,キャプチュード,牡,7,56.0,501,-3,橋本直,鹿沼和,,6,1:37.1,39.3,10-10-11-11,10,501,-3
2022/04/29,浦和,10,昭和の日特別Ｂ３三,1500,ダ,左,重,雨,12,7,10,ジョーマキアート,牝,7,54.0,505,1,本橋孝,小久智,,7,1:37.6,41.9,3-1-2-2,1,505,1
2022/04/29,浦和,10,昭和の日特別Ｂ３三,1500,ダ,左,重,雨,12,8,12,メイストーム,牡,4,56.0,508,11,福原杏,水野貴,,8,1:38.0,40.4,9-9-9-8,7,508,11
2022/04/29,浦和,10,昭和の日特別Ｂ３三,1500,ダ,左,重,雨,12,4,4,エレガントヴォイス,牝,5,51.0,492,1,野畑凌,佐藤博,,9,1:38.3,41.1,5-5-10-10,11,492,1
2022/04/29,浦和,10,昭和の日特別Ｂ３三,1500,ダ,左,重,雨,12,2,2,ピュアファンタジー,牝,5,54.0,482,8,岡村健,小澤宏,,10,1:38.7,42.7,1-3-4-6,12,482,8
2022/04/29,浦和,10,昭和の日特別Ｂ３三,1500,ダ,左,重,雨,12,8,11,ガマン,牡,5,56.0,471,5,町田直,水野貴,,11,1:38.8,41.8,6-6-8-12,9,471,5
2022/04/29,浦和,10,昭和の日特別Ｂ３三,1500,ダ,左,重,雨,12,1,1,ノートゥルレーヴ,牝,7,54.0,499,9,笹川翼,内田勝,,12,1:42.5,46.7,2-2-3-9,4,499,9
2022/04/29,浦和,11,緑風特別Ｂ２二Ｂ３一,1400,ダ,左,重,雨,12,8,11,ワークアンドビート,牝,5,53.0,501,7,森泰斗,小久智,,1,1:27.1,37.0,1-1-1-1,4,501,7
2022/04/29,浦和,11,緑風特別Ｂ２二Ｂ３一,1400,ダ,左,重,雨,12,5,6,リコーシンザン,牡,4,55.0,488,2,本橋孝,久保秀,,2,1:27.2,36.6,4-4-4-2,1,488,2
2022/04/29,浦和,11,緑風特別Ｂ２二Ｂ３一,1400,ダ,左,重,雨,12,7,9,コウユーモテモテ,牝,5,53.0,528,2,町田直,宇野博,,3,1:27.8,37.4,2-2-2-3,2,528,2
2022/04/29,浦和,11,緑風特別Ｂ２二Ｂ３一,1400,ダ,左,重,雨,12,7,10,レッドアーチャー,牡,4,55.0,485,0,山崎誠,高月賢,,4,1:28.2,37.6,5-5-3-4,5,485,0
2022/04/29,浦和,11,緑風特別Ｂ２二Ｂ３一,1400,ダ,左,重,雨,12,2,2,イデアイホマジョル,セ,0,54.0,452,7,篠谷葵,岡田一,,5,1:28.2,37.2,7-6-7-5,6,452,7
2022/04/29,浦和,11,緑風特別Ｂ２二Ｂ３一,1400,ダ,左,重,雨,12,5,5,ハニーコーン,牡,8,57.0,483,7,加藤和,長谷忍,,6,1:28.6,37.4,8-9-9-8,8,483,7
2022/04/29,浦和,11,緑風特別Ｂ２二Ｂ３一,1400,ダ,左,重,雨,12,6,8,ツクバキセキ,牡,9,57.0,431,-4,和田譲,矢内博,,7,1:28.7,37.9,9-8-6-6,9,431,-4
2022/04/29,浦和,11,緑風特別Ｂ２二Ｂ３一,1400,ダ,左,重,雨,12,1,1,トーセンマッシモ,牡,4,55.0,500,9,左海誠,小久智,,8,1:29.6,37.8,10-10-10-10,7,500,9
2022/04/29,浦和,11,緑風特別Ｂ２二Ｂ３一,1400,ダ,左,重,雨,12,4,4,バルコラベーロ,牡,8,51.0,479,-10,神尾香,山田正,,9,1:29.7,37.9,12-11-11-11,12,479,-10
2022/04/29,浦和,11,緑風特別Ｂ２二Ｂ３一,1400,ダ,左,重,雨,12,6,7,アンタンスルフレ,セ,0,55.0,450,5,笹川翼,小澤宏,,10,1:29.9,39.1,6-7-8-9,3,450,5
2022/04/29,浦和,11,緑風特別Ｂ２二Ｂ３一,1400,ダ,左,重,雨,12,8,12,テンエイアース,牡,9,55.0,449,0,今野忠,林隆之,,11,1:30.0,39.4,3-3-5-7,11,449,0
2022/04/29,浦和,11,緑風特別Ｂ２二Ｂ３一,1400,ダ,左,重,雨,12,3,3,サトノゴールド,セ,0,55.0,473,1,秋元耕,小林真,,12,1:32.1,39.7,11-12-12-12,10,473,1
2022/04/29,浦和,12,オオムラサキツツジ特別Ｃ３選抜馬,2000,ダ,左,重,雨,12,8,11,アイスバーグアリー,牝,6,54.0,439,3,岡村健,平山真,,1,2:13.1,40.6,5-5-4-2,6,439,3
2022/04/29,浦和,12,オオムラサキツツジ特別Ｃ３選抜馬,2000,ダ,左,重,雨,12,4,4,マッシロ,牝,6,51.0,424,-8,新原周,林隆之,,2,2:13.1,40.9,2-1-1-1,1,424,-8
2022/04/29,浦和,12,オオムラサキツツジ特別Ｃ３選抜馬,2000,ダ,左,重,雨,12,3,3,デンコウメジャー,牡,7,56.0,477,-3,吉留孝,平山真,,3,2:14.0,40.4,10-10-7-5,4,477,-3
2022/04/29,浦和,12,オオムラサキツツジ特別Ｃ３選抜馬,2000,ダ,左,重,雨,12,6,8,タイムファクター,牡,6,56.0,486,7,山崎誠,山田質,,4,2:14.2,41.0,8-7-5-3,2,486,7
2022/04/29,浦和,12,オオムラサキツツジ特別Ｃ３選抜馬,2000,ダ,左,重,雨,12,5,5,ラッキーアモン,牡,6,56.0,510,-1,秋元耕,柘榴浩,,5,2:14.6,41.6,6-4-6-6,3,510,-1
2022/04/29,浦和,12,オオムラサキツツジ特別Ｃ３選抜馬,2000,ダ,左,重,雨,12,1,1,アニマフレスカ,牝,5,54.0,456,-2,藤江渉,酒井一,,6,2:15.8,43.5,1-2-3-4,5,456,-2
2022/04/29,浦和,12,オオムラサキツツジ特別Ｃ３選抜馬,2000,ダ,左,重,雨,12,8,12,スパークルガール,牝,6,54.0,419,-1,内田利,長谷忍,,7,2:16.2,41.6,12-12-11-11,10,419,-1
2022/04/29,浦和,12,オオムラサキツツジ特別Ｃ３選抜馬,2000,ダ,左,重,雨,12,5,6,サワセンミラクル,牡,5,56.0,449,2,橋本直,酒井一,,8,2:16.2,43.0,3-6-8-8,9,449,2
2022/04/29,浦和,12,オオムラサキツツジ特別Ｃ３選抜馬,2000,ダ,左,重,雨,12,7,10,ドラグ,牝,4,53.0,420,1,仲原大,牛房榮,,9,2:16.5,42.7,9-9-9-9,8,420,1
2022/04/29,浦和,12,オオムラサキツツジ特別Ｃ３選抜馬,2000,ダ,左,重,雨,12,6,7,アールレアル,セ,0,56.0,452,0,福原杏,小澤宏,,10,2:17.5,43.8,7-8-10-10,12,452,0
2022/04/29,浦和,12,オオムラサキツツジ特別Ｃ３選抜馬,2000,ダ,左,重,雨,12,7,9,ジュントップゴール,牡,8,56.0,521,4,酒井忍,薮口一,,11,2:18.4,46.1,4-3-2-7,7,521,4
2022/04/29,浦和,12,オオムラサキツツジ特別Ｃ３選抜馬,2000,ダ,左,重,雨,12,2,2,イズミシンホニー,牝,8,54.0,444,1,見越彬,冨田敏,,12,2:18.6,44.4,11-11-12-12,11,444,1
2022/05/30,浦和,1,ドリームチャレンジ２歳新馬ウ,800,ダ,左,良,晴,7,6,6,ティフィンタイガー,牡,2,54.0,0,0,秋元耕,酒井一,,1,0:49.5,36.5,1-1,7,0,0
2022/05/30,浦和,1,ドリームチャレンジ２歳新馬ウ,800,ダ,左,良,晴,7,5,5,エルジーニョ,牡,2,54.0,0,0,矢野貴,小久智,,2,0:49.6,36.4,3-4,2,0,0
2022/05/30,浦和,1,ドリームチャレンジ２歳新馬ウ,800,ダ,左,良,晴,7,2,2,エマーブルクラス,牝,2,54.0,0,0,森泰斗,薮口一,,3,0:49.9,36.1,5-3,3,0,0
2022/05/30,浦和,1,ドリームチャレンジ２歳新馬ウ,800,ダ,左,良,晴,7,1,1,ワールドバトル,牡,2,54.0,0,0,保園翔,繁田健,,4,0:50.2,36.6,4-5,1,0,0
2022/05/30,浦和,1,ドリームチャレンジ２歳新馬ウ,800,ダ,左,良,晴,7,4,4,ダプネマリン,牝,2,54.0,0,0,橋本直,牛房榮,,5,0:50.4,36.2,7-6,5,0,0
2022/05/30,浦和,1,ドリームチャレンジ２歳新馬ウ,800,ダ,左,良,晴,7,7,7,スターハッスル,牡,2,54.0,0,0,福原杏,小澤宏,,6,0:51.4,38.4,2-2,4,0,0
2022/05/30,浦和,1,ドリームチャレンジ２歳新馬ウ,800,ダ,左,良,晴,7,3,3,シェナカレン,牡,2,54.0,0,0,吉留孝,山越光,,7,0:51.5,37.7,6-7,6,0,0
2022/05/30,浦和,2,ドリームチャレンジ２歳新馬イ,800,ダ,左,良,晴,7,7,7,ヒーローコール,牡,2,54.0,0,0,左海誠,小久智,,1,0:48.1,35.5,3-3,1,0,0
2022/05/30,浦和,2,ドリームチャレンジ２歳新馬イ,800,ダ,左,良,晴,7,3,3,ニッショウミライ,牝,2,54.0,0,0,寺島憂,酒井一,,2,0:48.4,36.4,1-1,4,0,0
2022/05/30,浦和,2,ドリームチャレンジ２歳新馬イ,800,ダ,左,良,晴,7,5,5,キョウエイカリーナ,牝,2,54.0,0,0,秋元耕,小澤宏,,3,0:48.4,36.2,2-2,5,0,0
2022/05/30,浦和,2,ドリームチャレンジ２歳新馬イ,800,ダ,左,良,晴,7,4,4,リチアブーケ,牝,2,54.0,0,0,笹川翼,藤原智,,4,0:49.4,36.3,6-6,3,0,0
2022/05/30,浦和,2,ドリームチャレンジ２歳新馬イ,800,ダ,左,良,晴,7,6,6,ナッツナナーヤ,牡,2,54.0,0,0,半澤慶,工藤伸,,5,0:49.6,36.7,5-5,7,0,0
2022/05/30,浦和,2,ドリームチャレンジ２歳新馬イ,800,ダ,左,良,晴,7,2,2,フェアリーパワポケ,牝,2,54.0,0,0,森泰斗,水野貴,,6,0:49.8,37.2,4-4,2,0,0
2022/05/30,浦和,2,ドリームチャレンジ２歳新馬イ,800,ダ,左,良,晴,7,1,1,シェナアメリ,牡,2,54.0,0,0,見越彬,柘榴浩,,7,0:52.9,38.6,7-7,6,0,0
2022/05/30,浦和,3,３歳三,1400,ダ,左,良,晴,12,8,11,エミーズミツオー,牡,3,56.0,441,-5,篠谷葵,佐藤太,,1,1:30.8,38.0,6-5-4-1,4,441,-5
2022/05/30,浦和,3,３歳三,1400,ダ,左,良,晴,12,8,12,トモノエリザベス,牝,3,54.0,443,-1,藤本現,酒井一,,2,1:30.9,38.3,2-2-2-2,11,443,-1
2022/05/30,浦和,3,３歳三,1400,ダ,左,良,晴,12,7,10,ヒトマル,牡,3,56.0,501,-3,笠野雄,山中尊,,3,1:31.0,38.2,3-3-3-3,5,501,-3
2022/05/30,浦和,3,３歳三,1400,ダ,左,良,晴,12,7,9,サマーデライト,牝,3,54.0,425,4,高橋哲,牛房榮,,4,1:32.2,39.7,1-1-1-4,7,425,4
2022/05/30,浦和,3,３歳三,1400,ダ,左,良,晴,12,1,1,ラムリケティ,牝,3,51.0,363,-5,室陽一,酒井一,,5,1:32.3,39.0,4-4-7-6,6,363,-5
2022/05/30,浦和,3,３歳三,1400,ダ,左,良,晴,12,3,3,ヒカリガサスホウヘ,牝,3,54.0,442,-11,町田直,酒井一,,6,1:32.5,38.5,11-11-8-5,2,442,-11
2022/05/30,浦和,3,３歳三,1400,ダ,左,良,晴,12,5,6,リンクスシュウ,牡,3,56.0,439,-4,張田昂,渡邊貴,,7,1:32.6,38.5,7-10-10-8,8,439,-4
2022/05/30,浦和,3,３歳三,1400,ダ,左,良,晴,12,4,4,インカローズムスメ,牝,3,54.0,390,-24,吉留孝,山越光,,8,1:33.5,39.1,12-12-12-9,10,390,-24
2022/05/30,浦和,3,３歳三,1400,ダ,左,良,晴,12,6,8,スマイルヌイロア,牝,3,54.0,424,3,福原杏,宇野博,,9,1:33.5,39.7,5-8-9-11,12,424,3
2022/05/30,浦和,3,３歳三,1400,ダ,左,良,晴,12,5,5,ファンキーブルース,セ,0,56.0,408,-10,森泰斗,水野貴,,10,1:33.5,40.0,10-9-6-7,1,408,-10
2022/05/30,浦和,3,３歳三,1400,ダ,左,良,晴,12,2,2,シナノラニオー,牡,3,56.0,465,4,中越琉,佐藤博,,11,1:33.7,39.9,8-7-11-12,3,465,4
2022/05/30,浦和,3,３歳三,1400,ダ,左,良,晴,12,6,7,ミラクルジャスミン,牝,3,54.0,449,2,和田譲,坂本昇,,12,1:34.8,41.8,9-6-5-10,9,449,2
2022/05/30,浦和,4,３歳二,1400,ダ,左,良,晴,12,3,3,ツーシャドー,牝,3,54.0,494,24,森泰斗,小澤宏,,1,1:29.8,39.1,1-1-1-1,1,494,24
2022/05/30,浦和,4,３歳二,1400,ダ,左,良,晴,12,4,4,エンジェルリボン,牝,3,54.0,463,-6,笹川翼,高月賢,,2,1:30.9,39.5,3-3-3-3,5,463,-6
2022/05/30,浦和,4,３歳二,1400,ダ,左,良,晴,12,8,12,トキノプレミア,牡,3,56.0,493,6,川島正,山田信,,3,1:31.0,40.2,2-2-2-2,6,493,6
2022/05/30,浦和,4,３歳二,1400,ダ,左,良,晴,12,8,11,アンビシャスサルー,牡,3,56.0,512,-1,矢野貴,川島一,,4,1:31.2,38.8,10-9-8-5,2,512,-1
2022/05/30,浦和,4,３歳二,1400,ダ,左,良,晴,12,7,10,エンタクノキシ,牡,3,56.0,482,-3,御神訓,藤原智,,5,1:31.3,39.6,8-6-4-4,4,482,-3
2022/05/30,浦和,4,３歳二,1400,ダ,左,良,晴,12,6,8,ベルタント,牡,3,56.0,509,12,和田譲,小久智,,6,1:31.7,40.1,4-4-5-7,3,509,12
2022/05/30,浦和,4,３歳二,1400,ダ,左,良,晴,12,1,1,カシノペルル,牡,3,56.0,501,1,寺島憂,鹿沼和,,7,1:31.9,39.1,12-10-10-9,11,501,1
2022/05/30,浦和,4,３歳二,1400,ダ,左,良,晴,12,5,5,マドモアゼルランス,牝,3,54.0,429,-5,山中悠,渋谷博,,8,1:32.4,40.4,6-8-7-6,12,429,-5
2022/05/30,浦和,4,３歳二,1400,ダ,左,良,晴,12,7,9,キョウエイメジャー,牡,3,56.0,452,1,酒井忍,佐々仁,,9,1:32.9,39.9,11-12-11-11,8,452,1
2022/05/30,浦和,4,３歳二,1400,ダ,左,良,晴,12,2,2,タロウシュン,牡,3,56.0,455,-5,岡村健,佐藤太,,10,1:33.5,41.5,7-7-6-8,7,455,-5
2022/05/30,浦和,4,３歳二,1400,ダ,左,良,晴,12,6,7,スージー,牝,3,54.0,453,-7,臼井健,山本学,,11,1:33.6,40.8,9-11-12-12,10,453,-7
2022/05/30,浦和,4,３歳二,1400,ダ,左,良,晴,12,5,6,ビービーアロゼ,牝,3,54.0,434,1,山本紀,稲益貴,,12,1:33.8,41.8,5-5-9-10,9,434,1
2022/05/30,浦和,5,Ｃ３七 八 九,1400,ダ,左,良,晴,11,5,5,ナツィオナーレ,牝,7,54.0,447,-2,和田譲,野口孝,,1,1:32.7,39.0,8-6-3-1,3,447,-2
2022/05/30,浦和,5,Ｃ３七 八 九,1400,ダ,左,良,晴,11,6,7,シキシマ,牡,7,56.0,533,2,吉留孝,野口孝,,2,1:33.2,39.5,3-4-4-4,5,533,2
2022/05/30,浦和,5,Ｃ３七 八 九,1400,ダ,左,良,晴,11,8,11,トーセンクルーズ,牝,7,54.0,445,7,矢野貴,工藤伸,,3,1:33.2,39.7,1-2-1-2,1,445,7
2022/05/30,浦和,5,Ｃ３七 八 九,1400,ダ,左,良,晴,11,7,8,ツーエムポラリス,牡,7,56.0,474,-6,澤田龍,鈴木勝,,4,1:33.5,40.0,2-1-2-3,4,474,-6
2022/05/30,浦和,5,Ｃ３七 八 九,1400,ダ,左,良,晴,11,4,4,スマイルジーニアス,セ,0,56.0,509,5,福原杏,鹿沼和,,5,1:33.7,39.9,4-5-6-5,2,509,5
2022/05/30,浦和,5,Ｃ３七 八 九,1400,ダ,左,良,晴,11,1,1,ユメツクシ,牝,6,51.0,495,7,及川烈,長谷忍,,6,1:33.9,39.8,7-8-9-6,7,495,7
2022/05/30,浦和,5,Ｃ３七 八 九,1400,ダ,左,良,晴,11,7,9,アールレアル,セ,0,56.0,447,-5,保園翔,川村守,,7,1:34.1,39.4,11-11-11-11,11,447,-5
2022/05/30,浦和,5,Ｃ３七 八 九,1400,ダ,左,良,晴,11,2,2,モズメイダン,牡,8,53.0,471,-1,室陽一,柘榴浩,,8,1:34.4,40.3,9-9-8-8,6,471,-1
2022/05/30,浦和,5,Ｃ３七 八 九,1400,ダ,左,良,晴,11,6,6,トーセンレオ,牡,7,56.0,571,6,橋本直,川村守,,9,1:34.6,40.6,10-10-6-9,10,571,6
2022/05/30,浦和,5,Ｃ３七 八 九,1400,ダ,左,良,晴,11,8,10,ニシノシノブ,牝,7,54.0,462,10,秋元耕,吉田正,,10,1:34.6,40.9,5-3-5-7,8,462,10
2022/05/30,浦和,5,Ｃ３七 八 九,1400,ダ,左,良,晴,11,3,3,パレスギガント,牡,6,55.0,483,0,七夕裕,長谷忍,,11,1:34.8,40.6,6-7-10-10,9,483,0
2022/05/30,浦和,6,Ｃ３七 八 九,1500,ダ,左,良,晴,11,8,11,ワンダーヘーヒスト,牡,8,56.0,468,-5,橋本直,鈴木勝,,1,1:39.4,40.3,6-4-3-1,4,468,-5
2022/05/30,浦和,6,Ｃ３七 八 九,1500,ダ,左,良,晴,11,3,3,ポイズンピル,牡,7,56.0,461,5,岡田大,牛房榮,,2,1:39.8,40.7,3-3-4-4,1,461,5
2022/05/30,浦和,6,Ｃ３七 八 九,1500,ダ,左,良,晴,11,7,8,ネオエンジェル,牝,6,54.0,435,-5,國分祐,冨田敏,,3,1:39.9,39.2,8-8-8-6,8,435,-5
2022/05/30,浦和,6,Ｃ３七 八 九,1500,ダ,左,良,晴,11,2,2,ニシノサトル,牡,6,56.0,488,4,内田利,吉田正,,4,1:40.1,41.4,1-1-2-2,5,488,4
2022/05/30,浦和,6,Ｃ３七 八 九,1500,ダ,左,良,晴,11,6,7,ビアンカグリーン,牡,7,56.0,487,-5,藤江渉,酒井一,,5,1:40.3,40.4,5-7-5-5,2,487,-5
2022/05/30,浦和,6,Ｃ３七 八 九,1500,ダ,左,良,晴,11,1,1,オーシャンウインド,牝,4,54.0,429,-12,笹川翼,田島寿,,6,1:40.7,41.8,4-2-1-3,3,429,-12
2022/05/30,浦和,6,Ｃ３七 八 九,1500,ダ,左,良,晴,11,7,9,ミリオンフジコ,牝,4,50.0,456,-8,小林捺,柘榴浩,,7,1:41.5,40.5,9-10-9-8,6,456,-8
2022/05/30,浦和,6,Ｃ３七 八 九,1500,ダ,左,良,晴,11,4,4,ゴールドスピアー,牝,8,54.0,507,0,赤津和,川村守,,8,1:41.6,41.7,7-6-6-7,7,507,0
2022/05/30,浦和,6,Ｃ３七 八 九,1500,ダ,左,良,晴,11,8,10,リアンサミット,牝,4,54.0,378,3,中越琉,田島寿,,9,1:44.0,42.9,10-9-10-10,10,378,3
2022/05/30,浦和,6,Ｃ３七 八 九,1500,ダ,左,良,晴,11,5,5,サファイアライト,牝,4,54.0,442,7,半澤慶,平山真,,10,1:44.2,44.5,2-5-7-9,9,442,7
2022/05/30,浦和,6,Ｃ３七 八 九,1500,ダ,左,良,晴,11,6,6,コウユープリティー,牝,4,51.0,441,8,室陽一,宇野博,,,,,,,441,8
2022/05/30,浦和,7,Ｃ３七 八 九,1400,ダ,左,良,晴,12,7,9,ホクセツ,セ,0,56.0,539,-8,秋元耕,柘榴浩,,1,1:30.5,39.1,1-1-1-1,1,539,-8
2022/05/30,浦和,7,Ｃ３七 八 九,1400,ダ,左,良,晴,12,5,6,ロッカーモーション,牝,6,54.0,496,-9,橋本直,内野健,,2,1:30.9,39.1,6-5-2-2,3,496,-9
2022/05/30,浦和,7,Ｃ３七 八 九,1400,ダ,左,良,晴,12,8,12,チェンマイルージュ,牝,6,54.0,474,3,加藤和,鈴木勝,,3,1:31.8,40.2,3-2-3-3,5,474,3
2022/05/30,浦和,7,Ｃ３七 八 九,1400,ダ,左,良,晴,12,1,1,セイウングラッパ,牡,7,56.0,457,4,吉留孝,吉田正,,4,1:31.9,39.5,5-4-4-4,4,457,4
2022/05/30,浦和,7,Ｃ３七 八 九,1400,ダ,左,良,晴,12,4,4,シンライトミー,牡,5,56.0,436,2,福原杏,柘榴浩,,5,1:33.2,40.4,8-6-6-5,9,436,2
2022/05/30,浦和,7,Ｃ３七 八 九,1400,ダ,左,良,晴,12,3,3,ピノゼン,牝,6,51.0,479,2,新原周,野口孝,,6,1:33.8,41.5,2-3-5-6,2,479,2
2022/05/30,浦和,7,Ｃ３七 八 九,1400,ダ,左,良,晴,12,7,10,リゼイエロー,牝,5,51.0,486,6,及川烈,川島豊,,7,1:34.0,40.4,7-8-7-7,8,486,6
2022/05/30,浦和,7,Ｃ３七 八 九,1400,ダ,左,良,晴,12,5,5,トーセンケイト,牝,4,54.0,451,-2,藤江渉,川村守,,8,1:34.0,40.3,10-9-8-8,7,451,-2
2022/05/30,浦和,7,Ｃ３七 八 九,1400,ダ,左,良,晴,12,6,8,アストラルブレイズ,牝,5,54.0,499,9,見越彬,小林真,,9,1:35.8,40.6,9-11-11-9,10,499,9
2022/05/30,浦和,7,Ｃ３七 八 九,1400,ダ,左,良,晴,12,2,2,ニシノシロフネ,牡,5,56.0,483,-1,國分祐,冨田敏,,10,1:36.7,41.8,11-10-10-10,12,483,-1
2022/05/30,浦和,7,Ｃ３七 八 九,1400,ダ,左,良,晴,12,6,7,シェナモエギ,牝,4,54.0,394,-6,岡村裕,山田正,,11,1:37.8,42.0,12-12-12-12,11,394,-6
2022/05/30,浦和,7,Ｃ３七 八 九,1400,ダ,左,良,晴,12,8,11,キープファイター,セ,0,55.0,535,18,七夕裕,柘榴浩,,12,1:40.8,47.2,4-7-9-11,6,535,18
2022/05/30,浦和,8,特選Ｃ２二 三,1400,ダ,左,良,晴,12,6,7,テキサスブロンコ,牡,4,56.0,472,0,笹川翼,佐藤太,,1,1:30.6,39.5,2-2-1-1,2,472,0
2022/05/30,浦和,8,特選Ｃ２二 三,1400,ダ,左,良,晴,12,5,5,キングフリオーソ,牡,4,56.0,515,3,臼井健,佐々功,,2,1:30.9,39.7,6-3-3-3,4,515,3
2022/05/30,浦和,8,特選Ｃ２二 三,1400,ダ,左,良,晴,12,8,12,ノブヘンドリックス,牡,4,56.0,469,-15,矢野貴,小久智,,3,1:31.3,40.2,1-1-2-2,7,469,-15
2022/05/30,浦和,8,特選Ｃ２二 三,1400,ダ,左,良,晴,12,7,10,バトルオサンナ,牝,8,50.0,454,2,中島良,柘榴浩,,4,1:31.5,39.3,9-9-8-8,5,454,2
2022/05/30,浦和,8,特選Ｃ２二 三,1400,ダ,左,良,晴,12,2,2,ミチノシチリア,牡,4,56.0,469,4,森泰斗,齊藤敏,,5,1:31.6,39.7,4-4-6-4,1,469,4
2022/05/30,浦和,8,特選Ｃ２二 三,1400,ダ,左,良,晴,12,7,9,コンバットマジック,牝,4,54.0,450,1,秋元耕,川島豊,,6,1:31.8,39.6,7-8-7-6,12,450,1
2022/05/30,浦和,8,特選Ｃ２二 三,1400,ダ,左,良,晴,12,1,1,ファインアレス,牡,6,56.0,492,4,酒井忍,鹿沼和,,7,1:31.8,38.6,12-12-10-10,6,492,4
2022/05/30,浦和,8,特選Ｃ２二 三,1400,ダ,左,良,晴,12,4,4,エコロアジェンダ,牡,4,56.0,476,-5,赤津和,工藤伸,,8,1:31.9,39.7,10-7-9-7,8,476,-5
2022/05/30,浦和,8,特選Ｃ２二 三,1400,ダ,左,良,晴,12,3,3,モモドリーム,牝,4,51.0,476,-3,室陽一,平山真,,9,1:32.5,41.3,5-5-4-5,9,476,-3
2022/05/30,浦和,8,特選Ｃ２二 三,1400,ダ,左,良,晴,12,5,6,ブルームヴォーグ,牡,5,56.0,502,-2,西啓太,海馬司,,10,1:32.5,39.3,11-11-12-11,10,502,-2
2022/05/30,浦和,8,特選Ｃ２二 三,1400,ダ,左,良,晴,12,6,8,ラピッドフォール,牝,4,53.0,455,12,七夕裕,野口寛,,11,1:33.3,40.1,3-10-11-12,11,455,12
2022/05/30,浦和,8,特選Ｃ２二 三,1400,ダ,左,良,晴,12,8,11,タマモポラリス,牝,4,54.0,439,-11,和田譲,伊藤滋,,12,1:33.4,41.6,8-6-5-9,3,439,-11
2022/05/30,浦和,9,いちじくのまち加須賞Ｃ２二 三,1400,ダ,左,良,晴,12,6,8,トーセンテキーラ,牡,6,56.0,556,2,吉留孝,小久智,,1,1:28.2,38.2,1-1-1-1,1,556,2
2022/05/30,浦和,9,いちじくのまち加須賞Ｃ２二 三,1400,ダ,左,良,晴,12,4,4,ペイフォン,牡,4,56.0,517,-8,西啓太,新井清,,2,1:29.7,39.5,2-2-2-2,5,517,-8
2022/05/30,浦和,9,いちじくのまち加須賞Ｃ２二 三,1400,ダ,左,良,晴,12,5,5,ザサンアップライト,牡,5,56.0,450,-4,町田直,野口孝,,3,1:30.2,39.0,5-6-7-6,3,450,-4
2022/05/30,浦和,9,いちじくのまち加須賞Ｃ２二 三,1400,ダ,左,良,晴,12,1,1,モリトローテローゼ,牝,6,54.0,483,10,藤江渉,水野貴,,4,1:30.5,39.7,4-5-5-3,6,483,10
2022/05/30,浦和,9,いちじくのまち加須賞Ｃ２二 三,1400,ダ,左,良,晴,12,6,7,マイネルニゲラ,牡,4,53.0,520,-5,室陽一,平山真,,5,1:30.8,40.4,7-4-3-4,8,520,-5
2022/05/30,浦和,9,いちじくのまち加須賞Ｃ２二 三,1400,ダ,左,良,晴,12,7,10,ソウヤミサキ,牝,4,54.0,460,5,福原杏,岡田一,,6,1:31.0,38.5,11-11-9-9,7,460,5
2022/05/30,浦和,9,いちじくのまち加須賞Ｃ２二 三,1400,ダ,左,良,晴,12,8,12,ミーティアカフェ,牝,4,54.0,482,-1,笹川翼,箕輪武,,7,1:31.1,39.9,8-8-6-5,2,482,-1
2022/05/30,浦和,9,いちじくのまち加須賞Ｃ２二 三,1400,ダ,左,良,晴,12,2,2,ゴールドキャスト,牝,9,54.0,432,-3,内田利,吉田正,,8,1:31.2,38.8,9-10-11-10,10,432,-3
2022/05/30,浦和,9,いちじくのまち加須賞Ｃ２二 三,1400,ダ,左,良,晴,12,3,3,イサチルダイチ,牡,6,53.0,509,-7,及川烈,長谷忍,,9,1:31.5,40.1,6-7-8-8,4,509,-7
2022/05/30,浦和,9,いちじくのまち加須賞Ｃ２二 三,1400,ダ,左,良,晴,12,7,9,ラスティネイル,牝,4,54.0,459,1,高橋哲,牛房榮,,10,1:31.6,41.1,3-3-4-7,9,459,1
2022/05/30,浦和,9,いちじくのまち加須賞Ｃ２二 三,1400,ダ,左,良,晴,12,8,11,エイコーレイワ,牝,5,54.0,476,-3,保園翔,川村守,,11,1:32.8,39.5,12-12-12-12,12,476,-3
2022/05/30,浦和,9,いちじくのまち加須賞Ｃ２二 三,1400,ダ,左,良,晴,12,5,6,ケイティーユイ,牝,4,54.0,447,0,寺島憂,水野貴,,12,1:32.9,40.7,10-9-10-11,11,447,0
2022/05/30,浦和,10,ラベンダー特別Ｃ２一,1500,ダ,左,良,晴,12,7,10,キングオブカズ,牡,4,56.0,466,-9,本田重,矢内博,,1,1:36.6,38.4,5-6-4-4,6,466,-9
2022/05/30,浦和,10,ラベンダー特別Ｃ２一,1500,ダ,左,良,晴,12,5,5,ゴースフロイデ,牡,4,56.0,514,-4,張田昂,林　幻,,2,1:37.2,38.8,7-7-3-1,1,514,-4
2022/05/30,浦和,10,ラベンダー特別Ｃ２一,1500,ダ,左,良,晴,12,6,8,クニノキラメキ,牡,4,56.0,485,4,森泰斗,小久智,,3,1:37.4,38.2,8-8-8-5,4,485,4
2022/05/30,浦和,10,ラベンダー特別Ｃ２一,1500,ダ,左,良,晴,12,6,7,ハーイ,牝,5,54.0,468,-4,和田譲,野口孝,,4,1:37.8,39.8,2-3-1-2,3,468,-4
2022/05/30,浦和,10,ラベンダー特別Ｃ２一,1500,ダ,左,良,晴,12,3,3,アラベスクパンシェ,牝,4,54.0,482,6,野澤憲,佐々清,,5,1:37.9,39.9,1-1-2-3,5,482,6
2022/05/30,浦和,10,ラベンダー特別Ｃ２一,1500,ダ,左,良,晴,12,2,2,フェアリーマジック,牝,5,54.0,448,-2,見越彬,川村守,,6,1:37.9,38.9,9-9-9-8,7,448,-2
2022/05/30,浦和,10,ラベンダー特別Ｃ２一,1500,ダ,左,良,晴,12,4,4,リベリュール,牡,7,56.0,495,-1,西啓太,繁田健,,7,1:38.1,39.5,4-5-7-6,2,495,-1
2022/05/30,浦和,10,ラベンダー特別Ｃ２一,1500,ダ,左,良,晴,12,8,12,ダイエービルベリー,牝,4,54.0,474,-4,橋本直,酒井一,,8,1:38.3,39.9,6-4-6-7,10,474,-4
2022/05/30,浦和,10,ラベンダー特別Ｃ２一,1500,ダ,左,良,晴,12,5,6,トーセンウィンザー,牡,4,56.0,472,5,保園翔,山越光,,9,1:39.0,38.9,11-11-11-10,11,472,5
2022/05/30,浦和,10,ラベンダー特別Ｃ２一,1500,ダ,左,良,晴,12,8,11,エック,牡,5,53.0,434,2,室陽一,水野貴,,10,1:39.5,41.3,3-2-5-9,8,434,2
2022/05/30,浦和,10,ラベンダー特別Ｃ２一,1500,ダ,左,良,晴,12,1,1,ミトノラッキー,牝,4,54.0,449,-2,岡田大,山越光,,11,1:41.0,40.1,12-12-12-12,9,449,-2
2022/05/30,浦和,10,ラベンダー特別Ｃ２一,1500,ダ,左,良,晴,12,7,9,ファンファン,牡,5,56.0,461,2,赤津和,箕輪武,,12,1:41.1,41.5,10-10-10-11,12,461,2
2022/05/30,浦和,11,水芭蕉特別Ｂ２三Ｂ３一,1400,ダ,左,良,曇,12,3,3,ジュネス,牝,5,53.0,480,-4,左海誠,小久智,,1,1:28.6,38.5,2-4-4-4,4,480,-4
2022/05/30,浦和,11,水芭蕉特別Ｂ２三Ｂ３一,1400,ダ,左,良,曇,12,8,12,オーロラテーラー,牝,5,53.0,479,-3,本田重,稲益貴,,2,1:28.6,38.9,3-2-1-1,3,479,-3
2022/05/30,浦和,11,水芭蕉特別Ｂ２三Ｂ３一,1400,ダ,左,良,曇,12,6,7,コウユーモテモテ,牝,5,53.0,519,-9,町田直,宇野博,,3,1:29.0,39.3,1-1-3-2,1,519,-9
2022/05/30,浦和,11,水芭蕉特別Ｂ２三Ｂ３一,1400,ダ,左,良,曇,12,6,8,エウリディーチェ,牝,6,53.0,467,6,笹川翼,川島一,,4,1:29.2,38.5,8-7-7-6,7,467,6
2022/05/30,浦和,11,水芭蕉特別Ｂ２三Ｂ３一,1400,ダ,左,良,曇,12,2,2,ハニーコーン,牡,8,57.0,483,0,加藤和,内野健,,5,1:29.6,39.1,6-6-5-5,6,483,0
2022/05/30,浦和,11,水芭蕉特別Ｂ２三Ｂ３一,1400,ダ,左,良,曇,12,5,5,ヴィータファン,セ,0,57.0,479,5,森泰斗,新井清,,6,1:29.8,40.1,4-3-2-3,2,479,5
2022/05/30,浦和,11,水芭蕉特別Ｂ２三Ｂ３一,1400,ダ,左,良,曇,12,8,11,ヤギリオーディン,牡,6,52.0,514,-5,野畑凌,張田京,,7,1:29.9,39.2,7-8-8-7,5,514,-5
2022/05/30,浦和,11,水芭蕉特別Ｂ２三Ｂ３一,1400,ダ,左,良,曇,12,1,1,キョウエイオジョウ,牝,8,53.0,479,-8,藤本現,小澤宏,,8,1:30.0,37.9,12-11-11-11,8,479,-8
2022/05/30,浦和,11,水芭蕉特別Ｂ２三Ｂ３一,1400,ダ,左,良,曇,12,7,9,ツクバキセキ,牡,9,57.0,437,2,和田譲,矢内博,,9,1:30.1,38.6,10-9-10-10,10,437,2
2022/05/30,浦和,11,水芭蕉特別Ｂ２三Ｂ３一,1400,ダ,左,良,曇,12,4,4,アルティマックス,牡,8,55.0,483,3,篠谷葵,岡林光,,10,1:30.7,39.4,11-10-9-9,11,483,3
2022/05/30,浦和,11,水芭蕉特別Ｂ２三Ｂ３一,1400,ダ,左,良,曇,12,5,6,テンエイアース,牡,9,55.0,455,0,今野忠,林隆之,,11,1:31.9,41.6,5-5-6-8,12,455,0
2022/05/30,浦和,11,水芭蕉特別Ｂ２三Ｂ３一,1400,ダ,左,良,曇,12,7,10,マイシップ,牡,7,55.0,472,0,西村栄,矢野義,,12,1:52.0,57.7,9-12-12-12,9,472,0
2022/05/30,浦和,12,サツキツツジ特別Ｃ１選抜馬,2000,ダ,左,良,曇,12,4,4,タカジョー,牡,4,56.0,473,6,笹川翼,宇野博,,1,2:11.7,40.4,2-2-1-1,1,473,6
2022/05/30,浦和,12,サツキツツジ特別Ｃ１選抜馬,2000,ダ,左,良,曇,12,5,5,マイネルジェンマ,牡,6,56.0,501,-7,橋本直,内野健,,2,2:12.2,40.1,12-10-6-3,10,501,-7
2022/05/30,浦和,12,サツキツツジ特別Ｃ１選抜馬,2000,ダ,左,良,曇,12,7,9,マイネルデルフト,セ,0,56.0,453,-9,和田譲,渡邊貴,,3,2:12.5,41.1,5-6-3-5,5,453,-9
2022/05/30,浦和,12,サツキツツジ特別Ｃ１選抜馬,2000,ダ,左,良,曇,12,3,3,プライムデイ,牡,4,56.0,521,-7,張田昂,山下之,,4,2:12.5,40.5,6-7-9-7,2,521,-7
2022/05/30,浦和,12,サツキツツジ特別Ｃ１選抜馬,2000,ダ,左,良,曇,12,8,11,オーケーパッション,牝,4,54.0,484,-7,左海誠,小久智,,5,2:12.5,41.4,1-1-2-2,6,484,-7
2022/05/30,浦和,12,サツキツツジ特別Ｃ１選抜馬,2000,ダ,左,良,曇,12,1,1,ジオパークマグマ,牡,4,56.0,463,-1,加藤和,川島豊,,6,2:12.8,41.2,7-5-5-4,3,463,-1
2022/05/30,浦和,12,サツキツツジ特別Ｃ１選抜馬,2000,ダ,左,良,曇,12,5,6,ディープステイト,牡,4,56.0,472,1,森泰斗,齊藤敏,,7,2:13.3,41.5,10-8-7-8,4,472,1
2022/05/30,浦和,12,サツキツツジ特別Ｃ１選抜馬,2000,ダ,左,良,曇,12,2,2,シダデカサドール,牡,4,53.0,486,0,新原周,栗林信,,8,2:13.3,41.7,3-3-4-6,8,486,0
2022/05/30,浦和,12,サツキツツジ特別Ｃ１選抜馬,2000,ダ,左,良,曇,12,6,7,シナノジャングル,牡,4,55.0,482,5,七夕裕,岡田一,,9,2:13.3,41.0,9-9-11-11,11,482,5
2022/05/30,浦和,12,サツキツツジ特別Ｃ１選抜馬,2000,ダ,左,良,曇,12,8,12,サフランポケット,牡,4,56.0,479,0,山崎誠,平山真,,10,2:13.6,41.1,11-12-10-10,7,479,0
2022/05/30,浦和,12,サツキツツジ特別Ｃ１選抜馬,2000,ダ,左,良,曇,12,7,10,エンシェントアイル,牡,4,56.0,552,-12,本田重,米谷康,,11,2:14.0,42.4,4-4-8-9,9,552,-12
2022/05/30,浦和,12,サツキツツジ特別Ｃ１選抜馬,2000,ダ,左,良,曇,12,6,8,ムーランブラン,牝,6,51.0,471,3,菅原涼,藤原智,,12,2:14.1,41.6,8-11-12-12,12,471,3
2022/05/31,浦和,1,ドリームチャレンジ２歳新馬ア,800,ダ,左,重,曇,8,1,1,ウインドフレイバー,牡,2,54.0,0,0,笹川翼,繁田健,,1,0:48.5,35.6,2-1,1,0,0
2022/05/31,浦和,1,ドリームチャレンジ２歳新馬ア,800,ダ,左,重,曇,8,6,6,アメ,牝,2,54.0,0,0,加藤和,長谷忍,,2,0:49.1,36.3,1-2,8,0,0
2022/05/31,浦和,1,ドリームチャレンジ２歳新馬ア,800,ダ,左,重,曇,8,7,7,モーニング,牡,2,54.0,0,0,高橋哲,牛房榮,,3,0:49.8,36.5,3-4,3,0,0
2022/05/31,浦和,1,ドリームチャレンジ２歳新馬ア,800,ダ,左,重,曇,8,5,5,ネメシス,牝,2,54.0,0,0,酒井忍,箕輪武,,4,0:49.8,36.5,4-3,5,0,0
2022/05/31,浦和,1,ドリームチャレンジ２歳新馬ア,800,ダ,左,重,曇,8,3,3,クワイエットライト,牡,2,54.0,0,0,左海誠,小久智,,5,0:50.1,36.6,6-5,2,0,0
2022/05/31,浦和,1,ドリームチャレンジ２歳新馬ア,800,ダ,左,重,曇,8,8,8,シェナストーン,牡,2,54.0,0,0,秋元耕,吉田正,,6,0:50.6,37.5,4-6,4,0,0
2022/05/31,浦和,1,ドリームチャレンジ２歳新馬ア,800,ダ,左,重,曇,8,2,2,スタータマチャン,牝,2,54.0,0,0,橋本直,川村守,,7,0:52.0,38.1,7-7,6,0,0
2022/05/31,浦和,1,ドリームチャレンジ２歳新馬ア,800,ダ,左,重,曇,8,4,4,シンライダムール,牡,2,54.0,0,0,福原杏,柘榴浩,,8,0:54.3,39.4,8-8,7,0,0
2022/05/31,浦和,2,ランチタイムチャレンジ３歳四,1400,ダ,左,稍重,曇,12,4,4,ティーファイブ,牡,3,56.0,468,8,保園翔,小久智,,1,1:29.9,40.1,1-1-1-1,1,468,8
2022/05/31,浦和,2,ランチタイムチャレンジ３歳四,1400,ダ,左,稍重,曇,12,6,7,リョウイキテンカイ,牝,3,54.0,440,-11,橋本直,柘榴浩,,2,1:30.8,40.3,4-4-4-3,5,440,-11
2022/05/31,浦和,2,ランチタイムチャレンジ３歳四,1400,ダ,左,稍重,曇,12,7,10,トーケンヒロイン,牝,3,54.0,474,-7,山崎誠,山本学,,3,1:31.1,41.1,3-3-2-2,8,474,-7
2022/05/31,浦和,2,ランチタイムチャレンジ３歳四,1400,ダ,左,稍重,曇,12,5,6,スイフトマリー,牝,3,54.0,385,3,岡村健,酒井一,,4,1:31.4,40.3,5-6-6-6,7,385,3
2022/05/31,浦和,2,ランチタイムチャレンジ３歳四,1400,ダ,左,稍重,曇,12,2,2,ホワイトネイル,牝,3,51.0,411,-1,及川烈,藤原智,,5,1:31.5,39.6,11-11-7-5,9,411,-1
2022/05/31,浦和,2,ランチタイムチャレンジ３歳四,1400,ダ,左,稍重,曇,12,6,8,ドウシ,セ,0,56.0,407,-2,野澤憲,佐々清,,6,1:32.1,41.5,7-5-5-4,12,407,-2
2022/05/31,浦和,2,ランチタイムチャレンジ３歳四,1400,ダ,左,稍重,曇,12,1,1,スターオブモア,牝,3,54.0,363,-3,笹川翼,佐々功,,7,1:32.6,39.9,10-10-10-9,6,363,-3
2022/05/31,浦和,2,ランチタイムチャレンジ３歳四,1400,ダ,左,稍重,曇,12,7,9,シンライウォリアー,牡,3,53.0,436,0,室陽一,柘榴浩,,8,1:32.6,39.3,12-12-12-10,11,436,0
2022/05/31,浦和,2,ランチタイムチャレンジ３歳四,1400,ダ,左,稍重,曇,12,3,3,ミネヴィーノ,牝,3,54.0,452,3,福原杏,小澤宏,,9,1:33.3,41.8,8-7-8-7,3,452,3
2022/05/31,浦和,2,ランチタイムチャレンジ３歳四,1400,ダ,左,稍重,曇,12,5,5,グッドヘイロー,牝,3,54.0,510,9,岡田大,山越光,,10,1:33.9,43.9,2-2-3-8,4,510,9
2022/05/31,浦和,2,ランチタイムチャレンジ３歳四,1400,ダ,左,稍重,曇,12,8,11,サンエイフォレスト,牡,3,56.0,467,-1,森泰斗,高月賢,,11,1:34.1,41.4,9-9-11-12,2,467,-1
2022/05/31,浦和,2,ランチタイムチャレンジ３歳四,1400,ダ,左,稍重,曇,12,8,12,アンコロモチ,牡,3,56.0,442,4,吉留孝,薮口一,,12,1:34.3,42.6,6-8-9-11,10,442,4
2022/05/31,浦和,3,Ｃ３六,1500,ダ,左,稍重,曇,12,8,12,スプリットエス,牡,8,56.0,509,3,張田昂,小久智,,1,1:37.9,39.7,4-4-4-2,4,509,3
2022/05/31,浦和,3,Ｃ３六,1500,ダ,左,稍重,曇,12,7,9,リコーヴァーヴィル,牡,8,56.0,452,-1,笹川翼,繁田健,,2,1:38.1,40.1,3-3-1-1,1,452,-1
2022/05/31,浦和,3,Ｃ３六,1500,ダ,左,稍重,曇,12,3,3,ノーブルアトラス,牡,7,56.0,490,1,保園翔,川村守,,3,1:39.2,40.7,5-5-5-3,3,490,1
2022/05/31,浦和,3,Ｃ３六,1500,ダ,左,稍重,曇,12,8,11,デンコウメジャー,牡,7,56.0,475,-1,吉留孝,平山真,,4,1:39.4,40.1,9-9-7-6,5,475,-1
2022/05/31,浦和,3,Ｃ３六,1500,ダ,左,稍重,曇,12,6,8,キタサンカゲツ,牡,4,56.0,515,-3,山本紀,稲益貴,,5,1:40.2,39.9,12-12-11-10,6,515,-3
2022/05/31,浦和,3,Ｃ３六,1500,ダ,左,稍重,曇,12,2,2,コンディトラム,牡,5,56.0,479,3,高橋哲,川村守,,6,1:40.5,41.4,7-6-6-7,7,479,3
2022/05/31,浦和,3,Ｃ３六,1500,ダ,左,稍重,曇,12,1,1,マジェスティアスク,牝,4,54.0,470,-3,岡村裕,山崎尋,,7,1:40.9,41.3,8-8-9-9,8,470,-3
2022/05/31,浦和,3,Ｃ３六,1500,ダ,左,稍重,曇,12,5,5,アナハ,牝,5,50.0,396,-6,中島良,川島豊,,8,1:41.1,40.8,11-11-12-12,11,396,-6
2022/05/31,浦和,3,Ｃ３六,1500,ダ,左,稍重,曇,12,7,10,アベノカイシンゲキ,牡,4,56.0,476,-8,寺島憂,小林真,,9,1:41.2,42.2,6-7-8-8,12,476,-8
2022/05/31,浦和,3,Ｃ３六,1500,ダ,左,稍重,曇,12,4,4,ユメノハジマリ,牝,6,51.0,467,0,室陽一,水野貴,,10,1:41.4,43.4,1-1-3-4,2,467,0
2022/05/31,浦和,3,Ｃ３六,1500,ダ,左,稍重,曇,12,6,7,ゴールドスペンサー,牡,4,56.0,491,20,秋元耕,吉田正,,11,1:41.4,41.6,10-10-10-11,10,491,20
2022/05/31,浦和,3,Ｃ３六,1500,ダ,左,稍重,曇,12,5,6,ヴィクトリアブーケ,牝,4,54.0,394,0,岡田大,薮口一,,12,1:42.1,44.1,2-2-2-5,9,394,0
2022/05/31,浦和,4,Ｃ２四,1500,ダ,左,稍重,曇,12,4,4,スティールマドンナ,牝,4,51.0,471,7,菅原涼,藤原智,,1,1:37.9,39.1,1-1-1-1,6,471,7
2022/05/31,浦和,4,Ｃ２四,1500,ダ,左,稍重,曇,12,2,2,エルフバローズ,牝,4,54.0,444,-4,矢野貴,工藤伸,,2,1:38.3,39.4,2-2-2-2,1,444,-4
2022/05/31,浦和,4,Ｃ２四,1500,ダ,左,稍重,曇,12,1,1,コンフィテオール,牝,4,54.0,447,-2,和田譲,渡邊貴,,3,1:38.5,39.2,9-9-4-3,2,447,-2
2022/05/31,浦和,4,Ｃ２四,1500,ダ,左,稍重,曇,12,7,10,ドルチェヴィータ,牝,4,54.0,421,-16,田中力,米谷康,,4,1:38.8,39.8,3-3-3-4,7,421,-16
2022/05/31,浦和,4,Ｃ２四,1500,ダ,左,稍重,曇,12,5,6,スパンブリー,牡,6,56.0,537,0,加藤和,長谷忍,,5,1:39.4,39.9,8-7-7-6,3,537,0
2022/05/31,浦和,4,Ｃ２四,1500,ダ,左,稍重,曇,12,8,11,カンノンショウ,牡,4,56.0,465,7,寺島憂,柘榴浩,,6,1:39.4,40.1,5-5-6-7,9,465,7
2022/05/31,浦和,4,Ｃ２四,1500,ダ,左,稍重,曇,12,6,8,ジュディスピュア,牝,4,54.0,430,1,小杉亮,矢内博,,7,1:39.8,39.7,10-10-10-9,8,430,1
2022/05/31,浦和,4,Ｃ２四,1500,ダ,左,稍重,曇,12,6,7,シュバルマル,セ,0,53.0,504,-1,室陽一,薮口一,,8,1:40.0,39.3,11-11-11-10,11,504,-1
2022/05/31,浦和,4,Ｃ２四,1500,ダ,左,稍重,曇,12,3,3,モリデンリハク,牝,4,54.0,476,-1,澤田龍,坂本昇,,9,1:40.4,41.2,6-4-5-5,4,476,-1
2022/05/31,浦和,4,Ｃ２四,1500,ダ,左,稍重,曇,12,5,5,ジョワフロンティア,牝,4,54.0,480,-1,吉留孝,薮口一,,10,1:40.8,41.2,4-6-8-8,5,480,-1
2022/05/31,浦和,4,Ｃ２四,1500,ダ,左,稍重,曇,12,8,12,ラヴィテスミラノ,牡,4,56.0,470,-8,臼井健,宮下靖,,11,1:41.3,39.8,12-12-12-12,12,470,-8
2022/05/31,浦和,4,Ｃ２四,1500,ダ,左,稍重,曇,12,7,9,モンジロウ,牡,4,56.0,507,6,半澤慶,柘榴浩,,12,1:41.9,42.1,7-8-9-11,10,507,6
2022/05/31,浦和,5,浦和８００ラウンドＣ２選抜馬イ,800,ダ,左,稍重,曇,12,7,10,クラフェニックス,牝,4,51.0,463,-4,菅原涼,藤原智,,1,0:48.1,35.9,2-2,1,463,-4
2022/05/31,浦和,5,浦和８００ラウンドＣ２選抜馬イ,800,ダ,左,稍重,曇,12,1,1,レジュールウール,牝,4,54.0,489,5,森泰斗,野口寛,,2,0:48.1,35.9,1-1,2,489,5
2022/05/31,浦和,5,浦和８００ラウンドＣ２選抜馬イ,800,ダ,左,稍重,曇,12,8,11,ピースリアン,牡,5,56.0,488,-1,福原杏,横山保,,3,0:48.2,35.7,3-3,8,488,-1
2022/05/31,浦和,5,浦和８００ラウンドＣ２選抜馬イ,800,ダ,左,稍重,曇,12,7,9,ウンジョウノメガミ,牝,4,50.0,455,4,小林捺,牛房榮,,4,0:48.6,36.2,5-5,3,455,4
2022/05/31,浦和,5,浦和８００ラウンドＣ２選抜馬イ,800,ダ,左,稍重,曇,12,3,3,シルヴァーイーグル,牡,6,56.0,538,-3,藤江渉,岡田一,,5,0:48.8,36.1,4-4,6,538,-3
2022/05/31,浦和,5,浦和８００ラウンドＣ２選抜馬イ,800,ダ,左,稍重,曇,12,6,7,セキノアトラス,牡,4,56.0,442,-3,高橋哲,横山保,,6,0:48.9,35.9,7-7,7,442,-3
2022/05/31,浦和,5,浦和８００ラウンドＣ２選抜馬イ,800,ダ,左,稍重,曇,12,8,12,モアイ,牡,7,56.0,477,4,吉留孝,岡田一,,7,0:48.9,35.9,8-8,5,477,4
2022/05/31,浦和,5,浦和８００ラウンドＣ２選抜馬イ,800,ダ,左,稍重,曇,12,4,4,サプライズギフト,牝,4,50.0,413,7,中島良,川島豊,,8,0:49.1,35.8,9-10,11,413,7
2022/05/31,浦和,5,浦和８００ラウンドＣ２選抜馬イ,800,ダ,左,稍重,曇,12,2,2,スノートレイン,牡,5,56.0,449,5,笹川翼,小澤宏,,9,0:49.2,35.7,10-9,9,449,5
2022/05/31,浦和,5,浦和８００ラウンドＣ２選抜馬イ,800,ダ,左,稍重,曇,12,6,8,スズカシニック,牡,6,56.0,492,31,橋本直,川村守,,10,0:49.3,36.3,6-6,4,492,31
2022/05/31,浦和,5,浦和８００ラウンドＣ２選抜馬イ,800,ダ,左,稍重,曇,12,5,5,スターシード,牡,7,56.0,503,2,保園翔,酒井一,,11,0:49.6,36.1,12-12,10,503,2
2022/05/31,浦和,5,浦和８００ラウンドＣ２選抜馬イ,800,ダ,左,稍重,曇,12,5,6,ニシノカシン,牡,4,56.0,467,-6,國分祐,冨田敏,,12,0:49.6,35.9,11-11,12,467,-6
2022/05/31,浦和,6,浦和８００ラウンドＣ２選抜馬ア,800,ダ,左,稍重,曇,12,1,1,スマートシエル,牝,4,50.0,441,10,中島良,小久智,,1,0:47.7,35.5,2-1,3,441,10
2022/05/31,浦和,6,浦和８００ラウンドＣ２選抜馬ア,800,ダ,左,稍重,曇,12,6,7,レオズソーダライト,牝,6,51.0,476,6,室陽一,平山真,,2,0:48.1,35.6,4-3,4,476,6
2022/05/31,浦和,6,浦和８００ラウンドＣ２選抜馬ア,800,ダ,左,稍重,曇,12,7,9,ツーエムタイガー,牡,4,56.0,452,4,和田譲,小澤宏,,3,0:48.3,35.3,8-7,2,452,4
2022/05/31,浦和,6,浦和８００ラウンドＣ２選抜馬ア,800,ダ,左,稍重,曇,12,5,5,シゲルアパライト,牡,6,55.0,486,-7,七夕裕,横山保,,4,0:48.6,36.2,3-4,5,486,-7
2022/05/31,浦和,6,浦和８００ラウンドＣ２選抜馬ア,800,ダ,左,稍重,曇,12,6,8,カラドボルグ,牡,4,56.0,504,-2,岡田大,牛房榮,,5,0:48.6,36.5,1-2,1,504,-2
2022/05/31,浦和,6,浦和８００ラウンドＣ２選抜馬ア,800,ダ,左,稍重,曇,12,3,3,ホノノルーカ,牝,4,51.0,409,-3,木間龍,山下之,,6,0:48.6,35.6,7-6,10,409,-3
2022/05/31,浦和,6,浦和８００ラウンドＣ２選抜馬ア,800,ダ,左,稍重,曇,12,4,4,アンパラレルド,牝,4,53.0,482,-11,古岡勇,加藤誠,,7,0:48.7,35.4,10-9,7,482,-11
2022/05/31,浦和,6,浦和８００ラウンドＣ２選抜馬ア,800,ダ,左,稍重,曇,12,2,2,ブルベアマイル,牡,5,56.0,446,0,吉留孝,岡田一,,8,0:48.9,35.1,11-11,6,446,0
2022/05/31,浦和,6,浦和８００ラウンドＣ２選抜馬ア,800,ダ,左,稍重,曇,12,8,11,ニシノイルマーレ,牝,4,51.0,503,7,及川烈,冨田敏,,9,0:49.0,36.3,6-5,8,503,7
2022/05/31,浦和,6,浦和８００ラウンドＣ２選抜馬ア,800,ダ,左,稍重,曇,12,5,6,グレースシラオキ,牝,4,54.0,420,-7,橋本直,岡田一,,10,0:49.1,36.1,9-10,12,420,-7
2022/05/31,浦和,6,浦和８００ラウンドＣ２選抜馬ア,800,ダ,左,稍重,曇,12,7,10,レコパントモチャン,牝,4,54.0,523,-2,内田利,岡田一,,11,0:49.1,36.6,5-8,9,523,-2
2022/05/31,浦和,6,浦和８００ラウンドＣ２選抜馬ア,800,ダ,左,稍重,曇,12,8,12,アンカーマン,セ,0,56.0,500,5,秋元耕,海馬司,,12,0:50.6,36.4,12-12,11,500,5
2022/05/31,浦和,7,Ｊ交 ツインベスト特別３歳選抜馬,1400,ダ,左,稍重,曇,12,5,5,バーグチャン,牝,3,54.0,406,-10,笹川翼,杉山佳,,1,1:29.8,39.5,3-3-3-2,5,406,-10
2022/05/31,浦和,7,Ｊ交 ツインベスト特別３歳選抜馬,1400,ダ,左,稍重,曇,12,1,1,ムーランアルザン,牝,3,53.0,484,-10,古岡勇,小檜悟,,2,1:29.9,39.6,1-1-1-1,4,484,-10
2022/05/31,浦和,7,Ｊ交 ツインベスト特別３歳選抜馬,1400,ダ,左,稍重,曇,12,2,2,フロネシス,牝,3,54.0,433,0,町田直,山下之,,3,1:29.9,39.6,2-2-2-3,2,433,0
2022/05/31,浦和,7,Ｊ交 ツインベスト特別３歳選抜馬,1400,ダ,左,稍重,曇,12,7,9,グリューフィア,セ,0,56.0,501,-1,森泰斗,米谷康,,4,1:30.0,38.9,7-7-7-7,1,501,-1
2022/05/31,浦和,7,Ｊ交 ツインベスト特別３歳選抜馬,1400,ダ,左,稍重,曇,12,6,7,キョウエイシャイン,牝,3,54.0,454,7,秋元耕,小澤宏,,5,1:30.1,39.2,6-6-6-5,9,454,7
2022/05/31,浦和,7,Ｊ交 ツインベスト特別３歳選抜馬,1400,ダ,左,稍重,曇,12,6,8,ノブオートーケン,牡,3,56.0,452,-4,山崎誠,山本学,,6,1:30.4,38.9,10-9-8-9,6,452,-4
2022/05/31,浦和,7,Ｊ交 ツインベスト特別３歳選抜馬,1400,ダ,左,稍重,曇,12,3,3,シエリナロッジ,牝,3,54.0,467,3,中越琉,青木孝,,7,1:30.4,39.9,5-5-5-4,10,467,3
2022/05/31,浦和,7,Ｊ交 ツインベスト特別３歳選抜馬,1400,ダ,左,稍重,曇,12,8,12,グランドルチル,牡,3,52.0,511,-9,小林捺,加藤和,,8,1:30.8,39.1,8-10-11-11,11,511,-9
2022/05/31,浦和,7,Ｊ交 ツインベスト特別３歳選抜馬,1400,ダ,左,稍重,曇,12,8,11,シュニッツラー,牝,3,54.0,470,-3,櫻井光,岩本洋,,9,1:30.8,39.5,9-8-9-6,12,470,-3
2022/05/31,浦和,7,Ｊ交 ツインベスト特別３歳選抜馬,1400,ダ,左,稍重,曇,12,5,6,ススムライン,セ,0,56.0,446,-8,福原杏,齊藤敏,,10,1:31.1,39.4,11-11-10-10,8,446,-8
2022/05/31,浦和,7,Ｊ交 ツインベスト特別３歳選抜馬,1400,ダ,左,稍重,曇,12,7,10,モンテジュエル,牝,3,54.0,441,9,和田譲,水野貴,,11,1:32.1,41.8,4-4-4-8,3,441,9
2022/05/31,浦和,7,Ｊ交 ツインベスト特別３歳選抜馬,1400,ダ,左,稍重,曇,12,4,4,グランドメノウ,牡,3,53.0,487,-5,菅原涼,清水英,,12,1:32.5,40.0,12-12-12-12,7,487,-5
2022/05/31,浦和,8,Ｃ１五,1400,ダ,左,稍重,曇,12,7,9,アミスタ,牝,4,54.0,472,-4,森泰斗,齊藤敏,,1,1:30.6,39.1,5-5-5-4,2,472,-4
2022/05/31,浦和,8,Ｃ１五,1400,ダ,左,稍重,曇,12,3,3,ブッカープライズ,牡,4,56.0,449,8,矢野貴,川島一,,2,1:30.7,39.4,4-4-4-2,3,449,8
2022/05/31,浦和,8,Ｃ１五,1400,ダ,左,稍重,曇,12,2,2,トペコンヒーロ,牡,4,56.0,476,-8,山崎誠,田島寿,,3,1:30.7,39.0,10-9-7-5,5,476,-8
2022/05/31,浦和,8,Ｃ１五,1400,ダ,左,稍重,曇,12,6,8,ベイビーアッシュ,牡,4,56.0,539,-6,笹川翼,小澤宏,,4,1:30.9,39.8,3-3-2-3,1,539,-6
2022/05/31,浦和,8,Ｃ１五,1400,ダ,左,稍重,曇,12,5,5,アンシミラー,牡,5,56.0,462,-8,吉留孝,薮口一,,5,1:31.1,39.4,8-7-6-7,4,462,-8
2022/05/31,浦和,8,Ｃ１五,1400,ダ,左,稍重,曇,12,1,1,フェリスダージ,牝,4,54.0,422,2,内田利,工藤伸,,6,1:31.2,39.5,7-8-8-6,9,422,2
2022/05/31,浦和,8,Ｃ１五,1400,ダ,左,稍重,曇,12,4,4,ディーレクタ,牝,4,54.0,495,-2,山林信,村田順,,7,1:32.2,41.3,1-1-1-1,6,495,-2
2022/05/31,浦和,8,Ｃ１五,1400,ダ,左,稍重,曇,12,5,6,タマモゼーゼマン,牡,5,56.0,479,7,橋本直,川村守,,8,1:32.3,40.0,11-12-11-9,11,479,7
2022/05/31,浦和,8,Ｃ１五,1400,ダ,左,稍重,曇,12,7,10,レインボーカラー,牝,4,50.0,513,-4,小林捺,藤原智,,9,1:32.5,41.4,2-2-3-8,8,513,-4
2022/05/31,浦和,8,Ｃ１五,1400,ダ,左,稍重,曇,12,8,12,ニシノカムイ,牡,4,56.0,460,-5,秋元耕,宮下靖,,10,1:32.9,40.6,9-10-12-12,12,460,-5
2022/05/31,浦和,8,Ｃ１五,1400,ダ,左,稍重,曇,12,6,7,ヴィンチェンツァ,セ,0,56.0,537,9,笠野雄,山中尊,,11,1:33.2,41.5,6-6-9-10,7,537,9
2022/05/31,浦和,8,Ｃ１五,1400,ダ,左,稍重,曇,12,8,11,フォーリボス,セ,0,56.0,486,2,櫻井光,岩本洋,,12,1:33.9,42.0,12-11-10-11,10,486,2
2022/05/31,浦和,9,ＪＣＳファイナルステージ第１戦Ｃ１選定馬,1400,ダ,左,稍重,曇,12,3,3,アイエンジェル,牝,5,54.0,493,-2,岡部誠,岡田一,,1,1:29.9,38.6,8-9-8-5,10,493,-2
2022/05/31,浦和,9,ＪＣＳファイナルステージ第１戦Ｃ１選定馬,1400,ダ,左,稍重,曇,12,8,11,ハイプリーステス,牝,4,54.0,438,-4,矢野貴,牛房榮,,2,1:29.9,39.5,3-3-3-3,8,438,-4
2022/05/31,浦和,9,ＪＣＳファイナルステージ第１戦Ｃ１選定馬,1400,ダ,左,稍重,曇,12,2,2,オウケンアマゾネス,牝,5,54.0,456,-5,青柳正,工藤伸,,3,1:30.3,39.4,6-4-4-4,5,456,-5
2022/05/31,浦和,9,ＪＣＳファイナルステージ第１戦Ｃ１選定馬,1400,ダ,左,稍重,曇,12,7,9,サウンディングベル,牡,8,56.0,465,-2,山崎誠,水野貴,,4,1:30.7,39.5,7-7-10-7,7,465,-2
2022/05/31,浦和,9,ＪＣＳファイナルステージ第１戦Ｃ１選定馬,1400,ダ,左,稍重,曇,12,4,4,ジョーミニスター,牝,4,54.0,425,15,森泰斗,小久智,,5,1:30.7,40.5,2-2-2-2,1,425,15
2022/05/31,浦和,9,ＪＣＳファイナルステージ第１戦Ｃ１選定馬,1400,ダ,左,稍重,曇,12,5,5,スリーヴリーグ,牡,6,56.0,528,7,村上忍,野口寛,,6,1:30.8,39.6,9-10-9-10,3,528,7
2022/05/31,浦和,9,ＪＣＳファイナルステージ第１戦Ｃ１選定馬,1400,ダ,左,稍重,曇,12,6,8,ネクサスエッジ,牝,5,54.0,482,0,秋元耕,小澤宏,,7,1:30.9,40.7,1-1-1-1,2,482,0
2022/05/31,浦和,9,ＪＣＳファイナルステージ第１戦Ｃ１選定馬,1400,ダ,左,稍重,曇,12,8,12,ナインボール,牝,4,54.0,422,0,山口勲,山田質,,8,1:31.0,39.3,12-11-11-11,12,422,0
2022/05/31,浦和,9,ＪＣＳファイナルステージ第１戦Ｃ１選定馬,1400,ダ,左,稍重,曇,12,7,10,アンファスエシャペ,牝,4,54.0,453,5,赤岡修,佐々功,,9,1:31.0,40.1,5-6-6-6,11,453,5
2022/05/31,浦和,9,ＪＣＳファイナルステージ第１戦Ｃ１選定馬,1400,ダ,左,稍重,曇,12,1,1,ホシプリンセス,牝,4,54.0,498,-7,石川倭,酒井一,,10,1:31.1,39.2,11-11-12-12,6,498,-7
2022/05/31,浦和,9,ＪＣＳファイナルステージ第１戦Ｃ１選定馬,1400,ダ,左,稍重,曇,12,6,7,ピノモラーン,牡,4,56.0,475,7,吉村智,野口孝,,11,1:31.2,40.2,10-7-7-9,4,475,7
2022/05/31,浦和,9,ＪＣＳファイナルステージ第１戦Ｃ１選定馬,1400,ダ,左,稍重,曇,12,5,6,ピノタージュ,牝,5,54.0,471,-5,藤原幹,内野健,,12,1:31.4,40.5,4-5-5-7,9,471,-5
2022/05/31,浦和,10,双子座特別Ｂ３二,1500,ダ,左,稍重,曇,12,6,7,カールスバート,牡,4,56.0,477,-6,和田譲,齊藤敏,,1,1:34.4,37.4,2-2-2-2,2,477,-6
2022/05/31,浦和,10,双子座特別Ｂ３二,1500,ダ,左,稍重,曇,12,8,12,ジョーマキアート,牝,7,51.0,504,-1,室陽一,小久智,,2,1:34.8,39.2,1-1-1-1,1,504,-1
2022/05/31,浦和,10,双子座特別Ｂ３二,1500,ダ,左,稍重,曇,12,3,3,レオステップアップ,牡,7,56.0,503,8,岡村健,岡林光,,3,1:35.8,38.2,5-4-3-3,4,503,8
2022/05/31,浦和,10,双子座特別Ｂ３二,1500,ダ,左,稍重,曇,12,1,1,スパイスアップ,牡,4,56.0,490,-4,實川純,佐々功,,4,1:36.6,38.1,11-11-8-7,5,490,-4
2022/05/31,浦和,10,双子座特別Ｂ３二,1500,ダ,左,稍重,曇,12,5,6,コスモビートイット,牡,5,56.0,505,1,福原杏,川島豊,,5,1:36.8,39.1,6-5-5-4,7,505,1
2022/05/31,浦和,10,双子座特別Ｂ３二,1500,ダ,左,稍重,曇,12,4,4,キャプチュード,牡,7,56.0,498,-3,橋本直,鹿沼和,,6,1:37.4,38.7,12-12-9-8,8,498,-3
2022/05/31,浦和,10,双子座特別Ｂ３二,1500,ダ,左,稍重,曇,12,7,10,エスペルト,セ,0,56.0,484,-6,山崎誠,山崎尋,,7,1:37.9,40.4,7-7-4-5,3,484,-6
2022/05/31,浦和,10,双子座特別Ｂ３二,1500,ダ,左,稍重,曇,12,6,8,ピンクローズ,牝,4,54.0,457,-12,半澤慶,宇野博,,8,1:38.1,40.4,4-5-7-6,10,457,-12
2022/05/31,浦和,10,双子座特別Ｂ３二,1500,ダ,左,稍重,曇,12,7,9,トーケンマコット,牝,5,54.0,420,0,山本紀,山本学,,9,1:38.4,40.9,3-3-6-9,12,420,0
2022/05/31,浦和,10,双子座特別Ｂ３二,1500,ダ,左,稍重,曇,12,5,5,アイロンワークス,牡,5,56.0,472,-7,臼井健,凾館一,,10,1:39.0,40.7,9-9-11-10,11,472,-7
2022/05/31,浦和,10,双子座特別Ｂ３二,1500,ダ,左,稍重,曇,12,8,11,サーストンネイジュ,牝,6,51.0,493,-2,新原周,池田孝,,11,1:39.2,40.9,8-8-10-11,9,493,-2
2022/05/31,浦和,10,双子座特別Ｂ３二,1500,ダ,左,稍重,曇,12,2,2,マルボルクシチー,牡,8,56.0,443,-8,山口達,林正人,,12,1:39.2,40.7,10-10-12-12,6,443,-8
2022/05/31,浦和,11,ＪＣＳファイナルステージ第２戦Ｂ３選定馬,1400,ダ,左,稍重,曇,12,6,8,ジョーイルガチフェ,牡,4,56.0,536,4,藤原幹,小久智,,1,1:27.8,38.8,2-2-1-1,3,536,4
2022/05/31,浦和,11,ＪＣＳファイナルステージ第２戦Ｂ３選定馬,1400,ダ,左,稍重,曇,12,7,10,ナムラタイガー,牡,5,56.0,545,-6,山崎誠,柘榴浩,,2,1:28.9,39.7,3-3-3-3,6,545,-6
2022/05/31,浦和,11,ＪＣＳファイナルステージ第２戦Ｂ３選定馬,1400,ダ,左,稍重,曇,12,4,4,ソフィアバローズ,牝,5,54.0,435,-8,森泰斗,川島豊,,3,1:28.9,38.1,10-10-9-7,4,435,-8
2022/05/31,浦和,11,ＪＣＳファイナルステージ第２戦Ｂ３選定馬,1400,ダ,左,稍重,曇,12,3,3,ヒデノペリドット,牡,4,56.0,492,0,山口勲,岡田一,,4,1:29.1,39.7,5-4-4-4,1,492,0
2022/05/31,浦和,11,ＪＣＳファイナルステージ第２戦Ｂ３選定馬,1400,ダ,左,稍重,曇,12,6,7,タマモアンドロメダ,牡,4,56.0,502,-4,秋元耕,水野貴,,5,1:29.3,40.2,1-1-2-2,8,502,-4
2022/05/31,浦和,11,ＪＣＳファイナルステージ第２戦Ｂ３選定馬,1400,ダ,左,稍重,曇,12,1,1,メイストーム,牡,4,56.0,504,-4,石川倭,水野貴,,6,1:29.4,39.0,9-8-8-5,7,504,-4
2022/05/31,浦和,11,ＪＣＳファイナルステージ第２戦Ｂ３選定馬,1400,ダ,左,稍重,曇,12,5,6,トミケンゲヌーク,セ,0,56.0,447,3,矢野貴,阿井正,,7,1:29.6,37.8,11-11-11-9,9,447,3
2022/05/31,浦和,11,ＪＣＳファイナルステージ第２戦Ｂ３選定馬,1400,ダ,左,稍重,曇,12,7,9,グランギフト,牡,5,56.0,485,4,赤岡修,山崎尋,,8,1:29.9,40.0,6-6-5-6,5,485,4
2022/05/31,浦和,11,ＪＣＳファイナルステージ第２戦Ｂ３選定馬,1400,ダ,左,稍重,曇,12,5,5,ガマン,牡,5,56.0,468,-3,青柳正,水野貴,,9,1:31.1,40.3,8-9-10-10,12,468,-3
2022/05/31,浦和,11,ＪＣＳファイナルステージ第２戦Ｂ３選定馬,1400,ダ,左,稍重,曇,12,2,2,ハクアイウィンザー,牡,5,56.0,540,12,吉村智,石井勝,,10,1:31.1,41.2,7-7-6-8,2,540,12
2022/05/31,浦和,11,ＪＣＳファイナルステージ第２戦Ｂ３選定馬,1400,ダ,左,稍重,曇,12,8,12,サトノゴールド,セ,0,56.0,465,0,岡部誠,小林真,,11,1:31.4,38.6,12-12-12-12,10,465,0
2022/05/31,浦和,11,ＪＣＳファイナルステージ第２戦Ｂ３選定馬,1400,ダ,左,稍重,曇,12,8,11,グローサーベア,セ,0,56.0,469,-3,村上忍,山崎裕,,12,1:32.4,42.7,4-5-7-11,11,469,-3
2022/05/31,浦和,12,五月特別Ａ２下,1500,ダ,左,稍重,曇,12,8,11,アマネラクーン,牡,5,57.0,514,1,森泰斗,小久智,,1,1:34.4,36.7,3-3-1-1,1,514,1
2022/05/31,浦和,12,五月特別Ａ２下,1500,ダ,左,稍重,曇,12,2,2,アールロッソ,牝,6,55.0,509,1,町田直,山下之,,2,1:35.1,37.1,4-4-4-3,2,509,1
2022/05/31,浦和,12,五月特別Ａ２下,1500,ダ,左,稍重,曇,12,6,8,ヨハン,牡,6,57.0,455,-5,本田重,山下之,,3,1:35.8,37.7,5-5-7-5,6,455,-5
2022/05/31,浦和,12,五月特別Ａ２下,1500,ダ,左,稍重,曇,12,3,3,マッドルーレット,牡,4,55.0,479,0,和田譲,山中尊,,4,1:35.8,37.5,6-6-9-8,4,479,0
2022/05/31,浦和,12,五月特別Ａ２下,1500,ダ,左,稍重,曇,12,7,10,ホウヨウクリスタル,牡,4,55.0,519,3,山崎誠,藤原智,,5,1:36.3,38.6,2-2-1-2,8,519,3
2022/05/31,浦和,12,五月特別Ａ２下,1500,ダ,左,稍重,曇,12,5,6,パーソナルマキ,牡,9,55.0,497,-4,吉留孝,平山真,,6,1:36.3,38.0,8-8-8-9,11,497,-4
2022/05/31,浦和,12,五月特別Ａ２下,1500,ダ,左,稍重,曇,12,7,9,モリデンアロー,牡,4,55.0,496,-8,笹川翼,繁田健,,7,1:36.4,38.1,7-9-5-4,3,496,-8
2022/05/31,浦和,12,五月特別Ａ２下,1500,ダ,左,稍重,曇,12,8,12,マカベウス,牡,4,57.0,511,4,石崎駿,米谷康,,8,1:36.5,38.6,10-7-6-7,7,511,4
2022/05/31,浦和,12,五月特別Ａ２下,1500,ダ,左,稍重,曇,12,6,7,ブランクエンド,牡,6,57.0,479,-3,矢野貴,佐藤太,,9,1:36.8,38.1,9-10-11-10,5,479,-3
2022/05/31,浦和,12,五月特別Ａ２下,1500,ダ,左,稍重,曇,12,1,1,ジョーダンキング,牡,9,57.0,502,-7,櫻井光,山崎尋,,10,1:36.9,37.9,11-11-12-11,12,502,-7
2022/05/31,浦和,12,五月特別Ａ２下,1500,ダ,左,稍重,曇,12,5,5,ワグナーコーヴ,セ,0,55.0,458,5,保園翔,岡林光,,11,1:37.0,39.3,1-1-3-6,9,458,5
2022/05/31,浦和,12,五月特別Ａ２下,1500,ダ,左,稍重,曇,12,4,4,レベルスリー,牡,7,57.0,460,4,山口達,林正人,,12,1:37.2,38.5,12-12-10-12,10,460,4
2022/06/01,浦和,1,３歳六,1400,ダ,左,稍重,晴,12,4,4,ミライトーキョー,牡,3,56.0,455,-1,小杉亮,林　幻,,1,1:30.7,39.9,1-1-1-1,4,455,-1
2022/06/01,浦和,1,３歳六,1400,ダ,左,稍重,晴,12,7,9,キングブルズアイズ,牡,3,56.0,495,-15,和田譲,繁田健,,2,1:31.0,39.5,7-7-4-4,1,495,-15
2022/06/01,浦和,1,３歳六,1400,ダ,左,稍重,晴,12,5,5,トーセンキッド,牡,3,56.0,454,-10,橋本直,小久智,,3,1:31.1,38.9,12-11-8-5,2,454,-10
2022/06/01,浦和,1,３歳六,1400,ダ,左,稍重,晴,12,5,6,ワセダメジャー,牡,3,56.0,494,16,川島正,佐藤太,,4,1:31.2,40.3,2-2-2-2,6,494,16
2022/06/01,浦和,1,３歳六,1400,ダ,左,稍重,晴,12,7,10,ジャングルタキオン,牡,3,56.0,507,17,森泰斗,野口孝,,5,1:31.5,40.4,3-3-3-3,3,507,17
2022/06/01,浦和,1,３歳六,1400,ダ,左,稍重,晴,12,8,11,サヤピーエレガント,牝,3,54.0,432,3,實川純,佐々功,,6,1:32.0,40.6,4-4-6-9,11,432,3
2022/06/01,浦和,1,３歳六,1400,ダ,左,稍重,晴,12,6,7,スターコマチ,牝,3,54.0,432,23,秋元耕,小澤宏,,7,1:32.0,39.6,10-10-9-8,8,432,23
2022/06/01,浦和,1,３歳六,1400,ダ,左,稍重,晴,12,2,2,シェナダイオー,牡,3,56.0,545,9,寺島憂,山越光,,8,1:32.1,40.5,8-6-7-6,10,545,9
2022/06/01,浦和,1,３歳六,1400,ダ,左,稍重,晴,12,8,12,ヤクライローズ,牝,3,54.0,440,-3,見越彬,鹿沼和,,9,1:33.0,40.0,11-12-11-10,7,440,-3
2022/06/01,浦和,1,３歳六,1400,ダ,左,稍重,晴,12,3,3,アズールスフィア,牝,3,54.0,416,-1,高橋哲,工藤伸,,10,1:33.3,41.7,5-5-5-7,9,416,-1
2022/06/01,浦和,1,３歳六,1400,ダ,左,稍重,晴,12,1,1,デュークキング,牡,3,56.0,439,7,赤津和,水野貴,,11,1:34.9,42.5,9-9-11-11,12,439,7
2022/06/01,浦和,1,３歳六,1400,ダ,左,稍重,晴,12,6,8,ニッショウアキラ,牡,3,56.0,426,-8,福原杏,酒井一,,12,1:35.7,43.5,6-8-10-12,5,426,-8
2022/06/01,浦和,2,ランチタイムチャレンジ３歳五,1400,ダ,左,稍重,晴,12,3,3,ジョワソレイユ,牡,3,56.0,481,-10,山中悠,伊藤滋,,1,1:31.6,40.3,1-1-1-1,5,481,-10
2022/06/01,浦和,2,ランチタイムチャレンジ３歳五,1400,ダ,左,稍重,晴,12,8,11,カジュアルスパート,牡,3,56.0,485,5,達城龍,野口寛,,2,1:31.8,40.0,4-5-4-2,6,485,5
2022/06/01,浦和,2,ランチタイムチャレンジ３歳五,1400,ダ,左,稍重,晴,12,6,7,ソーサレス,牝,3,54.0,480,1,矢野貴,小澤宏,,3,1:32.3,40.9,2-2-2-3,1,480,1
2022/06/01,浦和,2,ランチタイムチャレンジ３歳五,1400,ダ,左,稍重,晴,12,4,4,ビクエスト,牡,3,56.0,436,-11,小杉亮,矢内博,,4,1:32.5,40.1,6-6-6-6,12,436,-11
2022/06/01,浦和,2,ランチタイムチャレンジ３歳五,1400,ダ,左,稍重,晴,12,5,6,ラクスシャルキ,牝,3,54.0,448,-18,秋元耕,酒井一,,5,1:32.7,40.0,11-11-9-9,9,448,-18
2022/06/01,浦和,2,ランチタイムチャレンジ３歳五,1400,ダ,左,稍重,晴,12,5,5,オニクダイスキマン,牡,3,56.0,416,-3,濱田達,佐々功,,6,1:32.8,40.3,9-7-6-8,7,416,-3
2022/06/01,浦和,2,ランチタイムチャレンジ３歳五,1400,ダ,左,稍重,晴,12,6,8,シェナチチカカ,牝,3,51.0,378,-4,野畑凌,山田正,,7,1:32.8,39.9,7-9-10-11,8,378,-4
2022/06/01,浦和,2,ランチタイムチャレンジ３歳五,1400,ダ,左,稍重,晴,12,2,2,ツインティアラ,牝,3,54.0,454,11,岡田大,薮口一,,8,1:32.8,40.1,10-10-8-7,4,454,11
2022/06/01,浦和,2,ランチタイムチャレンジ３歳五,1400,ダ,左,稍重,晴,12,1,1,ユメミルツキ,牝,3,54.0,438,3,半澤慶,工藤伸,,9,1:32.9,41.2,5-4-5-5,11,438,3
2022/06/01,浦和,2,ランチタイムチャレンジ３歳五,1400,ダ,左,稍重,晴,12,7,9,シェナノララ,牝,3,54.0,433,3,吉留孝,冨田敏,,10,1:33.1,39.6,12-12-12-10,2,433,3
2022/06/01,浦和,2,ランチタイムチャレンジ３歳五,1400,ダ,左,稍重,晴,12,7,10,ステラセイコー,牝,3,54.0,457,-8,福原杏,水野貴,,11,1:33.1,41.6,3-3-3-4,3,457,-8
2022/06/01,浦和,2,ランチタイムチャレンジ３歳五,1400,ダ,左,稍重,晴,12,8,12,ユウユウパレス,牝,3,51.0,408,3,室陽一,横山保,,12,1:33.7,41.1,8-8-10-12,10,408,3
2022/06/01,浦和,3,浦和８００ラウンドＣ３選抜馬イ,800,ダ,左,良,晴,12,4,4,プリプリクインダム,牝,7,51.0,487,-1,室陽一,平山真,,1,0:47.8,35.9,1-1,1,487,-1
2022/06/01,浦和,3,浦和８００ラウンドＣ３選抜馬イ,800,ダ,左,良,晴,12,5,6,ロゼッタハート,牝,8,54.0,439,-3,高橋哲,牛房榮,,2,0:48.3,36.2,2-2,3,439,-3
2022/06/01,浦和,3,浦和８００ラウンドＣ３選抜馬イ,800,ダ,左,良,晴,12,8,11,クールスパート,牡,7,56.0,0,0,見越彬,野口寛,,3,0:48.8,36.5,3-3,2,0,0
2022/06/01,浦和,3,浦和８００ラウンドＣ３選抜馬イ,800,ダ,左,良,晴,12,3,3,クロノエンプレス,牝,5,54.0,480,2,橋本直,酒井一,,4,0:49.2,36.5,5-5,6,480,2
2022/06/01,浦和,3,浦和８００ラウンドＣ３選抜馬イ,800,ダ,左,良,晴,12,1,1,メロメロパンチ,牝,9,51.0,487,-7,及川烈,内野健,,5,0:49.3,36.9,4-4,5,487,-7
2022/06/01,浦和,3,浦和８００ラウンドＣ３選抜馬イ,800,ダ,左,良,晴,12,6,7,ニシノマッハ,牡,8,56.0,477,2,國分祐,冨田敏,,6,0:49.7,36.8,7-6,11,477,2
2022/06/01,浦和,3,浦和８００ラウンドＣ３選抜馬イ,800,ダ,左,良,晴,12,5,5,コウエイダイチ,牡,8,56.0,468,5,秋元耕,吉田正,,7,0:49.8,37.1,6-7,10,468,5
2022/06/01,浦和,3,浦和８００ラウンドＣ３選抜馬イ,800,ダ,左,良,晴,12,6,8,スキニチーノ,牝,5,54.0,471,-12,酒井忍,海馬司,,8,0:50.7,36.7,11-11,7,471,-12
2022/06/01,浦和,3,浦和８００ラウンドＣ３選抜馬イ,800,ダ,左,良,晴,12,8,12,ヘデラ,牝,6,54.0,451,3,寺島憂,柘榴浩,,9,0:50.7,37.4,10-10,4,451,3
2022/06/01,浦和,3,浦和８００ラウンドＣ３選抜馬イ,800,ダ,左,良,晴,12,7,10,ナンセイエメラルド,牝,6,54.0,443,-15,保園翔,山越光,,10,0:50.9,37.4,9-8,8,443,-15
2022/06/01,浦和,3,浦和８００ラウンドＣ３選抜馬イ,800,ダ,左,良,晴,12,7,9,グレートバロン,牡,8,56.0,458,-5,吉留孝,岡田一,,11,0:51.0,37.8,8-9,9,458,-5
2022/06/01,浦和,3,浦和８００ラウンドＣ３選抜馬イ,800,ダ,左,良,晴,12,2,2,シャインルビー,牝,5,54.0,443,5,加藤和,川村守,,12,0:56.3,42.8,12-12,12,443,5
2022/06/01,浦和,4,浦和８００ラウンドＣ３選抜馬ア,800,ダ,左,良,晴,12,1,1,ピコデロロ,牝,5,54.0,412,3,福原杏,吉田正,,1,0:48.0,35.8,3-3,6,412,3
2022/06/01,浦和,4,浦和８００ラウンドＣ３選抜馬ア,800,ダ,左,良,晴,12,8,12,エイシンキーゼル,牡,4,53.0,452,4,室陽一,宇野博,,2,0:48.2,36.2,1-1,1,452,4
2022/06/01,浦和,4,浦和８００ラウンドＣ３選抜馬ア,800,ダ,左,良,晴,12,7,10,ラブリースマッシュ,牝,7,54.0,476,-1,吉留孝,薮口一,,3,0:48.7,36.6,4-4,3,476,-1
2022/06/01,浦和,4,浦和８００ラウンドＣ３選抜馬ア,800,ダ,左,良,晴,12,7,9,ラヴアンドゲーム,牝,5,54.0,464,-5,高橋哲,酒井一,,4,0:48.9,36.9,2-2,7,464,-5
2022/06/01,浦和,4,浦和８００ラウンドＣ３選抜馬ア,800,ダ,左,良,晴,12,3,3,トーセンイザベル,牝,4,53.0,429,-6,七夕裕,海馬司,,5,0:49.0,36.6,6-6,10,429,-6
2022/06/01,浦和,4,浦和８００ラウンドＣ３選抜馬ア,800,ダ,左,良,晴,12,2,2,アミン,牝,5,54.0,456,5,岡田大,冨田敏,,6,0:49.0,36.4,9-5,8,456,5
2022/06/01,浦和,4,浦和８００ラウンドＣ３選抜馬ア,800,ダ,左,良,晴,12,8,11,サノチナ,牝,5,54.0,419,-2,赤津和,川島豊,,7,0:49.1,36.7,5-7,9,419,-2
2022/06/01,浦和,4,浦和８００ラウンドＣ３選抜馬ア,800,ダ,左,良,晴,12,5,5,ルア,牝,8,54.0,471,-6,橋本直,内野健,,8,0:49.4,36.8,7-8,5,471,-6
2022/06/01,浦和,4,浦和８００ラウンドＣ３選抜馬ア,800,ダ,左,良,晴,12,6,7,カゲカツ,牡,8,53.0,523,-6,及川烈,長谷忍,,9,0:49.7,37.1,8-9,2,523,-6
2022/06/01,浦和,4,浦和８００ラウンドＣ３選抜馬ア,800,ダ,左,良,晴,12,4,4,ケイティーヒナノ,牝,7,54.0,483,-6,秋元耕,柘榴浩,,10,0:49.8,36.9,10-11,4,483,-6
2022/06/01,浦和,4,浦和８００ラウンドＣ３選抜馬ア,800,ダ,左,良,晴,12,6,8,ジュンノサップ,牡,6,56.0,464,-1,寺島憂,横山保,,11,0:49.9,36.6,11-10,12,464,-1
2022/06/01,浦和,4,浦和８００ラウンドＣ３選抜馬ア,800,ダ,左,良,晴,12,5,6,ピノティートン,牡,4,56.0,461,-1,見越彬,野口孝,,12,0:50.4,36.7,12-12,11,461,-1
2022/06/01,浦和,5,Ｃ３五,1400,ダ,左,良,晴,12,8,12,アルティスタエース,牡,7,56.0,478,2,福原杏,繁田健,,1,1:30.9,39.3,3-3-3-3,1,478,2
2022/06/01,浦和,5,Ｃ３五,1400,ダ,左,良,晴,12,8,11,リングボーイ,セ,0,56.0,422,-7,森泰斗,水野貴,,2,1:31.0,39.5,2-2-2-1,2,422,-7
2022/06/01,浦和,5,Ｃ３五,1400,ダ,左,良,晴,12,1,1,キョウエイレガード,牝,7,54.0,463,9,岡田大,吉田正,,3,1:31.6,39.1,9-7-6-6,4,463,9
2022/06/01,浦和,5,Ｃ３五,1400,ダ,左,良,晴,12,4,4,ニシノマリアージュ,牝,6,54.0,413,-4,國分祐,冨田敏,,4,1:32.0,40.0,4-4-5-5,10,413,-4
2022/06/01,浦和,5,Ｃ３五,1400,ダ,左,良,晴,12,6,8,ノブカナロア,牡,4,56.0,450,-2,笹川翼,小久智,,5,1:32.0,40.6,1-1-1-2,3,450,-2
2022/06/01,浦和,5,Ｃ３五,1400,ダ,左,良,晴,12,2,2,ゲツレンカ,牝,4,54.0,436,-6,藤本現,齊藤敏,,6,1:32.3,40.1,7-5-4-4,6,436,-6
2022/06/01,浦和,5,Ｃ３五,1400,ダ,左,良,晴,12,7,9,マオノルミエール,牝,4,54.0,420,-3,山中悠,渋谷博,,7,1:32.5,39.3,11-11-10-7,12,420,-3
2022/06/01,浦和,5,Ｃ３五,1400,ダ,左,良,晴,12,5,5,ギンサー,牡,4,53.0,470,9,室陽一,小林真,,8,1:32.9,40.1,10-8-8-8,11,470,9
2022/06/01,浦和,5,Ｃ３五,1400,ダ,左,良,晴,12,6,7,ホロシリダケ,セ,0,55.0,480,2,七夕裕,野口孝,,9,1:33.2,40.1,6-10-9-9,7,480,2
2022/06/01,浦和,5,Ｃ３五,1400,ダ,左,良,晴,12,7,10,ローズカルテット,牝,4,54.0,428,5,濱田達,平山真,,10,1:33.6,40.5,8-9-11-10,9,428,5
2022/06/01,浦和,5,Ｃ３五,1400,ダ,左,良,晴,12,5,6,オールドボンバー,牡,6,56.0,471,-8,見越彬,横山保,,11,1:33.9,39.5,12-12-12-12,5,471,-8
2022/06/01,浦和,5,Ｃ３五,1400,ダ,左,良,晴,12,3,3,キョウエイノータス,牝,4,50.0,424,6,小林捺,山崎尋,,12,1:36.0,43.7,5-6-7-11,8,424,6
2022/06/01,浦和,6,Ｃ２五 六 七,1400,ダ,左,良,晴,12,2,2,クリムゾンオーラ,牝,5,51.0,476,1,室陽一,牛房榮,,1,1:30.3,40.2,1-1-1-1,3,476,1
2022/06/01,浦和,6,Ｃ２五 六 七,1400,ダ,左,良,晴,12,3,3,ルージュカプリス,牝,5,54.0,422,-12,加藤和,長谷忍,,2,1:30.9,40.3,5-3-5-3,2,422,-12
2022/06/01,浦和,6,Ｃ２五 六 七,1400,ダ,左,良,晴,12,7,10,ヤマニンバルトロ,牡,4,56.0,482,-5,山崎誠,山崎尋,,3,1:31.0,40.2,6-6-3-2,4,482,-5
2022/06/01,浦和,6,Ｃ２五 六 七,1400,ダ,左,良,晴,12,4,4,アンタルクティクス,牡,5,53.0,497,-7,及川烈,内野健,,4,1:31.0,40.2,3-4-6-6,5,497,-7
2022/06/01,浦和,6,Ｃ２五 六 七,1400,ダ,左,良,晴,12,1,1,エメラルスマイル,牝,4,54.0,429,-2,野澤憲,佐々清,,5,1:31.1,40.0,8-7-8-5,10,429,-2
2022/06/01,浦和,6,Ｃ２五 六 七,1400,ダ,左,良,晴,12,7,9,バードハズフロウン,牝,4,54.0,440,-1,福原杏,横山保,,6,1:31.1,40.0,10-8-7-8,9,440,-1
2022/06/01,浦和,6,Ｃ２五 六 七,1400,ダ,左,良,晴,12,8,11,コスモジェニー,牝,4,53.0,434,2,七夕裕,工藤伸,,7,1:31.2,40.4,4-5-4-7,6,434,2
2022/06/01,浦和,6,Ｃ２五 六 七,1400,ダ,左,良,晴,12,6,7,ゴールドバード,牡,8,56.0,489,0,藤江渉,野口孝,,8,1:31.5,38.9,12-12-12-11,7,489,0
2022/06/01,浦和,6,Ｃ２五 六 七,1400,ダ,左,良,晴,12,5,5,キミノナハ,牝,4,50.0,460,6,中島良,長谷忍,,9,1:31.8,40.4,9-10-10-9,11,460,6
2022/06/01,浦和,6,Ｃ２五 六 七,1400,ダ,左,良,晴,12,8,12,エムワンブラッサム,牝,4,54.0,430,-4,實川純,佐々功,,10,1:32.2,40.6,7-9-11-10,12,430,-4
2022/06/01,浦和,6,Ｃ２五 六 七,1400,ダ,左,良,晴,12,5,6,モッキンバードヒル,牝,4,54.0,443,-5,町田直,内田勝,,11,1:32.3,42.1,2-2-2-4,8,443,-5
2022/06/01,浦和,6,Ｃ２五 六 七,1400,ダ,左,良,晴,12,6,8,フジサクラ,牝,4,54.0,493,-17,酒井忍,宇野博,,12,1:33.4,42.0,11-11-9-12,1,493,-17
2022/06/01,浦和,7,Ｃ２五 六 七,1500,ダ,左,良,曇,12,7,10,ナツハヨル,牝,4,54.0,439,1,福原杏,横山保,,1,1:36.9,38.8,1-1-1-1,7,439,1
2022/06/01,浦和,7,Ｃ２五 六 七,1500,ダ,左,良,曇,12,8,11,アイリーライフ,牝,4,54.0,468,-4,岡村健,新井清,,2,1:36.9,38.7,2-2-2-2,6,468,-4
2022/06/01,浦和,7,Ｃ２五 六 七,1500,ダ,左,良,曇,12,2,2,アーバンブラック,牡,7,56.0,467,1,笹川翼,平山真,,3,1:37.5,38.6,9-9-6-6,1,467,1
2022/06/01,浦和,7,Ｃ２五 六 七,1500,ダ,左,良,曇,12,6,8,リテラチュア,牝,4,54.0,406,-7,和田譲,林　幻,,4,1:37.6,38.8,6-5-5-5,5,406,-7
2022/06/01,浦和,7,Ｃ２五 六 七,1500,ダ,左,良,曇,12,4,4,キャンビー,牡,4,56.0,513,-10,達城龍,野口寛,,5,1:38.0,39.4,3-4-4-4,10,513,-10
2022/06/01,浦和,7,Ｃ２五 六 七,1500,ダ,左,良,曇,12,5,6,マリノアルカディア,牝,4,54.0,453,-10,本橋孝,石井勝,,6,1:38.1,39.7,4-3-3-3,3,453,-10
2022/06/01,浦和,7,Ｃ２五 六 七,1500,ダ,左,良,曇,12,7,9,テセウスフォンテン,牡,4,53.0,461,-5,木間龍,波多健,,7,1:38.4,38.9,11-11-10-9,8,461,-5
2022/06/01,浦和,7,Ｃ２五 六 七,1500,ダ,左,良,曇,12,8,12,ノースブラスト,セ,0,56.0,535,-1,森泰斗,水野貴,,8,1:38.5,39.2,7-6-8-7,2,535,-1
2022/06/01,浦和,7,Ｃ２五 六 七,1500,ダ,左,良,曇,12,6,7,サンアスペン,牝,4,54.0,466,0,寺島憂,川村守,,9,1:39.0,39.8,10-10-7-8,12,466,0
2022/06/01,浦和,7,Ｃ２五 六 七,1500,ダ,左,良,曇,12,5,5,ワンダーフェンリル,牡,4,56.0,516,-6,橋本直,鈴木勝,,10,1:39.4,39.9,5-7-11-11,4,516,-6
2022/06/01,浦和,7,Ｃ２五 六 七,1500,ダ,左,良,曇,12,3,3,トーセンイヴ,牝,4,54.0,438,-6,藤本現,酒井一,,11,1:39.5,40.2,8-8-9-10,9,438,-6
2022/06/01,浦和,7,Ｃ２五 六 七,1500,ダ,左,良,曇,12,1,1,エスカマリ,牝,4,51.0,455,-3,室陽一,吉田正,,12,1:39.5,39.2,12-12-12-12,11,455,-3
2022/06/01,浦和,8,ポピー特別３歳一,1500,ダ,左,良,曇,12,7,10,エスケントバゴ,牡,3,56.0,454,-4,笹川翼,新井清,,1,1:36.2,37.9,6-6-4-3,3,454,-4
2022/06/01,浦和,8,ポピー特別３歳一,1500,ダ,左,良,曇,12,2,2,レディオガガ,牝,3,55.0,488,5,森泰斗,高月賢,,2,1:36.2,39.1,1-1-1-1,1,488,5
2022/06/01,浦和,8,ポピー特別３歳一,1500,ダ,左,良,曇,12,1,1,アウデリア,牡,3,56.0,475,-4,和田譲,林　幻,,3,1:36.5,39.0,3-3-3-4,6,475,-4
2022/06/01,浦和,8,ポピー特別３歳一,1500,ダ,左,良,曇,12,4,4,ダブルラッキー,牡,3,56.0,466,5,矢野貴,小久智,,4,1:37.2,40.0,2-2-2-2,2,466,5
2022/06/01,浦和,8,ポピー特別３歳一,1500,ダ,左,良,曇,12,6,8,モンバイト,牡,3,57.0,472,0,酒井忍,薮口一,,5,1:37.5,38.2,9-8-8-7,4,472,0
2022/06/01,浦和,8,ポピー特別３歳一,1500,ダ,左,良,曇,12,8,11,キックフリップ,牝,3,55.0,460,9,吉留孝,野口孝,,6,1:37.5,38.8,7-7-5-5,5,460,9
2022/06/01,浦和,8,ポピー特別３歳一,1500,ダ,左,良,曇,12,8,12,モーニングスマイル,牡,3,56.0,453,12,秋元耕,箕輪武,,7,1:37.7,38.2,10-10-10-9,11,453,12
2022/06/01,浦和,8,ポピー特別３歳一,1500,ダ,左,良,曇,12,6,7,マスクドサムライ,牡,3,56.0,474,6,吉井章,藤原智,,8,1:37.9,38.3,8-8-9-11,8,474,6
2022/06/01,浦和,8,ポピー特別３歳一,1500,ダ,左,良,曇,12,5,6,ゴールドエース,牡,3,56.0,470,0,達城龍,野口孝,,9,1:38.0,39.5,5-5-7-8,7,470,0
2022/06/01,浦和,8,ポピー特別３歳一,1500,ダ,左,良,曇,12,5,5,バトルホッパー,牡,3,56.0,472,-10,高橋哲,横山保,,10,1:38.0,38.4,11-11-10-10,10,472,-10
2022/06/01,浦和,8,ポピー特別３歳一,1500,ダ,左,良,曇,12,3,3,ガンコチャン,牝,3,54.0,480,-4,岡田大,岡田一,,11,1:38.2,40.2,4-4-6-6,9,480,-4
2022/06/01,浦和,8,ポピー特別３歳一,1500,ダ,左,良,曇,12,7,9,アルラ,牡,3,57.0,0,0,内田利,箕輪武,,,,,,,0,0
2022/06/01,浦和,9,羽生市観光協会　ムジナもん賞Ｃ２五 六 七,1400,ダ,左,良,曇,12,6,8,ビービークラージュ,牡,4,56.0,476,7,庄司大,稲益貴,,1,1:29.8,37.6,11-11-10-8,6,476,7
2022/06/01,浦和,9,羽生市観光協会　ムジナもん賞Ｃ２五 六 七,1400,ダ,左,良,曇,12,8,12,デルマジザイ,牡,4,56.0,455,1,藤江渉,工藤伸,,2,1:30.1,39.9,4-4-4-3,5,455,1
2022/06/01,浦和,9,羽生市観光協会　ムジナもん賞Ｃ２五 六 七,1400,ダ,左,良,曇,12,6,7,ピオレドール,牡,7,56.0,479,1,森泰斗,横山保,,3,1:30.1,40.1,5-5-3-1,1,479,1
2022/06/01,浦和,9,羽生市観光協会　ムジナもん賞Ｃ２五 六 七,1400,ダ,左,良,曇,12,4,4,ジャストメイビー,牝,4,51.0,508,8,室陽一,宇野博,,4,1:30.5,40.0,6-6-6-5,7,508,8
2022/06/01,浦和,9,羽生市観光協会　ムジナもん賞Ｃ２五 六 七,1400,ダ,左,良,曇,12,7,9,エイシンビースト,牡,4,56.0,443,-4,本田重,薮口一,,5,1:30.7,39.6,7-8-8-7,4,443,-4
2022/06/01,浦和,9,羽生市観光協会　ムジナもん賞Ｃ２五 六 七,1400,ダ,左,良,曇,12,3,3,モンレアーレ,セ,0,56.0,495,-8,矢野貴,山田信,,6,1:30.8,38.1,12-12-12-10,3,495,-8
2022/06/01,浦和,9,羽生市観光協会　ムジナもん賞Ｃ２五 六 七,1400,ダ,左,良,曇,12,2,2,プレシアンス,牝,4,51.0,422,-5,野畑凌,佐藤博,,7,1:31.2,40.3,8-7-7-6,11,422,-5
2022/06/01,浦和,9,羽生市観光協会　ムジナもん賞Ｃ２五 六 七,1400,ダ,左,良,曇,12,1,1,ダイバサファイア,牝,5,54.0,476,3,赤津和,箕輪武,,8,1:31.9,40.1,10-10-11-12,10,476,3
2022/06/01,浦和,9,羽生市観光協会　ムジナもん賞Ｃ２五 六 七,1400,ダ,左,良,曇,12,8,11,ニシノレガシー,牡,4,56.0,528,-4,實川純,佐々清,,9,1:32.1,40.9,9-9-9-11,12,528,-4
2022/06/01,浦和,9,羽生市観光協会　ムジナもん賞Ｃ２五 六 七,1400,ダ,左,良,曇,12,5,6,ジェームス,牡,8,52.0,503,-3,中島良,川島豊,,10,1:32.1,42.6,1-2-2-2,9,503,-3
2022/06/01,浦和,9,羽生市観光協会　ムジナもん賞Ｃ２五 六 七,1400,ダ,左,良,曇,12,5,5,セイウンミレイア,牝,5,54.0,477,2,岡田大,冨田敏,,11,1:32.3,42.8,1-1-1-4,8,477,2
2022/06/01,浦和,9,羽生市観光協会　ムジナもん賞Ｃ２五 六 七,1400,ダ,左,良,曇,12,7,10,コスモキルカス,牡,4,55.0,465,4,町田直,平田正,,12,1:32.4,42.2,3-3-5-9,2,465,4
2022/06/01,浦和,10,大原優乃イメージキャラクター就任記Ｃ１二,1400,ダ,左,良,曇,12,5,6,ペダンクルアーチ,セ,0,56.0,499,-13,矢野貴,山下之,,1,1:29.2,38.8,3-3-3-1,1,499,-13
2022/06/01,浦和,10,大原優乃イメージキャラクター就任記Ｃ１二,1400,ダ,左,良,曇,12,7,9,ミエノハヤブサ,セ,0,56.0,484,-1,笹川翼,小澤宏,,2,1:29.3,38.6,4-6-4-4,2,484,-1
2022/06/01,浦和,10,大原優乃イメージキャラクター就任記Ｃ１二,1400,ダ,左,良,曇,12,1,1,シュガーダディ,牡,4,53.0,483,-3,野畑凌,内田勝,,3,1:29.6,39.4,2-2-1-3,6,483,-3
2022/06/01,浦和,10,大原優乃イメージキャラクター就任記Ｃ１二,1400,ダ,左,良,曇,12,5,5,ハクシンパーソナル,牡,4,53.0,468,5,木間龍,新井清,,4,1:29.9,38.0,11-11-11-9,7,468,5
2022/06/01,浦和,10,大原優乃イメージキャラクター就任記Ｃ１二,1400,ダ,左,良,曇,12,6,8,ノースリュシオル,牝,4,54.0,444,-2,張田昂,長谷忍,,5,1:30.0,38.9,7-8-7-7,5,444,-2
2022/06/01,浦和,10,大原優乃イメージキャラクター就任記Ｃ１二,1400,ダ,左,良,曇,12,6,7,トレサイーユ,牝,4,54.0,447,-1,酒井忍,柘榴浩,,6,1:30.0,38.7,9-7-8-8,4,447,-1
2022/06/01,浦和,10,大原優乃イメージキャラクター就任記Ｃ１二,1400,ダ,左,良,曇,12,3,3,ヴィスコンティ,セ,0,56.0,497,4,臼井健,山中尊,,7,1:30.0,39.4,5-5-5-5,9,497,4
2022/06/01,浦和,10,大原優乃イメージキャラクター就任記Ｃ１二,1400,ダ,左,良,曇,12,8,12,シバノトロフェオ,牡,4,53.0,518,14,室陽一,宇野博,,8,1:30.4,38.5,10-10-10-12,8,518,14
2022/06/01,浦和,10,大原優乃イメージキャラクター就任記Ｃ１二,1400,ダ,左,良,曇,12,4,4,アンジュクレール,牝,4,54.0,435,-8,森泰斗,小久智,,9,1:30.5,40.3,1-1-2-2,3,435,-8
2022/06/01,浦和,10,大原優乃イメージキャラクター就任記Ｃ１二,1400,ダ,左,良,曇,12,8,11,ワンダーダイカネン,牡,5,56.0,496,3,橋本直,鈴木勝,,10,1:30.6,38.6,12-12-12-11,10,496,3
2022/06/01,浦和,10,大原優乃イメージキャラクター就任記Ｃ１二,1400,ダ,左,良,曇,12,7,10,ヨシケンモンロー,牡,6,56.0,441,-3,秋元耕,野口孝,,11,1:31.1,39.6,8-9-9-10,11,441,-3
2022/06/01,浦和,10,大原優乃イメージキャラクター就任記Ｃ１二,1400,ダ,左,良,曇,12,2,2,スターレイジング,牡,4,56.0,485,9,増田充,加藤誠,,12,1:31.3,40.7,6-4-6-6,12,485,9
2022/06/01,浦和,11,さきたま杯JpnII,1400,ダ,左,良,曇,11,8,10,サルサディオーネ,牝,8,55.0,528,-1,矢野貴,堀千亜,,1,1:25.3,37.0,1-1-1-1,5,528,-1
2022/06/01,浦和,11,さきたま杯JpnII,1400,ダ,左,良,曇,11,5,5,ティーズダンク,牡,5,56.0,513,-4,和田譲,水野貴,,2,1:25.3,36.4,5-6-5-3,3,513,-4
2022/06/01,浦和,11,さきたま杯JpnII,1400,ダ,左,良,曇,11,6,6,シャマル,牡,4,56.0,515,-5,川須栄,松下武,,3,1:25.3,36.8,2-2-2-2,2,515,-5
2022/06/01,浦和,11,さきたま杯JpnII,1400,ダ,左,良,曇,11,6,7,エアスピネル,牡,9,56.0,483,-1,Ｍデム,笹田和,,4,1:25.5,36.1,10-9-7-6,4,483,-1
2022/06/01,浦和,11,さきたま杯JpnII,1400,ダ,左,良,曇,11,4,4,ヘリオス,セ,0,56.0,462,-7,武　豊,寺島良,,5,1:25.9,37.2,4-4-4-4,1,462,-7
2022/06/01,浦和,11,さきたま杯JpnII,1400,ダ,左,良,曇,11,8,11,ルーチェドーロ,牡,4,56.0,514,6,御神訓,池田孝,,6,1:26.4,37.5,6-5-6-7,6,514,6
2022/06/01,浦和,11,さきたま杯JpnII,1400,ダ,左,良,曇,11,7,8,サクセスエナジー,牡,8,57.0,528,-8,松山弘,北出成,,7,1:26.4,37.8,3-3-3-5,7,528,-8
2022/06/01,浦和,11,さきたま杯JpnII,1400,ダ,左,良,曇,11,2,2,ウインハイラント,牡,8,56.0,457,-11,加藤聡,坂口義,,8,1:27.8,38.1,8-7-8-8,8,457,-11
2022/06/01,浦和,11,さきたま杯JpnII,1400,ダ,左,良,曇,11,3,3,バーナードループ,牡,5,57.0,530,2,福原杏,水野貴,,9,1:28.4,38.1,9-10-10-9,9,530,2
2022/06/01,浦和,11,さきたま杯JpnII,1400,ダ,左,良,曇,11,7,9,グレートコマンダー,牝,8,54.0,498,-1,藤本現,今津博,,10,1:28.8,37.9,11-11-11-11,11,498,-1
2022/06/01,浦和,11,さきたま杯JpnII,1400,ダ,左,良,曇,11,1,1,マイネルサーパス,牡,6,56.0,501,0,秋元耕,山越光,,11,1:29.3,39.3,7-8-9-10,10,501,0
2022/06/01,浦和,12,アヤメ特別Ｂ２Ｂ３選抜馬,2000,ダ,左,良,曇,12,3,3,キーピリオッド,牡,5,57.0,513,3,山崎誠,玉井昇,,1,2:09.8,37.4,11-10-4-1,1,513,3
2022/06/01,浦和,12,アヤメ特別Ｂ２Ｂ３選抜馬,2000,ダ,左,良,曇,12,5,6,アンタンスルフレ,セ,0,55.0,447,-3,笹川翼,小澤宏,,2,2:10.4,38.5,2-3-5-3,3,447,-3
2022/06/01,浦和,12,アヤメ特別Ｂ２Ｂ３選抜馬,2000,ダ,左,良,曇,12,2,2,ポピュラーソング,牝,5,52.0,443,1,菅原涼,新井清,,3,2:10.9,39.3,1-1-1-2,7,443,1
2022/06/01,浦和,12,アヤメ特別Ｂ２Ｂ３選抜馬,2000,ダ,左,良,曇,12,7,10,マイネルカガヤキ,牡,5,55.0,509,4,橋本直,平山真,,4,2:11.4,39.0,8-6-6-5,2,509,4
2022/06/01,浦和,12,アヤメ特別Ｂ２Ｂ３選抜馬,2000,ダ,左,良,曇,12,1,1,トーセンマッシモ,牡,4,55.0,498,-2,左海誠,小久智,,5,2:11.5,39.1,4-5-8-7,5,498,-2
2022/06/01,浦和,12,アヤメ特別Ｂ２Ｂ３選抜馬,2000,ダ,左,良,曇,12,4,4,エイシンボールディ,牡,6,57.0,448,7,町田直,工藤伸,,6,2:11.7,39.0,9-9-7-6,10,448,7
2022/06/01,浦和,12,アヤメ特別Ｂ２Ｂ３選抜馬,2000,ダ,左,良,曇,12,7,9,マコトタリスマン,牡,8,57.0,480,4,澤田龍,川島一,,7,2:11.9,40.2,3-2-2-4,9,480,4
2022/06/01,浦和,12,アヤメ特別Ｂ２Ｂ３選抜馬,2000,ダ,左,良,曇,12,6,7,グッドヘルスバイオ,牡,6,57.0,484,2,西啓太,新井清,,8,2:11.9,38.8,10-11-11-10,8,484,2
2022/06/01,浦和,12,アヤメ特別Ｂ２Ｂ３選抜馬,2000,ダ,左,良,曇,12,6,8,パラダイムチェンジ,牡,5,55.0,482,-2,張田昂,山越光,,9,2:12.3,39.2,12-12-10-9,11,482,-2
2022/06/01,浦和,12,アヤメ特別Ｂ２Ｂ３選抜馬,2000,ダ,左,良,曇,12,8,11,エレガンテヴァイゼ,牡,6,55.0,540,-5,本田重,高月賢,,10,2:12.6,40.7,5-4-3-8,12,540,-5
2022/06/01,浦和,12,アヤメ特別Ｂ２Ｂ３選抜馬,2000,ダ,左,良,曇,12,5,5,フワトロ,牝,7,55.0,489,7,岡村健,林隆之,,11,2:12.6,39.9,7-8-9-11,6,489,7
2022/06/01,浦和,12,アヤメ特別Ｂ２Ｂ３選抜馬,2000,ダ,左,良,曇,12,8,12,グーガルドリームズ,セ,0,55.0,495,11,森泰斗,水野貴,,12,2:15.1,42.2,6-7-12-12,4,495,11
2022/06/02,浦和,1,２歳一,1300,ダ,左,良,晴,11,7,9,サムタイムアゴー,牡,2,54.0,433,9,左海誠,小久智,,1,1:24.6,39.6,8-6-3-3,1,433,9
2022/06/02,浦和,1,２歳一,1300,ダ,左,良,晴,11,7,8,メイクアストーリー,牡,2,54.0,502,0,本橋孝,石井勝,,2,1:24.6,40.3,2-1-1-1,3,502,0
2022/06/02,浦和,1,２歳一,1300,ダ,左,良,晴,11,8,11,シェナクラウン,牡,2,54.0,487,-2,福原杏,冨田敏,,3,1:25.1,40.7,1-2-2-2,2,487,-2
2022/06/02,浦和,1,２歳一,1300,ダ,左,良,晴,11,2,2,セザンブライト,牡,2,54.0,426,-8,岡村健,渋谷博,,4,1:26.0,40.6,6-4-5-5,7,426,-8
2022/06/02,浦和,1,２歳一,1300,ダ,左,良,晴,11,3,3,ベニノパール,牝,2,54.0,394,-9,笹川翼,田島寿,,5,1:26.1,40.1,5-7-7-6,4,394,-9
2022/06/02,浦和,1,２歳一,1300,ダ,左,良,晴,11,1,1,ウオッカガール,牝,2,54.0,458,-3,山崎誠,箕輪武,,6,1:26.1,41.2,3-3-4-4,6,458,-3
2022/06/02,浦和,1,２歳一,1300,ダ,左,良,晴,11,6,7,キャッスルバジオウ,牡,2,54.0,435,-7,仲野光,渋谷博,,7,1:26.4,41.0,4-5-6-7,5,435,-7
2022/06/02,浦和,1,２歳一,1300,ダ,左,良,晴,11,4,4,メイクアドリーム,牝,2,54.0,482,-17,臼井健,伊藤滋,,8,1:26.9,40.4,7-8-8-8,9,482,-17
2022/06/02,浦和,1,２歳一,1300,ダ,左,良,晴,11,6,6,シェナリオン,牡,2,54.0,434,8,保園翔,冨田敏,,9,1:28.4,40.7,11-11-11-11,8,434,8
2022/06/02,浦和,1,２歳一,1300,ダ,左,良,晴,11,5,5,レイナ,牝,2,54.0,382,2,川島正,武井和,,10,1:29.3,42.1,9-9-10-9,10,382,2
2022/06/02,浦和,1,２歳一,1300,ダ,左,良,晴,11,8,10,ロンジェヴィティー,牝,2,54.0,403,-4,藤江渉,甲田悟,,11,1:29.6,42.6,10-10-9-10,11,403,-4
2022/06/02,浦和,2,ランチタイムチャレンジ３歳七,1400,ダ,左,良,晴,12,8,12,ロンドンボーイ,牡,3,56.0,464,24,矢野貴,小久智,,1,1:30.2,38.7,2-2-1-1,2,464,24
2022/06/02,浦和,2,ランチタイムチャレンジ３歳七,1400,ダ,左,良,晴,12,4,4,サキホコレ,牝,3,51.0,438,7,室陽一,宇野博,,2,1:32.0,39.5,5-5-4-4,4,438,7
2022/06/02,浦和,2,ランチタイムチャレンジ３歳七,1400,ダ,左,良,晴,12,2,2,テットアヴァンセ,牡,3,55.0,451,4,七夕裕,小林真,,3,1:32.2,39.5,4-4-5-5,5,451,4
2022/06/02,浦和,2,ランチタイムチャレンジ３歳七,1400,ダ,左,良,晴,12,8,11,キョウエイエスポ,牝,3,54.0,424,-2,實川純,佐々功,,4,1:32.4,40.9,1-1-2-2,10,424,-2
2022/06/02,浦和,2,ランチタイムチャレンジ３歳七,1400,ダ,左,良,晴,12,3,3,ボルドサタン,牡,3,56.0,466,-7,本橋孝,石井勝,,5,1:33.1,37.6,12-12-8-7,6,466,-7
2022/06/02,浦和,2,ランチタイムチャレンジ３歳七,1400,ダ,左,良,晴,12,5,6,エイシンプライム,牝,3,54.0,517,-10,酒井忍,矢野義,,6,1:33.3,41.3,3-3-3-3,1,517,-10
2022/06/02,浦和,2,ランチタイムチャレンジ３歳七,1400,ダ,左,良,晴,12,1,1,アストロメアリー,牝,3,51.0,399,-9,及川烈,長谷忍,,7,1:33.5,39.4,8-6-6-6,12,399,-9
2022/06/02,浦和,2,ランチタイムチャレンジ３歳七,1400,ダ,左,良,晴,12,5,5,ノースジラソーレ,牝,3,54.0,447,-6,篠谷葵,長谷忍,,8,1:34.6,40.1,6-7-7-8,8,447,-6
2022/06/02,浦和,2,ランチタイムチャレンジ３歳七,1400,ダ,左,良,晴,12,6,8,ボンバーキャット,牡,3,56.0,454,-4,笹川翼,長谷忍,,9,1:35.4,40.3,7-8-9-9,3,454,-4
2022/06/02,浦和,2,ランチタイムチャレンジ３歳七,1400,ダ,左,良,晴,12,7,10,モリデンベル,牝,3,54.0,464,-5,高橋哲,山越光,,10,1:35.5,40.0,9-10-12-12,11,464,-5
2022/06/02,浦和,2,ランチタイムチャレンジ３歳七,1400,ダ,左,良,晴,12,7,9,シェナハート,牝,3,54.0,421,3,保園翔,冨田敏,,11,1:35.5,40.2,11-11-11-10,9,421,3
2022/06/02,浦和,2,ランチタイムチャレンジ３歳七,1400,ダ,左,良,晴,12,6,7,アクアエナジー,牝,3,54.0,406,-3,秋元耕,小澤宏,,12,1:35.8,40.5,10-9-10-11,7,406,-3
2022/06/02,浦和,3,Ｃ３二 三 四,1400,ダ,左,良,晴,12,5,5,フリーズオプション,牡,6,56.0,484,7,吉留孝,薮口一,,1,1:30.4,39.0,5-4-2-1,4,484,7
2022/06/02,浦和,3,Ｃ３二 三 四,1400,ダ,左,良,晴,12,2,2,リーヴルネッサンス,セ,0,56.0,438,6,和田譲,林　幻,,2,1:31.1,39.9,1-1-1-2,3,438,6
2022/06/02,浦和,3,Ｃ３二 三 四,1400,ダ,左,良,晴,12,8,11,リュウノイノリ,牡,5,55.0,462,-1,古岡勇,鹿沼和,,3,1:31.1,39.8,3-3-3-3,2,462,-1
2022/06/02,浦和,3,Ｃ３二 三 四,1400,ダ,左,良,晴,12,7,10,アスラーダ,牡,5,53.0,478,-3,及川烈,横山保,,4,1:31.7,40.0,6-6-5-4,6,478,-3
2022/06/02,浦和,3,Ｃ３二 三 四,1400,ダ,左,良,晴,12,3,3,ミラクルゲート,牡,8,56.0,435,-3,秋元耕,野口孝,,5,1:31.9,39.1,11-11-8-5,5,435,-3
2022/06/02,浦和,3,Ｃ３二 三 四,1400,ダ,左,良,晴,12,6,8,ダイバキャッツアイ,牝,5,54.0,442,5,赤津和,箕輪武,,6,1:32.9,41.6,2-2-4-6,11,442,5
2022/06/02,浦和,3,Ｃ３二 三 四,1400,ダ,左,良,晴,12,5,6,キタマクフィー,牝,4,53.0,435,9,七夕裕,鹿沼和,,7,1:33.0,40.3,8-9-10-8,10,435,9
2022/06/02,浦和,3,Ｃ３二 三 四,1400,ダ,左,良,晴,12,6,7,シェナノブチ,牡,7,56.0,411,-1,岡田大,冨田敏,,8,1:33.0,40.8,7-7-6-7,1,411,-1
2022/06/02,浦和,3,Ｃ３二 三 四,1400,ダ,左,良,晴,12,8,12,キモンズラブ,牝,8,54.0,470,4,國分祐,冨田敏,,9,1:33.0,40.3,10-10-9-9,7,470,4
2022/06/02,浦和,3,Ｃ３二 三 四,1400,ダ,左,良,晴,12,7,9,バジガクエブリン,牝,4,54.0,472,7,臼井健,山中尊,,10,1:33.8,41.9,4-5-7-10,8,472,7
2022/06/02,浦和,3,Ｃ３二 三 四,1400,ダ,左,良,晴,12,1,1,パーティーアニマル,牡,6,56.0,452,-4,高橋哲,牛房榮,,11,1:33.8,41.0,9-8-11-11,9,452,-4
2022/06/02,浦和,3,Ｃ３二 三 四,1400,ダ,左,良,晴,12,4,4,サッポロヴィクトリ,牝,4,54.0,446,3,中越琉,田島寿,,12,1:34.4,41.0,12-12-12-12,12,446,3
2022/06/02,浦和,4,Ｃ３二 三 四,1500,ダ,左,良,晴,12,6,8,インサイドワーク,セ,0,56.0,492,4,町田直,内田勝,,1,1:37.7,39.1,7-5-2-1,1,492,4
2022/06/02,浦和,4,Ｃ３二 三 四,1500,ダ,左,良,晴,12,1,1,シエスタキー,牡,5,56.0,502,6,山中悠,川村守,,2,1:38.6,39.6,5-4-5-4,5,502,6
2022/06/02,浦和,4,Ｃ３二 三 四,1500,ダ,左,良,晴,12,2,2,トラハト,牝,4,54.0,477,-6,酒井忍,海馬司,,3,1:38.6,40.0,1-1-1-2,2,477,-6
2022/06/02,浦和,4,Ｃ３二 三 四,1500,ダ,左,良,晴,12,8,12,トリテレイア,牝,6,54.0,418,-7,加藤和,箕輪武,,4,1:39.1,40.3,2-2-4-5,7,418,-7
2022/06/02,浦和,4,Ｃ３二 三 四,1500,ダ,左,良,晴,12,7,9,セコイア,牝,5,54.0,470,3,半澤慶,宇野博,,5,1:39.2,40.0,4-6-6-6,4,470,3
2022/06/02,浦和,4,Ｃ３二 三 四,1500,ダ,左,良,晴,12,8,11,ラブリーギャル,牝,6,54.0,488,11,見越彬,海馬司,,6,1:39.2,40.6,3-3-3-3,3,488,11
2022/06/02,浦和,4,Ｃ３二 三 四,1500,ダ,左,良,晴,12,5,5,ファーマスター,牝,4,54.0,436,-5,福原杏,川村守,,7,1:39.7,39.5,9-10-8-7,6,436,-5
2022/06/02,浦和,4,Ｃ３二 三 四,1500,ダ,左,良,晴,12,4,4,ラウズアップ,牡,6,56.0,427,0,赤津和,牛房榮,,8,1:39.7,39.3,11-9-10-9,9,427,0
2022/06/02,浦和,4,Ｃ３二 三 四,1500,ダ,左,良,晴,12,3,3,ボンバーガール,牝,4,53.0,515,1,七夕裕,山越光,,9,1:39.7,39.7,8-8-7-8,10,515,1
2022/06/02,浦和,4,Ｃ３二 三 四,1500,ダ,左,良,晴,12,7,10,サンライズテソロ,牡,4,53.0,448,4,及川烈,川島豊,,10,1:39.8,39.1,12-12-12-10,8,448,4
2022/06/02,浦和,4,Ｃ３二 三 四,1500,ダ,左,良,晴,12,6,7,クリストバウム,セ,0,53.0,441,-3,室陽一,吉田正,,11,1:41.0,40.9,10-11-9-11,12,441,-3
2022/06/02,浦和,4,Ｃ３二 三 四,1500,ダ,左,良,晴,12,5,6,ケイティーアニマル,牝,9,54.0,484,0,秋元耕,柘榴浩,,12,1:41.5,41.4,6-7-11-12,11,484,0
2022/06/02,浦和,5,Ｃ２八,1500,ダ,左,良,晴,12,5,5,トノカンショウ,牡,4,56.0,529,1,山中悠,玉井昇,,1,1:37.2,39.9,6-4-4-3,2,529,1
2022/06/02,浦和,5,Ｃ２八,1500,ダ,左,良,晴,12,8,11,スペルガッサン,牝,4,51.0,431,2,木間龍,坂本昇,,2,1:37.5,39.1,9-9-5-3,7,431,2
2022/06/02,浦和,5,Ｃ２八,1500,ダ,左,良,晴,12,1,1,アオイマジェスティ,牝,4,54.0,495,-3,本橋孝,矢野義,,3,1:37.6,40.5,2-2-2-1,1,495,-3
2022/06/02,浦和,5,Ｃ２八,1500,ダ,左,良,晴,12,4,4,ニャンニャン,牝,4,51.0,438,-7,野畑凌,古澤悟,,4,1:38.2,39.4,11-11-7-6,5,438,-7
2022/06/02,浦和,5,Ｃ２八,1500,ダ,左,良,晴,12,7,9,ゴープラチナム,牝,5,54.0,443,-3,山崎誠,平山真,,5,1:38.6,41.6,1-1-1-2,4,443,-3
2022/06/02,浦和,5,Ｃ２八,1500,ダ,左,良,晴,12,5,6,スプリングネージュ,牝,4,54.0,444,4,福原杏,川村守,,6,1:38.7,40.1,8-8-10-8,9,444,4
2022/06/02,浦和,5,Ｃ２八,1500,ダ,左,良,晴,12,6,7,イエローリボン,牝,5,51.0,475,1,菅原涼,藤原智,,7,1:39.2,41.9,3-3-3-5,3,475,1
2022/06/02,浦和,5,Ｃ２八,1500,ダ,左,良,晴,12,6,8,エコロジーガール,牝,4,54.0,473,-9,藤本現,伊藤滋,,8,1:39.4,41.6,4-5-6-7,11,473,-9
2022/06/02,浦和,5,Ｃ２八,1500,ダ,左,良,晴,12,7,10,スタービート,牡,4,56.0,527,3,達城龍,野口孝,,9,1:39.5,39.6,12-12-12-12,6,527,3
2022/06/02,浦和,5,Ｃ２八,1500,ダ,左,良,晴,12,2,2,カイジンビリーヴ,牡,4,56.0,528,-5,高橋哲,牛房榮,,10,1:39.7,40.4,10-10-11-11,10,528,-5
2022/06/02,浦和,5,Ｃ２八,1500,ダ,左,良,晴,12,3,3,クールシラユリ,牝,4,50.0,437,-10,小林捺,工藤伸,,11,1:39.9,41.7,5-6-8-9,8,437,-10
2022/06/02,浦和,5,Ｃ２八,1500,ダ,左,良,晴,12,8,12,プロスペリティ,牝,6,51.0,475,11,及川烈,冨田敏,,12,1:40.7,42.1,7-7-9-10,12,475,11
2022/06/02,浦和,6,Ｃ３二 三 四,1400,ダ,左,良,晴,12,8,12,リュウオウ,牡,6,53.0,470,-7,室陽一,宇野博,,1,1:30.4,39.4,4-3-3-2,1,470,-7
2022/06/02,浦和,6,Ｃ３二 三 四,1400,ダ,左,良,晴,12,3,3,プランタンヴェール,牝,6,54.0,519,0,橋本直,平山真,,2,1:30.5,39.7,1-1-1-1,3,519,0
2022/06/02,浦和,6,Ｃ３二 三 四,1400,ダ,左,良,晴,12,5,6,ブラウンザウバー,牡,4,56.0,468,-2,矢野貴,岡林光,,3,1:31.0,39.0,6-7-5-4,4,468,-2
2022/06/02,浦和,6,Ｃ３二 三 四,1400,ダ,左,良,晴,12,7,9,キョウエイミーレス,牡,6,56.0,508,-5,笹川翼,内野健,,4,1:32.1,41.2,2-2-2-3,2,508,-5
2022/06/02,浦和,6,Ｃ３二 三 四,1400,ダ,左,良,晴,12,6,8,マリアフィナーレ,牝,5,54.0,442,-12,見越彬,小林真,,5,1:32.3,39.4,9-9-7-7,9,442,-12
2022/06/02,浦和,6,Ｃ３二 三 四,1400,ダ,左,良,晴,12,8,11,チェリーブロード,牝,4,54.0,401,-9,臼井健,渋谷博,,6,1:32.3,40.3,8-8-4-5,7,401,-9
2022/06/02,浦和,6,Ｃ３二 三 四,1400,ダ,左,良,晴,12,1,1,ピクシーズパラソル,牝,4,50.0,472,4,小林捺,海馬司,,7,1:32.6,39.1,10-11-11-10,6,472,4
2022/06/02,浦和,6,Ｃ３二 三 四,1400,ダ,左,良,晴,12,2,2,ショウイモン,牝,5,54.0,436,-9,内田利,内野健,,8,1:32.7,39.7,11-10-10-8,5,436,-9
2022/06/02,浦和,6,Ｃ３二 三 四,1400,ダ,左,良,晴,12,6,7,マウコウカミ,牝,4,51.0,469,8,及川烈,藤原智,,9,1:32.8,39.1,12-12-12-12,10,469,8
2022/06/02,浦和,6,Ｃ３二 三 四,1400,ダ,左,良,晴,12,4,4,ルフトバローン,牝,4,54.0,467,1,吉留孝,薮口一,,10,1:33.4,41.9,3-4-5-6,8,467,1
2022/06/02,浦和,6,Ｃ３二 三 四,1400,ダ,左,良,晴,12,5,5,レイリアン,牝,5,54.0,413,-1,國分祐,冨田敏,,11,1:33.9,41.6,5-5-7-9,12,413,-1
2022/06/02,浦和,6,Ｃ３二 三 四,1400,ダ,左,良,晴,12,7,10,ナヴァーレ,牡,4,56.0,437,-5,保園翔,酒井一,,12,1:34.8,42.5,7-6-9-11,11,437,-5
2022/06/02,浦和,7,Ｊ交 ツイントップ特別３歳選抜馬,1400,ダ,左,良,晴,12,7,10,メリーセンス,牡,3,56.0,494,6,笹川翼,森秀行,,1,1:29.9,38.7,9-6-6-5,2,494,6
2022/06/02,浦和,7,Ｊ交 ツイントップ特別３歳選抜馬,1400,ダ,左,良,晴,12,8,11,レヴォルト,牡,3,56.0,492,-4,岡村健,青木孝,,2,1:30.0,39.5,3-3-2-1,6,492,-4
2022/06/02,浦和,7,Ｊ交 ツイントップ特別３歳選抜馬,1400,ダ,左,良,晴,12,2,2,ジュンハンス,牡,3,56.0,454,9,張田昂,小久智,,3,1:30.0,37.3,10-10-9-7,5,454,9
2022/06/02,浦和,7,Ｊ交 ツイントップ特別３歳選抜馬,1400,ダ,左,良,晴,12,1,1,ディアブロケー,牡,3,56.0,489,0,本橋孝,川島一,,4,1:30.1,38.1,8-9-7-6,7,489,0
2022/06/02,浦和,7,Ｊ交 ツイントップ特別３歳選抜馬,1400,ダ,左,良,晴,12,3,3,ネヴァイナフ,牡,3,56.0,475,1,福原杏,小崎憲,,5,1:30.2,39.3,4-4-4-4,1,475,1
2022/06/02,浦和,7,Ｊ交 ツイントップ特別３歳選抜馬,1400,ダ,左,良,晴,12,5,6,マサノエトワール,牝,3,54.0,445,8,森泰斗,齊藤敏,,6,1:30.8,40.4,1-1-1-2,3,445,8
2022/06/02,浦和,7,Ｊ交 ツイントップ特別３歳選抜馬,1400,ダ,左,良,晴,12,6,8,マックロマン,牡,3,56.0,459,-1,山本紀,渋谷博,,7,1:30.9,40.4,2-2-3-3,8,459,-1
2022/06/02,浦和,7,Ｊ交 ツイントップ特別３歳選抜馬,1400,ダ,左,良,晴,12,5,5,マサノカヴァリエ,牡,3,56.0,481,1,矢野貴,小笠倫,,8,1:31.1,38.0,11-11-11-10,4,481,1
2022/06/02,浦和,7,Ｊ交 ツイントップ特別３歳選抜馬,1400,ダ,左,良,晴,12,7,9,ロージードラゴン,牝,3,54.0,440,-5,町田直,佐々仁,,9,1:32.1,41.1,5-5-5-8,10,440,-5
2022/06/02,浦和,7,Ｊ交 ツイントップ特別３歳選抜馬,1400,ダ,左,良,晴,12,4,4,ラヴシックフレイム,牝,3,54.0,407,7,小杉亮,林　幻,,10,1:32.1,39.9,6-7-8-9,11,407,7
2022/06/02,浦和,7,Ｊ交 ツイントップ特別３歳選抜馬,1400,ダ,左,良,晴,12,6,7,スピードコーナー,牡,3,56.0,443,-1,岡村裕,岩本洋,,11,1:34.1,41.8,7-8-10-11,12,443,-1
2022/06/02,浦和,7,Ｊ交 ツイントップ特別３歳選抜馬,1400,ダ,左,良,晴,12,8,12,ヨツバノクローバー,牝,3,54.0,416,-10,保園翔,中野栄,,12,1:35.4,41.1,12-12-12-12,9,416,-10
2022/06/02,浦和,8,浦和８００ラウンドＣ１選抜馬,800,ダ,左,良,晴,12,1,1,スマイルキューティ,牝,4,54.0,494,-1,橋本直,平山真,,1,0:47.5,35.9,1-1,1,494,-1
2022/06/02,浦和,8,浦和８００ラウンドＣ１選抜馬,800,ダ,左,良,晴,12,6,8,スプリングローズ,牝,4,54.0,451,11,笹川翼,小久智,,2,0:48.3,36.7,2-2,4,451,11
2022/06/02,浦和,8,浦和８００ラウンドＣ１選抜馬,800,ダ,左,良,晴,12,5,6,キモンシャイン,牝,4,54.0,447,10,達城龍,工藤伸,,3,0:48.3,36.4,5-4,7,447,10
2022/06/02,浦和,8,浦和８００ラウンドＣ１選抜馬,800,ダ,左,良,晴,12,7,10,コスモパラティーナ,牡,4,56.0,513,9,岡村健,宇野博,,4,0:48.7,36.1,7-7,9,513,9
2022/06/02,浦和,8,浦和８００ラウンドＣ１選抜馬,800,ダ,左,良,晴,12,7,9,ローリングサンダー,セ,0,56.0,507,-6,張田昂,小澤宏,,5,0:48.7,36.9,3-3,3,507,-6
2022/06/02,浦和,8,浦和８００ラウンドＣ１選抜馬,800,ダ,左,良,晴,12,8,12,クウェンヤ,牝,4,54.0,400,3,町田直,工藤伸,,6,0:48.9,37.1,4-5,2,400,3
2022/06/02,浦和,8,浦和８００ラウンドＣ１選抜馬,800,ダ,左,良,晴,12,3,3,シェナホープ,牡,5,56.0,468,2,内田利,吉田正,,7,0:48.9,36.4,8-8,6,468,2
2022/06/02,浦和,8,浦和８００ラウンドＣ１選抜馬,800,ダ,左,良,晴,12,6,7,エダマメ,牝,5,51.0,492,0,及川烈,長谷忍,,8,0:49.3,37.2,6-6,8,492,0
2022/06/02,浦和,8,浦和８００ラウンドＣ１選抜馬,800,ダ,左,良,晴,12,2,2,コウユープリプリ,牝,7,54.0,455,-6,和田譲,宇野博,,9,0:49.4,36.6,9-10,5,455,-6
2022/06/02,浦和,8,浦和８００ラウンドＣ１選抜馬,800,ダ,左,良,晴,12,8,11,シーオブセレニティ,セ,0,52.0,428,-5,中島良,海馬司,,10,0:49.5,36.5,10-9,10,428,-5
2022/06/02,浦和,8,浦和８００ラウンドＣ１選抜馬,800,ダ,左,良,晴,12,4,4,メイクロード,牝,6,51.0,487,13,室陽一,内野健,,11,0:49.8,36.8,11-11,11,487,13
2022/06/02,浦和,8,浦和８００ラウンドＣ１選抜馬,800,ダ,左,良,晴,12,5,5,ブレイブウォリアー,セ,0,56.0,479,-12,秋元耕,酒井一,,12,0:49.9,36.1,12-12,12,479,-12
2022/06/02,浦和,9,Ｊ交 マルチステッキ特別Ｂ２Ｂ３選抜馬,1400,ダ,左,良,晴,12,7,10,シャイニー,牡,6,57.0,511,-1,和田譲,野口寛,,1,1:29.3,38.7,5-5-5-3,7,511,-1
2022/06/02,浦和,9,Ｊ交 マルチステッキ特別Ｂ２Ｂ３選抜馬,1400,ダ,左,良,晴,12,8,12,パイロジェン,セ,0,57.0,446,7,張田昂,高月賢,,2,1:29.4,39.2,3-3-1-1,3,446,7
2022/06/02,浦和,9,Ｊ交 マルチステッキ特別Ｂ２Ｂ３選抜馬,1400,ダ,左,良,晴,12,4,4,ブルーローズ,牝,6,52.0,447,0,新原周,野口孝,,3,1:29.5,39.3,1-1-2-2,10,447,0
2022/06/02,浦和,9,Ｊ交 マルチステッキ特別Ｂ２Ｂ３選抜馬,1400,ダ,左,良,晴,12,3,3,リネンコジーン,牡,7,57.0,495,-1,矢野貴,南田美,,4,1:29.6,38.6,9-9-7-6,8,495,-1
2022/06/02,浦和,9,Ｊ交 マルチステッキ特別Ｂ２Ｂ３選抜馬,1400,ダ,左,良,晴,12,8,11,クリノヴジュアル,牡,5,57.0,494,-10,森泰斗,川村禎,,5,1:29.7,39.2,4-6-4-4,6,494,-10
2022/06/02,浦和,9,Ｊ交 マルチステッキ特別Ｂ２Ｂ３選抜馬,1400,ダ,左,良,晴,12,1,1,ルミエールソレイユ,牝,6,55.0,485,3,左海誠,粕谷昌,,6,1:30.1,39.6,6-4-6-5,4,485,3
2022/06/02,浦和,9,Ｊ交 マルチステッキ特別Ｂ２Ｂ３選抜馬,1400,ダ,左,良,晴,12,6,8,ノーブルハーバー,牝,4,55.0,461,1,笹川翼,鈴木伸,,7,1:30.3,39.5,8-7-7-7,5,461,1
2022/06/02,浦和,9,Ｊ交 マルチステッキ特別Ｂ２Ｂ３選抜馬,1400,ダ,左,良,晴,12,5,6,チェスナットドレス,牝,5,53.0,465,5,秋元耕,冨田敏,,8,1:30.3,39.0,7-8-10-8,11,465,5
2022/06/02,浦和,9,Ｊ交 マルチステッキ特別Ｂ２Ｂ３選抜馬,1400,ダ,左,良,晴,12,6,7,シングンジョーイ,牡,4,57.0,456,2,安藤洋,伊坂重,,9,1:30.4,39.3,10-10-9-9,9,456,2
2022/06/02,浦和,9,Ｊ交 マルチステッキ特別Ｂ２Ｂ３選抜馬,1400,ダ,左,良,晴,12,5,5,キタサンシンドー,牝,4,55.0,468,4,本橋孝,齋藤崇,,10,1:30.7,38.8,12-12-11-12,2,468,4
2022/06/02,浦和,9,Ｊ交 マルチステッキ特別Ｂ２Ｂ３選抜馬,1400,ダ,左,良,晴,12,2,2,ボマライン,セ,0,57.0,467,-1,福原杏,水野貴,,11,1:30.8,39.1,11-11-12-11,12,467,-1
2022/06/02,浦和,9,Ｊ交 マルチステッキ特別Ｂ２Ｂ３選抜馬,1400,ダ,左,良,晴,12,7,9,マーサマイディア,牝,4,55.0,509,8,町田直,内田勝,,12,1:32.6,42.4,2-2-3-10,1,509,8
2022/06/02,浦和,10,「うどんとこいのぼりのまち加須」賞Ｃ１三,1500,ダ,左,良,晴,12,8,12,ショウネンジダイ,牡,4,56.0,489,7,本田重,新井清,,1,1:36.9,39.5,1-1-1-1,1,489,7
2022/06/02,浦和,10,「うどんとこいのぼりのまち加須」賞Ｃ１三,1500,ダ,左,良,晴,12,2,2,ブルベアヴェルデ,牡,6,56.0,479,-2,吉井章,藤原智,,2,1:38.1,39.6,7-8-6-7,3,479,-2
2022/06/02,浦和,10,「うどんとこいのぼりのまち加須」賞Ｃ１三,1500,ダ,左,良,晴,12,7,9,リヴェルサス,牡,4,56.0,457,8,笠野雄,山中尊,,3,1:38.2,40.5,3-3-2-2,5,457,8
2022/06/02,浦和,10,「うどんとこいのぼりのまち加須」賞Ｃ１三,1500,ダ,左,良,晴,12,5,6,フェルカド,牡,5,56.0,487,7,秋元耕,野口孝,,4,1:38.3,39.7,8-9-9-8,8,487,7
2022/06/02,浦和,10,「うどんとこいのぼりのまち加須」賞Ｃ１三,1500,ダ,左,良,晴,12,6,8,バシリッサ,牝,4,54.0,469,-10,岡村健,渡邊貴,,5,1:38.4,40.8,4-2-2-3,7,469,-10
2022/06/02,浦和,10,「うどんとこいのぼりのまち加須」賞Ｃ１三,1500,ダ,左,良,晴,12,5,5,フォーギブネス,牡,4,56.0,470,3,橋本直,平山真,,6,1:38.5,40.0,10-7-7-6,11,470,3
2022/06/02,浦和,10,「うどんとこいのぼりのまち加須」賞Ｃ１三,1500,ダ,左,良,晴,12,6,7,ノーブルクロノス,牡,6,56.0,541,-1,森泰斗,水野貴,,7,1:38.8,40.9,6-5-5-5,2,541,-1
2022/06/02,浦和,10,「うどんとこいのぼりのまち加須」賞Ｃ１三,1500,ダ,左,良,晴,12,1,1,サントレゾール,牡,4,56.0,464,0,篠谷葵,林正人,,8,1:38.9,40.2,12-11-8-9,10,464,0
2022/06/02,浦和,10,「うどんとこいのぼりのまち加須」賞Ｃ１三,1500,ダ,左,良,晴,12,7,10,ストレートダンディ,牡,4,56.0,475,-2,仲野光,玉井等,,9,1:39.0,39.7,11-12-12-12,6,475,-2
2022/06/02,浦和,10,「うどんとこいのぼりのまち加須」賞Ｃ１三,1500,ダ,左,良,晴,12,8,11,バチスカーフ,牝,4,54.0,462,0,實川純,佐々功,,10,1:39.2,40.1,9-10-11-11,12,462,0
2022/06/02,浦和,10,「うどんとこいのぼりのまち加須」賞Ｃ１三,1500,ダ,左,良,晴,12,4,4,ヘーベー,牝,4,54.0,469,-5,和田譲,宇野博,,11,1:39.2,41.3,2-4-4-4,4,469,-5
2022/06/02,浦和,10,「うどんとこいのぼりのまち加須」賞Ｃ１三,1500,ダ,左,良,晴,12,3,3,エドノストリート,牝,4,54.0,447,-10,酒井忍,宇野博,,12,1:39.7,41.1,5-6-10-10,9,447,-10
2022/06/02,浦和,11,旦月特別Ｂ１二Ｂ２一,1400,ダ,左,良,晴,12,5,6,フクサングレート,牡,5,55.0,506,-6,和田譲,宇野博,,1,1:26.5,37.3,3-3-2-1,1,506,-6
2022/06/02,浦和,11,旦月特別Ｂ１二Ｂ２一,1400,ダ,左,良,晴,12,1,1,デイジーカーニバル,牡,7,57.0,501,-2,笹川翼,繁田健,,2,1:27.7,38.6,1-1-1-2,2,501,-2
2022/06/02,浦和,11,旦月特別Ｂ１二Ｂ２一,1400,ダ,左,良,晴,12,7,10,アートムーブメント,牝,5,55.0,446,-6,本田重,山下之,,3,1:28.7,39.1,6-6-4-3,4,446,-6
2022/06/02,浦和,11,旦月特別Ｂ１二Ｂ２一,1400,ダ,左,良,晴,12,2,2,アルファベット,牡,8,57.0,494,3,矢野貴,佐々仁,,4,1:29.0,39.0,8-8-5-5,3,494,3
2022/06/02,浦和,11,旦月特別Ｂ１二Ｂ２一,1400,ダ,左,良,晴,12,6,7,ストームドッグ,セ,0,57.0,431,-2,藤本現,伊藤滋,,5,1:29.2,38.1,11-11-11-9,8,431,-2
2022/06/02,浦和,11,旦月特別Ｂ１二Ｂ２一,1400,ダ,左,良,晴,12,6,8,アストロローグ,セ,0,57.0,492,-1,本橋孝,米谷康,,6,1:29.3,38.5,9-9-8-7,7,492,-1
2022/06/02,浦和,11,旦月特別Ｂ１二Ｂ２一,1400,ダ,左,良,晴,12,7,9,ウインプリンツ,牡,6,57.0,519,-4,吉留孝,平山真,,7,1:29.4,40.0,4-4-3-4,5,519,-4
2022/06/02,浦和,11,旦月特別Ｂ１二Ｂ２一,1400,ダ,左,良,晴,12,8,11,ハクサンホーリー,牝,5,55.0,421,1,酒井忍,矢野義,,8,1:29.9,40.0,7-5-6-6,6,421,1
2022/06/02,浦和,11,旦月特別Ｂ１二Ｂ２一,1400,ダ,左,良,晴,12,8,12,グッドラックサマー,牡,8,57.0,550,-1,福原杏,川島豊,,9,1:30.6,39.4,12-12-10-8,11,550,-1
2022/06/02,浦和,11,旦月特別Ｂ１二Ｂ２一,1400,ダ,左,良,晴,12,5,5,イテザ,牡,5,55.0,472,-6,川島正,佐々清,,10,1:30.8,41.1,2-2-7-10,9,472,-6
2022/06/02,浦和,11,旦月特別Ｂ１二Ｂ２一,1400,ダ,左,良,晴,12,4,4,ケイティーセキトバ,牡,7,51.0,503,7,中島良,岡田一,,11,1:32.2,41.4,10-10-9-11,10,503,7
2022/06/02,浦和,11,旦月特別Ｂ１二Ｂ２一,1400,ダ,左,良,晴,12,3,3,ブレークオンスルー,牡,8,57.0,520,5,國分祐,冨田敏,,12,1:34.8,44.0,5-7-12-12,12,520,5
2022/06/02,浦和,12,月見草特別Ｃ２選抜馬,2000,ダ,左,良,晴,12,8,12,ログハウス,牝,7,54.0,494,-1,川島正,平山真,,1,2:13.5,38.9,2-2-1-2,2,494,-1
2022/06/02,浦和,12,月見草特別Ｃ２選抜馬,2000,ダ,左,良,晴,12,4,4,トウキョウスター,牡,4,56.0,472,-6,山崎誠,米谷康,,2,2:13.6,39.0,5-3-2-1,5,472,-6
2022/06/02,浦和,12,月見草特別Ｃ２選抜馬,2000,ダ,左,良,晴,12,8,11,ゲンパチカガヤキ,牡,7,56.0,504,-2,秋元耕,小澤宏,,3,2:14.4,39.2,6-5-4-4,1,504,-2
2022/06/02,浦和,12,月見草特別Ｃ２選抜馬,2000,ダ,左,良,晴,12,6,7,アルバリ,牡,7,56.0,431,-5,庄司大,箕輪武,,4,2:14.7,38.9,9-9-5-5,6,431,-5
2022/06/02,浦和,12,月見草特別Ｃ２選抜馬,2000,ダ,左,良,晴,12,5,6,キタノマンゲツ,牡,4,56.0,439,-2,濱田達,山中尊,,5,2:14.9,39.3,7-8-6-6,8,439,-2
2022/06/02,浦和,12,月見草特別Ｃ２選抜馬,2000,ダ,左,良,晴,12,7,10,ジャンティオム,牡,8,56.0,499,7,張田昂,小澤宏,,6,2:15.0,40.4,1-1-3-3,3,499,7
2022/06/02,浦和,12,月見草特別Ｃ２選抜馬,2000,ダ,左,良,晴,12,6,8,メイショウイヤサカ,牝,6,54.0,451,6,酒井忍,海馬司,,7,2:15.5,40.1,4-6-7-7,7,451,6
2022/06/02,浦和,12,月見草特別Ｃ２選抜馬,2000,ダ,左,良,晴,12,2,2,ウインジュノー,牝,4,51.0,532,-2,及川烈,川島豊,,8,2:16.6,39.8,12-12-11-11,4,532,-2
2022/06/02,浦和,12,月見草特別Ｃ２選抜馬,2000,ダ,左,良,晴,12,3,3,プモリテソーロ,牡,5,56.0,484,2,保園翔,水野貴,,9,2:17.6,42.4,11-4-8-8,10,484,2
2022/06/02,浦和,12,月見草特別Ｃ２選抜馬,2000,ダ,左,良,晴,12,1,1,マッシュブライト,牝,4,54.0,461,3,高橋哲,酒井一,,10,2:17.7,41.6,8-10-9-9,11,461,3
2022/06/02,浦和,12,月見草特別Ｃ２選抜馬,2000,ダ,左,良,晴,12,5,5,シークレットギア,牡,4,56.0,485,3,吉留孝,薮口一,,11,2:18.1,41.9,3-7-10-10,9,485,3
2022/06/02,浦和,12,月見草特別Ｃ２選抜馬,2000,ダ,左,良,晴,12,7,9,シェナフウジン,牡,6,56.0,450,-3,國分祐,冨田敏,,12,2:18.8,41.8,10-11-12-12,12,450,-3
2022/06/03,浦和,1,浦和８００ラウンド３歳選抜馬,800,ダ,左,良,曇,12,7,9,マイバンビーナ,牝,3,53.0,464,2,古岡勇,小澤宏,,1,0:48.0,35.2,2-1,1,464,2
2022/06/03,浦和,1,浦和８００ラウンド３歳選抜馬,800,ダ,左,良,曇,12,6,7,ブレイクアンドキル,牡,3,53.0,473,6,野畑凌,高月賢,,2,0:48.2,35.5,1-2,2,473,6
2022/06/03,浦和,1,浦和８００ラウンド３歳選抜馬,800,ダ,左,良,曇,12,3,3,サザンローズ,牝,3,54.0,443,6,町田直,河津裕,,3,0:48.5,35.7,3-3,6,443,6
2022/06/03,浦和,1,浦和８００ラウンド３歳選抜馬,800,ダ,左,良,曇,12,8,11,エスポワールフレア,牝,3,54.0,438,-2,見越彬,野口寛,,4,0:49.3,36.3,4-5,4,438,-2
2022/06/03,浦和,1,浦和８００ラウンド３歳選抜馬,800,ダ,左,良,曇,12,1,1,ネーレウス,牡,3,56.0,463,3,高橋哲,酒井一,,5,0:49.4,35.8,7-4,3,463,3
2022/06/03,浦和,1,浦和８００ラウンド３歳選抜馬,800,ダ,左,良,曇,12,8,12,ステファニー,牝,3,54.0,438,1,笹川翼,川村守,,6,0:49.6,36.3,8-7,7,438,1
2022/06/03,浦和,1,浦和８００ラウンド３歳選抜馬,800,ダ,左,良,曇,12,7,10,カラフルフレスコ,牝,3,54.0,467,8,達城龍,野口孝,,7,0:49.7,35.7,10-10,8,467,8
2022/06/03,浦和,1,浦和８００ラウンド３歳選抜馬,800,ダ,左,良,曇,12,6,8,カニグー,牡,3,53.0,424,1,及川烈,長谷忍,,8,0:49.9,36.7,6-8,11,424,1
2022/06/03,浦和,1,浦和８００ラウンド３歳選抜馬,800,ダ,左,良,曇,12,5,5,カシノリカバリー,牝,3,54.0,475,3,和田譲,野口寛,,9,0:49.9,36.6,9-9,5,475,3
2022/06/03,浦和,1,浦和８００ラウンド３歳選抜馬,800,ダ,左,良,曇,12,5,6,ゴールドキングダム,牡,3,56.0,509,1,秋元耕,鹿沼和,,10,0:50.2,36.4,11-11,9,509,1
2022/06/03,浦和,1,浦和８００ラウンド３歳選抜馬,800,ダ,左,良,曇,12,4,4,セピアムーン,牝,3,54.0,415,-2,赤津和,箕輪武,,11,0:50.6,37.6,4-6,10,415,-2
2022/06/03,浦和,1,浦和８００ラウンド３歳選抜馬,800,ダ,左,良,曇,12,2,2,ツクバビリーヴ,牝,3,54.0,442,1,岡田大,山越光,,12,0:52.2,38.1,12-12,12,442,1
2022/06/03,浦和,2,ランチタイムチャレンジ３歳八選抜馬イ,1400,ダ,左,良,曇,12,3,3,カヤドーヴェール,牡,3,56.0,446,-7,笹川翼,小久智,,1,1:32.6,41.7,4-2-1-1,3,446,-7
2022/06/03,浦和,2,ランチタイムチャレンジ３歳八選抜馬イ,1400,ダ,左,良,曇,12,8,11,セイエイセンヌ,牝,3,54.0,456,4,藤江渉,箕輪武,,2,1:33.2,39.1,11-11-10-8,10,456,4
2022/06/03,浦和,2,ランチタイムチャレンジ３歳八選抜馬イ,1400,ダ,左,良,曇,12,7,9,サウンドウェリナ,牝,3,54.0,448,10,秋元耕,柘榴浩,,3,1:33.6,41.0,7-7-5-3,8,448,10
2022/06/03,浦和,2,ランチタイムチャレンジ３歳八選抜馬イ,1400,ダ,左,良,曇,12,6,8,クレールアヴニール,牝,3,54.0,455,0,達城龍,野口孝,,4,1:33.6,41.7,2-4-4-4,5,455,0
2022/06/03,浦和,2,ランチタイムチャレンジ３歳八選抜馬イ,1400,ダ,左,良,曇,12,7,10,ウノピュウウノ,牝,3,54.0,456,-3,半澤慶,宇野博,,5,1:33.8,41.3,5-5-5-6,6,456,-3
2022/06/03,浦和,2,ランチタイムチャレンジ３歳八選抜馬イ,1400,ダ,左,良,曇,12,2,2,バジガクデニム,牝,3,54.0,391,-1,濱田達,山中尊,,6,1:33.8,40.7,8-8-7-7,7,391,-1
2022/06/03,浦和,2,ランチタイムチャレンジ３歳八選抜馬イ,1400,ダ,左,良,曇,12,1,1,メラスクリオス,牝,3,54.0,0,0,和田譲,宇野博,,7,1:34.5,43.6,3-3-1-2,1,0,0
2022/06/03,浦和,2,ランチタイムチャレンジ３歳八選抜馬イ,1400,ダ,左,良,曇,12,4,4,シェナマジック,牡,3,56.0,447,12,寺島憂,柘榴浩,,8,1:34.8,41.1,10-9-8-9,11,447,12
2022/06/03,浦和,2,ランチタイムチャレンジ３歳八選抜馬イ,1400,ダ,左,良,曇,12,5,6,エスケイキャサリン,牝,3,54.0,0,0,岡田大,薮口一,,9,1:35.5,41.6,12-12-9-10,4,0,0
2022/06/03,浦和,2,ランチタイムチャレンジ３歳八選抜馬イ,1400,ダ,左,良,曇,12,8,12,イデアグリーン,牝,3,54.0,437,0,吉留孝,岡田一,,10,1:36.2,45.3,1-1-3-5,2,437,0
2022/06/03,浦和,2,ランチタイムチャレンジ３歳八選抜馬イ,1400,ダ,左,良,曇,12,5,5,マリンペガサス,牡,3,55.0,447,2,七夕裕,小林真,,11,1:36.3,42.4,9-10-11-11,12,447,2
2022/06/03,浦和,2,ランチタイムチャレンジ３歳八選抜馬イ,1400,ダ,左,良,曇,12,6,7,キャラメルージュ,牝,3,50.0,429,-5,中島良,牛房榮,,12,1:37.7,44.2,6-6-12-12,9,429,-5
2022/06/03,浦和,3,３歳八選抜馬ア,1400,ダ,左,良,曇,12,5,6,アークスター,牝,3,54.0,415,-7,和田譲,伊藤滋,,1,1:32.5,41.4,5-5-3-2,5,415,-7
2022/06/03,浦和,3,３歳八選抜馬ア,1400,ダ,左,良,曇,12,7,10,ベローナカグラ,牝,3,54.0,479,0,藤本現,水野貴,,2,1:32.5,41.2,4-4-4-4,1,479,0
2022/06/03,浦和,3,３歳八選抜馬ア,1400,ダ,左,良,曇,12,6,7,ワールドフェロウズ,牡,3,56.0,499,-3,西村栄,矢野義,,3,1:32.5,40.1,9-10-7-5,3,499,-3
2022/06/03,浦和,3,３歳八選抜馬ア,1400,ダ,左,良,曇,12,7,9,マルノコウキ,牡,3,56.0,526,-1,見越彬,川村守,,4,1:33.0,42.0,1-3-1-1,8,526,-1
2022/06/03,浦和,3,３歳八選抜馬ア,1400,ダ,左,良,曇,12,1,1,デナーリス,牝,3,54.0,450,2,本田重,川島一,,5,1:33.2,41.4,7-7-6-6,2,450,2
2022/06/03,浦和,3,３歳八選抜馬ア,1400,ダ,左,良,曇,12,4,4,バジガクフローレス,牡,3,56.0,389,0,笠野雄,山中尊,,6,1:33.2,39.5,12-12-12-10,4,389,0
2022/06/03,浦和,3,３歳八選抜馬ア,1400,ダ,左,良,曇,12,8,12,スペシャルシート,牝,3,54.0,423,1,岡村健,新井清,,7,1:33.6,41.9,6-6-5-7,6,423,1
2022/06/03,浦和,3,３歳八選抜馬ア,1400,ダ,左,良,曇,12,5,5,グリンベース,牝,3,54.0,465,6,篠谷葵,新井清,,8,1:33.7,40.8,10-9-10-9,10,465,6
2022/06/03,浦和,3,３歳八選抜馬ア,1400,ダ,左,良,曇,12,8,11,ユカリン,牡,3,56.0,482,5,町田直,伊藤滋,,9,1:34.1,41.6,8-8-9-8,9,482,5
2022/06/03,浦和,3,３歳八選抜馬ア,1400,ダ,左,良,曇,12,3,3,エイシンスマッシュ,牡,3,53.0,472,-15,室陽一,平山真,,10,1:34.6,43.7,2-1-2-3,7,472,-15
2022/06/03,浦和,3,３歳八選抜馬ア,1400,ダ,左,良,曇,12,6,8,ディジャーノ,牝,3,54.0,401,-14,臼井健,山中尊,,11,1:36.6,43.5,11-11-11-11,12,401,-14
2022/06/03,浦和,3,３歳八選抜馬ア,1400,ダ,左,良,曇,12,2,2,ターミロンサール,牝,3,54.0,475,8,福原杏,小林真,,12,1:37.9,46.4,3-2-8-12,11,475,8
2022/06/03,浦和,4,Ｃ２九 十 十一,1400,ダ,左,良,曇,12,4,4,トロワフィーユ,牝,5,54.0,462,5,和田譲,野口寛,,1,1:31.2,39.7,2-2-2-2,3,462,5
2022/06/03,浦和,4,Ｃ２九 十 十一,1400,ダ,左,良,曇,12,7,10,トモノクリスタル,牝,5,54.0,432,3,左海誠,小久智,,2,1:31.2,39.8,1-1-1-1,1,432,3
2022/06/03,浦和,4,Ｃ２九 十 十一,1400,ダ,左,良,曇,12,6,8,ロタツィオーネ,セ,0,56.0,477,6,吉留孝,野口孝,,3,1:31.5,39.5,6-6-3-3,2,477,6
2022/06/03,浦和,4,Ｃ２九 十 十一,1400,ダ,左,良,曇,12,8,12,ローズオブセイコー,牝,5,51.0,426,-7,室陽一,柘榴浩,,4,1:31.9,39.9,4-3-5-5,6,426,-7
2022/06/03,浦和,4,Ｃ２九 十 十一,1400,ダ,左,良,曇,12,5,6,ラーズグリーズ,セ,0,52.0,458,7,小林捺,工藤伸,,5,1:32.0,39.1,11-12-7-6,7,458,7
2022/06/03,浦和,4,Ｃ２九 十 十一,1400,ダ,左,良,曇,12,3,3,フクノヴァランス,牡,7,56.0,476,4,加藤和,川島豊,,6,1:32.1,40.0,5-5-4-4,4,476,4
2022/06/03,浦和,4,Ｃ２九 十 十一,1400,ダ,左,良,曇,12,8,11,ネオマティリアル,牡,5,56.0,474,-12,秋元耕,小澤宏,,7,1:32.3,39.9,12-11-6-7,5,474,-12
2022/06/03,浦和,4,Ｃ２九 十 十一,1400,ダ,左,良,曇,12,6,7,セラフィム,牝,9,54.0,442,-9,橋本直,海馬司,,8,1:32.8,40.0,8-8-9-9,10,442,-9
2022/06/03,浦和,4,Ｃ２九 十 十一,1400,ダ,左,良,曇,12,7,9,ワールドウィスラー,牡,5,56.0,457,3,高橋哲,吉田正,,9,1:33.7,40.9,9-9-10-10,8,457,3
2022/06/03,浦和,4,Ｃ２九 十 十一,1400,ダ,左,良,曇,12,1,1,マスオ,牡,9,56.0,445,13,見越彬,野口孝,,10,1:34.0,41.4,7-7-8-8,9,445,13
2022/06/03,浦和,4,Ｃ２九 十 十一,1400,ダ,左,良,曇,12,5,5,ナヴラトリ,牝,9,54.0,480,-2,半澤慶,川村守,,11,1:34.1,41.0,10-9-12-12,12,480,-2
2022/06/03,浦和,4,Ｃ２九 十 十一,1400,ダ,左,良,曇,12,2,2,ベニノエンゼル,牝,5,54.0,445,-1,保園翔,山越光,,12,1:34.1,41.6,3-4-11-11,11,445,-1
2022/06/03,浦和,5,特選Ｃ３一,1500,ダ,左,良,曇,12,6,8,ジョーカイ,牝,4,54.0,472,13,本橋孝,小久智,,1,1:38.2,40.0,6-6-3-3,2,472,13
2022/06/03,浦和,5,特選Ｃ３一,1500,ダ,左,良,曇,12,5,6,バローロフレイバー,牡,6,56.0,513,-4,笹川翼,繁田健,,2,1:38.2,40.5,1-1-1-1,1,513,-4
2022/06/03,浦和,5,特選Ｃ３一,1500,ダ,左,良,曇,12,8,12,リアドライブ,牡,4,56.0,510,3,高橋利,新井清,,3,1:38.3,40.5,3-3-2-2,3,510,3
2022/06/03,浦和,5,特選Ｃ３一,1500,ダ,左,良,曇,12,4,4,プレストウイング,牡,4,56.0,466,0,岡村健,玉井勝,,4,1:39.5,40.0,9-8-8-7,7,466,0
2022/06/03,浦和,5,特選Ｃ３一,1500,ダ,左,良,曇,12,3,3,ミスターエイジュン,セ,0,56.0,451,0,山本紀,伊藤滋,,5,1:40.1,41.5,4-4-5-5,6,451,0
2022/06/03,浦和,5,特選Ｃ３一,1500,ダ,左,良,曇,12,1,1,シャイニングパール,牝,4,54.0,445,3,町田直,工藤伸,,6,1:40.2,40.3,12-10-10-9,4,445,3
2022/06/03,浦和,5,特選Ｃ３一,1500,ダ,左,良,曇,12,6,7,ワンダーニメンソウ,牝,4,54.0,483,2,橋本直,鈴木勝,,7,1:40.4,42.5,2-2-4-4,5,483,2
2022/06/03,浦和,5,特選Ｃ３一,1500,ダ,左,良,曇,12,2,2,ゴールドアクセル,牡,4,56.0,509,-10,高橋哲,鹿沼和,,8,1:40.5,39.4,11-11-11-11,10,509,-10
2022/06/03,浦和,5,特選Ｃ３一,1500,ダ,左,良,曇,12,8,11,セイウンブイワン,牡,4,56.0,446,9,國分祐,冨田敏,,9,1:40.6,41.1,8-9-9-10,12,446,9
2022/06/03,浦和,5,特選Ｃ３一,1500,ダ,左,良,曇,12,7,9,ジュントップゴール,牡,8,56.0,517,4,吉留孝,薮口一,,10,1:41.0,42.3,7-7-7-6,8,517,4
2022/06/03,浦和,5,特選Ｃ３一,1500,ダ,左,良,曇,12,5,5,クレールプリュネル,牝,4,54.0,472,0,篠谷葵,山越光,,11,1:41.3,42.7,5-5-6-8,9,472,0
2022/06/03,浦和,5,特選Ｃ３一,1500,ダ,左,良,曇,12,7,10,イズミシンホニー,牝,8,54.0,445,1,見越彬,冨田敏,,12,1:46.9,45.4,10-12-12-12,11,445,1
2022/06/03,浦和,6,Ｃ２九 十 十一,1500,ダ,左,良,晴,12,6,7,ヒゲクレイジー,セ,0,56.0,462,-5,高橋哲,酒井一,,1,1:38.6,40.6,6-7-3-3,2,462,-5
2022/06/03,浦和,6,Ｃ２九 十 十一,1500,ダ,左,良,晴,12,5,5,ナムラキティー,牝,5,51.0,482,11,室陽一,小澤宏,,2,1:38.7,40.1,10-8-6-4,3,482,11
2022/06/03,浦和,6,Ｃ２九 十 十一,1500,ダ,左,良,晴,12,1,1,ボビン,牝,6,54.0,441,-4,保園翔,内野健,,3,1:38.9,41.1,3-3-2-1,5,441,-4
2022/06/03,浦和,6,Ｃ２九 十 十一,1500,ダ,左,良,晴,12,7,10,ルルド,セ,0,56.0,431,4,岡村健,平山真,,4,1:39.1,39.6,11-11-11-10,8,431,4
2022/06/03,浦和,6,Ｃ２九 十 十一,1500,ダ,左,良,晴,12,7,9,メイショウハヤナリ,牡,6,56.0,498,4,見越彬,藤原智,,5,1:39.4,41.7,1-1-1-2,7,498,4
2022/06/03,浦和,6,Ｃ２九 十 十一,1500,ダ,左,良,晴,12,5,6,ブルーティアーズ,牝,5,54.0,501,-8,福原杏,山越光,,6,1:39.4,41.1,5-5-7-5,4,501,-8
2022/06/03,浦和,6,Ｃ２九 十 十一,1500,ダ,左,良,晴,12,2,2,フランシス,牝,6,54.0,510,8,加藤和,長谷忍,,7,1:39.6,40.8,9-9-9-7,12,510,8
2022/06/03,浦和,6,Ｃ２九 十 十一,1500,ダ,左,良,晴,12,6,8,アイマックス,牡,6,55.0,449,2,七夕裕,岡田一,,8,1:39.9,40.9,8-10-10-11,11,449,2
2022/06/03,浦和,6,Ｃ２九 十 十一,1500,ダ,左,良,晴,12,3,3,カントナ,牝,5,54.0,418,9,半澤慶,宇野博,,9,1:39.9,41.5,7-6-8-9,6,418,9
2022/06/03,浦和,6,Ｃ２九 十 十一,1500,ダ,左,良,晴,12,4,4,エレガンスヘイロー,牝,7,54.0,481,9,和田譲,柘榴浩,,10,1:39.9,41.9,4-4-5-6,1,481,9
2022/06/03,浦和,6,Ｃ２九 十 十一,1500,ダ,左,良,晴,12,8,11,サンハンツビル,牝,6,54.0,468,3,秋元耕,川村守,,11,1:40.1,40.4,12-12-12-12,10,468,3
2022/06/03,浦和,6,Ｃ２九 十 十一,1500,ダ,左,良,晴,12,8,12,ルピナスガーデン,牝,5,54.0,489,5,吉留孝,薮口一,,12,1:41.4,43.6,2-2-4-8,9,489,5
2022/06/03,浦和,7,Ｃ２九 十 十一,1400,ダ,左,良,晴,12,7,9,ミメウルワシ,牝,7,54.0,459,-2,張田昂,山越光,,1,1:30.8,39.5,1-1-1-1,1,459,-2
2022/06/03,浦和,7,Ｃ２九 十 十一,1400,ダ,左,良,晴,12,6,8,サニースポット,牝,4,54.0,444,-1,藤本現,工藤伸,,2,1:30.9,39.3,3-3-3-2,5,444,-1
2022/06/03,浦和,7,Ｃ２九 十 十一,1400,ダ,左,良,晴,12,2,2,マイネルエポレット,牡,6,56.0,505,1,福原杏,平山真,,3,1:31.4,38.4,12-12-10-7,4,505,1
2022/06/03,浦和,7,Ｃ２九 十 十一,1400,ダ,左,良,晴,12,5,6,ハツネヘイロー,セ,0,56.0,507,4,秋元耕,宇野博,,4,1:31.5,39.5,8-7-4-4,2,507,4
2022/06/03,浦和,7,Ｃ２九 十 十一,1400,ダ,左,良,晴,12,6,7,ジョーアヤメ,牝,4,54.0,458,7,見越彬,小久智,,5,1:31.5,40.0,2-2-2-3,3,458,7
2022/06/03,浦和,7,Ｃ２九 十 十一,1400,ダ,左,良,晴,12,8,11,ベリリウンヌ,牝,4,54.0,424,-4,保園翔,海馬司,,6,1:32.1,40.1,7-6-6-6,7,424,-4
2022/06/03,浦和,7,Ｃ２九 十 十一,1400,ダ,左,良,晴,12,1,1,ボルドーアラン,牡,4,53.0,507,7,室陽一,柘榴浩,,7,1:32.1,40.1,5-4-4-5,10,507,7
2022/06/03,浦和,7,Ｃ２九 十 十一,1400,ダ,左,良,晴,12,3,3,プリュイ,牡,4,53.0,419,7,木間龍,矢野義,,8,1:32.2,39.4,9-9-8-8,8,419,7
2022/06/03,浦和,7,Ｃ２九 十 十一,1400,ダ,左,良,晴,12,4,4,ブルラッシュ,牡,5,56.0,499,-3,高橋哲,酒井一,,9,1:32.4,39.7,11-10-9-10,9,499,-3
2022/06/03,浦和,7,Ｃ２九 十 十一,1400,ダ,左,良,晴,12,7,10,アイノロマン,牝,4,54.0,467,3,岡田大,岡田一,,10,1:32.6,39.4,10-11-12-12,11,467,3
2022/06/03,浦和,7,Ｃ２九 十 十一,1400,ダ,左,良,晴,12,5,5,セイウンスノー,牡,4,52.0,496,6,中島良,川島豊,,11,1:32.8,40.2,4-8-11-11,6,496,6
2022/06/03,浦和,7,Ｃ２九 十 十一,1400,ダ,左,良,晴,12,8,12,ユウユウグリュック,牝,5,51.0,420,-6,及川烈,横山保,,12,1:33.0,41.0,6-5-7-9,12,420,-6
2022/06/03,浦和,8,Ｃ１四,1400,ダ,左,良,雨,12,5,6,ペイシャムスビ,牝,4,54.0,499,-4,張田昂,張田京,,1,1:29.4,39.4,3-2-2-2,2,499,-4
2022/06/03,浦和,8,Ｃ１四,1400,ダ,左,良,雨,12,6,8,レナータ,牝,7,51.0,469,-9,菅原涼,藤原智,,2,1:29.5,39.6,1-1-1-1,1,469,-9
2022/06/03,浦和,8,Ｃ１四,1400,ダ,左,良,雨,12,8,12,マイヨヴェール,牡,7,56.0,568,13,福原杏,柘榴浩,,3,1:30.3,40.1,7-7-3-3,4,568,13
2022/06/03,浦和,8,Ｃ１四,1400,ダ,左,良,雨,12,6,7,スーパーローズ,牝,5,54.0,471,-2,吉留孝,野口孝,,4,1:30.6,39.7,9-8-8-5,7,471,-2
2022/06/03,浦和,8,Ｃ１四,1400,ダ,左,良,雨,12,2,2,エムオーナイナー,牡,4,56.0,471,1,増田充,高月賢,,5,1:30.9,39.5,10-10-9-7,9,471,1
2022/06/03,浦和,8,Ｃ１四,1400,ダ,左,良,雨,12,4,4,フルフィル,牝,4,54.0,439,-4,山崎誠,山崎尋,,6,1:31.1,39.7,8-9-10-8,6,439,-4
2022/06/03,浦和,8,Ｃ１四,1400,ダ,左,良,雨,12,8,11,ドドーニサンサン,牡,4,56.0,486,-2,山中悠,渋谷博,,7,1:31.4,41.2,4-4-4-4,8,486,-2
2022/06/03,浦和,8,Ｃ１四,1400,ダ,左,良,雨,12,1,1,ロッソビアンコ,牝,5,54.0,464,4,笹川翼,小久智,,8,1:31.9,41.5,5-5-5-6,5,464,4
2022/06/03,浦和,8,Ｃ１四,1400,ダ,左,良,雨,12,5,5,メガミリオン,牡,4,52.0,440,-5,小林捺,田島寿,,9,1:31.9,39.8,11-12-11-9,12,440,-5
2022/06/03,浦和,8,Ｃ１四,1400,ダ,左,良,雨,12,7,10,トレジャーバローズ,牡,4,56.0,443,-2,本橋孝,繁田健,,10,1:32.8,42.4,2-3-7-11,3,443,-2
2022/06/03,浦和,8,Ｃ１四,1400,ダ,左,良,雨,12,7,9,メディアジャッカル,牝,4,54.0,451,-5,秋元耕,内野健,,11,1:33.1,41.4,12-11-11-12,10,451,-5
2022/06/03,浦和,8,Ｃ１四,1400,ダ,左,良,雨,12,3,3,シンキングスカイ,牡,4,56.0,459,0,町田直,内田勝,,12,1:33.7,43.1,6-6-6-10,11,459,0
2022/06/03,浦和,9,ナツツバキ特別Ｃ１一,1500,ダ,左,稍重,雨,11,8,10,ジュエルケイヴ,牝,4,54.0,456,1,和田譲,齊藤敏,,1,1:35.8,38.1,10-11-8-3,3,456,1
2022/06/03,浦和,9,ナツツバキ特別Ｃ１一,1500,ダ,左,稍重,雨,11,4,4,シャドウモノリス,牡,4,56.0,513,9,笹川翼,佐藤太,,2,1:36.0,39.9,2-2-1-1,2,513,9
2022/06/03,浦和,9,ナツツバキ特別Ｃ１一,1500,ダ,左,稍重,雨,11,1,1,モンチ,牡,4,56.0,472,1,篠谷葵,山田信,,3,1:36.6,39.3,9-8-7-7,5,472,1
2022/06/03,浦和,9,ナツツバキ特別Ｃ１一,1500,ダ,左,稍重,雨,11,6,6,ワンダークラドート,牡,5,56.0,477,-3,橋本直,鈴木勝,,4,1:36.7,39.6,7-6-6-4,7,477,-3
2022/06/03,浦和,9,ナツツバキ特別Ｃ１一,1500,ダ,左,稍重,雨,11,7,8,ハーモニーレグルス,牡,4,53.0,517,-9,新原周,高月賢,,5,1:36.7,40.6,1-1-2-2,10,517,-9
2022/06/03,浦和,9,ナツツバキ特別Ｃ１一,1500,ダ,左,稍重,雨,11,2,2,イチジン,牡,5,56.0,463,0,加藤和,長谷忍,,6,1:37.4,40.7,4-4-4-5,8,463,0
2022/06/03,浦和,9,ナツツバキ特別Ｃ１一,1500,ダ,左,稍重,雨,11,7,9,ミエノムガール,牡,4,56.0,499,-6,川島正,山下之,,7,1:37.7,41.4,3-3-3-6,4,499,-6
2022/06/03,浦和,9,ナツツバキ特別Ｃ１一,1500,ダ,左,稍重,雨,11,6,7,ウララカナハル,牝,4,50.0,427,-6,小林捺,新井清,,8,1:37.8,39.9,8-9-9-10,6,427,-6
2022/06/03,浦和,9,ナツツバキ特別Ｃ１一,1500,ダ,左,稍重,雨,11,3,3,アールブリッツ,牡,5,56.0,519,-2,福原杏,水野貴,,9,1:37.9,39.8,11-10-11-9,9,519,-2
2022/06/03,浦和,9,ナツツバキ特別Ｃ１一,1500,ダ,左,稍重,雨,11,8,11,フォートレスヒル,牡,4,56.0,486,1,増田充,山田質,,10,1:38.3,40.6,6-7-10-11,11,486,1
2022/06/03,浦和,9,ナツツバキ特別Ｃ１一,1500,ダ,左,稍重,雨,11,5,5,クラップクラップ,牝,5,54.0,449,-13,本橋孝,小久智,,11,1:38.3,41.6,5-5-5-8,1,449,-13
2022/06/03,浦和,10,疾駆特別Ｂ３選抜馬,800,ダ,左,稍重,晴,12,3,3,イクノミライ,牡,5,53.0,476,2,野畑凌,内田勝,,1,0:47.3,35.2,1-1,7,476,2
2022/06/03,浦和,10,疾駆特別Ｂ３選抜馬,800,ダ,左,稍重,晴,12,8,11,チェンジバイオ,牡,8,56.0,476,-2,岡村健,新井清,,2,0:47.5,34.9,6-3,3,476,-2
2022/06/03,浦和,10,疾駆特別Ｂ３選抜馬,800,ダ,左,稍重,晴,12,8,12,ハイモビリティ,牡,4,56.0,511,-1,笹川翼,小久智,,3,0:47.5,35.3,2-2,1,511,-1
2022/06/03,浦和,10,疾駆特別Ｂ３選抜馬,800,ダ,左,稍重,晴,12,7,9,サーストンバーラム,牡,6,56.0,468,1,仲野光,阿井正,,4,0:47.7,35.4,5-5,2,468,1
2022/06/03,浦和,10,疾駆特別Ｂ３選抜馬,800,ダ,左,稍重,晴,12,6,8,ミホスローロリス,牝,5,54.0,442,2,本田重,新井清,,5,0:47.8,35.2,7-6,4,442,2
2022/06/03,浦和,10,疾駆特別Ｂ３選抜馬,800,ダ,左,稍重,晴,12,6,7,デスヨネ,牡,7,53.0,465,-4,新原周,林隆之,,6,0:48.1,35.5,7-7,6,465,-4
2022/06/03,浦和,10,疾駆特別Ｂ３選抜馬,800,ダ,左,稍重,晴,12,2,2,リッチアロマ,牝,4,54.0,451,-1,福原杏,水野貴,,7,0:48.1,35.8,4-4,8,451,-1
2022/06/03,浦和,10,疾駆特別Ｂ３選抜馬,800,ダ,左,稍重,晴,12,5,6,トミケンエンデレア,セ,0,56.0,503,9,酒井忍,齊藤敏,,8,0:48.3,34.9,10-10,10,503,9
2022/06/03,浦和,10,疾駆特別Ｂ３選抜馬,800,ダ,左,稍重,晴,12,7,10,ニッチモサッチモ,セ,0,56.0,443,2,山中悠,伊藤滋,,9,0:48.4,34.9,11-9,11,443,2
2022/06/03,浦和,10,疾駆特別Ｂ３選抜馬,800,ダ,左,稍重,晴,12,5,5,シグラップリンリン,牝,7,54.0,454,-6,橋本直,平山真,,10,0:48.7,36.5,3-8,9,454,-6
2022/06/03,浦和,10,疾駆特別Ｂ３選抜馬,800,ダ,左,稍重,晴,12,1,1,シェナブライト,牡,4,56.0,526,12,岡田大,山越光,,11,0:48.8,36.0,9-11,5,526,12
2022/06/03,浦和,10,疾駆特別Ｂ３選抜馬,800,ダ,左,稍重,晴,12,4,4,ピュアファンタジー,牝,5,53.0,482,0,古岡勇,小澤宏,,,,,,,482,0
2022/06/03,浦和,11,風待月特別Ｂ２二,1500,ダ,左,稍重,晴,12,5,5,コンセプト,牡,4,56.0,470,-2,本橋孝,小久智,,1,1:35.8,38.4,7-6-5-5,2,470,-2
2022/06/03,浦和,11,風待月特別Ｂ２二,1500,ダ,左,稍重,晴,12,4,4,ビヨンドボーダーズ,セ,0,56.0,478,2,山林信,林隆之,,2,1:36.0,39.1,1-1-1-1,5,478,2
2022/06/03,浦和,11,風待月特別Ｂ２二,1500,ダ,左,稍重,晴,12,6,7,グローリアスペルレ,牝,8,54.0,458,-10,本田重,新井清,,3,1:36.1,38.9,3-3-3-2,4,458,-10
2022/06/03,浦和,11,風待月特別Ｂ２二,1500,ダ,左,稍重,晴,12,3,3,フェリスアロー,牡,8,56.0,497,-4,山口達,林正人,,4,1:36.2,38.4,11-10-8-10,6,497,-4
2022/06/03,浦和,11,風待月特別Ｂ２二,1500,ダ,左,稍重,晴,12,8,12,ダイリュウボーラー,牡,6,56.0,446,-5,笹川翼,繁田健,,5,1:36.4,38.8,8-7-9-8,1,446,-5
2022/06/03,浦和,11,風待月特別Ｂ２二,1500,ダ,左,稍重,晴,12,1,1,クマサンニデアッタ,牝,4,54.0,467,5,和田譲,宇野博,,6,1:36.6,39.0,9-9-10-7,3,467,5
2022/06/03,浦和,11,風待月特別Ｂ２二,1500,ダ,左,稍重,晴,12,5,6,リトルパイングッド,牡,5,56.0,511,1,町田直,内田勝,,7,1:36.7,39.7,2-2-2-3,7,511,1
2022/06/03,浦和,11,風待月特別Ｂ２二,1500,ダ,左,稍重,晴,12,2,2,スズノチェルシー,牡,6,56.0,462,-4,岡村健,山中尊,,8,1:36.8,39.2,6-8-7-6,11,462,-4
2022/06/03,浦和,11,風待月特別Ｂ２二,1500,ダ,左,稍重,晴,12,7,9,タンクティーエー,牡,6,53.0,547,-4,室陽一,宇野博,,9,1:36.8,39.4,5-5-6-9,9,547,-4
2022/06/03,浦和,11,風待月特別Ｂ２二,1500,ダ,左,稍重,晴,12,6,8,ヨドノオーシャン,牡,6,56.0,455,17,山崎誠,平山真,,10,1:36.9,39.7,4-4-4-4,8,455,17
2022/06/03,浦和,11,風待月特別Ｂ２二,1500,ダ,左,稍重,晴,12,7,10,キタサンチャンドラ,牡,6,56.0,467,-8,笠野雄,佐藤太,,11,1:37.1,39.1,10-11-11-11,10,467,-8
2022/06/03,浦和,11,風待月特別Ｂ２二,1500,ダ,左,稍重,晴,12,8,11,イデアイホマジョル,セ,0,56.0,448,-4,岡田大,岡田一,,,,,,,448,-4
2022/06/03,浦和,12,シャクヤク特別Ｃ３選抜馬,2000,ダ,左,稍重,晴,12,1,1,アイスバーグアリー,牝,6,54.0,440,1,岡村健,平山真,,1,2:14.4,40.6,4-4-1-1,1,440,1
2022/06/03,浦和,12,シャクヤク特別Ｃ３選抜馬,2000,ダ,左,稍重,晴,12,8,12,ラッキーアモン,牡,6,56.0,504,-2,秋元耕,柘榴浩,,2,2:14.6,40.9,1-1-2-2,2,504,-2
2022/06/03,浦和,12,シャクヤク特別Ｃ３選抜馬,2000,ダ,左,稍重,晴,12,8,11,アルコンシチー,牡,5,56.0,455,-2,藤江渉,箕輪武,,3,2:15.5,40.6,12-12-6-4,8,455,-2
2022/06/03,浦和,12,シャクヤク特別Ｃ３選抜馬,2000,ダ,左,稍重,晴,12,7,9,アニマフレスカ,牝,5,54.0,458,2,保園翔,酒井一,,4,2:15.7,41.4,5-5-4-5,4,458,2
2022/06/03,浦和,12,シャクヤク特別Ｃ３選抜馬,2000,ダ,左,稍重,晴,12,5,6,ドラグ,牝,4,54.0,423,3,福原杏,牛房榮,,5,2:15.7,41.4,3-3-4-6,10,423,3
2022/06/03,浦和,12,シャクヤク特別Ｃ３選抜馬,2000,ダ,左,稍重,晴,12,3,3,ジェイケイリオン,牝,4,53.0,426,-6,池谷匠,栗林信,,6,2:16.1,40.4,11-10-10-10,5,426,-6
2022/06/03,浦和,12,シャクヤク特別Ｃ３選抜馬,2000,ダ,左,稍重,晴,12,4,4,スパークルガール,牝,6,51.0,421,2,室陽一,長谷忍,,7,2:16.3,41.3,8-8-8-7,7,421,2
2022/06/03,浦和,12,シャクヤク特別Ｃ３選抜馬,2000,ダ,左,稍重,晴,12,2,2,ミライヘノサイン,牝,9,50.0,460,1,中島良,冨田敏,,8,2:16.4,41.1,9-9-9-9,11,460,1
2022/06/03,浦和,12,シャクヤク特別Ｃ３選抜馬,2000,ダ,左,稍重,晴,12,6,8,ヴィヴァアンヌ,牝,4,53.0,412,-2,古岡勇,加藤誠,,9,2:16.5,41.8,6-6-7-8,6,412,-2
2022/06/03,浦和,12,シャクヤク特別Ｃ３選抜馬,2000,ダ,左,稍重,晴,12,7,10,エイシンキンバリー,牝,4,54.0,421,1,藤本現,小久智,,10,2:16.9,43.1,2-2-2-3,3,421,1
2022/06/03,浦和,12,シャクヤク特別Ｃ３選抜馬,2000,ダ,左,稍重,晴,12,5,5,ニシノコウメイ,牡,4,53.0,448,0,及川烈,冨田敏,,11,2:17.4,41.9,10-11-11-11,12,448,0
2022/06/03,浦和,12,シャクヤク特別Ｃ３選抜馬,2000,ダ,左,稍重,晴,12,6,7,リアルドリーム,牝,4,54.0,444,7,加藤和,川島豊,,12,2:19.4,43.6,7-7-12-12,9,444,7
2022/06/27,浦和,1,ドリームチャレンジ２歳新馬イ,800,ダ,左,良,晴,5,3,3,アトカラツイテクル,牝,2,54.0,0,0,森泰斗,宇野博,,1,0:47.7,35.5,1-1,1,0,0
2022/06/27,浦和,1,ドリームチャレンジ２歳新馬イ,800,ダ,左,良,晴,5,5,5,ジャヌウブ,牝,2,54.0,0,0,和田譲,小久智,,2,0:49.6,37.0,2-2,2,0,0
2022/06/27,浦和,1,ドリームチャレンジ２歳新馬イ,800,ダ,左,良,晴,5,2,2,カシノクインダム,牝,2,54.0,0,0,秋元耕,鹿沼和,,3,0:49.8,37.4,2-3,5,0,0
2022/06/27,浦和,1,ドリームチャレンジ２歳新馬イ,800,ダ,左,良,晴,5,4,4,スマイルマハロ,牡,2,54.0,0,0,見越彬,宇野博,,4,0:50.3,37.1,4-4,4,0,0
2022/06/27,浦和,1,ドリームチャレンジ２歳新馬イ,800,ダ,左,良,晴,5,1,1,トラックヤロー,牡,2,54.0,0,0,山崎誠,平山真,,5,0:50.5,35.9,5-5,3,0,0
2022/06/27,浦和,2,ドリームチャレンジ２歳新馬ア,800,ダ,左,良,晴,6,2,2,ジョーフォック,牡,2,54.0,0,0,本橋孝,小久智,,1,0:48.2,35.3,2-2,1,0,0
2022/06/27,浦和,2,ドリームチャレンジ２歳新馬ア,800,ダ,左,良,晴,6,1,1,オデンシタ,牡,2,54.0,0,0,和田譲,野口寛,,2,0:48.5,35.4,3-3,3,0,0
2022/06/27,浦和,2,ドリームチャレンジ２歳新馬ア,800,ダ,左,良,晴,6,5,5,タカイチスイート,牝,2,54.0,0,0,森泰斗,薮口一,,3,0:49.1,36.8,1-1,2,0,0
2022/06/27,浦和,2,ドリームチャレンジ２歳新馬ア,800,ダ,左,良,晴,6,6,6,キックアス,牡,2,50.0,0,0,中島良,海馬司,,4,0:49.3,36.0,4-4,5,0,0
2022/06/27,浦和,2,ドリームチャレンジ２歳新馬ア,800,ダ,左,良,晴,6,3,3,イイガネ,牝,2,54.0,0,0,加藤和,酒井一,,5,0:49.5,35.9,5-5,4,0,0
2022/06/27,浦和,2,ドリームチャレンジ２歳新馬ア,800,ダ,左,良,晴,6,4,4,ミルクキャラメル,牝,2,54.0,0,0,半澤慶,平山真,,6,0:52.1,37.7,6-6,6,0,0
2022/06/27,浦和,3,Ｃ３四 五 六,1400,ダ,左,良,晴,10,4,4,スマイルジーニアス,セ,0,56.0,509,11,福原杏,鹿沼和,,1,1:31.4,40.3,4-2-1-1,4,509,11
2022/06/27,浦和,3,Ｃ３四 五 六,1400,ダ,左,良,晴,10,5,5,トーセンクルーズ,牝,7,54.0,444,-1,本橋孝,工藤伸,,2,1:31.8,40.7,3-3-2-2,1,444,-1
2022/06/27,浦和,3,Ｃ３四 五 六,1400,ダ,左,良,晴,10,8,9,ポイズンピル,牡,7,56.0,466,9,岡田大,牛房榮,,3,1:32.2,39.7,8-8-8-6,2,466,9
2022/06/27,浦和,3,Ｃ３四 五 六,1400,ダ,左,良,晴,10,1,1,ユメツクシ,牝,6,54.0,493,-2,加藤和,長谷忍,,4,1:32.2,40.2,7-7-6-3,6,493,-2
2022/06/27,浦和,3,Ｃ３四 五 六,1400,ダ,左,良,晴,10,2,2,モズメイダン,牡,8,53.0,472,6,室陽一,柘榴浩,,5,1:32.4,40.6,6-6-5-4,8,472,6
2022/06/27,浦和,3,Ｃ３四 五 六,1400,ダ,左,良,晴,10,3,3,パレスギガント,牡,6,55.0,476,-1,七夕裕,長谷忍,,6,1:32.9,41.2,5-4-4-7,7,476,-1
2022/06/27,浦和,3,Ｃ３四 五 六,1400,ダ,左,良,晴,10,8,10,トーセンレオ,牡,7,56.0,561,-3,橋本直,川村守,,7,1:33.6,41.1,9-9-9-9,10,561,-3
2022/06/27,浦和,3,Ｃ３四 五 六,1400,ダ,左,良,晴,10,7,7,アールレアル,セ,0,56.0,458,11,保園翔,川村守,,8,1:33.8,41.1,10-10-10-10,9,458,11
2022/06/27,浦和,3,Ｃ３四 五 六,1400,ダ,左,良,晴,10,6,6,ピノゼン,牝,6,50.0,479,0,小林捺,野口孝,,9,1:34.2,42.4,2-5-6-8,5,479,0
2022/06/27,浦和,3,Ｃ３四 五 六,1400,ダ,左,良,晴,10,7,8,ツーエムポラリス,牡,7,56.0,477,3,秋元耕,鈴木勝,,10,1:34.3,43.2,1-1-3-5,3,477,3
2022/06/27,浦和,4,Ｃ３四 五 六,1400,ダ,左,良,晴,10,7,7,ビアンカグリーン,牡,7,56.0,487,0,森泰斗,酒井一,,1,1:31.3,39.2,1-1-1-1,1,487,0
2022/06/27,浦和,4,Ｃ３四 五 六,1400,ダ,左,良,晴,10,6,6,ロッカーモーション,牝,6,54.0,498,2,秋元耕,内野健,,2,1:31.4,38.6,6-6-4-2,2,498,2
2022/06/27,浦和,4,Ｃ３四 五 六,1400,ダ,左,良,晴,10,5,5,ワンダーヘーヒスト,牡,8,56.0,470,2,橋本直,鈴木勝,,3,1:31.7,39.2,5-4-3-4,5,470,2
2022/06/27,浦和,4,Ｃ３四 五 六,1400,ダ,左,良,晴,10,8,9,トーセンケイト,牝,4,54.0,458,7,藤江渉,川村守,,4,1:31.8,39.5,3-3-2-3,8,458,7
2022/06/27,浦和,4,Ｃ３四 五 六,1400,ダ,左,良,晴,10,2,2,ナツィオナーレ,牝,7,54.0,444,-3,和田譲,野口孝,,5,1:31.8,38.8,7-7-6-5,3,444,-3
2022/06/27,浦和,4,Ｃ３四 五 六,1400,ダ,左,良,晴,10,8,10,セイウングラッパ,牡,7,56.0,451,-1,吉留孝,吉田正,,6,1:31.9,38.8,8-8-7-6,4,451,-1
2022/06/27,浦和,4,Ｃ３四 五 六,1400,ダ,左,良,晴,10,4,4,ネオエンジェル,牝,6,54.0,434,-1,國分祐,冨田敏,,7,1:33.1,39.4,9-9-10-9,6,434,-1
2022/06/27,浦和,4,Ｃ３四 五 六,1400,ダ,左,良,晴,10,3,3,ミリオンフジコ,牝,4,50.0,450,-6,中島良,柘榴浩,,8,1:33.2,39.6,10-10-9-7,9,450,-6
2022/06/27,浦和,4,Ｃ３四 五 六,1400,ダ,左,良,晴,10,1,1,アストラルブレイズ,牝,5,54.0,500,12,見越彬,小林真,,9,1:33.8,40.8,4-5-8-10,10,500,12
2022/06/27,浦和,4,Ｃ３四 五 六,1400,ダ,左,良,晴,10,7,8,キープファイター,セ,0,55.0,534,-1,七夕裕,柘榴浩,,10,1:36.7,44.2,2-2-5-8,7,534,-1
2022/06/27,浦和,5,特選３歳二,1400,ダ,左,良,晴,9,8,8,ジングルベル,牝,3,54.0,467,7,和田譲,小久智,,1,1:29.4,38.7,2-2-1-1,1,467,7
2022/06/27,浦和,5,特選３歳二,1400,ダ,左,良,晴,9,6,6,トモノエリザベス,牝,3,54.0,446,3,町田直,酒井一,,2,1:29.6,38.8,6-4-4-3,2,446,3
2022/06/27,浦和,5,特選３歳二,1400,ダ,左,良,晴,9,1,1,ラムリケティ,牝,3,51.0,359,-4,室陽一,酒井一,,3,1:29.7,37.2,9-9-9-6,7,359,-4
2022/06/27,浦和,5,特選３歳二,1400,ダ,左,良,晴,9,8,9,サマーデライト,牝,3,54.0,427,2,内田利,牛房榮,,4,1:30.0,39.3,4-3-3-2,8,427,2
2022/06/27,浦和,5,特選３歳二,1400,ダ,左,良,晴,9,3,3,バトルホッパー,牡,3,56.0,480,8,高橋哲,横山保,,5,1:30.1,38.4,7-8-6-5,4,480,8
2022/06/27,浦和,5,特選３歳二,1400,ダ,左,良,晴,9,5,5,エトワールゴールド,牡,3,56.0,463,-5,保園翔,薮口一,,6,1:31.0,39.6,8-7-5-7,6,463,-5
2022/06/27,浦和,5,特選３歳二,1400,ダ,左,良,晴,9,2,2,ファインファン,牝,3,54.0,448,-4,本橋孝,小久智,,7,1:31.8,41.1,1-1-1-4,3,448,-4
2022/06/27,浦和,5,特選３歳二,1400,ダ,左,良,晴,9,4,4,ファンキーブルース,セ,0,56.0,415,7,森泰斗,水野貴,,8,1:31.9,40.4,5-6-7-8,5,415,7
2022/06/27,浦和,5,特選３歳二,1400,ダ,左,良,晴,9,7,7,ユウユウピクニック,牝,3,54.0,409,-4,吉留孝,横山保,,9,1:34.1,42.2,3-5-8-9,9,409,-4
2022/06/27,浦和,6,Ｃ３四 五 六,1500,ダ,左,良,晴,9,5,5,ユメノハジマリ,牝,6,51.0,476,9,室陽一,水野貴,,1,1:38.6,41.0,1-1-1-1,1,476,9
2022/06/27,浦和,6,Ｃ３四 五 六,1500,ダ,左,良,晴,9,4,4,オールドボンバー,牡,6,56.0,476,0,福原杏,横山保,,2,1:39.3,40.6,5-4-4-3,2,476,0
2022/06/27,浦和,6,Ｃ３四 五 六,1500,ダ,左,良,晴,9,3,3,ローズカルテット,牝,4,54.0,430,3,張田昂,平山真,,3,1:39.5,41.6,2-2-2-2,4,430,3
2022/06/27,浦和,6,Ｃ３四 五 六,1500,ダ,左,良,晴,9,8,8,コンディトラム,牡,5,56.0,481,5,高橋哲,川村守,,4,1:40.0,41.8,3-3-3-4,5,481,5
2022/06/27,浦和,6,Ｃ３四 五 六,1500,ダ,左,良,晴,9,7,7,シンライトミー,牡,5,55.0,429,-6,七夕裕,柘榴浩,,5,1:40.0,40.9,6-6-6-5,7,429,-6
2022/06/27,浦和,6,Ｃ３四 五 六,1500,ダ,左,良,晴,9,6,6,スキニチーノ,牝,5,54.0,470,-1,町田直,海馬司,,6,1:40.2,40.3,8-7-7-6,3,470,-1
2022/06/27,浦和,6,Ｃ３四 五 六,1500,ダ,左,良,晴,9,1,1,リゼイエロー,牝,5,50.0,485,-7,中島良,川島豊,,7,1:40.3,40.0,7-8-8-8,6,485,-7
2022/06/27,浦和,6,Ｃ３四 五 六,1500,ダ,左,良,晴,9,8,9,アベノカイシンゲキ,牡,4,56.0,485,13,寺島憂,小林真,,8,1:40.8,41.9,4-5-5-7,9,485,13
2022/06/27,浦和,6,Ｃ３四 五 六,1500,ダ,左,良,晴,9,2,2,ニシノシロフネ,牡,5,56.0,480,-3,國分祐,冨田敏,,9,1:44.3,42.8,9-9-9-9,8,480,-3
2022/06/27,浦和,7,特選３歳一,1500,ダ,左,良,晴,10,2,2,ティーファイブ,牡,3,56.0,464,-4,左海誠,小久智,,1,1:35.4,38.6,1-1-1-1,1,464,-4
2022/06/27,浦和,7,特選３歳一,1500,ダ,左,良,晴,10,6,6,シェヴロンケリー,牝,3,54.0,445,19,森泰斗,小澤宏,,2,1:36.6,39.1,8-7-4-2,3,445,19
2022/06/27,浦和,7,特選３歳一,1500,ダ,左,良,晴,10,8,10,グランツ,牝,3,54.0,498,19,本橋孝,小久智,,3,1:36.9,39.7,3-3-2-3,2,498,19
2022/06/27,浦和,7,特選３歳一,1500,ダ,左,良,晴,10,5,5,ガンコチャン,牝,3,53.0,478,-2,七夕裕,岡田一,,4,1:37.7,39.8,6-8-6-5,9,478,-2
2022/06/27,浦和,7,特選３歳一,1500,ダ,左,良,晴,10,4,4,ホワイトスズラン,牝,3,54.0,421,-12,保園翔,山越光,,5,1:38.0,40.1,9-9-7-6,10,421,-12
2022/06/27,浦和,7,特選３歳一,1500,ダ,左,良,晴,10,1,1,モーニングスマイル,牡,3,56.0,453,0,秋元耕,箕輪武,,6,1:38.2,38.5,10-10-10-9,5,453,0
2022/06/27,浦和,7,特選３歳一,1500,ダ,左,良,晴,10,7,8,エンタクノキシ,牡,3,56.0,481,-1,山崎誠,藤原智,,7,1:39.2,41.9,4-4-3-4,6,481,-1
2022/06/27,浦和,7,特選３歳一,1500,ダ,左,良,晴,10,7,7,ゴールドエース,牡,3,56.0,467,-3,和田譲,野口孝,,8,1:39.2,41.3,7-6-8-7,7,467,-3
2022/06/27,浦和,7,特選３歳一,1500,ダ,左,良,晴,10,3,3,マウコノミタマ,牡,3,56.0,486,-2,高橋哲,藤原智,,9,1:40.6,43.4,2-2-5-8,8,486,-2
2022/06/27,浦和,7,特選３歳一,1500,ダ,左,良,晴,10,8,9,マイバンビーナ,牝,3,51.0,470,6,室陽一,小澤宏,,10,1:41.0,42.9,5-5-9-10,4,470,6
2022/06/27,浦和,8,Ｃ２二 三,1500,ダ,左,良,晴,10,6,6,アーバンブラック,牡,7,56.0,463,-4,張田昂,平山真,,1,1:37.1,39.3,6-6-6-4,1,463,-4
2022/06/27,浦和,8,Ｃ２二 三,1500,ダ,左,良,晴,10,3,3,バトルオサンナ,牝,8,50.0,457,-4,中島良,柘榴浩,,2,1:37.2,39.6,9-7-4-2,7,457,-4
2022/06/27,浦和,8,Ｃ２二 三,1500,ダ,左,良,晴,10,4,4,キャンビー,牡,4,56.0,512,0,和田譲,野口寛,,3,1:37.4,40.4,2-2-1-1,4,512,0
2022/06/27,浦和,8,Ｃ２二 三,1500,ダ,左,良,晴,10,1,1,ゴールドキャスト,牝,9,54.0,433,1,内田利,吉田正,,4,1:37.9,39.0,7-9-7-7,8,433,1
2022/06/27,浦和,8,Ｃ２二 三,1500,ダ,左,良,晴,10,5,5,エルフバローズ,牝,4,54.0,442,-2,岡田大,工藤伸,,5,1:38.0,40.8,3-3-3-3,3,442,-2
2022/06/27,浦和,8,Ｃ２二 三,1500,ダ,左,良,晴,10,2,2,ヒゲクレイジー,セ,0,56.0,458,-4,高橋哲,酒井一,,6,1:38.1,40.7,5-4-5-5,6,458,-4
2022/06/27,浦和,8,Ｃ２二 三,1500,ダ,左,良,晴,10,8,10,ミメウルワシ,牝,7,54.0,455,-4,保園翔,山越光,,7,1:39.4,42.6,1-1-2-6,5,455,-4
2022/06/27,浦和,8,Ｃ２二 三,1500,ダ,左,良,晴,10,7,8,エイコーレイワ,牝,5,54.0,476,0,赤津和,川村守,,8,1:39.4,40.8,8-8-8-8,10,476,0
2022/06/27,浦和,8,Ｃ２二 三,1500,ダ,左,良,晴,10,8,9,シュバルマル,セ,0,56.0,498,-3,吉留孝,薮口一,,9,1:40.3,41.9,4-5-9-9,9,498,-3
2022/06/27,浦和,8,Ｃ２二 三,1500,ダ,左,良,晴,10,7,7,エイシンビースト,牡,4,56.0,445,2,森泰斗,薮口一,,,,,,2,445,2
2022/06/27,浦和,9,ウラワール＆うまたせ！コラボ賞Ｃ２二 三,1400,ダ,左,良,晴,9,6,6,デルマジザイ,牡,4,56.0,449,-6,藤江渉,工藤伸,,1,1:29.3,39.0,7-7-3-1,1,449,-6
2022/06/27,浦和,9,ウラワール＆うまたせ！コラボ賞Ｃ２二 三,1400,ダ,左,良,晴,9,5,5,ナツハヨル,牝,4,54.0,439,0,福原杏,横山保,,2,1:29.7,39.9,1-1-1-2,4,439,0
2022/06/27,浦和,9,ウラワール＆うまたせ！コラボ賞Ｃ２二 三,1400,ダ,左,良,晴,9,8,9,ノブヘンドリックス,牡,4,56.0,466,3,保園翔,小久智,,3,1:29.9,40.0,3-2-2-3,2,466,3
2022/06/27,浦和,9,ウラワール＆うまたせ！コラボ賞Ｃ２二 三,1400,ダ,左,良,晴,9,1,1,ジャストメイビー,牝,4,54.0,507,-1,和田譲,宇野博,,4,1:30.2,39.3,8-8-8-4,3,507,-1
2022/06/27,浦和,9,ウラワール＆うまたせ！コラボ賞Ｃ２二 三,1400,ダ,左,良,晴,9,3,3,ラスティネイル,牝,4,54.0,462,5,高橋哲,牛房榮,,5,1:30.7,39.9,4-5-9-8,5,462,5
2022/06/27,浦和,9,ウラワール＆うまたせ！コラボ賞Ｃ２二 三,1400,ダ,左,良,晴,9,7,7,エコロアジェンダ,牡,4,56.0,471,-5,赤津和,工藤伸,,6,1:30.7,40.1,5-4-5-5,6,471,-5
2022/06/27,浦和,9,ウラワール＆うまたせ！コラボ賞Ｃ２二 三,1400,ダ,左,良,晴,9,8,8,ケイティーユイ,牝,4,51.0,439,-8,室陽一,水野貴,,7,1:31.4,40.8,6-6-4-6,9,439,-8
2022/06/27,浦和,9,ウラワール＆うまたせ！コラボ賞Ｃ２二 三,1400,ダ,左,良,晴,9,4,4,コンバットマジック,牝,4,54.0,455,5,秋元耕,川島豊,,8,1:31.7,40.9,9-9-6-7,8,455,5
2022/06/27,浦和,9,ウラワール＆うまたせ！コラボ賞Ｃ２二 三,1400,ダ,左,良,晴,9,2,2,ジョワフロンティア,牝,4,54.0,483,3,吉留孝,薮口一,,9,1:33.2,42.7,2-3-7-9,7,483,3
2022/06/27,浦和,10,かに座特別Ｃ１二,1500,ダ,左,良,晴,11,1,1,タカジョー,牡,4,56.0,477,4,和田譲,宇野博,,1,1:35.0,37.2,3-3-1-1,1,477,4
2022/06/27,浦和,10,かに座特別Ｃ１二,1500,ダ,左,良,晴,11,3,3,ジョーレイラニ,牝,4,54.0,454,18,本橋孝,小久智,,2,1:36.4,38.7,2-2-1-2,4,454,18
2022/06/27,浦和,10,かに座特別Ｃ１二,1500,ダ,左,良,晴,11,7,9,シバノトロフェオ,牡,4,56.0,517,-1,町田直,宇野博,,3,1:36.6,38.5,6-5-4-3,7,517,-1
2022/06/27,浦和,10,かに座特別Ｃ１二,1500,ダ,左,良,晴,11,6,7,ジオパークマグマ,牡,4,56.0,455,-3,加藤和,川島豊,,4,1:36.8,38.1,9-10-6-5,5,455,-3
2022/06/27,浦和,10,かに座特別Ｃ１二,1500,ダ,左,良,晴,11,6,6,ワンダーダイカネン,牡,5,56.0,498,2,見越彬,鈴木勝,,5,1:37.0,38.3,8-9-7-6,10,498,2
2022/06/27,浦和,10,かに座特別Ｃ１二,1500,ダ,左,良,晴,11,4,4,スリーヴリーグ,牡,6,52.0,513,-15,小林捺,野口寛,,6,1:37.2,39.2,4-4-4-7,6,513,-15
2022/06/27,浦和,10,かに座特別Ｃ１二,1500,ダ,左,良,晴,11,8,11,アンジュクレール,牝,4,54.0,440,5,張田昂,小久智,,7,1:37.4,39.7,1-1-3-4,2,440,5
2022/06/27,浦和,10,かに座特別Ｃ１二,1500,ダ,左,良,晴,11,2,2,サウンディングベル,牡,8,56.0,465,0,山崎誠,水野貴,,8,1:37.5,39.1,5-6-9-8,8,465,0
2022/06/27,浦和,10,かに座特別Ｃ１二,1500,ダ,左,良,晴,11,8,10,マイネルジェンマ,牡,6,56.0,502,-3,橋本直,内野健,,9,1:37.7,39.0,7-7-10-9,9,502,-3
2022/06/27,浦和,10,かに座特別Ｃ１二,1500,ダ,左,良,晴,11,7,8,トレサイーユ,牝,4,54.0,452,5,福原杏,柘榴浩,,10,1:38.1,39.6,11-8-8-10,3,452,5
2022/06/27,浦和,10,かに座特別Ｃ１二,1500,ダ,左,良,晴,11,5,5,メイクロード,牝,6,54.0,478,-4,保園翔,内野健,,11,1:42.5,42.2,10-11-11-11,11,478,-4
2022/06/27,浦和,11,水無月特別Ｂ２二Ｂ３一,1400,ダ,左,良,晴,10,3,3,ブラックパンサー,牡,4,55.0,487,-17,本橋孝,小久智,,1,1:28.3,36.7,9-9-8-8,1,487,-17
2022/06/27,浦和,11,水無月特別Ｂ２二Ｂ３一,1400,ダ,左,良,晴,10,4,4,コウユーモテモテ,牝,5,55.0,531,12,町田直,宇野博,,2,1:28.4,38.4,1-1-1-1,2,531,12
2022/06/27,浦和,11,水無月特別Ｂ２二Ｂ３一,1400,ダ,左,良,晴,10,1,1,ハニーコーン,牡,8,54.0,484,1,室陽一,内野健,,3,1:28.6,37.7,5-5-5-4,3,484,1
2022/06/27,浦和,11,水無月特別Ｂ２二Ｂ３一,1400,ダ,左,良,晴,10,5,5,ソフィアバローズ,牝,5,53.0,441,6,加藤和,川島豊,,4,1:28.8,38.5,4-4-4-3,4,441,6
2022/06/27,浦和,11,水無月特別Ｂ２二Ｂ３一,1400,ダ,左,良,晴,10,7,7,オンラインボス,セ,0,53.0,461,-22,保園翔,薮口一,,5,1:28.9,38.6,3-3-3-2,5,461,-22
2022/06/27,浦和,11,水無月特別Ｂ２二Ｂ３一,1400,ダ,左,良,晴,10,8,10,グーガルドリームズ,セ,0,55.0,490,6,福原杏,水野貴,,6,1:29.1,38.0,7-6-6-7,7,490,6
2022/06/27,浦和,11,水無月特別Ｂ２二Ｂ３一,1400,ダ,左,良,晴,10,2,2,チェスナットドレス,牝,5,49.0,463,7,中島良,冨田敏,,7,1:29.4,38.3,6-7-7-6,9,463,7
2022/06/27,浦和,11,水無月特別Ｂ２二Ｂ３一,1400,ダ,左,良,晴,10,6,6,キョウエイオジョウ,牝,8,53.0,480,1,秋元耕,小澤宏,,8,1:29.5,37.7,10-10-9-9,8,480,1
2022/06/27,浦和,11,水無月特別Ｂ２二Ｂ３一,1400,ダ,左,良,晴,10,8,9,シェナブライト,牡,4,55.0,523,12,吉留孝,山越光,,9,1:29.8,39.7,2-2-2-5,6,523,12
2022/06/27,浦和,11,水無月特別Ｂ２二Ｂ３一,1400,ダ,左,良,晴,10,7,8,サトノゴールド,セ,0,54.0,464,-1,七夕裕,小林真,,10,1:31.3,39.3,8-8-10-10,10,464,-1
2022/06/27,浦和,12,サルビア特別Ｃ２選抜馬,2000,ダ,左,良,晴,11,7,8,アルバリ,牡,7,56.0,441,10,庄司大,箕輪武,,1,2:12.2,39.4,2-2-1-1,4,441,10
2022/06/27,浦和,12,サルビア特別Ｃ２選抜馬,2000,ダ,左,良,晴,11,6,7,アイスバーグアリー,牝,6,54.0,440,0,岡村健,平山真,,2,2:13.0,40.0,6-4-3-2,2,440,0
2022/06/27,浦和,12,サルビア特別Ｃ２選抜馬,2000,ダ,左,良,晴,11,3,3,ウインジュノー,牝,4,54.0,524,-8,半澤慶,川島豊,,3,2:13.1,39.6,7-7-6-5,9,524,-8
2022/06/27,浦和,12,サルビア特別Ｃ２選抜馬,2000,ダ,左,良,晴,11,8,10,ソウヤミサキ,牝,4,50.0,456,5,中島良,岡田一,,4,2:13.1,38.9,8-8-7-7,5,456,5
2022/06/27,浦和,12,サルビア特別Ｃ２選抜馬,2000,ダ,左,良,晴,11,4,4,ログハウス,牝,7,54.0,500,6,川島正,平山真,,5,2:13.6,40.3,4-5-5-6,1,500,6
2022/06/27,浦和,12,サルビア特別Ｃ２選抜馬,2000,ダ,左,良,晴,11,6,6,プモリテソーロ,牡,5,53.0,476,-3,室陽一,水野貴,,6,2:14.1,39.7,9-9-8-8,10,476,-3
2022/06/27,浦和,12,サルビア特別Ｃ２選抜馬,2000,ダ,左,良,晴,11,8,11,ジャンティオム,牡,8,56.0,506,7,張田昂,小澤宏,,7,2:14.1,41.3,1-1-4-4,3,506,7
2022/06/27,浦和,12,サルビア特別Ｃ２選抜馬,2000,ダ,左,良,晴,11,7,9,シークレットギア,牡,4,56.0,478,-1,吉留孝,薮口一,,8,2:14.2,41.4,3-3-2-3,7,478,-1
2022/06/27,浦和,12,サルビア特別Ｃ２選抜馬,2000,ダ,左,良,晴,11,5,5,ブルームヴォーグ,牡,5,56.0,498,-3,町田直,海馬司,,9,2:14.7,39.9,11-11-10-9,8,498,-3
2022/06/27,浦和,12,サルビア特別Ｃ２選抜馬,2000,ダ,左,良,晴,11,1,1,ラッキーアモン,牡,6,56.0,493,-7,秋元耕,柘榴浩,,10,2:15.8,41.8,5-6-9-10,6,493,-7
2022/06/27,浦和,12,サルビア特別Ｃ２選抜馬,2000,ダ,左,良,晴,11,2,2,シェナフウジン,牡,6,56.0,446,3,國分祐,冨田敏,,11,2:17.5,42.3,10-10-11-11,11,446,3
2022/06/30,浦和,1,３歳四,1400,ダ,左,良,晴,10,7,8,ジャングルタキオン,牡,3,56.0,494,-13,森泰斗,野口孝,,1,1:30.0,39.3,2-2-1-1,3,494,-13
2022/06/30,浦和,1,３歳四,1400,ダ,左,良,晴,10,7,7,トーセンキッド,牡,3,56.0,457,3,矢野貴,小久智,,2,1:30.2,38.7,8-7-5-2,1,457,3
2022/06/30,浦和,1,３歳四,1400,ダ,左,良,晴,10,4,4,リコールイーズ,牝,3,54.0,533,1,本橋孝,繁田健,,3,1:31.5,40.0,5-5-6-5,4,533,1
2022/06/30,浦和,1,３歳四,1400,ダ,左,良,晴,10,1,1,ソーサレス,牝,3,53.0,482,2,古岡勇,小澤宏,,4,1:31.6,40.5,4-4-4-4,5,482,2
2022/06/30,浦和,1,３歳四,1400,ダ,左,良,晴,10,3,3,シェナダイオー,牡,3,56.0,549,4,寺島憂,山越光,,5,1:31.7,39.8,10-9-8-6,9,549,4
2022/06/30,浦和,1,３歳四,1400,ダ,左,良,晴,10,2,2,サキホコレ,牝,3,51.0,456,9,室陽一,宇野博,,6,1:31.9,40.4,7-6-7-8,6,456,9
2022/06/30,浦和,1,３歳四,1400,ダ,左,良,晴,10,5,5,ラクスシャルキ,牝,3,54.0,448,0,秋元耕,酒井一,,7,1:32.0,40.0,9-10-9-10,8,448,0
2022/06/30,浦和,1,３歳四,1400,ダ,左,良,晴,10,8,10,ユウユウパレス,牝,3,53.0,410,2,七夕裕,横山保,,8,1:32.2,40.3,6-8-9-9,10,410,2
2022/06/30,浦和,1,３歳四,1400,ダ,左,良,晴,10,8,9,ステラセイコー,牝,3,54.0,449,-8,福原杏,水野貴,,9,1:32.3,41.5,3-3-2-2,7,449,-8
2022/06/30,浦和,1,３歳四,1400,ダ,左,良,晴,10,6,6,アイカーニバル,牝,3,54.0,488,0,吉留孝,岡田一,,10,1:34.7,44.0,1-1-3-7,2,488,0
2022/06/30,浦和,2,ランチタイムチャレンジ３歳三,1400,ダ,左,良,晴,10,2,2,ロンドンボーイ,牡,3,56.0,470,6,矢野貴,小久智,,1,1:30.2,39.4,2-2-2-1,1,470,6
2022/06/30,浦和,2,ランチタイムチャレンジ３歳三,1400,ダ,左,良,晴,10,5,5,リョウイキテンカイ,牝,3,54.0,446,6,橋本直,柘榴浩,,2,1:30.4,39.2,4-5-4-3,2,446,6
2022/06/30,浦和,2,ランチタイムチャレンジ３歳三,1400,ダ,左,良,晴,10,6,6,スイフトマリー,牝,3,54.0,387,2,町田直,酒井一,,3,1:30.4,38.8,8-6-6-6,5,387,2
2022/06/30,浦和,2,ランチタイムチャレンジ３歳三,1400,ダ,左,良,晴,10,4,4,グッドヘイロー,牝,3,54.0,500,-10,保園翔,山越光,,4,1:31.0,39.8,5-4-4-4,4,500,-10
2022/06/30,浦和,2,ランチタイムチャレンジ３歳三,1400,ダ,左,良,晴,10,1,1,ユメミルツキ,牝,3,54.0,430,-8,半澤慶,工藤伸,,5,1:31.1,40.5,1-1-1-2,9,430,-8
2022/06/30,浦和,2,ランチタイムチャレンジ３歳三,1400,ダ,左,良,晴,10,7,8,アークティアラ,牝,3,54.0,370,4,増田充,新井健,,6,1:31.4,39.3,10-9-8-7,8,370,4
2022/06/30,浦和,2,ランチタイムチャレンジ３歳三,1400,ダ,左,良,晴,10,3,3,インカローズムスメ,牝,3,54.0,416,26,赤津和,山越光,,7,1:31.6,39.3,9-10-9-7,7,416,26
2022/06/30,浦和,2,ランチタイムチャレンジ３歳三,1400,ダ,左,良,晴,10,7,7,シカテブクロ,牡,3,52.0,521,21,中島良,小久智,,8,1:32.0,41.0,3-3-3-5,3,521,21
2022/06/30,浦和,2,ランチタイムチャレンジ３歳三,1400,ダ,左,良,晴,10,8,9,カジュアルスパート,牡,3,56.0,484,-1,見越彬,野口寛,,9,1:32.0,40.4,7-6-7-9,6,484,-1
2022/06/30,浦和,2,ランチタイムチャレンジ３歳三,1400,ダ,左,良,晴,10,8,10,ミルティー,牝,3,54.0,411,6,内田利,横山保,,10,1:32.4,40.5,6-8-10-10,10,411,6
2022/06/30,浦和,3,Ｃ３二 三,1400,ダ,左,良,晴,11,1,1,ホクセツ,セ,0,56.0,529,-4,秋元耕,柘榴浩,,1,1:29.8,39.0,3-3-1-1,3,529,-4
2022/06/30,浦和,3,Ｃ３二 三,1400,ダ,左,良,晴,11,8,11,キョウエイレガード,牝,7,54.0,459,-4,岡田大,吉田正,,2,1:30.5,39.0,5-6-4-3,4,459,-4
2022/06/30,浦和,3,Ｃ３二 三,1400,ダ,左,良,晴,11,5,5,リングボーイ,セ,0,56.0,426,4,福原杏,水野貴,,3,1:30.5,39.7,1-1-2-2,1,426,4
2022/06/30,浦和,3,Ｃ３二 三,1400,ダ,左,良,晴,11,6,7,スプリットエス,牡,8,56.0,505,-4,張田昂,小久智,,4,1:30.9,39.5,4-4-5-5,2,505,-4
2022/06/30,浦和,3,Ｃ３二 三,1400,ダ,左,良,晴,11,8,10,ミラクルゲート,牡,8,56.0,437,2,矢野貴,野口孝,,5,1:31.0,38.3,11-9-7-6,5,437,2
2022/06/30,浦和,3,Ｃ３二 三,1400,ダ,左,良,晴,11,7,9,ニシノマリアージュ,牝,6,54.0,417,4,半澤慶,冨田敏,,6,1:31.5,40.7,2-2-3-4,7,417,4
2022/06/30,浦和,3,Ｃ３二 三,1400,ダ,左,良,晴,11,7,8,キタマクフィー,牝,4,53.0,443,8,七夕裕,鹿沼和,,7,1:32.0,39.0,10-10-10-9,8,443,8
2022/06/30,浦和,3,Ｃ３二 三,1400,ダ,左,良,晴,11,2,2,ギンサー,牡,4,53.0,469,3,室陽一,小林真,,8,1:32.1,39.6,7-7-8-7,11,469,3
2022/06/30,浦和,3,Ｃ３二 三,1400,ダ,左,良,晴,11,6,6,ホロシリダケ,セ,0,56.0,481,-4,見越彬,野口孝,,9,1:32.9,39.9,8-11-9-10,9,481,-4
2022/06/30,浦和,3,Ｃ３二 三,1400,ダ,左,良,晴,11,3,3,ゴールドスペンサー,牡,4,56.0,489,5,寺島憂,吉田正,,10,1:33.2,41.5,6-5-6-8,10,489,5
2022/06/30,浦和,3,Ｃ３二 三,1400,ダ,左,良,晴,11,4,4,シェナノブチ,牡,7,56.0,405,-6,國分祐,冨田敏,,11,1:33.7,40.7,9-8-11-11,6,405,-6
2022/06/30,浦和,4,Ｃ３二 三,1500,ダ,左,良,晴,11,2,2,アルティスタエース,牡,7,56.0,477,-1,福原杏,繁田健,,1,1:37.4,39.2,7-6-3-3,1,477,-1
2022/06/30,浦和,4,Ｃ３二 三,1500,ダ,左,良,晴,11,8,10,ヤマジュンヒバナ,牝,5,54.0,455,10,半澤慶,宇野博,,2,1:37.6,39.6,5-4-2-2,5,455,10
2022/06/30,浦和,4,Ｃ３二 三,1500,ダ,左,良,晴,11,7,8,ラブリーギャル,牝,6,54.0,489,2,見越彬,海馬司,,3,1:37.7,40.1,1-1-1-1,2,489,2
2022/06/30,浦和,4,Ｃ３二 三,1500,ダ,左,良,晴,11,8,11,トリテレイア,牝,6,54.0,417,-1,加藤和,箕輪武,,4,1:38.1,39.1,6-8-7-5,4,417,-1
2022/06/30,浦和,4,Ｃ３二 三,1500,ダ,左,良,晴,11,1,1,シャイニングパール,牝,4,54.0,436,-9,矢野貴,工藤伸,,5,1:38.9,39.0,11-10-10-8,3,436,-9
2022/06/30,浦和,4,Ｃ３二 三,1500,ダ,左,良,晴,11,3,3,ボンバーガール,牝,4,50.0,510,-5,中島良,山越光,,6,1:39.5,40.2,9-9-9-6,6,510,-5
2022/06/30,浦和,4,Ｃ３二 三,1500,ダ,左,良,晴,11,6,7,サノチナ,牝,5,54.0,416,1,赤津和,川島豊,,7,1:39.8,41.6,3-3-4-4,7,416,1
2022/06/30,浦和,4,Ｃ３二 三,1500,ダ,左,良,晴,11,6,6,ファーマスター,牝,4,54.0,437,2,高橋哲,川村守,,8,1:40.0,41.2,8-7-6-7,8,437,2
2022/06/30,浦和,4,Ｃ３二 三,1500,ダ,左,良,晴,11,4,4,ナヴァーレ,牡,4,56.0,435,-3,保園翔,酒井一,,9,1:40.9,39.6,10-11-11-11,9,435,-3
2022/06/30,浦和,4,Ｃ３二 三,1500,ダ,左,良,晴,11,5,5,ルフトバローン,牝,4,51.0,455,-3,室陽一,薮口一,,10,1:42.3,44.1,2-2-5-9,10,455,-3
2022/06/30,浦和,4,Ｃ３二 三,1500,ダ,左,良,晴,11,7,9,コウエイダイチ,牡,8,56.0,469,1,寺島憂,吉田正,,11,1:42.6,44.0,4-5-8-10,11,469,1
2022/06/30,浦和,5,Ｃ２四 五 六,1500,ダ,左,良,晴,10,8,10,ハツネヘイロー,セ,0,56.0,506,-1,秋元耕,宇野博,,1,1:37.4,38.2,4-4-4-1,2,506,-1
2022/06/30,浦和,5,Ｃ２四 五 六,1500,ダ,左,良,晴,10,5,5,モアイ,牡,7,56.0,472,2,川島正,岡田一,,2,1:37.9,39.0,2-2-2-2,4,472,2
2022/06/30,浦和,5,Ｃ２四 五 六,1500,ダ,左,良,晴,10,7,8,ナムラキティー,牝,5,51.0,473,-9,室陽一,小澤宏,,3,1:38.0,38.6,5-5-5-4,1,473,-9
2022/06/30,浦和,5,Ｃ２四 五 六,1500,ダ,左,良,晴,10,8,9,ルルド,セ,0,55.0,426,2,七夕裕,平山真,,4,1:38.4,38.6,8-9-9-7,8,426,2
2022/06/30,浦和,5,Ｃ２四 五 六,1500,ダ,左,良,晴,10,4,4,ベリリウンヌ,牝,4,54.0,426,2,保園翔,海馬司,,5,1:38.4,39.5,3-3-1-3,9,426,2
2022/06/30,浦和,5,Ｃ２四 五 六,1500,ダ,左,良,晴,10,7,7,ゴールドバード,牡,8,56.0,487,-2,藤江渉,野口孝,,6,1:38.5,38.7,10-10-6-5,5,487,-2
2022/06/30,浦和,5,Ｃ２四 五 六,1500,ダ,左,良,晴,10,1,1,マイネルエポレット,牡,6,56.0,502,5,吉留孝,平山真,,7,1:38.5,38.7,9-8-7-6,3,502,5
2022/06/30,浦和,5,Ｃ２四 五 六,1500,ダ,左,良,晴,10,6,6,プロスペリティ,牝,6,54.0,471,-4,國分祐,冨田敏,,8,1:40.5,40.8,7-7-8-8,10,471,-4
2022/06/30,浦和,5,Ｃ２四 五 六,1500,ダ,左,良,晴,10,2,2,ブルラッシュ,牡,5,56.0,495,11,高橋哲,酒井一,,9,1:41.0,41.2,6-6-10-10,7,495,11
2022/06/30,浦和,5,Ｃ２四 五 六,1500,ダ,左,良,晴,10,3,3,ボルドーアラン,牡,4,53.0,505,1,野畑凌,柘榴浩,,10,1:42.0,43.1,1-1-3-9,6,505,1
2022/06/30,浦和,6,Ｃ２四 五 六,1400,ダ,左,良,晴,11,8,10,コスモジェニー,牝,4,54.0,443,9,矢野貴,工藤伸,,1,1:30.1,38.8,4-4-4-3,3,443,9
2022/06/30,浦和,6,Ｃ２四 五 六,1400,ダ,左,良,晴,11,7,9,ジョーアヤメ,牝,4,54.0,451,-1,左海誠,小久智,,2,1:30.2,39.8,2-2-1-1,4,451,-1
2022/06/30,浦和,6,Ｃ２四 五 六,1400,ダ,左,良,晴,11,1,1,トロワフィーユ,牝,5,54.0,454,-8,本橋孝,野口寛,,3,1:30.3,38.4,8-7-7-6,1,454,-8
2022/06/30,浦和,6,Ｃ２四 五 六,1400,ダ,左,良,晴,11,3,3,アンタルクティクス,牡,5,54.0,501,0,室陽一,内野健,,4,1:30.5,38.8,7-8-5-5,5,501,0
2022/06/30,浦和,6,Ｃ２四 五 六,1400,ダ,左,良,晴,11,6,7,セイウンスノー,牡,4,56.0,491,2,吉留孝,川島豊,,5,1:30.7,40.2,3-3-2-2,7,491,2
2022/06/30,浦和,6,Ｃ２四 五 六,1400,ダ,左,良,晴,11,2,2,キミノナハ,牝,4,54.0,455,1,加藤和,長谷忍,,6,1:30.9,38.5,10-9-8-8,9,455,1
2022/06/30,浦和,6,Ｃ２四 五 六,1400,ダ,左,良,晴,11,8,11,スプリングネージュ,牝,4,54.0,443,-1,福原杏,川村守,,7,1:30.9,39.2,6-6-6-7,6,443,-1
2022/06/30,浦和,6,Ｃ２四 五 六,1400,ダ,左,良,晴,11,4,4,ゴープラチナム,牝,5,54.0,448,11,張田昂,平山真,,8,1:31.6,41.2,1-1-3-4,2,448,11
2022/06/30,浦和,6,Ｃ２四 五 六,1400,ダ,左,良,晴,11,7,8,カイジンビリーヴ,牡,4,56.0,520,-5,高橋哲,牛房榮,,9,1:32.7,39.5,11-11-10-9,11,520,-5
2022/06/30,浦和,6,Ｃ２四 五 六,1400,ダ,左,良,晴,11,6,6,スタービート,牡,4,53.0,527,4,野畑凌,野口孝,,10,1:32.9,39.9,9-10-11-11,8,527,4
2022/06/30,浦和,6,Ｃ２四 五 六,1400,ダ,左,良,晴,11,5,5,マッシュブライト,牝,4,54.0,464,5,保園翔,酒井一,,11,1:33.8,41.9,5-5-9-10,10,464,5
2022/06/30,浦和,7,Ｃ２四 五 六,1400,ダ,左,良,晴,12,5,6,フィーネ,牝,4,54.0,488,-1,本橋孝,野口寛,,1,1:30.0,38.2,5-5-3-1,3,488,-1
2022/06/30,浦和,7,Ｃ２四 五 六,1400,ダ,左,良,晴,12,4,4,ピオレドール,牡,7,56.0,482,3,森泰斗,横山保,,2,1:30.2,38.6,2-2-2-2,1,482,3
2022/06/30,浦和,7,Ｃ２四 五 六,1400,ダ,左,良,晴,12,8,12,ジョーカイ,牝,4,54.0,475,3,矢野貴,小久智,,3,1:30.3,38.1,7-7-5-4,2,475,3
2022/06/30,浦和,7,Ｃ２四 五 六,1400,ダ,左,良,晴,12,2,2,サニースポット,牝,4,54.0,444,0,見越彬,工藤伸,,4,1:30.8,38.8,3-4-4-5,4,444,0
2022/06/30,浦和,7,Ｃ２四 五 六,1400,ダ,左,良,晴,12,5,5,ルージュカプリス,牝,5,54.0,425,3,加藤和,長谷忍,,5,1:30.8,38.5,6-6-6-6,5,425,3
2022/06/30,浦和,7,Ｃ２四 五 六,1400,ダ,左,良,晴,12,1,1,ダイバサファイア,牝,5,54.0,478,0,内田利,箕輪武,,6,1:31.5,38.4,10-10-10-8,7,478,0
2022/06/30,浦和,7,Ｃ２四 五 六,1400,ダ,左,良,晴,12,6,8,セイウンミレイア,牝,5,54.0,476,-1,岡田大,冨田敏,,7,1:31.8,40.2,1-1-1-3,6,476,-1
2022/06/30,浦和,7,Ｃ２四 五 六,1400,ダ,左,良,晴,12,6,7,カンノンショウ,牡,4,56.0,455,2,寺島憂,柘榴浩,,8,1:32.2,39.5,8-9-8-7,10,455,2
2022/06/30,浦和,7,Ｃ２四 五 六,1400,ダ,左,良,晴,12,3,3,トーセンイヴ,牝,4,54.0,437,2,秋元耕,酒井一,,9,1:32.7,40.1,9-8-7-9,12,437,2
2022/06/30,浦和,7,Ｃ２四 五 六,1400,ダ,左,良,晴,12,7,10,モンジロウ,牡,4,56.0,506,6,藤江渉,柘榴浩,,10,1:32.7,39.6,11-11-9-10,11,506,6
2022/06/30,浦和,7,Ｃ２四 五 六,1400,ダ,左,良,晴,12,7,9,エスカマリ,牝,4,54.0,454,0,橋本直,吉田正,,11,1:33.2,39.3,12-12-12-12,9,454,0
2022/06/30,浦和,7,Ｃ２四 五 六,1400,ダ,左,良,晴,12,8,11,ジェームス,牡,8,56.0,511,7,半澤慶,川島豊,,12,1:34.0,41.6,4-3-11-11,8,511,7
2022/06/30,浦和,8,若竹特別２歳一,1400,ダ,左,良,晴,7,5,5,サムタイムアゴー,牡,2,55.0,439,6,左海誠,小久智,,1,1:30.4,38.7,2-2-2-2,1,439,6
2022/06/30,浦和,8,若竹特別２歳一,1400,ダ,左,良,晴,7,7,7,ニッショウミライ,牝,2,54.0,458,10,寺島憂,酒井一,,2,1:30.8,39.3,1-1-1-1,2,458,10
2022/06/30,浦和,8,若竹特別２歳一,1400,ダ,左,良,晴,7,3,3,ネメシス,牝,2,51.0,423,-2,室陽一,箕輪武,,3,1:31.0,38.4,3-3-3-3,6,423,-2
2022/06/30,浦和,8,若竹特別２歳一,1400,ダ,左,良,晴,7,1,1,リチアブーケ,牝,2,54.0,454,-1,増田充,藤原智,,4,1:32.0,39.5,5-4-4-4,4,454,-1
2022/06/30,浦和,8,若竹特別２歳一,1400,ダ,左,良,晴,7,2,2,シェナリオン,牡,2,54.0,436,1,保園翔,冨田敏,,5,1:34.0,40.6,6-6-5-5,7,436,1
2022/06/30,浦和,8,若竹特別２歳一,1400,ダ,左,良,晴,7,4,4,アメ,牝,2,54.0,430,-3,加藤和,長谷忍,,6,1:34.5,41.1,4-5-6-6,5,430,-3
2022/06/30,浦和,8,若竹特別２歳一,1400,ダ,左,良,晴,7,6,6,シェナクラウン,牡,2,54.0,496,5,福原杏,冨田敏,,7,1:37.3,41.9,7-7-7-7,3,496,5
2022/06/30,浦和,9,ファンタスティックリレーｉｎ浦和賞Ｃ２選,800,ダ,左,良,晴,12,7,10,シゲルアパライト,牡,6,56.0,481,-5,福原杏,横山保,,1,0:47.5,35.3,1-1,2,481,-5
2022/06/30,浦和,9,ファンタスティックリレーｉｎ浦和賞Ｃ２選,800,ダ,左,良,晴,12,7,9,ニシノイルマーレ,牝,4,54.0,500,-3,吉留孝,冨田敏,,2,0:48.1,35.6,2-2,5,500,-3
2022/06/30,浦和,9,ファンタスティックリレーｉｎ浦和賞Ｃ２選,800,ダ,左,良,晴,12,5,5,エイシンキーゼル,牡,4,53.0,461,9,室陽一,宇野博,,3,0:48.2,35.9,3-3,1,461,9
2022/06/30,浦和,9,ファンタスティックリレーｉｎ浦和賞Ｃ２選,800,ダ,左,良,晴,12,5,6,スターシード,牡,7,56.0,490,-4,藤江渉,酒井一,,4,0:48.6,35.5,8-9,6,490,-4
2022/06/30,浦和,9,ファンタスティックリレーｉｎ浦和賞Ｃ２選,800,ダ,左,良,晴,12,6,8,リンノファンタジー,牝,4,54.0,484,2,加藤和,川島豊,,5,0:48.7,36.2,4-5,8,484,2
2022/06/30,浦和,9,ファンタスティックリレーｉｎ浦和賞Ｃ２選,800,ダ,左,良,晴,12,2,2,レコパントモチャン,牝,4,54.0,519,-3,内田利,岡田一,,6,0:48.8,35.9,5-4,7,519,-3
2022/06/30,浦和,9,ファンタスティックリレーｉｎ浦和賞Ｃ２選,800,ダ,左,良,晴,12,3,3,ゴールデンシエロ,牝,4,54.0,499,6,秋元耕,小澤宏,,7,0:48.8,35.3,9-7,4,499,6
2022/06/30,浦和,9,ファンタスティックリレーｉｎ浦和賞Ｃ２選,800,ダ,左,良,晴,12,6,7,ウンジョウノメガミ,牝,4,50.0,454,2,中島良,牛房榮,,8,0:48.9,36.0,5-6,3,454,2
2022/06/30,浦和,9,ファンタスティックリレーｉｎ浦和賞Ｃ２選,800,ダ,左,良,晴,12,8,12,サプライズギフト,牝,4,50.0,412,-3,小林捺,川島豊,,9,0:49.0,35.7,7-8,9,412,-3
2022/06/30,浦和,9,ファンタスティックリレーｉｎ浦和賞Ｃ２選,800,ダ,左,良,晴,12,1,1,ラッキーチャンス,牝,7,51.0,482,-3,野畑凌,小澤宏,,10,0:49.4,35.6,11-11,11,482,-3
2022/06/30,浦和,9,ファンタスティックリレーｉｎ浦和賞Ｃ２選,800,ダ,左,良,晴,12,4,4,クレールプリュネル,牝,4,54.0,467,0,保園翔,山越光,,11,0:49.5,35.8,10-10,10,467,0
2022/06/30,浦和,9,ファンタスティックリレーｉｎ浦和賞Ｃ２選,800,ダ,左,良,晴,12,8,11,ニシノカシン,牡,4,56.0,461,-6,國分祐,冨田敏,,12,0:50.1,35.8,12-12,12,461,-6
2022/06/30,浦和,10,紫陽花特別Ｃ１三,1400,ダ,左,良,晴,12,6,7,トーセンテキーラ,牡,6,56.0,554,-2,吉留孝,小久智,,1,1:28.3,38.8,1-1-1-1,1,554,-2
2022/06/30,浦和,10,紫陽花特別Ｃ１三,1400,ダ,左,良,晴,12,7,10,リコーグレース,牝,4,54.0,481,3,町田直,繁田健,,2,1:28.8,39.1,3-2-2-2,5,481,3
2022/06/30,浦和,10,紫陽花特別Ｃ１三,1400,ダ,左,良,晴,12,5,6,レナータ,牝,7,51.0,467,-2,室陽一,藤原智,,3,1:28.8,38.8,3-4-3-3,2,467,-2
2022/06/30,浦和,10,紫陽花特別Ｃ１三,1400,ダ,左,良,晴,12,7,9,オウケンアマゾネス,牝,5,53.0,451,-5,七夕裕,工藤伸,,4,1:29.0,38.5,6-6-5-4,6,451,-5
2022/06/30,浦和,10,紫陽花特別Ｃ１三,1400,ダ,左,良,晴,12,8,11,イチジン,牡,5,56.0,454,-9,加藤和,長谷忍,,5,1:30.0,39.6,5-5-6-5,4,454,-9
2022/06/30,浦和,10,紫陽花特別Ｃ１三,1400,ダ,左,良,晴,12,3,3,フォーギブネス,牡,4,56.0,464,1,橋本直,平山真,,6,1:30.1,38.4,11-11-11-10,9,464,1
2022/06/30,浦和,10,紫陽花特別Ｃ１三,1400,ダ,左,良,晴,12,5,5,ノースリュシオル,牝,4,54.0,430,-14,福原杏,長谷忍,,7,1:30.2,39.6,8-7-7-7,8,430,-14
2022/06/30,浦和,10,紫陽花特別Ｃ１三,1400,ダ,左,良,晴,12,1,1,ヘーベー,牝,4,54.0,467,1,森泰斗,宇野博,,8,1:30.8,39.4,7-10-8-8,3,467,1
2022/06/30,浦和,10,紫陽花特別Ｃ１三,1400,ダ,左,良,晴,12,8,12,ヨシケンモンロー,牡,6,56.0,451,10,秋元耕,野口孝,,9,1:30.9,39.7,9-8-9-9,11,451,10
2022/06/30,浦和,10,紫陽花特別Ｃ１三,1400,ダ,左,良,晴,12,2,2,キモンシャイン,牝,4,54.0,441,-6,藤江渉,工藤伸,,10,1:31.3,41.4,2-3-4-6,7,441,-6
2022/06/30,浦和,10,紫陽花特別Ｃ１三,1400,ダ,左,良,晴,12,4,4,ピノタージュ,牝,5,54.0,468,2,保園翔,内野健,,11,1:32.2,41.0,10-9-10-11,10,468,2
2022/06/30,浦和,10,紫陽花特別Ｃ１三,1400,ダ,左,良,晴,12,6,8,エドノストリート,牝,4,54.0,452,5,張田昂,宇野博,,,,,,,452,5
2022/06/30,浦和,11,浦和スプリントオープン３上,1400,ダ,左,良,晴,11,7,8,アマネラクーン,牡,5,55.0,515,1,森泰斗,小久智,,1,1:27.2,36.6,2-2-2-1,1,515,1
2022/06/30,浦和,11,浦和スプリントオープン３上,1400,ダ,左,良,晴,11,6,6,ワイドファラオ,牡,6,57.0,517,5,矢野貴,森下淳,,2,1:27.5,36.5,5-5-5-3,2,517,5
2022/06/30,浦和,11,浦和スプリントオープン３上,1400,ダ,左,良,晴,11,1,1,ロイヤルペガサス,牡,5,55.0,530,-6,町田直,宗形竹,,3,1:27.9,37.1,4-3-4-4,4,530,-6
2022/06/30,浦和,11,浦和スプリントオープン３上,1400,ダ,左,良,晴,11,8,10,ホウヨウクリスタル,牡,4,53.0,501,-18,山崎誠,藤原智,,4,1:28.1,37.5,1-1-1-2,5,501,-18
2022/06/30,浦和,11,浦和スプリントオープン３上,1400,ダ,左,良,晴,11,3,3,アドマイヤゴッド,牡,10,57.0,507,-4,川島正,川島一,,5,1:28.6,37.3,7-6-6-6,7,507,-4
2022/06/30,浦和,11,浦和スプリントオープン３上,1400,ダ,左,良,晴,11,7,9,マイネルズイーガー,牡,8,55.0,510,-10,吉留孝,横山保,,6,1:29.0,37.5,8-8-7-7,8,510,-10
2022/06/30,浦和,11,浦和スプリントオープン３上,1400,ダ,左,良,晴,11,2,2,サバンナロード,セ,0,53.0,543,-6,見越彬,海馬司,,7,1:29.2,37.7,10-10-7-8,10,543,-6
2022/06/30,浦和,11,浦和スプリントオープン３上,1400,ダ,左,良,晴,11,5,5,マイネルサーパス,牡,6,57.0,494,0,秋元耕,山越光,,8,1:29.4,37.4,9-9-10-10,9,494,0
2022/06/30,浦和,11,浦和スプリントオープン３上,1400,ダ,左,良,晴,11,8,11,インペリシャブル,牡,5,57.0,476,1,張田昂,高月賢,,9,1:29.4,38.6,3-4-3-5,3,476,1
2022/06/30,浦和,11,浦和スプリントオープン３上,1400,ダ,左,良,晴,11,6,7,ウワサノシブコ,牝,4,52.0,451,-2,七夕裕,岡田一,,10,1:29.5,37.9,6-7-9-9,6,451,-2
2022/06/30,浦和,11,浦和スプリントオープン３上,1400,ダ,左,良,晴,11,4,4,グランドボヌール,牡,8,57.0,0,0,本橋孝,小久智,,,,,,,0,0
2022/06/30,浦和,12,涼暮月特別Ｂ３二Ｃ１一,1500,ダ,左,良,晴,12,2,2,ミエノハヤブサ,セ,0,55.0,486,2,森泰斗,小澤宏,,1,1:34.6,37.6,6-6-3-1,1,486,2
2022/06/30,浦和,12,涼暮月特別Ｂ３二Ｃ１一,1500,ダ,左,良,晴,12,5,5,バトードラムール,牝,7,55.0,476,-2,張田昂,小澤宏,,2,1:35.2,38.0,7-7-5-4,6,476,-2
2022/06/30,浦和,12,涼暮月特別Ｂ３二Ｃ１一,1500,ダ,左,良,晴,12,6,8,トーセンフランク,牡,4,55.0,494,2,矢野貴,小久智,,3,1:35.6,39.1,2-2-2-2,2,494,2
2022/06/30,浦和,12,涼暮月特別Ｂ３二Ｃ１一,1500,ダ,左,良,晴,12,3,3,キャプチュード,牡,7,56.0,491,-7,古岡勇,鹿沼和,,4,1:36.0,37.7,12-12-10-7,11,491,-7
2022/06/30,浦和,12,涼暮月特別Ｂ３二Ｃ１一,1500,ダ,左,良,晴,12,8,11,コスモビートイット,牡,5,57.0,505,0,加藤和,川島豊,,5,1:36.0,38.6,8-8-7-6,10,505,0
2022/06/30,浦和,12,涼暮月特別Ｂ３二Ｃ１一,1500,ダ,左,良,晴,12,4,4,ワンダークラドート,牡,5,55.0,475,-2,橋本直,鈴木勝,,6,1:36.1,39.2,5-4-4-5,4,475,-2
2022/06/30,浦和,12,涼暮月特別Ｂ３二Ｃ１一,1500,ダ,左,良,晴,12,7,10,コウユーラヴラヴ,牝,4,55.0,469,10,町田直,宇野博,,7,1:36.3,39.9,1-1-1-3,3,469,10
2022/06/30,浦和,12,涼暮月特別Ｂ３二Ｃ１一,1500,ダ,左,良,晴,12,5,6,ジェフリー,牡,4,57.0,468,20,吉留孝,薮口一,,8,1:36.7,39.3,8-9-8-8,7,468,20
2022/06/30,浦和,12,涼暮月特別Ｂ３二Ｃ１一,1500,ダ,左,良,晴,12,7,9,メイストーム,牡,4,57.0,506,2,福原杏,水野貴,,9,1:37.3,39.8,10-10-9-9,5,506,2
2022/06/30,浦和,12,涼暮月特別Ｂ３二Ｃ１一,1500,ダ,左,良,晴,12,8,12,ガマン,牡,5,57.0,470,-1,藤江渉,水野貴,,10,1:39.2,42.3,3-3-6-10,8,470,-1
2022/06/30,浦和,12,涼暮月特別Ｂ３二Ｃ１一,1500,ダ,左,良,晴,12,6,7,ブレイブウォリアー,セ,0,55.0,477,-2,秋元耕,酒井一,,11,1:39.3,40.7,11-11-12-11,12,477,-2
2022/06/30,浦和,12,涼暮月特別Ｂ３二Ｃ１一,1500,ダ,左,良,晴,12,1,1,シグラップリンリン,牝,7,51.0,452,-2,小林捺,平山真,,12,1:40.7,43.3,4-5-11-12,9,452,-2
2022/07/01,浦和,1,２歳二,1400,ダ,左,良,晴,9,2,2,シンライダムール,牡,2,54.0,447,-27,保園翔,柘榴浩,,1,1:33.9,40.6,2-2-2-1,7,447,-27
2022/07/01,浦和,1,２歳二,1400,ダ,左,良,晴,9,6,6,スタータマチャン,牝,2,54.0,485,0,橋本直,川村守,,2,1:34.1,40.6,3-3-5-4,6,485,0
2022/07/01,浦和,1,２歳二,1400,ダ,左,良,晴,9,1,1,シェナストーン,牡,2,54.0,445,10,秋元耕,吉田正,,3,1:34.6,40.9,5-5-6-5,2,445,10
2022/07/01,浦和,1,２歳二,1400,ダ,左,良,晴,9,7,7,シェナカレン,牡,2,54.0,451,0,吉留孝,山越光,,4,1:34.8,41.3,4-4-4-6,5,451,0
2022/07/01,浦和,1,２歳二,1400,ダ,左,良,晴,9,8,9,フェアリーパワポケ,牝,2,54.0,409,-4,福原杏,水野貴,,5,1:34.9,41.8,1-1-1-2,1,409,-4
2022/07/01,浦和,1,２歳二,1400,ダ,左,良,晴,9,8,8,ユウユウプレシャス,牝,2,51.0,401,22,室陽一,横山保,,6,1:35.0,40.7,7-8-7-7,4,401,22
2022/07/01,浦和,1,２歳二,1400,ダ,左,良,晴,9,3,3,スターハッスル,牡,2,54.0,452,-4,半澤慶,小澤宏,,7,1:35.6,42.1,6-6-3-3,3,452,-4
2022/07/01,浦和,1,２歳二,1400,ダ,左,良,晴,9,4,4,シェナアメリ,牡,2,54.0,451,1,寺島憂,柘榴浩,,8,1:39.4,44.9,8-7-8-8,8,451,1
2022/07/01,浦和,1,２歳二,1400,ダ,左,良,晴,9,5,5,クワイエットライト,牡,2,54.0,448,-6,本橋孝,小久智,,,,,,,448,-6
2022/07/01,浦和,2,ランチタイムチャレンジ３歳七,1400,ダ,左,良,晴,10,8,10,クレールアヴニール,牝,3,54.0,452,-3,吉留孝,野口孝,,1,1:30.4,39.1,3-3-3-1,2,452,-3
2022/07/01,浦和,2,ランチタイムチャレンジ３歳七,1400,ダ,左,良,晴,10,5,5,イデアグリーン,牝,3,54.0,438,1,川島正,岡田一,,2,1:31.5,40.4,2-2-2-3,5,438,1
2022/07/01,浦和,2,ランチタイムチャレンジ３歳七,1400,ダ,左,良,晴,10,3,3,セイエイセンヌ,牝,3,54.0,444,-12,藤江渉,箕輪武,,3,1:31.7,40.0,5-4-4-4,4,444,-12
2022/07/01,浦和,2,ランチタイムチャレンジ３歳七,1400,ダ,左,良,晴,10,2,2,メラスクリオス,牝,3,54.0,450,-1,半澤慶,宇野博,,4,1:31.7,40.6,1-1-1-2,3,450,-1
2022/07/01,浦和,2,ランチタイムチャレンジ３歳七,1400,ダ,左,良,晴,10,6,6,シェナマジック,牡,3,56.0,442,-5,寺島憂,柘榴浩,,5,1:32.3,40.4,7-7-5-5,7,442,-5
2022/07/01,浦和,2,ランチタイムチャレンジ３歳七,1400,ダ,左,良,晴,10,1,1,エスケイキャサリン,牝,3,54.0,453,-12,岡田大,薮口一,,6,1:33.4,41.4,8-6-6-6,6,453,-12
2022/07/01,浦和,2,ランチタイムチャレンジ３歳七,1400,ダ,左,良,晴,10,7,7,キャラメルージュ,牝,3,54.0,426,-3,橋本直,牛房榮,,7,1:33.7,41.7,4-5-7-7,8,426,-3
2022/07/01,浦和,2,ランチタイムチャレンジ３歳七,1400,ダ,左,良,晴,10,7,8,マリンペガサス,牡,3,55.0,448,1,七夕裕,小林真,,8,1:34.3,41.7,6-8-8-8,10,448,1
2022/07/01,浦和,2,ランチタイムチャレンジ３歳七,1400,ダ,左,良,晴,10,8,9,フィラーズ,牡,3,56.0,456,0,左海誠,小久智,,9,1:35.9,42.9,9-10-10-10,1,456,0
2022/07/01,浦和,2,ランチタイムチャレンジ３歳七,1400,ダ,左,良,晴,10,4,4,ツクバビリーヴ,牝,3,54.0,440,-2,高橋哲,山越光,,10,1:38.4,45.2,10-9-9-9,9,440,-2
2022/07/01,浦和,3,３歳六,1400,ダ,左,良,晴,10,1,1,ローザロード,牝,3,54.0,431,7,森泰斗,小久智,,1,1:29.0,39.1,1-1-1-1,1,431,7
2022/07/01,浦和,3,３歳六,1400,ダ,左,良,晴,10,4,4,モリデンベル,牝,3,53.0,470,6,七夕裕,山越光,,2,1:29.9,38.0,7-6-5-2,8,470,6
2022/07/01,浦和,3,３歳六,1400,ダ,左,良,晴,10,3,3,グラナダフレイバー,牝,3,54.0,496,6,保園翔,繁田健,,3,1:32.0,41.1,3-3-3-4,2,496,6
2022/07/01,浦和,3,３歳六,1400,ダ,左,良,晴,10,6,6,サウンドウェリナ,牝,3,54.0,447,-1,秋元耕,柘榴浩,,4,1:32.2,40.3,5-5-6-7,6,447,-1
2022/07/01,浦和,3,３歳六,1400,ダ,左,良,晴,10,2,2,アストロメアリー,牝,3,50.0,400,1,中島良,長谷忍,,5,1:32.2,39.8,9-8-7-6,9,400,1
2022/07/01,浦和,3,３歳六,1400,ダ,左,良,晴,10,7,8,エイシンスマッシュ,牡,3,54.0,464,-1,室陽一,平山真,,6,1:32.3,41.0,4-4-4-3,3,464,-1
2022/07/01,浦和,3,３歳六,1400,ダ,左,良,晴,10,5,5,ラフィット,牝,3,54.0,440,-5,吉留孝,薮口一,,7,1:33.2,39.5,10-10-9-9,4,440,-5
2022/07/01,浦和,3,３歳六,1400,ダ,左,良,晴,10,8,10,ウノピュウウノ,牝,3,54.0,448,-6,半澤慶,宇野博,,8,1:33.3,40.8,6-7-8-8,10,448,-6
2022/07/01,浦和,3,３歳六,1400,ダ,左,良,晴,10,8,9,セピアムーン,牝,3,54.0,406,-9,赤津和,箕輪武,,9,1:34.0,43.5,2-2-2-5,7,406,-9
2022/07/01,浦和,3,３歳六,1400,ダ,左,良,晴,10,7,7,マルノコウキ,牡,3,56.0,523,0,見越彬,川村守,,10,1:34.8,40.7,8-9-10-10,5,523,0
2022/07/01,浦和,4,３歳五,1400,ダ,左,良,晴,11,3,3,アルマラウラ,牝,3,54.0,465,1,町田直,海馬司,,1,1:30.0,38.2,4-4-4-3,1,465,1
2022/07/01,浦和,4,３歳五,1400,ダ,左,良,晴,11,1,1,ベローナカグラ,牝,3,51.0,0,0,野畑凌,水野貴,,2,1:30.1,38.6,1-1-1-1,2,0,0
2022/07/01,浦和,4,３歳五,1400,ダ,左,良,晴,11,2,2,ニッショウアキラ,牡,3,56.0,429,3,藤江渉,酒井一,,3,1:30.1,38.6,2-2-2-2,7,429,3
2022/07/01,浦和,4,３歳五,1400,ダ,左,良,晴,11,5,5,ノースジラソーレ,牝,3,54.0,463,16,加藤和,長谷忍,,4,1:30.9,38.0,7-8-8-7,8,463,16
2022/07/01,浦和,4,３歳五,1400,ダ,左,良,晴,11,7,8,ヤクライローズ,牝,3,54.0,441,1,橋本直,鹿沼和,,5,1:30.9,39.2,3-3-3-4,5,441,1
2022/07/01,浦和,4,３歳五,1400,ダ,左,良,晴,11,6,7,スターコマチ,牝,3,54.0,416,-16,秋元耕,小澤宏,,6,1:31.2,38.8,6-6-6-5,4,416,-16
2022/07/01,浦和,4,３歳五,1400,ダ,左,良,晴,11,4,4,テットアヴァンセ,牡,3,55.0,452,1,七夕裕,小林真,,7,1:31.6,39.4,5-5-5-6,3,452,1
2022/07/01,浦和,4,３歳五,1400,ダ,左,良,晴,11,8,10,ゴールドキングダム,牡,3,56.0,503,-6,見越彬,鹿沼和,,8,1:32.2,39.1,9-9-9-8,9,503,-6
2022/07/01,浦和,4,３歳五,1400,ダ,左,良,晴,11,8,11,デュークキング,牡,3,56.0,435,-3,寺島憂,水野貴,,9,1:33.4,39.9,10-10-10-10,10,435,-3
2022/07/01,浦和,4,３歳五,1400,ダ,左,良,晴,11,6,6,シェナハート,牝,3,50.0,418,6,中島良,冨田敏,,10,1:34.4,40.7,11-11-11-11,11,418,6
2022/07/01,浦和,4,３歳五,1400,ダ,左,良,晴,11,7,9,ルミマルヤ,牝,3,54.0,452,-4,福原杏,水野貴,,11,1:34.4,42.0,8-7-6-9,6,452,-4
2022/07/01,浦和,5,浦和８００ラウンドＣ３選抜馬,800,ダ,左,良,晴,10,8,9,ロゼッタハート,牝,8,54.0,435,-1,高橋哲,牛房榮,,1,0:48.0,35.9,2-1,1,435,-1
2022/07/01,浦和,5,浦和８００ラウンドＣ３選抜馬,800,ダ,左,良,晴,10,6,6,クールスパート,牡,7,56.0,469,8,見越彬,野口寛,,2,0:48.4,36.1,4-4,2,469,8
2022/07/01,浦和,5,浦和８００ラウンドＣ３選抜馬,800,ダ,左,良,晴,10,5,5,メロメロパンチ,牝,9,54.0,485,-2,保園翔,内野健,,3,0:48.5,36.4,3-3,6,485,-2
2022/07/01,浦和,5,浦和８００ラウンドＣ３選抜馬,800,ダ,左,良,晴,10,7,8,ラヴアンドゲーム,牝,5,50.0,474,10,中島良,酒井一,,4,0:48.8,36.7,1-2,3,474,10
2022/07/01,浦和,5,浦和８００ラウンドＣ３選抜馬,800,ダ,左,良,晴,10,2,2,ニシノマッハ,牡,8,56.0,472,1,國分祐,冨田敏,,5,0:49.1,36.0,7-7,10,472,1
2022/07/01,浦和,5,浦和８００ラウンドＣ３選抜馬,800,ダ,左,良,晴,10,8,10,ヴィクトリアブーケ,牝,4,54.0,390,-3,岡田大,薮口一,,6,0:49.1,36.8,5-6,7,390,-3
2022/07/01,浦和,5,浦和８００ラウンドＣ３選抜馬,800,ダ,左,良,晴,10,7,7,ダイバキャッツアイ,牝,5,54.0,436,-6,赤津和,箕輪武,,7,0:49.2,36.7,6-5,5,436,-6
2022/07/01,浦和,5,浦和８００ラウンドＣ３選抜馬,800,ダ,左,良,晴,10,3,3,ヘデラ,牝,6,54.0,443,0,寺島憂,柘榴浩,,8,0:49.8,36.7,9-9,8,443,0
2022/07/01,浦和,5,浦和８００ラウンドＣ３選抜馬,800,ダ,左,良,晴,10,4,4,リアルドリーム,牝,4,54.0,448,4,加藤和,川島豊,,9,0:50.4,37.1,10-10,9,448,4
2022/07/01,浦和,5,浦和８００ラウンドＣ３選抜馬,800,ダ,左,良,晴,10,1,1,クロノエンプレス,牝,5,54.0,474,-6,橋本直,酒井一,,10,0:50.8,37.6,8-8,4,474,-6
2022/07/01,浦和,6,浦和８００ラウンドＣ２Ｃ３選抜馬,800,ダ,左,良,晴,10,8,10,カゲカツ,牡,8,55.0,516,-7,橋本直,長谷忍,,1,0:47.5,35.4,2-1,5,516,-7
2022/07/01,浦和,6,浦和８００ラウンドＣ２Ｃ３選抜馬,800,ダ,左,良,晴,10,7,8,プリプリクインダム,牝,7,52.0,487,4,室陽一,平山真,,2,0:47.5,35.4,1-2,1,487,4
2022/07/01,浦和,6,浦和８００ラウンドＣ２Ｃ３選抜馬,800,ダ,左,良,晴,10,4,4,シルヴァーイーグル,牡,6,57.0,537,4,藤江渉,岡田一,,3,0:48.2,36.0,4-3,6,537,4
2022/07/01,浦和,6,浦和８００ラウンドＣ２Ｃ３選抜馬,800,ダ,左,良,晴,10,5,5,ジョーマリリン,牝,9,51.0,437,0,中島良,小久智,,4,0:48.8,36.5,5-5,4,437,0
2022/07/01,浦和,6,浦和８００ラウンドＣ２Ｃ３選抜馬,800,ダ,左,良,晴,10,1,1,ラブリースマッシュ,牝,7,53.0,478,7,吉留孝,薮口一,,5,0:48.8,36.3,6-6,3,478,7
2022/07/01,浦和,6,浦和８００ラウンドＣ２Ｃ３選抜馬,800,ダ,左,良,晴,10,2,2,ピコデロロ,牝,5,53.0,404,-8,福原杏,吉田正,,6,0:48.9,36.8,3-4,2,404,-8
2022/07/01,浦和,6,浦和８００ラウンドＣ２Ｃ３選抜馬,800,ダ,左,良,晴,10,3,3,ショウイモン,牝,5,53.0,437,0,内田利,内野健,,7,0:49.4,35.6,10-9,9,437,0
2022/07/01,浦和,6,浦和８００ラウンドＣ２Ｃ３選抜馬,800,ダ,左,良,晴,10,8,9,ネオペトリコール,牝,4,50.0,402,-7,野畑凌,酒井一,,8,0:49.6,37.1,6-7,8,402,-7
2022/07/01,浦和,6,浦和８００ラウンドＣ２Ｃ３選抜馬,800,ダ,左,良,晴,10,6,6,レイリアン,牝,5,53.0,415,12,國分祐,冨田敏,,9,0:49.7,36.5,8-8,10,415,12
2022/07/01,浦和,6,浦和８００ラウンドＣ２Ｃ３選抜馬,800,ダ,左,良,晴,10,7,7,カズアティシャ,牡,4,55.0,479,-13,半澤慶,牛房榮,,10,0:51.0,38.0,9-10,7,479,-13
2022/07/01,浦和,7,特選Ｃ３一,1400,ダ,左,良,晴,10,4,4,フリーズオプション,牡,6,56.0,478,-6,吉留孝,薮口一,,1,1:29.0,38.8,5-5-3-1,1,478,-6
2022/07/01,浦和,7,特選Ｃ３一,1400,ダ,左,良,晴,10,6,6,ゴールドアクセル,牡,4,56.0,516,7,高橋哲,鹿沼和,,2,1:31.2,40.2,7-7-6-7,9,516,7
2022/07/01,浦和,7,特選Ｃ３一,1400,ダ,左,良,晴,10,5,5,プランタンヴェール,牝,6,54.0,515,-4,橋本直,平山真,,3,1:31.3,42.2,2-1-1-2,2,515,-4
2022/07/01,浦和,7,特選Ｃ３一,1400,ダ,左,良,晴,10,7,7,マウコウカミ,牝,4,53.0,472,3,七夕裕,藤原智,,4,1:31.4,39.5,8-9-9-9,7,472,3
2022/07/01,浦和,7,特選Ｃ３一,1400,ダ,左,良,晴,10,3,3,ワンダーニメンソウ,牝,4,54.0,474,-9,半澤慶,鈴木勝,,5,1:31.6,41.4,3-3-4-4,5,474,-9
2022/07/01,浦和,7,特選Ｃ３一,1400,ダ,左,良,晴,10,7,8,ルア,牝,8,51.0,470,3,室陽一,内野健,,6,1:31.9,41.7,4-4-5-5,6,470,3
2022/07/01,浦和,7,特選Ｃ３一,1400,ダ,左,良,晴,10,2,2,マリアフィナーレ,牝,5,50.0,446,5,中島良,小林真,,7,1:31.9,40.9,6-6-7-6,8,446,5
2022/07/01,浦和,7,特選Ｃ３一,1400,ダ,左,良,晴,10,1,1,シエスタキー,牡,5,56.0,497,-5,山中悠,川村守,,8,1:32.0,40.4,9-8-8-8,4,497,-5
2022/07/01,浦和,7,特選Ｃ３一,1400,ダ,左,良,晴,10,8,9,トラハト,牝,4,54.0,478,1,町田直,海馬司,,9,1:32.8,43.6,1-2-2-3,3,478,1
2022/07/01,浦和,7,特選Ｃ３一,1400,ダ,左,良,晴,10,8,10,イズミシンホニー,牝,8,54.0,437,-8,赤津和,冨田敏,,,,,10,10,437,-8
2022/07/01,浦和,8,Ｃ２七 八,1400,ダ,左,良,晴,10,7,8,ボビン,牝,6,54.0,434,-7,保園翔,内野健,,1,1:29.9,38.9,3-3-3-3,2,434,-7
2022/07/01,浦和,8,Ｃ２七 八,1400,ダ,左,良,晴,10,6,6,ブルーティアーズ,牝,5,54.0,503,2,藤江渉,山越光,,2,1:30.0,38.9,6-6-6-5,6,503,2
2022/07/01,浦和,8,Ｃ２七 八,1400,ダ,左,良,晴,10,7,7,メイショウイヤサカ,牝,6,54.0,451,3,町田直,海馬司,,3,1:30.0,39.1,2-2-2-1,3,451,3
2022/07/01,浦和,8,Ｃ２七 八,1400,ダ,左,良,晴,10,1,1,リュウオウ,牡,6,53.0,475,11,室陽一,宇野博,,4,1:30.1,39.0,3-4-4-4,5,475,11
2022/07/01,浦和,8,Ｃ２七 八,1400,ダ,左,良,晴,10,8,9,マスオ,牡,9,55.0,428,-4,七夕裕,野口孝,,5,1:30.2,39.0,8-8-7-6,10,428,-4
2022/07/01,浦和,8,Ｃ２七 八,1400,ダ,左,良,晴,10,2,2,マイアミヒーロー,セ,0,56.0,485,-7,左海誠,小久智,,6,1:30.4,38.7,10-10-8-7,4,485,-7
2022/07/01,浦和,8,Ｃ２七 八,1400,ダ,左,良,晴,10,8,10,ユウユウグリュック,牝,5,54.0,414,-4,秋元耕,横山保,,7,1:31.1,39.7,9-7-9-9,8,414,-4
2022/07/01,浦和,8,Ｃ２七 八,1400,ダ,左,良,晴,10,5,5,エレガンスヘイロー,牝,7,54.0,481,0,福原杏,柘榴浩,,8,1:31.3,40.2,5-5-5-8,1,481,0
2022/07/01,浦和,8,Ｃ２七 八,1400,ダ,左,良,晴,10,3,3,アイノロマン,牝,4,54.0,474,9,岡田大,岡田一,,9,1:31.5,40.7,1-1-1-2,9,474,9
2022/07/01,浦和,8,Ｃ２七 八,1400,ダ,左,良,晴,10,4,4,ルピナスガーデン,牝,5,54.0,485,-4,吉留孝,薮口一,,10,1:34.9,43.0,7-9-10-10,7,485,-4
2022/07/01,浦和,9,久喜市ラベンダー賞Ｃ２七 八,1500,ダ,左,良,晴,9,3,3,ラーズグリーズ,セ,0,56.0,466,8,藤江渉,工藤伸,,1,1:37.6,39.7,7-6-5-2,4,466,8
2022/07/01,浦和,9,久喜市ラベンダー賞Ｃ２七 八,1500,ダ,左,良,晴,9,2,2,ネオマティリアル,牡,5,56.0,472,-2,秋元耕,小澤宏,,2,1:37.6,40.2,5-5-3-3,3,472,-2
2022/07/01,浦和,9,久喜市ラベンダー賞Ｃ２七 八,1500,ダ,左,良,晴,9,8,8,ワールドウィスラー,牡,5,56.0,452,0,高橋哲,吉田正,,3,1:38.0,40.1,8-6-7-5,8,452,0
2022/07/01,浦和,9,久喜市ラベンダー賞Ｃ２七 八,1500,ダ,左,良,晴,9,6,6,スズカシニック,牡,6,56.0,491,-1,橋本直,川村守,,4,1:38.7,42.1,1-1-1-1,1,491,-1
2022/07/01,浦和,9,久喜市ラベンダー賞Ｃ２七 八,1500,ダ,左,良,晴,9,1,1,セイエイビビット,牝,6,54.0,547,-3,内田利,岡田一,,5,1:39.2,39.7,9-9-9-7,5,547,-3
2022/07/01,浦和,9,久喜市ラベンダー賞Ｃ２七 八,1500,ダ,左,良,晴,9,5,5,セラフィム,牝,9,50.0,437,-5,小林捺,海馬司,,6,1:39.3,42.2,2-3-4-6,9,437,-5
2022/07/01,浦和,9,久喜市ラベンダー賞Ｃ２七 八,1500,ダ,左,良,晴,9,7,7,ジョートラジャ,牡,6,56.0,560,-5,見越彬,小久智,,7,1:39.6,42.8,3-2-2-4,6,560,-5
2022/07/01,浦和,9,久喜市ラベンダー賞Ｃ２七 八,1500,ダ,左,良,晴,9,8,9,ローズオブセイコー,牝,5,51.0,429,3,室陽一,柘榴浩,,8,1:39.6,41.1,6-8-8-8,2,429,3
2022/07/01,浦和,9,久喜市ラベンダー賞Ｃ２七 八,1500,ダ,左,良,晴,9,4,4,ベニノエンゼル,牝,5,54.0,451,10,保園翔,山越光,,9,1:41.5,43.9,4-4-6-9,7,451,10
2022/07/01,浦和,10,梔子特別Ｃ１五Ｃ２一,1400,ダ,左,良,晴,12,6,7,スティールマドンナ,牝,4,50.0,470,4,室陽一,藤原智,,1,1:29.5,40.1,2-2-2-2,7,470,4
2022/07/01,浦和,10,梔子特別Ｃ１五Ｃ２一,1400,ダ,左,良,晴,12,5,6,ダイエービルベリー,牝,4,52.0,478,4,七夕裕,酒井一,,2,1:29.9,38.8,9-9-8-5,9,478,4
2022/07/01,浦和,10,梔子特別Ｃ１五Ｃ２一,1400,ダ,左,良,晴,12,1,1,レオズソーダライト,牝,6,53.0,473,1,福原杏,平山真,,3,1:30.0,41.2,1-1-1-1,3,473,1
2022/07/01,浦和,10,梔子特別Ｃ１五Ｃ２一,1400,ダ,左,良,晴,12,6,8,クウェンヤ,牝,4,55.0,405,5,町田直,工藤伸,,4,1:30.1,39.8,3-4-4-4,2,405,5
2022/07/01,浦和,10,梔子特別Ｃ１五Ｃ２一,1400,ダ,左,良,晴,12,8,11,モリトローテローゼ,牝,6,53.0,490,7,藤江渉,水野貴,,5,1:30.5,40.6,5-3-3-3,1,490,7
2022/07/01,浦和,10,梔子特別Ｃ１五Ｃ２一,1400,ダ,左,良,晴,12,8,12,メディアジャッカル,牝,4,55.0,441,-2,秋元耕,内野健,,6,1:30.7,40.3,4-5-5-6,11,441,-2
2022/07/01,浦和,10,梔子特別Ｃ１五Ｃ２一,1400,ダ,左,良,晴,12,5,5,ピノモラーン,牡,4,57.0,476,1,森泰斗,野口孝,,7,1:31.3,39.8,8-10-10-9,4,476,1
2022/07/01,浦和,10,梔子特別Ｃ１五Ｃ２一,1400,ダ,左,良,晴,12,7,10,コスモパラティーナ,牡,4,54.0,519,6,野畑凌,宇野博,,8,1:31.3,40.5,7-7-7-7,5,519,6
2022/07/01,浦和,10,梔子特別Ｃ１五Ｃ２一,1400,ダ,左,良,晴,12,7,9,トーセンウィンザー,牡,4,55.0,474,2,保園翔,山越光,,9,1:31.4,39.5,12-12-12-11,10,474,2
2022/07/01,浦和,10,梔子特別Ｃ１五Ｃ２一,1400,ダ,左,良,晴,12,3,3,ジョーコレット,牡,5,57.0,546,30,本橋孝,小久智,,10,1:31.5,40.7,10-8-6-8,8,546,30
2022/07/01,浦和,10,梔子特別Ｃ１五Ｃ２一,1400,ダ,左,良,晴,12,4,4,フェアリーマジック,牝,5,53.0,449,1,見越彬,川村守,,11,1:32.1,40.2,11-11-11-10,6,449,1
2022/07/01,浦和,10,梔子特別Ｃ１五Ｃ２一,1400,ダ,左,良,晴,12,2,2,ファンファン,牡,5,55.0,462,5,赤津和,箕輪武,,12,1:34.0,43.1,6-6-8-12,12,462,5
2022/07/01,浦和,11,七夕月特別Ｂ１Ｂ２一,1500,ダ,左,良,晴,11,7,8,コンセプト,牡,4,57.0,475,5,本橋孝,小久智,,1,1:33.9,37.5,8-7-6-5,3,475,5
2022/07/01,浦和,11,七夕月特別Ｂ１Ｂ２一,1500,ダ,左,良,晴,11,3,3,フクサングレート,牡,5,57.0,518,12,森泰斗,宇野博,,2,1:34.1,39.1,3-3-3-2,1,518,12
2022/07/01,浦和,11,七夕月特別Ｂ１Ｂ２一,1500,ダ,左,良,晴,11,8,11,モリデンアロー,牡,4,57.0,496,0,町田直,繁田健,,3,1:34.2,39.1,4-4-4-3,2,496,0
2022/07/01,浦和,11,七夕月特別Ｂ１Ｂ２一,1500,ダ,左,良,晴,11,8,10,アンタンスルフレ,セ,0,52.0,442,-5,野畑凌,小澤宏,,4,1:34.4,36.9,7-8-8-8,4,442,-5
2022/07/01,浦和,11,七夕月特別Ｂ１Ｂ２一,1500,ダ,左,良,晴,11,2,2,シャイニー,牡,6,55.0,511,0,川島正,野口寛,,5,1:34.5,39.1,5-5-5-6,7,511,0
2022/07/01,浦和,11,七夕月特別Ｂ１Ｂ２一,1500,ダ,左,良,晴,11,6,7,マリアルージュ,牝,6,50.0,483,-11,室陽一,小久智,,6,1:35.1,40.7,1-2-2-1,6,483,-11
2022/07/01,浦和,11,七夕月特別Ｂ１Ｂ２一,1500,ダ,左,良,晴,11,7,9,ヨドノオーシャン,牡,6,55.0,451,-4,山崎誠,平山真,,7,1:35.4,38.7,6-6-7-7,9,451,-4
2022/07/01,浦和,11,七夕月特別Ｂ１Ｂ２一,1500,ダ,左,良,晴,11,1,1,ウインプリンツ,牡,6,57.0,517,-2,吉留孝,平山真,,8,1:36.0,41.7,1-1-1-4,5,517,-2
2022/07/01,浦和,11,七夕月特別Ｂ１Ｂ２一,1500,ダ,左,良,晴,11,5,5,ボマライン,セ,0,55.0,468,1,秋元耕,水野貴,,9,1:37.7,39.6,9-9-9-9,11,468,1
2022/07/01,浦和,11,七夕月特別Ｂ１Ｂ２一,1500,ダ,左,良,晴,11,4,4,タンクティーエー,牡,6,55.0,544,5,福原杏,宇野博,,10,1:39.1,40.1,10-11-11-11,8,544,5
2022/07/01,浦和,11,七夕月特別Ｂ１Ｂ２一,1500,ダ,左,良,晴,11,6,6,ケイティーセキトバ,牡,7,51.0,506,3,中島良,岡田一,,11,1:39.6,41.2,11-10-10-10,10,506,3
2022/07/01,浦和,12,愛逢月特別Ｃ１四,1500,ダ,左,良,晴,11,6,6,サンウェーコ,牡,6,56.0,507,6,川島正,繁田健,,1,1:35.0,38.1,4-3-2-1,5,507,6
2022/07/01,浦和,12,愛逢月特別Ｃ１四,1500,ダ,左,良,晴,11,1,1,クニノキラメキ,牡,4,56.0,479,-6,森泰斗,小久智,,2,1:36.2,37.5,11-11-6-5,1,479,-6
2022/07/01,浦和,12,愛逢月特別Ｃ１四,1500,ダ,左,良,晴,11,8,10,マイヨヴェール,牡,7,56.0,554,-14,福原杏,柘榴浩,,3,1:36.7,39.5,3-4-4-3,2,554,-14
2022/07/01,浦和,12,愛逢月特別Ｃ１四,1500,ダ,左,良,晴,11,5,5,ハーイ,牝,5,54.0,469,2,本橋孝,野口孝,,4,1:36.9,40.1,2-2-3-2,4,469,2
2022/07/01,浦和,12,愛逢月特別Ｃ１四,1500,ダ,左,良,晴,11,8,11,フェリスダージ,牝,4,54.0,418,-4,内田利,工藤伸,,5,1:36.9,38.6,10-10-9-9,10,418,-4
2022/07/01,浦和,12,愛逢月特別Ｃ１四,1500,ダ,左,良,晴,11,4,4,ベイビーアッシュ,牡,4,56.0,534,-4,町田直,小澤宏,,6,1:37.1,39.4,9-6-6-7,3,534,-4
2022/07/01,浦和,12,愛逢月特別Ｃ１四,1500,ダ,左,良,晴,11,7,8,シナノジャングル,牡,4,55.0,480,4,七夕裕,岡田一,,7,1:37.5,40.0,6-5-5-6,9,480,4
2022/07/01,浦和,12,愛逢月特別Ｃ１四,1500,ダ,左,良,晴,11,2,2,フェルカド,牡,5,56.0,482,8,秋元耕,野口孝,,8,1:37.6,39.1,7-9-10-10,11,482,8
2022/07/01,浦和,12,愛逢月特別Ｃ１四,1500,ダ,左,良,晴,11,6,7,ミーティアカフェ,牝,4,54.0,479,0,加藤和,箕輪武,,9,1:37.8,39.7,8-8-8-8,7,479,0
2022/07/01,浦和,12,愛逢月特別Ｃ１四,1500,ダ,左,良,晴,11,7,9,ローリングサンダー,セ,0,53.0,505,-2,野畑凌,小澤宏,,10,1:39.0,42.4,1-1-1-4,6,505,-2
2022/07/01,浦和,12,愛逢月特別Ｃ１四,1500,ダ,左,良,晴,11,3,3,セイウンヒュージ,牡,5,56.0,470,-26,國分祐,冨田敏,,11,1:39.2,40.9,5-7-11-11,8,470,-26
2022/07/18,浦和,1,Ｃ３十,1400,ダ,左,稍重,晴,10,8,9,シンライヴィヴ,牝,7,50.0,409,7,小林捺,水野貴,,1,1:32.1,40.2,2-2-2-2,3,409,7
2022/07/18,浦和,1,Ｃ３十,1400,ダ,左,稍重,晴,10,8,10,ケイサンホイミ,牝,8,51.0,464,1,室陽一,新井清,,2,1:32.2,40.4,1-1-1-1,1,464,1
2022/07/18,浦和,1,Ｃ３十,1400,ダ,左,稍重,晴,10,2,2,ユメツクシ,牝,6,54.0,494,1,加藤和,長谷忍,,3,1:32.9,40.1,5-5-3-3,2,494,1
2022/07/18,浦和,1,Ｃ３十,1400,ダ,左,稍重,晴,10,6,6,ユウユウリアン,牡,6,56.0,423,8,吉留孝,横山保,,4,1:32.9,39.8,6-6-6-5,6,423,8
2022/07/18,浦和,1,Ｃ３十,1400,ダ,左,稍重,晴,10,7,8,パレスギガント,牡,6,55.0,475,-1,七夕裕,長谷忍,,5,1:33.1,40.4,3-3-4-4,5,475,-1
2022/07/18,浦和,1,Ｃ３十,1400,ダ,左,稍重,晴,10,3,3,モズメイダン,牡,8,56.0,472,0,篠谷葵,水野貴,,6,1:33.9,40.6,7-7-7-7,4,472,0
2022/07/18,浦和,1,Ｃ３十,1400,ダ,左,稍重,晴,10,7,7,イダテン,牡,7,53.0,443,2,野畑凌,原三男,,7,1:34.0,39.6,9-9-9-8,8,443,2
2022/07/18,浦和,1,Ｃ３十,1400,ダ,左,稍重,晴,10,4,4,アールレアル,セ,0,56.0,452,-6,澤田龍,川村守,,8,1:34.1,40.2,8-8-8-9,7,452,-6
2022/07/18,浦和,1,Ｃ３十,1400,ダ,左,稍重,晴,10,5,5,ニシノシノブ,牝,7,54.0,458,1,秋元耕,吉田正,,9,1:34.1,41.3,4-4-5-6,9,458,1
2022/07/18,浦和,1,Ｃ３十,1400,ダ,左,稍重,晴,10,1,1,トーセンレオ,牡,7,56.0,0,0,橋本直,川村守,,,,,,,0,0
2022/07/18,浦和,2,特選３歳二,1400,ダ,左,稍重,晴,11,3,3,アルマラウラ,牝,3,54.0,464,-1,町田直,海馬司,,1,1:31.0,39.2,8-9-5-3,1,464,-1
2022/07/18,浦和,2,特選３歳二,1400,ダ,左,稍重,晴,11,5,5,パールズウィッシュ,牝,3,54.0,432,-2,篠谷葵,佐藤太,,1,1:31.0,40.1,3-3-3-1,4,432,-2
2022/07/18,浦和,2,特選３歳二,1400,ダ,左,稍重,晴,11,7,9,スイフトマリー,牝,3,54.0,383,-4,岡村健,酒井一,,3,1:31.7,40.2,7-6-4-4,5,383,-4
2022/07/18,浦和,2,特選３歳二,1400,ダ,左,稍重,晴,11,6,6,バルストライク,牡,3,56.0,543,0,高橋利,玉井昇,,4,1:31.9,40.3,9-8-6-6,7,543,0
2022/07/18,浦和,2,特選３歳二,1400,ダ,左,稍重,晴,11,8,11,ルナチャイルド,牝,3,54.0,479,4,張田昂,伊藤滋,,5,1:32.0,41.3,2-2-2-2,2,479,4
2022/07/18,浦和,2,特選３歳二,1400,ダ,左,稍重,晴,11,4,4,カジュアルスパート,牡,3,56.0,486,2,見越彬,野口寛,,6,1:32.3,40.8,5-4-7-7,11,486,2
2022/07/18,浦和,2,特選３歳二,1400,ダ,左,稍重,晴,11,8,10,グッドヘイロー,牝,3,54.0,506,6,藤江渉,山越光,,7,1:32.3,40.1,10-11-8-8,6,506,6
2022/07/18,浦和,2,特選３歳二,1400,ダ,左,稍重,晴,11,6,7,サンビバリーヒルズ,牡,3,56.0,436,-7,櫻井光,古澤悟,,8,1:32.5,40.3,11-10-9-9,9,436,-7
2022/07/18,浦和,2,特選３歳二,1400,ダ,左,稍重,晴,11,1,1,ホワイトネイル,牝,3,52.0,394,-9,菅原涼,藤原智,,9,1:32.5,40.3,6-7-10-10,8,394,-9
2022/07/18,浦和,2,特選３歳二,1400,ダ,左,稍重,晴,11,7,8,ファインファン,牝,3,54.0,453,5,本橋孝,小久智,,10,1:32.7,42.0,1-1-1-5,3,453,5
2022/07/18,浦和,2,特選３歳二,1400,ダ,左,稍重,晴,11,2,2,ファンキーブルース,セ,0,56.0,411,-4,福原杏,水野貴,,11,1:35.1,42.7,4-5-11-11,10,411,-4
2022/07/18,浦和,3,Ｃ２三 四,1400,ダ,左,稍重,晴,10,6,6,クリムゾンオーラ,牝,5,50.0,480,6,中島良,牛房榮,,1,1:30.5,39.5,4-3-3-2,3,480,6
2022/07/18,浦和,3,Ｃ２三 四,1400,ダ,左,稍重,晴,10,4,4,アンタルクティクス,牡,5,53.0,497,-4,野畑凌,内野健,,2,1:30.6,39.4,3-5-4-3,5,497,-4
2022/07/18,浦和,3,Ｃ２三 四,1400,ダ,左,稍重,晴,10,3,3,ドミナドール,セ,0,54.0,492,-3,菅原涼,新井清,,3,1:30.9,40.2,1-1-1-1,6,492,-3
2022/07/18,浦和,3,Ｃ２三 四,1400,ダ,左,稍重,晴,10,7,8,コスモジェニー,牝,4,51.0,450,7,室陽一,工藤伸,,4,1:31.2,39.5,9-9-7-7,2,450,7
2022/07/18,浦和,3,Ｃ２三 四,1400,ダ,左,稍重,晴,10,5,5,エコロアジェンダ,牡,4,56.0,464,-7,藤江渉,工藤伸,,5,1:31.3,39.6,6-7-8-8,7,464,-7
2022/07/18,浦和,3,Ｃ２三 四,1400,ダ,左,稍重,晴,10,2,2,シゲルナガレボシ,牝,5,54.0,449,8,福原杏,水野貴,,6,1:31.3,40.1,5-4-6-4,8,449,8
2022/07/18,浦和,3,Ｃ２三 四,1400,ダ,左,稍重,晴,10,1,1,ハツネヘイロー,セ,0,56.0,506,0,秋元耕,宇野博,,7,1:31.4,40.1,8-6-5-5,4,506,0
2022/07/18,浦和,3,Ｃ２三 四,1400,ダ,左,稍重,晴,10,8,10,フィーネ,牝,4,54.0,486,-2,本橋孝,野口寛,,8,1:32.3,41.4,2-2-2-6,1,486,-2
2022/07/18,浦和,3,Ｃ２三 四,1400,ダ,左,稍重,晴,10,7,7,エイコーレイワ,牝,5,54.0,468,-8,赤津和,川村守,,9,1:32.4,40.3,10-8-9-9,9,468,-8
2022/07/18,浦和,3,Ｃ２三 四,1400,ダ,左,稍重,晴,10,8,9,ジェームス,牡,8,56.0,505,-6,半澤慶,川島豊,,10,1:34.0,42.1,7-10-10-10,10,505,-6
2022/07/18,浦和,4,特選３歳一,1500,ダ,左,良,晴,9,7,7,バトルホッパー,牡,3,56.0,474,-6,今野忠,横山保,,1,1:36.8,39.5,6-5-4-1,3,474,-6
2022/07/18,浦和,4,特選３歳一,1500,ダ,左,良,晴,9,4,4,トモノエリザベス,牝,3,54.0,448,2,町田直,酒井一,,2,1:37.2,40.2,5-3-2-2,1,448,2
2022/07/18,浦和,4,特選３歳一,1500,ダ,左,良,晴,9,8,8,リョウイキテンカイ,牝,3,54.0,441,-5,橋本直,水野貴,,3,1:37.9,40.6,3-4-5-4,4,441,-5
2022/07/18,浦和,4,特選３歳一,1500,ダ,左,良,晴,9,5,5,ベルタント,牡,3,56.0,507,-2,見越彬,小久智,,4,1:38.2,41.2,2-1-1-3,5,507,-2
2022/07/18,浦和,4,特選３歳一,1500,ダ,左,良,晴,9,1,1,カシノペルル,牡,3,56.0,499,0,寺島憂,鹿沼和,,5,1:38.7,40.6,9-8-7-7,8,499,0
2022/07/18,浦和,4,特選３歳一,1500,ダ,左,良,晴,9,6,6,エトワールゴールド,牡,3,56.0,472,9,吉留孝,薮口一,,6,1:39.0,41.4,7-7-6-6,9,472,9
2022/07/18,浦和,4,特選３歳一,1500,ダ,左,良,晴,9,8,9,ジャングルタキオン,牡,3,56.0,496,2,本橋孝,野口孝,,7,1:39.3,42.3,1-2-2-5,2,496,2
2022/07/18,浦和,4,特選３歳一,1500,ダ,左,良,晴,9,2,2,サマーデライト,牝,3,50.0,430,3,中島良,牛房榮,,8,1:40.0,40.9,8-9-9-9,6,430,3
2022/07/18,浦和,4,特選３歳一,1500,ダ,左,良,晴,9,3,3,マウコノミタマ,牡,3,54.0,479,-7,菅原涼,藤原智,,9,1:41.1,43.3,4-6-8-8,7,479,-7
2022/07/18,浦和,5,Ｃ２三 四,1500,ダ,左,良,晴,8,3,3,ラスティネイル,牝,4,54.0,458,-4,吉留孝,牛房榮,,1,1:35.1,39.3,1-1-1-1,4,458,-4
2022/07/18,浦和,5,Ｃ２三 四,1500,ダ,左,良,晴,8,5,5,オルオル,牝,6,54.0,452,-5,町田直,新井清,,2,1:36.7,39.6,5-5-4-2,1,452,-5
2022/07/18,浦和,5,Ｃ２三 四,1500,ダ,左,良,晴,8,4,4,トーセンウィンザー,牡,4,56.0,470,-4,篠谷葵,山越光,,3,1:36.9,39.0,8-7-6-5,7,470,-4
2022/07/18,浦和,5,Ｃ２三 四,1500,ダ,左,良,晴,8,6,6,エルフバローズ,牝,4,54.0,445,3,岡田大,工藤伸,,4,1:37.7,41.4,2-2-3-3,2,445,3
2022/07/18,浦和,5,Ｃ２三 四,1500,ダ,左,良,晴,8,8,8,ケイティーユイ,牝,4,51.0,443,4,室陽一,水野貴,,5,1:38.4,39.6,7-8-8-8,8,443,4
2022/07/18,浦和,5,Ｃ２三 四,1500,ダ,左,良,晴,8,2,2,ジョーコレット,牡,5,56.0,549,3,橋本直,小久智,,6,1:38.4,42.2,3-3-2-4,5,549,3
2022/07/18,浦和,5,Ｃ２三 四,1500,ダ,左,良,晴,8,7,7,ラッキーチャンス,牝,7,51.0,489,7,野畑凌,小澤宏,,7,1:38.6,40.6,6-6-7-7,6,489,7
2022/07/18,浦和,5,Ｃ２三 四,1500,ダ,左,良,晴,8,1,1,モアイ,牡,7,56.0,475,3,川島正,岡田一,,8,1:39.4,42.5,4-4-5-6,3,475,3
2022/07/18,浦和,6,Ｊ認 新星特別２歳一,1400,ダ,左,良,晴,10,7,7,アトカラツイテクル,牝,2,54.0,0,0,張田昂,宇野博,,1,1:31.3,39.7,2-1-1-1,1,0,0
2022/07/18,浦和,6,Ｊ認 新星特別２歳一,1400,ダ,左,良,晴,10,6,6,ニッショウミライ,牝,2,54.0,452,-6,寺島憂,酒井一,,2,1:31.9,39.7,1-2-2-2,3,452,-6
2022/07/18,浦和,6,Ｊ認 新星特別２歳一,1400,ダ,左,良,晴,10,1,1,オデンシタ,牡,2,54.0,450,4,川島正,野口寛,,3,1:32.3,38.6,9-9-9-5,5,450,4
2022/07/18,浦和,6,Ｊ認 新星特別２歳一,1400,ダ,左,良,晴,10,7,8,ネメシス,牝,2,51.0,428,5,室陽一,箕輪武,,4,1:32.4,39.7,8-8-5-4,4,428,5
2022/07/18,浦和,6,Ｊ認 新星特別２歳一,1400,ダ,左,良,晴,10,3,3,ジョーフォック,牡,2,54.0,471,6,本橋孝,小久智,,5,1:32.4,40.0,6-4-3-3,2,471,6
2022/07/18,浦和,6,Ｊ認 新星特別２歳一,1400,ダ,左,良,晴,10,4,4,シェナリオン,牡,2,50.0,444,8,中島良,冨田敏,,6,1:34.7,42.5,3-3-4-6,9,444,8
2022/07/18,浦和,6,Ｊ認 新星特別２歳一,1400,ダ,左,良,晴,10,2,2,スタータマチャン,牝,2,54.0,492,7,橋本直,川村守,,7,1:34.8,41.5,7-6-8-7,7,492,7
2022/07/18,浦和,6,Ｊ認 新星特別２歳一,1400,ダ,左,良,晴,10,8,10,シンライダムール,牡,2,54.0,443,-4,福原杏,水野貴,,8,1:35.0,42.1,5-7-7-8,8,443,-4
2022/07/18,浦和,6,Ｊ認 新星特別２歳一,1400,ダ,左,良,晴,10,5,5,アメ,牝,2,54.0,421,-9,加藤和,長谷忍,,9,1:35.2,40.3,10-10-10-10,10,421,-9
2022/07/18,浦和,6,Ｊ認 新星特別２歳一,1400,ダ,左,良,晴,10,8,9,キョウエイカリーナ,牝,2,54.0,461,13,秋元耕,小澤宏,,10,1:36.8,44.3,4-5-6-9,6,461,13
2022/07/18,浦和,7,浦和８００ラウンドＣ３選抜馬イ,800,ダ,左,良,晴,12,7,9,モンスタープリンス,牡,6,56.0,504,0,藤江渉,工藤伸,,1,0:47.8,35.8,1-1,1,504,0
2022/07/18,浦和,7,浦和８００ラウンドＣ３選抜馬イ,800,ダ,左,良,晴,12,3,3,ヴィクトリアブーケ,牝,4,54.0,393,3,岡田大,薮口一,,2,0:49.2,36.7,2-2,6,393,3
2022/07/18,浦和,7,浦和８００ラウンドＣ３選抜馬イ,800,ダ,左,良,晴,12,2,2,クールスパート,牡,7,56.0,469,0,見越彬,野口寛,,3,0:49.2,36.3,5-5,2,469,0
2022/07/18,浦和,7,浦和８００ラウンドＣ３選抜馬イ,800,ダ,左,良,晴,12,6,7,メロメロパンチ,牝,9,54.0,486,1,内田利,内野健,,4,0:49.4,36.9,3-3,3,486,1
2022/07/18,浦和,7,浦和８００ラウンドＣ３選抜馬イ,800,ダ,左,良,晴,12,8,11,ニシノマッハ,牡,8,56.0,471,-1,國分祐,冨田敏,,5,0:49.4,36.5,4-4,8,471,-1
2022/07/18,浦和,7,浦和８００ラウンドＣ３選抜馬イ,800,ダ,左,良,晴,12,6,8,クロノエンプレス,牝,5,54.0,468,-6,橋本直,酒井一,,6,0:49.7,36.6,6-6,7,468,-6
2022/07/18,浦和,7,浦和８００ラウンドＣ３選抜馬イ,800,ダ,左,良,晴,12,8,12,ヘデラ,牝,6,54.0,438,4,寺島憂,水野貴,,7,0:50.0,36.9,9-8,4,438,4
2022/07/18,浦和,7,浦和８００ラウンドＣ３選抜馬イ,800,ダ,左,良,晴,12,4,4,ナンセイエメラルド,牝,6,50.0,444,-9,中島良,山越光,,8,0:50.0,36.7,10-9,9,444,-9
2022/07/18,浦和,7,浦和８００ラウンドＣ３選抜馬イ,800,ダ,左,良,晴,12,5,5,コウエイダイチ,牡,8,56.0,466,-3,福原杏,吉田正,,9,0:50.1,37.1,8-7,10,466,-3
2022/07/18,浦和,7,浦和８００ラウンドＣ３選抜馬イ,800,ダ,左,良,晴,12,1,1,リアルドリーム,牝,4,51.0,446,-2,室陽一,川島豊,,10,0:51.1,37.5,11-11,11,446,-2
2022/07/18,浦和,7,浦和８００ラウンドＣ３選抜馬イ,800,ダ,左,良,晴,12,5,6,カズアティシャ,牡,4,56.0,500,21,半澤慶,牛房榮,,11,0:51.6,38.8,7-10,5,500,21
2022/07/18,浦和,7,浦和８００ラウンドＣ３選抜馬イ,800,ダ,左,良,晴,12,7,10,シャインルビー,牝,5,54.0,442,-1,赤津和,川村守,,12,0:51.7,38.1,12-12,12,442,-1
2022/07/18,浦和,8,浦和８００ラウンドＣ３選抜馬ア,800,ダ,左,良,晴,12,6,7,メモリアルクイーン,牝,5,53.0,456,-3,古岡勇,小澤宏,,1,0:48.3,36.1,4-3,3,456,-3
2022/07/18,浦和,8,浦和８００ラウンドＣ３選抜馬ア,800,ダ,左,良,晴,12,2,2,ウンジョウノメガミ,牝,4,50.0,455,1,小林捺,牛房榮,,2,0:48.4,36.2,2-2,4,455,1
2022/07/18,浦和,8,浦和８００ラウンドＣ３選抜馬ア,800,ダ,左,良,晴,12,1,1,エイシンキーゼル,牡,4,53.0,456,-5,室陽一,宇野博,,3,0:48.6,36.4,1-1,2,456,-5
2022/07/18,浦和,8,浦和８００ラウンドＣ３選抜馬ア,800,ダ,左,良,晴,12,7,10,セイエイビビット,牝,6,54.0,553,6,内田利,岡田一,,4,0:48.7,35.7,8-6,5,553,6
2022/07/18,浦和,8,浦和８００ラウンドＣ３選抜馬ア,800,ダ,左,良,晴,12,5,6,レジュールウール,牝,4,54.0,481,-3,福原杏,野口寛,,5,0:48.9,36.7,5-5,1,481,-3
2022/07/18,浦和,8,浦和８００ラウンドＣ３選抜馬ア,800,ダ,左,良,晴,12,8,11,ピノゼン,牝,6,51.0,485,6,新原周,野口孝,,6,0:49.0,36.5,6-7,7,485,6
2022/07/18,浦和,8,浦和８００ラウンドＣ３選抜馬ア,800,ダ,左,良,晴,12,4,4,カンノンショウ,牡,4,56.0,456,1,寺島憂,水野貴,,7,0:49.0,36.1,7-8,9,456,1
2022/07/18,浦和,8,浦和８００ラウンドＣ３選抜馬ア,800,ダ,左,良,晴,12,3,3,ラヴアンドゲーム,牝,5,50.0,473,-1,中島良,酒井一,,8,0:49.4,37.2,3-4,6,473,-1
2022/07/18,浦和,8,浦和８００ラウンドＣ３選抜馬ア,800,ダ,左,良,晴,12,7,9,クレールプリュネル,牝,4,54.0,466,-1,篠谷葵,山越光,,9,0:49.4,36.0,11-9,10,466,-1
2022/07/18,浦和,8,浦和８００ラウンドＣ３選抜馬ア,800,ダ,左,良,晴,12,5,5,アミン,牝,5,54.0,462,11,吉留孝,冨田敏,,10,0:49.5,36.3,10-10,11,462,11
2022/07/18,浦和,8,浦和８００ラウンドＣ３選抜馬ア,800,ダ,左,良,晴,12,6,8,ルピナスガーデン,牝,5,54.0,486,1,岡田大,薮口一,,11,0:50.0,37.0,9-11,8,486,1
2022/07/18,浦和,8,浦和８００ラウンドＣ３選抜馬ア,800,ダ,左,良,晴,12,8,12,リンノファンタジー,牝,4,54.0,0,0,赤津和,川島豊,,,,,,,0,0
2022/07/18,浦和,9,夏の宵特別Ｃ２一,1500,ダ,左,良,晴,12,6,8,モリトローテローゼ,牝,6,51.0,482,-8,新原周,水野貴,,1,1:37.4,40.5,3-3-1-1,7,482,-8
2022/07/18,浦和,9,夏の宵特別Ｃ２一,1500,ダ,左,良,晴,12,8,11,アーバンブラック,牡,7,56.0,460,-3,張田昂,平山真,,2,1:37.7,39.6,9-8-7-3,2,460,-3
2022/07/18,浦和,9,夏の宵特別Ｃ２一,1500,ダ,左,良,晴,12,4,4,フェリスダージ,牝,4,54.0,423,5,内田利,工藤伸,,3,1:38.2,38.9,12-12-11-9,8,423,5
2022/07/18,浦和,9,夏の宵特別Ｃ２一,1500,ダ,左,良,晴,12,8,12,ロマーシカ,牝,5,54.0,472,4,橋本直,小久智,,4,1:38.6,41.5,4-5-4-6,3,472,4
2022/07/18,浦和,9,夏の宵特別Ｃ２一,1500,ダ,左,良,晴,12,6,7,ピオレドール,牡,7,55.0,481,-1,七夕裕,横山保,,5,1:38.7,41.6,5-4-6-4,4,481,-1
2022/07/18,浦和,9,夏の宵特別Ｃ２一,1500,ダ,左,良,晴,12,7,9,アークストーン,牝,5,54.0,422,-3,岡村健,新井健,,6,1:38.7,40.2,11-11-8-5,10,422,-3
2022/07/18,浦和,9,夏の宵特別Ｃ２一,1500,ダ,左,良,晴,12,5,5,バトルオサンナ,牝,8,54.0,456,-1,秋元耕,水野貴,,7,1:39.0,40.1,10-10-12-11,6,456,-1
2022/07/18,浦和,9,夏の宵特別Ｃ２一,1500,ダ,左,良,晴,12,7,10,ジャンティオム,牡,8,53.0,497,-9,野畑凌,小澤宏,,8,1:39.5,42.2,6-6-5-8,11,497,-9
2022/07/18,浦和,9,夏の宵特別Ｃ２一,1500,ダ,左,良,晴,12,1,1,ハッピーパワポケ,牡,5,56.0,480,7,福原杏,水野貴,,9,1:39.5,41.0,8-9-9-10,5,480,7
2022/07/18,浦和,9,夏の宵特別Ｃ２一,1500,ダ,左,良,晴,12,3,3,ハーイ,牝,5,54.0,467,-2,本橋孝,野口孝,,10,1:39.7,42.8,2-2-2-2,1,467,-2
2022/07/18,浦和,9,夏の宵特別Ｃ２一,1500,ダ,左,良,晴,12,2,2,セイウンヒュージ,牡,5,56.0,479,9,國分祐,冨田敏,,11,1:40.4,42.1,7-7-10-12,12,479,9
2022/07/18,浦和,9,夏の宵特別Ｃ２一,1500,ダ,左,良,晴,12,5,6,レオズソーダライト,牝,6,54.0,476,3,笠野雄,平山真,,12,1:40.7,43.9,1-1-3-7,9,476,3
2022/07/18,浦和,10,海の日特別Ｃ１四,1500,ダ,左,良,曇,9,8,8,ムーランブラン,牝,6,54.0,461,0,山崎誠,藤原智,,1,1:37.6,39.6,4-4-4-1,5,461,0
2022/07/18,浦和,10,海の日特別Ｃ１四,1500,ダ,左,良,曇,9,2,2,モーニングスマイル,牡,3,55.0,449,-4,秋元耕,箕輪武,,2,1:37.9,38.6,8-8-7-6,8,449,-4
2022/07/18,浦和,10,海の日特別Ｃ１四,1500,ダ,左,良,曇,9,8,9,ヨシケンモンロー,牡,6,53.0,445,-6,新原周,野口孝,,3,1:38.2,39.7,6-6-6-7,9,445,-6
2022/07/18,浦和,10,海の日特別Ｃ１四,1500,ダ,左,良,曇,9,3,3,フォーギブネス,牡,4,56.0,466,2,橋本直,平山真,,4,1:38.2,41.2,3-3-2-2,7,466,2
2022/07/18,浦和,10,海の日特別Ｃ１四,1500,ダ,左,良,曇,9,4,4,リヴェルサス,牡,4,56.0,458,9,笠野雄,水野貴,,5,1:38.6,38.5,9-9-8-8,3,458,9
2022/07/18,浦和,10,海の日特別Ｃ１四,1500,ダ,左,良,曇,9,6,6,ノースリュシオル,牝,4,54.0,440,10,篠谷葵,長谷忍,,6,1:38.8,40.7,5-5-5-4,6,440,10
2022/07/18,浦和,10,海の日特別Ｃ１四,1500,ダ,左,良,曇,9,1,1,スリーヴリーグ,牡,6,56.0,521,8,真島大,野口寛,,7,1:39.2,42.0,2-2-3-5,2,521,8
2022/07/18,浦和,10,海の日特別Ｃ１四,1500,ダ,左,良,曇,9,7,7,マサノエトワール,牝,3,53.0,453,2,張田昂,齊藤敏,,8,1:39.5,42.5,1-1-1-3,1,453,2
2022/07/18,浦和,10,海の日特別Ｃ１四,1500,ダ,左,良,曇,9,5,5,スムーズジャズ,牡,8,56.0,494,-13,半澤慶,宇野博,,9,1:39.5,39.8,7-7-9-9,4,494,-13
2022/07/18,浦和,11,文月特別Ｂ２二,1400,ダ,左,良,曇,9,2,2,モリデンアロー,牡,4,56.0,502,6,真島大,繁田健,,1,1:26.9,37.2,2-2-2-1,2,502,6
2022/07/18,浦和,11,文月特別Ｂ２二,1400,ダ,左,良,曇,9,6,6,ブラックパンサー,牡,4,56.0,484,-3,本橋孝,小久智,,2,1:27.2,36.2,8-7-6-3,1,484,-3
2022/07/18,浦和,11,文月特別Ｂ２二,1400,ダ,左,良,曇,9,5,5,マリアルージュ,牝,6,51.0,488,5,室陽一,小久智,,3,1:28.8,39.0,3-3-3-4,6,488,5
2022/07/18,浦和,11,文月特別Ｂ２二,1400,ダ,左,良,曇,9,7,7,ミコノスフレイバー,牡,4,56.0,488,-2,笠野雄,稲益貴,,4,1:28.8,39.2,1-1-1-2,4,488,-2
2022/07/18,浦和,11,文月特別Ｂ２二,1400,ダ,左,良,曇,9,8,9,シャイニー,牡,6,56.0,517,6,川島正,野口寛,,5,1:28.8,38.4,5-4-4-5,7,517,6
2022/07/18,浦和,11,文月特別Ｂ２二,1400,ダ,左,良,曇,9,3,3,ナンヨーオボロヅキ,牝,6,54.0,489,0,岡村健,平山真,,6,1:29.2,38.6,6-5-5-6,3,489,0
2022/07/18,浦和,11,文月特別Ｂ２二,1400,ダ,左,良,曇,9,1,1,カミノアカネ,牝,5,54.0,468,3,岡田大,岡田一,,7,1:31.1,39.6,4-6-7-7,8,468,3
2022/07/18,浦和,11,文月特別Ｂ２二,1400,ダ,左,良,曇,9,8,8,グリーンロード,牡,5,56.0,532,13,増田充,高月賢,,8,1:31.2,39.5,7-8-8-8,5,532,13
2022/07/18,浦和,11,文月特別Ｂ２二,1400,ダ,左,良,曇,9,4,4,ケイティーセキトバ,牡,7,52.0,500,-6,中島良,岡田一,,9,1:34.0,41.5,9-9-9-9,9,500,-6
2022/07/18,浦和,12,ハイビスカス特別Ｃ３選抜馬,2000,ダ,左,良,曇,11,8,10,ルルド,セ,0,55.0,425,-1,七夕裕,平山真,,1,2:13.3,39.2,4-5-4-2,3,425,-1
2022/07/18,浦和,12,ハイビスカス特別Ｃ３選抜馬,2000,ダ,左,良,曇,11,7,9,エルラティオ,セ,0,56.0,456,-2,櫻井光,八木喜,,2,2:13.8,40.0,3-4-3-4,1,456,-2
2022/07/18,浦和,12,ハイビスカス特別Ｃ３選抜馬,2000,ダ,左,良,曇,11,3,3,シークレットギア,牡,4,56.0,477,-1,吉留孝,薮口一,,3,2:14.3,41.8,1-1-1-1,4,477,-1
2022/07/18,浦和,12,ハイビスカス特別Ｃ３選抜馬,2000,ダ,左,良,曇,11,8,11,ミコタマ,牝,8,50.0,460,2,小林捺,田島寿,,4,2:15.6,40.9,8-7-6-6,10,460,2
2022/07/18,浦和,12,ハイビスカス特別Ｃ３選抜馬,2000,ダ,左,良,曇,11,4,4,ドラグ,牝,4,54.0,423,5,福原杏,牛房榮,,5,2:15.6,40.7,7-8-8-7,7,423,5
2022/07/18,浦和,12,ハイビスカス特別Ｃ３選抜馬,2000,ダ,左,良,曇,11,7,8,エイシンキンバリー,牝,4,54.0,425,1,岡田大,小久智,,6,2:15.7,43.0,2-2-2-3,2,425,1
2022/07/18,浦和,12,ハイビスカス特別Ｃ３選抜馬,2000,ダ,左,良,曇,11,6,7,デンコウメジャー,牡,7,56.0,474,-1,橋本直,平山真,,7,2:17.0,41.9,9-9-9-9,6,474,-1
2022/07/18,浦和,12,ハイビスカス特別Ｃ３選抜馬,2000,ダ,左,良,曇,11,6,6,アルコンシチー,牡,5,56.0,468,11,藤江渉,箕輪武,,8,2:17.1,43.6,10-3-5-5,8,468,11
2022/07/18,浦和,12,ハイビスカス特別Ｃ３選抜馬,2000,ダ,左,良,曇,11,5,5,ラッキーアモン,牡,6,56.0,493,0,秋元耕,水野貴,,9,2:17.2,41.8,6-10-10-10,5,493,0
2022/07/18,浦和,12,ハイビスカス特別Ｃ３選抜馬,2000,ダ,左,良,曇,11,2,2,アニマフレスカ,牝,5,54.0,460,6,岡村健,酒井一,,10,2:17.7,43.0,5-6-7-8,9,460,6
2022/07/18,浦和,12,ハイビスカス特別Ｃ３選抜馬,2000,ダ,左,良,曇,11,1,1,ニシノコウメイ,牡,4,56.0,444,2,加藤和,冨田敏,,11,2:18.4,42.5,11-11-11-11,11,444,2
2022/07/19,浦和,1,ドリームチャレンジ２歳新馬ウ,800,ダ,左,良,曇,6,4,4,グレートジャーニー,牡,2,54.0,0,0,本橋孝,小久智,,1,0:48.6,35.4,3-3,3,0,0
2022/07/19,浦和,1,ドリームチャレンジ２歳新馬ウ,800,ダ,左,良,曇,6,1,1,ノースプリマ,牝,2,54.0,0,0,森泰斗,水野貴,,2,0:49.1,36.3,1-1,1,0,0
2022/07/19,浦和,1,ドリームチャレンジ２歳新馬ウ,800,ダ,左,良,曇,6,6,6,クリプリンセス,牝,2,54.0,0,0,秋元耕,冨田敏,,3,0:50.3,37.8,2-2,2,0,0
2022/07/19,浦和,1,ドリームチャレンジ２歳新馬ウ,800,ダ,左,良,曇,6,2,2,ユウユウピッコラ,牝,2,54.0,0,0,福原杏,横山保,,4,0:50.9,37.6,4-4,5,0,0
2022/07/19,浦和,1,ドリームチャレンジ２歳新馬ウ,800,ダ,左,良,曇,6,3,3,カシノビジン,牝,2,54.0,0,0,見越彬,野口寛,,5,0:50.9,37.2,5-5,6,0,0
2022/07/19,浦和,1,ドリームチャレンジ２歳新馬ウ,800,ダ,左,良,曇,6,5,5,オザリス,牝,2,51.0,0,0,新原周,小澤宏,,6,0:53.1,38.6,6-6,4,0,0
2022/07/19,浦和,2,ドリームチャレンジ２歳新馬イ,800,ダ,左,良,曇,6,3,3,ピュアアメリカン,牝,2,54.0,0,0,福原杏,小澤宏,,1,0:48.6,36.5,1-1,1,0,0
2022/07/19,浦和,2,ドリームチャレンジ２歳新馬イ,800,ダ,左,良,曇,6,2,2,トーセンアライブ,牡,2,54.0,0,0,森泰斗,小久智,,2,0:48.9,36.3,3-3,2,0,0
2022/07/19,浦和,2,ドリームチャレンジ２歳新馬イ,800,ダ,左,良,曇,6,6,6,キングフォーチュン,牡,2,54.0,0,0,町田直,工藤伸,,3,0:49.1,37.0,2-2,3,0,0
2022/07/19,浦和,2,ドリームチャレンジ２歳新馬イ,800,ダ,左,良,曇,6,4,4,インベンション,牝,2,54.0,0,0,和田譲,長谷忍,,4,0:50.8,37.7,5-5,5,0,0
2022/07/19,浦和,2,ドリームチャレンジ２歳新馬イ,800,ダ,左,良,曇,6,5,5,シェナレモン,牝,2,54.0,0,0,寺島憂,水野貴,,5,0:51.0,38.2,4-4,6,0,0
2022/07/19,浦和,2,ドリームチャレンジ２歳新馬イ,800,ダ,左,良,曇,6,1,1,リオチャン,牡,2,54.0,0,0,本橋孝,野口孝,,6,0:51.6,37.7,6-6,4,0,0
2022/07/19,浦和,3,３歳四,1400,ダ,左,良,曇,6,1,1,トーセンキッド,牡,3,56.0,459,2,真島大,小久智,,1,1:29.6,38.4,1-1-1-1,1,459,2
2022/07/19,浦和,3,３歳四,1400,ダ,左,良,曇,6,3,3,シェナダイオー,牡,3,56.0,547,-2,寺島憂,山越光,,2,1:30.7,39.3,2-2-2-2,3,547,-2
2022/07/19,浦和,3,３歳四,1400,ダ,左,良,曇,6,2,2,ラクスシャルキ,牝,3,54.0,446,-2,秋元耕,酒井一,,3,1:31.5,40.0,4-3-2-3,4,446,-2
2022/07/19,浦和,3,３歳四,1400,ダ,左,良,曇,6,5,5,カヤドーヴェール,牡,3,52.0,450,4,中島良,小久智,,4,1:31.5,39.6,3-4-4-4,2,450,4
2022/07/19,浦和,3,３歳四,1400,ダ,左,良,曇,6,4,4,ユウユウパレス,牝,3,53.0,414,4,七夕裕,横山保,,5,1:32.5,40.0,5-5-5-5,6,414,4
2022/07/19,浦和,3,３歳四,1400,ダ,左,良,曇,6,6,6,シンライウォリアー,牡,3,56.0,437,1,福原杏,水野貴,,6,1:33.0,39.9,6-6-6-6,5,437,1
2022/07/19,浦和,4,３歳三,1400,ダ,左,良,曇,9,1,1,ローザロード,牝,3,54.0,443,12,森泰斗,小久智,,1,1:30.0,39.6,5-5-4-1,1,443,12
2022/07/19,浦和,4,３歳三,1400,ダ,左,良,曇,9,8,9,ナガタドール,牝,3,50.0,437,-1,小林捺,岩本洋,,2,1:30.5,40.3,4-4-2-3,7,437,-1
2022/07/19,浦和,4,３歳三,1400,ダ,左,良,曇,9,6,6,インカローズムスメ,牝,3,54.0,402,-14,赤津和,山越光,,3,1:30.9,39.6,6-7-7-6,8,402,-14
2022/07/19,浦和,4,３歳三,1400,ダ,左,良,曇,9,2,2,リコールイーズ,牝,3,54.0,535,2,本橋孝,繁田健,,4,1:31.0,40.9,1-1-1-2,2,535,2
2022/07/19,浦和,4,３歳三,1400,ダ,左,良,曇,9,4,4,ユメミルツキ,牝,3,54.0,442,12,半澤慶,工藤伸,,5,1:31.6,41.4,3-3-3-4,6,442,12
2022/07/19,浦和,4,３歳三,1400,ダ,左,良,曇,9,7,7,ソーサレス,牝,3,53.0,486,4,古岡勇,小澤宏,,6,1:32.4,42.2,2-2-5-7,3,486,4
2022/07/19,浦和,4,３歳三,1400,ダ,左,良,曇,9,5,5,ミルティー,牝,3,51.0,410,-1,室陽一,横山保,,7,1:32.5,40.9,9-9-9-9,9,410,-1
2022/07/19,浦和,4,３歳三,1400,ダ,左,良,曇,9,8,8,アークティアラ,牝,3,54.0,376,2,岡村健,新井健,,8,1:32.6,41.0,8-8-8-8,5,376,2
2022/07/19,浦和,4,３歳三,1400,ダ,左,良,曇,9,3,3,エイシンスマッシュ,牡,3,56.0,466,2,張田昂,平山真,,9,1:32.6,41.7,7-6-6-5,4,466,2
2022/07/19,浦和,5,Ｃ３七 八 九,1500,ダ,左,良,曇,10,4,4,コウユープリティー,牝,4,54.0,454,21,福原杏,宇野博,,1,1:38.1,39.3,6-6-5-3,2,454,21
2022/07/19,浦和,5,Ｃ３七 八 九,1500,ダ,左,良,曇,10,3,3,ニシノサトル,牡,6,56.0,482,5,内田利,吉田正,,2,1:38.5,40.4,2-2-1-1,6,482,5
2022/07/19,浦和,5,Ｃ３七 八 九,1500,ダ,左,良,曇,10,1,1,トーセンクルーズ,牝,7,54.0,448,4,森泰斗,工藤伸,,3,1:38.7,40.3,5-4-4-2,1,448,4
2022/07/19,浦和,5,Ｃ３七 八 九,1500,ダ,左,良,曇,10,8,10,スマイルジーニアス,セ,0,56.0,510,1,秋元耕,鹿沼和,,4,1:39.0,39.8,7-7-7-6,3,510,1
2022/07/19,浦和,5,Ｃ３七 八 九,1500,ダ,左,良,曇,10,2,2,ネオエンジェル,牝,6,54.0,433,-1,國分祐,冨田敏,,5,1:39.2,39.7,8-8-8-8,5,433,-1
2022/07/19,浦和,5,Ｃ３七 八 九,1500,ダ,左,良,曇,10,8,9,エムチャン,牝,6,54.0,390,1,小杉亮,凾館一,,6,1:39.4,41.2,3-3-2-4,8,390,1
2022/07/19,浦和,5,Ｃ３七 八 九,1500,ダ,左,良,曇,10,5,5,トキノカサドール,牡,7,55.0,441,6,七夕裕,横山保,,7,1:39.5,41.0,4-5-6-5,7,441,6
2022/07/19,浦和,5,Ｃ３七 八 九,1500,ダ,左,良,曇,10,7,7,ツーエムポラリス,牡,7,56.0,471,-6,澤田龍,鈴木勝,,8,1:40.3,39.8,9-9-9-9,4,471,-6
2022/07/19,浦和,5,Ｃ３七 八 九,1500,ダ,左,良,曇,10,7,8,ヒメカンショウ,牝,5,51.0,454,-6,野畑凌,古澤悟,,9,1:40.3,42.1,1-1-3-7,9,454,-6
2022/07/19,浦和,5,Ｃ３七 八 九,1500,ダ,左,良,曇,10,6,6,アストラルブレイズ,牝,5,54.0,496,-4,見越彬,小林真,,10,1:41.5,40.2,10-10-10-10,10,496,-4
2022/07/19,浦和,6,Ｃ３七 八 九,1500,ダ,左,良,曇,9,6,6,ワンダーヘーヒスト,牡,8,56.0,465,-5,橋本直,鈴木勝,,1,1:37.8,39.5,2-2-1-1,1,465,-5
2022/07/19,浦和,6,Ｃ３七 八 九,1500,ダ,左,良,曇,9,8,8,ナツィオナーレ,牝,7,54.0,446,2,和田譲,野口孝,,2,1:38.9,39.9,7-6-5-4,2,446,2
2022/07/19,浦和,6,Ｃ３七 八 九,1500,ダ,左,良,曇,9,8,9,コンディトラム,牡,5,56.0,482,1,吉留孝,川村守,,3,1:38.9,40.4,3-3-3-3,7,482,1
2022/07/19,浦和,6,Ｃ３七 八 九,1500,ダ,左,良,曇,9,3,3,ユラニュス,牝,6,54.0,456,-7,伊藤裕,田邊陽,,4,1:39.1,40.8,1-1-2-2,4,456,-7
2022/07/19,浦和,6,Ｃ３七 八 九,1500,ダ,左,良,曇,9,1,1,ディヴェルシオーネ,牝,9,54.0,508,-4,小杉亮,佐々清,,5,1:39.5,40.7,4-4-4-5,5,508,-4
2022/07/19,浦和,6,Ｃ３七 八 九,1500,ダ,左,良,曇,9,4,4,ポイズンピル,牡,7,56.0,459,5,岡田大,牛房榮,,6,1:39.9,40.6,6-7-7-6,3,459,5
2022/07/19,浦和,6,Ｃ３七 八 九,1500,ダ,左,良,曇,9,5,5,キタマクフィー,牝,4,53.0,444,1,七夕裕,鹿沼和,,7,1:40.5,41.0,8-8-8-8,6,444,1
2022/07/19,浦和,6,Ｃ３七 八 九,1500,ダ,左,良,曇,9,2,2,アベノカイシンゲキ,牡,4,56.0,478,-7,寺島憂,小林真,,8,1:40.5,41.4,5-5-6-7,9,478,-7
2022/07/19,浦和,6,Ｃ３七 八 九,1500,ダ,左,良,曇,9,7,7,アナハ,牝,5,50.0,400,2,中島良,川島豊,,9,1:41.3,41.2,9-9-9-9,8,400,2
2022/07/19,浦和,7,Ｃ２五,1500,ダ,左,稍重,曇,7,4,4,マイアミヒーロー,セ,0,56.0,485,1,橋本直,小久智,,1,1:37.9,39.3,6-6-6-6,4,485,1
2022/07/19,浦和,7,Ｃ２五,1500,ダ,左,稍重,曇,7,2,2,ゴールドバード,牡,8,56.0,490,3,藤江渉,野口孝,,2,1:38.0,38.0,7-7-7-7,5,490,3
2022/07/19,浦和,7,Ｃ２五,1500,ダ,左,稍重,曇,7,5,5,ジャストメイビー,牝,4,54.0,510,3,和田譲,宇野博,,3,1:38.2,40.3,1-3-4-5,3,510,3
2022/07/19,浦和,7,Ｃ２五,1500,ダ,左,稍重,曇,7,7,7,スパンブリー,牡,6,56.0,538,7,加藤和,長谷忍,,4,1:38.3,40.1,5-5-5-4,7,538,7
2022/07/19,浦和,7,Ｃ２五,1500,ダ,左,稍重,曇,7,6,6,モモドリーム,牝,4,51.0,476,0,室陽一,平山真,,5,1:38.4,40.8,4-4-1-1,6,476,0
2022/07/19,浦和,7,Ｃ２五,1500,ダ,左,稍重,曇,7,1,1,キャンビー,牡,4,56.0,516,4,達城龍,野口寛,,6,1:38.6,41.0,2-1-3-3,2,516,4
2022/07/19,浦和,7,Ｃ２五,1500,ダ,左,稍重,曇,7,3,3,ハクサンブレーヴ,牡,5,56.0,463,6,小杉亮,矢野義,,7,1:39.1,41.5,3-2-2-2,1,463,6
2022/07/19,浦和,8,Ｃ３七 八 九,1400,ダ,左,稍重,曇,9,2,2,ロッカーモーション,牝,6,54.0,493,-5,橋本直,内野健,,1,1:30.7,39.0,1-1-1-1,1,493,-5
2022/07/19,浦和,8,Ｃ３七 八 九,1400,ダ,左,稍重,曇,9,6,6,スパークルガール,牝,6,51.0,425,12,室陽一,長谷忍,,2,1:31.5,38.6,5-5-4-3,3,425,12
2022/07/19,浦和,8,Ｃ３七 八 九,1400,ダ,左,稍重,曇,9,4,4,スキニチーノ,牝,5,54.0,474,4,町田直,海馬司,,3,1:31.8,39.9,2-2-2-2,5,474,4
2022/07/19,浦和,8,Ｃ３七 八 九,1400,ダ,左,稍重,曇,9,3,3,リゼイエロー,牝,5,54.0,483,-2,吉留孝,川島豊,,4,1:32.2,39.2,4-4-5-6,7,483,-2
2022/07/19,浦和,8,Ｃ３七 八 九,1400,ダ,左,稍重,曇,9,7,7,ゴールドスペンサー,牡,4,56.0,476,-13,秋元耕,吉田正,,5,1:32.2,38.5,6-6-6-5,6,476,-13
2022/07/19,浦和,8,Ｃ３七 八 九,1400,ダ,左,稍重,曇,9,1,1,トーセンケイト,牝,4,54.0,460,2,藤江渉,川村守,,6,1:33.0,40.3,3-3-3-4,4,460,2
2022/07/19,浦和,8,Ｃ３七 八 九,1400,ダ,左,稍重,曇,9,8,8,サンベリーニ,牝,8,54.0,453,-8,本田紀,牛房榮,,7,1:33.4,39.4,9-8-8-8,8,453,-8
2022/07/19,浦和,8,Ｃ３七 八 九,1400,ダ,左,稍重,曇,9,8,9,リンクスクリスタル,牝,9,50.0,437,-2,中島良,宮下靖,,8,1:33.6,40.0,7-7-7-7,2,437,-2
2022/07/19,浦和,8,Ｃ３七 八 九,1400,ダ,左,稍重,曇,9,5,5,ニシノシロフネ,牡,5,56.0,479,-1,國分祐,冨田敏,,9,1:36.6,42.4,8-9-9-9,9,479,-1
2022/07/19,浦和,9,Ｃ１五,1400,ダ,左,稍重,曇,12,2,2,パンドラフォンテン,牝,8,54.0,454,-9,山口達,玉井昇,,1,1:29.5,38.4,11-11-10-9,12,454,-9
2022/07/19,浦和,9,Ｃ１五,1400,ダ,左,稍重,曇,12,8,12,ログハウス,牝,7,54.0,492,-8,川島正,平山真,,2,1:29.8,37.9,12-12-12-12,6,492,-8
2022/07/19,浦和,9,Ｃ１五,1400,ダ,左,稍重,曇,12,6,8,ピノタージュ,牝,5,54.0,456,-12,橋本直,内野健,,3,1:29.8,39.9,4-3-3-2,11,456,-12
2022/07/19,浦和,9,Ｃ１五,1400,ダ,左,稍重,曇,12,7,10,スティールマドンナ,牝,4,52.0,459,-11,菅原涼,藤原智,,4,1:29.9,40.2,1-1-1-1,3,459,-11
2022/07/19,浦和,9,Ｃ１五,1400,ダ,左,稍重,曇,12,7,9,オウケンアマゾネス,牝,5,53.0,456,5,七夕裕,工藤伸,,5,1:30.1,39.4,7-7-7-7,1,456,5
2022/07/19,浦和,9,Ｃ１五,1400,ダ,左,稍重,曇,12,4,4,スーパーローズ,牝,5,54.0,474,7,吉留孝,野口孝,,6,1:30.2,39.4,10-10-8-6,7,474,7
2022/07/19,浦和,9,Ｃ１五,1400,ダ,左,稍重,曇,12,1,1,マスクドサムライ,牡,3,52.0,469,-5,室陽一,藤原智,,7,1:30.5,39.5,9-8-11-11,9,469,-5
2022/07/19,浦和,9,Ｃ１五,1400,ダ,左,稍重,曇,12,3,3,アルバリ,牡,7,56.0,435,-6,秋元耕,箕輪武,,8,1:30.6,39.8,8-9-9-10,4,435,-6
2022/07/19,浦和,9,Ｃ１五,1400,ダ,左,稍重,曇,12,5,6,ヘーベー,牝,4,54.0,471,4,和田譲,宇野博,,9,1:30.8,40.4,3-6-5-3,5,471,4
2022/07/19,浦和,9,Ｃ１五,1400,ダ,左,稍重,曇,12,5,5,カイレイダディ,牡,4,56.0,513,6,半澤慶,水野貴,,10,1:31.3,41.6,2-2-2-4,8,513,6
2022/07/19,浦和,9,Ｃ１五,1400,ダ,左,稍重,曇,12,6,7,ゲンパチノーブル,牝,5,54.0,446,1,本田重,矢内博,,11,1:31.3,40.9,5-5-6-5,2,446,1
2022/07/19,浦和,9,Ｃ１五,1400,ダ,左,稍重,曇,12,8,11,ホワイトスズラン,牝,3,53.0,419,-2,篠谷葵,山越光,,12,1:31.4,41.1,6-4-4-8,10,419,-2
2022/07/19,浦和,10,盛夏特別Ｃ２二,1400,ダ,左,稍重,曇,11,8,11,ナツハヨル,牝,4,54.0,442,3,福原杏,横山保,,1,1:29.0,38.1,2-2-1-1,3,442,3
2022/07/19,浦和,10,盛夏特別Ｃ２二,1400,ダ,左,稍重,曇,11,2,2,クニノキラメキ,牡,4,56.0,482,3,森泰斗,小久智,,2,1:29.3,38.3,6-5-2-2,1,482,3
2022/07/19,浦和,10,盛夏特別Ｃ２二,1400,ダ,左,稍重,曇,11,3,3,デルマジザイ,牡,4,56.0,454,5,藤江渉,工藤伸,,3,1:29.6,38.3,4-4-4-3,2,454,5
2022/07/19,浦和,10,盛夏特別Ｃ２二,1400,ダ,左,稍重,曇,11,1,1,ミーティアカフェ,牝,4,54.0,479,0,内田利,箕輪武,,4,1:30.3,38.7,7-7-7-4,7,479,0
2022/07/19,浦和,10,盛夏特別Ｃ２二,1400,ダ,左,稍重,曇,11,6,7,プリトヴィツェ,牝,8,54.0,454,-3,篠谷葵,山下之,,5,1:30.7,38.8,9-9-9-8,4,454,-3
2022/07/19,浦和,10,盛夏特別Ｃ２二,1400,ダ,左,稍重,曇,11,4,4,メディアジャッカル,牝,4,54.0,442,1,秋元耕,内野健,,6,1:30.9,39.7,3-3-5-9,10,442,1
2022/07/19,浦和,10,盛夏特別Ｃ２二,1400,ダ,左,稍重,曇,11,5,5,ピノモラーン,牡,4,56.0,479,3,達城龍,野口孝,,7,1:31.2,39.6,5-6-8-7,8,479,3
2022/07/19,浦和,10,盛夏特別Ｃ２二,1400,ダ,左,稍重,曇,11,8,10,クウェンヤ,牝,4,54.0,405,0,町田直,工藤伸,,8,1:31.7,40.8,1-1-3-5,5,405,0
2022/07/19,浦和,10,盛夏特別Ｃ２二,1400,ダ,左,稍重,曇,11,7,8,ダイエービルベリー,牝,4,54.0,483,5,和田譲,酒井一,,9,1:31.8,40.2,8-8-6-6,6,483,5
2022/07/19,浦和,10,盛夏特別Ｃ２二,1400,ダ,左,稍重,曇,11,6,6,バロズレガシー,牡,4,53.0,468,-2,室陽一,酒井一,,10,1:32.5,39.0,10-10-10-10,9,468,-2
2022/07/19,浦和,10,盛夏特別Ｃ２二,1400,ダ,左,稍重,曇,11,7,9,イサチルダイチ,牡,6,56.0,506,2,張田昂,長谷忍,,,,,,,506,2
2022/07/19,浦和,11,朝顔特別Ｂ２三Ｂ３一,1500,ダ,左,稍重,曇,12,8,11,ジュネス,牝,5,53.0,485,5,本橋孝,小久智,,1,1:34.9,37.8,4-5-4-1,1,485,5
2022/07/19,浦和,11,朝顔特別Ｂ２三Ｂ３一,1500,ダ,左,稍重,曇,12,7,9,ヒロシゲペッパー,牡,5,55.0,495,-1,森泰斗,米谷康,,2,1:35.5,38.3,5-6-5-4,2,495,-1
2022/07/19,浦和,11,朝顔特別Ｂ２三Ｂ３一,1500,ダ,左,稍重,曇,12,4,4,ヨドノオーシャン,牡,6,55.0,453,2,張田昂,平山真,,3,1:36.1,39.2,2-2-2-3,4,453,2
2022/07/19,浦和,11,朝顔特別Ｂ２三Ｂ３一,1500,ダ,左,稍重,曇,12,2,2,ガンファイター,牡,6,55.0,520,-2,吉井章,藤原智,,4,1:36.5,39.7,1-1-1-2,3,520,-2
2022/07/19,浦和,11,朝顔特別Ｂ２三Ｂ３一,1500,ダ,左,稍重,曇,12,6,8,リョウガ,セ,0,56.0,432,-3,古岡勇,古澤悟,,5,1:36.5,37.0,10-10-10-8,10,432,-3
2022/07/19,浦和,11,朝顔特別Ｂ２三Ｂ３一,1500,ダ,左,稍重,曇,12,5,6,ジュンパッション,牡,7,57.0,478,8,山崎誠,小久智,,6,1:36.8,39.9,3-3-3-5,5,478,8
2022/07/19,浦和,11,朝顔特別Ｂ２三Ｂ３一,1500,ダ,左,稍重,曇,12,1,1,ナムラタイガー,牡,5,55.0,531,2,今野忠,水野貴,,7,1:37.4,40.0,6-4-6-6,6,531,2
2022/07/19,浦和,11,朝顔特別Ｂ２三Ｂ３一,1500,ダ,左,稍重,曇,12,6,7,ディーノランページ,牡,4,57.0,507,7,西啓太,小久智,,8,1:37.4,39.5,7-8-7-7,7,507,7
2022/07/19,浦和,11,朝顔特別Ｂ２三Ｂ３一,1500,ダ,左,稍重,曇,12,8,12,ルーアン,牝,6,55.0,497,2,和田譲,新井清,,9,1:37.5,38.5,8-9-9-9,8,497,2
2022/07/19,浦和,11,朝顔特別Ｂ２三Ｂ３一,1500,ダ,左,稍重,曇,12,3,3,タンクティーエー,牡,6,54.0,550,6,室陽一,宇野博,,10,1:38.2,38.4,12-12-11-11,9,550,6
2022/07/19,浦和,11,朝顔特別Ｂ２三Ｂ３一,1500,ダ,左,稍重,曇,12,7,10,ボマライン,セ,0,55.0,462,-6,福原杏,水野貴,,11,1:38.9,40.9,9-7-8-10,11,462,-6
2022/07/19,浦和,11,朝顔特別Ｂ２三Ｂ３一,1500,ダ,左,稍重,曇,12,5,5,サトノゴールド,セ,0,55.0,463,-1,秋元耕,小林真,,12,1:39.6,39.8,11-11-12-12,12,463,-1
2022/07/19,浦和,12,夏木立特別Ｃ１三,1400,ダ,左,稍重,曇,12,2,2,グッドボーイ,牡,3,55.0,476,-3,庄司大,張田京,,1,1:28.1,38.1,7-6-5-3,6,476,-3
2022/07/19,浦和,12,夏木立特別Ｃ１三,1400,ダ,左,稍重,曇,12,3,3,サンウェーコ,牡,6,56.0,506,-1,川島正,繁田健,,2,1:28.4,38.9,5-4-2-1,1,506,-1
2022/07/19,浦和,12,夏木立特別Ｃ１三,1400,ダ,左,稍重,曇,12,4,4,レナータ,牝,7,52.0,464,-3,菅原涼,藤原智,,3,1:29.0,39.6,2-2-1-2,4,464,-3
2022/07/19,浦和,12,夏木立特別Ｃ１三,1400,ダ,左,稍重,曇,12,5,6,コンアモーレ,牡,3,55.0,496,9,和田譲,宇野博,,4,1:29.6,38.2,10-10-8-8,7,496,9
2022/07/19,浦和,12,夏木立特別Ｃ１三,1400,ダ,左,稍重,曇,12,8,12,ティーファイブ,牡,3,55.0,465,1,岡田大,小久智,,5,1:29.6,39.8,3-3-6-5,2,465,1
2022/07/19,浦和,12,夏木立特別Ｃ１三,1400,ダ,左,稍重,曇,12,6,7,マイネルジェンマ,牡,6,56.0,494,-8,橋本直,内野健,,6,1:29.7,39.5,9-8-7-6,12,494,-8
2022/07/19,浦和,12,夏木立特別Ｃ１三,1400,ダ,左,稍重,曇,12,8,11,シェヴロンケリー,牝,3,50.0,438,-7,野畑凌,小澤宏,,7,1:30.0,40.3,6-5-4-4,5,438,-7
2022/07/19,浦和,12,夏木立特別Ｃ１三,1400,ダ,左,稍重,曇,12,7,9,ワンダーダイカネン,牡,5,56.0,496,-2,見越彬,鈴木勝,,8,1:30.5,38.9,11-11-11-10,8,496,-2
2022/07/19,浦和,12,夏木立特別Ｃ１三,1400,ダ,左,稍重,曇,12,7,10,ゴールドエース,牡,3,55.0,466,-1,達城龍,野口孝,,9,1:31.0,39.9,8-9-10-9,11,466,-1
2022/07/19,浦和,12,夏木立特別Ｃ１三,1400,ダ,左,稍重,曇,12,5,5,アナンクス,牡,5,56.0,482,-2,藤江渉,田邊陽,,10,1:31.5,39.6,12-12-12-11,9,482,-2
2022/07/19,浦和,12,夏木立特別Ｃ１三,1400,ダ,左,稍重,曇,12,1,1,エダマメ,牝,5,50.0,495,6,中島良,長谷忍,,11,1:32.1,42.7,1-1-3-7,10,495,6
2022/07/19,浦和,12,夏木立特別Ｃ１三,1400,ダ,左,稍重,曇,12,6,8,ゴッドゲーム,牡,3,55.0,510,8,森泰斗,小久智,,12,1:34.0,43.5,4-7-9-12,3,510,8
2022/07/20,浦和,1,ドリームチャレンジ２歳新馬ア,800,ダ,左,良,晴,6,4,4,アンジュルミエール,牝,2,54.0,0,0,森泰斗,小久智,,1,0:48.9,37.1,2-1,1,0,0
2022/07/20,浦和,1,ドリームチャレンジ２歳新馬ア,800,ダ,左,良,晴,6,6,6,ダンシングクライ,牝,2,54.0,0,0,吉留孝,藤原智,,1,0:48.9,37.0,3-1,5,0,0
2022/07/20,浦和,1,ドリームチャレンジ２歳新馬ア,800,ダ,左,良,晴,6,1,1,ツインプライム,牡,2,54.0,0,0,笹川翼,小澤宏,,3,0:48.9,36.3,5-4,2,0,0
2022/07/20,浦和,1,ドリームチャレンジ２歳新馬ア,800,ダ,左,良,晴,6,3,3,キミトユメヲカケル,牝,2,54.0,0,0,加藤和,長谷忍,,4,0:50.0,38.2,4-5,3,0,0
2022/07/20,浦和,1,ドリームチャレンジ２歳新馬ア,800,ダ,左,良,晴,6,2,2,ルヴァンモンスター,牡,2,54.0,0,0,福原杏,水野貴,,5,0:50.3,38.6,1-3,4,0,0
2022/07/20,浦和,1,ドリームチャレンジ２歳新馬ア,800,ダ,左,良,晴,6,5,5,アルウィキウィキ,牝,2,54.0,0,0,秋元耕,箕輪武,,6,0:50.6,38.2,6-6,6,0,0
2022/07/20,浦和,2,ランチタイムチャレンジ３歳六,1400,ダ,左,良,晴,9,8,8,エレダール,牡,3,56.0,449,-11,藤江渉,工藤伸,,1,1:30.5,37.5,2-2-1-1,2,449,-11
2022/07/20,浦和,2,ランチタイムチャレンジ３歳六,1400,ダ,左,良,晴,9,2,2,モリデンベル,牝,3,53.0,474,4,七夕裕,山越光,,2,1:30.8,37.7,3-3-2-2,1,474,4
2022/07/20,浦和,2,ランチタイムチャレンジ３歳六,1400,ダ,左,良,晴,9,7,7,テットアヴァンセ,牡,3,56.0,450,-2,岡村健,小林真,,3,1:32.6,39.2,4-5-4-3,3,450,-2
2022/07/20,浦和,2,ランチタイムチャレンジ３歳六,1400,ダ,左,良,晴,9,8,9,ルミマルヤ,牝,3,51.0,454,2,野畑凌,水野貴,,4,1:33.0,39.4,5-4-6-5,6,454,2
2022/07/20,浦和,2,ランチタイムチャレンジ３歳六,1400,ダ,左,良,晴,9,3,3,アストロメアリー,牝,3,50.0,396,-4,中島良,長谷忍,,5,1:33.3,39.6,7-6-5-6,8,396,-4
2022/07/20,浦和,2,ランチタイムチャレンジ３歳六,1400,ダ,左,良,晴,9,6,6,ビナフエ,牝,3,54.0,414,-9,森泰斗,水野貴,,6,1:33.7,40.9,1-1-3-4,4,414,-9
2022/07/20,浦和,2,ランチタイムチャレンジ３歳六,1400,ダ,左,良,晴,9,5,5,シェナハート,牝,3,51.0,413,-5,室陽一,冨田敏,,7,1:34.5,40.2,9-9-9-9,9,413,-5
2022/07/20,浦和,2,ランチタイムチャレンジ３歳六,1400,ダ,左,良,晴,9,1,1,サウンドウェリナ,牝,3,54.0,447,0,秋元耕,水野貴,,8,1:34.7,40.5,6-8-8-8,5,447,0
2022/07/20,浦和,2,ランチタイムチャレンジ３歳六,1400,ダ,左,良,晴,9,4,4,カラーレスマージン,牡,3,56.0,472,-7,半澤慶,宇野博,,9,1:35.2,41.4,8-7-7-7,7,472,-7
2022/07/20,浦和,3,３歳五,1400,ダ,左,良,晴,9,5,5,ニッショウアキラ,牡,3,56.0,435,6,藤江渉,酒井一,,1,1:30.6,39.7,1-1-1-1,1,435,6
2022/07/20,浦和,3,３歳五,1400,ダ,左,良,晴,9,8,9,ノースジラソーレ,牝,3,54.0,461,-2,加藤和,長谷忍,,2,1:31.5,39.1,7-8-7-5,3,461,-2
2022/07/20,浦和,3,３歳五,1400,ダ,左,良,晴,9,4,4,サキホコレ,牝,3,51.0,458,2,室陽一,宇野博,,3,1:31.8,39.7,5-5-4-3,5,458,2
2022/07/20,浦和,3,３歳五,1400,ダ,左,良,晴,9,8,8,ゴールドキングダム,牡,3,56.0,500,-3,見越彬,鹿沼和,,4,1:31.9,39.7,6-6-5-6,8,500,-3
2022/07/20,浦和,3,３歳五,1400,ダ,左,良,晴,9,6,6,ヤクライローズ,牝,3,54.0,443,2,橋本直,鹿沼和,,5,1:31.9,40.2,2-2-3-4,4,443,2
2022/07/20,浦和,3,３歳五,1400,ダ,左,良,晴,9,7,7,ステラセイコー,牝,3,54.0,439,-10,福原杏,水野貴,,6,1:32.4,40.9,3-3-2-2,7,439,-10
2022/07/20,浦和,3,３歳五,1400,ダ,左,良,晴,9,3,3,スターコマチ,牝,3,54.0,411,-5,秋元耕,小澤宏,,7,1:32.7,38.6,9-9-9-8,6,411,-5
2022/07/20,浦和,3,３歳五,1400,ダ,左,良,晴,9,2,2,グラナダフレイバー,牝,3,54.0,502,6,町田直,繁田健,,8,1:33.0,40.6,4-4-6-7,2,502,6
2022/07/20,浦和,3,３歳五,1400,ダ,左,良,晴,9,1,1,デュークキング,牡,3,56.0,435,0,寺島憂,水野貴,,9,1:33.7,40.8,8-7-8-9,9,435,0
2022/07/20,浦和,4,Ｃ３四 五 六,1400,ダ,左,良,晴,10,7,7,ピカレスクスマイル,牡,6,56.0,464,-2,増田充,佐々仁,,1,1:31.1,39.6,8-7-5-3,1,464,-2
2022/07/20,浦和,4,Ｃ３四 五 六,1400,ダ,左,良,晴,10,1,1,パーティーアニマル,牡,6,56.0,445,0,橋本直,牛房榮,,2,1:31.4,40.5,1-1-1-1,8,445,0
2022/07/20,浦和,4,Ｃ３四 五 六,1400,ダ,左,良,晴,10,5,5,サンライズテソロ,牡,4,53.0,445,0,新原周,川島豊,,3,1:31.6,38.8,10-10-10-8,5,445,0
2022/07/20,浦和,4,Ｃ３四 五 六,1400,ダ,左,良,晴,10,4,4,モーニングアップ,牝,4,54.0,459,-4,赤津和,川村守,,4,1:31.8,40.6,3-3-4-5,4,459,-4
2022/07/20,浦和,4,Ｃ３四 五 六,1400,ダ,左,良,晴,10,8,9,デリスブラン,牡,4,52.0,487,12,中島良,山越光,,5,1:31.8,40.6,5-4-3-4,6,487,12
2022/07/20,浦和,4,Ｃ３四 五 六,1400,ダ,左,良,晴,10,2,2,ニシノマリアージュ,牝,6,54.0,412,-5,岡田大,冨田敏,,6,1:31.8,40.8,2-2-2-2,3,412,-5
2022/07/20,浦和,4,Ｃ３四 五 六,1400,ダ,左,良,晴,10,8,10,セイウングラッパ,牡,7,56.0,448,-3,吉留孝,吉田正,,7,1:32.3,40.0,9-9-9-6,2,448,-3
2022/07/20,浦和,4,Ｃ３四 五 六,1400,ダ,左,良,晴,10,7,8,ホロシリダケ,セ,0,55.0,486,5,七夕裕,野口孝,,8,1:32.7,40.8,6-8-7-9,7,486,5
2022/07/20,浦和,4,Ｃ３四 五 六,1400,ダ,左,良,晴,10,6,6,ファーマスター,牝,4,54.0,433,-4,福原杏,川村守,,9,1:32.7,40.9,7-6-6-7,9,433,-4
2022/07/20,浦和,4,Ｃ３四 五 六,1400,ダ,左,良,晴,10,3,3,ギンサー,牡,4,56.0,472,3,寺島憂,小林真,,10,1:33.6,41.8,4-5-8-10,10,472,3
2022/07/20,浦和,5,Ｃ３四 五 六,1500,ダ,左,良,晴,9,2,2,ラブリーギャル,牝,6,54.0,486,-3,見越彬,海馬司,,1,1:38.1,41.1,2-2-2-1,2,486,-3
2022/07/20,浦和,5,Ｃ３四 五 六,1500,ダ,左,良,晴,9,6,6,シャイニングパール,牝,4,54.0,440,4,福原杏,工藤伸,,2,1:38.3,39.0,9-9-7-6,4,440,4
2022/07/20,浦和,5,Ｃ３四 五 六,1500,ダ,左,良,晴,9,8,9,シンライエトワール,牡,7,56.0,484,-9,秋元耕,水野貴,,3,1:38.3,41.1,3-3-3-3,1,484,-9
2022/07/20,浦和,5,Ｃ３四 五 六,1500,ダ,左,良,晴,9,3,3,サノチナ,牝,5,54.0,420,4,赤津和,川島豊,,4,1:38.9,41.3,4-4-4-4,7,420,4
2022/07/20,浦和,5,Ｃ３四 五 六,1500,ダ,左,良,晴,9,5,5,ラウズアップ,牡,6,56.0,418,-1,橋本直,牛房榮,,5,1:39.0,40.4,8-6-6-5,5,418,-1
2022/07/20,浦和,5,Ｃ３四 五 六,1500,ダ,左,良,晴,9,1,1,マウコウカミ,牝,4,53.0,473,1,七夕裕,藤原智,,6,1:39.1,40.9,5-5-5-7,6,473,1
2022/07/20,浦和,5,Ｃ３四 五 六,1500,ダ,左,良,晴,9,4,4,ユメノハジマリ,牝,6,51.0,477,1,室陽一,水野貴,,7,1:40.1,43.3,1-1-1-2,3,477,1
2022/07/20,浦和,5,Ｃ３四 五 六,1500,ダ,左,良,晴,9,7,7,セイウンブイワン,牡,4,56.0,454,14,國分祐,冨田敏,,8,1:40.7,41.8,6-8-9-8,9,454,14
2022/07/20,浦和,5,Ｃ３四 五 六,1500,ダ,左,良,晴,9,8,8,ルフトバローン,牝,4,54.0,458,3,岡田大,薮口一,,9,1:42.6,43.7,7-7-7-9,8,458,3
2022/07/20,浦和,6,Ｃ３四 五 六,1400,ダ,左,良,晴,10,3,3,ヤマジュンヒバナ,牝,5,51.0,456,1,室陽一,宇野博,,1,1:30.6,39.9,4-4-4-3,2,456,1
2022/07/20,浦和,6,Ｃ３四 五 六,1400,ダ,左,良,晴,10,6,6,モリデンテキーラ,牝,7,54.0,472,8,秋元耕,山越光,,2,1:31.3,41.0,1-2-1-1,3,472,8
2022/07/20,浦和,6,Ｃ３四 五 六,1400,ダ,左,良,晴,10,2,2,アークウィズ,牝,5,54.0,423,0,岡村健,武井和,,3,1:31.6,40.3,8-6-9-4,7,423,0
2022/07/20,浦和,6,Ｃ３四 五 六,1400,ダ,左,良,晴,10,7,8,キョウエイミーレス,牡,6,56.0,498,-10,笹川翼,内野健,,4,1:31.9,41.4,3-3-3-5,4,498,-10
2022/07/20,浦和,6,Ｃ３四 五 六,1400,ダ,左,良,晴,10,5,5,プランタンヴェール,牝,6,54.0,518,3,橋本直,平山真,,5,1:32.1,41.8,2-1-2-2,1,518,3
2022/07/20,浦和,6,Ｃ３四 五 六,1400,ダ,左,良,晴,10,8,10,シエスタキー,牡,5,56.0,501,4,山中悠,川村守,,6,1:32.1,41.4,5-5-5-7,6,501,4
2022/07/20,浦和,6,Ｃ３四 五 六,1400,ダ,左,良,晴,10,1,1,トラハト,牝,4,54.0,480,2,町田直,海馬司,,7,1:32.4,41.6,9-8-6-8,8,480,2
2022/07/20,浦和,6,Ｃ３四 五 六,1400,ダ,左,良,晴,10,4,4,アイノロマン,牝,4,54.0,474,0,岡田大,岡田一,,8,1:32.8,41.4,6-9-8-9,9,474,0
2022/07/20,浦和,6,Ｃ３四 五 六,1400,ダ,左,良,晴,10,8,9,レイリアン,牝,5,54.0,414,-1,國分祐,冨田敏,,9,1:33.6,42.4,7-7-7-6,10,414,-1
2022/07/20,浦和,6,Ｃ３四 五 六,1400,ダ,左,良,晴,10,7,7,コスモリカバリー,牡,4,56.0,523,35,篠谷葵,山越光,,10,1:34.5,40.9,10-10-10-10,5,523,35
2022/07/20,浦和,7,浦和８００ラウンドＣ２選抜馬イ,800,ダ,左,良,晴,11,8,10,クラフェニックス,牝,4,52.0,465,3,菅原涼,藤原智,,1,0:48.0,35.5,1-1,1,465,3
2022/07/20,浦和,7,浦和８００ラウンドＣ２選抜馬イ,800,ダ,左,良,晴,11,8,11,ピースリアン,牡,5,56.0,496,11,福原杏,横山保,,2,0:48.5,35.5,2-2,4,496,11
2022/07/20,浦和,7,浦和８００ラウンドＣ２選抜馬イ,800,ダ,左,良,晴,11,7,9,ゴープラチナム,牝,5,54.0,444,-4,張田昂,平山真,,3,0:48.8,35.9,3-4,5,444,-4
2022/07/20,浦和,7,浦和８００ラウンドＣ２選抜馬イ,800,ダ,左,良,晴,11,5,5,ベルセブンティーン,牝,4,51.0,499,18,室陽一,小久智,,4,0:48.8,36.1,5-5,2,499,18
2022/07/20,浦和,7,浦和８００ラウンドＣ２選抜馬イ,800,ダ,左,良,晴,11,2,2,スターシード,牡,7,56.0,494,4,櫻井光,酒井一,,5,0:49.3,36.3,7-6,10,494,4
2022/07/20,浦和,7,浦和８００ラウンドＣ２選抜馬イ,800,ダ,左,良,晴,11,1,1,シルヴァーイーグル,牡,6,56.0,538,1,藤江渉,岡田一,,6,0:49.3,36.4,4-3,7,538,1
2022/07/20,浦和,7,浦和８００ラウンドＣ２選抜馬イ,800,ダ,左,良,晴,11,7,8,ニシノイルマーレ,牝,4,54.0,497,-3,岡田大,冨田敏,,7,0:49.3,36.1,8-7,9,497,-3
2022/07/20,浦和,7,浦和８００ラウンドＣ２選抜馬イ,800,ダ,左,良,晴,11,6,7,カゲカツ,牡,8,56.0,518,2,橋本直,長谷忍,,8,0:49.4,36.5,6-8,3,518,2
2022/07/20,浦和,7,浦和８００ラウンドＣ２選抜馬イ,800,ダ,左,良,晴,11,3,3,ファンファン,牡,5,56.0,457,4,赤津和,箕輪武,,9,0:49.5,36.1,10-9,11,457,4
2022/07/20,浦和,7,浦和８００ラウンドＣ２選抜馬イ,800,ダ,左,良,晴,11,4,4,コスモパラティーナ,牡,4,56.0,516,-3,岡村健,宇野博,,10,0:49.8,36.1,11-10,6,516,-3
2022/07/20,浦和,7,浦和８００ラウンドＣ２選抜馬イ,800,ダ,左,良,晴,11,6,6,ラブリースマッシュ,牝,7,54.0,478,0,吉留孝,薮口一,,11,0:50.3,37.3,9-11,8,478,0
2022/07/20,浦和,8,浦和８００ラウンドＣ２選抜馬ア,800,ダ,左,良,晴,10,4,4,シゲルアパライト,牡,6,56.0,482,1,福原杏,横山保,,1,0:48.3,35.8,3-2,2,482,1
2022/07/20,浦和,8,浦和８００ラウンドＣ２選抜馬ア,800,ダ,左,良,晴,10,5,5,マイネルリベラル,セ,0,56.0,478,-2,岡村裕,新井健,,2,0:48.4,35.9,4-3,9,478,-2
2022/07/20,浦和,8,浦和８００ラウンドＣ２選抜馬ア,800,ダ,左,良,晴,10,8,9,キモンシャイン,牝,4,54.0,446,5,達城龍,工藤伸,,3,0:48.8,35.7,7-4,3,446,5
2022/07/20,浦和,8,浦和８００ラウンドＣ２選抜馬ア,800,ダ,左,良,晴,10,8,10,カラドボルグ,牡,4,56.0,492,1,岡田大,牛房榮,,4,0:48.8,36.7,1-1,5,492,1
2022/07/20,浦和,8,浦和８００ラウンドＣ２選抜馬ア,800,ダ,左,良,晴,10,6,6,ボルドーヴェルチュ,牝,5,51.0,449,3,新原周,武井和,,5,0:48.9,36.0,6-6,7,449,3
2022/07/20,浦和,8,浦和８００ラウンドＣ２選抜馬ア,800,ダ,左,良,晴,10,7,7,ジュニパーダンス,牝,4,54.0,449,6,町田直,海馬司,,6,0:49.1,36.1,8-7,6,449,6
2022/07/20,浦和,8,浦和８００ラウンドＣ２選抜馬ア,800,ダ,左,良,晴,10,7,8,レコパントモチャン,牝,4,51.0,520,1,室陽一,岡田一,,7,0:49.5,35.9,9-8,10,520,1
2022/07/20,浦和,8,浦和８００ラウンドＣ２選抜馬ア,800,ダ,左,良,晴,10,1,1,スプリングローズ,牝,4,50.0,462,11,中島良,小久智,,8,0:49.7,37.5,2-5,1,462,11
2022/07/20,浦和,8,浦和８００ラウンドＣ２選抜馬ア,800,ダ,左,良,晴,10,3,3,レインボーカラー,牝,4,52.0,517,11,菅原涼,藤原智,,9,0:50.0,36.6,10-9,8,517,11
2022/07/20,浦和,8,浦和８００ラウンドＣ２選抜馬ア,800,ダ,左,良,晴,10,2,2,ラヴィンツァラ,牝,5,53.0,474,11,七夕裕,平山真,,,,,5-10,4,474,11
2022/07/20,浦和,9,ウインドベル特別Ｃ１二,1500,ダ,左,良,晴,9,3,3,ロッソアモーレ,牝,5,51.0,469,2,木間龍,矢野義,,1,1:35.5,39.1,3-3-3-2,1,469,2
2022/07/20,浦和,9,ウインドベル特別Ｃ１二,1500,ダ,左,良,晴,9,8,8,ジェフリー,牡,4,56.0,459,-9,森泰斗,薮口一,,2,1:36.1,39.4,6-6-5-5,5,459,-9
2022/07/20,浦和,9,ウインドベル特別Ｃ１二,1500,ダ,左,良,晴,9,7,7,ワンダークラドート,牡,5,56.0,475,0,橋本直,鈴木勝,,3,1:36.2,40.0,4-4-2-3,4,475,0
2022/07/20,浦和,9,ウインドベル特別Ｃ１二,1500,ダ,左,良,晴,9,2,2,ダテノライトニング,牝,7,54.0,485,11,和田譲,野口孝,,4,1:36.3,40.5,1-1-1-1,9,485,11
2022/07/20,浦和,9,ウインドベル特別Ｃ１二,1500,ダ,左,良,晴,9,6,6,ジオパークマグマ,牡,4,56.0,460,5,加藤和,川島豊,,5,1:36.4,39.5,8-8-4-4,7,460,5
2022/07/20,浦和,9,ウインドベル特別Ｃ１二,1500,ダ,左,良,晴,9,5,5,コスモビートイット,牡,5,56.0,507,2,藤江渉,川島豊,,6,1:37.2,38.7,9-9-9-8,6,507,2
2022/07/20,浦和,9,ウインドベル特別Ｃ１二,1500,ダ,左,良,晴,9,4,4,メイストーム,牡,4,56.0,494,-12,福原杏,水野貴,,7,1:37.4,40.5,7-7-7-6,8,494,-12
2022/07/20,浦和,9,ウインドベル特別Ｃ１二,1500,ダ,左,良,晴,9,1,1,シバノトロフェオ,牡,4,56.0,518,1,町田直,宇野博,,8,1:39.1,42.4,5-5-5-7,3,518,1
2022/07/20,浦和,9,ウインドベル特別Ｃ１二,1500,ダ,左,良,晴,9,8,9,トーセンシュシュ,牝,3,53.0,492,16,吉留孝,小久智,,9,1:44.2,47.6,2-2-8-9,2,492,16
2022/07/20,浦和,10,夏帽子特別Ｂ３二,1500,ダ,左,良,晴,11,2,2,ミエノハヤブサ,セ,0,56.0,488,2,森泰斗,小澤宏,,1,1:35.2,38.6,4-4-2-1,1,488,2
2022/07/20,浦和,10,夏帽子特別Ｂ３二,1500,ダ,左,良,晴,11,3,3,ソフィアバローズ,牝,5,54.0,443,2,加藤和,川島豊,,2,1:35.5,38.7,3-3-4-2,4,443,2
2022/07/20,浦和,10,夏帽子特別Ｂ３二,1500,ダ,左,良,晴,11,6,7,レオステップアップ,牡,7,56.0,497,-2,岡村健,岡林光,,3,1:35.7,37.7,9-9-7-5,5,497,-2
2022/07/20,浦和,10,夏帽子特別Ｂ３二,1500,ダ,左,良,晴,11,7,8,リンクスショウ,牡,4,56.0,477,-14,澤田龍,渡邊貴,,4,1:36.2,39.4,5-5-3-3,2,477,-14
2022/07/20,浦和,10,夏帽子特別Ｂ３二,1500,ダ,左,良,晴,11,8,10,バトードラムール,牝,7,54.0,473,-3,張田昂,小澤宏,,5,1:36.3,38.4,10-10-9-6,3,473,-3
2022/07/20,浦和,10,夏帽子特別Ｂ３二,1500,ダ,左,良,晴,11,4,4,アイエンジェル,牝,5,53.0,493,1,七夕裕,岡田一,,6,1:36.6,38.7,8-8-8-8,11,493,1
2022/07/20,浦和,10,夏帽子特別Ｂ３二,1500,ダ,左,良,晴,11,8,11,マナーザマジック,牡,5,56.0,459,0,見越彬,野口孝,,7,1:36.7,39.4,6-6-6-6,9,459,0
2022/07/20,浦和,10,夏帽子特別Ｂ３二,1500,ダ,左,良,晴,11,5,5,シェナブライト,牡,4,56.0,517,-6,内田利,山越光,,8,1:37.0,41.2,1-1-1-4,8,517,-6
2022/07/20,浦和,10,夏帽子特別Ｂ３二,1500,ダ,左,良,晴,11,1,1,ツエンダー,牡,4,56.0,469,-4,町田直,山崎尋,,9,1:37.5,39.7,7-7-10-10,6,469,-4
2022/07/20,浦和,10,夏帽子特別Ｂ３二,1500,ダ,左,良,晴,11,7,9,チェスナットドレス,牝,5,54.0,457,-6,秋元耕,冨田敏,,10,1:37.7,38.5,11-11-11-11,10,457,-6
2022/07/20,浦和,10,夏帽子特別Ｂ３二,1500,ダ,左,良,晴,11,6,6,リッチアロマ,牝,4,51.0,453,9,室陽一,水野貴,,11,1:39.1,42.7,2-2-5-9,7,453,9
2022/07/20,浦和,11,プラチナカップ３上オープン,1400,ダ,左,良,晴,10,6,6,ティーズダンク,牡,5,58.0,514,1,和田譲,水野貴,,1,1:26.2,38.3,5-3-3-1,1,514,1
2022/07/20,浦和,11,プラチナカップ３上オープン,1400,ダ,左,良,晴,10,7,7,ワールドリング,牡,4,58.0,504,-2,張田昂,張田京,,2,1:26.4,37.5,9-9-9-5,7,504,-2
2022/07/20,浦和,11,プラチナカップ３上オープン,1400,ダ,左,良,晴,10,8,10,フィールドセンス,牡,8,58.0,537,-23,本橋孝,山下之,,3,1:27.0,38.4,8-8-7-4,9,537,-23
2022/07/20,浦和,11,プラチナカップ３上オープン,1400,ダ,左,良,晴,10,8,9,ベストマッチョ,セ,0,58.0,495,5,御神訓,佐々仁,,4,1:27.2,39.5,2-2-2-2,5,495,5
2022/07/20,浦和,11,プラチナカップ３上オープン,1400,ダ,左,良,晴,10,4,4,リネンファッション,牝,5,56.0,457,3,町田直,川村守,,5,1:27.4,37.7,10-10-10-9,6,457,3
2022/07/20,浦和,11,プラチナカップ３上オープン,1400,ダ,左,良,晴,10,2,2,ワイドファラオ,牡,6,58.0,512,-5,真島大,森下淳,,6,1:27.7,39.1,7-7-6-7,2,512,-5
2022/07/20,浦和,11,プラチナカップ３上オープン,1400,ダ,左,良,晴,10,5,5,アマネラクーン,牡,5,58.0,512,-3,森泰斗,小久智,,7,1:27.7,39.3,6-6-5-8,3,512,-3
2022/07/20,浦和,11,プラチナカップ３上オープン,1400,ダ,左,良,晴,10,3,3,アンティノウス,セ,0,58.0,530,3,本田重,藤田輝,,8,1:28.3,40.3,4-5-4-6,8,530,3
2022/07/20,浦和,11,プラチナカップ３上オープン,1400,ダ,左,良,晴,10,1,1,プレシャスエース,牡,9,58.0,522,-3,橋本直,小久智,,9,1:28.9,41.5,1-1-1-3,10,522,-3
2022/07/20,浦和,11,プラチナカップ３上オープン,1400,ダ,左,良,晴,10,7,8,リコーシンザン,牡,4,54.0,491,8,笹川翼,久保秀,,10,1:32.1,43.7,3-4-8-10,4,491,8
2022/07/20,浦和,12,夏の空特別Ｃ２選抜馬,2000,ダ,左,良,晴,11,7,8,オワゾードール,牡,7,56.0,489,4,和田譲,新井清,,1,2:12.2,39.7,4-3-1-1,7,489,4
2022/07/20,浦和,12,夏の空特別Ｃ２選抜馬,2000,ダ,左,良,晴,11,5,5,フェルカド,牡,5,56.0,482,0,秋元耕,野口孝,,2,2:13.4,40.2,7-7-8-6,10,482,0
2022/07/20,浦和,12,夏の空特別Ｃ２選抜馬,2000,ダ,左,良,晴,11,6,6,マイネルエポレット,牡,6,56.0,493,-9,橋本直,平山真,,3,2:13.5,40.5,10-10-4-3,5,493,-9
2022/07/20,浦和,12,夏の空特別Ｃ２選抜馬,2000,ダ,左,良,晴,11,1,1,アイスバーグアリー,牝,6,54.0,443,3,岡村健,平山真,,4,2:13.8,40.9,5-5-3-4,1,443,3
2022/07/20,浦和,12,夏の空特別Ｃ２選抜馬,2000,ダ,左,良,晴,11,4,4,ソウヤミサキ,牝,4,54.0,457,1,福原杏,岡田一,,5,2:13.8,40.5,8-8-9-7,3,457,1
2022/07/20,浦和,12,夏の空特別Ｃ２選抜馬,2000,ダ,左,良,晴,11,2,2,ウインジュノー,牝,4,54.0,518,-6,半澤慶,川島豊,,6,2:14.0,41.0,6-6-5-5,9,518,-6
2022/07/20,浦和,12,夏の空特別Ｃ２選抜馬,2000,ダ,左,良,晴,11,7,9,ゴールドキャスト,牝,9,51.0,431,-2,室陽一,吉田正,,7,2:14.1,40.8,9-9-10-9,11,431,-2
2022/07/20,浦和,12,夏の空特別Ｃ２選抜馬,2000,ダ,左,良,晴,11,3,3,カナディアンロブ,牡,5,56.0,515,-14,藤本現,田島寿,,8,2:14.1,40.5,11-11-11-10,6,515,-14
2022/07/20,浦和,12,夏の空特別Ｃ２選抜馬,2000,ダ,左,良,晴,11,8,11,シナノジャングル,牡,4,55.0,479,-1,七夕裕,岡田一,,9,2:14.2,41.9,1-1-2-2,8,479,-1
2022/07/20,浦和,12,夏の空特別Ｃ２選抜馬,2000,ダ,左,良,晴,11,8,10,カントリーロード,牡,9,56.0,465,-9,張田昂,小久智,,10,2:15.5,42.6,3-4-6-8,4,465,-9
2022/07/20,浦和,12,夏の空特別Ｃ２選抜馬,2000,ダ,左,良,晴,11,6,7,ベイビーアッシュ,牡,4,56.0,537,3,笹川翼,小澤宏,,11,2:15.5,42.8,2-2-7-11,2,537,3
2022/07/21,浦和,1,２歳二,1400,ダ,左,良,晴,11,6,6,ワールドバトル,牡,2,54.0,484,10,町田直,繁田健,,1,1:32.9,39.1,6-6-5-2,2,484,10
2022/07/21,浦和,1,２歳二,1400,ダ,左,良,晴,11,7,9,スマイルマハロ,牡,2,54.0,488,7,見越彬,宇野博,,2,1:33.3,40.3,4-4-3-3,8,488,7
2022/07/21,浦和,1,２歳二,1400,ダ,左,良,晴,11,6,7,キックアス,牡,2,50.0,428,-1,中島良,海馬司,,3,1:33.7,39.5,10-8-8-6,4,428,-1
2022/07/21,浦和,1,２歳二,1400,ダ,左,良,晴,11,2,2,シェナストーン,牡,2,54.0,440,-5,秋元耕,吉田正,,4,1:33.8,40.6,5-5-4-5,5,440,-5
2022/07/21,浦和,1,２歳二,1400,ダ,左,良,晴,11,8,11,タカイチスイート,牝,2,54.0,491,8,森泰斗,薮口一,,5,1:33.9,41.4,1-1-1-1,1,491,8
2022/07/21,浦和,1,２歳二,1400,ダ,左,良,晴,11,4,4,イイガネ,牝,2,54.0,451,-4,加藤和,酒井一,,6,1:34.2,41.6,2-2-2-4,3,451,-4
2022/07/21,浦和,1,２歳二,1400,ダ,左,良,晴,11,7,8,ユウユウプレシャス,牝,2,51.0,397,-4,室陽一,横山保,,7,1:34.3,40.1,8-9-7-7,9,397,-4
2022/07/21,浦和,1,２歳二,1400,ダ,左,良,晴,11,3,3,カシノクインダム,牝,2,53.0,451,-2,七夕裕,鹿沼和,,8,1:35.8,42.4,3-3-6-8,7,451,-2
2022/07/21,浦和,1,２歳二,1400,ダ,左,良,晴,11,5,5,シェナカレン,牡,2,54.0,447,-4,吉留孝,山越光,,9,1:36.1,41.9,7-7-9-9,6,447,-4
2022/07/21,浦和,1,２歳二,1400,ダ,左,良,晴,11,1,1,ミルクキャラメル,牝,2,54.0,425,5,半澤慶,平山真,,10,1:39.3,44.5,9-10-10-10,11,425,5
2022/07/21,浦和,1,２歳二,1400,ダ,左,良,晴,11,8,10,シェナアメリ,牡,2,54.0,458,7,内田利,吉田正,,11,1:39.7,43.7,11-11-11-11,10,458,7
2022/07/21,浦和,2,ランチタイムチャレンジ３歳八,1400,ダ,左,良,晴,7,5,5,メラスクリオス,牝,3,54.0,457,7,和田譲,宇野博,,1,1:31.2,39.2,1-1-1-1,1,457,7
2022/07/21,浦和,2,ランチタイムチャレンジ３歳八,1400,ダ,左,良,晴,7,7,7,イデアグリーン,牝,3,54.0,429,-9,川島正,岡田一,,2,1:32.4,40.3,2-2-2-2,2,429,-9
2022/07/21,浦和,2,ランチタイムチャレンジ３歳八,1400,ダ,左,良,晴,7,3,3,シェナマジック,牡,3,56.0,440,-2,寺島憂,水野貴,,3,1:33.0,40.1,6-7-4-4,4,440,-2
2022/07/21,浦和,2,ランチタイムチャレンジ３歳八,1400,ダ,左,良,晴,7,4,4,エスケイキャサリン,牝,3,54.0,457,4,岡田大,薮口一,,4,1:33.1,40.8,4-4-3-3,5,457,4
2022/07/21,浦和,2,ランチタイムチャレンジ３歳八,1400,ダ,左,良,晴,7,6,6,マリンペガサス,牡,3,55.0,449,1,七夕裕,小林真,,5,1:36.1,42.7,5-5-7-7,7,449,1
2022/07/21,浦和,2,ランチタイムチャレンジ３歳八,1400,ダ,左,良,晴,7,1,1,キャラメルージュ,牝,3,54.0,424,-2,橋本直,牛房榮,,6,1:36.8,43.9,3-3-6-5,6,424,-2
2022/07/21,浦和,2,ランチタイムチャレンジ３歳八,1400,ダ,左,良,晴,7,2,2,ヒナマル,牝,3,50.0,424,10,中島良,長谷忍,,7,1:37.9,45.0,7-6-5-6,3,424,10
2022/07/21,浦和,3,３歳七,1400,ダ,左,良,晴,9,8,8,アキノポエム,牝,3,54.0,444,-4,本橋孝,小久智,,1,1:31.3,40.4,2-2-1-1,2,444,-4
2022/07/21,浦和,3,３歳七,1400,ダ,左,良,晴,9,4,4,セイエイセンヌ,牝,3,54.0,446,2,藤江渉,箕輪武,,2,1:31.7,39.8,6-6-6-3,4,446,2
2022/07/21,浦和,3,３歳七,1400,ダ,左,良,晴,9,3,3,アクナキチョウセン,牡,3,56.0,439,4,笹川翼,宇野博,,3,1:32.2,41.0,5-5-2-2,7,439,4
2022/07/21,浦和,3,３歳七,1400,ダ,左,良,晴,9,1,1,ナイフレスト,牝,3,54.0,434,8,岡田大,藤原智,,4,1:32.5,39.9,8-8-8-5,6,434,8
2022/07/21,浦和,3,３歳七,1400,ダ,左,良,晴,9,2,2,プリマリー,牝,3,54.0,440,0,福原杏,水野貴,,5,1:33.2,42.1,3-3-3-4,1,440,0
2022/07/21,浦和,3,３歳七,1400,ダ,左,良,晴,9,6,6,サリヴァン,牝,3,54.0,453,11,和田譲,小澤宏,,6,1:34.2,42.2,7-7-7-6,5,453,11
2022/07/21,浦和,3,３歳七,1400,ダ,左,良,晴,9,8,9,セピアムーン,牝,3,54.0,406,0,赤津和,箕輪武,,7,1:35.6,44.3,4-4-5-7,8,406,0
2022/07/21,浦和,3,３歳七,1400,ダ,左,良,晴,9,5,5,ディラック,牡,3,56.0,451,10,森泰斗,小澤宏,,8,1:36.0,41.2,9-9-9-9,3,451,10
2022/07/21,浦和,3,３歳七,1400,ダ,左,良,晴,9,7,7,ミキノケショウバコ,牝,3,54.0,482,12,吉留孝,平山真,,9,1:36.5,45.6,1-1-4-8,9,482,12
2022/07/21,浦和,4,浦和８００ラウンド３歳選抜馬,800,ダ,左,良,晴,12,2,2,エイムダウンサイト,牡,3,56.0,484,1,笹川翼,小久智,,1,0:47.8,35.5,1-1,3,484,1
2022/07/21,浦和,4,浦和８００ラウンド３歳選抜馬,800,ダ,左,良,晴,12,1,1,キセガワ,牝,3,54.0,457,9,加藤和,長谷忍,,2,0:47.9,35.3,3-3,7,457,9
2022/07/21,浦和,4,浦和８００ラウンド３歳選抜馬,800,ダ,左,良,晴,12,6,7,アイカーニバル,牝,3,54.0,482,-6,吉留孝,岡田一,,3,0:48.4,36.0,2-2,2,482,-6
2022/07/21,浦和,4,浦和８００ラウンド３歳選抜馬,800,ダ,左,良,晴,12,7,9,エンタクノキシ,牡,3,56.0,477,-4,山崎誠,藤原智,,4,0:48.5,35.1,8-8,5,477,-4
2022/07/21,浦和,4,浦和８００ラウンド３歳選抜馬,800,ダ,左,良,晴,12,5,6,カシノリカバリー,牝,3,54.0,470,0,和田譲,野口寛,,5,0:48.6,35.4,7-4,10,470,0
2022/07/21,浦和,4,浦和８００ラウンド３歳選抜馬,800,ダ,左,良,晴,12,8,11,ユウユウピクニック,牝,3,54.0,408,-1,福原杏,横山保,,6,0:48.6,35.8,5-5,8,408,-1
2022/07/21,浦和,4,浦和８００ラウンド３歳選抜馬,800,ダ,左,良,晴,12,3,3,ガンコチャン,牝,3,53.0,478,0,七夕裕,岡田一,,7,0:48.6,36.0,4-7,1,478,0
2022/07/21,浦和,4,浦和８００ラウンド３歳選抜馬,800,ダ,左,良,晴,12,8,12,デルタラヴバレット,牡,3,56.0,445,-9,真島大,繁田健,,8,0:48.8,35.8,6-6,4,445,-9
2022/07/21,浦和,4,浦和８００ラウンド３歳選抜馬,800,ダ,左,良,晴,12,6,8,ネーレウス,牡,3,56.0,468,8,藤本現,酒井一,,9,0:48.9,35.3,9-9,6,468,8
2022/07/21,浦和,4,浦和８００ラウンド３歳選抜馬,800,ダ,左,良,晴,12,4,4,シェナコロネ,牝,3,54.0,490,15,岡田大,冨田敏,,10,0:50.0,36.4,11-10,11,490,15
2022/07/21,浦和,4,浦和８００ラウンド３歳選抜馬,800,ダ,左,良,晴,12,5,5,ノースショアガール,牝,3,54.0,453,3,秋元耕,工藤伸,,11,0:50.7,37.0,12-12,9,453,3
2022/07/21,浦和,4,浦和８００ラウンド３歳選抜馬,800,ダ,左,良,晴,12,7,10,ステファニー,牝,3,51.0,438,0,新原周,川村守,,12,0:50.9,37.3,10-11,12,438,0
2022/07/21,浦和,5,Ｃ３二 三,1400,ダ,左,良,晴,12,6,7,キョウエイレガード,牝,7,54.0,465,6,岡田大,吉田正,,1,1:31.0,39.3,10-9-5-4,4,465,6
2022/07/21,浦和,5,Ｃ３二 三,1400,ダ,左,良,晴,12,5,6,ワールドウィスラー,牡,5,56.0,454,2,秋元耕,吉田正,,2,1:31.0,39.3,7-7-7-5,8,454,2
2022/07/21,浦和,5,Ｃ３二 三,1400,ダ,左,良,晴,12,8,11,サマーボーイ,牡,7,56.0,495,-10,本橋孝,小久智,,3,1:31.3,40.8,5-3-3-2,1,495,-10
2022/07/21,浦和,5,Ｃ３二 三,1400,ダ,左,良,晴,12,1,1,セイウンスノー,牡,4,56.0,490,-1,張田昂,川島豊,,4,1:31.5,41.2,2-2-2-1,7,490,-1
2022/07/21,浦和,5,Ｃ３二 三,1400,ダ,左,良,晴,12,2,2,キミノナハ,牝,4,54.0,455,0,加藤和,長谷忍,,5,1:31.5,39.4,12-10-9-9,10,455,0
2022/07/21,浦和,5,Ｃ３二 三,1400,ダ,左,良,晴,12,7,9,ハクサンバレー,牝,5,54.0,430,5,小杉亮,森　始,,6,1:31.6,39.9,11-8-8-6,6,430,5
2022/07/21,浦和,5,Ｃ３二 三,1400,ダ,左,良,晴,12,7,10,ベニノエンゼル,牝,5,54.0,442,-9,見越彬,山越光,,7,1:32.3,40.9,6-6-6-8,12,442,-9
2022/07/21,浦和,5,Ｃ３二 三,1400,ダ,左,良,晴,12,6,8,サプライズギフト,牝,4,50.0,427,15,中島良,川島豊,,8,1:32.8,41.8,4-4-4-7,11,427,15
2022/07/21,浦和,5,Ｃ３二 三,1400,ダ,左,良,晴,12,8,12,ローズオブセイコー,牝,5,51.0,428,-1,室陽一,水野貴,,9,1:32.9,40.2,9-11-11-10,9,428,-1
2022/07/21,浦和,5,Ｃ３二 三,1400,ダ,左,良,晴,12,3,3,スズカシニック,牡,6,56.0,489,-2,橋本直,川村守,,10,1:33.1,43.0,1-1-1-3,3,489,-2
2022/07/21,浦和,5,Ｃ３二 三,1400,ダ,左,良,晴,12,4,4,ロタツィオーネ,セ,0,56.0,471,-6,吉留孝,野口孝,,11,1:33.7,40.8,8-12-12-11,2,471,-6
2022/07/21,浦和,5,Ｃ３二 三,1400,ダ,左,良,晴,12,5,5,イントゥザスカイ,牡,5,56.0,499,-6,櫻井光,八木喜,,,,,3-5-10-12,5,499,-6
2022/07/21,浦和,6,Ｃ３二 三,1500,ダ,左,良,晴,10,5,5,リュウノイノリ,牡,5,55.0,451,0,古岡勇,鹿沼和,,1,1:38.3,39.7,1-1-1-1,2,451,0
2022/07/21,浦和,6,Ｃ３二 三,1500,ダ,左,良,晴,10,2,2,スプリットエス,牡,8,56.0,509,4,張田昂,小久智,,2,1:38.8,39.8,4-4-4-3,1,509,4
2022/07/21,浦和,6,Ｃ３二 三,1500,ダ,左,良,晴,10,8,10,ベリリウンヌ,牝,4,53.0,426,0,七夕裕,海馬司,,3,1:38.8,40.1,2-2-2-2,5,426,0
2022/07/21,浦和,6,Ｃ３二 三,1500,ダ,左,良,晴,10,4,4,ミラクルゲート,牡,8,56.0,438,1,森泰斗,野口孝,,4,1:39.6,39.6,8-8-7-8,3,438,1
2022/07/21,浦和,6,Ｃ３二 三,1500,ダ,左,良,晴,10,6,6,カイジンビリーヴ,牡,4,56.0,519,-1,赤津和,牛房榮,,5,1:39.6,40.2,5-5-5-6,9,519,-1
2022/07/21,浦和,6,Ｃ３二 三,1500,ダ,左,良,晴,10,1,1,マリアフィナーレ,牝,5,54.0,445,-1,見越彬,小林真,,6,1:39.8,40.1,7-6-6-4,8,445,-1
2022/07/21,浦和,6,Ｃ３二 三,1500,ダ,左,良,晴,10,8,9,スプリングネージュ,牝,4,54.0,436,-7,福原杏,川村守,,7,1:39.8,39.9,6-7-8-7,4,436,-7
2022/07/21,浦和,6,Ｃ３二 三,1500,ダ,左,良,晴,10,7,7,ボルドーアラン,牡,4,53.0,508,3,室陽一,水野貴,,8,1:40.5,41.7,3-3-3-5,7,508,3
2022/07/21,浦和,6,Ｃ３二 三,1500,ダ,左,良,晴,10,7,8,ゴールドアクセル,牡,4,56.0,509,-7,秋元耕,鹿沼和,,9,1:41.2,40.2,10-10-9-9,6,509,-7
2022/07/21,浦和,6,Ｃ３二 三,1500,ダ,左,良,晴,10,3,3,ニシノカシン,牡,4,56.0,469,8,國分祐,冨田敏,,10,1:44.3,43.3,9-9-10-10,10,469,8
2022/07/21,浦和,7,Ｃ２六 七,1500,ダ,左,良,晴,10,5,5,アルティスタエース,牡,7,56.0,483,6,福原杏,繁田健,,1,1:36.8,39.3,2-2-1-1,1,483,6
2022/07/21,浦和,7,Ｃ２六 七,1500,ダ,左,良,晴,10,7,7,ヒゲクレイジー,セ,0,56.0,457,-1,石崎駿,酒井一,,2,1:38.0,39.5,8-8-4-2,3,457,-1
2022/07/21,浦和,7,Ｃ２六 七,1500,ダ,左,良,晴,10,3,3,フクノヴァランス,牡,7,56.0,472,-5,加藤和,川島豊,,3,1:38.1,39.5,5-6-6-4,6,472,-5
2022/07/21,浦和,7,Ｃ２六 七,1500,ダ,左,良,晴,10,8,9,ナムラキティー,牝,5,54.0,476,3,和田譲,小澤宏,,4,1:39.2,41.1,6-5-3-3,2,476,3
2022/07/21,浦和,7,Ｃ２六 七,1500,ダ,左,良,晴,10,7,8,イエローリボン,牝,5,54.0,465,3,内田利,藤原智,,5,1:39.7,42.2,1-1-2-5,5,465,3
2022/07/21,浦和,7,Ｃ２六 七,1500,ダ,左,良,晴,10,1,1,メイショウイヤサカ,牝,6,54.0,463,12,町田直,海馬司,,6,1:39.9,41.4,3-4-7-7,4,463,12
2022/07/21,浦和,7,Ｃ２六 七,1500,ダ,左,良,晴,10,8,10,セラフィム,牝,9,54.0,438,1,橋本直,海馬司,,7,1:40.0,41.9,4-3-5-6,9,438,1
2022/07/21,浦和,7,Ｃ２六 七,1500,ダ,左,良,晴,10,2,2,マスオ,牡,9,55.0,430,-3,七夕裕,野口孝,,8,1:40.4,41.2,7-7-8-8,8,430,-3
2022/07/21,浦和,7,Ｃ２六 七,1500,ダ,左,良,晴,10,6,6,ブルラッシュ,牡,5,56.0,483,-12,藤江渉,酒井一,,9,1:41.6,41.3,10-10-10-9,7,483,-12
2022/07/21,浦和,7,Ｃ２六 七,1500,ダ,左,良,晴,10,4,4,プロスペリティ,牝,6,54.0,471,10,國分祐,冨田敏,,10,1:41.6,41.9,9-9-9-10,10,471,10
2022/07/21,浦和,8,浦和ジョッキーズラウンドＣ３選抜馬,1400,ダ,左,良,曇,12,5,6,カミヤガルーラ,牡,4,56.5,464,-12,内田利,内野健,,1,1:31.0,39.8,8-6-2-2,2,464,-12
2022/07/21,浦和,8,浦和ジョッキーズラウンドＣ３選抜馬,1400,ダ,左,良,曇,12,8,12,トリテレイア,牝,6,53.0,414,-3,七夕裕,箕輪武,,2,1:31.1,39.6,6-8-4-3,3,414,-3
2022/07/21,浦和,8,浦和ジョッキーズラウンドＣ３選抜馬,1400,ダ,左,良,曇,12,6,7,ユウユウグリュック,牝,5,50.5,419,5,中島良,横山保,,3,1:31.3,40.5,1-1-1-1,6,419,5
2022/07/21,浦和,8,浦和ジョッキーズラウンドＣ３選抜馬,1400,ダ,左,良,曇,12,6,8,ショウイモン,牝,5,54.5,431,-6,秋元耕,内野健,,4,1:32.2,40.5,11-11-6-6,5,431,-6
2022/07/21,浦和,8,浦和ジョッキーズラウンドＣ３選抜馬,1400,ダ,左,良,曇,12,4,4,トーセンイヴ,牝,4,54.5,429,-8,半澤慶,酒井一,,5,1:32.7,41.2,9-9-5-5,9,429,-8
2022/07/21,浦和,8,浦和ジョッキーズラウンドＣ３選抜馬,1400,ダ,左,良,曇,12,5,5,オールドボンバー,牡,6,56.0,478,2,赤津和,横山保,,6,1:32.9,40.8,7-7-10-7,7,478,2
2022/07/21,浦和,8,浦和ジョッキーズラウンドＣ３選抜馬,1400,ダ,左,良,曇,12,8,11,リングボーイ,セ,0,56.0,423,-3,岡田大,水野貴,,7,1:33.0,41.8,5-5-3-4,1,423,-3
2022/07/21,浦和,8,浦和ジョッキーズラウンドＣ３選抜馬,1400,ダ,左,良,曇,12,7,9,マッシュブライト,牝,4,54.5,461,-3,加藤和,酒井一,,8,1:33.2,40.5,12-12-12-10,12,461,-3
2022/07/21,浦和,8,浦和ジョッキーズラウンドＣ３選抜馬,1400,ダ,左,良,曇,12,3,3,シンライトミー,牡,5,56.0,424,-5,寺島憂,水野貴,,9,1:33.4,41.5,10-10-9-8,10,424,-5
2022/07/21,浦和,8,浦和ジョッキーズラウンドＣ３選抜馬,1400,ダ,左,良,曇,12,1,1,リスキーウィスキー,牡,4,56.5,501,7,福原杏,山越光,,10,1:35.4,44.1,4-3-7-9,4,501,7
2022/07/21,浦和,8,浦和ジョッキーズラウンドＣ３選抜馬,1400,ダ,左,良,曇,12,7,10,ルア,牝,8,54.5,463,-7,橋本直,内野健,,11,1:35.9,44.7,2-2-8-11,8,463,-7
2022/07/21,浦和,8,浦和ジョッキーズラウンドＣ３選抜馬,1400,ダ,左,良,曇,12,2,2,ネオペトリコール,牝,4,54.0,398,-4,國分祐,酒井一,,12,1:37.9,46.0,3-4-11-12,11,398,-4
2022/07/21,浦和,9,Ｃ２六 七,1400,ダ,左,良,曇,11,3,3,ラストラフ,牝,5,51.0,512,12,新原周,林隆之,,1,1:31.2,39.4,2-1-1-1,3,512,12
2022/07/21,浦和,9,Ｃ２六 七,1400,ダ,左,良,曇,11,5,5,ルージュカプリス,牝,5,54.0,433,8,加藤和,長谷忍,,2,1:31.4,39.1,7-8-5-3,4,433,8
2022/07/21,浦和,9,Ｃ２六 七,1400,ダ,左,良,曇,11,8,10,ロードユリシス,セ,0,53.0,476,8,室陽一,長谷忍,,3,1:31.8,40.0,1-2-1-2,10,476,8
2022/07/21,浦和,9,Ｃ２六 七,1400,ダ,左,良,曇,11,2,2,ジョーカイ,牝,4,54.0,459,-16,笹川翼,小久智,,4,1:32.0,39.7,8-7-6-4,1,459,-16
2022/07/21,浦和,9,Ｃ２六 七,1400,ダ,左,良,曇,11,6,6,ダイバサファイア,牝,5,54.0,478,0,赤津和,箕輪武,,5,1:32.1,39.4,10-10-9-6,6,478,0
2022/07/21,浦和,9,Ｃ２六 七,1400,ダ,左,良,曇,11,1,1,コンバットマジック,牝,4,54.0,462,7,秋元耕,川島豊,,6,1:33.5,41.0,4-4-8-7,9,462,7
2022/07/21,浦和,9,Ｃ２六 七,1400,ダ,左,良,曇,11,7,8,エレガンスヘイロー,牝,7,54.0,476,-5,半澤慶,水野貴,,7,1:33.8,41.1,9-9-10-11,7,476,-5
2022/07/21,浦和,9,Ｃ２六 七,1400,ダ,左,良,曇,11,4,4,プリプリクインダム,牝,7,54.0,480,-7,篠谷葵,平山真,,8,1:34.1,42.0,5-6-7-9,5,480,-7
2022/07/21,浦和,9,Ｃ２六 七,1400,ダ,左,良,曇,11,7,9,ボビン,牝,6,51.0,443,9,野畑凌,内野健,,9,1:34.1,42.2,6-5-4-8,2,443,9
2022/07/21,浦和,9,Ｃ２六 七,1400,ダ,左,良,曇,11,6,7,シェナフウジン,牡,6,56.0,451,5,國分祐,冨田敏,,10,1:34.2,41.0,11-11-11-10,11,451,5
2022/07/21,浦和,9,Ｃ２六 七,1400,ダ,左,良,曇,11,8,11,セイウンミレイア,牝,5,54.0,470,-2,岡田大,冨田敏,,11,1:34.8,43.0,3-3-3-5,8,470,-2
2022/07/21,浦和,10,涼月特別Ｃ３一,1500,ダ,左,良,曇,12,6,8,ワンダーフェンリル,牡,4,56.0,515,-1,橋本直,鈴木勝,,1,1:37.7,39.8,1-1-1-1,5,515,-1
2022/07/21,浦和,10,涼月特別Ｃ３一,1500,ダ,左,良,曇,12,7,9,トレヴァー,牝,7,51.0,474,-2,野畑凌,八木喜,,2,1:37.7,38.5,6-7-6-2,3,474,-2
2022/07/21,浦和,10,涼月特別Ｃ３一,1500,ダ,左,良,曇,12,7,10,フリーズオプション,牡,6,56.0,480,2,吉留孝,薮口一,,3,1:38.3,39.7,7-5-5-5,1,480,2
2022/07/21,浦和,10,涼月特別Ｃ３一,1500,ダ,左,良,曇,12,1,1,リュウオウ,牡,6,53.0,468,-7,室陽一,宇野博,,4,1:38.5,40.3,4-4-4-4,4,468,-7
2022/07/21,浦和,10,涼月特別Ｃ３一,1500,ダ,左,良,曇,12,8,11,メイショウハヤナリ,牡,6,56.0,492,6,見越彬,藤原智,,5,1:38.8,40.8,3-3-3-6,9,492,6
2022/07/21,浦和,10,涼月特別Ｃ３一,1500,ダ,左,良,曇,12,3,3,エイシンビースト,牡,4,56.0,451,6,加藤和,薮口一,,6,1:39.3,39.1,8-8-8-7,7,451,6
2022/07/21,浦和,10,涼月特別Ｃ３一,1500,ダ,左,良,曇,12,8,12,ブルベアマイル,牡,5,55.0,457,7,七夕裕,岡田一,,7,1:39.4,41.5,2-2-2-3,8,457,7
2022/07/21,浦和,10,涼月特別Ｃ３一,1500,ダ,左,良,曇,12,4,4,ネオマティリアル,牡,5,56.0,479,7,秋元耕,小澤宏,,8,1:39.7,39.5,10-9-9-8,6,479,7
2022/07/21,浦和,10,涼月特別Ｃ３一,1500,ダ,左,良,曇,12,5,6,モンジロウ,牡,4,56.0,500,-6,藤江渉,水野貴,,9,1:40.1,39.4,12-11-11-9,11,500,-6
2022/07/21,浦和,10,涼月特別Ｃ３一,1500,ダ,左,良,曇,12,5,5,ジョーアヤメ,牝,4,50.0,453,2,中島良,小久智,,10,1:40.6,41.4,5-6-7-10,2,453,2
2022/07/21,浦和,10,涼月特別Ｃ３一,1500,ダ,左,良,曇,12,2,2,ミライヘノサイン,牝,9,54.0,452,0,福原杏,冨田敏,,11,1:40.8,40.3,9-10-10-11,10,452,0
2022/07/21,浦和,10,涼月特別Ｃ３一,1500,ダ,左,良,曇,12,6,7,エスカマリ,牝,4,54.0,450,-4,半澤慶,吉田正,,12,1:40.9,39.0,11-12-12-12,12,450,-4
2022/07/21,浦和,11,しらこばと賞Ａ２下,1500,ダ,左,良,曇,10,7,8,フクサングレート,牡,5,55.0,513,-5,和田譲,宇野博,,1,1:35.3,37.9,5-5-5-2,1,513,-5
2022/07/21,浦和,11,しらこばと賞Ａ２下,1500,ダ,左,良,曇,10,8,9,ウインプリンツ,牡,6,53.0,516,-1,吉留孝,平山真,,2,1:35.3,38.5,2-2-1-1,7,516,-1
2022/07/21,浦和,11,しらこばと賞Ａ２下,1500,ダ,左,良,曇,10,3,3,ダイリュウボーラー,牡,6,53.0,451,4,笹川翼,繁田健,,3,1:35.6,38.4,4-4-4-5,3,451,4
2022/07/21,浦和,11,しらこばと賞Ａ２下,1500,ダ,左,良,曇,10,6,6,コンセプト,牡,4,55.0,478,3,本橋孝,小久智,,4,1:35.7,37.9,7-7-7-6,2,478,3
2022/07/21,浦和,11,しらこばと賞Ａ２下,1500,ダ,左,良,曇,10,8,10,トーセンマルコ,牡,4,53.0,495,23,張田昂,小久智,,5,1:36.0,38.8,3-3-3-3,4,495,23
2022/07/21,浦和,11,しらこばと賞Ａ２下,1500,ダ,左,良,曇,10,2,2,バーナードループ,牡,5,57.0,530,4,福原杏,水野貴,,6,1:36.1,38.6,6-6-6-7,5,530,4
2022/07/21,浦和,11,しらこばと賞Ａ２下,1500,ダ,左,良,曇,10,4,4,ワグナーコーヴ,セ,0,55.0,454,1,岡村健,岡林光,,7,1:36.4,39.6,1-1-2-4,6,454,1
2022/07/21,浦和,11,しらこばと賞Ａ２下,1500,ダ,左,良,曇,10,7,7,パーソナルマキ,牡,9,54.0,492,-1,七夕裕,平山真,,8,1:36.4,38.4,9-9-8-9,9,492,-1
2022/07/21,浦和,11,しらこばと賞Ａ２下,1500,ダ,左,良,曇,10,5,5,エイシンボールディ,牡,6,50.0,459,12,室陽一,工藤伸,,9,1:36.6,38.5,8-8-9-8,10,459,12
2022/07/21,浦和,11,しらこばと賞Ａ２下,1500,ダ,左,良,曇,10,1,1,サバンナロード,セ,0,55.0,536,-7,町田直,海馬司,,10,1:37.1,38.5,10-10-10-10,8,536,-7
2022/07/21,浦和,12,相月特別Ｃ１一,1400,ダ,左,良,曇,11,7,9,コウユーラヴラヴ,牝,4,54.0,468,-1,町田直,宇野博,,1,1:28.4,38.0,3-3-3-2,1,468,-1
2022/07/21,浦和,12,相月特別Ｃ１一,1400,ダ,左,良,曇,11,6,7,ジョーレイラニ,牝,4,54.0,453,-1,本橋孝,小久智,,2,1:28.6,38.3,2-2-2-1,2,453,-1
2022/07/21,浦和,12,相月特別Ｃ１一,1400,ダ,左,良,曇,11,7,8,ダダダン,牡,3,55.0,462,2,山崎誠,岩本洋,,3,1:29.8,38.5,7-8-5-4,6,462,2
2022/07/21,浦和,12,相月特別Ｃ１一,1400,ダ,左,良,曇,11,4,4,スマイルキューティ,牝,4,54.0,498,4,橋本直,平山真,,4,1:30.3,40.2,1-1-1-3,4,498,4
2022/07/21,浦和,12,相月特別Ｃ１一,1400,ダ,左,良,曇,11,5,5,キャプチュード,牡,7,55.0,490,-1,古岡勇,鹿沼和,,5,1:30.3,38.6,11-11-8-8,5,490,-1
2022/07/21,浦和,12,相月特別Ｃ１一,1400,ダ,左,良,曇,11,2,2,ピンクローズ,牝,4,54.0,459,5,加藤和,宇野博,,6,1:30.5,38.8,10-9-9-7,9,459,5
2022/07/21,浦和,12,相月特別Ｃ１一,1400,ダ,左,良,曇,11,1,1,グーガルドリームズ,セ,0,56.0,486,-4,福原杏,水野貴,,7,1:31.0,39.1,9-10-11-10,3,486,-4
2022/07/21,浦和,12,相月特別Ｃ１一,1400,ダ,左,良,曇,11,8,11,スミトアンドチャー,牡,8,52.0,508,-13,中島良,川島豊,,8,1:31.1,40.5,5-4-4-5,10,508,-13
2022/07/21,浦和,12,相月特別Ｃ１一,1400,ダ,左,良,曇,11,8,10,ガマン,牡,5,56.0,468,-2,寺島憂,水野貴,,9,1:31.4,40.3,6-6-7-6,8,468,-2
2022/07/21,浦和,12,相月特別Ｃ１一,1400,ダ,左,良,曇,11,6,6,ブレイブウォリアー,セ,0,56.0,477,0,秋元耕,酒井一,,10,1:31.8,40.8,8-5-5-9,11,477,0
2022/07/21,浦和,12,相月特別Ｃ１一,1400,ダ,左,良,曇,11,3,3,シグラップリンリン,牝,7,51.0,447,0,室陽一,平山真,,11,1:33.1,41.7,4-7-10-11,7,447,0
2022/08/08,浦和,1,ドリームチャレンジ２歳新馬,800,ダ,左,良,晴,6,1,1,エスケイアイランド,牝,2,54.0,0,0,森泰斗,薮口一,,1,0:49.5,37.2,1-1,1,0,0
2022/08/08,浦和,1,ドリームチャレンジ２歳新馬,800,ダ,左,良,晴,6,3,3,ゴーゴームスメ,牝,2,54.0,0,0,見越彬,鹿沼和,,2,0:49.9,37.1,2-2,2,0,0
2022/08/08,浦和,1,ドリームチャレンジ２歳新馬,800,ダ,左,良,晴,6,4,4,シナノフローレンス,牝,2,54.0,0,0,秋元耕,岡田一,,3,0:50.3,37.1,3-3,3,0,0
2022/08/08,浦和,1,ドリームチャレンジ２歳新馬,800,ダ,左,良,晴,6,2,2,シェナカンザシ,牝,2,54.0,0,0,保園翔,山越光,,4,0:50.4,36.7,5-4,4,0,0
2022/08/08,浦和,1,ドリームチャレンジ２歳新馬,800,ダ,左,良,晴,6,6,6,ブラウンキングズ,牡,2,54.0,0,0,篠谷葵,山越光,,5,0:51.2,37.8,4-5,5,0,0
2022/08/08,浦和,1,ドリームチャレンジ２歳新馬,800,ダ,左,良,晴,6,5,5,シンライウイッシュ,牝,2,54.0,0,0,福原杏,水野貴,,6,0:53.4,39.2,6-6,6,0,0
2022/08/08,浦和,2,特選３歳二,1400,ダ,左,良,晴,8,3,3,ジャングルタキオン,牡,3,56.0,488,-8,森泰斗,野口孝,,1,1:30.0,40.2,2-1-1-1,2,488,-8
2022/08/08,浦和,2,特選３歳二,1400,ダ,左,良,晴,8,1,1,デーモン,牡,3,56.0,512,5,笹川翼,小久智,,2,1:30.1,40.0,5-3-3-2,1,512,5
2022/08/08,浦和,2,特選３歳二,1400,ダ,左,良,晴,8,6,6,パレルモフレイバー,牝,3,54.0,460,-7,西啓太,繁田健,,3,1:31.3,40.5,6-6-4-3,5,460,-7
2022/08/08,浦和,2,特選３歳二,1400,ダ,左,良,晴,8,7,7,バルストライク,牡,3,56.0,542,4,高橋利,玉井昇,,4,1:31.6,40.2,8-8-7-8,7,542,4
2022/08/08,浦和,2,特選３歳二,1400,ダ,左,良,晴,8,4,4,エトワールゴールド,牡,3,56.0,465,-7,保園翔,薮口一,,5,1:31.7,41.1,4-5-5-5,6,465,-7
2022/08/08,浦和,2,特選３歳二,1400,ダ,左,良,晴,8,2,2,ネーレウス,牡,3,56.0,460,-8,藤本現,酒井一,,6,1:32.0,40.6,7-7-8-6,8,460,-8
2022/08/08,浦和,2,特選３歳二,1400,ダ,左,良,晴,8,5,5,サマーデライト,牝,3,50.0,432,2,中島良,牛房榮,,7,1:32.4,42.6,1-2-2-4,4,432,2
2022/08/08,浦和,2,特選３歳二,1400,ダ,左,良,晴,8,8,8,ステルク,牡,3,56.0,463,-1,川島正,山田信,,8,1:32.5,42.1,3-4-6-7,3,463,-1
2022/08/08,浦和,3,Ｃ３十一 十二ウ,1400,ダ,左,良,晴,5,3,3,ユウユウリアン,牡,6,56.0,427,4,吉留孝,横山保,,1,1:32.6,39.9,3-4-3-2,1,427,4
2022/08/08,浦和,3,Ｃ３十一 十二ウ,1400,ダ,左,良,晴,5,4,4,パレスギガント,牡,6,55.0,473,-2,七夕裕,長谷忍,,2,1:32.6,40.5,2-2-1-1,2,473,-2
2022/08/08,浦和,3,Ｃ３十一 十二ウ,1400,ダ,左,良,晴,5,5,5,アールレアル,セ,0,52.0,447,-5,中島良,川村守,,3,1:34.0,40.7,5-5-5-5,5,447,-5
2022/08/08,浦和,3,Ｃ３十一 十二ウ,1400,ダ,左,良,晴,5,2,2,モズメイダン,牡,8,56.0,466,3,半澤慶,水野貴,,4,1:34.3,41.6,4-3-4-4,4,466,3
2022/08/08,浦和,3,Ｃ３十一 十二ウ,1400,ダ,左,良,晴,5,1,1,ニシノシノブ,牝,7,54.0,449,-9,秋元耕,吉田正,,5,1:34.3,42.2,1-1-2-3,3,449,-9
2022/08/08,浦和,4,Ｃ３十一 十二イ,1400,ダ,左,良,晴,6,6,6,ニシノサトル,牡,6,56.0,479,3,内田利,吉田正,,1,1:31.7,39.4,3-2-1-1,2,479,3
2022/08/08,浦和,4,Ｃ３十一 十二イ,1400,ダ,左,良,晴,6,3,3,スマイルジーニアス,セ,0,56.0,512,2,福原杏,鹿沼和,,2,1:32.0,39.4,4-5-2-2,1,512,2
2022/08/08,浦和,4,Ｃ３十一 十二イ,1400,ダ,左,良,晴,6,4,4,エムチャン,牝,6,54.0,390,3,臼井健,凾館一,,3,1:32.6,40.1,5-4-3-3,5,390,3
2022/08/08,浦和,4,Ｃ３十一 十二イ,1400,ダ,左,良,晴,6,2,2,ユメツクシ,牝,6,50.0,493,-1,中島良,長谷忍,,4,1:33.5,40.5,6-6-6-4,3,493,-1
2022/08/08,浦和,4,Ｃ３十一 十二イ,1400,ダ,左,良,晴,6,5,5,アストラルブレイズ,牝,5,54.0,498,2,見越彬,小林真,,5,1:34.6,42.0,2-3-5-6,6,498,2
2022/08/08,浦和,4,Ｃ３十一 十二イ,1400,ダ,左,良,晴,6,1,1,ツーエムポラリス,牡,7,56.0,477,6,澤田龍,鈴木勝,,6,1:34.6,42.3,1-1-4-4,4,477,6
2022/08/08,浦和,5,Ｃ３十一 十二ア,1400,ダ,左,良,晴,7,7,7,リンクスクリスタル,牝,9,54.0,434,2,藤江渉,宮下靖,,1,1:32.1,39.0,2-2-2-2,6,434,2
2022/08/08,浦和,5,Ｃ３十一 十二ア,1400,ダ,左,良,晴,7,1,1,トキノカサドール,牡,7,56.0,446,5,福原杏,横山保,,2,1:32.1,39.0,3-3-2-1,3,446,5
2022/08/08,浦和,5,Ｃ３十一 十二ア,1400,ダ,左,良,晴,7,2,2,プチポワン,牝,6,51.0,470,-4,木間龍,矢野義,,3,1:32.4,38.9,6-5-4-4,5,470,-4
2022/08/08,浦和,5,Ｃ３十一 十二ア,1400,ダ,左,良,晴,7,5,5,スパークルガール,牝,6,51.0,436,11,室陽一,長谷忍,,4,1:32.7,39.2,4-4-5-5,1,436,11
2022/08/08,浦和,5,Ｃ３十一 十二ア,1400,ダ,左,良,晴,7,4,4,スキニチーノ,牝,5,54.0,468,-6,町田直,海馬司,,5,1:32.9,39.8,1-1-1-3,2,468,-6
2022/08/08,浦和,5,Ｃ３十一 十二ア,1400,ダ,左,良,晴,7,3,3,ネオエンジェル,牝,6,54.0,432,5,國分祐,冨田敏,,6,1:32.9,38.9,5-6-6-6,7,432,5
2022/08/08,浦和,5,Ｃ３十一 十二ア,1400,ダ,左,良,晴,7,6,6,チェンマイルージュ,牝,6,54.0,465,-9,保園翔,鈴木勝,,7,1:33.6,39.4,7-7-7-7,4,465,-9
2022/08/08,浦和,6,特選３歳一,1500,ダ,左,良,晴,7,4,4,ロンドンボーイ,牡,3,56.0,468,-2,笹川翼,小久智,,1,1:37.1,39.4,3-3-2-1,1,468,-2
2022/08/08,浦和,6,特選３歳一,1500,ダ,左,良,晴,7,5,5,トキノプレミア,牡,3,56.0,491,-2,川島正,山田信,,2,1:37.8,40.4,1-1-1-2,5,491,-2
2022/08/08,浦和,6,特選３歳一,1500,ダ,左,良,晴,7,6,6,リョウイキテンカイ,牝,3,54.0,442,1,橋本直,水野貴,,3,1:38.0,39.9,5-5-3-3,4,442,1
2022/08/08,浦和,6,特選３歳一,1500,ダ,左,良,晴,7,1,1,ガンコチャン,牝,3,53.0,479,1,七夕裕,岡田一,,4,1:38.1,39.7,4-4-5-4,6,479,1
2022/08/08,浦和,6,特選３歳一,1500,ダ,左,良,晴,7,2,2,アルマラウラ,牝,3,54.0,453,-11,町田直,海馬司,,5,1:39.1,41.0,7-6-4-5,2,453,-11
2022/08/08,浦和,6,特選３歳一,1500,ダ,左,良,晴,7,3,3,ベローナフレイバー,牝,3,54.0,425,-5,笠野雄,稲益貴,,6,1:39.4,40.4,6-7-7-6,3,425,-5
2022/08/08,浦和,6,特選３歳一,1500,ダ,左,良,晴,7,7,7,マウコノミタマ,牡,3,56.0,479,0,吉留孝,藤原智,,7,1:43.3,45.0,2-2-6-7,7,479,0
2022/08/08,浦和,7,Ｃ２三 四,1500,ダ,左,良,晴,7,3,3,ワンダーフェンリル,牡,4,56.0,516,1,橋本直,鈴木勝,,1,1:37.7,39.6,1-1-1-1,3,516,1
2022/08/08,浦和,7,Ｃ２三 四,1500,ダ,左,良,晴,7,2,2,ピノモラーン,牡,4,56.0,481,2,達城龍,野口孝,,2,1:38.5,40.1,4-4-4-3,5,481,2
2022/08/08,浦和,7,Ｃ２三 四,1500,ダ,左,良,晴,7,5,5,マイアミヒーロー,セ,0,56.0,489,4,真島大,小久智,,3,1:38.6,40.2,6-5-3-4,2,489,4
2022/08/08,浦和,7,Ｃ２三 四,1500,ダ,左,良,晴,7,7,7,ペイフォン,牡,4,56.0,513,-4,和田譲,新井清,,4,1:39.5,41.4,3-3-2-2,1,513,-4
2022/08/08,浦和,7,Ｃ２三 四,1500,ダ,左,良,晴,7,6,6,トーセンウィンザー,牡,4,56.0,477,7,保園翔,山越光,,5,1:39.6,40.6,7-7-6-5,4,477,7
2022/08/08,浦和,7,Ｃ２三 四,1500,ダ,左,良,晴,7,4,4,レインボーカラー,牝,4,52.0,519,2,菅原涼,藤原智,,6,1:39.8,41.6,2-2-4-6,6,519,2
2022/08/08,浦和,7,Ｃ２三 四,1500,ダ,左,良,晴,7,1,1,バロズレガシー,牡,4,53.0,468,0,室陽一,酒井一,,7,1:40.5,41.3,5-6-7-7,7,468,0
2022/08/08,浦和,8,浦和８００ラウンドＣ１選抜馬,800,ダ,左,良,晴,12,5,5,ヤマイチノア,牡,3,55.0,492,-1,本橋孝,齊藤敏,,1,0:46.7,35.1,1-1,2,492,-1
2022/08/08,浦和,8,浦和８００ラウンドＣ１選抜馬,800,ダ,左,良,晴,12,6,8,トミケンリューヤー,牡,5,56.0,519,-15,森泰斗,平山真,,2,0:47.5,35.7,2-2,1,519,-15
2022/08/08,浦和,8,浦和８００ラウンドＣ１選抜馬,800,ダ,左,良,晴,12,8,12,クラフェニックス,牝,4,52.0,461,-4,菅原涼,藤原智,,3,0:47.7,35.6,6-5,4,461,-4
2022/08/08,浦和,8,浦和８００ラウンドＣ１選抜馬,800,ダ,左,良,晴,12,7,10,シゲルアパライト,牡,6,56.0,483,1,福原杏,横山保,,4,0:47.9,36.1,3-3,5,483,1
2022/08/08,浦和,8,浦和８００ラウンドＣ１選抜馬,800,ダ,左,良,晴,12,2,2,ドラゴンズアイ,牝,3,53.0,464,7,吉留孝,野口孝,,5,0:48.1,36.1,5-4,10,464,7
2022/08/08,浦和,8,浦和８００ラウンドＣ１選抜馬,800,ダ,左,良,晴,12,3,3,エイムダウンサイト,牡,3,55.0,484,0,笹川翼,小久智,,6,0:48.3,36.5,4-6,3,484,0
2022/08/08,浦和,8,浦和８００ラウンドＣ１選抜馬,800,ダ,左,良,晴,12,5,6,キモンシャイン,牝,4,54.0,443,-3,達城龍,工藤伸,,7,0:48.3,35.4,8-8,8,443,-3
2022/08/08,浦和,8,浦和８００ラウンドＣ１選抜馬,800,ダ,左,良,晴,12,8,11,エダマメ,牝,5,51.0,495,0,室陽一,長谷忍,,8,0:48.3,35.7,7-7,7,495,0
2022/08/08,浦和,8,浦和８００ラウンドＣ１選抜馬,800,ダ,左,良,晴,12,1,1,コパノキャッチング,牡,4,56.0,463,5,秋元耕,工藤伸,,9,0:49.2,35.7,11-10,6,463,5
2022/08/08,浦和,8,浦和８００ラウンドＣ１選抜馬,800,ダ,左,良,晴,12,6,7,ホワイトスズラン,牝,3,53.0,421,2,保園翔,山越光,,10,0:49.2,36.6,9-9,11,421,2
2022/08/08,浦和,8,浦和８００ラウンドＣ１選抜馬,800,ダ,左,良,晴,12,4,4,メイクロード,牝,6,54.0,465,-13,橋本直,内野健,,11,0:49.8,36.3,10-11,12,465,-13
2022/08/08,浦和,8,浦和８００ラウンドＣ１選抜馬,800,ダ,左,良,晴,12,7,9,スムーズジャズ,牡,8,56.0,498,4,半澤慶,吉田正,,12,0:51.9,38.2,12-12,9,498,4
2022/08/08,浦和,9,日高市の栗！食べずにはいられなＣ２三 四,1400,ダ,左,良,晴,8,6,6,ドミナドール,セ,0,54.0,475,-11,菅原涼,新井清,,1,1:29.6,39.1,1-1-1-1,4,475,-11
2022/08/08,浦和,9,日高市の栗！食べずにはいられなＣ２三 四,1400,ダ,左,良,晴,8,2,2,コスモジェニー,牝,4,51.0,444,-6,室陽一,工藤伸,,2,1:29.6,38.5,2-4-3-2,3,444,-6
2022/08/08,浦和,9,日高市の栗！食べずにはいられなＣ２三 四,1400,ダ,左,良,晴,8,8,8,オルオル,牝,6,54.0,445,-7,笹川翼,新井清,,3,1:30.3,38.5,5-5-5-5,1,445,-7
2022/08/08,浦和,9,日高市の栗！食べずにはいられなＣ２三 四,1400,ダ,左,良,晴,8,7,7,アンタルクティクス,牡,5,53.0,495,-2,野畑凌,内野健,,4,1:30.5,39.8,3-2-2-3,2,495,-2
2022/08/08,浦和,9,日高市の栗！食べずにはいられなＣ２三 四,1400,ダ,左,良,晴,8,1,1,イサチルダイチ,牡,6,55.0,511,7,七夕裕,長谷忍,,5,1:30.6,39.4,4-3-4-4,7,511,7
2022/08/08,浦和,9,日高市の栗！食べずにはいられなＣ２三 四,1400,ダ,左,良,晴,8,4,4,カミヤガルーラ,牡,4,56.0,462,-2,保園翔,内野健,,6,1:31.3,39.1,6-6-6-6,6,462,-2
2022/08/08,浦和,9,日高市の栗！食べずにはいられなＣ２三 四,1400,ダ,左,良,晴,8,5,5,ゴールドバード,牡,8,56.0,496,6,藤江渉,野口孝,,7,1:32.0,38.9,8-8-7-7,5,496,6
2022/08/08,浦和,9,日高市の栗！食べずにはいられなＣ２三 四,1400,ダ,左,良,晴,8,3,3,ワールドプリンス,セ,0,56.0,491,-15,見越彬,小久智,,8,1:34.1,41.1,7-7-8-8,8,491,-15
2022/08/08,浦和,10,鳳仙花特別Ｃ２一,1400,ダ,左,良,晴,9,2,2,デルマジザイ,牡,4,56.0,452,-2,藤江渉,工藤伸,,1,1:29.7,39.0,4-3-5-2,2,452,-2
2022/08/08,浦和,10,鳳仙花特別Ｃ２一,1400,ダ,左,良,晴,9,5,5,ヴェールレガロ,牡,7,55.0,514,1,古岡勇,小澤宏,,2,1:30.0,39.8,1-1-1-1,6,514,1
2022/08/08,浦和,10,鳳仙花特別Ｃ２一,1400,ダ,左,良,晴,9,8,9,ロマーシカ,牝,5,54.0,473,1,森泰斗,小久智,,3,1:30.5,39.9,3-4-3-4,1,473,1
2022/08/08,浦和,10,鳳仙花特別Ｃ２一,1400,ダ,左,良,晴,9,8,8,ガイディングスター,セ,0,56.0,470,1,笠野雄,佐々清,,4,1:30.6,39.2,9-9-6-6,7,470,1
2022/08/08,浦和,10,鳳仙花特別Ｃ２一,1400,ダ,左,良,晴,9,7,7,セイウンヒュージ,牡,5,53.0,481,8,室陽一,冨田敏,,5,1:30.9,40.1,5-6-4-5,5,481,8
2022/08/08,浦和,10,鳳仙花特別Ｃ２一,1400,ダ,左,良,晴,9,4,4,ハッピーパワポケ,牡,5,56.0,476,-4,福原杏,水野貴,,6,1:30.9,40.5,2-2-2-3,3,476,-4
2022/08/08,浦和,10,鳳仙花特別Ｃ２一,1400,ダ,左,良,晴,9,3,3,メディアジャッカル,牝,4,54.0,443,1,秋元耕,内野健,,7,1:31.1,39.9,7-7-7-7,8,443,1
2022/08/08,浦和,10,鳳仙花特別Ｃ２一,1400,ダ,左,良,晴,9,6,6,バトルオサンナ,牝,8,54.0,454,-2,寺島憂,水野貴,,8,1:31.2,39.0,8-8-9-9,9,454,-2
2022/08/08,浦和,10,鳳仙花特別Ｃ２一,1400,ダ,左,良,晴,9,1,1,クリムゾンオーラ,牝,5,50.0,478,-2,中島良,牛房榮,,9,1:32.0,40.8,6-5-8-8,4,478,-2
2022/08/08,浦和,11,立秋特別Ｂ３一,1500,ダ,左,良,晴,11,1,1,ソフィアバローズ,牝,5,54.0,444,1,町田直,川島豊,,1,1:36.1,39.3,4-3-2-2,2,444,1
2022/08/08,浦和,11,立秋特別Ｂ３一,1500,ダ,左,良,晴,11,5,5,ミエノハヤブサ,セ,0,56.0,481,-7,森泰斗,小澤宏,,2,1:36.3,39.2,6-7-5-6,1,481,-7
2022/08/08,浦和,11,立秋特別Ｂ３一,1500,ダ,左,良,晴,11,6,6,リンクスショウ,牡,4,56.0,478,1,澤田龍,渡邊貴,,3,1:36.3,39.0,8-6-7-5,4,478,1
2022/08/08,浦和,11,立秋特別Ｂ３一,1500,ダ,左,良,晴,11,4,4,ハクサンハーバー,牡,4,56.0,482,-4,本橋孝,矢野義,,4,1:36.5,39.6,3-4-3-3,3,482,-4
2022/08/08,浦和,11,立秋特別Ｂ３一,1500,ダ,左,良,晴,11,3,3,ホーカスポーカス,牡,7,56.0,414,-11,笠野雄,矢内博,,5,1:36.8,39.1,9-8-8-7,9,414,-11
2022/08/08,浦和,11,立秋特別Ｂ３一,1500,ダ,左,良,晴,11,6,7,リコーモラーヌ,牡,8,56.0,486,-16,真島大,繁田健,,6,1:37.1,40.0,5-5-4-4,6,486,-16
2022/08/08,浦和,11,立秋特別Ｂ３一,1500,ダ,左,良,晴,11,2,2,イデアイホマジョル,セ,0,52.0,445,-7,中島良,岡田一,,7,1:37.3,41.7,1-1-1-1,8,445,-7
2022/08/08,浦和,11,立秋特別Ｂ３一,1500,ダ,左,良,晴,11,8,10,ボマライン,セ,0,56.0,460,-2,福原杏,水野貴,,8,1:37.5,39.8,7-9-9-8,10,460,-2
2022/08/08,浦和,11,立秋特別Ｂ３一,1500,ダ,左,良,晴,11,7,8,ナムラタイガー,牡,5,53.0,541,10,野畑凌,水野貴,,9,1:39.1,40.6,10-10-10-10,7,541,10
2022/08/08,浦和,11,立秋特別Ｂ３一,1500,ダ,左,良,晴,11,8,11,ピンクプラム,牝,3,53.0,442,0,岡村健,渋谷博,,10,1:39.6,42.8,2-2-6-9,5,442,0
2022/08/08,浦和,11,立秋特別Ｂ３一,1500,ダ,左,良,晴,11,7,9,サトノゴールド,セ,0,56.0,458,-5,秋元耕,小林真,,11,1:40.8,41.1,11-11-11-11,11,458,-5
2022/08/08,浦和,12,染色月特別Ｃ１四,1500,ダ,左,良,晴,11,1,1,ヴァネロペ,牝,3,53.0,458,-12,山口達,林正人,,1,1:36.8,38.4,10-10-7-4,10,458,-12
2022/08/08,浦和,12,染色月特別Ｃ１四,1500,ダ,左,良,晴,11,8,10,ナツハヨル,牝,4,54.0,439,-3,福原杏,横山保,,2,1:37.1,40.0,5-5-2-1,3,439,-3
2022/08/08,浦和,12,染色月特別Ｃ１四,1500,ダ,左,良,晴,11,4,4,キーラーヴォッヘ,牝,5,54.0,439,3,笹川翼,新井清,,3,1:37.2,39.9,4-3-4-3,2,439,3
2022/08/08,浦和,12,染色月特別Ｃ１四,1500,ダ,左,良,晴,11,5,5,スリーヴリーグ,牡,6,56.0,517,-4,和田譲,野口寛,,4,1:37.6,39.4,9-9-9-6,7,517,-4
2022/08/08,浦和,12,染色月特別Ｃ１四,1500,ダ,左,良,晴,11,3,3,ペイシャムスビ,牝,4,54.0,493,-6,張田昂,張田京,,5,1:37.8,40.8,1-1-1-2,1,493,-6
2022/08/08,浦和,12,染色月特別Ｃ１四,1500,ダ,左,良,晴,11,6,7,フォーギブネス,牡,4,56.0,462,-4,橋本直,平山真,,6,1:38.1,40.3,8-8-5-5,9,462,-4
2022/08/08,浦和,12,染色月特別Ｃ１四,1500,ダ,左,良,晴,11,6,6,コウシ,セ,0,56.0,466,-3,山中悠,米谷康,,7,1:39.0,41.2,6-6-8-8,4,466,-3
2022/08/08,浦和,12,染色月特別Ｃ１四,1500,ダ,左,良,晴,11,8,11,ヨシケンモンロー,牡,6,56.0,444,-1,秋元耕,野口孝,,8,1:39.1,40.2,11-11-11-9,11,444,-1
2022/08/08,浦和,12,染色月特別Ｃ１四,1500,ダ,左,良,晴,11,7,9,マサノエトワール,牝,3,53.0,455,2,森泰斗,齊藤敏,,9,1:39.7,42.6,3-4-3-7,8,455,2
2022/08/08,浦和,12,染色月特別Ｃ１四,1500,ダ,左,良,晴,11,2,2,モリトローテローゼ,牝,6,51.0,480,-2,野畑凌,水野貴,,10,1:40.2,42.0,7-7-10-11,6,480,-2
2022/08/08,浦和,12,染色月特別Ｃ１四,1500,ダ,左,良,晴,11,7,8,スティールマドンナ,牝,4,52.0,466,7,菅原涼,藤原智,,11,1:40.4,43.1,2-2-6-10,5,466,7
2022/08/09,浦和,1,ドリームチャレンジ２歳新馬ア,800,ダ,左,良,晴,6,6,6,アイグレース,牝,2,54.0,0,0,秋元耕,岡田一,,1,0:48.5,36.0,1-1,4,0,0
2022/08/09,浦和,1,ドリームチャレンジ２歳新馬ア,800,ダ,左,良,晴,6,3,3,ランディー,牡,2,54.0,0,0,笹川翼,小久智,,2,0:49.3,36.4,2-2,1,0,0
2022/08/09,浦和,1,ドリームチャレンジ２歳新馬ア,800,ダ,左,良,晴,6,1,1,ソウルフレイバー,牡,2,54.0,0,0,保園翔,繁田健,,3,0:49.9,36.8,4-3,2,0,0
2022/08/09,浦和,1,ドリームチャレンジ２歳新馬ア,800,ダ,左,良,晴,6,4,4,エアファールング,牡,2,54.0,0,0,橋本直,山越光,,4,0:50.2,37.1,3-4,6,0,0
2022/08/09,浦和,1,ドリームチャレンジ２歳新馬ア,800,ダ,左,良,晴,6,5,5,シェナグローリー,牝,2,54.0,0,0,福原杏,冨田敏,,5,0:52.1,38.7,5-5,3,0,0
2022/08/09,浦和,1,ドリームチャレンジ２歳新馬ア,800,ダ,左,良,晴,6,2,2,シンライクレイヴ,牝,2,54.0,0,0,和田譲,水野貴,,6,0:57.9,43.5,6-6,5,0,0
2022/08/09,浦和,2,ランチタイムチャレンジ３歳五,1400,ダ,左,良,晴,8,6,6,モリデンベル,牝,3,54.0,474,0,保園翔,山越光,,1,1:31.2,39.1,4-3-3-2,3,474,0
2022/08/09,浦和,2,ランチタイムチャレンジ３歳五,1400,ダ,左,良,晴,8,8,8,モンローテソーロ,牡,3,56.0,497,23,本橋孝,野口寛,,2,1:31.4,39.6,1-1-1-1,2,497,23
2022/08/09,浦和,2,ランチタイムチャレンジ３歳五,1400,ダ,左,良,晴,8,2,2,キングブルズアイズ,牡,3,56.0,490,-5,真島大,繁田健,,3,1:31.7,39.6,5-6-4-3,1,490,-5
2022/08/09,浦和,2,ランチタイムチャレンジ３歳五,1400,ダ,左,良,晴,8,1,1,エイシンスタートル,牡,3,55.0,456,4,七夕裕,藤原智,,4,1:31.9,40.0,3-2-2-4,6,456,4
2022/08/09,浦和,2,ランチタイムチャレンジ３歳五,1400,ダ,左,良,晴,8,4,4,サキホコレ,牝,3,51.0,453,-5,室陽一,宇野博,,5,1:32.1,39.9,6-5-5-5,5,453,-5
2022/08/09,浦和,2,ランチタイムチャレンジ３歳五,1400,ダ,左,良,晴,8,7,7,ステラセイコー,牝,3,54.0,446,7,福原杏,水野貴,,6,1:32.1,39.2,8-8-6-6,8,446,7
2022/08/09,浦和,2,ランチタイムチャレンジ３歳五,1400,ダ,左,良,晴,8,3,3,ノースジラソーレ,牝,3,54.0,458,-3,森泰斗,長谷忍,,7,1:32.5,40.0,2-4-7-7,4,458,-3
2022/08/09,浦和,2,ランチタイムチャレンジ３歳五,1400,ダ,左,良,晴,8,5,5,ヤクライローズ,牝,3,54.0,440,-3,橋本直,鹿沼和,,8,1:32.7,39.8,7-7-8-8,7,440,-3
2022/08/09,浦和,3,３歳四,1400,ダ,左,良,晴,7,7,7,アキノポエム,牝,3,54.0,449,5,本橋孝,小久智,,1,1:31.1,39.7,3-3-2-1,1,449,5
2022/08/09,浦和,3,３歳四,1400,ダ,左,良,晴,7,5,5,ユメミルツキ,牝,3,54.0,448,6,半澤慶,工藤伸,,2,1:32.1,40.4,4-4-3-3,4,448,6
2022/08/09,浦和,3,３歳四,1400,ダ,左,良,晴,7,2,2,イサチルレジェーロ,牡,3,56.0,495,7,和田譲,宇野博,,3,1:32.3,41.0,1-1-1-2,2,495,7
2022/08/09,浦和,3,３歳四,1400,ダ,左,良,晴,7,3,3,シェナダイオー,牡,3,56.0,547,0,寺島憂,山越光,,4,1:32.6,40.8,6-5-4-4,3,547,0
2022/08/09,浦和,3,３歳四,1400,ダ,左,良,晴,7,6,6,ミルティー,牝,3,51.0,423,13,室陽一,横山保,,5,1:32.8,40.8,5-6-6-5,6,423,13
2022/08/09,浦和,3,３歳四,1400,ダ,左,良,晴,7,4,4,ラクスシャルキ,牝,3,54.0,447,1,秋元耕,酒井一,,6,1:32.9,41.4,1-2-5-6,5,447,1
2022/08/09,浦和,3,３歳四,1400,ダ,左,良,晴,7,1,1,ユウユウパレス,牝,3,54.0,407,-7,福原杏,横山保,,7,1:33.1,40.1,7-7-7-7,7,407,-7
2022/08/09,浦和,4,３歳三,1400,ダ,左,良,晴,8,3,3,リコールイーズ,牝,3,54.0,531,-4,本橋孝,繁田健,,1,1:30.6,39.0,1-1-1-1,3,531,-4
2022/08/09,浦和,4,３歳三,1400,ダ,左,良,晴,8,5,5,インカローズムスメ,牝,3,54.0,406,4,赤津和,山越光,,2,1:31.1,39.3,2-2-3-4,5,406,4
2022/08/09,浦和,4,３歳三,1400,ダ,左,良,晴,8,7,7,エレダール,牡,3,56.0,444,-5,藤江渉,工藤伸,,3,1:31.2,39.6,3-3-2-2,1,444,-5
2022/08/09,浦和,4,３歳三,1400,ダ,左,良,晴,8,4,4,グッドヘイロー,牝,3,54.0,498,-8,保園翔,山越光,,4,1:31.4,39.6,6-6-4-3,4,498,-8
2022/08/09,浦和,4,３歳三,1400,ダ,左,良,晴,8,6,6,ホワイトネイル,牝,3,52.0,398,4,菅原涼,藤原智,,5,1:31.8,39.7,8-8-5-5,6,398,4
2022/08/09,浦和,4,３歳三,1400,ダ,左,良,晴,8,1,1,ニッショウアキラ,牡,3,56.0,438,3,森泰斗,酒井一,,6,1:33.0,41.0,5-4-6-6,2,438,3
2022/08/09,浦和,4,３歳三,1400,ダ,左,良,晴,8,2,2,リンクスシュウ,牡,3,56.0,444,-3,笠野雄,渡邊貴,,7,1:33.0,40.3,7-7-8-8,7,444,-3
2022/08/09,浦和,4,３歳三,1400,ダ,左,良,晴,8,8,8,カジュアルスパート,牡,3,56.0,486,0,見越彬,野口寛,,8,1:33.7,41.7,4-5-7-7,8,486,0
2022/08/09,浦和,5,Ｃ３九 十,1500,ダ,左,良,晴,9,2,2,ポイズンピル,牡,7,56.0,455,4,岡田大,牛房榮,,1,1:39.6,39.9,3-4-1-1,2,455,4
2022/08/09,浦和,5,Ｃ３九 十,1500,ダ,左,良,晴,9,4,4,トーセンケイト,牝,4,54.0,454,-6,藤江渉,川村守,,2,1:39.9,40.1,4-3-3-2,3,454,-6
2022/08/09,浦和,5,Ｃ３九 十,1500,ダ,左,良,晴,9,8,8,アベノカイシンゲキ,牡,4,55.0,475,-3,七夕裕,小林真,,3,1:40.4,39.4,6-6-6-4,7,475,-3
2022/08/09,浦和,5,Ｃ３九 十,1500,ダ,左,良,晴,9,5,5,トーセンクルーズ,牝,7,54.0,439,-9,森泰斗,工藤伸,,4,1:40.8,41.1,1-1-2-3,1,439,-9
2022/08/09,浦和,5,Ｃ３九 十,1500,ダ,左,良,晴,9,8,9,マオノルミエール,牝,4,54.0,425,6,山中悠,渋谷博,,5,1:41.0,40.8,5-5-5-5,4,425,6
2022/08/09,浦和,5,Ｃ３九 十,1500,ダ,左,良,晴,9,1,1,リゼイエロー,牝,5,50.0,482,-1,中島良,川島豊,,6,1:41.6,40.2,8-8-8-7,6,482,-1
2022/08/09,浦和,5,Ｃ３九 十,1500,ダ,左,良,晴,9,6,6,シンライトミー,牡,5,56.0,427,3,寺島憂,水野貴,,7,1:42.0,41.3,7-7-7-8,8,427,3
2022/08/09,浦和,5,Ｃ３九 十,1500,ダ,左,良,晴,9,7,7,ゴールドスペンサー,牡,4,56.0,478,4,秋元耕,吉田正,,8,1:43.6,43.8,2-2-4-6,5,478,4
2022/08/09,浦和,5,Ｃ３九 十,1500,ダ,左,良,晴,9,3,3,ニシノシロフネ,牡,5,56.0,471,-8,國分祐,冨田敏,,9,1:46.1,44.2,9-9-9-9,9,471,-8
2022/08/09,浦和,6,Ｃ３七 八,1500,ダ,左,良,晴,7,7,7,オールドボンバー,牡,6,56.0,473,-5,福原杏,横山保,,1,1:39.7,43.1,2-2-2-2,4,473,-5
2022/08/09,浦和,6,Ｃ３七 八,1500,ダ,左,良,晴,7,5,5,デリスブラン,牡,4,53.0,482,-5,室陽一,山越光,,2,1:40.2,42.4,4-4-3-3,2,482,-5
2022/08/09,浦和,6,Ｃ３七 八,1500,ダ,左,良,晴,7,6,6,ホロシリダケ,セ,0,56.0,478,-8,内田利,野口孝,,3,1:40.2,41.1,6-6-6-6,6,478,-8
2022/08/09,浦和,6,Ｃ３七 八,1500,ダ,左,良,晴,7,4,4,ユメノハジマリ,牝,6,51.0,474,-3,野畑凌,水野貴,,4,1:40.2,43.8,1-1-1-1,1,474,-3
2022/08/09,浦和,6,Ｃ３七 八,1500,ダ,左,良,晴,7,1,1,コンディトラム,牡,5,56.0,485,3,吉留孝,川村守,,5,1:40.4,41.3,5-5-5-5,3,485,3
2022/08/09,浦和,6,Ｃ３七 八,1500,ダ,左,良,晴,7,3,3,ニシノマリアージュ,牝,6,54.0,412,0,岡田大,冨田敏,,6,1:40.5,42.6,3-3-4-4,5,412,0
2022/08/09,浦和,6,Ｃ３七 八,1500,ダ,左,良,晴,7,2,2,ニシノコウメイ,牡,4,56.0,445,1,國分祐,冨田敏,,7,1:41.5,41.9,7-7-7-7,7,445,1
2022/08/09,浦和,7,Ｃ３九 十,1400,ダ,左,良,晴,6,1,1,コウユープリティー,牝,4,54.0,454,0,福原杏,宇野博,,1,1:31.1,38.8,3-3-3-2,2,454,0
2022/08/09,浦和,7,Ｃ３九 十,1400,ダ,左,良,晴,6,3,3,ロッカーモーション,牝,6,54.0,501,8,橋本直,内野健,,2,1:31.5,39.8,2-2-1-1,1,501,8
2022/08/09,浦和,7,Ｃ３九 十,1400,ダ,左,良,晴,6,5,5,ナツィオナーレ,牝,7,54.0,441,-5,見越彬,野口孝,,3,1:32.5,39.5,5-6-5-4,4,441,-5
2022/08/09,浦和,7,Ｃ３九 十,1400,ダ,左,良,晴,6,2,2,セイウングラッパ,牡,7,56.0,447,-1,吉留孝,吉田正,,4,1:32.7,39.7,6-5-6-6,5,447,-1
2022/08/09,浦和,7,Ｃ３九 十,1400,ダ,左,良,晴,6,4,4,ギンサー,牡,4,53.0,470,-2,室陽一,小林真,,5,1:33.2,40.6,4-4-4-5,6,470,-2
2022/08/09,浦和,7,Ｃ３九 十,1400,ダ,左,良,晴,6,6,6,ノブカナロア,牡,4,56.0,447,-2,笹川翼,小久智,,6,1:35.0,43.3,1-1-2-3,3,447,-2
2022/08/09,浦和,8,Ｃ３七 八,1400,ダ,左,良,晴,7,7,7,ワンダーヘーヒスト,牡,8,56.0,461,-4,橋本直,鈴木勝,,1,1:30.5,38.5,3-3-2-2,2,461,-4
2022/08/09,浦和,8,Ｃ３七 八,1400,ダ,左,良,晴,7,6,6,ラキエストバイオ,牝,6,54.0,464,-2,森泰斗,新井清,,2,1:30.5,38.6,2-2-1-1,1,464,-2
2022/08/09,浦和,8,Ｃ３七 八,1400,ダ,左,良,晴,7,4,4,サンライズテソロ,牡,4,53.0,438,-7,野畑凌,川島豊,,3,1:31.8,39.0,5-5-4-3,4,438,-7
2022/08/09,浦和,8,Ｃ３七 八,1400,ダ,左,良,晴,7,5,5,トラハト,牝,4,54.0,483,3,秋元耕,海馬司,,4,1:32.5,40.6,1-1-3-4,5,483,3
2022/08/09,浦和,8,Ｃ３七 八,1400,ダ,左,良,晴,7,1,1,ファーマスター,牝,4,54.0,432,-1,吉留孝,川村守,,5,1:32.7,39.9,7-7-6-5,6,432,-1
2022/08/09,浦和,8,Ｃ３七 八,1400,ダ,左,良,晴,7,3,3,リングボーイ,セ,0,56.0,425,2,福原杏,水野貴,,6,1:33.3,40.5,4-4-5-6,3,425,2
2022/08/09,浦和,8,Ｃ３七 八,1400,ダ,左,良,晴,7,2,2,ルフトバローン,牝,4,54.0,459,1,岡田大,薮口一,,7,1:34.1,41.1,6-6-7-7,7,459,1
2022/08/09,浦和,9,浦和８００ラウンドＣ２選抜馬ウ,800,ダ,左,良,晴,9,5,5,スターシード,牡,7,56.0,495,1,藤江渉,酒井一,,1,0:48.2,35.5,5-3,4,495,1
2022/08/09,浦和,9,浦和８００ラウンドＣ２選抜馬ウ,800,ダ,左,良,晴,9,3,3,プリプリクインダム,牝,7,51.0,477,-3,室陽一,平山真,,2,0:48.4,36.0,3-4,1,477,-3
2022/08/09,浦和,9,浦和８００ラウンドＣ２選抜馬ウ,800,ダ,左,良,晴,9,7,7,シルヴァーイーグル,牡,6,56.0,533,-1,櫻井光,岡田一,,3,0:48.5,36.2,1-1,6,533,-1
2022/08/09,浦和,9,浦和８００ラウンドＣ２選抜馬ウ,800,ダ,左,良,晴,9,8,8,カゲカツ,牡,8,56.0,514,-4,橋本直,長谷忍,,4,0:48.6,36.3,1-2,2,514,-4
2022/08/09,浦和,9,浦和８００ラウンドＣ２選抜馬ウ,800,ダ,左,良,晴,9,4,4,コウユーカノカノ,牝,5,54.0,456,-2,半澤慶,宇野博,,5,0:48.7,36.2,4-5,5,456,-2
2022/08/09,浦和,9,浦和８００ラウンドＣ２選抜馬ウ,800,ダ,左,良,晴,9,1,1,ウンジョウノメガミ,牝,4,50.0,457,2,小林捺,牛房榮,,6,0:49.3,36.8,6-6,3,457,2
2022/08/09,浦和,9,浦和８００ラウンドＣ２選抜馬ウ,800,ダ,左,良,晴,9,6,6,ラブリースマッシュ,牝,7,54.0,474,-4,吉留孝,薮口一,,7,0:49.3,36.2,7-7,7,474,-4
2022/08/09,浦和,9,浦和８００ラウンドＣ２選抜馬ウ,800,ダ,左,良,晴,9,8,9,キョウエイアップ,牡,4,56.0,494,-2,秋元耕,小澤宏,,8,0:49.8,35.6,9-8,8,494,-2
2022/08/09,浦和,9,浦和８００ラウンドＣ２選抜馬ウ,800,ダ,左,良,晴,9,2,2,プロスペリティ,牝,6,54.0,469,-2,國分祐,冨田敏,,9,0:50.3,36.7,8-9,9,469,-2
2022/08/09,浦和,10,獅子座特別Ｃ２二,1500,ダ,左,良,晴,8,5,5,ハーイ,牝,5,54.0,462,-5,和田譲,野口孝,,1,1:37.2,40.0,4-4-3-1,3,462,-5
2022/08/09,浦和,10,獅子座特別Ｃ２二,1500,ダ,左,良,晴,8,4,4,フェリスダージ,牝,4,54.0,421,-2,内田利,工藤伸,,2,1:37.4,39.6,6-6-5-4,5,421,-2
2022/08/09,浦和,10,獅子座特別Ｃ２二,1500,ダ,左,良,晴,8,6,6,レーベンレジェンダ,牡,5,56.0,519,3,藤江渉,佐藤博,,3,1:37.9,38.9,8-8-8-6,8,519,3
2022/08/09,浦和,10,獅子座特別Ｃ２二,1500,ダ,左,良,晴,8,1,1,ゴールドキャスト,牝,9,51.0,431,0,室陽一,吉田正,,4,1:37.9,39.3,7-7-7-8,7,431,0
2022/08/09,浦和,10,獅子座特別Ｃ２二,1500,ダ,左,良,晴,8,7,7,ザナイツ,牡,5,56.0,536,15,森泰斗,小久智,,5,1:38.1,41.1,2-2-2-3,2,536,15
2022/08/09,浦和,10,獅子座特別Ｃ２二,1500,ダ,左,良,晴,8,8,8,ラスティネイル,牝,4,54.0,463,5,吉留孝,牛房榮,,6,1:38.2,41.2,1-1-1-2,1,463,5
2022/08/09,浦和,10,獅子座特別Ｃ２二,1500,ダ,左,良,晴,8,2,2,ピオレドール,牡,7,56.0,480,-1,福原杏,横山保,,7,1:38.9,41.6,3-3-4-5,4,480,-1
2022/08/09,浦和,10,獅子座特別Ｃ２二,1500,ダ,左,良,晴,8,3,3,ダイエービルベリー,牝,4,50.0,478,-5,中島良,酒井一,,8,1:39.1,41.5,5-5-6-7,6,478,-5
2022/08/09,浦和,11,千日草特別Ｂ２二,1500,ダ,左,良,晴,8,7,7,ダイリュウボーラー,牡,6,56.0,450,-1,笹川翼,繁田健,,1,1:35.5,37.5,3-3-3-1,2,450,-1
2022/08/09,浦和,11,千日草特別Ｂ２二,1500,ダ,左,良,晴,8,6,6,ナンヨーオボロヅキ,牝,6,54.0,485,-4,岡村健,平山真,,2,1:36.0,38.2,2-2-2-2,5,485,-4
2022/08/09,浦和,11,千日草特別Ｂ２二,1500,ダ,左,良,晴,8,5,5,ジュネス,牝,5,54.0,490,5,本橋孝,小久智,,3,1:36.0,37.7,5-5-4-4,1,490,5
2022/08/09,浦和,11,千日草特別Ｂ２二,1500,ダ,左,良,晴,8,1,1,マリアルージュ,牝,6,51.0,488,0,室陽一,小久智,,4,1:37.4,41.6,1-1-1-3,4,488,0
2022/08/09,浦和,11,千日草特別Ｂ２二,1500,ダ,左,良,晴,8,4,4,タンクティーエー,牡,6,56.0,552,-2,半澤慶,宇野博,,5,1:37.6,38.9,7-7-7-6,8,552,-2
2022/08/09,浦和,11,千日草特別Ｂ２二,1500,ダ,左,良,晴,8,3,3,ヨドノオーシャン,牡,6,56.0,448,-5,張田昂,平山真,,6,1:37.8,39.6,4-4-5-5,6,448,-5
2022/08/09,浦和,11,千日草特別Ｂ２二,1500,ダ,左,良,晴,8,8,8,ツクバキセキ,牡,9,53.0,442,1,野畑凌,矢内博,,7,1:38.2,38.7,8-8-8-8,7,442,1
2022/08/09,浦和,11,千日草特別Ｂ２二,1500,ダ,左,良,晴,8,2,2,ガンファイター,牡,6,56.0,515,-5,吉井章,藤原智,,8,1:38.4,39.7,6-6-6-7,3,515,-5
2022/08/09,浦和,12,芙蓉特別Ｂ３Ｃ１選抜馬,800,ダ,左,良,晴,8,5,5,シェナブライト,牡,4,57.0,519,8,吉留孝,山越光,,1,0:47.7,35.2,2-1,4,519,8
2022/08/09,浦和,12,芙蓉特別Ｂ３Ｃ１選抜馬,800,ダ,左,良,晴,8,8,8,グロリアスカメオ,牝,6,55.0,439,1,本田重,水野貴,,2,0:47.9,35.7,1-2,1,439,1
2022/08/09,浦和,12,芙蓉特別Ｂ３Ｃ１選抜馬,800,ダ,左,良,晴,8,7,7,シグラップリンリン,牝,7,50.0,440,-1,室陽一,平山真,,3,0:48.0,35.3,4-4,7,440,-1
2022/08/09,浦和,12,芙蓉特別Ｂ３Ｃ１選抜馬,800,ダ,左,良,晴,8,3,3,ロッティミニスター,牡,4,55.0,497,3,笹川翼,小久智,,4,0:48.3,35.2,6-5,3,497,3
2022/08/09,浦和,12,芙蓉特別Ｂ３Ｃ１選抜馬,800,ダ,左,良,晴,8,1,1,マイシップ,牡,7,54.0,464,-5,木間龍,矢野義,,5,0:48.6,35.3,8-7,6,464,-5
2022/08/09,浦和,12,芙蓉特別Ｂ３Ｃ１選抜馬,800,ダ,左,良,晴,8,2,2,リッチアロマ,牝,4,55.0,455,10,福原杏,水野貴,,6,0:48.7,36.2,3-3,5,455,10
2022/08/09,浦和,12,芙蓉特別Ｂ３Ｃ１選抜馬,800,ダ,左,良,晴,8,4,4,イクノミライ,牡,5,54.0,476,0,野畑凌,内田勝,,7,0:48.9,35.7,5-6,2,476,0
2022/08/09,浦和,12,芙蓉特別Ｂ３Ｃ１選抜馬,800,ダ,左,良,晴,8,6,6,シナノビクター,牝,5,55.0,458,9,秋元耕,岡田一,,8,0:48.9,35.7,7-8,8,458,9
2022/08/10,浦和,1,Ｃ３五 六,1400,ダ,左,良,晴,9,6,6,グローリアスフィル,牝,5,54.0,483,10,本田重,新井清,,1,1:31.1,38.4,1-1-1-1,1,483,10
2022/08/10,浦和,1,Ｃ３五 六,1400,ダ,左,良,晴,9,4,4,ピカレスクスマイル,牡,6,56.0,463,-1,増田充,佐々仁,,2,1:31.3,38.2,8-8-4-4,2,463,-1
2022/08/10,浦和,1,Ｃ３五 六,1400,ダ,左,良,晴,9,8,8,サノチナ,牝,5,54.0,420,2,赤津和,川島豊,,3,1:31.7,39.0,3-3-3-2,9,420,2
2022/08/10,浦和,1,Ｃ３五 六,1400,ダ,左,良,晴,9,8,9,プラズマテイル,牝,5,54.0,443,-1,岡村健,米谷康,,4,1:32.1,39.4,2-2-2-3,4,443,-1
2022/08/10,浦和,1,Ｃ３五 六,1400,ダ,左,良,晴,9,3,3,シンライエトワール,牡,7,56.0,482,-2,寺島憂,水野貴,,5,1:32.4,39.4,5-5-5-6,3,482,-2
2022/08/10,浦和,1,Ｃ３五 六,1400,ダ,左,良,晴,9,5,5,マウコウカミ,牝,4,54.0,471,-2,半澤慶,藤原智,,6,1:32.7,39.4,6-6-7-7,7,471,-2
2022/08/10,浦和,1,Ｃ３五 六,1400,ダ,左,良,晴,9,2,2,クレールプリュネル,牝,4,54.0,472,6,篠谷葵,山越光,,7,1:32.8,39.8,4-4-6-5,6,472,6
2022/08/10,浦和,1,Ｃ３五 六,1400,ダ,左,良,晴,9,1,1,アイノロマン,牝,4,54.0,473,-1,岡田大,岡田一,,8,1:33.0,39.4,7-7-8-8,8,473,-1
2022/08/10,浦和,1,Ｃ３五 六,1400,ダ,左,良,晴,9,7,7,シエスタキー,牡,5,56.0,502,1,山中悠,川村守,,9,1:33.3,39.5,9-9-9-9,5,502,1
2022/08/10,浦和,2,ランチタイムチャレンジＣ３三 四,1400,ダ,左,良,晴,9,5,5,ファッシネイター,牝,4,54.0,441,-4,和田譲,新井清,,1,1:31.4,39.8,1-1-1-1,3,441,-4
2022/08/10,浦和,2,ランチタイムチャレンジＣ３三 四,1400,ダ,左,良,晴,9,1,1,モリデンテキーラ,牝,7,54.0,467,-5,保園翔,山越光,,2,1:31.4,38.9,9-7-5-4,1,467,-5
2022/08/10,浦和,2,ランチタイムチャレンジＣ３三 四,1400,ダ,左,良,晴,9,8,8,ショウイモン,牝,5,54.0,433,2,橋本直,内野健,,3,1:31.8,39.9,4-4-3-3,8,433,2
2022/08/10,浦和,2,ランチタイムチャレンジＣ３三 四,1400,ダ,左,良,晴,9,6,6,キョウエイミーレス,牡,6,53.0,492,-6,野畑凌,内野健,,4,1:32.0,40.3,2-2-2-2,5,492,-6
2022/08/10,浦和,2,ランチタイムチャレンジＣ３三 四,1400,ダ,左,良,晴,9,3,3,セイウンスノー,牡,4,56.0,491,1,張田昂,川島豊,,5,1:32.1,40.0,3-3-4-5,2,491,1
2022/08/10,浦和,2,ランチタイムチャレンジＣ３三 四,1400,ダ,左,良,晴,9,8,9,ミラクルゲート,牡,8,56.0,442,4,森泰斗,野口孝,,6,1:32.3,39.4,7-6-6-6,4,442,4
2022/08/10,浦和,2,ランチタイムチャレンジＣ３三 四,1400,ダ,左,良,晴,9,2,2,スプリングネージュ,牝,4,54.0,428,-8,福原杏,川村守,,7,1:32.6,39.0,6-8-8-7,7,428,-8
2022/08/10,浦和,2,ランチタイムチャレンジＣ３三 四,1400,ダ,左,良,晴,9,4,4,ゴールドアクセル,牡,4,56.0,506,-3,秋元耕,鹿沼和,,8,1:33.7,39.7,8-9-9-9,9,506,-3
2022/08/10,浦和,2,ランチタイムチャレンジＣ３三 四,1400,ダ,左,良,晴,9,7,7,スクリームイーグル,セ,0,56.0,448,-14,櫻井光,酒井一,,9,1:35.0,41.7,5-5-7-8,6,448,-14
2022/08/10,浦和,3,Ｃ３五 六,1500,ダ,左,良,晴,9,8,8,グローリアスボレロ,牝,6,54.0,478,1,森泰斗,新井清,,1,1:37.2,38.2,1-1-1-1,1,478,1
2022/08/10,浦和,3,Ｃ３五 六,1500,ダ,左,良,晴,9,4,4,トリテレイア,牝,6,54.0,409,-5,和田譲,箕輪武,,2,1:37.9,38.2,3-3-3-2,2,409,-5
2022/08/10,浦和,3,Ｃ３五 六,1500,ダ,左,良,晴,9,7,7,アミン,牝,5,54.0,459,5,吉留孝,冨田敏,,3,1:39.7,39.9,6-4-4-3,7,459,5
2022/08/10,浦和,3,Ｃ３五 六,1500,ダ,左,良,晴,9,3,3,リスキーウィスキー,牡,4,56.0,500,-1,保園翔,山越光,,4,1:39.9,39.7,8-9-5-4,4,500,-1
2022/08/10,浦和,3,Ｃ３五 六,1500,ダ,左,良,晴,9,1,1,シャイニングパール,牝,4,54.0,443,3,福原杏,工藤伸,,5,1:40.0,39.8,9-7-7-6,3,443,3
2022/08/10,浦和,3,Ｃ３五 六,1500,ダ,左,良,晴,9,2,2,マッシュブライト,牝,4,54.0,461,0,寺島憂,酒井一,,6,1:40.6,40.4,5-5-8-8,8,461,0
2022/08/10,浦和,3,Ｃ３五 六,1500,ダ,左,良,晴,9,5,5,マリアフィナーレ,牝,5,54.0,442,-3,見越彬,小林真,,7,1:40.6,40.4,7-8-6-7,5,442,-3
2022/08/10,浦和,3,Ｃ３五 六,1500,ダ,左,良,晴,9,8,9,ボルドーアラン,牡,4,53.0,509,1,室陽一,水野貴,,8,1:40.8,41.4,2-2-2-5,6,509,1
2022/08/10,浦和,3,Ｃ３五 六,1500,ダ,左,良,晴,9,6,6,ニシノカシン,牡,4,56.0,464,-5,國分祐,冨田敏,,9,1:42.9,42.7,4-6-9-9,9,464,-5
2022/08/10,浦和,4,Ｃ３三 四,1500,ダ,左,良,晴,10,7,7,ベリリウンヌ,牝,4,54.0,422,-4,保園翔,海馬司,,1,1:38.2,40.4,3-3-3-1,5,422,-4
2022/08/10,浦和,4,Ｃ３三 四,1500,ダ,左,良,晴,10,1,1,スプリットエス,牡,8,56.0,509,0,張田昂,小久智,,2,1:38.3,40.2,5-4-4-4,2,509,0
2022/08/10,浦和,4,Ｃ３三 四,1500,ダ,左,良,晴,10,8,10,ベニノエンゼル,牝,5,54.0,445,3,篠谷葵,山越光,,3,1:39.0,41.4,1-1-2-3,10,445,3
2022/08/10,浦和,4,Ｃ３三 四,1500,ダ,左,良,晴,10,8,9,カイジンビリーヴ,牡,4,56.0,517,-2,赤津和,牛房榮,,4,1:39.0,40.8,4-5-5-5,9,517,-2
2022/08/10,浦和,4,Ｃ３三 四,1500,ダ,左,良,晴,10,5,5,ロタツィオーネ,セ,0,56.0,473,2,吉留孝,野口孝,,5,1:39.2,39.8,7-7-7-6,3,473,2
2022/08/10,浦和,4,Ｃ３三 四,1500,ダ,左,良,晴,10,3,3,ネオマティリアル,牡,5,56.0,467,-12,秋元耕,小澤宏,,6,1:39.2,40.2,6-6-6-7,6,467,-12
2022/08/10,浦和,4,Ｃ３三 四,1500,ダ,左,良,晴,10,7,8,ハルモニア,牝,4,54.0,428,-1,和田譲,新井清,,7,1:39.3,41.7,2-2-1-2,1,428,-1
2022/08/10,浦和,4,Ｃ３三 四,1500,ダ,左,良,晴,10,6,6,アニマフレスカ,牝,5,54.0,461,1,岡村健,酒井一,,8,1:39.5,39.2,9-10-9-9,7,461,1
2022/08/10,浦和,4,Ｃ３三 四,1500,ダ,左,良,晴,10,2,2,ハクサンバレー,牝,5,54.0,430,0,小杉亮,森　始,,9,1:39.9,40.1,10-9-8-8,4,430,0
2022/08/10,浦和,4,Ｃ３三 四,1500,ダ,左,良,晴,10,4,4,ローズオブセイコー,牝,5,54.0,428,0,福原杏,水野貴,,,,,8-8-10-10,8,428,0
2022/08/10,浦和,5,浦和８００ラウンドＣ２選抜馬イ,800,ダ,左,良,晴,8,6,6,ロマンスピネル,牝,5,54.0,448,-8,臼井健,山中尊,,1,0:47.1,35.3,1-1,4,448,-8
2022/08/10,浦和,5,浦和８００ラウンドＣ２選抜馬イ,800,ダ,左,良,晴,8,4,4,ピースリアン,牡,5,56.0,495,-1,福原杏,横山保,,2,0:47.9,36.1,2-2,1,495,-1
2022/08/10,浦和,5,浦和８００ラウンドＣ２選抜馬イ,800,ダ,左,良,晴,8,1,1,ベルセブンティーン,牝,4,54.0,492,-7,保園翔,小久智,,3,0:48.1,35.8,5-5,2,492,-7
2022/08/10,浦和,5,浦和８００ラウンドＣ２選抜馬イ,800,ダ,左,良,晴,8,2,2,ゴープラチナム,牝,5,55.0,450,11,張田昂,平山真,,4,0:48.1,36.3,3-4,3,450,11
2022/08/10,浦和,5,浦和８００ラウンドＣ２選抜馬イ,800,ダ,左,良,晴,8,7,7,ニシノイルマーレ,牝,4,54.0,494,-1,吉留孝,冨田敏,,5,0:48.4,36.3,4-3,5,494,-1
2022/08/10,浦和,5,浦和８００ラウンドＣ２選抜馬イ,800,ダ,左,良,晴,8,3,3,ラッキーチャンス,牝,7,51.0,477,-2,室陽一,小澤宏,,6,0:48.7,36.0,8-7,8,477,-2
2022/08/10,浦和,5,浦和８００ラウンドＣ２選抜馬イ,800,ダ,左,良,晴,8,8,8,モアイ,牡,7,56.0,477,4,川島正,岡田一,,7,0:48.9,36.6,6-6,6,477,4
2022/08/10,浦和,5,浦和８００ラウンドＣ２選抜馬イ,800,ダ,左,良,晴,8,5,5,ジェームス,牡,8,56.0,504,-1,半澤慶,川島豊,,8,0:49.2,36.9,7-8,7,504,-1
2022/08/10,浦和,6,Ｊ認 新選特別２歳一,1400,ダ,左,良,晴,7,2,2,ウインドフレイバー,牡,2,54.0,467,-2,笹川翼,繁田健,,1,1:30.5,37.7,4-3-3-3,4,467,-2
2022/08/10,浦和,6,Ｊ認 新選特別２歳一,1400,ダ,左,良,晴,7,1,1,マイブー,牡,2,54.0,482,1,張田昂,張田京,,2,1:31.1,38.6,1-1-1-1,2,482,1
2022/08/10,浦和,6,Ｊ認 新選特別２歳一,1400,ダ,左,良,晴,7,4,4,アトカラツイテクル,牝,2,55.0,488,-2,森泰斗,宇野博,,3,1:31.3,38.8,2-2-2-2,1,488,-2
2022/08/10,浦和,6,Ｊ認 新選特別２歳一,1400,ダ,左,良,晴,7,3,3,グレートジャーニー,牡,2,54.0,453,1,本橋孝,小久智,,4,1:31.6,38.4,5-6-6-5,3,453,1
2022/08/10,浦和,6,Ｊ認 新選特別２歳一,1400,ダ,左,良,晴,7,7,7,スマイルマハロ,牡,2,54.0,485,-3,見越彬,宇野博,,5,1:32.6,39.9,6-5-4-4,6,485,-3
2022/08/10,浦和,6,Ｊ認 新選特別２歳一,1400,ダ,左,良,晴,7,6,6,ピュアアメリカン,牝,2,54.0,455,2,福原杏,小澤宏,,6,1:33.3,40.4,3-4-5-6,5,455,2
2022/08/10,浦和,6,Ｊ認 新選特別２歳一,1400,ダ,左,良,晴,7,5,5,シンライダムール,牡,2,54.0,461,18,秋元耕,水野貴,,7,1:35.9,40.7,7-7-7-7,7,461,18
2022/08/10,浦和,7,Ｊ交 ツインサマー特別３歳Ｃ１格付馬選抜,1400,ダ,左,良,晴,12,4,4,トーセンキッド,牡,3,56.0,462,3,真島大,小久智,,1,1:29.4,39.9,7-7-5-3,2,462,3
2022/08/10,浦和,7,Ｊ交 ツインサマー特別３歳Ｃ１格付馬選抜,1400,ダ,左,良,晴,12,8,12,ヴェルトクリーガー,牡,3,56.0,505,1,笹川翼,大和成,,2,1:29.6,40.5,4-3-2-2,1,505,1
2022/08/10,浦和,7,Ｊ交 ツインサマー特別３歳Ｃ１格付馬選抜,1400,ダ,左,良,晴,12,8,11,トラストベル,牝,3,54.0,436,-6,石川裕,田村康,,3,1:29.6,40.3,6-5-4-4,4,436,-6
2022/08/10,浦和,7,Ｊ交 ツインサマー特別３歳Ｃ１格付馬選抜,1400,ダ,左,良,晴,12,5,5,キョウエイシャイン,牝,3,55.0,454,0,秋元耕,小澤宏,,4,1:29.7,38.4,12-10-9-7,11,454,0
2022/08/10,浦和,7,Ｊ交 ツインサマー特別３歳Ｃ１格付馬選抜,1400,ダ,左,良,晴,12,6,8,シークレットグロウ,牡,3,56.0,440,0,森泰斗,萱野浩,,5,1:29.8,40.9,3-2-1-1,5,440,0
2022/08/10,浦和,7,Ｊ交 ツインサマー特別３歳Ｃ１格付馬選抜,1400,ダ,左,良,晴,12,5,6,クレウーサ,牝,3,54.0,469,-2,古岡勇,小澤宏,,6,1:30.2,39.7,9-8-7-6,9,469,-2
2022/08/10,浦和,7,Ｊ交 ツインサマー特別３歳Ｃ１格付馬選抜,1400,ダ,左,良,晴,12,6,7,ヴェラフォルツァ,牝,3,54.0,443,-3,柴田大,松永康,,7,1:30.4,41.1,5-4-3-5,3,443,-3
2022/08/10,浦和,7,Ｊ交 ツインサマー特別３歳Ｃ１格付馬選抜,1400,ダ,左,良,晴,12,7,9,トモノエリザベス,牝,3,55.0,445,-3,町田直,酒井一,,8,1:32.1,40.2,11-12-12-12,6,445,-3
2022/08/10,浦和,7,Ｊ交 ツインサマー特別３歳Ｃ１格付馬選抜,1400,ダ,左,良,晴,12,7,10,マカイレイ,牝,3,54.0,417,1,和田譲,畠山吉,,9,1:32.4,40.7,8-11-11-10,10,417,1
2022/08/10,浦和,7,Ｊ交 ツインサマー特別３歳Ｃ１格付馬選抜,1400,ダ,左,良,晴,12,3,3,ニッショウアッキー,牝,3,55.0,434,5,福原杏,酒井一,,10,1:33.1,43.0,1-6-8-9,8,434,5
2022/08/10,浦和,7,Ｊ交 ツインサマー特別３歳Ｃ１格付馬選抜,1400,ダ,左,良,晴,12,1,1,ジョワソレイユ,牡,3,57.0,473,-4,山中悠,伊藤滋,,11,1:33.7,44.6,2-1-6-8,7,473,-4
2022/08/10,浦和,7,Ｊ交 ツインサマー特別３歳Ｃ１格付馬選抜,1400,ダ,左,良,晴,12,2,2,シェナコブシ,牡,3,56.0,487,10,岡田大,吉田正,,12,1:34.3,42.8,10-9-10-11,12,487,10
2022/08/10,浦和,8,行こうよ日高市の巾着田賞Ｃ２選抜馬ア,800,ダ,左,良,晴,8,4,4,スプリングローズ,牝,4,54.0,458,-4,笹川翼,小久智,,1,0:47.4,35.8,1-1,1,458,-4
2022/08/10,浦和,8,行こうよ日高市の巾着田賞Ｃ２選抜馬ア,800,ダ,左,良,晴,8,7,7,ジュニパーダンス,牝,4,54.0,445,-4,町田直,海馬司,,2,0:47.7,35.3,6-4,4,445,-4
2022/08/10,浦和,8,行こうよ日高市の巾着田賞Ｃ２選抜馬ア,800,ダ,左,良,晴,8,3,3,カラドボルグ,牡,4,56.0,478,-8,岡田大,牛房榮,,3,0:48.0,36.2,2-2,2,478,-8
2022/08/10,浦和,8,行こうよ日高市の巾着田賞Ｃ２選抜馬ア,800,ダ,左,良,晴,8,5,5,グレイスディーヴァ,牝,4,54.0,491,3,小杉亮,渋谷博,,4,0:48.1,35.9,5-5,5,491,3
2022/08/10,浦和,8,行こうよ日高市の巾着田賞Ｃ２選抜馬ア,800,ダ,左,良,晴,8,8,8,レコパントモチャン,牝,4,51.0,515,-4,室陽一,岡田一,,5,0:48.2,36.1,3-3,7,515,-4
2022/08/10,浦和,8,行こうよ日高市の巾着田賞Ｃ２選抜馬ア,800,ダ,左,良,晴,8,2,2,ホシプリンセス,牝,4,53.0,498,0,七夕裕,酒井一,,6,0:48.5,36.1,7-7,6,498,0
2022/08/10,浦和,8,行こうよ日高市の巾着田賞Ｃ２選抜馬ア,800,ダ,左,良,晴,8,1,1,ラヴィンツァラ,牝,5,54.0,473,1,橋本直,平山真,,7,0:48.7,36.6,4-6,3,473,1
2022/08/10,浦和,8,行こうよ日高市の巾着田賞Ｃ２選抜馬ア,800,ダ,左,良,晴,8,6,6,ファンファン,牡,5,56.0,462,5,赤津和,箕輪武,,8,0:48.9,36.3,8-8,8,462,5
2022/08/10,浦和,9,Ｊ交 マルチヒーロー特別Ｂ２Ｂ３選抜馬,1400,ダ,左,良,晴,11,3,3,メイショウストーム,セ,0,53.0,450,-6,今村聖,松永昌,,1,1:27.7,37.6,8-9-7-3,2,450,-6
2022/08/10,浦和,9,Ｊ交 マルチヒーロー特別Ｂ２Ｂ３選抜馬,1400,ダ,左,良,晴,11,5,5,クリノザウルス,牡,4,57.0,487,13,町田直,本間忍,,2,1:27.7,37.2,10-10-10-4,9,487,13
2022/08/10,浦和,9,Ｊ交 マルチヒーロー特別Ｂ２Ｂ３選抜馬,1400,ダ,左,良,晴,11,6,7,シャイニー,牡,6,57.0,513,-4,和田譲,野口寛,,3,1:28.5,39.2,7-6-4-1,5,513,-4
2022/08/10,浦和,9,Ｊ交 マルチヒーロー特別Ｂ２Ｂ３選抜馬,1400,ダ,左,良,晴,11,1,1,ブレーヴトライ,牡,4,57.0,473,3,本田重,小西一,,4,1:28.6,38.5,9-8-8-2,7,473,3
2022/08/10,浦和,9,Ｊ交 マルチヒーロー特別Ｂ２Ｂ３選抜馬,1400,ダ,左,良,晴,11,7,8,ケルンコンサート,牡,3,56.0,460,0,笹川翼,森秀行,,5,1:30.1,40.8,5-5-6-7,3,460,0
2022/08/10,浦和,9,Ｊ交 マルチヒーロー特別Ｂ２Ｂ３選抜馬,1400,ダ,左,良,晴,11,2,2,ハッピーアナザー,牡,4,57.0,474,0,森泰斗,清水英,,6,1:30.1,40.0,6-7-9-9,4,474,0
2022/08/10,浦和,9,Ｊ交 マルチヒーロー特別Ｂ２Ｂ３選抜馬,1400,ダ,左,良,晴,11,8,10,カミノアカネ,牝,5,55.0,468,0,福原杏,岡田一,,7,1:30.5,42.1,2-2-1-5,10,468,0
2022/08/10,浦和,9,Ｊ交 マルチヒーロー特別Ｂ２Ｂ３選抜馬,1400,ダ,左,良,晴,11,7,9,ロングジャーニー,牝,4,55.0,479,15,本橋孝,小久智,,8,1:30.6,42.2,4-3-3-6,1,479,15
2022/08/10,浦和,9,Ｊ交 マルチヒーロー特別Ｂ２Ｂ３選抜馬,1400,ダ,左,良,晴,11,4,4,グレイトショーマン,牡,3,56.0,524,8,岡村健,新谷功,,9,1:30.8,41.8,3-4-5-8,8,524,8
2022/08/10,浦和,9,Ｊ交 マルチヒーロー特別Ｂ２Ｂ３選抜馬,1400,ダ,左,良,晴,11,6,6,キョウエイオジョウ,牝,8,53.0,480,2,藤本現,小澤宏,,10,1:30.9,38.2,11-11-11-11,11,480,2
2022/08/10,浦和,9,Ｊ交 マルチヒーロー特別Ｂ２Ｂ３選抜馬,1400,ダ,左,良,晴,11,8,11,スターオブケリー,牝,3,54.0,523,11,今野忠,繁田健,,11,1:33.5,45.1,1-1-2-10,6,523,11
2022/08/10,浦和,10,元気いっぱい　南区　ヒマワリ賞Ｃ１五,1400,ダ,左,良,晴,11,1,1,オウケンアマゾネス,牝,5,54.0,462,6,町田直,工藤伸,,1,1:29.5,38.8,8-7-6-5,1,462,6
2022/08/10,浦和,10,元気いっぱい　南区　ヒマワリ賞Ｃ１五,1400,ダ,左,良,晴,11,6,6,ビナハロン,セ,0,55.0,455,-5,小杉亮,矢野義,,2,1:29.5,38.7,7-8-5-1,3,455,-5
2022/08/10,浦和,10,元気いっぱい　南区　ヒマワリ賞Ｃ１五,1400,ダ,左,良,晴,11,7,8,マスクドサムライ,牡,3,52.0,471,2,室陽一,藤原智,,3,1:29.6,39.6,5-4-3-2,10,471,2
2022/08/10,浦和,10,元気いっぱい　南区　ヒマワリ賞Ｃ１五,1400,ダ,左,良,晴,11,8,11,ヘーベー,牝,4,54.0,474,3,和田譲,宇野博,,4,1:30.0,39.0,9-9-7-8,5,474,3
2022/08/10,浦和,10,元気いっぱい　南区　ヒマワリ賞Ｃ１五,1400,ダ,左,良,晴,11,3,3,アーバンブラック,牡,7,56.0,465,5,張田昂,平山真,,5,1:30.1,38.7,10-10-9-7,4,465,5
2022/08/10,浦和,10,元気いっぱい　南区　ヒマワリ賞Ｃ１五,1400,ダ,左,良,晴,11,4,4,カイレイダディ,牡,4,56.0,497,-16,半澤慶,水野貴,,6,1:30.8,40.8,2-3-4-6,11,497,-16
2022/08/10,浦和,10,元気いっぱい　南区　ヒマワリ賞Ｃ１五,1400,ダ,左,良,晴,11,8,10,レオズソーダライト,牝,6,54.0,471,6,櫻井光,平山真,,7,1:31.4,42.0,1-1-1-4,6,471,6
2022/08/10,浦和,10,元気いっぱい　南区　ヒマワリ賞Ｃ１五,1400,ダ,左,良,晴,11,5,5,ニシノアクシス,牡,5,56.0,506,2,國分祐,冨田敏,,8,1:31.6,42.2,3-2-2-3,8,506,2
2022/08/10,浦和,10,元気いっぱい　南区　ヒマワリ賞Ｃ１五,1400,ダ,左,良,晴,11,6,7,マイヨヴェール,牡,7,56.0,550,-4,福原杏,水野貴,,9,1:32.5,39.9,11-11-11-10,2,550,-4
2022/08/10,浦和,10,元気いっぱい　南区　ヒマワリ賞Ｃ１五,1400,ダ,左,良,晴,11,2,2,ピノタージュ,牝,5,54.0,449,-7,橋本直,内野健,,10,1:32.9,42.4,6-5-8-9,7,449,-7
2022/08/10,浦和,10,元気いっぱい　南区　ヒマワリ賞Ｃ１五,1400,ダ,左,良,晴,11,7,9,マックロマン,牡,3,55.0,467,2,山本紀,渋谷博,,11,1:34.8,43.4,4-6-10-11,9,467,2
2022/08/10,浦和,11,葉月特別Ｂ１Ｂ２一,1400,ダ,左,良,晴,7,1,1,セルフメイド,牡,4,52.0,490,-7,木間龍,矢野義,,1,1:28.4,37.5,2-2-1-1,3,490,-7
2022/08/10,浦和,11,葉月特別Ｂ１Ｂ２一,1400,ダ,左,良,晴,7,6,6,エフェルヴェソンス,牡,7,57.0,483,-5,篠谷葵,米谷康,,2,1:28.5,37.4,4-3-3-1,1,483,-5
2022/08/10,浦和,11,葉月特別Ｂ１Ｂ２一,1400,ダ,左,良,晴,7,7,7,パーソナルマキ,牡,9,57.0,493,-1,吉留孝,平山真,,3,1:29.8,38.5,5-5-5-3,6,493,-1
2022/08/10,浦和,11,葉月特別Ｂ１Ｂ２一,1400,ダ,左,良,晴,7,4,4,ジョーグランツ,牡,7,57.0,488,2,笹川翼,小久智,,4,1:29.8,38.4,6-6-6-4,4,488,2
2022/08/10,浦和,11,葉月特別Ｂ１Ｂ２一,1400,ダ,左,良,晴,7,3,3,タイセイエクセル,牝,4,53.0,473,-5,和田譲,山田信,,5,1:30.3,39.0,3-4-4-6,5,473,-5
2022/08/10,浦和,11,葉月特別Ｂ１Ｂ２一,1400,ダ,左,良,晴,7,2,2,サバンナロード,セ,0,57.0,539,3,見越彬,海馬司,,6,1:31.6,39.8,7-7-7-7,7,539,3
2022/08/10,浦和,11,葉月特別Ｂ１Ｂ２一,1400,ダ,左,良,晴,7,5,5,イディオム,牡,4,57.0,491,7,真島大,小久智,,7,1:33.7,42.9,1-1-1-5,2,491,7
2022/08/10,浦和,12,サードニクス特別Ｃ１選抜馬,2000,ダ,左,良,晴,11,8,10,タカジョー,牡,4,56.0,471,-6,笹川翼,宇野博,,1,2:10.8,39.1,2-2-1-1,1,471,-6
2022/08/10,浦和,12,サードニクス特別Ｃ１選抜馬,2000,ダ,左,良,晴,11,6,7,ファステストシチー,牡,4,56.0,465,-4,町田直,水野貴,,2,2:11.5,39.6,4-4-4-2,3,465,-4
2022/08/10,浦和,12,サードニクス特別Ｃ１選抜馬,2000,ダ,左,良,晴,11,7,9,ログハウス,牝,7,54.0,493,1,吉留孝,平山真,,3,2:12.0,40.3,3-3-2-3,6,493,1
2022/08/10,浦和,12,サードニクス特別Ｃ１選抜馬,2000,ダ,左,良,晴,11,6,6,プライムデイ,牡,4,56.0,515,-5,張田昂,山下之,,4,2:12.6,40.9,1-1-3-4,2,515,-5
2022/08/10,浦和,12,サードニクス特別Ｃ１選抜馬,2000,ダ,左,良,晴,11,1,1,ワンダーダイカネン,牡,5,56.0,493,-3,見越彬,鈴木勝,,5,2:12.8,40.3,8-6-5-5,10,493,-3
2022/08/10,浦和,12,サードニクス特別Ｃ１選抜馬,2000,ダ,左,良,晴,11,4,4,ジオパークマグマ,牡,4,53.0,463,-1,室陽一,川島豊,,6,2:12.8,40.1,7-7-7-6,7,463,-1
2022/08/10,浦和,12,サードニクス特別Ｃ１選抜馬,2000,ダ,左,良,晴,11,5,5,マイネルジェンマ,牡,6,56.0,491,-3,橋本直,内野健,,7,2:13.3,40.8,5-5-6-7,5,491,-3
2022/08/10,浦和,12,サードニクス特別Ｃ１選抜馬,2000,ダ,左,良,晴,11,8,11,テンポラーレ,牡,4,56.0,499,6,達城龍,山中尊,,8,2:13.5,39.9,11-11-11-11,4,499,6
2022/08/10,浦和,12,サードニクス特別Ｃ１選抜馬,2000,ダ,左,良,晴,11,3,3,アルバリ,牡,7,56.0,439,4,秋元耕,箕輪武,,9,2:13.6,40.7,9-9-8-8,8,439,4
2022/08/10,浦和,12,サードニクス特別Ｃ１選抜馬,2000,ダ,左,良,晴,11,7,8,カシノペルル,牡,3,55.0,503,4,寺島憂,鹿沼和,,10,2:14.0,41.1,6-8-9-10,11,503,4
2022/08/10,浦和,12,サードニクス特別Ｃ１選抜馬,2000,ダ,左,良,晴,11,2,2,フェルカド,牡,5,56.0,483,1,藤江渉,野口孝,,11,2:14.0,40.9,10-10-10-9,9,483,1
2022/08/11,浦和,1,２歳三,1400,ダ,左,良,晴,7,1,1,ソーヴキプ,牝,2,54.0,448,-1,山口達,渋谷博,,1,1:31.9,41.1,1-1-1-1,2,448,-1
2022/08/11,浦和,1,２歳三,1400,ダ,左,良,晴,7,3,3,エマーブルクラス,牝,2,54.0,440,-5,森泰斗,薮口一,,2,1:33.5,40.6,7-6-3-2,1,440,-5
2022/08/11,浦和,1,２歳三,1400,ダ,左,良,晴,7,4,4,キミトユメヲカケル,牝,2,51.0,420,2,室陽一,長谷忍,,3,1:33.7,41.3,3-3-4-4,3,420,2
2022/08/11,浦和,1,２歳三,1400,ダ,左,良,晴,7,5,5,インベンション,牝,2,54.0,444,5,和田譲,長谷忍,,4,1:34.0,41.4,4-5-5-5,5,444,5
2022/08/11,浦和,1,２歳三,1400,ダ,左,良,晴,7,7,7,クリプリンセス,牝,2,54.0,422,-3,秋元耕,冨田敏,,5,1:35.1,43.1,2-2-2-3,4,422,-3
2022/08/11,浦和,1,２歳三,1400,ダ,左,良,晴,7,2,2,シェナカレン,牡,2,54.0,447,0,吉留孝,山越光,,6,1:35.8,42.7,5-4-6-6,7,447,0
2022/08/11,浦和,1,２歳三,1400,ダ,左,良,晴,7,6,6,ユウユウピッコラ,牝,2,54.0,415,6,福原杏,横山保,,7,1:36.4,42.5,6-7-7-7,6,415,6
2022/08/11,浦和,2,甘さいっぱい　梨の郷　蓮田賞２歳二,1400,ダ,左,良,晴,7,5,5,タカイチスイート,牝,2,54.0,488,-3,森泰斗,薮口一,,1,1:32.6,40.2,1-1-1-1,1,488,-3
2022/08/11,浦和,2,甘さいっぱい　梨の郷　蓮田賞２歳二,1400,ダ,左,良,晴,7,7,7,キックアス,牡,2,50.0,429,1,中島良,海馬司,,2,1:32.9,40.3,3-3-2-2,2,429,1
2022/08/11,浦和,2,甘さいっぱい　梨の郷　蓮田賞２歳二,1400,ダ,左,良,晴,7,2,2,ハシッテマウデ,牡,2,54.0,398,-12,川島正,渋谷博,,3,1:34.2,40.7,4-5-5-4,4,398,-12
2022/08/11,浦和,2,甘さいっぱい　梨の郷　蓮田賞２歳二,1400,ダ,左,良,晴,7,1,1,シェナストーン,牡,2,54.0,437,-3,秋元耕,吉田正,,4,1:34.5,40.6,6-6-6-5,3,437,-3
2022/08/11,浦和,2,甘さいっぱい　梨の郷　蓮田賞２歳二,1400,ダ,左,良,晴,7,6,6,シェナリオン,牡,2,54.0,448,4,保園翔,冨田敏,,5,1:34.9,42.3,2-2-3-3,7,448,4
2022/08/11,浦和,2,甘さいっぱい　梨の郷　蓮田賞２歳二,1400,ダ,左,良,晴,7,4,4,アメ,牝,2,52.0,429,8,菅原涼,長谷忍,,6,1:35.2,41.1,7-7-7-7,6,429,8
2022/08/11,浦和,2,甘さいっぱい　梨の郷　蓮田賞２歳二,1400,ダ,左,良,晴,7,3,3,スタータマチャン,牝,2,54.0,486,-6,橋本直,川村守,,7,1:36.2,43.1,5-4-4-6,5,486,-6
2022/08/11,浦和,3,浦和８００ラウンド３歳選抜馬,800,ダ,左,良,晴,11,4,4,エンタクノキシ,牡,3,56.0,484,7,御神訓,藤原智,,1,0:48.1,36.0,2-1,3,484,7
2022/08/11,浦和,3,浦和８００ラウンド３歳選抜馬,800,ダ,左,良,晴,11,5,5,カシノリカバリー,牝,3,54.0,470,0,和田譲,野口寛,,2,0:48.6,35.7,8-5,8,470,0
2022/08/11,浦和,3,浦和８００ラウンド３歳選抜馬,800,ダ,左,良,晴,11,8,10,アイカーニバル,牝,3,54.0,485,3,吉留孝,岡田一,,3,0:48.7,36.6,3-2,4,485,3
2022/08/11,浦和,3,浦和８００ラウンド３歳選抜馬,800,ダ,左,良,晴,11,6,6,トレメルヴェーユ,牝,3,54.0,452,7,本田重,新井清,,4,0:48.8,36.7,4-4,2,452,7
2022/08/11,浦和,3,浦和８００ラウンド３歳選抜馬,800,ダ,左,良,晴,11,2,2,アルゴル,牡,3,55.0,464,10,七夕裕,箕輪武,,5,0:49.0,36.9,1-3,5,464,10
2022/08/11,浦和,3,浦和８００ラウンド３歳選抜馬,800,ダ,左,良,晴,11,8,11,キセガワ,牝,3,50.0,457,0,中島良,長谷忍,,6,0:49.2,36.3,10-7,1,457,0
2022/08/11,浦和,3,浦和８００ラウンド３歳選抜馬,800,ダ,左,良,晴,11,7,8,エイシンスマッシュ,牡,3,53.0,467,9,室陽一,平山真,,7,0:49.3,36.6,9-8,10,467,9
2022/08/11,浦和,3,浦和８００ラウンド３歳選抜馬,800,ダ,左,良,晴,11,6,7,シェナコロネ,牝,3,54.0,487,-3,岡田大,冨田敏,,8,0:49.3,37.2,6-6,11,487,-3
2022/08/11,浦和,3,浦和８００ラウンド３歳選抜馬,800,ダ,左,良,晴,11,7,9,ワンダーキッス,牝,3,54.0,436,3,見越彬,工藤伸,,9,0:49.9,37.8,7-9,7,436,3
2022/08/11,浦和,3,浦和８００ラウンド３歳選抜馬,800,ダ,左,良,晴,11,1,1,ユウユウピクニック,牝,3,54.0,407,-1,福原杏,横山保,,10,0:50.9,37.6,11-10,9,407,-1
2022/08/11,浦和,3,浦和８００ラウンド３歳選抜馬,800,ダ,左,良,晴,11,3,3,ビッグファクター,セ,0,53.0,525,2,野畑凌,佐藤博,,11,0:51.6,39.5,5-11,6,525,2
2022/08/11,浦和,4,浦和８００ラウンドＣ３選抜馬ウ,800,ダ,左,良,晴,10,3,3,ピノゼン,牝,6,51.0,486,1,新原周,野口孝,,1,0:48.4,36.0,2-2,3,486,1
2022/08/11,浦和,4,浦和８００ラウンドＣ３選抜馬ウ,800,ダ,左,良,晴,10,2,2,クールスパート,牡,7,56.0,472,3,見越彬,野口寛,,2,0:48.7,36.3,1-1,1,472,3
2022/08/11,浦和,4,浦和８００ラウンドＣ３選抜馬ウ,800,ダ,左,良,晴,10,8,10,レッドシャドー,牡,5,53.0,459,0,野畑凌,佐藤博,,3,0:49.1,35.9,5-5,4,459,0
2022/08/11,浦和,4,浦和８００ラウンドＣ３選抜馬ウ,800,ダ,左,良,晴,10,7,8,ヴィクトリアブーケ,牝,4,54.0,385,-8,岡田大,薮口一,,4,0:49.3,36.7,3-3,2,385,-8
2022/08/11,浦和,4,浦和８００ラウンドＣ３選抜馬ウ,800,ダ,左,良,晴,10,8,9,コウエイダイチ,牡,8,56.0,463,-3,福原杏,吉田正,,5,0:49.6,36.4,6-6,8,463,-3
2022/08/11,浦和,4,浦和８００ラウンドＣ３選抜馬ウ,800,ダ,左,良,晴,10,1,1,ネオペトリコール,牝,4,51.0,399,1,室陽一,酒井一,,6,0:49.7,36.9,4-4,6,399,1
2022/08/11,浦和,4,浦和８００ラウンドＣ３選抜馬ウ,800,ダ,左,良,晴,10,4,4,ナンセイエメラルド,牝,6,54.0,448,7,保園翔,山越光,,7,0:50.3,36.8,7-7,7,448,7
2022/08/11,浦和,4,浦和８００ラウンドＣ３選抜馬ウ,800,ダ,左,良,晴,10,7,7,ヘデラ,牝,6,54.0,438,5,寺島憂,水野貴,,8,0:50.5,36.7,8-8,5,438,5
2022/08/11,浦和,4,浦和８００ラウンドＣ３選抜馬ウ,800,ダ,左,良,晴,10,6,6,リアルドリーム,牝,4,50.0,441,-5,中島良,川島豊,,9,0:50.8,37.1,9-9,9,441,-5
2022/08/11,浦和,4,浦和８００ラウンドＣ３選抜馬ウ,800,ダ,左,良,晴,10,5,5,シャインルビー,牝,5,54.0,437,-5,赤津和,川村守,,10,0:51.4,37.6,10-10,10,437,-5
2022/08/11,浦和,5,３歳六,1400,ダ,左,良,晴,8,7,7,メラスクリオス,牝,3,54.0,457,0,和田譲,宇野博,,1,1:31.5,40.9,2-2-2-1,1,457,0
2022/08/11,浦和,5,３歳六,1400,ダ,左,良,晴,8,6,6,テットアヴァンセ,牡,3,56.0,449,-1,岡村健,小林真,,2,1:31.8,39.6,7-7-7-2,5,449,-1
2022/08/11,浦和,5,３歳六,1400,ダ,左,良,晴,8,1,1,アクナキチョウセン,牡,3,56.0,448,9,笹川翼,宇野博,,3,1:31.9,40.9,5-4-4-3,3,448,9
2022/08/11,浦和,5,３歳六,1400,ダ,左,良,晴,8,4,4,スターコマチ,牝,3,54.0,416,5,橋本直,小澤宏,,4,1:32.9,40.4,8-8-8-7,6,416,5
2022/08/11,浦和,5,３歳六,1400,ダ,左,良,晴,8,3,3,ゴールドキングダム,牡,3,56.0,501,1,秋元耕,鹿沼和,,5,1:33.1,41.5,4-5-5-8,7,501,1
2022/08/11,浦和,5,３歳六,1400,ダ,左,良,晴,8,5,5,セイエイセンヌ,牝,3,54.0,445,-1,藤江渉,箕輪武,,6,1:33.3,41.7,6-6-5-5,2,445,-1
2022/08/11,浦和,5,３歳六,1400,ダ,左,良,晴,8,8,8,グラナダフレイバー,牝,3,51.0,497,-5,野畑凌,繁田健,,7,1:33.9,43.1,3-3-3-6,4,497,-5
2022/08/11,浦和,5,３歳六,1400,ダ,左,良,晴,8,2,2,ルミマルヤ,牝,3,51.0,460,6,室陽一,水野貴,,8,1:35.6,45.0,1-1-1-4,8,460,6
2022/08/11,浦和,6,Ｃ３二,1400,ダ,左,良,晴,10,8,10,ヤマジュンヒバナ,牝,5,51.0,464,8,室陽一,宇野博,,1,1:29.9,39.8,5-3-2-1,1,464,8
2022/08/11,浦和,6,Ｃ３二,1400,ダ,左,良,晴,10,1,1,キミノナハ,牝,4,54.0,456,1,和田譲,長谷忍,,2,1:31.6,40.0,7-7-7-5,5,456,1
2022/08/11,浦和,6,Ｃ３二,1400,ダ,左,良,晴,10,3,3,セイエイビビット,牝,6,54.0,551,-2,内田利,岡田一,,3,1:31.6,41.5,3-5-4-2,7,551,-2
2022/08/11,浦和,6,Ｃ３二,1400,ダ,左,良,晴,10,5,5,ラッキーアモン,牡,6,56.0,496,3,秋元耕,水野貴,,4,1:32.1,39.6,9-10-9-8,8,496,3
2022/08/11,浦和,6,Ｃ３二,1400,ダ,左,良,晴,10,8,9,ラブリーギャル,牝,6,54.0,491,5,見越彬,海馬司,,5,1:32.1,41.9,4-4-5-4,2,491,5
2022/08/11,浦和,6,Ｃ３二,1400,ダ,左,良,晴,10,7,8,メイショウハヤナリ,牡,6,54.0,493,1,菅原涼,藤原智,,6,1:33.0,43.2,2-2-1-3,3,493,1
2022/08/11,浦和,6,Ｃ３二,1400,ダ,左,良,晴,10,2,2,ジョートラジャ,牡,6,56.0,563,3,本橋孝,小久智,,7,1:33.2,42.4,6-6-6-7,4,563,3
2022/08/11,浦和,6,Ｃ３二,1400,ダ,左,良,晴,10,7,7,ミライヘノサイン,牝,9,50.0,448,1,中島良,冨田敏,,8,1:33.2,41.2,10-9-8-9,10,448,1
2022/08/11,浦和,6,Ｃ３二,1400,ダ,左,良,晴,10,6,6,エスカマリ,牝,4,54.0,457,7,福原杏,吉田正,,9,1:33.9,41.5,8-8-10-10,9,457,7
2022/08/11,浦和,6,Ｃ３二,1400,ダ,左,良,晴,10,4,4,スズカシニック,牡,6,56.0,494,5,川島正,川村守,,10,1:34.6,44.8,1-1-3-6,6,494,5
2022/08/11,浦和,7,Ｃ２五 六,1500,ダ,左,良,晴,7,7,7,クールリフレイン,牡,7,56.0,522,-3,高橋利,新井清,,1,1:37.2,39.1,3-3-2-1,3,522,-3
2022/08/11,浦和,7,Ｃ２五 六,1500,ダ,左,良,晴,7,5,5,エコロアジェンダ,牡,4,56.0,461,-3,森泰斗,工藤伸,,2,1:37.7,39.3,4-4-4-3,2,461,-3
2022/08/11,浦和,7,Ｃ２五 六,1500,ダ,左,良,晴,7,1,1,モモドリーム,牝,4,51.0,482,6,室陽一,平山真,,3,1:38.9,40.8,1-1-1-2,4,482,6
2022/08/11,浦和,7,Ｃ２五 六,1500,ダ,左,良,晴,7,6,6,エイコーレイワ,牝,5,50.0,472,4,中島良,川村守,,4,1:39.7,41.2,6-5-5-4,7,472,4
2022/08/11,浦和,7,Ｃ２五 六,1500,ダ,左,良,晴,7,4,4,ファインアレス,牡,6,56.0,489,-3,福原杏,鹿沼和,,5,1:39.7,40.4,7-7-6-6,5,489,-3
2022/08/11,浦和,7,Ｃ２五 六,1500,ダ,左,良,晴,7,2,2,エルフバローズ,牝,4,54.0,447,2,藤本現,工藤伸,,6,1:39.9,41.8,2-2-3-5,1,447,2
2022/08/11,浦和,7,Ｃ２五 六,1500,ダ,左,良,晴,7,3,3,ケイティーユイ,牝,4,54.0,446,3,寺島憂,水野貴,,7,1:41.8,42.9,5-6-7-7,6,446,3
2022/08/11,浦和,8,Ｃ２五 六,1400,ダ,左,良,晴,8,2,2,ヒゲクレイジー,セ,0,56.0,462,5,笹川翼,酒井一,,1,1:30.2,38.4,6-6-5-5,3,462,5
2022/08/11,浦和,8,Ｃ２五 六,1400,ダ,左,良,晴,8,6,6,キャンビー,牡,4,56.0,513,-3,達城龍,野口寛,,2,1:30.3,39.6,3-3-2-1,2,513,-3
2022/08/11,浦和,8,Ｃ２五 六,1400,ダ,左,良,晴,8,1,1,ハツネヘイロー,セ,0,56.0,504,-2,秋元耕,宇野博,,3,1:30.6,39.1,4-4-4-4,4,504,-2
2022/08/11,浦和,8,Ｃ２五 六,1400,ダ,左,良,晴,8,3,3,ルージュカプリス,牝,5,54.0,428,-5,森泰斗,長谷忍,,4,1:31.4,40.7,2-2-3-3,1,428,-5
2022/08/11,浦和,8,Ｃ２五 六,1400,ダ,左,良,晴,8,7,7,コンバットマジック,牝,4,54.0,455,-7,藤江渉,川島豊,,5,1:31.5,40.9,1-1-1-2,8,455,-7
2022/08/11,浦和,8,Ｃ２五 六,1400,ダ,左,良,晴,8,4,4,ジュディスピュア,牝,4,54.0,432,-1,小杉亮,玉井昇,,6,1:32.0,39.4,7-8-8-6,6,432,-1
2022/08/11,浦和,8,Ｃ２五 六,1400,ダ,左,良,晴,8,8,8,ニシノキスミー,牝,8,54.0,479,5,福原杏,小澤宏,,7,1:32.9,40.7,8-7-7-8,7,479,5
2022/08/11,浦和,8,Ｃ２五 六,1400,ダ,左,良,晴,8,5,5,コンフィテオール,牝,4,54.0,446,-8,和田譲,渡邊貴,,8,1:33.6,42.0,5-5-6-7,5,446,-8
2022/08/11,浦和,9,甲武信ヶ岳特別Ｃ１三,1400,ダ,左,良,晴,12,5,6,クラップクラップ,牝,5,54.0,458,5,本橋孝,小久智,,1,1:29.2,39.0,2-2-2-2,4,458,5
2022/08/11,浦和,9,甲武信ヶ岳特別Ｃ１三,1400,ダ,左,良,晴,12,7,10,レナータ,牝,7,52.0,460,-4,菅原涼,藤原智,,2,1:29.5,39.3,1-1-1-1,1,460,-4
2022/08/11,浦和,9,甲武信ヶ岳特別Ｃ１三,1400,ダ,左,良,晴,12,5,5,バシリッサ,牝,4,54.0,467,-3,岡村健,渡邊貴,,3,1:29.8,39.0,6-6-6-3,6,467,-3
2022/08/11,浦和,9,甲武信ヶ岳特別Ｃ１三,1400,ダ,左,良,晴,12,3,3,スーパーローズ,牝,5,54.0,471,-1,吉留孝,野口孝,,4,1:30.5,39.1,9-9-8-6,9,471,-1
2022/08/11,浦和,9,甲武信ヶ岳特別Ｃ１三,1400,ダ,左,良,晴,12,4,4,ノースリュシオル,牝,4,54.0,436,-4,張田昂,長谷忍,,4,1:30.5,39.9,4-3-4-4,11,436,-4
2022/08/11,浦和,9,甲武信ヶ岳特別Ｃ１三,1400,ダ,左,良,晴,12,2,2,リヴェルサス,牡,4,56.0,452,-6,笠野雄,水野貴,,6,1:30.5,39.9,3-4-5-5,10,452,-6
2022/08/11,浦和,9,甲武信ヶ岳特別Ｃ１三,1400,ダ,左,良,晴,12,6,7,マダムフィガロ,牝,8,51.0,489,-10,野畑凌,田邊陽,,7,1:30.8,39.4,8-8-9-9,8,489,-10
2022/08/11,浦和,9,甲武信ヶ岳特別Ｃ１三,1400,ダ,左,良,晴,12,1,1,モーニングスマイル,牡,3,55.0,462,13,秋元耕,箕輪武,,8,1:31.7,39.4,12-12-11-11,7,462,13
2022/08/11,浦和,9,甲武信ヶ岳特別Ｃ１三,1400,ダ,左,良,晴,12,8,12,コンアモーレ,牡,3,55.0,496,0,和田譲,宇野博,,9,1:31.7,41.1,5-5-3-7,3,496,0
2022/08/11,浦和,9,甲武信ヶ岳特別Ｃ１三,1400,ダ,左,良,晴,12,6,8,リコーグレース,牝,4,54.0,490,9,笹川翼,繁田健,,10,1:31.8,39.9,11-10-10-10,2,490,9
2022/08/11,浦和,9,甲武信ヶ岳特別Ｃ１三,1400,ダ,左,良,晴,12,8,11,シェヴロンケリー,牝,3,53.0,446,8,森泰斗,小澤宏,,11,1:32.0,41.0,7-7-7-8,5,446,8
2022/08/11,浦和,9,甲武信ヶ岳特別Ｃ１三,1400,ダ,左,良,晴,12,7,9,ゴールドエース,牡,3,52.0,467,1,新原周,野口孝,,12,1:32.9,40.1,10-11-12-12,12,467,1
2022/08/11,浦和,10,山の日特別Ｂ３二,1500,ダ,左,良,晴,9,7,7,ジョーマキアート,牝,7,50.0,510,6,中島良,小久智,,1,1:35.7,38.4,1-1-1-1,2,510,6
2022/08/11,浦和,10,山の日特別Ｂ３二,1500,ダ,左,良,晴,9,8,8,コウユーラヴラヴ,牝,4,54.0,482,14,町田直,宇野博,,2,1:36.3,38.9,3-3-2-2,4,482,14
2022/08/11,浦和,10,山の日特別Ｂ３二,1500,ダ,左,良,晴,9,4,4,レオステップアップ,牡,7,56.0,498,1,岡村健,岡林光,,3,1:36.8,38.9,6-6-4-3,1,498,1
2022/08/11,浦和,10,山の日特別Ｂ３二,1500,ダ,左,良,晴,9,3,3,バトードラムール,牝,7,54.0,468,-5,張田昂,小澤宏,,4,1:37.2,39.3,4-4-5-4,6,468,-5
2022/08/11,浦和,10,山の日特別Ｂ３二,1500,ダ,左,良,晴,9,1,1,ロッソアモーレ,牝,5,51.0,469,0,木間龍,矢野義,,5,1:37.7,39.2,7-7-7-6,3,469,0
2022/08/11,浦和,10,山の日特別Ｂ３二,1500,ダ,左,良,晴,9,2,2,トミケンゲヌーク,セ,0,56.0,451,8,小杉亮,阿井正,,6,1:38.0,38.2,9-9-9-9,7,451,8
2022/08/11,浦和,10,山の日特別Ｂ３二,1500,ダ,左,良,晴,9,5,5,アイエンジェル,牝,5,54.0,496,3,秋元耕,岡田一,,7,1:38.4,41.0,2-2-3-5,8,496,3
2022/08/11,浦和,10,山の日特別Ｂ３二,1500,ダ,左,良,晴,9,8,9,ニッチモサッチモ,セ,0,56.0,444,7,山中悠,伊藤滋,,8,1:38.4,39.4,8-8-8-8,9,444,7
2022/08/11,浦和,10,山の日特別Ｂ３二,1500,ダ,左,良,晴,9,6,6,マナーザマジック,牡,5,56.0,458,-1,森泰斗,野口孝,,9,1:38.7,40.8,5-5-6-7,5,458,-1
2022/08/11,浦和,11,’２２トワイライトカップＡ２下選抜馬,1400,ダ,左,良,晴,7,3,3,ウインプリンツ,牡,6,55.0,511,3,吉留孝,平山真,,1,1:28.2,37.1,1-1-1-1,5,511,3
2022/08/11,浦和,11,’２２トワイライトカップＡ２下選抜馬,1400,ダ,左,良,晴,7,7,7,エンテレケイア,牡,4,57.0,519,6,真島大,小久智,,2,1:28.2,36.9,2-2-2-2,2,519,6
2022/08/11,浦和,11,’２２トワイライトカップＡ２下選抜馬,1400,ダ,左,良,晴,7,6,6,キタサンタイドー,牡,7,57.0,514,-9,笹川翼,米谷康,,3,1:28.5,37.0,3-3-3-4,4,514,-9
2022/08/11,浦和,11,’２２トワイライトカップＡ２下選抜馬,1400,ダ,左,良,晴,7,4,4,トーセンレビュー,牡,5,57.0,513,10,本橋孝,小久智,,4,1:28.5,37.0,5-4-4-3,3,513,10
2022/08/11,浦和,11,’２２トワイライトカップＡ２下選抜馬,1400,ダ,左,良,晴,7,1,1,ヨハン,牡,6,57.0,442,-5,町田直,山下之,,5,1:28.6,36.9,6-5-5-5,1,442,-5
2022/08/11,浦和,11,’２２トワイライトカップＡ２下選抜馬,1400,ダ,左,良,晴,7,5,5,ランスオブプラーナ,牡,6,57.0,492,-6,張田昂,石井勝,,6,1:30.2,38.1,4-6-6-6,6,492,-6
2022/08/11,浦和,11,’２２トワイライトカップＡ２下選抜馬,1400,ダ,左,良,晴,7,2,2,ジョースターライト,牡,9,57.0,490,2,橋本直,小久智,,7,1:30.4,38.2,7-7-7-7,7,490,2
2022/08/11,浦和,12,三宝山特別Ｃ３選抜馬,2000,ダ,左,良,晴,8,7,7,ニシノブライアント,牡,4,56.0,450,-8,西村栄,渋谷博,,1,2:13.5,39.8,6-6-4-1,2,450,-8
2022/08/11,浦和,12,三宝山特別Ｃ３選抜馬,2000,ダ,左,良,晴,8,2,2,シークレットギア,牡,4,56.0,484,7,吉留孝,薮口一,,2,2:14.2,41.4,1-1-1-2,3,484,7
2022/08/11,浦和,12,三宝山特別Ｃ３選抜馬,2000,ダ,左,良,晴,8,8,8,ラウズアップ,牡,6,56.0,418,0,橋本直,牛房榮,,3,2:15.0,42.1,3-3-2-3,4,418,0
2022/08/11,浦和,12,三宝山特別Ｃ３選抜馬,2000,ダ,左,良,晴,8,4,4,アルコンシチー,牡,5,56.0,459,-9,藤江渉,箕輪武,,4,2:15.1,41.4,5-4-5-4,6,459,-9
2022/08/11,浦和,12,三宝山特別Ｃ３選抜馬,2000,ダ,左,良,晴,8,6,6,マッシロ,牝,6,51.0,426,5,新原周,林隆之,,5,2:15.5,42.4,2-2-3-5,1,426,5
2022/08/11,浦和,12,三宝山特別Ｃ３選抜馬,2000,ダ,左,良,晴,8,3,3,ドラグ,牝,4,54.0,424,1,福原杏,牛房榮,,6,2:16.0,41.8,4-5-7-6,5,424,1
2022/08/11,浦和,12,三宝山特別Ｃ３選抜馬,2000,ダ,左,良,晴,8,5,5,コスモリカバリー,牡,4,56.0,516,-7,保園翔,山越光,,7,2:16.7,42.5,8-7-6-7,8,516,-7
2022/08/11,浦和,12,三宝山特別Ｃ３選抜馬,2000,ダ,左,良,晴,8,1,1,デンコウメジャー,牡,7,56.0,475,1,櫻井光,平山真,,8,2:17.9,42.9,7-8-8-8,7,475,1
2022/08/12,浦和,1,２歳四,1400,ダ,左,良,晴,8,6,6,クワイエットライト,牡,2,54.0,455,1,保園翔,小久智,,1,1:32.5,40.8,2-2-1-1,2,455,1
2022/08/12,浦和,1,２歳四,1400,ダ,左,良,晴,8,4,4,イイガネ,牝,2,54.0,447,-4,町田直,酒井一,,2,1:32.6,40.9,1-1-2-2,1,447,-4
2022/08/12,浦和,1,２歳四,1400,ダ,左,良,晴,8,3,3,カシノビジン,牝,2,54.0,410,1,見越彬,野口寛,,3,1:35.0,41.0,5-5-5-6,7,410,1
2022/08/12,浦和,1,２歳四,1400,ダ,左,良,晴,8,2,2,リオチャン,牡,2,54.0,481,6,福原杏,野口孝,,4,1:35.1,42.0,6-4-3-3,5,481,6
2022/08/12,浦和,1,２歳四,1400,ダ,左,良,晴,8,1,1,ユウユウプレシャス,牝,2,51.0,398,1,室陽一,横山保,,5,1:35.4,41.2,8-7-6-5,4,398,1
2022/08/12,浦和,1,２歳四,1400,ダ,左,良,晴,8,7,7,ルヴァンモンスター,牡,2,54.0,514,-1,和田譲,水野貴,,6,1:36.9,43.4,3-3-4-4,3,514,-1
2022/08/12,浦和,1,２歳四,1400,ダ,左,良,晴,8,5,5,シェナレモン,牝,2,54.0,429,5,秋元耕,冨田敏,,7,1:38.6,44.2,4-6-7-7,6,429,5
2022/08/12,浦和,1,２歳四,1400,ダ,左,良,晴,8,8,8,シェナアメリ,牡,2,54.0,467,9,内田利,吉田正,,8,1:40.3,44.5,7-8-8-8,8,467,9
2022/08/12,浦和,2,シャキッとジューシー　蓮田の梨賞３歳九,1400,ダ,左,良,晴,7,2,2,バジガクフローレス,牡,3,56.0,390,2,笠野雄,山中尊,,1,1:31.4,39.0,5-5-1-1,5,390,2
2022/08/12,浦和,2,シャキッとジューシー　蓮田の梨賞３歳九,1400,ダ,左,良,晴,7,6,6,マリークロード,牝,3,54.0,460,4,篠谷葵,林正人,,2,1:33.0,40.8,3-2-2-2,1,460,4
2022/08/12,浦和,2,シャキッとジューシー　蓮田の梨賞３歳九,1400,ダ,左,良,晴,7,5,5,ヨドノホマレ,牡,3,56.0,0,0,福原杏,平山真,,3,1:33.9,41.6,2-3-3-3,2,0,0
2022/08/12,浦和,2,シャキッとジューシー　蓮田の梨賞３歳九,1400,ダ,左,良,晴,7,1,1,シェナマジック,牡,3,56.0,437,-3,國分祐,冨田敏,,4,1:34.2,41.0,6-6-5-4,4,437,-3
2022/08/12,浦和,2,シャキッとジューシー　蓮田の梨賞３歳九,1400,ダ,左,良,晴,7,7,7,ユカリン,牡,3,56.0,474,-13,濱田達,伊藤滋,,5,1:35.8,42.8,4-4-6-6,7,474,-13
2022/08/12,浦和,2,シャキッとジューシー　蓮田の梨賞３歳九,1400,ダ,左,良,晴,7,4,4,ヒナマル,牝,3,50.0,415,-9,中島良,長谷忍,,6,1:36.1,43.9,1-1-4-5,6,415,-9
2022/08/12,浦和,2,シャキッとジューシー　蓮田の梨賞３歳九,1400,ダ,左,良,晴,7,3,3,フィラーズ,牡,3,53.0,455,-1,新原周,小久智,,7,1:45.0,49.6,7-7-7-7,3,455,-1
2022/08/12,浦和,3,３歳八,1400,ダ,左,良,晴,9,7,7,クー,牝,3,54.0,453,3,岡田大,牛房榮,,1,1:31.8,40.3,4-3-2-2,6,453,3
2022/08/12,浦和,3,３歳八,1400,ダ,左,良,晴,9,8,9,ティーズロック,牡,3,56.0,512,12,和田譲,水野貴,,2,1:32.2,40.8,2-2-1-1,2,512,12
2022/08/12,浦和,3,３歳八,1400,ダ,左,良,晴,9,6,6,テンダーメモリー,牝,3,54.0,478,25,張田昂,宇野博,,3,1:32.8,41.0,8-5-4-4,3,478,25
2022/08/12,浦和,3,３歳八,1400,ダ,左,良,晴,9,4,4,ディラック,牡,3,53.0,452,5,室陽一,小澤宏,,4,1:33.1,40.9,7-8-6-5,4,452,5
2022/08/12,浦和,3,３歳八,1400,ダ,左,良,晴,9,8,8,サリヴァン,牝,3,51.0,455,2,新原周,小澤宏,,5,1:33.9,41.7,9-9-7-7,7,455,2
2022/08/12,浦和,3,３歳八,1400,ダ,左,良,晴,9,2,2,セピアムーン,牝,3,54.0,405,-1,赤津和,箕輪武,,6,1:34.1,42.1,3-4-5-6,9,405,-1
2022/08/12,浦和,3,３歳八,1400,ダ,左,良,晴,9,5,5,ミキノケショウバコ,牝,3,54.0,478,-4,吉留孝,平山真,,7,1:34.8,43.4,1-1-3-3,8,478,-4
2022/08/12,浦和,3,３歳八,1400,ダ,左,良,晴,9,1,1,ブレイク,牡,3,54.0,472,8,菅原涼,藤原智,,8,1:35.5,43.3,6-6-8-8,1,472,8
2022/08/12,浦和,3,３歳八,1400,ダ,左,良,晴,9,3,3,ウインリナリア,牝,3,54.0,461,14,藤江渉,工藤伸,,9,1:42.1,49.4,5-7-9-9,5,461,14
2022/08/12,浦和,4,浦和８００ラウンドＣ３選抜馬イ,800,ダ,左,良,晴,9,3,3,メモリアルクイーン,牝,5,53.0,463,7,古岡勇,小澤宏,,1,0:48.0,35.7,2-1,1,463,7
2022/08/12,浦和,4,浦和８００ラウンドＣ３選抜馬イ,800,ダ,左,良,晴,9,7,7,レジュールウール,牝,4,51.0,478,-3,新原周,野口寛,,2,0:48.6,36.1,3-3,2,478,-3
2022/08/12,浦和,4,浦和８００ラウンドＣ３選抜馬イ,800,ダ,左,良,晴,9,1,1,ケイサンホイミ,牝,8,54.0,463,-1,岡村健,新井清,,3,0:48.7,36.4,1-2,3,463,-1
2022/08/12,浦和,4,浦和８００ラウンドＣ３選抜馬イ,800,ダ,左,良,晴,9,8,8,サプライズギフト,牝,4,51.0,423,-4,野畑凌,川島豊,,4,0:49.1,36.4,4-4,6,423,-4
2022/08/12,浦和,4,浦和８００ラウンドＣ３選抜馬イ,800,ダ,左,良,晴,9,8,9,クロノエンプレス,牝,5,54.0,462,-6,橋本直,酒井一,,5,0:49.7,36.8,5-5,9,462,-6
2022/08/12,浦和,4,浦和８００ラウンドＣ３選抜馬イ,800,ダ,左,良,晴,9,6,6,ニシノマッハ,牡,8,56.0,473,2,國分祐,冨田敏,,6,0:49.9,36.8,7-7,7,473,2
2022/08/12,浦和,4,浦和８００ラウンドＣ３選抜馬イ,800,ダ,左,良,晴,9,2,2,フライトメモリア,牝,4,54.0,528,2,秋元耕,川村守,,7,0:50.1,36.7,9-8,4,528,2
2022/08/12,浦和,4,浦和８００ラウンドＣ３選抜馬イ,800,ダ,左,良,晴,9,5,5,カズアティシャ,牡,4,56.0,511,11,半澤慶,牛房榮,,8,0:50.2,37.5,6-6,8,511,11
2022/08/12,浦和,4,浦和８００ラウンドＣ３選抜馬イ,800,ダ,左,良,晴,9,4,4,メロメロパンチ,牝,9,54.0,480,-6,保園翔,内野健,,9,0:52.1,39.2,8-9,5,480,-6
2022/08/12,浦和,5,浦和８００ラウンドＣ３選抜馬ア,800,ダ,左,良,晴,8,8,8,モンスタープリンス,牡,6,56.0,505,1,藤江渉,工藤伸,,1,0:48.5,36.3,1-1,1,505,1
2022/08/12,浦和,5,浦和８００ラウンドＣ３選抜馬ア,800,ダ,左,良,晴,8,4,4,エイシンキーゼル,牡,4,56.0,461,5,半澤慶,宇野博,,2,0:49.9,37.3,3-3,3,461,5
2022/08/12,浦和,5,浦和８００ラウンドＣ３選抜馬ア,800,ダ,左,良,晴,8,7,7,レイリアン,牝,5,54.0,414,2,國分祐,冨田敏,,3,0:49.9,36.6,5-5,7,414,2
2022/08/12,浦和,5,浦和８００ラウンドＣ３選抜馬ア,800,ダ,左,良,晴,8,1,1,ホノノルーカ,牝,4,50.0,411,2,小林捺,山下之,,4,0:49.9,37.2,4-4,2,411,2
2022/08/12,浦和,5,浦和８００ラウンドＣ３選抜馬ア,800,ダ,左,良,晴,8,6,6,ラヴアンドゲーム,牝,5,54.0,476,3,寺島憂,酒井一,,5,0:50.0,37.6,2-2,4,476,3
2022/08/12,浦和,5,浦和８００ラウンドＣ３選抜馬ア,800,ダ,左,良,晴,8,5,5,バジガクエブリン,牝,4,54.0,469,-8,臼井健,山中尊,,6,0:50.3,36.5,6-6,5,469,-8
2022/08/12,浦和,5,浦和８００ラウンドＣ３選抜馬ア,800,ダ,左,良,晴,8,2,2,ルピナスガーデン,牝,5,54.0,484,-2,吉井章,薮口一,,7,0:55.2,40.8,7-7,6,484,-2
2022/08/12,浦和,5,浦和８００ラウンドＣ３選抜馬ア,800,ダ,左,良,晴,8,3,3,ルア,牝,8,54.0,0,0,橋本直,内野健,,,,,,,0,0
2022/08/12,浦和,6,３歳七,1400,ダ,左,良,晴,7,5,5,ナイフレスト,牝,3,54.0,439,5,岡田大,藤原智,,1,1:32.7,41.9,1-1-1-1,2,439,5
2022/08/12,浦和,6,３歳七,1400,ダ,左,良,晴,7,7,7,プリマリー,牝,3,54.0,439,-1,福原杏,水野貴,,2,1:33.6,42.7,2-2-2-2,1,439,-1
2022/08/12,浦和,6,３歳七,1400,ダ,左,良,晴,7,3,3,サウンドウェリナ,牝,3,54.0,448,1,秋元耕,水野貴,,3,1:33.8,41.3,6-7-6-4,5,448,1
2022/08/12,浦和,6,３歳七,1400,ダ,左,良,晴,7,4,4,モエヨグラン,牡,3,56.0,499,-2,内田利,箕輪武,,4,1:33.9,41.8,5-5-5-5,3,499,-2
2022/08/12,浦和,6,３歳七,1400,ダ,左,良,晴,7,2,2,シェナハート,牝,3,54.0,410,-3,保園翔,冨田敏,,5,1:34.1,41.3,7-6-7-7,7,410,-3
2022/08/12,浦和,6,３歳七,1400,ダ,左,良,晴,7,1,1,ビナフエ,牝,3,51.0,415,1,室陽一,水野貴,,6,1:34.2,42.6,3-3-4-6,4,415,1
2022/08/12,浦和,6,３歳七,1400,ダ,左,良,晴,7,6,6,カラーレスマージン,牡,3,56.0,465,-7,半澤慶,宇野博,,7,1:34.4,42.9,4-4-3-3,6,465,-7
2022/08/12,浦和,7,Ｃ２七 八,1400,ダ,左,良,晴,10,8,10,ナムラキティー,牝,5,54.0,469,-7,和田譲,小澤宏,,1,1:30.2,38.8,4-3-3-1,2,469,-7
2022/08/12,浦和,7,Ｃ２七 八,1400,ダ,左,良,晴,10,7,8,アミフジウジョウ,牡,5,53.0,472,0,木間龍,矢野義,,2,1:30.4,38.3,7-7-6-4,3,472,0
2022/08/12,浦和,7,Ｃ２七 八,1400,ダ,左,良,晴,10,7,7,トロワフィーユ,牝,5,54.0,463,9,本橋孝,野口寛,,3,1:30.9,39.5,2-2-2-2,1,463,9
2022/08/12,浦和,7,Ｃ２七 八,1400,ダ,左,良,晴,10,3,3,イエローリボン,牝,5,54.0,458,-7,内田利,藤原智,,4,1:31.0,39.4,3-4-4-5,5,458,-7
2022/08/12,浦和,7,Ｃ２七 八,1400,ダ,左,良,晴,10,6,6,ロードユリシス,セ,0,53.0,474,-2,室陽一,長谷忍,,5,1:31.7,40.4,1-1-1-3,4,474,-2
2022/08/12,浦和,7,Ｃ２七 八,1400,ダ,左,良,晴,10,5,5,セラフィム,牝,9,54.0,442,4,福原杏,海馬司,,6,1:31.8,39.1,9-8-7-7,8,442,4
2022/08/12,浦和,7,Ｃ２七 八,1400,ダ,左,良,晴,10,8,9,マスオ,牡,9,56.0,426,-1,見越彬,野口孝,,7,1:32.2,40.5,5-5-5-6,7,426,-1
2022/08/12,浦和,7,Ｃ２七 八,1400,ダ,左,良,晴,10,2,2,プレミアムプリモ,牝,5,54.0,464,-21,橋本直,平山真,,8,1:33.0,39.9,8-9-9-9,6,464,-21
2022/08/12,浦和,7,Ｃ２七 八,1400,ダ,左,良,晴,10,4,4,セイウンミレイア,牝,5,54.0,475,8,岡田大,冨田敏,,9,1:34.0,41.3,6-6-8-8,9,475,8
2022/08/12,浦和,7,Ｃ２七 八,1400,ダ,左,良,晴,10,1,1,ブルラッシュ,牡,5,55.0,489,6,七夕裕,酒井一,,10,1:34.8,40.3,10-10-10-10,10,489,6
2022/08/12,浦和,8,今年は見せます！日高の曼珠沙華Ｃ２七 八,1500,ダ,左,良,晴,8,4,4,アルティスタエース,牡,7,56.0,484,1,福原杏,繁田健,,1,1:37.5,37.6,3-3-2-2,1,484,1
2022/08/12,浦和,8,今年は見せます！日高の曼珠沙華Ｃ２七 八,1500,ダ,左,良,晴,8,8,8,フクノヴァランス,牡,7,52.0,481,9,中島良,川島豊,,2,1:37.6,38.3,1-1-1-1,4,481,9
2022/08/12,浦和,8,今年は見せます！日高の曼珠沙華Ｃ２七 八,1500,ダ,左,良,晴,8,3,3,メイショウイヤサカ,牝,6,54.0,455,-8,町田直,海馬司,,3,1:39.3,39.2,2-2-3-3,3,455,-8
2022/08/12,浦和,8,今年は見せます！日高の曼珠沙華Ｃ２七 八,1500,ダ,左,良,晴,8,2,2,ホワイズホーキング,牡,5,53.0,522,5,室陽一,小澤宏,,4,1:40.1,39.5,4-4-4-4,2,522,5
2022/08/12,浦和,8,今年は見せます！日高の曼珠沙華Ｃ２七 八,1500,ダ,左,良,晴,8,6,6,レアフィード,牡,6,56.0,574,7,半澤慶,宇野博,,5,1:41.8,41.1,5-5-5-5,5,574,7
2022/08/12,浦和,8,今年は見せます！日高の曼珠沙華Ｃ２七 八,1500,ダ,左,良,晴,8,5,5,プランナイン,牝,4,54.0,486,13,岡田大,薮口一,,6,1:41.9,40.7,6-6-6-6,6,486,13
2022/08/12,浦和,8,今年は見せます！日高の曼珠沙華Ｃ２七 八,1500,ダ,左,良,晴,8,7,7,シェナフウジン,牡,6,56.0,445,-2,國分祐,冨田敏,,7,1:44.8,43.0,7-7-7-7,7,445,-2
2022/08/12,浦和,8,今年は見せます！日高の曼珠沙華Ｃ２七 八,1500,ダ,左,良,晴,8,1,1,ダイバサファイア,牝,5,54.0,0,0,赤津和,箕輪武,,,,,,,0,0
2022/08/12,浦和,9,残暑特別Ｃ３一,1500,ダ,左,良,曇,12,2,2,キョウエイレガード,牝,7,54.0,471,6,岡田大,吉田正,,1,1:38.5,39.8,5-5-5-5,7,471,6
2022/08/12,浦和,9,残暑特別Ｃ３一,1500,ダ,左,良,曇,12,7,9,ユウユウグリュック,牝,5,50.0,424,5,中島良,横山保,,2,1:38.6,40.4,3-3-3-3,8,424,5
2022/08/12,浦和,9,残暑特別Ｃ３一,1500,ダ,左,良,曇,12,5,6,サマーボーイ,牡,7,56.0,499,4,橋本直,小久智,,3,1:38.6,40.5,4-4-2-2,2,499,4
2022/08/12,浦和,9,残暑特別Ｃ３一,1500,ダ,左,良,曇,12,5,5,フリーズオプション,牡,6,56.0,472,-8,吉留孝,薮口一,,4,1:38.9,40.8,2-1-1-1,1,472,-8
2022/08/12,浦和,9,残暑特別Ｃ３一,1500,ダ,左,良,曇,12,3,3,リュウオウ,牡,6,53.0,473,5,室陽一,宇野博,,5,1:39.1,40.7,1-2-4-4,4,473,5
2022/08/12,浦和,9,残暑特別Ｃ３一,1500,ダ,左,良,曇,12,1,1,ハクサンストロング,牡,6,56.0,496,1,本橋孝,森　始,,6,1:40.1,40.8,8-6-6-6,3,496,1
2022/08/12,浦和,9,残暑特別Ｃ３一,1500,ダ,左,良,曇,12,6,8,カンノンショウ,牡,4,56.0,446,0,寺島憂,水野貴,,7,1:40.3,40.8,7-7-7-7,10,446,0
2022/08/12,浦和,9,残暑特別Ｃ３一,1500,ダ,左,良,曇,12,4,4,トーセンイヴ,牝,4,54.0,429,0,保園翔,酒井一,,8,1:40.6,40.3,10-10-10-10,9,429,0
2022/08/12,浦和,9,残暑特別Ｃ３一,1500,ダ,左,良,曇,12,7,10,ワールドウィスラー,牡,5,56.0,461,7,秋元耕,吉田正,,9,1:40.6,40.9,6-8-8-8,6,461,7
2022/08/12,浦和,9,残暑特別Ｃ３一,1500,ダ,左,良,曇,12,6,7,エイシンビースト,牡,4,56.0,450,-1,福原杏,薮口一,,10,1:40.9,40.6,11-11-9-9,5,450,-1
2022/08/12,浦和,9,残暑特別Ｃ３一,1500,ダ,左,良,曇,12,8,12,モンジロウ,牡,4,56.0,493,-2,半澤慶,水野貴,,11,1:40.9,40.6,9-9-11-11,12,493,-2
2022/08/12,浦和,9,残暑特別Ｃ３一,1500,ダ,左,良,曇,12,8,11,ラヴィテスミラノ,牡,4,56.0,476,-3,山口達,宮下靖,,12,1:42.1,40.6,12-12-12-12,11,476,-3
2022/08/12,浦和,10,夕涼み特別Ｃ１二,1500,ダ,左,良,曇,9,8,8,サンウェーコ,牡,6,56.0,505,-1,川島正,繁田健,,1,1:37.2,41.0,3-1-1-1,1,505,-1
2022/08/12,浦和,10,夕涼み特別Ｃ１二,1500,ダ,左,良,曇,9,5,5,ムーランブラン,牝,6,54.0,461,0,笹川翼,藤原智,,2,1:38.0,40.7,6-6-4-4,5,461,0
2022/08/12,浦和,10,夕涼み特別Ｃ１二,1500,ダ,左,良,曇,9,2,2,メイストーム,牡,4,53.0,498,4,新原周,水野貴,,3,1:38.2,40.1,7-7-5-5,8,498,4
2022/08/12,浦和,10,夕涼み特別Ｃ１二,1500,ダ,左,良,曇,9,6,6,ワンダークラドート,牡,5,56.0,478,3,橋本直,鈴木勝,,4,1:38.3,41.8,4-3-3-2,4,478,3
2022/08/12,浦和,10,夕涼み特別Ｃ１二,1500,ダ,左,良,曇,9,7,7,グランツ,牝,3,53.0,501,3,本橋孝,小久智,,5,1:38.4,42.0,2-2-2-3,2,501,3
2022/08/12,浦和,10,夕涼み特別Ｃ１二,1500,ダ,左,良,曇,9,8,9,パンドラフォンテン,牝,8,54.0,447,-5,山口達,玉井昇,,6,1:38.8,40.7,9-9-7-6,7,447,-5
2022/08/12,浦和,10,夕涼み特別Ｃ１二,1500,ダ,左,良,曇,9,3,3,ウララカナハル,牝,4,54.0,430,4,町田直,新井清,,7,1:39.0,41.3,5-5-6-7,3,430,4
2022/08/12,浦和,10,夕涼み特別Ｃ１二,1500,ダ,左,良,曇,9,1,1,シバノトロフェオ,牡,4,56.0,507,4,半澤慶,宇野博,,8,1:39.9,41.8,8-8-8-8,9,507,4
2022/08/12,浦和,10,夕涼み特別Ｃ１二,1500,ダ,左,良,曇,9,4,4,トーセンシュシュ,牝,3,53.0,488,-4,吉留孝,小久智,,,,,1-4-9,6,488,-4
2022/08/12,浦和,11,秋風月特別Ｂ３三Ｃ１一,1400,ダ,左,良,曇,9,3,3,ジャックオレンジ,セ,0,57.0,487,1,和田譲,新井清,,1,1:29.0,37.8,4-4-4-4,3,487,1
2022/08/12,浦和,11,秋風月特別Ｂ３三Ｃ１一,1400,ダ,左,良,曇,9,7,7,トーセンフランク,牡,4,55.0,498,4,笹川翼,小久智,,2,1:29.2,38.2,3-3-3-1,2,498,4
2022/08/12,浦和,11,秋風月特別Ｂ３三Ｃ１一,1400,ダ,左,良,曇,9,5,5,ジョーレイラニ,牝,4,53.0,462,9,本橋孝,小久智,,3,1:29.9,39.3,1-1-1-2,1,462,9
2022/08/12,浦和,11,秋風月特別Ｂ３三Ｃ１一,1400,ダ,左,良,曇,9,8,8,マイミッション,牡,6,57.0,488,0,笠野雄,山中尊,,4,1:29.9,39.2,1-2-2-3,5,488,0
2022/08/12,浦和,11,秋風月特別Ｂ３三Ｃ１一,1400,ダ,左,良,曇,9,1,1,キャプチュード,牡,7,56.0,495,5,古岡勇,鹿沼和,,5,1:31.1,39.3,9-8-8-6,6,495,5
2022/08/12,浦和,11,秋風月特別Ｂ３三Ｃ１一,1400,ダ,左,良,曇,9,6,6,グーガルドリームズ,セ,0,51.0,499,13,中島良,水野貴,,6,1:31.1,39.7,5-6-5-5,7,499,13
2022/08/12,浦和,11,秋風月特別Ｂ３三Ｃ１一,1400,ダ,左,良,曇,9,4,4,ジェフリー,牡,4,55.0,470,11,福原杏,薮口一,,7,1:31.9,40.1,8-7-7-8,4,470,11
2022/08/12,浦和,11,秋風月特別Ｂ３三Ｃ１一,1400,ダ,左,良,曇,9,8,9,ブレイブウォリアー,セ,0,55.0,484,7,秋元耕,酒井一,,8,1:32.1,40.7,6-5-6-7,9,484,7
2022/08/12,浦和,11,秋風月特別Ｂ３三Ｃ１一,1400,ダ,左,良,曇,9,2,2,ピンクローズ,牝,4,53.0,465,6,見越彬,宇野博,,9,1:33.5,40.3,7-9-9-9,8,465,6
2022/08/12,浦和,12,涼風特別Ｃ２選抜馬,2000,ダ,左,良,曇,7,7,7,オワゾードール,牡,7,56.0,487,-2,和田譲,新井清,,1,2:13.1,40.4,4-4-1-1,1,487,-2
2022/08/12,浦和,12,涼風特別Ｃ２選抜馬,2000,ダ,左,良,曇,7,6,6,ソウヤミサキ,牝,4,54.0,453,-4,橋本直,岡田一,,2,2:13.9,40.2,5-5-5-3,3,453,-4
2022/08/12,浦和,12,涼風特別Ｃ２選抜馬,2000,ダ,左,良,曇,7,2,2,アイスバーグアリー,牝,6,54.0,439,1,岡村健,平山真,,3,2:14.1,41.4,3-3-2-2,2,439,1
2022/08/12,浦和,12,涼風特別Ｃ２選抜馬,2000,ダ,左,良,曇,7,3,3,ウインジュノー,牝,4,54.0,521,3,半澤慶,川島豊,,4,2:14.9,40.8,7-6-6-6,7,521,3
2022/08/12,浦和,12,涼風特別Ｃ２選抜馬,2000,ダ,左,良,曇,7,1,1,シナノジャングル,牡,4,52.0,477,3,中島良,岡田一,,5,2:15.2,42.3,1-1-3-4,5,477,3
2022/08/12,浦和,12,涼風特別Ｃ２選抜馬,2000,ダ,左,良,曇,7,4,4,ジャンティオム,牡,8,56.0,506,4,張田昂,小澤宏,,6,2:16.3,43.4,2-2-4-5,6,506,4
2022/08/12,浦和,12,涼風特別Ｃ２選抜馬,2000,ダ,左,良,曇,7,5,5,ルルド,セ,0,56.0,428,4,福原杏,平山真,,7,2:22.4,47.8,6-7-7-7,4,428,4
2022/08/30,浦和,1,ドリームチャレンジ２歳新馬イ,800,ダ,左,良,曇,6,3,3,ピノホホッア,牡,2,54.0,0,0,吉留孝,野口孝,,1,0:47.6,35.4,1-1,1,0,0
2022/08/30,浦和,1,ドリームチャレンジ２歳新馬イ,800,ダ,左,良,曇,6,5,5,ラインクロッカス,牝,2,54.0,0,0,福原杏,小澤宏,,2,0:48.4,36.0,2-3,5,0,0
2022/08/30,浦和,1,ドリームチャレンジ２歳新馬イ,800,ダ,左,良,曇,6,1,1,レコルトハッピー,牡,2,54.0,0,0,森泰斗,薮口一,,3,0:48.7,35.9,4-2,3,0,0
2022/08/30,浦和,1,ドリームチャレンジ２歳新馬イ,800,ダ,左,良,曇,6,6,6,モモアカ,牝,2,50.0,0,0,中島良,川村守,,4,0:49.7,37.1,3-4,4,0,0
2022/08/30,浦和,1,ドリームチャレンジ２歳新馬イ,800,ダ,左,良,曇,6,4,4,ハッサクサン,牝,2,54.0,0,0,秋元耕,水野貴,,5,0:50.8,37.6,6-6,2,0,0
2022/08/30,浦和,1,ドリームチャレンジ２歳新馬イ,800,ダ,左,良,曇,6,2,2,ウィンターソング,牝,2,54.0,0,0,見越彬,牛房榮,,6,0:51.2,38.3,5-5,6,0,0
2022/08/30,浦和,2,ドリームチャレンジ２歳新馬ア,800,ダ,左,良,曇,5,3,3,アイゴールド,牝,2,54.0,0,0,吉留孝,岡田一,,1,0:49.4,36.7,1-1,2,0,0
2022/08/30,浦和,2,ドリームチャレンジ２歳新馬ア,800,ダ,左,良,曇,5,2,2,ビナダラット,牝,2,54.0,0,0,森泰斗,酒井一,,2,0:50.0,36.7,4-4,1,0,0
2022/08/30,浦和,2,ドリームチャレンジ２歳新馬ア,800,ダ,左,良,曇,5,4,4,エムティウィンド,牝,2,54.0,0,0,達城龍,野口孝,,3,0:50.0,37.3,2-2,3,0,0
2022/08/30,浦和,2,ドリームチャレンジ２歳新馬ア,800,ダ,左,良,曇,5,5,5,ノーブルエフォート,牝,2,54.0,0,0,秋元耕,水野貴,,4,0:50.3,37.6,3-3,4,0,0
2022/08/30,浦和,2,ドリームチャレンジ２歳新馬ア,800,ダ,左,良,曇,5,1,1,バリバリクン,牡,2,54.0,0,0,福原杏,水野貴,,5,0:53.8,39.3,5-5,5,0,0
2022/08/30,浦和,3,ランチタイムチャレンジＣ３六 七 八,1400,ダ,左,良,曇,11,6,6,スマイルジーニアス,セ,0,56.0,515,3,福原杏,鹿沼和,,1,1:32.9,39.2,6-6-4-1,1,515,3
2022/08/30,浦和,3,ランチタイムチャレンジＣ３六 七 八,1400,ダ,左,良,曇,11,7,8,ゴーオンザステージ,牝,7,54.0,425,-21,張田昂,平山真,,2,1:33.7,40.0,3-3-3-2,3,425,-21
2022/08/30,浦和,3,ランチタイムチャレンジＣ３六 七 八,1400,ダ,左,良,曇,11,8,11,ユメツクシ,牝,6,54.0,495,2,加藤和,長谷忍,,3,1:34.3,40.4,5-4-6-5,5,495,2
2022/08/30,浦和,3,ランチタイムチャレンジＣ３六 七 八,1400,ダ,左,良,曇,11,6,7,パレスギガント,牡,6,55.0,477,4,七夕裕,長谷忍,,4,1:34.4,40.1,7-7-7-7,4,477,4
2022/08/30,浦和,3,ランチタイムチャレンジＣ３六 七 八,1400,ダ,左,良,曇,11,1,1,トキノカサドール,牡,7,56.0,457,11,藤江渉,横山保,,5,1:34.4,40.5,4-5-5-6,2,457,11
2022/08/30,浦和,3,ランチタイムチャレンジＣ３六 七 八,1400,ダ,左,良,曇,11,3,3,ナンセイエメラルド,牝,6,54.0,440,-8,赤津和,山越光,,6,1:34.5,40.8,2-2-1-3,7,440,-8
2022/08/30,浦和,3,ランチタイムチャレンジＣ３六 七 八,1400,ダ,左,良,曇,11,7,9,ニシノシノブ,牝,7,54.0,457,4,秋元耕,吉田正,,7,1:34.6,40.1,9-8-8-8,8,457,4
2022/08/30,浦和,3,ランチタイムチャレンジＣ３六 七 八,1400,ダ,左,良,曇,11,2,2,ツーエムポラリス,牡,7,56.0,473,-4,澤田龍,鈴木勝,,8,1:35.3,41.6,1-1-1-4,6,473,-4
2022/08/30,浦和,3,ランチタイムチャレンジＣ３六 七 八,1400,ダ,左,良,曇,11,8,10,アールレアル,セ,0,56.0,454,7,半澤慶,川村守,,9,1:35.6,41.1,8-9-9-9,9,454,7
2022/08/30,浦和,3,ランチタイムチャレンジＣ３六 七 八,1400,ダ,左,良,曇,11,5,5,トーセンレオ,牡,7,56.0,562,1,橋本直,川村守,,10,1:35.8,41.1,10-11-10-10,10,562,1
2022/08/30,浦和,3,ランチタイムチャレンジＣ３六 七 八,1400,ダ,左,良,曇,11,4,4,アストラルブレイズ,牝,5,54.0,496,5,見越彬,小林真,,11,1:37.0,42.0,11-10-11-11,11,496,5
2022/08/30,浦和,4,Ｃ３六 七 八,1400,ダ,左,良,曇,11,7,9,スパークルガール,牝,6,51.0,436,0,室陽一,長谷忍,,1,1:33.1,38.9,4-4-4-1,3,436,0
2022/08/30,浦和,4,Ｃ３六 七 八,1400,ダ,左,良,曇,11,6,7,トーセンケイト,牝,4,54.0,462,8,藤江渉,川村守,,2,1:33.4,39.5,2-2-2-2,6,462,8
2022/08/30,浦和,4,Ｃ３六 七 八,1400,ダ,左,良,曇,11,5,5,サンテルノ,牡,5,56.0,506,0,澤田龍,矢内博,,3,1:33.6,39.8,1-1-1-3,7,506,0
2022/08/30,浦和,4,Ｃ３六 七 八,1400,ダ,左,良,曇,11,7,8,チェンマイルージュ,牝,6,54.0,468,3,加藤和,鈴木勝,,4,1:34.2,39.8,7-6-5-5,4,468,3
2022/08/30,浦和,4,Ｃ３六 七 八,1400,ダ,左,良,曇,11,2,2,ニシノサトル,牡,6,56.0,484,5,内田利,吉田正,,5,1:34.3,40.3,3-3-3-4,2,484,5
2022/08/30,浦和,4,Ｃ３六 七 八,1400,ダ,左,良,曇,11,8,10,ユウユウリアン,牡,6,56.0,430,3,吉留孝,横山保,,6,1:34.4,39.1,9-9-7-7,5,430,3
2022/08/30,浦和,4,Ｃ３六 七 八,1400,ダ,左,良,曇,11,8,11,ネオエンジェル,牝,6,54.0,438,8,國分祐,冨田敏,,7,1:34.7,39.5,6-7-8-9,10,438,8
2022/08/30,浦和,4,Ｃ３六 七 八,1400,ダ,左,良,曇,11,3,3,リゼイエロー,牝,5,50.0,486,4,中島良,川島豊,,8,1:34.7,39.1,10-10-9-8,9,486,4
2022/08/30,浦和,4,Ｃ３六 七 八,1400,ダ,左,良,曇,11,1,1,ビシエド,牡,5,56.0,479,0,石崎駿,森　始,,9,1:34.7,39.1,8-8-10-10,1,479,0
2022/08/30,浦和,4,Ｃ３六 七 八,1400,ダ,左,良,曇,11,4,4,キタマクフィー,牝,4,53.0,437,-7,七夕裕,鹿沼和,,10,1:34.8,40.2,5-5-6-6,8,437,-7
2022/08/30,浦和,4,Ｃ３六 七 八,1400,ダ,左,良,曇,11,6,6,アベノカイシンゲキ,牡,4,56.0,478,3,和田譲,小林真,,,,,,,478,3
2022/08/30,浦和,5,特選３歳二,1400,ダ,左,良,曇,12,6,7,ニッショウアキラ,牡,3,56.0,435,-3,福原杏,酒井一,,1,1:31.0,41.1,2-2-2-2,8,435,-3
2022/08/30,浦和,5,特選３歳二,1400,ダ,左,良,曇,12,5,5,ルナチャイルド,牝,3,54.0,470,-6,矢野貴,伊藤滋,,2,1:31.1,40.7,6-4-4-3,5,470,-6
2022/08/30,浦和,5,特選３歳二,1400,ダ,左,良,曇,12,5,6,メラスクリオス,牝,3,54.0,460,3,和田譲,宇野博,,3,1:31.5,41.7,1-1-1-1,3,460,3
2022/08/30,浦和,5,特選３歳二,1400,ダ,左,良,曇,12,7,9,イサチルレジェーロ,牡,3,56.0,497,2,町田直,宇野博,,4,1:31.8,41.2,4-5-9-10,7,497,2
2022/08/30,浦和,5,特選３歳二,1400,ダ,左,良,曇,12,2,2,ルブアルハリ,牡,3,56.0,493,-6,森泰斗,山本学,,5,1:31.8,41.5,9-6-5-5,1,493,-6
2022/08/30,浦和,5,特選３歳二,1400,ダ,左,良,曇,12,7,10,グッドヘイロー,牝,3,54.0,498,0,寺島憂,山越光,,6,1:31.8,40.7,10-10-7-7,9,498,0
2022/08/30,浦和,5,特選３歳二,1400,ダ,左,良,曇,12,6,8,ユメミルツキ,牝,3,54.0,448,0,半澤慶,工藤伸,,7,1:32.1,42.1,3-3-3-4,12,448,0
2022/08/30,浦和,5,特選３歳二,1400,ダ,左,良,曇,12,3,3,ホワイトネイル,牝,3,53.0,403,5,七夕裕,藤原智,,8,1:32.2,38.9,12-12-12-11,11,403,5
2022/08/30,浦和,5,特選３歳二,1400,ダ,左,良,曇,12,1,1,シェナダイオー,牡,3,56.0,553,2,秋元耕,山越光,,9,1:32.3,40.4,11-11-11-9,10,553,2
2022/08/30,浦和,5,特選３歳二,1400,ダ,左,良,曇,12,4,4,スイフトマリー,牝,3,54.0,381,4,岡村健,酒井一,,10,1:32.3,41.5,8-8-8-6,6,381,4
2022/08/30,浦和,5,特選３歳二,1400,ダ,左,良,曇,12,8,11,エレダール,牡,3,56.0,443,-1,藤江渉,工藤伸,,11,1:32.8,42.2,7-7-6-8,2,443,-1
2022/08/30,浦和,5,特選３歳二,1400,ダ,左,良,曇,12,8,12,モリデンベル,牝,3,54.0,476,2,保園翔,山越光,,12,1:33.4,42.4,5-9-10-12,4,476,2
2022/08/30,浦和,6,Ｃ３六 七 八,1500,ダ,左,良,曇,11,6,7,ポイズンピル,牡,7,56.0,462,7,岡田大,牛房榮,,1,1:39.7,40.7,3-3-3-1,4,462,7
2022/08/30,浦和,6,Ｃ３六 七 八,1500,ダ,左,良,曇,11,4,4,ホロシリダケ,セ,0,57.0,481,7,内田利,野口孝,,2,1:39.9,39.8,8-8-8-9,6,481,7
2022/08/30,浦和,6,Ｃ３六 七 八,1500,ダ,左,良,曇,11,3,3,ハーモニージョーイ,牡,5,56.0,475,1,森泰斗,新井清,,3,1:40.0,40.3,7-7-6-4,1,475,1
2022/08/30,浦和,6,Ｃ３六 七 八,1500,ダ,左,良,曇,11,7,8,デンコウメジャー,牡,7,55.0,473,1,七夕裕,平山真,,4,1:40.1,40.3,6-6-7-7,5,473,1
2022/08/30,浦和,6,Ｃ３六 七 八,1500,ダ,左,良,曇,11,8,11,ナツィオナーレ,牝,7,54.0,441,0,和田譲,野口孝,,5,1:40.1,39.6,10-10-9-8,3,441,0
2022/08/30,浦和,6,Ｃ３六 七 八,1500,ダ,左,良,曇,11,2,2,ニシノマリアージュ,牝,6,54.0,416,8,國分祐,冨田敏,,6,1:40.5,41.3,5-5-5-5,9,416,8
2022/08/30,浦和,6,Ｃ３六 七 八,1500,ダ,左,良,曇,11,6,6,ロッカーモーション,牝,6,54.0,494,-7,橋本直,内野健,,7,1:40.7,41.8,2-2-1-3,2,494,-7
2022/08/30,浦和,6,Ｃ３六 七 八,1500,ダ,左,良,曇,11,1,1,コンディトラム,牡,5,56.0,493,8,保園翔,川村守,,8,1:40.8,41.9,1-1-1-2,8,493,8
2022/08/30,浦和,6,Ｃ３六 七 八,1500,ダ,左,良,曇,11,7,9,セイウングラッパ,牡,7,56.0,447,0,吉留孝,吉田正,,9,1:41.1,41.9,4-4-4-6,7,447,0
2022/08/30,浦和,6,Ｃ３六 七 八,1500,ダ,左,良,曇,11,8,10,ギンサー,牡,4,53.0,472,2,室陽一,小林真,,10,1:41.5,40.6,9-9-10-10,10,472,2
2022/08/30,浦和,6,Ｃ３六 七 八,1500,ダ,左,良,曇,11,5,5,シンジュクマスク,牝,5,54.0,451,-1,山本紀,宮下靖,,11,1:44.4,41.3,11-11-11-11,11,451,-1
2022/08/30,浦和,7,特選３歳一,1500,ダ,左,良,曇,12,8,11,ネゲヴ,牝,3,54.0,497,0,笹川翼,小澤宏,,1,1:37.8,39.6,4-4-2-1,1,497,0
2022/08/30,浦和,7,特選３歳一,1500,ダ,左,良,曇,12,5,5,クライアンテル,牝,3,54.0,483,-3,山口達,林正人,,2,1:38.4,39.1,12-12-10-3,6,483,-3
2022/08/30,浦和,7,特選３歳一,1500,ダ,左,良,曇,12,8,12,リョウイキテンカイ,牝,3,54.0,446,4,橋本直,水野貴,,3,1:38.4,39.2,10-10-8-6,5,446,4
2022/08/30,浦和,7,特選３歳一,1500,ダ,左,良,曇,12,1,1,デーモン,牡,3,56.0,509,-3,見越彬,小久智,,4,1:38.7,40.9,1-1-1-2,3,509,-3
2022/08/30,浦和,7,特選３歳一,1500,ダ,左,良,曇,12,3,3,リコールイーズ,牝,3,54.0,532,1,藤本現,繁田健,,5,1:38.8,40.4,5-5-4-5,4,532,1
2022/08/30,浦和,7,特選３歳一,1500,ダ,左,良,曇,12,6,7,エトワールゴールド,牡,3,56.0,470,5,保園翔,薮口一,,6,1:38.9,39.8,8-9-7-8,9,470,5
2022/08/30,浦和,7,特選３歳一,1500,ダ,左,良,曇,12,5,6,インカローズムスメ,牝,3,54.0,406,0,赤津和,山越光,,7,1:38.9,39.8,9-7-9-7,7,406,0
2022/08/30,浦和,7,特選３歳一,1500,ダ,左,良,曇,12,7,9,ネーレウス,牡,3,56.0,470,10,藤江渉,酒井一,,8,1:39.9,40.2,11-11-12-9,10,470,10
2022/08/30,浦和,7,特選３歳一,1500,ダ,左,良,曇,12,4,4,アキノポエム,牝,3,54.0,450,1,本橋孝,小久智,,9,1:40.0,42.0,3-3-3-4,2,450,1
2022/08/30,浦和,7,特選３歳一,1500,ダ,左,良,曇,12,7,10,パレルモフレイバー,牝,3,54.0,463,3,西啓太,繁田健,,10,1:40.2,41.7,7-6-6-10,8,463,3
2022/08/30,浦和,7,特選３歳一,1500,ダ,左,良,曇,12,6,8,サマーデライト,牝,3,54.0,430,-2,内田利,牛房榮,,11,1:40.4,41.3,6-8-11-12,11,430,-2
2022/08/30,浦和,7,特選３歳一,1500,ダ,左,良,曇,12,2,2,マウコノミタマ,牡,3,56.0,481,2,吉井章,藤原智,,12,1:42.2,44.2,2-2-5-11,12,481,2
2022/08/30,浦和,8,Ｃ２二,1500,ダ,左,良,曇,10,5,5,アルティスタエース,牡,7,56.0,488,4,福原杏,繁田健,,1,1:38.1,40.2,4-4-3-2,1,488,4
2022/08/30,浦和,8,Ｃ２二,1500,ダ,左,良,曇,10,2,2,ミチノシチリア,牡,4,56.0,467,-1,和田譲,齊藤敏,,2,1:38.3,38.9,8-8-8-6,2,467,-1
2022/08/30,浦和,8,Ｃ２二,1500,ダ,左,良,曇,10,3,3,マイアミヒーロー,セ,0,56.0,492,3,真島大,小久智,,3,1:38.3,39.5,7-7-6-5,4,492,3
2022/08/30,浦和,8,Ｃ２二,1500,ダ,左,良,曇,10,6,6,ペイフォン,牡,4,56.0,506,-7,西啓太,新井清,,4,1:38.6,40.8,3-3-2-3,5,506,-7
2022/08/30,浦和,8,Ｃ２二,1500,ダ,左,良,曇,10,8,9,イサチルダイチ,牡,6,55.0,504,-7,七夕裕,長谷忍,,5,1:38.6,40.4,5-5-5-4,8,504,-7
2022/08/30,浦和,8,Ｃ２二,1500,ダ,左,良,曇,10,1,1,ラヴィンツァラ,牝,5,54.0,471,2,橋本直,平山真,,6,1:39.0,41.5,1-1-1-1,3,471,2
2022/08/30,浦和,8,Ｃ２二,1500,ダ,左,良,曇,10,7,8,トーセンウィンザー,牡,4,56.0,471,-6,保園翔,山越光,,7,1:39.4,39.4,9-9-9-7,6,471,-6
2022/08/30,浦和,8,Ｃ２二,1500,ダ,左,良,曇,10,8,10,サバノミッソーニ,牡,4,56.0,451,-8,半澤慶,川村守,,8,1:40.3,41.7,6-6-7-8,9,451,-8
2022/08/30,浦和,8,Ｃ２二,1500,ダ,左,良,曇,10,4,4,ゴールドバード,牡,8,56.0,499,3,藤江渉,野口孝,,9,1:40.3,39.1,10-10-10-10,7,499,3
2022/08/30,浦和,8,Ｃ２二,1500,ダ,左,良,曇,10,7,7,レインボーカラー,牝,4,52.0,515,-4,菅原涼,藤原智,,10,1:40.7,43.0,2-2-4-9,10,515,-4
2022/08/30,浦和,9,浦和競馬公式ツイッターフォロワー１Ｃ１四,1400,ダ,左,良,曇,12,5,5,ダブルラッキー,牡,3,55.0,463,9,矢野貴,小久智,,1,1:28.9,37.9,1-1-1-1,5,463,9
2022/08/30,浦和,9,浦和競馬公式ツイッターフォロワー１Ｃ１四,1400,ダ,左,良,曇,12,7,9,ジュンハンス,牡,3,55.0,464,14,森泰斗,小久智,,2,1:29.1,37.8,4-3-3-2,4,464,14
2022/08/30,浦和,9,浦和競馬公式ツイッターフォロワー１Ｃ１四,1400,ダ,左,良,曇,12,6,8,ナツハヨル,牝,4,54.0,445,6,福原杏,横山保,,3,1:29.7,38.6,2-2-2-3,2,445,6
2022/08/30,浦和,9,浦和競馬公式ツイッターフォロワー１Ｃ１四,1400,ダ,左,良,曇,12,8,12,ペイシャムスビ,牝,4,55.0,497,-5,張田昂,張田京,,4,1:29.8,38.1,7-6-4-4,1,497,-5
2022/08/30,浦和,9,浦和競馬公式ツイッターフォロワー１Ｃ１四,1400,ダ,左,良,曇,12,4,4,スーパーローズ,牝,5,54.0,469,-2,吉留孝,野口孝,,5,1:30.5,38.6,6-7-7-6,10,469,-2
2022/08/30,浦和,9,浦和競馬公式ツイッターフォロワー１Ｃ１四,1400,ダ,左,良,曇,12,6,7,デルマジザイ,牡,4,56.0,459,7,藤江渉,工藤伸,,6,1:30.7,39.2,5-5-5-5,3,459,7
2022/08/30,浦和,9,浦和競馬公式ツイッターフォロワー１Ｃ１四,1400,ダ,左,良,曇,12,2,2,ノースリュシオル,牝,4,54.0,446,10,和田譲,長谷忍,,7,1:31.1,38.3,9-9-9-8,8,446,10
2022/08/30,浦和,9,浦和競馬公式ツイッターフォロワー１Ｃ１四,1400,ダ,左,良,曇,12,1,1,ヨシケンモンロー,牡,6,56.0,449,5,秋元耕,野口孝,,8,1:31.2,38.4,11-11-11-11,11,449,5
2022/08/30,浦和,9,浦和競馬公式ツイッターフォロワー１Ｃ１四,1400,ダ,左,良,曇,12,8,11,リヴェルサス,牡,4,53.0,458,6,新原周,水野貴,,9,1:31.2,38.4,10-10-10-9,9,458,6
2022/08/30,浦和,9,浦和競馬公式ツイッターフォロワー１Ｃ１四,1400,ダ,左,良,曇,12,7,10,クレウーサ,牝,3,53.0,478,9,笹川翼,小澤宏,,10,1:31.3,38.8,8-8-8-7,6,478,9
2022/08/30,浦和,9,浦和競馬公式ツイッターフォロワー１Ｃ１四,1400,ダ,左,良,曇,12,3,3,スティールマドンナ,牝,4,52.0,465,-1,菅原涼,藤原智,,11,1:32.2,40.7,3-4-6-10,7,465,-1
2022/08/30,浦和,9,浦和競馬公式ツイッターフォロワー１Ｃ１四,1400,ダ,左,良,曇,12,5,6,マイネルジェンマ,牡,6,56.0,492,1,橋本直,内野健,,,,,,,492,1
2022/08/30,浦和,10,羊雲特別Ｃ２一,1400,ダ,左,良,曇,8,5,5,タケショウワンダー,牡,4,56.0,511,2,岡村健,山本学,,1,1:30.4,38.0,6-6-6-4,1,511,2
2022/08/30,浦和,10,羊雲特別Ｃ２一,1400,ダ,左,良,曇,8,2,2,ゴープラチナム,牝,5,54.0,452,2,張田昂,平山真,,2,1:30.9,39.6,2-2-2-3,3,452,2
2022/08/30,浦和,10,羊雲特別Ｃ２一,1400,ダ,左,良,曇,8,8,8,ロッソビアンコ,牝,5,54.0,457,-5,森泰斗,小久智,,3,1:31.0,38.3,8-8-7-6,6,457,-5
2022/08/30,浦和,10,羊雲特別Ｃ２一,1400,ダ,左,良,曇,8,6,6,ハッピーパワポケ,牡,5,56.0,472,-4,和田譲,水野貴,,4,1:31.1,39.7,3-3-3-2,4,472,-4
2022/08/30,浦和,10,羊雲特別Ｃ２一,1400,ダ,左,良,曇,8,1,1,ヴェールレガロ,牡,7,55.0,519,5,古岡勇,小澤宏,,5,1:31.3,40.1,1-1-1-1,7,519,5
2022/08/30,浦和,10,羊雲特別Ｃ２一,1400,ダ,左,良,曇,8,7,7,バトルオサンナ,牝,8,54.0,450,-4,秋元耕,水野貴,,6,1:31.5,38.6,7-7-8-7,8,450,-4
2022/08/30,浦和,10,羊雲特別Ｃ２一,1400,ダ,左,良,曇,8,3,3,ラスティネイル,牝,4,54.0,466,3,吉留孝,牛房榮,,7,1:31.6,40.0,4-4-4-5,5,466,3
2022/08/30,浦和,10,羊雲特別Ｃ２一,1400,ダ,左,良,曇,8,4,4,コスモジェニー,牝,4,54.0,453,9,矢野貴,工藤伸,,,,,5-5-5,2,453,9
2022/08/30,浦和,11,処暑特別Ｂ２三Ｂ３一,1400,ダ,左,良,曇,9,8,9,リンクスショウ,牡,4,55.0,479,1,澤田龍,渡邊貴,,1,1:28.5,37.2,6-6-4-2,2,479,1
2022/08/30,浦和,11,処暑特別Ｂ２三Ｂ３一,1400,ダ,左,良,曇,9,7,7,ジョーマキアート,牝,7,49.0,511,1,中島良,小久智,,2,1:28.6,38.5,3-3-1-1,1,511,1
2022/08/30,浦和,11,処暑特別Ｂ２三Ｂ３一,1400,ダ,左,良,曇,9,1,1,イデアイホマジョル,セ,0,54.0,440,-5,七夕裕,岡田一,,3,1:29.3,39.1,1-1-2-3,4,440,-5
2022/08/30,浦和,11,処暑特別Ｂ２三Ｂ３一,1400,ダ,左,良,曇,9,8,8,カミノアカネ,牝,5,55.0,470,2,福原杏,岡田一,,4,1:30.2,39.1,4-4-5-6,6,470,2
2022/08/30,浦和,11,処暑特別Ｂ２三Ｂ３一,1400,ダ,左,良,曇,9,3,3,キョウエイオジョウ,牝,8,53.0,479,-1,秋元耕,小澤宏,,5,1:30.2,37.6,7-8-8-7,7,479,-1
2022/08/30,浦和,11,処暑特別Ｂ２三Ｂ３一,1400,ダ,左,良,曇,9,2,2,タンクティーエー,牡,6,57.0,550,-2,半澤慶,宇野博,,6,1:30.5,39.2,5-5-6-5,8,550,-2
2022/08/30,浦和,11,処暑特別Ｂ２三Ｂ３一,1400,ダ,左,良,曇,9,5,5,ジュンパッション,牡,7,57.0,481,3,森泰斗,小久智,,7,1:30.6,40.1,2-2-3-4,3,481,3
2022/08/30,浦和,11,処暑特別Ｂ２三Ｂ３一,1400,ダ,左,良,曇,9,4,4,ガイセン,牡,6,57.0,439,0,山口達,稲益貴,,8,1:31.1,38.6,9-9-7-8,5,439,0
2022/08/30,浦和,11,処暑特別Ｂ２三Ｂ３一,1400,ダ,左,良,曇,9,6,6,ボマライン,セ,0,52.0,462,2,室陽一,水野貴,,9,1:31.7,38.9,8-7-9-9,9,462,2
2022/08/30,浦和,12,晩夏特別Ｃ１三,1500,ダ,左,良,曇,10,8,10,ビナハロン,セ,0,55.0,454,-1,本橋孝,矢野義,,1,1:37.6,39.6,10-9-1-1,2,454,-1
2022/08/30,浦和,12,晩夏特別Ｃ１三,1500,ダ,左,良,曇,10,3,3,コンアモーレ,牡,3,52.0,494,7,室陽一,宇野博,,2,1:37.8,39.3,8-8-8-6,8,494,7
2022/08/30,浦和,12,晩夏特別Ｃ１三,1500,ダ,左,良,曇,10,2,2,スリーヴリーグ,牡,6,56.0,515,-2,真島大,野口寛,,3,1:37.9,39.6,6-6-7-4,7,515,-2
2022/08/30,浦和,12,晩夏特別Ｃ１三,1500,ダ,左,良,曇,10,8,9,アコルダール,牝,4,54.0,461,-7,森泰斗,山中尊,,4,1:38.2,40.3,3-3-1-2,3,461,-7
2022/08/30,浦和,12,晩夏特別Ｃ１三,1500,ダ,左,良,曇,10,7,7,ハーイ,牝,5,54.0,462,0,和田譲,野口孝,,5,1:38.6,40.6,4-4-5-5,5,462,0
2022/08/30,浦和,12,晩夏特別Ｃ１三,1500,ダ,左,良,曇,10,5,5,ロンドンボーイ,牡,3,55.0,476,8,笹川翼,小久智,,6,1:38.8,40.6,5-5-5-7,1,476,8
2022/08/30,浦和,12,晩夏特別Ｃ１三,1500,ダ,左,良,曇,10,7,8,キョウエイシャイン,牝,3,53.0,469,15,秋元耕,小澤宏,,7,1:39.1,40.6,7-7-9-8,9,469,15
2022/08/30,浦和,12,晩夏特別Ｃ１三,1500,ダ,左,良,曇,10,4,4,タキチャンゴー,牝,3,53.0,489,27,矢野貴,小久智,,8,1:39.9,42.1,1-1-3-3,4,489,27
2022/08/30,浦和,12,晩夏特別Ｃ１三,1500,ダ,左,良,曇,10,6,6,リコーグレース,牝,4,54.0,486,-4,藤本現,繁田健,,9,1:40.1,42.2,2-2-4-9,6,486,-4
2022/08/30,浦和,12,晩夏特別Ｃ１三,1500,ダ,左,良,曇,10,1,1,ゴールドエース,牡,3,55.0,472,5,吉留孝,野口孝,,10,1:40.3,41.3,9-10-10-10,10,472,5
2022/08/31,浦和,1,３歳四,1400,ダ,左,稍重,曇,12,3,3,ジェノバフレイバー,牡,3,56.0,479,15,保園翔,繁田健,,1,1:30.4,39.1,4-4-4-1,1,479,15
2022/08/31,浦和,1,３歳四,1400,ダ,左,稍重,曇,12,7,10,アクナキチョウセン,牡,3,56.0,451,3,笹川翼,宇野博,,2,1:30.7,39.6,3-3-2-3,4,451,3
2022/08/31,浦和,1,３歳四,1400,ダ,左,稍重,曇,12,6,7,ベローナカグラ,牝,3,54.0,0,0,藤本現,水野貴,,3,1:31.2,40.2,1-1-1-2,2,0,0
2022/08/31,浦和,1,３歳四,1400,ダ,左,稍重,曇,12,1,1,スターコマチ,牝,3,54.0,415,-1,橋本直,小澤宏,,4,1:31.4,39.2,11-7-7-4,9,415,-1
2022/08/31,浦和,1,３歳四,1400,ダ,左,稍重,曇,12,8,12,テットアヴァンセ,牡,3,56.0,450,1,岡村健,小林真,,5,1:32.0,38.2,12-12-12-10,3,450,1
2022/08/31,浦和,1,３歳四,1400,ダ,左,稍重,曇,12,7,9,ヤクライローズ,牝,3,53.0,438,-2,古岡勇,鹿沼和,,6,1:32.4,40.5,5-5-6-7,8,438,-2
2022/08/31,浦和,1,３歳四,1400,ダ,左,稍重,曇,12,2,2,ステラセイコー,牝,3,54.0,452,6,福原杏,水野貴,,7,1:32.6,40.2,10-10-8-8,7,452,6
2022/08/31,浦和,1,３歳四,1400,ダ,左,稍重,曇,12,4,4,ノースジラソーレ,牝,3,54.0,466,8,加藤和,長谷忍,,8,1:32.7,40.8,6-6-5-5,6,466,8
2022/08/31,浦和,1,３歳四,1400,ダ,左,稍重,曇,12,5,5,ゴールドキングダム,牡,3,56.0,503,2,秋元耕,鹿沼和,,9,1:33.1,40.6,7-9-9-9,10,503,2
2022/08/31,浦和,1,３歳四,1400,ダ,左,稍重,曇,12,5,6,マヘアラニ,牝,3,51.0,458,17,室陽一,酒井一,,10,1:33.1,40.3,9-11-10-11,12,458,17
2022/08/31,浦和,1,３歳四,1400,ダ,左,稍重,曇,12,6,8,シェナコブシ,牡,3,56.0,494,7,岡田大,吉田正,,11,1:34.1,41.6,8-8-11-12,11,494,7
2022/08/31,浦和,1,３歳四,1400,ダ,左,稍重,曇,12,8,11,プリマリー,牝,3,54.0,440,1,矢野貴,水野貴,,12,1:34.1,43.1,2-2-3-6,5,440,1
2022/08/31,浦和,2,３歳三,1400,ダ,左,良,曇,12,5,6,ナイフレスト,牝,3,52.0,433,-6,菅原涼,藤原智,,1,1:31.1,40.8,1-1-1-1,6,433,-6
2022/08/31,浦和,2,３歳三,1400,ダ,左,良,曇,12,6,7,サンラグナニゲル,牝,3,54.0,434,7,橋本直,川村守,,2,1:31.3,39.3,9-10-10-6,4,434,7
2022/08/31,浦和,2,３歳三,1400,ダ,左,良,曇,12,1,1,エイシンスタートル,牡,3,55.0,457,1,七夕裕,藤原智,,3,1:32.0,40.8,4-4-4-4,5,457,1
2022/08/31,浦和,2,３歳三,1400,ダ,左,良,曇,12,8,12,バジガクフローレス,牡,3,56.0,391,1,笠野雄,山中尊,,4,1:32.1,40.7,10-9-4-5,1,391,1
2022/08/31,浦和,2,３歳三,1400,ダ,左,良,曇,12,3,3,ラクスシャルキ,牝,3,54.0,452,5,秋元耕,酒井一,,5,1:32.3,40.9,8-8-7-8,8,452,5
2022/08/31,浦和,2,３歳三,1400,ダ,左,良,曇,12,7,10,エイシンスマッシュ,牡,3,53.0,465,-2,室陽一,平山真,,6,1:32.4,41.9,3-2-2-2,9,465,-2
2022/08/31,浦和,2,３歳三,1400,ダ,左,良,曇,12,6,8,クー,牝,3,54.0,461,8,岡田大,牛房榮,,7,1:32.4,41.6,5-5-3-3,2,461,8
2022/08/31,浦和,2,３歳三,1400,ダ,左,良,曇,12,8,11,マリンマリンプリン,牡,3,56.0,443,4,濱田達,齊藤敏,,8,1:32.7,40.5,11-11-11-10,10,443,4
2022/08/31,浦和,2,３歳三,1400,ダ,左,良,曇,12,2,2,ミルティー,牝,3,54.0,429,6,藤江渉,横山保,,9,1:33.1,41.6,6-6-8-9,12,429,6
2022/08/31,浦和,2,３歳三,1400,ダ,左,良,曇,12,5,5,サキホコレ,牝,3,54.0,458,5,和田譲,宇野博,,10,1:33.1,41.7,7-7-9-11,3,458,5
2022/08/31,浦和,2,３歳三,1400,ダ,左,良,曇,12,4,4,ユウユウパレス,牝,3,54.0,417,10,福原杏,横山保,,11,1:33.3,40.3,12-12-12-12,11,417,10
2022/08/31,浦和,2,３歳三,1400,ダ,左,良,曇,12,7,9,シェナコロネ,牝,3,54.0,481,-6,吉留孝,冨田敏,,12,1:33.7,42.7,2-3-6-7,7,481,-6
2022/08/31,浦和,3,ランチタイムチャレンジＣ３四 五,1400,ダ,左,良,晴,11,1,1,トラハト,牝,4,54.0,485,2,酒井忍,海馬司,,1,1:31.8,41.2,1-1-1-1,5,485,2
2022/08/31,浦和,3,ランチタイムチャレンジＣ３四 五,1400,ダ,左,良,晴,11,4,4,ワンダーニメンソウ,牝,4,54.0,484,10,橋本直,鈴木勝,,2,1:32.0,41.2,2-2-2-2,6,484,10
2022/08/31,浦和,3,ランチタイムチャレンジＣ３四 五,1400,ダ,左,良,晴,11,5,5,リングボーイ,セ,0,53.0,430,5,室陽一,水野貴,,3,1:32.3,41.1,6-6-3-3,1,430,5
2022/08/31,浦和,3,ランチタイムチャレンジＣ３四 五,1400,ダ,左,良,晴,11,8,10,デリスブラン,牡,4,56.0,478,-4,保園翔,山越光,,4,1:32.8,41.6,3-4-4-4,2,478,-4
2022/08/31,浦和,3,ランチタイムチャレンジＣ３四 五,1400,ダ,左,良,晴,11,6,7,ファーマスター,牝,4,54.0,435,3,吉留孝,川村守,,5,1:32.9,40.8,9-8-8-5,10,435,3
2022/08/31,浦和,3,ランチタイムチャレンジＣ３四 五,1400,ダ,左,良,晴,11,7,8,ドラグ,牝,4,54.0,429,5,福原杏,牛房榮,,6,1:33.3,40.9,10-10-10-10,7,429,5
2022/08/31,浦和,3,ランチタイムチャレンジＣ３四 五,1400,ダ,左,良,晴,11,3,3,サノチナ,牝,5,54.0,423,3,赤津和,川島豊,,7,1:33.4,42.0,5-5-6-6,4,423,3
2022/08/31,浦和,3,ランチタイムチャレンジＣ３四 五,1400,ダ,左,良,晴,11,7,9,マウコウカミ,牝,4,54.0,469,-2,半澤慶,藤原智,,8,1:33.4,41.1,8-9-9-9,8,469,-2
2022/08/31,浦和,3,ランチタイムチャレンジＣ３四 五,1400,ダ,左,良,晴,11,2,2,セコイア,牝,5,54.0,476,1,和田譲,宇野博,,9,1:34.0,42.4,7-7-7-8,3,476,1
2022/08/31,浦和,3,ランチタイムチャレンジＣ３四 五,1400,ダ,左,良,晴,11,6,6,コウエイダイチ,牡,8,56.0,459,5,内田利,吉田正,,10,1:35.0,44.0,4-3-5-7,9,459,5
2022/08/31,浦和,3,ランチタイムチャレンジＣ３四 五,1400,ダ,左,良,晴,11,8,11,ルフトバローン,牝,4,54.0,449,-10,岡田大,薮口一,,,,,,,449,-10
2022/08/31,浦和,4,Ｃ３四 五,1500,ダ,左,良,晴,11,6,7,パーティーアニマル,牡,6,56.0,456,8,見越彬,牛房榮,,1,1:38.8,39.2,5-4-3-1,4,456,8
2022/08/31,浦和,4,Ｃ３四 五,1500,ダ,左,良,晴,11,6,6,コウユープリティー,牝,4,54.0,454,0,福原杏,宇野博,,2,1:38.8,39.1,3-5-4-4,1,454,0
2022/08/31,浦和,4,Ｃ３四 五,1500,ダ,左,良,晴,11,8,11,マリアフィナーレ,牝,5,54.0,441,-1,和田譲,小林真,,3,1:38.8,39.4,4-3-2-2,6,441,-1
2022/08/31,浦和,4,Ｃ３四 五,1500,ダ,左,良,晴,11,7,8,オールドボンバー,牡,6,56.0,475,2,寺島憂,横山保,,4,1:39.5,40.1,1-1-1-3,3,475,2
2022/08/31,浦和,4,Ｃ３四 五,1500,ダ,左,良,晴,11,7,9,ラウズアップ,牡,6,56.0,422,4,橋本直,牛房榮,,5,1:39.7,39.5,8-8-7-5,5,422,4
2022/08/31,浦和,4,Ｃ３四 五,1500,ダ,左,良,晴,11,3,3,コスモリカバリー,牡,4,56.0,507,-9,保園翔,山越光,,6,1:39.8,39.8,6-6-6-6,9,507,-9
2022/08/31,浦和,4,Ｃ３四 五,1500,ダ,左,良,晴,11,4,4,アルコンシチー,牡,5,56.0,467,8,赤津和,箕輪武,,7,1:40.2,40.2,7-7-8-8,8,467,8
2022/08/31,浦和,4,Ｃ３四 五,1500,ダ,左,良,晴,11,2,2,マッシュブライト,牝,4,51.0,464,3,室陽一,酒井一,,8,1:40.5,39.8,11-11-10-9,10,464,3
2022/08/31,浦和,4,Ｃ３四 五,1500,ダ,左,良,晴,11,1,1,クレールプリュネル,牝,4,50.0,471,-1,小林捺,山越光,,9,1:40.5,40.8,2-2-5-7,7,471,-1
2022/08/31,浦和,4,Ｃ３四 五,1500,ダ,左,良,晴,11,5,5,サンライズテソロ,牡,4,52.0,450,12,中島良,川島豊,,10,1:40.7,40.5,10-9-9-10,2,450,12
2022/08/31,浦和,4,Ｃ３四 五,1500,ダ,左,良,晴,11,8,10,ニシノカシン,牡,4,56.0,466,2,國分祐,冨田敏,,11,1:43.7,42.7,9-10-11-11,11,466,2
2022/08/31,浦和,5,Ｃ２三,1400,ダ,左,良,晴,12,1,1,ルージュカプリス,牝,5,54.0,430,2,加藤和,長谷忍,,1,1:30.5,39.6,7-7-5-3,7,430,2
2022/08/31,浦和,5,Ｃ２三,1400,ダ,左,良,晴,12,6,8,ノブヘンドリックス,牡,4,56.0,475,9,西啓太,小久智,,2,1:30.5,39.8,6-5-5-4,2,475,9
2022/08/31,浦和,5,Ｃ２三,1400,ダ,左,良,晴,12,7,9,エコロアジェンダ,牡,4,56.0,458,-3,森泰斗,工藤伸,,3,1:30.6,40.1,3-4-3-1,4,458,-3
2022/08/31,浦和,5,Ｃ２三,1400,ダ,左,良,晴,12,5,5,モモドリーム,牝,4,54.0,484,2,福原杏,平山真,,4,1:31.2,40.7,4-3-4-5,8,484,2
2022/08/31,浦和,5,Ｃ２三,1400,ダ,左,良,晴,12,7,10,ハツネヘイロー,セ,0,56.0,507,3,秋元耕,宇野博,,5,1:31.3,40.6,5-6-7-7,6,507,3
2022/08/31,浦和,5,Ｃ２三,1400,ダ,左,良,晴,12,8,11,リュウノワシントン,牡,4,56.0,428,-6,本橋孝,齊藤敏,,6,1:31.4,39.9,12-12-10-9,5,428,-6
2022/08/31,浦和,5,Ｃ２三,1400,ダ,左,良,晴,12,3,3,カミヤガルーラ,牡,4,56.0,462,0,橋本直,内野健,,7,1:31.9,39.9,11-11-12-12,9,462,0
2022/08/31,浦和,5,Ｃ２三,1400,ダ,左,良,晴,12,8,12,ナムラキティー,牝,5,54.0,464,-5,和田譲,小澤宏,,8,1:32.0,40.9,9-9-9-10,1,464,-5
2022/08/31,浦和,5,Ｃ２三,1400,ダ,左,良,晴,12,5,6,キャンビー,牡,4,56.0,517,4,達城龍,野口寛,,9,1:32.1,41.1,8-8-8-8,3,517,4
2022/08/31,浦和,5,Ｃ２三,1400,ダ,左,良,晴,12,4,4,エイコーレイワ,牝,5,50.0,474,2,中島良,川村守,,10,1:32.2,41.1,10-10-11-11,12,474,2
2022/08/31,浦和,5,Ｃ２三,1400,ダ,左,良,晴,12,2,2,コンバットマジック,牝,4,54.0,462,7,藤江渉,川島豊,,11,1:32.3,42.2,1-1-1-2,10,462,7
2022/08/31,浦和,5,Ｃ２三,1400,ダ,左,良,晴,12,6,7,モアイ,牡,7,55.0,484,7,七夕裕,岡田一,,12,1:33.0,42.8,2-2-2-6,11,484,7
2022/08/31,浦和,6,浦和８００ラウンドＣ２選抜馬イ,800,ダ,左,良,晴,9,8,9,スマートシエル,牝,4,54.0,454,13,笹川翼,小久智,,1,0:47.9,36.1,1-1,2,454,13
2022/08/31,浦和,6,浦和８００ラウンドＣ２選抜馬イ,800,ダ,左,良,晴,9,6,6,ウンジョウノメガミ,牝,4,50.0,459,2,小林捺,牛房榮,,2,0:48.4,36.2,3-3,6,459,2
2022/08/31,浦和,6,浦和８００ラウンドＣ２選抜馬イ,800,ダ,左,良,晴,9,1,1,モンスタープリンス,牡,6,56.0,507,2,藤江渉,工藤伸,,3,0:48.5,36.3,2-2,1,507,2
2022/08/31,浦和,6,浦和８００ラウンドＣ２選抜馬イ,800,ダ,左,良,晴,9,8,8,スターシード,牡,7,56.0,493,-2,櫻井光,酒井一,,4,0:48.7,36.3,4-4,4,493,-2
2022/08/31,浦和,6,浦和８００ラウンドＣ２選抜馬イ,800,ダ,左,良,晴,9,5,5,ジェームス,牡,8,56.0,503,-1,半澤慶,川島豊,,5,0:48.9,35.9,7-7,8,503,-1
2022/08/31,浦和,6,浦和８００ラウンドＣ２選抜馬イ,800,ダ,左,良,晴,9,2,2,メモリアルクイーン,牝,5,53.0,457,-6,古岡勇,小澤宏,,6,0:48.9,36.7,5-5,3,457,-6
2022/08/31,浦和,6,浦和８００ラウンドＣ２選抜馬イ,800,ダ,左,良,晴,9,3,3,カゲカツ,牡,8,56.0,513,-1,橋本直,長谷忍,,7,0:49.4,37.0,6-6,5,513,-1
2022/08/31,浦和,6,浦和８００ラウンドＣ２選抜馬イ,800,ダ,左,良,晴,9,7,7,ラブリースマッシュ,牝,7,54.0,478,9,吉留孝,薮口一,,8,0:49.6,36.5,8-8,7,478,9
2022/08/31,浦和,6,浦和８００ラウンドＣ２選抜馬イ,800,ダ,左,良,晴,9,4,4,プロスペリティ,牝,6,54.0,467,-2,國分祐,冨田敏,,9,0:50.5,37.0,9-9,9,467,-2
2022/08/31,浦和,7,浦和８００ラウンドＣ２選抜馬ア,800,ダ,左,良,晴,9,6,6,ロマンスピネル,牝,5,54.0,445,-3,臼井健,山中尊,,1,0:47.3,35.3,2-2,1,445,-3
2022/08/31,浦和,7,浦和８００ラウンドＣ２選抜馬ア,800,ダ,左,良,晴,9,2,2,ベルセブンティーン,牝,4,54.0,502,10,笹川翼,小久智,,2,0:47.5,35.5,1-1,3,502,10
2022/08/31,浦和,7,浦和８００ラウンドＣ２選抜馬ア,800,ダ,左,良,晴,9,5,5,ホシプリンセス,牝,4,54.0,500,2,矢野貴,酒井一,,3,0:48.6,36.1,5-4,5,500,2
2022/08/31,浦和,7,浦和８００ラウンドＣ２選抜馬ア,800,ダ,左,良,晴,9,3,3,ニシノイルマーレ,牝,4,54.0,490,-4,吉留孝,冨田敏,,4,0:48.8,36.3,4-3,8,490,-4
2022/08/31,浦和,7,浦和８００ラウンドＣ２選抜馬ア,800,ダ,左,良,晴,9,1,1,ツーエムタイガー,牡,4,56.0,451,2,和田譲,小澤宏,,5,0:49.0,35.5,8-8,4,451,2
2022/08/31,浦和,7,浦和８００ラウンドＣ２選抜馬ア,800,ダ,左,良,晴,9,4,4,ピースリアン,牡,5,56.0,497,2,福原杏,横山保,,6,0:49.1,36.4,6-6,2,497,2
2022/08/31,浦和,7,浦和８００ラウンドＣ２選抜馬ア,800,ダ,左,良,晴,9,8,8,ファンファン,牡,5,56.0,458,5,赤津和,箕輪武,,7,0:49.8,37.1,7-7,9,458,5
2022/08/31,浦和,7,浦和８００ラウンドＣ２選抜馬ア,800,ダ,左,良,晴,9,8,9,ノビーノヒカリ,牝,4,54.0,504,11,秋元耕,川島豊,,8,0:50.0,37.8,3-5,6,504,11
2022/08/31,浦和,7,浦和８００ラウンドＣ２選抜馬ア,800,ダ,左,良,晴,9,7,7,レアフィード,牡,6,56.0,571,-3,半澤慶,宇野博,,9,0:50.5,36.8,9-9,7,571,-3
2022/08/31,浦和,8,Ｃ１五,1500,ダ,左,良,晴,9,5,5,モリトローテローゼ,牝,6,51.0,490,10,新原周,水野貴,,1,1:37.0,40.4,2-2-1-1,3,490,10
2022/08/31,浦和,8,Ｃ１五,1500,ダ,左,良,晴,9,4,4,マスクドサムライ,牡,3,52.0,467,-4,室陽一,藤原智,,2,1:37.1,40.1,3-4-3-3,2,467,-4
2022/08/31,浦和,8,Ｃ１五,1500,ダ,左,良,晴,9,6,6,フェリスダージ,牝,4,54.0,428,2,内田利,工藤伸,,3,1:37.4,40.1,5-5-5-4,5,428,2
2022/08/31,浦和,8,Ｃ１五,1500,ダ,左,良,晴,9,8,8,クニノキラメキ,牡,4,56.0,478,-4,森泰斗,小久智,,4,1:38.2,40.9,6-6-4-5,1,478,-4
2022/08/31,浦和,8,Ｃ１五,1500,ダ,左,良,晴,9,7,7,ヘーベー,牝,4,54.0,473,-1,和田譲,宇野博,,5,1:38.5,41.7,4-3-2-2,4,473,-1
2022/08/31,浦和,8,Ｃ１五,1500,ダ,左,良,晴,9,8,9,カシノペルル,牡,3,55.0,496,-7,寺島憂,鹿沼和,,6,1:38.6,40.7,8-8-7-6,8,496,-7
2022/08/31,浦和,8,Ｃ１五,1500,ダ,左,良,晴,9,2,2,フェルカド,牡,5,56.0,477,-6,秋元耕,野口孝,,7,1:39.4,41.3,7-7-8-8,7,477,-6
2022/08/31,浦和,8,Ｃ１五,1500,ダ,左,良,晴,9,1,1,ピノタージュ,牝,5,54.0,454,5,橋本直,内野健,,8,1:40.0,42.9,1-1-6-7,6,454,5
2022/08/31,浦和,8,Ｃ１五,1500,ダ,左,良,晴,9,3,3,トモノエリザベス,牝,3,53.0,0,0,町田直,酒井一,,,,,,,0,0
2022/08/31,浦和,9,秋暑特別Ｂ３二,1500,ダ,左,良,晴,9,8,8,コウユーラヴラヴ,牝,4,54.0,478,-4,町田直,宇野博,,1,1:36.0,39.0,2-2-2-2,1,478,-4
2022/08/31,浦和,9,秋暑特別Ｂ３二,1500,ダ,左,良,晴,9,6,6,マイメロディ,牝,5,54.0,472,-3,庄司大,張田京,,2,1:36.2,38.7,4-4-4-3,2,472,-3
2022/08/31,浦和,9,秋暑特別Ｂ３二,1500,ダ,左,良,晴,9,1,1,バトードラムール,牝,7,54.0,469,1,張田昂,小澤宏,,3,1:36.3,38.5,6-6-6-4,4,469,1
2022/08/31,浦和,9,秋暑特別Ｂ３二,1500,ダ,左,良,晴,9,4,4,ハリケーンメファ,牝,5,54.0,459,-9,山本紀,山本学,,4,1:36.4,39.5,1-1-1-1,5,459,-9
2022/08/31,浦和,9,秋暑特別Ｂ３二,1500,ダ,左,良,晴,9,3,3,ロッソアモーレ,牝,5,51.0,469,0,木間龍,矢野義,,5,1:37.1,39.4,5-5-5-6,3,469,0
2022/08/31,浦和,9,秋暑特別Ｂ３二,1500,ダ,左,良,晴,9,7,7,シナノビクター,牝,5,54.0,460,2,秋元耕,岡田一,,6,1:37.9,40.6,3-3-3-5,6,460,2
2022/08/31,浦和,9,秋暑特別Ｂ３二,1500,ダ,左,良,晴,9,5,5,トミケンゲヌーク,セ,0,56.0,453,-2,小杉亮,阿井正,,7,1:37.9,39.5,7-7-7-7,7,453,-2
2022/08/31,浦和,9,秋暑特別Ｂ３二,1500,ダ,左,良,晴,9,8,9,ナムラタイガー,牡,5,56.0,547,6,寺島憂,水野貴,,8,1:39.5,39.5,9-9-8-8,8,547,6
2022/08/31,浦和,9,秋暑特別Ｂ３二,1500,ダ,左,良,晴,9,2,2,サトノゴールド,セ,0,55.0,465,7,七夕裕,小林真,,9,1:40.1,39.9,8-8-9-9,9,465,7
2022/08/31,浦和,10,観月特別Ｂ１二Ｂ２一,1400,ダ,左,良,晴,8,1,1,ポピュラーソング,牝,5,51.0,448,2,菅原涼,新井清,,1,1:28.2,38.3,3-4-5-3,6,448,2
2022/08/31,浦和,10,観月特別Ｂ１二Ｂ２一,1400,ダ,左,良,晴,8,4,4,ボナヴィーゴ,牡,7,57.0,519,1,森泰斗,宇野博,,2,1:28.6,38.0,8-8-7-7,2,519,1
2022/08/31,浦和,10,観月特別Ｂ１二Ｂ２一,1400,ダ,左,良,晴,8,2,2,ウインプリンツ,牡,6,57.0,513,2,吉留孝,平山真,,3,1:28.7,39.4,1-1-1-1,1,513,2
2022/08/31,浦和,10,観月特別Ｂ１二Ｂ２一,1400,ダ,左,良,晴,8,5,5,ミコノスフレイバー,牡,4,55.0,494,4,笠野雄,稲益貴,,4,1:28.9,39.5,2-2-2-2,4,494,4
2022/08/31,浦和,10,観月特別Ｂ１二Ｂ２一,1400,ダ,左,良,晴,8,8,8,ハピネスマインド,牝,4,53.0,454,3,和田譲,矢内博,,5,1:29.1,39.3,5-5-4-5,3,454,3
2022/08/31,浦和,10,観月特別Ｂ１二Ｂ２一,1400,ダ,左,良,晴,8,7,7,マーヴェルクエスト,牝,5,53.0,427,-7,左海誠,林正人,,6,1:29.5,39.9,4-3-3-4,5,427,-7
2022/08/31,浦和,10,観月特別Ｂ１二Ｂ２一,1400,ダ,左,良,晴,8,6,6,ストームガスト,牡,6,57.0,485,7,矢野貴,伊藤滋,,7,1:29.6,39.5,6-6-6-6,7,485,7
2022/08/31,浦和,10,観月特別Ｂ１二Ｂ２一,1400,ダ,左,良,晴,8,3,3,サイダイゲンカイ,牡,4,55.0,528,-3,西啓太,小久智,,8,1:30.5,39.5,7-7-8-8,8,528,-3
2022/08/31,浦和,11,’２２ルーキーズサマーカップ２歳オープン,1400,ダ,左,良,晴,8,4,4,ポリゴンウェイヴ,牡,2,55.0,472,-6,左海誠,小久智,,1,1:30.0,39.3,1-1-1-1,1,472,-6
2022/08/31,浦和,11,’２２ルーキーズサマーカップ２歳オープン,1400,ダ,左,良,晴,8,5,5,ニッショウミライ,牝,2,54.0,462,10,寺島憂,酒井一,,2,1:30.7,39.6,2-3-2-2,2,462,10
2022/08/31,浦和,11,’２２ルーキーズサマーカップ２歳オープン,1400,ダ,左,良,晴,8,7,7,チハヤ,牝,2,54.0,431,-10,森泰斗,加藤誠,,3,1:31.2,39.6,7-7-6-3,3,431,-10
2022/08/31,浦和,11,’２２ルーキーズサマーカップ２歳オープン,1400,ダ,左,良,晴,8,3,3,ソーヴキプ,牝,2,54.0,450,-3,山口達,渋谷博,,4,1:32.7,40.9,6-6-8-8,6,450,-3
2022/08/31,浦和,11,’２２ルーキーズサマーカップ２歳オープン,1400,ダ,左,良,晴,8,1,1,スマイルマハロ,牡,2,54.0,483,-2,見越彬,宇野博,,5,1:33.1,41.3,8-8-7-6,8,483,-2
2022/08/31,浦和,11,’２２ルーキーズサマーカップ２歳オープン,1400,ダ,左,良,晴,8,8,8,ダンシングクライ,牝,2,54.0,462,-11,吉留孝,藤原智,,6,1:33.8,42.3,4-5-4-7,7,462,-11
2022/08/31,浦和,11,’２２ルーキーズサマーカップ２歳オープン,1400,ダ,左,良,晴,8,6,6,ワールドバトル,牡,2,54.0,486,2,町田直,繁田健,,7,1:33.9,42.5,5-4-3-5,4,486,2
2022/08/31,浦和,11,’２２ルーキーズサマーカップ２歳オープン,1400,ダ,左,良,晴,8,2,2,タカイチスイート,牝,2,54.0,498,10,矢野貴,薮口一,,8,1:34.1,42.8,3-2-5-4,5,498,10
2022/08/31,浦和,12,乙女座特別Ｃ１選抜馬,2000,ダ,左,良,晴,10,7,8,オーケーパッション,牝,4,54.0,482,1,笹川翼,小久智,,1,2:11.1,40.5,1-1-1-1,2,482,1
2022/08/31,浦和,12,乙女座特別Ｃ１選抜馬,2000,ダ,左,良,晴,10,8,9,ハクシンパーソナル,牡,4,56.0,475,-1,和田譲,新井清,,2,2:12.9,42.2,2-2-2-2,3,475,-1
2022/08/31,浦和,12,乙女座特別Ｃ１選抜馬,2000,ダ,左,良,晴,10,6,6,ファステストシチー,牡,4,56.0,458,-7,森泰斗,水野貴,,3,2:13.2,42.0,3-3-3-3,1,458,-7
2022/08/31,浦和,12,乙女座特別Ｃ１選抜馬,2000,ダ,左,良,晴,10,5,5,グーガルドリームズ,セ,0,56.0,495,-4,福原杏,水野貴,,4,2:13.2,41.0,9-8-7-4,9,495,-4
2022/08/31,浦和,12,乙女座特別Ｃ１選抜馬,2000,ダ,左,良,晴,10,7,7,ログハウス,牝,7,51.0,495,2,室陽一,平山真,,5,2:13.4,40.8,8-10-9-9,4,495,2
2022/08/31,浦和,12,乙女座特別Ｃ１選抜馬,2000,ダ,左,良,晴,10,3,3,ジオパークマグマ,牡,4,56.0,471,5,加藤和,川島豊,,6,2:14.0,41.2,10-9-10-8,8,471,5
2022/08/31,浦和,12,乙女座特別Ｃ１選抜馬,2000,ダ,左,良,晴,10,2,2,アルバリ,牡,7,56.0,435,-4,庄司大,箕輪武,,7,2:14.0,41.6,7-5-8-10,7,435,-4
2022/08/31,浦和,12,乙女座特別Ｃ１選抜馬,2000,ダ,左,良,晴,10,4,4,ワンダーダイカネン,牡,5,56.0,494,1,見越彬,鈴木勝,,8,2:14.3,42.2,6-7-6-6,10,494,1
2022/08/31,浦和,12,乙女座特別Ｃ１選抜馬,2000,ダ,左,良,晴,10,8,10,モーニングスマイル,牡,3,55.0,455,-7,秋元耕,箕輪武,,9,2:14.4,42.3,5-6-5-7,5,455,-7
2022/08/31,浦和,12,乙女座特別Ｃ１選抜馬,2000,ダ,左,良,晴,10,1,1,フォーギブネス,牡,4,56.0,461,6,橋本直,平山真,,10,2:14.6,43.1,4-4-4-5,6,461,6
2022/09/01,浦和,1,３歳五,1400,ダ,左,稍重,曇,12,6,7,テンダーメモリー,牝,3,54.0,469,-9,笹川翼,宇野博,,1,1:32.4,41.1,3-3-3-3,2,469,-9
2022/09/01,浦和,1,３歳五,1400,ダ,左,稍重,曇,12,8,11,イデアグリーン,牝,3,53.0,429,0,七夕裕,岡田一,,2,1:32.9,41.8,2-2-2-2,3,429,0
2022/09/01,浦和,1,３歳五,1400,ダ,左,稍重,曇,12,5,6,セイエイセンヌ,牝,3,54.0,446,1,藤江渉,箕輪武,,3,1:33.2,41.4,4-4-4-4,4,446,1
2022/09/01,浦和,1,３歳五,1400,ダ,左,稍重,曇,12,7,10,ディラック,牡,3,53.0,453,8,室陽一,小澤宏,,4,1:33.3,41.1,7-6-5-5,5,453,8
2022/09/01,浦和,1,３歳五,1400,ダ,左,稍重,曇,12,5,5,ティーズロック,牡,3,56.0,518,6,和田譲,水野貴,,5,1:33.4,42.3,1-1-1-1,1,518,6
2022/09/01,浦和,1,３歳五,1400,ダ,左,稍重,曇,12,6,8,ルミマルヤ,牝,3,54.0,454,-6,福原杏,水野貴,,6,1:33.8,41.1,9-9-8-8,9,454,-6
2022/09/01,浦和,1,３歳五,1400,ダ,左,稍重,曇,12,7,9,アストロメアリー,牝,3,54.0,394,-2,加藤和,長谷忍,,7,1:34.0,40.3,11-11-11-11,11,394,-2
2022/09/01,浦和,1,３歳五,1400,ダ,左,稍重,曇,12,3,3,シェナハート,牝,3,54.0,415,4,國分祐,冨田敏,,8,1:34.1,40.8,10-10-10-9,12,415,4
2022/09/01,浦和,1,３歳五,1400,ダ,左,稍重,曇,12,8,12,サウンドウェリナ,牝,3,54.0,445,-3,秋元耕,水野貴,,9,1:34.2,42.0,8-7-7-7,8,445,-3
2022/09/01,浦和,1,３歳五,1400,ダ,左,稍重,曇,12,1,1,モエヨグラン,牡,3,56.0,502,3,内田利,箕輪武,,10,1:34.2,42.0,6-5-6-6,6,502,3
2022/09/01,浦和,1,３歳五,1400,ダ,左,稍重,曇,12,2,2,ビナフエ,牝,3,50.0,421,6,中島良,水野貴,,11,1:34.6,42.0,5-8-9-10,7,421,6
2022/09/01,浦和,1,３歳五,1400,ダ,左,稍重,曇,12,4,4,リュウノケプカ,セ,0,56.0,506,0,橋本直,齊藤敏,,12,1:36.5,42.3,12-12-12-12,10,506,0
2022/09/01,浦和,2,Ｃ３三,1400,ダ,左,稍重,曇,9,8,9,トリテレイア,牝,6,54.0,409,0,和田譲,箕輪武,,1,1:30.8,39.2,4-4-4-3,1,409,0
2022/09/01,浦和,2,Ｃ３三,1400,ダ,左,稍重,曇,9,6,6,プランタンヴェール,牝,6,54.0,520,2,橋本直,平山真,,2,1:31.3,40.7,2-2-2-1,2,520,2
2022/09/01,浦和,2,Ｃ３三,1400,ダ,左,稍重,曇,9,7,7,リスキーウィスキー,牡,4,56.0,494,-6,保園翔,山越光,,3,1:31.8,41.0,3-3-3-2,7,494,-6
2022/09/01,浦和,2,Ｃ３三,1400,ダ,左,稍重,曇,9,1,1,スプリングネージュ,牝,4,54.0,425,-3,福原杏,川村守,,4,1:32.0,40.0,5-5-6-6,6,425,-3
2022/09/01,浦和,2,Ｃ３三,1400,ダ,左,稍重,曇,9,8,8,ミラクルゲート,牡,8,56.0,442,0,矢野貴,野口孝,,5,1:32.3,39.5,9-8-7-7,4,442,0
2022/09/01,浦和,2,Ｃ３三,1400,ダ,左,稍重,曇,9,3,3,ショウイモン,牝,5,54.0,436,3,秋元耕,内野健,,6,1:32.3,40.5,6-6-5-5,5,436,3
2022/09/01,浦和,2,Ｃ３三,1400,ダ,左,稍重,曇,9,5,5,エイシンキンバリー,牝,4,54.0,426,1,藤本現,小久智,,7,1:33.4,42.8,1-1-1-4,3,426,1
2022/09/01,浦和,2,Ｃ３三,1400,ダ,左,稍重,曇,9,4,4,ゴールドアクセル,牡,4,56.0,511,5,見越彬,鹿沼和,,8,1:34.3,41.4,7-7-8-8,8,511,5
2022/09/01,浦和,2,Ｃ３三,1400,ダ,左,稍重,曇,9,2,2,スクリームイーグル,セ,0,56.0,442,-6,櫻井光,酒井一,,9,1:35.7,42.4,8-9-9-9,9,442,-6
2022/09/01,浦和,3,ランチタイムチャレンジＣ２四 五 六,1500,ダ,左,良,曇,11,1,1,プレミアムプリモ,牝,5,54.0,463,-1,岡村健,平山真,,1,1:38.3,40.5,1-1-1-1,6,463,-1
2022/09/01,浦和,3,ランチタイムチャレンジＣ２四 五 六,1500,ダ,左,良,曇,11,7,8,リュウオウ,牡,6,53.0,481,8,室陽一,宇野博,,2,1:38.3,40.3,4-4-3-2,4,481,8
2022/09/01,浦和,3,ランチタイムチャレンジＣ２四 五 六,1500,ダ,左,良,曇,11,8,10,フリーズオプション,牡,6,56.0,473,1,吉留孝,薮口一,,3,1:38.6,40.0,8-8-6-3,2,473,1
2022/09/01,浦和,3,ランチタイムチャレンジＣ２四 五 六,1500,ダ,左,良,曇,11,3,3,サマーボーイ,牡,7,56.0,507,8,橋本直,小久智,,4,1:38.6,40.4,5-5-5-4,3,507,8
2022/09/01,浦和,3,ランチタイムチャレンジＣ２四 五 六,1500,ダ,左,良,曇,11,7,9,マスオ,牡,9,55.0,431,5,七夕裕,野口孝,,5,1:39.0,40.4,7-7-8-6,10,431,5
2022/09/01,浦和,3,ランチタイムチャレンジＣ２四 五 六,1500,ダ,左,良,曇,11,6,7,ニシノキスミー,牝,8,54.0,482,3,福原杏,小澤宏,,6,1:39.4,40.8,9-9-7-8,7,482,3
2022/09/01,浦和,3,ランチタイムチャレンジＣ２四 五 六,1500,ダ,左,良,曇,11,6,6,セラフィム,牝,9,54.0,439,-3,半澤慶,海馬司,,7,1:39.7,41.3,6-6-9-9,8,439,-3
2022/09/01,浦和,3,ランチタイムチャレンジＣ２四 五 六,1500,ダ,左,良,曇,11,5,5,メイショウイヤサカ,牝,6,54.0,460,5,町田直,海馬司,,8,1:39.7,41.7,3-3-4-7,5,460,5
2022/09/01,浦和,3,ランチタイムチャレンジＣ２四 五 六,1500,ダ,左,良,曇,11,2,2,フクノヴァランス,牡,7,56.0,479,-2,加藤和,川島豊,,9,1:40.6,42.7,2-2-2-5,1,479,-2
2022/09/01,浦和,3,ランチタイムチャレンジＣ２四 五 六,1500,ダ,左,良,曇,11,8,11,ブルラッシュ,牡,5,52.0,500,11,中島良,酒井一,,10,1:44.7,43.3,11-11-11-11,9,500,11
2022/09/01,浦和,3,ランチタイムチャレンジＣ２四 五 六,1500,ダ,左,良,曇,11,4,4,シェナフウジン,牡,6,56.0,457,12,國分祐,冨田敏,,11,1:44.9,44.3,10-10-10-10,11,457,12
2022/09/01,浦和,4,浦和８００ラウンドＣ３選抜馬イ,800,ダ,左,良,曇,12,2,2,ピノゼン,牝,6,51.0,490,4,新原周,野口孝,,1,0:49.0,36.3,1-1,1,490,4
2022/09/01,浦和,4,浦和８００ラウンドＣ３選抜馬イ,800,ダ,左,良,曇,12,8,12,メロメロパンチ,牝,9,54.0,485,5,福原杏,内野健,,2,0:49.7,37.0,2-2,2,485,5
2022/09/01,浦和,4,浦和８００ラウンドＣ３選抜馬イ,800,ダ,左,良,曇,12,6,7,クロノエンプレス,牝,5,54.0,462,0,橋本直,酒井一,,3,0:49.9,37.0,6-4,6,462,0
2022/09/01,浦和,4,浦和８００ラウンドＣ３選抜馬イ,800,ダ,左,良,曇,12,5,6,ニシノマッハ,牡,8,56.0,472,3,國分祐,冨田敏,,4,0:49.9,37.0,4-3,7,472,3
2022/09/01,浦和,4,浦和８００ラウンドＣ３選抜馬イ,800,ダ,左,良,曇,12,6,8,ゴールドスペンサー,牡,4,56.0,473,-5,秋元耕,吉田正,,5,0:50.4,36.9,7-7,9,473,-5
2022/09/01,浦和,4,浦和８００ラウンドＣ３選抜馬イ,800,ダ,左,良,曇,12,7,9,カズアティシャ,牡,4,56.0,501,-10,半澤慶,牛房榮,,6,0:50.4,37.7,3-5,5,501,-10
2022/09/01,浦和,4,浦和８００ラウンドＣ３選抜馬イ,800,ダ,左,良,曇,12,5,5,ネオペトリコール,牝,4,54.0,394,-5,保園翔,酒井一,,7,0:50.6,37.8,5-6,8,394,-5
2022/09/01,浦和,4,浦和８００ラウンドＣ３選抜馬イ,800,ダ,左,良,曇,12,1,1,ヘデラ,牝,6,54.0,443,8,寺島憂,水野貴,,8,0:50.8,37.1,8-8,10,443,8
2022/09/01,浦和,4,浦和８００ラウンドＣ３選抜馬イ,800,ダ,左,良,曇,12,7,10,リアルドリーム,牝,4,50.0,435,-6,中島良,川島豊,,9,0:51.3,37.2,11-11,11,435,-6
2022/09/01,浦和,4,浦和８００ラウンドＣ３選抜馬イ,800,ダ,左,良,曇,12,8,11,シエスタキー,牡,5,56.0,501,-1,山中悠,川村守,,10,0:51.3,37.1,12-10,4,501,-1
2022/09/01,浦和,4,浦和８００ラウンドＣ３選抜馬イ,800,ダ,左,良,曇,12,4,4,ヴィクトリアブーケ,牝,4,54.0,385,0,岡田大,薮口一,,11,0:51.3,37.6,9-9,3,385,0
2022/09/01,浦和,4,浦和８００ラウンドＣ３選抜馬イ,800,ダ,左,良,曇,12,3,3,シャインルビー,牝,5,54.0,433,-4,赤津和,川村守,,12,0:51.9,38.0,10-12,12,433,-4
2022/09/01,浦和,5,浦和８００ラウンドＣ３選抜馬ア,800,ダ,左,良,曇,12,8,12,トップシンデレラ,牝,4,50.0,455,1,小林捺,矢内博,,1,0:48.5,36.1,3-2,1,455,1
2022/09/01,浦和,5,浦和８００ラウンドＣ３選抜馬ア,800,ダ,左,良,曇,12,1,1,フライトメモリア,牝,4,54.0,520,-8,秋元耕,川村守,,2,0:48.7,36.3,1-1,4,520,-8
2022/09/01,浦和,5,浦和８００ラウンドＣ３選抜馬ア,800,ダ,左,良,曇,12,5,6,クールスパート,牡,7,56.0,470,-2,見越彬,野口寛,,3,0:49.3,36.9,4-4,3,470,-2
2022/09/01,浦和,5,浦和８００ラウンドＣ３選抜馬ア,800,ダ,左,良,曇,12,6,7,ジョーアヤメ,牝,4,51.0,461,8,室陽一,小久智,,4,0:49.3,36.5,6-6,2,461,8
2022/09/01,浦和,5,浦和８００ラウンドＣ３選抜馬ア,800,ダ,左,良,曇,12,8,11,アイノロマン,牝,4,54.0,478,5,岡田大,岡田一,,5,0:49.5,36.3,9-8,7,478,5
2022/09/01,浦和,5,浦和８００ラウンドＣ３選抜馬ア,800,ダ,左,良,曇,12,3,3,サプライズギフト,牝,4,50.0,421,-2,中島良,川島豊,,6,0:49.5,36.2,7-7,6,421,-2
2022/09/01,浦和,5,浦和８００ラウンドＣ３選抜馬ア,800,ダ,左,良,曇,12,6,8,カントナ,牝,5,54.0,415,-3,半澤慶,宇野博,,7,0:49.8,36.3,11-10,8,415,-3
2022/09/01,浦和,5,浦和８００ラウンドＣ３選抜馬ア,800,ダ,左,良,曇,12,4,4,ルア,牝,8,54.0,472,9,橋本直,内野健,,8,0:49.8,37.0,5-5,12,472,9
2022/09/01,浦和,5,浦和８００ラウンドＣ３選抜馬ア,800,ダ,左,良,曇,12,5,5,ラヴアンドゲーム,牝,5,54.0,475,-1,寺島憂,酒井一,,9,0:49.9,37.5,2-3,5,475,-1
2022/09/01,浦和,5,浦和８００ラウンドＣ３選抜馬ア,800,ダ,左,良,曇,12,2,2,アミン,牝,5,54.0,460,2,吉留孝,冨田敏,,10,0:50.0,36.8,8-9,9,460,2
2022/09/01,浦和,5,浦和８００ラウンドＣ３選抜馬ア,800,ダ,左,良,曇,12,7,10,レイリアン,牝,5,54.0,413,6,國分祐,冨田敏,,11,0:50.1,37.1,10-11,11,413,6
2022/09/01,浦和,5,浦和８００ラウンドＣ３選抜馬ア,800,ダ,左,良,曇,12,7,9,アナハ,牝,5,51.0,413,13,新原周,川島豊,,12,0:50.4,36.7,12-12,10,413,13
2022/09/01,浦和,6,Ｃ２四 五 六,1400,ダ,左,良,曇,11,5,5,ヤマジュンヒバナ,牝,5,51.0,465,1,室陽一,宇野博,,1,1:30.3,39.5,7-5-4-2,1,465,1
2022/09/01,浦和,6,Ｃ２四 五 六,1400,ダ,左,良,曇,11,7,9,アミフジウジョウ,牡,5,53.0,475,2,木間龍,矢野義,,2,1:30.7,38.5,11-11-10-8,3,475,2
2022/09/01,浦和,6,Ｃ２四 五 六,1400,ダ,左,良,曇,11,8,11,ブルベアマイル,牡,5,55.0,459,8,七夕裕,岡田一,,3,1:31.0,41.1,1-1-1-1,6,459,8
2022/09/01,浦和,6,Ｃ２四 五 六,1400,ダ,左,良,曇,11,2,2,ユウユウグリュック,牝,5,50.0,420,-4,中島良,横山保,,4,1:31.2,40.2,8-7-6-4,8,420,-4
2022/09/01,浦和,6,Ｃ２四 五 六,1400,ダ,左,良,曇,11,4,4,トロワフィーユ,牝,5,54.0,459,-4,川島正,野口寛,,5,1:31.4,39.9,9-9-9-9,4,459,-4
2022/09/01,浦和,6,Ｃ２四 五 六,1400,ダ,左,良,曇,11,1,1,ダイバサファイア,牝,5,54.0,478,0,赤津和,箕輪武,,6,1:31.4,39.4,10-10-11-10,11,478,0
2022/09/01,浦和,6,Ｃ２四 五 六,1400,ダ,左,良,曇,11,7,8,ファッシネイター,牝,4,54.0,441,0,和田譲,新井清,,7,1:31.5,41.2,2-2-2-3,5,441,0
2022/09/01,浦和,6,Ｃ２四 五 六,1400,ダ,左,良,曇,11,6,7,イエローリボン,牝,5,54.0,463,5,内田利,藤原智,,8,1:31.5,41.0,3-3-3-5,9,463,5
2022/09/01,浦和,6,Ｃ２四 五 六,1400,ダ,左,良,曇,11,8,10,ロードユリシス,セ,0,56.0,483,9,福原杏,長谷忍,,9,1:31.6,40.5,6-8-7-7,7,483,9
2022/09/01,浦和,6,Ｃ２四 五 六,1400,ダ,左,良,曇,11,3,3,トモノクリスタル,牝,5,54.0,426,9,本橋孝,小久智,,10,1:31.7,40.9,4-4-5-6,2,426,9
2022/09/01,浦和,6,Ｃ２四 五 六,1400,ダ,左,良,曇,11,6,6,プリプリクインダム,牝,7,54.0,482,-1,半澤慶,平山真,,11,1:32.8,41.9,5-6-8-11,10,482,-1
2022/09/01,浦和,7,新生特別２歳一,1400,ダ,左,良,曇,8,7,7,マサノエンペラー,牡,2,54.0,465,1,左海誠,張田京,,1,1:30.2,40.0,1-1-1-1,1,465,1
2022/09/01,浦和,7,新生特別２歳一,1400,ダ,左,良,曇,8,8,8,ピュアアメリカン,牝,2,54.0,459,4,福原杏,小澤宏,,2,1:31.3,40.6,2-3-2-2,6,459,4
2022/09/01,浦和,7,新生特別２歳一,1400,ダ,左,良,曇,8,1,1,キックアス,牡,2,50.0,435,6,中島良,海馬司,,3,1:31.9,41.0,3-2-4-4,4,435,6
2022/09/01,浦和,7,新生特別２歳一,1400,ダ,左,良,曇,8,4,4,シェナストーン,牡,2,54.0,434,-3,秋元耕,吉田正,,4,1:32.0,40.0,6-7-7-7,7,434,-3
2022/09/01,浦和,7,新生特別２歳一,1400,ダ,左,良,曇,8,3,3,エマーブルクラス,牝,2,54.0,438,-2,森泰斗,薮口一,,5,1:32.0,40.1,7-6-6-5,5,438,-2
2022/09/01,浦和,7,新生特別２歳一,1400,ダ,左,良,曇,8,6,6,ジョーフォック,牡,2,54.0,475,4,本橋孝,小久智,,6,1:32.0,40.9,4-4-3-3,2,475,4
2022/09/01,浦和,7,新生特別２歳一,1400,ダ,左,良,曇,8,5,5,クワイエットライト,牡,2,54.0,451,-4,矢野貴,小久智,,7,1:33.2,41.9,5-5-5-6,3,451,-4
2022/09/01,浦和,7,新生特別２歳一,1400,ダ,左,良,曇,8,2,2,シェナカレン,牡,2,54.0,448,2,保園翔,山越光,,8,1:35.6,41.4,8-8-8-8,8,448,2
2022/09/01,浦和,8,Ｃ２四 五 六,1500,ダ,左,良,曇,11,2,2,ハクシンエース,牡,4,56.0,442,-2,半澤慶,平山真,,1,1:37.3,39.3,1-1-1-1,8,442,-2
2022/09/01,浦和,8,Ｃ２四 五 六,1500,ダ,左,良,曇,11,5,5,リアドライブ,牡,4,56.0,503,-2,高橋利,新井清,,2,1:37.6,39.2,3-3-2-2,2,503,-2
2022/09/01,浦和,8,Ｃ２四 五 六,1500,ダ,左,良,曇,11,7,8,キョウエイレガード,牝,7,54.0,466,-5,岡田大,吉田正,,3,1:38.8,39.8,7-6-5-3,3,466,-5
2022/09/01,浦和,8,Ｃ２四 五 六,1500,ダ,左,良,曇,11,1,1,ベリリウンヌ,牝,4,54.0,425,3,保園翔,海馬司,,4,1:38.8,39.9,4-4-4-5,4,425,3
2022/09/01,浦和,8,Ｃ２四 五 六,1500,ダ,左,良,曇,11,6,6,タマモポラリス,牝,4,54.0,452,-1,藤本現,伊藤滋,,5,1:39.0,39.6,10-9-6-6,6,452,-1
2022/09/01,浦和,8,Ｃ２四 五 六,1500,ダ,左,良,曇,11,6,7,ジュディスピュア,牝,4,55.0,437,3,小杉亮,玉井昇,,6,1:39.1,39.7,6-8-6-7,5,437,3
2022/09/01,浦和,8,Ｃ２四 五 六,1500,ダ,左,良,曇,11,4,4,エルフバローズ,牝,4,54.0,448,1,矢野貴,工藤伸,,7,1:39.1,40.7,2-2-3-4,1,448,1
2022/09/01,浦和,8,Ｃ２四 五 六,1500,ダ,左,良,曇,11,8,10,プランナイン,牝,4,54.0,483,-3,吉留孝,薮口一,,8,1:40.1,40.6,9-10-10-8,10,483,-3
2022/09/01,浦和,8,Ｃ２四 五 六,1500,ダ,左,良,曇,11,8,11,トゥインクルベガ,牝,4,54.0,462,13,赤津和,川村守,,9,1:40.2,41.1,5-5-8-9,7,462,13
2022/09/01,浦和,8,Ｃ２四 五 六,1500,ダ,左,良,曇,11,7,9,キョウエイアップ,牡,4,56.0,509,15,秋元耕,小澤宏,,10,1:40.6,41.3,8-7-9-10,9,509,15
2022/09/01,浦和,8,Ｃ２四 五 六,1500,ダ,左,良,曇,11,3,3,フィーネ,牝,4,54.0,489,3,本橋孝,野口寛,,,,,,,489,3
2022/09/01,浦和,9,Ｃ１六,1400,ダ,左,良,曇,11,8,11,ワンダーフェンリル,牡,4,56.0,517,1,橋本直,鈴木勝,,1,1:29.2,39.4,7-4-4-1,3,517,1
2022/09/01,浦和,9,Ｃ１六,1400,ダ,左,良,曇,11,6,7,ウインカルナヴァル,牡,7,56.0,483,-3,矢野貴,玉井昇,,2,1:29.7,40.5,2-3-1-2,2,483,-3
2022/09/01,浦和,9,Ｃ１六,1400,ダ,左,良,曇,11,7,8,セイウンヒュージ,牡,5,56.0,479,-2,國分祐,冨田敏,,3,1:30.6,41.4,3-2-1-3,9,479,-2
2022/09/01,浦和,9,Ｃ１六,1400,ダ,左,良,曇,11,2,2,マルモリラッキー,セ,0,56.0,489,-1,岡村健,玉井勝,,4,1:30.6,39.2,9-9-9-9,7,489,-1
2022/09/01,浦和,9,Ｃ１六,1400,ダ,左,良,曇,11,3,3,ロマーシカ,牝,5,54.0,471,-2,森泰斗,小久智,,5,1:30.7,40.3,5-6-6-6,1,471,-2
2022/09/01,浦和,9,Ｃ１六,1400,ダ,左,良,曇,11,8,10,ガンコチャン,牝,3,52.0,482,3,七夕裕,岡田一,,6,1:30.9,40.1,6-7-8-8,8,482,3
2022/09/01,浦和,9,Ｃ１六,1400,ダ,左,良,曇,11,6,6,ホワイトスズラン,牝,3,53.0,428,7,保園翔,山越光,,7,1:31.2,39.0,10-10-10-10,10,428,7
2022/09/01,浦和,9,Ｃ１六,1400,ダ,左,良,曇,11,5,5,トキノプレミア,牡,3,55.0,496,5,川島正,山田信,,8,1:31.7,42.5,1-1-3-4,5,496,5
2022/09/01,浦和,9,Ｃ１六,1400,ダ,左,良,曇,11,1,1,アルマラウラ,牝,3,53.0,460,7,町田直,海馬司,,9,1:31.7,40.9,8-8-7-7,4,460,7
2022/09/01,浦和,9,Ｃ１六,1400,ダ,左,良,曇,11,4,4,ニシノアクシス,牡,5,56.0,502,3,岡田大,冨田敏,,10,1:31.8,41.8,4-5-5-5,6,502,3
2022/09/01,浦和,9,Ｃ１六,1400,ダ,左,良,曇,11,7,9,ガクチカキッズ,牡,8,56.0,0,0,山口達,玉井勝,,,,,,,0,0
2022/09/01,浦和,10,撫子特別Ｃ１二,1400,ダ,左,良,曇,9,3,3,ショットメーカー,牡,3,57.0,544,-2,張田昂,張田京,,1,1:28.4,38.4,5-4-4-2,2,544,-2
2022/09/01,浦和,10,撫子特別Ｃ１二,1400,ダ,左,良,曇,9,1,1,ネクサスエッジ,牝,5,51.0,478,0,野畑凌,小澤宏,,2,1:28.5,39.0,1-1-1-1,5,478,0
2022/09/01,浦和,10,撫子特別Ｃ１二,1400,ダ,左,良,曇,9,8,8,オウケンアマゾネス,牝,5,54.0,464,2,町田直,工藤伸,,3,1:29.2,38.8,6-7-5-7,4,464,2
2022/09/01,浦和,10,撫子特別Ｃ１二,1400,ダ,左,良,曇,9,7,7,トーセンテキーラ,牡,6,56.0,554,0,吉留孝,小久智,,4,1:29.6,40.0,2-2-2-3,1,554,0
2022/09/01,浦和,10,撫子特別Ｃ１二,1400,ダ,左,良,曇,9,8,9,ショウネンジダイ,牡,4,56.0,491,1,本田重,新井清,,5,1:29.6,39.8,3-3-3-4,3,491,1
2022/09/01,浦和,10,撫子特別Ｃ１二,1400,ダ,左,良,曇,9,4,4,ムーランブラン,牝,6,54.0,462,1,笹川翼,藤原智,,6,1:29.7,39.1,7-6-7-5,7,462,1
2022/09/01,浦和,10,撫子特別Ｃ１二,1400,ダ,左,良,曇,9,5,5,ワンダークラドート,牡,5,56.0,471,-7,橋本直,鈴木勝,,7,1:29.8,39.5,4-5-6-6,6,471,-7
2022/09/01,浦和,10,撫子特別Ｃ１二,1400,ダ,左,良,曇,9,2,2,ビービーダルク,牝,4,54.0,470,-6,岡田大,薮口一,,8,1:30.5,39.4,8-8-8-8,8,470,-6
2022/09/01,浦和,10,撫子特別Ｃ１二,1400,ダ,左,良,曇,9,6,6,ピンクローズ,牝,4,54.0,466,1,加藤和,宇野博,,9,1:31.2,38.9,9-9-9-9,9,466,1
2022/09/01,浦和,11,長月特別Ａ２下,1500,ダ,左,良,雨,10,4,4,ジョーパイロライト,牡,6,57.0,468,7,藤本現,小久智,,1,1:35.2,37.7,1-1-1-1,1,468,7
2022/09/01,浦和,11,長月特別Ａ２下,1500,ダ,左,良,雨,10,7,7,キタサンタイドー,牡,7,57.0,528,14,真島大,米谷康,,2,1:35.5,37.9,2-2-2-2,5,528,14
2022/09/01,浦和,11,長月特別Ａ２下,1500,ダ,左,良,雨,10,5,5,ダイリュウボーラー,牡,6,55.0,455,5,笹川翼,繁田健,,3,1:35.6,37.8,4-4-3-3,2,455,5
2022/09/01,浦和,11,長月特別Ａ２下,1500,ダ,左,良,雨,10,3,3,エフェルヴェソンス,牡,7,55.0,485,2,篠谷葵,米谷康,,4,1:35.6,37.5,6-6-7-5,7,485,2
2022/09/01,浦和,11,長月特別Ａ２下,1500,ダ,左,良,雨,10,7,8,トーセンレビュー,牡,5,57.0,514,1,本橋孝,小久智,,5,1:35.9,38.1,3-3-3-4,3,514,1
2022/09/01,浦和,11,長月特別Ａ２下,1500,ダ,左,良,雨,10,8,10,スウィングビート,セ,0,57.0,490,-3,張田昂,岡林光,,6,1:35.9,38.0,5-5-5-6,4,490,-3
2022/09/01,浦和,11,長月特別Ａ２下,1500,ダ,左,良,雨,10,1,1,パーソナルマキ,牡,9,54.0,493,1,七夕裕,平山真,,7,1:36.1,37.7,9-9-9-8,8,493,1
2022/09/01,浦和,11,長月特別Ａ２下,1500,ダ,左,良,雨,10,6,6,ジョーグランツ,牡,7,55.0,491,3,森泰斗,小久智,,8,1:37.0,39.1,7-7-6-7,6,491,3
2022/09/01,浦和,11,長月特別Ａ２下,1500,ダ,左,良,雨,10,2,2,バーナードループ,牡,5,57.0,531,2,福原杏,水野貴,,9,1:37.3,39.1,8-8-8-9,9,531,2
2022/09/01,浦和,11,長月特別Ａ２下,1500,ダ,左,良,雨,10,8,9,サバンナロード,セ,0,55.0,530,-9,見越彬,海馬司,,10,1:39.6,39.4,10-10-10-10,10,530,-9
2022/09/01,浦和,12,竜胆特別Ｂ３三Ｃ１一,1400,ダ,左,不良,雨,11,2,2,サンウェーコ,牡,6,57.0,507,2,川島正,繁田健,,1,1:26.9,38.3,1-1-1-1,1,507,2
2022/09/01,浦和,12,竜胆特別Ｂ３三Ｃ１一,1400,ダ,左,不良,雨,11,5,5,ヴァネロペ,牝,3,52.0,465,7,山口達,林正人,,2,1:27.2,36.9,11-11-7-5,4,465,7
2022/09/01,浦和,12,竜胆特別Ｂ３三Ｃ１一,1400,ダ,左,不良,雨,11,7,9,シュバルツイェガー,牡,5,57.0,474,-13,左海誠,林正人,,3,1:27.4,37.6,6-6-6-6,9,474,-13
2022/09/01,浦和,12,竜胆特別Ｂ３三Ｃ１一,1400,ダ,左,不良,雨,11,8,11,ブルーオラーリオ,牡,8,55.0,471,-1,澤田龍,新井清,,4,1:27.5,37.1,8-8-8-8,5,471,-1
2022/09/01,浦和,12,竜胆特別Ｂ３三Ｃ１一,1400,ダ,左,不良,雨,11,3,3,メイストーム,牡,4,52.0,494,-4,新原周,水野貴,,5,1:27.9,37.3,7-7-9-9,7,494,-4
2022/09/01,浦和,12,竜胆特別Ｂ３三Ｃ１一,1400,ダ,左,不良,雨,11,1,1,ウララカナハル,牝,4,53.0,425,-5,町田直,新井清,,6,1:27.9,38.9,3-3-3-3,10,425,-5
2022/09/01,浦和,12,竜胆特別Ｂ３三Ｃ１一,1400,ダ,左,不良,雨,11,6,6,マナーザマジック,牡,5,57.0,456,-2,達城龍,野口孝,,7,1:28.1,38.8,4-5-5-4,8,456,-2
2022/09/01,浦和,12,竜胆特別Ｂ３三Ｃ１一,1400,ダ,左,不良,雨,11,8,10,タマモイットウセイ,牡,4,57.0,504,12,矢野貴,小久智,,8,1:28.5,39.9,2-2-2-2,2,504,12
2022/09/01,浦和,12,竜胆特別Ｂ３三Ｃ１一,1400,ダ,左,不良,雨,11,7,8,ジェフリー,牡,4,55.0,457,-13,森泰斗,薮口一,,9,1:28.7,39.7,5-4-4-7,6,457,-13
2022/09/01,浦和,12,竜胆特別Ｂ３三Ｃ１一,1400,ダ,左,不良,雨,11,4,4,ブレイブウォリアー,セ,0,55.0,483,-1,秋元耕,酒井一,,10,1:28.9,37.7,10-10-11-10,11,483,-1
2022/09/01,浦和,12,竜胆特別Ｂ３三Ｃ１一,1400,ダ,左,不良,雨,11,6,7,キングバーグ,牡,5,57.0,494,0,和田譲,宇野博,,11,1:31.0,40.2,9-9-10-11,3,494,0
2022/09/02,浦和,1,２歳三,1400,ダ,左,不良,曇,12,4,4,ソウルフレイバー,牡,2,54.0,425,-4,町田直,繁田健,,1,1:31.8,39.4,1-1-1-1,1,425,-4
2022/09/02,浦和,1,２歳三,1400,ダ,左,不良,曇,12,8,11,シナノフローレンス,牝,2,53.0,391,-3,七夕裕,岡田一,,2,1:32.3,39.6,4-3-2-2,4,391,-3
2022/09/02,浦和,1,２歳三,1400,ダ,左,不良,曇,12,5,6,エアファールング,牡,2,54.0,477,10,保園翔,山越光,,3,1:34.1,40.4,10-10-7-5,3,477,10
2022/09/02,浦和,1,２歳三,1400,ダ,左,不良,曇,12,6,7,シェナカンザシ,牝,2,54.0,465,10,秋元耕,山越光,,4,1:34.5,40.6,11-11-11-9,2,465,10
2022/09/02,浦和,1,２歳三,1400,ダ,左,不良,曇,12,6,8,ダプネマリン,牝,2,54.0,412,13,橋本直,牛房榮,,5,1:34.6,41.5,6-5-6-6,5,412,13
2022/09/02,浦和,1,２歳三,1400,ダ,左,不良,曇,12,2,2,リオチャン,牡,2,54.0,479,-2,福原杏,野口孝,,6,1:34.8,41.1,12-12-8-7,6,479,-2
2022/09/02,浦和,1,２歳三,1400,ダ,左,不良,曇,12,7,10,ルヴァンモンスター,牡,2,54.0,506,-8,和田譲,水野貴,,7,1:34.9,41.8,3-4-5-3,7,506,-8
2022/09/02,浦和,1,２歳三,1400,ダ,左,不良,曇,12,7,9,ブラウンキングズ,牡,2,54.0,437,-3,張田昂,山越光,,8,1:35.4,42.3,5-6-4-4,9,437,-3
2022/09/02,浦和,1,２歳三,1400,ダ,左,不良,曇,12,3,3,シェナグローリー,牝,2,54.0,453,7,岡田大,冨田敏,,9,1:36.4,42.9,9-9-8-8,11,453,7
2022/09/02,浦和,1,２歳三,1400,ダ,左,不良,曇,12,8,12,シェナレモン,牝,2,54.0,419,-10,國分祐,冨田敏,,10,1:36.8,43.1,7-8-12-12,12,419,-10
2022/09/02,浦和,1,２歳三,1400,ダ,左,不良,曇,12,1,1,ユウユウプレシャス,牝,2,51.0,399,1,室陽一,横山保,,11,1:36.9,43.3,8-7-10-11,8,399,1
2022/09/02,浦和,1,２歳三,1400,ダ,左,不良,曇,12,5,5,ユウユウピッコラ,牝,2,50.0,417,2,中島良,横山保,,12,1:38.1,45.6,2-2-3-10,10,417,2
2022/09/02,浦和,2,２歳二,1400,ダ,左,不良,曇,12,4,4,ノースプリマ,牝,2,54.0,448,4,森泰斗,水野貴,,1,1:31.1,39.5,1-1-1-1,1,448,4
2022/09/02,浦和,2,２歳二,1400,ダ,左,不良,曇,12,8,11,イイガネ,牝,2,54.0,449,2,町田直,酒井一,,2,1:32.1,40.4,2-2-2-2,2,449,2
2022/09/02,浦和,2,２歳二,1400,ダ,左,不良,曇,12,7,10,キミトユメヲカケル,牝,2,54.0,422,2,加藤和,長谷忍,,3,1:32.5,40.0,6-7-5-3,6,422,2
2022/09/02,浦和,2,２歳二,1400,ダ,左,不良,曇,12,6,7,エルジーニョ,牡,2,54.0,508,14,張田昂,小久智,,4,1:33.5,40.6,10-9-7-5,3,508,14
2022/09/02,浦和,2,２歳二,1400,ダ,左,不良,曇,12,1,1,インベンション,牝,2,54.0,442,-2,和田譲,長谷忍,,5,1:34.3,41.6,8-5-6-6,5,442,-2
2022/09/02,浦和,2,２歳二,1400,ダ,左,不良,曇,12,2,2,ゴーゴームスメ,牝,2,54.0,431,-6,見越彬,鹿沼和,,6,1:34.8,43.1,3-3-3-4,4,431,-6
2022/09/02,浦和,2,２歳二,1400,ダ,左,不良,曇,12,5,5,アメ,牝,2,52.0,433,4,菅原涼,長谷忍,,7,1:35.4,42.2,7-8-10-11,8,433,4
2022/09/02,浦和,2,２歳二,1400,ダ,左,不良,曇,12,3,3,スタータマチャン,牝,2,54.0,482,-4,橋本直,川村守,,8,1:35.4,41.9,12-12-12-9,9,482,-4
2022/09/02,浦和,2,２歳二,1400,ダ,左,不良,曇,12,6,8,シェナリオン,牡,2,54.0,441,4,保園翔,冨田敏,,9,1:35.5,42.3,11-11-9-8,12,441,4
2022/09/02,浦和,2,２歳二,1400,ダ,左,不良,曇,12,5,6,カシノビジン,牝,2,51.0,403,-7,室陽一,野口寛,,10,1:35.9,42.7,9-10-11-12,7,403,-7
2022/09/02,浦和,2,２歳二,1400,ダ,左,不良,曇,12,8,12,クリプリンセス,牝,2,50.0,416,0,中島良,冨田敏,,11,1:36.6,44.3,4-4-4-7,11,416,0
2022/09/02,浦和,2,２歳二,1400,ダ,左,不良,曇,12,7,9,カシノクインダム,牝,2,54.0,453,2,秋元耕,鹿沼和,,12,1:37.1,44.3,5-6-8-10,10,453,2
2022/09/02,浦和,3,浦和８００ラウンド３歳選抜馬,800,ダ,左,不良,雨,12,5,5,キセガワ,牝,3,50.0,459,2,小林捺,長谷忍,,1,0:48.3,35.8,4-3,1,459,2
2022/09/02,浦和,3,浦和８００ラウンド３歳選抜馬,800,ダ,左,不良,雨,12,5,6,アイカーニバル,牝,3,54.0,486,1,吉留孝,岡田一,,2,0:48.3,35.9,1-2,3,486,1
2022/09/02,浦和,3,浦和８００ラウンド３歳選抜馬,800,ダ,左,不良,雨,12,2,2,アルゴル,牡,3,55.0,470,6,七夕裕,箕輪武,,3,0:48.3,35.9,3-1,2,470,6
2022/09/02,浦和,3,浦和８００ラウンド３歳選抜馬,800,ダ,左,不良,雨,12,6,8,ミネヴィーノ,牝,3,54.0,461,9,福原杏,小澤宏,,4,0:48.3,35.9,2-4,7,461,9
2022/09/02,浦和,3,浦和８００ラウンド３歳選抜馬,800,ダ,左,不良,雨,12,7,10,カシノリカバリー,牝,3,54.0,473,3,和田譲,野口寛,,5,0:48.5,35.6,6-6,6,473,3
2022/09/02,浦和,3,浦和８００ラウンド３歳選抜馬,800,ダ,左,不良,雨,12,8,12,ユウユウピクニック,牝,3,51.0,412,5,室陽一,横山保,,6,0:48.5,35.9,5-5,8,412,5
2022/09/02,浦和,3,浦和８００ラウンド３歳選抜馬,800,ダ,左,不良,雨,12,1,1,ヒカリガサスホウヘ,牝,3,54.0,462,4,寺島憂,酒井一,,7,0:49.0,35.9,8-7,11,462,4
2022/09/02,浦和,3,浦和８００ラウンド３歳選抜馬,800,ダ,左,不良,雨,12,4,4,トレメルヴェーユ,牝,3,52.0,450,-2,菅原涼,新井清,,8,0:49.6,36.8,7-8,4,450,-2
2022/09/02,浦和,3,浦和８００ラウンド３歳選抜馬,800,ダ,左,不良,雨,12,8,11,ファインファン,牝,3,54.0,456,3,見越彬,小久智,,9,0:49.9,36.6,10-10,5,456,3
2022/09/02,浦和,3,浦和８００ラウンド３歳選抜馬,800,ダ,左,不良,雨,12,6,7,ワンダーキッス,牝,3,54.0,431,-5,秋元耕,工藤伸,,10,0:49.9,36.6,9-9,10,431,-5
2022/09/02,浦和,3,浦和８００ラウンド３歳選抜馬,800,ダ,左,不良,雨,12,3,3,カジュアルスパート,牡,3,56.0,479,-7,保園翔,野口寛,,11,0:50.4,36.8,11-11,12,479,-7
2022/09/02,浦和,3,浦和８００ラウンド３歳選抜馬,800,ダ,左,不良,雨,12,7,9,ニシノマンテン,牡,3,52.0,433,4,中島良,川島豊,,12,0:50.8,37.0,12-12,9,433,4
2022/09/02,浦和,4,３歳六選抜馬イ,1400,ダ,左,不良,雨,8,4,4,ヨドノホマレ,牡,3,56.0,478,-1,福原杏,平山真,,1,1:32.6,38.6,3-3-2-1,1,478,-1
2022/09/02,浦和,4,３歳六選抜馬イ,1400,ダ,左,不良,雨,8,7,7,セピアムーン,牝,3,54.0,402,8,赤津和,箕輪武,,2,1:33.0,39.1,2-2-2-3,5,402,8
2022/09/02,浦和,4,３歳六選抜馬イ,1400,ダ,左,不良,雨,8,1,1,コルテオ,牝,3,51.0,470,7,室陽一,齊藤敏,,3,1:33.9,40.2,1-1-1-2,2,470,7
2022/09/02,浦和,4,３歳六選抜馬イ,1400,ダ,左,不良,雨,8,3,3,バジガクルピナス,牝,3,54.0,378,-2,濱田達,佐々功,,4,1:34.8,40.0,4-4-4-4,7,378,-2
2022/09/02,浦和,4,３歳六選抜馬イ,1400,ダ,左,不良,雨,8,5,5,シェナマジック,牡,3,56.0,429,-8,寺島憂,冨田敏,,5,1:35.2,40.4,7-7-5-5,3,429,-8
2022/09/02,浦和,4,３歳六選抜馬イ,1400,ダ,左,不良,雨,8,6,6,ヒナマル,牝,3,51.0,419,4,新原周,長谷忍,,6,1:36.2,41.4,6-6-6-6,6,419,4
2022/09/02,浦和,4,３歳六選抜馬イ,1400,ダ,左,不良,雨,8,2,2,タカイチジャンボ,牡,3,56.0,0,0,吉留孝,薮口一,,7,1:41.9,47.1,5-5-7-7,4,0,0
2022/09/02,浦和,4,３歳六選抜馬イ,1400,ダ,左,不良,雨,8,8,8,エスケイキャサリン,牝,3,54.0,0,0,岡田大,薮口一,,,,,,,0,0
2022/09/02,浦和,5,３歳六選抜馬ア,1400,ダ,左,不良,曇,12,8,11,アランフェスレオ,牡,3,56.0,516,-9,達城龍,山中尊,,1,1:30.1,40.2,3-2-1-1,1,516,-9
2022/09/02,浦和,5,３歳六選抜馬ア,1400,ダ,左,不良,曇,12,7,9,ライドアクロス,牝,3,54.0,509,-8,濱田達,石井勝,,2,1:30.4,39.7,5-5-5-2,7,509,-8
2022/09/02,浦和,5,３歳六選抜馬ア,1400,ダ,左,不良,曇,12,7,10,ビタースマイル,牝,3,54.0,442,8,福原杏,水野貴,,3,1:30.6,38.4,9-9-8-5,2,442,8
2022/09/02,浦和,5,３歳六選抜馬ア,1400,ダ,左,不良,曇,12,5,6,アトラクティッド,牝,3,54.0,436,4,見越彬,工藤伸,,4,1:31.5,39.4,8-8-9-8,9,436,4
2022/09/02,浦和,5,３歳六選抜馬ア,1400,ダ,左,不良,曇,12,6,7,アマゴ,牝,3,54.0,451,-3,今野忠,水野貴,,5,1:31.7,41.8,2-3-2-4,3,451,-3
2022/09/02,浦和,5,３歳六選抜馬ア,1400,ダ,左,不良,曇,12,3,3,ポンテビアンカ,牝,3,54.0,461,3,半澤慶,工藤伸,,6,1:31.8,41.1,6-6-7-6,6,461,3
2022/09/02,浦和,5,３歳六選抜馬ア,1400,ダ,左,不良,曇,12,6,8,クラッシュタイム,牡,3,56.0,480,6,吉留孝,横山保,,7,1:32.6,42.7,1-1-3-3,10,480,6
2022/09/02,浦和,5,３歳六選抜馬ア,1400,ダ,左,不良,曇,12,4,4,バジガクデニム,牝,3,54.0,382,-5,笠野雄,山中尊,,8,1:33.8,41.0,10-11-10-10,5,382,-5
2022/09/02,浦和,5,３歳六選抜馬ア,1400,ダ,左,不良,曇,12,5,5,スターログ,牝,3,54.0,424,-6,西村栄,伊藤滋,,9,1:33.9,39.5,12-12-12-11,11,424,-6
2022/09/02,浦和,5,３歳六選抜馬ア,1400,ダ,左,不良,曇,12,1,1,プレストイーグル,牡,3,56.0,477,29,真島大,繁田健,,10,1:33.9,43.5,4-4-4-7,4,477,29
2022/09/02,浦和,5,３歳六選抜馬ア,1400,ダ,左,不良,曇,12,8,12,サリヴァン,牝,3,51.0,461,6,新原周,小澤宏,,11,1:33.9,42.0,7-7-6-9,8,461,6
2022/09/02,浦和,5,３歳六選抜馬ア,1400,ダ,左,不良,曇,12,2,2,ユカリン,牡,3,53.0,477,-1,木間龍,伊藤滋,,12,1:35.5,42.3,11-10-11-12,12,477,-1
2022/09/02,浦和,6,Ｃ３二,1500,ダ,左,不良,曇,12,4,4,モリデンテキーラ,牝,7,54.0,454,-13,保園翔,山越光,,1,1:39.1,41.1,3-3-4-3,2,454,-13
2022/09/02,浦和,6,Ｃ３二,1500,ダ,左,不良,曇,12,6,8,ワンダーヘーヒスト,牡,8,56.0,468,7,橋本直,鈴木勝,,2,1:39.3,40.9,7-7-5-5,1,468,7
2022/09/02,浦和,6,Ｃ３二,1500,ダ,左,不良,曇,12,3,3,ラブリーギャル,牝,6,54.0,489,-2,見越彬,海馬司,,3,1:39.5,41.5,4-4-3-2,3,489,-2
2022/09/02,浦和,6,Ｃ３二,1500,ダ,左,不良,曇,12,5,5,ベニノエンゼル,牝,5,54.0,442,-3,寺島憂,山越光,,4,1:39.6,42.0,1-1-1-1,8,442,-3
2022/09/02,浦和,6,Ｃ３二,1500,ダ,左,不良,曇,12,2,2,カイジンビリーヴ,牡,4,56.0,519,2,赤津和,牛房榮,,5,1:39.7,41.3,6-5-6-4,9,519,2
2022/09/02,浦和,6,Ｃ３二,1500,ダ,左,不良,曇,12,8,12,ハクサンバレー,牝,5,54.0,430,-1,小杉亮,森　始,,6,1:39.8,40.4,10-9-9-9,6,430,-1
2022/09/02,浦和,6,Ｃ３二,1500,ダ,左,不良,曇,12,1,1,シャイニングパール,牝,4,54.0,443,0,福原杏,工藤伸,,7,1:39.8,39.9,12-10-10-8,5,443,0
2022/09/02,浦和,6,Ｃ３二,1500,ダ,左,不良,曇,12,6,7,ミライヘノサイン,牝,9,50.0,447,4,中島良,冨田敏,,8,1:39.8,40.9,8-8-8-7,12,447,4
2022/09/02,浦和,6,Ｃ３二,1500,ダ,左,不良,曇,12,8,11,アニマフレスカ,牝,5,54.0,460,-1,岡村健,酒井一,,9,1:39.8,39.7,9-11-11-11,10,460,-1
2022/09/02,浦和,6,Ｃ３二,1500,ダ,左,不良,曇,12,7,10,メイショウハヤナリ,牡,6,56.0,485,-8,吉井章,藤原智,,10,1:40.8,43.0,2-2-2-6,4,485,-8
2022/09/02,浦和,6,Ｃ３二,1500,ダ,左,不良,曇,12,7,9,ラッキーアモン,牡,6,56.0,501,5,秋元耕,水野貴,,11,1:41.3,40.9,11-12-12-12,11,501,5
2022/09/02,浦和,6,Ｃ３二,1500,ダ,左,不良,曇,12,5,6,ロタツィオーネ,セ,0,56.0,477,4,吉留孝,野口孝,,12,1:41.6,43.1,5-6-7-10,7,477,4
2022/09/02,浦和,7,特選Ｃ１選抜馬,800,ダ,左,不良,雨,11,6,7,トミケンリューヤー,牡,5,56.0,516,-3,森泰斗,平山真,,1,0:47.5,35.6,1-1,1,516,-3
2022/09/02,浦和,7,特選Ｃ１選抜馬,800,ダ,左,不良,雨,11,8,10,エンタクノキシ,牡,3,55.0,483,-1,和田譲,藤原智,,2,0:48.1,35.7,5-2,5,483,-1
2022/09/02,浦和,7,特選Ｃ１選抜馬,800,ダ,左,不良,雨,11,8,11,ジュニパーダンス,牝,4,54.0,443,-2,町田直,海馬司,,3,0:48.5,36.1,6-6,6,443,-2
2022/09/02,浦和,7,特選Ｃ１選抜馬,800,ダ,左,不良,雨,11,4,4,コウユープリプリ,牝,7,54.0,452,-3,半澤慶,宇野博,,4,0:48.6,36.0,8-8,8,452,-3
2022/09/02,浦和,7,特選Ｃ１選抜馬,800,ダ,左,不良,雨,11,7,8,ビッグディッパー,牡,8,56.0,540,24,保園翔,小久智,,5,0:48.7,36.8,2-3,2,540,24
2022/09/02,浦和,7,特選Ｃ１選抜馬,800,ダ,左,不良,雨,11,3,3,アヴェントゥリスト,牡,6,55.0,544,-3,七夕裕,山越光,,6,0:48.8,36.6,3-5,4,544,-3
2022/09/02,浦和,7,特選Ｃ１選抜馬,800,ダ,左,不良,雨,11,7,9,ニッショウアッキー,牝,3,53.0,439,5,矢野貴,酒井一,,7,0:48.9,36.5,7-7,3,439,5
2022/09/02,浦和,7,特選Ｃ１選抜馬,800,ダ,左,不良,雨,11,2,2,エダマメ,牝,5,51.0,505,10,室陽一,長谷忍,,8,0:48.9,36.7,4-4,9,505,10
2022/09/02,浦和,7,特選Ｃ１選抜馬,800,ダ,左,不良,雨,11,1,1,コパノキャッチング,牡,4,56.0,462,-1,秋元耕,工藤伸,,9,0:49.0,35.5,10-10,7,462,-1
2022/09/02,浦和,7,特選Ｃ１選抜馬,800,ダ,左,不良,雨,11,6,6,マックロマン,牡,3,55.0,469,5,山本紀,渋谷博,,10,0:49.1,36.0,9-9,10,469,5
2022/09/02,浦和,7,特選Ｃ１選抜馬,800,ダ,左,不良,雨,11,5,5,メイクロード,牝,6,54.0,471,6,橋本直,内野健,,11,0:50.6,37.1,11-11,11,471,6
2022/09/02,浦和,8,浦和ジョッキーズラウンドＣ２選抜馬,1400,ダ,左,不良,雨,12,3,3,クリムゾンオーラ,牝,5,54.5,486,8,加藤和,牛房榮,,1,1:30.0,40.1,1-1-1-1,3,486,8
2022/09/02,浦和,8,浦和ジョッキーズラウンドＣ２選抜馬,1400,ダ,左,不良,雨,12,6,7,ダイエービルベリー,牝,4,54.5,482,4,保園翔,酒井一,,2,1:30.5,39.3,10-8-5-5,9,482,4
2022/09/02,浦和,8,浦和ジョッキーズラウンドＣ２選抜馬,1400,ダ,左,不良,雨,12,7,9,アンタルクティクス,牡,5,53.5,502,7,室陽一,内野健,,3,1:30.8,40.6,3-4-2-2,1,502,7
2022/09/02,浦和,8,浦和ジョッキーズラウンドＣ２選抜馬,1400,ダ,左,不良,雨,12,2,2,セイウンミレイア,牝,5,54.0,469,-6,吉留孝,冨田敏,,4,1:30.9,40.3,5-3-3-3,10,469,-6
2022/09/02,浦和,8,浦和ジョッキーズラウンドＣ２選抜馬,1400,ダ,左,不良,雨,12,8,12,ゴールドキャスト,牝,9,54.5,436,5,福原杏,吉田正,,5,1:31.0,39.1,9-10-10-7,6,436,5
2022/09/02,浦和,8,浦和ジョッキーズラウンドＣ２選抜馬,1400,ダ,左,不良,雨,12,1,1,ファインアレス,牡,6,56.5,497,8,橋本直,鹿沼和,,6,1:31.2,38.7,12-12-11-9,5,497,8
2022/09/02,浦和,8,浦和ジョッキーズラウンドＣ２選抜馬,1400,ダ,左,不良,雨,12,8,11,ピオレドール,牡,7,56.5,480,0,見越彬,横山保,,7,1:31.4,40.6,7-6-4-4,2,480,0
2022/09/02,浦和,8,浦和ジョッキーズラウンドＣ２選抜馬,1400,ダ,左,不良,雨,12,6,8,ピノモラーン,牡,4,52.5,483,2,中島良,野口孝,,8,1:32.1,41.1,6-7-7-6,4,483,2
2022/09/02,浦和,8,浦和ジョッキーズラウンドＣ２選抜馬,1400,ダ,左,不良,雨,12,7,10,メディアジャッカル,牝,4,54.5,445,2,半澤慶,内野健,,9,1:32.5,41.2,8-9-9-10,7,445,2
2022/09/02,浦和,8,浦和ジョッキーズラウンドＣ２選抜馬,1400,ダ,左,不良,雨,12,4,4,ケイティーユイ,牝,4,53.5,448,2,七夕裕,水野貴,,10,1:32.6,41.9,4-5-5-8,11,448,2
2022/09/02,浦和,8,浦和ジョッキーズラウンドＣ２選抜馬,1400,ダ,左,不良,雨,12,5,6,バロズレガシー,牡,4,56.5,465,-3,國分祐,酒井一,,11,1:33.2,40.2,11-11-12-12,12,465,-3
2022/09/02,浦和,8,浦和ジョッキーズラウンドＣ２選抜馬,1400,ダ,左,不良,雨,12,5,5,レコパントモチャン,牝,4,54.5,518,3,寺島憂,岡田一,,12,1:34.8,44.3,2-2-8-11,8,518,3
2022/09/02,浦和,9,秋日和特別Ｃ３一,1400,ダ,左,不良,雨,12,8,11,セイエイビビット,牝,6,54.0,547,-4,内田利,岡田一,,1,1:30.9,40.0,4-3-2-2,6,547,-4
2022/09/02,浦和,9,秋日和特別Ｃ３一,1400,ダ,左,不良,雨,12,2,2,ツクバマリア,牝,5,54.0,477,15,橋本直,平山真,,2,1:31.1,40.0,5-4-4-3,4,477,15
2022/09/02,浦和,9,秋日和特別Ｃ３一,1400,ダ,左,不良,雨,12,6,8,グローリアスフィル,牝,5,54.0,477,-6,森泰斗,新井清,,3,1:31.2,40.4,1-1-1-1,1,477,-6
2022/09/02,浦和,9,秋日和特別Ｃ３一,1400,ダ,左,不良,雨,12,8,12,ワールドウィスラー,牡,5,56.0,460,-1,岡田大,吉田正,,4,1:31.5,40.1,10-10-6-7,7,460,-1
2022/09/02,浦和,9,秋日和特別Ｃ３一,1400,ダ,左,不良,雨,12,5,5,ペイシャセイント,牡,4,56.0,455,-11,和田譲,佐々仁,,5,1:31.5,40.4,7-8-3-5,3,455,-11
2022/09/02,浦和,9,秋日和特別Ｃ３一,1400,ダ,左,不良,雨,12,4,4,エイシンビースト,牡,4,56.0,446,-4,福原杏,薮口一,,6,1:31.7,40.2,8-7-7-4,8,446,-4
2022/09/02,浦和,9,秋日和特別Ｃ３一,1400,ダ,左,不良,雨,12,1,1,エコロジーガール,牝,4,54.0,475,-1,山中悠,伊藤滋,,7,1:32.0,41.1,3-2-4-6,5,475,-1
2022/09/02,浦和,9,秋日和特別Ｃ３一,1400,ダ,左,不良,雨,12,7,9,スプリットエス,牡,8,56.0,513,4,張田昂,小久智,,8,1:32.1,40.8,6-6-9-9,2,513,4
2022/09/02,浦和,9,秋日和特別Ｃ３一,1400,ダ,左,不良,雨,12,7,10,トーセンイヴ,牝,4,51.0,426,-3,室陽一,酒井一,,9,1:32.1,40.7,9-9-7-8,9,426,-3
2022/09/02,浦和,9,秋日和特別Ｃ３一,1400,ダ,左,不良,雨,12,5,6,ラヴィテスミラノ,牡,4,56.0,485,2,山口達,宮下靖,,10,1:33.0,40.3,11-11-11-11,10,485,2
2022/09/02,浦和,9,秋日和特別Ｃ３一,1400,ダ,左,不良,雨,12,6,7,カンノンショウ,牡,4,56.0,446,9,寺島憂,水野貴,,11,1:33.5,42.2,2-5-10-10,11,446,9
2022/09/02,浦和,9,秋日和特別Ｃ３一,1400,ダ,左,不良,雨,12,3,3,キミノナハ,牝,4,54.0,452,-4,加藤和,長谷忍,,,,,,,452,-4
2022/09/02,浦和,10,爽秋特別Ｂ３Ｃ１選抜馬,800,ダ,左,不良,雨,11,8,10,ハンデンディオーネ,牝,4,54.0,443,0,池谷匠,山崎尋,,1,0:47.0,35.2,1-1,3,443,0
2022/09/02,浦和,10,爽秋特別Ｂ３Ｃ１選抜馬,800,ダ,左,不良,雨,11,5,5,ハクアイゴジロー,牡,4,57.0,548,12,和田譲,石井勝,,2,0:47.3,35.0,4-4,5,548,12
2022/09/02,浦和,10,爽秋特別Ｂ３Ｃ１選抜馬,800,ダ,左,不良,雨,11,2,2,セイントビーナス,牝,6,51.0,459,3,小林捺,張田京,,3,0:47.7,34.9,7-7,7,459,3
2022/09/02,浦和,10,爽秋特別Ｂ３Ｃ１選抜馬,800,ダ,左,不良,雨,11,6,7,クラップクラップ,牝,5,55.0,460,2,左海誠,小久智,,4,0:47.8,35.3,5-5,2,460,2
2022/09/02,浦和,10,爽秋特別Ｂ３Ｃ１選抜馬,800,ダ,左,不良,雨,11,1,1,クラフェニックス,牝,4,51.0,459,-2,菅原涼,藤原智,,5,0:48.0,35.5,6-6,4,459,-2
2022/09/02,浦和,10,爽秋特別Ｂ３Ｃ１選抜馬,800,ダ,左,不良,雨,11,6,6,ヴィスコンティ,セ,0,55.0,499,2,臼井健,山中尊,,6,0:48.0,35.2,8-8,8,499,2
2022/09/02,浦和,10,爽秋特別Ｂ３Ｃ１選抜馬,800,ダ,左,不良,雨,11,4,4,マイシップ,牡,7,54.0,472,11,木間龍,矢野義,,7,0:48.0,35.0,9-9,9,472,11
2022/09/02,浦和,10,爽秋特別Ｂ３Ｃ１選抜馬,800,ダ,左,不良,雨,11,8,11,リッチアロマ,牝,4,55.0,458,13,福原杏,水野貴,,8,0:48.2,36.0,3-2,6,458,13
2022/09/02,浦和,10,爽秋特別Ｂ３Ｃ１選抜馬,800,ダ,左,不良,雨,11,7,8,グロリアスカメオ,牝,6,55.0,446,7,矢野貴,水野貴,,9,0:48.6,36.6,2-3,1,446,7
2022/09/02,浦和,10,爽秋特別Ｂ３Ｃ１選抜馬,800,ダ,左,不良,雨,11,3,3,アイエンジェル,牝,5,55.0,492,-4,秋元耕,岡田一,,10,0:48.8,35.2,10-10,11,492,-4
2022/09/02,浦和,10,爽秋特別Ｂ３Ｃ１選抜馬,800,ダ,左,不良,雨,11,7,9,レキオノユメ,牡,4,52.0,497,3,室陽一,宇野博,,11,0:50.5,36.9,11-11,10,497,3
2022/09/02,浦和,11,菊月特別Ｂ２二,1500,ダ,左,不良,雨,12,4,4,ブラックパンサー,牡,4,56.0,486,2,矢野貴,小久智,,1,1:35.5,37.0,6-5-6-3,1,486,2
2022/09/02,浦和,11,菊月特別Ｂ２二,1500,ダ,左,不良,雨,12,6,7,ガンファイター,牡,6,54.0,516,1,菅原涼,藤原智,,2,1:36.2,37.9,1-1-1-1,4,516,1
2022/09/02,浦和,11,菊月特別Ｂ２二,1500,ダ,左,不良,雨,12,7,10,オーロラテーラー,牝,5,54.0,485,0,笠野雄,稲益貴,,3,1:36.4,38.1,3-4-2-2,7,485,0
2022/09/02,浦和,11,菊月特別Ｂ２二,1500,ダ,左,不良,雨,12,8,12,ミエノハヤブサ,セ,0,56.0,485,4,森泰斗,小澤宏,,4,1:36.6,38.2,4-6-5-4,3,485,4
2022/09/02,浦和,11,菊月特別Ｂ２二,1500,ダ,左,不良,雨,12,3,3,クマサンニデアッタ,牝,4,54.0,466,-1,半澤慶,宇野博,,5,1:37.2,38.8,5-3-7-7,9,466,-1
2022/09/02,浦和,11,菊月特別Ｂ２二,1500,ダ,左,不良,雨,12,6,8,ソフィアバローズ,牝,5,54.0,445,1,加藤和,川島豊,,6,1:37.2,38.2,11-10-9-8,8,445,1
2022/09/02,浦和,11,菊月特別Ｂ２二,1500,ダ,左,不良,雨,12,7,9,ナンヨーオボロヅキ,牝,6,54.0,490,5,岡村健,平山真,,7,1:37.2,38.9,2-2-2-5,5,490,5
2022/09/02,浦和,11,菊月特別Ｂ２二,1500,ダ,左,不良,雨,12,5,5,ティーポンド,牡,5,56.0,466,-1,澤田龍,新井清,,8,1:37.8,39.3,7-7-2-6,6,466,-1
2022/09/02,浦和,11,菊月特別Ｂ２二,1500,ダ,左,不良,雨,12,5,6,モエレコネクター,牡,6,56.0,504,4,藤本現,齊藤敏,,9,1:37.9,38.5,12-12-11-10,12,504,4
2022/09/02,浦和,11,菊月特別Ｂ２二,1500,ダ,左,不良,雨,12,1,1,カールスバート,牡,4,56.0,478,0,和田譲,齊藤敏,,10,1:37.9,39.0,9-8-8-9,2,478,0
2022/09/02,浦和,11,菊月特別Ｂ２二,1500,ダ,左,不良,雨,12,2,2,シェナブライト,牡,4,56.0,527,20,吉留孝,山越光,,11,1:39.3,39.9,10-11-10-11,10,527,20
2022/09/02,浦和,11,菊月特別Ｂ２二,1500,ダ,左,不良,雨,12,8,11,ケイティーセキトバ,牡,7,55.0,500,3,七夕裕,岡田一,,12,1:39.7,40.5,8-9-12-12,11,500,3
2022/09/02,浦和,12,桔梗特別Ｃ２Ｃ３選抜馬,2000,ダ,左,不良,曇,9,8,9,シナノジャングル,牡,4,56.0,478,1,七夕裕,岡田一,,1,2:11.5,39.7,1-1-1-1,6,478,1
2022/09/02,浦和,12,桔梗特別Ｃ２Ｃ３選抜馬,2000,ダ,左,不良,曇,9,7,7,ニシノブライアント,牡,4,57.0,451,1,西村栄,渋谷博,,2,2:13.2,40.2,6-6-6-3,1,451,1
2022/09/02,浦和,12,桔梗特別Ｃ２Ｃ３選抜馬,2000,ダ,左,不良,曇,9,5,5,アイスバーグアリー,牝,6,55.0,444,3,岡村健,平山真,,3,2:13.9,41.4,3-4-2-2,5,444,3
2022/09/02,浦和,12,桔梗特別Ｃ２Ｃ３選抜馬,2000,ダ,左,不良,曇,9,4,4,ソウヤミサキ,牝,4,55.0,461,8,橋本直,岡田一,,4,2:14.0,40.5,7-7-7-5,2,461,8
2022/09/02,浦和,12,桔梗特別Ｃ２Ｃ３選抜馬,2000,ダ,左,不良,曇,9,3,3,ウインジュノー,牝,4,55.0,523,2,半澤慶,川島豊,,5,2:14.4,40.4,9-8-8-7,8,523,2
2022/09/02,浦和,12,桔梗特別Ｃ２Ｃ３選抜馬,2000,ダ,左,不良,曇,9,8,8,シラカワカツコ,牝,5,51.0,419,-4,小林捺,田島寿,,6,2:15.2,41.4,8-9-9-9,9,419,-4
2022/09/02,浦和,12,桔梗特別Ｃ２Ｃ３選抜馬,2000,ダ,左,不良,曇,9,6,6,ウインカーマイン,牡,6,57.0,455,4,秋元耕,川島豊,,7,2:15.5,42.8,5-5-5-8,7,455,4
2022/09/02,浦和,12,桔梗特別Ｃ２Ｃ３選抜馬,2000,ダ,左,不良,曇,9,2,2,ネオマティリアル,牡,5,55.0,471,4,張田昂,小澤宏,,8,2:15.9,43.4,4-3-4-4,3,471,4
2022/09/02,浦和,12,桔梗特別Ｃ２Ｃ３選抜馬,2000,ダ,左,不良,曇,9,1,1,シークレットギア,牡,4,57.0,479,-5,吉留孝,薮口一,,9,2:16.1,43.8,2-2-3-6,4,479,-5
2022/09/20,浦和,1,ドリームチャレンジ２歳新馬,800,ダ,左,不良,雨,8,1,1,シバノヤマブキ,牝,2,54.0,0,0,張田昂,宇野博,,1,0:49.3,37.1,1-1,3,0,0
2022/09/20,浦和,1,ドリームチャレンジ２歳新馬,800,ダ,左,不良,雨,8,2,2,モエヨジャンヌ,牝,2,54.0,0,0,内田利,箕輪武,,2,0:50.0,37.6,2-2,7,0,0
2022/09/20,浦和,1,ドリームチャレンジ２歳新馬,800,ダ,左,不良,雨,8,3,3,ゴールドバニー,牝,2,54.0,0,0,町田直,野口孝,,3,0:50.0,37.1,4-3,2,0,0
2022/09/20,浦和,1,ドリームチャレンジ２歳新馬,800,ダ,左,不良,雨,8,6,6,トクシーカグヤヒメ,牝,2,54.0,0,0,橋本直,平山真,,4,0:50.3,37.6,3-4,5,0,0
2022/09/20,浦和,1,ドリームチャレンジ２歳新馬,800,ダ,左,不良,雨,8,5,5,リングベルガール,牝,2,54.0,0,0,森泰斗,小久智,,5,0:50.3,37.2,5-5,1,0,0
2022/09/20,浦和,1,ドリームチャレンジ２歳新馬,800,ダ,左,不良,雨,8,8,8,シールドメイデン,牝,2,54.0,0,0,秋元耕,酒井一,,6,0:50.7,37.4,5-6,6,0,0
2022/09/20,浦和,1,ドリームチャレンジ２歳新馬,800,ダ,左,不良,雨,8,7,7,スマイルポピー,牝,2,54.0,0,0,福原杏,小澤宏,,7,0:50.8,37.0,7-7,4,0,0
2022/09/20,浦和,1,ドリームチャレンジ２歳新馬,800,ダ,左,不良,雨,8,4,4,ブラウンリバティ,牝,2,54.0,0,0,赤津和,山越光,,8,0:51.3,37.7,8-8,8,0,0
2022/09/20,浦和,2,Ｃ３七 八 九,1400,ダ,左,不良,雨,8,2,2,ヤマトフェニックス,牝,6,53.0,467,3,池谷匠,山田質,,1,1:33.4,42.0,1-1-1-1,2,467,3
2022/09/20,浦和,2,Ｃ３七 八 九,1400,ダ,左,不良,雨,8,8,8,ゴーオンザステージ,牝,7,54.0,426,1,張田昂,平山真,,2,1:33.5,41.9,3-3-2-2,1,426,1
2022/09/20,浦和,2,Ｃ３七 八 九,1400,ダ,左,不良,雨,8,5,5,パレスギガント,牡,6,55.0,481,4,七夕裕,長谷忍,,3,1:34.6,42.8,4-5-3-3,4,481,4
2022/09/20,浦和,2,Ｃ３七 八 九,1400,ダ,左,不良,雨,8,7,7,ニシノシノブ,牝,7,54.0,465,8,秋元耕,吉田正,,4,1:34.8,42.1,8-8-8-5,8,465,8
2022/09/20,浦和,2,Ｃ３七 八 九,1400,ダ,左,不良,雨,8,4,4,クラムチャウダー,牡,7,55.0,457,-1,古岡勇,田島寿,,5,1:35.3,42.8,7-7-6-7,3,457,-1
2022/09/20,浦和,2,Ｃ３七 八 九,1400,ダ,左,不良,雨,8,6,6,ナンセイエメラルド,牝,6,54.0,443,3,赤津和,山越光,,6,1:35.6,43.8,2-2-5-6,6,443,3
2022/09/20,浦和,2,Ｃ３七 八 九,1400,ダ,左,不良,雨,8,1,1,アールレアル,セ,0,52.0,442,-12,中島良,川村守,,7,1:35.9,43.4,6-6-7-8,7,442,-12
2022/09/20,浦和,2,Ｃ３七 八 九,1400,ダ,左,不良,雨,8,3,3,コウエイダイチ,牡,8,56.0,463,4,福原杏,吉田正,,8,1:36.2,44.2,5-4-4-4,5,463,4
2022/09/20,浦和,3,Ｃ３七 八 九,1400,ダ,左,不良,雨,9,4,4,プリートソリード,牝,6,50.0,494,-2,中島良,八木仁,,1,1:31.7,39.8,3-3-2-2,2,494,-2
2022/09/20,浦和,3,Ｃ３七 八 九,1400,ダ,左,不良,雨,9,8,9,ユウユウリアン,牡,6,56.0,433,3,吉留孝,横山保,,2,1:32.1,39.6,4-5-3-3,3,433,3
2022/09/20,浦和,3,Ｃ３七 八 九,1400,ダ,左,不良,雨,9,5,5,ケイサンホイミ,牝,8,54.0,464,1,左海誠,新井清,,3,1:32.3,40.6,1-1-1-1,1,464,1
2022/09/20,浦和,3,Ｃ３七 八 九,1400,ダ,左,不良,雨,9,3,3,エムチャン,牝,6,54.0,394,3,臼井健,凾館一,,4,1:33.0,40.1,6-6-5-5,5,394,3
2022/09/20,浦和,3,Ｃ３七 八 九,1400,ダ,左,不良,雨,9,2,2,ユメツクシ,牝,6,54.0,492,-3,加藤和,長谷忍,,5,1:33.2,40.5,5-4-4-4,6,492,-3
2022/09/20,浦和,3,Ｃ３七 八 九,1400,ダ,左,不良,雨,9,6,6,ネオエンジェル,牝,6,54.0,436,-2,國分祐,冨田敏,,6,1:34.6,40.9,7-7-8-7,7,436,-2
2022/09/20,浦和,3,Ｃ３七 八 九,1400,ダ,左,不良,雨,9,8,8,トーセンレオ,牡,7,56.0,561,-1,半澤慶,川村守,,7,1:35.8,42.3,9-8-7-8,9,561,-1
2022/09/20,浦和,3,Ｃ３七 八 九,1400,ダ,左,不良,雨,9,1,1,ツーエムポラリス,牡,7,56.0,481,8,澤田龍,鈴木勝,,8,1:36.3,43.8,2-2-6-6,4,481,8
2022/09/20,浦和,3,Ｃ３七 八 九,1400,ダ,左,不良,雨,9,7,7,アストラルブレイズ,牝,5,54.0,495,-1,見越彬,小林真,,9,1:36.5,41.8,8-9-9-9,8,495,-1
2022/09/20,浦和,4,Ｃ３七 八 九,1400,ダ,左,不良,雨,11,6,6,サンテルノ,牡,5,56.0,507,1,澤田龍,矢内博,,1,1:31.2,40.0,1-1-1-1,4,507,1
2022/09/20,浦和,4,Ｃ３七 八 九,1400,ダ,左,不良,雨,11,3,3,スマイルジーニアス,セ,0,56.0,514,-1,福原杏,鹿沼和,,2,1:31.6,40.1,3-2-2-2,2,514,-1
2022/09/20,浦和,4,Ｃ３七 八 九,1400,ダ,左,不良,雨,11,2,2,ロッカーモーション,牝,6,54.0,499,5,橋本直,内野健,,3,1:32.5,40.9,4-3-3-3,1,499,5
2022/09/20,浦和,4,Ｃ３七 八 九,1400,ダ,左,不良,雨,11,7,8,プチポワン,牝,6,54.0,471,1,保園翔,矢野義,,4,1:32.6,40.1,10-10-8-8,9,471,1
2022/09/20,浦和,4,Ｃ３七 八 九,1400,ダ,左,不良,雨,11,7,9,スパークルガール,牝,6,51.0,432,-4,室陽一,長谷忍,,5,1:32.7,40.6,6-6-6-4,3,432,-4
2022/09/20,浦和,4,Ｃ３七 八 九,1400,ダ,左,不良,雨,11,4,4,チェンマイルージュ,牝,6,54.0,467,-1,加藤和,鈴木勝,,6,1:32.9,40.6,9-7-7-6,7,467,-1
2022/09/20,浦和,4,Ｃ３七 八 九,1400,ダ,左,不良,雨,11,8,10,コンジキノボス,牡,7,56.0,475,5,高橋利,矢内博,,7,1:33.4,41.6,2-4-4-7,5,475,5
2022/09/20,浦和,4,Ｃ３七 八 九,1400,ダ,左,不良,雨,11,1,1,トキノカサドール,牡,7,52.0,458,1,中島良,横山保,,8,1:33.4,41.4,5-5-5-5,6,458,1
2022/09/20,浦和,4,Ｃ３七 八 九,1400,ダ,左,不良,雨,11,8,11,ニシノサトル,牡,6,56.0,480,5,内田利,吉田正,,9,1:33.8,41.0,8-9-9-10,8,480,5
2022/09/20,浦和,4,Ｃ３七 八 九,1400,ダ,左,不良,雨,11,6,7,アベノカイシンゲキ,牡,4,56.0,478,3,秋元耕,小林真,,10,1:33.9,41.0,7-8-10-9,10,478,3
2022/09/20,浦和,4,Ｃ３七 八 九,1400,ダ,左,不良,雨,11,5,5,リゼイエロー,牝,5,54.0,487,1,吉留孝,川島豊,,,,,,,487,1
2022/09/20,浦和,5,特選３歳二,1400,ダ,左,不良,雨,10,1,1,イサチルレジェーロ,牡,3,56.0,495,-2,町田直,宇野博,,1,1:30.2,40.8,1-1-1-1,2,495,-2
2022/09/20,浦和,5,特選３歳二,1400,ダ,左,不良,雨,10,3,3,サンラグナニゲル,牝,3,54.0,436,2,橋本直,川村守,,2,1:31.0,39.9,7-7-5-5,4,436,2
2022/09/20,浦和,5,特選３歳二,1400,ダ,左,不良,雨,10,4,4,ユメミルツキ,牝,3,54.0,457,9,庄司大,工藤伸,,3,1:31.1,41.5,2-2-2-2,6,457,9
2022/09/20,浦和,5,特選３歳二,1400,ダ,左,不良,雨,10,8,9,エレダール,牡,3,56.0,445,2,森泰斗,工藤伸,,4,1:31.2,40.6,6-5-4-3,3,445,2
2022/09/20,浦和,5,特選３歳二,1400,ダ,左,不良,雨,10,7,8,レッドコーラル,牝,3,54.0,440,-8,本橋孝,小久智,,5,1:31.3,41.5,3-3-3-4,1,440,-8
2022/09/20,浦和,5,特選３歳二,1400,ダ,左,不良,雨,10,6,6,テンダーメモリー,牝,3,54.0,470,1,張田昂,宇野博,,6,1:31.9,40.8,5-6-7-6,5,470,1
2022/09/20,浦和,5,特選３歳二,1400,ダ,左,不良,雨,10,2,2,ホワイトネイル,牝,3,54.0,405,2,半澤慶,藤原智,,7,1:32.1,40.2,9-9-9-7,9,405,2
2022/09/20,浦和,5,特選３歳二,1400,ダ,左,不良,雨,10,7,7,ミルティー,牝,3,51.0,423,-6,室陽一,横山保,,8,1:32.5,39.4,10-10-10-9,10,423,-6
2022/09/20,浦和,5,特選３歳二,1400,ダ,左,不良,雨,10,5,5,シェナダイオー,牡,3,56.0,542,-11,秋元耕,山越光,,9,1:32.8,41.7,8-8-6-8,7,542,-11
2022/09/20,浦和,5,特選３歳二,1400,ダ,左,不良,雨,10,8,10,エスポワールフレア,牝,3,54.0,454,16,見越彬,野口寛,,10,1:33.9,42.9,4-4-8-10,8,454,16
2022/09/20,浦和,6,特選３歳一,1500,ダ,左,不良,雨,10,7,8,インカローズムスメ,牝,3,54.0,407,1,赤津和,山越光,,1,1:38.6,40.9,7-7-5-2,9,407,1
2022/09/20,浦和,6,特選３歳一,1500,ダ,左,不良,雨,10,3,3,エトワールゴールド,牡,3,56.0,470,0,左海誠,薮口一,,2,1:39.7,41.3,10-10-9-5,5,470,0
2022/09/20,浦和,6,特選３歳一,1500,ダ,左,不良,雨,10,7,7,ローザロード,牝,3,54.0,451,8,森泰斗,小久智,,3,1:39.8,42.6,2-2-1-1,1,451,8
2022/09/20,浦和,6,特選３歳一,1500,ダ,左,不良,雨,10,1,1,グッドヘイロー,牝,3,54.0,498,0,寺島憂,山越光,,4,1:39.9,42.4,9-9-3-4,10,498,0
2022/09/20,浦和,6,特選３歳一,1500,ダ,左,不良,雨,10,8,10,ワセダメジャー,牡,3,56.0,498,7,山中悠,佐藤太,,5,1:40.2,43.0,3-3-2-3,4,498,7
2022/09/20,浦和,6,特選３歳一,1500,ダ,左,不良,雨,10,2,2,スイフトマリー,牝,3,54.0,383,2,町田直,酒井一,,6,1:40.8,43.3,8-6-6-6,7,383,2
2022/09/20,浦和,6,特選３歳一,1500,ダ,左,不良,雨,10,8,9,ナイフレスト,牝,3,54.0,439,6,岡田大,藤原智,,7,1:41.2,43.6,4-5-7-7,6,439,6
2022/09/20,浦和,6,特選３歳一,1500,ダ,左,不良,雨,10,4,4,メラスクリオス,牝,3,54.0,471,11,張田昂,宇野博,,8,1:42.4,44.7,5-4-8-9,3,471,11
2022/09/20,浦和,6,特選３歳一,1500,ダ,左,不良,雨,10,5,5,ジェノバフレイバー,牡,3,56.0,482,3,保園翔,繁田健,,9,1:42.4,45.2,1-1-4-8,2,482,3
2022/09/20,浦和,6,特選３歳一,1500,ダ,左,不良,雨,10,6,6,モリデンベル,牝,3,53.0,477,1,七夕裕,山越光,,10,1:42.9,44.7,6-8-10-10,8,477,1
2022/09/20,浦和,7,浦和８００ラウンドＣ２選抜馬,800,ダ,左,不良,雨,12,7,9,ピースリアン,牡,5,56.0,493,-4,福原杏,横山保,,1,0:48.3,35.8,2-1,2,493,-4
2022/09/20,浦和,7,浦和８００ラウンドＣ２選抜馬,800,ダ,左,不良,雨,12,1,1,ノビーノヒカリ,牝,4,54.0,508,4,秋元耕,川島豊,,2,0:48.4,36.1,1-1,9,508,4
2022/09/20,浦和,7,浦和８００ラウンドＣ２選抜馬,800,ダ,左,不良,雨,12,6,7,ニシノイルマーレ,牝,4,54.0,495,5,吉留孝,冨田敏,,3,0:49.1,36.3,4-3,8,495,5
2022/09/20,浦和,7,浦和８００ラウンドＣ２選抜馬,800,ダ,左,不良,雨,12,4,4,メモリアルクイーン,牝,5,53.0,451,-6,古岡勇,小澤宏,,4,0:49.1,36.3,5-4,1,451,-6
2022/09/20,浦和,7,浦和８００ラウンドＣ２選抜馬,800,ダ,左,不良,雨,12,2,2,ファンファン,牡,5,56.0,452,-7,赤津和,箕輪武,,5,0:49.6,36.5,10-6,11,452,-7
2022/09/20,浦和,7,浦和８００ラウンドＣ２選抜馬,800,ダ,左,不良,雨,12,3,3,ウンジョウノメガミ,牝,4,54.0,457,5,岡田大,牛房榮,,6,0:49.7,37.2,3-5,4,457,5
2022/09/20,浦和,7,浦和８００ラウンドＣ２選抜馬,800,ダ,左,不良,雨,12,7,10,シルヴァーイーグル,牡,6,56.0,533,0,内田利,岡田一,,7,0:49.7,36.9,7-8,6,533,0
2022/09/20,浦和,7,浦和８００ラウンドＣ２選抜馬,800,ダ,左,不良,雨,12,6,8,レコパントモチャン,牝,4,51.0,519,-4,室陽一,岡田一,,8,0:49.8,37.2,5-7,7,519,-4
2022/09/20,浦和,7,浦和８００ラウンドＣ２選抜馬,800,ダ,左,不良,雨,12,5,6,スターシード,牡,7,55.0,498,5,池谷匠,酒井一,,9,0:49.8,36.9,9-10,5,498,5
2022/09/20,浦和,7,浦和８００ラウンドＣ２選抜馬,800,ダ,左,不良,雨,12,8,12,カゲカツ,牡,8,56.0,516,3,橋本直,長谷忍,,10,0:50.1,37.2,8-9,3,516,3
2022/09/20,浦和,7,浦和８００ラウンドＣ２選抜馬,800,ダ,左,不良,雨,12,8,11,ブルラッシュ,牡,5,52.0,489,-11,中島良,酒井一,,11,0:50.8,36.9,12-12,12,489,-11
2022/09/20,浦和,7,浦和８００ラウンドＣ２選抜馬,800,ダ,左,不良,雨,12,5,5,ジェームス,牡,8,56.0,504,1,半澤慶,川島豊,,12,0:51.3,38.0,11-11,10,504,1
2022/09/20,浦和,8,Ｃ２三,1500,ダ,左,不良,雨,11,1,1,ラヴィンツァラ,牝,5,54.0,477,5,橋本直,平山真,,1,1:37.2,41.5,1-1-1-1,4,477,5
2022/09/20,浦和,8,Ｃ２三,1500,ダ,左,不良,雨,11,6,7,ヒゲクレイジー,セ,0,56.0,468,6,高橋哲,酒井一,,2,1:37.3,40.1,7-7-6-4,2,468,6
2022/09/20,浦和,8,Ｃ２三,1500,ダ,左,不良,雨,11,5,5,ハクシンエース,牡,4,56.0,445,3,半澤慶,平山真,,3,1:37.8,41.4,5-4-3-2,3,445,3
2022/09/20,浦和,8,Ｃ２三,1500,ダ,左,不良,雨,11,8,10,ナムラキティー,牝,5,51.0,466,2,室陽一,小澤宏,,4,1:37.8,40.9,6-6-5-3,5,466,2
2022/09/20,浦和,8,Ｃ２三,1500,ダ,左,不良,雨,11,6,6,ゴールドバード,牡,8,56.0,493,-6,町田直,野口孝,,5,1:39.1,40.2,10-10-10-9,8,493,-6
2022/09/20,浦和,8,Ｃ２三,1500,ダ,左,不良,雨,11,3,3,ビレッジクライ,牝,6,54.0,467,-1,森泰斗,新井清,,6,1:39.5,43.4,2-2-2-5,1,467,-1
2022/09/20,浦和,8,Ｃ２三,1500,ダ,左,不良,雨,11,2,2,ジョーコレット,牡,5,56.0,550,1,本橋孝,小久智,,7,1:40.2,43.8,3-3-4-6,6,550,1
2022/09/20,浦和,8,Ｃ２三,1500,ダ,左,不良,雨,11,4,4,バロズレガシー,牡,4,56.0,474,9,秋元耕,酒井一,,8,1:40.4,42.0,8-8-8-8,10,474,9
2022/09/20,浦和,8,Ｃ２三,1500,ダ,左,不良,雨,11,7,8,エイコーレイワ,牝,5,50.0,468,-6,中島良,川村守,,9,1:41.1,42.7,9-9-9-10,9,468,-6
2022/09/20,浦和,8,Ｃ２三,1500,ダ,左,不良,雨,11,8,11,イサチルダイチ,牡,6,55.0,512,8,七夕裕,長谷忍,,10,1:42.0,44.8,4-5-7-7,7,512,8
2022/09/20,浦和,8,Ｃ２三,1500,ダ,左,不良,雨,11,7,9,ミメウルワシ,牝,7,54.0,0,0,保園翔,山越光,,,,,,,0,0
2022/09/20,浦和,9,ひな人形と花のまち鴻巣賞Ｃ１四,1400,ダ,左,不良,曇,11,4,4,ピノタージュ,牝,5,54.0,450,-4,見越彬,内野健,,1,1:30.0,39.9,3-3-2-2,9,450,-4
2022/09/20,浦和,9,ひな人形と花のまち鴻巣賞Ｃ１四,1400,ダ,左,不良,曇,11,1,1,ヴェールレガロ,牡,7,55.0,515,-4,古岡勇,小澤宏,,2,1:30.5,40.6,1-1-1-1,3,515,-4
2022/09/20,浦和,9,ひな人形と花のまち鴻巣賞Ｃ１四,1400,ダ,左,不良,曇,11,2,2,ロマーシカ,牝,5,54.0,470,-1,森泰斗,小久智,,3,1:30.5,40.4,2-2-3-3,2,470,-1
2022/09/20,浦和,9,ひな人形と花のまち鴻巣賞Ｃ１四,1400,ダ,左,不良,曇,11,3,3,トモノエリザベス,牝,3,53.0,460,15,町田直,酒井一,,4,1:30.7,40.3,5-4-4-5,4,460,15
2022/09/20,浦和,9,ひな人形と花のまち鴻巣賞Ｃ１四,1400,ダ,左,不良,曇,11,7,9,ヘーベー,牝,4,54.0,473,0,張田昂,宇野博,,5,1:31.2,40.0,8-9-7-6,5,473,0
2022/09/20,浦和,9,ひな人形と花のまち鴻巣賞Ｃ１四,1400,ダ,左,不良,曇,11,6,7,セイウンヒュージ,牡,5,56.0,485,6,國分祐,冨田敏,,6,1:31.5,41.0,4-5-6-7,8,485,6
2022/09/20,浦和,9,ひな人形と花のまち鴻巣賞Ｃ１四,1400,ダ,左,不良,曇,11,8,10,ユキマツリ,牡,5,56.0,476,17,吉留孝,横山保,,7,1:31.6,40.8,9-10-4-4,7,476,17
2022/09/20,浦和,9,ひな人形と花のまち鴻巣賞Ｃ１四,1400,ダ,左,不良,曇,11,6,6,サリーギャップ,牝,3,53.0,476,8,福原杏,水野貴,,8,1:31.9,40.7,10-8-8-8,1,476,8
2022/09/20,浦和,9,ひな人形と花のまち鴻巣賞Ｃ１四,1400,ダ,左,不良,曇,11,5,5,クラフェニックス,牝,4,51.0,459,0,室陽一,藤原智,,9,1:32.4,41.4,6-6-9-9,6,459,0
2022/09/20,浦和,9,ひな人形と花のまち鴻巣賞Ｃ１四,1400,ダ,左,不良,曇,11,8,11,メイクロード,牝,6,54.0,471,0,寺島憂,内野健,,10,1:34.3,42.9,7-7-10-10,10,471,0
2022/09/20,浦和,9,ひな人形と花のまち鴻巣賞Ｃ１四,1400,ダ,左,不良,曇,11,7,8,リコールイーズ,牝,3,53.0,0,0,本橋孝,繁田健,,,,,,,0,0
2022/09/20,浦和,10,祝月特別Ｃ１三,1500,ダ,左,不良,曇,11,8,10,フォーギブネス,牡,4,56.0,461,0,橋本直,平山真,,1,1:36.9,39.7,6-6-2-1,7,461,0
2022/09/20,浦和,10,祝月特別Ｃ１三,1500,ダ,左,不良,曇,11,5,5,フェリスダージ,牝,4,54.0,431,3,内田利,工藤伸,,2,1:37.0,39.3,7-7-8-4,5,431,3
2022/09/20,浦和,10,祝月特別Ｃ１三,1500,ダ,左,不良,曇,11,2,2,マスクドサムライ,牡,3,52.0,472,5,室陽一,藤原智,,3,1:37.6,40.2,5-5-4-5,2,472,5
2022/09/20,浦和,10,祝月特別Ｃ１三,1500,ダ,左,不良,曇,11,6,6,クレウーサ,牝,3,52.0,479,1,古岡勇,小澤宏,,4,1:38.0,39.3,9-10-10-7,11,479,1
2022/09/20,浦和,10,祝月特別Ｃ１三,1500,ダ,左,不良,曇,11,6,7,ワンダーダイカネン,牡,5,56.0,492,-2,見越彬,鈴木勝,,5,1:38.1,39.8,11-9-9-8,10,492,-2
2022/09/20,浦和,10,祝月特別Ｃ１三,1500,ダ,左,不良,曇,11,4,4,ナツハヨル,牝,4,54.0,443,-2,福原杏,横山保,,6,1:38.1,41.3,2-2-1-2,1,443,-2
2022/09/20,浦和,10,祝月特別Ｃ１三,1500,ダ,左,不良,曇,11,8,11,スーパーローズ,牝,5,54.0,469,0,吉留孝,野口孝,,7,1:38.2,40.6,8-8-6-6,8,469,0
2022/09/20,浦和,10,祝月特別Ｃ１三,1500,ダ,左,不良,曇,11,3,3,クリムゾンオーラ,牝,5,54.0,484,-2,秋元耕,牛房榮,,8,1:38.9,42.1,1-1-3-3,6,484,-2
2022/09/20,浦和,10,祝月特別Ｃ１三,1500,ダ,左,不良,曇,11,7,8,デルマジザイ,牡,4,56.0,454,-5,町田直,工藤伸,,9,1:39.0,41.8,4-4-5-9,4,454,-5
2022/09/20,浦和,10,祝月特別Ｃ１三,1500,ダ,左,不良,曇,11,7,9,スティールマドンナ,牝,4,50.0,465,0,中島良,藤原智,,10,1:39.7,42.5,3-3-7-10,9,465,0
2022/09/20,浦和,10,祝月特別Ｃ１三,1500,ダ,左,不良,曇,11,1,1,ジャングルタキオン,牡,3,55.0,495,7,森泰斗,野口孝,,11,1:39.8,40.7,10-11-11-11,3,495,7
2022/09/20,浦和,11,曼珠沙華特別Ｂ２二,1500,ダ,左,不良,曇,12,5,5,ミロヴィーナス,牝,5,54.0,480,6,左海誠,佐藤太,,1,1:35.1,39.7,1-1-1-1,1,480,6
2022/09/20,浦和,11,曼珠沙華特別Ｂ２二,1500,ダ,左,不良,曇,12,2,2,ヨドノオーシャン,牡,6,56.0,452,4,福原杏,平山真,,2,1:36.0,39.7,7-5-3-2,9,452,4
2022/09/20,浦和,11,曼珠沙華特別Ｂ２二,1500,ダ,左,不良,曇,12,1,1,クマサンニデアッタ,牝,4,54.0,463,-3,半澤慶,宇野博,,3,1:36.5,39.7,9-8-9-7,7,463,-3
2022/09/20,浦和,11,曼珠沙華特別Ｂ２二,1500,ダ,左,不良,曇,12,7,10,タンクティーエー,牡,6,56.0,543,-7,吉留孝,宇野博,,4,1:36.5,39.0,12-12-12-11,10,543,-7
2022/09/20,浦和,11,曼珠沙華特別Ｂ２二,1500,ダ,左,不良,曇,12,6,8,ジョーイルガチフェ,牡,4,56.0,531,7,森泰斗,小久智,,5,1:36.6,40.5,3-3-4-4,2,531,7
2022/09/20,浦和,11,曼珠沙華特別Ｂ２二,1500,ダ,左,不良,曇,12,8,11,コウユーラヴラヴ,牝,4,54.0,481,3,町田直,宇野博,,6,1:36.8,40.5,4-4-5-5,3,481,3
2022/09/20,浦和,11,曼珠沙華特別Ｂ２二,1500,ダ,左,不良,曇,12,6,7,ゾディアックレーヴ,牡,4,56.0,483,6,本橋孝,矢野義,,7,1:36.8,41.1,2-2-2-3,6,483,6
2022/09/20,浦和,11,曼珠沙華特別Ｂ２二,1500,ダ,左,不良,曇,12,8,12,ナンヨーオボロヅキ,牝,6,53.0,484,-6,古岡勇,平山真,,8,1:37.0,40.4,6-6-6-6,8,484,-6
2022/09/20,浦和,11,曼珠沙華特別Ｂ２二,1500,ダ,左,不良,曇,12,5,6,ガンファイター,牡,6,56.0,520,4,増田充,藤原智,,9,1:37.1,40.3,8-9-10-8,5,520,4
2022/09/20,浦和,11,曼珠沙華特別Ｂ２二,1500,ダ,左,不良,曇,12,3,3,ミエノハヤブサ,セ,0,56.0,487,2,保園翔,小澤宏,,10,1:37.1,40.5,11-11-7-9,4,487,2
2022/09/20,浦和,11,曼珠沙華特別Ｂ２二,1500,ダ,左,不良,曇,12,7,9,ケイティーセキトバ,牡,7,55.0,494,-6,七夕裕,岡田一,,11,1:37.6,41.0,10-10-8-10,12,494,-6
2022/09/20,浦和,11,曼珠沙華特別Ｂ２二,1500,ダ,左,不良,曇,12,4,4,ジュンパッション,牡,7,56.0,479,-2,橋本直,小久智,,12,1:39.9,43.0,5-7-11-12,11,479,-2
2022/09/20,浦和,12,空の日特別Ｃ３選抜馬,2000,ダ,左,不良,曇,11,2,2,マッシロ,牝,6,53.0,421,-5,池谷匠,林隆之,,1,2:14.0,41.1,2-2-3-1,1,421,-5
2022/09/20,浦和,12,空の日特別Ｃ３選抜馬,2000,ダ,左,不良,曇,11,6,7,ネオマティリアル,牡,5,56.0,467,-7,秋元耕,小澤宏,,2,2:14.2,41.2,5-4-2-2,7,467,-7
2022/09/20,浦和,12,空の日特別Ｃ３選抜馬,2000,ダ,左,不良,曇,11,3,3,ラウズアップ,牡,6,56.0,425,6,橋本直,牛房榮,,3,2:15.0,39.8,9-8-7-5,5,425,6
2022/09/20,浦和,12,空の日特別Ｃ３選抜馬,2000,ダ,左,不良,曇,11,5,5,ロイヤルアイザック,牡,8,56.0,484,3,森泰斗,玉井昇,,4,2:15.0,41.9,7-6-4-4,2,484,3
2022/09/20,浦和,12,空の日特別Ｃ３選抜馬,2000,ダ,左,不良,曇,11,7,9,エイシンキンバリー,牝,4,51.0,423,-3,室陽一,小久智,,5,2:15.5,42.9,1-1-1-3,3,423,-3
2022/09/20,浦和,12,空の日特別Ｃ３選抜馬,2000,ダ,左,不良,曇,11,1,1,シャイニングパール,牝,4,54.0,443,0,福原杏,工藤伸,,6,2:15.9,39.9,10-9-9-8,6,443,0
2022/09/20,浦和,12,空の日特別Ｃ３選抜馬,2000,ダ,左,不良,曇,11,6,6,トーセンイヴ,牝,4,54.0,428,2,保園翔,酒井一,,7,2:16.0,42.6,4-5-5-6,8,428,2
2022/09/20,浦和,12,空の日特別Ｃ３選抜馬,2000,ダ,左,不良,曇,11,7,8,パーティーアニマル,牡,6,56.0,459,3,見越彬,牛房榮,,8,2:16.3,42.9,3-3-6-7,4,459,3
2022/09/20,浦和,12,空の日特別Ｃ３選抜馬,2000,ダ,左,不良,曇,11,4,4,サンベリーニ,牝,8,54.0,455,-3,本田紀,八木仁,,9,2:16.9,40.1,11-11-11-11,10,455,-3
2022/09/20,浦和,12,空の日特別Ｃ３選抜馬,2000,ダ,左,不良,曇,11,8,10,ドラグ,牝,4,53.0,429,5,七夕裕,牛房榮,,10,2:17.2,42.8,6-7-8-9,9,429,5
2022/09/20,浦和,12,空の日特別Ｃ３選抜馬,2000,ダ,左,不良,曇,11,8,11,ホワイトエース,牝,5,54.0,463,6,西村栄,新井健,,11,2:17.6,41.6,8-10-10-10,11,463,6
2022/09/21,浦和,1,２歳三,1400,ダ,左,重,曇,10,7,8,ラインクロッカス,牝,2,54.0,418,5,福原杏,小澤宏,,1,1:32.6,39.6,2-2-2-2,3,418,5
2022/09/21,浦和,1,２歳三,1400,ダ,左,重,曇,10,1,1,エアファールング,牡,2,54.0,473,-4,張田昂,山越光,,2,1:32.7,39.4,5-5-4-3,4,473,-4
2022/09/21,浦和,1,２歳三,1400,ダ,左,重,曇,10,2,2,トーセンアライブ,牡,2,54.0,453,11,森泰斗,小久智,,3,1:32.8,39.9,1-1-1-1,2,453,11
2022/09/21,浦和,1,２歳三,1400,ダ,左,重,曇,10,8,9,シンドバッド,牡,2,54.0,468,0,本橋孝,小久智,,4,1:33.0,39.8,4-3-3-4,1,468,0
2022/09/21,浦和,1,２歳三,1400,ダ,左,重,曇,10,3,3,ビナダラット,牝,2,54.0,452,-2,櫻井光,酒井一,,5,1:33.8,40.1,7-7-6-5,6,452,-2
2022/09/21,浦和,1,２歳三,1400,ダ,左,重,曇,10,8,10,シェナリオン,牡,2,54.0,444,3,保園翔,冨田敏,,6,1:34.4,40.4,8-8-8-8,9,444,3
2022/09/21,浦和,1,２歳三,1400,ダ,左,重,曇,10,4,4,ゴーゴームスメ,牝,2,54.0,425,-6,見越彬,鹿沼和,,7,1:35.2,41.5,6-6-7-7,5,425,-6
2022/09/21,浦和,1,２歳三,1400,ダ,左,重,曇,10,5,5,クリプリンセス,牝,2,54.0,414,-2,秋元耕,冨田敏,,8,1:35.3,42.0,3-4-5-6,8,414,-2
2022/09/21,浦和,1,２歳三,1400,ダ,左,重,曇,10,6,6,スタータマチャン,牝,2,54.0,476,-6,橋本直,川村守,,9,1:36.4,41.6,9-9-9-9,7,476,-6
2022/09/21,浦和,1,２歳三,1400,ダ,左,重,曇,10,7,7,インベンション,牝,2,54.0,438,-4,和田譲,長谷忍,,,,,,,438,-4
2022/09/21,浦和,2,２歳二,1400,ダ,左,重,晴,9,8,9,エルジーニョ,牡,2,54.0,504,-4,張田昂,小久智,,1,1:31.6,40.3,4-5-4-1,6,504,-4
2022/09/21,浦和,2,２歳二,1400,ダ,左,重,晴,9,1,1,スナオナキモチ,牝,2,53.0,413,0,池谷匠,山田質,,2,1:31.7,40.3,6-6-5-2,5,413,0
2022/09/21,浦和,2,２歳二,1400,ダ,左,重,晴,9,4,4,キミトユメヲカケル,牝,2,54.0,423,1,加藤和,長谷忍,,3,1:32.7,41.7,5-3-3-4,8,423,1
2022/09/21,浦和,2,２歳二,1400,ダ,左,重,晴,9,2,2,シナノフローレンス,牝,2,53.0,389,-2,七夕裕,岡田一,,4,1:33.3,42.9,2-2-1-3,3,389,-2
2022/09/21,浦和,2,２歳二,1400,ダ,左,重,晴,9,5,5,エイシンレア,牝,2,54.0,445,15,本橋孝,藤原智,,5,1:33.4,41.0,9-9-7-7,1,445,15
2022/09/21,浦和,2,２歳二,1400,ダ,左,重,晴,9,8,8,シェナストーン,牡,2,54.0,434,0,秋元耕,吉田正,,6,1:33.6,41.4,7-8-9-6,7,434,0
2022/09/21,浦和,2,２歳二,1400,ダ,左,重,晴,9,7,7,ダンシングクライ,牝,2,54.0,462,0,吉留孝,藤原智,,7,1:34.9,44.5,1-1-2-5,4,462,0
2022/09/21,浦和,2,２歳二,1400,ダ,左,重,晴,9,6,6,アメ,牝,2,52.0,430,-3,菅原涼,長谷忍,,8,1:35.2,43.0,8-7-8-8,9,430,-3
2022/09/21,浦和,2,２歳二,1400,ダ,左,重,晴,9,3,3,イイガネ,牝,2,54.0,450,1,町田直,酒井一,,9,1:37.0,45.7,3-4-6-9,2,450,1
2022/09/21,浦和,3,３歳四,1400,ダ,左,重,晴,12,1,1,ステラセイコー,牝,3,54.0,448,-4,和田譲,水野貴,,1,1:31.1,39.5,1-1-1-1,4,448,-4
2022/09/21,浦和,3,３歳四,1400,ダ,左,重,晴,12,6,7,ライドアクロス,牝,3,54.0,518,9,濱田達,石井勝,,2,1:31.1,38.9,5-5-4-3,2,518,9
2022/09/21,浦和,3,３歳四,1400,ダ,左,重,晴,12,4,4,ノースジラソーレ,牝,3,54.0,455,-11,加藤和,長谷忍,,3,1:31.6,39.6,3-3-3-2,6,455,-11
2022/09/21,浦和,3,３歳四,1400,ダ,左,重,晴,12,6,8,カシノジュピター,牡,3,56.0,513,13,福原杏,鹿沼和,,4,1:32.0,39.7,7-8-5-5,3,513,13
2022/09/21,浦和,3,３歳四,1400,ダ,左,重,晴,12,3,3,アクナキチョウセン,牡,3,56.0,445,-6,笹川翼,宇野博,,5,1:32.2,40.4,2-2-2-4,1,445,-6
2022/09/21,浦和,3,３歳四,1400,ダ,左,重,晴,12,5,6,ヤクライローズ,牝,3,54.0,438,0,橋本直,鹿沼和,,6,1:32.9,40.7,8-6-6-6,8,438,0
2022/09/21,浦和,3,３歳四,1400,ダ,左,重,晴,12,8,12,ゴールドキングダム,牡,3,56.0,503,0,秋元耕,鹿沼和,,7,1:33.0,39.6,11-11-10-9,10,503,0
2022/09/21,浦和,3,３歳四,1400,ダ,左,重,晴,12,7,10,セイエイセンヌ,牝,3,54.0,452,6,赤津和,箕輪武,,8,1:33.0,40.6,6-7-7-7,5,452,6
2022/09/21,浦和,3,３歳四,1400,ダ,左,重,晴,12,8,11,ディラック,牡,3,53.0,452,-1,室陽一,小澤宏,,9,1:33.3,40.1,10-10-9-10,9,452,-1
2022/09/21,浦和,3,３歳四,1400,ダ,左,重,晴,12,7,9,シェナコロネ,牝,3,54.0,482,1,岡田大,冨田敏,,10,1:34.4,42.2,4-4-8-8,11,482,1
2022/09/21,浦和,3,３歳四,1400,ダ,左,重,晴,12,2,2,シェナコブシ,牡,3,56.0,491,-3,高橋哲,吉田正,,11,1:35.2,41.8,9-9-11-11,12,491,-3
2022/09/21,浦和,3,３歳四,1400,ダ,左,重,晴,12,5,5,ニシノマンテン,牡,3,52.0,437,4,中島良,川島豊,,12,1:35.3,41.4,12-12-12-12,7,437,4
2022/09/21,浦和,4,３歳三,1500,ダ,左,重,晴,12,4,4,ベローナカグラ,牝,3,54.0,0,0,藤本現,水野貴,,1,1:38.2,40.3,1-1-1-1,2,0,0
2022/09/21,浦和,4,３歳三,1500,ダ,左,重,晴,12,6,8,スターコマチ,牝,3,54.0,407,-8,橋本直,小澤宏,,2,1:38.4,40.0,7-6-4-3,8,407,-8
2022/09/21,浦和,4,３歳三,1500,ダ,左,重,晴,12,7,9,カヤドーヴェール,牡,3,56.0,448,-2,笹川翼,小久智,,3,1:38.7,39.6,9-8-7-5,4,448,-2
2022/09/21,浦和,4,３歳三,1500,ダ,左,重,晴,12,6,7,タンタシオン,牡,3,56.0,492,15,本橋孝,矢野義,,4,1:38.7,39.0,12-11-9-4,3,492,15
2022/09/21,浦和,4,３歳三,1500,ダ,左,重,晴,12,5,5,キングブルズアイズ,牡,3,56.0,480,-10,真島大,繁田健,,5,1:39.0,41.1,2-2-2-2,1,480,-10
2022/09/21,浦和,4,３歳三,1500,ダ,左,重,晴,12,5,6,ラクスシャルキ,牝,3,54.0,447,-5,秋元耕,酒井一,,6,1:39.9,41.4,5-5-6-8,10,447,-5
2022/09/21,浦和,4,３歳三,1500,ダ,左,重,晴,12,7,10,エイシンスタートル,牡,3,55.0,458,1,七夕裕,藤原智,,7,1:40.2,42.1,3-3-3-6,6,458,1
2022/09/21,浦和,4,３歳三,1500,ダ,左,重,晴,12,8,11,ビクエスト,牡,3,56.0,448,5,小杉亮,矢内博,,8,1:40.4,40.5,10-10-10-10,12,448,5
2022/09/21,浦和,4,３歳三,1500,ダ,左,重,晴,12,2,2,クー,牝,3,54.0,460,-1,岡田大,牛房榮,,9,1:40.7,42.2,4-4-5-7,5,460,-1
2022/09/21,浦和,4,３歳三,1500,ダ,左,重,晴,12,8,12,サキホコレ,牝,3,51.0,444,-14,室陽一,宇野博,,10,1:40.8,41.9,6-7-8-9,9,444,-14
2022/09/21,浦和,4,３歳三,1500,ダ,左,重,晴,12,3,3,テットアヴァンセ,牡,3,56.0,443,-7,見越彬,小林真,,11,1:41.5,41.0,11-12-11-11,7,443,-7
2022/09/21,浦和,4,３歳三,1500,ダ,左,重,晴,12,1,1,ユウユウパレス,牝,3,54.0,406,-11,高橋哲,横山保,,12,1:41.9,41.7,8-9-11-12,11,406,-11
2022/09/21,浦和,5,ランチタイムチャレンジＣ３五 六,1500,ダ,左,重,晴,9,7,7,リングボーイ,セ,0,56.0,428,-2,森泰斗,水野貴,,1,1:38.1,39.0,1-1-1-1,1,428,-2
2022/09/21,浦和,5,ランチタイムチャレンジＣ３五 六,1500,ダ,左,重,晴,9,8,8,ポイズンピル,牡,7,56.0,462,0,岡田大,牛房榮,,2,1:39.1,39.8,2-2-2-2,2,462,0
2022/09/21,浦和,5,ランチタイムチャレンジＣ３五 六,1500,ダ,左,重,晴,9,4,4,アルコンシチー,牡,5,54.0,465,-2,菅原涼,箕輪武,,3,1:39.1,39.8,8-6-3-3,7,465,-2
2022/09/21,浦和,5,ランチタイムチャレンジＣ３五 六,1500,ダ,左,重,晴,9,3,3,サノチナ,牝,5,54.0,426,3,赤津和,川島豊,,4,1:39.4,39.9,4-3-4-4,4,426,3
2022/09/21,浦和,5,ランチタイムチャレンジＣ３五 六,1500,ダ,左,重,晴,9,2,2,セコイア,牝,5,54.0,486,10,和田譲,宇野博,,5,1:39.9,40.0,5-5-5-5,5,486,10
2022/09/21,浦和,5,ランチタイムチャレンジＣ３五 六,1500,ダ,左,重,晴,9,6,6,デンコウメジャー,牡,7,56.0,475,2,吉留孝,平山真,,6,1:40.3,40.3,6-7-7-8,8,475,2
2022/09/21,浦和,5,ランチタイムチャレンジＣ３五 六,1500,ダ,左,重,晴,9,1,1,デリスブラン,牡,4,56.0,475,-3,保園翔,山越光,,7,1:40.3,40.3,7-8-5-6,3,475,-3
2022/09/21,浦和,5,ランチタイムチャレンジＣ３五 六,1500,ダ,左,重,晴,9,5,5,サンライズテソロ,牡,4,53.0,444,-6,野畑凌,川島豊,,8,1:40.4,40.2,9-9-9-9,6,444,-6
2022/09/21,浦和,5,ランチタイムチャレンジＣ３五 六,1500,ダ,左,重,晴,9,8,9,ファーマスター,牝,4,54.0,431,-4,福原杏,川村守,,9,1:40.6,40.9,3-4-8-7,9,431,-4
2022/09/21,浦和,6,Ｃ３五 六,1400,ダ,左,重,晴,9,6,6,ニシノマリアージュ,牝,6,54.0,412,-4,岡田大,冨田敏,,1,1:31.3,40.0,1-1-1-1,4,412,-4
2022/09/21,浦和,6,Ｃ３五 六,1400,ダ,左,重,晴,9,4,4,トーセンケイト,牝,4,54.0,461,-1,吉留孝,川村守,,2,1:32.0,39.9,3-3-3-3,2,461,-1
2022/09/21,浦和,6,Ｃ３五 六,1400,ダ,左,重,晴,9,8,9,コンディトラム,牡,5,56.0,491,-2,高橋哲,川村守,,3,1:32.2,40.7,2-2-2-2,5,491,-2
2022/09/21,浦和,6,Ｃ３五 六,1400,ダ,左,重,晴,9,5,5,アナハ,牝,5,50.0,413,0,中島良,川島豊,,4,1:32.3,40.0,5-5-4-5,8,413,0
2022/09/21,浦和,6,Ｃ３五 六,1400,ダ,左,重,晴,9,1,1,ハーモニージョーイ,牡,5,56.0,476,1,森泰斗,新井清,,5,1:32.5,40.2,7-6-5-4,1,476,1
2022/09/21,浦和,6,Ｃ３五 六,1400,ダ,左,重,晴,9,3,3,ミヤコシャンティ,牝,5,54.0,457,-1,山口達,林正人,,6,1:32.8,40.5,6-7-6-6,3,457,-1
2022/09/21,浦和,6,Ｃ３五 六,1400,ダ,左,重,晴,9,8,8,ギンサー,牡,4,53.0,473,1,室陽一,小林真,,7,1:33.4,40.7,8-8-8-8,9,473,1
2022/09/21,浦和,6,Ｃ３五 六,1400,ダ,左,重,晴,9,2,2,リンクスクリスタル,牝,9,54.0,442,11,内田利,宮下靖,,8,1:33.8,41.5,4-4-7-7,6,442,11
2022/09/21,浦和,6,Ｃ３五 六,1400,ダ,左,重,晴,9,7,7,キタマクフィー,牝,4,53.0,436,-1,七夕裕,鹿沼和,,9,1:33.8,41.1,9-9-9-9,7,436,-1
2022/09/21,浦和,7,Ｃ２四,1400,ダ,左,重,晴,11,8,11,ノブヘンドリックス,牡,4,56.0,474,-1,西啓太,小久智,,1,1:29.2,38.9,1-1-1-1,1,474,-1
2022/09/21,浦和,7,Ｃ２四,1400,ダ,左,重,晴,11,7,8,モモドリーム,牝,4,54.0,482,-2,張田昂,平山真,,2,1:30.9,40.3,4-3-2-2,3,482,-2
2022/09/21,浦和,7,Ｃ２四,1400,ダ,左,重,晴,11,7,9,カミヤガルーラ,牡,4,56.0,461,-1,橋本直,内野健,,3,1:31.5,40.7,5-4-3-3,6,461,-1
2022/09/21,浦和,7,Ｃ２四,1400,ダ,左,重,晴,11,4,4,キョウエイレガード,牝,7,54.0,471,5,岡田大,吉田正,,4,1:31.9,40.4,8-8-5-5,2,471,5
2022/09/21,浦和,7,Ｃ２四,1400,ダ,左,重,晴,11,2,2,ファインアレス,牡,6,56.0,496,-1,見越彬,鹿沼和,,5,1:32.2,39.4,11-11-11-8,5,496,-1
2022/09/21,浦和,7,Ｃ２四,1400,ダ,左,重,晴,11,1,1,トーセンウィンザー,牡,4,56.0,476,5,保園翔,山越光,,6,1:32.2,40.2,10-10-8-7,8,476,5
2022/09/21,浦和,7,Ｃ２四,1400,ダ,左,重,晴,11,3,3,ツーエムタイガー,牡,4,56.0,455,4,福原杏,小澤宏,,7,1:32.4,40.9,7-6-6-6,4,455,4
2022/09/21,浦和,7,Ｃ２四,1400,ダ,左,重,晴,11,6,6,ケイティーユイ,牝,4,51.0,448,0,室陽一,水野貴,,8,1:32.8,42.0,2-2-4-4,11,448,0
2022/09/21,浦和,7,Ｃ２四,1400,ダ,左,重,晴,11,5,5,サバノミッソーニ,牡,4,56.0,451,0,半澤慶,川村守,,9,1:33.5,41.6,6-7-10-10,9,451,0
2022/09/21,浦和,7,Ｃ２四,1400,ダ,左,重,晴,11,8,10,ミトノラッキー,牝,4,54.0,452,3,赤津和,山越光,,10,1:33.8,41.9,9-9-9-9,10,452,3
2022/09/21,浦和,7,Ｃ２四,1400,ダ,左,重,晴,11,6,7,レインボーカラー,牝,4,50.0,517,2,中島良,藤原智,,11,1:35.5,44.1,3-5-7-11,7,517,2
2022/09/21,浦和,8,夜空に輝け！こうのす花火大会賞Ｃ１選抜馬,800,ダ,左,重,晴,12,7,9,アヴェントゥリスト,牡,6,56.0,544,0,西啓太,山越光,,1,0:47.3,35.3,2-2,5,544,0
2022/09/21,浦和,8,夜空に輝け！こうのす花火大会賞Ｃ１選抜馬,800,ダ,左,重,晴,12,5,6,ビッグディッパー,牡,8,56.0,535,-5,左海誠,小久智,,2,0:47.5,35.6,1-1,1,535,-5
2022/09/21,浦和,8,夜空に輝け！こうのす花火大会賞Ｃ１選抜馬,800,ダ,左,重,晴,12,8,11,エンタクノキシ,牡,3,55.0,484,1,和田譲,藤原智,,3,0:48.0,35.5,4-4,2,484,1
2022/09/21,浦和,8,夜空に輝け！こうのす花火大会賞Ｃ１選抜馬,800,ダ,左,重,晴,12,8,12,エダマメ,牝,5,51.0,503,-2,室陽一,長谷忍,,4,0:48.2,36.0,3-3,10,503,-2
2022/09/21,浦和,8,夜空に輝け！こうのす花火大会賞Ｃ１選抜馬,800,ダ,左,重,晴,12,3,3,ニッショウアッキー,牝,3,53.0,434,-5,矢野貴,酒井一,,5,0:48.3,35.8,5-5,6,434,-5
2022/09/21,浦和,8,夜空に輝け！こうのす花火大会賞Ｃ１選抜馬,800,ダ,左,重,晴,12,6,7,イデアノキセキ,牡,3,54.0,448,0,七夕裕,岡田一,,6,0:48.5,35.7,8-9,7,448,0
2022/09/21,浦和,8,夜空に輝け！こうのす花火大会賞Ｃ１選抜馬,800,ダ,左,重,晴,12,1,1,ハリーオンダウン,牝,3,53.0,446,3,笹川翼,小澤宏,,7,0:48.6,35.3,10-8,4,446,3
2022/09/21,浦和,8,夜空に輝け！こうのす花火大会賞Ｃ１選抜馬,800,ダ,左,重,晴,12,7,10,キモンシャイン,牝,4,54.0,445,2,藤本現,工藤伸,,8,0:48.7,36.1,7-6,11,445,2
2022/09/21,浦和,8,夜空に輝け！こうのす花火大会賞Ｃ１選抜馬,800,ダ,左,重,晴,12,2,2,ジュニパーダンス,牝,4,54.0,442,-1,町田直,海馬司,,9,0:48.7,35.1,11-11,3,442,-1
2022/09/21,浦和,8,夜空に輝け！こうのす花火大会賞Ｃ１選抜馬,800,ダ,左,重,晴,12,6,8,コウユープリプリ,牝,7,54.0,449,-3,半澤慶,宇野博,,10,0:49.0,36.0,9-10,9,449,-3
2022/09/21,浦和,8,夜空に輝け！こうのす花火大会賞Ｃ１選抜馬,800,ダ,左,重,晴,12,5,5,ダテノライトニング,牝,7,54.0,489,4,吉留孝,野口孝,,11,0:49.1,36.5,6-7,8,489,4
2022/09/21,浦和,8,夜空に輝け！こうのす花火大会賞Ｃ１選抜馬,800,ダ,左,重,晴,12,4,4,スムーズジャズ,牡,8,56.0,489,-9,秋元耕,吉田正,,12,0:52.2,38.0,12-12,12,489,-9
2022/09/21,浦和,9,三峰山特別Ｃ２一,1500,ダ,左,重,晴,12,7,10,シントーキング,セ,0,56.0,517,5,澤田龍,林　幻,,1,1:37.1,38.8,8-6-4-2,3,517,5
2022/09/21,浦和,9,三峰山特別Ｃ２一,1500,ダ,左,重,晴,12,8,12,マサハヤアン,牝,5,54.0,450,-7,今野忠,佐藤博,,2,1:37.6,39.1,5-7-6-3,4,450,-7
2022/09/21,浦和,9,三峰山特別Ｃ２一,1500,ダ,左,重,晴,12,2,2,ゴープラチナム,牝,5,54.0,448,5,張田昂,平山真,,3,1:37.6,39.9,1-1-1-1,2,448,5
2022/09/21,浦和,9,三峰山特別Ｃ２一,1500,ダ,左,重,晴,12,1,1,ラスティネイル,牝,4,54.0,461,1,吉留孝,牛房榮,,4,1:38.3,40.2,3-4-5-4,5,461,1
2022/09/21,浦和,9,三峰山特別Ｃ２一,1500,ダ,左,重,晴,12,7,9,ゴールドキャスト,牝,9,54.0,433,-3,福原杏,吉田正,,5,1:39.1,39.8,11-11-10-7,9,433,-3
2022/09/21,浦和,9,三峰山特別Ｃ２一,1500,ダ,左,重,晴,12,4,4,デイスター,牡,5,56.0,451,12,篠谷葵,玉井昇,,6,1:39.1,40.0,7-9-11-11,7,451,12
2022/09/21,浦和,9,三峰山特別Ｃ２一,1500,ダ,左,重,晴,12,6,7,ウインジュノー,牝,4,54.0,515,-8,半澤慶,川島豊,,7,1:39.1,39.2,12-12-12-12,12,515,-8
2022/09/21,浦和,9,三峰山特別Ｃ２一,1500,ダ,左,重,晴,12,8,11,バトルオサンナ,牝,8,54.0,458,8,秋元耕,水野貴,,8,1:39.2,40.3,9-10-8-9,11,458,8
2022/09/21,浦和,9,三峰山特別Ｃ２一,1500,ダ,左,重,晴,12,5,6,ダイエービルベリー,牝,4,54.0,483,1,保園翔,酒井一,,9,1:39.6,41.3,6-5-7-6,10,483,1
2022/09/21,浦和,9,三峰山特別Ｃ２一,1500,ダ,左,重,晴,12,6,8,ドミナドール,セ,0,54.0,484,1,菅原涼,新井清,,10,1:40.0,42.3,4-3-2-5,6,484,1
2022/09/21,浦和,9,三峰山特別Ｃ２一,1500,ダ,左,重,晴,12,5,5,カントリーロード,牡,9,56.0,456,-9,見越彬,小久智,,11,1:40.7,41.8,10-8-9-10,8,456,-9
2022/09/21,浦和,9,三峰山特別Ｃ２一,1500,ダ,左,重,晴,12,3,3,ザナイツ,牡,5,56.0,540,4,森泰斗,小久智,,12,1:41.4,43.7,2-2-3-8,1,540,4
2022/09/21,浦和,10,紅葉月特別Ｂ３一,1400,ダ,左,重,晴,10,4,4,ジャックオレンジ,セ,0,56.0,490,3,和田譲,新井清,,1,1:28.0,38.4,6-5-3-1,3,490,3
2022/09/21,浦和,10,紅葉月特別Ｂ３一,1400,ダ,左,重,晴,10,5,5,オートヴィル,牡,7,56.0,535,8,森泰斗,林　幻,,2,1:28.9,39.9,2-2-1-2,2,535,8
2022/09/21,浦和,10,紅葉月特別Ｂ３一,1400,ダ,左,重,晴,10,7,8,ビクトリーサイト,牡,4,56.0,491,1,本橋孝,矢野義,,3,1:29.0,38.9,9-9-4-4,4,491,1
2022/09/21,浦和,10,紅葉月特別Ｂ３一,1400,ダ,左,重,晴,10,2,2,イデアイホマジョル,セ,0,55.0,442,2,七夕裕,岡田一,,4,1:29.7,39.8,4-4-6-5,5,442,2
2022/09/21,浦和,10,紅葉月特別Ｂ３一,1400,ダ,左,重,晴,10,6,6,タマモイットウセイ,牡,4,56.0,499,-5,矢野貴,小久智,,5,1:29.9,40.9,3-3-2-3,1,499,-5
2022/09/21,浦和,10,紅葉月特別Ｂ３一,1400,ダ,左,重,晴,10,8,10,ボマライン,セ,0,56.0,463,1,福原杏,水野貴,,6,1:30.2,39.9,5-6-7-6,10,463,1
2022/09/21,浦和,10,紅葉月特別Ｂ３一,1400,ダ,左,重,晴,10,8,9,バトードラムール,牝,7,54.0,471,2,張田昂,小澤宏,,7,1:30.6,39.8,6-8-9-8,6,471,2
2022/09/21,浦和,10,紅葉月特別Ｂ３一,1400,ダ,左,重,晴,10,7,7,サニークラウド,牡,6,56.0,502,4,半澤慶,宇野博,,8,1:30.6,39.5,10-10-10-7,8,502,4
2022/09/21,浦和,10,紅葉月特別Ｂ３一,1400,ダ,左,重,晴,10,1,1,シナノビクター,牝,5,54.0,459,-1,吉留孝,岡田一,,9,1:30.8,40.1,8-7-8-9,7,459,-1
2022/09/21,浦和,10,紅葉月特別Ｂ３一,1400,ダ,左,重,晴,10,3,3,リッチアロマ,牝,4,51.0,454,-4,室陽一,水野貴,,10,1:33.6,44.3,1-1-5-10,9,454,-4
2022/09/21,浦和,11,テレ玉杯オーバルスプリントJpnIII,1400,ダ,左,重,晴,11,8,11,シャマル,牡,4,55.0,509,-1,川須栄,松下武,,1,1:25.8,35.9,3-3-2-2,1,509,-1
2022/09/21,浦和,11,テレ玉杯オーバルスプリントJpnIII,1400,ダ,左,重,晴,11,7,9,リメイク,牡,3,52.0,474,2,福永祐,新谷功,,2,1:26.0,35.9,4-4-4-3,3,474,2
2022/09/21,浦和,11,テレ玉杯オーバルスプリントJpnIII,1400,ダ,左,重,晴,11,5,5,ティーズダンク,牡,5,54.0,511,-3,和田譲,水野貴,,3,1:26.7,36.6,5-5-5-5,2,511,-3
2022/09/21,浦和,11,テレ玉杯オーバルスプリントJpnIII,1400,ダ,左,重,晴,11,6,7,プレシャスエース,牡,9,54.0,511,-11,左海誠,小久智,,4,1:27.2,38.0,1-1-1-1,6,511,-11
2022/09/21,浦和,11,テレ玉杯オーバルスプリントJpnIII,1400,ダ,左,重,晴,11,7,8,オパールシャルム,牝,5,52.0,492,4,江田照,武藤善,,5,1:27.5,37.7,2-2-3-4,4,492,4
2022/09/21,浦和,11,テレ玉杯オーバルスプリントJpnIII,1400,ダ,左,重,晴,11,1,1,イバル,牡,5,54.0,501,-1,内田博,小崎憲,,6,1:27.7,36.8,10-8-6-6,5,501,-1
2022/09/21,浦和,11,テレ玉杯オーバルスプリントJpnIII,1400,ダ,左,重,晴,11,2,2,パーソナルマキ,牡,9,54.0,494,4,七夕裕,平山真,,7,1:28.4,37.2,8-7-7-7,9,494,4
2022/09/21,浦和,11,テレ玉杯オーバルスプリントJpnIII,1400,ダ,左,重,晴,11,4,4,バーナードループ,牡,5,57.0,518,-13,福原杏,水野貴,,8,1:30.0,38.4,9-10-9-10,7,518,-13
2022/09/21,浦和,11,テレ玉杯オーバルスプリントJpnIII,1400,ダ,左,重,晴,11,8,10,ダウラギリ,牡,5,54.0,491,-2,寺島憂,酒井一,,9,1:30.4,38.8,7-9-10-8,8,491,-2
2022/09/21,浦和,11,テレ玉杯オーバルスプリントJpnIII,1400,ダ,左,重,晴,11,3,3,ユアマイラブ,牡,9,54.0,449,-4,浅野皓,今津博,,10,1:30.4,39.2,6-6-8-9,10,449,-4
2022/09/21,浦和,11,テレ玉杯オーバルスプリントJpnIII,1400,ダ,左,重,晴,11,6,6,メスキータ,牡,6,54.0,514,2,細川智,今津博,,11,1:31.2,38.2,11-11-11-11,11,514,2
2022/09/21,浦和,12,秋の夜特別Ｃ１選抜馬,2000,ダ,左,重,晴,11,6,6,グーガルドリームズ,セ,0,56.0,497,2,福原杏,水野貴,,1,2:12.1,41.6,6-2-1-1,7,497,2
2022/09/21,浦和,12,秋の夜特別Ｃ１選抜馬,2000,ダ,左,重,晴,11,8,11,エールプレジール,セ,0,56.0,467,-6,秋元耕,渋谷博,,2,2:12.6,40.7,4-7-6-6,8,467,-6
2022/09/21,浦和,12,秋の夜特別Ｃ１選抜馬,2000,ダ,左,重,晴,11,1,1,スウォードキング,牡,6,52.0,441,0,小林捺,田島寿,,3,2:12.6,38.6,11-11-11-8,6,441,0
2022/09/21,浦和,12,秋の夜特別Ｃ１選抜馬,2000,ダ,左,重,晴,11,7,9,オワゾードール,牡,7,56.0,483,-4,和田譲,新井清,,4,2:12.6,41.1,5-5-5-5,1,483,-4
2022/09/21,浦和,12,秋の夜特別Ｃ１選抜馬,2000,ダ,左,重,晴,11,7,8,ファステストシチー,牡,4,56.0,447,-11,森泰斗,水野貴,,5,2:12.6,41.4,3-4-4-3,2,447,-11
2022/09/21,浦和,12,秋の夜特別Ｃ１選抜馬,2000,ダ,左,重,晴,11,4,4,リベリュール,牡,7,56.0,496,3,真島大,繁田健,,6,2:12.7,42.2,2-3-2-2,5,496,3
2022/09/21,浦和,12,秋の夜特別Ｃ１選抜馬,2000,ダ,左,重,晴,11,3,3,ログハウス,牝,7,54.0,494,-1,張田昂,平山真,,7,2:13.0,40.8,8-8-7-7,4,494,-1
2022/09/21,浦和,12,秋の夜特別Ｃ１選抜馬,2000,ダ,左,重,晴,11,6,7,シナノジャングル,牡,4,55.0,477,-1,七夕裕,岡田一,,8,2:13.2,42.5,1-1-3-4,3,477,-1
2022/09/21,浦和,12,秋の夜特別Ｃ１選抜馬,2000,ダ,左,重,晴,11,2,2,ソウヤミサキ,牝,4,54.0,459,10,橋本直,岡田一,,9,2:13.5,40.5,9-10-9-9,10,459,10
2022/09/21,浦和,12,秋の夜特別Ｃ１選抜馬,2000,ダ,左,重,晴,11,8,10,フェルカド,牡,5,56.0,475,-2,達城龍,野口孝,,10,2:15.3,43.2,7-6-8-10,9,475,-2
2022/09/21,浦和,12,秋の夜特別Ｃ１選抜馬,2000,ダ,左,重,晴,11,5,5,モーニングスマイル,牡,3,55.0,457,2,保園翔,箕輪武,,11,2:16.9,43.9,10-9-10-11,11,457,2
2022/09/22,浦和,1,３歳五,1400,ダ,左,稍重,晴,10,7,7,ビタースマイル,牝,3,54.0,449,7,森泰斗,水野貴,,1,1:33.4,39.8,2-2-1-2,1,449,7
2022/09/22,浦和,1,３歳五,1400,ダ,左,稍重,晴,10,8,9,イデアグリーン,牝,3,53.0,426,-3,七夕裕,岡田一,,2,1:33.4,39.8,3-3-3-1,3,426,-3
2022/09/22,浦和,1,３歳五,1400,ダ,左,稍重,晴,10,4,4,プリマリー,牝,3,54.0,441,1,町田直,水野貴,,3,1:34.1,40.1,7-6-4-4,4,441,1
2022/09/22,浦和,1,３歳五,1400,ダ,左,稍重,晴,10,1,1,サヨノミニスター,牡,3,56.0,468,10,増田充,工藤伸,,4,1:34.2,40.2,9-9-6-6,2,468,10
2022/09/22,浦和,1,３歳五,1400,ダ,左,稍重,晴,10,5,5,アストロメアリー,牝,3,50.0,395,1,中島良,長谷忍,,5,1:34.3,40.3,8-7-4-5,6,395,1
2022/09/22,浦和,1,３歳五,1400,ダ,左,稍重,晴,10,8,10,ビナフエ,牝,3,51.0,417,-4,室陽一,水野貴,,6,1:34.5,40.9,1-1-2-3,7,417,-4
2022/09/22,浦和,1,３歳五,1400,ダ,左,稍重,晴,10,3,3,マヘアラニ,牝,3,54.0,463,5,橋本直,酒井一,,7,1:34.5,40.6,5-4-7-7,9,463,5
2022/09/22,浦和,1,３歳五,1400,ダ,左,稍重,晴,10,7,8,サウンドウェリナ,牝,3,54.0,448,3,秋元耕,水野貴,,8,1:35.3,41.3,6-8-9-9,8,448,3
2022/09/22,浦和,1,３歳五,1400,ダ,左,稍重,晴,10,2,2,モエヨグラン,牡,3,56.0,501,-1,内田利,箕輪武,,9,1:35.3,41.4,4-5-8-8,5,501,-1
2022/09/22,浦和,1,３歳五,1400,ダ,左,稍重,晴,10,6,6,シェナハート,牝,3,54.0,417,2,保園翔,冨田敏,,10,1:36.6,41.0,10-10-10-10,10,417,2
2022/09/22,浦和,2,Ｃ３四,1400,ダ,左,稍重,晴,10,8,10,ホロシリダケ,セ,0,56.0,482,1,内田利,野口孝,,1,1:32.7,38.8,3-3-2-2,1,482,1
2022/09/22,浦和,2,Ｃ３四,1400,ダ,左,稍重,晴,10,7,7,アミン,牝,5,54.0,467,7,吉留孝,冨田敏,,2,1:33.3,39.1,4-5-4-3,7,467,7
2022/09/22,浦和,2,Ｃ３四,1400,ダ,左,稍重,晴,10,2,2,クレールプリュネル,牝,4,50.0,469,-2,小林捺,山越光,,3,1:33.4,39.6,1-1-1-1,4,469,-2
2022/09/22,浦和,2,Ｃ３四,1400,ダ,左,稍重,晴,10,7,8,セイウングラッパ,牡,7,56.0,448,1,秋元耕,吉田正,,4,1:33.9,39.7,8-4-5-5,5,448,1
2022/09/22,浦和,2,Ｃ３四,1400,ダ,左,稍重,晴,10,4,4,マッシュブライト,牝,4,51.0,469,5,室陽一,酒井一,,5,1:34.1,39.7,6-7-8-6,9,469,5
2022/09/22,浦和,2,Ｃ３四,1400,ダ,左,稍重,晴,10,3,3,スタニングビスタ,牝,5,54.0,463,-1,笠野雄,岡林光,,6,1:34.1,39.4,9-9-9-8,3,463,-1
2022/09/22,浦和,2,Ｃ３四,1400,ダ,左,稍重,晴,10,5,5,コスモリカバリー,牡,4,56.0,489,-18,増田充,山越光,,7,1:34.1,39.8,10-10-7-7,6,489,-18
2022/09/22,浦和,2,Ｃ３四,1400,ダ,左,稍重,晴,10,1,1,ゴールドアクセル,牡,4,56.0,514,3,高橋哲,鹿沼和,,8,1:34.9,40.5,5-6-6-4,8,514,3
2022/09/22,浦和,2,Ｃ３四,1400,ダ,左,稍重,晴,10,6,6,ニシノカシン,牡,4,56.0,464,-2,國分祐,冨田敏,,9,1:36.4,41.5,7-8-10-9,10,464,-2
2022/09/22,浦和,2,Ｃ３四,1400,ダ,左,稍重,晴,10,8,9,トゥインクルタワー,牡,4,56.0,505,12,福原杏,薮口一,,10,1:37.8,43.9,2-2-3-10,2,505,12
2022/09/22,浦和,3,Ｃ２五 六 七,1400,ダ,左,稍重,晴,10,7,7,ヤマジュンヒバナ,牝,5,51.0,465,0,室陽一,宇野博,,1,1:31.2,39.7,7-8-4-1,1,465,0
2022/09/22,浦和,3,Ｃ２五 六 七,1400,ダ,左,稍重,晴,10,8,9,ジョーカイ,牝,4,54.0,472,13,本橋孝,小久智,,2,1:31.2,39.7,6-6-3-4,3,472,13
2022/09/22,浦和,3,Ｃ２五 六 七,1400,ダ,左,稍重,晴,10,6,6,レジュールウール,牝,4,50.0,474,-4,中島良,野口寛,,3,1:31.6,40.3,2-2-2-3,6,474,-4
2022/09/22,浦和,3,Ｃ２五 六 七,1400,ダ,左,稍重,晴,10,3,3,モンスタープリンス,牡,6,56.0,504,-3,森泰斗,工藤伸,,4,1:31.7,40.5,1-1-1-2,2,504,-3
2022/09/22,浦和,3,Ｃ２五 六 七,1400,ダ,左,稍重,晴,10,4,4,ロードユリシス,セ,0,55.0,489,6,七夕裕,長谷忍,,5,1:32.2,40.6,4-5-6-5,9,489,6
2022/09/22,浦和,3,Ｃ２五 六 七,1400,ダ,左,稍重,晴,10,1,1,プレミアムプリモ,牝,5,54.0,468,5,橋本直,平山真,,6,1:32.4,40.8,5-4-8-7,5,468,5
2022/09/22,浦和,3,Ｃ２五 六 七,1400,ダ,左,稍重,晴,10,2,2,セイウンミレイア,牝,5,54.0,468,4,岡田大,冨田敏,,7,1:32.4,40.4,8-7-10-8,8,468,4
2022/09/22,浦和,3,Ｃ２五 六 七,1400,ダ,左,稍重,晴,10,5,5,キョウエイアップ,牡,4,56.0,506,13,福原杏,小澤宏,,8,1:32.6,40.8,10-10-7-9,10,506,13
2022/09/22,浦和,3,Ｃ２五 六 七,1400,ダ,左,稍重,晴,10,8,10,フィーネ,牝,4,54.0,491,5,篠谷葵,野口寛,,9,1:32.7,41.2,9-9-5-6,4,491,5
2022/09/22,浦和,3,Ｃ２五 六 七,1400,ダ,左,稍重,晴,10,7,8,コンバットマジック,牝,4,54.0,464,7,秋元耕,川島豊,,10,1:33.0,41.3,3-3-9-10,7,464,7
2022/09/22,浦和,4,Ｃ２五 六 七,1500,ダ,左,稍重,晴,9,6,6,イエローリボン,牝,5,54.0,469,6,内田利,藤原智,,1,1:39.0,39.8,4-3-3-3,4,469,6
2022/09/22,浦和,4,Ｃ２五 六 七,1500,ダ,左,稍重,晴,9,2,2,トモノクリスタル,牝,5,54.0,433,7,橋本直,小久智,,2,1:39.0,40.0,1-1-1-1,1,433,7
2022/09/22,浦和,4,Ｃ２五 六 七,1500,ダ,左,稍重,晴,9,3,3,ユウユウグリュック,牝,5,50.0,419,-1,中島良,横山保,,3,1:39.7,40.4,3-4-4-4,3,419,-1
2022/09/22,浦和,4,Ｃ２五 六 七,1500,ダ,左,稍重,晴,9,8,8,ブルベアマイル,牡,5,55.0,457,-2,七夕裕,岡田一,,4,1:39.8,40.8,2-2-2-2,2,457,-2
2022/09/22,浦和,4,Ｃ２五 六 七,1500,ダ,左,稍重,晴,9,8,9,ニシノキスミー,牝,8,54.0,481,-1,福原杏,小澤宏,,5,1:40.0,40.4,7-7-5-5,5,481,-1
2022/09/22,浦和,4,Ｃ２五 六 七,1500,ダ,左,稍重,晴,9,5,5,ダイバサファイア,牝,5,54.0,486,8,赤津和,箕輪武,,6,1:40.3,40.2,6-6-7-7,6,486,8
2022/09/22,浦和,4,Ｃ２五 六 七,1500,ダ,左,稍重,晴,9,1,1,マスオ,牡,9,53.0,433,2,室陽一,野口孝,,7,1:41.0,41.2,5-5-6-6,7,433,2
2022/09/22,浦和,4,Ｃ２五 六 七,1500,ダ,左,稍重,晴,9,4,4,シェナフウジン,牡,6,56.0,467,10,國分祐,冨田敏,,8,1:46.2,45.1,8-8-8-8,8,467,10
2022/09/22,浦和,4,Ｃ２五 六 七,1500,ダ,左,稍重,晴,9,7,7,トロワフィーユ,牝,5,54.0,0,0,川島正,野口寛,,,,,,,0,0
2022/09/22,浦和,5,浦和×大井　エキサイティングＣ２五 六 七,1500,ダ,左,稍重,晴,9,2,2,アミフジウジョウ,牡,5,53.0,475,0,木間龍,矢野義,,1,1:38.3,39.7,9-7-6-3,2,475,0
2022/09/22,浦和,5,浦和×大井　エキサイティングＣ２五 六 七,1500,ダ,左,稍重,晴,9,8,9,ハツネヘイロー,セ,0,56.0,506,-1,秋元耕,宇野博,,2,1:38.5,40.9,3-3-2-2,1,506,-1
2022/09/22,浦和,5,浦和×大井　エキサイティングＣ２五 六 七,1500,ダ,左,稍重,晴,9,4,4,キャンビー,牡,4,56.0,513,-4,川島正,野口寛,,3,1:38.9,40.7,4-4-5-4,4,513,-4
2022/09/22,浦和,5,浦和×大井　エキサイティングＣ２五 六 七,1500,ダ,左,稍重,晴,9,5,5,フクノヴァランス,牡,7,52.0,482,3,中島良,川島豊,,4,1:39.0,41.6,1-1-1-1,5,482,3
2022/09/22,浦和,5,浦和×大井　エキサイティングＣ２五 六 七,1500,ダ,左,稍重,晴,9,3,3,セイエイビビット,牝,6,54.0,547,0,内田利,岡田一,,5,1:39.2,39.6,7-8-9-7,6,547,0
2022/09/22,浦和,5,浦和×大井　エキサイティングＣ２五 六 七,1500,ダ,左,稍重,晴,9,6,6,エルフバローズ,牝,4,50.0,446,-2,小林捺,工藤伸,,6,1:39.5,41.7,2-2-4-5,7,446,-2
2022/09/22,浦和,5,浦和×大井　エキサイティングＣ２五 六 七,1500,ダ,左,稍重,晴,9,7,7,アイスバーグアリー,牝,6,54.0,446,2,森泰斗,平山真,,7,1:39.7,41.5,5-5-3-6,3,446,2
2022/09/22,浦和,5,浦和×大井　エキサイティングＣ２五 六 七,1500,ダ,左,稍重,晴,9,1,1,トゥインクルベガ,牝,4,54.0,465,3,吉留孝,川村守,,8,1:40.2,40.6,8-9-8-8,9,465,3
2022/09/22,浦和,5,浦和×大井　エキサイティングＣ２五 六 七,1500,ダ,左,稍重,晴,9,8,8,ベリリウンヌ,牝,4,54.0,436,11,保園翔,海馬司,,9,1:40.6,41.8,6-6-7-9,8,436,11
2022/09/22,浦和,6,Ｊ認 新鋭特別２歳一,1500,ダ,左,稍重,晴,7,1,1,チハヤ,牝,2,55.0,438,7,森泰斗,加藤誠,,1,1:38.8,40.9,6-6-3-1,3,438,7
2022/09/22,浦和,6,Ｊ認 新鋭特別２歳一,1500,ダ,左,稍重,晴,7,3,3,グレートジャーニー,牡,2,54.0,448,5,本橋孝,小久智,,2,1:39.3,41.5,2-3-4-3,1,448,5
2022/09/22,浦和,6,Ｊ認 新鋭特別２歳一,1500,ダ,左,稍重,晴,7,6,6,ピュアアメリカン,牝,2,54.0,462,3,福原杏,小澤宏,,3,1:39.6,41.8,4-4-5-5,4,462,3
2022/09/22,浦和,6,Ｊ認 新鋭特別２歳一,1500,ダ,左,稍重,晴,7,4,4,スマイルマハロ,牡,2,54.0,484,1,見越彬,宇野博,,4,1:39.7,41.5,5-5-6-4,7,484,1
2022/09/22,浦和,6,Ｊ認 新鋭特別２歳一,1500,ダ,左,稍重,晴,7,2,2,ニッショウミライ,牝,2,55.0,458,-4,寺島憂,酒井一,,5,1:40.3,43.3,1-1-1-2,2,458,-4
2022/09/22,浦和,6,Ｊ認 新鋭特別２歳一,1500,ダ,左,稍重,晴,7,7,7,キックアス,牡,2,50.0,440,5,中島良,海馬司,,6,1:40.8,42.0,7-7-7-7,6,440,5
2022/09/22,浦和,6,Ｊ認 新鋭特別２歳一,1500,ダ,左,稍重,晴,7,5,5,ソーヴキプ,牝,2,54.0,444,-6,山口達,渋谷博,,7,1:41.0,43.7,3-2-2-6,5,444,-6
2022/09/22,浦和,7,浦和８００ラウンドＣ３選抜馬イ,800,ダ,左,稍重,晴,12,2,2,カズアティシャ,牡,4,56.0,502,6,半澤慶,牛房榮,,1,0:48.9,36.4,1-1,5,502,6
2022/09/22,浦和,7,浦和８００ラウンドＣ３選抜馬イ,800,ダ,左,稍重,晴,12,1,1,クロノエンプレス,牝,5,54.0,465,3,橋本直,酒井一,,2,0:49.4,36.0,6-5,4,465,3
2022/09/22,浦和,7,浦和８００ラウンドＣ３選抜馬イ,800,ダ,左,稍重,晴,12,6,8,ダンストンラソ,牝,7,54.0,459,14,見越彬,野口孝,,3,0:49.5,37.0,3-2,1,459,14
2022/09/22,浦和,7,浦和８００ラウンドＣ３選抜馬イ,800,ダ,左,稍重,晴,12,5,5,ヴィクトリアブーケ,牝,4,54.0,386,1,岡田大,薮口一,,4,0:50.0,37.3,4-3,6,386,1
2022/09/22,浦和,7,浦和８００ラウンドＣ３選抜馬イ,800,ダ,左,稍重,晴,12,8,12,ゴールドスペンサー,牡,4,56.0,477,3,秋元耕,吉田正,,5,0:50.3,37.0,8-6,10,477,3
2022/09/22,浦和,7,浦和８００ラウンドＣ３選抜馬イ,800,ダ,左,稍重,晴,12,4,4,ヘデラ,牝,6,54.0,444,1,寺島憂,水野貴,,6,0:50.3,36.7,9-8,3,444,1
2022/09/22,浦和,7,浦和８００ラウンドＣ３選抜馬イ,800,ダ,左,稍重,晴,12,7,10,ニシノマッハ,牡,8,56.0,472,0,國分祐,冨田敏,,7,0:50.4,37.3,7-7,7,472,0
2022/09/22,浦和,7,浦和８００ラウンドＣ３選抜馬イ,800,ダ,左,稍重,晴,12,5,6,メロメロパンチ,牝,9,54.0,483,-2,福原杏,内野健,,8,0:50.5,38.0,2-4,2,483,-2
2022/09/22,浦和,7,浦和８００ラウンドＣ３選抜馬イ,800,ダ,左,稍重,晴,12,8,11,スクリームイーグル,セ,0,56.0,457,15,櫻井光,酒井一,,9,0:50.8,36.7,11-10,8,457,15
2022/09/22,浦和,7,浦和８００ラウンドＣ３選抜馬イ,800,ダ,左,稍重,晴,12,3,3,リアルドリーム,牝,4,54.0,438,3,加藤和,川島豊,,10,0:51.0,37.1,10-11,11,438,3
2022/09/22,浦和,7,浦和８００ラウンドＣ３選抜馬イ,800,ダ,左,稍重,晴,12,6,7,ネオペトリコール,牝,4,54.0,395,1,保園翔,酒井一,,11,0:51.7,38.8,5-9,9,395,1
2022/09/22,浦和,7,浦和８００ラウンドＣ３選抜馬イ,800,ダ,左,稍重,晴,12,7,9,シャインルビー,牝,5,54.0,435,2,赤津和,川村守,,12,0:51.9,37.7,12-12,12,435,2
2022/09/22,浦和,8,浦和８００ラウンドＣ３選抜馬ア,800,ダ,左,稍重,曇,12,8,11,ジョーアヤメ,牝,4,54.0,460,-1,本橋孝,小久智,,1,0:48.1,35.7,1-1,1,460,-1
2022/09/22,浦和,8,浦和８００ラウンドＣ３選抜馬ア,800,ダ,左,稍重,曇,12,5,5,シエスタキー,牡,5,56.0,504,3,山中悠,川村守,,2,0:49.4,36.4,5-5,8,504,3
2022/09/22,浦和,8,浦和８００ラウンドＣ３選抜馬ア,800,ダ,左,稍重,曇,12,8,12,ダイバキャッツアイ,牝,5,54.0,460,24,赤津和,箕輪武,,3,0:49.4,37.0,3-3,10,460,24
2022/09/22,浦和,8,浦和８００ラウンドＣ３選抜馬ア,800,ダ,左,稍重,曇,12,6,7,キョウエイミーレス,牡,6,53.0,494,2,室陽一,内野健,,4,0:49.4,36.8,4-4,4,494,2
2022/09/22,浦和,8,浦和８００ラウンドＣ３選抜馬ア,800,ダ,左,稍重,曇,12,7,9,カンノンショウ,牡,4,56.0,450,4,寺島憂,水野貴,,5,0:49.6,36.6,7-6,9,450,4
2022/09/22,浦和,8,浦和８００ラウンドＣ３選抜馬ア,800,ダ,左,稍重,曇,12,4,4,カントナ,牝,5,54.0,417,2,半澤慶,宇野博,,6,0:49.8,36.8,6-7,7,417,2
2022/09/22,浦和,8,浦和８００ラウンドＣ３選抜馬ア,800,ダ,左,稍重,曇,12,7,10,フライトメモリア,牝,4,54.0,523,3,秋元耕,川村守,,7,0:49.8,36.8,8-8,2,523,3
2022/09/22,浦和,8,浦和８００ラウンドＣ３選抜馬ア,800,ダ,左,稍重,曇,12,5,6,クールスパート,牡,7,56.0,471,1,見越彬,野口寛,,8,0:50.1,37.1,9-10,3,471,1
2022/09/22,浦和,8,浦和８００ラウンドＣ３選抜馬ア,800,ダ,左,稍重,曇,12,1,1,サプライズギフト,牝,4,50.0,423,3,中島良,川島豊,,9,0:50.2,36.8,10-9,6,423,3
2022/09/22,浦和,8,浦和８００ラウンドＣ３選抜馬ア,800,ダ,左,稍重,曇,12,6,8,ラヴアンドゲーム,牝,5,54.0,474,-1,高橋哲,酒井一,,10,0:50.2,37.8,2-2,5,474,-1
2022/09/22,浦和,8,浦和８００ラウンドＣ３選抜馬ア,800,ダ,左,稍重,曇,12,3,3,レイリアン,牝,5,54.0,412,3,國分祐,冨田敏,,11,0:50.7,37.1,11-11,11,412,3
2022/09/22,浦和,8,浦和８００ラウンドＣ３選抜馬ア,800,ダ,左,稍重,曇,12,2,2,アイノロマン,牝,4,54.0,477,-1,岡田大,岡田一,,,,,,,477,-1
2022/09/22,浦和,9,コウノトリの住めるまち鴻巣賞Ｃ１五,1500,ダ,左,稍重,曇,10,8,10,アルティスタエース,牡,7,56.0,490,2,福原杏,繁田健,,1,1:37.2,39.9,3-3-2-1,1,490,2
2022/09/22,浦和,9,コウノトリの住めるまち鴻巣賞Ｃ１五,1500,ダ,左,稍重,曇,10,7,8,リョウイキテンカイ,牝,3,53.0,444,-2,半澤慶,水野貴,,2,1:38.1,40.6,5-5-5-3,4,444,-2
2022/09/22,浦和,9,コウノトリの住めるまち鴻巣賞Ｃ１五,1500,ダ,左,稍重,曇,10,1,1,レオズソーダライト,牝,6,54.0,472,1,橋本直,平山真,,3,1:38.3,41.4,1-1-1-2,3,472,1
2022/09/22,浦和,9,コウノトリの住めるまち鴻巣賞Ｃ１五,1500,ダ,左,稍重,曇,10,5,5,ガンコチャン,牝,3,52.0,481,-1,七夕裕,岡田一,,4,1:38.4,40.8,4-4-4-4,5,481,-1
2022/09/22,浦和,9,コウノトリの住めるまち鴻巣賞Ｃ１五,1500,ダ,左,稍重,曇,10,2,2,アルバリ,牡,7,56.0,441,6,秋元耕,箕輪武,,5,1:38.9,40.8,8-7-7-6,6,441,6
2022/09/22,浦和,9,コウノトリの住めるまち鴻巣賞Ｃ１五,1500,ダ,左,稍重,曇,10,6,6,カシノペルル,牡,3,55.0,503,7,寺島憂,鹿沼和,,6,1:39.1,40.6,10-10-9-9,10,503,7
2022/09/22,浦和,9,コウノトリの住めるまち鴻巣賞Ｃ１五,1500,ダ,左,稍重,曇,10,4,4,アルマラウラ,牝,3,53.0,457,-3,町田直,海馬司,,7,1:39.2,41.0,9-9-8-8,7,457,-3
2022/09/22,浦和,9,コウノトリの住めるまち鴻巣賞Ｃ１五,1500,ダ,左,稍重,曇,10,7,7,ニシノアクシス,牡,5,56.0,508,6,國分祐,冨田敏,,8,1:39.4,41.8,6-6-6-7,8,508,6
2022/09/22,浦和,9,コウノトリの住めるまち鴻巣賞Ｃ１五,1500,ダ,左,稍重,曇,10,8,9,ハッピーパワポケ,牡,5,56.0,470,-2,森泰斗,水野貴,,9,1:39.9,42.8,2-2-3-5,2,470,-2
2022/09/22,浦和,9,コウノトリの住めるまち鴻巣賞Ｃ１五,1500,ダ,左,稍重,曇,10,3,3,ホワイトスズラン,牝,3,53.0,426,-2,保園翔,山越光,,10,1:41.9,43.6,7-7-10-10,9,426,-2
2022/09/22,浦和,10,秋晴特別Ｃ１二,1400,ダ,左,稍重,曇,10,1,1,オウケンアマゾネス,牝,5,54.0,463,-1,町田直,工藤伸,,1,1:30.7,40.1,1-1-1-1,2,463,-1
2022/09/22,浦和,10,秋晴特別Ｃ１二,1400,ダ,左,稍重,曇,10,4,4,ワンダーフェンリル,牡,4,56.0,518,1,橋本直,鈴木勝,,2,1:30.7,40.1,3-3-3-2,1,518,1
2022/09/22,浦和,10,秋晴特別Ｃ１二,1400,ダ,左,稍重,曇,10,8,10,キョウエイシャイン,牝,3,53.0,467,-2,秋元耕,小澤宏,,3,1:30.8,40.0,7-6-4-4,7,467,-2
2022/09/22,浦和,10,秋晴特別Ｃ１二,1400,ダ,左,稍重,曇,10,3,3,ジングルベル,牝,3,53.0,479,12,本橋孝,小久智,,4,1:31.2,40.6,2-2-2-3,4,479,12
2022/09/22,浦和,10,秋晴特別Ｃ１二,1400,ダ,左,稍重,曇,10,7,7,フーラリ,牡,4,56.0,462,2,見越彬,藤原智,,5,1:31.7,40.9,10-8-6-7,5,462,2
2022/09/22,浦和,10,秋晴特別Ｃ１二,1400,ダ,左,稍重,曇,10,6,6,ハーイ,牝,5,54.0,462,0,森泰斗,野口孝,,6,1:32.0,40.7,8-9-9-6,3,462,0
2022/09/22,浦和,10,秋晴特別Ｃ１二,1400,ダ,左,稍重,曇,10,8,9,ビービーダルク,牝,4,50.0,482,12,中島良,薮口一,,7,1:32.2,41.4,5-5-5-5,8,482,12
2022/09/22,浦和,10,秋晴特別Ｃ１二,1400,ダ,左,稍重,曇,10,7,8,コパノキャッチング,牡,4,56.0,454,-8,半澤慶,工藤伸,,8,1:32.4,41.6,4-4-7-9,6,454,-8
2022/09/22,浦和,10,秋晴特別Ｃ１二,1400,ダ,左,稍重,曇,10,2,2,ノースリュシオル,牝,4,51.0,448,2,室陽一,長谷忍,,9,1:32.5,41.4,6-7-8-8,9,448,2
2022/09/22,浦和,10,秋晴特別Ｃ１二,1400,ダ,左,稍重,曇,10,5,5,ゴールドエース,牡,3,55.0,473,1,吉留孝,野口孝,,10,1:32.9,41.1,9-10-10-10,10,473,1
2022/09/22,浦和,11,夜長月特別Ａ２下,1500,ダ,左,稍重,曇,9,8,9,キタサンタイドー,牡,7,57.0,524,-4,福原杏,米谷康,,1,1:35.2,38.0,6-6-4-2,3,524,-4
2022/09/22,浦和,11,夜長月特別Ａ２下,1500,ダ,左,稍重,曇,9,6,6,ブラックパンサー,牡,4,55.0,494,8,本橋孝,小久智,,2,1:35.3,38.1,8-7-5-3,1,494,8
2022/09/22,浦和,11,夜長月特別Ａ２下,1500,ダ,左,稍重,曇,9,4,4,エフェルヴェソンス,牡,7,55.0,491,6,篠谷葵,米谷康,,3,1:36.0,38.6,7-8-8-5,4,491,6
2022/09/22,浦和,11,夜長月特別Ａ２下,1500,ダ,左,稍重,曇,9,1,1,ジョーロノ,牡,4,57.0,499,4,橋本直,小久智,,4,1:36.3,39.8,1-1-1-1,6,499,4
2022/09/22,浦和,11,夜長月特別Ａ２下,1500,ダ,左,稍重,曇,9,5,5,スターライトブルー,牡,8,55.0,508,1,森泰斗,村上頼,,5,1:36.7,39.7,5-4-6-7,2,508,1
2022/09/22,浦和,11,夜長月特別Ａ２下,1500,ダ,左,稍重,曇,9,7,7,プリモパイソン,牡,4,55.0,522,-1,町田直,内田勝,,6,1:36.8,40.3,2-2-2-4,8,522,-1
2022/09/22,浦和,11,夜長月特別Ａ２下,1500,ダ,左,稍重,曇,9,3,3,マシンガン,牡,4,55.0,500,4,山口達,林正人,,7,1:36.8,39.6,4-5-7-8,5,500,4
2022/09/22,浦和,11,夜長月特別Ａ２下,1500,ダ,左,稍重,曇,9,8,8,ウインプリンツ,牡,6,55.0,517,5,吉留孝,平山真,,8,1:37.3,40.6,3-3-3-6,7,517,5
2022/09/22,浦和,11,夜長月特別Ａ２下,1500,ダ,左,稍重,曇,9,2,2,サバンナロード,セ,0,55.0,547,17,見越彬,海馬司,,9,1:39.2,40.4,9-9-9-9,9,547,17
2022/09/22,浦和,12,馬事畜産振興協議会会長賞特別Ｂ３二,1400,ダ,左,稍重,曇,11,2,2,クラップクラップ,牝,5,54.0,456,-4,本橋孝,小久智,,1,1:29.8,38.5,1-1-1-1,1,456,-4
2022/09/22,浦和,12,馬事畜産振興協議会会長賞特別Ｂ３二,1400,ダ,左,稍重,曇,11,6,6,メイストーム,牡,4,56.0,487,-7,森泰斗,水野貴,,2,1:30.1,38.5,3-3-4-3,3,487,-7
2022/09/22,浦和,12,馬事畜産振興協議会会長賞特別Ｂ３二,1400,ダ,左,稍重,曇,11,8,10,シグラップリンリン,牝,7,54.0,452,4,橋本直,平山真,,3,1:30.2,38.8,2-2-2-2,8,452,4
2022/09/22,浦和,12,馬事畜産振興協議会会長賞特別Ｂ３二,1400,ダ,左,稍重,曇,11,4,4,コンスタンティナ,牝,6,54.0,515,2,町田直,内田勝,,4,1:30.7,38.1,10-9-9-8,5,515,2
2022/09/22,浦和,12,馬事畜産振興協議会会長賞特別Ｂ３二,1400,ダ,左,稍重,曇,11,6,7,マイミッション,牡,6,56.0,490,7,笠野雄,山中尊,,5,1:30.9,39.3,5-4-3-4,4,490,7
2022/09/22,浦和,12,馬事畜産振興協議会会長賞特別Ｂ３二,1400,ダ,左,稍重,曇,11,8,11,マナーザマジック,牡,5,53.0,459,3,木間龍,野口孝,,6,1:31.1,39.0,9-7-6-6,6,459,3
2022/09/22,浦和,12,馬事畜産振興協議会会長賞特別Ｂ３二,1400,ダ,左,稍重,曇,11,7,8,アイエンジェル,牝,5,53.0,490,-2,七夕裕,岡田一,,7,1:31.2,39.4,7-6-5-5,9,490,-2
2022/09/22,浦和,12,馬事畜産振興協議会会長賞特別Ｂ３二,1400,ダ,左,稍重,曇,11,5,5,キングバーグ,牡,5,53.0,497,3,室陽一,宇野博,,8,1:31.3,39.0,6-8-7-7,7,497,3
2022/09/22,浦和,12,馬事畜産振興協議会会長賞特別Ｂ３二,1400,ダ,左,稍重,曇,11,1,1,シュバルツイェガー,牡,5,56.0,465,-9,山口達,林正人,,9,1:31.5,39.4,4-5-8-9,2,465,-9
2022/09/22,浦和,12,馬事畜産振興協議会会長賞特別Ｂ３二,1400,ダ,左,稍重,曇,11,7,9,ナムラタイガー,牡,5,56.0,553,6,寺島憂,水野貴,,10,1:31.9,37.7,11-11-11-11,11,553,6
2022/09/22,浦和,12,馬事畜産振興協議会会長賞特別Ｂ３二,1400,ダ,左,稍重,曇,11,3,3,サトノゴールド,セ,0,56.0,471,6,見越彬,小林真,,11,1:32.3,39.1,8-10-10-10,10,471,6
2022/09/23,浦和,1,２歳五,1400,ダ,左,重,曇,10,4,4,ハッサクサン,牝,2,54.0,477,-4,秋元耕,水野貴,,1,1:33.5,40.1,2-2-1-1,2,477,-4
2022/09/23,浦和,1,２歳五,1400,ダ,左,重,曇,10,5,5,ブラウンキングズ,牡,2,54.0,441,4,保園翔,山越光,,2,1:34.2,40.3,3-3-3-3,5,441,4
2022/09/23,浦和,1,２歳五,1400,ダ,左,重,曇,10,7,7,シェナカレン,牡,2,54.0,453,5,赤津和,山越光,,3,1:34.3,40.2,7-5-4-4,6,453,5
2022/09/23,浦和,1,２歳五,1400,ダ,左,重,曇,10,8,10,リオチャン,牡,2,54.0,480,1,福原杏,野口孝,,4,1:34.3,39.6,6-8-5-5,3,480,1
2022/09/23,浦和,1,２歳五,1400,ダ,左,重,曇,10,6,6,ルヴァンモンスター,牡,2,50.0,499,-7,中島良,水野貴,,5,1:35.0,41.6,1-1-1-2,4,499,-7
2022/09/23,浦和,1,２歳五,1400,ダ,左,重,曇,10,8,9,ナッツナナーヤ,牡,2,54.0,474,19,庄司大,工藤伸,,6,1:36.2,41.3,5-6-7-7,1,474,19
2022/09/23,浦和,1,２歳五,1400,ダ,左,重,曇,10,3,3,ウィンターソング,牝,2,54.0,465,9,見越彬,牛房榮,,7,1:36.3,41.8,4-4-6-6,7,465,9
2022/09/23,浦和,1,２歳五,1400,ダ,左,重,曇,10,1,1,シェナレモン,牝,2,54.0,426,7,國分祐,冨田敏,,8,1:37.3,42.0,8-7-9-8,10,426,7
2022/09/23,浦和,1,２歳五,1400,ダ,左,重,曇,10,7,8,シェナグローリー,牝,2,54.0,454,1,岡田大,冨田敏,,9,1:38.1,42.3,10-10-10-10,9,454,1
2022/09/23,浦和,1,２歳五,1400,ダ,左,重,曇,10,2,2,バリバリクン,牡,2,54.0,427,9,寺島憂,水野貴,,10,1:38.2,42.9,9-9-8-9,8,427,9
2022/09/23,浦和,2,２歳四,1400,ダ,左,重,曇,10,2,2,モモアカ,牝,2,54.0,408,6,岡田大,川村守,,1,1:33.0,40.2,1-1-1-1,5,408,6
2022/09/23,浦和,2,２歳四,1400,ダ,左,重,曇,10,1,1,ダプネマリン,牝,2,54.0,412,0,橋本直,牛房榮,,2,1:33.1,39.8,4-3-3-2,6,412,0
2022/09/23,浦和,2,２歳四,1400,ダ,左,重,曇,10,8,9,イダテンターボ,牡,2,54.0,411,3,本橋孝,小久智,,3,1:33.8,40.1,6-5-4-3,1,411,3
2022/09/23,浦和,2,２歳四,1400,ダ,左,重,曇,10,3,3,ユウユウプレシャス,牝,2,51.0,392,-7,室陽一,横山保,,4,1:34.7,40.4,7-7-6-5,8,392,-7
2022/09/23,浦和,2,２歳四,1400,ダ,左,重,曇,10,5,5,シェナカンザシ,牝,2,54.0,465,0,保園翔,山越光,,5,1:35.2,40.4,9-9-9-7,3,465,0
2022/09/23,浦和,2,２歳四,1400,ダ,左,重,曇,10,6,6,ルーシースカイ,牝,2,53.0,458,-8,古岡勇,伊藤滋,,6,1:35.3,40.8,10-10-7-9,2,458,-8
2022/09/23,浦和,2,２歳四,1400,ダ,左,重,曇,10,8,10,カシノビジン,牝,2,54.0,409,6,見越彬,野口寛,,7,1:35.5,41.0,8-8-8-8,7,409,6
2022/09/23,浦和,2,２歳四,1400,ダ,左,重,曇,10,4,4,ユウユウピッコラ,牝,2,50.0,415,-2,中島良,横山保,,8,1:35.9,43.0,2-2-2-4,10,415,-2
2022/09/23,浦和,2,２歳四,1400,ダ,左,重,曇,10,7,7,カシノクインダム,牝,2,54.0,450,-3,秋元耕,鹿沼和,,9,1:36.2,42.7,3-4-5-6,9,450,-3
2022/09/23,浦和,2,２歳四,1400,ダ,左,重,曇,10,7,8,ノーブルエフォート,牝,2,54.0,483,-1,福原杏,水野貴,,10,1:39.1,44.5,5-6-10-10,4,483,-1
2022/09/23,浦和,3,浦和８００ラウンド３歳選抜馬,800,ダ,左,重,曇,12,7,10,アルゴル,牡,3,56.0,477,7,森泰斗,箕輪武,,1,0:48.4,35.9,1-1,3,477,7
2022/09/23,浦和,3,浦和８００ラウンド３歳選抜馬,800,ダ,左,重,曇,12,2,2,カシノリカバリー,牝,3,54.0,478,5,山崎誠,野口寛,,2,0:48.5,35.7,3-2,6,478,5
2022/09/23,浦和,3,浦和８００ラウンド３歳選抜馬,800,ダ,左,重,曇,12,8,12,ユウユウピクニック,牝,3,50.0,412,0,中島良,横山保,,3,0:48.9,36.2,2-3,8,412,0
2022/09/23,浦和,3,浦和８００ラウンド３歳選抜馬,800,ダ,左,重,曇,12,6,7,ミネヴィーノ,牝,3,54.0,457,3,福原杏,小澤宏,,4,0:49.1,36.3,4-4,4,457,3
2022/09/23,浦和,3,浦和８００ラウンド３歳選抜馬,800,ダ,左,重,曇,12,3,3,キセガワ,牝,3,50.0,462,3,小林捺,長谷忍,,5,0:49.3,36.4,7-5,1,462,3
2022/09/23,浦和,3,浦和８００ラウンド３歳選抜馬,800,ダ,左,重,曇,12,1,1,ネーレウス,牡,3,56.0,470,0,櫻井光,酒井一,,6,0:49.5,36.1,9-7,11,470,0
2022/09/23,浦和,3,浦和８００ラウンド３歳選抜馬,800,ダ,左,重,曇,12,8,11,ファインファン,牝,3,51.0,460,4,室陽一,小久智,,7,0:49.5,36.1,8-9,7,460,4
2022/09/23,浦和,3,浦和８００ラウンド３歳選抜馬,800,ダ,左,重,曇,12,6,8,タイコネン,牝,3,54.0,467,11,秋元耕,水野貴,,8,0:49.6,36.7,6-6,5,467,11
2022/09/23,浦和,3,浦和８００ラウンド３歳選抜馬,800,ダ,左,重,曇,12,5,5,マウコノミタマ,牡,3,56.0,482,3,伊藤裕,藤原智,,9,0:50.2,36.7,11-11,12,482,3
2022/09/23,浦和,3,浦和８００ラウンド３歳選抜馬,800,ダ,左,重,曇,12,7,9,キネンビ,牝,3,54.0,446,-9,岡田大,薮口一,,10,0:50.2,37.2,5-8,9,446,-9
2022/09/23,浦和,3,浦和８００ラウンド３歳選抜馬,800,ダ,左,重,曇,12,5,6,サマーデライト,牝,3,54.0,430,0,高橋哲,牛房榮,,11,0:50.5,36.5,12-12,10,430,0
2022/09/23,浦和,3,浦和８００ラウンド３歳選抜馬,800,ダ,左,重,曇,12,4,4,アイカーニバル,牝,3,54.0,482,-4,吉留孝,岡田一,,12,0:50.6,37.4,10-10,2,482,-4
2022/09/23,浦和,4,３歳六選抜馬イ,1400,ダ,左,重,曇,10,8,9,ニシノロゼ,牝,3,51.0,453,15,室陽一,小澤宏,,1,1:31.4,40.6,4-4-2-1,1,453,15
2022/09/23,浦和,4,３歳六選抜馬イ,1400,ダ,左,重,曇,10,4,4,クラッシュタイム,牡,3,56.0,482,2,吉留孝,横山保,,2,1:32.5,42.0,1-1-1-2,2,482,2
2022/09/23,浦和,4,３歳六選抜馬イ,1400,ダ,左,重,曇,10,6,6,ポンテビアンカ,牝,3,54.0,458,-3,半澤慶,工藤伸,,3,1:32.9,41.2,6-6-5-3,3,458,-3
2022/09/23,浦和,4,３歳六選抜馬イ,1400,ダ,左,重,曇,10,3,3,サヨノシルバーズ,牡,3,56.0,487,24,増田充,工藤伸,,4,1:33.2,42.0,3-3-4-5,5,487,24
2022/09/23,浦和,4,３歳六選抜馬イ,1400,ダ,左,重,曇,10,7,8,フォワデジー,牡,3,56.0,496,0,福原杏,薮口一,,5,1:33.4,41.6,8-7-6-6,4,496,0
2022/09/23,浦和,4,３歳六選抜馬イ,1400,ダ,左,重,曇,10,7,7,シェナマジック,牡,3,56.0,433,4,國分祐,冨田敏,,6,1:33.9,41.5,9-8-8-8,8,433,4
2022/09/23,浦和,4,３歳六選抜馬イ,1400,ダ,左,重,曇,10,2,2,プレストイーグル,牡,3,56.0,474,-3,小杉亮,繁田健,,7,1:34.2,43.4,2-2-3-4,7,474,-3
2022/09/23,浦和,4,３歳六選抜馬イ,1400,ダ,左,重,曇,10,5,5,エスケイキャサリン,牝,3,54.0,456,-1,岡田大,薮口一,,8,1:34.3,42.5,5-5-7-7,9,456,-1
2022/09/23,浦和,4,３歳六選抜馬イ,1400,ダ,左,重,曇,10,8,10,フィラーズ,牡,3,56.0,465,10,臼井健,小久智,,9,1:34.6,42.2,7-9-9-9,6,465,10
2022/09/23,浦和,4,３歳六選抜馬イ,1400,ダ,左,重,曇,10,1,1,ヒナマル,牝,3,53.0,422,3,七夕裕,長谷忍,,10,1:37.8,44.9,10-10-10-10,10,422,3
2022/09/23,浦和,5,エキサイティングリレーｉｎ浦和賞３歳六選,1400,ダ,左,重,曇,9,4,4,ウインプロヴァンス,牡,3,53.0,504,-7,室陽一,工藤伸,,1,1:29.9,39.6,1-1-1-1,6,504,-7
2022/09/23,浦和,5,エキサイティングリレーｉｎ浦和賞３歳六選,1400,ダ,左,重,曇,9,2,2,アマゴ,牝,3,54.0,461,10,秋元耕,水野貴,,2,1:30.8,39.9,3-4-4-3,4,461,10
2022/09/23,浦和,5,エキサイティングリレーｉｎ浦和賞３歳六選,1400,ダ,左,重,曇,9,8,9,ギャラクシーセブン,牡,3,56.0,452,-8,左海誠,小久智,,3,1:31.5,41.1,4-3-2-2,3,452,-8
2022/09/23,浦和,5,エキサイティングリレーｉｎ浦和賞３歳六選,1400,ダ,左,重,曇,9,8,8,アトラクティッド,牝,3,54.0,431,-5,本橋孝,工藤伸,,4,1:31.8,40.0,7-8-7-7,5,431,-5
2022/09/23,浦和,5,エキサイティングリレーｉｎ浦和賞３歳六選,1400,ダ,左,重,曇,9,5,5,パンケーキ,牝,3,54.0,438,-12,山崎誠,平山真,,5,1:32.4,40.4,9-9-9-8,7,438,-12
2022/09/23,浦和,5,エキサイティングリレーｉｎ浦和賞３歳六選,1400,ダ,左,重,曇,9,1,1,ハルノトゥーリ,牝,3,54.0,473,2,吉留孝,薮口一,,6,1:32.5,41.0,6-6-6-5,8,473,2
2022/09/23,浦和,5,エキサイティングリレーｉｎ浦和賞３歳六選,1400,ダ,左,重,曇,9,7,7,スパイツァック,牝,3,54.0,460,7,森泰斗,宇野博,,7,1:32.5,42.1,2-2-3-4,1,460,7
2022/09/23,浦和,5,エキサイティングリレーｉｎ浦和賞３歳六選,1400,ダ,左,重,曇,9,6,6,サンボールダー,牝,3,54.0,474,4,保園翔,川村守,,8,1:33.2,42.1,5-5-5-6,2,474,4
2022/09/23,浦和,5,エキサイティングリレーｉｎ浦和賞３歳六選,1400,ダ,左,重,曇,9,3,3,サリヴァン,牝,3,51.0,462,1,野畑凌,小澤宏,,9,1:34.2,42.4,8-7-8-9,9,462,1
2022/09/23,浦和,6,Ｃ３二 三,1500,ダ,左,稍重,曇,10,8,9,プランタンヴェール,牝,6,54.0,525,5,橋本直,平山真,,1,1:39.2,40.3,1-1-1-1,2,525,5
2022/09/23,浦和,6,Ｃ３二 三,1500,ダ,左,稍重,曇,10,7,7,マリアフィナーレ,牝,5,53.0,441,0,七夕裕,小林真,,2,1:39.2,40.0,3-3-3-2,6,441,0
2022/09/23,浦和,6,Ｃ３二 三,1500,ダ,左,稍重,曇,10,2,2,オールドボンバー,牡,6,56.0,475,0,見越彬,横山保,,3,1:39.4,39.9,4-5-4-5,5,475,0
2022/09/23,浦和,6,Ｃ３二 三,1500,ダ,左,稍重,曇,10,8,10,コウユープリティー,牝,4,54.0,448,-6,福原杏,宇野博,,4,1:39.5,39.7,6-6-6-6,1,448,-6
2022/09/23,浦和,6,Ｃ３二 三,1500,ダ,左,稍重,曇,10,3,3,ピカレスクスマイル,牡,6,56.0,459,-4,増田充,佐々仁,,5,1:39.6,39.6,7-7-8-7,4,459,-4
2022/09/23,浦和,6,Ｃ３二 三,1500,ダ,左,稍重,曇,10,1,1,スプリングネージュ,牝,4,54.0,418,-7,赤津和,川村守,,6,1:39.6,40.1,5-4-5-4,8,418,-7
2022/09/23,浦和,6,Ｃ３二 三,1500,ダ,左,稍重,曇,10,5,5,ワンダーニメンソウ,牝,4,54.0,481,-3,半澤慶,鈴木勝,,7,1:40.1,41.1,2-2-2-3,7,481,-3
2022/09/23,浦和,6,Ｃ３二 三,1500,ダ,左,稍重,曇,10,7,8,ミラクルゲート,牡,8,56.0,432,-10,酒井忍,野口孝,,8,1:40.1,39.6,9-9-9-9,9,432,-10
2022/09/23,浦和,6,Ｃ３二 三,1500,ダ,左,稍重,曇,10,6,6,タイムファクター,牡,6,56.0,487,6,山崎誠,山田質,,9,1:40.8,41.0,8-8-7-8,3,487,6
2022/09/23,浦和,6,Ｃ３二 三,1500,ダ,左,稍重,曇,10,4,4,リスキーウィスキー,牡,4,56.0,486,-8,保園翔,山越光,,,,,,,486,-8
2022/09/23,浦和,7,Ｃ３二 三,1400,ダ,左,稍重,曇,10,8,9,ワンダーヘーヒスト,牡,8,56.0,464,-4,橋本直,鈴木勝,,1,1:30.3,38.5,2-2-2-2,2,464,-4
2022/09/23,浦和,7,Ｃ３二 三,1400,ダ,左,稍重,曇,10,7,7,グローリアスフィル,牝,5,54.0,477,0,左海誠,新井清,,2,1:30.5,38.7,1-1-1-1,1,477,0
2022/09/23,浦和,7,Ｃ３二 三,1400,ダ,左,稍重,曇,10,8,10,ショウイモン,牝,5,51.0,427,-9,室陽一,内野健,,3,1:31.7,39.7,3-3-3-3,4,427,-9
2022/09/23,浦和,7,Ｃ３二 三,1400,ダ,左,稍重,曇,10,3,3,カイジンビリーヴ,牡,4,56.0,525,6,高橋哲,牛房榮,,4,1:32.0,39.3,7-6-7-5,5,525,6
2022/09/23,浦和,7,Ｃ３二 三,1400,ダ,左,稍重,曇,10,5,5,ベニノエンゼル,牝,5,54.0,449,7,寺島憂,山越光,,5,1:32.0,39.6,4-4-4-4,8,449,7
2022/09/23,浦和,7,Ｃ３二 三,1400,ダ,左,稍重,曇,10,2,2,ラブリーギャル,牝,6,54.0,492,3,見越彬,海馬司,,6,1:32.2,39.2,9-9-8-6,3,492,3
2022/09/23,浦和,7,Ｃ３二 三,1400,ダ,左,稍重,曇,10,6,6,ロタツィオーネ,セ,0,56.0,473,-4,吉留孝,野口孝,,7,1:33.2,40.7,6-7-5-7,6,473,-4
2022/09/23,浦和,7,Ｃ３二 三,1400,ダ,左,稍重,曇,10,7,8,ミライヘノサイン,牝,9,54.0,450,3,岡田大,冨田敏,,8,1:33.3,40.3,8-8-9-9,10,450,3
2022/09/23,浦和,7,Ｃ３二 三,1400,ダ,左,稍重,曇,10,4,4,ジョートラジャ,牡,6,52.0,556,-7,中島良,小久智,,9,1:33.5,41.0,5-5-6-8,7,556,-7
2022/09/23,浦和,7,Ｃ３二 三,1400,ダ,左,稍重,曇,10,1,1,ラッキーアモン,牡,6,56.0,511,10,秋元耕,水野貴,,10,1:33.7,40.1,10-10-10-10,9,511,10
2022/09/23,浦和,8,日本一のポピー！こうのす花まつり賞Ｃ２八,1400,ダ,左,稍重,曇,9,1,1,リュウオウ,牡,6,53.0,475,-6,室陽一,宇野博,,1,1:31.5,40.0,8-7-5-1,3,475,-6
2022/09/23,浦和,8,日本一のポピー！こうのす花まつり賞Ｃ２八,1400,ダ,左,稍重,曇,9,4,4,サマーボーイ,牡,7,56.0,504,-3,保園翔,小久智,,2,1:31.8,40.6,7-6-3-3,5,504,-3
2022/09/23,浦和,8,日本一のポピー！こうのす花まつり賞Ｃ２八,1400,ダ,左,稍重,曇,9,6,6,フリーズオプション,牡,6,56.0,476,3,吉留孝,薮口一,,3,1:32.0,40.6,5-5-7-6,1,476,3
2022/09/23,浦和,8,日本一のポピー！こうのす花まつり賞Ｃ２八,1400,ダ,左,稍重,曇,9,3,3,フェイドハード,牡,5,56.0,506,-5,加藤和,長谷忍,,4,1:32.0,40.6,3-4-6-7,4,506,-5
2022/09/23,浦和,8,日本一のポピー！こうのす花まつり賞Ｃ２八,1400,ダ,左,稍重,曇,9,8,8,セラフィム,牝,9,54.0,444,5,半澤慶,海馬司,,5,1:32.4,41.2,1-1-2-2,8,444,5
2022/09/23,浦和,8,日本一のポピー！こうのす花まつり賞Ｃ２八,1400,ダ,左,稍重,曇,9,5,5,ツクバマリア,牝,5,54.0,471,-6,橋本直,平山真,,6,1:32.6,41.4,6-3-4-5,2,471,-6
2022/09/23,浦和,8,日本一のポピー！こうのす花まつり賞Ｃ２八,1400,ダ,左,稍重,曇,9,8,9,ブルーティアーズ,牝,5,54.0,500,-3,寺島憂,山越光,,7,1:32.7,41.5,2-2-1-4,7,500,-3
2022/09/23,浦和,8,日本一のポピー！こうのす花まつり賞Ｃ２八,1400,ダ,左,稍重,曇,9,7,7,メイショウイヤサカ,牝,6,54.0,452,-8,酒井忍,海馬司,,8,1:33.2,41.1,4-8-8-8,6,452,-8
2022/09/23,浦和,8,日本一のポピー！こうのす花まつり賞Ｃ２八,1400,ダ,左,稍重,曇,9,2,2,プロスペリティ,牝,6,54.0,467,0,國分祐,冨田敏,,9,1:35.9,43.6,9-9-9-9,9,467,0
2022/09/23,浦和,9,朝露特別Ｃ３一,1500,ダ,左,稍重,曇,11,7,8,モリデンテキーラ,牝,7,54.0,462,8,保園翔,山越光,,1,1:38.4,40.4,3-3-2-2,2,462,8
2022/09/23,浦和,9,朝露特別Ｃ３一,1500,ダ,左,稍重,曇,11,4,4,リュウノイノリ,牡,5,55.0,449,-2,古岡勇,鹿沼和,,2,1:38.4,40.4,2-2-1-1,3,449,-2
2022/09/23,浦和,9,朝露特別Ｃ３一,1500,ダ,左,稍重,曇,11,5,5,ワールドウィスラー,牡,5,56.0,460,0,高橋哲,吉田正,,3,1:39.3,40.4,8-9-9-5,6,460,0
2022/09/23,浦和,9,朝露特別Ｃ３一,1500,ダ,左,稍重,曇,11,1,1,エイシンビースト,牡,4,56.0,447,1,福原杏,薮口一,,4,1:39.3,40.5,7-7-5-3,7,447,1
2022/09/23,浦和,9,朝露特別Ｃ３一,1500,ダ,左,稍重,曇,11,8,10,トリテレイア,牝,6,54.0,408,-1,山崎誠,箕輪武,,5,1:39.4,40.8,5-5-5-6,1,408,-1
2022/09/23,浦和,9,朝露特別Ｃ３一,1500,ダ,左,稍重,曇,11,3,3,メイショウハヤナリ,牡,6,56.0,485,0,見越彬,藤原智,,6,1:40.3,42.1,4-4-3-4,8,485,0
2022/09/23,浦和,9,朝露特別Ｃ３一,1500,ダ,左,稍重,曇,11,7,9,ノースブラスト,セ,0,56.0,522,-13,森泰斗,水野貴,,7,1:40.5,40.2,11-11-11-9,4,522,-13
2022/09/23,浦和,9,朝露特別Ｃ３一,1500,ダ,左,稍重,曇,11,6,6,サンハンツビル,牝,6,54.0,468,0,秋元耕,川村守,,8,1:40.9,41.2,10-10-10-10,10,468,0
2022/09/23,浦和,9,朝露特別Ｃ３一,1500,ダ,左,稍重,曇,11,8,11,ルア,牝,8,54.0,466,-6,寺島憂,内野健,,9,1:41.4,42.6,9-8-7-7,11,466,-6
2022/09/23,浦和,9,朝露特別Ｃ３一,1500,ダ,左,稍重,曇,11,6,7,ビービーシャルト,セ,0,56.0,493,13,山中悠,玉井昇,,10,1:42.2,43.6,6-6-7-11,9,493,13
2022/09/23,浦和,9,朝露特別Ｃ３一,1500,ダ,左,稍重,曇,11,2,2,トラハト,牝,4,54.0,485,0,酒井忍,海馬司,,11,1:43.7,45.7,1-1-4-8,5,485,0
2022/09/23,浦和,10,秋遅草特別Ｃ１一,1500,ダ,左,稍重,曇,9,2,2,ネクサスエッジ,牝,5,51.0,477,-1,野畑凌,小澤宏,,1,1:35.9,38.1,1-1-1-1,2,477,-1
2022/09/23,浦和,10,秋遅草特別Ｃ１一,1500,ダ,左,稍重,曇,9,8,9,アルラ,牡,3,55.0,535,13,内田利,箕輪武,,2,1:36.1,37.9,5-5-4-4,1,535,13
2022/09/23,浦和,10,秋遅草特別Ｃ１一,1500,ダ,左,稍重,曇,9,6,6,ワンダークラドート,牡,5,56.0,469,-2,橋本直,鈴木勝,,3,1:36.9,39.1,2-2-2-2,6,469,-2
2022/09/23,浦和,10,秋遅草特別Ｃ１一,1500,ダ,左,稍重,曇,9,5,5,モリトローテローゼ,牝,6,51.0,490,0,木間龍,水野貴,,4,1:37.0,39.2,3-3-2-3,7,490,0
2022/09/23,浦和,10,秋遅草特別Ｃ１一,1500,ダ,左,稍重,曇,9,3,3,ムーランブラン,牝,6,54.0,462,0,山崎誠,藤原智,,5,1:37.9,39.5,4-4-5-5,5,462,0
2022/09/23,浦和,10,秋遅草特別Ｃ１一,1500,ダ,左,稍重,曇,9,8,8,コンアモーレ,牡,3,52.0,500,6,室陽一,宇野博,,6,1:38.0,39.6,6-6-6-6,4,500,6
2022/09/23,浦和,10,秋遅草特別Ｃ１一,1500,ダ,左,稍重,曇,9,4,4,ブレイブウォリアー,セ,0,56.0,488,5,秋元耕,酒井一,,7,1:39.5,40.6,7-7-7-7,8,488,5
2022/09/23,浦和,10,秋遅草特別Ｃ１一,1500,ダ,左,稍重,曇,9,1,1,ジェフリー,牡,4,56.0,464,7,森泰斗,薮口一,,8,1:41.1,41.7,8-8-8-8,3,464,7
2022/09/23,浦和,10,秋遅草特別Ｃ１一,1500,ダ,左,稍重,曇,9,7,7,キックフリップ,牝,3,53.0,0,0,吉留孝,野口孝,,,,,,,0,0
2022/09/23,浦和,11,秋分の日特別Ｂ２一,1400,ダ,左,稍重,曇,9,8,9,ジュネス,牝,5,54.0,500,10,左海誠,小久智,,1,1:28.4,38.9,3-2-2-2,1,500,10
2022/09/23,浦和,11,秋分の日特別Ｂ２一,1400,ダ,左,稍重,曇,9,4,4,シャイニー,牡,6,56.0,514,1,山崎誠,野口寛,,2,1:28.5,37.6,7-7-6-4,3,514,1
2022/09/23,浦和,11,秋分の日特別Ｂ２一,1400,ダ,左,稍重,曇,9,1,1,ソフィアバローズ,牝,5,54.0,446,1,加藤和,川島豊,,3,1:28.5,38.0,5-5-4-3,5,446,1
2022/09/23,浦和,11,秋分の日特別Ｂ２一,1400,ダ,左,稍重,曇,9,3,3,ミコノスフレイバー,牡,4,56.0,496,2,笠野雄,稲益貴,,4,1:28.6,39.6,1-1-1-1,2,496,2
2022/09/23,浦和,11,秋分の日特別Ｂ２一,1400,ダ,左,稍重,曇,9,5,5,アルチレイロ,セ,0,56.0,477,-6,森泰斗,山崎尋,,5,1:29.4,38.2,9-9-9-7,4,477,-6
2022/09/23,浦和,11,秋分の日特別Ｂ２一,1400,ダ,左,稍重,曇,9,6,6,マイネルカガヤキ,牡,5,56.0,511,4,橋本直,平山真,,6,1:29.6,38.7,8-8-8-8,6,511,4
2022/09/23,浦和,11,秋分の日特別Ｂ２一,1400,ダ,左,稍重,曇,9,7,7,ハクサンホーリー,牝,5,54.0,417,-4,本橋孝,森　始,,7,1:29.7,39.4,4-4-5-6,7,417,-4
2022/09/23,浦和,11,秋分の日特別Ｂ２一,1400,ダ,左,稍重,曇,9,2,2,カミノアカネ,牝,5,53.0,469,6,七夕裕,岡田一,,8,1:29.8,39.9,2-2-3-5,8,469,6
2022/09/23,浦和,11,秋分の日特別Ｂ２一,1400,ダ,左,稍重,曇,9,8,8,シェナブライト,牡,4,56.0,526,7,吉留孝,山越光,,9,1:31.2,40.5,6-6-7-9,9,526,7
2022/09/23,浦和,12,秋桜特別Ｃ２二,1400,ダ,左,稍重,曇,11,8,10,アンタルクティクス,牡,5,53.0,496,-6,室陽一,内野健,,1,1:30.7,39.0,3-3-3-1,1,496,-6
2022/09/23,浦和,12,秋桜特別Ｃ２二,1400,ダ,左,稍重,曇,11,3,3,ルージュカプリス,牝,5,54.0,435,5,加藤和,長谷忍,,2,1:30.9,39.0,4-5-4-4,2,435,5
2022/09/23,浦和,12,秋桜特別Ｃ２二,1400,ダ,左,稍重,曇,11,4,4,ピオレドール,牡,7,56.0,476,-4,福原杏,横山保,,3,1:31.4,39.3,6-8-6-5,6,476,-4
2022/09/23,浦和,12,秋桜特別Ｃ２二,1400,ダ,左,稍重,曇,11,2,2,ピノモラーン,牡,4,56.0,481,-2,山崎誠,野口孝,,4,1:31.8,39.2,9-11-11-6,9,481,-2
2022/09/23,浦和,12,秋桜特別Ｃ２二,1400,ダ,左,稍重,曇,11,7,8,サフランポケット,牡,4,56.0,489,10,森泰斗,平山真,,5,1:32.0,40.3,2-2-1-2,3,489,10
2022/09/23,浦和,12,秋桜特別Ｃ２二,1400,ダ,左,稍重,曇,11,8,11,アンシミラー,牡,5,56.0,469,7,岡田大,薮口一,,6,1:32.2,40.1,7-7-10-10,10,469,7
2022/09/23,浦和,12,秋桜特別Ｃ２二,1400,ダ,左,稍重,曇,11,1,1,メディアジャッカル,牝,4,54.0,447,2,橋本直,内野健,,7,1:32.4,40.5,11-10-5-7,11,447,2
2022/09/23,浦和,12,秋桜特別Ｃ２二,1400,ダ,左,稍重,曇,11,6,6,ホシプリンセス,牝,4,54.0,507,7,櫻井光,酒井一,,8,1:32.4,40.7,1-1-2-3,8,507,7
2022/09/23,浦和,12,秋桜特別Ｃ２二,1400,ダ,左,稍重,曇,11,7,9,サーブルルミエール,牡,5,56.0,454,2,酒井忍,山崎尋,,9,1:32.5,40.4,5-6-9-8,4,454,2
2022/09/23,浦和,12,秋桜特別Ｃ２二,1400,ダ,左,稍重,曇,11,6,7,ウインカーマイン,牡,6,56.0,457,2,秋元耕,川島豊,,10,1:32.6,40.7,10-4-7-9,7,457,2
2022/09/23,浦和,12,秋桜特別Ｃ２二,1400,ダ,左,稍重,曇,11,5,5,マイアミヒーロー,セ,0,56.0,492,0,吉留孝,小久智,,11,1:32.7,40.6,8-9-7-11,5,492,0
2022/10/17,浦和,1,ドリームチャレンジ２歳新馬イ,1400,ダ,左,重,曇,6,2,2,クラスヴァンクル,牡,2,55.0,0,0,森泰斗,薮口一,,1,1:34.1,41.2,1-1-1-1,1,0,0
2022/10/17,浦和,1,ドリームチャレンジ２歳新馬イ,1400,ダ,左,重,曇,6,4,4,ロックフレイバー,牡,2,55.0,0,0,保園翔,繁田健,,2,1:34.3,41.0,5-5-3-2,2,0,0
2022/10/17,浦和,1,ドリームチャレンジ２歳新馬イ,1400,ダ,左,重,曇,6,6,6,カルリーヌ,牝,2,54.0,0,0,福原杏,野口寛,,3,1:35.4,42.1,2-3-4-4,3,0,0
2022/10/17,浦和,1,ドリームチャレンジ２歳新馬イ,1400,ダ,左,重,曇,6,5,5,プリンスオーソ,牡,2,55.0,0,0,加藤和,長谷忍,,4,1:35.7,42.8,3-2-2-3,4,0,0
2022/10/17,浦和,1,ドリームチャレンジ２歳新馬イ,1400,ダ,左,重,曇,6,3,3,ゴルディッヒ,牝,2,54.0,0,0,半澤慶,海馬司,,5,1:37.8,44.2,4-4-5-5,6,0,0
2022/10/17,浦和,1,ドリームチャレンジ２歳新馬イ,1400,ダ,左,重,曇,6,1,1,アルコノテン,牝,2,54.0,0,0,赤津和,箕輪武,,6,1:39.7,45.6,6-6-6-6,5,0,0
2022/10/17,浦和,2,ドリームチャレンジ２歳新馬ア,1400,ダ,左,重,曇,7,5,5,ステラータアイズ,牝,2,54.0,0,0,左海誠,小久智,,1,1:34.0,40.5,2-2-1-1,2,0,0
2022/10/17,浦和,2,ドリームチャレンジ２歳新馬ア,1400,ダ,左,重,曇,7,7,7,ヌーベルタイガー,牡,2,55.0,0,0,藤江渉,工藤伸,,2,1:34.5,40.8,3-3-2-2,1,0,0
2022/10/17,浦和,2,ドリームチャレンジ２歳新馬ア,1400,ダ,左,重,曇,7,2,2,ワンダーシデン,牡,2,52.0,0,0,室陽一,鈴木勝,,3,1:34.9,40.0,6-6-6-4,7,0,0
2022/10/17,浦和,2,ドリームチャレンジ２歳新馬ア,1400,ダ,左,重,曇,7,4,4,エドノスマイル,牡,2,55.0,0,0,酒井忍,宇野博,,4,1:35.3,39.0,7-7-7-6,3,0,0
2022/10/17,浦和,2,ドリームチャレンジ２歳新馬ア,1400,ダ,左,重,曇,7,1,1,ドリームダンス,牝,2,54.0,0,0,福原杏,水野貴,,5,1:36.1,42.0,5-5-4-5,5,0,0
2022/10/17,浦和,2,ドリームチャレンジ２歳新馬ア,1400,ダ,左,重,曇,7,3,3,ミラクルアーサー,牡,2,55.0,0,0,秋元耕,岡田一,,6,1:36.2,42.8,1-1-3-3,6,0,0
2022/10/17,浦和,2,ドリームチャレンジ２歳新馬ア,1400,ダ,左,重,曇,7,6,6,ビナダナン,牝,2,54.0,0,0,保園翔,酒井一,,7,1:38.0,43.7,4-4-5-7,4,0,0
2022/10/17,浦和,3,Ｃ３七 八,1400,ダ,左,重,雨,10,1,1,ヤマトフェニックス,牝,6,54.0,472,1,藤江渉,山田質,,1,1:33.0,40.5,1-1-1-1,2,472,1
2022/10/17,浦和,3,Ｃ３七 八,1400,ダ,左,重,雨,10,3,3,ゴーオンザステージ,牝,7,54.0,432,13,山崎誠,平山真,,2,1:34.3,41.0,5-5-4-3,1,432,13
2022/10/17,浦和,3,Ｃ３七 八,1400,ダ,左,重,雨,10,4,4,イダテン,牡,7,56.0,448,-1,櫻井光,原三男,,3,1:34.8,40.9,8-8-8-5,7,448,-1
2022/10/17,浦和,3,Ｃ３七 八,1400,ダ,左,重,雨,10,2,2,コウエイダイチ,牡,8,53.0,466,14,室陽一,吉田正,,4,1:35.0,42.1,3-3-2-2,5,466,14
2022/10/17,浦和,3,Ｃ３七 八,1400,ダ,左,重,雨,10,5,5,パレスギガント,牡,6,55.0,485,4,七夕裕,長谷忍,,5,1:35.4,41.8,7-7-7-4,3,485,4
2022/10/17,浦和,3,Ｃ３七 八,1400,ダ,左,重,雨,10,8,10,クラムチャウダー,牡,7,56.0,458,0,増田充,田島寿,,6,1:35.8,42.3,6-6-6-8,4,458,0
2022/10/17,浦和,3,Ｃ３七 八,1400,ダ,左,重,雨,10,7,7,ナンセイエメラルド,牝,6,54.0,446,3,赤津和,山越光,,7,1:35.8,42.5,4-4-5-6,8,446,3
2022/10/17,浦和,3,Ｃ３七 八,1400,ダ,左,重,雨,10,6,6,アールレアル,セ,0,56.0,439,-3,保園翔,川村守,,8,1:35.9,41.2,9-9-10-9,10,439,-3
2022/10/17,浦和,3,Ｃ３七 八,1400,ダ,左,重,雨,10,7,8,トーセンレオ,牡,7,56.0,558,-3,橋本直,川村守,,9,1:35.9,41.2,10-10-9-10,9,558,-3
2022/10/17,浦和,3,Ｃ３七 八,1400,ダ,左,重,雨,10,8,9,ツーエムポラリス,牡,7,56.0,475,-6,澤田龍,鈴木勝,,10,1:36.0,43.1,2-2-3-7,6,475,-6
2022/10/17,浦和,4,特選３歳二,1500,ダ,左,重,雨,8,7,7,キタノロッキー,牡,3,56.0,438,-5,本橋孝,石井勝,,1,1:37.5,39.5,2-1-1-1,1,438,-5
2022/10/17,浦和,4,特選３歳二,1500,ダ,左,重,雨,8,6,6,クラッシュタイム,牡,3,56.0,476,-6,吉留孝,横山保,,2,1:39.3,41.3,1-1-2-2,5,476,-6
2022/10/17,浦和,4,特選３歳二,1500,ダ,左,重,雨,8,8,8,アトラクティッド,牝,3,54.0,424,-7,笹川翼,工藤伸,,3,1:39.7,41.2,5-3-3-3,3,424,-7
2022/10/17,浦和,4,特選３歳二,1500,ダ,左,重,雨,8,5,5,マヘアラニ,牝,3,51.0,462,-1,室陽一,酒井一,,4,1:40.6,41.7,3-4-4-4,7,462,-1
2022/10/17,浦和,4,特選３歳二,1500,ダ,左,重,雨,8,4,4,シェナハート,牝,3,54.0,414,1,國分祐,冨田敏,,5,1:40.8,41.4,6-6-6-6,8,414,1
2022/10/17,浦和,4,特選３歳二,1500,ダ,左,重,雨,8,3,3,アストロメアリー,牝,3,50.0,396,1,中島良,長谷忍,,6,1:40.8,41.4,7-7-7-5,6,396,1
2022/10/17,浦和,4,特選３歳二,1500,ダ,左,重,雨,8,1,1,サヨノミニスター,牡,3,56.0,460,-8,増田充,工藤伸,,7,1:41.7,42.2,8-8-8-7,4,460,-8
2022/10/17,浦和,4,特選３歳二,1500,ダ,左,重,雨,8,2,2,ヨドノホマレ,牡,3,56.0,488,10,福原杏,平山真,,,,,4-5-5-8,2,488,10
2022/10/17,浦和,5,Ｃ３七 八,1400,ダ,左,重,雨,12,8,12,プリートソリード,牝,6,54.0,493,-5,福原杏,八木仁,,1,1:32.1,39.6,3-3-2-2,3,493,-5
2022/10/17,浦和,5,Ｃ３七 八,1400,ダ,左,重,雨,12,5,5,ロッカーモーション,牝,6,54.0,494,-5,橋本直,内野健,,2,1:32.4,39.8,4-4-4-3,2,494,-5
2022/10/17,浦和,5,Ｃ３七 八,1400,ダ,左,重,雨,12,6,8,ケイサンホイミ,牝,8,51.0,466,4,木間龍,新井清,,3,1:32.9,40.6,1-1-1-1,1,466,4
2022/10/17,浦和,5,Ｃ３七 八,1400,ダ,左,重,雨,12,7,10,クオーレカルド,牝,7,51.0,445,1,野畑凌,内田勝,,4,1:33.4,40.9,2-2-3-4,4,445,1
2022/10/17,浦和,5,Ｃ３七 八,1400,ダ,左,重,雨,12,8,11,スパークルガール,牝,6,51.0,432,0,室陽一,長谷忍,,5,1:33.7,40.8,6-5-5-5,5,432,0
2022/10/17,浦和,5,Ｃ３七 八,1400,ダ,左,重,雨,12,5,6,ユウユウリアン,牡,6,56.0,438,5,吉留孝,横山保,,6,1:33.7,40.8,5-5-6-6,6,438,5
2022/10/17,浦和,5,Ｃ３七 八,1400,ダ,左,重,雨,12,1,1,ユメツクシ,牝,6,54.0,491,-1,加藤和,長谷忍,,7,1:33.9,40.5,7-7-8-7,8,491,-1
2022/10/17,浦和,5,Ｃ３七 八,1400,ダ,左,重,雨,12,3,3,チェンマイルージュ,牝,6,54.0,462,-5,保園翔,鈴木勝,,8,1:33.9,40.7,11-9-7-8,7,462,-5
2022/10/17,浦和,5,Ｃ３七 八,1400,ダ,左,重,雨,12,4,4,ネオエンジェル,牝,6,54.0,433,4,國分祐,冨田敏,,9,1:33.9,39.5,9-10-10-9,10,433,4
2022/10/17,浦和,5,Ｃ３七 八,1400,ダ,左,重,雨,12,6,7,リゼイエロー,牝,5,50.0,490,4,中島良,川島豊,,10,1:35.0,41.2,8-8-9-10,9,490,4
2022/10/17,浦和,5,Ｃ３七 八,1400,ダ,左,重,雨,12,7,9,リアンサミット,牝,4,54.0,383,5,増田充,田島寿,,11,1:36.4,40.0,12-12-12-11,11,383,5
2022/10/17,浦和,5,Ｃ３七 八,1400,ダ,左,重,雨,12,2,2,アストラルブレイズ,牝,5,54.0,504,9,見越彬,小林真,,12,1:36.4,40.4,10-11-11-12,11,504,9
2022/10/17,浦和,6,特選３歳一,1400,ダ,左,重,雨,11,3,3,アマゴ,牝,3,54.0,450,-1,今野忠,箕輪武,,1,1:31.1,40.1,1-1-1-1,1,450,-1
2022/10/17,浦和,6,特選３歳一,1400,ダ,左,重,雨,11,2,2,ハマーフェイス,牡,3,56.0,449,4,山中悠,玉井昇,,2,1:32.1,40.6,4-4-4-3,2,449,4
2022/10/17,浦和,6,特選３歳一,1400,ダ,左,重,雨,11,7,8,ブルーインサニティ,牡,3,56.0,522,9,笹川翼,小澤宏,,3,1:32.4,41.4,2-2-2-2,4,522,9
2022/10/17,浦和,6,特選３歳一,1400,ダ,左,重,雨,11,7,9,クレールアヴニール,牝,3,54.0,456,4,吉留孝,野口孝,,4,1:32.6,41.3,3-3-3-4,3,456,4
2022/10/17,浦和,6,特選３歳一,1400,ダ,左,重,雨,11,6,7,コマルナディケイド,牝,3,53.0,508,-4,池谷匠,林隆之,,5,1:32.8,40.5,9-9-5-5,5,508,-4
2022/10/17,浦和,6,特選３歳一,1400,ダ,左,重,雨,11,1,1,ニシノマンテン,牡,3,56.0,445,8,加藤和,川島豊,,6,1:33.4,41.3,5-6-5-6,11,445,8
2022/10/17,浦和,6,特選３歳一,1400,ダ,左,重,雨,11,5,5,プリマリー,牝,3,54.0,443,2,町田直,水野貴,,7,1:33.6,41.3,8-7-8-8,6,443,2
2022/10/17,浦和,6,特選３歳一,1400,ダ,左,重,雨,11,6,6,シェナノララ,牝,3,54.0,440,7,國分祐,冨田敏,,8,1:34.0,40.5,10-11-11-10,8,440,7
2022/10/17,浦和,6,特選３歳一,1400,ダ,左,重,雨,11,8,10,シェナコロネ,牝,3,54.0,485,3,岡田大,冨田敏,,9,1:34.0,41.9,6-5-7-7,9,485,3
2022/10/17,浦和,6,特選３歳一,1400,ダ,左,重,雨,11,4,4,ヤクライローズ,牝,3,54.0,442,4,橋本直,鹿沼和,,10,1:34.0,41.5,7-8-9-9,7,442,4
2022/10/17,浦和,6,特選３歳一,1400,ダ,左,重,雨,11,8,11,シェナコブシ,牡,3,56.0,491,0,秋元耕,吉田正,,11,1:34.6,41.3,11-10-10-11,10,491,0
2022/10/17,浦和,7,浦和８００ラウンドＣ２選抜馬イ,800,ダ,左,重,雨,12,8,12,デザートムーン,牝,5,54.0,480,7,森泰斗,齊藤敏,,1,0:48.1,35.9,1-1,2,480,7
2022/10/17,浦和,7,浦和８００ラウンドＣ２選抜馬イ,800,ダ,左,重,雨,12,4,4,ジョーアヤメ,牝,4,54.0,461,1,本橋孝,小久智,,2,0:48.4,35.8,2-2,1,461,1
2022/10/17,浦和,7,浦和８００ラウンドＣ２選抜馬イ,800,ダ,左,重,雨,12,5,6,シルヴァーイーグル,牡,6,56.0,532,0,藤江渉,岡田一,,3,0:48.8,36.2,4-3,6,532,0
2022/10/17,浦和,7,浦和８００ラウンドＣ２選抜馬イ,800,ダ,左,重,雨,12,2,2,カゲカツ,牡,8,56.0,523,7,橋本直,長谷忍,,4,0:48.9,36.5,3-4,5,523,7
2022/10/17,浦和,7,浦和８００ラウンドＣ２選抜馬イ,800,ダ,左,重,雨,12,8,11,メモリアルクイーン,牝,5,51.0,452,1,野畑凌,小澤宏,,5,0:49.2,36.4,5-5,3,452,1
2022/10/17,浦和,7,浦和８００ラウンドＣ２選抜馬イ,800,ダ,左,重,雨,12,3,3,カンノンショウ,牡,4,56.0,448,-2,寺島憂,箕輪武,,6,0:49.6,36.5,6-6,11,448,-2
2022/10/17,浦和,7,浦和８００ラウンドＣ２選抜馬イ,800,ダ,左,重,雨,12,7,9,ツクバフタツボシ,牝,5,54.0,489,2,赤津和,山越光,,7,0:49.9,36.2,9-8,8,489,2
2022/10/17,浦和,7,浦和８００ラウンドＣ２選抜馬イ,800,ダ,左,重,雨,12,7,10,ノーブルゲート,牡,4,56.0,501,-2,藤本現,八木仁,,8,0:49.9,36.4,8-10,4,501,-2
2022/10/17,浦和,7,浦和８００ラウンドＣ２選抜馬イ,800,ダ,左,重,雨,12,1,1,ジェームス,牡,8,56.0,501,-3,半澤慶,川島豊,,9,0:50.0,36.5,9-7,9,501,-3
2022/10/17,浦和,7,浦和８００ラウンドＣ２選抜馬イ,800,ダ,左,重,雨,12,5,5,エスポワールフレア,牝,3,54.0,453,-1,見越彬,野口寛,,10,0:50.2,36.9,11-11,7,453,-1
2022/10/17,浦和,7,浦和８００ラウンドＣ２選抜馬イ,800,ダ,左,重,雨,12,6,7,フィシェ,牝,4,51.0,461,12,室陽一,酒井一,,11,0:50.5,37.5,7-9,10,461,12
2022/10/17,浦和,7,浦和８００ラウンドＣ２選抜馬イ,800,ダ,左,重,雨,12,6,8,プロスペリティ,牝,6,54.0,473,6,國分祐,冨田敏,,12,0:51.0,36.8,12-12,12,473,6
2022/10/17,浦和,8,城下町岩槻　鷹狩り行列賞Ｃ２選抜馬ア,800,ダ,左,重,雨,12,8,12,ノビーノヒカリ,牝,4,54.0,517,9,秋元耕,川島豊,,1,0:48.2,36.0,1-1,5,517,9
2022/10/17,浦和,8,城下町岩槻　鷹狩り行列賞Ｃ２選抜馬ア,800,ダ,左,重,雨,12,8,11,ビーナスオーキッド,牝,4,54.0,487,0,伊藤裕,平田正,,2,0:48.9,36.4,4-2,11,487,0
2022/10/17,浦和,8,城下町岩槻　鷹狩り行列賞Ｃ２選抜馬ア,800,ダ,左,重,雨,12,3,3,ニシノイルマーレ,牝,4,54.0,493,-2,吉留孝,冨田敏,,3,0:49.1,36.2,5-4,8,493,-2
2022/10/17,浦和,8,城下町岩槻　鷹狩り行列賞Ｃ２選抜馬ア,800,ダ,左,重,雨,12,7,10,クウェンヤ,牝,4,54.0,403,-2,町田直,工藤伸,,4,0:49.3,36.8,2-3,1,403,-2
2022/10/17,浦和,8,城下町岩槻　鷹狩り行列賞Ｃ２選抜馬ア,800,ダ,左,重,雨,12,5,5,キセガワ,牝,3,51.0,452,-10,室陽一,長谷忍,,5,0:49.3,36.8,6-7,2,452,-10
2022/10/17,浦和,8,城下町岩槻　鷹狩り行列賞Ｃ２選抜馬ア,800,ダ,左,重,雨,12,6,7,スターシード,牡,7,56.0,495,-3,藤江渉,酒井一,,6,0:49.4,36.5,8-8,9,495,-3
2022/10/17,浦和,8,城下町岩槻　鷹狩り行列賞Ｃ２選抜馬ア,800,ダ,左,重,雨,12,6,8,ユウユウピクニック,牝,3,50.0,412,0,中島良,横山保,,7,0:49.6,37.3,3-5,7,412,0
2022/10/17,浦和,8,城下町岩槻　鷹狩り行列賞Ｃ２選抜馬ア,800,ダ,左,重,雨,12,1,1,トレメルヴェーユ,牝,3,54.0,446,-1,本田重,新井清,,8,0:49.7,37.2,7-6,3,446,-1
2022/10/17,浦和,8,城下町岩槻　鷹狩り行列賞Ｃ２選抜馬ア,800,ダ,左,重,雨,12,4,4,ファンファン,牡,5,56.0,467,15,赤津和,箕輪武,,9,0:49.7,36.8,10-9,12,467,15
2022/10/17,浦和,8,城下町岩槻　鷹狩り行列賞Ｃ２選抜馬ア,800,ダ,左,重,雨,12,7,9,ヤベゴースイート,牝,4,54.0,426,-4,實川純,佐々清,,10,0:49.7,36.2,12-11,10,426,-4
2022/10/17,浦和,8,城下町岩槻　鷹狩り行列賞Ｃ２選抜馬ア,800,ダ,左,重,雨,12,5,6,ミネヴィーノ,牝,3,54.0,453,-4,福原杏,小澤宏,,11,0:49.8,37.1,9-10,4,453,-4
2022/10/17,浦和,8,城下町岩槻　鷹狩り行列賞Ｃ２選抜馬ア,800,ダ,左,重,雨,12,2,2,イデアグリーン,牝,3,53.0,434,8,七夕裕,岡田一,,12,0:50.0,36.9,11-12,6,434,8
2022/10/17,浦和,9,東京に一番近い町　三芳賞Ｃ１五,1400,ダ,左,重,雨,9,7,7,ツーシャドー,牝,3,54.0,484,-10,森泰斗,小澤宏,,1,1:28.4,38.2,1-1-1-1,1,484,-10
2022/10/17,浦和,9,東京に一番近い町　三芳賞Ｃ１五,1400,ダ,左,重,雨,9,6,6,トーセンレガシー,牡,5,56.0,510,2,本田重,川島一,,2,1:29.1,38.7,3-3-2-2,2,510,2
2022/10/17,浦和,9,東京に一番近い町　三芳賞Ｃ１五,1400,ダ,左,重,雨,9,3,3,ヘーベー,牝,4,54.0,473,0,和田譲,宇野博,,3,1:30.4,38.8,9-9-8-6,8,473,0
2022/10/17,浦和,9,東京に一番近い町　三芳賞Ｃ１五,1400,ダ,左,重,雨,9,8,8,ナツハヨル,牝,4,54.0,445,2,福原杏,横山保,,4,1:30.4,40.1,2-2-2-3,4,445,2
2022/10/17,浦和,9,東京に一番近い町　三芳賞Ｃ１五,1400,ダ,左,重,雨,9,1,1,ハートロック,セ,0,56.0,499,-2,岡村健,岡林光,,5,1:30.5,39.7,5-4-4-4,3,499,-2
2022/10/17,浦和,9,東京に一番近い町　三芳賞Ｃ１五,1400,ダ,左,重,雨,9,5,5,デルマジザイ,牡,4,56.0,456,2,藤江渉,工藤伸,,6,1:30.9,39.7,8-7-5-5,5,456,2
2022/10/17,浦和,9,東京に一番近い町　三芳賞Ｃ１五,1400,ダ,左,重,雨,9,4,4,スティールマドンナ,牝,4,54.0,471,6,山崎誠,藤原智,,7,1:33.1,41.3,7-8-9-9,6,471,6
2022/10/17,浦和,9,東京に一番近い町　三芳賞Ｃ１五,1400,ダ,左,重,雨,9,8,9,イチジン,牡,5,56.0,452,-2,加藤和,長谷忍,,8,1:33.9,42.7,4-6-7-7,7,452,-2
2022/10/17,浦和,9,東京に一番近い町　三芳賞Ｃ１五,1400,ダ,左,重,雨,9,2,2,マサノエトワール,牝,3,54.0,455,-1,藤本現,齊藤敏,,9,1:34.3,43.3,6-4-6-8,9,455,-1
2022/10/17,浦和,10,金木犀特別Ｃ２一,1400,ダ,左,重,雨,12,5,6,デイスター,牡,5,56.0,452,9,山崎誠,玉井昇,,1,1:29.7,39.5,2-1-1-1,3,452,9
2022/10/17,浦和,10,金木犀特別Ｃ２一,1400,ダ,左,重,雨,12,8,11,トレジャーバローズ,牡,4,56.0,451,6,真島大,繁田健,,2,1:30.7,40.3,3-3-2-2,1,451,6
2022/10/17,浦和,10,金木犀特別Ｃ２一,1400,ダ,左,重,雨,12,1,1,ルージュカプリス,牝,5,54.0,436,1,加藤和,長谷忍,,3,1:31.2,40.4,6-5-5-4,2,436,1
2022/10/17,浦和,10,金木犀特別Ｃ２一,1400,ダ,左,重,雨,12,2,2,サフランポケット,牡,4,56.0,483,-6,森泰斗,平山真,,4,1:31.4,40.8,4-4-4-3,4,483,-6
2022/10/17,浦和,10,金木犀特別Ｃ２一,1400,ダ,左,重,雨,12,5,5,ベイビーアッシュ,牡,4,56.0,541,4,和田譲,小澤宏,,5,1:31.6,39.6,10-10-11-11,5,541,4
2022/10/17,浦和,10,金木犀特別Ｃ２一,1400,ダ,左,重,雨,12,8,12,ブルベアライノ,牡,8,53.0,484,-6,木間龍,伊藤滋,,6,1:31.6,39.6,11-11-10-8,10,484,-6
2022/10/17,浦和,10,金木犀特別Ｃ２一,1400,ダ,左,重,雨,12,7,9,ミーティアカフェ,牝,4,54.0,488,9,秋元耕,箕輪武,,7,1:32.1,41.2,7-7-6-5,6,488,9
2022/10/17,浦和,10,金木犀特別Ｃ２一,1400,ダ,左,重,雨,12,4,4,シントーネネ,牝,4,51.0,443,-1,野畑凌,久保秀,,8,1:32.2,40.7,8-9-8-7,7,443,-1
2022/10/17,浦和,10,金木犀特別Ｃ２一,1400,ダ,左,重,雨,12,3,3,エトワールゴールド,牡,3,56.0,477,7,吉留孝,薮口一,,9,1:32.3,40.8,9-8-9-9,9,477,7
2022/10/17,浦和,10,金木犀特別Ｃ２一,1400,ダ,左,重,雨,12,7,10,ホシプリンセス,牝,4,54.0,499,-8,町田直,酒井一,,10,1:32.4,41.5,5-6-7-10,8,499,-8
2022/10/17,浦和,10,金木犀特別Ｃ２一,1400,ダ,左,重,雨,12,6,8,サマーデライト,牝,3,54.0,428,5,高橋哲,牛房榮,,11,1:33.0,42.6,1-2-3-6,11,428,5
2022/10/17,浦和,10,金木犀特別Ｃ２一,1400,ダ,左,重,雨,12,6,7,マウコノミタマ,牡,3,56.0,480,3,伊藤裕,藤原智,,12,1:33.1,40.8,12-12-12-12,12,480,3
2022/10/17,浦和,11,天秤座特別Ｂ２二Ｂ３一,1500,ダ,左,重,曇,10,7,7,ゾディアックレーヴ,牡,4,57.0,485,2,真島大,矢野義,,1,1:35.5,39.2,1-1-1-1,1,485,2
2022/10/17,浦和,11,天秤座特別Ｂ２二Ｂ３一,1500,ダ,左,重,曇,10,8,10,ガンファイター,牡,6,57.0,520,0,岡田大,藤原智,,2,1:36.9,40.3,3-3-3-2,5,520,0
2022/10/17,浦和,11,天秤座特別Ｂ２二Ｂ３一,1500,ダ,左,重,曇,10,2,2,ミエノハヤブサ,セ,0,57.0,489,2,森泰斗,小澤宏,,3,1:37.1,38.8,9-8-8-8,3,489,2
2022/10/17,浦和,11,天秤座特別Ｂ２二Ｂ３一,1500,ダ,左,重,曇,10,1,1,マリアルージュ,牝,6,55.0,496,8,本橋孝,小久智,,4,1:37.4,40.9,2-2-2-3,2,496,8
2022/10/17,浦和,11,天秤座特別Ｂ２二Ｂ３一,1500,ダ,左,重,曇,10,7,8,ヨドノオーシャン,牡,6,57.0,449,-3,福原杏,平山真,,5,1:37.5,39.7,7-7-6-5,6,449,-3
2022/10/17,浦和,11,天秤座特別Ｂ２二Ｂ３一,1500,ダ,左,重,曇,10,5,5,ケイティーセキトバ,牡,7,56.0,500,6,七夕裕,岡田一,,6,1:37.9,40.3,6-6-6-7,9,500,6
2022/10/17,浦和,11,天秤座特別Ｂ２二Ｂ３一,1500,ダ,左,重,曇,10,4,4,フェールアシュバル,牝,5,53.0,501,-1,菅原涼,橋本馬,,7,1:38.4,41.3,4-4-4-4,7,501,-1
2022/10/17,浦和,11,天秤座特別Ｂ２二Ｂ３一,1500,ダ,左,重,曇,10,3,3,ナムラタイガー,牡,5,55.0,558,5,寺島憂,箕輪武,,8,1:38.4,39.1,10-9-9-9,10,558,5
2022/10/17,浦和,11,天秤座特別Ｂ２二Ｂ３一,1500,ダ,左,重,曇,10,8,9,ソフィアバローズ,牝,5,55.0,451,5,加藤和,川島豊,,9,1:38.7,41.5,5-5-5-6,4,451,5
2022/10/17,浦和,11,天秤座特別Ｂ２二Ｂ３一,1500,ダ,左,重,曇,10,6,6,シナノビクター,牝,5,53.0,454,-5,吉留孝,岡田一,,,,,8,8,454,-5
2022/10/17,浦和,12,秋麗特別Ｃ１四,1500,ダ,左,重,曇,12,8,12,フェリスダージ,牝,4,54.0,434,3,内田利,工藤伸,,1,1:37.6,39.1,8-8-8-5,2,434,3
2022/10/17,浦和,12,秋麗特別Ｃ１四,1500,ダ,左,重,曇,12,4,4,シェナホープ,牡,5,56.0,473,5,福原杏,吉田正,,2,1:37.7,40.0,7-5-3-1,7,473,5
2022/10/17,浦和,12,秋麗特別Ｃ１四,1500,ダ,左,重,曇,12,6,7,シェヴロンケリー,牝,3,54.0,447,1,森泰斗,小澤宏,,3,1:38.0,40.6,4-3-1-2,5,447,1
2022/10/17,浦和,12,秋麗特別Ｃ１四,1500,ダ,左,重,曇,12,3,3,マスクドサムライ,牡,3,53.0,477,5,室陽一,藤原智,,4,1:38.0,40.0,6-6-6-4,3,477,5
2022/10/17,浦和,12,秋麗特別Ｃ１四,1500,ダ,左,重,曇,12,8,11,ブルベアヴェルデ,牡,6,56.0,477,-2,吉井章,藤原智,,5,1:38.0,40.6,1-1-2-3,6,477,-2
2022/10/17,浦和,12,秋麗特別Ｃ１四,1500,ダ,左,重,曇,12,6,8,ワンダーダイカネン,牡,5,56.0,489,-3,橋本直,鈴木勝,,6,1:38.5,39.7,12-10-10-6,10,489,-3
2022/10/17,浦和,12,秋麗特別Ｃ１四,1500,ダ,左,重,曇,12,2,2,アンタルクティクス,牡,5,52.0,499,1,中島良,内野健,,7,1:38.6,40.7,3-4-5-7,4,499,1
2022/10/17,浦和,12,秋麗特別Ｃ１四,1500,ダ,左,重,曇,12,1,1,カラハリ,セ,0,56.0,425,-2,山本紀,山本学,,8,1:39.1,41.0,5-7-7-9,9,425,-2
2022/10/17,浦和,12,秋麗特別Ｃ１四,1500,ダ,左,重,曇,12,7,9,モーニングスマイル,牡,3,56.0,458,1,秋元耕,箕輪武,,9,1:40.0,41.2,11-11-11-11,12,458,1
2022/10/17,浦和,12,秋麗特別Ｃ１四,1500,ダ,左,重,曇,12,5,6,クレウーサ,牝,3,53.0,482,11,古岡勇,小澤宏,,10,1:40.3,41.7,9-9-9-10,8,482,11
2022/10/17,浦和,12,秋麗特別Ｃ１四,1500,ダ,左,重,曇,12,7,10,ヨシケンモンロー,牡,6,56.0,454,5,達城龍,野口孝,,11,1:40.3,40.9,10-12-12-12,11,454,5
2022/10/17,浦和,12,秋麗特別Ｃ１四,1500,ダ,左,重,曇,12,5,5,ハーイ,牝,5,54.0,459,-3,和田譲,野口孝,,12,1:40.8,43.4,2-2-4-8,1,459,-3
2022/10/18,浦和,1,２歳四,1400,ダ,左,不良,曇,7,4,4,リョウタスペシャル,牡,2,55.0,428,0,森泰斗,小澤宏,,1,1:32.0,40.5,5-5-1-1,1,428,0
2022/10/18,浦和,1,２歳四,1400,ダ,左,不良,曇,7,3,3,ビナダラット,牝,2,54.0,452,0,町田直,酒井一,,2,1:32.7,41.2,3-3-2-2,5,452,0
2022/10/18,浦和,1,２歳四,1400,ダ,左,不良,曇,7,5,5,イダテンターボ,牡,2,55.0,413,2,和田譲,小久智,,3,1:33.6,41.7,4-4-5-4,2,413,2
2022/10/18,浦和,1,２歳四,1400,ダ,左,不良,曇,7,1,1,ウオッカガール,牝,2,52.0,478,4,菅原涼,箕輪武,,4,1:33.9,42.4,1-1-3-3,3,478,4
2022/10/18,浦和,1,２歳四,1400,ダ,左,不良,曇,7,2,2,ブラウンキングズ,牡,2,55.0,438,-3,西啓太,山越光,,5,1:34.2,41.9,7-6-6-5,4,438,-3
2022/10/18,浦和,1,２歳四,1400,ダ,左,不良,曇,7,7,7,ユウユウプレシャス,牝,2,51.0,401,9,室陽一,横山保,,6,1:34.6,42.3,6-7-7-7,6,401,9
2022/10/18,浦和,1,２歳四,1400,ダ,左,不良,曇,7,6,6,シェナリオン,牡,2,55.0,445,1,保園翔,冨田敏,,7,1:35.7,44.1,2-2-4-6,7,445,1
2022/10/18,浦和,2,２歳三,1400,ダ,左,不良,曇,10,6,6,オデンシタ,牡,2,55.0,455,5,和田譲,野口寛,,1,1:31.0,38.0,8-6-4-2,2,455,5
2022/10/18,浦和,2,２歳三,1400,ダ,左,不良,曇,10,7,8,キュアドリーム,牝,2,54.0,462,12,笹川翼,山下之,,2,1:31.3,39.3,2-1-1-1,1,462,12
2022/10/18,浦和,2,２歳三,1400,ダ,左,不良,曇,10,8,10,エマーブルクラス,牝,2,54.0,448,10,森泰斗,薮口一,,3,1:32.4,40.3,5-2-2-3,3,448,10
2022/10/18,浦和,2,２歳三,1400,ダ,左,不良,曇,10,3,3,エアファールング,牡,2,55.0,473,0,西啓太,山越光,,4,1:32.9,39.6,4-5-5-6,6,473,0
2022/10/18,浦和,2,２歳三,1400,ダ,左,不良,曇,10,4,4,シェナストーン,牡,2,55.0,429,-5,秋元耕,吉田正,,5,1:33.1,39.7,6-7-6-5,9,429,-5
2022/10/18,浦和,2,２歳三,1400,ダ,左,不良,曇,10,8,9,ネメシス,牝,2,52.0,433,5,菅原涼,箕輪武,,6,1:33.6,41.2,1-3-3-4,4,433,5
2022/10/18,浦和,2,２歳三,1400,ダ,左,不良,曇,10,5,5,メイワノワ,牝,2,53.0,422,-1,池谷匠,河津裕,,7,1:33.9,40.1,7-8-8-7,9,422,-1
2022/10/18,浦和,2,２歳三,1400,ダ,左,不良,曇,10,2,2,メイクアドリーム,牝,2,54.0,502,-2,臼井健,伊藤滋,,8,1:34.0,39.9,9-9-9-9,8,502,-2
2022/10/18,浦和,2,２歳三,1400,ダ,左,不良,曇,10,7,7,ジャヌウブ,牝,2,54.0,463,12,左海誠,小久智,,9,1:34.4,41.1,3-4-7-8,5,463,12
2022/10/18,浦和,2,２歳三,1400,ダ,左,不良,曇,10,1,1,ダプネマリン,牝,2,54.0,408,-4,橋本直,牛房榮,,10,1:35.4,41.0,10-10-10-10,7,408,-4
2022/10/18,浦和,3,２歳二,1400,ダ,左,不良,曇,7,5,5,ルクバー,牡,2,55.0,450,3,和田譲,稲益貴,,1,1:31.6,39.9,4-4-3-1,1,450,3
2022/10/18,浦和,3,２歳二,1400,ダ,左,不良,曇,7,6,6,キミトユメヲカケル,牝,2,54.0,422,-1,加藤和,長谷忍,,2,1:32.2,40.1,6-6-6-5,7,422,-1
2022/10/18,浦和,3,２歳二,1400,ダ,左,不良,曇,7,3,3,シナノフローレンス,牝,2,53.0,391,2,七夕裕,岡田一,,3,1:32.7,40.6,5-5-5-4,6,391,2
2022/10/18,浦和,3,２歳二,1400,ダ,左,不良,曇,7,2,2,キックアス,牡,2,51.0,442,2,中島良,海馬司,,4,1:33.6,41.0,7-7-7-7,5,442,2
2022/10/18,浦和,3,２歳二,1400,ダ,左,不良,曇,7,7,7,ダンシングクライ,牝,2,54.0,459,-3,吉留孝,藤原智,,5,1:33.7,42.2,2-2-2-2,4,459,-3
2022/10/18,浦和,3,２歳二,1400,ダ,左,不良,曇,7,1,1,アンジュルミエール,牝,2,54.0,475,11,森泰斗,小久智,,6,1:33.7,42.2,1-1-1-3,3,475,11
2022/10/18,浦和,3,２歳二,1400,ダ,左,不良,曇,7,4,4,トウヨウノマジョ,牝,2,54.0,433,3,本橋孝,薮口一,,7,1:35.3,43.5,3-3-4-6,2,433,3
2022/10/18,浦和,4,Ｃ３六,1500,ダ,左,不良,曇,10,3,3,セイウングラッパ,牡,7,56.0,445,2,吉留孝,吉田正,,1,1:39.7,39.2,8-8-8-5,4,445,2
2022/10/18,浦和,4,Ｃ３六,1500,ダ,左,不良,曇,10,8,9,ミヤコシャンティ,牝,5,54.0,458,1,山口達,林正人,,2,1:39.8,40.9,4-4-2-2,7,458,1
2022/10/18,浦和,4,Ｃ３六,1500,ダ,左,不良,曇,10,7,8,フェスタフォンテン,牝,4,54.0,483,-3,澤田龍,矢内博,,3,1:40.1,41.4,2-2-1-1,6,483,-3
2022/10/18,浦和,4,Ｃ３六,1500,ダ,左,不良,曇,10,8,10,スマイルジーニアス,セ,0,56.0,519,5,福原杏,鹿沼和,,4,1:40.2,40.9,7-6-4-3,1,519,5
2022/10/18,浦和,4,Ｃ３六,1500,ダ,左,不良,曇,10,7,7,リュクスコンドル,牡,6,56.0,471,3,西啓太,山崎裕,,5,1:40.8,41.1,6-5-5-6,3,471,3
2022/10/18,浦和,4,Ｃ３六,1500,ダ,左,不良,曇,10,6,6,ニシノサトル,牡,6,56.0,483,9,内田利,吉田正,,6,1:41.1,40.9,5-7-7-8,8,483,9
2022/10/18,浦和,4,Ｃ３六,1500,ダ,左,不良,曇,10,1,1,アベノカイシンゲキ,牡,4,55.0,480,2,七夕裕,小林真,,7,1:41.5,40.5,9-9-9-9,9,480,2
2022/10/18,浦和,4,Ｃ３六,1500,ダ,左,不良,曇,10,5,5,リンクスクリスタル,牝,9,51.0,443,5,野畑凌,宮下靖,,8,1:41.5,42.0,3-3-6-7,5,443,5
2022/10/18,浦和,4,Ｃ３六,1500,ダ,左,不良,曇,10,4,4,エスコーバタハト,牡,6,53.0,499,-3,室陽一,内野健,,9,1:41.7,43.0,1-1-3-4,2,499,-3
2022/10/18,浦和,4,Ｃ３六,1500,ダ,左,不良,曇,10,2,2,シェナモエギ,牝,4,54.0,394,-5,岡村裕,山田正,,10,1:43.3,40.1,10-10-10-10,10,394,-5
2022/10/18,浦和,5,Ｃ２二 三 四,1500,ダ,左,不良,曇,11,7,8,ゴールドソックス,牡,6,56.0,489,0,山崎誠,山崎裕,,1,1:37.9,38.9,8-6-3-1,1,489,0
2022/10/18,浦和,5,Ｃ２二 三 四,1500,ダ,左,不良,曇,11,3,3,キャンビー,牡,4,56.0,518,5,和田譲,野口寛,,2,1:37.9,39.9,2-2-1-1,4,518,5
2022/10/18,浦和,5,Ｃ２二 三 四,1500,ダ,左,不良,曇,11,8,11,オデッセイ,牡,3,56.0,500,-2,森泰斗,新井清,,3,1:38.6,39.0,9-9-6-3,2,500,-2
2022/10/18,浦和,5,Ｃ２二 三 四,1500,ダ,左,不良,曇,11,6,7,リオンポラリス,牡,3,57.0,483,-4,町田直,内田勝,,4,1:39.0,40.1,4-4-3-5,3,483,-4
2022/10/18,浦和,5,Ｃ２二 三 四,1500,ダ,左,不良,曇,11,5,5,ジョーコレット,牡,5,52.0,544,-6,中島良,小久智,,5,1:39.3,41.2,3-3-2-3,8,544,-6
2022/10/18,浦和,5,Ｃ２二 三 四,1500,ダ,左,不良,曇,11,7,9,カミヤガルーラ,牡,4,56.0,465,4,橋本直,内野健,,6,1:39.3,39.9,7-5-7-7,5,465,4
2022/10/18,浦和,5,Ｃ２二 三 四,1500,ダ,左,不良,曇,11,2,2,ミメウルワシ,牝,7,54.0,453,-2,保園翔,山越光,,7,1:39.6,41.1,1-1-3-6,6,453,-2
2022/10/18,浦和,5,Ｃ２二 三 四,1500,ダ,左,不良,曇,11,4,4,ゴールドバード,牡,8,56.0,495,2,藤江渉,野口孝,,8,1:40.4,39.0,11-11-11-9,10,495,2
2022/10/18,浦和,5,Ｃ２二 三 四,1500,ダ,左,不良,曇,11,8,10,ミトノラッキー,牝,4,54.0,458,6,秋元耕,山越光,,9,1:41.5,41.5,5-8-9-10,11,458,6
2022/10/18,浦和,5,Ｃ２二 三 四,1500,ダ,左,不良,曇,11,6,6,ゴールドレガーメ,牝,4,54.0,496,7,櫻井光,岩本洋,,10,1:41.6,40.0,10-10-10-11,7,496,7
2022/10/18,浦和,5,Ｃ２二 三 四,1500,ダ,左,不良,曇,11,1,1,スイフトマリー,牝,3,54.0,379,-4,岡村健,酒井一,,11,1:41.7,41.9,6-7-8-8,9,379,-4
2022/10/18,浦和,6,ランチタイムチャレンジＣ２二 三 四,1400,ダ,左,不良,曇,12,5,5,エスシーカリファ,牝,3,54.0,456,-1,左海誠,小久智,,1,1:30.8,39.8,8-8-6-4,2,456,-1
2022/10/18,浦和,6,ランチタイムチャレンジＣ２二 三 四,1400,ダ,左,不良,曇,12,7,9,ヤマタケコーチャン,牡,3,56.0,441,-1,福原杏,水野貴,,2,1:31.1,40.9,2-3-2-2,1,441,-1
2022/10/18,浦和,6,ランチタイムチャレンジＣ２二 三 四,1400,ダ,左,不良,曇,12,8,12,ステラセイコー,牝,3,54.0,454,6,和田譲,水野貴,,3,1:31.2,40.6,5-5-4-3,6,454,6
2022/10/18,浦和,6,ランチタイムチャレンジＣ２二 三 四,1400,ダ,左,不良,曇,12,3,3,ユメミルツキ,牝,3,54.0,464,7,庄司大,工藤伸,,4,1:31.5,41.4,1-1-1-1,8,464,7
2022/10/18,浦和,6,ランチタイムチャレンジＣ２二 三 四,1400,ダ,左,不良,曇,12,1,1,グッドヘイロー,牝,3,54.0,494,-4,保園翔,山越光,,5,1:31.8,40.0,12-11-11-7,9,494,-4
2022/10/18,浦和,6,ランチタイムチャレンジＣ２二 三 四,1400,ダ,左,不良,曇,12,4,4,ジーショッカー,牡,3,56.0,485,-3,山林信,岩本洋,,6,1:31.8,41.3,4-4-5-5,11,485,-3
2022/10/18,浦和,6,ランチタイムチャレンジＣ２二 三 四,1400,ダ,左,不良,曇,12,6,7,トーセンウィンザー,牡,4,56.0,475,-1,藤江渉,山越光,,7,1:32.1,40.9,6-6-7-8,10,475,-1
2022/10/18,浦和,6,ランチタイムチャレンジＣ２二 三 四,1400,ダ,左,不良,曇,12,2,2,サンラグナニゲル,牝,3,54.0,443,7,橋本直,川村守,,8,1:32.2,40.4,9-9-10-11,3,443,7
2022/10/18,浦和,6,ランチタイムチャレンジＣ２二 三 四,1400,ダ,左,不良,曇,12,7,10,キスアンドテル,牝,3,54.0,502,6,今野忠,海馬司,,9,1:32.2,40.4,10-10-9-9,5,502,6
2022/10/18,浦和,6,ランチタイムチャレンジＣ２二 三 四,1400,ダ,左,不良,曇,12,6,8,モモドリーム,牝,4,53.0,493,11,七夕裕,平山真,,10,1:32.6,42.4,3-2-2-6,7,493,11
2022/10/18,浦和,6,ランチタイムチャレンジＣ２二 三 四,1400,ダ,左,不良,曇,12,8,11,クールリフレイン,牡,7,56.0,533,12,高橋利,新井清,,11,1:32.9,41.5,7-7-8-10,4,533,12
2022/10/18,浦和,6,ランチタイムチャレンジＣ２二 三 四,1400,ダ,左,不良,曇,12,5,6,フォーリボス,セ,0,56.0,511,4,櫻井光,岩本洋,,12,1:33.0,41.1,11-12-12-12,12,511,4
2022/10/18,浦和,7,Ｃ２二 三 四,1500,ダ,左,不良,曇,12,3,3,グランパドゥシャ,牝,3,54.0,457,17,澤田龍,川村守,,1,1:38.4,40.6,1-1-1-1,6,457,17
2022/10/18,浦和,7,Ｃ２二 三 四,1500,ダ,左,不良,曇,12,4,4,ノアブラック,セ,0,56.0,447,0,藤江渉,武井和,,2,1:38.7,40.3,9-9-7-5,8,447,0
2022/10/18,浦和,7,Ｃ２二 三 四,1500,ダ,左,不良,曇,12,5,5,トノカンショウ,牡,4,56.0,539,-5,山中悠,玉井昇,,3,1:39.1,41.0,8-7-3-3,3,539,-5
2022/10/18,浦和,7,Ｃ２二 三 四,1500,ダ,左,不良,曇,12,7,9,ベローナカグラ,牝,3,54.0,0,0,藤本現,水野貴,,4,1:39.1,41.2,2-2-2-3,5,0,0
2022/10/18,浦和,7,Ｃ２二 三 四,1500,ダ,左,不良,曇,12,1,1,ヤマジュンヒバナ,牝,5,51.0,463,-2,室陽一,宇野博,,5,1:39.4,41.2,4-5-6-6,1,463,-2
2022/10/18,浦和,7,Ｃ２二 三 四,1500,ダ,左,不良,曇,12,7,10,バトルオサンナ,牝,8,50.0,454,-3,中島良,入口由,,6,1:39.6,41.2,6-8-8-7,10,454,-3
2022/10/18,浦和,7,Ｃ２二 三 四,1500,ダ,左,不良,曇,12,2,2,ハクシンエース,牡,4,56.0,443,-2,半澤慶,平山真,,7,1:39.6,41.5,3-3-5-2,2,443,-2
2022/10/18,浦和,7,Ｃ２二 三 四,1500,ダ,左,不良,曇,12,8,12,パールズウィッシュ,牝,3,54.0,440,3,篠谷葵,佐藤太,,8,1:40.1,42.0,5-4-4-8,7,440,3
2022/10/18,浦和,7,Ｃ２二 三 四,1500,ダ,左,不良,曇,12,8,11,アンシミラー,牡,5,56.0,471,2,吉留孝,薮口一,,9,1:40.2,41.8,6-6-9-9,4,471,2
2022/10/18,浦和,7,Ｃ２二 三 四,1500,ダ,左,不良,曇,12,6,8,ゲンパチカガヤキ,牡,7,56.0,485,-19,秋元耕,小澤宏,,10,1:40.5,41.5,11-12-10-10,9,485,-19
2022/10/18,浦和,7,Ｃ２二 三 四,1500,ダ,左,不良,曇,12,6,7,ネーレウス,牡,3,56.0,473,3,高橋哲,酒井一,,11,1:40.9,41.9,10-10-11-12,11,473,3
2022/10/18,浦和,7,Ｃ２二 三 四,1500,ダ,左,不良,曇,12,5,6,ニシノカムイ,牡,4,56.0,482,4,臼井健,宮下靖,,12,1:41.3,42.0,12-11-12-11,12,482,4
2022/10/18,浦和,8,フォレストシティ　三芳町賞Ｃ１八,1400,ダ,左,不良,曇,9,2,2,ゴープラチナム,牝,5,54.0,444,0,山崎誠,平山真,,1,1:29.6,38.6,2-1-1-1,1,444,0
2022/10/18,浦和,8,フォレストシティ　三芳町賞Ｃ１八,1400,ダ,左,不良,曇,9,8,8,リコールイーズ,牝,3,54.0,539,7,藤本現,繁田健,,2,1:30.5,39.3,1-2-2-2,3,539,7
2022/10/18,浦和,8,フォレストシティ　三芳町賞Ｃ１八,1400,ダ,左,不良,曇,9,6,6,スリーポイント,牡,7,54.0,454,-12,新原周,山崎尋,,3,1:30.5,38.7,5-5-5-5,5,454,-12
2022/10/18,浦和,8,フォレストシティ　三芳町賞Ｃ１八,1400,ダ,左,不良,曇,9,8,9,ガイディングスター,セ,0,56.0,474,-2,仲野光,佐々清,,4,1:30.8,38.4,9-8-6-6,6,474,-2
2022/10/18,浦和,8,フォレストシティ　三芳町賞Ｃ１八,1400,ダ,左,不良,曇,9,1,1,リンドグレン,牝,8,54.0,458,19,町田直,山下之,,5,1:31.0,39.6,4-4-3-4,4,458,19
2022/10/18,浦和,8,フォレストシティ　三芳町賞Ｃ１八,1400,ダ,左,不良,曇,9,7,7,カシノペルル,牡,3,56.0,497,-6,寺島憂,鹿沼和,,6,1:31.2,38.8,6-6-7-7,9,497,-6
2022/10/18,浦和,8,フォレストシティ　三芳町賞Ｃ１八,1400,ダ,左,不良,曇,9,5,5,ホワイトスズラン,牝,3,54.0,429,3,西啓太,山越光,,7,1:31.3,40.0,3-3-4-3,8,429,3
2022/10/18,浦和,8,フォレストシティ　三芳町賞Ｃ１八,1400,ダ,左,不良,曇,9,3,3,ゴールドキャスト,牝,9,51.0,435,2,室陽一,吉田正,,8,1:31.6,39.1,7-7-8-8,7,435,2
2022/10/18,浦和,8,フォレストシティ　三芳町賞Ｃ１八,1400,ダ,左,不良,曇,9,4,4,サリーギャップ,牝,3,54.0,474,-2,福原杏,水野貴,,9,1:36.1,42.8,8-9-9-9,2,474,-2
2022/10/18,浦和,9,秋陽特別Ｃ１三,1400,ダ,左,不良,曇,12,5,5,ダブルラッキー,牡,3,56.0,475,12,左海誠,小久智,,1,1:30.5,40.9,1-1-1-1,1,475,12
2022/10/18,浦和,9,秋陽特別Ｃ１三,1400,ダ,左,不良,曇,12,8,11,キーラーヴォッヘ,牝,5,54.0,442,4,笹川翼,新井清,,2,1:30.6,40.8,3-3-2-2,3,442,4
2022/10/18,浦和,9,秋陽特別Ｃ１三,1400,ダ,左,不良,曇,12,3,3,ハリーオンダウン,牝,3,54.0,441,-5,和田譲,小澤宏,,3,1:31.0,40.6,7-7-3-3,8,441,-5
2022/10/18,浦和,9,秋陽特別Ｃ１三,1400,ダ,左,不良,曇,12,6,7,モズハッピーロード,牡,4,56.0,496,-11,半澤慶,平山真,,4,1:31.1,40.7,9-10-5-5,6,496,-11
2022/10/18,浦和,9,秋陽特別Ｃ１三,1400,ダ,左,不良,曇,12,1,1,ピノタージュ,牝,5,54.0,450,0,見越彬,内野健,,5,1:31.2,41.2,4-4-3-4,7,450,0
2022/10/18,浦和,9,秋陽特別Ｃ１三,1400,ダ,左,不良,曇,12,8,12,ワンダーフェンリル,牡,4,56.0,518,0,橋本直,鈴木勝,,6,1:31.4,41.0,5-6-8-6,2,518,0
2022/10/18,浦和,9,秋陽特別Ｃ１三,1400,ダ,左,不良,曇,12,7,9,ビービーダルク,牝,4,50.0,481,-1,中島良,薮口一,,7,1:31.6,41.0,12-8-9-7,10,481,-1
2022/10/18,浦和,9,秋陽特別Ｃ１三,1400,ダ,左,不良,曇,12,4,4,アウタースペース,牡,4,56.0,442,-1,福原杏,八木仁,,8,1:31.6,40.4,11-12-10-8,9,442,-1
2022/10/18,浦和,9,秋陽特別Ｃ１三,1400,ダ,左,不良,曇,12,5,6,ゴールドエース,牡,3,56.0,482,9,吉留孝,野口孝,,9,1:33.1,42.1,10-11-11-10,12,482,9
2022/10/18,浦和,9,秋陽特別Ｃ１三,1400,ダ,左,不良,曇,12,7,10,ゴッドゲーム,牡,3,56.0,529,19,森泰斗,小久智,,10,1:33.5,43.1,8-5-6-9,4,529,19
2022/10/18,浦和,9,秋陽特別Ｃ１三,1400,ダ,左,不良,曇,12,6,8,フーラリ,牡,4,56.0,466,4,山崎誠,藤原智,,11,1:33.8,43.8,2-2-6-11,5,466,4
2022/10/18,浦和,9,秋陽特別Ｃ１三,1400,ダ,左,不良,曇,12,2,2,サノラカ,牝,4,54.0,444,17,加藤和,川島豊,,12,1:36.1,44.7,6-9-12-12,11,444,17
2022/10/18,浦和,10,夕焼け特別Ｂ３二,1400,ダ,左,不良,曇,10,3,3,メイストーム,牡,4,56.0,492,5,森泰斗,水野貴,,1,1:29.1,38.6,3-3-3-2,1,492,5
2022/10/18,浦和,10,夕焼け特別Ｂ３二,1400,ダ,左,不良,曇,10,7,7,シグラップリンリン,牝,7,54.0,451,3,橋本直,平山真,,2,1:29.7,39.5,1-1-1-1,4,451,3
2022/10/18,浦和,10,夕焼け特別Ｂ３二,1400,ダ,左,不良,曇,10,6,6,レオステップアップ,牡,7,56.0,500,0,岡村健,岡林光,,3,1:29.9,38.1,7-7-9-8,3,500,0
2022/10/18,浦和,10,夕焼け特別Ｂ３二,1400,ダ,左,不良,曇,10,8,9,オウケンアマゾネス,牝,5,54.0,463,0,町田直,工藤伸,,4,1:30.0,39.4,4-4-4-5,2,463,0
2022/10/18,浦和,10,夕焼け特別Ｂ３二,1400,ダ,左,不良,曇,10,8,10,アイエンジェル,牝,5,54.0,496,6,笹川翼,岡田一,,5,1:30.0,39.7,2-2-2-3,7,496,6
2022/10/18,浦和,10,夕焼け特別Ｂ３二,1400,ダ,左,不良,曇,10,1,1,タイセイアンシェル,牡,4,56.0,432,-7,藤本現,内田勝,,6,1:30.1,39.0,5-5-6-4,6,432,-7
2022/10/18,浦和,10,夕焼け特別Ｂ３二,1400,ダ,左,不良,曇,10,5,5,バイザウェイ,牡,3,56.0,472,8,山口達,林正人,,7,1:30.4,39.2,9-9-5-7,5,472,8
2022/10/18,浦和,10,夕焼け特別Ｂ３二,1400,ダ,左,不良,曇,10,7,8,サニークラウド,牡,6,56.0,511,9,半澤慶,宇野博,,8,1:30.5,39.4,6-6-6-6,8,511,9
2022/10/18,浦和,10,夕焼け特別Ｂ３二,1400,ダ,左,不良,曇,10,4,4,トミケンゲヌーク,セ,0,56.0,465,14,小杉亮,阿井正,,9,1:30.6,39.2,8-8-8-9,9,465,14
2022/10/18,浦和,10,夕焼け特別Ｂ３二,1400,ダ,左,不良,曇,10,2,2,クロカドッグ,牡,5,56.0,530,0,吉井章,久保信,,10,1:32.8,40.0,10-10-10-10,10,530,0
2022/10/18,浦和,11,神無月特別Ａ２下,1500,ダ,左,不良,曇,11,8,11,ヨハン,牡,6,57.0,453,6,和田譲,山下之,,1,1:35.0,37.7,3-3-3-1,5,453,6
2022/10/18,浦和,11,神無月特別Ａ２下,1500,ダ,左,不良,曇,11,5,5,スターライトブルー,牡,8,55.0,512,4,森泰斗,村上頼,,2,1:35.5,38.2,1-1-1-2,7,512,4
2022/10/18,浦和,11,神無月特別Ａ２下,1500,ダ,左,不良,曇,11,7,8,コンセプト,牡,4,55.0,474,-4,本橋孝,小久智,,3,1:35.8,38.2,6-6-4-3,1,474,-4
2022/10/18,浦和,11,神無月特別Ａ２下,1500,ダ,左,不良,曇,11,6,6,エフェルヴェソンス,牡,7,57.0,494,3,篠谷葵,米谷康,,4,1:36.0,38.1,7-7-6-6,6,494,3
2022/10/18,浦和,11,神無月特別Ａ２下,1500,ダ,左,不良,曇,11,6,7,パーソナルマキ,牡,9,54.0,496,10,七夕裕,平山真,,5,1:36.5,37.8,10-10-10-7,11,496,10
2022/10/18,浦和,11,神無月特別Ａ２下,1500,ダ,左,不良,曇,11,8,10,ボナヴィーゴ,牡,7,55.0,518,1,福原杏,宇野博,,6,1:36.6,38.3,8-9-7-8,9,518,1
2022/10/18,浦和,11,神無月特別Ａ２下,1500,ダ,左,不良,曇,11,3,3,ロマンスグレー,牡,3,57.0,536,7,左海誠,林正人,,7,1:36.7,39.0,5-4-5-5,4,536,7
2022/10/18,浦和,11,神無月特別Ａ２下,1500,ダ,左,不良,曇,11,7,9,ダイリュウボーラー,牡,6,55.0,448,-7,笹川翼,繁田健,,8,1:36.8,39.5,2-2-2-4,2,448,-7
2022/10/18,浦和,11,神無月特別Ａ２下,1500,ダ,左,不良,曇,11,1,1,ストームドッグ,セ,0,55.0,434,5,山口達,伊藤滋,,9,1:37.1,38.0,11-11-11-10,8,434,5
2022/10/18,浦和,11,神無月特別Ａ２下,1500,ダ,左,不良,曇,11,4,4,ファイヤーテーラー,牝,5,50.0,496,-2,野畑凌,橋本馬,,10,1:37.4,38.9,9-8-9-9,10,496,-2
2022/10/18,浦和,11,神無月特別Ａ２下,1500,ダ,左,不良,曇,11,2,2,ジョーマキアート,牝,7,47.0,504,-7,中島良,小久智,,11,1:38.7,40.6,4-5-8-11,3,504,-7
2022/10/18,浦和,12,秋風特別Ｂ２Ｂ３選抜馬,2000,ダ,左,不良,曇,7,4,4,モズノーブルギフト,牡,7,57.0,535,5,森泰斗,平山真,,1,2:10.4,38.5,3-3-3-1,1,535,5
2022/10/18,浦和,12,秋風特別Ｂ２Ｂ３選抜馬,2000,ダ,左,不良,曇,7,6,6,ニャンチンノン,牡,3,55.0,457,-6,笠野雄,山中尊,,2,2:11.4,39.7,2-2-2-2,3,457,-6
2022/10/18,浦和,12,秋風特別Ｂ２Ｂ３選抜馬,2000,ダ,左,不良,曇,7,1,1,オーケーパッション,牝,4,53.0,478,-4,左海誠,小久智,,3,2:12.0,40.4,1-1-1-3,2,478,-4
2022/10/18,浦和,12,秋風特別Ｂ２Ｂ３選抜馬,2000,ダ,左,不良,曇,7,3,3,グーガルドリームズ,セ,0,55.0,490,3,福原杏,水野貴,,4,2:13.6,41.1,4-4-4-4,5,490,3
2022/10/18,浦和,12,秋風特別Ｂ２Ｂ３選抜馬,2000,ダ,左,不良,曇,7,5,5,マスカテル,牡,5,57.0,494,5,山崎誠,玉井昇,,5,2:13.6,40.6,5-6-5-5,6,494,5
2022/10/18,浦和,12,秋風特別Ｂ２Ｂ３選抜馬,2000,ダ,左,不良,曇,7,7,7,ジュウワンマックス,牡,6,55.0,448,-3,新原周,平田正,,6,2:13.9,40.5,6-7-7-7,7,448,-3
2022/10/18,浦和,12,秋風特別Ｂ２Ｂ３選抜馬,2000,ダ,左,不良,曇,7,2,2,フレッシュグリーン,牡,3,57.0,451,3,藤本現,加藤誠,,7,2:16.2,43.2,7-5-6-6,4,451,3
2022/10/19,浦和,1,２歳五,1400,ダ,左,不良,晴,10,8,10,アデリーヌ,牝,2,50.0,414,-1,小林捺,河津裕,,1,1:32.0,40.1,8-7-4-1,3,414,-1
2022/10/19,浦和,1,２歳五,1400,ダ,左,不良,晴,10,7,8,サンテンシーサン,牡,2,55.0,493,-5,高橋哲,薮口一,,2,1:32.7,41.2,4-3-1-2,1,493,-5
2022/10/19,浦和,1,２歳五,1400,ダ,左,不良,晴,10,5,5,シェナカレン,牡,2,55.0,450,4,赤津和,山越光,,3,1:33.6,41.5,6-6-5-5,6,450,4
2022/10/19,浦和,1,２歳五,1400,ダ,左,不良,晴,10,8,9,トゥーナトライ,牡,2,55.0,483,1,藤江渉,山田質,,4,1:33.6,40.9,9-9-6-6,7,483,1
2022/10/19,浦和,1,２歳五,1400,ダ,左,不良,晴,10,6,6,ゴールドバニー,牝,2,54.0,467,-7,山崎誠,野口孝,,5,1:34.5,43.1,3-2-3-4,4,467,-7
2022/10/19,浦和,1,２歳五,1400,ダ,左,不良,晴,10,1,1,リオチャン,牡,2,55.0,482,2,福原杏,野口孝,,6,1:34.6,41.6,7-8-7-7,5,482,2
2022/10/19,浦和,1,２歳五,1400,ダ,左,不良,晴,10,2,2,クリプリンセス,牝,2,54.0,417,3,秋元耕,冨田敏,,7,1:35.2,43.8,1-1-2-3,8,417,3
2022/10/19,浦和,1,２歳五,1400,ダ,左,不良,晴,10,3,3,カシノビジン,牝,2,54.0,417,8,見越彬,野口寛,,8,1:36.4,42.2,10-10-10-10,9,417,8
2022/10/19,浦和,1,２歳五,1400,ダ,左,不良,晴,10,4,4,キングフォーチュン,牡,2,55.0,474,17,町田直,工藤伸,,9,1:36.5,43.7,2-4-9-9,2,474,17
2022/10/19,浦和,1,２歳五,1400,ダ,左,不良,晴,10,7,7,カシノクインダム,牝,2,53.0,448,-2,七夕裕,鹿沼和,,10,1:36.7,44.0,5-5-8-8,10,448,-2
2022/10/19,浦和,2,３歳三,1400,ダ,左,不良,晴,12,1,1,ギャラクシーセブン,牡,3,56.0,462,10,笹川翼,小久智,,1,1:30.5,40.0,5-3-2-1,1,462,10
2022/10/19,浦和,2,３歳三,1400,ダ,左,不良,晴,12,3,3,マルノアンナ,牝,3,51.0,450,38,室陽一,川村守,,2,1:30.7,40.5,1-1-1-2,2,450,38
2022/10/19,浦和,2,３歳三,1400,ダ,左,不良,晴,12,6,7,クーラクー,牡,3,56.0,513,2,山口達,林正人,,3,1:31.4,39.1,11-11-5-5,4,513,2
2022/10/19,浦和,2,３歳三,1400,ダ,左,不良,晴,12,5,5,パンケーキ,牝,3,54.0,449,11,岡村健,平山真,,4,1:32.5,40.4,9-7-8-6,5,449,11
2022/10/19,浦和,2,３歳三,1400,ダ,左,不良,晴,12,4,4,ラグドール,牡,3,56.0,472,-8,吉留孝,薮口一,,5,1:32.9,42.6,2-2-3-4,3,472,-8
2022/10/19,浦和,2,３歳三,1400,ダ,左,不良,晴,12,8,11,スキヤキ,牡,3,56.0,472,23,橋本直,小久智,,6,1:33.0,42.5,4-4-4-3,8,472,23
2022/10/19,浦和,2,３歳三,1400,ダ,左,不良,晴,12,8,12,フォワデジー,牡,3,56.0,495,-1,福原杏,薮口一,,7,1:33.7,41.3,10-10-10-8,7,495,-1
2022/10/19,浦和,2,３歳三,1400,ダ,左,不良,晴,12,5,6,パルメニデス,牡,3,56.0,400,-19,和田譲,藤原智,,8,1:34.3,40.7,12-12-12-11,10,400,-19
2022/10/19,浦和,2,３歳三,1400,ダ,左,不良,晴,12,7,9,ビナフエ,牝,3,54.0,433,16,加藤和,水野貴,,9,1:34.4,42.5,3-6-7-7,11,433,16
2022/10/19,浦和,2,３歳三,1400,ダ,左,不良,晴,12,6,8,ボンバーキャット,牡,3,55.0,474,20,七夕裕,長谷忍,,10,1:35.1,42.8,7-9-9-10,9,474,20
2022/10/19,浦和,2,３歳三,1400,ダ,左,不良,晴,12,7,10,モエヨグラン,牡,3,56.0,509,15,赤津和,箕輪武,,11,1:37.1,44.5,8-8-11-12,12,509,15
2022/10/19,浦和,2,３歳三,1400,ダ,左,不良,晴,12,2,2,シンキングロマンス,牝,3,54.0,454,-11,町田直,内田勝,,12,1:37.7,46.0,6-5-6-9,6,454,-11
2022/10/19,浦和,3,Ｃ３四 五,1400,ダ,左,不良,晴,12,6,8,フィアレススマイル,牡,5,56.0,459,-4,橋本直,平山真,,1,1:31.8,39.3,8-8-3-2,1,459,-4
2022/10/19,浦和,3,Ｃ３四 五,1400,ダ,左,不良,晴,12,4,4,ニシノマリアージュ,牝,6,54.0,408,2,岡田大,冨田敏,,2,1:31.9,40.1,1-1-1-1,3,408,2
2022/10/19,浦和,3,Ｃ３四 五,1400,ダ,左,不良,晴,12,5,6,ラウズアップ,牡,6,56.0,427,2,藤江渉,牛房榮,,3,1:32.2,39.2,9-9-7-3,4,427,2
2022/10/19,浦和,3,Ｃ３四 五,1400,ダ,左,不良,晴,12,7,10,ファーマスター,牝,4,54.0,429,-2,福原杏,川村守,,4,1:32.2,40.0,4-3-4-4,9,429,-2
2022/10/19,浦和,3,Ｃ３四 五,1400,ダ,左,不良,晴,12,5,5,ホワイトブレス,牝,5,54.0,473,1,實川純,佐々功,,5,1:32.8,40.9,2-2-2-5,8,473,1
2022/10/19,浦和,3,Ｃ３四 五,1400,ダ,左,不良,晴,12,3,3,スタニングビスタ,牝,5,54.0,460,4,岡村健,岡林光,,6,1:33.0,40.6,6-6-8-7,6,460,4
2022/10/19,浦和,3,Ｃ３四 五,1400,ダ,左,不良,晴,12,6,7,ドルドルエイト,牡,7,56.0,500,-1,石崎駿,八木仁,,7,1:33.2,39.2,12-12-12-9,2,500,-1
2022/10/19,浦和,3,Ｃ３四 五,1400,ダ,左,不良,晴,12,8,12,サノチナ,牝,5,54.0,426,4,赤津和,川島豊,,8,1:33.3,40.9,5-5-4-6,7,426,4
2022/10/19,浦和,3,Ｃ３四 五,1400,ダ,左,不良,晴,12,1,1,キタマクフィー,牝,4,53.0,442,6,七夕裕,鹿沼和,,9,1:33.7,39.9,10-11-10-8,12,442,6
2022/10/19,浦和,3,Ｃ３四 五,1400,ダ,左,不良,晴,12,2,2,ギンサー,牡,4,53.0,479,6,室陽一,小林真,,10,1:34.8,41.0,11-10-11-12,11,479,6
2022/10/19,浦和,3,Ｃ３四 五,1400,ダ,左,不良,晴,12,7,9,ムースチャレンジ,牝,5,54.0,502,-2,西村栄,佐々功,,11,1:35.1,42.9,3-4-6-10,5,502,-2
2022/10/19,浦和,3,Ｃ３四 五,1400,ダ,左,不良,晴,12,8,11,ラヴアンドゲーム,牝,5,54.0,476,2,高橋哲,酒井一,,12,1:36.1,43.3,7-7-9-11,10,476,2
2022/10/19,浦和,4,Ｃ３四 五,1500,ダ,左,不良,晴,11,8,10,オールドボンバー,牡,6,56.0,479,3,福原杏,横山保,,1,1:39.0,41.6,1-1-1-1,3,479,3
2022/10/19,浦和,4,Ｃ３四 五,1500,ダ,左,不良,晴,11,3,3,ポイズンピル,牡,7,56.0,465,6,岡田大,牛房榮,,2,1:39.1,40.1,7-7-7-7,4,465,6
2022/10/19,浦和,4,Ｃ３四 五,1500,ダ,左,不良,晴,11,7,9,セコイア,牝,5,54.0,485,5,篠谷葵,宇野博,,3,1:39.4,40.9,6-6-6-4,6,485,5
2022/10/19,浦和,4,Ｃ３四 五,1500,ダ,左,不良,晴,11,5,5,ウインシュトローム,牡,5,56.0,553,-3,森泰斗,齊藤敏,,4,1:39.8,41.7,5-4-4-5,2,553,-3
2022/10/19,浦和,4,Ｃ３四 五,1500,ダ,左,不良,晴,11,8,11,デリスブラン,牡,4,53.0,479,4,室陽一,山越光,,5,1:39.8,42.2,2-2-2-2,9,479,4
2022/10/19,浦和,4,Ｃ３四 五,1500,ダ,左,不良,晴,11,7,8,バローロフレイバー,牡,6,56.0,506,-7,今野忠,繁田健,,6,1:40.2,42.6,3-2-3-3,1,506,-7
2022/10/19,浦和,4,Ｃ３四 五,1500,ダ,左,不良,晴,11,6,6,トーセンケイト,牝,4,54.0,476,15,藤江渉,川村守,,7,1:40.3,42.2,4-4-5-6,8,476,15
2022/10/19,浦和,4,Ｃ３四 五,1500,ダ,左,不良,晴,11,6,7,コスモリカバリー,牡,4,56.0,494,5,増田充,山越光,,8,1:40.4,40.4,9-9-10-9,10,494,5
2022/10/19,浦和,4,Ｃ３四 五,1500,ダ,左,不良,晴,11,4,4,ドンキースタイル,牡,6,56.0,472,-1,山崎誠,山崎尋,,9,1:41.2,40.9,11-11-11-10,5,472,-1
2022/10/19,浦和,4,Ｃ３四 五,1500,ダ,左,不良,晴,11,1,1,ビッグバンカズ,牡,9,56.0,492,0,高橋利,矢内博,,10,1:41.8,42.6,8-8-8-8,11,492,0
2022/10/19,浦和,4,Ｃ３四 五,1500,ダ,左,不良,晴,11,2,2,トゥインクルタワー,牡,4,53.0,499,-6,木間龍,薮口一,,11,1:41.9,42.1,10-10-9-11,7,499,-6
2022/10/19,浦和,5,Ｃ２五 六,1500,ダ,左,不良,晴,11,2,2,ルージュブラゾン,牝,3,54.0,478,16,矢野貴,小久智,,1,1:37.0,38.9,5-3-2-1,1,478,16
2022/10/19,浦和,5,Ｃ２五 六,1500,ダ,左,不良,晴,11,6,7,タマモポラリス,牝,4,54.0,444,-2,濱田達,伊藤滋,,2,1:38.5,40.0,8-8-4-3,9,444,-2
2022/10/19,浦和,5,Ｃ２五 六,1500,ダ,左,不良,晴,11,7,9,スターコマチ,牝,3,54.0,401,-6,橋本直,小澤宏,,3,1:39.0,40.2,10-10-5-4,4,401,-6
2022/10/19,浦和,5,Ｃ２五 六,1500,ダ,左,不良,晴,11,8,10,リアドライブ,牡,4,56.0,506,3,高橋利,新井清,,4,1:39.3,41.2,2-2-1-2,2,506,3
2022/10/19,浦和,5,Ｃ２五 六,1500,ダ,左,不良,晴,11,1,1,エルフバローズ,牝,4,50.0,444,-2,小林捺,工藤伸,,5,1:39.7,40.9,4-3-8-6,5,444,-2
2022/10/19,浦和,5,Ｃ２五 六,1500,ダ,左,不良,晴,11,8,11,リュウノカリー,牝,3,54.0,431,-5,山本紀,齊藤敏,,6,1:39.7,41.1,3-3-6-7,6,431,-5
2022/10/19,浦和,5,Ｃ２五 六,1500,ダ,左,不良,晴,11,3,3,モリデンタワー,牝,4,54.0,511,33,藤江渉,山越光,,7,1:40.3,42.2,1-1-3-5,8,511,33
2022/10/19,浦和,5,Ｃ２五 六,1500,ダ,左,不良,晴,11,7,8,ベリリウンヌ,牝,4,54.0,440,4,保園翔,海馬司,,8,1:41.0,42.3,6-6-7-8,7,440,4
2022/10/19,浦和,5,Ｃ２五 六,1500,ダ,左,不良,晴,11,4,4,エイコーレイワ,牝,5,54.0,473,5,赤津和,川村守,,9,1:41.0,41.8,9-9-10-9,11,473,5
2022/10/19,浦和,5,Ｃ２五 六,1500,ダ,左,不良,晴,11,6,6,ケイティーユイ,牝,4,54.0,456,8,秋元耕,水野貴,,10,1:41.9,42.9,7-7-9-10,10,456,8
2022/10/19,浦和,5,Ｃ２五 六,1500,ダ,左,不良,晴,11,5,5,ザサンアップライト,牡,5,56.0,462,17,本橋孝,野口孝,,,,,11-11,3,462,17
2022/10/19,浦和,6,ランチタイムチャレンジＣ２五 六,1400,ダ,左,不良,晴,9,6,6,ミュステーリオン,牝,3,54.0,482,14,見越彬,小久智,,1,1:29.4,39.0,1-1-1-1,3,482,14
2022/10/19,浦和,6,ランチタイムチャレンジＣ２五 六,1400,ダ,左,不良,晴,9,8,9,ザベストデイ,牝,4,54.0,467,-3,森泰斗,内田勝,,2,1:30.5,39.9,3-3-2-2,2,467,-3
2022/10/19,浦和,6,ランチタイムチャレンジＣ２五 六,1400,ダ,左,不良,晴,9,8,8,スマイルヌイロア,牝,3,51.0,442,17,室陽一,宇野博,,3,1:30.7,39.6,2-4-4-3,7,442,17
2022/10/19,浦和,6,ランチタイムチャレンジＣ２五 六,1400,ダ,左,不良,晴,9,5,5,ダイヤモンドカノン,牝,4,54.0,491,5,藤本現,齊藤敏,,4,1:31.9,40.6,6-6-5-5,5,491,5
2022/10/19,浦和,6,ランチタイムチャレンジＣ２五 六,1400,ダ,左,不良,晴,9,1,1,ブルボンティアラ,牝,3,54.0,433,7,福原杏,水野貴,,5,1:32.7,40.7,9-8-9-8,4,433,7
2022/10/19,浦和,6,ランチタイムチャレンジＣ２五 六,1400,ダ,左,不良,晴,9,3,3,シェナダイオー,牡,3,56.0,556,4,秋元耕,山越光,,6,1:32.7,40.7,8-9-8-6,9,556,4
2022/10/19,浦和,6,ランチタイムチャレンジＣ２五 六,1400,ダ,左,不良,晴,9,2,2,ジェノバフレイバー,牡,3,56.0,482,0,和田譲,繁田健,,7,1:33.0,42.4,4-2-3-4,1,482,0
2022/10/19,浦和,6,ランチタイムチャレンジＣ２五 六,1400,ダ,左,不良,晴,9,7,7,イサチルダイチ,牡,6,55.0,509,-3,七夕裕,長谷忍,,8,1:33.0,41.4,7-7-6-7,8,509,-3
2022/10/19,浦和,6,ランチタイムチャレンジＣ２五 六,1400,ダ,左,不良,晴,9,4,4,エールゴージューン,牡,3,56.0,438,-2,山崎誠,平山真,,9,1:34.4,43.1,5-4-7-9,6,438,-2
2022/10/19,浦和,7,ヤングジョッキーズＴＲ浦和　第１戦Ｃ３選,1400,ダ,左,不良,晴,12,7,9,アナハ,牝,5,54.0,416,3,七夕裕,川島豊,,1,1:32.5,40.0,9-9-9-5,11,416,3
2022/10/19,浦和,7,ヤングジョッキーズＴＲ浦和　第１戦Ｃ３選,1400,ダ,左,不良,晴,12,6,8,トリテレイア,牝,6,54.0,407,-1,池谷匠,箕輪武,,2,1:32.5,40.4,8-8-6-4,1,407,-1
2022/10/19,浦和,7,ヤングジョッキーズＴＲ浦和　第１戦Ｃ３選,1400,ダ,左,不良,晴,12,3,3,ドラグ,牝,4,54.0,429,5,大木天,入口由,,3,1:32.6,39.4,12-12-12-12,12,429,5
2022/10/19,浦和,7,ヤングジョッキーズＴＲ浦和　第１戦Ｃ３選,1400,ダ,左,不良,晴,12,5,6,ミラクルゲート,牡,8,56.0,432,0,土田真,野口孝,,4,1:33.0,40.1,10-11-11-9,7,432,0
2022/10/19,浦和,7,ヤングジョッキーズＴＲ浦和　第１戦Ｃ３選,1400,ダ,左,不良,晴,12,8,11,コンディトラム,牡,5,56.0,494,1,及川烈,川村守,,5,1:33.2,41.9,3-3-3-2,8,494,1
2022/10/19,浦和,7,ヤングジョッキーズＴＲ浦和　第１戦Ｃ３選,1400,ダ,左,不良,晴,12,1,1,トーセンイヴ,牝,4,54.0,427,-1,室陽一,酒井一,,6,1:33.3,40.8,11-9-10-11,9,427,-1
2022/10/19,浦和,7,ヤングジョッキーズＴＲ浦和　第１戦Ｃ３選,1400,ダ,左,不良,晴,12,2,2,パーティーアニマル,牡,6,56.0,462,3,仲原大,牛房榮,,7,1:33.3,41.2,7-7-7-3,5,462,3
2022/10/19,浦和,7,ヤングジョッキーズＴＲ浦和　第１戦Ｃ３選,1400,ダ,左,不良,晴,12,8,12,トキノカサドール,牡,7,56.0,464,16,中島良,横山保,,8,1:33.4,42.0,5-5-5-6,10,464,16
2022/10/19,浦和,7,ヤングジョッキーズＴＲ浦和　第１戦Ｃ３選,1400,ダ,左,不良,晴,12,5,5,メイショウハヤナリ,牡,6,56.0,486,3,山田敬,藤原智,,9,1:34.1,43.4,1-1-1-1,3,486,3
2022/10/19,浦和,7,ヤングジョッキーズＴＲ浦和　第１戦Ｃ３選,1400,ダ,左,不良,晴,12,4,4,アミン,牝,5,54.0,466,9,佐々大,冨田敏,,10,1:34.3,42.3,6-6-7-10,6,466,9
2022/10/19,浦和,7,ヤングジョッキーズＴＲ浦和　第１戦Ｃ３選,1400,ダ,左,不良,晴,12,7,10,キョウエイミーレス,牡,6,56.0,501,7,西塚洸,内野健,,11,1:34.6,43.3,4-4-4-8,4,501,7
2022/10/19,浦和,7,ヤングジョッキーズＴＲ浦和　第１戦Ｃ３選,1400,ダ,左,不良,晴,12,6,7,ユメノハジマリ,牝,6,54.0,490,16,小林脩,水野貴,,12,1:36.0,45.3,2-2-2-7,2,490,16
2022/10/19,浦和,8,三芳町特産　富の川越いも賞Ｃ１選抜馬,800,ダ,左,重,晴,12,8,12,ロッティミニスター,牡,4,56.0,508,11,笹川翼,小久智,,1,0:47.4,34.8,3-1,2,508,11
2022/10/19,浦和,8,三芳町特産　富の川越いも賞Ｃ１選抜馬,800,ダ,左,重,晴,12,8,11,アヴェントゥリスト,牡,6,56.0,544,0,西啓太,山越光,,2,0:48.1,35.9,2-3,1,544,0
2022/10/19,浦和,8,三芳町特産　富の川越いも賞Ｃ１選抜馬,800,ダ,左,重,晴,12,6,7,ハッピーパワポケ,牡,5,56.0,469,-1,森泰斗,水野貴,,3,0:48.2,35.4,7-6,5,469,-1
2022/10/19,浦和,8,三芳町特産　富の川越いも賞Ｃ１選抜馬,800,ダ,左,重,晴,12,5,5,リュウノチャチャ,牝,4,54.0,440,0,和田譲,齊藤敏,,4,0:48.3,36.1,1-2,4,440,0
2022/10/19,浦和,8,三芳町特産　富の川越いも賞Ｃ１選抜馬,800,ダ,左,重,晴,12,3,3,コウユープリプリ,牝,7,54.0,450,-1,半澤慶,宇野博,,5,0:48.5,35.9,5-5,9,450,-1
2022/10/19,浦和,8,三芳町特産　富の川越いも賞Ｃ１選抜馬,800,ダ,左,重,晴,12,1,1,ニッショウアッキー,牝,3,54.0,435,1,矢野貴,酒井一,,6,0:48.5,35.9,8-7,6,435,1
2022/10/19,浦和,8,三芳町特産　富の川越いも賞Ｃ１選抜馬,800,ダ,左,重,晴,12,4,4,ジュニパーダンス,牝,4,54.0,439,4,町田直,海馬司,,7,0:49.1,35.8,10-9,7,439,4
2022/10/19,浦和,8,三芳町特産　富の川越いも賞Ｃ１選抜馬,800,ダ,左,重,晴,12,2,2,エダマメ,牝,5,51.0,499,-4,室陽一,長谷忍,,8,0:49.1,36.9,4-4,8,499,-4
2022/10/19,浦和,8,三芳町特産　富の川越いも賞Ｃ１選抜馬,800,ダ,左,重,晴,12,7,10,アルゴル,牡,3,55.0,480,3,七夕裕,箕輪武,,9,0:49.1,36.7,5-8,3,480,3
2022/10/19,浦和,8,三芳町特産　富の川越いも賞Ｃ１選抜馬,800,ダ,左,重,晴,12,7,9,ダテノライトニング,牝,7,54.0,483,-6,吉留孝,野口孝,,10,0:49.3,36.3,9-10,10,483,-6
2022/10/19,浦和,8,三芳町特産　富の川越いも賞Ｃ１選抜馬,800,ダ,左,重,晴,12,5,6,メイクロード,牝,6,54.0,474,3,寺島憂,内野健,,11,0:50.1,36.2,11-11,12,474,3
2022/10/19,浦和,8,三芳町特産　富の川越いも賞Ｃ１選抜馬,800,ダ,左,重,晴,12,6,8,スムーズジャズ,牡,8,56.0,492,3,秋元耕,吉田正,,12,0:51.1,37.1,12-12,11,492,3
2022/10/19,浦和,9,ヤングジョッキーズＴＲ浦和　第２戦Ｃ２選,1400,ダ,左,重,晴,12,5,5,ナムラキティー,牝,5,54.0,472,6,及川烈,小澤宏,,1,1:30.8,39.6,4-4-2-2,3,472,6
2022/10/19,浦和,9,ヤングジョッキーズＴＲ浦和　第２戦Ｃ２選,1400,ダ,左,重,晴,12,8,12,ウインカーマイン,牡,6,56.0,456,-1,中島良,川島豊,,2,1:30.9,39.7,3-2-1-3,9,456,-1
2022/10/19,浦和,9,ヤングジョッキーズＴＲ浦和　第２戦Ｃ２選,1400,ダ,左,重,晴,12,4,4,ピオレドール,牡,7,56.0,481,5,仲原大,横山保,,3,1:30.9,39.5,5-5-4-4,1,481,5
2022/10/19,浦和,9,ヤングジョッキーズＴＲ浦和　第２戦Ｃ２選,1400,ダ,左,重,晴,12,6,7,ナイフレスト,牝,3,54.0,428,-11,菅原涼,藤原智,,4,1:31.5,40.3,1-1-2-1,5,428,-11
2022/10/19,浦和,9,ヤングジョッキーズＴＲ浦和　第２戦Ｃ２選,1400,ダ,左,重,晴,12,3,3,ファインアレス,牡,6,56.0,500,4,小林脩,鹿沼和,,5,1:31.9,39.1,12-12-12-8,8,500,4
2022/10/19,浦和,9,ヤングジョッキーズＴＲ浦和　第２戦Ｃ２選,1400,ダ,左,重,晴,12,7,9,ダイエービルベリー,牝,4,54.0,478,-5,室陽一,酒井一,,6,1:32.1,40.7,6-7-5-5,4,478,-5
2022/10/19,浦和,9,ヤングジョッキーズＴＲ浦和　第２戦Ｃ２選,1400,ダ,左,重,晴,12,6,8,エレダール,牡,3,56.0,449,4,佐々大,工藤伸,,7,1:32.2,40.7,10-8-6-6,2,449,4
2022/10/19,浦和,9,ヤングジョッキーズＴＲ浦和　第２戦Ｃ２選,1400,ダ,左,重,晴,12,2,2,メディアジャッカル,牝,4,54.0,447,0,山田敬,内野健,,8,1:32.3,40.4,8-9-8-8,10,447,0
2022/10/19,浦和,9,ヤングジョッキーズＴＲ浦和　第２戦Ｃ２選,1400,ダ,左,重,晴,12,8,11,メイショウイヤサカ,牝,6,54.0,461,9,西塚洸,海馬司,,9,1:32.4,39.8,11-11-10-10,11,461,9
2022/10/19,浦和,9,ヤングジョッキーズＴＲ浦和　第２戦Ｃ２選,1400,ダ,左,重,晴,12,5,6,レジュールウール,牝,4,54.0,472,-2,関本玲,野口寛,,10,1:32.8,41.4,2-3-7-7,7,472,-2
2022/10/19,浦和,9,ヤングジョッキーズＴＲ浦和　第２戦Ｃ２選,1400,ダ,左,重,晴,12,1,1,キョウエイレガード,牝,7,54.0,478,7,七夕裕,吉田正,,11,1:33.6,41.7,7-6-9-11,6,478,7
2022/10/19,浦和,9,ヤングジョッキーズＴＲ浦和　第２戦Ｃ２選,1400,ダ,左,重,晴,12,7,10,ワイドオープン,牡,3,56.0,515,33,土田真,川村守,,12,1:35.0,42.7,9-10-11-12,12,515,33
2022/10/19,浦和,10,地方競馬教養センター特別Ｃ１二,1500,ダ,左,重,晴,11,4,4,グランツ,牝,3,54.0,501,0,和田譲,小久智,,1,1:36.4,40.0,1-1-1-1,3,501,0
2022/10/19,浦和,10,地方競馬教養センター特別Ｃ１二,1500,ダ,左,重,晴,11,8,11,ジョーミニスター,牝,4,51.0,438,13,室陽一,小久智,,2,1:37.0,40.2,3-4-4-5,8,438,13
2022/10/19,浦和,10,地方競馬教養センター特別Ｃ１二,1500,ダ,左,重,晴,11,5,5,ワンダークラドート,牡,5,56.0,473,4,橋本直,鈴木勝,,3,1:37.0,40.2,5-5-5-4,7,473,4
2022/10/19,浦和,10,地方競馬教養センター特別Ｃ１二,1500,ダ,左,重,晴,11,6,6,ヤマイチキャプテン,牡,4,56.0,506,4,森泰斗,齊藤敏,,4,1:37.2,40.6,2-2-2-2,6,506,4
2022/10/19,浦和,10,地方競馬教養センター特別Ｃ１二,1500,ダ,左,重,晴,11,6,7,シントーキング,セ,0,56.0,519,2,澤田龍,林　幻,,5,1:37.3,40.2,10-9-6-6,2,519,2
2022/10/19,浦和,10,地方競馬教養センター特別Ｃ１二,1500,ダ,左,重,晴,11,2,2,ペイシャムスビ,牝,4,54.0,495,-2,篠谷葵,張田京,,6,1:37.5,40.9,4-3-3-3,4,495,-2
2022/10/19,浦和,10,地方競馬教養センター特別Ｃ１二,1500,ダ,左,重,晴,11,7,8,モンバイト,牡,3,56.0,482,12,見越彬,薮口一,,7,1:37.6,40.2,11-11-7-8,10,482,12
2022/10/19,浦和,10,地方競馬教養センター特別Ｃ１二,1500,ダ,左,重,晴,11,3,3,タケショウワンダー,牡,4,56.0,513,-7,岡村健,山本学,,8,1:37.8,40.4,9-10-10-9,1,513,-7
2022/10/19,浦和,10,地方競馬教養センター特別Ｃ１二,1500,ダ,左,重,晴,11,7,9,キョウエイシャイン,牝,3,54.0,464,-3,秋元耕,小澤宏,,9,1:37.8,40.5,8-8-8-7,9,464,-3
2022/10/19,浦和,10,地方競馬教養センター特別Ｃ１二,1500,ダ,左,重,晴,11,8,10,モリトローテローゼ,牝,6,52.0,493,3,新原周,水野貴,,10,1:38.8,41.5,6-7-9-10,5,493,3
2022/10/19,浦和,10,地方競馬教養センター特別Ｃ１二,1500,ダ,左,重,晴,11,1,1,キックフリップ,牝,3,54.0,467,7,吉留孝,野口孝,,11,1:39.4,42.1,7-6-11-11,11,467,7
2022/10/19,浦和,11,埼玉新聞栄冠賞３上オープン,2000,ダ,左,重,晴,12,3,3,ライトウォーリア,牡,5,58.0,496,-8,矢野貴,内田勝,,1,2:08.9,40.4,1-1-1-1,6,496,-8
2022/10/19,浦和,11,埼玉新聞栄冠賞３上オープン,2000,ダ,左,重,晴,12,2,2,マンガン,牡,5,58.0,463,0,山崎誠,石井勝,,2,2:09.5,38.3,12-12-12-7,5,463,0
2022/10/19,浦和,11,埼玉新聞栄冠賞３上オープン,2000,ダ,左,重,晴,12,1,1,エルデュクラージュ,セ,0,58.0,512,10,本田重,川島一,,3,2:09.6,40.6,3-3-2-2,3,512,10
2022/10/19,浦和,11,埼玉新聞栄冠賞３上オープン,2000,ダ,左,重,晴,12,8,12,タービランス,牡,9,58.0,538,-2,笹川翼,水野貴,,4,2:09.8,40.4,7-6-5-3,2,538,-2
2022/10/19,浦和,11,埼玉新聞栄冠賞３上オープン,2000,ダ,左,重,晴,12,5,5,エメリミット,牡,5,58.0,492,8,山口達,林正人,,5,2:10.4,41.0,6-7-6-5,12,492,8
2022/10/19,浦和,11,埼玉新聞栄冠賞３上オープン,2000,ダ,左,重,晴,12,7,9,パストーソ,牡,4,58.0,499,3,石崎駿,月岡健,,6,2:10.7,40.8,9-9-8-10,10,499,3
2022/10/19,浦和,11,埼玉新聞栄冠賞３上オープン,2000,ダ,左,重,晴,12,7,10,ジョエル,牡,4,58.0,513,-13,庄司大,張田京,,7,2:10.8,40.6,11-11-11-11,11,513,-13
2022/10/19,浦和,11,埼玉新聞栄冠賞３上オープン,2000,ダ,左,重,晴,12,8,11,ランリョウオー,牡,4,58.0,469,4,本橋孝,小久智,,8,2:10.9,41.9,5-4-3-4,1,469,4
2022/10/19,浦和,11,埼玉新聞栄冠賞３上オープン,2000,ダ,左,重,晴,12,4,4,タカジョー,牡,4,54.0,477,12,町田直,宇野博,,9,2:11.1,40.9,10-10-9-9,4,477,12
2022/10/19,浦和,11,埼玉新聞栄冠賞３上オープン,2000,ダ,左,重,晴,12,5,6,トランセンデンス,牡,4,58.0,488,8,森泰斗,小久智,,10,2:12.5,43.5,2-2-4-6,7,488,8
2022/10/19,浦和,11,埼玉新聞栄冠賞３上オープン,2000,ダ,左,重,晴,12,6,7,フレールフィーユ,牡,3,56.0,488,-5,和田譲,野口寛,,11,2:12.9,43.5,4-5-10-12,8,488,-5
2022/10/19,浦和,11,埼玉新聞栄冠賞３上オープン,2000,ダ,左,重,晴,12,6,8,リッカルド,セ,0,58.0,515,0,笠野雄,佐藤太,,12,2:13.3,43.7,8-8-7-8,9,515,0
2022/10/19,浦和,12,陽月特別Ｂ３三,1500,ダ,左,重,晴,11,6,7,トーセンフランク,牡,4,56.0,505,7,笹川翼,小久智,,1,1:36.9,38.2,3-3-3-2,1,505,7
2022/10/19,浦和,12,陽月特別Ｂ３三,1500,ダ,左,重,晴,11,7,9,デクスター,セ,0,56.0,481,14,本田重,水野貴,,2,1:36.9,38.2,2-2-2-3,2,481,14
2022/10/19,浦和,12,陽月特別Ｂ３三,1500,ダ,左,重,晴,11,6,6,マコトダイトウレン,牝,3,54.0,478,-1,森泰斗,川島一,,3,1:37.4,38.7,1-1-1-1,3,478,-1
2022/10/19,浦和,12,陽月特別Ｂ３三,1500,ダ,左,重,晴,11,3,3,エレガンテヴァイゼ,牡,6,53.0,554,6,野畑凌,吉橋淳,,4,1:37.8,38.1,8-7-6-6,9,554,6
2022/10/19,浦和,12,陽月特別Ｂ３三,1500,ダ,左,重,晴,11,8,10,エスケントバゴ,牡,3,56.0,461,-1,矢野貴,新井清,,5,1:37.9,37.8,9-9-9-7,4,461,-1
2022/10/19,浦和,12,陽月特別Ｂ３三,1500,ダ,左,重,晴,11,8,11,キングバーグ,牡,5,56.0,506,9,和田譲,宇野博,,6,1:38.5,39.4,5-6-4-4,6,506,9
2022/10/19,浦和,12,陽月特別Ｂ３三,1500,ダ,左,重,晴,11,5,5,ニッチモサッチモ,セ,0,56.0,463,14,山中悠,伊藤滋,,7,1:38.6,38.1,11-11-11-9,11,463,14
2022/10/19,浦和,12,陽月特別Ｂ３三,1500,ダ,左,重,晴,11,7,8,マナーザマジック,牡,5,53.0,459,0,木間龍,野口孝,,8,1:38.7,39.6,6-5-5-5,7,459,0
2022/10/19,浦和,12,陽月特別Ｂ３三,1500,ダ,左,重,晴,11,2,2,アナザークイーン,牝,6,54.0,473,5,篠谷葵,橋本馬,,9,1:38.8,38.5,10-10-10-10,8,473,5
2022/10/19,浦和,12,陽月特別Ｂ３三,1500,ダ,左,重,晴,11,4,4,マルルットゥ,牝,3,52.0,444,7,新原周,水野貴,,10,1:39.0,39.1,7-8-8-8,5,444,7
2022/10/19,浦和,12,陽月特別Ｂ３三,1500,ダ,左,重,晴,11,1,1,プリンスチャーム,セ,0,56.0,461,-1,瀬川将,栗田裕,,11,1:40.2,40.9,4-4-7-11,10,461,-1
2022/10/20,浦和,1,３歳四選抜馬イ,1400,ダ,左,稍重,晴,8,7,7,ネクタリス,牡,3,56.0,484,16,真島大,繁田健,,1,1:31.5,40.0,1-1-1-1,1,484,16
2022/10/20,浦和,1,３歳四選抜馬イ,1400,ダ,左,稍重,晴,8,1,1,サンボールダー,牝,3,54.0,479,5,保園翔,川村守,,2,1:32.6,40.6,5-4-4-3,5,479,5
2022/10/20,浦和,1,３歳四選抜馬イ,1400,ダ,左,稍重,晴,8,8,8,ツーエムロケット,セ,0,53.0,491,12,野畑凌,小澤宏,,3,1:32.6,41.1,2-2-2-2,3,491,12
2022/10/20,浦和,1,３歳四選抜馬イ,1400,ダ,左,稍重,晴,8,5,5,ライディーン,牡,3,56.0,496,8,加藤和,川島豊,,4,1:34.1,40.9,7-8-7-7,7,496,8
2022/10/20,浦和,1,３歳四選抜馬イ,1400,ダ,左,稍重,晴,8,4,4,キネンビ,牝,3,54.0,451,5,秋元耕,薮口一,,5,1:34.2,41.8,4-5-6-6,6,451,5
2022/10/20,浦和,1,３歳四選抜馬イ,1400,ダ,左,稍重,晴,8,6,6,ベロア,牝,3,54.0,423,3,見越彬,工藤伸,,6,1:34.2,41.8,6-6-5-4,4,423,3
2022/10/20,浦和,1,３歳四選抜馬イ,1400,ダ,左,稍重,晴,8,3,3,ユカリン,牡,3,56.0,478,5,山中悠,伊藤滋,,7,1:34.7,41.1,8-7-8-8,8,478,5
2022/10/20,浦和,1,３歳四選抜馬イ,1400,ダ,左,稍重,晴,8,2,2,ハマベノルンナ,牝,3,54.0,457,25,和田譲,宇野博,,8,1:35.4,43.6,3-3-3-5,2,457,25
2022/10/20,浦和,2,３歳四選抜馬ア,1400,ダ,左,稍重,晴,7,1,1,シシャモ,牝,3,50.0,436,3,小林捺,工藤伸,,1,1:31.2,39.8,1-1-2-1,4,436,3
2022/10/20,浦和,2,３歳四選抜馬ア,1400,ダ,左,稍重,晴,7,3,3,クルベリ,セ,0,56.0,514,11,笹川翼,小澤宏,,2,1:31.7,40.3,6-5-2-2,3,514,11
2022/10/20,浦和,2,３歳四選抜馬ア,1400,ダ,左,稍重,晴,7,5,5,ヘレンキムゼー,牡,3,56.0,479,-2,森泰斗,内田勝,,3,1:32.0,40.6,4-3-1-2,1,479,-2
2022/10/20,浦和,2,３歳四選抜馬ア,1400,ダ,左,稍重,晴,7,4,4,ヴァンドール,牡,3,56.0,454,-4,真島大,繁田健,,4,1:32.1,40.3,5-6-5-4,2,454,-4
2022/10/20,浦和,2,３歳四選抜馬ア,1400,ダ,左,稍重,晴,7,2,2,トゥルーブルー,牡,3,56.0,437,17,秋元耕,牛房榮,,5,1:33.1,40.3,7-7-7-6,7,437,17
2022/10/20,浦和,2,３歳四選抜馬ア,1400,ダ,左,稍重,晴,7,6,6,フラッシュサンダー,牝,3,54.0,416,-6,半澤慶,藤原智,,6,1:33.2,41.6,2-2-4-5,6,416,-6
2022/10/20,浦和,2,３歳四選抜馬ア,1400,ダ,左,稍重,晴,7,7,7,ハルノトゥーリ,牝,3,54.0,471,-2,吉留孝,薮口一,,7,1:34.4,42.4,3-4-6-7,5,471,-2
2022/10/20,浦和,3,浦和８００ラウンドＣ３選抜馬イ,800,ダ,左,稍重,晴,12,6,7,ヘデラ,牝,6,54.0,444,4,寺島憂,箕輪武,,1,0:48.1,36.1,1-1,8,444,4
2022/10/20,浦和,3,浦和８００ラウンドＣ３選抜馬イ,800,ダ,左,稍重,晴,12,7,10,ダンストンラソ,牝,7,54.0,454,-5,見越彬,野口孝,,2,0:49.6,37.4,2-2,1,454,-5
2022/10/20,浦和,3,浦和８００ラウンドＣ３選抜馬イ,800,ダ,左,稍重,晴,12,8,12,トーセンイザベル,牝,4,53.0,450,26,七夕裕,海馬司,,3,0:49.9,37.4,4-3,6,450,26
2022/10/20,浦和,3,浦和８００ラウンドＣ３選抜馬イ,800,ダ,左,稍重,晴,12,1,1,ビーストファング,牡,5,53.0,494,9,木間龍,玉井昇,,4,0:50.1,37.4,5-4,3,494,9
2022/10/20,浦和,3,浦和８００ラウンドＣ３選抜馬イ,800,ダ,左,稍重,晴,12,5,5,クロノエンプレス,牝,5,54.0,471,6,橋本直,酒井一,,5,0:50.2,37.5,6-6,2,471,6
2022/10/20,浦和,3,浦和８００ラウンドＣ３選抜馬イ,800,ダ,左,稍重,晴,12,5,6,ニシノマッハ,牡,8,56.0,480,8,國分祐,冨田敏,,6,0:50.4,37.7,8-8,9,480,8
2022/10/20,浦和,3,浦和８００ラウンドＣ３選抜馬イ,800,ダ,左,稍重,晴,12,7,9,ゴールドスペンサー,牡,4,56.0,486,9,秋元耕,吉田正,,7,0:50.5,37.4,9-9,7,486,9
2022/10/20,浦和,3,浦和８００ラウンドＣ３選抜馬イ,800,ダ,左,稍重,晴,12,8,11,ネオペトリコール,牝,4,50.0,412,17,中島良,酒井一,,8,0:50.5,38.1,3-5,10,412,17
2022/10/20,浦和,3,浦和８００ラウンドＣ３選抜馬イ,800,ダ,左,稍重,晴,12,3,3,メロメロパンチ,牝,9,54.0,490,7,福原杏,内野健,,9,0:50.6,37.9,7-7,5,490,7
2022/10/20,浦和,3,浦和８００ラウンドＣ３選抜馬イ,800,ダ,左,稍重,晴,12,2,2,フライトメモリア,牝,4,54.0,514,-9,山中悠,川村守,,10,0:51.0,37.5,11-11,4,514,-9
2022/10/20,浦和,3,浦和８００ラウンドＣ３選抜馬イ,800,ダ,左,稍重,晴,12,4,4,リアルドリーム,牝,4,54.0,445,7,加藤和,川島豊,,11,0:51.2,37.9,10-10,11,445,7
2022/10/20,浦和,3,浦和８００ラウンドＣ３選抜馬イ,800,ダ,左,稍重,晴,12,6,8,シャインルビー,牝,5,54.0,428,-7,赤津和,川村守,,12,0:52.5,39.2,11-12,12,428,-7
2022/10/20,浦和,4,浦和８００ラウンドＣ３選抜馬ア,800,ダ,左,稍重,晴,12,8,11,ゲツレンカ,牝,4,54.0,446,0,森泰斗,齊藤敏,,1,0:49.5,37.0,1-1,1,446,0
2022/10/20,浦和,4,浦和８００ラウンドＣ３選抜馬ア,800,ダ,左,稍重,晴,12,2,2,ヴィクトリアブーケ,牝,4,54.0,389,3,矢野貴,薮口一,,2,0:50.0,37.1,6-4,5,389,3
2022/10/20,浦和,4,浦和８００ラウンドＣ３選抜馬ア,800,ダ,左,稍重,晴,12,6,8,ピノゼン,牝,6,52.0,488,-2,新原周,野口孝,,2,0:50.0,37.3,3-3,2,488,-2
2022/10/20,浦和,4,浦和８００ラウンドＣ３選抜馬ア,800,ダ,左,稍重,晴,12,3,3,シエスタキー,牡,5,56.0,506,2,山中悠,川村守,,4,0:50.0,37.1,7-6,8,506,2
2022/10/20,浦和,4,浦和８００ラウンドＣ３選抜馬ア,800,ダ,左,稍重,晴,12,8,12,ダイバキャッツアイ,牝,5,54.0,471,11,赤津和,箕輪武,,5,0:50.0,37.3,2-2,6,471,11
2022/10/20,浦和,4,浦和８００ラウンドＣ３選抜馬ア,800,ダ,左,稍重,晴,12,4,4,ルア,牝,8,54.0,471,5,寺島憂,内野健,,6,0:50.4,37.5,4-5,10,471,5
2022/10/20,浦和,4,浦和８００ラウンドＣ３選抜馬ア,800,ダ,左,稍重,晴,12,6,7,クールスパート,牡,7,56.0,466,-5,見越彬,野口寛,,7,0:50.5,37.1,9-10,7,466,-5
2022/10/20,浦和,4,浦和８００ラウンドＣ３選抜馬ア,800,ダ,左,稍重,晴,12,1,1,サプライズギフト,牝,4,50.0,426,3,中島良,川島豊,,8,0:50.6,37.4,8-7,9,426,3
2022/10/20,浦和,4,浦和８００ラウンドＣ３選抜馬ア,800,ダ,左,稍重,晴,12,7,10,カズアティシャ,牡,4,56.0,507,5,半澤慶,牛房榮,,9,0:51.2,38.4,5-8,3,507,5
2022/10/20,浦和,4,浦和８００ラウンドＣ３選抜馬ア,800,ダ,左,稍重,晴,12,5,5,レイリアン,牝,5,54.0,414,4,國分祐,冨田敏,,10,0:51.2,37.5,10-9,12,414,4
2022/10/20,浦和,4,浦和８００ラウンドＣ３選抜馬ア,800,ダ,左,稍重,晴,12,5,6,ホクセツ,セ,0,56.0,548,19,秋元耕,箕輪武,,11,0:51.9,37.7,12-12,4,548,19
2022/10/20,浦和,4,浦和８００ラウンドＣ３選抜馬ア,800,ダ,左,稍重,晴,12,7,9,スクリームイーグル,セ,0,56.0,453,-4,櫻井光,酒井一,,12,0:51.9,37.7,11-11,11,453,-4
2022/10/20,浦和,5,Ｃ３三,1400,ダ,左,稍重,晴,12,7,9,エイシンキンバリー,牝,4,54.0,427,4,藤本現,小久智,,1,1:31.6,40.5,1-1-1-1,3,427,4
2022/10/20,浦和,5,Ｃ３三,1400,ダ,左,稍重,晴,12,3,3,コウユープリティー,牝,4,54.0,456,8,福原杏,宇野博,,2,1:31.7,38.8,7-5-5-3,1,456,8
2022/10/20,浦和,5,Ｃ３三,1400,ダ,左,稍重,晴,12,8,12,ショウイモン,牝,5,51.0,438,14,室陽一,内野健,,3,1:31.9,40.6,3-3-2-2,2,438,14
2022/10/20,浦和,5,Ｃ３三,1400,ダ,左,稍重,晴,12,5,6,ピエナゴールド,牡,4,56.0,475,-3,増田充,村田六,,4,1:32.5,39.2,9-8-7-5,9,475,-3
2022/10/20,浦和,5,Ｃ３三,1400,ダ,左,稍重,晴,12,7,10,スプリングネージュ,牝,4,54.0,425,7,赤津和,川村守,,5,1:33.2,40.1,6-7-6-7,7,425,7
2022/10/20,浦和,5,Ｃ３三,1400,ダ,左,稍重,晴,12,4,4,ワンダーニメンソウ,牝,4,54.0,477,-4,橋本直,鈴木勝,,6,1:33.3,39.8,8-9-8-8,5,477,-4
2022/10/20,浦和,5,Ｃ３三,1400,ダ,左,稍重,晴,12,2,2,ゴッドデサフィオ,牡,4,56.0,438,5,臼井健,凾館一,,7,1:33.4,41.3,4-4-4-6,6,438,5
2022/10/20,浦和,5,Ｃ３三,1400,ダ,左,稍重,晴,12,8,11,ハクサンバレー,牝,5,54.0,435,1,小杉亮,森　始,,8,1:33.6,39.3,10-12-12-9,8,435,1
2022/10/20,浦和,5,Ｃ３三,1400,ダ,左,稍重,晴,12,6,7,マリアフィナーレ,牝,5,53.0,442,1,七夕裕,小林真,,9,1:33.6,42.3,2-2-3-4,4,442,1
2022/10/20,浦和,5,Ｃ３三,1400,ダ,左,稍重,晴,12,6,8,マッシュブライト,牝,4,54.0,470,1,保園翔,酒井一,,10,1:34.5,40.6,12-10-10-10,10,470,1
2022/10/20,浦和,5,Ｃ３三,1400,ダ,左,稍重,晴,12,1,1,ゴールドアクセル,牡,4,56.0,516,2,高橋哲,鹿沼和,,11,1:35.5,41.6,11-11-11-11,11,516,2
2022/10/20,浦和,5,Ｃ３三,1400,ダ,左,稍重,晴,12,5,5,ニシノカシン,牡,4,56.0,463,-1,國分祐,冨田敏,,12,1:37.7,44.4,5-6-9-12,12,463,-1
2022/10/20,浦和,6,ランチタイムチャレンジＣ２七 八,1400,ダ,左,稍重,晴,8,5,5,フィニッシュムーヴ,牡,3,56.0,488,18,笹川翼,鹿沼和,,1,1:31.8,40.3,1-1-1-1,2,488,18
2022/10/20,浦和,6,ランチタイムチャレンジＣ２七 八,1400,ダ,左,稍重,晴,8,7,7,ソーサレス,牝,3,54.0,495,9,福原杏,小澤宏,,2,1:32.2,40.7,2-2-2-2,4,495,9
2022/10/20,浦和,6,ランチタイムチャレンジＣ２七 八,1400,ダ,左,稍重,晴,8,8,8,ビタースマイル,牝,3,54.0,448,-1,森泰斗,水野貴,,3,1:32.3,40.6,3-3-3-3,1,448,-1
2022/10/20,浦和,6,ランチタイムチャレンジＣ２七 八,1400,ダ,左,稍重,晴,8,3,3,テンダーメモリー,牝,3,52.0,476,8,新原周,宇野博,,4,1:32.6,39.7,8-8-8-6,3,476,8
2022/10/20,浦和,6,ランチタイムチャレンジＣ２七 八,1400,ダ,左,稍重,晴,8,6,6,エメラルスマイル,牝,4,51.0,442,2,木間龍,佐々清,,5,1:32.8,41.0,7-4-4-5,6,442,2
2022/10/20,浦和,6,ランチタイムチャレンジＣ２七 八,1400,ダ,左,稍重,晴,8,4,4,クー,牝,3,54.0,463,9,岡田大,牛房榮,,6,1:33.0,40.7,4-7-5-4,5,463,9
2022/10/20,浦和,6,ランチタイムチャレンジＣ２七 八,1400,ダ,左,稍重,晴,8,2,2,ラクスシャルキ,牝,3,54.0,442,-5,秋元耕,酒井一,,7,1:33.8,41.3,5-6-7-8,7,442,-5
2022/10/20,浦和,6,ランチタイムチャレンジＣ２七 八,1400,ダ,左,稍重,晴,8,1,1,ミルティー,牝,3,51.0,422,-1,室陽一,横山保,,8,1:34.0,41.5,6-5-6-7,8,422,-1
2022/10/20,浦和,7,Ｊ認 新風特別２歳一,1500,ダ,左,稍重,晴,10,2,2,アイグレース,牝,2,54.0,444,8,秋元耕,岡田一,,1,1:39.3,42.2,1-1-1-1,5,444,8
2022/10/20,浦和,7,Ｊ認 新風特別２歳一,1500,ダ,左,稍重,晴,10,7,7,カナリアフレイバー,牡,2,55.0,455,6,笹川翼,稲益貴,,2,1:39.8,42.2,4-4-3-3,2,455,6
2022/10/20,浦和,7,Ｊ認 新風特別２歳一,1500,ダ,左,稍重,晴,10,3,3,テナシャスバイオ,牡,2,55.0,441,4,岡村健,岡林光,,3,1:39.8,42.5,2-2-2-2,3,441,4
2022/10/20,浦和,7,Ｊ認 新風特別２歳一,1500,ダ,左,稍重,晴,10,7,8,マサカド,牡,2,55.0,452,7,今野忠,佐藤博,,4,1:39.9,40.9,10-9-7-5,7,452,7
2022/10/20,浦和,7,Ｊ認 新風特別２歳一,1500,ダ,左,稍重,晴,10,1,1,グレートジャーニー,牡,2,56.0,457,9,矢野貴,小久智,,5,1:40.1,42.3,6-6-4-4,1,457,9
2022/10/20,浦和,7,Ｊ認 新風特別２歳一,1500,ダ,左,稍重,晴,10,4,4,ゴーストバスター,牡,2,55.0,517,3,庄司大,張田京,,6,1:40.6,41.2,8-8-8-7,4,517,3
2022/10/20,浦和,7,Ｊ認 新風特別２歳一,1500,ダ,左,稍重,晴,10,8,10,スマイルマハロ,牡,2,55.0,493,9,見越彬,宇野博,,7,1:42.0,44.2,5-5-5-6,8,493,9
2022/10/20,浦和,7,Ｊ認 新風特別２歳一,1500,ダ,左,稍重,晴,10,6,6,ハッサクサン,牝,2,54.0,477,0,福原杏,水野貴,,8,1:42.1,42.7,9-10-9-9,6,477,0
2022/10/20,浦和,7,Ｊ認 新風特別２歳一,1500,ダ,左,稍重,晴,10,5,5,アメリカンライト,牝,2,54.0,426,-1,増田充,加藤誠,,9,1:42.2,44.2,3-3-6-8,10,426,-1
2022/10/20,浦和,7,Ｊ認 新風特別２歳一,1500,ダ,左,稍重,晴,10,8,9,モモアカ,牝,2,54.0,416,8,岡田大,川村守,,10,1:42.7,43.5,7-7-10-10,9,416,8
2022/10/20,浦和,8,Ｃ２七 八,1500,ダ,左,稍重,晴,11,5,5,トミケンミステリオ,牡,6,56.0,468,-7,笹川翼,伊藤滋,,1,1:38.4,40.1,4-4-4-4,1,468,-7
2022/10/20,浦和,8,Ｃ２七 八,1500,ダ,左,稍重,晴,11,8,10,ライドアクロス,牝,3,54.0,512,1,本橋孝,石井勝,,2,1:38.4,40.4,3-3-3-1,3,512,1
2022/10/20,浦和,8,Ｃ２七 八,1500,ダ,左,稍重,晴,11,3,3,ニューディヴァイド,セ,0,56.0,472,-8,山崎誠,山崎尋,,3,1:38.9,39.5,10-10-8-6,7,472,-8
2022/10/20,浦和,8,Ｃ２七 八,1500,ダ,左,稍重,晴,11,7,9,イエローリボン,牝,5,52.0,464,-4,菅原涼,藤原智,,4,1:39.4,41.4,2-2-1-2,4,464,-4
2022/10/20,浦和,8,Ｃ２七 八,1500,ダ,左,稍重,晴,11,6,6,セイエイビビット,牝,6,54.0,545,6,内田利,岡田一,,5,1:39.6,40.7,5-7-7-7,5,545,6
2022/10/20,浦和,8,Ｃ２七 八,1500,ダ,左,稍重,晴,11,6,7,エイシンビースト,牡,4,56.0,449,2,福原杏,薮口一,,6,1:39.8,41.2,7-6-5-5,9,449,2
2022/10/20,浦和,8,Ｃ２七 八,1500,ダ,左,稍重,晴,11,2,2,コンバットマジック,牝,4,54.0,467,3,秋元耕,川島豊,,7,1:40.0,42.1,1-1-2-3,10,467,3
2022/10/20,浦和,8,Ｃ２七 八,1500,ダ,左,稍重,晴,11,8,11,プレミアムプリモ,牝,5,54.0,474,15,橋本直,平山真,,8,1:41.0,41.9,8-8-9-9,6,474,15
2022/10/20,浦和,8,Ｃ２七 八,1500,ダ,左,稍重,晴,11,4,4,キョウエイアップ,牡,4,56.0,496,-10,藤本現,小澤宏,,9,1:41.2,41.2,11-11-11-11,11,496,-10
2022/10/20,浦和,8,Ｃ２七 八,1500,ダ,左,稍重,晴,11,7,8,キングブルズアイズ,牡,3,56.0,479,-1,真島大,繁田健,,10,1:41.2,42.6,6-5-6-8,2,479,-1
2022/10/20,浦和,8,Ｃ２七 八,1500,ダ,左,稍重,晴,11,1,1,エイシンスマッシュ,牡,3,56.0,469,4,保園翔,山越光,,11,1:41.4,42.0,9-9-10-10,8,469,4
2022/10/20,浦和,9,ブランド野菜　みよし野菜賞Ｃ１七,1500,ダ,左,稍重,晴,10,4,4,アルティスタエース,牡,7,56.0,491,1,福原杏,繁田健,,1,1:37.4,39.7,3-3-2-2,1,491,1
2022/10/20,浦和,9,ブランド野菜　みよし野菜賞Ｃ１七,1500,ダ,左,稍重,晴,10,7,8,ノブヘンドリックス,牡,4,56.0,485,11,西啓太,小久智,,2,1:37.8,40.5,1-1-1-1,2,485,11
2022/10/20,浦和,9,ブランド野菜　みよし野菜賞Ｃ１七,1500,ダ,左,稍重,晴,10,7,7,ニシノアクシス,牡,5,56.0,502,-6,岡田大,冨田敏,,3,1:38.1,39.6,4-4-4-4,6,502,-6
2022/10/20,浦和,9,ブランド野菜　みよし野菜賞Ｃ１七,1500,ダ,左,稍重,晴,10,8,10,ラヴィンツァラ,牝,5,54.0,474,5,橋本直,平山真,,4,1:39.1,41.4,2-2-3-3,3,474,5
2022/10/20,浦和,9,ブランド野菜　みよし野菜賞Ｃ１七,1500,ダ,左,稍重,晴,10,1,1,ソウヤミサキ,牝,4,52.0,462,3,新原周,岡田一,,5,1:39.3,39.4,9-9-9-7,5,462,3
2022/10/20,浦和,9,ブランド野菜　みよし野菜賞Ｃ１七,1500,ダ,左,稍重,晴,10,2,2,シゲルハクチョウザ,牝,5,54.0,450,1,伊藤裕,久保秀,,6,1:39.6,40.6,7-6-6-5,7,450,1
2022/10/20,浦和,9,ブランド野菜　みよし野菜賞Ｃ１七,1500,ダ,左,稍重,晴,10,6,6,セイウンヒュージ,牡,5,56.0,483,-2,國分祐,冨田敏,,7,1:39.8,41.1,5-5-5-6,8,483,-2
2022/10/20,浦和,9,ブランド野菜　みよし野菜賞Ｃ１七,1500,ダ,左,稍重,晴,10,5,5,サントレゾール,牡,4,56.0,476,14,山口達,林正人,,8,1:40.2,40.7,8-8-8-8,9,476,14
2022/10/20,浦和,9,ブランド野菜　みよし野菜賞Ｃ１七,1500,ダ,左,稍重,晴,10,8,9,ナインボール,牝,4,54.0,440,2,和田譲,山田質,,9,1:41.4,42.3,6-7-7-9,4,440,2
2022/10/20,浦和,9,ブランド野菜　みよし野菜賞Ｃ１七,1500,ダ,左,稍重,晴,10,3,3,イサチルレジェーロ,牡,3,56.0,0,0,町田直,宇野博,,,,,,,0,0
2022/10/20,浦和,10,Ｊ交 マルチフェア特別Ｂ２Ｂ３選抜馬,1400,ダ,左,稍重,晴,12,8,12,ジャックオレンジ,セ,0,57.0,492,2,和田譲,新井清,,1,1:29.6,39.0,10-9-4-3,1,492,2
2022/10/20,浦和,10,Ｊ交 マルチフェア特別Ｂ２Ｂ３選抜馬,1400,ダ,左,稍重,晴,12,2,2,デームフォーチュン,牝,3,51.0,475,-1,今村聖,高野友,,2,1:29.9,38.9,11-11-8-5,2,475,-1
2022/10/20,浦和,10,Ｊ交 マルチフェア特別Ｂ２Ｂ３選抜馬,1400,ダ,左,稍重,晴,12,5,6,メリーセンス,牡,3,57.0,506,6,森泰斗,森秀行,,3,1:30.5,40.6,2-2-1-1,3,506,6
2022/10/20,浦和,10,Ｊ交 マルチフェア特別Ｂ２Ｂ３選抜馬,1400,ダ,左,稍重,晴,12,6,8,シャイニー,牡,6,57.0,517,3,山崎誠,野口寛,,4,1:30.5,39.9,5-5-9-8,5,517,3
2022/10/20,浦和,10,Ｊ交 マルチフェア特別Ｂ２Ｂ３選抜馬,1400,ダ,左,稍重,晴,12,3,3,ショーショーショー,牡,5,57.0,523,-4,岡村健,鈴木伸,,5,1:30.6,39.5,12-12-10-9,10,523,-4
2022/10/20,浦和,10,Ｊ交 マルチフェア特別Ｂ２Ｂ３選抜馬,1400,ダ,左,稍重,晴,12,6,7,コウユーラヴラヴ,牝,4,55.0,493,12,町田直,宇野博,,6,1:30.6,40.6,3-3-2-4,8,493,12
2022/10/20,浦和,10,Ｊ交 マルチフェア特別Ｂ２Ｂ３選抜馬,1400,ダ,左,稍重,晴,12,7,10,リュタン,牡,3,57.0,505,9,丹内祐,武藤善,,7,1:30.6,40.6,4-4-3-2,9,505,9
2022/10/20,浦和,10,Ｊ交 マルチフェア特別Ｂ２Ｂ３選抜馬,1400,ダ,左,稍重,晴,12,1,1,ブルーローズ,牝,6,55.0,451,3,吉留孝,野口孝,,8,1:30.8,40.0,8-8-10-10,11,451,3
2022/10/20,浦和,10,Ｊ交 マルチフェア特別Ｂ２Ｂ３選抜馬,1400,ダ,左,稍重,晴,12,5,5,セカンドエフォート,牡,9,57.0,508,-2,笹川翼,村山明,,9,1:31.0,40.2,9-10-6-7,7,508,-2
2022/10/20,浦和,10,Ｊ交 マルチフェア特別Ｂ２Ｂ３選抜馬,1400,ダ,左,稍重,晴,12,8,11,キーチズカンパニー,牡,3,57.0,477,-11,菊澤一,小手準,,10,1:31.4,40.8,7-6-5-6,4,477,-11
2022/10/20,浦和,10,Ｊ交 マルチフェア特別Ｂ２Ｂ３選抜馬,1400,ダ,左,稍重,晴,12,7,9,ダウラギリ,牡,5,54.0,490,-1,室陽一,酒井一,,11,1:32.7,41.7,6-7-12-12,12,490,-1
2022/10/20,浦和,10,Ｊ交 マルチフェア特別Ｂ２Ｂ３選抜馬,1400,ダ,左,稍重,晴,12,4,4,クラップクラップ,牝,5,53.0,460,4,本橋孝,小久智,,12,1:33.0,42.6,1-1-7-11,6,460,4
2022/10/20,浦和,11,Ｊ交 けやき賞Ａ２Ｂ１選抜馬,1400,ダ,左,稍重,晴,11,7,8,ボルカンバル,セ,0,56.0,452,-10,永野猛,村山明,,1,1:29.1,38.5,10-10-7-7,7,452,-10
2022/10/20,浦和,11,Ｊ交 けやき賞Ａ２Ｂ１選抜馬,1400,ダ,左,稍重,晴,11,3,3,リュウグウハヤブサ,牡,5,57.0,495,-1,丹内祐,伊坂重,,2,1:29.1,39.2,9-6-6-4,1,495,-1
2022/10/20,浦和,11,Ｊ交 けやき賞Ａ２Ｂ１選抜馬,1400,ダ,左,稍重,晴,11,1,1,エンテレケイア,牡,4,57.0,517,-2,真島大,小久智,,3,1:29.1,39.9,1-1-1-1,2,517,-2
2022/10/20,浦和,11,Ｊ交 けやき賞Ａ２Ｂ１選抜馬,1400,ダ,左,稍重,晴,11,6,6,ハギノオーロ,牝,5,51.0,531,-5,今村聖,高野友,,4,1:29.2,39.9,2-2-1-2,3,531,-5
2022/10/20,浦和,11,Ｊ交 けやき賞Ａ２Ｂ１選抜馬,1400,ダ,左,稍重,晴,11,8,10,ニルカンタテソーロ,牡,5,57.0,453,7,森泰斗,小手準,,5,1:29.4,39.9,4-5-3-3,5,453,7
2022/10/20,浦和,11,Ｊ交 けやき賞Ａ２Ｂ１選抜馬,1400,ダ,左,稍重,晴,11,7,9,エラスムス,牡,9,54.0,478,16,野畑凌,張田京,,6,1:29.9,38.8,11-11-10-8,10,478,16
2022/10/20,浦和,11,Ｊ交 けやき賞Ａ２Ｂ１選抜馬,1400,ダ,左,稍重,晴,11,6,7,ウインプリンツ,牡,6,55.0,520,3,吉留孝,平山真,,7,1:30.6,41.1,3-3-4-6,9,520,3
2022/10/20,浦和,11,Ｊ交 けやき賞Ａ２Ｂ１選抜馬,1400,ダ,左,稍重,晴,11,2,2,ミゲル,牡,3,57.0,476,5,本田重,山中尊,,8,1:30.8,41.2,6-4-5-5,4,476,5
2022/10/20,浦和,11,Ｊ交 けやき賞Ａ２Ｂ１選抜馬,1400,ダ,左,稍重,晴,11,5,5,ラングロワ,牝,4,53.0,449,5,藤田菜,青木孝,,9,1:31.6,40.7,7-9-11-10,8,449,5
2022/10/20,浦和,11,Ｊ交 けやき賞Ａ２Ｂ１選抜馬,1400,ダ,左,稍重,晴,11,8,11,ファーストリッキー,牡,3,57.0,499,1,笹川翼,村山明,,10,1:32.2,41.9,5-7-8-11,6,499,1
2022/10/20,浦和,11,Ｊ交 けやき賞Ａ２Ｂ１選抜馬,1400,ダ,左,稍重,晴,11,4,4,ブレークオンスルー,牡,8,55.0,521,1,福原杏,冨田敏,,11,1:32.3,41.5,8-8-9-9,11,521,1
2022/10/20,浦和,12,秋の空特別Ｃ１選抜馬,2000,ダ,左,稍重,晴,8,1,1,マーシテイクオン,牡,3,56.0,481,-1,小杉亮,矢野義,,1,2:13.0,39.6,4-3-4-3,3,481,-1
2022/10/20,浦和,12,秋の空特別Ｃ１選抜馬,2000,ダ,左,稍重,晴,8,8,8,ドラム,牡,7,55.0,486,-2,池谷匠,山田質,,1,2:13.0,39.3,8-8-6-4,2,486,-2
2022/10/20,浦和,12,秋の空特別Ｃ１選抜馬,2000,ダ,左,稍重,晴,8,6,6,シンメロワン,セ,0,56.0,481,5,川島正,佐藤太,,3,2:13.5,41.8,2-2-1-1,6,481,5
2022/10/20,浦和,12,秋の空特別Ｃ１選抜馬,2000,ダ,左,稍重,晴,8,4,4,ノーブルキャニオン,牡,4,56.0,478,-6,岡村裕,八木仁,,4,2:13.6,40.0,6-6-5-6,4,478,-6
2022/10/20,浦和,12,秋の空特別Ｃ１選抜馬,2000,ダ,左,稍重,晴,8,5,5,シナノジャングル,牡,4,55.0,484,7,七夕裕,岡田一,,5,2:13.8,42.3,1-1-2-2,7,484,7
2022/10/20,浦和,12,秋の空特別Ｃ１選抜馬,2000,ダ,左,稍重,晴,8,3,3,ディスバッドマム,牝,4,54.0,451,-6,山口達,渡邊貴,,6,2:14.0,40.1,7-7-7-7,8,451,-6
2022/10/20,浦和,12,秋の空特別Ｃ１選抜馬,2000,ダ,左,稍重,晴,8,2,2,リベリュール,牡,7,56.0,502,6,真島大,繁田健,,7,2:14.6,41.3,3-4-3-5,5,502,6
2022/10/20,浦和,12,秋の空特別Ｃ１選抜馬,2000,ダ,左,稍重,晴,8,7,7,ブリリアントウェイ,牝,4,54.0,442,-4,矢野貴,古澤悟,,8,2:16.2,42.5,5-5-8-8,1,442,-4
2022/10/21,浦和,1,浦和８００ラウンド２歳選抜馬,800,ダ,左,稍重,晴,10,3,3,ピカンチダブル,牝,2,54.0,442,6,達城龍,新井清,,1,0:48.6,36.4,1-2,4,442,6
2022/10/21,浦和,1,浦和８００ラウンド２歳選抜馬,800,ダ,左,稍重,晴,10,4,4,ランディー,牡,2,55.0,434,9,高橋哲,小久智,,2,0:48.8,36.1,4-1,3,434,9
2022/10/21,浦和,1,浦和８００ラウンド２歳選抜馬,800,ダ,左,稍重,晴,10,7,8,ルヴァンモンスター,牡,2,55.0,499,6,福原杏,水野貴,,3,0:49.3,37.1,2-3,6,499,6
2022/10/21,浦和,1,浦和８００ラウンド２歳選抜馬,800,ダ,左,稍重,晴,10,1,1,トラストキンタロウ,牡,2,52.0,476,13,野畑凌,吉橋淳,,4,0:49.7,36.8,6-5,7,476,13
2022/10/21,浦和,1,浦和８００ラウンド２歳選抜馬,800,ダ,左,稍重,晴,10,8,10,モエヨジャンヌ,牝,2,54.0,409,4,内田利,箕輪武,,5,0:49.7,37.0,5-6,5,409,4
2022/10/21,浦和,1,浦和８００ラウンド２歳選抜馬,800,ダ,左,稍重,晴,10,5,5,スピードスター,牝,2,54.0,467,23,橋本直,平山真,,6,0:49.8,37.5,3-4,1,467,23
2022/10/21,浦和,1,浦和８００ラウンド２歳選抜馬,800,ダ,左,稍重,晴,10,7,7,リュウノローランド,牝,2,54.0,458,6,森泰斗,齊藤敏,,7,0:49.9,36.8,8-8,2,458,6
2022/10/21,浦和,1,浦和８００ラウンド２歳選抜馬,800,ダ,左,稍重,晴,10,6,6,ユウユウピッコラ,牝,2,50.0,422,7,中島良,横山保,,8,0:50.2,36.9,9-7,10,422,7
2022/10/21,浦和,1,浦和８００ラウンド２歳選抜馬,800,ダ,左,稍重,晴,10,8,9,ゴーゴームスメ,牝,2,54.0,425,0,見越彬,鹿沼和,,9,0:50.7,37.6,7-9,9,425,0
2022/10/21,浦和,1,浦和８００ラウンド２歳選抜馬,800,ダ,左,稍重,晴,10,2,2,アメ,牝,2,54.0,431,1,加藤和,長谷忍,,10,0:52.6,38.9,10-10,8,431,1
2022/10/21,浦和,2,２歳六,1400,ダ,左,稍重,晴,9,2,2,リングベルガール,牝,2,54.0,412,-9,森泰斗,小久智,,1,1:33.3,39.4,1-1-1-1,1,412,-9
2022/10/21,浦和,2,２歳六,1400,ダ,左,稍重,晴,9,3,3,トラックヤロー,牡,2,55.0,422,12,山崎誠,平山真,,2,1:33.8,39.9,8-5-2-2,2,422,12
2022/10/21,浦和,2,２歳六,1400,ダ,左,稍重,晴,9,5,5,ブラウンリバティ,牝,2,54.0,448,8,藤江渉,山越光,,3,1:35.6,40.9,7-6-4-4,7,448,8
2022/10/21,浦和,2,２歳六,1400,ダ,左,稍重,晴,9,6,6,ウィンターソング,牝,2,54.0,465,0,秋元耕,牛房榮,,4,1:35.8,41.9,2-2-3-3,5,465,0
2022/10/21,浦和,2,２歳六,1400,ダ,左,稍重,晴,9,8,8,シェナレモン,牝,2,54.0,424,-2,加藤和,冨田敏,,5,1:36.5,41.1,5-7-8-6,9,424,-2
2022/10/21,浦和,2,２歳六,1400,ダ,左,稍重,晴,9,7,7,ナッツナナーヤ,牡,2,55.0,484,10,庄司大,工藤伸,,6,1:36.6,41.7,4-4-6-8,3,484,10
2022/10/21,浦和,2,２歳六,1400,ダ,左,稍重,晴,9,8,9,シールドメイデン,牝,2,54.0,471,-4,櫻井光,酒井一,,7,1:36.7,42.2,3-3-5-5,4,471,-4
2022/10/21,浦和,2,２歳六,1400,ダ,左,稍重,晴,9,4,4,ノーブルエフォート,牝,2,54.0,481,-2,寺島憂,水野貴,,8,1:36.7,41.5,6-8-7-7,6,481,-2
2022/10/21,浦和,2,２歳六,1400,ダ,左,稍重,晴,9,1,1,バリバリクン,牡,2,55.0,421,-6,福原杏,小林真,,9,1:40.2,44.0,9-9-9-9,8,421,-6
2022/10/21,浦和,3,３歳四選抜馬ウ,1400,ダ,左,稍重,晴,8,5,5,リジン,牡,3,56.0,0,0,本田重,水野貴,,1,1:32.0,39.2,2-2-2-1,1,0,0
2022/10/21,浦和,3,３歳四選抜馬ウ,1400,ダ,左,稍重,晴,8,1,1,マルノコウキ,牡,3,53.0,534,11,室陽一,川村守,,2,1:32.2,39.4,1-1-1-1,4,534,11
2022/10/21,浦和,3,３歳四選抜馬ウ,1400,ダ,左,稍重,晴,8,6,6,サヨノシルバーズ,牡,3,56.0,485,-2,藤江渉,工藤伸,,3,1:32.7,39.9,3-3-3-3,2,485,-2
2022/10/21,浦和,3,３歳四選抜馬ウ,1400,ダ,左,稍重,晴,8,7,7,エスケイキャサリン,牝,3,54.0,458,2,高橋哲,薮口一,,4,1:34.1,40.5,4-4-4-4,5,458,2
2022/10/21,浦和,3,３歳四選抜馬ウ,1400,ダ,左,稍重,晴,8,4,4,シェナマジック,牡,3,56.0,430,-3,國分祐,冨田敏,,5,1:35.5,41.2,7-7-7-7,3,430,-3
2022/10/21,浦和,3,３歳四選抜馬ウ,1400,ダ,左,稍重,晴,8,2,2,フィラーズ,牡,3,56.0,456,-5,秋元耕,海馬司,,6,1:35.5,41.5,6-6-6-6,7,456,-5
2022/10/21,浦和,3,３歳四選抜馬ウ,1400,ダ,左,稍重,晴,8,8,8,ヒナマル,牝,3,52.0,416,-6,菅原涼,長谷忍,,7,1:36.7,43.5,5-5-5-5,8,416,-6
2022/10/21,浦和,3,３歳四選抜馬ウ,1400,ダ,左,稍重,晴,8,3,3,デジール,セ,0,56.0,0,0,半澤慶,宇野博,,8,1:41.5,45.0,8-8-8-8,6,0,0
2022/10/21,浦和,4,Ｃ２九 十 十一,1400,ダ,左,稍重,晴,12,7,9,ブルベアマイル,牡,5,55.0,457,6,七夕裕,岡田一,,1,1:31.1,39.8,1-1-1-1,5,457,6
2022/10/21,浦和,4,Ｃ２九 十 十一,1400,ダ,左,稍重,晴,12,5,6,フリーズオプション,牡,6,56.0,478,2,吉留孝,薮口一,,2,1:31.6,39.7,7-8-6-4,2,478,2
2022/10/21,浦和,4,Ｃ２九 十 十一,1400,ダ,左,稍重,晴,12,1,1,ツクバマリア,牝,5,54.0,469,-2,福原杏,平山真,,3,1:31.7,39.8,8-6-7-5,8,469,-2
2022/10/21,浦和,4,Ｃ２九 十 十一,1400,ダ,左,稍重,晴,12,7,10,トーアクリスティー,牝,7,54.0,401,2,森泰斗,齊藤敏,,4,1:31.7,39.4,12-12-8-7,4,401,2
2022/10/21,浦和,4,Ｃ２九 十 十一,1400,ダ,左,稍重,晴,12,8,11,ブルーティアーズ,牝,5,54.0,502,2,藤江渉,山越光,,5,1:31.7,40.4,5-4-2-2,9,502,2
2022/10/21,浦和,4,Ｃ２九 十 十一,1400,ダ,左,稍重,晴,12,6,8,マスオ,牡,9,54.0,429,10,新原周,野口孝,,6,1:32.1,40.8,2-2-3-3,12,429,10
2022/10/21,浦和,4,Ｃ２九 十 十一,1400,ダ,左,稍重,晴,12,4,4,ワンダーヘーヒスト,牡,8,56.0,471,7,橋本直,鈴木勝,,7,1:32.6,40.1,10-11-12-9,1,471,7
2022/10/21,浦和,4,Ｃ２九 十 十一,1400,ダ,左,稍重,晴,12,2,2,フェイドハード,牡,5,56.0,511,5,加藤和,長谷忍,,8,1:32.8,41.3,4-5-4-6,3,511,5
2022/10/21,浦和,4,Ｃ２九 十 十一,1400,ダ,左,稍重,晴,12,3,3,ワールドウィスラー,牡,5,56.0,465,5,高橋哲,吉田正,,9,1:33.1,40.6,11-10-11-8,10,465,5
2022/10/21,浦和,4,Ｃ２九 十 十一,1400,ダ,左,稍重,晴,12,8,12,タツミアンダルシア,牡,8,56.0,484,0,本橋孝,石井勝,,10,1:33.1,41.2,6-7-9-11,6,484,0
2022/10/21,浦和,4,Ｃ２九 十 十一,1400,ダ,左,稍重,晴,12,5,5,リュウノイノリ,牡,5,55.0,452,3,古岡勇,鹿沼和,,11,1:33.2,41.7,3-3-5-10,7,452,3
2022/10/21,浦和,4,Ｃ２九 十 十一,1400,ダ,左,稍重,晴,12,6,7,セラフィム,牝,9,54.0,449,5,半澤慶,海馬司,,12,1:33.4,41.3,9-9-10-12,11,449,5
2022/10/21,浦和,5,Ｃ２九 十 十一,1500,ダ,左,稍重,晴,12,5,6,トモノクリスタル,牝,5,54.0,436,3,左海誠,小久智,,1,1:37.5,39.3,1-1-1-1,1,436,3
2022/10/21,浦和,5,Ｃ２九 十 十一,1500,ダ,左,稍重,晴,12,7,9,トロワフィーユ,牝,5,54.0,461,2,川島正,野口寛,,2,1:38.4,40.0,3-3-3-2,4,461,2
2022/10/21,浦和,5,Ｃ２九 十 十一,1500,ダ,左,稍重,晴,12,6,8,レッドチェイサー,セ,0,56.0,487,2,笹川翼,坂本昇,,3,1:38.9,40.5,2-2-2-3,2,487,2
2022/10/21,浦和,5,Ｃ２九 十 十一,1500,ダ,左,稍重,晴,12,1,1,カシノジュピター,牡,3,56.0,512,-1,岡田大,鹿沼和,,4,1:38.9,39.7,9-9-8-5,5,512,-1
2022/10/21,浦和,5,Ｃ２九 十 十一,1500,ダ,左,稍重,晴,12,5,5,ユウユウグリュック,牝,5,50.0,418,-1,中島良,横山保,,5,1:39.1,40.2,4-4-4-4,7,418,-1
2022/10/21,浦和,5,Ｃ２九 十 十一,1500,ダ,左,稍重,晴,12,4,4,トーセンエクラ,牡,7,56.0,475,-5,藤本現,齊藤敏,,6,1:39.6,39.9,12-12-10-9,10,475,-5
2022/10/21,浦和,5,Ｃ２九 十 十一,1500,ダ,左,稍重,晴,12,8,12,ダイバサファイア,牝,5,52.0,484,6,菅原涼,箕輪武,,7,1:39.7,40.6,8-8-7-6,6,484,6
2022/10/21,浦和,5,Ｃ２九 十 十一,1500,ダ,左,稍重,晴,12,3,3,ニシノキスミー,牝,8,51.0,474,-7,室陽一,小澤宏,,8,1:40.3,41.2,7-7-6-7,9,474,-7
2022/10/21,浦和,5,Ｃ２九 十 十一,1500,ダ,左,稍重,晴,12,2,2,スカイヴィーナス,牝,3,54.0,490,8,吉留孝,薮口一,,9,1:40.8,41.7,6-5-5-8,3,490,8
2022/10/21,浦和,5,Ｃ２九 十 十一,1500,ダ,左,稍重,晴,12,7,10,サキホコレ,牝,3,54.0,447,6,半澤慶,宇野博,,10,1:41.4,41.8,10-10-11-10,11,447,6
2022/10/21,浦和,5,Ｃ２九 十 十一,1500,ダ,左,稍重,晴,12,6,7,テットアヴァンセ,牡,3,56.0,459,16,秋元耕,小林真,,11,1:41.7,42.1,11-11-12-11,12,459,16
2022/10/21,浦和,5,Ｃ２九 十 十一,1500,ダ,左,稍重,晴,12,8,11,セイウンミレイア,牝,5,54.0,477,9,福原杏,冨田敏,,12,1:41.9,42.8,5-6-9-12,8,477,9
2022/10/21,浦和,6,ランチタイムチャレンジＣ２九 十 十一,1400,ダ,左,稍重,晴,12,7,9,フクノヴァランス,牡,7,52.0,479,-3,中島良,川島豊,,1,1:31.0,39.7,2-2-1-1,5,479,-3
2022/10/21,浦和,6,ランチタイムチャレンジＣ２九 十 十一,1400,ダ,左,稍重,晴,12,4,4,ウインプロヴァンス,牡,3,53.0,511,7,室陽一,工藤伸,,2,1:31.4,38.1,10-10-9-6,1,511,7
2022/10/21,浦和,6,ランチタイムチャレンジＣ２九 十 十一,1400,ダ,左,稍重,晴,12,6,7,ジョウハリ,牡,5,57.0,454,-9,藤江渉,久保秀,,3,1:31.5,39.7,6-5-4-4,3,454,-9
2022/10/21,浦和,6,ランチタイムチャレンジＣ２九 十 十一,1400,ダ,左,稍重,晴,12,7,10,アクナキチョウセン,牡,3,56.0,448,6,笹川翼,宇野博,,4,1:31.6,40.1,3-3-2-2,6,448,6
2022/10/21,浦和,6,ランチタイムチャレンジＣ２九 十 十一,1400,ダ,左,稍重,晴,12,3,3,ロードユリシス,セ,0,55.0,487,-2,七夕裕,長谷忍,,5,1:31.9,40.2,4-4-4-3,10,487,-2
2022/10/21,浦和,6,ランチタイムチャレンジＣ２九 十 十一,1400,ダ,左,稍重,晴,12,2,2,スターオブソフィア,牝,4,54.0,413,5,加藤和,八木仁,,6,1:32.6,40.4,7-7-6-5,8,413,5
2022/10/21,浦和,6,ランチタイムチャレンジＣ２九 十 十一,1400,ダ,左,稍重,晴,12,8,11,コウユーヤマト,牡,7,56.0,462,0,山崎誠,栗林信,,7,1:32.7,40.2,8-8-8-7,4,462,0
2022/10/21,浦和,6,ランチタイムチャレンジＣ２九 十 十一,1400,ダ,左,稍重,晴,12,8,12,ノースジラソーレ,牝,3,54.0,455,0,福原杏,長谷忍,,8,1:33.4,39.2,11-11-12-11,7,455,0
2022/10/21,浦和,6,ランチタイムチャレンジＣ２九 十 十一,1400,ダ,左,稍重,晴,12,1,1,タンタシオン,牡,3,56.0,487,1,本橋孝,矢野義,,9,1:33.5,39.3,12-12-11-10,9,487,1
2022/10/21,浦和,6,ランチタイムチャレンジＣ２九 十 十一,1400,ダ,左,稍重,晴,12,5,6,ニシノロゼ,牝,3,54.0,446,-7,和田譲,小澤宏,,10,1:33.9,41.7,5-6-7-9,2,446,-7
2022/10/21,浦和,6,ランチタイムチャレンジＣ２九 十 十一,1400,ダ,左,稍重,晴,12,5,5,ミッシーコルザ,牝,5,53.0,426,-5,古岡勇,村田順,,11,1:33.9,42.6,1-1-3-8,11,426,-5
2022/10/21,浦和,6,ランチタイムチャレンジＣ２九 十 十一,1400,ダ,左,稍重,晴,12,6,8,ユウユウパレス,牝,3,54.0,406,7,高橋哲,横山保,,12,1:34.8,41.0,9-9-10-12,12,406,7
2022/10/21,浦和,7,Ｃ１六,1400,ダ,左,稍重,晴,12,8,11,ガンコチャン,牝,3,53.0,485,4,七夕裕,岡田一,,1,1:30.4,39.8,3-4-3-2,10,485,4
2022/10/21,浦和,7,Ｃ１六,1400,ダ,左,稍重,晴,12,6,7,レオズソーダライト,牝,6,54.0,468,5,橋本直,平山真,,2,1:30.9,41.7,1-1-1-1,3,468,5
2022/10/21,浦和,7,Ｃ１六,1400,ダ,左,稍重,晴,12,4,4,クニノキラメキ,牡,4,56.0,474,-4,森泰斗,小久智,,3,1:30.9,39.2,9-9-7-7,1,474,-4
2022/10/21,浦和,7,Ｃ１六,1400,ダ,左,稍重,晴,12,1,1,トモノエリザベス,牝,3,54.0,454,-6,藤本現,酒井一,,4,1:31.1,39.5,8-8-9-8,6,454,-6
2022/10/21,浦和,7,Ｃ１六,1400,ダ,左,稍重,晴,12,6,8,イデアノキセキ,牡,3,56.0,457,9,笹川翼,岡田一,,5,1:31.1,40.3,7-6-6-3,4,457,9
2022/10/21,浦和,7,Ｃ１六,1400,ダ,左,稍重,晴,12,5,5,エドノストリート,牝,4,54.0,460,13,酒井忍,宇野博,,6,1:31.3,39.0,11-10-10-9,11,460,13
2022/10/21,浦和,7,Ｃ１六,1400,ダ,左,稍重,晴,12,7,10,リョウイキテンカイ,牝,3,54.0,442,-2,半澤慶,入口由,,7,1:31.4,40.6,6-7-5-5,7,442,-2
2022/10/21,浦和,7,Ｃ１六,1400,ダ,左,稍重,晴,12,5,6,クラフェニックス,牝,4,52.0,451,-8,菅原涼,藤原智,,8,1:32.4,41.9,5-3-4-6,9,451,-8
2022/10/21,浦和,7,Ｃ１六,1400,ダ,左,稍重,晴,12,2,2,シルヴァギンジ,牡,3,55.0,469,1,古岡勇,岩本洋,,9,1:32.8,40.3,12-12-11-11,12,469,1
2022/10/21,浦和,7,Ｃ１六,1400,ダ,左,稍重,晴,12,8,12,ゲストプリンシパル,牡,4,56.0,508,-3,町田直,内田勝,,10,1:32.8,43.5,2-2-2-4,2,508,-3
2022/10/21,浦和,7,Ｃ１六,1400,ダ,左,稍重,晴,12,3,3,クールガジェット,牡,4,56.0,502,0,山本紀,稲益貴,,11,1:34.0,41.5,10-11-12-12,8,502,0
2022/10/21,浦和,7,Ｃ１六,1400,ダ,左,稍重,晴,12,7,9,ジャングルタキオン,牡,3,56.0,499,4,矢野貴,野口孝,,12,1:34.1,43.1,4-5-8-10,5,499,4
2022/10/21,浦和,8,特選Ｃ３一 二,1500,ダ,左,稍重,晴,12,8,12,リングボーイ,セ,0,56.0,434,6,森泰斗,水野貴,,1,1:38.5,40.7,3-3-2-1,1,434,6
2022/10/21,浦和,8,特選Ｃ３一 二,1500,ダ,左,稍重,晴,12,6,8,トキノレーヴ,牝,4,54.0,404,-1,櫻井光,八木喜,,2,1:38.8,40.6,5-5-4-4,6,404,-1
2022/10/21,浦和,8,特選Ｃ３一 二,1500,ダ,左,稍重,晴,12,5,6,ベニノエンゼル,牝,5,54.0,443,-6,西啓太,山越光,,3,1:38.9,41.1,1-1-1-2,7,443,-6
2022/10/21,浦和,8,特選Ｃ３一 二,1500,ダ,左,稍重,晴,12,6,7,ラブリーギャル,牝,6,54.0,499,7,見越彬,海馬司,,4,1:39.1,41.3,2-2-3-3,5,499,7
2022/10/21,浦和,8,特選Ｃ３一 二,1500,ダ,左,稍重,晴,12,7,10,カントナ,牝,5,54.0,423,9,和田譲,宇野博,,5,1:39.7,40.8,7-6-7-5,4,423,9
2022/10/21,浦和,8,特選Ｃ３一 二,1500,ダ,左,稍重,晴,12,2,2,ヤギリエピファクン,セ,0,56.0,477,-5,庄司大,張田京,,6,1:39.9,41.3,10-7-6-6,2,477,-5
2022/10/21,浦和,8,特選Ｃ３一 二,1500,ダ,左,稍重,晴,12,5,5,ホロシリダケ,セ,0,56.0,477,-5,内田利,野口孝,,7,1:40.2,41.1,6-8-8-8,3,477,-5
2022/10/21,浦和,8,特選Ｃ３一 二,1500,ダ,左,稍重,晴,12,4,4,シャイニングパール,牝,4,54.0,439,-4,福原杏,工藤伸,,8,1:40.4,40.6,11-11-11-10,8,439,-4
2022/10/21,浦和,8,特選Ｃ３一 二,1500,ダ,左,稍重,晴,12,1,1,ラッキーアモン,牡,6,56.0,510,6,寺島憂,箕輪武,,9,1:40.4,40.9,9-10-10-9,9,510,6
2022/10/21,浦和,8,特選Ｃ３一 二,1500,ダ,左,稍重,晴,12,3,3,ミライヘノサイン,牝,9,50.0,447,8,中島良,冨田敏,,10,1:41.1,41.9,8-9-9-11,12,447,8
2022/10/21,浦和,8,特選Ｃ３一 二,1500,ダ,左,稍重,晴,12,8,11,ビービーシャルト,セ,0,56.0,492,2,岡村健,玉井昇,,11,1:41.6,41.4,12-12-12-12,11,492,2
2022/10/21,浦和,8,特選Ｃ３一 二,1500,ダ,左,稍重,晴,12,7,9,ジョートラジャ,牡,6,56.0,565,9,吉留孝,小久智,,12,1:42.2,44.2,4-4-5-7,10,565,9
2022/10/21,浦和,9,農業遺産　落ち葉堆肥農法の三芳Ｃ３一 二,1400,ダ,左,稍重,晴,11,6,6,エコロジーガール,牝,4,54.0,482,-1,山中悠,伊藤滋,,1,1:32.1,40.1,7-7-7-5,6,482,-1
2022/10/21,浦和,9,農業遺産　落ち葉堆肥農法の三芳Ｃ３一 二,1400,ダ,左,稍重,晴,11,8,11,グローリアスフィル,牝,5,54.0,477,0,本田重,新井清,,2,1:32.3,41.0,3-3-3-2,1,477,0
2022/10/21,浦和,9,農業遺産　落ち葉堆肥農法の三芳Ｃ３一 二,1400,ダ,左,稍重,晴,11,6,7,ノースブラスト,セ,0,56.0,531,9,森泰斗,水野貴,,3,1:32.4,40.6,8-8-4-4,3,531,9
2022/10/21,浦和,9,農業遺産　落ち葉堆肥農法の三芳Ｃ３一 二,1400,ダ,左,稍重,晴,11,2,2,プランタンヴェール,牝,6,54.0,524,-1,橋本直,平山真,,4,1:32.5,41.5,1-1-1-1,2,524,-1
2022/10/21,浦和,9,農業遺産　落ち葉堆肥農法の三芳Ｃ３一 二,1400,ダ,左,稍重,晴,11,3,3,トラハト,牝,4,54.0,481,-4,酒井忍,海馬司,,5,1:33.1,42.0,2-2-2-3,9,481,-4
2022/10/21,浦和,9,農業遺産　落ち葉堆肥農法の三芳Ｃ３一 二,1400,ダ,左,稍重,晴,11,7,9,サマーローヤル,牝,4,53.0,393,-1,古岡勇,村田順,,6,1:33.1,41.3,5-4-6-6,8,393,-1
2022/10/21,浦和,9,農業遺産　落ち葉堆肥農法の三芳Ｃ３一 二,1400,ダ,左,稍重,晴,11,5,5,カイジンビリーヴ,牡,4,56.0,518,-7,高橋哲,入口由,,7,1:33.1,40.5,9-9-10-7,7,518,-7
2022/10/21,浦和,9,農業遺産　落ち葉堆肥農法の三芳Ｃ３一 二,1400,ダ,左,稍重,晴,11,4,4,サンハンツビル,牝,6,54.0,472,4,秋元耕,川村守,,8,1:33.3,40.6,10-10-9-9,10,472,4
2022/10/21,浦和,9,農業遺産　落ち葉堆肥農法の三芳Ｃ３一 二,1400,ダ,左,稍重,晴,11,8,10,デイドリーミン,牝,4,50.0,463,-3,小林捺,田島寿,,9,1:33.9,42.1,4-5-5-8,5,463,-3
2022/10/21,浦和,9,農業遺産　落ち葉堆肥農法の三芳Ｃ３一 二,1400,ダ,左,稍重,晴,11,1,1,キタノサスピション,牝,4,54.0,456,6,山口達,稲益貴,,10,1:34.6,42.6,6-6-8-10,4,456,6
2022/10/21,浦和,9,農業遺産　落ち葉堆肥農法の三芳Ｃ３一 二,1400,ダ,左,稍重,晴,11,7,8,ラヴィテスミラノ,牡,4,56.0,487,4,臼井健,宮下靖,,11,1:35.2,40.3,11-11-11-11,11,487,4
2022/10/21,浦和,10,鰯雲特別Ｃ１一,1400,ダ,左,稍重,晴,12,5,6,ミスターサファリ,牡,4,56.0,516,5,森泰斗,佐藤太,,1,1:29.6,38.9,5-5-3-1,3,516,5
2022/10/21,浦和,10,鰯雲特別Ｃ１一,1400,ダ,左,稍重,晴,12,8,12,アルラ,牡,3,56.0,534,-1,内田利,箕輪武,,2,1:29.7,38.8,7-7-6-4,1,534,-1
2022/10/21,浦和,10,鰯雲特別Ｃ１一,1400,ダ,左,稍重,晴,12,6,8,ヒットガール,牝,4,54.0,511,-8,笠野雄,山中尊,,3,1:30.0,39.3,3-3-2-2,7,511,-8
2022/10/21,浦和,10,鰯雲特別Ｃ１一,1400,ダ,左,稍重,晴,12,8,11,フォーギブネス,牡,4,56.0,460,-1,橋本直,平山真,,4,1:30.2,39.3,10-9-5-5,6,460,-1
2022/10/21,浦和,10,鰯雲特別Ｃ１一,1400,ダ,左,稍重,晴,12,7,9,ビナハロン,セ,0,56.0,462,-2,本橋孝,矢野義,,5,1:30.6,39.3,9-10-9-8,4,462,-2
2022/10/21,浦和,10,鰯雲特別Ｃ１一,1400,ダ,左,稍重,晴,12,1,1,ダダダン,牡,3,55.0,469,-5,古岡勇,岩本洋,,6,1:30.7,40.0,1-1-1-3,8,469,-5
2022/10/21,浦和,10,鰯雲特別Ｃ１一,1400,ダ,左,稍重,晴,12,4,4,トーセンキッド,牡,3,56.0,485,25,真島大,小久智,,7,1:30.8,39.9,4-4-7-6,2,485,25
2022/10/21,浦和,10,鰯雲特別Ｃ１一,1400,ダ,左,稍重,晴,12,2,2,ムーランブラン,牝,6,54.0,468,6,笹川翼,藤原智,,8,1:31.0,39.9,6-6-8-7,9,468,6
2022/10/21,浦和,10,鰯雲特別Ｃ１一,1400,ダ,左,稍重,晴,12,5,5,エールプレジール,セ,0,56.0,477,10,小杉亮,渋谷博,,9,1:31.6,39.0,12-12-12-11,11,477,10
2022/10/21,浦和,10,鰯雲特別Ｃ１一,1400,ダ,左,稍重,晴,12,6,7,ウララカナハル,牝,4,54.0,422,-4,町田直,新井清,,10,1:31.6,40.9,2-2-4-9,5,422,-4
2022/10/21,浦和,10,鰯雲特別Ｃ１一,1400,ダ,左,稍重,晴,12,7,10,ブレイブウォリアー,セ,0,56.0,487,-1,秋元耕,酒井一,,11,1:32.8,40.8,11-11-11-12,12,487,-1
2022/10/21,浦和,10,鰯雲特別Ｃ１一,1400,ダ,左,稍重,晴,12,3,3,ジェフリー,牡,4,56.0,462,-2,矢野貴,薮口一,,12,1:32.8,41.3,8-8-10-10,10,462,-2
2022/10/21,浦和,11,紅葉特別Ｂ２一,1400,ダ,左,稍重,晴,9,8,9,カールスバート,牡,4,56.0,479,-4,和田譲,齊藤敏,,1,1:27.9,38.2,4-4-4-3,4,479,-4
2022/10/21,浦和,11,紅葉特別Ｂ２一,1400,ダ,左,稍重,晴,9,6,6,ジュネス,牝,5,54.0,500,0,本橋孝,小久智,,2,1:28.4,39.3,3-3-3-1,2,500,0
2022/10/21,浦和,11,紅葉特別Ｂ２一,1400,ダ,左,稍重,晴,9,1,1,ミロヴィーナス,牝,5,54.0,488,8,左海誠,佐藤太,,3,1:28.8,39.9,1-1-1-2,1,488,8
2022/10/21,浦和,11,紅葉特別Ｂ２一,1400,ダ,左,稍重,晴,9,2,2,アイウォール,牡,3,56.0,519,13,森泰斗,水野貴,,4,1:29.3,40.3,2-2-2-4,3,519,13
2022/10/21,浦和,11,紅葉特別Ｂ２一,1400,ダ,左,稍重,晴,9,5,5,マーサマイディア,牝,4,54.0,515,0,町田直,内田勝,,5,1:30.2,39.5,9-9-8-8,9,515,0
2022/10/21,浦和,11,紅葉特別Ｂ２一,1400,ダ,左,稍重,晴,9,4,4,クマサンニデアッタ,牝,4,54.0,471,8,半澤慶,宇野博,,6,1:30.4,40.3,5-6-5-5,6,471,8
2022/10/21,浦和,11,紅葉特別Ｂ２一,1400,ダ,左,稍重,晴,9,8,8,イデアイホマジョル,セ,0,55.0,445,3,七夕裕,岡田一,,7,1:30.6,40.3,6-7-6-6,7,445,3
2022/10/21,浦和,11,紅葉特別Ｂ２一,1400,ダ,左,稍重,晴,9,7,7,イテザ,牡,5,56.0,489,5,川島正,佐々清,,8,1:30.6,39.6,8-8-9-9,8,489,5
2022/10/21,浦和,11,紅葉特別Ｂ２一,1400,ダ,左,稍重,晴,9,3,3,ナンヨーオボロヅキ,牝,6,54.0,489,6,岡村健,平山真,,9,1:31.0,40.7,7-5-7-7,5,489,6
2022/10/21,浦和,12,晩秋特別Ｃ２Ｃ３選抜馬,2000,ダ,左,稍重,晴,10,8,10,ラスティネイル,牝,4,55.0,463,2,吉留孝,牛房榮,,1,2:13.1,40.0,1-1-1-1,6,463,2
2022/10/21,浦和,12,晩秋特別Ｃ２Ｃ３選抜馬,2000,ダ,左,稍重,晴,10,2,2,ミスターエイジュン,セ,0,57.0,455,1,山本紀,伊藤滋,,2,2:14.3,40.6,3-3-2-2,3,455,1
2022/10/21,浦和,12,晩秋特別Ｃ２Ｃ３選抜馬,2000,ダ,左,稍重,晴,10,4,4,エルラティオ,セ,0,57.0,460,-2,町田直,八木喜,,3,2:14.6,40.1,8-9-7-6,9,460,-2
2022/10/21,浦和,12,晩秋特別Ｃ２Ｃ３選抜馬,2000,ダ,左,稍重,晴,10,8,9,ニシノブライアント,牡,4,57.0,461,2,西村栄,渋谷博,,4,2:14.7,40.3,6-7-8-5,1,461,2
2022/10/21,浦和,12,晩秋特別Ｃ２Ｃ３選抜馬,2000,ダ,左,稍重,晴,10,3,3,ハツネヘイロー,セ,0,57.0,500,-6,秋元耕,宇野博,,5,2:14.8,40.8,5-5-5-7,7,500,-6
2022/10/21,浦和,12,晩秋特別Ｃ２Ｃ３選抜馬,2000,ダ,左,稍重,晴,10,7,8,ピノモラーン,牡,4,55.0,484,3,新原周,野口孝,,6,2:15.1,40.7,7-6-6-4,8,484,3
2022/10/21,浦和,12,晩秋特別Ｃ２Ｃ３選抜馬,2000,ダ,左,稍重,晴,10,6,6,アイスバーグアリー,牝,6,55.0,445,5,岡村健,平山真,,7,2:15.1,41.4,4-4-3-3,4,445,5
2022/10/21,浦和,12,晩秋特別Ｃ２Ｃ３選抜馬,2000,ダ,左,稍重,晴,10,1,1,リュウノレイリー,牡,5,57.0,450,5,本橋孝,齊藤敏,,8,2:15.5,40.6,9-8-9-8,5,450,5
2022/10/21,浦和,12,晩秋特別Ｃ２Ｃ３選抜馬,2000,ダ,左,稍重,晴,10,7,7,コスモキルカス,牡,4,54.0,474,-2,野畑凌,平田正,,9,2:18.4,44.7,2-2-4-9,2,474,-2
2022/10/21,浦和,12,晩秋特別Ｃ２Ｃ３選抜馬,2000,ダ,左,稍重,晴,10,5,5,マオノジェット,牡,5,57.0,497,6,臼井健,渋谷博,,10,2:22.3,45.8,10-10-10-10,10,497,6
2022/11/21,浦和,1,ドリームチャレンジ２歳新馬イ,1400,ダ,左,重,曇,7,5,5,ブルグミューラー,牡,2,55.0,0,0,笹川翼,小久智,,1,1:31.0,38.0,2-2-2-1,1,0,0
2022/11/21,浦和,1,ドリームチャレンジ２歳新馬イ,1400,ダ,左,重,曇,7,4,4,サンカプリス,牡,2,55.0,0,0,酒井忍,野口寛,,2,1:31.2,38.3,1-1-1-2,3,0,0
2022/11/21,浦和,1,ドリームチャレンジ２歳新馬イ,1400,ダ,左,重,曇,7,2,2,ジョディユキ,牝,2,54.0,0,0,橋本直,酒井一,,3,1:34.6,41.2,6-5-3-3,2,0,0
2022/11/21,浦和,1,ドリームチャレンジ２歳新馬イ,1400,ダ,左,重,曇,7,6,6,メイプルマロン,牝,2,54.0,0,0,岡村健,小林真,,4,1:35.4,42.2,3-3-4-4,4,0,0
2022/11/21,浦和,1,ドリームチャレンジ２歳新馬イ,1400,ダ,左,重,曇,7,1,1,ルヴァンアクトレス,牝,2,54.0,0,0,福原杏,水野貴,,5,1:36.0,42.3,4-4-5-5,5,0,0
2022/11/21,浦和,1,ドリームチャレンジ２歳新馬イ,1400,ダ,左,重,曇,7,3,3,ハイボールガール,牝,2,54.0,0,0,和田譲,箕輪武,,6,1:36.0,41.9,5-6-7-6,6,0,0
2022/11/21,浦和,1,ドリームチャレンジ２歳新馬イ,1400,ダ,左,重,曇,7,7,7,ミラコロダンス,牝,2,53.0,0,0,古岡勇,小澤宏,,7,1:39.4,45.3,7-7-6-7,7,0,0
2022/11/21,浦和,2,ドリームチャレンジ２歳新馬ア,1400,ダ,左,重,曇,5,1,1,アウストロ,牡,2,55.0,0,0,酒井忍,小澤宏,,1,1:33.5,40.0,1-1-1-1,1,0,0
2022/11/21,浦和,2,ドリームチャレンジ２歳新馬ア,1400,ダ,左,重,曇,5,4,4,メーネフロタント,牝,2,54.0,0,0,森泰斗,小林真,,2,1:35.0,41.3,2-2-2-2,2,0,0
2022/11/21,浦和,2,ドリームチャレンジ２歳新馬ア,1400,ダ,左,重,曇,5,2,2,ソウヤ,牡,2,55.0,0,0,赤津和,山越光,,3,1:35.0,41.1,3-3-3-3,3,0,0
2022/11/21,浦和,2,ドリームチャレンジ２歳新馬ア,1400,ダ,左,重,曇,5,3,3,アルヒモリノナカ,牡,2,51.0,0,0,中島良,宇野博,,4,1:35.4,41.2,4-4-4-4,4,0,0
2022/11/21,浦和,2,ドリームチャレンジ２歳新馬ア,1400,ダ,左,重,曇,5,5,5,ゴールドバロン,牡,2,55.0,0,0,吉留孝,鹿沼和,,5,1:37.5,42.7,5-5-5-5,5,0,0
2022/11/21,浦和,3,特選３歳二,1400,ダ,左,重,曇,11,5,5,マルノアンナ,牝,3,51.0,445,-5,室陽一,川村守,,1,1:29.6,38.5,1-1-1-1,3,445,-5
2022/11/21,浦和,3,特選３歳二,1400,ダ,左,重,曇,11,7,8,アンジュレイ,牝,3,54.0,482,12,森泰斗,小久智,,2,1:29.6,38.5,8-7-2-2,1,482,12
2022/11/21,浦和,3,特選３歳二,1400,ダ,左,重,曇,11,1,1,パンケーキ,牝,3,54.0,455,6,藤江渉,平山真,,3,1:31.8,40.2,6-4-5-4,8,455,6
2022/11/21,浦和,3,特選３歳二,1400,ダ,左,重,曇,11,2,2,サヨノミニスター,牡,3,56.0,451,-9,増田充,工藤伸,,4,1:32.0,39.8,10-9-9-6,9,451,-9
2022/11/21,浦和,3,特選３歳二,1400,ダ,左,重,曇,11,8,10,アトラクティッド,牝,3,54.0,430,6,酒井忍,工藤伸,,5,1:32.2,41.1,3-3-4-5,5,430,6
2022/11/21,浦和,3,特選３歳二,1400,ダ,左,重,曇,11,3,3,エンロサディラ,牝,3,54.0,432,1,山崎誠,甲田悟,,6,1:32.2,40.3,7-6-7-7,6,432,1
2022/11/21,浦和,3,特選３歳二,1400,ダ,左,重,曇,11,6,6,ストームシャドウ,牡,3,56.0,472,-3,笠野雄,佐々清,,7,1:32.3,39.9,11-11-10-8,7,472,-3
2022/11/21,浦和,3,特選３歳二,1400,ダ,左,重,曇,11,4,4,マーゴットビート,牡,3,56.0,511,9,篠谷葵,佐藤太,,8,1:32.4,41.3,2-2-3-3,2,511,9
2022/11/21,浦和,3,特選３歳二,1400,ダ,左,重,曇,11,6,7,ニシノマンテン,牡,3,52.0,445,6,中島良,川島豊,,9,1:32.8,40.6,5-8-11-10,10,445,6
2022/11/21,浦和,3,特選３歳二,1400,ダ,左,重,曇,11,7,9,ベニノボルト,牡,3,56.0,435,3,伊藤裕,田邊陽,,10,1:33.6,41.6,9-10-8-11,11,435,3
2022/11/21,浦和,3,特選３歳二,1400,ダ,左,重,曇,11,8,11,イダマンテ,牡,3,56.0,455,-8,笹川翼,田島寿,,11,1:34.3,42.7,4-5-6-9,4,455,-8
2022/11/21,浦和,4,Ｃ３四 五,1500,ダ,左,稍重,曇,12,6,8,エスコーバタハト,牡,6,54.0,508,9,野畑凌,内野健,,1,1:38.9,41.0,4-3-2-1,3,508,9
2022/11/21,浦和,4,Ｃ３四 五,1500,ダ,左,稍重,曇,12,2,2,ユメノハジマリ,牝,6,51.0,476,-14,室陽一,水野貴,,2,1:40.0,42.3,2-2-1-2,5,476,-14
2022/11/21,浦和,4,Ｃ３四 五,1500,ダ,左,稍重,曇,12,5,5,ラウズアップ,牡,6,56.0,425,-2,藤江渉,牛房榮,,3,1:40.3,41.0,10-10-8-5,4,425,-2
2022/11/21,浦和,4,Ｃ３四 五,1500,ダ,左,稍重,曇,12,8,11,ミヤコシャンティ,牝,5,54.0,454,-2,山口達,林正人,,3,1:40.3,41.8,8-7-7-3,2,454,-2
2022/11/21,浦和,4,Ｃ３四 五,1500,ダ,左,稍重,曇,12,7,10,キタマクフィー,牝,4,53.0,440,2,七夕裕,鹿沼和,,5,1:40.3,40.9,11-11-11-6,11,440,2
2022/11/21,浦和,4,Ｃ３四 五,1500,ダ,左,稍重,曇,12,4,4,サノチナ,牝,5,54.0,418,-8,赤津和,川島豊,,6,1:40.8,42.6,5-6-4-4,10,418,-8
2022/11/21,浦和,4,Ｃ３四 五,1500,ダ,左,稍重,曇,12,3,3,コンディトラム,牡,5,56.0,499,5,橋本直,川村守,,7,1:41.5,43.2,7-5-6-7,9,499,5
2022/11/21,浦和,4,Ｃ３四 五,1500,ダ,左,稍重,曇,12,7,9,ビアンカグリーン,牡,7,56.0,494,7,森泰斗,酒井一,,8,1:41.6,42.8,6-8-9-9,1,494,7
2022/11/21,浦和,4,Ｃ３四 五,1500,ダ,左,稍重,曇,12,6,7,アベノカイシンゲキ,牡,4,52.0,480,0,中島良,小林真,,9,1:42.2,42.9,9-9-10-10,12,480,0
2022/11/21,浦和,4,Ｃ３四 五,1500,ダ,左,稍重,曇,12,8,12,マイネルアンドゥミ,牡,7,56.0,489,41,福原杏,川村守,,10,1:42.8,44.6,3-4-5-11,7,489,41
2022/11/21,浦和,4,Ｃ３四 五,1500,ダ,左,稍重,曇,12,1,1,ノブカナロア,牡,4,56.0,461,2,左海誠,小久智,,11,1:42.9,45.2,1-1-3-8,6,461,2
2022/11/21,浦和,4,Ｃ３四 五,1500,ダ,左,稍重,曇,12,5,6,ホクセツ,セ,0,56.0,552,10,寺島憂,箕輪武,,12,1:43.8,43.6,12-12-12-12,8,552,10
2022/11/21,浦和,5,特選３歳一,1500,ダ,左,稍重,晴,11,8,10,ヒロシゲアトム,牡,3,56.0,496,-2,森泰斗,米谷康,,1,1:37.4,38.8,3-3-2-1,1,496,-2
2022/11/21,浦和,5,特選３歳一,1500,ダ,左,稍重,晴,11,6,7,フォーユーランラン,牝,3,54.0,434,-3,臼井健,佐々功,,2,1:39.0,39.8,10-7-4-3,3,434,-3
2022/11/21,浦和,5,特選３歳一,1500,ダ,左,稍重,晴,11,1,1,アポロリップ,牝,3,54.0,512,-2,吉留孝,薮口一,,3,1:39.4,40.1,5-4-6-5,6,512,-2
2022/11/21,浦和,5,特選３歳一,1500,ダ,左,稍重,晴,11,4,4,ウルテ,牡,3,54.0,486,-10,新原周,小林真,,4,1:40.0,40.3,6-9-9-7,9,486,-10
2022/11/21,浦和,5,特選３歳一,1500,ダ,左,稍重,晴,11,8,11,マヘアラニ,牝,3,51.0,464,2,室陽一,酒井一,,5,1:40.1,40.8,4-5-5-6,7,464,2
2022/11/21,浦和,5,特選３歳一,1500,ダ,左,稍重,晴,11,5,5,プリマリー,牝,3,54.0,444,1,達城龍,水野貴,,6,1:40.3,40.4,9-11-10-10,5,444,1
2022/11/21,浦和,5,特選３歳一,1500,ダ,左,稍重,晴,11,6,6,アークスター,牝,3,54.0,415,0,和田譲,伊藤滋,,7,1:40.6,42.0,1-1-1-2,4,415,0
2022/11/21,浦和,5,特選３歳一,1500,ダ,左,稍重,晴,11,7,9,ヤクライローズ,牝,3,54.0,439,1,橋本直,鹿沼和,,8,1:40.8,41.2,8-6-8-8,11,439,1
2022/11/21,浦和,5,特選３歳一,1500,ダ,左,稍重,晴,11,2,2,シェナノララ,牝,3,54.0,427,-8,福原杏,冨田敏,,9,1:41.1,41.1,7-8-11-11,8,427,-8
2022/11/21,浦和,5,特選３歳一,1500,ダ,左,稍重,晴,11,3,3,ブルーインサニティ,牡,3,56.0,516,-6,笹川翼,小澤宏,,10,1:41.2,42.6,2-2-3-4,2,516,-6
2022/11/21,浦和,5,特選３歳一,1500,ダ,左,稍重,晴,11,7,8,シェナコブシ,牡,3,56.0,496,1,寺島憂,吉田正,,11,1:41.4,41.7,11-10-7-9,10,496,1
2022/11/21,浦和,6,Ｃ３四 五,1400,ダ,左,稍重,晴,12,7,10,スマイルジーニアス,セ,0,56.0,512,-7,福原杏,鹿沼和,,1,1:31.4,39.3,6-5-2-1,1,512,-7
2022/11/21,浦和,6,Ｃ３四 五,1400,ダ,左,稍重,晴,12,4,4,チェンマイルージュ,牝,6,54.0,460,-2,加藤和,鈴木勝,,2,1:31.6,39.9,1-1-1-2,5,460,-2
2022/11/21,浦和,6,Ｃ３四 五,1400,ダ,左,稍重,晴,12,6,7,トキノカサドール,牡,7,52.0,466,2,中島良,横山保,,3,1:32.9,41.0,2-2-3-3,4,466,2
2022/11/21,浦和,6,Ｃ３四 五,1400,ダ,左,稍重,晴,12,3,3,アストラルブレイズ,牝,5,54.0,495,9,赤津和,小林真,,4,1:33.7,41.2,5-4-5-5,12,495,9
2022/11/21,浦和,6,Ｃ３四 五,1400,ダ,左,稍重,晴,12,1,1,パレスギガント,牡,6,55.0,487,2,七夕裕,長谷忍,,5,1:33.8,40.9,8-7-6-7,6,487,2
2022/11/21,浦和,6,Ｃ３四 五,1400,ダ,左,稍重,晴,12,7,9,スパークルガール,牝,6,51.0,427,-5,室陽一,長谷忍,,6,1:34.0,40.8,10-9-8-6,3,427,-5
2022/11/21,浦和,6,Ｃ３四 五,1400,ダ,左,稍重,晴,12,8,12,ハートフルロマン,牝,5,53.0,433,-4,池谷匠,今井輝,,7,1:34.1,40.3,11-12-10-10,8,433,-4
2022/11/21,浦和,6,Ｃ３四 五,1400,ダ,左,稍重,晴,12,8,11,ゴーオンザステージ,牝,7,54.0,439,7,張田昂,平山真,,8,1:34.2,42.1,3-3-4-4,2,439,7
2022/11/21,浦和,6,Ｃ３四 五,1400,ダ,左,稍重,晴,12,2,2,ネオエンジェル,牝,6,54.0,439,8,國分祐,冨田敏,,9,1:34.2,40.5,9-10-11-8,9,439,8
2022/11/21,浦和,6,Ｃ３四 五,1400,ダ,左,稍重,晴,12,6,8,アールレアル,セ,0,56.0,444,5,酒井忍,川村守,,10,1:34.5,40.5,12-11-12-12,11,444,5
2022/11/21,浦和,6,Ｃ３四 五,1400,ダ,左,稍重,晴,12,5,5,ツーエムポラリス,牡,7,56.0,472,4,澤田龍,鈴木勝,,11,1:35.2,42.1,4-6-7-11,10,472,4
2022/11/21,浦和,6,Ｃ３四 五,1400,ダ,左,稍重,晴,12,5,6,ニシノサトル,牡,6,56.0,487,4,内田利,吉田正,,12,1:35.3,42.2,7-8-9-9,7,487,4
2022/11/21,浦和,7,浦和８００ラウンドＣ１選抜馬,800,ダ,左,稍重,晴,9,1,1,アヴェントゥリスト,牡,6,56.0,543,5,西啓太,山越光,,1,0:47.5,35.6,1-1,2,543,5
2022/11/21,浦和,7,浦和８００ラウンドＣ１選抜馬,800,ダ,左,稍重,晴,9,8,8,アンジュクレール,牝,4,54.0,451,11,森泰斗,小久智,,2,0:47.8,35.7,4-5,3,451,11
2022/11/21,浦和,7,浦和８００ラウンドＣ１選抜馬,800,ダ,左,稍重,晴,9,3,3,スマイルキューティ,牝,4,54.0,489,-9,橋本直,平山真,,3,0:47.9,36.0,2-2,1,489,-9
2022/11/21,浦和,7,浦和８００ラウンドＣ１選抜馬,800,ダ,左,稍重,晴,9,5,5,グレイスディーヴァ,牝,4,54.0,500,4,山本紀,渋谷博,,4,0:48.0,35.6,5-4,9,500,4
2022/11/21,浦和,7,浦和８００ラウンドＣ１選抜馬,800,ダ,左,稍重,晴,9,4,4,ノビーノヒカリ,牝,4,54.0,517,1,加藤和,川島豊,,5,0:48.4,36.5,3-3,5,517,1
2022/11/21,浦和,7,浦和８００ラウンドＣ１選抜馬,800,ダ,左,稍重,晴,9,6,6,アルゴル,牡,3,55.0,470,2,七夕裕,箕輪武,,5,0:48.4,36.0,6-7,7,470,2
2022/11/21,浦和,7,浦和８００ラウンドＣ１選抜馬,800,ダ,左,稍重,晴,9,2,2,ナイフレスト,牝,3,54.0,423,-4,藤本現,藤原智,,7,0:48.6,35.7,7-6,6,423,-4
2022/11/21,浦和,7,浦和８００ラウンドＣ１選抜馬,800,ダ,左,稍重,晴,9,8,9,クラフェニックス,牝,4,52.0,452,1,菅原涼,藤原智,,8,0:48.8,35.9,9-9,4,452,1
2022/11/21,浦和,7,浦和８００ラウンドＣ１選抜馬,800,ダ,左,稍重,晴,9,7,7,ダテノライトニング,牝,7,54.0,481,-2,吉留孝,野口孝,,9,0:48.9,36.0,8-8,8,481,-2
2022/11/21,浦和,8,栃木県馬事畜産振興協議会長賞Ｃ２三,1500,ダ,左,稍重,晴,12,5,5,キャンビー,牡,4,56.0,510,-8,和田譲,野口寛,,1,1:37.9,40.5,2-2-1-1,3,510,-8
2022/11/21,浦和,8,栃木県馬事畜産振興協議会長賞Ｃ２三,1500,ダ,左,稍重,晴,12,2,2,トモノクリスタル,牝,5,54.0,432,3,左海誠,小久智,,2,1:38.0,40.6,1-1-2-2,1,432,3
2022/11/21,浦和,8,栃木県馬事畜産振興協議会長賞Ｃ２三,1500,ダ,左,稍重,晴,12,6,8,キスアンドテル,牝,3,54.0,498,-4,張田昂,海馬司,,3,1:38.4,40.2,7-7-6-4,7,498,-4
2022/11/21,浦和,8,栃木県馬事畜産振興協議会長賞Ｃ２三,1500,ダ,左,稍重,晴,12,1,1,グッドヘイロー,牝,3,54.0,490,-4,寺島憂,山越光,,4,1:38.4,40.0,10-9-7-6,12,490,-4
2022/11/21,浦和,8,栃木県馬事畜産振興協議会長賞Ｃ２三,1500,ダ,左,稍重,晴,12,6,7,リュウノワシントン,牡,4,56.0,445,7,藤本現,齊藤敏,,5,1:38.6,39.9,12-12-11-7,8,445,7
2022/11/21,浦和,8,栃木県馬事畜産振興協議会長賞Ｃ２三,1500,ダ,左,稍重,晴,12,3,3,ステラセイコー,牝,3,54.0,458,4,酒井忍,水野貴,,6,1:38.8,40.9,5-5-4-3,4,458,4
2022/11/21,浦和,8,栃木県馬事畜産振興協議会長賞Ｃ２三,1500,ダ,左,稍重,晴,12,4,4,セイウンマリンガー,牝,3,54.0,425,-1,福原杏,小澤宏,,7,1:39.3,40.8,11-11-10-8,5,425,-1
2022/11/21,浦和,8,栃木県馬事畜産振興協議会長賞Ｃ２三,1500,ダ,左,稍重,晴,12,7,9,アンシミラー,牡,5,56.0,463,-2,吉留孝,薮口一,,8,1:40.0,41.6,8-8-9-10,10,463,-2
2022/11/21,浦和,8,栃木県馬事畜産振興協議会長賞Ｃ２三,1500,ダ,左,稍重,晴,12,8,12,フィニッシュムーヴ,牡,3,56.0,489,1,笹川翼,鹿沼和,,9,1:40.1,42.4,3-3-3-5,2,489,1
2022/11/21,浦和,8,栃木県馬事畜産振興協議会長賞Ｃ２三,1500,ダ,左,稍重,晴,12,8,11,エレダール,牡,3,52.0,446,-3,小林捺,工藤伸,,10,1:40.2,42.3,4-4-5-9,9,446,-3
2022/11/21,浦和,8,栃木県馬事畜産振興協議会長賞Ｃ２三,1500,ダ,左,稍重,晴,12,7,10,トーセンウィンザー,牡,4,52.0,479,4,中島良,山越光,,11,1:40.6,41.9,9-10-12-12,11,479,4
2022/11/21,浦和,8,栃木県馬事畜産振興協議会長賞Ｃ２三,1500,ダ,左,稍重,晴,12,5,6,オールイズトゥルー,牝,3,54.0,417,15,櫻井光,平山真,,12,1:41.4,43.2,6-6-8-11,6,417,15
2022/11/21,浦和,9,小春空特別Ｃ１四,1400,ダ,左,稍重,晴,12,5,6,タキチャンゴー,牝,3,54.0,481,-8,笹川翼,小久智,,1,1:29.7,39.2,1-1-1-1,1,481,-8
2022/11/21,浦和,9,小春空特別Ｃ１四,1400,ダ,左,稍重,晴,12,8,11,キョウエイシャイン,牝,3,54.0,463,-1,福原杏,小澤宏,,2,1:30.0,38.8,7-8-4-2,4,463,-1
2022/11/21,浦和,9,小春空特別Ｃ１四,1400,ダ,左,稍重,晴,12,1,1,マスクドサムライ,牡,3,53.0,481,4,室陽一,藤原智,,3,1:30.0,39.0,4-5-6-4,2,481,4
2022/11/21,浦和,9,小春空特別Ｃ１四,1400,ダ,左,稍重,晴,12,3,3,イチジン,牡,5,56.0,461,9,加藤和,長谷忍,,4,1:30.4,39.8,3-3-3-3,10,461,9
2022/11/21,浦和,9,小春空特別Ｃ１四,1400,ダ,左,稍重,晴,12,4,4,ヘーベー,牝,4,54.0,477,4,和田譲,宇野博,,5,1:30.6,39.2,8-7-7-5,5,477,4
2022/11/21,浦和,9,小春空特別Ｃ１四,1400,ダ,左,稍重,晴,12,7,10,エクスプローラー,牡,3,56.0,458,6,張田昂,張田京,,6,1:30.7,38.4,12-12-10-6,8,458,6
2022/11/21,浦和,9,小春空特別Ｃ１四,1400,ダ,左,稍重,晴,12,5,5,ワンダーダイカネン,牡,5,56.0,493,5,橋本直,鈴木勝,,7,1:30.9,38.9,10-10-9-8,11,493,5
2022/11/21,浦和,9,小春空特別Ｃ１四,1400,ダ,左,稍重,晴,12,6,8,スーパーローズ,牝,5,54.0,471,-6,吉留孝,野口孝,,8,1:31.2,38.9,11-11-11-10,9,471,-6
2022/11/21,浦和,9,小春空特別Ｃ１四,1400,ダ,左,稍重,晴,12,8,12,アンタルクティクス,牡,5,54.0,504,7,野畑凌,内野健,,9,1:31.8,40.3,6-6-8-11,7,504,7
2022/11/21,浦和,9,小春空特別Ｃ１四,1400,ダ,左,稍重,晴,12,7,9,ロードオブイサチル,牝,5,54.0,507,2,半澤慶,宇野博,,10,1:32.4,41.9,2-2-2-7,6,507,2
2022/11/21,浦和,9,小春空特別Ｃ１四,1400,ダ,左,稍重,晴,12,2,2,バトルホッパー,牡,3,56.0,470,-4,森泰斗,横山保,,11,1:32.5,41.7,5-4-5-9,3,470,-4
2022/11/21,浦和,9,小春空特別Ｃ１四,1400,ダ,左,稍重,晴,12,6,7,ゴールドエース,牡,3,56.0,495,13,達城龍,野口孝,,12,1:33.0,41.0,9-9-12-12,12,495,13
2022/11/21,浦和,10,山茶花特別Ｂ２三Ｂ３一,1500,ダ,左,稍重,晴,12,7,9,タマモイットウセイ,牡,4,55.0,492,-7,笹川翼,小久智,,1,1:34.5,39.3,1-1-1-1,2,492,-7
2022/11/21,浦和,10,山茶花特別Ｂ２三Ｂ３一,1500,ダ,左,稍重,晴,12,3,3,ミックベンハー,牡,7,57.0,526,2,澤田龍,渡邊貴,,2,1:35.5,39.1,4-3-3-2,6,526,2
2022/11/21,浦和,10,山茶花特別Ｂ２三Ｂ３一,1500,ダ,左,稍重,晴,12,1,1,デクスター,セ,0,55.0,478,-3,本田重,水野貴,,3,1:35.8,38.5,10-9-8-4,1,478,-3
2022/11/21,浦和,10,山茶花特別Ｂ２三Ｂ３一,1500,ダ,左,稍重,晴,12,5,6,フォルメッシ,牡,4,55.0,460,6,和田譲,齊藤敏,,4,1:36.2,39.3,7-6-5-3,5,460,6
2022/11/21,浦和,10,山茶花特別Ｂ２三Ｂ３一,1500,ダ,左,稍重,晴,12,8,11,クロヒョウ,牡,6,53.0,496,-6,新原周,伊藤滋,,5,1:36.7,39.9,3-5-6-6,3,496,-6
2022/11/21,浦和,10,山茶花特別Ｂ２三Ｂ３一,1500,ダ,左,稍重,晴,12,4,4,モンゲーハガネ,牡,4,55.0,491,-4,野畑凌,鈴木義,,6,1:37.2,40.8,5-4-4-5,10,491,-4
2022/11/21,浦和,10,山茶花特別Ｂ２三Ｂ３一,1500,ダ,左,稍重,晴,12,2,2,バイザウェイ,牡,3,55.0,474,7,山口達,林正人,,7,1:37.3,39.4,11-11-9-8,7,474,7
2022/11/21,浦和,10,山茶花特別Ｂ２三Ｂ３一,1500,ダ,左,稍重,晴,12,6,7,ツクバキセキ,牡,9,57.0,443,-1,笠野雄,矢内博,,8,1:37.5,38.8,12-12-12-12,12,443,-1
2022/11/21,浦和,10,山茶花特別Ｂ２三Ｂ３一,1500,ダ,左,稍重,晴,12,8,12,ヨドノオーシャン,牡,6,57.0,449,0,森泰斗,平山真,,9,1:37.6,40.6,6-7-7-7,4,449,0
2022/11/21,浦和,10,山茶花特別Ｂ２三Ｂ３一,1500,ダ,左,稍重,晴,12,7,10,アイエンジェル,牝,5,52.0,494,-1,七夕裕,岡田一,,10,1:37.9,40.2,9-10-11-11,11,494,-1
2022/11/21,浦和,10,山茶花特別Ｂ２三Ｂ３一,1500,ダ,左,稍重,晴,12,5,5,ナムラタイガー,牡,5,55.0,553,-5,酒井忍,箕輪武,,11,1:38.1,40.6,8-8-10-9,9,553,-5
2022/11/21,浦和,10,山茶花特別Ｂ２三Ｂ３一,1500,ダ,左,稍重,晴,12,6,8,チェンジバイオ,牡,8,54.0,470,-7,木間龍,新井清,,12,1:39.6,44.0,2-2-2-10,8,470,-7
2022/11/21,浦和,11,公益社団法人　栃木県畜産協会長賞Ｃ２Ｃ３,2000,ダ,左,稍重,晴,12,1,1,ピノモラーン,牡,4,55.0,478,-6,新原周,野口孝,,1,2:14.4,41.2,10-7-8-5,7,478,-6
2022/11/21,浦和,11,公益社団法人　栃木県畜産協会長賞Ｃ２Ｃ３,2000,ダ,左,稍重,晴,12,2,2,ベルタント,牡,3,57.0,508,1,張田昂,小久智,,2,2:14.4,42.1,2-1-1-1,2,508,1
2022/11/21,浦和,11,公益社団法人　栃木県畜産協会長賞Ｃ２Ｃ３,2000,ダ,左,稍重,晴,12,3,3,ウインカーマイン,牡,6,57.0,460,3,加藤和,川島豊,,3,2:14.6,42.2,4-4-2-2,3,460,3
2022/11/21,浦和,11,公益社団法人　栃木県畜産協会長賞Ｃ２Ｃ３,2000,ダ,左,稍重,晴,12,8,12,サンラグナニゲル,牝,3,55.0,439,-4,橋本直,川村守,,4,2:15.4,42.6,9-9-4-4,5,439,-4
2022/11/21,浦和,11,公益社団法人　栃木県畜産協会長賞Ｃ２Ｃ３,2000,ダ,左,稍重,晴,12,7,9,ヤマタケコーチャン,牡,3,57.0,437,-4,福原杏,水野貴,,5,2:15.5,43.1,6-5-3-3,1,437,-4
2022/11/21,浦和,11,公益社団法人　栃木県畜産協会長賞Ｃ２Ｃ３,2000,ダ,左,稍重,晴,12,6,8,ハクシンエース,牡,4,57.0,443,-1,半澤慶,平山真,,6,2:15.9,42.9,8-8-6-7,6,443,-1
2022/11/21,浦和,11,公益社団法人　栃木県畜産協会長賞Ｃ２Ｃ３,2000,ダ,左,稍重,晴,12,5,5,ルルド,セ,0,56.0,418,-10,七夕裕,平山真,,7,2:15.9,42.3,11-11-9-8,9,418,-10
2022/11/21,浦和,11,公益社団法人　栃木県畜産協会長賞Ｃ２Ｃ３,2000,ダ,左,稍重,晴,12,6,7,ラッキーアモン,牡,6,55.0,508,-2,寺島憂,箕輪武,,8,2:16.5,43.7,7-6-5-6,10,508,-2
2022/11/21,浦和,11,公益社団法人　栃木県畜産協会長賞Ｃ２Ｃ３,2000,ダ,左,稍重,晴,12,5,6,ウインジュノー,牝,4,51.0,519,4,中島良,川島豊,,9,2:17.3,43.5,12-12-10-9,8,519,4
2022/11/21,浦和,11,公益社団法人　栃木県畜産協会長賞Ｃ２Ｃ３,2000,ダ,左,稍重,晴,12,7,10,セイウンミレイア,牝,5,55.0,474,5,岡田大,冨田敏,,10,2:21.8,48.5,3-3-11-11,12,474,5
2022/11/21,浦和,11,公益社団法人　栃木県畜産協会長賞Ｃ２Ｃ３,2000,ダ,左,稍重,晴,12,8,11,アクナキチョウセン,牡,3,57.0,456,8,和田譲,宇野博,,11,2:21.9,49.2,1-2-7-10,4,456,8
2022/11/21,浦和,11,公益社団法人　栃木県畜産協会長賞Ｃ２Ｃ３,2000,ダ,左,稍重,晴,12,4,4,エイシンスマッシュ,牡,3,57.0,475,6,赤津和,山越光,,12,2:25.3,50.7,5-10-12-12,11,475,6
2022/11/22,浦和,1,２歳三,1400,ダ,左,稍重,晴,11,2,2,ネメシス,牝,2,54.0,441,10,吉留孝,箕輪武,,1,1:31.8,39.9,6-6-6-2,7,441,10
2022/11/22,浦和,1,２歳三,1400,ダ,左,稍重,晴,11,7,8,トーセンアライブ,牡,2,55.0,453,2,左海誠,小久智,,2,1:32.0,39.3,9-9-8-7,1,453,2
2022/11/22,浦和,1,２歳三,1400,ダ,左,稍重,晴,11,6,6,ブルーミングヒル,牝,2,54.0,430,-10,山本紀,山本学,,3,1:32.0,40.4,5-5-4-3,3,430,-10
2022/11/22,浦和,1,２歳三,1400,ダ,左,稍重,晴,11,6,7,サンテンシーサン,牡,2,55.0,491,-2,高橋哲,薮口一,,4,1:32.0,40.8,2-2-2-1,6,491,-2
2022/11/22,浦和,1,２歳三,1400,ダ,左,稍重,晴,11,7,9,シェナストーン,牡,2,55.0,439,5,秋元耕,吉田正,,5,1:32.6,40.2,7-7-7-5,10,439,5
2022/11/22,浦和,1,２歳三,1400,ダ,左,稍重,晴,11,4,4,エアファールング,牡,2,55.0,476,3,西啓太,山越光,,6,1:33.2,39.6,11-11-11-9,5,476,3
2022/11/22,浦和,1,２歳三,1400,ダ,左,稍重,晴,11,8,10,サブリュウシン,牡,2,55.0,466,14,森泰斗,平山真,,7,1:33.3,42.2,1-1-1-6,2,466,14
2022/11/22,浦和,1,２歳三,1400,ダ,左,稍重,晴,11,5,5,トウヨウノマジョ,牝,2,54.0,426,-7,笹川翼,薮口一,,8,1:33.4,41.9,4-3-3-4,4,426,-7
2022/11/22,浦和,1,２歳三,1400,ダ,左,稍重,晴,11,1,1,ダプネマリン,牝,2,54.0,410,2,橋本直,牛房榮,,9,1:33.6,40.6,10-10-9-10,11,410,2
2022/11/22,浦和,1,２歳三,1400,ダ,左,稍重,晴,11,8,11,ビナダラット,牝,2,54.0,447,-5,町田直,酒井一,,10,1:34.2,42.7,3-4-5-8,8,447,-5
2022/11/22,浦和,1,２歳三,1400,ダ,左,稍重,晴,11,3,3,モリデンボーイ,牡,2,55.0,509,3,福原杏,山越光,,11,1:36.0,43.0,8-8-10-11,9,509,3
2022/11/22,浦和,2,２歳二,1400,ダ,左,稍重,晴,10,2,2,キックアス,牡,2,55.0,452,10,福原杏,海馬司,,1,1:30.4,39.0,1-1-1-1,7,452,10
2022/11/22,浦和,2,２歳二,1400,ダ,左,稍重,晴,10,8,9,アンジュルミエール,牝,2,54.0,473,-2,森泰斗,小久智,,2,1:31.0,39.6,2-2-2-2,2,473,-2
2022/11/22,浦和,2,２歳二,1400,ダ,左,稍重,晴,10,7,8,エイシンペトラ,牝,2,54.0,465,-11,本橋孝,藤原智,,3,1:31.1,39.2,8-7-5-3,1,465,-11
2022/11/22,浦和,2,２歳二,1400,ダ,左,稍重,晴,10,5,5,ドロットニング,牝,2,54.0,476,3,橋本直,小久智,,4,1:31.2,39.7,3-3-3-4,6,476,3
2022/11/22,浦和,2,２歳二,1400,ダ,左,稍重,晴,10,1,1,ハッサクサン,牝,2,54.0,480,3,秋元耕,水野貴,,5,1:32.1,39.7,7-5-6-6,9,480,3
2022/11/22,浦和,2,２歳二,1400,ダ,左,稍重,晴,10,3,3,シナノフローレンス,牝,2,53.0,394,3,七夕裕,岡田一,,6,1:32.3,40.4,5-4-4-5,8,394,3
2022/11/22,浦和,2,２歳二,1400,ダ,左,稍重,晴,10,4,4,キミトユメヲカケル,牝,2,54.0,420,-2,加藤和,長谷忍,,7,1:32.3,39.5,9-8-7-7,5,420,-2
2022/11/22,浦和,2,２歳二,1400,ダ,左,稍重,晴,10,7,7,エマーブルクラス,牝,2,54.0,449,1,笹川翼,薮口一,,8,1:33.5,40.3,10-10-8-8,4,449,1
2022/11/22,浦和,2,２歳二,1400,ダ,左,稍重,晴,10,6,6,エムティヒビキ,セ,0,55.0,425,4,藤本現,山田質,,9,1:35.3,41.5,6-9-10-9,3,425,4
2022/11/22,浦和,2,２歳二,1400,ダ,左,稍重,晴,10,8,10,アイリイファースト,牝,2,51.0,505,29,室陽一,宇野博,,10,1:39.0,46.1,4-6-9-10,10,505,29
2022/11/22,浦和,3,３歳三,1400,ダ,左,稍重,晴,12,5,5,インゲニウム,牡,3,56.0,525,9,森泰斗,米谷康,,1,1:30.4,39.8,5-5-2-1,1,525,9
2022/11/22,浦和,3,３歳三,1400,ダ,左,稍重,晴,12,8,12,ジュンオーズ,牡,3,56.0,435,-6,秋元耕,海馬司,,2,1:30.5,39.9,3-3-4-3,6,435,-6
2022/11/22,浦和,3,３歳三,1400,ダ,左,稍重,晴,12,6,7,マルノコウキ,牡,3,53.0,534,0,室陽一,川村守,,3,1:30.9,40.3,1-1-1-2,3,534,0
2022/11/22,浦和,3,３歳三,1400,ダ,左,稍重,晴,12,7,9,カナイアンゼン,牝,3,54.0,472,-9,町田直,佐藤博,,4,1:31.4,40.5,7-7-7-4,4,472,-9
2022/11/22,浦和,3,３歳三,1400,ダ,左,稍重,晴,12,3,3,クーラクー,牡,3,56.0,509,-4,山口達,林正人,,5,1:31.5,40.2,8-8-8-8,2,509,-4
2022/11/22,浦和,3,３歳三,1400,ダ,左,稍重,晴,12,1,1,サンボールダー,牝,3,54.0,475,-4,見越彬,川村守,,6,1:31.8,40.9,4-4-5-6,5,475,-4
2022/11/22,浦和,3,３歳三,1400,ダ,左,稍重,晴,12,8,11,ラグドール,牡,3,56.0,476,4,吉留孝,薮口一,,7,1:31.8,40.9,6-6-6-7,7,476,4
2022/11/22,浦和,3,３歳三,1400,ダ,左,稍重,晴,12,7,10,ハクサンアロー,牡,3,56.0,498,11,本橋孝,矢野義,,8,1:31.8,41.2,2-2-3-5,8,498,11
2022/11/22,浦和,3,３歳三,1400,ダ,左,稍重,晴,12,4,4,エスケイローレンス,牝,3,54.0,447,-5,加藤和,冨田敏,,9,1:32.3,40.4,9-9-9-9,10,447,-5
2022/11/22,浦和,3,３歳三,1400,ダ,左,稍重,晴,12,5,6,アストロメアリー,牝,3,52.0,400,4,新原周,長谷忍,,10,1:32.4,40.2,10-11-10-10,9,400,4
2022/11/22,浦和,3,３歳三,1400,ダ,左,稍重,晴,12,6,8,シェナハート,牝,3,54.0,419,7,國分祐,冨田敏,,11,1:33.7,41.5,11-10-11-11,11,419,7
2022/11/22,浦和,3,３歳三,1400,ダ,左,稍重,晴,12,2,2,スカイパーフェクト,牝,3,54.0,0,0,高橋哲,牛房榮,,,,,,,0,0
2022/11/22,浦和,4,浦和８００ラウンド３歳選抜馬,800,ダ,左,稍重,晴,11,3,3,モンテジュエル,牝,3,54.0,436,-4,和田譲,新井清,,1,0:48.4,35.7,1-1,1,436,-4
2022/11/22,浦和,4,浦和８００ラウンド３歳選抜馬,800,ダ,左,稍重,晴,11,8,10,コリコ,牝,3,54.0,437,-4,秋元耕,鈴木義,,2,0:49.4,36.3,3-3,2,437,-4
2022/11/22,浦和,4,浦和８００ラウンド３歳選抜馬,800,ダ,左,稍重,晴,11,4,4,パワーサクレツ,セ,0,56.0,407,-5,加藤和,横山保,,3,0:49.7,36.8,2-2,4,407,-5
2022/11/22,浦和,4,浦和８００ラウンド３歳選抜馬,800,ダ,左,稍重,晴,11,2,2,ミウィ,牝,3,54.0,443,9,吉留孝,薮口一,,4,0:50.0,35.8,9-9,6,443,9
2022/11/22,浦和,4,浦和８００ラウンド３歳選抜馬,800,ダ,左,稍重,晴,11,1,1,ビナフエ,牝,3,51.0,442,9,室陽一,水野貴,,5,0:50.1,37.1,5-4,5,442,9
2022/11/22,浦和,4,浦和８００ラウンド３歳選抜馬,800,ダ,左,稍重,晴,11,6,6,スキヤキ,牡,3,56.0,470,2,橋本直,横山保,,6,0:50.1,36.4,8-7,8,470,2
2022/11/22,浦和,4,浦和８００ラウンド３歳選抜馬,800,ダ,左,稍重,晴,11,5,5,シェナコロネ,牝,3,54.0,481,-4,岡田大,冨田敏,,7,0:50.5,37.5,4-6,7,481,-4
2022/11/22,浦和,4,浦和８００ラウンド３歳選抜馬,800,ダ,左,稍重,晴,11,7,8,マガーリ,牝,3,51.0,482,6,木間龍,久保勇,,8,0:50.5,37.1,7-5,9,482,6
2022/11/22,浦和,4,浦和８００ラウンド３歳選抜馬,800,ダ,左,稍重,晴,11,6,7,フクチャンクイーン,牝,3,54.0,445,15,見越彬,内野健,,9,0:50.6,37.2,6-8,3,445,15
2022/11/22,浦和,4,浦和８００ラウンド３歳選抜馬,800,ダ,左,稍重,晴,11,7,9,ヒナマル,牝,3,52.0,417,10,菅原涼,長谷忍,,10,0:51.7,37.5,11-10,11,417,10
2022/11/22,浦和,4,浦和８００ラウンド３歳選抜馬,800,ダ,左,稍重,晴,11,8,11,デジール,セ,0,56.0,503,8,櫻井光,宇野博,,11,0:54.3,40.3,10-11,10,503,8
2022/11/22,浦和,5,高崎ハム賞Ｃ２四,1400,ダ,左,稍重,晴,12,5,6,レッドコーラル,牝,3,54.0,442,2,左海誠,小久智,,1,1:30.2,39.9,1-1-1-1,3,442,2
2022/11/22,浦和,5,高崎ハム賞Ｃ２四,1400,ダ,左,稍重,晴,12,7,10,ライヴガーネット,牝,3,54.0,469,-4,森泰斗,工藤伸,,2,1:30.5,39.8,2-2-2-2,1,469,-4
2022/11/22,浦和,5,高崎ハム賞Ｃ２四,1400,ダ,左,稍重,晴,12,8,11,ミメウルワシ,牝,7,54.0,452,-1,西啓太,山越光,,3,1:30.9,40.1,3-3-3-3,9,452,-1
2022/11/22,浦和,5,高崎ハム賞Ｃ２四,1400,ダ,左,稍重,晴,12,6,7,フクノヴァランス,牡,7,53.0,482,3,室陽一,川島豊,,4,1:31.1,40.2,6-7-6-4,4,482,3
2022/11/22,浦和,5,高崎ハム賞Ｃ２四,1400,ダ,左,稍重,晴,12,4,4,カミヤガルーラ,牡,4,56.0,467,2,橋本直,内野健,,5,1:31.2,39.8,9-10-10-7,6,467,2
2022/11/22,浦和,5,高崎ハム賞Ｃ２四,1400,ダ,左,稍重,晴,12,3,3,モモドリーム,牝,4,54.0,495,2,福原杏,平山真,,6,1:31.3,40.0,8-9-9-5,8,495,2
2022/11/22,浦和,5,高崎ハム賞Ｃ２四,1400,ダ,左,稍重,晴,12,8,12,ザサンアップライト,牡,5,56.0,461,3,見越彬,野口孝,,7,1:32.5,41.6,4-4-4-6,2,461,3
2022/11/22,浦和,5,高崎ハム賞Ｃ２四,1400,ダ,左,稍重,晴,12,2,2,メラスクリオス,牝,3,54.0,454,-17,半澤慶,宇野博,,8,1:32.5,41.5,7-5-8-10,7,454,-17
2022/11/22,浦和,5,高崎ハム賞Ｃ２四,1400,ダ,左,稍重,晴,12,7,9,イサチルダイチ,牡,6,56.0,507,8,町田直,長谷忍,,9,1:32.5,41.6,10-8-7-8,10,507,8
2022/11/22,浦和,5,高崎ハム賞Ｃ２四,1400,ダ,左,稍重,晴,12,5,5,ブルベアマイル,牡,5,56.0,456,8,吉留孝,岡田一,,10,1:32.9,42.0,5-6-5-9,5,456,8
2022/11/22,浦和,5,高崎ハム賞Ｃ２四,1400,ダ,左,稍重,晴,12,6,8,フォーリボス,セ,0,56.0,514,5,櫻井光,岩本洋,,11,1:33.9,42.0,11-11-11-11,11,514,5
2022/11/22,浦和,5,高崎ハム賞Ｃ２四,1400,ダ,左,稍重,晴,12,1,1,エイシンスタートル,牡,3,56.0,462,-2,本橋孝,藤原智,,,,,,,462,-2
2022/11/22,浦和,6,Ｃ３三,1400,ダ,左,稍重,晴,12,3,3,バローロフレイバー,牡,6,56.0,510,4,酒井忍,繁田健,,1,1:31.5,40.3,1-2-1-1,1,510,4
2022/11/22,浦和,6,Ｃ３三,1400,ダ,左,稍重,晴,12,4,4,セイウングラッパ,牡,7,56.0,454,11,吉留孝,吉田正,,2,1:31.8,39.4,8-7-6-2,5,454,11
2022/11/22,浦和,6,Ｃ３三,1400,ダ,左,稍重,晴,12,2,2,ロッカーモーション,牝,6,54.0,498,4,橋本直,内野健,,3,1:32.1,39.3,10-9-9-5,2,498,4
2022/11/22,浦和,6,Ｃ３三,1400,ダ,左,稍重,晴,12,5,6,エンリグロリア,牝,5,53.0,526,-4,池谷匠,山田質,,4,1:32.7,39.5,11-11-11-12,4,526,-4
2022/11/22,浦和,6,Ｃ３三,1400,ダ,左,稍重,晴,12,5,5,ハイエストプレイズ,牝,5,54.0,509,2,櫻井光,酒井一,,5,1:32.9,40.6,7-8-7-4,6,509,2
2022/11/22,浦和,6,Ｃ３三,1400,ダ,左,稍重,晴,12,7,10,サンライズテソロ,牡,4,53.0,453,9,室陽一,川島豊,,6,1:33.1,40.3,9-10-10-7,10,453,9
2022/11/22,浦和,6,Ｃ３三,1400,ダ,左,稍重,晴,12,6,8,ニシノマリアージュ,牝,6,54.0,408,0,岡田大,冨田敏,,7,1:33.4,42.1,3-3-2-3,3,408,0
2022/11/22,浦和,6,Ｃ３三,1400,ダ,左,稍重,晴,12,8,12,ファーマスター,牝,4,54.0,434,7,福原杏,川村守,,8,1:33.5,41.2,6-6-8-10,8,434,7
2022/11/22,浦和,6,Ｃ３三,1400,ダ,左,稍重,晴,12,7,9,コスモリカバリー,牡,4,56.0,472,-22,増田充,山越光,,9,1:33.8,40.2,12-12-12-11,12,472,-22
2022/11/22,浦和,6,Ｃ３三,1400,ダ,左,稍重,晴,12,8,11,シェナノブチ,牡,7,56.0,410,5,國分祐,冨田敏,,10,1:33.9,42.0,4-5-4-8,11,410,5
2022/11/22,浦和,6,Ｃ３三,1400,ダ,左,稍重,晴,12,6,7,トーセンケイト,牝,4,54.0,479,3,藤江渉,川村守,,11,1:34.7,42.8,5-4-5-9,7,479,3
2022/11/22,浦和,6,Ｃ３三,1400,ダ,左,稍重,晴,12,1,1,ダイバキャッツアイ,牝,5,54.0,464,-1,赤津和,箕輪武,,12,1:34.9,43.6,2-1-3-6,9,464,-1
2022/11/22,浦和,7,東毛酪農６３℃賞Ｃ１五,1500,ダ,左,良,晴,12,1,1,トモノエリザベス,牝,3,54.0,462,8,町田直,酒井一,,1,1:37.2,39.6,6-6-6-6,4,462,8
2022/11/22,浦和,7,東毛酪農６３℃賞Ｃ１五,1500,ダ,左,良,晴,12,4,4,ニシノアクシス,牡,5,56.0,500,6,岡田大,冨田敏,,2,1:37.3,39.7,8-8-5-3,7,500,6
2022/11/22,浦和,7,東毛酪農６３℃賞Ｃ１五,1500,ダ,左,良,晴,12,6,8,ノアブラック,セ,0,56.0,444,2,岡村健,武井和,,3,1:37.3,39.0,10-12-11-7,6,444,2
2022/11/22,浦和,7,東毛酪農６３℃賞Ｃ１五,1500,ダ,左,良,晴,12,2,2,レオズソーダライト,牝,6,54.0,466,-2,橋本直,平山真,,4,1:37.9,41.2,1-1-1-1,1,466,-2
2022/11/22,浦和,7,東毛酪農６３℃賞Ｃ１五,1500,ダ,左,良,晴,12,7,9,デルマジザイ,牡,4,56.0,456,4,藤江渉,工藤伸,,5,1:38.4,41.6,3-3-3-2,8,456,4
2022/11/22,浦和,7,東毛酪農６３℃賞Ｃ１五,1500,ダ,左,良,晴,12,6,7,ナンノコレシキ,牝,4,54.0,460,-3,櫻井光,八木喜,,6,1:38.7,40.6,12-11-7-8,11,460,-3
2022/11/22,浦和,7,東毛酪農６３℃賞Ｃ１五,1500,ダ,左,良,晴,12,3,3,アドミラブルエース,牡,3,56.0,480,15,笹川翼,繁田健,,7,1:38.9,41.6,7-5-4-5,3,480,15
2022/11/22,浦和,7,東毛酪農６３℃賞Ｃ１五,1500,ダ,左,良,晴,12,5,5,イデアノキセキ,牡,3,56.0,452,-5,川島正,岡田一,,8,1:38.9,42.2,2-2-2-4,5,452,-5
2022/11/22,浦和,7,東毛酪農６３℃賞Ｃ１五,1500,ダ,左,良,晴,12,5,6,サントレゾール,牡,4,56.0,474,5,山口達,林正人,,9,1:39.2,41.1,11-9-9-9,9,474,5
2022/11/22,浦和,7,東毛酪農６３℃賞Ｃ１五,1500,ダ,左,良,晴,12,7,10,スティールマドンナ,牝,4,54.0,468,5,藤本現,藤原智,,10,1:39.6,41.7,4-7-8-10,10,468,5
2022/11/22,浦和,7,東毛酪農６３℃賞Ｃ１五,1500,ダ,左,良,晴,12,8,11,グランパドゥシャ,牝,3,54.0,467,10,澤田龍,川村守,,11,1:43.8,46.2,5-4-9-11,2,467,10
2022/11/22,浦和,7,東毛酪農６３℃賞Ｃ１五,1500,ダ,左,良,晴,12,8,12,イナリ,牝,3,54.0,392,-3,赤津和,山越光,,12,1:44.8,45.9,9-10-12-12,12,392,-3
2022/11/22,浦和,8,上州和牛賞特別Ｃ２一,1500,ダ,左,良,晴,12,2,2,ミュステーリオン,牝,3,54.0,484,2,見越彬,小久智,,1,1:36.2,38.7,1-1-1-1,1,484,2
2022/11/22,浦和,8,上州和牛賞特別Ｃ２一,1500,ダ,左,良,晴,12,4,4,デルタラヴバレット,牡,3,56.0,456,11,酒井忍,繁田健,,2,1:37.7,39.9,3-2-2-2,9,456,11
2022/11/22,浦和,8,上州和牛賞特別Ｃ２一,1500,ダ,左,良,晴,12,7,9,サフランポケット,牡,4,56.0,483,0,森泰斗,平山真,,3,1:37.8,39.5,6-5-5-4,5,483,0
2022/11/22,浦和,8,上州和牛賞特別Ｃ２一,1500,ダ,左,良,晴,12,1,1,ピオレドール,牡,7,56.0,484,3,福原杏,横山保,,4,1:38.1,40.3,4-3-3-3,2,484,3
2022/11/22,浦和,8,上州和牛賞特別Ｃ２一,1500,ダ,左,良,晴,12,6,8,バトルオサンナ,牝,8,54.0,449,-5,町田直,入口由,,5,1:38.4,39.7,11-7-8-9,3,449,-5
2022/11/22,浦和,8,上州和牛賞特別Ｃ２一,1500,ダ,左,良,晴,12,7,10,ゲンパチカガヤキ,牡,7,56.0,493,8,秋元耕,小澤宏,,6,1:38.9,39.8,12-12-11-8,6,493,8
2022/11/22,浦和,8,上州和牛賞特別Ｃ２一,1500,ダ,左,良,晴,12,5,6,ミーティアカフェ,牝,4,54.0,481,-7,内田利,箕輪武,,7,1:38.9,40.2,10-8-7-6,8,481,-7
2022/11/22,浦和,8,上州和牛賞特別Ｃ２一,1500,ダ,左,良,晴,12,8,11,ベローナカグラ,牝,3,54.0,476,-5,藤本現,水野貴,,8,1:39.5,41.2,7-6-6-7,4,476,-5
2022/11/22,浦和,8,上州和牛賞特別Ｃ２一,1500,ダ,左,良,晴,12,6,7,マウコノミタマ,牡,3,56.0,478,-2,伊藤裕,藤原智,,9,1:39.6,41.6,5-4-4-5,11,478,-2
2022/11/22,浦和,8,上州和牛賞特別Ｃ２一,1500,ダ,左,良,晴,12,5,5,サマーデライト,牝,3,54.0,424,3,高橋哲,牛房榮,,10,1:40.0,41.1,9-10-10-10,12,424,3
2022/11/22,浦和,8,上州和牛賞特別Ｃ２一,1500,ダ,左,良,晴,12,8,12,カリューウコン,牡,4,54.0,443,17,野畑凌,平田正,,11,1:40.3,41.6,8-9-9-11,10,443,17
2022/11/22,浦和,8,上州和牛賞特別Ｃ２一,1500,ダ,左,良,晴,12,3,3,リワードタイフォン,牡,3,56.0,488,24,和田譲,宇野博,,,,,2-11,7,488,24
2022/11/22,浦和,9,Ｊ交 マルチフェイス特別Ｂ２Ｂ３選抜馬,1400,ダ,左,良,晴,12,8,12,パクスジャポニカ,牡,4,57.0,485,-7,酒井忍,浅野洋,,1,1:28.6,38.2,7-7-1-1,11,485,-7
2022/11/22,浦和,9,Ｊ交 マルチフェイス特別Ｂ２Ｂ３選抜馬,1400,ダ,左,良,晴,12,2,2,チュイション,牡,4,57.0,490,-2,笹川翼,高柳瑞,,2,1:28.7,38.0,6-6-6-3,2,490,-2
2022/11/22,浦和,9,Ｊ交 マルチフェイス特別Ｂ２Ｂ３選抜馬,1400,ダ,左,良,晴,12,7,10,コスミックエナジー,牝,5,52.0,475,-5,今村聖,高野友,,3,1:28.7,38.3,5-4-4-2,3,475,-5
2022/11/22,浦和,9,Ｊ交 マルチフェイス特別Ｂ２Ｂ３選抜馬,1400,ダ,左,良,晴,12,3,3,マリアルージュ,牝,6,55.0,492,-4,福原杏,小久智,,4,1:29.0,38.1,11-8-8-5,7,492,-4
2022/11/22,浦和,9,Ｊ交 マルチフェイス特別Ｂ２Ｂ３選抜馬,1400,ダ,左,良,晴,12,1,1,コウユーラヴラヴ,牝,4,55.0,496,3,町田直,宇野博,,5,1:29.3,39.1,1-1-2-4,5,496,3
2022/11/22,浦和,9,Ｊ交 マルチフェイス特別Ｂ２Ｂ３選抜馬,1400,ダ,左,良,晴,12,6,8,ウインラザンツ,牡,4,57.0,514,6,真島大,畠山吉,,6,1:30.3,39.1,12-11-10-9,6,514,6
2022/11/22,浦和,9,Ｊ交 マルチフェイス特別Ｂ２Ｂ３選抜馬,1400,ダ,左,良,晴,12,8,11,サンキーウエスト,牝,5,55.0,457,-5,和田譲,野口寛,,7,1:30.5,39.6,10-12-7-8,4,457,-5
2022/11/22,浦和,9,Ｊ交 マルチフェイス特別Ｂ２Ｂ３選抜馬,1400,ダ,左,良,晴,12,4,4,メリーセンス,牡,3,57.0,508,2,森泰斗,森秀行,,8,1:30.7,40.2,4-3-5-6,1,508,2
2022/11/22,浦和,9,Ｊ交 マルチフェイス特別Ｂ２Ｂ３選抜馬,1400,ダ,左,良,晴,12,5,5,チャーチャンテン,牝,4,55.0,425,1,菊澤一,鈴木慎,,9,1:30.8,40.5,2-2-3-7,8,425,1
2022/11/22,浦和,9,Ｊ交 マルチフェイス特別Ｂ２Ｂ３選抜馬,1400,ダ,左,良,晴,12,5,6,ブルーローズ,牝,6,55.0,443,-8,吉留孝,野口孝,,10,1:30.9,40.0,8-9-9-10,10,443,-8
2022/11/22,浦和,9,Ｊ交 マルチフェイス特別Ｂ２Ｂ３選抜馬,1400,ダ,左,良,晴,12,7,9,カミノアカネ,牝,5,53.0,465,4,新原周,岡田一,,11,1:31.1,40.1,3-5-12-12,9,465,4
2022/11/22,浦和,9,Ｊ交 マルチフェイス特別Ｂ２Ｂ３選抜馬,1400,ダ,左,良,晴,12,6,7,ダウラギリ,牡,5,54.0,494,-15,室陽一,酒井一,,12,1:31.3,40.1,9-10-11-11,12,494,-15
2022/11/22,浦和,10,’２２　まがたま賞Ａ２下選抜馬,1400,ダ,左,良,曇,12,1,1,モリデンアロー,牡,4,55.0,501,-1,町田直,繁田健,,1,1:28.1,37.6,6-5-6-4,3,501,-1
2022/11/22,浦和,10,’２２　まがたま賞Ａ２下選抜馬,1400,ダ,左,良,曇,12,8,12,ヴァヴィロフ,牡,4,57.0,478,6,笹川翼,高月賢,,2,1:28.3,38.0,3-3-3-3,8,478,6
2022/11/22,浦和,10,’２２　まがたま賞Ａ２下選抜馬,1400,ダ,左,良,曇,12,7,9,エンテレケイア,牡,4,57.0,520,3,真島大,小久智,,3,1:28.3,38.1,2-2-1-1,4,520,3
2022/11/22,浦和,10,’２２　まがたま賞Ａ２下選抜馬,1400,ダ,左,良,曇,12,6,7,ハートプレイス,牡,4,57.0,488,3,森泰斗,佐宗応,,4,1:28.7,38.2,7-7-7-7,7,488,3
2022/11/22,浦和,10,’２２　まがたま賞Ａ２下選抜馬,1400,ダ,左,良,曇,12,7,10,ヨハン,牡,6,57.0,452,-1,和田譲,山下之,,5,1:28.9,38.6,4-4-4-5,2,452,-1
2022/11/22,浦和,10,’２２　まがたま賞Ａ２下選抜馬,1400,ダ,左,良,曇,12,2,2,キタサンタイドー,牡,7,57.0,526,2,福原杏,米谷康,,6,1:28.9,38.1,10-8-8-8,5,526,2
2022/11/22,浦和,10,’２２　まがたま賞Ａ２下選抜馬,1400,ダ,左,良,曇,12,4,4,リヴィフェイス,牡,3,57.0,468,6,本橋孝,石井勝,,7,1:29.1,38.6,5-6-5-6,1,468,6
2022/11/22,浦和,10,’２２　まがたま賞Ａ２下選抜馬,1400,ダ,左,良,曇,12,8,11,エフェルヴェソンス,牡,7,57.0,492,-2,岡村健,米谷康,,8,1:29.3,38.4,8-9-10-10,10,492,-2
2022/11/22,浦和,10,’２２　まがたま賞Ａ２下選抜馬,1400,ダ,左,良,曇,12,3,3,ジョーダンキング,牡,9,57.0,498,-8,池谷匠,山崎尋,,9,1:29.4,37.6,12-12-12-12,12,498,-8
2022/11/22,浦和,10,’２２　まがたま賞Ａ２下選抜馬,1400,ダ,左,良,曇,12,5,5,スピーディクール,セ,0,57.0,494,9,西啓太,中道啓,,10,1:29.4,38.4,11-11-9-9,11,494,9
2022/11/22,浦和,10,’２２　まがたま賞Ａ２下選抜馬,1400,ダ,左,良,曇,12,5,6,ヴィーダ,セ,0,57.0,463,19,秋元耕,小澤宏,,11,1:29.9,38.9,9-10-11-11,9,463,19
2022/11/22,浦和,10,’２２　まがたま賞Ａ２下選抜馬,1400,ダ,左,良,曇,12,6,8,レベルフォー,牡,6,57.0,499,8,木間龍,矢野義,,12,1:29.9,39.7,1-1-2-2,6,499,8
2022/11/22,浦和,11,群馬県畜産協会長賞特別Ｃ１選抜馬,2000,ダ,左,良,曇,11,3,3,ニシノブライアント,牡,4,56.0,462,3,西村栄,渋谷博,,1,2:12.2,40.7,7-7-1-1,5,462,3
2022/11/22,浦和,11,群馬県畜産協会長賞特別Ｃ１選抜馬,2000,ダ,左,良,曇,11,1,1,シナノジャングル,牡,4,55.0,478,5,七夕裕,岡田一,,2,2:12.9,41.2,3-4-5-2,3,478,5
2022/11/22,浦和,11,群馬県畜産協会長賞特別Ｃ１選抜馬,2000,ダ,左,良,曇,11,7,9,ノーブルキャニオン,牡,4,56.0,481,-2,岡村裕,八木仁,,3,2:13.5,41.1,11-11-9-8,4,481,-2
2022/11/22,浦和,11,群馬県畜産協会長賞特別Ｃ１選抜馬,2000,ダ,左,良,曇,11,5,5,ピースオブホース,牡,4,55.0,514,0,池谷匠,山田質,,4,2:13.7,41.4,10-10-8-4,6,514,0
2022/11/22,浦和,11,群馬県畜産協会長賞特別Ｃ１選抜馬,2000,ダ,左,良,曇,11,4,4,リュウノボミ,牝,3,54.0,456,0,藤本現,齊藤敏,,5,2:13.8,42.2,5-5-3-5,9,456,0
2022/11/22,浦和,11,群馬県畜産協会長賞特別Ｃ１選抜馬,2000,ダ,左,良,曇,11,6,7,エアセイラン,牡,4,56.0,492,-7,笹川翼,林隆之,,6,2:13.9,42.4,4-3-2-3,1,492,-7
2022/11/22,浦和,11,群馬県畜産協会長賞特別Ｃ１選抜馬,2000,ダ,左,良,曇,11,7,8,コスモビートイット,牡,5,56.0,504,-3,秋元耕,川島豊,,7,2:14.1,41.9,8-8-7-7,7,504,-3
2022/11/22,浦和,11,群馬県畜産協会長賞特別Ｃ１選抜馬,2000,ダ,左,良,曇,11,6,6,キタノマンゲツ,牡,4,56.0,450,2,濱田達,山中尊,,8,2:14.3,42.1,9-9-6-6,10,450,2
2022/11/22,浦和,11,群馬県畜産協会長賞特別Ｃ１選抜馬,2000,ダ,左,良,曇,11,8,10,ラスティネイル,牝,4,54.0,465,2,吉留孝,牛房榮,,9,2:15.9,44.4,2-1-4-9,2,465,2
2022/11/22,浦和,11,群馬県畜産協会長賞特別Ｃ１選抜馬,2000,ダ,左,良,曇,11,2,2,ブレイブウォリアー,セ,0,53.0,490,9,室陽一,酒井一,,10,2:16.6,44.3,6-6-10-10,11,490,9
2022/11/22,浦和,11,群馬県畜産協会長賞特別Ｃ１選抜馬,2000,ダ,左,良,曇,11,8,11,ガマン,牡,5,56.0,488,20,藤江渉,水野貴,,11,2:19.8,47.4,1-2-11-11,8,488,20
2022/11/23,浦和,1,３歳四,1400,ダ,左,重,雨,12,8,11,ヴァンドール,牡,3,56.0,457,3,真島大,繁田健,,1,1:30.6,39.8,3-3-2-1,3,457,3
2022/11/23,浦和,1,３歳四,1400,ダ,左,重,雨,12,5,6,ラップランド,セ,0,56.0,476,24,山崎誠,玉井昇,,2,1:31.3,38.5,12-12-9-6,4,476,24
2022/11/23,浦和,1,３歳四,1400,ダ,左,重,雨,12,7,9,カルヴァドス,牝,3,53.0,468,-2,古岡勇,内田勝,,3,1:31.3,39.8,5-5-5-4,5,468,-2
2022/11/23,浦和,1,３歳四,1400,ダ,左,重,雨,12,4,4,マジックゲール,牡,3,56.0,476,4,和田譲,水野貴,,4,1:31.9,40.7,7-4-3-3,2,476,4
2022/11/23,浦和,1,３歳四,1400,ダ,左,重,雨,12,7,10,ビートルジュース,牝,3,54.0,440,5,左海誠,小久智,,5,1:32.1,41.1,2-2-4-5,7,440,5
2022/11/23,浦和,1,３歳四,1400,ダ,左,重,雨,12,5,5,ライディーン,牡,3,56.0,498,2,寺島憂,川島豊,,6,1:32.6,39.9,10-11-9-7,11,498,2
2022/11/23,浦和,1,３歳四,1400,ダ,左,重,雨,12,6,7,エイシンドゥルガー,牝,3,54.0,483,-3,御神訓,藤原智,,7,1:32.6,41.9,1-1-1-2,1,483,-3
2022/11/23,浦和,1,３歳四,1400,ダ,左,重,雨,12,8,12,パルメニデス,牡,3,56.0,409,15,藤本現,藤原智,,8,1:32.7,40.8,9-7-6-8,12,409,15
2022/11/23,浦和,1,３歳四,1400,ダ,左,重,雨,12,2,2,ミッドナイトブルー,牝,3,54.0,435,1,福原杏,横山保,,9,1:32.7,40.3,11-10-11-10,10,435,1
2022/11/23,浦和,1,３歳四,1400,ダ,左,重,雨,12,3,3,ツーエムロケット,セ,0,54.0,486,-5,野畑凌,小澤宏,,10,1:33.7,41.5,8-9-7-9,6,486,-5
2022/11/23,浦和,1,３歳四,1400,ダ,左,重,雨,12,1,1,モエヨグラン,牡,3,56.0,510,1,赤津和,箕輪武,,11,1:34.2,42.0,6-8-12-11,8,510,1
2022/11/23,浦和,1,３歳四,1400,ダ,左,重,雨,12,6,8,キョウエイカーク,牡,3,56.0,505,-11,高橋哲,入口由,,12,1:34.9,43.0,4-6-8-12,9,505,-11
2022/11/23,浦和,2,特選Ｃ３二,1500,ダ,左,重,雨,12,2,2,ラブリーギャル,牝,6,54.0,498,-1,見越彬,海馬司,,1,1:38.0,40.4,1-1-1-1,1,498,-1
2022/11/23,浦和,2,特選Ｃ３二,1500,ダ,左,重,雨,12,5,5,カントナ,牝,5,54.0,422,-3,酒井忍,宇野博,,2,1:38.3,40.2,4-4-3-3,4,422,-3
2022/11/23,浦和,2,特選Ｃ３二,1500,ダ,左,重,雨,12,1,1,フィアレススマイル,牡,5,56.0,470,11,橋本直,平山真,,3,1:38.6,40.3,8-8-5-4,2,470,11
2022/11/23,浦和,2,特選Ｃ３二,1500,ダ,左,重,雨,12,7,9,ワンダーニメンソウ,牝,4,51.0,481,4,室陽一,鈴木勝,,4,1:38.8,40.9,2-2-2-2,7,481,4
2022/11/23,浦和,2,特選Ｃ３二,1500,ダ,左,重,雨,12,4,4,ホロシリダケ,セ,0,56.0,482,2,内田利,野口孝,,5,1:39.2,39.2,10-10-10-9,5,482,2
2022/11/23,浦和,2,特選Ｃ３二,1500,ダ,左,重,雨,12,6,7,スプリングネージュ,牝,4,54.0,424,-1,福原杏,鈴木勝,,6,1:39.3,40.8,7-7-7-8,6,424,-1
2022/11/23,浦和,2,特選Ｃ３二,1500,ダ,左,重,雨,12,8,12,ハクサンバレー,牝,5,54.0,436,-2,小杉亮,森　始,,7,1:39.4,41.1,6-5-6-5,9,436,-2
2022/11/23,浦和,2,特選Ｃ３二,1500,ダ,左,重,雨,12,6,8,トゥインクルタワー,牡,4,53.0,503,4,木間龍,薮口一,,8,1:39.9,39.1,11-12-12-11,10,503,4
2022/11/23,浦和,2,特選Ｃ３二,1500,ダ,左,重,雨,12,8,11,フォガラ,牝,5,54.0,475,8,藤本現,小久智,,9,1:40.0,41.9,3-3-4-6,3,475,8
2022/11/23,浦和,2,特選Ｃ３二,1500,ダ,左,重,雨,12,7,10,パーティーアニマル,牡,6,56.0,466,4,岡田大,牛房榮,,10,1:40.1,41.5,5-6-8-7,8,466,4
2022/11/23,浦和,2,特選Ｃ３二,1500,ダ,左,重,雨,12,3,3,ゴールドアクセル,牡,4,56.0,526,8,高橋哲,鹿沼和,,11,1:40.3,40.1,12-11-11-10,11,526,8
2022/11/23,浦和,2,特選Ｃ３二,1500,ダ,左,重,雨,12,5,6,ニシノカシン,牡,4,56.0,476,13,國分祐,冨田敏,,12,1:42.2,43.0,9-9-9-12,12,476,13
2022/11/23,浦和,3,Ｃ２五 六 七,1500,ダ,左,重,雨,12,5,6,ニシノロゼ,牝,3,51.0,439,-7,室陽一,小澤宏,,1,1:37.6,39.6,2-2-1-1,4,439,-7
2022/11/23,浦和,3,Ｃ２五 六 七,1500,ダ,左,重,雨,12,7,10,シシャモ,牝,3,50.0,430,-6,小林捺,工藤伸,,2,1:38.3,40.3,3-3-2-2,2,430,-6
2022/11/23,浦和,3,Ｃ２五 六 七,1500,ダ,左,重,雨,12,7,9,トロワフィーユ,牝,5,54.0,465,4,川島正,野口寛,,3,1:38.4,40.1,6-5-4-3,3,465,4
2022/11/23,浦和,3,Ｃ２五 六 七,1500,ダ,左,重,雨,12,2,2,カヤドーヴェール,牡,3,56.0,453,5,張田昂,小久智,,4,1:38.6,40.1,7-7-7-4,1,453,5
2022/11/23,浦和,3,Ｃ２五 六 七,1500,ダ,左,重,雨,12,6,8,エイシンビースト,牡,4,56.0,454,5,福原杏,薮口一,,5,1:39.5,40.6,12-12-9-6,6,454,5
2022/11/23,浦和,3,Ｃ２五 六 七,1500,ダ,左,重,雨,12,8,12,エメラルスマイル,牝,4,51.0,439,1,木間龍,佐々清,,6,1:39.6,41.3,9-8-3-5,10,439,1
2022/11/23,浦和,3,Ｃ２五 六 七,1500,ダ,左,重,雨,12,3,3,ベリリウンヌ,牝,4,50.0,436,-4,中島良,海馬司,,7,1:39.7,41.3,5-4-8-9,9,436,-4
2022/11/23,浦和,3,Ｃ２五 六 七,1500,ダ,左,重,雨,12,6,7,プレミアムプリモ,牝,5,54.0,472,5,橋本直,平山真,,8,1:40.5,42.2,8-6-5-8,8,472,5
2022/11/23,浦和,3,Ｃ２五 六 七,1500,ダ,左,重,雨,12,5,5,モリデンタワー,牝,4,53.0,519,8,七夕裕,山越光,,9,1:40.9,42.7,1-1-6-7,7,519,8
2022/11/23,浦和,3,Ｃ２五 六 七,1500,ダ,左,重,雨,12,8,11,ミルティー,牝,3,54.0,425,3,吉留孝,横山保,,10,1:41.1,42.0,11-11-11-10,12,425,3
2022/11/23,浦和,3,Ｃ２五 六 七,1500,ダ,左,重,雨,12,4,4,スパンブリー,牡,6,56.0,527,-11,加藤和,長谷忍,,11,1:42.4,43.6,10-10-10-11,5,527,-11
2022/11/23,浦和,3,Ｃ２五 六 七,1500,ダ,左,重,雨,12,1,1,フィシェ,牝,4,54.0,461,0,秋元耕,酒井一,,12,1:42.5,43.4,4-9-12-12,11,461,0
2022/11/23,浦和,4,埼玉県畜産懇話会長賞Ｃ３選抜馬,800,ダ,左,不良,雨,12,8,11,ヘデラ,牝,6,54.0,443,-1,寺島憂,箕輪武,,1,0:48.3,35.9,1-1,1,443,-1
2022/11/23,浦和,4,埼玉県畜産懇話会長賞Ｃ３選抜馬,800,ダ,左,不良,雨,12,7,10,エイシンキーゼル,牡,4,53.0,459,-2,室陽一,宇野博,,2,0:48.7,36.1,2-2,2,459,-2
2022/11/23,浦和,4,埼玉県畜産懇話会長賞Ｃ３選抜馬,800,ダ,左,不良,雨,12,2,2,ダンストンラソ,牝,7,54.0,442,-12,見越彬,野口孝,,3,0:49.4,36.4,5-3,3,442,-12
2022/11/23,浦和,4,埼玉県畜産懇話会長賞Ｃ３選抜馬,800,ダ,左,不良,雨,12,6,7,ヴィクトリアブーケ,牝,4,54.0,384,3,吉留孝,薮口一,,4,0:49.5,36.5,3-5,8,384,3
2022/11/23,浦和,4,埼玉県畜産懇話会長賞Ｃ３選抜馬,800,ダ,左,不良,雨,12,6,8,ニシノマッハ,牡,8,56.0,481,1,國分祐,冨田敏,,5,0:49.7,36.1,7-6,11,481,1
2022/11/23,浦和,4,埼玉県畜産懇話会長賞Ｃ３選抜馬,800,ダ,左,不良,雨,12,4,4,トーセンイザベル,牝,4,53.0,450,0,七夕裕,海馬司,,6,0:49.8,36.8,4-4,7,450,0
2022/11/23,浦和,4,埼玉県畜産懇話会長賞Ｃ３選抜馬,800,ダ,左,不良,雨,12,3,3,シエスタキー,牡,5,56.0,506,2,秋元耕,川村守,,7,0:49.8,36.0,8-8,9,506,2
2022/11/23,浦和,4,埼玉県畜産懇話会長賞Ｃ３選抜馬,800,ダ,左,不良,雨,12,1,1,コウエイダイチ,牡,8,56.0,464,7,福原杏,吉田正,,8,0:49.8,36.2,6-7,10,464,7
2022/11/23,浦和,4,埼玉県畜産懇話会長賞Ｃ３選抜馬,800,ダ,左,不良,雨,12,5,6,クロノエンプレス,牝,5,54.0,466,5,橋本直,酒井一,,9,0:49.9,36.0,10-10,5,466,5
2022/11/23,浦和,4,埼玉県畜産懇話会長賞Ｃ３選抜馬,800,ダ,左,不良,雨,12,8,12,フライトメモリア,牝,4,54.0,505,-2,山中悠,川村守,,10,0:50.8,36.6,12-11,6,505,-2
2022/11/23,浦和,4,埼玉県畜産懇話会長賞Ｃ３選抜馬,800,ダ,左,不良,雨,12,5,5,カズアティシャ,牡,4,56.0,505,2,半澤慶,牛房榮,,11,0:51.1,37.3,9-9,4,505,2
2022/11/23,浦和,4,埼玉県畜産懇話会長賞Ｃ３選抜馬,800,ダ,左,不良,雨,12,7,9,リアルドリーム,牝,4,50.0,441,-4,中島良,川島豊,,12,0:51.3,37.4,11-12,12,441,-4
2022/11/23,浦和,5,埼玉県養蜂協会長賞Ｃ２五 六 七,1400,ダ,左,不良,雨,12,6,8,ミラクルランバック,牡,3,53.0,516,8,室陽一,藤原智,,1,1:30.1,39.0,3-2-2-2,1,516,8
2022/11/23,浦和,5,埼玉県養蜂協会長賞Ｃ２五 六 七,1400,ダ,左,不良,雨,12,7,9,ソーサレス,牝,3,54.0,496,1,酒井忍,小澤宏,,2,1:30.4,39.3,1-1-1-1,2,496,1
2022/11/23,浦和,5,埼玉県養蜂協会長賞Ｃ２五 六 七,1400,ダ,左,不良,雨,12,6,7,ブルボンティアラ,牝,3,54.0,430,-3,福原杏,水野貴,,3,1:30.9,39.4,5-5-4-3,6,430,-3
2022/11/23,浦和,5,埼玉県養蜂協会長賞Ｃ２五 六 七,1400,ダ,左,不良,雨,12,8,11,レジュールウール,牝,4,52.0,472,0,新原周,野口寛,,4,1:31.2,40.1,2-3-3-4,3,472,0
2022/11/23,浦和,5,埼玉県養蜂協会長賞Ｃ２五 六 七,1400,ダ,左,不良,雨,12,7,10,ファインアレス,牡,6,55.0,510,10,古岡勇,鹿沼和,,5,1:31.5,38.4,12-12-9-6,4,510,10
2022/11/23,浦和,5,埼玉県養蜂協会長賞Ｃ２五 六 七,1400,ダ,左,不良,雨,12,2,2,セイエイビビット,牝,6,54.0,532,-13,内田利,岡田一,,6,1:32.5,40.0,6-7-8-8,5,532,-13
2022/11/23,浦和,5,埼玉県養蜂協会長賞Ｃ２五 六 七,1400,ダ,左,不良,雨,12,4,4,エイコーレイワ,牝,5,50.0,464,3,中島良,川村守,,7,1:32.5,39.8,10-9-7-9,11,464,3
2022/11/23,浦和,5,埼玉県養蜂協会長賞Ｃ２五 六 七,1400,ダ,左,不良,雨,12,1,1,クー,牝,3,54.0,468,4,岡田大,牛房榮,,8,1:32.6,40.4,7-6-5-5,7,468,4
2022/11/23,浦和,5,埼玉県養蜂協会長賞Ｃ２五 六 七,1400,ダ,左,不良,雨,12,5,6,エスポワールフレア,牝,3,54.0,447,-6,見越彬,野口孝,,9,1:32.8,39.9,9-10-12-10,10,447,-6
2022/11/23,浦和,5,埼玉県養蜂協会長賞Ｃ２五 六 七,1400,ダ,左,不良,雨,12,8,12,サンビバリーヒルズ,牡,3,56.0,460,16,赤津和,山越光,,10,1:33.4,40.5,11-11-11-11,9,460,16
2022/11/23,浦和,5,埼玉県養蜂協会長賞Ｃ２五 六 七,1400,ダ,左,不良,雨,12,5,5,ワイドオープン,牡,3,56.0,523,8,高橋哲,川村守,,11,1:34.5,41.8,8-8-10-12,12,523,8
2022/11/23,浦和,5,埼玉県養蜂協会長賞Ｃ２五 六 七,1400,ダ,左,不良,雨,12,3,3,ジェームス,牡,8,56.0,500,-1,半澤慶,川島豊,,12,1:35.1,43.2,4-4-6-7,8,500,-1
2022/11/23,浦和,6,Ｊ認 若鷹特別２歳一,1500,ダ,左,不良,雨,12,8,11,ガンモヘラクレス,牡,2,56.0,460,0,臼井健,佐々功,,1,1:35.9,38.6,7-4-3-3,2,460,0
2022/11/23,浦和,6,Ｊ認 若鷹特別２歳一,1500,ダ,左,不良,雨,12,3,3,ルクバー,牡,2,56.0,450,0,真島大,稲益貴,,2,1:36.1,38.2,6-8-6-4,5,450,0
2022/11/23,浦和,6,Ｊ認 若鷹特別２歳一,1500,ダ,左,不良,雨,12,8,12,アトカラツイテクル,牝,2,55.0,484,-4,森泰斗,宇野博,,3,1:36.1,38.9,2-2-1-2,3,484,-4
2022/11/23,浦和,6,Ｊ認 若鷹特別２歳一,1500,ダ,左,不良,雨,12,5,6,ハーモニーアルゴル,牡,2,56.0,453,-5,本田重,高月賢,,4,1:36.1,38.9,1-1-2-1,7,453,-5
2022/11/23,浦和,6,Ｊ認 若鷹特別２歳一,1500,ダ,左,不良,雨,12,2,2,テナシャスバイオ,牡,2,55.0,439,-2,岡村健,岡林光,,5,1:36.5,38.7,4-6-4-5,8,439,-2
2022/11/23,浦和,6,Ｊ認 若鷹特別２歳一,1500,ダ,左,不良,雨,12,7,10,アイグレース,牝,2,55.0,454,10,秋元耕,岡田一,,6,1:37.2,39.4,5-3-5-6,4,454,10
2022/11/23,浦和,6,Ｊ認 若鷹特別２歳一,1500,ダ,左,不良,雨,12,4,4,オデンシタ,牡,2,55.0,456,1,和田譲,野口寛,,7,1:37.2,39.0,12-10-9-8,1,456,1
2022/11/23,浦和,6,Ｊ認 若鷹特別２歳一,1500,ダ,左,不良,雨,12,6,7,リョウタスペシャル,牡,2,55.0,426,-2,山崎誠,小澤宏,,8,1:38.1,39.8,9-9-10-9,6,426,-2
2022/11/23,浦和,6,Ｊ認 若鷹特別２歳一,1500,ダ,左,不良,雨,12,1,1,ニッショウミライ,牝,2,55.0,456,-5,寺島憂,酒井一,,9,1:38.2,40.0,3-4-8-7,9,456,-5
2022/11/23,浦和,6,Ｊ認 若鷹特別２歳一,1500,ダ,左,不良,雨,12,7,9,ティフィンタイガー,牡,2,55.0,409,0,高橋哲,酒井一,,10,1:40.0,40.7,11-12-12-12,12,409,0
2022/11/23,浦和,6,Ｊ認 若鷹特別２歳一,1500,ダ,左,不良,雨,12,5,5,タカイチスイート,牝,2,54.0,491,5,吉留孝,薮口一,,11,1:40.3,41.4,8-11-11-11,10,491,5
2022/11/23,浦和,6,Ｊ認 若鷹特別２歳一,1500,ダ,左,不良,雨,12,6,8,キモンツガル,牝,2,55.0,474,0,町田直,新井清,,12,1:41.2,43.6,10-7-7-10,11,474,0
2022/11/23,浦和,7,埼玉県養鶏協会長賞Ｃ２五 六 七,1500,ダ,左,不良,雨,12,7,10,リングボーイ,セ,0,56.0,437,3,森泰斗,水野貴,,1,1:37.5,39.7,5-4-5-4,1,437,3
2022/11/23,浦和,7,埼玉県養鶏協会長賞Ｃ２五 六 七,1500,ダ,左,不良,雨,12,1,1,ギャラクシーセブン,牡,3,56.0,469,7,笹川翼,小久智,,2,1:37.8,40.5,1-1-1-1,3,469,7
2022/11/23,浦和,7,埼玉県養鶏協会長賞Ｃ２五 六 七,1500,ダ,左,不良,雨,12,6,8,リアドライブ,牡,4,56.0,505,-1,高橋利,新井清,,3,1:38.0,40.4,4-5-3-3,4,505,-1
2022/11/23,浦和,7,埼玉県養鶏協会長賞Ｃ２五 六 七,1500,ダ,左,不良,雨,12,6,7,イエローリボン,牝,5,54.0,476,12,見越彬,藤原智,,4,1:38.0,40.5,3-3-2-2,7,476,12
2022/11/23,浦和,7,埼玉県養鶏協会長賞Ｃ２五 六 七,1500,ダ,左,不良,雨,12,2,2,ウインプロヴァンス,牡,3,53.0,506,1,室陽一,工藤伸,,5,1:38.1,40.3,6-6-7-5,2,506,1
2022/11/23,浦和,7,埼玉県養鶏協会長賞Ｃ２五 六 七,1500,ダ,左,不良,雨,12,4,4,スターコマチ,牝,3,54.0,413,12,酒井忍,川村守,,6,1:38.4,40.0,10-10-10-7,5,413,12
2022/11/23,浦和,7,埼玉県養鶏協会長賞Ｃ２五 六 七,1500,ダ,左,不良,雨,12,8,12,スマイルヌイロア,牝,3,54.0,440,-2,福原杏,宇野博,,7,1:38.7,40.9,7-7-6-8,6,440,-2
2022/11/23,浦和,7,埼玉県養鶏協会長賞Ｃ２五 六 七,1500,ダ,左,不良,雨,12,3,3,エルフバローズ,牝,4,54.0,439,-2,岡田大,工藤伸,,8,1:38.7,40.5,8-9-8-9,11,439,-2
2022/11/23,浦和,7,埼玉県養鶏協会長賞Ｃ２五 六 七,1500,ダ,左,不良,雨,12,5,6,エールゴージューン,牡,3,55.0,440,2,七夕裕,平山真,,9,1:38.8,41.3,2-2-4-6,10,440,2
2022/11/23,浦和,7,埼玉県養鶏協会長賞Ｃ２五 六 七,1500,ダ,左,不良,雨,12,8,11,シェナダイオー,牡,3,56.0,555,-4,秋元耕,山越光,,10,1:39.3,40.7,11-11-11-10,9,555,-4
2022/11/23,浦和,7,埼玉県養鶏協会長賞Ｃ２五 六 七,1500,ダ,左,不良,雨,12,7,9,ゴールドバード,牡,8,56.0,492,-3,藤江渉,野口孝,,11,1:39.7,40.3,12-12-12-12,12,492,-3
2022/11/23,浦和,7,埼玉県養鶏協会長賞Ｃ２五 六 七,1500,ダ,左,不良,雨,12,5,5,テンダーメモリー,牝,3,54.0,483,7,和田譲,宇野博,,12,1:39.9,41.9,9-8-9-11,8,483,7
2022/11/23,浦和,8,埼玉県肉用牛経営者協会長賞Ｃ１六,1400,ダ,左,不良,雨,12,8,12,ロマーシカ,牝,5,54.0,470,0,本橋孝,小久智,,1,1:29.6,38.6,3-3-2-1,3,470,0
2022/11/23,浦和,8,埼玉県肉用牛経営者協会長賞Ｃ１六,1400,ダ,左,不良,雨,12,5,6,トレジャーバローズ,牡,4,56.0,457,6,真島大,繁田健,,2,1:29.8,38.9,1-1-1-2,2,457,6
2022/11/23,浦和,8,埼玉県肉用牛経営者協会長賞Ｃ１六,1400,ダ,左,不良,雨,12,6,7,ナムラキティー,牝,5,54.0,476,4,和田譲,小澤宏,,3,1:29.9,38.7,5-4-3-3,4,476,4
2022/11/23,浦和,8,埼玉県肉用牛経営者協会長賞Ｃ１六,1400,ダ,左,不良,雨,12,3,3,ルージュカプリス,牝,5,54.0,431,-5,加藤和,長谷忍,,4,1:29.9,38.5,7-7-5-5,6,431,-5
2022/11/23,浦和,8,埼玉県肉用牛経営者協会長賞Ｃ１六,1400,ダ,左,不良,雨,12,1,1,ミティエラ,牝,3,52.0,492,-10,新原周,工藤伸,,5,1:30.2,38.4,10-9-7-6,1,492,-10
2022/11/23,浦和,8,埼玉県肉用牛経営者協会長賞Ｃ１六,1400,ダ,左,不良,雨,12,2,2,ラヴィンツァラ,牝,5,54.0,468,4,橋本直,平山真,,6,1:30.6,39.4,6-5-4-4,5,468,4
2022/11/23,浦和,8,埼玉県肉用牛経営者協会長賞Ｃ１六,1400,ダ,左,不良,雨,12,7,10,ジュニパーダンス,牝,4,54.0,443,4,町田直,海馬司,,7,1:30.7,39.5,2-2-8-8,10,443,4
2022/11/23,浦和,8,埼玉県肉用牛経営者協会長賞Ｃ１六,1400,ダ,左,不良,雨,12,7,9,リョウイキテンカイ,牝,3,54.0,439,-3,半澤慶,入口由,,8,1:31.0,39.1,12-12-9-10,8,439,-3
2022/11/23,浦和,8,埼玉県肉用牛経営者協会長賞Ｃ１六,1400,ダ,左,不良,雨,12,6,8,ハーピーブロッサム,牝,3,51.0,469,-4,室陽一,武井和,,9,1:31.2,39.6,4-6-11-9,9,469,-4
2022/11/23,浦和,8,埼玉県肉用牛経営者協会長賞Ｃ１六,1400,ダ,左,不良,雨,12,4,4,エドノストリート,牝,4,54.0,474,14,酒井忍,宇野博,,10,1:31.8,40.2,11-10-6-7,7,474,14
2022/11/23,浦和,8,埼玉県肉用牛経営者協会長賞Ｃ１六,1400,ダ,左,不良,雨,12,8,11,シルヴァギンジ,牡,3,55.0,473,2,古岡勇,岩本洋,,11,1:31.8,39.6,9-11-12-11,12,473,2
2022/11/23,浦和,8,埼玉県肉用牛経営者協会長賞Ｃ１六,1400,ダ,左,不良,雨,12,5,5,セイウンヒュージ,牡,5,56.0,477,0,國分祐,冨田敏,,12,1:32.4,40.8,8-8-10-12,11,477,0
2022/11/23,浦和,9,埼玉県養豚協会長賞特別Ｃ１三,1500,ダ,左,不良,雨,12,7,10,ジングルベル,牝,3,54.0,475,-4,笹川翼,小久智,,1,1:36.0,40.2,2-2-2-2,4,475,-4
2022/11/23,浦和,9,埼玉県養豚協会長賞特別Ｃ１三,1500,ダ,左,不良,雨,12,4,4,ゴープラチナム,牝,5,54.0,442,4,張田昂,平山真,,2,1:36.2,40.5,1-1-1-1,2,442,4
2022/11/23,浦和,9,埼玉県養豚協会長賞特別Ｃ１三,1500,ダ,左,不良,雨,12,6,7,アークエンジェル,牡,4,56.0,450,2,岡村健,新井健,,3,1:36.3,39.4,12-12-11-6,11,450,2
2022/11/23,浦和,9,埼玉県養豚協会長賞特別Ｃ１三,1500,ダ,左,不良,雨,12,7,9,アルティスタエース,牡,7,56.0,500,9,福原杏,繁田健,,4,1:36.6,40.6,6-5-3-3,1,500,9
2022/11/23,浦和,9,埼玉県養豚協会長賞特別Ｃ１三,1500,ダ,左,不良,雨,12,2,2,スリーヴリーグ,牡,6,56.0,521,6,和田譲,野口寛,,5,1:37.0,40.3,10-10-8-5,7,521,6
2022/11/23,浦和,9,埼玉県養豚協会長賞特別Ｃ１三,1500,ダ,左,不良,雨,12,8,11,ガンコチャン,牝,3,53.0,492,7,七夕裕,岡田一,,6,1:37.5,41.2,4-4-6-7,8,492,7
2022/11/23,浦和,9,埼玉県養豚協会長賞特別Ｃ１三,1500,ダ,左,不良,雨,12,5,5,ナツハヨル,牝,4,54.0,453,8,吉留孝,横山保,,7,1:37.5,41.2,7-6-4-4,9,453,8
2022/11/23,浦和,9,埼玉県養豚協会長賞特別Ｃ１三,1500,ダ,左,不良,雨,12,1,1,シェヴロンケリー,牝,3,54.0,441,-6,森泰斗,小澤宏,,8,1:38.2,41.5,11-11-12-8,5,441,-6
2022/11/23,浦和,9,埼玉県養豚協会長賞特別Ｃ１三,1500,ダ,左,不良,雨,12,3,3,ブルベアヴェルデ,牡,6,56.0,485,7,吉井章,藤原智,,9,1:38.3,42.0,8-7-7-11,3,485,7
2022/11/23,浦和,9,埼玉県養豚協会長賞特別Ｃ１三,1500,ダ,左,不良,雨,12,6,8,ハーイ,牝,5,54.0,461,6,寺島憂,野口孝,,10,1:38.5,41.8,5-8-10-9,12,461,6
2022/11/23,浦和,9,埼玉県養豚協会長賞特別Ｃ１三,1500,ダ,左,不良,雨,12,8,12,プリズムリバー,牝,4,54.0,440,-3,山崎誠,高月賢,,11,1:39.3,43.3,3-3-5-10,6,440,-3
2022/11/23,浦和,9,埼玉県養豚協会長賞特別Ｃ１三,1500,ダ,左,不良,雨,12,5,6,ピノタージュ,牝,5,54.0,450,7,見越彬,内野健,,12,1:39.6,43.1,9-9-9-12,10,450,7
2022/11/23,浦和,10,浦和記念JpnII,2000,ダ,左,不良,雨,11,6,6,クリノドラゴン,牡,4,56.0,482,-8,武　豊,大橋勇,,1,2:06.3,37.9,9-9-5-2,4,482,-8
2022/11/23,浦和,10,浦和記念JpnII,2000,ダ,左,不良,雨,11,2,2,ラーゴム,牡,4,56.0,518,0,鮫島駿,齋藤崇,,2,2:06.8,38.7,5-5-2-3,3,518,0
2022/11/23,浦和,10,浦和記念JpnII,2000,ダ,左,不良,雨,11,5,5,アイオライト,牡,5,56.0,495,15,菱田裕,武藤善,,3,2:06.8,39.3,1-1-1-1,7,495,15
2022/11/23,浦和,10,浦和記念JpnII,2000,ダ,左,不良,雨,11,1,1,タービランス,牡,9,56.0,541,3,笹川翼,水野貴,,4,2:07.5,39.3,7-6-6-4,8,541,3
2022/11/23,浦和,10,浦和記念JpnII,2000,ダ,左,不良,雨,11,4,4,ケイアイパープル,牡,6,56.0,504,-6,藤岡康,村山明,,5,2:07.6,39.2,8-8-7-6,1,504,-6
2022/11/23,浦和,10,浦和記念JpnII,2000,ダ,左,不良,雨,11,7,9,タイセイドレフォン,牡,3,54.0,498,4,Ｃデム,西村真,,6,2:08.3,40.2,4-4-4-7,2,498,4
2022/11/23,浦和,10,浦和記念JpnII,2000,ダ,左,不良,雨,11,7,8,エルデュクラージュ,セ,0,56.0,512,0,本田重,川島一,,7,2:08.5,40.5,3-3-3-5,9,512,0
2022/11/23,浦和,10,浦和記念JpnII,2000,ダ,左,不良,雨,11,6,7,スワーヴアラミス,牡,7,57.0,502,9,真島大,荒山勝,,8,2:09.8,41.3,6-7-8-8,5,502,9
2022/11/23,浦和,10,浦和記念JpnII,2000,ダ,左,不良,雨,11,8,11,サバンナロード,セ,0,56.0,537,-3,中島良,今津博,,9,2:09.8,40.7,11-11-9-9,11,537,-3
2022/11/23,浦和,10,浦和記念JpnII,2000,ダ,左,不良,雨,11,8,10,ランリョウオー,牡,4,56.0,466,-3,本橋孝,小久智,,10,2:12.1,43.3,2-2-10-11,6,466,-3
2022/11/23,浦和,10,浦和記念JpnII,2000,ダ,左,不良,雨,11,3,3,サンライズハイアー,牡,6,56.0,466,3,吉原寛,井樋一,,11,2:12.2,42.9,10-10-11-10,10,466,3
2022/11/23,浦和,11,埼玉県酪農協会長賞特別Ｂ３二,1400,ダ,左,不良,雨,12,6,8,シグラップリンリン,牝,7,54.0,445,-2,橋本直,平山真,,1,1:28.5,38.2,1-1-1-1,5,445,-2
2022/11/23,浦和,11,埼玉県酪農協会長賞特別Ｂ３二,1400,ダ,左,不良,雨,12,7,10,ロッティミニスター,牡,4,56.0,510,2,笹川翼,小久智,,2,1:28.8,38.3,2-2-2-2,3,510,2
2022/11/23,浦和,11,埼玉県酪農協会長賞特別Ｂ３二,1400,ダ,左,不良,雨,12,2,2,グローサーベア,セ,0,56.0,501,5,町田直,内田勝,,3,1:28.8,37.7,10-9-8-4,7,501,5
2022/11/23,浦和,11,埼玉県酪農協会長賞特別Ｂ３二,1400,ダ,左,不良,雨,12,8,12,コスモスターリング,牡,6,56.0,498,1,森泰斗,高月賢,,4,1:28.9,38.3,3-3-3-3,1,498,1
2022/11/23,浦和,11,埼玉県酪農協会長賞特別Ｂ３二,1400,ダ,左,不良,雨,12,5,5,メイストーム,牡,4,54.0,500,8,新原周,水野貴,,5,1:29.0,37.5,11-10-10-9,2,500,8
2022/11/23,浦和,11,埼玉県酪農協会長賞特別Ｂ３二,1400,ダ,左,不良,雨,12,1,1,ブルーオラーリオ,牡,8,56.0,478,6,和田譲,新井清,,6,1:29.3,38.2,7-7-9-8,4,478,6
2022/11/23,浦和,11,埼玉県酪農協会長賞特別Ｂ３二,1400,ダ,左,不良,雨,12,3,3,ツエンダー,牡,4,56.0,472,2,張田昂,山崎尋,,7,1:29.6,37.3,12-12-11-11,10,472,2
2022/11/23,浦和,11,埼玉県酪農協会長賞特別Ｂ３二,1400,ダ,左,不良,雨,12,5,6,ピンクプラム,牝,3,54.0,446,-2,秋元耕,鈴木義,,8,1:29.7,38.8,4-4-6-5,12,446,-2
2022/11/23,浦和,11,埼玉県酪農協会長賞特別Ｂ３二,1400,ダ,左,不良,雨,12,8,11,グランディス,セ,0,56.0,459,-13,酒井忍,佐藤博,,9,1:29.8,39.0,6-6-4-6,9,459,-13
2022/11/23,浦和,11,埼玉県酪農協会長賞特別Ｂ３二,1400,ダ,左,不良,雨,12,6,7,ロッソアモーレ,牝,5,51.0,467,-3,木間龍,矢野義,,10,1:29.8,38.7,9-8-7-10,8,467,-3
2022/11/23,浦和,11,埼玉県酪農協会長賞特別Ｂ３二,1400,ダ,左,不良,雨,12,7,9,マイミッション,牡,6,56.0,489,4,笠野雄,山中尊,,11,1:30.3,39.4,5-5-5-7,11,489,4
2022/11/23,浦和,11,埼玉県酪農協会長賞特別Ｂ３二,1400,ダ,左,不良,雨,12,4,4,ペルフェッタ,牝,5,54.0,512,25,本橋孝,野口孝,,12,1:36.1,43.6,8-11-12-12,6,512,25
2022/11/24,浦和,1,２歳五,1400,ダ,左,不良,晴,12,2,2,ワラ,牡,2,55.0,434,-6,福原杏,水野貴,,1,1:30.5,39.3,1-1-1-1,1,434,-6
2022/11/24,浦和,1,２歳五,1400,ダ,左,不良,晴,12,7,9,クイーンオブドミノ,牝,2,54.0,465,0,和田譲,齊藤敏,,2,1:32.2,40.7,2-2-2-2,7,465,0
2022/11/24,浦和,1,２歳五,1400,ダ,左,不良,晴,12,5,5,イスデボニュウタ,牡,2,55.0,450,-8,藤本現,小久智,,3,1:32.5,39.3,12-12-5-5,3,450,-8
2022/11/24,浦和,1,２歳五,1400,ダ,左,不良,晴,12,4,4,エスシーマゼラン,牡,2,55.0,499,3,山口達,渡邊貴,,4,1:32.6,40.3,4-4-4-4,4,499,3
2022/11/24,浦和,1,２歳五,1400,ダ,左,不良,晴,12,7,10,リオチャン,牡,2,55.0,482,5,達城龍,野口孝,,5,1:33.3,41.6,3-3-3-3,6,482,5
2022/11/24,浦和,1,２歳五,1400,ダ,左,不良,晴,12,6,7,ロックフレイバー,牡,2,55.0,472,7,町田直,繁田健,,6,1:33.7,40.0,11-10-7-6,2,472,7
2022/11/24,浦和,1,２歳五,1400,ダ,左,不良,晴,12,6,8,カルリーヌ,牝,2,54.0,479,-5,酒井忍,野口寛,,7,1:34.5,41.6,5-5-6-7,9,479,-5
2022/11/24,浦和,1,２歳五,1400,ダ,左,不良,晴,12,3,3,キングフォーチュン,牡,2,55.0,468,-1,張田昂,工藤伸,,8,1:35.0,41.5,6-6-8-8,10,468,-1
2022/11/24,浦和,1,２歳五,1400,ダ,左,不良,晴,12,8,11,ワンダーシデン,牡,2,55.0,444,2,橋本直,鈴木勝,,9,1:35.3,41.2,7-8-10-10,8,444,2
2022/11/24,浦和,1,２歳五,1400,ダ,左,不良,晴,12,1,1,ヌーベルタイガー,牡,2,55.0,465,-5,藤江渉,工藤伸,,10,1:35.3,41.3,9-9-9-11,5,465,-5
2022/11/24,浦和,1,２歳五,1400,ダ,左,不良,晴,12,5,6,ユウユウプレシャス,牝,2,51.0,405,4,室陽一,横山保,,11,1:35.3,40.7,10-11-11-9,11,405,4
2022/11/24,浦和,1,２歳五,1400,ダ,左,不良,晴,12,8,12,シェナレモン,牝,2,54.0,425,1,加藤和,冨田敏,,12,2:03.7,69.8,8-7-12-12,12,425,1
2022/11/24,浦和,2,２歳四,1400,ダ,左,不良,晴,12,3,3,フォースバイオ,牡,2,52.0,429,0,木間龍,新井清,,1,1:31.5,40.1,4-2-2-2,7,429,0
2022/11/24,浦和,2,２歳四,1400,ダ,左,不良,晴,12,1,1,シンドバッド,牡,2,55.0,474,6,張田昂,小久智,,2,1:31.6,40.3,1-1-1-1,1,474,6
2022/11/24,浦和,2,２歳四,1400,ダ,左,不良,晴,12,5,6,トラックヤロー,牡,2,55.0,423,1,山崎誠,平山真,,3,1:32.5,39.8,7-6-5-5,6,423,1
2022/11/24,浦和,2,２歳四,1400,ダ,左,不良,晴,12,6,8,モモンガクロー,牝,2,54.0,422,-5,岡村健,岡林光,,4,1:32.6,39.7,9-8-6-3,9,422,-5
2022/11/24,浦和,2,２歳四,1400,ダ,左,不良,晴,12,6,7,クラダイリン,牝,2,54.0,487,1,町田直,長谷忍,,5,1:32.7,39.0,12-12-8-8,3,487,1
2022/11/24,浦和,2,２歳四,1400,ダ,左,不良,晴,12,8,12,ブラウンキングズ,牡,2,55.0,441,3,西啓太,山越光,,6,1:32.7,39.0,11-11-9-7,11,441,3
2022/11/24,浦和,2,２歳四,1400,ダ,左,不良,晴,12,7,9,アイトアーサー,牡,2,55.0,482,-10,森泰斗,水野貴,,7,1:33.0,41.1,2-3-4-6,2,482,-10
2022/11/24,浦和,2,２歳四,1400,ダ,左,不良,晴,12,4,4,スマイルセンプー,牡,2,55.0,478,2,本田重,張田京,,8,1:33.1,41.2,6-5-3-4,5,478,2
2022/11/24,浦和,2,２歳四,1400,ダ,左,不良,晴,12,8,11,リュウノレッドアイ,牝,2,54.0,476,-4,和田譲,川村守,,9,1:34.0,40.2,10-10-10-9,4,476,-4
2022/11/24,浦和,2,２歳四,1400,ダ,左,不良,晴,12,7,10,モエヨジャンヌ,牝,2,54.0,405,-4,内田利,箕輪武,,10,1:34.4,41.3,5-7-11-10,8,405,-4
2022/11/24,浦和,2,２歳四,1400,ダ,左,不良,晴,12,5,5,シェナカレン,牡,2,55.0,456,11,秋元耕,山越光,,11,1:35.7,42.0,8-9-12-12,10,456,11
2022/11/24,浦和,2,２歳四,1400,ダ,左,不良,晴,12,2,2,シェナリオン,牡,2,55.0,449,7,國分祐,冨田敏,,12,1:37.0,44.9,3-4-7-11,12,449,7
2022/11/24,浦和,3,３歳五選抜馬イ,1400,ダ,左,不良,晴,12,2,2,コスモルージュ,牡,3,56.0,485,8,張田昂,小澤宏,,1,1:30.1,39.8,1-1-1-1,1,485,8
2022/11/24,浦和,3,３歳五選抜馬イ,1400,ダ,左,不良,晴,12,7,10,スパイツァック,牝,3,52.0,453,-7,新原周,宇野博,,2,1:30.4,39.8,3-3-2-2,4,453,-7
2022/11/24,浦和,3,３歳五選抜馬イ,1400,ダ,左,不良,晴,12,4,4,メトリカルセオリー,牝,3,54.0,476,-2,森泰斗,齊藤敏,,3,1:31.5,39.2,9-9-8-5,3,476,-2
2022/11/24,浦和,3,３歳五選抜馬イ,1400,ダ,左,不良,晴,12,3,3,ポップコーントーン,牝,3,54.0,401,8,藤江渉,工藤伸,,4,1:31.8,40.9,5-4-4-3,7,401,8
2022/11/24,浦和,3,３歳五選抜馬イ,1400,ダ,左,不良,晴,12,5,5,ゲットデザイアー,牝,3,54.0,460,-3,藤本現,箕輪武,,5,1:32.2,41.3,6-6-3-4,5,460,-3
2022/11/24,浦和,3,３歳五選抜馬イ,1400,ダ,左,不良,晴,12,7,9,ロータスペトル,牡,3,56.0,475,5,和田譲,野口寛,,6,1:33.2,42.5,2-2-4-6,2,475,5
2022/11/24,浦和,3,３歳五選抜馬イ,1400,ダ,左,不良,晴,12,8,11,トゥルーブルー,牡,3,56.0,440,3,秋元耕,牛房榮,,7,1:34.1,42.6,7-7-6-7,8,440,3
2022/11/24,浦和,3,３歳五選抜馬イ,1400,ダ,左,不良,晴,12,5,6,ユカリン,牡,3,56.0,500,10,臼井健,伊藤滋,,8,1:34.8,42.3,8-8-9-8,10,500,10
2022/11/24,浦和,3,３歳五選抜馬イ,1400,ダ,左,不良,晴,12,6,8,クラシックタイム,牡,3,56.0,487,21,西村栄,佐々功,,9,1:35.5,41.8,10-10-10-10,9,487,21
2022/11/24,浦和,3,３歳五選抜馬イ,1400,ダ,左,不良,晴,12,8,12,アフォガート,牡,3,56.0,461,-3,吉留孝,藤原智,,10,1:36.5,45.2,4-5-7-9,6,461,-3
2022/11/24,浦和,3,３歳五選抜馬イ,1400,ダ,左,不良,晴,12,1,1,タイシタモンダロ,牡,3,52.0,472,6,中島良,山越光,,,,,,,472,6
2022/11/24,浦和,3,３歳五選抜馬イ,1400,ダ,左,不良,晴,12,6,7,チュパチ,牝,3,54.0,0,0,加藤和,吉田正,,,,,,,0,0
2022/11/24,浦和,4,浦和８００ラウンドＣ２Ｃ３選抜馬,800,ダ,左,不良,晴,12,6,7,カゲカツ,牡,8,54.0,529,12,室陽一,長谷忍,,1,0:49.3,36.2,1-1,4,529,12
2022/11/24,浦和,4,浦和８００ラウンドＣ２Ｃ３選抜馬,800,ダ,左,不良,晴,12,7,9,ピノゼン,牝,6,51.0,485,-3,新原周,野口孝,,2,0:49.7,36.5,4-4,2,485,-3
2022/11/24,浦和,4,浦和８００ラウンドＣ２Ｃ３選抜馬,800,ダ,左,不良,晴,12,8,12,シルヴァーイーグル,牡,6,57.0,536,8,藤江渉,岡田一,,3,0:49.8,36.7,2-2,3,536,8
2022/11/24,浦和,4,浦和８００ラウンドＣ２Ｃ３選抜馬,800,ダ,左,不良,晴,12,5,6,ミッキージェンヌ,牝,3,55.0,430,-10,橋本直,小久智,,4,0:49.9,36.5,3-3,1,430,-10
2022/11/24,浦和,4,浦和８００ラウンドＣ２Ｃ３選抜馬,800,ダ,左,不良,晴,12,8,11,ビーストファング,牡,5,51.0,494,5,神尾香,玉井昇,,5,0:50.2,36.2,8-7,6,494,5
2022/11/24,浦和,4,浦和８００ラウンドＣ２Ｃ３選抜馬,800,ダ,左,不良,晴,12,2,2,ツクバフタツボシ,牝,5,55.0,487,1,赤津和,山越光,,6,0:50.3,36.7,5-5,9,487,1
2022/11/24,浦和,4,浦和８００ラウンドＣ２Ｃ３選抜馬,800,ダ,左,不良,晴,12,1,1,ジーニーボニータ,牡,3,57.0,491,-5,福原杏,小林真,,7,0:50.5,36.6,7-6,5,491,-5
2022/11/24,浦和,4,浦和８００ラウンドＣ２Ｃ３選抜馬,800,ダ,左,不良,晴,12,5,5,ネーレウス,牡,3,57.0,473,0,高橋哲,酒井一,,8,0:50.6,36.3,10-10,8,473,0
2022/11/24,浦和,4,浦和８００ラウンドＣ２Ｃ３選抜馬,800,ダ,左,不良,晴,12,7,10,レッドシャドー,牡,5,55.0,472,-4,中越琉,佐藤博,,9,0:51.0,36.7,9-9,7,472,-4
2022/11/24,浦和,4,浦和８００ラウンドＣ２Ｃ３選抜馬,800,ダ,左,不良,晴,12,3,3,ネオペトリコール,牝,4,49.0,407,4,中島良,酒井一,,10,0:51.1,37.4,6-8,10,407,4
2022/11/24,浦和,4,浦和８００ラウンドＣ２Ｃ３選抜馬,800,ダ,左,不良,晴,12,6,8,ゴールドスペンサー,牡,4,55.0,489,3,秋元耕,吉田正,,11,0:51.5,36.8,12-12,11,489,3
2022/11/24,浦和,4,浦和８００ラウンドＣ２Ｃ３選抜馬,800,ダ,左,不良,晴,12,4,4,レイリアン,牝,5,53.0,416,2,國分祐,冨田敏,,12,0:51.9,37.4,11-11,12,416,2
2022/11/24,浦和,5,浦和８００ラウンドＣ２選抜馬,800,ダ,左,不良,晴,12,8,12,パレルモフレイバー,牝,3,54.0,455,-8,和田譲,繁田健,,1,0:48.6,35.7,2-1,6,455,-8
2022/11/24,浦和,5,浦和８００ラウンドＣ２選抜馬,800,ダ,左,不良,晴,12,5,6,クウェンヤ,牝,4,54.0,405,2,酒井忍,工藤伸,,2,0:48.9,36.0,1-2,2,405,2
2022/11/24,浦和,5,浦和８００ラウンドＣ２選抜馬,800,ダ,左,不良,晴,12,3,3,アイモンスター,牝,6,53.0,461,-20,七夕裕,岡田一,,3,0:49.2,36.0,3-3,7,461,-20
2022/11/24,浦和,5,浦和８００ラウンドＣ２選抜馬,800,ダ,左,不良,晴,12,2,2,イソエイヒカリ,牡,4,56.0,508,-3,伊藤裕,鈴木義,,4,0:49.3,35.3,10-6,4,508,-3
2022/11/24,浦和,5,浦和８００ラウンドＣ２選抜馬,800,ダ,左,不良,晴,12,7,10,ジョーリベリカ,牡,3,56.0,462,6,張田昂,小久智,,5,0:49.3,35.9,5-4,1,462,6
2022/11/24,浦和,5,浦和８００ラウンドＣ２選抜馬,800,ダ,左,不良,晴,12,4,4,スターシード,牡,7,56.0,501,6,藤江渉,酒井一,,6,0:49.5,35.9,6-5,9,501,6
2022/11/24,浦和,5,浦和８００ラウンドＣ２選抜馬,800,ダ,左,不良,晴,12,6,7,キセガワ,牝,3,50.0,462,10,小林捺,長谷忍,,7,0:49.8,36.4,6-8,5,462,10
2022/11/24,浦和,5,浦和８００ラウンドＣ２選抜馬,800,ダ,左,不良,晴,12,8,11,ホワイトマルタン,牝,3,50.0,460,-5,神尾香,加藤誠,,8,0:50.2,37.1,4-7,3,460,-5
2022/11/24,浦和,5,浦和８００ラウンドＣ２選抜馬,800,ダ,左,不良,晴,12,5,5,ボビン,牝,6,54.0,453,10,寺島憂,内野健,,9,0:50.4,36.6,9-11,10,453,10
2022/11/24,浦和,5,浦和８００ラウンドＣ２選抜馬,800,ダ,左,不良,晴,12,6,8,ファンファン,牡,5,56.0,462,-1,赤津和,箕輪武,,10,0:50.4,36.6,8-9,12,462,-1
2022/11/24,浦和,5,浦和８００ラウンドＣ２選抜馬,800,ダ,左,不良,晴,12,7,9,ヒカリガサスホウヘ,牝,3,54.0,447,-15,町田直,酒井一,,11,0:50.7,36.7,11-10,11,447,-15
2022/11/24,浦和,5,浦和８００ラウンドＣ２選抜馬,800,ダ,左,不良,晴,12,1,1,ユウユウピクニック,牝,3,54.0,416,4,福原杏,横山保,,12,0:53.0,38.6,12-12,8,416,4
2022/11/24,浦和,6,３歳五選抜馬ア,1400,ダ,左,不良,晴,12,5,5,キタダケ,牡,3,56.0,454,7,本橋孝,矢野義,,1,1:30.8,39.8,2-3-3-1,4,454,7
2022/11/24,浦和,6,３歳五選抜馬ア,1400,ダ,左,不良,晴,12,1,1,コロディア,牝,3,54.0,463,-10,見越彬,鹿沼和,,2,1:31.3,39.7,5-5-4-4,5,463,-10
2022/11/24,浦和,6,３歳五選抜馬ア,1400,ダ,左,不良,晴,12,8,11,ソプラヴェステ,牝,3,54.0,474,14,森泰斗,宇野博,,3,1:31.7,40.8,3-2-2-3,1,474,14
2022/11/24,浦和,6,３歳五選抜馬ア,1400,ダ,左,不良,晴,12,5,6,ダンスデミルリトン,牡,3,56.0,481,10,藤江渉,酒井一,,4,1:31.9,41.3,1-1-1-2,3,481,10
2022/11/24,浦和,6,３歳五選抜馬ア,1400,ダ,左,不良,晴,12,6,7,コスモマナ,牡,3,56.0,451,6,張田昂,工藤伸,,5,1:32.2,40.3,10-10-6-5,6,451,6
2022/11/24,浦和,6,３歳五選抜馬ア,1400,ダ,左,不良,晴,12,6,8,ウイングラドナス,牡,3,56.0,455,-9,福原杏,内野健,,6,1:32.2,40.4,8-7-7-6,2,455,-9
2022/11/24,浦和,6,３歳五選抜馬ア,1400,ダ,左,不良,晴,12,3,3,キョウエイジェリコ,牝,3,54.0,411,7,秋元耕,小澤宏,,7,1:32.8,40.7,6-8-10-8,10,411,7
2022/11/24,浦和,6,３歳五選抜馬ア,1400,ダ,左,不良,晴,12,7,9,フラッシュサンダー,牝,3,54.0,417,8,半澤慶,藤原智,,8,1:33.2,41.8,4-4-5-7,9,417,8
2022/11/24,浦和,6,３歳五選抜馬ア,1400,ダ,左,不良,晴,12,7,10,グレートモンスター,牡,3,56.0,436,-2,高橋哲,入口由,,9,1:33.5,41.7,7-6-8-9,7,436,-2
2022/11/24,浦和,6,３歳五選抜馬ア,1400,ダ,左,不良,晴,12,4,4,レーダーベクター,牡,3,56.0,475,3,赤津和,川村守,,10,1:34.1,40.6,11-11-11-11,8,475,3
2022/11/24,浦和,6,３歳五選抜馬ア,1400,ダ,左,不良,晴,12,8,12,フォワデジー,牡,3,56.0,508,13,吉留孝,薮口一,,11,1:34.6,42.7,9-9-9-10,11,508,13
2022/11/24,浦和,6,３歳五選抜馬ア,1400,ダ,左,不良,晴,12,2,2,ボンバーキャット,牡,3,56.0,476,2,本田重,長谷忍,,,,,,,476,2
2022/11/24,浦和,7,Ｃ１七,1500,ダ,左,重,晴,12,8,11,ハクサンクラーケン,牡,4,56.0,483,3,本橋孝,矢野義,,1,1:37.3,40.0,2-2-1-1,3,483,3
2022/11/24,浦和,7,Ｃ１七,1500,ダ,左,重,晴,12,4,4,リベリュール,牡,7,56.0,500,4,真島大,繁田健,,2,1:37.9,40.1,4-4-4-2,2,500,4
2022/11/24,浦和,7,Ｃ１七,1500,ダ,左,重,晴,12,7,9,ソウヤミサキ,牝,4,54.0,467,5,橋本直,岡田一,,3,1:38.5,39.3,12-12-10-5,6,467,5
2022/11/24,浦和,7,Ｃ１七,1500,ダ,左,重,晴,12,5,5,アルバリ,牡,7,56.0,441,0,秋元耕,箕輪武,,4,1:38.7,40.3,7-7-6-4,7,441,0
2022/11/24,浦和,7,Ｃ１七,1500,ダ,左,重,晴,12,6,7,シーオブクラウズ,牡,4,56.0,496,2,和田譲,齊藤敏,,5,1:38.9,40.5,10-10-5-3,4,496,2
2022/11/24,浦和,7,Ｃ１七,1500,ダ,左,重,晴,12,3,3,カシノペルル,牡,3,56.0,508,12,寺島憂,鹿沼和,,6,1:39.1,40.5,9-9-8-8,8,508,12
2022/11/24,浦和,7,Ｃ１七,1500,ダ,左,重,晴,12,7,10,ゴールドキャスト,牝,9,54.0,442,11,福原杏,吉田正,,7,1:40.9,41.4,11-11-12-11,11,442,11
2022/11/24,浦和,7,Ｃ１七,1500,ダ,左,重,晴,12,1,1,ホワイトスズラン,牝,3,54.0,425,-4,西啓太,山越光,,8,1:40.9,42.5,5-6-7-9,9,425,-4
2022/11/24,浦和,7,Ｃ１七,1500,ダ,左,重,晴,12,5,6,エムリエール,牡,3,56.0,465,5,森泰斗,小澤宏,,9,1:41.3,43.8,1-1-2-6,1,465,5
2022/11/24,浦和,7,Ｃ１七,1500,ダ,左,重,晴,12,8,12,サリーギャップ,牝,3,54.0,475,1,藤江渉,水野貴,,10,1:41.4,43.9,6-3-2-7,5,475,1
2022/11/24,浦和,7,Ｃ１七,1500,ダ,左,重,晴,12,2,2,ナインボール,牝,4,50.0,433,-3,神尾香,山田質,,11,1:41.9,42.8,8-8-11-10,10,433,-3
2022/11/24,浦和,7,Ｃ１七,1500,ダ,左,重,晴,12,6,8,アブラアム,牡,3,55.0,478,2,池谷匠,武井和,,12,1:42.0,43.6,3-5-9-12,12,478,2
2022/11/24,浦和,8,向寒特別Ｃ２二,1400,ダ,左,重,晴,12,3,3,ルージュブラゾン,牝,3,54.0,479,1,本橋孝,小久智,,1,1:29.2,37.5,4-3-3-1,1,479,1
2022/11/24,浦和,8,向寒特別Ｃ２二,1400,ダ,左,重,晴,12,8,12,ヤマジュンヒバナ,牝,5,51.0,466,7,室陽一,宇野博,,2,1:30.2,38.6,2-2-2-2,2,466,7
2022/11/24,浦和,8,向寒特別Ｃ２二,1400,ダ,左,重,晴,12,2,2,ザベストデイ,牝,4,54.0,466,-4,森泰斗,内田勝,,3,1:31.6,39.7,3-4-4-4,3,466,-4
2022/11/24,浦和,8,向寒特別Ｃ２二,1400,ダ,左,重,晴,12,5,6,アマゴ,牝,3,54.0,440,2,酒井忍,箕輪武,,4,1:31.8,39.9,5-5-6-5,4,440,2
2022/11/24,浦和,8,向寒特別Ｃ２二,1400,ダ,左,重,晴,12,7,9,ミネヴィーノ,牝,3,54.0,440,-6,福原杏,小澤宏,,5,1:31.9,40.4,1-1-1-3,12,440,-6
2022/11/24,浦和,8,向寒特別Ｃ２二,1400,ダ,左,重,晴,12,4,4,ユメミルツキ,牝,3,54.0,478,14,秋元耕,鹿沼和,,6,1:32.0,39.8,6-7-7-7,7,478,14
2022/11/24,浦和,8,向寒特別Ｃ２二,1400,ダ,左,重,晴,12,6,8,メディアジャッカル,牝,4,54.0,448,11,橋本直,内野健,,7,1:32.1,39.4,11-9-8-8,10,448,11
2022/11/24,浦和,8,向寒特別Ｃ２二,1400,ダ,左,重,晴,12,1,1,ベイビーアッシュ,牡,4,56.0,538,1,和田譲,小澤宏,,8,1:32.2,39.3,7-8-9-9,5,538,1
2022/11/24,浦和,8,向寒特別Ｃ２二,1400,ダ,左,重,晴,12,5,5,ダイエービルベリー,牝,4,54.0,471,-7,櫻井光,酒井一,,9,1:32.2,39.0,10-11-10-10,9,471,-7
2022/11/24,浦和,8,向寒特別Ｃ２二,1400,ダ,左,重,晴,12,6,7,ブッカープライズ,牡,4,56.0,450,-1,本田重,川島一,,10,1:32.3,40.4,9-6-5-6,6,450,-1
2022/11/24,浦和,8,向寒特別Ｃ２二,1400,ダ,左,重,晴,12,7,10,ホシプリンセス,牝,4,54.0,503,4,町田直,酒井一,,11,1:32.8,39.6,8-10-11-11,8,503,4
2022/11/24,浦和,8,向寒特別Ｃ２二,1400,ダ,左,重,晴,12,8,11,メガミリオン,牡,4,52.0,450,-3,小林捺,田島寿,,12,1:33.0,38.4,12-12-12-12,11,450,-3
2022/11/24,浦和,9,埼玉県馬事畜産振興協議会長賞特別Ｃ１二,1400,ダ,左,重,晴,12,8,12,シュガーダディ,牡,4,54.0,484,-3,野畑凌,内田勝,,1,1:30.2,39.5,1-1-1-1,1,484,-3
2022/11/24,浦和,9,埼玉県馬事畜産振興協議会長賞特別Ｃ１二,1400,ダ,左,重,晴,12,6,8,リュウノアン,牝,3,54.0,463,6,酒井忍,川村守,,2,1:30.4,39.5,3-2-2-2,3,463,6
2022/11/24,浦和,9,埼玉県馬事畜産振興協議会長賞特別Ｃ１二,1400,ダ,左,重,晴,12,3,3,ハリーオンダウン,牝,3,54.0,444,3,和田譲,小澤宏,,3,1:30.7,39.6,5-5-4-3,4,444,3
2022/11/24,浦和,9,埼玉県馬事畜産振興協議会長賞特別Ｃ１二,1400,ダ,左,重,晴,12,8,11,フーラリ,牡,4,56.0,474,8,見越彬,藤原智,,4,1:30.9,39.3,9-7-5-5,9,474,8
2022/11/24,浦和,9,埼玉県馬事畜産振興協議会長賞特別Ｃ１二,1400,ダ,左,重,晴,12,6,7,キックフリップ,牝,3,54.0,465,-2,吉留孝,野口孝,,5,1:30.9,39.8,4-4-3-4,11,465,-2
2022/11/24,浦和,9,埼玉県馬事畜産振興協議会長賞特別Ｃ１二,1400,ダ,左,重,晴,12,5,5,コンアモーレ,牡,3,56.0,497,2,半澤慶,宇野博,,6,1:31.0,39.5,6-6-6-6,7,497,2
2022/11/24,浦和,9,埼玉県馬事畜産振興協議会長賞特別Ｃ１二,1400,ダ,左,重,晴,12,1,1,キョウエイメジャー,牡,3,56.0,453,-5,増田充,佐々仁,,7,1:31.1,39.2,8-9-9-7,6,453,-5
2022/11/24,浦和,9,埼玉県馬事畜産振興協議会長賞特別Ｃ１二,1400,ダ,左,重,晴,12,2,2,セイウンコチョウ,牝,3,54.0,411,13,秋元耕,冨田敏,,8,1:31.1,38.3,12-12-11-10,12,411,13
2022/11/24,浦和,9,埼玉県馬事畜産振興協議会長賞特別Ｃ１二,1400,ダ,左,重,晴,12,4,4,セシボン,牝,3,50.0,399,-9,中島良,川島豊,,9,1:31.3,39.4,7-8-8-9,10,399,-9
2022/11/24,浦和,9,埼玉県馬事畜産振興協議会長賞特別Ｃ１二,1400,ダ,左,重,晴,12,5,6,ワンダーフェンリル,牡,4,56.0,523,5,橋本直,鈴木勝,,10,1:31.9,40.6,2-3-7-8,2,523,5
2022/11/24,浦和,9,埼玉県馬事畜産振興協議会長賞特別Ｃ１二,1400,ダ,左,重,晴,12,7,10,シャローナ,牝,3,51.0,430,-1,木間龍,薮口一,,11,1:32.0,39.6,11-10-10-11,8,430,-1
2022/11/24,浦和,9,埼玉県馬事畜産振興協議会長賞特別Ｃ１二,1400,ダ,左,重,晴,12,7,9,カガヤキ,牝,4,54.0,482,-3,本田重,薮口一,,12,1:35.7,42.5,10-11-12-12,5,482,-3
2022/11/24,浦和,10,霜月特別Ｂ１二Ｂ２一,1500,ダ,左,重,晴,12,2,2,ゾディアックレーヴ,牡,4,55.0,483,-2,澤田龍,矢野義,,1,1:34.2,38.5,1-1-1-1,4,483,-2
2022/11/24,浦和,10,霜月特別Ｂ１二Ｂ２一,1500,ダ,左,重,晴,12,7,9,カールスバート,牡,4,57.0,479,0,真島大,齊藤敏,,2,1:34.7,38.5,5-4-3-3,1,479,0
2022/11/24,浦和,10,霜月特別Ｂ１二Ｂ２一,1500,ダ,左,重,晴,12,6,7,ジュネス,牝,5,55.0,499,-1,左海誠,小久智,,3,1:34.9,39.0,3-3-2-2,3,499,-1
2022/11/24,浦和,10,霜月特別Ｂ１二Ｂ２一,1500,ダ,左,重,晴,12,5,5,アイウォール,牡,3,57.0,517,9,森泰斗,水野貴,,4,1:35.4,39.0,6-6-5-4,6,517,9
2022/11/24,浦和,10,霜月特別Ｂ１二Ｂ２一,1500,ダ,左,重,晴,12,7,10,ジャックオレンジ,セ,0,55.0,488,-4,和田譲,新井清,,5,1:35.7,38.7,10-8-7-5,2,488,-4
2022/11/24,浦和,10,霜月特別Ｂ１二Ｂ２一,1500,ダ,左,重,晴,12,8,12,コンセプト,牡,4,57.0,479,3,本橋孝,小久智,,6,1:36.4,39.8,7-7-6-6,5,479,3
2022/11/24,浦和,10,霜月特別Ｂ１二Ｂ２一,1500,ダ,左,重,晴,12,1,1,パーソナルマキ,牡,9,56.0,501,8,七夕裕,平山真,,7,1:36.8,38.8,11-11-12-11,10,501,8
2022/11/24,浦和,10,霜月特別Ｂ１二Ｂ２一,1500,ダ,左,重,晴,12,8,11,アルチレイロ,セ,0,55.0,478,1,町田直,山崎尋,,8,1:37.0,39.2,12-12-11-9,11,478,1
2022/11/24,浦和,10,霜月特別Ｂ１二Ｂ２一,1500,ダ,左,重,晴,12,4,4,シャイニー,牡,6,55.0,523,6,川島正,野口寛,,9,1:37.1,39.8,8-9-8-7,9,523,6
2022/11/24,浦和,10,霜月特別Ｂ１二Ｂ２一,1500,ダ,左,重,晴,12,6,8,ダイヤレイジング,牝,6,55.0,468,-6,西啓太,加藤誠,,10,1:37.3,39.6,9-10-10-10,8,468,-6
2022/11/24,浦和,10,霜月特別Ｂ１二Ｂ２一,1500,ダ,左,重,晴,12,5,6,ホウヨウクリスタル,牡,4,57.0,512,11,山崎誠,藤原智,,11,1:40.3,44.4,2-2-4-8,7,512,11
2022/11/24,浦和,10,霜月特別Ｂ１二Ｂ２一,1500,ダ,左,重,晴,12,3,3,ブレークオンスルー,牡,8,57.0,522,5,福原杏,冨田敏,,12,1:41.3,44.0,4-5-9-12,12,522,5
2022/11/24,浦和,11,埼玉県畜産会長賞特別Ｂ２Ｂ３選抜馬,2000,ダ,左,重,晴,10,5,5,グーガルドリームズ,セ,0,55.0,492,2,福原杏,水野貴,,1,2:10.4,40.1,3-3-1-1,9,492,2
2022/11/24,浦和,11,埼玉県畜産会長賞特別Ｂ２Ｂ３選抜馬,2000,ダ,左,重,晴,10,3,3,アルラ,牡,3,55.0,531,-3,内田利,繁田健,,2,2:10.5,39.5,6-7-4-2,2,531,-3
2022/11/24,浦和,11,埼玉県畜産会長賞特別Ｂ２Ｂ３選抜馬,2000,ダ,左,重,晴,10,8,9,エラボレート,牡,5,55.0,455,5,本橋孝,林隆之,,3,2:11.9,41.6,2-2-2-3,6,455,5
2022/11/24,浦和,11,埼玉県畜産会長賞特別Ｂ２Ｂ３選抜馬,2000,ダ,左,重,晴,10,7,8,デッドアヘッド,セ,0,57.0,469,4,山崎誠,山崎尋,,4,2:12.4,40.2,8-8-7-7,5,469,4
2022/11/24,浦和,11,埼玉県畜産会長賞特別Ｂ２Ｂ３選抜馬,2000,ダ,左,重,晴,10,1,1,マスカテル,牡,5,57.0,498,4,張田昂,平山真,,5,2:12.4,40.8,7-5-6-6,4,498,4
2022/11/24,浦和,11,埼玉県畜産会長賞特別Ｂ２Ｂ３選抜馬,2000,ダ,左,重,晴,10,8,10,オーケーパッション,牝,4,53.0,483,0,左海誠,小久智,,6,2:12.5,42.0,1-1-3-4,1,483,0
2022/11/24,浦和,11,埼玉県畜産会長賞特別Ｂ２Ｂ３選抜馬,2000,ダ,左,重,晴,10,4,4,オートヴィル,牡,7,57.0,532,2,森泰斗,林　幻,,7,2:12.7,41.9,4-4-5-5,3,532,2
2022/11/24,浦和,11,埼玉県畜産会長賞特別Ｂ２Ｂ３選抜馬,2000,ダ,左,重,晴,10,2,2,メイククラウドロア,牡,3,55.0,519,3,本田重,川島一,,8,2:13.4,40.6,10-10-9-8,7,519,3
2022/11/24,浦和,11,埼玉県畜産会長賞特別Ｂ２Ｂ３選抜馬,2000,ダ,左,重,晴,10,6,6,エスペルト,セ,0,55.0,495,2,町田直,山崎尋,,9,2:13.5,40.7,9-9-9-9,10,495,2
2022/11/24,浦和,11,埼玉県畜産会長賞特別Ｂ２Ｂ３選抜馬,2000,ダ,左,重,晴,10,7,7,ナンヨーオボロヅキ,牝,6,55.0,489,2,岡村健,平山真,,10,2:15.0,43.2,5-6-8-10,8,489,2
2022/11/25,浦和,1,２歳六,1400,ダ,左,重,晴,11,8,10,プリンスオーソ,牡,2,55.0,450,12,加藤和,長谷忍,,1,1:33.4,41.0,3-3-1-1,1,450,12
2022/11/25,浦和,1,２歳六,1400,ダ,左,重,晴,11,6,6,ウィンターソング,牝,2,54.0,467,2,秋元耕,牛房榮,,2,1:33.9,41.7,2-2-1-2,4,467,2
2022/11/25,浦和,1,２歳六,1400,ダ,左,重,晴,11,7,8,ブラウンリバティ,牝,2,54.0,438,-10,藤江渉,山越光,,3,1:34.5,41.4,8-8-5-5,2,438,-10
2022/11/25,浦和,1,２歳六,1400,ダ,左,重,晴,11,1,1,スターハッスル,牡,2,55.0,469,17,酒井忍,小澤宏,,4,1:34.6,41.9,4-4-4-4,5,469,17
2022/11/25,浦和,1,２歳六,1400,ダ,左,重,晴,11,6,7,ユウユウピッコラ,牝,2,50.0,422,0,中島良,横山保,,5,1:34.7,42.6,1-1-1-3,8,422,0
2022/11/25,浦和,1,２歳六,1400,ダ,左,重,晴,11,2,2,ナッツナナーヤ,牡,2,55.0,472,-12,森泰斗,工藤伸,,6,1:34.8,41.7,7-7-7-6,6,472,-12
2022/11/25,浦和,1,２歳六,1400,ダ,左,重,晴,11,8,11,ドリームダンス,牝,2,54.0,406,-9,福原杏,水野貴,,7,1:34.9,40.4,11-10-9-9,7,406,-9
2022/11/25,浦和,1,２歳六,1400,ダ,左,重,晴,11,5,5,シールドメイデン,牝,2,54.0,472,1,櫻井光,酒井一,,8,1:35.0,41.9,6-6-8-7,9,472,1
2022/11/25,浦和,1,２歳六,1400,ダ,左,重,晴,11,4,4,ミラクルアーサー,牡,2,54.0,505,-6,七夕裕,岡田一,,9,1:36.1,43.2,5-5-6-8,3,505,-6
2022/11/25,浦和,1,２歳六,1400,ダ,左,重,晴,11,7,9,ビナダナン,牝,2,54.0,462,-9,高橋哲,酒井一,,10,1:39.3,43.4,10-11-11-11,11,462,-9
2022/11/25,浦和,1,２歳六,1400,ダ,左,重,晴,11,3,3,ミルクキャラメル,牝,2,54.0,422,-3,半澤慶,平山真,,11,1:39.7,45.0,9-9-10-10,10,422,-3
2022/11/25,浦和,2,３歳五選抜馬ウ,1400,ダ,左,重,晴,9,3,3,サヨノシルバーズ,牡,3,56.0,483,-2,藤江渉,工藤伸,,1,1:32.6,41.3,2-2-1-1,2,483,-2
2022/11/25,浦和,2,３歳五選抜馬ウ,1400,ダ,左,重,晴,9,6,6,ベロア,牝,3,54.0,420,-3,見越彬,工藤伸,,2,1:33.5,42.0,5-5-6-4,6,420,-3
2022/11/25,浦和,2,３歳五選抜馬ウ,1400,ダ,左,重,晴,9,8,8,ハルノトゥーリ,牝,3,54.0,478,7,吉留孝,薮口一,,3,1:33.6,42.3,4-4-2-2,5,478,7
2022/11/25,浦和,2,３歳五選抜馬ウ,1400,ダ,左,重,晴,9,4,4,パトウォン,牡,3,56.0,0,0,福原杏,水野貴,,4,1:33.8,42.3,6-6-3-3,3,0,0
2022/11/25,浦和,2,３歳五選抜馬ウ,1400,ダ,左,重,晴,9,7,7,フィラーズ,牡,3,56.0,457,1,秋元耕,海馬司,,5,1:34.4,41.9,7-7-7-5,9,457,1
2022/11/25,浦和,2,３歳五選抜馬ウ,1400,ダ,左,重,晴,9,5,5,ハマベノルンナ,牝,3,54.0,450,-7,和田譲,宇野博,,6,1:36.2,44.9,3-3-4-6,4,450,-7
2022/11/25,浦和,2,３歳五選抜馬ウ,1400,ダ,左,重,晴,9,8,9,シェナマジック,牡,3,56.0,435,5,國分祐,冨田敏,,7,1:36.2,43.0,9-9-9-9,7,435,5
2022/11/25,浦和,2,３歳五選抜馬ウ,1400,ダ,左,重,晴,9,2,2,トーセンイージス,牡,3,56.0,0,0,張田昂,小久智,,8,1:36.8,43.9,8-8-8-8,1,0,0
2022/11/25,浦和,2,３歳五選抜馬ウ,1400,ダ,左,重,晴,9,1,1,フラッシュ,牡,3,56.0,492,-18,岡田大,藤原智,,9,1:36.9,45.6,1-1-5-7,8,492,-18
2022/11/25,浦和,3,浦和８００ラウンド２歳選抜馬,800,ダ,左,重,晴,10,7,7,キョウエイカリーナ,牝,2,54.0,465,4,秋元耕,小澤宏,,1,0:48.5,36.4,1-1,3,465,4
2022/11/25,浦和,3,浦和８００ラウンド２歳選抜馬,800,ダ,左,重,晴,10,8,10,ルヴァンモンスター,牡,2,55.0,517,18,福原杏,水野貴,,2,0:48.7,36.6,2-2,4,517,18
2022/11/25,浦和,3,浦和８００ラウンド２歳選抜馬,800,ダ,左,重,晴,10,7,8,トキメキパラダイス,牝,2,54.0,456,-5,森泰斗,齊藤敏,,3,0:49.2,36.4,5-4,1,456,-5
2022/11/25,浦和,3,浦和８００ラウンド２歳選抜馬,800,ダ,左,重,晴,10,3,3,シェナクラウン,牡,2,55.0,489,-7,加藤和,冨田敏,,4,0:49.5,36.1,6-6,6,489,-7
2022/11/25,浦和,3,浦和８００ラウンド２歳選抜馬,800,ダ,左,重,晴,10,1,1,クリプリンセス,牝,2,54.0,417,0,國分祐,冨田敏,,5,0:49.9,37.3,3-3,9,417,0
2022/11/25,浦和,3,浦和８００ラウンド２歳選抜馬,800,ダ,左,重,晴,10,4,4,ランディー,牡,2,55.0,439,5,高橋哲,小久智,,6,0:50.0,37.4,4-5,2,439,5
2022/11/25,浦和,3,浦和８００ラウンド２歳選抜馬,800,ダ,左,重,晴,10,8,9,クリスタルミリオン,牝,2,54.0,423,-3,赤津和,箕輪武,,7,0:50.3,36.6,8-7,7,423,-3
2022/11/25,浦和,3,浦和８００ラウンド２歳選抜馬,800,ダ,左,重,晴,10,6,6,ウオッカガール,牝,2,52.0,484,6,菅原涼,箕輪武,,8,0:50.4,37.2,7-8,5,484,6
2022/11/25,浦和,3,浦和８００ラウンド２歳選抜馬,800,ダ,左,重,晴,10,2,2,ノーブルエフォート,牝,2,54.0,473,-8,吉留孝,水野貴,,9,0:51.6,37.8,9-9,8,473,-8
2022/11/25,浦和,3,浦和８００ラウンド２歳選抜馬,800,ダ,左,重,晴,10,5,5,カシノビジン,牝,2,54.0,411,2,見越彬,野口寛,,10,0:52.5,38.7,10-10,10,411,2
2022/11/25,浦和,4,Ｃ２八 九 十,1400,ダ,左,重,晴,12,8,12,ラーズグリーズ,セ,0,52.0,458,-8,小林捺,工藤伸,,1,1:31.9,39.8,12-12-6-1,8,458,-8
2022/11/25,浦和,4,Ｃ２八 九 十,1400,ダ,左,重,晴,12,5,5,ワンダーヘーヒスト,牡,8,56.0,475,4,橋本直,鈴木勝,,2,1:32.5,41.2,5-6-9-7,3,475,4
2022/11/25,浦和,4,Ｃ２八 九 十,1400,ダ,左,重,晴,12,8,11,カンノンショウ,牡,4,56.0,447,-1,今野忠,箕輪武,,3,1:32.6,41.3,7-7-3-2,10,447,-1
2022/11/25,浦和,4,Ｃ２八 九 十,1400,ダ,左,重,晴,12,7,10,フェイドハード,牡,5,56.0,513,2,加藤和,長谷忍,,4,1:32.7,41.4,4-5-5-4,2,513,2
2022/11/25,浦和,4,Ｃ２八 九 十,1400,ダ,左,重,晴,12,2,2,ブルーティアーズ,牝,5,54.0,507,4,藤江渉,山越光,,5,1:33.3,41.8,9-9-8-6,5,507,4
2022/11/25,浦和,4,Ｃ２八 九 十,1400,ダ,左,重,晴,12,6,7,グローリアスフィル,牝,5,54.0,473,-4,和田譲,新井清,,6,1:33.6,42.4,6-4-1-3,1,473,-4
2022/11/25,浦和,4,Ｃ２八 九 十,1400,ダ,左,重,晴,12,1,1,マスオ,牡,9,54.0,430,1,新原周,野口孝,,7,1:33.6,41.9,8-8-10-10,9,430,1
2022/11/25,浦和,4,Ｃ２八 九 十,1400,ダ,左,重,晴,12,6,8,セラフィム,牝,9,54.0,444,-5,半澤慶,海馬司,,8,1:33.7,41.8,10-10-11-9,12,444,-5
2022/11/25,浦和,4,Ｃ２八 九 十,1400,ダ,左,重,晴,12,4,4,オールドボンバー,牡,6,56.0,483,4,福原杏,横山保,,9,1:33.9,42.7,2-2-2-5,4,483,4
2022/11/25,浦和,4,Ｃ２八 九 十,1400,ダ,左,重,晴,12,5,6,ワールドウィスラー,牡,5,56.0,467,4,高橋哲,吉田正,,10,1:34.4,42.2,11-11-12-12,11,467,4
2022/11/25,浦和,4,Ｃ２八 九 十,1400,ダ,左,重,晴,12,7,9,スカイヴィーナス,牝,3,54.0,483,-7,吉留孝,薮口一,,11,1:34.5,43.3,3-3-4-8,7,483,-7
2022/11/25,浦和,4,Ｃ２八 九 十,1400,ダ,左,重,晴,12,3,3,リチェルカータ,牝,5,54.0,460,4,藤本現,小澤宏,,12,1:34.8,43.5,1-1-7-11,6,460,4
2022/11/25,浦和,5,ランチタイムチャレンジＣ２八 九 十,1400,ダ,左,重,晴,11,6,6,ジュース,牝,3,51.0,436,6,室陽一,小久智,,1,1:30.3,40.6,2-2-1-1,2,436,6
2022/11/25,浦和,5,ランチタイムチャレンジＣ２八 九 十,1400,ダ,左,重,晴,11,8,10,カシノジュピター,牡,3,56.0,511,-1,岡田大,鹿沼和,,2,1:31.6,41.6,4-4-4-3,4,511,-1
2022/11/25,浦和,5,ランチタイムチャレンジＣ２八 九 十,1400,ダ,左,重,晴,11,3,3,ネクタリス,牡,3,56.0,481,-3,真島大,繁田健,,3,1:32.0,42.3,1-1-1-2,1,481,-3
2022/11/25,浦和,5,ランチタイムチャレンジＣ２八 九 十,1400,ダ,左,重,晴,11,7,8,ヴァンクールシチー,牡,3,56.0,430,-1,半澤慶,工藤伸,,4,1:32.1,42.2,3-3-3-4,3,430,-1
2022/11/25,浦和,5,ランチタイムチャレンジＣ２八 九 十,1400,ダ,左,重,晴,11,6,7,ヴィオレントアズル,牡,3,56.0,414,8,橋本直,平山真,,5,1:32.3,41.5,10-7-5-5,7,414,8
2022/11/25,浦和,5,ランチタイムチャレンジＣ２八 九 十,1400,ダ,左,重,晴,11,5,5,ラクスシャルキ,牝,3,54.0,439,-1,秋元耕,酒井一,,6,1:32.7,41.5,9-9-9-7,11,439,-1
2022/11/25,浦和,5,ランチタイムチャレンジＣ２八 九 十,1400,ダ,左,重,晴,11,8,11,ロードユリシス,セ,0,52.0,491,8,中島良,長谷忍,,7,1:34.0,43.1,5-8-7-8,8,491,8
2022/11/25,浦和,5,ランチタイムチャレンジＣ２八 九 十,1400,ダ,左,重,晴,11,4,4,モンテッソーリ,牝,3,54.0,424,-9,張田昂,小澤宏,,8,1:34.7,44.1,7-5-6-6,9,424,-9
2022/11/25,浦和,5,ランチタイムチャレンジＣ２八 九 十,1400,ダ,左,重,晴,11,2,2,クレールアヴニール,牝,3,54.0,452,-4,吉留孝,野口孝,,9,1:34.7,43.9,6-6-8-9,5,452,-4
2022/11/25,浦和,5,ランチタイムチャレンジＣ２八 九 十,1400,ダ,左,重,晴,11,1,1,ノースジラソーレ,牝,3,54.0,455,0,加藤和,長谷忍,,10,1:34.8,42.8,11-11-10-10,6,455,0
2022/11/25,浦和,5,ランチタイムチャレンジＣ２八 九 十,1400,ダ,左,重,晴,11,7,9,アンコロモチ,セ,0,56.0,458,16,福原杏,薮口一,,,,,8-10-11-11,10,458,16
2022/11/25,浦和,6,浦和ジョッキーズラウンドＣ３選抜馬,1400,ダ,左,重,晴,12,7,10,ショウイモン,牝,5,50.5,437,-1,中島良,内野健,,1,1:32.0,40.3,5-5-2-1,1,437,-1
2022/11/25,浦和,6,浦和ジョッキーズラウンドＣ３選抜馬,1400,ダ,左,重,晴,12,8,11,アナハ,牝,5,54.5,410,-3,見越彬,川島豊,,2,1:32.8,40.0,9-9-8-8,6,410,-3
2022/11/25,浦和,6,浦和ジョッキーズラウンドＣ３選抜馬,1400,ダ,左,重,晴,12,2,2,マリアフィナーレ,牝,5,53.5,445,3,七夕裕,小林真,,3,1:32.8,40.9,2-3-4-5,2,445,3
2022/11/25,浦和,6,浦和ジョッキーズラウンドＣ３選抜馬,1400,ダ,左,重,晴,12,3,3,トーセンイヴ,牝,4,51.5,429,4,室陽一,酒井一,,4,1:33.2,40.8,7-7-7-6,5,429,4
2022/11/25,浦和,6,浦和ジョッキーズラウンドＣ３選抜馬,1400,ダ,左,重,晴,12,5,6,ユウユウリアン,牡,6,56.0,431,-6,高橋哲,横山保,,5,1:33.2,41.0,8-6-6-7,4,431,-6
2022/11/25,浦和,6,浦和ジョッキーズラウンドＣ３選抜馬,1400,ダ,左,重,晴,12,5,5,キモンズラブ,牝,8,54.5,466,-4,加藤和,冨田敏,,6,1:33.3,41.3,4-4-5-4,10,466,-4
2022/11/25,浦和,6,浦和ジョッキーズラウンドＣ３選抜馬,1400,ダ,左,重,晴,12,8,12,アミン,牝,5,54.5,463,6,岡田大,冨田敏,,7,1:33.3,41.6,3-2-3-3,7,463,6
2022/11/25,浦和,6,浦和ジョッキーズラウンドＣ３選抜馬,1400,ダ,左,重,晴,12,7,9,シャイニングパール,牝,4,54.5,425,-14,赤津和,横山保,,8,1:33.5,40.6,11-10-10-10,9,425,-14
2022/11/25,浦和,6,浦和ジョッキーズラウンドＣ３選抜馬,1400,ダ,左,重,晴,12,1,1,サプライズギフト,牝,4,54.5,419,-7,内田利,川島豊,,9,1:33.7,41.1,6-8-9-9,8,419,-7
2022/11/25,浦和,6,浦和ジョッキーズラウンドＣ３選抜馬,1400,ダ,左,重,晴,12,6,8,キョウエイミーレス,牡,6,56.5,500,-3,吉留孝,内野健,,10,1:33.8,42.3,1-1-1-2,3,500,-3
2022/11/25,浦和,6,浦和ジョッキーズラウンドＣ３選抜馬,1400,ダ,左,重,晴,12,6,7,マッシュブライト,牝,4,54.5,473,7,國分祐,酒井一,,11,1:34.6,40.5,12-12-12-12,12,473,7
2022/11/25,浦和,6,浦和ジョッキーズラウンドＣ３選抜馬,1400,ダ,左,重,晴,12,4,4,ギンサー,牡,4,56.0,475,3,秋元耕,小林真,,12,1:35.7,42.0,10-11-11-11,11,475,3
2022/11/25,浦和,7,Ｃ２八 九 十,1500,ダ,左,重,晴,9,6,6,ノースブラスト,セ,0,56.0,533,6,森泰斗,水野貴,,1,1:39.4,40.5,7-7-3-1,4,533,6
2022/11/25,浦和,7,Ｃ２八 九 十,1500,ダ,左,重,晴,9,7,7,ユウユウグリュック,牝,5,50.0,413,0,中島良,横山保,,2,1:39.8,41.3,2-2-1-2,5,413,0
2022/11/25,浦和,7,Ｃ２八 九 十,1500,ダ,左,重,晴,9,3,3,メイショウイヤサカ,牝,6,53.0,456,-5,七夕裕,海馬司,,3,1:40.1,41.0,6-6-6-4,7,456,-5
2022/11/25,浦和,7,Ｃ２八 九 十,1500,ダ,左,重,晴,9,5,5,ニシノキスミー,牝,8,54.0,466,-8,酒井忍,小澤宏,,4,1:40.5,41.0,9-9-9-6,8,466,-8
2022/11/25,浦和,7,Ｃ２八 九 十,1500,ダ,左,重,晴,9,2,2,リュウノイノリ,牡,5,55.0,455,3,古岡勇,鹿沼和,,5,1:40.5,41.8,3-4-4-7,3,455,3
2022/11/25,浦和,7,Ｃ２八 九 十,1500,ダ,左,重,晴,9,1,1,サキホコレ,牝,3,51.0,450,3,室陽一,宇野博,,6,1:40.8,41.3,8-8-7-8,9,450,3
2022/11/25,浦和,7,Ｃ２八 九 十,1500,ダ,左,重,晴,9,8,9,トリテレイア,牝,6,54.0,412,5,和田譲,箕輪武,,7,1:40.8,41.3,4-5-8-9,2,412,5
2022/11/25,浦和,7,Ｃ２八 九 十,1500,ダ,左,重,晴,9,4,4,ツクバマリア,牝,5,54.0,465,0,橋本直,平山真,,8,1:41.0,42.3,5-3-4-3,1,465,0
2022/11/25,浦和,7,Ｃ２八 九 十,1500,ダ,左,重,晴,9,8,8,イデアグリーン,牝,3,54.0,430,6,川島正,岡田一,,9,1:42.8,44.3,1-1-2-5,6,430,6
2022/11/25,浦和,8,特選Ｂ３三,1500,ダ,左,重,晴,9,1,1,グランツ,牝,3,54.0,509,8,和田譲,小久智,,1,1:36.8,39.1,1-1-1-1,1,509,8
2022/11/25,浦和,8,特選Ｂ３三,1500,ダ,左,重,晴,9,8,8,エスケントバゴ,牡,3,56.0,461,0,森泰斗,新井清,,2,1:36.9,38.9,3-3-3-2,2,461,0
2022/11/25,浦和,8,特選Ｂ３三,1500,ダ,左,重,晴,9,3,3,オウケンアマゾネス,牝,5,54.0,451,-12,町田直,工藤伸,,3,1:37.3,39.5,2-2-2-3,3,451,-12
2022/11/25,浦和,8,特選Ｂ３三,1500,ダ,左,重,晴,9,6,6,マーシテイクオン,牡,3,56.0,485,0,小杉亮,矢野義,,4,1:37.7,39.3,8-7-6-4,4,485,0
2022/11/25,浦和,8,特選Ｂ３三,1500,ダ,左,重,晴,9,8,9,キングバーグ,牡,5,56.0,505,8,酒井忍,宇野博,,5,1:38.5,40.3,4-6-4-5,6,505,8
2022/11/25,浦和,8,特選Ｂ３三,1500,ダ,左,重,晴,9,2,2,ナリノバロン,牡,4,56.0,483,0,今野忠,内田勝,,6,1:39.1,40.1,9-9-9-8,5,483,0
2022/11/25,浦和,8,特選Ｂ３三,1500,ダ,左,重,晴,9,4,4,マナーザマジック,牡,5,53.0,459,0,木間龍,野口孝,,7,1:39.6,41.0,5-4-8-9,7,459,0
2022/11/25,浦和,8,特選Ｂ３三,1500,ダ,左,重,晴,9,7,7,ダダダン,牡,3,55.0,474,-4,古岡勇,岩本洋,,8,1:39.6,40.6,7-8-7-7,8,474,-4
2022/11/25,浦和,8,特選Ｂ３三,1500,ダ,左,重,晴,9,5,5,マルルットゥ,牝,3,54.0,448,7,藤本現,水野貴,,9,1:39.7,41.5,6-5-5-6,9,448,7
2022/11/25,浦和,9,射手座特別Ｃ１一,1500,ダ,左,重,晴,12,5,5,ツーシャドー,牝,3,54.0,492,8,森泰斗,小澤宏,,1,1:36.6,38.7,1-1-1-1,1,492,8
2022/11/25,浦和,9,射手座特別Ｃ１一,1500,ダ,左,重,晴,12,4,4,モンバイト,牡,3,56.0,491,9,和田譲,薮口一,,2,1:37.3,38.2,10-10-9-6,11,491,9
2022/11/25,浦和,9,射手座特別Ｃ１一,1500,ダ,左,重,晴,12,3,3,シェナホープ,牡,5,56.0,470,2,福原杏,吉田正,,3,1:37.3,39.0,4-4-4-2,4,470,2
2022/11/25,浦和,9,射手座特別Ｃ１一,1500,ダ,左,重,晴,12,7,9,ショウネンジダイ,牡,4,56.0,492,1,町田直,新井清,,4,1:37.5,39.4,2-2-2-3,9,492,1
2022/11/25,浦和,9,射手座特別Ｃ１一,1500,ダ,左,重,晴,12,1,1,エスプリピート,牡,3,56.0,467,0,今野忠,久保秀,,5,1:37.7,39.0,8-7-8-7,5,467,0
2022/11/25,浦和,9,射手座特別Ｃ１一,1500,ダ,左,重,晴,12,5,6,ペイシャムスビ,牝,4,54.0,497,-7,張田昂,張田京,,6,1:37.7,39.4,9-8-3-4,10,497,-7
2022/11/25,浦和,9,射手座特別Ｃ１一,1500,ダ,左,重,晴,12,2,2,モズハッピーロード,牡,4,56.0,502,2,半澤慶,平山真,,7,1:37.7,39.4,6-6-6-8,7,502,2
2022/11/25,浦和,9,射手座特別Ｃ１一,1500,ダ,左,重,晴,12,6,8,ワンダークラドート,牡,5,56.0,476,3,橋本直,鈴木勝,,8,1:38.0,39.7,5-5-5-5,8,476,3
2022/11/25,浦和,9,射手座特別Ｃ１一,1500,ダ,左,重,晴,12,8,12,フェリスダージ,牝,4,54.0,426,-8,内田利,工藤伸,,9,1:38.3,39.4,7-9-10-9,3,426,-8
2022/11/25,浦和,9,射手座特別Ｃ１一,1500,ダ,左,重,晴,12,7,10,スカーレットピース,牝,3,54.0,440,-2,川島正,山下之,,10,1:38.8,39.1,11-11-11-10,6,440,-2
2022/11/25,浦和,9,射手座特別Ｃ１一,1500,ダ,左,重,晴,12,8,11,ジョーミニスター,牝,4,54.0,429,-9,吉留孝,小久智,,11,1:39.9,41.6,3-3-7-11,2,429,-9
2022/11/25,浦和,9,射手座特別Ｃ１一,1500,ダ,左,重,晴,12,6,7,ジェフリー,牡,4,56.0,470,8,酒井忍,薮口一,,12,1:41.4,40.7,12-12-12-12,12,470,8
2022/11/25,浦和,10,神楽月特別Ｂ２二,1400,ダ,左,重,晴,9,8,8,ジョーイルガチフェ,牡,4,56.0,531,0,森泰斗,小久智,,1,1:29.7,39.8,3-3-2-1,1,531,0
2022/11/25,浦和,10,神楽月特別Ｂ２二,1400,ダ,左,重,晴,9,6,6,ミエノハヤブサ,セ,0,56.0,486,1,張田昂,小澤宏,,2,1:29.9,39.4,8-8-5-4,5,486,1
2022/11/25,浦和,10,神楽月特別Ｂ２二,1400,ダ,左,重,晴,9,1,1,ガンファイター,牡,6,56.0,526,6,岡田大,藤原智,,3,1:30.0,39.9,4-4-4-3,2,526,6
2022/11/25,浦和,10,神楽月特別Ｂ２二,1400,ダ,左,重,晴,9,4,4,プレストレジーナ,牝,4,54.0,490,2,小杉亮,佐々清,,4,1:30.4,40.6,1-1-1-2,6,490,2
2022/11/25,浦和,10,神楽月特別Ｂ２二,1400,ダ,左,重,晴,9,5,5,ソフィアバローズ,牝,5,54.0,447,-4,加藤和,川島豊,,5,1:30.4,40.0,6-5-6-5,4,447,-4
2022/11/25,浦和,10,神楽月特別Ｂ２二,1400,ダ,左,重,晴,9,8,9,レディブラウン,牝,4,54.0,460,-2,町田直,原三男,,6,1:30.4,39.7,7-6-7-7,7,460,-2
2022/11/25,浦和,10,神楽月特別Ｂ２二,1400,ダ,左,重,晴,9,7,7,クマサンニデアッタ,牝,4,54.0,477,-2,酒井忍,宇野博,,7,1:30.5,40.6,2-2-3-6,3,477,-2
2022/11/25,浦和,10,神楽月特別Ｂ２二,1400,ダ,左,重,晴,9,3,3,エールヴィフ,牝,5,54.0,517,6,伊藤裕,古澤悟,,8,1:31.5,40.6,5-7-8-8,9,517,6
2022/11/25,浦和,10,神楽月特別Ｂ２二,1400,ダ,左,重,晴,9,2,2,ケイティーセキトバ,牡,7,55.0,503,3,七夕裕,岡田一,,9,1:32.5,41.2,9-9-9-9,8,503,3
2022/11/25,浦和,11,長野県畜産会長賞特別Ｃ３一,1400,ダ,左,重,晴,12,6,8,シップレックビーチ,牡,5,54.0,458,-5,野畑凌,甲田悟,,1,1:31.0,39.4,1-1-1-1,6,458,-5
2022/11/25,浦和,11,長野県畜産会長賞特別Ｃ３一,1400,ダ,左,重,晴,12,4,4,セコイア,牝,5,54.0,479,6,酒井忍,宇野博,,2,1:31.9,39.4,6-5-5-2,2,479,6
2022/11/25,浦和,11,長野県畜産会長賞特別Ｃ３一,1400,ダ,左,重,晴,12,5,5,ベニノエンゼル,牝,5,54.0,446,3,西啓太,山越光,,3,1:32.0,40.2,2-2-2-3,7,446,3
2022/11/25,浦和,11,長野県畜産会長賞特別Ｃ３一,1400,ダ,左,重,晴,12,6,7,ウインシュトローム,牡,5,56.0,557,6,森泰斗,齊藤敏,,4,1:32.0,40.0,4-3-3-4,3,557,6
2022/11/25,浦和,11,長野県畜産会長賞特別Ｃ３一,1400,ダ,左,重,晴,12,8,11,コウユープリティー,牝,4,54.0,455,-1,福原杏,宇野博,,5,1:32.1,38.5,12-12-7-6,1,455,-1
2022/11/25,浦和,11,長野県畜産会長賞特別Ｃ３一,1400,ダ,左,重,晴,12,7,9,カイジンビリーヴ,牡,4,56.0,518,0,高橋哲,入口由,,6,1:32.5,39.6,8-8-6-7,10,518,0
2022/11/25,浦和,11,長野県畜産会長賞特別Ｃ３一,1400,ダ,左,重,晴,12,2,2,サンハンツビル,牝,6,54.0,472,0,秋元耕,川村守,,7,1:32.9,39.8,7-7-8-8,11,472,0
2022/11/25,浦和,11,長野県畜産会長賞特別Ｃ３一,1400,ダ,左,重,晴,12,1,1,メイショウハヤナリ,牡,6,56.0,483,-3,見越彬,藤原智,,8,1:33.0,40.8,3-4-4-5,8,483,-3
2022/11/25,浦和,11,長野県畜産会長賞特別Ｃ３一,1400,ダ,左,重,晴,12,8,12,プランタンヴェール,牝,6,54.0,536,12,橋本直,平山真,,9,1:33.8,40.2,10-10-11-10,4,536,12
2022/11/25,浦和,11,長野県畜産会長賞特別Ｃ３一,1400,ダ,左,重,晴,12,3,3,キミノナハ,牝,4,54.0,467,11,加藤和,長谷忍,,10,1:34.1,40.7,9-9-10-9,9,467,11
2022/11/25,浦和,11,長野県畜産会長賞特別Ｃ３一,1400,ダ,左,重,晴,12,5,6,ミライヘノサイン,牝,9,50.0,445,4,中島良,冨田敏,,11,1:34.9,41.3,11-11-12-12,12,445,4
2022/11/25,浦和,11,長野県畜産会長賞特別Ｃ３一,1400,ダ,左,重,晴,12,7,10,サニースポット,牝,4,54.0,460,16,半澤慶,工藤伸,,12,1:35.4,42.3,5-6-9-11,5,460,16
2022/12/22,浦和,1,Ｃ３五,1400,ダ,左,不良,雨,10,3,3,チェンマイルージュ,牝,6,54.0,471,11,加藤和,鈴木勝,,1,1:31.4,40.0,1-1-1-1,1,471,11
2022/12/22,浦和,1,Ｃ３五,1400,ダ,左,不良,雨,10,4,4,パレスギガント,牡,6,55.0,485,7,七夕裕,長谷忍,,2,1:32.4,39.2,8-8-8-7,5,485,7
2022/12/22,浦和,1,Ｃ３五,1400,ダ,左,不良,雨,10,7,7,ゴーオンザステージ,牝,7,54.0,425,-5,張田昂,平山真,,3,1:32.5,40.9,2-2-2-2,3,425,-5
2022/12/22,浦和,1,Ｃ３五,1400,ダ,左,不良,雨,10,7,8,アールレアル,セ,0,56.0,443,-4,山中悠,川村守,,4,1:32.5,40.0,6-6-5-4,8,443,-4
2022/12/22,浦和,1,Ｃ３五,1400,ダ,左,不良,雨,10,2,2,マロンシャンティ,牝,4,51.0,471,17,室陽一,宇野博,,5,1:32.7,40.4,3-4-3-3,4,471,17
2022/12/22,浦和,1,Ｃ３五,1400,ダ,左,不良,雨,10,8,9,ニシノサトル,牡,6,56.0,493,16,内田利,吉田正,,6,1:32.9,40.8,4-3-4-5,7,493,16
2022/12/22,浦和,1,Ｃ３五,1400,ダ,左,不良,雨,10,6,6,ネオエンジェル,牝,6,54.0,447,14,國分祐,冨田敏,,7,1:33.1,40.4,5-5-7-6,10,447,14
2022/12/22,浦和,1,Ｃ３五,1400,ダ,左,不良,雨,10,8,10,トキノカサドール,牡,7,56.0,468,12,福原杏,横山保,,8,1:33.3,40.6,7-7-6-8,2,468,12
2022/12/22,浦和,1,Ｃ３五,1400,ダ,左,不良,雨,10,5,5,アストラルブレイズ,牝,5,54.0,501,6,赤津和,小林真,,9,1:35.6,42.0,9-9-9-9,9,501,6
2022/12/22,浦和,1,Ｃ３五,1400,ダ,左,不良,雨,10,1,1,ツーエムポラリス,牡,7,56.0,475,9,高橋哲,鈴木勝,,10,1:36.9,42.1,10-10-10-10,6,475,9
2022/12/22,浦和,2,２歳二,1400,ダ,左,不良,雨,8,8,8,トウヨウノマジョ,牝,2,54.0,425,-1,矢野貴,薮口一,,1,1:31.0,38.4,2-2-2-2,2,425,-1
2022/12/22,浦和,2,２歳二,1400,ダ,左,不良,雨,8,7,7,トーセンアライブ,牡,2,55.0,454,8,笹川翼,小久智,,2,1:31.2,38.8,1-1-1-1,1,454,8
2022/12/22,浦和,2,２歳二,1400,ダ,左,不良,雨,8,2,2,キミトユメヲカケル,牝,2,54.0,421,1,加藤和,長谷忍,,3,1:31.5,38.5,5-5-5-4,4,421,1
2022/12/22,浦和,2,２歳二,1400,ダ,左,不良,雨,8,3,3,シナノフローレンス,牝,2,53.0,396,2,七夕裕,岡田一,,4,1:31.6,38.8,3-3-3-3,5,396,2
2022/12/22,浦和,2,２歳二,1400,ダ,左,不良,雨,8,6,6,エマーブルクラス,牝,2,54.0,445,-3,吉留孝,薮口一,,5,1:32.3,38.8,6-6-6-7,8,445,-3
2022/12/22,浦和,2,２歳二,1400,ダ,左,不良,雨,8,4,4,シェナストーン,牡,2,55.0,438,1,秋元耕,吉田正,,6,1:32.3,38.6,7-7-7-6,7,438,1
2022/12/22,浦和,2,２歳二,1400,ダ,左,不良,雨,8,5,5,イイガネ,牝,2,54.0,452,2,町田直,酒井一,,7,1:32.5,39.6,4-4-4-5,3,452,2
2022/12/22,浦和,2,２歳二,1400,ダ,左,不良,雨,8,1,1,エアファールング,牡,2,55.0,473,8,張田昂,山越光,,8,1:34.1,39.0,8-8-8-8,6,473,8
2022/12/22,浦和,3,浦和８００ラウンドＣ３選抜馬,800,ダ,左,不良,雨,12,3,3,エイシンキーゼル,牡,4,53.0,463,4,室陽一,宇野博,,1,0:48.0,36.6,1-1,1,463,4
2022/12/22,浦和,3,浦和８００ラウンドＣ３選抜馬,800,ダ,左,不良,雨,12,1,1,ヴィクトリアブーケ,牝,4,54.0,380,-4,矢野貴,薮口一,,2,0:48.3,36.4,3-3,4,380,-4
2022/12/22,浦和,3,浦和８００ラウンドＣ３選抜馬,800,ダ,左,不良,雨,12,8,12,ヘデラ,牝,6,54.0,445,10,寺島憂,箕輪武,,3,0:48.7,37.1,2-2,2,445,10
2022/12/22,浦和,3,浦和８００ラウンドＣ３選抜馬,800,ダ,左,不良,雨,12,2,2,ニシノマッハ,牡,8,56.0,478,-2,高橋哲,吉田正,,4,0:49.2,36.8,4-4,11,478,-2
2022/12/22,浦和,3,浦和８００ラウンドＣ３選抜馬,800,ダ,左,不良,雨,12,5,6,ダンストンラソ,牝,7,54.0,443,1,見越彬,野口孝,,5,0:49.5,37.3,5-5,3,443,1
2022/12/22,浦和,3,浦和８００ラウンドＣ３選抜馬,800,ダ,左,不良,雨,12,4,4,クロノエンプレス,牝,5,54.0,470,4,橋本直,酒井一,,6,0:49.8,36.7,9-8,10,470,4
2022/12/22,浦和,3,浦和８００ラウンドＣ３選抜馬,800,ダ,左,不良,雨,12,6,7,フライトメモリア,牝,4,54.0,514,9,山中悠,川村守,,7,0:49.9,36.8,10-9,8,514,9
2022/12/22,浦和,3,浦和８００ラウンドＣ３選抜馬,800,ダ,左,不良,雨,12,7,9,トーセンイザベル,牝,4,53.0,444,6,七夕裕,海馬司,,8,0:49.9,37.1,7-6,6,444,6
2022/12/22,浦和,3,浦和８００ラウンドＣ３選抜馬,800,ダ,左,不良,雨,12,6,8,カズアティシャ,牡,4,56.0,503,4,半澤慶,牛房榮,,9,0:49.9,37.3,6-7,7,503,4
2022/12/22,浦和,3,浦和８００ラウンドＣ３選抜馬,800,ダ,左,不良,雨,12,8,11,アミン,牝,5,54.0,473,9,岡田大,冨田敏,,10,0:50.1,37.3,8-10,5,473,9
2022/12/22,浦和,3,浦和８００ラウンドＣ３選抜馬,800,ダ,左,不良,雨,12,5,5,シエスタキー,牡,5,56.0,508,2,藤江渉,川村守,,11,0:50.1,36.8,12-11,9,508,2
2022/12/22,浦和,3,浦和８００ラウンドＣ３選抜馬,800,ダ,左,不良,雨,12,7,10,リアルドリーム,牝,4,54.0,448,15,加藤和,川島豊,,12,0:50.7,37.6,11-12,12,448,15
2022/12/22,浦和,4,Ｃ２三 四,1400,ダ,左,不良,曇,12,5,5,ブラックオパール,牝,3,53.0,509,-4,七夕裕,平山真,,1,1:29.2,39.4,1-2-1-1,1,509,-4
2022/12/22,浦和,4,Ｃ２三 四,1400,ダ,左,不良,曇,12,1,1,ソーサレス,牝,3,54.0,492,-4,福原杏,小澤宏,,2,1:30.1,40.3,2-1-2-2,3,492,-4
2022/12/22,浦和,4,Ｃ２三 四,1400,ダ,左,不良,曇,12,3,3,ビービーファブル,牡,5,54.0,463,4,菅原涼,新井清,,3,1:30.5,39.2,10-10-8-6,4,463,4
2022/12/22,浦和,4,Ｃ２三 四,1400,ダ,左,不良,曇,12,2,2,ザサンアップライト,牡,5,56.0,459,-2,見越彬,野口孝,,4,1:30.6,40.3,3-4-4-3,7,459,-2
2022/12/22,浦和,4,Ｃ２三 四,1400,ダ,左,不良,曇,12,6,8,イサチルダイチ,牡,6,56.0,506,-1,加藤和,長谷忍,,5,1:30.7,39.7,7-7-6-5,11,506,-1
2022/12/22,浦和,4,Ｃ２三 四,1400,ダ,左,不良,曇,12,8,11,シェナダイオー,牡,3,56.0,562,7,秋元耕,山越光,,6,1:30.8,39.3,9-8-9-8,12,562,7
2022/12/22,浦和,4,Ｃ２三 四,1400,ダ,左,不良,曇,12,7,10,エコロアジェンダ,牡,4,55.0,458,0,古岡勇,工藤伸,,7,1:30.9,39.4,8-9-10-7,5,458,0
2022/12/22,浦和,4,Ｃ２三 四,1400,ダ,左,不良,曇,12,4,4,ブルボンティアラ,牝,3,54.0,436,6,和田譲,水野貴,,8,1:31.6,41.3,6-5-5-4,6,436,6
2022/12/22,浦和,4,Ｃ２三 四,1400,ダ,左,不良,曇,12,5,6,スマイルヌイロア,牝,3,51.0,441,1,室陽一,宇野博,,9,1:31.6,40.8,5-6-6-10,8,441,1
2022/12/22,浦和,4,Ｃ２三 四,1400,ダ,左,不良,曇,12,7,9,ファインアレス,牡,6,56.0,512,2,橋本直,鹿沼和,,10,1:32.9,39.4,12-12-11-11,9,512,2
2022/12/22,浦和,4,Ｃ２三 四,1400,ダ,左,不良,曇,12,6,7,ギャラクシーセブン,牡,3,56.0,479,10,笹川翼,小久智,,11,1:33.0,43.1,4-3-3-9,2,479,10
2022/12/22,浦和,4,Ｃ２三 四,1400,ダ,左,不良,曇,12,8,12,ヒカリガサスホウヘ,牝,3,54.0,448,1,町田直,酒井一,,12,1:38.4,44.6,11-11-12-12,10,448,1
2022/12/22,浦和,5,特選３歳一,1500,ダ,左,不良,曇,10,7,8,ジュンオーズ,牡,3,56.0,442,7,秋元耕,海馬司,,1,1:36.7,38.6,4-4-3-1,1,442,7
2022/12/22,浦和,5,特選３歳一,1500,ダ,左,不良,曇,10,5,5,ミミコチャン,牝,3,50.0,477,-3,中島良,小林真,,2,1:36.9,39.1,3-2-2-2,7,477,-3
2022/12/22,浦和,5,特選３歳一,1500,ダ,左,不良,曇,10,8,10,パンケーキ,牝,3,54.0,455,0,藤江渉,平山真,,3,1:37.5,39.9,1-1-1-3,2,455,0
2022/12/22,浦和,5,特選３歳一,1500,ダ,左,不良,曇,10,1,1,マヘアラニ,牝,3,54.0,460,-1,岡村健,酒井一,,4,1:38.0,39.9,2-3-4-4,8,460,-1
2022/12/22,浦和,5,特選３歳一,1500,ダ,左,不良,曇,10,2,2,フォルトゥナ,牡,3,55.0,480,13,新原周,岡田一,,5,1:38.1,39.6,5-5-5-5,5,480,13
2022/12/22,浦和,5,特選３歳一,1500,ダ,左,不良,曇,10,3,3,サヨノミニスター,牡,3,56.0,444,-7,増田充,工藤伸,,6,1:38.1,39.3,8-8-6-6,4,444,-7
2022/12/22,浦和,5,特選３歳一,1500,ダ,左,不良,曇,10,8,9,アトラクティッド,牝,3,52.0,430,-1,野畑凌,工藤伸,,7,1:38.8,40.0,6-6-7-7,3,430,-1
2022/12/22,浦和,5,特選３歳一,1500,ダ,左,不良,曇,10,7,7,セイエイセンヌ,牝,3,54.0,456,4,赤津和,岡田一,,8,1:40.1,41.1,7-7-8-8,9,456,4
2022/12/22,浦和,5,特選３歳一,1500,ダ,左,不良,曇,10,6,6,シェナノララ,牝,3,54.0,426,1,福原杏,冨田敏,,9,1:40.9,40.7,10-10-10-10,10,426,1
2022/12/22,浦和,5,特選３歳一,1500,ダ,左,不良,曇,10,4,4,ユウユウルーチェ,牝,3,54.0,427,2,高橋哲,川村守,,10,1:40.9,40.9,9-9-9-9,6,427,2
2022/12/22,浦和,6,若潮特別２歳一,1500,ダ,左,不良,曇,12,1,1,ワラ,牡,2,55.0,438,4,福原杏,水野貴,,1,1:35.5,37.8,2-3-4-3,1,438,4
2022/12/22,浦和,6,若潮特別２歳一,1500,ダ,左,不良,曇,12,2,2,キックアス,牡,2,53.0,452,0,室陽一,海馬司,,2,1:36.2,38.1,7-6-7-5,6,452,0
2022/12/22,浦和,6,若潮特別２歳一,1500,ダ,左,不良,曇,12,3,3,ドロットニング,牝,2,54.0,476,0,橋本直,小久智,,3,1:36.5,39.1,1-1-1-1,7,476,0
2022/12/22,浦和,6,若潮特別２歳一,1500,ダ,左,不良,曇,12,7,10,ジョーフォック,牡,2,55.0,474,-1,笹川翼,小久智,,4,1:36.5,38.8,4-4-3-4,5,474,-1
2022/12/22,浦和,6,若潮特別２歳一,1500,ダ,左,不良,曇,12,5,5,リョウタスペシャル,牡,2,55.0,428,4,岡村健,小澤宏,,5,1:36.7,39.1,3-2-2-2,9,428,4
2022/12/22,浦和,6,若潮特別２歳一,1500,ダ,左,不良,曇,12,7,9,エイシンペトラ,牝,2,54.0,460,-5,本橋孝,藤原智,,6,1:37.0,38.5,10-9-8-8,2,460,-5
2022/12/22,浦和,6,若潮特別２歳一,1500,ダ,左,不良,曇,12,6,8,サテライト,牡,2,56.0,464,-13,山口達,林正人,,7,1:37.1,39.0,11-11-6-6,8,464,-13
2022/12/22,浦和,6,若潮特別２歳一,1500,ダ,左,不良,曇,12,5,6,ストライダー,牡,2,56.0,451,12,庄司大,張田京,,8,1:37.8,39.9,5-5-5-7,3,451,12
2022/12/22,浦和,6,若潮特別２歳一,1500,ダ,左,不良,曇,12,4,4,ティフィンタイガー,牡,2,55.0,410,7,秋元耕,酒井一,,9,1:37.9,38.4,12-12-12-9,12,410,7
2022/12/22,浦和,6,若潮特別２歳一,1500,ダ,左,不良,曇,12,6,7,ノースプリマ,牝,2,53.0,453,5,新原周,水野貴,,10,1:38.7,40.5,6-7-8-10,4,453,5
2022/12/22,浦和,6,若潮特別２歳一,1500,ダ,左,不良,曇,12,8,12,エルジーニョ,牡,2,55.0,506,-4,張田昂,小久智,,11,1:39.4,41.3,9-8-8-11,10,506,-4
2022/12/22,浦和,6,若潮特別２歳一,1500,ダ,左,不良,曇,12,8,11,アイゴールド,牝,2,54.0,472,-1,吉留孝,岡田一,,12,1:39.8,41.1,8-10-11-12,11,472,-1
2022/12/22,浦和,7,Ｃ２三 四,1500,ダ,左,不良,曇,10,2,2,ジュース,牝,3,51.0,439,3,室陽一,小久智,,1,1:34.6,39.7,1-1-1-1,1,439,3
2022/12/22,浦和,7,Ｃ２三 四,1500,ダ,左,不良,曇,10,6,6,モモドリーム,牝,4,54.0,490,4,橋本直,平山真,,2,1:35.7,40.3,4-3-3-3,8,490,4
2022/12/22,浦和,7,Ｃ２三 四,1500,ダ,左,不良,曇,10,1,1,ミメウルワシ,牝,7,50.0,453,1,小林捺,山越光,,3,1:36.2,40.6,3-5-5-4,3,453,1
2022/12/22,浦和,7,Ｃ２三 四,1500,ダ,左,不良,曇,10,3,3,セイウンマリンガー,牝,3,54.0,416,-9,福原杏,小澤宏,,4,1:36.2,39.6,8-7-7-7,5,416,-9
2022/12/22,浦和,7,Ｃ２三 四,1500,ダ,左,不良,曇,10,7,7,ブルベアマイル,牡,5,56.0,450,3,吉留孝,岡田一,,5,1:36.2,41.1,2-2-2-2,9,450,3
2022/12/22,浦和,7,Ｃ２三 四,1500,ダ,左,不良,曇,10,5,5,メラスクリオス,牝,3,54.0,450,-4,和田譲,宇野博,,6,1:36.2,39.8,6-6-6-5,6,450,-4
2022/12/22,浦和,7,Ｃ２三 四,1500,ダ,左,不良,曇,10,7,8,エイシンスタートル,牡,3,55.0,466,2,七夕裕,藤原智,,7,1:37.0,40.1,7-8-8-8,7,466,2
2022/12/22,浦和,7,Ｃ２三 四,1500,ダ,左,不良,曇,10,8,10,ノースブラスト,セ,0,56.0,542,9,岡村健,水野貴,,8,1:37.4,40.1,9-9-9-9,4,542,9
2022/12/22,浦和,7,Ｃ２三 四,1500,ダ,左,不良,曇,10,8,9,ウインプロヴァンス,牡,3,56.0,511,5,矢野貴,工藤伸,,9,1:38.6,43.2,5-4-3-6,2,511,5
2022/12/22,浦和,7,Ｃ２三 四,1500,ダ,左,不良,曇,10,4,4,ネーレウス,牡,3,56.0,473,0,藤江渉,酒井一,,10,1:39.0,40.9,10-10-10-10,10,473,0
2022/12/22,浦和,8,深谷『ふっかちゃん』賞Ｃ２二,1400,ダ,左,不良,晴,11,8,11,トモノクリスタル,牝,5,54.0,433,1,和田譲,小久智,,1,1:28.7,38.8,2-1-1-1,3,433,1
2022/12/22,浦和,8,深谷『ふっかちゃん』賞Ｃ２二,1400,ダ,左,不良,晴,11,2,2,ニシノロゼ,牝,3,51.0,440,1,室陽一,小澤宏,,2,1:29.4,39.1,6-4-4-2,2,440,1
2022/12/22,浦和,8,深谷『ふっかちゃん』賞Ｃ２二,1400,ダ,左,不良,晴,11,7,8,フクノヴァランス,牡,7,52.0,482,0,中島良,川島豊,,3,1:29.8,39.5,4-5-3-4,6,482,0
2022/12/22,浦和,8,深谷『ふっかちゃん』賞Ｃ２二,1400,ダ,左,不良,晴,11,6,7,ステラセイコー,牝,3,54.0,442,-16,福原杏,水野貴,,4,1:29.9,39.4,8-8-7-5,4,442,-16
2022/12/22,浦和,8,深谷『ふっかちゃん』賞Ｃ２二,1400,ダ,左,不良,晴,11,3,3,ホシプリンセス,牝,4,54.0,509,7,藤本現,酒井一,,5,1:30.4,39.9,7-7-9-8,7,509,7
2022/12/22,浦和,8,深谷『ふっかちゃん』賞Ｃ２二,1400,ダ,左,不良,晴,11,6,6,エレダール,牡,3,56.0,451,5,藤江渉,工藤伸,,6,1:30.5,39.8,9-9-6-6,10,451,5
2022/12/22,浦和,8,深谷『ふっかちゃん』賞Ｃ２二,1400,ダ,左,不良,晴,11,4,4,フィニッシュムーヴ,牡,3,56.0,492,3,笹川翼,鹿沼和,,7,1:30.5,40.5,1-2-2-3,5,492,3
2022/12/22,浦和,8,深谷『ふっかちゃん』賞Ｃ２二,1400,ダ,左,不良,晴,11,7,9,ライヴガーネット,牝,3,54.0,453,-16,矢野貴,工藤伸,,8,1:31.1,40.8,3-3-5-7,1,453,-16
2022/12/22,浦和,8,深谷『ふっかちゃん』賞Ｃ２二,1400,ダ,左,不良,晴,11,1,1,メディアジャッカル,牝,4,54.0,450,7,橋本直,内野健,,9,1:31.2,40.1,10-10-10-10,11,450,7
2022/12/22,浦和,8,深谷『ふっかちゃん』賞Ｃ２二,1400,ダ,左,不良,晴,11,8,10,ユメミルツキ,牝,3,54.0,477,-1,秋元耕,鹿沼和,,10,1:31.5,41.0,5-6-8-9,8,477,-1
2022/12/22,浦和,8,深谷『ふっかちゃん』賞Ｃ２二,1400,ダ,左,不良,晴,11,5,5,レクシー,牝,3,53.0,475,22,新原周,宇野博,,11,1:34.5,41.2,11-11-11-11,9,475,22
2022/12/22,浦和,9,大原優乃来場記念Ｃ１四,1500,ダ,左,不良,晴,10,1,1,イデアノキセキ,牡,3,55.0,447,-2,新原周,岡田一,,1,1:34.7,38.6,2-2-2-2,5,447,-2
2022/12/22,浦和,9,大原優乃来場記念Ｃ１四,1500,ダ,左,不良,晴,10,5,5,ムナサワギノツキ,牝,3,54.0,476,-4,橋本直,平山真,,2,1:34.9,39.2,1-1-1-1,4,476,-4
2022/12/22,浦和,9,大原優乃来場記念Ｃ１四,1500,ダ,左,不良,晴,10,3,3,ホウオウブリッツ,牡,3,56.0,494,-2,矢野貴,山下之,,3,1:35.4,38.7,5-3-3-3,1,494,-2
2022/12/22,浦和,9,大原優乃来場記念Ｃ１四,1500,ダ,左,不良,晴,10,8,9,アルバリ,牡,7,56.0,450,9,秋元耕,箕輪武,,4,1:36.1,38.7,7-7-6-5,7,450,9
2022/12/22,浦和,9,大原優乃来場記念Ｃ１四,1500,ダ,左,不良,晴,10,2,2,ミティエラ,牝,3,54.0,478,-14,和田譲,工藤伸,,5,1:36.1,39.0,8-6-4-4,2,478,-14
2022/12/22,浦和,9,大原優乃来場記念Ｃ１四,1500,ダ,左,不良,晴,10,4,4,ワンダーダイカネン,牡,5,56.0,498,6,見越彬,鈴木勝,,6,1:36.7,39.0,9-9-8-7,6,498,6
2022/12/22,浦和,9,大原優乃来場記念Ｃ１四,1500,ダ,左,不良,晴,10,6,6,エドノストリート,牝,4,54.0,474,0,張田昂,宇野博,,7,1:37.6,40.5,3-4-5-6,8,474,0
2022/12/22,浦和,9,大原優乃来場記念Ｃ１四,1500,ダ,左,不良,晴,10,7,8,クニノキラメキ,牡,4,56.0,489,15,本橋孝,小久智,,8,1:37.6,40.2,4-5-7-8,3,489,15
2022/12/22,浦和,9,大原優乃来場記念Ｃ１四,1500,ダ,左,不良,晴,10,8,10,イナリ,牝,3,54.0,394,2,赤津和,山越光,,9,1:39.2,41.5,6-8-9-9,10,394,2
2022/12/22,浦和,9,大原優乃来場記念Ｃ１四,1500,ダ,左,不良,晴,10,7,7,スマイルキングオー,牡,3,56.0,479,7,吉留孝,薮口一,,10,1:42.9,43.0,10-10-10-10,9,479,7
2022/12/22,浦和,10,ＳＰＡＴ４プレミアムポイント賞Ｂ３三,1400,ダ,左,不良,晴,8,1,1,ネクサスエッジ,牝,5,52.0,492,15,野畑凌,小澤宏,,1,1:26.8,37.9,1-1-1-1,2,492,15
2022/12/22,浦和,10,ＳＰＡＴ４プレミアムポイント賞Ｂ３三,1400,ダ,左,不良,晴,8,3,3,トーセンインディゴ,牡,4,56.0,484,6,笹川翼,小久智,,2,1:27.6,38.2,6-5-5-2,1,484,6
2022/12/22,浦和,10,ＳＰＡＴ４プレミアムポイント賞Ｂ３三,1400,ダ,左,不良,晴,8,2,2,オウケンアマゾネス,牝,5,54.0,456,5,町田直,工藤伸,,3,1:28.0,38.6,5-6-4-3,5,456,5
2022/12/22,浦和,10,ＳＰＡＴ４プレミアムポイント賞Ｂ３三,1400,ダ,左,不良,晴,8,4,4,シュガーダディ,牡,4,55.0,485,0,新原周,内田勝,,4,1:28.1,39.0,3-2-2-4,6,485,0
2022/12/22,浦和,10,ＳＰＡＴ４プレミアムポイント賞Ｂ３三,1400,ダ,左,不良,晴,8,7,7,チェスナットドレス,牝,5,54.0,464,7,秋元耕,冨田敏,,5,1:29.1,38.8,8-8-8-5,8,464,7
2022/12/22,浦和,10,ＳＰＡＴ４プレミアムポイント賞Ｂ３三,1400,ダ,左,不良,晴,8,5,5,モンバイト,牡,3,56.0,505,9,和田譲,薮口一,,6,1:30.2,41.0,7-7-6-7,4,505,9
2022/12/22,浦和,10,ＳＰＡＴ４プレミアムポイント賞Ｂ３三,1400,ダ,左,不良,晴,8,6,6,ジョーレイラニ,牝,4,54.0,445,-17,本橋孝,小久智,,7,1:30.2,41.1,2-2-3-6,3,445,-17
2022/12/22,浦和,10,ＳＰＡＴ４プレミアムポイント賞Ｂ３三,1400,ダ,左,不良,晴,8,8,8,バスクベレー,セ,0,53.0,465,7,室陽一,酒井一,,8,1:32.6,43.1,4-4-7-8,7,465,7
2022/12/22,浦和,11,ゴールドカップ３上オープン,1400,ダ,左,不良,晴,10,5,5,スマイルウィ,牡,5,57.0,575,17,矢野貴,張田京,,1,1:25.5,36.4,2-2-2-2,3,575,17
2022/12/22,浦和,11,ゴールドカップ３上オープン,1400,ダ,左,不良,晴,10,8,10,サルサディオーネ,牝,8,55.0,524,5,山崎誠,堀千亜,,2,1:25.7,36.7,1-1-1-1,2,524,5
2022/12/22,浦和,11,ゴールドカップ３上オープン,1400,ダ,左,不良,晴,10,2,2,ティーズダンク,牡,5,57.0,517,11,和田譲,水野貴,,3,1:25.9,36.6,5-5-3-3,1,517,11
2022/12/22,浦和,11,ゴールドカップ３上オープン,1400,ダ,左,不良,晴,10,1,1,アマネラクーン,牡,5,57.0,525,13,張田昂,小久智,,4,1:26.0,36.7,4-4-3-4,7,525,13
2022/12/22,浦和,11,ゴールドカップ３上オープン,1400,ダ,左,不良,晴,10,4,4,ブラックストーム,牡,4,57.0,493,5,的場文,佐宗応,,5,1:26.8,37.2,8-8-6-5,6,493,5
2022/12/22,浦和,11,ゴールドカップ３上オープン,1400,ダ,左,不良,晴,10,3,3,モリデンアロー,牡,4,57.0,512,11,町田直,繁田健,,6,1:26.8,37.2,6-7-7-6,8,512,11
2022/12/22,浦和,11,ゴールドカップ３上オープン,1400,ダ,左,不良,晴,10,7,7,アポロビビ,牡,6,57.0,473,0,笹川翼,小久智,,7,1:27.2,37.2,9-9-9-7,5,473,0
2022/12/22,浦和,11,ゴールドカップ３上オープン,1400,ダ,左,不良,晴,10,8,9,キャッスルトップ,牡,4,57.0,456,-2,仲野光,渋谷博,,8,1:27.9,38.6,3-3-5-9,9,456,-2
2022/12/22,浦和,11,ゴールドカップ３上オープン,1400,ダ,左,不良,晴,10,6,6,ルーチェドーロ,牡,4,57.0,518,0,御神訓,池田孝,,9,1:27.9,38.3,7-6-7-8,4,518,0
2022/12/22,浦和,11,ゴールドカップ３上オープン,1400,ダ,左,不良,晴,10,7,8,ジョーグランツ,牡,7,57.0,485,8,橋本直,小久智,,10,1:28.8,38.6,10-10-10-10,10,485,8
2022/12/22,浦和,12,冬至特別Ｃ１選抜馬,2000,ダ,左,不良,晴,11,1,1,モズハッピーロード,牡,4,56.0,501,1,半澤慶,平山真,,1,2:09.5,39.4,6-3-2-1,5,501,1
2022/12/22,浦和,12,冬至特別Ｃ１選抜馬,2000,ダ,左,不良,晴,11,7,9,ラスティネイル,牝,4,54.0,464,0,吉留孝,牛房榮,,2,2:10.8,40.9,1-1-1-2,6,464,0
2022/12/22,浦和,12,冬至特別Ｃ１選抜馬,2000,ダ,左,不良,晴,11,2,2,ニシノブライアント,牡,4,56.0,457,-5,西村栄,渋谷博,,3,2:11.0,40.0,8-8-3-3,2,457,-5
2022/12/22,浦和,12,冬至特別Ｃ１選抜馬,2000,ダ,左,不良,晴,11,5,5,サンケイワールド,牡,4,56.0,492,0,和田譲,平山真,,4,2:11.8,40.3,9-9-7-5,3,492,0
2022/12/22,浦和,12,冬至特別Ｃ１選抜馬,2000,ダ,左,不良,晴,11,6,7,ジオパークマグマ,牡,4,53.0,463,-8,室陽一,川島豊,,5,2:12.2,40.9,7-6-8-6,8,463,-8
2022/12/22,浦和,12,冬至特別Ｃ１選抜馬,2000,ダ,左,不良,晴,11,4,4,ジングルベル,牝,3,54.0,481,6,笹川翼,小久智,,6,2:12.5,41.6,3-4-5-4,1,481,6
2022/12/22,浦和,12,冬至特別Ｃ１選抜馬,2000,ダ,左,不良,晴,11,7,8,ピノモラーン,牡,4,55.0,482,4,新原周,野口孝,,7,2:12.8,40.9,10-10-10-9,7,482,4
2022/12/22,浦和,12,冬至特別Ｃ１選抜馬,2000,ダ,左,不良,晴,11,8,11,シナノジャングル,牡,4,55.0,479,8,七夕裕,岡田一,,8,2:13.0,41.8,4-7-6-8,4,479,8
2022/12/22,浦和,12,冬至特別Ｃ１選抜馬,2000,ダ,左,不良,晴,11,6,6,コスモビートイット,牡,5,56.0,512,10,秋元耕,川島豊,,9,2:13.7,42.8,5-5-4-7,10,512,10
2022/12/22,浦和,12,冬至特別Ｃ１選抜馬,2000,ダ,左,不良,晴,11,3,3,ビオロンスコッツ,牡,5,56.0,470,0,福原杏,酒井一,,10,2:15.5,42.6,11-11-11-11,11,470,0
2022/12/22,浦和,12,冬至特別Ｃ１選抜馬,2000,ダ,左,不良,晴,11,8,10,ガマン,牡,5,56.0,484,1,藤江渉,水野貴,,11,2:16.3,45.4,2-2-9-10,9,484,1
2022/12/23,浦和,1,ドリームチャレンジ２歳新馬,1400,ダ,左,不良,晴,9,1,1,ローアヴァンフレア,牡,2,55.0,0,0,笹川翼,繁田健,,1,1:30.8,39.0,4-4-1-1,1,0,0
2022/12/23,浦和,1,ドリームチャレンジ２歳新馬,1400,ダ,左,不良,晴,9,8,8,アロア,牝,2,53.0,0,0,七夕裕,長谷忍,,2,1:31.6,39.8,2-2-2-2,5,0,0
2022/12/23,浦和,1,ドリームチャレンジ２歳新馬,1400,ダ,左,不良,晴,9,3,3,シャインルージュ,牝,2,54.0,0,0,岡田大,吉田正,,3,1:34.6,42.8,1-1-3-3,3,0,0
2022/12/23,浦和,1,ドリームチャレンジ２歳新馬,1400,ダ,左,不良,晴,9,7,7,プルピットワール,牡,2,55.0,0,0,福原杏,海馬司,,4,1:35.1,42.3,6-5-4-4,2,0,0
2022/12/23,浦和,1,ドリームチャレンジ２歳新馬,1400,ダ,左,不良,晴,9,4,4,マックスブンブン,牡,2,55.0,0,0,秋元耕,小林真,,5,1:35.2,42.0,5-6-5-5,4,0,0
2022/12/23,浦和,1,ドリームチャレンジ２歳新馬,1400,ダ,左,不良,晴,9,6,6,ロックン,牡,2,55.0,0,0,吉留孝,野口寛,,6,1:35.2,41.5,8-8-7-6,6,0,0
2022/12/23,浦和,1,ドリームチャレンジ２歳新馬,1400,ダ,左,不良,晴,9,5,5,キタマカロン,牝,2,54.0,0,0,見越彬,鹿沼和,,7,1:37.8,43.3,9-9-9-9,9,0,0
2022/12/23,浦和,1,ドリームチャレンジ２歳新馬,1400,ダ,左,不良,晴,9,2,2,ラニーズグレイス,牝,2,54.0,0,0,半澤慶,工藤伸,,8,1:38.1,44.6,7-7-8-8,8,0,0
2022/12/23,浦和,1,ドリームチャレンジ２歳新馬,1400,ダ,左,不良,晴,9,8,9,タカイチメデタイ,牡,2,55.0,0,0,高橋哲,薮口一,,9,1:39.2,46.6,3-3-6-7,7,0,0
2022/12/23,浦和,2,２歳三,1400,ダ,左,不良,晴,10,6,6,デザートウインド,牝,2,54.0,536,-18,見越彬,藤原智,,1,1:31.2,41.1,5-4-4-5,2,536,-18
2022/12/23,浦和,2,２歳三,1400,ダ,左,不良,晴,10,7,7,サブリュウシン,牡,2,55.0,463,-3,橋本直,平山真,,2,1:31.3,41.4,3-3-3-3,3,463,-3
2022/12/23,浦和,2,２歳三,1400,ダ,左,不良,晴,10,7,8,ダプネマリン,牝,2,54.0,412,2,内田利,牛房榮,,3,1:31.5,40.2,7-7-7-4,9,412,2
2022/12/23,浦和,2,２歳三,1400,ダ,左,不良,晴,10,2,2,シンドバッド,牡,2,55.0,477,3,笹川翼,小久智,,4,1:31.6,41.8,1-2-2-1,1,477,3
2022/12/23,浦和,2,２歳三,1400,ダ,左,不良,晴,10,1,1,トラックヤロー,牡,2,55.0,427,12,山崎誠,平山真,,5,1:31.7,41.9,1-1-1-1,6,427,12
2022/12/23,浦和,2,２歳三,1400,ダ,左,不良,晴,10,5,5,サンテンシーサン,牡,2,55.0,497,6,高橋哲,薮口一,,6,1:32.6,41.9,6-6-6-6,5,497,6
2022/12/23,浦和,2,２歳三,1400,ダ,左,不良,晴,10,8,9,クラダイリン,牝,2,54.0,487,0,町田直,長谷忍,,7,1:32.6,41.3,8-8-8-7,4,487,0
2022/12/23,浦和,2,２歳三,1400,ダ,左,不良,晴,10,8,10,ウオッカガール,牝,2,52.0,489,2,菅原涼,箕輪武,,8,1:33.0,42.7,4-5-5-8,8,489,2
2022/12/23,浦和,2,２歳三,1400,ダ,左,不良,晴,10,3,3,ブラウンキングズ,牡,2,55.0,440,-1,張田昂,山越光,,9,1:33.0,40.9,10-10-10-10,7,440,-1
2022/12/23,浦和,2,２歳三,1400,ダ,左,不良,晴,10,4,4,モリデンボーイ,牡,2,55.0,506,-3,秋元耕,山越光,,10,1:33.2,41.7,9-9-9-9,10,506,-3
2022/12/23,浦和,3,３歳三,1400,ダ,左,不良,晴,12,8,11,ソプラヴェステ,牝,3,54.0,469,-5,和田譲,宇野博,,1,1:30.4,39.4,2-2-2-1,1,469,-5
2022/12/23,浦和,3,３歳三,1400,ダ,左,不良,晴,12,6,8,タイガーキャット,牡,3,55.0,487,-1,新原周,小澤宏,,2,1:31.8,38.8,12-12-9-9,5,487,-1
2022/12/23,浦和,3,３歳三,1400,ダ,左,不良,晴,12,8,12,ラグドール,牡,3,56.0,489,14,吉留孝,薮口一,,3,1:31.8,40.6,4-4-4-3,7,489,14
2022/12/23,浦和,3,３歳三,1400,ダ,左,不良,晴,12,1,1,ジャスミンカーラ,牝,3,54.0,419,1,橋本直,平山真,,4,1:31.9,39.3,9-9-7-6,2,419,1
2022/12/23,浦和,3,３歳三,1400,ダ,左,不良,晴,12,5,5,ポップコーントーン,牝,3,54.0,404,3,藤江渉,工藤伸,,5,1:31.9,40.6,7-5-5-4,6,404,3
2022/12/23,浦和,3,３歳三,1400,ダ,左,不良,晴,12,5,6,ダンスデミルリトン,牡,3,56.0,482,1,岡村健,酒井一,,6,1:32.0,41.2,1-1-1-2,4,482,1
2022/12/23,浦和,3,３歳三,1400,ダ,左,不良,晴,12,3,3,ミッドナイトブルー,牝,3,54.0,441,6,福原杏,横山保,,7,1:32.3,39.3,11-11-10-7,10,441,6
2022/12/23,浦和,3,３歳三,1400,ダ,左,不良,晴,12,7,9,ルージュディザイア,牝,3,51.0,445,-20,室陽一,横山保,,8,1:32.4,41.0,8-7-3-5,8,445,-20
2022/12/23,浦和,3,３歳三,1400,ダ,左,不良,晴,12,7,10,ライディーン,牡,3,56.0,493,2,秋元耕,川島豊,,9,1:32.5,41.0,3-3-6-8,9,493,2
2022/12/23,浦和,3,３歳三,1400,ダ,左,不良,晴,12,4,4,パルメニデス,牡,3,54.0,416,7,菅原涼,藤原智,,10,1:33.2,40.2,10-10-11-10,12,416,7
2022/12/23,浦和,3,３歳三,1400,ダ,左,不良,晴,12,6,7,モエヨグラン,牡,3,56.0,512,2,赤津和,箕輪武,,11,1:35.0,42.9,5-6-8-11,11,512,2
2022/12/23,浦和,3,３歳三,1400,ダ,左,不良,晴,12,2,2,ゲブレセラシエ,セ,0,56.0,488,-14,笹川翼,小久智,,,,,6-8-12-12,3,488,-14
2022/12/23,浦和,4,Ｃ２五 六,1500,ダ,左,不良,晴,10,2,2,ヴァンドール,牡,3,56.0,457,0,真島大,繁田健,,1,1:37.6,40.2,2-2-2-1,1,457,0
2022/12/23,浦和,4,Ｃ２五 六,1500,ダ,左,不良,晴,10,1,1,リュウオウ,牡,6,53.0,470,-2,室陽一,宇野博,,2,1:38.0,40.6,1-1-1-2,3,470,-2
2022/12/23,浦和,4,Ｃ２五 六,1500,ダ,左,不良,晴,10,7,7,カヤドーヴェール,牡,3,56.0,460,7,笹川翼,小久智,,3,1:38.0,39.9,8-8-6-5,2,460,7
2022/12/23,浦和,4,Ｃ２五 六,1500,ダ,左,不良,晴,10,7,8,カジュアルスパート,牡,3,56.0,479,0,達城龍,野口寛,,4,1:38.2,40.5,4-4-4-4,7,479,0
2022/12/23,浦和,4,Ｃ２五 六,1500,ダ,左,不良,晴,10,8,9,スターコマチ,牝,3,54.0,414,1,高橋哲,川村守,,5,1:38.2,40.1,7-7-5-3,6,414,1
2022/12/23,浦和,4,Ｃ２五 六,1500,ダ,左,不良,晴,10,6,6,ゴールドバード,牡,8,56.0,494,2,藤江渉,野口孝,,6,1:38.8,39.3,10-10-10-8,8,494,2
2022/12/23,浦和,4,Ｃ２五 六,1500,ダ,左,不良,晴,10,8,10,ネオアンコーラ,牡,3,56.0,491,12,福原杏,山越光,,7,1:38.9,41.2,3-3-3-6,4,491,12
2022/12/23,浦和,4,Ｃ２五 六,1500,ダ,左,不良,晴,10,4,4,サンビバリーヒルズ,牡,3,56.0,462,2,赤津和,山越光,,8,1:39.0,40.1,9-9-8-7,10,462,2
2022/12/23,浦和,4,Ｃ２五 六,1500,ダ,左,不良,晴,10,5,5,キョウエイレガード,牝,7,54.0,465,-13,橋本直,吉田正,,9,1:41.0,42.8,5-6-7-9,5,465,-13
2022/12/23,浦和,4,Ｃ２五 六,1500,ダ,左,不良,晴,10,3,3,エイコーレイワ,牝,5,50.0,466,2,中島良,川村守,,10,1:41.5,43.1,6-5-9-10,9,466,2
2022/12/23,浦和,5,３歳二,1400,ダ,左,不良,晴,10,7,8,スパイツァック,牝,3,53.0,452,-1,新原周,宇野博,,1,1:31.2,40.7,2-2-1-1,1,452,-1
2022/12/23,浦和,5,３歳二,1400,ダ,左,不良,晴,10,8,9,エスケイローレンス,牝,3,54.0,446,-1,國分祐,冨田敏,,2,1:31.4,40.3,6-6-5-4,9,446,-1
2022/12/23,浦和,5,３歳二,1400,ダ,左,不良,晴,10,7,7,マジックゲール,牡,3,56.0,477,1,福原杏,水野貴,,3,1:31.5,40.9,4-3-3-3,2,477,1
2022/12/23,浦和,5,３歳二,1400,ダ,左,不良,晴,10,8,10,コロディア,牝,3,54.0,458,-5,見越彬,鹿沼和,,4,1:31.5,40.2,7-7-6-6,3,458,-5
2022/12/23,浦和,5,３歳二,1400,ダ,左,不良,晴,10,1,1,ラパンドネージュ,牡,3,56.0,485,1,吉留孝,薮口一,,5,1:31.9,41.1,3-4-4-5,5,485,1
2022/12/23,浦和,5,３歳二,1400,ダ,左,不良,晴,10,6,6,マルノコウキ,牡,3,53.0,535,1,室陽一,川村守,,6,1:32.4,41.9,1-1-1-2,4,535,1
2022/12/23,浦和,5,３歳二,1400,ダ,左,不良,晴,10,2,2,アストロメアリー,牝,3,53.0,403,3,七夕裕,長谷忍,,7,1:32.7,40.8,8-8-8-7,7,403,3
2022/12/23,浦和,5,３歳二,1400,ダ,左,不良,晴,10,5,5,サンボールダー,牝,3,54.0,477,2,山中悠,川村守,,8,1:32.9,41.6,5-5-7-8,6,477,2
2022/12/23,浦和,5,３歳二,1400,ダ,左,不良,晴,10,4,4,シェナハート,牝,3,50.0,428,13,中島良,冨田敏,,9,1:33.7,41.2,9-9-9-9,8,428,13
2022/12/23,浦和,5,３歳二,1400,ダ,左,不良,晴,10,3,3,サウンドウェリナ,牝,3,54.0,439,-9,秋元耕,薮口一,,10,1:36.1,42.6,10-10-10-10,10,439,-9
2022/12/23,浦和,6,ランチタイムチャレンジＣ３四,1400,ダ,左,不良,晴,11,4,4,ロッカーモーション,牝,6,54.0,498,0,橋本直,内野健,,1,1:31.6,40.1,4-3-3-2,2,498,0
2022/12/23,浦和,6,ランチタイムチャレンジＣ３四,1400,ダ,左,不良,晴,11,6,7,マイネルアンドゥミ,牡,7,56.0,481,-8,岡田大,川村守,,2,1:32.0,40.9,1-1-1-1,4,481,-8
2022/12/23,浦和,6,ランチタイムチャレンジＣ３四,1400,ダ,左,不良,晴,11,7,9,スマイルジーニアス,セ,0,56.0,513,1,福原杏,鹿沼和,,3,1:32.0,39.9,8-7-5-4,1,513,1
2022/12/23,浦和,6,ランチタイムチャレンジＣ３四,1400,ダ,左,不良,晴,11,8,10,コンディトラム,牡,5,56.0,499,3,高橋哲,川村守,,4,1:32.1,40.8,2-2-2-3,7,499,3
2022/12/23,浦和,6,ランチタイムチャレンジＣ３四,1400,ダ,左,不良,晴,11,5,5,サノチナ,牝,5,54.0,424,11,秋元耕,川島豊,,5,1:32.5,40.0,9-9-8-6,9,424,11
2022/12/23,浦和,6,ランチタイムチャレンジＣ３四,1400,ダ,左,不良,晴,11,3,3,ビアンカグリーン,牡,7,56.0,490,-4,町田直,酒井一,,6,1:32.5,40.0,7-8-9-8,3,490,-4
2022/12/23,浦和,6,ランチタイムチャレンジＣ３四,1400,ダ,左,不良,晴,11,6,6,ダイバキャッツアイ,牝,5,54.0,470,6,赤津和,箕輪武,,7,1:32.7,41.0,6-6-4-5,8,470,6
2022/12/23,浦和,6,ランチタイムチャレンジＣ３四,1400,ダ,左,不良,晴,11,2,2,シェナノブチ,牡,7,56.0,419,9,國分祐,冨田敏,,8,1:33.6,41.5,3-5-7-7,6,419,9
2022/12/23,浦和,6,ランチタイムチャレンジＣ３四,1400,ダ,左,不良,晴,11,1,1,アベノカイシンゲキ,牡,4,55.0,478,6,七夕裕,小林真,,9,1:33.8,40.5,10-10-10-10,10,478,6
2022/12/23,浦和,6,ランチタイムチャレンジＣ３四,1400,ダ,左,不良,晴,11,8,11,スパークルガール,牝,6,51.0,424,-3,室陽一,長谷忍,,10,1:34.2,42.3,5-4-6-9,5,424,-3
2022/12/23,浦和,6,ランチタイムチャレンジＣ３四,1400,ダ,左,不良,晴,11,7,8,ユウユウリアン,牡,6,56.0,430,-1,寺島憂,横山保,,,,,,,430,-1
2022/12/23,浦和,7,Ｃ２五 六,1400,ダ,左,不良,晴,12,5,6,ネクタリス,牡,3,56.0,478,-3,真島大,繁田健,,1,1:30.4,40.4,2-2-1-1,1,478,-3
2022/12/23,浦和,7,Ｃ２五 六,1400,ダ,左,不良,晴,12,6,7,レジュールウール,牝,4,50.0,466,-6,中島良,野口寛,,2,1:30.5,40.0,3-3-3-3,8,466,-6
2022/12/23,浦和,7,Ｃ２五 六,1400,ダ,左,不良,晴,12,6,8,クー,牝,3,52.0,464,-4,野畑凌,牛房榮,,3,1:30.8,40.1,7-6-6-4,10,464,-4
2022/12/23,浦和,7,Ｃ２五 六,1400,ダ,左,不良,晴,12,7,9,カシノジュピター,牡,3,56.0,517,6,岡田大,鹿沼和,,4,1:30.8,40.7,5-4-2-2,5,517,6
2022/12/23,浦和,7,Ｃ２五 六,1400,ダ,左,不良,晴,12,7,10,カンタルーパ,牝,3,53.0,446,-4,新原周,宇野博,,5,1:30.9,38.5,12-12-9-7,4,446,-4
2022/12/23,浦和,7,Ｃ２五 六,1400,ダ,左,不良,晴,12,5,5,エイシンヌチマシヌ,牝,3,54.0,458,11,西啓太,山越光,,6,1:31.3,39.6,10-11-8-6,7,458,11
2022/12/23,浦和,7,Ｃ２五 六,1400,ダ,左,不良,晴,12,4,4,ハクサンブレーヴ,牡,5,56.0,471,1,山中悠,矢野義,,7,1:32.3,41.4,8-7-4-5,6,471,1
2022/12/23,浦和,7,Ｃ２五 六,1400,ダ,左,不良,晴,12,1,1,ウォーターリリー,牝,4,51.0,447,3,室陽一,内野健,,8,1:32.6,40.6,9-10-10-8,9,447,3
2022/12/23,浦和,7,Ｃ２五 六,1400,ダ,左,不良,晴,12,3,3,シシャモ,牝,3,50.0,422,-8,小林捺,工藤伸,,9,1:33.0,42.1,6-5-7-9,2,422,-8
2022/12/23,浦和,7,Ｃ２五 六,1400,ダ,左,不良,晴,12,8,11,ミルティー,牝,3,54.0,425,0,赤津和,横山保,,10,1:34.9,42.7,11-9-12-11,12,425,0
2022/12/23,浦和,7,Ｃ２五 六,1400,ダ,左,不良,晴,12,8,12,ジェームス,牡,8,56.0,509,9,半澤慶,川島豊,,11,1:35.2,43.4,4-8-11-12,11,509,9
2022/12/23,浦和,7,Ｃ２五 六,1400,ダ,左,不良,晴,12,2,2,ミッキージェンヌ,牝,3,54.0,426,-4,橋本直,小久智,,12,1:35.7,45.4,1-1-5-10,3,426,-4
2022/12/23,浦和,8,花のまち『ふかや』賞Ｃ１選抜馬,800,ダ,左,不良,晴,12,2,2,スマイルキューティ,牝,4,54.0,490,1,橋本直,平山真,,1,0:47.6,35.6,1-1,2,490,1
2022/12/23,浦和,8,花のまち『ふかや』賞Ｃ１選抜馬,800,ダ,左,不良,晴,12,7,10,シェナホープ,牡,5,56.0,478,11,福原杏,吉田正,,2,0:48.1,34.8,10-8,3,478,11
2022/12/23,浦和,8,花のまち『ふかや』賞Ｃ１選抜馬,800,ダ,左,不良,晴,12,6,7,アンジュクレール,牝,4,54.0,462,11,笹川翼,小久智,,3,0:48.1,35.9,3-2,1,462,11
2022/12/23,浦和,8,花のまち『ふかや』賞Ｃ１選抜馬,800,ダ,左,不良,晴,12,4,4,ロードオブイサチル,牝,5,54.0,515,8,半澤慶,宇野博,,4,0:48.2,35.9,5-5,7,515,8
2022/12/23,浦和,8,花のまち『ふかや』賞Ｃ１選抜馬,800,ダ,左,不良,晴,12,3,3,トレジャーバローズ,牡,4,56.0,450,-1,真島大,繁田健,,5,0:48.4,36.2,4-4,4,450,-1
2022/12/23,浦和,8,花のまち『ふかや』賞Ｃ１選抜馬,800,ダ,左,不良,晴,12,5,5,アルゴル,牡,3,55.0,473,0,七夕裕,箕輪武,,6,0:48.5,36.4,2-3,9,473,0
2022/12/23,浦和,8,花のまち『ふかや』賞Ｃ１選抜馬,800,ダ,左,不良,晴,12,6,8,ピースリアン,牡,5,53.0,481,-10,室陽一,横山保,,7,0:48.8,36.0,8-6,6,481,-10
2022/12/23,浦和,8,花のまち『ふかや』賞Ｃ１選抜馬,800,ダ,左,不良,晴,12,8,12,デルタ,牝,5,54.0,443,3,吉留孝,岡田一,,8,0:49.1,36.5,6-7,10,443,3
2022/12/23,浦和,8,花のまち『ふかや』賞Ｃ１選抜馬,800,ダ,左,不良,晴,12,8,11,クラフェニックス,牝,4,54.0,452,0,山崎誠,藤原智,,9,0:49.5,36.4,11-10,11,452,0
2022/12/23,浦和,8,花のまち『ふかや』賞Ｃ１選抜馬,800,ダ,左,不良,晴,12,5,6,ノビーノヒカリ,牝,4,54.0,514,7,秋元耕,川島豊,,10,0:49.7,36.9,9-9,12,514,7
2022/12/23,浦和,8,花のまち『ふかや』賞Ｃ１選抜馬,800,ダ,左,不良,晴,12,7,9,マイネルレスペト,牡,4,56.0,500,-4,和田譲,小林真,,11,0:50.1,36.4,12-12,8,500,-4
2022/12/23,浦和,8,花のまち『ふかや』賞Ｃ１選抜馬,800,ダ,左,不良,晴,12,1,1,スプリングローズ,牝,4,54.0,446,-12,矢野貴,小久智,,12,0:51.6,39.2,7-11,5,446,-12
2022/12/23,浦和,9,ＨＢＡ日高軽種馬農業協同組合賞Ｃ１三,1400,ダ,左,不良,晴,11,4,4,ロンドンボーイ,牡,3,56.0,475,-1,矢野貴,小久智,,1,1:29.4,39.5,5-5-4-1,1,475,-1
2022/12/23,浦和,9,ＨＢＡ日高軽種馬農業協同組合賞Ｃ１三,1400,ダ,左,不良,晴,11,7,9,マスクドサムライ,牡,3,56.0,481,0,半澤慶,藤原智,,2,1:29.9,40.1,2-3-3-3,2,481,0
2022/12/23,浦和,9,ＨＢＡ日高軽種馬農業協同組合賞Ｃ１三,1400,ダ,左,不良,晴,11,2,2,ガンコチャン,牝,3,53.0,490,3,新原周,岡田一,,3,1:30.3,40.6,1-1-1-2,6,490,3
2022/12/23,浦和,9,ＨＢＡ日高軽種馬農業協同組合賞Ｃ１三,1400,ダ,左,不良,晴,11,7,8,イチジン,牡,5,56.0,465,4,加藤和,長谷忍,,4,1:30.3,40.4,6-6-5-5,3,465,4
2022/12/23,浦和,9,ＨＢＡ日高軽種馬農業協同組合賞Ｃ１三,1400,ダ,左,不良,晴,11,5,5,バトルホッパー,牡,3,56.0,471,1,今野忠,横山保,,5,1:30.8,40.3,10-9-7-8,5,471,1
2022/12/23,浦和,9,ＨＢＡ日高軽種馬農業協同組合賞Ｃ１三,1400,ダ,左,不良,晴,11,6,6,シェヴロンケリー,牝,3,53.0,447,6,古岡勇,小澤宏,,6,1:31.2,40.8,8-8-6-6,7,447,6
2022/12/23,浦和,9,ＨＢＡ日高軽種馬農業協同組合賞Ｃ１三,1400,ダ,左,不良,晴,11,1,1,セシボン,牝,3,50.0,395,-4,中島良,川島豊,,7,1:31.4,40.7,9-10-9-7,9,395,-4
2022/12/23,浦和,9,ＨＢＡ日高軽種馬農業協同組合賞Ｃ１三,1400,ダ,左,不良,晴,11,3,3,ラヴィンツァラ,牝,5,54.0,472,5,橋本直,平山真,,8,1:31.4,41.7,3-2-1-4,4,472,5
2022/12/23,浦和,9,ＨＢＡ日高軽種馬農業協同組合賞Ｃ１三,1400,ダ,左,不良,晴,11,6,7,ゴールドエース,牡,3,56.0,499,4,吉留孝,野口孝,,9,1:34.3,43.6,7-7-10-9,10,499,4
2022/12/23,浦和,9,ＨＢＡ日高軽種馬農業協同組合賞Ｃ１三,1400,ダ,左,不良,晴,11,8,10,ダテノライトニング,牝,7,54.0,477,-4,町田直,野口孝,,10,1:34.8,44.8,3-4-8-10,8,477,-4
2022/12/23,浦和,9,ＨＢＡ日高軽種馬農業協同組合賞Ｃ１三,1400,ダ,左,不良,晴,11,8,11,アドミラブルエース,牡,3,56.0,476,6,和田譲,繁田健,,,,,,,476,6
2022/12/23,浦和,10,浦和ジュニアチャンピオン２歳選抜馬,1500,ダ,左,不良,晴,10,7,7,ウインドフレイバー,牡,2,57.0,480,0,町田直,繁田健,,1,1:36.2,39.2,2-2-1-1,1,480,0
2022/12/23,浦和,10,浦和ジュニアチャンピオン２歳選抜馬,1500,ダ,左,不良,晴,10,7,8,サムタイムアゴー,牡,2,57.0,441,-5,笹川翼,小久智,,2,1:36.2,39.2,3-3-2-2,2,441,-5
2022/12/23,浦和,10,浦和ジュニアチャンピオン２歳選抜馬,1500,ダ,左,不良,晴,10,1,1,オデンシタ,牡,2,55.0,461,5,和田譲,野口寛,,3,1:37.4,39.6,10-6-4-3,4,461,5
2022/12/23,浦和,10,浦和ジュニアチャンピオン２歳選抜馬,1500,ダ,左,不良,晴,10,3,3,アウストロ,牡,2,55.0,499,-9,福原杏,小澤宏,,4,1:38.6,41.6,1-1-3-4,5,499,-9
2022/12/23,浦和,10,浦和ジュニアチャンピオン２歳選抜馬,1500,ダ,左,不良,晴,10,8,9,プリンスオーソ,牡,2,55.0,450,0,加藤和,長谷忍,,5,1:39.7,41.2,8-7-6-5,9,450,0
2022/12/23,浦和,10,浦和ジュニアチャンピオン２歳選抜馬,1500,ダ,左,不良,晴,10,4,4,ネメシス,牝,2,54.0,448,7,吉留孝,箕輪武,,6,1:40.1,41.4,9-8-7-6,7,448,7
2022/12/23,浦和,10,浦和ジュニアチャンピオン２歳選抜馬,1500,ダ,左,不良,晴,10,8,10,タカイチスイート,牝,2,54.0,482,-1,高橋哲,薮口一,,7,1:42.2,44.3,7-4-5-7,10,482,-1
2022/12/23,浦和,10,浦和ジュニアチャンピオン２歳選抜馬,1500,ダ,左,不良,晴,10,2,2,エスケイアイランド,牝,2,54.0,454,4,矢野貴,薮口一,,8,1:48.6,49.1,5-5-8-8,6,454,4
2022/12/23,浦和,10,浦和ジュニアチャンピオン２歳選抜馬,1500,ダ,左,不良,晴,10,5,5,シバノヤマブキ,牝,2,54.0,490,-2,張田昂,宇野博,,9,1:48.7,48.6,6-9-9-9,8,490,-2
2022/12/23,浦和,10,浦和ジュニアチャンピオン２歳選抜馬,1500,ダ,左,不良,晴,10,6,6,アイグレース,牝,2,55.0,447,-7,秋元耕,岡田一,,,,,4-10,3,447,-7
2022/12/23,浦和,11,師走特別Ａ２下,1500,ダ,左,不良,晴,6,5,5,ヨハン,牡,6,57.0,450,-2,和田譲,山下之,,1,1:35.1,38.2,3-3-2-1,1,450,-2
2022/12/23,浦和,11,師走特別Ａ２下,1500,ダ,左,不良,晴,6,3,3,パーソナルマキ,牡,9,55.0,500,4,吉留孝,平山真,,2,1:36.2,39.0,6-6-4-5,6,500,4
2022/12/23,浦和,11,師走特別Ａ２下,1500,ダ,左,不良,晴,6,6,6,コンセプト,牡,4,55.0,483,4,本橋孝,小久智,,3,1:36.2,39.0,5-5-4-3,4,483,4
2022/12/23,浦和,11,師走特別Ａ２下,1500,ダ,左,不良,晴,6,1,1,エンテレケイア,牡,4,57.0,522,2,真島大,小久智,,4,1:36.3,41.2,1-1-1-2,2,522,2
2022/12/23,浦和,11,師走特別Ａ２下,1500,ダ,左,不良,晴,6,2,2,ジョーフォレスト,牡,5,57.0,506,18,笹川翼,小久智,,5,1:36.3,39.3,4-4-3-4,3,506,18
2022/12/23,浦和,11,師走特別Ａ２下,1500,ダ,左,不良,晴,6,4,4,ホウヨウクリスタル,牡,4,52.0,517,5,室陽一,藤原智,,,,,2-2-6-6,5,517,5
2022/12/23,浦和,12,ポイント１０倍！浦和のＳＰＡＴ４Ｃ２Ｃ３,2000,ダ,左,不良,晴,12,7,9,ハクシンエース,牡,4,57.0,447,7,半澤慶,平山真,,1,2:13.2,42.2,4-3-1-1,3,447,7
2022/12/23,浦和,12,ポイント１０倍！浦和のＳＰＡＴ４Ｃ２Ｃ３,2000,ダ,左,不良,晴,12,3,3,リングボーイ,セ,0,54.0,439,2,室陽一,水野貴,,2,2:13.8,42.4,7-6-2-2,1,439,2
2022/12/23,浦和,12,ポイント１０倍！浦和のＳＰＡＴ４Ｃ２Ｃ３,2000,ダ,左,不良,晴,12,8,11,サンラグナニゲル,牝,3,55.0,443,4,橋本直,川村守,,3,2:14.0,41.8,11-11-5-3,6,443,4
2022/12/23,浦和,12,ポイント１０倍！浦和のＳＰＡＴ４Ｃ２Ｃ３,2000,ダ,左,不良,晴,12,5,6,フィアレススマイル,牡,5,55.0,468,10,藤江渉,平山真,,4,2:14.1,42.1,10-10-3-4,7,468,10
2022/12/23,浦和,12,ポイント１０倍！浦和のＳＰＡＴ４Ｃ２Ｃ３,2000,ダ,左,不良,晴,12,8,12,グッドヘイロー,牝,3,55.0,494,4,寺島憂,山越光,,5,2:15.7,43.8,9-8-4-5,9,494,4
2022/12/23,浦和,12,ポイント１０倍！浦和のＳＰＡＴ４Ｃ２Ｃ３,2000,ダ,左,不良,晴,12,6,8,パーティーアニマル,牡,6,55.0,464,9,高橋哲,牛房榮,,6,2:17.6,45.9,3-2-6-6,8,464,9
2022/12/23,浦和,12,ポイント１０倍！浦和のＳＰＡＴ４Ｃ２Ｃ３,2000,ダ,左,不良,晴,12,1,1,シークレットギア,牡,4,57.0,485,6,吉留孝,薮口一,,7,2:17.8,44.1,12-12-10-10,5,485,6
2022/12/23,浦和,12,ポイント１０倍！浦和のＳＰＡＴ４Ｃ２Ｃ３,2000,ダ,左,不良,晴,12,5,5,ヤマタケコーチャン,牡,3,57.0,430,-7,福原杏,水野貴,,8,2:18.0,46.3,1-1-8-8,2,430,-7
2022/12/23,浦和,12,ポイント１０倍！浦和のＳＰＡＴ４Ｃ２Ｃ３,2000,ダ,左,不良,晴,12,7,10,キスアンドテル,牝,3,55.0,507,9,今野忠,海馬司,,9,2:18.1,46.2,5-5-7-7,4,507,9
2022/12/23,浦和,12,ポイント１０倍！浦和のＳＰＡＴ４Ｃ２Ｃ３,2000,ダ,左,不良,晴,12,6,7,カミヤガルーラ,牡,4,57.0,469,2,見越彬,内野健,,10,2:18.2,46.0,6-7-9-9,10,469,2
2022/12/23,浦和,12,ポイント１０倍！浦和のＳＰＡＴ４Ｃ２Ｃ３,2000,ダ,左,不良,晴,12,2,2,リックイノスケ,牡,3,57.0,472,10,秋元耕,内野健,,11,2:23.5,50.2,8-9-12-11,12,472,10
2022/12/23,浦和,12,ポイント１０倍！浦和のＳＰＡＴ４Ｃ２Ｃ３,2000,ダ,左,不良,晴,12,4,4,マウコノミタマ,牡,3,56.0,479,1,新原周,藤原智,,12,2:23.6,50.6,2-4-11-12,11,479,1
2022/12/26,浦和,1,今日からクライマックスリレー賞２歳選抜馬,800,ダ,左,稍重,晴,8,1,1,ルヴァンモンスター,牡,2,55.0,499,-2,福原杏,水野貴,,1,0:48.3,35.9,1-1,1,499,-2
2022/12/26,浦和,1,今日からクライマックスリレー賞２歳選抜馬,800,ダ,左,稍重,晴,8,5,5,コンパルティール,牝,2,54.0,445,9,赤津和,川村守,,2,0:49.1,36.5,2-2,3,445,9
2022/12/26,浦和,1,今日からクライマックスリレー賞２歳選抜馬,800,ダ,左,稍重,晴,8,8,8,シェナクラウン,牡,2,55.0,499,10,吉留孝,冨田敏,,3,0:49.4,36.6,3-3,2,499,10
2022/12/26,浦和,1,今日からクライマックスリレー賞２歳選抜馬,800,ダ,左,稍重,晴,8,3,3,キタカラキタダイヤ,牝,2,54.0,427,0,町田直,酒井一,,4,0:50.3,37.4,4-4,4,427,0
2022/12/26,浦和,1,今日からクライマックスリレー賞２歳選抜馬,800,ダ,左,稍重,晴,8,6,6,キングフォーチュン,牡,2,55.0,468,7,岡田大,工藤伸,,5,0:50.5,37.3,6-6,6,468,7
2022/12/26,浦和,1,今日からクライマックスリレー賞２歳選抜馬,800,ダ,左,稍重,晴,8,2,2,クリプリンセス,牝,2,54.0,420,3,秋元耕,冨田敏,,6,0:50.8,38.0,5-5,5,420,3
2022/12/26,浦和,1,今日からクライマックスリレー賞２歳選抜馬,800,ダ,左,稍重,晴,8,7,7,ノーブルエフォート,牝,2,54.0,473,0,寺島憂,水野貴,,7,0:51.5,38.4,7-7,7,473,0
2022/12/26,浦和,1,今日からクライマックスリレー賞２歳選抜馬,800,ダ,左,稍重,晴,8,4,4,ミルクキャラメル,牝,2,54.0,417,-5,半澤慶,平山真,,8,0:52.1,38.3,8-8,8,417,-5
2022/12/26,浦和,2,浦和８００ラウンド３歳選抜馬,800,ダ,左,稍重,晴,12,4,4,クインズハッピー,牝,3,52.0,450,-5,野畑凌,佐藤博,,1,0:49.0,36.2,2-2,1,450,-5
2022/12/26,浦和,2,浦和８００ラウンド３歳選抜馬,800,ダ,左,稍重,晴,12,6,7,エンロサディラ,牝,3,50.0,431,5,小林捺,甲田悟,,2,0:49.1,35.7,4-3,2,431,5
2022/12/26,浦和,2,浦和８００ラウンド３歳選抜馬,800,ダ,左,稍重,晴,12,8,12,フラッシュ,牡,3,56.0,499,7,岡田大,藤原智,,3,0:49.5,36.9,1-1,10,499,7
2022/12/26,浦和,2,浦和８００ラウンド３歳選抜馬,800,ダ,左,稍重,晴,12,8,11,シンキングセンティ,牝,3,54.0,466,0,福原杏,山越光,,4,0:49.8,36.4,5-4,4,466,0
2022/12/26,浦和,2,浦和８００ラウンド３歳選抜馬,800,ダ,左,稍重,晴,12,2,2,ビナフエ,牝,3,50.0,435,-1,中島良,水野貴,,5,0:50.2,36.7,6-5,8,435,-1
2022/12/26,浦和,2,浦和８００ラウンド３歳選抜馬,800,ダ,左,稍重,晴,12,3,3,シェナコブシ,牡,3,56.0,492,6,寺島憂,吉田正,,6,0:50.6,36.6,10-9,12,492,6
2022/12/26,浦和,2,浦和８００ラウンド３歳選抜馬,800,ダ,左,稍重,晴,12,1,1,ビーマジカル,牝,3,53.0,442,1,新原周,野口孝,,7,0:50.6,36.6,12-11,6,442,1
2022/12/26,浦和,2,浦和８００ラウンド３歳選抜馬,800,ダ,左,稍重,晴,12,7,9,ハマベノルンナ,牝,3,51.0,461,11,室陽一,宇野博,,8,0:50.6,37.1,7-7,5,461,11
2022/12/26,浦和,2,浦和８００ラウンド３歳選抜馬,800,ダ,左,稍重,晴,12,7,10,ミキノケショウバコ,牝,3,53.0,480,2,七夕裕,平山真,,9,0:51.0,38.0,3-6,7,480,2
2022/12/26,浦和,2,浦和８００ラウンド３歳選抜馬,800,ダ,左,稍重,晴,12,5,6,パワーサクレツ,セ,0,56.0,405,-2,加藤和,横山保,,10,0:51.2,37.5,9-8,3,405,-2
2022/12/26,浦和,2,浦和８００ラウンド３歳選抜馬,800,ダ,左,稍重,晴,12,5,5,ニシノマンテン,牡,3,56.0,449,8,張田昂,川島豊,,11,0:51.4,37.7,11-12,9,449,8
2022/12/26,浦和,2,浦和８００ラウンド３歳選抜馬,800,ダ,左,稍重,晴,12,6,8,キョウエイカーク,牡,3,56.0,506,6,高橋哲,入口由,,12,0:51.6,38.1,7-10,11,506,6
2022/12/26,浦和,3,クライマックスリレー賞２歳四,1400,ダ,左,稍重,晴,11,4,4,アイトアーサー,牡,2,55.0,476,-6,秋元耕,水野貴,,1,1:32.6,41.5,1-1-1-1,2,476,-6
2022/12/26,浦和,3,クライマックスリレー賞２歳四,1400,ダ,左,稍重,晴,11,8,10,イスデボニュウタ,牡,2,55.0,465,15,張田昂,小久智,,2,1:32.7,41.5,3-3-2-1,1,465,15
2022/12/26,浦和,3,クライマックスリレー賞２歳四,1400,ダ,左,稍重,晴,11,8,11,エーヴベリー,牝,2,51.0,473,11,室陽一,平山真,,3,1:33.4,42.0,4-4-4-3,5,473,11
2022/12/26,浦和,3,クライマックスリレー賞２歳四,1400,ダ,左,稍重,晴,11,7,8,リュウノレッドアイ,牝,2,53.0,479,3,新原周,川村守,,4,1:34.0,42.0,6-5-5-5,4,479,3
2022/12/26,浦和,3,クライマックスリレー賞２歳四,1400,ダ,左,稍重,晴,11,1,1,シェナリオン,牡,2,55.0,455,11,國分祐,冨田敏,,5,1:34.1,41.6,9-9-8-8,11,455,11
2022/12/26,浦和,3,クライマックスリレー賞２歳四,1400,ダ,左,稍重,晴,11,5,5,モエヨジャンヌ,牝,2,54.0,414,9,内田利,箕輪武,,6,1:34.2,41.7,5-7-10-7,9,414,9
2022/12/26,浦和,3,クライマックスリレー賞２歳四,1400,ダ,左,稍重,晴,11,3,3,シェナカレン,牡,2,55.0,448,-3,赤津和,山越光,,7,1:34.6,42.6,8-6-6-6,10,448,-3
2022/12/26,浦和,3,クライマックスリレー賞２歳四,1400,ダ,左,稍重,晴,11,2,2,リチアブーケ,牝,2,54.0,463,9,岡田大,藤原智,,8,1:35.0,42.7,7-8-7-9,3,463,9
2022/12/26,浦和,3,クライマックスリレー賞２歳四,1400,ダ,左,稍重,晴,11,7,9,ウィンターソング,牝,2,54.0,466,-1,見越彬,牛房榮,,9,1:35.4,42.7,10-10-9-10,7,466,-1
2022/12/26,浦和,3,クライマックスリレー賞２歳四,1400,ダ,左,稍重,晴,11,6,7,メーネフロタント,牝,2,54.0,477,12,吉留孝,小林真,,10,1:35.8,44.6,2-2-3-4,8,477,12
2022/12/26,浦和,3,クライマックスリレー賞２歳四,1400,ダ,左,稍重,晴,11,6,6,アバランチベルン,牝,2,54.0,409,6,高橋哲,吉田正,,11,1:36.8,43.7,11-11-11-11,6,409,6
2022/12/26,浦和,4,特選Ｃ３二,1400,ダ,左,稍重,晴,12,8,12,ロイヤルアイザック,牡,8,56.0,476,-5,澤田龍,阿井正,,1,1:32.0,39.9,5-4-3-1,2,476,-5
2022/12/26,浦和,4,特選Ｃ３二,1400,ダ,左,稍重,晴,12,6,7,マリアフィナーレ,牝,5,53.0,455,10,七夕裕,小林真,,2,1:32.6,40.6,2-2-1-3,5,455,10
2022/12/26,浦和,4,特選Ｃ３二,1400,ダ,左,稍重,晴,12,1,1,ホクセツ,セ,0,56.0,541,-5,秋元耕,箕輪武,,3,1:32.9,40.6,6-6-5-4,1,541,-5
2022/12/26,浦和,4,特選Ｃ３二,1400,ダ,左,稍重,晴,12,4,4,ワンダーニメンソウ,牝,4,54.0,488,7,橋本直,鈴木勝,,4,1:33.1,41.1,1-1-1-2,4,488,7
2022/12/26,浦和,4,特選Ｃ３二,1400,ダ,左,稍重,晴,12,3,3,サプライズギフト,牝,4,50.0,417,-2,中島良,川島豊,,5,1:33.1,40.7,3-5-6-5,10,417,-2
2022/12/26,浦和,4,特選Ｃ３二,1400,ダ,左,稍重,晴,12,7,10,キモンズラブ,牝,8,54.0,469,-2,國分祐,冨田敏,,6,1:33.3,41.2,4-3-4-6,9,469,-2
2022/12/26,浦和,4,特選Ｃ３二,1400,ダ,左,稍重,晴,12,5,5,スプリングネージュ,牝,4,54.0,428,4,福原杏,鈴木勝,,7,1:33.4,40.2,9-8-9-8,7,428,4
2022/12/26,浦和,4,特選Ｃ３二,1400,ダ,左,稍重,晴,12,2,2,ハイエストプレイズ,牝,5,54.0,512,4,櫻井光,酒井一,,8,1:33.4,40.8,7-7-7-7,8,512,4
2022/12/26,浦和,4,特選Ｃ３二,1400,ダ,左,稍重,晴,12,8,11,セイウングラッパ,牡,7,56.0,458,11,吉留孝,吉田正,,9,1:34.0,39.5,11-12-12-11,3,458,11
2022/12/26,浦和,4,特選Ｃ３二,1400,ダ,左,稍重,晴,12,7,9,マッシュブライト,牝,4,54.0,471,-2,寺島憂,酒井一,,10,1:34.0,40.6,12-9-8-9,11,471,-2
2022/12/26,浦和,4,特選Ｃ３二,1400,ダ,左,稍重,晴,12,5,6,ゴールドアクセル,牡,4,56.0,529,3,高橋哲,鹿沼和,,11,1:34.5,40.2,10-11-11-12,12,529,3
2022/12/26,浦和,4,特選Ｃ３二,1400,ダ,左,稍重,晴,12,6,8,サニースポット,牝,4,54.0,457,-3,半澤慶,工藤伸,,12,1:34.6,40.7,8-10-10-10,6,457,-3
2022/12/26,浦和,5,明日もクライマックスリレー賞Ｃ２九 十,1400,ダ,左,稍重,晴,11,7,8,グローリアスフィル,牝,5,54.0,474,-2,本橋孝,新井清,,1,1:31.4,39.9,7-7-4-1,1,474,-2
2022/12/26,浦和,5,明日もクライマックスリレー賞Ｃ２九 十,1400,ダ,左,稍重,晴,11,8,11,ショウイモン,牝,5,51.0,431,-6,室陽一,内野健,,2,1:31.5,40.3,5-4-2-2,2,431,-6
2022/12/26,浦和,5,明日もクライマックスリレー賞Ｃ２九 十,1400,ダ,左,稍重,晴,11,1,1,フェイドハード,牡,5,56.0,514,1,加藤和,長谷忍,,3,1:31.7,40.3,6-6-5-4,4,514,1
2022/12/26,浦和,5,明日もクライマックスリレー賞Ｃ２九 十,1400,ダ,左,稍重,晴,11,7,9,ツクバマリア,牝,5,54.0,470,2,橋本直,平山真,,4,1:32.3,40.4,8-8-6-5,5,470,2
2022/12/26,浦和,5,明日もクライマックスリレー賞Ｃ２九 十,1400,ダ,左,稍重,晴,11,3,3,ベニノエンゼル,牝,5,54.0,438,-3,赤津和,山越光,,5,1:32.8,41.6,2-2-3-3,8,438,-3
2022/12/26,浦和,5,明日もクライマックスリレー賞Ｃ２九 十,1400,ダ,左,稍重,晴,11,4,4,ブルーティアーズ,牝,5,50.0,511,3,中島良,山越光,,6,1:32.8,40.7,10-11-11-10,9,511,3
2022/12/26,浦和,5,明日もクライマックスリレー賞Ｃ２九 十,1400,ダ,左,稍重,晴,11,6,7,カントナ,牝,5,54.0,418,0,半澤慶,宇野博,,7,1:33.0,41.1,9-9-9-7,7,418,0
2022/12/26,浦和,5,明日もクライマックスリレー賞Ｃ２九 十,1400,ダ,左,稍重,晴,11,8,10,セラフィム,牝,9,54.0,446,2,櫻井光,海馬司,,8,1:33.1,41.5,4-5-6-9,10,446,2
2022/12/26,浦和,5,明日もクライマックスリレー賞Ｃ２九 十,1400,ダ,左,稍重,晴,11,5,5,セコイア,牝,5,55.0,479,11,藤江渉,宇野博,,9,1:33.1,41.2,11-10-8-8,3,479,11
2022/12/26,浦和,5,明日もクライマックスリレー賞Ｃ２九 十,1400,ダ,左,稍重,晴,11,6,6,マスオ,牡,9,56.0,436,-1,吉留孝,野口孝,,10,1:33.8,42.6,3-1-1-6,11,436,-1
2022/12/26,浦和,5,明日もクライマックスリレー賞Ｃ２九 十,1400,ダ,左,稍重,晴,11,2,2,リチェルカータ,牝,5,52.0,467,8,野畑凌,小澤宏,,11,1:34.4,42.7,1-3-10-11,6,467,8
2022/12/26,浦和,6,ランチタイムチャレンジＣ２九 十,1500,ダ,左,稍重,晴,11,8,10,キタサンエポナ,牝,3,54.0,435,-1,今野忠,繁田健,,1,1:38.9,40.4,3-3-3-2,1,435,-1
2022/12/26,浦和,6,ランチタイムチャレンジＣ２九 十,1500,ダ,左,稍重,晴,11,7,8,マッシロ,牝,6,53.0,421,-5,池谷匠,林隆之,,2,1:39.3,39.5,6-6-5-5,7,421,-5
2022/12/26,浦和,6,ランチタイムチャレンジＣ２九 十,1500,ダ,左,稍重,晴,11,1,1,ラーズグリーズ,セ,0,52.0,459,1,小林捺,工藤伸,,3,1:39.6,39.2,9-9-7-6,2,459,1
2022/12/26,浦和,6,ランチタイムチャレンジＣ２九 十,1500,ダ,左,稍重,晴,11,6,7,スノートレイン,牡,5,56.0,441,1,張田昂,山下之,,4,1:39.7,40.9,5-4-4-4,3,441,1
2022/12/26,浦和,6,ランチタイムチャレンジＣ２九 十,1500,ダ,左,稍重,晴,11,8,11,ラブリーギャル,牝,6,54.0,501,3,見越彬,海馬司,,5,1:39.8,41.9,2-2-1-1,5,501,3
2022/12/26,浦和,6,ランチタイムチャレンジＣ２九 十,1500,ダ,左,稍重,晴,11,7,9,スカイヴィーナス,牝,3,54.0,484,1,岡田大,薮口一,,6,1:40.5,39.7,7-7-9-7,9,484,1
2022/12/26,浦和,6,ランチタイムチャレンジＣ２九 十,1500,ダ,左,稍重,晴,11,3,3,オールドボンバー,牡,6,56.0,487,11,福原杏,横山保,,7,1:40.6,42.7,1-1-2-3,4,487,11
2022/12/26,浦和,6,ランチタイムチャレンジＣ２九 十,1500,ダ,左,稍重,晴,11,5,5,イデアグリーン,牝,3,54.0,427,-3,寺島憂,岡田一,,8,1:41.4,40.6,8-8-8-8,10,427,-3
2022/12/26,浦和,6,ランチタイムチャレンジＣ２九 十,1500,ダ,左,稍重,晴,11,4,4,サキホコレ,牝,3,54.0,447,-3,半澤慶,宇野博,,9,1:41.8,39.9,11-11-11-11,11,447,-3
2022/12/26,浦和,6,ランチタイムチャレンジＣ２九 十,1500,ダ,左,稍重,晴,11,6,6,ウルテ,牡,3,56.0,491,5,秋元耕,小林真,,10,1:42.1,40.5,10-10-10-10,8,491,5
2022/12/26,浦和,6,ランチタイムチャレンジＣ２九 十,1500,ダ,左,稍重,晴,11,2,2,ロードユリシス,セ,0,55.0,490,6,七夕裕,長谷忍,,11,1:42.9,43.3,4-5-6-9,6,490,6
2022/12/26,浦和,7,Ｃ２七 八,1500,ダ,左,稍重,晴,11,1,1,サマーボーイ,牡,7,56.0,512,8,高橋哲,小久智,,1,1:40.0,40.8,4-4-4-4,1,512,8
2022/12/26,浦和,7,Ｃ２七 八,1500,ダ,左,稍重,晴,11,3,3,ジャストメイビー,牝,4,54.0,504,-6,半澤慶,宇野博,,2,1:40.0,40.8,5-5-6-1,3,504,-6
2022/12/26,浦和,7,Ｃ２七 八,1500,ダ,左,稍重,晴,11,8,11,エイシンビースト,牡,4,56.0,450,-4,福原杏,薮口一,,3,1:40.1,40.0,10-10-9-7,5,450,-4
2022/12/26,浦和,7,Ｃ２七 八,1500,ダ,左,稍重,晴,11,8,10,ニシノキスミー,牝,8,50.0,462,7,中島良,小澤宏,,4,1:40.2,41.0,7-6-5-5,10,462,7
2022/12/26,浦和,7,Ｃ２七 八,1500,ダ,左,稍重,晴,11,7,8,モンテッソーリ,牝,3,54.0,423,-1,張田昂,小澤宏,,5,1:40.3,41.2,3-3-2-3,6,423,-1
2022/12/26,浦和,7,Ｃ２七 八,1500,ダ,左,稍重,晴,11,7,9,ナムラキャッツ,牝,3,54.0,408,-8,町田直,工藤伸,,6,1:40.6,41.0,9-8-7-8,2,408,-8
2022/12/26,浦和,7,Ｃ２七 八,1500,ダ,左,稍重,晴,11,4,4,ベリリウンヌ,牝,4,51.0,433,8,室陽一,海馬司,,7,1:40.6,41.6,2-2-3-6,7,433,8
2022/12/26,浦和,7,Ｃ２七 八,1500,ダ,左,稍重,晴,11,2,2,カンノンショウ,牡,4,56.0,454,3,今野忠,箕輪武,,8,1:40.8,42.0,1-1-1-1,4,454,3
2022/12/26,浦和,7,Ｃ２七 八,1500,ダ,左,稍重,晴,11,6,6,ラクスシャルキ,牝,3,54.0,443,4,秋元耕,酒井一,,9,1:41.0,41.6,6-7-8-9,9,443,4
2022/12/26,浦和,7,Ｃ２七 八,1500,ダ,左,稍重,晴,11,6,7,スパンブリー,牡,6,56.0,538,11,加藤和,長谷忍,,10,1:43.6,43.2,8-9-10-10,8,538,11
2022/12/26,浦和,7,Ｃ２七 八,1500,ダ,左,稍重,晴,11,5,5,フィーネ,牝,4,54.0,0,0,山崎誠,野口寛,,,,,,,0,0
2022/12/26,浦和,8,Ｃ２七 八,1400,ダ,左,稍重,晴,12,7,9,コスモルージュ,牡,3,56.0,489,4,張田昂,小澤宏,,1,1:29.7,38.8,2-1-1-1,2,489,4
2022/12/26,浦和,8,Ｃ２七 八,1400,ダ,左,稍重,晴,12,8,12,アンジュレイ,牝,3,54.0,476,-6,吉留孝,小久智,,2,1:29.7,38.7,4-3-2-2,1,476,-6
2022/12/26,浦和,8,Ｃ２七 八,1400,ダ,左,稍重,晴,12,8,11,ワンダーヘーヒスト,牡,8,56.0,477,2,橋本直,鈴木勝,,3,1:31.5,40.3,8-5-4-4,4,477,2
2022/12/26,浦和,8,Ｃ２七 八,1400,ダ,左,稍重,晴,12,1,1,ヴァンクールシチー,牡,3,56.0,430,0,半澤慶,工藤伸,,4,1:31.5,40.3,6-6-3-3,3,430,0
2022/12/26,浦和,8,Ｃ２七 八,1400,ダ,左,稍重,晴,12,2,2,アポロリップ,牝,3,54.0,518,10,秋元耕,薮口一,,5,1:32.8,40.3,7-8-9-10,11,518,10
2022/12/26,浦和,8,Ｃ２七 八,1400,ダ,左,稍重,晴,12,6,8,クレールアヴニール,牝,3,54.0,449,-3,山崎誠,野口孝,,6,1:33.0,41.8,1-2-6-6,7,449,-3
2022/12/26,浦和,8,Ｃ２七 八,1400,ダ,左,稍重,晴,12,5,6,ミスターホウジュ,牡,6,56.0,463,-2,高橋利,新井清,,7,1:33.1,40.1,11-11-10-9,5,463,-2
2022/12/26,浦和,8,Ｃ２七 八,1400,ダ,左,稍重,晴,12,3,3,ジーニーボニータ,牡,3,56.0,490,-1,福原杏,小林真,,8,1:33.3,41.8,3-4-7-7,6,490,-1
2022/12/26,浦和,8,Ｃ２七 八,1400,ダ,左,稍重,晴,12,6,7,ノースジラソーレ,牝,3,54.0,466,11,加藤和,長谷忍,,9,1:33.3,41.9,5-6-5-5,10,466,11
2022/12/26,浦和,8,Ｃ２七 八,1400,ダ,左,稍重,晴,12,4,4,プリプリクインダム,牝,7,54.0,485,3,櫻井光,海馬司,,10,1:34.2,41.0,10-10-11-11,8,485,3
2022/12/26,浦和,8,Ｃ２七 八,1400,ダ,左,稍重,晴,12,7,10,エイシンスマッシュ,牡,3,56.0,465,-10,赤津和,山越光,,11,1:34.2,41.9,9-9-8-8,9,465,-10
2022/12/26,浦和,8,Ｃ２七 八,1400,ダ,左,稍重,晴,12,5,5,ボビン,牝,6,51.0,448,-5,室陽一,内野健,,,,,,,448,-5
2022/12/26,浦和,9,農業王国ふかや賞Ｃ１五,1400,ダ,左,稍重,晴,10,7,7,ソウヤミサキ,牝,4,54.0,465,6,橋本直,岡田一,,1,1:31.1,39.3,8-8-8-7,4,465,6
2022/12/26,浦和,9,農業王国ふかや賞Ｃ１五,1400,ダ,左,稍重,晴,10,6,6,デルタラヴバレット,牡,3,56.0,459,3,今野忠,繁田健,,2,1:31.6,41.2,2-3-3-1,2,459,3
2022/12/26,浦和,9,農業王国ふかや賞Ｃ１五,1400,ダ,左,稍重,晴,10,1,1,ケラウノスカズ,牡,3,56.0,452,3,澤田龍,玉井昇,,3,1:31.7,39.1,10-10-9-9,5,452,3
2022/12/26,浦和,9,農業王国ふかや賞Ｃ１五,1400,ダ,左,稍重,晴,10,4,4,ヤマジュンヒバナ,牝,5,51.0,454,-12,室陽一,宇野博,,4,1:31.7,40.9,7-6-4-4,1,454,-12
2022/12/26,浦和,9,農業王国ふかや賞Ｃ１五,1400,ダ,左,稍重,晴,10,3,3,ウインカーマイン,牡,6,56.0,460,-1,秋元耕,川島豊,,5,1:32.0,40.8,6-7-7-5,8,460,-1
2022/12/26,浦和,9,農業王国ふかや賞Ｃ１五,1400,ダ,左,稍重,晴,10,7,8,ジュニパーダンス,牝,4,54.0,443,0,町田直,海馬司,,6,1:32.4,41.8,4-4-5-8,7,443,0
2022/12/26,浦和,9,農業王国ふかや賞Ｃ１五,1400,ダ,左,稍重,晴,10,5,5,ナイフレスト,牝,3,50.0,434,11,小林捺,藤原智,,7,1:32.5,41.6,5-5-6-6,6,434,11
2022/12/26,浦和,9,農業王国ふかや賞Ｃ１五,1400,ダ,左,稍重,晴,10,8,9,エムリエール,牡,3,56.0,464,-1,張田昂,小澤宏,,8,1:32.7,42.8,1-1-2-2,3,464,-1
2022/12/26,浦和,9,農業王国ふかや賞Ｃ１五,1400,ダ,左,稍重,晴,10,2,2,リョウイキテンカイ,牝,3,54.0,440,1,半澤慶,入口由,,9,1:32.9,40.7,9-9-10-10,9,440,1
2022/12/26,浦和,9,農業王国ふかや賞Ｃ１五,1400,ダ,左,稍重,晴,10,8,10,ユキマツリ,牡,5,56.0,479,3,見越彬,横山保,,10,1:33.0,43.1,3-2-1-3,10,479,3
2022/12/26,浦和,10,ポインセチア特別Ｃ３一,1500,ダ,左,稍重,晴,12,8,11,バローロフレイバー,牡,6,56.0,518,8,今野忠,繁田健,,1,1:39.7,41.6,2-2-2-2,1,518,8
2022/12/26,浦和,10,ポインセチア特別Ｃ３一,1500,ダ,左,稍重,晴,12,5,5,アナハ,牝,5,50.0,418,8,小林捺,川島豊,,2,1:39.8,40.9,7-7-8-8,5,418,8
2022/12/26,浦和,10,ポインセチア特別Ｃ３一,1500,ダ,左,稍重,晴,12,7,9,カイジンビリーヴ,牡,4,56.0,529,11,高橋哲,入口由,,3,1:40.1,41.4,6-6-5-5,7,529,11
2022/12/26,浦和,10,ポインセチア特別Ｃ３一,1500,ダ,左,稍重,晴,12,4,4,ラウズアップ,牡,6,56.0,434,9,藤江渉,牛房榮,,4,1:40.3,41.1,11-10-6-3,3,434,9
2022/12/26,浦和,10,ポインセチア特別Ｃ３一,1500,ダ,左,稍重,晴,12,6,8,シャイニングパール,牝,4,54.0,424,-4,加藤和,横山保,,5,1:40.4,41.2,9-7-11-9,11,424,-4
2022/12/26,浦和,10,ポインセチア特別Ｃ３一,1500,ダ,左,稍重,晴,12,1,1,ミライヘノサイン,牝,9,50.0,449,4,中島良,冨田敏,,6,1:40.5,42.2,3-3-3-4,12,449,4
2022/12/26,浦和,10,ポインセチア特別Ｃ３一,1500,ダ,左,稍重,晴,12,5,6,コウユープリティー,牝,4,54.0,454,-1,福原杏,宇野博,,7,1:40.5,41.4,8-9-9-7,2,454,-1
2022/12/26,浦和,10,ポインセチア特別Ｃ３一,1500,ダ,左,稍重,晴,12,3,3,ラッキーアモン,牡,6,56.0,512,-2,寺島憂,箕輪武,,8,1:40.5,41.8,4-4-4-6,6,512,-2
2022/12/26,浦和,10,ポインセチア特別Ｃ３一,1500,ダ,左,稍重,晴,12,8,12,キミノナハ,牝,4,52.0,469,16,野畑凌,長谷忍,,9,1:40.7,41.1,10-12-12-10,10,469,16
2022/12/26,浦和,10,ポインセチア特別Ｃ３一,1500,ダ,左,稍重,晴,12,2,2,トーセンイヴ,牝,4,51.0,428,-2,室陽一,酒井一,,10,1:40.7,41.3,12-11-10-11,9,428,-2
2022/12/26,浦和,10,ポインセチア特別Ｃ３一,1500,ダ,左,稍重,晴,12,6,7,メイショウハヤナリ,牡,6,55.0,468,-7,七夕裕,藤原智,,11,1:40.8,43.1,1-1-1-1,8,468,-7
2022/12/26,浦和,10,ポインセチア特別Ｃ３一,1500,ダ,左,稍重,晴,12,7,10,サンハンツビル,牝,6,54.0,470,1,澤田龍,川村守,,12,1:40.8,42.1,5-5-7-12,4,470,1
2022/12/26,浦和,11,春待月特別Ｂ２二Ｂ３一,1400,ダ,左,稍重,晴,10,7,8,トーセンフランク,牡,4,55.0,514,12,見越彬,小久智,,1,1:29.2,39.1,5-5-4-3,5,514,12
2022/12/26,浦和,11,春待月特別Ｂ２二Ｂ３一,1400,ダ,左,稍重,晴,10,6,6,メイストーム,牡,4,54.0,503,3,新原周,水野貴,,2,1:29.2,38.8,7-7-6-4,4,503,3
2022/12/26,浦和,11,春待月特別Ｂ２二Ｂ３一,1400,ダ,左,稍重,晴,10,3,3,タマモイットウセイ,牡,4,55.0,492,0,張田昂,小久智,,3,1:29.6,40.0,1-1-1-1,1,492,0
2022/12/26,浦和,11,春待月特別Ｂ２二Ｂ３一,1400,ダ,左,稍重,晴,10,4,4,コウユーモテモテ,牝,5,55.0,525,2,町田直,宇野博,,4,1:29.7,39.7,3-3-3-2,3,525,2
2022/12/26,浦和,11,春待月特別Ｂ２二Ｂ３一,1400,ダ,左,稍重,晴,10,1,1,グローサーベア,セ,0,55.0,499,-5,今野忠,内田勝,,5,1:30.7,40.3,8-8-7-7,8,499,-5
2022/12/26,浦和,11,春待月特別Ｂ２二Ｂ３一,1400,ダ,左,稍重,晴,10,8,9,ケイティーセキトバ,牡,7,56.0,504,12,七夕裕,岡田一,,6,1:31.0,39.0,9-9-8-8,10,504,12
2022/12/26,浦和,11,春待月特別Ｂ２二Ｂ３一,1400,ダ,左,稍重,晴,10,7,7,ツクバキセキ,牡,9,57.0,444,-5,笠野雄,矢内博,,7,1:31.0,37.8,10-10-9-9,9,444,-5
2022/12/26,浦和,11,春待月特別Ｂ２二Ｂ３一,1400,ダ,左,稍重,晴,10,2,2,シグラップリンリン,牝,7,49.0,450,5,小林捺,平山真,,8,1:31.3,41.5,2-2-2-6,7,450,5
2022/12/26,浦和,11,春待月特別Ｂ２二Ｂ３一,1400,ダ,左,稍重,晴,10,5,5,メシアン,牝,5,53.0,492,32,本橋孝,繁田健,,9,1:31.8,41.7,6-4-5-5,2,492,32
2022/12/26,浦和,11,春待月特別Ｂ２二Ｂ３一,1400,ダ,左,稍重,晴,10,8,10,ハクサンハーバー,牡,4,55.0,478,1,澤田龍,矢野義,,,,,4-6,6,478,1
2022/12/26,浦和,12,晩冬特別Ｃ１二,1500,ダ,左,稍重,晴,8,2,2,ジュンハンス,牡,3,56.0,472,8,本橋孝,小久智,,1,1:37.0,38.6,5-4-1-1,1,472,8
2022/12/26,浦和,12,晩冬特別Ｃ１二,1500,ダ,左,稍重,晴,8,5,5,スリーヴリーグ,牡,6,56.0,530,9,今野忠,野口寛,,2,1:37.9,39.2,4-5-4-3,4,530,9
2022/12/26,浦和,12,晩冬特別Ｃ１二,1500,ダ,左,稍重,晴,8,8,8,ワンダーフェンリル,牡,4,56.0,522,-1,橋本直,鈴木勝,,3,1:38.7,40.3,3-3-2-2,2,522,-1
2022/12/26,浦和,12,晩冬特別Ｃ１二,1500,ダ,左,稍重,晴,8,6,6,ピノタージュ,牝,5,54.0,451,1,見越彬,内野健,,4,1:38.7,40.2,2-2-5-5,8,451,1
2022/12/26,浦和,12,晩冬特別Ｃ１二,1500,ダ,左,稍重,晴,8,3,3,ブルベアヴェルデ,牡,6,56.0,479,-6,山崎誠,藤原智,,5,1:38.8,40.4,1-1-3-4,3,479,-6
2022/12/26,浦和,12,晩冬特別Ｃ１二,1500,ダ,左,稍重,晴,8,7,7,セイウンコチョウ,牝,3,54.0,414,3,秋元耕,冨田敏,,6,1:39.6,39.1,7-7-6-7,7,414,3
2022/12/26,浦和,12,晩冬特別Ｃ１二,1500,ダ,左,稍重,晴,8,1,1,キトゥンズルンバ,セ,0,55.0,469,5,七夕裕,水野貴,,7,1:39.7,39.2,6-6-8-8,5,469,5
2022/12/26,浦和,12,晩冬特別Ｃ１二,1500,ダ,左,稍重,晴,8,4,4,ダイバオーソ,牡,4,56.0,473,21,藤江渉,箕輪武,,8,1:39.7,39.0,8-8-7-6,6,473,21
2022/12/27,浦和,1,２歳六,1400,ダ,左,稍重,晴,9,3,3,スマイルポピー,牝,2,50.0,472,-9,小林捺,小澤宏,,1,1:34.1,40.6,4-4-4-3,2,472,-9
2022/12/27,浦和,1,２歳六,1400,ダ,左,稍重,晴,9,8,9,スターハッスル,牡,2,55.0,469,0,福原杏,小澤宏,,2,1:34.3,41.3,2-1-1-1,1,469,0
2022/12/27,浦和,1,２歳六,1400,ダ,左,稍重,晴,9,4,4,ナッツナナーヤ,牡,2,55.0,474,2,藤江渉,工藤伸,,3,1:34.5,41.3,3-3-3-2,3,474,2
2022/12/27,浦和,1,２歳六,1400,ダ,左,稍重,晴,9,8,8,メイプルマロン,牝,2,54.0,470,3,秋元耕,小林真,,4,1:34.7,40.5,6-6-7-6,5,470,3
2022/12/27,浦和,1,２歳六,1400,ダ,左,稍重,晴,9,6,6,オザリス,牝,2,54.0,462,0,張田昂,小澤宏,,5,1:34.9,41.1,5-5-6-7,7,462,0
2022/12/27,浦和,1,２歳六,1400,ダ,左,稍重,晴,9,7,7,アルヒモリノナカ,牡,2,51.0,416,-2,中島良,宇野博,,6,1:35.2,41.5,8-7-5-5,4,416,-2
2022/12/27,浦和,1,２歳六,1400,ダ,左,稍重,晴,9,2,2,ミラクルアーサー,牡,2,54.0,506,1,七夕裕,岡田一,,7,1:35.4,42.4,1-2-2-4,6,506,1
2022/12/27,浦和,1,２歳六,1400,ダ,左,稍重,晴,9,5,5,シェナレモン,牝,2,54.0,421,-4,國分祐,冨田敏,,8,1:36.5,41.8,9-8-8-8,9,421,-4
2022/12/27,浦和,1,２歳六,1400,ダ,左,稍重,晴,9,1,1,ハイボールガール,牝,2,54.0,441,6,吉留孝,箕輪武,,9,1:37.2,41.7,7-9-9-9,8,441,6
2022/12/27,浦和,2,２歳五,1400,ダ,左,稍重,晴,10,7,7,リオチャン,牡,2,55.0,487,5,山崎誠,野口孝,,1,1:32.3,39.4,3-3-2-2,2,487,5
2022/12/27,浦和,2,２歳五,1400,ダ,左,稍重,晴,10,5,5,レコルトハッピー,牡,2,55.0,460,-13,吉留孝,薮口一,,2,1:32.7,40.2,1-1-1-1,1,460,-13
2022/12/27,浦和,2,２歳五,1400,ダ,左,稍重,晴,10,8,9,クリスタルミリオン,牝,2,54.0,415,-8,赤津和,箕輪武,,3,1:33.5,40.2,5-5-5-5,7,415,-8
2022/12/27,浦和,2,２歳五,1400,ダ,左,稍重,晴,10,6,6,ソウヤ,牡,2,55.0,486,7,張田昂,山越光,,4,1:33.9,40.8,4-4-4-3,3,486,7
2022/12/27,浦和,2,２歳五,1400,ダ,左,稍重,晴,10,8,10,カルリーヌ,牝,2,50.0,483,4,中島良,野口寛,,5,1:34.3,40.4,7-8-7-7,6,483,4
2022/12/27,浦和,2,２歳五,1400,ダ,左,稍重,晴,10,3,3,ジョディユキ,牝,2,54.0,441,-4,橋本直,酒井一,,6,1:34.5,41.8,2-2-3-4,4,441,-4
2022/12/27,浦和,2,２歳五,1400,ダ,左,稍重,晴,10,7,8,ブラウンリバティ,牝,2,54.0,439,1,藤江渉,山越光,,7,1:35.3,41.8,8-7-6-6,5,439,1
2022/12/27,浦和,2,２歳五,1400,ダ,左,稍重,晴,10,2,2,カシノビジン,牝,2,54.0,405,-6,見越彬,野口寛,,8,1:37.3,42.2,9-9-9-9,9,405,-6
2022/12/27,浦和,2,２歳五,1400,ダ,左,稍重,晴,10,1,1,スタータマチャン,牝,2,54.0,492,16,半澤慶,川村守,,9,1:37.8,44.0,6-6-8-8,8,492,16
2022/12/27,浦和,2,２歳五,1400,ダ,左,稍重,晴,10,4,4,ユウユウピッコラ,牝,2,54.0,413,-9,福原杏,横山保,,,,,,,413,-9
2022/12/27,浦和,3,３歳四選抜馬イ,1400,ダ,左,稍重,晴,11,4,4,ロータスペトル,牡,3,56.0,484,9,町田直,野口寛,,1,1:31.7,39.9,4-3-3-1,1,484,9
2022/12/27,浦和,3,３歳四選抜馬イ,1400,ダ,左,稍重,晴,11,8,10,キョウエイジェリコ,牝,3,54.0,416,1,秋元耕,小澤宏,,2,1:32.4,40.0,6-6-4-4,7,416,1
2022/12/27,浦和,3,３歳四選抜馬イ,1400,ダ,左,稍重,晴,11,1,1,パトウォン,牡,3,56.0,578,-3,福原杏,水野貴,,3,1:32.5,41.0,1-1-1-2,2,578,-3
2022/12/27,浦和,3,３歳四選抜馬イ,1400,ダ,左,稍重,晴,11,7,8,グレートモンスター,牡,3,56.0,439,3,高橋哲,入口由,,4,1:32.6,41.0,2-2-2-3,4,439,3
2022/12/27,浦和,3,３歳四選抜馬イ,1400,ダ,左,稍重,晴,11,2,2,フクチャンクイーン,牝,3,54.0,442,-3,見越彬,内野健,,5,1:33.0,39.9,7-8-7-6,5,442,-3
2022/12/27,浦和,3,３歳四選抜馬イ,1400,ダ,左,稍重,晴,11,6,7,レーダーベクター,牡,3,52.0,462,-13,中島良,川村守,,6,1:33.9,40.1,11-10-9-8,8,462,-13
2022/12/27,浦和,3,３歳四選抜馬イ,1400,ダ,左,稍重,晴,11,6,6,ブライトソール,牡,3,56.0,0,0,吉留孝,薮口一,,7,1:34.4,41.8,8-7-5-5,3,0,0
2022/12/27,浦和,3,３歳四選抜馬イ,1400,ダ,左,稍重,晴,11,3,3,フラッシュサンダー,牝,3,54.0,418,11,半澤慶,藤原智,,8,1:34.8,42.0,5-5-7-7,6,418,11
2022/12/27,浦和,3,３歳四選抜馬イ,1400,ダ,左,稍重,晴,11,8,11,フィラーズ,牡,3,56.0,462,5,今野忠,海馬司,,9,1:36.5,44.2,3-4-6-9,9,462,5
2022/12/27,浦和,3,３歳四選抜馬イ,1400,ダ,左,稍重,晴,11,7,9,シェナマジック,牡,3,56.0,430,-5,加藤和,冨田敏,,10,1:36.6,42.4,10-11-11-11,11,430,-5
2022/12/27,浦和,3,３歳四選抜馬イ,1400,ダ,左,稍重,晴,11,5,5,ゴールドボード,牝,3,54.0,0,0,寺島憂,箕輪武,,11,1:36.8,43.3,9-9-10-10,10,0,0
2022/12/27,浦和,4,今日もクライマックスリレー賞Ｃ２Ｃ３選抜,800,ダ,左,稍重,晴,11,8,11,シルヴァーイーグル,牡,6,57.0,542,10,藤江渉,岡田一,,1,0:49.4,36.7,1-1,4,542,10
2022/12/27,浦和,4,今日もクライマックスリレー賞Ｃ２Ｃ３選抜,800,ダ,左,稍重,晴,11,6,7,メモリアルクイーン,牝,5,54.0,443,-9,池谷匠,小澤宏,,2,0:49.6,36.6,4-4,2,443,-9
2022/12/27,浦和,4,今日もクライマックスリレー賞Ｃ２Ｃ３選抜,800,ダ,左,稍重,晴,11,6,6,ツクバフタツボシ,牝,5,55.0,491,4,張田昂,山越光,,3,0:49.6,36.9,1-2,6,491,4
2022/12/27,浦和,4,今日もクライマックスリレー賞Ｃ２Ｃ３選抜,800,ダ,左,稍重,晴,11,8,10,キセガワ,牝,3,51.0,452,-10,小林捺,長谷忍,,4,0:49.8,36.2,6-5,3,452,-10
2022/12/27,浦和,4,今日もクライマックスリレー賞Ｃ２Ｃ３選抜,800,ダ,左,稍重,晴,11,2,2,エスポワールフレア,牝,3,55.0,448,7,寺島憂,野口孝,,5,0:50.2,37.5,3-3,7,448,7
2022/12/27,浦和,4,今日もクライマックスリレー賞Ｃ２Ｃ３選抜,800,ダ,左,稍重,晴,11,3,3,プリマリー,牝,3,55.0,446,9,町田直,水野貴,,6,0:50.2,36.2,8-7,5,446,9
2022/12/27,浦和,4,今日もクライマックスリレー賞Ｃ２Ｃ３選抜,800,ダ,左,稍重,晴,11,5,5,ピノゼン,牝,6,53.0,484,-1,山崎誠,野口孝,,7,0:50.4,37.2,5-8,1,484,-1
2022/12/27,浦和,4,今日もクライマックスリレー賞Ｃ２Ｃ３選抜,800,ダ,左,稍重,晴,11,7,9,コウエイダイチ,牡,8,52.0,478,19,室陽一,吉田正,,8,0:50.6,37.2,6-6,9,478,19
2022/12/27,浦和,4,今日もクライマックスリレー賞Ｃ２Ｃ３選抜,800,ダ,左,稍重,晴,11,7,8,レイリアン,牝,5,53.0,425,6,國分祐,冨田敏,,9,0:51.0,37.2,9-9,10,425,6
2022/12/27,浦和,4,今日もクライマックスリレー賞Ｃ２Ｃ３選抜,800,ダ,左,稍重,晴,11,4,4,アニマフレスカ,牝,5,49.0,462,2,中島良,酒井一,,10,0:51.3,37.1,10-10,8,462,2
2022/12/27,浦和,4,今日もクライマックスリレー賞Ｃ２Ｃ３選抜,800,ダ,左,稍重,晴,11,1,1,アイモンスター,牝,6,54.0,0,0,七夕裕,岡田一,,,,,,,0,0
2022/12/27,浦和,5,川越藩のお蔵米記念Ｃ２選抜馬,800,ダ,左,稍重,晴,11,8,11,アキノポエム,牝,3,54.0,467,17,福原杏,小久智,,1,0:49.0,36.3,3-2,2,467,17
2022/12/27,浦和,5,川越藩のお蔵米記念Ｃ２選抜馬,800,ダ,左,稍重,晴,11,7,8,クウェンヤ,牝,4,54.0,401,-4,町田直,工藤伸,,2,0:49.1,36.7,2-3,1,401,-4
2022/12/27,浦和,5,川越藩のお蔵米記念Ｃ２選抜馬,800,ダ,左,稍重,晴,11,3,3,モリデンタワー,牝,4,54.0,509,5,赤津和,山越光,,3,0:49.3,36.3,4-4,8,509,5
2022/12/27,浦和,5,川越藩のお蔵米記念Ｃ２選抜馬,800,ダ,左,稍重,晴,11,8,10,カラドボルグ,牡,4,56.0,508,30,岡田大,牛房榮,,4,0:49.4,37.0,1-1,4,508,30
2022/12/27,浦和,5,川越藩のお蔵米記念Ｃ２選抜馬,800,ダ,左,稍重,晴,11,1,1,オールイズトゥルー,牝,3,54.0,421,4,吉留孝,平山真,,5,0:49.4,35.9,8-6,5,421,4
2022/12/27,浦和,5,川越藩のお蔵米記念Ｃ２選抜馬,800,ダ,左,稍重,晴,11,6,6,カシノリカバリー,牝,3,54.0,470,-8,見越彬,野口寛,,6,0:49.7,35.9,10-8,3,470,-8
2022/12/27,浦和,5,川越藩のお蔵米記念Ｃ２選抜馬,800,ダ,左,稍重,晴,11,4,4,ファンファン,牡,5,56.0,466,8,寺島憂,箕輪武,,7,0:49.9,36.5,6-7,11,466,8
2022/12/27,浦和,5,川越藩のお蔵米記念Ｃ２選抜馬,800,ダ,左,稍重,晴,11,2,2,レコパントモチャン,牝,4,54.0,532,6,内田利,岡田一,,8,0:49.9,36.6,5-5,9,532,6
2022/12/27,浦和,5,川越藩のお蔵米記念Ｃ２選抜馬,800,ダ,左,稍重,晴,11,5,5,ニシノイルマーレ,牝,4,54.0,495,2,國分祐,冨田敏,,9,0:50.3,36.7,9-9,7,495,2
2022/12/27,浦和,5,川越藩のお蔵米記念Ｃ２選抜馬,800,ダ,左,稍重,晴,11,6,7,カゲカツ,牡,8,56.0,519,-10,橋本直,長谷忍,,10,0:50.8,37.4,7-10,6,519,-10
2022/12/27,浦和,5,川越藩のお蔵米記念Ｃ２選抜馬,800,ダ,左,稍重,晴,11,7,9,フィシェ,牝,4,51.0,456,4,室陽一,酒井一,,11,0:50.9,37.5,11-11,10,456,4
2022/12/27,浦和,6,ランチタイムチャレンジ３歳四選抜馬ア,1400,ダ,左,稍重,晴,8,6,6,ジュンツバサニセイ,牡,3,56.0,455,8,篠谷葵,山越光,,1,1:32.1,38.6,6-5-4-2,1,455,8
2022/12/27,浦和,6,ランチタイムチャレンジ３歳四選抜馬ア,1400,ダ,左,稍重,晴,8,8,8,ゲットデザイアー,牝,3,54.0,459,5,藤江渉,箕輪武,,2,1:32.2,39.1,2-2-1-1,5,459,5
2022/12/27,浦和,6,ランチタイムチャレンジ３歳四選抜馬ア,1400,ダ,左,稍重,晴,8,1,1,ウイングラドナス,牡,3,53.0,458,3,室陽一,内野健,,3,1:32.9,39.4,5-4-5-5,3,458,3
2022/12/27,浦和,6,ランチタイムチャレンジ３歳四選抜馬ア,1400,ダ,左,稍重,晴,8,3,3,オースピシャス,牝,3,54.0,466,18,福原杏,横山保,,4,1:33.2,39.9,3-3-3-3,2,466,18
2022/12/27,浦和,6,ランチタイムチャレンジ３歳四選抜馬ア,1400,ダ,左,稍重,晴,8,4,4,コスモマナ,牡,3,56.0,448,-3,張田昂,工藤伸,,5,1:34.0,40.2,7-7-7-7,4,448,-3
2022/12/27,浦和,6,ランチタイムチャレンジ３歳四選抜馬ア,1400,ダ,左,稍重,晴,8,7,7,ボンバーキャット,牡,3,56.0,485,11,見越彬,長谷忍,,6,1:34.1,41.0,1-1-2-4,8,485,11
2022/12/27,浦和,6,ランチタイムチャレンジ３歳四選抜馬ア,1400,ダ,左,稍重,晴,8,2,2,トゥルーブルー,牡,3,56.0,444,1,秋元耕,牛房榮,,7,1:35.0,41.5,4-6-6-6,6,444,1
2022/12/27,浦和,6,ランチタイムチャレンジ３歳四選抜馬ア,1400,ダ,左,稍重,晴,8,5,5,メイショウコウヨウ,牝,3,54.0,446,-5,高橋哲,川村守,,8,1:35.8,42.0,8-8-8-8,7,446,-5
2022/12/27,浦和,7,クライマックスリレーｉｎ浦和賞Ｃ３三,1500,ダ,左,稍重,晴,12,7,9,エスコーバタハト,牡,6,56.0,514,6,寺島憂,内野健,,1,1:40.6,41.4,3-3-1-1,1,514,6
2022/12/27,浦和,7,クライマックスリレーｉｎ浦和賞Ｃ３三,1500,ダ,左,稍重,晴,12,8,12,サンライズテソロ,牡,4,52.0,455,2,中島良,川島豊,,2,1:41.3,40.9,7-7-5-5,4,455,2
2022/12/27,浦和,7,クライマックスリレーｉｎ浦和賞Ｃ３三,1500,ダ,左,稍重,晴,12,5,6,トーセンケイト,牝,4,54.0,485,6,藤江渉,川村守,,3,1:41.8,42.6,2-2-3-4,8,485,6
2022/12/27,浦和,7,クライマックスリレーｉｎ浦和賞Ｃ３三,1500,ダ,左,稍重,晴,12,8,11,ビッグバンカズ,牡,9,52.0,489,1,小林捺,阿井正,,4,1:41.8,42.5,4-4-4-3,5,489,1
2022/12/27,浦和,7,クライマックスリレーｉｎ浦和賞Ｃ３三,1500,ダ,左,稍重,晴,12,6,7,ノーブルハート,牝,4,54.0,560,31,加藤和,吉田正,,5,1:41.9,41.3,6-6-7-7,7,560,31
2022/12/27,浦和,7,クライマックスリレーｉｎ浦和賞Ｃ３三,1500,ダ,左,稍重,晴,12,5,5,ニシノマリアージュ,牝,6,54.0,414,4,岡田大,冨田敏,,6,1:41.9,40.9,8-8-9-9,10,414,4
2022/12/27,浦和,7,クライマックスリレーｉｎ浦和賞Ｃ３三,1500,ダ,左,稍重,晴,12,4,4,ガッサンノリュウ,牡,6,56.0,428,-1,澤田龍,矢野義,,7,1:42.0,40.0,12-12-11-10,3,428,-1
2022/12/27,浦和,7,クライマックスリレーｉｎ浦和賞Ｃ３三,1500,ダ,左,稍重,晴,12,7,10,ファーマスター,牝,4,54.0,442,9,福原杏,川村守,,8,1:42.3,40.9,10-10-10-11,9,442,9
2022/12/27,浦和,7,クライマックスリレーｉｎ浦和賞Ｃ３三,1500,ダ,左,稍重,晴,12,2,2,ローズオブセイコー,牝,5,54.0,397,-31,吉留孝,薮口一,,9,1:42.4,40.4,11-11-12-12,11,397,-31
2022/12/27,浦和,7,クライマックスリレーｉｎ浦和賞Ｃ３三,1500,ダ,左,稍重,晴,12,3,3,ユメノハジマリ,牝,6,51.0,478,2,室陽一,水野貴,,10,1:42.7,43.5,1-1-2-2,2,478,2
2022/12/27,浦和,7,クライマックスリレーｉｎ浦和賞Ｃ３三,1500,ダ,左,稍重,晴,12,6,8,キタマクフィー,牝,4,53.0,449,9,七夕裕,鹿沼和,,11,1:42.7,41.8,9-9-8-8,6,449,9
2022/12/27,浦和,7,クライマックスリレーｉｎ浦和賞Ｃ３三,1500,ダ,左,稍重,晴,12,1,1,ゴールドスペンサー,牡,4,56.0,492,6,秋元耕,吉田正,,12,1:42.9,42.8,5-5-6-6,12,492,6
2022/12/27,浦和,8,深谷『渋沢栄一』賞Ｃ１六,1500,ダ,左,稍重,晴,10,7,7,キャンビー,牡,4,56.0,518,8,山崎誠,野口寛,,1,1:38.4,40.5,3-3-1-1,1,518,8
2022/12/27,浦和,8,深谷『渋沢栄一』賞Ｃ１六,1500,ダ,左,稍重,晴,10,4,4,ケイアイマボラ,牡,5,56.0,461,-9,吉留孝,横山保,,2,1:38.9,39.7,9-9-8-5,6,461,-9
2022/12/27,浦和,8,深谷『渋沢栄一』賞Ｃ１六,1500,ダ,左,稍重,晴,10,8,10,カシノペルル,牡,3,56.0,518,10,寺島憂,鹿沼和,,3,1:39.1,40.1,8-8-7-4,7,518,10
2022/12/27,浦和,8,深谷『渋沢栄一』賞Ｃ１六,1500,ダ,左,稍重,晴,10,7,8,パラダイスアレイ,牡,4,56.0,475,6,張田昂,小澤宏,,4,1:39.2,40.9,5-5-3-3,2,475,6
2022/12/27,浦和,8,深谷『渋沢栄一』賞Ｃ１六,1500,ダ,左,稍重,晴,10,6,6,ノブオートーケン,牡,3,56.0,448,-4,山本紀,山本学,,5,1:39.7,39.7,10-10-10-10,9,448,-4
2022/12/27,浦和,8,深谷『渋沢栄一』賞Ｃ１六,1500,ダ,左,稍重,晴,10,3,3,ピオレドール,牡,7,56.0,481,-3,福原杏,横山保,,6,1:40.1,42.2,2-1-2-2,4,481,-3
2022/12/27,浦和,8,深谷『渋沢栄一』賞Ｃ１六,1500,ダ,左,稍重,晴,10,5,5,アルマラウラ,牝,3,54.0,447,-10,町田直,海馬司,,7,1:40.3,42.1,4-4-4-6,8,447,-10
2022/12/27,浦和,8,深谷『渋沢栄一』賞Ｃ１六,1500,ダ,左,稍重,晴,10,1,1,アーバンブラック,牡,7,55.0,461,-4,七夕裕,平山真,,8,1:40.5,41.3,7-7-9-9,3,461,-4
2022/12/27,浦和,8,深谷『渋沢栄一』賞Ｃ１六,1500,ダ,左,稍重,晴,10,8,9,サフランポケット,牡,4,56.0,489,7,藤江渉,平山真,,9,1:40.8,42.3,6-6-5-8,5,489,7
2022/12/27,浦和,8,深谷『渋沢栄一』賞Ｃ１六,1500,ダ,左,稍重,晴,10,2,2,ホワイトスズラン,牝,3,54.0,429,-1,赤津和,山越光,,10,1:41.7,43.4,1-2-6-7,10,429,-1
2022/12/27,浦和,9,ノースポール特別Ｃ２一,1500,ダ,左,稍重,晴,12,4,4,ミラクルランバック,牡,3,53.0,520,4,室陽一,藤原智,,1,1:37.8,40.5,1-1-1-1,1,520,4
2022/12/27,浦和,9,ノースポール特別Ｃ２一,1500,ダ,左,稍重,晴,12,5,5,アマゴ,牝,3,54.0,444,4,今野忠,箕輪武,,2,1:38.3,40.2,4-3-3-2,4,444,4
2022/12/27,浦和,9,ノースポール特別Ｃ２一,1500,ダ,左,稍重,晴,12,8,11,バトルオサンナ,牝,8,54.0,457,7,高橋哲,入口由,,3,1:39.2,40.0,9-9-7-5,10,457,7
2022/12/27,浦和,9,ノースポール特別Ｃ２一,1500,ダ,左,稍重,晴,12,8,12,シャトン,牝,5,53.0,472,-2,池谷匠,林隆之,,4,1:39.2,40.6,5-5-5-4,6,472,-2
2022/12/27,浦和,9,ノースポール特別Ｃ２一,1500,ダ,左,稍重,晴,12,6,7,ベイビーアッシュ,牡,4,56.0,543,6,張田昂,小澤宏,,5,1:39.4,41.2,3-4-4-3,3,543,6
2022/12/27,浦和,9,ノースポール特別Ｃ２一,1500,ダ,左,稍重,晴,12,1,1,ベローナカグラ,牝,3,54.0,486,10,町田直,水野貴,,6,1:39.5,39.0,12-12-11-9,2,486,10
2022/12/27,浦和,9,ノースポール特別Ｃ２一,1500,ダ,左,稍重,晴,12,7,10,ゲンパチカガヤキ,牡,7,56.0,496,3,秋元耕,小澤宏,,7,1:39.7,40.3,11-10-8-6,7,496,3
2022/12/27,浦和,9,ノースポール特別Ｃ２一,1500,ダ,左,稍重,晴,12,7,9,ミーティアカフェ,牝,4,54.0,485,5,内田利,箕輪武,,8,1:40.1,40.9,7-8-9-6,9,485,5
2022/12/27,浦和,9,ノースポール特別Ｃ２一,1500,ダ,左,稍重,晴,12,6,8,シュティル,牡,3,56.0,478,5,山口達,山越光,,9,1:40.3,41.5,8-6-6-6,11,478,5
2022/12/27,浦和,9,ノースポール特別Ｃ２一,1500,ダ,左,稍重,晴,12,3,3,サマーデライト,牝,3,54.0,426,2,岡田大,牛房榮,,10,1:41.3,42.1,6-7-10-11,12,426,2
2022/12/27,浦和,9,ノースポール特別Ｃ２一,1500,ダ,左,稍重,晴,12,5,6,リワードタイフォン,牡,3,56.0,480,-8,半澤慶,宇野博,,11,1:41.7,41.8,10-11-12-12,8,480,-8
2022/12/27,浦和,9,ノースポール特別Ｃ２一,1500,ダ,左,稍重,晴,12,2,2,クールリフレイン,牡,7,56.0,525,-2,川島正,新井清,,12,1:41.9,44.2,2-2-2-10,5,525,-2
2022/12/27,浦和,10,山羊座特別Ｃ１一,1400,ダ,左,良,晴,9,2,2,ニシノアクシス,牡,5,56.0,498,2,岡田大,冨田敏,,1,1:30.4,38.6,6-5-5-4,6,498,2
2022/12/27,浦和,10,山羊座特別Ｃ１一,1400,ダ,左,良,晴,9,8,9,ワンダークラドート,牡,5,56.0,482,6,橋本直,鈴木勝,,1,1:30.4,39.1,4-4-4-1,4,482,6
2022/12/27,浦和,10,山羊座特別Ｃ１一,1400,ダ,左,良,晴,9,4,4,フロネシス,牝,3,54.0,449,1,笠野雄,山下之,,3,1:30.7,39.6,2-2-2-2,3,449,1
2022/12/27,浦和,10,山羊座特別Ｃ１一,1400,ダ,左,良,晴,9,6,6,リュウノアン,牝,3,54.0,455,-8,山崎誠,川村守,,4,1:30.9,38.8,5-6-8-7,2,455,-8
2022/12/27,浦和,10,山羊座特別Ｃ１一,1400,ダ,左,良,晴,9,1,1,キョウエイシャイン,牝,3,54.0,459,-4,秋元耕,小澤宏,,5,1:31.1,39.2,9-9-6-6,5,459,-4
2022/12/27,浦和,10,山羊座特別Ｃ１一,1400,ダ,左,良,晴,9,3,3,タキチャンゴー,牝,3,54.0,478,-3,張田昂,小久智,,6,1:31.5,40.4,1-1-1-2,1,478,-3
2022/12/27,浦和,10,山羊座特別Ｃ１一,1400,ダ,左,良,晴,9,7,7,ハリーオンダウン,牝,3,51.0,437,1,室陽一,小澤宏,,7,1:32.1,41.0,3-3-3-5,7,437,1
2022/12/27,浦和,10,山羊座特別Ｃ１一,1400,ダ,左,良,晴,9,5,5,フーラリ,牡,4,56.0,473,5,見越彬,藤原智,,8,1:32.9,40.8,8-7-7-8,8,473,5
2022/12/27,浦和,10,山羊座特別Ｃ１一,1400,ダ,左,良,晴,9,8,8,シャローナ,牝,3,51.0,427,-3,木間龍,薮口一,,9,1:33.4,41.3,7-8-9-9,9,427,-3
2022/12/27,浦和,11,暮来月特別Ｂ２一,1500,ダ,左,良,晴,8,7,7,ジョーイルガチフェ,牡,4,56.0,527,-4,本橋孝,小久智,,1,1:36.3,39.2,3-3-1-1,1,527,-4
2022/12/27,浦和,11,暮来月特別Ｂ２一,1500,ダ,左,良,晴,8,5,5,リンクスショウ,牡,4,56.0,490,-3,澤田龍,渡邊貴,,2,1:36.4,39.1,7-7-2-1,2,490,-3
2022/12/27,浦和,11,暮来月特別Ｂ２一,1500,ダ,左,良,晴,8,8,8,ハクサンホーリー,牝,5,51.0,417,-2,木間龍,森　始,,3,1:37.0,39.7,4-6-4-3,6,417,-2
2022/12/27,浦和,11,暮来月特別Ｂ２一,1500,ダ,左,良,晴,8,4,4,ソフィアバローズ,牝,5,54.0,447,0,加藤和,川島豊,,4,1:37.6,40.3,5-5-7-5,4,447,0
2022/12/27,浦和,11,暮来月特別Ｂ２一,1500,ダ,左,良,晴,8,1,1,クマサンニデアッタ,牝,4,54.0,482,5,半澤慶,宇野博,,5,1:37.9,40.4,8-8-5-6,5,482,5
2022/12/27,浦和,11,暮来月特別Ｂ２一,1500,ダ,左,良,晴,8,3,3,コウユーラヴラヴ,牝,4,54.0,510,14,町田直,宇野博,,6,1:38.1,41.0,1-1-3-4,3,510,14
2022/12/27,浦和,11,暮来月特別Ｂ２一,1500,ダ,左,良,晴,8,6,6,カミノアカネ,牝,5,53.0,466,1,七夕裕,岡田一,,7,1:38.8,41.7,2-2-6-7,7,466,1
2022/12/27,浦和,11,暮来月特別Ｂ２一,1500,ダ,左,良,晴,8,2,2,ヨドノオーシャン,牡,6,56.0,457,9,福原杏,平山真,,8,1:39.2,41.7,6-4-8-8,8,457,9
2022/12/27,浦和,12,ファイナルドリーム特別Ｂ３二,1500,ダ,左,良,晴,10,3,3,デクスター,セ,0,56.0,468,-10,山崎誠,水野貴,,1,1:37.6,39.2,3-3-2-1,1,468,-10
2022/12/27,浦和,12,ファイナルドリーム特別Ｂ３二,1500,ダ,左,良,晴,10,7,7,サニークラウド,牡,6,56.0,515,4,半澤慶,宇野博,,2,1:38.1,39.3,4-6-5-4,6,515,4
2022/12/27,浦和,12,ファイナルドリーム特別Ｂ３二,1500,ダ,左,良,晴,10,6,6,マルルットゥ,牝,3,54.0,447,-1,笠野雄,水野貴,,3,1:38.5,40.2,2-2-1-2,9,447,-1
2022/12/27,浦和,12,ファイナルドリーム特別Ｂ３二,1500,ダ,左,良,晴,10,1,1,ロッティミニスター,牡,4,56.0,520,10,本橋孝,小久智,,4,1:38.5,39.9,5-4-4-3,3,520,10
2022/12/27,浦和,12,ファイナルドリーム特別Ｂ３二,1500,ダ,左,良,晴,10,8,10,マナーザマジック,牡,5,56.0,455,-4,町田直,野口孝,,5,1:38.6,39.6,6-7-7-8,7,455,-4
2022/12/27,浦和,12,ファイナルドリーム特別Ｂ３二,1500,ダ,左,良,晴,10,7,8,アイエンジェル,牝,5,55.0,490,-1,七夕裕,岡田一,,6,1:38.6,39.1,8-9-9-9,5,490,-1
2022/12/27,浦和,12,ファイナルドリーム特別Ｂ３二,1500,ダ,左,良,晴,10,4,4,バイザウェイ,牡,3,56.0,473,-1,山口達,林正人,,7,1:38.6,39.4,9-8-8-7,4,473,-1
2022/12/27,浦和,12,ファイナルドリーム特別Ｂ３二,1500,ダ,左,良,晴,10,2,2,ロッソアモーレ,牝,5,54.0,476,2,國分祐,冨田敏,,8,1:38.6,39.8,7-5-6-6,8,476,2
2022/12/27,浦和,12,ファイナルドリーム特別Ｂ３二,1500,ダ,左,良,晴,10,8,9,ダブルラッキー,牡,3,56.0,472,-3,橋本直,小久智,,9,1:39.4,41.1,1-1-3-5,2,472,-3
2022/12/27,浦和,12,ファイナルドリーム特別Ｂ３二,1500,ダ,左,良,晴,10,5,5,ナムラタイガー,牡,5,56.0,561,8,寺島憂,箕輪武,,,,,,,561,8
