race_date,venue,race_no,race_name,distance,surface,direction,track_cond,weather,field_size,waku,horse_no,horse_name,sex,age,weight_carried,horse_weight,weight_change,jockey,trainer,win_odds,finish_position,finish_time,last_3f,passage_rate,popularity,result_weight,result_weight_change
2023/01/10,浦和,1,２０２３　浦和開幕福始め賞３歳二,1400,ダ,左,良,晴,10,4,4,ブルグミューラー,牡,3,56.0,466,-4,笹川翼,小久智,,1,1:32.4,39.5,1-1-1-1,1,466,-4
2023/01/10,浦和,1,２０２３　浦和開幕福始め賞３歳二,1400,ダ,左,良,晴,10,7,8,リバースイート,牝,3,54.0,430,-3,山本紀,齊藤敏,,2,1:32.6,39.7,3-3-2-2,2,430,-3
2023/01/10,浦和,1,２０２３　浦和開幕福始め賞３歳二,1400,ダ,左,良,晴,10,8,9,スマイルマハロ,牡,3,56.0,486,-7,秋元耕,宇野博,,3,1:34.2,41.3,4-6-4-3,8,486,-7
2023/01/10,浦和,1,２０２３　浦和開幕福始め賞３歳二,1400,ダ,左,良,晴,10,5,5,リオチャン,牡,3,56.0,479,-8,達城龍,野口孝,,4,1:34.3,40.3,9-10-9-8,5,479,-8
2023/01/10,浦和,1,２０２３　浦和開幕福始め賞３歳二,1400,ダ,左,良,晴,10,3,3,ワールドバトル,牡,3,56.0,493,7,町田直,海馬司,,5,1:34.5,41.4,6-4-6-5,7,493,7
2023/01/10,浦和,1,２０２３　浦和開幕福始め賞３歳二,1400,ダ,左,良,晴,10,7,7,アイゴールド,牝,3,53.0,473,1,新原周,岡田一,,6,1:35.2,42.3,2-2-3-4,6,473,1
2023/01/10,浦和,1,２０２３　浦和開幕福始め賞３歳二,1400,ダ,左,良,晴,10,6,6,エマーブルクラス,牝,3,54.0,448,3,高橋哲,薮口一,,7,1:35.4,42.5,10-9-5-6,9,448,3
2023/01/10,浦和,1,２０２３　浦和開幕福始め賞３歳二,1400,ダ,左,良,晴,10,2,2,シナノフローレンス,牝,3,53.0,393,-3,七夕裕,岡田一,,8,1:35.8,42.7,5-5-7-7,4,393,-3
2023/01/10,浦和,1,２０２３　浦和開幕福始め賞３歳二,1400,ダ,左,良,晴,10,1,1,プリンスオーソ,牡,3,56.0,450,0,加藤和,長谷忍,,9,1:36.5,43.2,8-7-8-9,10,450,0
2023/01/10,浦和,1,２０２３　浦和開幕福始め賞３歳二,1400,ダ,左,良,晴,10,8,10,アイトアーサー,牡,3,56.0,472,0,福原杏,水野貴,,10,1:41.2,47.4,7-8-10-10,3,472,0
2023/01/10,浦和,2,Ｃ３五 六 七,1400,ダ,左,良,晴,12,4,4,ロッカーモーション,牝,7,54.0,497,-1,橋本直,内野健,,1,1:33.7,40.5,12-11-6-2,1,497,-1
2023/01/10,浦和,2,Ｃ３五 六 七,1400,ダ,左,良,晴,12,8,12,ニシノサトル,牡,7,56.0,491,-2,内田利,吉田正,,2,1:34.1,42.2,4-3-3-1,8,491,-2
2023/01/10,浦和,2,Ｃ３五 六 七,1400,ダ,左,良,晴,12,8,11,ニシノマリアージュ,牝,7,54.0,416,2,岡田大,冨田敏,,3,1:34.4,42.5,2-2-1-3,6,416,2
2023/01/10,浦和,2,Ｃ３五 六 七,1400,ダ,左,良,晴,12,6,8,トキノカサドール,牡,8,56.0,465,-3,見越彬,横山保,,4,1:34.6,42.1,7-6-4-5,9,465,-3
2023/01/10,浦和,2,Ｃ３五 六 七,1400,ダ,左,良,晴,12,1,1,アールレアル,セ,0,56.0,449,6,山中悠,川村守,,5,1:34.8,41.8,9-9-8-7,10,449,6
2023/01/10,浦和,2,Ｃ３五 六 七,1400,ダ,左,良,晴,12,2,2,ダイバキャッツアイ,牝,6,54.0,474,4,赤津和,箕輪武,,6,1:35.0,41.8,8-8-10-8,7,474,4
2023/01/10,浦和,2,Ｃ３五 六 七,1400,ダ,左,良,晴,12,6,7,リュウキタイヨウ,セ,0,52.0,437,-1,中島良,玉井等,,7,1:35.7,42.8,6-7-5-6,4,437,-1
2023/01/10,浦和,2,Ｃ３五 六 七,1400,ダ,左,良,晴,12,7,9,ユメノハジマリ,牝,7,50.0,473,-5,小林捺,水野貴,,8,1:36.2,44.3,1-1-1-4,2,473,-5
2023/01/10,浦和,2,Ｃ３五 六 七,1400,ダ,左,良,晴,12,7,10,パレスギガント,牡,7,55.0,484,-1,七夕裕,長谷忍,,9,1:36.5,42.9,11-10-11-9,5,484,-1
2023/01/10,浦和,2,Ｃ３五 六 七,1400,ダ,左,良,晴,12,5,5,ネオエンジェル,牝,7,54.0,453,6,國分祐,冨田敏,,10,1:36.7,42.7,10-12-12-11,11,453,6
2023/01/10,浦和,2,Ｃ３五 六 七,1400,ダ,左,良,晴,12,3,3,ツーエムポラリス,牡,8,56.0,477,2,半澤慶,鈴木勝,,11,1:37.4,44.5,5-5-9-10,12,477,2
2023/01/10,浦和,2,Ｃ３五 六 七,1400,ダ,左,良,晴,12,5,6,ゴーオンザステージ,牝,8,54.0,440,15,張田昂,平山真,,12,1:39.7,47.0,3-4-7-12,3,440,15
2023/01/10,浦和,3,Ｃ３五 六 七,1400,ダ,左,良,晴,12,5,5,ラブリーギャル,牝,7,54.0,503,2,見越彬,海馬司,,1,1:32.2,40.0,5-5-3-1,1,503,2
2023/01/10,浦和,3,Ｃ３五 六 七,1400,ダ,左,良,晴,12,2,2,ハーモニージョーイ,牡,6,56.0,470,-6,笹川翼,新井清,,2,1:32.2,39.9,3-4-4-3,5,470,-6
2023/01/10,浦和,3,Ｃ３五 六 七,1400,ダ,左,良,晴,12,6,8,ビアンカグリーン,牡,8,56.0,487,-3,森泰斗,酒井一,,3,1:32.5,40.4,4-3-1-2,3,487,-3
2023/01/10,浦和,3,Ｃ３五 六 七,1400,ダ,左,良,晴,12,7,9,ラウズアップ,牡,7,56.0,429,-5,藤江渉,牛房榮,,4,1:33.6,40.3,11-10-6-4,6,429,-5
2023/01/10,浦和,3,Ｃ３五 六 七,1400,ダ,左,良,晴,12,6,7,オールドボンバー,牡,7,56.0,485,-2,加藤和,横山保,,5,1:34.0,41.9,2-2-2-5,4,485,-2
2023/01/10,浦和,3,Ｃ３五 六 七,1400,ダ,左,良,晴,12,7,10,ナツィオナーレ,牝,8,50.0,461,20,中島良,野口孝,,6,1:34.1,40.8,9-9-9-7,8,461,20
2023/01/10,浦和,3,Ｃ３五 六 七,1400,ダ,左,良,晴,12,1,1,スマイルジーニアス,セ,0,56.0,513,0,福原杏,鹿沼和,,7,1:34.5,41.6,7-7-7-6,2,513,0
2023/01/10,浦和,3,Ｃ３五 六 七,1400,ダ,左,良,晴,12,3,3,アミン,牝,6,54.0,474,1,岡田大,冨田敏,,8,1:34.6,41.0,7-8-10-9,10,474,1
2023/01/10,浦和,3,Ｃ３五 六 七,1400,ダ,左,良,晴,12,8,11,ラッキーアモン,牡,7,56.0,522,10,寺島憂,箕輪武,,9,1:35.2,41.1,10-11-11-11,9,522,10
2023/01/10,浦和,3,Ｃ３五 六 七,1400,ダ,左,良,晴,12,8,12,ゴールドスペンサー,牡,5,56.0,482,-10,秋元耕,吉田正,,10,1:35.2,42.1,6-6-8-8,11,482,-10
2023/01/10,浦和,3,Ｃ３五 六 七,1400,ダ,左,良,晴,12,5,6,メイショウハヤナリ,牡,7,55.0,473,5,七夕裕,藤原智,,11,1:35.9,43.6,1-1-5-10,7,473,5
2023/01/10,浦和,3,Ｃ３五 六 七,1400,ダ,左,良,晴,12,4,4,ローズオブセイコー,牝,6,54.0,401,4,高橋哲,薮口一,,,,,,,401,4
2023/01/10,浦和,4,特選Ｃ３ ４歳ア,1500,ダ,左,良,晴,11,4,4,カリグラフィー,牝,4,54.0,462,-3,橋本直,入口由,,1,1:41.4,39.9,4-4-3-2,1,462,-3
2023/01/10,浦和,4,特選Ｃ３ ４歳ア,1500,ダ,左,良,晴,11,2,2,ビーマジカル,牝,4,53.0,449,7,新原周,野口孝,,2,1:41.6,40.3,1-1-2-3,4,449,7
2023/01/10,浦和,4,特選Ｃ３ ４歳ア,1500,ダ,左,良,晴,11,6,6,エイシンブレナム,牝,4,54.0,438,-5,岡村健,酒井一,,3,1:42.0,40.7,2-2-1-1,7,438,-5
2023/01/10,浦和,4,特選Ｃ３ ４歳ア,1500,ダ,左,良,晴,11,7,9,コスモヴェレッド,牡,4,56.0,454,-3,福原杏,山越光,,4,1:42.0,40.3,9-7-8-5,8,454,-3
2023/01/10,浦和,4,特選Ｃ３ ４歳ア,1500,ダ,左,良,晴,11,8,10,エスケイローレンス,牝,4,54.0,443,-3,加藤和,冨田敏,,5,1:42.1,40.7,3-3-3-4,6,443,-3
2023/01/10,浦和,4,特選Ｃ３ ４歳ア,1500,ダ,左,良,晴,11,7,8,アトラクティッド,牝,4,52.0,429,-1,野畑凌,工藤伸,,6,1:42.3,40.8,8-9-6-6,5,429,-1
2023/01/10,浦和,4,特選Ｃ３ ４歳ア,1500,ダ,左,良,晴,11,6,7,シェナノララ,牝,4,54.0,428,2,國分祐,冨田敏,,7,1:42.7,41.0,7-8-9-8,11,428,2
2023/01/10,浦和,4,特選Ｃ３ ４歳ア,1500,ダ,左,良,晴,11,8,11,サヨノミニスター,牡,4,56.0,441,-3,増田充,工藤伸,,8,1:43.2,41.7,6-6-5-7,3,441,-3
2023/01/10,浦和,4,特選Ｃ３ ４歳ア,1500,ダ,左,良,晴,11,3,3,ヤクライローズ,牝,4,53.0,440,1,古岡勇,鹿沼和,,9,1:43.4,41.3,11-10-10-10,10,440,1
2023/01/10,浦和,4,特選Ｃ３ ４歳ア,1500,ダ,左,良,晴,11,5,5,コロッケ,セ,0,56.0,467,-16,岡田大,薮口一,,10,1:43.5,42.0,5-5-7-9,2,467,-16
2023/01/10,浦和,4,特選Ｃ３ ４歳ア,1500,ダ,左,良,晴,11,1,1,ユウユウルーチェ,牝,4,54.0,424,-3,赤津和,川村守,,11,1:47.5,44.8,10-11-11-11,9,424,-3
2023/01/10,浦和,5,Ｃ３五 六 七,1500,ダ,左,良,晴,12,6,8,エスコーバタハト,牡,7,56.0,509,-5,秋元耕,内野健,,1,1:40.7,40.8,6-5-3-3,1,509,-5
2023/01/10,浦和,5,Ｃ３五 六 七,1500,ダ,左,良,晴,12,8,12,パーティーアニマル,牡,7,56.0,466,2,高橋哲,牛房榮,,2,1:40.7,41.1,3-3-2-1,7,466,2
2023/01/10,浦和,5,Ｃ３五 六 七,1500,ダ,左,良,晴,12,6,7,サンハンツビル,牝,7,54.0,464,-6,福原杏,鈴木勝,,3,1:40.8,40.4,8-7-5-4,2,464,-6
2023/01/10,浦和,5,Ｃ３五 六 七,1500,ダ,左,良,晴,12,8,11,ビーストファング,牡,6,56.0,504,6,澤田龍,玉井昇,,4,1:41.4,41.8,2-2-1-2,3,504,6
2023/01/10,浦和,5,Ｃ３五 六 七,1500,ダ,左,良,晴,12,3,3,サノチナ,牝,6,53.0,418,-6,七夕裕,川島豊,,5,1:42.1,41.5,10-10-8-6,5,418,-6
2023/01/10,浦和,5,Ｃ３五 六 七,1500,ダ,左,良,晴,12,4,4,アニマフレスカ,牝,6,50.0,460,-2,中島良,酒井一,,6,1:42.5,41.7,9-9-10-8,10,460,-2
2023/01/10,浦和,5,Ｃ３五 六 七,1500,ダ,左,良,晴,12,7,10,アルコンシチー,牡,6,56.0,471,6,赤津和,箕輪武,,7,1:42.8,42.2,11-11-7-7,4,471,6
2023/01/10,浦和,5,Ｃ３五 六 七,1500,ダ,左,良,晴,12,7,9,ハクサンバレー,牝,6,54.0,445,13,岡田大,薮口一,,8,1:43.1,43.2,7-6-4-5,9,445,13
2023/01/10,浦和,5,Ｃ３五 六 七,1500,ダ,左,良,晴,12,5,5,アベノカイシンゲキ,牡,5,56.0,483,5,見越彬,小林真,,9,1:44.3,42.7,12-12-12-11,12,483,5
2023/01/10,浦和,5,Ｃ３五 六 七,1500,ダ,左,良,晴,12,2,2,コンディトラム,牡,6,56.0,501,2,橋本直,川村守,,10,1:44.7,44.8,1-1-6-10,8,501,2
2023/01/10,浦和,5,Ｃ３五 六 七,1500,ダ,左,良,晴,12,1,1,コウエイダイチ,牡,9,56.0,473,-5,内田利,吉田正,,11,1:44.9,44.5,4-4-9-9,11,473,-5
2023/01/10,浦和,5,Ｃ３五 六 七,1500,ダ,左,良,晴,12,5,6,マロンシャンティ,牝,5,50.0,471,0,小林捺,宇野博,,12,1:44.9,44.1,5-8-11-12,6,471,0
2023/01/10,浦和,6,ランチタイムチャレンジＣ２二 三,1500,ダ,左,良,晴,12,5,5,スリーヴリーグ,牡,7,56.0,529,-1,和田譲,野口寛,,1,1:38.5,40.4,6-5-4-2,3,529,-1
2023/01/10,浦和,6,ランチタイムチャレンジＣ２二 三,1500,ダ,左,良,晴,12,6,7,コスモルージュ,牡,4,56.0,487,-2,張田昂,小澤宏,,2,1:38.5,41.0,4-3-2-1,1,487,-2
2023/01/10,浦和,6,ランチタイムチャレンジＣ２二 三,1500,ダ,左,良,晴,12,1,1,トゥジアース,牡,4,56.0,507,0,矢野貴,入口由,,3,1:39.7,42.3,1-1-1-3,4,507,0
2023/01/10,浦和,6,ランチタイムチャレンジＣ２二 三,1500,ダ,左,良,晴,12,8,12,ジョリエス,牡,4,56.0,461,3,森泰斗,稲益貴,,4,1:39.7,40.2,8-9-9-6,5,461,3
2023/01/10,浦和,6,ランチタイムチャレンジＣ２二 三,1500,ダ,左,良,晴,12,3,3,ヴェルデヴェント,牝,4,54.0,447,0,小杉亮,岡林光,,5,1:39.9,41.2,7-7-5-5,7,447,0
2023/01/10,浦和,6,ランチタイムチャレンジＣ２二 三,1500,ダ,左,良,晴,12,8,11,スーパーローズ,牝,6,54.0,475,1,藤本現,野口孝,,6,1:40.3,41.4,9-8-7-8,8,475,1
2023/01/10,浦和,6,ランチタイムチャレンジＣ２二 三,1500,ダ,左,良,晴,12,4,4,キタサンエポナ,牝,4,54.0,438,3,今野忠,繁田健,,7,1:40.8,42.4,3-4-6-7,2,438,3
2023/01/10,浦和,6,ランチタイムチャレンジＣ２二 三,1500,ダ,左,良,晴,12,7,10,シェナダイオー,牡,4,56.0,567,5,秋元耕,山越光,,8,1:41.5,40.6,11-11-10-10,11,567,5
2023/01/10,浦和,6,ランチタイムチャレンジＣ２二 三,1500,ダ,左,良,晴,12,2,2,ミラーレイク,牝,4,50.0,451,-4,小林捺,甲田悟,,9,1:42.0,43.3,5-6-8-9,9,451,-4
2023/01/10,浦和,6,ランチタイムチャレンジＣ２二 三,1500,ダ,左,良,晴,12,5,6,ウインプロヴァンス,牡,4,56.0,513,2,藤江渉,工藤伸,,10,1:42.2,44.7,2-2-2-4,6,513,2
2023/01/10,浦和,6,ランチタイムチャレンジＣ２二 三,1500,ダ,左,良,晴,12,6,8,エムテイルビー,牝,4,54.0,483,17,半澤慶,宇野博,,11,1:42.8,41.9,10-10-11-11,12,483,17
2023/01/10,浦和,6,ランチタイムチャレンジＣ２二 三,1500,ダ,左,良,晴,12,7,9,チャメドレア,牝,4,54.0,0,0,加藤和,川島豊,,12,1:45.8,43.5,12-12-12-12,10,0,0
2023/01/10,浦和,7,若水特別３歳一,1400,ダ,左,良,晴,9,8,8,テナシャスバイオ,牡,3,56.0,441,-3,岡村健,岡林光,,1,1:31.3,39.5,3-3-2-2,3,441,-3
2023/01/10,浦和,7,若水特別３歳一,1400,ダ,左,良,晴,9,1,1,ジョーフォック,牡,3,56.0,477,3,本橋孝,小久智,,2,1:31.6,39.6,5-6-5-3,4,477,3
2023/01/10,浦和,7,若水特別３歳一,1400,ダ,左,良,晴,9,6,6,アウストロ,牡,3,56.0,495,-4,森泰斗,小澤宏,,3,1:31.8,40.0,2-2-1-1,6,495,-4
2023/01/10,浦和,7,若水特別３歳一,1400,ダ,左,良,晴,9,7,7,キックアス,牡,3,52.0,454,2,中島良,海馬司,,4,1:31.9,40.1,6-5-4-4,5,454,2
2023/01/10,浦和,7,若水特別３歳一,1400,ダ,左,良,晴,9,2,2,カスミノモリ,牝,3,54.0,464,-6,笹川翼,藤原智,,5,1:32.3,40.5,4-4-3-5,1,464,-6
2023/01/10,浦和,7,若水特別３歳一,1400,ダ,左,良,晴,9,5,5,オデンシタ,牡,3,56.0,455,-6,和田譲,野口孝,,6,1:32.5,40.5,9-8-8-7,2,455,-6
2023/01/10,浦和,7,若水特別３歳一,1400,ダ,左,良,晴,9,3,3,ノースプリマ,牝,3,54.0,454,1,矢野貴,水野貴,,7,1:33.6,41.6,8-7-6-6,8,454,1
2023/01/10,浦和,7,若水特別３歳一,1400,ダ,左,良,晴,9,4,4,ティフィンタイガー,牡,3,56.0,409,-1,秋元耕,酒井一,,8,1:33.7,41.1,7-9-9-9,9,409,-1
2023/01/10,浦和,7,若水特別３歳一,1400,ダ,左,良,晴,9,8,9,トーセンアライブ,牡,3,56.0,453,-1,藤本現,小久智,,9,1:34.5,42.6,1-1-7-8,7,453,-1
2023/01/10,浦和,8,Ｃ２二 三,1400,ダ,左,良,晴,11,6,6,イチジン,牡,6,56.0,459,-6,加藤和,長谷忍,,1,1:32.0,38.9,4-4-3-3,1,459,-6
2023/01/10,浦和,8,Ｃ２二 三,1400,ダ,左,良,晴,11,6,7,フィニッシュムーヴ,牡,4,56.0,491,-1,笹川翼,鹿沼和,,2,1:32.1,39.3,1-1-1-1,4,491,-1
2023/01/10,浦和,8,Ｃ２二 三,1400,ダ,左,良,晴,11,8,11,ステラセイコー,牝,4,54.0,453,11,和田譲,水野貴,,3,1:32.1,39.0,3-3-2-2,6,453,11
2023/01/10,浦和,8,Ｃ２二 三,1400,ダ,左,良,晴,11,5,5,セイウンマリンガー,牝,4,54.0,420,4,福原杏,小澤宏,,4,1:32.2,39.1,9-7-5-4,9,420,4
2023/01/10,浦和,8,Ｃ２二 三,1400,ダ,左,良,晴,11,4,4,ラブシックボッサ,牡,4,56.0,463,5,藤本現,伊藤滋,,5,1:32.2,38.9,7-6-6-5,2,463,5
2023/01/10,浦和,8,Ｃ２二 三,1400,ダ,左,良,晴,11,2,2,ハッピートウキョウ,牡,4,56.0,499,1,矢野貴,小久智,,6,1:32.7,39.4,5-5-6-7,8,499,1
2023/01/10,浦和,8,Ｃ２二 三,1400,ダ,左,良,晴,11,1,1,ジェノバフレイバー,牡,4,56.0,470,-12,本橋孝,繁田健,,7,1:32.7,38.9,10-9-10-8,7,470,-12
2023/01/10,浦和,8,Ｃ２二 三,1400,ダ,左,良,晴,11,8,10,アーバンブラック,牡,8,56.0,466,5,張田昂,平山真,,8,1:32.7,39.0,6-8-9-9,5,466,5
2023/01/10,浦和,8,Ｃ２二 三,1400,ダ,左,良,晴,11,7,9,ライヴガーネット,牝,4,54.0,450,-3,森泰斗,工藤伸,,9,1:33.3,40.2,2-2-4-6,3,450,-3
2023/01/10,浦和,8,Ｃ２二 三,1400,ダ,左,良,晴,11,7,8,キスアンドテル,牝,4,54.0,499,-8,今野忠,海馬司,,10,1:33.6,39.9,11-10-8-10,10,499,-8
2023/01/10,浦和,8,Ｃ２二 三,1400,ダ,左,良,晴,11,3,3,ユメミルツキ,牝,4,54.0,484,7,秋元耕,鹿沼和,,11,1:35.4,41.3,8-11-11-11,11,484,7
2023/01/10,浦和,9,吉見町町制施行５０周年記念賞Ｃ１Ｃ２選抜,800,ダ,左,良,晴,12,5,5,スマイルキューティ,牝,5,55.0,485,-5,橋本直,平山真,,1,0:49.1,36.4,1-1,1,485,-5
2023/01/10,浦和,9,吉見町町制施行５０周年記念賞Ｃ１Ｃ２選抜,800,ダ,左,良,晴,12,6,8,アヴェントゥリスト,牡,7,57.0,544,0,西啓太,山越光,,2,0:49.3,36.6,1-2,2,544,0
2023/01/10,浦和,9,吉見町町制施行５０周年記念賞Ｃ１Ｃ２選抜,800,ダ,左,良,晴,12,4,4,リッチアロマ,牝,5,51.0,450,0,小林捺,水野貴,,3,0:49.9,37.1,6-3,5,450,0
2023/01/10,浦和,9,吉見町町制施行５０周年記念賞Ｃ１Ｃ２選抜,800,ダ,左,良,晴,12,7,10,コウユープリプリ,牝,8,55.0,443,-7,半澤慶,宇野博,,4,0:50.0,37.3,3-4,7,443,-7
2023/01/10,浦和,9,吉見町町制施行５０周年記念賞Ｃ１Ｃ２選抜,800,ダ,左,良,晴,12,3,3,ホワイトスズラン,牝,4,55.0,436,7,赤津和,山越光,,5,0:50.6,37.0,11-10,10,436,7
2023/01/10,浦和,9,吉見町町制施行５０周年記念賞Ｃ１Ｃ２選抜,800,ダ,左,良,晴,12,5,6,レッドコーラル,牝,4,53.0,439,-3,笹川翼,小久智,,6,0:50.7,37.9,4-5,3,439,-3
2023/01/10,浦和,9,吉見町町制施行５０周年記念賞Ｃ１Ｃ２選抜,800,ダ,左,良,晴,12,1,1,ニッショウアッキー,牝,4,51.0,449,14,中島良,酒井一,,7,0:50.7,37.3,9-8,6,449,14
2023/01/10,浦和,9,吉見町町制施行５０周年記念賞Ｃ１Ｃ２選抜,800,ダ,左,良,晴,12,8,11,マウコノミタマ,牡,4,55.0,472,-7,高橋哲,藤原智,,8,0:50.8,37.6,8-7,12,472,-7
2023/01/10,浦和,9,吉見町町制施行５０周年記念賞Ｃ１Ｃ２選抜,800,ダ,左,良,晴,12,8,12,サハラントアジア,牝,4,55.0,476,-4,見越彬,内野健,,9,0:51.0,38.1,5-6,9,476,-4
2023/01/10,浦和,9,吉見町町制施行５０周年記念賞Ｃ１Ｃ２選抜,800,ダ,左,良,晴,12,2,2,シャローナ,牝,4,55.0,426,-1,寺島憂,薮口一,,10,0:51.3,37.5,12-11,11,426,-1
2023/01/10,浦和,9,吉見町町制施行５０周年記念賞Ｃ１Ｃ２選抜,800,ダ,左,良,晴,12,6,7,エムリエール,牡,4,57.0,469,5,福原杏,小澤宏,,11,0:51.4,38.2,10-12,4,469,5
2023/01/10,浦和,9,吉見町町制施行５０周年記念賞Ｃ１Ｃ２選抜,800,ダ,左,良,晴,12,7,9,シゲルアパライト,牡,7,55.0,478,-9,加藤和,横山保,,12,0:51.7,38.8,7-9,8,478,-9
2023/01/10,浦和,10,初春特別Ｃ２一,1500,ダ,左,良,晴,9,2,2,ブラックオパール,牝,4,53.0,511,2,七夕裕,平山真,,1,1:40.1,38.5,1-1-1-1,1,511,2
2023/01/10,浦和,10,初春特別Ｃ２一,1500,ダ,左,良,晴,9,8,8,ロマーシカ,牝,6,54.0,472,2,本橋孝,小久智,,2,1:40.1,38.5,2-2-2-2,2,472,2
2023/01/10,浦和,10,初春特別Ｃ２一,1500,ダ,左,良,晴,9,8,9,ヤマタケコーチャン,牡,4,56.0,431,1,高橋哲,水野貴,,3,1:40.2,38.5,5-5-4-4,6,431,1
2023/01/10,浦和,10,初春特別Ｃ２一,1500,ダ,左,良,晴,9,7,7,キトゥンズルンバ,セ,0,54.0,472,3,野畑凌,水野貴,,4,1:40.4,38.8,3-3-3-3,8,472,3
2023/01/10,浦和,10,初春特別Ｃ２一,1500,ダ,左,良,晴,9,6,6,ワンダーダイカネン,牡,6,56.0,494,-4,見越彬,鈴木勝,,5,1:40.5,38.6,7-7-6-6,7,494,-4
2023/01/10,浦和,10,初春特別Ｃ２一,1500,ダ,左,良,晴,9,3,3,ソウヤミサキ,牝,5,54.0,472,7,橋本直,岡田一,,6,1:40.7,38.8,8-8-6-7,4,472,7
2023/01/10,浦和,10,初春特別Ｃ２一,1500,ダ,左,良,晴,9,1,1,キャンビー,牡,5,56.0,517,-1,和田譲,野口寛,,7,1:40.7,38.8,4-4-5-5,3,517,-1
2023/01/10,浦和,10,初春特別Ｃ２一,1500,ダ,左,良,晴,9,4,4,シンシアハート,牝,5,54.0,424,0,半澤慶,宇野博,,8,1:41.7,38.9,9-9-8-8,9,424,0
2023/01/10,浦和,10,初春特別Ｃ２一,1500,ダ,左,良,晴,9,5,5,ニシノロゼ,牝,4,54.0,428,-12,秋元耕,小澤宏,,9,1:43.0,40.5,6-6-9-9,5,428,-12
2023/01/10,浦和,11,初見月特別Ｂ２二Ｂ３一,1400,ダ,左,良,晴,10,7,7,ジュンハンス,牡,4,55.0,465,-7,本橋孝,小久智,,1,1:29.7,37.7,8-8-5-5,2,465,-7
2023/01/10,浦和,11,初見月特別Ｂ２二Ｂ３一,1400,ダ,左,良,晴,10,7,8,ハクサンホーリー,牝,6,55.0,424,7,澤田龍,森　始,,2,1:30.3,38.7,5-5-4-2,6,424,7
2023/01/10,浦和,11,初見月特別Ｂ２二Ｂ３一,1400,ダ,左,良,晴,10,8,9,デクスター,セ,0,55.0,465,-3,矢野貴,水野貴,,3,1:30.4,38.8,3-3-3-2,1,465,-3
2023/01/10,浦和,11,初見月特別Ｂ２二Ｂ３一,1400,ダ,左,良,晴,10,3,3,ガンファイター,牡,7,55.0,524,-2,笹川翼,藤原智,,4,1:30.6,39.2,2-2-2-4,4,524,-2
2023/01/10,浦和,11,初見月特別Ｂ２二Ｂ３一,1400,ダ,左,良,晴,10,4,4,ジョーマキアート,牝,8,53.0,500,-4,福原杏,小久智,,5,1:30.6,39.8,1-1-1-1,5,500,-4
2023/01/10,浦和,11,初見月特別Ｂ２二Ｂ３一,1400,ダ,左,良,晴,10,8,10,オートヴィル,牡,8,55.0,543,11,高橋哲,酒井一,,6,1:30.8,38.8,7-6-6-6,7,543,11
2023/01/10,浦和,11,初見月特別Ｂ２二Ｂ３一,1400,ダ,左,良,晴,10,1,1,コウユーモテモテ,牝,6,53.0,524,-1,町田直,宇野博,,7,1:31.4,39.4,4-4-7-7,3,524,-1
2023/01/10,浦和,11,初見月特別Ｂ２二Ｂ３一,1400,ダ,左,良,晴,10,5,5,カミノアカネ,牝,6,52.0,467,1,新原周,岡田一,,8,1:32.8,40.4,6-7-8-8,8,467,1
2023/01/10,浦和,11,初見月特別Ｂ２二Ｂ３一,1400,ダ,左,良,晴,10,2,2,ケイティーセキトバ,牡,8,56.0,510,6,七夕裕,岡田一,,9,1:33.0,40.2,9-9-9-9,9,510,6
2023/01/10,浦和,11,初見月特別Ｂ２二Ｂ３一,1400,ダ,左,良,晴,10,6,6,ミコノスフレイバー,牡,5,57.0,0,0,笠野雄,稲益貴,,,,,,,0,0
2023/01/10,浦和,12,初夢特別Ｃ１五,1500,ダ,左,良,晴,11,3,3,デルタラヴバレット,牡,4,56.0,461,2,笹川翼,繁田健,,1,1:38.5,40.1,2-2-1-1,2,461,2
2023/01/10,浦和,12,初夢特別Ｃ１五,1500,ダ,左,良,晴,11,2,2,ミティエラ,牝,4,54.0,480,2,和田譲,工藤伸,,2,1:38.5,39.8,4-5-5-2,3,480,2
2023/01/10,浦和,12,初夢特別Ｃ１五,1500,ダ,左,良,晴,11,8,11,アマゴ,牝,4,54.0,446,2,今野忠,箕輪武,,3,1:38.6,39.7,7-7-6-3,4,446,2
2023/01/10,浦和,12,初夢特別Ｃ１五,1500,ダ,左,良,晴,11,6,6,カシノペルル,牡,4,56.0,514,-4,寺島憂,鹿沼和,,4,1:39.3,39.8,10-9-7-7,9,514,-4
2023/01/10,浦和,12,初夢特別Ｃ１五,1500,ダ,左,良,晴,11,6,7,ガマン,牡,6,56.0,478,-6,藤江渉,水野貴,,5,1:39.6,41.0,3-3-4-4,11,478,-6
2023/01/10,浦和,12,初夢特別Ｃ１五,1500,ダ,左,良,晴,11,7,9,ジオパークマグマ,牡,5,56.0,466,3,加藤和,川島豊,,6,1:39.8,40.2,9-10-9-8,7,466,3
2023/01/10,浦和,12,初夢特別Ｃ１五,1500,ダ,左,良,晴,11,8,10,デルタ,牝,6,53.0,439,-4,七夕裕,岡田一,,7,1:39.9,41.3,6-4-3-5,6,439,-4
2023/01/10,浦和,12,初夢特別Ｃ１五,1500,ダ,左,良,晴,11,4,4,コスモビートイット,牡,6,56.0,516,4,秋元耕,川島豊,,8,1:39.9,40.3,8-8-10-9,8,516,4
2023/01/10,浦和,12,初夢特別Ｃ１五,1500,ダ,左,良,晴,11,7,8,イサチルレジェーロ,牡,4,56.0,508,13,半澤慶,宇野博,,9,1:40.4,39.8,11-11-11-11,5,508,13
2023/01/10,浦和,12,初夢特別Ｃ１五,1500,ダ,左,良,晴,11,5,5,ナイフレスト,牝,4,50.0,421,-13,小林捺,藤原智,,10,1:42.4,43.2,5-6-8-10,10,421,-13
2023/01/10,浦和,12,初夢特別Ｃ１五,1500,ダ,左,良,晴,11,1,1,ミュステーリオン,牝,4,54.0,483,-1,見越彬,小久智,,11,1:42.8,44.4,1-1-2-6,1,483,-1
2023/01/11,浦和,1,Ｃ３ ４歳ウ,1400,ダ,左,良,晴,9,8,9,ジャスミンカーラ,牝,4,54.0,417,-2,橋本直,平山真,,1,1:32.7,41.2,2-3-2-1,1,417,-2
2023/01/11,浦和,1,Ｃ３ ４歳ウ,1400,ダ,左,良,晴,9,8,8,ウイングラドナス,牡,4,56.0,460,2,見越彬,内野健,,2,1:32.8,41.0,4-4-4-1,2,460,2
2023/01/11,浦和,1,Ｃ３ ４歳ウ,1400,ダ,左,良,晴,9,7,7,パールアゲイン,牝,4,53.0,390,-24,七夕裕,岡田一,,3,1:33.7,42.1,2-2-3-4,4,390,-24
2023/01/11,浦和,1,Ｃ３ ４歳ウ,1400,ダ,左,良,晴,9,2,2,トゥルーブルー,牡,4,56.0,447,3,岡田大,牛房榮,,4,1:33.9,41.2,8-7-6-5,7,447,3
2023/01/11,浦和,1,Ｃ３ ４歳ウ,1400,ダ,左,良,晴,9,6,6,ビートルジュース,牝,4,54.0,432,-8,藤本現,小久智,,5,1:34.0,42.6,1-1-1-3,3,432,-8
2023/01/11,浦和,1,Ｃ３ ４歳ウ,1400,ダ,左,良,晴,9,3,3,アストロメアリー,牝,4,53.0,409,6,新原周,長谷忍,,6,1:34.4,41.5,9-8-8-6,8,409,6
2023/01/11,浦和,1,Ｃ３ ４歳ウ,1400,ダ,左,良,晴,9,5,5,アグリシュブール,牡,4,56.0,487,2,町田直,海馬司,,7,1:34.7,42.4,5-5-5-7,5,487,2
2023/01/11,浦和,1,Ｃ３ ４歳ウ,1400,ダ,左,良,晴,9,4,4,キョウエイジェリコ,牝,4,54.0,417,1,秋元耕,小澤宏,,8,1:34.9,42.2,6-6-7-8,6,417,1
2023/01/11,浦和,1,Ｃ３ ４歳ウ,1400,ダ,左,良,晴,9,1,1,シェナハート,牝,4,54.0,430,2,國分祐,冨田敏,,9,1:35.8,42.5,7-9-9-9,9,430,2
2023/01/11,浦和,2,Ｃ３ ４歳イ,1400,ダ,左,良,晴,11,4,4,タイガーキャット,牡,4,55.0,479,-8,新原周,小澤宏,,1,1:32.5,38.7,11-10-10-7,2,479,-8
2023/01/11,浦和,2,Ｃ３ ４歳イ,1400,ダ,左,良,晴,11,7,8,ラグドール,牡,4,56.0,486,-3,橋本直,薮口一,,2,1:32.8,40.7,3-3-2-2,5,486,-3
2023/01/11,浦和,2,Ｃ３ ４歳イ,1400,ダ,左,良,晴,11,6,7,サンボールダー,牝,4,54.0,478,1,澤田龍,川村守,,3,1:33.0,39.8,9-8-7-6,8,478,1
2023/01/11,浦和,2,Ｃ３ ４歳イ,1400,ダ,左,良,晴,11,2,2,ゲットデザイアー,牝,4,54.0,455,-4,藤江渉,箕輪武,,4,1:33.2,41.4,1-1-1-1,4,455,-4
2023/01/11,浦和,2,Ｃ３ ４歳イ,1400,ダ,左,良,晴,11,8,11,シェナコブシ,牡,4,56.0,485,-7,秋元耕,吉田正,,5,1:33.5,40.3,7-7-8-9,11,485,-7
2023/01/11,浦和,2,Ｃ３ ４歳イ,1400,ダ,左,良,晴,11,7,9,ピッコロバンビーナ,牝,4,54.0,446,4,和田譲,酒井一,,6,1:33.7,41.3,4-5-5-3,6,446,4
2023/01/11,浦和,2,Ｃ３ ４歳イ,1400,ダ,左,良,晴,11,5,5,コロディア,牝,4,54.0,464,6,見越彬,鹿沼和,,7,1:33.7,40.7,6-6-6-8,3,464,6
2023/01/11,浦和,2,Ｃ３ ４歳イ,1400,ダ,左,良,晴,11,1,1,マジックゲール,牡,4,56.0,480,3,福原杏,水野貴,,8,1:34.1,41.8,5-4-4-4,1,480,3
2023/01/11,浦和,2,Ｃ３ ４歳イ,1400,ダ,左,良,晴,11,8,10,ニシノマンテン,牡,4,55.0,445,-4,七夕裕,川島豊,,9,1:34.5,40.7,8-9-9-10,10,445,-4
2023/01/11,浦和,2,Ｃ３ ４歳イ,1400,ダ,左,良,晴,11,3,3,セイエイセンヌ,牝,4,54.0,455,-1,内田利,岡田一,,10,1:34.7,40.3,10-11-11-11,9,455,-1
2023/01/11,浦和,2,Ｃ３ ４歳イ,1400,ダ,左,良,晴,11,6,6,ラパンドネージュ,牡,4,56.0,486,1,加藤和,薮口一,,11,1:35.1,43.1,2-2-3-5,7,486,1
2023/01/11,浦和,3,Ｃ３三 四,1400,ダ,左,良,晴,12,6,8,フェイドハード,牡,6,56.0,517,3,加藤和,長谷忍,,1,1:32.3,39.8,3-3-1-1,2,517,3
2023/01/11,浦和,3,Ｃ３三 四,1400,ダ,左,良,晴,12,8,12,サンライズテソロ,牡,5,55.0,458,3,七夕裕,川島豊,,2,1:33.3,39.4,12-12-12-9,6,458,3
2023/01/11,浦和,3,Ｃ３三 四,1400,ダ,左,良,晴,12,4,4,ショウイモン,牝,6,50.0,434,3,中島良,内野健,,3,1:33.5,40.7,11-11-4-4,1,434,3
2023/01/11,浦和,3,Ｃ３三 四,1400,ダ,左,良,晴,12,7,10,カントナ,牝,6,54.0,419,1,半澤慶,宇野博,,4,1:33.5,40.7,6-6-7-5,5,419,1
2023/01/11,浦和,3,Ｃ３三 四,1400,ダ,左,良,晴,12,8,11,ワンダーニメンソウ,牝,5,54.0,486,-2,見越彬,鈴木勝,,5,1:33.6,40.8,6-7-3-2,4,486,-2
2023/01/11,浦和,3,Ｃ３三 四,1400,ダ,左,良,晴,12,7,9,ゴールドアクセル,牡,5,56.0,529,0,高橋哲,鹿沼和,,6,1:33.6,41.0,5-5-2-3,12,529,0
2023/01/11,浦和,3,Ｃ３三 四,1400,ダ,左,良,晴,12,5,5,ツクバマリア,牝,6,54.0,463,-7,橋本直,平山真,,7,1:33.7,40.9,10-9-8-6,3,463,-7
2023/01/11,浦和,3,Ｃ３三 四,1400,ダ,左,良,晴,12,6,7,キモンズラブ,牝,9,54.0,467,-2,國分祐,冨田敏,,8,1:33.7,40.7,9-10-10-7,11,467,-2
2023/01/11,浦和,3,Ｃ３三 四,1400,ダ,左,良,晴,12,3,3,ブルーティアーズ,牝,6,54.0,509,-2,赤津和,山越光,,9,1:33.9,41.1,4-4-9-10,8,509,-2
2023/01/11,浦和,3,Ｃ３三 四,1400,ダ,左,良,晴,12,2,2,スプリングネージュ,牝,5,54.0,428,0,福原杏,鈴木勝,,10,1:34.2,40.9,8-8-11-12,9,428,0
2023/01/11,浦和,3,Ｃ３三 四,1400,ダ,左,良,晴,12,1,1,サプライズギフト,牝,5,50.0,416,-1,小林捺,川島豊,,11,1:34.7,42.2,1-1-5-7,10,416,-1
2023/01/11,浦和,3,Ｃ３三 四,1400,ダ,左,良,晴,12,5,6,サニースポット,牝,5,54.0,451,-6,秋元耕,工藤伸,,12,1:35.1,42.6,2-2-6-11,7,451,-6
2023/01/11,浦和,4,Ｃ３三 四,1500,ダ,左,良,晴,12,7,10,フィアレススマイル,牡,6,56.0,472,7,藤江渉,平山真,,1,1:39.7,39.7,5-5-4-2,2,472,7
2023/01/11,浦和,4,Ｃ３三 四,1500,ダ,左,良,晴,12,8,12,バローロフレイバー,牡,7,56.0,519,1,今野忠,繁田健,,2,1:39.9,40.1,3-3-2-1,1,519,1
2023/01/11,浦和,4,Ｃ３三 四,1500,ダ,左,良,晴,12,3,3,マリアフィナーレ,牝,6,54.0,451,-4,見越彬,小林真,,3,1:40.8,41.2,1-1-1-3,4,451,-4
2023/01/11,浦和,4,Ｃ３三 四,1500,ダ,左,良,晴,12,6,7,シェナノブチ,牡,8,56.0,425,6,國分祐,冨田敏,,4,1:41.1,40.4,7-7-7-7,12,425,6
2023/01/11,浦和,4,Ｃ３三 四,1500,ダ,左,良,晴,12,7,9,アナハ,牝,6,50.0,422,4,中島良,川島豊,,5,1:41.2,40.4,9-8-8-9,3,422,4
2023/01/11,浦和,4,Ｃ３三 四,1500,ダ,左,良,晴,12,5,5,スパンブリー,牡,7,56.0,539,1,秋元耕,長谷忍,,6,1:41.3,40.7,6-6-6-5,7,539,1
2023/01/11,浦和,4,Ｃ３三 四,1500,ダ,左,良,晴,12,4,4,ファーマスター,牝,5,54.0,438,-4,福原杏,川村守,,7,1:41.4,40.2,8-9-10-8,10,438,-4
2023/01/11,浦和,4,Ｃ３三 四,1500,ダ,左,良,晴,12,5,6,ハイエストプレイズ,牝,6,54.0,511,-1,櫻井光,酒井一,,8,1:41.5,40.5,10-10-9-10,11,511,-1
2023/01/11,浦和,4,Ｃ３三 四,1500,ダ,左,良,晴,12,2,2,ノーブルハート,牝,5,54.0,557,-3,加藤和,吉田正,,9,1:41.8,40.3,11-11-11-11,6,557,-3
2023/01/11,浦和,4,Ｃ３三 四,1500,ダ,左,良,晴,12,8,11,ベニノエンゼル,牝,6,54.0,447,9,赤津和,山越光,,10,1:41.8,42.1,2-2-3-4,5,447,9
2023/01/11,浦和,4,Ｃ３三 四,1500,ダ,左,良,晴,12,1,1,キタマクフィー,牝,5,53.0,444,-5,七夕裕,鹿沼和,,11,1:42.0,39.9,12-12-12-12,9,444,-5
2023/01/11,浦和,4,Ｃ３三 四,1500,ダ,左,良,晴,12,6,8,トーセンケイト,牝,5,54.0,485,0,半澤慶,川村守,,12,1:42.5,42.3,4-4-5-6,8,485,0
2023/01/11,浦和,5,Ｃ２四 五,1500,ダ,左,良,晴,11,3,3,カシノジュピター,牡,4,56.0,518,1,岡田大,鹿沼和,,1,1:39.5,39.6,6-5-3-3,4,518,1
2023/01/11,浦和,5,Ｃ２四 五,1500,ダ,左,良,晴,11,4,4,トモノクリスタル,牝,6,54.0,432,-1,和田譲,小久智,,2,1:39.5,40.0,1-1-1-1,1,432,-1
2023/01/11,浦和,5,Ｃ２四 五,1500,ダ,左,良,晴,11,7,9,マイネルユヌスール,牡,4,56.0,487,-6,福原杏,横山保,,3,1:39.6,39.8,4-4-2-2,9,487,-6
2023/01/11,浦和,5,Ｃ２四 五,1500,ダ,左,良,晴,11,1,1,ブルベアヴェルデ,牡,7,56.0,479,0,山崎誠,藤原智,,4,1:39.6,39.3,5-6-6-4,3,479,0
2023/01/11,浦和,5,Ｃ２四 五,1500,ダ,左,良,晴,11,8,11,スターコマチ,牝,4,54.0,414,0,澤田龍,川村守,,5,1:40.5,39.4,11-11-11-5,5,414,0
2023/01/11,浦和,5,Ｃ２四 五,1500,ダ,左,良,晴,11,2,2,ゲンパチカガヤキ,牡,8,56.0,497,2,秋元耕,小澤宏,,6,1:40.7,39.8,10-10-10-9,8,497,2
2023/01/11,浦和,5,Ｃ２四 五,1500,ダ,左,良,晴,11,6,7,カジュアルスパート,牡,4,56.0,479,0,達城龍,野口寛,,7,1:40.9,40.4,9-9-8-10,7,479,0
2023/01/11,浦和,5,Ｃ２四 五,1500,ダ,左,良,晴,11,5,5,ネオアンコーラ,牡,4,56.0,490,-1,赤津和,山越光,,8,1:41.2,40.7,8-8-7-7,10,490,-1
2023/01/11,浦和,5,Ｃ２四 五,1500,ダ,左,良,晴,11,6,6,テンダーメモリー,牝,4,52.0,467,-16,野畑凌,宇野博,,9,1:41.3,40.8,7-7-9-11,11,467,-16
2023/01/11,浦和,5,Ｃ２四 五,1500,ダ,左,良,晴,11,8,10,カンタルーパ,牝,4,53.0,451,5,新原周,宇野博,,10,1:42.6,42.8,3-3-5-6,2,451,5
2023/01/11,浦和,5,Ｃ２四 五,1500,ダ,左,良,晴,11,7,8,シシャモ,牝,4,50.0,425,3,小林捺,工藤伸,,11,1:43.0,43.4,2-2-4-8,6,425,3
2023/01/11,浦和,6,ランチタイムチャレンジＣ２四 五,1400,ダ,左,良,晴,11,4,4,ラヴィンツァラ,牝,6,54.0,473,7,橋本直,平山真,,1,1:31.5,40.7,1-1-1-1,4,473,7
2023/01/11,浦和,6,ランチタイムチャレンジＣ２四 五,1400,ダ,左,良,晴,11,8,11,プリマヴィータ,牝,4,54.0,444,-6,濱田達,佐々功,,2,1:32.1,41.1,4-4-2-2,7,444,-6
2023/01/11,浦和,6,ランチタイムチャレンジＣ２四 五,1400,ダ,左,良,晴,11,3,3,スパイツァック,牝,4,53.0,454,2,新原周,宇野博,,3,1:32.1,40.7,5-5-3-2,2,454,2
2023/01/11,浦和,6,ランチタイムチャレンジＣ２四 五,1400,ダ,左,良,晴,11,6,7,エドノストリート,牝,5,54.0,467,-7,町田直,宇野博,,4,1:32.4,40.5,6-8-6-5,5,467,-7
2023/01/11,浦和,6,ランチタイムチャレンジＣ２四 五,1400,ダ,左,良,晴,11,7,9,トレジャーバローズ,牡,5,56.0,453,3,笹川翼,繁田健,,5,1:32.7,41.5,3-3-4-4,1,453,3
2023/01/11,浦和,6,ランチタイムチャレンジＣ２四 五,1400,ダ,左,良,晴,11,2,2,エイシンスタートル,牡,4,55.0,461,-5,七夕裕,藤原智,,6,1:33.0,40.9,8-9-7-6,6,461,-5
2023/01/11,浦和,6,ランチタイムチャレンジＣ２四 五,1400,ダ,左,良,晴,11,8,10,リュウノアーダーン,牝,5,52.0,419,-6,野畑凌,川村守,,7,1:33.2,41.3,7-6-9-7,3,419,-6
2023/01/11,浦和,6,ランチタイムチャレンジＣ２四 五,1400,ダ,左,良,晴,11,5,5,ダーラナホース,牝,4,54.0,471,-1,小杉亮,渋谷博,,8,1:33.6,41.4,10-10-10-8,9,471,-1
2023/01/11,浦和,6,ランチタイムチャレンジＣ２四 五,1400,ダ,左,良,晴,11,7,8,ノビーノヒカリ,牝,5,54.0,513,5,秋元耕,川島豊,,9,1:35.3,44.1,2-2-5-9,8,513,5
2023/01/11,浦和,6,ランチタイムチャレンジＣ２四 五,1400,ダ,左,良,晴,11,1,1,サンビバリーヒルズ,牡,4,56.0,464,2,赤津和,山越光,,10,1:36.3,44.4,9-7-7-10,10,464,2
2023/01/11,浦和,6,ランチタイムチャレンジＣ２四 五,1400,ダ,左,良,晴,11,6,6,ゴールドバード,牡,9,56.0,0,0,藤江渉,野口孝,,,,,,,0,0
2023/01/11,浦和,7,浦和８００ラウンドＣ２選抜馬,800,ダ,左,良,晴,11,7,9,ベルセブンティーン,牝,5,54.0,488,-14,藤本現,小久智,,1,0:48.2,36.1,1-1,1,488,-14
2023/01/11,浦和,7,浦和８００ラウンドＣ２選抜馬,800,ダ,左,良,晴,11,6,6,ピースリアン,牡,6,56.0,481,0,福原杏,横山保,,2,0:49.3,36.7,5-4,3,481,0
2023/01/11,浦和,7,浦和８００ラウンドＣ２選抜馬,800,ダ,左,良,晴,11,8,11,カシノリカバリー,牝,4,54.0,473,3,見越彬,野口寛,,3,0:49.3,36.6,3-3,5,473,3
2023/01/11,浦和,7,浦和８００ラウンドＣ２選抜馬,800,ダ,左,良,晴,11,8,10,カラドボルグ,牡,5,56.0,504,-4,岡田大,牛房榮,,4,0:49.6,37.3,2-2,2,504,-4
2023/01/11,浦和,7,浦和８００ラウンドＣ２選抜馬,800,ダ,左,良,晴,11,1,1,オールイズトゥルー,牝,4,54.0,416,-5,森泰斗,平山真,,5,0:49.6,36.7,6-6,4,416,-5
2023/01/11,浦和,7,浦和８００ラウンドＣ２選抜馬,800,ダ,左,良,晴,11,4,4,プリプリクインダム,牝,8,54.0,485,0,櫻井光,海馬司,,6,0:49.7,36.0,10-10,6,485,0
2023/01/11,浦和,7,浦和８００ラウンドＣ２選抜馬,800,ダ,左,良,晴,11,7,8,カゲカツ,牡,9,56.0,531,12,橋本直,長谷忍,,7,0:49.9,36.8,9-9,9,531,12
2023/01/11,浦和,7,浦和８００ラウンドＣ２選抜馬,800,ダ,左,良,晴,11,5,5,マイネルレスペト,牡,5,54.0,499,-1,野畑凌,小林真,,8,0:50.0,37.1,8-8,7,499,-1
2023/01/11,浦和,7,浦和８００ラウンドＣ２選抜馬,800,ダ,左,良,晴,11,6,7,ニシノイルマーレ,牝,5,54.0,487,-5,藤江渉,冨田敏,,9,0:50.2,37.3,7-7,8,487,-5
2023/01/11,浦和,7,浦和８００ラウンドＣ２選抜馬,800,ダ,左,良,晴,11,3,3,エスポワールフレア,牝,4,54.0,439,-9,寺島憂,野口孝,,10,0:50.3,37.9,3-5,10,439,-9
2023/01/11,浦和,7,浦和８００ラウンドＣ２選抜馬,800,ダ,左,良,晴,11,2,2,クウェンヤ,牝,5,54.0,402,1,町田直,工藤伸,,,,,,,402,1
2023/01/11,浦和,8,いちごの町　吉見町青年会議所賞Ｃ１六,1400,ダ,左,良,晴,10,2,2,サンケイワールド,牡,5,56.0,493,7,和田譲,平山真,,1,1:31.0,39.8,5-5-4-3,4,493,7
2023/01/11,浦和,8,いちごの町　吉見町青年会議所賞Ｃ１六,1400,ダ,左,良,晴,10,3,3,リベリュール,牡,8,56.0,497,5,本橋孝,繁田健,,2,1:31.1,39.5,9-8-8-4,3,497,5
2023/01/11,浦和,8,いちごの町　吉見町青年会議所賞Ｃ１六,1400,ダ,左,良,晴,10,5,5,ジュース,牝,4,54.0,435,-4,矢野貴,小久智,,3,1:31.2,40.4,2-2-1-1,1,435,-4
2023/01/11,浦和,8,いちごの町　吉見町青年会議所賞Ｃ１六,1400,ダ,左,良,晴,10,8,9,フーラリ,牡,5,52.0,473,0,小林捺,藤原智,,4,1:31.2,39.8,7-7-6-2,9,473,0
2023/01/11,浦和,8,いちごの町　吉見町青年会議所賞Ｃ１六,1400,ダ,左,良,晴,10,4,4,バトルオサンナ,牝,9,54.0,453,-4,高橋哲,入口由,,5,1:31.9,40.3,8-9-9-8,7,453,-4
2023/01/11,浦和,8,いちごの町　吉見町青年会議所賞Ｃ１六,1400,ダ,左,良,晴,10,7,8,アルバリ,牡,8,56.0,449,-1,秋元耕,箕輪武,,6,1:32.1,40.9,6-6-7-7,6,449,-1
2023/01/11,浦和,8,いちごの町　吉見町青年会議所賞Ｃ１六,1400,ダ,左,良,晴,10,7,7,ワンダーフェンリル,牡,5,56.0,516,-6,橋本直,鈴木勝,,7,1:32.2,41.2,3-3-3-5,2,516,-6
2023/01/11,浦和,8,いちごの町　吉見町青年会議所賞Ｃ１六,1400,ダ,左,良,晴,10,6,6,アルマラウラ,牝,4,54.0,442,-5,町田直,海馬司,,8,1:33.1,42.1,4-3-5-9,8,442,-5
2023/01/11,浦和,8,いちごの町　吉見町青年会議所賞Ｃ１六,1400,ダ,左,良,晴,10,1,1,ダテノライトニング,牝,8,54.0,484,7,山崎誠,野口孝,,9,1:33.2,41.0,10-10-10-10,10,484,7
2023/01/11,浦和,8,いちごの町　吉見町青年会議所賞Ｃ１六,1400,ダ,左,良,晴,10,8,10,ラスティネイル,牝,5,54.0,464,0,赤津和,牛房榮,,10,1:33.4,42.6,1-1-2-6,5,464,0
2023/01/11,浦和,9,ガーネット特別Ｃ１四,1400,ダ,左,良,晴,10,7,8,シェナホープ,牡,6,56.0,479,1,福原杏,吉田正,,1,1:30.3,39.2,6-5-5-4,3,479,1
2023/01/11,浦和,9,ガーネット特別Ｃ１四,1400,ダ,左,良,晴,10,6,6,ニシノアクシス,牡,6,56.0,497,-1,岡田大,冨田敏,,2,1:30.3,39.0,9-7-6-5,4,497,-1
2023/01/11,浦和,9,ガーネット特別Ｃ１四,1400,ダ,左,良,晴,10,7,7,バトルホッパー,牡,4,56.0,471,0,今野忠,横山保,,3,1:30.3,38.5,8-9-8-6,7,471,0
2023/01/11,浦和,9,ガーネット特別Ｃ１四,1400,ダ,左,良,晴,10,8,9,ミラクルランバック,牡,4,56.0,522,2,笹川翼,藤原智,,4,1:30.7,39.9,3-2-3-2,1,522,2
2023/01/11,浦和,9,ガーネット特別Ｃ１四,1400,ダ,左,良,晴,10,5,5,ムナサワギノツキ,牝,4,54.0,479,3,橋本直,平山真,,5,1:31.0,40.2,4-2-2-3,5,479,3
2023/01/11,浦和,9,ガーネット特別Ｃ１四,1400,ダ,左,良,晴,10,1,1,ティーファイブ,牡,4,56.0,461,2,森泰斗,小久智,,6,1:31.1,40.3,1-1-1-1,2,461,2
2023/01/11,浦和,9,ガーネット特別Ｃ１四,1400,ダ,左,良,晴,10,4,4,ジョーミニスター,牝,5,54.0,428,-1,藤本現,小久智,,7,1:32.1,40.7,10-8-7-9,6,428,-1
2023/01/11,浦和,9,ガーネット特別Ｃ１四,1400,ダ,左,良,晴,10,8,10,セシボン,牝,4,50.0,398,3,中島良,川島豊,,8,1:32.2,40.6,7-6-9-7,10,398,3
2023/01/11,浦和,9,ガーネット特別Ｃ１四,1400,ダ,左,良,晴,10,3,3,ペルフェッタ,牝,6,53.0,494,-2,新原周,野口孝,,9,1:33.5,42.7,2-2-4-8,9,494,-2
2023/01/11,浦和,9,ガーネット特別Ｃ１四,1400,ダ,左,良,晴,10,2,2,チェスナットドレス,牝,6,54.0,464,0,秋元耕,冨田敏,,10,1:33.8,41.4,5-10-10-10,8,464,0
2023/01/11,浦和,10,小寒特別Ｂ３三Ｃ１一,1400,ダ,左,良,晴,9,2,2,タマモイットウセイ,牡,5,57.0,489,-3,森泰斗,小久智,,1,1:29.8,38.3,2-2-1-1,2,489,-3
2023/01/11,浦和,10,小寒特別Ｂ３三Ｃ１一,1400,ダ,左,良,晴,9,4,4,アヴァニイ,牝,6,53.0,512,14,藤本現,小久智,,2,1:31.2,39.2,7-6-6-4,5,512,14
2023/01/11,浦和,10,小寒特別Ｂ３三Ｃ１一,1400,ダ,左,良,晴,9,8,8,ヴァネロペ,牝,4,55.0,446,-9,山口達,林正人,,3,1:31.3,39.4,9-8-4-3,3,446,-9
2023/01/11,浦和,10,小寒特別Ｂ３三Ｃ１一,1400,ダ,左,良,晴,9,6,6,メシアン,牝,6,55.0,492,0,和田譲,繁田健,,4,1:31.5,39.8,3-3-3-2,6,492,0
2023/01/11,浦和,10,小寒特別Ｂ３三Ｃ１一,1400,ダ,左,良,晴,9,8,9,ロンリーウェイ,牡,7,56.0,501,-6,古岡勇,小澤宏,,5,1:31.8,39.1,8-9-8-7,9,501,-6
2023/01/11,浦和,10,小寒特別Ｂ３三Ｃ１一,1400,ダ,左,良,晴,9,7,7,マナホクレレ,牡,6,57.0,486,2,矢野貴,齊藤敏,,6,1:31.9,40.0,5-5-5-5,4,486,2
2023/01/11,浦和,10,小寒特別Ｂ３三Ｃ１一,1400,ダ,左,良,晴,9,3,3,サニークラウド,牡,7,57.0,513,-2,半澤慶,宇野博,,7,1:32.9,40.4,6-7-9-9,7,513,-2
2023/01/11,浦和,10,小寒特別Ｂ３三Ｃ１一,1400,ダ,左,良,晴,9,5,5,マルルットゥ,牝,4,55.0,450,3,笠野雄,水野貴,,8,1:33.0,41.1,4-4-7-8,8,450,3
2023/01/11,浦和,10,小寒特別Ｂ３三Ｃ１一,1400,ダ,左,良,晴,9,1,1,ネクサスエッジ,牝,6,53.0,490,-2,野畑凌,小澤宏,,9,1:33.7,42.2,1-1-2-6,1,490,-2
2023/01/11,浦和,11,ニューイヤーカップ３歳オープン,1500,ダ,左,良,晴,8,7,7,ポリゴンウェイヴ,牡,3,56.0,478,-1,笹川翼,小久智,,1,1:36.7,40.0,3-3-2-2,1,478,-1
2023/01/11,浦和,11,ニューイヤーカップ３歳オープン,1500,ダ,左,良,晴,8,5,5,ピノホホッア,牡,3,56.0,522,3,内田利,野口孝,,2,1:36.8,39.8,7-7-1-1,4,522,3
2023/01/11,浦和,11,ニューイヤーカップ３歳オープン,1500,ダ,左,良,晴,8,3,3,アメノオシホミミ,牡,3,56.0,483,7,矢野貴,佐野謙,,3,1:37.4,40.2,8-8-6-3,7,483,7
2023/01/11,浦和,11,ニューイヤーカップ３歳オープン,1500,ダ,左,良,晴,8,1,1,ウインドフレイバー,牡,3,56.0,475,-5,町田直,繁田健,,4,1:37.8,40.8,6-5-7-7,5,475,-5
2023/01/11,浦和,11,ニューイヤーカップ３歳オープン,1500,ダ,左,良,晴,8,4,4,サムタイムアゴー,牡,3,56.0,444,3,御神訓,小久智,,5,1:37.9,40.9,5-6-5-4,8,444,3
2023/01/11,浦和,11,ニューイヤーカップ３歳オープン,1500,ダ,左,良,晴,8,6,6,ハセノゴールド,牡,3,56.0,487,-9,張田昂,張田京,,6,1:38.0,41.0,4-4-4-5,6,487,-9
2023/01/11,浦和,11,ニューイヤーカップ３歳オープン,1500,ダ,左,良,晴,8,2,2,スイフトランナー,牡,3,56.0,517,8,森泰斗,佐藤太,,7,1:38.8,42.2,1-1-3-6,3,517,8
2023/01/11,浦和,11,ニューイヤーカップ３歳オープン,1500,ダ,左,良,晴,8,8,8,ワラ,牡,3,56.0,443,5,福原杏,水野貴,,8,1:43.5,46.8,2-2-8-8,2,443,5
2023/01/11,浦和,12,鏡開き特別Ｃ２Ｃ３選抜馬,2000,ダ,左,良,晴,9,6,6,フォートウィリアム,牡,4,57.0,514,-4,笹川翼,米谷康,,1,2:15.8,39.3,4-4-1-1,4,514,-4
2023/01/11,浦和,12,鏡開き特別Ｃ２Ｃ３選抜馬,2000,ダ,左,良,晴,9,7,7,ピノモラーン,牡,5,56.0,477,-5,新原周,野口孝,,2,2:16.8,40.0,6-6-5-3,3,477,-5
2023/01/11,浦和,12,鏡開き特別Ｃ２Ｃ３選抜馬,2000,ダ,左,良,晴,9,8,9,シュティル,牡,4,57.0,478,0,山口達,山越光,,3,2:17.0,40.6,2-3-2-2,9,478,0
2023/01/11,浦和,12,鏡開き特別Ｃ２Ｃ３選抜馬,2000,ダ,左,良,晴,9,5,5,チャリタブルソート,牡,4,57.0,545,-1,矢野貴,野口孝,,4,2:17.2,40.5,5-5-4-5,1,545,-1
2023/01/11,浦和,12,鏡開き特別Ｃ２Ｃ３選抜馬,2000,ダ,左,良,晴,9,3,3,ダイバオーソ,牡,5,57.0,471,-2,藤江渉,箕輪武,,5,2:17.3,40.3,9-7-6-6,2,471,-2
2023/01/11,浦和,12,鏡開き特別Ｃ２Ｃ３選抜馬,2000,ダ,左,良,晴,9,2,2,サフランポケット,牡,5,57.0,480,-1,張田昂,平山真,,6,2:18.0,41.6,1-1-3-4,6,480,-1
2023/01/11,浦和,12,鏡開き特別Ｃ２Ｃ３選抜馬,2000,ダ,左,良,晴,9,8,8,サンラグナニゲル,牝,4,55.0,438,-5,橋本直,川村守,,7,2:18.0,40.4,7-9-8-7,5,438,-5
2023/01/11,浦和,12,鏡開き特別Ｃ２Ｃ３選抜馬,2000,ダ,左,良,晴,9,4,4,グッドヘイロー,牝,4,55.0,492,-2,寺島憂,山越光,,8,2:18.9,41.3,8-8-9-8,8,492,-2
2023/01/11,浦和,12,鏡開き特別Ｃ２Ｃ３選抜馬,2000,ダ,左,良,晴,9,1,1,シークレットギア,牡,5,55.0,484,-1,加藤和,薮口一,,9,2:20.6,44.1,3-2-7-9,7,484,-1
2023/01/12,浦和,1,Ｃ３ ４歳エ,1400,ダ,左,良,晴,11,8,11,ダンスデミルリトン,牡,4,56.0,486,4,藤本現,酒井一,,1,1:32.7,40.5,2-2-2-2,3,486,4
2023/01/12,浦和,1,Ｃ３ ４歳エ,1400,ダ,左,良,晴,11,8,10,エイシンドゥルガー,牝,4,54.0,482,-1,見越彬,藤原智,,2,1:33.0,40.8,1-1-1-1,1,482,-1
2023/01/12,浦和,1,Ｃ３ ４歳エ,1400,ダ,左,良,晴,11,5,5,コスモマナ,牡,4,55.0,448,0,新原周,工藤伸,,3,1:33.1,39.2,11-11-10-6,9,448,0
2023/01/12,浦和,1,Ｃ３ ４歳エ,1400,ダ,左,良,晴,11,7,8,ポップコーントーン,牝,4,54.0,408,4,藤江渉,工藤伸,,4,1:33.2,41.0,3-3-4-3,4,408,4
2023/01/12,浦和,1,Ｃ３ ４歳エ,1400,ダ,左,良,晴,11,4,4,グレートモンスター,牡,4,56.0,435,-4,高橋哲,入口由,,5,1:33.5,40.2,7-8-8-8,8,435,-4
2023/01/12,浦和,1,Ｃ３ ４歳エ,1400,ダ,左,良,晴,11,7,9,オースピシャス,牝,4,54.0,467,1,加藤和,横山保,,6,1:33.6,40.8,4-5-6-7,2,467,1
2023/01/12,浦和,1,Ｃ３ ４歳エ,1400,ダ,左,良,晴,11,2,2,シンキングセンティ,牝,4,54.0,469,3,福原杏,山越光,,7,1:34.1,41.3,5-6-5-5,6,469,3
2023/01/12,浦和,1,Ｃ３ ４歳エ,1400,ダ,左,良,晴,11,3,3,スリーエクセレント,牡,4,56.0,497,-3,秋元耕,川村守,,8,1:34.1,41.7,10-4-3-4,5,497,-3
2023/01/12,浦和,1,Ｃ３ ４歳エ,1400,ダ,左,良,晴,11,6,6,ライディーン,牡,4,56.0,495,2,寺島憂,川島豊,,9,1:34.3,40.9,8-9-9-9,7,495,2
2023/01/12,浦和,1,Ｃ３ ４歳エ,1400,ダ,左,良,晴,11,6,7,ルージュディザイア,牝,4,54.0,451,6,岡田大,横山保,,10,1:34.9,41.8,6-7-7-10,10,451,6
2023/01/12,浦和,1,Ｃ３ ４歳エ,1400,ダ,左,良,晴,11,1,1,サウンドウェリナ,牝,4,54.0,438,-1,半澤慶,薮口一,,11,1:36.4,42.5,9-10-11-11,11,438,-1
2023/01/12,浦和,2,３歳四,1400,ダ,左,良,晴,12,4,4,エーヴベリー,牝,3,55.0,474,7,橋本直,平山真,,1,1:33.0,40.3,3-3-3-3,6,474,7
2023/01/12,浦和,2,３歳四,1400,ダ,左,良,晴,12,7,9,レコルトハッピー,牡,3,56.0,454,-6,加藤和,薮口一,,2,1:33.3,41.0,1-1-1-1,1,454,-6
2023/01/12,浦和,2,３歳四,1400,ダ,左,良,晴,12,2,2,イスデボニュウタ,牡,3,56.0,457,-8,藤本現,小久智,,3,1:33.6,40.6,7-6-6-4,2,457,-8
2023/01/12,浦和,2,３歳四,1400,ダ,左,良,晴,12,5,5,クラダイリン,牝,3,54.0,488,1,町田直,長谷忍,,4,1:33.7,40.2,12-11-7-6,5,488,1
2023/01/12,浦和,2,３歳四,1400,ダ,左,良,晴,12,8,12,ウオッカガール,牝,3,53.0,485,-4,菅原涼,箕輪武,,5,1:33.8,41.3,2-2-2-2,8,485,-4
2023/01/12,浦和,2,３歳四,1400,ダ,左,良,晴,12,3,3,イントゥフリー,牡,3,56.0,431,-4,山口達,林正人,,6,1:34.3,40.7,11-10-8-9,7,431,-4
2023/01/12,浦和,2,３歳四,1400,ダ,左,良,晴,12,8,11,リュウノレッドアイ,牝,3,53.0,476,-3,新原周,川村守,,7,1:34.3,41.5,4-3-5-5,3,476,-3
2023/01/12,浦和,2,３歳四,1400,ダ,左,良,晴,12,1,1,モエヨジャンヌ,牝,3,54.0,409,-5,内田利,箕輪武,,8,1:34.9,41.4,5-7-9-8,11,409,-5
2023/01/12,浦和,2,３歳四,1400,ダ,左,良,晴,12,6,8,ブラウンキングズ,牡,3,56.0,441,1,西啓太,山越光,,9,1:35.2,42.5,6-3-4-7,9,441,1
2023/01/12,浦和,2,３歳四,1400,ダ,左,良,晴,12,7,10,イエローエイト,牝,3,50.0,445,10,中島良,川島豊,,10,1:35.8,42.0,8-9-10-10,4,445,10
2023/01/12,浦和,2,３歳四,1400,ダ,左,良,晴,12,6,7,コンバットアンジュ,牝,3,54.0,423,-7,見越彬,工藤伸,,11,1:36.5,42.0,10-12-12-12,10,423,-7
2023/01/12,浦和,2,３歳四,1400,ダ,左,良,晴,12,5,6,シェナカレン,牡,3,56.0,438,-10,秋元耕,山越光,,12,1:36.8,42.6,9-8-11-11,12,438,-10
2023/01/12,浦和,3,３歳三,1400,ダ,左,良,晴,12,3,3,サブリュウシン,牡,3,56.0,461,-2,森泰斗,平山真,,1,1:32.5,39.8,6-6-3-2,1,461,-2
2023/01/12,浦和,3,３歳三,1400,ダ,左,良,晴,12,7,10,トラックヤロー,牡,3,56.0,433,5,山崎誠,平山真,,2,1:32.7,39.4,9-8-7-4,4,433,5
2023/01/12,浦和,3,３歳三,1400,ダ,左,良,晴,12,6,7,ランディー,牡,3,56.0,449,10,和田譲,小久智,,3,1:32.7,40.0,5-5-5-3,5,449,10
2023/01/12,浦和,3,３歳三,1400,ダ,左,良,晴,12,5,5,シンドバッド,牡,3,56.0,470,-3,西啓太,小久智,,4,1:32.8,40.6,1-1-1-1,3,470,-3
2023/01/12,浦和,3,３歳三,1400,ダ,左,良,晴,12,2,2,リュウノラプター,牡,3,56.0,504,9,矢野貴,齊藤敏,,5,1:33.3,39.6,7-10-10-8,2,504,9
2023/01/12,浦和,3,３歳三,1400,ダ,左,良,晴,12,8,12,イイガネ,牝,3,54.0,454,2,内田利,酒井一,,6,1:33.4,40.9,4-3-4-5,9,454,2
2023/01/12,浦和,3,３歳三,1400,ダ,左,良,晴,12,6,8,スマイルポピー,牝,3,50.0,470,-2,小林捺,小澤宏,,7,1:33.7,40.6,8-7-8-7,7,470,-2
2023/01/12,浦和,3,３歳三,1400,ダ,左,良,晴,12,8,11,ダプネマリン,牝,3,54.0,411,-1,橋本直,牛房榮,,8,1:34.2,40.1,11-11-11-11,8,411,-1
2023/01/12,浦和,3,３歳三,1400,ダ,左,良,晴,12,1,1,エアファールング,牡,3,56.0,475,2,赤津和,山越光,,9,1:34.4,41.5,10-9-9-9,11,475,2
2023/01/12,浦和,3,３歳三,1400,ダ,左,良,晴,12,7,9,サンテンシーサン,牡,3,56.0,501,4,高橋哲,薮口一,,10,1:34.4,42.2,2-2-2-6,6,501,4
2023/01/12,浦和,3,３歳三,1400,ダ,左,良,晴,12,4,4,フラワーテイル,牝,3,54.0,438,-3,福原杏,平山真,,11,1:36.6,43.9,3-4-6-10,10,438,-3
2023/01/12,浦和,3,３歳三,1400,ダ,左,良,晴,12,5,6,シェナストーン,牡,3,56.0,0,0,秋元耕,吉田正,,,,,,,0,0
2023/01/12,浦和,4,浦和８００ラウンドＣ３選抜馬イ,800,ダ,左,良,晴,12,7,9,ツクバフタツボシ,牝,6,54.0,485,-6,張田昂,山越光,,1,0:49.5,36.5,3-2,4,485,-6
2023/01/12,浦和,4,浦和８００ラウンドＣ３選抜馬イ,800,ダ,左,良,晴,12,8,11,フラッシュ,牡,4,56.0,496,-3,岡田大,藤原智,,2,0:49.6,37.0,1-1,6,496,-3
2023/01/12,浦和,4,浦和８００ラウンドＣ３選抜馬イ,800,ダ,左,良,晴,12,6,8,ピノゼン,牝,7,53.0,478,-6,新原周,野口孝,,3,0:49.9,37.0,2-3,2,478,-6
2023/01/12,浦和,4,浦和８００ラウンドＣ３選抜馬イ,800,ダ,左,良,晴,12,2,2,リチェルカータ,牝,6,54.0,463,-4,藤本現,小澤宏,,4,0:50.1,36.9,6-5,5,463,-4
2023/01/12,浦和,4,浦和８００ラウンドＣ３選抜馬イ,800,ダ,左,良,晴,12,1,1,ヴィクトリアブーケ,牝,5,54.0,378,-2,矢野貴,薮口一,,5,0:50.5,37.5,4-4,3,378,-2
2023/01/12,浦和,4,浦和８００ラウンドＣ３選抜馬イ,800,ダ,左,良,晴,12,6,7,シエスタキー,牡,6,56.0,504,-4,秋元耕,川村守,,6,0:50.8,37.4,8-6,7,504,-4
2023/01/12,浦和,4,浦和８００ラウンドＣ３選抜馬イ,800,ダ,左,良,晴,12,5,6,ケイティーユイ,牝,5,54.0,468,12,高橋哲,水野貴,,7,0:51.1,37.8,7-8,11,468,12
2023/01/12,浦和,4,浦和８００ラウンドＣ３選抜馬イ,800,ダ,左,良,晴,12,4,4,ボビン,牝,7,50.0,449,-4,中島良,内野健,,8,0:51.2,37.6,9-9,8,449,-4
2023/01/12,浦和,4,浦和８００ラウンドＣ３選抜馬イ,800,ダ,左,良,晴,12,5,5,カズアティシャ,牡,5,56.0,501,-2,半澤慶,牛房榮,,9,0:51.4,38.4,5-7,9,501,-2
2023/01/12,浦和,4,浦和８００ラウンドＣ３選抜馬イ,800,ダ,左,良,晴,12,8,12,ヘデラ,牝,7,54.0,454,9,寺島憂,箕輪武,,10,0:51.5,37.7,10-10,1,454,9
2023/01/12,浦和,4,浦和８００ラウンドＣ３選抜馬イ,800,ダ,左,良,晴,12,7,10,クロノエンプレス,牝,6,54.0,470,0,橋本直,酒井一,,11,0:51.5,37.0,12-12,10,470,0
2023/01/12,浦和,4,浦和８００ラウンドＣ３選抜馬イ,800,ダ,左,良,晴,12,3,3,レイリアン,牝,6,54.0,425,0,國分祐,冨田敏,,12,0:51.6,37.6,11-11,12,425,0
2023/01/12,浦和,5,浦和８００ラウンドＣ３選抜馬ア,800,ダ,左,良,晴,12,7,10,シルヴァーイーグル,牡,7,56.0,537,-5,藤江渉,岡田一,,1,0:49.4,36.7,3-3,3,537,-5
2023/01/12,浦和,5,浦和８００ラウンドＣ３選抜馬ア,800,ダ,左,良,晴,12,5,6,エイシンキーゼル,牡,5,56.0,458,-5,半澤慶,宇野博,,2,0:49.6,37.2,1-1,1,458,-5
2023/01/12,浦和,5,浦和８００ラウンドＣ３選抜馬ア,800,ダ,左,良,晴,12,1,1,レコパントモチャン,牝,5,54.0,522,-10,内田利,岡田一,,3,0:49.6,37.0,4-4,8,522,-10
2023/01/12,浦和,5,浦和８００ラウンドＣ３選抜馬ア,800,ダ,左,良,晴,12,2,2,ウンジョウノメガミ,牝,5,50.0,451,-6,小林捺,牛房榮,,4,0:49.7,37.3,2-2,5,451,-6
2023/01/12,浦和,5,浦和８００ラウンドＣ３選抜馬ア,800,ダ,左,良,晴,12,4,4,ファンファン,牡,6,56.0,465,-1,寺島憂,箕輪武,,5,0:49.9,37.0,7-5,12,465,-1
2023/01/12,浦和,5,浦和８００ラウンドＣ３選抜馬ア,800,ダ,左,良,晴,12,8,11,モリデンタワー,牝,5,54.0,498,-11,赤津和,山越光,,6,0:50.2,37.3,6-6,4,498,-11
2023/01/12,浦和,5,浦和８００ラウンドＣ３選抜馬ア,800,ダ,左,良,晴,12,6,7,メモリアルクイーン,牝,6,53.0,450,7,古岡勇,小澤宏,,7,0:50.3,37.4,8-9,2,450,7
2023/01/12,浦和,5,浦和８００ラウンドＣ３選抜馬ア,800,ダ,左,良,晴,12,3,3,ニシノマッハ,牡,9,56.0,476,-2,秋元耕,吉田正,,8,0:50.4,37.1,9-7,10,476,-2
2023/01/12,浦和,5,浦和８００ラウンドＣ３選抜馬ア,800,ダ,左,良,晴,12,8,12,ダンストンラソ,牝,8,54.0,445,2,見越彬,野口孝,,9,0:50.4,37.3,10-11,7,445,2
2023/01/12,浦和,5,浦和８００ラウンドＣ３選抜馬ア,800,ダ,左,良,晴,12,6,8,フライトメモリア,牝,5,54.0,519,5,山中悠,川村守,,10,0:50.5,36.9,12-12,9,519,5
2023/01/12,浦和,5,浦和８００ラウンドＣ３選抜馬ア,800,ダ,左,良,晴,12,7,9,ビナフエ,牝,4,54.0,434,-1,福原杏,水野貴,,11,0:50.9,38.2,5-8,11,434,-1
2023/01/12,浦和,5,浦和８００ラウンドＣ３選抜馬ア,800,ダ,左,良,晴,12,5,5,パワーサクレツ,セ,0,56.0,401,-4,加藤和,横山保,,12,0:51.1,37.7,11-10,6,401,-4
2023/01/12,浦和,6,ランチタイムチャレンジＣ２六 七,1400,ダ,左,良,晴,12,7,10,アンジュレイ,牝,4,54.0,477,1,森泰斗,小久智,,1,1:29.8,39.1,3-3-2-1,1,477,1
2023/01/12,浦和,6,ランチタイムチャレンジＣ２六 七,1400,ダ,左,良,晴,12,3,3,フクノヴァランス,牡,8,52.0,478,-4,中島良,川島豊,,2,1:31.0,40.6,1-1-1-2,4,478,-4
2023/01/12,浦和,6,ランチタイムチャレンジＣ２六 七,1400,ダ,左,良,晴,12,5,5,エイシンヌチマシヌ,牝,4,54.0,454,-4,西啓太,山越光,,3,1:31.4,39.8,7-8-7-6,9,454,-4
2023/01/12,浦和,6,ランチタイムチャレンジＣ２六 七,1400,ダ,左,良,晴,12,1,1,ソプラヴェステ,牝,4,54.0,462,-7,和田譲,宇野博,,4,1:31.4,40.4,4-4-4-3,2,462,-7
2023/01/12,浦和,6,ランチタイムチャレンジＣ２六 七,1400,ダ,左,良,晴,12,7,9,ミミコチャン,牝,4,53.0,485,8,七夕裕,小林真,,5,1:31.8,40.3,5-6-6-7,6,485,8
2023/01/12,浦和,6,ランチタイムチャレンジＣ２六 七,1400,ダ,左,良,晴,12,4,4,モンテッソーリ,牝,4,54.0,421,-2,張田昂,小澤宏,,6,1:31.8,40.4,8-5-5-5,11,421,-2
2023/01/12,浦和,6,ランチタイムチャレンジＣ２六 七,1400,ダ,左,良,晴,12,5,6,カイレイダディ,牡,5,56.0,498,3,半澤慶,平山真,,7,1:31.8,41.2,2-2-3-4,3,498,3
2023/01/12,浦和,6,ランチタイムチャレンジＣ２六 七,1400,ダ,左,良,晴,12,8,11,ジュニパーダンス,牝,5,54.0,436,-7,町田直,海馬司,,8,1:32.0,40.4,6-7-7-8,8,436,-7
2023/01/12,浦和,6,ランチタイムチャレンジＣ２六 七,1400,ダ,左,良,晴,12,6,7,ナムラキャッツ,牝,4,54.0,409,1,藤江渉,工藤伸,,9,1:32.5,40.3,11-11-11-10,10,409,1
2023/01/12,浦和,6,ランチタイムチャレンジＣ２六 七,1400,ダ,左,良,晴,12,6,8,ベイビーアッシュ,牡,5,54.0,544,1,野畑凌,小澤宏,,10,1:33.5,41.7,10-10-9-9,7,544,1
2023/01/12,浦和,6,ランチタイムチャレンジＣ２六 七,1400,ダ,左,良,晴,12,2,2,ミルティー,牝,4,54.0,420,-5,寺島憂,横山保,,11,1:33.6,41.1,12-12-12-12,12,420,-5
2023/01/12,浦和,6,ランチタイムチャレンジＣ２六 七,1400,ダ,左,良,晴,12,8,12,プリマリー,牝,4,54.0,442,-4,達城龍,水野貴,,12,1:34.1,42.3,9-9-10-11,5,442,-4
2023/01/12,浦和,7,Ｃ３二,1500,ダ,左,良,晴,11,7,9,ホクセツ,セ,0,56.0,544,3,秋元耕,箕輪武,,1,1:39.4,40.8,5-3-2-1,3,544,3
2023/01/12,浦和,7,Ｃ３二,1500,ダ,左,良,晴,11,6,7,カイジンビリーヴ,牡,5,56.0,533,4,高橋哲,入口由,,2,1:39.9,40.8,4-5-6-5,7,533,4
2023/01/12,浦和,7,Ｃ３二,1500,ダ,左,良,晴,11,8,11,ラーズグリーズ,セ,0,52.0,452,-7,小林捺,工藤伸,,3,1:39.9,40.7,7-6-5-4,2,452,-7
2023/01/12,浦和,7,Ｃ３二,1500,ダ,左,良,晴,11,7,8,ファインアレス,牡,7,56.0,515,3,福原杏,鹿沼和,,4,1:39.9,39.5,11-11-9-7,6,515,3
2023/01/12,浦和,7,Ｃ３二,1500,ダ,左,良,晴,11,1,1,リュウオウ,牡,7,56.0,471,1,半澤慶,宇野博,,5,1:40.1,41.7,2-2-1-2,1,471,1
2023/01/12,浦和,7,Ｃ３二,1500,ダ,左,良,晴,11,5,5,イサチルダイチ,牡,7,56.0,505,-1,加藤和,長谷忍,,6,1:40.2,41.4,3-4-3-3,5,505,-1
2023/01/12,浦和,7,Ｃ３二,1500,ダ,左,良,晴,11,2,2,シャイニングパール,牝,5,54.0,424,0,見越彬,横山保,,7,1:40.2,40.4,8-8-8-6,10,424,0
2023/01/12,浦和,7,Ｃ３二,1500,ダ,左,良,晴,11,4,4,セイウングラッパ,牡,8,56.0,453,-5,岡田大,吉田正,,8,1:40.6,39.8,10-10-11-8,8,453,-5
2023/01/12,浦和,7,Ｃ３二,1500,ダ,左,良,晴,11,3,3,キミノナハ,牝,5,52.0,459,-10,野畑凌,長谷忍,,9,1:41.1,41.6,6-7-7-9,11,459,-10
2023/01/12,浦和,7,Ｃ３二,1500,ダ,左,良,晴,11,6,6,トーセンイヴ,牝,5,54.0,431,3,和田譲,酒井一,,10,1:41.3,40.7,9-9-10-10,9,431,3
2023/01/12,浦和,7,Ｃ３二,1500,ダ,左,良,晴,11,8,10,エイシンキンバリー,牝,5,54.0,422,-5,藤本現,小久智,,11,1:45.0,46.4,1-1-3-11,4,422,-5
2023/01/12,浦和,8,国指定史跡吉見百穴賞Ｃ２六 七,1500,ダ,左,良,晴,12,5,5,フォルトゥナ,牡,4,55.0,483,3,新原周,岡田一,,1,1:38.6,39.9,1-1-1-1,7,483,3
2023/01/12,浦和,8,国指定史跡吉見百穴賞Ｃ２六 七,1500,ダ,左,良,晴,12,4,4,ジュンツバサニセイ,牡,4,56.0,452,-3,西啓太,山越光,,2,1:38.9,39.7,10-10-8-6,3,452,-3
2023/01/12,浦和,8,国指定史跡吉見百穴賞Ｃ２六 七,1500,ダ,左,良,晴,12,8,12,パラダイスアレイ,牡,5,56.0,479,4,張田昂,小澤宏,,3,1:39.2,40.0,9-9-7-2,2,479,4
2023/01/12,浦和,8,国指定史跡吉見百穴賞Ｃ２六 七,1500,ダ,左,良,晴,12,2,2,アポロリップ,牝,4,54.0,515,-3,秋元耕,薮口一,,4,1:39.4,40.4,4-3-5-4,11,515,-3
2023/01/12,浦和,8,国指定史跡吉見百穴賞Ｃ２六 七,1500,ダ,左,良,晴,12,6,8,ヤマジュンヒバナ,牝,6,52.0,456,2,野畑凌,宇野博,,5,1:39.6,40.4,7-8-9-9,4,456,2
2023/01/12,浦和,8,国指定史跡吉見百穴賞Ｃ２六 七,1500,ダ,左,良,晴,12,7,9,ジーニーボニータ,牡,4,56.0,491,1,高橋哲,小林真,,6,1:39.8,40.3,11-11-12-8,12,491,1
2023/01/12,浦和,8,国指定史跡吉見百穴賞Ｃ２六 七,1500,ダ,左,良,晴,12,3,3,フェルカド,セ,0,56.0,486,11,見越彬,野口孝,,7,1:40.0,40.8,8-6-6-5,8,486,11
2023/01/12,浦和,8,国指定史跡吉見百穴賞Ｃ２六 七,1500,ダ,左,良,晴,12,5,6,ヴァンクールシチー,牡,4,56.0,430,0,半澤慶,工藤伸,,8,1:40.2,41.4,5-4-2-3,5,430,0
2023/01/12,浦和,8,国指定史跡吉見百穴賞Ｃ２六 七,1500,ダ,左,良,晴,12,8,11,ロータスペトル,牡,4,56.0,477,-7,町田直,野口寛,,9,1:40.5,41.3,6-7-4-7,1,477,-7
2023/01/12,浦和,8,国指定史跡吉見百穴賞Ｃ２六 七,1500,ダ,左,良,晴,12,1,1,バジガクフローレス,牡,4,56.0,401,-1,笠野雄,山中尊,,10,1:41.6,41.9,12-12-10-10,10,401,-1
2023/01/12,浦和,8,国指定史跡吉見百穴賞Ｃ２六 七,1500,ダ,左,良,晴,12,7,10,クレールアヴニール,牝,4,54.0,446,-3,山崎誠,野口孝,,11,1:43.3,44.1,3-5-11-12,9,446,-3
2023/01/12,浦和,8,国指定史跡吉見百穴賞Ｃ２六 七,1500,ダ,左,良,晴,12,6,7,シカテブクロ,牡,4,56.0,513,-8,橋本直,小久智,,12,1:43.8,45.1,2-2-3-11,6,513,-8
2023/01/12,浦和,9,水仙特別Ｃ１三,1400,ダ,左,良,晴,11,3,3,トーセンインディゴ,牡,5,56.0,486,2,本橋孝,小久智,,1,1:30.0,38.9,4-4-4-1,1,486,2
2023/01/12,浦和,9,水仙特別Ｃ１三,1400,ダ,左,良,晴,11,4,4,ブラックアピス,牡,5,56.0,494,-8,森泰斗,水野貴,,2,1:30.3,39.6,2-2-1-2,2,494,-8
2023/01/12,浦和,9,水仙特別Ｃ１三,1400,ダ,左,良,晴,11,1,1,ワンダークラドート,牡,6,56.0,480,-2,橋本直,鈴木勝,,3,1:30.3,39.0,7-6-5-3,5,480,-2
2023/01/12,浦和,9,水仙特別Ｃ１三,1400,ダ,左,良,晴,11,5,5,ヴィスコンティ,セ,0,56.0,503,3,達城龍,山中尊,,4,1:30.4,38.6,6-7-6-6,3,503,3
2023/01/12,浦和,9,水仙特別Ｃ１三,1400,ダ,左,良,晴,11,6,7,キョウエイシャイン,牝,4,54.0,461,2,秋元耕,小澤宏,,5,1:30.8,39.2,5-5-7-7,6,461,2
2023/01/12,浦和,9,水仙特別Ｃ１三,1400,ダ,左,良,晴,11,7,8,イデアノキセキ,牡,4,55.0,444,-3,新原周,岡田一,,6,1:31.0,40.2,3-2-3-5,4,444,-3
2023/01/12,浦和,9,水仙特別Ｃ１三,1400,ダ,左,良,晴,11,2,2,ガンコチャン,牝,4,53.0,488,-2,七夕裕,岡田一,,7,1:31.1,40.4,1-1-1-4,7,488,-2
2023/01/12,浦和,9,水仙特別Ｃ１三,1400,ダ,左,良,晴,11,7,9,セイウンコチョウ,牝,4,54.0,416,2,加藤和,冨田敏,,8,1:31.2,38.7,10-10-9-9,11,416,2
2023/01/12,浦和,9,水仙特別Ｃ１三,1400,ダ,左,良,晴,11,8,11,キックフリップ,牝,4,54.0,470,9,福原杏,野口孝,,9,1:31.2,39.1,9-9-8-8,8,470,9
2023/01/12,浦和,9,水仙特別Ｃ１三,1400,ダ,左,良,晴,11,6,6,マナーザマジック,牡,6,56.0,452,-3,町田直,野口孝,,10,1:31.3,38.5,11-11-11-11,9,452,-3
2023/01/12,浦和,9,水仙特別Ｃ１三,1400,ダ,左,良,晴,11,8,10,エーススパークル,牡,4,52.0,460,11,中島良,小澤宏,,11,1:31.3,39.0,8-8-10-10,10,460,11
2023/01/12,浦和,10,ＵＲＡＷＡなでしこオープン３歳牝馬選抜馬,1400,ダ,左,良,晴,12,2,2,アトカラツイテクル,牝,3,55.0,504,9,和田譲,宇野博,,1,1:30.2,40.2,1-1-1-1,3,504,9
2023/01/12,浦和,10,ＵＲＡＷＡなでしこオープン３歳牝馬選抜馬,1400,ダ,左,良,晴,12,4,4,フークエンジェル,牝,3,54.0,443,-3,篠谷葵,米谷康,,2,1:30.7,38.4,11-11-8-6,4,443,-3
2023/01/12,浦和,10,ＵＲＡＷＡなでしこオープン３歳牝馬選抜馬,1400,ダ,左,良,晴,12,8,12,ポーチュラカ,牝,3,55.0,472,-7,小杉亮,渋谷博,,3,1:30.8,40.6,3-3-3-2,1,472,-7
2023/01/12,浦和,10,ＵＲＡＷＡなでしこオープン３歳牝馬選抜馬,1400,ダ,左,良,晴,12,1,1,マインドユアミモザ,牝,3,54.0,462,-4,岡村健,河津裕,,4,1:30.9,39.0,8-8-6-4,8,462,-4
2023/01/12,浦和,10,ＵＲＡＷＡなでしこオープン３歳牝馬選抜馬,1400,ダ,左,良,晴,12,7,10,デザートウインド,牝,3,54.0,530,-6,見越彬,藤原智,,5,1:31.7,41.5,2-2-2-3,2,530,-6
2023/01/12,浦和,10,ＵＲＡＷＡなでしこオープン３歳牝馬選抜馬,1400,ダ,左,良,晴,12,6,8,アンジュルミエール,牝,3,54.0,461,-12,森泰斗,小久智,,6,1:32.0,40.8,6-6-4-5,5,461,-12
2023/01/12,浦和,10,ＵＲＡＷＡなでしこオープン３歳牝馬選抜馬,1400,ダ,左,良,晴,12,6,7,トウヨウノマジョ,牝,3,54.0,427,2,矢野貴,薮口一,,7,1:32.6,40.5,7-7-7-8,6,427,2
2023/01/12,浦和,10,ＵＲＡＷＡなでしこオープン３歳牝馬選抜馬,1400,ダ,左,良,晴,12,3,3,ネメシス,牝,3,54.0,453,5,西啓太,箕輪武,,8,1:32.7,40.2,10-9-10-9,11,453,5
2023/01/12,浦和,10,ＵＲＡＷＡなでしこオープン３歳牝馬選抜馬,1400,ダ,左,良,晴,12,8,11,キミトユメヲカケル,牝,3,54.0,423,2,加藤和,長谷忍,,9,1:33.5,40.7,9-10-11-10,10,423,2
2023/01/12,浦和,10,ＵＲＡＷＡなでしこオープン３歳牝馬選抜馬,1400,ダ,左,良,晴,12,5,6,ピュアアメリカン,牝,3,54.0,470,8,福原杏,小澤宏,,10,1:33.6,42.3,5-4-5-7,9,470,8
2023/01/12,浦和,10,ＵＲＡＷＡなでしこオープン３歳牝馬選抜馬,1400,ダ,左,良,晴,12,5,5,ニッショウミライ,牝,3,54.0,459,3,藤本現,酒井一,,11,1:37.2,45.4,4-5-9-11,7,459,3
2023/01/12,浦和,10,ＵＲＡＷＡなでしこオープン３歳牝馬選抜馬,1400,ダ,左,良,晴,12,7,9,シバノヤマブキ,牝,3,54.0,0,0,張田昂,宇野博,,,,,,,0,0
2023/01/12,浦和,11,新春賞Ａ２下,1400,ダ,左,良,晴,10,4,4,マムティキング,牡,7,57.0,476,1,西啓太,荒井朋,,1,1:29.1,37.2,7-6-7-5,2,476,1
2023/01/12,浦和,11,新春賞Ａ２下,1400,ダ,左,良,晴,10,3,3,モリデンアロー,牡,5,57.0,511,-1,町田直,繁田健,,2,1:29.2,38.1,3-2-4-2,1,511,-1
2023/01/12,浦和,11,新春賞Ａ２下,1400,ダ,左,良,晴,10,2,2,エンテレケイア,牡,5,57.0,519,-3,笹川翼,小久智,,3,1:29.4,38.3,1-1-2-1,4,519,-3
2023/01/12,浦和,11,新春賞Ａ２下,1400,ダ,左,良,晴,10,5,5,セルフメイド,牡,5,55.0,508,-5,本橋孝,矢野義,,4,1:29.4,37.6,9-9-5-6,3,508,-5
2023/01/12,浦和,11,新春賞Ａ２下,1400,ダ,左,良,晴,10,7,7,ジョーグランツ,牡,8,55.0,484,-1,矢野貴,小久智,,5,1:29.9,38.7,8-7-3-3,8,484,-1
2023/01/12,浦和,11,新春賞Ａ２下,1400,ダ,左,良,晴,10,7,8,ハートプレイス,牡,5,57.0,482,0,今野忠,佐宗応,,6,1:30.0,38.2,6-5-8-7,6,482,0
2023/01/12,浦和,11,新春賞Ａ２下,1400,ダ,左,良,晴,10,8,9,スティールルージュ,牝,4,55.0,493,11,張田昂,張田京,,7,1:30.4,39.2,2-3-1-4,5,493,11
2023/01/12,浦和,11,新春賞Ａ２下,1400,ダ,左,良,晴,10,1,1,タツノエクスプレス,牡,4,57.0,506,3,和田譲,田邊陽,,8,1:31.0,39.4,5-4-6-8,7,506,3
2023/01/12,浦和,11,新春賞Ａ２下,1400,ダ,左,良,晴,10,8,10,ランスオブプラーナ,牡,7,57.0,489,0,石崎駿,石井勝,,9,1:31.0,38.5,10-10-9-9,10,489,0
2023/01/12,浦和,11,新春賞Ａ２下,1400,ダ,左,良,晴,10,6,6,パンプキンズ,牡,7,55.0,489,7,福原杏,水野貴,,10,1:34.2,41.5,4-8-10-10,9,489,7
2023/01/12,浦和,12,福寿草特別Ｂ３二,1500,ダ,左,良,晴,9,8,9,ナニハサテオキ,牡,4,56.0,517,43,橋本直,平山真,,1,1:36.8,38.5,6-5-2-1,3,517,43
2023/01/12,浦和,12,福寿草特別Ｂ３二,1500,ダ,左,良,晴,9,2,2,グーガルドリームズ,セ,0,56.0,493,5,福原杏,水野貴,,2,1:37.2,38.4,7-7-7-6,5,493,5
2023/01/12,浦和,12,福寿草特別Ｂ３二,1500,ダ,左,良,晴,9,8,8,グランツ,牝,4,54.0,504,-5,和田譲,小久智,,3,1:37.4,39.3,1-1-1-2,1,504,-5
2023/01/12,浦和,12,福寿草特別Ｂ３二,1500,ダ,左,良,晴,9,5,5,メイストーム,牡,5,56.0,500,-3,森泰斗,水野貴,,4,1:37.7,39.2,5-6-6-5,2,500,-3
2023/01/12,浦和,12,福寿草特別Ｂ３二,1500,ダ,左,良,晴,9,1,1,モンバイト,牡,4,56.0,502,-3,加藤和,薮口一,,5,1:37.8,39.3,3-4-5-3,7,502,-3
2023/01/12,浦和,12,福寿草特別Ｂ３二,1500,ダ,左,良,晴,9,7,7,バトードラムール,牝,8,52.0,476,5,野畑凌,小澤宏,,6,1:37.9,38.7,9-9-8-8,8,476,5
2023/01/12,浦和,12,福寿草特別Ｂ３二,1500,ダ,左,良,晴,9,3,3,コウユーラヴラヴ,牝,5,54.0,506,-4,町田直,宇野博,,7,1:38.2,39.9,2-2-3-4,4,506,-4
2023/01/12,浦和,12,福寿草特別Ｂ３二,1500,ダ,左,良,晴,9,6,6,クマサンニデアッタ,牝,5,54.0,480,-2,半澤慶,宇野博,,8,1:38.3,40.0,4-3-4-7,6,480,-2
2023/01/12,浦和,12,福寿草特別Ｂ３二,1500,ダ,左,良,晴,9,4,4,アイエンジェル,牝,6,53.0,498,8,七夕裕,岡田一,,9,1:39.1,39.6,8-8-9-9,9,498,8
2023/01/13,浦和,1,３歳七,1400,ダ,左,良,晴,11,7,8,ケンキートス,牡,3,56.0,0,0,福原杏,繁田健,,1,1:34.0,40.2,5-4-2-2,2,0,0
2023/01/13,浦和,1,３歳七,1400,ダ,左,良,晴,11,5,5,ニットウサニー,牝,3,54.0,0,0,山崎誠,野口寛,,2,1:34.4,40.3,7-6-3-3,4,0,0
2023/01/13,浦和,1,３歳七,1400,ダ,左,良,晴,11,7,9,マーヒナヒナ,牝,3,54.0,0,0,矢野貴,酒井一,,3,1:34.5,40.9,1-1-1-1,1,0,0
2023/01/13,浦和,1,３歳七,1400,ダ,左,良,晴,11,6,6,オザリス,牝,3,54.0,460,-2,張田昂,小澤宏,,4,1:34.7,40.6,4-5-8-5,3,460,-2
2023/01/13,浦和,1,３歳七,1400,ダ,左,良,晴,11,1,1,ミラクルアーサー,牡,3,55.0,498,-8,七夕裕,岡田一,,5,1:34.9,41.0,3-3-4-4,5,498,-8
2023/01/13,浦和,1,３歳七,1400,ダ,左,良,晴,11,8,11,ラニーズグレイス,牝,3,54.0,472,0,半澤慶,工藤伸,,6,1:36.5,42.4,6-7-6-7,8,472,0
2023/01/13,浦和,1,３歳七,1400,ダ,左,良,晴,11,4,4,ハイボールガール,牝,3,54.0,436,-5,赤津和,箕輪武,,7,1:36.5,42.4,9-8-6-8,11,436,-5
2023/01/13,浦和,1,３歳七,1400,ダ,左,良,晴,11,6,7,サインポスト,牝,3,54.0,0,0,加藤和,薮口一,,8,1:37.6,43.8,2-2-5-6,7,0,0
2023/01/13,浦和,1,３歳七,1400,ダ,左,良,晴,11,3,3,ロックン,牡,3,56.0,471,-1,橋本直,野口寛,,9,1:37.8,41.9,8-10-10-10,6,471,-1
2023/01/13,浦和,1,３歳七,1400,ダ,左,良,晴,11,8,10,キタマカロン,牝,3,54.0,472,0,見越彬,鹿沼和,,10,1:38.5,43.2,10-9-9-9,9,472,0
2023/01/13,浦和,1,３歳七,1400,ダ,左,良,晴,11,2,2,ミルクキャラメル,牝,3,54.0,412,-5,藤江渉,平山真,,11,1:39.0,42.7,11-11-11-11,10,412,-5
2023/01/13,浦和,2,３歳六,1400,ダ,左,良,晴,12,5,5,アロア,牝,3,53.0,482,2,七夕裕,長谷忍,,1,1:32.9,40.0,2-2-1-1,1,482,2
2023/01/13,浦和,2,３歳六,1400,ダ,左,良,晴,12,4,4,ツインプライム,牡,3,56.0,453,25,笹川翼,小澤宏,,2,1:33.1,39.9,6-6-4-2,2,453,25
2023/01/13,浦和,2,３歳六,1400,ダ,左,良,晴,12,7,9,カルリーヌ,牝,3,54.0,477,-6,町田直,野口寛,,3,1:33.9,40.5,5-4-5-5,3,477,-6
2023/01/13,浦和,2,３歳六,1400,ダ,左,良,晴,12,6,7,メーネフロタント,牝,3,54.0,473,-4,岡村健,小林真,,4,1:34.5,41.5,3-3-3-3,6,473,-4
2023/01/13,浦和,2,３歳六,1400,ダ,左,良,晴,12,8,12,アルヒモリノナカ,牡,3,52.0,417,1,中島良,宇野博,,5,1:34.8,41.1,9-8-6-7,8,417,1
2023/01/13,浦和,2,３歳六,1400,ダ,左,良,晴,12,1,1,シャインルージュ,牝,3,54.0,488,4,岡田大,吉田正,,6,1:35.0,42.1,1-1-2-4,5,488,4
2023/01/13,浦和,2,３歳六,1400,ダ,左,良,晴,12,2,2,ジョディユキ,牝,3,54.0,444,3,橋本直,酒井一,,7,1:35.6,41.9,7-7-6-6,7,444,3
2023/01/13,浦和,2,３歳六,1400,ダ,左,良,晴,12,6,8,メイプルマロン,牝,3,54.0,475,5,和田譲,小林真,,8,1:37.1,43.4,4-5-8-8,4,475,5
2023/01/13,浦和,2,３歳六,1400,ダ,左,良,晴,12,8,11,カシノビジン,牝,3,54.0,405,0,見越彬,鹿沼和,,9,1:37.2,41.3,11-11-10-9,12,405,0
2023/01/13,浦和,2,３歳六,1400,ダ,左,良,晴,12,5,6,スタータマチャン,牝,3,54.0,485,-7,半澤慶,川村守,,10,1:37.3,41.2,12-12-11-11,10,485,-7
2023/01/13,浦和,2,３歳六,1400,ダ,左,良,晴,12,7,10,ノーブルエフォート,牝,3,54.0,473,0,秋元耕,水野貴,,11,1:37.5,42.6,8-9-9-10,9,473,0
2023/01/13,浦和,2,３歳六,1400,ダ,左,良,晴,12,3,3,シェナレモン,牝,3,54.0,407,-14,國分祐,冨田敏,,12,1:39.4,43.5,10-10-12-12,11,407,-14
2023/01/13,浦和,3,３歳五,1400,ダ,左,良,晴,12,1,1,サンカプリス,牡,3,56.0,503,-2,笹川翼,野口寛,,1,1:32.6,40.0,1-1-1-1,1,503,-2
2023/01/13,浦和,3,３歳五,1400,ダ,左,良,晴,12,5,6,クリスタルミリオン,牝,3,54.0,413,-2,赤津和,箕輪武,,2,1:33.6,40.4,6-7-4-4,7,413,-2
2023/01/13,浦和,3,３歳五,1400,ダ,左,良,晴,12,2,2,リチアブーケ,牝,3,54.0,462,-1,岡田大,藤原智,,3,1:33.9,40.3,7-6-7-5,5,462,-1
2023/01/13,浦和,3,３歳五,1400,ダ,左,良,晴,12,6,8,スターハッスル,牡,3,56.0,456,-13,福原杏,小澤宏,,4,1:33.9,39.6,10-11-9-8,4,456,-13
2023/01/13,浦和,3,３歳五,1400,ダ,左,良,晴,12,6,7,リュウノファントム,牡,3,56.0,460,3,内田利,野口孝,,5,1:34.5,40.6,9-9-8-9,6,460,3
2023/01/13,浦和,3,３歳五,1400,ダ,左,良,晴,12,8,12,ラスターカノン,牝,3,54.0,423,-5,張田昂,田島寿,,6,1:34.6,41.4,4-5-6-7,3,423,-5
2023/01/13,浦和,3,３歳五,1400,ダ,左,良,晴,12,7,9,リュウノフランカー,牡,3,56.0,496,7,和田譲,齊藤敏,,7,1:34.8,42.1,2-2-2-2,2,496,7
2023/01/13,浦和,3,３歳五,1400,ダ,左,良,晴,12,3,3,シェナリオン,牡,3,52.0,449,-6,中島良,冨田敏,,8,1:34.9,40.5,10-10-11-10,10,449,-6
2023/01/13,浦和,3,３歳五,1400,ダ,左,良,晴,12,8,11,クリプリンセス,牝,3,54.0,413,-7,秋元耕,冨田敏,,9,1:35.1,42.3,3-3-3-3,12,413,-7
2023/01/13,浦和,3,３歳五,1400,ダ,左,良,晴,12,5,5,アバランチベルン,牝,3,54.0,405,-4,高橋哲,吉田正,,10,1:35.7,41.6,8-8-10-11,8,405,-4
2023/01/13,浦和,3,３歳五,1400,ダ,左,良,晴,12,4,4,ウィンターソング,牝,3,54.0,464,-2,見越彬,牛房榮,,11,1:35.7,42.5,5-4-5-6,9,464,-2
2023/01/13,浦和,3,３歳五,1400,ダ,左,良,晴,12,7,10,インベンション,牝,3,54.0,455,13,加藤和,長谷忍,,12,1:40.7,45.5,12-12-12-12,11,455,13
2023/01/13,浦和,4,浦和８００ラウンド３歳選抜馬,800,ダ,左,良,晴,11,8,10,ルヴァンモンスター,牡,3,56.0,491,-8,福原杏,水野貴,,1,0:48.5,36.6,1-1,1,491,-8
2023/01/13,浦和,4,浦和８００ラウンド３歳選抜馬,800,ダ,左,良,晴,11,8,11,シェナクラウン,牡,3,56.0,495,-4,藤江渉,冨田敏,,2,0:49.0,36.4,5-3,6,495,-4
2023/01/13,浦和,4,浦和８００ラウンド３歳選抜馬,800,ダ,左,良,晴,11,6,7,アンジュブースター,牝,3,54.0,423,-5,橋本直,小久智,,3,0:49.3,36.9,2-2,5,423,-5
2023/01/13,浦和,4,浦和８００ラウンド３歳選抜馬,800,ダ,左,良,晴,11,1,1,コンパルティール,牝,3,54.0,445,0,笹川翼,川村守,,4,0:49.5,37.1,4-5,4,445,0
2023/01/13,浦和,4,浦和８００ラウンド３歳選抜馬,800,ダ,左,良,晴,11,7,9,タカイチスイート,牝,3,54.0,486,4,高橋哲,薮口一,,5,0:49.6,37.0,5-6,7,486,4
2023/01/13,浦和,4,浦和８００ラウンド３歳選抜馬,800,ダ,左,良,晴,11,2,2,キョウエイカリーナ,牝,3,54.0,455,7,秋元耕,小澤宏,,6,0:50.2,37.8,2-4,2,455,7
2023/01/13,浦和,4,浦和８００ラウンド３歳選抜馬,800,ダ,左,良,晴,11,4,4,ソウルフレイバー,牡,3,56.0,438,13,和田譲,繁田健,,7,0:50.4,37.3,8-8,3,438,13
2023/01/13,浦和,4,浦和８００ラウンド３歳選抜馬,800,ダ,左,良,晴,11,5,5,キングフォーチュン,牡,3,56.0,470,2,岡田大,工藤伸,,8,0:50.6,37.2,10-9,9,470,2
2023/01/13,浦和,4,浦和８００ラウンド３歳選抜馬,800,ダ,左,良,晴,11,6,6,キタカラキタダイヤ,牝,3,54.0,425,-2,町田直,酒井一,,9,0:50.9,38.1,7-7,8,425,-2
2023/01/13,浦和,4,浦和８００ラウンド３歳選抜馬,800,ダ,左,良,晴,11,7,8,カシノクインダム,牝,3,50.0,428,-20,中島良,鹿沼和,,10,0:51.2,38.2,9-10,11,428,-20
2023/01/13,浦和,4,浦和８００ラウンド３歳選抜馬,800,ダ,左,良,晴,11,3,3,ゴールドバニー,牝,3,54.0,463,-4,見越彬,野口孝,,11,0:51.9,38.2,11-11,10,463,-4
2023/01/13,浦和,5,Ｃ３ ４歳カ,1400,ダ,左,良,晴,9,4,4,パトウォン,牡,4,56.0,570,-8,福原杏,水野貴,,1,1:32.5,40.7,1-1-1-1,1,570,-8
2023/01/13,浦和,5,Ｃ３ ４歳カ,1400,ダ,左,良,晴,9,6,6,ハマベノルンナ,牝,4,54.0,452,-9,町田直,宇野博,,2,1:32.6,40.6,2-2-2-2,2,452,-9
2023/01/13,浦和,5,Ｃ３ ４歳カ,1400,ダ,左,良,晴,9,3,3,フラッシュサンダー,牝,4,53.0,420,2,七夕裕,藤原智,,3,1:33.6,40.6,4-4-4-3,5,420,2
2023/01/13,浦和,5,Ｃ３ ４歳カ,1400,ダ,左,良,晴,9,5,5,レーダーベクター,牡,4,52.0,463,1,中島良,川村守,,4,1:33.8,40.3,7-5-5-5,3,463,1
2023/01/13,浦和,5,Ｃ３ ４歳カ,1400,ダ,左,良,晴,9,8,8,ブライトソール,牡,4,56.0,436,-6,加藤和,薮口一,,5,1:34.8,42.2,3-3-3-4,4,436,-6
2023/01/13,浦和,5,Ｃ３ ４歳カ,1400,ダ,左,良,晴,9,1,1,ゴールドボード,牝,4,54.0,513,-11,秋元耕,箕輪武,,6,1:35.3,41.0,6-6-6-6,9,513,-11
2023/01/13,浦和,5,Ｃ３ ４歳カ,1400,ダ,左,良,晴,9,8,9,シェナマジック,牡,4,56.0,435,5,國分祐,冨田敏,,7,1:37.1,41.9,8-8-8-8,6,435,5
2023/01/13,浦和,5,Ｃ３ ４歳カ,1400,ダ,左,良,晴,9,2,2,フィラーズ,牡,4,56.0,459,-3,今野忠,海馬司,,8,1:37.4,41.6,9-9-9-9,7,459,-3
2023/01/13,浦和,5,Ｃ３ ４歳カ,1400,ダ,左,良,晴,9,7,7,ミキノケショウバコ,牝,4,54.0,477,-3,藤江渉,平山真,,9,1:38.0,43.4,5-7-7-7,8,477,-3
2023/01/13,浦和,6,ランチタイムチャレンジＣ３ ４歳オ,1400,ダ,左,良,晴,8,7,7,ロジマスタング,牝,4,54.0,457,-2,橋本直,平山真,,1,1:33.2,40.9,2-2-2-1,1,457,-2
2023/01/13,浦和,6,ランチタイムチャレンジＣ３ ４歳オ,1400,ダ,左,良,晴,8,2,2,フォースチルドレン,牡,4,55.0,510,20,七夕裕,平山真,,2,1:33.3,41.0,1-1-1-2,2,510,20
2023/01/13,浦和,6,ランチタイムチャレンジＣ３ ４歳オ,1400,ダ,左,良,晴,8,8,8,フクチャンクイーン,牝,4,54.0,441,-1,見越彬,内野健,,3,1:34.0,41.0,5-5-4-3,3,441,-1
2023/01/13,浦和,6,ランチタイムチャレンジＣ３ ４歳オ,1400,ダ,左,良,晴,8,1,1,ミッドナイトブルー,牝,4,54.0,430,-11,寺島憂,横山保,,4,1:34.1,40.9,7-7-6-4,5,430,-11
2023/01/13,浦和,6,ランチタイムチャレンジＣ３ ４歳オ,1400,ダ,左,良,晴,8,5,5,パルメニデス,牡,4,56.0,415,-1,藤本現,藤原智,,5,1:34.2,41.2,6-6-5-5,7,415,-1
2023/01/13,浦和,6,ランチタイムチャレンジＣ３ ４歳オ,1400,ダ,左,良,晴,8,4,4,ボンバーキャット,牡,4,56.0,477,-8,加藤和,長谷忍,,6,1:35.1,42.1,3-3-7-7,6,477,-8
2023/01/13,浦和,6,ランチタイムチャレンジＣ３ ４歳オ,1400,ダ,左,良,晴,8,3,3,メイショウコウヨウ,牝,4,54.0,443,-3,高橋哲,川村守,,7,1:35.1,41.5,8-8-8-8,8,443,-3
2023/01/13,浦和,6,ランチタイムチャレンジＣ３ ４歳オ,1400,ダ,左,良,晴,8,6,6,シェリーココ,牝,4,54.0,458,20,福原杏,水野貴,,8,1:36.4,43.9,4-4-3-6,4,458,20
2023/01/13,浦和,7,Ｃ２八 九,1500,ダ,左,良,晴,12,6,8,ウインカーマイン,牡,7,56.0,461,5,秋元耕,川島豊,,1,1:39.0,39.5,9-9-9-5,5,461,5
2023/01/13,浦和,7,Ｃ２八 九,1500,ダ,左,良,晴,12,5,5,ザサンアップライト,牡,6,56.0,450,-9,達城龍,野口孝,,2,1:39.0,40.3,2-2-2-2,6,450,-9
2023/01/13,浦和,7,Ｃ２八 九,1500,ダ,左,良,晴,12,3,3,ブルベアマイル,牡,6,55.0,455,5,七夕裕,岡田一,,3,1:39.1,40.5,1-1-1-1,4,455,5
2023/01/13,浦和,7,Ｃ２八 九,1500,ダ,左,良,晴,12,4,4,モモドリーム,牝,5,54.0,492,-2,福原杏,平山真,,4,1:39.1,40.1,3-3-5-3,2,492,-2
2023/01/13,浦和,7,Ｃ２八 九,1500,ダ,左,良,晴,12,1,1,ブッカープライズ,牡,5,56.0,451,1,矢野貴,川島一,,5,1:39.3,40.3,6-5-4-4,8,451,1
2023/01/13,浦和,7,Ｃ２八 九,1500,ダ,左,良,晴,12,7,9,ハツネヘイロー,セ,0,56.0,487,-13,半澤慶,宇野博,,6,1:39.8,40.8,5-6-7-8,7,487,-13
2023/01/13,浦和,7,Ｃ２八 九,1500,ダ,左,良,晴,12,6,7,ワンダーヘーヒスト,牡,9,56.0,469,-8,橋本直,鈴木勝,,7,1:39.9,40.9,8-8-6-7,3,469,-8
2023/01/13,浦和,7,Ｃ２八 九,1500,ダ,左,良,晴,12,8,11,ホシプリンセス,牝,5,54.0,508,-1,藤本現,酒井一,,8,1:40.1,41.3,3-4-3-6,9,508,-1
2023/01/13,浦和,7,Ｃ２八 九,1500,ダ,左,良,晴,12,5,6,スカイヴィーナス,牝,4,54.0,488,4,岡田大,薮口一,,9,1:40.2,40.9,7-7-8-10,11,488,4
2023/01/13,浦和,7,Ｃ２八 九,1500,ダ,左,良,晴,12,7,10,メガミリオン,牡,5,52.0,454,-7,小林捺,田島寿,,10,1:40.5,40.7,10-10-11-10,12,454,-7
2023/01/13,浦和,7,Ｃ２八 九,1500,ダ,左,良,晴,12,2,2,キョウエイレガード,牝,8,54.0,468,3,高橋哲,吉田正,,11,1:40.5,40.6,12-12-11-12,10,468,3
2023/01/13,浦和,7,Ｃ２八 九,1500,ダ,左,良,晴,12,8,12,ノースブラスト,セ,0,56.0,545,3,森泰斗,水野貴,,12,1:40.6,41.0,10-11-10-9,1,545,3
2023/01/13,浦和,8,浦和ジョッキーズラウンドＣ２選抜馬,1400,ダ,左,良,曇,12,4,4,ケイセブン,牡,5,56.0,441,1,寺島憂,箕輪武,,1,1:31.6,39.9,6-6-5-3,2,441,1
2023/01/13,浦和,8,浦和ジョッキーズラウンドＣ２選抜馬,1400,ダ,左,良,曇,12,8,12,ケイアイマボラ,牡,6,56.0,459,-2,橋本直,横山保,,2,1:31.7,40.0,8-7-4-1,1,459,-2
2023/01/13,浦和,8,浦和ジョッキーズラウンドＣ２選抜馬,1400,ダ,左,良,曇,12,7,9,ブルボンティアラ,牝,4,54.5,430,-6,赤津和,水野貴,,3,1:31.7,39.6,7-8-6-4,8,430,-6
2023/01/13,浦和,8,浦和ジョッキーズラウンドＣ２選抜馬,1400,ダ,左,良,曇,12,8,11,カミヤガルーラ,牡,5,56.0,470,1,岡田大,内野健,,4,1:31.8,40.3,4-3-3-1,7,470,1
2023/01/13,浦和,8,浦和ジョッキーズラウンドＣ２選抜馬,1400,ダ,左,良,曇,12,6,8,ユキマツリ,牡,6,56.0,473,-6,福原杏,横山保,,5,1:32.3,40.0,9-9-11-5,5,473,-6
2023/01/13,浦和,8,浦和ジョッキーズラウンドＣ２選抜馬,1400,ダ,左,良,曇,12,2,2,トレンチタウン,牡,5,55.0,461,-22,七夕裕,工藤伸,,6,1:32.5,40.2,10-10-9-9,6,461,-22
2023/01/13,浦和,8,浦和ジョッキーズラウンドＣ２選抜馬,1400,ダ,左,良,曇,12,6,7,エレダール,牡,4,56.5,449,-2,高橋哲,工藤伸,,7,1:32.6,40.3,11-11-6-8,9,449,-2
2023/01/13,浦和,8,浦和ジョッキーズラウンドＣ２選抜馬,1400,ダ,左,良,曇,12,1,1,メディアジャッカル,牝,5,54.0,452,2,秋元耕,内野健,,8,1:33.2,40.4,12-12-12-12,12,452,2
2023/01/13,浦和,8,浦和ジョッキーズラウンドＣ２選抜馬,1400,ダ,左,良,曇,12,5,6,ピノタージュ,牝,6,54.5,452,1,半澤慶,内野健,,9,1:33.4,42.1,2-2-1-6,4,452,1
2023/01/13,浦和,8,浦和ジョッキーズラウンドＣ２選抜馬,1400,ダ,左,良,曇,12,7,10,マヘアラニ,牝,4,54.0,457,-3,見越彬,酒井一,,10,1:33.7,41.8,3-5-10-11,10,457,-3
2023/01/13,浦和,8,浦和ジョッキーズラウンドＣ２選抜馬,1400,ダ,左,良,曇,12,3,3,ピオレドール,牡,8,56.5,478,-3,國分祐,横山保,,11,1:33.9,42.2,5-4-6-10,3,478,-3
2023/01/13,浦和,8,浦和ジョッキーズラウンドＣ２選抜馬,1400,ダ,左,良,曇,12,5,5,サマーデライト,牝,4,54.5,424,-2,内田利,牛房榮,,12,1:34.1,42.8,1-1-2-7,11,424,-2
2023/01/13,浦和,9,吉見いちご賞Ｃ２八 九,1400,ダ,左,良,曇,12,7,10,リングボーイ,セ,0,56.0,434,-5,森泰斗,水野貴,,1,1:31.3,40.2,3-3-2-1,1,434,-5
2023/01/13,浦和,9,吉見いちご賞Ｃ２八 九,1400,ダ,左,良,曇,12,4,4,サマーボーイ,牡,8,56.0,509,-3,矢野貴,小久智,,2,1:31.6,40.5,2-2-1-2,2,509,-3
2023/01/13,浦和,9,吉見いちご賞Ｃ２八 九,1400,ダ,左,良,曇,12,1,1,ミメウルワシ,牝,8,50.0,448,-5,小林捺,山越光,,3,1:32.1,41.0,1-1-3-3,6,448,-5
2023/01/13,浦和,9,吉見いちご賞Ｃ２八 九,1400,ダ,左,良,曇,12,6,7,エコロアジェンダ,牡,5,55.0,456,-2,古岡勇,工藤伸,,4,1:32.2,40.5,8-7-6-4,3,456,-2
2023/01/13,浦和,9,吉見いちご賞Ｃ２八 九,1400,ダ,左,良,曇,12,2,2,ミーティアカフェ,牝,5,53.0,482,-3,七夕裕,箕輪武,,5,1:32.2,40.5,7-7-8-7,9,482,-3
2023/01/13,浦和,9,吉見いちご賞Ｃ２八 九,1400,ダ,左,良,曇,12,5,5,ビュヴォン,牡,5,52.0,518,4,中島良,長谷忍,,6,1:32.9,40.8,10-9-10-8,7,518,4
2023/01/13,浦和,9,吉見いちご賞Ｃ２八 九,1400,ダ,左,良,曇,12,8,11,パフュームリボン,牝,5,54.0,432,-8,町田直,酒井一,,7,1:33.4,41.9,5-4-5-5,4,432,-8
2023/01/13,浦和,9,吉見いちご賞Ｃ２八 九,1400,ダ,左,良,曇,12,7,9,サキホコレ,牝,4,54.0,446,-1,半澤慶,宇野博,,8,1:33.5,41.3,12-11-9-10,11,446,-1
2023/01/13,浦和,9,吉見いちご賞Ｃ２八 九,1400,ダ,左,良,曇,12,6,8,イデアグリーン,牝,4,54.0,427,0,寺島憂,岡田一,,9,1:33.7,41.3,11-12-12-11,12,427,0
2023/01/13,浦和,9,吉見いちご賞Ｃ２八 九,1400,ダ,左,良,曇,12,5,6,タマモトレゾール,牡,4,56.0,516,6,見越彬,川島豊,,10,1:33.8,41.6,9-10-11-12,8,516,6
2023/01/13,浦和,9,吉見いちご賞Ｃ２八 九,1400,ダ,左,良,曇,12,3,3,パンケーキ,牝,4,54.0,457,2,藤江渉,平山真,,11,1:34.2,42.5,6-5-7-6,10,457,2
2023/01/13,浦和,9,吉見いちご賞Ｃ２八 九,1400,ダ,左,良,曇,12,8,12,メールファンタジア,牝,5,54.0,536,8,加藤和,薮口一,,12,1:35.2,43.7,4-6-4-9,5,536,8
2023/01/13,浦和,10,寒桜特別Ｃ３一,1400,ダ,左,良,曇,10,1,1,ウォーターリリー,牝,5,54.0,450,3,橋本直,内野健,,1,1:32.0,40.3,2-2-2-2,6,450,3
2023/01/13,浦和,10,寒桜特別Ｃ３一,1400,ダ,左,良,曇,10,4,4,イエローリボン,牝,6,54.0,483,6,内田利,藤原智,,2,1:32.2,40.6,1-1-1-1,4,483,6
2023/01/13,浦和,10,寒桜特別Ｃ３一,1400,ダ,左,良,曇,10,6,6,ベリリウンヌ,牝,5,53.0,431,-2,七夕裕,海馬司,,3,1:32.7,40.1,4-6-4-4,7,431,-2
2023/01/13,浦和,10,寒桜特別Ｃ３一,1400,ダ,左,良,曇,10,7,8,ジャストメイビー,牝,5,54.0,510,6,和田譲,宇野博,,4,1:33.1,40.8,3-3-3-3,2,510,6
2023/01/13,浦和,10,寒桜特別Ｃ３一,1400,ダ,左,良,曇,10,3,3,ジョーカイ,牝,5,54.0,472,0,笹川翼,小久智,,5,1:33.5,41.0,6-5-4-6,1,472,0
2023/01/13,浦和,10,寒桜特別Ｃ３一,1400,ダ,左,良,曇,10,5,5,エイシンビースト,牡,5,56.0,452,2,秋元耕,薮口一,,6,1:33.8,40.5,9-8-8-7,3,452,2
2023/01/13,浦和,10,寒桜特別Ｃ３一,1400,ダ,左,良,曇,10,2,2,カンノンショウ,牡,5,56.0,450,-4,今野忠,箕輪武,,7,1:33.8,41.3,5-4-4-5,5,450,-4
2023/01/13,浦和,10,寒桜特別Ｃ３一,1400,ダ,左,良,曇,10,8,9,エイコーレイワ,牝,6,54.0,472,6,高橋哲,川村守,,8,1:34.5,40.8,8-9-9-9,8,472,6
2023/01/13,浦和,10,寒桜特別Ｃ３一,1400,ダ,左,良,曇,10,8,10,フィシェ,牝,5,54.0,458,2,寺島憂,酒井一,,9,1:34.6,41.4,7-7-7-8,9,458,2
2023/01/13,浦和,10,寒桜特別Ｃ３一,1400,ダ,左,良,曇,10,7,7,レジュールウール,牝,5,50.0,0,0,中島良,野口孝,,,,,,,0,0
2023/01/13,浦和,11,睦月特別Ｂ１二Ｂ２一,1500,ダ,左,良,曇,10,4,4,リンクスショウ,牡,5,55.0,491,1,矢野貴,渡邊貴,,1,1:36.3,38.6,8-7-3-2,4,491,1
2023/01/13,浦和,11,睦月特別Ｂ１二Ｂ２一,1500,ダ,左,良,曇,10,6,6,ゾディアックレーヴ,牡,5,55.0,480,-3,澤田龍,矢野義,,2,1:36.6,40.2,1-1-1-1,1,480,-3
2023/01/13,浦和,11,睦月特別Ｂ１二Ｂ２一,1500,ダ,左,良,曇,10,3,3,カールスバート,牡,5,57.0,481,-1,和田譲,齊藤敏,,3,1:36.7,38.7,9-8-5-4,2,481,-1
2023/01/13,浦和,11,睦月特別Ｂ１二Ｂ２一,1500,ダ,左,良,曇,10,1,1,トーセンフランク,牡,5,55.0,504,-10,笹川翼,小久智,,4,1:37.5,40.1,4-4-4-5,3,504,-10
2023/01/13,浦和,11,睦月特別Ｂ１二Ｂ２一,1500,ダ,左,良,曇,10,7,7,ストームドッグ,セ,0,57.0,438,1,山口達,伊藤滋,,5,1:37.7,39.4,7-9-9-6,8,438,1
2023/01/13,浦和,11,睦月特別Ｂ１二Ｂ２一,1500,ダ,左,良,曇,10,5,5,キャッスルヒーロー,牡,5,55.0,484,-1,西啓太,渋谷博,,6,1:37.9,40.0,6-6-8-8,10,484,-1
2023/01/13,浦和,11,睦月特別Ｂ１二Ｂ２一,1500,ダ,左,良,曇,10,8,9,ホウヨウクリスタル,牡,5,55.0,514,-3,山崎誠,藤原智,,7,1:38.2,41.6,2-2-2-3,7,514,-3
2023/01/13,浦和,11,睦月特別Ｂ１二Ｂ２一,1500,ダ,左,良,曇,10,2,2,アートムーブメント,牝,6,53.0,459,3,森泰斗,山下之,,8,1:38.4,40.5,5-5-6-7,5,459,3
2023/01/13,浦和,11,睦月特別Ｂ１二Ｂ２一,1500,ダ,左,良,曇,10,8,10,マイネルカガヤキ,牡,6,55.0,490,-21,橋本直,平山真,,9,1:39.5,40.6,10-10-10-10,6,490,-21
2023/01/13,浦和,11,睦月特別Ｂ１二Ｂ２一,1500,ダ,左,良,曇,10,7,8,ブレーヴユニコーン,牡,7,55.0,508,-12,今野忠,箕輪武,,10,1:40.0,42.5,3-3-7-9,9,508,-12
2023/01/13,浦和,12,寒梅特別Ｃ１二,1500,ダ,左,良,曇,10,2,2,トーセンキッド,牡,4,56.0,478,7,笹川翼,小久智,,1,1:37.5,38.8,5-5-5-2,3,478,7
2023/01/13,浦和,12,寒梅特別Ｃ１二,1500,ダ,左,良,曇,10,6,6,サンウェーコ,牡,7,56.0,512,5,川島正,繁田健,,2,1:38.0,39.6,2-2-1-1,1,512,5
2023/01/13,浦和,12,寒梅特別Ｃ１二,1500,ダ,左,良,曇,10,7,8,ジングルベル,牝,4,54.0,472,-9,本橋孝,小久智,,3,1:38.3,39.9,3-3-3-3,4,472,-9
2023/01/13,浦和,12,寒梅特別Ｃ１二,1500,ダ,左,良,曇,10,7,7,マスクドサムライ,牡,4,56.0,481,0,半澤慶,藤原智,,4,1:38.4,39.7,4-6-6-4,6,481,0
2023/01/13,浦和,12,寒梅特別Ｃ１二,1500,ダ,左,良,曇,10,4,4,リュウノアン,牝,4,54.0,457,2,山崎誠,川村守,,5,1:38.5,39.7,8-9-6-6,5,457,2
2023/01/13,浦和,12,寒梅特別Ｃ１二,1500,ダ,左,良,曇,10,5,5,オウケンアマゾネス,牝,6,54.0,455,-1,町田直,工藤伸,,6,1:38.7,39.7,7-7-8-7,2,455,-1
2023/01/13,浦和,12,寒梅特別Ｃ１二,1500,ダ,左,良,曇,10,8,10,タキチャンゴー,牝,4,54.0,475,-3,高橋哲,小久智,,7,1:38.9,40.4,6-4-4-5,7,475,-3
2023/01/13,浦和,12,寒梅特別Ｃ１二,1500,ダ,左,良,曇,10,3,3,コンスタンティナ,牝,7,54.0,506,-11,岡田大,冨田敏,,8,1:39.2,39.7,10-10-10-9,10,506,-11
2023/01/13,浦和,12,寒梅特別Ｃ１二,1500,ダ,左,良,曇,10,8,9,ロッソアモーレ,牝,6,54.0,468,-8,國分祐,冨田敏,,9,1:39.3,40.3,9-8-8-8,9,468,-8
2023/01/13,浦和,12,寒梅特別Ｃ１二,1500,ダ,左,良,曇,10,1,1,ハリーオンダウン,牝,4,54.0,435,-2,和田譲,小澤宏,,10,1:45.7,47.4,1-1-2-10,8,435,-2
2023/02/13,浦和,1,Ｃ３九 十,1400,ダ,左,重,雨,12,4,4,ケンブリッジウィズ,牝,7,54.0,463,8,和田譲,新井清,,1,1:32.0,40.1,5-4-3-1,1,463,8
2023/02/13,浦和,1,Ｃ３九 十,1400,ダ,左,重,雨,12,6,8,ユメノハジマリ,牝,7,51.0,471,-2,室陽一,水野貴,,2,1:33.2,41.6,2-2-1-2,5,471,-2
2023/02/13,浦和,1,Ｃ３九 十,1400,ダ,左,重,雨,12,2,2,ユメツクシ,牝,7,54.0,487,-4,加藤和,長谷忍,,3,1:33.3,40.6,10-10-8-6,9,487,-4
2023/02/13,浦和,1,Ｃ３九 十,1400,ダ,左,重,雨,12,3,3,トキノカサドール,牡,8,56.0,458,-7,見越彬,横山保,,4,1:33.3,41.1,4-5-5-3,6,458,-7
2023/02/13,浦和,1,Ｃ３九 十,1400,ダ,左,重,雨,12,5,5,モエレレジェンド,牡,7,56.0,484,0,森泰斗,齊藤敏,,5,1:33.3,40.3,11-12-10-9,2,484,0
2023/02/13,浦和,1,Ｃ３九 十,1400,ダ,左,重,雨,12,1,1,ニシノサトル,牡,7,56.0,492,4,内田利,吉田正,,6,1:33.5,41.0,6-6-9-10,7,492,4
2023/02/13,浦和,1,Ｃ３九 十,1400,ダ,左,重,雨,12,8,11,バロンキング,牡,7,56.0,457,-3,濱田達,阿井正,,7,1:33.7,41.4,12-8-5-5,11,457,-3
2023/02/13,浦和,1,Ｃ３九 十,1400,ダ,左,重,雨,12,8,12,パレスギガント,牡,7,55.0,490,6,七夕裕,長谷忍,,8,1:33.7,41.4,9-7-5-4,8,490,6
2023/02/13,浦和,1,Ｃ３九 十,1400,ダ,左,重,雨,12,7,10,ピノゼン,牝,7,53.0,479,1,新原周,野口孝,,9,1:33.8,41.8,3-3-4-8,4,479,1
2023/02/13,浦和,1,Ｃ３九 十,1400,ダ,左,重,雨,12,7,9,ネオエンジェル,牝,7,54.0,449,7,國分祐,冨田敏,,10,1:34.2,40.8,7-11-12-12,10,449,7
2023/02/13,浦和,1,Ｃ３九 十,1400,ダ,左,重,雨,12,6,7,ツーエムポラリス,牡,8,56.0,475,2,半澤慶,鈴木勝,,11,1:34.5,41.5,8-9-11-11,12,475,2
2023/02/13,浦和,1,Ｃ３九 十,1400,ダ,左,重,雨,12,5,6,ヤマトフェニックス,牝,7,54.0,469,-1,藤江渉,山田質,,12,1:35.0,43.4,1-1-2-7,3,469,-1
2023/02/13,浦和,2,Ｃ３九 十,1400,ダ,左,重,雨,12,8,11,ラキエストバイオ,牝,7,54.0,466,-1,笹川翼,新井清,,1,1:31.9,39.8,3-3-3-1,1,466,-1
2023/02/13,浦和,2,Ｃ３九 十,1400,ダ,左,重,雨,12,5,6,ニシノマリアージュ,牝,7,54.0,419,3,岡田大,冨田敏,,2,1:32.1,39.6,6-5-4-3,8,419,3
2023/02/13,浦和,2,Ｃ３九 十,1400,ダ,左,重,雨,12,4,4,クオーレカルド,牝,8,53.0,436,-1,野畑凌,内田勝,,3,1:32.1,40.1,1-1-1-2,3,436,-1
2023/02/13,浦和,2,Ｃ３九 十,1400,ダ,左,重,雨,12,8,12,コンディトラム,牡,6,56.0,502,-1,橋本直,川村守,,4,1:32.6,40.3,4-4-5-4,11,502,-1
2023/02/13,浦和,2,Ｃ３九 十,1400,ダ,左,重,雨,12,6,8,プチポワン,牝,7,51.0,475,-2,木間龍,矢野義,,5,1:32.8,39.6,11-11-8-7,5,475,-2
2023/02/13,浦和,2,Ｃ３九 十,1400,ダ,左,重,雨,12,2,2,ロイヤルヨット,牡,7,56.0,487,3,本橋孝,石井勝,,6,1:33.1,39.7,9-9-11-8,4,487,3
2023/02/13,浦和,2,Ｃ３九 十,1400,ダ,左,重,雨,12,7,10,サノチナ,牝,6,54.0,421,3,秋元耕,川島豊,,7,1:33.2,40.5,8-8-7-6,9,421,3
2023/02/13,浦和,2,Ｃ３九 十,1400,ダ,左,重,雨,12,3,3,プリートソリード,牝,7,54.0,494,0,福原杏,八木仁,,8,1:33.5,40.3,10-10-10-10,2,494,0
2023/02/13,浦和,2,Ｃ３九 十,1400,ダ,左,重,雨,12,6,7,キョウエイミーレス,牡,7,53.0,503,3,室陽一,内野健,,9,1:33.6,41.5,2-2-2-5,6,503,3
2023/02/13,浦和,2,Ｃ３九 十,1400,ダ,左,重,雨,12,5,5,パーティーアニマル,牡,7,56.0,465,1,高橋哲,牛房榮,,10,1:33.9,41.0,5-6-9-9,7,465,1
2023/02/13,浦和,2,Ｃ３九 十,1400,ダ,左,重,雨,12,7,9,アルコンシチー,牡,6,55.0,476,2,菅原涼,箕輪武,,11,1:34.3,41.8,7-7-6-11,10,476,2
2023/02/13,浦和,2,Ｃ３九 十,1400,ダ,左,重,雨,12,1,1,ビービーシャルト,セ,0,52.0,489,-3,小林捺,玉井昇,,12,1:34.7,40.7,12-12-12-12,12,489,-3
2023/02/13,浦和,3,３歳四,1400,ダ,左,重,雨,12,6,8,イスデボニュウタ,牡,3,56.0,463,6,森泰斗,小久智,,1,1:31.7,38.8,3-3-3-4,1,463,6
2023/02/13,浦和,3,３歳四,1400,ダ,左,重,雨,12,6,7,ハーピーレックス,牡,3,56.0,457,0,和田譲,武井和,,2,1:31.8,38.7,4-4-4-3,6,457,0
2023/02/13,浦和,3,３歳四,1400,ダ,左,重,雨,12,8,12,ラヴァリエール,牝,3,54.0,447,-7,櫻井光,八木喜,,3,1:31.9,39.0,2-2-1-2,5,447,-7
2023/02/13,浦和,3,３歳四,1400,ダ,左,重,雨,12,5,6,コンパルティール,牝,3,54.0,454,9,笹川翼,川村守,,4,1:32.0,39.1,1-1-1-1,4,454,9
2023/02/13,浦和,3,３歳四,1400,ダ,左,重,雨,12,2,2,リュウノラプター,牡,3,56.0,498,0,矢野貴,齊藤敏,,5,1:32.7,39.6,6-6-5-5,2,498,0
2023/02/13,浦和,3,３歳四,1400,ダ,左,重,雨,12,4,4,イイガネ,牝,3,54.0,444,-10,内田利,酒井一,,6,1:32.7,39.2,7-8-8-7,3,444,-10
2023/02/13,浦和,3,３歳四,1400,ダ,左,重,雨,12,5,5,ダバイマリーンズ,牡,3,56.0,449,-6,本田重,坂本昇,,7,1:32.8,38.5,12-12-12-10,7,449,-6
2023/02/13,浦和,3,３歳四,1400,ダ,左,重,雨,12,8,11,エアファールング,牡,3,56.0,472,-3,赤津和,山越光,,8,1:33.1,40.0,5-5-6-8,12,472,-3
2023/02/13,浦和,3,３歳四,1400,ダ,左,重,雨,12,1,1,ダンシングクライ,牝,3,54.0,464,5,高橋哲,藤原智,,9,1:33.2,39.5,8-10-9-6,10,464,5
2023/02/13,浦和,3,３歳四,1400,ダ,左,重,雨,12,7,10,ベニノパール,牝,3,54.0,377,2,山崎誠,田島寿,,10,1:33.4,39.6,10-9-10-11,11,377,2
2023/02/13,浦和,3,３歳四,1400,ダ,左,重,雨,12,7,9,スマイルポピー,牝,3,54.0,465,-5,秋元耕,小澤宏,,11,1:33.5,40.0,9-7-7-9,9,465,-5
2023/02/13,浦和,3,３歳四,1400,ダ,左,重,雨,12,3,3,クラダイリン,牝,3,54.0,490,6,福原杏,長谷忍,,12,1:34.4,40.5,11-11-11-12,8,490,6
2023/02/13,浦和,4,Ｃ２三 四,1500,ダ,左,不良,雨,12,3,3,ヤマニンフェリクス,牡,4,56.0,465,-10,山崎誠,山崎尋,,1,1:37.3,38.8,6-4-3-3,3,465,-10
2023/02/13,浦和,4,Ｃ２三 四,1500,ダ,左,不良,雨,12,4,4,リングボーイ,セ,0,56.0,435,1,森泰斗,水野貴,,2,1:37.4,39.3,9-8-2-1,1,435,1
2023/02/13,浦和,4,Ｃ２三 四,1500,ダ,左,不良,雨,12,5,5,キャンビー,牡,5,56.0,519,2,和田譲,野口寛,,3,1:37.9,39.8,2-1-1-2,2,519,2
2023/02/13,浦和,4,Ｃ２三 四,1500,ダ,左,不良,雨,12,6,8,エレダール,牡,4,56.0,449,0,藤江渉,工藤伸,,4,1:38.7,39.3,12-12-10-5,7,449,0
2023/02/13,浦和,4,Ｃ２三 四,1500,ダ,左,不良,雨,12,1,1,フォルトゥナ,牡,4,55.0,487,12,新原周,岡田一,,5,1:38.9,39.3,11-11-12-9,4,487,12
2023/02/13,浦和,4,Ｃ２三 四,1500,ダ,左,不良,雨,12,2,2,エターナルルビー,牝,5,50.0,445,2,中島良,川島豊,,6,1:39.0,39.8,8-9-11-7,5,445,2
2023/02/13,浦和,4,Ｃ２三 四,1500,ダ,左,不良,雨,12,8,11,カジュアルスパート,牡,4,56.0,489,6,達城龍,野口寛,,7,1:39.1,40.2,5-6-7-6,9,489,6
2023/02/13,浦和,4,Ｃ２三 四,1500,ダ,左,不良,雨,12,6,7,ナンノコレシキ,牝,5,54.0,469,-5,櫻井光,八木喜,,8,1:39.7,40.7,10-10-9-10,10,469,-5
2023/02/13,浦和,4,Ｃ２三 四,1500,ダ,左,不良,雨,12,7,9,マニフィックブリエ,牝,4,53.0,441,-2,野畑凌,平田正,,9,1:39.9,41.6,1-1-4-4,6,441,-2
2023/02/13,浦和,4,Ｃ２三 四,1500,ダ,左,不良,雨,12,8,12,エムテイルビー,牝,4,51.0,474,-9,室陽一,宇野博,,10,1:40.7,42.0,7-7-7-11,8,474,-9
2023/02/13,浦和,4,Ｃ２三 四,1500,ダ,左,不良,雨,12,5,6,カゲカツ,牡,9,56.0,532,1,橋本直,長谷忍,,11,1:40.8,42.3,3-3-5-8,12,532,1
2023/02/13,浦和,4,Ｃ２三 四,1500,ダ,左,不良,雨,12,7,10,ナガタドール,牝,4,53.0,454,4,古岡勇,岩本洋,,12,1:42.5,44.0,4-4-5-12,11,454,4
2023/02/13,浦和,5,特選Ｃ３ ４歳イ,1500,ダ,左,不良,雨,10,2,2,ニシノマンテン,牡,4,56.0,443,6,半澤慶,川島豊,,1,1:37.7,40.4,1-1-1-1,9,443,6
2023/02/13,浦和,5,特選Ｃ３ ４歳イ,1500,ダ,左,不良,雨,10,7,8,マルノコウキ,牡,4,53.0,538,3,室陽一,川村守,,2,1:38.9,40.8,4-4-5-4,2,538,3
2023/02/13,浦和,5,特選Ｃ３ ４歳イ,1500,ダ,左,不良,雨,10,5,5,ウイングラドナス,牡,4,56.0,458,-2,橋本直,内野健,,3,1:38.9,40.8,5-5-4-5,1,458,-2
2023/02/13,浦和,5,特選Ｃ３ ４歳イ,1500,ダ,左,不良,雨,10,4,4,ゲットデザイアー,牝,4,54.0,461,6,藤本現,箕輪武,,4,1:39.1,41.5,2-2-2-2,3,461,6
2023/02/13,浦和,5,特選Ｃ３ ４歳イ,1500,ダ,左,不良,雨,10,8,10,マジックゲール,牡,4,56.0,479,-1,福原杏,水野貴,,5,1:39.2,41.3,3-3-3-3,4,479,-1
2023/02/13,浦和,5,特選Ｃ３ ４歳イ,1500,ダ,左,不良,雨,10,1,1,トゥルーブルー,牡,4,56.0,446,4,秋元耕,牛房榮,,6,1:40.7,40.9,10-9-10-9,8,446,4
2023/02/13,浦和,5,特選Ｃ３ ４歳イ,1500,ダ,左,不良,雨,10,7,7,ヤクライローズ,牝,4,53.0,441,1,古岡勇,鹿沼和,,7,1:40.9,41.3,8-8-8-7,10,441,1
2023/02/13,浦和,5,特選Ｃ３ ４歳イ,1500,ダ,左,不良,雨,10,3,3,サンボールダー,牝,4,54.0,481,-2,澤田龍,川村守,,8,1:41.2,41.6,9-10-9-10,6,481,-2
2023/02/13,浦和,5,特選Ｃ３ ４歳イ,1500,ダ,左,不良,雨,10,8,9,コロディア,牝,4,54.0,472,9,見越彬,鹿沼和,,8,1:41.2,42.3,6-7-6-6,5,472,9
2023/02/13,浦和,5,特選Ｃ３ ４歳イ,1500,ダ,左,不良,雨,10,6,6,セイエイセンヌ,牝,4,54.0,446,-2,内田利,岡田一,,10,1:41.2,42.1,7-6-7-8,7,446,-2
2023/02/13,浦和,6,浦和８００ラウンドＣ２選抜馬,800,ダ,左,不良,雨,12,7,10,ベルセブンティーン,牝,5,54.0,480,-8,笹川翼,小久智,,1,0:47.7,35.3,1-1,1,480,-8
2023/02/13,浦和,6,浦和８００ラウンドＣ２選抜馬,800,ダ,左,不良,雨,12,1,1,ピースリアン,牡,6,56.0,494,5,福原杏,横山保,,2,0:48.6,35.9,5-4,3,494,5
2023/02/13,浦和,6,浦和８００ラウンドＣ２選抜馬,800,ダ,左,不良,雨,12,5,6,ツクバフタツボシ,牝,6,54.0,489,4,張田昂,山越光,,3,0:48.7,36.1,4-5,8,489,4
2023/02/13,浦和,6,浦和８００ラウンドＣ２選抜馬,800,ダ,左,不良,雨,12,6,8,クウェンヤ,牝,5,54.0,402,1,半澤慶,工藤伸,,4,0:48.9,36.7,3-3,5,402,1
2023/02/13,浦和,6,浦和８００ラウンドＣ２選抜馬,800,ダ,左,不良,雨,12,3,3,マーメイドソング,牝,5,54.0,467,-3,岡村健,武井和,,5,0:49.0,36.0,6-6,2,467,-3
2023/02/13,浦和,6,浦和８００ラウンドＣ２選抜馬,800,ダ,左,不良,雨,12,8,11,カラドボルグ,牡,5,56.0,500,1,岡田大,牛房榮,,6,0:49.0,36.8,2-2,6,500,1
2023/02/13,浦和,6,浦和８００ラウンドＣ２選抜馬,800,ダ,左,不良,雨,12,5,5,ノーブルゲート,牡,5,56.0,506,2,藤本現,八木仁,,7,0:49.2,36.0,8-8,9,506,2
2023/02/13,浦和,6,浦和８００ラウンドＣ２選抜馬,800,ダ,左,不良,雨,12,8,12,マウコノミタマ,牡,4,56.0,476,4,高橋哲,藤原智,,8,0:49.5,36.5,7-7,12,476,4
2023/02/13,浦和,6,浦和８００ラウンドＣ２選抜馬,800,ダ,左,不良,雨,12,4,4,ジーガーブライアン,牡,4,53.0,517,3,木間龍,石井勝,,9,0:49.8,36.3,11-9,7,517,3
2023/02/13,浦和,6,浦和８００ラウンドＣ２選抜馬,800,ダ,左,不良,雨,12,7,9,ユウユウピクニック,牝,4,54.0,411,-5,赤津和,川村守,,10,0:50.4,37.2,9-10,10,411,-5
2023/02/13,浦和,6,浦和８００ラウンドＣ２選抜馬,800,ダ,左,不良,雨,12,6,7,サンビバリーヒルズ,牡,4,56.0,455,5,藤江渉,山越光,,11,0:50.8,37.1,12-12,11,455,5
2023/02/13,浦和,6,浦和８００ラウンドＣ２選抜馬,800,ダ,左,不良,雨,12,2,2,メールファンタジア,牝,5,54.0,535,-1,加藤和,薮口一,,12,0:51.0,38.0,10-11,4,535,-1
2023/02/13,浦和,7,特選Ｃ３ ４歳ア,1400,ダ,左,不良,雨,11,8,11,キタノズーナクア,牝,4,54.0,461,-14,矢野貴,工藤伸,,1,1:30.1,39.1,6-5-3-3,2,461,-14
2023/02/13,浦和,7,特選Ｃ３ ４歳ア,1400,ダ,左,不良,雨,11,7,8,ロジマスタング,牝,4,54.0,463,8,橋本直,平山真,,2,1:30.2,39.5,3-3-2-2,1,463,8
2023/02/13,浦和,7,特選Ｃ３ ４歳ア,1400,ダ,左,不良,雨,11,4,4,ダンスデミルリトン,牡,4,56.0,488,2,藤本現,酒井一,,3,1:30.7,40.2,1-1-1-1,3,488,2
2023/02/13,浦和,7,特選Ｃ３ ４歳ア,1400,ダ,左,不良,雨,11,7,9,ブルーインサニティ,セ,0,56.0,518,2,和田譲,工藤伸,,4,1:31.0,39.8,5-6-4-4,4,518,2
2023/02/13,浦和,7,特選Ｃ３ ４歳ア,1400,ダ,左,不良,雨,11,2,2,アトラクティッド,牝,4,53.0,426,-3,野畑凌,工藤伸,,5,1:31.9,39.7,11-11-10-8,9,426,-3
2023/02/13,浦和,7,特選Ｃ３ ４歳ア,1400,ダ,左,不良,雨,11,5,5,エスケイローレンス,牝,4,54.0,442,-2,福原杏,冨田敏,,5,1:31.9,40.7,4-4-6-5,5,442,-2
2023/02/13,浦和,7,特選Ｃ３ ４歳ア,1400,ダ,左,不良,雨,11,6,7,セキレイオペラ,牡,4,56.0,477,-1,藤江渉,山越光,,7,1:33.1,41.7,9-8-7-7,6,477,-1
2023/02/13,浦和,7,特選Ｃ３ ４歳ア,1400,ダ,左,不良,雨,11,6,6,パーシスト,牝,4,53.0,411,1,七夕裕,岡田一,,8,1:33.2,42.4,2-2-5-6,10,411,1
2023/02/13,浦和,7,特選Ｃ３ ４歳ア,1400,ダ,左,不良,雨,11,3,3,シェナコブシ,牡,4,56.0,484,4,秋元耕,吉田正,,9,1:33.8,42.2,7-7-8-9,8,484,4
2023/02/13,浦和,7,特選Ｃ３ ４歳ア,1400,ダ,左,不良,雨,11,8,10,シェナノララ,牝,4,54.0,421,-7,國分祐,冨田敏,,10,1:33.8,41.9,8-9-9-10,11,421,-7
2023/02/13,浦和,7,特選Ｃ３ ４歳ア,1400,ダ,左,不良,雨,11,1,1,コロッケ,セ,0,53.0,468,5,室陽一,薮口一,,11,1:34.5,41.9,10-10-11-11,7,468,5
2023/02/13,浦和,8,Ｃ２三 四,1400,ダ,左,不良,雨,12,4,4,アンジュレイ,牝,4,54.0,475,-2,森泰斗,小久智,,1,1:28.5,38.1,2-4-2-1,1,475,-2
2023/02/13,浦和,8,Ｃ２三 四,1400,ダ,左,不良,雨,12,8,12,グローリアスゾスマ,牝,5,54.0,475,-8,増田充,高月賢,,2,1:30.5,40.5,4-1-1-2,3,475,-8
2023/02/13,浦和,8,Ｃ２三 四,1400,ダ,左,不良,雨,12,6,8,アーバンブラック,牡,8,56.0,468,-4,橋本直,平山真,,3,1:31.1,39.5,9-10-8-6,7,468,-4
2023/02/13,浦和,8,Ｃ２三 四,1400,ダ,左,不良,雨,12,7,10,ヴァンクールシチー,牡,4,56.0,433,7,半澤慶,工藤伸,,4,1:31.2,40.5,6-5-4-3,5,433,7
2023/02/13,浦和,8,Ｃ２三 四,1400,ダ,左,不良,雨,12,3,3,ウインチャチャ,牝,4,54.0,449,6,和田譲,林　幻,,5,1:31.5,40.5,8-7-5-4,2,449,6
2023/02/13,浦和,8,Ｃ２三 四,1400,ダ,左,不良,雨,12,2,2,キスアンドテル,牝,4,54.0,495,-4,張田昂,海馬司,,6,1:31.5,39.9,10-9-10-9,9,495,-4
2023/02/13,浦和,8,Ｃ２三 四,1400,ダ,左,不良,雨,12,8,11,ナツハヨル,牝,5,54.0,449,-4,福原杏,横山保,,7,1:31.8,41.4,3-3-3-5,4,449,-4
2023/02/13,浦和,8,Ｃ２三 四,1400,ダ,左,不良,雨,12,7,9,ユメミルツキ,牝,4,54.0,477,-1,秋元耕,鹿沼和,,8,1:31.8,40.4,5-8-9-8,12,477,-1
2023/02/13,浦和,8,Ｃ２三 四,1400,ダ,左,不良,雨,12,5,5,ブルボンティアラ,牝,4,51.0,441,7,室陽一,水野貴,,9,1:31.9,39.7,11-12-12-11,6,441,7
2023/02/13,浦和,8,Ｃ２三 四,1400,ダ,左,不良,雨,12,1,1,モーモーブラック,牝,5,53.0,424,3,池谷匠,村田順,,10,1:32.1,41.5,1-2-6-7,8,424,3
2023/02/13,浦和,8,Ｃ２三 四,1400,ダ,左,不良,雨,12,6,7,エメラルセシリア,牝,4,54.0,446,-5,實川純,佐々清,,11,1:32.1,39.9,12-11-11-10,11,446,-5
2023/02/13,浦和,8,Ｃ２三 四,1400,ダ,左,不良,雨,12,5,6,モーモーグリーン,牝,4,54.0,442,11,藤江渉,村田六,,12,1:34.4,43.4,7-6-7-12,10,442,11
2023/02/13,浦和,9,東松山市農林公園賞Ｃ１五,1400,ダ,左,不良,雨,12,8,11,ジュース,牝,4,51.0,437,2,室陽一,小久智,,1,1:29.5,39.2,2-2-1-1,1,437,2
2023/02/13,浦和,9,東松山市農林公園賞Ｃ１五,1400,ダ,左,不良,雨,12,2,2,イチジン,牡,6,56.0,456,-3,加藤和,長谷忍,,2,1:29.9,39.6,1-1-2-2,3,456,-3
2023/02/13,浦和,9,東松山市農林公園賞Ｃ１五,1400,ダ,左,不良,雨,12,8,12,ワンダーフェンリル,牡,5,56.0,517,1,橋本直,鈴木勝,,3,1:30.0,39.4,3-3-3-3,4,517,1
2023/02/13,浦和,9,東松山市農林公園賞Ｃ１五,1400,ダ,左,不良,雨,12,6,8,リベリュール,牡,8,56.0,491,-6,笹川翼,繁田健,,4,1:30.1,39.0,5-5-5-4,2,491,-6
2023/02/13,浦和,9,東松山市農林公園賞Ｃ１五,1400,ダ,左,不良,雨,12,5,5,アルバリ,牡,8,56.0,451,8,秋元耕,箕輪武,,5,1:30.6,38.9,7-9-9-6,10,451,8
2023/02/13,浦和,9,東松山市農林公園賞Ｃ１五,1400,ダ,左,不良,雨,12,7,9,アスクヴェリウェル,牡,8,56.0,463,0,山崎誠,山崎尋,,6,1:30.6,39.2,8-8-6-5,7,463,0
2023/02/13,浦和,9,東松山市農林公園賞Ｃ１五,1400,ダ,左,不良,雨,12,3,3,ウインプロヴァンス,牡,4,55.0,509,4,七夕裕,工藤伸,,7,1:30.6,39.3,4-6-7-8,5,509,4
2023/02/13,浦和,9,東松山市農林公園賞Ｃ１五,1400,ダ,左,不良,雨,12,7,10,リンドグレン,牝,9,54.0,440,-1,和田譲,山下之,,8,1:31.2,40.3,6-4-4-7,6,440,-1
2023/02/13,浦和,9,東松山市農林公園賞Ｃ１五,1400,ダ,左,不良,雨,12,6,7,ダテノライトニング,牝,8,53.0,482,-2,新原周,野口孝,,9,1:32.5,41.1,9-7-7-9,8,482,-2
2023/02/13,浦和,9,東松山市農林公園賞Ｃ１五,1400,ダ,左,不良,雨,12,1,1,ナイフレスト,牝,4,54.0,426,5,福原杏,海馬司,,10,1:32.9,40.6,10-10-10-10,11,426,5
2023/02/13,浦和,9,東松山市農林公園賞Ｃ１五,1400,ダ,左,不良,雨,12,5,6,ハーピーブロッサム,牝,4,54.0,464,-4,櫻井光,武井和,,11,1:33.1,40.4,11-11-11-11,12,464,-4
2023/02/13,浦和,9,東松山市農林公園賞Ｃ１五,1400,ダ,左,不良,雨,12,4,4,バトルオサンナ,牝,9,54.0,445,0,高橋哲,入口由,,12,1:33.4,39.1,12-12-12-12,9,445,0
2023/02/13,浦和,10,春告草特別Ｃ１四,1500,ダ,左,不良,雨,12,5,5,デルタ,牝,6,54.0,445,6,内田利,岡田一,,1,1:36.8,40.0,3-3-1-1,7,445,6
2023/02/13,浦和,10,春告草特別Ｃ１四,1500,ダ,左,不良,雨,12,6,8,アマゴ,牝,4,54.0,443,1,今野忠,箕輪武,,2,1:37.6,40.1,6-6-4-3,2,443,1
2023/02/13,浦和,10,春告草特別Ｃ１四,1500,ダ,左,不良,雨,12,1,1,ドキ,牡,4,56.0,466,-1,笹川翼,高月賢,,3,1:37.7,39.0,12-12-10-4,3,466,-1
2023/02/13,浦和,10,春告草特別Ｃ１四,1500,ダ,左,不良,雨,12,7,9,フーラリ,牡,5,53.0,480,7,室陽一,山越光,,4,1:38.3,41.1,4-4-2-2,6,480,7
2023/02/13,浦和,10,春告草特別Ｃ１四,1500,ダ,左,不良,雨,12,5,6,ニッチモサッチモ,セ,0,56.0,468,4,山中悠,伊藤滋,,5,1:38.4,40.2,11-11-7-6,9,468,4
2023/02/13,浦和,10,春告草特別Ｃ１四,1500,ダ,左,不良,雨,12,8,11,カシノペルル,牡,4,56.0,509,5,寺島憂,鹿沼和,,6,1:38.8,40.5,9-9-11-8,10,509,5
2023/02/13,浦和,10,春告草特別Ｃ１四,1500,ダ,左,不良,雨,12,6,7,ジャングルタキオン,牡,4,56.0,505,6,達城龍,野口孝,,7,1:38.8,41.0,5-5-9-12,8,505,6
2023/02/13,浦和,10,春告草特別Ｃ１四,1500,ダ,左,不良,雨,12,8,12,ジーツーガッキー,牝,4,54.0,493,0,岡村健,岡林光,,8,1:38.9,41.3,7-7-6-5,4,493,0
2023/02/13,浦和,10,春告草特別Ｃ１四,1500,ダ,左,不良,雨,12,4,4,ジョーリベリカ,牡,4,56.0,483,21,森泰斗,小久智,,9,1:39.0,40.7,10-10-12-10,1,483,21
2023/02/13,浦和,10,春告草特別Ｃ１四,1500,ダ,左,不良,雨,12,7,10,クライオブデライト,牝,4,54.0,464,-4,町田直,内田勝,,10,1:39.2,41.2,8-8-8-9,5,464,-4
2023/02/13,浦和,10,春告草特別Ｃ１四,1500,ダ,左,不良,雨,12,2,2,ピュアファンタジー,牝,6,53.0,482,0,古岡勇,小澤宏,,11,1:40.2,43.2,1-1-3-7,12,482,0
2023/02/13,浦和,10,春告草特別Ｃ１四,1500,ダ,左,不良,雨,12,3,3,ガマン,牡,6,56.0,463,3,藤江渉,水野貴,,12,1:40.2,43.2,2-1-5-11,11,463,3
2023/02/13,浦和,11,初音特別Ｂ２三Ｂ３一,1400,ダ,左,不良,雨,12,7,10,カミノアカネ,牝,6,52.0,469,2,新原周,岡田一,,1,1:28.0,38.0,2-2-2-1,11,469,2
2023/02/13,浦和,11,初音特別Ｂ２三Ｂ３一,1400,ダ,左,不良,雨,12,5,6,ケンブリッジイーサ,牡,8,57.0,486,-1,森泰斗,新井清,,2,1:28.8,38.4,3-5-4-3,1,486,-1
2023/02/13,浦和,11,初音特別Ｂ２三Ｂ３一,1400,ダ,左,不良,雨,12,6,8,トーセンキッド,牡,4,55.0,481,3,笹川翼,小久智,,3,1:29.0,38.8,4-3-3-4,3,481,3
2023/02/13,浦和,11,初音特別Ｂ２三Ｂ３一,1400,ダ,左,不良,雨,12,3,3,デクスター,セ,0,55.0,472,7,山崎誠,水野貴,,4,1:29.1,38.5,6-7-7-5,2,472,7
2023/02/13,浦和,11,初音特別Ｂ２三Ｂ３一,1400,ダ,左,不良,雨,12,6,7,ティーポンド,牡,6,55.0,467,-2,本橋孝,新井清,,5,1:29.2,38.4,8-10-10-9,6,467,-2
2023/02/13,浦和,11,初音特別Ｂ２三Ｂ３一,1400,ダ,左,不良,雨,12,4,4,モンゲーハガネ,牡,5,54.0,500,0,野畑凌,鈴木義,,6,1:29.2,38.6,12-11-6-7,8,500,0
2023/02/13,浦和,11,初音特別Ｂ２三Ｂ３一,1400,ダ,左,不良,雨,12,5,5,ガンファイター,牡,7,57.0,530,5,岡田大,藤原智,,7,1:29.3,38.9,7-6-5-6,5,530,5
2023/02/13,浦和,11,初音特別Ｂ２三Ｂ３一,1400,ダ,左,不良,雨,12,1,1,クマサンニデアッタ,牝,5,53.0,479,7,半澤慶,宇野博,,8,1:29.4,38.6,10-9-9-8,9,479,7
2023/02/13,浦和,11,初音特別Ｂ２三Ｂ３一,1400,ダ,左,不良,雨,12,2,2,ピースフラッグ,牡,5,55.0,529,-1,櫻井光,山崎尋,,9,1:29.6,39.8,1-1-1-2,10,529,-1
2023/02/13,浦和,11,初音特別Ｂ２三Ｂ３一,1400,ダ,左,不良,雨,12,7,9,アイエンジェル,牝,6,52.0,492,9,七夕裕,岡田一,,10,1:30.8,39.2,11-12-12-11,12,492,9
2023/02/13,浦和,11,初音特別Ｂ２三Ｂ３一,1400,ダ,左,不良,雨,12,8,11,コウユーモテモテ,牝,6,53.0,518,-6,町田直,宇野博,,11,1:30.9,40.5,5-4-8-10,4,518,-6
2023/02/13,浦和,11,初音特別Ｂ２三Ｂ３一,1400,ダ,左,不良,雨,12,8,12,バトードラムール,牝,8,53.0,470,-6,和田譲,小澤宏,,12,1:31.3,40.5,9-8-11-12,7,470,-6
2023/02/13,浦和,12,春の月特別Ｃ２二,1500,ダ,左,不良,雨,12,1,1,オールイズトゥルー,牝,4,54.0,414,8,橋本直,平山真,,1,1:37.5,39.6,1-1-1-1,7,414,8
2023/02/13,浦和,12,春の月特別Ｃ２二,1500,ダ,左,不良,雨,12,8,11,ワンダーダイカネン,牡,6,56.0,494,0,見越彬,鈴木勝,,2,1:37.5,38.7,9-9-6-4,8,494,0
2023/02/13,浦和,12,春の月特別Ｃ２二,1500,ダ,左,不良,雨,12,2,2,ライヴガーネット,牝,4,53.0,442,-8,野畑凌,工藤伸,,3,1:37.7,39.6,2-2-2-2,3,442,-8
2023/02/13,浦和,12,春の月特別Ｃ２二,1500,ダ,左,不良,雨,12,3,3,フォールロワ,牡,4,56.0,464,-3,矢野貴,高月賢,,4,1:37.7,38.8,8-7-7-6,2,464,-3
2023/02/13,浦和,12,春の月特別Ｃ２二,1500,ダ,左,不良,雨,12,8,12,ポンテドラーゴ,牡,4,56.0,496,1,藤江渉,村田六,,5,1:38.1,39.8,6-4-4-3,1,496,1
2023/02/13,浦和,12,春の月特別Ｃ２二,1500,ダ,左,不良,雨,12,4,4,ハッピートウキョウ,牡,4,56.0,496,-3,笹川翼,小久智,,6,1:38.6,40.1,4-5-5-5,4,496,-3
2023/02/13,浦和,12,春の月特別Ｃ２二,1500,ダ,左,不良,雨,12,7,10,パールズウィッシュ,牝,4,54.0,445,1,本田重,佐藤太,,7,1:38.7,39.9,5-6-8-7,6,445,1
2023/02/13,浦和,12,春の月特別Ｃ２二,1500,ダ,左,不良,雨,12,6,7,シスターフッド,牝,4,54.0,456,4,臼井健,凾館一,,8,1:38.9,39.1,12-12-10-9,12,456,4
2023/02/13,浦和,12,春の月特別Ｃ２二,1500,ダ,左,不良,雨,12,6,8,サンラグナニゲル,牝,4,54.0,440,2,秋元耕,川村守,,9,1:38.9,39.4,10-10-11-10,10,440,2
2023/02/13,浦和,12,春の月特別Ｃ２二,1500,ダ,左,不良,雨,12,5,5,セイウンマリンガー,牝,4,54.0,428,6,福原杏,小澤宏,,10,1:39.6,39.7,11-11-12-11,5,428,6
2023/02/13,浦和,12,春の月特別Ｃ２二,1500,ダ,左,不良,雨,12,7,9,サマーデライト,牝,4,54.0,427,1,高橋哲,牛房榮,,11,1:39.8,41.7,3-3-3-8,11,427,1
2023/02/13,浦和,12,春の月特別Ｃ２二,1500,ダ,左,不良,雨,12,5,6,ウインフランドル,牝,4,53.0,452,-7,新原周,田邊陽,,12,1:41.3,42.0,7-8-9-12,9,452,-7
2023/02/14,浦和,1,Ｃ３ ４歳ウ,1400,ダ,左,不良,晴,10,2,2,パールアゲイン,牝,4,53.0,397,7,七夕裕,岡田一,,1,1:30.6,38.9,3-4-3-2,3,397,7
2023/02/14,浦和,1,Ｃ３ ４歳ウ,1400,ダ,左,不良,晴,10,3,3,エイシンドゥルガー,牝,4,54.0,483,1,御神訓,藤原智,,2,1:30.9,39.7,1-1-1-1,1,483,1
2023/02/14,浦和,1,Ｃ３ ４歳ウ,1400,ダ,左,不良,晴,10,8,9,フォースチルドレン,牡,4,56.0,511,3,橋本直,平山真,,3,1:31.2,39.9,2-2-2-3,2,511,3
2023/02/14,浦和,1,Ｃ３ ４歳ウ,1400,ダ,左,不良,晴,10,5,5,ポップコーントーン,牝,4,54.0,405,7,福原杏,工藤伸,,4,1:32.0,40.0,5-5-6-4,6,405,7
2023/02/14,浦和,1,Ｃ３ ４歳ウ,1400,ダ,左,不良,晴,10,6,6,ピッコロバンビーナ,牝,4,54.0,436,-10,和田譲,酒井一,,5,1:32.5,40.5,10-8-5-5,5,436,-10
2023/02/14,浦和,1,Ｃ３ ４歳ウ,1400,ダ,左,不良,晴,10,4,4,スカイパーフェクト,牝,4,54.0,448,8,半澤慶,吉田正,,6,1:32.6,40.3,9-9-7-8,7,448,8
2023/02/14,浦和,1,Ｃ３ ４歳ウ,1400,ダ,左,不良,晴,10,7,7,シェナハート,牝,4,54.0,427,1,國分祐,冨田敏,,7,1:32.6,40.4,5-6-9-6,10,427,1
2023/02/14,浦和,1,Ｃ３ ４歳ウ,1400,ダ,左,不良,晴,10,1,1,アグリシュブール,牡,4,53.0,475,-3,室陽一,海馬司,,8,1:32.8,40.0,8-10-10-10,8,475,-3
2023/02/14,浦和,1,Ｃ３ ４歳ウ,1400,ダ,左,不良,晴,10,7,8,キョウエイジェリコ,牝,4,54.0,417,5,秋元耕,小澤宏,,9,1:33.0,40.8,7-7-8-9,9,417,5
2023/02/14,浦和,1,Ｃ３ ４歳ウ,1400,ダ,左,不良,晴,10,8,10,ヨドノホマレ,牡,4,56.0,507,19,岡村健,平山真,,10,1:33.5,42.0,4-3-4-7,4,507,19
2023/02/14,浦和,2,Ｃ３七 八,1400,ダ,左,不良,晴,12,8,11,オールドボンバー,牡,7,56.0,488,0,福原杏,横山保,,1,1:30.7,39.5,2-2-2-2,4,488,0
2023/02/14,浦和,2,Ｃ３七 八,1400,ダ,左,不良,晴,12,6,7,ハクサンバレー,牝,6,54.0,437,-8,加藤和,薮口一,,2,1:30.9,39.9,1-1-1-1,9,437,-8
2023/02/14,浦和,2,Ｃ３七 八,1400,ダ,左,不良,晴,12,4,4,ビアンカグリーン,牡,8,56.0,483,-4,森泰斗,酒井一,,3,1:31.2,39.3,7-7-4-4,3,483,-4
2023/02/14,浦和,2,Ｃ３七 八,1400,ダ,左,不良,晴,12,7,9,シエスタキー,牡,6,56.0,493,-5,藤江渉,川村守,,4,1:31.7,38.9,12-12-11-5,11,493,-5
2023/02/14,浦和,2,Ｃ３七 八,1400,ダ,左,不良,晴,12,8,12,ロッカーモーション,牝,7,54.0,495,-2,橋本直,内野健,,5,1:31.7,40.3,5-4-3-3,1,495,-2
2023/02/14,浦和,2,Ｃ３七 八,1400,ダ,左,不良,晴,12,5,6,アミン,牝,6,54.0,472,4,岡田大,冨田敏,,6,1:32.2,40.0,10-10-8-8,8,472,4
2023/02/14,浦和,2,Ｃ３七 八,1400,ダ,左,不良,晴,12,5,5,ドロス,牡,6,55.0,501,1,新原周,内田勝,,7,1:32.4,40.2,8-8-9-9,2,501,1
2023/02/14,浦和,2,Ｃ３七 八,1400,ダ,左,不良,晴,12,1,1,スマイルジーニアス,セ,0,56.0,503,1,見越彬,鹿沼和,,8,1:32.6,40.7,6-6-5-6,6,503,1
2023/02/14,浦和,2,Ｃ３七 八,1400,ダ,左,不良,晴,12,6,8,アベノカイシンゲキ,牡,5,55.0,474,-1,七夕裕,小林真,,9,1:32.6,40.7,4-5-5-7,10,474,-1
2023/02/14,浦和,2,Ｃ３七 八,1400,ダ,左,不良,晴,12,7,10,ゴールドスペンサー,牡,5,56.0,487,5,秋元耕,吉田正,,10,1:33.8,41.6,9-9-10-11,12,487,5
2023/02/14,浦和,2,Ｃ３七 八,1400,ダ,左,不良,晴,12,2,2,ハイエストプレイズ,牝,6,50.0,516,5,中島良,酒井一,,11,1:33.9,40.9,11-11-12-12,7,516,5
2023/02/14,浦和,2,Ｃ３七 八,1400,ダ,左,不良,晴,12,3,3,ケイサンホイミ,牝,9,51.0,464,11,木間龍,新井清,,12,1:34.0,42.3,3-3-7-10,5,464,11
2023/02/14,浦和,3,Ｃ３七 八,1500,ダ,左,不良,晴,12,5,5,ラヴアンドヨウコ,牝,6,53.0,403,-10,野畑凌,山崎尋,,1,1:38.8,40.2,1-1-1-1,5,403,-10
2023/02/14,浦和,3,Ｃ３七 八,1500,ダ,左,不良,晴,12,1,1,ラウズアップ,牡,7,56.0,428,-1,藤江渉,牛房榮,,2,1:39.3,40.1,5-4-4-2,6,428,-1
2023/02/14,浦和,3,Ｃ３七 八,1500,ダ,左,不良,晴,12,2,2,ホシノウチカケ,牝,7,54.0,460,-1,張田昂,渡邊貴,,3,1:39.6,40.8,3-3-3-3,2,460,-1
2023/02/14,浦和,3,Ｃ３七 八,1500,ダ,左,不良,晴,12,4,4,アニマフレスカ,牝,6,54.0,457,-3,寺島憂,酒井一,,4,1:40.2,40.2,4-5-5-5,11,457,-3
2023/02/14,浦和,3,Ｃ３七 八,1500,ダ,左,不良,晴,12,6,7,ナツィオナーレ,牝,8,50.0,458,-3,中島良,野口孝,,5,1:40.2,39.6,9-8-8-6,4,458,-3
2023/02/14,浦和,3,Ｃ３七 八,1500,ダ,左,不良,晴,12,8,12,タカラチーター,牡,7,55.0,486,-1,新原周,内田勝,,6,1:40.4,41.7,2-2-2-4,1,486,-1
2023/02/14,浦和,3,Ｃ３七 八,1500,ダ,左,不良,晴,12,3,3,アールレアル,セ,0,56.0,443,-8,澤田龍,川村守,,7,1:40.4,40.1,7-6-6-7,10,443,-8
2023/02/14,浦和,3,Ｃ３七 八,1500,ダ,左,不良,晴,12,5,6,サンハンツビル,牝,7,54.0,466,2,秋元耕,鈴木勝,,8,1:41.2,40.2,8-10-10-8,3,466,2
2023/02/14,浦和,3,Ｃ３七 八,1500,ダ,左,不良,晴,12,8,11,デンコウメジャー,牡,8,55.0,494,19,七夕裕,平山真,,9,1:41.7,41.3,6-7-7-9,8,494,19
2023/02/14,浦和,3,Ｃ３七 八,1500,ダ,左,不良,晴,12,6,8,マロンシャンティ,牝,5,51.0,472,1,室陽一,宇野博,,10,1:42.3,41.5,11-9-9-10,9,472,1
2023/02/14,浦和,3,Ｃ３七 八,1500,ダ,左,不良,晴,12,7,10,シェナモエギ,牝,5,54.0,397,-2,岡村裕,山田正,,11,1:42.5,41.0,12-12-12-11,12,397,-2
2023/02/14,浦和,3,Ｃ３七 八,1500,ダ,左,不良,晴,12,7,9,ジニアズウィッシュ,牝,7,54.0,467,-11,見越彬,小林真,,12,1:42.5,41.3,10-11-11-12,7,467,-11
2023/02/14,浦和,4,浦和８００ラウンドＣ２Ｃ３選抜馬,800,ダ,左,不良,晴,12,3,3,プリプリクインダム,牝,8,55.0,490,6,櫻井光,海馬司,,1,0:48.4,35.6,3-4,6,490,6
2023/02/14,浦和,4,浦和８００ラウンドＣ２Ｃ３選抜馬,800,ダ,左,不良,晴,12,4,4,ツーエムタイガー,牡,5,54.0,475,20,古岡勇,小澤宏,,2,0:48.6,35.6,6-3,5,475,20
2023/02/14,浦和,4,浦和８００ラウンドＣ２Ｃ３選抜馬,800,ダ,左,不良,晴,12,7,10,ファンファン,牡,6,53.0,464,-1,中島良,箕輪武,,3,0:49.2,36.5,4-5,11,464,-1
2023/02/14,浦和,4,浦和８００ラウンドＣ２Ｃ３選抜馬,800,ダ,左,不良,晴,12,6,8,エイシンキーゼル,牡,5,57.0,462,4,半澤慶,宇野博,,4,0:49.2,36.7,2-2,2,462,4
2023/02/14,浦和,4,浦和８００ラウンドＣ２Ｃ３選抜馬,800,ダ,左,不良,晴,12,8,11,スマートシエル,牝,5,55.0,446,-8,笹川翼,小久智,,5,0:49.2,36.5,1-1,1,446,-8
2023/02/14,浦和,4,浦和８００ラウンドＣ２Ｃ３選抜馬,800,ダ,左,不良,晴,12,8,12,モリデンタワー,牝,5,53.0,508,10,赤津和,山越光,,6,0:49.8,37.0,5-7,7,508,10
2023/02/14,浦和,4,浦和８００ラウンドＣ２Ｃ３選抜馬,800,ダ,左,不良,晴,12,7,9,ニシノイルマーレ,牝,5,55.0,485,-2,岡田大,冨田敏,,7,0:50.0,36.8,9-8,10,485,-2
2023/02/14,浦和,4,浦和８００ラウンドＣ２Ｃ３選抜馬,800,ダ,左,不良,晴,12,5,6,レコパントモチャン,牝,5,53.0,522,1,内田利,岡田一,,8,0:50.0,36.9,7-6,8,522,1
2023/02/14,浦和,4,浦和８００ラウンドＣ２Ｃ３選抜馬,800,ダ,左,不良,晴,12,6,7,ウンジョウノメガミ,牝,5,52.0,442,2,新原周,牛房榮,,9,0:50.0,36.9,8-10,4,442,2
2023/02/14,浦和,4,浦和８００ラウンドＣ２Ｃ３選抜馬,800,ダ,左,不良,晴,12,2,2,シゲルアパライト,牡,7,57.0,482,4,福原杏,横山保,,10,0:50.3,37.2,10-9,3,482,4
2023/02/14,浦和,4,浦和８００ラウンドＣ２Ｃ３選抜馬,800,ダ,左,不良,晴,12,5,5,ケイティーユイ,牝,5,50.0,445,-23,室陽一,水野貴,,11,0:50.3,36.7,11-11,9,445,-23
2023/02/14,浦和,4,浦和８００ラウンドＣ２Ｃ３選抜馬,800,ダ,左,不良,晴,12,1,1,ムースチャレンジ,牝,6,53.0,0,0,川島正,佐々功,,,,,,,0,0
2023/02/14,浦和,5,ランチタイムチャレンジ３歳三,1400,ダ,左,不良,晴,12,6,8,ローアヴァンフレア,牡,3,56.0,471,-6,笹川翼,繁田健,,1,1:30.4,38.6,7-7-6-1,1,471,-6
2023/02/14,浦和,5,ランチタイムチャレンジ３歳三,1400,ダ,左,不良,晴,12,7,10,ランディー,牡,3,56.0,453,4,高橋哲,小久智,,2,1:31.1,39.9,3-3-2-2,5,453,4
2023/02/14,浦和,5,ランチタイムチャレンジ３歳三,1400,ダ,左,不良,晴,12,8,11,プリンスオーソ,牡,3,56.0,450,0,加藤和,長谷忍,,3,1:31.4,39.4,10-9-7-5,11,450,0
2023/02/14,浦和,5,ランチタイムチャレンジ３歳三,1400,ダ,左,不良,晴,12,7,9,シナノフローレンス,牝,3,54.0,391,-2,寺島憂,岡田一,,4,1:31.4,40.4,2-2-1-3,9,391,-2
2023/02/14,浦和,5,ランチタイムチャレンジ３歳三,1400,ダ,左,不良,晴,12,5,6,トラックヤロー,牡,3,56.0,435,4,橋本直,平山真,,5,1:31.4,40.0,6-6-4-4,3,435,4
2023/02/14,浦和,5,ランチタイムチャレンジ３歳三,1400,ダ,左,不良,晴,12,4,4,ワールドバトル,牡,3,56.0,488,-5,町田直,海馬司,,6,1:31.7,39.7,9-8-8-6,8,488,-5
2023/02/14,浦和,5,ランチタイムチャレンジ３歳三,1400,ダ,左,不良,晴,12,1,1,メモリアルフィジー,牡,3,56.0,411,-5,藤江渉,甲田悟,,7,1:32.7,39.8,12-12-11-10,12,411,-5
2023/02/14,浦和,5,ランチタイムチャレンジ３歳三,1400,ダ,左,不良,晴,12,8,12,フルダッシュ,セ,0,56.0,456,0,山林信,久保秀,,8,1:33.0,41.4,5-4-5-8,7,456,0
2023/02/14,浦和,5,ランチタイムチャレンジ３歳三,1400,ダ,左,不良,晴,12,2,2,スカーレットレイル,牝,3,54.0,446,0,和田譲,内田勝,,9,1:33.2,40.4,11-11-10-9,4,446,0
2023/02/14,浦和,5,ランチタイムチャレンジ３歳三,1400,ダ,左,不良,晴,12,5,5,アイリイファースト,牝,3,51.0,500,-5,室陽一,宇野博,,10,1:33.7,41.7,4-5-9-11,10,500,-5
2023/02/14,浦和,5,ランチタイムチャレンジ３歳三,1400,ダ,左,不良,晴,12,6,7,キョウエイカリーナ,牝,3,54.0,464,23,秋元耕,小澤宏,,11,1:33.8,42.8,1-1-3-7,6,464,23
2023/02/14,浦和,5,ランチタイムチャレンジ３歳三,1400,ダ,左,不良,晴,12,3,3,アロア,牝,3,53.0,474,-8,七夕裕,長谷忍,,12,1:34.6,42.0,8-10-12-12,2,474,-8
2023/02/14,浦和,6,３歳二,1400,ダ,左,不良,晴,12,8,12,ブレバ,牡,3,52.0,490,0,神尾香,山田質,,1,1:31.1,39.1,9-8-5-3,7,490,0
2023/02/14,浦和,6,３歳二,1400,ダ,左,不良,晴,12,8,11,サブリュウシン,牡,3,56.0,457,-4,森泰斗,平山真,,2,1:31.2,39.5,6-6-2-2,2,457,-4
2023/02/14,浦和,6,３歳二,1400,ダ,左,不良,晴,12,2,2,ビービーシャーンス,牡,3,56.0,465,-1,笹川翼,新井清,,3,1:31.3,39.5,4-4-4-4,1,465,-1
2023/02/14,浦和,6,３歳二,1400,ダ,左,不良,晴,12,3,3,アクセルオーソ,牡,3,56.0,523,-3,川島正,坂本昇,,4,1:31.9,39.7,11-11-8-6,4,523,-3
2023/02/14,浦和,6,３歳二,1400,ダ,左,不良,晴,12,6,7,スマイルマハロ,牡,3,56.0,481,-5,秋元耕,宇野博,,5,1:32.1,40.1,7-7-7-5,9,481,-5
2023/02/14,浦和,6,３歳二,1400,ダ,左,不良,晴,12,1,1,アイゴールド,牝,3,54.0,486,13,藤江渉,岡田一,,6,1:32.2,41.1,1-1-1-1,10,486,13
2023/02/14,浦和,6,３歳二,1400,ダ,左,不良,晴,12,5,6,キミトユメヲカケル,牝,3,54.0,415,-8,加藤和,長谷忍,,7,1:32.4,40.0,10-10-10-10,5,415,-8
2023/02/14,浦和,6,３歳二,1400,ダ,左,不良,晴,12,6,8,ソウルフレイバー,牡,3,56.0,427,-5,見越彬,繁田健,,8,1:32.7,41.0,2-2-3-7,6,427,-5
2023/02/14,浦和,6,３歳二,1400,ダ,左,不良,晴,12,5,5,シンドバッド,牡,3,56.0,468,-2,藤本現,小久智,,9,1:32.9,40.9,5-5-9-8,3,468,-2
2023/02/14,浦和,6,３歳二,1400,ダ,左,不良,晴,12,7,9,ティフィンタイガー,牡,3,56.0,410,1,高橋哲,酒井一,,10,1:33.4,40.8,12-12-11-9,12,410,1
2023/02/14,浦和,6,３歳二,1400,ダ,左,不良,晴,12,7,10,サンエイヴィクター,牡,3,55.0,478,0,野畑凌,高月賢,,11,1:35.0,43.2,3-3-6-11,8,478,0
2023/02/14,浦和,6,３歳二,1400,ダ,左,不良,晴,12,4,4,アメリカンライト,牝,3,54.0,410,-10,増田充,加藤誠,,12,1:35.6,42.7,8-9-12-12,11,410,-10
2023/02/14,浦和,7,若盛特別３歳一,1500,ダ,左,不良,晴,12,7,10,ラッキーストーリー,牡,3,56.0,486,-3,町田直,新井清,,1,1:37.3,39.6,4-3-3-1,3,486,-3
2023/02/14,浦和,7,若盛特別３歳一,1500,ダ,左,不良,晴,12,8,11,テイコク,牡,3,56.0,524,-1,張田昂,高月賢,,2,1:37.8,39.7,7-6-6-4,10,524,-1
2023/02/14,浦和,7,若盛特別３歳一,1500,ダ,左,不良,晴,12,1,1,モトサン,牡,3,56.0,511,-9,伊藤裕,鈴木義,,3,1:37.9,39.2,10-11-8-5,5,511,-9
2023/02/14,浦和,7,若盛特別３歳一,1500,ダ,左,不良,晴,12,5,5,キューティロメラ,牝,3,54.0,472,11,福原杏,繁田健,,4,1:38.0,40.7,1-1-1-2,2,472,11
2023/02/14,浦和,7,若盛特別３歳一,1500,ダ,左,不良,晴,12,8,12,キャッスルシオン,牝,3,54.0,422,2,和田譲,玉井勝,,5,1:38.7,40.4,9-9-7-8,12,422,2
2023/02/14,浦和,7,若盛特別３歳一,1500,ダ,左,不良,晴,12,5,6,ショコラクイーン,牝,3,54.0,463,1,森泰斗,内田勝,,6,1:38.8,41.3,3-2-2-3,1,463,1
2023/02/14,浦和,7,若盛特別３歳一,1500,ダ,左,不良,晴,12,6,8,グレートジャーニー,牡,3,56.0,464,2,本橋孝,小久智,,7,1:39.0,40.3,12-12-10-10,7,464,2
2023/02/14,浦和,7,若盛特別３歳一,1500,ダ,左,不良,晴,12,4,4,エーヴベリー,牝,3,51.0,466,2,室陽一,平山真,,8,1:39.2,41.1,5-5-5-6,9,466,2
2023/02/14,浦和,7,若盛特別３歳一,1500,ダ,左,不良,晴,12,7,9,スマイルフォーユウ,牡,3,56.0,496,-7,今野忠,久保秀,,9,1:39.5,40.8,11-10-9-9,11,496,-7
2023/02/14,浦和,7,若盛特別３歳一,1500,ダ,左,不良,晴,12,6,7,キックアス,牡,3,52.0,454,0,中島良,海馬司,,10,1:39.9,41.4,6-7-11-11,6,454,0
2023/02/14,浦和,7,若盛特別３歳一,1500,ダ,左,不良,晴,12,2,2,ナナドリーム,牡,3,57.0,452,-1,矢野貴,池田孝,,11,1:40.3,42.4,2-4-4-7,4,452,-1
2023/02/14,浦和,7,若盛特別３歳一,1500,ダ,左,不良,晴,12,3,3,カスミノモリ,牝,3,54.0,453,-11,笹川翼,藤原智,,12,1:44.8,45.9,8-8-12-12,8,453,-11
2023/02/14,浦和,8,みんなのアイドル　なまりん賞Ｃ１選抜馬,800,ダ,左,不良,晴,10,8,10,スマイルキューティ,牝,5,54.0,490,5,橋本直,平山真,,1,0:47.4,35.4,1-1,1,490,5
2023/02/14,浦和,8,みんなのアイドル　なまりん賞Ｃ１選抜馬,800,ダ,左,不良,晴,10,6,6,アヴェントゥリスト,牡,7,56.0,548,4,西啓太,山越光,,2,0:48.4,36.1,2-2,2,548,4
2023/02/14,浦和,8,みんなのアイドル　なまりん賞Ｃ１選抜馬,800,ダ,左,不良,晴,10,8,9,リッチアロマ,牝,5,51.0,448,2,室陽一,水野貴,,3,0:48.6,36.3,3-3,5,448,2
2023/02/14,浦和,8,みんなのアイドル　なまりん賞Ｃ１選抜馬,800,ダ,左,不良,晴,10,2,2,コウユープリプリ,牝,8,54.0,448,5,半澤慶,宇野博,,4,0:48.6,36.3,4-4,4,448,5
2023/02/14,浦和,8,みんなのアイドル　なまりん賞Ｃ１選抜馬,800,ダ,左,不良,晴,10,1,1,ニッショウアッキー,牝,4,54.0,450,1,矢野貴,酒井一,,5,0:48.9,35.9,6-6,6,450,1
2023/02/14,浦和,8,みんなのアイドル　なまりん賞Ｃ１選抜馬,800,ダ,左,不良,晴,10,7,8,アキノポエム,牝,4,54.0,461,-6,福原杏,小久智,,6,0:49.1,36.7,5-5,3,461,-6
2023/02/14,浦和,8,みんなのアイドル　なまりん賞Ｃ１選抜馬,800,ダ,左,不良,晴,10,5,5,ロッソアモーレ,牝,6,53.0,473,4,七夕裕,冨田敏,,7,0:49.2,35.5,8-8,8,473,4
2023/02/14,浦和,8,みんなのアイドル　なまりん賞Ｃ１選抜馬,800,ダ,左,不良,晴,10,7,7,エムリエール,牡,4,55.0,462,-1,野畑凌,小澤宏,,8,0:49.2,36.1,7-7,7,462,-1
2023/02/14,浦和,8,みんなのアイドル　なまりん賞Ｃ１選抜馬,800,ダ,左,不良,晴,10,4,4,シャローナ,牝,4,54.0,425,6,寺島憂,薮口一,,9,0:49.9,36.2,9-9,9,425,6
2023/02/14,浦和,8,みんなのアイドル　なまりん賞Ｃ１選抜馬,800,ダ,左,不良,晴,10,3,3,ホワイトスズラン,牝,4,54.0,0,0,赤津和,山越光,,,,,,,0,0
2023/02/14,浦和,9,幸せつながるみんなの町　吉川賞Ｃ２五,1400,ダ,左,不良,晴,12,5,6,ノアブラック,セ,0,56.0,440,-2,藤江渉,武井和,,1,1:30.7,40.3,8-8-5-1,6,440,-2
2023/02/14,浦和,9,幸せつながるみんなの町　吉川賞Ｃ２五,1400,ダ,左,不良,晴,12,3,3,スパイツァック,牝,4,54.0,455,1,和田譲,宇野博,,2,1:30.8,41.0,1-1-1-2,2,455,1
2023/02/14,浦和,9,幸せつながるみんなの町　吉川賞Ｃ２五,1400,ダ,左,不良,晴,12,4,4,ジュエリークラフト,牡,4,56.0,482,-6,張田昂,古澤悟,,3,1:31.4,41.5,2-2-2-3,4,482,-6
2023/02/14,浦和,9,幸せつながるみんなの町　吉川賞Ｃ２五,1400,ダ,左,不良,晴,12,6,7,スイフトマリー,牝,4,54.0,377,-2,高橋哲,酒井一,,4,1:31.6,41.0,10-9-9-5,9,377,-2
2023/02/14,浦和,9,幸せつながるみんなの町　吉川賞Ｃ２五,1400,ダ,左,不良,晴,12,5,5,マルノアンナ,牝,4,51.0,450,5,室陽一,川村守,,5,1:31.8,41.8,3-4-3-7,1,450,5
2023/02/14,浦和,9,幸せつながるみんなの町　吉川賞Ｃ２五,1400,ダ,左,不良,晴,12,7,9,エイシンスタートル,牡,4,55.0,473,14,菅原涼,藤原智,,6,1:32.1,41.9,6-7-8-6,10,473,14
2023/02/14,浦和,9,幸せつながるみんなの町　吉川賞Ｃ２五,1400,ダ,左,不良,晴,12,1,1,シナノラニオー,牡,4,55.0,467,-1,野畑凌,佐藤博,,7,1:32.2,41.1,9-10-10-9,7,467,-1
2023/02/14,浦和,9,幸せつながるみんなの町　吉川賞Ｃ２五,1400,ダ,左,不良,晴,12,6,8,ミュークレグルス,牡,5,56.0,515,-6,伊藤裕,山崎尋,,8,1:32.5,42.3,7-6-6-4,8,515,-6
2023/02/14,浦和,9,幸せつながるみんなの町　吉川賞Ｃ２五,1400,ダ,左,不良,晴,12,8,11,モリトローテローゼ,牝,7,53.0,480,1,新原周,水野貴,,9,1:32.5,42.3,5-5-7-8,5,480,1
2023/02/14,浦和,9,幸せつながるみんなの町　吉川賞Ｃ２五,1400,ダ,左,不良,晴,12,2,2,クランプ,牝,4,54.0,418,-12,加藤和,八木喜,,10,1:33.4,41.7,11-11-11-11,11,418,-12
2023/02/14,浦和,9,幸せつながるみんなの町　吉川賞Ｃ２五,1400,ダ,左,不良,晴,12,7,10,ベガエクスプレス,牝,4,54.0,449,1,増田充,村田順,,11,1:34.1,41.0,12-12-12-12,12,449,1
2023/02/14,浦和,9,幸せつながるみんなの町　吉川賞Ｃ２五,1400,ダ,左,不良,晴,12,8,12,ギャラクシーセブン,牡,4,56.0,472,-7,森泰斗,小久智,,12,1:34.4,44.4,4-3-4-10,3,472,-7
2023/02/14,浦和,10,狭山湖特別Ｃ２一,1400,ダ,左,不良,晴,12,2,2,コスモルージュ,牡,4,56.0,497,10,張田昂,小澤宏,,1,1:29.6,39.3,1-1-1-1,1,497,10
2023/02/14,浦和,10,狭山湖特別Ｃ２一,1400,ダ,左,不良,晴,12,7,10,ラヴィンツァラ,牝,6,56.0,469,1,橋本直,平山真,,2,1:30.2,39.7,2-2-2-2,3,469,1
2023/02/14,浦和,10,狭山湖特別Ｃ２一,1400,ダ,左,不良,晴,12,1,1,ケイセブン,牡,5,56.0,442,1,森泰斗,箕輪武,,3,1:30.2,39.3,5-5-5-3,5,442,1
2023/02/14,浦和,10,狭山湖特別Ｃ２一,1400,ダ,左,不良,晴,12,8,12,ピノタージュ,牝,6,54.0,448,-4,見越彬,内野健,,4,1:30.5,40.0,3-3-3-4,9,448,-4
2023/02/14,浦和,10,狭山湖特別Ｃ２一,1400,ダ,左,不良,晴,12,7,9,ヤマタケコーチャン,牡,4,56.0,445,14,高橋哲,水野貴,,5,1:30.5,39.5,7-7-6-5,6,445,14
2023/02/14,浦和,10,狭山湖特別Ｃ２一,1400,ダ,左,不良,晴,12,5,5,アートクリティック,牝,4,54.0,441,-6,笹川翼,内田勝,,6,1:30.6,39.2,8-8-8-7,7,441,-6
2023/02/14,浦和,10,狭山湖特別Ｃ２一,1400,ダ,左,不良,晴,12,8,11,スリーヴリーグ,牡,7,56.0,532,3,和田譲,野口寛,,7,1:30.6,39.9,6-4-4-6,2,532,3
2023/02/14,浦和,10,狭山湖特別Ｃ２一,1400,ダ,左,不良,晴,12,3,3,ビービークラージュ,牡,5,56.0,489,-2,庄司大,稲益貴,,8,1:30.6,38.3,11-12-11-10,4,489,-2
2023/02/14,浦和,10,狭山湖特別Ｃ２一,1400,ダ,左,不良,晴,12,6,8,ログハウス,牝,8,53.0,480,-14,七夕裕,平山真,,9,1:30.9,38.4,10-11-12-11,11,480,-14
2023/02/14,浦和,10,狭山湖特別Ｃ２一,1400,ダ,左,不良,晴,12,4,4,ソウヤミサキ,牝,5,54.0,467,4,藤江渉,岡田一,,10,1:31.0,39.1,12-10-10-8,10,467,4
2023/02/14,浦和,10,狭山湖特別Ｃ２一,1400,ダ,左,不良,晴,12,6,7,ビービーダルク,牝,5,54.0,480,-1,加藤和,薮口一,,11,1:31.7,40.7,4-6-7-9,12,480,-1
2023/02/14,浦和,10,狭山湖特別Ｃ２一,1400,ダ,左,不良,晴,12,5,6,キトゥンズルンバ,セ,0,55.0,474,1,野畑凌,水野貴,,12,1:31.7,40.0,9-9-9-12,8,474,1
2023/02/14,浦和,11,早春賞Ａ２下選抜馬,2000,ダ,左,不良,晴,9,7,7,ヴィゴーレ,牡,5,57.0,490,-5,森泰斗,高野毅,,1,2:09.8,37.5,3-3-1-1,1,490,-5
2023/02/14,浦和,11,早春賞Ａ２下選抜馬,2000,ダ,左,不良,晴,9,4,4,フォルベルール,牡,5,57.0,544,-2,今野忠,久保秀,,2,2:10.9,38.4,5-5-2-2,3,544,-2
2023/02/14,浦和,11,早春賞Ａ２下選抜馬,2000,ダ,左,不良,晴,9,3,3,サヨノグローリー,牡,5,57.0,497,6,矢野貴,工藤伸,,3,2:11.9,39.2,4-4-3-3,2,497,6
2023/02/14,浦和,11,早春賞Ａ２下選抜馬,2000,ダ,左,不良,晴,9,1,1,キャノンバローズ,セ,0,57.0,454,1,笹川翼,福永敏,,4,2:12.9,40.2,8-7-4-4,5,454,1
2023/02/14,浦和,11,早春賞Ａ２下選抜馬,2000,ダ,左,不良,晴,9,8,8,ライアン,牡,4,57.0,478,7,本橋孝,小久智,,5,2:13.0,40.5,6-6-5-5,4,478,7
2023/02/14,浦和,11,早春賞Ａ２下選抜馬,2000,ダ,左,不良,晴,9,5,5,マイネルカガヤキ,牡,6,50.0,494,10,室陽一,平山真,,6,2:13.2,39.7,7-8-9-8,7,494,10
2023/02/14,浦和,11,早春賞Ａ２下選抜馬,2000,ダ,左,不良,晴,9,2,2,フレッシュグリーン,牡,4,52.0,454,7,古岡勇,加藤誠,,7,2:13.5,40.0,9-9-8-6,9,454,7
2023/02/14,浦和,11,早春賞Ａ２下選抜馬,2000,ダ,左,不良,晴,9,6,6,ファルコンウィング,牡,6,56.0,517,1,野畑凌,池田孝,,8,2:14.0,41.3,1-1-6-7,8,517,1
2023/02/14,浦和,11,早春賞Ａ２下選抜馬,2000,ダ,左,不良,晴,9,8,9,カイザーノヴァ,牡,5,55.0,479,1,福原杏,小久智,,9,2:15.7,42.8,2-2-7-9,6,479,1
2023/02/14,浦和,12,バレンタインデー特別Ｂ３二,1500,ダ,左,不良,晴,12,5,6,アヴァニイ,牝,6,54.0,520,8,藤本現,小久智,,1,1:36.8,39.0,7-7-3-2,2,520,8
2023/02/14,浦和,12,バレンタインデー特別Ｂ３二,1500,ダ,左,不良,晴,12,8,12,レッドアーチャー,牡,5,56.0,483,-4,張田昂,高月賢,,2,1:36.9,39.1,1-1-1-1,5,483,-4
2023/02/14,浦和,12,バレンタインデー特別Ｂ３二,1500,ダ,左,不良,晴,12,7,9,フィスラー,牡,5,56.0,478,-1,矢野貴,八木喜,,3,1:36.9,38.8,9-10-7-6,4,478,-1
2023/02/14,浦和,12,バレンタインデー特別Ｂ３二,1500,ダ,左,不良,晴,12,2,2,シェナホープ,牡,6,56.0,473,3,福原杏,吉田正,,4,1:37.2,39.3,4-4-6-4,3,473,3
2023/02/14,浦和,12,バレンタインデー特別Ｂ３二,1500,ダ,左,不良,晴,12,4,4,ワイプアウト,牡,5,56.0,480,3,和田譲,池田孝,,5,1:37.2,39.4,2-2-2-3,1,480,3
2023/02/14,浦和,12,バレンタインデー特別Ｂ３二,1500,ダ,左,不良,晴,12,1,1,ヴァネロペ,牝,4,54.0,449,3,山口達,林正人,,6,1:37.4,39.6,11-9-4-5,6,449,3
2023/02/14,浦和,12,バレンタインデー特別Ｂ３二,1500,ダ,左,不良,晴,12,3,3,モンバイト,牡,4,56.0,499,9,加藤和,薮口一,,7,1:37.5,39.2,8-8-9-7,8,499,9
2023/02/14,浦和,12,バレンタインデー特別Ｂ３二,1500,ダ,左,不良,晴,12,8,11,ブルーオラーリオ,牡,9,56.0,478,6,笹川翼,新井清,,8,1:37.8,40.0,3-3-5-7,9,478,6
2023/02/14,浦和,12,バレンタインデー特別Ｂ３二,1500,ダ,左,不良,晴,12,6,7,エスケントバゴ,牡,4,56.0,466,5,半澤慶,平山真,,9,1:38.5,40.5,6-5-8-9,7,466,5
2023/02/14,浦和,12,バレンタインデー特別Ｂ３二,1500,ダ,左,不良,晴,12,7,10,ナムラタイガー,牡,6,56.0,559,6,寺島憂,箕輪武,,10,1:39.5,41.4,5-6-10-10,11,559,6
2023/02/14,浦和,12,バレンタインデー特別Ｂ３二,1500,ダ,左,不良,晴,12,5,5,ゴールドレーベン,牡,4,56.0,480,-5,山林信,岩本洋,,11,1:40.2,41.6,10-11-11-11,10,480,-5
2023/02/14,浦和,12,バレンタインデー特別Ｂ３二,1500,ダ,左,不良,晴,12,6,8,ネクサスエッジ,牝,6,53.0,0,0,野畑凌,小澤宏,,,,,,,0,0
2023/02/15,浦和,1,３歳五,1400,ダ,左,重,晴,9,6,6,クリスタルミリオン,牝,3,54.0,420,7,赤津和,箕輪武,,1,1:31.2,38.5,5-5-2-2,4,420,7
2023/02/15,浦和,1,３歳五,1400,ダ,左,重,晴,9,8,9,ジャヌウブ,牝,3,54.0,473,19,矢野貴,小久智,,2,1:31.2,38.7,2-2-2-3,2,473,19
2023/02/15,浦和,1,３歳五,1400,ダ,左,重,晴,9,5,5,ウオッカガール,牝,3,53.0,487,2,菅原涼,箕輪武,,3,1:31.4,39.1,1-1-1-1,5,487,2
2023/02/15,浦和,1,３歳五,1400,ダ,左,重,晴,9,3,3,ケンキートス,牡,3,56.0,495,0,福原杏,繁田健,,4,1:31.8,39.2,3-3-5-4,1,495,0
2023/02/15,浦和,1,３歳五,1400,ダ,左,重,晴,9,2,2,サンテンシーサン,牡,3,56.0,501,6,加藤和,薮口一,,5,1:32.8,39.8,8-6-6-5,3,501,6
2023/02/15,浦和,1,３歳五,1400,ダ,左,重,晴,9,4,4,リュウノレッドアイ,牝,3,54.0,484,8,張田昂,川村守,,6,1:32.8,40.1,4-4-4-6,7,484,8
2023/02/15,浦和,1,３歳五,1400,ダ,左,重,晴,9,8,8,ダプネマリン,牝,3,54.0,403,-8,橋本直,牛房榮,,7,1:33.8,40.2,7-7-8-7,6,403,-8
2023/02/15,浦和,1,３歳五,1400,ダ,左,重,晴,9,7,7,イエローエイト,牝,3,54.0,439,-6,見越彬,川島豊,,8,1:33.9,40.7,6-8-7-8,8,439,-6
2023/02/15,浦和,1,３歳五,1400,ダ,左,重,晴,9,1,1,ハシッテマウデ,牡,3,56.0,415,-1,山本紀,渋谷博,,9,1:35.5,41.7,9-9-9-9,9,415,-1
2023/02/15,浦和,2,Ｃ３ ４歳エ,1400,ダ,左,重,晴,10,4,4,フクチャンクイーン,牝,4,51.0,438,0,室陽一,内野健,,1,1:31.5,39.7,3-3-2-2,4,438,0
2023/02/15,浦和,2,Ｃ３ ４歳エ,1400,ダ,左,重,晴,10,6,6,パトウォン,牡,4,56.0,573,3,福原杏,水野貴,,2,1:31.7,40.1,1-1-1-1,2,573,3
2023/02/15,浦和,2,Ｃ３ ４歳エ,1400,ダ,左,重,晴,10,8,10,アーストラベル,牝,4,54.0,407,-12,森泰斗,箕輪武,,3,1:32.1,40.1,4-4-4-4,1,407,-12
2023/02/15,浦和,2,Ｃ３ ４歳エ,1400,ダ,左,重,晴,10,8,9,ミッドナイトブルー,牝,4,54.0,431,-2,橋本直,横山保,,4,1:32.7,40.4,7-7-6-6,7,431,-2
2023/02/15,浦和,2,Ｃ３ ４歳エ,1400,ダ,左,重,晴,10,5,5,スリーエクセレント,牡,4,56.0,496,-1,赤津和,川村守,,5,1:32.8,40.5,6-6-5-5,8,496,-1
2023/02/15,浦和,2,Ｃ３ ４歳エ,1400,ダ,左,重,晴,10,7,8,アストロメアリー,牝,4,50.0,405,2,中島良,長谷忍,,6,1:32.9,40.4,9-8-7-7,9,405,2
2023/02/15,浦和,2,Ｃ３ ４歳エ,1400,ダ,左,重,晴,10,3,3,グレートモンスター,牡,4,56.0,436,1,高橋哲,入口由,,7,1:33.1,40.6,5-5-8-8,6,436,1
2023/02/15,浦和,2,Ｃ３ ４歳エ,1400,ダ,左,重,晴,10,7,7,ハマベノルンナ,牝,4,54.0,449,-3,町田直,宇野博,,8,1:33.3,41.6,2-2-2-3,3,449,-3
2023/02/15,浦和,2,Ｃ３ ４歳エ,1400,ダ,左,重,晴,10,1,1,ワイズマンコート,牡,4,56.0,443,-9,加藤和,川島豊,,9,1:35.0,42.1,8-9-9-9,5,443,-9
2023/02/15,浦和,2,Ｃ３ ４歳エ,1400,ダ,左,重,晴,10,2,2,サウンドウェリナ,牝,4,54.0,446,14,秋元耕,薮口一,,10,1:36.6,42.3,10-10-10-10,10,446,14
2023/02/15,浦和,3,Ｃ３六,1500,ダ,左,重,晴,12,5,5,ハクサンウインク,牝,8,51.0,495,7,木間龍,矢野義,,1,1:39.5,39.4,7-7-5-4,2,495,7
2023/02/15,浦和,3,Ｃ３六,1500,ダ,左,重,晴,12,4,4,メジャーセブンス,牝,7,54.0,479,2,櫻井光,八木喜,,2,1:39.6,40.3,2-2-2-1,3,479,2
2023/02/15,浦和,3,Ｃ３六,1500,ダ,左,重,晴,12,3,3,エスコーバタハト,牡,7,53.0,513,4,室陽一,内野健,,3,1:39.6,39.9,5-4-3-3,1,513,4
2023/02/15,浦和,3,Ｃ３六,1500,ダ,左,重,晴,12,5,6,エリートバイオ,牡,6,55.0,478,-1,池谷匠,山崎尋,,4,1:39.7,39.8,3-5-6-5,6,478,-1
2023/02/15,浦和,3,Ｃ３六,1500,ダ,左,重,晴,12,2,2,マリアフィナーレ,牝,6,54.0,452,1,見越彬,小林真,,5,1:40.3,41.0,1-1-1-2,5,452,1
2023/02/15,浦和,3,Ｃ３六,1500,ダ,左,重,晴,12,6,7,ニットウナナ,牝,8,53.0,471,11,新原周,林隆之,,6,1:40.7,40.4,6-6-7-7,4,471,11
2023/02/15,浦和,3,Ｃ３六,1500,ダ,左,重,晴,12,6,8,ホワイトブレス,牝,6,54.0,465,-5,實川純,佐々功,,7,1:40.7,41.0,4-3-4-6,11,465,-5
2023/02/15,浦和,3,Ｃ３六,1500,ダ,左,重,晴,12,7,9,ファーマスター,牝,5,54.0,434,0,福原杏,川村守,,8,1:41.0,39.8,10-9-9-9,9,434,0
2023/02/15,浦和,3,Ｃ３六,1500,ダ,左,重,晴,12,1,1,キタマクフィー,牝,5,54.0,444,0,秋元耕,鹿沼和,,9,1:41.2,40.5,8-8-8-8,12,444,0
2023/02/15,浦和,3,Ｃ３六,1500,ダ,左,重,晴,12,8,11,マウコウカミ,牝,5,53.0,459,-10,七夕裕,藤原智,,10,1:41.4,39.6,12-12-10-10,7,459,-10
2023/02/15,浦和,3,Ｃ３六,1500,ダ,左,重,晴,12,7,10,サンベリーニ,牝,9,54.0,463,1,本田紀,新井健,,11,1:43.0,41.0,11-11-12-12,10,463,1
2023/02/15,浦和,3,Ｃ３六,1500,ダ,左,重,晴,12,8,12,シェナノブチ,牡,8,56.0,424,-1,國分祐,冨田敏,,12,1:43.9,42.3,9-10-11-11,8,424,-1
2023/02/15,浦和,4,浦和８００ラウンドＣ３選抜馬イ,800,ダ,左,稍重,晴,12,8,12,タイコネン,牝,4,54.0,482,15,福原杏,水野貴,,1,0:49.4,36.8,3-3,3,482,15
2023/02/15,浦和,4,浦和８００ラウンドＣ３選抜馬イ,800,ダ,左,稍重,晴,12,5,5,リチェルカータ,牝,6,54.0,469,2,藤本現,小澤宏,,2,0:49.6,36.3,5-4,5,469,2
2023/02/15,浦和,4,浦和８００ラウンドＣ３選抜馬イ,800,ダ,左,稍重,晴,12,3,3,フライトメモリア,牝,5,54.0,521,2,山中悠,川村守,,3,0:49.6,37.1,1-1,6,521,2
2023/02/15,浦和,4,浦和８００ラウンドＣ３選抜馬イ,800,ダ,左,稍重,晴,12,5,6,フラッシュ,牡,4,56.0,500,4,岡田大,藤原智,,4,0:50.0,37.5,2-2,1,500,4
2023/02/15,浦和,4,浦和８００ラウンドＣ３選抜馬イ,800,ダ,左,稍重,晴,12,6,8,ラヴアンドゲーム,牝,6,54.0,471,-5,高橋哲,酒井一,,5,0:50.7,37.9,4-5,10,471,-5
2023/02/15,浦和,4,浦和８００ラウンドＣ３選抜馬イ,800,ダ,左,稍重,晴,12,7,10,ホロシリダケ,セ,0,56.0,479,-3,内田利,野口孝,,6,0:50.7,36.9,8-8,8,479,-3
2023/02/15,浦和,4,浦和８００ラウンドＣ３選抜馬イ,800,ダ,左,稍重,晴,12,6,7,コウエイダイチ,牡,9,53.0,472,5,室陽一,吉田正,,7,0:51.0,37.7,6-7,11,472,5
2023/02/15,浦和,4,浦和８００ラウンドＣ３選抜馬イ,800,ダ,左,稍重,晴,12,4,4,レイリアン,牝,6,54.0,429,6,國分祐,冨田敏,,8,0:51.0,37.4,7-6,12,429,6
2023/02/15,浦和,4,浦和８００ラウンドＣ３選抜馬イ,800,ダ,左,稍重,晴,12,7,9,ヘデラ,牝,7,54.0,447,-7,寺島憂,箕輪武,,9,0:51.3,37.5,11-11,2,447,-7
2023/02/15,浦和,4,浦和８００ラウンドＣ３選抜馬イ,800,ダ,左,稍重,晴,12,1,1,シンキングセンティ,牝,4,54.0,467,-2,見越彬,山越光,,10,0:51.3,37.5,10-9,7,467,-2
2023/02/15,浦和,4,浦和８００ラウンドＣ３選抜馬イ,800,ダ,左,稍重,晴,12,2,2,ヴィクトリアブーケ,牝,5,54.0,383,5,矢野貴,薮口一,,11,0:52.4,38.4,12-12,4,383,5
2023/02/15,浦和,4,浦和８００ラウンドＣ３選抜馬イ,800,ダ,左,稍重,晴,12,8,11,パワーサクレツ,セ,0,56.0,395,-1,加藤和,横山保,,12,0:52.5,38.9,9-10,9,395,-1
2023/02/15,浦和,5,浦和８００ラウンドＣ３選抜馬ア,800,ダ,左,稍重,晴,12,4,4,アイモンスター,牝,7,54.0,473,12,森泰斗,岡田一,,1,0:48.3,35.6,1-1,2,473,12
2023/02/15,浦和,5,浦和８００ラウンドＣ３選抜馬ア,800,ダ,左,稍重,晴,12,6,8,モンスタープリンス,牡,7,55.0,509,5,七夕裕,工藤伸,,2,0:48.5,36.0,1-2,1,509,5
2023/02/15,浦和,5,浦和８００ラウンドＣ３選抜馬ア,800,ダ,左,稍重,晴,12,8,11,メモリアルクイーン,牝,6,53.0,451,1,古岡勇,小澤宏,,3,0:49.2,36.3,3-3,3,451,1
2023/02/15,浦和,5,浦和８００ラウンドＣ３選抜馬ア,800,ダ,左,稍重,晴,12,5,6,ラパンドネージュ,牡,4,56.0,485,9,加藤和,薮口一,,4,0:49.4,36.2,4-4,7,485,9
2023/02/15,浦和,5,浦和８００ラウンドＣ３選抜馬ア,800,ダ,左,稍重,晴,12,7,10,ダイバキャッツアイ,牝,6,54.0,464,-1,赤津和,箕輪武,,5,0:49.6,36.4,5-5,10,464,-1
2023/02/15,浦和,5,浦和８００ラウンドＣ３選抜馬ア,800,ダ,左,稍重,晴,12,1,1,ダンストンラソ,牝,8,54.0,445,0,見越彬,野口孝,,6,0:49.8,36.6,5-6,8,445,0
2023/02/15,浦和,5,浦和８００ラウンドＣ３選抜馬ア,800,ダ,左,稍重,晴,12,6,7,ティーズロック,牡,4,56.0,508,-10,高橋哲,水野貴,,7,0:50.3,36.9,8-7,4,508,-10
2023/02/15,浦和,5,浦和８００ラウンドＣ３選抜馬ア,800,ダ,左,稍重,晴,12,3,3,シュガーエンジェル,牝,4,50.0,400,-2,中島良,川島豊,,8,0:50.5,37.0,9-9,9,400,-2
2023/02/15,浦和,5,浦和８００ラウンドＣ３選抜馬ア,800,ダ,左,稍重,晴,12,8,12,ビナフエ,牝,4,54.0,426,-4,福原杏,水野貴,,9,0:50.9,37.5,7-8,12,426,-4
2023/02/15,浦和,5,浦和８００ラウンドＣ３選抜馬ア,800,ダ,左,稍重,晴,12,5,5,ニシノマッハ,牡,9,56.0,479,8,秋元耕,吉田正,,10,0:51.2,37.8,10-10,11,479,8
2023/02/15,浦和,5,浦和８００ラウンドＣ３選抜馬ア,800,ダ,左,稍重,晴,12,7,9,カズアティシャ,牡,5,56.0,510,1,半澤慶,牛房榮,,11,0:52.3,38.7,12-11,6,510,1
2023/02/15,浦和,5,浦和８００ラウンドＣ３選抜馬ア,800,ダ,左,稍重,晴,12,2,2,アンテイア,牝,4,51.0,447,5,室陽一,酒井一,,12,0:53.3,40.1,11-12,5,447,5
2023/02/15,浦和,6,Ｃ２六 七 八,1400,ダ,左,稍重,晴,12,2,2,ソプラヴェステ,牝,4,54.0,478,16,和田譲,宇野博,,1,1:30.9,38.6,4-4-4-3,2,478,16
2023/02/15,浦和,6,Ｃ２六 七 八,1400,ダ,左,稍重,晴,12,5,5,ノブヘンドリックス,牡,5,56.0,471,-14,橋本直,小久智,,2,1:30.9,39.0,1-1-1-1,1,471,-14
2023/02/15,浦和,6,Ｃ２六 七 八,1400,ダ,左,稍重,晴,12,7,10,ビタースマイル,牝,4,54.0,447,-1,森泰斗,水野貴,,3,1:31.0,38.7,6-5-6-4,3,447,-1
2023/02/15,浦和,6,Ｃ２六 七 八,1400,ダ,左,稍重,晴,12,8,11,マイネルユヌスール,牡,4,56.0,494,7,福原杏,横山保,,4,1:31.1,38.8,11-8-2-2,4,494,7
2023/02/15,浦和,6,Ｃ２六 七 八,1400,ダ,左,稍重,晴,12,7,9,ミメウルワシ,牝,8,54.0,446,-2,張田昂,山越光,,5,1:31.4,39.3,3-3-3-5,7,446,-2
2023/02/15,浦和,6,Ｃ２六 七 八,1400,ダ,左,稍重,晴,12,1,1,カイレイダディ,牡,5,56.0,501,4,半澤慶,平山真,,6,1:32.2,39.7,7-7-7-6,6,501,4
2023/02/15,浦和,6,Ｃ２六 七 八,1400,ダ,左,稍重,晴,12,6,7,ライドアクロス,牝,4,51.0,516,-12,木間龍,石井勝,,7,1:32.7,39.4,12-12-9-8,5,516,-12
2023/02/15,浦和,6,Ｃ２六 七 八,1400,ダ,左,稍重,晴,12,6,8,ゲンパチカガヤキ,牡,8,56.0,494,-3,秋元耕,小澤宏,,8,1:33.1,39.6,10-10-11-10,9,494,-3
2023/02/15,浦和,6,Ｃ２六 七 八,1400,ダ,左,稍重,晴,12,5,6,エスポワールフレア,牝,4,54.0,439,0,寺島憂,野口孝,,9,1:33.1,41.1,2-2-5-7,12,439,0
2023/02/15,浦和,6,Ｃ２六 七 八,1400,ダ,左,稍重,晴,12,3,3,ネオアンコーラ,牡,4,56.0,491,3,高橋哲,山越光,,10,1:33.3,39.6,9-11-12-12,11,491,3
2023/02/15,浦和,6,Ｃ２六 七 八,1400,ダ,左,稍重,晴,12,4,4,ラグドール,牡,4,56.0,487,6,加藤和,薮口一,,11,1:34.3,41.0,8-9-10-9,8,487,6
2023/02/15,浦和,6,Ｃ２六 七 八,1400,ダ,左,稍重,晴,12,8,12,シシャモ,牝,4,54.0,414,-11,赤津和,工藤伸,,12,1:34.4,42.1,5-6-8-11,10,414,-11
2023/02/15,浦和,7,Ｃ２六 七 八,1500,ダ,左,稍重,晴,12,8,11,ミミコチャン,牝,4,50.0,489,8,中島良,小林真,,1,1:38.0,40.5,2-3-1-1,6,489,8
2023/02/15,浦和,7,Ｃ２六 七 八,1500,ダ,左,稍重,晴,12,4,4,シンメロワン,セ,0,56.0,487,-8,藤江渉,山田質,,2,1:39.1,41.2,6-6-5-4,3,487,-8
2023/02/15,浦和,7,Ｃ２六 七 八,1500,ダ,左,稍重,晴,12,7,10,サマーボーイ,牡,8,56.0,513,4,矢野貴,小久智,,3,1:39.4,41.7,5-4-4-3,2,513,4
2023/02/15,浦和,7,Ｃ２六 七 八,1500,ダ,左,稍重,晴,12,5,5,カンタルーパ,牝,4,54.0,451,0,和田譲,宇野博,,4,1:39.6,40.6,11-11-9-6,7,451,0
2023/02/15,浦和,7,Ｃ２六 七 八,1500,ダ,左,稍重,晴,12,6,7,ロータスペトル,牡,4,56.0,483,9,張田昂,野口寛,,5,1:39.7,41.1,7-7-8-7,5,483,9
2023/02/15,浦和,7,Ｃ２六 七 八,1500,ダ,左,稍重,晴,12,2,2,ジュンツバサニセイ,牡,4,56.0,456,4,西啓太,山越光,,6,1:39.8,41.0,9-8-10-10,1,456,4
2023/02/15,浦和,7,Ｃ２六 七 八,1500,ダ,左,稍重,晴,12,3,3,エイシンヌチマシヌ,牝,4,54.0,449,-2,藤本現,山越光,,7,1:39.9,41.1,10-10-7-5,10,449,-2
2023/02/15,浦和,7,Ｃ２六 七 八,1500,ダ,左,稍重,晴,12,5,6,ベイビーアッシュ,牡,5,53.0,544,-2,室陽一,小澤宏,,8,1:40.2,42.1,4-5-6-8,8,544,-2
2023/02/15,浦和,7,Ｃ２六 七 八,1500,ダ,左,稍重,晴,12,8,12,マイネルグローリエ,牡,4,56.0,512,-1,山中悠,玉井昇,,9,1:40.4,42.9,1-1-2-2,9,512,-1
2023/02/15,浦和,7,Ｃ２六 七 八,1500,ダ,左,稍重,晴,12,1,1,アポロリップ,牝,4,54.0,519,4,秋元耕,薮口一,,10,1:40.4,41.4,8-9-11-11,11,519,4
2023/02/15,浦和,7,Ｃ２六 七 八,1500,ダ,左,稍重,晴,12,7,9,カッター,牡,5,56.0,475,-1,澤田龍,石井勝,,11,1:40.5,40.9,12-12-12-12,12,475,-1
2023/02/15,浦和,7,Ｃ２六 七 八,1500,ダ,左,稍重,晴,12,6,8,ブルベアヴェルデ,牡,7,57.0,475,7,山崎誠,藤原智,,12,1:41.1,43.6,3-2-3-9,4,475,7
2023/02/15,浦和,8,越生梅林賞Ｃ２六 七 八,1400,ダ,左,稍重,晴,12,2,2,カリグラフィー,牝,4,54.0,453,-9,橋本直,入口由,,1,1:30.7,39.7,3-3-3-1,5,453,-9
2023/02/15,浦和,8,越生梅林賞Ｃ２六 七 八,1400,ダ,左,稍重,晴,12,8,11,ヘーベー,牝,5,54.0,472,6,和田譲,宇野博,,2,1:31.0,39.0,5-5-4-3,4,472,6
2023/02/15,浦和,8,越生梅林賞Ｃ２六 七 八,1400,ダ,左,稍重,晴,12,8,12,リュウノアーダーン,牝,5,54.0,418,-1,張田昂,川村守,,3,1:31.2,38.9,6-6-5-5,6,418,-1
2023/02/15,浦和,8,越生梅林賞Ｃ２六 七 八,1400,ダ,左,稍重,晴,12,3,3,フクノヴァランス,牡,8,52.0,480,2,中島良,川島豊,,4,1:32.2,41.5,2-2-2-4,1,480,2
2023/02/15,浦和,8,越生梅林賞Ｃ２六 七 八,1400,ダ,左,稍重,晴,12,5,5,リヴェルサス,牡,5,56.0,440,-18,笠野雄,水野貴,,5,1:32.3,39.8,7-7-8-6,9,440,-18
2023/02/15,浦和,8,越生梅林賞Ｃ２六 七 八,1400,ダ,左,稍重,晴,12,6,7,ゴールドバード,牡,9,56.0,495,13,藤江渉,野口孝,,6,1:32.5,39.1,11-11-11-11,11,495,13
2023/02/15,浦和,8,越生梅林賞Ｃ２六 七 八,1400,ダ,左,稍重,晴,12,6,8,ホワイトネイル,牝,4,54.0,415,10,半澤慶,藤原智,,7,1:32.5,40.5,4-4-6-7,10,415,10
2023/02/15,浦和,8,越生梅林賞Ｃ２六 七 八,1400,ダ,左,稍重,晴,12,5,6,ケイアイマボラ,牡,6,56.0,470,11,見越彬,横山保,,8,1:32.5,39.8,8-9-10-8,3,470,11
2023/02/15,浦和,8,越生梅林賞Ｃ２六 七 八,1400,ダ,左,稍重,晴,12,7,9,シンキングスカイ,牡,5,55.0,471,3,新原周,内田勝,,9,1:32.6,42.0,1-1-1-2,7,471,3
2023/02/15,浦和,8,越生梅林賞Ｃ２六 七 八,1400,ダ,左,稍重,晴,12,7,10,カヤドーヴェール,牡,4,56.0,458,-2,笹川翼,小久智,,10,1:32.7,40.4,9-8-7-9,2,458,-2
2023/02/15,浦和,8,越生梅林賞Ｃ２六 七 八,1400,ダ,左,稍重,晴,12,1,1,スターコマチ,牝,4,54.0,410,-2,澤田龍,川村守,,11,1:33.1,39.4,12-12-12-10,8,410,-2
2023/02/15,浦和,8,越生梅林賞Ｃ２六 七 八,1400,ダ,左,稍重,晴,12,4,4,シェナダイオー,牡,4,56.0,565,8,赤津和,山越光,,12,1:33.5,40.7,10-10-9-12,12,565,8
2023/02/15,浦和,9,高麗川特別Ｃ１三,1400,ダ,左,稍重,晴,12,3,3,レアリゼシチー,牡,4,56.0,479,-2,矢野貴,高月賢,,1,1:30.4,38.5,3-4-5-3,3,479,-2
2023/02/15,浦和,9,高麗川特別Ｃ１三,1400,ダ,左,稍重,晴,12,1,1,レスールドマカロン,牝,5,54.0,447,2,御神訓,河津裕,,2,1:30.7,39.4,1-1-1-1,4,447,2
2023/02/15,浦和,9,高麗川特別Ｃ１三,1400,ダ,左,稍重,晴,12,5,6,フリーホースパーク,牡,4,56.0,453,-2,藤江渉,久保秀,,3,1:30.9,38.9,9-8-4-4,5,453,-2
2023/02/15,浦和,9,高麗川特別Ｃ１三,1400,ダ,左,稍重,晴,12,2,2,サンケイワールド,牡,5,56.0,494,1,和田譲,平山真,,4,1:31.0,38.8,8-7-7-6,1,494,1
2023/02/15,浦和,9,高麗川特別Ｃ１三,1400,ダ,左,稍重,晴,12,4,4,ササノハクズ,牝,4,53.0,461,-1,野畑凌,吉橋淳,,5,1:31.2,39.5,4-3-3-2,10,461,-1
2023/02/15,浦和,9,高麗川特別Ｃ１三,1400,ダ,左,稍重,晴,12,7,9,インカローズムスメ,牝,4,54.0,414,7,赤津和,山越光,,6,1:31.9,39.9,5-5-8-9,6,414,7
2023/02/15,浦和,9,高麗川特別Ｃ１三,1400,ダ,左,稍重,晴,12,8,12,ササキンローズ,牝,4,53.0,392,-9,池谷匠,村田順,,7,1:32.0,40.0,7-6-6-7,11,392,-9
2023/02/15,浦和,9,高麗川特別Ｃ１三,1400,ダ,左,稍重,晴,12,7,10,テイクザワールド,牡,4,55.0,446,-2,古岡勇,佐々仁,,8,1:32.1,39.6,12-10-9-8,8,446,-2
2023/02/15,浦和,9,高麗川特別Ｃ１三,1400,ダ,左,稍重,晴,12,8,11,ハイモビリティ,牡,5,56.0,513,2,森泰斗,小久智,,9,1:32.3,40.8,2-2-2-5,2,513,2
2023/02/15,浦和,9,高麗川特別Ｃ１三,1400,ダ,左,稍重,晴,12,5,5,チェスナットドレス,牝,6,54.0,470,6,秋元耕,冨田敏,,10,1:32.3,39.3,10-11-11-10,9,470,6
2023/02/15,浦和,9,高麗川特別Ｃ１三,1400,ダ,左,稍重,晴,12,6,7,ペルフェッタ,牝,6,53.0,488,-6,新原周,野口孝,,11,1:34.2,40.8,11-12-12-12,7,488,-6
2023/02/15,浦和,9,高麗川特別Ｃ１三,1400,ダ,左,稍重,晴,12,6,8,サハラントアジア,牝,4,54.0,472,-4,見越彬,内野健,,12,1:34.7,42.0,6-9-10-11,12,472,-4
2023/02/15,浦和,10,如月特別Ｂ１Ｂ２一,1500,ダ,左,稍重,晴,11,8,10,カールスバート,牡,5,57.0,479,-2,森泰斗,齊藤敏,,1,1:36.1,38.9,7-4-3-2,1,479,-2
2023/02/15,浦和,10,如月特別Ｂ１Ｂ２一,1500,ダ,左,稍重,晴,11,6,7,スティールストーム,牡,5,57.0,489,-4,張田昂,張田京,,2,1:36.4,39.4,3-3-4-3,6,489,-4
2023/02/15,浦和,10,如月特別Ｂ１Ｂ２一,1500,ダ,左,稍重,晴,11,8,11,ゾディアックレーヴ,牡,5,57.0,478,-2,本橋孝,矢野義,,3,1:36.8,40.2,2-1-1-1,3,478,-2
2023/02/15,浦和,10,如月特別Ｂ１Ｂ２一,1500,ダ,左,稍重,晴,11,7,8,フクサングレート,牡,6,57.0,506,-7,和田譲,宇野博,,4,1:37.1,39.7,4-5-6-4,2,506,-7
2023/02/15,浦和,10,如月特別Ｂ１Ｂ２一,1500,ダ,左,稍重,晴,11,1,1,コンセプト,牡,5,57.0,487,4,矢野貴,小久智,,5,1:37.7,39.8,8-9-8-7,4,487,4
2023/02/15,浦和,10,如月特別Ｂ１Ｂ２一,1500,ダ,左,稍重,晴,11,3,3,ダイリュウボーラー,牡,7,55.0,454,12,町田直,繁田健,,6,1:37.7,40.1,6-7-5-5,5,454,12
2023/02/15,浦和,10,如月特別Ｂ１Ｂ２一,1500,ダ,左,稍重,晴,11,2,2,スズカパンサー,牡,6,53.0,472,-10,中島良,河津裕,,7,1:38.3,40.5,5-6-9-9,9,472,-10
2023/02/15,浦和,10,如月特別Ｂ１Ｂ２一,1500,ダ,左,稍重,晴,11,7,9,グッドラックサマー,牡,9,56.0,558,-1,新原周,川島豊,,8,1:38.4,40.6,9-8-6-8,11,558,-1
2023/02/15,浦和,10,如月特別Ｂ１Ｂ２一,1500,ダ,左,稍重,晴,11,4,4,ホウヨウクリスタル,牡,5,55.0,509,-5,山崎誠,藤原智,,9,1:38.8,42.0,1-2-2-6,8,509,-5
2023/02/15,浦和,10,如月特別Ｂ１Ｂ２一,1500,ダ,左,稍重,晴,11,6,6,パンプキンズ,牡,7,57.0,483,-2,福原杏,水野貴,,10,1:41.0,42.1,10-10-10-10,10,483,-2
2023/02/15,浦和,10,如月特別Ｂ１Ｂ２一,1500,ダ,左,稍重,晴,11,5,5,ストームドッグ,セ,0,57.0,432,2,藤本現,伊藤滋,,11,1:42.2,43.3,11-11-11-11,7,432,2
2023/02/15,浦和,11,ユングフラウ賞３歳牝馬オープン,1400,ダ,左,稍重,晴,12,2,2,サーフズアップ,牝,3,55.0,473,-5,御神訓,山下之,,1,1:29.7,39.1,8-8-7-5,1,473,-5
2023/02/15,浦和,11,ユングフラウ賞３歳牝馬オープン,1400,ダ,左,稍重,晴,12,6,8,アトカラツイテクル,牝,3,55.0,497,-7,和田譲,宇野博,,2,1:29.7,40.0,3-3-1-1,4,497,-7
2023/02/15,浦和,11,ユングフラウ賞３歳牝馬オープン,1400,ダ,左,稍重,晴,12,5,6,デザートウインド,牝,3,54.0,523,2,見越彬,藤原智,,3,1:29.9,39.7,5-6-4-3,11,523,2
2023/02/15,浦和,11,ユングフラウ賞３歳牝馬オープン,1400,ダ,左,稍重,晴,12,6,7,ワイズゴールド,牝,3,55.0,424,2,達城龍,市村誠,,4,1:30.4,40.0,6-7-7-6,7,424,2
2023/02/15,浦和,11,ユングフラウ賞３歳牝馬オープン,1400,ダ,左,稍重,晴,12,5,5,クラティアラ,牝,3,54.0,479,8,笹川翼,藤原智,,5,1:30.6,40.7,4-4-5-4,5,479,8
2023/02/15,浦和,11,ユングフラウ賞３歳牝馬オープン,1400,ダ,左,稍重,晴,12,3,3,ボルドーグリフォン,牝,3,54.0,434,-1,町田直,安池成,,6,1:30.7,38.9,12-11-10-7,10,434,-1
2023/02/15,浦和,11,ユングフラウ賞３歳牝馬オープン,1400,ダ,左,稍重,晴,12,8,12,ハーンドルフ,牝,3,55.0,477,7,本田重,藤田輝,,7,1:30.8,41.2,2-2-1-2,3,477,7
2023/02/15,浦和,11,ユングフラウ賞３歳牝馬オープン,1400,ダ,左,稍重,晴,12,1,1,マカゼ,牝,3,55.0,463,-3,矢野貴,高月賢,,8,1:30.9,39.7,9-9-9-8,2,463,-3
2023/02/15,浦和,11,ユングフラウ賞３歳牝馬オープン,1400,ダ,左,稍重,晴,12,4,4,マインドユアミモザ,牝,3,54.0,458,-8,岡村健,河津裕,,9,1:31.3,39.1,11-12-12-10,12,458,-8
2023/02/15,浦和,11,ユングフラウ賞３歳牝馬オープン,1400,ダ,左,稍重,晴,12,7,10,エイシンレア,牝,3,54.0,433,0,本橋孝,藤原智,,10,1:33.0,41.1,10-10-11-12,6,433,0
2023/02/15,浦和,11,ユングフラウ賞３歳牝馬オープン,1400,ダ,左,稍重,晴,12,7,9,ポーチュラカ,牝,3,55.0,468,-4,小杉亮,渋谷博,,11,1:33.1,43.0,7-5-6-9,9,468,-4
2023/02/15,浦和,11,ユングフラウ賞３歳牝馬オープン,1400,ダ,左,稍重,晴,12,8,11,エイシンエイト,牝,3,54.0,497,13,山崎誠,藤原智,,12,1:33.7,44.3,1-1-3-11,8,497,13
2023/02/15,浦和,12,麗月特別Ｂ３Ｃ１選抜馬,2000,ダ,左,稍重,晴,9,4,4,トーセンインディゴ,牡,5,57.0,489,3,本橋孝,小久智,,1,2:12.0,38.9,1-1-1-1,1,489,3
2023/02/15,浦和,12,麗月特別Ｂ３Ｃ１選抜馬,2000,ダ,左,稍重,晴,9,7,7,エアセイラン,牡,5,55.0,493,-2,森泰斗,林隆之,,2,2:12.7,39.6,2-2-2-2,2,493,-2
2023/02/15,浦和,12,麗月特別Ｂ３Ｃ１選抜馬,2000,ダ,左,稍重,晴,9,1,1,ビナハロン,セ,0,57.0,460,2,小杉亮,矢野義,,3,2:13.9,40.1,4-4-4-3,3,460,2
2023/02/15,浦和,12,麗月特別Ｂ３Ｃ１選抜馬,2000,ダ,左,稍重,晴,9,5,5,コスモビートイット,牡,6,55.0,515,5,秋元耕,川島豊,,4,2:14.2,39.9,7-7-5-4,8,515,5
2023/02/15,浦和,12,麗月特別Ｂ３Ｃ１選抜馬,2000,ダ,左,稍重,晴,9,3,3,ニシノブライアント,牡,5,55.0,465,0,西村栄,渋谷博,,5,2:14.6,40.3,9-8-6-6,4,465,0
2023/02/15,浦和,12,麗月特別Ｂ３Ｃ１選抜馬,2000,ダ,左,稍重,晴,9,6,6,クロガネ,牡,4,55.0,490,1,藤本現,山田質,,6,2:15.1,41.8,3-3-3-5,6,490,1
2023/02/15,浦和,12,麗月特別Ｂ３Ｃ１選抜馬,2000,ダ,左,稍重,晴,9,8,8,エーススパークル,牡,4,51.0,465,5,中島良,小澤宏,,7,2:15.9,41.4,8-9-9-9,7,465,5
2023/02/15,浦和,12,麗月特別Ｂ３Ｃ１選抜馬,2000,ダ,左,稍重,晴,9,8,9,コンスタンティナ,牝,7,53.0,511,5,國分祐,冨田敏,,8,2:16.5,42.4,6-6-8-8,9,511,5
2023/02/15,浦和,12,麗月特別Ｂ３Ｃ１選抜馬,2000,ダ,左,稍重,晴,9,2,2,クロヒョウ,牡,7,57.0,508,4,矢野貴,伊藤滋,,9,2:17.4,43.5,5-5-7-7,5,508,4
2023/02/16,浦和,1,３歳六,1400,ダ,左,稍重,晴,10,4,4,セザンブライト,牡,3,56.0,455,-3,濱田達,渋谷博,,1,1:32.9,39.9,8-7-5-3,5,455,-3
2023/02/16,浦和,1,３歳六,1400,ダ,左,稍重,晴,10,7,7,リチアブーケ,牝,3,54.0,472,10,岡田大,藤原智,,2,1:33.0,40.8,3-3-2-1,2,472,10
2023/02/16,浦和,1,３歳六,1400,ダ,左,稍重,晴,10,7,8,スターハッスル,牡,3,56.0,467,11,福原杏,小澤宏,,3,1:33.1,40.6,5-4-3-1,1,467,11
2023/02/16,浦和,1,３歳六,1400,ダ,左,稍重,晴,10,8,10,ブラウンキングズ,牡,3,56.0,444,3,西啓太,山越光,,4,1:33.5,39.9,10-10-9-8,7,444,3
2023/02/16,浦和,1,３歳六,1400,ダ,左,稍重,晴,10,1,1,リュウノフランカー,牡,3,53.0,497,1,木間龍,齊藤敏,,5,1:33.6,40.4,9-9-7-7,4,497,1
2023/02/16,浦和,1,３歳六,1400,ダ,左,稍重,晴,10,5,5,モエヨジャンヌ,牝,3,54.0,405,-4,内田利,箕輪武,,6,1:33.6,40.8,4-5-6-5,6,405,-4
2023/02/16,浦和,1,３歳六,1400,ダ,左,稍重,晴,10,2,2,ナムラフレディー,牡,3,56.0,446,1,森泰斗,箕輪武,,7,1:34.2,40.8,7-8-10-9,3,446,1
2023/02/16,浦和,1,３歳六,1400,ダ,左,稍重,晴,10,6,6,メーネフロタント,牝,3,54.0,475,2,秋元耕,小林真,,8,1:34.2,42.3,1-1-4-6,8,475,2
2023/02/16,浦和,1,３歳六,1400,ダ,左,稍重,晴,10,8,9,キタカラキタダイヤ,牝,3,54.0,434,9,町田直,酒井一,,9,1:34.8,42.8,2-2-1-4,9,434,9
2023/02/16,浦和,1,３歳六,1400,ダ,左,稍重,晴,10,3,3,シェナカレン,牡,3,56.0,440,-8,赤津和,山越光,,10,1:35.7,42.5,6-6-8-10,10,440,-8
2023/02/16,浦和,2,Ｃ３ ４歳オ,1400,ダ,左,稍重,晴,8,7,7,カペラスター,牡,4,56.0,484,-2,藤江渉,横山保,,1,1:32.6,39.9,4-2-2-2,1,484,-2
2023/02/16,浦和,2,Ｃ３ ４歳オ,1400,ダ,左,稍重,晴,8,3,3,フラッシュサンダー,牝,4,51.0,424,4,室陽一,藤原智,,2,1:32.8,40.2,1-1-1-1,3,424,4
2023/02/16,浦和,2,Ｃ３ ４歳オ,1400,ダ,左,稍重,晴,8,8,8,レーダーベクター,牡,4,56.0,463,0,澤田龍,川村守,,3,1:33.1,40.2,7-7-3-3,2,463,0
2023/02/16,浦和,2,Ｃ３ ４歳オ,1400,ダ,左,稍重,晴,8,1,1,ライディーン,牡,4,56.0,494,5,寺島憂,川島豊,,4,1:33.5,40.8,5-4-4-4,5,494,5
2023/02/16,浦和,2,Ｃ３ ４歳オ,1400,ダ,左,稍重,晴,8,4,4,ボンバーキャット,牡,4,56.0,463,-13,見越彬,長谷忍,,5,1:34.0,41.1,3-3-5-5,6,463,-13
2023/02/16,浦和,2,Ｃ３ ４歳オ,1400,ダ,左,稍重,晴,8,2,2,パルメニデス,牡,4,52.0,428,13,小林捺,山越光,,6,1:34.0,40.8,6-6-7-6,4,428,13
2023/02/16,浦和,2,Ｃ３ ４歳オ,1400,ダ,左,稍重,晴,8,6,6,メイショウコウヨウ,牝,4,54.0,449,1,高橋哲,川村守,,7,1:34.5,40.8,8-8-8-8,8,449,1
2023/02/16,浦和,2,Ｃ３ ４歳オ,1400,ダ,左,稍重,晴,8,5,5,キネンビ,牝,4,54.0,472,23,秋元耕,薮口一,,8,1:35.4,42.3,2-5-6-7,7,472,23
2023/02/16,浦和,3,Ｃ３三 四 五,1400,ダ,左,稍重,晴,12,5,6,アスクフラッシュ,牡,7,56.0,520,24,福原杏,横山保,,1,1:31.5,39.5,1-1-1-1,1,520,24
2023/02/16,浦和,3,Ｃ３三 四 五,1400,ダ,左,稍重,晴,12,8,12,ペキノワ,牝,8,54.0,458,-4,町田直,新井清,,2,1:32.0,39.8,2-2-2-2,3,458,-4
2023/02/16,浦和,3,Ｃ３三 四 五,1400,ダ,左,稍重,晴,12,4,4,カントナ,牝,6,54.0,418,-1,半澤慶,宇野博,,3,1:33.5,40.8,6-5-5-5,4,418,-1
2023/02/16,浦和,3,Ｃ３三 四 五,1400,ダ,左,稍重,晴,12,3,3,ブルーティアーズ,牝,6,54.0,508,-1,寺島憂,山越光,,4,1:33.6,41.0,5-4-3-3,8,508,-1
2023/02/16,浦和,3,Ｃ３三 四 五,1400,ダ,左,稍重,晴,12,7,9,アナハ,牝,6,50.0,415,-7,中島良,川島豊,,5,1:33.7,40.8,9-9-7-6,5,415,-7
2023/02/16,浦和,3,Ｃ３三 四 五,1400,ダ,左,稍重,晴,12,8,11,トーセンケイト,牝,5,54.0,488,3,藤江渉,川村守,,6,1:33.7,41.3,3-3-3-4,6,488,3
2023/02/16,浦和,3,Ｃ３三 四 五,1400,ダ,左,稍重,晴,12,1,1,スパンブリー,牡,7,56.0,540,1,秋元耕,長谷忍,,7,1:34.0,40.9,7-7-8-7,9,540,1
2023/02/16,浦和,3,Ｃ３三 四 五,1400,ダ,左,稍重,晴,12,5,5,プリュイ,牡,5,56.0,422,2,加藤和,薮口一,,8,1:34.0,40.4,10-10-10-9,12,422,2
2023/02/16,浦和,3,Ｃ３三 四 五,1400,ダ,左,稍重,晴,12,7,10,スクリームイーグル,セ,0,56.0,452,-1,橋本直,酒井一,,9,1:34.4,40.2,11-11-11-11,11,452,-1
2023/02/16,浦和,3,Ｃ３三 四 五,1400,ダ,左,稍重,晴,12,6,8,ボルドーアラン,牡,5,55.0,521,1,七夕裕,八木仁,,10,1:34.5,41.4,4-8-9-10,7,521,1
2023/02/16,浦和,3,Ｃ３三 四 五,1400,ダ,左,稍重,晴,12,6,7,エイペクス,牝,5,54.0,496,1,笹川翼,池田孝,,11,1:35.3,42.4,8-6-6-8,2,496,1
2023/02/16,浦和,3,Ｃ３三 四 五,1400,ダ,左,稍重,晴,12,2,2,ゴールドアクセル,牡,5,56.0,525,-4,高橋哲,鹿沼和,,12,1:35.4,41.2,12-12-12-12,10,525,-4
2023/02/16,浦和,4,浦和８００ラウンド３歳選抜馬,800,ダ,左,稍重,晴,10,2,2,レコルトハッピー,牡,3,56.0,451,-3,加藤和,薮口一,,1,0:47.8,35.5,1-1,1,451,-3
2023/02/16,浦和,4,浦和８００ラウンド３歳選抜馬,800,ダ,左,稍重,晴,10,7,8,シェナクラウン,牡,3,56.0,498,3,福原杏,冨田敏,,2,0:49.3,36.6,2-2,2,498,3
2023/02/16,浦和,4,浦和８００ラウンド３歳選抜馬,800,ダ,左,稍重,晴,10,8,9,キングフォーチュン,牡,3,56.0,467,-3,岡田大,工藤伸,,3,0:49.7,36.9,4-3,6,467,-3
2023/02/16,浦和,4,浦和８００ラウンド３歳選抜馬,800,ダ,左,稍重,晴,10,4,4,アイトアーサー,牡,3,56.0,474,1,寺島憂,水野貴,,4,0:50.1,37.4,3-4,5,474,1
2023/02/16,浦和,4,浦和８００ラウンド３歳選抜馬,800,ダ,左,稍重,晴,10,6,6,コンバットアンジュ,牝,3,54.0,426,3,見越彬,工藤伸,,5,0:50.2,37.2,5-5,7,426,3
2023/02/16,浦和,4,浦和８００ラウンド３歳選抜馬,800,ダ,左,稍重,晴,10,8,10,ケンジャ,牡,3,56.0,463,-3,藤本現,山崎裕,,6,0:50.4,36.7,7-6,4,463,-3
2023/02/16,浦和,4,浦和８００ラウンド３歳選抜馬,800,ダ,左,稍重,晴,10,7,7,クリプリンセス,牝,3,54.0,416,3,秋元耕,冨田敏,,7,0:50.5,36.6,9-7,8,416,3
2023/02/16,浦和,4,浦和８００ラウンド３歳選抜馬,800,ダ,左,稍重,晴,10,5,5,カシノクインダム,牝,3,50.0,430,2,中島良,鹿沼和,,8,0:51.2,37.5,8-9,9,430,2
2023/02/16,浦和,4,浦和８００ラウンド３歳選抜馬,800,ダ,左,稍重,晴,10,1,1,スピードスター,牝,3,54.0,462,-5,橋本直,平山真,,9,0:51.3,38.1,6-8,3,462,-5
2023/02/16,浦和,4,浦和８００ラウンド３歳選抜馬,800,ダ,左,稍重,晴,10,3,3,シェナグローリー,牝,3,54.0,462,8,國分祐,冨田敏,,10,0:51.9,37.6,10-10,10,462,8
2023/02/16,浦和,5,ランチタイムチャレンジＣ３三 四 五,1400,ダ,左,稍重,晴,12,2,2,サプライズギフト,牝,5,50.0,417,1,中島良,川島豊,,1,1:32.6,40.9,1-1-1-1,11,417,1
2023/02/16,浦和,5,ランチタイムチャレンジＣ３三 四 五,1400,ダ,左,稍重,晴,12,8,11,ピエナゴールド,牡,5,56.0,486,-15,増田充,村田六,,2,1:32.7,40.1,12-10-8-6,6,486,-15
2023/02/16,浦和,5,ランチタイムチャレンジＣ３三 四 五,1400,ダ,左,稍重,晴,12,5,5,ツクバマリア,牝,6,54.0,464,1,橋本直,平山真,,3,1:32.9,41.0,4-4-3-2,4,464,1
2023/02/16,浦和,5,ランチタイムチャレンジＣ３三 四 五,1400,ダ,左,稍重,晴,12,4,4,イサチルダイチ,牡,7,55.0,509,4,野畑凌,長谷忍,,4,1:32.9,40.6,6-6-6-5,3,509,4
2023/02/16,浦和,5,ランチタイムチャレンジＣ３三 四 五,1400,ダ,左,稍重,晴,12,6,7,ワンダーニメンソウ,牝,5,54.0,479,-7,見越彬,鈴木勝,,5,1:33.1,41.3,3-3-2-3,8,479,-7
2023/02/16,浦和,5,ランチタイムチャレンジＣ３三 四 五,1400,ダ,左,稍重,晴,12,5,6,セイウングラッパ,牡,8,56.0,455,1,秋元耕,吉田正,,6,1:33.2,40.1,10-12-12-12,10,455,1
2023/02/16,浦和,5,ランチタイムチャレンジＣ３三 四 五,1400,ダ,左,稍重,晴,12,7,9,トーセンイヴ,牝,5,53.0,430,-1,七夕裕,酒井一,,7,1:33.2,40.2,11-11-11-8,12,430,-1
2023/02/16,浦和,5,ランチタイムチャレンジＣ３三 四 五,1400,ダ,左,稍重,晴,12,7,10,ショウイモン,牝,6,51.0,431,-3,室陽一,内野健,,8,1:33.3,41.0,9-8-5-4,1,431,-3
2023/02/16,浦和,5,ランチタイムチャレンジＣ３三 四 五,1400,ダ,左,稍重,晴,12,1,1,ビクトリーワルツ,牝,6,54.0,487,3,矢野貴,矢内博,,9,1:33.4,41.1,7-5-7-7,2,487,3
2023/02/16,浦和,5,ランチタイムチャレンジＣ３三 四 五,1400,ダ,左,稍重,晴,12,8,12,ダイバサファイア,牝,6,54.0,482,-2,赤津和,箕輪武,,10,1:33.5,41.1,5-7-9-11,5,482,-2
2023/02/16,浦和,5,ランチタイムチャレンジＣ３三 四 五,1400,ダ,左,稍重,晴,12,6,8,キミノナハ,牝,5,54.0,468,2,和田譲,長谷忍,,11,1:33.6,40.8,8-9-10-10,9,468,2
2023/02/16,浦和,5,ランチタイムチャレンジＣ３三 四 五,1400,ダ,左,稍重,晴,12,3,3,トラハト,牝,5,54.0,477,-4,笠野雄,海馬司,,12,1:35.7,43.9,2-2-4-9,7,477,-4
2023/02/16,浦和,6,Ｃ３三 四 五,1500,ダ,左,稍重,晴,12,8,11,ラブリーギャル,牝,7,54.0,502,-1,見越彬,海馬司,,1,1:38.5,40.3,2-2-2-1,4,502,-1
2023/02/16,浦和,6,Ｃ３三 四 五,1500,ダ,左,稍重,晴,12,2,2,ナツハヤテ,牝,5,50.0,446,-3,神尾香,山田質,,2,1:38.5,40.3,1-1-1-2,2,446,-3
2023/02/16,浦和,6,Ｃ３三 四 五,1500,ダ,左,稍重,晴,12,5,6,ミスターホウジュ,牡,7,56.0,458,1,笹川翼,新井清,,3,1:38.9,39.8,9-9-5-5,3,458,1
2023/02/16,浦和,6,Ｃ３三 四 五,1500,ダ,左,稍重,晴,12,8,12,バローロフレイバー,牡,7,56.0,516,-3,今野忠,繁田健,,4,1:39.0,40.6,3-3-3-3,1,516,-3
2023/02/16,浦和,6,Ｃ３三 四 五,1500,ダ,左,稍重,晴,12,3,3,ユウユウクラージュ,牡,7,56.0,468,-1,山中悠,渋谷博,,5,1:39.3,40.5,4-4-4-4,7,468,-1
2023/02/16,浦和,6,Ｃ３三 四 五,1500,ダ,左,稍重,晴,12,5,5,ノーブルハート,牝,5,54.0,561,4,内田利,吉田正,,6,1:39.6,40.1,8-8-8-6,12,561,4
2023/02/16,浦和,6,Ｃ３三 四 五,1500,ダ,左,稍重,晴,12,4,4,ウインゴライアス,牡,7,56.0,512,-8,増田充,河津裕,,7,1:39.7,40.0,12-12-11-8,10,512,-8
2023/02/16,浦和,6,Ｃ３三 四 五,1500,ダ,左,稍重,晴,12,7,10,ヴィクターゾロ,牡,5,52.0,473,-5,小林捺,平田正,,8,1:40.0,41.0,6-5-6-7,6,473,-5
2023/02/16,浦和,6,Ｃ３三 四 五,1500,ダ,左,稍重,晴,12,7,9,シャイニングパール,牝,5,54.0,424,3,加藤和,横山保,,9,1:40.1,40.4,10-10-9-9,11,424,3
2023/02/16,浦和,6,Ｃ３三 四 五,1500,ダ,左,稍重,晴,12,6,7,サンライズテソロ,牡,5,56.0,464,4,半澤慶,川島豊,,10,1:40.9,41.0,11-11-10-10,8,464,4
2023/02/16,浦和,6,Ｃ３三 四 五,1500,ダ,左,稍重,晴,12,6,8,セキノアトラス,牡,5,55.0,434,-2,新原周,八木仁,,11,1:41.2,41.9,7-7-7-11,5,434,-2
2023/02/16,浦和,6,Ｃ３三 四 五,1500,ダ,左,稍重,晴,12,1,1,ハルモニア,牝,5,54.0,434,-3,和田譲,新井清,,,,,5-6-12,9,434,-3
2023/02/16,浦和,7,なまずの里よしかわ賞Ｃ２九 十,1400,ダ,左,稍重,晴,12,8,11,リンクスエルピス,牡,5,55.0,506,-7,野畑凌,平田正,,1,1:30.0,39.0,1-1-1-1,1,506,-7
2023/02/16,浦和,7,なまずの里よしかわ賞Ｃ２九 十,1400,ダ,左,稍重,晴,12,6,7,パラダイスアレイ,牡,5,56.0,488,9,張田昂,小澤宏,,2,1:30.5,39.3,4-3-2-2,2,488,9
2023/02/16,浦和,7,なまずの里よしかわ賞Ｃ２九 十,1400,ダ,左,稍重,晴,12,5,6,ヤマジュンヒバナ,牝,6,51.0,457,1,室陽一,宇野博,,3,1:31.3,39.6,7-6-6-3,3,457,1
2023/02/16,浦和,7,なまずの里よしかわ賞Ｃ２九 十,1400,ダ,左,稍重,晴,12,1,1,ミーティアカフェ,牝,5,53.0,474,-1,七夕裕,箕輪武,,4,1:31.4,39.3,12-12-12-5,9,474,-1
2023/02/16,浦和,7,なまずの里よしかわ賞Ｃ２九 十,1400,ダ,左,稍重,晴,12,2,2,ウォーターリリー,牝,5,54.0,461,11,橋本直,内野健,,5,1:31.9,39.8,8-10-11-7,5,461,11
2023/02/16,浦和,7,なまずの里よしかわ賞Ｃ２九 十,1400,ダ,左,稍重,晴,12,7,10,クリムゾンオーラ,牝,6,53.0,472,-12,仲原大,牛房榮,,6,1:31.9,40.7,3-4-3-4,4,472,-12
2023/02/16,浦和,7,なまずの里よしかわ賞Ｃ２九 十,1400,ダ,左,稍重,晴,12,3,3,トレンチタウン,牡,5,56.0,469,8,本田重,工藤伸,,7,1:31.9,39.9,10-9-8-10,7,469,8
2023/02/16,浦和,7,なまずの里よしかわ賞Ｃ２九 十,1400,ダ,左,稍重,晴,12,6,8,パフュームリボン,牝,5,54.0,441,9,藤本現,酒井一,,8,1:32.2,40.7,5-5-5-9,8,441,9
2023/02/16,浦和,7,なまずの里よしかわ賞Ｃ２九 十,1400,ダ,左,稍重,晴,12,8,12,クレールアヴニール,牝,4,54.0,441,-5,達城龍,野口孝,,9,1:32.2,41.0,2-2-4-8,11,441,-5
2023/02/16,浦和,7,なまずの里よしかわ賞Ｃ２九 十,1400,ダ,左,稍重,晴,12,4,4,ジュニパーダンス,牝,5,54.0,436,0,笠野雄,海馬司,,10,1:32.3,40.4,6-7-7-6,10,436,0
2023/02/16,浦和,7,なまずの里よしかわ賞Ｃ２九 十,1400,ダ,左,稍重,晴,12,7,9,エイシンブレナム,牝,4,54.0,433,-5,高橋哲,酒井一,,11,1:33.6,41.6,9-8-10-11,12,433,-5
2023/02/16,浦和,7,なまずの里よしかわ賞Ｃ２九 十,1400,ダ,左,稍重,晴,12,5,5,ビュヴォン,牡,5,56.0,528,10,藤江渉,長谷忍,,12,1:35.0,43.1,11-11-9-12,6,528,10
2023/02/16,浦和,8,Ｊ交 ツインホープ特別３歳選抜馬,1400,ダ,左,稍重,晴,12,2,2,ブルグミューラー,牡,3,56.0,470,4,笹川翼,小久智,,1,1:30.5,39.3,9-8-4-3,1,470,4
2023/02/16,浦和,8,Ｊ交 ツインホープ特別３歳選抜馬,1400,ダ,左,稍重,晴,12,6,8,プリンシペペケニョ,牡,3,56.0,425,-5,山崎誠,小笠倫,,2,1:30.6,40.0,3-3-3-2,4,425,-5
2023/02/16,浦和,8,Ｊ交 ツインホープ特別３歳選抜馬,1400,ダ,左,稍重,晴,12,3,3,ノースプリマ,牝,3,54.0,442,-4,森泰斗,水野貴,,3,1:30.8,40.5,1-1-1-1,8,442,-4
2023/02/16,浦和,8,Ｊ交 ツインホープ特別３歳選抜馬,1400,ダ,左,稍重,晴,12,5,5,スマートソニック,牡,3,56.0,512,4,内田博,村田一,,4,1:30.9,40.5,2-2-2-4,3,512,4
2023/02/16,浦和,8,Ｊ交 ツインホープ特別３歳選抜馬,1400,ダ,左,稍重,晴,12,7,9,トウヨウノマジョ,牝,3,54.0,433,6,矢野貴,薮口一,,5,1:31.2,37.8,11-11-11-10,7,433,6
2023/02/16,浦和,8,Ｊ交 ツインホープ特別３歳選抜馬,1400,ダ,左,稍重,晴,12,7,10,カリスマタイクーン,牡,3,56.0,496,-4,木幡巧,杉浦宏,,6,1:31.6,39.6,8-9-9-8,9,496,-4
2023/02/16,浦和,8,Ｊ交 ツインホープ特別３歳選抜馬,1400,ダ,左,稍重,晴,12,6,7,シェナストーン,牡,3,56.0,443,9,秋元耕,吉田正,,7,1:32.0,38.1,12-12-12-12,12,443,9
2023/02/16,浦和,8,Ｊ交 ツインホープ特別３歳選抜馬,1400,ダ,左,稍重,晴,12,1,1,ネメシス,牝,3,54.0,450,-1,西啓太,箕輪武,,8,1:32.0,39.8,10-10-10-11,11,450,-1
2023/02/16,浦和,8,Ｊ交 ツインホープ特別３歳選抜馬,1400,ダ,左,稍重,晴,12,8,12,ピュアアメリカン,牝,3,54.0,467,0,福原杏,小澤宏,,9,1:32.4,41.5,4-4-5-5,10,467,0
2023/02/16,浦和,8,Ｊ交 ツインホープ特別３歳選抜馬,1400,ダ,左,稍重,晴,12,8,11,サンマルマインド,牝,3,50.0,443,-7,永島ま,中野栄,,10,1:32.5,41.1,7-6-7-9,5,443,-7
2023/02/16,浦和,8,Ｊ交 ツインホープ特別３歳選抜馬,1400,ダ,左,稍重,晴,12,5,6,ヒャクマンボルト,牡,3,56.0,496,-4,張田昂,武市康,,11,1:32.7,41.7,5-5-6-6,2,496,-4
2023/02/16,浦和,8,Ｊ交 ツインホープ特別３歳選抜馬,1400,ダ,左,稍重,晴,12,4,4,イマキバラ,牝,3,52.0,402,2,原優介,小手準,,12,1:33.1,41.5,6-7-8-7,6,402,2
2023/02/16,浦和,9,Ｃ２九 十,1500,ダ,左,良,晴,12,1,1,ジャスミンカーラ,牝,4,54.0,423,6,橋本直,平山真,,1,1:39.1,40.5,5-4-4-4,1,423,6
2023/02/16,浦和,9,Ｃ２九 十,1500,ダ,左,良,晴,12,6,7,モンテッソーリ,牝,4,54.0,417,-4,張田昂,小澤宏,,2,1:39.4,40.9,9-5-3-2,3,417,-4
2023/02/16,浦和,9,Ｃ２九 十,1500,ダ,左,良,晴,12,2,2,フェルカド,セ,0,56.0,491,5,見越彬,野口孝,,3,1:39.5,40.5,7-7-6-6,6,491,5
2023/02/16,浦和,9,Ｃ２九 十,1500,ダ,左,良,晴,12,8,11,コスモヴェレッド,牡,4,56.0,463,9,福原杏,山越光,,4,1:39.5,39.8,12-12-10-5,9,463,9
2023/02/16,浦和,9,Ｃ２九 十,1500,ダ,左,良,晴,12,7,10,ジーニーボニータ,牡,4,52.0,489,-2,中島良,小林真,,5,1:39.6,41.2,2-2-2-1,5,489,-2
2023/02/16,浦和,9,Ｃ２九 十,1500,ダ,左,良,晴,12,4,4,タマモトレゾール,牡,4,56.0,516,0,加藤和,川島豊,,6,1:40.1,40.6,10-10-9-9,4,516,0
2023/02/16,浦和,9,Ｃ２九 十,1500,ダ,左,良,晴,12,5,5,ビーマジカル,牝,4,53.0,449,0,新原周,野口孝,,7,1:40.2,40.8,11-11-8-8,2,449,0
2023/02/16,浦和,9,Ｃ２九 十,1500,ダ,左,良,晴,12,3,3,ドリーム,牝,4,54.0,436,-3,中越琉,古澤悟,,8,1:40.4,42.1,1-1-1-3,11,436,-3
2023/02/16,浦和,9,Ｃ２九 十,1500,ダ,左,良,晴,12,5,6,マヘアラニ,牝,4,54.0,450,-7,岡村健,酒井一,,9,1:40.6,41.2,4-9-12-10,10,450,-7
2023/02/16,浦和,9,Ｃ２九 十,1500,ダ,左,良,晴,12,6,8,キョウエイパーリオ,牝,4,54.0,493,-9,澤田龍,新井清,,10,1:40.8,42.0,6-6-5-7,7,493,-9
2023/02/16,浦和,9,Ｃ２九 十,1500,ダ,左,良,晴,12,7,9,イデアグリーン,牝,4,54.0,426,-1,寺島憂,岡田一,,11,1:41.5,42.3,8-8-11-12,12,426,-1
2023/02/16,浦和,9,Ｃ２九 十,1500,ダ,左,良,晴,12,8,12,パンケーキ,牝,4,54.0,454,-3,半澤慶,平山真,,12,1:41.8,43.2,3-3-7-11,8,454,-3
2023/02/16,浦和,10,Ｊ交 マルチウイン特別Ｂ２Ｂ３選抜馬,1400,ダ,左,良,晴,12,8,11,タマモイットウセイ,牡,5,57.0,494,5,森泰斗,小久智,,1,1:28.0,37.3,2-2-2-1,2,494,5
2023/02/16,浦和,10,Ｊ交 マルチウイン特別Ｂ２Ｂ３選抜馬,1400,ダ,左,良,晴,12,5,5,ナニハサテオキ,牡,4,57.0,517,3,橋本直,平山真,,2,1:28.3,36.8,8-8-3-3,1,517,3
2023/02/16,浦和,10,Ｊ交 マルチウイン特別Ｂ２Ｂ３選抜馬,1400,ダ,左,良,晴,12,5,6,シロン,牝,4,51.0,507,-3,永島ま,高柳大,,3,1:28.5,38.0,1-1-1-2,4,507,-3
2023/02/16,浦和,10,Ｊ交 マルチウイン特別Ｂ２Ｂ３選抜馬,1400,ダ,左,良,晴,12,8,12,ヒメカミノイタダキ,牡,4,57.0,480,6,張田昂,武市康,,4,1:30.0,38.5,7-5-5-4,7,480,6
2023/02/16,浦和,10,Ｊ交 マルチウイン特別Ｂ２Ｂ３選抜馬,1400,ダ,左,良,晴,12,6,8,トランペットシェル,セ,0,54.0,496,-4,西塚洸,大江哲,,5,1:30.0,38.7,3-3-4-5,5,496,-4
2023/02/16,浦和,10,Ｊ交 マルチウイン特別Ｂ２Ｂ３選抜馬,1400,ダ,左,良,晴,12,7,10,ジャックオレンジ,セ,0,57.0,487,-1,和田譲,新井清,,6,1:30.3,38.2,9-10-9-9,3,487,-1
2023/02/16,浦和,10,Ｊ交 マルチウイン特別Ｂ２Ｂ３選抜馬,1400,ダ,左,良,晴,12,1,1,コウユーラヴラヴ,牝,5,53.0,501,-5,町田直,宇野博,,7,1:30.3,38.8,6-6-7-6,10,501,-5
2023/02/16,浦和,10,Ｊ交 マルチウイン特別Ｂ２Ｂ３選抜馬,1400,ダ,左,良,晴,12,2,2,ロンリーウェイ,牡,7,54.0,491,-10,古岡勇,小澤宏,,8,1:30.4,38.3,10-9-8-8,11,491,-10
2023/02/16,浦和,10,Ｊ交 マルチウイン特別Ｂ２Ｂ３選抜馬,1400,ダ,左,良,晴,12,6,7,ノアファンタジー,牝,5,53.0,494,0,横山琉,大江哲,,9,1:31.3,39.7,5-7-6-7,6,494,0
2023/02/16,浦和,10,Ｊ交 マルチウイン特別Ｂ２Ｂ３選抜馬,1400,ダ,左,良,晴,12,4,4,パワポケビー,牝,4,55.0,482,4,内田博,中野栄,,10,1:31.6,39.8,4-4-10-10,8,482,4
2023/02/16,浦和,10,Ｊ交 マルチウイン特別Ｂ２Ｂ３選抜馬,1400,ダ,左,良,晴,12,7,9,マルティウス,牡,5,57.0,462,4,笹川翼,鈴木伸,,11,1:32.1,39.6,11-11-11-11,9,462,4
2023/02/16,浦和,10,Ｊ交 マルチウイン特別Ｂ２Ｂ３選抜馬,1400,ダ,左,良,晴,12,3,3,ブルーローズ,牝,7,52.0,443,2,新原周,野口孝,,,,,,,443,2
2023/02/16,浦和,11,梅花賞４上オープン,1400,ダ,左,良,晴,8,6,6,アマネラクーン,牡,6,55.0,518,-7,森泰斗,小久智,,1,1:27.5,37.3,2-2-2-1,1,518,-7
2023/02/16,浦和,11,梅花賞４上オープン,1400,ダ,左,良,晴,8,8,8,ワールドリング,牡,5,57.0,519,-5,張田昂,張田京,,2,1:28.6,38.3,3-3-3-3,2,519,-5
2023/02/16,浦和,11,梅花賞４上オープン,1400,ダ,左,良,晴,8,1,1,ロイヤルペガサス,牡,6,55.0,540,2,和田譲,宗形竹,,3,1:28.8,38.1,5-5-5-5,5,540,2
2023/02/16,浦和,11,梅花賞４上オープン,1400,ダ,左,良,晴,8,4,4,スウィングビート,セ,0,55.0,490,0,矢野貴,岡林光,,4,1:28.8,38.0,7-7-6-4,6,490,0
2023/02/16,浦和,11,梅花賞４上オープン,1400,ダ,左,良,晴,8,2,2,マムティキング,牡,7,57.0,475,-1,達城龍,荒井朋,,5,1:28.8,37.6,8-8-7-7,4,475,-1
2023/02/16,浦和,11,梅花賞４上オープン,1400,ダ,左,良,晴,8,3,3,キャッスルトップ,牡,5,57.0,457,-3,笹川翼,渋谷博,,6,1:28.9,37.9,4-6-8-8,7,457,-3
2023/02/16,浦和,11,梅花賞４上オープン,1400,ダ,左,良,晴,8,7,7,ウインプリンツ,牡,7,53.0,527,7,福原杏,平山真,,7,1:29.1,39.1,1-1-1-2,8,527,7
2023/02/16,浦和,11,梅花賞４上オープン,1400,ダ,左,良,晴,8,5,5,ファルコンビーク,牡,6,57.0,497,-2,本田重,内田勝,,8,1:29.2,38.8,6-4-4-6,3,497,-2
2023/02/16,浦和,12,越生梅林特別Ｃ１二,1500,ダ,左,良,晴,12,8,12,ブラックアピス,牡,5,56.0,491,-3,森泰斗,水野貴,,1,1:36.9,39.7,3-3-3-2,3,491,-3
2023/02/16,浦和,12,越生梅林特別Ｃ１二,1500,ダ,左,良,晴,12,8,11,ミュステーリオン,牝,4,54.0,476,-7,本橋孝,小久智,,2,1:37.0,40.1,2-1-1-1,1,476,-7
2023/02/16,浦和,12,越生梅林特別Ｃ１二,1500,ダ,左,良,晴,12,4,4,バトルホッパー,牡,4,56.0,471,0,今野忠,横山保,,3,1:37.1,39.3,7-6-6-5,5,471,0
2023/02/16,浦和,12,越生梅林特別Ｃ１二,1500,ダ,左,良,晴,12,6,7,デルタラヴバレット,牡,4,56.0,459,-2,笹川翼,繁田健,,4,1:37.7,40.1,5-5-4-3,4,459,-2
2023/02/16,浦和,12,越生梅林特別Ｃ１二,1500,ダ,左,良,晴,12,7,9,プライムデイ,牡,5,56.0,529,2,澤田龍,山下之,,5,1:37.9,40.0,9-8-6-7,6,529,2
2023/02/16,浦和,12,越生梅林特別Ｃ１二,1500,ダ,左,良,晴,12,7,10,ミラクルランバック,牡,4,53.0,528,6,室陽一,藤原智,,6,1:38.0,40.6,4-4-5-6,2,528,6
2023/02/16,浦和,12,越生梅林特別Ｃ１二,1500,ダ,左,良,晴,12,1,1,ガンコチャン,牝,4,54.0,485,7,藤江渉,岡田一,,7,1:38.2,41.3,1-1-2-4,10,485,7
2023/02/16,浦和,12,越生梅林特別Ｃ１二,1500,ダ,左,良,晴,12,5,6,カラドゥラ,牝,8,50.0,481,-4,小林捺,内田勝,,8,1:38.3,40.3,7-9-8-8,8,481,-4
2023/02/16,浦和,12,越生梅林特別Ｃ１二,1500,ダ,左,良,晴,12,6,8,セイウンコチョウ,牝,4,54.0,410,-6,秋元耕,冨田敏,,9,1:38.4,38.4,12-12-12-10,11,410,-6
2023/02/16,浦和,12,越生梅林特別Ｃ１二,1500,ダ,左,良,晴,12,3,3,イデアノキセキ,牡,4,55.0,446,2,新原周,岡田一,,10,1:38.7,40.5,11-11-9-11,7,446,2
2023/02/16,浦和,12,越生梅林特別Ｃ１二,1500,ダ,左,良,晴,12,5,5,キックフリップ,牝,4,54.0,464,0,福原杏,野口孝,,11,1:39.1,40.9,10-10-10-9,12,464,0
2023/02/16,浦和,12,越生梅林特別Ｃ１二,1500,ダ,左,良,晴,12,2,2,セシボン,牝,4,50.0,396,1,中島良,川島豊,,12,1:40.1,41.9,6-7-11-12,9,396,1
2023/02/17,浦和,1,Ｃ３ ４歳カ,1400,ダ,左,良,晴,8,7,7,トワイライトドレス,牝,4,51.0,497,25,室陽一,宇野博,,1,1:30.8,40.6,3-3-2-2,2,497,25
2023/02/17,浦和,1,Ｃ３ ４歳カ,1400,ダ,左,良,晴,8,3,3,シュヴァーン,牡,4,56.0,525,13,張田昂,野口孝,,2,1:30.8,40.6,2-2-1-1,1,525,13
2023/02/17,浦和,1,Ｃ３ ４歳カ,1400,ダ,左,良,晴,8,8,8,フィラーズ,牡,4,55.0,457,-5,七夕裕,海馬司,,3,1:34.2,41.6,7-7-5-6,7,457,-5
2023/02/17,浦和,1,Ｃ３ ４歳カ,1400,ダ,左,良,晴,8,1,1,ブライトソール,牡,4,56.0,435,-1,加藤和,薮口一,,4,1:34.2,42.6,5-4-4-4,3,435,-1
2023/02/17,浦和,1,Ｃ３ ４歳カ,1400,ダ,左,良,晴,8,5,5,トーセンイージス,牡,4,56.0,461,-5,見越彬,小久智,,5,1:34.4,41.8,6-6-5-5,4,461,-5
2023/02/17,浦和,1,Ｃ３ ４歳カ,1400,ダ,左,良,晴,8,2,2,ゴールドボード,牝,4,54.0,505,2,秋元耕,箕輪武,,6,1:34.5,44.3,1-1-3-3,5,505,2
2023/02/17,浦和,1,Ｃ３ ４歳カ,1400,ダ,左,良,晴,8,4,4,シェナマジック,牡,4,56.0,435,0,國分祐,冨田敏,,7,1:36.0,43.2,8-8-7-7,8,435,0
2023/02/17,浦和,1,Ｃ３ ４歳カ,1400,ダ,左,良,晴,8,6,6,シェリーココ,牝,4,54.0,455,-3,福原杏,水野貴,,,,,4-5-8,6,455,-3
2023/02/17,浦和,2,３歳九,1400,ダ,左,良,晴,9,5,5,トーセンスタイル,牡,3,56.0,0,0,橋本直,小久智,,1,1:33.3,39.3,3-3-2-1,2,0,0
2023/02/17,浦和,2,３歳九,1400,ダ,左,良,晴,9,8,9,ラニーズグレイス,牝,3,54.0,466,-6,半澤慶,工藤伸,,2,1:33.4,39.6,2-2-1-2,5,466,-6
2023/02/17,浦和,2,３歳九,1400,ダ,左,良,晴,9,7,7,リワードノンノ,牝,3,54.0,0,0,和田譲,宇野博,,3,1:34.9,40.5,4-4-4-3,1,0,0
2023/02/17,浦和,2,３歳九,1400,ダ,左,良,晴,9,1,1,ゴルディッヒ,牝,3,51.0,374,-7,室陽一,海馬司,,4,1:35.8,41.2,5-5-5-5,6,374,-7
2023/02/17,浦和,2,３歳九,1400,ダ,左,良,晴,9,4,4,サインポスト,牝,3,54.0,391,-5,加藤和,薮口一,,5,1:35.8,42.0,1-1-3-4,7,391,-5
2023/02/17,浦和,2,３歳九,1400,ダ,左,良,晴,9,2,2,キタマカロン,牝,3,54.0,479,7,見越彬,鹿沼和,,6,1:39.1,43.4,7-7-7-6,8,479,7
2023/02/17,浦和,2,３歳九,1400,ダ,左,良,晴,9,3,3,ニッショウテンマ,牡,3,56.0,0,0,高橋哲,酒井一,,7,1:39.6,44.7,6-6-6-7,3,0,0
2023/02/17,浦和,2,３歳九,1400,ダ,左,良,晴,9,6,6,ロックン,牡,3,56.0,472,1,達城龍,野口寛,,8,1:47.3,53.2,8-8-8-8,4,472,1
2023/02/17,浦和,2,３歳九,1400,ダ,左,良,晴,9,8,8,ミラクルアーサー,牡,3,55.0,0,0,七夕裕,岡田一,,,,,,,0,0
2023/02/17,浦和,3,３歳八,1400,ダ,左,良,晴,9,8,8,ゴールドバニー,牝,3,53.0,466,3,新原周,野口孝,,1,1:33.7,39.8,5-5-5-4,5,466,3
2023/02/17,浦和,3,３歳八,1400,ダ,左,良,晴,9,7,7,シャインルージュ,牝,3,54.0,486,-2,岡田大,吉田正,,2,1:33.7,39.6,3-3-6-6,4,486,-2
2023/02/17,浦和,3,３歳八,1400,ダ,左,良,晴,9,3,3,エドノスマイル,牡,3,56.0,436,12,和田譲,宇野博,,3,1:33.9,40.2,7-6-3-2,3,436,12
2023/02/17,浦和,3,３歳八,1400,ダ,左,良,晴,9,8,9,ジョディユキ,牝,3,54.0,447,3,橋本直,酒井一,,4,1:34.0,40.5,2-2-2-1,6,447,3
2023/02/17,浦和,3,３歳八,1400,ダ,左,良,晴,9,6,6,メイプルマロン,牝,3,54.0,478,3,秋元耕,小林真,,5,1:34.4,40.0,6-7-7-7,7,478,3
2023/02/17,浦和,3,３歳八,1400,ダ,左,良,晴,9,1,1,オザリス,牝,3,53.0,455,-5,野畑凌,小澤宏,,6,1:34.4,40.5,4-4-4-5,2,455,-5
2023/02/17,浦和,3,３歳八,1400,ダ,左,良,晴,9,4,4,ノーブルエフォート,牝,3,54.0,464,-9,高橋哲,水野貴,,7,1:34.6,39.8,8-8-8-8,8,464,-9
2023/02/17,浦和,3,３歳八,1400,ダ,左,良,晴,9,2,2,マーヒナヒナ,牝,3,54.0,461,-1,矢野貴,酒井一,,8,1:35.0,41.6,1-1-1-3,1,461,-1
2023/02/17,浦和,3,３歳八,1400,ダ,左,良,晴,9,5,5,シェナレモン,牝,3,54.0,412,5,國分祐,冨田敏,,9,1:37.4,41.6,9-9-9-9,9,412,5
2023/02/17,浦和,4,３歳七,1400,ダ,左,良,晴,11,7,9,アメ,牝,3,54.0,433,2,加藤和,長谷忍,,1,1:31.7,39.3,4-3-3-1,10,433,2
2023/02/17,浦和,4,３歳七,1400,ダ,左,良,晴,11,8,11,ロックフレイバー,牡,3,56.0,477,5,和田譲,繁田健,,2,1:32.0,39.3,5-5-4-4,1,477,5
2023/02/17,浦和,4,３歳七,1400,ダ,左,良,晴,11,6,7,ビービーパークス,牡,3,55.0,472,-2,野畑凌,稲益貴,,3,1:32.3,40.0,3-2-1-2,2,472,-2
2023/02/17,浦和,4,３歳七,1400,ダ,左,良,晴,11,8,10,カルリーヌ,牝,3,54.0,488,11,町田直,野口寛,,4,1:32.7,40.5,1-1-1-3,3,488,11
2023/02/17,浦和,4,３歳七,1400,ダ,左,良,晴,11,1,1,リュウノファントム,牡,3,56.0,455,-5,高橋哲,野口孝,,5,1:33.0,39.9,6-7-8-6,4,455,-5
2023/02/17,浦和,4,３歳七,1400,ダ,左,良,晴,11,2,2,シェナリオン,牡,3,52.0,443,-6,中島良,冨田敏,,6,1:33.1,39.9,9-9-7-5,8,443,-6
2023/02/17,浦和,4,３歳七,1400,ダ,左,良,晴,11,3,3,インベンション,牝,3,51.0,447,-8,室陽一,長谷忍,,7,1:34.3,40.9,8-8-9-7,9,447,-8
2023/02/17,浦和,4,３歳七,1400,ダ,左,良,晴,11,5,5,シェナカンザシ,牝,3,54.0,477,12,岡田大,冨田敏,,8,1:34.6,40.7,10-10-10-9,6,477,12
2023/02/17,浦和,4,３歳七,1400,ダ,左,良,晴,11,6,6,スタータマチャン,牝,3,54.0,490,5,半澤慶,川村守,,9,1:35.4,42.5,7-6-5-8,11,490,5
2023/02/17,浦和,4,３歳七,1400,ダ,左,良,晴,11,4,4,ウィンターソング,牝,3,54.0,469,5,秋元耕,牛房榮,,10,1:35.7,42.8,2-4-6-10,5,469,5
2023/02/17,浦和,4,３歳七,1400,ダ,左,良,晴,11,7,8,アバランチベルン,牝,3,50.0,419,14,神尾香,吉田正,,11,1:36.6,41.9,11-11-11-11,7,419,14
2023/02/17,浦和,5,特選Ｃ３一 二,1500,ダ,左,良,晴,12,6,7,ウインモリオン,牡,5,56.0,493,-2,矢野貴,池田孝,,1,1:38.2,38.7,1-1-1-1,2,493,-2
2023/02/17,浦和,5,特選Ｃ３一 二,1500,ダ,左,良,晴,12,7,10,リュウオウ,牡,7,53.0,472,1,室陽一,宇野博,,2,1:39.3,39.8,2-2-2-2,1,472,1
2023/02/17,浦和,5,特選Ｃ３一 二,1500,ダ,左,良,晴,12,8,12,ハクサンブレーヴ,牡,6,56.0,472,4,澤田龍,森　始,,3,1:39.5,39.9,3-3-3-3,8,472,4
2023/02/17,浦和,5,特選Ｃ３一 二,1500,ダ,左,良,晴,12,6,8,シップレックビーチ,牡,6,55.0,472,14,野畑凌,甲田悟,,4,1:39.9,39.4,10-10-7-5,4,472,14
2023/02/17,浦和,5,特選Ｃ３一 二,1500,ダ,左,良,晴,12,5,5,ニャンニャン,牝,5,54.0,439,0,山崎誠,古澤悟,,5,1:40.2,40.3,6-5-4-4,6,439,0
2023/02/17,浦和,5,特選Ｃ３一 二,1500,ダ,左,良,晴,12,5,6,ファインアレス,牡,7,56.0,513,-2,福原杏,鹿沼和,,6,1:40.3,39.8,11-11-8-7,5,513,-2
2023/02/17,浦和,5,特選Ｃ３一 二,1500,ダ,左,良,晴,12,8,11,エイシンビースト,牡,5,56.0,449,-3,秋元耕,薮口一,,7,1:40.4,39.4,12-12-11-9,10,449,-3
2023/02/17,浦和,5,特選Ｃ３一 二,1500,ダ,左,良,晴,12,3,3,カイジンビリーヴ,牡,5,56.0,532,-1,高橋哲,入口由,,8,1:40.5,39.9,8-8-10-8,9,532,-1
2023/02/17,浦和,5,特選Ｃ３一 二,1500,ダ,左,良,晴,12,1,1,デイドリーミン,牝,5,50.0,464,4,神尾香,田島寿,,9,1:40.9,40.1,7-9-12-12,11,464,4
2023/02/17,浦和,5,特選Ｃ３一 二,1500,ダ,左,良,晴,12,7,9,スプリットエス,牡,9,56.0,510,4,森泰斗,小久智,,10,1:40.9,40.7,9-7-6-11,3,510,4
2023/02/17,浦和,5,特選Ｃ３一 二,1500,ダ,左,良,晴,12,4,4,キモンズラブ,牝,9,54.0,476,9,岡田大,冨田敏,,11,1:41.0,40.9,4-4-5-6,12,476,9
2023/02/17,浦和,5,特選Ｃ３一 二,1500,ダ,左,良,晴,12,2,2,ユウユウグリュック,牝,6,50.0,426,13,中島良,横山保,,12,1:41.2,41.0,4-6-9-10,7,426,13
2023/02/17,浦和,6,Ｃ２十一 十二,1500,ダ,左,良,晴,12,8,12,ダークオブザナイト,牡,7,56.0,515,-7,森泰斗,高月賢,,1,1:37.4,39.6,4-5-4-2,1,515,-7
2023/02/17,浦和,6,Ｃ２十一 十二,1500,ダ,左,良,晴,12,5,6,ブルベアマイル,牡,6,55.0,458,3,七夕裕,岡田一,,2,1:38.2,40.8,1-1-1-1,6,458,3
2023/02/17,浦和,6,Ｃ２十一 十二,1500,ダ,左,良,晴,12,6,7,アイリーライフ,牝,5,54.0,472,3,笹川翼,新井清,,3,1:38.6,40.3,7-7-5-3,4,472,3
2023/02/17,浦和,6,Ｃ２十一 十二,1500,ダ,左,良,晴,12,7,10,ワンダーヘーヒスト,牡,9,56.0,471,2,橋本直,鈴木勝,,4,1:38.9,41.2,5-3-3-4,10,471,2
2023/02/17,浦和,6,Ｃ２十一 十二,1500,ダ,左,良,晴,12,2,2,ジョーアヤメ,牝,5,54.0,452,-9,矢野貴,小久智,,5,1:39.0,39.1,12-12-12-9,5,452,-9
2023/02/17,浦和,6,Ｃ２十一 十二,1500,ダ,左,良,晴,12,1,1,ホクセツ,セ,0,56.0,541,1,秋元耕,箕輪武,,6,1:39.0,40.0,9-9-9-8,3,541,1
2023/02/17,浦和,6,Ｃ２十一 十二,1500,ダ,左,良,晴,12,5,5,モリデンテキーラ,牝,8,54.0,465,3,岡田大,山越光,,7,1:39.1,39.4,10-11-11-7,7,465,3
2023/02/17,浦和,6,Ｃ２十一 十二,1500,ダ,左,良,晴,12,8,11,ハツネヘイロー,セ,0,56.0,490,3,半澤慶,宇野博,,8,1:39.2,41.7,2-2-2-5,8,490,3
2023/02/17,浦和,6,Ｃ２十一 十二,1500,ダ,左,良,晴,12,4,4,ザサンアップライト,牡,6,56.0,446,-4,達城龍,野口孝,,9,1:39.4,41.3,6-6-6-6,2,446,-4
2023/02/17,浦和,6,Ｃ２十一 十二,1500,ダ,左,良,晴,12,3,3,ニシノカムイ,牡,5,56.0,480,-3,臼井健,宮下靖,,10,1:39.7,40.4,11-10-10-12,12,480,-3
2023/02/17,浦和,6,Ｃ２十一 十二,1500,ダ,左,良,晴,12,6,8,バードハズフロウン,牝,5,54.0,429,-3,福原杏,八木仁,,11,1:40.4,42.0,8-8-8-11,11,429,-3
2023/02/17,浦和,6,Ｃ２十一 十二,1500,ダ,左,良,晴,12,7,9,ヤマニンバルトロ,牡,5,56.0,484,-4,山崎誠,山崎尋,,12,1:41.1,43.0,3-4-7-10,9,484,-4
2023/02/17,浦和,7,五百万石使用！純米酒　なまＣ２十一 十二,1400,ダ,左,良,晴,12,6,7,エコロアジェンダ,牡,5,55.0,458,9,野畑凌,工藤伸,,1,1:31.2,39.6,8-8-8-6,3,458,9
2023/02/17,浦和,7,五百万石使用！純米酒　なまＣ２十一 十二,1400,ダ,左,良,晴,12,4,4,モモドリーム,牝,5,55.0,493,-2,福原杏,平山真,,2,1:31.2,40.1,2-2-1-2,1,493,-2
2023/02/17,浦和,7,五百万石使用！純米酒　なまＣ２十一 十二,1400,ダ,左,良,晴,12,6,8,エバーグロー,牡,4,56.0,504,26,森泰斗,高月賢,,3,1:31.3,38.7,11-11-11-9,6,504,26
2023/02/17,浦和,7,五百万石使用！純米酒　なまＣ２十一 十二,1400,ダ,左,良,晴,12,3,3,ホシプリンセス,牝,5,54.0,502,-6,藤本現,酒井一,,4,1:31.6,40.5,1-1-1-1,8,502,-6
2023/02/17,浦和,7,五百万石使用！純米酒　なまＣ２十一 十二,1400,ダ,左,良,晴,12,5,5,ブッカープライズ,牡,5,56.0,450,-1,矢野貴,川島一,,5,1:31.9,40.5,6-6-5-5,4,450,-1
2023/02/17,浦和,7,五百万石使用！純米酒　なまＣ２十一 十二,1400,ダ,左,良,晴,12,7,9,カミヤガルーラ,牡,5,53.0,467,-3,室陽一,内野健,,6,1:31.9,40.7,4-3-4-4,5,467,-3
2023/02/17,浦和,7,五百万石使用！純米酒　なまＣ２十一 十二,1400,ダ,左,良,晴,12,8,12,メガミリオン,牡,5,52.0,453,-6,小林捺,田島寿,,7,1:32.0,39.8,10-10-10-7,10,453,-6
2023/02/17,浦和,7,五百万石使用！純米酒　なまＣ２十一 十二,1400,ダ,左,良,晴,12,7,10,メディアジャッカル,牝,5,54.0,448,-4,橋本直,内野健,,8,1:32.1,40.9,5-5-3-3,9,448,-4
2023/02/17,浦和,7,五百万石使用！純米酒　なまＣ２十一 十二,1400,ダ,左,良,晴,12,2,2,トロピカリズモ,牝,5,53.0,470,-9,池谷匠,林隆之,,9,1:32.2,40.6,7-7-6-8,2,470,-9
2023/02/17,浦和,7,五百万石使用！純米酒　なまＣ２十一 十二,1400,ダ,左,良,晴,12,1,1,スカイヴィーナス,牝,4,54.0,481,-7,岡田大,薮口一,,10,1:32.4,40.6,9-9-9-10,12,481,-7
2023/02/17,浦和,7,五百万石使用！純米酒　なまＣ２十一 十二,1400,ダ,左,良,晴,12,8,11,ウルテ,牡,4,56.0,491,0,秋元耕,小林真,,11,1:33.4,40.2,12-12-12-12,11,491,0
2023/02/17,浦和,7,五百万石使用！純米酒　なまＣ２十一 十二,1400,ダ,左,良,晴,12,5,6,オースピシャス,牝,4,54.0,467,7,見越彬,横山保,,12,1:33.4,42.1,3-4-6-11,7,467,7
2023/02/17,浦和,8,吉川市の花はサツキ賞Ｃ３一 二,1400,ダ,左,良,晴,12,5,6,フェアリートレイル,牝,5,54.0,470,4,森泰斗,齊藤敏,,1,1:31.1,39.2,1-1-1-1,4,470,4
2023/02/17,浦和,8,吉川市の花はサツキ賞Ｃ３一 二,1400,ダ,左,良,晴,12,8,11,フェイドハード,牡,6,56.0,517,0,加藤和,長谷忍,,2,1:31.2,39.1,3-3-2-2,3,517,0
2023/02/17,浦和,8,吉川市の花はサツキ賞Ｃ３一 二,1400,ダ,左,良,晴,12,7,9,トミケンミステリオ,牡,7,56.0,471,5,山崎誠,伊藤滋,,3,1:31.8,39.1,8-7-8-5,1,471,5
2023/02/17,浦和,8,吉川市の花はサツキ賞Ｃ３一 二,1400,ダ,左,良,晴,12,6,7,ジョーカイ,牝,5,54.0,468,-4,矢野貴,小久智,,4,1:32.2,40.2,2-2-3-4,2,468,-4
2023/02/17,浦和,8,吉川市の花はサツキ賞Ｃ３一 二,1400,ダ,左,良,晴,12,4,4,ジャストメイビー,牝,5,54.0,513,3,半澤慶,宇野博,,5,1:32.3,39.9,5-5-4-3,6,513,3
2023/02/17,浦和,8,吉川市の花はサツキ賞Ｃ３一 二,1400,ダ,左,良,晴,12,7,10,ラーズグリーズ,セ,0,52.0,452,0,小林捺,工藤伸,,6,1:32.3,39.5,9-9-6-7,5,452,0
2023/02/17,浦和,8,吉川市の花はサツキ賞Ｃ３一 二,1400,ダ,左,良,晴,12,1,1,リアドライブ,牡,5,55.0,506,-1,七夕裕,長谷忍,,7,1:32.5,40.4,4-4-5-6,11,506,-1
2023/02/17,浦和,8,吉川市の花はサツキ賞Ｃ３一 二,1400,ダ,左,良,晴,12,6,8,タンレイ,牝,7,53.0,461,15,池谷匠,林隆之,,8,1:32.6,40.0,6-6-7-8,8,461,15
2023/02/17,浦和,8,吉川市の花はサツキ賞Ｃ３一 二,1400,ダ,左,良,晴,12,8,12,ベリリウンヌ,牝,5,51.0,437,6,室陽一,海馬司,,9,1:32.8,40.1,7-8-9-9,9,437,6
2023/02/17,浦和,8,吉川市の花はサツキ賞Ｃ３一 二,1400,ダ,左,良,晴,12,3,3,ジーガーワールド,牡,7,56.0,476,-5,濱田達,石井勝,,10,1:32.8,39.7,10-10-10-10,10,476,-5
2023/02/17,浦和,8,吉川市の花はサツキ賞Ｃ３一 二,1400,ダ,左,良,晴,12,2,2,エイコーレイワ,牝,6,50.0,475,3,中島良,川村守,,11,1:33.5,39.9,12-12-11-11,12,475,3
2023/02/17,浦和,8,吉川市の花はサツキ賞Ｃ３一 二,1400,ダ,左,良,晴,12,5,5,スイートナイト,牝,5,54.0,476,3,高橋哲,入口由,,12,1:33.6,39.9,11-11-12-12,7,476,3
2023/02/17,浦和,9,木芽月特別Ｂ３Ｃ１選抜馬,800,ダ,左,良,晴,9,4,4,キュウドウクン,牡,7,57.0,490,2,福原杏,水野貴,,1,0:47.4,35.5,1-1,2,490,2
2023/02/17,浦和,9,木芽月特別Ｂ３Ｃ１選抜馬,800,ダ,左,良,晴,9,7,7,トゥーナノクターン,牝,6,51.0,469,-2,神尾香,山田質,,2,0:47.7,35.4,3-3,1,469,-2
2023/02/17,浦和,9,木芽月特別Ｂ３Ｃ１選抜馬,800,ダ,左,良,晴,9,5,5,ユキゲシズク,牝,4,49.0,494,2,小林捺,伊藤滋,,3,0:47.8,35.7,2-2,4,494,2
2023/02/17,浦和,9,木芽月特別Ｂ３Ｃ１選抜馬,800,ダ,左,良,晴,9,2,2,エルロイ,牡,4,52.0,492,5,木間龍,矢野義,,4,0:48.0,34.9,8-6,5,492,5
2023/02/17,浦和,9,木芽月特別Ｂ３Ｃ１選抜馬,800,ダ,左,良,晴,9,1,1,ヒットガール,牝,5,53.0,513,-2,笠野雄,山中尊,,5,0:48.1,35.5,4-4,6,513,-2
2023/02/17,浦和,9,木芽月特別Ｂ３Ｃ１選抜馬,800,ダ,左,良,晴,9,6,6,シェナブライト,牡,5,57.0,518,-8,赤津和,山越光,,6,0:48.4,35.8,7-7,7,518,-8
2023/02/17,浦和,9,木芽月特別Ｂ３Ｃ１選抜馬,800,ダ,左,良,晴,9,3,3,キャンプファイヤー,牡,4,55.0,510,7,今野忠,山崎裕,,7,0:48.4,35.8,5-5,9,510,7
2023/02/17,浦和,9,木芽月特別Ｂ３Ｃ１選抜馬,800,ダ,左,良,晴,9,8,8,エイムダウンサイト,牡,4,55.0,482,14,笹川翼,小久智,,8,0:49.5,37.0,6-8,3,482,14
2023/02/17,浦和,9,木芽月特別Ｂ３Ｃ１選抜馬,800,ダ,左,良,晴,9,8,9,リュウノアンジェラ,牝,4,53.0,430,13,見越彬,野口寛,,9,0:49.8,36.5,9-9,8,430,13
2023/02/17,浦和,10,小江戸特別Ｃ２Ｃ３選抜馬,2000,ダ,左,良,晴,12,8,12,シュティル,牡,4,57.0,479,6,山口達,山越光,,1,2:14.5,40.9,2-2-1-1,9,479,6
2023/02/17,浦和,10,小江戸特別Ｃ２Ｃ３選抜馬,2000,ダ,左,良,晴,12,7,10,ダイバオーソ,牡,5,57.0,467,1,藤江渉,箕輪武,,2,2:14.9,40.7,9-6-5-2,3,467,1
2023/02/17,浦和,10,小江戸特別Ｃ２Ｃ３選抜馬,2000,ダ,左,良,晴,12,1,1,チャリタブルソート,牡,4,57.0,544,-1,矢野貴,野口孝,,3,2:15.2,41.3,5-4-2-3,1,544,-1
2023/02/17,浦和,10,小江戸特別Ｃ２Ｃ３選抜馬,2000,ダ,左,良,晴,12,3,3,ウインカーマイン,牡,7,57.0,461,1,秋元耕,川島豊,,4,2:15.4,41.0,7-7-7-7,8,461,1
2023/02/17,浦和,10,小江戸特別Ｃ２Ｃ３選抜馬,2000,ダ,左,良,晴,12,6,8,ピノモラーン,牡,5,57.0,476,-1,達城龍,野口孝,,5,2:15.4,40.8,10-9-6-6,2,476,-1
2023/02/17,浦和,10,小江戸特別Ｃ２Ｃ３選抜馬,2000,ダ,左,良,晴,12,5,5,ムーランブラン,牝,7,55.0,472,4,笹川翼,藤原智,,6,2:15.6,41.7,3-3-4-4,7,472,4
2023/02/17,浦和,10,小江戸特別Ｃ２Ｃ３選抜馬,2000,ダ,左,良,晴,12,6,7,サンライズヴェリテ,牡,5,56.0,450,14,七夕裕,工藤伸,,7,2:15.7,40.0,11-11-11-9,6,450,14
2023/02/17,浦和,10,小江戸特別Ｃ２Ｃ３選抜馬,2000,ダ,左,良,晴,12,2,2,シークレットギア,牡,5,55.0,490,6,加藤和,薮口一,,8,2:15.7,42.0,1-1-3-5,11,490,6
2023/02/17,浦和,10,小江戸特別Ｃ２Ｃ３選抜馬,2000,ダ,左,良,晴,12,5,6,マッシロ,牝,7,52.0,421,0,池谷匠,林隆之,,9,2:16.0,41.6,4-5-8-8,4,421,0
2023/02/17,浦和,10,小江戸特別Ｃ２Ｃ３選抜馬,2000,ダ,左,良,晴,12,7,9,サフランポケット,牡,5,57.0,482,4,橋本直,平山真,,10,2:16.6,41.9,6-8-9-10,10,482,4
2023/02/17,浦和,10,小江戸特別Ｃ２Ｃ３選抜馬,2000,ダ,左,良,晴,12,8,11,タイガーキャット,牡,4,56.0,479,0,新原周,小澤宏,,11,2:17.0,41.5,12-12-10-11,5,479,0
2023/02/17,浦和,10,小江戸特別Ｃ２Ｃ３選抜馬,2000,ダ,左,良,晴,12,4,4,ナムラキャッツ,牝,4,51.0,406,6,小林捺,工藤伸,,12,2:18.0,42.5,8-10-12-12,12,406,6
2023/02/17,浦和,11,初花月特別Ｂ２二,1400,ダ,左,良,晴,12,3,3,ジュネス,牝,6,54.0,490,-9,矢野貴,小久智,,1,1:27.9,38.3,2-2-2-1,1,490,-9
2023/02/17,浦和,11,初花月特別Ｂ２二,1400,ダ,左,良,晴,12,5,6,ハクサンホーリー,牝,6,54.0,423,-1,澤田龍,矢野義,,2,1:29.6,39.9,4-3-3-3,3,423,-1
2023/02/17,浦和,11,初花月特別Ｂ２二,1400,ダ,左,良,晴,12,6,8,ルイジアンナ,牝,5,50.0,466,0,中島良,佐々仁,,3,1:29.9,40.6,1-1-1-2,4,466,0
2023/02/17,浦和,11,初花月特別Ｂ２二,1400,ダ,左,良,晴,12,1,1,リトルパイングッド,牡,6,56.0,507,3,町田直,内田勝,,4,1:29.9,39.9,3-5-6-5,5,507,3
2023/02/17,浦和,11,初花月特別Ｂ２二,1400,ダ,左,良,晴,12,6,7,オートヴィル,牡,8,56.0,542,9,福原杏,酒井一,,5,1:29.9,39.6,8-7-8-7,7,542,9
2023/02/17,浦和,11,初花月特別Ｂ２二,1400,ダ,左,良,晴,12,8,12,グランギフト,牡,6,56.0,488,3,山崎誠,山崎尋,,6,1:29.9,39.6,9-8-5-6,6,488,3
2023/02/17,浦和,11,初花月特別Ｂ２二,1400,ダ,左,良,晴,12,2,2,レディブラウン,牝,5,54.0,461,-1,伊藤裕,佐藤博,,7,1:30.0,39.5,6-9-9-8,9,461,-1
2023/02/17,浦和,11,初花月特別Ｂ２二,1400,ダ,左,良,晴,12,8,11,ブレーヴユニコーン,牡,7,56.0,520,7,今野忠,箕輪武,,8,1:30.7,40.7,5-4-4-4,11,520,7
2023/02/17,浦和,11,初花月特別Ｂ２二,1400,ダ,左,良,晴,12,7,10,ミエノハヤブサ,セ,0,56.0,486,0,森泰斗,小澤宏,,9,1:30.8,40.5,7-6-7-9,2,486,0
2023/02/17,浦和,11,初花月特別Ｂ２二,1400,ダ,左,良,晴,12,7,9,ナンヨーオボロヅキ,牝,7,54.0,495,6,岡村健,平山真,,10,1:31.0,39.9,10-10-11-10,10,495,6
2023/02/17,浦和,11,初花月特別Ｂ２二,1400,ダ,左,良,晴,12,4,4,ケイティーセキトバ,牡,8,55.0,510,4,七夕裕,岡田一,,11,1:31.1,39.5,11-11-12-12,12,510,4
2023/02/17,浦和,11,初花月特別Ｂ２二,1400,ダ,左,良,晴,12,5,5,グリーンロード,牡,6,55.0,525,-4,野畑凌,高月賢,,12,1:31.5,40.4,12-12-10-11,8,525,-4
2023/02/17,浦和,12,梅見月特別Ｃ１一,1400,ダ,左,良,晴,12,3,3,ロンドンボーイ,牡,4,56.0,464,-11,矢野貴,小久智,,1,1:29.5,39.0,4-4-5-2,2,464,-11
2023/02/17,浦和,12,梅見月特別Ｃ１一,1400,ダ,左,良,晴,12,5,5,ユキグニ,牡,4,56.0,507,-9,伊藤裕,鈴木義,,2,1:29.7,39.4,1-1-1-1,4,507,-9
2023/02/17,浦和,12,梅見月特別Ｃ１一,1400,ダ,左,良,晴,12,4,4,フロネシス,牝,4,54.0,445,-4,笠野雄,山下之,,3,1:30.1,39.6,5-5-6-6,8,445,-4
2023/02/17,浦和,12,梅見月特別Ｃ１一,1400,ダ,左,良,晴,12,7,9,ニシノアクシス,牡,6,56.0,507,10,岡田大,冨田敏,,4,1:30.5,39.9,11-10-4-5,7,507,10
2023/02/17,浦和,12,梅見月特別Ｃ１一,1400,ダ,左,良,晴,12,2,2,ワンダークラドート,牡,6,56.0,480,0,橋本直,鈴木勝,,5,1:30.6,40.0,7-6-8-7,9,480,0
2023/02/17,浦和,12,梅見月特別Ｃ１一,1400,ダ,左,良,晴,12,8,11,イーベンホルツ,セ,0,56.0,491,3,町田直,内田勝,,6,1:30.6,40.3,3-3-3-4,3,491,3
2023/02/17,浦和,12,梅見月特別Ｃ１一,1400,ダ,左,良,晴,12,6,7,オウケンアマゾネス,牝,6,53.0,453,-2,野畑凌,工藤伸,,7,1:30.8,39.9,10-11-12-9,6,453,-2
2023/02/17,浦和,12,梅見月特別Ｃ１一,1400,ダ,左,良,晴,12,5,6,マナーザマジック,牡,6,56.0,449,-3,山崎誠,野口孝,,8,1:30.9,40.6,2-2-2-3,12,449,-3
2023/02/17,浦和,12,梅見月特別Ｃ１一,1400,ダ,左,良,晴,12,6,8,キョウエイシャイン,牝,4,54.0,466,2,秋元耕,小澤宏,,9,1:31.3,40.5,9-9-11-11,11,466,2
2023/02/17,浦和,12,梅見月特別Ｃ１一,1400,ダ,左,良,晴,12,7,10,カモントゥミー,牡,6,56.0,510,1,中越琉,山崎尋,,10,1:31.3,40.6,6-8-10-10,10,510,1
2023/02/17,浦和,12,梅見月特別Ｃ１一,1400,ダ,左,良,晴,12,1,1,サンウェーコ,牡,7,56.0,510,-2,川島正,繁田健,,11,1:31.5,40.8,12-12-7-8,1,510,-2
2023/02/17,浦和,12,梅見月特別Ｃ１一,1400,ダ,左,良,晴,12,8,12,リュウノアン,牝,4,54.0,458,1,澤田龍,川村守,,12,1:32.0,41.4,8-7-9-12,5,458,1
2023/03/20,浦和,1,浦和８００ラウンド３歳選抜馬,800,ダ,左,重,晴,12,8,11,ピカンチダブル,牝,3,53.0,440,1,野畑凌,新井清,,1,0:48.0,35.9,2-1,2,440,1
2023/03/20,浦和,1,浦和８００ラウンド３歳選抜馬,800,ダ,左,重,晴,12,5,6,アイリイファースト,牝,3,54.0,500,0,半澤慶,宇野博,,2,0:48.1,36.0,1-2,8,500,0
2023/03/20,浦和,1,浦和８００ラウンド３歳選抜馬,800,ダ,左,重,晴,12,3,3,ハレノチアラシ,セ,0,56.0,440,1,藤江渉,山田質,,3,0:49.1,36.3,6-3,4,440,1
2023/03/20,浦和,1,浦和８００ラウンド３歳選抜馬,800,ダ,左,重,晴,12,4,4,クラスヴァンクル,牡,3,56.0,474,-7,森泰斗,薮口一,,4,0:49.3,37.0,4-4,1,474,-7
2023/03/20,浦和,1,浦和８００ラウンド３歳選抜馬,800,ダ,左,重,晴,12,6,8,タツノヴィクトリー,牡,3,55.0,447,5,新原周,田邊陽,,5,0:49.4,35.8,11-9,6,447,5
2023/03/20,浦和,1,浦和８００ラウンド３歳選抜馬,800,ダ,左,重,晴,12,5,5,キングフォーチュン,牡,3,56.0,468,1,岡田大,工藤伸,,6,0:49.5,37.1,5-7,9,468,1
2023/03/20,浦和,1,浦和８００ラウンド３歳選抜馬,800,ダ,左,重,晴,12,8,12,マーヒナヒナ,牝,3,54.0,459,-2,藤本現,酒井一,,7,0:49.5,37.2,3-5,3,459,-2
2023/03/20,浦和,1,浦和８００ラウンド３歳選抜馬,800,ダ,左,重,晴,12,2,2,ステラータアイズ,牝,3,51.0,436,8,室陽一,小久智,,8,0:49.8,36.4,9-8,7,436,8
2023/03/20,浦和,1,浦和８００ラウンド３歳選抜馬,800,ダ,左,重,晴,12,1,1,リトルジーニー,牝,3,54.0,409,-3,山崎誠,甲田悟,,9,0:49.9,37.3,7-6,5,409,-3
2023/03/20,浦和,1,浦和８００ラウンド３歳選抜馬,800,ダ,左,重,晴,12,6,7,クリプリンセス,牝,3,54.0,409,-7,秋元耕,冨田敏,,10,0:50.1,37.1,8-10,11,409,-7
2023/03/20,浦和,1,浦和８００ラウンド３歳選抜馬,800,ダ,左,重,晴,12,7,10,ミラコロダンス,牝,3,50.0,450,-12,中島良,小澤宏,,11,0:50.8,37.0,12-12,12,450,-12
2023/03/20,浦和,1,浦和８００ラウンド３歳選抜馬,800,ダ,左,重,晴,12,7,9,フェアリーパワポケ,牝,3,54.0,418,9,高橋哲,水野貴,,12,0:51.1,37.9,10-11,10,418,9
2023/03/20,浦和,2,ランチタイムチャレンジ３歳五,1400,ダ,左,重,晴,10,7,8,ウオッカガール,牝,3,53.0,476,-11,菅原涼,箕輪武,,1,1:31.3,40.8,1-1-1-1,1,476,-11
2023/03/20,浦和,2,ランチタイムチャレンジ３歳五,1400,ダ,左,重,晴,10,3,3,クラダイリン,牝,3,54.0,490,0,町田直,長谷忍,,2,1:31.4,39.3,7-7-6-3,7,490,0
2023/03/20,浦和,2,ランチタイムチャレンジ３歳五,1400,ダ,左,重,晴,10,7,7,エアファールング,牡,3,56.0,471,-1,赤津和,山越光,,3,1:32.4,40.1,8-8-7-5,9,471,-1
2023/03/20,浦和,2,ランチタイムチャレンジ３歳五,1400,ダ,左,重,晴,10,8,10,スマイルポピー,牝,3,54.0,462,-3,加藤和,小澤宏,,4,1:32.6,41.5,3-3-2-2,8,462,-3
2023/03/20,浦和,2,ランチタイムチャレンジ３歳五,1400,ダ,左,重,晴,10,5,5,クラマサヴィーナス,牝,3,54.0,458,1,本橋孝,矢野義,,5,1:32.8,40.4,6-6-8-8,3,458,1
2023/03/20,浦和,2,ランチタイムチャレンジ３歳五,1400,ダ,左,重,晴,10,4,4,サンテンシーサン,牡,3,53.0,493,2,室陽一,薮口一,,6,1:32.8,40.2,9-9-9-4,4,493,2
2023/03/20,浦和,2,ランチタイムチャレンジ３歳五,1400,ダ,左,重,晴,10,1,1,リチアブーケ,牝,3,54.0,472,0,岡田大,藤原智,,7,1:33.4,42.0,4-4-5-7,2,472,0
2023/03/20,浦和,2,ランチタイムチャレンジ３歳五,1400,ダ,左,重,晴,10,8,9,ビナダラット,牝,3,54.0,464,17,藤本現,酒井一,,8,1:33.7,42.1,5-5-4-6,6,464,17
2023/03/20,浦和,2,ランチタイムチャレンジ３歳五,1400,ダ,左,重,晴,10,2,2,イイガネ,牝,3,54.0,455,11,内田利,酒井一,,9,1:35.0,43.9,2-2-3-9,5,455,11
2023/03/20,浦和,2,ランチタイムチャレンジ３歳五,1400,ダ,左,重,晴,10,6,6,ケンキートス,牡,3,56.0,0,0,笹川翼,繁田健,,,,,,,0,0
2023/03/20,浦和,3,３歳四,1400,ダ,左,重,晴,9,2,2,ノンリミタシオン,牡,3,56.0,424,2,山口達,林正人,,1,1:31.3,39.8,3-3-3-2,4,424,2
2023/03/20,浦和,3,３歳四,1400,ダ,左,重,晴,9,6,6,ジーガーアイアン,牝,3,54.0,408,1,本橋孝,石井勝,,2,1:31.8,38.8,7-7-7-7,6,408,1
2023/03/20,浦和,3,３歳四,1400,ダ,左,重,晴,9,8,9,ダンシングクライ,牝,3,54.0,463,-1,高橋哲,藤原智,,3,1:32.0,40.6,2-2-1-3,8,463,-1
2023/03/20,浦和,3,３歳四,1400,ダ,左,重,晴,9,8,8,アメ,牝,3,54.0,438,5,加藤和,長谷忍,,4,1:32.0,39.9,4-4-4-4,3,438,5
2023/03/20,浦和,3,３歳四,1400,ダ,左,重,晴,9,3,3,ダバイマリーンズ,牡,3,56.0,447,1,和田譲,坂本昇,,5,1:32.0,39.5,6-6-6-5,5,447,1
2023/03/20,浦和,3,３歳四,1400,ダ,左,重,晴,9,7,7,コンパルティール,牝,3,54.0,448,-6,笹川翼,川村守,,6,1:32.0,40.6,1-1-2-1,1,448,-6
2023/03/20,浦和,3,３歳四,1400,ダ,左,重,晴,9,4,4,メモリアルフィジー,牡,3,52.0,407,-1,小林捺,甲田悟,,7,1:32.1,38.9,9-9-8-8,9,407,-1
2023/03/20,浦和,3,３歳四,1400,ダ,左,重,晴,9,1,1,リングベルガール,牝,3,54.0,422,10,森泰斗,小久智,,8,1:32.1,39.9,5-5-5-6,2,422,10
2023/03/20,浦和,3,３歳四,1400,ダ,左,重,晴,9,5,5,ハッサクサン,牝,3,54.0,482,2,秋元耕,水野貴,,9,1:33.3,40.0,8-8-9-9,7,482,2
2023/03/20,浦和,4,Ｃ３七 八,1400,ダ,左,重,晴,9,3,3,パーティーアニマル,牡,7,56.0,459,-6,高橋哲,牛房榮,,1,1:32.3,39.9,2-2-1-1,3,459,-6
2023/03/20,浦和,4,Ｃ３七 八,1400,ダ,左,重,晴,9,4,4,ピレニーズキング,牡,8,55.0,490,-1,野畑凌,吉橋淳,,2,1:33.2,40.4,7-8-6-3,6,490,-1
2023/03/20,浦和,4,Ｃ３七 八,1400,ダ,左,重,晴,9,1,1,ユメツクシ,牝,7,54.0,479,-8,加藤和,長谷忍,,3,1:33.2,40.6,6-4-7-5,1,479,-8
2023/03/20,浦和,4,Ｃ３七 八,1400,ダ,左,重,晴,9,8,9,トキノカサドール,牡,8,56.0,455,-3,見越彬,横山保,,4,1:33.3,40.7,5-5-5-4,2,455,-3
2023/03/20,浦和,4,Ｃ３七 八,1400,ダ,左,重,晴,9,7,7,バロンキング,牡,7,56.0,454,-3,山口達,阿井正,,5,1:33.5,41.1,8-7-2-2,4,454,-3
2023/03/20,浦和,4,Ｃ３七 八,1400,ダ,左,重,晴,9,5,5,ネオエンジェル,牝,7,50.0,445,-4,中島良,冨田敏,,6,1:33.6,40.2,9-9-8-7,8,445,-4
2023/03/20,浦和,4,Ｃ３七 八,1400,ダ,左,重,晴,9,8,8,パレスギガント,牡,7,55.0,489,1,七夕裕,長谷忍,,7,1:34.2,41.8,3-3-4-6,7,489,1
2023/03/20,浦和,4,Ｃ３七 八,1400,ダ,左,重,晴,9,2,2,ツーエムポラリス,牡,8,56.0,473,-2,半澤慶,鈴木勝,,8,1:34.9,42.5,1-1-3-8,9,473,-2
2023/03/20,浦和,4,Ｃ３七 八,1400,ダ,左,重,晴,9,6,6,ニシノサトル,牡,7,56.0,490,-2,内田利,吉田正,,9,1:35.2,42.0,4-6-9-9,5,490,-2
2023/03/20,浦和,5,Ｃ３ ４歳ア,1500,ダ,左,重,晴,11,4,4,トワイライトドレス,牝,4,51.0,494,-3,室陽一,宇野博,,1,1:38.6,41.0,5-5-2-2,1,494,-3
2023/03/20,浦和,5,Ｃ３ ４歳ア,1500,ダ,左,重,晴,11,6,7,エイシンドゥルガー,牝,4,54.0,479,-4,御神訓,藤原智,,2,1:39.4,42.1,1-1-1-1,2,479,-4
2023/03/20,浦和,5,Ｃ３ ４歳ア,1500,ダ,左,重,晴,11,1,1,カペラスター,牡,4,56.0,486,2,藤江渉,横山保,,3,1:40.0,41.6,7-7-6-5,7,486,2
2023/03/20,浦和,5,Ｃ３ ４歳ア,1500,ダ,左,重,晴,11,2,2,マルノコウキ,牡,4,56.0,533,-5,半澤慶,川村守,,4,1:40.1,42.5,3-4-3-3,4,533,-5
2023/03/20,浦和,5,Ｃ３ ４歳ア,1500,ダ,左,重,晴,11,8,10,シェナコブシ,牡,4,56.0,482,-2,秋元耕,吉田正,,5,1:40.1,41.1,9-8-8-6,9,482,-2
2023/03/20,浦和,5,Ｃ３ ４歳ア,1500,ダ,左,重,晴,11,6,6,ゲットデザイアー,牝,4,54.0,449,-12,森泰斗,箕輪武,,6,1:40.6,42.8,6-6-4-4,5,449,-12
2023/03/20,浦和,5,Ｃ３ ４歳ア,1500,ダ,左,重,晴,11,5,5,シシリアンルージュ,牡,4,56.0,475,-1,高橋哲,薮口一,,7,1:41.2,41.5,10-10-9-9,6,475,-1
2023/03/20,浦和,5,Ｃ３ ４歳ア,1500,ダ,左,重,晴,11,8,11,ウイングラドナス,牡,4,56.0,456,-2,橋本直,内野健,,8,1:41.5,43.9,4-3-5-7,3,456,-2
2023/03/20,浦和,5,Ｃ３ ４歳ア,1500,ダ,左,重,晴,11,7,9,シェナノララ,牝,4,54.0,427,6,國分祐,冨田敏,,9,1:41.5,40.8,11-11-11-11,11,427,6
2023/03/20,浦和,5,Ｃ３ ４歳ア,1500,ダ,左,重,晴,11,3,3,ヤクライローズ,牝,4,54.0,444,3,見越彬,鹿沼和,,10,1:41.9,42.3,8-9-10-8,10,444,3
2023/03/20,浦和,5,Ｃ３ ４歳ア,1500,ダ,左,重,晴,11,7,8,パーシスト,牝,4,53.0,411,0,七夕裕,岡田一,,11,1:42.6,45.0,2-2-7-10,8,411,0
2023/03/20,浦和,6,Ｃ３七 八,1500,ダ,左,重,晴,11,2,2,ケンブリッジウィズ,牝,7,54.0,462,-1,和田譲,新井清,,1,1:39.5,41.0,4-4-3-1,1,462,-1
2023/03/20,浦和,6,Ｃ３七 八,1500,ダ,左,重,晴,11,4,4,ウルリヒト,牡,7,56.0,502,-7,山崎誠,山崎尋,,2,1:39.5,40.6,6-5-6-4,2,502,-7
2023/03/20,浦和,6,Ｃ３七 八,1500,ダ,左,重,晴,11,7,9,ユラニュス,牝,7,50.0,446,4,小林捺,田邊陽,,3,1:40.4,42.0,2-2-1-2,4,446,4
2023/03/20,浦和,6,Ｃ３七 八,1500,ダ,左,重,晴,11,8,10,ピカレスクスマイル,牡,7,56.0,467,0,増田充,佐々仁,,4,1:40.5,41.8,9-7-5-5,3,467,0
2023/03/20,浦和,6,Ｃ３七 八,1500,ダ,左,重,晴,11,6,6,ニシノマリアージュ,牝,7,54.0,413,0,岡田大,冨田敏,,5,1:40.6,41.2,8-9-9-7,5,413,0
2023/03/20,浦和,6,Ｃ３七 八,1500,ダ,左,重,晴,11,3,3,デンコウメジャー,牡,8,55.0,482,-3,七夕裕,平山真,,6,1:40.7,41.1,7-10-10-10,9,482,-3
2023/03/20,浦和,6,Ｃ３七 八,1500,ダ,左,重,晴,11,6,7,アールレアル,セ,0,56.0,457,5,澤田龍,川村守,,7,1:41.0,41.8,10-8-8-9,8,457,5
2023/03/20,浦和,6,Ｃ３七 八,1500,ダ,左,重,晴,11,1,1,コンジキノボス,牡,8,53.0,476,-3,木間龍,矢内博,,8,1:41.2,42.1,5-6-7-8,7,476,-3
2023/03/20,浦和,6,Ｃ３七 八,1500,ダ,左,重,晴,11,8,11,リュウキタイヨウ,セ,0,56.0,434,-4,仲野光,玉井等,,9,1:41.2,42.8,3-3-3-6,11,434,-4
2023/03/20,浦和,6,Ｃ３七 八,1500,ダ,左,重,晴,11,5,5,グランピー,牝,7,50.0,416,1,中島良,久保勇,,10,1:41.6,42.0,11-11-11-11,10,416,1
2023/03/20,浦和,6,Ｃ３七 八,1500,ダ,左,重,晴,11,7,8,ユメノハジマリ,牝,7,51.0,470,-1,室陽一,水野貴,,11,1:42.3,43.9,1-1-1-3,6,470,-1
2023/03/20,浦和,7,Ｃ２三,1400,ダ,左,稍重,晴,12,4,4,デイスター,牡,6,56.0,468,-6,山崎誠,宇野博,,1,1:30.5,39.7,1-1-1-1,1,468,-6
2023/03/20,浦和,7,Ｃ２三,1400,ダ,左,稍重,晴,12,7,9,ブルボンティアラ,牝,4,50.0,437,-4,小林捺,水野貴,,2,1:30.6,38.7,8-8-5-2,8,437,-4
2023/03/20,浦和,7,Ｃ２三,1400,ダ,左,稍重,晴,12,8,12,スパイツァック,牝,4,54.0,461,6,和田譲,宇野博,,3,1:31.0,39.7,4-4-4-4,2,461,6
2023/03/20,浦和,7,Ｃ２三,1400,ダ,左,稍重,晴,12,2,2,ジャスミンカーラ,牝,4,54.0,431,8,橋本直,平山真,,4,1:31.2,38.9,9-9-8-8,3,431,8
2023/03/20,浦和,7,Ｃ２三,1400,ダ,左,稍重,晴,12,1,1,エターナルルビー,牝,5,50.0,454,9,中島良,川島豊,,5,1:31.3,39.2,7-7-10-9,9,454,9
2023/03/20,浦和,7,Ｃ２三,1400,ダ,左,稍重,晴,12,5,6,ヘーベー,牝,5,54.0,473,1,町田直,宇野博,,6,1:31.3,39.4,6-6-6-6,4,473,1
2023/03/20,浦和,7,Ｃ２三,1400,ダ,左,稍重,晴,12,8,11,タッシーベリンダ,牝,5,54.0,498,3,笹川翼,山崎尋,,7,1:31.5,40.4,3-3-3-5,5,498,3
2023/03/20,浦和,7,Ｃ２三,1400,ダ,左,稍重,晴,12,3,3,エレダール,牡,4,56.0,455,6,藤江渉,工藤伸,,8,1:31.8,38.6,12-12-11-11,10,455,6
2023/03/20,浦和,7,Ｃ２三,1400,ダ,左,稍重,晴,12,5,5,ハッピートウキョウ,牡,4,56.0,498,2,藤本現,小久智,,9,1:31.8,39.7,11-10-8-10,7,498,2
2023/03/20,浦和,7,Ｃ２三,1400,ダ,左,稍重,晴,12,6,7,ナツハヨル,牝,5,54.0,438,-11,岡田大,横山保,,10,1:32.1,41.2,2-2-2-3,6,438,-11
2023/03/20,浦和,7,Ｃ２三,1400,ダ,左,稍重,晴,12,7,10,ユメミルツキ,牝,4,54.0,479,2,秋元耕,鹿沼和,,11,1:32.1,40.2,5-5-7-7,12,479,2
2023/03/20,浦和,7,Ｃ２三,1400,ダ,左,稍重,晴,12,6,8,カゲカツ,牡,9,53.0,529,-1,室陽一,長谷忍,,12,1:33.5,40.9,10-11-12-12,11,529,-1
2023/03/20,浦和,8,幸手桜まつり前日賞Ｃ１五,1500,ダ,左,稍重,晴,12,7,10,アンジュレイ,牝,4,54.0,468,-7,森泰斗,小久智,,1,1:37.0,39.5,6-6-1-1,1,468,-7
2023/03/20,浦和,8,幸手桜まつり前日賞Ｃ１五,1500,ダ,左,稍重,晴,12,6,8,スリーヴリーグ,牡,7,56.0,538,10,今野忠,野口寛,,2,1:37.0,39.0,8-7-6-4,4,538,10
2023/03/20,浦和,8,幸手桜まつり前日賞Ｃ１五,1500,ダ,左,稍重,晴,12,6,7,アルティスタエース,牡,8,56.0,481,-19,町田直,繁田健,,3,1:37.6,40.1,5-4-2-3,2,481,-19
2023/03/20,浦和,8,幸手桜まつり前日賞Ｃ１五,1500,ダ,左,稍重,晴,12,5,5,グランパドゥシャ,牝,4,54.0,442,-25,見越彬,川村守,,4,1:37.7,40.2,3-3-3-2,6,442,-25
2023/03/20,浦和,8,幸手桜まつり前日賞Ｃ１五,1500,ダ,左,稍重,晴,12,8,12,カシノペルル,牡,4,56.0,508,-1,赤津和,鹿沼和,,5,1:38.2,39.6,11-11-9-6,12,508,-1
2023/03/20,浦和,8,幸手桜まつり前日賞Ｃ１五,1500,ダ,左,稍重,晴,12,4,4,ダイバオーソ,牡,5,56.0,467,0,藤江渉,箕輪武,,6,1:38.5,39.6,12-12-12-7,11,467,0
2023/03/20,浦和,8,幸手桜まつり前日賞Ｃ１五,1500,ダ,左,稍重,晴,12,5,6,イグレック,セ,0,55.0,486,-7,新原周,久保秀,,7,1:38.5,39.8,10-10-11-8,5,486,-7
2023/03/20,浦和,8,幸手桜まつり前日賞Ｃ１五,1500,ダ,左,稍重,晴,12,7,9,ジャングルタキオン,牡,4,56.0,509,4,達城龍,野口孝,,8,1:38.6,40.2,9-9-8-8,8,509,4
2023/03/20,浦和,8,幸手桜まつり前日賞Ｃ１五,1500,ダ,左,稍重,晴,12,8,11,リンドグレン,牝,9,54.0,434,-6,和田譲,山下之,,9,1:38.7,40.6,7-8-7-5,7,434,-6
2023/03/20,浦和,8,幸手桜まつり前日賞Ｃ１五,1500,ダ,左,稍重,晴,12,2,2,ワンダーフェンリル,牡,5,56.0,515,-2,橋本直,鈴木勝,,10,1:40.0,41.8,4-5-10-12,3,515,-2
2023/03/20,浦和,8,幸手桜まつり前日賞Ｃ１五,1500,ダ,左,稍重,晴,12,1,1,ウララカナハル,牝,5,50.0,427,-3,小林捺,新井清,,11,1:40.5,43.0,1-2-5-11,9,427,-3
2023/03/20,浦和,8,幸手桜まつり前日賞Ｃ１五,1500,ダ,左,稍重,晴,12,3,3,ニッショウアキラ,牡,4,56.0,461,1,藤本現,酒井一,,12,1:40.5,43.1,2-1-4-8,10,461,1
2023/03/20,浦和,9,アクアマリン特別Ｃ１四,1400,ダ,左,稍重,晴,11,7,9,マイアミ,牡,5,56.0,476,8,藤本現,高月賢,,1,1:29.2,39.1,6-5-3-3,3,476,8
2023/03/20,浦和,9,アクアマリン特別Ｃ１四,1400,ダ,左,稍重,晴,11,3,3,ショウネンジダイ,牡,5,56.0,489,3,本田重,新井清,,2,1:29.3,39.5,1-1-1-1,1,489,3
2023/03/20,浦和,9,アクアマリン特別Ｃ１四,1400,ダ,左,稍重,晴,11,8,10,プレストルーチェ,セ,0,52.0,510,-14,中島良,小澤宏,,3,1:29.3,39.5,2-2-2-2,5,510,-14
2023/03/20,浦和,9,アクアマリン特別Ｃ１四,1400,ダ,左,稍重,晴,11,2,2,ヴァルゴスピカ,牝,6,54.0,433,-1,笠野雄,稲益貴,,4,1:30.2,39.9,5-6-4-4,7,433,-1
2023/03/20,浦和,9,アクアマリン特別Ｃ１四,1400,ダ,左,稍重,晴,11,7,8,デイジーカプシーヌ,牝,5,54.0,491,0,本橋孝,山田信,,5,1:30.7,39.8,9-10-7-5,4,491,0
2023/03/20,浦和,9,アクアマリン特別Ｃ１四,1400,ダ,左,稍重,晴,11,6,7,クレウーサ,牝,4,53.0,470,1,古岡勇,小澤宏,,6,1:30.8,39.8,10-8-9-7,10,470,1
2023/03/20,浦和,9,アクアマリン特別Ｃ１四,1400,ダ,左,稍重,晴,11,5,5,コスモビートイット,牡,6,56.0,514,3,秋元耕,川島豊,,7,1:31.3,40.1,8-9-10-10,9,514,3
2023/03/20,浦和,9,アクアマリン特別Ｃ１四,1400,ダ,左,稍重,晴,11,4,4,インカローズムスメ,牝,4,54.0,408,-6,赤津和,山越光,,8,1:31.4,40.6,7-7-8-8,6,408,-6
2023/03/20,浦和,9,アクアマリン特別Ｃ１四,1400,ダ,左,稍重,晴,11,6,6,イチジン,牡,6,56.0,458,2,加藤和,長谷忍,,9,1:31.6,41.3,3-3-5-6,2,458,2
2023/03/20,浦和,9,アクアマリン特別Ｃ１四,1400,ダ,左,稍重,晴,11,1,1,フーラリ,牡,5,53.0,481,1,室陽一,山越光,,10,1:33.0,42.7,4-4-6-9,8,481,1
2023/03/20,浦和,9,アクアマリン特別Ｃ１四,1400,ダ,左,稍重,晴,11,8,11,ジョーレイラニ,牝,5,54.0,0,0,笹川翼,小久智,,,,,,,0,0
2023/03/20,浦和,10,弥生特別Ｃ２一,1400,ダ,左,稍重,晴,10,8,9,ケイセブン,牡,5,56.0,434,-8,森泰斗,箕輪武,,1,1:29.3,39.7,2-2-2-1,1,434,-8
2023/03/20,浦和,10,弥生特別Ｃ２一,1400,ダ,左,稍重,晴,10,3,3,シダデカサドール,牡,5,56.0,491,2,和田譲,栗林信,,2,1:30.4,39.5,9-10-8-4,5,491,2
2023/03/20,浦和,10,弥生特別Ｃ２一,1400,ダ,左,稍重,晴,10,1,1,ヴァンクールシチー,牡,4,56.0,429,-4,半澤慶,工藤伸,,3,1:30.4,40.6,3-3-3-3,6,429,-4
2023/03/20,浦和,10,弥生特別Ｃ２一,1400,ダ,左,稍重,晴,10,7,8,ログハウス,牝,8,54.0,483,8,橋本直,平山真,,4,1:31.2,40.7,7-6-7-6,7,483,8
2023/03/20,浦和,10,弥生特別Ｃ２一,1400,ダ,左,稍重,晴,10,2,2,レッドコーラル,牝,4,54.0,433,-6,本橋孝,小久智,,5,1:31.2,41.6,1-1-1-2,2,433,-6
2023/03/20,浦和,10,弥生特別Ｃ２一,1400,ダ,左,稍重,晴,10,7,7,ビービーダルク,牝,5,54.0,483,3,加藤和,薮口一,,6,1:31.7,41.0,8-8-9-8,9,483,3
2023/03/20,浦和,10,弥生特別Ｃ２一,1400,ダ,左,稍重,晴,10,8,10,ブルベアヴェルデ,牡,7,56.0,468,-7,山崎誠,藤原智,,7,1:31.8,41.6,4-4-4-7,4,468,-7
2023/03/20,浦和,10,弥生特別Ｃ２一,1400,ダ,左,稍重,晴,10,6,6,モーモーブラック,牝,5,53.0,421,-3,池谷匠,村田順,,8,1:32.1,41.5,5-7-6-5,8,421,-3
2023/03/20,浦和,10,弥生特別Ｃ２一,1400,ダ,左,稍重,晴,10,4,4,ゴールドセイバー,セ,0,56.0,481,0,増田充,高月賢,,9,1:32.6,42.1,10-9-5-9,3,481,0
2023/03/20,浦和,10,弥生特別Ｃ２一,1400,ダ,左,稍重,晴,10,5,5,サマーデライト,牝,4,54.0,426,-1,高橋哲,牛房榮,,10,1:33.1,42.5,6-5-10-10,10,426,-1
2023/03/20,浦和,11,麗日特別Ｂ２二,1500,ダ,左,稍重,晴,10,8,9,ミロヴィーナス,牝,6,54.0,480,3,笹川翼,佐藤太,,1,1:35.9,38.2,3-3-2-1,2,480,3
2023/03/20,浦和,11,麗日特別Ｂ２二,1500,ダ,左,稍重,晴,10,7,7,ガンファイター,牡,7,56.0,521,-9,見越彬,藤原智,,2,1:36.5,38.5,5-6-5-3,6,521,-9
2023/03/20,浦和,11,麗日特別Ｂ２二,1500,ダ,左,稍重,晴,10,2,2,エーアイダンサー,牝,5,54.0,439,3,森泰斗,内田勝,,3,1:36.7,39.6,1-1-1-2,3,439,3
2023/03/20,浦和,11,麗日特別Ｂ２二,1500,ダ,左,稍重,晴,10,4,4,ミエノハヤブサ,セ,0,56.0,483,-3,張田昂,小澤宏,,4,1:36.7,38.0,9-8-7-6,4,483,-3
2023/03/20,浦和,11,麗日特別Ｂ２二,1500,ダ,左,稍重,晴,10,3,3,ジュンハンス,牡,4,56.0,464,8,本橋孝,小久智,,5,1:37.0,38.8,7-7-6-7,1,464,8
2023/03/20,浦和,11,麗日特別Ｂ２二,1500,ダ,左,稍重,晴,10,6,6,エリオット,牡,5,56.0,541,0,山中悠,古澤悟,,6,1:37.0,39.3,2-2-4-4,5,541,0
2023/03/20,浦和,11,麗日特別Ｂ２二,1500,ダ,左,稍重,晴,10,5,5,オートヴィル,牡,8,56.0,537,4,岡村健,酒井一,,7,1:37.6,39.7,4-4-3-5,8,537,4
2023/03/20,浦和,11,麗日特別Ｂ２二,1500,ダ,左,稍重,晴,10,1,1,ケイティーセキトバ,牡,8,55.0,507,-1,七夕裕,岡田一,,8,1:38.1,38.9,10-9-9-8,10,507,-1
2023/03/20,浦和,11,麗日特別Ｂ２二,1500,ダ,左,稍重,晴,10,8,10,ブレーヴユニコーン,牡,7,56.0,528,8,今野忠,箕輪武,,9,1:39.1,40.9,6-5-8-9,9,528,8
2023/03/20,浦和,11,麗日特別Ｂ２二,1500,ダ,左,稍重,晴,10,7,8,ミコノスフレイバー,牡,5,56.0,505,14,笠野雄,稲益貴,,10,1:39.9,40.7,8-10-10-10,7,505,14
2023/03/20,浦和,12,浦和競馬場はくぼ照明記念Ｂ３一,1400,ダ,左,稍重,晴,9,7,7,リョウガ,セ,0,55.0,428,-9,古岡勇,古澤悟,,1,1:28.8,37.6,8-8-8-7,8,428,-9
2023/03/20,浦和,12,浦和競馬場はくぼ照明記念Ｂ３一,1400,ダ,左,稍重,晴,9,4,4,ティーポンド,牡,6,56.0,472,5,本橋孝,新井清,,2,1:29.1,39.0,6-7-5-2,2,472,5
2023/03/20,浦和,12,浦和競馬場はくぼ照明記念Ｂ３一,1400,ダ,左,稍重,晴,9,2,2,ランカンカン,セ,0,56.0,516,4,秋元耕,小澤宏,,3,1:29.2,39.1,5-5-6-5,4,516,4
2023/03/20,浦和,12,浦和競馬場はくぼ照明記念Ｂ３一,1400,ダ,左,稍重,晴,9,6,6,レッドアーチャー,牡,5,55.0,486,2,野畑凌,高月賢,,4,1:29.4,40.1,1-2-1-1,3,486,2
2023/03/20,浦和,12,浦和競馬場はくぼ照明記念Ｂ３一,1400,ダ,左,稍重,晴,9,3,3,クマサンニデアッタ,牝,5,54.0,486,7,半澤慶,宇野博,,5,1:29.8,39.6,7-6-7-8,7,486,7
2023/03/20,浦和,12,浦和競馬場はくぼ照明記念Ｂ３一,1400,ダ,左,稍重,晴,9,5,5,アイエンジェル,牝,6,53.0,492,3,七夕裕,岡田一,,6,1:30.0,37.2,9-9-9-9,9,492,3
2023/03/20,浦和,12,浦和競馬場はくぼ照明記念Ｂ３一,1400,ダ,左,稍重,晴,9,8,9,グランツ,牝,4,54.0,501,3,和田譲,小久智,,7,1:30.3,40.9,3-3-2-3,1,501,3
2023/03/20,浦和,12,浦和競馬場はくぼ照明記念Ｂ３一,1400,ダ,左,稍重,晴,9,1,1,コウユーラヴラヴ,牝,5,54.0,503,2,町田直,宇野博,,8,1:30.5,41.2,1-1-3-6,5,503,2
2023/03/20,浦和,12,浦和競馬場はくぼ照明記念Ｂ３一,1400,ダ,左,稍重,晴,9,8,8,メシアン,牝,6,54.0,478,8,笹川翼,繁田健,,9,1:30.7,41.1,4-4-4-4,6,478,8
2023/03/21,浦和,1,Ｃ３ ４歳イ,1400,ダ,左,稍重,晴,11,8,10,ポップコーントーン,牝,4,51.0,404,-1,室陽一,工藤伸,,1,1:31.3,39.7,4-4-4-2,6,404,-1
2023/03/21,浦和,1,Ｃ３ ４歳イ,1400,ダ,左,稍重,晴,11,7,9,フォースチルドレン,牡,4,58.0,508,0,橋本直,平山真,,2,1:31.5,40.4,1-1-1-1,1,508,0
2023/03/21,浦和,1,Ｃ３ ４歳イ,1400,ダ,左,稍重,晴,11,6,6,アーストラベル,牝,4,54.0,414,7,内田利,箕輪武,,3,1:31.8,40.4,3-3-3-3,2,414,7
2023/03/21,浦和,1,Ｃ３ ４歳イ,1400,ダ,左,稍重,晴,11,5,5,ティーズロック,牡,4,56.0,509,1,高橋哲,水野貴,,4,1:32.1,40.1,7-6-7-8,5,509,1
2023/03/21,浦和,1,Ｃ３ ４歳イ,1400,ダ,左,稍重,晴,11,3,3,ピッコロバンビーナ,牝,4,54.0,434,-2,和田譲,酒井一,,5,1:32.2,40.0,8-8-8-7,7,434,-2
2023/03/21,浦和,1,Ｃ３ ４歳イ,1400,ダ,左,稍重,晴,11,8,11,コロディア,牝,4,54.0,477,5,見越彬,鹿沼和,,6,1:32.4,41.2,2-2-2-4,9,477,5
2023/03/21,浦和,1,Ｃ３ ４歳イ,1400,ダ,左,稍重,晴,11,4,4,シュガーエンジェル,牝,4,50.0,403,3,中島良,川島豊,,7,1:32.7,40.8,5-5-5-6,8,403,3
2023/03/21,浦和,1,Ｃ３ ４歳イ,1400,ダ,左,稍重,晴,11,2,2,サヨノシルバーズ,牡,4,56.0,475,-8,藤江渉,工藤伸,,8,1:32.7,40.7,6-7-6-5,4,475,-8
2023/03/21,浦和,1,Ｃ３ ４歳イ,1400,ダ,左,稍重,晴,11,6,7,サンボールダー,牝,4,54.0,484,3,澤田龍,川村守,,9,1:33.5,41.0,11-10-11-10,10,484,3
2023/03/21,浦和,1,Ｃ３ ４歳イ,1400,ダ,左,稍重,晴,11,7,8,トゥルーブルー,牡,4,56.0,445,-1,秋元耕,牛房榮,,10,1:33.6,40.9,10-11-9-9,11,445,-1
2023/03/21,浦和,1,Ｃ３ ４歳イ,1400,ダ,左,稍重,晴,11,1,1,エンバース,牡,4,56.0,491,5,赤津和,牛房榮,,11,1:33.8,41.3,9-9-10-11,3,491,5
2023/03/21,浦和,2,ランチタイムチャレンジＣ３四 五 六,1400,ダ,左,稍重,晴,12,5,5,ラキエストバイオ,牝,7,54.0,471,5,笹川翼,新井清,,1,1:31.7,39.8,4-4-2-1,1,471,5
2023/03/21,浦和,2,ランチタイムチャレンジＣ３四 五 六,1400,ダ,左,稍重,晴,12,3,3,ダイバキャッツアイ,牝,6,54.0,469,5,赤津和,箕輪武,,2,1:32.2,39.5,7-7-5-3,8,469,5
2023/03/21,浦和,2,ランチタイムチャレンジＣ３四 五 六,1400,ダ,左,稍重,晴,12,5,6,キタマクフィー,牝,5,53.0,445,6,七夕裕,鹿沼和,,3,1:32.4,39.0,9-8-7-5,12,445,6
2023/03/21,浦和,2,ランチタイムチャレンジＣ３四 五 六,1400,ダ,左,稍重,晴,12,6,7,クオーレカルド,牝,8,53.0,437,0,野畑凌,内田勝,,4,1:32.8,41.1,1-1-1-2,2,437,0
2023/03/21,浦和,2,ランチタイムチャレンジＣ３四 五 六,1400,ダ,左,稍重,晴,12,7,9,ガッサンノリュウ,牡,7,56.0,427,-12,澤田龍,矢野義,,5,1:33.3,39.3,11-11-12-9,3,427,-12
2023/03/21,浦和,2,ランチタイムチャレンジＣ３四 五 六,1400,ダ,左,稍重,晴,12,6,8,コンディトラム,牡,6,56.0,501,-1,橋本直,川村守,,6,1:33.4,41.7,3-2-3-4,4,501,-1
2023/03/21,浦和,2,ランチタイムチャレンジＣ３四 五 六,1400,ダ,左,稍重,晴,12,8,12,ゴールドスペンサー,牡,5,56.0,482,-5,岡田大,吉田正,,7,1:33.5,39.7,10-10-9-6,11,482,-5
2023/03/21,浦和,2,ランチタイムチャレンジＣ３四 五 六,1400,ダ,左,稍重,晴,12,8,11,アニマフレスカ,牝,6,50.0,465,8,中島良,酒井一,,8,1:33.9,40.3,8-9-10-10,7,465,8
2023/03/21,浦和,2,ランチタイムチャレンジＣ３四 五 六,1400,ダ,左,稍重,晴,12,7,10,サンハンツビル,牝,7,54.0,459,-7,秋元耕,鈴木勝,,9,1:34.1,40.3,12-12-11-11,5,459,-7
2023/03/21,浦和,2,ランチタイムチャレンジＣ３四 五 六,1400,ダ,左,稍重,晴,12,1,1,サノチナ,牝,6,54.0,424,3,半澤慶,川島豊,,10,1:34.2,41.5,6-6-6-7,10,424,3
2023/03/21,浦和,2,ランチタイムチャレンジＣ３四 五 六,1400,ダ,左,稍重,晴,12,4,4,キョウエイミーレス,牡,7,53.0,504,1,室陽一,内野健,,11,1:35.6,43.9,2-3-4-8,6,504,1
2023/03/21,浦和,2,ランチタイムチャレンジＣ３四 五 六,1400,ダ,左,稍重,晴,12,2,2,ジニアズウィッシュ,牝,7,54.0,477,10,見越彬,小林真,,12,1:36.9,44.0,5-5-7-12,9,477,10
2023/03/21,浦和,3,３歳三,1400,ダ,左,稍重,曇,12,8,12,サイレントウルフ,牡,3,57.0,518,3,張田昂,張田京,,1,1:29.5,38.7,3-3-3-1,1,518,3
2023/03/21,浦和,3,３歳三,1400,ダ,左,稍重,曇,12,5,5,ポッドゲイン,牡,3,56.0,448,0,森泰斗,武井和,,2,1:29.8,38.7,4-4-4-2,4,448,0
2023/03/21,浦和,3,３歳三,1400,ダ,左,稍重,曇,12,7,10,クリスタルミリオン,牝,3,54.0,414,-6,赤津和,箕輪武,,3,1:31.0,39.2,8-11-6-5,3,414,-6
2023/03/21,浦和,3,３歳三,1400,ダ,左,稍重,曇,12,8,11,リュウノラプター,牡,3,56.0,496,-2,矢野貴,齊藤敏,,4,1:31.5,40.2,5-5-5-6,9,496,-2
2023/03/21,浦和,3,３歳三,1400,ダ,左,稍重,曇,12,1,1,アイゴールド,牝,3,54.0,479,3,秋元耕,岡田一,,5,1:31.6,41.1,1-1-1-4,11,479,3
2023/03/21,浦和,3,３歳三,1400,ダ,左,稍重,曇,12,6,7,プリンスオーソ,牡,3,56.0,446,-4,加藤和,長谷忍,,6,1:31.6,39.5,11-10-9-8,8,446,-4
2023/03/21,浦和,3,３歳三,1400,ダ,左,稍重,曇,12,7,9,ドロットニング,牝,3,54.0,486,10,橋本直,小久智,,7,1:31.8,41.2,2-2-2-3,2,486,10
2023/03/21,浦和,3,３歳三,1400,ダ,左,稍重,曇,12,5,6,アヤサンメルシー,牝,3,54.0,450,1,和田譲,齊藤敏,,8,1:31.9,39.9,9-9-9-9,7,450,1
2023/03/21,浦和,3,３歳三,1400,ダ,左,稍重,曇,12,3,3,ワールドバトル,牡,3,56.0,482,-6,町田直,海馬司,,9,1:32.6,40.9,6-6-6-7,6,482,-6
2023/03/21,浦和,3,３歳三,1400,ダ,左,稍重,曇,12,6,8,グロリアヴェルデ,牡,3,56.0,504,-10,櫻井光,甲田悟,,10,1:32.9,41.2,7-7-8-10,12,504,-10
2023/03/21,浦和,3,３歳三,1400,ダ,左,稍重,曇,12,2,2,シナノフローレンス,牝,3,53.0,394,5,七夕裕,岡田一,,11,1:33.3,41.1,10-8-11-11,10,394,5
2023/03/21,浦和,3,３歳三,1400,ダ,左,稍重,曇,12,4,4,タケショウゲイル,牡,3,56.0,459,1,山崎誠,山本学,,12,1:35.4,41.2,12-12-12-12,5,459,1
2023/03/21,浦和,4,３歳二,1500,ダ,左,稍重,曇,9,8,8,スマイルマハロ,牡,3,56.0,492,0,秋元耕,宇野博,,1,1:39.1,40.5,6-6-5-1,7,492,0
2023/03/21,浦和,4,３歳二,1500,ダ,左,稍重,曇,9,5,5,ビーチセイヴァー,牡,3,56.0,477,-3,和田譲,林隆之,,2,1:39.3,40.7,4-4-3-4,3,477,-3
2023/03/21,浦和,4,３歳二,1500,ダ,左,稍重,曇,9,7,7,シェナクラウン,牡,3,56.0,492,-4,藤江渉,冨田敏,,3,1:39.4,40.6,7-7-7-6,4,492,-4
2023/03/21,浦和,4,３歳二,1500,ダ,左,稍重,曇,9,6,6,ヒメカグラ,牝,3,53.0,427,1,池谷匠,久保秀,,4,1:39.5,41.1,2-2-2-2,6,427,1
2023/03/21,浦和,4,３歳二,1500,ダ,左,稍重,曇,9,8,9,イスデボニュウタ,牡,3,56.0,456,-7,森泰斗,小久智,,5,1:39.5,41.2,1-1-1-2,2,456,-7
2023/03/21,浦和,4,３歳二,1500,ダ,左,稍重,曇,9,4,4,サブリュウシン,牡,3,56.0,460,3,笹川翼,平山真,,6,1:39.7,41.1,5-5-3-5,1,460,3
2023/03/21,浦和,4,３歳二,1500,ダ,左,稍重,曇,9,3,3,カスミノモリ,牝,3,54.0,458,5,山崎誠,藤原智,,7,1:41.4,42.8,3-3-6-8,5,458,5
2023/03/21,浦和,4,３歳二,1500,ダ,左,稍重,曇,9,2,2,ティフィンタイガー,牡,3,56.0,416,11,高橋哲,酒井一,,8,1:41.6,40.8,8-8-8-7,8,416,11
2023/03/21,浦和,4,３歳二,1500,ダ,左,稍重,曇,9,1,1,アメリカンライト,牝,3,54.0,403,-13,増田充,加藤誠,,9,1:42.1,41.2,9-9-9-9,9,403,-13
2023/03/21,浦和,5,Ｃ３四 五 六,1500,ダ,左,稍重,曇,12,3,3,ビアンカグリーン,牡,8,56.0,481,-2,森泰斗,酒井一,,1,1:39.1,39.5,2-2-2-1,2,481,-2
2023/03/21,浦和,5,Ｃ３四 五 六,1500,ダ,左,稍重,曇,12,1,1,ハーモニージョーイ,牡,6,56.0,482,-3,笹川翼,新井清,,2,1:39.8,39.4,12-11-8-3,1,482,-3
2023/03/21,浦和,5,Ｃ３四 五 六,1500,ダ,左,稍重,曇,12,4,4,マリアフィナーレ,牝,6,54.0,452,0,見越彬,小林真,,3,1:40.3,40.7,1-1-1-2,6,452,0
2023/03/21,浦和,5,Ｃ３四 五 六,1500,ダ,左,稍重,曇,12,2,2,スマイルジーニアス,セ,0,56.0,501,-2,秋元耕,鹿沼和,,4,1:40.3,40.2,6-5-4-5,8,501,-2
2023/03/21,浦和,5,Ｃ３四 五 六,1500,ダ,左,稍重,曇,12,6,8,アミン,牝,6,54.0,469,6,國分祐,冨田敏,,5,1:40.4,40.3,4-4-6-7,10,469,6
2023/03/21,浦和,5,Ｃ３四 五 六,1500,ダ,左,稍重,曇,12,5,6,ホロシリダケ,セ,0,56.0,476,1,内田利,野口孝,,6,1:40.4,39.6,11-12-12-11,5,476,1
2023/03/21,浦和,5,Ｃ３四 五 六,1500,ダ,左,稍重,曇,12,5,5,タカラチーター,牡,7,56.0,486,2,中越琉,内田勝,,7,1:40.5,40.2,8-8-8-8,4,486,2
2023/03/21,浦和,5,Ｃ３四 五 六,1500,ダ,左,稍重,曇,12,8,12,ハクサンバレー,牝,6,54.0,440,3,岡田大,薮口一,,8,1:41.0,41.1,7-6-3-4,7,440,3
2023/03/21,浦和,5,Ｃ３四 五 六,1500,ダ,左,稍重,曇,12,7,9,ラウズアップ,牡,7,56.0,428,0,藤江渉,牛房榮,,9,1:41.1,40.8,10-9-7-6,3,428,0
2023/03/21,浦和,5,Ｃ３四 五 六,1500,ダ,左,稍重,曇,12,7,10,ホワイトブレス,牝,6,54.0,466,-2,實川純,佐々功,,10,1:41.2,40.4,9-10-11-10,12,466,-2
2023/03/21,浦和,5,Ｃ３四 五 六,1500,ダ,左,稍重,曇,12,8,11,トーセンケイト,牝,5,54.0,483,-5,半澤慶,川村守,,11,1:41.6,41.7,3-3-4-9,11,483,-5
2023/03/21,浦和,5,Ｃ３四 五 六,1500,ダ,左,稍重,曇,12,6,7,ケイサンホイミ,牝,9,51.0,453,-2,木間龍,新井清,,12,1:41.9,41.6,5-7-10-12,9,453,-2
2023/03/21,浦和,6,Ｃ２四,1500,ダ,左,稍重,曇,12,4,4,フクノヴァランス,牡,8,52.0,481,1,中島良,川島豊,,1,1:37.2,39.9,1-1-1-1,6,481,1
2023/03/21,浦和,6,Ｃ２四,1500,ダ,左,稍重,曇,12,7,10,フォルトゥナ,牡,4,56.0,488,1,森泰斗,岡田一,,2,1:37.4,39.7,7-4-3-3,5,488,1
2023/03/21,浦和,6,Ｃ２四,1500,ダ,左,稍重,曇,12,6,7,ノブヘンドリックス,牡,5,56.0,482,11,橋本直,小久智,,3,1:37.7,40.3,2-2-2-2,1,482,11
2023/03/21,浦和,6,Ｃ２四,1500,ダ,左,稍重,曇,12,1,1,ナンノコレシキ,牝,5,54.0,462,-8,櫻井光,八木喜,,4,1:38.6,40.5,8-7-7-6,11,462,-8
2023/03/21,浦和,6,Ｃ２四,1500,ダ,左,稍重,曇,12,7,9,サンビンガムトン,牡,7,56.0,510,2,山崎誠,甲田悟,,5,1:38.7,40.6,10-8-5-5,3,510,2
2023/03/21,浦和,6,Ｃ２四,1500,ダ,左,稍重,曇,12,5,6,シンメロワン,セ,0,56.0,492,5,藤江渉,山田質,,6,1:39.3,41.4,5-4-4-4,2,492,5
2023/03/21,浦和,6,Ｃ２四,1500,ダ,左,稍重,曇,12,2,2,トーセンルチアーノ,セ,0,56.0,469,-1,川島正,石井勝,,7,1:39.5,38.9,12-12-12-12,7,469,-1
2023/03/21,浦和,6,Ｃ２四,1500,ダ,左,稍重,曇,12,6,8,スティールマドンナ,牝,5,51.0,477,9,室陽一,小澤宏,,8,1:39.6,41.5,3-3-8-9,10,477,9
2023/03/21,浦和,6,Ｃ２四,1500,ダ,左,稍重,曇,12,5,5,スイフトマリー,牝,4,54.0,377,0,岡村健,酒井一,,9,1:39.9,41.0,11-11-10-10,8,377,0
2023/03/21,浦和,6,Ｃ２四,1500,ダ,左,稍重,曇,12,8,11,モリトローテローゼ,牝,7,53.0,485,13,新原周,水野貴,,10,1:40.1,42.0,6-9-6-7,9,485,13
2023/03/21,浦和,6,Ｃ２四,1500,ダ,左,稍重,曇,12,3,3,エムテイルビー,牝,4,54.0,481,7,赤津和,宇野博,,11,1:40.8,41.8,9-10-11-11,12,481,7
2023/03/21,浦和,6,Ｃ２四,1500,ダ,左,稍重,曇,12,8,12,リュウノアーダーン,牝,5,54.0,421,3,張田昂,川村守,,12,1:41.2,43.1,4-4-9-8,4,421,3
2023/03/21,浦和,7,幸手のマスコット「さっちゃんＣ３四 五 六,1400,ダ,左,稍重,曇,12,5,5,ヤギリエピファクン,セ,0,56.0,468,-10,矢野貴,張田京,,1,1:32.2,39.0,7-6-6-3,1,468,-10
2023/03/21,浦和,7,幸手のマスコット「さっちゃんＣ３四 五 六,1400,ダ,左,稍重,曇,12,6,8,ノーブルハート,牝,5,54.0,575,14,内田利,吉田正,,2,1:32.4,39.7,3-3-3-4,4,575,14
2023/03/21,浦和,7,幸手のマスコット「さっちゃんＣ３四 五 六,1400,ダ,左,稍重,曇,12,8,12,スパンブリー,牡,7,56.0,538,-2,秋元耕,長谷忍,,3,1:32.5,39.6,4-4-4-6,7,538,-2
2023/03/21,浦和,7,幸手のマスコット「さっちゃんＣ３四 五 六,1400,ダ,左,稍重,曇,12,4,4,プリュイ,牡,5,56.0,422,0,加藤和,薮口一,,4,1:32.7,39.7,5-5-5-5,10,422,0
2023/03/21,浦和,7,幸手のマスコット「さっちゃんＣ３四 五 六,1400,ダ,左,稍重,曇,12,3,3,オールドボンバー,牡,7,56.0,486,-2,見越彬,横山保,,5,1:32.9,40.2,2-1-1-2,2,486,-2
2023/03/21,浦和,7,幸手のマスコット「さっちゃんＣ３四 五 六,1400,ダ,左,稍重,曇,12,8,11,ファーマスター,牝,5,53.0,427,-7,七夕裕,川村守,,6,1:33.1,38.8,11-11-11-10,8,427,-7
2023/03/21,浦和,7,幸手のマスコット「さっちゃんＣ３四 五 六,1400,ダ,左,稍重,曇,12,1,1,アナハ,牝,6,50.0,409,-6,中島良,川島豊,,7,1:33.1,39.7,6-8-7-7,5,409,-6
2023/03/21,浦和,7,幸手のマスコット「さっちゃんＣ３四 五 六,1400,ダ,左,稍重,曇,12,7,9,ポイズンピル,牡,8,55.0,471,-2,古岡勇,村田順,,8,1:33.3,39.5,10-9-9-8,6,471,-2
2023/03/21,浦和,7,幸手のマスコット「さっちゃんＣ３四 五 六,1400,ダ,左,稍重,曇,12,5,6,クレールプリュネル,牝,5,50.0,457,-12,小林捺,山越光,,9,1:33.4,40.7,1-1-1-1,3,457,-12
2023/03/21,浦和,7,幸手のマスコット「さっちゃんＣ３四 五 六,1400,ダ,左,稍重,曇,12,7,10,スクリームイーグル,セ,0,53.0,452,0,室陽一,酒井一,,10,1:33.4,40.1,8-7-8-9,9,452,0
2023/03/21,浦和,7,幸手のマスコット「さっちゃんＣ３四 五 六,1400,ダ,左,稍重,曇,12,6,7,サンベリーニ,牝,9,54.0,460,5,本田紀,新井健,,11,1:35.0,40.7,12-12-12-12,12,460,5
2023/03/21,浦和,7,幸手のマスコット「さっちゃんＣ３四 五 六,1400,ダ,左,稍重,曇,12,2,2,ゴールドアクセル,牡,5,56.0,521,7,高橋哲,鹿沼和,,12,1:35.1,41.3,9-10-10-11,11,521,7
2023/03/21,浦和,8,若草特別３歳一,1400,ダ,左,稍重,曇,11,7,9,ジョーフォック,牡,3,56.0,469,-1,和田譲,小久智,,1,1:29.5,38.6,2-2-2-2,5,469,-1
2023/03/21,浦和,8,若草特別３歳一,1400,ダ,左,稍重,曇,11,7,8,ハーモニーロワ,牡,3,56.0,489,-2,笹川翼,新井清,,2,1:29.6,38.7,3-3-3-2,3,489,-2
2023/03/21,浦和,8,若草特別３歳一,1400,ダ,左,稍重,曇,11,4,4,トワキ,牡,3,57.0,449,-12,矢野貴,高月賢,,3,1:30.0,38.2,9-8-5-4,4,449,-12
2023/03/21,浦和,8,若草特別３歳一,1400,ダ,左,稍重,曇,11,8,10,ニッショウミライ,牝,3,54.0,455,-4,櫻井光,酒井一,,4,1:30.0,39.1,1-1-1-1,10,455,-4
2023/03/21,浦和,8,若草特別３歳一,1400,ダ,左,稍重,曇,11,1,1,マインドユアミモザ,牝,3,54.0,454,-2,岡村健,河津裕,,5,1:30.6,38.6,11-10-8-6,7,454,-2
2023/03/21,浦和,8,若草特別３歳一,1400,ダ,左,稍重,曇,11,5,5,マサノエンペラー,牡,3,57.0,468,3,本田重,張田京,,6,1:31.2,40.1,4-4-4-5,1,468,3
2023/03/21,浦和,8,若草特別３歳一,1400,ダ,左,稍重,曇,11,6,7,カナリアフレイバー,牡,3,57.0,461,-5,藤本現,稲益貴,,7,1:31.6,40.2,8-6-6-7,6,461,-5
2023/03/21,浦和,8,若草特別３歳一,1400,ダ,左,稍重,曇,11,8,11,エーヴベリー,牝,3,54.0,473,3,橋本直,平山真,,8,1:32.1,39.2,10-11-10-9,11,473,3
2023/03/21,浦和,8,若草特別３歳一,1400,ダ,左,稍重,曇,11,3,3,シナジーエフェクト,牡,3,57.0,480,14,藤江渉,岡田一,,9,1:32.2,40.6,5-5-7-8,2,480,14
2023/03/21,浦和,8,若草特別３歳一,1400,ダ,左,稍重,曇,11,6,6,キックアス,牡,3,52.0,451,-3,中島良,海馬司,,10,1:33.1,40.3,7-9-11-11,9,451,-3
2023/03/21,浦和,8,若草特別３歳一,1400,ダ,左,稍重,曇,11,2,2,ルヴァンモンスター,牡,3,55.0,491,1,新原周,水野貴,,11,1:34.3,42.3,6-7-9-10,8,491,1
2023/03/21,浦和,9,季春特別Ｃ１選抜馬,2000,ダ,左,稍重,曇,10,8,9,アトゥ,牡,6,56.0,500,-7,本橋孝,矢野義,,1,2:11.8,39.4,3-2-2-1,1,500,-7
2023/03/21,浦和,9,季春特別Ｃ１選抜馬,2000,ダ,左,稍重,曇,10,3,3,コスモビックラコグ,セ,0,56.0,477,4,今野忠,今井輝,,2,2:12.3,39.4,10-10-5-4,4,477,4
2023/03/21,浦和,9,季春特別Ｃ１選抜馬,2000,ダ,左,稍重,曇,10,6,6,ローゼンリッター,牡,7,55.0,558,-7,新原周,林隆之,,3,2:12.5,40.3,1-1-1-2,2,558,-7
2023/03/21,浦和,9,季春特別Ｃ１選抜馬,2000,ダ,左,稍重,曇,10,4,4,マイネルスキーブ,牡,5,56.0,477,2,矢野貴,加藤誠,,4,2:12.9,40.2,9-9-3-3,5,477,2
2023/03/21,浦和,9,季春特別Ｃ１選抜馬,2000,ダ,左,稍重,曇,10,2,2,ナリノバロン,牡,5,56.0,489,4,町田直,内田勝,,5,2:13.1,40.2,7-8-6-6,6,489,4
2023/03/21,浦和,9,季春特別Ｃ１選抜馬,2000,ダ,左,稍重,曇,10,7,7,オワゾードール,牡,8,56.0,489,6,和田譲,新井清,,6,2:13.3,40.7,6-6-4-5,3,489,6
2023/03/21,浦和,9,季春特別Ｃ１選抜馬,2000,ダ,左,稍重,曇,10,5,5,ジオパークマグマ,牡,5,56.0,468,2,秋元耕,川島豊,,7,2:13.4,40.5,5-5-6-7,10,468,2
2023/03/21,浦和,9,季春特別Ｃ１選抜馬,2000,ダ,左,稍重,曇,10,1,1,エーススパークル,牡,4,52.0,462,2,中島良,小澤宏,,8,2:14.1,41.2,8-7-8-8,9,462,2
2023/03/21,浦和,9,季春特別Ｃ１選抜馬,2000,ダ,左,稍重,曇,10,7,8,ガマン,牡,6,56.0,462,4,藤江渉,水野貴,,9,2:16.9,44.0,2-3-9-9,8,462,4
2023/03/21,浦和,9,季春特別Ｃ１選抜馬,2000,ダ,左,稍重,曇,10,8,10,シュティル,牡,4,56.0,485,6,山口達,山越光,,10,2:18.0,45.2,4-4-10-10,7,485,6
2023/03/21,浦和,10,春分の日特別Ｂ３Ｃ１選抜馬,800,ダ,左,稍重,曇,12,5,6,トンデコパ,牝,5,52.0,449,-10,七夕裕,新井清,,1,0:47.4,35.1,1-1,2,449,-10
2023/03/21,浦和,10,春分の日特別Ｂ３Ｃ１選抜馬,800,ダ,左,稍重,曇,12,1,1,アヴェントゥリスト,牡,7,55.0,542,-6,藤本現,山越光,,2,0:47.9,35.5,3-2,3,542,-6
2023/03/21,浦和,10,春分の日特別Ｂ３Ｃ１選抜馬,800,ダ,左,稍重,曇,12,4,4,シェナブライト,牡,5,57.0,514,-1,藤江渉,山越光,,3,0:48.3,35.6,6-4,4,514,-1
2023/03/21,浦和,10,春分の日特別Ｂ３Ｃ１選抜馬,800,ダ,左,稍重,曇,12,8,11,リッチアロマ,牝,5,51.0,442,-6,小林捺,水野貴,,4,0:48.6,36.3,1-3,7,442,-6
2023/03/21,浦和,10,春分の日特別Ｂ３Ｃ１選抜馬,800,ダ,左,稍重,曇,12,5,5,モンゲーハガネ,牡,5,56.0,505,1,野畑凌,鈴木義,,5,0:48.8,35.3,10-10,8,505,1
2023/03/21,浦和,10,春分の日特別Ｂ３Ｃ１選抜馬,800,ダ,左,稍重,曇,12,3,3,カシノリカバリー,牝,4,52.0,471,-2,新原周,野口寛,,6,0:48.9,35.8,8-7,9,471,-2
2023/03/21,浦和,10,春分の日特別Ｂ３Ｃ１選抜馬,800,ダ,左,稍重,曇,12,6,8,マイネルリベラル,セ,0,55.0,490,-7,岡村裕,新井健,,7,0:49.0,36.5,4-5,6,490,-7
2023/03/21,浦和,10,春分の日特別Ｂ３Ｃ１選抜馬,800,ダ,左,稍重,曇,12,7,10,ベルセブンティーン,牝,5,53.0,478,-2,笹川翼,小久智,,8,0:49.1,36.4,5-6,1,478,-2
2023/03/21,浦和,10,春分の日特別Ｂ３Ｃ１選抜馬,800,ダ,左,稍重,曇,12,7,9,ダテノライトニング,牝,8,53.0,480,-2,國分祐,野口孝,,9,0:49.6,36.0,11-11,11,480,-2
2023/03/21,浦和,10,春分の日特別Ｂ３Ｃ１選抜馬,800,ダ,左,稍重,曇,12,6,7,エンタクノキシ,牡,4,52.0,469,-15,室陽一,藤原智,,10,0:49.8,36.7,9-9,5,469,-15
2023/03/21,浦和,10,春分の日特別Ｂ３Ｃ１選抜馬,800,ダ,左,稍重,曇,12,2,2,サハラントアジア,牝,4,53.0,479,16,半澤慶,内野健,,11,0:49.9,37.0,7-8,12,479,16
2023/03/21,浦和,10,春分の日特別Ｂ３Ｃ１選抜馬,800,ダ,左,稍重,曇,12,8,12,リュウノアンジェラ,牝,4,49.0,429,-1,中島良,野口寛,,12,0:50.5,36.5,12-12,10,429,-1
2023/03/21,浦和,11,春光特別Ａ２下,1500,ダ,左,稍重,曇,11,6,7,サヨノグローリー,牡,5,57.0,491,-6,町田直,工藤伸,,1,1:34.6,38.4,6-5-3-1,3,491,-6
2023/03/21,浦和,11,春光特別Ａ２下,1500,ダ,左,稍重,曇,11,7,9,カールスバート,牡,5,55.0,478,-1,森泰斗,齊藤敏,,2,1:34.6,38.4,3-3-2-2,2,478,-1
2023/03/21,浦和,11,春光特別Ａ２下,1500,ダ,左,稍重,曇,11,4,4,ブラックパンサー,牡,5,57.0,503,5,本橋孝,小久智,,3,1:35.1,38.2,9-9-5-4,1,503,5
2023/03/21,浦和,11,春光特別Ａ２下,1500,ダ,左,稍重,曇,11,6,6,スティールストーム,牡,5,55.0,493,4,張田昂,張田京,,4,1:35.5,38.6,7-8-6-5,6,493,4
2023/03/21,浦和,11,春光特別Ａ２下,1500,ダ,左,稍重,曇,11,7,8,ジョーパイロライト,牡,7,57.0,466,5,藤本現,小久智,,5,1:35.6,39.5,2-2-1-3,8,466,5
2023/03/21,浦和,11,春光特別Ａ２下,1500,ダ,左,稍重,曇,11,1,1,ワンダーイチョウ,牡,5,57.0,512,24,橋本直,鈴木勝,,6,1:36.4,39.3,10-10-9-7,5,512,24
2023/03/21,浦和,11,春光特別Ａ２下,1500,ダ,左,稍重,曇,11,2,2,スターライトブルー,牡,9,55.0,511,6,笹川翼,藤田輝,,7,1:36.8,40.7,1-1-4-6,7,511,6
2023/03/21,浦和,11,春光特別Ａ２下,1500,ダ,左,稍重,曇,11,8,11,スズカパンサー,牡,6,55.0,482,6,山崎誠,河津裕,,8,1:37.0,39.1,11-11-11-11,11,482,6
2023/03/21,浦和,11,春光特別Ａ２下,1500,ダ,左,稍重,曇,11,3,3,ルヴァン,牡,6,57.0,470,-2,真島大,佐々功,,9,1:37.1,40.4,4-4-8-8,9,470,-2
2023/03/21,浦和,11,春光特別Ａ２下,1500,ダ,左,稍重,曇,11,8,10,ヨハン,牡,7,57.0,457,-4,和田譲,山下之,,10,1:37.6,41.1,8-6-7-9,4,457,-4
2023/03/21,浦和,11,春光特別Ａ２下,1500,ダ,左,稍重,曇,11,5,5,ウインプリンツ,牡,7,55.0,522,1,櫻井光,平山真,,11,1:37.7,40.6,5-7-10-10,10,522,1
2023/03/21,浦和,12,爽春特別Ｃ２二,1500,ダ,左,稍重,曇,12,7,9,ミミコチャン,牝,4,50.0,498,9,中島良,小林真,,1,1:37.4,39.0,3-3-2-1,4,498,9
2023/03/21,浦和,12,爽春特別Ｃ２二,1500,ダ,左,稍重,曇,12,1,1,ヴィッカース,牝,5,54.0,469,-9,森泰斗,佐々清,,2,1:38.6,40.1,6-5-3-3,5,469,-9
2023/03/21,浦和,12,爽春特別Ｃ２二,1500,ダ,左,稍重,曇,12,6,7,ソプラヴェステ,牝,4,54.0,486,8,和田譲,宇野博,,3,1:38.7,40.2,4-4-4-4,1,486,8
2023/03/21,浦和,12,爽春特別Ｃ２二,1500,ダ,左,稍重,曇,12,5,6,ミュークレグルス,牡,5,56.0,522,7,増田充,山崎尋,,4,1:38.7,39.9,7-7-7-5,10,522,7
2023/03/21,浦和,12,爽春特別Ｃ２二,1500,ダ,左,稍重,曇,12,7,10,アーバンブラック,牡,8,56.0,463,-3,橋本直,平山真,,5,1:38.7,39.6,8-9-8-8,8,463,-3
2023/03/21,浦和,12,爽春特別Ｃ２二,1500,ダ,左,稍重,曇,12,3,3,エトワールゴールド,牡,4,56.0,474,-3,高橋哲,薮口一,,6,1:38.9,38.9,12-11-11-10,12,474,-3
2023/03/21,浦和,12,爽春特別Ｃ２二,1500,ダ,左,稍重,曇,12,8,12,キャンビー,牡,5,56.0,525,6,山崎誠,野口寛,,7,1:38.9,40.2,5-6-6-6,2,525,6
2023/03/21,浦和,12,爽春特別Ｃ２二,1500,ダ,左,稍重,曇,12,5,5,キスアンドテル,牝,4,54.0,503,8,張田昂,海馬司,,8,1:39.0,39.6,11-10-10-9,9,503,8
2023/03/21,浦和,12,爽春特別Ｃ２二,1500,ダ,左,稍重,曇,12,6,8,アンジュクレール,牝,5,54.0,434,-28,笹川翼,小久智,,9,1:39.1,40.8,1-1-1-2,3,434,-28
2023/03/21,浦和,12,爽春特別Ｃ２二,1500,ダ,左,稍重,曇,12,8,11,サンラグナニゲル,牝,4,54.0,431,-9,秋元耕,川村守,,10,1:39.5,39.1,10-12-12-12,11,431,-9
2023/03/21,浦和,12,爽春特別Ｃ２二,1500,ダ,左,稍重,曇,12,2,2,ディープステイト,牡,5,56.0,470,-2,藤本現,齊藤敏,,11,1:40.5,41.5,9-8-8-11,6,470,-2
2023/03/21,浦和,12,爽春特別Ｃ２二,1500,ダ,左,稍重,曇,12,4,4,ライヴガーネット,牝,4,53.0,438,-4,野畑凌,工藤伸,,12,1:40.6,42.2,2-2-5-7,7,438,-4
2023/03/22,浦和,1,３歳六,1400,ダ,左,稍重,晴,10,7,8,イエローエイト,牝,3,53.0,448,9,七夕裕,川島豊,,1,1:30.3,38.3,1-1-1-1,8,448,9
2023/03/22,浦和,1,３歳六,1400,ダ,左,稍重,晴,10,6,6,ロックフレイバー,牡,3,56.0,473,-4,和田譲,繁田健,,2,1:30.6,38.6,2-2-1-2,1,473,-4
2023/03/22,浦和,1,３歳六,1400,ダ,左,稍重,晴,10,4,4,レーブドフェイス,牡,3,56.0,429,-2,澤田龍,石井勝,,3,1:31.4,38.7,4-5-4-4,4,429,-2
2023/03/22,浦和,1,３歳六,1400,ダ,左,稍重,晴,10,5,5,ケンタスペシャル,牡,3,56.0,461,-9,岡村健,山本学,,4,1:31.8,39.7,3-3-3-3,3,461,-9
2023/03/22,浦和,1,３歳六,1400,ダ,左,稍重,晴,10,1,1,リュウノレッドアイ,牝,3,54.0,482,-2,張田昂,川村守,,5,1:31.8,38.8,5-7-7-6,6,482,-2
2023/03/22,浦和,1,３歳六,1400,ダ,左,稍重,晴,10,7,7,スターハッスル,牡,3,56.0,457,-10,秋元耕,小澤宏,,6,1:32.2,39.3,6-6-5-5,7,457,-10
2023/03/22,浦和,1,３歳六,1400,ダ,左,稍重,晴,10,2,2,ハクアイウルフ,牡,3,56.0,518,-4,笹川翼,石井勝,,7,1:32.5,39.2,9-9-8-7,5,518,-4
2023/03/22,浦和,1,３歳六,1400,ダ,左,稍重,晴,10,8,9,ブラウンキングズ,牡,3,56.0,441,-3,西啓太,山越光,,8,1:32.8,39.5,8-8-9-8,10,441,-3
2023/03/22,浦和,1,３歳六,1400,ダ,左,稍重,晴,10,3,3,ダプネマリン,牝,3,54.0,404,1,内田利,牛房榮,,9,1:33.5,39.8,10-10-10-10,9,404,1
2023/03/22,浦和,1,３歳六,1400,ダ,左,稍重,晴,10,8,10,トーセンスタイル,牡,3,56.0,472,-2,橋本直,小久智,,10,1:34.1,41.6,7-4-6-9,2,472,-2
2023/03/22,浦和,2,ランチタイムチャレンジＣ３ ４歳ウ,1400,ダ,左,稍重,晴,10,7,7,アグリシュブール,牡,4,56.0,484,9,石崎駿,海馬司,,1,1:31.7,40.2,5-3-4-4,6,484,9
2023/03/22,浦和,2,ランチタイムチャレンジＣ３ ４歳ウ,1400,ダ,左,稍重,晴,10,7,8,スリーエクセレント,牡,4,56.0,499,3,赤津和,川村守,,2,1:31.7,40.3,4-4-3-3,4,499,3
2023/03/22,浦和,2,ランチタイムチャレンジＣ３ ４歳ウ,1400,ダ,左,稍重,晴,10,2,2,スカイパーフェクト,牝,4,54.0,447,-1,半澤慶,吉田正,,3,1:31.7,40.0,6-5-5-5,5,447,-1
2023/03/22,浦和,2,ランチタイムチャレンジＣ３ ４歳ウ,1400,ダ,左,稍重,晴,10,8,10,ミッドナイトブルー,牝,4,54.0,432,1,橋本直,横山保,,4,1:32.4,40.4,8-8-6-6,3,432,1
2023/03/22,浦和,2,ランチタイムチャレンジＣ３ ４歳ウ,1400,ダ,左,稍重,晴,10,8,9,ヨドノホマレ,牡,4,56.0,500,-7,岡村健,平山真,,5,1:32.5,41.3,3-2-1-2,2,500,-7
2023/03/22,浦和,2,ランチタイムチャレンジＣ３ ４歳ウ,1400,ダ,左,稍重,晴,10,5,5,フラッシュサンダー,牝,4,51.0,429,5,室陽一,藤原智,,6,1:32.5,41.3,2-1-2-1,1,429,5
2023/03/22,浦和,2,ランチタイムチャレンジＣ３ ４歳ウ,1400,ダ,左,稍重,晴,10,6,6,ワイズマンコート,牡,4,56.0,444,1,加藤和,川島豊,,7,1:33.0,40.3,10-10-10-9,7,444,1
2023/03/22,浦和,2,ランチタイムチャレンジＣ３ ４歳ウ,1400,ダ,左,稍重,晴,10,4,4,サウンドウェリナ,牝,4,51.0,445,-1,木間龍,薮口一,,8,1:33.3,41.3,9-9-6-7,10,445,-1
2023/03/22,浦和,2,ランチタイムチャレンジＣ３ ４歳ウ,1400,ダ,左,稍重,晴,10,3,3,シェナハート,牝,4,54.0,424,-3,國分祐,冨田敏,,9,1:33.7,41.5,7-7-9-8,9,424,-3
2023/03/22,浦和,2,ランチタイムチャレンジＣ３ ４歳ウ,1400,ダ,左,稍重,晴,10,1,1,ライディーン,牡,4,56.0,499,5,秋元耕,川島豊,,10,1:35.7,43.7,1-6-8-10,8,499,5
2023/03/22,浦和,3,浦和８００ラウンドＣ３選抜馬イ,800,ダ,左,良,晴,12,5,5,ゲブレセラシエ,セ,0,56.0,512,24,橋本直,小久智,,1,0:48.3,36.3,1-3,2,512,24
2023/03/22,浦和,3,浦和８００ラウンドＣ３選抜馬イ,800,ダ,左,良,晴,12,8,11,フラッシュ,牡,4,56.0,496,-4,岡田大,藤原智,,2,0:48.6,36.6,3-1,1,496,-4
2023/03/22,浦和,3,浦和８００ラウンドＣ３選抜馬イ,800,ダ,左,良,晴,12,6,8,シンキングセンティ,牝,4,54.0,462,-5,和田譲,山越光,,3,0:48.8,36.2,6-6,9,462,-5
2023/03/22,浦和,3,浦和８００ラウンドＣ３選抜馬イ,800,ダ,左,良,晴,12,7,10,フライトメモリア,牝,5,54.0,529,8,山中悠,川村守,,4,0:48.8,36.8,4-4,3,529,8
2023/03/22,浦和,3,浦和８００ラウンドＣ３選抜馬イ,800,ダ,左,良,晴,12,2,2,アカルイスモウブ,牝,4,53.0,439,9,七夕裕,冨田敏,,5,0:48.9,36.9,1-2,8,439,9
2023/03/22,浦和,3,浦和８００ラウンドＣ３選抜馬イ,800,ダ,左,良,晴,12,4,4,ラヴアンドゲーム,牝,6,54.0,483,12,高橋哲,酒井一,,6,0:49.3,37.1,5-5,11,483,12
2023/03/22,浦和,3,浦和８００ラウンドＣ３選抜馬イ,800,ダ,左,良,晴,12,3,3,ダンストンラソ,牝,8,54.0,443,-2,見越彬,野口孝,,7,0:49.5,36.7,8-7,4,443,-2
2023/03/22,浦和,3,浦和８００ラウンドＣ３選抜馬イ,800,ダ,左,良,晴,12,1,1,コウエイダイチ,牡,9,53.0,473,10,室陽一,吉田正,,8,0:49.5,36.8,9-8,12,473,10
2023/03/22,浦和,3,浦和８００ラウンドＣ３選抜馬イ,800,ダ,左,良,晴,12,6,7,シェリーココ,牝,4,53.0,449,-6,野畑凌,水野貴,,9,0:49.9,37.5,7-9,7,449,-6
2023/03/22,浦和,3,浦和８００ラウンドＣ３選抜馬イ,800,ダ,左,良,晴,12,7,9,ヴィクトリアブーケ,牝,5,54.0,398,15,矢野貴,薮口一,,10,0:50.5,37.5,10-10,5,398,15
2023/03/22,浦和,3,浦和８００ラウンドＣ３選抜馬イ,800,ダ,左,良,晴,12,5,6,ヘデラ,牝,7,54.0,441,-6,秋元耕,箕輪武,,11,0:50.8,37.3,12-11,6,441,-6
2023/03/22,浦和,3,浦和８００ラウンドＣ３選抜馬イ,800,ダ,左,良,晴,12,8,12,パワーサクレツ,セ,0,52.0,395,0,中島良,横山保,,12,0:50.8,37.5,11-12,10,395,0
2023/03/22,浦和,4,浦和８００ラウンドＣ３選抜馬ア,800,ダ,左,良,晴,12,5,5,アイモンスター,牝,7,54.0,487,14,森泰斗,岡田一,,1,0:47.6,35.6,1-1,1,487,14
2023/03/22,浦和,4,浦和８００ラウンドＣ３選抜馬ア,800,ダ,左,良,晴,12,1,1,モンスタープリンス,牡,7,55.0,500,2,七夕裕,工藤伸,,2,0:47.8,35.8,1-1,2,500,2
2023/03/22,浦和,4,浦和８００ラウンドＣ３選抜馬ア,800,ダ,左,良,晴,12,8,11,リチェルカータ,牝,6,54.0,468,2,藤本現,小澤宏,,3,0:48.5,35.8,4-4,4,468,2
2023/03/22,浦和,4,浦和８００ラウンドＣ３選抜馬ア,800,ダ,左,良,晴,12,3,3,ラパンドネージュ,牡,4,56.0,484,-1,加藤和,薮口一,,4,0:48.7,35.8,6-5,5,484,-1
2023/03/22,浦和,4,浦和８００ラウンドＣ３選抜馬ア,800,ダ,左,良,晴,12,4,4,ユアソーラ,セ,0,52.0,468,22,小林捺,野口孝,,5,0:48.9,36.4,3-3,3,468,22
2023/03/22,浦和,4,浦和８００ラウンドＣ３選抜馬ア,800,ダ,左,良,晴,12,2,2,ウンジョウノメガミ,牝,5,54.0,449,5,半澤慶,牛房榮,,6,0:49.2,36.1,7-6,6,449,5
2023/03/22,浦和,4,浦和８００ラウンドＣ３選抜馬ア,800,ダ,左,良,晴,12,6,8,ビナフエ,牝,4,51.0,434,8,木間龍,水野貴,,7,0:49.5,36.8,5-7,8,434,8
2023/03/22,浦和,4,浦和８００ラウンドＣ３選抜馬ア,800,ダ,左,良,晴,12,6,7,レイリアン,牝,6,54.0,423,-6,國分祐,冨田敏,,8,0:49.7,36.6,8-8,11,423,-6
2023/03/22,浦和,4,浦和８００ラウンドＣ３選抜馬ア,800,ダ,左,良,晴,12,5,6,ニシノマッハ,牡,9,56.0,480,7,秋元耕,吉田正,,9,0:49.9,36.4,10-9,12,480,7
2023/03/22,浦和,4,浦和８００ラウンドＣ３選抜馬ア,800,ダ,左,良,晴,12,7,10,エメラルディ,牝,6,54.0,480,0,橋本直,齊藤敏,,10,0:50.0,36.5,10-10,9,480,0
2023/03/22,浦和,4,浦和８００ラウンドＣ３選抜馬ア,800,ダ,左,良,晴,12,7,9,アストロメアリー,牝,4,50.0,415,10,中島良,長谷忍,,11,0:50.1,36.5,12-11,7,415,10
2023/03/22,浦和,4,浦和８００ラウンドＣ３選抜馬ア,800,ダ,左,良,晴,12,8,12,アルコンシチー,牡,6,56.0,483,7,赤津和,箕輪武,,12,0:50.5,37.4,9-12,10,483,7
2023/03/22,浦和,5,Ｃ３三,1400,ダ,左,良,晴,12,8,11,バローロフレイバー,牡,7,56.0,520,4,真島大,繁田健,,1,1:30.7,40.2,3-3-1-1,2,520,4
2023/03/22,浦和,5,Ｃ３三,1400,ダ,左,良,晴,12,4,4,ドローアプローズ,セ,0,56.0,464,-6,張田昂,渡邊貴,,2,1:30.9,38.8,5-8-6-4,4,464,-6
2023/03/22,浦和,5,Ｃ３三,1400,ダ,左,良,晴,12,3,3,ツクバマリア,牝,6,54.0,464,7,橋本直,平山真,,3,1:31.3,39.9,8-5-4-3,7,464,7
2023/03/22,浦和,5,Ｃ３三,1400,ダ,左,良,晴,12,2,2,シンキングアイル,牝,6,50.0,477,-1,小林捺,内田勝,,4,1:31.3,40.8,1-1-2-2,3,477,-1
2023/03/22,浦和,5,Ｃ３三,1400,ダ,左,良,晴,12,8,12,ミスターホウジュ,牡,7,52.0,460,6,中島良,新井清,,5,1:31.5,39.3,9-9-8-6,6,460,6
2023/03/22,浦和,5,Ｃ３三,1400,ダ,左,良,晴,12,5,6,トーセンイヴ,牝,5,53.0,429,-1,七夕裕,酒井一,,6,1:32.2,39.3,11-11-11-8,10,429,-1
2023/03/22,浦和,5,Ｃ３三,1400,ダ,左,良,晴,12,7,9,ドルドルエイト,牡,8,56.0,505,-3,増田充,八木仁,,7,1:32.2,39.3,12-12-12-10,11,505,-3
2023/03/22,浦和,5,Ｃ３三,1400,ダ,左,良,晴,12,5,5,ウインゴライアス,牡,7,56.0,520,2,和田譲,河津裕,,8,1:32.5,40.0,10-10-10-11,5,520,2
2023/03/22,浦和,5,Ｃ３三,1400,ダ,左,良,晴,12,6,8,カントナ,牝,6,54.0,409,-3,半澤慶,宇野博,,9,1:32.5,40.4,7-7-9-8,9,409,-3
2023/03/22,浦和,5,Ｃ３三,1400,ダ,左,良,晴,12,6,7,ブルーティアーズ,牝,6,54.0,514,10,岡田大,山越光,,10,1:32.5,40.7,6-6-5-7,12,514,10
2023/03/22,浦和,5,Ｃ３三,1400,ダ,左,良,晴,12,1,1,ダイバサファイア,牝,6,54.0,485,11,赤津和,箕輪武,,11,1:33.3,41.7,4-4-7-12,8,485,11
2023/03/22,浦和,5,Ｃ３三,1400,ダ,左,良,晴,12,7,10,アスクフラッシュ,牡,7,53.0,514,-6,室陽一,横山保,,12,1:33.9,43.3,2-2-3-5,1,514,-6
2023/03/22,浦和,6,Ｃ２五 六 七,1500,ダ,左,良,晴,12,6,8,モニュメントキング,牡,7,56.0,510,-2,和田譲,新井清,,1,1:35.2,38.1,1-1-1-1,1,510,-2
2023/03/22,浦和,6,Ｃ２五 六 七,1500,ダ,左,良,晴,12,1,1,ビタースマイル,牝,4,54.0,453,6,森泰斗,水野貴,,2,1:36.5,39.2,2-2-2-2,2,453,6
2023/03/22,浦和,6,Ｃ２五 六 七,1500,ダ,左,良,晴,12,4,4,ボルドーヴェルチュ,牝,6,50.0,453,7,小林捺,武井和,,3,1:38.0,40.1,6-4-3-3,5,453,7
2023/03/22,浦和,6,Ｃ２五 六 七,1500,ダ,左,良,晴,12,7,9,ゴールドバード,牡,9,56.0,498,15,藤江渉,野口孝,,4,1:38.7,39.0,11-11-11-9,8,498,15
2023/03/22,浦和,6,Ｃ２五 六 七,1500,ダ,左,良,晴,12,5,6,ゲンパチカガヤキ,牡,8,53.0,487,-2,室陽一,小澤宏,,5,1:38.7,39.8,9-9-7-6,9,487,-2
2023/03/22,浦和,6,Ｃ２五 六 七,1500,ダ,左,良,晴,12,5,5,カヤドーヴェール,牡,4,56.0,451,-7,笹川翼,小久智,,6,1:38.8,40.8,4-5-5-5,3,451,-7
2023/03/22,浦和,6,Ｃ２五 六 七,1500,ダ,左,良,晴,12,6,7,ラグドール,牡,4,56.0,493,6,橋本直,薮口一,,7,1:39.0,41.3,3-3-4-4,7,493,6
2023/03/22,浦和,6,Ｃ２五 六 七,1500,ダ,左,良,晴,12,8,12,シェナダイオー,牡,4,56.0,554,-11,岡田大,山越光,,8,1:39.1,40.0,10-10-9-8,10,554,-11
2023/03/22,浦和,6,Ｃ２五 六 七,1500,ダ,左,良,晴,12,2,2,ベルウッドヨウサン,セ,0,56.0,509,12,秋元耕,岡田一,,9,1:39.4,40.6,7-7-8-7,6,509,12
2023/03/22,浦和,6,Ｃ２五 六 七,1500,ダ,左,良,晴,12,7,10,ロータスペトル,牡,4,56.0,478,-5,張田昂,野口寛,,10,1:40.2,41.8,5-6-6-10,4,478,-5
2023/03/22,浦和,6,Ｃ２五 六 七,1500,ダ,左,良,晴,12,3,3,ホワイトネイル,牝,4,54.0,427,12,半澤慶,藤原智,,11,1:40.8,41.9,8-8-9-11,11,427,12
2023/03/22,浦和,6,Ｃ２五 六 七,1500,ダ,左,良,晴,12,8,11,マイネルユヌスール,牡,4,56.0,0,0,今野忠,横山保,,,,,,,0,0
2023/03/22,浦和,7,Ｃ２五 六 七,1400,ダ,左,良,晴,12,8,12,ダークオブザナイト,牡,7,56.0,511,-8,森泰斗,高月賢,,1,1:29.9,39.5,7-3-3-1,1,511,-8
2023/03/22,浦和,7,Ｃ２五 六 七,1400,ダ,左,良,晴,12,6,7,マーメイドソング,牝,5,50.0,466,-3,小林捺,武井和,,2,1:31.0,40.3,5-4-6-6,5,466,-3
2023/03/22,浦和,7,Ｃ２五 六 七,1400,ダ,左,良,晴,12,8,11,モンテッソーリ,牝,4,54.0,422,5,張田昂,小澤宏,,3,1:31.1,40.5,8-7-4-3,9,422,5
2023/03/22,浦和,7,Ｃ２五 六 七,1400,ダ,左,良,晴,12,5,6,ルージュカプリス,牝,6,54.0,431,0,加藤和,長谷忍,,4,1:31.1,40.5,4-6-4-4,4,431,0
2023/03/22,浦和,7,Ｃ２五 六 七,1400,ダ,左,良,晴,12,2,2,ミメウルワシ,牝,8,50.0,455,9,中島良,山越光,,5,1:31.2,40.3,6-8-7-6,6,455,9
2023/03/22,浦和,7,Ｃ２五 六 七,1400,ダ,左,良,晴,12,7,10,クー,牝,4,54.0,481,17,高橋哲,吉田正,,6,1:31.3,40.1,10-10-10-9,11,481,17
2023/03/22,浦和,7,Ｃ２五 六 七,1400,ダ,左,良,晴,12,4,4,リュウキュウカリー,牡,4,55.0,474,28,七夕裕,宇野博,,7,1:31.5,40.6,3-5-8-8,2,474,28
2023/03/22,浦和,7,Ｃ２五 六 七,1400,ダ,左,良,晴,12,3,3,エスポワールフレア,牝,4,53.0,444,5,新原周,野口孝,,8,1:31.6,41.6,1-1-1-2,8,444,5
2023/03/22,浦和,7,Ｃ２五 六 七,1400,ダ,左,良,晴,12,5,5,クリムゾンオーラ,牝,6,53.0,475,3,仲原大,牛房榮,,9,1:32.0,42.0,2-2-2-5,7,475,3
2023/03/22,浦和,7,Ｃ２五 六 七,1400,ダ,左,良,晴,12,6,8,クニノキラメキ,牡,5,56.0,488,-1,笹川翼,小久智,,10,1:33.7,42.1,12-11-11-11,3,488,-1
2023/03/22,浦和,7,Ｃ２五 六 七,1400,ダ,左,良,晴,12,1,1,シシャモ,牝,4,54.0,415,1,半澤慶,工藤伸,,11,1:33.9,41.8,11-12-12-12,12,415,1
2023/03/22,浦和,7,Ｃ２五 六 七,1400,ダ,左,良,晴,12,7,9,カンタルーパ,牝,4,54.0,456,5,和田譲,宇野博,,12,1:34.0,42.9,9-9-9-10,10,456,5
2023/03/22,浦和,8,幸手市観光協会会長賞Ｃ２五 六 七,1400,ダ,左,良,晴,12,6,7,パラダイスアレイ,牡,5,56.0,483,-5,張田昂,小澤宏,,1,1:29.9,38.9,4-4-3-2,3,483,-5
2023/03/22,浦和,8,幸手市観光協会会長賞Ｃ２五 六 七,1400,ダ,左,良,晴,12,5,6,トモノクリスタル,牝,6,54.0,426,-6,笹川翼,小久智,,2,1:30.9,40.5,1-1-1-1,1,426,-6
2023/03/22,浦和,8,幸手市観光協会会長賞Ｃ２五 六 七,1400,ダ,左,良,晴,12,2,2,キタノズーナクア,牝,4,54.0,460,-1,矢野貴,工藤伸,,3,1:31.1,40.1,3-3-4-5,2,460,-1
2023/03/22,浦和,8,幸手市観光協会会長賞Ｃ２五 六 七,1400,ダ,左,良,晴,12,1,1,リヴェルサス,牡,5,56.0,451,11,笠野雄,水野貴,,4,1:31.1,39.9,5-5-5-4,9,451,11
2023/03/22,浦和,8,幸手市観光協会会長賞Ｃ２五 六 七,1400,ダ,左,良,晴,12,3,3,シントーネネ,牝,5,53.0,440,-5,野畑凌,久保秀,,5,1:31.3,39.1,8-10-11-8,11,440,-5
2023/03/22,浦和,8,幸手市観光協会会長賞Ｃ２五 六 七,1400,ダ,左,良,晴,12,4,4,ウインカーマイン,牡,7,56.0,465,4,秋元耕,川島豊,,6,1:31.3,39.4,10-9-9-6,6,465,4
2023/03/22,浦和,8,幸手市観光協会会長賞Ｃ２五 六 七,1400,ダ,左,良,晴,12,8,11,トレジャーバローズ,牡,5,56.0,448,-5,真島大,繁田健,,7,1:31.4,41.0,2-2-1-3,4,448,-5
2023/03/22,浦和,8,幸手市観光協会会長賞Ｃ２五 六 七,1400,ダ,左,良,晴,12,8,12,ケイアイマボラ,牡,6,56.0,461,2,橋本直,横山保,,8,1:31.6,39.4,12-11-10-11,7,461,2
2023/03/22,浦和,8,幸手市観光協会会長賞Ｃ２五 六 七,1400,ダ,左,良,晴,12,6,8,シントーキング,セ,0,56.0,502,-8,小杉亮,林　幻,,9,1:31.6,39.9,9-8-8-10,5,502,-8
2023/03/22,浦和,8,幸手市観光協会会長賞Ｃ２五 六 七,1400,ダ,左,良,晴,12,7,9,メラスクリオス,牝,4,54.0,450,0,半澤慶,宇野博,,10,1:31.8,40.4,6-7-7-7,10,450,0
2023/03/22,浦和,8,幸手市観光協会会長賞Ｃ２五 六 七,1400,ダ,左,良,晴,12,7,10,エイシンスタートル,牡,4,55.0,469,3,菅原涼,藤原智,,11,1:32.2,41.0,7-6-6-9,12,469,3
2023/03/22,浦和,8,幸手市観光協会会長賞Ｃ２五 六 七,1400,ダ,左,良,晴,12,5,5,エダマメ,牝,6,53.0,500,1,七夕裕,長谷忍,,,,,11,8,500,1
2023/03/22,浦和,9,春の夢特別Ｃ１二,1400,ダ,左,良,晴,12,6,7,ラヴィンツァラ,牝,6,54.0,478,0,張田昂,平山真,,1,1:29.3,38.6,4-5-5-3,5,478,0
2023/03/22,浦和,9,春の夢特別Ｃ１二,1400,ダ,左,良,晴,12,3,3,シュガーダディ,牡,5,56.0,488,-2,町田直,内田勝,,2,1:29.3,39.3,2-2-1-2,4,488,-2
2023/03/22,浦和,9,春の夢特別Ｃ１二,1400,ダ,左,良,晴,12,2,2,レスールドマカロン,牝,5,54.0,451,5,櫻井光,河津裕,,3,1:29.5,39.6,1-1-1-1,8,451,5
2023/03/22,浦和,9,春の夢特別Ｃ１二,1400,ダ,左,良,晴,12,7,10,ガンコチャン,牝,4,53.0,479,5,七夕裕,岡田一,,4,1:30.0,38.9,8-8-8-5,11,479,5
2023/03/22,浦和,9,春の夢特別Ｃ１二,1400,ダ,左,良,晴,12,4,4,ニシノアクシス,牡,6,56.0,503,-4,岡田大,冨田敏,,5,1:30.0,38.6,12-11-7-5,3,503,-4
2023/03/22,浦和,9,春の夢特別Ｃ１二,1400,ダ,左,良,晴,12,6,8,バトルホッパー,牡,4,56.0,477,6,今野忠,横山保,,6,1:30.2,38.9,10-9-11-9,2,477,6
2023/03/22,浦和,9,春の夢特別Ｃ１二,1400,ダ,左,良,晴,12,5,5,キックフリップ,牝,4,54.0,460,-2,見越彬,野口孝,,7,1:30.2,38.8,9-10-10-9,12,460,-2
2023/03/22,浦和,9,春の夢特別Ｃ１二,1400,ダ,左,良,晴,12,7,9,イデアノキセキ,牡,4,56.0,445,-1,森泰斗,岡田一,,8,1:30.6,40.0,6-6-6-5,6,445,-1
2023/03/22,浦和,9,春の夢特別Ｃ１二,1400,ダ,左,良,晴,12,8,11,ジュース,牝,4,51.0,435,-2,室陽一,小久智,,9,1:30.9,40.7,7-4-3-4,1,435,-2
2023/03/22,浦和,9,春の夢特別Ｃ１二,1400,ダ,左,良,晴,12,8,12,オールイズトゥルー,牝,4,54.0,406,-8,橋本直,平山真,,10,1:31.0,40.7,3-3-4-8,9,406,-8
2023/03/22,浦和,9,春の夢特別Ｃ１二,1400,ダ,左,良,晴,12,5,6,ニッショウアッキー,牝,4,54.0,455,5,矢野貴,酒井一,,11,1:32.2,41.2,5-7-9-11,10,455,5
2023/03/22,浦和,9,春の夢特別Ｃ１二,1400,ダ,左,良,晴,12,1,1,キングバーグ,牡,6,56.0,496,-9,和田譲,宇野博,,12,1:32.2,40.0,11-12-12-12,7,496,-9
2023/03/22,浦和,10,東京トゥインクルファンファーレ賞Ｂ３二,1500,ダ,左,良,晴,8,1,1,コウユーモテモテ,牝,6,54.0,517,-1,町田直,宇野博,,1,1:36.5,39.4,1-1-2-1,5,517,-1
2023/03/22,浦和,10,東京トゥインクルファンファーレ賞Ｂ３二,1500,ダ,左,良,晴,8,4,4,ロンドンボーイ,牡,4,56.0,462,-2,矢野貴,小久智,,2,1:36.5,39.0,4-4-4-4,1,462,-2
2023/03/22,浦和,10,東京トゥインクルファンファーレ賞Ｂ３二,1500,ダ,左,良,晴,8,2,2,アダマスミノル,牡,4,56.0,494,3,森泰斗,高月賢,,3,1:36.8,39.7,2-2-1-2,3,494,3
2023/03/22,浦和,10,東京トゥインクルファンファーレ賞Ｂ３二,1500,ダ,左,良,晴,8,8,8,ネゲヴ,牝,4,54.0,495,5,笹川翼,小澤宏,,4,1:36.9,39.5,5-5-3-3,2,495,5
2023/03/22,浦和,10,東京トゥインクルファンファーレ賞Ｂ３二,1500,ダ,左,良,晴,8,3,3,ハクサンチコチャン,牝,6,51.0,465,0,木間龍,森　始,,5,1:37.3,39.4,8-8-6-5,8,465,0
2023/03/22,浦和,10,東京トゥインクルファンファーレ賞Ｂ３二,1500,ダ,左,良,晴,8,5,5,オーケーパッション,牝,5,54.0,498,15,見越彬,小久智,,6,1:37.5,40.2,3-3-4-7,6,498,15
2023/03/22,浦和,10,東京トゥインクルファンファーレ賞Ｂ３二,1500,ダ,左,良,晴,8,7,7,モンバイト,牡,4,56.0,493,-6,加藤和,薮口一,,7,1:37.7,39.8,6-6-8-6,7,493,-6
2023/03/22,浦和,10,東京トゥインクルファンファーレ賞Ｂ３二,1500,ダ,左,良,晴,8,6,6,ペイシャムスビ,牝,5,54.0,496,-8,張田昂,張田京,,8,1:38.6,40.7,7-7-6-8,4,496,-8
2023/03/22,浦和,11,桜花賞３歳牝馬オープン,1500,ダ,左,良,晴,12,5,6,メイドイットマム,牝,3,54.0,445,7,本橋孝,石井勝,,1,1:35.0,37.7,6-6-6-4,1,445,7
2023/03/22,浦和,11,桜花賞３歳牝馬オープン,1500,ダ,左,良,晴,12,8,12,サーフズアップ,牝,3,54.0,477,4,御神訓,山下之,,2,1:35.3,38.5,3-3-3-1,2,477,4
2023/03/22,浦和,11,桜花賞３歳牝馬オープン,1500,ダ,左,良,晴,12,4,4,フークエンジェル,牝,3,54.0,432,-12,笹川翼,米谷康,,3,1:35.7,37.6,9-8-8-6,7,432,-12
2023/03/22,浦和,11,桜花賞３歳牝馬オープン,1500,ダ,左,良,晴,12,6,8,ワイズゴールド,牝,3,54.0,425,1,達城龍,市村誠,,4,1:35.7,39.0,2-2-2-2,9,425,1
2023/03/22,浦和,11,桜花賞３歳牝馬オープン,1500,ダ,左,良,晴,12,1,1,スギノプリンセス,牝,3,54.0,489,4,本田重,佐々仁,,5,1:35.9,38.9,4-4-4-5,5,489,4
2023/03/22,浦和,11,桜花賞３歳牝馬オープン,1500,ダ,左,良,晴,12,6,7,キャッツライズ,牝,3,54.0,463,-8,町田直,平田正,,6,1:36.0,37.8,8-9-7-7,11,463,-8
2023/03/22,浦和,11,桜花賞３歳牝馬オープン,1500,ダ,左,良,晴,12,3,3,ボルドーグリフォン,牝,3,54.0,434,1,矢野貴,安池成,,7,1:36.5,37.9,11-10-10-8,6,434,1
2023/03/22,浦和,11,桜花賞３歳牝馬オープン,1500,ダ,左,良,晴,12,7,9,フジコチャン,牝,3,54.0,479,0,森泰斗,荒山勝,,8,1:37.3,40.2,5-5-5-9,3,479,0
2023/03/22,浦和,11,桜花賞３歳牝馬オープン,1500,ダ,左,良,晴,12,2,2,アトカラツイテクル,牝,3,54.0,500,3,和田譲,宇野博,,9,1:37.5,40.9,1-1-1-3,4,500,3
2023/03/22,浦和,11,桜花賞３歳牝馬オープン,1500,ダ,左,良,晴,12,8,11,フェルベンゲート,牝,3,54.0,454,5,野畑凌,池田孝,,10,1:37.9,38.8,10-11-11-11,10,454,5
2023/03/22,浦和,11,桜花賞３歳牝馬オープン,1500,ダ,左,良,晴,12,7,10,デザートウインド,牝,3,54.0,516,-7,見越彬,藤原智,,11,1:37.9,40.0,7-7-9-10,8,516,-7
2023/03/22,浦和,11,桜花賞３歳牝馬オープン,1500,ダ,左,良,晴,12,5,5,キモンツガル,牝,3,54.0,477,1,菅原涼,新井清,,12,1:42.1,42.8,12-12-12-12,12,477,1
2023/03/22,浦和,12,桜月特別Ｂ１二Ｂ２一,1400,ダ,左,良,晴,10,5,5,タマモイットウセイ,牡,5,55.0,492,-2,森泰斗,小久智,,1,1:27.5,36.9,2-2-1-1,1,492,-2
2023/03/22,浦和,12,桜月特別Ｂ１二Ｂ２一,1400,ダ,左,良,晴,10,7,8,メタスペクター,牡,5,55.0,474,4,張田昂,張田京,,2,1:27.7,36.9,3-3-3-2,2,474,4
2023/03/22,浦和,12,桜月特別Ｂ１二Ｂ２一,1400,ダ,左,良,晴,10,2,2,ジョーイルガチフェ,牡,5,57.0,521,-6,笹川翼,小久智,,3,1:29.0,38.0,4-4-4-4,4,521,-6
2023/03/22,浦和,12,桜月特別Ｂ１二Ｂ２一,1400,ダ,左,良,晴,10,1,1,ホウヨウクリスタル,牡,5,54.0,504,-5,菅原涼,藤原智,,4,1:29.1,38.5,1-1-2-3,7,504,-5
2023/03/22,浦和,12,桜月特別Ｂ１二Ｂ２一,1400,ダ,左,良,晴,10,7,7,リンクスショウ,牡,5,55.0,490,-1,澤田龍,渡邊貴,,5,1:29.2,37.3,9-9-8-6,3,490,-1
2023/03/22,浦和,12,桜月特別Ｂ１二Ｂ２一,1400,ダ,左,良,晴,10,3,3,ジャックオレンジ,セ,0,55.0,491,4,和田譲,新井清,,6,1:29.5,38.0,7-6-5-5,5,491,4
2023/03/22,浦和,12,桜月特別Ｂ１二Ｂ２一,1400,ダ,左,良,晴,10,6,6,シャイニー,牡,7,55.0,522,-1,川島正,野口寛,,7,1:29.9,38.0,8-8-9-8,8,522,-1
2023/03/22,浦和,12,桜月特別Ｂ１二Ｂ２一,1400,ダ,左,良,晴,10,4,4,グッドラックサマー,牡,9,56.0,549,-9,新原周,川島豊,,8,1:30.0,38.5,10-7-7-7,9,549,-9
2023/03/22,浦和,12,桜月特別Ｂ１二Ｂ２一,1400,ダ,左,良,晴,10,8,9,ハクサンホーリー,牝,6,50.0,413,-10,木間龍,矢野義,,9,1:31.6,40.3,5-4-6-9,6,413,-10
2023/03/22,浦和,12,桜月特別Ｂ１二Ｂ２一,1400,ダ,左,良,晴,10,8,10,パンプキンズ,牡,7,57.0,479,2,秋元耕,水野貴,,10,1:31.8,38.9,6-10-10-10,10,479,2
2023/03/23,浦和,1,Ｃ３ ４歳エ,1400,ダ,左,稍重,雨,10,8,9,リジン,牡,4,56.0,488,5,本田重,水野貴,,1,1:29.4,37.6,5-4-3-1,2,488,5
2023/03/23,浦和,1,Ｃ３ ４歳エ,1400,ダ,左,稍重,雨,10,5,5,シュヴァーン,牡,4,56.0,524,-1,張田昂,野口孝,,2,1:30.0,38.4,1-1-1-2,1,524,-1
2023/03/23,浦和,1,Ｃ３ ４歳エ,1400,ダ,左,稍重,雨,10,4,4,グレートモンスター,牡,4,56.0,437,1,和田譲,入口由,,3,1:31.1,38.7,7-7-6-4,5,437,1
2023/03/23,浦和,1,Ｃ３ ４歳エ,1400,ダ,左,稍重,雨,10,7,7,ツーエムロケット,セ,0,56.0,476,-10,森泰斗,小澤宏,,4,1:31.3,39.6,2-2-2-3,3,476,-10
2023/03/23,浦和,1,Ｃ３ ４歳エ,1400,ダ,左,稍重,雨,10,8,10,レーダーベクター,牡,4,53.0,458,-5,室陽一,川村守,,5,1:32.1,39.0,10-9-8-7,6,458,-5
2023/03/23,浦和,1,Ｃ３ ４歳エ,1400,ダ,左,稍重,雨,10,1,1,ハマベノルンナ,牝,4,54.0,445,-4,町田直,宇野博,,6,1:32.6,40.2,6-6-5-6,4,445,-4
2023/03/23,浦和,1,Ｃ３ ４歳エ,1400,ダ,左,稍重,雨,10,2,2,パルメニデス,牡,4,55.0,414,-14,七夕裕,山越光,,7,1:33.2,39.9,8-8-9-8,8,414,-14
2023/03/23,浦和,1,Ｃ３ ４歳エ,1400,ダ,左,稍重,雨,10,6,6,ハルノトゥーリ,牝,4,54.0,505,27,岡田大,薮口一,,8,1:33.6,41.8,3-3-4-5,7,505,27
2023/03/23,浦和,1,Ｃ３ ４歳エ,1400,ダ,左,稍重,雨,10,3,3,キネンビ,牝,4,54.0,469,-3,秋元耕,薮口一,,9,1:34.2,41.5,4-5-7-9,10,469,-3
2023/03/23,浦和,1,Ｃ３ ４歳エ,1400,ダ,左,稍重,雨,10,7,8,ボンバーキャット,牡,4,56.0,461,-2,見越彬,長谷忍,,10,1:36.5,42.4,9-10-10-10,9,461,-2
2023/03/23,浦和,2,ランチタイムチャレンジＣ２八 九,1400,ダ,左,重,雨,11,8,11,レオズソーダライト,牝,7,54.0,454,-10,橋本直,平山真,,1,1:30.0,39.8,1-1-1-1,4,454,-10
2023/03/23,浦和,2,ランチタイムチャレンジＣ２八 九,1400,ダ,左,重,雨,11,6,7,エコロアジェンダ,牡,5,55.0,455,-3,野畑凌,工藤伸,,2,1:30.6,39.4,8-7-5-5,2,455,-3
2023/03/23,浦和,2,ランチタイムチャレンジＣ２八 九,1400,ダ,左,重,雨,11,2,2,ビーマジカル,牝,4,53.0,450,1,新原周,野口孝,,3,1:31.2,39.6,5-6-7-8,8,450,1
2023/03/23,浦和,2,ランチタイムチャレンジＣ２八 九,1400,ダ,左,重,雨,11,7,9,ダンスデミルリトン,牡,4,56.0,487,-1,和田譲,酒井一,,4,1:31.2,40.6,2-2-2-2,1,487,-1
2023/03/23,浦和,2,ランチタイムチャレンジＣ２八 九,1400,ダ,左,重,雨,11,7,8,キングブルズアイズ,牡,4,56.0,495,16,真島大,繁田健,,5,1:31.2,40.3,6-5-3-3,3,495,16
2023/03/23,浦和,2,ランチタイムチャレンジＣ２八 九,1400,ダ,左,重,雨,11,8,10,フクチャンクイーン,牝,4,54.0,439,1,秋元耕,内野健,,6,1:31.2,39.2,7-8-8-6,7,439,1
2023/03/23,浦和,2,ランチタイムチャレンジＣ２八 九,1400,ダ,左,重,雨,11,4,4,ホシプリンセス,牝,5,54.0,503,1,藤本現,酒井一,,7,1:31.5,40.8,3-3-4-4,5,503,1
2023/03/23,浦和,2,ランチタイムチャレンジＣ２八 九,1400,ダ,左,重,雨,11,1,1,コスモヴェレッド,牡,4,56.0,465,2,岡田大,山越光,,8,1:31.5,39.3,11-11-10-9,11,465,2
2023/03/23,浦和,2,ランチタイムチャレンジＣ２八 九,1400,ダ,左,重,雨,11,3,3,エイシンブレナム,牝,4,54.0,430,-3,岡村健,酒井一,,9,1:32.0,40.0,9-9-9-10,9,430,-3
2023/03/23,浦和,2,ランチタイムチャレンジＣ２八 九,1400,ダ,左,重,雨,11,6,6,ウォーターリリー,牝,5,54.0,455,-6,見越彬,内野健,,10,1:32.1,41.0,4-4-6-7,6,455,-6
2023/03/23,浦和,2,ランチタイムチャレンジＣ２八 九,1400,ダ,左,重,雨,11,5,5,クレールアヴニール,牝,4,52.0,438,-3,藤田菜,野口孝,,11,1:33.3,40.9,10-10-11-11,10,438,-3
2023/03/23,浦和,3,特選Ｃ３一 二,1500,ダ,左,重,雨,11,6,7,フィアレススマイル,牡,6,56.0,459,-13,橋本直,平山真,,1,1:37.6,39.2,7-5-4-4,5,459,-13
2023/03/23,浦和,3,特選Ｃ３一 二,1500,ダ,左,重,雨,11,7,8,ラブリーギャル,牝,7,54.0,496,-6,見越彬,海馬司,,2,1:37.6,39.7,2-2-2-1,1,496,-6
2023/03/23,浦和,3,特選Ｃ３一 二,1500,ダ,左,重,雨,11,3,3,エイシンビースト,牡,5,56.0,451,2,秋元耕,薮口一,,3,1:37.9,38.8,8-8-6-5,8,451,2
2023/03/23,浦和,3,特選Ｃ３一 二,1500,ダ,左,重,雨,11,8,11,アレアンサンブル,牝,6,54.0,452,-4,増田充,甲田悟,,4,1:37.9,39.8,3-3-3-3,3,452,-4
2023/03/23,浦和,3,特選Ｃ３一 二,1500,ダ,左,重,雨,11,2,2,イッツショータイム,牡,7,56.0,481,0,今野忠,安池成,,5,1:38.1,38.5,10-11-9-7,4,481,0
2023/03/23,浦和,3,特選Ｃ３一 二,1500,ダ,左,重,雨,11,5,5,カイジンビリーヴ,牡,5,56.0,531,-1,高橋哲,入口由,,6,1:38.2,39.3,6-7-5-6,9,531,-1
2023/03/23,浦和,3,特選Ｃ３一 二,1500,ダ,左,重,雨,11,4,4,ワールドウィスラー,牡,6,56.0,469,-7,篠谷葵,久保勇,,7,1:38.8,39.6,9-9-8-8,7,469,-7
2023/03/23,浦和,3,特選Ｃ３一 二,1500,ダ,左,重,雨,11,6,6,サプライズギフト,牝,5,50.0,428,11,中島良,川島豊,,8,1:38.9,41.1,1-1-1-2,6,428,11
2023/03/23,浦和,3,特選Ｃ３一 二,1500,ダ,左,重,雨,11,8,10,キモンズラブ,牝,9,54.0,481,5,國分祐,冨田敏,,9,1:40.2,41.5,5-4-6-9,11,481,5
2023/03/23,浦和,3,特選Ｃ３一 二,1500,ダ,左,重,雨,11,7,9,エクストリーム,牡,9,55.0,462,7,野畑凌,田邊陽,,10,1:40.8,41.0,11-10-10-10,10,462,7
2023/03/23,浦和,3,特選Ｃ３一 二,1500,ダ,左,重,雨,11,1,1,ラナウェイボーイ,セ,0,56.0,493,-9,和田譲,林　幻,,11,1:42.6,43.2,4-6-11-11,2,493,-9
2023/03/23,浦和,4,浦和８００ラウンドＣ２Ｃ３選抜馬,800,ダ,左,重,雨,12,5,6,ミトノマジック,牝,7,52.0,438,-7,野畑凌,鈴木義,,1,0:48.0,35.2,3-3,2,438,-7
2023/03/23,浦和,4,浦和８００ラウンドＣ２Ｃ３選抜馬,800,ダ,左,重,雨,12,8,11,タイコネン,牝,4,49.0,469,-13,中島良,水野貴,,2,0:48.0,35.7,1-1,3,469,-13
2023/03/23,浦和,4,浦和８００ラウンドＣ２Ｃ３選抜馬,800,ダ,左,重,雨,12,2,2,リトルエイト,牝,7,49.0,452,-5,小林捺,山崎尋,,3,0:48.6,35.8,4-4,6,452,-5
2023/03/23,浦和,4,浦和８００ラウンドＣ２Ｃ３選抜馬,800,ダ,左,重,雨,12,6,8,プリプリクインダム,牝,8,55.0,492,2,櫻井光,海馬司,,4,0:48.6,35.3,8-7,4,492,2
2023/03/23,浦和,4,浦和８００ラウンドＣ２Ｃ３選抜馬,800,ダ,左,重,雨,12,8,12,ミッキージェンヌ,牝,4,55.0,443,17,笹川翼,小久智,,5,0:48.8,36.4,2-2,1,443,17
2023/03/23,浦和,4,浦和８００ラウンドＣ２Ｃ３選抜馬,800,ダ,左,重,雨,12,5,5,ツクバフタツボシ,牝,6,55.0,476,-13,張田昂,山越光,,6,0:49.0,36.2,5-5,7,476,-13
2023/03/23,浦和,4,浦和８００ラウンドＣ２Ｃ３選抜馬,800,ダ,左,重,雨,12,1,1,ツーエムタイガー,牡,5,57.0,477,2,森泰斗,小澤宏,,7,0:49.2,35.2,12-9,5,477,2
2023/03/23,浦和,4,浦和８００ラウンドＣ２Ｃ３選抜馬,800,ダ,左,重,雨,12,3,3,ファンファン,牡,6,57.0,464,0,赤津和,箕輪武,,8,0:49.4,36.4,7-6,10,464,0
2023/03/23,浦和,4,浦和８００ラウンドＣ２Ｃ３選抜馬,800,ダ,左,重,雨,12,7,9,ニシノイルマーレ,牝,5,55.0,502,17,國分祐,冨田敏,,9,0:49.5,36.7,6-8,12,502,17
2023/03/23,浦和,4,浦和８００ラウンドＣ２Ｃ３選抜馬,800,ダ,左,重,雨,12,6,7,ネーレウス,牡,4,57.0,482,9,橋本直,酒井一,,10,0:50.0,36.2,11-12,11,482,9
2023/03/23,浦和,4,浦和８００ラウンドＣ２Ｃ３選抜馬,800,ダ,左,重,雨,12,4,4,シゲルアパライト,牡,7,54.0,465,-17,室陽一,横山保,,11,0:50.1,36.9,10-10,8,465,-17
2023/03/23,浦和,4,浦和８００ラウンドＣ２Ｃ３選抜馬,800,ダ,左,重,雨,12,7,10,レコパントモチャン,牝,5,53.0,517,0,内田利,岡田一,,12,0:50.1,37.1,9-11,9,517,0
2023/03/23,浦和,5,特選Ｃ３一 二,1400,ダ,左,重,雨,12,6,8,エキストラライト,牝,6,54.0,454,-10,山崎誠,米谷康,,1,1:29.7,39.1,2-2-1-1,2,454,-10
2023/03/23,浦和,5,特選Ｃ３一 二,1400,ダ,左,重,雨,12,5,5,フェイドハード,牡,6,56.0,512,-5,加藤和,長谷忍,,2,1:30.2,39.4,3-3-2-2,1,512,-5
2023/03/23,浦和,5,特選Ｃ３一 二,1400,ダ,左,重,雨,12,8,12,リュウオウ,牡,7,53.0,478,3,佐藤翔,宇野博,,3,1:30.5,39.3,7-5-4-3,3,478,3
2023/03/23,浦和,5,特選Ｃ３一 二,1400,ダ,左,重,雨,12,7,10,スイートナイト,牝,5,53.0,465,-11,仲原大,入口由,,4,1:30.6,39.0,9-9-7-5,8,465,-11
2023/03/23,浦和,5,特選Ｃ３一 二,1400,ダ,左,重,雨,12,1,1,リアドライブ,牡,5,55.0,506,4,七夕裕,長谷忍,,5,1:30.9,39.7,5-6-6-6,5,506,4
2023/03/23,浦和,5,特選Ｃ３一 二,1400,ダ,左,重,雨,12,2,2,モリデンタワー,牝,5,54.0,504,-4,赤津和,山越光,,6,1:31.0,40.3,1-1-3-4,7,504,-4
2023/03/23,浦和,5,特選Ｃ３一 二,1400,ダ,左,重,雨,12,8,11,ベリリウンヌ,牝,5,54.0,431,3,秋元耕,海馬司,,7,1:31.4,39.7,6-7-8-7,11,431,3
2023/03/23,浦和,5,特選Ｃ３一 二,1400,ダ,左,重,雨,12,6,7,ラーズグリーズ,セ,0,54.0,455,5,藤田菜,工藤伸,,8,1:31.5,39.6,11-10-9-10,4,455,5
2023/03/23,浦和,5,特選Ｃ３一 二,1400,ダ,左,重,雨,12,4,4,プレミアムプリモ,牝,6,54.0,480,8,橋本直,平山真,,9,1:31.5,39.6,8-8-10-8,9,480,8
2023/03/23,浦和,5,特選Ｃ３一 二,1400,ダ,左,重,雨,12,7,9,ユーデモニクス,セ,0,56.0,474,1,笹川翼,新井清,,10,1:32.7,41.7,4-4-5-9,6,474,1
2023/03/23,浦和,5,特選Ｃ３一 二,1400,ダ,左,重,雨,12,3,3,エイコーレイワ,牝,6,50.0,468,-3,中島良,川村守,,11,1:33.5,40.9,12-12-12-11,12,468,-3
2023/03/23,浦和,5,特選Ｃ３一 二,1400,ダ,左,重,雨,12,5,6,ケイティーユイ,牝,5,51.0,441,1,室陽一,水野貴,,12,1:33.7,41.3,10-11-11-12,10,441,1
2023/03/23,浦和,6,桜のまち幸手賞Ｃ１六,1400,ダ,左,重,雨,12,6,7,ローザロード,牝,4,54.0,441,-10,森泰斗,小久智,,1,1:28.8,38.7,1-1-1-1,1,441,-10
2023/03/23,浦和,6,桜のまち幸手賞Ｃ１六,1400,ダ,左,重,雨,12,4,4,スリーポイント,牡,8,56.0,451,2,山崎誠,山崎尋,,2,1:29.1,37.5,12-10-8-2,4,451,2
2023/03/23,浦和,6,桜のまち幸手賞Ｃ１六,1400,ダ,左,重,雨,12,7,10,ピュアファンタジー,牝,6,51.0,483,1,佐藤翔,小澤宏,,3,1:29.7,39.2,3-3-3-3,6,483,1
2023/03/23,浦和,6,桜のまち幸手賞Ｃ１六,1400,ダ,左,重,雨,12,6,8,ヤマタケコーチャン,牡,4,56.0,447,2,高橋哲,水野貴,,4,1:29.8,38.9,6-6-4-6,8,447,2
2023/03/23,浦和,6,桜のまち幸手賞Ｃ１六,1400,ダ,左,重,雨,12,3,3,リベリュール,牡,8,56.0,494,3,真島大,繁田健,,5,1:29.9,39.2,5-4-4-5,2,494,3
2023/03/23,浦和,6,桜のまち幸手賞Ｃ１六,1400,ダ,左,重,雨,12,1,1,ピノタージュ,牝,6,54.0,449,1,見越彬,内野健,,6,1:30.1,39.8,2-2-2-4,9,449,1
2023/03/23,浦和,6,桜のまち幸手賞Ｃ１六,1400,ダ,左,重,雨,12,5,5,ウインプロヴァンス,牡,4,53.0,506,-3,室陽一,工藤伸,,7,1:30.3,38.6,9-9-9-8,3,506,-3
2023/03/23,浦和,6,桜のまち幸手賞Ｃ１六,1400,ダ,左,重,雨,12,8,12,ワンダーダイカネン,牡,6,56.0,488,-6,橋本直,鈴木勝,,8,1:30.4,39.3,7-7-7-7,5,488,-6
2023/03/23,浦和,6,桜のまち幸手賞Ｃ１六,1400,ダ,左,重,雨,12,8,11,バトルオサンナ,牝,9,54.0,451,6,半澤慶,入口由,,9,1:30.7,39.3,8-8-10-9,11,451,6
2023/03/23,浦和,6,桜のまち幸手賞Ｃ１六,1400,ダ,左,重,雨,12,2,2,ニシノエルサ,牝,5,54.0,468,0,臼井健,渋谷博,,10,1:30.8,38.1,11-12-12-12,7,468,0
2023/03/23,浦和,6,桜のまち幸手賞Ｃ１六,1400,ダ,左,重,雨,12,5,6,ナイフレスト,牝,4,53.0,421,-5,七夕裕,海馬司,,11,1:31.8,39.5,10-11-11-11,10,421,-5
2023/03/23,浦和,6,桜のまち幸手賞Ｃ１六,1400,ダ,左,重,雨,12,7,9,ホワイトスズラン,牝,4,54.0,431,6,赤津和,山越光,,12,1:32.3,41.6,4-5-4-10,12,431,6
2023/03/23,浦和,7,Ｊ交 ツインサドル特別３歳選抜馬,1400,ダ,左,重,雨,12,5,5,トノパー,牡,3,56.0,510,8,笹川翼,小久智,,1,1:27.7,38.1,1-1-1-1,1,510,8
2023/03/23,浦和,7,Ｊ交 ツインサドル特別３歳選抜馬,1400,ダ,左,重,雨,12,7,10,ハットグットゲット,牡,3,53.0,531,1,小林勝,杉浦宏,,2,1:29.6,38.9,6-6-5-5,2,531,1
2023/03/23,浦和,7,Ｊ交 ツインサドル特別３歳選抜馬,1400,ダ,左,重,雨,12,7,9,カゼノハクシュウ,牡,3,56.0,458,-2,森泰斗,上原博,,3,1:29.6,39.8,2-2-2-2,3,458,-2
2023/03/23,浦和,7,Ｊ交 ツインサドル特別３歳選抜馬,1400,ダ,左,重,雨,12,6,8,コスモレンブランサ,牝,3,52.0,421,-3,小林脩,武藤善,,4,1:29.7,39.4,5-5-4-4,6,421,-3
2023/03/23,浦和,7,Ｊ交 ツインサドル特別３歳選抜馬,1400,ダ,左,重,雨,12,5,6,スクリプタム,牝,3,51.0,463,1,佐藤翔,小檜悟,,5,1:30.0,39.5,3-4-6-6,8,463,1
2023/03/23,浦和,7,Ｊ交 ツインサドル特別３歳選抜馬,1400,ダ,左,重,雨,12,2,2,テイコク,牡,3,56.0,523,-1,矢野貴,高月賢,,6,1:30.3,38.9,9-9-9-8,4,523,-1
2023/03/23,浦和,7,Ｊ交 ツインサドル特別３歳選抜馬,1400,ダ,左,重,雨,12,8,11,ゲットアップゲート,牡,3,56.0,484,-2,町田直,田邊陽,,7,1:30.6,40.6,4-3-3-3,5,484,-2
2023/03/23,浦和,7,Ｊ交 ツインサドル特別３歳選抜馬,1400,ダ,左,重,雨,12,3,3,セザンブライト,牡,3,56.0,449,-5,濱田達,渋谷博,,8,1:30.7,39.8,7-8-7-7,11,449,-5
2023/03/23,浦和,7,Ｊ交 ツインサドル特別３歳選抜馬,1400,ダ,左,重,雨,12,1,1,キークラシック,牡,3,54.0,431,-9,原優介,黒岩陽,,9,1:30.8,38.9,10-10-10-11,7,431,-9
2023/03/23,浦和,7,Ｊ交 ツインサドル特別３歳選抜馬,1400,ダ,左,重,雨,12,4,4,シェナストーン,牡,3,56.0,442,2,秋元耕,吉田正,,10,1:31.1,38.7,11-11-11-9,12,442,2
2023/03/23,浦和,7,Ｊ交 ツインサドル特別３歳選抜馬,1400,ダ,左,重,雨,12,8,12,ドゥーザトリック,牡,3,54.0,469,-3,小林大,小西一,,11,1:31.1,38.1,12-12-12-12,10,469,-3
2023/03/23,浦和,7,Ｊ交 ツインサドル特別３歳選抜馬,1400,ダ,左,重,雨,12,6,7,アンニンドウフ,牡,3,55.0,478,-2,新原周,佐藤博,,12,1:31.4,40.5,8-7-8-10,9,478,-2
2023/03/23,浦和,8,レコードな町新冠賞Ｃ２八 九,1500,ダ,左,重,雨,9,3,3,パールアゲイン,牝,4,51.0,404,7,小林勝,岡田一,,1,1:36.1,39.0,2-2-2-1,1,404,7
2023/03/23,浦和,8,レコードな町新冠賞Ｃ２八 九,1500,ダ,左,重,雨,9,4,4,ロドルフォブレイン,牡,6,56.0,576,-1,田中力,玉井等,,2,1:37.1,38.5,9-9-6-4,8,576,-1
2023/03/23,浦和,8,レコードな町新冠賞Ｃ２八 九,1500,ダ,左,重,雨,9,1,1,マイアミヒーロー,セ,0,53.0,492,10,室陽一,小久智,,3,1:37.2,39.2,5-4-4-5,3,492,10
2023/03/23,浦和,8,レコードな町新冠賞Ｃ２八 九,1500,ダ,左,重,雨,9,5,5,フェルカド,セ,0,56.0,480,-11,見越彬,野口孝,,4,1:37.3,39.7,3-3-3-3,4,480,-11
2023/03/23,浦和,8,レコードな町新冠賞Ｃ２八 九,1500,ダ,左,重,雨,9,8,8,ニシノマンテン,牡,4,56.0,443,0,半澤慶,川島豊,,5,1:37.7,40.8,1-1-1-2,2,443,0
2023/03/23,浦和,8,レコードな町新冠賞Ｃ２八 九,1500,ダ,左,重,雨,9,6,6,ジーニーボニータ,牡,4,56.0,505,16,秋元耕,水野貴,,6,1:38.0,39.8,8-6-5-6,5,505,16
2023/03/23,浦和,8,レコードな町新冠賞Ｃ２八 九,1500,ダ,左,重,雨,9,2,2,ナムラキャッツ,牝,4,52.0,405,-1,藤田菜,工藤伸,,7,1:38.7,39.8,6-8-9-7,7,405,-1
2023/03/23,浦和,8,レコードな町新冠賞Ｃ２八 九,1500,ダ,左,重,雨,9,8,9,ノースジラソーレ,牝,4,54.0,437,-29,加藤和,長谷忍,,8,1:40.6,42.2,4-5-7-8,9,437,-29
2023/03/23,浦和,8,レコードな町新冠賞Ｃ２八 九,1500,ダ,左,重,雨,9,7,7,アポロリップ,牝,4,54.0,525,6,岡田大,薮口一,,9,1:40.6,42.0,7-7-8-9,6,525,6
2023/03/23,浦和,9,Ｊ交 ツインシャイン特別３歳選抜牝馬,1400,ダ,左,重,曇,12,2,2,ネメシス,牝,3,54.0,443,-7,西啓太,箕輪武,,1,1:29.3,39.1,5-3-3-2,12,443,-7
2023/03/23,浦和,9,Ｊ交 ツインシャイン特別３歳選抜牝馬,1400,ダ,左,重,曇,12,1,1,ノースプリマ,牝,3,54.0,441,-1,森泰斗,水野貴,,2,1:30.3,40.4,1-1-1-1,1,441,-1
2023/03/23,浦和,9,Ｊ交 ツインシャイン特別３歳選抜牝馬,1400,ダ,左,重,曇,12,6,8,シュテルンロット,牝,3,54.0,424,-14,笹川翼,奥村豊,,3,1:30.8,40.2,8-8-6-4,3,424,-14
2023/03/23,浦和,9,Ｊ交 ツインシャイン特別３歳選抜牝馬,1400,ダ,左,重,曇,12,5,5,スティールユアラブ,牝,3,52.0,461,-7,藤田菜,根本康,,4,1:30.9,39.3,12-11-10-9,8,461,-7
2023/03/23,浦和,9,Ｊ交 ツインシャイン特別３歳選抜牝馬,1400,ダ,左,重,曇,12,5,6,キョウエイカリーナ,牝,3,54.0,456,9,秋元耕,小澤宏,,5,1:31.1,41.2,2-2-2-3,10,456,9
2023/03/23,浦和,9,Ｊ交 ツインシャイン特別３歳選抜牝馬,1400,ダ,左,重,曇,12,7,10,バスケットカウント,牝,3,54.0,450,-4,的場勇,的場均,,6,1:31.1,40.3,7-7-9-7,4,450,-4
2023/03/23,浦和,9,Ｊ交 ツインシャイン特別３歳選抜牝馬,1400,ダ,左,重,曇,12,7,9,スカーレットレイル,牝,3,50.0,447,0,小林捺,内田勝,,7,1:31.2,40.6,6-6-7-6,7,447,0
2023/03/23,浦和,9,Ｊ交 ツインシャイン特別３歳選抜牝馬,1400,ダ,左,重,曇,12,8,11,グリーミージュエル,牝,3,51.0,421,-1,小林勝,中野栄,,8,1:31.4,41.2,3-3-4-5,11,421,-1
2023/03/23,浦和,9,Ｊ交 ツインシャイン特別３歳選抜牝馬,1400,ダ,左,重,曇,12,3,3,フクシマルーラー,牝,3,52.0,453,-5,小林脩,的場均,,9,1:31.5,40.0,11-12-11-10,9,453,-5
2023/03/23,浦和,9,Ｊ交 ツインシャイン特別３歳選抜牝馬,1400,ダ,左,重,曇,12,8,12,トーケンエミスター,牝,3,54.0,431,-2,山崎誠,山本学,,10,1:31.9,41.5,4-5-5-8,2,431,-2
2023/03/23,浦和,9,Ｊ交 ツインシャイン特別３歳選抜牝馬,1400,ダ,左,重,曇,12,4,4,ピュアアメリカン,牝,3,53.0,474,7,野畑凌,小澤宏,,11,1:32.0,41.4,9-9-8-11,6,474,7
2023/03/23,浦和,9,Ｊ交 ツインシャイン特別３歳選抜牝馬,1400,ダ,左,重,曇,12,6,7,コウセイエミオト,牝,3,50.0,386,2,中島良,中野栄,,12,1:32.6,41.3,10-10-12-12,5,386,2
2023/03/23,浦和,10,’２３ティアラカップＡ２下選抜牝馬,1400,ダ,左,重,曇,11,8,10,グランパラディーゾ,牝,5,56.0,474,16,本田重,渡邉和,,1,1:27.4,37.8,6-6-6-3,2,474,16
2023/03/23,浦和,10,’２３ティアラカップＡ２下選抜牝馬,1400,ダ,左,重,曇,11,4,4,ジュネス,牝,6,54.0,491,1,矢野貴,小久智,,2,1:27.4,37.8,4-4-5-2,1,491,1
2023/03/23,浦和,10,’２３ティアラカップＡ２下選抜牝馬,1400,ダ,左,重,曇,11,1,1,スティールルージュ,牝,4,56.0,479,-14,張田昂,張田京,,3,1:27.6,38.2,1-1-1-1,5,479,-14
2023/03/23,浦和,10,’２３ティアラカップＡ２下選抜牝馬,1400,ダ,左,重,曇,11,5,5,レディオスター,牝,4,56.0,473,6,木間龍,矢野義,,4,1:28.1,37.9,9-10-10-8,4,473,6
2023/03/23,浦和,10,’２３ティアラカップＡ２下選抜牝馬,1400,ダ,左,重,曇,11,6,7,ナンヨーオボロヅキ,牝,7,52.0,493,-2,岡村健,平山真,,5,1:28.3,38.3,7-7-9-6,11,493,-2
2023/03/23,浦和,10,’２３ティアラカップＡ２下選抜牝馬,1400,ダ,左,重,曇,11,7,9,シゲルルビー,牝,7,52.0,510,1,野畑凌,鈴木義,,6,1:28.7,38.7,11-9-8-7,8,510,1
2023/03/23,浦和,10,’２３ティアラカップＡ２下選抜牝馬,1400,ダ,左,重,曇,11,3,3,スターオブケリー,牝,4,52.0,520,11,今野忠,繁田健,,7,1:28.8,39.2,3-3-2-4,10,520,11
2023/03/23,浦和,10,’２３ティアラカップＡ２下選抜牝馬,1400,ダ,左,重,曇,11,6,6,トキノゴールド,牝,4,54.0,492,7,櫻井光,八木喜,,8,1:29.0,39.0,8-8-7-9,7,492,7
2023/03/23,浦和,10,’２３ティアラカップＡ２下選抜牝馬,1400,ダ,左,重,曇,11,8,11,モンサンラファータ,牝,7,54.0,520,-2,和田譲,宗形竹,,9,1:29.0,39.4,5-5-4-4,9,520,-2
2023/03/23,浦和,10,’２３ティアラカップＡ２下選抜牝馬,1400,ダ,左,重,曇,11,7,8,ロカマドール,牝,7,56.0,472,6,山崎誠,山崎尋,,10,1:29.6,39.0,10-11-11-11,6,472,6
2023/03/23,浦和,10,’２３ティアラカップＡ２下選抜牝馬,1400,ダ,左,重,曇,11,2,2,レディオガガ,牝,4,54.0,491,4,森泰斗,高月賢,,11,1:31.3,41.9,2-2-2-10,3,491,4
2023/03/23,浦和,11,花見月特別Ｂ２Ｂ３選抜馬,2000,ダ,左,重,雨,10,6,6,トーセンインディゴ,牡,5,55.0,492,3,本橋孝,小久智,,1,2:09.6,37.4,1-1-1-1,1,492,3
2023/03/23,浦和,11,花見月特別Ｂ２Ｂ３選抜馬,2000,ダ,左,重,雨,10,1,1,エラボレート,牡,6,55.0,460,-1,矢野貴,林隆之,,2,2:10.9,38.4,3-3-4-3,3,460,-1
2023/03/23,浦和,11,花見月特別Ｂ２Ｂ３選抜馬,2000,ダ,左,重,雨,10,8,10,カミノアカネ,牝,6,54.0,474,5,新原周,岡田一,,3,2:11.1,38.9,2-2-2-2,4,474,5
2023/03/23,浦和,11,花見月特別Ｂ２Ｂ３選抜馬,2000,ダ,左,重,雨,10,4,4,フューリアス,牡,5,54.0,457,2,佐藤翔,宇野博,,4,2:11.1,38.6,5-5-5-4,5,457,2
2023/03/23,浦和,11,花見月特別Ｂ２Ｂ３選抜馬,2000,ダ,左,重,雨,10,8,9,ハーリーバーリー,牡,8,57.0,528,-1,笹川翼,岡林光,,5,2:11.3,38.9,3-3-3-5,2,528,-1
2023/03/23,浦和,11,花見月特別Ｂ２Ｂ３選抜馬,2000,ダ,左,重,雨,10,3,3,グッドヘルスバイオ,牡,7,57.0,491,-1,和田譲,新井清,,6,2:11.4,38.9,6-6-6-6,9,491,-1
2023/03/23,浦和,11,花見月特別Ｂ２Ｂ３選抜馬,2000,ダ,左,重,雨,10,2,2,マイネルカガヤキ,牡,6,57.0,488,-5,橋本直,平山真,,7,2:11.5,38.7,8-9-7-8,6,488,-5
2023/03/23,浦和,11,花見月特別Ｂ２Ｂ３選抜馬,2000,ダ,左,重,雨,10,5,5,フレッシュグリーン,牡,4,57.0,449,-1,藤本現,加藤誠,,8,2:11.7,38.9,10-10-7-6,10,449,-1
2023/03/23,浦和,11,花見月特別Ｂ２Ｂ３選抜馬,2000,ダ,左,重,雨,10,7,7,マスカテル,牡,6,57.0,500,2,山崎誠,平山真,,9,2:12.3,39.5,7-7-9-9,7,500,2
2023/03/23,浦和,11,花見月特別Ｂ２Ｂ３選抜馬,2000,ダ,左,重,雨,10,7,8,サイファリス,牝,7,52.0,440,2,池谷匠,山崎尋,,10,2:13.3,40.5,9-8-9-10,8,440,2
2023/03/23,浦和,12,春陽特別Ｃ１三,1500,ダ,左,重,雨,11,5,5,スパルタレオニダス,牡,4,56.0,526,3,真島大,繁田健,,1,1:34.9,38.1,2-2-1-1,4,526,3
2023/03/23,浦和,12,春陽特別Ｃ１三,1500,ダ,左,重,雨,11,1,1,コスモルージュ,牡,4,56.0,503,6,張田昂,小澤宏,,2,1:35.3,38.5,1-1-1-1,1,503,6
2023/03/23,浦和,12,春陽特別Ｃ１三,1500,ダ,左,重,雨,11,8,10,アマゴ,牝,4,54.0,448,8,今野忠,箕輪武,,3,1:35.7,38.4,5-5-4-3,8,448,8
2023/03/23,浦和,12,春陽特別Ｃ１三,1500,ダ,左,重,雨,11,7,9,サンケイワールド,牡,5,56.0,499,3,笹川翼,平山真,,4,1:35.9,38.3,6-6-6-5,5,499,3
2023/03/23,浦和,12,春陽特別Ｃ１三,1500,ダ,左,重,雨,11,4,4,ミラクルランバック,牡,4,56.0,525,6,山崎誠,藤原智,,5,1:36.1,38.7,9-7-5-5,6,525,6
2023/03/23,浦和,12,春陽特別Ｃ１三,1500,ダ,左,重,雨,11,6,6,デルタ,牝,6,51.0,455,10,小林勝,岡田一,,6,1:36.3,39.2,3-3-3-4,3,455,10
2023/03/23,浦和,12,春陽特別Ｃ１三,1500,ダ,左,重,雨,11,6,7,フェリスダージ,牝,5,54.0,429,3,内田利,工藤伸,,7,1:36.9,39.0,8-9-8-8,7,429,3
2023/03/23,浦和,12,春陽特別Ｃ１三,1500,ダ,左,重,雨,11,8,11,ウインカルナヴァル,牡,8,56.0,491,1,矢野貴,玉井昇,,8,1:37.0,39.1,7-8-9-10,2,491,1
2023/03/23,浦和,12,春陽特別Ｃ１三,1500,ダ,左,重,雨,11,2,2,チェスナットドレス,牝,6,54.0,472,2,國分祐,冨田敏,,9,1:37.1,39.7,4-4-7-7,11,472,2
2023/03/23,浦和,12,春陽特別Ｃ１三,1500,ダ,左,重,雨,11,3,3,ニッチモサッチモ,セ,0,56.0,457,-6,山中悠,伊藤滋,,10,1:37.4,39.3,11-10-10-11,9,457,-6
2023/03/23,浦和,12,春陽特別Ｃ１三,1500,ダ,左,重,雨,11,7,8,セイウンコチョウ,牝,4,54.0,404,-6,秋元耕,冨田敏,,11,1:37.5,39.0,10-11-11-9,10,404,-6
2023/03/24,浦和,1,３歳九,1400,ダ,左,不良,曇,10,8,9,クインズカヤノヒメ,牝,3,54.0,447,9,藤江渉,横山保,,1,1:32.2,39.3,3-3-3-1,4,447,9
2023/03/24,浦和,1,３歳九,1400,ダ,左,不良,曇,10,7,8,トクシーカグヤヒメ,牝,3,54.0,471,-5,半澤慶,平山真,,2,1:32.5,39.4,5-5-4-3,5,471,-5
2023/03/24,浦和,1,３歳九,1400,ダ,左,不良,曇,10,2,2,ジョーボギーニャ,牝,3,54.0,0,0,森泰斗,小久智,,3,1:32.6,39.7,1-1-1-2,1,0,0
2023/03/24,浦和,1,３歳九,1400,ダ,左,不良,曇,10,5,5,オザリス,牝,3,54.0,446,-9,張田昂,小澤宏,,4,1:33.2,39.9,6-6-5-4,2,446,-9
2023/03/24,浦和,1,３歳九,1400,ダ,左,不良,曇,10,8,10,シールドメイデン,牝,3,54.0,459,-13,岡村健,酒井一,,5,1:33.5,40.6,2-2-2-5,9,459,-13
2023/03/24,浦和,1,３歳九,1400,ダ,左,不良,曇,10,1,1,リワードノンノ,牝,3,54.0,501,5,和田譲,宇野博,,6,1:34.0,40.6,7-7-6-6,3,501,5
2023/03/24,浦和,1,３歳九,1400,ダ,左,不良,曇,10,6,6,シェナグローリー,牝,3,54.0,457,-5,國分祐,冨田敏,,7,1:35.4,41.4,8-8-9-9,10,457,-5
2023/03/24,浦和,1,３歳九,1400,ダ,左,不良,曇,10,3,3,ドリームダンス,牝,3,54.0,401,-5,高橋哲,水野貴,,8,1:35.5,41.7,9-9-8-8,8,401,-5
2023/03/24,浦和,1,３歳九,1400,ダ,左,不良,曇,10,4,4,サインポスト,牝,3,54.0,389,-2,加藤和,薮口一,,9,1:36.4,43.0,4-4-7-7,7,389,-2
2023/03/24,浦和,1,３歳九,1400,ダ,左,不良,曇,10,7,7,ミラクルアーサー,牡,3,55.0,494,-4,七夕裕,岡田一,,,,,10-10,6,494,-4
2023/03/24,浦和,2,ランチタイムチャレンジ３歳八,1400,ダ,左,不良,曇,12,8,11,ウィンターソング,牝,3,54.0,465,-4,秋元耕,牛房榮,,1,1:32.1,40.5,1-1-1-1,7,465,-4
2023/03/24,浦和,2,ランチタイムチャレンジ３歳八,1400,ダ,左,不良,曇,12,7,10,ニットウサニー,牝,3,54.0,443,2,山崎誠,野口寛,,2,1:32.3,40.4,3-3-2-2,2,443,2
2023/03/24,浦和,2,ランチタイムチャレンジ３歳八,1400,ダ,左,不良,曇,12,8,12,エドノスマイル,牡,3,56.0,438,2,和田譲,宇野博,,3,1:32.5,40.5,6-4-3-3,1,438,2
2023/03/24,浦和,2,ランチタイムチャレンジ３歳八,1400,ダ,左,不良,曇,12,5,5,シェナカンザシ,牝,3,53.0,463,-14,七夕裕,冨田敏,,4,1:32.6,39.8,11-10-6-5,6,463,-14
2023/03/24,浦和,2,ランチタイムチャレンジ３歳八,1400,ダ,左,不良,曇,12,3,3,スタータマチャン,牝,3,54.0,479,-11,山中悠,川村守,,5,1:33.3,40.5,8-8-9-7,10,479,-11
2023/03/24,浦和,2,ランチタイムチャレンジ３歳八,1400,ダ,左,不良,曇,12,7,9,ジョディユキ,牝,3,54.0,450,3,橋本直,酒井一,,6,1:33.7,41.6,5-5-4-4,4,450,3
2023/03/24,浦和,2,ランチタイムチャレンジ３歳八,1400,ダ,左,不良,曇,12,6,7,カシノクインダム,牝,3,50.0,429,-1,中島良,鹿沼和,,7,1:34.4,42.6,2-1-5-6,8,429,-1
2023/03/24,浦和,2,ランチタイムチャレンジ３歳八,1400,ダ,左,不良,曇,12,1,1,ラニーズグレイス,牝,3,54.0,473,7,半澤慶,工藤伸,,8,1:35.0,42.6,7-6-7-9,3,473,7
2023/03/24,浦和,2,ランチタイムチャレンジ３歳八,1400,ダ,左,不良,曇,12,6,8,ゴルディッヒ,牝,3,51.0,370,-4,室陽一,海馬司,,9,1:35.0,42.4,4-7-8-8,9,370,-4
2023/03/24,浦和,2,ランチタイムチャレンジ３歳八,1400,ダ,左,不良,曇,12,5,6,エムティウィンド,牝,3,54.0,457,-24,達城龍,野口寛,,10,1:35.0,41.6,9-9-11-11,5,457,-24
2023/03/24,浦和,2,ランチタイムチャレンジ３歳八,1400,ダ,左,不良,曇,12,2,2,シェナレモン,牝,3,54.0,416,4,國分祐,冨田敏,,11,1:35.1,41.5,10-11-10-10,11,416,4
2023/03/24,浦和,2,ランチタイムチャレンジ３歳八,1400,ダ,左,不良,曇,12,4,4,メイプルマロン,牝,3,54.0,0,0,見越彬,小林真,,,,,,,0,0
2023/03/24,浦和,3,Ｃ３ ４歳オ,1400,ダ,左,不良,曇,10,7,7,タービンホール,牡,4,56.0,498,20,半澤慶,宇野博,,1,1:32.2,40.6,2-2-2-1,1,498,20
2023/03/24,浦和,3,Ｃ３ ４歳オ,1400,ダ,左,不良,曇,10,8,9,メイショウコウヨウ,牝,4,51.0,454,5,室陽一,川村守,,2,1:32.3,39.5,7-6-5-3,5,454,5
2023/03/24,浦和,3,Ｃ３ ４歳オ,1400,ダ,左,不良,曇,10,3,3,ゴールドボード,牝,4,54.0,515,10,秋元耕,箕輪武,,3,1:32.4,40.8,1-1-1-1,4,515,10
2023/03/24,浦和,3,Ｃ３ ４歳オ,1400,ダ,左,不良,曇,10,2,2,シンキングロマンス,牝,4,54.0,446,0,岡田大,川村守,,4,1:33.3,41.2,5-5-3-4,8,446,0
2023/03/24,浦和,3,Ｃ３ ４歳オ,1400,ダ,左,不良,曇,10,4,4,チュパチ,牝,4,54.0,448,1,内田利,吉田正,,5,1:33.5,40.2,6-7-6-6,3,448,1
2023/03/24,浦和,3,Ｃ３ ４歳オ,1400,ダ,左,不良,曇,10,6,6,アッレプランタン,牝,4,54.0,478,12,山中悠,川村守,,6,1:33.8,40.3,8-8-7-8,6,478,12
2023/03/24,浦和,3,Ｃ３ ４歳オ,1400,ダ,左,不良,曇,10,1,1,フィラーズ,牡,4,55.0,458,1,七夕裕,海馬司,,7,1:33.8,40.3,9-9-9-7,7,458,1
2023/03/24,浦和,3,Ｃ３ ４歳オ,1400,ダ,左,不良,曇,10,5,5,ブライトソール,牡,4,56.0,431,-4,加藤和,薮口一,,8,1:34.0,41.9,3-3-4-5,2,431,-4
2023/03/24,浦和,3,Ｃ３ ４歳オ,1400,ダ,左,不良,曇,10,8,10,シェナマジック,牡,4,56.0,435,0,國分祐,冨田敏,,9,1:38.1,43.0,10-10-10-9,10,435,0
2023/03/24,浦和,3,Ｃ３ ４歳オ,1400,ダ,左,不良,曇,10,7,8,ヒナマル,牝,4,53.0,426,9,菅原涼,長谷忍,,10,1:38.3,45.8,4-4-7-10,9,426,9
2023/03/24,浦和,4,浦和８００ラウンドＣ２選抜馬,800,ダ,左,重,曇,12,8,12,ノボシュンシュン,牝,7,54.0,468,-3,山崎誠,山崎裕,,1,0:47.6,35.6,1-1,1,468,-3
2023/03/24,浦和,4,浦和８００ラウンドＣ２選抜馬,800,ダ,左,重,曇,12,7,10,ピースリアン,牡,6,56.0,494,0,町田直,横山保,,2,0:48.3,35.9,4-2,2,494,0
2023/03/24,浦和,4,浦和８００ラウンドＣ２選抜馬,800,ダ,左,重,曇,12,7,9,カラドボルグ,牡,5,56.0,492,-2,岡田大,牛房榮,,3,0:48.5,36.3,2-4,5,492,-2
2023/03/24,浦和,4,浦和８００ラウンドＣ２選抜馬,800,ダ,左,重,曇,12,4,4,クウェンヤ,牝,5,54.0,404,2,半澤慶,工藤伸,,4,0:48.7,36.5,2-3,7,404,2
2023/03/24,浦和,4,浦和８００ラウンドＣ２選抜馬,800,ダ,左,重,曇,12,1,1,ジュニパーダンス,牝,5,54.0,440,4,笠野雄,海馬司,,5,0:48.8,35.7,11-9,10,440,4
2023/03/24,浦和,4,浦和８００ラウンドＣ２選抜馬,800,ダ,左,重,曇,12,2,2,シンキングスカイ,牡,5,52.0,470,4,小林捺,内田勝,,6,0:48.9,36.3,5-5,4,470,4
2023/03/24,浦和,4,浦和８００ラウンドＣ２選抜馬,800,ダ,左,重,曇,12,8,11,ボンディングタイム,セ,0,56.0,581,4,和田譲,宇野博,,7,0:49.1,36.5,6-7,6,581,4
2023/03/24,浦和,4,浦和８００ラウンドＣ２選抜馬,800,ダ,左,重,曇,12,3,3,オーラソラーレ,牝,6,51.0,499,23,室陽一,酒井一,,8,0:49.2,36.6,8-6,8,499,23
2023/03/24,浦和,4,浦和８００ラウンドＣ２選抜馬,800,ダ,左,重,曇,12,5,6,グレイスディーヴァ,牝,5,54.0,493,-2,小杉亮,渋谷博,,9,0:49.4,36.6,9-10,9,493,-2
2023/03/24,浦和,4,浦和８００ラウンドＣ２選抜馬,800,ダ,左,重,曇,12,6,7,ネオアンコーラ,牡,4,56.0,487,-4,赤津和,山越光,,10,0:49.5,36.7,9-11,11,487,-4
2023/03/24,浦和,4,浦和８００ラウンドＣ２選抜馬,800,ダ,左,重,曇,12,6,8,ヴェールレガロ,牡,8,55.0,521,6,古岡勇,小澤宏,,11,0:49.5,37.1,6-7,3,521,6
2023/03/24,浦和,4,浦和８００ラウンドＣ２選抜馬,800,ダ,左,重,曇,12,5,5,ユウユウピクニック,牝,4,54.0,404,-7,高橋哲,川村守,,12,0:51.1,38.3,12-12,12,404,-7
2023/03/24,浦和,5,３歳七,1400,ダ,左,不良,雨,12,7,10,リュウノファントム,牡,3,56.0,466,11,高橋哲,野口孝,,1,1:31.6,39.3,2-2-1-1,2,466,11
2023/03/24,浦和,5,３歳七,1400,ダ,左,不良,雨,12,8,11,シャインルージュ,牝,3,54.0,492,6,岡田大,吉田正,,2,1:31.7,39.4,3-3-3-3,1,492,6
2023/03/24,浦和,5,３歳七,1400,ダ,左,不良,雨,12,7,9,メーネフロタント,牝,3,54.0,481,6,秋元耕,小林真,,3,1:32.3,40.0,1-1-1-2,6,481,6
2023/03/24,浦和,5,３歳七,1400,ダ,左,不良,雨,12,6,8,パウパトロール,牝,3,54.0,487,-3,山中悠,伊藤滋,,4,1:32.3,39.2,5-5-4-4,7,487,-3
2023/03/24,浦和,5,３歳七,1400,ダ,左,不良,雨,12,5,6,シェナカレン,牡,3,56.0,442,2,赤津和,山越光,,5,1:32.9,39.6,6-6-7-7,12,442,2
2023/03/24,浦和,5,３歳七,1400,ダ,左,不良,雨,12,4,4,シェナリオン,牡,3,52.0,441,7,中島良,冨田敏,,6,1:32.9,39.4,8-7-6-5,10,441,7
2023/03/24,浦和,5,３歳七,1400,ダ,左,不良,雨,12,1,1,モエヨジャンヌ,牝,3,54.0,402,-3,内田利,箕輪武,,7,1:33.3,39.4,9-9-11-7,5,402,-3
2023/03/24,浦和,5,３歳七,1400,ダ,左,不良,雨,12,2,2,スピードスター,牝,3,54.0,466,1,橋本直,平山真,,8,1:33.5,39.5,12-12-12-10,3,466,1
2023/03/24,浦和,5,３歳七,1400,ダ,左,不良,雨,12,3,3,ナムラフレディー,牡,3,55.0,447,1,七夕裕,箕輪武,,9,1:33.5,39.8,11-10-9-9,4,447,1
2023/03/24,浦和,5,３歳七,1400,ダ,左,不良,雨,12,5,5,キタカラキタダイヤ,牝,3,54.0,439,5,岡村健,酒井一,,10,1:33.8,40.9,4-4-5-6,8,439,5
2023/03/24,浦和,5,３歳七,1400,ダ,左,不良,雨,12,8,12,インベンション,牝,3,54.0,439,-8,町田直,長谷忍,,11,1:34.5,41.0,7-8-8-11,9,439,-8
2023/03/24,浦和,5,３歳七,1400,ダ,左,不良,雨,12,6,7,アバランチベルン,牝,3,51.0,406,-2,室陽一,吉田正,,12,1:35.0,41.3,10-10-10-12,11,406,-2
2023/03/24,浦和,6,Ｃ２十 十一 十二,1400,ダ,左,不良,雨,12,5,6,ブルベアマイル,牡,6,55.0,455,-3,七夕裕,岡田一,,1,1:29.6,38.6,1-1-1-1,3,455,-3
2023/03/24,浦和,6,Ｃ２十 十一 十二,1400,ダ,左,不良,雨,12,1,1,アイリーライフ,牝,5,54.0,475,3,笹川翼,新井清,,2,1:30.1,38.6,3-4-4-3,2,475,3
2023/03/24,浦和,6,Ｃ２十 十一 十二,1400,ダ,左,不良,雨,12,7,10,アンパラレルド,牝,5,54.0,500,0,森泰斗,加藤誠,,3,1:30.3,39.1,2-2-2-2,1,500,0
2023/03/24,浦和,6,Ｃ２十 十一 十二,1400,ダ,左,不良,雨,12,4,4,ミトノベルーガー,牡,6,55.0,439,3,池谷匠,田邊陽,,4,1:30.7,38.9,8-8-6-6,8,439,3
2023/03/24,浦和,6,Ｃ２十 十一 十二,1400,ダ,左,不良,雨,12,7,9,ブッカープライズ,牡,5,52.0,453,3,小林捺,川島一,,5,1:30.9,39.4,6-5-5-5,4,453,3
2023/03/24,浦和,6,Ｃ２十 十一 十二,1400,ダ,左,不良,雨,12,6,8,ダイエービルベリー,牝,5,54.0,477,6,櫻井光,酒井一,,6,1:31.1,39.7,5-3-3-4,6,477,6
2023/03/24,浦和,6,Ｃ２十 十一 十二,1400,ダ,左,不良,雨,12,6,7,メディアジャッカル,牝,5,51.0,447,-1,室陽一,内野健,,7,1:31.5,39.8,4-6-7-7,7,447,-1
2023/03/24,浦和,6,Ｃ２十 十一 十二,1400,ダ,左,不良,雨,12,2,2,アトラクティッド,牝,4,54.0,425,-1,半澤慶,工藤伸,,8,1:31.7,39.5,10-10-10-9,9,425,-1
2023/03/24,浦和,6,Ｃ２十 十一 十二,1400,ダ,左,不良,雨,12,5,5,マイネルジェンマ,牡,7,56.0,508,17,見越彬,内野健,,9,1:31.8,39.4,11-12-10-10,5,508,17
2023/03/24,浦和,6,Ｃ２十 十一 十二,1400,ダ,左,不良,雨,12,8,11,ニシノカムイ,牡,5,56.0,472,3,内田利,宮下靖,,10,1:31.9,39.7,12-11-8-8,11,472,3
2023/03/24,浦和,6,Ｃ２十 十一 十二,1400,ダ,左,不良,雨,12,8,12,サンクフルレッド,牝,5,54.0,458,1,今野忠,安池成,,11,1:32.1,39.9,9-9-12-12,10,458,1
2023/03/24,浦和,6,Ｃ２十 十一 十二,1400,ダ,左,不良,雨,12,3,3,メガミリオン,牡,5,52.0,454,2,中島良,田島寿,,12,1:32.6,40.6,7-7-9-11,12,454,2
2023/03/24,浦和,7,Ｃ２十 十一 十二,1500,ダ,左,不良,雨,12,3,3,キングフリオーソ,牡,5,56.0,502,-1,町田直,佐々功,,1,1:37.9,40.8,2-2-2-1,1,502,-1
2023/03/24,浦和,7,Ｃ２十 十一 十二,1500,ダ,左,不良,雨,12,5,6,トミケンミステリオ,牡,7,56.0,465,1,西啓太,伊藤滋,,2,1:38.3,40.8,6-5-5-3,7,465,1
2023/03/24,浦和,7,Ｃ２十 十一 十二,1500,ダ,左,不良,雨,12,7,9,サーブルルミエール,牡,6,56.0,459,3,山崎誠,山崎尋,,3,1:38.4,40.9,10-10-3-2,9,459,3
2023/03/24,浦和,7,Ｃ２十 十一 十二,1500,ダ,左,不良,雨,12,6,7,カミヤガルーラ,牡,5,56.0,467,2,橋本直,内野健,,4,1:38.8,41.2,9-7-9-5,10,467,2
2023/03/24,浦和,7,Ｃ２十 十一 十二,1500,ダ,左,不良,雨,12,5,5,アルディートシチー,セ,0,56.0,500,-3,山口達,林正人,,5,1:39.3,41.8,11-11-6-8,5,500,-3
2023/03/24,浦和,7,Ｃ２十 十一 十二,1500,ダ,左,不良,雨,12,6,8,レッドチェイサー,セ,0,56.0,482,-1,笹川翼,坂本昇,,6,1:39.3,42.0,3-3-4-6,2,482,-1
2023/03/24,浦和,7,Ｃ２十 十一 十二,1500,ダ,左,不良,雨,12,7,10,ノーブルテラ,牝,7,53.0,516,7,野畑凌,田邊陽,,7,1:39.3,41.7,7-7-8-6,4,516,7
2023/03/24,浦和,7,Ｃ２十 十一 十二,1500,ダ,左,不良,雨,12,1,1,レインボーカラー,牝,5,54.0,513,-4,内田利,藤原智,,8,1:39.7,42.6,1-1-1-4,11,513,-4
2023/03/24,浦和,7,Ｃ２十 十一 十二,1500,ダ,左,不良,雨,12,4,4,ザサンアップライト,牡,6,56.0,439,-6,達城龍,野口孝,,9,1:40.1,42.5,8-7-11-10,8,439,-6
2023/03/24,浦和,7,Ｃ２十 十一 十二,1500,ダ,左,不良,雨,12,2,2,モリデンテキーラ,牝,8,54.0,468,3,岡田大,山越光,,10,1:40.2,42.7,5-4-7-9,3,468,3
2023/03/24,浦和,7,Ｃ２十 十一 十二,1500,ダ,左,不良,雨,12,8,11,ジャストメイビー,牝,5,54.0,518,5,和田譲,宇野博,,11,1:41.4,43.9,4-6-10-11,6,518,5
2023/03/24,浦和,7,Ｃ２十 十一 十二,1500,ダ,左,不良,雨,12,8,12,シークレットギア,牡,5,56.0,482,-4,加藤和,薮口一,,,,,,,482,-4
2023/03/24,浦和,8,幸手権現堂桜堤賞Ｃ２十 十一 十二,1500,ダ,左,不良,曇,12,6,8,ホクセツ,セ,0,56.0,545,4,秋元耕,箕輪武,,1,1:36.4,40.0,1-1-1-1,1,545,4
2023/03/24,浦和,8,幸手権現堂桜堤賞Ｃ２十 十一 十二,1500,ダ,左,不良,曇,12,7,10,オルオル,牝,7,54.0,452,7,笹川翼,新井清,,2,1:36.8,39.6,3-3-2-2,2,452,7
2023/03/24,浦和,8,幸手権現堂桜堤賞Ｃ２十 十一 十二,1500,ダ,左,不良,曇,12,5,6,ワタシノワルツ,牝,7,54.0,524,-9,町田直,池田孝,,3,1:38.3,39.1,9-8-6-5,4,524,-9
2023/03/24,浦和,8,幸手権現堂桜堤賞Ｃ２十 十一 十二,1500,ダ,左,不良,曇,12,5,5,ブルーインサニティ,セ,0,56.0,517,-1,和田譲,工藤伸,,4,1:38.5,39.1,8-6-7-6,3,517,-1
2023/03/24,浦和,8,幸手権現堂桜堤賞Ｃ２十 十一 十二,1500,ダ,左,不良,曇,12,4,4,ベニノマドンナ,牝,6,53.0,462,16,野畑凌,田邊陽,,5,1:38.6,41.8,2-2-3-3,7,462,16
2023/03/24,浦和,8,幸手権現堂桜堤賞Ｃ２十 十一 十二,1500,ダ,左,不良,曇,12,8,11,タマモトレゾール,牡,4,56.0,520,4,見越彬,川島豊,,6,1:38.8,40.0,4-4-4-4,6,520,4
2023/03/24,浦和,8,幸手権現堂桜堤賞Ｃ２十 十一 十二,1500,ダ,左,不良,曇,12,2,2,ビュヴォン,牡,5,56.0,525,6,藤江渉,長谷忍,,7,1:39.7,39.9,11-11-8-9,8,525,6
2023/03/24,浦和,8,幸手権現堂桜堤賞Ｃ２十 十一 十二,1500,ダ,左,不良,曇,12,7,9,テットアヴァンセ,牡,4,52.0,451,-8,小林捺,小林真,,8,1:39.7,39.8,10-10-9-8,10,451,-8
2023/03/24,浦和,8,幸手権現堂桜堤賞Ｃ２十 十一 十二,1500,ダ,左,不良,曇,12,1,1,パンケーキ,牝,4,51.0,449,5,室陽一,平山真,,9,1:40.0,39.9,6-9-10-10,5,449,5
2023/03/24,浦和,8,幸手権現堂桜堤賞Ｃ２十 十一 十二,1500,ダ,左,不良,曇,12,8,12,イデアグリーン,牝,4,54.0,427,1,赤津和,岡田一,,10,1:40.4,41.4,7-5-5-7,11,427,1
2023/03/24,浦和,8,幸手権現堂桜堤賞Ｃ２十 十一 十二,1500,ダ,左,不良,曇,12,3,3,マヘアラニ,牝,4,54.0,450,0,岡村健,酒井一,,11,1:40.7,40.6,5-7-11-11,9,450,0
2023/03/24,浦和,8,幸手権現堂桜堤賞Ｃ２十 十一 十二,1500,ダ,左,不良,曇,12,6,7,ワンダーヘーヒスト,牡,9,56.0,0,0,橋本直,鈴木勝,,,,,,,0,0
2023/03/24,浦和,9,浦和ジョッキーズラウンドＣ３選抜馬,1400,ダ,左,不良,曇,12,4,4,トロワフィーユ,牝,6,54.5,454,-11,岡田大,野口寛,,1,1:30.6,39.2,2-2-2-1,3,454,-11
2023/03/24,浦和,9,浦和ジョッキーズラウンドＣ３選抜馬,1400,ダ,左,不良,曇,12,2,2,エスコーバタハト,牡,7,56.0,516,3,内田利,内野健,,2,1:30.6,39.0,6-5-4-3,1,516,3
2023/03/24,浦和,9,浦和ジョッキーズラウンドＣ３選抜馬,1400,ダ,左,不良,曇,12,3,3,ユウユウグリュック,牝,6,51.5,422,8,室陽一,横山保,,3,1:31.3,39.9,1-1-1-1,6,422,8
2023/03/24,浦和,9,浦和ジョッキーズラウンドＣ３選抜馬,1400,ダ,左,不良,曇,12,7,9,マジックゲール,牡,4,56.5,480,1,橋本直,水野貴,,4,1:31.6,40.1,4-4-3-4,2,480,1
2023/03/24,浦和,9,浦和ジョッキーズラウンドＣ３選抜馬,1400,ダ,左,不良,曇,12,6,7,セイウングラッパ,牡,8,56.5,461,10,見越彬,吉田正,,5,1:31.7,38.8,12-12-9-7,10,461,10
2023/03/24,浦和,9,浦和ジョッキーズラウンドＣ３選抜馬,1400,ダ,左,不良,曇,12,6,8,エスケイローレンス,牝,4,53.5,433,-9,七夕裕,冨田敏,,6,1:31.8,40.3,3-3-5-8,7,433,-9
2023/03/24,浦和,9,浦和ジョッキーズラウンドＣ３選抜馬,1400,ダ,左,不良,曇,12,8,12,トリテレイア,牝,7,54.0,418,6,赤津和,箕輪武,,7,1:31.8,39.4,7-9-9-11,4,418,6
2023/03/24,浦和,9,浦和ジョッキーズラウンドＣ３選抜馬,1400,ダ,左,不良,曇,12,1,1,セキレイオペラ,牡,4,56.5,476,-1,加藤和,山越光,,8,1:32.2,40.2,9-8-7-5,11,476,-1
2023/03/24,浦和,9,浦和ジョッキーズラウンドＣ３選抜馬,1400,ダ,左,不良,曇,12,7,10,ナツィオナーレ,牝,8,50.0,448,-1,中島良,野口孝,,9,1:32.5,39.8,11-11-12-12,9,448,-1
2023/03/24,浦和,9,浦和ジョッキーズラウンドＣ３選抜馬,1400,ダ,左,不良,曇,12,5,5,ハイエストプレイズ,牝,6,54.0,517,4,半澤慶,酒井一,,10,1:32.8,41.0,8-6-6-6,12,517,4
2023/03/24,浦和,9,浦和ジョッキーズラウンドＣ３選抜馬,1400,ダ,左,不良,曇,12,5,6,ワンダーニメンソウ,牝,5,54.5,486,7,秋元耕,鈴木勝,,11,1:32.8,40.1,10-10-11-10,5,486,7
2023/03/24,浦和,9,浦和ジョッキーズラウンドＣ３選抜馬,1400,ダ,左,不良,曇,12,8,11,サンライズテソロ,牡,5,56.5,469,5,高橋哲,川島豊,,12,1:32.9,41.1,5-7-7-9,8,469,5
2023/03/24,浦和,10,染色月特別Ｃ２Ｃ３選抜馬,2000,ダ,左,不良,曇,12,5,5,トレンチタウン,牡,5,57.0,464,-5,赤津和,工藤伸,,1,2:12.1,38.9,5-4-3-2,8,464,-5
2023/03/24,浦和,10,染色月特別Ｃ２Ｃ３選抜馬,2000,ダ,左,不良,曇,12,7,10,リングボーイ,セ,0,57.0,434,-1,森泰斗,水野貴,,2,2:12.3,39.3,2-2-1-1,1,434,-1
2023/03/24,浦和,10,染色月特別Ｃ２Ｃ３選抜馬,2000,ダ,左,不良,曇,12,6,7,ソウヤミサキ,牝,5,55.0,455,-12,橋本直,岡田一,,3,2:13.0,39.7,7-7-2-3,6,455,-12
2023/03/24,浦和,10,染色月特別Ｃ２Ｃ３選抜馬,2000,ダ,左,不良,曇,12,5,6,サンライズヴェリテ,牡,5,57.0,445,-5,藤江渉,工藤伸,,4,2:13.8,40.5,6-6-5-5,3,445,-5
2023/03/24,浦和,10,染色月特別Ｃ２Ｃ３選抜馬,2000,ダ,左,不良,曇,12,7,9,アルマス,牡,6,55.0,402,-9,篠谷葵,古澤悟,,5,2:14.4,40.1,11-10-9-9,10,402,-9
2023/03/24,浦和,10,染色月特別Ｃ２Ｃ３選抜馬,2000,ダ,左,不良,曇,12,6,8,ムーランブラン,牝,7,55.0,468,1,笹川翼,藤原智,,6,2:14.4,41.4,1-1-4-4,5,468,1
2023/03/24,浦和,10,染色月特別Ｃ２Ｃ３選抜馬,2000,ダ,左,不良,曇,12,8,12,ピノモラーン,牡,5,56.0,480,4,新原周,野口孝,,7,2:14.7,40.6,10-9-8-7,4,480,4
2023/03/24,浦和,10,染色月特別Ｃ２Ｃ３選抜馬,2000,ダ,左,不良,曇,12,8,11,アイスバーグアリー,牝,7,53.0,445,3,岡村健,平山真,,8,2:14.9,41.7,3-3-5-6,7,445,3
2023/03/24,浦和,10,染色月特別Ｃ２Ｃ３選抜馬,2000,ダ,左,不良,曇,12,3,3,チャリタブルソート,牡,4,57.0,536,-8,山崎誠,野口孝,,9,2:15.4,41.9,4-5-7-8,2,536,-8
2023/03/24,浦和,10,染色月特別Ｃ２Ｃ３選抜馬,2000,ダ,左,不良,曇,12,1,1,カジュアルスパート,牡,4,57.0,482,1,達城龍,野口寛,,10,2:15.8,41.8,9-8-9-10,9,482,1
2023/03/24,浦和,10,染色月特別Ｃ２Ｃ３選抜馬,2000,ダ,左,不良,曇,12,2,2,ビオロンスコッツ,牡,6,56.0,469,-1,七夕裕,酒井一,,11,2:20.2,44.9,8-11-12-12,11,469,-1
2023/03/24,浦和,10,染色月特別Ｃ２Ｃ３選抜馬,2000,ダ,左,不良,曇,12,4,4,ウルテ,牡,4,57.0,486,-5,秋元耕,小林真,,12,2:20.3,45.0,12-12-11-11,12,486,-5
2023/03/24,浦和,11,ブラッドストーン特別Ｃ１一,1500,ダ,左,不良,曇,11,2,2,カード,牝,5,54.0,471,11,森泰斗,小久智,,1,1:35.3,38.6,1-1-1-1,2,471,11
2023/03/24,浦和,11,ブラッドストーン特別Ｃ１一,1500,ダ,左,不良,曇,11,1,1,ピエナビーチ,セ,0,56.0,462,-4,笹川翼,林隆之,,2,1:36.2,39.2,2-2-2-2,1,462,-4
2023/03/24,浦和,11,ブラッドストーン特別Ｃ１一,1500,ダ,左,不良,曇,11,7,9,オウケンアマゾネス,牝,6,54.0,451,-2,町田直,工藤伸,,3,1:36.2,38.9,6-6-4-3,3,451,-2
2023/03/24,浦和,11,ブラッドストーン特別Ｃ１一,1500,ダ,左,不良,曇,11,6,7,リュウノアン,牝,4,54.0,453,-5,見越彬,川村守,,4,1:36.8,38.9,10-10-8-6,8,453,-5
2023/03/24,浦和,11,ブラッドストーン特別Ｃ１一,1500,ダ,左,不良,曇,11,8,11,モズハッピーロード,牡,5,56.0,497,-4,半澤慶,平山真,,5,1:36.9,39.5,8-7-5-5,6,497,-4
2023/03/24,浦和,11,ブラッドストーン特別Ｃ１一,1500,ダ,左,不良,曇,11,7,8,ワンダークラドート,牡,6,56.0,480,0,橋本直,鈴木勝,,6,1:37.1,40.1,4-4-3-4,4,480,0
2023/03/24,浦和,11,ブラッドストーン特別Ｃ１一,1500,ダ,左,不良,曇,11,5,5,キョウエイシャイン,牝,4,54.0,456,-10,秋元耕,小澤宏,,7,1:37.3,38.6,11-11-11-8,10,456,-10
2023/03/24,浦和,11,ブラッドストーン特別Ｃ１一,1500,ダ,左,不良,曇,11,3,3,セシボン,牝,4,53.0,393,0,新原周,川島豊,,8,1:38.1,39.9,9-9-10-10,11,393,0
2023/03/24,浦和,11,ブラッドストーン特別Ｃ１一,1500,ダ,左,不良,曇,11,6,6,ウインプロスト,牡,5,56.0,489,1,和田譲,河津裕,,9,1:38.2,40.7,5-5-7-7,5,489,1
2023/03/24,浦和,11,ブラッドストーン特別Ｃ１一,1500,ダ,左,不良,曇,11,4,4,カラドゥラ,牝,8,50.0,486,2,小林捺,内田勝,,10,1:38.4,41.2,3-3-6-9,7,486,2
2023/03/24,浦和,11,ブラッドストーン特別Ｃ１一,1500,ダ,左,不良,曇,11,8,10,ロッソアモーレ,牝,6,53.0,478,5,七夕裕,冨田敏,,11,1:39.3,41.4,7-8-9-11,9,478,5
2023/03/24,浦和,12,春の風特別Ｂ３三,1400,ダ,左,不良,曇,9,7,7,ツーシャドー,牝,4,54.0,484,-8,森泰斗,小澤宏,,1,1:27.2,37.5,1-1-1-1,1,484,-8
2023/03/24,浦和,12,春の風特別Ｂ３三,1400,ダ,左,不良,曇,9,3,3,ブラックアピス,牡,5,56.0,499,8,笹川翼,水野貴,,2,1:28.2,38.4,2-2-2-2,2,499,8
2023/03/24,浦和,12,春の風特別Ｂ３三,1400,ダ,左,不良,曇,9,1,1,ティーファイブ,牡,4,56.0,467,7,張田昂,小久智,,3,1:28.4,38.2,4-4-3-3,3,467,7
2023/03/24,浦和,12,春の風特別Ｂ３三,1400,ダ,左,不良,曇,9,6,6,エスケントバゴ,牡,4,56.0,458,2,半澤慶,平山真,,4,1:29.5,39.5,3-3-4-4,6,458,2
2023/03/24,浦和,12,春の風特別Ｂ３三,1400,ダ,左,不良,曇,9,8,8,アンダンテバイオ,牝,8,54.0,446,5,岡村健,岡林光,,5,1:30.0,39.2,5-6-6-5,4,446,5
2023/03/24,浦和,12,春の風特別Ｂ３三,1400,ダ,左,不良,曇,9,2,2,ガクチカキッズ,牡,9,56.0,478,0,山口達,玉井勝,,6,1:30.1,38.8,9-9-8-6,7,478,0
2023/03/24,浦和,12,春の風特別Ｂ３三,1400,ダ,左,不良,曇,9,8,9,ロンリーウェイ,牡,7,56.0,489,-2,秋元耕,小澤宏,,7,1:31.1,40.4,6-5-5-7,8,489,-2
2023/03/24,浦和,12,春の風特別Ｂ３三,1400,ダ,左,不良,曇,9,4,4,ナムラタイガー,牡,6,56.0,553,1,加藤和,箕輪武,,8,1:31.1,39.6,7-8-9-9,9,553,1
2023/03/24,浦和,12,春の風特別Ｂ３三,1400,ダ,左,不良,曇,9,5,5,グラスピレ,牝,5,54.0,479,-3,町田直,内田勝,,9,1:31.8,40.9,7-7-7-8,5,479,-3
2023/04/24,浦和,1,ドリームチャレンジ２歳新馬,800,ダ,左,良,曇,5,1,1,ライゾマティクス,牡,2,54.0,0,0,森泰斗,小久智,,1,0:48.8,36.6,1-1,1,0,0
2023/04/24,浦和,1,ドリームチャレンジ２歳新馬,800,ダ,左,良,曇,5,2,2,ユウユウプルニーマ,牝,2,54.0,0,0,秋元耕,横山保,,2,0:50.4,37.1,4-3,2,0,0
2023/04/24,浦和,1,ドリームチャレンジ２歳新馬,800,ダ,左,良,曇,5,4,4,ユウユウプレスト,牝,2,54.0,0,0,橋本直,入口由,,3,0:50.9,38.2,2-2,3,0,0
2023/04/24,浦和,1,ドリームチャレンジ２歳新馬,800,ダ,左,良,曇,5,3,3,ダイバキャンデー,牝,2,54.0,0,0,赤津和,箕輪武,,4,0:52.5,39.8,2-4,4,0,0
2023/04/24,浦和,1,ドリームチャレンジ２歳新馬,800,ダ,左,良,曇,5,5,5,ジョーソーレ,牝,2,54.0,0,0,高橋哲,小久智,,,,,,,0,0
2023/04/24,浦和,2,ランチタイムチャレンジ３歳二,1400,ダ,左,良,曇,12,3,3,ケンキートス,牡,3,56.0,512,7,笹川翼,繁田健,,1,1:29.4,37.6,2-2-2-1,1,512,7
2023/04/24,浦和,2,ランチタイムチャレンジ３歳二,1400,ダ,左,良,曇,12,2,2,アウストロ,牡,3,56.0,507,12,張田昂,小澤宏,,2,1:29.9,38.1,1-1-1-2,2,507,12
2023/04/24,浦和,2,ランチタイムチャレンジ３歳二,1400,ダ,左,良,曇,12,5,5,イスデボニュウタ,牡,3,56.0,460,6,森泰斗,小久智,,3,1:31.2,38.9,4-4-4-3,5,460,6
2023/04/24,浦和,2,ランチタイムチャレンジ３歳二,1400,ダ,左,良,曇,12,6,7,マリノペガサス,牝,3,53.0,448,-4,新原周,佐々仁,,4,1:31.3,38.5,6-6-5-4,3,448,-4
2023/04/24,浦和,2,ランチタイムチャレンジ３歳二,1400,ダ,左,良,曇,12,7,9,アウトサイドベット,セ,0,56.0,537,-2,山崎誠,山崎尋,,5,1:31.7,38.7,8-7-6-6,6,537,-2
2023/04/24,浦和,2,ランチタイムチャレンジ３歳二,1400,ダ,左,良,曇,12,4,4,クリスタルミリオン,牝,3,54.0,414,0,赤津和,箕輪武,,6,1:31.8,37.7,10-11-10-7,4,414,0
2023/04/24,浦和,2,ランチタイムチャレンジ３歳二,1400,ダ,左,良,曇,12,8,12,メガバズーカランチ,牝,3,54.0,447,2,櫻井光,河津裕,,7,1:32.5,40.4,3-3-3-5,7,447,2
2023/04/24,浦和,2,ランチタイムチャレンジ３歳二,1400,ダ,左,良,曇,12,7,10,アークウォリアー,牝,3,53.0,486,-3,野畑凌,平田正,,8,1:32.6,39.4,5-5-7-8,12,486,-3
2023/04/24,浦和,2,ランチタイムチャレンジ３歳二,1400,ダ,左,良,曇,12,1,1,カルツェッタ,牝,3,54.0,460,-9,和田譲,佐藤博,,9,1:32.6,38.9,9-9-9-9,9,460,-9
2023/04/24,浦和,2,ランチタイムチャレンジ３歳二,1400,ダ,左,良,曇,12,8,11,セザンブライト,牡,3,56.0,445,-6,濱田達,渋谷博,,10,1:32.6,38.7,11-10-11-10,11,445,-6
2023/04/24,浦和,2,ランチタイムチャレンジ３歳二,1400,ダ,左,良,曇,12,6,8,ホヌ,セ,0,56.0,474,-2,増田充,高月賢,,11,1:33.2,39.8,7-8-8-11,8,474,-2
2023/04/24,浦和,2,ランチタイムチャレンジ３歳二,1400,ダ,左,良,曇,12,5,6,ジーガーアイアン,牝,3,54.0,403,-1,本橋孝,石井勝,,12,1:33.4,38.9,12-12-12-12,10,403,-1
2023/04/24,浦和,3,Ｃ３十一 十二,1400,ダ,左,良,曇,12,3,3,ユメツクシ,牝,7,54.0,480,1,加藤和,長谷忍,,1,1:32.6,39.4,11-11-7-1,2,480,1
2023/04/24,浦和,3,Ｃ３十一 十二,1400,ダ,左,良,曇,12,7,10,トキノカサドール,牡,8,56.0,454,-1,岡田大,横山保,,2,1:33.1,40.6,3-3-2-2,3,454,-1
2023/04/24,浦和,3,Ｃ３十一 十二,1400,ダ,左,良,曇,12,1,1,アールレアル,セ,0,56.0,449,-8,澤田龍,川村守,,3,1:33.4,40.3,6-6-6-5,8,449,-8
2023/04/24,浦和,3,Ｃ３十一 十二,1400,ダ,左,良,曇,12,8,12,スパークルガール,牝,7,52.0,429,5,室陽一,長谷忍,,4,1:33.4,40.4,5-5-4-3,7,429,5
2023/04/24,浦和,3,Ｃ３十一 十二,1400,ダ,左,良,曇,12,7,9,コンディトラム,牡,6,56.0,502,1,橋本直,川村守,,5,1:33.7,41.2,2-2-1-4,1,502,1
2023/04/24,浦和,3,Ｃ３十一 十二,1400,ダ,左,良,曇,12,5,5,サノチナ,牝,6,54.0,424,0,秋元耕,川島豊,,6,1:34.0,41.0,4-4-8-7,6,424,0
2023/04/24,浦和,3,Ｃ３十一 十二,1400,ダ,左,良,曇,12,4,4,ニシノサトル,牡,7,56.0,495,5,内田利,吉田正,,7,1:34.3,40.9,9-7-9-8,9,495,5
2023/04/24,浦和,3,Ｃ３十一 十二,1400,ダ,左,良,曇,12,6,8,ネオエンジェル,牝,7,54.0,446,1,國分祐,冨田敏,,8,1:34.5,40.3,12-12-12-9,11,446,1
2023/04/24,浦和,3,Ｃ３十一 十二,1400,ダ,左,良,曇,12,8,11,ブライトソール,牡,4,53.0,430,-1,木間龍,薮口一,,9,1:34.7,41.3,10-10-5-6,10,430,-1
2023/04/24,浦和,3,Ｃ３十一 十二,1400,ダ,左,良,曇,12,5,6,ツーエムポラリス,牡,8,56.0,476,3,半澤慶,鹿沼和,,10,1:35.4,41.6,7-8-11-11,12,476,3
2023/04/24,浦和,3,Ｃ３十一 十二,1400,ダ,左,良,曇,12,6,7,ユウユウリアン,牡,7,55.0,427,-4,七夕裕,横山保,,11,1:35.6,42.0,8-9-10-12,4,427,-4
2023/04/24,浦和,3,Ｃ３十一 十二,1400,ダ,左,良,曇,12,2,2,ヤマトフェニックス,牝,7,54.0,453,-12,藤江渉,山田質,,12,1:36.9,44.4,1-1-3-10,5,453,-12
2023/04/24,浦和,4,Ｃ２三 四,1400,ダ,左,良,曇,12,4,4,ビタースマイル,牝,4,54.0,451,-2,森泰斗,水野貴,,1,1:30.5,40.0,7-7-6-4,1,451,-2
2023/04/24,浦和,4,Ｃ２三 四,1400,ダ,左,良,曇,12,6,8,マーメイドソング,牝,5,51.0,471,3,木間龍,武井和,,2,1:30.8,40.1,9-9-5-2,6,471,3
2023/04/24,浦和,4,Ｃ２三 四,1400,ダ,左,良,曇,12,5,6,ソーサレス,牝,4,54.0,490,-2,矢野貴,小澤宏,,3,1:31.0,40.9,4-4-4-5,5,490,-2
2023/04/24,浦和,4,Ｃ２三 四,1400,ダ,左,良,曇,12,3,3,スイフトマリー,牝,4,54.0,381,4,岡村健,酒井一,,4,1:31.1,39.2,12-11-11-9,9,381,4
2023/04/24,浦和,4,Ｃ２三 四,1400,ダ,左,良,曇,12,6,7,パンディーロ,セ,0,56.0,512,0,町田直,内田勝,,5,1:31.3,41.2,6-5-3-1,4,512,0
2023/04/24,浦和,4,Ｃ２三 四,1400,ダ,左,良,曇,12,5,5,ユメミルツキ,牝,4,54.0,480,11,秋元耕,鹿沼和,,6,1:31.5,40.2,10-10-9-8,11,480,11
2023/04/24,浦和,4,Ｃ２三 四,1400,ダ,左,良,曇,12,2,2,キタサンエポナ,牝,4,54.0,443,5,今野忠,繁田健,,7,1:31.5,40.6,8-8-8-7,3,443,5
2023/04/24,浦和,4,Ｃ２三 四,1400,ダ,左,良,曇,12,8,11,レオズソーダライト,牝,7,54.0,460,6,橋本直,平山真,,8,1:32.4,42.9,1-1-2-6,7,460,6
2023/04/24,浦和,4,Ｃ２三 四,1400,ダ,左,良,曇,12,1,1,トモノクリスタル,牝,6,54.0,432,6,和田譲,小久智,,9,1:32.5,43.1,2-1-1-3,2,432,6
2023/04/24,浦和,4,Ｃ２三 四,1400,ダ,左,良,曇,12,8,12,タッシーベリンダ,牝,5,54.0,493,-5,櫻井光,山崎尋,,10,1:33.2,42.1,5-6-10-10,10,493,-5
2023/04/24,浦和,4,Ｃ２三 四,1400,ダ,左,良,曇,12,7,10,ナツハヨル,牝,5,52.0,444,6,室陽一,横山保,,11,1:33.9,43.6,3-3-7-11,8,444,6
2023/04/24,浦和,4,Ｃ２三 四,1400,ダ,左,良,曇,12,7,9,ネーレウス,牡,4,56.0,479,5,高橋哲,酒井一,,,,,11-12,12,479,5
2023/04/24,浦和,5,Ｃ３十一 十二,1500,ダ,左,良,曇,12,6,7,フォガラ,牝,6,53.0,469,-6,菅原涼,小久智,,1,1:39.6,38.0,2-2-1-1,1,469,-6
2023/04/24,浦和,5,Ｃ３十一 十二,1500,ダ,左,良,曇,12,6,8,レターマン,牡,7,56.0,492,7,本橋孝,林隆之,,2,1:39.6,37.8,3-3-3-2,3,492,7
2023/04/24,浦和,5,Ｃ３十一 十二,1500,ダ,左,良,曇,12,7,9,リュクスコンドル,牡,7,56.0,472,-8,張田昂,山崎裕,,3,1:40.6,38.7,5-4-4-4,2,472,-8
2023/04/24,浦和,5,Ｃ３十一 十二,1500,ダ,左,良,曇,12,1,1,ナツィオナーレ,牝,8,54.0,440,-8,和田譲,野口孝,,4,1:40.7,38.3,9-9-7-6,5,440,-8
2023/04/24,浦和,5,Ｃ３十一 十二,1500,ダ,左,良,曇,12,5,5,ニシノマリアージュ,牝,7,54.0,413,2,岡田大,冨田敏,,5,1:40.8,38.8,4-5-6-5,6,413,2
2023/04/24,浦和,5,Ｃ３十一 十二,1500,ダ,左,良,曇,12,2,2,ユメノハジマリ,牝,7,52.0,472,2,室陽一,水野貴,,6,1:41.0,39.5,1-1-1-3,4,472,2
2023/04/24,浦和,5,Ｃ３十一 十二,1500,ダ,左,良,曇,12,3,3,デンコウメジャー,牡,8,55.0,491,9,七夕裕,平山真,,7,1:41.2,38.9,7-7-9-8,8,491,9
2023/04/24,浦和,5,Ｃ３十一 十二,1500,ダ,左,良,曇,12,7,10,アニマフレスカ,牝,6,54.0,463,-2,藤江渉,酒井一,,8,1:41.6,39.7,8-8-4-7,7,463,-2
2023/04/24,浦和,5,Ｃ３十一 十二,1500,ダ,左,良,曇,12,4,4,ジニアズウィッシュ,牝,7,54.0,476,-1,見越彬,小林真,,9,1:41.7,39.6,6-6-8-9,11,476,-1
2023/04/24,浦和,5,Ｃ３十一 十二,1500,ダ,左,良,曇,12,8,12,シェナモエギ,牝,5,54.0,403,-3,岡村裕,山田正,,10,1:41.9,38.9,10-10-10-10,12,403,-3
2023/04/24,浦和,5,Ｃ３十一 十二,1500,ダ,左,良,曇,12,8,11,ラッキーアモン,牡,7,56.0,511,-11,半澤慶,箕輪武,,11,1:42.2,38.2,11-11-12-11,9,511,-11
2023/04/24,浦和,5,Ｃ３十一 十二,1500,ダ,左,良,曇,12,5,6,アッレプランタン,牝,4,51.0,465,-13,木間龍,川村守,,12,1:42.5,38.7,12-12-11-12,10,465,-13
2023/04/24,浦和,6,Ｃ２三 四,1500,ダ,左,良,曇,12,6,7,メラスクリオス,牝,4,54.0,453,1,和田譲,宇野博,,1,1:37.9,40.4,3-3-2-1,6,453,1
2023/04/24,浦和,6,Ｃ２三 四,1500,ダ,左,良,曇,12,5,5,オーロファースト,牝,5,53.0,455,-6,池谷匠,山田質,,2,1:38.5,39.7,10-10-9-6,3,455,-6
2023/04/24,浦和,6,Ｃ２三 四,1500,ダ,左,良,曇,12,3,3,ゴールドバード,牡,9,56.0,490,10,藤江渉,野口孝,,3,1:38.5,38.5,12-12-12-9,9,490,10
2023/04/24,浦和,6,Ｃ２三 四,1500,ダ,左,良,曇,12,2,2,モリトローテローゼ,牝,7,53.0,486,1,野畑凌,水野貴,,4,1:38.6,41.1,1-1-1-2,7,486,1
2023/04/24,浦和,6,Ｃ２三 四,1500,ダ,左,良,曇,12,4,4,ホシプリンセス,牝,5,54.0,509,4,藤本現,酒井一,,5,1:39.1,41.6,1-2-2-3,5,509,4
2023/04/24,浦和,6,Ｃ２三 四,1500,ダ,左,良,曇,12,6,8,モンテッソーリ,牝,4,54.0,422,0,張田昂,小澤宏,,6,1:39.4,41.5,6-5-5-4,1,422,0
2023/04/24,浦和,6,Ｃ２三 四,1500,ダ,左,良,曇,12,5,6,スマイルヌイロア,牝,4,52.0,441,6,室陽一,宇野博,,7,1:39.5,40.1,11-11-11-8,10,441,6
2023/04/24,浦和,6,Ｃ２三 四,1500,ダ,左,良,曇,12,1,1,マイネルユヌスール,牡,4,56.0,482,-4,岡田大,横山保,,8,1:39.7,41.6,9-9-6-5,8,482,-4
2023/04/24,浦和,6,Ｃ２三 四,1500,ダ,左,良,曇,12,7,9,リュウノアーダーン,牝,5,51.0,424,7,木間龍,川村守,,9,1:39.9,41.3,8-8-7-7,11,424,7
2023/04/24,浦和,6,Ｃ２三 四,1500,ダ,左,良,曇,12,8,12,キタノズーナクア,牝,4,54.0,466,2,矢野貴,工藤伸,,10,1:41.1,42.5,7-7-10-11,2,466,2
2023/04/24,浦和,6,Ｃ２三 四,1500,ダ,左,良,曇,12,7,10,エイシンスタートル,牡,4,56.0,473,4,山崎誠,藤原智,,11,1:41.3,43.6,4-4-4-10,12,473,4
2023/04/24,浦和,6,Ｃ２三 四,1500,ダ,左,良,曇,12,8,11,リヴェルサス,牡,5,56.0,455,4,達城龍,水野貴,,12,1:41.6,43.2,5-6-8-12,4,455,4
2023/04/24,浦和,7,若駒特別３歳一,1500,ダ,左,良,曇,11,1,1,ローアヴァンフレア,牡,3,56.0,473,2,笹川翼,繁田健,,1,1:36.5,38.0,4-4-4-4,2,473,2
2023/04/24,浦和,7,若駒特別３歳一,1500,ダ,左,良,曇,11,5,5,ラーテル,セ,0,56.0,460,-5,野畑凌,高月賢,,2,1:36.8,38.6,2-2-3-2,9,460,-5
2023/04/24,浦和,7,若駒特別３歳一,1500,ダ,左,良,曇,11,8,11,ハーモニーロワ,牡,3,57.0,486,-3,町田直,新井清,,3,1:36.9,38.7,3-3-1-1,3,486,-3
2023/04/24,浦和,7,若駒特別３歳一,1500,ダ,左,良,曇,11,3,3,トワキ,牡,3,57.0,450,1,矢野貴,高月賢,,4,1:37.3,38.6,6-5-8-6,5,450,1
2023/04/24,浦和,7,若駒特別３歳一,1500,ダ,左,良,曇,11,6,7,クイーンラブソング,牝,3,54.0,457,-1,山崎誠,田島寿,,5,1:37.4,38.5,9-10-5-5,10,457,-1
2023/04/24,浦和,7,若駒特別３歳一,1500,ダ,左,良,曇,11,7,8,ポッドゲイン,牡,3,56.0,448,-3,森泰斗,武井和,,6,1:37.4,39.0,10-9-2-3,6,448,-3
2023/04/24,浦和,7,若駒特別３歳一,1500,ダ,左,良,曇,11,2,2,マテリアルガール,牝,3,54.0,491,5,本橋孝,小久智,,7,1:37.7,38.8,7-7-9-9,1,491,5
2023/04/24,浦和,7,若駒特別３歳一,1500,ダ,左,良,曇,11,8,10,マインドユアミモザ,牝,3,55.0,453,1,岡村健,河津裕,,8,1:37.8,38.5,11-11-10-7,7,453,1
2023/04/24,浦和,7,若駒特別３歳一,1500,ダ,左,良,曇,11,4,4,スマイルマハロ,牡,3,54.0,499,4,室陽一,宇野博,,9,1:38.7,40.0,5-6-7-8,11,499,4
2023/04/24,浦和,7,若駒特別３歳一,1500,ダ,左,良,曇,11,6,6,マイブー,牡,3,57.0,495,-3,張田昂,張田京,,10,1:39.7,40.6,8-8-11-10,4,495,-3
2023/04/24,浦和,7,若駒特別３歳一,1500,ダ,左,良,曇,11,7,9,アイグレース,牝,3,54.0,447,0,秋元耕,岡田一,,11,1:41.2,43.0,1-1-6-11,8,447,0
2023/04/24,浦和,8,Ｃ１六 七,1400,ダ,左,良,曇,12,4,4,ノブヘンドリックス,牡,5,56.0,476,7,和田譲,小久智,,1,1:29.1,38.7,2-2-1-1,1,476,7
2023/04/24,浦和,8,Ｃ１六 七,1400,ダ,左,良,曇,12,6,7,バトルオサンナ,牝,9,54.0,451,0,半澤慶,入口由,,2,1:30.5,39.1,9-7-8-8,12,451,0
2023/04/24,浦和,8,Ｃ１六 七,1400,ダ,左,良,曇,12,2,2,メイショウポルポ,牡,6,56.0,454,-1,矢野貴,玉井昇,,3,1:30.5,39.1,8-8-7-7,2,454,-1
2023/04/24,浦和,8,Ｃ１六 七,1400,ダ,左,良,曇,12,5,5,ラスティネイル,牝,5,54.0,464,0,秋元耕,入口由,,4,1:30.6,39.4,6-5-5-4,11,464,0
2023/04/24,浦和,8,Ｃ１六 七,1400,ダ,左,良,曇,12,6,8,シナノジャングル,牡,5,55.0,488,9,七夕裕,鹿沼和,,5,1:30.6,39.4,5-6-6-5,10,488,9
2023/04/24,浦和,8,Ｃ１六 七,1400,ダ,左,良,曇,12,5,6,フクノヴァランス,牡,8,52.0,478,0,中島良,川島豊,,6,1:30.6,40.1,3-3-3-3,4,478,0
2023/04/24,浦和,8,Ｃ１六 七,1400,ダ,左,良,曇,12,7,9,ワンダーダイカネン,牡,6,56.0,485,-3,橋本直,鈴木勝,,7,1:30.9,38.9,11-11-10-9,7,485,-3
2023/04/24,浦和,8,Ｃ１六 七,1400,ダ,左,良,曇,12,8,11,アドヴェントイヴ,牝,5,54.0,476,-5,町田直,山崎尋,,8,1:30.9,39.3,10-10-9-10,5,476,-5
2023/04/24,浦和,8,Ｃ１六 七,1400,ダ,左,良,曇,12,1,1,ゴープラチナム,牝,6,54.0,470,28,張田昂,平山真,,9,1:31.1,40.8,1-1-2-2,3,470,28
2023/04/24,浦和,8,Ｃ１六 七,1400,ダ,左,良,曇,12,8,12,ピノタージュ,牝,6,54.0,453,8,見越彬,内野健,,10,1:31.4,40.6,4-4-4-6,9,453,8
2023/04/24,浦和,8,Ｃ１六 七,1400,ダ,左,良,曇,12,7,10,ブルベアヴェルデ,牡,7,56.0,476,6,山崎誠,藤原智,,11,1:32.5,40.7,7-9-11-11,6,476,6
2023/04/24,浦和,8,Ｃ１六 七,1400,ダ,左,良,曇,12,3,3,オワゾードール,牡,8,55.0,494,2,野畑凌,新井清,,12,1:34.0,41.4,12-12-12-12,8,494,2
2023/04/24,浦和,9,５月１日はさいたま市民の日賞Ｃ１六 七,1500,ダ,左,良,曇,12,6,8,ウインプロヴァンス,牡,4,54.0,505,8,室陽一,工藤伸,,1,1:36.7,38.3,3-3-2-1,4,505,8
2023/04/24,浦和,9,５月１日はさいたま市民の日賞Ｃ１六 七,1500,ダ,左,良,曇,12,4,4,メイショウソウゴン,牡,5,56.0,476,-2,町田直,久保勇,,2,1:37.2,38.7,5-4-4-3,5,476,-2
2023/04/24,浦和,9,５月１日はさいたま市民の日賞Ｃ１六 七,1500,ダ,左,良,曇,12,2,2,ノアブラック,セ,0,56.0,433,-2,藤江渉,武井和,,3,1:37.3,38.5,6-7-6-5,2,433,-2
2023/04/24,浦和,9,５月１日はさいたま市民の日賞Ｃ１六 七,1500,ダ,左,良,曇,12,7,9,スリーヴリーグ,牡,7,56.0,540,2,今野忠,野口寛,,4,1:37.4,38.7,8-6-5-4,1,540,2
2023/04/24,浦和,9,５月１日はさいたま市民の日賞Ｃ１六 七,1500,ダ,左,良,曇,12,5,5,ディープステイト,牡,5,56.0,474,4,張田昂,齊藤敏,,5,1:37.5,38.5,10-10-8-5,11,474,4
2023/04/24,浦和,9,５月１日はさいたま市民の日賞Ｃ１六 七,1500,ダ,左,良,曇,12,6,7,ウララカナハル,牝,5,51.0,428,1,木間龍,新井清,,6,1:37.8,39.6,1-1-1-2,10,428,1
2023/04/24,浦和,9,５月１日はさいたま市民の日賞Ｃ１六 七,1500,ダ,左,良,曇,12,3,3,ヤマタケコーチャン,牡,4,56.0,445,-2,高橋哲,水野貴,,7,1:38.4,38.8,12-12-11-10,3,445,-2
2023/04/24,浦和,9,５月１日はさいたま市民の日賞Ｃ１六 七,1500,ダ,左,良,曇,12,8,12,ジャングルタキオン,牡,4,56.0,500,-2,笹川翼,野口孝,,8,1:38.6,40.3,2-2-3-7,7,500,-2
2023/04/24,浦和,9,５月１日はさいたま市民の日賞Ｃ１六 七,1500,ダ,左,良,曇,12,7,10,ミュークレグルス,牡,5,56.0,516,1,増田充,山崎尋,,9,1:38.7,39.6,7-8-9-9,9,516,1
2023/04/24,浦和,9,５月１日はさいたま市民の日賞Ｃ１六 七,1500,ダ,左,良,曇,12,8,11,イサチルレジェーロ,牡,4,56.0,494,3,半澤慶,宇野博,,10,1:38.9,40.1,4-5-7-8,6,494,3
2023/04/24,浦和,9,５月１日はさいたま市民の日賞Ｃ１六 七,1500,ダ,左,良,曇,12,5,6,ログハウス,牝,8,54.0,480,-1,橋本直,平山真,,11,1:38.9,39.6,11-11-10-11,8,480,-1
2023/04/24,浦和,9,５月１日はさいたま市民の日賞Ｃ１六 七,1500,ダ,左,良,曇,12,1,1,ナイフレスト,牝,4,50.0,421,2,中島良,山越光,,12,1:39.9,40.6,9-9-12-12,12,421,2
2023/04/24,浦和,10,春暖特別Ｂ３三,1500,ダ,左,良,曇,12,8,12,スパルタレオニダス,牡,4,56.0,531,5,御神訓,繁田健,,1,1:35.5,38.4,7-6-3-1,2,531,5
2023/04/24,浦和,10,春暖特別Ｂ３三,1500,ダ,左,良,曇,12,4,4,カード,牝,5,54.0,468,-3,森泰斗,小久智,,2,1:35.9,39.8,1-1-1-2,1,468,-3
2023/04/24,浦和,10,春暖特別Ｂ３三,1500,ダ,左,良,曇,12,3,3,シュガーダディ,牡,5,56.0,490,-1,町田直,内田勝,,3,1:36.4,40.1,2-2-2-3,6,490,-1
2023/04/24,浦和,10,春暖特別Ｂ３三,1500,ダ,左,良,曇,12,1,1,エスケントバゴ,牡,4,56.0,459,1,山崎誠,平山真,,4,1:36.5,38.5,8-8-8-8,9,459,1
2023/04/24,浦和,10,春暖特別Ｂ３三,1500,ダ,左,良,曇,12,2,2,シェナホープ,牡,6,56.0,468,4,内田利,吉田正,,5,1:36.5,39.1,6-7-7-5,7,468,4
2023/04/24,浦和,10,春暖特別Ｂ３三,1500,ダ,左,良,曇,12,6,8,フロネシス,牝,4,54.0,455,3,笠野雄,山下之,,6,1:36.7,39.8,4-3-4-4,8,455,3
2023/04/24,浦和,10,春暖特別Ｂ３三,1500,ダ,左,良,曇,12,5,6,アンダンテバイオ,牝,8,54.0,445,-1,岡村健,岡林光,,7,1:37.0,38.7,12-12-9-9,11,445,-1
2023/04/24,浦和,10,春暖特別Ｂ３三,1500,ダ,左,良,曇,12,8,11,キラメキ,牝,5,54.0,491,-6,澤田龍,新井清,,8,1:37.1,40.0,5-4-6-6,5,491,-6
2023/04/24,浦和,10,春暖特別Ｂ３三,1500,ダ,左,良,曇,12,7,10,ブレイジングヒート,牡,4,53.0,435,3,木間龍,川島一,,9,1:37.9,39.5,10-11-11-10,10,435,3
2023/04/24,浦和,10,春暖特別Ｂ３三,1500,ダ,左,良,曇,12,7,9,ブラックアピス,牡,5,56.0,497,-2,矢野貴,水野貴,,10,1:37.9,40.8,3-5-5-7,3,497,-2
2023/04/24,浦和,10,春暖特別Ｂ３三,1500,ダ,左,良,曇,12,5,5,トーセンキッド,牡,4,56.0,470,2,笹川翼,小久智,,11,1:37.9,39.9,9-9-10-11,4,470,2
2023/04/24,浦和,10,春暖特別Ｂ３三,1500,ダ,左,良,曇,12,6,7,ナムラタイガー,牡,6,56.0,554,5,赤津和,箕輪武,,12,1:41.4,42.6,11-10-12-12,12,554,5
2023/04/24,浦和,11,清和月特別Ｂ２一,1400,ダ,左,良,曇,10,5,5,レッドアーチャー,牡,5,55.0,486,-3,野畑凌,高月賢,,1,1:28.5,38.7,2-2-2-1,6,486,-3
2023/04/24,浦和,11,清和月特別Ｂ２一,1400,ダ,左,良,曇,10,3,3,グランギフト,牡,6,56.0,473,-10,今野忠,山崎尋,,2,1:28.6,38.4,6-6-6-5,8,473,-10
2023/04/24,浦和,11,清和月特別Ｂ２一,1400,ダ,左,良,曇,10,2,2,ハクサンホーリー,牝,6,51.0,420,7,木間龍,矢野義,,3,1:28.7,38.7,4-3-4-3,9,420,7
2023/04/24,浦和,11,清和月特別Ｂ２一,1400,ダ,左,良,曇,10,8,10,ジョーマキアート,牝,8,51.0,491,3,木澤奨,小久智,,4,1:28.7,39.1,1-1-1-2,5,491,3
2023/04/24,浦和,11,清和月特別Ｂ２一,1400,ダ,左,良,曇,10,7,7,ランカンカン,セ,0,56.0,517,7,矢野貴,小澤宏,,5,1:28.9,38.7,7-7-5-6,3,517,7
2023/04/24,浦和,11,清和月特別Ｂ２一,1400,ダ,左,良,曇,10,8,9,ミロヴィーナス,牝,6,54.0,476,-4,笹川翼,佐藤太,,6,1:28.9,38.9,3-4-3-4,1,476,-4
2023/04/24,浦和,11,清和月特別Ｂ２一,1400,ダ,左,良,曇,10,1,1,リンクスショウ,牡,5,56.0,488,-2,澤田龍,渡邊貴,,7,1:29.0,38.6,8-8-7-7,2,488,-2
2023/04/24,浦和,11,清和月特別Ｂ２一,1400,ダ,左,良,曇,10,4,4,マロカオブジャガー,牡,5,56.0,502,0,森泰斗,伊藤滋,,8,1:29.3,38.7,9-10-9-8,4,502,0
2023/04/24,浦和,11,清和月特別Ｂ２一,1400,ダ,左,良,曇,10,6,6,ミコノスフレイバー,牡,5,56.0,491,-4,藤本現,稲益貴,,9,1:30.3,39.9,10-9-9-9,10,491,-4
2023/04/24,浦和,11,清和月特別Ｂ２一,1400,ダ,左,良,曇,10,7,8,コウユーモテモテ,牝,6,54.0,516,-1,町田直,宇野博,,10,1:30.9,40.5,5-5-8-10,7,516,-1
2023/04/24,浦和,12,フリージア特別Ｃ２一,1400,ダ,左,良,曇,12,5,6,ダークオブザナイト,牡,7,56.0,512,-1,森泰斗,高月賢,,1,1:30.4,38.8,8-7-6-4,1,512,-1
2023/04/24,浦和,12,フリージア特別Ｃ２一,1400,ダ,左,良,曇,12,6,7,マサハヤアン,牝,6,54.0,454,0,櫻井光,佐藤博,,2,1:30.5,39.9,4-5-3-2,8,454,0
2023/04/24,浦和,12,フリージア特別Ｃ２一,1400,ダ,左,良,曇,12,8,12,ハクサンクラーケン,牡,5,56.0,494,-3,澤田龍,矢野義,,3,1:30.5,40.0,3-3-2-1,2,494,-3
2023/04/24,浦和,12,フリージア特別Ｃ２一,1400,ダ,左,良,曇,12,4,4,クロスオブドリーム,セ,0,56.0,490,-14,笹川翼,水野貴,,4,1:30.6,38.8,10-9-7-5,5,490,-14
2023/04/24,浦和,12,フリージア特別Ｃ２一,1400,ダ,左,良,曇,12,1,1,アークエンジェル,牡,5,54.0,447,-7,室陽一,武井和,,5,1:31.0,38.6,9-10-11-6,6,447,-7
2023/04/24,浦和,12,フリージア特別Ｃ２一,1400,ダ,左,良,曇,12,3,3,サンラグナニゲル,牝,4,54.0,435,10,橋本直,川村守,,6,1:31.8,39.4,12-12-12-9,11,435,10
2023/04/24,浦和,12,フリージア特別Ｃ２一,1400,ダ,左,良,曇,12,2,2,ステラセイコー,牝,4,54.0,451,-2,秋元耕,水野貴,,7,1:31.8,39.8,7-8-10-7,10,451,-2
2023/04/24,浦和,12,フリージア特別Ｃ２一,1400,ダ,左,良,曇,12,8,11,ヴァンクールシチー,牡,4,56.0,426,-3,半澤慶,工藤伸,,8,1:31.8,41.2,6-4-5-3,7,426,-3
2023/04/24,浦和,12,フリージア特別Ｃ２一,1400,ダ,左,良,曇,12,6,8,ボルドーヴェルチュ,牝,6,51.0,449,1,木間龍,武井和,,9,1:32.0,39.8,11-11-9-8,9,449,1
2023/04/24,浦和,12,フリージア特別Ｃ２一,1400,ダ,左,良,曇,12,7,9,スパイツァック,牝,4,54.0,467,6,和田譲,宇野博,,10,1:33.1,41.9,5-6-8-12,3,467,6
2023/04/24,浦和,12,フリージア特別Ｃ２一,1400,ダ,左,良,曇,12,5,5,サマーデライト,牝,4,54.0,429,7,高橋哲,入口由,,11,1:33.7,43.8,1-2-4-10,12,429,7
2023/04/24,浦和,12,フリージア特別Ｃ２一,1400,ダ,左,良,曇,12,7,10,ゴールドセイバー,セ,0,55.0,483,-2,野畑凌,高月賢,,12,1:34.9,45.4,1-1-1-11,4,483,-2
2023/04/25,浦和,1,浦和８００ラウンドＣ３選抜馬イ,800,ダ,左,良,晴,12,7,10,モンスタープリンス,牡,7,56.0,500,0,半澤慶,工藤伸,,1,0:48.4,36.0,1-1,1,500,0
2023/04/25,浦和,1,浦和８００ラウンドＣ３選抜馬イ,800,ダ,左,良,晴,12,5,6,ラヴアンドゲーム,牝,6,54.0,480,-3,高橋哲,酒井一,,2,0:49.8,37.0,2-2,7,480,-3
2023/04/25,浦和,1,浦和８００ラウンドＣ３選抜馬イ,800,ダ,左,良,晴,12,6,7,チェンマイルージュ,牝,7,54.0,488,17,加藤和,鈴木勝,,3,0:50.2,37.0,4-3,3,488,17
2023/04/25,浦和,1,浦和８００ラウンドＣ３選抜馬イ,800,ダ,左,良,晴,12,4,4,ボビン,牝,7,50.0,449,0,中島良,内野健,,4,0:50.5,36.7,6-6,9,449,0
2023/04/25,浦和,1,浦和８００ラウンドＣ３選抜馬イ,800,ダ,左,良,晴,12,1,1,コウエイダイチ,牡,9,54.0,472,-1,室陽一,吉田正,,5,0:50.6,37.1,5-5,10,472,-1
2023/04/25,浦和,1,浦和８００ラウンドＣ３選抜馬イ,800,ダ,左,良,晴,12,6,8,ピノゼン,牝,7,53.0,503,24,新原周,野口孝,,6,0:50.9,37.2,7-7,5,503,24
2023/04/25,浦和,1,浦和８００ラウンドＣ３選抜馬イ,800,ダ,左,良,晴,12,2,2,ヴィクトリアブーケ,牝,5,54.0,396,8,橋本直,薮口一,,7,0:51.1,38.1,3-4,8,396,8
2023/04/25,浦和,1,浦和８００ラウンドＣ３選抜馬イ,800,ダ,左,良,晴,12,3,3,ヒナマル,牝,4,53.0,421,-1,菅原涼,長谷忍,,8,0:51.4,37.4,8-8,12,421,-1
2023/04/25,浦和,1,浦和８００ラウンドＣ３選抜馬イ,800,ダ,左,良,晴,12,8,11,レイリアン,牝,6,54.0,424,1,國分祐,冨田敏,,9,0:51.6,38.1,9-9,11,424,1
2023/04/25,浦和,1,浦和８００ラウンドＣ３選抜馬イ,800,ダ,左,良,晴,12,8,12,ヘデラ,牝,7,54.0,443,2,秋元耕,箕輪武,,10,0:52.3,37.9,11-10,4,443,2
2023/04/25,浦和,1,浦和８００ラウンドＣ３選抜馬イ,800,ダ,左,良,晴,12,5,5,ゴールドボード,牝,4,54.0,510,-5,赤津和,箕輪武,,11,0:52.4,37.5,12-11,6,510,-5
2023/04/25,浦和,1,浦和８００ラウンドＣ３選抜馬イ,800,ダ,左,良,晴,12,7,9,フライトメモリア,牝,5,54.0,527,-2,藤江渉,川村守,,,,,10,2,527,-2
2023/04/25,浦和,2,ランチタイムチャレンジ３歳三 四,1400,ダ,左,良,曇,12,3,3,パクスロマーナ,牝,3,53.0,426,-1,新原周,武井和,,1,1:31.2,39.4,2-1-1-1,6,426,-1
2023/04/25,浦和,2,ランチタイムチャレンジ３歳三 四,1400,ダ,左,良,曇,12,6,7,シンデレラサマー,牝,3,54.0,471,-8,森泰斗,高月賢,,2,1:31.4,39.2,5-4-4-3,1,471,-8
2023/04/25,浦和,2,ランチタイムチャレンジ３歳三 四,1400,ダ,左,良,曇,12,5,5,ロックオンファルコ,牡,3,56.0,476,2,町田直,内田勝,,3,1:31.8,40.0,3-2-2-2,2,476,2
2023/04/25,浦和,2,ランチタイムチャレンジ３歳三 四,1400,ダ,左,良,曇,12,7,9,エアファールング,牡,3,56.0,472,11,岡田大,山越光,,4,1:32.4,39.9,6-6-6-6,7,472,11
2023/04/25,浦和,2,ランチタイムチャレンジ３歳三 四,1400,ダ,左,良,曇,12,8,11,シンドバッド,牡,3,56.0,474,6,和田譲,小久智,,5,1:32.4,40.4,1-3-3-4,3,474,6
2023/04/25,浦和,2,ランチタイムチャレンジ３歳三 四,1400,ダ,左,良,曇,12,7,10,エマーブルクラス,牝,3,54.0,432,-16,加藤和,薮口一,,6,1:32.5,40.0,7-7-5-5,12,432,-16
2023/04/25,浦和,2,ランチタイムチャレンジ３歳三 四,1400,ダ,左,良,曇,12,4,4,クラダイリン,牝,3,54.0,499,9,山崎誠,長谷忍,,7,1:32.6,38.9,11-10-9-7,4,499,9
2023/04/25,浦和,2,ランチタイムチャレンジ３歳三 四,1400,ダ,左,良,曇,12,2,2,マッドアゼリア,牝,3,53.0,430,-2,池谷匠,山田質,,8,1:33.1,38.8,12-12-11-10,8,430,-2
2023/04/25,浦和,2,ランチタイムチャレンジ３歳三 四,1400,ダ,左,良,曇,12,8,12,ハッサクサン,牝,3,54.0,475,3,秋元耕,水野貴,,9,1:33.1,39.7,9-8-8-8,9,475,3
2023/04/25,浦和,2,ランチタイムチャレンジ３歳三 四,1400,ダ,左,良,曇,12,6,8,アークステート,牡,3,54.0,443,-9,室陽一,新井健,,10,1:34.4,41.6,4-5-7-9,10,443,-9
2023/04/25,浦和,2,ランチタイムチャレンジ３歳三 四,1400,ダ,左,良,曇,12,1,1,ウィンターソング,牝,3,54.0,461,-4,見越彬,入口由,,11,1:35.8,42.2,8-8-10-11,11,461,-4
2023/04/25,浦和,2,ランチタイムチャレンジ３歳三 四,1400,ダ,左,良,曇,12,5,6,マキシマムベット,牡,3,55.0,454,-1,野畑凌,佐藤博,,,,,10-11,5,454,-1
2023/04/25,浦和,3,３歳三 四,1400,ダ,左,良,曇,12,8,12,エンジェルリッター,牡,3,56.0,493,-6,町田直,内田勝,,1,1:30.7,38.5,8-6-4-1,1,493,-6
2023/04/25,浦和,3,３歳三 四,1400,ダ,左,良,曇,12,4,4,コスモスミッチー,牝,3,54.0,442,-3,山崎誠,田邊陽,,2,1:32.1,39.6,5-5-5-5,2,442,-3
2023/04/25,浦和,3,３歳三 四,1400,ダ,左,良,曇,12,7,9,アンジュブースター,牝,3,54.0,424,6,森泰斗,小久智,,3,1:32.4,40.7,2-2-2-2,3,424,6
2023/04/25,浦和,3,３歳三 四,1400,ダ,左,良,曇,12,7,10,アメリカンライト,牝,3,54.0,407,-7,増田充,加藤誠,,4,1:32.5,39.3,9-9-10-7,12,407,-7
2023/04/25,浦和,3,３歳三 四,1400,ダ,左,良,曇,12,5,5,シナノフローレンス,牝,3,54.0,398,4,赤津和,岡田一,,5,1:32.8,40.9,4-3-3-4,11,398,4
2023/04/25,浦和,3,３歳三 四,1400,ダ,左,良,曇,12,8,11,ハレノチアラシ,セ,0,56.0,453,5,藤江渉,山田質,,6,1:33.0,39.5,11-11-11-9,7,453,5
2023/04/25,浦和,3,３歳三 四,1400,ダ,左,良,曇,12,3,3,リュウノファントム,牡,3,56.0,467,1,高橋哲,野口孝,,7,1:33.0,40.2,6-8-6-6,6,467,1
2023/04/25,浦和,3,３歳三 四,1400,ダ,左,良,曇,12,1,1,コンパルティール,牝,3,51.0,448,4,木間龍,川村守,,8,1:33.4,41.8,1-1-1-3,4,448,4
2023/04/25,浦和,3,３歳三 四,1400,ダ,左,良,曇,12,6,8,ブリエロード,牡,3,55.0,426,-3,野畑凌,平田正,,9,1:33.4,40.4,10-10-7-8,9,426,-3
2023/04/25,浦和,3,３歳三 四,1400,ダ,左,良,曇,12,5,6,ミヤジミニー,牝,3,50.0,401,-4,中島良,田邊陽,,10,1:33.8,41.0,7-7-8-10,10,401,-4
2023/04/25,浦和,3,３歳三 四,1400,ダ,左,良,曇,12,6,7,イエローエイト,牝,3,53.0,459,8,七夕裕,川島豊,,11,1:34.2,41.5,3-4-9-11,5,459,8
2023/04/25,浦和,3,３歳三 四,1400,ダ,左,良,曇,12,2,2,ワールドバトル,牡,3,56.0,484,2,石崎駿,海馬司,,,,,,8,484,2
2023/04/25,浦和,4,Ｃ３九 十,1400,ダ,左,良,曇,12,8,12,ラキエストバイオ,牝,7,54.0,472,1,笹川翼,新井清,,1,1:31.8,39.5,5-5-2-2,1,472,1
2023/04/25,浦和,4,Ｃ３九 十,1400,ダ,左,良,曇,12,3,3,クオーレカルド,牝,8,53.0,435,-6,新原周,内田勝,,2,1:32.1,40.3,2-2-1-1,4,435,-6
2023/04/25,浦和,4,Ｃ３九 十,1400,ダ,左,良,曇,12,6,7,トリテレイア,牝,7,54.0,414,1,森泰斗,箕輪武,,3,1:32.6,40.4,4-4-5-4,3,414,1
2023/04/25,浦和,4,Ｃ３九 十,1400,ダ,左,良,曇,12,7,9,ラウズアップ,牡,7,56.0,431,1,藤江渉,入口由,,4,1:32.8,40.0,12-11-8-3,9,431,1
2023/04/25,浦和,4,Ｃ３九 十,1400,ダ,左,良,曇,12,8,11,アミン,牝,6,50.0,472,3,中島良,冨田敏,,5,1:32.8,40.2,8-8-9-6,6,472,3
2023/04/25,浦和,4,Ｃ３九 十,1400,ダ,左,良,曇,12,6,8,ロッカーモーション,牝,7,54.0,497,2,橋本直,内野健,,6,1:32.8,40.4,7-7-7-5,2,497,2
2023/04/25,浦和,4,Ｃ３九 十,1400,ダ,左,良,曇,12,2,2,サンハンツビル,牝,7,54.0,459,0,秋元耕,鈴木勝,,7,1:33.3,39.9,11-12-12-12,11,459,0
2023/04/25,浦和,4,Ｃ３九 十,1400,ダ,左,良,曇,12,4,4,スマイルジーニアス,セ,0,56.0,500,-1,見越彬,鹿沼和,,8,1:33.4,41.1,6-6-6-9,8,500,-1
2023/04/25,浦和,4,Ｃ３九 十,1400,ダ,左,良,曇,12,7,10,ハクサンバレー,牝,6,54.0,441,1,加藤和,薮口一,,9,1:33.7,40.9,9-10-10-8,10,441,1
2023/04/25,浦和,4,Ｃ３九 十,1400,ダ,左,良,曇,12,5,6,ゴールドスペンサー,牡,5,56.0,486,4,岡田大,吉田正,,10,1:33.8,41.0,10-9-10-11,12,486,4
2023/04/25,浦和,4,Ｃ３九 十,1400,ダ,左,良,曇,12,5,5,ノブカナロア,牡,5,54.0,470,9,室陽一,小久智,,11,1:34.1,42.1,3-3-3-7,7,470,9
2023/04/25,浦和,4,Ｃ３九 十,1400,ダ,左,良,曇,12,1,1,プランタンヴェール,牝,7,53.0,524,-12,七夕裕,平山真,,12,1:34.7,42.8,1-1-3-10,5,524,-12
2023/04/25,浦和,5,Ｃ３九 十,1500,ダ,左,良,曇,12,6,7,アイスバーグアリー,牝,7,51.0,450,5,佐藤翔,平山真,,1,1:39.4,40.0,2-3-3-1,3,450,5
2023/04/25,浦和,5,Ｃ３九 十,1500,ダ,左,良,曇,12,8,12,ビアンカグリーン,牡,8,56.0,480,-1,森泰斗,酒井一,,2,1:39.6,40.1,6-6-3-2,1,480,-1
2023/04/25,浦和,5,Ｃ３九 十,1500,ダ,左,良,曇,12,8,11,ニットウナナ,牝,8,53.0,473,13,新原周,林隆之,,3,1:40.0,40.4,8-9-1-3,2,473,13
2023/04/25,浦和,5,Ｃ３九 十,1500,ダ,左,良,曇,12,7,10,シュウエットカズ,牡,5,53.0,560,-10,木間龍,矢内博,,4,1:40.0,40.4,9-8-8-6,4,560,-10
2023/04/25,浦和,5,Ｃ３九 十,1500,ダ,左,良,曇,12,5,5,ホロシリダケ,セ,0,56.0,480,4,内田利,野口孝,,5,1:40.1,40.2,11-11-10-9,6,480,4
2023/04/25,浦和,5,Ｃ３九 十,1500,ダ,左,良,曇,12,2,2,プリュイ,牡,5,56.0,420,-2,加藤和,薮口一,,6,1:40.1,40.5,4-4-7-4,9,420,-2
2023/04/25,浦和,5,Ｃ３九 十,1500,ダ,左,良,曇,12,4,4,キタマクフィー,牝,5,53.0,444,-1,七夕裕,鹿沼和,,7,1:40.5,40.9,7-7-6-8,7,444,-1
2023/04/25,浦和,5,Ｃ３九 十,1500,ダ,左,良,曇,12,3,3,ファーマスター,牝,5,50.0,434,-1,中島良,川村守,,8,1:40.8,40.9,10-10-10-10,8,434,-1
2023/04/25,浦和,5,Ｃ３九 十,1500,ダ,左,良,曇,12,6,8,バジガクエブリン,牝,5,54.0,467,0,臼井健,山中尊,,9,1:41.0,41.6,3-2-3-7,10,467,0
2023/04/25,浦和,5,Ｃ３九 十,1500,ダ,左,良,曇,12,5,6,トーセンケイト,牝,5,54.0,487,5,半澤慶,川村守,,10,1:41.9,42.3,5-5-9-11,11,487,5
2023/04/25,浦和,5,Ｃ３九 十,1500,ダ,左,良,曇,12,7,9,ラヴアンドヨウコ,牝,6,53.0,408,-7,野畑凌,山崎尋,,11,1:42.3,42.9,1-1-1-5,5,408,-7
2023/04/25,浦和,5,Ｃ３九 十,1500,ダ,左,良,曇,12,1,1,フィラーズ,牡,4,56.0,459,1,秋元耕,海馬司,,12,1:42.9,42.4,12-12-12-12,12,459,1
2023/04/25,浦和,6,Ｃ２五 六,1500,ダ,左,良,曇,11,7,9,ブルーインサニティ,セ,0,56.0,512,5,本田重,工藤伸,,1,1:37.8,39.2,9-7-1-2,8,512,5
2023/04/25,浦和,6,Ｃ２五 六,1500,ダ,左,良,曇,11,3,3,トワイライトドレス,牝,4,52.0,503,9,室陽一,宇野博,,2,1:38.0,39.2,3-3-3-1,2,503,9
2023/04/25,浦和,6,Ｃ２五 六,1500,ダ,左,良,曇,11,4,4,ゲンパチカガヤキ,牡,8,56.0,490,3,秋元耕,小澤宏,,3,1:38.6,39.5,8-8-6-4,11,490,3
2023/04/25,浦和,6,Ｃ２五 六,1500,ダ,左,良,曇,11,2,2,フェルカド,セ,0,56.0,480,0,見越彬,野口孝,,4,1:38.9,39.5,6-9-10-8,9,480,0
2023/04/25,浦和,6,Ｃ２五 六,1500,ダ,左,良,曇,11,5,5,クー,牝,4,54.0,488,7,高橋哲,吉田正,,5,1:39.0,39.9,7-6-7-5,10,488,7
2023/04/25,浦和,6,Ｃ２五 六,1500,ダ,左,良,曇,11,8,11,クニノキラメキ,牡,5,56.0,481,-7,西啓太,小久智,,6,1:39.0,39.9,5-5-8-7,4,481,-7
2023/04/25,浦和,6,Ｃ２五 六,1500,ダ,左,良,曇,11,6,7,ヴィオレントアズル,牡,4,56.0,422,5,橋本直,平山真,,7,1:39.3,40.4,10-10-2-3,7,422,5
2023/04/25,浦和,6,Ｃ２五 六,1500,ダ,左,良,曇,11,1,1,オルオル,牝,7,54.0,451,-1,笹川翼,新井清,,8,1:39.6,40.8,2-1-4-5,1,451,-1
2023/04/25,浦和,6,Ｃ２五 六,1500,ダ,左,良,曇,11,6,6,リュウキュウカリー,牡,4,53.0,474,0,佐藤翔,宇野博,,9,1:39.8,40.0,11-11-11-11,3,474,0
2023/04/25,浦和,6,Ｃ２五 六,1500,ダ,左,良,曇,11,8,10,ミメウルワシ,牝,8,50.0,448,-7,中島良,山越光,,10,1:40.1,41.2,4-4-9-9,6,448,-7
2023/04/25,浦和,6,Ｃ２五 六,1500,ダ,左,良,曇,11,7,8,ニシノマンテン,牡,4,56.0,448,5,半澤慶,川島豊,,11,1:40.3,41.5,1-2-5-10,5,448,5
2023/04/25,浦和,7,さいたま推奨土産品賞Ｃ２五 六,1400,ダ,左,良,曇,12,5,6,ホクセツ,セ,0,56.0,530,-15,秋元耕,箕輪武,,1,1:30.4,39.2,9-3-2-2,3,530,-15
2023/04/25,浦和,7,さいたま推奨土産品賞Ｃ２五 六,1400,ダ,左,良,曇,12,6,7,エコロアジェンダ,牡,5,55.0,461,6,野畑凌,工藤伸,,2,1:30.5,38.5,6-4-3-3,2,461,6
2023/04/25,浦和,7,さいたま推奨土産品賞Ｃ２五 六,1400,ダ,左,良,曇,12,7,10,フォースチルドレン,牡,4,56.0,514,6,橋本直,平山真,,3,1:30.7,39.7,1-1-1-1,4,514,6
2023/04/25,浦和,7,さいたま推奨土産品賞Ｃ２五 六,1400,ダ,左,良,曇,12,6,8,ウインカーマイン,牡,7,56.0,461,0,加藤和,川島豊,,4,1:30.8,38.2,10-10-6-4,8,461,0
2023/04/25,浦和,7,さいたま推奨土産品賞Ｃ２五 六,1400,ダ,左,良,曇,12,5,5,ボンディングタイム,セ,0,56.0,574,-7,和田譲,宇野博,,5,1:32.1,39.4,12-12-7-6,5,574,-7
2023/04/25,浦和,7,さいたま推奨土産品賞Ｃ２五 六,1400,ダ,左,良,曇,12,2,2,エドノストリート,牝,5,51.0,460,6,佐藤翔,宇野博,,6,1:32.2,39.3,7-9-9-7,11,460,6
2023/04/25,浦和,7,さいたま推奨土産品賞Ｃ２五 六,1400,ダ,左,良,曇,12,8,11,シェナダイオー,牡,4,56.0,554,4,岡田大,山越光,,7,1:32.8,39.6,11-11-11-9,12,554,4
2023/04/25,浦和,7,さいたま推奨土産品賞Ｃ２五 六,1400,ダ,左,良,曇,12,7,9,ジェノバフレイバー,牡,4,56.0,482,15,本橋孝,繁田健,,8,1:32.8,40.6,8-7-5-5,6,482,15
2023/04/25,浦和,7,さいたま推奨土産品賞Ｃ２五 六,1400,ダ,左,良,曇,12,3,3,スティールマドンナ,牝,5,52.0,472,-5,室陽一,小澤宏,,9,1:33.5,40.7,3-5-10-11,9,472,-5
2023/04/25,浦和,7,さいたま推奨土産品賞Ｃ２五 六,1400,ダ,左,良,曇,12,4,4,ブルベアマイル,牡,6,55.0,457,2,七夕裕,岡田一,,10,1:33.6,41.0,4-6-8-10,1,457,2
2023/04/25,浦和,7,さいたま推奨土産品賞Ｃ２五 六,1400,ダ,左,良,曇,12,8,12,エスポワールフレア,牝,4,53.0,443,-1,新原周,野口孝,,11,1:34.3,42.5,2-2-4-8,10,443,-1
2023/04/25,浦和,7,さいたま推奨土産品賞Ｃ２五 六,1400,ダ,左,良,曇,12,1,1,リライアブルアミ,牡,9,56.0,456,-4,高橋哲,薮口一,,12,1:34.9,41.7,5-8-12-12,7,456,-4
2023/04/25,浦和,8,山吹特別Ｃ２選抜馬,2000,ダ,左,良,曇,12,3,3,トレンチタウン,牡,5,56.0,466,10,和田譲,工藤伸,,1,2:12.9,39.8,5-4-3-3,2,466,10
2023/04/25,浦和,8,山吹特別Ｃ２選抜馬,2000,ダ,左,良,曇,12,6,8,リングボーイ,セ,0,56.0,431,-3,森泰斗,水野貴,,2,2:13.0,40.2,2-2-1-1,1,431,-3
2023/04/25,浦和,8,山吹特別Ｃ２選抜馬,2000,ダ,左,良,曇,12,7,9,サンビンガムトン,牡,7,56.0,514,1,山崎誠,甲田悟,,3,2:13.2,39.8,7-6-5-4,7,514,1
2023/04/25,浦和,8,山吹特別Ｃ２選抜馬,2000,ダ,左,良,曇,12,8,11,ギンジ,セ,0,56.0,485,-1,笹川翼,小澤宏,,4,2:13.4,40.3,3-3-2-2,3,485,-1
2023/04/25,浦和,8,山吹特別Ｃ２選抜馬,2000,ダ,左,良,曇,12,4,4,ピノモラーン,牡,5,55.0,466,-14,新原周,野口孝,,5,2:13.8,39.9,9-10-7-5,8,466,-14
2023/04/25,浦和,8,山吹特別Ｃ２選抜馬,2000,ダ,左,良,曇,12,5,6,ムーランブラン,牝,7,54.0,473,-1,本橋孝,藤原智,,6,2:14.1,40.4,8-7-7-8,10,473,-1
2023/04/25,浦和,8,山吹特別Ｃ２選抜馬,2000,ダ,左,良,曇,12,2,2,シンメロワン,セ,0,56.0,490,-3,町田直,山田質,,7,2:14.2,40.3,6-8-9-6,5,490,-3
2023/04/25,浦和,8,山吹特別Ｃ２選抜馬,2000,ダ,左,良,曇,12,1,1,チャリタブルソート,牡,4,56.0,539,3,矢野貴,野口孝,,8,2:14.7,41.3,4-5-6-7,6,539,3
2023/04/25,浦和,8,山吹特別Ｃ２選抜馬,2000,ダ,左,良,曇,12,7,10,ネオアンコーラ,牡,4,56.0,483,3,赤津和,山越光,,9,2:15.8,43.0,1-1-4-10,12,483,3
2023/04/25,浦和,8,山吹特別Ｃ２選抜馬,2000,ダ,左,良,曇,12,8,12,エトワールゴールド,牡,4,56.0,472,3,高橋哲,薮口一,,10,2:15.9,39.8,11-11-11-11,9,472,3
2023/04/25,浦和,8,山吹特別Ｃ２選抜馬,2000,ダ,左,良,曇,12,6,7,サンライズヴェリテ,牡,5,56.0,449,5,藤江渉,工藤伸,,11,2:16.8,42.9,10-9-10-9,4,449,5
2023/04/25,浦和,8,山吹特別Ｃ２選抜馬,2000,ダ,左,良,曇,12,5,5,アグリシュブール,牡,4,54.0,476,-3,室陽一,海馬司,,,,,12-12,11,476,-3
2023/04/25,浦和,9,Ｊ交 ツインゴールド特別３歳選抜馬,1400,ダ,左,良,曇,12,2,2,コスモマルーン,牝,3,54.0,448,-5,笹川翼,河津裕,,1,1:29.2,38.3,3-3-3-1,2,448,-5
2023/04/25,浦和,9,Ｊ交 ツインゴールド特別３歳選抜馬,1400,ダ,左,良,曇,12,7,10,ジャスタースパーク,牡,3,56.0,454,-4,町田直,鈴木義,,2,1:29.6,36.8,10-10-8-4,6,454,-4
2023/04/25,浦和,9,Ｊ交 ツインゴールド特別３歳選抜馬,1400,ダ,左,良,曇,12,4,4,シェナクラウン,牡,3,56.0,495,4,藤江渉,冨田敏,,3,1:29.9,38.2,4-4-4-3,9,495,4
2023/04/25,浦和,9,Ｊ交 ツインゴールド特別３歳選抜馬,1400,ダ,左,良,曇,12,8,12,オランジー,牝,3,54.0,449,-1,本田重,青木孝,,4,1:30.1,38.0,9-6-6-8,3,449,-1
2023/04/25,浦和,9,Ｊ交 ツインゴールド特別３歳選抜馬,1400,ダ,左,良,曇,12,8,11,エイチエヌバンピー,牡,3,53.0,447,3,佐藤翔,小檜悟,,5,1:30.3,38.0,8-8-7-6,7,447,3
2023/04/25,浦和,9,Ｊ交 ツインゴールド特別３歳選抜馬,1400,ダ,左,良,曇,12,3,3,ウィンウッドテール,牝,3,51.0,426,6,田口貫,新谷功,,6,1:30.4,38.6,5-5-5-7,1,426,6
2023/04/25,浦和,9,Ｊ交 ツインゴールド特別３歳選抜馬,1400,ダ,左,良,曇,12,5,6,テイコク,牡,3,55.0,530,7,野畑凌,高月賢,,7,1:30.9,40.6,2-2-2-2,8,530,7
2023/04/25,浦和,9,Ｊ交 ツインゴールド特別３歳選抜馬,1400,ダ,左,良,曇,12,1,1,ウオッカガール,牝,3,53.0,477,1,菅原涼,箕輪武,,8,1:31.0,38.0,7-9-10-9,5,477,1
2023/04/25,浦和,9,Ｊ交 ツインゴールド特別３歳選抜馬,1400,ダ,左,良,曇,12,7,9,ケイツータラ,牝,3,50.0,420,8,小林美,鈴木伸,,9,1:31.6,38.8,6-7-9-10,4,420,8
2023/04/25,浦和,9,Ｊ交 ツインゴールド特別３歳選抜馬,1400,ダ,左,良,曇,12,5,5,キョウエイカリーナ,牝,3,54.0,465,11,秋元耕,小澤宏,,10,1:32.8,42.5,1-1-1-5,11,465,11
2023/04/25,浦和,9,Ｊ交 ツインゴールド特別３歳選抜馬,1400,ダ,左,良,曇,12,6,7,イチゴホイップ,牝,3,54.0,457,-5,山崎誠,的場均,,11,1:33.1,39.5,11-11-11-11,10,457,-5
2023/04/25,浦和,9,Ｊ交 ツインゴールド特別３歳選抜馬,1400,ダ,左,良,曇,12,6,8,ジャージー,牡,3,56.0,558,12,矢野貴,森田直,,,,,,,558,12
2023/04/25,浦和,10,夏初月特別Ｂ３Ｃ１選抜馬,800,ダ,左,良,曇,12,5,5,ノボシュンシュン,牝,7,53.0,466,2,山崎誠,山崎裕,,1,0:47.8,35.7,1-1,1,466,2
2023/04/25,浦和,10,夏初月特別Ｂ３Ｃ１選抜馬,800,ダ,左,良,曇,12,4,4,マイネルリベラル,セ,0,55.0,489,-4,岡村裕,新井健,,2,0:48.1,35.8,4-3,8,489,-4
2023/04/25,浦和,10,夏初月特別Ｂ３Ｃ１選抜馬,800,ダ,左,良,曇,12,6,8,ヒガシブレーヴ,牡,6,55.0,431,7,笹川翼,河津裕,,3,0:48.2,35.9,2-2,4,431,7
2023/04/25,浦和,10,夏初月特別Ｂ３Ｃ１選抜馬,800,ダ,左,良,曇,12,7,10,アヴェントゥリスト,牡,7,55.0,541,-1,藤本現,山越光,,4,0:48.7,36.3,3-4,2,541,-1
2023/04/25,浦和,10,夏初月特別Ｂ３Ｃ１選抜馬,800,ダ,左,良,曇,12,1,1,カシノリカバリー,牝,4,52.0,472,0,新原周,野口寛,,5,0:48.7,35.6,6-6,9,472,0
2023/04/25,浦和,10,夏初月特別Ｂ３Ｃ１選抜馬,800,ダ,左,良,曇,12,8,11,ニッショウアッキー,牝,4,53.0,457,11,櫻井光,酒井一,,6,0:48.9,35.9,7-7,11,457,11
2023/04/25,浦和,10,夏初月特別Ｂ３Ｃ１選抜馬,800,ダ,左,良,曇,12,8,12,リッチアロマ,牝,5,53.0,440,4,室陽一,水野貴,,7,0:49.0,36.6,4-4,5,440,4
2023/04/25,浦和,10,夏初月特別Ｂ３Ｃ１選抜馬,800,ダ,左,良,曇,12,7,9,ブルーローズ,牝,7,55.0,451,10,國分祐,野口孝,,8,0:49.3,35.9,10-9,10,451,10
2023/04/25,浦和,10,夏初月特別Ｂ３Ｃ１選抜馬,800,ダ,左,良,曇,12,3,3,アウタースペース,牡,5,55.0,445,0,西啓太,八木仁,,9,0:49.3,35.4,12-11,6,445,0
2023/04/25,浦和,10,夏初月特別Ｂ３Ｃ１選抜馬,800,ダ,左,良,曇,12,6,7,シェナブライト,牡,5,53.0,519,1,中島良,山越光,,10,0:49.4,36.0,8-7,3,519,1
2023/04/25,浦和,10,夏初月特別Ｂ３Ｃ１選抜馬,800,ダ,左,良,曇,12,2,2,エンタクノキシ,牡,4,55.0,472,3,見越彬,藤原智,,11,0:49.5,36.4,9-10,7,472,3
2023/04/25,浦和,10,夏初月特別Ｂ３Ｃ１選抜馬,800,ダ,左,良,曇,12,5,6,リュウノアンジェラ,牝,4,52.0,426,2,七夕裕,野口寛,,12,0:51.1,37.6,11-12,12,426,2
2023/04/25,浦和,11,卯月特別Ｂ１,1500,ダ,左,良,曇,12,6,8,スターライトブルー,牡,9,56.0,507,-4,笹川翼,藤田輝,,1,1:35.8,37.4,2-2-2-1,9,507,-4
2023/04/25,浦和,11,卯月特別Ｂ１,1500,ダ,左,良,曇,12,8,12,タマモイットウセイ,牡,5,56.0,494,2,森泰斗,小久智,,2,1:35.9,37.3,4-3-3-3,1,494,2
2023/04/25,浦和,11,卯月特別Ｂ１,1500,ダ,左,良,曇,12,6,7,ノーブルノヴァ,牡,6,56.0,465,-5,矢野貴,森下淳,,3,1:36.1,37.7,1-1-1-1,5,465,-5
2023/04/25,浦和,11,卯月特別Ｂ１,1500,ダ,左,良,曇,12,1,1,カールスバート,牡,5,56.0,478,0,張田昂,齊藤敏,,4,1:36.3,37.5,5-5-4-4,2,478,0
2023/04/25,浦和,11,卯月特別Ｂ１,1500,ダ,左,良,曇,12,3,3,ロワマージュ,セ,0,56.0,476,-1,本田重,高月賢,,5,1:36.9,37.8,7-7-7-5,6,476,-1
2023/04/25,浦和,11,卯月特別Ｂ１,1500,ダ,左,良,曇,12,5,6,ゾディアックレーヴ,牡,5,56.0,482,-3,澤田龍,矢野義,,6,1:37.4,38.6,3-4-5-6,4,482,-3
2023/04/25,浦和,11,卯月特別Ｂ１,1500,ダ,左,良,曇,12,7,9,ブラックネロ,牡,5,55.0,453,-1,古岡勇,岩本洋,,7,1:37.7,38.4,9-9-8-8,7,453,-1
2023/04/25,浦和,11,卯月特別Ｂ１,1500,ダ,左,良,曇,12,2,2,ジョーイルガチフェ,牡,5,56.0,519,9,本橋孝,小久智,,8,1:37.9,38.6,8-8-8-7,8,519,9
2023/04/25,浦和,11,卯月特別Ｂ１,1500,ダ,左,良,曇,12,4,4,スズカパンサー,牡,6,56.0,489,6,岡村健,河津裕,,9,1:38.0,38.1,10-11-11-9,10,489,6
2023/04/25,浦和,11,卯月特別Ｂ１,1500,ダ,左,良,曇,12,5,5,ホワイトパス,牡,7,53.0,448,-1,木間龍,伊藤滋,,10,1:39.1,38.9,12-12-12-10,12,448,-1
2023/04/25,浦和,11,卯月特別Ｂ１,1500,ダ,左,良,曇,12,8,11,グッドラックサマー,牡,9,55.0,549,0,新原周,川島豊,,11,1:40.3,41.0,11-10-10-11,11,549,0
2023/04/25,浦和,11,卯月特別Ｂ１,1500,ダ,左,良,曇,12,7,10,タカジョー,牡,5,56.0,476,7,和田譲,宇野博,,12,1:42.8,44.0,6-6-6-12,3,476,7
2023/04/25,浦和,12,ダイヤモンド特別Ｂ３二,1400,ダ,左,良,曇,11,2,2,アダマスミノル,牡,4,55.0,498,-2,野畑凌,高月賢,,1,1:29.9,39.2,3-2-2-1,4,498,-2
2023/04/25,浦和,12,ダイヤモンド特別Ｂ３二,1400,ダ,左,良,曇,11,7,9,エスプリピート,牡,4,56.0,460,-6,今野忠,久保秀,,2,1:30.2,38.7,5-5-5-3,1,460,-6
2023/04/25,浦和,12,ダイヤモンド特別Ｂ３二,1400,ダ,左,良,曇,11,1,1,ロングジャーニー,牝,5,54.0,493,4,森泰斗,小久智,,3,1:30.7,40.2,1-1-1-2,3,493,4
2023/04/25,浦和,12,ダイヤモンド特別Ｂ３二,1400,ダ,左,良,曇,11,3,3,フィスラー,牡,5,56.0,475,0,中越琉,八木喜,,4,1:30.7,39.0,8-7-6-4,7,475,0
2023/04/25,浦和,12,ダイヤモンド特別Ｂ３二,1400,ダ,左,良,曇,11,6,7,モンバイト,牡,4,56.0,501,12,加藤和,薮口一,,5,1:30.9,39.2,7-8-7-7,10,501,12
2023/04/25,浦和,12,ダイヤモンド特別Ｂ３二,1400,ダ,左,良,曇,11,6,6,ピンクプラム,牝,4,54.0,448,5,伊藤裕,鈴木義,,6,1:31.2,38.9,10-11-9-8,11,448,5
2023/04/25,浦和,12,ダイヤモンド特別Ｂ３二,1400,ダ,左,良,曇,11,4,4,コウユーラヴラヴ,牝,5,54.0,499,-4,町田直,宇野博,,7,1:31.4,40.3,4-4-4-5,6,499,-4
2023/04/25,浦和,12,ダイヤモンド特別Ｂ３二,1400,ダ,左,良,曇,11,5,5,ビナハロン,セ,0,56.0,461,0,澤田龍,矢野義,,8,1:31.5,39.1,9-9-10-9,5,461,0
2023/04/25,浦和,12,ダイヤモンド特別Ｂ３二,1400,ダ,左,良,曇,11,7,8,デシジョン,牡,4,56.0,504,0,藤本現,稲益貴,,9,1:31.5,40.8,2-3-3-6,2,504,0
2023/04/25,浦和,12,ダイヤモンド特別Ｂ３二,1400,ダ,左,良,曇,11,8,10,アイエンジェル,牝,6,53.0,490,-2,七夕裕,岡田一,,10,1:31.9,39.1,11-10-11-11,9,490,-2
2023/04/25,浦和,12,ダイヤモンド特別Ｂ３二,1400,ダ,左,良,曇,11,8,11,ヨドノオーシャン,牡,7,56.0,454,-3,山崎誠,平山真,,11,1:32.2,40.5,6-6-8-10,8,454,-3
2023/04/26,浦和,1,浦和８００ラウンドＣ３選抜馬ア,800,ダ,左,重,雨,12,6,7,アイモンスター,牝,7,54.0,489,2,森泰斗,岡田一,,1,0:47.3,35.2,1-1,1,489,2
2023/04/26,浦和,1,浦和８００ラウンドＣ３選抜馬ア,800,ダ,左,重,雨,12,7,10,ウンジョウノメガミ,牝,5,51.0,458,9,木間龍,入口由,,2,0:47.8,35.7,2-2,8,458,9
2023/04/26,浦和,1,浦和８００ラウンドＣ３選抜馬ア,800,ダ,左,重,雨,12,7,9,ナッシュカッツェ,牝,5,54.0,458,6,中越琉,佐藤博,,3,0:48.3,35.8,4-3,6,458,6
2023/04/26,浦和,1,浦和８００ラウンドＣ３選抜馬ア,800,ダ,左,重,雨,12,6,8,リチェルカータ,牝,6,54.0,475,8,矢野貴,小澤宏,,4,0:48.5,36.0,5-3,4,475,8
2023/04/26,浦和,1,浦和８００ラウンドＣ３選抜馬ア,800,ダ,左,重,雨,12,1,1,シンキングセンティ,牝,4,54.0,463,1,和田譲,山越光,,5,0:49.0,35.6,11-10,7,463,1
2023/04/26,浦和,1,浦和８００ラウンドＣ３選抜馬ア,800,ダ,左,重,雨,12,4,4,ホノノルーカ,牝,5,50.0,436,19,中島良,野口寛,,6,0:49.1,36.3,9-8,10,436,19
2023/04/26,浦和,1,浦和８００ラウンドＣ３選抜馬ア,800,ダ,左,重,雨,12,8,12,ラパンドネージュ,牡,4,56.0,487,3,加藤和,薮口一,,7,0:49.1,36.6,7-5,5,487,3
2023/04/26,浦和,1,浦和８００ラウンドＣ３選抜馬ア,800,ダ,左,重,雨,12,8,11,ダンストンラソ,牝,8,54.0,447,4,見越彬,野口孝,,8,0:49.3,36.8,8-7,9,447,4
2023/04/26,浦和,1,浦和８００ラウンドＣ３選抜馬ア,800,ダ,左,重,雨,12,3,3,アカルイスモウブ,牝,4,54.0,438,-1,岡田大,冨田敏,,9,0:49.4,37.1,6-8,3,438,-1
2023/04/26,浦和,1,浦和８００ラウンドＣ３選抜馬ア,800,ダ,左,重,雨,12,5,5,ニシノマッハ,牡,9,54.0,481,1,室陽一,吉田正,,10,0:49.6,36.6,10-11,11,481,1
2023/04/26,浦和,1,浦和８００ラウンドＣ３選抜馬ア,800,ダ,左,重,雨,12,2,2,ゲブレセラシエ,セ,0,56.0,517,5,橋本直,小久智,,11,0:50.4,38.1,3-6,2,517,5
2023/04/26,浦和,1,浦和８００ラウンドＣ３選抜馬ア,800,ダ,左,重,雨,12,5,6,キョウエイミーレス,牡,7,56.0,506,2,秋元耕,内野健,,,,,,,506,2
2023/04/26,浦和,2,浦和８００ラウンド３歳選抜馬ア,800,ダ,左,重,雨,12,4,4,ニッショウミライ,牝,3,54.0,456,1,櫻井光,酒井一,,1,0:46.5,34.8,2-2,3,456,1
2023/04/26,浦和,2,浦和８００ラウンド３歳選抜馬ア,800,ダ,左,重,雨,12,2,2,ルヴァンモンスター,牡,3,55.0,479,-12,野畑凌,水野貴,,2,0:46.9,35.1,1-1,2,479,-12
2023/04/26,浦和,2,浦和８００ラウンド３歳選抜馬ア,800,ダ,左,重,雨,12,8,12,スワンオーキッド,牝,3,55.0,457,2,山崎誠,山崎尋,,3,0:47.0,35.0,3-3,1,457,2
2023/04/26,浦和,2,浦和８００ラウンド３歳選抜馬ア,800,ダ,左,重,雨,12,5,6,ダンシングクライ,牝,3,54.0,475,6,高橋哲,藤原智,,4,0:47.8,35.4,4-4,8,475,6
2023/04/26,浦和,2,浦和８００ラウンド３歳選抜馬ア,800,ダ,左,重,雨,12,1,1,マギーローズ,牝,3,53.0,474,12,池谷匠,吉橋淳,,5,0:48.2,35.6,6-5,12,474,12
2023/04/26,浦和,2,浦和８００ラウンド３歳選抜馬ア,800,ダ,左,重,雨,12,3,3,シナジーエフェクト,牡,3,57.0,474,2,藤江渉,岡田一,,6,0:48.4,35.4,9-8,5,474,2
2023/04/26,浦和,2,浦和８００ラウンド３歳選抜馬ア,800,ダ,左,重,雨,12,7,10,ヤマンバ,牝,3,53.0,509,6,古岡勇,古澤悟,,7,0:48.5,35.9,5-6,6,509,6
2023/04/26,浦和,2,浦和８００ラウンド３歳選抜馬ア,800,ダ,左,重,雨,12,6,7,キングフォーチュン,牡,3,56.0,467,-3,岡田大,工藤伸,,8,0:48.6,35.9,7-7,9,467,-3
2023/04/26,浦和,2,浦和８００ラウンド３歳選抜馬ア,800,ダ,左,重,雨,12,6,8,ゴールドバニー,牝,3,53.0,470,4,新原周,野口孝,,9,0:49.0,35.0,10-9,10,470,4
2023/04/26,浦和,2,浦和８００ラウンド３歳選抜馬ア,800,ダ,左,重,雨,12,5,5,アイリイファースト,牝,3,52.0,504,4,室陽一,宇野博,,10,0:49.0,36.2,8-10,4,504,4
2023/04/26,浦和,2,浦和８００ラウンド３歳選抜馬ア,800,ダ,左,重,雨,12,8,11,ティフィンタイガー,牡,3,56.0,403,-2,秋元耕,酒井一,,11,0:49.8,36.2,11-11,11,403,-2
2023/04/26,浦和,2,浦和８００ラウンド３歳選抜馬ア,800,ダ,左,重,雨,12,7,9,キタカラキタダイヤ,牝,3,54.0,428,2,岡村健,酒井一,,,,,,7,428,2
2023/04/26,浦和,3,３歳五 六,1400,ダ,左,重,雨,12,4,4,スターハッスル,牡,3,56.0,465,8,澤田龍,小澤宏,,1,1:29.5,39.2,2-2-2-1,5,465,8
2023/04/26,浦和,3,３歳五 六,1400,ダ,左,重,雨,12,2,2,シャインルージュ,牝,3,54.0,494,2,岡田大,吉田正,,2,1:30.0,39.8,1-1-1-2,1,494,2
2023/04/26,浦和,3,３歳五 六,1400,ダ,左,重,雨,12,3,3,ノーブルトラップ,牝,3,53.0,445,0,新原周,八木仁,,3,1:30.2,38.3,9-9-8-5,6,445,0
2023/04/26,浦和,3,３歳五 六,1400,ダ,左,重,雨,12,1,1,ダプネマリン,牝,3,54.0,401,-3,橋本直,入口由,,4,1:30.2,38.7,7-7-7-5,9,401,-3
2023/04/26,浦和,3,３歳五 六,1400,ダ,左,重,雨,12,8,11,ブラウンキングズ,牡,3,56.0,431,-5,西啓太,山越光,,5,1:30.4,37.9,11-11-9-8,8,431,-5
2023/04/26,浦和,3,３歳五 六,1400,ダ,左,重,雨,12,5,5,ルチルチェコ,牝,3,53.0,399,-7,古岡勇,加藤誠,,6,1:30.5,39.6,5-5-3-3,12,399,-7
2023/04/26,浦和,3,３歳五 六,1400,ダ,左,重,雨,12,6,7,トクシーカグヤヒメ,牝,3,54.0,478,2,半澤慶,平山真,,7,1:30.7,39.8,10-6-5-7,2,478,2
2023/04/26,浦和,3,３歳五 六,1400,ダ,左,重,雨,12,5,6,メーネフロタント,牝,3,54.0,478,-3,秋元耕,小林真,,8,1:31.0,40.4,3-3-4-4,4,478,-3
2023/04/26,浦和,3,３歳五 六,1400,ダ,左,重,雨,12,7,10,ジェイケイタルマエ,牝,3,54.0,430,-2,町田直,佐々仁,,9,1:32.3,41.5,4-4-6-9,7,430,-2
2023/04/26,浦和,3,３歳五 六,1400,ダ,左,重,雨,12,7,9,メイワノワ,牝,3,54.0,423,-2,増田充,河津裕,,10,1:32.9,40.6,12-12-11-11,11,423,-2
2023/04/26,浦和,3,３歳五 六,1400,ダ,左,重,雨,12,6,8,モリデンボーイ,牡,3,52.0,502,-4,中島良,山越光,,11,1:32.9,40.8,6-8-10-10,10,502,-4
2023/04/26,浦和,3,３歳五 六,1400,ダ,左,重,雨,12,8,12,リチアブーケ,牝,3,54.0,479,6,山崎誠,藤原智,,12,1:33.7,41.2,8-10-12-12,3,479,6
2023/04/26,浦和,4,３歳五 六,1400,ダ,左,重,雨,12,2,2,リングベルガール,牝,3,54.0,415,-7,森泰斗,小久智,,1,1:28.9,38.2,1-1-1-1,2,415,-7
2023/04/26,浦和,4,３歳五 六,1400,ダ,左,重,雨,12,5,5,ロックフレイバー,牡,3,56.0,479,6,和田譲,繁田健,,2,1:28.9,38.2,2-2-2-2,1,479,6
2023/04/26,浦和,4,３歳五 六,1400,ダ,左,重,雨,12,1,1,アヤサンアメニャー,牡,3,56.0,475,6,矢野貴,齊藤敏,,3,1:29.9,38.9,6-5-4-4,3,475,6
2023/04/26,浦和,4,３歳五 六,1400,ダ,左,重,雨,12,6,8,ピロコインザスカイ,牝,3,54.0,455,-1,笹川翼,八木仁,,4,1:30.2,39.5,3-3-3-3,5,455,-1
2023/04/26,浦和,4,３歳五 六,1400,ダ,左,重,雨,12,4,4,スマイルポピー,牝,3,54.0,460,0,加藤和,小澤宏,,5,1:30.6,39.0,8-8-7-5,11,460,0
2023/04/26,浦和,4,３歳五 六,1400,ダ,左,重,雨,12,7,9,フォルリスティー,牝,3,54.0,424,0,本田重,新井清,,6,1:30.9,38.6,10-10-10-8,10,424,0
2023/04/26,浦和,4,３歳五 六,1400,ダ,左,重,雨,12,7,10,クラマサヴィーナス,牝,3,51.0,467,5,木間龍,矢野義,,7,1:30.9,39.5,5-6-8-7,6,467,5
2023/04/26,浦和,4,３歳五 六,1400,ダ,左,重,雨,12,6,7,ベアメイフェザー,牝,3,54.0,427,1,伊藤裕,鈴木義,,8,1:31.3,38.7,12-12-12-11,8,427,1
2023/04/26,浦和,4,３歳五 六,1400,ダ,左,重,雨,12,8,12,ヨツバミッチー,牡,3,56.0,486,5,山崎誠,田邊陽,,9,1:31.3,40.1,7-7-6-6,7,486,5
2023/04/26,浦和,4,３歳五 六,1400,ダ,左,重,雨,12,3,3,セントトーマス,牡,3,56.0,468,1,見越彬,武井和,,10,1:31.7,39.7,9-9-9-10,9,468,1
2023/04/26,浦和,4,３歳五 六,1400,ダ,左,重,雨,12,5,6,ビナダラット,牝,3,54.0,456,7,橋本直,酒井一,,11,1:31.8,39.5,11-10-11-12,12,456,7
2023/04/26,浦和,4,３歳五 六,1400,ダ,左,重,雨,12,8,11,クインズカヤノヒメ,牝,3,54.0,439,0,藤江渉,横山保,,12,1:32.5,41.7,4-4-4-9,4,439,0
2023/04/26,浦和,5,Ｃ３七 八,1400,ダ,左,重,雨,12,6,8,メジャーセブンス,牝,7,54.0,484,-3,櫻井光,八木喜,,1,1:29.4,39.1,3-2-2-2,2,484,-3
2023/04/26,浦和,5,Ｃ３七 八,1400,ダ,左,重,雨,12,8,11,アナハ,牝,6,50.0,419,10,中島良,川島豊,,2,1:29.5,38.5,8-8-8-6,7,419,10
2023/04/26,浦和,5,Ｃ３七 八,1400,ダ,左,重,雨,12,4,4,クレールプリュネル,牝,5,54.0,469,12,半澤慶,山越光,,3,1:30.0,39.9,1-1-1-1,6,469,12
2023/04/26,浦和,5,Ｃ３七 八,1400,ダ,左,重,雨,12,7,10,オールドボンバー,牡,7,56.0,492,5,藤江渉,横山保,,4,1:30.2,39.7,4-4-3-4,3,492,5
2023/04/26,浦和,5,Ｃ３七 八,1400,ダ,左,重,雨,12,1,1,チュパチ,牝,4,54.0,451,3,加藤和,吉田正,,5,1:30.2,39.6,6-5-4-3,8,451,3
2023/04/26,浦和,5,Ｃ３七 八,1400,ダ,左,重,雨,12,2,2,フリーズオプション,牡,7,56.0,480,2,橋本直,薮口一,,6,1:30.5,39.9,5-7-5-5,1,480,2
2023/04/26,浦和,5,Ｃ３七 八,1400,ダ,左,重,雨,12,5,5,ポイズンピル,牡,8,56.0,473,1,山林信,村田順,,7,1:30.9,38.5,11-11-10-8,10,473,1
2023/04/26,浦和,5,Ｃ３七 八,1400,ダ,左,重,雨,12,6,7,マリアフィナーレ,牝,6,54.0,450,-2,見越彬,小林真,,8,1:31.4,41.1,2-3-5-7,4,450,-2
2023/04/26,浦和,5,Ｃ３七 八,1400,ダ,左,重,雨,12,8,12,ドルドルエイト,牡,8,56.0,507,2,増田充,八木仁,,9,1:31.5,40.0,10-9-9-9,9,507,2
2023/04/26,浦和,5,Ｃ３七 八,1400,ダ,左,重,雨,12,3,3,カガヤキホコレ,牝,4,52.0,472,9,室陽一,宇野博,,10,1:32.1,41.4,7-6-7-10,5,472,9
2023/04/26,浦和,5,Ｃ３七 八,1400,ダ,左,重,雨,12,5,6,キネンビ,牝,4,54.0,466,-3,秋元耕,薮口一,,11,1:32.2,40.1,9-10-11-11,11,466,-3
2023/04/26,浦和,5,Ｃ３七 八,1400,ダ,左,重,雨,12,7,9,シェナマジック,牡,4,56.0,432,-3,國分祐,冨田敏,,12,1:35.9,41.5,12-12-12-12,12,432,-3
2023/04/26,浦和,6,観光するならさいたま市賞Ｃ３七 八,1500,ダ,左,重,雨,12,6,8,リュウノイノリ,牡,6,56.0,453,-7,中越琉,佐藤博,,1,1:36.3,38.9,1-1-1-1,3,453,-7
2023/04/26,浦和,6,観光するならさいたま市賞Ｃ３七 八,1500,ダ,左,重,雨,12,6,7,カントナ,牝,6,52.0,413,1,室陽一,宇野博,,2,1:36.4,38.9,4-3-3-3,7,413,1
2023/04/26,浦和,6,観光するならさいたま市賞Ｃ３七 八,1500,ダ,左,重,雨,12,8,12,ドロス,牡,6,55.0,499,-1,古岡勇,内田勝,,3,1:36.7,39.3,2-2-2-2,2,499,-1
2023/04/26,浦和,6,観光するならさいたま市賞Ｃ３七 八,1500,ダ,左,重,雨,12,3,3,バジガクサフィオ,牡,6,56.0,444,-7,濱田達,伊藤滋,,4,1:36.8,38.7,8-6-6-5,4,444,-7
2023/04/26,浦和,6,観光するならさいたま市賞Ｃ３七 八,1500,ダ,左,重,雨,12,8,11,スプリングネージュ,牝,5,54.0,439,11,見越彬,鹿沼和,,5,1:37.3,39.0,6-8-7-7,11,439,11
2023/04/26,浦和,6,観光するならさいたま市賞Ｃ３七 八,1500,ダ,左,重,雨,12,4,4,ハルノトゥーリ,牝,4,54.0,496,-9,橋本直,薮口一,,6,1:37.4,39.7,3-4-4-4,8,496,-9
2023/04/26,浦和,6,観光するならさいたま市賞Ｃ３七 八,1500,ダ,左,重,雨,12,2,2,マッシュブライト,牝,5,50.0,467,-2,中島良,酒井一,,7,1:38.1,40.0,7-7-8-8,10,467,-2
2023/04/26,浦和,6,観光するならさいたま市賞Ｃ３七 八,1500,ダ,左,重,雨,12,1,1,エスコーバタハト,牡,7,56.0,516,4,秋元耕,内野健,,8,1:38.2,40.5,5-5-5-6,1,516,4
2023/04/26,浦和,6,観光するならさいたま市賞Ｃ３七 八,1500,ダ,左,重,雨,12,5,5,エイペクス,牝,5,54.0,503,2,本田重,池田孝,,9,1:38.7,40.2,9-9-9-9,5,503,2
2023/04/26,浦和,6,観光するならさいたま市賞Ｃ３七 八,1500,ダ,左,重,雨,12,7,10,シンキングロマンス,牝,4,54.0,447,1,岡田大,川村守,,10,1:39.7,40.5,11-11-11-11,9,447,1
2023/04/26,浦和,6,観光するならさいたま市賞Ｃ３七 八,1500,ダ,左,重,雨,12,7,9,カズブレイド,牡,6,56.0,519,-2,高橋利,新井清,,11,1:39.9,40.9,10-10-10-10,6,519,-2
2023/04/26,浦和,6,観光するならさいたま市賞Ｃ３七 八,1500,ダ,左,重,雨,12,5,6,ミウィ,牝,4,54.0,445,2,加藤和,薮口一,,,,,,,445,2
2023/04/26,浦和,7,さいたま市発祥のさつまいも　紅赤賞Ｃ２七,1400,ダ,左,不良,雨,12,4,4,ベニノマドンナ,牝,6,53.0,458,2,野畑凌,田邊陽,,1,1:29.0,39.1,3-3-1-1,6,458,2
2023/04/26,浦和,7,さいたま市発祥のさつまいも　紅赤賞Ｃ２七,1400,ダ,左,不良,雨,12,5,6,ルージュカプリス,牝,6,54.0,423,-8,加藤和,長谷忍,,2,1:29.4,39.2,6-6-6-2,2,423,-8
2023/04/26,浦和,7,さいたま市発祥のさつまいも　紅赤賞Ｃ２七,1400,ダ,左,不良,雨,12,6,8,ビーマジカル,牝,4,53.0,451,1,新原周,野口孝,,3,1:29.4,38.6,9-10-8-7,4,451,1
2023/04/26,浦和,7,さいたま市発祥のさつまいも　紅赤賞Ｃ２七,1400,ダ,左,不良,雨,12,1,1,ビュヴォン,牡,5,55.0,515,-2,七夕裕,長谷忍,,4,1:29.6,39.5,4-4-4-3,10,515,-2
2023/04/26,浦和,7,さいたま市発祥のさつまいも　紅赤賞Ｃ２七,1400,ダ,左,不良,雨,12,7,10,クイーンシルビア,牝,5,54.0,449,-7,山中悠,山下之,,5,1:29.7,39.0,12-11-7-4,7,449,-7
2023/04/26,浦和,7,さいたま市発祥のさつまいも　紅赤賞Ｃ２七,1400,ダ,左,不良,雨,12,6,7,ウォーターリリー,牝,5,54.0,473,14,橋本直,内野健,,6,1:30.3,40.2,5-5-5-6,8,473,14
2023/04/26,浦和,7,さいたま市発祥のさつまいも　紅赤賞Ｃ２七,1400,ダ,左,不良,雨,12,7,9,ロータスペトル,牡,4,56.0,477,-1,本田重,野口寛,,7,1:30.4,39.8,7-9-9-10,5,477,-1
2023/04/26,浦和,7,さいたま市発祥のさつまいも　紅赤賞Ｃ２七,1400,ダ,左,不良,雨,12,2,2,ライズザトーチ,牝,4,54.0,551,13,高橋哲,水野貴,,8,1:30.5,40.6,1-1-2-5,1,551,13
2023/04/26,浦和,7,さいたま市発祥のさつまいも　紅赤賞Ｃ２七,1400,ダ,左,不良,雨,12,8,12,クリムゾンオーラ,牝,6,54.0,483,8,秋元耕,入口由,,9,1:30.9,41.0,2-2-3-8,3,483,8
2023/04/26,浦和,7,さいたま市発祥のさつまいも　紅赤賞Ｃ２七,1400,ダ,左,不良,雨,12,5,5,シシャモ,牝,4,54.0,414,-1,半澤慶,工藤伸,,10,1:30.9,40.2,8-7-10-9,12,414,-1
2023/04/26,浦和,7,さいたま市発祥のさつまいも　紅赤賞Ｃ２七,1400,ダ,左,不良,雨,12,3,3,ナムラキャッツ,牝,4,50.0,409,4,中島良,横山保,,11,1:31.2,39.6,11-12-12-12,11,409,4
2023/04/26,浦和,7,さいたま市発祥のさつまいも　紅赤賞Ｃ２七,1400,ダ,左,不良,雨,12,8,11,ポップコーントーン,牝,4,52.0,400,0,室陽一,工藤伸,,12,1:31.3,40.6,10-8-11-11,9,400,0
2023/04/26,浦和,8,のびのびシティさいたま市賞Ｃ１五,1400,ダ,左,不良,雨,12,7,10,ムナサワギノツキ,牝,4,54.0,471,-8,張田昂,平山真,,1,1:27.6,38.0,1-1-1-1,4,471,-8
2023/04/26,浦和,8,のびのびシティさいたま市賞Ｃ１五,1400,ダ,左,不良,雨,12,6,7,アドミラブルエース,牡,4,56.0,481,11,笹川翼,繁田健,,2,1:28.0,37.4,8-8-9-6,7,481,11
2023/04/26,浦和,8,のびのびシティさいたま市賞Ｃ１五,1400,ダ,左,不良,雨,12,8,12,ワンダーフェンリル,牡,5,56.0,512,-1,橋本直,鈴木勝,,3,1:28.3,38.1,7-7-5-5,6,512,-1
2023/04/26,浦和,8,のびのびシティさいたま市賞Ｃ１五,1400,ダ,左,不良,雨,12,8,11,アキノポエム,牝,4,54.0,468,7,本橋孝,小久智,,4,1:28.3,38.5,2-2-2-2,2,468,7
2023/04/26,浦和,8,のびのびシティさいたま市賞Ｃ１五,1400,ダ,左,不良,雨,12,4,4,ピュアファンタジー,牝,6,53.0,481,0,古岡勇,小澤宏,,5,1:28.4,38.4,3-3-3-3,8,481,0
2023/04/26,浦和,8,のびのびシティさいたま市賞Ｃ１五,1400,ダ,左,不良,雨,12,3,3,スリーポイント,牡,8,56.0,456,6,山崎誠,山崎尋,,6,1:28.5,37.8,10-9-6-4,1,456,6
2023/04/26,浦和,8,のびのびシティさいたま市賞Ｃ１五,1400,ダ,左,不良,雨,12,7,9,ソウヤミサキ,牝,5,54.0,461,10,森泰斗,岡田一,,7,1:28.9,37.8,9-11-11-11,5,461,10
2023/04/26,浦和,8,のびのびシティさいたま市賞Ｃ１五,1400,ダ,左,不良,雨,12,2,2,ガマン,牡,6,56.0,465,1,藤江渉,水野貴,,8,1:29.1,38.7,5-5-8-7,11,465,1
2023/04/26,浦和,8,のびのびシティさいたま市賞Ｃ１五,1400,ダ,左,不良,雨,12,1,1,フーラリ,牡,5,55.0,482,12,七夕裕,山越光,,9,1:29.2,38.1,11-10-10-10,12,482,12
2023/04/26,浦和,8,のびのびシティさいたま市賞Ｃ１五,1400,ダ,左,不良,雨,12,6,8,クレウーサ,牝,4,54.0,481,11,矢野貴,小澤宏,,10,1:29.6,39.4,6-6-7-9,9,481,11
2023/04/26,浦和,8,のびのびシティさいたま市賞Ｃ１五,1400,ダ,左,不良,雨,12,5,5,イチジン,牡,6,56.0,460,2,加藤和,長谷忍,,11,1:30.2,40.2,4-4-4-8,3,460,2
2023/04/26,浦和,8,のびのびシティさいたま市賞Ｃ１五,1400,ダ,左,不良,雨,12,5,6,イグレック,セ,0,55.0,497,4,新原周,久保秀,,12,1:30.8,38.3,12-12-12-12,10,497,4
2023/04/26,浦和,9,植月特別Ｃ２二,1500,ダ,左,不良,雨,10,8,9,パールアゲイン,牝,4,53.0,403,-1,七夕裕,岡田一,,1,1:33.9,38.4,2-2-2-2,2,403,-1
2023/04/26,浦和,9,植月特別Ｃ２二,1500,ダ,左,不良,雨,10,2,2,シンキングスカイ,牡,5,56.0,468,2,町田直,内田勝,,2,1:34.2,39.0,1-1-1-1,5,468,2
2023/04/26,浦和,9,植月特別Ｃ２二,1500,ダ,左,不良,雨,10,5,5,アーバンブラック,牡,8,56.0,467,1,張田昂,平山真,,3,1:34.4,37.8,10-10-7-6,6,467,1
2023/04/26,浦和,9,植月特別Ｃ２二,1500,ダ,左,不良,雨,10,3,3,モニュメントキング,牡,7,56.0,511,1,和田譲,新井清,,4,1:34.7,39.0,5-3-3-3,1,511,1
2023/04/26,浦和,9,植月特別Ｃ２二,1500,ダ,左,不良,雨,10,7,7,エターナルルビー,牝,5,50.0,453,9,中島良,川島豊,,5,1:34.7,38.4,9-6-5-4,7,453,9
2023/04/26,浦和,9,植月特別Ｃ２二,1500,ダ,左,不良,雨,10,1,1,ミトグラフィア,牝,5,54.0,424,-3,櫻井光,田邊陽,,6,1:35.2,39.3,3-4-4-5,4,424,-3
2023/04/26,浦和,9,植月特別Ｃ２二,1500,ダ,左,不良,雨,10,7,8,キスアンドテル,牝,4,54.0,500,-3,笠野雄,海馬司,,7,1:36.6,39.9,7-9-10-8,9,500,-3
2023/04/26,浦和,9,植月特別Ｃ２二,1500,ダ,左,不良,雨,10,4,4,ベローナカグラ,牝,4,54.0,485,-1,笹川翼,水野貴,,8,1:37.0,40.6,4-5-6-7,3,485,-1
2023/04/26,浦和,9,植月特別Ｃ２二,1500,ダ,左,不良,雨,10,6,6,グッドヘイロー,牝,4,54.0,499,7,半澤慶,山越光,,9,1:38.3,41.9,6-7-8-9,10,499,7
2023/04/26,浦和,9,植月特別Ｃ２二,1500,ダ,左,不良,雨,10,8,10,エレダール,牡,4,54.0,448,3,室陽一,工藤伸,,10,1:38.5,42.1,8-8-8-10,8,448,3
2023/04/26,浦和,10,芝桜特別Ｂ２Ｂ３選抜馬,2000,ダ,左,不良,雨,8,2,2,アルラ,牡,4,57.0,532,3,内田利,箕輪武,,1,2:06.5,37.6,3-5-2-1,1,532,3
2023/04/26,浦和,10,芝桜特別Ｂ２Ｂ３選抜馬,2000,ダ,左,不良,雨,8,8,8,オーケーパッション,牝,5,53.0,488,-4,見越彬,小久智,,2,2:06.9,38.4,1-1-1-2,2,488,-4
2023/04/26,浦和,10,芝桜特別Ｂ２Ｂ３選抜馬,2000,ダ,左,不良,雨,8,7,7,グッドヘルスバイオ,牡,7,57.0,487,-3,和田譲,新井清,,3,2:07.8,37.8,6-6-7-4,6,487,-3
2023/04/26,浦和,10,芝桜特別Ｂ２Ｂ３選抜馬,2000,ダ,左,不良,雨,8,6,6,エラボレート,牡,6,57.0,461,-1,矢野貴,林隆之,,4,2:08.5,39.8,2-2-2-3,3,461,-1
2023/04/26,浦和,10,芝桜特別Ｂ２Ｂ３選抜馬,2000,ダ,左,不良,雨,8,1,1,フレッシュグリーン,牡,4,56.0,455,4,野畑凌,加藤誠,,5,2:09.1,39.2,7-7-6-6,7,455,4
2023/04/26,浦和,10,芝桜特別Ｂ２Ｂ３選抜馬,2000,ダ,左,不良,雨,8,3,3,フューリアス,牡,5,55.0,464,13,室陽一,宇野博,,6,2:09.2,40.1,5-3-4-5,5,464,13
2023/04/26,浦和,10,芝桜特別Ｂ２Ｂ３選抜馬,2000,ダ,左,不良,雨,8,5,5,マスカテル,牡,6,57.0,502,4,山崎誠,平山真,,7,2:09.3,38.5,8-8-8-8,8,502,4
2023/04/26,浦和,10,芝桜特別Ｂ２Ｂ３選抜馬,2000,ダ,左,不良,雨,8,4,4,マーシテイクオン,牡,4,55.0,481,1,小杉亮,矢野義,,8,2:09.7,40.4,3-3-5-7,4,481,1
2023/04/26,浦和,11,しらさぎ賞４上牝馬オープン,1400,ダ,左,不良,曇,12,2,2,スティールルージュ,牝,4,55.0,476,-3,張田昂,張田京,,1,1:25.8,37.3,1-1-1-1,5,476,-3
2023/04/26,浦和,11,しらさぎ賞４上牝馬オープン,1400,ダ,左,不良,曇,12,7,9,パワースレイヴ,牝,4,54.0,493,3,菅原涼,鷹見浩,,2,1:26.3,37.7,3-2-1-2,4,493,3
2023/04/26,浦和,11,しらさぎ賞４上牝馬オープン,1400,ダ,左,不良,曇,12,6,7,グランパラディーゾ,牝,5,57.0,474,0,本田重,渡邉和,,3,1:26.3,37.5,5-5-3-3,1,474,0
2023/04/26,浦和,11,しらさぎ賞４上牝馬オープン,1400,ダ,左,不良,曇,12,5,6,ジュネス,牝,6,52.0,486,-5,笹川翼,小久智,,4,1:26.4,37.6,4-4-5-4,2,486,-5
2023/04/26,浦和,11,しらさぎ賞４上牝馬オープン,1400,ダ,左,不良,曇,12,8,12,セパヌイール,牝,8,54.0,467,2,矢野貴,森下淳,,5,1:26.4,37.5,7-7-4-5,3,467,2
2023/04/26,浦和,11,しらさぎ賞４上牝馬オープン,1400,ダ,左,不良,曇,12,3,3,トキノゴールド,牝,4,52.0,485,-7,櫻井光,八木喜,,6,1:26.5,37.4,6-6-7-6,11,485,-7
2023/04/26,浦和,11,しらさぎ賞４上牝馬オープン,1400,ダ,左,不良,曇,12,6,8,ティーズハクア,牝,4,54.0,499,-8,達城龍,山中尊,,7,1:27.1,37.7,10-10-9-7,7,499,-8
2023/04/26,浦和,11,しらさぎ賞４上牝馬オープン,1400,ダ,左,不良,曇,12,8,11,リネンファッション,牝,6,56.0,453,3,森泰斗,加藤誠,,8,1:27.8,38.6,9-8-8-8,6,453,3
2023/04/26,浦和,11,しらさぎ賞４上牝馬オープン,1400,ダ,左,不良,曇,12,4,4,ロカマドール,牝,7,55.0,471,-1,山崎誠,山崎尋,,9,1:28.0,37.6,11-11-11-9,10,471,-1
2023/04/26,浦和,11,しらさぎ賞４上牝馬オープン,1400,ダ,左,不良,曇,12,1,1,レディオガガ,牝,4,52.0,496,5,野畑凌,高月賢,,10,1:28.4,38.8,8-9-10-11,8,496,5
2023/04/26,浦和,11,しらさぎ賞４上牝馬オープン,1400,ダ,左,不良,曇,12,7,10,ミスティネイル,牝,7,52.0,499,-5,丸山真,伊藤好,,11,1:28.6,37.6,12-12-12-12,12,499,-5
2023/04/26,浦和,11,しらさぎ賞４上牝馬オープン,1400,ダ,左,不良,曇,12,5,5,プリモジョーカー,牝,6,52.0,482,4,新原周,内田勝,,12,1:30.0,41.4,2-3-6-10,9,482,4
2023/04/26,浦和,12,牡牛座特別Ｃ１二,1500,ダ,左,不良,雨,12,2,2,ローザロード,牝,4,54.0,441,0,森泰斗,小久智,,1,1:32.9,37.5,1-1-1-1,1,441,0
2023/04/26,浦和,12,牡牛座特別Ｃ１二,1500,ダ,左,不良,雨,12,1,1,アマゴ,牝,4,54.0,450,8,今野忠,箕輪武,,2,1:34.3,38.4,5-5-3-2,2,450,8
2023/04/26,浦和,12,牡牛座特別Ｃ１二,1500,ダ,左,不良,雨,12,3,3,ワンダークラドート,牡,6,56.0,480,0,橋本直,鈴木勝,,3,1:34.6,38.4,6-6-5-3,7,480,0
2023/04/26,浦和,12,牡牛座特別Ｃ１二,1500,ダ,左,不良,雨,12,4,4,モズハッピーロード,牡,5,56.0,499,2,山崎誠,平山真,,4,1:34.6,38.7,4-4-4-5,3,499,2
2023/04/26,浦和,12,牡牛座特別Ｃ１二,1500,ダ,左,不良,雨,12,7,9,ミラクルランバック,牡,4,56.0,522,5,笹川翼,藤原智,,5,1:34.7,38.0,7-7-7-6,4,522,5
2023/04/26,浦和,12,牡牛座特別Ｃ１二,1500,ダ,左,不良,雨,12,6,8,ガンコチャン,牝,4,54.0,479,3,達城龍,岡田一,,6,1:34.9,39.2,2-2-2-4,8,479,3
2023/04/26,浦和,12,牡牛座特別Ｃ１二,1500,ダ,左,不良,雨,12,5,5,キックフリップ,牝,4,54.0,463,1,見越彬,野口孝,,7,1:35.6,38.3,8-8-8-7,11,463,1
2023/04/26,浦和,12,牡牛座特別Ｃ１二,1500,ダ,左,不良,雨,12,6,7,セイウンコチョウ,牝,4,54.0,403,-1,國分祐,冨田敏,,8,1:36.2,38.7,9-9-9-9,12,403,-1
2023/04/26,浦和,12,牡牛座特別Ｃ１二,1500,ダ,左,不良,雨,12,7,10,イデアノキセキ,牡,4,55.0,443,6,野畑凌,岡田一,,9,1:36.4,40.5,3-3-6-8,5,443,6
2023/04/26,浦和,12,牡牛座特別Ｃ１二,1500,ダ,左,不良,雨,12,8,12,コスモルシオ,牡,7,56.0,521,-5,藤江渉,田島寿,,10,1:36.6,37.7,12-12-12-12,9,521,-5
2023/04/26,浦和,12,牡牛座特別Ｃ１二,1500,ダ,左,不良,雨,12,8,11,エールプレジール,セ,0,56.0,472,-7,秋元耕,渋谷博,,11,1:36.7,38.6,10-11-11-10,6,472,-7
2023/04/26,浦和,12,牡牛座特別Ｃ１二,1500,ダ,左,不良,雨,12,5,6,コンアモーレ,牡,4,54.0,488,-6,室陽一,宇野博,,12,1:36.9,38.8,11-10-10-10,10,488,-6
2023/04/27,浦和,1,浦和８００ラウンド３歳選抜馬イ,800,ダ,左,重,晴,12,1,1,アイゴールド,牝,3,54.0,484,7,秋元耕,岡田一,,1,0:47.7,35.3,1-1,1,484,7
2023/04/27,浦和,1,浦和８００ラウンド３歳選抜馬イ,800,ダ,左,重,晴,12,5,5,モモナ,牝,3,54.0,388,-14,見越彬,野口孝,,2,0:48.8,36.4,2-2,5,388,-14
2023/04/27,浦和,1,浦和８００ラウンド３歳選抜馬イ,800,ダ,左,重,晴,12,7,10,クラスヴァンクル,牡,3,56.0,482,8,岡田大,薮口一,,3,0:49.0,36.5,3-4,2,482,8
2023/04/27,浦和,1,浦和８００ラウンド３歳選抜馬イ,800,ダ,左,重,晴,12,7,9,クリプリンセス,牝,3,54.0,410,3,國分祐,冨田敏,,4,0:49.1,36.2,4-3,10,410,3
2023/04/27,浦和,1,浦和８００ラウンド３歳選抜馬イ,800,ダ,左,重,晴,12,5,6,ナムラフレディー,牡,3,55.0,457,5,菅原涼,箕輪武,,5,0:49.9,36.6,8-7,4,457,5
2023/04/27,浦和,1,浦和８００ラウンド３歳選抜馬イ,800,ダ,左,重,晴,12,4,4,シゲルマンテン,牝,3,50.0,450,16,中島良,酒井一,,6,0:49.9,36.8,6-5,3,450,16
2023/04/27,浦和,1,浦和８００ラウンド３歳選抜馬イ,800,ダ,左,重,晴,12,8,11,モエヨジャンヌ,牝,3,54.0,403,1,赤津和,箕輪武,,7,0:50.1,37.4,5-6,6,403,1
2023/04/27,浦和,1,浦和８００ラウンド３歳選抜馬イ,800,ダ,左,重,晴,12,6,8,ジョディユキ,牝,3,54.0,444,-8,橋本直,酒井一,,8,0:50.3,37.0,7-8,7,444,-8
2023/04/27,浦和,1,浦和８００ラウンド３歳選抜馬イ,800,ダ,左,重,晴,12,2,2,アナイス,牝,3,54.0,438,0,岡村裕,新井健,,9,0:50.6,37.3,9-9,12,438,0
2023/04/27,浦和,1,浦和８００ラウンド３歳選抜馬イ,800,ダ,左,重,晴,12,8,12,シェナグローリー,牝,3,53.0,470,13,七夕裕,冨田敏,,10,0:50.7,37.2,12-12,11,470,13
2023/04/27,浦和,1,浦和８００ラウンド３歳選抜馬イ,800,ダ,左,重,晴,12,3,3,ミヤビジゼル,牝,3,53.0,418,-2,池谷匠,林隆之,,11,0:50.8,37.1,11-10,9,418,-2
2023/04/27,浦和,1,浦和８００ラウンド３歳選抜馬イ,800,ダ,左,重,晴,12,6,7,サランサランサラン,牝,3,54.0,0,0,半澤慶,山越光,,12,0:51.5,38.1,10-11,8,0,0
2023/04/27,浦和,2,ランチタイムチャレンジＣ３五 六,1400,ダ,左,重,晴,12,8,11,ツーエムロケット,セ,0,56.0,480,4,森泰斗,小澤宏,,1,1:30.2,39.4,2-2-1-1,1,480,4
2023/04/27,浦和,2,ランチタイムチャレンジＣ３五 六,1400,ダ,左,重,晴,12,5,6,ショウイモン,牝,6,54.0,435,4,橋本直,内野健,,2,1:31.7,40.4,5-5-4-4,2,435,4
2023/04/27,浦和,2,ランチタイムチャレンジＣ３五 六,1400,ダ,左,重,晴,12,7,10,ハマベノルンナ,牝,4,54.0,456,11,和田譲,宇野博,,3,1:31.8,40.7,3-3-3-2,3,456,11
2023/04/27,浦和,2,ランチタイムチャレンジＣ３五 六,1400,ダ,左,重,晴,12,2,2,メイショウコウヨウ,牝,4,54.0,451,9,加藤和,川村守,,4,1:32.2,40.0,9-9-6-5,8,451,9
2023/04/27,浦和,2,ランチタイムチャレンジＣ３五 六,1400,ダ,左,重,晴,12,8,12,ゴールドアクセル,牡,5,56.0,518,6,高橋哲,鹿沼和,,5,1:32.4,41.0,4-4-5-6,7,518,6
2023/04/27,浦和,2,ランチタイムチャレンジＣ３五 六,1400,ダ,左,重,晴,12,7,9,レーダーベクター,牡,4,55.0,463,5,七夕裕,川村守,,6,1:32.5,39.3,11-11-10-10,6,463,5
2023/04/27,浦和,2,ランチタイムチャレンジＣ３五 六,1400,ダ,左,重,晴,12,1,1,セキノアトラス,牡,5,56.0,437,-2,櫻井光,八木仁,,7,1:32.7,41.9,1-1-2-3,4,437,-2
2023/04/27,浦和,2,ランチタイムチャレンジＣ３五 六,1400,ダ,左,重,晴,12,5,5,アストロメアリー,牝,4,50.0,417,2,中島良,長谷忍,,8,1:32.7,40.5,8-8-9-8,11,417,2
2023/04/27,浦和,2,ランチタイムチャレンジＣ３五 六,1400,ダ,左,重,晴,12,6,7,スクリームイーグル,セ,0,54.0,448,5,室陽一,酒井一,,9,1:33.2,41.2,10-7-7-7,5,448,5
2023/04/27,浦和,2,ランチタイムチャレンジＣ３五 六,1400,ダ,左,重,晴,12,4,4,サウンドウェリナ,牝,4,51.0,448,7,木間龍,薮口一,,10,1:33.2,41.3,7-6-8-8,12,448,7
2023/04/27,浦和,2,ランチタイムチャレンジＣ３五 六,1400,ダ,左,重,晴,12,6,8,ワイズマンコート,牡,4,56.0,460,16,半澤慶,川島豊,,11,1:33.6,40.4,12-12-11-11,9,460,16
2023/04/27,浦和,2,ランチタイムチャレンジＣ３五 六,1400,ダ,左,重,晴,12,3,3,ライディーン,牡,4,56.0,497,-2,秋元耕,川島豊,,12,1:35.9,42.9,6-10-12-12,10,497,-2
2023/04/27,浦和,3,Ｃ３三 四,1400,ダ,左,重,晴,12,8,12,ミッドナイトブルー,牝,4,54.0,438,6,橋本直,横山保,,1,1:31.0,38.1,5-3-2-1,6,438,6
2023/04/27,浦和,3,Ｃ３三 四,1400,ダ,左,重,晴,12,2,2,シュヴァーン,牡,4,56.0,525,1,張田昂,野口孝,,2,1:31.2,38.4,1-1-1-1,1,525,1
2023/04/27,浦和,3,Ｃ３三 四,1400,ダ,左,重,晴,12,8,11,スリーエクセレント,牡,4,56.0,496,-3,赤津和,川村守,,3,1:31.3,38.1,6-5-4-3,2,496,-3
2023/04/27,浦和,3,Ｃ３三 四,1400,ダ,左,重,晴,12,6,8,サマーローヤル,牝,5,53.0,403,2,池谷匠,村田順,,4,1:31.6,37.8,8-8-6-5,9,403,2
2023/04/27,浦和,3,Ｃ３三 四,1400,ダ,左,重,晴,12,5,6,キモンズラブ,牝,9,54.0,467,-5,國分祐,冨田敏,,5,1:32.0,38.9,4-4-5-4,10,467,-5
2023/04/27,浦和,3,Ｃ３三 四,1400,ダ,左,重,晴,12,5,5,サヨノシルバーズ,牡,4,56.0,479,4,藤江渉,工藤伸,,6,1:32.8,40.0,2-2-3-6,3,479,4
2023/04/27,浦和,3,Ｃ３三 四,1400,ダ,左,重,晴,12,6,7,ゴッドデサフィオ,牡,5,56.0,433,5,秋元耕,鹿沼和,,7,1:33.5,39.5,3-6-8-7,8,433,5
2023/04/27,浦和,3,Ｃ３三 四,1400,ダ,左,重,晴,12,7,10,キャンディボイス,牡,4,56.0,548,2,加藤和,長谷忍,,8,1:34.0,40.0,7-7-7-8,4,548,2
2023/04/27,浦和,3,Ｃ３三 四,1400,ダ,左,重,晴,12,1,1,ピエナゴールド,牡,5,56.0,480,0,達城龍,村田六,,9,1:34.2,39.5,9-10-10-9,5,480,0
2023/04/27,浦和,3,Ｃ３三 四,1400,ダ,左,重,晴,12,7,9,エクストリーム,牡,9,55.0,464,7,野畑凌,田邊陽,,10,1:34.8,40.6,10-9-9-10,7,464,7
2023/04/27,浦和,3,Ｃ３三 四,1400,ダ,左,重,晴,12,3,3,カイジンビリーヴ,牡,5,56.0,0,0,高橋哲,入口由,,,,,,,0,0
2023/04/27,浦和,3,Ｃ３三 四,1400,ダ,左,重,晴,12,4,4,ヨドノホマレ,牡,4,56.0,500,0,森泰斗,平山真,,,,,,,500,0
2023/04/27,浦和,4,Ｃ２八 九,1400,ダ,左,重,晴,12,5,5,リジン,牡,4,56.0,486,-2,本田重,水野貴,,1,1:29.1,38.5,1-1-1-1,1,486,-2
2023/04/27,浦和,4,Ｃ２八 九,1400,ダ,左,重,晴,12,5,6,アイリーライフ,牝,5,54.0,473,-2,笹川翼,新井清,,2,1:31.2,40.0,6-6-4-4,2,473,-2
2023/04/27,浦和,4,Ｃ２八 九,1400,ダ,左,重,晴,12,6,8,フェイドハード,牡,6,56.0,515,3,加藤和,長谷忍,,3,1:31.3,40.5,4-3-2-2,3,515,3
2023/04/27,浦和,4,Ｃ２八 九,1400,ダ,左,重,晴,12,2,2,ダイエービルベリー,牝,5,54.0,481,4,藤江渉,酒井一,,4,1:31.4,39.9,7-7-7-5,7,481,4
2023/04/27,浦和,4,Ｃ２八 九,1400,ダ,左,重,晴,12,6,7,テットアヴァンセ,牡,4,56.0,462,11,秋元耕,小林真,,5,1:31.6,40.6,2-2-5-6,10,462,11
2023/04/27,浦和,4,Ｃ２八 九,1400,ダ,左,重,晴,12,8,11,サンクフルレッド,牝,5,54.0,458,3,今野忠,安池成,,6,1:31.7,39.0,11-11-10-10,8,458,3
2023/04/27,浦和,4,Ｃ２八 九,1400,ダ,左,重,晴,12,8,12,ビーナスオーキッド,牝,5,54.0,505,12,伊藤裕,平田正,,7,1:31.7,40.7,3-5-3-3,5,505,12
2023/04/27,浦和,4,Ｃ２八 九,1400,ダ,左,重,晴,12,7,10,アトラクティッド,牝,4,54.0,429,1,半澤慶,工藤伸,,8,1:31.7,39.4,9-9-9-9,11,429,1
2023/04/27,浦和,4,Ｃ２八 九,1400,ダ,左,重,晴,12,1,1,メディアジャッカル,牝,5,54.0,453,11,見越彬,内野健,,9,1:32.1,39.4,10-10-11-11,9,453,11
2023/04/27,浦和,4,Ｃ２八 九,1400,ダ,左,重,晴,12,7,9,カペラスター,牡,4,56.0,486,7,高橋哲,横山保,,10,1:32.1,40.1,8-8-8-8,6,486,7
2023/04/27,浦和,4,Ｃ２八 九,1400,ダ,左,重,晴,12,4,4,リープ,牝,5,54.0,470,4,町田直,山崎裕,,11,1:33.1,41.9,5-4-6-7,4,470,4
2023/04/27,浦和,4,Ｃ２八 九,1400,ダ,左,重,晴,12,3,3,モリデンテキーラ,牝,8,54.0,475,7,和田譲,山越光,,,,,,,475,7
2023/04/27,浦和,5,Ｃ３五 六,1500,ダ,左,重,晴,12,5,5,マジェスティアスク,牝,5,54.0,473,-2,山崎誠,山崎尋,,1,1:38.2,40.4,5-5-2-1,2,473,-2
2023/04/27,浦和,5,Ｃ３五 六,1500,ダ,左,重,晴,12,8,11,エンチャント,牝,4,54.0,441,-3,橋本直,平山真,,2,1:38.7,41.0,4-3-1-2,5,441,-3
2023/04/27,浦和,5,Ｃ３五 六,1500,ダ,左,重,晴,12,4,4,サンライズテソロ,牡,5,56.0,464,-1,半澤慶,川島豊,,3,1:39.2,40.8,9-9-7-4,7,464,-1
2023/04/27,浦和,5,Ｃ３五 六,1500,ダ,左,重,晴,12,6,7,ワールドウィスラー,牡,6,56.0,465,-2,今野忠,久保勇,,4,1:39.2,41.1,6-7-5-3,4,465,-2
2023/04/27,浦和,5,Ｃ３五 六,1500,ダ,左,重,晴,12,5,6,トーセンイヴ,牝,5,53.0,432,13,七夕裕,酒井一,,5,1:39.6,40.9,11-11-9-7,8,432,13
2023/04/27,浦和,5,Ｃ３五 六,1500,ダ,左,重,晴,12,7,9,エンバース,牡,4,56.0,498,8,赤津和,入口由,,6,1:39.8,41.9,7-6-5-6,6,498,8
2023/04/27,浦和,5,Ｃ３五 六,1500,ダ,左,重,晴,12,2,2,フラッシュサンダー,牝,4,52.0,439,10,室陽一,藤原智,,7,1:40.3,42.5,2-2-3-5,3,439,10
2023/04/27,浦和,5,Ｃ３五 六,1500,ダ,左,重,晴,12,6,8,シェナハート,牝,4,50.0,428,7,中島良,冨田敏,,8,1:40.3,41.8,10-10-10-9,11,428,7
2023/04/27,浦和,5,Ｃ３五 六,1500,ダ,左,重,晴,12,7,10,オーシャンウインド,牝,5,53.0,427,-6,池谷匠,田島寿,,9,1:40.5,41.6,12-12-12-11,10,427,-6
2023/04/27,浦和,5,Ｃ３五 六,1500,ダ,左,重,晴,12,1,1,ペキノワ,牝,8,54.0,462,2,町田直,新井清,,10,1:40.5,42.7,1-1-3-8,1,462,2
2023/04/27,浦和,5,Ｃ３五 六,1500,ダ,左,重,晴,12,3,3,セイウンミレイア,牝,6,54.0,480,6,國分祐,冨田敏,,11,1:41.3,42.8,3-4-11-10,11,480,6
2023/04/27,浦和,5,Ｃ３五 六,1500,ダ,左,重,晴,12,8,12,ブルーガーデニア,牝,5,54.0,489,-3,實川純,宮下靖,,12,1:42.5,44.5,8-8-8-12,9,489,-3
2023/04/27,浦和,6,さいたまスイーツ賞Ｃ３三 四,1500,ダ,左,重,晴,12,7,9,アーストラベル,牝,4,54.0,416,2,内田利,箕輪武,,1,1:37.5,40.3,3-3-1-1,5,416,2
2023/04/27,浦和,6,さいたまスイーツ賞Ｃ３三 四,1500,ダ,左,重,晴,12,7,10,イッツショータイム,牡,7,55.0,482,6,古岡勇,安池成,,2,1:37.5,39.4,11-11-6-5,6,482,6
2023/04/27,浦和,6,さいたまスイーツ賞Ｃ３三 四,1500,ダ,左,重,晴,12,5,5,バローロフレイバー,牡,7,56.0,525,5,今野忠,繁田健,,3,1:37.5,40.4,2-1-2-1,1,525,5
2023/04/27,浦和,6,さいたまスイーツ賞Ｃ３三 四,1500,ダ,左,重,晴,12,4,4,ティーズロック,牡,4,56.0,515,6,高橋哲,水野貴,,4,1:37.6,40.0,4-4-4-3,7,515,6
2023/04/27,浦和,6,さいたまスイーツ賞Ｃ３三 四,1500,ダ,左,重,晴,12,5,6,スカイパーフェクト,牝,4,54.0,450,3,半澤慶,吉田正,,5,1:37.8,40.2,7-5-5-4,10,450,3
2023/04/27,浦和,6,さいたまスイーツ賞Ｃ３三 四,1500,ダ,左,重,晴,12,8,12,フィアレススマイル,牡,6,56.0,456,-3,橋本直,平山真,,6,1:38.4,40.4,8-8-8-8,3,456,-3
2023/04/27,浦和,6,さいたまスイーツ賞Ｃ３三 四,1500,ダ,左,重,晴,12,1,1,コロディア,牝,4,51.0,476,-1,小林勝,鹿沼和,,7,1:38.6,40.8,5-6-7-6,9,476,-1
2023/04/27,浦和,6,さいたまスイーツ賞Ｃ３三 四,1500,ダ,左,重,晴,12,3,3,アレアンサンブル,牝,6,53.0,455,1,新原周,甲田悟,,8,1:39.0,40.4,12-12-10-10,4,455,1
2023/04/27,浦和,6,さいたまスイーツ賞Ｃ３三 四,1500,ダ,左,重,晴,12,6,8,シシリアンルージュ,牡,4,56.0,473,-2,加藤和,薮口一,,9,1:39.5,41.1,10-10-9-9,12,473,-2
2023/04/27,浦和,6,さいたまスイーツ賞Ｃ３三 四,1500,ダ,左,重,晴,12,2,2,プレミアムプリモ,牝,6,52.0,477,-2,室陽一,平山真,,10,1:39.6,40.8,9-9-12-11,8,477,-2
2023/04/27,浦和,6,さいたまスイーツ賞Ｃ３三 四,1500,ダ,左,重,晴,12,8,11,ラブリーギャル,牝,7,54.0,501,5,見越彬,海馬司,,11,1:39.7,42.6,1-2-3-7,2,501,5
2023/04/27,浦和,6,さいたまスイーツ賞Ｃ３三 四,1500,ダ,左,重,晴,12,6,7,ロードユリシス,セ,0,55.0,473,-17,七夕裕,長谷忍,,12,1:42.4,44.0,6-7-11-12,11,473,-17
2023/04/27,浦和,7,Ｊ交 ツインメイト特別３歳選抜馬,1400,ダ,左,重,晴,11,4,4,レジーナローズ,牝,3,53.0,430,2,秋山稔,鈴木慎,,1,1:28.2,37.5,7-6-5-1,5,430,2
2023/04/27,浦和,7,Ｊ交 ツインメイト特別３歳選抜馬,1400,ダ,左,重,晴,11,6,7,ペガーズブリエ,牡,3,56.0,509,9,笹川翼,和田勇,,2,1:29.1,39.0,2-2-2-2,2,509,9
2023/04/27,浦和,7,Ｊ交 ツインメイト特別３歳選抜馬,1400,ダ,左,重,晴,11,3,3,ワンダーマーシー,牡,3,56.0,521,-1,丹内祐,森田直,,3,1:29.2,38.9,5-5-4-4,3,521,-1
2023/04/27,浦和,7,Ｊ交 ツインメイト特別３歳選抜馬,1400,ダ,左,重,晴,11,1,1,テクノダイヤモンド,牡,3,53.0,520,-6,今村聖,新谷功,,4,1:29.6,38.6,6-7-7-7,4,520,-6
2023/04/27,浦和,7,Ｊ交 ツインメイト特別３歳選抜馬,1400,ダ,左,重,晴,11,2,2,ピュアアメリカン,牝,3,50.0,466,-8,中島良,小澤宏,,5,1:29.9,39.4,3-4-6-6,10,466,-8
2023/04/27,浦和,7,Ｊ交 ツインメイト特別３歳選抜馬,1400,ダ,左,重,晴,11,7,8,ナリノルル,牡,3,56.0,471,-6,町田直,内田勝,,6,1:30.2,39.9,4-3-3-5,7,471,-6
2023/04/27,浦和,7,Ｊ交 ツインメイト特別３歳選抜馬,1400,ダ,左,重,晴,11,8,11,ノースプリマ,牝,3,54.0,441,0,森泰斗,水野貴,,7,1:30.3,40.3,1-1-1-3,1,441,0
2023/04/27,浦和,7,Ｊ交 ツインメイト特別３歳選抜馬,1400,ダ,左,重,晴,11,5,5,サイモンカリン,牝,3,52.0,446,8,藤田菜,根本康,,8,1:30.6,38.3,11-11-10-9,8,446,8
2023/04/27,浦和,7,Ｊ交 ツインメイト特別３歳選抜馬,1400,ダ,左,重,晴,11,7,9,ファーレンジョー,牡,3,53.0,434,-6,小林勝,中野栄,,9,1:30.9,39.0,9-9-9-8,9,434,-6
2023/04/27,浦和,7,Ｊ交 ツインメイト特別３歳選抜馬,1400,ダ,左,重,晴,11,6,6,ノンリミタシオン,牡,3,56.0,428,4,山口達,林正人,,10,1:31.1,39.6,8-8-8-10,6,428,4
2023/04/27,浦和,7,Ｊ交 ツインメイト特別３歳選抜馬,1400,ダ,左,重,晴,11,8,10,シェナストーン,牡,3,56.0,441,1,秋元耕,吉田正,,11,1:31.9,39.0,10-10-11-11,11,441,1
2023/04/27,浦和,8,さいたま市ブランド米さいたま育Ｃ２八 九,1500,ダ,左,重,晴,12,4,4,サーブルルミエール,牡,6,56.0,457,-1,山崎誠,山崎尋,,1,1:37.4,39.4,2-2-1-1,3,457,-1
2023/04/27,浦和,8,さいたま市ブランド米さいたま育Ｃ２八 九,1500,ダ,左,重,晴,12,6,8,フクチャンクイーン,牝,4,54.0,439,3,加藤和,内野健,,2,1:37.4,39.4,3-3-2-1,10,439,3
2023/04/27,浦和,8,さいたま市ブランド米さいたま育Ｃ２八 九,1500,ダ,左,重,晴,12,6,7,ダイスギミッチー,牡,5,56.0,446,-6,櫻井光,田邊陽,,3,1:38.4,39.4,10-9-6-4,4,446,-6
2023/04/27,浦和,8,さいたま市ブランド米さいたま育Ｃ２八 九,1500,ダ,左,重,晴,12,5,6,キングブルズアイズ,牡,4,56.0,492,-3,町田直,繁田健,,4,1:38.5,40.4,5-4-4-3,2,492,-3
2023/04/27,浦和,8,さいたま市ブランド米さいたま育Ｃ２八 九,1500,ダ,左,重,晴,12,5,5,ワンダーヘーヒスト,牡,9,56.0,471,0,橋本直,鈴木勝,,5,1:38.8,39.8,8-8-9-10,6,471,0
2023/04/27,浦和,8,さいたま市ブランド米さいたま育Ｃ２八 九,1500,ダ,左,重,晴,12,8,11,マルノコウキ,牡,4,54.0,531,-2,室陽一,川村守,,6,1:39.0,40.2,6-7-7-6,5,531,-2
2023/04/27,浦和,8,さいたま市ブランド米さいたま育Ｃ２八 九,1500,ダ,左,重,晴,12,8,12,コスモヴェレッド,牡,4,56.0,464,6,岡田大,山越光,,7,1:39.1,40.5,7-6-5-5,9,464,6
2023/04/27,浦和,8,さいたま市ブランド米さいたま育Ｃ２八 九,1500,ダ,左,重,晴,12,7,9,エコロジーガール,牝,5,54.0,472,6,山中悠,伊藤滋,,8,1:39.3,39.9,9-10-10-9,7,472,6
2023/04/27,浦和,8,さいたま市ブランド米さいたま育Ｃ２八 九,1500,ダ,左,重,晴,12,2,2,エデリー,牡,7,56.0,532,-2,増田充,久保勇,,9,1:39.3,39.4,12-11-11-11,12,532,-2
2023/04/27,浦和,8,さいたま市ブランド米さいたま育Ｃ２八 九,1500,ダ,左,重,晴,12,3,3,ジーニーボニータ,牡,4,56.0,488,-17,高橋哲,水野貴,,10,1:39.5,40.6,4-5-8-8,8,488,-17
2023/04/27,浦和,8,さいたま市ブランド米さいたま育Ｃ２八 九,1500,ダ,左,重,晴,12,7,10,タマモトレゾール,牡,4,56.0,522,6,見越彬,川島豊,,11,1:40.9,40.6,11-12-12-12,11,522,6
2023/04/27,浦和,8,さいたま市ブランド米さいたま育Ｃ２八 九,1500,ダ,左,重,晴,12,1,1,エイシンドゥルガー,牝,4,53.0,484,5,野畑凌,藤原智,,12,1:41.3,43.3,1-1-3-7,1,484,5
2023/04/27,浦和,9,Ｊ交 マルチスター特別Ｂ２Ｂ３選抜馬,1400,ダ,左,重,晴,12,4,4,クアトロフォンテ,牡,4,57.0,454,-14,富田暁,高橋忠,,1,1:27.7,38.8,5-4-3-1,4,454,-14
2023/04/27,浦和,9,Ｊ交 マルチスター特別Ｂ２Ｂ３選抜馬,1400,ダ,左,重,晴,12,1,1,ケイツーマルカ,牝,5,51.0,511,3,小林美,鈴木伸,,2,1:28.1,38.1,12-10-7-6,6,511,3
2023/04/27,浦和,9,Ｊ交 マルチスター特別Ｂ２Ｂ３選抜馬,1400,ダ,左,重,晴,12,7,9,メタスペクター,牡,5,57.0,479,5,張田昂,張田京,,3,1:28.2,39.1,6-6-4-4,1,479,5
2023/04/27,浦和,9,Ｊ交 マルチスター特別Ｂ２Ｂ３選抜馬,1400,ダ,左,重,晴,12,3,3,シンメカイヤー,牡,4,57.0,528,-1,町田直,内田勝,,4,1:28.3,39.4,2-2-1-2,2,528,-1
2023/04/27,浦和,9,Ｊ交 マルチスター特別Ｂ２Ｂ３選抜馬,1400,ダ,左,重,晴,12,8,11,ハイレリーフ,牝,5,55.0,461,1,丹内祐,粕谷昌,,5,1:28.5,39.4,3-3-5-5,11,461,1
2023/04/27,浦和,9,Ｊ交 マルチスター特別Ｂ２Ｂ３選抜馬,1400,ダ,左,重,晴,12,2,2,トランザクト,牡,5,57.0,506,-2,藤田凌,武藤善,,6,1:28.8,39.9,1-1-1-3,5,506,-2
2023/04/27,浦和,9,Ｊ交 マルチスター特別Ｂ２Ｂ３選抜馬,1400,ダ,左,重,晴,12,5,5,ロンドンボーイ,牡,4,55.0,464,2,矢野貴,小久智,,7,1:29.2,39.5,7-7-8-7,3,464,2
2023/04/27,浦和,9,Ｊ交 マルチスター特別Ｂ２Ｂ３選抜馬,1400,ダ,左,重,晴,12,6,7,シャイニー,牡,7,57.0,522,0,和田譲,野口寛,,8,1:29.7,40.0,9-8-9-8,8,522,0
2023/04/27,浦和,9,Ｊ交 マルチスター特別Ｂ２Ｂ３選抜馬,1400,ダ,左,重,晴,12,7,10,カミノアカネ,牝,6,54.0,479,5,新原周,岡田一,,9,1:29.8,39.6,8-9-11-10,7,479,5
2023/04/27,浦和,9,Ｊ交 マルチスター特別Ｂ２Ｂ３選抜馬,1400,ダ,左,重,晴,12,8,12,ムーランシャタン,牝,4,52.0,436,-16,小林勝,鈴木慎,,10,1:29.8,40.5,4-5-6-9,9,436,-16
2023/04/27,浦和,9,Ｊ交 マルチスター特別Ｂ２Ｂ３選抜馬,1400,ダ,左,重,晴,12,5,6,アウデリア,牡,4,55.0,482,-9,山崎誠,藤原智,,11,1:30.2,39.9,11-11-10-11,12,482,-9
2023/04/27,浦和,9,Ｊ交 マルチスター特別Ｂ２Ｂ３選抜馬,1400,ダ,左,重,晴,12,6,8,ステラレギア,牝,4,53.0,413,5,藤田菜,根本康,,12,1:30.4,39.9,10-12-12-12,10,413,5
2023/04/27,浦和,10,金魚草特別Ｃ１選抜馬,2000,ダ,左,重,晴,12,1,1,エーススパークル,牡,4,52.0,468,9,中島良,小澤宏,,1,2:11.7,40.1,1-1-1-1,11,468,9
2023/04/27,浦和,10,金魚草特別Ｃ１選抜馬,2000,ダ,左,重,晴,12,3,3,ナリノバロン,牡,5,56.0,481,-1,町田直,内田勝,,2,2:12.2,39.5,10-11-4-4,4,481,-1
2023/04/27,浦和,10,金魚草特別Ｃ１選抜馬,2000,ダ,左,重,晴,12,8,12,コスモビートイット,牡,6,56.0,522,10,秋元耕,川島豊,,3,2:12.6,40.8,5-3-2-2,3,522,10
2023/04/27,浦和,10,金魚草特別Ｃ１選抜馬,2000,ダ,左,重,晴,12,5,5,ダイバオーソ,牡,5,56.0,465,0,藤江渉,箕輪武,,4,2:12.6,40.6,7-6-3-3,7,465,0
2023/04/27,浦和,10,金魚草特別Ｃ１選抜馬,2000,ダ,左,重,晴,12,2,2,コスモビックラコグ,セ,0,56.0,472,1,今野忠,今井輝,,5,2:12.8,40.0,11-9-9-7,2,472,1
2023/04/27,浦和,10,金魚草特別Ｃ１選抜馬,2000,ダ,左,重,晴,12,5,6,マイネルスキーブ,牡,5,56.0,491,4,矢野貴,加藤誠,,6,2:12.8,40.1,9-10-4-5,6,491,4
2023/04/27,浦和,10,金魚草特別Ｃ１選抜馬,2000,ダ,左,重,晴,12,6,7,ジオパークマグマ,牡,5,56.0,470,4,加藤和,川島豊,,7,2:13.5,41.2,4-5-6-6,10,470,4
2023/04/27,浦和,10,金魚草特別Ｃ１選抜馬,2000,ダ,左,重,晴,12,7,9,ノーブルキャニオン,牡,5,56.0,488,5,岡村裕,八木仁,,8,2:14.1,40.3,12-12-11-9,8,488,5
2023/04/27,浦和,10,金魚草特別Ｃ１選抜馬,2000,ダ,左,重,晴,12,8,11,グランスエーニョ,セ,0,56.0,483,-2,張田昂,山崎裕,,9,2:14.6,42.0,8-8-7-8,5,483,-2
2023/04/27,浦和,10,金魚草特別Ｃ１選抜馬,2000,ダ,左,重,晴,12,4,4,シュティル,牡,4,56.0,480,8,山口達,山越光,,10,2:16.1,43.9,2-2-10-11,9,480,8
2023/04/27,浦和,10,金魚草特別Ｃ１選抜馬,2000,ダ,左,重,晴,12,7,10,ローゼンリッター,牡,7,55.0,567,10,新原周,林隆之,,11,2:16.5,44.1,3-4-7-10,1,567,10
2023/04/27,浦和,10,金魚草特別Ｃ１選抜馬,2000,ダ,左,重,晴,12,6,8,ロッソアモーレ,牝,6,54.0,478,12,國分祐,冨田敏,,12,2:18.9,45.6,6-7-12-12,12,478,12
2023/04/27,浦和,11,プリムローズ賞３上オープン,1400,ダ,左,重,晴,10,8,9,アマネラクーン,牡,6,57.0,519,1,森泰斗,小久智,,1,1:26.0,35.7,5-5-4-2,1,519,1
2023/04/27,浦和,11,プリムローズ賞３上オープン,1400,ダ,左,重,晴,10,5,5,リヴィフェイス,牡,4,55.0,477,9,澤田龍,石井勝,,2,1:26.0,35.9,3-3-3-3,6,477,9
2023/04/27,浦和,11,プリムローズ賞３上オープン,1400,ダ,左,重,晴,10,3,3,サヨノグローリー,牡,5,55.0,491,0,町田直,工藤伸,,3,1:26.1,36.3,1-1-1-1,3,491,0
2023/04/27,浦和,11,プリムローズ賞３上オープン,1400,ダ,左,重,晴,10,4,4,ヴァヴィロフ,牡,5,55.0,475,7,笹川翼,高月賢,,4,1:27.1,37.1,2-2-2-4,5,475,7
2023/04/27,浦和,11,プリムローズ賞３上オープン,1400,ダ,左,重,晴,10,1,1,スウィングビート,セ,0,55.0,501,11,本田重,岡林光,,5,1:27.7,37.3,4-4-5-5,8,501,11
2023/04/27,浦和,11,プリムローズ賞３上オープン,1400,ダ,左,重,晴,10,7,7,オーヴェルニュ,牡,7,57.0,480,8,張田昂,平山真,,6,1:27.7,37.2,6-6-6-6,2,480,8
2023/04/27,浦和,11,プリムローズ賞３上オープン,1400,ダ,左,重,晴,10,6,6,ビヨンドボーダーズ,セ,0,53.0,466,6,山林信,林隆之,,7,1:27.9,37.0,7-8-7-7,9,466,6
2023/04/27,浦和,11,プリムローズ賞３上オープン,1400,ダ,左,重,晴,10,2,2,スマートセラヴィー,牡,7,57.0,507,3,矢野貴,川島一,,8,1:28.1,37.0,9-9-9-8,4,507,3
2023/04/27,浦和,11,プリムローズ賞３上オープン,1400,ダ,左,重,晴,10,7,8,ワンダーイチョウ,牡,5,55.0,500,-12,橋本直,鈴木勝,,9,1:29.3,38.6,8-7-8-9,7,500,-12
2023/04/27,浦和,11,プリムローズ賞３上オープン,1400,ダ,左,重,晴,10,8,10,エイシンデジタル,牡,8,55.0,528,1,山崎誠,藤原智,,10,1:29.6,37.3,10-10-10-10,10,528,1
2023/04/27,浦和,12,まるまるひがしにほん賞Ｃ１三,1400,ダ,左,重,晴,11,7,8,アンジュレイ,牝,4,54.0,472,4,森泰斗,小久智,,1,1:28.8,38.3,8-7-7-5,1,472,4
2023/04/27,浦和,12,まるまるひがしにほん賞Ｃ１三,1400,ダ,左,重,晴,11,1,1,ブラックオパール,牝,4,54.0,503,-8,丹内祐,平山真,,2,1:28.9,38.8,6-5-4-4,3,503,-8
2023/04/27,浦和,12,まるまるひがしにほん賞Ｃ１三,1400,ダ,左,重,晴,11,6,6,キングバーグ,牡,6,56.0,498,6,和田譲,宇野博,,3,1:29.2,39.3,3-3-3-2,7,498,6
2023/04/27,浦和,12,まるまるひがしにほん賞Ｃ１三,1400,ダ,左,重,晴,11,8,10,ケイセブン,牡,5,55.0,443,9,菅原涼,箕輪武,,4,1:29.4,39.3,5-6-5-6,5,443,9
2023/04/27,浦和,12,まるまるひがしにほん賞Ｃ１三,1400,ダ,左,重,晴,11,4,4,コスモルージュ,牡,4,56.0,504,1,張田昂,小澤宏,,5,1:29.5,39.6,2-2-1-1,2,504,1
2023/04/27,浦和,12,まるまるひがしにほん賞Ｃ１三,1400,ダ,左,重,晴,11,3,3,ショウネンジダイ,牡,5,56.0,491,2,本田重,新井清,,6,1:29.6,39.7,1-1-2-3,4,491,2
2023/04/27,浦和,12,まるまるひがしにほん賞Ｃ１三,1400,ダ,左,重,晴,11,2,2,ブルボンティアラ,牝,4,54.0,429,-2,笹川翼,水野貴,,7,1:30.0,39.3,9-9-8-7,6,429,-2
2023/04/27,浦和,12,まるまるひがしにほん賞Ｃ１三,1400,ダ,左,重,晴,11,6,7,チェスナットドレス,牝,6,54.0,470,8,國分祐,冨田敏,,8,1:30.7,39.2,10-10-9-9,11,470,8
2023/04/27,浦和,12,まるまるひがしにほん賞Ｃ１三,1400,ダ,左,重,晴,11,7,9,オールイズトゥルー,牝,4,54.0,405,3,橋本直,平山真,,9,1:30.9,40.8,4-4-6-8,9,405,3
2023/04/27,浦和,12,まるまるひがしにほん賞Ｃ１三,1400,ダ,左,重,晴,11,8,11,サトノトリガー,牡,6,56.0,462,-10,秋元耕,小林真,,10,1:32.7,40.2,11-11-11-11,8,462,-10
2023/04/27,浦和,12,まるまるひがしにほん賞Ｃ１三,1400,ダ,左,重,晴,11,5,5,ゴールドエース,牡,4,56.0,496,8,達城龍,野口孝,,11,1:34.2,43.3,7-8-9-10,10,496,8
2023/04/28,浦和,1,３歳八選抜馬イ,1400,ダ,左,稍重,晴,12,8,12,エムティウィンド,牝,3,54.0,469,12,秋元耕,野口寛,,1,1:32.7,41.0,3-3-1-1,6,469,12
2023/04/28,浦和,1,３歳八選抜馬イ,1400,ダ,左,稍重,晴,12,3,3,リワードノンノ,牝,3,54.0,509,5,和田譲,宇野博,,2,1:32.7,40.9,6-5-3-3,3,509,5
2023/04/28,浦和,1,３歳八選抜馬イ,1400,ダ,左,稍重,晴,12,7,10,マーヒナヒナ,牝,3,54.0,460,1,藤本現,酒井一,,3,1:33.3,41.7,1-1-2-2,1,460,1
2023/04/28,浦和,1,３歳八選抜馬イ,1400,ダ,左,稍重,晴,12,1,1,アラビアンレイン,牡,3,56.0,0,0,橋本直,小久智,,4,1:33.6,41.6,4-4-5-4,2,0,0
2023/04/28,浦和,1,３歳八選抜馬イ,1400,ダ,左,稍重,晴,12,2,2,ラニーズグレイス,牝,3,54.0,473,0,半澤慶,工藤伸,,5,1:33.6,41.3,7-7-7-5,5,473,0
2023/04/28,浦和,1,３歳八選抜馬イ,1400,ダ,左,稍重,晴,12,5,5,ミラコロダンス,牝,3,52.0,457,15,室陽一,小澤宏,,6,1:33.8,40.7,10-10-9-7,9,457,15
2023/04/28,浦和,1,３歳八選抜馬イ,1400,ダ,左,稍重,晴,12,6,7,アルヒモリノナカ,牡,3,52.0,415,-2,中島良,小林真,,7,1:33.8,40.9,9-9-8-8,7,415,-2
2023/04/28,浦和,1,３歳八選抜馬イ,1400,ダ,左,稍重,晴,12,5,6,ハイボールガール,牝,3,54.0,442,6,赤津和,箕輪武,,8,1:34.5,42.2,7-6-6-9,11,442,6
2023/04/28,浦和,1,３歳八選抜馬イ,1400,ダ,左,稍重,晴,12,4,4,プルピットワール,牡,3,56.0,513,18,石崎駿,海馬司,,9,1:34.6,40.7,12-11-10-10,4,513,18
2023/04/28,浦和,1,３歳八選抜馬イ,1400,ダ,左,稍重,晴,12,7,9,フェアリーパワポケ,牝,3,54.0,418,0,高橋哲,水野貴,,10,1:35.1,43.4,2-2-4-6,8,418,0
2023/04/28,浦和,1,３歳八選抜馬イ,1400,ダ,左,稍重,晴,12,6,8,シェナレモン,牝,3,54.0,414,-2,國分祐,冨田敏,,11,1:36.8,42.1,11-12-12-12,12,414,-2
2023/04/28,浦和,1,３歳八選抜馬イ,1400,ダ,左,稍重,晴,12,8,11,サインポスト,牝,3,54.0,383,-6,加藤和,薮口一,,12,1:37.1,43.8,5-8-11-11,10,383,-6
2023/04/28,浦和,2,ランチタイムチャレンジ３歳八選抜馬ア,1400,ダ,左,稍重,晴,12,7,10,シールドメイデン,牝,3,54.0,470,10,藤本現,酒井一,,1,1:32.8,41.0,3-3-3-2,2,470,10
2023/04/28,浦和,2,ランチタイムチャレンジ３歳八選抜馬ア,1400,ダ,左,稍重,晴,12,7,9,サンディマジック,牡,3,55.0,495,-4,野畑凌,田邊陽,,2,1:32.8,40.7,4-4-4-5,6,495,-4
2023/04/28,浦和,2,ランチタイムチャレンジ３歳八選抜馬ア,1400,ダ,左,稍重,晴,12,3,3,カシノクインダム,牝,3,50.0,427,-2,中島良,鹿沼和,,3,1:32.8,41.1,2-2-2-1,7,427,-2
2023/04/28,浦和,2,ランチタイムチャレンジ３歳八選抜馬ア,1400,ダ,左,稍重,晴,12,5,5,ヴィンチェンツォ,牡,3,56.0,481,-17,今野忠,安池成,,3,1:32.8,40.7,6-5-5-4,1,481,-17
2023/04/28,浦和,2,ランチタイムチャレンジ３歳八選抜馬ア,1400,ダ,左,稍重,晴,12,8,11,フラッシュドロー,牝,3,53.0,447,-10,古岡勇,山田質,,5,1:33.8,40.9,10-9-6-7,8,447,-10
2023/04/28,浦和,2,ランチタイムチャレンジ３歳八選抜馬ア,1400,ダ,左,稍重,晴,12,8,12,コッコローネ,牡,3,52.0,480,-1,神尾香,田島寿,,6,1:33.8,41.1,9-7-7-6,4,480,-1
2023/04/28,浦和,2,ランチタイムチャレンジ３歳八選抜馬ア,1400,ダ,左,稍重,晴,12,1,1,ガールズドリーム,牝,3,54.0,433,1,中越琉,内田勝,,7,1:34.3,42.6,1-1-1-3,3,433,1
2023/04/28,浦和,2,ランチタイムチャレンジ３歳八選抜馬ア,1400,ダ,左,稍重,晴,12,5,6,ドリームダンス,牝,3,54.0,403,2,高橋哲,水野貴,,8,1:34.4,41.2,11-10-8-8,11,403,2
2023/04/28,浦和,2,ランチタイムチャレンジ３歳八選抜馬ア,1400,ダ,左,稍重,晴,12,6,8,メイプルマロン,牝,3,54.0,482,4,秋元耕,小林真,,9,1:34.7,41.4,8-8-10-9,5,482,4
2023/04/28,浦和,2,ランチタイムチャレンジ３歳八選抜馬ア,1400,ダ,左,稍重,晴,12,4,4,ゴルディッヒ,牝,3,52.0,378,6,室陽一,海馬司,,10,1:34.9,41.7,5-6-9-10,10,378,6
2023/04/28,浦和,2,ランチタイムチャレンジ３歳八選抜馬ア,1400,ダ,左,稍重,晴,12,2,2,ラストサミット,牝,3,54.0,397,-2,藤江渉,八木喜,,11,1:35.2,40.1,7-11-12-12,12,397,-2
2023/04/28,浦和,2,ランチタイムチャレンジ３歳八選抜馬ア,1400,ダ,左,稍重,晴,12,6,7,タカツワカマツ,牡,3,56.0,437,0,山林信,佐々仁,,12,1:35.4,40.9,12-12-11-11,9,437,0
2023/04/28,浦和,3,３歳七,1400,ダ,左,稍重,晴,12,6,7,シエルラビクトア,牝,3,54.0,499,-3,町田直,山田質,,1,1:30.9,38.7,4-3-4-3,4,499,-3
2023/04/28,浦和,3,３歳七,1400,ダ,左,稍重,晴,12,7,10,スーパーラピッド,牝,3,53.0,477,-4,古岡勇,加藤誠,,2,1:31.0,38.8,10-7-3-1,7,477,-4
2023/04/28,浦和,3,３歳七,1400,ダ,左,稍重,晴,12,8,12,カガヤキタイヨー,牝,3,54.0,433,-12,櫻井光,今井輝,,3,1:31.5,39.6,2-2-1-2,2,433,-12
2023/04/28,浦和,3,３歳七,1400,ダ,左,稍重,晴,12,6,8,シェナカンザシ,牝,3,54.0,482,18,藤江渉,冨田敏,,4,1:32.4,39.5,12-12-6-5,5,482,18
2023/04/28,浦和,3,３歳七,1400,ダ,左,稍重,晴,12,5,5,シャインコア,牝,3,53.0,450,-3,池谷匠,山崎尋,,5,1:32.8,40.9,1-1-1-4,3,450,-3
2023/04/28,浦和,3,３歳七,1400,ダ,左,稍重,晴,12,3,3,コスモビスケッツ,牡,3,56.0,467,4,増田充,河津裕,,6,1:33.2,40.5,6-6-8-7,8,467,4
2023/04/28,浦和,3,３歳七,1400,ダ,左,稍重,晴,12,8,11,シェナカレン,牡,3,56.0,440,10,赤津和,山越光,,7,1:33.2,40.7,5-5-7-8,10,440,10
2023/04/28,浦和,3,３歳七,1400,ダ,左,稍重,晴,12,5,6,シェナマリア,牝,3,54.0,416,-2,岡村裕,山田正,,8,1:33.5,40.6,9-10-9-9,12,416,-2
2023/04/28,浦和,3,３歳七,1400,ダ,左,稍重,晴,12,2,2,スタータマチャン,牝,3,54.0,483,4,山中悠,川村守,,9,1:33.6,40.6,8-8-10-10,11,483,4
2023/04/28,浦和,3,３歳七,1400,ダ,左,稍重,晴,12,7,9,インベンション,牝,3,54.0,441,2,和田譲,長谷忍,,10,1:33.6,40.7,7-9-11-12,9,441,2
2023/04/28,浦和,3,３歳七,1400,ダ,左,稍重,晴,12,4,4,シェナリオン,牡,3,52.0,448,7,中島良,冨田敏,,11,1:33.6,40.4,11-11-12-11,6,448,7
2023/04/28,浦和,3,３歳七,1400,ダ,左,稍重,晴,12,1,1,ニットウサニー,牝,3,54.0,436,-7,山崎誠,野口寛,,12,1:33.7,41.3,3-4-5-6,1,436,-7
2023/04/28,浦和,4,浦和８００ラウンドＣ２選抜馬イ,800,ダ,左,稍重,晴,12,6,7,タイコネン,牝,4,54.0,465,-4,矢野貴,水野貴,,1,0:47.5,35.5,1-1,1,465,-4
2023/04/28,浦和,4,浦和８００ラウンドＣ２選抜馬イ,800,ダ,左,稍重,晴,12,5,5,サンドビューティ,牝,6,54.0,440,1,山崎誠,山崎尋,,2,0:48.0,35.8,2-2,2,440,1
2023/04/28,浦和,4,浦和８００ラウンドＣ２選抜馬イ,800,ダ,左,稍重,晴,12,8,11,ジュニパーダンス,牝,5,54.0,438,3,笠野雄,海馬司,,3,0:48.2,36.0,3-3,6,438,3
2023/04/28,浦和,4,浦和８００ラウンドＣ２選抜馬イ,800,ダ,左,稍重,晴,12,8,12,スターシード,牡,8,56.0,516,15,高橋哲,酒井一,,4,0:48.6,36.4,4-4,7,516,15
2023/04/28,浦和,4,浦和８００ラウンドＣ２選抜馬イ,800,ダ,左,稍重,晴,12,4,4,ミッキージェンヌ,牝,4,54.0,431,-12,和田譲,小久智,,5,0:48.7,36.1,5-5,4,431,-12
2023/04/28,浦和,4,浦和８００ラウンドＣ２選抜馬イ,800,ダ,左,稍重,晴,12,7,10,ツーエムタイガー,牡,5,56.0,475,-2,森泰斗,小澤宏,,6,0:48.8,36.1,7-7,3,475,-2
2023/04/28,浦和,4,浦和８００ラウンドＣ２選抜馬イ,800,ダ,左,稍重,晴,12,6,8,ファンファン,牡,6,56.0,473,11,赤津和,箕輪武,,7,0:49.2,36.7,6-6,12,473,11
2023/04/28,浦和,4,浦和８００ラウンドＣ２選抜馬イ,800,ダ,左,稍重,晴,12,5,6,レインボーカラー,牝,5,52.0,518,16,室陽一,藤原智,,8,0:49.2,36.5,9-8,8,518,16
2023/04/28,浦和,4,浦和８００ラウンドＣ２選抜馬イ,800,ダ,左,稍重,晴,12,7,9,ニシノイルマーレ,牝,5,54.0,505,3,國分祐,冨田敏,,9,0:49.5,36.6,8-9,11,505,3
2023/04/28,浦和,4,浦和８００ラウンドＣ２選抜馬イ,800,ダ,左,稍重,晴,12,1,1,クレールアヴニール,牝,4,53.0,440,2,野畑凌,野口孝,,10,0:50.3,37.2,12-10,10,440,2
2023/04/28,浦和,4,浦和８００ラウンドＣ２選抜馬イ,800,ダ,左,稍重,晴,12,2,2,ザントブリッツ,牡,6,56.0,560,-6,増田充,高月賢,,11,0:50.4,37.5,11-12,5,560,-6
2023/04/28,浦和,4,浦和８００ラウンドＣ２選抜馬イ,800,ダ,左,稍重,晴,12,3,3,シゲルアパライト,牡,7,52.0,478,13,中島良,横山保,,12,0:50.6,37.6,10-11,9,478,13
2023/04/28,浦和,5,浦和８００ラウンドＣ２選抜馬ア,800,ダ,左,稍重,晴,12,7,10,プリプリクインダム,牝,8,54.0,493,3,櫻井光,海馬司,,1,0:48.3,35.3,6-5,2,493,3
2023/04/28,浦和,5,浦和８００ラウンドＣ２選抜馬ア,800,ダ,左,稍重,晴,12,6,8,クウェンヤ,牝,5,54.0,404,-2,半澤慶,工藤伸,,2,0:48.4,36.4,1-1,6,404,-2
2023/04/28,浦和,5,浦和８００ラウンドＣ２選抜馬ア,800,ダ,左,稍重,晴,12,6,7,カラドボルグ,牡,5,56.0,499,7,岡田大,入口由,,3,0:48.4,36.1,3-3,4,499,7
2023/04/28,浦和,5,浦和８００ラウンドＣ２選抜馬ア,800,ダ,左,稍重,晴,12,8,11,スプリングローズ,牝,5,51.0,454,8,木澤奨,小久智,,4,0:48.5,36.3,2-2,3,454,8
2023/04/28,浦和,5,浦和８００ラウンドＣ２選抜馬ア,800,ダ,左,稍重,晴,12,5,5,ピースリアン,牡,6,56.0,490,4,矢野貴,横山保,,5,0:48.6,36.0,5-4,1,490,4
2023/04/28,浦和,5,浦和８００ラウンドＣ２選抜馬ア,800,ダ,左,稍重,晴,12,4,4,ビービーダルク,牝,5,54.0,482,5,加藤和,薮口一,,6,0:49.1,35.6,9-8,9,482,5
2023/04/28,浦和,5,浦和８００ラウンドＣ２選抜馬ア,800,ダ,左,稍重,晴,12,2,2,ブランメイユール,牝,5,53.0,467,0,野畑凌,池田孝,,7,0:49.1,36.7,4-5,5,467,0
2023/04/28,浦和,5,浦和８００ラウンドＣ２選抜馬ア,800,ダ,左,稍重,晴,12,7,9,カゲカツ,牡,9,52.0,524,-5,神尾香,長谷忍,,8,0:49.3,35.6,10-10,10,524,-5
2023/04/28,浦和,5,浦和８００ラウンドＣ２選抜馬ア,800,ダ,左,稍重,晴,12,8,12,シンシアハート,牝,5,54.0,434,10,山中悠,宇野博,,9,0:49.6,36.1,8-9,8,434,10
2023/04/28,浦和,5,浦和８００ラウンドＣ２選抜馬ア,800,ダ,左,稍重,晴,12,3,3,オーラソラーレ,牝,6,54.0,496,-3,藤江渉,酒井一,,10,0:49.7,36.5,7-7,7,496,-3
2023/04/28,浦和,5,浦和８００ラウンドＣ２選抜馬ア,800,ダ,左,稍重,晴,12,1,1,ホワイトネイル,牝,4,54.0,428,3,見越彬,藤原智,,11,0:51.0,36.3,11-11,12,428,3
2023/04/28,浦和,5,浦和８００ラウンドＣ２選抜馬ア,800,ダ,左,稍重,晴,12,5,6,チャメドレア,牝,4,54.0,0,0,赤津和,川島豊,,12,0:51.3,36.5,12-12,11,0,0
2023/04/28,浦和,6,特選Ｃ３一 二,1400,ダ,左,良,晴,12,7,10,タービンホール,牡,4,56.0,504,6,半澤慶,宇野博,,1,1:31.1,40.5,2-2-1-1,1,504,6
2023/04/28,浦和,6,特選Ｃ３一 二,1400,ダ,左,良,晴,12,1,1,スプリットエス,牡,9,56.0,503,-7,高橋哲,小久智,,2,1:31.3,39.3,9-9-8-7,7,503,-7
2023/04/28,浦和,6,特選Ｃ３一 二,1400,ダ,左,良,晴,12,8,12,ウイングラドナス,牡,4,56.0,465,9,橋本直,内野健,,3,1:31.3,40.4,5-5-3-3,3,465,9
2023/04/28,浦和,6,特選Ｃ３一 二,1400,ダ,左,良,晴,12,6,7,トキノレーヴ,牝,5,54.0,411,8,櫻井光,八木喜,,4,1:31.4,39.8,6-6-5-4,5,411,8
2023/04/28,浦和,6,特選Ｃ３一 二,1400,ダ,左,良,晴,12,2,2,ラーズグリーズ,セ,0,56.0,450,4,藤江渉,工藤伸,,5,1:31.5,39.7,10-10-6-5,6,450,4
2023/04/28,浦和,6,特選Ｃ３一 二,1400,ダ,左,良,晴,12,7,9,セキレイオペラ,牡,4,56.0,475,9,篠谷葵,山越光,,6,1:31.7,38.7,11-11-11-8,11,475,9
2023/04/28,浦和,6,特選Ｃ３一 二,1400,ダ,左,良,晴,12,8,11,シップレックビーチ,牡,6,55.0,472,4,野畑凌,甲田悟,,7,1:32.1,41.5,1-1-2-2,2,472,4
2023/04/28,浦和,6,特選Ｃ３一 二,1400,ダ,左,良,晴,12,4,4,ベリリウンヌ,牝,5,53.0,432,5,七夕裕,海馬司,,8,1:32.2,40.0,7-8-9-10,9,432,5
2023/04/28,浦和,6,特選Ｃ３一 二,1400,ダ,左,良,晴,12,5,5,ユウユウグリュック,牝,6,50.0,421,5,中島良,横山保,,9,1:32.3,41.4,4-4-4-6,4,421,5
2023/04/28,浦和,6,特選Ｃ３一 二,1400,ダ,左,良,晴,12,5,6,ケイティーユイ,牝,5,52.0,439,6,室陽一,水野貴,,10,1:32.8,41.0,8-7-7-9,10,439,6
2023/04/28,浦和,6,特選Ｃ３一 二,1400,ダ,左,良,晴,12,3,3,サプライズギフト,牝,5,51.0,435,10,木間龍,川島豊,,11,1:34.9,43.4,3-3-10-11,8,435,10
2023/04/28,浦和,6,特選Ｃ３一 二,1400,ダ,左,良,晴,12,6,8,エイコーレイワ,牝,6,54.0,476,8,山中悠,川村守,,,,,12,12,476,8
2023/04/28,浦和,7,Ｃ２十,1500,ダ,左,良,晴,12,8,11,アントーニオ,セ,0,56.0,443,-7,本田重,新井清,,1,1:38.5,39.6,6-6-4-4,2,443,-7
2023/04/28,浦和,7,Ｃ２十,1500,ダ,左,良,晴,12,2,2,ハツネヘイロー,セ,0,56.0,490,-2,半澤慶,宇野博,,2,1:38.6,39.7,5-5-4-5,5,490,-2
2023/04/28,浦和,7,Ｃ２十,1500,ダ,左,良,晴,12,6,7,トロワフィーユ,牝,6,54.0,460,6,和田譲,野口寛,,3,1:38.9,40.3,3-3-3-1,1,460,6
2023/04/28,浦和,7,Ｃ２十,1500,ダ,左,良,晴,12,3,3,イナリンクローバー,牝,6,54.0,472,0,野澤憲,山田信,,4,1:39.0,40.4,1-1-1-2,8,472,0
2023/04/28,浦和,7,Ｃ２十,1500,ダ,左,良,晴,12,4,4,カミヤガルーラ,牡,5,56.0,465,-3,橋本直,内野健,,5,1:39.0,40.4,2-2-2-2,6,465,-3
2023/04/28,浦和,7,Ｃ２十,1500,ダ,左,良,晴,12,8,12,バードハズフロウン,牝,5,50.0,431,-5,中島良,八木仁,,6,1:39.4,40.7,4-4-4-6,11,431,-5
2023/04/28,浦和,7,Ｃ２十,1500,ダ,左,良,晴,12,5,6,シンボリビーノ,セ,0,55.0,467,-2,古岡勇,田邊陽,,7,1:39.4,40.1,9-9-7-7,4,467,-2
2023/04/28,浦和,7,Ｃ２十,1500,ダ,左,良,晴,12,7,10,トミケンミステリオ,牡,7,56.0,466,3,西啓太,伊藤滋,,8,1:39.5,40.0,7-7-8-8,3,466,3
2023/04/28,浦和,7,Ｃ２十,1500,ダ,左,良,晴,12,7,9,ニシノカムイ,牡,5,56.0,463,-2,山口達,宮下靖,,9,1:39.7,39.7,12-12-10-9,12,463,-2
2023/04/28,浦和,7,Ｃ２十,1500,ダ,左,良,晴,12,6,8,シンキングポケット,牡,6,55.0,482,-4,池谷匠,山田正,,10,1:39.9,40.2,10-10-9-10,9,482,-4
2023/04/28,浦和,7,Ｃ２十,1500,ダ,左,良,晴,12,1,1,キョウエイレガード,牝,8,52.0,470,2,室陽一,吉田正,,11,1:42.4,42.6,8-8-11-11,10,470,2
2023/04/28,浦和,7,Ｃ２十,1500,ダ,左,良,晴,12,5,5,トゥルカナ,牡,5,52.0,510,8,神尾香,平田正,,12,1:43.4,43.2,11-11-12-12,7,510,8
2023/04/28,浦和,8,特選Ｃ３一 二,1500,ダ,左,良,晴,12,8,11,ロワルゼル,牡,6,56.0,494,-2,矢野貴,高月賢,,1,1:37.1,40.0,3-3-2-1,1,494,-2
2023/04/28,浦和,8,特選Ｃ３一 二,1500,ダ,左,良,晴,12,1,1,ハクサンウインク,牝,8,54.0,507,7,澤田龍,矢野義,,2,1:37.3,39.8,7-5-3-3,2,507,7
2023/04/28,浦和,8,特選Ｃ３一 二,1500,ダ,左,良,晴,12,6,8,クリスタルローレル,牡,5,56.0,486,-2,山崎誠,山崎尋,,3,1:37.7,40.7,2-2-1-2,3,486,-2
2023/04/28,浦和,8,特選Ｃ３一 二,1500,ダ,左,良,晴,12,5,6,ナツハヤテ,牝,5,53.0,444,0,池谷匠,山田質,,4,1:39.1,40.5,11-11-7-6,4,444,0
2023/04/28,浦和,8,特選Ｃ３一 二,1500,ダ,左,良,晴,12,4,4,ジョーカイ,牝,5,54.0,470,-2,和田譲,小久智,,5,1:39.2,40.8,5-8-10-9,5,470,-2
2023/04/28,浦和,8,特選Ｃ３一 二,1500,ダ,左,良,晴,12,6,7,スイートナイト,牝,5,54.0,475,10,橋本直,入口由,,6,1:39.3,40.7,10-9-9-8,7,475,10
2023/04/28,浦和,8,特選Ｃ３一 二,1500,ダ,左,良,晴,12,8,12,エスケイローレンス,牝,4,54.0,439,3,加藤和,冨田敏,,7,1:39.5,42.2,4-4-4-4,9,439,3
2023/04/28,浦和,8,特選Ｃ３一 二,1500,ダ,左,良,晴,12,7,9,リュウオウ,牡,7,54.0,475,3,室陽一,宇野博,,8,1:39.6,41.9,8-6-5-5,6,475,3
2023/04/28,浦和,8,特選Ｃ３一 二,1500,ダ,左,良,晴,12,7,10,パーシスト,牝,4,53.0,414,3,七夕裕,鹿沼和,,9,1:39.8,41.8,6-7-6-7,11,414,3
2023/04/28,浦和,8,特選Ｃ３一 二,1500,ダ,左,良,晴,12,3,3,シェナコブシ,牡,4,56.0,489,7,秋元耕,吉田正,,10,1:40.6,41.7,9-10-11-10,10,489,7
2023/04/28,浦和,8,特選Ｃ３一 二,1500,ダ,左,良,晴,12,5,5,ミッシーコルザ,牝,6,54.0,432,8,藤江渉,村田順,,11,1:42.1,44.6,1-1-8-11,8,432,8
2023/04/28,浦和,8,特選Ｃ３一 二,1500,ダ,左,良,晴,12,2,2,モリデンタワー,牝,5,54.0,503,1,篠谷葵,山越光,,,,,,,503,1
2023/04/28,浦和,9,毎月１９日は地産地消の日賞Ｃ１四,1500,ダ,左,良,晴,12,6,8,ピエナレモン,牡,5,56.0,466,8,町田直,平田正,,1,1:37.2,39.4,3-3-3-1,2,466,8
2023/04/28,浦和,9,毎月１９日は地産地消の日賞Ｃ１四,1500,ダ,左,良,晴,12,5,5,ヒズライフ,セ,0,56.0,488,4,張田昂,林隆之,,2,1:37.4,39.2,5-5-4-4,5,488,4
2023/04/28,浦和,9,毎月１９日は地産地消の日賞Ｃ１四,1500,ダ,左,良,晴,12,8,11,グランパドゥシャ,牝,4,54.0,454,12,見越彬,川村守,,3,1:37.6,39.9,2-2-2-3,8,454,12
2023/04/28,浦和,9,毎月１９日は地産地消の日賞Ｃ１四,1500,ダ,左,良,晴,12,8,12,ミミコチャン,牝,4,50.0,503,5,中島良,小林真,,4,1:37.7,39.3,6-6-7-5,3,503,5
2023/04/28,浦和,9,毎月１９日は地産地消の日賞Ｃ１四,1500,ダ,左,良,晴,12,7,10,ディンゴ,牝,5,54.0,456,-10,和田譲,小澤宏,,5,1:37.9,39.7,7-7-5-6,7,456,-10
2023/04/28,浦和,9,毎月１９日は地産地消の日賞Ｃ１四,1500,ダ,左,良,晴,12,5,6,ジョーレイラニ,牝,5,54.0,463,18,森泰斗,小久智,,6,1:38.1,40.5,1-1-1-2,4,463,18
2023/04/28,浦和,9,毎月１９日は地産地消の日賞Ｃ１四,1500,ダ,左,良,晴,12,3,3,カシノペルル,牡,4,55.0,513,16,古岡勇,鹿沼和,,7,1:38.1,39.6,10-8-8-8,10,513,16
2023/04/28,浦和,9,毎月１９日は地産地消の日賞Ｃ１四,1500,ダ,左,良,晴,12,4,4,フェリスダージ,牝,5,54.0,428,2,内田利,工藤伸,,8,1:38.1,39.0,12-12-10-7,9,428,2
2023/04/28,浦和,9,毎月１９日は地産地消の日賞Ｃ１四,1500,ダ,左,良,晴,12,2,2,アルティスタエース,牡,8,56.0,475,-6,本橋孝,繁田健,,9,1:38.8,40.0,11-11-9-9,1,475,-6
2023/04/28,浦和,9,毎月１９日は地産地消の日賞Ｃ１四,1500,ダ,左,良,晴,12,1,1,プレストルーチェ,セ,0,56.0,508,7,矢野貴,小澤宏,,10,1:39.5,40.7,8-10-12-10,6,508,7
2023/04/28,浦和,9,毎月１９日は地産地消の日賞Ｃ１四,1500,ダ,左,良,晴,12,7,9,ニッショウアキラ,牡,4,56.0,458,3,藤本現,酒井一,,11,1:40.1,42.1,4-4-6-11,11,458,3
2023/04/28,浦和,9,毎月１９日は地産地消の日賞Ｃ１四,1500,ダ,左,良,晴,12,6,7,インカローズムスメ,牝,4,54.0,410,3,赤津和,山越光,,12,1:40.2,41.4,9-9-11-12,12,410,3
2023/04/28,浦和,10,オオムラサキツツジ特別Ｃ２Ｃ３選抜馬,2000,ダ,左,良,晴,11,7,9,エスジーリカチャン,牝,5,53.0,480,11,張田昂,田島寿,,1,2:13.9,40.5,7-6-4-2,2,480,11
2023/04/28,浦和,10,オオムラサキツツジ特別Ｃ２Ｃ３選抜馬,2000,ダ,左,良,晴,11,6,7,シャイニングパール,牝,5,52.0,428,1,野畑凌,八木喜,,2,2:14.1,40.7,5-5-6-3,3,428,1
2023/04/28,浦和,10,オオムラサキツツジ特別Ｃ２Ｃ３選抜馬,2000,ダ,左,良,晴,11,3,3,マイネルジェンマ,牡,7,57.0,510,2,橋本直,内野健,,3,2:14.5,41.3,4-4-3-1,1,510,2
2023/04/28,浦和,10,オオムラサキツツジ特別Ｃ２Ｃ３選抜馬,2000,ダ,左,良,晴,11,7,8,アルマス,牡,6,54.0,408,0,古岡勇,古澤悟,,4,2:14.9,41.1,9-8-7-4,4,408,0
2023/04/28,浦和,10,オオムラサキツツジ特別Ｃ２Ｃ３選抜馬,2000,ダ,左,良,晴,11,8,11,ビオロンスコッツ,牡,6,57.0,472,4,秋元耕,酒井一,,5,2:15.8,42.8,3-3-5-7,6,472,4
2023/04/28,浦和,10,オオムラサキツツジ特別Ｃ２Ｃ３選抜馬,2000,ダ,左,良,晴,11,1,1,パルメニデス,牡,4,53.0,420,6,室陽一,山越光,,6,2:16.3,42.5,6-7-8-8,5,420,6
2023/04/28,浦和,10,オオムラサキツツジ特別Ｃ２Ｃ３選抜馬,2000,ダ,左,良,晴,11,5,5,シェナノララ,牝,4,52.0,419,-1,七夕裕,冨田敏,,7,2:16.7,41.3,10-10-9-9,7,419,-1
2023/04/28,浦和,10,オオムラサキツツジ特別Ｃ２Ｃ３選抜馬,2000,ダ,左,良,晴,11,6,6,ノースジラソーレ,牝,4,55.0,449,10,加藤和,長谷忍,,8,2:17.1,44.3,2-2-2-5,8,449,10
2023/04/28,浦和,10,オオムラサキツツジ特別Ｃ２Ｃ３選抜馬,2000,ダ,左,良,晴,11,2,2,サンボールダー,牝,4,53.0,495,13,高橋哲,川村守,,9,2:17.3,44.7,1-1-1-6,10,495,13
2023/04/28,浦和,10,オオムラサキツツジ特別Ｃ２Ｃ３選抜馬,2000,ダ,左,良,晴,11,4,4,ボンバーキャット,牡,4,55.0,468,7,見越彬,長谷忍,,10,2:19.8,44.4,8-9-10-10,9,468,7
2023/04/28,浦和,10,オオムラサキツツジ特別Ｃ２Ｃ３選抜馬,2000,ダ,左,良,晴,11,8,10,ウインゴライアス,牡,7,55.0,0,0,櫻井光,河津裕,,,,,,,0,0
2023/04/28,浦和,11,緑風特別Ｂ２二Ｂ３一,1500,ダ,左,良,晴,12,1,1,ツーシャドー,牝,4,53.0,487,3,森泰斗,小澤宏,,1,1:34.7,38.2,1-1-1-1,1,487,3
2023/04/28,浦和,11,緑風特別Ｂ２二Ｂ３一,1500,ダ,左,良,晴,12,6,8,エリオット,牡,5,57.0,547,6,山中悠,宇野博,,2,1:35.2,38.6,2-2-2-2,7,547,6
2023/04/28,浦和,11,緑風特別Ｂ２二Ｂ３一,1500,ダ,左,良,晴,12,7,10,アヴァニイ,牝,6,53.0,519,4,和田譲,小久智,,3,1:35.9,39.0,6-7-4-4,4,519,4
2023/04/28,浦和,11,緑風特別Ｂ２二Ｂ３一,1500,ダ,左,良,晴,12,7,9,エストレラブレイン,牡,5,57.0,559,0,矢野貴,高月賢,,4,1:36.0,39.4,3-4-3-3,2,559,0
2023/04/28,浦和,11,緑風特別Ｂ２二Ｂ３一,1500,ダ,左,良,晴,12,4,4,ミエノハヤブサ,セ,0,57.0,480,-3,張田昂,小澤宏,,5,1:36.8,39.0,12-11-9-8,3,480,-3
2023/04/28,浦和,11,緑風特別Ｂ２二Ｂ３一,1500,ダ,左,良,晴,12,5,6,ナンヨーオボロヅキ,牝,7,55.0,495,9,櫻井光,平山真,,6,1:36.8,39.4,8-8-7-7,9,495,9
2023/04/28,浦和,11,緑風特別Ｂ２二Ｂ３一,1500,ダ,左,良,晴,12,5,5,オートヴィル,牡,8,57.0,530,1,高橋哲,酒井一,,7,1:36.9,39.3,10-9-7-6,10,530,1
2023/04/28,浦和,11,緑風特別Ｂ２二Ｂ３一,1500,ダ,左,良,晴,12,6,7,ブレーヴユニコーン,牡,7,56.0,521,-2,菅原涼,箕輪武,,8,1:37.3,40.4,7-6-6-5,11,521,-2
2023/04/28,浦和,11,緑風特別Ｂ２二Ｂ３一,1500,ダ,左,良,晴,12,8,12,パワポケプリメーロ,牡,6,57.0,439,-4,中越琉,山崎裕,,9,1:37.7,41.0,4-3-5-9,6,439,-4
2023/04/28,浦和,11,緑風特別Ｂ２二Ｂ３一,1500,ダ,左,良,晴,12,3,3,ナチュラルボーン,牡,4,55.0,470,1,町田直,内田勝,,10,1:37.9,40.0,9-10-11-10,5,470,1
2023/04/28,浦和,11,緑風特別Ｂ２二Ｂ３一,1500,ダ,左,良,晴,12,2,2,ジングルベル,牝,4,52.0,475,2,野畑凌,小久智,,11,1:38.7,41.7,5-5-10-11,8,475,2
2023/04/28,浦和,11,緑風特別Ｂ２二Ｂ３一,1500,ダ,左,良,晴,12,8,11,ケイティーセキトバ,牡,8,56.0,513,15,七夕裕,岡田一,,12,1:38.7,40.3,11-12-12-12,12,513,15
2023/04/28,浦和,12,青葉特別Ｃ１一,1400,ダ,左,良,晴,12,1,1,ミュステーリオン,牝,4,52.0,491,16,室陽一,小久智,,1,1:27.9,38.4,1-1-1-1,1,491,16
2023/04/28,浦和,12,青葉特別Ｃ１一,1400,ダ,左,良,晴,12,6,7,レスールドマカロン,牝,5,54.0,454,-1,櫻井光,河津裕,,2,1:28.8,39.1,2-2-2-3,6,454,-1
2023/04/28,浦和,12,青葉特別Ｃ１一,1400,ダ,左,良,晴,12,2,2,ニシノアクシス,牡,6,56.0,500,2,岡田大,冨田敏,,3,1:28.9,38.8,4-4-4-2,9,500,2
2023/04/28,浦和,12,青葉特別Ｃ１一,1400,ダ,左,良,晴,12,3,3,マイアミ,牡,5,56.0,478,7,藤本現,高月賢,,4,1:28.9,38.8,6-6-5-5,4,478,7
2023/04/28,浦和,12,青葉特別Ｃ１一,1400,ダ,左,良,晴,12,4,4,デルタ,牝,6,54.0,452,8,内田利,岡田一,,5,1:29.0,39.1,3-3-3-4,8,452,8
2023/04/28,浦和,12,青葉特別Ｃ１一,1400,ダ,左,良,晴,12,5,6,サンケイワールド,牡,5,56.0,502,9,森泰斗,平山真,,6,1:29.1,38.2,10-7-7-7,5,502,9
2023/04/28,浦和,12,青葉特別Ｃ１一,1400,ダ,左,良,晴,12,5,5,サンウェーコ,牡,7,56.0,510,0,川島正,繁田健,,7,1:29.4,38.2,11-10-8-6,2,510,0
2023/04/28,浦和,12,青葉特別Ｃ１一,1400,ダ,左,良,晴,12,6,8,オウケンアマゾネス,牝,6,54.0,453,10,町田直,工藤伸,,8,1:29.5,39.4,5-5-6-8,7,453,10
2023/04/28,浦和,12,青葉特別Ｃ１一,1400,ダ,左,良,晴,12,8,12,バトルホッパー,牡,4,56.0,476,3,今野忠,横山保,,9,1:30.1,38.2,12-12-10-9,3,476,3
2023/04/28,浦和,12,青葉特別Ｃ１一,1400,ダ,左,良,晴,12,7,9,リュウノアン,牝,4,54.0,459,8,見越彬,川村守,,10,1:30.3,38.6,7-9-12-10,10,459,8
2023/04/28,浦和,12,青葉特別Ｃ１一,1400,ダ,左,良,晴,12,8,11,キョウエイシャイン,牝,4,54.0,459,3,秋元耕,小澤宏,,11,1:30.4,38.7,9-11-10-11,11,459,3
2023/04/28,浦和,12,青葉特別Ｃ１一,1400,ダ,左,良,晴,12,7,10,コパノメンデス,牡,8,56.0,458,-1,高橋利,新井清,,12,1:31.0,39.6,8-8-9-12,12,458,-1
2023/05/29,浦和,1,ドリームチャレンジ２歳新馬ウ,800,ダ,左,稍重,曇,5,4,4,ティンダルナイン,牝,2,54.0,0,0,御神訓,小久智,,1,0:48.0,35.5,1-1,1,0,0
2023/05/29,浦和,1,ドリームチャレンジ２歳新馬ウ,800,ダ,左,稍重,曇,5,2,2,スターサルファー,牡,2,54.0,0,0,秋元耕,小澤宏,,2,0:48.6,35.8,4-3,4,0,0
2023/05/29,浦和,1,ドリームチャレンジ２歳新馬ウ,800,ダ,左,稍重,曇,5,3,3,ツガノショウグン,牡,2,54.0,0,0,矢野貴,山越光,,3,0:48.8,36.0,1-2,2,0,0
2023/05/29,浦和,1,ドリームチャレンジ２歳新馬ウ,800,ダ,左,稍重,曇,5,5,5,アニモ,牝,2,54.0,0,0,藤本現,岡田一,,4,0:49.3,36.7,3-4,3,0,0
2023/05/29,浦和,1,ドリームチャレンジ２歳新馬ウ,800,ダ,左,稍重,曇,5,1,1,シェナウルフ,牡,2,54.0,0,0,見越彬,冨田敏,,5,0:50.1,36.3,5-5,5,0,0
2023/05/29,浦和,2,ドリームチャレンジ２歳新馬イ,800,ダ,左,稍重,曇,5,4,4,シナノヨシキュウ,牡,2,53.0,0,0,七夕裕,岡田一,,1,0:48.2,35.6,1-2,4,0,0
2023/05/29,浦和,2,ドリームチャレンジ２歳新馬イ,800,ダ,左,稍重,曇,5,1,1,ケンスピリタス,牡,2,54.0,0,0,秋元耕,繁田健,,2,0:48.4,35.4,3-1,2,0,0
2023/05/29,浦和,2,ドリームチャレンジ２歳新馬イ,800,ダ,左,稍重,曇,5,5,5,カプローニ,牝,2,54.0,0,0,和田譲,酒井一,,3,0:49.0,36.2,2-3,3,0,0
2023/05/29,浦和,2,ドリームチャレンジ２歳新馬イ,800,ダ,左,稍重,曇,5,3,3,ハッカキャンディー,牡,2,54.0,0,0,御神訓,藤原智,,4,0:49.2,36.0,4-4,1,0,0
2023/05/29,浦和,2,ドリームチャレンジ２歳新馬イ,800,ダ,左,稍重,曇,5,2,2,メロスゴー,牡,2,54.0,0,0,内田利,箕輪武,,,,,,,0,0
2023/05/29,浦和,3,３歳三,1400,ダ,左,稍重,曇,12,3,3,ギフテッドキング,牡,3,56.0,495,9,山口達,林正人,,1,1:29.8,38.8,1-1-1-1,2,495,9
2023/05/29,浦和,3,３歳三,1400,ダ,左,稍重,曇,12,8,12,ブラーノマーノ,牡,3,56.0,457,-4,山崎誠,山本学,,2,1:30.0,38.5,8-9-3-2,3,457,-4
2023/05/29,浦和,3,３歳三,1400,ダ,左,稍重,曇,12,8,11,ヒメカグラ,牝,3,54.0,426,-2,櫻井光,久保秀,,3,1:30.3,39.1,3-3-2-3,7,426,-2
2023/05/29,浦和,3,３歳三,1400,ダ,左,稍重,曇,12,5,5,セザンブライト,牡,3,56.0,447,4,濱田達,渋谷博,,4,1:30.4,38.5,7-7-8-5,10,447,4
2023/05/29,浦和,3,３歳三,1400,ダ,左,稍重,曇,12,5,6,ポッピングシャワー,牝,3,54.0,426,-7,笹川翼,池田孝,,5,1:31.0,39.5,5-5-5-4,4,426,-7
2023/05/29,浦和,3,３歳三,1400,ダ,左,稍重,曇,12,6,7,ノンリミタシオン,牡,3,56.0,428,0,篠谷葵,林正人,,6,1:31.1,39.2,10-10-7-8,5,428,0
2023/05/29,浦和,3,３歳三,1400,ダ,左,稍重,曇,12,7,9,ソーヴキプ,牝,3,54.0,456,10,小杉亮,渋谷博,,7,1:31.3,39.6,6-6-6-7,8,456,10
2023/05/29,浦和,3,３歳三,1400,ダ,左,稍重,曇,12,6,8,リョウタスペシャル,牡,3,56.0,430,2,張田昂,小澤宏,,8,1:31.5,40.0,4-4-4-6,6,430,2
2023/05/29,浦和,3,３歳三,1400,ダ,左,稍重,曇,12,1,1,アメリカンライト,牝,3,54.0,404,-9,増田充,加藤誠,,9,1:31.9,39.6,11-11-11-9,11,404,-9
2023/05/29,浦和,3,３歳三,1400,ダ,左,稍重,曇,12,2,2,クイーンオブドミノ,牝,3,52.0,440,-7,木間龍,齊藤敏,,10,1:32.3,40.2,9-8-10-11,9,440,-7
2023/05/29,浦和,3,３歳三,1400,ダ,左,稍重,曇,12,7,10,ティフィンタイガー,牡,3,56.0,412,1,秋元耕,酒井一,,11,1:33.5,42.0,2-2-9-10,12,412,1
2023/05/29,浦和,3,３歳三,1400,ダ,左,稍重,曇,12,4,4,リングベルガール,牝,3,54.0,412,-3,森泰斗,小久智,,12,1:35.3,41.0,12-12-12-12,1,412,-3
2023/05/29,浦和,4,Ｃ３八,1400,ダ,左,稍重,曇,12,5,6,ユメツクシ,牝,7,54.0,482,2,加藤和,長谷忍,,1,1:31.9,39.5,5-5-3-3,1,482,2
2023/05/29,浦和,4,Ｃ３八,1400,ダ,左,稍重,曇,12,7,10,トキノカサドール,牡,8,56.0,459,5,岡田大,横山保,,2,1:32.2,40.2,1-1-1-1,2,459,5
2023/05/29,浦和,4,Ｃ３八,1400,ダ,左,稍重,曇,12,8,12,コンディトラム,牡,6,56.0,496,-6,橋本直,川村守,,3,1:32.6,40.6,2-2-2-2,3,496,-6
2023/05/29,浦和,4,Ｃ３八,1400,ダ,左,稍重,曇,12,3,3,スパークルガール,牝,7,51.0,422,2,及川烈,長谷忍,,4,1:33.0,40.0,6-8-8-6,5,422,2
2023/05/29,浦和,4,Ｃ３八,1400,ダ,左,稍重,曇,12,2,2,ジニアズウィッシュ,牝,7,54.0,478,2,見越彬,小林真,,5,1:33.0,40.4,3-4-6-6,7,478,2
2023/05/29,浦和,4,Ｃ３八,1400,ダ,左,稍重,曇,12,6,7,ニシノサトル,牡,7,56.0,490,4,内田利,吉田正,,6,1:33.2,41.0,4-3-4-4,11,490,4
2023/05/29,浦和,4,Ｃ３八,1400,ダ,左,稍重,曇,12,4,4,ネオエンジェル,牝,7,54.0,445,5,國分祐,冨田敏,,7,1:33.3,39.7,11-10-10-8,10,445,5
2023/05/29,浦和,4,Ｃ３八,1400,ダ,左,稍重,曇,12,8,11,サノチナ,牝,6,54.0,433,7,秋元耕,川島豊,,8,1:33.6,40.9,8-6-5-5,4,433,7
2023/05/29,浦和,4,Ｃ３八,1400,ダ,左,稍重,曇,12,1,1,ユウユウリアン,牡,7,55.0,426,-1,七夕裕,横山保,,9,1:34.1,40.9,7-7-9-10,8,426,-1
2023/05/29,浦和,4,Ｃ３八,1400,ダ,左,稍重,曇,12,5,5,ブライトソール,牡,4,56.0,430,0,吉留孝,薮口一,,10,1:34.2,41.2,9-9-7-9,9,430,0
2023/05/29,浦和,4,Ｃ３八,1400,ダ,左,稍重,曇,12,7,9,ツーエムポラリス,牡,8,56.0,473,3,高橋哲,川村守,,11,1:34.6,41.0,10-11-11-11,12,473,3
2023/05/29,浦和,4,Ｃ３八,1400,ダ,左,稍重,曇,12,6,8,ゴールドボード,牝,4,54.0,506,-4,半澤慶,箕輪武,,12,1:34.8,40.4,12-12-12-12,6,506,-4
2023/05/29,浦和,5,Ｃ２三 四,1400,ダ,左,稍重,曇,12,5,6,リジン,牡,4,56.0,493,7,本田重,水野貴,,1,1:28.6,38.2,2-2-2-1,1,493,7
2023/05/29,浦和,5,Ｃ２三 四,1400,ダ,左,稍重,曇,12,5,5,ハーディネス,牝,4,54.0,495,16,笹川翼,岡林光,,2,1:29.1,38.9,1-1-1-2,2,495,16
2023/05/29,浦和,5,Ｃ２三 四,1400,ダ,左,稍重,曇,12,7,10,ルージュカプリス,牝,6,54.0,428,5,加藤和,長谷忍,,3,1:29.5,38.6,8-7-6-4,4,428,5
2023/05/29,浦和,5,Ｃ２三 四,1400,ダ,左,稍重,曇,12,6,7,フェデフルール,牝,4,54.0,436,-6,矢野貴,河津裕,,4,1:29.5,38.9,4-5-3-3,5,436,-6
2023/05/29,浦和,5,Ｃ２三 四,1400,ダ,左,稍重,曇,12,8,12,エコロアジェンダ,牡,5,55.0,454,-7,野畑凌,工藤伸,,5,1:30.2,39.6,3-3-4-5,3,454,-7
2023/05/29,浦和,5,Ｃ２三 四,1400,ダ,左,稍重,曇,12,4,4,ブレイブジャンヌ,牝,4,52.0,493,0,室陽一,工藤伸,,6,1:30.4,39.3,7-8-7-7,6,493,0
2023/05/29,浦和,5,Ｃ２三 四,1400,ダ,左,稍重,曇,12,7,9,マイネルユヌスール,牡,4,56.0,484,2,岡田大,横山保,,7,1:30.8,39.9,9-9-5-6,11,484,2
2023/05/29,浦和,5,Ｃ２三 四,1400,ダ,左,稍重,曇,12,6,8,ウインカーマイン,牡,7,56.0,465,8,秋元耕,川島豊,,8,1:30.9,39.5,12-12-10-8,10,465,8
2023/05/29,浦和,5,Ｃ２三 四,1400,ダ,左,稍重,曇,12,1,1,スマイルヌイロア,牝,4,50.0,446,5,中島良,宇野博,,9,1:31.3,39.9,10-10-11-10,9,446,5
2023/05/29,浦和,5,Ｃ２三 四,1400,ダ,左,稍重,曇,12,3,3,リュウノアーダーン,牝,5,54.0,426,2,山中悠,川村守,,10,1:31.5,40.6,6-4-8-9,12,426,2
2023/05/29,浦和,5,Ｃ２三 四,1400,ダ,左,稍重,曇,12,8,11,ホシプリンセス,牝,5,54.0,506,-3,藤本現,酒井一,,11,1:31.5,40.6,5-6-9-11,8,506,-3
2023/05/29,浦和,5,Ｃ２三 四,1400,ダ,左,稍重,曇,12,2,2,ボンディングタイム,セ,0,56.0,578,1,和田譲,宇野博,,12,1:31.8,40.4,11-11-12-12,7,578,1
2023/05/29,浦和,6,３歳二,1500,ダ,左,稍重,曇,12,8,11,ワラ,牡,3,56.0,448,5,笹川翼,水野貴,,1,1:35.4,38.8,1-1-1-1,1,448,5
2023/05/29,浦和,6,３歳二,1500,ダ,左,稍重,曇,12,3,3,セザンディーヴァ,牝,3,54.0,416,-3,小杉亮,矢内博,,2,1:36.0,39.2,2-2-2-2,9,416,-3
2023/05/29,浦和,6,３歳二,1500,ダ,左,稍重,曇,12,6,7,グレートジャーニー,牡,3,56.0,467,5,和田譲,小久智,,3,1:36.4,39.2,6-6-3-3,5,467,5
2023/05/29,浦和,6,３歳二,1500,ダ,左,稍重,曇,12,5,6,ナリノヴァニーユ,牡,3,56.0,494,-5,町田直,岡林光,,4,1:37.0,38.9,12-12-8-4,3,494,-5
2023/05/29,浦和,6,３歳二,1500,ダ,左,稍重,曇,12,7,9,ブルーミングヒル,牝,3,54.0,450,0,山崎誠,山本学,,5,1:37.1,40.0,3-3-3-6,2,450,0
2023/05/29,浦和,6,３歳二,1500,ダ,左,稍重,曇,12,5,5,トーケンエミスター,牝,3,54.0,422,2,山本紀,山本学,,6,1:37.1,39.9,5-5-3-5,11,422,2
2023/05/29,浦和,6,３歳二,1500,ダ,左,稍重,曇,12,8,12,ガーベランクイーン,牝,3,54.0,467,-5,山中悠,佐藤太,,7,1:37.2,39.8,4-4-6-8,6,467,-5
2023/05/29,浦和,6,３歳二,1500,ダ,左,稍重,曇,12,4,4,ゴーストバスター,牡,3,56.0,515,-9,庄司大,張田京,,8,1:37.4,39.6,11-11-9-12,4,515,-9
2023/05/29,浦和,6,３歳二,1500,ダ,左,稍重,曇,12,6,8,メイクアストーリー,牡,3,56.0,510,-4,藤本現,石井勝,,9,1:37.6,40.0,6-7-11-11,8,510,-4
2023/05/29,浦和,6,３歳二,1500,ダ,左,稍重,曇,12,2,2,シェナダイヤ,牡,3,56.0,493,3,岡村裕,山田正,,10,1:37.6,40.0,6-9-9-7,7,493,3
2023/05/29,浦和,6,３歳二,1500,ダ,左,稍重,曇,12,7,10,キャッスルバジオウ,牡,3,56.0,458,7,篠谷葵,渋谷博,,11,1:37.9,40.5,10-8-6-9,10,458,7
2023/05/29,浦和,6,３歳二,1500,ダ,左,稍重,曇,12,1,1,スマイルマハロ,牡,3,56.0,501,2,秋元耕,宇野博,,12,1:38.1,40.1,9-10-12-10,12,501,2
2023/05/29,浦和,7,Ｃ１八,1400,ダ,左,稍重,曇,12,8,11,レッドコーラル,牝,4,54.0,451,18,本橋孝,小久智,,1,1:28.9,39.7,1-1-1-1,3,451,18
2023/05/29,浦和,7,Ｃ１八,1400,ダ,左,稍重,曇,12,5,6,ブレディバンチ,牝,4,54.0,455,-5,矢野貴,佐藤太,,2,1:29.7,39.6,7-4-4-3,2,455,-5
2023/05/29,浦和,7,Ｃ１八,1400,ダ,左,稍重,曇,12,1,1,キューランブラー,牝,4,54.0,446,4,篠谷葵,林正人,,3,1:29.9,38.8,8-8-9-7,6,446,4
2023/05/29,浦和,7,Ｃ１八,1400,ダ,左,稍重,曇,12,5,5,アーバンブラック,牡,8,56.0,467,3,張田昂,平山真,,4,1:30.1,38.9,10-9-7-5,8,467,3
2023/05/29,浦和,7,Ｃ１八,1400,ダ,左,稍重,曇,12,7,9,ビーブルー,牝,4,54.0,466,0,臼井健,佐々功,,5,1:30.1,38.9,9-11-8-8,12,466,0
2023/05/29,浦和,7,Ｃ１八,1400,ダ,左,稍重,曇,12,4,4,ワイワイウォリアー,牡,4,56.0,477,4,本田重,川島一,,6,1:30.1,38.2,12-12-12-10,1,477,4
2023/05/29,浦和,7,Ｃ１八,1400,ダ,左,稍重,曇,12,6,8,ブルベアヴェルデ,牡,7,56.0,481,5,吉留孝,藤原智,,7,1:30.1,39.8,4-6-5-6,11,481,5
2023/05/29,浦和,7,Ｃ１八,1400,ダ,左,稍重,曇,12,8,12,メラスクリオス,牝,4,54.0,462,9,和田譲,宇野博,,8,1:30.7,41.2,2-2-2-2,5,462,9
2023/05/29,浦和,7,Ｃ１八,1400,ダ,左,稍重,曇,12,2,2,ワンダーダイカネン,牡,6,56.0,486,1,橋本直,鈴木勝,,9,1:30.8,39.3,11-10-11-11,9,486,1
2023/05/29,浦和,7,Ｃ１八,1400,ダ,左,稍重,曇,12,6,7,フクノヴァランス,牡,8,52.0,475,-3,中島良,川島豊,,10,1:31.4,41.7,3-3-3-4,4,475,-3
2023/05/29,浦和,7,Ｃ１八,1400,ダ,左,稍重,曇,12,7,10,ピノタージュ,牝,6,54.0,451,-2,見越彬,内野健,,11,1:31.5,40.3,5-7-10-12,10,451,-2
2023/05/29,浦和,7,Ｃ１八,1400,ダ,左,稍重,曇,12,3,3,ハクシンエース,牡,5,56.0,446,-1,半澤慶,平山真,,12,1:31.9,41.4,6-5-6-9,7,446,-1
2023/05/29,浦和,8,足袋蔵のまち行田賞Ｃ２三 四,1500,ダ,左,稍重,曇,12,8,12,デルマアメミット,牡,4,56.0,468,-6,川島正,坂本昇,,1,1:35.8,39.3,1-1-1-1,4,468,-6
2023/05/29,浦和,8,足袋蔵のまち行田賞Ｃ２三 四,1500,ダ,左,稍重,曇,12,5,5,ハニーズスマイル,牝,4,54.0,447,-4,澤田龍,山下之,,2,1:35.8,38.3,6-5-3-2,5,447,-4
2023/05/29,浦和,8,足袋蔵のまち行田賞Ｃ２三 四,1500,ダ,左,稍重,曇,12,6,7,キタノロッキー,牡,4,52.0,442,-1,中島良,石井勝,,3,1:36.3,38.8,4-4-5-3,2,442,-1
2023/05/29,浦和,8,足袋蔵のまち行田賞Ｃ２三 四,1500,ダ,左,稍重,曇,12,1,1,トワイライトドレス,牝,4,52.0,500,-3,室陽一,宇野博,,4,1:37.4,39.3,9-8-6-6,1,500,-3
2023/05/29,浦和,8,足袋蔵のまち行田賞Ｃ２三 四,1500,ダ,左,稍重,曇,12,8,11,キスアンドテル,牝,4,54.0,502,2,張田昂,海馬司,,5,1:37.8,39.7,7-7-8-7,8,502,2
2023/05/29,浦和,8,足袋蔵のまち行田賞Ｃ２三 四,1500,ダ,左,稍重,曇,12,5,6,モリトローテローゼ,牝,7,53.0,485,11,新原周,水野貴,,6,1:38.1,41.0,3-2-2-4,11,485,11
2023/05/29,浦和,8,足袋蔵のまち行田賞Ｃ２三 四,1500,ダ,左,稍重,曇,12,3,3,ユメミルツキ,牝,4,54.0,472,-8,秋元耕,鹿沼和,,7,1:38.2,40.9,2-3-4-5,10,472,-8
2023/05/29,浦和,8,足袋蔵のまち行田賞Ｃ２三 四,1500,ダ,左,稍重,曇,12,4,4,ゴールドバード,牡,9,56.0,488,5,藤江渉,野口孝,,8,1:38.3,39.2,11-11-11-11,7,488,5
2023/05/29,浦和,8,足袋蔵のまち行田賞Ｃ２三 四,1500,ダ,左,稍重,曇,12,7,9,ブルーインサニティ,セ,0,56.0,512,0,本田重,工藤伸,,9,1:38.6,40.3,8-9-9-9,3,512,0
2023/05/29,浦和,8,足袋蔵のまち行田賞Ｃ２三 四,1500,ダ,左,稍重,曇,12,2,2,チャメドレア,牝,4,51.0,467,-1,及川烈,川島豊,,10,1:38.6,39.5,10-10-10-10,12,467,-1
2023/05/29,浦和,8,足袋蔵のまち行田賞Ｃ２三 四,1500,ダ,左,稍重,曇,12,6,8,キタサンエポナ,牝,4,54.0,444,1,今野忠,繁田健,,11,1:39.1,41.4,5-6-6-8,6,444,1
2023/05/29,浦和,8,足袋蔵のまち行田賞Ｃ２三 四,1500,ダ,左,稍重,曇,12,7,10,エレダール,牡,4,56.0,441,-7,吉留孝,工藤伸,,12,1:39.3,39.2,12-12-12-12,9,441,-7
2023/05/29,浦和,9,サツキツツジ特別Ｃ２一,1500,ダ,左,稍重,雨,12,7,9,レディジャン,牝,4,54.0,459,2,御神訓,川島一,,1,1:35.6,38.0,2-2-2-1,1,459,2
2023/05/29,浦和,9,サツキツツジ特別Ｃ２一,1500,ダ,左,稍重,雨,12,2,2,カルヴァドス,牝,4,54.0,468,6,矢野貴,山中尊,,2,1:37.0,38.5,8-8-6-5,3,468,6
2023/05/29,浦和,9,サツキツツジ特別Ｃ２一,1500,ダ,左,稍重,雨,12,8,11,トーケンマンボ,牝,4,54.0,495,9,山本紀,山本学,,3,1:37.1,39.3,3-3-3-4,6,495,9
2023/05/29,浦和,9,サツキツツジ特別Ｃ２一,1500,ダ,左,稍重,雨,12,6,7,アンジュクレール,牝,5,54.0,432,-10,森泰斗,小久智,,4,1:37.1,39.6,1-1-1-2,2,432,-10
2023/05/29,浦和,9,サツキツツジ特別Ｃ２一,1500,ダ,左,稍重,雨,12,3,3,ムーランブラン,牝,7,54.0,474,1,本橋孝,藤原智,,5,1:37.8,38.3,11-11-10-9,8,474,1
2023/05/29,浦和,9,サツキツツジ特別Ｃ２一,1500,ダ,左,稍重,雨,12,5,6,サンラグナニゲル,牝,4,54.0,441,6,橋本直,川村守,,6,1:37.8,38.9,10-9-9-8,10,441,6
2023/05/29,浦和,9,サツキツツジ特別Ｃ２一,1500,ダ,左,稍重,雨,12,1,1,ステラセイコー,牝,4,54.0,453,2,和田譲,水野貴,,7,1:38.0,40.2,4-4-4-3,5,453,2
2023/05/29,浦和,9,サツキツツジ特別Ｃ２一,1500,ダ,左,稍重,雨,12,8,12,ヴァンクールシチー,牡,4,56.0,416,-10,半澤慶,工藤伸,,8,1:38.3,40.1,5-5-5-6,7,416,-10
2023/05/29,浦和,9,サツキツツジ特別Ｃ２一,1500,ダ,左,稍重,雨,12,5,5,バーグチャン,牝,4,54.0,428,0,櫻井光,古澤悟,,9,1:38.3,39.7,7-7-7-7,12,428,0
2023/05/29,浦和,9,サツキツツジ特別Ｃ２一,1500,ダ,左,稍重,雨,12,4,4,シンシアハート,牝,5,50.0,437,3,中島良,宇野博,,10,1:38.4,39.0,12-12-12-11,11,437,3
2023/05/29,浦和,9,サツキツツジ特別Ｃ２一,1500,ダ,左,稍重,雨,12,7,10,エトワールゴールド,牡,4,56.0,478,6,吉留孝,薮口一,,11,1:38.6,39.7,9-10-8-10,9,478,6
2023/05/29,浦和,9,サツキツツジ特別Ｃ２一,1500,ダ,左,稍重,雨,12,6,8,ニシノロゼ,牝,4,52.0,457,29,室陽一,小澤宏,,12,1:41.9,43.0,6-6-11-12,4,457,29
2023/05/29,浦和,10,双子座特別Ｂ３二,1500,ダ,左,稍重,雨,12,5,5,ミュステーリオン,牝,4,52.0,491,0,室陽一,小久智,,1,1:34.5,39.2,2-2-1-1,1,491,0
2023/05/29,浦和,10,双子座特別Ｂ３二,1500,ダ,左,稍重,雨,12,8,11,ブラックアピス,牡,5,56.0,498,3,森泰斗,水野貴,,2,1:34.7,39.0,3-3-2-2,3,498,3
2023/05/29,浦和,10,双子座特別Ｂ３二,1500,ダ,左,稍重,雨,12,2,2,グレイトムーン,牡,6,56.0,496,-10,澤田龍,山下之,,3,1:34.8,37.9,10-9-5-3,4,496,-10
2023/05/29,浦和,10,双子座特別Ｂ３二,1500,ダ,左,稍重,雨,12,4,4,ヨドノオーシャン,牡,7,56.0,460,6,張田昂,平山真,,4,1:36.1,39.6,6-6-6-5,6,460,6
2023/05/29,浦和,10,双子座特別Ｂ３二,1500,ダ,左,稍重,雨,12,7,10,レオパルドミノル,セ,0,56.0,488,-12,本田重,渡邊貴,,5,1:36.6,40.7,4-4-3-4,2,488,-12
2023/05/29,浦和,10,双子座特別Ｂ３二,1500,ダ,左,稍重,雨,12,5,6,アイエンジェル,牝,6,53.0,494,10,七夕裕,川島豊,,6,1:37.1,40.2,7-7-7-7,11,494,10
2023/05/29,浦和,10,双子座特別Ｂ３二,1500,ダ,左,稍重,雨,12,7,9,メイストーム,牡,5,55.0,496,-4,新原周,水野貴,,7,1:37.7,40.3,11-11-10-9,5,496,-4
2023/05/29,浦和,10,双子座特別Ｂ３二,1500,ダ,左,稍重,雨,12,6,8,クロヒョウ,牡,7,56.0,476,-23,藤江渉,八木喜,,8,1:37.8,40.7,8-8-9-8,9,476,-23
2023/05/29,浦和,10,双子座特別Ｂ３二,1500,ダ,左,稍重,雨,12,1,1,シグラップリンリン,牝,8,54.0,467,17,橋本直,平山真,,9,1:38.1,42.5,1-1-4-6,7,467,17
2023/05/29,浦和,10,双子座特別Ｂ３二,1500,ダ,左,稍重,雨,12,8,12,ブルーローズ,牝,7,50.0,457,6,中島良,野口孝,,10,1:38.1,40.7,9-10-11-12,8,457,6
2023/05/29,浦和,10,双子座特別Ｂ３二,1500,ダ,左,稍重,雨,12,3,3,ハクサンチコチャン,牝,6,52.0,484,3,木間龍,森　始,,11,1:38.2,40.2,12-12-12-11,10,484,3
2023/05/29,浦和,10,双子座特別Ｂ３二,1500,ダ,左,稍重,雨,12,6,7,ナムラタイガー,牡,6,56.0,550,4,半澤慶,箕輪武,,12,1:39.0,42.3,5-5-8-10,12,550,4
2023/05/29,浦和,11,早苗月特別Ｂ２二,1400,ダ,左,稍重,雨,12,4,4,ポーチュラカ,牝,3,52.0,473,-3,西啓太,渋谷博,,1,1:27.6,37.3,1-1-1-1,5,473,-3
2023/05/29,浦和,11,早苗月特別Ｂ２二,1400,ダ,左,稍重,雨,12,8,11,クラティアラ,牝,3,51.0,496,14,菅原涼,藤原智,,2,1:28.4,37.9,2-2-2-2,1,496,14
2023/05/29,浦和,11,早苗月特別Ｂ２二,1400,ダ,左,稍重,雨,12,7,10,オーロラテーラー,牝,6,54.0,495,3,和田譲,稲益貴,,3,1:28.7,37.6,5-5-5-4,7,495,3
2023/05/29,浦和,11,早苗月特別Ｂ２二,1400,ダ,左,稍重,雨,12,8,12,シャイニー,牡,7,56.0,520,2,山崎誠,野口寛,,4,1:29.0,37.1,9-9-10-9,10,520,2
2023/05/29,浦和,11,早苗月特別Ｂ２二,1400,ダ,左,稍重,雨,12,5,5,エストレラブレイン,牡,5,56.0,547,-2,矢野貴,高月賢,,5,1:29.1,38.0,7-8-7-7,2,547,-2
2023/05/29,浦和,11,早苗月特別Ｂ２二,1400,ダ,左,稍重,雨,12,2,2,ミコノスフレイバー,牡,5,55.0,494,-2,野畑凌,稲益貴,,6,1:29.1,38.4,3-3-3-3,8,494,-2
2023/05/29,浦和,11,早苗月特別Ｂ２二,1400,ダ,左,稍重,雨,12,5,6,ミエノハヤブサ,セ,0,56.0,483,5,張田昂,小澤宏,,7,1:29.1,37.8,8-7-8-8,9,483,5
2023/05/29,浦和,11,早苗月特別Ｂ２二,1400,ダ,左,稍重,雨,12,1,1,カミノアカネ,牝,6,53.0,479,3,新原周,岡田一,,8,1:29.3,37.2,10-11-11-11,6,479,3
2023/05/29,浦和,11,早苗月特別Ｂ２二,1400,ダ,左,稍重,雨,12,7,9,クラサーベル,牡,4,56.0,472,0,山口達,玉井勝,,9,1:29.4,37.5,11-10-9-10,11,472,0
2023/05/29,浦和,11,早苗月特別Ｂ２二,1400,ダ,左,稍重,雨,12,6,7,ナンヨーオボロヅキ,牝,7,54.0,494,-1,櫻井光,平山真,,10,1:29.4,38.6,4-4-6-5,12,494,-1
2023/05/29,浦和,11,早苗月特別Ｂ２二,1400,ダ,左,稍重,雨,12,3,3,ロングジャーニー,牝,5,54.0,493,0,森泰斗,小久智,,11,1:30.3,39.6,6-6-4-6,3,493,0
2023/05/29,浦和,11,早苗月特別Ｂ２二,1400,ダ,左,稍重,雨,12,6,8,レジェンドルーラー,牡,5,56.0,502,1,本田重,米谷康,,12,1:31.3,38.4,12-12-12-12,4,502,1
2023/05/29,浦和,12,月見草特別Ｃ１選抜馬,2000,ダ,左,稍重,雨,10,5,5,フタイテンロック,牡,4,56.0,486,-8,小杉亮,林　幻,,1,2:09.1,38.6,2-2-1-1,1,486,-8
2023/05/29,浦和,12,月見草特別Ｃ１選抜馬,2000,ダ,左,稍重,雨,10,7,8,アスリエル,牡,4,56.0,469,-7,森泰斗,山中尊,,2,2:09.6,38.8,4-4-3-3,4,469,-7
2023/05/29,浦和,12,月見草特別Ｃ１選抜馬,2000,ダ,左,稍重,雨,10,6,6,ダイバオーソ,牡,5,56.0,464,-1,藤江渉,箕輪武,,3,2:10.2,38.8,5-5-4-4,7,464,-1
2023/05/29,浦和,12,月見草特別Ｃ１選抜馬,2000,ダ,左,稍重,雨,10,2,2,ラスティネイル,牝,5,54.0,467,9,吉留孝,入口由,,4,2:11.2,40.8,1-1-1-2,3,467,9
2023/05/29,浦和,12,月見草特別Ｃ１選抜馬,2000,ダ,左,稍重,雨,10,3,3,ログハウス,牝,8,54.0,481,1,張田昂,平山真,,5,2:11.6,39.7,9-9-7-5,9,481,1
2023/05/29,浦和,12,月見草特別Ｃ１選抜馬,2000,ダ,左,稍重,雨,10,1,1,トレンチタウン,牡,5,56.0,467,1,和田譲,工藤伸,,6,2:12.1,40.6,7-6-6-6,2,467,1
2023/05/29,浦和,12,月見草特別Ｃ１選抜馬,2000,ダ,左,稍重,雨,10,4,4,シナノジャングル,牡,5,56.0,500,13,藤本現,鹿沼和,,7,2:12.9,41.8,3-3-5-7,6,500,13
2023/05/29,浦和,12,月見草特別Ｃ１選抜馬,2000,ダ,左,稍重,雨,10,7,7,シュティル,牡,4,56.0,486,6,山口達,山越光,,8,2:13.8,41.9,8-8-8-9,10,486,6
2023/05/29,浦和,12,月見草特別Ｃ１選抜馬,2000,ダ,左,稍重,雨,10,8,10,クロスオブドリーム,セ,0,56.0,487,2,笹川翼,水野貴,,9,2:13.8,41.2,10-10-9-8,5,487,2
2023/05/29,浦和,12,月見草特別Ｃ１選抜馬,2000,ダ,左,稍重,雨,10,8,9,コスモビートイット,牡,6,56.0,522,11,秋元耕,川島豊,,10,2:14.6,42.2,6-7-10-10,8,522,11
2023/05/30,浦和,1,ドリームチャレンジ２歳新馬ア,800,ダ,左,稍重,曇,7,6,6,ジャンゴ,牡,2,54.0,0,0,和田譲,宇野博,,1,0:47.3,35.4,1-1,1,0,0
2023/05/30,浦和,1,ドリームチャレンジ２歳新馬ア,800,ダ,左,稍重,曇,7,2,2,ダイヤモンドキッス,牡,2,54.0,0,0,秋元耕,岡田一,,2,0:47.4,35.0,2-1,4,0,0
2023/05/30,浦和,1,ドリームチャレンジ２歳新馬ア,800,ダ,左,稍重,曇,7,3,3,サザンウィンド,牝,2,54.0,0,0,丹内祐,小久智,,3,0:47.9,35.8,3-3,3,0,0
2023/05/30,浦和,1,ドリームチャレンジ２歳新馬ア,800,ダ,左,稍重,曇,7,1,1,アムクラージュ,牡,2,54.0,0,0,御神訓,藤原智,,4,0:48.0,35.4,4-4,2,0,0
2023/05/30,浦和,1,ドリームチャレンジ２歳新馬ア,800,ダ,左,稍重,曇,7,7,7,ユウユウアイリス,牝,2,53.0,0,0,七夕裕,横山保,,5,0:50.7,37.1,5-5,5,0,0
2023/05/30,浦和,1,ドリームチャレンジ２歳新馬ア,800,ダ,左,稍重,曇,7,5,5,ラグーンプリンセス,牝,2,54.0,0,0,見越彬,箕輪武,,6,0:51.8,37.4,7-7,6,0,0
2023/05/30,浦和,1,ドリームチャレンジ２歳新馬ア,800,ダ,左,稍重,曇,7,4,4,クリウエーブ,牡,2,54.0,0,0,吉留孝,吉田正,,7,0:51.9,38.8,6-6,7,0,0
2023/05/30,浦和,2,ランチタイムチャレンジＣ３六 七,1400,ダ,左,稍重,晴,12,3,3,ロッカーモーション,牝,7,54.0,495,0,橋本直,内野健,,1,1:31.2,39.1,5-4-4-1,3,495,0
2023/05/30,浦和,2,ランチタイムチャレンジＣ３六 七,1400,ダ,左,稍重,晴,12,2,2,ナツィオナーレ,牝,8,54.0,443,3,和田譲,野口孝,,2,1:31.6,38.8,8-8-6-4,5,443,3
2023/05/30,浦和,2,ランチタイムチャレンジＣ３六 七,1400,ダ,左,稍重,晴,12,8,11,ニシノマリアージュ,牝,7,54.0,408,-2,岡田大,冨田敏,,3,1:31.7,39.4,4-5-5-3,6,408,-2
2023/05/30,浦和,2,ランチタイムチャレンジＣ３六 七,1400,ダ,左,稍重,晴,12,6,8,プランタンヴェール,牝,7,53.0,524,3,七夕裕,平山真,,4,1:32.5,41.0,1-1-1-2,1,524,3
2023/05/30,浦和,2,ランチタイムチャレンジＣ３六 七,1400,ダ,左,稍重,晴,12,8,12,ゴールドスペンサー,牡,5,56.0,486,0,見越彬,吉田正,,5,1:33.5,40.7,7-7-7-8,11,486,0
2023/05/30,浦和,2,ランチタイムチャレンジＣ３六 七,1400,ダ,左,稍重,晴,12,5,5,シエスタキー,牡,6,56.0,491,-2,藤江渉,川村守,,6,1:33.5,39.9,11-11-10-9,7,491,-2
2023/05/30,浦和,2,ランチタイムチャレンジＣ３六 七,1400,ダ,左,稍重,晴,12,7,9,パーティーアニマル,牡,7,56.0,458,1,高橋哲,海馬司,,7,1:33.6,40.8,6-6-8-7,4,458,1
2023/05/30,浦和,2,ランチタイムチャレンジＣ３六 七,1400,ダ,左,稍重,晴,12,5,6,サンハンツビル,牝,7,54.0,464,5,秋元耕,鈴木勝,,8,1:33.6,40.2,9-10-11-6,10,464,5
2023/05/30,浦和,2,ランチタイムチャレンジＣ３六 七,1400,ダ,左,稍重,晴,12,7,10,キタマクフィー,牝,5,54.0,457,13,半澤慶,鹿沼和,,9,1:33.6,41.7,3-3-3-5,8,457,13
2023/05/30,浦和,2,ランチタイムチャレンジＣ３六 七,1400,ダ,左,稍重,晴,12,6,7,ラッキーアモン,牡,7,56.0,521,10,寺島憂,箕輪武,,10,1:34.7,40.9,12-12-12-10,12,521,10
2023/05/30,浦和,2,ランチタイムチャレンジＣ３六 七,1400,ダ,左,稍重,晴,12,1,1,ハクサンバレー,牝,6,54.0,451,10,加藤和,薮口一,,,,,10-9-9,9,451,10
2023/05/30,浦和,2,ランチタイムチャレンジＣ３六 七,1400,ダ,左,稍重,晴,12,4,4,レトロワグラース,牝,4,52.0,487,-13,木間龍,矢野義,,,,,2-2-2,2,487,-13
2023/05/30,浦和,3,３歳四,1400,ダ,左,稍重,晴,12,2,2,トラックヤロー,牡,3,56.0,428,-7,山崎誠,平山真,,1,1:29.9,39.9,1-1-1-1,7,428,-7
2023/05/30,浦和,3,３歳四,1400,ダ,左,稍重,晴,12,8,12,ロックフレイバー,牡,3,56.0,479,6,和田譲,繁田健,,2,1:30.5,40.0,5-5-4-2,1,479,6
2023/05/30,浦和,3,３歳四,1400,ダ,左,稍重,晴,12,5,6,ヴァルトビューネ,牡,3,56.0,501,9,矢野貴,米谷康,,3,1:31.3,39.3,9-10-8-6,2,501,9
2023/05/30,浦和,3,３歳四,1400,ダ,左,稍重,晴,12,3,3,ジーガーアイアン,牝,3,50.0,412,8,中島良,石井勝,,4,1:31.7,39.1,11-11-11-9,11,412,8
2023/05/30,浦和,3,３歳四,1400,ダ,左,稍重,晴,12,7,10,ワールドバトル,牡,3,56.0,481,1,石崎駿,海馬司,,5,1:31.8,40.5,7-7-6-4,8,481,1
2023/05/30,浦和,3,３歳四,1400,ダ,左,稍重,晴,12,8,11,キミトユメヲカケル,牝,3,51.0,416,1,及川烈,長谷忍,,6,1:32.2,40.3,8-8-9-11,6,416,1
2023/05/30,浦和,3,３歳四,1400,ダ,左,稍重,晴,12,6,8,シカゴフォンテン,牡,3,53.0,446,-10,所　蛍,矢内博,,7,1:32.2,40.9,6-6-7-8,4,446,-10
2023/05/30,浦和,3,３歳四,1400,ダ,左,稍重,晴,12,4,4,トーセンアライブ,牡,3,56.0,451,-2,丹内祐,小久智,,8,1:32.4,41.9,4-4-5-3,5,451,-2
2023/05/30,浦和,3,３歳四,1400,ダ,左,稍重,晴,12,1,1,バルベルベ,牡,3,56.0,491,-1,臼井健,齊藤敏,,9,1:32.4,40.2,10-9-10-10,10,491,-1
2023/05/30,浦和,3,３歳四,1400,ダ,左,稍重,晴,12,7,9,アイリイファースト,牝,3,54.0,505,7,半澤慶,宇野博,,10,1:33.3,43.1,3-3-3-7,9,505,7
2023/05/30,浦和,3,３歳四,1400,ダ,左,稍重,晴,12,5,5,スターハッスル,牡,3,56.0,468,13,澤田龍,小澤宏,,11,1:33.6,43.4,2-2-2-5,3,468,13
2023/05/30,浦和,3,３歳四,1400,ダ,左,稍重,晴,12,6,7,アイディンモンロー,牝,3,54.0,437,-3,高橋利,凾館一,,12,1:35.3,40.5,12-12-12-12,12,437,-3
2023/05/30,浦和,4,Ｃ３六 七,1500,ダ,左,稍重,晴,12,6,7,マリアフィナーレ,牝,6,54.0,449,-1,見越彬,小林真,,1,1:39.7,41.9,1-1-1-1,3,449,-1
2023/05/30,浦和,4,Ｃ３六 七,1500,ダ,左,稍重,晴,12,3,3,メイショウイヤサカ,牝,7,52.0,443,2,室陽一,海馬司,,2,1:39.8,41.4,6-4-4-3,4,443,2
2023/05/30,浦和,4,Ｃ３六 七,1500,ダ,左,稍重,晴,12,5,6,トリテレイア,牝,7,54.0,418,4,森泰斗,箕輪武,,3,1:39.8,41.2,4-6-6-7,2,418,4
2023/05/30,浦和,4,Ｃ３六 七,1500,ダ,左,稍重,晴,12,2,2,スマイルジーニアス,セ,0,56.0,501,1,岡田大,鹿沼和,,4,1:39.8,41.2,7-7-4-2,7,501,1
2023/05/30,浦和,4,Ｃ３六 七,1500,ダ,左,稍重,晴,12,1,1,ホロシリダケ,セ,0,56.0,480,4,内田利,野口孝,,5,1:40.0,40.8,9-9-9-9,5,480,4
2023/05/30,浦和,4,Ｃ３六 七,1500,ダ,左,稍重,晴,12,7,10,フリーズオプション,牡,7,56.0,477,4,吉留孝,薮口一,,6,1:40.1,41.2,8-8-8-6,1,477,4
2023/05/30,浦和,4,Ｃ３六 七,1500,ダ,左,稍重,晴,12,5,5,ファーマスター,牝,5,53.0,437,3,七夕裕,川村守,,7,1:40.2,40.6,11-10-10-8,10,437,3
2023/05/30,浦和,4,Ｃ３六 七,1500,ダ,左,稍重,晴,12,8,12,アミン,牝,6,50.0,472,0,中島良,冨田敏,,8,1:40.6,42.2,5-5-3-4,6,472,0
2023/05/30,浦和,4,Ｃ３六 七,1500,ダ,左,稍重,晴,12,7,9,カガヤキホコレ,牝,4,54.0,465,-7,半澤慶,宇野博,,9,1:41.5,43.6,2-2-2-5,8,465,-7
2023/05/30,浦和,4,Ｃ３六 七,1500,ダ,左,稍重,晴,12,8,11,バジガクルピナス,牝,4,54.0,365,-6,濱田達,佐々功,,10,1:42.0,43.5,3-3-7-10,9,365,-6
2023/05/30,浦和,4,Ｃ３六 七,1500,ダ,左,稍重,晴,12,6,8,キネンビ,牝,4,54.0,474,8,秋元耕,薮口一,,11,1:43.1,43.1,10-11-11-11,11,474,8
2023/05/30,浦和,4,Ｃ３六 七,1500,ダ,左,稍重,晴,12,4,4,シェナマジック,牡,4,56.0,436,4,國分祐,冨田敏,,12,1:44.5,43.5,12-12-12-12,12,436,4
2023/05/30,浦和,5,Ｃ２五,1500,ダ,左,稍重,晴,12,8,12,フルティージャ,牝,4,54.0,459,8,篠谷葵,山田信,,1,1:38.2,40.9,3-3-2-2,2,459,8
2023/05/30,浦和,5,Ｃ２五,1500,ダ,左,稍重,晴,12,4,4,モンテッソーリ,牝,4,54.0,422,0,張田昂,小澤宏,,2,1:38.3,41.2,2-2-1-1,4,422,0
2023/05/30,浦和,5,Ｃ２五,1500,ダ,左,稍重,晴,12,3,3,オミワタリ,牡,4,55.0,470,0,新原周,坂本昇,,3,1:38.5,40.4,5-6-7-5,7,470,0
2023/05/30,浦和,5,Ｃ２五,1500,ダ,左,稍重,晴,12,7,9,テッシトゥーラ,セ,0,56.0,457,-7,秋元耕,川島豊,,4,1:38.5,40.2,9-9-5-4,1,457,-7
2023/05/30,浦和,5,Ｃ２五,1500,ダ,左,稍重,晴,12,7,10,ヤマジュンヒバナ,牝,6,52.0,450,-1,室陽一,宇野博,,5,1:38.6,40.9,6-5-4-3,3,450,-1
2023/05/30,浦和,5,Ｃ２五,1500,ダ,左,稍重,晴,12,6,7,フェルカド,セ,0,56.0,470,-6,見越彬,野口孝,,6,1:39.1,40.8,7-7-9-7,8,470,-6
2023/05/30,浦和,5,Ｃ２五,1500,ダ,左,稍重,晴,12,6,8,ヴィオレントアズル,牡,4,56.0,410,-3,橋本直,平山真,,7,1:39.2,40.6,10-10-10-6,6,410,-3
2023/05/30,浦和,5,Ｃ２五,1500,ダ,左,稍重,晴,12,8,11,スターコマチ,牝,4,54.0,404,-6,吉留孝,川村守,,8,1:39.5,41.2,8-8-6-8,11,404,-6
2023/05/30,浦和,5,Ｃ２五,1500,ダ,左,稍重,晴,12,5,6,シェナダイオー,牡,4,56.0,558,4,岡田大,山越光,,9,1:39.6,40.4,11-11-11-11,10,558,4
2023/05/30,浦和,5,Ｃ２五,1500,ダ,左,稍重,晴,12,1,1,ニシノマンテン,牡,4,56.0,447,1,半澤慶,川島豊,,10,1:40.6,43.6,1-1-3-9,5,447,1
2023/05/30,浦和,5,Ｃ２五,1500,ダ,左,稍重,晴,12,5,5,クー,牝,4,54.0,492,13,高橋哲,吉田正,,11,1:40.6,42.7,3-4-8-10,9,492,13
2023/05/30,浦和,5,Ｃ２五,1500,ダ,左,稍重,晴,12,2,2,リライアブルアミ,牡,9,56.0,452,-4,寺島憂,薮口一,,,,,,,452,-4
2023/05/30,浦和,6,Ｃ１六 七,1500,ダ,左,稍重,晴,12,1,1,ゴープラチナム,牝,6,54.0,455,-15,張田昂,平山真,,1,1:36.9,39.5,1-1-1-1,2,455,-15
2023/05/30,浦和,6,Ｃ１六 七,1500,ダ,左,稍重,晴,12,7,10,ベルタント,牡,4,56.0,516,8,丹内祐,小久智,,2,1:37.1,39.5,3-3-2-3,3,516,8
2023/05/30,浦和,6,Ｃ１六 七,1500,ダ,左,稍重,晴,12,8,11,ビタースマイル,牝,4,54.0,461,10,森泰斗,水野貴,,3,1:37.2,39.4,4-4-4-2,1,461,10
2023/05/30,浦和,6,Ｃ１六 七,1500,ダ,左,稍重,晴,12,2,2,レオミネルバ,牝,4,54.0,465,4,笠野雄,渡邊貴,,4,1:37.7,39.6,6-7-5-4,4,465,4
2023/05/30,浦和,6,Ｃ１六 七,1500,ダ,左,稍重,晴,12,5,5,ピノモラーン,牡,5,55.0,468,2,新原周,野口孝,,5,1:38.0,39.3,10-10-9-7,10,468,2
2023/05/30,浦和,6,Ｃ１六 七,1500,ダ,左,稍重,晴,12,5,6,リオンポラリス,牡,4,56.0,496,13,町田直,内田勝,,6,1:38.3,40.0,12-11-6-6,8,496,13
2023/05/30,浦和,6,Ｃ１六 七,1500,ダ,左,稍重,晴,12,3,3,ジオパークマグマ,牡,5,56.0,465,-5,秋元耕,川島豊,,7,1:38.3,40.2,5-5-7-7,11,465,-5
2023/05/30,浦和,6,Ｃ１六 七,1500,ダ,左,稍重,晴,12,4,4,イサチルレジェーロ,牡,4,56.0,492,-2,和田譲,宇野博,,8,1:38.6,41.0,2-2-3-5,6,492,-2
2023/05/30,浦和,6,Ｃ１六 七,1500,ダ,左,稍重,晴,12,8,12,バトルオサンナ,牝,9,54.0,443,-8,半澤慶,入口由,,9,1:38.8,40.3,8-8-10-9,7,443,-8
2023/05/30,浦和,6,Ｃ１六 七,1500,ダ,左,稍重,晴,12,6,7,ヤマタケコーチャン,牡,4,56.0,440,-5,高橋哲,水野貴,,10,1:39.3,40.3,11-12-12-10,9,440,-5
2023/05/30,浦和,6,Ｃ１六 七,1500,ダ,左,稍重,晴,12,6,8,タロウシュン,牡,4,55.0,470,5,池谷匠,山田質,,11,1:39.9,41.2,9-9-11-11,5,470,5
2023/05/30,浦和,6,Ｃ１六 七,1500,ダ,左,稍重,晴,12,7,9,ナイフレスト,牝,4,52.0,428,12,室陽一,山越光,,12,1:40.3,42.2,7-6-8-12,12,428,12
2023/05/30,浦和,7,行田豆吉賞Ｃ１六 七,1400,ダ,左,稍重,晴,11,8,11,リングボーイ,セ,0,56.0,434,3,森泰斗,水野貴,,1,1:29.2,38.9,6-5-3-1,1,434,3
2023/05/30,浦和,7,行田豆吉賞Ｃ１六 七,1400,ダ,左,稍重,晴,11,8,10,ソウヤミサキ,牝,5,54.0,459,-2,橋本直,岡田一,,2,1:30.5,38.9,8-8-8-6,6,459,-2
2023/05/30,浦和,7,行田豆吉賞Ｃ１六 七,1400,ダ,左,稍重,晴,11,1,1,ピュアファンタジー,牝,6,51.0,491,10,及川烈,小澤宏,,3,1:30.8,41.3,1-1-2-3,4,491,10
2023/05/30,浦和,7,行田豆吉賞Ｃ１六 七,1400,ダ,左,稍重,晴,11,4,4,ボンジュールイエル,牝,4,54.0,480,1,山崎誠,内田勝,,4,1:30.9,41.4,2-2-1-2,2,480,1
2023/05/30,浦和,7,行田豆吉賞Ｃ１六 七,1400,ダ,左,稍重,晴,11,5,5,シルヴァギンジ,牡,4,55.0,464,-7,古岡勇,岩本洋,,5,1:31.0,39.2,7-9-9-9,10,464,-7
2023/05/30,浦和,7,行田豆吉賞Ｃ１六 七,1400,ダ,左,稍重,晴,11,7,9,ハンドデゴール,牝,4,51.0,465,3,所　蛍,佐々功,,6,1:31.1,39.9,9-7-7-7,7,465,3
2023/05/30,浦和,7,行田豆吉賞Ｃ１六 七,1400,ダ,左,稍重,晴,11,3,3,ケラウノスカズ,牡,4,56.0,451,0,澤田龍,玉井昇,,7,1:31.2,38.6,10-10-10-10,8,451,0
2023/05/30,浦和,7,行田豆吉賞Ｃ１六 七,1400,ダ,左,稍重,晴,11,6,7,イチジン,牡,6,56.0,459,-1,篠谷葵,長谷忍,,8,1:31.4,40.6,5-6-6-8,5,459,-1
2023/05/30,浦和,7,行田豆吉賞Ｃ１六 七,1400,ダ,左,稍重,晴,11,6,6,エスシーカリファ,牝,4,54.0,455,-1,丹内祐,小久智,,9,1:31.4,40.9,3-4-5-4,3,455,-1
2023/05/30,浦和,7,行田豆吉賞Ｃ１六 七,1400,ダ,左,稍重,晴,11,2,2,フーラリ,牡,5,55.0,474,-1,七夕裕,山越光,,10,1:31.6,41.1,4-3-4-5,9,474,-1
2023/05/30,浦和,7,行田豆吉賞Ｃ１六 七,1400,ダ,左,稍重,晴,11,7,8,ジャングルタキオン,牡,4,56.0,505,5,藤江渉,野口孝,,,,,,,505,5
2023/05/30,浦和,8,ラベンダー特別Ｃ２二,1400,ダ,左,稍重,晴,12,5,6,セイショウスマイル,牝,4,54.0,471,-8,今野忠,米谷康,,1,1:30.3,40.5,6-5-2-1,6,471,-8
2023/05/30,浦和,8,ラベンダー特別Ｃ２二,1400,ダ,左,稍重,晴,12,7,10,ソーサレス,牝,4,54.0,484,-6,矢野貴,小澤宏,,2,1:31.0,41.2,4-3-1-1,1,484,-6
2023/05/30,浦和,8,ラベンダー特別Ｃ２二,1400,ダ,左,稍重,晴,12,5,5,エストレージャ,牡,4,56.0,476,-8,小杉亮,岡林光,,3,1:31.2,40.6,8-9-5-5,5,476,-8
2023/05/30,浦和,8,ラベンダー特別Ｃ２二,1400,ダ,左,稍重,晴,12,7,9,レオズソーダライト,牝,7,51.0,463,7,佐藤翔,平山真,,4,1:31.6,41.9,2-2-4-3,2,463,7
2023/05/30,浦和,8,ラベンダー特別Ｃ２二,1400,ダ,左,稍重,晴,12,1,1,キャッスルステラ,牝,4,54.0,479,-5,仲野光,玉井勝,,5,1:31.6,40.7,9-7-8-6,8,479,-5
2023/05/30,浦和,8,ラベンダー特別Ｃ２二,1400,ダ,左,稍重,晴,12,8,12,エターナルルビー,牝,5,50.0,446,-2,中島良,川島豊,,6,1:31.8,40.4,10-10-10-9,7,446,-2
2023/05/30,浦和,8,ラベンダー特別Ｃ２二,1400,ダ,左,稍重,晴,12,6,7,ナツハヨル,牝,5,52.0,443,-1,室陽一,横山保,,7,1:32.1,42.5,1-1-3-4,9,443,-1
2023/05/30,浦和,8,ラベンダー特別Ｃ２二,1400,ダ,左,稍重,晴,12,8,11,スイフトマリー,牝,4,54.0,387,6,高橋哲,酒井一,,8,1:32.5,40.6,12-11-11-10,10,387,6
2023/05/30,浦和,8,ラベンダー特別Ｃ２二,1400,ダ,左,稍重,晴,12,3,3,グッドヘイロー,牝,4,54.0,503,4,寺島憂,山越光,,9,1:33.0,42.3,7-8-6-8,12,503,4
2023/05/30,浦和,8,ラベンダー特別Ｃ２二,1400,ダ,左,稍重,晴,12,2,2,スパイツァック,牝,4,54.0,459,-8,和田譲,宇野博,,10,1:33.1,42.7,5-4-7-7,4,459,-8
2023/05/30,浦和,8,ラベンダー特別Ｃ２二,1400,ダ,左,稍重,晴,12,4,4,プリプリクインダム,牝,8,54.0,489,-4,櫻井光,海馬司,,11,1:35.2,44.5,3-6-9-11,11,489,-4
2023/05/30,浦和,8,ラベンダー特別Ｃ２二,1400,ダ,左,稍重,晴,12,6,8,ホクセツ,セ,0,56.0,534,5,秋元耕,箕輪武,,12,1:36.3,43.6,11-12-12-12,3,534,5
2023/05/30,浦和,9,Ｊ交 ツインベスト特別３歳選抜馬,1400,ダ,左,稍重,晴,12,6,7,マテリアルガール,牝,3,54.0,483,4,森泰斗,小久智,,1,1:27.6,38.5,3-1-1-1,1,483,4
2023/05/30,浦和,9,Ｊ交 ツインベスト特別３歳選抜馬,1400,ダ,左,稍重,晴,12,6,8,シンキングファーザ,牡,3,56.0,466,4,山崎誠,田島俊,,2,1:29.4,39.0,6-6-6-4,7,466,4
2023/05/30,浦和,9,Ｊ交 ツインベスト特別３歳選抜馬,1400,ダ,左,稍重,晴,12,5,5,レアジーニアス,牝,3,54.0,470,-4,丹内祐,栗田徹,,3,1:29.6,40.0,5-4-3-3,2,470,-4
2023/05/30,浦和,9,Ｊ交 ツインベスト特別３歳選抜馬,1400,ダ,左,稍重,晴,12,7,9,リンガススウィート,牝,3,54.0,502,6,本田重,中舘英,,4,1:29.8,38.8,9-8-7-5,3,502,6
2023/05/30,浦和,9,Ｊ交 ツインベスト特別３歳選抜馬,1400,ダ,左,稍重,晴,12,8,12,ニクソンテソーロ,牡,3,54.0,484,-2,原優介,小手準,,4,1:29.8,40.6,1-2-2-2,4,484,-2
2023/05/30,浦和,9,Ｊ交 ツインベスト特別３歳選抜馬,1400,ダ,左,稍重,晴,12,2,2,オキサパンパ,牡,3,56.0,454,-5,小杉亮,渋谷博,,6,1:29.9,38.5,10-10-9-6,5,454,-5
2023/05/30,浦和,9,Ｊ交 ツインベスト特別３歳選抜馬,1400,ダ,左,稍重,晴,12,4,4,プリンスオーソ,牡,3,53.0,454,12,及川烈,長谷忍,,7,1:30.9,38.6,12-11-11-10,11,454,12
2023/05/30,浦和,9,Ｊ交 ツインベスト特別３歳選抜馬,1400,ダ,左,稍重,晴,12,1,1,シェナクラウン,牡,3,56.0,499,4,藤江渉,冨田敏,,8,1:31.1,41.5,4-5-5-7,6,499,4
2023/05/30,浦和,9,Ｊ交 ツインベスト特別３歳選抜馬,1400,ダ,左,稍重,晴,12,3,3,クレナイピロコ,牝,3,54.0,452,12,今野忠,浅野洋,,9,1:31.9,41.1,8-7-8-9,9,452,12
2023/05/30,浦和,9,Ｊ交 ツインベスト特別３歳選抜馬,1400,ダ,左,稍重,晴,12,7,10,リュウノラプター,牡,3,56.0,498,1,和田譲,齊藤敏,,10,1:32.2,42.8,2-2-4-8,8,498,1
2023/05/30,浦和,9,Ｊ交 ツインベスト特別３歳選抜馬,1400,ダ,左,稍重,晴,12,5,6,シトラスフルーツ,牝,3,51.0,451,-19,佐藤翔,青木孝,,11,1:33.0,39.9,11-12-12-12,10,451,-19
2023/05/30,浦和,9,Ｊ交 ツインベスト特別３歳選抜馬,1400,ダ,左,稍重,晴,12,8,11,ウィンターソング,牝,3,54.0,461,0,秋元耕,入口由,,12,1:33.5,41.6,7-9-10-11,12,461,0
2023/05/30,浦和,10,水芭蕉特別Ｂ２三Ｂ３一,1500,ダ,左,稍重,晴,9,2,2,スパルタレオニダス,牡,4,55.0,534,3,御神訓,繁田健,,1,1:35.4,37.0,6-6-3-3,1,534,3
2023/05/30,浦和,10,水芭蕉特別Ｂ２三Ｂ３一,1500,ダ,左,稍重,晴,9,5,5,カード,牝,5,53.0,465,-3,森泰斗,小久智,,2,1:35.4,37.3,2-2-2-1,2,465,-3
2023/05/30,浦和,10,水芭蕉特別Ｂ２三Ｂ３一,1500,ダ,左,稍重,晴,9,3,3,ケンブリッジイーサ,牡,8,56.0,481,-5,菅原涼,新井清,,3,1:36.2,38.1,1-1-1-2,3,481,-5
2023/05/30,浦和,10,水芭蕉特別Ｂ２三Ｂ３一,1500,ダ,左,稍重,晴,9,7,7,エスケントバゴ,牡,4,55.0,458,-6,櫻井光,平山真,,4,1:36.5,38.2,5-4-4-4,5,458,-6
2023/05/30,浦和,10,水芭蕉特別Ｂ２三Ｂ３一,1500,ダ,左,稍重,晴,9,1,1,モンバイト,牡,4,55.0,502,1,吉留孝,薮口一,,5,1:36.5,38.1,4-5-6-5,9,502,1
2023/05/30,浦和,10,水芭蕉特別Ｂ２三Ｂ３一,1500,ダ,左,稍重,晴,9,6,6,ビッグバンド,セ,0,55.0,506,3,野澤憲,山田信,,6,1:36.7,38.3,3-3-5-6,8,506,3
2023/05/30,浦和,10,水芭蕉特別Ｂ２三Ｂ３一,1500,ダ,左,稍重,晴,9,4,4,オートヴィル,牡,8,57.0,524,-2,和田譲,酒井一,,7,1:37.2,38.2,8-8-7-7,7,524,-2
2023/05/30,浦和,10,水芭蕉特別Ｂ２三Ｂ３一,1500,ダ,左,稍重,晴,9,8,9,ティーポンド,牡,6,57.0,470,-2,本橋孝,新井清,,8,1:37.7,38.8,7-7-8-8,4,470,-2
2023/05/30,浦和,10,水芭蕉特別Ｂ２三Ｂ３一,1500,ダ,左,稍重,晴,9,8,8,コウユーモテモテ,牝,6,55.0,525,9,町田直,宇野博,,9,1:38.1,38.9,9-8-9-9,6,525,9
2023/05/30,浦和,11,五月特別Ａ２下,1500,ダ,左,稍重,晴,12,6,7,プレストカイザー,牡,5,57.0,471,-2,本橋孝,山下之,,1,1:35.0,38.2,3-3-3-2,5,471,-2
2023/05/30,浦和,11,五月特別Ａ２下,1500,ダ,左,稍重,晴,12,8,11,ブラックパンサー,牡,5,57.0,501,-2,森泰斗,小久智,,2,1:35.1,37.9,10-9-7-6,2,501,-2
2023/05/30,浦和,11,五月特別Ａ２下,1500,ダ,左,稍重,晴,12,5,6,サヨノグローリー,牡,5,57.0,495,4,町田直,工藤伸,,3,1:35.1,38.1,4-5-6-5,1,495,4
2023/05/30,浦和,11,五月特別Ａ２下,1500,ダ,左,稍重,晴,12,7,9,ハセノエクスプレス,牡,5,57.0,473,2,澤田龍,張田京,,4,1:35.2,38.6,1-1-1-1,10,473,2
2023/05/30,浦和,11,五月特別Ａ２下,1500,ダ,左,稍重,晴,12,1,1,ロマンスグレー,牡,4,57.0,529,-1,篠谷葵,林正人,,5,1:35.5,38.6,5-4-5-4,9,529,-1
2023/05/30,浦和,11,五月特別Ａ２下,1500,ダ,左,稍重,晴,12,4,4,モリデンアロー,牡,5,57.0,501,-10,笹川翼,繁田健,,6,1:35.9,38.5,8-8-8-7,3,501,-10
2023/05/30,浦和,11,五月特別Ａ２下,1500,ダ,左,稍重,晴,12,7,10,ゾディアックレーヴ,牡,5,55.0,486,4,藤本現,矢野義,,7,1:35.9,39.2,2-2-2-3,8,486,4
2023/05/30,浦和,11,五月特別Ａ２下,1500,ダ,左,稍重,晴,12,8,12,スウィングビート,セ,0,57.0,488,-13,矢野貴,岡林光,,8,1:36.0,39.1,6-6-4-8,7,488,-13
2023/05/30,浦和,11,五月特別Ａ２下,1500,ダ,左,稍重,晴,12,3,3,ヴァヴィロフ,牡,5,57.0,473,5,本田重,高月賢,,9,1:36.2,38.6,7-7-9-9,4,473,5
2023/05/30,浦和,11,五月特別Ａ２下,1500,ダ,左,稍重,晴,12,5,5,スターライトブルー,牡,9,57.0,505,-2,達城龍,高橋清,,10,1:36.6,38.4,11-12-11-12,11,505,-2
2023/05/30,浦和,11,五月特別Ａ２下,1500,ダ,左,稍重,晴,12,6,8,ワンダーイチョウ,牡,5,57.0,493,-7,橋本直,鈴木勝,,11,1:36.7,38.7,12-11-10-10,12,493,-7
2023/05/30,浦和,11,五月特別Ａ２下,1500,ダ,左,稍重,晴,12,2,2,トーセンブレイヴ,牡,8,55.0,518,11,丹内祐,小久智,,12,1:36.8,38.6,9-10-12-11,6,518,11
2023/05/30,浦和,12,薄暑特別Ｃ２選抜馬,2000,ダ,左,稍重,晴,11,4,4,ラップランド,セ,0,56.0,463,-5,篠谷葵,玉井昇,,1,2:12.5,39.6,5-5-3-2,3,463,-5
2023/05/30,浦和,12,薄暑特別Ｃ２選抜馬,2000,ダ,左,稍重,晴,11,8,11,グリザマリア,牝,4,54.0,469,-8,本田重,石井勝,,2,2:12.7,39.8,4-3-1-1,1,469,-8
2023/05/30,浦和,12,薄暑特別Ｃ２選抜馬,2000,ダ,左,稍重,晴,11,7,9,ゲンパチカガヤキ,牡,8,56.0,494,4,秋元耕,小澤宏,,3,2:13.9,40.8,6-4-4-4,2,494,4
2023/05/30,浦和,12,薄暑特別Ｃ２選抜馬,2000,ダ,左,稍重,晴,11,2,2,リュウキュウカリー,牡,4,52.0,474,8,中島良,宇野博,,4,2:14.1,41.3,1-1-2-3,4,474,8
2023/05/30,浦和,12,薄暑特別Ｃ２選抜馬,2000,ダ,左,稍重,晴,11,5,5,ストームシャドウ,牡,4,56.0,461,-1,笠野雄,佐々清,,5,2:14.8,41.1,9-8-6-5,6,461,-1
2023/05/30,浦和,12,薄暑特別Ｃ２選抜馬,2000,ダ,左,稍重,晴,11,8,10,タンタシオン,牡,4,56.0,471,-1,小杉亮,矢野義,,6,2:15.7,42.0,8-7-7-7,5,471,-1
2023/05/30,浦和,12,薄暑特別Ｃ２選抜馬,2000,ダ,左,稍重,晴,11,7,8,ビオロンスコッツ,牡,6,56.0,463,-4,藤江渉,酒井一,,7,2:16.1,43.2,2-2-5-6,9,463,-4
2023/05/30,浦和,12,薄暑特別Ｃ２選抜馬,2000,ダ,左,稍重,晴,11,3,3,ノースジラソーレ,牝,4,51.0,449,0,及川烈,長谷忍,,8,2:16.3,42.4,7-9-9-10,10,449,0
2023/05/30,浦和,12,薄暑特別Ｃ２選抜馬,2000,ダ,左,稍重,晴,11,6,6,ベガエクスプレス,牝,4,54.0,451,-4,増田充,村田順,,9,2:16.3,41.0,11-11-11-11,11,451,-4
2023/05/30,浦和,12,薄暑特別Ｃ２選抜馬,2000,ダ,左,稍重,晴,11,1,1,ミッドナイトブルー,牝,4,54.0,437,2,吉留孝,横山保,,10,2:16.5,42.2,10-10-10-8,7,437,2
2023/05/30,浦和,12,薄暑特別Ｃ２選抜馬,2000,ダ,左,稍重,晴,11,6,7,ネオアンコーラ,牡,4,56.0,481,-2,寺島憂,山越光,,11,2:17.2,43.7,3-6-8-9,8,481,-2
2023/05/31,浦和,1,３歳六,1400,ダ,左,不良,曇,12,6,8,シナノホワイト,牡,3,55.0,505,8,七夕裕,岡田一,,1,1:29.2,38.8,1-1-1-1,8,505,8
2023/05/31,浦和,1,３歳六,1400,ダ,左,不良,曇,12,7,10,スマイルポピー,牝,3,54.0,463,3,和田譲,小澤宏,,2,1:29.3,38.5,3-3-2-2,4,463,3
2023/05/31,浦和,1,３歳六,1400,ダ,左,不良,曇,12,7,9,ワガママナビジン,牝,3,54.0,456,-7,澤田龍,矢野義,,3,1:30.2,39.6,2-2-3-4,3,456,-7
2023/05/31,浦和,1,３歳六,1400,ダ,左,不良,曇,12,4,4,ゴールドバニー,牝,3,53.0,476,6,新原周,野口孝,,4,1:30.2,38.5,6-7-8-5,7,476,6
2023/05/31,浦和,1,３歳六,1400,ダ,左,不良,曇,12,5,5,ビレッジスティール,牝,3,54.0,422,1,森泰斗,新井清,,5,1:30.3,39.1,7-6-4-3,1,422,1
2023/05/31,浦和,1,３歳六,1400,ダ,左,不良,曇,12,2,2,エムティウィンド,牝,3,54.0,462,-7,秋元耕,野口寛,,6,1:30.9,39.7,4-5-6-6,5,462,-7
2023/05/31,浦和,1,３歳六,1400,ダ,左,不良,曇,12,8,12,アルスヴィズ,牝,3,54.0,453,-12,櫻井光,栗林信,,7,1:31.0,38.9,10-11-10-9,10,453,-12
2023/05/31,浦和,1,３歳六,1400,ダ,左,不良,曇,12,6,7,ユウユウロケット,牡,3,56.0,436,4,山中悠,渋谷博,,8,1:31.3,39.4,8-9-8-8,9,436,4
2023/05/31,浦和,1,３歳六,1400,ダ,左,不良,曇,12,8,11,ビナダラット,牝,3,54.0,454,-2,橋本直,酒井一,,9,1:31.3,40.3,5-4-5-7,11,454,-2
2023/05/31,浦和,1,３歳六,1400,ダ,左,不良,曇,12,3,3,クラダイリン,牝,3,54.0,502,3,町田直,長谷忍,,10,1:31.4,39.7,11-10-7-10,2,502,3
2023/05/31,浦和,1,３歳六,1400,ダ,左,不良,曇,12,1,1,クインズカヤノヒメ,牝,3,54.0,452,13,藤江渉,横山保,,11,1:32.3,40.1,9-8-11-11,6,452,13
2023/05/31,浦和,1,３歳六,1400,ダ,左,不良,曇,12,5,6,ボルドーユニコーン,牝,3,51.0,375,-1,及川烈,長谷忍,,,,,,,375,-1
2023/05/31,浦和,2,ランチタイムチャレンジ３歳五,1400,ダ,左,不良,曇,12,3,3,ハクアイウルフ,牡,3,56.0,509,-8,和田譲,石井勝,,1,1:29.8,39.7,1-1-1-1,2,509,-8
2023/05/31,浦和,2,ランチタイムチャレンジ３歳五,1400,ダ,左,不良,曇,12,7,10,アロア,牝,3,51.0,486,12,及川烈,長谷忍,,2,1:30.0,39.8,3-2-2-2,6,486,12
2023/05/31,浦和,2,ランチタイムチャレンジ３歳五,1400,ダ,左,不良,曇,12,2,2,キラット,牝,3,54.0,471,-1,矢野貴,新井清,,3,1:30.3,39.9,4-5-3-3,1,471,-1
2023/05/31,浦和,2,ランチタイムチャレンジ３歳五,1400,ダ,左,不良,曇,12,6,8,エアファールング,牡,3,56.0,475,3,岡田大,山越光,,4,1:31.5,40.4,8-10-6-6,9,475,3
2023/05/31,浦和,2,ランチタイムチャレンジ３歳五,1400,ダ,左,不良,曇,12,5,6,サワヤカサヤカ,牝,3,54.0,465,4,張田昂,坂本昇,,5,1:31.6,41.0,5-6-5-4,8,465,4
2023/05/31,浦和,2,ランチタイムチャレンジ３歳五,1400,ダ,左,不良,曇,12,5,5,エスシーマゼラン,牡,3,56.0,495,-4,山口達,渡邊貴,,6,1:31.9,40.8,10-9-10-10,3,495,-4
2023/05/31,浦和,2,ランチタイムチャレンジ３歳五,1400,ダ,左,不良,曇,12,1,1,ハッサクサン,牝,3,54.0,469,-6,秋元耕,水野貴,,7,1:32.1,40.5,12-12-11-8,12,469,-6
2023/05/31,浦和,2,ランチタイムチャレンジ３歳五,1400,ダ,左,不良,曇,12,8,11,ステルクカナト,牡,3,56.0,447,-3,澤田龍,矢野義,,8,1:32.3,41.9,6-4-4-5,4,447,-3
2023/05/31,浦和,2,ランチタイムチャレンジ３歳五,1400,ダ,左,不良,曇,12,6,7,リュウノファントム,牡,3,56.0,463,-4,高橋哲,野口孝,,9,1:32.3,41.4,7-7-6-7,5,463,-4
2023/05/31,浦和,2,ランチタイムチャレンジ３歳五,1400,ダ,左,不良,曇,12,4,4,モモアカ,牝,3,52.0,405,-11,室陽一,川村守,,10,1:32.5,41.5,9-7-6-9,11,405,-11
2023/05/31,浦和,2,ランチタイムチャレンジ３歳五,1400,ダ,左,不良,曇,12,7,9,クイーンオーキッド,牝,3,54.0,409,-14,川島正,山下之,,11,1:32.9,42.2,2-3-9-12,7,409,-14
2023/05/31,浦和,2,ランチタイムチャレンジ３歳五,1400,ダ,左,不良,曇,12,8,12,エマーブルクラス,牝,3,54.0,428,-4,吉留孝,薮口一,,12,1:33.1,41.5,11-11-12-11,10,428,-4
2023/05/31,浦和,3,浦和８００ラウンドＣ３選抜馬イ,800,ダ,左,不良,曇,12,8,12,フライトメモリア,牝,5,54.0,526,-1,秋元耕,川村守,,1,0:48.7,36.0,3-3,2,526,-1
2023/05/31,浦和,3,浦和８００ラウンドＣ３選抜馬イ,800,ダ,左,不良,曇,12,7,10,シーモアドリーム,牝,4,54.0,456,-5,矢野貴,伊藤滋,,2,0:49.1,36.6,2-2,1,456,-5
2023/05/31,浦和,3,浦和８００ラウンドＣ３選抜馬イ,800,ダ,左,不良,曇,12,6,8,ラヴアンドゲーム,牝,6,54.0,481,1,高橋哲,酒井一,,3,0:49.3,36.8,1-1,5,481,1
2023/05/31,浦和,3,浦和８００ラウンドＣ３選抜馬イ,800,ダ,左,不良,曇,12,4,4,ピノゼン,牝,7,53.0,494,-9,新原周,野口孝,,4,0:49.7,36.0,7-4,6,494,-9
2023/05/31,浦和,3,浦和８００ラウンドＣ３選抜馬イ,800,ダ,左,不良,曇,12,2,2,イノセントソレル,セ,0,55.0,518,-8,野畑凌,宇野博,,5,0:49.8,36.6,4-6,4,518,-8
2023/05/31,浦和,3,浦和８００ラウンドＣ３選抜馬イ,800,ダ,左,不良,曇,12,1,1,コウエイダイチ,牡,9,54.0,473,12,室陽一,吉田正,,6,0:50.0,36.4,6-5,9,473,12
2023/05/31,浦和,3,浦和８００ラウンドＣ３選抜馬イ,800,ダ,左,不良,曇,12,5,6,チェンマイルージュ,牝,7,54.0,484,-4,澤田龍,鈴木勝,,7,0:50.3,36.1,11-9,3,484,-4
2023/05/31,浦和,3,浦和８００ラウンドＣ３選抜馬イ,800,ダ,左,不良,曇,12,3,3,ダイチスマイル,牡,4,56.0,453,2,臼井健,佐々功,,8,0:50.4,36.2,9-10,10,453,2
2023/05/31,浦和,3,浦和８００ラウンドＣ３選抜馬イ,800,ダ,左,不良,曇,12,6,7,ヴィクトリアブーケ,牝,5,54.0,399,3,吉留孝,薮口一,,9,0:50.4,36.7,8-8,8,399,3
2023/05/31,浦和,3,浦和８００ラウンドＣ３選抜馬イ,800,ダ,左,不良,曇,12,5,5,ニシノマッハ,牡,9,53.0,473,1,及川烈,吉田正,,10,0:50.5,37.1,5-7,11,473,1
2023/05/31,浦和,3,浦和８００ラウンドＣ３選抜馬イ,800,ダ,左,不良,曇,12,8,11,ヘデラ,牝,7,54.0,444,1,寺島憂,箕輪武,,11,0:50.7,37.0,12-11,7,444,1
2023/05/31,浦和,3,浦和８００ラウンドＣ３選抜馬イ,800,ダ,左,不良,曇,12,7,9,ヒナマル,牝,4,53.0,425,4,菅原涼,長谷忍,,12,0:52.1,38.4,10-12,12,425,4
2023/05/31,浦和,4,浦和８００ラウンドＣ３選抜馬ア,800,ダ,左,不良,曇,12,8,11,ゲブレセラシエ,セ,0,56.0,501,-16,橋本直,小久智,,1,0:47.5,35.1,2-2,3,501,-16
2023/05/31,浦和,4,浦和８００ラウンドＣ３選抜馬ア,800,ダ,左,不良,曇,12,3,3,モンスタープリンス,牡,7,56.0,508,8,半澤慶,工藤伸,,2,0:47.5,35.2,1-1,1,508,8
2023/05/31,浦和,4,浦和８００ラウンドＣ３選抜馬ア,800,ダ,左,不良,曇,12,7,10,アズーロネロ,牝,4,54.0,475,-2,山崎誠,山崎裕,,3,0:48.3,35.5,9-8,2,475,-2
2023/05/31,浦和,4,浦和８００ラウンドＣ３選抜馬ア,800,ダ,左,不良,曇,12,5,6,リチェルカータ,牝,6,53.0,482,7,菅原涼,小澤宏,,4,0:48.5,36.1,3-3,8,482,7
2023/05/31,浦和,4,浦和８００ラウンドＣ３選抜馬ア,800,ダ,左,不良,曇,12,5,5,テステッソ,牡,4,55.0,425,-4,野畑凌,吉橋淳,,5,0:48.6,36.1,7-5,5,425,-4
2023/05/31,浦和,4,浦和８００ラウンドＣ３選抜馬ア,800,ダ,左,不良,曇,12,2,2,アカルイスモウブ,牝,4,54.0,433,0,吉留孝,冨田敏,,6,0:48.6,36.2,4-4,9,433,0
2023/05/31,浦和,4,浦和８００ラウンドＣ３選抜馬ア,800,ダ,左,不良,曇,12,7,9,レジュールウール,牝,5,50.0,483,17,中島良,野口寛,,7,0:48.7,36.3,5-6,6,483,17
2023/05/31,浦和,4,浦和８００ラウンドＣ３選抜馬ア,800,ダ,左,不良,曇,12,1,1,ダンストンラソ,牝,8,54.0,455,8,見越彬,野口孝,,8,0:49.0,35.9,10-10,10,455,8
2023/05/31,浦和,4,浦和８００ラウンドＣ３選抜馬ア,800,ダ,左,不良,曇,12,6,7,ウンジョウノメガミ,牝,5,51.0,450,-8,及川烈,入口由,,9,0:49.1,36.6,8-9,4,450,-8
2023/05/31,浦和,4,浦和８００ラウンドＣ３選抜馬ア,800,ダ,左,不良,曇,12,8,12,シンキングセンティ,牝,4,54.0,464,6,岡田大,山越光,,10,0:49.3,36.9,6-7,7,464,6
2023/05/31,浦和,4,浦和８００ラウンドＣ３選抜馬ア,800,ダ,左,不良,曇,12,6,8,ユカリン,牡,4,56.0,500,-14,西村栄,伊藤滋,,11,0:49.7,36.4,12-11,11,500,-14
2023/05/31,浦和,4,浦和８００ラウンドＣ３選抜馬ア,800,ダ,左,不良,曇,12,4,4,トーセンケイト,牝,5,52.0,486,-1,室陽一,川村守,,12,0:49.8,36.5,11-12,12,486,-1
2023/05/31,浦和,5,Ｃ３五,1400,ダ,左,不良,曇,11,4,4,プレストオメガ,牡,4,56.0,518,-7,川島正,佐藤太,,1,1:29.7,38.7,5-5-2-1,1,518,-7
2023/05/31,浦和,5,Ｃ３五,1400,ダ,左,不良,曇,11,7,9,スプリングネージュ,牝,5,54.0,445,6,岡田大,鹿沼和,,2,1:30.3,39.3,3-3-3-3,5,445,6
2023/05/31,浦和,5,Ｃ３五,1400,ダ,左,不良,曇,11,3,3,ボビン,牝,7,54.0,444,-2,橋本直,内野健,,3,1:31.5,40.0,7-6-5-4,6,444,-2
2023/05/31,浦和,5,Ｃ３五,1400,ダ,左,不良,曇,11,7,8,クレールプリュネル,牝,5,54.0,469,0,半澤慶,山越光,,4,1:31.7,40.9,1-1-1-2,2,469,0
2023/05/31,浦和,5,Ｃ３五,1400,ダ,左,不良,曇,11,5,5,チュパチ,牝,4,54.0,451,0,内田利,吉田正,,5,1:31.9,39.4,8-9-9-10,4,451,0
2023/05/31,浦和,5,Ｃ３五,1400,ダ,左,不良,曇,11,2,2,プリュイ,牡,5,56.0,427,7,吉留孝,薮口一,,6,1:32.1,39.8,9-8-8-6,8,427,7
2023/05/31,浦和,5,Ｃ３五,1400,ダ,左,不良,曇,11,8,10,マッシュブライト,牝,5,50.0,468,1,中島良,酒井一,,7,1:32.2,39.5,11-10-10-11,10,468,1
2023/05/31,浦和,5,Ｃ３五,1400,ダ,左,不良,曇,11,6,6,オールドボンバー,牡,7,56.0,487,-5,藤江渉,横山保,,8,1:32.4,41.1,4-4-6-7,3,487,-5
2023/05/31,浦和,5,Ｃ３五,1400,ダ,左,不良,曇,11,6,7,ボンバーキャット,牡,4,53.0,452,-16,及川烈,長谷忍,,9,1:32.4,39.6,10-11-10-9,11,452,-16
2023/05/31,浦和,5,Ｃ３五,1400,ダ,左,不良,曇,11,8,11,シンキングロマンス,牝,4,52.0,447,0,室陽一,川村守,,10,1:32.4,40.7,6-7-7-8,9,447,0
2023/05/31,浦和,5,Ｃ３五,1400,ダ,左,不良,曇,11,1,1,ベニノエンゼル,牝,6,54.0,451,4,寺島憂,山越光,,11,1:32.7,41.7,2-2-4-5,7,451,4
2023/05/31,浦和,6,Ｃ２六 七,1400,ダ,左,不良,曇,12,7,10,クリムゾンオーラ,牝,6,51.0,480,1,及川烈,入口由,,1,1:29.5,39.5,2-2-1-1,7,480,1
2023/05/31,浦和,6,Ｃ２六 七,1400,ダ,左,不良,曇,12,6,7,スタードラゴン,牡,4,56.0,510,-1,澤田龍,矢野義,,2,1:30.2,40.0,3-3-2-2,4,510,-1
2023/05/31,浦和,6,Ｃ２六 七,1400,ダ,左,不良,曇,12,8,11,ビーマジカル,牝,4,53.0,444,-7,新原周,野口孝,,3,1:30.7,39.2,11-11-8-5,3,444,-7
2023/05/31,浦和,6,Ｃ２六 七,1400,ダ,左,不良,曇,12,6,8,ルナーサウスポール,牡,4,56.0,474,-6,臼井健,凾館一,,4,1:30.8,40.0,8-6-4-3,1,474,-6
2023/05/31,浦和,6,Ｃ２六 七,1400,ダ,左,不良,曇,12,7,9,ミメウルワシ,牝,8,50.0,439,-9,中島良,山越光,,5,1:30.8,39.3,9-10-9-8,8,439,-9
2023/05/31,浦和,6,Ｃ２六 七,1400,ダ,左,不良,曇,12,8,12,マイネルグローリエ,牡,4,56.0,516,-1,矢野貴,新井清,,6,1:31.3,40.5,7-5-4-4,6,516,-1
2023/05/31,浦和,6,Ｃ２六 七,1400,ダ,左,不良,曇,12,4,4,ドウシ,セ,0,56.0,421,0,野澤憲,佐々清,,7,1:31.9,40.4,12-12-10-9,12,421,0
2023/05/31,浦和,6,Ｃ２六 七,1400,ダ,左,不良,曇,12,3,3,シシャモ,牝,4,53.0,421,7,七夕裕,工藤伸,,8,1:32.0,41.2,4-4-7-7,10,421,7
2023/05/31,浦和,6,Ｃ２六 七,1400,ダ,左,不良,曇,12,5,6,ブルベアマイル,牡,6,56.0,461,8,秋元耕,岡田一,,9,1:32.1,41.1,10-9-6-10,5,461,8
2023/05/31,浦和,6,Ｃ２六 七,1400,ダ,左,不良,曇,12,2,2,エスポワールフレア,牝,4,54.0,448,5,寺島憂,野口孝,,10,1:32.5,42.5,1-1-3-6,11,448,5
2023/05/31,浦和,6,Ｃ２六 七,1400,ダ,左,不良,曇,12,1,1,スティールマドンナ,牝,5,52.0,480,3,室陽一,小澤宏,,11,1:32.6,41.2,5-7-11-11,9,480,3
2023/05/31,浦和,6,Ｃ２六 七,1400,ダ,左,不良,曇,12,5,5,タービンホール,牡,4,56.0,508,4,半澤慶,宇野博,,12,1:33.0,41.5,6-8-12-12,2,508,4
2023/05/31,浦和,7,観光物産館さきたまテラス賞Ｃ２六 七,1500,ダ,左,不良,曇,12,6,7,ビービードルチェ,牝,4,53.0,456,2,野畑凌,新井清,,1,1:37.0,39.9,3-3-1-1,4,456,2
2023/05/31,浦和,7,観光物産館さきたまテラス賞Ｃ２六 七,1500,ダ,左,不良,曇,12,8,11,シラセ,牝,4,54.0,434,0,山口達,林正人,,2,1:37.0,39.9,4-4-2-2,5,434,0
2023/05/31,浦和,7,観光物産館さきたまテラス賞Ｃ２六 七,1500,ダ,左,不良,曇,12,8,12,タイキフリード,牡,4,56.0,452,-6,笹川翼,米谷康,,3,1:37.9,40.4,9-9-4-3,1,452,-6
2023/05/31,浦和,7,観光物産館さきたまテラス賞Ｃ２六 七,1500,ダ,左,不良,曇,12,5,5,ミーティアカフェ,牝,5,53.0,478,4,七夕裕,箕輪武,,4,1:38.0,40.2,8-10-6-4,8,478,4
2023/05/31,浦和,7,観光物産館さきたまテラス賞Ｃ２六 七,1500,ダ,左,不良,曇,12,4,4,フクチャンクイーン,牝,4,54.0,442,3,橋本直,内野健,,5,1:38.3,40.7,5-6-7-5,3,442,3
2023/05/31,浦和,7,観光物産館さきたまテラス賞Ｃ２六 七,1500,ダ,左,不良,曇,12,1,1,タイガーキャット,セ,0,56.0,461,-18,矢野貴,山田信,,6,1:39.0,41.3,10-8-9-6,6,461,-18
2023/05/31,浦和,7,観光物産館さきたまテラス賞Ｃ２六 七,1500,ダ,左,不良,曇,12,5,6,アイノシルヴィア,牝,4,54.0,444,0,笠野雄,山中尊,,7,1:39.2,40.7,12-12-12-8,11,444,0
2023/05/31,浦和,7,観光物産館さきたまテラス賞Ｃ２六 七,1500,ダ,左,不良,曇,12,7,9,ビクエスト,牡,4,56.0,441,-6,川島正,矢内博,,8,1:39.4,41.1,11-11-10-10,12,441,-6
2023/05/31,浦和,7,観光物産館さきたまテラス賞Ｃ２六 七,1500,ダ,左,不良,曇,12,3,3,ライズザトーチ,牝,4,54.0,549,-2,高橋哲,水野貴,,9,1:39.6,42.4,1-1-3-7,2,549,-2
2023/05/31,浦和,7,観光物産館さきたまテラス賞Ｃ２六 七,1500,ダ,左,不良,曇,12,2,2,エドノストリート,牝,5,54.0,467,7,和田譲,宇野博,,10,1:40.2,43.0,2-2-5-9,7,467,7
2023/05/31,浦和,7,観光物産館さきたまテラス賞Ｃ２六 七,1500,ダ,左,不良,曇,12,6,8,ナムラキャッツ,牝,4,50.0,410,1,中島良,横山保,,11,1:40.2,42.7,5-5-7-11,9,410,1
2023/05/31,浦和,7,観光物産館さきたまテラス賞Ｃ２六 七,1500,ダ,左,不良,曇,12,7,10,ポップコーントーン,牝,4,52.0,396,-4,室陽一,工藤伸,,12,1:40.4,42.6,7-7-11-12,10,396,-4
2023/05/31,浦和,8,ポピー特別３歳一,1400,ダ,左,不良,晴,12,8,11,トノパー,牡,3,57.0,500,2,本田重,小久智,,1,1:28.9,40.0,4-4-3-1,1,500,2
2023/05/31,浦和,8,ポピー特別３歳一,1400,ダ,左,不良,晴,12,5,6,ラピスアダマンス,牝,3,55.0,495,-2,張田昂,坂本昇,,2,1:29.2,40.3,3-3-4-4,6,495,-2
2023/05/31,浦和,8,ポピー特別３歳一,1400,ダ,左,不良,晴,12,4,4,ハーモニーロワ,牡,3,57.0,492,6,笹川翼,新井清,,3,1:29.2,37.1,12-12-12-10,2,492,6
2023/05/31,浦和,8,ポピー特別３歳一,1400,ダ,左,不良,晴,12,7,9,ネメシス,牝,3,54.0,437,2,吉留孝,箕輪武,,4,1:29.6,39.3,10-8-8-7,11,437,2
2023/05/31,浦和,8,ポピー特別３歳一,1400,ダ,左,不良,晴,12,3,3,アイグレース,牝,3,54.0,457,10,秋元耕,岡田一,,5,1:29.8,41.3,1-1-2-3,9,457,10
2023/05/31,浦和,8,ポピー特別３歳一,1400,ダ,左,不良,晴,12,2,2,ラブリービュー,牡,3,57.0,477,2,森泰斗,佐藤太,,6,1:29.9,40.7,5-5-5-5,3,477,2
2023/05/31,浦和,8,ポピー特別３歳一,1400,ダ,左,不良,晴,12,5,5,ラーテル,セ,0,56.0,459,-2,野畑凌,高月賢,,7,1:30.0,40.4,6-6-6-6,5,459,-2
2023/05/31,浦和,8,ポピー特別３歳一,1400,ダ,左,不良,晴,12,7,10,マサノエンペラー,牡,3,57.0,469,-3,本橋孝,張田京,,8,1:30.0,39.4,9-9-10-9,7,469,-3
2023/05/31,浦和,8,ポピー特別３歳一,1400,ダ,左,不良,晴,12,8,12,ラッキーストーリー,牡,3,57.0,495,15,町田直,新井清,,9,1:30.2,41.7,2-2-1-2,4,495,15
2023/05/31,浦和,8,ポピー特別３歳一,1400,ダ,左,不良,晴,12,6,7,ディーエスフランク,牡,3,56.0,506,-2,山崎誠,佐々仁,,10,1:30.5,40.7,7-7-7-8,12,506,-2
2023/05/31,浦和,8,ポピー特別３歳一,1400,ダ,左,不良,晴,12,6,8,クィーンズヒル,牝,3,54.0,451,4,矢野貴,岡林光,,11,1:30.7,40.0,8-10-9-11,8,451,4
2023/05/31,浦和,8,ポピー特別３歳一,1400,ダ,左,不良,晴,12,1,1,マイブー,牡,3,57.0,498,3,庄司大,張田京,,12,1:31.1,40.0,11-11-11-12,10,498,3
2023/05/31,浦和,9,羽生市観光協会　ムジナもん賞Ｃ１四,1400,ダ,左,不良,晴,12,5,6,アドミラブルエース,牡,4,56.0,485,4,笹川翼,繁田健,,1,1:28.8,38.0,8-8-5-1,2,485,4
2023/05/31,浦和,9,羽生市観光協会　ムジナもん賞Ｃ１四,1400,ダ,左,不良,晴,12,5,5,ディンゴ,牝,5,53.0,460,4,野畑凌,小澤宏,,2,1:29.6,39.3,6-6-4-3,6,460,4
2023/05/31,浦和,9,羽生市観光協会　ムジナもん賞Ｃ１四,1400,ダ,左,不良,晴,12,1,1,スーパーローズ,牝,6,53.0,489,4,七夕裕,野口孝,,3,1:29.9,38.7,9-10-11-8,9,489,4
2023/05/31,浦和,9,羽生市観光協会　ムジナもん賞Ｃ１四,1400,ダ,左,不良,晴,12,4,4,グリーンダイヤル,牡,4,56.0,473,-12,御神訓,岡林光,,4,1:29.9,38.9,11-11-8-5,1,473,-12
2023/05/31,浦和,9,羽生市観光協会　ムジナもん賞Ｃ１四,1400,ダ,左,不良,晴,12,8,12,チェスナットドレス,牝,6,54.0,474,9,國分祐,冨田敏,,5,1:29.9,39.0,7-7-9-9,11,474,9
2023/05/31,浦和,9,羽生市観光協会　ムジナもん賞Ｃ１四,1400,ダ,左,不良,晴,12,2,2,ミミコチャン,牝,4,50.0,507,4,中島良,小林真,,6,1:29.9,39.3,4-4-7-6,5,507,4
2023/05/31,浦和,9,羽生市観光協会　ムジナもん賞Ｃ１四,1400,ダ,左,不良,晴,12,6,7,ミティエラ,牝,4,54.0,508,28,和田譲,工藤伸,,7,1:30.0,40.4,2-2-1-2,7,508,28
2023/05/31,浦和,9,羽生市観光協会　ムジナもん賞Ｃ１四,1400,ダ,左,不良,晴,12,7,10,ブルボンティアラ,牝,4,54.0,425,-4,高橋哲,水野貴,,8,1:30.9,39.8,10-9-10-10,10,425,-4
2023/05/31,浦和,9,羽生市観光協会　ムジナもん賞Ｃ１四,1400,ダ,左,不良,晴,12,8,11,マリノヴィーナス,牝,4,54.0,470,-4,矢野貴,池田孝,,9,1:31.3,41.6,3-3-3-6,3,470,-4
2023/05/31,浦和,9,羽生市観光協会　ムジナもん賞Ｃ１四,1400,ダ,左,不良,晴,12,7,9,リュウノマキロイ,牡,4,56.0,511,6,森泰斗,齊藤敏,,10,1:31.8,41.4,5-5-6-11,4,511,6
2023/05/31,浦和,9,羽生市観光協会　ムジナもん賞Ｃ１四,1400,ダ,左,不良,晴,12,3,3,ジョーレイラニ,牝,5,54.0,459,5,張田昂,小久智,,11,1:32.1,42.5,1-1-2-4,8,459,5
2023/05/31,浦和,9,羽生市観光協会　ムジナもん賞Ｃ１四,1400,ダ,左,不良,晴,12,6,8,ゴールドエース,牡,4,56.0,486,5,藤江渉,野口孝,,12,1:33.4,41.4,12-12-12-12,12,486,5
2023/05/31,浦和,10,薫風特別Ｃ１三,1500,ダ,左,重,晴,12,2,2,スティールドラゴン,牡,4,56.0,500,3,本橋孝,張田京,,1,1:36.0,40.1,1-1-1-1,1,500,3
2023/05/31,浦和,10,薫風特別Ｃ１三,1500,ダ,左,重,晴,12,8,12,ブラックオパール,牝,4,53.0,513,10,七夕裕,平山真,,2,1:36.0,39.1,6-7-7-6,2,513,10
2023/05/31,浦和,10,薫風特別Ｃ１三,1500,ダ,左,重,晴,12,3,3,ミラクルランバック,牡,4,56.0,519,-3,山崎誠,藤原智,,3,1:36.0,38.9,10-10-6-5,7,519,-3
2023/05/31,浦和,10,薫風特別Ｃ１三,1500,ダ,左,重,晴,12,7,10,コスモルージュ,牡,4,56.0,502,-2,張田昂,小澤宏,,4,1:36.1,40.1,3-3-3-3,4,502,-2
2023/05/31,浦和,10,薫風特別Ｃ１三,1500,ダ,左,重,晴,12,5,6,ジュース,牝,4,52.0,427,-8,室陽一,小久智,,5,1:36.1,40.2,2-2-2-1,3,427,-8
2023/05/31,浦和,10,薫風特別Ｃ１三,1500,ダ,左,重,晴,12,1,1,オールイズトゥルー,牝,4,54.0,409,10,橋本直,平山真,,6,1:36.6,40.1,4-4-4-4,9,409,10
2023/05/31,浦和,10,薫風特別Ｃ１三,1500,ダ,左,重,晴,12,6,8,セイウンコチョウ,牝,4,54.0,403,0,國分祐,冨田敏,,7,1:37.7,40.2,12-11-11-8,12,403,0
2023/05/31,浦和,10,薫風特別Ｃ１三,1500,ダ,左,重,晴,12,4,4,ケイセブン,牡,5,56.0,439,-4,森泰斗,箕輪武,,8,1:37.9,41.1,7-6-8-7,6,439,-4
2023/05/31,浦和,10,薫風特別Ｃ１三,1500,ダ,左,重,晴,12,6,7,トモノエリザベス,牝,4,50.0,470,8,中島良,酒井一,,9,1:38.0,40.9,8-8-9-9,8,470,8
2023/05/31,浦和,10,薫風特別Ｃ１三,1500,ダ,左,重,晴,12,5,5,ノーモアワーズ,牡,4,53.0,505,7,所　蛍,稲益貴,,10,1:38.0,39.9,11-12-12-12,11,505,7
2023/05/31,浦和,10,薫風特別Ｃ１三,1500,ダ,左,重,晴,12,7,9,イデアノキセキ,牡,4,56.0,444,1,秋元耕,岡田一,,11,1:38.0,40.9,9-9-10-10,10,444,1
2023/05/31,浦和,10,薫風特別Ｃ１三,1500,ダ,左,重,晴,12,8,11,ウインプロヴァンス,牡,4,56.0,508,3,坂井瑠,工藤伸,,12,1:39.8,43.3,5-5-5-11,5,508,3
2023/05/31,浦和,11,さきたま杯JpnII,1400,ダ,左,重,晴,10,3,3,イグナイター,牡,5,56.0,508,-4,笹川翼,新子雅,,1,1:25.3,37.3,5-4-4-3,7,508,-4
2023/05/31,浦和,11,さきたま杯JpnII,1400,ダ,左,重,晴,10,4,4,スマイルウィ,牡,6,56.0,565,-8,矢野貴,張田京,,2,1:25.4,37.6,2-2-1-1,5,565,-8
2023/05/31,浦和,11,さきたま杯JpnII,1400,ダ,左,重,晴,10,8,9,バスラットレオン,牡,5,57.0,0,0,坂井瑠,矢作芳,,3,1:25.6,37.8,3-2-3-2,3,0,0
2023/05/31,浦和,11,さきたま杯JpnII,1400,ダ,左,重,晴,10,7,7,アポロビビ,牡,7,56.0,467,-1,御神訓,小久智,,4,1:26.1,37.3,9-9-7-4,9,467,-1
2023/05/31,浦和,11,さきたま杯JpnII,1400,ダ,左,重,晴,10,5,5,コンシリエーレ,牡,4,56.0,552,0,ルメー,稲垣幸,,5,1:26.7,38.7,4-5-5-5,2,552,0
2023/05/31,浦和,11,さきたま杯JpnII,1400,ダ,左,重,晴,10,8,10,ビヨンドボーダーズ,セ,0,56.0,467,2,山林信,林隆之,,6,1:26.9,38.1,8-8-8-7,10,467,2
2023/05/31,浦和,11,さきたま杯JpnII,1400,ダ,左,重,晴,10,6,6,エアアルマス,牡,8,57.0,492,-4,森泰斗,林隆之,,7,1:27.3,38.9,6-7-9-9,4,492,-4
2023/05/31,浦和,11,さきたま杯JpnII,1400,ダ,左,重,晴,10,2,2,ギシギシ,牡,5,56.0,511,4,的場文,栗田裕,,8,1:27.9,40.1,1-1-2-6,8,511,4
2023/05/31,浦和,11,さきたま杯JpnII,1400,ダ,左,重,晴,10,7,8,テイエムサウスダン,牡,6,56.0,537,-10,岩田康,蛯名正,,9,1:28.1,40.1,7-6-6-8,6,537,-10
2023/05/31,浦和,11,さきたま杯JpnII,1400,ダ,左,重,晴,10,1,1,シャマル,牡,5,56.0,500,-9,川田将,松下武,,,,,10-10-10-10,1,500,-9
2023/05/31,浦和,12,夕刊フジ賞Ｂ２Ｂ３選抜馬,2000,ダ,左,重,晴,12,8,12,アトゥ,牡,6,55.0,501,-5,本橋孝,矢野義,,1,2:09.5,39.6,3-3-1-1,2,501,-5
2023/05/31,浦和,12,夕刊フジ賞Ｂ２Ｂ３選抜馬,2000,ダ,左,重,晴,12,5,6,グッドヘルスバイオ,牡,7,57.0,486,-1,和田譲,新井清,,2,2:10.5,39.4,8-8-9-5,1,486,-1
2023/05/31,浦和,12,夕刊フジ賞Ｂ２Ｂ３選抜馬,2000,ダ,左,重,晴,12,2,2,アヴァニイ,牝,6,55.0,524,5,森泰斗,小久智,,3,2:10.6,39.9,6-6-6-3,5,524,5
2023/05/31,浦和,12,夕刊フジ賞Ｂ２Ｂ３選抜馬,2000,ダ,左,重,晴,12,6,8,グーガルドリームズ,セ,0,57.0,490,-3,笹川翼,水野貴,,4,2:11.1,40.6,5-4-4-2,3,490,-3
2023/05/31,浦和,12,夕刊フジ賞Ｂ２Ｂ３選抜馬,2000,ダ,左,重,晴,12,6,7,リンクスショウ,牡,5,57.0,495,7,澤田龍,渡邊貴,,5,2:11.4,40.3,10-10-8-4,6,495,7
2023/05/31,浦和,12,夕刊フジ賞Ｂ２Ｂ３選抜馬,2000,ダ,左,重,晴,12,1,1,エーススパークル,牡,4,51.0,467,-1,中島良,小澤宏,,6,2:11.5,40.5,7-7-7-8,8,467,-1
2023/05/31,浦和,12,夕刊フジ賞Ｂ２Ｂ３選抜馬,2000,ダ,左,重,晴,12,8,11,ニシノブライアント,牡,5,51.0,469,1,神尾香,渋谷博,,7,2:11.8,40.6,9-8-10-9,9,469,1
2023/05/31,浦和,12,夕刊フジ賞Ｂ２Ｂ３選抜馬,2000,ダ,左,重,晴,12,7,10,エラボレート,牡,6,56.0,455,-3,菅原涼,林隆之,,8,2:12.2,42.3,2-2-2-7,7,455,-3
2023/05/31,浦和,12,夕刊フジ賞Ｂ２Ｂ３選抜馬,2000,ダ,左,重,晴,12,4,4,スピンドクター,セ,0,57.0,461,-6,伊藤裕,古澤悟,,9,2:12.3,40.5,11-12-11-12,11,461,-6
2023/05/31,浦和,12,夕刊フジ賞Ｂ２Ｂ３選抜馬,2000,ダ,左,重,晴,12,5,5,ダブルラッキー,牡,4,55.0,475,5,見越彬,小久智,,10,2:12.5,42.6,1-1-3-6,10,475,5
2023/05/31,浦和,12,夕刊フジ賞Ｂ２Ｂ３選抜馬,2000,ダ,左,重,晴,12,3,3,フレッシュグリーン,牡,4,56.0,455,0,野畑凌,加藤誠,,11,2:13.7,41.9,12-11-12-10,12,455,0
2023/05/31,浦和,12,夕刊フジ賞Ｂ２Ｂ３選抜馬,2000,ダ,左,重,晴,12,7,9,ランカンカン,セ,0,57.0,512,-5,矢野貴,小澤宏,,12,2:14.1,43.6,4-5-5-11,4,512,-5
2023/06/01,浦和,1,２歳一,1400,ダ,左,稍重,曇,7,6,6,ライゾマティクス,牡,2,54.0,471,4,森泰斗,小久智,,1,1:32.5,40.4,1-1-1-1,1,471,4
2023/06/01,浦和,1,２歳一,1400,ダ,左,稍重,曇,7,2,2,ラエティティア,牝,2,54.0,430,-5,澤田龍,矢野義,,2,1:33.2,40.7,2-2-2-2,2,430,-5
2023/06/01,浦和,1,２歳一,1400,ダ,左,稍重,曇,7,7,7,ユウユウプルニーマ,牝,2,54.0,425,11,秋元耕,横山保,,3,1:33.9,41.2,3-4-4-3,3,425,11
2023/06/01,浦和,1,２歳一,1400,ダ,左,稍重,曇,7,5,5,サチノマーシー,牡,2,54.0,469,2,高橋利,矢内博,,4,1:35.3,42.2,5-5-5-5,5,469,2
2023/06/01,浦和,1,２歳一,1400,ダ,左,稍重,曇,7,3,3,シュンレツ,牡,2,54.0,430,-3,増田充,加藤誠,,5,1:35.3,42.6,4-3-3-4,6,430,-3
2023/06/01,浦和,1,２歳一,1400,ダ,左,稍重,曇,7,1,1,ユウユウプレスト,牝,2,54.0,360,10,橋本直,入口由,,6,1:39.1,42.8,7-7-7-7,4,360,10
2023/06/01,浦和,1,２歳一,1400,ダ,左,稍重,曇,7,4,4,ダイバキャンデー,牝,2,54.0,418,11,寺島憂,箕輪武,,7,1:40.9,46.8,6-6-6-6,7,418,11
2023/06/01,浦和,2,ランチタイムチャレンジＣ３三 四,1400,ダ,左,稍重,晴,12,8,12,サンライズテソロ,牡,5,56.0,468,4,半澤慶,川島豊,,1,1:32.0,40.5,8-8-5-5,6,468,4
2023/06/01,浦和,2,ランチタイムチャレンジＣ３三 四,1400,ダ,左,稍重,晴,12,7,10,アイスバーグアリー,牝,7,54.0,454,11,橋本直,平山真,,2,1:32.2,41.3,3-3-3-3,4,454,11
2023/06/01,浦和,2,ランチタイムチャレンジＣ３三 四,1400,ダ,左,稍重,晴,12,8,11,フラッシュサンダー,牝,4,52.0,428,0,室陽一,藤原智,,3,1:32.4,41.5,2-2-1-1,8,428,0
2023/06/01,浦和,2,ランチタイムチャレンジＣ３三 四,1400,ダ,左,稍重,晴,12,3,3,ギンザデノムオトコ,牡,4,56.0,510,-1,和田譲,齊藤敏,,4,1:32.5,41.6,1-1-1-1,2,510,-1
2023/06/01,浦和,2,ランチタイムチャレンジＣ３三 四,1400,ダ,左,稍重,晴,12,5,5,エイシンキンバリー,牝,5,54.0,427,13,見越彬,小久智,,5,1:32.7,41.8,5-4-4-3,7,427,13
2023/06/01,浦和,2,ランチタイムチャレンジＣ３三 四,1400,ダ,左,稍重,晴,12,7,9,トーセンイヴ,牝,5,53.0,429,-3,七夕裕,酒井一,,6,1:32.7,40.8,9-9-10-7,10,429,-3
2023/06/01,浦和,2,ランチタイムチャレンジＣ３三 四,1400,ダ,左,稍重,晴,12,6,7,ジェムストーン,セ,0,56.0,427,-3,岡村裕,林隆之,,7,1:33.2,41.7,6-6-7-8,1,427,-3
2023/06/01,浦和,2,ランチタイムチャレンジＣ３三 四,1400,ダ,左,稍重,晴,12,5,6,ショウイモン,牝,6,51.0,433,-1,及川烈,内野健,,8,1:33.3,41.0,11-11-11-11,3,433,-1
2023/06/01,浦和,2,ランチタイムチャレンジＣ３三 四,1400,ダ,左,稍重,晴,12,1,1,ハマベノルンナ,牝,4,54.0,449,-7,保園翔,宇野博,,9,1:33.5,42.2,4-5-6-6,5,449,-7
2023/06/01,浦和,2,ランチタイムチャレンジＣ３三 四,1400,ダ,左,稍重,晴,12,2,2,アストロメアリー,牝,4,50.0,407,-10,中島良,長谷忍,,10,1:33.5,41.6,10-10-8-9,12,407,-10
2023/06/01,浦和,2,ランチタイムチャレンジＣ３三 四,1400,ダ,左,稍重,晴,12,4,4,ゴッドデサフィオ,牡,5,56.0,438,5,秋元耕,鹿沼和,,11,1:33.8,42.1,7-7-9-10,9,438,5
2023/06/01,浦和,2,ランチタイムチャレンジＣ３三 四,1400,ダ,左,稍重,晴,12,6,8,ワイズマンコート,牡,4,56.0,454,-6,吉留孝,川島豊,,12,1:35.4,42.3,12-12-12-12,11,454,-6
2023/06/01,浦和,3,３歳八,1400,ダ,左,稍重,晴,12,8,12,ラブルパイル,牡,3,56.0,461,21,秋元耕,入口由,,1,1:30.9,39.1,3-3-3-1,2,461,21
2023/06/01,浦和,3,３歳八,1400,ダ,左,稍重,晴,12,6,7,シアトルフォンテン,牡,3,56.0,441,-8,矢野貴,玉井昇,,2,1:30.9,39.3,1-1-1-1,4,441,-8
2023/06/01,浦和,3,３歳八,1400,ダ,左,稍重,晴,12,7,9,ヨドノストロング,牡,3,56.0,493,9,森泰斗,平山真,,3,1:31.8,40.2,2-2-2-3,1,493,9
2023/06/01,浦和,3,３歳八,1400,ダ,左,稍重,晴,12,5,6,モンテブラック,牡,3,54.0,475,0,室陽一,坂本昇,,4,1:33.1,40.8,7-7-4-5,9,475,0
2023/06/01,浦和,3,３歳八,1400,ダ,左,稍重,晴,12,1,1,シェナリオン,牡,3,52.0,450,2,中島良,冨田敏,,5,1:33.2,40.9,5-5-6-4,10,450,2
2023/06/01,浦和,3,３歳八,1400,ダ,左,稍重,晴,12,7,10,マサノサンサン,牝,3,51.0,420,7,所　蛍,齊藤敏,,6,1:33.6,40.9,10-9-7-6,5,420,7
2023/06/01,浦和,3,３歳八,1400,ダ,左,稍重,晴,12,3,3,スタータマチャン,牝,3,54.0,491,8,保園翔,川村守,,7,1:34.0,40.4,12-12-12-9,11,491,8
2023/06/01,浦和,3,３歳八,1400,ダ,左,稍重,晴,12,2,2,インベンション,牝,3,51.0,443,2,及川烈,長谷忍,,8,1:34.5,42.2,4-4-8-7,12,443,2
2023/06/01,浦和,3,３歳八,1400,ダ,左,稍重,晴,12,6,8,ミュールダール,牡,3,56.0,439,-4,笠野雄,渡邊貴,,9,1:34.6,41.7,8-8-9-10,6,439,-4
2023/06/01,浦和,3,３歳八,1400,ダ,左,稍重,晴,12,5,5,リワードノンノ,牝,3,54.0,511,2,和田譲,宇野博,,10,1:34.7,42.9,6-6-5-8,3,511,2
2023/06/01,浦和,3,３歳八,1400,ダ,左,稍重,晴,12,4,4,フレンドリームーン,牝,3,54.0,428,-5,山本紀,岩崎真,,11,1:34.7,41.1,11-11-11-11,7,428,-5
2023/06/01,浦和,3,３歳八,1400,ダ,左,稍重,晴,12,8,11,シェナカレン,牡,3,56.0,445,16,半澤慶,山越光,,12,1:35.2,42.0,9-10-10-12,8,445,16
2023/06/01,浦和,4,浦和８００ラウンドＣ２選抜馬イ,800,ダ,左,稍重,晴,12,3,3,アイモンスター,牝,7,54.0,493,4,森泰斗,岡田一,,1,0:48.3,35.8,1-1,1,493,4
2023/06/01,浦和,4,浦和８００ラウンドＣ２選抜馬イ,800,ダ,左,稍重,晴,12,1,1,スターシード,牡,8,56.0,511,-5,高橋哲,酒井一,,2,0:48.3,35.8,1-1,7,511,-5
2023/06/01,浦和,4,浦和８００ラウンドＣ２選抜馬イ,800,ダ,左,稍重,晴,12,6,8,ミッキージェンヌ,牝,4,54.0,428,-3,笹川翼,小久智,,3,0:48.9,36.4,3-3,4,428,-3
2023/06/01,浦和,4,浦和８００ラウンドＣ２選抜馬イ,800,ダ,左,稍重,晴,12,4,4,ジュニパーダンス,牝,5,54.0,442,4,笠野雄,海馬司,,4,0:49.0,36.1,7-7,5,442,4
2023/06/01,浦和,4,浦和８００ラウンドＣ２選抜馬イ,800,ダ,左,稍重,晴,12,5,6,フリブール,牝,5,54.0,455,-5,橋本直,内野健,,5,0:49.1,35.8,9-9,2,455,-5
2023/06/01,浦和,4,浦和８００ラウンドＣ２選抜馬イ,800,ダ,左,稍重,晴,12,6,7,コスモヴェレッド,牡,4,56.0,465,1,岡田大,山越光,,6,0:49.1,36.0,8-6,11,465,1
2023/06/01,浦和,4,浦和８００ラウンドＣ２選抜馬イ,800,ダ,左,稍重,晴,12,7,10,ファンファン,牡,6,53.0,462,-11,及川烈,箕輪武,,7,0:49.2,36.5,5-5,8,462,-11
2023/06/01,浦和,4,浦和８００ラウンドＣ２選抜馬イ,800,ダ,左,稍重,晴,12,7,9,クラフェニックス,牝,5,54.0,477,16,見越彬,藤原智,,8,0:49.2,36.7,4-4,3,477,16
2023/06/01,浦和,4,浦和８００ラウンドＣ２選抜馬イ,800,ダ,左,稍重,晴,12,5,5,ツーエムタイガー,牡,5,55.0,477,11,古岡勇,小澤宏,,9,0:49.4,35.7,10-10,6,477,11
2023/06/01,浦和,4,浦和８００ラウンドＣ２選抜馬イ,800,ダ,左,稍重,晴,12,8,11,ニシノイルマーレ,牝,5,54.0,500,1,國分祐,冨田敏,,10,0:49.7,37.0,5-8,12,500,1
2023/06/01,浦和,4,浦和８００ラウンドＣ２選抜馬イ,800,ダ,左,稍重,晴,12,8,12,サヤピーエレガント,牝,4,54.0,429,-1,實川純,佐々功,,11,0:50.0,36.5,10-11,9,429,-1
2023/06/01,浦和,4,浦和８００ラウンドＣ２選抜馬イ,800,ダ,左,稍重,晴,12,2,2,シゲルアパライト,牡,7,52.0,479,1,中島良,横山保,,12,0:51.9,37.2,12-12,10,479,1
2023/06/01,浦和,5,浦和８００ラウンドＣ２選抜馬ア,800,ダ,左,稍重,晴,12,1,1,タイコネン,牝,4,54.0,461,-4,矢野貴,水野貴,,1,0:48.2,36.3,1-1,1,461,-4
2023/06/01,浦和,5,浦和８００ラウンドＣ２選抜馬ア,800,ダ,左,稍重,晴,12,6,7,クウェンヤ,牝,5,54.0,402,-2,半澤慶,工藤伸,,2,0:48.2,36.4,2-2,7,402,-2
2023/06/01,浦和,5,浦和８００ラウンドＣ２選抜馬ア,800,ダ,左,稍重,晴,12,5,6,ロードオブイサチル,牝,6,51.0,501,-14,佐藤翔,宇野博,,3,0:48.3,36.1,5-5,3,501,-14
2023/06/01,浦和,5,浦和８００ラウンドＣ２選抜馬ア,800,ダ,左,稍重,晴,12,5,5,カラドボルグ,牡,5,56.0,491,4,岡田大,吉田正,,4,0:48.4,36.3,4-3,6,491,4
2023/06/01,浦和,5,浦和８００ラウンドＣ２選抜馬ア,800,ダ,左,稍重,晴,12,8,12,ピースリアン,牡,6,54.0,489,-1,室陽一,横山保,,5,0:48.5,36.1,6-6,5,489,-1
2023/06/01,浦和,5,浦和８００ラウンドＣ２選抜馬ア,800,ダ,左,稍重,晴,12,6,8,ホワイトネイル,牝,4,54.0,427,-1,内田利,藤原智,,6,0:48.5,35.7,9-8,11,427,-1
2023/06/01,浦和,5,浦和８００ラウンドＣ２選抜馬ア,800,ダ,左,稍重,晴,12,3,3,フォースチルドレン,牡,4,56.0,510,-4,橋本直,平山真,,7,0:48.6,35.9,7-7,2,510,-4
2023/06/01,浦和,5,浦和８００ラウンドＣ２選抜馬ア,800,ダ,左,稍重,晴,12,7,10,スプリングローズ,牝,5,54.0,453,-1,吉留孝,小久智,,8,0:48.7,36.6,3-4,4,453,-1
2023/06/01,浦和,5,浦和８００ラウンドＣ２選抜馬ア,800,ダ,左,稍重,晴,12,2,2,ビービーダルク,牝,5,54.0,479,-3,秋元耕,薮口一,,9,0:49.3,36.3,9-9,10,479,-3
2023/06/01,浦和,5,浦和８００ラウンドＣ２選抜馬ア,800,ダ,左,稍重,晴,12,8,11,オーラソラーレ,牝,6,54.0,489,-7,藤江渉,酒井一,,10,0:49.3,36.5,8-10,9,489,-7
2023/06/01,浦和,5,浦和８００ラウンドＣ２選抜馬ア,800,ダ,左,稍重,晴,12,4,4,ネーレウス,牡,4,56.0,479,0,寺島憂,酒井一,,11,0:49.5,36.3,11-11,12,479,0
2023/06/01,浦和,5,浦和８００ラウンドＣ２選抜馬ア,800,ダ,左,稍重,晴,12,7,9,エメラルセシリア,牝,4,54.0,454,1,笠野雄,佐々清,,12,0:50.0,36.3,12-12,8,454,1
2023/06/01,浦和,6,３歳七,1400,ダ,左,稍重,晴,12,8,11,カガヤキタイヨー,牝,3,54.0,433,0,櫻井光,海馬司,,1,1:31.9,40.4,2-3-2-1,2,433,0
2023/06/01,浦和,6,３歳七,1400,ダ,左,稍重,晴,12,7,9,アポロパシュート,セ,0,56.0,441,15,笹川翼,小澤宏,,2,1:32.7,41.4,1-1-1-2,1,441,15
2023/06/01,浦和,6,３歳七,1400,ダ,左,稍重,晴,12,8,12,トーセンスタイル,牡,3,56.0,479,7,高橋哲,小久智,,3,1:33.2,41.7,5-4-3-3,5,479,7
2023/06/01,浦和,6,３歳七,1400,ダ,左,稍重,晴,12,1,1,シェナカンザシ,牝,3,53.0,483,1,七夕裕,冨田敏,,4,1:33.5,40.2,11-11-9-6,9,483,1
2023/06/01,浦和,6,３歳七,1400,ダ,左,稍重,晴,12,6,8,モリデンボーイ,牡,3,56.0,510,10,半澤慶,山越光,,5,1:33.6,41.5,4-7-5-5,12,510,10
2023/06/01,浦和,6,３歳七,1400,ダ,左,稍重,晴,12,6,7,エースフラワー,牝,3,54.0,438,-9,仲野光,玉井等,,6,1:34.1,41.4,9-9-8-9,7,438,-9
2023/06/01,浦和,6,３歳七,1400,ダ,左,稍重,晴,12,2,2,ストームインレース,牡,3,52.0,493,2,中島良,新井清,,7,1:34.1,42.6,6-5-6-7,10,493,2
2023/06/01,浦和,6,３歳七,1400,ダ,左,稍重,晴,12,4,4,リチアブーケ,牝,3,54.0,477,1,岡田大,藤原智,,8,1:34.4,42.3,6-6-7-7,11,477,1
2023/06/01,浦和,6,３歳七,1400,ダ,左,稍重,晴,12,5,5,シールドメイデン,牝,3,54.0,464,-6,藤本現,酒井一,,9,1:34.7,42.0,6-8-9-10,6,464,-6
2023/06/01,浦和,6,３歳七,1400,ダ,左,稍重,晴,12,7,10,メーネフロタント,牝,3,54.0,475,-3,秋元耕,小林真,,10,1:34.7,43.3,2-2-3-4,8,475,-3
2023/06/01,浦和,6,３歳七,1400,ダ,左,稍重,晴,12,5,6,ダプネマリン,牝,3,54.0,402,1,橋本直,入口由,,11,1:37.2,43.1,12-12-11-11,4,402,1
2023/06/01,浦和,6,３歳七,1400,ダ,左,稍重,晴,12,3,3,ヨルデモアーサー,牡,3,56.0,466,-2,本橋孝,矢野義,,12,1:37.5,43.2,10-10-12-12,3,466,-2
2023/06/01,浦和,7,Ｊ交 ツイントップ特別３歳選抜馬,1400,ダ,左,稍重,晴,12,7,10,ノーブルプロセス,牝,3,51.0,455,-1,佐々大,田村康,,1,1:29.1,38.4,3-3-1-1,7,455,-1
2023/06/01,浦和,7,Ｊ交 ツイントップ特別３歳選抜馬,1400,ダ,左,稍重,晴,12,2,2,キュピドン,牡,3,56.0,500,4,森泰斗,森秀行,,2,1:30.1,39.0,11-11-5-4,3,500,4
2023/06/01,浦和,7,Ｊ交 ツイントップ特別３歳選抜馬,1400,ダ,左,稍重,晴,12,6,7,カゼノハクシュウ,牡,3,56.0,451,3,本田重,上原博,,3,1:30.2,39.4,5-4-3-2,5,451,3
2023/06/01,浦和,7,Ｊ交 ツイントップ特別３歳選抜馬,1400,ダ,左,稍重,晴,12,5,6,ショーユーシ,牡,3,56.0,489,-3,丹内祐,小笠倫,,4,1:30.4,39.3,8-8-6-5,9,489,-3
2023/06/01,浦和,7,Ｊ交 ツイントップ特別３歳選抜馬,1400,ダ,左,稍重,晴,12,7,9,ゼンリョクダンス,牝,3,53.0,440,2,永野猛,鈴木慎,,5,1:31.1,40.5,2-2-1-3,2,440,2
2023/06/01,浦和,7,Ｊ交 ツイントップ特別３歳選抜馬,1400,ダ,左,稍重,晴,12,4,4,ビッグリュウオー,セ,0,56.0,508,5,笹川翼,米谷康,,6,1:31.3,40.2,7-7-7-7,4,508,5
2023/06/01,浦和,7,Ｊ交 ツイントップ特別３歳選抜馬,1400,ダ,左,稍重,晴,12,8,11,キーウオルサム,牡,3,53.0,496,-6,佐藤翔,青木孝,,7,1:32.0,40.3,10-10-9-8,10,496,-6
2023/06/01,浦和,7,Ｊ交 ツイントップ特別３歳選抜馬,1400,ダ,左,稍重,晴,12,5,5,ノースプリマ,牝,3,53.0,449,8,野畑凌,水野貴,,8,1:32.0,41.4,1-1-3-6,6,449,8
2023/06/01,浦和,7,Ｊ交 ツイントップ特別３歳選抜馬,1400,ダ,左,稍重,晴,12,1,1,オフェーリア,牝,3,54.0,432,-8,實川純,佐々功,,9,1:32.7,40.2,12-12-12-11,11,432,-8
2023/06/01,浦和,7,Ｊ交 ツイントップ特別３歳選抜馬,1400,ダ,左,稍重,晴,12,8,12,シェナストーン,牡,3,56.0,434,-1,秋元耕,吉田正,,10,1:33.0,41.5,9-9-11-9,12,434,-1
2023/06/01,浦和,7,Ｊ交 ツイントップ特別３歳選抜馬,1400,ダ,左,稍重,晴,12,3,3,ワンダフルボーイ,牡,3,56.0,488,-3,御神訓,矢野義,,11,1:33.5,42.4,6-5-8-10,1,488,-3
2023/06/01,浦和,7,Ｊ交 ツイントップ特別３歳選抜馬,1400,ダ,左,稍重,晴,12,6,8,イエローエイト,牝,3,53.0,467,8,七夕裕,川島豊,,12,1:34.1,43.0,4-6-9-12,8,467,8
2023/06/01,浦和,8,Ｃ３三 四,1500,ダ,左,稍重,晴,12,8,12,ノーブルハート,牝,5,54.0,569,2,内田利,吉田正,,1,1:40.2,40.4,3-3-2-2,4,569,2
2023/06/01,浦和,8,Ｃ３三 四,1500,ダ,左,稍重,晴,12,5,6,エンバース,牡,4,56.0,493,-5,岡田大,入口由,,2,1:40.5,40.4,5-5-4-3,5,493,-5
2023/06/01,浦和,8,Ｃ３三 四,1500,ダ,左,稍重,晴,12,3,3,セイウンミレイア,牝,6,54.0,482,0,國分祐,冨田敏,,3,1:40.7,41.1,1-1-1-1,9,482,0
2023/06/01,浦和,8,Ｃ３三 四,1500,ダ,左,稍重,晴,12,6,8,アナハ,牝,6,50.0,413,-6,中島良,川島豊,,4,1:40.8,40.2,9-10-10-6,3,413,-6
2023/06/01,浦和,8,Ｃ３三 四,1500,ダ,左,稍重,晴,12,5,5,カントナ,牝,6,52.0,408,-2,室陽一,宇野博,,5,1:41.2,40.6,8-8-7-7,2,408,-2
2023/06/01,浦和,8,Ｃ３三 四,1500,ダ,左,稍重,晴,12,7,9,キミノナハ,牝,5,51.0,448,-20,及川烈,長谷忍,,6,1:41.6,42.0,2-2-3-4,11,448,-20
2023/06/01,浦和,8,Ｃ３三 四,1500,ダ,左,稍重,晴,12,1,1,スクリームイーグル,セ,0,56.0,454,6,橋本直,酒井一,,7,1:41.6,40.8,10-11-11-9,9,454,6
2023/06/01,浦和,8,Ｃ３三 四,1500,ダ,左,稍重,晴,12,4,4,ハルノトゥーリ,牝,4,54.0,493,-3,吉留孝,薮口一,,8,1:42.0,41.9,4-4-6-8,6,493,-3
2023/06/01,浦和,8,Ｃ３三 四,1500,ダ,左,稍重,晴,12,8,11,シグナス,牡,4,55.0,529,-3,池谷匠,高月賢,,9,1:42.1,41.8,6-6-5-5,1,529,-3
2023/06/01,浦和,8,Ｃ３三 四,1500,ダ,左,稍重,晴,12,7,10,ルルド,セ,0,55.0,437,19,七夕裕,平山真,,10,1:42.3,41.5,12-12-11-12,8,437,19
2023/06/01,浦和,8,Ｃ３三 四,1500,ダ,左,稍重,晴,12,2,2,ゴールドアクセル,牡,5,56.0,514,-4,高橋哲,鹿沼和,,11,1:43.0,42.5,11-9-8-10,7,514,-4
2023/06/01,浦和,8,Ｃ３三 四,1500,ダ,左,稍重,晴,12,6,7,サウンドウェリナ,牝,4,51.0,460,12,佐藤翔,薮口一,,12,1:43.2,42.6,7-7-9-11,12,460,12
2023/06/01,浦和,9,Ｊ交 マルチステッキ特別Ｂ２Ｂ３選抜馬,1400,ダ,左,稍重,晴,12,8,12,グッドフェイス,牡,4,56.0,483,3,松本大,松下武,,1,1:28.8,38.7,4-5-3-1,2,483,3
2023/06/01,浦和,9,Ｊ交 マルチステッキ特別Ｂ２Ｂ３選抜馬,1400,ダ,左,稍重,晴,12,5,5,イルザ,牝,4,55.0,454,2,丹内祐,小手準,,2,1:29.0,38.9,5-6-6-3,3,454,2
2023/06/01,浦和,9,Ｊ交 マルチステッキ特別Ｂ２Ｂ３選抜馬,1400,ダ,左,稍重,晴,12,5,6,サンフィニティ,牝,5,55.0,449,5,本橋孝,鈴木伸,,3,1:29.3,39.3,3-3-1-2,6,449,5
2023/06/01,浦和,9,Ｊ交 マルチステッキ特別Ｂ２Ｂ３選抜馬,1400,ダ,左,稍重,晴,12,6,7,キングアンドアイ,セ,0,57.0,503,4,和田譲,新井清,,4,1:30.2,38.5,12-12-12-10,10,503,4
2023/06/01,浦和,9,Ｊ交 マルチステッキ特別Ｂ２Ｂ３選抜馬,1400,ダ,左,稍重,晴,12,7,10,キュールエライジン,牡,5,57.0,524,-2,矢野貴,中尾秀,,5,1:30.3,40.0,8-7-7-5,8,524,-2
2023/06/01,浦和,9,Ｊ交 マルチステッキ特別Ｂ２Ｂ３選抜馬,1400,ダ,左,稍重,晴,12,4,4,グランギフト,牡,6,57.0,481,7,今野忠,山崎尋,,6,1:30.3,39.8,8-9-8-8,7,481,7
2023/06/01,浦和,9,Ｊ交 マルチステッキ特別Ｂ２Ｂ３選抜馬,1400,ダ,左,稍重,晴,12,3,3,ソフィアバローズ,牝,6,51.0,444,10,中島良,川島豊,,7,1:31.1,40.3,7-8-9-9,9,444,10
2023/06/01,浦和,9,Ｊ交 マルチステッキ特別Ｂ２Ｂ３選抜馬,1400,ダ,左,稍重,晴,12,8,11,ローザロード,牝,4,53.0,439,-2,森泰斗,小久智,,8,1:31.3,41.3,1-1-1-4,1,439,-2
2023/06/01,浦和,9,Ｊ交 マルチステッキ特別Ｂ２Ｂ３選抜馬,1400,ダ,左,稍重,晴,12,7,9,ブレーヴユニコーン,牡,7,56.0,527,0,七夕裕,箕輪武,,9,1:31.5,41.5,6-4-5-6,12,527,0
2023/06/01,浦和,9,Ｊ交 マルチステッキ特別Ｂ２Ｂ３選抜馬,1400,ダ,左,稍重,晴,12,2,2,アメリカンピース,セ,0,57.0,465,7,本田重,音無秀,,10,1:31.7,41.7,2-2-4-7,5,465,7
2023/06/01,浦和,9,Ｊ交 マルチステッキ特別Ｂ２Ｂ３選抜馬,1400,ダ,左,稍重,晴,12,6,8,カシノフォワード,セ,0,57.0,447,19,吉留孝,鹿沼和,,11,1:32.1,41.2,11-10-10-11,11,447,19
2023/06/01,浦和,9,Ｊ交 マルチステッキ特別Ｂ２Ｂ３選抜馬,1400,ダ,左,稍重,晴,12,1,1,メリーセンス,牡,4,57.0,515,1,笹川翼,森秀行,,12,1:33.1,42.3,10-10-11-12,4,515,1
2023/06/01,浦和,10,「うどんとこいのぼりのまち加須」賞Ｃ１五,1500,ダ,左,稍重,晴,12,5,5,パールアゲイン,牝,4,51.0,421,18,佐藤翔,岡田一,,1,1:36.5,39.4,3-3-1-1,1,421,18
2023/06/01,浦和,10,「うどんとこいのぼりのまち加須」賞Ｃ１五,1500,ダ,左,稍重,晴,12,6,8,スリーヴリーグ,牡,7,56.0,528,-12,今野忠,野口寛,,2,1:37.0,39.4,5-6-4-3,2,528,-12
2023/06/01,浦和,10,「うどんとこいのぼりのまち加須」賞Ｃ１五,1500,ダ,左,稍重,晴,12,2,2,ワンダーフェンリル,牡,5,56.0,513,1,橋本直,鈴木勝,,3,1:37.2,40.1,2-2-1-2,5,513,1
2023/06/01,浦和,10,「うどんとこいのぼりのまち加須」賞Ｃ１五,1500,ダ,左,稍重,晴,12,5,6,ヴァラロス,牡,4,56.0,468,-5,和田譲,山崎裕,,4,1:37.3,39.3,8-7-7-5,7,468,-5
2023/06/01,浦和,10,「うどんとこいのぼりのまち加須」賞Ｃ１五,1500,ダ,左,稍重,晴,12,4,4,アルティスタエース,牡,8,56.0,487,12,町田直,繁田健,,5,1:37.5,40.0,6-5-3-4,4,487,12
2023/06/01,浦和,10,「うどんとこいのぼりのまち加須」賞Ｃ１五,1500,ダ,左,稍重,晴,12,8,12,フェリスダージ,牝,5,54.0,424,-4,内田利,工藤伸,,6,1:37.9,39.4,10-11-10-6,6,424,-4
2023/06/01,浦和,10,「うどんとこいのぼりのまち加須」賞Ｃ１五,1500,ダ,左,稍重,晴,12,7,10,インカローズムスメ,牝,4,52.0,415,5,室陽一,山越光,,7,1:38.3,40.0,7-8-9-9,11,415,5
2023/06/01,浦和,10,「うどんとこいのぼりのまち加須」賞Ｃ１五,1500,ダ,左,稍重,晴,12,8,11,タロマンダラ,牡,4,56.0,495,5,矢野貴,渡邊貴,,8,1:38.3,40.1,9-10-8-8,3,495,5
2023/06/01,浦和,10,「うどんとこいのぼりのまち加須」賞Ｃ１五,1500,ダ,左,稍重,晴,12,3,3,サトノトリガー,牡,6,56.0,457,-5,秋元耕,小林真,,9,1:38.7,40.2,11-9-11-11,12,457,-5
2023/06/01,浦和,10,「うどんとこいのぼりのまち加須」賞Ｃ１五,1500,ダ,左,稍重,晴,12,7,9,カシノペルル,牡,4,56.0,500,-13,寺島憂,鹿沼和,,10,1:39.2,40.3,12-12-12-12,10,500,-13
2023/06/01,浦和,10,「うどんとこいのぼりのまち加須」賞Ｃ１五,1500,ダ,左,稍重,晴,12,6,7,クレウーサ,牝,4,54.0,483,6,丹内祐,小澤宏,,11,1:39.3,41.7,4-4-6-7,8,483,6
2023/06/01,浦和,10,「うどんとこいのぼりのまち加須」賞Ｃ１五,1500,ダ,左,稍重,晴,12,1,1,ガマン,牡,6,56.0,466,6,藤江渉,水野貴,,12,1:39.8,42.5,1-1-5-9,9,466,6
2023/06/01,浦和,11,’２３　武蔵国オープン４上,2000,ダ,左,稍重,晴,9,8,8,ジョエル,牡,5,57.0,521,-1,所　蛍,張田京,,1,2:09.1,40.1,3-3-2-1,3,521,-1
2023/06/01,浦和,11,’２３　武蔵国オープン４上,2000,ダ,左,稍重,晴,9,1,1,トーセンインディゴ,牡,5,53.0,484,-8,本橋孝,小久智,,2,2:09.7,40.9,1-1-1-1,1,484,-8
2023/06/01,浦和,11,’２３　武蔵国オープン４上,2000,ダ,左,稍重,晴,9,5,5,オーヴェルニュ,牡,7,57.0,489,9,和田譲,平山真,,3,2:09.8,40.5,4-4-4-3,2,489,9
2023/06/01,浦和,11,’２３　武蔵国オープン４上,2000,ダ,左,稍重,晴,9,4,4,サトノプライム,牡,9,57.0,504,-2,矢野貴,川島一,,4,2:10.3,39.2,8-8-8-7,7,504,-2
2023/06/01,浦和,11,’２３　武蔵国オープン４上,2000,ダ,左,稍重,晴,9,3,3,フォルベルール,牡,5,55.0,543,1,今野忠,久保秀,,5,2:10.3,40.4,7-7-7-5,6,543,1
2023/06/01,浦和,11,’２３　武蔵国オープン４上,2000,ダ,左,稍重,晴,9,8,9,キャッスルブレイヴ,牡,4,53.0,490,7,西啓太,渋谷博,,6,2:11.2,41.3,6-6-5-6,8,490,7
2023/06/01,浦和,11,’２３　武蔵国オープン４上,2000,ダ,左,稍重,晴,9,6,6,エメリミット,牡,6,57.0,489,-1,山口達,林正人,,7,2:11.5,42.6,2-2-3-4,5,489,-1
2023/06/01,浦和,11,’２３　武蔵国オープン４上,2000,ダ,左,稍重,晴,9,2,2,チャイヤプーン,牡,8,57.0,521,-5,張田昂,川島一,,8,2:17.7,48.2,5-5-6-8,4,521,-5
2023/06/01,浦和,11,’２３　武蔵国オープン４上,2000,ダ,左,稍重,晴,9,7,7,アルラ,牡,4,53.0,0,0,内田利,箕輪武,,,,,,,0,0
2023/06/01,浦和,12,葵月特別Ｃ１二,1400,ダ,左,稍重,晴,11,8,10,ムナサワギノツキ,牝,4,54.0,467,-1,張田昂,平山真,,1,1:29.0,38.7,1-1-1-1,2,467,-1
2023/06/01,浦和,12,葵月特別Ｃ１二,1400,ダ,左,稍重,晴,11,8,11,ガンコチャン,牝,4,54.0,475,-4,達城龍,岡田一,,2,1:29.2,38.7,2-2-2-2,5,475,-4
2023/06/01,浦和,12,葵月特別Ｃ１二,1400,ダ,左,稍重,晴,11,6,7,ウインオワーズ,牡,4,56.0,466,-1,森泰斗,高月賢,,3,1:30.2,38.9,7-5-4-3,1,466,-1
2023/06/01,浦和,12,葵月特別Ｃ１二,1400,ダ,左,稍重,晴,11,1,1,キングバーグ,牡,6,56.0,502,4,和田譲,宇野博,,4,1:30.6,38.8,6-6-8-6,6,502,4
2023/06/01,浦和,12,葵月特別Ｃ１二,1400,ダ,左,稍重,晴,11,6,6,ニシノアクシス,牡,6,56.0,510,10,岡田大,冨田敏,,5,1:31.1,39.1,8-8-9-7,4,510,10
2023/06/01,浦和,12,葵月特別Ｃ１二,1400,ダ,左,稍重,晴,11,7,8,リュウノボミ,牝,4,54.0,465,1,臼井健,齊藤敏,,6,1:31.1,39.1,9-9-7-9,8,465,1
2023/06/01,浦和,12,葵月特別Ｃ１二,1400,ダ,左,稍重,晴,11,3,3,アスミ,牝,4,53.0,473,-8,野畑凌,高月賢,,7,1:31.2,40.3,3-3-3-4,9,473,-8
2023/06/01,浦和,12,葵月特別Ｃ１二,1400,ダ,左,稍重,晴,11,5,5,ラミアヴィータ,牝,4,53.0,425,-5,古岡勇,村田六,,8,1:31.3,38.0,11-11-10-10,11,425,-5
2023/06/01,浦和,12,葵月特別Ｃ１二,1400,ダ,左,稍重,晴,11,7,9,セシボン,牝,4,52.0,405,1,室陽一,工藤伸,,9,1:31.5,38.5,10-10-11-11,10,405,1
2023/06/01,浦和,12,葵月特別Ｃ１二,1400,ダ,左,稍重,晴,11,2,2,デルタラヴバレット,牡,4,56.0,458,-1,笹川翼,繁田健,,10,1:31.6,40.1,4-4-5-5,3,458,-1
2023/06/01,浦和,12,葵月特別Ｃ１二,1400,ダ,左,稍重,晴,11,4,4,キックフリップ,牝,4,54.0,469,6,吉留孝,野口孝,,11,1:32.4,40.6,5-7-6-8,7,469,6
2023/06/02,浦和,1,３歳九選抜馬イ,1400,ダ,左,不良,雨,12,6,7,アラビアンレイン,牡,3,56.0,514,-8,橋本直,小久智,,1,1:30.3,39.7,1-1-1-1,1,514,-8
2023/06/02,浦和,1,３歳九選抜馬イ,1400,ダ,左,不良,雨,12,1,1,ミラコロダンス,牝,3,50.0,453,-4,中島良,小澤宏,,2,1:30.9,40.0,6-5-2-2,7,453,-4
2023/06/02,浦和,1,３歳九選抜馬イ,1400,ダ,左,不良,雨,12,7,9,レコパンマミー,牝,3,54.0,0,0,内田利,箕輪武,,3,1:31.4,40.8,2-2-3-4,3,0,0
2023/06/02,浦和,1,３歳九選抜馬イ,1400,ダ,左,不良,雨,12,2,2,ハイボールガール,牝,3,53.0,427,-15,七夕裕,箕輪武,,4,1:31.9,39.9,9-9-9-5,9,427,-15
2023/06/02,浦和,1,３歳九選抜馬イ,1400,ダ,左,不良,雨,12,6,8,アルヒモリノナカ,牡,3,56.0,409,-6,半澤慶,小林真,,5,1:32.2,41.1,5-5-6-3,5,409,-6
2023/06/02,浦和,1,３歳九選抜馬イ,1400,ダ,左,不良,雨,12,4,4,シェナグローリー,牝,3,54.0,459,-11,國分祐,冨田敏,,6,1:32.4,39.6,10-10-10-10,12,459,-11
2023/06/02,浦和,1,３歳九選抜馬イ,1400,ダ,左,不良,雨,12,5,6,モーニング,牡,3,56.0,472,8,秋元耕,入口由,,7,1:32.4,40.5,7-8-7-6,2,472,8
2023/06/02,浦和,1,３歳九選抜馬イ,1400,ダ,左,不良,雨,12,8,11,ドリームダンス,牝,3,54.0,390,-13,高橋哲,水野貴,,8,1:33.2,41.7,8-7-7-7,10,390,-13
2023/06/02,浦和,1,３歳九選抜馬イ,1400,ダ,左,不良,雨,12,7,10,プルピットワール,牡,3,56.0,511,-2,石崎駿,海馬司,,9,1:33.5,42.7,4-4-5-7,4,511,-2
2023/06/02,浦和,1,３歳九選抜馬イ,1400,ダ,左,不良,雨,12,5,5,マックスブンブン,牡,3,56.0,434,5,見越彬,小林真,,10,1:33.6,40.6,11-11-11-11,8,434,5
2023/06/02,浦和,1,３歳九選抜馬イ,1400,ダ,左,不良,雨,12,8,12,フェアリーパワポケ,牝,3,54.0,420,2,岡田大,薮口一,,11,1:34.0,43.4,3-3-4-9,6,420,2
2023/06/02,浦和,1,３歳九選抜馬イ,1400,ダ,左,不良,雨,12,3,3,サインポスト,牝,3,54.0,393,10,吉留孝,薮口一,,12,1:34.0,40.2,11-12-12-12,11,393,10
2023/06/02,浦和,2,ランチタイムチャレンジＣ２八 九,1400,ダ,左,不良,雨,12,8,11,ハツネヘイロー,セ,0,56.0,496,6,和田譲,宇野博,,1,1:29.4,39.1,3-5-4-4,2,496,6
2023/06/02,浦和,2,ランチタイムチャレンジＣ２八 九,1400,ダ,左,不良,雨,12,2,2,トロワフィーユ,牝,6,53.0,455,-5,新原周,野口寛,,2,1:29.5,39.5,5-4-4-2,1,455,-5
2023/06/02,浦和,2,ランチタイムチャレンジＣ２八 九,1400,ダ,左,不良,雨,12,4,4,ウイングラドナス,牡,4,53.0,467,7,及川烈,内野健,,3,1:29.5,38.2,8-7-7-6,9,467,7
2023/06/02,浦和,2,ランチタイムチャレンジＣ２八 九,1400,ダ,左,不良,雨,12,5,5,イエローリボン,牝,6,53.0,480,3,七夕裕,藤原智,,4,1:29.7,39.8,1-1-1-1,5,480,3
2023/06/02,浦和,2,ランチタイムチャレンジＣ２八 九,1400,ダ,左,不良,雨,12,8,12,カミヤガルーラ,牡,5,56.0,467,-3,橋本直,内野健,,5,1:29.8,39.8,4-3-3-3,6,467,-3
2023/06/02,浦和,2,ランチタイムチャレンジＣ２八 九,1400,ダ,左,不良,雨,12,7,9,タマモトレゾール,牡,4,56.0,519,4,吉留孝,川島豊,,6,1:30.7,39.3,7-8-10-10,11,519,4
2023/06/02,浦和,2,ランチタイムチャレンジＣ２八 九,1400,ダ,左,不良,雨,12,1,1,イージスカフェ,牡,4,56.0,488,-3,庄司大,張田京,,7,1:30.7,39.0,11-11-11-11,3,488,-3
2023/06/02,浦和,2,ランチタイムチャレンジＣ２八 九,1400,ダ,左,不良,雨,12,3,3,アラビアンパレス,牡,4,56.0,480,-1,矢野貴,岡林光,,8,1:30.7,39.9,6-6-6-7,4,480,-1
2023/06/02,浦和,2,ランチタイムチャレンジＣ２八 九,1400,ダ,左,不良,雨,12,5,6,マルノコウキ,牡,4,54.0,526,-5,室陽一,川村守,,9,1:30.8,40.9,2-2-2-5,7,526,-5
2023/06/02,浦和,2,ランチタイムチャレンジＣ２八 九,1400,ダ,左,不良,雨,12,6,8,ワンダーヘーヒスト,牡,9,56.0,465,-6,保園翔,鈴木勝,,10,1:30.9,39.8,10-10-8-9,8,465,-6
2023/06/02,浦和,2,ランチタイムチャレンジＣ２八 九,1400,ダ,左,不良,雨,12,6,7,メリッソ,牝,4,50.0,377,-7,中島良,八木喜,,11,1:30.9,39.5,9-9-9-8,10,377,-7
2023/06/02,浦和,2,ランチタイムチャレンジＣ２八 九,1400,ダ,左,不良,雨,12,7,10,キョウエイレガード,牝,8,54.0,470,-1,高橋哲,吉田正,,12,1:32.8,40.6,12-12-12-12,12,470,-1
2023/06/02,浦和,3,浦和８００ラウンド３歳選抜馬イ,800,ダ,左,不良,雨,12,1,1,ミヤジミニー,牝,3,50.0,405,-2,中島良,田邊陽,,1,0:48.4,35.1,5-2,6,405,-2
2023/06/02,浦和,3,浦和８００ラウンド３歳選抜馬イ,800,ダ,左,不良,雨,12,4,4,モモナ,牝,3,54.0,386,-2,見越彬,野口孝,,2,0:48.7,36.2,1-1,1,386,-2
2023/06/02,浦和,3,浦和８００ラウンド３歳選抜馬イ,800,ダ,左,不良,雨,12,8,11,ピンクチャン,牝,3,54.0,466,5,實川純,佐々清,,3,0:49.2,36.5,2-3,2,466,5
2023/06/02,浦和,3,浦和８００ラウンド３歳選抜馬イ,800,ダ,左,不良,雨,12,5,5,ジョイルミナス,牝,3,54.0,439,11,保園翔,矢野義,,4,0:49.4,36.3,6-6,3,439,11
2023/06/02,浦和,3,浦和８００ラウンド３歳選抜馬イ,800,ダ,左,不良,雨,12,6,7,モエヨジャンヌ,牝,3,54.0,402,-1,内田利,箕輪武,,5,0:49.4,36.7,4-5,8,402,-1
2023/06/02,浦和,3,浦和８００ラウンド３歳選抜馬イ,800,ダ,左,不良,雨,12,8,12,クリプリンセス,牝,3,54.0,409,-1,秋元耕,冨田敏,,6,0:49.5,36.5,3-4,4,409,-1
2023/06/02,浦和,3,浦和８００ラウンド３歳選抜馬イ,800,ダ,左,不良,雨,12,7,9,ニュクス,牝,3,54.0,402,-3,臼井健,岩崎真,,7,0:49.9,36.4,8-9,10,402,-3
2023/06/02,浦和,3,浦和８００ラウンド３歳選抜馬イ,800,ダ,左,不良,雨,12,5,6,オトメノワルツ,牝,3,51.0,450,13,所　蛍,玉井昇,,8,0:49.9,36.6,7-7,9,450,13
2023/06/02,浦和,3,浦和８００ラウンド３歳選抜馬イ,800,ダ,左,不良,雨,12,6,8,フォルリスティー,牝,3,52.0,424,8,室陽一,新井清,,9,0:49.9,35.7,11-8,7,424,8
2023/06/02,浦和,3,浦和８００ラウンド３歳選抜馬イ,800,ダ,左,不良,雨,12,3,3,シゲルマンテン,牝,3,54.0,442,-8,藤本現,酒井一,,10,0:50.2,36.2,12-11,5,442,-8
2023/06/02,浦和,3,浦和８００ラウンド３歳選抜馬イ,800,ダ,左,不良,雨,12,7,10,ジョディユキ,牝,3,54.0,456,12,橋本直,酒井一,,11,0:50.3,36.6,10-10,11,456,12
2023/06/02,浦和,3,浦和８００ラウンド３歳選抜馬イ,800,ダ,左,不良,雨,12,2,2,サランサランサラン,牝,3,54.0,458,-9,半澤慶,山越光,,12,0:52.1,38.6,8-12,12,458,-9
2023/06/26,浦和,1,ドリームチャレンジ２歳新馬ウ,800,ダ,左,良,曇,6,5,5,ダイノリュウジン,牡,2,54.0,0,0,山崎誠,藤原智,,1,0:47.8,35.7,1-1,1,0,0
2023/06/26,浦和,1,ドリームチャレンジ２歳新馬ウ,800,ダ,左,良,曇,6,1,1,ディセントラライズ,牡,2,54.0,0,0,橋本直,小久智,,2,0:48.7,36.4,2-2,2,0,0
2023/06/26,浦和,1,ドリームチャレンジ２歳新馬ウ,800,ダ,左,良,曇,6,3,3,ドケンヤローズ,牝,2,54.0,0,0,内田利,野口孝,,3,0:49.8,36.7,3-3,6,0,0
2023/06/26,浦和,1,ドリームチャレンジ２歳新馬ウ,800,ダ,左,良,曇,6,2,2,シェナエース,牡,2,54.0,0,0,秋元耕,山越光,,4,0:52.1,39.3,4-4,3,0,0
2023/06/26,浦和,1,ドリームチャレンジ２歳新馬ウ,800,ダ,左,良,曇,6,6,6,アークジャック,牡,2,54.0,0,0,高橋哲,水野貴,,5,0:52.5,38.8,5-5,4,0,0
2023/06/26,浦和,1,ドリームチャレンジ２歳新馬ウ,800,ダ,左,良,曇,6,4,4,ヴェルサイユノハナ,牝,2,51.0,0,0,及川烈,長谷忍,,6,0:52.5,38.4,6-6,5,0,0
2023/06/26,浦和,2,ランチタイムチャレンジ３歳二,1400,ダ,左,良,曇,10,8,10,イエローエイト,牝,3,51.0,464,-3,及川烈,川島豊,,1,1:30.0,39.7,2-2-2-2,6,464,-3
2023/06/26,浦和,2,ランチタイムチャレンジ３歳二,1400,ダ,左,良,曇,10,4,4,ラインクロッカス,牝,3,54.0,415,-3,秋元耕,小澤宏,,2,1:30.2,39.9,1-1-1-1,5,415,-3
2023/06/26,浦和,2,ランチタイムチャレンジ３歳二,1400,ダ,左,良,曇,10,3,3,ロックフレイバー,牡,3,56.0,480,1,町田直,繁田健,,3,1:30.4,39.1,6-6-5-3,1,480,1
2023/06/26,浦和,2,ランチタイムチャレンジ３歳二,1400,ダ,左,良,曇,10,1,1,シンドバッド,牡,3,56.0,468,5,張田昂,小久智,,4,1:30.8,39.4,5-5-6-6,4,468,5
2023/06/26,浦和,2,ランチタイムチャレンジ３歳二,1400,ダ,左,良,曇,10,8,9,カガヤキタイヨー,牝,3,54.0,430,-3,櫻井光,海馬司,,5,1:30.9,40.2,4-3-3-4,2,430,-3
2023/06/26,浦和,2,ランチタイムチャレンジ３歳二,1400,ダ,左,良,曇,10,7,8,キミトユメヲカケル,牝,3,54.0,419,3,加藤和,長谷忍,,6,1:31.2,39.2,7-7-8-9,7,419,3
2023/06/26,浦和,2,ランチタイムチャレンジ３歳二,1400,ダ,左,良,曇,10,5,5,ワールドバトル,牡,3,56.0,470,-11,笠野雄,海馬司,,7,1:31.3,39.5,8-8-7-7,8,470,-11
2023/06/26,浦和,2,ランチタイムチャレンジ３歳二,1400,ダ,左,良,曇,10,6,6,シナノホワイト,牡,3,55.0,496,-9,七夕裕,岡田一,,8,1:31.6,40.8,3-4-4-5,3,496,-9
2023/06/26,浦和,2,ランチタイムチャレンジ３歳二,1400,ダ,左,良,曇,10,7,7,アメリカンライト,牝,3,54.0,404,-5,増田充,加藤誠,,9,1:31.8,39.4,10-10-9-8,9,404,-5
2023/06/26,浦和,2,ランチタイムチャレンジ３歳二,1400,ダ,左,良,曇,10,2,2,ティフィンタイガー,牡,3,56.0,411,5,半澤慶,酒井一,,10,1:33.4,40.8,9-9-10-10,10,411,5
2023/06/26,浦和,3,ドリームチャレンジ２歳新馬イ,800,ダ,左,良,曇,5,5,5,シャイニーアイドル,牝,2,54.0,0,0,秋元耕,藤原智,,1,0:48.0,35.9,2-1,1,0,0
2023/06/26,浦和,3,ドリームチャレンジ２歳新馬イ,800,ダ,左,良,曇,5,1,1,オニバ,牡,2,54.0,0,0,保園翔,山越光,,2,0:48.7,36.6,1-1,2,0,0
2023/06/26,浦和,3,ドリームチャレンジ２歳新馬イ,800,ダ,左,良,曇,5,4,4,チョットオトシモノ,牝,2,54.0,0,0,半澤慶,小林真,,3,0:49.7,36.3,4-4,4,0,0
2023/06/26,浦和,3,ドリームチャレンジ２歳新馬イ,800,ダ,左,良,曇,5,2,2,ギガフォルス,牡,2,54.0,0,0,岡田大,薮口一,,4,0:50.1,37.7,3-3,5,0,0
2023/06/26,浦和,3,ドリームチャレンジ２歳新馬イ,800,ダ,左,良,曇,5,3,3,リッチレオーネ,牡,2,51.0,0,0,及川烈,長谷忍,,5,0:50.6,37.2,5-5,3,0,0
2023/06/26,浦和,4,ドリームチャレンジ２歳新馬ア,800,ダ,左,良,曇,6,6,6,メイジョウビーナス,牝,2,54.0,0,0,橋本直,酒井一,,1,0:47.8,35.7,1-1,1,0,0
2023/06/26,浦和,4,ドリームチャレンジ２歳新馬ア,800,ダ,左,良,曇,6,4,4,ピンクレモネード,牝,2,54.0,0,0,張田昂,宇野博,,2,0:48.9,35.9,3-3,2,0,0
2023/06/26,浦和,4,ドリームチャレンジ２歳新馬ア,800,ダ,左,良,曇,6,1,1,ラガッツァステッラ,牝,2,54.0,0,0,見越彬,藤原智,,3,0:49.0,36.1,2-2,3,0,0
2023/06/26,浦和,4,ドリームチャレンジ２歳新馬ア,800,ダ,左,良,曇,6,5,5,シェナテイオー,牡,2,53.0,0,0,七夕裕,冨田敏,,4,0:50.4,37.2,4-4,4,0,0
2023/06/26,浦和,4,ドリームチャレンジ２歳新馬ア,800,ダ,左,良,曇,6,3,3,カシノペガサス,牡,2,54.0,0,0,吉留孝,鹿沼和,,5,0:50.8,36.6,5-5,5,0,0
2023/06/26,浦和,4,ドリームチャレンジ２歳新馬ア,800,ダ,左,良,曇,6,2,2,テッペン,牝,2,51.0,0,0,及川烈,長谷忍,,6,0:55.5,40.8,6-6,6,0,0
2023/06/26,浦和,5,Ｃ３七 八,1400,ダ,左,良,曇,12,7,10,ケンブリッジウィズ,牝,7,54.0,466,4,澤田龍,新井清,,1,1:29.6,38.9,3-3-2-1,1,466,4
2023/06/26,浦和,5,Ｃ３七 八,1400,ダ,左,良,曇,12,8,11,ユメツクシ,牝,7,51.0,474,-8,及川烈,長谷忍,,2,1:30.8,39.6,4-4-4-4,2,474,-8
2023/06/26,浦和,5,Ｃ３七 八,1400,ダ,左,良,曇,12,4,4,コンディトラム,牡,6,56.0,491,-5,橋本直,川村守,,3,1:31.2,40.6,2-2-1-2,5,491,-5
2023/06/26,浦和,5,Ｃ３七 八,1400,ダ,左,良,曇,12,1,1,トキノカサドール,牡,8,56.0,455,-4,岡田大,横山保,,4,1:31.8,41.2,1-1-3-3,3,455,-4
2023/06/26,浦和,5,Ｃ３七 八,1400,ダ,左,良,曇,12,8,12,ユウユウリアン,牡,7,56.0,427,1,吉留孝,横山保,,5,1:32.3,39.9,6-5-5-5,8,427,1
2023/06/26,浦和,5,Ｃ３七 八,1400,ダ,左,良,曇,12,5,6,ネオエンジェル,牝,7,54.0,441,-4,國分祐,冨田敏,,6,1:32.6,38.9,12-12-10-9,7,441,-4
2023/06/26,浦和,5,Ｃ３七 八,1400,ダ,左,良,曇,12,5,5,スパークルガール,牝,7,52.0,421,-1,室陽一,長谷忍,,7,1:32.9,39.4,11-11-11-10,4,421,-1
2023/06/26,浦和,5,Ｃ３七 八,1400,ダ,左,良,曇,12,3,3,ニシノサトル,牡,7,56.0,488,-2,内田利,吉田正,,8,1:33.1,40.6,7-6-7-7,10,488,-2
2023/06/26,浦和,5,Ｃ３七 八,1400,ダ,左,良,曇,12,2,2,パレスギガント,牡,7,55.0,481,-8,七夕裕,長谷忍,,9,1:33.3,40.3,9-9-8-8,11,481,-8
2023/06/26,浦和,5,Ｃ３七 八,1400,ダ,左,良,曇,12,6,7,ピノゼン,牝,7,54.0,497,3,町田直,野口孝,,10,1:33.6,41.1,8-7-6-6,6,497,3
2023/06/26,浦和,5,Ｃ３七 八,1400,ダ,左,良,曇,12,6,8,アールレアル,セ,0,56.0,445,9,山中悠,川村守,,11,1:34.7,41.1,10-10-12-11,9,445,9
2023/06/26,浦和,5,Ｃ３七 八,1400,ダ,左,良,曇,12,7,9,ゴールドボード,牝,4,54.0,515,9,秋元耕,箕輪武,,12,1:35.8,42.7,4-8-9-12,12,515,9
2023/06/26,浦和,6,Ｃ２二,1400,ダ,左,良,曇,12,8,12,アポロリリー,牝,6,54.0,419,-4,町田直,武井和,,1,1:29.7,38.2,10-10-8-7,6,419,-4
2023/06/26,浦和,6,Ｃ２二,1400,ダ,左,良,曇,12,4,4,トモノクリスタル,牝,6,54.0,422,-10,山崎誠,小久智,,2,1:30.1,40.2,1-1-1-1,1,422,-10
2023/06/26,浦和,6,Ｃ２二,1400,ダ,左,良,曇,12,5,5,ルージュカプリス,牝,6,54.0,421,-7,加藤和,長谷忍,,3,1:30.1,39.0,9-8-7-6,2,421,-7
2023/06/26,浦和,6,Ｃ２二,1400,ダ,左,良,曇,12,8,11,エコロアジェンダ,牡,5,56.0,448,-6,吉留孝,工藤伸,,4,1:30.2,39.1,7-7-8-9,5,448,-6
2023/06/26,浦和,6,Ｃ２二,1400,ダ,左,良,曇,12,7,9,キスアンドテル,牝,4,54.0,509,7,張田昂,海馬司,,5,1:30.2,38.8,8-9-10-8,9,509,7
2023/06/26,浦和,6,Ｃ２二,1400,ダ,左,良,曇,12,7,10,ジャスミンカーラ,牝,4,54.0,431,0,橋本直,平山真,,6,1:30.2,39.7,6-5-5-4,4,431,0
2023/06/26,浦和,6,Ｃ２二,1400,ダ,左,良,曇,12,2,2,クリムゾンオーラ,牝,6,51.0,480,0,及川烈,入口由,,7,1:30.3,40.0,4-4-4-3,3,480,0
2023/06/26,浦和,6,Ｃ２二,1400,ダ,左,良,曇,12,6,8,ナツハヨル,牝,5,52.0,440,-1,室陽一,横山保,,8,1:30.5,40.5,3-3-2-2,8,440,-1
2023/06/26,浦和,6,Ｃ２二,1400,ダ,左,良,曇,12,5,6,ユメミルツキ,牝,4,54.0,470,-2,秋元耕,鹿沼和,,9,1:30.6,39.7,5-6-6-5,11,470,-2
2023/06/26,浦和,6,Ｃ２二,1400,ダ,左,良,曇,12,1,1,グッドヘイロー,牝,4,54.0,504,7,篠谷葵,山越光,,10,1:31.3,38.5,12-12-12-12,10,504,7
2023/06/26,浦和,6,Ｃ２二,1400,ダ,左,良,曇,12,3,3,チャメドレア,牝,4,54.0,473,10,見越彬,川島豊,,11,1:32.3,40.0,11-11-11-11,12,473,10
2023/06/26,浦和,6,Ｃ２二,1400,ダ,左,良,曇,12,6,7,スパイツァック,牝,4,54.0,458,-1,保園翔,宇野博,,12,1:33.0,43.0,2-2-3-10,7,458,-1
2023/06/26,浦和,7,Ｃ３七 八,1500,ダ,左,良,晴,11,1,1,キタマクフィー,牝,5,53.0,445,-12,七夕裕,鹿沼和,,1,1:37.9,39.6,1-1-1-1,6,445,-12
2023/06/26,浦和,7,Ｃ３七 八,1500,ダ,左,良,晴,11,3,3,ピカレスクスマイル,牡,7,56.0,458,-6,増田充,佐々仁,,2,1:38.0,39.3,7-6-6-4,2,458,-6
2023/06/26,浦和,7,Ｃ３七 八,1500,ダ,左,良,晴,11,4,4,ナツィオナーレ,牝,8,54.0,444,1,町田直,野口孝,,3,1:38.2,39.5,9-7-4-2,1,444,1
2023/06/26,浦和,7,Ｃ３七 八,1500,ダ,左,良,晴,11,7,9,パーティーアニマル,牡,7,56.0,456,-2,高橋哲,海馬司,,4,1:39.0,40.5,5-2-2-3,4,456,-2
2023/06/26,浦和,7,Ｃ３七 八,1500,ダ,左,良,晴,11,6,6,バロンキング,牡,7,56.0,442,-6,西村栄,阿井正,,5,1:39.5,40.5,11-10-7-6,7,442,-6
2023/06/26,浦和,7,Ｃ３七 八,1500,ダ,左,良,晴,11,2,2,ニシノマリアージュ,牝,7,54.0,405,2,岡田大,冨田敏,,6,1:39.7,41.0,3-5-3-5,3,405,2
2023/06/26,浦和,7,Ｃ３七 八,1500,ダ,左,良,晴,11,7,8,スマイルジーニアス,セ,0,55.0,506,5,古岡勇,鹿沼和,,7,1:40.1,40.7,10-11-9-8,5,506,5
2023/06/26,浦和,7,Ｃ３七 八,1500,ダ,左,良,晴,11,6,7,ラッキーアモン,牡,7,56.0,516,-5,保園翔,箕輪武,,8,1:41.1,41.9,8-9-10-9,9,516,-5
2023/06/26,浦和,7,Ｃ３七 八,1500,ダ,左,良,晴,11,8,11,サノチナ,牝,6,54.0,426,-7,加藤和,川島豊,,9,1:41.4,42.9,2-2-5-7,10,426,-7
2023/06/26,浦和,7,Ｃ３七 八,1500,ダ,左,良,晴,11,5,5,ジニアズウィッシュ,牝,7,54.0,474,-4,見越彬,小林真,,10,1:42.1,43.4,4-4-8-10,8,474,-4
2023/06/26,浦和,7,Ｃ３七 八,1500,ダ,左,良,晴,11,8,10,ゴールドスペンサー,牡,5,56.0,470,0,半澤慶,吉田正,,11,1:42.1,42.8,6-8-11-11,11,470,0
2023/06/26,浦和,8,３歳三,1500,ダ,左,良,晴,10,1,1,アンジュルミエール,牝,3,54.0,484,21,山崎誠,小久智,,1,1:37.2,39.3,1-1-1-1,2,484,21
2023/06/26,浦和,8,３歳三,1500,ダ,左,良,晴,10,2,2,スターハッスル,牡,3,56.0,468,0,澤田龍,小澤宏,,2,1:37.6,39.5,2-2-2-2,3,468,0
2023/06/26,浦和,8,３歳三,1500,ダ,左,良,晴,10,6,6,ラブルパイル,牡,3,56.0,453,-8,秋元耕,入口由,,3,1:38.3,39.4,8-8-6-5,1,453,-8
2023/06/26,浦和,8,３歳三,1500,ダ,左,良,晴,10,7,7,エアファールング,牡,3,56.0,472,-3,保園翔,山越光,,4,1:38.5,40.2,3-3-3-3,8,472,-3
2023/06/26,浦和,8,３歳三,1500,ダ,左,良,晴,10,7,8,リュウノファントム,牡,3,56.0,464,1,高橋哲,野口孝,,5,1:38.8,40.1,5-5-5-6,9,464,1
2023/06/26,浦和,8,３歳三,1500,ダ,左,良,晴,10,8,10,クラダイリン,牝,3,53.0,501,3,七夕裕,長谷忍,,6,1:38.9,39.0,10-10-10-9,7,501,3
2023/06/26,浦和,8,３歳三,1500,ダ,左,良,晴,10,8,9,モモアカ,牝,3,54.0,403,-2,岡田大,川村守,,7,1:39.3,40.1,7-7-7-7,6,403,-2
2023/06/26,浦和,8,３歳三,1500,ダ,左,良,晴,10,3,3,ゴールドバニー,牝,3,54.0,475,-1,町田直,野口孝,,8,1:39.3,40.8,4-4-4-3,4,475,-1
2023/06/26,浦和,8,３歳三,1500,ダ,左,良,晴,10,5,5,ハッサクサン,牝,3,54.0,462,-7,藤江渉,水野貴,,9,1:39.3,39.8,9-9-8-8,10,462,-7
2023/06/26,浦和,8,３歳三,1500,ダ,左,良,晴,10,4,4,アメ,牝,3,54.0,442,4,加藤和,長谷忍,,10,1:41.4,42.1,6-6-8-10,5,442,4
2023/06/26,浦和,9,パール特別Ｃ２一,1500,ダ,左,良,晴,12,5,6,レオズソーダライト,牝,7,54.0,458,-5,増田充,平山真,,1,1:37.3,39.7,1-1-1-1,1,458,-5
2023/06/26,浦和,9,パール特別Ｃ２一,1500,ダ,左,良,晴,12,4,4,ソプラヴェステ,牝,4,54.0,487,1,町田直,宇野博,,2,1:37.4,39.3,4-3-2-2,2,487,1
2023/06/26,浦和,9,パール特別Ｃ２一,1500,ダ,左,良,晴,12,7,9,キトゥンズルンバ,セ,0,55.0,475,1,七夕裕,水野貴,,3,1:37.9,39.8,3-4-3-4,8,475,1
2023/06/26,浦和,9,パール特別Ｃ２一,1500,ダ,左,良,晴,12,6,8,エターナルルビー,牝,5,54.0,450,4,張田昂,川島豊,,4,1:37.9,39.7,5-5-5-3,3,450,4
2023/06/26,浦和,9,パール特別Ｃ２一,1500,ダ,左,良,晴,12,7,10,ゲンパチカガヤキ,牡,8,56.0,485,-9,保園翔,小澤宏,,5,1:38.1,39.3,10-8-6-5,5,485,-9
2023/06/26,浦和,9,パール特別Ｃ２一,1500,ダ,左,良,晴,12,5,5,ムーランブラン,牝,7,54.0,471,1,山崎誠,藤原智,,6,1:38.6,39.8,9-7-7-7,7,471,1
2023/06/26,浦和,9,パール特別Ｃ２一,1500,ダ,左,良,晴,12,2,2,ハッピートウキョウ,牡,4,56.0,487,-12,櫻井光,小久智,,7,1:39.5,41.6,2-2-4-6,6,487,-12
2023/06/26,浦和,9,パール特別Ｃ２一,1500,ダ,左,良,晴,12,6,7,サンラグナニゲル,牝,4,54.0,435,-6,山中悠,川村守,,8,1:39.7,39.6,12-11-11-10,10,435,-6
2023/06/26,浦和,9,パール特別Ｃ２一,1500,ダ,左,良,晴,12,8,11,エトワールゴールド,牡,4,56.0,469,1,吉留孝,薮口一,,9,1:39.9,40.3,8-10-10-9,11,469,1
2023/06/26,浦和,9,パール特別Ｃ２一,1500,ダ,左,良,晴,12,8,12,シンシアハート,牝,5,54.0,429,1,半澤慶,宇野博,,10,1:40.7,41.6,6-6-9-11,12,429,1
2023/06/26,浦和,9,パール特別Ｃ２一,1500,ダ,左,良,晴,12,1,1,オーラソラーレ,牝,6,54.0,493,4,藤江渉,酒井一,,11,1:40.9,41.8,7-9-8-8,9,493,4
2023/06/26,浦和,9,パール特別Ｃ２一,1500,ダ,左,良,晴,12,3,3,ホクセツ,セ,0,56.0,529,-5,秋元耕,箕輪武,,12,1:42.9,42.6,11-12-12-12,4,529,-5
2023/06/26,浦和,10,かに座特別Ｃ１三,1400,ダ,左,良,晴,12,7,10,ミティエラ,牝,4,54.0,500,-8,内田利,工藤伸,,1,1:28.7,38.0,2-2-2-1,2,500,-8
2023/06/26,浦和,10,かに座特別Ｃ１三,1400,ダ,左,良,晴,12,4,4,ディンゴ,牝,5,54.0,461,1,張田昂,小澤宏,,2,1:29.6,38.0,8-8-6-6,5,461,1
2023/06/26,浦和,10,かに座特別Ｃ１三,1400,ダ,左,良,晴,12,3,3,レイワプリンセス,牝,5,54.0,524,4,櫻井光,野口寛,,3,1:29.6,38.9,1-1-1-2,1,524,4
2023/06/26,浦和,10,かに座特別Ｃ１三,1400,ダ,左,良,晴,12,5,6,ブルボンティアラ,牝,4,54.0,426,4,山崎誠,水野貴,,4,1:29.7,37.6,12-12-7-5,6,426,4
2023/06/26,浦和,10,かに座特別Ｃ１三,1400,ダ,左,良,晴,12,8,11,スーパーローズ,牝,6,53.0,486,-3,七夕裕,野口孝,,5,1:29.9,38.4,4-5-5-8,3,486,-3
2023/06/26,浦和,10,かに座特別Ｃ１三,1400,ダ,左,良,晴,12,5,5,イデアノキセキ,牡,4,54.0,442,-2,室陽一,岡田一,,6,1:30.0,38.7,3-4-4-3,10,442,-2
2023/06/26,浦和,10,かに座特別Ｃ１三,1400,ダ,左,良,晴,12,6,7,トレンチタウン,牡,5,53.0,454,-13,及川烈,工藤伸,,7,1:30.1,38.2,10-9-9-7,9,454,-13
2023/06/26,浦和,10,かに座特別Ｃ１三,1400,ダ,左,良,晴,12,6,8,オールイズトゥルー,牝,4,54.0,402,2,橋本直,平山真,,8,1:30.8,39.1,7-6-8-9,7,402,2
2023/06/26,浦和,10,かに座特別Ｃ１三,1400,ダ,左,良,晴,12,1,1,トモノエリザベス,牝,4,54.0,461,-9,岡田大,酒井一,,9,1:30.9,38.8,5-7-10-10,8,461,-9
2023/06/26,浦和,10,かに座特別Ｃ１三,1400,ダ,左,良,晴,12,7,9,エンタクノキシ,牡,4,56.0,480,5,見越彬,藤原智,,10,1:30.9,39.7,6-3-3-4,11,480,5
2023/06/26,浦和,10,かに座特別Ｃ１三,1400,ダ,左,良,晴,12,2,2,ケイセブン,牡,5,56.0,442,3,吉留孝,箕輪武,,11,1:30.9,38.7,9-10-11-11,4,442,3
2023/06/26,浦和,10,かに座特別Ｃ１三,1400,ダ,左,良,晴,12,8,12,セイウンコチョウ,牝,4,54.0,401,3,國分祐,冨田敏,,12,1:31.0,38.5,11-11-12-12,12,401,3
2023/06/26,浦和,11,向暑特別Ｂ３二,1400,ダ,左,良,晴,11,8,11,モズハッピーロード,牡,5,56.0,508,5,櫻井光,平山真,,1,1:28.1,38.8,2-3-3-2,5,508,5
2023/06/26,浦和,11,向暑特別Ｂ３二,1400,ダ,左,良,晴,11,7,9,アイスヴィスタ,牝,6,54.0,508,22,町田直,繁田健,,2,1:28.3,39.2,6-4-2-1,2,508,22
2023/06/26,浦和,11,向暑特別Ｂ３二,1400,ダ,左,良,晴,11,4,4,アウストロ,牡,3,54.0,507,1,秋元耕,小澤宏,,3,1:28.9,39.4,3-2-4-5,4,507,1
2023/06/26,浦和,11,向暑特別Ｂ３二,1400,ダ,左,良,晴,11,5,5,ブルグミューラー,牡,3,54.0,478,13,張田昂,小久智,,4,1:29.0,39.0,4-5-5-4,3,478,13
2023/06/26,浦和,11,向暑特別Ｂ３二,1400,ダ,左,良,晴,11,2,2,ゼローソ,セ,0,56.0,484,-2,橋本直,宇野博,,5,1:29.2,38.5,10-8-7-6,6,484,-2
2023/06/26,浦和,11,向暑特別Ｂ３二,1400,ダ,左,良,晴,11,6,7,オウケンアマゾネス,牝,6,52.0,446,1,室陽一,工藤伸,,6,1:29.2,38.3,8-10-8-7,8,446,1
2023/06/26,浦和,11,向暑特別Ｂ３二,1400,ダ,左,良,晴,11,8,10,ワラ,牡,3,54.0,442,-6,山崎誠,水野貴,,7,1:29.8,40.8,1-1-1-2,1,442,-6
2023/06/26,浦和,11,向暑特別Ｂ３二,1400,ダ,左,良,晴,11,7,8,ブルースウェード,牝,5,54.0,447,-2,保園翔,水野貴,,8,1:30.2,39.3,5-7-9-8,7,447,-2
2023/06/26,浦和,11,向暑特別Ｂ３二,1400,ダ,左,良,晴,11,6,6,アウデリア,牡,4,56.0,481,-4,吉留孝,藤原智,,9,1:30.2,40.0,7-6-6-9,10,481,-4
2023/06/26,浦和,11,向暑特別Ｂ３二,1400,ダ,左,良,晴,11,3,3,ナムラタイガー,牡,6,56.0,550,0,半澤慶,箕輪武,,10,1:31.1,40.0,9-8-10-10,9,550,0
2023/06/26,浦和,11,向暑特別Ｂ３二,1400,ダ,左,良,晴,11,1,1,ブルーローズ,牝,7,54.0,452,-5,藤江渉,野口孝,,,,,,,452,-5
2023/06/26,浦和,12,サルビア特別Ｃ３選抜馬,2000,ダ,左,良,晴,12,5,5,シャイニングパール,牝,5,54.0,415,0,山崎誠,八木喜,,1,2:14.5,40.3,5-5-5-3,1,415,0
2023/06/26,浦和,12,サルビア特別Ｃ３選抜馬,2000,ダ,左,良,晴,12,3,3,シェナコブシ,牡,4,56.0,483,-2,見越彬,吉田正,,2,2:14.5,40.2,6-6-6-5,10,483,-2
2023/06/26,浦和,12,サルビア特別Ｃ３選抜馬,2000,ダ,左,良,晴,12,8,11,アイスバーグアリー,牝,7,54.0,441,-5,橋本直,平山真,,3,2:14.7,41.9,1-1-1-1,2,441,-5
2023/06/26,浦和,12,サルビア特別Ｃ３選抜馬,2000,ダ,左,良,晴,12,4,4,ベリリウンヌ,牝,5,54.0,422,-6,岡田大,海馬司,,4,2:15.1,41.5,4-4-4-4,5,422,-6
2023/06/26,浦和,12,サルビア特別Ｃ３選抜馬,2000,ダ,左,良,晴,12,6,7,シシリアンルージュ,牡,4,56.0,488,7,保園翔,薮口一,,5,2:15.2,42.2,3-3-2-2,6,488,7
2023/06/26,浦和,12,サルビア特別Ｃ３選抜馬,2000,ダ,左,良,晴,12,6,8,キャンディボイス,牡,4,56.0,543,-5,加藤和,長谷忍,,6,2:15.4,40.7,7-8-8-8,9,543,-5
2023/06/26,浦和,12,サルビア特別Ｃ３選抜馬,2000,ダ,左,良,晴,12,7,10,シェナハート,牝,4,54.0,420,-2,國分祐,冨田敏,,7,2:15.4,40.7,8-7-7-7,11,420,-2
2023/06/26,浦和,12,サルビア特別Ｃ３選抜馬,2000,ダ,左,良,晴,12,7,9,レーダーベクター,牡,4,55.0,464,1,七夕裕,川村守,,8,2:15.8,40.7,10-10-9-9,4,464,1
2023/06/26,浦和,12,サルビア特別Ｃ３選抜馬,2000,ダ,左,良,晴,12,5,6,メイショウコウヨウ,牝,4,52.0,450,-6,室陽一,川村守,,9,2:16.2,41.1,11-9-10-10,8,450,-6
2023/06/26,浦和,12,サルビア特別Ｃ３選抜馬,2000,ダ,左,良,晴,12,8,12,セイウンミレイア,牝,6,54.0,475,3,吉留孝,冨田敏,,10,2:17.2,44.1,2-2-3-6,3,475,3
2023/06/26,浦和,12,サルビア特別Ｃ３選抜馬,2000,ダ,左,良,晴,12,1,1,シェナノララ,牝,4,51.0,432,7,及川烈,冨田敏,,11,2:17.3,41.4,9-11-11-11,7,432,7
2023/06/26,浦和,12,サルビア特別Ｃ３選抜馬,2000,ダ,左,良,晴,12,2,2,フィアレススマイル,牡,6,56.0,449,-3,櫻井光,平山真,,,,,,,449,-3
2023/06/27,浦和,1,Ｃ３四 五 六,1400,ダ,左,良,曇,11,6,7,フリーズオプション,牡,7,56.0,471,-6,吉留孝,薮口一,,1,1:30.7,38.4,7-7-4-1,3,471,-6
2023/06/27,浦和,1,Ｃ３四 五 六,1400,ダ,左,良,曇,11,8,11,フリュート,セ,0,56.0,504,-9,高橋哲,水野貴,,2,1:30.9,39.1,1-1-1-2,2,504,-9
2023/06/27,浦和,1,Ｃ３四 五 六,1400,ダ,左,良,曇,11,4,4,ラキエストバイオ,牝,7,54.0,477,5,町田直,新井清,,3,1:31.0,39.0,8-5-2-3,1,477,5
2023/06/27,浦和,1,Ｃ３四 五 六,1400,ダ,左,良,曇,11,3,3,トリテレイア,牝,7,54.0,417,-1,加藤和,箕輪武,,4,1:31.4,39.4,3-3-3-4,5,417,-1
2023/06/27,浦和,1,Ｃ３四 五 六,1400,ダ,左,良,曇,11,8,10,ロッカーモーション,牝,7,54.0,492,-3,橋本直,内野健,,5,1:31.5,39.1,5-6-6-5,4,492,-3
2023/06/27,浦和,1,Ｃ３四 五 六,1400,ダ,左,良,曇,11,7,9,シエスタキー,牡,6,56.0,491,13,藤江渉,川村守,,6,1:32.2,39.1,11-10-8-7,7,491,13
2023/06/27,浦和,1,Ｃ３四 五 六,1400,ダ,左,良,曇,11,1,1,ホロシリダケ,セ,0,56.0,478,-2,内田利,野口孝,,7,1:32.3,39.5,6-8-10-10,9,478,-2
2023/06/27,浦和,1,Ｃ３四 五 六,1400,ダ,左,良,曇,11,7,8,アミン,牝,6,54.0,468,-2,岡田大,冨田敏,,8,1:32.6,39.6,9-9-9-6,8,468,-2
2023/06/27,浦和,1,Ｃ３四 五 六,1400,ダ,左,良,曇,11,5,5,トーセンケイト,牝,5,54.0,482,-4,半澤慶,川村守,,9,1:33.4,41.2,3-4-7-9,11,482,-4
2023/06/27,浦和,1,Ｃ３四 五 六,1400,ダ,左,良,曇,11,2,2,メイショウイヤサカ,牝,7,52.0,449,6,室陽一,海馬司,,10,1:33.4,41.4,2-2-5-8,6,449,6
2023/06/27,浦和,1,Ｃ３四 五 六,1400,ダ,左,良,曇,11,6,6,シェナマジック,牡,4,56.0,429,-7,國分祐,冨田敏,,11,1:35.8,41.7,10-11-11-11,10,429,-7
2023/06/27,浦和,2,ランチタイムチャレンジＣ２三 四,1400,ダ,左,良,曇,12,7,10,ビーマジカル,牝,4,54.0,445,1,町田直,野口孝,,1,1:30.5,39.3,7-5-4-1,1,445,1
2023/06/27,浦和,2,ランチタイムチャレンジＣ２三 四,1400,ダ,左,良,曇,12,6,8,ミメウルワシ,牝,8,54.0,439,0,篠谷葵,山越光,,2,1:30.9,40.6,3-3-3-4,5,439,0
2023/06/27,浦和,2,ランチタイムチャレンジＣ２三 四,1400,ダ,左,良,曇,12,6,7,ボンディングタイム,セ,0,56.0,569,-9,保園翔,宇野博,,3,1:31.2,39.2,10-10-9-7,11,569,-9
2023/06/27,浦和,2,ランチタイムチャレンジＣ２三 四,1400,ダ,左,良,曇,12,8,11,スティールマドンナ,牝,5,54.0,470,9,山中悠,小澤宏,,4,1:31.3,41.1,2-2-2-3,10,470,9
2023/06/27,浦和,2,ランチタイムチャレンジＣ２三 四,1400,ダ,左,良,曇,12,4,4,シシャモ,牝,4,51.0,419,-2,及川烈,工藤伸,,5,1:31.8,40.9,4-4-5-6,7,419,-2
2023/06/27,浦和,2,ランチタイムチャレンジＣ２三 四,1400,ダ,左,良,曇,12,8,12,クー,牝,4,54.0,492,11,高橋哲,吉田正,,6,1:31.9,40.4,6-6-8-9,8,492,11
2023/06/27,浦和,2,ランチタイムチャレンジＣ２三 四,1400,ダ,左,良,曇,12,3,3,ミッキージェンヌ,牝,4,54.0,424,-4,櫻井光,小久智,,7,1:32.1,42.2,1-1-1-2,3,424,-4
2023/06/27,浦和,2,ランチタイムチャレンジＣ２三 四,1400,ダ,左,良,曇,12,7,9,タービンホール,牡,4,56.0,499,-9,半澤慶,宇野博,,8,1:32.1,39.1,11-12-12-11,2,499,-9
2023/06/27,浦和,2,ランチタイムチャレンジＣ２三 四,1400,ダ,左,良,曇,12,2,2,ヴィオレントアズル,牡,4,56.0,417,5,橋本直,平山真,,9,1:32.3,40.7,9-7-6-5,6,417,5
2023/06/27,浦和,2,ランチタイムチャレンジＣ２三 四,1400,ダ,左,良,曇,12,1,1,スターコマチ,牝,4,54.0,401,0,吉留孝,川村守,,10,1:32.4,40.8,8-7-6-8,12,401,0
2023/06/27,浦和,2,ランチタイムチャレンジＣ２三 四,1400,ダ,左,良,曇,12,5,6,ケイアイマボラ,牡,6,56.0,468,7,岡田大,横山保,,11,1:32.8,40.4,12-11-10-10,9,468,7
2023/06/27,浦和,2,ランチタイムチャレンジＣ２三 四,1400,ダ,左,良,曇,12,5,5,フクチャンクイーン,牝,4,54.0,441,-1,加藤和,内野健,,12,1:33.3,41.1,5-9-11-12,4,441,-1
2023/06/27,浦和,3,浦和８００ラウンド３歳選抜馬ア,800,ダ,左,良,曇,8,5,5,キューティロメラ,牝,3,54.0,479,24,見越彬,繁田健,,1,0:47.1,34.9,1-1,2,479,24
2023/06/27,浦和,3,浦和８００ラウンド３歳選抜馬ア,800,ダ,左,良,曇,8,1,1,アイゴールド,牝,3,54.0,482,1,秋元耕,岡田一,,2,0:47.4,34.8,6-5,1,482,1
2023/06/27,浦和,3,浦和８００ラウンド３歳選抜馬ア,800,ダ,左,良,曇,8,7,7,キョウエイカリーナ,牝,3,54.0,470,12,保園翔,小澤宏,,3,0:47.6,35.4,3-2,5,470,12
2023/06/27,浦和,3,浦和８００ラウンド３歳選抜馬ア,800,ダ,左,良,曇,8,4,4,ピカンチダブル,牝,3,53.0,445,5,七夕裕,新井清,,4,0:47.8,35.5,4-4,3,445,5
2023/06/27,浦和,3,浦和８００ラウンド３歳選抜馬ア,800,ダ,左,良,曇,8,8,8,アンジュブースター,牝,3,54.0,434,10,櫻井光,小久智,,5,0:48.7,36.5,5-6,4,434,10
2023/06/27,浦和,3,浦和８００ラウンド３歳選抜馬ア,800,ダ,左,良,曇,8,6,6,ダンシングクライ,牝,3,54.0,471,3,高橋哲,藤原智,,6,0:48.8,36.6,2-3,6,471,3
2023/06/27,浦和,3,浦和８００ラウンド３歳選抜馬ア,800,ダ,左,良,曇,8,3,3,アイリイファースト,牝,3,54.0,489,2,篠谷葵,山越光,,7,0:49.1,35.7,7-7,7,489,2
2023/06/27,浦和,3,浦和８００ラウンド３歳選抜馬ア,800,ダ,左,良,曇,8,2,2,キタカラキタダイヤ,牝,3,54.0,435,7,藤江渉,酒井一,,8,0:49.9,36.5,8-8,8,435,7
2023/06/27,浦和,4,Ｃ３四 五 六,1400,ダ,左,良,曇,12,5,6,ハルノトゥーリ,牝,4,54.0,485,-5,吉留孝,薮口一,,1,1:31.1,39.5,2-2-2-1,7,485,-5
2023/06/27,浦和,4,Ｃ３四 五 六,1400,ダ,左,良,曇,12,7,9,ハーモニージョーイ,牡,6,54.0,474,-9,木間龍,新井清,,2,1:31.2,38.5,9-9-8-4,1,474,-9
2023/06/27,浦和,4,Ｃ３四 五 六,1400,ダ,左,良,曇,12,5,5,チュパチ,牝,4,54.0,447,-4,加藤和,吉田正,,3,1:31.2,39.2,6-5-3-3,5,447,-4
2023/06/27,浦和,4,Ｃ３四 五 六,1400,ダ,左,良,曇,12,1,1,アナハ,牝,6,53.0,417,3,七夕裕,川島豊,,4,1:31.6,39.1,8-7-6-7,4,417,3
2023/06/27,浦和,4,Ｃ３四 五 六,1400,ダ,左,良,曇,12,4,4,クレールプリュネル,牝,5,54.0,464,-5,半澤慶,山越光,,5,1:31.6,40.0,1-1-1-2,2,464,-5
2023/06/27,浦和,4,Ｃ３四 五 六,1400,ダ,左,良,曇,12,2,2,ボビン,牝,7,54.0,436,-8,保園翔,内野健,,6,1:32.0,40.1,5-4-4-5,3,436,-8
2023/06/27,浦和,4,Ｃ３四 五 六,1400,ダ,左,良,曇,12,3,3,アストロメアリー,牝,4,51.0,401,1,及川烈,長谷忍,,7,1:32.1,39.2,10-10-10-8,11,401,1
2023/06/27,浦和,4,Ｃ３四 五 六,1400,ダ,左,良,曇,12,8,11,プリュイ,牡,5,56.0,427,0,橋本直,薮口一,,8,1:32.3,39.6,7-8-9-9,6,427,0
2023/06/27,浦和,4,Ｃ３四 五 六,1400,ダ,左,良,曇,12,6,7,スクリームイーグル,セ,0,54.0,450,2,室陽一,酒井一,,9,1:32.5,40.7,3-3-4-6,9,450,2
2023/06/27,浦和,4,Ｃ３四 五 六,1400,ダ,左,良,曇,12,7,10,ゴールドアクセル,牡,5,56.0,509,-5,高橋哲,鹿沼和,,10,1:33.8,41.7,4-6-7-10,8,509,-5
2023/06/27,浦和,4,Ｃ３四 五 六,1400,ダ,左,良,曇,12,6,8,サウンドウェリナ,牝,4,54.0,452,-8,秋元耕,薮口一,,11,1:33.9,40.5,11-11-11-11,12,452,-8
2023/06/27,浦和,4,Ｃ３四 五 六,1400,ダ,左,良,曇,12,8,12,ワイズマンコート,牡,4,56.0,450,-4,見越彬,川島豊,,12,1:34.0,40.0,12-12-12-12,10,450,-4
2023/06/27,浦和,5,Ｃ３四 五 六,1500,ダ,左,良,曇,12,4,4,ポイズンピル,牡,8,56.0,461,-8,中越琉,村田順,,1,1:38.3,38.9,9-10-8-2,8,461,-8
2023/06/27,浦和,5,Ｃ３四 五 六,1500,ダ,左,良,曇,12,8,12,エスコーバタハト,牡,7,53.0,507,-9,及川烈,内野健,,2,1:38.6,41.7,3-2-1-1,1,507,-9
2023/06/27,浦和,5,Ｃ３四 五 六,1500,ダ,左,良,曇,12,6,8,マッシュブライト,牝,5,54.0,471,3,高橋哲,酒井一,,3,1:38.6,39.5,8-9-7-6,9,471,3
2023/06/27,浦和,5,Ｃ３四 五 六,1500,ダ,左,良,曇,12,2,2,シンキングロマンス,牝,4,54.0,441,-4,岡田大,川村守,,4,1:39.0,40.5,6-6-6-7,7,441,-4
2023/06/27,浦和,5,Ｃ３四 五 六,1500,ダ,左,良,曇,12,5,6,ニシノマッハ,牡,9,56.0,464,2,内田利,吉田正,,5,1:39.4,41.7,5-5-4-5,10,464,2
2023/06/27,浦和,5,Ｃ３四 五 六,1500,ダ,左,良,曇,12,1,1,パルメニデス,牡,4,56.0,418,2,秋元耕,山越光,,6,1:39.8,40.4,10-8-9-8,11,418,2
2023/06/27,浦和,5,Ｃ３四 五 六,1500,ダ,左,良,曇,12,3,3,ルルド,セ,0,55.0,429,-8,七夕裕,平山真,,7,1:40.0,39.5,12-12-12-12,5,429,-8
2023/06/27,浦和,5,Ｃ３四 五 六,1500,ダ,左,良,曇,12,7,10,ベニノエンゼル,牝,6,54.0,442,-9,保園翔,山越光,,8,1:40.2,43.1,2-3-2-4,3,442,-9
2023/06/27,浦和,5,Ｃ３四 五 六,1500,ダ,左,良,曇,12,7,9,ハクサンバレー,牝,6,54.0,438,-13,吉留孝,薮口一,,9,1:40.3,42.8,4-4-3-3,4,438,-13
2023/06/27,浦和,5,Ｃ３四 五 六,1500,ダ,左,良,曇,12,8,11,ファーマスター,牝,5,54.0,430,-7,加藤和,川村守,,10,1:40.6,40.7,11-11-11-10,6,430,-7
2023/06/27,浦和,5,Ｃ３四 五 六,1500,ダ,左,良,曇,12,5,5,オールドボンバー,牡,7,56.0,495,8,藤江渉,横山保,,11,1:41.6,44.3,1-1-5-9,2,495,8
2023/06/27,浦和,5,Ｃ３四 五 六,1500,ダ,左,良,曇,12,6,7,キネンビ,牝,4,54.0,466,-8,見越彬,薮口一,,12,1:41.7,42.5,7-7-10-11,12,466,-8
2023/06/27,浦和,6,Ｃ２三 四,1500,ダ,左,良,曇,11,7,9,スマイルヌイロア,牝,4,54.0,450,8,張田昂,宇野博,,1,1:36.3,39.8,2-2-2-1,7,450,8
2023/06/27,浦和,6,Ｃ２三 四,1500,ダ,左,良,曇,11,4,4,モリトローテローゼ,牝,7,54.0,479,-6,高橋哲,水野貴,,2,1:37.6,41.1,3-3-3-4,8,479,-6
2023/06/27,浦和,6,Ｃ２三 四,1500,ダ,左,良,曇,11,6,6,マイネルユヌスール,牡,4,55.0,476,-1,七夕裕,横山保,,3,1:37.6,40.3,5-5-5-3,10,476,-1
2023/06/27,浦和,6,Ｃ２三 四,1500,ダ,左,良,曇,11,3,3,リュウノアーダーン,牝,5,54.0,429,3,山中悠,川村守,,4,1:37.7,39.5,9-9-9-8,11,429,3
2023/06/27,浦和,6,Ｃ２三 四,1500,ダ,左,良,曇,11,8,11,マルノアンナ,牝,4,54.0,452,2,岡田大,川村守,,5,1:37.8,40.4,7-7-6-5,4,452,2
2023/06/27,浦和,6,Ｃ２三 四,1500,ダ,左,良,曇,11,7,8,ウインカーマイン,牡,7,56.0,461,3,秋元耕,川島豊,,6,1:37.9,40.4,8-8-6-7,6,461,3
2023/06/27,浦和,6,Ｃ２三 四,1500,ダ,左,良,曇,11,1,1,テッシトゥーラ,セ,0,53.0,455,1,及川烈,川島豊,,7,1:38.0,39.1,10-10-10-9,5,455,1
2023/06/27,浦和,6,Ｃ２三 四,1500,ダ,左,良,曇,11,2,2,フォースチルドレン,牡,4,56.0,512,9,橋本直,平山真,,8,1:38.3,41.9,1-1-1-2,1,512,9
2023/06/27,浦和,6,Ｃ２三 四,1500,ダ,左,良,曇,11,6,7,ヤマジュンヒバナ,牝,6,52.0,463,13,室陽一,宇野博,,9,1:38.3,41.0,6-6-4-5,2,463,13
2023/06/27,浦和,6,Ｃ２三 四,1500,ダ,左,良,曇,11,8,10,ゴールドバード,牡,9,56.0,487,-1,藤江渉,野口孝,,10,1:38.7,39.0,11-11-11-11,9,487,-1
2023/06/27,浦和,6,Ｃ２三 四,1500,ダ,左,良,曇,11,5,5,モモドリーム,牝,5,54.0,478,-15,保園翔,平山真,,11,1:40.2,42.9,4-4-8-10,3,478,-15
2023/06/27,浦和,7,雛芥子特別３歳一,1500,ダ,左,良,曇,12,7,10,グレートジャーニー,牡,3,56.0,460,3,山中悠,小久智,,1,1:36.0,38.8,2-2-1-1,2,460,3
2023/06/27,浦和,7,雛芥子特別３歳一,1500,ダ,左,良,曇,12,8,12,ルンバルンバルンバ,牝,3,54.0,430,-5,篠谷葵,稲益貴,,2,1:36.3,39.1,4-4-2-2,5,430,-5
2023/06/27,浦和,7,雛芥子特別３歳一,1500,ダ,左,良,曇,12,7,9,オデンシタ,牡,3,56.0,457,10,吉留孝,野口寛,,3,1:36.6,38.8,10-11-6-6,7,457,10
2023/06/27,浦和,7,雛芥子特別３歳一,1500,ダ,左,良,曇,12,1,1,ケンキートス,牡,3,56.0,520,8,町田直,繁田健,,4,1:36.8,39.4,9-8-4-4,1,520,8
2023/06/27,浦和,7,雛芥子特別３歳一,1500,ダ,左,良,曇,12,8,11,アイグレース,牝,3,54.0,455,-2,秋元耕,岡田一,,5,1:37.1,40.0,1-1-3-3,3,455,-2
2023/06/27,浦和,7,雛芥子特別３歳一,1500,ダ,左,良,曇,12,6,8,トラックヤロー,牡,3,56.0,433,5,櫻井光,平山真,,6,1:37.2,39.4,11-10-6-7,6,433,5
2023/06/27,浦和,7,雛芥子特別３歳一,1500,ダ,左,良,曇,12,4,4,リョウタスペシャル,牡,3,56.0,420,-2,張田昂,小澤宏,,7,1:37.3,39.8,5-5-5-5,4,420,-2
2023/06/27,浦和,7,雛芥子特別３歳一,1500,ダ,左,良,曇,12,5,5,ポッピングシャワー,牝,3,54.0,428,0,保園翔,川村守,,8,1:38.3,39.8,12-12-10-9,12,428,0
2023/06/27,浦和,7,雛芥子特別３歳一,1500,ダ,左,良,曇,12,3,3,ノースプリマ,牝,3,53.0,447,-2,七夕裕,水野貴,,9,1:38.9,41.1,3-3-9-8,8,447,-2
2023/06/27,浦和,7,雛芥子特別３歳一,1500,ダ,左,良,曇,12,5,6,イスデボニュウタ,牡,3,54.0,457,-3,室陽一,小久智,,10,1:39.3,41.8,6-7-6-10,9,457,-3
2023/06/27,浦和,7,雛芥子特別３歳一,1500,ダ,左,良,曇,12,6,7,シェナクラウン,牡,3,56.0,496,-3,國分祐,冨田敏,,11,1:40.9,42.1,8-9-12-12,11,496,-3
2023/06/27,浦和,7,雛芥子特別３歳一,1500,ダ,左,良,曇,12,2,2,サブリュウシン,牡,3,56.0,457,-3,橋本直,平山真,,12,1:41.0,43.1,7-6-11-11,10,457,-3
2023/06/27,浦和,8,特選Ｂ３Ｃ１選抜馬,800,ダ,左,良,曇,12,1,1,ノボシュンシュン,牝,7,55.0,473,4,町田直,山崎裕,,1,0:47.5,35.5,1-1,3,473,4
2023/06/27,浦和,8,特選Ｂ３Ｃ１選抜馬,800,ダ,左,良,曇,12,4,4,ヒットガール,牝,5,55.0,516,-3,笠野雄,山中尊,,2,0:47.6,35.2,4-3,5,516,-3
2023/06/27,浦和,8,特選Ｂ３Ｃ１選抜馬,800,ダ,左,良,曇,12,2,2,ニッショウミライ,牝,3,53.0,451,-3,櫻井光,酒井一,,3,0:47.8,35.8,2-2,1,451,-3
2023/06/27,浦和,8,特選Ｂ３Ｃ１選抜馬,800,ダ,左,良,曇,12,3,3,リッチアロマ,牝,5,53.0,439,9,室陽一,水野貴,,4,0:48.1,35.2,8-5,8,439,9
2023/06/27,浦和,8,特選Ｂ３Ｃ１選抜馬,800,ダ,左,良,曇,12,5,6,マイネルリベラル,セ,0,55.0,487,-5,岡村裕,新井健,,5,0:48.3,35.9,3-4,7,487,-5
2023/06/27,浦和,8,特選Ｂ３Ｃ１選抜馬,800,ダ,左,良,曇,12,8,11,ベルセブンティーン,牝,5,50.0,486,3,及川烈,小久智,,6,0:48.3,35.9,5-6,2,486,3
2023/06/27,浦和,8,特選Ｂ３Ｃ１選抜馬,800,ダ,左,良,曇,12,8,12,シェナブライト,牡,5,57.0,523,1,吉留孝,山越光,,7,0:48.3,35.0,10-8,6,523,1
2023/06/27,浦和,8,特選Ｂ３Ｃ１選抜馬,800,ダ,左,良,曇,12,5,5,カシノリカバリー,牝,4,53.0,467,-5,山中悠,野口寛,,8,0:48.7,35.6,8-7,9,467,-5
2023/06/27,浦和,8,特選Ｂ３Ｃ１選抜馬,800,ダ,左,良,曇,12,6,8,ニッショウアッキー,牝,4,53.0,475,13,半澤慶,酒井一,,9,0:48.9,36.5,7-9,10,475,13
2023/06/27,浦和,8,特選Ｂ３Ｃ１選抜馬,800,ダ,左,良,曇,12,6,7,シナジーエフェクト,牡,3,55.0,486,-2,藤江渉,岡田一,,10,0:48.9,34.9,11-11,11,486,-2
2023/06/27,浦和,8,特選Ｂ３Ｃ１選抜馬,800,ダ,左,良,曇,12,7,9,ルヴァンモンスター,牡,3,54.0,472,-7,七夕裕,水野貴,,11,0:49.9,37.5,5-10,4,472,-7
2023/06/27,浦和,8,特選Ｂ３Ｃ１選抜馬,800,ダ,左,良,曇,12,7,10,ゴールドエース,牡,4,55.0,480,-6,加藤和,野口孝,,12,0:51.3,37.4,12-12,12,480,-6
2023/06/27,浦和,9,浦和×大井　ファンタスティックリレＣ１五,1400,ダ,左,良,曇,10,8,9,ビタースマイル,牝,4,54.0,454,-7,藤江渉,水野貴,,1,1:29.3,38.8,3-2-2-1,1,454,-7
2023/06/27,浦和,9,浦和×大井　ファンタスティックリレＣ１五,1400,ダ,左,良,曇,10,7,8,ピュアファンタジー,牝,6,51.0,487,-4,及川烈,小澤宏,,2,1:29.8,39.3,1-1-1-2,2,487,-4
2023/06/27,浦和,9,浦和×大井　ファンタスティックリレＣ１五,1400,ダ,左,良,曇,10,7,7,ジョーリベリカ,牡,4,56.0,479,1,櫻井光,小久智,,3,1:30.1,39.3,6-6-3-3,4,479,1
2023/06/27,浦和,9,浦和×大井　ファンタスティックリレＣ１五,1400,ダ,左,良,曇,10,8,10,サトノトリガー,牡,6,56.0,463,6,秋元耕,小林真,,4,1:30.5,38.4,9-9-9-7,8,463,6
2023/06/27,浦和,9,浦和×大井　ファンタスティックリレＣ１五,1400,ダ,左,良,曇,10,6,6,ソーサレス,牝,4,54.0,483,-1,張田昂,小澤宏,,5,1:30.8,40.1,5-4-4-4,3,483,-1
2023/06/27,浦和,9,浦和×大井　ファンタスティックリレＣ１五,1400,ダ,左,良,曇,10,1,1,ヴァンクールシチー,牡,4,56.0,415,0,半澤慶,工藤伸,,6,1:31.1,40.2,4-5-5-5,7,415,0
2023/06/27,浦和,9,浦和×大井　ファンタスティックリレＣ１五,1400,ダ,左,良,曇,10,3,3,イチジン,牡,6,56.0,459,0,加藤和,長谷忍,,7,1:31.5,40.0,7-7-7-8,6,459,0
2023/06/27,浦和,9,浦和×大井　ファンタスティックリレＣ１五,1400,ダ,左,良,曇,10,5,5,メラスクリオス,牝,4,54.0,452,-3,山中悠,宇野博,,8,1:31.9,41.1,2-3-5-6,5,452,-3
2023/06/27,浦和,9,浦和×大井　ファンタスティックリレＣ１五,1400,ダ,左,良,曇,10,2,2,ナイフレスト,牝,4,54.0,428,9,見越彬,山越光,,9,1:32.3,40.6,8-8-8-9,9,428,9
2023/06/27,浦和,9,浦和×大井　ファンタスティックリレＣ１五,1400,ダ,左,良,曇,10,4,4,ジャングルタキオン,牡,4,56.0,494,-6,篠谷葵,野口孝,,,,,,,494,-6
2023/06/27,浦和,10,霞草特別Ｃ１二,1500,ダ,左,良,曇,12,1,1,パールアゲイン,牝,4,53.0,421,0,七夕裕,岡田一,,1,1:36.1,39.0,1-1-1-1,1,421,0
2023/06/27,浦和,10,霞草特別Ｃ１二,1500,ダ,左,良,曇,12,4,4,ミラクルランバック,牡,4,56.0,516,-3,内田利,藤原智,,2,1:36.5,38.8,4-5-3-2,5,516,-3
2023/06/27,浦和,10,霞草特別Ｃ１二,1500,ダ,左,良,曇,12,7,10,ヴィスコンティ,セ,0,56.0,497,1,篠谷葵,山中尊,,3,1:36.6,38.5,6-7-6-3,4,497,1
2023/06/27,浦和,10,霞草特別Ｃ１二,1500,ダ,左,良,曇,12,5,6,セシボン,牝,4,54.0,407,2,半澤慶,工藤伸,,4,1:37.5,38.7,12-12-11-10,10,407,2
2023/06/27,浦和,10,霞草特別Ｃ１二,1500,ダ,左,良,曇,12,2,2,コンアモーレ,牡,4,56.0,483,-5,櫻井光,宇野博,,5,1:37.7,40.0,5-4-6-5,8,483,-5
2023/06/27,浦和,10,霞草特別Ｃ１二,1500,ダ,左,良,曇,12,6,7,リングボーイ,セ,0,54.0,434,0,室陽一,水野貴,,6,1:37.8,40.1,3-3-5-7,3,434,0
2023/06/27,浦和,10,霞草特別Ｃ１二,1500,ダ,左,良,曇,12,6,8,プレストルーチェ,セ,0,56.0,507,7,山中悠,小澤宏,,7,1:38.0,40.3,2-2-3-6,6,507,7
2023/06/27,浦和,10,霞草特別Ｃ１二,1500,ダ,左,良,曇,12,7,9,チェスナットドレス,牝,6,54.0,461,-6,國分祐,冨田敏,,8,1:38.2,39.3,10-11-12-12,12,461,-6
2023/06/27,浦和,10,霞草特別Ｃ１二,1500,ダ,左,良,曇,12,8,11,アドミラブルエース,牡,4,56.0,480,-5,町田直,繁田健,,9,1:38.2,40.5,7-6-2-4,2,480,-5
2023/06/27,浦和,10,霞草特別Ｃ１二,1500,ダ,左,良,曇,12,8,12,ローゼシュティア,牝,4,54.0,466,16,保園翔,野口寛,,10,1:38.4,39.8,11-9-9-9,9,466,16
2023/06/27,浦和,10,霞草特別Ｃ１二,1500,ダ,左,良,曇,12,5,5,キックフリップ,牝,4,54.0,468,-1,吉留孝,野口孝,,11,1:38.8,40.3,8-10-8-8,11,468,-1
2023/06/27,浦和,10,霞草特別Ｃ１二,1500,ダ,左,良,曇,12,3,3,ロッソアモーレ,牝,6,54.0,475,1,藤江渉,冨田敏,,12,1:39.4,40.8,9-8-10-11,7,475,1
2023/06/27,浦和,11,日日草特別Ｂ２二,1400,ダ,左,良,曇,12,2,2,シャイニー,牡,7,56.0,514,-6,篠谷葵,野口寛,,1,1:28.5,38.2,9-8-6-4,6,514,-6
2023/06/27,浦和,11,日日草特別Ｂ２二,1400,ダ,左,良,曇,12,5,5,ダイリュウボーラー,牡,7,56.0,450,6,町田直,繁田健,,2,1:28.9,39.1,6-4-4-2,4,450,6
2023/06/27,浦和,11,日日草特別Ｂ２二,1400,ダ,左,良,曇,12,3,3,ケンブリッジイーサ,牡,8,56.0,486,5,張田昂,新井清,,3,1:29.2,39.6,1-1-1-1,1,486,5
2023/06/27,浦和,11,日日草特別Ｂ２二,1400,ダ,左,良,曇,12,6,8,オートヴィル,牡,8,56.0,519,-5,藤江渉,酒井一,,4,1:29.2,38.6,10-9-8-8,12,519,-5
2023/06/27,浦和,11,日日草特別Ｂ２二,1400,ダ,左,良,曇,12,1,1,ミエノハヤブサ,セ,0,56.0,479,-4,山中悠,小澤宏,,5,1:29.2,38.3,11-11-10-9,9,479,-4
2023/06/27,浦和,11,日日草特別Ｂ２二,1400,ダ,左,良,曇,12,4,4,オーロラテーラー,牝,6,54.0,492,-3,笠野雄,稲益貴,,6,1:29.4,39.8,2-2-2-2,2,492,-3
2023/06/27,浦和,11,日日草特別Ｂ２二,1400,ダ,左,良,曇,12,7,10,ロングジャーニー,牝,5,54.0,489,-4,櫻井光,小久智,,7,1:29.5,39.6,5-5-5-6,3,489,-4
2023/06/27,浦和,11,日日草特別Ｂ２二,1400,ダ,左,良,曇,12,6,7,ランカンカン,セ,0,56.0,516,1,秋元耕,小澤宏,,8,1:29.5,39.2,7-7-7-7,8,516,1
2023/06/27,浦和,11,日日草特別Ｂ２二,1400,ダ,左,良,曇,12,8,11,グーガルドリームズ,セ,0,56.0,489,-1,保園翔,水野貴,,9,1:30.0,40.4,3-3-3-5,7,489,-1
2023/06/27,浦和,11,日日草特別Ｂ２二,1400,ダ,左,良,曇,12,5,6,カシノフォワード,セ,0,56.0,444,-3,吉留孝,鹿沼和,,10,1:30.9,38.8,12-12-12-10,11,444,-3
2023/06/27,浦和,11,日日草特別Ｂ２二,1400,ダ,左,良,曇,12,8,12,ガンファイター,牡,7,53.0,512,-9,及川烈,藤原智,,11,1:32.7,41.4,8-10-11-11,5,512,-9
2023/06/27,浦和,11,日日草特別Ｂ２二,1400,ダ,左,良,曇,12,7,9,ソフィアバローズ,牝,6,54.0,441,-3,加藤和,川島豊,,12,1:36.1,45.8,4-6-9-12,10,441,-3
2023/06/27,浦和,12,梔子特別Ｃ２選抜馬,2000,ダ,左,良,曇,10,6,6,リュウノワシントン,牡,5,56.0,431,-7,山本紀,齊藤敏,,1,2:12.9,39.8,8-8-5-4,5,431,-7
2023/06/27,浦和,12,梔子特別Ｃ２選抜馬,2000,ダ,左,良,曇,10,8,9,エスジーリカチャン,牝,5,54.0,472,-5,張田昂,田島寿,,2,2:13.0,40.2,7-7-4-2,2,472,-5
2023/06/27,浦和,12,梔子特別Ｃ２選抜馬,2000,ダ,左,良,曇,10,7,8,ニシノマンテン,牡,4,55.0,448,2,七夕裕,川島豊,,3,2:13.1,41.0,2-1-1-1,6,448,2
2023/06/27,浦和,12,梔子特別Ｃ２選抜馬,2000,ダ,左,良,曇,10,7,7,バローロフレイバー,牡,7,56.0,510,-13,町田直,繁田健,,4,2:13.4,41.1,3-3-2-3,1,510,-13
2023/06/27,浦和,12,梔子特別Ｃ２選抜馬,2000,ダ,左,良,曇,10,1,1,フェルカド,セ,0,56.0,468,-2,見越彬,野口孝,,5,2:14.2,41.4,4-4-6-5,3,468,-2
2023/06/27,浦和,12,梔子特別Ｃ２選抜馬,2000,ダ,左,良,曇,10,5,5,アトラクティッド,牝,4,54.0,429,4,半澤慶,工藤伸,,6,2:14.3,41.4,6-6-7-6,7,429,4
2023/06/27,浦和,12,梔子特別Ｃ２選抜馬,2000,ダ,左,良,曇,10,8,10,ビオロンスコッツ,牡,6,56.0,460,-3,秋元耕,酒井一,,7,2:14.7,40.1,10-10-10-9,10,460,-3
2023/06/27,浦和,12,梔子特別Ｃ２選抜馬,2000,ダ,左,良,曇,10,4,4,ノースジラソーレ,牝,4,51.0,452,3,及川烈,長谷忍,,8,2:14.9,41.7,9-9-8-7,9,452,3
2023/06/27,浦和,12,梔子特別Ｃ２選抜馬,2000,ダ,左,良,曇,10,2,2,ニシノロゼ,牝,4,54.0,443,0,加藤和,小澤宏,,9,2:16.6,44.3,1-1-3-8,8,443,0
2023/06/27,浦和,12,梔子特別Ｃ２選抜馬,2000,ダ,左,良,曇,10,3,3,リュウキュウカリー,牡,4,54.0,473,4,室陽一,宇野博,,10,2:17.4,44.6,5-5-9-10,4,473,4
2023/06/29,浦和,1,３歳五,1400,ダ,左,良,晴,12,5,5,ヨドノストロング,牡,3,56.0,503,10,森泰斗,平山真,,1,1:28.6,37.5,2-2-1-1,1,503,10
2023/06/29,浦和,1,３歳五,1400,ダ,左,良,晴,12,6,7,ダプネマリン,牝,3,54.0,407,5,橋本直,入口由,,2,1:31.3,39.1,8-5-4-3,8,407,5
2023/06/29,浦和,1,３歳五,1400,ダ,左,良,晴,12,8,11,スターオブボニータ,牡,3,56.0,488,0,川島正,石井勝,,3,1:31.6,40.0,3-3-2-2,3,488,0
2023/06/29,浦和,1,３歳五,1400,ダ,左,良,晴,12,1,1,タイムトラベラー,牡,3,53.0,473,9,及川烈,吉田正,,4,1:31.8,38.5,11-11-9-7,2,473,9
2023/06/29,浦和,1,３歳五,1400,ダ,左,良,晴,12,2,2,リワードノンノ,牝,3,52.0,509,-2,室陽一,宇野博,,5,1:32.3,39.3,9-8-8-8,6,509,-2
2023/06/29,浦和,1,３歳五,1400,ダ,左,良,晴,12,8,12,シェナリオン,牡,3,56.0,446,-4,保園翔,冨田敏,,5,1:32.3,39.7,7-6-6-5,11,446,-4
2023/06/29,浦和,1,３歳五,1400,ダ,左,良,晴,12,4,4,シゲルマンテン,牝,3,54.0,439,-3,藤江渉,酒井一,,7,1:32.3,39.9,4-4-5-6,10,439,-3
2023/06/29,浦和,1,３歳五,1400,ダ,左,良,晴,12,3,3,モリデンボーイ,牡,3,56.0,525,15,半澤慶,山越光,,8,1:32.8,40.2,4-7-7-9,9,525,15
2023/06/29,浦和,1,３歳五,1400,ダ,左,良,晴,12,6,8,メーネフロタント,牝,3,54.0,475,0,秋元耕,小林真,,9,1:33.3,42.0,1-1-3-4,7,475,0
2023/06/29,浦和,1,３歳五,1400,ダ,左,良,晴,12,7,9,シェナカンザシ,牝,3,54.0,471,-12,岡田大,冨田敏,,10,1:33.4,40.1,10-10-10-10,5,471,-12
2023/06/29,浦和,1,３歳五,1400,ダ,左,良,晴,12,5,6,シェナカレン,牡,3,56.0,440,-5,見越彬,山越光,,11,1:34.4,40.2,12-12-12-11,12,440,-5
2023/06/29,浦和,1,３歳五,1400,ダ,左,良,晴,12,7,10,ルーシースカイ,牝,3,54.0,455,1,澤田龍,伊藤滋,,12,1:35.1,41.3,4-9-11-12,4,455,1
2023/06/29,浦和,2,ランチタイムチャレンジＣ３二 三,1400,ダ,左,良,晴,12,4,4,エイシンキンバリー,牝,5,54.0,428,1,見越彬,小久智,,1,1:30.6,38.9,1-1-1-1,3,428,1
2023/06/29,浦和,2,ランチタイムチャレンジＣ３二 三,1400,ダ,左,良,晴,12,5,5,フラッシュサンダー,牝,4,52.0,429,1,室陽一,藤原智,,2,1:30.8,38.6,2-2-2-2,2,429,1
2023/06/29,浦和,2,ランチタイムチャレンジＣ３二 三,1400,ダ,左,良,晴,12,5,6,コロディア,牝,4,53.0,478,9,古岡勇,鹿沼和,,3,1:31.0,38.6,3-3-3-3,5,478,9
2023/06/29,浦和,2,ランチタイムチャレンジＣ３二 三,1400,ダ,左,良,晴,12,3,3,ハクサンエガオ,牝,5,54.0,474,22,澤田龍,矢野義,,4,1:31.8,38.2,9-8-8-6,1,474,22
2023/06/29,浦和,2,ランチタイムチャレンジＣ３二 三,1400,ダ,左,良,晴,12,2,2,カイジンビリーヴ,牡,5,56.0,518,-13,高橋哲,入口由,,5,1:32.0,39.1,7-6-5-4,6,518,-13
2023/06/29,浦和,2,ランチタイムチャレンジＣ３二 三,1400,ダ,左,良,晴,12,6,7,サプライズギフト,牝,5,54.0,431,2,半澤慶,川島豊,,6,1:32.3,38.1,10-11-10-9,12,431,2
2023/06/29,浦和,2,ランチタイムチャレンジＣ３二 三,1400,ダ,左,良,晴,12,6,8,キモンズラブ,牝,9,54.0,469,2,國分祐,冨田敏,,7,1:32.7,39.7,5-5-6-5,11,469,2
2023/06/29,浦和,2,ランチタイムチャレンジＣ３二 三,1400,ダ,左,良,晴,12,1,1,ゴッドデサフィオ,牡,5,56.0,433,-5,秋元耕,鹿沼和,,8,1:32.9,39.5,6-7-7-8,10,433,-5
2023/06/29,浦和,2,ランチタイムチャレンジＣ３二 三,1400,ダ,左,良,晴,12,8,11,プレミアムプリモ,牝,6,54.0,485,3,増田充,平山真,,9,1:33.1,39.1,11-10-11-10,7,485,3
2023/06/29,浦和,2,ランチタイムチャレンジＣ３二 三,1400,ダ,左,良,晴,12,7,9,ショウイモン,牝,6,54.0,430,-3,加藤和,内野健,,10,1:33.7,39.9,8-9-9-11,4,430,-3
2023/06/29,浦和,2,ランチタイムチャレンジＣ３二 三,1400,ダ,左,良,晴,12,7,10,シンキングセンティ,牝,4,54.0,459,-5,保園翔,山越光,,11,1:34.0,41.5,4-3-4-7,8,459,-5
2023/06/29,浦和,2,ランチタイムチャレンジＣ３二 三,1400,ダ,左,良,晴,12,8,12,ラヴィテスミラノ,牡,5,56.0,481,-4,山口達,宮下靖,,12,1:34.8,40.1,12-12-12-12,9,481,-4
2023/06/29,浦和,3,浦和８００ラウンド３歳選抜馬イ,800,ダ,左,良,晴,10,5,5,トーセンプリシラ,牝,3,54.0,446,3,森泰斗,小久智,,1,0:47.2,35.4,1-1,1,446,3
2023/06/29,浦和,3,浦和８００ラウンド３歳選抜馬イ,800,ダ,左,良,晴,10,2,2,モモナ,牝,3,54.0,390,4,見越彬,野口孝,,2,0:48.7,36.6,2-2,2,390,4
2023/06/29,浦和,3,浦和８００ラウンド３歳選抜馬イ,800,ダ,左,良,晴,10,3,3,ニュクス,牝,3,54.0,397,1,臼井健,岩崎真,,3,0:48.9,36.8,3-3,6,397,1
2023/06/29,浦和,3,浦和８００ラウンド３歳選抜馬イ,800,ダ,左,良,晴,10,1,1,クリプリンセス,牝,3,54.0,408,-2,秋元耕,冨田敏,,4,0:49.0,36.6,5-4,8,408,-2
2023/06/29,浦和,3,浦和８００ラウンド３歳選抜馬イ,800,ダ,左,良,晴,10,4,4,トキメキパラダイス,牝,3,52.0,453,7,室陽一,齊藤敏,,5,0:49.6,36.7,9-6,4,453,7
2023/06/29,浦和,3,浦和８００ラウンド３歳選抜馬イ,800,ダ,左,良,晴,10,8,10,ピンクチャン,牝,3,54.0,461,3,實川純,佐々清,,6,0:49.7,37.6,4-5,3,461,3
2023/06/29,浦和,3,浦和８００ラウンド３歳選抜馬イ,800,ダ,左,良,晴,10,7,7,ビナダナン,牝,3,54.0,491,29,藤江渉,酒井一,,7,0:50.1,37.0,7-7,9,491,29
2023/06/29,浦和,3,浦和８００ラウンド３歳選抜馬イ,800,ダ,左,良,晴,10,8,9,モエヨジャンヌ,牝,3,54.0,395,-7,内田利,箕輪武,,8,0:50.3,37.7,6-8,5,395,-7
2023/06/29,浦和,3,浦和８００ラウンド３歳選抜馬イ,800,ダ,左,良,晴,10,7,8,プルピットワール,牡,3,56.0,513,2,笠野雄,海馬司,,9,0:50.5,37.2,8-9,7,513,2
2023/06/29,浦和,3,浦和８００ラウンド３歳選抜馬イ,800,ダ,左,良,晴,10,6,6,フェアリーパワポケ,牝,3,54.0,421,1,高橋哲,薮口一,,,,,10-10,10,421,1
2023/06/29,浦和,4,３歳四,1400,ダ,左,良,晴,12,8,11,シェナストーン,牡,3,56.0,437,7,見越彬,吉田正,,1,1:31.1,38.0,11-11-10-6,11,437,7
2023/06/29,浦和,4,３歳四,1400,ダ,左,良,晴,12,5,5,トーセンスタイル,牡,3,56.0,473,-6,高橋哲,小久智,,2,1:31.2,38.8,7-8-7-5,5,473,-6
2023/06/29,浦和,4,３歳四,1400,ダ,左,良,晴,12,8,12,シンキングマンボ,牡,3,56.0,478,-4,山中悠,佐藤太,,3,1:31.2,39.5,6-4-4-3,4,478,-4
2023/06/29,浦和,4,３歳四,1400,ダ,左,良,晴,12,7,10,ウィンターソング,牝,3,54.0,460,1,吉留孝,入口由,,4,1:31.7,40.3,3-3-2-1,8,460,1
2023/06/29,浦和,4,３歳四,1400,ダ,左,良,晴,12,6,8,リュウノボマーク,牝,3,54.0,462,12,櫻井光,野口寛,,5,1:31.8,39.9,8-7-5-4,1,462,12
2023/06/29,浦和,4,３歳四,1400,ダ,左,良,晴,12,4,4,ビナダラット,牝,3,54.0,455,1,保園翔,酒井一,,6,1:31.8,39.2,10-9-9-9,9,455,1
2023/06/29,浦和,4,３歳四,1400,ダ,左,良,晴,12,5,6,アポロパシュート,セ,0,56.0,438,-3,張田昂,小澤宏,,7,1:32.0,40.7,1-1-1-2,2,438,-3
2023/06/29,浦和,4,３歳四,1400,ダ,左,良,晴,12,3,3,エムティウィンド,牝,3,54.0,465,3,秋元耕,野口寛,,8,1:32.7,40.4,5-6-8-10,6,465,3
2023/06/29,浦和,4,３歳四,1400,ダ,左,良,晴,12,2,2,クラマサヴィーナス,牝,3,54.0,475,4,澤田龍,矢野義,,9,1:32.7,41.3,2-2-3-8,3,475,4
2023/06/29,浦和,4,３歳四,1400,ダ,左,良,晴,12,6,7,エマーブルクラス,牝,3,54.0,432,4,加藤和,薮口一,,10,1:32.7,39.8,9-10-11-11,10,432,4
2023/06/29,浦和,4,３歳四,1400,ダ,左,良,晴,12,1,1,シールドメイデン,牝,3,53.0,463,-1,七夕裕,酒井一,,11,1:33.2,41.1,4-5-6-7,7,463,-1
2023/06/29,浦和,4,３歳四,1400,ダ,左,良,晴,12,7,9,クインズカヤノヒメ,牝,3,54.0,0,0,藤江渉,横山保,,,,,,,0,0
2023/06/29,浦和,5,若竹特別２歳一,1400,ダ,左,良,晴,9,7,7,ライゾマティクス,牡,2,55.0,457,-14,森泰斗,小久智,,1,1:30.3,39.1,2-2-2-1,1,457,-14
2023/06/29,浦和,5,若竹特別２歳一,1400,ダ,左,良,晴,9,3,3,ティンダルナイン,牝,2,54.0,456,0,御神訓,小久智,,2,1:30.3,39.1,1-1-1-2,2,456,0
2023/06/29,浦和,5,若竹特別２歳一,1400,ダ,左,良,晴,9,1,1,スターサルファー,牡,2,54.0,479,10,澤田龍,小澤宏,,3,1:31.5,38.8,7-6-6-5,4,479,10
2023/06/29,浦和,5,若竹特別２歳一,1400,ダ,左,良,晴,9,2,2,シナノヨシキュウ,牡,2,53.0,437,3,七夕裕,岡田一,,4,1:31.7,39.4,4-4-4-3,5,437,3
2023/06/29,浦和,5,若竹特別２歳一,1400,ダ,左,良,晴,9,6,6,ツガノショウグン,牡,2,54.0,472,-5,保園翔,山越光,,5,1:31.7,39.7,3-3-3-4,6,472,-5
2023/06/29,浦和,5,若竹特別２歳一,1400,ダ,左,良,晴,9,8,8,カプローニ,牝,2,54.0,439,4,櫻井光,酒井一,,6,1:31.9,38.8,6-9-9-8,8,439,4
2023/06/29,浦和,5,若竹特別２歳一,1400,ダ,左,良,晴,9,4,4,ユウユウプルニーマ,牝,2,54.0,424,-1,秋元耕,横山保,,7,1:32.1,39.4,5-5-8-7,7,424,-1
2023/06/29,浦和,5,若竹特別２歳一,1400,ダ,左,良,晴,9,8,9,ユウユウプレスト,牝,2,54.0,358,2,橋本直,入口由,,8,1:32.5,39.8,9-8-5-6,9,358,2
2023/06/29,浦和,5,若竹特別２歳一,1400,ダ,左,良,晴,9,5,5,ケンスピリタス,牡,2,54.0,446,-3,町田直,繁田健,,9,1:32.7,40.0,8-7-7-9,3,446,-3
2023/06/29,浦和,6,Ｃ３二 三,1500,ダ,左,良,晴,10,5,5,ビートルジュース,牝,4,52.0,446,14,室陽一,小久智,,1,1:37.2,39.9,1-1-1-1,5,446,14
2023/06/29,浦和,6,Ｃ３二 三,1500,ダ,左,良,晴,10,8,10,スプリングネージュ,牝,5,54.0,444,-1,岡田大,鹿沼和,,2,1:38.4,39.4,9-10-9-5,2,444,-1
2023/06/29,浦和,6,Ｃ３二 三,1500,ダ,左,良,晴,10,3,3,ツクバマリア,牝,6,54.0,452,-12,張田昂,平山真,,3,1:38.6,40.8,5-4-5-2,3,452,-12
2023/06/29,浦和,6,Ｃ３二 三,1500,ダ,左,良,晴,10,4,4,バジガクサフィオ,牡,6,56.0,444,-6,濱田達,伊藤滋,,4,1:38.6,39.8,8-8-7-7,1,444,-6
2023/06/29,浦和,6,Ｃ３二 三,1500,ダ,左,良,晴,10,8,9,カントナ,牝,6,54.0,406,-2,半澤慶,宇野博,,5,1:38.6,40.8,7-6-3-4,8,406,-2
2023/06/29,浦和,6,Ｃ３二 三,1500,ダ,左,良,晴,10,6,6,キミノナハ,牝,5,51.0,452,4,及川烈,長谷忍,,6,1:38.8,41.0,4-5-6-6,10,452,4
2023/06/29,浦和,6,Ｃ３二 三,1500,ダ,左,良,晴,10,7,8,ヨドノホマレ,牡,4,56.0,488,-12,橋本直,平山真,,7,1:38.9,41.4,3-3-2-3,7,488,-12
2023/06/29,浦和,6,Ｃ３二 三,1500,ダ,左,良,晴,10,1,1,トーセンイヴ,牝,5,53.0,425,0,七夕裕,酒井一,,8,1:39.5,40.5,10-9-10-9,9,425,0
2023/06/29,浦和,6,Ｃ３二 三,1500,ダ,左,良,晴,10,2,2,マリアフィナーレ,牝,6,54.0,445,-4,見越彬,小林真,,9,1:41.3,43.8,2-2-4-8,6,445,-4
2023/06/29,浦和,6,Ｃ３二 三,1500,ダ,左,良,晴,10,7,7,パトウォン,牡,4,56.0,587,14,高橋哲,水野貴,,10,1:42.0,43.4,6-7-7-10,4,587,14
2023/06/29,浦和,7,Ｃ２五,1500,ダ,左,良,晴,9,4,4,ミーティアカフェ,牝,5,53.0,478,0,七夕裕,箕輪武,,1,1:37.8,39.0,8-8-7-5,2,478,0
2023/06/29,浦和,7,Ｃ２五,1500,ダ,左,良,晴,9,8,8,ブルベアマイル,牡,6,53.0,463,2,及川烈,岡田一,,2,1:37.9,40.0,1-1-1-1,4,463,2
2023/06/29,浦和,7,Ｃ２五,1500,ダ,左,良,晴,9,5,5,ツーエムロケット,セ,0,56.0,483,-1,森泰斗,小澤宏,,3,1:38.0,39.9,2-2-2-2,1,483,-1
2023/06/29,浦和,7,Ｃ２五,1500,ダ,左,良,晴,9,1,1,サヨノシルバーズ,牡,4,56.0,477,-3,藤江渉,工藤伸,,4,1:38.3,39.8,5-5-5-3,5,477,-3
2023/06/29,浦和,7,Ｃ２五,1500,ダ,左,良,晴,9,3,3,ネオアンコーラ,牡,4,56.0,473,-5,保園翔,山越光,,5,1:38.4,39.9,4-4-4-4,7,473,-5
2023/06/29,浦和,7,Ｃ２五,1500,ダ,左,良,晴,9,8,9,ウォーターリリー,牝,5,54.0,467,-1,橋本直,内野健,,6,1:38.8,39.4,9-9-9-7,9,467,-1
2023/06/29,浦和,7,Ｃ２五,1500,ダ,左,良,晴,9,2,2,マイアミヒーロー,セ,0,56.0,489,-3,山口達,小久智,,7,1:39.3,40.8,7-6-6-6,3,489,-3
2023/06/29,浦和,7,Ｃ２五,1500,ダ,左,良,晴,9,6,6,ポップコーントーン,牝,4,52.0,400,5,室陽一,工藤伸,,8,1:40.2,41.2,6-7-8-9,8,400,5
2023/06/29,浦和,7,Ｃ２五,1500,ダ,左,良,晴,9,7,7,ジーニーボニータ,牡,4,56.0,489,1,高橋哲,水野貴,,9,1:40.7,42.4,3-3-3-8,6,489,1
2023/06/29,浦和,8,Ｃ１六,1500,ダ,左,良,晴,10,2,2,エムリエール,牡,4,56.0,474,12,山中悠,小澤宏,,1,1:36.8,39.1,2-2-2-2,8,474,12
2023/06/29,浦和,8,Ｃ１六,1500,ダ,左,良,晴,10,6,6,ハクサンクラーケン,牡,5,56.0,495,-1,澤田龍,矢野義,,2,1:36.8,38.9,3-3-3-3,2,495,-1
2023/06/29,浦和,8,Ｃ１六,1500,ダ,左,良,晴,10,7,8,バトルオサンナ,牝,9,54.0,435,-8,半澤慶,入口由,,3,1:37.2,38.8,5-5-5-4,10,435,-8
2023/06/29,浦和,8,Ｃ１六,1500,ダ,左,良,晴,10,1,1,アンジュクレール,牝,5,54.0,438,6,森泰斗,小久智,,4,1:37.2,39.5,1-1-1-1,1,438,6
2023/06/29,浦和,8,Ｃ１六,1500,ダ,左,良,晴,10,4,4,ブルベアヴェルデ,牡,7,56.0,484,3,吉留孝,藤原智,,5,1:37.4,38.6,7-7-6-6,6,484,3
2023/06/29,浦和,8,Ｃ１六,1500,ダ,左,良,晴,10,5,5,ピノモラーン,牡,5,56.0,471,3,山崎誠,野口孝,,6,1:38.0,38.9,10-9-8-7,4,471,3
2023/06/29,浦和,8,Ｃ１六,1500,ダ,左,良,晴,10,7,7,アーバンブラック,牡,8,56.0,465,-2,張田昂,平山真,,7,1:38.2,39.1,9-10-7-8,3,465,-2
2023/06/29,浦和,8,Ｃ１六,1500,ダ,左,良,晴,10,3,3,フクノヴァランス,牡,8,56.0,467,-8,見越彬,川島豊,,8,1:38.4,39.8,4-4-4-5,7,467,-8
2023/06/29,浦和,8,Ｃ１六,1500,ダ,左,良,晴,10,8,9,クロスオブドリーム,セ,0,56.0,488,6,保園翔,水野貴,,9,1:38.5,39.2,8-8-10-10,5,488,6
2023/06/29,浦和,8,Ｃ１六,1500,ダ,左,良,晴,10,8,10,ワンダーダイカネン,牡,6,56.0,485,-1,橋本直,鈴木勝,,10,1:39.0,40.1,6-6-9-9,9,485,-1
2023/06/29,浦和,9,ファンタスティックリレーｉｎ浦和賞Ｃ２選,800,ダ,左,良,晴,12,3,3,ステラセイコー,牝,4,54.0,462,14,高橋哲,水野貴,,1,0:47.7,34.8,6-3,11,462,14
2023/06/29,浦和,9,ファンタスティックリレーｉｎ浦和賞Ｃ２選,800,ダ,左,良,晴,12,5,6,ピースリアン,牡,6,55.0,490,-1,七夕裕,横山保,,2,0:47.8,35.4,2-1,6,490,-1
2023/06/29,浦和,9,ファンタスティックリレーｉｎ浦和賞Ｃ２選,800,ダ,左,良,晴,12,7,10,ゲブレセラシエ,セ,0,56.0,502,1,橋本直,小久智,,3,0:48.4,36.1,2-4,1,502,1
2023/06/29,浦和,9,ファンタスティックリレーｉｎ浦和賞Ｃ２選,800,ダ,左,良,晴,12,5,5,クウェンヤ,牝,5,54.0,402,0,半澤慶,工藤伸,,4,0:48.4,36.1,1-1,3,402,0
2023/06/29,浦和,9,ファンタスティックリレーｉｎ浦和賞Ｃ２選,800,ダ,左,良,晴,12,2,2,プリプリクインダム,牝,8,54.0,490,1,櫻井光,海馬司,,5,0:48.4,35.5,8-7,7,490,1
2023/06/29,浦和,9,ファンタスティックリレーｉｎ浦和賞Ｃ２選,800,ダ,左,良,晴,12,1,1,フリブール,牝,5,54.0,453,2,保園翔,内野健,,6,0:48.4,35.4,9-7,9,453,2
2023/06/29,浦和,9,ファンタスティックリレーｉｎ浦和賞Ｃ２選,800,ダ,左,良,晴,12,8,12,クラフェニックス,牝,5,54.0,470,3,見越彬,藤原智,,7,0:48.5,36.1,5-6,5,470,3
2023/06/29,浦和,9,ファンタスティックリレーｉｎ浦和賞Ｃ２選,800,ダ,左,良,晴,12,4,4,ロードオブイサチル,牝,6,52.0,504,3,室陽一,宇野博,,8,0:48.6,35.2,10-10,2,504,3
2023/06/29,浦和,9,ファンタスティックリレーｉｎ浦和賞Ｃ２選,800,ダ,左,良,晴,12,8,11,カラドボルグ,牡,5,56.0,490,2,岡田大,吉田正,,9,0:48.6,36.2,4-5,4,490,2
2023/06/29,浦和,9,ファンタスティックリレーｉｎ浦和賞Ｃ２選,800,ダ,左,良,晴,12,7,9,ジュニパーダンス,牝,5,54.0,432,-10,笠野雄,海馬司,,10,0:48.6,35.8,7-7,8,432,-10
2023/06/29,浦和,9,ファンタスティックリレーｉｎ浦和賞Ｃ２選,800,ダ,左,良,晴,12,6,8,スイフトマリー,牝,4,54.0,395,6,秋元耕,酒井一,,11,0:49.1,35.2,11-11,12,395,6
2023/06/29,浦和,9,ファンタスティックリレーｉｎ浦和賞Ｃ２選,800,ダ,左,良,晴,12,6,7,エレダール,牡,4,56.0,427,-8,吉留孝,工藤伸,,12,0:49.8,35.4,12-12,10,427,-8
2023/06/29,浦和,10,涼暮月特別Ｂ２三Ｂ３一,1500,ダ,左,良,晴,10,8,9,スパルタレオニダス,牡,4,57.0,531,-3,御神訓,繁田健,,1,1:34.9,38.3,5-4-3-2,1,531,-3
2023/06/29,浦和,10,涼暮月特別Ｂ２三Ｂ３一,1500,ダ,左,良,晴,10,7,7,ミュステーリオン,牝,4,51.0,487,-4,室陽一,小久智,,2,1:34.9,38.9,2-1-1-1,2,487,-4
2023/06/29,浦和,10,涼暮月特別Ｂ２三Ｂ３一,1500,ダ,左,良,晴,10,5,5,ブラックオパール,牝,4,53.0,512,5,森泰斗,平山真,,3,1:35.0,38.8,3-3-2-3,3,512,5
2023/06/29,浦和,10,涼暮月特別Ｂ２三Ｂ３一,1500,ダ,左,良,晴,10,8,10,メイストーム,牡,5,55.0,488,-8,高橋哲,水野貴,,4,1:36.1,38.9,6-6-4-4,9,488,-8
2023/06/29,浦和,10,涼暮月特別Ｂ２三Ｂ３一,1500,ダ,左,良,晴,10,1,1,ハーモニーロワ,牡,3,53.0,487,-5,町田直,新井清,,5,1:36.2,39.0,4-5-5-5,4,487,-5
2023/06/29,浦和,10,涼暮月特別Ｂ２三Ｂ３一,1500,ダ,左,良,晴,10,6,6,モンバイト,牡,4,55.0,497,-5,加藤和,薮口一,,6,1:36.7,38.7,9-8-7-6,6,497,-5
2023/06/29,浦和,10,涼暮月特別Ｂ２三Ｂ３一,1500,ダ,左,良,晴,10,7,8,リュウノアン,牝,4,53.0,459,5,吉留孝,川村守,,7,1:37.4,38.7,10-10-10-8,10,459,5
2023/06/29,浦和,10,涼暮月特別Ｂ２三Ｂ３一,1500,ダ,左,良,晴,10,4,4,デクスター,セ,0,55.0,471,2,山崎誠,水野貴,,8,1:37.5,39.7,7-7-7-7,5,471,2
2023/06/29,浦和,10,涼暮月特別Ｂ２三Ｂ３一,1500,ダ,左,良,晴,10,3,3,アイエンジェル,牝,6,52.0,488,9,七夕裕,川島豊,,9,1:38.3,39.8,8-9-9-9,7,488,9
2023/06/29,浦和,10,涼暮月特別Ｂ２三Ｂ３一,1500,ダ,左,良,晴,10,2,2,シグラップリンリン,牝,8,53.0,461,3,保園翔,平山真,,10,1:40.0,43.1,1-2-6-10,8,461,3
2023/06/29,浦和,11,浦和スプリントオープン３上,1400,ダ,左,良,晴,7,6,6,アマネラクーン,牡,6,57.0,510,-9,森泰斗,小久智,,1,1:26.9,37.1,2-2-2-2,1,510,-9
2023/06/29,浦和,11,浦和スプリントオープン３上,1400,ダ,左,良,晴,7,1,1,ロードグラディオ,牡,7,57.0,513,4,御神訓,村上頼,,2,1:27.0,37.4,1-1-1-1,2,513,4
2023/06/29,浦和,11,浦和スプリントオープン３上,1400,ダ,左,良,晴,7,4,4,サヨノグローリー,牡,5,55.0,487,-8,町田直,工藤伸,,3,1:27.2,37.2,4-4-4-4,3,487,-8
2023/06/29,浦和,11,浦和スプリントオープン３上,1400,ダ,左,良,晴,7,5,5,モリデンアロー,牡,5,55.0,509,8,山崎誠,繁田健,,4,1:27.3,37.3,3-3-3-3,4,509,8
2023/06/29,浦和,11,浦和スプリントオープン３上,1400,ダ,左,良,晴,7,7,7,スウィングビート,セ,0,55.0,491,3,張田昂,岡林光,,5,1:28.2,37.8,5-5-5-5,6,491,3
2023/06/29,浦和,11,浦和スプリントオープン３上,1400,ダ,左,良,晴,7,3,3,カイザーノヴァ,牡,5,53.0,479,0,川島正,小久智,,6,1:29.4,38.7,6-6-6-6,5,479,0
2023/06/29,浦和,11,浦和スプリントオープン３上,1400,ダ,左,良,晴,7,2,2,ワンダーイチョウ,牡,5,55.0,495,2,橋本直,鈴木勝,,7,1:30.2,39.3,7-7-7-7,7,495,2
2023/06/29,浦和,12,紫陽花特別Ｂ３Ｃ１選抜馬,2000,ダ,左,良,晴,9,2,2,ハクサントップ,牡,5,55.0,471,-4,澤田龍,矢野義,,1,2:10.9,38.5,4-4-4-3,3,471,-4
2023/06/29,浦和,12,紫陽花特別Ｂ３Ｃ１選抜馬,2000,ダ,左,良,晴,9,1,1,エーススパークル,牡,4,57.0,476,10,山崎誠,小澤宏,,2,2:10.9,39.5,1-1-1-1,6,476,10
2023/06/29,浦和,12,紫陽花特別Ｂ３Ｃ１選抜馬,2000,ダ,左,良,晴,9,7,7,ブラックアピス,牡,5,57.0,496,-2,森泰斗,水野貴,,3,2:11.6,39.8,3-3-2-2,1,496,-2
2023/06/29,浦和,12,紫陽花特別Ｂ３Ｃ１選抜馬,2000,ダ,左,良,晴,9,5,5,ジオパークマグマ,牡,5,55.0,463,2,秋元耕,川島豊,,4,2:11.9,38.6,8-8-8-6,9,463,2
2023/06/29,浦和,12,紫陽花特別Ｂ３Ｃ１選抜馬,2000,ダ,左,良,晴,9,8,9,ダイバオーソ,牡,5,55.0,457,-7,藤江渉,箕輪武,,5,2:12.0,39.4,7-7-5-4,2,457,-7
2023/06/29,浦和,12,紫陽花特別Ｂ３Ｃ１選抜馬,2000,ダ,左,良,晴,9,6,6,ネメシス,牝,3,53.0,444,7,吉留孝,箕輪武,,6,2:12.7,39.8,6-6-7-5,4,444,7
2023/06/29,浦和,12,紫陽花特別Ｂ３Ｃ１選抜馬,2000,ダ,左,良,晴,9,8,8,ログハウス,牝,8,53.0,475,2,張田昂,平山真,,7,2:13.1,40.3,5-5-6-7,8,475,2
2023/06/29,浦和,12,紫陽花特別Ｂ３Ｃ１選抜馬,2000,ダ,左,良,晴,9,3,3,ニシノブライアント,牡,5,57.0,460,-5,西村栄,渋谷博,,8,2:13.1,39.8,9-9-9-8,5,460,-5
2023/06/29,浦和,12,紫陽花特別Ｂ３Ｃ１選抜馬,2000,ダ,左,良,晴,9,4,4,ハクシンエース,牡,5,55.0,444,-1,半澤慶,平山真,,9,2:15.2,43.6,2-2-3-9,7,444,-1
2023/06/30,浦和,1,３歳七,1400,ダ,左,良,雨,11,5,5,レコパンマミー,牝,3,54.0,470,2,内田利,箕輪武,,1,1:31.3,40.0,2-2-1-1,1,470,2
2023/06/30,浦和,1,３歳七,1400,ダ,左,良,雨,11,8,11,ミラコロダンス,牝,3,51.0,450,-3,及川烈,小澤宏,,2,1:31.5,39.6,3-4-3-2,3,450,-3
2023/06/30,浦和,1,３歳七,1400,ダ,左,良,雨,11,7,8,モーニング,牡,3,56.0,0,0,秋元耕,入口由,,3,1:32.1,40.4,5-3-2-3,4,0,0
2023/06/30,浦和,1,３歳七,1400,ダ,左,良,雨,11,6,7,ハイボールガール,牝,3,54.0,424,-3,保園翔,箕輪武,,4,1:33.4,41.4,4-5-6-5,5,424,-3
2023/06/30,浦和,1,３歳七,1400,ダ,左,良,雨,11,4,4,シェナグローリー,牝,3,54.0,462,3,加藤和,冨田敏,,5,1:33.5,40.5,9-9-8-7,7,462,3
2023/06/30,浦和,1,３歳七,1400,ダ,左,良,雨,11,6,6,ロックン,セ,0,56.0,462,-10,吉留孝,野口寛,,6,1:33.6,41.6,7-6-4-4,6,462,-10
2023/06/30,浦和,1,３歳七,1400,ダ,左,良,雨,11,2,2,マックスブンブン,牡,3,56.0,436,2,見越彬,小林真,,7,1:34.7,41.2,10-10-9-9,9,436,2
2023/06/30,浦和,1,３歳七,1400,ダ,左,良,雨,11,7,9,ドリームダンス,牝,3,54.0,396,6,高橋哲,水野貴,,8,1:34.7,42.3,6-7-7-8,10,396,6
2023/06/30,浦和,1,３歳七,1400,ダ,左,良,雨,11,8,10,ジョーボギーニャ,牝,3,52.0,485,16,室陽一,小久智,,9,1:34.8,42.9,1-1-5-6,2,485,16
2023/06/30,浦和,1,３歳七,1400,ダ,左,良,雨,11,3,3,サインポスト,牝,3,54.0,383,-10,岡田大,薮口一,,10,1:35.8,42.6,8-8-10-10,11,383,-10
2023/06/30,浦和,1,３歳七,1400,ダ,左,良,雨,11,1,1,サランサランサラン,牝,3,53.0,455,-3,古岡勇,山越光,,,,,11-11,8,455,-3
2023/06/30,浦和,2,ランチタイムチャレンジＣ２六 七 八,1400,ダ,左,良,雨,11,8,10,ランペロニキ,セ,0,56.0,513,-12,森泰斗,小澤宏,,1,1:30.2,39.5,4-3-2-1,1,513,-12
2023/06/30,浦和,2,ランチタイムチャレンジＣ２六 七 八,1400,ダ,左,良,雨,11,7,8,ヤギリエピファクン,セ,0,56.0,469,-11,張田昂,張田京,,2,1:30.6,39.6,10-7-6-2,2,469,-11
2023/06/30,浦和,2,ランチタイムチャレンジＣ２六 七 八,1400,ダ,左,良,雨,11,8,11,バードハズフロウン,牝,5,54.0,433,1,吉留孝,工藤伸,,3,1:30.9,40.0,5-5-5-3,9,433,1
2023/06/30,浦和,2,ランチタイムチャレンジＣ２六 七 八,1400,ダ,左,良,雨,11,2,2,モリデンテキーラ,牝,8,54.0,465,-3,秋元耕,山越光,,4,1:31.7,41.1,1-1-2-4,4,465,-3
2023/06/30,浦和,2,ランチタイムチャレンジＣ２六 七 八,1400,ダ,左,良,雨,11,5,5,ダイエービルベリー,牝,5,54.0,475,4,藤江渉,酒井一,,5,1:31.8,40.9,6-6-4-5,10,475,4
2023/06/30,浦和,2,ランチタイムチャレンジＣ２六 七 八,1400,ダ,左,良,雨,11,6,7,トミケンミステリオ,牡,7,56.0,462,2,澤田龍,伊藤滋,,6,1:31.9,40.4,7-8-9-8,5,462,2
2023/06/30,浦和,2,ランチタイムチャレンジＣ２六 七 八,1400,ダ,左,良,雨,11,1,1,レインボーカラー,牝,5,51.0,526,8,及川烈,藤原智,,7,1:32.0,41.1,3-4-7-7,6,526,8
2023/06/30,浦和,2,ランチタイムチャレンジＣ２六 七 八,1400,ダ,左,良,雨,11,7,9,リュウオウ,牡,7,54.0,478,4,室陽一,宇野博,,8,1:32.2,40.9,9-10-8-9,8,478,4
2023/06/30,浦和,2,ランチタイムチャレンジＣ２六 七 八,1400,ダ,左,良,雨,11,6,6,スプリットエス,牡,9,56.0,506,5,高橋哲,小久智,,9,1:32.3,40.6,11-11-10-10,7,506,5
2023/06/30,浦和,2,ランチタイムチャレンジＣ２六 七 八,1400,ダ,左,良,雨,11,4,4,メディアジャッカル,牝,5,54.0,441,3,橋本直,内野健,,10,1:32.8,41.1,8-9-11-11,11,441,3
2023/06/30,浦和,2,ランチタイムチャレンジＣ２六 七 八,1400,ダ,左,良,雨,11,3,3,ランバダフレイバー,牡,6,56.0,448,5,笠野雄,稲益貴,,11,1:33.5,42.9,2-2-1-6,3,448,5
2023/06/30,浦和,3,２歳二,1400,ダ,左,良,曇,7,7,7,アムクラージュ,牡,2,54.0,529,7,山崎誠,藤原智,,1,1:30.5,37.8,3-2-1-1,1,529,7
2023/06/30,浦和,3,２歳二,1400,ダ,左,良,曇,7,4,4,アニモ,牝,2,54.0,406,5,保園翔,岡田一,,2,1:32.0,39.3,1-1-1-2,3,406,5
2023/06/30,浦和,3,２歳二,1400,ダ,左,良,曇,7,6,6,ラグーンプリンセス,牝,2,54.0,451,-5,見越彬,箕輪武,,3,1:34.3,40.6,6-5-4-4,7,451,-5
2023/06/30,浦和,3,２歳二,1400,ダ,左,良,曇,7,3,3,シェナウルフ,牡,2,54.0,451,0,國分祐,冨田敏,,4,1:34.5,40.7,5-3-5-5,4,451,0
2023/06/30,浦和,3,２歳二,1400,ダ,左,良,曇,7,2,2,ユウユウアイリス,牝,2,53.0,429,2,七夕裕,横山保,,5,1:34.5,41.2,4-6-3-3,5,429,2
2023/06/30,浦和,3,２歳二,1400,ダ,左,良,曇,7,1,1,ダイバキャンデー,牝,2,54.0,427,9,藤江渉,箕輪武,,6,1:38.0,42.4,7-7-7-7,6,427,9
2023/06/30,浦和,3,２歳二,1400,ダ,左,良,曇,7,5,5,ハッカキャンディー,牡,2,54.0,498,4,森泰斗,藤原智,,7,1:39.1,45.6,2-4-6-6,2,498,4
2023/06/30,浦和,4,浦和８００ラウンドＣ３選抜馬,800,ダ,左,良,曇,12,3,3,メモリアルクイーン,牝,6,53.0,452,1,古岡勇,小澤宏,,1,0:48.3,35.8,1-2,2,452,1
2023/06/30,浦和,4,浦和８００ラウンドＣ３選抜馬,800,ダ,左,良,曇,12,1,1,ヘデラ,牝,7,54.0,455,11,保園翔,箕輪武,,2,0:48.4,35.9,2-1,7,455,11
2023/06/30,浦和,4,浦和８００ラウンドＣ３選抜馬,800,ダ,左,良,曇,12,7,9,フライトメモリア,牝,5,54.0,533,7,秋元耕,川村守,,3,0:48.6,35.8,4-3,1,533,7
2023/06/30,浦和,4,浦和８００ラウンドＣ３選抜馬,800,ダ,左,良,曇,12,5,6,ダンストンラソ,牝,8,54.0,449,-6,見越彬,野口孝,,4,0:49.6,36.3,6-5,5,449,-6
2023/06/30,浦和,4,浦和８００ラウンドＣ３選抜馬,800,ダ,左,良,曇,12,6,8,チェンマイルージュ,牝,7,54.0,481,-3,澤田龍,鈴木勝,,5,0:49.7,35.8,9-8,4,481,-3
2023/06/30,浦和,4,浦和８００ラウンドＣ３選抜馬,800,ダ,左,良,曇,12,7,10,ブライトソール,牡,4,56.0,430,0,加藤和,薮口一,,6,0:49.7,36.3,7-7,10,430,0
2023/06/30,浦和,4,浦和８００ラウンドＣ３選抜馬,800,ダ,左,良,曇,12,8,11,コウエイダイチ,牡,9,56.0,468,-5,内田利,吉田正,,7,0:49.7,36.7,5-5,8,468,-5
2023/06/30,浦和,4,浦和８００ラウンドＣ３選抜馬,800,ダ,左,良,曇,12,4,4,ラヴアンドゲーム,牝,6,54.0,480,-1,高橋哲,酒井一,,8,0:50.3,37.7,3-4,3,480,-1
2023/06/30,浦和,4,浦和８００ラウンドＣ３選抜馬,800,ダ,左,良,曇,12,5,5,デリスブラン,牡,5,54.0,475,-2,室陽一,山越光,,9,0:50.3,36.6,8-9,6,475,-2
2023/06/30,浦和,4,浦和８００ラウンドＣ３選抜馬,800,ダ,左,良,曇,12,2,2,ヒナマル,牝,4,53.0,424,-1,七夕裕,長谷忍,,10,0:51.5,37.6,10-10,9,424,-1
2023/06/30,浦和,4,浦和８００ラウンドＣ３選抜馬,800,ダ,左,良,曇,12,8,12,シャインルビー,牝,6,54.0,427,-1,半澤慶,川村守,,11,0:51.7,37.8,11-11,11,427,-1
2023/06/30,浦和,4,浦和８００ラウンドＣ３選抜馬,800,ダ,左,良,曇,12,6,7,イノセントソレル,セ,0,56.0,509,-9,張田昂,宇野博,,,,,,,509,-9
2023/06/30,浦和,5,３歳六,1400,ダ,左,良,晴,11,8,11,マーヒナヒナ,牝,3,54.0,458,-2,森泰斗,酒井一,,1,1:32.4,41.7,1-1-1-1,1,458,-2
2023/06/30,浦和,5,３歳六,1400,ダ,左,良,晴,11,6,6,カシノクインダム,牝,3,54.0,434,7,岡田大,鹿沼和,,2,1:32.8,41.9,2-2-2-2,3,434,7
2023/06/30,浦和,5,３歳六,1400,ダ,左,良,晴,11,7,8,ブラウンリバティ,牝,3,54.0,441,2,秋元耕,山越光,,3,1:32.9,41.7,4-4-5-5,8,441,2
2023/06/30,浦和,5,３歳六,1400,ダ,左,良,晴,11,8,10,アルヒモリノナカ,牡,3,54.0,413,4,室陽一,小林真,,4,1:33.0,41.4,9-9-7-7,6,413,4
2023/06/30,浦和,5,３歳六,1400,ダ,左,良,晴,11,5,5,スタータマチャン,牝,3,54.0,491,0,保園翔,川村守,,5,1:33.0,41.1,11-10-10-10,9,491,0
2023/06/30,浦和,5,３歳六,1400,ダ,左,良,晴,11,2,2,ハニーフラッシュ,牝,3,54.0,406,-7,山崎誠,海馬司,,6,1:33.0,41.3,9-8-9-6,10,406,-7
2023/06/30,浦和,5,３歳六,1400,ダ,左,良,晴,11,3,3,エドノスマイル,牡,3,56.0,426,-12,張田昂,宇野博,,7,1:33.0,41.9,3-3-3-3,2,426,-12
2023/06/30,浦和,5,３歳六,1400,ダ,左,良,晴,11,4,4,オザリス,牝,3,53.0,451,5,古岡勇,小澤宏,,8,1:33.1,41.9,7-5-4-3,5,451,5
2023/06/30,浦和,5,３歳六,1400,ダ,左,良,晴,11,1,1,インベンション,牝,3,51.0,438,-5,及川烈,長谷忍,,9,1:33.1,41.0,8-11-11-11,7,438,-5
2023/06/30,浦和,5,３歳六,1400,ダ,左,良,晴,11,6,7,メイプルマロン,牝,3,54.0,470,-12,見越彬,小林真,,10,1:33.6,42.2,6-6-8-8,11,470,-12
2023/06/30,浦和,5,３歳六,1400,ダ,左,良,晴,11,7,9,ラニーズグレイス,牝,3,54.0,461,-12,半澤慶,工藤伸,,11,1:33.7,42.3,5-7-6-9,4,461,-12
2023/06/30,浦和,6,Ｃ２六 七 八,1400,ダ,左,良,晴,12,8,12,ロジマスタング,牝,4,54.0,472,9,山崎誠,平山真,,1,1:31.1,39.9,2-2-1-1,2,472,9
2023/06/30,浦和,6,Ｃ２六 七 八,1400,ダ,左,良,晴,12,6,8,ジョーカイ,牝,5,54.0,463,-2,森泰斗,小久智,,2,1:31.3,40.0,3-3-3-3,3,463,-2
2023/06/30,浦和,6,Ｃ２六 七 八,1400,ダ,左,良,晴,12,3,3,ワンダーヘーヒスト,牡,9,56.0,462,-3,橋本直,鈴木勝,,3,1:31.3,39.1,10-8-8-7,8,462,-3
2023/06/30,浦和,6,Ｃ２六 七 八,1400,ダ,左,良,晴,12,8,11,タマモトレゾール,牡,4,56.0,521,7,吉留孝,川島豊,,4,1:31.4,38.5,12-12-12-9,6,521,7
2023/06/30,浦和,6,Ｃ２六 七 八,1400,ダ,左,良,晴,12,2,2,コスモヴェレッド,牡,4,56.0,457,0,岡田大,山越光,,5,1:31.5,39.5,11-11-6-4,9,457,0
2023/06/30,浦和,6,Ｃ２六 七 八,1400,ダ,左,良,晴,12,7,10,ナムラキャッツ,牝,4,53.0,413,3,七夕裕,横山保,,6,1:31.5,39.3,6-9-7-8,10,413,3
2023/06/30,浦和,6,Ｃ２六 七 八,1400,ダ,左,良,晴,12,7,9,ウイングラドナス,牡,4,53.0,464,-3,及川烈,内野健,,7,1:31.6,39.4,4-6-9-10,4,464,-3
2023/06/30,浦和,6,Ｃ２六 七 八,1400,ダ,左,良,晴,12,1,1,ライズザトーチ,牝,4,54.0,545,-4,高橋哲,水野貴,,8,1:31.6,40.4,1-1-2-2,5,545,-4
2023/06/30,浦和,6,Ｃ２六 七 八,1400,ダ,左,良,晴,12,4,4,トロワフィーユ,牝,6,54.0,457,2,川島正,野口寛,,9,1:31.8,40.1,5-4-5-6,1,457,2
2023/06/30,浦和,6,Ｃ２六 七 八,1400,ダ,左,良,晴,12,5,6,ビュヴォン,牡,5,56.0,506,0,見越彬,長谷忍,,10,1:32.0,40.5,7-5-4-5,7,506,0
2023/06/30,浦和,6,Ｃ２六 七 八,1400,ダ,左,良,晴,12,5,5,ラクスシャルキ,牝,4,54.0,461,18,秋元耕,酒井一,,11,1:32.6,40.4,8-7-10-11,12,461,18
2023/06/30,浦和,6,Ｃ２六 七 八,1400,ダ,左,良,晴,12,6,7,ミッドナイトブルー,牝,4,54.0,432,-5,加藤和,横山保,,12,1:33.7,41.3,9-10-11-12,11,432,-5
2023/06/30,浦和,7,浦和８００ラウンドＣ２Ｃ３選抜馬,800,ダ,左,良,晴,12,7,10,スマートシエル,牝,5,55.0,468,22,森泰斗,小久智,,1,0:48.4,36.2,2-1,2,468,22
2023/06/30,浦和,7,浦和８００ラウンドＣ２Ｃ３選抜馬,800,ダ,左,良,晴,12,5,5,ファンファン,牡,6,54.0,458,-4,及川烈,箕輪武,,2,0:48.4,35.7,4-4,10,458,-4
2023/06/30,浦和,7,浦和８００ラウンドＣ２Ｃ３選抜馬,800,ダ,左,良,晴,12,4,4,ホワイトネイル,牝,4,55.0,427,6,内田利,藤原智,,3,0:49.1,36.4,6-8,5,427,6
2023/06/30,浦和,7,浦和８００ラウンドＣ２Ｃ３選抜馬,800,ダ,左,良,晴,12,6,7,アカルイスモウブ,牝,4,55.0,436,6,岡田大,冨田敏,,4,0:49.1,37.0,1-2,8,436,6
2023/06/30,浦和,7,浦和８００ラウンドＣ２Ｃ３選抜馬,800,ダ,左,良,晴,12,1,1,モンスタープリンス,牡,7,55.0,504,1,半澤慶,工藤伸,,5,0:49.2,36.9,3-3,1,504,1
2023/06/30,浦和,7,浦和８００ラウンドＣ２Ｃ３選抜馬,800,ダ,左,良,晴,12,2,2,エスポワールフレア,牝,4,55.0,446,-2,山崎誠,野口孝,,6,0:49.2,36.5,5-5,7,446,-2
2023/06/30,浦和,7,浦和８００ラウンドＣ２Ｃ３選抜馬,800,ダ,左,良,晴,12,8,12,ゲットデザイアー,牝,4,53.0,467,18,保園翔,箕輪武,,7,0:49.4,36.4,7-9,4,467,18
2023/06/30,浦和,7,浦和８００ラウンドＣ２Ｃ３選抜馬,800,ダ,左,良,晴,12,3,3,ウンジョウノメガミ,牝,5,55.0,449,3,橋本直,入口由,,8,0:49.5,36.5,9-7,6,449,3
2023/06/30,浦和,7,浦和８００ラウンドＣ２Ｃ３選抜馬,800,ダ,左,良,晴,12,8,11,ニシノイルマーレ,牝,5,55.0,489,4,國分祐,冨田敏,,9,0:49.6,36.6,7-6,12,489,4
2023/06/30,浦和,7,浦和８００ラウンドＣ２Ｃ３選抜馬,800,ダ,左,良,晴,12,7,9,エスケイローレンス,牝,4,53.0,437,1,加藤和,冨田敏,,10,0:50.0,36.4,11-11,11,437,1
2023/06/30,浦和,7,浦和８００ラウンドＣ２Ｃ３選抜馬,800,ダ,左,良,晴,12,6,8,エドノストリート,牝,5,55.0,463,3,張田昂,宇野博,,11,0:50.0,36.0,12-12,9,463,3
2023/06/30,浦和,7,浦和８００ラウンドＣ２Ｃ３選抜馬,800,ダ,左,良,晴,12,5,6,シルヴァーイーグル,牡,7,55.0,536,-1,藤江渉,岡田一,,12,0:50.1,37.1,10-10,3,536,-1
2023/06/30,浦和,8,Ｃ２六 七 八,1500,ダ,左,良,曇,9,8,9,ティーズロック,牡,4,56.0,515,2,高橋哲,水野貴,,1,1:38.1,39.9,3-3-1-1,3,515,2
2023/06/30,浦和,8,Ｃ２六 七 八,1500,ダ,左,良,曇,9,1,1,カペラスター,牡,4,56.0,491,5,藤江渉,横山保,,2,1:38.3,39.3,7-7-7-6,8,491,5
2023/06/30,浦和,8,Ｃ２六 七 八,1500,ダ,左,良,曇,9,6,6,ハクアイアトム,牡,5,54.0,478,6,室陽一,宇野博,,3,1:38.4,39.9,5-6-3-3,4,478,6
2023/06/30,浦和,8,Ｃ２六 七 八,1500,ダ,左,良,曇,9,5,5,スイートナイト,牝,5,54.0,473,4,秋元耕,入口由,,4,1:38.6,39.1,8-8-9-9,2,473,4
2023/06/30,浦和,8,Ｃ２六 七 八,1500,ダ,左,良,曇,9,2,2,カミヤガルーラ,牡,5,56.0,460,-7,橋本直,内野健,,5,1:38.6,40.0,6-5-5-4,6,460,-7
2023/06/30,浦和,8,Ｃ２六 七 八,1500,ダ,左,良,曇,9,3,3,エキストラライト,牝,6,54.0,467,-2,山崎誠,米谷康,,6,1:39.1,40.3,4-4-6-5,1,467,-2
2023/06/30,浦和,8,Ｃ２六 七 八,1500,ダ,左,良,曇,9,7,7,イエローリボン,牝,6,54.0,482,2,吉留孝,藤原智,,7,1:39.4,41.2,1-1-2-2,5,482,2
2023/06/30,浦和,8,Ｃ２六 七 八,1500,ダ,左,良,曇,9,8,8,ユウユウグリュック,牝,6,51.0,427,3,及川烈,横山保,,8,1:39.6,41.3,2-2-4-7,7,427,3
2023/06/30,浦和,8,Ｃ２六 七 八,1500,ダ,左,良,曇,9,4,4,テットアヴァンセ,牡,4,56.0,464,1,見越彬,小林真,,9,1:40.5,41.3,9-9-8-8,9,464,1
2023/06/30,浦和,9,特選Ｃ３一,1500,ダ,左,良,曇,12,1,1,ロードユリシス,セ,0,56.0,470,-3,内田利,長谷忍,,1,1:39.0,40.6,4-5-6-3,11,470,-3
2023/06/30,浦和,9,特選Ｃ３一,1500,ダ,左,良,曇,12,4,4,スリーエクセレント,牡,4,56.0,489,-2,保園翔,川村守,,2,1:39.0,40.4,8-8-7-5,7,489,-2
2023/06/30,浦和,9,特選Ｃ３一,1500,ダ,左,良,曇,12,3,3,ラーズグリーズ,セ,0,56.0,448,3,藤江渉,工藤伸,,3,1:39.0,40.2,12-11-9-7,10,448,3
2023/06/30,浦和,9,特選Ｃ３一,1500,ダ,左,良,曇,12,5,6,ラブリーギャル,牝,7,54.0,497,-1,見越彬,海馬司,,4,1:39.1,41.5,3-2-2-1,1,497,-1
2023/06/30,浦和,9,特選Ｃ３一,1500,ダ,左,良,曇,12,6,7,スカイパーフェクト,牝,4,54.0,450,3,半澤慶,吉田正,,5,1:39.3,40.9,7-6-5-6,8,450,3
2023/06/30,浦和,9,特選Ｃ３一,1500,ダ,左,良,曇,12,8,11,サンライズテソロ,牡,5,56.0,470,2,加藤和,川島豊,,6,1:39.4,40.3,11-9-11-9,6,470,2
2023/06/30,浦和,9,特選Ｃ３一,1500,ダ,左,良,曇,12,5,5,ハクサンブレーヴ,牡,6,56.0,453,-6,澤田龍,矢野義,,7,1:39.5,42.0,1-1-1-2,3,453,-6
2023/06/30,浦和,9,特選Ｃ３一,1500,ダ,左,良,曇,12,8,12,レジュールウール,牝,5,54.0,479,-4,吉留孝,野口寛,,8,1:39.7,40.8,9-10-10-11,5,479,-4
2023/06/30,浦和,9,特選Ｃ３一,1500,ダ,左,良,曇,12,6,8,エンチャント,牝,4,54.0,453,8,橋本直,平山真,,9,1:40.0,42.0,4-4-4-4,2,453,8
2023/06/30,浦和,9,特選Ｃ３一,1500,ダ,左,良,曇,12,2,2,エンバース,牡,4,56.0,491,3,岡田大,海馬司,,10,1:40.2,41.7,6-7-8-8,9,491,3
2023/06/30,浦和,9,特選Ｃ３一,1500,ダ,左,良,曇,12,7,10,アナマリー,牝,5,53.0,460,-9,七夕裕,平山真,,11,1:41.0,43.4,2-2-3-10,4,460,-9
2023/06/30,浦和,9,特選Ｃ３一,1500,ダ,左,良,曇,12,7,9,ケイティーユイ,牝,5,52.0,448,9,室陽一,水野貴,,12,1:42.1,42.4,10-12-12-12,12,448,9
2023/06/30,浦和,10,松風月特別Ｃ１一,1400,ダ,左,良,曇,11,3,3,レスールドマカロン,牝,5,54.0,446,-10,森泰斗,小久智,,1,1:28.9,39.4,1-1-1-1,1,446,-10
2023/06/30,浦和,10,松風月特別Ｃ１一,1400,ダ,左,良,曇,11,7,9,キングバーグ,牡,6,56.0,493,-3,町田直,宇野博,,2,1:29.0,38.9,9-8-5-3,6,493,-3
2023/06/30,浦和,10,松風月特別Ｃ１一,1400,ダ,左,良,曇,11,6,6,サンウェーコ,牡,7,56.0,508,-2,川島正,繁田健,,3,1:29.3,39.8,5-3-1-2,2,508,-2
2023/06/30,浦和,10,松風月特別Ｃ１一,1400,ダ,左,良,曇,11,2,2,ワンダークラドート,牡,6,56.0,481,1,橋本直,鈴木勝,,4,1:29.9,39.6,8-9-8-6,4,481,1
2023/06/30,浦和,10,松風月特別Ｃ１一,1400,ダ,左,良,曇,11,8,11,ガンコチャン,牝,4,53.0,476,1,七夕裕,岡田一,,5,1:29.9,40.4,2-2-3-4,3,476,1
2023/06/30,浦和,10,松風月特別Ｃ１一,1400,ダ,左,良,曇,11,4,4,デルタ,牝,6,54.0,453,10,内田利,岡田一,,6,1:29.9,40.0,4-4-6-5,5,453,10
2023/06/30,浦和,10,松風月特別Ｃ１一,1400,ダ,左,良,曇,11,8,10,バトルホッパー,牡,4,56.0,486,-1,山崎誠,横山保,,7,1:30.5,38.4,11-11-11-10,10,486,-1
2023/06/30,浦和,10,松風月特別Ｃ１一,1400,ダ,左,良,曇,11,1,1,マスクドサムライ,牡,4,56.0,481,0,半澤慶,藤原智,,8,1:30.6,40.3,6-7-9-9,11,481,0
2023/06/30,浦和,10,松風月特別Ｃ１一,1400,ダ,左,良,曇,11,7,8,ニシノアクシス,牡,6,56.0,498,-1,岡田大,冨田敏,,9,1:30.8,40.7,10-10-4-7,9,498,-1
2023/06/30,浦和,10,松風月特別Ｃ１一,1400,ダ,左,良,曇,11,6,7,タキチャンゴー,牝,4,51.0,496,1,及川烈,小久智,,10,1:31.1,41.0,3-5-7-8,7,496,1
2023/06/30,浦和,10,松風月特別Ｃ１一,1400,ダ,左,良,曇,11,5,5,アマゴ,牝,4,54.0,459,5,秋元耕,箕輪武,,11,1:31.1,41.0,7-6-10-11,8,459,5
2023/06/30,浦和,11,水無月特別Ｂ１Ｂ２一,1500,ダ,左,良,曇,7,6,6,ツーシャドー,牝,4,53.0,496,5,森泰斗,小澤宏,,1,1:34.3,38.0,2-2-1-1,1,496,5
2023/06/30,浦和,11,水無月特別Ｂ１Ｂ２一,1500,ダ,左,良,曇,7,7,7,エリザベスミノル,牝,4,53.0,459,-1,小杉亮,渡邊貴,,2,1:35.0,37.8,6-4-4-4,4,459,-1
2023/06/30,浦和,11,水無月特別Ｂ１Ｂ２一,1500,ダ,左,良,曇,7,2,2,タマモイットウセイ,牡,5,57.0,490,-4,町田直,小久智,,3,1:35.0,38.7,1-1-2-2,2,490,-4
2023/06/30,浦和,11,水無月特別Ｂ１Ｂ２一,1500,ダ,左,良,曇,7,4,4,ゾディアックレーヴ,牡,5,57.0,488,2,本橋孝,矢野義,,4,1:35.0,38.1,4-3-3-3,3,488,2
2023/06/30,浦和,11,水無月特別Ｂ１Ｂ２一,1500,ダ,左,良,曇,7,1,1,カミノアカネ,牝,6,52.0,478,4,七夕裕,岡田一,,5,1:36.3,38.9,3-5-5-5,7,478,4
2023/06/30,浦和,11,水無月特別Ｂ１Ｂ２一,1500,ダ,左,良,曇,7,3,3,モズノーブルギフト,牡,8,57.0,551,4,張田昂,平山真,,6,1:36.9,39.1,7-7-6-6,6,551,4
2023/06/30,浦和,11,水無月特別Ｂ１Ｂ２一,1500,ダ,左,良,曇,7,5,5,スマイルミュ,牝,5,53.0,517,5,秋元耕,入口由,,7,1:37.6,39.9,5-6-7-7,5,517,5
2023/06/30,浦和,12,雲取山特別Ｃ１四,1500,ダ,左,良,曇,12,8,11,ブレイブジャンヌ,牝,4,53.0,485,-8,七夕裕,工藤伸,,1,1:36.1,39.7,3-3-3-1,3,485,-8
2023/06/30,浦和,12,雲取山特別Ｃ１四,1500,ダ,左,良,曇,12,4,4,アルティスタエース,牡,8,56.0,479,-8,町田直,繁田健,,2,1:36.8,39.7,7-6-6-4,5,479,-8
2023/06/30,浦和,12,雲取山特別Ｃ１四,1500,ダ,左,良,曇,12,6,8,スリーヴリーグ,牡,7,56.0,531,3,森泰斗,野口寛,,3,1:37.1,39.5,9-8-7-5,1,531,3
2023/06/30,浦和,12,雲取山特別Ｃ１四,1500,ダ,左,良,曇,12,8,12,ノブヘンドリックス,牡,5,56.0,475,-1,櫻井光,小久智,,4,1:37.1,40.8,2-2-1-2,2,475,-1
2023/06/30,浦和,12,雲取山特別Ｃ１四,1500,ダ,左,良,曇,12,5,5,フェリスダージ,牝,5,54.0,430,6,内田利,工藤伸,,5,1:37.4,39.4,10-10-8-7,8,430,6
2023/06/30,浦和,12,雲取山特別Ｃ１四,1500,ダ,左,良,曇,12,3,3,ミミコチャン,牝,4,54.0,495,-12,半澤慶,小林真,,6,1:38.0,40.0,8-9-10-8,9,495,-12
2023/06/30,浦和,12,雲取山特別Ｃ１四,1500,ダ,左,良,曇,12,2,2,ゴープラチナム,牝,6,54.0,451,4,張田昂,平山真,,7,1:38.1,41.8,1-1-2-3,4,451,4
2023/06/30,浦和,12,雲取山特別Ｃ１四,1500,ダ,左,良,曇,12,7,10,ソウヤミサキ,牝,5,54.0,453,-5,藤江渉,岡田一,,7,1:38.1,39.9,12-12-11-11,10,453,-5
2023/06/30,浦和,12,雲取山特別Ｃ１四,1500,ダ,左,良,曇,12,7,9,インカローズムスメ,牝,4,52.0,414,2,室陽一,山越光,,9,1:38.1,40.1,11-11-9-9,12,414,2
2023/06/30,浦和,12,雲取山特別Ｃ１四,1500,ダ,左,良,曇,12,1,1,ラスティネイル,牝,5,54.0,458,-2,吉留孝,入口由,,10,1:38.4,41.5,4-4-4-6,7,458,-2
2023/06/30,浦和,12,雲取山特別Ｃ１四,1500,ダ,左,良,曇,12,5,6,シナノジャングル,牡,5,53.0,492,8,及川烈,鹿沼和,,11,1:38.8,42.1,5-5-5-10,11,492,8
2023/06/30,浦和,12,雲取山特別Ｃ１四,1500,ダ,左,良,曇,12,6,7,ワンダーフェンリル,牡,5,56.0,510,-3,橋本直,鈴木勝,,12,1:39.2,41.2,6-7-12-12,6,510,-3
2023/07/17,浦和,1,特選３歳二,1500,ダ,左,良,晴,12,5,5,ヨドノストロング,牡,3,56.0,501,-2,森泰斗,平山真,,1,1:36.9,39.7,7-4-3-1,1,501,-2
2023/07/17,浦和,1,特選３歳二,1500,ダ,左,良,晴,12,4,4,エアファールング,牡,3,56.0,480,8,保園翔,山越光,,2,1:38.4,39.4,10-10-9-4,6,480,8
2023/07/17,浦和,1,特選３歳二,1500,ダ,左,良,晴,12,8,12,ワガママナビジン,牝,3,54.0,457,-4,澤田龍,矢野義,,3,1:38.4,41.8,3-3-1-2,4,457,-4
2023/07/17,浦和,1,特選３歳二,1500,ダ,左,良,晴,12,7,9,リュウノボマーク,牝,3,54.0,461,-1,櫻井光,野口寛,,4,1:38.7,40.7,8-8-5-3,3,461,-1
2023/07/17,浦和,1,特選３歳二,1500,ダ,左,良,晴,12,6,7,アメ,牝,3,54.0,442,0,加藤和,長谷忍,,5,1:39.2,41.0,6-6-6-6,9,442,0
2023/07/17,浦和,1,特選３歳二,1500,ダ,左,良,晴,12,2,2,リュウノファントム,牡,3,56.0,469,5,高橋哲,野口孝,,6,1:39.5,40.7,5-7-10-9,8,469,5
2023/07/17,浦和,1,特選３歳二,1500,ダ,左,良,晴,12,1,1,ワールドバトル,牡,3,56.0,478,8,石崎駿,海馬司,,7,1:39.6,40.9,9-9-7-8,7,478,8
2023/07/17,浦和,1,特選３歳二,1500,ダ,左,良,晴,12,7,10,ランディー,牡,3,56.0,450,-3,山中悠,小久智,,8,1:39.9,43.3,2-2-2-5,5,450,-3
2023/07/17,浦和,1,特選３歳二,1500,ダ,左,良,晴,12,8,11,オーデンミカ,牝,3,52.0,467,-2,木間龍,玉井昇,,9,1:40.7,44.1,1-1-3-7,10,467,-2
2023/07/17,浦和,1,特選３歳二,1500,ダ,左,良,晴,12,5,6,キョウエイルーマー,牡,3,53.0,469,19,及川烈,小澤宏,,10,1:41.1,40.6,12-12-12-12,2,469,19
2023/07/17,浦和,1,特選３歳二,1500,ダ,左,良,晴,12,3,3,ウィンターソング,牝,3,54.0,463,3,秋元耕,入口由,,11,1:41.4,43.0,4-5-8-10,11,463,3
2023/07/17,浦和,1,特選３歳二,1500,ダ,左,良,晴,12,6,8,ハッサクサン,牝,3,54.0,466,4,藤江渉,水野貴,,12,1:41.4,41.9,11-11-11-11,12,466,4
2023/07/17,浦和,2,ランチタイムチャレンジＣ２三 四,1500,ダ,左,良,晴,9,8,8,ビーマジカル,牝,4,54.0,451,6,町田直,野口孝,,1,1:38.0,39.6,3-3-2-1,1,451,6
2023/07/17,浦和,2,ランチタイムチャレンジＣ２三 四,1500,ダ,左,良,晴,9,6,6,ミーティアカフェ,牝,5,53.0,480,2,七夕裕,箕輪武,,2,1:38.1,39.2,7-6-5-4,2,480,2
2023/07/17,浦和,2,ランチタイムチャレンジＣ２三 四,1500,ダ,左,良,晴,9,1,1,グッドヘイロー,牝,4,54.0,504,0,中越琉,山越光,,3,1:38.4,40.1,1-1-1-2,8,504,0
2023/07/17,浦和,2,ランチタイムチャレンジＣ２三 四,1500,ダ,左,良,晴,9,5,5,サンラグナニゲル,牝,4,54.0,438,3,秋元耕,川村守,,4,1:38.6,39.6,6-7-6-6,7,438,3
2023/07/17,浦和,2,ランチタイムチャレンジＣ２三 四,1500,ダ,左,良,晴,9,2,2,ブルーインサニティ,セ,0,56.0,500,-12,半澤慶,工藤伸,,5,1:38.7,39.9,8-8-4-3,4,500,-12
2023/07/17,浦和,2,ランチタイムチャレンジＣ２三 四,1500,ダ,左,良,晴,9,7,7,ニシノロゼ,牝,4,54.0,452,9,加藤和,小澤宏,,6,1:39.1,40.7,2-2-3-5,5,452,9
2023/07/17,浦和,2,ランチタイムチャレンジＣ２三 四,1500,ダ,左,良,晴,9,8,9,ワンダーヘーヒスト,牡,9,53.0,467,5,及川烈,鈴木勝,,7,1:39.6,40.8,5-5-7-8,6,467,5
2023/07/17,浦和,2,ランチタイムチャレンジＣ２三 四,1500,ダ,左,良,晴,9,3,3,エトワールゴールド,牡,4,56.0,477,8,保園翔,薮口一,,8,1:39.7,40.5,9-9-9-7,9,477,8
2023/07/17,浦和,2,ランチタイムチャレンジＣ２三 四,1500,ダ,左,良,晴,9,4,4,ギミーアワーズ,牡,4,54.0,446,-26,室陽一,小久智,,9,1:41.5,42.7,4-4-8-9,3,446,-26
2023/07/17,浦和,3,浦和８００ラウンドＣ３選抜馬イ,800,ダ,左,良,晴,12,7,10,イノセントソレル,セ,0,55.0,520,2,野畑凌,宇野博,,1,0:48.1,35.9,2-2,4,520,2
2023/07/17,浦和,3,浦和８００ラウンドＣ３選抜馬イ,800,ダ,左,良,晴,12,3,3,アカルイスモウブ,牝,4,54.0,432,-4,岡田大,冨田敏,,2,0:48.3,36.4,1-1,1,432,-4
2023/07/17,浦和,3,浦和８００ラウンドＣ３選抜馬イ,800,ダ,左,良,晴,12,8,12,シンキングセンティ,牝,4,54.0,462,3,和田譲,山越光,,3,0:48.3,36.1,3-3,3,462,3
2023/07/17,浦和,3,浦和８００ラウンドＣ３選抜馬イ,800,ダ,左,良,晴,12,7,9,ピッコロバンビーナ,牝,4,54.0,455,21,岡村健,酒井一,,4,0:48.6,36.4,5-5,5,455,21
2023/07/17,浦和,3,浦和８００ラウンドＣ３選抜馬イ,800,ダ,左,良,晴,12,4,4,ダンストンラソ,牝,8,54.0,447,-2,見越彬,野口孝,,5,0:48.6,36.5,4-4,8,447,-2
2023/07/17,浦和,3,浦和８００ラウンドＣ３選抜馬イ,800,ダ,左,良,晴,12,5,5,ブライトソール,牡,4,56.0,424,-6,保園翔,薮口一,,6,0:49.1,36.9,6-6,9,424,-6
2023/07/17,浦和,3,浦和８００ラウンドＣ３選抜馬イ,800,ダ,左,良,晴,12,1,1,ヘデラ,牝,7,54.0,450,-5,寺島憂,箕輪武,,7,0:49.4,37.1,8-7,2,450,-5
2023/07/17,浦和,3,浦和８００ラウンドＣ３選抜馬イ,800,ダ,左,良,晴,12,6,7,チェンマイルージュ,牝,7,54.0,483,2,澤田龍,鈴木勝,,8,0:49.6,36.3,11-11,7,483,2
2023/07/17,浦和,3,浦和８００ラウンドＣ３選抜馬イ,800,ダ,左,良,晴,12,8,11,トーセンケイト,牝,5,54.0,484,2,半澤慶,川村守,,9,0:49.7,36.9,10-10,11,484,2
2023/07/17,浦和,3,浦和８００ラウンドＣ３選抜馬イ,800,ダ,左,良,晴,12,2,2,ラヴアンドゲーム,牝,6,54.0,474,-6,高橋哲,酒井一,,10,0:49.8,37.2,9-9,6,474,-6
2023/07/17,浦和,3,浦和８００ラウンドＣ３選抜馬イ,800,ダ,左,良,晴,12,6,8,コウエイダイチ,牡,9,53.0,465,-3,及川烈,吉田正,,11,0:49.8,37.5,7-8,10,465,-3
2023/07/17,浦和,3,浦和８００ラウンドＣ３選抜馬イ,800,ダ,左,良,晴,12,5,6,シャインルビー,牝,6,52.0,0,0,室陽一,川村守,,,,,,,0,0
2023/07/17,浦和,4,浦和８００ラウンドＣ３選抜馬ア,800,ダ,左,良,晴,11,7,9,ライズザトーチ,牝,4,54.0,550,5,高橋哲,水野貴,,1,0:47.5,35.5,1-1,1,550,5
2023/07/17,浦和,4,浦和８００ラウンドＣ３選抜馬ア,800,ダ,左,良,晴,11,7,8,ファンファン,牡,6,53.0,460,2,及川烈,箕輪武,,2,0:48.5,36.0,5-4,5,460,2
2023/07/17,浦和,4,浦和８００ラウンドＣ３選抜馬ア,800,ダ,左,良,晴,11,8,10,エイシンキーゼル,牡,5,56.0,458,-4,半澤慶,宇野博,,3,0:48.6,36.5,3-3,4,458,-4
2023/07/17,浦和,4,浦和８００ラウンドＣ３選抜馬ア,800,ダ,左,良,晴,11,4,4,ウンジョウノメガミ,牝,5,52.0,452,3,木間龍,入口由,,4,0:48.7,36.4,4-5,6,452,3
2023/07/17,浦和,4,浦和８００ラウンドＣ３選抜馬ア,800,ダ,左,良,晴,11,6,7,メモリアルクイーン,牝,6,54.0,459,7,古岡勇,小澤宏,,5,0:48.9,36.4,6-7,2,459,7
2023/07/17,浦和,4,浦和８００ラウンドＣ３選抜馬ア,800,ダ,左,良,晴,11,2,2,シルヴァーイーグル,牡,7,56.0,534,-2,藤江渉,岡田一,,6,0:49.0,36.4,7-6,7,534,-2
2023/07/17,浦和,4,浦和８００ラウンドＣ３選抜馬ア,800,ダ,左,良,晴,11,8,11,フライトメモリア,牝,5,54.0,539,6,秋元耕,川村守,,7,0:49.1,36.6,8-8,3,539,6
2023/07/17,浦和,4,浦和８００ラウンドＣ３選抜馬ア,800,ダ,左,良,晴,11,3,3,ヒカリガサスホウヘ,牝,4,54.0,491,43,橋本直,酒井一,,8,0:49.1,37.0,2-2,9,491,43
2023/07/17,浦和,4,浦和８００ラウンドＣ３選抜馬ア,800,ダ,左,良,晴,11,5,5,ニシノイルマーレ,牝,5,54.0,492,3,國分祐,冨田敏,,9,0:49.4,36.4,10-9,11,492,3
2023/07/17,浦和,4,浦和８００ラウンドＣ３選抜馬ア,800,ダ,左,良,晴,11,6,6,エスポワールフレア,牝,4,54.0,456,10,山崎誠,野口孝,,10,0:49.7,37.1,9-10,8,456,10
2023/07/17,浦和,4,浦和８００ラウンドＣ３選抜馬ア,800,ダ,左,良,晴,11,1,1,ミッドナイトブルー,牝,4,54.0,434,2,加藤和,横山保,,11,0:50.7,36.5,11-11,10,434,2
2023/07/17,浦和,5,特選３歳一,1400,ダ,左,良,晴,11,5,5,ロックフレイバー,牡,3,56.0,475,-5,和田譲,繁田健,,1,1:29.6,40.5,2-2-1-1,2,475,-5
2023/07/17,浦和,5,特選３歳一,1400,ダ,左,良,晴,11,7,8,トーセンサブリナ,牝,3,54.0,450,0,本橋孝,小久智,,2,1:29.6,39.9,7-5-3-2,1,450,0
2023/07/17,浦和,5,特選３歳一,1400,ダ,左,良,晴,11,2,2,シェナストーン,牡,3,56.0,434,-3,寺島憂,吉田正,,3,1:30.6,39.3,11-11-9-6,9,434,-3
2023/07/17,浦和,5,特選３歳一,1400,ダ,左,良,晴,11,3,3,ラブルパイル,牡,3,56.0,454,1,見越彬,入口由,,4,1:30.7,39.7,8-9-6-4,5,454,1
2023/07/17,浦和,5,特選３歳一,1400,ダ,左,良,晴,11,4,4,シンドバッド,牡,3,56.0,456,-12,森泰斗,小久智,,5,1:30.9,40.1,5-6-7-5,4,456,-12
2023/07/17,浦和,5,特選３歳一,1400,ダ,左,良,晴,11,6,6,カガヤキタイヨー,牝,3,54.0,426,-4,櫻井光,海馬司,,6,1:31.7,40.9,5-7-7-8,6,426,-4
2023/07/17,浦和,5,特選３歳一,1400,ダ,左,良,晴,11,1,1,ラインクロッカス,牝,3,54.0,408,-7,秋元耕,小澤宏,,7,1:31.9,42.8,1-1-2-3,3,408,-7
2023/07/17,浦和,5,特選３歳一,1400,ダ,左,良,晴,11,8,10,シナノホワイト,牡,3,55.0,499,3,七夕裕,岡田一,,8,1:32.6,42.8,4-3-4-7,7,499,3
2023/07/17,浦和,5,特選３歳一,1400,ダ,左,良,晴,11,7,9,ポッピングシャワー,牝,3,54.0,430,2,保園翔,川村守,,9,1:33.2,42.1,10-10-11-11,8,430,2
2023/07/17,浦和,5,特選３歳一,1400,ダ,左,良,晴,11,6,7,ティフィンタイガー,牡,3,54.0,412,1,室陽一,酒井一,,10,1:33.6,42.6,8-8-10-10,11,412,1
2023/07/17,浦和,5,特選３歳一,1400,ダ,左,良,晴,11,8,11,アイリイファースト,牝,3,54.0,490,1,中越琉,山越光,,11,1:34.5,44.5,3-4-5-9,10,490,1
2023/07/17,浦和,6,新星特別２歳一,1400,ダ,左,良,晴,10,5,5,ポッドマーフィー,牡,2,55.0,433,-3,森泰斗,武井和,,1,1:29.8,39.6,5-5-3-1,3,433,-3
2023/07/17,浦和,6,新星特別２歳一,1400,ダ,左,良,晴,10,8,9,ルージュノデンゴン,牝,2,54.0,494,14,矢野貴,玉井昇,,2,1:30.4,40.6,3-3-2-2,2,494,14
2023/07/17,浦和,6,新星特別２歳一,1400,ダ,左,良,晴,10,7,8,スターサルファー,牡,2,54.0,465,-14,澤田龍,小澤宏,,3,1:30.4,39.0,7-6-5-3,6,465,-14
2023/07/17,浦和,6,新星特別２歳一,1400,ダ,左,良,晴,10,4,4,ティンダルナイン,牝,2,55.0,456,0,御神訓,小久智,,4,1:32.2,42.5,1-1-1-4,1,456,0
2023/07/17,浦和,6,新星特別２歳一,1400,ダ,左,良,晴,10,3,3,ユウユウプルニーマ,牝,2,54.0,417,-7,高橋哲,横山保,,5,1:32.2,40.5,8-8-7-6,10,417,-7
2023/07/17,浦和,6,新星特別２歳一,1400,ダ,左,良,晴,10,6,6,シャイニーアイドル,牝,2,54.0,467,5,秋元耕,藤原智,,6,1:32.9,43.1,2-2-4-5,7,467,5
2023/07/17,浦和,6,新星特別２歳一,1400,ダ,左,良,晴,10,8,10,アニモ,牝,2,51.0,409,3,及川烈,岡田一,,7,1:33.3,41.3,9-10-10-7,8,409,3
2023/07/17,浦和,6,新星特別２歳一,1400,ダ,左,良,晴,10,1,1,シナノヨシキュウ,牡,2,54.0,431,-6,保園翔,岡田一,,8,1:33.8,42.3,6-7-8-10,9,431,-6
2023/07/17,浦和,6,新星特別２歳一,1400,ダ,左,良,晴,10,7,7,メイジョウビーナス,牝,2,54.0,425,4,橋本直,酒井一,,9,1:34.9,42.9,9-9-9-8,5,425,4
2023/07/17,浦和,6,新星特別２歳一,1400,ダ,左,良,晴,10,2,2,ダイノリュウジン,牡,2,54.0,430,-12,山崎誠,藤原智,,10,1:35.9,45.5,4-4-6-9,4,430,-12
2023/07/17,浦和,7,Ｃ２三 四,1400,ダ,左,良,晴,10,3,3,スマイルヌイロア,牝,4,54.0,452,2,張田昂,宇野博,,1,1:29.3,37.9,1-1-1-1,1,452,2
2023/07/17,浦和,7,Ｃ２三 四,1400,ダ,左,良,晴,10,5,5,クリムゾンオーラ,牝,6,51.0,478,-2,及川烈,入口由,,2,1:30.1,38.5,3-3-2-2,3,478,-2
2023/07/17,浦和,7,Ｃ２三 四,1400,ダ,左,良,晴,10,7,7,エスシーカリファ,牝,4,54.0,458,3,和田譲,小久智,,3,1:30.1,38.3,4-4-6-3,2,458,3
2023/07/17,浦和,7,Ｃ２三 四,1400,ダ,左,良,晴,10,2,2,ノブオートーケン,牡,4,56.0,449,11,山崎誠,小澤宏,,4,1:30.8,39.2,9-6-3-4,9,449,11
2023/07/17,浦和,7,Ｃ２三 四,1400,ダ,左,良,晴,10,8,9,クロスオブドリーム,セ,0,56.0,475,-13,岡村健,水野貴,,5,1:30.9,39.1,5-5-6-6,5,475,-13
2023/07/17,浦和,7,Ｃ２三 四,1400,ダ,左,良,晴,10,6,6,ヴァンクールシチー,牡,4,56.0,421,6,半澤慶,工藤伸,,6,1:31.1,39.3,6-7-4-5,6,421,6
2023/07/17,浦和,7,Ｃ２三 四,1400,ダ,左,良,晴,10,1,1,エターナルルビー,牝,5,54.0,448,4,見越彬,川島豊,,7,1:31.4,39.5,7-8-8-7,7,448,4
2023/07/17,浦和,7,Ｃ２三 四,1400,ダ,左,良,晴,10,8,10,キスアンドテル,牝,4,54.0,513,4,櫻井光,海馬司,,8,1:31.6,39.7,8-9-9-9,4,513,4
2023/07/17,浦和,7,Ｃ２三 四,1400,ダ,左,良,晴,10,7,8,ワンダーダイカネン,牡,6,56.0,480,-5,橋本直,鈴木勝,,9,1:31.8,39.6,10-10-10-8,8,480,-5
2023/07/17,浦和,7,Ｃ２三 四,1400,ダ,左,良,晴,10,4,4,オーラソラーレ,牝,6,54.0,499,6,藤江渉,酒井一,,10,1:33.7,42.1,2-2-5-10,10,499,6
2023/07/17,浦和,8,Ｃ１五,1500,ダ,左,良,晴,10,4,4,ノブヘンドリックス,牡,5,56.0,480,5,和田譲,小久智,,1,1:36.4,39.6,2-2-1-2,1,480,5
2023/07/17,浦和,8,Ｃ１五,1500,ダ,左,良,晴,10,8,9,トラックヤロー,牡,3,55.0,431,-2,山崎誠,平山真,,2,1:36.4,39.6,3-3-1-1,3,431,-2
2023/07/17,浦和,8,Ｃ１五,1500,ダ,左,良,晴,10,6,6,イデアノキセキ,牡,4,54.0,446,4,室陽一,岡田一,,3,1:36.6,39.6,4-4-4-4,5,446,4
2023/07/17,浦和,8,Ｃ１五,1500,ダ,左,良,晴,10,5,5,リングボーイ,セ,0,56.0,439,5,森泰斗,水野貴,,4,1:36.7,39.0,9-9-7-6,2,439,5
2023/07/17,浦和,8,Ｃ１五,1500,ダ,左,良,晴,10,3,3,リョウタスペシャル,牡,3,55.0,427,7,岡村健,小澤宏,,5,1:37.2,39.9,4-6-5-5,6,427,7
2023/07/17,浦和,8,Ｃ１五,1500,ダ,左,良,晴,10,1,1,ケイセブン,牡,5,56.0,442,0,西啓太,箕輪武,,6,1:37.5,40.1,4-5-6-7,7,442,0
2023/07/17,浦和,8,Ｃ１五,1500,ダ,左,良,晴,10,7,7,コンスタンティナ,牝,7,54.0,507,-4,岡田大,冨田敏,,7,1:37.5,39.5,8-8-8-8,9,507,-4
2023/07/17,浦和,8,Ｃ１五,1500,ダ,左,良,晴,10,8,10,セイウンコチョウ,牝,4,54.0,399,-2,國分祐,冨田敏,,8,1:38.1,39.9,10-10-10-9,10,399,-2
2023/07/17,浦和,8,Ｃ１五,1500,ダ,左,良,晴,10,2,2,ゴープラチナム,牝,6,54.0,446,-5,張田昂,平山真,,9,1:38.1,41.3,1-1-1-3,4,446,-5
2023/07/17,浦和,8,Ｃ１五,1500,ダ,左,良,晴,10,7,8,ローゼシュティア,牝,4,54.0,464,-2,篠谷葵,野口寛,,10,1:39.3,41.4,7-7-8-10,8,464,-2
2023/07/17,浦和,9,夏の宵特別Ｃ２二,1500,ダ,左,良,晴,12,6,7,アンジュクレール,牝,5,54.0,436,-2,森泰斗,小久智,,1,1:37.1,39.7,2-2-1-1,1,436,-2
2023/07/17,浦和,9,夏の宵特別Ｃ２二,1500,ダ,左,良,晴,12,7,9,キトゥンズルンバ,セ,0,55.0,474,-1,野畑凌,水野貴,,2,1:37.1,39.5,3-3-3-2,4,474,-1
2023/07/17,浦和,9,夏の宵特別Ｃ２二,1500,ダ,左,良,晴,12,2,2,ゲンパチカガヤキ,牡,8,56.0,496,11,保園翔,小澤宏,,3,1:37.2,39.0,8-7-6-5,8,496,11
2023/07/17,浦和,9,夏の宵特別Ｃ２二,1500,ダ,左,良,晴,12,8,12,チャリタブルソート,牡,4,56.0,539,0,矢野貴,野口孝,,4,1:37.3,39.3,6-6-5-7,6,539,0
2023/07/17,浦和,9,夏の宵特別Ｃ２二,1500,ダ,左,良,晴,12,4,4,アポロリリー,牝,6,54.0,418,-2,町田直,武井和,,5,1:37.3,38.8,9-9-9-8,3,418,-2
2023/07/17,浦和,9,夏の宵特別Ｃ２二,1500,ダ,左,良,晴,12,7,10,ピノモラーン,牡,5,55.0,468,-3,新原周,野口孝,,6,1:37.4,39.1,7-8-7-6,7,468,-3
2023/07/17,浦和,9,夏の宵特別Ｃ２二,1500,ダ,左,良,晴,12,5,6,マーメイドソング,牝,5,54.0,465,-4,岡村健,武井和,,7,1:37.5,39.7,5-5-4-4,5,465,-4
2023/07/17,浦和,9,夏の宵特別Ｃ２二,1500,ダ,左,良,晴,12,3,3,ゴールドバード,牡,9,54.0,475,-12,室陽一,野口孝,,8,1:37.6,38.6,12-11-11-10,11,475,-12
2023/07/17,浦和,9,夏の宵特別Ｃ２二,1500,ダ,左,良,晴,12,1,1,ウインカーマイン,牡,7,56.0,453,-8,秋元耕,川島豊,,9,1:38.3,39.6,10-10-10-9,10,453,-8
2023/07/17,浦和,9,夏の宵特別Ｃ２二,1500,ダ,左,良,晴,12,5,5,ミメウルワシ,牝,8,54.0,441,2,篠谷葵,山越光,,10,1:38.7,40.7,4-4-8-11,9,441,2
2023/07/17,浦和,9,夏の宵特別Ｃ２二,1500,ダ,左,良,晴,12,8,11,メラスクリオス,牝,4,54.0,448,-4,和田譲,宇野博,,11,1:39.4,42.0,1-1-2-3,2,448,-4
2023/07/17,浦和,9,夏の宵特別Ｃ２二,1500,ダ,左,良,晴,12,6,8,ナイフレスト,牝,4,54.0,427,-1,寺島憂,山越光,,12,1:40.7,41.1,11-12-12-12,12,427,-1
2023/07/17,浦和,10,海の日特別Ｃ１四,1400,ダ,左,良,晴,9,2,2,ブルボンティアラ,牝,4,54.0,428,2,山崎誠,水野貴,,1,1:28.6,37.7,9-9-6-3,5,428,2
2023/07/17,浦和,10,海の日特別Ｃ１四,1400,ダ,左,良,晴,9,8,9,アドミラブルエース,牡,4,56.0,479,-1,本橋孝,繁田健,,2,1:29.2,39.3,4-4-4-4,4,479,-1
2023/07/17,浦和,10,海の日特別Ｃ１四,1400,ダ,左,良,晴,9,7,7,レイワプリンセス,牝,5,54.0,521,-3,森泰斗,野口寛,,3,1:29.2,40.1,3-3-3-1,2,521,-3
2023/07/17,浦和,10,海の日特別Ｃ１四,1400,ダ,左,良,晴,9,1,1,スーパーローズ,牝,6,54.0,489,3,加藤和,野口孝,,4,1:29.3,38.4,8-8-8-7,6,489,3
2023/07/17,浦和,10,海の日特別Ｃ１四,1400,ダ,左,良,晴,9,4,4,チェスナットドレス,牝,6,54.0,468,7,國分祐,冨田敏,,5,1:29.4,39.0,5-5-5-5,9,468,7
2023/07/17,浦和,10,海の日特別Ｃ１四,1400,ダ,左,良,晴,9,5,5,エンタクノキシ,牡,4,56.0,481,1,見越彬,藤原智,,6,1:29.5,38.8,7-7-7-7,8,481,1
2023/07/17,浦和,10,海の日特別Ｃ１四,1400,ダ,左,良,晴,9,6,6,ブレイブジャンヌ,牝,4,53.0,492,7,七夕裕,工藤伸,,7,1:29.5,40.8,2-1-1-2,1,492,7
2023/07/17,浦和,10,海の日特別Ｃ１四,1400,ダ,左,良,晴,9,8,8,トモノエリザベス,牝,4,54.0,448,-13,岡田大,酒井一,,8,1:29.9,39.0,6-6-9-9,7,448,-13
2023/07/17,浦和,10,海の日特別Ｃ１四,1400,ダ,左,良,晴,9,3,3,ジュース,牝,4,54.0,412,-15,笹川翼,小久智,,9,1:31.6,42.9,1-1-2-6,3,412,-15
2023/07/17,浦和,11,文月特別Ｂ２二Ｂ３一,1400,ダ,左,良,晴,11,2,2,カミノアカネ,牝,6,54.0,474,-4,七夕裕,岡田一,,1,1:27.8,38.2,1-1-1-1,7,474,-4
2023/07/17,浦和,11,文月特別Ｂ２二Ｂ３一,1400,ダ,左,良,晴,11,8,11,エリザベスミノル,牝,4,55.0,458,-1,小杉亮,渡邊貴,,2,1:27.9,37.8,6-5-5-3,2,458,-1
2023/07/17,浦和,11,文月特別Ｂ２二Ｂ３一,1400,ダ,左,良,晴,11,5,5,マシンガン,牡,5,57.0,499,-1,笹川翼,林正人,,3,1:28.1,38.5,2-2-2-2,1,499,-1
2023/07/17,浦和,11,文月特別Ｂ２二Ｂ３一,1400,ダ,左,良,晴,11,8,10,ダイリュウボーラー,牡,7,57.0,454,4,町田直,繁田健,,4,1:28.3,38.0,7-6-6-4,3,454,4
2023/07/17,浦和,11,文月特別Ｂ２二Ｂ３一,1400,ダ,左,良,晴,11,4,4,ミエノハヤブサ,セ,0,57.0,480,1,山中悠,小澤宏,,5,1:28.5,37.8,10-9-9-8,5,480,1
2023/07/17,浦和,11,文月特別Ｂ２二Ｂ３一,1400,ダ,左,良,晴,11,7,9,ジュンハンス,牡,4,57.0,466,7,本橋孝,小久智,,6,1:28.6,38.6,4-4-3-4,4,466,7
2023/07/17,浦和,11,文月特別Ｂ２二Ｂ３一,1400,ダ,左,良,晴,11,1,1,デクスター,セ,0,55.0,468,-3,本田重,水野貴,,7,1:28.9,38.6,5-7-6-6,8,468,-3
2023/07/17,浦和,11,文月特別Ｂ２二Ｂ３一,1400,ダ,左,良,晴,11,7,8,グーガルドリームズ,セ,0,55.0,483,-6,保園翔,水野貴,,8,1:29.3,38.8,9-8-8-7,10,483,-6
2023/07/17,浦和,11,文月特別Ｂ２二Ｂ３一,1400,ダ,左,良,晴,11,6,7,スマイルミュ,牝,5,55.0,520,3,橋本直,入口由,,9,1:30.0,40.2,3-3-4-9,6,520,3
2023/07/17,浦和,11,文月特別Ｂ２二Ｂ３一,1400,ダ,左,良,晴,11,6,6,ダイヤモンドダスト,牝,4,55.0,468,-11,和田譲,宇野博,,10,1:31.2,39.9,8-10-10-10,9,468,-11
2023/07/17,浦和,11,文月特別Ｂ２二Ｂ３一,1400,ダ,左,良,晴,11,3,3,ティーファイブ,牡,4,55.0,473,10,森泰斗,小久智,,,,,,,473,10
2023/07/17,浦和,12,ハイビスカス特別Ｃ３選抜馬,2000,ダ,左,良,晴,12,7,10,ノースジラソーレ,牝,4,51.0,455,3,及川烈,長谷忍,,1,2:14.0,39.9,2-2-1-1,8,455,3
2023/07/17,浦和,12,ハイビスカス特別Ｃ３選抜馬,2000,ダ,左,良,晴,12,5,6,ウイングラドナス,牡,4,56.0,461,-3,橋本直,内野健,,2,2:14.6,40.1,5-4-4-3,1,461,-3
2023/07/17,浦和,12,ハイビスカス特別Ｃ３選抜馬,2000,ダ,左,良,晴,12,2,2,カイジンビリーヴ,牡,5,56.0,515,-3,高橋哲,入口由,,3,2:14.8,40.0,4-5-5-5,5,515,-3
2023/07/17,浦和,12,ハイビスカス特別Ｃ３選抜馬,2000,ダ,左,良,晴,12,6,7,ベリリウンヌ,牝,5,54.0,429,7,岡田大,海馬司,,4,2:14.9,40.8,1-1-2-2,3,429,7
2023/07/17,浦和,12,ハイビスカス特別Ｃ３選抜馬,2000,ダ,左,良,晴,12,8,12,シェナコブシ,牡,4,56.0,484,1,秋元耕,吉田正,,4,2:14.9,39.4,8-7-7-6,2,484,1
2023/07/17,浦和,12,ハイビスカス特別Ｃ３選抜馬,2000,ダ,左,良,晴,12,6,8,シシリアンルージュ,牡,4,56.0,484,-4,保園翔,薮口一,,6,2:15.5,41.2,3-3-3-4,4,484,-4
2023/07/17,浦和,12,ハイビスカス特別Ｃ３選抜馬,2000,ダ,左,良,晴,12,1,1,アトラクティッド,牝,4,54.0,422,-7,半澤慶,工藤伸,,7,2:15.6,40.6,6-6-6-7,7,422,-7
2023/07/17,浦和,12,ハイビスカス特別Ｃ３選抜馬,2000,ダ,左,良,晴,12,5,5,ルルド,セ,0,55.0,418,-11,七夕裕,平山真,,8,2:16.0,40.1,9-8-9-9,6,418,-11
2023/07/17,浦和,12,ハイビスカス特別Ｃ３選抜馬,2000,ダ,左,良,晴,12,4,4,レーダーベクター,牡,4,54.0,462,-2,室陽一,川村守,,9,2:16.1,40.0,11-10-8-8,9,462,-2
2023/07/17,浦和,12,ハイビスカス特別Ｃ３選抜馬,2000,ダ,左,良,晴,12,3,3,キャンディボイス,牡,4,56.0,542,-1,加藤和,長谷忍,,10,2:17.8,41.5,7-9-10-10,10,542,-1
2023/07/17,浦和,12,ハイビスカス特別Ｃ３選抜馬,2000,ダ,左,良,晴,12,7,9,ワイズマンコート,牡,4,56.0,456,6,見越彬,川島豊,,11,2:18.6,41.7,10-11-11-11,12,456,6
2023/07/17,浦和,12,ハイビスカス特別Ｃ３選抜馬,2000,ダ,左,良,晴,12,8,11,シェナノララ,牝,4,54.0,430,-2,國分祐,冨田敏,,12,2:20.9,42.6,12-12-12-12,11,430,-2
2023/07/18,浦和,1,Ｃ３七 八 九,1400,ダ,左,良,晴,12,4,4,ユメツクシ,牝,7,51.0,475,1,及川烈,長谷忍,,1,1:30.9,39.1,10-8-5-2,1,475,1
2023/07/18,浦和,1,Ｃ３七 八 九,1400,ダ,左,良,晴,12,3,3,シエスタキー,牡,6,56.0,495,4,藤江渉,川村守,,2,1:31.2,39.4,8-7-2-3,2,495,4
2023/07/18,浦和,1,Ｃ３七 八 九,1400,ダ,左,良,晴,12,8,12,ユメノハジマリ,牝,7,52.0,474,2,室陽一,水野貴,,3,1:31.5,40.5,1-1-1-1,3,474,2
2023/07/18,浦和,1,Ｃ３七 八 九,1400,ダ,左,良,晴,12,2,2,スパークルガール,牝,7,54.0,431,10,内田利,長谷忍,,4,1:32.8,40.3,9-10-9-7,7,431,10
2023/07/18,浦和,1,Ｃ３七 八 九,1400,ダ,左,良,晴,12,7,10,パレスギガント,牡,7,55.0,475,-6,七夕裕,長谷忍,,5,1:33.0,41.4,4-3-4-5,11,475,-6
2023/07/18,浦和,1,Ｃ３七 八 九,1400,ダ,左,良,晴,12,6,7,ユウユウリアン,牡,7,56.0,434,7,高橋哲,横山保,,6,1:33.2,41.4,3-5-6-6,8,434,7
2023/07/18,浦和,1,Ｃ３七 八 九,1400,ダ,左,良,晴,12,7,9,ハクサンバレー,牝,6,54.0,447,9,保園翔,薮口一,,7,1:33.2,41.9,2-2-2-4,5,447,9
2023/07/18,浦和,1,Ｃ３七 八 九,1400,ダ,左,良,晴,12,5,6,ネオエンジェル,牝,7,54.0,443,2,國分祐,冨田敏,,8,1:33.8,40.6,12-12-12-11,9,443,2
2023/07/18,浦和,1,Ｃ３七 八 九,1400,ダ,左,良,晴,12,6,8,コンディトラム,牡,6,56.0,494,3,橋本直,川村守,,9,1:33.9,42.1,5-4-6-8,4,494,3
2023/07/18,浦和,1,Ｃ３七 八 九,1400,ダ,左,良,晴,12,5,5,サノチナ,牝,6,54.0,432,6,秋元耕,川島豊,,10,1:34.8,42.6,6-6-8-9,10,432,6
2023/07/18,浦和,1,Ｃ３七 八 九,1400,ダ,左,良,晴,12,8,11,ゴールドボード,牝,4,54.0,516,1,寺島憂,箕輪武,,11,1:35.0,42.3,11-11-10-10,12,516,1
2023/07/18,浦和,1,Ｃ３七 八 九,1400,ダ,左,良,晴,12,1,1,ピノゼン,牝,7,53.0,492,-5,新原周,野口孝,,12,1:36.0,43.5,7-9-11-12,6,492,-5
2023/07/18,浦和,2,ランチタイムチャレンジＣ３七 八 九,1400,ダ,左,良,晴,11,6,7,ナツィオナーレ,牝,8,54.0,433,-11,和田譲,野口孝,,1,1:31.4,39.0,5-5-4-3,1,433,-11
2023/07/18,浦和,2,ランチタイムチャレンジＣ３七 八 九,1400,ダ,左,良,晴,11,6,6,ベニノエンゼル,牝,6,54.0,442,0,保園翔,山越光,,2,1:31.6,39.5,1-1-1-1,2,442,0
2023/07/18,浦和,2,ランチタイムチャレンジＣ３七 八 九,1400,ダ,左,良,晴,11,8,10,プリュイ,牡,5,56.0,428,1,加藤和,薮口一,,3,1:31.7,39.6,2-2-2-1,6,428,1
2023/07/18,浦和,2,ランチタイムチャレンジＣ３七 八 九,1400,ダ,左,良,晴,11,3,3,アストロメアリー,牝,4,51.0,398,-3,及川烈,長谷忍,,4,1:32.0,39.4,6-6-5-5,7,398,-3
2023/07/18,浦和,2,ランチタイムチャレンジＣ３七 八 九,1400,ダ,左,良,晴,11,7,9,プチポワン,牝,7,52.0,474,-1,木間龍,矢野義,,5,1:32.1,38.3,11-10-9-7,3,474,-1
2023/07/18,浦和,2,ランチタイムチャレンジＣ３七 八 九,1400,ダ,左,良,晴,11,8,11,スマイルジーニアス,セ,0,56.0,497,-9,岡田大,鹿沼和,,6,1:32.2,40.0,3-3-3-4,5,497,-9
2023/07/18,浦和,2,ランチタイムチャレンジＣ３七 八 九,1400,ダ,左,良,晴,11,2,2,パルメニデス,牡,4,54.0,416,-2,室陽一,山越光,,7,1:32.6,39.4,8-7-7-8,8,416,-2
2023/07/18,浦和,2,ランチタイムチャレンジＣ３七 八 九,1400,ダ,左,良,晴,11,5,5,ニシノマリアージュ,牝,7,54.0,405,0,國分祐,冨田敏,,8,1:32.7,40.3,4-4-6-6,4,405,0
2023/07/18,浦和,2,ランチタイムチャレンジＣ３七 八 九,1400,ダ,左,良,晴,11,1,1,ファーマスター,牝,5,53.0,430,4,七夕裕,川村守,,9,1:33.4,39.0,10-11-11-10,9,430,4
2023/07/18,浦和,2,ランチタイムチャレンジＣ３七 八 九,1400,ダ,左,良,晴,11,4,4,キネンビ,牝,4,54.0,463,-3,見越彬,薮口一,,10,1:33.8,40.6,7-8-8-9,10,463,-3
2023/07/18,浦和,2,ランチタイムチャレンジＣ３七 八 九,1400,ダ,左,良,晴,11,7,8,サウンドウェリナ,牝,4,54.0,456,4,秋元耕,薮口一,,11,1:35.9,41.9,9-9-10-11,11,456,4
2023/07/18,浦和,3,ドリームチャレンジ２歳新馬イ,800,ダ,左,良,晴,7,4,4,ゴールドソニック,牡,2,54.0,0,0,半澤慶,鹿沼和,,1,0:47.8,35.7,2-1,5,0,0
2023/07/18,浦和,3,ドリームチャレンジ２歳新馬イ,800,ダ,左,良,晴,7,7,7,ビナミトー,牝,2,54.0,0,0,藤本現,酒井一,,2,0:48.3,36.2,1-2,1,0,0
2023/07/18,浦和,3,ドリームチャレンジ２歳新馬イ,800,ダ,左,良,晴,7,5,5,チイサナイヤリング,牝,2,52.0,0,0,室陽一,小林真,,3,0:48.7,36.3,4-3,2,0,0
2023/07/18,浦和,3,ドリームチャレンジ２歳新馬イ,800,ダ,左,良,晴,7,2,2,ライスライス,牝,2,54.0,0,0,秋元耕,小澤宏,,4,0:49.2,36.8,3-4,3,0,0
2023/07/18,浦和,3,ドリームチャレンジ２歳新馬イ,800,ダ,左,良,晴,7,6,6,アフィナージュ,牝,2,54.0,0,0,西啓太,藤原智,,5,0:49.8,36.9,6-6,4,0,0
2023/07/18,浦和,3,ドリームチャレンジ２歳新馬イ,800,ダ,左,良,晴,7,1,1,ジョリピエ,牝,2,54.0,0,0,加藤和,薮口一,,6,0:49.9,37.0,5-5,6,0,0
2023/07/18,浦和,3,ドリームチャレンジ２歳新馬イ,800,ダ,左,良,晴,7,3,3,オリジナルラブ,牝,2,53.0,0,0,七夕裕,工藤伸,,,,,,,0,0
2023/07/18,浦和,4,ドリームチャレンジ２歳新馬ア,800,ダ,左,良,晴,6,2,2,トーセンヴィオラ,牡,2,54.0,0,0,森泰斗,小久智,,1,0:47.6,35.4,1-1,2,0,0
2023/07/18,浦和,4,ドリームチャレンジ２歳新馬ア,800,ダ,左,良,晴,6,6,6,ケンアトラス,牡,2,54.0,0,0,笹川翼,繁田健,,2,0:48.8,36.5,2-2,3,0,0
2023/07/18,浦和,4,ドリームチャレンジ２歳新馬ア,800,ダ,左,良,晴,6,1,1,トコトコトッコトコ,牝,2,54.0,0,0,保園翔,宇野博,,3,0:48.8,36.3,3-3,1,0,0
2023/07/18,浦和,4,ドリームチャレンジ２歳新馬ア,800,ダ,左,良,晴,6,4,4,ゴールドラッシュ,牡,2,54.0,0,0,高橋哲,水野貴,,4,0:49.8,36.5,6-5,4,0,0
2023/07/18,浦和,4,ドリームチャレンジ２歳新馬ア,800,ダ,左,良,晴,6,5,5,パッソアパッソ,牝,2,54.0,0,0,秋元耕,藤原智,,5,0:50.1,37.4,5-4,5,0,0
2023/07/18,浦和,4,ドリームチャレンジ２歳新馬ア,800,ダ,左,良,晴,6,3,3,シナノエール,牝,2,53.0,0,0,七夕裕,鹿沼和,,6,0:51.1,38.4,4-6,6,0,0
2023/07/18,浦和,5,３歳四,1400,ダ,左,良,晴,11,6,7,トライジャーニー,牡,3,56.0,477,-9,森泰斗,小久智,,1,1:29.7,38.1,3-3-1-1,1,477,-9
2023/07/18,浦和,5,３歳四,1400,ダ,左,良,晴,11,6,6,レコパンマミー,牝,3,54.0,466,-4,内田利,箕輪武,,2,1:30.4,38.8,5-4-2-1,2,466,-4
2023/07/18,浦和,5,３歳四,1400,ダ,左,良,晴,11,2,2,ポイントバック,牡,3,56.0,515,-10,山口達,林正人,,3,1:31.6,39.8,9-7-3-3,4,515,-10
2023/07/18,浦和,5,３歳四,1400,ダ,左,良,晴,11,8,10,タイムトラベラー,牡,3,53.0,467,-6,及川烈,吉田正,,4,1:32.0,40.1,8-6-5-5,3,467,-6
2023/07/18,浦和,5,３歳四,1400,ダ,左,良,晴,11,5,5,モリデンボーイ,牡,3,56.0,527,2,寺島憂,山越光,,5,1:32.1,38.8,10-10-10-8,6,527,2
2023/07/18,浦和,5,３歳四,1400,ダ,左,良,晴,11,3,3,シェナリオン,牡,3,56.0,449,3,保園翔,冨田敏,,6,1:32.3,39.4,6-8-8-9,9,449,3
2023/07/18,浦和,5,３歳四,1400,ダ,左,良,晴,11,4,4,シールドメイデン,牝,3,54.0,454,-9,藤本現,酒井一,,7,1:32.6,40.3,4-5-7-7,7,454,-9
2023/07/18,浦和,5,３歳四,1400,ダ,左,良,晴,11,7,8,カシノクインダム,牝,3,54.0,435,1,岡田大,鹿沼和,,8,1:33.0,41.2,1-1-4-4,5,435,1
2023/07/18,浦和,5,３歳四,1400,ダ,左,良,晴,11,1,1,シェナカンザシ,牝,3,54.0,469,-2,國分祐,冨田敏,,9,1:33.3,40.4,7-9-9-10,10,469,-2
2023/07/18,浦和,5,３歳四,1400,ダ,左,良,晴,11,8,11,メーネフロタント,牝,3,54.0,477,2,秋元耕,小林真,,10,1:33.3,41.5,2-2-5-6,8,477,2
2023/07/18,浦和,5,３歳四,1400,ダ,左,良,晴,11,7,9,シェナカレン,牡,3,56.0,435,-5,見越彬,山越光,,11,1:35.6,41.5,11-11-11-11,11,435,-5
2023/07/18,浦和,6,３歳三,1400,ダ,左,良,晴,11,6,6,ダプネマリン,牝,3,54.0,406,-1,橋本直,入口由,,1,1:31.0,40.0,6-5-4-4,3,406,-1
2023/07/18,浦和,6,３歳三,1400,ダ,左,良,晴,11,8,11,アポロパシュート,セ,0,56.0,434,-4,笹川翼,小澤宏,,2,1:31.3,40.5,3-3-1-1,1,434,-4
2023/07/18,浦和,6,３歳三,1400,ダ,左,良,晴,11,8,10,ビナダラット,牝,3,54.0,449,-6,保園翔,酒井一,,3,1:31.4,40.4,4-4-5-4,7,449,-6
2023/07/18,浦和,6,３歳三,1400,ダ,左,良,晴,11,7,9,フラワーテイル,牝,3,54.0,434,-4,森泰斗,平山真,,4,1:31.5,40.0,8-8-7-6,6,434,-4
2023/07/18,浦和,6,３歳三,1400,ダ,左,良,晴,11,5,5,クラダイリン,牝,3,53.0,500,-1,七夕裕,長谷忍,,5,1:31.7,39.6,11-10-8-9,4,500,-1
2023/07/18,浦和,6,３歳三,1400,ダ,左,良,晴,11,4,4,エマーブルクラス,牝,3,54.0,424,-8,加藤和,薮口一,,6,1:31.8,39.9,9-9-9-8,11,424,-8
2023/07/18,浦和,6,３歳三,1400,ダ,左,良,晴,11,2,2,エムティウィンド,牝,3,54.0,469,4,秋元耕,野口寛,,7,1:32.0,39.3,10-11-11-10,8,469,4
2023/07/18,浦和,6,３歳三,1400,ダ,左,良,晴,11,6,7,ゴールドバニー,牝,3,54.0,475,0,町田直,野口孝,,8,1:32.1,41.1,7-6-6-7,2,475,0
2023/07/18,浦和,6,３歳三,1400,ダ,左,良,晴,11,7,8,クインズカヤノヒメ,牝,3,54.0,469,25,藤江渉,横山保,,9,1:32.3,41.6,2-2-1-2,10,469,25
2023/07/18,浦和,6,３歳三,1400,ダ,左,良,晴,11,3,3,モモアカ,牝,3,54.0,403,0,岡田大,川村守,,10,1:32.5,41.8,1-1-3-3,9,403,0
2023/07/18,浦和,6,３歳三,1400,ダ,左,良,晴,11,1,1,マーヒナヒナ,牝,3,52.0,461,3,室陽一,酒井一,,11,1:34.2,42.5,5-7-10-11,5,461,3
2023/07/18,浦和,7,浦和８００ラウンドＣ２Ｃ３選抜馬,800,ダ,左,良,晴,10,5,5,スタードラゴン,牡,4,57.0,528,15,加藤和,薮口一,,1,0:47.1,34.9,2-2,3,528,15
2023/07/18,浦和,7,浦和８００ラウンドＣ２Ｃ３選抜馬,800,ダ,左,良,晴,10,1,1,ロードオブイサチル,牝,6,55.0,500,-4,和田譲,宇野博,,2,0:47.3,35.1,4-3,2,500,-4
2023/07/18,浦和,7,浦和８００ラウンドＣ２Ｃ３選抜馬,800,ダ,左,良,晴,10,2,2,スマートシエル,牝,5,55.0,455,-13,森泰斗,小久智,,3,0:47.6,35.7,1-1,1,455,-13
2023/07/18,浦和,7,浦和８００ラウンドＣ２Ｃ３選抜馬,800,ダ,左,良,晴,10,7,7,カラドボルグ,牡,5,57.0,492,2,岡田大,吉田正,,4,0:48.1,36.0,3-4,4,492,2
2023/07/18,浦和,7,浦和８００ラウンドＣ２Ｃ３選抜馬,800,ダ,左,良,晴,10,8,10,ツーエムタイガー,牡,5,55.0,468,-9,山中悠,小澤宏,,5,0:48.3,35.6,6-6,6,468,-9
2023/07/18,浦和,7,浦和８００ラウンドＣ２Ｃ３選抜馬,800,ダ,左,良,晴,10,4,4,ジュニパーダンス,牝,5,55.0,438,6,櫻井光,海馬司,,6,0:48.3,35.9,5-5,5,438,6
2023/07/18,浦和,7,浦和８００ラウンドＣ２Ｃ３選抜馬,800,ダ,左,良,晴,10,7,8,ホワイトネイル,牝,4,55.0,423,-4,半澤慶,藤原智,,7,0:48.5,35.9,7-8,7,423,-4
2023/07/18,浦和,7,浦和８００ラウンドＣ２Ｃ３選抜馬,800,ダ,左,良,晴,10,6,6,ジーニーボニータ,牡,4,54.0,488,-1,七夕裕,水野貴,,8,0:48.5,35.8,8-7,8,488,-1
2023/07/18,浦和,7,浦和８００ラウンドＣ２Ｃ３選抜馬,800,ダ,左,良,晴,10,3,3,メガミリオン,牡,5,55.0,468,2,藤江渉,田島寿,,9,0:48.9,35.6,9-9,9,468,2
2023/07/18,浦和,7,浦和８００ラウンドＣ２Ｃ３選抜馬,800,ダ,左,良,晴,10,8,9,エレダール,牡,4,54.0,428,1,及川烈,工藤伸,,10,0:48.9,35.4,10-10,10,428,1
2023/07/18,浦和,8,Ｃ３七 八 九,1500,ダ,左,良,晴,11,1,1,ケンブリッジウィズ,牝,7,54.0,462,-4,澤田龍,新井清,,1,1:38.5,38.7,1-1-1-1,1,462,-4
2023/07/18,浦和,8,Ｃ３七 八 九,1500,ダ,左,良,晴,11,8,10,パーティーアニマル,牡,7,56.0,459,3,高橋哲,海馬司,,2,1:39.8,39.8,3-5-3-3,4,459,3
2023/07/18,浦和,8,Ｃ３七 八 九,1500,ダ,左,良,晴,11,6,7,アミン,牝,6,54.0,468,0,見越彬,冨田敏,,3,1:39.9,40.0,2-3-2-2,5,468,0
2023/07/18,浦和,8,Ｃ３七 八 九,1500,ダ,左,良,晴,11,5,5,ホロシリダケ,セ,0,56.0,481,3,内田利,野口孝,,4,1:40.3,39.5,7-9-7-6,2,481,3
2023/07/18,浦和,8,Ｃ３七 八 九,1500,ダ,左,良,晴,11,6,6,ゴールドスペンサー,牡,5,56.0,471,1,保園翔,吉田正,,5,1:40.4,39.9,8-6-5-4,9,471,1
2023/07/18,浦和,8,Ｃ３七 八 九,1500,ダ,左,良,晴,11,8,11,トキノカサドール,牡,8,56.0,454,-1,岡田大,横山保,,6,1:41.9,41.9,3-2-4-5,3,454,-1
2023/07/18,浦和,8,Ｃ３七 八 九,1500,ダ,左,良,晴,11,4,4,ラッキーアモン,牡,7,56.0,517,1,寺島憂,箕輪武,,7,1:42.6,41.1,11-11-10-8,8,517,1
2023/07/18,浦和,8,Ｃ３七 八 九,1500,ダ,左,良,晴,11,3,3,ジニアズウィッシュ,牝,7,54.0,471,-3,秋元耕,小林真,,8,1:42.9,42.1,6-7-8-9,7,471,-3
2023/07/18,浦和,8,Ｃ３七 八 九,1500,ダ,左,良,晴,11,7,8,ヒナマル,牝,4,51.0,420,-4,及川烈,長谷忍,,9,1:43.3,42.8,3-4-6-7,10,420,-4
2023/07/18,浦和,8,Ｃ３七 八 九,1500,ダ,左,良,晴,11,7,9,アールレアル,セ,0,56.0,451,6,山中悠,川村守,,10,1:43.8,42.8,9-8-9-10,6,451,6
2023/07/18,浦和,8,Ｃ３七 八 九,1500,ダ,左,良,晴,11,2,2,シェナマジック,牡,4,56.0,423,-6,國分祐,冨田敏,,11,1:44.3,42.6,10-10-11-11,11,423,-6
2023/07/18,浦和,9,Ｃ１六,1400,ダ,左,良,晴,9,2,2,バトルオサンナ,牝,9,54.0,442,7,和田譲,入口由,,1,1:30.2,38.8,8-7-7-5,3,442,7
2023/07/18,浦和,9,Ｃ１六,1400,ダ,左,良,晴,9,7,7,レオズソーダライト,牝,7,54.0,456,-2,増田充,平山真,,2,1:30.5,40.1,3-3-1-1,5,456,-2
2023/07/18,浦和,9,Ｃ１六,1400,ダ,左,良,晴,9,1,1,フウゲツムヘン,牝,4,54.0,460,22,笹川翼,野口寛,,3,1:30.5,39.5,6-4-5-2,2,460,22
2023/07/18,浦和,9,Ｃ１六,1400,ダ,左,良,晴,9,6,6,シナノジャングル,牡,5,56.0,496,4,保園翔,鹿沼和,,4,1:30.7,39.8,5-5-3-3,9,496,4
2023/07/18,浦和,9,Ｃ１六,1400,ダ,左,良,晴,9,8,8,ミミコチャン,牝,4,54.0,489,-6,半澤慶,小林真,,5,1:30.8,39.5,7-8-6-4,4,489,-6
2023/07/18,浦和,9,Ｃ１六,1400,ダ,左,良,晴,9,5,5,トレンチタウン,牡,5,56.0,452,-2,秋元耕,工藤伸,,6,1:31.3,39.9,9-9-8-7,8,452,-2
2023/07/18,浦和,9,Ｃ１六,1400,ダ,左,良,晴,9,8,9,イエローエイト,牝,3,52.0,466,2,七夕裕,川島豊,,7,1:31.9,40.5,4-6-9-9,7,466,2
2023/07/18,浦和,9,Ｃ１六,1400,ダ,左,良,晴,9,4,4,ピュアファンタジー,牝,6,51.0,494,7,及川烈,小澤宏,,8,1:32.8,42.2,2-2-2-6,1,494,7
2023/07/18,浦和,9,Ｃ１六,1400,ダ,左,良,晴,9,3,3,ハイモビリティ,牡,5,56.0,510,-3,見越彬,小久智,,9,1:33.8,43.2,1-1-4-8,6,510,-3
2023/07/18,浦和,10,盛夏特別Ｃ２一,1400,ダ,左,良,晴,10,7,7,ジョーリベリカ,牡,4,53.0,473,-6,及川烈,小久智,,1,1:29.5,38.5,6-7-5-3,3,473,-6
2023/07/18,浦和,10,盛夏特別Ｃ２一,1400,ダ,左,良,晴,10,8,10,ソプラヴェステ,牝,4,54.0,478,-9,和田譲,宇野博,,2,1:29.9,39.6,3-3-3-2,1,478,-9
2023/07/18,浦和,10,盛夏特別Ｃ２一,1400,ダ,左,良,晴,10,7,8,ムーランブラン,牝,7,54.0,468,-3,山崎誠,藤原智,,3,1:29.9,38.6,8-8-7-6,10,468,-3
2023/07/18,浦和,10,盛夏特別Ｃ２一,1400,ダ,左,良,晴,10,3,3,アキノポエム,牝,4,54.0,465,-3,本橋孝,小久智,,4,1:30.0,40.2,1-1-1-1,2,465,-3
2023/07/18,浦和,10,盛夏特別Ｃ２一,1400,ダ,左,良,晴,10,8,9,フェリスダージ,牝,5,54.0,423,-7,内田利,工藤伸,,5,1:30.0,38.5,9-9-9-8,5,423,-7
2023/07/18,浦和,10,盛夏特別Ｃ２一,1400,ダ,左,良,晴,10,4,4,ソーサレス,牝,4,54.0,480,-3,矢野貴,小澤宏,,6,1:30.3,40.3,2-2-2-4,4,480,-3
2023/07/18,浦和,10,盛夏特別Ｃ２一,1400,ダ,左,良,晴,10,6,6,インカローズムスメ,牝,4,54.0,408,-6,西啓太,山越光,,7,1:30.5,39.9,5-5-4-5,7,408,-6
2023/07/18,浦和,10,盛夏特別Ｃ２一,1400,ダ,左,良,晴,10,2,2,イチジン,牡,6,56.0,455,-4,加藤和,長谷忍,,8,1:30.9,39.9,7-6-6-7,8,455,-4
2023/07/18,浦和,10,盛夏特別Ｃ２一,1400,ダ,左,良,晴,10,5,5,モリトローテローゼ,牝,7,52.0,481,2,木間龍,水野貴,,9,1:32.9,42.1,4-4-8-9,6,481,2
2023/07/18,浦和,10,盛夏特別Ｃ２一,1400,ダ,左,良,晴,10,1,1,ジャングルタキオン,牡,4,56.0,497,-3,見越彬,野口孝,,10,1:34.3,40.6,10-10-10-10,9,497,-3
2023/07/18,浦和,11,朝顔特別Ｂ３二,1500,ダ,左,良,晴,10,8,9,ブラックオパール,牝,4,54.0,515,3,山崎誠,平山真,,1,1:34.7,37.6,6-6-4-1,3,515,3
2023/07/18,浦和,11,朝顔特別Ｂ３二,1500,ダ,左,良,晴,10,4,4,アイスヴィスタ,牝,6,54.0,507,-1,町田直,繁田健,,2,1:35.0,38.1,3-3-2-2,2,507,-1
2023/07/18,浦和,11,朝顔特別Ｂ３二,1500,ダ,左,良,晴,10,3,3,トーセンフランク,牡,5,56.0,493,2,笹川翼,小久智,,3,1:35.3,38.2,4-4-3-3,4,493,2
2023/07/18,浦和,11,朝顔特別Ｂ３二,1500,ダ,左,良,晴,10,6,6,メイストーム,牡,5,55.0,484,-4,野畑凌,水野貴,,4,1:35.5,38.2,5-5-5-4,6,484,-4
2023/07/18,浦和,11,朝顔特別Ｂ３二,1500,ダ,左,良,晴,10,7,8,クマサンニデアッタ,牝,5,54.0,478,4,半澤慶,小林真,,5,1:35.8,38.1,10-10-6-6,9,478,4
2023/07/18,浦和,11,朝顔特別Ｂ３二,1500,ダ,左,良,晴,10,8,10,ブラックアピス,牡,5,56.0,500,4,藤江渉,水野貴,,6,1:36.6,38.9,7-8-7-8,5,500,4
2023/07/18,浦和,11,朝顔特別Ｂ３二,1500,ダ,左,良,晴,10,2,2,モンバイト,牡,4,56.0,497,0,加藤和,薮口一,,7,1:36.8,39.1,8-7-8-7,7,497,0
2023/07/18,浦和,11,朝顔特別Ｂ３二,1500,ダ,左,良,晴,10,7,7,カード,牝,5,54.0,458,-7,森泰斗,小久智,,8,1:37.4,40.6,2-2-1-5,1,458,-7
2023/07/18,浦和,11,朝顔特別Ｂ３二,1500,ダ,左,良,晴,10,5,5,カシノフォワード,セ,0,56.0,435,-9,古岡勇,鹿沼和,,9,1:38.4,40.5,9-9-10-9,10,435,-9
2023/07/18,浦和,11,朝顔特別Ｂ３二,1500,ダ,左,良,晴,10,1,1,シグラップリンリン,牝,8,54.0,452,-9,橋本直,平山真,,10,1:41.0,43.9,1-1-9-10,8,452,-9
2023/07/18,浦和,12,夏木立特別Ｃ１三,1500,ダ,左,良,晴,10,3,3,デルタ,牝,6,54.0,447,-6,内田利,岡田一,,1,1:36.3,38.3,1-1-1-1,4,447,-6
2023/07/18,浦和,12,夏木立特別Ｃ１三,1500,ダ,左,良,晴,10,5,5,ケンキートス,牡,3,55.0,512,-8,笹川翼,繁田健,,2,1:36.6,38.4,2-2-2-2,1,512,-8
2023/07/18,浦和,12,夏木立特別Ｃ１三,1500,ダ,左,良,晴,10,8,10,ピエナレモン,牡,5,56.0,469,-3,町田直,平田正,,3,1:37.1,38.7,4-3-3-3,5,469,-3
2023/07/18,浦和,12,夏木立特別Ｃ１三,1500,ダ,左,良,晴,10,7,7,アマゴ,牝,4,54.0,463,4,今野忠,箕輪武,,4,1:37.4,38.5,5-5-5-4,6,463,4
2023/07/18,浦和,12,夏木立特別Ｃ１三,1500,ダ,左,良,晴,10,8,9,ニシノアクシス,牡,6,56.0,495,-3,岡田大,冨田敏,,5,1:37.6,38.5,7-7-6-6,8,495,-3
2023/07/18,浦和,12,夏木立特別Ｃ１三,1500,ダ,左,良,晴,10,2,2,マスクドサムライ,牡,4,56.0,482,1,半澤慶,藤原智,,6,1:37.6,38.9,3-4-4-5,7,482,1
2023/07/18,浦和,12,夏木立特別Ｃ１三,1500,ダ,左,良,晴,10,7,8,セシボン,牝,4,52.0,407,0,室陽一,工藤伸,,7,1:37.8,38.3,9-8-9-8,9,407,0
2023/07/18,浦和,12,夏木立特別Ｃ１三,1500,ダ,左,良,晴,10,4,4,ディンゴ,牝,5,54.0,462,1,張田昂,小澤宏,,8,1:38.4,38.9,8-9-8-9,3,462,1
2023/07/18,浦和,12,夏木立特別Ｃ１三,1500,ダ,左,良,晴,10,6,6,コンアモーレ,牡,4,56.0,490,7,藤江渉,宇野博,,9,1:38.5,39.4,6-6-7-7,10,490,7
2023/07/18,浦和,12,夏木立特別Ｃ１三,1500,ダ,左,良,晴,10,1,1,サンケイワールド,牡,5,56.0,482,-20,森泰斗,平山真,,10,1:38.9,39.1,10-10-10-10,2,482,-20
2023/07/19,浦和,1,Ｃ３五 六,1400,ダ,左,良,晴,10,7,8,カントナ,牝,6,54.0,408,2,半澤慶,宇野博,,1,1:30.6,39.8,4-4-4-1,7,408,2
2023/07/19,浦和,1,Ｃ３五 六,1400,ダ,左,良,晴,10,8,10,エンチャント,牝,4,53.0,444,-9,七夕裕,平山真,,2,1:30.7,40.1,3-3-1-1,3,444,-9
2023/07/19,浦和,1,Ｃ３五 六,1400,ダ,左,良,晴,10,2,2,スプリングネージュ,牝,5,54.0,448,4,岡田大,鹿沼和,,3,1:30.7,39.5,6-6-6-4,1,448,4
2023/07/19,浦和,1,Ｃ３五 六,1400,ダ,左,良,晴,10,8,9,コロディア,牝,4,54.0,478,0,古岡勇,鹿沼和,,4,1:30.8,40.2,2-2-2-3,2,478,0
2023/07/19,浦和,1,Ｃ３五 六,1400,ダ,左,良,晴,10,7,7,キミノナハ,牝,5,51.0,453,1,及川烈,長谷忍,,5,1:31.1,39.9,5-5-5-4,8,453,1
2023/07/19,浦和,1,Ｃ３五 六,1400,ダ,左,良,晴,10,3,3,ロッカーモーション,牝,7,54.0,494,2,橋本直,内野健,,6,1:31.2,39.7,9-7-7-6,4,494,2
2023/07/19,浦和,1,Ｃ３五 六,1400,ダ,左,良,晴,10,1,1,ロスタム,牡,4,56.0,395,7,達城龍,内野健,,7,1:32.2,38.8,10-10-10-10,6,395,7
2023/07/19,浦和,1,Ｃ３五 六,1400,ダ,左,良,晴,10,6,6,ショウイモン,牝,6,54.0,427,-3,見越彬,内野健,,8,1:32.5,40.3,8-9-9-8,9,427,-3
2023/07/19,浦和,1,Ｃ３五 六,1400,ダ,左,良,晴,10,5,5,クレールプリュネル,牝,5,54.0,468,4,保園翔,山越光,,9,1:33.1,42.5,1-1-3-7,5,468,4
2023/07/19,浦和,1,Ｃ３五 六,1400,ダ,左,良,晴,10,4,4,スクリームイーグル,セ,0,54.0,449,-1,室陽一,酒井一,,10,1:33.3,41.7,7-8-8-9,10,449,-1
2023/07/19,浦和,2,ランチタイムチャレンジＣ３三 四,1400,ダ,左,良,晴,11,8,11,ボビン,牝,7,54.0,439,3,保園翔,内野健,,1,1:31.2,40.9,6-4-4-2,5,439,3
2023/07/19,浦和,2,ランチタイムチャレンジＣ３三 四,1400,ダ,左,良,晴,11,7,8,サプライズギフト,牝,5,51.0,430,-1,及川烈,川島豊,,2,1:31.5,41.4,4-3-1-1,4,430,-1
2023/07/19,浦和,2,ランチタイムチャレンジＣ３三 四,1400,ダ,左,良,晴,11,6,7,ラーズグリーズ,セ,0,56.0,458,10,藤江渉,工藤伸,,3,1:31.6,40.9,7-9-5-5,8,458,10
2023/07/19,浦和,2,ランチタイムチャレンジＣ３三 四,1400,ダ,左,良,晴,11,7,9,テットアヴァンセ,牡,4,56.0,460,-4,秋元耕,小林真,,4,1:32.0,41.3,5-6-7-7,11,460,-4
2023/07/19,浦和,2,ランチタイムチャレンジＣ３三 四,1400,ダ,左,良,晴,11,1,1,サンライズテソロ,牡,5,56.0,472,2,半澤慶,川島豊,,5,1:32.0,41.0,8-7-8-6,10,472,2
2023/07/19,浦和,2,ランチタイムチャレンジＣ３三 四,1400,ダ,左,良,晴,11,5,5,ビートルジュース,牝,4,52.0,449,3,室陽一,小久智,,6,1:32.1,42.0,1-1-3-3,1,449,3
2023/07/19,浦和,2,ランチタイムチャレンジＣ３三 四,1400,ダ,左,良,晴,11,3,3,スリーエクセレント,牡,4,56.0,493,4,見越彬,川村守,,7,1:32.1,41.0,11-10-11-10,6,493,4
2023/07/19,浦和,2,ランチタイムチャレンジＣ３三 四,1400,ダ,左,良,晴,11,8,10,トキノレーヴ,牝,5,54.0,406,2,櫻井光,海馬司,,8,1:32.6,41.7,9-8-8-8,9,406,2
2023/07/19,浦和,2,ランチタイムチャレンジＣ３三 四,1400,ダ,左,良,晴,11,6,6,レジュールウール,牝,5,54.0,482,3,和田譲,野口寛,,9,1:32.8,42.7,3-2-2-4,3,482,3
2023/07/19,浦和,2,ランチタイムチャレンジＣ３三 四,1400,ダ,左,良,晴,11,4,4,ハルノトゥーリ,牝,4,54.0,484,-1,加藤和,薮口一,,10,1:32.8,41.6,10-11-10-11,7,484,-1
2023/07/19,浦和,2,ランチタイムチャレンジＣ３三 四,1400,ダ,左,良,晴,11,2,2,フラッシュサンダー,牝,4,54.0,427,-2,内田利,藤原智,,11,1:32.8,42.3,2-5-6-9,2,427,-2
2023/07/19,浦和,3,２歳二,1400,ダ,左,良,晴,10,8,9,ピンクレモネード,牝,2,54.0,476,9,張田昂,宇野博,,1,1:31.6,39.8,4-3-2-2,2,476,9
2023/07/19,浦和,3,２歳二,1400,ダ,左,良,晴,10,4,4,ディセントラライズ,牡,2,54.0,426,3,森泰斗,小久智,,2,1:31.6,40.2,2-2-1-1,1,426,3
2023/07/19,浦和,3,２歳二,1400,ダ,左,良,晴,10,7,7,カプローニ,牝,2,54.0,438,-1,和田譲,酒井一,,3,1:32.1,40.1,6-4-4-3,3,438,-1
2023/07/19,浦和,3,２歳二,1400,ダ,左,良,晴,10,5,5,ユウユウプレスト,牝,2,54.0,357,-1,橋本直,入口由,,4,1:33.5,41.3,7-7-5-4,8,357,-1
2023/07/19,浦和,3,２歳二,1400,ダ,左,良,晴,10,8,10,シェナウルフ,牡,2,54.0,450,-1,國分祐,冨田敏,,5,1:33.5,40.6,9-9-8-7,9,450,-1
2023/07/19,浦和,3,２歳二,1400,ダ,左,良,晴,10,1,1,チョットオトシモノ,牝,2,54.0,431,2,半澤慶,小林真,,6,1:34.6,42.3,8-8-6-6,7,431,2
2023/07/19,浦和,3,２歳二,1400,ダ,左,良,晴,10,2,2,ラガッツァステッラ,牝,2,54.0,456,9,見越彬,藤原智,,7,1:36.1,44.7,1-1-3-5,5,456,9
2023/07/19,浦和,3,２歳二,1400,ダ,左,良,晴,10,7,8,ドケンヤローズ,牝,2,54.0,440,8,内田利,野口孝,,8,1:36.7,44.3,5-6-9-8,6,440,8
2023/07/19,浦和,3,２歳二,1400,ダ,左,良,晴,10,6,6,オニバ,牡,2,54.0,467,3,保園翔,山越光,,9,1:38.7,46.4,3-5-7-9,4,467,3
2023/07/19,浦和,3,２歳二,1400,ダ,左,良,晴,10,3,3,ツガノショウグン,牡,2,54.0,0,0,西啓太,山越光,,,,,,,0,0
2023/07/19,浦和,4,Ｃ３五 六,1500,ダ,左,良,晴,11,7,9,ピカレスクスマイル,牡,7,56.0,455,-5,増田充,佐々仁,,1,1:37.2,38.8,8-4-2-1,1,455,-5
2023/07/19,浦和,4,Ｃ３五 六,1500,ダ,左,良,晴,11,8,11,キタマクフィー,牝,5,53.0,440,-5,七夕裕,鹿沼和,,2,1:38.3,40.0,3-3-1-2,4,440,-5
2023/07/19,浦和,4,Ｃ３五 六,1500,ダ,左,良,晴,11,7,8,ニシノマッハ,牡,9,53.0,466,5,及川烈,吉田正,,3,1:40.2,41.5,5-4-6-4,10,466,5
2023/07/19,浦和,4,Ｃ３五 六,1500,ダ,左,良,晴,11,5,5,シンキングロマンス,牝,4,54.0,437,-4,岡田大,川村守,,4,1:40.4,41.7,4-6-5-5,9,437,-4
2023/07/19,浦和,4,Ｃ３五 六,1500,ダ,左,良,晴,11,6,7,マッシュブライト,牝,5,54.0,473,2,高橋哲,酒井一,,5,1:40.4,41.3,7-8-7-6,8,473,2
2023/07/19,浦和,4,Ｃ３五 六,1500,ダ,左,良,晴,11,8,10,マリアフィナーレ,牝,6,54.0,445,0,見越彬,小林真,,6,1:40.6,42.3,2-2-3-3,6,445,0
2023/07/19,浦和,4,Ｃ３五 六,1500,ダ,左,良,晴,11,2,2,メイショウイヤサカ,牝,7,52.0,445,-4,室陽一,海馬司,,7,1:41.2,41.6,9-9-9-9,7,445,-4
2023/07/19,浦和,4,Ｃ３五 六,1500,ダ,左,良,晴,11,4,4,チュパチ,牝,4,54.0,451,4,加藤和,吉田正,,8,1:41.5,42.4,6-7-8-8,2,451,4
2023/07/19,浦和,4,Ｃ３五 六,1500,ダ,左,良,晴,11,6,6,パトウォン,牡,4,55.0,583,-4,野畑凌,水野貴,,9,1:41.9,43.6,1-1-4-7,5,583,-4
2023/07/19,浦和,4,Ｃ３五 六,1500,ダ,左,良,晴,11,3,3,ゴールドアクセル,牡,5,56.0,504,-5,秋元耕,鹿沼和,,10,1:42.3,42.3,11-10-10-10,11,504,-5
2023/07/19,浦和,4,Ｃ３五 六,1500,ダ,左,良,晴,11,1,1,カフェダイナスティ,セ,0,56.0,500,6,内田利,箕輪武,,11,1:42.7,42.3,10-11-11-11,3,500,6
2023/07/19,浦和,5,Ｃ３三 四,1500,ダ,左,良,晴,11,4,4,ラキエストバイオ,牝,7,54.0,468,-9,笹川翼,新井清,,1,1:37.4,39.5,3-3-1-1,1,468,-9
2023/07/19,浦和,5,Ｃ３三 四,1500,ダ,左,良,晴,11,8,11,フリュート,セ,0,56.0,501,-3,高橋哲,水野貴,,2,1:37.6,39.6,4-4-2-2,2,501,-3
2023/07/19,浦和,5,Ｃ３三 四,1500,ダ,左,良,晴,11,6,7,エスコーバタハト,牡,7,53.0,510,3,及川烈,内野健,,3,1:38.3,39.9,5-5-3-3,3,510,3
2023/07/19,浦和,5,Ｃ３三 四,1500,ダ,左,良,晴,11,5,5,スカイパーフェクト,牝,4,54.0,447,-3,半澤慶,吉田正,,4,1:39.1,40.3,7-6-7-4,5,447,-3
2023/07/19,浦和,5,Ｃ３三 四,1500,ダ,左,良,晴,11,6,6,エンバース,牡,4,56.0,490,-1,岡田大,海馬司,,5,1:39.3,39.6,11-11-8-7,8,490,-1
2023/07/19,浦和,5,Ｃ３三 四,1500,ダ,左,良,晴,11,2,2,ツクバマリア,牝,6,54.0,470,18,橋本直,平山真,,6,1:39.8,41.6,1-1-6-5,4,470,18
2023/07/19,浦和,5,Ｃ３三 四,1500,ダ,左,良,晴,11,7,8,プレミアムプリモ,牝,6,54.0,485,5,増田充,平山真,,7,1:40.0,40.1,10-10-11-10,6,485,5
2023/07/19,浦和,5,Ｃ３三 四,1500,ダ,左,良,晴,11,7,9,ゲットデザイアー,牝,4,54.0,472,5,保園翔,箕輪武,,8,1:40.5,41.9,6-7-5-6,7,472,5
2023/07/19,浦和,5,Ｃ３三 四,1500,ダ,左,良,晴,11,3,3,オールドボンバー,牡,7,55.0,485,4,七夕裕,横山保,,9,1:40.6,42.6,2-2-4-8,10,485,4
2023/07/19,浦和,5,Ｃ３三 四,1500,ダ,左,良,晴,11,8,10,ゴッドデサフィオ,牡,5,56.0,435,2,秋元耕,鹿沼和,,10,1:40.8,41.1,8-9-9-9,11,435,2
2023/07/19,浦和,5,Ｃ３三 四,1500,ダ,左,良,晴,11,1,1,エスケイローレンス,牝,4,54.0,444,7,國分祐,冨田敏,,11,1:41.5,41.9,9-8-10-11,9,444,7
2023/07/19,浦和,6,３歳五,1400,ダ,左,良,晴,11,8,10,ミラコロダンス,牝,3,51.0,462,12,及川烈,小澤宏,,1,1:30.7,38.6,3-3-2-1,1,462,12
2023/07/19,浦和,6,３歳五,1400,ダ,左,良,晴,11,1,1,ニットウサニー,牝,3,54.0,449,13,森泰斗,野口寛,,2,1:31.4,39.5,1-1-1-2,3,449,13
2023/07/19,浦和,6,３歳五,1400,ダ,左,良,晴,11,4,4,リワードノンノ,牝,3,54.0,507,-2,町田直,宇野博,,3,1:31.4,39.3,2-2-3-5,5,507,-2
2023/07/19,浦和,6,３歳五,1400,ダ,左,良,晴,11,7,9,エドノスマイル,牡,3,56.0,441,15,和田譲,宇野博,,4,1:31.4,39.0,6-6-4-3,4,441,15
2023/07/19,浦和,6,３歳五,1400,ダ,左,良,晴,11,8,11,モーニング,牡,3,56.0,0,0,秋元耕,入口由,,5,1:31.6,39.2,5-5-5-4,2,0,0
2023/07/19,浦和,6,３歳五,1400,ダ,左,良,晴,11,6,6,アルヒモリノナカ,牡,3,56.0,407,-6,半澤慶,小林真,,6,1:32.4,39.6,8-7-6-6,9,407,-6
2023/07/19,浦和,6,３歳五,1400,ダ,左,良,晴,11,7,8,ハニーフラッシュ,牝,3,54.0,403,-3,山崎誠,海馬司,,7,1:32.7,39.4,10-10-7-7,7,403,-3
2023/07/19,浦和,6,３歳五,1400,ダ,左,良,晴,11,5,5,スタータマチャン,牝,3,54.0,496,5,山中悠,川村守,,8,1:33.4,40.4,9-8-9-8,10,496,5
2023/07/19,浦和,6,３歳五,1400,ダ,左,良,晴,11,6,7,インベンション,牝,3,53.0,440,2,七夕裕,長谷忍,,9,1:33.8,40.6,7-9-10-10,8,440,2
2023/07/19,浦和,6,３歳五,1400,ダ,左,良,晴,11,3,3,ブラウンリバティ,牝,3,54.0,444,3,保園翔,山越光,,10,1:34.3,41.7,4-4-8-9,6,444,3
2023/07/19,浦和,6,３歳五,1400,ダ,左,良,晴,11,2,2,シゲルマンテン,牝,3,54.0,437,-2,岡村健,酒井一,,,,,,,437,-2
2023/07/19,浦和,7,浦和８００ラウンドＣ２選抜馬,800,ダ,左,良,晴,12,8,11,ステラセイコー,牝,4,54.0,465,3,高橋哲,水野貴,,1,0:47.5,35.4,3-2,3,465,3
2023/07/19,浦和,7,浦和８００ラウンドＣ２選抜馬,800,ダ,左,良,晴,12,5,5,ベルセブンティーン,牝,5,54.0,479,-7,和田譲,小久智,,2,0:47.7,35.6,1-1,1,479,-7
2023/07/19,浦和,7,浦和８００ラウンドＣ２選抜馬,800,ダ,左,良,晴,12,6,7,ロマンスピネル,牝,6,54.0,453,-1,臼井健,山中尊,,3,0:48.4,36.2,5-6,2,453,-1
2023/07/19,浦和,7,浦和８００ラウンドＣ２選抜馬,800,ダ,左,良,晴,12,2,2,クラフェニックス,牝,5,53.0,468,-2,菅原涼,藤原智,,4,0:48.5,36.0,7-5,9,468,-2
2023/07/19,浦和,7,浦和８００ラウンドＣ２選抜馬,800,ダ,左,良,晴,12,7,10,リュウノチャチャ,牝,5,54.0,459,6,森泰斗,齊藤敏,,5,0:48.5,36.4,2-3,5,459,6
2023/07/19,浦和,7,浦和８００ラウンドＣ２選抜馬,800,ダ,左,良,晴,12,1,1,パレルモフレイバー,牝,4,54.0,469,14,笹川翼,繁田健,,6,0:48.6,35.9,9-7,6,469,14
2023/07/19,浦和,7,浦和８００ラウンドＣ２選抜馬,800,ダ,左,良,晴,12,7,9,ピースリアン,牡,6,55.0,494,4,七夕裕,横山保,,7,0:48.7,36.4,6-8,4,494,4
2023/07/19,浦和,7,浦和８００ラウンドＣ２選抜馬,800,ダ,左,良,晴,12,5,6,グレイスディーヴァ,牝,5,54.0,490,0,山中悠,渋谷博,,8,0:49.0,35.9,10-10,11,490,0
2023/07/19,浦和,7,浦和８００ラウンドＣ２選抜馬,800,ダ,左,良,晴,12,6,8,プリプリクインダム,牝,8,54.0,494,4,櫻井光,海馬司,,9,0:49.3,36.0,11-11,7,494,4
2023/07/19,浦和,7,浦和８００ラウンドＣ２選抜馬,800,ダ,左,良,晴,12,3,3,クウェンヤ,牝,5,54.0,405,3,半澤慶,工藤伸,,10,0:49.4,37.3,4-4,8,405,3
2023/07/19,浦和,7,浦和８００ラウンドＣ２選抜馬,800,ダ,左,良,晴,12,4,4,サハラントアジア,牝,4,54.0,469,-10,保園翔,内野健,,11,0:49.5,36.8,8-9,12,469,-10
2023/07/19,浦和,7,浦和８００ラウンドＣ２選抜馬,800,ダ,左,良,晴,12,8,12,ホクセツ,セ,0,56.0,529,0,秋元耕,箕輪武,,12,0:53.6,38.9,12-12,10,529,0
2023/07/19,浦和,8,Ｃ１七,1500,ダ,左,良,晴,10,7,8,ワンダーフェンリル,牡,5,56.0,511,1,橋本直,鈴木勝,,1,1:36.1,39.2,3-3-3-2,4,511,1
2023/07/19,浦和,8,Ｃ１七,1500,ダ,左,良,晴,10,5,5,ダイバオーソ,牡,5,56.0,464,7,藤江渉,箕輪武,,2,1:36.1,38.5,7-7-6-3,6,464,7
2023/07/19,浦和,8,Ｃ１七,1500,ダ,左,良,晴,10,7,7,レッドコーラル,牝,4,54.0,440,-11,本橋孝,小久智,,3,1:36.7,40.5,1-1-1-1,1,440,-11
2023/07/19,浦和,8,Ｃ１七,1500,ダ,左,良,晴,10,8,9,ログハウス,牝,8,54.0,473,-2,岡村健,平山真,,4,1:36.9,38.1,8-10-9-10,9,473,-2
2023/07/19,浦和,8,Ｃ１七,1500,ダ,左,良,晴,10,3,3,ブルベアヴェルデ,牡,7,56.0,479,-5,山崎誠,藤原智,,5,1:37.4,40.6,5-5-4-5,5,479,-5
2023/07/19,浦和,8,Ｃ１七,1500,ダ,左,良,晴,10,4,4,タートザッヘ,牝,4,54.0,441,1,見越彬,川島豊,,6,1:37.7,40.3,6-6-7-7,3,441,1
2023/07/19,浦和,8,Ｃ１七,1500,ダ,左,良,晴,10,8,10,エムリエール,牡,4,56.0,470,-4,山中悠,小澤宏,,7,1:37.7,41.3,2-2-2-4,2,470,-4
2023/07/19,浦和,8,Ｃ１七,1500,ダ,左,良,晴,10,1,1,サトノトリガー,牡,6,56.0,456,-7,秋元耕,小林真,,8,1:37.7,39.5,8-8-8-8,10,456,-7
2023/07/19,浦和,8,Ｃ１七,1500,ダ,左,良,晴,10,2,2,アーバンブラック,牡,8,56.0,463,-2,張田昂,平山真,,9,1:38.0,39.2,10-9-10-9,8,463,-2
2023/07/19,浦和,8,Ｃ１七,1500,ダ,左,良,晴,10,6,6,サブリュウシン,牡,3,55.0,463,6,笹川翼,平山真,,10,1:38.7,41.7,4-4-5-6,7,463,6
2023/07/19,浦和,9,ウインドベル特別Ｃ１一,1500,ダ,左,良,晴,8,6,6,エアポートライナー,牡,3,55.0,572,8,森泰斗,小久智,,1,1:35.6,38.6,2-2-1-1,1,572,8
2023/07/19,浦和,9,ウインドベル特別Ｃ１一,1500,ダ,左,良,晴,8,8,8,ルンバルンバルンバ,牝,3,53.0,430,0,篠谷葵,稲益貴,,2,1:36.0,38.7,5-3-3-2,2,430,0
2023/07/19,浦和,9,ウインドベル特別Ｃ１一,1500,ダ,左,良,晴,8,4,4,キングバーグ,牡,6,56.0,500,7,和田譲,宇野博,,3,1:36.8,39.4,4-5-4-4,3,500,7
2023/07/19,浦和,9,ウインドベル特別Ｃ１一,1500,ダ,左,良,晴,8,2,2,アイグレース,牝,3,53.0,450,-5,秋元耕,岡田一,,4,1:37.0,40.0,1-1-2-3,5,450,-5
2023/07/19,浦和,9,ウインドベル特別Ｃ１一,1500,ダ,左,良,晴,8,3,3,アウデリア,牡,4,55.0,479,-2,七夕裕,藤原智,,5,1:37.1,39.5,3-4-5-5,6,479,-2
2023/07/19,浦和,9,ウインドベル特別Ｃ１一,1500,ダ,左,良,晴,8,5,5,セイウンゴールド,牡,5,56.0,481,-5,見越彬,吉田正,,6,1:41.1,42.9,6-6-6-6,4,481,-5
2023/07/19,浦和,9,ウインドベル特別Ｃ１一,1500,ダ,左,良,晴,8,1,1,サンウェーコ,牡,7,56.0,0,0,川島正,繁田健,,,,,,,0,0
2023/07/19,浦和,9,ウインドベル特別Ｃ１一,1500,ダ,左,良,晴,8,7,7,ナムラタイガー,牡,6,56.0,542,-1,寺島憂,箕輪武,,,,,,,542,-1
2023/07/19,浦和,10,夏帽子特別Ｂ３三,1400,ダ,左,良,晴,9,3,3,マテリアルガール,牝,3,53.0,471,-2,今野忠,小久智,,1,1:27.9,37.7,5-3-3-1,1,471,-2
2023/07/19,浦和,10,夏帽子特別Ｂ３三,1400,ダ,左,良,晴,9,6,6,エーススパークル,牡,4,56.0,483,7,山崎誠,小澤宏,,2,1:28.2,37.5,7-7-7-4,8,483,7
2023/07/19,浦和,10,夏帽子特別Ｂ３三,1400,ダ,左,良,晴,9,8,9,モズハッピーロード,牡,5,56.0,502,-6,櫻井光,平山真,,3,1:28.3,37.9,4-6-5-5,2,502,-6
2023/07/19,浦和,10,夏帽子特別Ｂ３三,1400,ダ,左,良,晴,9,2,2,ゼローソ,セ,0,56.0,480,-4,町田直,宇野博,,4,1:28.4,37.5,8-9-8-6,6,480,-4
2023/07/19,浦和,10,夏帽子特別Ｂ３三,1400,ダ,左,良,晴,9,5,5,レスールドマカロン,牝,5,54.0,441,-5,森泰斗,小久智,,5,1:28.9,38.9,2-2-2-2,5,441,-5
2023/07/19,浦和,10,夏帽子特別Ｂ３三,1400,ダ,左,良,晴,9,8,8,リュウノアン,牝,4,54.0,468,9,見越彬,川村守,,6,1:29.5,38.4,9-8-9-8,7,468,9
2023/07/19,浦和,10,夏帽子特別Ｂ３三,1400,ダ,左,良,晴,9,4,4,ワラ,牡,3,55.0,441,-1,笹川翼,水野貴,,7,1:30.0,40.0,1-1-1-3,4,441,-1
2023/07/19,浦和,10,夏帽子特別Ｂ３三,1400,ダ,左,良,晴,9,7,7,ジュンクッタラ,牝,3,53.0,442,-7,張田昂,張田京,,8,1:30.2,39.8,3-4-4-7,3,442,-7
2023/07/19,浦和,10,夏帽子特別Ｂ３三,1400,ダ,左,良,晴,9,1,1,アイエンジェル,牝,6,54.0,486,-2,保園翔,川島豊,,9,1:30.4,39.9,6-5-6-9,9,486,-2
2023/07/19,浦和,11,プラチナカップ３上オープン,1400,ダ,左,良,晴,8,5,5,サヨノグローリー,牡,5,56.0,489,2,澤田龍,工藤伸,,1,1:25.9,37.8,4-3-3-2,2,489,2
2023/07/19,浦和,11,プラチナカップ３上オープン,1400,ダ,左,良,晴,8,2,2,アマネラクーン,牡,6,58.0,510,0,森泰斗,小久智,,2,1:25.9,37.3,5-5-4-4,1,510,0
2023/07/19,浦和,11,プラチナカップ３上オープン,1400,ダ,左,良,晴,8,4,4,ベストマッチョ,セ,0,58.0,491,1,和田譲,佐々仁,,3,1:26.2,38.5,1-1-1-1,3,491,1
2023/07/19,浦和,11,プラチナカップ３上オープン,1400,ダ,左,良,晴,8,7,7,エンテレケイア,牡,5,56.0,513,0,橋本直,小久智,,4,1:26.7,38.8,2-2-2-3,4,513,0
2023/07/19,浦和,11,プラチナカップ３上オープン,1400,ダ,左,良,晴,8,3,3,スウィングビート,セ,0,58.0,490,-1,笹川翼,岡林光,,5,1:27.3,38.2,8-8-5-5,7,490,-1
2023/07/19,浦和,11,プラチナカップ３上オープン,1400,ダ,左,良,晴,8,6,6,タツノエクスプレス,牡,4,54.0,494,1,櫻井光,田邊陽,,6,1:28.0,38.8,6-7-7-7,8,494,1
2023/07/19,浦和,11,プラチナカップ３上オープン,1400,ダ,左,良,晴,8,1,1,コパシーナ,セ,0,56.0,512,-1,町田直,内田勝,,7,1:28.2,39.1,7-6-6-6,6,512,-1
2023/07/19,浦和,11,プラチナカップ３上オープン,1400,ダ,左,良,晴,8,8,8,テーオーマルクス,牡,6,56.0,493,-13,野畑凌,佐藤博,,8,1:31.1,42.3,3-4-8-8,5,493,-13
2023/07/19,浦和,12,東スポからあげ賞Ｃ２Ｃ３選抜馬,2000,ダ,左,良,晴,12,6,7,ジオパークマグマ,牡,5,57.0,463,0,秋元耕,川島豊,,1,2:12.0,39.9,6-6-2-1,1,463,0
2023/07/19,浦和,12,東スポからあげ賞Ｃ２Ｃ３選抜馬,2000,ダ,左,良,晴,12,7,9,カペラスター,牡,4,55.0,487,-4,橋本直,横山保,,2,2:13.1,40.8,9-8-5-3,8,487,-4
2023/07/19,浦和,12,東スポからあげ賞Ｃ２Ｃ３選抜馬,2000,ダ,左,良,晴,12,3,3,エスジーリカチャン,牝,5,55.0,476,4,張田昂,田島寿,,3,2:13.3,41.0,8-7-6-4,2,476,4
2023/07/19,浦和,12,東スポからあげ賞Ｃ２Ｃ３選抜馬,2000,ダ,左,良,晴,12,8,11,マイアミヒーロー,セ,0,57.0,491,2,高橋哲,小久智,,4,2:13.3,42.3,3-1-1-2,9,491,2
2023/07/19,浦和,12,東スポからあげ賞Ｃ２Ｃ３選抜馬,2000,ダ,左,良,晴,12,5,6,フェルカド,セ,0,57.0,470,2,見越彬,野口孝,,5,2:13.8,41.2,10-9-10-6,10,470,2
2023/07/19,浦和,12,東スポからあげ賞Ｃ２Ｃ３選抜馬,2000,ダ,左,良,晴,12,1,1,サヨノシルバーズ,牡,4,55.0,479,2,藤江渉,工藤伸,,6,2:15.3,42.9,5-4-8-8,7,479,2
2023/07/19,浦和,12,東スポからあげ賞Ｃ２Ｃ３選抜馬,2000,ダ,左,良,晴,12,7,10,テッシトゥーラ,セ,0,57.0,465,10,寺島憂,川島豊,,7,2:15.3,42.9,11-9-7-7,5,465,10
2023/07/19,浦和,12,東スポからあげ賞Ｃ２Ｃ３選抜馬,2000,ダ,左,良,晴,12,6,8,ハクシンエース,牡,5,57.0,443,-1,半澤慶,平山真,,8,2:15.4,44.1,2-3-2-5,6,443,-1
2023/07/19,浦和,12,東スポからあげ賞Ｃ２Ｃ３選抜馬,2000,ダ,左,良,晴,12,4,4,ニシノマンテン,牡,4,54.0,444,-4,七夕裕,川島豊,,9,2:15.6,44.4,1-1-4-9,4,444,-4
2023/07/19,浦和,12,東スポからあげ賞Ｃ２Ｃ３選抜馬,2000,ダ,左,良,晴,12,2,2,バローロフレイバー,牡,7,57.0,523,13,今野忠,繁田健,,10,2:17.4,45.0,4-4-9-10,3,523,13
2023/07/19,浦和,12,東スポからあげ賞Ｃ２Ｃ３選抜馬,2000,ダ,左,良,晴,12,5,5,シェナハート,牝,4,53.0,423,3,保園翔,冨田敏,,11,2:18.3,43.5,12-12-11-11,11,423,3
2023/07/19,浦和,12,東スポからあげ賞Ｃ２Ｃ３選抜馬,2000,ダ,左,良,晴,12,8,12,ビオロンスコッツ,牡,6,57.0,462,2,櫻井光,酒井一,,12,2:21.0,46.8,7-11-12-12,12,462,2
2023/07/20,浦和,1,２歳三,1400,ダ,左,良,晴,9,2,2,ユウユウアイリス,牝,2,51.0,431,2,及川烈,横山保,,1,1:33.0,40.9,5-5-3-3,3,431,2
2023/07/20,浦和,1,２歳三,1400,ダ,左,良,晴,9,7,7,ハッカキャンディー,牡,2,54.0,506,8,山崎誠,藤原智,,2,1:33.2,41.3,3-2-1-1,1,506,8
2023/07/20,浦和,1,２歳三,1400,ダ,左,良,晴,9,8,8,シェナテイオー,牡,2,53.0,424,-1,七夕裕,冨田敏,,3,1:33.6,41.7,4-4-2-2,2,424,-1
2023/07/20,浦和,1,２歳三,1400,ダ,左,良,晴,9,4,4,ギガフォルス,牡,2,54.0,455,-5,岡田大,薮口一,,4,1:35.7,43.8,1-1-4-4,4,455,-5
2023/07/20,浦和,1,２歳三,1400,ダ,左,良,晴,9,8,9,ヴェルサイユノハナ,牝,2,52.0,413,-4,室陽一,長谷忍,,5,1:36.7,41.6,9-7-7-6,6,413,-4
2023/07/20,浦和,1,２歳三,1400,ダ,左,良,晴,9,3,3,アークジャック,牡,2,54.0,469,2,高橋哲,水野貴,,6,1:36.7,42.8,6-6-6-5,7,469,2
2023/07/20,浦和,1,２歳三,1400,ダ,左,良,晴,9,6,6,リッチレオーネ,牡,2,54.0,440,-5,加藤和,長谷忍,,7,1:38.7,43.6,7-8-8-7,5,440,-5
2023/07/20,浦和,1,２歳三,1400,ダ,左,良,晴,9,5,5,シェナエース,牡,2,54.0,475,10,秋元耕,山越光,,8,1:42.7,50.2,2-3-5-8,8,475,10
2023/07/20,浦和,1,２歳三,1400,ダ,左,良,晴,9,1,1,テッペン,牝,2,52.0,338,1,木間龍,長谷忍,,9,1:49.9,53.4,8-9-9-9,9,338,1
2023/07/20,浦和,2,ランチタイムチャレンジＣ２五 六 七,1400,ダ,左,良,晴,9,6,6,スイートナイト,牝,5,52.0,462,-11,室陽一,入口由,,1,1:29.6,38.2,3-3-3-3,2,462,-11
2023/07/20,浦和,2,ランチタイムチャレンジＣ２五 六 七,1400,ダ,左,良,晴,9,5,5,ランペロニキ,セ,0,56.0,508,-5,森泰斗,小澤宏,,2,1:30.1,38.8,2-2-1-1,1,508,-5
2023/07/20,浦和,2,ランチタイムチャレンジＣ２五 六 七,1400,ダ,左,良,晴,9,2,2,エドノストリート,牝,5,54.0,472,9,和田譲,宇野博,,3,1:30.5,39.2,1-1-2-1,5,472,9
2023/07/20,浦和,2,ランチタイムチャレンジＣ２五 六 七,1400,ダ,左,良,晴,9,3,3,ラブリーギャル,牝,7,54.0,491,-6,見越彬,海馬司,,4,1:31.0,39.4,5-4-4-4,3,491,-6
2023/07/20,浦和,2,ランチタイムチャレンジＣ２五 六 七,1400,ダ,左,良,晴,9,7,7,ウォーターリリー,牝,5,54.0,471,4,高橋哲,内野健,,5,1:31.9,39.6,7-8-7-7,7,471,4
2023/07/20,浦和,2,ランチタイムチャレンジＣ２五 六 七,1400,ダ,左,良,晴,9,1,1,ビュヴォン,牡,5,53.0,509,3,及川烈,長谷忍,,6,1:32.1,40.0,8-7-6-5,6,509,3
2023/07/20,浦和,2,ランチタイムチャレンジＣ２五 六 七,1400,ダ,左,良,晴,9,8,8,リュウオウ,牡,7,56.0,486,8,半澤慶,宇野博,,7,1:32.4,40.5,6-5-5-6,8,486,8
2023/07/20,浦和,2,ランチタイムチャレンジＣ２五 六 七,1400,ダ,左,良,晴,9,8,9,モリデンテキーラ,牝,8,54.0,466,1,秋元耕,山越光,,8,1:32.8,40.3,4-6-8-8,4,466,1
2023/07/20,浦和,2,ランチタイムチャレンジＣ２五 六 七,1400,ダ,左,良,晴,9,4,4,メイクロード,牝,7,53.0,488,14,七夕裕,内野健,,9,1:35.6,42.5,9-9-9-9,9,488,14
2023/07/20,浦和,3,３歳六,1400,ダ,左,良,晴,10,2,2,ハイボールガール,牝,3,54.0,422,-2,藤江渉,箕輪武,,1,1:32.4,40.5,7-6-6-4,4,422,-2
2023/07/20,浦和,3,３歳六,1400,ダ,左,良,晴,10,8,10,オザリス,牝,3,54.0,454,3,笹川翼,小澤宏,,2,1:32.6,41.0,4-5-3-3,2,454,3
2023/07/20,浦和,3,３歳六,1400,ダ,左,良,晴,10,7,8,ジョーボギーニャ,牝,3,54.0,487,2,森泰斗,小久智,,3,1:32.6,41.2,3-3-2-1,1,487,2
2023/07/20,浦和,3,３歳六,1400,ダ,左,良,晴,10,5,5,ドリームダンス,牝,3,54.0,398,2,高橋哲,水野貴,,4,1:32.7,41.3,1-2-1-2,10,398,2
2023/07/20,浦和,3,３歳六,1400,ダ,左,良,晴,10,4,4,シェナグローリー,牝,3,54.0,453,-9,加藤和,冨田敏,,5,1:33.0,40.6,8-9-8-6,3,453,-9
2023/07/20,浦和,3,３歳六,1400,ダ,左,良,晴,10,7,7,ラニーズグレイス,牝,3,53.0,464,3,七夕裕,工藤伸,,6,1:33.4,41.0,6-7-7-7,5,464,3
2023/07/20,浦和,3,３歳六,1400,ダ,左,良,晴,10,6,6,ゲンゲンバッハ,牡,3,55.0,0,0,菅原涼,小澤宏,,7,1:33.8,42.2,5-4-5-5,6,0,0
2023/07/20,浦和,3,３歳六,1400,ダ,左,良,晴,10,8,9,マックスブンブン,牡,3,56.0,439,3,和田譲,小林真,,8,1:34.3,41.7,10-10-10-9,9,439,3
2023/07/20,浦和,3,３歳六,1400,ダ,左,良,晴,10,3,3,ロックン,セ,0,56.0,458,-4,見越彬,野口寛,,9,1:34.4,42.0,9-8-9-8,7,458,-4
2023/07/20,浦和,3,３歳六,1400,ダ,左,良,晴,10,1,1,プルピットワール,牡,3,56.0,514,1,石崎駿,海馬司,,10,1:36.3,44.9,2-1-4-10,8,514,1
2023/07/20,浦和,4,浦和８００ラウンド３歳選抜馬,800,ダ,左,良,晴,12,8,12,トーセンプリシラ,牝,3,51.0,447,1,木澤奨,小久智,,1,0:47.4,35.4,1-1,1,447,1
2023/07/20,浦和,4,浦和８００ラウンド３歳選抜馬,800,ダ,左,良,晴,12,7,9,フロレンティア,牝,3,53.0,464,-10,野畑凌,工藤伸,,2,0:47.8,35.5,2-2,4,464,-10
2023/07/20,浦和,4,浦和８００ラウンド３歳選抜馬,800,ダ,左,良,晴,12,2,2,メガバズーカランチ,牝,3,53.0,453,-1,七夕裕,工藤伸,,3,0:48.7,35.8,6-4,5,453,-1
2023/07/20,浦和,4,浦和８００ラウンド３歳選抜馬,800,ダ,左,良,晴,12,1,1,モモナ,牝,3,54.0,390,0,山崎誠,野口孝,,4,0:49.1,36.6,3-3,3,390,0
2023/07/20,浦和,4,浦和８００ラウンド３歳選抜馬,800,ダ,左,良,晴,12,4,4,スティールシャトル,牝,3,51.0,446,-2,及川烈,岡田一,,5,0:49.8,37.0,4-6,2,446,-2
2023/07/20,浦和,4,浦和８００ラウンド３歳選抜馬,800,ダ,左,良,晴,12,5,5,ビナダナン,牝,3,54.0,476,-15,橋本直,酒井一,,6,0:49.9,36.2,9-8,9,476,-15
2023/07/20,浦和,4,浦和８００ラウンド３歳選抜馬,800,ダ,左,良,晴,12,6,7,フェアリーパワポケ,牝,3,52.0,419,-2,木間龍,薮口一,,7,0:50.0,37.1,4-5,10,419,-2
2023/07/20,浦和,4,浦和８００ラウンド３歳選抜馬,800,ダ,左,良,晴,12,6,8,クリプリンセス,牝,3,54.0,400,-8,見越彬,冨田敏,,8,0:50.3,37.2,7-7,6,400,-8
2023/07/20,浦和,4,浦和８００ラウンド３歳選抜馬,800,ダ,左,良,晴,12,3,3,キタカラキタダイヤ,牝,3,54.0,429,-6,藤江渉,酒井一,,9,0:51.3,37.1,10-10,8,429,-6
2023/07/20,浦和,4,浦和８００ラウンド３歳選抜馬,800,ダ,左,良,晴,12,5,6,モエヨジャンヌ,牝,3,54.0,393,-2,加藤和,箕輪武,,10,0:51.5,38.4,8-9,7,393,-2
2023/07/20,浦和,4,浦和８００ラウンド３歳選抜馬,800,ダ,左,良,晴,12,7,10,ダンシングクライ,牝,3,54.0,0,0,高橋哲,藤原智,,,,,,,0,0
2023/07/20,浦和,4,浦和８００ラウンド３歳選抜馬,800,ダ,左,良,晴,12,8,11,ニッショウテンマ,牡,3,56.0,489,2,秋元耕,酒井一,,,,,,,489,2
2023/07/20,浦和,5,Ｃ２五 六 七,1400,ダ,左,良,晴,10,7,8,ナツハヨル,牝,5,51.0,435,-5,及川烈,横山保,,1,1:30.0,40.6,2-2-1-1,6,435,-5
2023/07/20,浦和,5,Ｃ２五 六 七,1400,ダ,左,良,晴,10,5,5,トモノクリスタル,牝,6,54.0,412,-10,和田譲,小久智,,2,1:30.2,40.8,1-1-1-2,3,412,-10
2023/07/20,浦和,5,Ｃ２五 六 七,1400,ダ,左,良,晴,10,4,4,ルージュカプリス,牝,6,53.0,426,5,七夕裕,長谷忍,,3,1:30.4,40.2,9-9-6-5,1,426,5
2023/07/20,浦和,5,Ｃ２五 六 七,1400,ダ,左,良,晴,10,6,6,スイフトマリー,牝,4,54.0,387,-8,岡村健,酒井一,,4,1:30.5,39.5,10-10-10-8,7,387,-8
2023/07/20,浦和,5,Ｃ２五 六 七,1400,ダ,左,良,晴,10,8,9,ロジマスタング,牝,4,54.0,476,4,山崎誠,平山真,,5,1:30.7,41.1,3-3-3-3,2,476,4
2023/07/20,浦和,5,Ｃ２五 六 七,1400,ダ,左,良,晴,10,1,1,ユメミルツキ,牝,4,54.0,470,0,秋元耕,鹿沼和,,6,1:30.9,41.1,5-6-4-4,10,470,0
2023/07/20,浦和,5,Ｃ２五 六 七,1400,ダ,左,良,晴,10,7,7,マルノアンナ,牝,4,52.0,449,-3,室陽一,川村守,,7,1:31.2,41.4,6-5-5-7,4,449,-3
2023/07/20,浦和,5,Ｃ２五 六 七,1400,ダ,左,良,晴,10,3,3,ヘーベー,牝,5,54.0,471,4,保園翔,宇野博,,8,1:31.3,41.2,7-8-8-6,8,471,4
2023/07/20,浦和,5,Ｃ２五 六 七,1400,ダ,左,良,晴,10,2,2,マイネルユヌスール,牡,4,56.0,477,1,橋本直,横山保,,9,1:32.4,42.4,8-7-9-9,9,477,1
2023/07/20,浦和,5,Ｃ２五 六 七,1400,ダ,左,良,晴,10,8,10,ベニノマドンナ,牝,6,53.0,457,-1,野畑凌,田邊陽,,10,1:32.9,43.1,4-4-6-10,5,457,-1
2023/07/20,浦和,6,Ｃ３二,1500,ダ,左,良,晴,11,6,6,フリーズオプション,牡,7,56.0,480,9,橋本直,薮口一,,1,1:38.9,39.8,5-6-5-4,1,480,9
2023/07/20,浦和,6,Ｃ３二,1500,ダ,左,良,晴,11,7,8,タマモトレゾール,牡,4,53.0,523,2,及川烈,川島豊,,2,1:39.1,39.5,9-9-9-9,3,523,2
2023/07/20,浦和,6,Ｃ３二,1500,ダ,左,良,晴,11,8,10,ナムラキャッツ,牝,4,54.0,419,6,高橋哲,横山保,,3,1:39.1,40.0,4-4-4-2,6,419,6
2023/07/20,浦和,6,Ｃ３二,1500,ダ,左,良,晴,11,5,5,ラクスシャルキ,牝,4,54.0,461,0,秋元耕,酒井一,,4,1:39.3,40.4,3-3-3-1,10,461,0
2023/07/20,浦和,6,Ｃ３二,1500,ダ,左,良,晴,11,8,11,ロードユリシス,セ,0,56.0,471,1,内田利,長谷忍,,5,1:39.4,40.1,7-7-7-5,5,471,1
2023/07/20,浦和,6,Ｃ３二,1500,ダ,左,良,晴,11,1,1,コスモヴェレッド,牡,4,56.0,457,0,岡田大,山越光,,6,1:39.7,40.4,8-8-6-6,8,457,0
2023/07/20,浦和,6,Ｃ３二,1500,ダ,左,良,晴,11,7,9,ポップコーントーン,牝,4,52.0,398,-2,室陽一,工藤伸,,7,1:39.8,40.0,10-10-10-10,9,398,-2
2023/07/20,浦和,6,Ｃ３二,1500,ダ,左,良,晴,11,6,7,エルラティオ,セ,0,56.0,448,-6,増田充,八木喜,,8,1:39.8,39.6,11-11-11-11,7,448,-6
2023/07/20,浦和,6,Ｃ３二,1500,ダ,左,良,晴,11,4,4,フクチャンクイーン,牝,4,54.0,438,-3,保園翔,内野健,,9,1:39.8,41.0,2-2-2-7,4,438,-3
2023/07/20,浦和,6,Ｃ３二,1500,ダ,左,良,晴,11,3,3,エイシンキンバリー,牝,5,54.0,432,4,見越彬,小久智,,10,1:40.1,41.3,1-1-1-3,2,432,4
2023/07/20,浦和,6,Ｃ３二,1500,ダ,左,良,晴,11,2,2,キモンズラブ,牝,9,54.0,461,-8,國分祐,冨田敏,,11,1:40.3,41.0,6-5-8-8,11,461,-8
2023/07/20,浦和,7,Ｃ２五 六 七,1500,ダ,左,良,晴,9,8,9,ティーズロック,牡,4,56.0,520,5,高橋哲,水野貴,,1,1:37.9,39.1,5-3-2-1,1,520,5
2023/07/20,浦和,7,Ｃ２五 六 七,1500,ダ,左,良,晴,9,8,8,ハクアイアトム,牡,5,56.0,475,-3,町田直,宇野博,,2,1:38.0,39.0,6-5-3-2,2,475,-3
2023/07/20,浦和,7,Ｃ２五 六 七,1500,ダ,左,良,晴,9,7,7,ケイアイマボラ,牡,6,56.0,460,-8,秋元耕,横山保,,3,1:38.7,39.6,8-6-4-4,9,460,-8
2023/07/20,浦和,7,Ｃ２五 六 七,1500,ダ,左,良,晴,9,3,3,リュウノアーダーン,牝,5,54.0,425,-4,山中悠,川村守,,4,1:38.8,39.5,7-7-7-5,7,425,-4
2023/07/20,浦和,7,Ｃ２五 六 七,1500,ダ,左,良,晴,9,6,6,モモドリーム,牝,5,52.0,486,8,室陽一,平山真,,5,1:39.6,39.7,9-8-8-8,6,486,8
2023/07/20,浦和,7,Ｃ２五 六 七,1500,ダ,左,良,晴,9,5,5,スティールマドンナ,牝,5,54.0,472,2,保園翔,小澤宏,,6,1:39.6,40.8,2-2-5-7,8,472,2
2023/07/20,浦和,7,Ｃ２五 六 七,1500,ダ,左,良,晴,9,4,4,ブルベアマイル,牡,6,55.0,460,-3,七夕裕,岡田一,,7,1:39.7,41.1,1-1-1-3,4,460,-3
2023/07/20,浦和,7,Ｃ２五 六 七,1500,ダ,左,良,晴,9,2,2,ヤマジュンヒバナ,牝,6,54.0,457,-6,半澤慶,宇野博,,8,1:39.9,40.9,4-4-6-6,5,457,-6
2023/07/20,浦和,7,Ｃ２五 六 七,1500,ダ,左,良,晴,9,1,1,ゲブレセラシエ,セ,0,56.0,512,10,橋本直,小久智,,,,,3-9-9,3,512,10
2023/07/20,浦和,8,浦和ジョッキーズラウンドＣ３選抜馬,1400,ダ,左,良,晴,12,4,4,フェアメーゲン,牝,5,54.5,457,2,高橋哲,工藤伸,,1,1:30.8,39.9,6-6-4-3,2,457,2
2023/07/20,浦和,8,浦和ジョッキーズラウンドＣ３選抜馬,1400,ダ,左,良,晴,12,1,1,ユウユウグリュック,牝,6,54.5,433,6,見越彬,横山保,,2,1:31.1,40.5,1-1-1-1,9,433,6
2023/07/20,浦和,8,浦和ジョッキーズラウンドＣ３選抜馬,1400,ダ,左,良,晴,12,8,12,トリテレイア,牝,7,54.0,420,3,岡田大,箕輪武,,3,1:31.2,39.6,9-9-9-6,3,420,3
2023/07/20,浦和,8,浦和ジョッキーズラウンドＣ３選抜馬,1400,ダ,左,良,晴,12,6,8,カミヤガルーラ,牡,5,56.5,460,0,半澤慶,内野健,,4,1:31.4,40.0,8-8-8-4,5,460,0
2023/07/20,浦和,8,浦和ジョッキーズラウンドＣ３選抜馬,1400,ダ,左,良,晴,12,5,5,ダイエービルベリー,牝,5,51.5,473,-2,及川烈,酒井一,,5,1:31.6,41.0,2-2-2-2,6,473,-2
2023/07/20,浦和,8,浦和ジョッキーズラウンドＣ３選抜馬,1400,ダ,左,良,晴,12,6,7,アナハ,牝,6,54.0,418,1,秋元耕,川島豊,,6,1:31.6,39.7,11-11-10-9,4,418,1
2023/07/20,浦和,8,浦和ジョッキーズラウンドＣ３選抜馬,1400,ダ,左,良,晴,12,2,2,レインボーカラー,牝,5,54.5,522,-4,國分祐,藤原智,,7,1:31.7,40.9,7-4-5-5,7,522,-4
2023/07/20,浦和,8,浦和ジョッキーズラウンドＣ３選抜馬,1400,ダ,左,良,晴,12,7,10,ケイティーユイ,牝,5,53.0,456,8,七夕裕,水野貴,,8,1:32.5,41.6,4-5-6-8,11,456,8
2023/07/20,浦和,8,浦和ジョッキーズラウンドＣ３選抜馬,1400,ダ,左,良,晴,12,8,11,トロワフィーユ,牝,6,54.5,451,-6,保園翔,野口寛,,9,1:32.6,41.5,5-7-7-10,1,451,-6
2023/07/20,浦和,8,浦和ジョッキーズラウンドＣ３選抜馬,1400,ダ,左,良,晴,12,5,6,セイウンミレイア,牝,6,54.0,473,-2,橋本直,冨田敏,,10,1:33.2,42.6,3-3-3-7,8,473,-2
2023/07/20,浦和,8,浦和ジョッキーズラウンドＣ３選抜馬,1400,ダ,左,良,晴,12,3,3,メイショウコウヨウ,牝,4,54.0,453,3,加藤和,川村守,,11,1:34.2,42.0,12-10-11-11,12,453,3
2023/07/20,浦和,8,浦和ジョッキーズラウンドＣ３選抜馬,1400,ダ,左,良,晴,12,7,9,ニシノサトル,牡,7,55.5,489,1,内田利,吉田正,,12,1:34.7,41.7,10-12-12-12,10,489,1
2023/07/20,浦和,9,涼月特別Ｃ３一,1400,ダ,左,良,晴,10,3,3,ジェノバフレイバー,牡,4,56.0,475,-7,今野忠,繁田健,,1,1:29.6,38.5,9-8-3-1,1,475,-7
2023/07/20,浦和,9,涼月特別Ｃ３一,1400,ダ,左,良,晴,10,8,9,イエローリボン,牝,6,54.0,479,-3,内田利,藤原智,,2,1:30.7,40.0,1-1-1-2,2,479,-3
2023/07/20,浦和,9,涼月特別Ｃ３一,1400,ダ,左,良,晴,10,6,6,バードハズフロウン,牝,5,52.0,432,-1,室陽一,工藤伸,,3,1:30.7,39.3,4-4-4-3,3,432,-1
2023/07/20,浦和,9,涼月特別Ｃ３一,1400,ダ,左,良,晴,10,5,5,ヴィオレントアズル,牡,4,55.0,419,2,七夕裕,平山真,,4,1:30.9,38.5,8-9-8-6,6,419,2
2023/07/20,浦和,9,涼月特別Ｃ３一,1400,ダ,左,良,晴,10,4,4,スターコマチ,牝,4,54.0,407,6,保園翔,川村守,,5,1:31.5,39.8,7-6-5-5,8,407,6
2023/07/20,浦和,9,涼月特別Ｃ３一,1400,ダ,左,良,晴,10,2,2,メディアジャッカル,牝,5,51.0,447,6,及川烈,内野健,,6,1:31.7,39.9,6-7-7-7,9,447,6
2023/07/20,浦和,9,涼月特別Ｃ３一,1400,ダ,左,良,晴,10,8,10,シシャモ,牝,4,54.0,417,-2,半澤慶,工藤伸,,7,1:32.0,41.2,2-2-2-4,5,417,-2
2023/07/20,浦和,9,涼月特別Ｃ３一,1400,ダ,左,良,晴,10,1,1,クー,牝,4,54.0,484,-8,高橋哲,吉田正,,8,1:32.4,40.4,5-5-9-9,7,484,-8
2023/07/20,浦和,9,涼月特別Ｃ３一,1400,ダ,左,良,晴,10,7,7,アイスバーグアリー,牝,7,54.0,450,1,橋本直,平山真,,9,1:32.4,41.0,3-3-6-8,4,450,1
2023/07/20,浦和,9,涼月特別Ｃ３一,1400,ダ,左,良,晴,10,7,8,ツーエムロケット,セ,0,56.0,0,0,森泰斗,小澤宏,,,,,,,0,0
2023/07/20,浦和,10,ルビー特別Ｂ３Ｃ１選抜馬,800,ダ,左,良,晴,9,8,8,アイゴールド,牝,3,52.0,489,7,秋元耕,岡田一,,1,0:46.4,34.5,2-1,1,489,7
2023/07/20,浦和,10,ルビー特別Ｂ３Ｃ１選抜馬,800,ダ,左,良,晴,9,5,5,ニッショウミライ,牝,3,54.0,460,9,櫻井光,酒井一,,2,0:47.4,35.6,1-2,2,460,9
2023/07/20,浦和,10,ルビー特別Ｂ３Ｃ１選抜馬,800,ダ,左,良,晴,9,7,7,ノースプリマ,牝,3,50.0,453,6,木間龍,水野貴,,3,0:47.4,34.4,7-5,6,453,6
2023/07/20,浦和,10,ルビー特別Ｂ３Ｃ１選抜馬,800,ダ,左,良,晴,9,2,2,シェナブライト,牡,5,57.0,522,-1,藤江渉,山越光,,4,0:47.6,35.0,5-4,5,522,-1
2023/07/20,浦和,10,ルビー特別Ｂ３Ｃ１選抜馬,800,ダ,左,良,晴,9,6,6,カワイイ,牝,4,55.0,549,15,張田昂,宇野博,,5,0:47.6,35.7,2-3,3,549,15
2023/07/20,浦和,10,ルビー特別Ｂ３Ｃ１選抜馬,800,ダ,左,良,晴,9,4,4,キョウエイカリーナ,牝,3,52.0,462,-8,保園翔,小澤宏,,6,0:48.2,36.1,4-6,4,462,-8
2023/07/20,浦和,10,ルビー特別Ｂ３Ｃ１選抜馬,800,ダ,左,良,晴,9,3,3,ブルーローズ,牝,7,55.0,456,-1,國分祐,野口孝,,7,0:48.4,35.4,8-8,9,456,-1
2023/07/20,浦和,10,ルビー特別Ｂ３Ｃ１選抜馬,800,ダ,左,良,晴,9,1,1,リッチアロマ,牝,5,51.0,444,5,室陽一,水野貴,,8,0:48.6,36.0,6-7,7,444,5
2023/07/20,浦和,10,ルビー特別Ｂ３Ｃ１選抜馬,800,ダ,左,良,晴,9,8,9,ゴールドエース,牡,4,55.0,478,-2,加藤和,野口孝,,9,0:51.2,37.6,9-9,8,478,-2
2023/07/20,浦和,11,しらこばと賞Ａ２下,1500,ダ,左,良,晴,9,4,4,ジュネス,牝,6,53.0,485,-1,笹川翼,小久智,,1,1:34.3,37.8,2-2-1-1,2,485,-1
2023/07/20,浦和,11,しらこばと賞Ａ２下,1500,ダ,左,良,晴,9,3,3,リヴィフェイス,牡,4,57.0,481,4,和田譲,石井勝,,2,1:34.4,37.9,1-1-1-2,1,481,4
2023/07/20,浦和,11,しらこばと賞Ａ２下,1500,ダ,左,良,晴,9,7,7,ブラックパンサー,牡,5,57.0,485,-1,森泰斗,小久智,,3,1:35.0,37.6,9-9-5-3,3,485,-1
2023/07/20,浦和,11,しらこばと賞Ａ２下,1500,ダ,左,良,晴,9,5,5,シャイニー,牡,7,53.0,513,-1,篠谷葵,野口寛,,4,1:35.3,37.9,7-7-7-6,5,513,-1
2023/07/20,浦和,11,しらこばと賞Ａ２下,1500,ダ,左,良,晴,9,8,9,モリデンアロー,牡,5,57.0,507,-2,町田直,繁田健,,5,1:35.5,38.3,6-6-4-4,4,507,-2
2023/07/20,浦和,11,しらこばと賞Ａ２下,1500,ダ,左,良,晴,9,2,2,オートヴィル,牡,8,53.0,526,7,藤江渉,酒井一,,6,1:36.4,39.7,5-4-3-5,8,526,7
2023/07/20,浦和,11,しらこばと賞Ａ２下,1500,ダ,左,良,晴,9,8,8,モズノーブルギフト,牡,8,55.0,546,-5,張田昂,平山真,,7,1:37.4,39.8,4-5-9-9,6,546,-5
2023/07/20,浦和,11,しらこばと賞Ａ２下,1500,ダ,左,良,晴,9,6,6,ワンダーイチョウ,牡,5,55.0,502,7,橋本直,鈴木勝,,8,1:37.5,39.8,8-8-8-8,7,502,7
2023/07/20,浦和,11,しらこばと賞Ａ２下,1500,ダ,左,良,晴,9,1,1,フューリアス,牡,5,53.0,466,2,半澤慶,宇野博,,9,1:37.9,40.9,3-3-6-7,9,466,2
2023/07/20,浦和,12,相月特別Ｃ１二,1400,ダ,左,良,晴,9,8,8,ミティエラ,牝,4,54.0,503,3,内田利,工藤伸,,1,1:28.5,38.2,3-3-2-1,2,503,3
2023/07/20,浦和,12,相月特別Ｃ１二,1400,ダ,左,良,晴,9,4,4,アンジュレイ,牝,4,54.0,475,3,森泰斗,小久智,,2,1:28.5,37.5,6-5-4-3,1,475,3
2023/07/20,浦和,12,相月特別Ｃ１二,1400,ダ,左,良,晴,9,3,3,ケンブリッジラテ,牡,5,56.0,493,0,西啓太,小澤宏,,3,1:28.7,38.4,2-2-1-2,4,493,0
2023/07/20,浦和,12,相月特別Ｃ１二,1400,ダ,左,良,晴,9,7,7,ミラクルランバック,牡,4,56.0,518,2,山崎誠,藤原智,,4,1:29.8,38.8,7-6-6-4,3,518,2
2023/07/20,浦和,12,相月特別Ｃ１二,1400,ダ,左,良,晴,9,6,6,キックフリップ,牝,4,52.0,459,-9,室陽一,野口孝,,5,1:29.9,38.3,8-8-7-7,8,459,-9
2023/07/20,浦和,12,相月特別Ｃ１二,1400,ダ,左,良,晴,9,1,1,ガンコチャン,牝,4,54.0,484,8,達城龍,岡田一,,6,1:30.2,39.8,1-1-3-5,6,484,8
2023/07/20,浦和,12,相月特別Ｃ１二,1400,ダ,左,良,晴,9,8,9,ワンダークラドート,牡,6,56.0,479,-2,橋本直,鈴木勝,,7,1:31.0,40.4,4-4-5-6,5,479,-2
2023/07/20,浦和,12,相月特別Ｃ１二,1400,ダ,左,良,晴,9,5,5,ブルースウェード,牝,5,54.0,443,-4,保園翔,水野貴,,8,1:31.2,39.4,5-7-9-8,7,443,-4
2023/07/20,浦和,12,相月特別Ｃ１二,1400,ダ,左,良,晴,9,2,2,マオノウイッシュ,牝,4,54.0,493,0,半澤慶,宇野博,,9,1:31.2,39.3,9-9-8-9,9,493,0
2023/08/10,浦和,1,浦和８００ラウンドＣ３選抜馬イ,800,ダ,左,重,晴,12,7,10,ピノゼン,牝,7,53.0,487,-5,新原周,野口孝,,1,0:48.8,36.2,2-2,6,487,-5
2023/08/10,浦和,1,浦和８００ラウンドＣ３選抜馬イ,800,ダ,左,重,晴,12,6,7,フライトメモリア,牝,5,54.0,539,0,澤田龍,川村守,,2,0:48.9,36.4,1-1,1,539,0
2023/08/10,浦和,1,浦和８００ラウンドＣ３選抜馬イ,800,ダ,左,重,晴,12,8,12,クレールプリュネル,牝,5,54.0,467,-1,保園翔,山越光,,3,0:48.9,36.3,3-3,2,467,-1
2023/08/10,浦和,1,浦和８００ラウンドＣ３選抜馬イ,800,ダ,左,重,晴,12,2,2,ピッコロバンビーナ,牝,4,54.0,460,5,岡村健,酒井一,,4,0:49.5,36.5,5-4,4,460,5
2023/08/10,浦和,1,浦和８００ラウンドＣ３選抜馬イ,800,ダ,左,重,晴,12,4,4,シンキングセンティ,牝,4,54.0,464,2,和田譲,山越光,,5,0:49.6,37.0,4-5,3,464,2
2023/08/10,浦和,1,浦和８００ラウンドＣ３選抜馬イ,800,ダ,左,重,晴,12,5,6,ヘデラ,牝,7,54.0,456,6,吉留孝,箕輪武,,6,0:50.1,36.3,9-9,5,456,6
2023/08/10,浦和,1,浦和８００ラウンドＣ３選抜馬イ,800,ダ,左,重,晴,12,7,9,ブライトソール,牡,4,56.0,433,9,加藤和,薮口一,,7,0:50.1,36.9,7-6,9,433,9
2023/08/10,浦和,1,浦和８００ラウンドＣ３選抜馬イ,800,ダ,左,重,晴,12,5,5,コウエイダイチ,牡,9,53.0,462,4,及川烈,吉田正,,8,0:50.3,36.8,8-8,10,462,4
2023/08/10,浦和,1,浦和８００ラウンドＣ３選抜馬イ,800,ダ,左,重,晴,12,6,8,ラヴアンドゲーム,牝,6,54.0,475,1,高橋哲,酒井一,,9,0:50.3,37.5,5-6,7,475,1
2023/08/10,浦和,1,浦和８００ラウンドＣ３選抜馬イ,800,ダ,左,重,晴,12,8,11,ユカリン,牡,4,54.0,503,-1,木間龍,伊藤滋,,10,0:50.7,36.3,11-10,8,503,-1
2023/08/10,浦和,1,浦和８００ラウンドＣ３選抜馬イ,800,ダ,左,重,晴,12,3,3,トーセンケイト,牝,5,54.0,479,-5,半澤慶,川村守,,11,0:51.2,37.2,10-11,11,479,-5
2023/08/10,浦和,1,浦和８００ラウンドＣ３選抜馬イ,800,ダ,左,重,晴,12,1,1,シャインルビー,牝,6,54.0,439,12,秋元耕,川村守,,12,0:52.3,38.1,12-12,12,439,12
2023/08/10,浦和,2,浦和８００ラウンドＣ３選抜馬ア,800,ダ,左,重,晴,12,1,1,アカルイスモウブ,牝,4,54.0,433,7,岡田大,冨田敏,,1,0:49.0,36.7,1-1,5,433,7
2023/08/10,浦和,2,浦和８００ラウンドＣ３選抜馬ア,800,ダ,左,重,晴,12,6,7,エイシンキーゼル,牡,5,56.0,463,5,半澤慶,宇野博,,2,0:49.0,36.7,2-2,2,463,5
2023/08/10,浦和,2,浦和８００ラウンドＣ３選抜馬ア,800,ダ,左,重,晴,12,8,11,ウンジョウノメガミ,牝,5,52.0,455,3,木間龍,入口由,,3,0:49.0,36.6,3-4,3,455,3
2023/08/10,浦和,2,浦和８００ラウンドＣ３選抜馬ア,800,ダ,左,重,晴,12,7,9,ツーエムタイガー,牡,5,53.0,466,-2,及川烈,小澤宏,,4,0:49.1,36.0,10-7,4,466,-2
2023/08/10,浦和,2,浦和８００ラウンドＣ３選抜馬ア,800,ダ,左,重,晴,12,2,2,ツクバフタツボシ,牝,6,54.0,488,12,保園翔,山越光,,5,0:49.2,36.8,4-3,6,488,12
2023/08/10,浦和,2,浦和８００ラウンドＣ３選抜馬ア,800,ダ,左,重,晴,12,7,10,ダンストンラソ,牝,8,54.0,444,-3,見越彬,野口孝,,6,0:49.7,36.8,8-8,7,444,-3
2023/08/10,浦和,2,浦和８００ラウンドＣ３選抜馬ア,800,ダ,左,重,晴,12,8,12,ニシノイルマーレ,牝,5,53.0,496,4,七夕裕,冨田敏,,7,0:49.8,37.1,5-5,9,496,4
2023/08/10,浦和,2,浦和８００ラウンドＣ３選抜馬ア,800,ダ,左,重,晴,12,5,5,イノセントソレル,セ,0,56.0,518,-2,野畑凌,宇野博,,8,0:49.8,37.1,6-8,1,518,-2
2023/08/10,浦和,2,浦和８００ラウンドＣ３選抜馬ア,800,ダ,左,重,晴,12,3,3,エスポワールフレア,牝,4,54.0,463,7,櫻井光,野口孝,,9,0:49.9,37.3,7-6,10,463,7
2023/08/10,浦和,2,浦和８００ラウンドＣ３選抜馬ア,800,ダ,左,重,晴,12,6,8,ハクサンバレー,牝,6,54.0,447,0,吉留孝,薮口一,,10,0:50.4,37.1,9-10,11,447,0
2023/08/10,浦和,2,浦和８００ラウンドＣ３選抜馬ア,800,ダ,左,重,晴,12,5,6,オールドボンバー,牡,7,56.0,486,1,福原杏,横山保,,11,0:50.5,37.1,11-11,8,486,1
2023/08/10,浦和,2,浦和８００ラウンドＣ３選抜馬ア,800,ダ,左,重,晴,12,4,4,エスケイローレンス,牝,4,54.0,450,6,國分祐,冨田敏,,12,0:50.5,36.9,12-12,12,450,6
2023/08/10,浦和,3,２歳三,1400,ダ,左,重,晴,8,3,3,サザンウィンド,牝,2,54.0,425,7,森泰斗,小久智,,1,1:32.4,39.2,1-1-1-1,1,425,7
2023/08/10,浦和,3,２歳三,1400,ダ,左,重,晴,8,1,1,ツガノショウグン,牡,2,54.0,467,-5,保園翔,山越光,,2,1:32.8,39.1,4-4-3-2,2,467,-5
2023/08/10,浦和,3,２歳三,1400,ダ,左,重,晴,8,7,7,ギガフォルス,牡,2,54.0,456,1,岡田大,薮口一,,3,1:35.5,41.9,3-3-4-4,6,456,1
2023/08/10,浦和,3,２歳三,1400,ダ,左,重,晴,8,4,4,トコトコトッコトコ,牝,2,54.0,480,5,福原杏,宇野博,,4,1:35.5,42.1,2-2-2-3,3,480,5
2023/08/10,浦和,3,２歳三,1400,ダ,左,重,晴,8,5,5,チイサナイヤリング,牝,2,52.0,423,-6,室陽一,小林真,,5,1:35.7,41.4,6-6-6-6,4,423,-6
2023/08/10,浦和,3,２歳三,1400,ダ,左,重,晴,8,8,8,チョットオトシモノ,牝,2,54.0,429,-2,半澤慶,小林真,,6,1:36.3,42.4,5-5-5-5,5,429,-2
2023/08/10,浦和,3,２歳三,1400,ダ,左,重,晴,8,6,6,ドケンヤローズ,牝,2,54.0,436,-4,内田利,野口孝,,7,1:36.7,42.2,7-7-7-7,8,436,-4
2023/08/10,浦和,3,２歳三,1400,ダ,左,重,晴,8,2,2,ラガッツァステッラ,牝,2,54.0,461,5,見越彬,藤原智,,,,,8-8,7,461,5
2023/08/10,浦和,4,２歳二,1400,ダ,左,重,晴,8,7,7,ケンアトラス,牡,2,54.0,472,-1,笹川翼,繁田健,,1,1:32.1,40.9,2-2-2-1,2,472,-1
2023/08/10,浦和,4,２歳二,1400,ダ,左,重,晴,8,3,3,アニモ,牝,2,54.0,418,9,保園翔,岡田一,,2,1:32.2,40.2,5-5-3-2,5,418,9
2023/08/10,浦和,4,２歳二,1400,ダ,左,重,晴,8,8,8,カプローニ,牝,2,54.0,442,4,和田譲,酒井一,,3,1:33.1,41.3,6-3-4-4,1,442,4
2023/08/10,浦和,4,２歳二,1400,ダ,左,重,晴,8,6,6,ユウユウプルニーマ,牝,2,54.0,421,4,秋元耕,横山保,,4,1:34.1,40.9,8-8-6-5,4,421,4
2023/08/10,浦和,4,２歳二,1400,ダ,左,重,晴,8,2,2,ビナミトー,牝,2,54.0,462,-2,藤本現,酒井一,,5,1:34.3,43.3,1-1-1-3,3,462,-2
2023/08/10,浦和,4,２歳二,1400,ダ,左,重,晴,8,5,5,シェナテイオー,牡,2,53.0,417,-7,七夕裕,冨田敏,,6,1:36.5,43.6,4-6-7-7,8,417,-7
2023/08/10,浦和,4,２歳二,1400,ダ,左,重,晴,8,1,1,ハッカキャンディー,牡,2,54.0,513,7,山崎誠,藤原智,,7,1:38.1,45.0,7-7-5-6,6,513,7
2023/08/10,浦和,4,２歳二,1400,ダ,左,重,晴,8,4,4,オニバ,牡,2,54.0,466,-1,櫻井光,山越光,,8,1:42.9,50.6,3-4-8-8,7,466,-1
2023/08/10,浦和,5,特選３歳二,1400,ダ,左,重,晴,10,6,6,リュウノボマーク,牝,3,54.0,458,-3,森泰斗,野口寛,,1,1:31.7,39.8,3-4-4-3,1,458,-3
2023/08/10,浦和,5,特選３歳二,1400,ダ,左,重,晴,10,7,8,ジャヌウブ,牝,3,51.0,463,15,及川烈,小久智,,2,1:31.6,39.9,2-3-1-1,3,463,15
2023/08/10,浦和,5,特選３歳二,1400,ダ,左,重,晴,10,5,5,アポロパシュート,セ,0,56.0,435,1,笹川翼,小澤宏,,3,1:33.0,41.3,1-1-1-2,2,435,1
2023/08/10,浦和,5,特選３歳二,1400,ダ,左,重,晴,10,2,2,クラダイリン,牝,3,53.0,504,4,七夕裕,長谷忍,,4,1:33.1,40.4,9-9-8-7,5,504,4
2023/08/10,浦和,5,特選３歳二,1400,ダ,左,重,晴,10,7,7,アメ,牝,3,54.0,443,1,加藤和,長谷忍,,5,1:33.1,41.4,6-2-3-4,7,443,1
2023/08/10,浦和,5,特選３歳二,1400,ダ,左,重,晴,10,4,4,リュウノファントム,牡,3,56.0,464,-5,高橋哲,野口孝,,6,1:33.4,41.1,5-5-6-5,8,464,-5
2023/08/10,浦和,5,特選３歳二,1400,ダ,左,重,晴,10,3,3,ソウルフレイバー,セ,0,56.0,401,-26,福原杏,繁田健,,7,1:33.5,41.2,4-7-7-8,4,401,-26
2023/08/10,浦和,5,特選３歳二,1400,ダ,左,重,晴,10,8,10,ワールドバトル,牡,3,56.0,477,-1,笠野雄,海馬司,,8,1:33.9,41.9,7-6-5-6,6,477,-1
2023/08/10,浦和,5,特選３歳二,1400,ダ,左,重,晴,10,1,1,シナノフローレンス,牝,3,54.0,396,-2,保園翔,岡田一,,9,1:34.1,41.4,8-8-9-9,9,396,-2
2023/08/10,浦和,5,特選３歳二,1400,ダ,左,重,晴,10,8,9,ウィンターソング,牝,3,54.0,451,-12,秋元耕,入口由,,10,1:36.7,42.4,10-10-10-10,10,451,-12
2023/08/10,浦和,6,特選３歳一,1500,ダ,左,稍重,晴,10,8,10,カガヤキタイヨー,牝,3,54.0,433,7,櫻井光,海馬司,,1,1:38.7,40.1,3-3-3-1,7,433,7
2023/08/10,浦和,6,特選３歳一,1500,ダ,左,稍重,晴,10,7,8,ダプネマリン,牝,3,54.0,406,0,橋本直,入口由,,2,1:39.5,40.0,10-9-8-4,6,406,0
2023/08/10,浦和,6,特選３歳一,1500,ダ,左,稍重,晴,10,2,2,メガバズーカランチ,牝,3,54.0,455,2,内田利,工藤伸,,3,1:39.8,40.8,5-5-4-2,8,455,2
2023/08/10,浦和,6,特選３歳一,1500,ダ,左,稍重,晴,10,4,4,トライジャーニー,牡,3,56.0,477,0,森泰斗,小久智,,4,1:40.2,41.4,4-4-5-6,1,477,0
2023/08/10,浦和,6,特選３歳一,1500,ダ,左,稍重,晴,10,5,5,ラブルパイル,牡,3,56.0,468,14,秋元耕,入口由,,5,1:40.8,41.6,6-7-6-7,2,468,14
2023/08/10,浦和,6,特選３歳一,1500,ダ,左,稍重,晴,10,8,9,ウオッカガール,牝,3,53.0,483,6,菅原涼,箕輪武,,6,1:40.9,42.9,1-1-1-3,5,483,6
2023/08/10,浦和,6,特選３歳一,1500,ダ,左,稍重,晴,10,1,1,ポッピングシャワー,牝,3,54.0,428,-2,福原杏,川村守,,7,1:41.3,42.0,8-6-7-8,10,428,-2
2023/08/10,浦和,6,特選３歳一,1500,ダ,左,稍重,晴,10,6,6,シナノホワイト,牡,3,55.0,501,2,七夕裕,岡田一,,8,1:41.7,43.7,2-2-2-5,3,501,2
2023/08/10,浦和,6,特選３歳一,1500,ダ,左,稍重,晴,10,7,7,エアファールング,牡,3,56.0,477,-3,保園翔,山越光,,9,1:41.9,42.2,7-10-9-9,4,477,-3
2023/08/10,浦和,6,特選３歳一,1500,ダ,左,稍重,晴,10,3,3,アイリイファースト,牝,3,52.0,483,-7,室陽一,山越光,,10,1:45.8,45.8,9-8-10-10,9,483,-7
2023/08/10,浦和,7,南区ヒマワリ賞Ｃ２五,1500,ダ,左,稍重,晴,9,8,8,ブルーインサニティ,セ,0,56.0,505,5,半澤慶,工藤伸,,1,1:38.3,40.2,3-3-1-1,6,505,5
2023/08/10,浦和,7,南区ヒマワリ賞Ｃ２五,1500,ダ,左,稍重,晴,9,2,2,モモドリーム,牝,5,54.0,476,-10,福原杏,平山真,,2,1:38.6,40.3,4-4-2-2,8,476,-10
2023/08/10,浦和,7,南区ヒマワリ賞Ｃ２五,1500,ダ,左,稍重,晴,9,7,7,ユメミルツキ,牝,4,51.0,468,-2,及川烈,鹿沼和,,3,1:39.4,40.8,5-5-4-3,3,468,-2
2023/08/10,浦和,7,南区ヒマワリ賞Ｃ２五,1500,ダ,左,稍重,晴,9,6,6,マルノアンナ,牝,4,54.0,450,1,岡田大,川村守,,4,1:39.9,39.5,9-9-8-8,5,450,1
2023/08/10,浦和,7,南区ヒマワリ賞Ｃ２五,1500,ダ,左,稍重,晴,9,5,5,ハクアイアトム,牡,5,54.0,473,-2,室陽一,宇野博,,5,1:40.0,40.6,6-6-6-6,1,473,-2
2023/08/10,浦和,7,南区ヒマワリ賞Ｃ２五,1500,ダ,左,稍重,晴,9,3,3,ブルベアマイル,牡,6,55.0,456,-4,七夕裕,岡田一,,6,1:40.1,41.9,1-1-3-4,4,456,-4
2023/08/10,浦和,7,南区ヒマワリ賞Ｃ２五,1500,ダ,左,稍重,晴,9,4,4,ケイアイマボラ,牡,6,56.0,460,0,吉留孝,横山保,,7,1:40.3,40.7,7-7-7-7,9,460,0
2023/08/10,浦和,7,南区ヒマワリ賞Ｃ２五,1500,ダ,左,稍重,晴,9,8,9,スティールマドンナ,牝,5,54.0,462,-10,櫻井光,小澤宏,,8,1:40.7,42.3,2-2-5-5,7,462,-10
2023/08/10,浦和,7,南区ヒマワリ賞Ｃ２五,1500,ダ,左,稍重,晴,9,1,1,スイートナイト,牝,5,54.0,457,-5,秋元耕,入口由,,9,1:40.8,40.2,8-8-9-9,2,457,-5
2023/08/10,浦和,8,鳳仙花特別Ｃ１六Ｃ２一,1500,ダ,左,稍重,晴,10,5,5,フェリスダージ,牝,5,55.0,429,6,内田利,工藤伸,,1,1:38.7,39.9,7-7-6-3,7,429,6
2023/08/10,浦和,8,鳳仙花特別Ｃ１六Ｃ２一,1500,ダ,左,稍重,晴,10,8,10,ハクサンクラーケン,牡,5,55.0,490,-4,澤田龍,矢野義,,2,1:38.8,41.4,3-3-1-1,2,490,-4
2023/08/10,浦和,8,鳳仙花特別Ｃ１六Ｃ２一,1500,ダ,左,稍重,晴,10,2,2,ゲンパチカガヤキ,牡,8,55.0,497,1,保園翔,小澤宏,,3,1:39.2,40.0,8-8-8-5,8,497,1
2023/08/10,浦和,8,鳳仙花特別Ｃ１六Ｃ２一,1500,ダ,左,稍重,晴,10,7,8,スマイルヌイロア,牝,4,53.0,455,3,張田昂,宇野博,,4,1:39.4,42.0,2-2-2-2,1,455,3
2023/08/10,浦和,8,鳳仙花特別Ｃ１六Ｃ２一,1500,ダ,左,稍重,晴,10,8,9,ログハウス,牝,8,55.0,479,6,橋本直,平山真,,5,1:39.4,39.7,10-10-9-9,5,479,6
2023/08/10,浦和,8,鳳仙花特別Ｃ１六Ｃ２一,1500,ダ,左,稍重,晴,10,6,6,キトゥンズルンバ,セ,0,55.0,474,0,野畑凌,水野貴,,6,1:39.8,41.8,4-4-5-4,6,474,0
2023/08/10,浦和,8,鳳仙花特別Ｃ１六Ｃ２一,1500,ダ,左,稍重,晴,10,1,1,ムーランブラン,牝,7,55.0,470,2,山崎誠,藤原智,,7,1:39.9,40.9,6-6-7-7,9,470,2
2023/08/10,浦和,8,鳳仙花特別Ｃ１六Ｃ２一,1500,ダ,左,稍重,晴,10,7,7,サトノトリガー,牡,6,57.0,454,-2,秋元耕,小林真,,8,1:40.7,40.8,9-9-10-10,10,454,-2
2023/08/10,浦和,8,鳳仙花特別Ｃ１六Ｃ２一,1500,ダ,左,稍重,晴,10,3,3,ビーマジカル,牝,4,53.0,451,0,町田直,野口孝,,9,1:40.9,42.9,5-5-4-6,3,451,0
2023/08/10,浦和,8,鳳仙花特別Ｃ１六Ｃ２一,1500,ダ,左,稍重,晴,10,4,4,アキノポエム,牝,4,55.0,474,9,本橋孝,小久智,,10,1:41.8,44.4,1-1-3-8,4,474,9
2023/08/10,浦和,9,染色月特別Ｃ１四,1400,ダ,左,稍重,晴,10,8,10,ジュース,牝,4,54.0,425,13,森泰斗,小久智,,1,1:29.3,39.1,4-5-3-1,3,425,13
2023/08/10,浦和,9,染色月特別Ｃ１四,1400,ダ,左,稍重,晴,10,5,5,ブレイブジャンヌ,牝,4,53.0,487,-5,七夕裕,工藤伸,,2,1:29.8,39.8,3-3-1-2,1,487,-5
2023/08/10,浦和,9,染色月特別Ｃ１四,1400,ダ,左,稍重,晴,10,4,4,リョウタスペシャル,牡,3,55.0,433,6,岡村健,小澤宏,,3,1:30.8,40.5,5-4-5-3,7,433,6
2023/08/10,浦和,9,染色月特別Ｃ１四,1400,ダ,左,稍重,晴,10,6,6,ケイセブン,牡,5,56.0,445,3,内田利,箕輪武,,4,1:30.9,40.2,7-7-7-6,4,445,3
2023/08/10,浦和,9,染色月特別Ｃ１四,1400,ダ,左,稍重,晴,10,8,9,ガーディアン,牡,5,56.0,484,7,橋本直,平山真,,5,1:31.6,39.7,10-9-9-9,5,484,7
2023/08/10,浦和,9,染色月特別Ｃ１四,1400,ダ,左,稍重,晴,10,1,1,イデアノキセキ,牡,4,54.0,447,1,室陽一,岡田一,,6,1:31.7,41.6,6-6-4-5,6,447,1
2023/08/10,浦和,9,染色月特別Ｃ１四,1400,ダ,左,稍重,晴,10,2,2,イエローエイト,牝,3,53.0,468,2,保園翔,川島豊,,7,1:32.1,42.2,1-1-2-4,9,468,2
2023/08/10,浦和,9,染色月特別Ｃ１四,1400,ダ,左,稍重,晴,10,7,7,エンタクノキシ,牡,4,56.0,478,-3,見越彬,藤原智,,8,1:33.2,41.9,8-8-8-7,8,478,-3
2023/08/10,浦和,9,染色月特別Ｃ１四,1400,ダ,左,稍重,晴,10,7,8,セイウンコチョウ,牝,4,54.0,392,-2,國分祐,冨田敏,,9,1:33.3,41.2,9-10-10-10,10,392,-2
2023/08/10,浦和,9,染色月特別Ｃ１四,1400,ダ,左,稍重,晴,10,3,3,フウゲツムヘン,牝,4,54.0,452,-8,笹川翼,野口寛,,10,1:34.4,44.3,2-2-6-8,2,452,-8
2023/08/10,浦和,10,葉月特別Ｂ３三,1400,ダ,左,稍重,晴,8,4,4,ワラ,牡,3,55.0,442,1,福原杏,水野貴,,1,1:29.8,38.7,5-5-4-4,5,442,1
2023/08/10,浦和,10,葉月特別Ｂ３三,1400,ダ,左,稍重,晴,8,5,5,デルタ,牝,6,54.0,450,3,内田利,岡田一,,2,1:30.2,39.7,1-1-1-1,6,450,3
2023/08/10,浦和,10,葉月特別Ｂ３三,1400,ダ,左,稍重,晴,8,7,7,ハクサンセーラー,牝,4,54.0,444,-8,澤田龍,矢野義,,3,1:30.5,39.8,2-2-2-2,4,444,-8
2023/08/10,浦和,10,葉月特別Ｂ３三,1400,ダ,左,稍重,晴,8,8,8,シルバ,牝,4,54.0,431,-3,笹川翼,小久智,,4,1:30.6,39.7,3-3-3-5,3,431,-3
2023/08/10,浦和,10,葉月特別Ｂ３三,1400,ダ,左,稍重,晴,8,3,3,ミティエラ,牝,4,54.0,498,-5,和田譲,工藤伸,,5,1:30.7,39.8,4-4-5-3,1,498,-5
2023/08/10,浦和,10,葉月特別Ｂ３三,1400,ダ,左,稍重,晴,8,2,2,リュウノアン,牝,4,54.0,466,-2,見越彬,川村守,,6,1:31.5,39.2,8-8-8-6,7,466,-2
2023/08/10,浦和,10,葉月特別Ｂ３三,1400,ダ,左,稍重,晴,8,1,1,マインドユアミモザ,牝,3,53.0,452,-7,櫻井光,河津裕,,7,1:31.7,39.8,7-7-6-7,8,452,-7
2023/08/10,浦和,10,葉月特別Ｂ３三,1400,ダ,左,稍重,晴,8,6,6,ジョーフォック,牡,3,55.0,469,4,森泰斗,小久智,,8,1:34.0,42.3,6-6-7-8,2,469,4
2023/08/10,浦和,11,’２３トワイライトカップＡ２下選抜馬,1400,ダ,左,稍重,晴,7,3,3,リヴィフェイス,牡,4,57.0,476,-5,御神訓,石井勝,,1,1:27.4,38.2,2-1-1-1,1,476,-5
2023/08/10,浦和,11,’２３トワイライトカップＡ２下選抜馬,1400,ダ,左,稍重,晴,7,2,2,エンテレケイア,牡,5,57.0,520,7,クアト,小久智,,2,1:27.8,38.4,1-2-2-2,2,520,7
2023/08/10,浦和,11,’２３トワイライトカップＡ２下選抜馬,1400,ダ,左,稍重,晴,7,7,7,モリデンアロー,牡,5,57.0,503,-4,町田直,繁田健,,3,1:28.7,38.7,5-5-4-4,4,503,-4
2023/08/10,浦和,11,’２３トワイライトカップＡ２下選抜馬,1400,ダ,左,稍重,晴,7,6,6,キングオブザナイル,牡,3,52.0,477,3,福原杏,小久智,,4,1:29.0,39.5,3-3-3-3,3,477,3
2023/08/10,浦和,11,’２３トワイライトカップＡ２下選抜馬,1400,ダ,左,稍重,晴,7,4,4,フクノアルズ,セ,0,55.0,495,2,笠野雄,佐藤太,,5,1:29.2,39.4,4-4-5-5,5,495,2
2023/08/10,浦和,11,’２３トワイライトカップＡ２下選抜馬,1400,ダ,左,稍重,晴,7,1,1,エイシンデジタル,牡,8,57.0,532,2,藤本現,新井清,,6,1:29.7,38.7,7-6-6-6,7,532,2
2023/08/10,浦和,11,’２３トワイライトカップＡ２下選抜馬,1400,ダ,左,稍重,晴,7,5,5,アトカラツイテクル,牝,3,52.0,489,-11,半澤慶,宇野博,,7,1:32.8,41.4,6-7-7-7,6,489,-11
2023/08/10,浦和,12,夕涼み特別Ｃ３選抜馬,2000,ダ,左,稍重,晴,11,1,1,スプリングネージュ,牝,5,54.0,447,-1,福原杏,鹿沼和,,1,2:14.6,40.1,1-1-1-1,3,447,-1
2023/08/10,浦和,12,夕涼み特別Ｃ３選抜馬,2000,ダ,左,稍重,晴,11,3,3,カイジンビリーヴ,牡,5,56.0,510,-5,高橋哲,入口由,,2,2:17.0,41.1,10-7-6-5,6,510,-5
2023/08/10,浦和,12,夕涼み特別Ｃ３選抜馬,2000,ダ,左,稍重,晴,11,7,9,ベリリウンヌ,牝,5,53.0,426,-3,七夕裕,海馬司,,3,2:17.2,42.6,2-2-2-2,5,426,-3
2023/08/10,浦和,12,夕涼み特別Ｃ３選抜馬,2000,ダ,左,稍重,晴,11,5,5,ウイングラドナス,牡,4,53.0,461,0,及川烈,内野健,,4,2:17.3,41.7,5-6-4-3,1,461,0
2023/08/10,浦和,12,夕涼み特別Ｃ３選抜馬,2000,ダ,左,稍重,晴,11,6,7,ルルド,セ,0,56.0,424,6,岡村健,平山真,,5,2:17.8,41.2,11-11-9-6,9,424,6
2023/08/10,浦和,12,夕涼み特別Ｃ３選抜馬,2000,ダ,左,稍重,晴,11,8,10,シシリアンルージュ,牡,4,56.0,481,-3,加藤和,薮口一,,6,2:18.1,42.9,3-3-3-4,8,481,-3
2023/08/10,浦和,12,夕涼み特別Ｃ３選抜馬,2000,ダ,左,稍重,晴,11,8,11,エンバース,牡,4,56.0,493,3,岡田大,海馬司,,7,2:18.7,43.0,6-5-7-7,7,493,3
2023/08/10,浦和,12,夕涼み特別Ｃ３選抜馬,2000,ダ,左,稍重,晴,11,6,6,サヨノシルバーズ,牡,4,56.0,477,-2,藤江渉,工藤伸,,8,2:19.3,43.8,4-4-5-8,2,477,-2
2023/08/10,浦和,12,夕涼み特別Ｃ３選抜馬,2000,ダ,左,稍重,晴,11,4,4,レーダーベクター,牡,4,54.0,461,-6,室陽一,川村守,,9,2:20.0,43.8,9-9-8-9,10,461,-6
2023/08/10,浦和,12,夕涼み特別Ｃ３選抜馬,2000,ダ,左,稍重,晴,11,7,8,ワイズマンコート,牡,4,56.0,456,0,半澤慶,川島豊,,10,2:21.1,44.4,7-8-11-11,11,456,0
2023/08/10,浦和,12,夕涼み特別Ｃ３選抜馬,2000,ダ,左,稍重,晴,11,2,2,シェナコブシ,牡,4,56.0,484,-1,秋元耕,吉田正,,11,2:21.2,44.6,8-10-10-10,4,484,-1
2023/08/11,浦和,1,Ｃ３七 八 九,1400,ダ,左,稍重,晴,11,7,9,シエスタキー,牡,6,56.0,503,8,藤江渉,川村守,,1,1:32.2,39.9,1-1-1-1,1,503,8
2023/08/11,浦和,1,Ｃ３七 八 九,1400,ダ,左,稍重,晴,11,8,11,パレスギガント,牡,7,55.0,476,1,七夕裕,長谷忍,,2,1:32.7,40.4,2-2-2-2,4,476,1
2023/08/11,浦和,1,Ｃ３七 八 九,1400,ダ,左,稍重,晴,11,1,1,スパークルガール,牝,7,51.0,432,1,及川烈,長谷忍,,3,1:32.8,39.5,3-3-3-3,3,432,1
2023/08/11,浦和,1,Ｃ３七 八 九,1400,ダ,左,稍重,晴,11,4,4,ユウユウリアン,牡,7,56.0,439,5,吉留孝,横山保,,4,1:33.2,39.7,5-5-5-4,5,439,5
2023/08/11,浦和,1,Ｃ３七 八 九,1400,ダ,左,稍重,晴,11,2,2,コンディトラム,牡,6,56.0,494,0,橋本直,川村守,,5,1:33.9,40.8,4-4-4-5,2,494,0
2023/08/11,浦和,1,Ｃ３七 八 九,1400,ダ,左,稍重,晴,11,7,8,ニシノサトル,牡,7,56.0,486,-3,内田利,吉田正,,6,1:34.6,40.7,6-6-6-6,7,486,-3
2023/08/11,浦和,1,Ｃ３七 八 九,1400,ダ,左,稍重,晴,11,6,6,ネオエンジェル,牝,7,54.0,439,0,國分祐,冨田敏,,7,1:34.7,40.0,8-8-8-8,6,439,0
2023/08/11,浦和,1,Ｃ３七 八 九,1400,ダ,左,稍重,晴,11,6,7,ゴールドボード,牝,4,54.0,516,-1,見越彬,箕輪武,,8,1:34.9,40.4,7-7-7-7,10,516,-1
2023/08/11,浦和,1,Ｃ３七 八 九,1400,ダ,左,稍重,晴,11,5,5,アールレアル,セ,0,56.0,447,-4,福原杏,川村守,,9,1:36.7,41.4,9-9-9-9,8,447,-4
2023/08/11,浦和,1,Ｃ３七 八 九,1400,ダ,左,稍重,晴,11,3,3,サノチナ,牝,6,54.0,426,-6,半澤慶,川島豊,,,,,10-10-10,9,426,-6
2023/08/11,浦和,1,Ｃ３七 八 九,1400,ダ,左,稍重,晴,11,8,10,チェンマイルージュ,牝,7,54.0,475,-8,秋元耕,鈴木勝,,,,,,,475,-8
2023/08/11,浦和,2,ランチタイムチャレンジＣ３七 八 九,1500,ダ,左,稍重,晴,10,5,5,パーティーアニマル,牡,7,56.0,458,-1,高橋哲,海馬司,,1,1:39.7,40.5,3-3-1-1,1,458,-1
2023/08/11,浦和,2,ランチタイムチャレンジＣ３七 八 九,1500,ダ,左,稍重,晴,10,8,9,ミストラ,セ,0,56.0,514,6,中越琉,村田六,,2,1:40.6,41.0,7-5-4-2,4,514,6
2023/08/11,浦和,2,ランチタイムチャレンジＣ３七 八 九,1500,ダ,左,稍重,晴,10,2,2,ホロシリダケ,セ,0,56.0,479,-2,内田利,野口孝,,3,1:41.0,41.0,9-8-7-6,2,479,-2
2023/08/11,浦和,2,ランチタイムチャレンジＣ３七 八 九,1500,ダ,左,稍重,晴,10,7,7,プリュイ,牡,5,56.0,430,2,加藤和,薮口一,,4,1:41.2,41.8,4-4-5-3,3,430,2
2023/08/11,浦和,2,ランチタイムチャレンジＣ３七 八 九,1500,ダ,左,稍重,晴,10,6,6,スマイルジーニアス,セ,0,56.0,497,0,岡田大,鹿沼和,,5,1:41.8,42.0,6-6-6-7,5,497,0
2023/08/11,浦和,2,ランチタイムチャレンジＣ３七 八 九,1500,ダ,左,稍重,晴,10,3,3,ニシノマリアージュ,牝,7,54.0,406,1,國分祐,冨田敏,,6,1:41.9,42.7,2-2-3-5,6,406,1
2023/08/11,浦和,2,ランチタイムチャレンジＣ３七 八 九,1500,ダ,左,稍重,晴,10,1,1,スクリームイーグル,セ,0,54.0,457,8,室陽一,酒井一,,7,1:42.2,43.0,1-1-2-4,7,457,8
2023/08/11,浦和,2,ランチタイムチャレンジＣ３七 八 九,1500,ダ,左,稍重,晴,10,7,8,ジニアズウィッシュ,牝,7,54.0,479,8,見越彬,小林真,,8,1:43.9,43.7,5-7-8-8,8,479,8
2023/08/11,浦和,2,ランチタイムチャレンジＣ３七 八 九,1500,ダ,左,稍重,晴,10,4,4,メイショウコウヨウ,牝,4,54.0,454,1,福原杏,川村守,,9,1:44.4,43.5,10-10-9-9,9,454,1
2023/08/11,浦和,2,ランチタイムチャレンジＣ３七 八 九,1500,ダ,左,稍重,晴,10,8,10,キネンビ,牝,4,54.0,462,-1,保園翔,薮口一,,10,1:45.3,44.5,8-9-10-10,10,462,-1
2023/08/11,浦和,3,浦和８００ラウンド３歳選抜馬,800,ダ,左,良,晴,12,5,5,ラインクロッカス,牝,3,54.0,408,0,秋元耕,小澤宏,,1,0:47.7,35.8,3-3,2,408,0
2023/08/11,浦和,3,浦和８００ラウンド３歳選抜馬,800,ダ,左,良,晴,12,3,3,ダンシングクライ,牝,3,54.0,471,0,高橋哲,藤原智,,2,0:47.7,35.8,1-1,4,471,0
2023/08/11,浦和,3,浦和８００ラウンド３歳選抜馬,800,ダ,左,良,晴,12,1,1,フロレンティア,牝,3,54.0,465,1,野畑凌,工藤伸,,3,0:47.7,35.8,2-2,1,465,1
2023/08/11,浦和,3,浦和８００ラウンド３歳選抜馬,800,ダ,左,良,晴,12,6,7,クリプリンセス,牝,3,54.0,408,8,加藤和,冨田敏,,4,0:48.9,36.3,6-4,6,408,8
2023/08/11,浦和,3,浦和８００ラウンド３歳選抜馬,800,ダ,左,良,晴,12,8,12,モモナ,牝,3,54.0,388,-2,山崎誠,野口孝,,5,0:49.2,36.9,4-5,3,388,-2
2023/08/11,浦和,3,浦和８００ラウンド３歳選抜馬,800,ダ,左,良,晴,12,5,6,ティフィンタイガー,牡,3,55.0,410,-2,七夕裕,酒井一,,6,0:49.6,37.5,5-6,8,410,-2
2023/08/11,浦和,3,浦和８００ラウンド３歳選抜馬,800,ダ,左,良,晴,12,2,2,エマーブルクラス,牝,3,54.0,442,18,吉留孝,薮口一,,7,0:50.1,36.7,10-8,5,442,18
2023/08/11,浦和,3,浦和８００ラウンド３歳選抜馬,800,ダ,左,良,晴,12,4,4,フェアリーパワポケ,牝,3,52.0,418,-1,木間龍,薮口一,,8,0:50.4,37.6,8-9,11,418,-1
2023/08/11,浦和,3,浦和８００ラウンド３歳選抜馬,800,ダ,左,良,晴,12,8,11,ビナダナン,牝,3,54.0,471,-5,橋本直,酒井一,,9,0:50.5,37.7,7-7,10,471,-5
2023/08/11,浦和,3,浦和８００ラウンド３歳選抜馬,800,ダ,左,良,晴,12,7,9,インベンション,牝,3,51.0,436,-4,及川烈,長谷忍,,10,0:50.6,37.2,11-10,7,436,-4
2023/08/11,浦和,3,浦和８００ラウンド３歳選抜馬,800,ダ,左,良,晴,12,6,8,モエヨジャンヌ,牝,3,54.0,403,10,内田利,箕輪武,,11,0:51.2,38.4,9-11,12,403,10
2023/08/11,浦和,3,浦和８００ラウンド３歳選抜馬,800,ダ,左,良,晴,12,7,10,ハッサクサン,牝,3,54.0,470,4,福原杏,水野貴,,12,0:52.5,38.1,12-12,9,470,4
2023/08/11,浦和,4,Ｃ３七 八 九,1400,ダ,左,良,晴,10,7,8,ユメノハジマリ,牝,7,52.0,480,6,室陽一,水野貴,,1,1:32.0,40.0,1-1-1-1,2,480,6
2023/08/11,浦和,4,Ｃ３七 八 九,1400,ダ,左,良,晴,10,1,1,ユメツクシ,牝,7,51.0,478,3,及川烈,長谷忍,,2,1:32.6,39.6,4-4-4-2,1,478,3
2023/08/11,浦和,4,Ｃ３七 八 九,1400,ダ,左,良,晴,10,8,9,トキノカサドール,牡,8,55.0,459,5,七夕裕,横山保,,3,1:33.4,40.9,2-2-2-3,3,459,5
2023/08/11,浦和,4,Ｃ３七 八 九,1400,ダ,左,良,晴,10,6,6,ラッキーアモン,牡,7,56.0,521,4,秋元耕,箕輪武,,4,1:33.8,40.0,5-5-6-6,9,521,4
2023/08/11,浦和,4,Ｃ３七 八 九,1400,ダ,左,良,晴,10,2,2,アミン,牝,6,54.0,474,6,見越彬,冨田敏,,5,1:34.0,41.2,3-3-3-4,4,474,6
2023/08/11,浦和,4,Ｃ３七 八 九,1400,ダ,左,良,晴,10,4,4,ゴールドスペンサー,牡,5,56.0,473,2,保園翔,吉田正,,6,1:34.1,41.1,6-6-5-5,5,473,2
2023/08/11,浦和,4,Ｃ３七 八 九,1400,ダ,左,良,晴,10,7,7,ファーマスター,牝,5,54.0,431,1,福原杏,川村守,,7,1:34.6,40.4,7-7-7-7,7,431,1
2023/08/11,浦和,4,Ｃ３七 八 九,1400,ダ,左,良,晴,10,5,5,ヒナマル,牝,4,52.0,426,6,木間龍,長谷忍,,8,1:35.6,40.4,8-8-9-9,8,426,6
2023/08/11,浦和,4,Ｃ３七 八 九,1400,ダ,左,良,晴,10,3,3,デリスブラン,牡,5,56.0,477,2,藤江渉,山越光,,9,1:35.7,40.7,10-9-8-8,6,477,2
2023/08/11,浦和,4,Ｃ３七 八 九,1400,ダ,左,良,晴,10,8,10,シェナマジック,牡,4,56.0,428,5,國分祐,冨田敏,,10,1:39.2,43.2,9-10-10-10,10,428,5
2023/08/11,浦和,5,Ｃ２三 四,1400,ダ,左,良,晴,9,4,4,ハクサンメモリー,牝,4,54.0,432,3,澤田龍,矢野義,,1,1:29.9,39.0,3-3-3-1,3,432,3
2023/08/11,浦和,5,Ｃ２三 四,1400,ダ,左,良,晴,9,8,8,ルージュカプリス,牝,6,53.0,418,-8,七夕裕,長谷忍,,2,1:30.4,39.1,7-7-5-3,2,418,-8
2023/08/11,浦和,5,Ｃ２三 四,1400,ダ,左,良,晴,9,7,7,ライヴガーネット,牝,4,54.0,464,26,野畑凌,工藤伸,,3,1:30.5,39.7,1-1-1-2,4,464,26
2023/08/11,浦和,5,Ｃ２三 四,1400,ダ,左,良,晴,9,3,3,ロジマスタング,牝,4,54.0,472,2,山崎誠,平山真,,4,1:31.6,40.7,2-2-2-4,1,472,2
2023/08/11,浦和,5,Ｃ２三 四,1400,ダ,左,良,晴,9,8,9,ヘーベー,牝,5,54.0,470,-1,保園翔,宇野博,,5,1:32.1,41.0,4-4-4-5,5,470,-1
2023/08/11,浦和,5,Ｃ２三 四,1400,ダ,左,良,晴,9,5,5,エトワールゴールド,牡,4,56.0,470,-7,吉留孝,薮口一,,6,1:32.8,40.5,9-9-8-8,9,470,-7
2023/08/11,浦和,5,Ｃ２三 四,1400,ダ,左,良,晴,9,6,6,キスアンドテル,牝,4,54.0,512,-1,張田昂,海馬司,,7,1:32.8,40.9,8-8-7-7,6,512,-1
2023/08/11,浦和,5,Ｃ２三 四,1400,ダ,左,良,晴,9,2,2,ニシノロゼ,牝,4,52.0,455,3,室陽一,小澤宏,,8,1:33.7,41.8,6-6-9-9,7,455,3
2023/08/11,浦和,5,Ｃ２三 四,1400,ダ,左,良,晴,9,1,1,グッドヘイロー,牝,4,54.0,506,2,半澤慶,山越光,,9,1:34.0,42.7,5-5-6-6,8,506,2
2023/08/11,浦和,6,Ｊ認 新選特別２歳一,1400,ダ,左,良,晴,8,8,8,アムクラージュ,牡,2,54.0,528,-1,山崎誠,藤原智,,1,1:29.1,38.3,4-3-1-1,2,528,-1
2023/08/11,浦和,6,Ｊ認 新選特別２歳一,1400,ダ,左,良,晴,8,6,6,トーセンヴィオラ,牡,2,54.0,464,6,森泰斗,小久智,,2,1:30.4,39.7,2-2-1-2,1,464,6
2023/08/11,浦和,6,Ｊ認 新選特別２歳一,1400,ダ,左,良,晴,8,5,5,スターサルファー,牡,2,54.0,476,11,澤田龍,小澤宏,,3,1:31.5,39.4,6-6-5-5,3,476,11
2023/08/11,浦和,6,Ｊ認 新選特別２歳一,1400,ダ,左,良,晴,8,2,2,ゴールドソニック,牡,2,54.0,488,0,半澤慶,鹿沼和,,4,1:32.0,40.7,5-4-4-3,5,488,0
2023/08/11,浦和,6,Ｊ認 新選特別２歳一,1400,ダ,左,良,晴,8,3,3,シャイニーアイドル,牝,2,54.0,472,5,秋元耕,藤原智,,5,1:32.4,41.5,1-1-3-4,6,472,5
2023/08/11,浦和,6,Ｊ認 新選特別２歳一,1400,ダ,左,良,晴,8,7,7,ピンクレモネード,牝,2,54.0,474,-2,張田昂,宇野博,,6,1:33.3,40.4,8-8-7-7,4,474,-2
2023/08/11,浦和,6,Ｊ認 新選特別２歳一,1400,ダ,左,良,晴,8,1,1,シナノヨシキュウ,牡,2,54.0,430,-1,保園翔,岡田一,,7,1:33.4,41.8,3-5-6-6,8,430,-1
2023/08/11,浦和,6,Ｊ認 新選特別２歳一,1400,ダ,左,良,晴,8,4,4,ユウユウアイリス,牝,2,51.0,421,-10,及川烈,横山保,,8,1:33.9,41.0,7-7-8-8,7,421,-10
2023/08/11,浦和,7,シャキッとジューシー　蓮田の梨Ｃ２三 四,1500,ダ,左,良,晴,10,6,6,ナツハヨル,牝,5,51.0,436,1,及川烈,横山保,,1,1:38.2,39.1,2-2-1-1,4,436,1
2023/08/11,浦和,7,シャキッとジューシー　蓮田の梨Ｃ２三 四,1500,ダ,左,良,晴,10,8,10,ハクシンエース,牡,5,56.0,442,-1,半澤慶,平山真,,2,1:38.6,39.1,5-4-5-6,8,442,-1
2023/08/11,浦和,7,シャキッとジューシー　蓮田の梨Ｃ２三 四,1500,ダ,左,良,晴,10,7,7,チャリタブルソート,牡,4,56.0,546,7,森泰斗,野口孝,,3,1:38.6,39.5,4-3-3-3,1,546,7
2023/08/11,浦和,7,シャキッとジューシー　蓮田の梨Ｃ２三 四,1500,ダ,左,良,晴,10,7,8,ミーティアカフェ,牝,5,53.0,474,-3,七夕裕,箕輪武,,4,1:38.8,39.3,6-6-4-5,6,474,-3
2023/08/11,浦和,7,シャキッとジューシー　蓮田の梨Ｃ２三 四,1500,ダ,左,良,晴,10,4,4,トモノクリスタル,牝,6,54.0,419,7,和田譲,小久智,,5,1:38.9,39.8,1-1-2-2,2,419,7
2023/08/11,浦和,7,シャキッとジューシー　蓮田の梨Ｃ２三 四,1500,ダ,左,良,晴,10,2,2,ティーズロック,牡,4,56.0,521,1,高橋哲,水野貴,,6,1:39.2,39.6,7-8-7-7,3,521,1
2023/08/11,浦和,7,シャキッとジューシー　蓮田の梨Ｃ２三 四,1500,ダ,左,良,晴,10,1,1,ピノモラーン,牡,5,55.0,471,3,新原周,野口孝,,7,1:39.2,39.6,3-5-6-4,7,471,3
2023/08/11,浦和,7,シャキッとジューシー　蓮田の梨Ｃ２三 四,1500,ダ,左,良,晴,10,3,3,サンラグナニゲル,牝,4,54.0,443,5,秋元耕,川村守,,8,1:40.1,39.8,9-9-9-9,9,443,5
2023/08/11,浦和,7,シャキッとジューシー　蓮田の梨Ｃ２三 四,1500,ダ,左,良,晴,10,8,9,ワンダーダイカネン,牡,6,56.0,482,2,橋本直,鈴木勝,,9,1:40.2,40.2,8-7-8-8,10,482,2
2023/08/11,浦和,7,シャキッとジューシー　蓮田の梨Ｃ２三 四,1500,ダ,左,良,晴,10,5,5,パラダイスアレイ,牡,5,56.0,469,-14,張田昂,小澤宏,,10,1:43.0,41.9,10-10-10-10,5,469,-14
2023/08/11,浦和,8,甘さいっぱい　梨の郷　蓮田賞Ｃ１五,1400,ダ,左,良,晴,11,6,7,サブリュウシン,牡,3,55.0,462,-1,笹川翼,平山真,,1,1:29.9,38.8,3-3-2-1,7,462,-1
2023/08/11,浦和,8,甘さいっぱい　梨の郷　蓮田賞Ｃ１五,1400,ダ,左,良,晴,11,6,6,ダイバオーソ,牡,5,56.0,463,-1,藤江渉,箕輪武,,2,1:29.9,38.0,10-10-8-5,4,463,-1
2023/08/11,浦和,8,甘さいっぱい　梨の郷　蓮田賞Ｃ１五,1400,ダ,左,良,晴,11,5,5,トーセンサブリナ,牝,3,51.0,456,6,室陽一,小久智,,3,1:30.2,39.3,2-2-1-2,1,456,6
2023/08/11,浦和,8,甘さいっぱい　梨の郷　蓮田賞Ｃ１五,1400,ダ,左,良,晴,11,2,2,ミミコチャン,牝,4,54.0,484,-5,半澤慶,小林真,,4,1:30.3,39.0,5-4-4-4,9,484,-5
2023/08/11,浦和,8,甘さいっぱい　梨の郷　蓮田賞Ｃ１五,1400,ダ,左,良,晴,11,7,9,ソプラヴェステ,牝,4,54.0,483,5,和田譲,宇野博,,5,1:30.4,38.9,4-5-5-3,2,483,5
2023/08/11,浦和,8,甘さいっぱい　梨の郷　蓮田賞Ｃ１五,1400,ダ,左,良,晴,11,4,4,エムリエール,牡,4,56.0,471,1,山中悠,小澤宏,,6,1:31.7,40.8,1-1-3-6,5,471,1
2023/08/11,浦和,8,甘さいっぱい　梨の郷　蓮田賞Ｃ１五,1400,ダ,左,良,晴,11,1,1,タートザッヘ,牝,4,54.0,445,4,見越彬,川島豊,,7,1:31.7,40.0,9-6-7-7,6,445,4
2023/08/11,浦和,8,甘さいっぱい　梨の郷　蓮田賞Ｃ１五,1400,ダ,左,良,晴,11,7,8,ブルベアヴェルデ,牡,7,56.0,481,2,吉留孝,藤原智,,8,1:32.1,40.1,7-9-10-11,8,481,2
2023/08/11,浦和,8,甘さいっぱい　梨の郷　蓮田賞Ｃ１五,1400,ダ,左,良,晴,11,8,10,シェナストーン,牡,3,55.0,431,2,秋元耕,吉田正,,9,1:32.4,40.5,8-8-9-9,10,431,2
2023/08/11,浦和,8,甘さいっぱい　梨の郷　蓮田賞Ｃ１五,1400,ダ,左,良,晴,11,3,3,ミッキーレタス,牝,4,54.0,492,16,本橋孝,小久智,,10,1:32.5,40.8,6-6-6-8,3,492,16
2023/08/11,浦和,8,甘さいっぱい　梨の郷　蓮田賞Ｃ１五,1400,ダ,左,良,晴,11,8,11,コンスタンティナ,牝,7,54.0,513,6,國分祐,冨田敏,,11,1:32.8,40.5,11-11-11-10,11,513,6
2023/08/11,浦和,9,甲武信ヶ岳特別Ｃ１三,1400,ダ,左,良,晴,12,5,5,アドミラブルエース,牡,4,56.0,475,-4,笹川翼,繁田健,,1,1:30.0,38.4,6-6-5-2,2,475,-4
2023/08/11,浦和,9,甲武信ヶ岳特別Ｃ１三,1400,ダ,左,良,晴,12,3,3,オデンシタ,牡,3,55.0,455,-2,森泰斗,野口寛,,2,1:30.1,38.1,9-8-6-6,5,455,-2
2023/08/11,浦和,9,甲武信ヶ岳特別Ｃ１三,1400,ダ,左,良,晴,12,7,10,レッドコーラル,牝,4,54.0,444,4,本橋孝,小久智,,3,1:30.2,39.9,1-1-1-1,1,444,4
2023/08/11,浦和,9,甲武信ヶ岳特別Ｃ１三,1400,ダ,左,良,晴,12,8,11,マスクドサムライ,牡,4,56.0,488,6,半澤慶,藤原智,,4,1:30.4,39.3,3-4-4-5,10,488,6
2023/08/11,浦和,9,甲武信ヶ岳特別Ｃ１三,1400,ダ,左,良,晴,12,6,7,ベルタント,牡,4,56.0,498,-11,和田譲,小久智,,5,1:30.6,40.1,2-3-3-4,3,498,-11
2023/08/11,浦和,9,甲武信ヶ岳特別Ｃ１三,1400,ダ,左,良,晴,12,2,2,アンファンドディユ,牡,6,56.0,434,-12,町田直,米谷康,,6,1:30.9,40.4,4-2-2-3,7,434,-12
2023/08/11,浦和,9,甲武信ヶ岳特別Ｃ１三,1400,ダ,左,良,晴,12,8,12,スーパーローズ,牝,6,53.0,492,3,七夕裕,野口孝,,7,1:31.1,39.0,11-12-7-7,6,492,3
2023/08/11,浦和,9,甲武信ヶ岳特別Ｃ１三,1400,ダ,左,良,晴,12,1,1,バトルオサンナ,牝,9,52.0,438,-4,室陽一,入口由,,8,1:31.3,39.0,8-7-11-10,9,438,-4
2023/08/11,浦和,9,甲武信ヶ岳特別Ｃ１三,1400,ダ,左,良,晴,12,6,8,ディンゴ,牝,5,54.0,458,-4,張田昂,小澤宏,,9,1:31.5,39.0,12-10-12-9,8,458,-4
2023/08/11,浦和,9,甲武信ヶ岳特別Ｃ１三,1400,ダ,左,良,晴,12,4,4,ワンダーフェンリル,牡,5,56.0,511,0,橋本直,鈴木勝,,10,1:31.9,40.3,5-5-8-8,4,511,0
2023/08/11,浦和,9,甲武信ヶ岳特別Ｃ１三,1400,ダ,左,良,晴,12,7,9,チェスナットドレス,牝,6,54.0,465,-3,國分祐,冨田敏,,10,1:31.9,39.6,7-9-10-12,12,465,-3
2023/08/11,浦和,9,甲武信ヶ岳特別Ｃ１三,1400,ダ,左,良,晴,12,5,6,キックフリップ,牝,4,54.0,463,4,吉留孝,野口孝,,12,1:32.6,40.3,10-11-9-11,11,463,4
2023/08/11,浦和,10,山の日特別Ｂ３選抜馬,800,ダ,左,良,晴,6,1,1,アイゴールド,牝,3,53.0,484,-5,秋元耕,岡田一,,1,0:46.7,34.4,2-2,1,484,-5
2023/08/11,浦和,10,山の日特別Ｂ３選抜馬,800,ダ,左,良,晴,6,6,6,コウユーラヴラヴ,牝,5,54.0,478,-21,福原杏,宇野博,,2,0:46.9,34.4,3-3,4,478,-21
2023/08/11,浦和,10,山の日特別Ｂ３選抜馬,800,ダ,左,良,晴,6,2,2,カワイイ,牝,4,54.0,532,-17,張田昂,宇野博,,3,0:47.5,35.0,4-4,3,532,-17
2023/08/11,浦和,10,山の日特別Ｂ３選抜馬,800,ダ,左,良,晴,6,5,5,トンデコパ,牝,5,53.0,451,2,七夕裕,新井清,,4,0:47.5,35.4,1-1,2,451,2
2023/08/11,浦和,10,山の日特別Ｂ３選抜馬,800,ダ,左,良,晴,6,4,4,シェナブライト,牡,5,56.0,530,8,保園翔,山越光,,5,0:47.6,34.7,6-5,5,530,8
2023/08/11,浦和,10,山の日特別Ｂ３選抜馬,800,ダ,左,良,晴,6,3,3,シグラップリンリン,牝,8,54.0,456,5,橋本直,平山真,,6,0:48.7,36.2,5-6,6,456,5
2023/08/11,浦和,11,日刊ゲンダイ賞Ｂ１Ｂ２一,1500,ダ,左,良,晴,10,8,10,ラインオブフェイト,牝,5,55.0,469,1,本橋孝,新井清,,1,1:35.5,37.7,3-3-3-2,4,469,1
2023/08/11,浦和,11,日刊ゲンダイ賞Ｂ１Ｂ２一,1500,ダ,左,良,晴,10,2,2,ミエノハヤブサ,セ,0,55.0,479,-1,山中悠,小澤宏,,2,1:36.0,38.6,10-7-1-1,6,479,-1
2023/08/11,浦和,11,日刊ゲンダイ賞Ｂ１Ｂ２一,1500,ダ,左,良,晴,10,1,1,エリザベスミノル,牝,4,55.0,461,3,小杉亮,渡邊貴,,3,1:36.4,38.1,7-9-8-5,3,461,3
2023/08/11,浦和,11,日刊ゲンダイ賞Ｂ１Ｂ２一,1500,ダ,左,良,晴,10,7,8,フューリアス,牡,5,55.0,467,1,町田直,宇野博,,4,1:36.4,38.4,5-5-4-4,9,467,1
2023/08/11,浦和,11,日刊ゲンダイ賞Ｂ１Ｂ２一,1500,ダ,左,良,晴,10,5,5,マシンガン,牡,5,57.0,499,0,笹川翼,林正人,,5,1:36.9,39.3,2-2-2-3,2,499,0
2023/08/11,浦和,11,日刊ゲンダイ賞Ｂ１Ｂ２一,1500,ダ,左,良,晴,10,3,3,キングアンドアイ,セ,0,57.0,503,-2,篠谷葵,新井清,,6,1:37.1,38.4,9-10-10-8,9,503,-2
2023/08/11,浦和,11,日刊ゲンダイ賞Ｂ１Ｂ２一,1500,ダ,左,良,晴,10,7,7,ワンダーイチョウ,牡,5,57.0,498,-4,福原杏,鈴木勝,,7,1:37.4,39.4,8-8-4-6,7,498,-4
2023/08/11,浦和,11,日刊ゲンダイ賞Ｂ１Ｂ２一,1500,ダ,左,良,晴,10,8,9,アヴァニイ,牝,6,53.0,521,15,和田譲,小久智,,8,1:37.4,39.4,6-6-6-7,5,521,15
2023/08/11,浦和,11,日刊ゲンダイ賞Ｂ１Ｂ２一,1500,ダ,左,良,晴,10,6,6,ナンヨーオボロヅキ,牝,7,53.0,484,-10,岡村健,平山真,,9,1:38.2,40.1,4-4-9-10,8,484,-10
2023/08/11,浦和,11,日刊ゲンダイ賞Ｂ１Ｂ２一,1500,ダ,左,良,晴,10,4,4,タマモイットウセイ,牡,5,57.0,473,-17,森泰斗,小久智,,10,1:39.3,41.5,1-1-7-9,1,473,-17
2023/08/11,浦和,12,三宝山特別Ｃ２Ｃ３選抜馬,2000,ダ,左,良,晴,8,6,6,エスジーリカチャン,牝,5,55.0,475,-1,張田昂,田島寿,,1,2:15.3,39.9,4-4-4-3,1,475,-1
2023/08/11,浦和,12,三宝山特別Ｃ２Ｃ３選抜馬,2000,ダ,左,良,晴,8,4,4,フェルカド,セ,0,57.0,464,-6,見越彬,野口孝,,2,2:15.5,39.8,7-7-6-4,6,464,-6
2023/08/11,浦和,12,三宝山特別Ｃ２Ｃ３選抜馬,2000,ダ,左,良,晴,8,2,2,タンタシオン,牡,4,57.0,465,-8,澤田龍,矢野義,,3,2:15.5,40.6,3-3-1-1,4,465,-8
2023/08/11,浦和,12,三宝山特別Ｃ２Ｃ３選抜馬,2000,ダ,左,良,晴,8,1,1,カペラスター,牡,4,57.0,488,1,福原杏,横山保,,4,2:15.6,40.0,6-6-5-5,3,488,1
2023/08/11,浦和,12,三宝山特別Ｃ２Ｃ３選抜馬,2000,ダ,左,良,晴,8,5,5,ウインカーマイン,牡,7,57.0,453,0,秋元耕,川島豊,,5,2:15.8,40.2,5-5-7-7,5,453,0
2023/08/11,浦和,12,三宝山特別Ｃ２Ｃ３選抜馬,2000,ダ,左,良,晴,8,8,8,マイアミヒーロー,セ,0,57.0,495,4,笹川翼,小久智,,5,2:15.8,40.9,2-2-2-2,2,495,4
2023/08/11,浦和,12,三宝山特別Ｃ２Ｃ３選抜馬,2000,ダ,左,良,晴,8,3,3,シークレットギア,牡,5,55.0,493,7,加藤和,薮口一,,7,2:17.4,42.5,1-1-3-6,7,493,7
2023/08/11,浦和,12,三宝山特別Ｃ２Ｃ３選抜馬,2000,ダ,左,良,晴,8,7,7,ノースジラソーレ,牝,4,52.0,467,12,及川烈,長谷忍,,,,,,,467,12
2023/08/14,浦和,1,サマードリームリレースタート賞３歳四,1400,ダ,左,不良,雨,10,2,2,ニットウサニー,牝,3,54.0,438,-11,森泰斗,野口寛,,1,1:31.6,40.0,4-4-1-1,1,438,-11
2023/08/14,浦和,1,サマードリームリレースタート賞３歳四,1400,ダ,左,不良,雨,10,1,1,シェナリオン,牡,3,56.0,445,-4,國分祐,冨田敏,,2,1:32.1,39.8,7-7-8-6,10,445,-4
2023/08/14,浦和,1,サマードリームリレースタート賞３歳四,1400,ダ,左,不良,雨,10,4,4,ハイボールガール,牝,3,54.0,423,1,藤江渉,箕輪武,,3,1:32.2,40.2,5-6-5-5,5,423,1
2023/08/14,浦和,1,サマードリームリレースタート賞３歳四,1400,ダ,左,不良,雨,10,3,3,カシノクインダム,牝,3,54.0,430,-5,岡田大,鹿沼和,,4,1:32.4,40.9,1-1-2-2,7,430,-5
2023/08/14,浦和,1,サマードリームリレースタート賞３歳四,1400,ダ,左,不良,雨,10,5,5,シールドメイデン,牝,3,54.0,465,11,福原杏,酒井一,,5,1:32.5,40.8,2-2-4-4,8,465,11
2023/08/14,浦和,1,サマードリームリレースタート賞３歳四,1400,ダ,左,不良,雨,10,8,10,タイムトラベラー,牡,3,56.0,469,2,橋本直,吉田正,,6,1:32.6,40.3,8-8-7-7,3,469,2
2023/08/14,浦和,1,サマードリームリレースタート賞３歳四,1400,ダ,左,不良,雨,10,7,7,リワードノンノ,牝,3,54.0,515,8,町田直,宇野博,,7,1:32.6,40.9,3-3-3-3,2,515,8
2023/08/14,浦和,1,サマードリームリレースタート賞３歳四,1400,ダ,左,不良,雨,10,7,8,シェナカンザシ,牝,3,53.0,465,-4,七夕裕,冨田敏,,8,1:33.2,39.2,10-10-10-10,9,465,-4
2023/08/14,浦和,1,サマードリームリレースタート賞３歳四,1400,ダ,左,不良,雨,10,6,6,モリデンボーイ,牡,3,56.0,532,5,半澤慶,山越光,,9,1:33.5,40.9,9-9-9-9,6,532,5
2023/08/14,浦和,1,サマードリームリレースタート賞３歳四,1400,ダ,左,不良,雨,10,8,9,メーネフロタント,牝,3,54.0,472,-5,秋元耕,小林真,,10,1:34.5,42.5,6-5-6-8,4,472,-5
2023/08/14,浦和,2,ランチタイムチャレンジＣ３三 四,1400,ダ,左,不良,曇,12,1,1,レインボーポラリス,牡,4,56.0,505,-6,森泰斗,新井清,,1,1:28.9,38.8,1-1-1-1,1,505,-6
2023/08/14,浦和,2,ランチタイムチャレンジＣ３三 四,1400,ダ,左,不良,曇,12,8,12,プレストオメガ,牡,4,56.0,514,-6,山中悠,佐藤太,,2,1:29.6,39.1,5-5-3-2,2,514,-6
2023/08/14,浦和,2,ランチタイムチャレンジＣ３三 四,1400,ダ,左,不良,曇,12,6,8,コロディア,牝,4,54.0,482,4,古岡勇,鹿沼和,,3,1:29.9,39.6,2-2-2-3,3,482,4
2023/08/14,浦和,2,ランチタイムチャレンジＣ３三 四,1400,ダ,左,不良,曇,12,4,4,アナマリー,牝,5,54.0,465,5,橋本直,平山真,,4,1:31.7,40.6,6-7-8-6,4,465,5
2023/08/14,浦和,2,ランチタイムチャレンジＣ３三 四,1400,ダ,左,不良,曇,12,2,2,キミノナハ,牝,5,54.0,455,2,加藤和,長谷忍,,5,1:31.9,40.8,8-8-7-7,7,455,2
2023/08/14,浦和,2,ランチタイムチャレンジＣ３三 四,1400,ダ,左,不良,曇,12,6,7,ケイティーユイ,牝,5,53.0,458,2,七夕裕,水野貴,,6,1:31.9,41.2,7-6-6-5,9,458,2
2023/08/14,浦和,2,ランチタイムチャレンジＣ３三 四,1400,ダ,左,不良,曇,12,3,3,ゲットデザイアー,牝,4,54.0,468,-4,藤江渉,箕輪武,,7,1:32.4,41.9,4-4-4-4,6,468,-4
2023/08/14,浦和,2,ランチタイムチャレンジＣ３三 四,1400,ダ,左,不良,曇,12,8,11,ショウイモン,牝,6,54.0,421,-6,保園翔,内野健,,8,1:33.3,42.1,9-9-9-9,8,421,-6
2023/08/14,浦和,2,ランチタイムチャレンジＣ３三 四,1400,ダ,左,不良,曇,12,7,9,サプライズギフト,牝,5,54.0,429,-1,福原杏,川島豊,,9,1:33.7,43.2,3-3-5-8,5,429,-1
2023/08/14,浦和,2,ランチタイムチャレンジＣ３三 四,1400,ダ,左,不良,曇,12,5,5,トゥーナバンバン,牝,4,52.0,446,-8,木間龍,宮下靖,,10,1:33.7,41.1,10-10-10-10,10,446,-8
2023/08/14,浦和,2,ランチタイムチャレンジＣ３三 四,1400,ダ,左,不良,曇,12,5,6,ラヴィテスミラノ,牡,5,52.0,480,1,神尾香,宮下靖,,11,1:33.9,41.0,11-11-11-11,11,480,1
2023/08/14,浦和,2,ランチタイムチャレンジＣ３三 四,1400,ダ,左,不良,曇,12,7,10,シェナノララ,牝,4,54.0,431,1,國分祐,冨田敏,,12,1:34.9,40.8,12-12-12-12,12,431,1
2023/08/14,浦和,3,ドリームチャレンジ２歳新馬イ,800,ダ,左,不良,曇,5,1,1,ラシアス,牝,2,54.0,0,0,町田直,野口寛,,1,0:48.1,35.6,1-1,2,0,0
2023/08/14,浦和,3,ドリームチャレンジ２歳新馬イ,800,ダ,左,不良,曇,5,3,3,フライングロッド,牡,2,54.0,0,0,森泰斗,小久智,,2,0:48.7,36.1,2-2,1,0,0
2023/08/14,浦和,3,ドリームチャレンジ２歳新馬イ,800,ダ,左,不良,曇,5,4,4,アルサーフィ,牡,2,54.0,0,0,内田利,箕輪武,,3,0:49.5,36.9,3-3,4,0,0
2023/08/14,浦和,3,ドリームチャレンジ２歳新馬イ,800,ダ,左,不良,曇,5,5,5,タカイチラブリー,牝,2,54.0,0,0,保園翔,薮口一,,4,0:50.3,37.2,4-4,3,0,0
2023/08/14,浦和,3,ドリームチャレンジ２歳新馬イ,800,ダ,左,不良,曇,5,2,2,ギサール,牝,2,53.0,0,0,七夕裕,酒井一,,5,0:53.0,37.9,5-5,5,0,0
2023/08/14,浦和,4,ドリームチャレンジ２歳新馬ア,800,ダ,左,不良,曇,5,4,4,リブートパワー,牡,2,54.0,0,0,加藤和,薮口一,,1,0:48.2,36.1,1-1,3,0,0
2023/08/14,浦和,4,ドリームチャレンジ２歳新馬ア,800,ダ,左,不良,曇,5,5,5,ジンジャーココア,牝,2,54.0,0,0,秋元耕,入口由,,2,0:49.1,36.6,4-3,2,0,0
2023/08/14,浦和,4,ドリームチャレンジ２歳新馬ア,800,ダ,左,不良,曇,5,3,3,ラララランランラン,牝,2,52.0,0,0,室陽一,宇野博,,3,0:49.5,37.0,3-4,4,0,0
2023/08/14,浦和,4,ドリームチャレンジ２歳新馬ア,800,ダ,左,不良,曇,5,1,1,ミシェルエルクール,牝,2,54.0,0,0,福原杏,小澤宏,,4,0:49.6,37.3,2-2,5,0,0
2023/08/14,浦和,4,ドリームチャレンジ２歳新馬ア,800,ダ,左,不良,曇,5,2,2,ジョーソーレ,牝,2,54.0,0,0,森泰斗,小久智,,5,0:49.9,35.6,5-5,1,0,0
2023/08/14,浦和,5,３歳三,1400,ダ,左,不良,曇,11,8,10,スティールシャトル,牝,3,54.0,451,5,櫻井光,岡田一,,1,1:28.7,38.0,1-1-1-1,5,451,5
2023/08/14,浦和,5,３歳三,1400,ダ,左,不良,曇,11,6,7,レコパンマミー,牝,3,54.0,469,3,内田利,箕輪武,,2,1:29.1,38.4,3-3-2-2,1,469,3
2023/08/14,浦和,5,３歳三,1400,ダ,左,不良,曇,11,7,9,パワフルウィッシュ,牝,3,54.0,445,0,高橋哲,小久智,,3,1:31.1,40.3,4-4-4-4,4,445,0
2023/08/14,浦和,5,３歳三,1400,ダ,左,不良,曇,11,8,11,フラワーテイル,牝,3,54.0,433,-1,張田昂,平山真,,4,1:31.4,40.7,2-2-3-3,3,433,-1
2023/08/14,浦和,5,３歳三,1400,ダ,左,不良,曇,11,7,8,ビナダラット,牝,3,54.0,455,6,保園翔,酒井一,,5,1:32.1,40.6,5-6-6-6,8,455,6
2023/08/14,浦和,5,３歳三,1400,ダ,左,不良,曇,11,6,6,エムティウィンド,牝,3,54.0,478,9,秋元耕,野口寛,,6,1:33.2,40.8,11-11-10-8,9,478,9
2023/08/14,浦和,5,３歳三,1400,ダ,左,不良,曇,11,1,1,ゴールドバニー,牝,3,54.0,482,7,町田直,野口孝,,7,1:33.3,41.5,10-7-7-7,6,482,7
2023/08/14,浦和,5,３歳三,1400,ダ,左,不良,曇,11,4,4,ミラコロダンス,牝,3,54.0,454,-8,山中悠,小澤宏,,8,1:33.9,42.5,5-5-5-5,2,454,-8
2023/08/14,浦和,5,３歳三,1400,ダ,左,不良,曇,11,3,3,モモアカ,牝,3,54.0,412,9,岡田大,川村守,,9,1:33.9,41.8,8-8-8-9,11,412,9
2023/08/14,浦和,5,３歳三,1400,ダ,左,不良,曇,11,5,5,クインズカヤノヒメ,牝,3,54.0,473,4,藤江渉,横山保,,10,1:35.9,43.9,9-9-9-10,10,473,4
2023/08/14,浦和,5,３歳三,1400,ダ,左,不良,曇,11,2,2,マーヒナヒナ,牝,3,54.0,455,-6,福原杏,酒井一,,,,,5-10-11,7,455,-6
2023/08/14,浦和,6,Ｃ３五 六,1400,ダ,左,不良,曇,12,1,1,ベニノエンゼル,牝,6,54.0,446,4,保園翔,山越光,,1,1:32.8,41.0,2-2-2-1,1,446,4
2023/08/14,浦和,6,Ｃ３五 六,1400,ダ,左,不良,曇,12,2,2,マッシュブライト,牝,5,54.0,475,2,岡田大,酒井一,,2,1:33.1,40.5,7-6-6-5,8,475,2
2023/08/14,浦和,6,Ｃ３五 六,1400,ダ,左,不良,曇,12,6,7,チュパチ,牝,4,54.0,458,7,加藤和,吉田正,,3,1:33.2,41.0,5-4-4-4,4,458,7
2023/08/14,浦和,6,Ｃ３五 六,1400,ダ,左,不良,曇,12,6,8,キタマクフィー,牝,5,53.0,445,5,七夕裕,鹿沼和,,4,1:33.5,41.5,3-3-3-2,2,445,5
2023/08/14,浦和,6,Ｃ３五 六,1400,ダ,左,不良,曇,12,3,3,ホノノルーカ,牝,5,54.0,429,-7,櫻井光,野口寛,,5,1:33.8,42.0,1-1-1-3,5,429,-7
2023/08/14,浦和,6,Ｃ３五 六,1400,ダ,左,不良,曇,12,8,11,アストロメアリー,牝,4,54.0,393,-5,内田利,長谷忍,,6,1:33.8,41.0,8-9-8-7,9,393,-5
2023/08/14,浦和,6,Ｃ３五 六,1400,ダ,左,不良,曇,12,8,12,メイショウイヤサカ,牝,7,52.0,455,10,室陽一,海馬司,,7,1:34.3,41.9,4-5-6-8,7,455,10
2023/08/14,浦和,6,Ｃ３五 六,1400,ダ,左,不良,曇,12,5,6,ロッカーモーション,牝,7,54.0,493,-1,橋本直,内野健,,8,1:34.4,41.6,9-8-9-9,3,493,-1
2023/08/14,浦和,6,Ｃ３五 六,1400,ダ,左,不良,曇,12,7,9,パルメニデス,牡,4,56.0,420,4,秋元耕,山越光,,9,1:34.8,41.4,10-11-11-10,12,420,4
2023/08/14,浦和,6,Ｃ３五 六,1400,ダ,左,不良,曇,12,7,10,ラウズアップ,牡,7,56.0,422,-9,半澤慶,海馬司,,10,1:35.2,42.8,6-7-5-6,6,422,-9
2023/08/14,浦和,6,Ｃ３五 六,1400,ダ,左,不良,曇,12,5,5,サウンドウェリナ,牝,4,52.0,453,-3,木間龍,薮口一,,11,1:36.4,43.6,11-10-10-11,11,453,-3
2023/08/14,浦和,6,Ｃ３五 六,1400,ダ,左,不良,曇,12,4,4,ゴールドアクセル,牡,5,56.0,504,0,高橋哲,鹿沼和,,12,1:36.8,43.1,12-12-12-12,10,504,0
2023/08/14,浦和,7,Ｃ３五 六,1500,ダ,左,不良,曇,11,6,6,マリアフィナーレ,牝,6,54.0,445,0,見越彬,小林真,,1,1:39.6,41.2,1-1-1-1,5,445,0
2023/08/14,浦和,7,Ｃ３五 六,1500,ダ,左,不良,曇,11,6,7,シンキングロマンス,牝,4,54.0,435,-2,岡田大,川村守,,2,1:39.7,41.3,2-2-2-2,7,435,-2
2023/08/14,浦和,7,Ｃ３五 六,1500,ダ,左,不良,曇,11,3,3,アナハ,牝,6,53.0,418,0,七夕裕,川島豊,,3,1:40.3,40.5,9-6-6-6,4,418,0
2023/08/14,浦和,7,Ｃ３五 六,1500,ダ,左,不良,曇,11,8,11,トリテレイア,牝,7,54.0,411,-9,保園翔,箕輪武,,4,1:40.3,41.0,4-5-4-3,3,411,-9
2023/08/14,浦和,7,Ｃ３五 六,1500,ダ,左,不良,曇,11,4,4,ナツィオナーレ,牝,8,54.0,441,8,町田直,野口孝,,5,1:40.8,40.6,10-10-8-7,1,441,8
2023/08/14,浦和,7,Ｃ３五 六,1500,ダ,左,不良,曇,11,1,1,ニシノマッハ,牡,9,54.0,464,-2,室陽一,吉田正,,6,1:41.0,41.7,5-4-5-4,8,464,-2
2023/08/14,浦和,7,Ｃ３五 六,1500,ダ,左,不良,曇,11,7,8,シェナハート,牝,4,54.0,420,1,國分祐,冨田敏,,7,1:41.3,41.2,8-8-7-8,11,420,1
2023/08/14,浦和,7,Ｃ３五 六,1500,ダ,左,不良,曇,11,7,9,ゴッドデサフィオ,牡,5,56.0,437,2,秋元耕,鹿沼和,,8,1:41.4,41.2,6-7-10-10,10,437,2
2023/08/14,浦和,7,Ｃ３五 六,1500,ダ,左,不良,曇,11,5,5,カフェダイナスティ,セ,0,56.0,497,-3,内田利,箕輪武,,9,1:41.8,41.7,7-9-9-9,6,497,-3
2023/08/14,浦和,7,Ｃ３五 六,1500,ダ,左,不良,曇,11,8,10,パトウォン,牡,4,56.0,570,-13,福原杏,水野貴,,10,1:42.5,43.8,3-3-3-5,2,570,-13
2023/08/14,浦和,7,Ｃ３五 六,1500,ダ,左,不良,曇,11,2,2,キャンディボイス,牡,4,56.0,540,0,加藤和,長谷忍,,11,1:44.1,42.9,11-11-11-11,9,540,0
2023/08/14,浦和,8,浦和×大井　サマードリームリレＣ３三 四,1500,ダ,左,不良,曇,11,7,8,スカイパーフェクト,牝,4,54.0,449,2,半澤慶,吉田正,,1,1:38.9,41.3,6-5-5-4,8,449,2
2023/08/14,浦和,8,浦和×大井　サマードリームリレＣ３三 四,1500,ダ,左,不良,曇,11,2,2,ツクバマリア,牝,6,54.0,471,12,橋本直,平山真,,2,1:39.0,41.2,5-4-4-2,5,471,12
2023/08/14,浦和,8,浦和×大井　サマードリームリレＣ３三 四,1500,ダ,左,不良,曇,11,1,1,フリュート,セ,0,56.0,509,8,高橋哲,水野貴,,3,1:39.2,42.1,1-1-1-1,1,509,8
2023/08/14,浦和,8,浦和×大井　サマードリームリレＣ３三 四,1500,ダ,左,不良,曇,11,6,6,ビートルジュース,牝,4,52.0,439,-10,室陽一,小久智,,4,1:39.2,41.9,2-2-2-3,2,439,-10
2023/08/14,浦和,8,浦和×大井　サマードリームリレＣ３三 四,1500,ダ,左,不良,曇,11,3,3,カントナ,牝,6,54.0,403,-5,張田昂,宇野博,,5,1:39.6,41.6,8-6-6-5,3,403,-5
2023/08/14,浦和,8,浦和×大井　サマードリームリレＣ３三 四,1500,ダ,左,不良,曇,11,8,10,スリーエクセレント,牡,4,56.0,493,0,保園翔,川村守,,6,1:40.0,41.9,9-8-7-6,6,493,0
2023/08/14,浦和,8,浦和×大井　サマードリームリレＣ３三 四,1500,ダ,左,不良,曇,11,5,5,プレミアムプリモ,牝,6,54.0,481,6,福原杏,平山真,,7,1:40.2,41.9,10-9-9-8,7,481,6
2023/08/14,浦和,8,浦和×大井　サマードリームリレＣ３三 四,1500,ダ,左,不良,曇,11,7,9,エスコーバタハト,牡,7,56.0,510,0,見越彬,内野健,,8,1:40.8,42.3,11-11-8-7,4,510,0
2023/08/14,浦和,8,浦和×大井　サマードリームリレＣ３三 四,1500,ダ,左,不良,曇,11,8,11,テットアヴァンセ,牡,4,56.0,471,11,秋元耕,小林真,,9,1:42.4,45.1,3-3-3-9,11,471,11
2023/08/14,浦和,8,浦和×大井　サマードリームリレＣ３三 四,1500,ダ,左,不良,曇,11,6,7,フラッシュサンダー,牝,4,53.0,427,9,七夕裕,藤原智,,10,1:42.8,44.1,4-7-10-11,10,427,9
2023/08/14,浦和,8,浦和×大井　サマードリームリレＣ３三 四,1500,ダ,左,不良,曇,11,4,4,セイウンミレイア,牝,6,54.0,477,4,岡田大,冨田敏,,11,1:43.6,44.7,7-10-11-10,9,477,4
2023/08/14,浦和,9,ほおずき特別Ｃ１選抜馬,800,ダ,左,不良,晴,10,4,4,ステラセイコー,牝,4,54.0,467,2,高橋哲,水野貴,,1,0:47.3,35.3,2-1,2,467,2
2023/08/14,浦和,9,ほおずき特別Ｃ１選抜馬,800,ダ,左,不良,晴,10,7,8,ピカンチダブル,牝,3,52.0,458,13,七夕裕,新井清,,2,0:47.7,35.7,3-3,4,458,13
2023/08/14,浦和,9,ほおずき特別Ｃ１選抜馬,800,ダ,左,不良,晴,10,7,7,ゴープラチナム,牝,6,54.0,446,0,張田昂,平山真,,3,0:47.7,35.4,7-6,7,446,0
2023/08/14,浦和,9,ほおずき特別Ｃ１選抜馬,800,ダ,左,不良,晴,10,3,3,プレストルーチェ,セ,0,56.0,511,8,山中悠,小澤宏,,4,0:47.7,34.6,8-8,6,511,8
2023/08/14,浦和,9,ほおずき特別Ｃ１選抜馬,800,ダ,左,不良,晴,10,2,2,リッチアロマ,牝,5,52.0,453,9,室陽一,水野貴,,5,0:47.7,35.2,5-4,8,453,9
2023/08/14,浦和,9,ほおずき特別Ｃ１選抜馬,800,ダ,左,不良,晴,10,6,6,ノースプリマ,牝,3,51.0,454,1,木間龍,水野貴,,6,0:47.8,35.3,6-7,3,454,1
2023/08/14,浦和,9,ほおずき特別Ｃ１選抜馬,800,ダ,左,不良,晴,10,1,1,トーセンプリシラ,牝,3,53.0,451,4,森泰斗,小久智,,7,0:48.1,36.3,1-2,1,451,4
2023/08/14,浦和,9,ほおずき特別Ｃ１選抜馬,800,ダ,左,不良,晴,10,8,10,キョウエイカリーナ,牝,3,53.0,466,4,秋元耕,小澤宏,,8,0:48.1,36.0,4-5,5,466,4
2023/08/14,浦和,9,ほおずき特別Ｃ１選抜馬,800,ダ,左,不良,晴,10,5,5,シナジーエフェクト,牡,3,55.0,481,3,藤江渉,岡田一,,9,0:49.1,35.3,10-10,9,481,3
2023/08/14,浦和,9,ほおずき特別Ｃ１選抜馬,800,ダ,左,不良,晴,10,8,9,スマイルマハロ,牡,3,55.0,492,-9,半澤慶,宇野博,,10,0:49.4,36.0,9-9,10,492,-9
2023/08/14,浦和,10,サードニクス特別Ｃ２二,1400,ダ,左,不良,晴,10,6,6,ヴェルトクリーガー,牡,4,56.0,520,1,森泰斗,新井清,,1,1:31.2,41.4,3-3-2-1,1,520,1
2023/08/14,浦和,10,サードニクス特別Ｃ２二,1400,ダ,左,不良,晴,10,7,8,ジェノバフレイバー,牡,4,56.0,476,1,今野忠,繁田健,,2,1:31.3,40.9,9-7-4-3,2,476,1
2023/08/14,浦和,10,サードニクス特別Ｃ２二,1400,ダ,左,不良,晴,10,2,2,クリムゾンオーラ,牝,6,52.0,484,6,木間龍,入口由,,3,1:31.6,41.8,2-2-3-4,4,484,6
2023/08/14,浦和,10,サードニクス特別Ｃ２二,1400,ダ,左,不良,晴,10,3,3,ミメウルワシ,牝,8,54.0,444,3,保園翔,山越光,,4,1:31.7,41.4,4-4-5-5,10,444,3
2023/08/14,浦和,10,サードニクス特別Ｃ２二,1400,ダ,左,不良,晴,10,4,4,イチジン,牡,6,56.0,461,6,加藤和,長谷忍,,5,1:32.2,41.2,8-6-7-6,8,461,6
2023/08/14,浦和,10,サードニクス特別Ｃ２二,1400,ダ,左,不良,晴,10,8,10,クロスオブドリーム,セ,0,56.0,486,11,福原杏,水野貴,,6,1:32.3,41.1,7-9-8-8,7,486,11
2023/08/14,浦和,10,サードニクス特別Ｃ２二,1400,ダ,左,不良,晴,10,8,9,エスシーカリファ,牝,4,54.0,461,3,山崎誠,小久智,,7,1:32.5,41.8,5-5-6-7,3,461,3
2023/08/14,浦和,10,サードニクス特別Ｃ２二,1400,ダ,左,不良,晴,10,1,1,メラスクリオス,牝,4,52.0,454,6,室陽一,宇野博,,8,1:32.5,42.7,1-1-1-2,5,454,6
2023/08/14,浦和,10,サードニクス特別Ｃ２二,1400,ダ,左,不良,晴,10,7,7,ノブオートーケン,牡,4,56.0,447,-2,張田昂,小澤宏,,9,1:32.6,41.4,10-10-9-9,6,447,-2
2023/08/14,浦和,10,サードニクス特別Ｃ２二,1400,ダ,左,不良,晴,10,5,5,ヴァンクールシチー,牡,4,56.0,421,0,半澤慶,工藤伸,,10,1:35.6,44.4,6-8-10-10,9,421,0
2023/08/14,浦和,11,千日草特別Ｂ３二,1500,ダ,左,不良,晴,9,6,6,アイスヴィスタ,牝,6,54.0,518,11,町田直,繁田健,,1,1:35.5,38.8,2-2-3-3,2,518,11
2023/08/14,浦和,11,千日草特別Ｂ３二,1500,ダ,左,不良,晴,9,1,1,ゴールドレッグス,セ,0,56.0,516,2,森泰斗,宇野博,,2,1:35.6,39.0,7-4-2-2,1,516,2
2023/08/14,浦和,11,千日草特別Ｂ３二,1500,ダ,左,不良,晴,9,8,9,グレートジャーニー,牡,3,55.0,454,3,本橋孝,小久智,,3,1:35.6,39.0,3-3-1-1,4,454,3
2023/08/14,浦和,11,千日草特別Ｂ３二,1500,ダ,左,不良,晴,9,7,7,モズハッピーロード,牡,5,56.0,500,-2,山崎誠,平山真,,4,1:36.7,39.6,5-6-4-4,3,500,-2
2023/08/14,浦和,11,千日草特別Ｂ３二,1500,ダ,左,不良,晴,9,3,3,メイストーム,牡,5,56.0,480,-4,高橋哲,水野貴,,5,1:37.0,40.0,4-5-5-5,6,480,-4
2023/08/14,浦和,11,千日草特別Ｂ３二,1500,ダ,左,不良,晴,9,2,2,クマサンニデアッタ,牝,5,54.0,482,4,半澤慶,小林真,,6,1:37.0,39.4,9-8-7-6,7,482,4
2023/08/14,浦和,11,千日草特別Ｂ３二,1500,ダ,左,不良,晴,9,8,8,アイエンジェル,牝,6,54.0,495,9,保園翔,川島豊,,7,1:38.7,40.8,6-7-8-7,8,495,9
2023/08/14,浦和,11,千日草特別Ｂ３二,1500,ダ,左,不良,晴,9,5,5,カード,牝,5,54.0,461,3,吉留孝,小久智,,8,1:39.6,42.9,1-1-6-8,5,461,3
2023/08/14,浦和,11,千日草特別Ｂ３二,1500,ダ,左,不良,晴,9,4,4,カシノフォワード,セ,0,56.0,441,6,見越彬,鹿沼和,,9,1:41.6,42.9,8-9-9-9,9,441,6
2023/08/14,浦和,12,獅子座特別Ｃ１二,1500,ダ,左,不良,晴,12,8,11,ローザロード,牝,4,54.0,453,14,森泰斗,小久智,,1,1:37.2,40.7,1-1-1-1,1,453,14
2023/08/14,浦和,12,獅子座特別Ｃ１二,1500,ダ,左,不良,晴,12,3,3,ミラクルランバック,牡,4,56.0,523,5,山崎誠,藤原智,,2,1:38.0,41.3,2-2-2-2,2,523,5
2023/08/14,浦和,12,獅子座特別Ｃ１二,1500,ダ,左,不良,晴,12,6,8,キングレジェンド,セ,0,56.0,475,2,澤田龍,米谷康,,3,1:38.3,40.5,11-9-6-5,3,475,2
2023/08/14,浦和,12,獅子座特別Ｃ１二,1500,ダ,左,不良,晴,12,5,6,アマゴ,牝,4,54.0,461,4,今野忠,箕輪武,,4,1:38.3,41.1,5-5-4-3,9,461,4
2023/08/14,浦和,12,獅子座特別Ｃ１二,1500,ダ,左,不良,晴,12,7,10,ガンコチャン,牝,4,54.0,484,0,櫻井光,岡田一,,5,1:39.1,42.4,3-3-3-4,5,484,0
2023/08/14,浦和,12,獅子座特別Ｃ１二,1500,ダ,左,不良,晴,12,5,5,アルティスタエース,牡,8,56.0,479,0,見越彬,繁田健,,6,1:39.2,41.0,8-10-9-8,7,479,0
2023/08/14,浦和,12,獅子座特別Ｃ１二,1500,ダ,左,不良,晴,12,7,9,セシボン,牝,4,54.0,410,3,半澤慶,工藤伸,,7,1:39.3,41.7,9-7-7-6,11,410,3
2023/08/14,浦和,12,獅子座特別Ｃ１二,1500,ダ,左,不良,晴,12,2,2,ブルースウェード,牝,5,54.0,445,2,福原杏,水野貴,,8,1:39.4,41.0,6-8-10-10,10,445,2
2023/08/14,浦和,12,獅子座特別Ｃ１二,1500,ダ,左,不良,晴,12,4,4,マオノウイッシュ,牝,4,52.0,494,1,室陽一,宇野博,,9,1:39.5,40.2,12-12-12-11,12,494,1
2023/08/14,浦和,12,獅子座特別Ｃ１二,1500,ダ,左,不良,晴,12,6,7,サンケイワールド,牡,5,56.0,476,-6,張田昂,平山真,,10,1:39.8,42.2,7-6-8-7,8,476,-6
2023/08/14,浦和,12,獅子座特別Ｃ１二,1500,ダ,左,不良,晴,12,8,12,ピエナレモン,牡,5,56.0,471,2,町田直,平田正,,11,1:40.2,43.3,4-4-5-9,4,471,2
2023/08/14,浦和,12,獅子座特別Ｃ１二,1500,ダ,左,不良,晴,12,1,1,ニシノアクシス,牡,6,56.0,496,1,加藤和,冨田敏,,12,1:41.5,42.7,10-11-11-12,6,496,1
2023/08/15,浦和,1,２歳四,1400,ダ,左,重,曇,9,5,5,アークジャック,牡,2,54.0,465,-4,福原杏,水野貴,,1,1:33.8,42.3,1-1-1-1,6,465,-4
2023/08/15,浦和,1,２歳四,1400,ダ,左,重,曇,9,8,8,アフィナージュ,牝,2,54.0,399,-2,岡田大,藤原智,,2,1:34.9,42.7,3-3-3-3,2,399,-2
2023/08/15,浦和,1,２歳四,1400,ダ,左,重,曇,9,2,2,パッソアパッソ,牝,2,54.0,429,3,吉留孝,藤原智,,3,1:35.1,42.3,5-5-4-4,3,429,3
2023/08/15,浦和,1,２歳四,1400,ダ,左,重,曇,9,7,7,シナノエール,牝,2,53.0,425,1,七夕裕,鹿沼和,,4,1:35.3,43.6,2-2-2-2,4,425,1
2023/08/15,浦和,1,２歳四,1400,ダ,左,重,曇,9,4,4,リッチレオーネ,牡,2,54.0,437,-3,橋本直,長谷忍,,5,1:36.7,42.5,8-8-6-5,8,437,-3
2023/08/15,浦和,1,２歳四,1400,ダ,左,重,曇,9,6,6,ヴェルサイユノハナ,牝,2,52.0,421,8,室陽一,長谷忍,,6,1:37.4,43.2,7-7-7-7,5,421,8
2023/08/15,浦和,1,２歳四,1400,ダ,左,重,曇,9,3,3,シェナエース,牡,2,54.0,483,8,秋元耕,山越光,,7,1:39.3,45.9,4-4-5-6,7,483,8
2023/08/15,浦和,1,２歳四,1400,ダ,左,重,曇,9,1,1,ゴールドラッシュ,牡,2,54.0,455,-7,高橋哲,水野貴,,8,1:39.4,45.0,6-6-8-8,1,455,-7
2023/08/15,浦和,1,２歳四,1400,ダ,左,重,曇,9,8,9,ジョリピエ,牝,2,54.0,0,0,加藤和,薮口一,,,,,,,0,0
2023/08/15,浦和,2,ランチタイムチャレンジＣ３二,1400,ダ,左,重,曇,11,7,9,レインボーカラー,牝,5,54.0,521,-1,篠谷葵,藤原智,,1,1:31.1,40.9,3-3-3-1,3,521,-1
2023/08/15,浦和,2,ランチタイムチャレンジＣ３二,1400,ダ,左,重,曇,11,8,11,ラクスシャルキ,牝,4,54.0,460,-1,秋元耕,酒井一,,2,1:31.3,40.9,4-4-4-2,5,460,-1
2023/08/15,浦和,2,ランチタイムチャレンジＣ３二,1400,ダ,左,重,曇,11,6,7,サンライズテソロ,牡,5,56.0,468,-4,半澤慶,川島豊,,3,1:31.4,40.7,5-5-5-4,6,468,-4
2023/08/15,浦和,2,ランチタイムチャレンジＣ３二,1400,ダ,左,重,曇,11,6,6,メディアジャッカル,牝,5,54.0,451,4,橋本直,内野健,,4,1:31.6,40.5,10-9-6-7,8,451,4
2023/08/15,浦和,2,ランチタイムチャレンジＣ３二,1400,ダ,左,重,曇,11,4,4,ミッドナイトブルー,牝,4,54.0,437,3,内田利,横山保,,5,1:31.6,40.0,11-11-11-10,9,437,3
2023/08/15,浦和,2,ランチタイムチャレンジＣ３二,1400,ダ,左,重,曇,11,8,10,キモンズラブ,牝,9,54.0,467,6,國分祐,冨田敏,,6,1:31.6,40.7,7-7-7-6,11,467,6
2023/08/15,浦和,2,ランチタイムチャレンジＣ３二,1400,ダ,左,重,曇,11,3,3,コスモヴェレッド,牡,4,56.0,460,3,岡田大,山越光,,7,1:32.0,40.9,9-10-10-9,7,460,3
2023/08/15,浦和,2,ランチタイムチャレンジＣ３二,1400,ダ,左,重,曇,11,2,2,ポップコーントーン,牝,4,52.0,400,2,室陽一,工藤伸,,8,1:32.0,40.9,6-6-8-8,10,400,2
2023/08/15,浦和,2,ランチタイムチャレンジＣ３二,1400,ダ,左,重,曇,11,7,8,レジュールウール,牝,5,54.0,477,-5,福原杏,野口寛,,9,1:32.5,42.3,1-2-2-3,4,477,-5
2023/08/15,浦和,2,ランチタイムチャレンジＣ３二,1400,ダ,左,重,曇,11,1,1,ボビン,牝,7,54.0,436,-3,保園翔,内野健,,10,1:32.6,41.5,8-8-8-11,2,436,-3
2023/08/15,浦和,2,ランチタイムチャレンジＣ３二,1400,ダ,左,重,曇,11,5,5,エイシンキンバリー,牝,5,54.0,430,-2,見越彬,小久智,,11,1:33.2,43.0,1-1-1-5,1,430,-2
2023/08/15,浦和,3,３歳六,1400,ダ,左,重,曇,8,6,6,ラニーズグレイス,牝,3,54.0,462,-2,澤田龍,工藤伸,,1,1:31.9,39.0,2-2-1-1,3,462,-2
2023/08/15,浦和,3,３歳六,1400,ダ,左,重,曇,8,5,5,ハニーフラッシュ,牝,3,53.0,402,-1,七夕裕,海馬司,,2,1:32.5,39.6,8-8-2-2,7,402,-1
2023/08/15,浦和,3,３歳六,1400,ダ,左,重,曇,8,4,4,シェナグローリー,牝,3,54.0,460,7,加藤和,冨田敏,,3,1:33.7,40.4,6-5-7-6,4,460,7
2023/08/15,浦和,3,３歳六,1400,ダ,左,重,曇,8,3,3,ゲンゲンバッハ,牡,3,56.0,488,-10,保園翔,小澤宏,,4,1:34.1,40.9,7-7-5-4,6,488,-10
2023/08/15,浦和,3,３歳六,1400,ダ,左,重,曇,8,7,7,ジョーボギーニャ,牝,3,54.0,493,6,森泰斗,小久智,,5,1:34.1,41.2,1-1-3-3,1,493,6
2023/08/15,浦和,3,３歳六,1400,ダ,左,重,曇,8,8,8,マックスブンブン,牡,3,56.0,434,-5,見越彬,小林真,,6,1:34.5,41.5,3-3-4-5,8,434,-5
2023/08/15,浦和,3,３歳六,1400,ダ,左,重,曇,8,1,1,ドリームダンス,牝,3,54.0,403,5,高橋哲,水野貴,,7,1:35.0,41.7,5-6-8-8,5,403,5
2023/08/15,浦和,3,３歳六,1400,ダ,左,重,曇,8,2,2,アルヒモリノナカ,牡,3,56.0,408,1,半澤慶,小林真,,8,1:36.5,43.3,4-4-6-7,2,408,1
2023/08/15,浦和,4,浦和８００ラウンドＣ２Ｃ３選抜馬,800,ダ,左,重,曇,12,7,10,ヒカリガサスホウヘ,牝,4,53.0,480,-11,福原杏,酒井一,,1,0:48.7,36.8,1-1,4,480,-11
2023/08/15,浦和,4,浦和８００ラウンドＣ２Ｃ３選抜馬,800,ダ,左,重,曇,12,5,5,ライズザトーチ,牝,4,55.0,546,-4,高橋哲,水野貴,,2,0:48.8,36.8,4-4,1,546,-4
2023/08/15,浦和,4,浦和８００ラウンドＣ２Ｃ３選抜馬,800,ダ,左,重,曇,12,1,1,フリブール,牝,5,55.0,456,3,保園翔,内野健,,3,0:48.9,35.6,8-8,7,456,3
2023/08/15,浦和,4,浦和８００ラウンドＣ２Ｃ３選抜馬,800,ダ,左,重,曇,12,5,6,カラドボルグ,牡,5,57.0,491,-1,岡田大,吉田正,,4,0:49.0,37.0,3-3,6,491,-1
2023/08/15,浦和,4,浦和８００ラウンドＣ２Ｃ３選抜馬,800,ダ,左,重,曇,12,6,8,ジュニパーダンス,牝,5,55.0,430,-8,櫻井光,海馬司,,5,0:49.0,36.7,6-5,8,430,-8
2023/08/15,浦和,4,浦和８００ラウンドＣ２Ｃ３選抜馬,800,ダ,左,重,曇,12,8,12,ファンファン,牡,6,53.0,454,-6,室陽一,箕輪武,,6,0:49.1,36.9,2-2,3,454,-6
2023/08/15,浦和,4,浦和８００ラウンドＣ２Ｃ３選抜馬,800,ダ,左,重,曇,12,2,2,クラフェニックス,牝,5,55.0,473,5,見越彬,藤原智,,7,0:49.1,36.5,7-7,5,473,5
2023/08/15,浦和,4,浦和８００ラウンドＣ２Ｃ３選抜馬,800,ダ,左,重,曇,12,7,9,クウェンヤ,牝,5,55.0,402,-3,半澤慶,工藤伸,,8,0:49.3,37.3,5-6,2,402,-3
2023/08/15,浦和,4,浦和８００ラウンドＣ２Ｃ３選抜馬,800,ダ,左,重,曇,12,8,11,メガミリオン,牡,5,55.0,472,7,増田充,田島寿,,9,0:49.5,36.7,9-10,11,472,7
2023/08/15,浦和,4,浦和８００ラウンドＣ２Ｃ３選抜馬,800,ダ,左,重,曇,12,3,3,シルヴァーイーグル,牡,7,55.0,527,-7,藤江渉,岡田一,,10,0:49.9,36.8,10-9,9,527,-7
2023/08/15,浦和,4,浦和８００ラウンドＣ２Ｃ３選抜馬,800,ダ,左,重,曇,12,4,4,メイクロード,牝,7,55.0,478,-10,秋元耕,内野健,,11,0:50.3,37.0,11-11,10,478,-10
2023/08/15,浦和,4,浦和８００ラウンドＣ２Ｃ３選抜馬,800,ダ,左,重,曇,12,6,7,チャメドレア,牝,4,55.0,474,1,加藤和,川島豊,,,,,,,474,1
2023/08/15,浦和,5,浦和８００ラウンドＣ２選抜馬,800,ダ,左,重,晴,12,7,9,ロードオブイサチル,牝,6,54.0,505,5,町田直,宇野博,,1,0:47.6,35.8,1-2,2,505,5
2023/08/15,浦和,5,浦和８００ラウンドＣ２選抜馬,800,ダ,左,重,晴,12,2,2,ロマンスピネル,牝,6,54.0,458,5,臼井健,山中尊,,2,0:47.6,35.8,2-1,4,458,5
2023/08/15,浦和,5,浦和８００ラウンドＣ２選抜馬,800,ダ,左,重,晴,12,6,7,ピースリアン,牡,6,56.0,495,1,福原杏,横山保,,3,0:47.8,35.9,3-3,6,495,1
2023/08/15,浦和,5,浦和８００ラウンドＣ２選抜馬,800,ダ,左,重,晴,12,6,8,パレルモフレイバー,牝,4,54.0,474,5,川島正,繁田健,,4,0:47.9,35.9,4-4,5,474,5
2023/08/15,浦和,5,浦和８００ラウンドＣ２選抜馬,800,ダ,左,重,晴,12,7,10,プリプリクインダム,牝,8,54.0,494,0,櫻井光,海馬司,,5,0:48.5,35.9,7-7,9,494,0
2023/08/15,浦和,5,浦和８００ラウンドＣ２選抜馬,800,ダ,左,重,晴,12,5,5,ダイエービルベリー,牝,5,54.0,477,4,橋本直,酒井一,,6,0:48.6,35.6,9-8,11,477,4
2023/08/15,浦和,5,浦和８００ラウンドＣ２選抜馬,800,ダ,左,重,晴,12,4,4,ハッピーパワポケ,牡,6,56.0,471,9,高橋哲,水野貴,,7,0:48.7,36.3,6-5,8,471,9
2023/08/15,浦和,5,浦和８００ラウンドＣ２選抜馬,800,ダ,左,重,晴,12,1,1,スタードラゴン,牡,4,56.0,517,-11,加藤和,薮口一,,8,0:49.0,35.5,12-10,1,517,-11
2023/08/15,浦和,5,浦和８００ラウンドＣ２選抜馬,800,ダ,左,重,晴,12,8,11,ソーサレス,牝,4,54.0,478,-2,山中悠,小澤宏,,9,0:49.1,35.8,11-12,3,478,-2
2023/08/15,浦和,5,浦和８００ラウンドＣ２選抜馬,800,ダ,左,重,晴,12,3,3,スプリングローズ,牝,5,54.0,445,-8,見越彬,小久智,,10,0:49.2,36.8,5-6,7,445,-8
2023/08/15,浦和,5,浦和８００ラウンドＣ２選抜馬,800,ダ,左,重,晴,12,8,12,カゲカツ,牡,9,54.0,503,-21,室陽一,長谷忍,,11,0:49.3,36.6,8-9,12,503,-21
2023/08/15,浦和,5,浦和８００ラウンドＣ２選抜馬,800,ダ,左,重,晴,12,5,6,ホワイトネイル,牝,4,54.0,435,12,半澤慶,藤原智,,12,0:49.5,36.7,10-11,10,435,12
2023/08/15,浦和,6,サマードリームリレーｉｎ浦和賞３歳五,1400,ダ,左,稍重,晴,11,7,9,ニシノソレガシ,セ,0,55.0,520,0,七夕裕,冨田敏,,1,1:30.8,40.4,2-2-1-1,1,520,0
2023/08/15,浦和,6,サマードリームリレーｉｎ浦和賞３歳五,1400,ダ,左,稍重,晴,11,4,4,モーニング,牡,3,56.0,474,3,秋元耕,入口由,,2,1:32.0,40.0,7-7-6-4,4,474,3
2023/08/15,浦和,6,サマードリームリレーｉｎ浦和賞３歳五,1400,ダ,左,稍重,晴,11,6,7,サンアクセソワール,牝,3,54.0,432,6,岡田大,工藤伸,,3,1:32.2,41.0,5-5-5-3,5,432,6
2023/08/15,浦和,6,サマードリームリレーｉｎ浦和賞３歳五,1400,ダ,左,稍重,晴,11,2,2,エドノスマイル,牡,3,56.0,439,-2,町田直,宇野博,,4,1:32.4,41.7,3-3-3-2,2,439,-2
2023/08/15,浦和,6,サマードリームリレーｉｎ浦和賞３歳五,1400,ダ,左,稍重,晴,11,8,10,シゲルマンテン,牝,3,54.0,440,1,橋本直,酒井一,,5,1:33.0,40.4,9-9-9-8,8,440,1
2023/08/15,浦和,6,サマードリームリレーｉｎ浦和賞３歳五,1400,ダ,左,稍重,晴,11,5,5,ブラウンリバティ,牝,3,54.0,439,-5,保園翔,山越光,,6,1:33.1,41.3,8-8-7-7,9,439,-5
2023/08/15,浦和,6,サマードリームリレーｉｎ浦和賞３歳五,1400,ダ,左,稍重,晴,11,6,6,スタータマチャン,牝,3,54.0,502,6,半澤慶,川村守,,7,1:33.2,41.2,6-6-8-9,10,502,6
2023/08/15,浦和,6,サマードリームリレーｉｎ浦和賞３歳五,1400,ダ,左,稍重,晴,11,1,1,オザリス,牝,3,54.0,449,-5,張田昂,小澤宏,,8,1:34.6,43.7,4-4-4-6,7,449,-5
2023/08/15,浦和,6,サマードリームリレーｉｎ浦和賞３歳五,1400,ダ,左,稍重,晴,11,3,3,エイシンエメラルド,牝,3,54.0,415,7,福原杏,工藤伸,,9,1:34.7,44.3,1-1-2-5,3,415,7
2023/08/15,浦和,6,サマードリームリレーｉｎ浦和賞３歳五,1400,ダ,左,稍重,晴,11,8,11,シェナカレン,牡,3,56.0,443,8,藤江渉,山越光,,10,1:37.3,42.5,11-10-10-10,11,443,8
2023/08/15,浦和,6,サマードリームリレーｉｎ浦和賞３歳五,1400,ダ,左,稍重,晴,11,7,8,サンディマジック,牡,3,56.0,495,-3,櫻井光,池田孝,,,,,10,6,495,-3
2023/08/15,浦和,7,浦和ジョッキーズラウンドＣ２選抜馬,1400,ダ,左,稍重,晴,12,6,7,インカローズムスメ,牝,4,54.5,411,3,秋元耕,山越光,,1,1:31.8,41.4,5-5-4-2,4,411,3
2023/08/15,浦和,7,浦和ジョッキーズラウンドＣ２選抜馬,1400,ダ,左,稍重,晴,12,5,5,スイフトマリー,牝,4,54.0,391,4,内田利,酒井一,,2,1:32.0,40.8,10-9-8-5,3,391,4
2023/08/15,浦和,7,浦和ジョッキーズラウンドＣ２選抜馬,1400,ダ,左,稍重,晴,12,8,12,フェアメーゲン,牝,5,54.0,455,-2,福原杏,工藤伸,,3,1:32.0,41.6,6-6-3-3,2,455,-2
2023/08/15,浦和,7,浦和ジョッキーズラウンドＣ２選抜馬,1400,ダ,左,稍重,晴,12,1,1,ワンダーヘーヒスト,牡,9,56.0,464,-3,國分祐,鈴木勝,,4,1:32.2,40.3,12-12-9-8,10,464,-3
2023/08/15,浦和,7,浦和ジョッキーズラウンドＣ２選抜馬,1400,ダ,左,稍重,晴,12,8,11,カリグラフィー,牝,4,52.5,445,-8,室陽一,入口由,,5,1:32.4,42.3,3-3-1-1,1,445,-8
2023/08/15,浦和,7,浦和ジョッキーズラウンドＣ２選抜馬,1400,ダ,左,稍重,晴,12,2,2,モリトローテローゼ,牝,7,54.5,486,5,吉留孝,水野貴,,6,1:32.8,42.4,4-4-5-6,6,486,5
2023/08/15,浦和,7,浦和ジョッキーズラウンドＣ２選抜馬,1400,ダ,左,稍重,晴,12,3,3,ゴールドバード,牡,9,55.5,478,3,七夕裕,野口孝,,7,1:33.2,41.5,9-10-11-9,8,478,3
2023/08/15,浦和,7,浦和ジョッキーズラウンドＣ２選抜馬,1400,ダ,左,稍重,晴,12,4,4,マイネルユヌスール,牡,4,56.0,475,-2,岡田大,横山保,,8,1:33.4,42.6,8-7-6-7,9,475,-2
2023/08/15,浦和,7,浦和ジョッキーズラウンドＣ２選抜馬,1400,ダ,左,稍重,晴,12,5,6,サハラントアジア,牝,4,54.5,475,6,高橋哲,内野健,,9,1:34.0,44.0,1-1-2-4,11,475,6
2023/08/15,浦和,7,浦和ジョッキーズラウンドＣ２選抜馬,1400,ダ,左,稍重,晴,12,7,10,ウォーターリリー,牝,5,54.0,472,1,橋本直,内野健,,10,1:34.5,42.1,11-11-12-11,7,472,1
2023/08/15,浦和,7,浦和ジョッキーズラウンドＣ２選抜馬,1400,ダ,左,稍重,晴,12,6,8,カシノリカバリー,牝,4,54.5,467,0,半澤慶,野口寛,,11,1:35.8,45.6,2-2-7-10,5,467,0
2023/08/15,浦和,7,浦和ジョッキーズラウンドＣ２選抜馬,1400,ダ,左,稍重,晴,12,7,9,オーラソラーレ,牝,6,54.5,509,10,加藤和,酒井一,,12,1:37.2,46.0,7-8-10-12,12,509,10
2023/08/15,浦和,8,日高市巾着田曼珠沙華まつり賞Ｃ２六,1400,ダ,左,稍重,晴,11,8,11,ジョーカイ,牝,5,54.0,468,5,山中悠,小久智,,1,1:31.5,41.1,1-1-2-1,2,468,5
2023/08/15,浦和,8,日高市巾着田曼珠沙華まつり賞Ｃ２六,1400,ダ,左,稍重,晴,11,6,7,ラブリーギャル,牝,7,54.0,495,4,見越彬,海馬司,,2,1:31.9,41.0,6-5-3-3,6,495,4
2023/08/15,浦和,8,日高市巾着田曼珠沙華まつり賞Ｃ２六,1400,ダ,左,稍重,晴,11,3,3,バードハズフロウン,牝,5,54.0,435,3,藤江渉,工藤伸,,3,1:32.0,41.0,8-8-5-5,7,435,3
2023/08/15,浦和,8,日高市巾着田曼珠沙華まつり賞Ｃ２六,1400,ダ,左,稍重,晴,11,8,10,ユウユウグリュック,牝,6,54.0,438,5,吉留孝,横山保,,4,1:32.1,41.7,3-2-1-2,8,438,5
2023/08/15,浦和,8,日高市巾着田曼珠沙華まつり賞Ｃ２六,1400,ダ,左,稍重,晴,11,6,6,エドノストリート,牝,5,54.0,476,4,張田昂,宇野博,,5,1:32.1,41.2,4-4-7-6,3,476,4
2023/08/15,浦和,8,日高市巾着田曼珠沙華まつり賞Ｃ２六,1400,ダ,左,稍重,晴,11,5,5,エコロジーガール,牝,5,54.0,464,-5,仲野光,伊藤滋,,6,1:32.1,41.1,9-9-6-7,5,464,-5
2023/08/15,浦和,8,日高市巾着田曼珠沙華まつり賞Ｃ２六,1400,ダ,左,稍重,晴,11,7,9,イエローリボン,牝,6,54.0,477,-2,内田利,藤原智,,7,1:32.5,41.8,2-3-4-4,4,477,-2
2023/08/15,浦和,8,日高市巾着田曼珠沙華まつり賞Ｃ２六,1400,ダ,左,稍重,晴,11,1,1,トミケンミステリオ,牡,7,56.0,462,-2,古岡勇,伊藤滋,,8,1:33.3,41.0,11-11-11-9,10,462,-2
2023/08/15,浦和,8,日高市巾着田曼珠沙華まつり賞Ｃ２六,1400,ダ,左,稍重,晴,11,7,8,モリデンテキーラ,牝,8,54.0,459,-7,秋元耕,山越光,,9,1:34.2,42.8,5-6-9-11,9,459,-7
2023/08/15,浦和,8,日高市巾着田曼珠沙華まつり賞Ｃ２六,1400,ダ,左,稍重,晴,11,4,4,ビュヴォン,牡,5,55.0,510,1,七夕裕,長谷忍,,10,1:34.4,42.4,10-10-10-10,11,510,1
2023/08/15,浦和,8,日高市巾着田曼珠沙華まつり賞Ｃ２六,1400,ダ,左,稍重,晴,11,2,2,ランペロニキ,セ,0,56.0,497,-11,森泰斗,小澤宏,,11,1:34.8,43.6,6-7-8-8,1,497,-11
2023/08/15,浦和,9,残暑特別Ｃ３一,1500,ダ,左,稍重,晴,12,8,12,カミヤガルーラ,牡,5,56.0,464,4,橋本直,内野健,,1,1:39.2,40.9,5-4-3-3,3,464,4
2023/08/15,浦和,9,残暑特別Ｃ３一,1500,ダ,左,稍重,晴,12,6,8,ニシノマンテン,牡,4,55.0,444,0,七夕裕,川島豊,,2,1:39.3,41.2,1-1-1-1,2,444,0
2023/08/15,浦和,9,残暑特別Ｃ３一,1500,ダ,左,稍重,晴,12,7,9,ネオアンコーラ,牡,4,56.0,481,8,張田昂,山越光,,3,1:39.5,41.2,4-3-2-2,5,481,8
2023/08/15,浦和,9,残暑特別Ｃ３一,1500,ダ,左,稍重,晴,12,8,11,フリーズオプション,牡,7,56.0,476,-4,吉留孝,薮口一,,4,1:40.4,41.3,10-10-8-7,1,476,-4
2023/08/15,浦和,9,残暑特別Ｃ３一,1500,ダ,左,稍重,晴,12,2,2,ナムラキャッツ,牝,4,54.0,409,-10,福原杏,横山保,,5,1:40.4,41.3,9-8-7-4,4,409,-10
2023/08/15,浦和,9,残暑特別Ｃ３一,1500,ダ,左,稍重,晴,12,7,10,クー,牝,4,54.0,487,3,高橋哲,吉田正,,6,1:40.9,41.9,8-9-5-5,11,487,3
2023/08/15,浦和,9,残暑特別Ｃ３一,1500,ダ,左,稍重,晴,12,4,4,スターコマチ,牝,4,54.0,400,-7,山中悠,川村守,,7,1:41.0,41.7,11-11-9-8,8,400,-7
2023/08/15,浦和,9,残暑特別Ｃ３一,1500,ダ,左,稍重,晴,12,3,3,アイスバーグアリー,牝,7,52.0,457,7,室陽一,酒井一,,8,1:41.2,42.3,7-6-4-6,7,457,7
2023/08/15,浦和,9,残暑特別Ｃ３一,1500,ダ,左,稍重,晴,12,6,7,フクチャンクイーン,牝,4,54.0,440,5,保園翔,内野健,,9,1:41.9,42.6,2-7-11-10,9,440,5
2023/08/15,浦和,9,残暑特別Ｃ３一,1500,ダ,左,稍重,晴,12,1,1,ロードユリシス,セ,0,56.0,475,4,内田利,長谷忍,,10,1:42.3,43.4,6-5-6-9,6,475,4
2023/08/15,浦和,9,残暑特別Ｃ３一,1500,ダ,左,稍重,晴,12,5,6,シシャモ,牝,4,54.0,411,-6,半澤慶,工藤伸,,11,1:44.8,46.1,3-2-10-11,10,411,-6
2023/08/15,浦和,9,残暑特別Ｃ３一,1500,ダ,左,稍重,晴,12,5,5,タマモトレゾール,牡,4,56.0,522,-1,藤江渉,川島豊,,,,,,,522,-1
2023/08/15,浦和,10,芙蓉特別Ｃ１一,1400,ダ,左,稍重,晴,12,6,7,パールアゲイン,牝,4,54.0,425,4,保園翔,岡田一,,1,1:29.2,39.3,3-3-1-1,2,425,4
2023/08/15,浦和,10,芙蓉特別Ｃ１一,1400,ダ,左,稍重,晴,12,8,12,キングバーグ,牡,6,56.0,498,-2,町田直,宇野博,,2,1:29.8,39.7,7-6-3-3,8,498,-2
2023/08/15,浦和,10,芙蓉特別Ｃ１一,1400,ダ,左,稍重,晴,12,4,4,ヴァネロペ,牝,4,54.0,464,-8,山口達,林正人,,3,1:29.8,39.4,11-8-5-4,5,464,-8
2023/08/15,浦和,10,芙蓉特別Ｃ１一,1400,ダ,左,稍重,晴,12,5,5,アイグレース,牝,3,53.0,448,-2,秋元耕,岡田一,,4,1:30.0,40.1,1-1-2-2,7,448,-2
2023/08/15,浦和,10,芙蓉特別Ｃ１一,1400,ダ,左,稍重,晴,12,5,6,ブルボンティアラ,牝,4,54.0,419,-9,山崎誠,水野貴,,5,1:30.2,39.4,10-9-9-6,4,419,-9
2023/08/15,浦和,10,芙蓉特別Ｃ１一,1400,ダ,左,稍重,晴,12,3,3,アンジュレイ,牝,4,54.0,480,5,森泰斗,小久智,,6,1:30.3,40.0,6-7-7-5,1,480,5
2023/08/15,浦和,10,芙蓉特別Ｃ１一,1400,ダ,左,稍重,晴,12,6,8,ケンブリッジラテ,牡,5,56.0,492,-1,張田昂,小澤宏,,7,1:30.7,40.6,4-5-6-7,3,492,-1
2023/08/15,浦和,10,芙蓉特別Ｃ１一,1400,ダ,左,稍重,晴,12,7,9,ラヴィンツァラ,牝,6,54.0,479,1,橋本直,平山真,,8,1:31.7,41.8,2-2-4-8,9,479,1
2023/08/15,浦和,10,芙蓉特別Ｃ１一,1400,ダ,左,稍重,晴,12,1,1,サンウェーコ,牡,7,56.0,504,-4,川島正,繁田健,,9,1:31.8,41.4,5-4-8-9,6,504,-4
2023/08/15,浦和,10,芙蓉特別Ｃ１一,1400,ダ,左,稍重,晴,12,2,2,ナムラタイガー,牡,6,56.0,543,0,吉留孝,箕輪武,,10,1:33.5,41.6,9-11-10-10,12,543,0
2023/08/15,浦和,10,芙蓉特別Ｃ１一,1400,ダ,左,稍重,晴,12,7,10,セイウンゴールド,牡,5,56.0,485,4,見越彬,吉田正,,11,1:36.1,44.3,8-10-11-11,11,485,4
2023/08/15,浦和,10,芙蓉特別Ｃ１一,1400,ダ,左,稍重,晴,12,8,11,ワンダークラドート,牡,6,56.0,467,-12,福原杏,鈴木勝,,,,,,10,467,-12
2023/08/15,浦和,11,秋風月特別Ｂ２二Ｂ３一,1400,ダ,左,稍重,晴,8,7,7,ダイリュウボーラー,牡,7,57.0,450,-4,町田直,繁田健,,1,1:28.2,38.9,7-6-4-2,4,450,-4
2023/08/15,浦和,11,秋風月特別Ｂ２二Ｂ３一,1400,ダ,左,稍重,晴,8,1,1,ブラックオパール,牝,4,55.0,517,8,森泰斗,平山真,,2,1:28.4,39.9,1-1-1-1,1,517,8
2023/08/15,浦和,11,秋風月特別Ｂ２二Ｂ３一,1400,ダ,左,稍重,晴,8,2,2,シャイニー,牡,7,57.0,514,1,篠谷葵,野口寛,,3,1:29.9,40.0,8-8-7-3,3,514,1
2023/08/15,浦和,11,秋風月特別Ｂ２二Ｂ３一,1400,ダ,左,稍重,晴,8,6,6,ソフィアバローズ,牝,6,55.0,441,-3,加藤和,川島豊,,4,1:30.3,40.7,6-7-6-5,7,441,-3
2023/08/15,浦和,11,秋風月特別Ｂ２二Ｂ３一,1400,ダ,左,稍重,晴,8,3,3,カミノアカネ,牝,6,54.0,481,7,七夕裕,岡田一,,5,1:30.6,41.9,1-2-2-4,2,481,7
2023/08/15,浦和,11,秋風月特別Ｂ２二Ｂ３一,1400,ダ,左,稍重,晴,8,5,5,デクスター,セ,0,55.0,474,6,張田昂,水野貴,,6,1:30.7,41.4,5-5-5-6,6,474,6
2023/08/15,浦和,11,秋風月特別Ｂ２二Ｂ３一,1400,ダ,左,稍重,晴,8,8,8,ロングジャーニー,牝,5,53.0,485,-4,山崎誠,小久智,,7,1:32.7,44.0,1-3-3-7,5,485,-4
2023/08/15,浦和,11,秋風月特別Ｂ２二Ｂ３一,1400,ダ,左,稍重,晴,8,4,4,ダイヤモンドダスト,牝,4,55.0,468,0,半澤慶,宇野博,,8,1:35.4,45.8,4-4-8-8,8,468,0
2023/08/15,浦和,12,涼風特別Ｂ３Ｃ１選抜馬,2000,ダ,左,稍重,晴,9,7,7,マテリアルガール,牝,3,54.0,473,2,山崎誠,小久智,,1,2:09.4,37.5,1-1-1-1,1,473,2
2023/08/15,浦和,12,涼風特別Ｂ３Ｃ１選抜馬,2000,ダ,左,稍重,晴,9,2,2,ペルマナント,牡,4,57.0,452,-11,張田昂,高野毅,,2,2:12.2,39.1,4-4-4-3,3,452,-11
2023/08/15,浦和,12,涼風特別Ｂ３Ｃ１選抜馬,2000,ダ,左,稍重,晴,9,6,6,グーガルドリームズ,セ,0,57.0,490,7,保園翔,水野貴,,3,2:12.9,40.8,3-3-2-2,6,490,7
2023/08/15,浦和,12,涼風特別Ｂ３Ｃ１選抜馬,2000,ダ,左,稍重,晴,9,1,1,スイングステート,牡,4,57.0,579,-6,森泰斗,坂井英,,4,2:13.3,39.9,5-5-5-5,4,579,-6
2023/08/15,浦和,12,涼風特別Ｂ３Ｃ１選抜馬,2000,ダ,左,稍重,晴,9,5,5,エーススパークル,牡,4,57.0,479,-4,町田直,小澤宏,,5,2:13.6,41.5,2-2-3-4,5,479,-4
2023/08/15,浦和,12,涼風特別Ｂ３Ｃ１選抜馬,2000,ダ,左,稍重,晴,9,3,3,ハクサントップ,牡,5,57.0,474,-2,澤田龍,矢野義,,6,2:14.2,40.1,8-8-8-7,2,474,-2
2023/08/15,浦和,12,涼風特別Ｂ３Ｃ１選抜馬,2000,ダ,左,稍重,晴,9,8,8,ジオパークマグマ,牡,5,55.0,468,5,秋元耕,川島豊,,7,2:14.9,41.0,7-7-6-6,7,468,5
2023/08/15,浦和,12,涼風特別Ｂ３Ｃ１選抜馬,2000,ダ,左,稍重,晴,9,8,9,オワゾードール,牡,8,55.0,475,0,庄司大,新井清,,8,2:16.1,41.5,9-9-9-8,9,475,0
2023/08/15,浦和,12,涼風特別Ｂ３Ｃ１選抜馬,2000,ダ,左,稍重,晴,9,4,4,シナノジャングル,牡,5,54.0,499,3,七夕裕,鹿沼和,,9,2:16.7,42.7,6-6-7-9,8,499,3
2023/08/28,浦和,1,Ｃ３八 九 十,1400,ダ,左,良,晴,9,1,1,マイネルショック,牡,8,56.0,493,-1,本田重,新井清,,1,1:31.8,38.7,1-1-1-1,1,493,-1
2023/08/28,浦和,1,Ｃ３八 九 十,1400,ダ,左,良,晴,9,8,8,ビックバンアイ,牝,7,54.0,472,-4,高橋利,矢内博,,2,1:32.1,38.7,3-3-3-2,3,472,-4
2023/08/28,浦和,1,Ｃ３八 九 十,1400,ダ,左,良,晴,9,5,5,スパークルガール,牝,7,51.0,436,4,及川烈,長谷忍,,3,1:32.9,39.6,2-2-2-3,2,436,4
2023/08/28,浦和,1,Ｃ３八 九 十,1400,ダ,左,良,晴,9,8,9,パレスギガント,牡,7,55.0,474,-2,七夕裕,長谷忍,,4,1:33.8,39.8,4-4-4-4,4,474,-2
2023/08/28,浦和,1,Ｃ３八 九 十,1400,ダ,左,良,晴,9,7,7,ネオエンジェル,牝,7,54.0,439,0,國分祐,冨田敏,,5,1:34.4,39.4,9-9-7-6,7,439,0
2023/08/28,浦和,1,Ｃ３八 九 十,1400,ダ,左,良,晴,9,6,6,ニシノサトル,牡,7,56.0,488,2,内田利,吉田正,,6,1:34.7,40.5,6-5-5-5,6,488,2
2023/08/28,浦和,1,Ｃ３八 九 十,1400,ダ,左,良,晴,9,2,2,ユウユウリアン,牡,7,56.0,437,-2,吉留孝,横山保,,7,1:35.2,40.7,7-7-6-7,5,437,-2
2023/08/28,浦和,1,Ｃ３八 九 十,1400,ダ,左,良,晴,9,3,3,ゴールドボード,牝,4,54.0,519,3,秋元耕,箕輪武,,8,1:36.3,41.6,5-6-8-8,9,519,3
2023/08/28,浦和,1,Ｃ３八 九 十,1400,ダ,左,良,晴,9,4,4,アールレアル,セ,0,52.0,447,0,中島良,川村守,,9,1:36.5,41.7,8-8-9-9,8,447,0
2023/08/28,浦和,2,ランチタイムチャレンジＣ３八 九 十,1400,ダ,左,良,晴,11,3,3,ユメノハジマリ,牝,7,52.0,485,5,室陽一,水野貴,,1,1:30.6,40.0,1-1-1-1,2,485,5
2023/08/28,浦和,2,ランチタイムチャレンジＣ３八 九 十,1400,ダ,左,良,晴,11,6,6,ユメツクシ,牝,7,51.0,477,-1,及川烈,長谷忍,,2,1:32.5,40.1,10-9-6-3,1,477,-1
2023/08/28,浦和,2,ランチタイムチャレンジＣ３八 九 十,1400,ダ,左,良,晴,11,2,2,コングラツィア,牝,7,54.0,439,0,和田譲,林　幻,,3,1:32.8,41.1,4-5-4-4,3,439,0
2023/08/28,浦和,2,ランチタイムチャレンジＣ３八 九 十,1400,ダ,左,良,晴,11,1,1,ダイチスマイル,牡,4,56.0,444,-9,臼井健,佐々功,,4,1:32.8,40.2,8-8-7-5,10,444,-9
2023/08/28,浦和,2,ランチタイムチャレンジＣ３八 九 十,1400,ダ,左,良,晴,11,7,9,ハクサンバレー,牝,6,54.0,446,-1,加藤和,薮口一,,5,1:33.5,42.5,3-3-2-2,8,446,-1
2023/08/28,浦和,2,ランチタイムチャレンジＣ３八 九 十,1400,ダ,左,良,晴,11,4,4,トキノカサドール,牡,8,55.0,463,4,七夕裕,横山保,,6,1:33.9,40.6,9-10-10-8,5,463,4
2023/08/28,浦和,2,ランチタイムチャレンジＣ３八 九 十,1400,ダ,左,良,晴,11,6,7,ゴールドスペンサー,牡,5,56.0,475,2,保園翔,吉田正,,7,1:34.0,40.3,11-11-11-7,9,475,2
2023/08/28,浦和,2,ランチタイムチャレンジＣ３八 九 十,1400,ダ,左,良,晴,11,5,5,トーセンジョリー,牝,8,54.0,512,6,高橋利,新井清,,8,1:34.5,42.7,6-4-5-6,4,512,6
2023/08/28,浦和,2,ランチタイムチャレンジＣ３八 九 十,1400,ダ,左,良,晴,11,8,10,ノブカナロア,牡,5,56.0,480,10,福原杏,小久智,,9,1:35.6,44.5,2-2-3-9,6,480,10
2023/08/28,浦和,2,ランチタイムチャレンジＣ３八 九 十,1400,ダ,左,良,晴,11,7,8,コンディトラム,牡,6,56.0,490,-4,橋本直,川村守,,10,1:35.7,43.2,5-6-8-10,7,490,-4
2023/08/28,浦和,2,ランチタイムチャレンジＣ３八 九 十,1400,ダ,左,良,晴,11,8,11,ヒナマル,牝,4,54.0,424,-2,吉留孝,長谷忍,,11,1:36.2,43.4,7-7-9-11,11,424,-2
2023/08/28,浦和,3,ドリームチャレンジ２歳新馬イ,800,ダ,左,良,晴,7,5,5,オーウェル,牡,2,54.0,0,0,笹川翼,小久智,,1,0:49.1,36.6,2-2,1,0,0
2023/08/28,浦和,3,ドリームチャレンジ２歳新馬イ,800,ダ,左,良,晴,7,4,4,キョウエイオリオン,牡,2,54.0,0,0,秋元耕,小澤宏,,2,0:49.3,37.0,3-3,6,0,0
2023/08/28,浦和,3,ドリームチャレンジ２歳新馬イ,800,ダ,左,良,晴,7,6,6,アースメロディ,牝,2,53.0,0,0,七夕裕,箕輪武,,3,0:49.3,37.1,1-1,2,0,0
2023/08/28,浦和,3,ドリームチャレンジ２歳新馬イ,800,ダ,左,良,晴,7,3,3,ブラウンスウィープ,牡,2,54.0,0,0,保園翔,山越光,,4,0:50.7,37.4,5-6,5,0,0
2023/08/28,浦和,3,ドリームチャレンジ２歳新馬イ,800,ダ,左,良,晴,7,1,1,サーブルクーリエ,牡,2,54.0,0,0,藤田凌,繁田健,,5,0:50.8,36.9,6-5,3,0,0
2023/08/28,浦和,3,ドリームチャレンジ２歳新馬イ,800,ダ,左,良,晴,7,7,7,ライオンズマーチ,牝,2,54.0,0,0,橋本直,平山真,,6,0:50.8,37.9,4-4,7,0,0
2023/08/28,浦和,3,ドリームチャレンジ２歳新馬イ,800,ダ,左,良,晴,7,2,2,ビキャク,牝,2,54.0,0,0,山崎誠,宇野博,,7,0:52.7,39.2,7-7,4,0,0
2023/08/28,浦和,4,ドリームチャレンジ２歳新馬ア,800,ダ,左,良,晴,6,4,4,リーダーズカノン,牝,2,54.0,0,0,保園翔,箕輪武,,1,0:48.5,36.5,1-1,4,0,0
2023/08/28,浦和,4,ドリームチャレンジ２歳新馬ア,800,ダ,左,良,晴,6,3,3,トーセンエナジー,牡,2,54.0,0,0,森泰斗,小久智,,2,0:48.8,36.1,3-4,2,0,0
2023/08/28,浦和,4,ドリームチャレンジ２歳新馬ア,800,ダ,左,良,晴,6,2,2,ビナサイゴン,牡,2,54.0,0,0,笹川翼,水野貴,,3,0:49.0,36.5,2-2,1,0,0
2023/08/28,浦和,4,ドリームチャレンジ２歳新馬ア,800,ダ,左,良,晴,6,1,1,ポップコーン,牡,2,54.0,0,0,橋本直,平山真,,4,0:49.4,36.7,4-3,5,0,0
2023/08/28,浦和,4,ドリームチャレンジ２歳新馬ア,800,ダ,左,良,晴,6,6,6,コウユーユケユケ,牝,2,54.0,0,0,福原杏,宇野博,,5,0:49.7,36.8,5-5,3,0,0
2023/08/28,浦和,4,ドリームチャレンジ２歳新馬ア,800,ダ,左,良,晴,6,5,5,チョウノリノリ,牝,2,52.0,0,0,室陽一,川村守,,6,0:50.6,37.1,6-6,6,0,0
2023/08/28,浦和,5,Ｃ１四,1400,ダ,左,良,晴,9,2,2,ダイバオーソ,牡,5,56.0,462,-1,藤江渉,箕輪武,,1,1:29.6,38.6,6-7-6-3,1,462,-1
2023/08/28,浦和,5,Ｃ１四,1400,ダ,左,良,晴,9,8,9,アンファンドディユ,牡,6,56.0,435,1,町田直,海馬司,,2,1:30.5,41.0,2-1-2-1,7,435,1
2023/08/28,浦和,5,Ｃ１四,1400,ダ,左,良,晴,9,6,6,ゴープラチナム,牝,6,54.0,446,0,張田昂,平山真,,3,1:30.6,41.1,1-2-1-2,2,446,0
2023/08/28,浦和,5,Ｃ１四,1400,ダ,左,良,晴,9,3,3,リョウタスペシャル,牡,3,55.0,434,1,岡村健,小澤宏,,4,1:31.0,40.5,4-4-4-4,6,434,1
2023/08/28,浦和,5,Ｃ１四,1400,ダ,左,良,晴,9,7,7,ワンダーフェンリル,牡,5,56.0,508,-3,橋本直,鈴木勝,,5,1:31.0,39.1,8-9-9-9,4,508,-3
2023/08/28,浦和,5,Ｃ１四,1400,ダ,左,良,晴,9,5,5,インプレシオ,牡,4,56.0,462,3,臼井健,山中尊,,6,1:31.1,40.5,7-6-5-5,3,462,3
2023/08/28,浦和,5,Ｃ１四,1400,ダ,左,良,晴,9,4,4,チェスナットドレス,牝,6,54.0,461,-4,國分祐,冨田敏,,7,1:31.4,39.9,9-8-8-8,8,461,-4
2023/08/28,浦和,5,Ｃ１四,1400,ダ,左,良,晴,9,8,8,ノースプリマ,牝,3,51.0,453,-1,木間龍,水野貴,,8,1:32.2,42.5,3-3-3-6,5,453,-1
2023/08/28,浦和,5,Ｃ１四,1400,ダ,左,良,晴,9,1,1,キックフリップ,牝,4,54.0,458,-5,吉留孝,野口孝,,9,1:32.4,41.6,5-5-7-7,9,458,-5
2023/08/28,浦和,6,Ｃ３八 九 十,1500,ダ,左,良,晴,9,2,2,フォガラ,牝,6,53.0,455,-14,菅原涼,小久智,,1,1:39.5,39.4,4-4-3-2,2,455,-14
2023/08/28,浦和,6,Ｃ３八 九 十,1500,ダ,左,良,晴,9,8,9,シエスタキー,牡,6,56.0,510,7,藤江渉,川村守,,2,1:39.8,40.1,1-1-1-1,1,510,7
2023/08/28,浦和,6,Ｃ３八 九 十,1500,ダ,左,良,晴,9,6,6,アミン,牝,6,54.0,469,-5,見越彬,冨田敏,,3,1:40.2,40.3,2-2-2-3,3,469,-5
2023/08/28,浦和,6,Ｃ３八 九 十,1500,ダ,左,良,晴,9,3,3,ピンクフリオーソ,牝,4,54.0,489,-1,町田直,佐々功,,4,1:40.7,39.9,7-6-6-4,5,489,-1
2023/08/28,浦和,6,Ｃ３八 九 十,1500,ダ,左,良,晴,9,1,1,ラッキーアモン,牡,7,56.0,517,-4,寺島憂,箕輪武,,5,1:41.0,39.5,9-8-8-7,8,517,-4
2023/08/28,浦和,6,Ｃ３八 九 十,1500,ダ,左,良,晴,9,7,7,パルメニデス,牡,4,56.0,414,-6,秋元耕,山越光,,6,1:41.5,40.4,6-7-7-8,7,414,-6
2023/08/28,浦和,6,Ｃ３八 九 十,1500,ダ,左,良,晴,9,5,5,ファーマスター,牝,5,54.0,439,8,福原杏,川村守,,7,1:41.5,41.1,5-5-5-6,9,439,8
2023/08/28,浦和,6,Ｃ３八 九 十,1500,ダ,左,良,晴,9,8,8,スクリームイーグル,セ,0,54.0,446,-11,室陽一,酒井一,,8,1:41.6,41.5,3-3-4-5,6,446,-11
2023/08/28,浦和,6,Ｃ３八 九 十,1500,ダ,左,良,晴,9,4,4,ニシノマリアージュ,牝,7,54.0,405,-1,岡田大,冨田敏,,9,1:42.8,41.0,8-9-9-9,4,405,-1
2023/08/28,浦和,7,梨の里白岡！白岡美人賞３歳二,1500,ダ,左,良,晴,12,4,4,シンドバッド,牡,3,56.0,465,9,山中悠,小久智,,1,1:36.8,40.6,1-1-2-1,4,465,9
2023/08/28,浦和,7,梨の里白岡！白岡美人賞３歳二,1500,ダ,左,良,晴,12,5,6,ワガママナビジン,牝,3,54.0,472,6,澤田龍,矢野義,,2,1:36.9,40.4,5-5-1-2,5,472,6
2023/08/28,浦和,7,梨の里白岡！白岡美人賞３歳二,1500,ダ,左,良,晴,12,2,2,タケショウゲイル,牡,3,56.0,460,-3,篠谷葵,山本学,,3,1:37.8,39.1,11-11-9-6,8,460,-3
2023/08/28,浦和,7,梨の里白岡！白岡美人賞３歳二,1500,ダ,左,良,晴,12,3,3,ラブルパイル,牡,3,56.0,464,-4,秋元耕,入口由,,4,1:38.3,40.6,8-8-7-4,3,464,-4
2023/08/28,浦和,7,梨の里白岡！白岡美人賞３歳二,1500,ダ,左,良,晴,12,6,8,ディーレジェンド,牝,3,54.0,459,-3,庄司大,石井勝,,5,1:38.9,42.4,4-4-3-3,1,459,-3
2023/08/28,浦和,7,梨の里白岡！白岡美人賞３歳二,1500,ダ,左,良,晴,12,5,5,ケンタスペシャル,牡,3,56.0,468,3,山本紀,山本学,,6,1:39.1,42.1,6-6-5-5,10,468,3
2023/08/28,浦和,7,梨の里白岡！白岡美人賞３歳二,1500,ダ,左,良,晴,12,8,11,ニットウサニー,牝,3,54.0,440,2,森泰斗,野口寛,,7,1:40.5,41.7,10-10-10-9,2,440,2
2023/08/28,浦和,7,梨の里白岡！白岡美人賞３歳二,1500,ダ,左,良,晴,12,7,9,アヤサンメルシー,牝,3,54.0,434,-3,西啓太,齊藤敏,,8,1:40.8,44.4,2-2-4-7,7,434,-3
2023/08/28,浦和,7,梨の里白岡！白岡美人賞３歳二,1500,ダ,左,良,晴,12,8,12,アポロパシュート,セ,0,56.0,439,4,和田譲,小澤宏,,9,1:41.2,43.7,7-7-7-8,6,439,4
2023/08/28,浦和,7,梨の里白岡！白岡美人賞３歳二,1500,ダ,左,良,晴,12,6,7,アメ,牝,3,54.0,442,-1,加藤和,長谷忍,,10,1:42.5,44.3,9-9-11-11,11,442,-1
2023/08/28,浦和,7,梨の里白岡！白岡美人賞３歳二,1500,ダ,左,良,晴,12,7,10,シナノホワイト,牡,3,55.0,506,5,七夕裕,岡田一,,11,1:43.0,46.3,3-3-6-10,9,506,5
2023/08/28,浦和,7,梨の里白岡！白岡美人賞３歳二,1500,ダ,左,良,晴,12,1,1,グランダルメ,牝,3,54.0,0,0,笹川翼,山下之,,,,,,,0,0
2023/08/28,浦和,8,しらおか大好き！シラオ仮面賞３歳一,1400,ダ,左,良,晴,10,8,9,スティールシャトル,牝,3,51.0,446,-5,及川烈,岡田一,,1,1:29.5,39.8,2-2-1-1,1,446,-5
2023/08/28,浦和,8,しらおか大好き！シラオ仮面賞３歳一,1400,ダ,左,良,晴,10,1,1,リバースイート,牝,3,52.0,432,0,木間龍,齊藤敏,,2,1:30.4,39.1,9-9-7-4,6,432,0
2023/08/28,浦和,8,しらおか大好き！シラオ仮面賞３歳一,1400,ダ,左,良,晴,10,7,8,コスモレンブランサ,牝,3,53.0,422,6,七夕裕,工藤伸,,3,1:30.6,39.3,8-8-8-6,7,422,6
2023/08/28,浦和,8,しらおか大好き！シラオ仮面賞３歳一,1400,ダ,左,良,晴,10,6,6,リングベルガール,牝,3,54.0,436,24,和田譲,小久智,,4,1:30.6,40.7,3-3-3-3,2,436,24
2023/08/28,浦和,8,しらおか大好き！シラオ仮面賞３歳一,1400,ダ,左,良,晴,10,3,3,ウオッカガール,牝,3,53.0,486,3,菅原涼,箕輪武,,5,1:30.8,41.1,1-1-2-2,9,486,3
2023/08/28,浦和,8,しらおか大好き！シラオ仮面賞３歳一,1400,ダ,左,良,晴,10,2,2,ポッピングシャワー,牝,3,54.0,428,0,福原杏,川村守,,6,1:31.0,39.2,10-10-10-7,10,428,0
2023/08/28,浦和,8,しらおか大好き！シラオ仮面賞３歳一,1400,ダ,左,良,晴,10,5,5,ノーバディエルス,牝,3,54.0,445,5,小杉亮,渋谷博,,7,1:31.3,40.1,6-7-9-10,8,445,5
2023/08/28,浦和,8,しらおか大好き！シラオ仮面賞３歳一,1400,ダ,左,良,晴,10,4,4,チュラヴィーナス,牝,3,54.0,445,-1,笠野雄,山下之,,8,1:31.3,41.0,5-5-5-5,3,445,-1
2023/08/28,浦和,8,しらおか大好き！シラオ仮面賞３歳一,1400,ダ,左,良,晴,10,8,10,マコトエトルリア,牝,3,54.0,455,-9,本田重,川島一,,9,1:31.5,41.4,4-4-4-8,5,455,-9
2023/08/28,浦和,8,しらおか大好き！シラオ仮面賞３歳一,1400,ダ,左,良,晴,10,7,7,マッドルル,牝,3,54.0,453,-10,本橋孝,山中尊,,10,1:31.8,41.0,7-6-6-9,4,453,-10
2023/08/28,浦和,9,女郎花特別Ｃ２一,1400,ダ,左,良,晴,11,7,9,ヴェルデヴェント,牝,4,54.0,444,6,小杉亮,岡林光,,1,1:30.2,39.2,10-10-8-5,9,444,6
2023/08/28,浦和,9,女郎花特別Ｃ２一,1400,ダ,左,良,晴,11,6,6,ジェノバフレイバー,牡,4,56.0,474,-2,今野忠,繁田健,,2,1:30.5,39.9,9-8-5-4,2,474,-2
2023/08/28,浦和,9,女郎花特別Ｃ２一,1400,ダ,左,良,晴,11,2,2,ビーマジカル,牝,4,54.0,446,-5,町田直,野口孝,,3,1:30.5,40.7,1-1-3-2,3,446,-5
2023/08/28,浦和,9,女郎花特別Ｃ２一,1400,ダ,左,良,晴,11,8,10,メラスクリオス,牝,4,52.0,452,-2,室陽一,宇野博,,4,1:30.5,40.4,3-3-1-1,8,452,-2
2023/08/28,浦和,9,女郎花特別Ｃ２一,1400,ダ,左,良,晴,11,3,3,ケラウノスカズ,牡,4,56.0,429,-5,臼井健,凾館一,,5,1:30.8,39.2,11-11-10-8,10,429,-5
2023/08/28,浦和,9,女郎花特別Ｃ２一,1400,ダ,左,良,晴,11,4,4,ハクサンメモリー,牝,4,54.0,432,0,澤田龍,矢野義,,6,1:30.9,41.0,2-2-2-3,1,432,0
2023/08/28,浦和,9,女郎花特別Ｃ２一,1400,ダ,左,良,晴,11,6,7,キトゥンズルンバ,セ,0,56.0,468,-6,野畑凌,水野貴,,7,1:31.2,40.8,6-7-7-6,7,468,-6
2023/08/28,浦和,9,女郎花特別Ｃ２一,1400,ダ,左,良,晴,11,5,5,エクレールスカイ,牡,4,56.0,437,-2,山口達,林正人,,8,1:31.3,40.6,8-9-6-9,6,437,-2
2023/08/28,浦和,9,女郎花特別Ｃ２一,1400,ダ,左,良,晴,11,7,8,ウインチャチャ,牝,4,54.0,444,-1,和田譲,林　幻,,9,1:31.7,41.5,7-5-4-7,5,444,-1
2023/08/28,浦和,9,女郎花特別Ｃ２一,1400,ダ,左,良,晴,11,1,1,ヴァンクールシチー,牡,4,56.0,422,1,半澤慶,工藤伸,,10,1:33.7,43.1,5-6-9-10,11,422,1
2023/08/28,浦和,9,女郎花特別Ｃ２一,1400,ダ,左,良,晴,11,8,11,ベイビーアッシュ,牡,5,56.0,525,-16,山中悠,小澤宏,,11,1:33.9,43.3,4-4-11-11,4,525,-16
2023/08/28,浦和,10,晩夏特別Ｃ１三,1500,ダ,左,良,晴,12,7,9,ダヴィンチ,牡,5,56.0,530,3,小杉亮,林　幻,,1,1:36.5,39.8,1-1-1-1,5,530,3
2023/08/28,浦和,10,晩夏特別Ｃ１三,1500,ダ,左,良,晴,12,7,10,アルティスタエース,牡,8,56.0,476,-3,福原杏,繁田健,,2,1:36.9,40.0,2-2-2-2,3,476,-3
2023/08/28,浦和,10,晩夏特別Ｃ１三,1500,ダ,左,良,晴,12,8,11,ブラーノマーノ,牡,3,55.0,459,-1,岡村健,山本学,,3,1:37.1,39.3,9-10-5-4,4,459,-1
2023/08/28,浦和,10,晩夏特別Ｃ１三,1500,ダ,左,良,晴,12,4,4,キャッスルシオン,牝,3,53.0,428,-4,篠谷葵,渋谷博,,4,1:37.3,39.8,8-7-5-5,7,428,-4
2023/08/28,浦和,10,晩夏特別Ｃ１三,1500,ダ,左,良,晴,12,5,5,グリーングラシア,牡,3,55.0,491,-2,本橋孝,石井勝,,5,1:37.5,40.2,5-5-4-3,1,491,-2
2023/08/28,浦和,10,晩夏特別Ｃ１三,1500,ダ,左,良,晴,12,6,7,フェリスダージ,牝,5,54.0,426,-3,内田利,工藤伸,,6,1:37.6,39.2,12-11-10-7,8,426,-3
2023/08/28,浦和,10,晩夏特別Ｃ１三,1500,ダ,左,良,晴,12,5,6,マスクドサムライ,牡,4,56.0,489,1,半澤慶,藤原智,,7,1:37.8,40.7,3-4-3-6,2,489,1
2023/08/28,浦和,10,晩夏特別Ｃ１三,1500,ダ,左,良,晴,12,3,3,スーパーローズ,牝,6,53.0,492,0,七夕裕,野口孝,,8,1:38.0,39.9,10-9-9-8,9,492,0
2023/08/28,浦和,10,晩夏特別Ｃ１三,1500,ダ,左,良,晴,12,6,8,リュウノボミ,牝,4,54.0,463,1,臼井健,齊藤敏,,9,1:38.3,39.7,11-12-12-11,11,463,1
2023/08/28,浦和,10,晩夏特別Ｃ１三,1500,ダ,左,良,晴,12,8,12,バトルオサンナ,牝,9,50.0,443,5,中島良,入口由,,10,1:38.5,40.4,7-8-11-10,10,443,5
2023/08/28,浦和,10,晩夏特別Ｃ１三,1500,ダ,左,良,晴,12,1,1,サンケイワールド,牡,5,56.0,480,4,森泰斗,平山真,,11,1:39.0,41.5,4-3-7-9,6,480,4
2023/08/28,浦和,10,晩夏特別Ｃ１三,1500,ダ,左,良,晴,12,2,2,ニシノアクシス,牡,6,56.0,495,-1,國分祐,冨田敏,,12,1:39.6,41.9,6-6-8-12,12,495,-1
2023/08/28,浦和,11,処暑特別Ｂ３一,1400,ダ,左,良,晴,10,2,2,グレートジャーニー,牡,3,55.0,454,0,本橋孝,小久智,,1,1:28.0,38.1,5-5-3-3,2,454,0
2023/08/28,浦和,11,処暑特別Ｂ３一,1400,ダ,左,良,晴,10,3,3,モズハッピーロード,牡,5,56.0,496,-4,山崎誠,平山真,,2,1:28.0,37.8,6-6-6-4,3,496,-4
2023/08/28,浦和,11,処暑特別Ｂ３一,1400,ダ,左,良,晴,10,8,10,ミュステーリオン,牝,4,54.0,494,7,笹川翼,小久智,,3,1:28.2,39.1,2-2-2-1,1,494,7
2023/08/28,浦和,11,処暑特別Ｂ３一,1400,ダ,左,良,晴,10,8,9,ディアブロケー,牡,4,56.0,503,0,本田重,川島一,,4,1:28.9,38.5,7-8-5-5,7,503,0
2023/08/28,浦和,11,処暑特別Ｂ３一,1400,ダ,左,良,晴,10,4,4,クマサンニデアッタ,牝,5,54.0,479,-3,半澤慶,小林真,,5,1:29.0,38.6,8-7-7-7,8,479,-3
2023/08/28,浦和,11,処暑特別Ｂ３一,1400,ダ,左,良,晴,10,5,5,スマイルチャージ,牝,5,54.0,480,0,濱田達,川島一,,6,1:29.1,40.2,1-1-1-2,5,480,0
2023/08/28,浦和,11,処暑特別Ｂ３一,1400,ダ,左,良,晴,10,7,7,メイストーム,牡,5,56.0,473,-7,森泰斗,水野貴,,7,1:29.7,38.8,9-9-8-8,4,473,-7
2023/08/28,浦和,11,処暑特別Ｂ３一,1400,ダ,左,良,晴,10,1,1,シグラップリンリン,牝,8,54.0,455,-1,橋本直,平山真,,8,1:30.9,40.5,3-4-9-9,9,455,-1
2023/08/28,浦和,11,処暑特別Ｂ３一,1400,ダ,左,良,晴,10,7,8,カシノフォワード,セ,0,56.0,441,0,吉留孝,鹿沼和,,9,1:31.0,39.9,10-10-10-10,10,441,0
2023/08/28,浦和,11,処暑特別Ｂ３一,1400,ダ,左,良,晴,10,6,6,カワイイ,牝,4,54.0,547,15,張田昂,宇野博,,10,1:31.4,41.4,4-3-4-6,6,547,15
2023/08/28,浦和,12,羊雲特別Ｃ２Ｃ３選抜馬,2000,ダ,左,良,晴,10,3,3,ウインカーマイン,牡,7,57.0,447,-6,秋元耕,川島豊,,1,2:13.8,39.0,9-9-8-4,6,447,-6
2023/08/28,浦和,12,羊雲特別Ｃ２Ｃ３選抜馬,2000,ダ,左,良,晴,10,7,8,ノブフェーヴル,セ,0,57.0,465,2,町田直,山下之,,2,2:13.9,40.5,3-3-2-1,2,465,2
2023/08/28,浦和,12,羊雲特別Ｃ２Ｃ３選抜馬,2000,ダ,左,良,晴,10,6,6,スプリングネージュ,牝,5,53.0,443,-4,福原杏,鹿沼和,,3,2:14.7,41.3,2-2-3-3,1,443,-4
2023/08/28,浦和,12,羊雲特別Ｃ２Ｃ３選抜馬,2000,ダ,左,良,晴,10,5,5,マイアミヒーロー,セ,0,57.0,490,-5,高橋哲,小久智,,4,2:14.9,41.3,4-4-4-5,5,490,-5
2023/08/28,浦和,12,羊雲特別Ｃ２Ｃ３選抜馬,2000,ダ,左,良,晴,10,2,2,ピノモラーン,牡,5,56.0,469,-2,新原周,野口孝,,5,2:15.0,41.6,1-1-1-2,4,469,-2
2023/08/28,浦和,12,羊雲特別Ｃ２Ｃ３選抜馬,2000,ダ,左,良,晴,10,1,1,スターコマチ,牝,4,53.0,406,6,吉留孝,川村守,,6,2:15.1,41.3,7-6-6-6,9,406,6
2023/08/28,浦和,12,羊雲特別Ｃ２Ｃ３選抜馬,2000,ダ,左,良,晴,10,8,10,サンラグナニゲル,牝,4,51.0,443,0,中島良,川村守,,7,2:15.4,41.7,6-5-7-8,7,443,0
2023/08/28,浦和,12,羊雲特別Ｃ２Ｃ３選抜馬,2000,ダ,左,良,晴,10,4,4,カペラスター,牡,4,57.0,489,1,岡田大,横山保,,8,2:15.4,41.7,5-7-5-7,3,489,1
2023/08/28,浦和,12,羊雲特別Ｃ２Ｃ３選抜馬,2000,ダ,左,良,晴,10,8,9,シェナコブシ,牡,4,55.0,481,-3,見越彬,吉田正,,9,2:18.2,43.8,8-8-9-9,8,481,-3
2023/08/28,浦和,12,羊雲特別Ｃ２Ｃ３選抜馬,2000,ダ,左,良,晴,10,7,7,アイスバーグアリー,牝,7,51.0,0,0,室陽一,酒井一,,,,,,,0,0
2023/08/29,浦和,1,３歳三,1400,ダ,左,良,晴,8,5,5,レコパンマミー,牝,3,54.0,466,-3,内田利,箕輪武,,1,1:30.1,40.8,3-3-3-1,1,466,-3
2023/08/29,浦和,1,３歳三,1400,ダ,左,良,晴,8,3,3,エスシーマゼラン,牡,3,56.0,498,-1,山口達,渡邊貴,,2,1:30.8,40.7,7-5-4-3,3,498,-1
2023/08/29,浦和,1,３歳三,1400,ダ,左,良,晴,8,6,6,リュウノファントム,牡,3,56.0,468,4,高橋哲,野口孝,,3,1:31.2,40.6,5-6-6-5,8,468,4
2023/08/29,浦和,1,３歳三,1400,ダ,左,良,晴,8,2,2,パワフルウィッシュ,牝,3,54.0,440,-5,山中悠,小久智,,4,1:31.2,42.4,2-1-1-2,2,440,-5
2023/08/29,浦和,1,３歳三,1400,ダ,左,良,晴,8,7,7,オーデンミカ,牝,3,52.0,455,-10,木間龍,玉井昇,,5,1:31.8,43.0,1-2-2-4,5,455,-10
2023/08/29,浦和,1,３歳三,1400,ダ,左,良,晴,8,8,8,クラダイリン,牝,3,53.0,494,-10,七夕裕,長谷忍,,6,1:32.4,40.4,8-8-7-7,4,494,-10
2023/08/29,浦和,1,３歳三,1400,ダ,左,良,晴,8,4,4,シナノフローレンス,牝,3,51.0,400,4,小林勝,岡田一,,7,1:34.0,43.8,4-4-5-6,6,400,4
2023/08/29,浦和,1,３歳三,1400,ダ,左,良,晴,8,1,1,ワールドバトル,牡,3,56.0,476,-1,秋元耕,海馬司,,8,1:35.0,43.6,6-7-8-8,7,476,-1
2023/08/29,浦和,2,ランチタイムチャレンジＣ２三 四,1400,ダ,左,良,晴,10,8,9,ティーズロック,牡,4,56.0,523,2,高橋哲,水野貴,,1,1:29.6,39.4,4-3-2-2,5,523,2
2023/08/29,浦和,2,ランチタイムチャレンジＣ２三 四,1400,ダ,左,良,晴,10,1,1,ライヴガーネット,牝,4,54.0,472,8,野畑凌,工藤伸,,2,1:29.9,39.9,1-1-1-1,3,472,8
2023/08/29,浦和,2,ランチタイムチャレンジＣ２三 四,1400,ダ,左,良,晴,10,2,2,パールズウィッシュ,牝,4,54.0,436,-3,クアト,佐藤太,,3,1:30.0,39.6,3-4-3-3,4,436,-3
2023/08/29,浦和,2,ランチタイムチャレンジＣ２三 四,1400,ダ,左,良,晴,10,4,4,フルティージャ,牝,4,54.0,453,-5,岡村健,山田信,,4,1:30.2,39.2,7-7-8-4,6,453,-5
2023/08/29,浦和,2,ランチタイムチャレンジＣ２三 四,1400,ダ,左,良,晴,10,8,10,ルージュカプリス,牝,6,53.0,421,3,七夕裕,長谷忍,,5,1:30.6,39.8,6-6-7-7,1,421,3
2023/08/29,浦和,2,ランチタイムチャレンジＣ２三 四,1400,ダ,左,良,晴,10,7,7,モモドリーム,牝,5,54.0,479,3,福原杏,平山真,,6,1:30.7,40.1,5-5-4-5,7,479,3
2023/08/29,浦和,2,ランチタイムチャレンジＣ２三 四,1400,ダ,左,良,晴,10,6,6,プリマリー,牝,4,54.0,450,7,篠谷葵,矢内博,,7,1:30.9,39.4,8-9-9-8,8,450,7
2023/08/29,浦和,2,ランチタイムチャレンジＣ２三 四,1400,ダ,左,良,晴,10,7,8,ヘーベー,牝,5,54.0,474,4,保園翔,宇野博,,8,1:31.2,40.4,9-8-6-6,9,474,4
2023/08/29,浦和,2,ランチタイムチャレンジＣ２三 四,1400,ダ,左,良,晴,10,3,3,ワンダーダイカネン,牡,6,56.0,477,-5,橋本直,鈴木勝,,9,1:31.8,39.9,10-10-10-10,10,477,-5
2023/08/29,浦和,2,ランチタイムチャレンジＣ２三 四,1400,ダ,左,良,晴,10,5,5,トモノクリスタル,牝,6,54.0,421,2,山中悠,小久智,,10,1:32.5,42.3,2-2-4-9,2,421,2
2023/08/29,浦和,3,浦和８００ラウンドＣ３選抜馬イ,800,ダ,左,良,晴,12,6,8,チェンマイルージュ,牝,7,54.0,482,-1,澤田龍,鈴木勝,,1,0:49.0,35.9,4-3,6,482,-1
2023/08/29,浦和,3,浦和８００ラウンドＣ３選抜馬イ,800,ダ,左,良,晴,12,8,12,ラヴアンドゲーム,牝,6,54.0,472,-3,高橋哲,酒井一,,2,0:49.3,36.8,1-1,5,472,-3
2023/08/29,浦和,3,浦和８００ラウンドＣ３選抜馬イ,800,ダ,左,良,晴,12,7,10,ブライトソール,牡,4,56.0,427,-6,加藤和,薮口一,,3,0:49.6,36.9,2-2,8,427,-6
2023/08/29,浦和,3,浦和８００ラウンドＣ３選抜馬イ,800,ダ,左,良,晴,12,5,5,トーセンケイト,牝,5,53.0,480,1,七夕裕,川村守,,4,0:49.8,36.3,7-7,10,480,1
2023/08/29,浦和,3,浦和８００ラウンドＣ３選抜馬イ,800,ダ,左,良,晴,12,4,4,ダンストンラソ,牝,8,54.0,437,-7,見越彬,野口孝,,5,0:49.8,36.5,6-6,4,437,-7
2023/08/29,浦和,3,浦和８００ラウンドＣ３選抜馬イ,800,ダ,左,良,晴,12,3,3,ピノゼン,牝,7,53.0,492,5,新原周,野口孝,,6,0:49.8,37.0,3-4,1,492,5
2023/08/29,浦和,3,浦和８００ラウンドＣ３選抜馬イ,800,ダ,左,良,晴,12,5,6,コウエイダイチ,牡,9,53.0,466,4,及川烈,吉田正,,7,0:49.9,36.9,5-5,9,466,4
2023/08/29,浦和,3,浦和８００ラウンドＣ３選抜馬イ,800,ダ,左,良,晴,12,2,2,ツキニカリ,牡,6,54.0,530,11,木間龍,伊藤滋,,8,0:50.3,36.5,8-8,7,530,11
2023/08/29,浦和,3,浦和８００ラウンドＣ３選抜馬イ,800,ダ,左,良,晴,12,8,11,ヘデラ,牝,7,54.0,453,-3,秋元耕,箕輪武,,9,0:51.1,37.3,10-10,3,453,-3
2023/08/29,浦和,3,浦和８００ラウンドＣ３選抜馬イ,800,ダ,左,良,晴,12,1,1,タイシタモンダロ,牡,4,56.0,482,16,保園翔,山越光,,10,0:51.1,37.4,9-9,2,482,16
2023/08/29,浦和,3,浦和８００ラウンドＣ３選抜馬イ,800,ダ,左,良,晴,12,6,7,ラヴィテスミラノ,牡,5,52.0,482,6,神尾香,宮下靖,,11,0:52.2,37.8,11-11,11,482,6
2023/08/29,浦和,3,浦和８００ラウンドＣ３選抜馬イ,800,ダ,左,良,晴,12,7,9,シャインルビー,牝,6,54.0,442,3,半澤慶,川村守,,12,0:52.7,38.3,12-12,12,442,3
2023/08/29,浦和,4,浦和８００ラウンドＣ３選抜馬ア,800,ダ,左,良,晴,12,5,5,シンキングセンティ,牝,4,54.0,465,1,和田譲,山越光,,1,0:47.7,35.7,1-1,5,465,1
2023/08/29,浦和,4,浦和８００ラウンドＣ３選抜馬ア,800,ダ,左,良,晴,12,7,10,ブルーグリッター,セ,0,56.0,447,-5,岡村健,岡林光,,2,0:48.5,36.0,6-6,7,447,-5
2023/08/29,浦和,4,浦和８００ラウンドＣ３選抜馬ア,800,ダ,左,良,晴,12,5,6,ツーエムタイガー,牡,5,56.0,460,-6,山中悠,小澤宏,,3,0:48.5,35.6,8-8,6,460,-6
2023/08/29,浦和,4,浦和８００ラウンドＣ３選抜馬ア,800,ダ,左,良,晴,12,2,2,ツクバフタツボシ,牝,6,54.0,491,3,保園翔,山越光,,4,0:48.7,36.5,5-5,2,491,3
2023/08/29,浦和,4,浦和８００ラウンドＣ３選抜馬ア,800,ダ,左,良,晴,12,7,9,ウンジョウノメガミ,牝,5,52.0,454,-1,木間龍,入口由,,5,0:48.9,36.9,3-3,3,454,-1
2023/08/29,浦和,4,浦和８００ラウンドＣ３選抜馬ア,800,ダ,左,良,晴,12,8,11,ファンファン,牡,6,56.0,455,1,内田利,箕輪武,,6,0:48.9,36.9,4-2,4,455,1
2023/08/29,浦和,4,浦和８００ラウンドＣ３選抜馬ア,800,ダ,左,良,晴,12,1,1,シルヴァーイーグル,牡,7,56.0,530,3,藤江渉,岡田一,,7,0:49.2,36.7,7-7,9,530,3
2023/08/29,浦和,4,浦和８００ラウンドＣ３選抜馬ア,800,ダ,左,良,晴,12,6,7,エイシンキーゼル,牡,5,56.0,457,-6,半澤慶,宇野博,,8,0:49.2,37.2,2-4,1,457,-6
2023/08/29,浦和,4,浦和８００ラウンドＣ３選抜馬ア,800,ダ,左,良,晴,12,4,4,ニシノイルマーレ,牝,5,54.0,490,-6,岡田大,冨田敏,,9,0:49.6,36.5,9-9,10,490,-6
2023/08/29,浦和,4,浦和８００ラウンドＣ３選抜馬ア,800,ダ,左,良,晴,12,3,3,シーモアドリーム,牝,4,54.0,461,4,濱田達,伊藤滋,,10,0:49.8,36.6,11-10,8,461,4
2023/08/29,浦和,4,浦和８００ラウンドＣ３選抜馬ア,800,ダ,左,良,晴,12,6,8,ニシノカムイ,牡,5,56.0,467,2,山口達,宮下靖,,11,0:50.2,36.5,12-12,12,467,2
2023/08/29,浦和,4,浦和８００ラウンドＣ３選抜馬ア,800,ダ,左,良,晴,12,8,12,エスケイローレンス,牝,4,54.0,449,-1,國分祐,冨田敏,,12,0:50.3,37.2,10-11,11,449,-1
2023/08/29,浦和,5,Ｃ１五 六,1400,ダ,左,良,晴,9,6,6,ハーピーレックス,牡,3,55.0,457,-4,クアト,武井和,,1,1:30.2,39.4,6-6-4-1,3,457,-4
2023/08/29,浦和,5,Ｃ１五 六,1400,ダ,左,良,晴,9,8,8,ミミコチャン,牝,4,50.0,482,-2,中島良,小林真,,2,1:30.2,39.4,5-4-3-2,1,482,-2
2023/08/29,浦和,5,Ｃ１五 六,1400,ダ,左,良,晴,9,2,2,オモイソメル,牝,4,54.0,489,26,庄司大,山下之,,3,1:30.4,39.2,9-8-6-5,6,489,26
2023/08/29,浦和,5,Ｃ１五 六,1400,ダ,左,良,晴,9,5,5,イデアノキセキ,牡,4,56.0,445,-2,櫻井光,岡田一,,4,1:31.3,41.5,3-2-2-3,4,445,-2
2023/08/29,浦和,5,Ｃ１五 六,1400,ダ,左,良,晴,9,7,7,キョウエイカリーナ,牝,3,53.0,459,-7,秋元耕,小澤宏,,5,1:31.5,41.7,1-1-1-3,7,459,-7
2023/08/29,浦和,5,Ｃ１五 六,1400,ダ,左,良,晴,9,8,9,セイウンコチョウ,牝,4,54.0,397,5,國分祐,冨田敏,,6,1:31.9,40.9,7-7-7-6,9,397,5
2023/08/29,浦和,5,Ｃ１五 六,1400,ダ,左,良,晴,9,3,3,ナツハヨル,牝,5,51.0,440,4,及川烈,横山保,,7,1:32.3,41.1,4-5-8-7,2,440,4
2023/08/29,浦和,5,Ｃ１五 六,1400,ダ,左,良,晴,9,1,1,イエローエイト,牝,3,52.0,465,-3,七夕裕,川島豊,,8,1:32.9,40.3,8-9-9-9,8,465,-3
2023/08/29,浦和,5,Ｃ１五 六,1400,ダ,左,良,晴,9,4,4,ミッキーレタス,牝,4,54.0,493,1,本橋孝,小久智,,9,1:34.4,44.1,2-3-5-8,5,493,1
2023/08/29,浦和,6,Ｃ２三 四,1500,ダ,左,良,晴,10,5,5,イージスカフェ,牡,4,56.0,484,-2,石崎駿,張田京,,1,1:36.8,38.7,6-3-2-2,2,484,-2
2023/08/29,浦和,6,Ｃ２三 四,1500,ダ,左,良,晴,10,7,8,アントーニオ,セ,0,56.0,441,-9,本田重,新井清,,2,1:36.8,38.3,4-5-4-3,1,441,-9
2023/08/29,浦和,6,Ｃ２三 四,1500,ダ,左,良,晴,10,8,10,ユメミルツキ,牝,4,51.0,471,3,及川烈,鹿沼和,,3,1:36.9,38.8,1-1-1-1,7,471,3
2023/08/29,浦和,6,Ｃ２三 四,1500,ダ,左,良,晴,10,7,7,ジャスミンカーラ,牝,4,54.0,440,9,福原杏,平山真,,4,1:37.0,38.6,5-6-3-4,3,440,9
2023/08/29,浦和,6,Ｃ２三 四,1500,ダ,左,良,晴,10,6,6,レイバックターン,セ,0,56.0,482,4,澤田龍,渡邊貴,,5,1:38.3,38.0,9-9-9-6,5,482,4
2023/08/29,浦和,6,Ｃ２三 四,1500,ダ,左,良,晴,10,2,2,リュウノアーダーン,牝,5,54.0,426,1,山中悠,川村守,,6,1:39.1,40.1,7-7-7-5,6,426,1
2023/08/29,浦和,6,Ｃ２三 四,1500,ダ,左,良,晴,10,4,4,ニシノロゼ,牝,4,52.0,442,-13,室陽一,小澤宏,,7,1:39.3,41.1,3-2-5-7,8,442,-13
2023/08/29,浦和,6,Ｃ２三 四,1500,ダ,左,良,晴,10,1,1,エトワールゴールド,牡,4,56.0,472,2,吉留孝,薮口一,,8,1:40.5,41.0,8-8-8-9,9,472,2
2023/08/29,浦和,6,Ｃ２三 四,1500,ダ,左,良,晴,10,3,3,セキテイジュウオー,セ,0,56.0,470,-2,張田昂,張田京,,9,1:40.8,42.3,2-4-6-8,4,470,-2
2023/08/29,浦和,6,Ｃ２三 四,1500,ダ,左,良,晴,10,8,9,ビービードルチェ,牝,4,54.0,0,0,野畑凌,新井清,,,,,,,0,0
2023/08/29,浦和,7,ＹＪＳトライアルラウンド浦和　第１戦Ｃ３,1400,ダ,左,良,晴,12,6,8,プレミアムプリモ,牝,6,54.0,477,-4,秋山稔,平山真,,1,1:30.6,39.0,3-2-1-1,3,477,-4
2023/08/29,浦和,7,ＹＪＳトライアルラウンド浦和　第１戦Ｃ３,1400,ダ,左,良,晴,12,3,3,スリーエクセレント,牡,4,56.0,486,-7,仲原大,川村守,,2,1:31.3,39.3,4-5-3-2,7,486,-7
2023/08/29,浦和,7,ＹＪＳトライアルラウンド浦和　第１戦Ｃ３,1400,ダ,左,良,晴,12,5,5,シシリアンルージュ,牡,4,56.0,484,3,横山琉,薮口一,,3,1:32.6,39.9,10-12-9-4,4,484,3
2023/08/29,浦和,7,ＹＪＳトライアルラウンド浦和　第１戦Ｃ３,1400,ダ,左,良,晴,12,7,9,エスポワールフレア,牝,4,54.0,463,0,中島良,野口孝,,4,1:32.7,41.2,1-1-1-3,8,463,0
2023/08/29,浦和,7,ＹＪＳトライアルラウンド浦和　第１戦Ｃ３,1400,ダ,左,良,晴,12,4,4,キモンズラブ,牝,9,54.0,460,-7,室陽一,冨田敏,,5,1:33.0,40.3,12-10-6-5,9,460,-7
2023/08/29,浦和,7,ＹＪＳトライアルラウンド浦和　第１戦Ｃ３,1400,ダ,左,良,晴,12,8,12,レジュールウール,牝,5,54.0,467,-10,西塚洸,野口寛,,6,1:33.0,41.2,2-3-4-7,5,467,-10
2023/08/29,浦和,7,ＹＪＳトライアルラウンド浦和　第１戦Ｃ３,1400,ダ,左,良,晴,12,6,7,ニシノマッハ,牡,9,56.0,464,0,及川烈,吉田正,,7,1:33.3,41.2,4-6-5-6,10,464,0
2023/08/29,浦和,7,ＹＪＳトライアルラウンド浦和　第１戦Ｃ３,1400,ダ,左,良,晴,12,8,11,ポップコーントーン,牝,4,54.0,401,1,佐々大,工藤伸,,8,1:33.3,40.8,8-7-6-8,6,401,1
2023/08/29,浦和,7,ＹＪＳトライアルラウンド浦和　第１戦Ｃ３,1400,ダ,左,良,晴,12,1,1,ラクスシャルキ,牝,4,54.0,457,-3,七夕裕,酒井一,,9,1:33.3,40.1,11-11-11-10,2,457,-3
2023/08/29,浦和,7,ＹＪＳトライアルラウンド浦和　第１戦Ｃ３,1400,ダ,左,良,晴,12,7,10,トリテレイア,牝,7,54.0,402,-9,小林勝,箕輪武,,10,1:33.5,41.2,4-4-6-9,1,402,-9
2023/08/29,浦和,7,ＹＪＳトライアルラウンド浦和　第１戦Ｃ３,1400,ダ,左,良,晴,12,2,2,オールドボンバー,牡,7,56.0,488,2,菅原涼,横山保,,11,1:33.7,40.8,8-8-10-11,11,488,2
2023/08/29,浦和,7,ＹＪＳトライアルラウンド浦和　第１戦Ｃ３,1400,ダ,左,良,晴,12,5,6,ジニアズウィッシュ,牝,7,54.0,473,-6,阿岸潤,小林真,,12,1:34.7,41.8,7-9-12-12,12,473,-6
2023/08/29,浦和,8,なまずの里よしかわ賞Ｃ１五 六,1400,ダ,左,良,晴,11,8,11,ジゼル,牝,4,54.0,509,-5,森泰斗,山中尊,,1,1:27.6,38.0,3-3-1-1,1,509,-5
2023/08/29,浦和,8,なまずの里よしかわ賞Ｃ１五 六,1400,ダ,左,良,晴,11,5,5,コスモルージュ,セ,0,56.0,486,-16,張田昂,小澤宏,,2,1:29.0,38.7,5-4-4-3,2,486,-16
2023/08/29,浦和,8,なまずの里よしかわ賞Ｃ１五 六,1400,ダ,左,良,晴,11,6,7,サルセル,牝,4,54.0,481,2,岡村健,平山真,,3,1:29.3,39.7,2-2-2-2,5,481,2
2023/08/29,浦和,8,なまずの里よしかわ賞Ｃ１五 六,1400,ダ,左,良,晴,11,8,10,ギフテッドキング,牡,3,55.0,487,1,山口達,林正人,,4,1:30.0,39.5,6-6-6-5,7,487,1
2023/08/29,浦和,8,なまずの里よしかわ賞Ｃ１五 六,1400,ダ,左,良,晴,11,7,9,プラチナバローズ,牡,8,56.0,472,1,高橋利,新井清,,5,1:30.1,39.6,8-7-5-4,8,472,1
2023/08/29,浦和,8,なまずの里よしかわ賞Ｃ１五 六,1400,ダ,左,良,晴,11,7,8,インカローズムスメ,牝,4,54.0,407,-4,秋元耕,山越光,,6,1:30.5,39.8,4-5-7-7,10,407,-4
2023/08/29,浦和,8,なまずの里よしかわ賞Ｃ１五 六,1400,ダ,左,良,晴,11,4,4,ブッシュドノエル,牝,5,54.0,415,-4,小杉亮,林　幻,,7,1:30.6,38.0,11-11-10-10,6,415,-4
2023/08/29,浦和,8,なまずの里よしかわ賞Ｃ１五 六,1400,ダ,左,良,晴,11,6,6,アンカリング,牝,3,53.0,448,5,和田譲,林　幻,,8,1:30.8,39.7,7-8-8-8,4,448,5
2023/08/29,浦和,8,なまずの里よしかわ賞Ｃ１五 六,1400,ダ,左,良,晴,11,2,2,トモノエリザベス,牝,4,50.0,453,5,中島良,酒井一,,9,1:31.0,39.3,9-9-9-9,9,453,5
2023/08/29,浦和,8,なまずの里よしかわ賞Ｃ１五 六,1400,ダ,左,良,晴,11,3,3,コンスタンティナ,牝,7,54.0,509,-4,國分祐,冨田敏,,10,1:32.5,40.2,10-10-11-11,11,509,-4
2023/08/29,浦和,8,なまずの里よしかわ賞Ｃ１五 六,1400,ダ,左,良,晴,11,1,1,アンジュクレール,牝,5,54.0,437,1,福原杏,小久智,,11,1:33.0,43.3,1-1-3-6,3,437,1
2023/08/29,浦和,9,ＹＪＳトライアルラウンド浦和　第２戦Ｃ２,1400,ダ,左,良,晴,12,8,11,クリムゾンオーラ,牝,6,54.0,485,1,中島良,入口由,,1,1:30.6,39.9,1-1-1-1,2,485,1
2023/08/29,浦和,9,ＹＪＳトライアルラウンド浦和　第２戦Ｃ２,1400,ダ,左,良,晴,12,7,9,ロジマスタング,牝,4,54.0,478,6,秋山稔,平山真,,2,1:30.7,39.7,5-5-4-2,1,478,6
2023/08/29,浦和,9,ＹＪＳトライアルラウンド浦和　第２戦Ｃ２,1400,ダ,左,良,晴,12,3,3,スイフトマリー,牝,4,54.0,388,-3,横山琉,酒井一,,3,1:30.9,38.9,9-9-8-4,4,388,-3
2023/08/29,浦和,9,ＹＪＳトライアルラウンド浦和　第２戦Ｃ２,1400,ダ,左,良,晴,12,6,7,フェアメーゲン,牝,5,54.0,440,-15,及川烈,工藤伸,,4,1:31.0,39.0,7-7-7-5,3,440,-15
2023/08/29,浦和,9,ＹＪＳトライアルラウンド浦和　第２戦Ｃ２,1400,ダ,左,良,晴,12,8,12,ユウユウグリュック,牝,6,54.0,428,-10,七夕裕,横山保,,5,1:31.1,40.2,2-2-2-3,8,428,-10
2023/08/29,浦和,9,ＹＪＳトライアルラウンド浦和　第２戦Ｃ２,1400,ダ,左,良,晴,12,4,4,マルノアンナ,牝,4,54.0,451,1,西塚洸,川村守,,6,1:31.3,39.3,8-8-8-8,5,451,1
2023/08/29,浦和,9,ＹＪＳトライアルラウンド浦和　第２戦Ｃ２,1400,ダ,左,良,晴,12,2,2,ニシノマンテン,牡,4,56.0,443,-1,小林勝,川島豊,,7,1:31.6,40.4,3-4-5-7,7,443,-1
2023/08/29,浦和,9,ＹＪＳトライアルラウンド浦和　第２戦Ｃ２,1400,ダ,左,良,晴,12,7,10,モリトローテローゼ,牝,7,54.0,479,-7,佐々大,水野貴,,8,1:31.7,40.7,4-3-3-6,6,479,-7
2023/08/29,浦和,9,ＹＪＳトライアルラウンド浦和　第２戦Ｃ２,1400,ダ,左,良,晴,12,6,8,キスアンドテル,牝,4,54.0,510,-2,若杉朝,海馬司,,9,1:31.8,39.1,11-11-11-10,10,510,-2
2023/08/29,浦和,9,ＹＪＳトライアルラウンド浦和　第２戦Ｃ２,1400,ダ,左,良,晴,12,5,5,グッドヘイロー,牝,4,54.0,504,-2,室陽一,山越光,,10,1:32.1,40.7,6-6-6-9,11,504,-2
2023/08/29,浦和,9,ＹＪＳトライアルラウンド浦和　第２戦Ｃ２,1400,ダ,左,良,晴,12,5,6,ワンダーヘーヒスト,牡,9,56.0,467,3,阿岸潤,鈴木勝,,11,1:32.3,40.0,10-10-10-11,9,467,3
2023/08/29,浦和,9,ＹＪＳトライアルラウンド浦和　第２戦Ｃ２,1400,ダ,左,良,晴,12,1,1,ゴールドバード,牡,9,56.0,480,2,神尾香,野口孝,,12,1:33.3,39.4,12-12-12-12,12,480,2
2023/08/29,浦和,10,地方競馬教養センターで騎手を目指そＢ３二,1500,ダ,左,良,晴,12,5,6,エアポートライナー,牡,3,55.0,557,-15,森泰斗,小久智,,1,1:35.6,39.0,1-1-1-1,1,557,-15
2023/08/29,浦和,10,地方競馬教養センターで騎手を目指そＢ３二,1500,ダ,左,良,晴,12,7,9,サイレントウルフ,牡,3,55.0,516,-6,川島正,張田京,,2,1:36.3,38.8,8-8-4-3,3,516,-6
2023/08/29,浦和,10,地方競馬教養センターで騎手を目指そＢ３二,1500,ダ,左,良,晴,12,3,3,プレストエンジェル,牝,4,54.0,459,0,山中悠,佐々清,,3,1:36.6,39.5,5-5-2-2,5,459,0
2023/08/29,浦和,10,地方競馬教養センターで騎手を目指そＢ３二,1500,ダ,左,良,晴,12,6,7,スズノチェルシー,牡,7,56.0,461,-3,岡村健,山中尊,,4,1:37.1,38.7,11-9-9-8,12,461,-3
2023/08/29,浦和,10,地方競馬教養センターで騎手を目指そＢ３二,1500,ダ,左,良,晴,12,6,8,ナリノヴァニーユ,牡,3,55.0,492,2,小杉亮,岡林光,,5,1:37.2,38.4,10-11-10-6,4,492,2
2023/08/29,浦和,10,地方競馬教養センターで騎手を目指そＢ３二,1500,ダ,左,良,晴,12,1,1,エスケントバゴ,牡,4,56.0,458,0,半澤慶,平山真,,6,1:37.3,39.6,7-6-7-5,7,458,0
2023/08/29,浦和,10,地方競馬教養センターで騎手を目指そＢ３二,1500,ダ,左,良,晴,12,4,4,デルタ,牝,6,51.0,445,-5,小林勝,岡田一,,7,1:37.4,40.3,2-3-5-4,2,445,-5
2023/08/29,浦和,10,地方競馬教養センターで騎手を目指そＢ３二,1500,ダ,左,良,晴,12,2,2,ハリケーンメファ,牝,6,54.0,453,-4,山本紀,山本学,,8,1:37.7,39.9,6-7-8-7,10,453,-4
2023/08/29,浦和,10,地方競馬教養センターで騎手を目指そＢ３二,1500,ダ,左,良,晴,12,8,12,デクスター,セ,0,54.0,468,-6,木間龍,水野貴,,9,1:38.6,40.0,9-10-11-11,9,468,-6
2023/08/29,浦和,10,地方競馬教養センターで騎手を目指そＢ３二,1500,ダ,左,良,晴,12,5,5,ヒートアップハート,セ,0,56.0,483,2,クアト,川島一,,10,1:39.4,42.1,4-4-5-10,8,483,2
2023/08/29,浦和,10,地方競馬教養センターで騎手を目指そＢ３二,1500,ダ,左,良,晴,12,8,11,アイエンジェル,牝,6,54.0,487,-8,保園翔,川島豊,,11,1:39.6,40.0,12-12-12-12,11,487,-8
2023/08/29,浦和,10,地方競馬教養センターで騎手を目指そＢ３二,1500,ダ,左,良,晴,12,7,10,ランドファースト,牡,5,56.0,497,-11,澤田龍,矢野義,,12,1:39.8,42.9,3-2-3-9,6,497,-11
2023/08/29,浦和,11,観月特別Ｂ１Ｂ２一,1400,ダ,左,良,晴,12,2,2,ジャックオレンジ,セ,0,57.0,488,-2,本田重,新井清,,1,1:28.2,37.7,5-5-4-3,3,488,-2
2023/08/29,浦和,11,観月特別Ｂ１Ｂ２一,1400,ダ,左,良,晴,12,5,5,カールスバート,牡,5,57.0,483,5,森泰斗,齊藤敏,,2,1:28.3,38.2,3-3-2-1,1,483,5
2023/08/29,浦和,11,観月特別Ｂ１Ｂ２一,1400,ダ,左,良,晴,12,8,12,ダイリュウボーラー,牡,7,57.0,455,5,町田直,繁田健,,3,1:28.5,37.7,10-10-7-6,5,455,5
2023/08/29,浦和,11,観月特別Ｂ１Ｂ２一,1400,ダ,左,良,晴,12,7,10,トーセンフランク,牡,5,55.0,498,6,笹川翼,小久智,,4,1:28.6,38.3,4-4-3-2,2,498,6
2023/08/29,浦和,11,観月特別Ｂ１Ｂ２一,1400,ダ,左,良,晴,12,7,9,シャイニー,牡,7,55.0,512,-2,篠谷葵,野口寛,,5,1:28.9,37.7,11-11-10-7,9,512,-2
2023/08/29,浦和,11,観月特別Ｂ１Ｂ２一,1400,ダ,左,良,晴,12,6,7,マイブレイブ,牡,4,57.0,503,2,和田譲,川島一,,6,1:29.2,38.7,6-6-5-5,6,503,2
2023/08/29,浦和,11,観月特別Ｂ１Ｂ２一,1400,ダ,左,良,晴,12,3,3,カレンリズ,牝,6,55.0,448,5,本橋孝,小久智,,7,1:30.0,39.9,1-1-1-4,8,448,5
2023/08/29,浦和,11,観月特別Ｂ１Ｂ２一,1400,ダ,左,良,晴,12,4,4,カミノアカネ,牝,6,50.0,468,-13,小林勝,岡田一,,8,1:30.2,39.8,2-2-6-10,4,468,-13
2023/08/29,浦和,11,観月特別Ｂ１Ｂ２一,1400,ダ,左,良,晴,12,8,11,タツノエクスプレス,牡,4,57.0,500,6,櫻井光,田邊陽,,9,1:30.4,39.5,7-7-9-9,7,500,6
2023/08/29,浦和,11,観月特別Ｂ１Ｂ２一,1400,ダ,左,良,晴,12,6,8,ダイヤモンドダスト,牝,4,53.0,465,-3,半澤慶,宇野博,,10,1:30.5,39.6,9-9-8-8,12,465,-3
2023/08/29,浦和,11,観月特別Ｂ１Ｂ２一,1400,ダ,左,良,晴,12,1,1,キャストロポポ,牡,5,55.0,496,0,山崎誠,山本学,,11,1:30.6,39.4,8-8-12-11,10,496,0
2023/08/29,浦和,11,観月特別Ｂ１Ｂ２一,1400,ダ,左,良,晴,12,5,6,ワンダーイチョウ,牡,5,57.0,494,-4,福原杏,鈴木勝,,12,1:31.6,40.4,12-12-11-12,11,494,-4
2023/08/29,浦和,12,Ｊ交 ツインサマー特別３歳Ｃ１下選抜馬,1400,ダ,左,良,晴,12,8,12,イーデンテソーロ,牡,3,55.0,469,7,永野猛,畠山吉,,1,1:29.9,38.0,3-2-2-2,3,469,7
2023/08/29,浦和,12,Ｊ交 ツインサマー特別３歳Ｃ１下選抜馬,1400,ダ,左,良,晴,12,5,6,ストリートジャガー,牡,3,56.0,473,-5,森泰斗,松山将,,2,1:30.0,38.2,8-1-1-1,1,473,-5
2023/08/29,浦和,12,Ｊ交 ツインサマー特別３歳Ｃ１下選抜馬,1400,ダ,左,良,晴,12,2,2,ヨドノストロング,牡,3,57.0,495,-6,張田昂,平山真,,3,1:30.3,38.4,9-7-4-3,2,495,-6
2023/08/29,浦和,12,Ｊ交 ツインサマー特別３歳Ｃ１下選抜馬,1400,ダ,左,良,晴,12,7,10,グランリージェント,牡,3,56.0,499,1,西啓太,加藤和,,4,1:30.9,39.0,6-5-3-4,11,499,1
2023/08/29,浦和,12,Ｊ交 ツインサマー特別３歳Ｃ１下選抜馬,1400,ダ,左,良,晴,12,6,8,ジュングンジョウ,牡,3,56.0,455,-1,藤本現,伊坂重,,5,1:31.2,38.3,12-11-7-6,5,455,-1
2023/08/29,浦和,12,Ｊ交 ツインサマー特別３歳Ｃ１下選抜馬,1400,ダ,左,良,晴,12,5,5,リュウノボマーク,牝,3,55.0,462,4,和田譲,野口寛,,6,1:31.3,38.7,5-6-5-5,7,462,4
2023/08/29,浦和,12,Ｊ交 ツインサマー特別３歳Ｃ１下選抜馬,1400,ダ,左,良,晴,12,8,11,ジャヌウブ,牝,3,51.0,465,2,及川烈,小久智,,7,1:31.4,39.0,2-4-8-8,6,465,2
2023/08/29,浦和,12,Ｊ交 ツインサマー特別３歳Ｃ１下選抜馬,1400,ダ,左,良,晴,12,7,9,ダプネマリン,牝,3,55.0,406,0,橋本直,入口由,,8,1:31.4,38.5,10-9-9-9,9,406,0
2023/08/29,浦和,12,Ｊ交 ツインサマー特別３歳Ｃ１下選抜馬,1400,ダ,左,良,晴,12,3,3,デルマイサミアシ,牝,3,54.0,481,-17,井上敏,天間昭,,9,1:31.6,38.3,11-10-10-10,10,481,-17
2023/08/29,浦和,12,Ｊ交 ツインサマー特別３歳Ｃ１下選抜馬,1400,ダ,左,良,晴,12,1,1,ティーラミレス,牝,3,50.0,458,12,小林美,辻哲英,,10,1:31.7,38.6,7-8-11-11,4,458,12
2023/08/29,浦和,12,Ｊ交 ツインサマー特別３歳Ｃ１下選抜馬,1400,ダ,左,良,晴,12,6,7,カガヤキタイヨー,牝,3,55.0,430,-3,櫻井光,海馬司,,11,1:31.9,39.7,1-3-6-7,8,430,-3
2023/08/29,浦和,12,Ｊ交 ツインサマー特別３歳Ｃ１下選抜馬,1400,ダ,左,良,晴,12,4,4,メガバズーカランチ,牝,3,55.0,453,-2,内田利,工藤伸,,12,1:32.5,37.8,4-12-12-12,12,453,-2
2023/08/30,浦和,1,２歳二,1400,ダ,左,良,晴,9,2,2,ツガノショウグン,牡,2,54.0,476,9,保園翔,山越光,,1,1:30.7,40.0,3-3-3-1,2,476,9
2023/08/30,浦和,1,２歳二,1400,ダ,左,良,晴,9,8,8,ブレイヴアウト,牡,2,54.0,453,7,小杉亮,岡林光,,2,1:30.7,39.4,6-5-6-4,4,453,7
2023/08/30,浦和,1,２歳二,1400,ダ,左,良,晴,9,6,6,タイセイキスミー,牝,2,54.0,422,-2,笹川翼,山田信,,3,1:30.8,39.8,8-7-5-3,3,422,-2
2023/08/30,浦和,1,２歳二,1400,ダ,左,良,晴,9,1,1,レジェス,牡,2,54.0,518,6,本田重,山中尊,,4,1:30.9,40.2,2-2-1-2,1,518,6
2023/08/30,浦和,1,２歳二,1400,ダ,左,良,晴,9,3,3,ミレニアムバイオ,牡,2,54.0,449,-4,岡村健,岡林光,,5,1:32.2,41.2,9-8-4-5,7,449,-4
2023/08/30,浦和,1,２歳二,1400,ダ,左,良,晴,9,5,5,マオノアンコール,牡,2,54.0,456,3,山本紀,渋谷博,,6,1:32.8,40.9,5-6-8-6,5,456,3
2023/08/30,浦和,1,２歳二,1400,ダ,左,良,晴,9,4,4,ギガフォルス,牡,2,54.0,455,-1,岡田大,薮口一,,7,1:34.5,42.0,7-9-9-9,9,455,-1
2023/08/30,浦和,1,２歳二,1400,ダ,左,良,晴,9,7,7,アフィナージュ,牝,2,54.0,397,-2,西啓太,藤原智,,8,1:34.6,43.1,4-4-7-8,6,397,-2
2023/08/30,浦和,1,２歳二,1400,ダ,左,良,晴,9,8,9,ハッカキャンディー,牡,2,54.0,511,-2,篠谷葵,藤原智,,9,1:35.8,45.2,1-1-2-7,8,511,-2
2023/08/30,浦和,2,ランチタイムチャレンジＣ３六 七,1400,ダ,左,良,晴,11,8,10,バジガクエブリン,牝,5,54.0,470,0,臼井健,山中尊,,1,1:32.0,39.8,3-3-3-2,2,470,0
2023/08/30,浦和,2,ランチタイムチャレンジＣ３六 七,1400,ダ,左,良,晴,11,6,7,カフェダイナスティ,セ,0,56.0,496,-1,内田利,箕輪武,,2,1:32.0,39.8,2-2-2-3,3,496,-1
2023/08/30,浦和,2,ランチタイムチャレンジＣ３六 七,1400,ダ,左,良,晴,11,6,6,プリュイ,牡,5,56.0,425,-5,加藤和,薮口一,,3,1:32.2,40.0,1-1-1-1,1,425,-5
2023/08/30,浦和,2,ランチタイムチャレンジＣ３六 七,1400,ダ,左,良,晴,11,3,3,アストロメアリー,牝,4,51.0,398,5,及川烈,長谷忍,,4,1:33.0,39.9,7-7-7-5,5,398,5
2023/08/30,浦和,2,ランチタイムチャレンジＣ３六 七,1400,ダ,左,良,晴,11,8,11,メイショウイヤサカ,牝,7,54.0,458,3,秋元耕,海馬司,,5,1:33.3,40.9,4-4-5-6,4,458,3
2023/08/30,浦和,2,ランチタイムチャレンジＣ３六 七,1400,ダ,左,良,晴,11,7,9,ラウズアップ,牡,7,56.0,420,-2,半澤慶,海馬司,,6,1:33.4,41.0,5-5-4-4,7,420,-2
2023/08/30,浦和,2,ランチタイムチャレンジＣ３六 七,1400,ダ,左,良,晴,11,4,4,メイショウコウヨウ,牝,4,53.0,452,-2,七夕裕,川村守,,7,1:33.5,39.1,9-10-9-8,9,452,-2
2023/08/30,浦和,2,ランチタイムチャレンジＣ３六 七,1400,ダ,左,良,晴,11,2,2,レーダーベクター,牡,4,54.0,458,-3,室陽一,川村守,,8,1:34.2,39.4,11-11-11-10,8,458,-3
2023/08/30,浦和,2,ランチタイムチャレンジＣ３六 七,1400,ダ,左,良,晴,11,5,5,スマイルジーニアス,セ,0,56.0,498,1,岡田大,鹿沼和,,9,1:34.3,41.7,6-6-6-7,6,498,1
2023/08/30,浦和,2,ランチタイムチャレンジＣ３六 七,1400,ダ,左,良,晴,11,1,1,ゴールドアクセル,牡,5,56.0,499,-5,高橋哲,鹿沼和,,10,1:35.1,41.2,8-8-8-9,10,499,-5
2023/08/30,浦和,2,ランチタイムチャレンジＣ３六 七,1400,ダ,左,良,晴,11,7,8,サウンドウェリナ,牝,4,54.0,452,-1,吉留孝,薮口一,,11,1:36.2,41.7,10-9-10-11,11,452,-1
2023/08/30,浦和,3,３歳四,1500,ダ,左,良,晴,11,7,9,ミヤコノティアラ,牝,3,54.0,453,1,山口達,林正人,,1,1:36.8,38.7,3-3-2-1,3,453,1
2023/08/30,浦和,3,３歳四,1500,ダ,左,良,晴,11,8,10,ニシノソレガシ,セ,0,55.0,520,0,七夕裕,冨田敏,,2,1:37.5,39.7,2-2-1-2,1,520,0
2023/08/30,浦和,3,３歳四,1500,ダ,左,良,晴,11,2,2,マリンプチタンジュ,牝,3,54.0,442,-4,和田譲,齊藤敏,,3,1:38.9,39.5,8-8-7-5,4,442,-4
2023/08/30,浦和,3,３歳四,1500,ダ,左,良,晴,11,7,8,シャンデル,牝,3,53.0,473,-1,菅原涼,藤原智,,4,1:39.0,39.8,9-9-4-3,2,473,-1
2023/08/30,浦和,3,３歳四,1500,ダ,左,良,晴,11,8,11,リュウノローランド,牝,3,54.0,440,-10,森泰斗,齊藤敏,,5,1:39.3,39.1,10-10-9-7,5,440,-10
2023/08/30,浦和,3,３歳四,1500,ダ,左,良,晴,11,1,1,ブロムベーレ,牝,3,54.0,415,0,濱田達,岡林光,,6,1:39.6,40.2,7-6-8-9,8,415,0
2023/08/30,浦和,3,３歳四,1500,ダ,左,良,晴,11,6,7,モモアカ,牝,3,54.0,406,-6,岡田大,川村守,,7,1:40.0,42.0,1-1-3-4,9,406,-6
2023/08/30,浦和,3,３歳四,1500,ダ,左,良,晴,11,3,3,ゴールドバニー,牝,3,54.0,480,-2,町田直,野口孝,,8,1:40.0,41.0,5-5-5-6,7,480,-2
2023/08/30,浦和,3,３歳四,1500,ダ,左,良,晴,11,4,4,ハッサクサン,牝,3,54.0,477,7,福原杏,水野貴,,9,1:40.6,40.1,11-11-11-10,10,477,7
2023/08/30,浦和,3,３歳四,1500,ダ,左,良,晴,11,6,6,ビナダラット,牝,3,54.0,448,-7,保園翔,酒井一,,10,1:40.7,41.1,6-7-10-11,6,448,-7
2023/08/30,浦和,3,３歳四,1500,ダ,左,良,晴,11,5,5,ウィンターソング,牝,3,54.0,458,7,秋元耕,入口由,,11,1:40.9,42.0,4-4-6-8,11,458,7
2023/08/30,浦和,4,Ｃ３六 七,1400,ダ,左,良,晴,9,5,5,チュパチ,牝,4,54.0,452,-6,藤田凌,吉田正,,1,1:30.9,39.4,2-2-1-1,1,452,-6
2023/08/30,浦和,4,Ｃ３六 七,1400,ダ,左,良,晴,9,3,3,キミノナハ,牝,5,54.0,454,-1,加藤和,長谷忍,,2,1:31.5,39.7,5-5-6-5,3,454,-1
2023/08/30,浦和,4,Ｃ３六 七,1400,ダ,左,良,晴,9,1,1,シンキングロマンス,牝,4,54.0,434,-1,岡田大,川村守,,3,1:31.8,40.1,4-4-3-2,2,434,-1
2023/08/30,浦和,4,Ｃ３六 七,1400,ダ,左,良,晴,9,4,4,ブルーガーデニア,牝,5,54.0,492,-5,岡村健,宮下靖,,4,1:32.4,40.4,7-7-7-6,6,492,-5
2023/08/30,浦和,4,Ｃ３六 七,1400,ダ,左,良,晴,9,7,7,サンボールダー,牝,4,54.0,485,-10,保園翔,川村守,,5,1:32.6,40.8,6-6-5-3,7,485,-10
2023/08/30,浦和,4,Ｃ３六 七,1400,ダ,左,良,晴,9,8,9,ホノノルーカ,牝,5,54.0,434,5,櫻井光,野口寛,,6,1:32.8,41.3,1-1-2-4,5,434,5
2023/08/30,浦和,4,Ｃ３六 七,1400,ダ,左,良,晴,9,6,6,マッシュブライト,牝,5,54.0,471,-4,高橋哲,酒井一,,7,1:32.9,40.7,8-8-9-7,4,471,-4
2023/08/30,浦和,4,Ｃ３六 七,1400,ダ,左,良,晴,9,2,2,ショウイモン,牝,6,54.0,418,-3,福原杏,内野健,,8,1:33.4,41.2,9-9-8-9,8,418,-3
2023/08/30,浦和,4,Ｃ３六 七,1400,ダ,左,良,晴,9,8,8,ユカリン,牡,4,56.0,505,2,仲野光,伊藤滋,,9,1:34.0,42.3,3-3-3-8,9,505,2
2023/08/30,浦和,5,Ｃ２五 六,1400,ダ,左,良,晴,10,5,5,エドノストリート,牝,5,54.0,476,0,和田譲,宇野博,,1,1:30.4,40.1,3-3-1-1,2,476,0
2023/08/30,浦和,5,Ｃ２五 六,1400,ダ,左,良,晴,10,7,7,プライムチャーム,牝,4,54.0,508,-1,笹川翼,山田信,,2,1:30.6,40.3,4-4-1-2,1,508,-1
2023/08/30,浦和,5,Ｃ２五 六,1400,ダ,左,良,晴,10,4,4,ダーラナホース,牝,4,54.0,485,0,小杉亮,渋谷博,,3,1:31.0,40.0,7-7-6-3,7,485,0
2023/08/30,浦和,5,Ｃ２五 六,1400,ダ,左,良,晴,10,1,1,キタサンエポナ,牝,4,54.0,441,-3,見越彬,繁田健,,4,1:31.4,40.6,6-6-5-4,4,441,-3
2023/08/30,浦和,5,Ｃ２五 六,1400,ダ,左,良,晴,10,8,9,セイダンシング,牡,4,56.0,471,-4,高橋利,玉井昇,,5,1:31.7,39.9,8-8-8-7,10,471,-4
2023/08/30,浦和,5,Ｃ２五 六,1400,ダ,左,良,晴,10,7,8,ウイングラドナス,牡,4,53.0,460,-1,及川烈,内野健,,6,1:31.9,39.8,9-9-9-9,3,460,-1
2023/08/30,浦和,5,Ｃ２五 六,1400,ダ,左,良,晴,10,8,10,マイネルユヌスール,牡,4,56.0,477,2,福原杏,横山保,,7,1:32.5,42.0,5-5-6-6,8,477,2
2023/08/30,浦和,5,Ｃ２五 六,1400,ダ,左,良,晴,10,6,6,ケイアイマボラ,牡,6,56.0,456,-4,秋元耕,横山保,,8,1:32.7,40.6,10-10-10-10,9,456,-4
2023/08/30,浦和,5,Ｃ２五 六,1400,ダ,左,良,晴,10,2,2,ブルベアマイル,牡,6,55.0,458,2,七夕裕,岡田一,,9,1:32.7,42.6,1-1-3-5,6,458,2
2023/08/30,浦和,5,Ｃ２五 六,1400,ダ,左,良,晴,10,3,3,ネオアンコーラ,牡,4,56.0,483,2,張田昂,山越光,,10,1:33.1,42.8,2-2-4-8,5,483,2
2023/08/30,浦和,6,Ｃ１七 八,1400,ダ,左,良,晴,10,4,4,グルアガッハ,セ,0,56.0,490,12,笹川翼,山下之,,1,1:29.3,38.8,2-2-2-1,1,490,12
2023/08/30,浦和,6,Ｃ１七 八,1400,ダ,左,良,晴,10,7,8,オルロージュ,牡,4,56.0,429,-5,岡村健,河津裕,,2,1:29.5,38.9,3-3-3-3,4,429,-5
2023/08/30,浦和,6,Ｃ１七 八,1400,ダ,左,良,晴,10,3,3,アルフィーノ,牝,4,52.0,452,-8,木間龍,川島一,,3,1:30.0,39.6,1-1-1-2,7,452,-8
2023/08/30,浦和,6,Ｃ１七 八,1400,ダ,左,良,晴,10,8,10,ラーユ,牝,3,52.0,485,-8,新原周,米谷康,,4,1:30.3,38.5,7-7-5-4,3,485,-8
2023/08/30,浦和,6,Ｃ１七 八,1400,ダ,左,良,晴,10,2,2,ムーンドライヴ,牝,8,54.0,463,1,小杉亮,佐々清,,5,1:30.6,38.7,9-9-6-6,5,463,1
2023/08/30,浦和,6,Ｃ１七 八,1400,ダ,左,良,晴,10,1,1,ログハウス,牝,8,54.0,487,5,橋本直,平山真,,6,1:30.6,38.7,8-8-7-7,6,487,5
2023/08/30,浦和,6,Ｃ１七 八,1400,ダ,左,良,晴,10,5,5,ガイディングスター,セ,0,56.0,477,-1,野澤憲,佐々清,,7,1:30.9,38.8,10-10-8-8,10,477,-1
2023/08/30,浦和,6,Ｃ１七 八,1400,ダ,左,良,晴,10,8,9,シェナストーン,牡,3,55.0,435,4,秋元耕,吉田正,,8,1:32.1,40.2,5-5-9-9,9,435,4
2023/08/30,浦和,6,Ｃ１七 八,1400,ダ,左,良,晴,10,7,7,シルバーペコ,牝,4,54.0,497,8,和田譲,酒井一,,9,1:32.5,41.5,6-4-4-5,2,497,8
2023/08/30,浦和,6,Ｃ１七 八,1400,ダ,左,良,晴,10,6,6,ブルベアヴェルデ,牡,7,56.0,478,-3,吉留孝,藤原智,,10,1:32.6,40.7,4-6-10-10,8,478,-3
2023/08/30,浦和,7,Ｃ２五 六,1500,ダ,左,良,晴,10,8,9,ブライトオーシャン,セ,0,56.0,516,6,和田譲,林　幻,,1,1:36.9,38.6,5-5-3-1,1,516,6
2023/08/30,浦和,7,Ｃ２五 六,1500,ダ,左,良,晴,10,5,5,ハクアイアトム,牡,5,56.0,473,0,町田直,宇野博,,2,1:37.2,39.1,4-3-1-2,3,473,0
2023/08/30,浦和,7,Ｃ２五 六,1500,ダ,左,良,晴,10,7,7,ケリードラゴン,セ,0,56.0,486,0,森泰斗,齊藤敏,,3,1:37.5,38.7,7-7-5-5,4,486,0
2023/08/30,浦和,7,Ｃ２五 六,1500,ダ,左,良,晴,10,3,3,バードハズフロウン,牝,5,53.0,431,-4,七夕裕,工藤伸,,4,1:37.7,38.7,6-6-6-6,7,431,-4
2023/08/30,浦和,7,Ｃ２五 六,1500,ダ,左,良,晴,10,1,1,イエローリボン,牝,6,52.0,481,4,室陽一,藤原智,,5,1:38.1,39.6,3-4-4-4,6,481,4
2023/08/30,浦和,7,Ｃ２五 六,1500,ダ,左,良,晴,10,4,4,リュウノレイリー,牡,6,56.0,441,-3,庄司大,齊藤敏,,6,1:38.5,38.6,10-10-9-7,9,441,-3
2023/08/30,浦和,7,Ｃ２五 六,1500,ダ,左,良,晴,10,7,8,チャームインレース,牝,6,54.0,489,10,澤田龍,山下之,,7,1:38.8,40.8,1-1-1-3,2,489,10
2023/08/30,浦和,7,Ｃ２五 六,1500,ダ,左,良,晴,10,6,6,ラブリーギャル,牝,7,54.0,501,6,見越彬,海馬司,,8,1:39.4,40.2,8-8-7-8,5,501,6
2023/08/30,浦和,7,Ｃ２五 六,1500,ダ,左,良,晴,10,2,2,トミケンミステリオ,牡,7,54.0,457,-5,木間龍,伊藤滋,,9,1:40.5,40.7,9-9-10-10,10,457,-5
2023/08/30,浦和,7,Ｃ２五 六,1500,ダ,左,良,晴,10,8,10,スティールマドンナ,牝,5,50.0,469,7,中島良,小澤宏,,10,1:40.9,42.4,2-2-8-9,8,469,7
2023/08/30,浦和,8,なまずの集い　全国なまずサミッＣ１七 八,1500,ダ,左,良,晴,11,7,8,ペダンクルアーチ,セ,0,56.0,503,2,澤田龍,山下之,,1,1:36.8,39.0,2-2-2-1,3,503,2
2023/08/30,浦和,8,なまずの集い　全国なまずサミッＣ１七 八,1500,ダ,左,良,晴,11,1,1,リノメテオール,セ,0,55.0,472,2,小杉亮,林　幻,,2,1:37.0,39.3,1-1-1-2,5,472,2
2023/08/30,浦和,8,なまずの集い　全国なまずサミッＣ１七 八,1500,ダ,左,良,晴,11,5,5,キュアドリーム,牝,3,53.0,439,-1,張田昂,山下之,,3,1:37.1,38.9,7-7-5-4,7,439,-1
2023/08/30,浦和,8,なまずの集い　全国なまずサミッＣ１七 八,1500,ダ,左,良,晴,11,2,2,ハデスブレイン,牡,4,56.0,536,1,笹川翼,川島一,,4,1:37.2,39.0,4-4-3-3,2,536,1
2023/08/30,浦和,8,なまずの集い　全国なまずサミッＣ１七 八,1500,ダ,左,良,晴,11,6,6,サテライト,牡,3,55.0,468,5,山口達,林正人,,5,1:38.1,39.1,9-8-6-6,11,468,5
2023/08/30,浦和,8,なまずの集い　全国なまずサミッＣ１七 八,1500,ダ,左,良,晴,11,4,4,ヴァルトビューネ,牡,3,55.0,497,7,野畑凌,米谷康,,6,1:38.3,39.5,5-5-7-7,8,497,7
2023/08/30,浦和,8,なまずの集い　全国なまずサミッＣ１七 八,1500,ダ,左,良,晴,11,7,9,ゲンパチカガヤキ,牡,8,56.0,491,-6,保園翔,小澤宏,,7,1:38.6,39.0,10-10-9-8,6,491,-6
2023/08/30,浦和,8,なまずの集い　全国なまずサミッＣ１七 八,1500,ダ,左,良,晴,11,8,11,ソプラヴェステ,牝,4,54.0,489,6,和田譲,宇野博,,8,1:38.6,40.6,3-3-4-5,1,489,6
2023/08/30,浦和,8,なまずの集い　全国なまずサミッＣ１七 八,1500,ダ,左,良,晴,11,6,7,エストレージャ,牡,4,56.0,472,-3,岡村健,岡林光,,9,1:38.7,39.1,8-9-10-10,4,472,-3
2023/08/30,浦和,8,なまずの集い　全国なまずサミッＣ１七 八,1500,ダ,左,良,晴,11,8,10,ムーランブラン,牝,7,54.0,468,-2,山崎誠,藤原智,,10,1:39.2,40.0,6-6-8-9,9,468,-2
2023/08/30,浦和,8,なまずの集い　全国なまずサミッＣ１七 八,1500,ダ,左,良,晴,11,3,3,サトノトリガー,牡,6,56.0,448,-6,秋元耕,小林真,,11,1:42.6,40.8,11-11-11-11,10,448,-6
2023/08/30,浦和,9,早涼特別Ｂ３三,1400,ダ,左,良,晴,11,3,3,ローザロード,牝,4,54.0,454,1,森泰斗,小久智,,1,1:29.3,40.3,1-1-1-1,2,454,1
2023/08/30,浦和,9,早涼特別Ｂ３三,1400,ダ,左,良,晴,11,4,4,ヴァーユ,牡,6,56.0,496,5,篠谷葵,林正人,,2,1:29.4,39.9,7-7-3-3,7,496,5
2023/08/30,浦和,9,早涼特別Ｂ３三,1400,ダ,左,良,晴,11,2,2,シェナホープ,牡,6,56.0,488,20,福原杏,吉田正,,3,1:29.8,40.3,5-4-5-2,10,488,20
2023/08/30,浦和,9,早涼特別Ｂ３三,1400,ダ,左,良,晴,11,7,8,ミティエラ,牝,4,54.0,504,6,和田譲,工藤伸,,4,1:29.8,40.7,3-2-2-4,3,504,6
2023/08/30,浦和,9,早涼特別Ｂ３三,1400,ダ,左,良,晴,11,6,6,ヴァネロペ,牝,4,54.0,465,1,山口達,林正人,,5,1:29.8,39.4,11-10-8-5,8,465,1
2023/08/30,浦和,9,早涼特別Ｂ３三,1400,ダ,左,良,晴,11,5,5,テナシャスバイオ,牡,3,55.0,446,6,岡村健,岡林光,,6,1:30.0,39.7,9-9-6-6,4,446,6
2023/08/30,浦和,9,早涼特別Ｂ３三,1400,ダ,左,良,晴,11,1,1,キングバーグ,牡,6,56.0,490,-8,町田直,宇野博,,7,1:30.2,39.8,8-8-10-10,9,490,-8
2023/08/30,浦和,9,早涼特別Ｂ３三,1400,ダ,左,良,晴,11,6,7,リュウノアン,牝,4,54.0,466,0,見越彬,川村守,,8,1:30.3,39.3,10-11-11-9,11,466,0
2023/08/30,浦和,9,早涼特別Ｂ３三,1400,ダ,左,良,晴,11,8,10,パールアゲイン,牝,4,54.0,423,-2,保園翔,岡田一,,9,1:30.7,41.2,6-6-6-8,1,423,-2
2023/08/30,浦和,9,早涼特別Ｂ３三,1400,ダ,左,良,晴,11,7,9,シルバ,牝,4,54.0,425,-6,笹川翼,小久智,,10,1:31.3,42.0,2-3-4-7,5,425,-6
2023/08/30,浦和,9,早涼特別Ｂ３三,1400,ダ,左,良,晴,11,8,11,レムリアンシード,牡,6,56.0,469,7,山中悠,佐々清,,11,1:32.6,42.9,4-5-9-11,6,469,7
2023/08/30,浦和,10,初秋特別Ａ２下選抜馬,1500,ダ,左,良,晴,6,2,2,ヨハン,牡,7,57.0,434,-5,澤田龍,山下之,,1,1:34.5,37.0,6-6-2-1,3,434,-5
2023/08/30,浦和,10,初秋特別Ａ２下選抜馬,1500,ダ,左,良,晴,6,6,6,ジョーパイロライト,牡,7,58.0,477,2,山中悠,小久智,,2,1:34.7,37.8,1-1-1-2,1,477,2
2023/08/30,浦和,10,初秋特別Ａ２下選抜馬,1500,ダ,左,良,晴,6,4,4,エリザベスミノル,牝,4,53.0,456,-5,小杉亮,渡邊貴,,3,1:35.5,38.3,3-4-3-3,2,456,-5
2023/08/30,浦和,10,初秋特別Ａ２下選抜馬,1500,ダ,左,良,晴,6,5,5,アベニンドリーム,牡,6,57.0,513,-1,安藤洋,荒山勝,,4,1:35.9,38.9,2-2-4-4,5,513,-1
2023/08/30,浦和,10,初秋特別Ａ２下選抜馬,1500,ダ,左,良,晴,6,3,3,ライアン,牡,4,57.0,490,-1,森泰斗,小久智,,5,1:36.1,38.9,4-3-5-5,4,490,-1
2023/08/30,浦和,10,初秋特別Ａ２下選抜馬,1500,ダ,左,良,晴,6,1,1,エイシンデジタル,牡,8,57.0,523,-9,藤本現,新井清,,6,1:36.2,38.4,5-5-6-6,6,523,-9
2023/08/30,浦和,11,ルーキーズサマーカップ２歳オープン,1400,ダ,左,良,晴,12,8,12,アムクラージュ,牡,2,54.0,535,7,山崎誠,藤原智,,1,1:29.0,39.6,3-2-1-1,1,535,7
2023/08/30,浦和,11,ルーキーズサマーカップ２歳オープン,1400,ダ,左,良,晴,12,2,2,ビッグショータイム,牡,2,54.0,471,-1,和田譲,齊藤敏,,2,1:30.0,38.6,7-7-6-4,6,471,-1
2023/08/30,浦和,11,ルーキーズサマーカップ２歳オープン,1400,ダ,左,良,晴,12,5,6,ポッドマーフィー,牡,2,54.0,430,-3,笹川翼,武井和,,3,1:30.2,40.2,5-4-3-3,3,430,-3
2023/08/30,浦和,11,ルーキーズサマーカップ２歳オープン,1400,ダ,左,良,晴,12,6,8,スターサルファー,牡,2,54.0,470,-6,澤田龍,小澤宏,,4,1:30.6,39.6,8-8-4-5,5,470,-6
2023/08/30,浦和,11,ルーキーズサマーカップ２歳オープン,1400,ダ,左,良,晴,12,5,5,ライゾマティクス,牡,2,54.0,476,19,森泰斗,小久智,,5,1:31.2,42.0,1-1-2-2,2,476,19
2023/08/30,浦和,11,ルーキーズサマーカップ２歳オープン,1400,ダ,左,良,晴,12,3,3,カプローニ,牝,2,54.0,440,-2,福原杏,酒井一,,6,1:32.4,39.7,10-10-10-8,7,440,-2
2023/08/30,浦和,11,ルーキーズサマーカップ２歳オープン,1400,ダ,左,良,晴,12,1,1,ユウユウプルニーマ,牝,2,54.0,425,4,吉留孝,横山保,,7,1:32.5,40.6,9-9-9-7,11,425,4
2023/08/30,浦和,11,ルーキーズサマーカップ２歳オープン,1400,ダ,左,良,晴,12,4,4,シャイニーアイドル,牝,2,54.0,467,-5,秋元耕,藤原智,,8,1:32.8,42.0,4-5-5-6,8,467,-5
2023/08/30,浦和,11,ルーキーズサマーカップ２歳オープン,1400,ダ,左,良,晴,12,6,7,ユウユウアイリス,牝,2,54.0,428,7,及川烈,横山保,,9,1:33.3,40.1,11-11-11-10,10,428,7
2023/08/30,浦和,11,ルーキーズサマーカップ２歳オープン,1400,ダ,左,良,晴,12,7,10,ユウユウプレスト,牝,2,54.0,359,2,橋本直,入口由,,10,1:33.8,40.2,12-12-12-12,12,359,2
2023/08/30,浦和,11,ルーキーズサマーカップ２歳オープン,1400,ダ,左,良,晴,12,8,11,アークジャック,牡,2,54.0,466,1,高橋哲,水野貴,,11,1:34.2,43.3,2-3-6-9,9,466,1
2023/08/30,浦和,11,ルーキーズサマーカップ２歳オープン,1400,ダ,左,良,晴,12,7,9,ラシアス,牝,2,54.0,410,-1,町田直,野口寛,,12,1:36.1,45.2,6-6-8-11,4,410,-1
2023/08/30,浦和,12,乙女座特別Ｂ３Ｃ１選抜馬,2000,ダ,左,良,晴,7,1,1,エールプレジール,セ,0,55.0,480,3,岡村健,玉井昇,,1,2:11.4,39.9,5-5-3-1,4,480,3
2023/08/30,浦和,12,乙女座特別Ｂ３Ｃ１選抜馬,2000,ダ,左,良,晴,7,2,2,リンクスアイ,牝,4,55.0,478,-4,森泰斗,渡邊貴,,2,2:12.7,41.6,4-4-2-3,1,478,-4
2023/08/30,浦和,12,乙女座特別Ｂ３Ｃ１選抜馬,2000,ダ,左,良,晴,7,6,6,ジオパークマグマ,牡,5,55.0,465,-3,秋元耕,川島豊,,3,2:13.0,40.5,7-7-6-4,5,465,-3
2023/08/30,浦和,12,乙女座特別Ｂ３Ｃ１選抜馬,2000,ダ,左,良,晴,7,4,4,フクノラヴァル,牡,4,55.0,498,-4,笹川翼,工藤伸,,4,2:13.3,41.4,6-6-5-5,6,498,-4
2023/08/30,浦和,12,乙女座特別Ｂ３Ｃ１選抜馬,2000,ダ,左,良,晴,7,3,3,エーススパークル,牡,4,53.0,479,0,中島良,小澤宏,,5,2:13.4,43.5,1-1-1-2,3,479,0
2023/08/30,浦和,12,乙女座特別Ｂ３Ｃ１選抜馬,2000,ダ,左,良,晴,7,5,5,オーケーパッション,牝,5,55.0,471,-8,見越彬,小久智,,6,2:15.2,44.5,3-2-4-6,2,471,-8
2023/08/30,浦和,12,乙女座特別Ｂ３Ｃ１選抜馬,2000,ダ,左,良,晴,7,7,7,シナノジャングル,牡,5,55.0,498,-1,保園翔,鹿沼和,,7,2:20.7,48.3,2-3-7-7,7,498,-1
2023/08/31,浦和,1,Ｃ３四 五,1400,ダ,左,良,晴,11,4,4,ゲットデザイアー,牝,4,51.0,467,-1,及川烈,箕輪武,,1,1:30.8,39.9,1-1-1-1,4,467,-1
2023/08/31,浦和,1,Ｃ３四 五,1400,ダ,左,良,晴,11,8,11,ハクサンストロング,牡,7,56.0,487,3,澤田龍,森　始,,2,1:30.8,39.6,3-3-2-2,2,487,3
2023/08/31,浦和,1,Ｃ３四 五,1400,ダ,左,良,晴,11,8,10,ケイティーユイ,牝,5,53.0,455,-3,七夕裕,水野貴,,3,1:31.0,39.7,4-4-4-3,6,455,-3
2023/08/31,浦和,1,Ｃ３四 五,1400,ダ,左,良,晴,11,1,1,バジガクサフィオ,牡,6,56.0,446,-2,濱田達,伊藤滋,,4,1:31.5,39.4,6-6-5-5,5,446,-2
2023/08/31,浦和,1,Ｃ３四 五,1400,ダ,左,良,晴,11,7,8,ナツィオナーレ,牝,8,54.0,434,-7,和田譲,野口孝,,5,1:32.0,39.4,8-7-7-7,1,434,-7
2023/08/31,浦和,1,Ｃ３四 五,1400,ダ,左,良,晴,11,3,3,ピッコロバンビーナ,牝,4,54.0,465,5,岡村健,酒井一,,6,1:32.2,41.1,2-2-3-4,3,465,5
2023/08/31,浦和,1,Ｃ３四 五,1400,ダ,左,良,晴,11,6,6,ゴッドデサフィオ,牡,5,56.0,437,0,秋元耕,鹿沼和,,7,1:32.7,39.7,7-8-8-8,8,437,0
2023/08/31,浦和,1,Ｃ３四 五,1400,ダ,左,良,晴,11,7,9,セイウンミレイア,牝,6,54.0,466,-11,見越彬,冨田敏,,8,1:32.9,41.0,5-5-5-6,7,466,-11
2023/08/31,浦和,1,Ｃ３四 五,1400,ダ,左,良,晴,11,6,7,シェナノララ,牝,4,54.0,431,0,國分祐,冨田敏,,9,1:34.7,40.7,9-9-9-9,9,431,0
2023/08/31,浦和,1,Ｃ３四 五,1400,ダ,左,良,晴,11,2,2,ベニノエンゼル,牝,6,54.0,451,5,保園翔,山越光,,,,,,,451,5
2023/08/31,浦和,1,Ｃ３四 五,1400,ダ,左,良,晴,11,5,5,セナッキー,牝,5,54.0,467,-5,吉留孝,工藤伸,,,,,,,467,-5
2023/08/31,浦和,2,ランチタイムチャレンジＣ３二 三,1400,ダ,左,良,晴,11,7,9,プレストオメガ,牡,4,56.0,518,4,山中悠,佐藤太,,1,1:30.6,40.7,3-3-1-1,1,518,4
2023/08/31,浦和,2,ランチタイムチャレンジＣ３二 三,1400,ダ,左,良,晴,11,6,7,ビートルジュース,牝,4,52.0,445,6,室陽一,小久智,,2,1:30.7,40.2,7-7-4-2,2,445,6
2023/08/31,浦和,2,ランチタイムチャレンジＣ３二 三,1400,ダ,左,良,晴,11,8,10,ドローアプローズ,セ,0,56.0,475,10,福原杏,横山保,,3,1:31.0,40.2,8-8-5-4,5,475,10
2023/08/31,浦和,2,ランチタイムチャレンジＣ３二 三,1400,ダ,左,良,晴,11,1,1,ミッドナイトブルー,牝,4,54.0,441,4,内田利,横山保,,4,1:31.7,39.8,11-11-11-7,10,441,4
2023/08/31,浦和,2,ランチタイムチャレンジＣ３二 三,1400,ダ,左,良,晴,11,2,2,エスコーバタハト,牡,7,53.0,509,-1,及川烈,内野健,,5,1:31.9,40.8,10-9-8-6,3,509,-1
2023/08/31,浦和,2,ランチタイムチャレンジＣ３二 三,1400,ダ,左,良,晴,11,4,4,テットアヴァンセ,牡,4,56.0,470,-1,秋元耕,小林真,,6,1:33.0,43.1,1-1-3-3,11,470,-1
2023/08/31,浦和,2,ランチタイムチャレンジＣ３二 三,1400,ダ,左,良,晴,11,3,3,アナマリー,牝,5,54.0,459,-6,橋本直,平山真,,7,1:33.5,42.9,6-4-7-8,7,459,-6
2023/08/31,浦和,2,ランチタイムチャレンジＣ３二 三,1400,ダ,左,良,晴,11,6,6,イノセントソレル,セ,0,56.0,522,4,野畑凌,宇野博,,8,1:33.6,43.7,2-2-2-5,6,522,4
2023/08/31,浦和,2,ランチタイムチャレンジＣ３二 三,1400,ダ,左,良,晴,11,5,5,フラッシュサンダー,牝,4,53.0,428,1,菅原涼,藤原智,,9,1:33.9,42.6,5-6-10-11,9,428,1
2023/08/31,浦和,2,ランチタイムチャレンジＣ３二 三,1400,ダ,左,良,晴,11,8,11,サプライズギフト,牝,5,50.0,430,1,中島良,川島豊,,10,1:33.9,44.0,4-5-6-9,8,430,1
2023/08/31,浦和,2,ランチタイムチャレンジＣ３二 三,1400,ダ,左,良,晴,11,7,8,ボビン,牝,7,54.0,435,-1,保園翔,内野健,,11,1:33.9,42.9,9-10-9-10,4,435,-1
2023/08/31,浦和,3,浦和８００ラウンド３歳選抜馬,800,ダ,左,良,晴,12,7,10,ダンシングクライ,牝,3,54.0,483,12,高橋哲,藤原智,,1,0:48.3,36.1,1-1,1,483,12
2023/08/31,浦和,3,浦和８００ラウンド３歳選抜馬,800,ダ,左,良,晴,12,4,4,ミラコロダンス,牝,3,51.0,452,-2,及川烈,小澤宏,,2,0:49.1,36.0,8-6,4,452,-2
2023/08/31,浦和,3,浦和８００ラウンド３歳選抜馬,800,ダ,左,良,晴,12,2,2,モモナ,牝,3,54.0,394,6,山崎誠,野口孝,,3,0:49.2,36.8,3-3,7,394,6
2023/08/31,浦和,3,浦和８００ラウンド３歳選抜馬,800,ダ,左,良,晴,12,1,1,カグラハルカ,牡,3,56.0,456,-6,山中悠,渡邊貴,,4,0:49.4,36.4,5-5,5,456,-6
2023/08/31,浦和,3,浦和８００ラウンド３歳選抜馬,800,ダ,左,良,晴,12,8,12,ニュクス,牝,3,50.0,395,-3,中島良,岩崎真,,5,0:49.4,36.8,4-4,9,395,-3
2023/08/31,浦和,3,浦和８００ラウンド３歳選抜馬,800,ダ,左,良,晴,12,6,8,エイシンエメラルド,牝,3,54.0,415,0,福原杏,工藤伸,,6,0:49.6,35.8,7-7,3,415,0
2023/08/31,浦和,3,浦和８００ラウンド３歳選抜馬,800,ダ,左,良,晴,12,7,9,ジョーボギーニャ,牝,3,54.0,500,7,森泰斗,小久智,,7,0:49.7,37.3,2-2,2,500,7
2023/08/31,浦和,3,浦和８００ラウンド３歳選抜馬,800,ダ,左,良,晴,12,5,6,クラマサヴィーナス,牝,3,54.0,483,3,澤田龍,矢野義,,8,0:49.9,36.1,12-12,6,483,3
2023/08/31,浦和,3,浦和８００ラウンド３歳選抜馬,800,ダ,左,良,晴,12,5,5,ティフィンタイガー,牡,3,55.0,409,-1,七夕裕,酒井一,,9,0:50.0,36.7,10-8,11,409,-1
2023/08/31,浦和,3,浦和８００ラウンド３歳選抜馬,800,ダ,左,良,晴,12,6,7,ニシノニューリーフ,牝,3,54.0,486,-7,岡田大,冨田敏,,10,0:50.2,36.7,9-10,8,486,-7
2023/08/31,浦和,3,浦和８００ラウンド３歳選抜馬,800,ダ,左,良,晴,12,8,11,フェアリーパワポケ,牝,3,52.0,419,1,木間龍,薮口一,,11,0:50.4,37.6,6-11,12,419,1
2023/08/31,浦和,3,浦和８００ラウンド３歳選抜馬,800,ダ,左,良,晴,12,3,3,クリプリンセス,牝,3,54.0,401,-7,秋元耕,冨田敏,,12,0:50.5,37.0,11-9,10,401,-7
2023/08/31,浦和,4,３歳六,1400,ダ,左,良,晴,12,1,1,エムティウィンド,牝,3,54.0,471,-7,秋元耕,野口寛,,1,1:31.7,40.1,6-6-5-5,9,471,-7
2023/08/31,浦和,4,３歳六,1400,ダ,左,良,晴,12,5,6,エスケイキャット,牝,3,54.0,437,4,山口達,林正人,,2,1:31.7,41.9,2-1-1-1,8,437,4
2023/08/31,浦和,4,３歳六,1400,ダ,左,良,晴,12,6,8,アイブライト,牡,3,56.0,464,10,濱田達,阿井正,,3,1:32.0,41.1,4-4-3-3,5,464,10
2023/08/31,浦和,4,３歳六,1400,ダ,左,良,晴,12,3,3,キングフォーチュン,牡,3,56.0,474,8,篠谷葵,阿井正,,4,1:32.3,40.0,9-10-8-7,6,474,8
2023/08/31,浦和,4,３歳六,1400,ダ,左,良,晴,12,4,4,タイムトラベラー,牡,3,53.0,473,4,及川烈,吉田正,,5,1:32.3,39.3,12-12-11-8,3,473,4
2023/08/31,浦和,4,３歳六,1400,ダ,左,良,晴,12,8,12,アイダケ,牡,3,56.0,493,0,野澤憲,佐々清,,6,1:32.4,42.5,1-2-2-2,4,493,0
2023/08/31,浦和,4,３歳六,1400,ダ,左,良,晴,12,7,9,パーティーキング,牡,3,56.0,476,5,山中悠,岩崎真,,7,1:32.4,39.4,11-11-12-9,1,476,5
2023/08/31,浦和,4,３歳六,1400,ダ,左,良,晴,12,6,7,シールドメイデン,牝,3,54.0,467,2,福原杏,酒井一,,8,1:32.6,41.5,3-3-3-4,11,467,2
2023/08/31,浦和,4,３歳六,1400,ダ,左,良,晴,12,8,11,シェナリオン,牡,3,56.0,437,-8,國分祐,冨田敏,,9,1:33.0,41.9,5-5-6-6,7,437,-8
2023/08/31,浦和,4,３歳六,1400,ダ,左,良,晴,12,2,2,エースフラワー,牝,3,54.0,449,6,小杉亮,玉井等,,10,1:33.7,41.2,7-9-9-11,10,449,6
2023/08/31,浦和,4,３歳六,1400,ダ,左,良,晴,12,7,10,モリデンボーイ,牡,3,56.0,525,-7,寺島憂,山越光,,11,1:33.8,41.3,10-8-10-12,12,525,-7
2023/08/31,浦和,4,３歳六,1400,ダ,左,良,晴,12,5,5,ラニーズグレイス,牝,3,54.0,468,6,澤田龍,工藤伸,,12,1:33.8,41.9,8-7-7-10,2,468,6
2023/08/31,浦和,5,３歳五,1400,ダ,左,良,晴,12,8,11,フレンドライクミー,牡,3,56.0,492,-4,本田重,新井清,,1,1:30.2,39.1,4-4-2-1,1,492,-4
2023/08/31,浦和,5,３歳五,1400,ダ,左,良,晴,12,7,10,フラワーテイル,牝,3,54.0,433,0,森泰斗,平山真,,2,1:31.0,40.1,2-2-1-2,4,433,0
2023/08/31,浦和,5,３歳五,1400,ダ,左,良,晴,12,3,3,トーセンジニアール,牡,3,56.0,421,2,笹川翼,小久智,,3,1:31.8,39.7,5-5-5-4,3,421,2
2023/08/31,浦和,5,３歳五,1400,ダ,左,良,晴,12,8,12,ハイボールガール,牝,3,54.0,421,-2,藤江渉,箕輪武,,4,1:33.0,39.5,9-10-9-9,7,421,-2
2023/08/31,浦和,5,３歳五,1400,ダ,左,良,晴,12,1,1,シャインルージュ,牝,3,54.0,494,0,岡田大,入口由,,5,1:33.1,42.2,1-1-3-3,2,494,0
2023/08/31,浦和,5,３歳五,1400,ダ,左,良,晴,12,5,5,ヨルデモアーサー,牡,3,56.0,459,-10,本橋孝,矢野義,,6,1:33.4,39.7,8-9-10-10,8,459,-10
2023/08/31,浦和,5,３歳五,1400,ダ,左,良,晴,12,6,8,イェスマイラブ,牝,3,54.0,508,21,山崎誠,玉井昇,,7,1:33.4,40.3,10-8-8-8,5,508,21
2023/08/31,浦和,5,３歳五,1400,ダ,左,良,晴,12,6,7,トキメキパラダイス,牝,3,52.0,450,5,木間龍,齊藤敏,,8,1:33.5,41.2,6-6-6-6,10,450,5
2023/08/31,浦和,5,３歳五,1400,ダ,左,良,晴,12,5,6,ポルトボヌール,牝,3,54.0,446,-11,篠谷葵,矢内博,,9,1:33.6,42.7,3-3-4-5,6,446,-11
2023/08/31,浦和,5,３歳五,1400,ダ,左,良,晴,12,2,2,ストームインレース,牡,3,56.0,486,-1,保園翔,新井清,,10,1:33.6,41.1,7-7-7-7,12,486,-1
2023/08/31,浦和,5,３歳五,1400,ダ,左,良,晴,12,7,9,エマーブルクラス,牝,3,54.0,442,0,吉留孝,薮口一,,11,1:34.5,40.6,11-11-11-11,9,442,0
2023/08/31,浦和,5,３歳五,1400,ダ,左,良,晴,12,4,4,クインズカヤノヒメ,牝,3,53.0,466,-7,七夕裕,横山保,,12,1:35.8,40.9,12-12-12-12,11,466,-7
2023/08/31,浦和,6,新生特別２歳一,1400,ダ,左,良,晴,9,7,7,トーセンヴィオラ,牡,2,55.0,448,-16,森泰斗,小久智,,1,1:29.7,37.9,2-2-2-1,1,448,-16
2023/08/31,浦和,6,新生特別２歳一,1400,ダ,左,良,晴,9,8,9,モンゲースパイ,牡,2,54.0,450,-6,野畑凌,高月賢,,2,1:30.0,38.2,1-1-1-2,2,450,-6
2023/08/31,浦和,6,新生特別２歳一,1400,ダ,左,良,晴,9,8,8,リュウノメディナ,牡,2,54.0,498,0,和田譲,齊藤敏,,3,1:30.5,38.6,3-3-3-3,4,498,0
2023/08/31,浦和,6,新生特別２歳一,1400,ダ,左,良,晴,9,2,2,アニモ,牝,2,54.0,418,0,保園翔,岡田一,,4,1:31.2,39.0,5-5-4-4,6,418,0
2023/08/31,浦和,6,新生特別２歳一,1400,ダ,左,良,晴,9,4,4,セザンブレイヴ,牡,2,54.0,477,-2,西村栄,林　幻,,5,1:31.9,38.9,7-7-7-5,9,477,-2
2023/08/31,浦和,6,新生特別２歳一,1400,ダ,左,良,晴,9,6,6,スナイチ,牡,2,54.0,432,2,本田重,米谷康,,6,1:32.4,39.3,8-8-8-7,5,432,2
2023/08/31,浦和,6,新生特別２歳一,1400,ダ,左,良,晴,9,5,5,ファイナルハート,牡,2,54.0,449,0,山口達,林正人,,7,1:33.1,39.4,9-9-9-9,7,449,0
2023/08/31,浦和,6,新生特別２歳一,1400,ダ,左,良,晴,9,1,1,サザンウィンド,牝,2,54.0,424,-1,笹川翼,小久智,,8,1:33.7,41.1,6-6-6-6,3,424,-1
2023/08/31,浦和,6,新生特別２歳一,1400,ダ,左,良,晴,9,3,3,マメゾウドリーム,牝,2,54.0,402,-3,古岡勇,加藤誠,,9,1:35.7,43.3,4-4-5-8,8,402,-3
2023/08/31,浦和,7,Ｃ３四 五,1500,ダ,左,良,晴,10,8,9,ツクバマリア,牝,6,54.0,465,-6,橋本直,平山真,,1,1:38.9,41.1,8-4-3-2,3,465,-6
2023/08/31,浦和,7,Ｃ３四 五,1500,ダ,左,良,晴,10,3,3,コロディア,牝,4,54.0,480,-2,古岡勇,鹿沼和,,2,1:39.0,41.6,2-2-1-1,4,480,-2
2023/08/31,浦和,7,Ｃ３四 五,1500,ダ,左,良,晴,10,1,1,フリュート,セ,0,56.0,502,-7,高橋哲,水野貴,,3,1:39.8,42.0,3-3-4-3,2,502,-7
2023/08/31,浦和,7,Ｃ３四 五,1500,ダ,左,良,晴,10,2,2,パーティーアニマル,牡,7,53.0,454,-4,及川烈,海馬司,,4,1:39.8,40.5,9-9-9-5,6,454,-4
2023/08/31,浦和,7,Ｃ３四 五,1500,ダ,左,良,晴,10,7,8,カントナ,牝,6,54.0,404,1,半澤慶,宇野博,,5,1:40.2,42.1,7-7-5-4,5,404,1
2023/08/31,浦和,7,Ｃ３四 五,1500,ダ,左,良,晴,10,7,7,ハマーフェイス,牡,4,56.0,449,2,山中悠,岩崎真,,6,1:41.5,43.3,6-5-6-7,7,449,2
2023/08/31,浦和,7,Ｃ３四 五,1500,ダ,左,良,晴,10,6,6,マリアフィナーレ,牝,6,54.0,447,2,見越彬,小林真,,7,1:42.4,43.9,4-8-8-9,8,447,2
2023/08/31,浦和,7,Ｃ３四 五,1500,ダ,左,良,晴,10,5,5,ハルノトゥーリ,牝,4,54.0,490,6,吉留孝,薮口一,,8,1:42.5,44.0,5-6-7-8,9,490,6
2023/08/31,浦和,7,Ｃ３四 五,1500,ダ,左,良,晴,10,8,10,マーゴットビート,牡,4,56.0,493,-9,岡村健,佐藤太,,9,1:43.0,45.6,1-1-2-6,1,493,-9
2023/08/31,浦和,7,Ｃ３四 五,1500,ダ,左,良,晴,10,4,4,フークレアリゼ,牝,4,54.0,0,0,小杉亮,林　幻,,,,,,,0,0
2023/08/31,浦和,8,Ｃ３二 三,1500,ダ,左,良,晴,11,8,10,ビービーバンチョウ,牡,8,56.0,472,1,仲野光,新井清,,1,1:37.8,39.4,4-5-3-1,1,472,1
2023/08/31,浦和,8,Ｃ３二 三,1500,ダ,左,良,晴,11,6,6,ビュークレスト,牝,4,54.0,484,4,本橋孝,石井勝,,2,1:38.4,40.2,2-2-2-2,4,484,4
2023/08/31,浦和,8,Ｃ３二 三,1500,ダ,左,良,晴,11,7,8,サンライズテソロ,牡,5,56.0,471,3,半澤慶,川島豊,,3,1:38.4,39.8,5-4-4-3,2,471,3
2023/08/31,浦和,8,Ｃ３二 三,1500,ダ,左,良,晴,11,4,4,ドウシ,セ,0,56.0,426,-1,野澤憲,佐々清,,4,1:39.0,39.6,9-8-7-6,10,426,-1
2023/08/31,浦和,8,Ｃ３二 三,1500,ダ,左,良,晴,11,5,5,エイシンキンバリー,牝,5,51.0,433,3,及川烈,小久智,,5,1:39.5,41.3,1-1-1-4,3,433,3
2023/08/31,浦和,8,Ｃ３二 三,1500,ダ,左,良,晴,11,7,9,コスモヴェレッド,牡,4,56.0,463,3,保園翔,山越光,,6,1:39.7,40.9,6-6-5-5,9,463,3
2023/08/31,浦和,8,Ｃ３二 三,1500,ダ,左,良,晴,11,2,2,ハンザ,牝,5,54.0,428,-2,笠野雄,山中尊,,7,1:39.9,39.3,11-11-10-9,6,428,-2
2023/08/31,浦和,8,Ｃ３二 三,1500,ダ,左,良,晴,11,1,1,ロードユリシス,セ,0,56.0,470,-5,内田利,長谷忍,,8,1:40.0,40.6,8-7-8-7,5,470,-5
2023/08/31,浦和,8,Ｃ３二 三,1500,ダ,左,良,晴,11,6,7,フォーユーランラン,牝,4,54.0,450,-4,和田譲,齊藤敏,,9,1:41.0,40.4,10-10-11-11,7,450,-4
2023/08/31,浦和,8,Ｃ３二 三,1500,ダ,左,良,晴,11,3,3,フクチャンクイーン,牝,4,54.0,441,1,福原杏,内野健,,10,1:41.1,41.1,7-9-9-10,8,441,1
2023/08/31,浦和,8,Ｃ３二 三,1500,ダ,左,良,晴,11,8,11,シシャモ,牝,4,52.0,417,6,室陽一,工藤伸,,11,1:41.3,42.9,3-3-6-8,11,417,6
2023/08/31,浦和,9,幸せつながる　みんなのまち　吉川賞Ｃ２選,800,ダ,左,良,晴,12,5,5,ロマンスピネル,牝,6,54.0,457,-1,臼井健,山中尊,,1,0:47.9,35.6,2-2,1,457,-1
2023/08/31,浦和,9,幸せつながる　みんなのまち　吉川賞Ｃ２選,800,ダ,左,良,晴,12,8,11,ルナチャイルド,牝,4,54.0,474,-1,野畑凌,伊藤滋,,2,0:48.1,35.9,1-1,5,474,-1
2023/08/31,浦和,9,幸せつながる　みんなのまち　吉川賞Ｃ２選,800,ダ,左,良,晴,12,6,7,ソーサレス,牝,4,54.0,478,0,山中悠,小澤宏,,3,0:48.6,35.8,5-6,6,478,0
2023/08/31,浦和,9,幸せつながる　みんなのまち　吉川賞Ｃ２選,800,ダ,左,良,晴,12,6,8,ピースリアン,牡,6,56.0,500,5,福原杏,横山保,,4,0:48.8,36.3,6-3,3,500,5
2023/08/31,浦和,9,幸せつながる　みんなのまち　吉川賞Ｃ２選,800,ダ,左,良,晴,12,5,6,カシノリカバリー,牝,4,54.0,474,7,和田譲,野口寛,,5,0:48.8,36.1,4-3,8,474,7
2023/08/31,浦和,9,幸せつながる　みんなのまち　吉川賞Ｃ２選,800,ダ,左,良,晴,12,1,1,パレルモフレイバー,牝,4,51.0,479,5,及川烈,繁田健,,6,0:48.8,36.1,7-7,4,479,5
2023/08/31,浦和,9,幸せつながる　みんなのまち　吉川賞Ｃ２選,800,ダ,左,良,晴,12,3,3,プリプリクインダム,牝,8,54.0,499,5,櫻井光,海馬司,,7,0:49.2,35.9,8-9,7,499,5
2023/08/31,浦和,9,幸せつながる　みんなのまち　吉川賞Ｃ２選,800,ダ,左,良,晴,12,8,12,サハラントアジア,牝,4,54.0,471,-4,保園翔,内野健,,8,0:49.3,36.8,3-3,9,471,-4
2023/08/31,浦和,9,幸せつながる　みんなのまち　吉川賞Ｃ２選,800,ダ,左,良,晴,12,2,2,カゲカツ,牡,9,52.0,504,1,中島良,長谷忍,,9,0:49.3,36.0,9-8,11,504,1
2023/08/31,浦和,9,幸せつながる　みんなのまち　吉川賞Ｃ２選,800,ダ,左,良,晴,12,4,4,ホワイトネイル,牝,4,54.0,427,-8,半澤慶,藤原智,,10,0:49.7,35.8,10-10,12,427,-8
2023/08/31,浦和,9,幸せつながる　みんなのまち　吉川賞Ｃ２選,800,ダ,左,良,晴,12,7,10,スタードラゴン,牡,4,56.0,513,-4,加藤和,薮口一,,11,0:50.4,36.5,12-11,2,513,-4
2023/08/31,浦和,9,幸せつながる　みんなのまち　吉川賞Ｃ２選,800,ダ,左,良,晴,12,7,9,アヤサンハピネス,牝,4,52.0,463,0,木間龍,齊藤敏,,12,0:51.7,37.8,11-12,10,463,0
2023/08/31,浦和,10,桔梗特別Ｃ２二,1500,ダ,左,良,晴,11,6,6,イロハニオエ,牝,4,54.0,526,9,笹川翼,岡林光,,1,1:36.9,38.3,2-2-1-1,1,526,9
2023/08/31,浦和,10,桔梗特別Ｃ２二,1500,ダ,左,良,晴,11,4,4,デイスター,牡,6,56.0,460,-8,山崎誠,宇野博,,2,1:38.3,39.7,1-1-2-2,4,460,-8
2023/08/31,浦和,10,桔梗特別Ｃ２二,1500,ダ,左,良,晴,11,1,1,グラフィティウォー,牡,4,56.0,448,-4,張田昂,岡林光,,3,1:38.4,38.6,11-11-8-4,3,448,-4
2023/08/31,浦和,10,桔梗特別Ｃ２二,1500,ダ,左,良,晴,11,8,11,ブルーインサニティ,セ,0,56.0,502,-3,半澤慶,工藤伸,,4,1:38.6,39.8,5-6-3-3,5,502,-3
2023/08/31,浦和,10,桔梗特別Ｃ２二,1500,ダ,左,良,晴,11,6,7,ハクシンエース,牡,5,56.0,443,0,橋本直,平山真,,5,1:39.0,39.9,7-7-6-7,6,443,0
2023/08/31,浦和,10,桔梗特別Ｃ２二,1500,ダ,左,良,晴,11,3,3,ビーブルー,牝,4,54.0,467,-8,臼井健,佐々功,,6,1:39.0,38.9,10-10-11-10,9,467,-8
2023/08/31,浦和,10,桔梗特別Ｃ２二,1500,ダ,左,良,晴,11,7,8,チャリタブルソート,牡,4,56.0,544,-2,森泰斗,野口孝,,7,1:39.1,40.3,6-5-5-5,2,544,-2
2023/08/31,浦和,10,桔梗特別Ｃ２二,1500,ダ,左,良,晴,11,2,2,ミメウルワシ,牝,8,50.0,444,0,中島良,山越光,,8,1:39.3,40.3,4-4-7-8,7,444,0
2023/08/31,浦和,10,桔梗特別Ｃ２二,1500,ダ,左,良,晴,11,8,10,ノブオートーケン,牡,4,56.0,448,1,岡村健,小澤宏,,9,1:39.7,40.1,9-9-9-9,10,448,1
2023/08/31,浦和,10,桔梗特別Ｃ２二,1500,ダ,左,良,晴,11,7,9,クロスオブドリーム,セ,0,56.0,484,-2,福原杏,水野貴,,10,1:39.9,41.1,3-3-4-6,8,484,-2
2023/08/31,浦和,10,桔梗特別Ｃ２二,1500,ダ,左,良,晴,11,5,5,ピノタージュ,牝,6,54.0,447,-4,見越彬,内野健,,11,1:40.1,40.5,8-8-10-11,11,447,-4
2023/08/31,浦和,11,撫子特別Ｃ１二,1400,ダ,左,良,晴,10,4,4,ジュース,牝,4,54.0,427,2,森泰斗,小久智,,1,1:29.0,39.0,1-2-1-1,1,427,2
2023/08/31,浦和,11,撫子特別Ｃ１二,1400,ダ,左,良,晴,10,1,1,ガンコチャン,牝,4,51.0,479,-5,及川烈,岡田一,,2,1:29.4,39.4,2-1-2-2,5,479,-5
2023/08/31,浦和,11,撫子特別Ｃ１二,1400,ダ,左,良,晴,10,7,8,エミーズミツオー,牡,4,56.0,440,-3,笠野雄,佐藤太,,3,1:29.9,39.3,7-7-6-4,4,440,-3
2023/08/31,浦和,11,撫子特別Ｃ１二,1400,ダ,左,良,晴,10,6,6,ウインドインバイオ,牝,3,53.0,416,0,岡村健,岡林光,,4,1:30.1,40.1,2-3-3-3,2,416,0
2023/08/31,浦和,11,撫子特別Ｃ１二,1400,ダ,左,良,晴,10,8,9,サブリュウシン,牡,3,55.0,461,-1,笹川翼,平山真,,5,1:30.8,40.2,6-6-5-5,3,461,-1
2023/08/31,浦和,11,撫子特別Ｃ１二,1400,ダ,左,良,晴,10,5,5,アマゴ,牝,4,54.0,466,5,今野忠,箕輪武,,6,1:31.1,40.5,5-5-7-6,7,466,5
2023/08/31,浦和,11,撫子特別Ｃ１二,1400,ダ,左,良,晴,10,3,3,ブルースウェード,牝,5,54.0,447,2,福原杏,水野貴,,7,1:31.1,38.9,9-9-9-8,8,447,2
2023/08/31,浦和,11,撫子特別Ｃ１二,1400,ダ,左,良,晴,10,8,10,デルタラヴバレット,牡,4,56.0,451,-7,町田直,繁田健,,8,1:31.9,41.7,2-4-4-7,6,451,-7
2023/08/31,浦和,11,撫子特別Ｃ１二,1400,ダ,左,良,晴,10,2,2,マオノウイッシュ,牝,4,54.0,492,-2,半澤慶,宇野博,,9,1:32.4,41.0,8-8-8-9,10,492,-2
2023/08/31,浦和,11,撫子特別Ｃ１二,1400,ダ,左,良,晴,10,7,7,マキオートーケン,牡,4,56.0,474,-3,山本紀,山本学,,10,1:32.4,40.0,10-10-10-10,9,474,-3
2023/08/31,浦和,12,Ｊ交 マルチヒーロー特別Ｂ２Ｂ３選抜馬,2000,ダ,左,良,晴,11,7,8,フミヤングフェイス,牡,3,55.0,504,2,角田河,新谷功,,1,2:09.6,38.1,9-8-4-3,5,504,2
2023/08/31,浦和,12,Ｊ交 マルチヒーロー特別Ｂ２Ｂ３選抜馬,2000,ダ,左,良,晴,11,3,3,トーアライデン,牡,3,53.0,484,10,永島ま,村山明,,2,2:09.8,38.5,10-10-2-1,2,484,10
2023/08/31,浦和,12,Ｊ交 マルチヒーロー特別Ｂ２Ｂ３選抜馬,2000,ダ,左,良,晴,11,8,11,キガサ,牝,4,55.0,445,9,柴田大,鈴木慎,,3,2:09.8,38.5,7-4-3-4,8,445,9
2023/08/31,浦和,12,Ｊ交 マルチヒーロー特別Ｂ２Ｂ３選抜馬,2000,ダ,左,良,晴,11,6,7,キャリアリズム,セ,0,55.0,513,-5,澤田龍,矢野義,,4,2:10.2,38.9,5-6-1-2,3,513,-5
2023/08/31,浦和,12,Ｊ交 マルチヒーロー特別Ｂ２Ｂ３選抜馬,2000,ダ,左,良,晴,11,4,4,マイネルカガヤキ,牡,6,57.0,491,-4,橋本直,平山真,,5,2:12.5,40.8,11-9-8-5,10,491,-4
2023/08/31,浦和,12,Ｊ交 マルチヒーロー特別Ｂ２Ｂ３選抜馬,2000,ダ,左,良,晴,11,7,9,ワイルドハンター,セ,0,56.0,448,-6,木幡巧,小笠倫,,6,2:12.7,40.5,8-11-9-9,7,448,-6
2023/08/31,浦和,12,Ｊ交 マルチヒーロー特別Ｂ２Ｂ３選抜馬,2000,ダ,左,良,晴,11,5,5,アイスヴィスタ,牝,6,55.0,512,-6,町田直,繁田健,,7,2:12.7,41.4,3-2-5-6,4,512,-6
2023/08/31,浦和,12,Ｊ交 マルチヒーロー特別Ｂ２Ｂ３選抜馬,2000,ダ,左,良,晴,11,2,2,グーガルドリームズ,セ,0,57.0,485,-5,保園翔,水野貴,,8,2:13.2,41.9,6-7-6-7,11,485,-5
2023/08/31,浦和,12,Ｊ交 マルチヒーロー特別Ｂ２Ｂ３選抜馬,2000,ダ,左,良,晴,11,6,6,サフランブライト,牡,4,57.0,522,4,達城龍,小西一,,9,2:14.6,43.3,1-1-7-8,9,522,4
2023/08/31,浦和,12,Ｊ交 マルチヒーロー特別Ｂ２Ｂ３選抜馬,2000,ダ,左,良,晴,11,8,10,トーセンインディゴ,牡,5,57.0,466,-18,本橋孝,小久智,,10,2:17.1,44.7,4-5-11-10,1,466,-18
2023/08/31,浦和,12,Ｊ交 マルチヒーロー特別Ｂ２Ｂ３選抜馬,2000,ダ,左,良,晴,11,1,1,ワインワインレッド,牡,3,56.0,515,-5,笹川翼,森秀行,,11,2:20.2,48.7,2-3-10-11,6,515,-5
2023/09/01,浦和,1,２歳四,1400,ダ,左,良,晴,7,7,7,ジョーソーレ,牝,2,54.0,449,0,和田譲,小久智,,1,1:33.3,41.1,4-4-3-1,2,449,0
2023/09/01,浦和,1,２歳四,1400,ダ,左,良,晴,7,3,3,スマートバローズ,牡,2,54.0,457,7,笹川翼,繁田健,,2,1:34.6,42.2,5-5-4-4,1,457,7
2023/09/01,浦和,1,２歳四,1400,ダ,左,良,晴,7,1,1,カシノペガサス,牡,2,52.0,463,11,室陽一,鹿沼和,,3,1:34.7,40.9,7-6-5-5,7,463,11
2023/09/01,浦和,1,２歳四,1400,ダ,左,良,晴,7,6,6,シナノエール,牝,2,53.0,426,1,七夕裕,鹿沼和,,4,1:35.7,43.7,3-1-1-2,4,426,1
2023/09/01,浦和,1,２歳四,1400,ダ,左,良,晴,7,5,5,タカイチラブリー,牝,2,54.0,449,4,保園翔,薮口一,,5,1:35.8,43.8,2-1-2-3,5,449,4
2023/09/01,浦和,1,２歳四,1400,ダ,左,良,晴,7,2,2,リッチレオーネ,牡,2,51.0,429,-8,及川烈,長谷忍,,6,1:36.2,41.8,6-7-7-6,6,429,-8
2023/09/01,浦和,1,２歳四,1400,ダ,左,良,晴,7,4,4,ミシェルエルクール,牝,2,54.0,476,-6,福原杏,小澤宏,,7,1:40.8,48.2,1-1-6-7,3,476,-6
2023/09/01,浦和,2,ランチタイムチャレンジ３歳七,1400,ダ,左,良,晴,9,6,6,サンアクセソワール,牝,3,54.0,429,-3,岡田大,工藤伸,,1,1:32.8,40.2,3-3-1-1,2,429,-3
2023/09/01,浦和,2,ランチタイムチャレンジ３歳七,1400,ダ,左,良,晴,9,4,4,リワードノンノ,牝,3,54.0,515,0,町田直,宇野博,,2,1:33.1,40.2,4-4-3-2,3,515,0
2023/09/01,浦和,2,ランチタイムチャレンジ３歳七,1400,ダ,左,良,晴,9,2,2,ハニーフラッシュ,牝,3,53.0,407,5,七夕裕,海馬司,,3,1:33.2,39.0,8-8-7-4,6,407,5
2023/09/01,浦和,2,ランチタイムチャレンジ３歳七,1400,ダ,左,良,晴,9,8,8,シェナカンザシ,牝,3,54.0,467,2,國分祐,冨田敏,,4,1:33.8,40.3,6-6-5-5,9,467,2
2023/09/01,浦和,2,ランチタイムチャレンジ３歳七,1400,ダ,左,良,晴,9,3,3,ミュールダール,牡,3,56.0,434,3,小杉亮,渡邊貴,,5,1:33.8,39.9,7-7-8-7,5,434,3
2023/09/01,浦和,2,ランチタイムチャレンジ３歳七,1400,ダ,左,良,晴,9,7,7,モーニング,牡,3,56.0,470,-4,秋元耕,入口由,,6,1:34.5,39.9,9-9-9-9,1,470,-4
2023/09/01,浦和,2,ランチタイムチャレンジ３歳七,1400,ダ,左,良,晴,9,5,5,カシノクインダム,牝,3,50.0,426,-4,中島良,鹿沼和,,7,1:34.6,42.0,2-2-2-3,4,426,-4
2023/09/01,浦和,2,ランチタイムチャレンジ３歳七,1400,ダ,左,良,晴,9,8,9,シゲルマンテン,牝,3,54.0,442,2,橋本直,酒井一,,8,1:35.0,41.4,5-5-6-6,7,442,2
2023/09/01,浦和,2,ランチタイムチャレンジ３歳七,1400,ダ,左,良,晴,9,1,1,メーネフロタント,牝,3,54.0,470,-2,見越彬,小林真,,9,1:36.4,43.7,1-1-4-8,8,470,-2
2023/09/01,浦和,3,２歳三,1400,ダ,左,良,晴,12,8,11,ビービーゼニット,牡,2,54.0,459,-1,和田譲,稲益貴,,1,1:31.6,40.6,1-1-1-1,1,459,-1
2023/09/01,浦和,3,２歳三,1400,ダ,左,良,晴,12,7,9,ミラクルラッシュ,牡,2,54.0,458,2,岡村健,張田京,,2,1:32.3,41.1,2-3-2-2,2,458,2
2023/09/01,浦和,3,２歳三,1400,ダ,左,良,晴,12,6,7,ブレイブハート,牡,2,54.0,439,2,山口達,林正人,,3,1:32.3,39.9,9-7-5-4,3,439,2
2023/09/01,浦和,3,２歳三,1400,ダ,左,良,晴,12,8,12,チイサナイヤリング,牝,2,52.0,429,6,室陽一,小林真,,4,1:32.8,41.2,6-4-3-3,7,429,6
2023/09/01,浦和,3,２歳三,1400,ダ,左,良,晴,12,7,10,シェナテイオー,牡,2,53.0,427,10,七夕裕,冨田敏,,5,1:34.0,41.3,7-8-7-6,6,427,10
2023/09/01,浦和,3,２歳三,1400,ダ,左,良,晴,12,3,3,アルサーフィ,牡,2,54.0,454,-8,内田利,箕輪武,,6,1:34.0,41.5,8-9-6-5,8,454,-8
2023/09/01,浦和,3,２歳三,1400,ダ,左,良,晴,12,2,2,ラララランランラン,牝,2,51.0,401,-5,及川烈,宇野博,,7,1:35.5,42.0,10-11-11-10,10,401,-5
2023/09/01,浦和,3,２歳三,1400,ダ,左,良,晴,12,6,8,チョットオトシモノ,牝,2,54.0,431,2,半澤慶,小林真,,8,1:36.0,43.3,11-10-9-8,12,431,2
2023/09/01,浦和,3,２歳三,1400,ダ,左,良,晴,12,5,5,トコトコトッコトコ,牝,2,54.0,483,3,保園翔,宇野博,,9,1:36.3,45.0,2-2-4-7,4,483,3
2023/09/01,浦和,3,２歳三,1400,ダ,左,良,晴,12,5,6,パッソアパッソ,牝,2,54.0,431,2,吉留孝,藤原智,,10,1:36.8,44.1,5-6-10-9,9,431,2
2023/09/01,浦和,3,２歳三,1400,ダ,左,良,晴,12,4,4,ジンジャーココア,牝,2,54.0,412,3,秋元耕,入口由,,11,1:39.0,47.1,2-5-7-11,5,412,3
2023/09/01,浦和,3,２歳三,1400,ダ,左,良,晴,12,1,1,ラガッツァステッラ,牝,2,54.0,458,-3,見越彬,藤原智,,12,1:42.7,47.2,12-12-12-12,11,458,-3
2023/09/01,浦和,4,浦和８００ラウンドＣ２選抜馬イ,800,ダ,左,良,晴,10,8,10,フリブール,牝,5,54.0,461,5,保園翔,内野健,,1,0:48.6,36.2,2-2,2,461,5
2023/09/01,浦和,4,浦和８００ラウンドＣ２選抜馬イ,800,ダ,左,良,晴,10,8,9,カラドボルグ,牡,5,53.0,488,-3,及川烈,吉田正,,2,0:48.7,36.3,3-1,3,488,-3
2023/09/01,浦和,4,浦和８００ラウンドＣ２選抜馬イ,800,ダ,左,良,晴,10,1,1,トワイライトドレス,牝,4,52.0,501,9,室陽一,宇野博,,3,0:48.8,35.5,10-6,8,501,9
2023/09/01,浦和,4,浦和８００ラウンドＣ２選抜馬イ,800,ダ,左,良,晴,10,7,8,クラフェニックス,牝,5,53.0,474,1,菅原涼,藤原智,,4,0:49.2,36.5,6-5,7,474,1
2023/09/01,浦和,4,浦和８００ラウンドＣ２選抜馬イ,800,ダ,左,良,晴,10,4,4,カヴァート,牡,6,56.0,472,-5,野澤憲,佐々清,,5,0:49.3,36.4,8-9,5,472,-5
2023/09/01,浦和,4,浦和８００ラウンドＣ２選抜馬イ,800,ダ,左,良,晴,10,5,5,アカルイスモウブ,牝,4,54.0,433,0,岡田大,冨田敏,,6,0:49.5,37.3,1-3,6,433,0
2023/09/01,浦和,4,浦和８００ラウンドＣ２選抜馬イ,800,ダ,左,良,晴,10,3,3,ライズザトーチ,牝,4,54.0,540,-6,高橋哲,水野貴,,7,0:49.5,37.1,4-4,1,540,-6
2023/09/01,浦和,4,浦和８００ラウンドＣ２選抜馬イ,800,ダ,左,良,晴,10,7,7,ハッピーパワポケ,牡,6,56.0,474,3,福原杏,水野貴,,8,0:49.8,37.1,7-8,4,474,3
2023/09/01,浦和,4,浦和８００ラウンドＣ２選抜馬イ,800,ダ,左,良,晴,10,6,6,ジュニパーダンス,牝,5,54.0,429,-1,櫻井光,海馬司,,9,0:50.1,37.2,9-10,10,429,-1
2023/09/01,浦和,4,浦和８００ラウンドＣ２選抜馬イ,800,ダ,左,良,晴,10,2,2,クウェンヤ,牝,5,54.0,405,3,半澤慶,工藤伸,,10,0:50.6,38.2,4-7,9,405,3
2023/09/01,浦和,5,３歳八選抜馬イ,1400,ダ,左,良,晴,7,6,6,スタータマチャン,牝,3,54.0,505,3,保園翔,川村守,,1,1:33.0,41.5,1-1-1-1,3,505,3
2023/09/01,浦和,5,３歳八選抜馬イ,1400,ダ,左,良,晴,7,5,5,ゲンゲンバッハ,牡,3,55.0,490,2,菅原涼,小澤宏,,2,1:33.4,41.3,4-4-3-3,2,490,2
2023/09/01,浦和,5,３歳八選抜馬イ,1400,ダ,左,良,晴,7,4,4,シェナグローリー,牝,3,54.0,461,1,加藤和,冨田敏,,3,1:33.8,41.3,5-5-4-4,1,461,1
2023/09/01,浦和,5,３歳八選抜馬イ,1400,ダ,左,良,晴,7,7,7,ドリームダンス,牝,3,54.0,402,-1,高橋哲,水野貴,,4,1:34.0,42.5,2-2-2-2,4,402,-1
2023/09/01,浦和,5,３歳八選抜馬イ,1400,ダ,左,良,晴,7,1,1,インベンション,牝,3,51.0,437,1,及川烈,長谷忍,,5,1:34.2,41.9,3-3-5-5,6,437,1
2023/09/01,浦和,5,３歳八選抜馬イ,1400,ダ,左,良,晴,7,2,2,マックスブンブン,牡,3,56.0,438,4,見越彬,小林真,,6,1:34.7,41.2,6-6-6-6,7,438,4
2023/09/01,浦和,5,３歳八選抜馬イ,1400,ダ,左,良,晴,7,3,3,ビナダナン,牝,3,54.0,468,-3,橋本直,酒井一,,7,1:36.5,41.8,7-7-7-7,5,468,-3
2023/09/01,浦和,6,３歳八選抜馬ア,1400,ダ,左,良,晴,11,8,10,エドノスマイル,牡,3,56.0,442,3,和田譲,宇野博,,1,1:30.9,39.7,3-3-2-1,1,442,3
2023/09/01,浦和,6,３歳八選抜馬ア,1400,ダ,左,良,晴,11,8,11,フレンドリームーン,牝,3,54.0,421,-4,山中悠,岩崎真,,2,1:32.3,40.7,6-6-4-3,6,421,-4
2023/09/01,浦和,6,３歳八選抜馬ア,1400,ダ,左,良,晴,11,5,5,オザリス,牝,3,54.0,457,8,張田昂,小澤宏,,3,1:32.7,41.6,1-1-1-2,5,457,8
2023/09/01,浦和,6,３歳八選抜馬ア,1400,ダ,左,良,晴,11,7,9,エチゴノウタゲ,牝,3,54.0,406,-8,小杉亮,山本学,,4,1:32.9,40.7,10-7-6-4,3,406,-8
2023/09/01,浦和,6,３歳八選抜馬ア,1400,ダ,左,良,晴,11,6,7,スマイルドロップ,牝,3,54.0,442,-1,臼井健,岩崎真,,5,1:33.5,40.9,7-8-8-7,9,442,-1
2023/09/01,浦和,6,３歳八選抜馬ア,1400,ダ,左,良,晴,11,2,2,タケショウルイス,牡,3,56.0,493,7,山本紀,山本学,,6,1:33.7,41.8,4-4-5-5,2,493,7
2023/09/01,浦和,6,３歳八選抜馬ア,1400,ダ,左,良,晴,11,4,4,キャットライン,牝,3,52.0,395,2,室陽一,林　幻,,7,1:33.8,42.0,5-5-6-6,10,395,2
2023/09/01,浦和,6,３歳八選抜馬ア,1400,ダ,左,良,晴,11,7,8,ビーチサンダル,牝,3,50.0,395,-4,中島良,岡林光,,8,1:34.3,41.0,9-10-11-11,7,395,-4
2023/09/01,浦和,6,３歳八選抜馬ア,1400,ダ,左,良,晴,11,1,1,オトメノワルツ,牝,3,54.0,459,2,笠野雄,玉井昇,,9,1:35.0,41.7,11-11-9-9,8,459,2
2023/09/01,浦和,6,３歳八選抜馬ア,1400,ダ,左,良,晴,11,3,3,シェナカレン,牡,3,56.0,442,-1,秋元耕,山越光,,10,1:35.5,42.7,8-9-10-10,11,442,-1
2023/09/01,浦和,6,３歳八選抜馬ア,1400,ダ,左,良,晴,11,6,6,パクパク,牡,3,56.0,453,-4,川島正,渋谷博,,11,1:36.2,45.0,2-2-3-8,4,453,-4
2023/09/01,浦和,7,吉川市の花は　サツキ賞Ｃ２七Ｃ３一,1400,ダ,左,良,晴,12,7,9,スカイパーフェクト,牝,4,53.0,450,1,半澤慶,吉田正,,1,1:31.6,39.5,7-7-5-4,8,450,1
2023/09/01,浦和,7,吉川市の花は　サツキ賞Ｃ２七Ｃ３一,1400,ダ,左,良,晴,12,8,12,シラセ,牝,4,53.0,428,6,山口達,林正人,,2,1:31.7,40.5,4-4-3-2,1,428,6
2023/09/01,浦和,7,吉川市の花は　サツキ賞Ｃ２七Ｃ３一,1400,ダ,左,良,晴,12,6,8,タイガーキャット,セ,0,54.0,479,9,新原周,山田信,,3,1:31.8,37.9,12-12-9-6,3,479,9
2023/09/01,浦和,7,吉川市の花は　サツキ賞Ｃ２七Ｃ３一,1400,ダ,左,良,晴,12,8,11,サナチャン,牝,6,55.0,442,-5,澤田龍,新井清,,4,1:32.2,41.0,3-3-1-1,5,442,-5
2023/09/01,浦和,7,吉川市の花は　サツキ賞Ｃ２七Ｃ３一,1400,ダ,左,良,晴,12,5,5,フリーズオプション,牡,7,55.0,485,9,吉留孝,薮口一,,5,1:32.3,39.4,9-8-7-7,2,485,9
2023/09/01,浦和,7,吉川市の花は　サツキ賞Ｃ２七Ｃ３一,1400,ダ,左,良,晴,12,7,10,レインボーカラー,牝,5,53.0,512,-9,篠谷葵,藤原智,,6,1:32.3,40.7,5-5-4-5,4,512,-9
2023/09/01,浦和,7,吉川市の花は　サツキ賞Ｃ２七Ｃ３一,1400,ダ,左,良,晴,12,3,3,ビクエスト,牡,4,55.0,448,4,山中悠,矢内博,,7,1:32.6,41.4,2-1-2-3,7,448,4
2023/09/01,浦和,7,吉川市の花は　サツキ賞Ｃ２七Ｃ３一,1400,ダ,左,良,晴,12,6,7,ウォーターリリー,牝,5,55.0,466,-6,保園翔,内野健,,8,1:33.5,39.4,11-10-11-10,10,466,-6
2023/09/01,浦和,7,吉川市の花は　サツキ賞Ｃ２七Ｃ３一,1400,ダ,左,良,晴,12,5,6,ナムラキャッツ,牝,4,53.0,420,11,福原杏,横山保,,9,1:33.7,40.2,8-9-10-11,6,420,11
2023/09/01,浦和,7,吉川市の花は　サツキ賞Ｃ２七Ｃ３一,1400,ダ,左,良,晴,12,1,1,クー,牝,4,49.0,482,-5,中島良,吉田正,,10,1:34.0,42.6,1-2-6-8,9,482,-5
2023/09/01,浦和,7,吉川市の花は　サツキ賞Ｃ２七Ｃ３一,1400,ダ,左,良,晴,12,4,4,メイクロード,牝,7,55.0,481,3,秋元耕,内野健,,11,1:34.4,41.8,6-6-8-9,12,481,3
2023/09/01,浦和,7,吉川市の花は　サツキ賞Ｃ２七Ｃ３一,1400,ダ,左,良,晴,12,2,2,ビュヴォン,牡,5,57.0,506,-4,橋本直,長谷忍,,12,1:35.8,41.5,10-11-12-12,11,506,-4
2023/09/01,浦和,8,浦和８００ラウンドＣ１選抜馬,800,ダ,左,良,晴,12,6,8,アイグレース,牝,3,53.0,452,4,森泰斗,岡田一,,1,0:47.0,34.9,2-1,2,452,4
2023/09/01,浦和,8,浦和８００ラウンドＣ１選抜馬,800,ダ,左,良,晴,12,8,11,ステラセイコー,牝,4,54.0,467,0,高橋哲,水野貴,,2,0:47.6,35.4,3-3,1,467,0
2023/09/01,浦和,8,浦和８００ラウンドＣ１選抜馬,800,ダ,左,良,晴,12,6,7,リッチアロマ,牝,5,52.0,461,8,室陽一,水野貴,,3,0:48.1,36.1,1-2,8,461,8
2023/09/01,浦和,8,浦和８００ラウンドＣ１選抜馬,800,ダ,左,良,晴,12,8,12,ロードオブイサチル,牝,6,54.0,503,-2,町田直,宇野博,,4,0:48.2,35.6,4-4,3,503,-2
2023/09/01,浦和,8,浦和８００ラウンドＣ１選抜馬,800,ダ,左,良,晴,12,5,5,エムリエール,牡,4,56.0,470,-1,山中悠,小澤宏,,5,0:48.4,35.6,7-6,9,470,-1
2023/09/01,浦和,8,浦和８００ラウンドＣ１選抜馬,800,ダ,左,良,晴,12,1,1,ラインクロッカス,牝,3,53.0,412,4,秋元耕,小澤宏,,6,0:48.8,36.2,6-7,5,412,4
2023/09/01,浦和,8,浦和８００ラウンドＣ１選抜馬,800,ダ,左,良,晴,12,7,10,フロレンティア,牝,3,50.0,471,6,谷内貫,工藤伸,,7,0:49.0,36.6,5-5,6,471,6
2023/09/01,浦和,8,浦和８００ラウンドＣ１選抜馬,800,ダ,左,良,晴,12,5,6,フウゲツムヘン,牝,4,51.0,457,5,及川烈,野口寛,,8,0:49.3,35.9,10-10,7,457,5
2023/09/01,浦和,8,浦和８００ラウンドＣ１選抜馬,800,ダ,左,良,晴,12,3,3,ベルセブンティーン,牝,5,54.0,478,-1,和田譲,小久智,,9,0:49.8,36.9,8-8,4,478,-1
2023/09/01,浦和,8,浦和８００ラウンドＣ１選抜馬,800,ダ,左,良,晴,12,2,2,スマイルマハロ,牡,3,55.0,493,1,半澤慶,宇野博,,10,0:49.9,36.6,9-9,10,493,1
2023/09/01,浦和,8,浦和８００ラウンドＣ１選抜馬,800,ダ,左,良,晴,12,7,9,セイウンゴールド,牡,5,56.0,485,0,見越彬,吉田正,,11,0:50.7,37.0,11-11,12,485,0
2023/09/01,浦和,8,浦和８００ラウンドＣ１選抜馬,800,ダ,左,良,晴,12,4,4,シナジーエフェクト,牡,3,55.0,485,4,藤江渉,岡田一,,12,0:51.5,36.6,12-12,11,485,4
2023/09/01,浦和,9,爽秋特別Ｂ３選抜馬,800,ダ,左,良,晴,6,5,5,エルロイ,牡,4,54.0,487,-1,木間龍,矢野義,,1,0:46.6,34.2,4-3,5,487,-1
2023/09/01,浦和,9,爽秋特別Ｂ３選抜馬,800,ダ,左,良,晴,6,4,4,マサノエンペラー,牡,3,55.0,472,0,張田昂,張田京,,2,0:46.7,34.5,2-1,3,472,0
2023/09/01,浦和,9,爽秋特別Ｂ３選抜馬,800,ダ,左,良,晴,6,6,6,トンデコパ,牝,5,53.0,448,-3,七夕裕,新井清,,3,0:47.7,35.7,1-2,2,448,-3
2023/09/01,浦和,9,爽秋特別Ｂ３選抜馬,800,ダ,左,良,晴,6,3,3,レスールドマカロン,牝,5,54.0,438,-3,和田譲,小久智,,4,0:47.9,35.3,5-5,4,438,-3
2023/09/01,浦和,9,爽秋特別Ｂ３選抜馬,800,ダ,左,良,晴,6,2,2,コウユーラヴラヴ,牝,5,54.0,483,5,福原杏,宇野博,,5,0:48.0,35.8,3-4,1,483,5
2023/09/01,浦和,9,爽秋特別Ｂ３選抜馬,800,ダ,左,良,晴,6,1,1,シェナブライト,牡,5,56.0,539,9,寺島憂,山越光,,6,0:49.0,35.8,6-6,6,539,9
2023/09/01,浦和,10,竜胆特別Ｃ１一,1500,ダ,左,良,晴,10,4,4,ケンキートス,牡,3,55.0,511,-1,笹川翼,繁田健,,1,1:36.5,39.2,4-3-1-1,1,511,-1
2023/09/01,浦和,10,竜胆特別Ｃ１一,1500,ダ,左,良,晴,10,8,9,アンジュレイ,牝,4,54.0,480,0,和田譲,小久智,,2,1:37.0,39.0,8-8-5-3,2,480,0
2023/09/01,浦和,10,竜胆特別Ｃ１一,1500,ダ,左,良,晴,10,7,8,ヴィスコンティ,セ,0,56.0,503,4,篠谷葵,山中尊,,3,1:37.1,39.2,6-7-4-2,4,503,4
2023/09/01,浦和,10,竜胆特別Ｃ１一,1500,ダ,左,良,晴,10,1,1,ブルボンティアラ,牝,4,54.0,427,8,福原杏,水野貴,,4,1:37.5,39.4,9-9-7-6,6,427,8
2023/09/01,浦和,10,竜胆特別Ｃ１一,1500,ダ,左,良,晴,10,3,3,ケンブリッジラテ,牡,5,56.0,491,-1,西啓太,小澤宏,,5,1:37.7,40.2,5-6-2-5,7,491,-1
2023/09/01,浦和,10,竜胆特別Ｃ１一,1500,ダ,左,良,晴,10,8,10,ミラクルランバック,牡,4,56.0,525,2,山崎誠,藤原智,,6,1:37.9,40.2,7-5-6-4,5,525,2
2023/09/01,浦和,10,竜胆特別Ｃ１一,1500,ダ,左,良,晴,10,7,7,ラヴィンツァラ,牝,6,54.0,480,1,橋本直,平山真,,7,1:40.1,41.4,3-4-9-8,9,480,1
2023/09/01,浦和,10,竜胆特別Ｃ１一,1500,ダ,左,良,晴,10,6,6,ナムラタイガー,牡,6,56.0,542,-1,寺島憂,箕輪武,,8,1:40.7,41.7,10-10-10-9,10,542,-1
2023/09/01,浦和,10,竜胆特別Ｃ１一,1500,ダ,左,良,晴,10,2,2,タキチャンゴー,牝,4,54.0,493,6,山中悠,小久智,,9,1:42.5,44.8,2-2-8-10,8,493,6
2023/09/01,浦和,10,竜胆特別Ｃ１一,1500,ダ,左,良,晴,10,5,5,ハクサンセレーネ,牝,4,54.0,452,-2,澤田龍,矢野義,,10,1:42.6,45.3,1-1-3-7,3,452,-2
2023/09/01,浦和,11,秋暑特別Ｂ２二,1500,ダ,左,良,晴,12,6,8,ブラックオパール,牝,4,54.0,516,-1,山崎誠,平山真,,1,1:35.4,37.8,3-3-2-1,1,516,-1
2023/09/01,浦和,11,秋暑特別Ｂ２二,1500,ダ,左,良,晴,12,2,2,キングオブザナイル,牡,3,55.0,478,1,笹川翼,小久智,,2,1:36.2,38.8,2-2-1-2,3,478,1
2023/09/01,浦和,11,秋暑特別Ｂ２二,1500,ダ,左,良,晴,12,8,11,ゴールドレッグス,セ,0,56.0,521,5,森泰斗,宇野博,,3,1:37.2,39.4,6-5-4-3,2,521,5
2023/09/01,浦和,11,秋暑特別Ｂ２二,1500,ダ,左,良,晴,12,7,9,ミエノハヤブサ,セ,0,56.0,482,3,山中悠,小澤宏,,4,1:37.4,39.2,11-9-7-8,4,482,3
2023/09/01,浦和,11,秋暑特別Ｂ２二,1500,ダ,左,良,晴,12,7,10,ソフィアバローズ,牝,6,51.0,444,3,及川烈,川島豊,,5,1:37.4,39.6,8-7-6-5,9,444,3
2023/09/01,浦和,11,秋暑特別Ｂ２二,1500,ダ,左,良,晴,12,3,3,ハクサンホーリー,牝,6,54.0,427,9,澤田龍,矢野義,,6,1:37.6,39.8,4-4-5-6,7,427,9
2023/09/01,浦和,11,秋暑特別Ｂ２二,1500,ダ,左,良,晴,12,8,12,トーケンマッキー,牝,6,54.0,461,-1,篠谷葵,山本学,,7,1:37.6,39.2,12-12-10-9,6,461,-1
2023/09/01,浦和,11,秋暑特別Ｂ２二,1500,ダ,左,良,晴,12,6,7,フューリアス,牡,5,56.0,461,-6,町田直,宇野博,,8,1:37.7,39.5,7-8-8-7,8,461,-6
2023/09/01,浦和,11,秋暑特別Ｂ２二,1500,ダ,左,良,晴,12,5,6,イテザ,牡,6,56.0,483,8,川島正,佐々清,,9,1:37.8,40.6,1-1-2-4,5,483,8
2023/09/01,浦和,11,秋暑特別Ｂ２二,1500,ダ,左,良,晴,12,4,4,ハピネスマインド,牝,5,54.0,449,4,本田重,新井清,,10,1:38.2,39.7,9-11-12-10,12,449,4
2023/09/01,浦和,11,秋暑特別Ｂ２二,1500,ダ,左,良,晴,12,5,5,マーヴェルクエスト,牝,6,54.0,431,-1,藤本現,林正人,,11,1:39.0,40.8,10-10-9-11,10,431,-1
2023/09/01,浦和,11,秋暑特別Ｂ２二,1500,ダ,左,良,晴,12,1,1,ナンヨーオボロヅキ,牝,7,54.0,485,1,岡村健,平山真,,12,1:39.2,41.0,5-6-10-12,11,485,1
2023/09/01,浦和,12,秋日和特別Ｃ３選抜馬,2000,ダ,左,良,晴,10,2,2,カイジンビリーヴ,牡,5,56.0,513,3,高橋哲,入口由,,1,2:15.4,40.5,5-5-3-1,1,513,3
2023/09/01,浦和,12,秋日和特別Ｃ３選抜馬,2000,ダ,左,良,晴,10,7,7,ストームシャドウ,牡,4,56.0,480,8,笠野雄,佐々清,,2,2:16.3,41.2,9-7-4-4,4,480,8
2023/09/01,浦和,12,秋日和特別Ｃ３選抜馬,2000,ダ,左,良,晴,10,5,5,サヨノシルバーズ,牡,4,56.0,473,-4,藤江渉,工藤伸,,3,2:16.5,40.8,6-6-7-5,5,473,-4
2023/09/01,浦和,12,秋日和特別Ｃ３選抜馬,2000,ダ,左,良,晴,10,8,9,シークレットギア,牡,5,56.0,491,-2,加藤和,薮口一,,4,2:16.9,42.3,3-3-1-3,3,491,-2
2023/09/01,浦和,12,秋日和特別Ｃ３選抜馬,2000,ダ,左,良,晴,10,6,6,エンバース,牡,4,56.0,491,-2,岡田大,海馬司,,5,2:17.1,42.5,2-2-1-2,7,491,-2
2023/09/01,浦和,12,秋日和特別Ｃ３選抜馬,2000,ダ,左,良,晴,10,3,3,ルルド,セ,0,56.0,419,-5,橋本直,平山真,,6,2:17.4,41.7,8-9-8-6,6,419,-5
2023/09/01,浦和,12,秋日和特別Ｃ３選抜馬,2000,ダ,左,良,晴,10,7,8,シェナハート,牝,4,50.0,411,-9,中島良,冨田敏,,7,2:18.3,43.4,4-4-5-7,8,411,-9
2023/09/01,浦和,12,秋日和特別Ｃ３選抜馬,2000,ダ,左,良,晴,10,8,10,アキコノユメヲ,牝,6,54.0,427,-3,岡村裕,新井健,,8,2:19.4,42.9,10-10-10-10,9,427,-3
2023/09/01,浦和,12,秋日和特別Ｃ３選抜馬,2000,ダ,左,良,晴,10,4,4,ワイズマンコート,牡,4,56.0,453,-3,半澤慶,川島豊,,9,2:19.4,43.5,7-8-9-9,10,453,-3
2023/09/01,浦和,12,秋日和特別Ｃ３選抜馬,2000,ダ,左,良,晴,10,1,1,ベリリウンヌ,牝,5,53.0,434,8,七夕裕,海馬司,,10,2:19.8,44.9,1-1-6-8,2,434,8
2023/09/19,浦和,1,エキサイティングリレースタートＣ３七 八,1400,ダ,左,良,晴,12,7,9,スパークルガール,牝,7,52.0,431,-5,及川烈,長谷忍,,1,1:32.5,40.4,4-4-1-1,3,431,-5
2023/09/19,浦和,1,エキサイティングリレースタートＣ３七 八,1400,ダ,左,良,晴,12,5,6,ニシノサトル,牡,7,54.0,488,0,室陽一,吉田正,,2,1:33.0,40.1,6-5-5-3,8,488,0
2023/09/19,浦和,1,エキサイティングリレースタートＣ３七 八,1400,ダ,左,良,晴,12,8,12,ビックバンアイ,牝,7,54.0,470,-2,高橋利,矢内博,,3,1:33.4,41.3,3-3-2-2,1,470,-2
2023/09/19,浦和,1,エキサイティングリレースタートＣ３七 八,1400,ダ,左,良,晴,12,8,11,バロンキング,牡,7,56.0,450,-2,西村栄,阿井正,,4,1:33.8,40.5,7-7-6-5,7,450,-2
2023/09/19,浦和,1,エキサイティングリレースタートＣ３七 八,1400,ダ,左,良,晴,12,7,10,チェンマイルージュ,牝,7,54.0,475,-7,秋元耕,鈴木勝,,5,1:34.1,42.0,1-2-3-4,2,475,-7
2023/09/19,浦和,1,エキサイティングリレースタートＣ３七 八,1400,ダ,左,良,晴,12,4,4,ユウユウリアン,牡,7,56.0,441,4,吉留孝,横山保,,6,1:34.2,40.9,5-6-7-7,6,441,4
2023/09/19,浦和,1,エキサイティングリレースタートＣ３七 八,1400,ダ,左,良,晴,12,2,2,パレスギガント,牡,7,55.0,475,1,七夕裕,長谷忍,,7,1:34.6,41.0,8-8-8-8,4,475,1
2023/09/19,浦和,1,エキサイティングリレースタートＣ３七 八,1400,ダ,左,良,晴,12,6,8,コンディトラム,牡,6,56.0,495,5,橋本直,川村守,,8,1:35.5,43.4,2-1-4-6,5,495,5
2023/09/19,浦和,1,エキサイティングリレースタートＣ３七 八,1400,ダ,左,良,晴,12,1,1,ネオエンジェル,牝,7,54.0,437,-2,國分祐,冨田敏,,9,1:35.8,40.4,10-10-10-9,9,437,-2
2023/09/19,浦和,1,エキサイティングリレースタートＣ３七 八,1400,ダ,左,良,晴,12,3,3,シェナモエギ,牝,5,54.0,399,-5,岡村裕,山田正,,10,1:36.3,40.1,12-12-12-11,12,399,-5
2023/09/19,浦和,1,エキサイティングリレースタートＣ３七 八,1400,ダ,左,良,晴,12,5,5,ゴールドボード,牝,4,54.0,519,0,岡田大,箕輪武,,11,1:36.3,40.7,11-11-11-10,11,519,0
2023/09/19,浦和,1,エキサイティングリレースタートＣ３七 八,1400,ダ,左,良,晴,12,6,7,アールレアル,セ,0,56.0,440,-7,高橋哲,川村守,,12,1:36.8,42.0,9-9-9-12,10,440,-7
2023/09/19,浦和,2,ランチタイムチャレンジＣ３七 八,1400,ダ,左,良,晴,12,5,5,ブルコ,牝,7,54.0,471,-1,町田直,内田勝,,1,1:31.4,39.3,1-1-1-1,1,471,-1
2023/09/19,浦和,2,ランチタイムチャレンジＣ３七 八,1400,ダ,左,良,晴,12,6,7,ユメツクシ,牝,7,52.0,472,-5,及川烈,長谷忍,,2,1:31.4,38.6,7-7-4-2,2,472,-5
2023/09/19,浦和,2,ランチタイムチャレンジＣ３七 八,1400,ダ,左,良,晴,12,8,11,タイシタモンダロ,牡,4,56.0,491,9,保園翔,川村守,,3,1:32.4,40.2,2-2-2-3,3,491,9
2023/09/19,浦和,2,ランチタイムチャレンジＣ３七 八,1400,ダ,左,良,晴,12,8,12,トキノカサドール,牡,8,55.0,464,1,七夕裕,横山保,,4,1:32.6,40.2,3-3-3-4,4,464,1
2023/09/19,浦和,2,ランチタイムチャレンジＣ３七 八,1400,ダ,左,良,晴,12,2,2,アミン,牝,6,54.0,472,3,見越彬,冨田敏,,5,1:33.0,40.0,4-6-6-6,8,472,3
2023/09/19,浦和,2,ランチタイムチャレンジＣ３七 八,1400,ダ,左,良,晴,12,5,6,ハクサンバレー,牝,6,54.0,443,-3,吉留孝,薮口一,,6,1:33.1,40.5,6-4-5-5,7,443,-3
2023/09/19,浦和,2,ランチタイムチャレンジＣ３七 八,1400,ダ,左,良,晴,12,1,1,ラッキーアモン,牡,7,56.0,518,1,寺島憂,箕輪武,,7,1:33.3,40.0,5-5-7-7,9,518,1
2023/09/19,浦和,2,ランチタイムチャレンジＣ３七 八,1400,ダ,左,良,晴,12,3,3,プリートソリード,牝,7,50.0,482,-6,中島良,今井輝,,8,1:33.4,39.3,9-8-9-7,5,482,-6
2023/09/19,浦和,2,ランチタイムチャレンジＣ３七 八,1400,ダ,左,良,晴,12,4,4,ゴールドスペンサー,牡,5,56.0,470,-5,秋元耕,吉田正,,9,1:33.9,39.7,12-11-8-9,10,470,-5
2023/09/19,浦和,2,ランチタイムチャレンジＣ３七 八,1400,ダ,左,良,晴,12,7,10,ジニアズウィッシュ,牝,7,52.0,472,-1,室陽一,小林真,,10,1:34.2,40.1,8-9-10-10,12,472,-1
2023/09/19,浦和,2,ランチタイムチャレンジＣ３七 八,1400,ダ,左,良,晴,12,6,8,ファーマスター,牝,5,54.0,440,1,岡田大,川村守,,11,1:34.2,39.4,11-12-11-11,11,440,1
2023/09/19,浦和,2,ランチタイムチャレンジＣ３七 八,1400,ダ,左,良,晴,12,7,9,ヒナマル,牝,4,54.0,422,-2,橋本直,長谷忍,,12,1:34.7,39.9,10-10-12-12,6,422,-2
2023/09/19,浦和,3,ドリームチャレンジ２歳新馬,800,ダ,左,良,晴,5,4,4,サノノレインボー,牝,2,54.0,0,0,見越彬,川島豊,,1,0:48.5,36.0,1-1,2,0,0
2023/09/19,浦和,3,ドリームチャレンジ２歳新馬,800,ダ,左,良,晴,5,2,2,マチルダ,牝,2,54.0,0,0,森泰斗,小久智,,2,0:49.0,35.7,2-2,1,0,0
2023/09/19,浦和,3,ドリームチャレンジ２歳新馬,800,ダ,左,良,晴,5,5,5,ブラボーランナー,牝,2,52.0,0,0,室陽一,宇野博,,3,0:49.7,36.1,3-3,4,0,0
2023/09/19,浦和,3,ドリームチャレンジ２歳新馬,800,ダ,左,良,晴,5,1,1,トータルダイヤ,牡,2,54.0,0,0,山崎誠,小久智,,4,0:50.4,36.1,5-5,3,0,0
2023/09/19,浦和,3,ドリームチャレンジ２歳新馬,800,ダ,左,良,晴,5,3,3,マーチオブタイム,牡,2,54.0,0,0,櫻井光,水野貴,,5,0:50.5,36.7,4-4,5,0,0
2023/09/19,浦和,4,特選３歳二,1400,ダ,左,良,晴,11,5,5,ニシノソレガシ,セ,0,55.0,525,5,七夕裕,冨田敏,,1,1:29.9,38.9,6-8-1-1,1,525,5
2023/09/19,浦和,4,特選３歳二,1400,ダ,左,良,晴,11,8,10,シャンデル,牝,3,52.0,475,2,室陽一,藤原智,,2,1:32.0,41.2,2-2-2-3,3,475,2
2023/09/19,浦和,4,特選３歳二,1400,ダ,左,良,晴,11,6,6,アロア,牝,3,52.0,478,-8,及川烈,長谷忍,,3,1:32.3,41.3,4-4-4-5,2,478,-8
2023/09/19,浦和,4,特選３歳二,1400,ダ,左,良,晴,11,6,7,ランディー,牡,3,56.0,453,3,吉留孝,小久智,,4,1:32.3,41.5,1-1-3-2,5,453,3
2023/09/19,浦和,4,特選３歳二,1400,ダ,左,良,晴,11,7,8,クラダイリン,牝,3,54.0,506,12,保園翔,長谷忍,,5,1:32.3,40.9,9-9-6-4,8,506,12
2023/09/19,浦和,4,特選３歳二,1400,ダ,左,良,晴,11,3,3,シナノフローレンス,牝,3,54.0,400,0,秋元耕,岡田一,,6,1:32.6,40.9,8-7-9-6,9,400,0
2023/09/19,浦和,4,特選３歳二,1400,ダ,左,良,晴,11,4,4,サンアクセソワール,牝,3,54.0,435,6,岡田大,工藤伸,,7,1:32.8,41.3,5-6-7-8,7,435,6
2023/09/19,浦和,4,特選３歳二,1400,ダ,左,良,晴,11,8,11,パワフルウィッシュ,牝,3,54.0,447,7,山中悠,小久智,,8,1:33.4,42.4,3-3-5-7,4,447,7
2023/09/19,浦和,4,特選３歳二,1400,ダ,左,良,晴,11,1,1,アポロパシュート,セ,0,56.0,443,4,山崎誠,小澤宏,,9,1:34.4,42.9,7-5-8-9,6,443,4
2023/09/19,浦和,4,特選３歳二,1400,ダ,左,良,晴,11,2,2,リュウノファントム,牡,3,56.0,0,0,高橋哲,野口孝,,,,,,,0,0
2023/09/19,浦和,4,特選３歳二,1400,ダ,左,良,晴,11,7,9,フラワーテイル,牝,3,54.0,0,0,森泰斗,平山真,,,,,,,0,0
2023/09/19,浦和,5,Ｃ１四 五,1400,ダ,左,良,晴,11,6,6,ハクサンクラーケン,牡,5,56.0,499,9,澤田龍,矢野義,,1,1:29.6,38.8,6-7-3-1,2,499,9
2023/09/19,浦和,5,Ｃ１四 五,1400,ダ,左,良,晴,11,8,11,フロレンティア,牝,3,53.0,470,-1,森泰斗,工藤伸,,2,1:30.2,39.8,3-3-2-2,5,470,-1
2023/09/19,浦和,5,Ｃ１四 五,1400,ダ,左,良,晴,11,3,3,アキノポエム,牝,4,54.0,476,2,本橋孝,小久智,,3,1:30.4,40.0,1-1-1-2,4,476,2
2023/09/19,浦和,5,Ｃ１四 五,1400,ダ,左,良,晴,11,1,1,ナツハヨル,牝,5,52.0,437,-3,及川烈,横山保,,4,1:30.9,40.1,3-4-7-5,6,437,-3
2023/09/19,浦和,5,Ｃ１四 五,1400,ダ,左,良,晴,11,6,7,ジェノバフレイバー,牡,4,56.0,477,3,今野忠,繁田健,,5,1:31.0,40.2,9-9-4-4,1,477,3
2023/09/19,浦和,5,Ｃ１四 五,1400,ダ,左,良,晴,11,4,4,ムーランブラン,牝,7,54.0,469,1,山崎誠,藤原智,,6,1:31.0,39.5,8-8-10-8,9,469,1
2023/09/19,浦和,5,Ｃ１四 五,1400,ダ,左,良,晴,11,8,10,ピュアアメリカン,牝,3,49.0,498,32,中島良,小澤宏,,7,1:31.4,40.6,5-5-6-6,7,498,32
2023/09/19,浦和,5,Ｃ１四 五,1400,ダ,左,良,晴,11,7,8,リュウノボマーク,牝,3,53.0,453,-9,保園翔,野口寛,,8,1:31.5,40.2,11-11-9-7,8,453,-9
2023/09/19,浦和,5,Ｃ１四 五,1400,ダ,左,良,晴,11,5,5,ソプラヴェステ,牝,4,54.0,488,-1,町田直,宇野博,,9,1:32.1,41.2,7-6-8-9,3,488,-1
2023/09/19,浦和,5,Ｃ１四 五,1400,ダ,左,良,晴,11,7,9,イエローエイト,牝,3,53.0,459,-6,半澤慶,川島豊,,10,1:32.4,42.0,2-2-5-10,10,459,-6
2023/09/19,浦和,5,Ｃ１四 五,1400,ダ,左,良,晴,11,2,2,セイウンコチョウ,牝,4,54.0,396,-1,國分祐,冨田敏,,11,1:32.5,40.6,10-10-11-11,11,396,-1
2023/09/19,浦和,6,Ｃ２三,1500,ダ,左,良,晴,9,8,9,ハクアイアトム,牡,5,56.0,472,-1,町田直,宇野博,,1,1:38.4,40.0,2-2-2-1,1,472,-1
2023/09/19,浦和,6,Ｃ２三,1500,ダ,左,良,晴,9,3,3,ミーティアカフェ,牝,5,53.0,484,10,七夕裕,箕輪武,,2,1:38.5,38.6,8-8-6-5,4,484,10
2023/09/19,浦和,6,Ｃ２三,1500,ダ,左,良,晴,9,2,2,ユメミルツキ,牝,4,52.0,467,-4,及川烈,鹿沼和,,3,1:38.5,40.0,3-4-4-2,2,467,-4
2023/09/19,浦和,6,Ｃ２三,1500,ダ,左,良,晴,9,8,8,スカイパーフェクト,牝,4,54.0,446,-4,半澤慶,吉田正,,4,1:38.9,40.5,4-3-3-4,5,446,-4
2023/09/19,浦和,6,Ｃ２三,1500,ダ,左,良,晴,9,1,1,ニシノマンテン,牡,4,52.0,445,2,中島良,川島豊,,5,1:39.1,39.8,5-5-5-6,7,445,2
2023/09/19,浦和,6,Ｃ２三,1500,ダ,左,良,晴,9,7,7,キスアンドテル,牝,4,54.0,508,-2,本橋孝,海馬司,,6,1:39.1,39.5,7-6-6-7,6,508,-2
2023/09/19,浦和,6,Ｃ２三,1500,ダ,左,良,晴,9,4,4,ゴールドバード,牡,9,54.0,478,-2,室陽一,野口孝,,7,1:39.7,39.5,9-9-9-8,8,478,-2
2023/09/19,浦和,6,Ｃ２三,1500,ダ,左,良,晴,9,5,5,エトワールゴールド,牡,4,56.0,473,1,吉留孝,薮口一,,8,1:40.3,40.2,6-7-8-9,9,473,1
2023/09/19,浦和,6,Ｃ２三,1500,ダ,左,良,晴,9,6,6,カリグラフィー,牝,4,54.0,461,16,橋本直,入口由,,9,1:40.4,42.1,1-1-1-3,3,461,16
2023/09/19,浦和,7,特選３歳一,1500,ダ,左,良,晴,10,5,5,ウオッカガール,牝,3,54.0,480,-6,藤江渉,箕輪武,,1,1:38.4,40.7,3-3-1-1,4,480,-6
2023/09/19,浦和,7,特選３歳一,1500,ダ,左,良,晴,10,7,8,ラブルパイル,牡,3,56.0,462,-2,秋元耕,入口由,,2,1:38.9,41.0,5-5-5-3,3,462,-2
2023/09/19,浦和,7,特選３歳一,1500,ダ,左,良,晴,10,4,4,トライジャーニー,牡,3,56.0,481,4,山中悠,小久智,,3,1:39.3,41.3,4-4-3-2,1,481,4
2023/09/19,浦和,7,特選３歳一,1500,ダ,左,良,晴,10,6,6,コスモレンブランサ,牝,3,53.0,428,6,七夕裕,工藤伸,,4,1:39.3,40.4,8-8-7-6,2,428,6
2023/09/19,浦和,7,特選３歳一,1500,ダ,左,良,晴,10,7,7,プリンスオーソ,牡,3,56.0,451,-3,加藤和,長谷忍,,5,1:39.5,40.9,9-7-6-4,8,451,-3
2023/09/19,浦和,7,特選３歳一,1500,ダ,左,良,晴,10,8,9,エアファールング,牡,3,56.0,478,1,保園翔,海馬司,,6,1:40.0,40.9,7-9-10-9,9,478,1
2023/09/19,浦和,7,特選３歳一,1500,ダ,左,良,晴,10,3,3,ポッピングシャワー,牝,3,54.0,426,-2,澤田龍,川村守,,7,1:40.2,41.1,10-10-9-8,6,426,-2
2023/09/19,浦和,7,特選３歳一,1500,ダ,左,良,晴,10,2,2,エムティウィンド,牝,3,54.0,470,-1,山崎誠,野口寛,,8,1:40.5,41.7,6-6-8-7,7,470,-1
2023/09/19,浦和,7,特選３歳一,1500,ダ,左,良,晴,10,1,1,シナノホワイト,牡,3,56.0,501,-5,寺島憂,岡田一,,9,1:42.3,44.8,1-1-2-5,10,501,-5
2023/09/19,浦和,7,特選３歳一,1500,ダ,左,良,晴,10,8,10,スターハッスル,牡,3,56.0,488,20,吉留孝,小澤宏,,10,1:42.9,45.2,2-2-4-10,5,488,20
2023/09/19,浦和,8,四尺玉！こうのす花火大会賞Ｃ１四 五,1500,ダ,左,良,晴,10,3,3,リョウタスペシャル,牡,3,55.0,432,-2,森泰斗,小澤宏,,1,1:38.1,40.4,3-3-4-2,4,432,-2
2023/09/19,浦和,8,四尺玉！こうのす花火大会賞Ｃ１四 五,1500,ダ,左,良,晴,10,7,7,サルセル,牝,4,54.0,484,3,山崎誠,平山真,,2,1:38.3,40.6,4-4-3-3,1,484,3
2023/09/19,浦和,8,四尺玉！こうのす花火大会賞Ｃ１四 五,1500,ダ,左,良,晴,10,8,9,シンドバッド,牡,3,55.0,464,-1,山中悠,小久智,,3,1:38.4,40.9,2-1-1-1,2,464,-1
2023/09/19,浦和,8,四尺玉！こうのす花火大会賞Ｃ１四 五,1500,ダ,左,良,晴,10,4,4,インカローズムスメ,牝,4,54.0,411,4,秋元耕,海馬司,,4,1:38.6,39.6,7-7-6-5,5,411,4
2023/09/19,浦和,8,四尺玉！こうのす花火大会賞Ｃ１四 五,1500,ダ,左,良,晴,10,6,6,ミミコチャン,牝,4,50.0,483,1,中島良,小林真,,5,1:38.6,39.4,9-8-7-4,3,483,1
2023/09/19,浦和,8,四尺玉！こうのす花火大会賞Ｃ１四 五,1500,ダ,左,良,晴,10,7,8,チェスナットドレス,牝,6,54.0,461,0,國分祐,冨田敏,,6,1:39.6,40.9,5-5-5-6,9,461,0
2023/09/19,浦和,8,四尺玉！こうのす花火大会賞Ｃ１四 五,1500,ダ,左,良,晴,10,2,2,コンスタンティナ,牝,7,54.0,498,-11,見越彬,冨田敏,,7,1:39.8,40.1,8-9-9-9,10,498,-11
2023/09/19,浦和,8,四尺玉！こうのす花火大会賞Ｃ１四 五,1500,ダ,左,良,晴,10,5,5,トモノエリザベス,牝,4,54.0,462,9,岡田大,酒井一,,8,1:40.0,40.9,6-6-8-8,7,462,9
2023/09/19,浦和,8,四尺玉！こうのす花火大会賞Ｃ１四 五,1500,ダ,左,良,晴,10,1,1,スマイルマハロ,牡,3,53.0,493,0,室陽一,宇野博,,9,1:40.3,40.1,10-10-10-10,8,493,0
2023/09/19,浦和,8,四尺玉！こうのす花火大会賞Ｃ１四 五,1500,ダ,左,良,晴,10,8,10,シナノジャングル,牡,5,55.0,508,10,七夕裕,鹿沼和,,10,1:40.8,43.3,1-2-2-7,6,508,10
2023/09/19,浦和,9,秋明菊特別Ｃ２二,1400,ダ,左,良,晴,11,7,8,ノブオートーケン,牡,4,54.0,452,4,及川烈,小澤宏,,1,1:30.4,39.5,9-7-2-2,6,452,4
2023/09/19,浦和,9,秋明菊特別Ｃ２二,1400,ダ,左,良,晴,11,5,5,ライヴガーネット,牝,4,54.0,475,3,森泰斗,工藤伸,,2,1:30.6,39.9,1-1-1-1,1,475,3
2023/09/19,浦和,9,秋明菊特別Ｃ２二,1400,ダ,左,良,晴,11,6,7,ルージュカプリス,牝,6,54.0,420,-1,加藤和,長谷忍,,3,1:31.1,40.2,4-4-4-3,3,420,-1
2023/09/19,浦和,9,秋明菊特別Ｃ２二,1400,ダ,左,良,晴,11,8,11,エドノストリート,牝,5,54.0,476,0,山中悠,宇野博,,4,1:31.4,40.6,3-3-3-4,2,476,0
2023/09/19,浦和,9,秋明菊特別Ｃ２二,1400,ダ,左,良,晴,11,2,2,ピノタージュ,牝,6,54.0,450,3,保園翔,内野健,,5,1:31.5,40.6,5-5-5-5,7,450,3
2023/09/19,浦和,9,秋明菊特別Ｃ２二,1400,ダ,左,良,晴,11,6,6,ミュークレグルス,牡,5,56.0,513,-5,増田充,山崎尋,,6,1:31.9,40.6,8-8-7-6,8,513,-5
2023/09/19,浦和,9,秋明菊特別Ｃ２二,1400,ダ,左,良,晴,11,8,10,グッドヘイロー,牝,4,54.0,499,-5,中越琉,海馬司,,7,1:33.3,42.4,2-2-6-7,9,499,-5
2023/09/19,浦和,9,秋明菊特別Ｃ２二,1400,ダ,左,良,晴,11,4,4,ワンダーダイカネン,牡,6,56.0,476,-1,橋本直,鈴木勝,,8,1:33.6,41.4,11-10-11-9,11,476,-1
2023/09/19,浦和,9,秋明菊特別Ｃ２二,1400,ダ,左,良,晴,11,3,3,ヤマタケコーチャン,牡,4,56.0,445,5,高橋哲,水野貴,,9,1:33.9,42.3,7-9-9-8,5,445,5
2023/09/19,浦和,9,秋明菊特別Ｃ２二,1400,ダ,左,良,晴,11,7,9,ヴァンクールシチー,牡,4,56.0,417,-5,半澤慶,工藤伸,,10,1:34.5,43.2,6-6-8-10,10,417,-5
2023/09/19,浦和,9,秋明菊特別Ｃ２二,1400,ダ,左,良,晴,11,1,1,スタードラゴン,牡,4,56.0,511,-2,吉留孝,薮口一,,11,1:35.1,42.9,10-11-10-11,4,511,-2
2023/09/19,浦和,10,朝露特別Ｃ１三,1400,ダ,左,良,晴,10,5,5,スティールシャトル,牝,3,51.0,440,-6,及川烈,岡田一,,1,1:29.3,39.3,3-3-1-1,2,440,-6
2023/09/19,浦和,10,朝露特別Ｃ１三,1400,ダ,左,良,晴,10,3,3,バトルオサンナ,牝,9,54.0,436,-7,庄司大,入口由,,2,1:29.9,38.3,8-8-9-5,9,436,-7
2023/09/19,浦和,10,朝露特別Ｃ１三,1400,ダ,左,良,晴,10,8,9,コスモルージュ,セ,0,56.0,491,5,森泰斗,小澤宏,,3,1:30.1,39.5,5-5-5-4,1,491,5
2023/09/19,浦和,10,朝露特別Ｃ１三,1400,ダ,左,良,晴,10,6,6,クリムゾンオーラ,牝,6,50.0,481,-4,中島良,入口由,,4,1:30.8,40.7,4-4-3-3,6,481,-4
2023/09/19,浦和,10,朝露特別Ｃ１三,1400,ダ,左,良,晴,10,2,2,スーパーローズ,牝,6,53.0,485,-7,七夕裕,野口孝,,5,1:31.0,39.7,6-7-7-8,5,485,-7
2023/09/19,浦和,10,朝露特別Ｃ１三,1400,ダ,左,良,晴,10,7,7,ゴープラチナム,牝,6,54.0,450,4,山崎誠,平山真,,6,1:31.4,41.4,1-1-2-2,4,450,4
2023/09/19,浦和,10,朝露特別Ｃ１三,1400,ダ,左,良,晴,10,4,4,ワンダーフェンリル,牡,5,56.0,506,-2,橋本直,鈴木勝,,7,1:31.5,38.9,10-10-10-10,8,506,-2
2023/09/19,浦和,10,朝露特別Ｃ１三,1400,ダ,左,良,晴,10,7,8,アンファンドディユ,牡,6,56.0,440,5,町田直,海馬司,,8,1:31.8,40.6,7-6-6-6,7,440,5
2023/09/19,浦和,10,朝露特別Ｃ１三,1400,ダ,左,良,晴,10,1,1,ジョーリベリカ,牡,4,54.0,481,8,室陽一,小久智,,9,1:31.9,40.3,9-9-8-9,3,481,8
2023/09/19,浦和,10,朝露特別Ｃ１三,1400,ダ,左,良,晴,10,8,10,キックフリップ,牝,4,54.0,458,0,吉留孝,野口孝,,10,1:33.3,43.2,2-2-4-7,10,458,0
2023/09/19,浦和,11,菊月特別Ｂ２二Ｂ３一,1500,ダ,左,良,晴,8,6,6,ゴールドレッグス,セ,0,57.0,514,-7,半澤慶,宇野博,,1,1:36.2,39.1,4-5-4-1,4,514,-7
2023/09/19,浦和,11,菊月特別Ｂ２二Ｂ３一,1500,ダ,左,良,晴,8,3,3,モズハッピーロード,牡,5,55.0,497,1,山崎誠,平山真,,2,1:36.4,39.0,6-6-6-4,3,497,1
2023/09/19,浦和,11,菊月特別Ｂ２二Ｂ３一,1500,ダ,左,良,晴,8,7,7,エアポートライナー,牡,3,56.0,556,-1,森泰斗,小久智,,3,1:36.9,40.1,3-1-2-3,1,556,-1
2023/09/19,浦和,11,菊月特別Ｂ２二Ｂ３一,1500,ダ,左,良,晴,8,1,1,ミュステーリオン,牝,4,55.0,494,0,本橋孝,小久智,,4,1:37.0,40.2,1-2-1-2,2,494,0
2023/09/19,浦和,11,菊月特別Ｂ２二Ｂ３一,1500,ダ,左,良,晴,8,8,8,フューリアス,牡,5,57.0,463,2,町田直,宇野博,,5,1:37.2,40.3,5-4-3-5,8,463,2
2023/09/19,浦和,11,菊月特別Ｂ２二Ｂ３一,1500,ダ,左,良,晴,8,4,4,アポロミラクル,牡,5,57.0,503,8,保園翔,福田真,,6,1:37.8,39.0,7-7-7-7,5,503,8
2023/09/19,浦和,11,菊月特別Ｂ２二Ｂ３一,1500,ダ,左,良,晴,8,2,2,デクスター,セ,0,55.0,475,7,櫻井光,水野貴,,7,1:38.8,42.0,2-3-4-6,7,475,7
2023/09/19,浦和,11,菊月特別Ｂ２二Ｂ３一,1500,ダ,左,良,晴,8,5,5,マイネルカガヤキ,牡,6,57.0,495,4,橋本直,平山真,,8,1:39.5,39.7,8-8-8-8,6,495,4
2023/09/19,浦和,12,サファイア特別Ｃ３選抜馬,2000,ダ,左,良,晴,11,2,2,スターコマチ,牝,4,54.0,402,-4,吉留孝,川村守,,1,2:15.1,40.8,6-6-3-1,2,402,-4
2023/09/19,浦和,12,サファイア特別Ｃ３選抜馬,2000,ダ,左,良,晴,11,7,9,エスコーバタハト,牡,7,56.0,505,-4,保園翔,内野健,,2,2:15.1,41.0,4-3-2-2,1,505,-4
2023/09/19,浦和,12,サファイア特別Ｃ３選抜馬,2000,ダ,左,良,晴,11,3,3,ベリリウンヌ,牝,5,53.0,429,-5,七夕裕,海馬司,,3,2:15.9,41.4,5-5-5-4,4,429,-5
2023/09/19,浦和,12,サファイア特別Ｃ３選抜馬,2000,ダ,左,良,晴,11,6,7,エンバース,牡,4,56.0,495,4,岡田大,海馬司,,4,2:16.2,42.1,3-2-1-3,5,495,4
2023/09/19,浦和,12,サファイア特別Ｃ３選抜馬,2000,ダ,左,良,晴,11,1,1,パルメニデス,牡,4,56.0,421,7,秋元耕,海馬司,,5,2:19.2,43.1,10-10-10-7,9,421,7
2023/09/19,浦和,12,サファイア特別Ｃ３選抜馬,2000,ダ,左,良,晴,11,8,11,シェナコブシ,牡,4,56.0,480,-1,寺島憂,吉田正,,6,2:19.7,43.8,8-8-8-8,7,480,-1
2023/09/19,浦和,12,サファイア特別Ｃ３選抜馬,2000,ダ,左,良,晴,11,8,10,シェナハート,牝,4,50.0,414,3,中島良,冨田敏,,7,2:19.8,43.7,9-9-9-10,10,414,3
2023/09/19,浦和,12,サファイア特別Ｃ３選抜馬,2000,ダ,左,良,晴,11,6,6,シークレットギア,牡,5,56.0,493,2,加藤和,薮口一,,8,2:20.0,45.9,2-1-4-5,3,493,2
2023/09/19,浦和,12,サファイア特別Ｃ３選抜馬,2000,ダ,左,良,晴,11,5,5,セイウンミレイア,牝,6,54.0,467,1,國分祐,冨田敏,,9,2:20.3,44.6,7-7-7-6,8,467,1
2023/09/19,浦和,12,サファイア特別Ｃ３選抜馬,2000,ダ,左,良,晴,11,7,8,ワイズマンコート,牡,4,56.0,454,1,半澤慶,川島豊,,10,2:20.4,43.1,11-11-11-11,11,454,1
2023/09/19,浦和,12,サファイア特別Ｃ３選抜馬,2000,ダ,左,良,晴,11,4,4,アイスバーグアリー,牝,7,52.0,454,-3,室陽一,酒井一,,11,2:20.9,45.8,1-4-6-9,6,454,-3
2023/09/20,浦和,1,２歳三,1400,ダ,左,良,曇,8,2,2,ストロングブラック,牡,2,54.0,458,0,和田譲,繁田健,,1,1:32.8,41.0,1-1-1-4,1,458,0
2023/09/20,浦和,1,２歳三,1400,ダ,左,良,曇,8,4,4,スマートバローズ,牡,2,54.0,451,-6,笹川翼,繁田健,,2,1:33.1,40.8,6-5-4-2,3,451,-6
2023/09/20,浦和,1,２歳三,1400,ダ,左,良,曇,8,8,8,チイサナイヤリング,牝,2,52.0,439,10,室陽一,小林真,,3,1:33.2,41.0,3-3-5-3,4,439,10
2023/09/20,浦和,1,２歳三,1400,ダ,左,良,曇,8,1,1,シェナテイオー,牡,2,53.0,430,3,七夕裕,冨田敏,,4,1:33.3,39.6,7-7-7-6,7,430,3
2023/09/20,浦和,1,２歳三,1400,ダ,左,良,曇,8,7,7,ブレイブハート,牡,2,54.0,444,5,山口達,林正人,,5,1:33.4,41.2,5-6-2-5,2,444,5
2023/09/20,浦和,1,２歳三,1400,ダ,左,良,曇,8,6,6,ビナミトー,牝,2,54.0,444,-18,藤江渉,酒井一,,6,1:34.0,42.0,2-2-3-1,5,444,-18
2023/09/20,浦和,1,２歳三,1400,ダ,左,良,曇,8,5,5,ギガフォルス,牡,2,54.0,453,-2,岡田大,薮口一,,7,1:34.3,42.0,4-4-6-7,8,453,-2
2023/09/20,浦和,1,２歳三,1400,ダ,左,良,曇,8,3,3,アフィナージュ,牝,2,54.0,393,-4,西啓太,藤原智,,8,1:35.7,41.6,8-8-8-8,6,393,-4
2023/09/20,浦和,2,ランチタイムチャレンジＣ３五 六,1400,ダ,左,良,曇,9,8,9,ユメノハジマリ,牝,7,52.0,488,3,室陽一,水野貴,,1,1:29.7,39.9,1-1-1-1,1,488,3
2023/09/20,浦和,2,ランチタイムチャレンジＣ３五 六,1400,ダ,左,良,曇,9,6,6,フォガラ,牝,6,53.0,450,-5,菅原涼,小久智,,2,1:30.0,39.0,2-2-2-2,2,450,-5
2023/09/20,浦和,2,ランチタイムチャレンジＣ３五 六,1400,ダ,左,良,曇,9,3,3,プチポワン,牝,7,52.0,476,10,木間龍,矢野義,,3,1:32.1,39.3,6-6-6-6,4,476,10
2023/09/20,浦和,2,ランチタイムチャレンジＣ３五 六,1400,ダ,左,良,曇,9,5,5,プリュイ,牡,5,56.0,417,-8,加藤和,薮口一,,4,1:32.4,40.8,3-4-4-3,3,417,-8
2023/09/20,浦和,2,ランチタイムチャレンジＣ３五 六,1400,ダ,左,良,曇,9,2,2,ラウズアップ,牡,7,56.0,425,5,本橋孝,海馬司,,5,1:32.6,39.8,7-7-5-4,5,425,5
2023/09/20,浦和,2,ランチタイムチャレンジＣ３五 六,1400,ダ,左,良,曇,9,7,7,スマイルジーニアス,セ,0,56.0,497,-1,山崎誠,鹿沼和,,6,1:33.6,42.4,4-3-3-5,6,497,-1
2023/09/20,浦和,2,ランチタイムチャレンジＣ３五 六,1400,ダ,左,良,曇,9,1,1,レーダーベクター,牡,4,54.0,460,2,及川烈,川村守,,7,1:36.1,42.2,9-8-8-8,7,460,2
2023/09/20,浦和,2,ランチタイムチャレンジＣ３五 六,1400,ダ,左,良,曇,9,4,4,スクリームイーグル,セ,0,52.0,445,-1,中島良,酒井一,,8,1:37.8,44.5,5-5-7-7,8,445,-1
2023/09/20,浦和,2,ランチタイムチャレンジＣ３五 六,1400,ダ,左,良,曇,9,8,8,メイショウコウヨウ,牝,4,54.0,448,-4,高橋哲,川村守,,9,1:38.6,43.9,8-9-9-9,9,448,-4
2023/09/20,浦和,3,２歳二,1400,ダ,左,良,曇,6,1,1,アニモ,牝,2,54.0,417,-1,保園翔,岡田一,,1,1:31.2,40.5,3-3-2-1,1,417,-1
2023/09/20,浦和,3,２歳二,1400,ダ,左,良,曇,6,3,3,リブートパワー,牡,2,54.0,444,1,加藤和,薮口一,,2,1:31.7,41.2,1-1-1-1,2,444,1
2023/09/20,浦和,3,２歳二,1400,ダ,左,良,曇,6,2,2,デーレーディーバ,牝,2,53.0,441,-7,新原周,鈴木義,,3,1:31.7,40.9,5-4-3-3,3,441,-7
2023/09/20,浦和,3,２歳二,1400,ダ,左,良,曇,6,4,4,ユウユウアイリス,牝,2,52.0,424,-4,及川烈,横山保,,4,1:32.5,41.1,6-6-5-4,5,424,-4
2023/09/20,浦和,3,２歳二,1400,ダ,左,良,曇,6,6,6,ユウユウプルニーマ,牝,2,54.0,427,2,秋元耕,横山保,,5,1:32.5,40.9,4-5-6-5,4,427,2
2023/09/20,浦和,3,２歳二,1400,ダ,左,良,曇,6,5,5,アークジャック,牡,2,54.0,459,-7,高橋哲,水野貴,,6,1:34.9,44.3,2-2-4-6,6,459,-7
2023/09/20,浦和,4,３歳三,1500,ダ,左,良,曇,12,6,7,トーセンジニアール,牡,3,56.0,420,-1,笹川翼,小久智,,1,1:38.0,39.1,7-5-2-2,2,420,-1
2023/09/20,浦和,4,３歳三,1500,ダ,左,良,曇,12,7,10,エドノスマイル,牡,3,56.0,441,-1,和田譲,宇野博,,2,1:38.1,39.4,3-3-1-1,1,441,-1
2023/09/20,浦和,4,３歳三,1500,ダ,左,良,曇,12,3,3,ウィンターソング,牝,3,54.0,457,-1,秋元耕,入口由,,3,1:39.1,40.4,2-2-3-3,11,457,-1
2023/09/20,浦和,4,３歳三,1500,ダ,左,良,曇,12,4,4,エスケイキャット,牝,3,54.0,437,0,山口達,林正人,,4,1:39.9,39.3,11-11-8-5,3,437,0
2023/09/20,浦和,4,３歳三,1500,ダ,左,良,曇,12,6,8,ハイボールガール,牝,3,54.0,428,7,藤江渉,箕輪武,,5,1:40.6,40.9,9-8-7-7,6,428,7
2023/09/20,浦和,4,３歳三,1500,ダ,左,良,曇,12,7,9,イェスマイラブ,牝,3,54.0,497,-11,山崎誠,玉井昇,,6,1:40.7,41.6,4-4-5-6,4,497,-11
2023/09/20,浦和,4,３歳三,1500,ダ,左,良,曇,12,2,2,モモアカ,牝,3,54.0,411,5,岡田大,川村守,,7,1:40.9,42.2,1-1-4-4,7,411,5
2023/09/20,浦和,4,３歳三,1500,ダ,左,良,曇,12,5,6,ビナダラット,牝,3,54.0,449,1,保園翔,酒井一,,8,1:40.9,41.6,5-6-6-8,9,449,1
2023/09/20,浦和,4,３歳三,1500,ダ,左,良,曇,12,5,5,ハッサクサン,牝,3,54.0,476,-1,高橋哲,水野貴,,9,1:41.7,40.5,12-12-12-11,10,476,-1
2023/09/20,浦和,4,３歳三,1500,ダ,左,良,曇,12,1,1,ゴールドバニー,牝,3,54.0,484,4,吉原寛,野口孝,,10,1:41.9,41.6,8-9-10-10,5,484,4
2023/09/20,浦和,4,３歳三,1500,ダ,左,良,曇,12,8,11,エマーブルクラス,牝,3,54.0,446,5,吉留孝,薮口一,,11,1:42.0,42.1,6-7-9-9,12,446,5
2023/09/20,浦和,4,３歳三,1500,ダ,左,良,曇,12,8,12,スタータマチャン,牝,3,54.0,505,0,山中悠,川村守,,12,1:42.3,41.7,10-10-11-12,8,505,0
2023/09/20,浦和,5,Ｃ３五 六,1400,ダ,左,良,晴,11,1,1,サンボールダー,牝,4,54.0,482,-3,保園翔,川村守,,1,1:32.2,41.0,4-3-3-3,6,482,-3
2023/09/20,浦和,5,Ｃ３五 六,1400,ダ,左,良,晴,11,5,5,マッシュブライト,牝,5,54.0,473,2,岡田大,酒井一,,2,1:32.6,41.1,8-7-5-4,8,473,2
2023/09/20,浦和,5,Ｃ３五 六,1400,ダ,左,良,晴,11,6,7,アナハ,牝,6,50.0,420,2,中島良,川島豊,,3,1:32.7,40.6,9-11-9-5,2,420,2
2023/09/20,浦和,5,Ｃ３五 六,1400,ダ,左,良,晴,11,3,3,カフェダイナスティ,セ,0,55.0,492,-4,七夕裕,箕輪武,,4,1:32.8,41.6,3-4-4-6,1,492,-4
2023/09/20,浦和,5,Ｃ３五 六,1400,ダ,左,良,晴,11,2,2,ホノノルーカ,牝,5,54.0,432,-2,櫻井光,野口寛,,5,1:32.8,42.0,1-1-1-2,5,432,-2
2023/09/20,浦和,5,Ｃ３五 六,1400,ダ,左,良,晴,11,4,4,キタマクフィー,牝,5,54.0,445,0,半澤慶,鹿沼和,,6,1:32.8,41.8,2-2-2-1,3,445,0
2023/09/20,浦和,5,Ｃ３五 六,1400,ダ,左,良,晴,11,8,10,ニシノマッハ,牡,9,56.0,461,-3,國分祐,吉田正,,7,1:32.9,41.4,7-6-6-7,11,461,-3
2023/09/20,浦和,5,Ｃ３五 六,1400,ダ,左,良,晴,11,7,9,アストロメアリー,牝,4,52.0,396,-2,及川烈,長谷忍,,8,1:33.7,41.8,10-10-8-8,7,396,-2
2023/09/20,浦和,5,Ｃ３五 六,1400,ダ,左,良,晴,11,6,6,メイショウイヤサカ,牝,7,54.0,460,2,秋元耕,海馬司,,9,1:33.9,41.8,6-8-10-9,9,460,2
2023/09/20,浦和,5,Ｃ３五 六,1400,ダ,左,良,晴,11,8,11,ショウイモン,牝,6,54.0,422,4,高橋哲,内野健,,10,1:34.4,43.2,5-5-6-10,10,422,4
2023/09/20,浦和,5,Ｃ３五 六,1400,ダ,左,良,晴,11,7,8,フェスタフォンテン,牝,5,52.0,468,-18,木間龍,矢内博,,11,1:34.4,42.3,11-9-11-11,4,468,-18
2023/09/20,浦和,6,浦和８００ラウンドＣ２Ｃ３選抜馬,800,ダ,左,良,晴,8,3,3,スプリングローズ,牝,5,55.0,440,-5,笹川翼,小久智,,1,0:48.0,36.2,1-1,3,440,-5
2023/09/20,浦和,6,浦和８００ラウンドＣ２Ｃ３選抜馬,800,ダ,左,良,晴,8,8,8,クラフェニックス,牝,5,55.0,470,-4,秋元耕,藤原智,,2,0:48.2,36.0,4-4,5,470,-4
2023/09/20,浦和,6,浦和８００ラウンドＣ２Ｃ３選抜馬,800,ダ,左,良,晴,8,4,4,アカルイスモウブ,牝,4,55.0,434,1,岡田大,冨田敏,,3,0:48.5,36.5,2-2,4,434,1
2023/09/20,浦和,6,浦和８００ラウンドＣ２Ｃ３選抜馬,800,ダ,左,良,晴,8,5,5,トワイライトドレス,牝,4,53.0,498,-3,室陽一,宇野博,,4,0:48.5,36.0,7-6,2,498,-3
2023/09/20,浦和,6,浦和８００ラウンドＣ２Ｃ３選抜馬,800,ダ,左,良,晴,8,1,1,アナマリー,牝,5,53.0,458,-1,橋本直,平山真,,5,0:48.5,36.0,5-5,6,458,-1
2023/09/20,浦和,6,浦和８００ラウンドＣ２Ｃ３選抜馬,800,ダ,左,良,晴,8,2,2,クウェンヤ,牝,5,55.0,409,4,半澤慶,工藤伸,,6,0:48.5,36.3,3-3,7,409,4
2023/09/20,浦和,6,浦和８００ラウンドＣ２Ｃ３選抜馬,800,ダ,左,良,晴,8,7,7,フリブール,牝,5,55.0,462,1,保園翔,内野健,,7,0:48.7,36.2,6-7,1,462,1
2023/09/20,浦和,6,浦和８００ラウンドＣ２Ｃ３選抜馬,800,ダ,左,良,晴,8,6,6,ジュニパーダンス,牝,5,55.0,425,-4,櫻井光,海馬司,,8,0:48.9,36.4,8-8,8,425,-4
2023/09/20,浦和,7,浦和８００ラウンドＣ２選抜馬,800,ダ,左,良,晴,11,2,2,ロマンスピネル,牝,6,54.0,456,-1,臼井健,山中尊,,1,0:48.0,35.8,1-1,1,456,-1
2023/09/20,浦和,7,浦和８００ラウンドＣ２選抜馬,800,ダ,左,良,晴,11,6,6,ピースリアン,牡,6,55.0,496,-4,七夕裕,横山保,,2,0:48.2,36.0,2-2,4,496,-4
2023/09/20,浦和,7,浦和８００ラウンドＣ２選抜馬,800,ダ,左,良,晴,11,4,4,ソーサレス,牝,4,54.0,477,-1,山中悠,小澤宏,,3,0:48.5,36.1,5-5,5,477,-1
2023/09/20,浦和,7,浦和８００ラウンドＣ２選抜馬,800,ダ,左,良,晴,11,8,10,カシノリカバリー,牝,4,54.0,475,1,和田譲,野口寛,,4,0:48.8,36.5,3-3,7,475,1
2023/09/20,浦和,7,浦和８００ラウンドＣ２選抜馬,800,ダ,左,良,晴,11,8,11,パレルモフレイバー,牝,4,54.0,472,-7,戸崎圭,繁田健,,5,0:48.9,36.6,6-6,2,472,-7
2023/09/20,浦和,7,浦和８００ラウンドＣ２選抜馬,800,ダ,左,良,晴,11,1,1,カラドボルグ,牡,5,56.0,486,-2,岡田大,吉田正,,6,0:49.4,37.2,4-4,9,486,-2
2023/09/20,浦和,7,浦和８００ラウンドＣ２選抜馬,800,ダ,左,良,晴,11,3,3,リトルエイト,牝,7,50.0,446,-1,中島良,山崎尋,,7,0:49.5,36.9,7-7,8,446,-1
2023/09/20,浦和,7,浦和８００ラウンドＣ２選抜馬,800,ダ,左,良,晴,11,5,5,カゲカツ,牡,9,54.0,516,12,室陽一,長谷忍,,8,0:49.8,36.3,9-9,10,516,12
2023/09/20,浦和,7,浦和８００ラウンドＣ２選抜馬,800,ダ,左,良,晴,11,6,7,ベイビーアッシュ,牡,5,54.0,519,-6,及川烈,小澤宏,,9,0:50.0,36.4,10-10,6,519,-6
2023/09/20,浦和,7,浦和８００ラウンドＣ２選抜馬,800,ダ,左,良,晴,11,7,9,サハラントアジア,牝,4,54.0,473,2,保園翔,内野健,,10,0:50.4,37.4,8-8,11,473,2
2023/09/20,浦和,7,浦和８００ラウンドＣ２選抜馬,800,ダ,左,良,晴,11,7,8,ゲブレセラシエ,セ,0,56.0,500,-12,笹川翼,小久智,,11,0:51.8,38.7,11-11,3,500,-12
2023/09/20,浦和,8,祝２０周年！鴻巣びっくりひな祭り賞Ｃ１六,1500,ダ,左,良,曇,10,3,3,レコパンマミー,牝,3,51.0,468,2,及川烈,箕輪武,,1,1:38.1,39.1,6-6-4-1,1,468,2
2023/09/20,浦和,8,祝２０周年！鴻巣びっくりひな祭り賞Ｃ１六,1500,ダ,左,良,曇,10,8,10,リバースイート,牝,3,51.0,429,-3,木間龍,齊藤敏,,2,1:38.4,39.4,7-8-5-2,5,429,-3
2023/09/20,浦和,8,祝２０周年！鴻巣びっくりひな祭り賞Ｃ１六,1500,ダ,左,良,曇,10,6,6,ダプネマリン,牝,3,53.0,410,4,橋本直,入口由,,3,1:39.8,40.3,9-9-9-6,10,410,4
2023/09/20,浦和,8,祝２０周年！鴻巣びっくりひな祭り賞Ｃ１六,1500,ダ,左,良,曇,10,4,4,ブルベアヴェルデ,牡,7,56.0,471,-7,吉留孝,藤原智,,4,1:39.8,40.8,5-5-7-8,9,471,-7
2023/09/20,浦和,8,祝２０周年！鴻巣びっくりひな祭り賞Ｃ１六,1500,ダ,左,良,曇,10,2,2,ティーズロック,牡,4,56.0,519,-4,高橋哲,水野貴,,5,1:39.9,40.7,4-4-8-9,3,519,-4
2023/09/20,浦和,8,祝２０周年！鴻巣びっくりひな祭り賞Ｃ１六,1500,ダ,左,良,曇,10,7,8,ビーマジカル,牝,4,54.0,442,-4,町田直,野口孝,,6,1:39.9,41.2,3-3-3-4,4,442,-4
2023/09/20,浦和,8,祝２０周年！鴻巣びっくりひな祭り賞Ｃ１六,1500,ダ,左,良,曇,10,7,7,ウインカーマイン,牡,7,56.0,451,4,秋元耕,川島豊,,7,1:39.9,39.8,10-10-10-10,8,451,4
2023/09/20,浦和,8,祝２０周年！鴻巣びっくりひな祭り賞Ｃ１六,1500,ダ,左,良,曇,10,5,5,ゲンパチカガヤキ,牡,8,56.0,495,4,保園翔,小澤宏,,8,1:40.7,41.7,8-7-6-5,7,495,4
2023/09/20,浦和,8,祝２０周年！鴻巣びっくりひな祭り賞Ｃ１六,1500,ダ,左,良,曇,10,8,9,シルバーペコ,牝,4,54.0,489,-8,和田譲,酒井一,,9,1:41.5,43.0,2-2-2-7,6,489,-8
2023/09/20,浦和,8,祝２０周年！鴻巣びっくりひな祭り賞Ｃ１六,1500,ダ,左,良,曇,10,1,1,アンジュルミエール,牝,3,53.0,486,2,森泰斗,小久智,,10,1:41.8,43.4,1-1-1-3,2,486,2
2023/09/20,浦和,9,空の日特別Ｃ２一,1500,ダ,左,重,雨,8,3,3,ブルーインサニティ,セ,0,56.0,506,4,半澤慶,工藤伸,,1,1:34.6,37.7,5-4-1-1,4,506,4
2023/09/20,浦和,9,空の日特別Ｃ２一,1500,ダ,左,重,雨,8,1,1,チャリタブルソート,牡,4,56.0,537,-7,森泰斗,野口孝,,2,1:35.3,38.1,3-5-4-3,3,537,-7
2023/09/20,浦和,9,空の日特別Ｃ２一,1500,ダ,左,重,雨,8,4,4,スイフトマリー,牝,4,54.0,386,-2,岡村健,酒井一,,3,1:35.7,38.1,7-8-7-4,6,386,-2
2023/09/20,浦和,9,空の日特別Ｃ２一,1500,ダ,左,重,雨,8,2,2,メラスクリオス,牝,4,52.0,445,-7,室陽一,宇野博,,4,1:35.9,39.0,1-1-2-2,5,445,-7
2023/09/20,浦和,9,空の日特別Ｃ２一,1500,ダ,左,重,雨,8,8,8,カシノペルル,牡,4,56.0,499,-1,岡田大,鹿沼和,,5,1:36.0,38.6,8-7-5-5,7,499,-1
2023/09/20,浦和,9,空の日特別Ｃ２一,1500,ダ,左,重,雨,8,5,5,ミメウルワシ,牝,8,50.0,449,5,中島良,海馬司,,6,1:36.6,39.2,6-6-8-8,8,449,5
2023/09/20,浦和,9,空の日特別Ｃ２一,1500,ダ,左,重,雨,8,6,6,デイスター,牡,6,56.0,456,-4,山崎誠,宇野博,,7,1:37.3,40.1,2-2-6-7,1,456,-4
2023/09/20,浦和,9,空の日特別Ｃ２一,1500,ダ,左,重,雨,8,7,7,ロジマスタング,牝,4,54.0,476,-2,橋本直,平山真,,8,1:37.3,40.3,4-3-3-6,2,476,-2
2023/09/20,浦和,10,紅葉月特別Ｂ３二,1400,ダ,左,不良,雨,8,3,3,ワラ,牡,3,55.0,442,0,笹川翼,水野貴,,1,1:26.7,37.2,4-4-4-2,2,442,0
2023/09/20,浦和,10,紅葉月特別Ｂ３二,1400,ダ,左,不良,雨,8,5,5,ローザロード,牝,4,54.0,449,-5,森泰斗,小久智,,2,1:27.1,38.2,1-1-1-1,1,449,-5
2023/09/20,浦和,10,紅葉月特別Ｂ３二,1400,ダ,左,不良,雨,8,8,8,プレストエンジェル,牝,4,54.0,466,7,山中悠,佐々清,,3,1:27.2,38.0,3-3-2-3,3,466,7
2023/09/20,浦和,10,紅葉月特別Ｂ３二,1400,ダ,左,不良,雨,8,1,1,クマサンニデアッタ,牝,5,54.0,476,-3,半澤慶,小林真,,4,1:27.8,37.9,7-7-5-6,5,476,-3
2023/09/20,浦和,10,紅葉月特別Ｂ３二,1400,ダ,左,不良,雨,8,6,6,エスケントバゴ,牡,4,56.0,453,-5,橋本直,平山真,,5,1:28.0,38.1,6-5-5-5,7,453,-5
2023/09/20,浦和,10,紅葉月特別Ｂ３二,1400,ダ,左,不良,雨,8,7,7,デルタ,牝,6,54.0,445,0,吉原寛,岡田一,,5,1:28.0,39.0,2-2-3-4,4,445,0
2023/09/20,浦和,10,紅葉月特別Ｂ３二,1400,ダ,左,不良,雨,8,4,4,アポロダーウィン,牡,6,56.0,513,-6,保園翔,内野健,,7,1:28.3,38.0,8-8-7-7,6,513,-6
2023/09/20,浦和,10,紅葉月特別Ｂ３二,1400,ダ,左,不良,雨,8,2,2,シグラップリンリン,牝,8,53.0,452,2,七夕裕,平山真,,8,1:30.8,40.4,5-6-8-8,8,452,2
2023/09/20,浦和,11,テレ玉杯オーバルスプリントJpnIII,1400,ダ,左,不良,雨,10,4,4,ドライスタウト,牡,4,54.0,523,-5,戸崎圭,牧浦充,,1,1:25.7,37.7,3-3-3-2,1,523,-5
2023/09/20,浦和,11,テレ玉杯オーバルスプリントJpnIII,1400,ダ,左,不良,雨,10,3,3,スマイルウィ,牡,6,54.0,561,5,吉原寛,張田京,,2,1:25.8,38.0,2-2-2-1,2,561,5
2023/09/20,浦和,11,テレ玉杯オーバルスプリントJpnIII,1400,ダ,左,不良,雨,10,8,9,オーロラテソーロ,牡,6,55.0,509,4,川田将,畠山吉,,3,1:26.5,38.1,5-5-4-4,3,509,4
2023/09/20,浦和,11,テレ玉杯オーバルスプリントJpnIII,1400,ダ,左,不良,雨,10,8,10,リコーシーウルフ,牡,6,54.0,515,4,今野忠,荒山勝,,4,1:26.7,38.3,6-6-5-6,8,515,4
2023/09/20,浦和,11,テレ玉杯オーバルスプリントJpnIII,1400,ダ,左,不良,雨,10,7,7,アポロビビ,牡,7,54.0,460,0,御神訓,小久智,,5,1:26.7,37.7,10-9-9-7,6,460,0
2023/09/20,浦和,11,テレ玉杯オーバルスプリントJpnIII,1400,ダ,左,不良,雨,10,2,2,ラプタス,セ,0,57.0,470,9,幸英明,松永昌,,6,1:26.8,39.2,1-1-1-3,4,470,9
2023/09/20,浦和,11,テレ玉杯オーバルスプリントJpnIII,1400,ダ,左,不良,雨,10,5,5,サダムスキャット,牝,6,52.0,468,-7,笠野雄,稲益貴,,7,1:27.2,38.6,7-7-7-5,10,468,-7
2023/09/20,浦和,11,テレ玉杯オーバルスプリントJpnIII,1400,ダ,左,不良,雨,10,7,8,テイエムサウスダン,牡,6,56.0,539,2,内田博,蛯名正,,8,1:27.4,38.7,8-8-8-8,5,539,2
2023/09/20,浦和,11,テレ玉杯オーバルスプリントJpnIII,1400,ダ,左,不良,雨,10,6,6,エコロファルコン,牡,5,54.0,499,-1,和田譲,保利平,,9,1:28.1,38.6,9-10-10-10,7,499,-1
2023/09/20,浦和,11,テレ玉杯オーバルスプリントJpnIII,1400,ダ,左,不良,雨,10,1,1,クラティアラ,牝,3,50.0,477,3,室陽一,藤原智,,10,1:28.1,39.7,4-4-6-9,9,477,3
2023/09/20,浦和,12,秋晴特別Ｂ３Ｃ１選抜馬,2000,ダ,左,不良,雨,12,8,12,ブルースウェード,牝,5,53.0,441,-6,保園翔,水野貴,,1,2:11.3,40.3,1-1-1-1,9,441,-6
2023/09/20,浦和,12,秋晴特別Ｂ３Ｃ１選抜馬,2000,ダ,左,不良,雨,12,2,2,ハクサントップ,牡,5,57.0,479,5,澤田龍,矢野義,,2,2:11.8,39.2,7-7-5-4,4,479,5
2023/09/20,浦和,12,秋晴特別Ｂ３Ｃ１選抜馬,2000,ダ,左,不良,雨,12,3,3,サイレントウルフ,牡,3,56.0,519,3,川島正,張田京,,3,2:11.8,40.1,5-5-2-2,2,519,3
2023/09/20,浦和,12,秋晴特別Ｂ３Ｃ１選抜馬,2000,ダ,左,不良,雨,12,4,4,ジオパークマグマ,牡,5,55.0,466,1,秋元耕,川島豊,,4,2:12.3,39.1,9-9-7-7,7,466,1
2023/09/20,浦和,12,秋晴特別Ｂ３Ｃ１選抜馬,2000,ダ,左,不良,雨,12,7,9,エーススパークル,牡,4,53.0,480,1,中島良,小澤宏,,5,2:12.3,40.7,3-3-3-3,5,480,1
2023/09/20,浦和,12,秋晴特別Ｂ３Ｃ１選抜馬,2000,ダ,左,不良,雨,12,5,5,エールプレジール,セ,0,57.0,486,6,岡村健,玉井昇,,6,2:12.6,39.3,10-10-10-10,3,486,6
2023/09/20,浦和,12,秋晴特別Ｂ３Ｃ１選抜馬,2000,ダ,左,不良,雨,12,8,11,オーケーパッション,牝,5,55.0,484,13,笹川翼,小久智,,7,2:12.8,41.4,2-2-4-5,1,484,13
2023/09/20,浦和,12,秋晴特別Ｂ３Ｃ１選抜馬,2000,ダ,左,不良,雨,12,6,7,メイショウクラーク,セ,0,55.0,433,12,半澤慶,宇野博,,8,2:12.9,39.7,8-8-8-8,6,433,12
2023/09/20,浦和,12,秋晴特別Ｂ３Ｃ１選抜馬,2000,ダ,左,不良,雨,12,1,1,ログハウス,牝,8,53.0,488,1,橋本直,平山真,,9,2:13.0,40.8,4-4-6-6,10,488,1
2023/09/20,浦和,12,秋晴特別Ｂ３Ｃ１選抜馬,2000,ダ,左,不良,雨,12,5,6,フクノラヴァル,牡,4,55.0,493,-5,達城龍,工藤伸,,10,2:13.0,39.5,12-11-11-9,8,493,-5
2023/09/20,浦和,12,秋晴特別Ｂ３Ｃ１選抜馬,2000,ダ,左,不良,雨,12,7,10,シェナストーン,牡,3,54.0,430,-5,見越彬,吉田正,,11,2:14.4,40.3,11-12-12-12,12,430,-5
2023/09/20,浦和,12,秋晴特別Ｂ３Ｃ１選抜馬,2000,ダ,左,不良,雨,12,6,8,ローゼシュティア,牝,4,51.0,469,5,及川烈,野口寛,,12,2:14.4,41.2,6-6-9-11,11,469,5
2023/09/21,浦和,1,３歳四,1400,ダ,左,不良,曇,10,8,9,アモフリューゲル,牝,3,54.0,450,8,山崎誠,小澤宏,,1,1:30.8,39.5,2-2-1-1,1,450,8
2023/09/21,浦和,1,３歳四,1400,ダ,左,不良,曇,10,1,1,ラニーズグレイス,牝,3,54.0,468,0,澤田龍,工藤伸,,2,1:31.4,39.9,5-5-3-3,4,468,0
2023/09/21,浦和,1,３歳四,1400,ダ,左,不良,曇,10,5,5,タイムトラベラー,牡,3,54.0,467,-6,及川烈,吉田正,,3,1:31.6,39.4,9-9-6-5,3,467,-6
2023/09/21,浦和,1,３歳四,1400,ダ,左,不良,曇,10,8,10,シールドメイデン,牝,3,54.0,464,-3,秋元耕,酒井一,,4,1:31.6,40.1,3-3-4-4,8,464,-3
2023/09/21,浦和,1,３歳四,1400,ダ,左,不良,曇,10,7,7,シャインルージュ,牝,3,54.0,502,8,岡田大,入口由,,5,1:31.6,40.3,1-1-1-2,2,502,8
2023/09/21,浦和,1,３歳四,1400,ダ,左,不良,曇,10,7,8,リワードノンノ,牝,3,54.0,515,0,山中悠,宇野博,,6,1:31.6,39.4,6-6-9-7,5,515,0
2023/09/21,浦和,1,３歳四,1400,ダ,左,不良,曇,10,4,4,クインズカヤノヒメ,牝,3,54.0,476,10,藤江渉,横山保,,7,1:32.7,41.0,8-7-5-6,10,476,10
2023/09/21,浦和,1,３歳四,1400,ダ,左,不良,曇,10,3,3,ハニーフラッシュ,牝,3,53.0,406,-1,七夕裕,海馬司,,8,1:32.9,40.8,7-8-7-8,6,406,-1
2023/09/21,浦和,1,３歳四,1400,ダ,左,不良,曇,10,2,2,シェナカンザシ,牝,3,54.0,464,-3,國分祐,冨田敏,,9,1:33.2,40.2,10-10-10-10,9,464,-3
2023/09/21,浦和,1,３歳四,1400,ダ,左,不良,曇,10,6,6,シェナリオン,牡,3,52.0,442,5,中島良,冨田敏,,10,1:33.5,41.6,4-4-8-9,7,442,5
2023/09/21,浦和,2,ランチタイムチャレンジＣ３三 四,1400,ダ,左,不良,曇,12,6,8,オールドボンバー,牡,7,55.0,494,6,七夕裕,横山保,,1,1:31.5,41.1,3-3-2-1,9,494,6
2023/09/21,浦和,2,ランチタイムチャレンジＣ３三 四,1400,ダ,左,不良,曇,12,4,4,シンキングロマンス,牝,4,54.0,436,2,岡田大,川村守,,2,1:31.7,41.2,6-5-4-4,3,436,2
2023/09/21,浦和,2,ランチタイムチャレンジＣ３三 四,1400,ダ,左,不良,曇,12,8,11,キミノナハ,牝,5,54.0,453,-1,加藤和,長谷忍,,3,1:31.8,41.3,7-7-5-2,1,453,-1
2023/09/21,浦和,2,ランチタイムチャレンジＣ３三 四,1400,ダ,左,不良,曇,12,7,10,ピッコロバンビーナ,牝,4,54.0,464,-1,岡村健,酒井一,,4,1:33.0,42.4,5-6-6-5,4,464,-1
2023/09/21,浦和,2,ランチタイムチャレンジＣ３三 四,1400,ダ,左,不良,曇,12,1,1,マリアフィナーレ,牝,6,54.0,442,-5,見越彬,小林真,,5,1:33.2,43.2,1-1-1-3,6,442,-5
2023/09/21,浦和,2,ランチタイムチャレンジＣ３三 四,1400,ダ,左,不良,曇,12,3,3,ナツィオナーレ,牝,8,52.0,431,-3,及川烈,野口孝,,6,1:33.5,40.7,10-10-10-9,2,431,-3
2023/09/21,浦和,2,ランチタイムチャレンジＣ３三 四,1400,ダ,左,不良,曇,12,5,6,ゴッドデサフィオ,牡,5,56.0,430,-7,秋元耕,鹿沼和,,7,1:33.5,41.5,9-9-9-10,10,430,-7
2023/09/21,浦和,2,ランチタイムチャレンジＣ３三 四,1400,ダ,左,不良,曇,12,8,12,フェミニンルック,牝,5,54.0,428,2,池谷匠,内田勝,,8,1:33.8,43.1,4-4-7-7,5,428,2
2023/09/21,浦和,2,ランチタイムチャレンジＣ３三 四,1400,ダ,左,不良,曇,12,6,7,フラッシュサンダー,牝,4,52.0,419,-9,室陽一,藤原智,,9,1:34.0,43.8,2-2-3-6,7,419,-9
2023/09/21,浦和,2,ランチタイムチャレンジＣ３三 四,1400,ダ,左,不良,曇,12,5,5,シェナノララ,牝,4,54.0,436,5,國分祐,冨田敏,,10,1:34.8,41.2,11-11-11-11,11,436,5
2023/09/21,浦和,2,ランチタイムチャレンジＣ３三 四,1400,ダ,左,不良,曇,12,2,2,ハルノトゥーリ,牝,4,54.0,482,-8,吉留孝,薮口一,,11,1:34.8,43.3,8-8-8-8,8,482,-8
2023/09/21,浦和,2,ランチタイムチャレンジＣ３三 四,1400,ダ,左,不良,曇,12,7,9,ベニノエンゼル,牝,6,54.0,0,0,保園翔,海馬司,,,,,,,0,0
2023/09/21,浦和,3,浦和８００ラウンドＣ３選抜馬イ,800,ダ,左,不良,曇,12,7,9,リチェルカータ,牝,6,52.0,467,-15,室陽一,小澤宏,,1,0:48.1,35.7,3-1,1,467,-15
2023/09/21,浦和,3,浦和８００ラウンドＣ３選抜馬イ,800,ダ,左,不良,曇,12,6,8,クレールプリュネル,牝,5,54.0,465,-2,保園翔,海馬司,,2,0:49.3,37.1,2-3,2,465,-2
2023/09/21,浦和,3,浦和８００ラウンドＣ３選抜馬イ,800,ダ,左,不良,曇,12,7,10,トーセンケイト,牝,5,53.0,473,-7,七夕裕,川村守,,3,0:49.3,36.7,4-4,8,473,-7
2023/09/21,浦和,3,浦和８００ラウンドＣ３選抜馬イ,800,ダ,左,不良,曇,12,2,2,ラヴアンドゲーム,牝,6,54.0,476,4,高橋哲,酒井一,,4,0:49.6,37.4,1-2,5,476,4
2023/09/21,浦和,3,浦和８００ラウンドＣ３選抜馬イ,800,ダ,左,不良,曇,12,5,5,ダンストンラソ,牝,8,54.0,434,-3,見越彬,野口孝,,5,0:49.7,36.5,9-8,6,434,-3
2023/09/21,浦和,3,浦和８００ラウンドＣ３選抜馬イ,800,ダ,左,不良,曇,12,5,6,ブライトソール,牡,4,56.0,427,-1,加藤和,薮口一,,6,0:49.7,36.9,5-5,9,427,-1
2023/09/21,浦和,3,浦和８００ラウンドＣ３選抜馬イ,800,ダ,左,不良,曇,12,3,3,ピノゼン,牝,7,51.0,488,-4,所　蛍,野口孝,,7,0:49.8,37.0,7-6,4,488,-4
2023/09/21,浦和,3,浦和８００ラウンドＣ３選抜馬イ,800,ダ,左,不良,曇,12,4,4,パトウォン,牡,4,56.0,568,-2,秋元耕,水野貴,,8,0:50.3,37.5,8-9,3,568,-2
2023/09/21,浦和,3,浦和８００ラウンドＣ３選抜馬イ,800,ダ,左,不良,曇,12,6,7,コウエイダイチ,牡,9,54.0,470,4,及川烈,吉田正,,9,0:50.4,37.6,6-7,10,470,4
2023/09/21,浦和,3,浦和８００ラウンドＣ３選抜馬イ,800,ダ,左,不良,曇,12,1,1,ヘデラ,牝,7,54.0,455,2,吉留孝,箕輪武,,10,0:51.0,37.5,10-10,7,455,2
2023/09/21,浦和,3,浦和８００ラウンドＣ３選抜馬イ,800,ダ,左,不良,曇,12,8,12,シャインルビー,牝,6,54.0,441,-1,半澤慶,川村守,,11,0:52.5,38.2,12-12,12,441,-1
2023/09/21,浦和,3,浦和８００ラウンドＣ３選抜馬イ,800,ダ,左,不良,曇,12,8,11,シェナマジック,牡,4,56.0,427,-1,國分祐,冨田敏,,12,0:52.6,38.5,11-11,11,427,-1
2023/09/21,浦和,4,浦和８００ラウンドＣ３選抜馬ア,800,ダ,左,不良,曇,11,6,7,ツーエムタイガー,牡,5,56.0,471,14,山中悠,小澤宏,,1,0:48.2,35.6,5-4,4,471,14
2023/09/21,浦和,4,浦和８００ラウンドＣ３選抜馬ア,800,ダ,左,不良,曇,11,2,2,シンキングセンティ,牝,4,52.0,462,-3,及川烈,海馬司,,2,0:48.6,36.6,1-1,1,462,-3
2023/09/21,浦和,4,浦和８００ラウンドＣ３選抜馬ア,800,ダ,左,不良,曇,11,7,8,トロワフィーユ,牝,6,54.0,457,6,川島正,野口寛,,3,0:48.9,36.3,6-6,5,457,6
2023/09/21,浦和,4,浦和８００ラウンドＣ３選抜馬ア,800,ダ,左,不良,曇,11,1,1,ウンジョウノメガミ,牝,5,52.0,449,-4,木間龍,入口由,,4,0:48.9,36.9,1-2,6,449,-4
2023/09/21,浦和,4,浦和８００ラウンドＣ３選抜馬ア,800,ダ,左,不良,曇,11,8,10,イノセントソレル,セ,0,56.0,520,-2,山崎誠,宇野博,,5,0:48.9,36.9,4-5,2,520,-2
2023/09/21,浦和,4,浦和８００ラウンドＣ３選抜馬ア,800,ダ,左,不良,曇,11,7,9,ツクバフタツボシ,牝,6,54.0,495,4,保園翔,海馬司,,6,0:48.9,36.9,3-3,3,495,4
2023/09/21,浦和,4,浦和８００ラウンドＣ３選抜馬ア,800,ダ,左,不良,曇,11,5,5,ファンファン,牡,6,54.0,456,5,室陽一,箕輪武,,7,0:49.1,35.9,8-7,7,456,5
2023/09/21,浦和,4,浦和８００ラウンドＣ３選抜馬ア,800,ダ,左,不良,曇,11,8,11,エスケイローレンス,牝,4,54.0,448,-1,國分祐,冨田敏,,8,0:50.0,37.1,9-9,11,448,-1
2023/09/21,浦和,4,浦和８００ラウンドＣ３選抜馬ア,800,ダ,左,不良,曇,11,3,3,ニシノイルマーレ,牝,5,54.0,490,0,岡田大,冨田敏,,9,0:50.0,37.3,7-8,10,490,0
2023/09/21,浦和,4,浦和８００ラウンドＣ３選抜馬ア,800,ダ,左,不良,曇,11,4,4,エスポワールフレア,牝,4,50.0,466,3,中島良,野口孝,,10,0:50.2,36.9,10-10,8,466,3
2023/09/21,浦和,4,浦和８００ラウンドＣ３選抜馬ア,800,ダ,左,不良,曇,11,6,6,シルヴァーイーグル,牡,7,56.0,532,2,藤江渉,岡田一,,11,0:50.7,37.3,11-11,9,532,2
2023/09/21,浦和,5,Ｃ２四 五,1400,ダ,左,不良,曇,8,6,6,モモドリーム,牝,5,54.0,483,4,橋本直,平山真,,1,1:30.7,40.5,1-1-1-1,3,483,4
2023/09/21,浦和,5,Ｃ２四 五,1400,ダ,左,不良,曇,8,5,5,フェアメーゲン,牝,5,54.0,447,7,高橋哲,工藤伸,,2,1:31.2,40.1,5-5-5-3,2,447,7
2023/09/21,浦和,5,Ｃ２四 五,1400,ダ,左,不良,曇,8,3,3,ジョーカイ,牝,5,54.0,476,8,山中悠,小久智,,3,1:31.8,41.0,4-4-4-4,1,476,8
2023/09/21,浦和,5,Ｃ２四 五,1400,ダ,左,不良,曇,8,8,8,ヘーベー,牝,5,54.0,472,-2,保園翔,宇野博,,4,1:31.8,41.4,3-3-2-2,4,472,-2
2023/09/21,浦和,5,Ｃ２四 五,1400,ダ,左,不良,曇,8,4,4,ケイアイマボラ,牡,6,56.0,451,-5,秋元耕,横山保,,5,1:32.4,41.0,7-7-6-6,8,451,-5
2023/09/21,浦和,5,Ｃ２四 五,1400,ダ,左,不良,曇,8,7,7,ネオアンコーラ,牡,4,55.0,482,-1,七夕裕,海馬司,,6,1:32.5,42.1,2-2-3-5,6,482,-1
2023/09/21,浦和,5,Ｃ２四 五,1400,ダ,左,不良,曇,8,1,1,ワンダーヘーヒスト,牡,9,54.0,469,2,及川烈,鈴木勝,,7,1:33.3,40.3,8-8-8-8,7,469,2
2023/09/21,浦和,5,Ｃ２四 五,1400,ダ,左,不良,曇,8,2,2,ホワイトネイル,牝,4,54.0,429,2,半澤慶,藤原智,,8,1:33.4,42.1,6-6-7-7,5,429,2
2023/09/21,浦和,6,Ｊ認 新鋭特別２歳一,1500,ダ,左,不良,曇,7,7,7,サザンウィンド,牝,2,54.0,426,2,高橋哲,小久智,,1,1:37.4,40.1,3-3-1-1,5,426,2
2023/09/21,浦和,6,Ｊ認 新鋭特別２歳一,1500,ダ,左,不良,曇,7,4,4,ビービーゼニット,牡,2,54.0,460,1,山口達,稲益貴,,2,1:37.4,39.9,6-4-4-3,1,460,1
2023/09/21,浦和,6,Ｊ認 新鋭特別２歳一,1500,ダ,左,不良,曇,7,6,6,リュウノメディナ,牡,2,55.0,491,-7,庄司大,齊藤敏,,3,1:37.9,40.6,2-2-1-2,3,491,-7
2023/09/21,浦和,6,Ｊ認 新鋭特別２歳一,1500,ダ,左,不良,曇,7,2,2,ゴールドソニック,牡,2,54.0,486,-2,半澤慶,鹿沼和,,4,1:38.9,41.0,4-5-5-4,6,486,-2
2023/09/21,浦和,6,Ｊ認 新鋭特別２歳一,1500,ダ,左,不良,曇,7,3,3,ティンダルナイン,牝,2,55.0,460,4,山崎誠,小久智,,5,1:39.0,41.7,1-1-3-5,2,460,4
2023/09/21,浦和,6,Ｊ認 新鋭特別２歳一,1500,ダ,左,不良,曇,7,1,1,ノースビクトリー,牝,2,55.0,455,2,本橋孝,齊藤敏,,6,1:40.9,42.4,5-6-6-6,4,455,2
2023/09/21,浦和,6,Ｊ認 新鋭特別２歳一,1500,ダ,左,不良,曇,7,5,5,エルコンドリア,牝,2,50.0,410,-3,中島良,鈴木義,,7,1:43.6,44.9,7-7-7-7,7,410,-3
2023/09/21,浦和,7,浦和×大井　エキサイティングリＣ３三 四,1500,ダ,左,不良,曇,9,7,7,ドローアプローズ,セ,0,54.0,469,-6,及川烈,横山保,,1,1:37.8,39.2,8-6-2-2,2,469,-6
2023/09/21,浦和,7,浦和×大井　エキサイティングリＣ３三 四,1500,ダ,左,不良,曇,9,3,3,ケイティーユイ,牝,5,53.0,450,-5,七夕裕,水野貴,,2,1:38.0,39.7,1-2-1-1,6,450,-5
2023/09/21,浦和,7,浦和×大井　エキサイティングリＣ３三 四,1500,ダ,左,不良,曇,9,6,6,カントナ,牝,6,54.0,407,3,半澤慶,宇野博,,3,1:39.5,40.9,3-3-3-4,5,407,3
2023/09/21,浦和,7,浦和×大井　エキサイティングリＣ３三 四,1500,ダ,左,不良,曇,9,5,5,ピカレスクスマイル,牡,7,56.0,456,-3,増田充,佐々仁,,4,1:39.6,41.0,7-5-4-3,1,456,-3
2023/09/21,浦和,7,浦和×大井　エキサイティングリＣ３三 四,1500,ダ,左,不良,曇,9,4,4,キモンズラブ,牝,9,54.0,459,-1,國分祐,冨田敏,,5,1:40.8,42.0,5-4-6-5,9,459,-1
2023/09/21,浦和,7,浦和×大井　エキサイティングリＣ３三 四,1500,ダ,左,不良,曇,9,1,1,パーティーアニマル,牡,7,56.0,453,-1,高橋哲,海馬司,,6,1:41.4,41.8,6-8-8-7,4,453,-1
2023/09/21,浦和,7,浦和×大井　エキサイティングリＣ３三 四,1500,ダ,左,不良,曇,9,8,8,レジュールウール,牝,5,50.0,468,1,中島良,野口寛,,7,1:41.5,42.4,4-7-7-8,7,468,1
2023/09/21,浦和,7,浦和×大井　エキサイティングリＣ３三 四,1500,ダ,左,不良,曇,9,2,2,シシリアンルージュ,牡,4,56.0,479,-1,秋元耕,薮口一,,8,1:42.1,42.3,9-9-9-9,8,479,-1
2023/09/21,浦和,7,浦和×大井　エキサイティングリＣ３三 四,1500,ダ,左,不良,曇,9,8,9,エイシンキンバリー,牝,5,52.0,433,0,室陽一,小久智,,9,1:42.2,43.8,2-1-5-6,3,433,0
2023/09/21,浦和,8,川幅日本一！鴻巣賞Ｃ２四 五,1500,ダ,左,不良,曇,9,6,6,モンテッソーリ,牝,4,54.0,428,6,山中悠,小澤宏,,1,1:39.2,40.4,3-3-3-1,2,428,6
2023/09/21,浦和,8,川幅日本一！鴻巣賞Ｃ２四 五,1500,ダ,左,不良,曇,9,4,4,キタサンエポナ,牝,4,54.0,442,1,見越彬,繁田健,,2,1:39.6,41.0,2-2-1-2,1,442,1
2023/09/21,浦和,8,川幅日本一！鴻巣賞Ｃ２四 五,1500,ダ,左,不良,曇,9,8,9,リュウノアーダーン,牝,5,54.0,428,2,澤田龍,川村守,,3,1:39.6,40.1,6-6-5-3,3,428,2
2023/09/21,浦和,8,川幅日本一！鴻巣賞Ｃ２四 五,1500,ダ,左,不良,曇,9,1,1,マイネルユヌスール,牡,4,56.0,474,-3,岡田大,横山保,,4,1:40.3,40.4,5-5-6-6,9,474,-3
2023/09/21,浦和,8,川幅日本一！鴻巣賞Ｃ２四 五,1500,ダ,左,不良,曇,9,8,8,ラブリーギャル,牝,7,54.0,497,-4,秋元耕,海馬司,,5,1:40.5,41.3,4-4-4-5,5,497,-4
2023/09/21,浦和,8,川幅日本一！鴻巣賞Ｃ２四 五,1500,ダ,左,不良,曇,9,3,3,ブルベアマイル,牡,6,55.0,456,-2,七夕裕,岡田一,,6,1:41.1,42.6,1-1-2-4,4,456,-2
2023/09/21,浦和,8,川幅日本一！鴻巣賞Ｃ２四 五,1500,ダ,左,不良,曇,9,7,7,ヴィオレントアズル,牡,4,56.0,422,2,橋本直,平山真,,7,1:41.1,40.6,9-9-9-9,8,422,2
2023/09/21,浦和,8,川幅日本一！鴻巣賞Ｃ２四 五,1500,ダ,左,不良,曇,9,5,5,ウイングラドナス,牡,4,56.0,461,1,保園翔,内野健,,8,1:41.7,41.6,8-7-8-8,6,461,1
2023/09/21,浦和,8,川幅日本一！鴻巣賞Ｃ２四 五,1500,ダ,左,不良,曇,9,2,2,ゴールドビンテージ,牡,4,56.0,480,-1,寺島憂,箕輪武,,9,1:42.2,42.1,7-8-7-7,7,480,-1
2023/09/21,浦和,9,特選Ｃ１選抜馬,800,ダ,左,重,曇,11,5,5,ステラセイコー,牝,4,54.0,467,0,高橋哲,水野貴,,1,0:47.3,35.7,1-1,1,467,0
2023/09/21,浦和,9,特選Ｃ１選抜馬,800,ダ,左,重,曇,11,8,11,ラインクロッカス,牝,3,53.0,412,0,秋元耕,小澤宏,,2,0:47.6,35.6,3-3,2,412,0
2023/09/21,浦和,9,特選Ｃ１選抜馬,800,ダ,左,重,曇,11,1,1,ノースプリマ,牝,3,51.0,455,2,木間龍,水野貴,,3,0:47.9,35.2,6-5,7,455,2
2023/09/21,浦和,9,特選Ｃ１選抜馬,800,ダ,左,重,曇,11,3,3,ロードオブイサチル,牝,6,54.0,503,0,山中悠,宇野博,,4,0:48.0,35.8,3-4,4,503,0
2023/09/21,浦和,9,特選Ｃ１選抜馬,800,ダ,左,重,曇,11,7,8,キョウエイカリーナ,牝,3,53.0,471,12,保園翔,小澤宏,,5,0:48.1,35.7,5-6,6,471,12
2023/09/21,浦和,9,特選Ｃ１選抜馬,800,ダ,左,重,曇,11,7,9,ビッグディッパー,牡,9,56.0,542,21,見越彬,小久智,,6,0:48.1,36.3,2-2,5,542,21
2023/09/21,浦和,9,特選Ｃ１選抜馬,800,ダ,左,重,曇,11,8,10,メガバズーカランチ,牝,3,52.0,459,6,七夕裕,工藤伸,,7,0:48.7,35.4,9-9,9,459,6
2023/09/21,浦和,9,特選Ｃ１選抜馬,800,ダ,左,重,曇,11,4,4,ダンシングクライ,牝,3,53.0,482,-1,山崎誠,藤原智,,8,0:48.9,36.5,7-7,3,482,-1
2023/09/21,浦和,9,特選Ｃ１選抜馬,800,ダ,左,重,曇,11,6,6,フウゲツムヘン,牝,4,54.0,449,-8,櫻井光,野口寛,,9,0:49.0,36.5,8-8,8,449,-8
2023/09/21,浦和,9,特選Ｃ１選抜馬,800,ダ,左,重,曇,11,2,2,シナジーエフェクト,牡,3,55.0,482,-3,藤江渉,岡田一,,10,0:50.5,36.4,11-11,10,482,-3
2023/09/21,浦和,9,特選Ｃ１選抜馬,800,ダ,左,重,曇,11,6,7,セイウンゴールド,牡,5,56.0,483,-2,國分祐,吉田正,,11,0:50.6,37.1,10-10,11,483,-2
2023/09/21,浦和,10,テレ玉ＢＡＣＨプラザ特別Ｃ１一,1400,ダ,左,重,曇,9,5,5,ミラクルランバック,牡,4,56.0,529,4,本橋孝,藤原智,,1,1:29.3,38.9,5-5-3-3,6,529,4
2023/09/21,浦和,10,テレ玉ＢＡＣＨプラザ特別Ｃ１一,1400,ダ,左,重,曇,9,8,8,ガンコチャン,牝,4,52.0,478,-1,及川烈,岡田一,,2,1:29.6,40.2,2-2-2-1,5,478,-1
2023/09/21,浦和,10,テレ玉ＢＡＣＨプラザ特別Ｃ１一,1400,ダ,左,重,曇,9,4,4,ブルボンティアラ,牝,4,54.0,423,-4,岡村健,水野貴,,3,1:29.9,39.0,7-7-5-4,7,423,-4
2023/09/21,浦和,10,テレ玉ＢＡＣＨプラザ特別Ｃ１一,1400,ダ,左,重,曇,9,1,1,ヴィスコンティ,セ,0,56.0,499,-4,篠谷葵,山中尊,,4,1:30.1,39.4,6-6-6-5,3,499,-4
2023/09/21,浦和,10,テレ玉ＢＡＣＨプラザ特別Ｃ１一,1400,ダ,左,重,曇,9,8,9,トリプルウイナー,牡,3,55.0,440,0,山崎誠,小久智,,5,1:30.2,40.8,3-3-1-2,1,440,0
2023/09/21,浦和,10,テレ玉ＢＡＣＨプラザ特別Ｃ１一,1400,ダ,左,重,曇,9,3,3,ケンブリッジラテ,牡,5,56.0,501,10,澤田龍,小澤宏,,6,1:30.3,39.9,4-4-4-6,4,501,10
2023/09/21,浦和,10,テレ玉ＢＡＣＨプラザ特別Ｃ１一,1400,ダ,左,重,曇,9,6,6,ナムラタイガー,牡,6,56.0,541,-1,寺島憂,箕輪武,,7,1:34.2,41.4,9-9-8-8,8,541,-1
2023/09/21,浦和,10,テレ玉ＢＡＣＨプラザ特別Ｃ１一,1400,ダ,左,重,曇,9,2,2,マオノウイッシュ,牝,4,54.0,499,7,半澤慶,宇野博,,8,1:34.8,42.3,8-8-9-9,9,499,7
2023/09/21,浦和,10,テレ玉ＢＡＣＨプラザ特別Ｃ１一,1400,ダ,左,重,曇,9,7,7,ムナサワギノツキ,牝,4,54.0,463,-4,橋本直,平山真,,9,1:35.0,45.1,1-1-7-7,2,463,-4
2023/09/21,浦和,11,長月特別Ａ２下,1500,ダ,左,重,曇,12,5,5,ヴァヴィロフ,牡,5,57.0,470,2,岡村健,高月賢,,1,1:34.5,37.8,3-3-1-1,6,470,2
2023/09/21,浦和,11,長月特別Ａ２下,1500,ダ,左,重,曇,12,7,10,セルフメイド,牡,5,55.0,509,7,木間龍,矢野義,,2,1:35.1,38.0,5-6-5-4,7,509,7
2023/09/21,浦和,11,長月特別Ａ２下,1500,ダ,左,重,曇,12,6,7,ブラックオパール,牝,4,53.0,516,0,山崎誠,平山真,,3,1:35.2,37.8,8-8-8-7,1,516,0
2023/09/21,浦和,11,長月特別Ａ２下,1500,ダ,左,重,曇,12,6,8,トーセンインディゴ,牡,5,53.0,474,8,本橋孝,小久智,,4,1:35.2,38.3,4-4-4-3,4,474,8
2023/09/21,浦和,11,長月特別Ａ２下,1500,ダ,左,重,曇,12,4,4,プレストカイザー,牡,5,57.0,475,7,川島正,山下之,,5,1:35.3,38.6,2-2-1-2,5,475,7
2023/09/21,浦和,11,長月特別Ａ２下,1500,ダ,左,重,曇,12,7,9,カールスバート,牡,5,55.0,486,3,保園翔,齊藤敏,,6,1:35.8,38.6,9-7-5-5,3,486,3
2023/09/21,浦和,11,長月特別Ａ２下,1500,ダ,左,重,曇,12,8,11,コスモセイリュウ,牡,6,57.0,497,5,岡田大,入口由,,7,1:37.1,39.2,10-10-9-9,9,497,5
2023/09/21,浦和,11,長月特別Ａ２下,1500,ダ,左,重,曇,12,1,1,タマモイットウセイ,牡,5,55.0,476,3,山中悠,小久智,,8,1:37.2,40.5,1-1-3-6,8,476,3
2023/09/21,浦和,11,長月特別Ａ２下,1500,ダ,左,重,曇,12,3,3,ラインオブフェイト,牝,5,55.0,474,5,澤田龍,新井清,,9,1:37.3,40.1,6-5-7-8,2,474,5
2023/09/21,浦和,11,長月特別Ａ２下,1500,ダ,左,重,曇,12,5,6,アギト,牡,7,55.0,470,-3,吉留孝,小久智,,10,1:37.5,39.8,7-9-10-10,10,470,-3
2023/09/21,浦和,11,長月特別Ａ２下,1500,ダ,左,重,曇,12,8,12,ワンダーイチョウ,牡,5,55.0,489,-5,橋本直,鈴木勝,,11,1:39.1,41.0,11-11-11-11,12,489,-5
2023/09/21,浦和,11,長月特別Ａ２下,1500,ダ,左,重,曇,12,2,2,ナガタブラック,牡,7,55.0,529,1,伊藤裕,岩本洋,,12,1:40.3,41.2,12-12-12-12,11,529,1
2023/09/21,浦和,12,曼珠沙華特別Ｂ３三,1500,ダ,左,重,曇,8,8,8,パールアゲイン,牝,4,53.0,430,7,七夕裕,岡田一,,1,1:35.2,38.2,3-3-3-2,1,430,7
2023/09/21,浦和,12,曼珠沙華特別Ｂ３三,1500,ダ,左,重,曇,8,7,7,ジュース,牝,4,54.0,433,6,山中悠,小久智,,2,1:35.3,38.5,2-2-1-1,2,433,6
2023/09/21,浦和,12,曼珠沙華特別Ｂ３三,1500,ダ,左,重,曇,8,3,3,ミティエラ,牝,4,54.0,500,-4,櫻井光,工藤伸,,3,1:36.0,39.2,1-1-2-3,4,500,-4
2023/09/21,浦和,12,曼珠沙華特別Ｂ３三,1500,ダ,左,重,曇,8,2,2,ブルグミューラー,牡,3,55.0,493,15,山崎誠,小久智,,4,1:37.0,39.5,5-4-5-4,3,493,15
2023/09/21,浦和,12,曼珠沙華特別Ｂ３三,1500,ダ,左,重,曇,8,4,4,リュウノアン,牝,4,54.0,469,3,見越彬,川村守,,5,1:37.5,39.2,7-7-7-7,6,469,3
2023/09/21,浦和,12,曼珠沙華特別Ｂ３三,1500,ダ,左,重,曇,8,1,1,シェナホープ,牡,6,56.0,487,-1,保園翔,吉田正,,6,1:37.5,39.8,6-6-6-5,5,487,-1
2023/09/21,浦和,12,曼珠沙華特別Ｂ３三,1500,ダ,左,重,曇,8,5,5,アイエンジェル,牝,6,52.0,487,0,及川烈,川島豊,,7,1:37.8,40.3,4-5-4-6,7,487,0
2023/09/21,浦和,12,曼珠沙華特別Ｂ３三,1500,ダ,左,重,曇,8,6,6,クロヒョウ,牡,7,56.0,489,-13,藤江渉,八木喜,,8,1:38.8,40.3,8-8-8-8,8,489,-13
2023/09/22,浦和,1,２歳四選抜馬イ,1400,ダ,左,不良,曇,11,7,8,コウユーユケユケ,牝,2,54.0,491,2,張田昂,宇野博,,1,1:33.2,39.5,4-3-3-3,3,491,2
2023/09/22,浦和,1,２歳四選抜馬イ,1400,ダ,左,不良,曇,11,4,4,アルサーフィ,牡,2,53.0,455,1,七夕裕,箕輪武,,2,1:33.2,39.2,3-4-4-4,2,455,1
2023/09/22,浦和,1,２歳四選抜馬イ,1400,ダ,左,不良,曇,11,7,9,ビナサイゴン,牡,2,54.0,493,0,森泰斗,水野貴,,3,1:33.4,39.8,2-2-1-1,1,493,0
2023/09/22,浦和,1,２歳四選抜馬イ,1400,ダ,左,不良,曇,11,8,11,タカイチラブリー,牝,2,54.0,439,-10,加藤和,薮口一,,4,1:33.5,39.9,1-1-2-2,5,439,-10
2023/09/22,浦和,1,２歳四選抜馬イ,1400,ダ,左,不良,曇,11,6,7,ブラウンスウィープ,牡,2,54.0,455,7,保園翔,海馬司,,5,1:34.1,39.9,5-5-5-6,4,455,7
2023/09/22,浦和,1,２歳四選抜馬イ,1400,ダ,左,不良,曇,11,2,2,チョットオトシモノ,牝,2,54.0,435,4,半澤慶,小林真,,6,1:34.1,39.9,10-9-6-5,7,435,4
2023/09/22,浦和,1,２歳四選抜馬イ,1400,ダ,左,不良,曇,11,3,3,リッチレオーネ,牡,2,52.0,437,8,及川烈,長谷忍,,7,1:34.8,40.1,8-6-9-7,8,437,8
2023/09/22,浦和,1,２歳四選抜馬イ,1400,ダ,左,不良,曇,11,6,6,ドケンヤローズ,牝,2,54.0,433,-3,見越彬,野口孝,,8,1:34.9,40.2,9-10-8-8,10,433,-3
2023/09/22,浦和,1,２歳四選抜馬イ,1400,ダ,左,不良,曇,11,1,1,ビキャク,牝,2,52.0,476,5,室陽一,宇野博,,9,1:35.8,40.5,11-11-11-11,6,476,5
2023/09/22,浦和,1,２歳四選抜馬イ,1400,ダ,左,不良,曇,11,5,5,チョウノリノリ,牝,2,54.0,414,0,秋元耕,川村守,,10,1:36.2,41.1,7-8-10-10,8,414,0
2023/09/22,浦和,1,２歳四選抜馬イ,1400,ダ,左,不良,曇,11,8,10,ギサール,牝,2,54.0,396,-16,高橋哲,酒井一,,11,1:36.4,42.1,6-7-7-9,11,396,-16
2023/09/22,浦和,2,特選Ｃ３一 二,1400,ダ,左,不良,曇,9,3,3,コロディア,牝,4,54.0,475,-5,古岡勇,鹿沼和,,1,1:30.8,38.8,1-1-1-1,2,475,-5
2023/09/22,浦和,2,特選Ｃ３一 二,1400,ダ,左,不良,曇,9,8,9,ツーエムロケット,セ,0,56.0,491,8,森泰斗,小澤宏,,2,1:31.5,39.5,2-2-2-2,1,491,8
2023/09/22,浦和,2,特選Ｃ３一 二,1400,ダ,左,不良,曇,9,7,7,ミッドナイトブルー,牝,4,54.0,430,-11,吉留孝,横山保,,3,1:31.7,39.0,8-8-7-6,4,430,-11
2023/09/22,浦和,2,特選Ｃ３一 二,1400,ダ,左,不良,曇,9,5,5,アレアンサンブル,牝,6,54.0,451,-3,伊藤裕,甲田悟,,4,1:31.8,39.5,3-3-3-3,6,451,-3
2023/09/22,浦和,2,特選Ｃ３一 二,1400,ダ,左,不良,曇,9,1,1,フクチャンクイーン,牝,4,54.0,440,-1,保園翔,内野健,,5,1:32.1,39.2,9-9-5-8,8,440,-1
2023/09/22,浦和,2,特選Ｃ３一 二,1400,ダ,左,不良,曇,9,4,4,クー,牝,4,54.0,477,-5,高橋哲,吉田正,,6,1:32.2,39.3,7-7-8-7,7,477,-5
2023/09/22,浦和,2,特選Ｃ３一 二,1400,ダ,左,不良,曇,9,8,8,ポップコーントーン,牝,4,52.0,405,4,室陽一,工藤伸,,7,1:32.5,40.2,5-4-4-5,9,405,4
2023/09/22,浦和,2,特選Ｃ３一 二,1400,ダ,左,不良,曇,9,2,2,フェイドハード,牡,6,56.0,516,1,加藤和,長谷忍,,8,1:32.7,40.2,3-5-6-4,3,516,1
2023/09/22,浦和,2,特選Ｃ３一 二,1400,ダ,左,不良,曇,9,6,6,ボビン,牝,7,50.0,431,-4,中島良,内野健,,9,1:33.2,40.3,6-6-9-9,5,431,-4
2023/09/22,浦和,3,２歳四選抜馬ア,1400,ダ,左,不良,曇,9,2,2,ドナデュボア,牝,2,54.0,411,4,岡村健,武井和,,1,1:30.6,38.7,1-1-1-1,2,411,4
2023/09/22,浦和,3,２歳四選抜馬ア,1400,ダ,左,不良,曇,9,6,6,トーセンエナジー,牡,2,54.0,462,6,森泰斗,小久智,,2,1:31.8,39.6,2-2-2-2,1,462,6
2023/09/22,浦和,3,２歳四選抜馬ア,1400,ダ,左,不良,曇,9,3,3,フィーロ,牡,2,54.0,475,10,小杉亮,林　幻,,3,1:33.5,40.5,7-6-5-4,4,475,10
2023/09/22,浦和,3,２歳四選抜馬ア,1400,ダ,左,不良,曇,9,7,7,トコトコトッコトコ,牝,2,54.0,472,-11,半澤慶,宇野博,,4,1:34.1,41.3,3-4-4-5,5,472,-11
2023/09/22,浦和,3,２歳四選抜馬ア,1400,ダ,左,不良,曇,9,8,8,キョウエイオリオン,牡,2,54.0,465,2,秋元耕,小澤宏,,5,1:34.2,40.8,6-7-7-7,3,465,2
2023/09/22,浦和,3,２歳四選抜馬ア,1400,ダ,左,不良,曇,9,1,1,ユウユウプレスト,牝,2,54.0,366,7,橋本直,入口由,,6,1:34.2,41.6,4-3-3-3,6,366,7
2023/09/22,浦和,3,２歳四選抜馬ア,1400,ダ,左,不良,曇,9,4,4,パッソアパッソ,牝,2,54.0,424,-7,吉留孝,藤原智,,7,1:34.3,41.3,5-5-6-6,9,424,-7
2023/09/22,浦和,3,２歳四選抜馬ア,1400,ダ,左,不良,曇,9,5,5,カシノペガサス,牡,2,52.0,460,-3,室陽一,鹿沼和,,8,1:35.9,42.1,9-8-8-8,7,460,-3
2023/09/22,浦和,3,２歳四選抜馬ア,1400,ダ,左,不良,曇,9,8,9,シナノエール,牝,2,53.0,426,0,七夕裕,鹿沼和,,,,,8-9-9,8,426,0
2023/09/22,浦和,4,浦和８００ラウンド３歳選抜馬,800,ダ,左,不良,曇,12,8,12,エイシンエメラルド,牝,3,54.0,420,5,本橋孝,工藤伸,,1,0:47.9,36.0,1-1,2,420,5
2023/09/22,浦和,4,浦和８００ラウンド３歳選抜馬,800,ダ,左,不良,曇,12,8,11,ビヴァアカプルコ,牝,3,54.0,494,5,澤田龍,岩崎真,,2,0:48.0,35.7,2-2,1,494,5
2023/09/22,浦和,4,浦和８００ラウンド３歳選抜馬,800,ダ,左,不良,曇,12,7,10,パクパク,牡,3,56.0,453,0,山本紀,渋谷博,,3,0:48.7,36.1,3-3,6,453,0
2023/09/22,浦和,4,浦和８００ラウンド３歳選抜馬,800,ダ,左,不良,曇,12,5,6,ミラコロダンス,牝,3,52.0,458,6,及川烈,小澤宏,,4,0:48.9,36.3,5-4,3,458,6
2023/09/22,浦和,4,浦和８００ラウンド３歳選抜馬,800,ダ,左,不良,曇,12,1,1,アメ,牝,3,54.0,445,3,加藤和,長谷忍,,5,0:49.4,36.4,9-7,9,445,3
2023/09/22,浦和,4,浦和８００ラウンド３歳選抜馬,800,ダ,左,不良,曇,12,3,3,モモナ,牝,3,54.0,387,-7,見越彬,野口孝,,6,0:49.6,37.1,4-5,4,387,-7
2023/09/22,浦和,4,浦和８００ラウンド３歳選抜馬,800,ダ,左,不良,曇,12,2,2,ティフィンタイガー,牡,3,54.0,407,-2,室陽一,酒井一,,7,0:49.6,37.0,6-6,11,407,-2
2023/09/22,浦和,4,浦和８００ラウンド３歳選抜馬,800,ダ,左,不良,曇,12,4,4,トキメキパラダイス,牝,3,52.0,454,4,木間龍,齊藤敏,,8,0:49.9,36.5,12-11,8,454,4
2023/09/22,浦和,4,浦和８００ラウンド３歳選抜馬,800,ダ,左,不良,曇,12,7,9,クリプリンセス,牝,3,50.0,404,3,中島良,冨田敏,,9,0:50.1,37.3,7-8,7,404,3
2023/09/22,浦和,4,浦和８００ラウンド３歳選抜馬,800,ダ,左,不良,曇,12,6,7,フェアリーパワポケ,牝,3,54.0,418,-1,保園翔,薮口一,,10,0:50.5,37.3,10-10,12,418,-1
2023/09/22,浦和,4,浦和８００ラウンド３歳選抜馬,800,ダ,左,不良,曇,12,6,8,マーヒナヒナ,牝,3,54.0,445,-10,藤江渉,酒井一,,11,0:50.6,37.9,8-9,5,445,-10
2023/09/22,浦和,4,浦和８００ラウンド３歳選抜馬,800,ダ,左,不良,曇,12,5,5,ニシノオスマン,牡,3,56.0,473,-9,秋元耕,海馬司,,12,0:51.3,38.1,11-12,10,473,-9
2023/09/22,浦和,5,３歳六,1400,ダ,左,不良,曇,11,2,2,エコロヴィーガ,牝,3,54.0,487,15,本橋孝,繁田健,,1,1:31.5,40.3,1-1-1-1,1,487,15
2023/09/22,浦和,5,３歳六,1400,ダ,左,不良,曇,11,8,10,ウェディングブーケ,牝,3,54.0,415,0,橋本直,平山真,,2,1:32.6,41.0,5-5-2-2,3,415,0
2023/09/22,浦和,5,３歳六,1400,ダ,左,不良,曇,11,8,11,ブラウンリバティ,牝,3,54.0,439,0,保園翔,海馬司,,3,1:32.8,41.4,4-3-3-3,4,439,0
2023/09/22,浦和,5,３歳六,1400,ダ,左,不良,曇,11,3,3,ゲンゲンバッハ,牡,3,56.0,488,-2,森泰斗,小澤宏,,4,1:32.9,40.6,7-6-5-5,2,488,-2
2023/09/22,浦和,5,３歳六,1400,ダ,左,不良,曇,11,6,6,ニシノニューリーフ,牝,3,54.0,490,4,國分祐,冨田敏,,5,1:33.5,42.0,3-2-4-4,6,490,4
2023/09/22,浦和,5,３歳六,1400,ダ,左,不良,曇,11,1,1,インベンション,牝,3,52.0,440,3,及川烈,長谷忍,,6,1:34.0,41.3,8-8-7-6,9,440,3
2023/09/22,浦和,5,３歳六,1400,ダ,左,不良,曇,11,7,9,マックスブンブン,牡,3,56.0,434,-4,見越彬,小林真,,7,1:34.8,41.6,10-10-9-8,10,434,-4
2023/09/22,浦和,5,３歳六,1400,ダ,左,不良,曇,11,7,8,ドリームダンス,牝,3,54.0,408,6,高橋哲,水野貴,,8,1:35.7,43.9,2-4-6-7,5,408,6
2023/09/22,浦和,5,３歳六,1400,ダ,左,不良,曇,11,5,5,ヒマリン,牝,3,54.0,0,0,吉留孝,野口孝,,9,1:36.0,41.9,11-11-10-10,7,0,0
2023/09/22,浦和,5,３歳六,1400,ダ,左,不良,曇,11,4,4,ゴルディッヒ,牝,3,53.0,384,6,七夕裕,海馬司,,10,1:36.4,43.7,6-7-8-9,11,384,6
2023/09/22,浦和,5,３歳六,1400,ダ,左,不良,曇,11,6,7,ビナダナン,牝,3,50.0,467,-1,中島良,酒井一,,11,1:36.8,43.1,9-9-11-11,8,467,-1
2023/09/22,浦和,6,エキサイティングリレーｉｎ浦和賞３歳五,1400,ダ,左,不良,曇,10,7,8,モーニング,牡,3,56.0,469,-1,秋元耕,入口由,,1,1:33.1,39.0,4-3-3-2,1,469,-1
2023/09/22,浦和,6,エキサイティングリレーｉｎ浦和賞３歳五,1400,ダ,左,不良,曇,10,6,6,オザリス,牝,3,54.0,458,1,張田昂,小澤宏,,2,1:33.2,39.3,1-1-1-1,2,458,1
2023/09/22,浦和,6,エキサイティングリレーｉｎ浦和賞３歳五,1400,ダ,左,不良,曇,10,8,9,セレッソサンライズ,牝,3,54.0,416,14,見越彬,小林真,,3,1:35.5,40.4,5-6-6-6,3,416,14
2023/09/22,浦和,6,エキサイティングリレーｉｎ浦和賞３歳五,1400,ダ,左,不良,曇,10,5,5,モリデンボーイ,牡,3,56.0,523,-2,吉留孝,海馬司,,4,1:35.5,39.9,9-10-9-9,7,523,-2
2023/09/22,浦和,6,エキサイティングリレーｉｎ浦和賞３歳五,1400,ダ,左,不良,曇,10,7,7,メーネフロタント,牝,3,54.0,464,-6,岡田大,小林真,,5,1:35.5,41.5,2-2-2-3,9,464,-6
2023/09/22,浦和,6,エキサイティングリレーｉｎ浦和賞３歳五,1400,ダ,左,不良,曇,10,2,2,シゲルマンテン,牝,3,54.0,439,-3,橋本直,酒井一,,6,1:35.5,40.6,6-5-7-7,8,439,-3
2023/09/22,浦和,6,エキサイティングリレーｉｎ浦和賞３歳五,1400,ダ,左,不良,曇,10,4,4,カシノクインダム,牝,3,50.0,425,-1,中島良,鹿沼和,,7,1:35.6,41.2,3-4-4-4,5,425,-1
2023/09/22,浦和,6,エキサイティングリレーｉｎ浦和賞３歳五,1400,ダ,左,不良,曇,10,1,1,シェナグローリー,牝,3,54.0,454,-7,加藤和,冨田敏,,8,1:35.7,40.4,8-7-8-8,6,454,-7
2023/09/22,浦和,6,エキサイティングリレーｉｎ浦和賞３歳五,1400,ダ,左,不良,曇,10,3,3,ブラウンキングズ,牡,3,56.0,432,1,保園翔,海馬司,,9,1:36.0,40.9,10-8-5-5,4,432,1
2023/09/22,浦和,6,エキサイティングリレーｉｎ浦和賞３歳五,1400,ダ,左,不良,曇,10,8,10,シェナカレン,牡,3,54.0,427,-15,室陽一,海馬司,,10,1:36.3,40.6,7-9-10-10,10,427,-15
2023/09/22,浦和,7,コウノトリの住めるまち鴻巣賞Ｃ２六,1400,ダ,左,不良,曇,10,6,6,ユウユウグリュック,牝,6,50.0,431,3,中島良,横山保,,1,1:31.1,40.0,1-1-1-1,7,431,3
2023/09/22,浦和,7,コウノトリの住めるまち鴻巣賞Ｃ２六,1400,ダ,左,不良,曇,10,7,7,バードハズフロウン,牝,5,54.0,428,-3,澤田龍,工藤伸,,2,1:31.2,39.8,7-7-3-2,4,428,-3
2023/09/22,浦和,7,コウノトリの住めるまち鴻巣賞Ｃ２六,1400,ダ,左,不良,曇,10,8,10,プレミアムプリモ,牝,6,54.0,478,1,岡村健,平山真,,3,1:31.7,40.4,3-4-2-3,1,478,1
2023/09/22,浦和,7,コウノトリの住めるまち鴻巣賞Ｃ２六,1400,ダ,左,不良,曇,10,8,9,ハッピーパワポケ,牡,6,56.0,469,-5,高橋哲,水野貴,,4,1:32.3,40.8,6-5-4-5,5,469,-5
2023/09/22,浦和,7,コウノトリの住めるまち鴻巣賞Ｃ２六,1400,ダ,左,不良,曇,10,1,1,ハツネヘイロー,セ,0,56.0,492,-4,半澤慶,宇野博,,5,1:32.4,40.9,4-2-5-4,3,492,-4
2023/09/22,浦和,7,コウノトリの住めるまち鴻巣賞Ｃ２六,1400,ダ,左,不良,曇,10,3,3,フリーズオプション,牡,7,56.0,478,-7,吉留孝,薮口一,,6,1:32.7,40.9,8-8-6-6,8,478,-7
2023/09/22,浦和,7,コウノトリの住めるまち鴻巣賞Ｃ２六,1400,ダ,左,不良,曇,10,5,5,ヤギリエピファクン,セ,0,56.0,479,-2,張田昂,張田京,,7,1:32.8,41.1,5-6-8-8,2,479,-2
2023/09/22,浦和,7,コウノトリの住めるまち鴻巣賞Ｃ２六,1400,ダ,左,不良,曇,10,7,8,イエローリボン,牝,6,52.0,483,2,室陽一,藤原智,,8,1:33.4,42.1,2-3-7-7,6,483,2
2023/09/22,浦和,7,コウノトリの住めるまち鴻巣賞Ｃ２六,1400,ダ,左,不良,曇,10,2,2,トミケンミステリオ,牡,7,53.0,453,-4,所　蛍,伊藤滋,,9,1:33.7,41.6,9-9-9-9,9,453,-4
2023/09/22,浦和,7,コウノトリの住めるまち鴻巣賞Ｃ２六,1400,ダ,左,不良,曇,10,4,4,メイクロード,牝,7,54.0,480,-1,秋元耕,内野健,,10,1:34.3,42.1,10-10-10-10,10,480,-1
2023/09/22,浦和,8,草加せんべいパリポリくん賞Ｃ３一 二,1500,ダ,左,重,曇,11,7,8,ビートルジュース,牝,4,54.0,440,-5,森泰斗,小久智,,1,1:39.0,40.8,2-2-1-1,1,440,-5
2023/09/22,浦和,8,草加せんべいパリポリくん賞Ｃ３一 二,1500,ダ,左,重,曇,11,6,6,レインボーカラー,牝,5,54.0,516,4,篠谷葵,藤原智,,2,1:39.6,41.4,1-1-2-2,6,516,4
2023/09/22,浦和,8,草加せんべいパリポリくん賞Ｃ３一 二,1500,ダ,左,重,曇,11,6,7,ナムラキャッツ,牝,4,54.0,421,1,吉留孝,横山保,,3,1:40.2,41.5,5-5-4-3,10,421,1
2023/09/22,浦和,8,草加せんべいパリポリくん賞Ｃ３一 二,1500,ダ,左,重,曇,11,7,9,シップレックビーチ,牡,6,56.0,463,-3,藤江渉,甲田悟,,4,1:40.8,42.1,6-4-5-5,3,463,-3
2023/09/22,浦和,8,草加せんべいパリポリくん賞Ｃ３一 二,1500,ダ,左,重,曇,11,5,5,ラクスシャルキ,牝,4,54.0,457,0,秋元耕,酒井一,,5,1:40.9,41.6,4-7-7-6,9,457,0
2023/09/22,浦和,8,草加せんべいパリポリくん賞Ｃ３一 二,1500,ダ,左,重,曇,11,1,1,ジャズフレイバー,牡,4,56.0,496,0,本橋孝,繁田健,,6,1:41.0,40.4,10-10-10-8,7,496,0
2023/09/22,浦和,8,草加せんべいパリポリくん賞Ｃ３一 二,1500,ダ,左,重,曇,11,3,3,サンライズテソロ,牡,5,56.0,475,4,半澤慶,川島豊,,7,1:41.2,42.3,7-6-6-7,4,475,4
2023/09/22,浦和,8,草加せんべいパリポリくん賞Ｃ３一 二,1500,ダ,左,重,曇,11,8,11,ゲットデザイアー,牝,4,52.0,467,0,及川烈,箕輪武,,8,1:41.4,43.2,3-3-3-4,2,467,0
2023/09/22,浦和,8,草加せんべいパリポリくん賞Ｃ３一 二,1500,ダ,左,重,曇,11,8,10,タマモトレゾール,牡,4,55.0,528,5,七夕裕,川島豊,,9,1:41.4,41.0,9-9-9-9,8,528,5
2023/09/22,浦和,8,草加せんべいパリポリくん賞Ｃ３一 二,1500,ダ,左,重,曇,11,2,2,スリーエクセレント,牡,4,56.0,494,8,保園翔,川村守,,10,2:18.3,78.7,8-8-8-10,5,494,8
2023/09/22,浦和,8,草加せんべいパリポリくん賞Ｃ３一 二,1500,ダ,左,重,曇,11,4,4,ロードユリシス,セ,0,54.0,467,-3,室陽一,長谷忍,,,,,,,467,-3
2023/09/22,浦和,9,秋遅草特別Ｂ３Ｃ１選抜馬,800,ダ,左,重,曇,9,6,6,エルロイ,牡,4,55.0,488,1,木間龍,矢野義,,1,0:47.2,35.1,2-2,2,488,1
2023/09/22,浦和,9,秋遅草特別Ｂ３Ｃ１選抜馬,800,ダ,左,重,曇,9,8,9,アイグレース,牝,3,54.0,454,2,秋元耕,岡田一,,2,0:47.2,35.4,1-1,1,454,2
2023/09/22,浦和,9,秋遅草特別Ｂ３Ｃ１選抜馬,800,ダ,左,重,曇,9,2,2,ヒットガール,牝,5,55.0,519,-4,笠野雄,山中尊,,3,0:47.8,35.6,5-3,5,519,-4
2023/09/22,浦和,9,秋遅草特別Ｂ３Ｃ１選抜馬,800,ダ,左,重,曇,9,7,7,コウユーラヴラヴ,牝,5,55.0,475,-8,張田昂,宇野博,,4,0:48.1,35.9,3-4,4,475,-8
2023/09/22,浦和,9,秋遅草特別Ｂ３Ｃ１選抜馬,800,ダ,左,重,曇,9,1,1,マサノエンペラー,牡,3,53.0,477,5,所　蛍,張田京,,5,0:48.2,35.6,8-7,3,477,5
2023/09/22,浦和,9,秋遅草特別Ｂ３Ｃ１選抜馬,800,ダ,左,重,曇,9,5,5,リッチアロマ,牝,5,53.0,459,-2,室陽一,水野貴,,6,0:48.4,36.1,6-5,6,459,-2
2023/09/22,浦和,9,秋遅草特別Ｂ３Ｃ１選抜馬,800,ダ,左,重,曇,9,8,8,エムリエール,牡,4,55.0,466,-4,山中悠,小澤宏,,7,0:48.4,36.2,4-6,7,466,-4
2023/09/22,浦和,9,秋遅草特別Ｂ３Ｃ１選抜馬,800,ダ,左,重,曇,9,4,4,シェナブライト,牡,5,57.0,533,-6,寺島憂,海馬司,,8,0:48.7,36.4,7-8,8,533,-6
2023/09/22,浦和,9,秋遅草特別Ｂ３Ｃ１選抜馬,800,ダ,左,重,曇,9,3,3,ブルーローズ,牝,7,55.0,458,2,國分祐,野口孝,,9,0:49.0,36.4,9-9,9,458,2
2023/09/22,浦和,10,東京トゥインクルファンファーレ浦和Ｃ１二,1500,ダ,左,重,曇,10,2,2,ダイバオーソ,牡,5,56.0,460,-2,藤江渉,箕輪武,,1,1:36.7,38.5,6-7-6-1,2,460,-2
2023/09/22,浦和,10,東京トゥインクルファンファーレ浦和Ｃ１二,1500,ダ,左,重,曇,10,7,7,オデンシタ,牡,3,55.0,465,10,森泰斗,野口寛,,2,1:37.5,38.9,8-8-7-6,3,465,10
2023/09/22,浦和,10,東京トゥインクルファンファーレ浦和Ｃ１二,1500,ダ,左,重,曇,10,8,10,サブリュウシン,牡,3,55.0,467,6,岡村健,平山真,,3,1:37.7,40.0,5-5-4-4,5,467,6
2023/09/22,浦和,10,東京トゥインクルファンファーレ浦和Ｃ１二,1500,ダ,左,重,曇,10,6,6,アルティスタエース,牡,8,56.0,479,3,山中悠,繁田健,,4,1:38.0,40.9,3-3-3-5,4,479,3
2023/09/22,浦和,10,東京トゥインクルファンファーレ浦和Ｃ１二,1500,ダ,左,重,曇,10,8,9,イデアノキセキ,牡,4,54.0,446,1,及川烈,岡田一,,5,1:38.3,41.6,2-2-2-3,6,446,1
2023/09/22,浦和,10,東京トゥインクルファンファーレ浦和Ｃ１二,1500,ダ,左,重,曇,10,5,5,ノブヘンドリックス,牡,5,56.0,477,-3,秋元耕,小久智,,6,1:38.7,42.0,1-1-1-2,1,477,-3
2023/09/22,浦和,10,東京トゥインクルファンファーレ浦和Ｃ１二,1500,ダ,左,重,曇,10,3,3,フェリスダージ,牝,5,54.0,429,3,本橋孝,工藤伸,,7,1:38.8,40.9,7-6-5-7,9,429,3
2023/09/22,浦和,10,東京トゥインクルファンファーレ浦和Ｃ１二,1500,ダ,左,重,曇,10,7,8,アマゴ,牝,4,54.0,469,3,保園翔,箕輪武,,8,1:39.0,39.9,10-10-10-10,8,469,3
2023/09/22,浦和,10,東京トゥインクルファンファーレ浦和Ｃ１二,1500,ダ,左,重,曇,10,1,1,スリーヴリーグ,牡,7,56.0,525,-6,篠谷葵,野口寛,,9,1:39.5,40.5,9-9-9-9,7,525,-6
2023/09/22,浦和,10,東京トゥインクルファンファーレ浦和Ｃ１二,1500,ダ,左,重,曇,10,4,4,サンケイワールド,牡,5,56.0,487,7,張田昂,平山真,,10,1:39.7,41.6,4-4-8-8,10,487,7
2023/09/22,浦和,11,三峰山特別Ｂ２一,1400,ダ,左,重,雨,10,7,7,キングオブザナイル,牡,3,55.0,481,3,森泰斗,小久智,,1,1:28.3,37.8,1-2-2-1,1,481,3
2023/09/22,浦和,11,三峰山特別Ｂ２一,1400,ダ,左,重,雨,10,8,10,ジュンハンス,牡,4,56.0,474,8,本橋孝,小久智,,2,1:28.4,37.7,3-3-3-3,3,474,8
2023/09/22,浦和,11,三峰山特別Ｂ２一,1400,ダ,左,重,雨,10,3,3,グリーリー,牡,3,55.0,453,-5,古岡勇,岩本洋,,3,1:29.3,38.8,2-1-1-2,7,453,-5
2023/09/22,浦和,11,三峰山特別Ｂ２一,1400,ダ,左,重,雨,10,5,5,シャイニー,牡,7,56.0,515,3,篠谷葵,野口寛,,4,1:29.5,38.1,8-8-8-5,2,515,3
2023/09/22,浦和,11,三峰山特別Ｂ２一,1400,ダ,左,重,雨,10,7,8,ソフィアバローズ,牝,6,52.0,436,-8,及川烈,川島豊,,5,1:29.7,38.8,6-6-6-4,9,436,-8
2023/09/22,浦和,11,三峰山特別Ｂ２一,1400,ダ,左,重,雨,10,8,9,カミノアカネ,牝,6,53.0,471,3,七夕裕,岡田一,,6,1:29.8,38.9,4-5-4-7,4,471,3
2023/09/22,浦和,11,三峰山特別Ｂ２一,1400,ダ,左,重,雨,10,1,1,プレストレジェーロ,牝,6,50.0,470,1,中島良,山田質,,7,1:30.4,38.6,9-10-10-10,8,470,1
2023/09/22,浦和,11,三峰山特別Ｂ２一,1400,ダ,左,重,雨,10,2,2,ナンヨーオボロヅキ,牝,7,54.0,487,2,岡村健,平山真,,8,1:30.4,39.4,5-4-7-8,10,487,2
2023/09/22,浦和,11,三峰山特別Ｂ２一,1400,ダ,左,重,雨,10,6,6,ハクサンホーリー,牝,6,54.0,422,-5,澤田龍,矢野義,,9,1:30.6,38.9,10-9-9-9,5,422,-5
2023/09/22,浦和,11,三峰山特別Ｂ２一,1400,ダ,左,重,雨,10,4,4,リンクスショウ,牡,5,56.0,499,4,庄司大,渡邊貴,,10,1:30.7,39.8,7-7-5-6,6,499,4
2023/09/22,浦和,12,秋桜特別Ｃ２Ｃ３選抜馬,2000,ダ,左,不良,雨,8,6,6,スプリングネージュ,牝,5,55.0,444,1,岡田大,鹿沼和,,1,2:14.9,38.6,1-1-1-2,1,444,1
2023/09/22,浦和,12,秋桜特別Ｃ２Ｃ３選抜馬,2000,ダ,左,不良,雨,8,5,5,キトゥンズルンバ,セ,0,56.0,474,6,七夕裕,水野貴,,2,2:14.9,38.6,2-2-2-1,2,474,6
2023/09/22,浦和,12,秋桜特別Ｃ２Ｃ３選抜馬,2000,ダ,左,不良,雨,8,4,4,エルラティオ,セ,0,55.0,449,0,古岡勇,八木喜,,3,2:16.8,39.1,8-7-7-6,8,449,0
2023/09/22,浦和,12,秋桜特別Ｃ２Ｃ３選抜馬,2000,ダ,左,不良,雨,8,1,1,リュウノワシントン,牡,5,57.0,429,1,山本紀,齊藤敏,,4,2:16.8,39.5,6-6-5-3,4,429,1
2023/09/22,浦和,12,秋桜特別Ｃ２Ｃ３選抜馬,2000,ダ,左,不良,雨,8,2,2,カイジンビリーヴ,牡,5,57.0,515,2,高橋哲,入口由,,5,2:16.9,40.1,3-3-3-4,3,515,2
2023/09/22,浦和,12,秋桜特別Ｃ２Ｃ３選抜馬,2000,ダ,左,不良,雨,8,8,8,フェルカド,セ,0,57.0,469,5,見越彬,野口孝,,6,2:17.3,40.1,5-5-6-7,7,469,5
2023/09/22,浦和,12,秋桜特別Ｃ２Ｃ３選抜馬,2000,ダ,左,不良,雨,8,7,7,カペラスター,牡,4,55.0,495,6,及川烈,横山保,,7,2:17.7,39.6,7-8-8-8,5,495,6
2023/09/22,浦和,12,秋桜特別Ｃ２Ｃ３選抜馬,2000,ダ,左,不良,雨,8,3,3,ピノモラーン,牡,5,54.0,473,4,所　蛍,野口孝,,8,2:17.7,40.8,4-4-4-5,6,473,4
2023/10/16,浦和,1,Ｃ３七,1400,ダ,左,重,晴,9,2,2,ビックバンアイ,牝,7,54.0,456,-12,高橋利,矢内博,,1,1:30.5,38.7,1-1-1-1,1,456,-12
2023/10/16,浦和,1,Ｃ３七,1400,ダ,左,重,晴,9,8,9,ユウユウリアン,牡,7,56.0,446,5,高橋哲,横山保,,2,1:31.0,39.1,2-2-2-2,7,446,5
2023/10/16,浦和,1,Ｃ３七,1400,ダ,左,重,晴,9,5,5,スパークルガール,牝,7,52.0,442,11,及川烈,長谷忍,,3,1:31.5,39.2,4-5-4-6,2,442,11
2023/10/16,浦和,1,Ｃ３七,1400,ダ,左,重,晴,9,7,7,パレスギガント,牡,7,55.0,472,-3,七夕裕,長谷忍,,4,1:31.6,39.0,6-6-6-4,4,472,-3
2023/10/16,浦和,1,Ｃ３七,1400,ダ,左,重,晴,9,1,1,ニシノサトル,牡,7,54.0,489,9,室陽一,吉田正,,5,1:31.7,39.1,5-4-5-5,6,489,9
2023/10/16,浦和,1,Ｃ３七,1400,ダ,左,重,晴,9,4,4,ハクサンバレー,牝,6,54.0,441,-2,吉留孝,薮口一,,6,1:32.1,40.2,3-3-3-3,3,441,-2
2023/10/16,浦和,1,Ｃ３七,1400,ダ,左,重,晴,9,6,6,ビシエド,牡,6,56.0,487,-1,澤田龍,森　始,,7,1:32.1,39.1,8-8-7-7,5,487,-1
2023/10/16,浦和,1,Ｃ３七,1400,ダ,左,重,晴,9,3,3,アールレアル,セ,0,56.0,446,4,赤津和,川村守,,8,1:33.2,40.2,7-7-8-8,9,446,4
2023/10/16,浦和,1,Ｃ３七,1400,ダ,左,重,晴,9,8,8,コンディトラム,牡,6,56.0,498,3,橋本直,川村守,,9,1:37.4,42.6,9-9-9-9,8,498,3
2023/10/16,浦和,2,浦和８００ラウンドＣ２選抜馬ウ,800,ダ,左,重,晴,9,2,2,エイシンエメラルド,牝,3,54.0,419,-1,福原杏,工藤伸,,1,0:47.4,35.3,1-1,3,419,-1
2023/10/16,浦和,2,浦和８００ラウンドＣ２選抜馬ウ,800,ダ,左,重,晴,9,1,1,エッセンス,牝,5,53.0,505,24,七夕裕,横山保,,2,0:48.1,35.5,4-3,6,505,24
2023/10/16,浦和,2,浦和８００ラウンドＣ２選抜馬ウ,800,ダ,左,重,晴,9,6,6,クラフェニックス,牝,5,54.0,476,6,秋元耕,藤原智,,3,0:48.3,35.9,3-4,4,476,6
2023/10/16,浦和,2,浦和８００ラウンドＣ２選抜馬ウ,800,ダ,左,重,晴,9,8,8,アカルイスモウブ,牝,4,54.0,439,5,岡田大,冨田敏,,4,0:48.3,36.0,2-2,7,439,5
2023/10/16,浦和,2,浦和８００ラウンドＣ２選抜馬ウ,800,ダ,左,重,晴,9,4,4,シンキングセンティ,牝,4,52.0,470,8,及川烈,海馬司,,5,0:48.7,35.5,5-5,2,470,8
2023/10/16,浦和,2,浦和８００ラウンドＣ２選抜馬ウ,800,ダ,左,重,晴,9,7,7,メイショウマニス,牝,3,52.0,422,12,室陽一,内野健,,6,0:48.8,34.6,8-8,8,422,12
2023/10/16,浦和,2,浦和８００ラウンドＣ２選抜馬ウ,800,ダ,左,重,晴,9,8,9,ツーエムタイガー,牡,5,56.0,458,-13,山中悠,小澤宏,,7,0:48.9,35.5,7-6,1,458,-13
2023/10/16,浦和,2,浦和８００ラウンドＣ２選抜馬ウ,800,ダ,左,重,晴,9,3,3,モモアカ,牝,3,54.0,422,11,吉留孝,川村守,,8,0:49.6,36.6,6-7,5,422,11
2023/10/16,浦和,2,浦和８００ラウンドＣ２選抜馬ウ,800,ダ,左,重,晴,9,5,5,メイクロード,牝,7,54.0,0,0,橋本直,内野健,,,,,,,0,0
2023/10/16,浦和,3,浦和８００ラウンドＣ２選抜馬イ,800,ダ,左,重,晴,8,4,4,クウェンヤ,牝,5,54.0,405,-4,澤田龍,工藤伸,,1,0:48.0,35.8,2-2,4,405,-4
2023/10/16,浦和,3,浦和８００ラウンドＣ２選抜馬イ,800,ダ,左,重,晴,8,7,7,スプリングローズ,牝,5,54.0,457,17,笹川翼,小久智,,2,0:48.0,36.1,1-1,1,457,17
2023/10/16,浦和,3,浦和８００ラウンドＣ２選抜馬イ,800,ダ,左,重,晴,8,5,5,ブルーグリッター,セ,0,54.0,452,-2,木間龍,岡林光,,3,0:48.1,35.7,4-4,3,452,-2
2023/10/16,浦和,3,浦和８００ラウンドＣ２選抜馬イ,800,ダ,左,重,晴,8,3,3,カラドボルグ,牡,5,54.0,491,5,及川烈,吉田正,,4,0:48.4,36.3,3-3,5,491,5
2023/10/16,浦和,3,浦和８００ラウンドＣ２選抜馬イ,800,ダ,左,重,晴,8,6,6,ヘーベー,牝,5,54.0,473,10,保園翔,宇野博,,5,0:48.5,35.4,7-6,8,473,10
2023/10/16,浦和,3,浦和８００ラウンドＣ２選抜馬イ,800,ダ,左,重,晴,8,1,1,ミラコロダンス,牝,3,50.0,460,2,中島良,小澤宏,,6,0:48.6,35.2,8-7,7,460,2
2023/10/16,浦和,3,浦和８００ラウンドＣ２選抜馬イ,800,ダ,左,重,晴,8,2,2,ボサノバフレイバー,牝,4,54.0,434,21,見越彬,繁田健,,7,0:48.9,36.1,6-5,6,434,21
2023/10/16,浦和,3,浦和８００ラウンドＣ２選抜馬イ,800,ダ,左,重,晴,8,8,8,ライズザトーチ,牝,4,54.0,531,-9,高橋哲,水野貴,,8,0:50.0,37.5,5-8,2,531,-9
2023/10/16,浦和,4,浦和８００ラウンドＣ２選抜馬ア,800,ダ,左,重,晴,8,7,7,レコルトハッピー,牡,3,56.0,458,9,加藤和,薮口一,,1,0:47.8,35.5,4-1,1,458,9
2023/10/16,浦和,4,浦和８００ラウンドＣ２選抜馬ア,800,ダ,左,重,晴,8,4,4,ルナチャイルド,牝,4,54.0,480,4,濱田達,伊藤滋,,2,0:48.1,36.0,2-3,2,480,4
2023/10/16,浦和,4,浦和８００ラウンドＣ２選抜馬ア,800,ダ,左,重,晴,8,6,6,ソーサレス,牝,4,54.0,482,5,山中悠,小澤宏,,3,0:48.2,35.9,5-6,3,482,5
2023/10/16,浦和,4,浦和８００ラウンドＣ２選抜馬ア,800,ダ,左,重,晴,8,1,1,カゲカツ,牡,9,52.0,520,11,神尾香,長谷忍,,4,0:48.4,35.8,7-4,7,520,11
2023/10/16,浦和,4,浦和８００ラウンドＣ２選抜馬ア,800,ダ,左,重,晴,8,8,8,カシノリカバリー,牝,4,54.0,480,5,和田譲,野口寛,,5,0:48.5,36.4,1-2,4,480,5
2023/10/16,浦和,4,浦和８００ラウンドＣ２選抜馬ア,800,ダ,左,重,晴,8,3,3,ミヤジミニー,牝,3,50.0,431,-11,中島良,田邊陽,,6,0:48.6,36.0,6-7,6,431,-11
2023/10/16,浦和,4,浦和８００ラウンドＣ２選抜馬ア,800,ダ,左,重,晴,8,5,5,リトルジーニー,牝,3,52.0,410,4,室陽一,酒井一,,7,0:48.8,36.7,3-5,5,410,4
2023/10/16,浦和,4,浦和８００ラウンドＣ２選抜馬ア,800,ダ,左,重,晴,8,2,2,ホクセツ,セ,0,56.0,528,-1,秋元耕,箕輪武,,8,0:50.4,37.4,8-8,8,528,-1
2023/10/16,浦和,5,ドリームチャレンジ２歳新馬,1400,ダ,左,重,晴,9,4,4,プリンセスアリー,牝,2,53.0,0,0,七夕裕,岡田一,,1,1:30.0,39.2,2-2-2-1,2,0,0
2023/10/16,浦和,5,ドリームチャレンジ２歳新馬,1400,ダ,左,重,晴,9,3,3,ヒテン,牝,2,54.0,0,0,笹川翼,小久智,,2,1:30.0,39.2,1-1-1-1,1,0,0
2023/10/16,浦和,5,ドリームチャレンジ２歳新馬,1400,ダ,左,重,晴,9,8,9,エドノバンザイ,牡,2,55.0,0,0,張田昂,宇野博,,3,1:31.0,38.9,4-4-5-3,3,0,0
2023/10/16,浦和,5,ドリームチャレンジ２歳新馬,1400,ダ,左,重,晴,9,2,2,メロスゴー,牡,2,53.0,0,0,及川烈,箕輪武,,4,1:31.7,39.5,5-5-4-5,6,0,0
2023/10/16,浦和,5,ドリームチャレンジ２歳新馬,1400,ダ,左,重,晴,9,5,5,リワードマーリン,牝,2,54.0,0,0,和田譲,宇野博,,5,1:32.9,41.6,3-3-3-4,4,0,0
2023/10/16,浦和,5,ドリームチャレンジ２歳新馬,1400,ダ,左,重,晴,9,6,6,ワンダーサバイバル,牡,2,55.0,0,0,橋本直,鈴木勝,,6,1:33.2,40.8,8-8-7-6,8,0,0
2023/10/16,浦和,5,ドリームチャレンジ２歳新馬,1400,ダ,左,重,晴,9,8,8,カラフルピーチ,牝,2,54.0,0,0,半澤慶,平山真,,7,1:33.6,41.4,6-7-6-7,5,0,0
2023/10/16,浦和,5,ドリームチャレンジ２歳新馬,1400,ダ,左,重,晴,9,7,7,オクテット,牝,2,54.0,0,0,山中悠,小澤宏,,8,1:34.7,42.0,7-6-8-8,7,0,0
2023/10/16,浦和,5,ドリームチャレンジ２歳新馬,1400,ダ,左,重,晴,9,1,1,ハイカラレディ,牝,2,54.0,0,0,福原杏,平山真,,9,1:38.4,43.5,9-9-9-9,9,0,0
2023/10/16,浦和,6,特選３歳一,1400,ダ,左,重,晴,10,7,7,アパラギ,牝,3,54.0,438,8,福原杏,酒井一,,1,1:29.8,39.2,1-1-1-1,1,438,8
2023/10/16,浦和,6,特選３歳一,1400,ダ,左,重,晴,10,8,10,セレッソサンライズ,牝,3,54.0,419,3,秋元耕,小林真,,2,1:30.0,39.3,4-2-2-2,3,419,3
2023/10/16,浦和,6,特選３歳一,1400,ダ,左,重,晴,10,8,9,モリデンボーイ,牡,3,56.0,525,2,保園翔,海馬司,,3,1:31.9,39.8,6-6-4-4,7,525,2
2023/10/16,浦和,6,特選３歳一,1400,ダ,左,重,晴,10,3,3,リワードノンノ,牝,3,52.0,517,2,室陽一,宇野博,,4,1:32.2,40.0,7-8-6-5,2,517,2
2023/10/16,浦和,6,特選３歳一,1400,ダ,左,重,晴,10,4,4,シェナリオン,牡,3,52.0,447,5,中島良,冨田敏,,5,1:32.4,41.1,2-4-3-3,8,447,5
2023/10/16,浦和,6,特選３歳一,1400,ダ,左,重,晴,10,1,1,シーギリア,牝,3,54.0,478,34,吉留孝,野口寛,,6,1:33.2,41.1,5-5-7-6,4,478,34
2023/10/16,浦和,6,特選３歳一,1400,ダ,左,重,晴,10,2,2,ステンノー,牝,3,54.0,481,13,見越彬,薮口一,,7,1:33.2,40.7,8-7-8-7,5,481,13
2023/10/16,浦和,6,特選３歳一,1400,ダ,左,重,晴,10,6,6,シェナカンザシ,牝,3,54.0,474,10,國分祐,冨田敏,,8,1:33.5,39.4,10-10-10-9,10,474,10
2023/10/16,浦和,6,特選３歳一,1400,ダ,左,重,晴,10,5,5,ニシノオスマン,牡,3,54.0,485,12,及川烈,吉田正,,9,1:35.6,44.3,3-3-5-8,6,485,12
2023/10/16,浦和,6,特選３歳一,1400,ダ,左,重,晴,10,7,8,トキメキパラダイス,牝,3,54.0,455,6,赤津和,川村守,,10,1:36.0,41.9,9-9-9-10,9,455,6
2023/10/16,浦和,7,特選３歳二,1500,ダ,左,重,晴,10,6,6,ガールズドリーム,牝,3,54.0,408,-15,町田直,内田勝,,1,1:37.2,39.6,1-1-1-1,3,408,-15
2023/10/16,浦和,7,特選３歳二,1500,ダ,左,重,晴,10,7,8,トクシーカグヤヒメ,牝,3,54.0,493,15,福原杏,平山真,,2,1:38.4,40.2,5-5-5-3,2,493,15
2023/10/16,浦和,7,特選３歳二,1500,ダ,左,重,晴,10,7,7,ハニーフラッシュ,牝,3,54.0,406,0,岡村健,海馬司,,3,1:38.6,39.8,7-7-6-4,5,406,0
2023/10/16,浦和,7,特選３歳二,1500,ダ,左,重,晴,10,3,3,ウェディングブーケ,牝,3,54.0,418,3,橋本直,平山真,,4,1:38.8,40.7,3-3-2-2,1,418,3
2023/10/16,浦和,7,特選３歳二,1500,ダ,左,重,晴,10,8,10,シゲルマンテン,牝,3,54.0,447,8,藤江渉,酒井一,,5,1:40.0,40.5,8-9-7-7,9,447,8
2023/10/16,浦和,7,特選３歳二,1500,ダ,左,重,晴,10,8,9,カシノクインダム,牝,3,50.0,429,4,中島良,鹿沼和,,6,1:40.5,41.2,6-6-8-8,7,429,4
2023/10/16,浦和,7,特選３歳二,1500,ダ,左,重,晴,10,5,5,ニシノニューリーフ,牝,3,54.0,497,11,見越彬,冨田敏,,7,1:40.7,42.6,4-4-4-5,4,497,11
2023/10/16,浦和,7,特選３歳二,1500,ダ,左,重,晴,10,2,2,メーネフロタント,牝,3,54.0,469,5,秋元耕,小林真,,8,1:41.1,43.1,2-2-3-6,10,469,5
2023/10/16,浦和,7,特選３歳二,1500,ダ,左,重,晴,10,1,1,ミュールダール,牡,3,56.0,437,3,寺島憂,酒井一,,9,1:41.3,41.8,9-8-9-10,8,437,3
2023/10/16,浦和,7,特選３歳二,1500,ダ,左,重,晴,10,4,4,ブラウンキングズ,牡,3,56.0,439,7,保園翔,海馬司,,10,1:41.6,41.3,10-10-10-9,6,439,7
2023/10/16,浦和,8,花のまち　久喜市コスモス賞Ｃ１九,1500,ダ,左,重,晴,8,4,4,ゲンパチカガヤキ,牡,8,56.0,498,3,保園翔,小澤宏,,1,1:37.0,38.6,5-4-5-3,5,498,3
2023/10/16,浦和,8,花のまち　久喜市コスモス賞Ｃ１九,1500,ダ,左,重,晴,8,6,6,ワガママナビジン,牝,3,54.0,477,-7,澤田龍,矢野義,,2,1:37.1,39.0,3-3-1-2,1,477,-7
2023/10/16,浦和,8,花のまち　久喜市コスモス賞Ｃ１九,1500,ダ,左,重,晴,8,1,1,コスモレンブランサ,牝,3,53.0,431,3,七夕裕,工藤伸,,3,1:37.2,39.1,1-1-3-1,3,431,3
2023/10/16,浦和,8,花のまち　久喜市コスモス賞Ｃ１九,1500,ダ,左,重,晴,8,2,2,ウインカーマイン,牡,7,56.0,448,0,秋元耕,川島豊,,4,1:38.1,38.8,7-8-7-7,7,448,0
2023/10/16,浦和,8,花のまち　久喜市コスモス賞Ｃ１九,1500,ダ,左,重,晴,8,8,8,コスモパンドラ,牝,4,52.0,455,-2,及川烈,箕輪武,,5,1:38.2,40.0,4-5-4-4,2,455,-2
2023/10/16,浦和,8,花のまち　久喜市コスモス賞Ｃ１九,1500,ダ,左,重,晴,8,3,3,ブルベアヴェルデ,牡,7,56.0,477,6,吉留孝,藤原智,,6,1:38.4,40.4,2-2-1-5,6,477,6
2023/10/16,浦和,8,花のまち　久喜市コスモス賞Ｃ１九,1500,ダ,左,重,晴,8,5,5,サテライト,牡,3,56.0,473,-1,山口達,林正人,,7,1:38.4,40.2,6-6-5-6,4,473,-1
2023/10/16,浦和,8,花のまち　久喜市コスモス賞Ｃ１九,1500,ダ,左,重,晴,8,7,7,サトノトリガー,牡,6,56.0,467,19,見越彬,小林真,,8,1:40.0,40.8,8-7-8-8,8,467,19
2023/10/16,浦和,9,秋陽特別Ｃ１三,1500,ダ,左,重,晴,7,6,6,コスモルージュ,セ,0,56.0,493,2,張田昂,小澤宏,,1,1:36.4,38.6,3-3-3-1,2,493,2
2023/10/16,浦和,9,秋陽特別Ｃ１三,1500,ダ,左,重,晴,7,3,3,ノブヘンドリックス,牡,5,56.0,484,7,和田譲,小久智,,2,1:36.6,38.7,4-4-4-4,1,484,7
2023/10/16,浦和,9,秋陽特別Ｃ１三,1500,ダ,左,重,晴,7,4,4,マスクドサムライ,牡,4,56.0,489,0,半澤慶,藤原智,,3,1:36.9,39.2,2-2-2-3,6,489,0
2023/10/16,浦和,9,秋陽特別Ｃ１三,1500,ダ,左,重,晴,7,2,2,ハクサンクラーケン,牡,5,56.0,497,-2,澤田龍,矢野義,,4,1:36.9,39.2,1-1-1-2,3,497,-2
2023/10/16,浦和,9,秋陽特別Ｃ１三,1500,ダ,左,重,晴,7,5,5,サルセル,牝,4,54.0,484,0,山崎誠,平山真,,5,1:37.0,38.8,6-5-5-5,4,484,0
2023/10/16,浦和,9,秋陽特別Ｃ１三,1500,ダ,左,重,晴,7,1,1,フェリスダージ,牝,5,54.0,432,3,内田利,工藤伸,,6,1:37.8,39.4,7-7-6-6,5,432,3
2023/10/16,浦和,9,秋陽特別Ｃ１三,1500,ダ,左,重,晴,7,7,7,コスモビートイット,牡,6,56.0,502,8,秋元耕,川島豊,,7,1:39.1,40.5,5-6-7-7,7,502,8
2023/10/16,浦和,10,金木犀特別Ｃ２一,1400,ダ,左,重,晴,11,2,2,メラスクリオス,牝,4,52.0,452,7,室陽一,宇野博,,1,1:29.4,39.0,1-1-1-1,5,452,7
2023/10/16,浦和,10,金木犀特別Ｃ２一,1400,ダ,左,重,晴,11,8,10,ライヴガーネット,牝,4,52.0,474,-1,木間龍,工藤伸,,2,1:29.6,39.0,2-2-2-2,1,474,-1
2023/10/16,浦和,10,金木犀特別Ｃ２一,1400,ダ,左,重,晴,11,6,7,デイスター,牡,6,56.0,457,1,山崎誠,宇野博,,3,1:29.8,38.8,4-4-4-3,3,457,1
2023/10/16,浦和,10,金木犀特別Ｃ２一,1400,ダ,左,重,晴,11,1,1,レイズアオーソ,牡,3,56.0,449,-9,野畑凌,佐藤博,,4,1:30.1,38.7,6-6-7-5,8,449,-9
2023/10/16,浦和,10,金木犀特別Ｃ２一,1400,ダ,左,重,晴,11,8,11,パールズウィッシュ,牝,4,54.0,437,1,笹川翼,佐藤太,,5,1:30.2,39.5,3-3-3-4,2,437,1
2023/10/16,浦和,10,金木犀特別Ｃ２一,1400,ダ,左,重,晴,11,7,9,ルージュカプリス,牝,6,54.0,426,6,加藤和,長谷忍,,6,1:30.7,39.6,5-5-6-6,7,426,6
2023/10/16,浦和,10,金木犀特別Ｃ２一,1400,ダ,左,重,晴,11,4,4,スイフトマリー,牝,4,54.0,394,8,岡村健,酒井一,,7,1:30.7,38.9,9-10-10-8,6,394,8
2023/10/16,浦和,10,金木犀特別Ｃ２一,1400,ダ,左,重,晴,11,7,8,ケラウノスカズ,牡,4,56.0,427,-6,臼井健,凾館一,,8,1:30.9,39.1,10-9-8-9,10,427,-6
2023/10/16,浦和,10,金木犀特別Ｃ２一,1400,ダ,左,重,晴,11,3,3,カシノペルル,牡,4,56.0,495,-4,岡田大,鹿沼和,,9,1:31.4,39.7,7-8-9-10,9,495,-4
2023/10/16,浦和,10,金木犀特別Ｃ２一,1400,ダ,左,重,晴,11,6,6,トーセンジニアール,牡,3,56.0,429,9,和田譲,小久智,,10,1:32.0,40.8,8-7-5-7,4,429,9
2023/10/16,浦和,10,金木犀特別Ｃ２一,1400,ダ,左,重,晴,11,5,5,エアファールング,牡,3,56.0,479,1,保園翔,藤原智,,11,1:32.2,39.8,11-11-11-11,11,479,1
2023/10/16,浦和,11,おめでとう的場文男騎手デビュＢ２二Ｂ３一,1500,ダ,左,重,晴,10,4,4,パールアゲイン,牝,4,52.0,426,-4,七夕裕,岡田一,,1,1:35.1,39.4,1-1-1-1,1,426,-4
2023/10/16,浦和,11,おめでとう的場文男騎手デビュＢ２二Ｂ３一,1500,ダ,左,重,晴,10,6,6,プレストエンジェル,牝,4,53.0,456,-5,山中悠,佐々清,,2,1:36.2,40.2,4-4-2-2,2,456,-5
2023/10/16,浦和,11,おめでとう的場文男騎手デビュＢ２二Ｂ３一,1500,ダ,左,重,晴,10,2,2,クマサンニデアッタ,牝,5,53.0,485,9,半澤慶,小林真,,3,1:36.4,39.7,8-8-8-6,7,485,9
2023/10/16,浦和,11,おめでとう的場文男騎手デビュＢ２二Ｂ３一,1500,ダ,左,重,晴,10,8,10,ナンヨーオボロヅキ,牝,7,55.0,494,7,岡村健,平山真,,4,1:36.5,40.2,5-5-5-4,9,494,7
2023/10/16,浦和,11,おめでとう的場文男騎手デビュＢ２二Ｂ３一,1500,ダ,左,重,晴,10,5,5,スプリットロック,牡,6,57.0,476,-10,増田充,山崎尋,,5,1:36.7,40.2,7-7-6-5,10,476,-10
2023/10/16,浦和,11,おめでとう的場文男騎手デビュＢ２二Ｂ３一,1500,ダ,左,重,晴,10,3,3,デヴィルズマーブル,セ,0,55.0,470,-5,張田昂,張田京,,6,1:37.1,41.0,3-3-3-3,5,470,-5
2023/10/16,浦和,11,おめでとう的場文男騎手デビュＢ２二Ｂ３一,1500,ダ,左,重,晴,10,1,1,コウユーモテモテ,牝,6,55.0,533,8,町田直,宇野博,,7,1:37.7,38.8,10-10-10-10,4,533,8
2023/10/16,浦和,11,おめでとう的場文男騎手デビュＢ２二Ｂ３一,1500,ダ,左,重,晴,10,7,7,ソフィアバローズ,牝,6,51.0,441,5,中島良,川島豊,,8,1:38.3,40.6,9-9-9-9,8,441,5
2023/10/16,浦和,11,おめでとう的場文男騎手デビュＢ２二Ｂ３一,1500,ダ,左,重,晴,10,7,8,セイウンシデン,牡,4,55.0,525,13,岡田大,冨田敏,,9,1:39.0,42.5,6-6-7-8,6,525,13
2023/10/16,浦和,11,おめでとう的場文男騎手デビュＢ２二Ｂ３一,1500,ダ,左,重,晴,10,8,9,マリアルージュ,牝,7,55.0,512,22,本橋孝,小久智,,10,1:39.6,43.7,2-2-4-7,3,512,22
2023/10/16,浦和,12,秋麗特別Ｃ３選抜馬,2000,ダ,左,重,晴,11,8,11,エンバース,牡,4,56.0,503,8,岡田大,海馬司,,1,2:16.4,40.9,3-3-1-1,4,503,8
2023/10/16,浦和,12,秋麗特別Ｃ３選抜馬,2000,ダ,左,重,晴,11,2,2,ベリリウンヌ,牝,5,53.0,431,2,七夕裕,海馬司,,2,2:17.1,41.1,4-6-5-3,2,431,2
2023/10/16,浦和,12,秋麗特別Ｃ３選抜馬,2000,ダ,左,重,晴,11,3,3,エスコーバタハト,牡,7,56.0,510,5,保園翔,内野健,,3,2:17.2,41.4,5-4-2-2,1,510,5
2023/10/16,浦和,12,秋麗特別Ｃ３選抜馬,2000,ダ,左,重,晴,11,8,10,ストームシャドウ,牡,4,56.0,494,5,笠野雄,佐々清,,4,2:17.7,41.5,10-9-7-5,3,494,5
2023/10/16,浦和,12,秋麗特別Ｃ３選抜馬,2000,ダ,左,重,晴,11,4,4,セイウンミレイア,牝,6,54.0,481,14,國分祐,冨田敏,,5,2:18.3,42.8,1-1-3-4,9,481,14
2023/10/16,浦和,12,秋麗特別Ｃ３選抜馬,2000,ダ,左,重,晴,11,6,7,パルメニデス,牡,4,56.0,425,4,秋元耕,海馬司,,6,2:18.3,41.9,7-7-8-8,8,425,4
2023/10/16,浦和,12,秋麗特別Ｃ３選抜馬,2000,ダ,左,重,晴,11,7,8,シェナハート,牝,4,50.0,427,13,中島良,冨田敏,,7,2:18.3,41.7,8-8-9-9,7,427,13
2023/10/16,浦和,12,秋麗特別Ｃ３選抜馬,2000,ダ,左,重,晴,11,6,6,アイスバーグアリー,牝,7,54.0,441,-13,橋本直,酒井一,,8,2:18.7,43.0,2-2-4-6,6,441,-13
2023/10/16,浦和,12,秋麗特別Ｃ３選抜馬,2000,ダ,左,重,晴,11,1,1,シークレットギア,牡,5,56.0,489,-4,加藤和,薮口一,,9,2:19.0,43.0,6-5-6-7,5,489,-4
2023/10/16,浦和,12,秋麗特別Ｃ３選抜馬,2000,ダ,左,重,晴,11,5,5,ワイズマンコート,牡,4,56.0,454,0,半澤慶,川島豊,,10,2:20.9,44.0,9-10-10-10,11,454,0
2023/10/16,浦和,12,秋麗特別Ｃ３選抜馬,2000,ダ,左,重,晴,11,7,9,レーダーベクター,牡,4,54.0,473,13,及川烈,川村守,,11,2:27.1,45.2,11-11-11-11,10,473,13
2023/10/17,浦和,1,浦和８００ラウンド３歳選抜馬,800,ダ,左,稍重,晴,8,2,2,ニュクス,牝,3,54.0,394,-1,山中悠,岩崎真,,1,0:48.8,36.3,1-1,2,394,-1
2023/10/17,浦和,1,浦和８００ラウンド３歳選抜馬,800,ダ,左,稍重,晴,8,3,3,パクパク,牡,3,56.0,459,2,山本紀,渋谷博,,2,0:48.8,36.1,2-2,3,459,2
2023/10/17,浦和,1,浦和８００ラウンド３歳選抜馬,800,ダ,左,稍重,晴,8,7,7,マーヒナヒナ,牝,3,52.0,457,12,及川烈,酒井一,,3,0:49.3,36.6,3-3,6,457,12
2023/10/17,浦和,1,浦和８００ラウンド３歳選抜馬,800,ダ,左,稍重,晴,8,6,6,トラストキンタロウ,牡,3,52.0,486,3,神尾香,吉橋淳,,4,0:49.4,36.4,5-5,5,486,3
2023/10/17,浦和,1,浦和８００ラウンド３歳選抜馬,800,ダ,左,稍重,晴,8,8,8,パサージュ,牝,3,50.0,425,9,中島良,川島豊,,5,0:49.5,36.7,4-4,1,425,9
2023/10/17,浦和,1,浦和８００ラウンド３歳選抜馬,800,ダ,左,稍重,晴,8,5,5,クロスリーフ,牝,3,54.0,484,0,橋本直,酒井一,,6,0:49.9,36.9,6-6,4,484,0
2023/10/17,浦和,1,浦和８００ラウンド３歳選抜馬,800,ダ,左,稍重,晴,8,4,4,クリプリンセス,牝,3,54.0,415,6,秋元耕,冨田敏,,7,0:50.2,37.2,7-7,7,415,6
2023/10/17,浦和,1,浦和８００ラウンド３歳選抜馬,800,ダ,左,稍重,晴,8,1,1,フェアリーパワポケ,牝,3,54.0,416,-2,福原杏,薮口一,,8,0:50.7,37.7,8-8,8,416,-2
2023/10/17,浦和,2,ランチタイムチャレンジＣ２三 四,1400,ダ,左,稍重,晴,11,7,9,アロア,牝,3,52.0,476,-2,及川烈,長谷忍,,1,1:29.2,39.7,2-3-2-1,2,476,-2
2023/10/17,浦和,2,ランチタイムチャレンジＣ２三 四,1400,ダ,左,稍重,晴,11,8,10,シナノホワイト,牡,3,55.0,507,4,七夕裕,岡田一,,2,1:30.4,41.4,1-1-1-2,4,507,4
2023/10/17,浦和,2,ランチタイムチャレンジＣ２三 四,1400,ダ,左,稍重,晴,11,6,6,ピノタージュ,牝,6,54.0,459,9,橋本直,内野健,,3,1:30.5,39.9,7-6-5-4,3,459,9
2023/10/17,浦和,2,ランチタイムチャレンジＣ２三 四,1400,ダ,左,稍重,晴,11,5,5,エドノストリート,牝,5,54.0,474,-2,和田譲,宇野博,,4,1:30.8,40.4,4-4-4-3,1,474,-2
2023/10/17,浦和,2,ランチタイムチャレンジＣ２三 四,1400,ダ,左,稍重,晴,11,7,8,スターコマチ,牝,4,54.0,404,2,澤田龍,川村守,,5,1:31.8,39.7,10-10-8-6,8,404,2
2023/10/17,浦和,2,ランチタイムチャレンジＣ２三 四,1400,ダ,左,稍重,晴,11,8,11,セイタード,セ,0,56.0,462,-8,寺島憂,酒井一,,6,1:32.4,41.5,5-7-6-7,10,462,-8
2023/10/17,浦和,2,ランチタイムチャレンジＣ２三 四,1400,ダ,左,稍重,晴,11,3,3,アメ,牝,3,54.0,444,-1,加藤和,長谷忍,,7,1:32.6,40.7,8-8-9-9,11,444,-1
2023/10/17,浦和,2,ランチタイムチャレンジＣ２三 四,1400,ダ,左,稍重,晴,11,4,4,シャンデル,牝,3,54.0,483,8,吉留孝,藤原智,,8,1:32.7,40.2,9-9-10-10,6,483,8
2023/10/17,浦和,2,ランチタイムチャレンジＣ２三 四,1400,ダ,左,稍重,晴,11,6,7,アークウォリアー,牝,3,54.0,500,-5,藤江渉,平田正,,9,1:32.8,39.3,11-11-11-11,7,500,-5
2023/10/17,浦和,2,ランチタイムチャレンジＣ２三 四,1400,ダ,左,稍重,晴,11,1,1,サハラントアジア,牝,4,54.0,474,1,保園翔,内野健,,10,1:33.7,42.8,6-5-7-8,9,474,1
2023/10/17,浦和,2,ランチタイムチャレンジＣ２三 四,1400,ダ,左,稍重,晴,11,2,2,スターハッスル,牡,3,56.0,473,-15,福原杏,小澤宏,,11,1:33.9,44.1,3-2-3-5,5,473,-15
2023/10/17,浦和,3,Ｃ３五 六,1400,ダ,左,稍重,晴,11,2,2,メイショウイヤサカ,牝,7,52.0,459,-1,室陽一,海馬司,,1,1:31.9,40.0,1-1-1-1,5,459,-1
2023/10/17,浦和,3,Ｃ３五 六,1400,ダ,左,稍重,晴,11,3,3,ユメツクシ,牝,7,52.0,475,3,及川烈,長谷忍,,2,1:32.1,39.4,5-5-5-5,2,475,3
2023/10/17,浦和,3,Ｃ３五 六,1400,ダ,左,稍重,晴,11,7,8,プリュイ,牡,5,56.0,426,9,加藤和,薮口一,,3,1:32.3,40.1,3-3-3-3,4,426,9
2023/10/17,浦和,3,Ｃ３五 六,1400,ダ,左,稍重,晴,11,5,5,ケンブリッジウィズ,牝,7,54.0,465,3,澤田龍,新井清,,4,1:32.4,40.4,2-2-2-2,1,465,3
2023/10/17,浦和,3,Ｃ３五 六,1400,ダ,左,稍重,晴,11,8,10,フェスタフォンテン,牝,5,51.0,468,-2,所　蛍,矢内博,,5,1:32.8,40.5,4-4-3-4,7,468,-2
2023/10/17,浦和,3,Ｃ３五 六,1400,ダ,左,稍重,晴,11,6,7,キタマクフィー,牝,5,53.0,445,0,七夕裕,鹿沼和,,6,1:33.5,40.7,7-6-6-6,3,445,0
2023/10/17,浦和,3,Ｃ３五 六,1400,ダ,左,稍重,晴,11,1,1,ゴッドデサフィオ,牡,5,56.0,449,19,秋元耕,鹿沼和,,7,1:33.7,39.9,6-7-7-7,6,449,19
2023/10/17,浦和,3,Ｃ３五 六,1400,ダ,左,稍重,晴,11,6,6,ラヴィテスミラノ,牡,5,52.0,489,5,神尾香,宮下靖,,8,1:35.9,40.9,10-11-11-11,8,489,5
2023/10/17,浦和,3,Ｃ３五 六,1400,ダ,左,稍重,晴,11,4,4,スクリームイーグル,セ,0,56.0,449,4,岡田大,酒井一,,9,1:36.0,41.3,8-8-10-9,9,449,4
2023/10/17,浦和,3,Ｃ３五 六,1400,ダ,左,稍重,晴,11,8,11,ヒナマル,牝,4,54.0,424,2,寺島憂,長谷忍,,10,1:36.1,41.8,11-9-8-8,11,424,2
2023/10/17,浦和,3,Ｃ３五 六,1400,ダ,左,稍重,晴,11,7,9,ゴールドアクセル,牡,5,56.0,506,7,高橋哲,鹿沼和,,11,1:36.3,41.8,9-10-9-10,10,506,7
2023/10/17,浦和,4,Ｃ３五 六,1500,ダ,左,稍重,晴,10,6,6,フォガラ,牝,6,53.0,457,7,菅原涼,小久智,,1,1:38.3,40.6,2-2-1-1,1,457,7
2023/10/17,浦和,4,Ｃ３五 六,1500,ダ,左,稍重,晴,10,8,10,ラッキーアモン,牡,7,56.0,515,4,寺島憂,箕輪武,,2,1:39.7,41.6,4-3-4-3,7,515,4
2023/10/17,浦和,4,Ｃ３五 六,1500,ダ,左,稍重,晴,10,2,2,サンテルノ,牡,6,53.0,509,-1,所　蛍,阿井正,,3,1:40.0,41.6,6-6-5-4,2,509,-1
2023/10/17,浦和,4,Ｃ３五 六,1500,ダ,左,稍重,晴,10,7,8,シントーアキラ,セ,0,56.0,431,-3,中越琉,佐藤博,,4,1:40.5,42.4,5-5-3-2,3,431,-3
2023/10/17,浦和,4,Ｃ３五 六,1500,ダ,左,稍重,晴,10,8,9,ゴールドスペンサー,牡,5,56.0,473,2,保園翔,吉田正,,5,1:40.5,41.4,8-8-8-5,6,473,2
2023/10/17,浦和,4,Ｃ３五 六,1500,ダ,左,稍重,晴,10,1,1,ラウズアップ,牡,7,56.0,423,-1,藤江渉,海馬司,,6,1:40.7,40.4,10-10-9-9,5,423,-1
2023/10/17,浦和,4,Ｃ３五 六,1500,ダ,左,稍重,晴,10,7,7,ファーマスター,牝,5,54.0,444,4,福原杏,川村守,,7,1:40.9,42.1,7-7-7-8,8,444,4
2023/10/17,浦和,4,Ｃ３五 六,1500,ダ,左,稍重,晴,10,5,5,トキノカサドール,牡,8,55.0,466,2,七夕裕,横山保,,8,1:40.9,42.6,3-4-6-7,4,466,2
2023/10/17,浦和,4,Ｃ３五 六,1500,ダ,左,稍重,晴,10,3,3,ゴールドボード,牝,4,54.0,518,1,秋元耕,箕輪武,,9,1:42.0,44.6,1-1-2-6,9,518,1
2023/10/17,浦和,4,Ｃ３五 六,1500,ダ,左,稍重,晴,10,4,4,ジニアズウィッシュ,牝,7,54.0,480,8,見越彬,小林真,,10,1:43.5,43.0,9-9-10-10,10,480,8
2023/10/17,浦和,5,Ｃ２三 四,1500,ダ,左,稍重,晴,7,1,1,フルティージャ,牝,4,54.0,451,-3,篠谷葵,山田信,,1,1:38.7,40.9,5-5-4-2,3,451,-3
2023/10/17,浦和,5,Ｃ２三 四,1500,ダ,左,稍重,晴,7,3,3,エドノスマイル,牡,3,56.0,443,2,和田譲,宇野博,,2,1:38.8,41.2,2-2-1-1,1,443,2
2023/10/17,浦和,5,Ｃ２三 四,1500,ダ,左,稍重,晴,7,4,4,スカイパーフェクト,牝,4,54.0,450,4,半澤慶,吉田正,,3,1:39.1,41.3,6-3-5-6,4,450,4
2023/10/17,浦和,5,Ｃ２三 四,1500,ダ,左,稍重,晴,7,6,6,ヤマタケコーチャン,牡,4,56.0,448,3,高橋哲,水野貴,,4,1:39.1,41.1,4-6-6-5,7,448,3
2023/10/17,浦和,5,Ｃ２三 四,1500,ダ,左,稍重,晴,7,5,5,ゴールドバード,牡,9,56.0,477,1,町田直,野口孝,,5,1:39.5,39.9,7-7-7-7,5,477,1
2023/10/17,浦和,5,Ｃ２三 四,1500,ダ,左,稍重,晴,7,7,7,クラスヴァンクル,牡,3,56.0,490,8,吉留孝,薮口一,,6,1:39.6,41.8,3-4-3-4,6,490,8
2023/10/17,浦和,5,Ｃ２三 四,1500,ダ,左,稍重,晴,7,2,2,モンテッソーリ,牝,4,54.0,429,1,山中悠,小澤宏,,7,1:40.5,43.1,1-1-2-3,2,429,1
2023/10/17,浦和,6,Ｃ１四 五 六,1400,ダ,左,稍重,晴,9,3,3,リバースイート,牝,3,52.0,429,0,木間龍,齊藤敏,,1,1:30.0,39.0,4-3-2-1,1,429,0
2023/10/17,浦和,6,Ｃ１四 五 六,1400,ダ,左,稍重,晴,9,1,1,ケイセブン,牡,5,56.0,453,8,内田利,箕輪武,,2,1:30.8,39.6,3-4-4-2,3,453,8
2023/10/17,浦和,6,Ｃ１四 五 六,1400,ダ,左,稍重,晴,9,8,8,セイウンコチョウ,牝,4,54.0,403,7,國分祐,冨田敏,,3,1:31.5,39.9,7-7-7-5,8,403,7
2023/10/17,浦和,6,Ｃ１四 五 六,1400,ダ,左,稍重,晴,9,2,2,ノブオートーケン,牡,4,54.0,459,7,及川烈,小澤宏,,4,1:31.6,40.4,5-5-5-4,4,459,7
2023/10/17,浦和,6,Ｃ１四 五 六,1400,ダ,左,稍重,晴,9,4,4,ダプネマリン,牝,3,54.0,414,4,橋本直,入口由,,5,1:32.0,39.4,8-8-8-8,7,414,4
2023/10/17,浦和,6,Ｃ１四 五 六,1400,ダ,左,稍重,晴,9,5,5,フウゲツムヘン,牝,4,54.0,454,5,丹内祐,野口寛,,6,1:32.0,41.1,2-2-1-3,5,454,5
2023/10/17,浦和,6,Ｃ１四 五 六,1400,ダ,左,稍重,晴,9,7,7,コンアモーレ,牡,4,54.0,502,12,室陽一,宇野博,,7,1:32.2,41.0,6-6-6-7,6,502,12
2023/10/17,浦和,6,Ｃ１四 五 六,1400,ダ,左,稍重,晴,9,6,6,サンブルッキングズ,牡,4,56.0,497,6,澤田龍,川村守,,8,1:32.8,41.9,1-1-3-6,2,497,6
2023/10/17,浦和,6,Ｃ１四 五 六,1400,ダ,左,稍重,晴,9,8,9,トモノエリザベス,牝,4,50.0,469,7,中島良,酒井一,,,,,,,469,7
2023/10/17,浦和,7,デビュタント賞２歳選抜牝馬,1400,ダ,左,稍重,晴,11,8,11,アニモ,牝,2,55.0,418,1,保園翔,岡田一,,1,1:30.9,40.2,7-5-4-2,4,418,1
2023/10/17,浦和,7,デビュタント賞２歳選抜牝馬,1400,ダ,左,稍重,晴,11,6,7,ドナデュボア,牝,2,54.0,416,5,森泰斗,武井和,,2,1:31.3,40.9,2-2-1-1,1,416,5
2023/10/17,浦和,7,デビュタント賞２歳選抜牝馬,1400,ダ,左,稍重,晴,11,8,10,ユウユウプルニーマ,牝,2,54.0,424,-3,吉留孝,横山保,,3,1:31.8,40.4,9-9-7-5,11,424,-3
2023/10/17,浦和,7,デビュタント賞２歳選抜牝馬,1400,ダ,左,稍重,晴,11,2,2,ユウユウアイリス,牝,2,52.0,428,4,及川烈,横山保,,4,1:31.9,40.9,8-8-6-4,10,428,4
2023/10/17,浦和,7,デビュタント賞２歳選抜牝馬,1400,ダ,左,稍重,晴,11,7,8,ジョーソーレ,牝,2,54.0,448,-1,和田譲,小久智,,5,1:32.0,40.2,11-11-8-8,7,448,-1
2023/10/17,浦和,7,デビュタント賞２歳選抜牝馬,1400,ダ,左,稍重,晴,11,7,9,オーソレリカ,牝,2,54.0,422,4,福原杏,水野貴,,6,1:32.0,41.4,6-3-2-3,3,422,4
2023/10/17,浦和,7,デビュタント賞２歳選抜牝馬,1400,ダ,左,稍重,晴,11,3,3,ヴィスワ,牝,2,54.0,416,12,寺島憂,海馬司,,7,1:33.4,41.8,10-10-10-9,9,416,12
2023/10/17,浦和,7,デビュタント賞２歳選抜牝馬,1400,ダ,左,稍重,晴,11,5,5,サザンウィンド,牝,2,55.0,429,3,御神訓,小久智,,8,1:33.5,42.8,4-4-5-6,2,429,3
2023/10/17,浦和,7,デビュタント賞２歳選抜牝馬,1400,ダ,左,稍重,晴,11,6,6,サノノレインボー,牝,2,54.0,455,7,見越彬,川島豊,,9,1:34.2,43.8,1-1-3-7,5,455,7
2023/10/17,浦和,7,デビュタント賞２歳選抜牝馬,1400,ダ,左,稍重,晴,11,1,1,シャイニーアイドル,牝,2,54.0,472,5,秋元耕,藤原智,,10,1:35.0,43.8,5-7-9-11,8,472,5
2023/10/17,浦和,7,デビュタント賞２歳選抜牝馬,1400,ダ,左,稍重,晴,11,4,4,メイジョウビーナス,牝,2,54.0,439,14,橋本直,酒井一,,11,1:35.2,44.0,3-6-11-10,6,439,14
2023/10/17,浦和,8,Ｃ１四 五 六,1500,ダ,左,稍重,晴,10,3,3,シンドバッド,牡,3,56.0,472,8,笹川翼,小久智,,1,1:36.8,39.8,1-1-2-1,2,472,8
2023/10/17,浦和,8,Ｃ１四 五 六,1500,ダ,左,稍重,晴,10,8,9,ブルーインサニティ,セ,0,56.0,517,11,半澤慶,工藤伸,,2,1:37.3,40.3,3-2-1-2,1,517,11
2023/10/17,浦和,8,Ｃ１四 五 六,1500,ダ,左,稍重,晴,10,1,1,ヴェニーレ,牡,5,56.0,476,3,森泰斗,山田信,,3,1:37.8,39.5,8-8-9-3,4,476,3
2023/10/17,浦和,8,Ｃ１四 五 六,1500,ダ,左,稍重,晴,10,2,2,ウオッカガール,牝,3,54.0,485,5,藤江渉,箕輪武,,4,1:38.2,40.4,5-5-7-4,7,485,5
2023/10/17,浦和,8,Ｃ１四 五 六,1500,ダ,左,稍重,晴,10,7,7,ミミコチャン,牝,4,50.0,493,10,中島良,小林真,,5,1:38.3,40.1,7-7-7-8,6,493,10
2023/10/17,浦和,8,Ｃ１四 五 六,1500,ダ,左,稍重,晴,10,8,10,キョウエイシャイン,牝,4,54.0,468,9,秋元耕,小澤宏,,6,1:38.5,40.5,6-6-4-5,9,468,9
2023/10/17,浦和,8,Ｃ１四 五 六,1500,ダ,左,稍重,晴,10,6,6,インザライフ,牝,4,53.0,437,-12,仲原大,高野毅,,7,1:38.8,41.2,4-4-5-9,8,437,-12
2023/10/17,浦和,8,Ｃ１四 五 六,1500,ダ,左,稍重,晴,10,7,8,ガラデレオン,牡,6,56.0,491,8,石崎駿,海馬司,,8,1:39.0,40.7,9-9-6-6,5,491,8
2023/10/17,浦和,8,Ｃ１四 五 六,1500,ダ,左,稍重,晴,10,4,4,チェスナットドレス,牝,6,54.0,462,1,國分祐,冨田敏,,9,1:39.8,40.7,10-10-10-10,10,462,1
2023/10/17,浦和,8,Ｃ１四 五 六,1500,ダ,左,稍重,晴,10,5,5,ベルタント,牡,4,56.0,499,1,和田譲,川島豊,,10,1:40.2,43.2,2-3-3-7,3,499,1
2023/10/17,浦和,9,城下町岩槻　鷹狩り行列賞Ｃ１四 五 六,1400,ダ,左,稍重,晴,10,7,7,メイショウソウゴン,牡,5,56.0,477,-2,本田重,久保勇,,1,1:29.4,38.5,8-7-6-4,3,477,-2
2023/10/17,浦和,9,城下町岩槻　鷹狩り行列賞Ｃ１四 五 六,1400,ダ,左,稍重,晴,10,5,5,スーパーローズ,牝,6,53.0,486,1,七夕裕,野口孝,,2,1:29.6,39.0,6-5-4-5,7,486,1
2023/10/17,浦和,9,城下町岩槻　鷹狩り行列賞Ｃ１四 五 六,1400,ダ,左,稍重,晴,10,1,1,イデアノキセキ,牡,4,56.0,447,1,森泰斗,岡田一,,3,1:29.7,40.1,1-1-1-1,4,447,1
2023/10/17,浦和,9,城下町岩槻　鷹狩り行列賞Ｃ１四 五 六,1400,ダ,左,稍重,晴,10,6,6,クリムゾンオーラ,牝,6,52.0,481,2,及川烈,入口由,,4,1:29.7,39.2,3-3-3-3,2,481,2
2023/10/17,浦和,9,城下町岩槻　鷹狩り行列賞Ｃ１四 五 六,1400,ダ,左,稍重,晴,10,4,4,デルタラヴバレット,牡,4,56.0,460,9,笹川翼,繁田健,,5,1:30.0,39.8,2-2-2-2,5,460,9
2023/10/17,浦和,9,城下町岩槻　鷹狩り行列賞Ｃ１四 五 六,1400,ダ,左,稍重,晴,10,2,2,ジャスタースパーク,牡,3,56.0,472,-8,町田直,鈴木義,,6,1:30.3,38.9,9-10-9-7,1,472,-8
2023/10/17,浦和,9,城下町岩槻　鷹狩り行列賞Ｃ１四 五 六,1400,ダ,左,稍重,晴,10,3,3,ヴェルデヴェント,牝,4,54.0,446,2,小杉亮,岡林光,,7,1:30.3,38.9,10-9-8-8,6,446,2
2023/10/17,浦和,9,城下町岩槻　鷹狩り行列賞Ｃ１四 五 六,1400,ダ,左,稍重,晴,10,7,8,サンケイワールド,牡,5,56.0,495,8,張田昂,平山真,,8,1:30.6,40.0,5-4-5-6,9,495,8
2023/10/17,浦和,9,城下町岩槻　鷹狩り行列賞Ｃ１四 五 六,1400,ダ,左,稍重,晴,10,8,10,キックフリップ,牝,4,54.0,457,-1,吉留孝,野口孝,,9,1:32.0,41.1,7-8-7-9,10,457,-1
2023/10/17,浦和,9,城下町岩槻　鷹狩り行列賞Ｃ１四 五 六,1400,ダ,左,稍重,晴,10,8,9,ワンダーフェンリル,牡,5,56.0,512,6,橋本直,鈴木勝,,10,1:32.1,41.2,4-6-10-10,8,512,6
2023/10/17,浦和,10,夕焼け特別Ｂ３二,1400,ダ,左,稍重,晴,7,7,7,カード,牝,5,54.0,463,2,和田譲,小久智,,1,1:27.8,38.0,1-1-1-1,2,463,2
2023/10/17,浦和,10,夕焼け特別Ｂ３二,1400,ダ,左,稍重,晴,7,5,5,デルタ,牝,6,54.0,451,6,内田利,岡田一,,2,1:28.6,38.6,2-2-2-2,3,451,6
2023/10/17,浦和,10,夕焼け特別Ｂ３二,1400,ダ,左,稍重,晴,7,3,3,ミティエラ,牝,4,51.0,499,-1,永島ま,工藤伸,,3,1:28.9,38.6,3-4-3-3,1,499,-1
2023/10/17,浦和,10,夕焼け特別Ｂ３二,1400,ダ,左,稍重,晴,7,2,2,エスケントバゴ,牡,4,56.0,454,1,半澤慶,平山真,,4,1:29.4,38.8,5-5-5-5,5,454,1
2023/10/17,浦和,10,夕焼け特別Ｂ３二,1400,ダ,左,稍重,晴,7,1,1,コウユーラヴラヴ,牝,5,54.0,485,10,町田直,宇野博,,5,1:29.5,39.2,4-3-4-4,4,485,10
2023/10/17,浦和,10,夕焼け特別Ｂ３二,1400,ダ,左,稍重,晴,7,6,6,アイエンジェル,牝,6,53.0,485,3,七夕裕,川島豊,,6,1:30.0,38.8,6-7-7-7,7,485,3
2023/10/17,浦和,10,夕焼け特別Ｂ３二,1400,ダ,左,稍重,晴,7,4,4,レティクル,牡,4,56.0,469,-4,山口達,林正人,,7,1:30.1,39.3,7-6-6-6,6,469,-4
2023/10/17,浦和,11,Ｊ交 ミズナラ賞Ａ２Ｂ１選抜馬,1400,ダ,左,稍重,晴,10,8,9,エンテレケイア,牡,5,57.0,522,2,和田譲,小久智,,1,1:26.0,37.5,2-1-1-1,1,522,2
2023/10/17,浦和,11,Ｊ交 ミズナラ賞Ａ２Ｂ１選抜馬,1400,ダ,左,稍重,晴,10,7,8,ジャックオレンジ,セ,0,55.0,486,-2,本田重,新井清,,2,1:27.9,38.8,6-6-6-5,2,486,-2
2023/10/17,浦和,11,Ｊ交 ミズナラ賞Ａ２Ｂ１選抜馬,1400,ダ,左,稍重,晴,10,1,1,ミルトプライム,牡,3,57.0,470,0,森泰斗,杉山晴,,3,1:28.0,39.2,5-5-4-2,5,470,0
2023/10/17,浦和,11,Ｊ交 ミズナラ賞Ａ２Ｂ１選抜馬,1400,ダ,左,稍重,晴,10,2,2,セルフメイド,牡,5,55.0,511,2,木間龍,矢野義,,4,1:28.1,38.7,7-8-8-7,7,511,2
2023/10/17,浦和,11,Ｊ交 ミズナラ賞Ａ２Ｂ１選抜馬,1400,ダ,左,稍重,晴,10,4,4,グットフォーチュン,牝,4,51.0,494,16,小林美,鈴木伸,,5,1:28.2,38.3,9-9-9-6,6,494,16
2023/10/17,浦和,11,Ｊ交 ミズナラ賞Ａ２Ｂ１選抜馬,1400,ダ,左,稍重,晴,10,6,6,ヴォルゴグラード,牡,4,57.0,520,10,本橋孝,牧田和,,6,1:28.9,38.2,10-10-10-10,8,520,10
2023/10/17,浦和,11,Ｊ交 ミズナラ賞Ａ２Ｂ１選抜馬,1400,ダ,左,稍重,晴,10,8,10,ハセノエクスプレス,牡,5,57.0,474,-5,張田昂,張田京,,7,1:28.9,40.3,3-1-2-3,4,474,-5
2023/10/17,浦和,11,Ｊ交 ミズナラ賞Ａ２Ｂ１選抜馬,1400,ダ,左,稍重,晴,10,5,5,エバーサニーハート,牡,5,57.0,506,10,丹内祐,小手準,,8,1:29.1,40.5,1-1-3-4,10,506,10
2023/10/17,浦和,11,Ｊ交 ミズナラ賞Ａ２Ｂ１選抜馬,1400,ダ,左,稍重,晴,10,7,7,ルクスランページ,牡,4,54.0,477,5,永島ま,村山明,,9,1:29.6,40.8,4-4-5-8,9,477,5
2023/10/17,浦和,11,Ｊ交 ミズナラ賞Ａ２Ｂ１選抜馬,1400,ダ,左,稍重,晴,10,3,3,ダイシンピスケス,牡,5,57.0,519,15,笹川翼,森秀行,,10,1:29.9,40.7,8-7-7-9,3,519,15
2023/10/17,浦和,12,秋風特別Ｂ２Ｂ３選抜馬,2000,ダ,左,稍重,晴,10,3,3,アヴァニイ,牝,6,55.0,513,-8,森泰斗,小久智,,1,2:10.0,39.1,2-2-2-1,1,513,-8
2023/10/17,浦和,12,秋風特別Ｂ２Ｂ３選抜馬,2000,ダ,左,稍重,晴,10,8,10,オーケーパッション,牝,5,53.0,494,10,笹川翼,小久智,,2,2:11.0,40.3,1-1-1-2,3,494,10
2023/10/17,浦和,12,秋風特別Ｂ２Ｂ３選抜馬,2000,ダ,左,稍重,晴,10,2,2,ヒロシゲジャック,牡,4,57.0,521,-4,町田直,荒井朋,,3,2:11.1,39.7,4-5-3-3,4,521,-4
2023/10/17,浦和,12,秋風特別Ｂ２Ｂ３選抜馬,2000,ダ,左,稍重,晴,10,5,5,マイネルカガヤキ,牡,6,57.0,509,14,橋本直,平山真,,4,2:11.6,40.0,8-7-4-4,10,509,14
2023/10/17,浦和,12,秋風特別Ｂ２Ｂ３選抜馬,2000,ダ,左,稍重,晴,10,7,8,ミッキーハッスル,セ,0,57.0,454,4,岡村健,林隆之,,5,2:12.6,41.2,3-3-5-5,9,454,4
2023/10/17,浦和,12,秋風特別Ｂ２Ｂ３選抜馬,2000,ダ,左,稍重,晴,10,1,1,ブルースウェード,牝,5,53.0,448,7,保園翔,水野貴,,6,2:13.1,41.5,5-6-6-6,5,448,7
2023/10/17,浦和,12,秋風特別Ｂ２Ｂ３選抜馬,2000,ダ,左,稍重,晴,10,6,6,オリエンタルラニ,牝,3,53.0,459,4,内田利,佐々功,,7,2:13.3,40.5,10-10-10-9,6,459,4
2023/10/17,浦和,12,秋風特別Ｂ２Ｂ３選抜馬,2000,ダ,左,稍重,晴,10,8,9,アポロダーウィン,牡,6,55.0,513,0,秋元耕,内野健,,8,2:13.4,41.4,7-8-8-7,8,513,0
2023/10/17,浦和,12,秋風特別Ｂ２Ｂ３選抜馬,2000,ダ,左,稍重,晴,10,4,4,ハクサントップ,牡,5,55.0,484,5,澤田龍,矢野義,,9,2:14.2,42.4,9-9-7-8,2,484,5
2023/10/17,浦和,12,秋風特別Ｂ２Ｂ３選抜馬,2000,ダ,左,稍重,晴,10,7,7,グーガルドリームズ,セ,0,57.0,481,-4,福原杏,水野貴,,10,2:15.3,43.7,6-4-9-10,7,481,-4
2023/10/18,浦和,1,３歳三選抜馬ア,1400,ダ,左,稍重,晴,12,8,12,アマレロフレイバー,牡,3,56.0,476,-2,和田譲,繁田健,,1,1:29.4,38.2,6-5-1-1,4,476,-2
2023/10/18,浦和,1,３歳三選抜馬ア,1400,ダ,左,稍重,晴,12,6,8,レアリーズレーヴ,牝,3,54.0,486,-4,中越琉,久保秀,,2,1:29.8,38.3,9-9-3-2,5,486,-4
2023/10/18,浦和,1,３歳三選抜馬ア,1400,ダ,左,稍重,晴,12,4,4,デイアンドナイト,牝,3,54.0,477,3,笹川翼,小久智,,3,1:31.1,40.2,2-2-1-3,1,477,3
2023/10/18,浦和,1,３歳三選抜馬ア,1400,ダ,左,稍重,晴,12,3,3,ニシノメサイア,牝,3,54.0,447,1,吉原寛,小澤宏,,4,1:31.1,39.1,8-8-8-5,3,447,1
2023/10/18,浦和,1,３歳三選抜馬ア,1400,ダ,左,稍重,晴,12,8,11,アムブロシアー,牝,3,54.0,444,8,福原杏,水野貴,,5,1:31.1,39.9,5-4-5-4,2,444,8
2023/10/18,浦和,1,３歳三選抜馬ア,1400,ダ,左,稍重,晴,12,7,10,ローズミカ,牝,3,54.0,437,7,藤本現,酒井一,,6,1:31.8,40.2,7-7-7-7,6,437,7
2023/10/18,浦和,1,３歳三選抜馬ア,1400,ダ,左,稍重,晴,12,5,6,ダイナマイトブル,牡,3,56.0,440,-6,櫻井光,新井健,,7,1:32.0,39.5,12-12-10-9,12,440,-6
2023/10/18,浦和,1,３歳三選抜馬ア,1400,ダ,左,稍重,晴,12,6,7,ブラウンリバティ,牝,3,54.0,437,-2,保園翔,海馬司,,8,1:32.3,41.2,3-3-6-6,7,437,-2
2023/10/18,浦和,1,３歳三選抜馬ア,1400,ダ,左,稍重,晴,12,1,1,モンゲーチャンス,牡,3,55.0,461,-3,新原周,八木喜,,9,1:33.1,40.4,11-10-11-11,10,461,-3
2023/10/18,浦和,1,３歳三選抜馬ア,1400,ダ,左,稍重,晴,12,7,9,コッコローネ,牡,3,52.0,489,1,神尾香,田島寿,,10,1:33.1,40.4,10-11-12-10,11,489,1
2023/10/18,浦和,1,３歳三選抜馬ア,1400,ダ,左,稍重,晴,12,2,2,モルデュール,牡,3,56.0,483,-6,野畑凌,佐藤博,,11,1:33.2,42.3,1-1-4-8,8,483,-6
2023/10/18,浦和,1,３歳三選抜馬ア,1400,ダ,左,稍重,晴,12,5,5,オトメノワルツ,牝,3,51.0,471,2,所　蛍,玉井昇,,12,1:33.9,42.1,4-6-9-12,9,471,2
2023/10/18,浦和,2,ランチタイムチャレンジＣ２五 六,1400,ダ,左,稍重,晴,10,7,8,ジョーイルムシュ,牝,3,54.0,475,17,森泰斗,小久智,,1,1:28.9,38.1,2-2-1-1,1,475,17
2023/10/18,浦和,2,ランチタイムチャレンジＣ２五 六,1400,ダ,左,稍重,晴,10,5,5,コンイルヴェント,牡,3,56.0,538,-7,山中悠,伊藤滋,,2,1:29.8,38.8,4-3-2-2,3,538,-7
2023/10/18,浦和,2,ランチタイムチャレンジＣ２五 六,1400,ダ,左,稍重,晴,10,6,6,レインボーポラリス,牡,4,56.0,519,9,町田直,新井清,,3,1:30.4,39.2,5-6-4-3,2,519,9
2023/10/18,浦和,2,ランチタイムチャレンジＣ２五 六,1400,ダ,左,稍重,晴,10,2,2,パラダイスアレイ,牡,5,56.0,491,22,張田昂,小澤宏,,4,1:30.6,39.3,7-5-5-4,4,491,22
2023/10/18,浦和,2,ランチタイムチャレンジＣ２五 六,1400,ダ,左,稍重,晴,10,1,1,ガリンシャ,牡,4,56.0,442,-7,福原杏,八木仁,,5,1:31.1,39.1,10-10-7-6,7,442,-7
2023/10/18,浦和,2,ランチタイムチャレンジＣ２五 六,1400,ダ,左,稍重,晴,10,3,3,ヤマトカチドキ,牝,4,50.0,485,-3,神尾香,山田質,,6,1:31.2,39.2,8-8-9-8,8,485,-3
2023/10/18,浦和,2,ランチタイムチャレンジＣ２五 六,1400,ダ,左,稍重,晴,10,7,7,カリグラフィー,牝,4,54.0,461,0,橋本直,入口由,,7,1:31.8,40.5,3-4-6-5,5,461,0
2023/10/18,浦和,2,ランチタイムチャレンジＣ２五 六,1400,ダ,左,稍重,晴,10,4,4,グッドヘイロー,牝,4,54.0,507,8,中越琉,海馬司,,8,1:32.8,41.0,6-7-8-9,10,507,8
2023/10/18,浦和,2,ランチタイムチャレンジＣ２五 六,1400,ダ,左,稍重,晴,10,8,9,ロンバルディ,牡,3,56.0,494,-5,野畑凌,高月賢,,9,1:33.3,42.5,1-1-3-7,6,494,-5
2023/10/18,浦和,2,ランチタイムチャレンジＣ２五 六,1400,ダ,左,稍重,晴,10,8,10,スタードラゴン,牡,4,56.0,520,9,加藤和,薮口一,,10,1:34.0,41.7,9-9-10-10,9,520,9
2023/10/18,浦和,3,Ｃ３三 四,1500,ダ,左,良,晴,11,6,7,アナハ,牝,6,50.0,420,0,中島良,川島豊,,1,1:39.3,40.1,5-5-5-4,7,420,0
2023/10/18,浦和,3,Ｃ３三 四,1500,ダ,左,良,晴,11,2,2,マリアフィナーレ,牝,6,54.0,445,3,見越彬,小林真,,2,1:39.3,41.1,1-1-1-1,9,445,3
2023/10/18,浦和,3,Ｃ３三 四,1500,ダ,左,良,晴,11,6,6,ユメノハジマリ,牝,7,52.0,492,4,室陽一,水野貴,,3,1:39.6,41.4,2-2-2-2,1,492,4
2023/10/18,浦和,3,Ｃ３三 四,1500,ダ,左,良,晴,11,8,10,プチポワン,牝,7,52.0,474,1,木間龍,矢野義,,4,1:39.8,40.0,10-10-6-6,2,474,1
2023/10/18,浦和,3,Ｃ３三 四,1500,ダ,左,良,晴,11,8,11,パーティーアニマル,牡,7,56.0,450,-3,高橋哲,海馬司,,5,1:40.0,41.2,3-3-4-3,5,450,-3
2023/10/18,浦和,3,Ｃ３三 四,1500,ダ,左,良,晴,11,4,4,セコイア,牝,6,54.0,471,-6,加藤和,八木仁,,6,1:40.6,40.6,8-9-9-8,6,471,-6
2023/10/18,浦和,3,Ｃ３三 四,1500,ダ,左,良,晴,11,7,8,ナツィオナーレ,牝,8,54.0,437,6,和田譲,野口孝,,7,1:40.9,40.9,9-8-10-9,3,437,6
2023/10/18,浦和,3,Ｃ３三 四,1500,ダ,左,良,晴,11,3,3,ダイチスマイル,牡,4,56.0,440,1,臼井健,佐々功,,8,1:41.1,40.7,11-11-11-11,10,440,1
2023/10/18,浦和,3,Ｃ３三 四,1500,ダ,左,良,晴,11,5,5,タイシタモンダロ,牡,4,56.0,498,7,保園翔,川村守,,9,1:41.2,42.4,4-4-3-5,4,498,7
2023/10/18,浦和,3,Ｃ３三 四,1500,ダ,左,良,晴,11,1,1,フェミニンルック,牝,5,54.0,427,0,町田直,内田勝,,10,1:41.3,41.5,7-7-7-7,8,427,0
2023/10/18,浦和,3,Ｃ３三 四,1500,ダ,左,良,晴,11,7,9,エスケイローレンス,牝,4,54.0,450,1,國分祐,冨田敏,,11,1:41.6,41.8,6-6-8-10,11,450,1
2023/10/18,浦和,4,２歳三,1400,ダ,左,良,晴,9,4,4,クラッチタイム,牝,2,54.0,442,4,野畑凌,稲益貴,,1,1:32.2,41.3,2-1-1-1,3,442,4
2023/10/18,浦和,4,２歳三,1400,ダ,左,良,晴,9,3,3,トコトコトッコトコ,牝,2,54.0,473,1,和田譲,宇野博,,2,1:32.3,40.6,8-8-7-5,5,473,1
2023/10/18,浦和,4,２歳三,1400,ダ,左,良,晴,9,8,9,キョウエイモノノフ,牝,2,54.0,433,-6,藤本現,山崎尋,,3,1:32.6,41.6,3-3-4-4,8,433,-6
2023/10/18,浦和,4,２歳三,1400,ダ,左,良,晴,9,8,8,ブレイブハート,牡,2,55.0,446,2,山口達,林正人,,4,1:32.7,41.7,7-6-3-2,2,446,2
2023/10/18,浦和,4,２歳三,1400,ダ,左,良,晴,9,1,1,ユウユウプレスト,牝,2,54.0,361,-5,橋本直,入口由,,5,1:33.5,41.8,9-7-8-7,9,361,-5
2023/10/18,浦和,4,２歳三,1400,ダ,左,良,晴,9,2,2,ビナミトー,牝,2,54.0,447,3,岡村健,酒井一,,6,1:33.7,42.5,5-4-5-6,4,447,3
2023/10/18,浦和,4,２歳三,1400,ダ,左,良,晴,9,7,7,キョウエイオリオン,牡,2,55.0,473,8,秋元耕,小澤宏,,7,1:33.8,42.9,1-2-2-3,7,473,8
2023/10/18,浦和,4,２歳三,1400,ダ,左,良,晴,9,5,5,ケンスピリタス,牡,2,55.0,457,11,笹川翼,繁田健,,8,1:36.9,45.7,6-5-6-8,1,457,11
2023/10/18,浦和,4,２歳三,1400,ダ,左,良,晴,9,6,6,タカイチラブリー,牝,2,54.0,441,2,保園翔,薮口一,,9,1:38.6,45.5,4-9-9-9,6,441,2
2023/10/18,浦和,5,２歳二,1400,ダ,左,良,晴,8,1,1,インターセプト,牝,2,54.0,472,-6,笹川翼,繁田健,,1,1:31.8,41.6,1-1-1-1,1,472,-6
2023/10/18,浦和,5,２歳二,1400,ダ,左,良,晴,8,4,4,アルサーフィ,牡,2,55.0,455,0,内田利,箕輪武,,2,1:31.9,41.7,2-2-2-2,6,455,0
2023/10/18,浦和,5,２歳二,1400,ダ,左,良,晴,8,3,3,トーセンエナジー,牡,2,55.0,472,10,和田譲,小久智,,3,1:32.4,41.2,4-4-4-3,2,472,10
2023/10/18,浦和,5,２歳二,1400,ダ,左,良,晴,8,2,2,シェナテイオー,牡,2,54.0,431,1,七夕裕,冨田敏,,4,1:33.5,41.0,8-8-8-8,8,431,1
2023/10/18,浦和,5,２歳二,1400,ダ,左,良,晴,8,7,7,チイサナイヤリング,牝,2,52.0,448,9,室陽一,小林真,,5,1:33.7,41.8,7-7-7-6,5,448,9
2023/10/18,浦和,5,２歳二,1400,ダ,左,良,晴,8,6,6,ブナシメジ,牡,2,55.0,454,-6,野畑凌,伊藤滋,,6,1:33.9,42.7,6-5-5-5,7,454,-6
2023/10/18,浦和,5,２歳二,1400,ダ,左,良,晴,8,8,8,アライグマパンチ,牡,2,55.0,449,7,保園翔,箕輪武,,7,1:34.5,43.7,3-3-3-4,3,449,7
2023/10/18,浦和,5,２歳二,1400,ダ,左,良,晴,8,5,5,シェナスタート,牝,2,50.0,435,-1,中島良,佐々仁,,8,1:35.9,44.2,5-6-6-7,4,435,-1
2023/10/18,浦和,6,Ｃ３三 四,1400,ダ,左,良,晴,10,8,9,トキノレーヴ,牝,5,54.0,413,7,櫻井光,海馬司,,1,1:31.5,38.1,3-3-2-2,8,413,7
2023/10/18,浦和,6,Ｃ３三 四,1400,ダ,左,良,晴,10,6,6,ケイティーユイ,牝,5,53.0,452,2,七夕裕,水野貴,,2,1:31.5,37.9,5-5-5-4,3,452,2
2023/10/18,浦和,6,Ｃ３三 四,1400,ダ,左,良,晴,10,7,8,ハクサンストロング,牡,7,56.0,489,4,澤田龍,森　始,,3,1:31.8,38.4,2-2-2-1,2,489,4
2023/10/18,浦和,6,Ｃ３三 四,1400,ダ,左,良,晴,10,8,10,キミノナハ,牝,5,54.0,459,6,加藤和,長谷忍,,4,1:32.3,38.5,6-6-6-7,4,459,6
2023/10/18,浦和,6,Ｃ３三 四,1400,ダ,左,良,晴,10,7,7,ピッコロバンビーナ,牝,4,54.0,462,-2,岡村健,酒井一,,5,1:32.3,38.0,9-8-8-8,7,462,-2
2023/10/18,浦和,6,Ｃ３三 四,1400,ダ,左,良,晴,10,2,2,マルノコウキ,牡,4,54.0,528,5,室陽一,川村守,,6,1:32.7,39.4,1-1-1-3,6,528,5
2023/10/18,浦和,6,Ｃ３三 四,1400,ダ,左,良,晴,10,1,1,アストロメアリー,牝,4,52.0,393,-3,及川烈,長谷忍,,7,1:32.8,38.5,7-7-7-6,10,393,-3
2023/10/18,浦和,6,Ｃ３三 四,1400,ダ,左,良,晴,10,3,3,ラキエストバイオ,牝,7,54.0,470,2,笹川翼,新井清,,8,1:32.9,39.3,4-4-4-5,1,470,2
2023/10/18,浦和,6,Ｃ３三 四,1400,ダ,左,良,晴,10,4,4,ハルノトゥーリ,牝,4,54.0,483,1,吉原寛,薮口一,,9,1:34.0,39.2,8-9-9-9,5,483,1
2023/10/18,浦和,6,Ｃ３三 四,1400,ダ,左,良,晴,10,5,5,シェナノララ,牝,4,54.0,440,4,國分祐,冨田敏,,10,1:36.0,40.4,10-10-10-10,9,440,4
2023/10/18,浦和,7,Ｃ２五 六,1500,ダ,左,良,晴,11,8,10,トーアルドルフ,牡,4,56.0,472,-1,笹川翼,新井清,,1,1:37.7,39.2,6-6-2-1,1,472,-1
2023/10/18,浦和,7,Ｃ２五 六,1500,ダ,左,良,晴,11,7,8,コルレオーネ,牡,3,55.0,500,-7,新原周,高月賢,,2,1:38.4,39.3,10-10-10-4,4,500,-7
2023/10/18,浦和,7,Ｃ２五 六,1500,ダ,左,良,晴,11,3,3,キタサンエポナ,牝,4,54.0,445,3,保園翔,繁田健,,3,1:38.7,40.4,3-3-1-2,3,445,3
2023/10/18,浦和,7,Ｃ２五 六,1500,ダ,左,良,晴,11,4,4,エトワールゴールド,牡,4,56.0,475,2,吉留孝,薮口一,,4,1:39.4,40.6,8-9-8-7,11,475,2
2023/10/18,浦和,7,Ｃ２五 六,1500,ダ,左,良,晴,11,8,11,サンアクセソワール,牝,3,54.0,425,-10,半澤慶,工藤伸,,5,1:39.4,40.9,5-5-6-5,6,425,-10
2023/10/18,浦和,7,Ｃ２五 六,1500,ダ,左,良,晴,11,2,2,ヴォーグセレナイト,牝,3,54.0,443,-1,町田直,内田勝,,6,1:39.5,39.8,11-11-11-10,7,443,-1
2023/10/18,浦和,7,Ｃ２五 六,1500,ダ,左,良,晴,11,7,9,フラワーテイル,牝,3,54.0,440,7,森泰斗,平山真,,7,1:39.6,41.1,4-4-4-3,2,440,7
2023/10/18,浦和,7,Ｃ２五 六,1500,ダ,左,良,晴,11,5,5,モーニング,牡,3,56.0,476,7,秋元耕,入口由,,8,1:39.7,41.2,9-8-4-8,8,476,7
2023/10/18,浦和,7,Ｃ２五 六,1500,ダ,左,良,晴,11,1,1,スマイルポピー,牝,3,54.0,472,9,和田譲,小澤宏,,9,1:40.6,41.8,7-7-9-9,5,472,9
2023/10/18,浦和,7,Ｃ２五 六,1500,ダ,左,良,晴,11,6,6,フォースバイオ,牡,3,54.0,431,0,木間龍,新井清,,10,1:40.7,42.4,2-2-3-6,9,431,0
2023/10/18,浦和,7,Ｃ２五 六,1500,ダ,左,良,晴,11,6,7,シナノフローレンス,牝,3,53.0,399,-1,七夕裕,岡田一,,11,1:43.0,44.7,1-1-7-11,10,399,-1
2023/10/18,浦和,8,寄居特産！風布・小林みかん賞Ｃ１選抜馬,800,ダ,左,良,晴,12,7,10,ラヴィンツァラ,牝,6,54.0,487,7,橋本直,平山真,,1,0:47.6,35.3,4-3,7,487,7
2023/10/18,浦和,8,寄居特産！風布・小林みかん賞Ｃ１選抜馬,800,ダ,左,良,晴,12,8,11,ピカンチダブル,牝,3,54.0,465,2,野畑凌,新井清,,2,0:47.6,35.5,2-2,2,465,2
2023/10/18,浦和,8,寄居特産！風布・小林みかん賞Ｃ１選抜馬,800,ダ,左,良,晴,12,1,1,ノースプリマ,牝,3,52.0,456,1,木間龍,水野貴,,3,0:47.7,34.5,8-7,6,456,1
2023/10/18,浦和,8,寄居特産！風布・小林みかん賞Ｃ１選抜馬,800,ダ,左,良,晴,12,5,5,キューティロメラ,牝,3,54.0,480,1,見越彬,繁田健,,4,0:47.8,35.7,1-1,1,480,1
2023/10/18,浦和,8,寄居特産！風布・小林みかん賞Ｃ１選抜馬,800,ダ,左,良,晴,12,8,12,ダンシングクライ,牝,3,54.0,492,10,高橋哲,藤原智,,5,0:47.9,35.8,3-4,8,492,10
2023/10/18,浦和,8,寄居特産！風布・小林みかん賞Ｃ１選抜馬,800,ダ,左,良,晴,12,6,7,ドクタースキル,牝,5,54.0,488,-6,岡村健,岡林光,,6,0:48.0,35.2,6-6,5,488,-6
2023/10/18,浦和,8,寄居特産！風布・小林みかん賞Ｃ１選抜馬,800,ダ,左,良,晴,12,3,3,ラインクロッカス,牝,3,54.0,418,6,秋元耕,小澤宏,,7,0:48.2,35.8,5-5,4,418,6
2023/10/18,浦和,8,寄居特産！風布・小林みかん賞Ｃ１選抜馬,800,ダ,左,良,晴,12,2,2,ベルセブンティーン,牝,5,52.0,479,1,室陽一,小久智,,8,0:48.3,35.5,7-8,3,479,1
2023/10/18,浦和,8,寄居特産！風布・小林みかん賞Ｃ１選抜馬,800,ダ,左,良,晴,12,6,8,スマートドラフト,牝,4,54.0,432,-12,澤田龍,鈴木勝,,9,0:49.5,36.5,9-9,9,432,-12
2023/10/18,浦和,8,寄居特産！風布・小林みかん賞Ｃ１選抜馬,800,ダ,左,良,晴,12,5,6,メガバズーカランチ,牝,3,53.0,460,1,七夕裕,工藤伸,,10,0:50.0,36.0,10-11,10,460,1
2023/10/18,浦和,8,寄居特産！風布・小林みかん賞Ｃ１選抜馬,800,ダ,左,良,晴,12,7,9,シナジーエフェクト,牡,3,56.0,492,10,藤江渉,岡田一,,11,0:50.0,35.9,12-12,11,492,10
2023/10/18,浦和,8,寄居特産！風布・小林みかん賞Ｃ１選抜馬,800,ダ,左,良,晴,12,4,4,セイウンゴールド,牡,5,56.0,482,-1,國分祐,吉田正,,12,0:51.3,37.3,11-10,12,482,-1
2023/10/18,浦和,9,小春特別Ｃ２二,1500,ダ,左,良,晴,8,1,1,ハクアイアトム,牡,5,56.0,479,7,町田直,宇野博,,1,1:36.8,39.0,1-1-1-1,2,479,7
2023/10/18,浦和,9,小春特別Ｃ２二,1500,ダ,左,良,晴,8,6,6,ロジマスタング,牝,4,54.0,473,-3,福原杏,平山真,,2,1:36.8,39.0,2-2-2-1,4,473,-3
2023/10/18,浦和,9,小春特別Ｃ２二,1500,ダ,左,良,晴,8,4,4,ミメウルワシ,牝,8,50.0,446,-3,中島良,藤原智,,3,1:37.4,39.1,5-5-5-5,6,446,-3
2023/10/18,浦和,9,小春特別Ｃ２二,1500,ダ,左,良,晴,8,7,7,アモフリューゲル,牝,3,54.0,454,4,山崎誠,小澤宏,,4,1:38.0,40.0,3-3-3-3,1,454,4
2023/10/18,浦和,9,小春特別Ｃ２二,1500,ダ,左,良,晴,8,2,2,モモドリーム,牝,5,54.0,488,2,吉原寛,平山真,,5,1:38.1,39.9,4-4-4-4,3,488,2
2023/10/18,浦和,9,小春特別Ｃ２二,1500,ダ,左,良,晴,8,3,3,ミーティアカフェ,牝,5,54.0,479,-5,内田利,箕輪武,,6,1:38.3,39.8,6-6-6-6,5,479,-5
2023/10/18,浦和,9,小春特別Ｃ２二,1500,ダ,左,良,晴,8,5,5,ピノモラーン,牡,5,55.0,473,0,新原周,野口孝,,7,1:39.1,40.6,7-7-7-7,7,473,0
2023/10/18,浦和,9,小春特別Ｃ２二,1500,ダ,左,良,晴,8,8,8,ポッピングシャワー,牝,3,54.0,426,0,澤田龍,川村守,,8,1:39.3,39.8,8-8-8-8,8,426,0
2023/10/18,浦和,10,陽月特別Ｂ３三,1500,ダ,左,良,晴,12,6,8,ケンキートス,牡,3,56.0,512,1,笹川翼,繁田健,,1,1:35.4,38.8,3-3-3-2,1,512,1
2023/10/18,浦和,10,陽月特別Ｂ３三,1500,ダ,左,良,晴,12,6,7,ティーファイブ,牡,4,56.0,481,18,吉留孝,小久智,,2,1:35.8,39.6,1-1-1-1,7,481,18
2023/10/18,浦和,10,陽月特別Ｂ３三,1500,ダ,左,良,晴,12,4,4,クルベリ,セ,0,56.0,494,0,山崎誠,米谷康,,3,1:35.8,38.5,7-7-7-5,2,494,0
2023/10/18,浦和,10,陽月特別Ｂ３三,1500,ダ,左,良,晴,12,1,1,ブルグミューラー,牡,3,56.0,499,6,和田譲,小久智,,4,1:36.3,39.9,2-2-2-3,6,499,6
2023/10/18,浦和,10,陽月特別Ｂ３三,1500,ダ,左,良,晴,12,5,6,リュウノアン,牝,4,54.0,469,0,吉原寛,川村守,,5,1:36.4,38.3,9-9-9-7,10,469,0
2023/10/18,浦和,10,陽月特別Ｂ３三,1500,ダ,左,良,晴,12,2,2,ダヴィンチ,牡,5,56.0,537,3,小杉亮,林　幻,,6,1:36.5,39.6,6-5-4-4,3,537,3
2023/10/18,浦和,10,陽月特別Ｂ３三,1500,ダ,左,良,晴,12,7,9,ミラクルランバック,牡,4,56.0,530,1,本橋孝,藤原智,,7,1:36.7,39.7,5-6-5-6,5,530,1
2023/10/18,浦和,10,陽月特別Ｂ３三,1500,ダ,左,良,晴,12,8,12,ブルボンティアラ,牝,4,54.0,422,-1,福原杏,水野貴,,8,1:36.9,38.2,11-11-10-9,11,422,-1
2023/10/18,浦和,10,陽月特別Ｂ３三,1500,ダ,左,良,晴,12,5,5,ヴァネロペ,牝,4,54.0,469,-4,山口達,林正人,,9,1:37.2,38.3,12-12-11-11,9,469,-4
2023/10/18,浦和,10,陽月特別Ｂ３三,1500,ダ,左,良,晴,12,7,10,ゼローソ,セ,0,56.0,488,8,町田直,宇野博,,10,1:37.4,39.8,8-8-8-10,4,488,8
2023/10/18,浦和,10,陽月特別Ｂ３三,1500,ダ,左,良,晴,12,3,3,ガンコチャン,牝,4,52.0,485,7,及川烈,岡田一,,11,1:37.7,40.8,4-4-6-8,8,485,7
2023/10/18,浦和,10,陽月特別Ｂ３三,1500,ダ,左,良,晴,12,8,11,ダイワミラクル,牡,6,54.0,484,-2,木間龍,伊藤滋,,12,1:38.8,40.2,10-10-12-12,12,484,-2
2023/10/18,浦和,11,埼玉新聞栄冠賞３上オープン,2000,ダ,左,良,晴,12,7,10,ジョエル,牡,5,58.0,533,2,所　蛍,張田京,,1,2:08.0,38.2,3-3-3-2,4,533,2
2023/10/18,浦和,11,埼玉新聞栄冠賞３上オープン,2000,ダ,左,良,晴,12,3,3,ランリョウオー,牡,5,58.0,462,13,本橋孝,小久智,,2,2:08.0,38.5,1-1-1-1,1,462,13
2023/10/18,浦和,11,埼玉新聞栄冠賞３上オープン,2000,ダ,左,良,晴,12,5,6,ユアヒストリー,牡,5,58.0,481,-4,張田昂,山下之,,3,2:08.0,37.9,6-6-5-5,10,481,-4
2023/10/18,浦和,11,埼玉新聞栄冠賞３上オープン,2000,ダ,左,良,晴,12,2,2,エルデュクラージュ,セ,0,58.0,510,-1,本田重,川島一,,4,2:08.3,38.4,5-5-4-3,7,510,-1
2023/10/18,浦和,11,埼玉新聞栄冠賞３上オープン,2000,ダ,左,良,晴,12,5,5,ヴェルテックス,牡,6,58.0,530,-6,笹川翼,藤田輝,,5,2:08.5,38.9,2-2-2-4,2,530,-6
2023/10/18,浦和,11,埼玉新聞栄冠賞３上オープン,2000,ダ,左,良,晴,12,7,9,ミヤギザオウ,牡,4,58.0,511,-2,今野忠,森下淳,,6,2:09.1,38.7,8-8-8-6,5,511,-2
2023/10/18,浦和,11,埼玉新聞栄冠賞３上オープン,2000,ダ,左,良,晴,12,4,4,マンガン,牡,6,58.0,484,11,吉原寛,石井勝,,7,2:09.4,38.8,12-10-9-9,3,484,11
2023/10/18,浦和,11,埼玉新聞栄冠賞３上オープン,2000,ダ,左,良,晴,12,6,7,コパノジャッキー,牡,8,58.0,478,4,森泰斗,荒山勝,,8,2:09.5,39.0,9-9-9-8,9,478,4
2023/10/18,浦和,11,埼玉新聞栄冠賞３上オープン,2000,ダ,左,良,晴,12,8,12,カイル,牡,4,58.0,476,-1,御神訓,小久智,,9,2:10.1,40.0,7-7-7-7,6,476,-1
2023/10/18,浦和,11,埼玉新聞栄冠賞３上オープン,2000,ダ,左,良,晴,12,6,8,コスモセイリュウ,牡,6,56.0,510,13,岡田大,入口由,,10,2:11.0,40.0,11-11-11-10,12,510,13
2023/10/18,浦和,11,埼玉新聞栄冠賞３上オープン,2000,ダ,左,良,晴,12,1,1,オーヴェルニュ,牡,7,58.0,480,1,福原杏,平山真,,11,2:12.1,42.2,4-4-6-11,8,480,1
2023/10/18,浦和,11,埼玉新聞栄冠賞３上オープン,2000,ダ,左,良,晴,12,8,11,ナムラカメタロー,牡,7,58.0,507,4,東原悠,赤嶺本,,12,2:14.1,41.7,10-12-12-12,11,507,4
2023/10/18,浦和,12,オパール特別Ｃ１二,1400,ダ,左,良,晴,10,8,9,ラッキークローバー,牝,4,54.0,481,41,笹川翼,小久智,,1,1:29.2,38.4,2-2-1-1,1,481,41
2023/10/18,浦和,12,オパール特別Ｃ１二,1400,ダ,左,良,晴,10,5,5,サブリュウシン,牡,3,56.0,473,6,岡村健,平山真,,2,1:29.9,38.3,5-5-5-4,2,473,6
2023/10/18,浦和,12,オパール特別Ｃ１二,1400,ダ,左,良,晴,10,8,10,ハクサンセレーネ,牝,4,54.0,453,-10,吉原寛,矢野義,,3,1:30.0,39.3,1-1-1-2,4,453,-10
2023/10/18,浦和,12,オパール特別Ｃ１二,1400,ダ,左,良,晴,10,2,2,ノアブラック,セ,0,56.0,442,1,藤江渉,武井和,,4,1:30.3,39.1,3-3-3-3,5,442,1
2023/10/18,浦和,12,オパール特別Ｃ１二,1400,ダ,左,良,晴,10,6,6,バトルオサンナ,牝,9,54.0,445,9,庄司大,入口由,,5,1:30.4,38.3,7-7-7-7,6,445,9
2023/10/18,浦和,12,オパール特別Ｃ１二,1400,ダ,左,良,晴,10,1,1,アンファンドディユ,牡,6,56.0,443,3,町田直,海馬司,,6,1:30.9,39.5,4-4-4-5,7,443,3
2023/10/18,浦和,12,オパール特別Ｃ１二,1400,ダ,左,良,晴,10,4,4,セザンブライト,牡,3,56.0,466,-5,濱田達,渋谷博,,7,1:30.9,38.1,10-10-9-9,9,466,-5
2023/10/18,浦和,12,オパール特別Ｃ１二,1400,ダ,左,良,晴,10,3,3,ケンブリッジラテ,牡,5,56.0,510,9,西啓太,小澤宏,,8,1:31.0,39.0,6-6-6-6,3,510,9
2023/10/18,浦和,12,オパール特別Ｃ１二,1400,ダ,左,良,晴,10,7,7,アマゴ,牝,4,54.0,465,-4,寺島憂,箕輪武,,9,1:31.1,38.8,8-8-8-8,8,465,-4
2023/10/18,浦和,12,オパール特別Ｃ１二,1400,ダ,左,良,晴,10,7,8,マオノウイッシュ,牝,4,54.0,500,1,半澤慶,宇野博,,10,1:33.2,40.4,9-9-10-10,10,500,1
2023/10/19,浦和,1,Ｃ２九 十,1400,ダ,左,良,晴,8,7,7,ダイヤモンドビーチ,牡,3,56.0,461,8,森泰斗,水野貴,,1,1:29.5,39.6,2-2-2-2,1,461,8
2023/10/19,浦和,1,Ｃ２九 十,1400,ダ,左,良,晴,8,2,2,イスラデルノルテ,牡,3,56.0,441,-1,和田譲,野口寛,,2,1:29.7,39.9,1-1-1-1,3,441,-1
2023/10/19,浦和,1,Ｃ２九 十,1400,ダ,左,良,晴,8,6,6,マイネルユヌスール,牡,4,56.0,483,9,福原杏,横山保,,3,1:30.4,40.3,3-3-3-3,6,483,9
2023/10/19,浦和,1,Ｃ２九 十,1400,ダ,左,良,晴,8,8,8,ウイングラドナス,牡,4,56.0,464,3,橋本直,内野健,,4,1:30.9,40.1,6-5-5-4,5,464,3
2023/10/19,浦和,1,Ｃ２九 十,1400,ダ,左,良,晴,8,1,1,セイダンシング,牡,4,56.0,489,12,高橋利,玉井昇,,5,1:31.4,39.5,8-8-7-6,7,489,12
2023/10/19,浦和,1,Ｃ２九 十,1400,ダ,左,良,晴,8,5,5,エコロアジェンダ,牡,5,53.0,454,6,谷内貫,工藤伸,,6,1:32.2,41.2,5-6-6-7,4,454,6
2023/10/19,浦和,1,Ｃ２九 十,1400,ダ,左,良,晴,8,4,4,ゴールドバニー,牝,3,54.0,482,-2,町田直,野口孝,,7,1:32.9,41.4,7-7-8-8,8,482,-2
2023/10/19,浦和,1,Ｃ２九 十,1400,ダ,左,良,晴,8,3,3,エコロヴィーガ,牝,3,54.0,482,-5,本橋孝,繁田健,,8,1:33.3,42.8,4-4-4-5,2,482,-5
2023/10/19,浦和,2,ランチタイムチャレンジＣ２七 八,1400,ダ,左,良,晴,12,2,2,ハクサンモンチュ,牡,3,56.0,489,-2,澤田龍,矢野義,,1,1:30.6,39.6,6-4-4-3,1,489,-2
2023/10/19,浦和,2,ランチタイムチャレンジＣ２七 八,1400,ダ,左,良,晴,12,8,12,ビートルジュース,牝,4,54.0,445,5,森泰斗,小久智,,2,1:30.6,39.8,3-3-3-2,2,445,5
2023/10/19,浦和,2,ランチタイムチャレンジＣ２七 八,1400,ダ,左,良,晴,12,6,8,フユノダイサンカク,牡,4,56.0,451,-6,増田充,高月賢,,3,1:30.7,39.9,2-2-1-1,3,451,-6
2023/10/19,浦和,2,ランチタイムチャレンジＣ２七 八,1400,ダ,左,良,晴,12,6,7,キスアンドテル,牝,4,54.0,515,7,本橋孝,海馬司,,4,1:31.4,39.3,11-11-11-10,8,515,7
2023/10/19,浦和,2,ランチタイムチャレンジＣ２七 八,1400,ダ,左,良,晴,12,7,9,ジャスミンカーラ,牝,4,54.0,440,0,福原杏,平山真,,5,1:31.5,40.2,7-8-7-6,4,440,0
2023/10/19,浦和,2,ランチタイムチャレンジＣ２七 八,1400,ダ,左,良,晴,12,5,6,フェアメーゲン,牝,5,54.0,448,1,高橋哲,工藤伸,,6,1:31.5,40.4,4-5-6-5,5,448,1
2023/10/19,浦和,2,ランチタイムチャレンジＣ２七 八,1400,ダ,左,良,晴,12,7,10,イタルトコロデ,牡,3,56.0,512,-9,野畑凌,佐藤博,,7,1:31.5,39.7,10-10-8-7,10,512,-9
2023/10/19,浦和,2,ランチタイムチャレンジＣ２七 八,1400,ダ,左,良,晴,12,4,4,ユウユウグリュック,牝,6,50.0,436,5,中島良,横山保,,8,1:31.7,40.9,1-1-2-4,6,436,5
2023/10/19,浦和,2,ランチタイムチャレンジＣ２七 八,1400,ダ,左,良,晴,12,3,3,リュウノアーダーン,牝,5,54.0,429,1,山中悠,川村守,,9,1:32.2,40.5,9-9-9-8,9,429,1
2023/10/19,浦和,2,ランチタイムチャレンジＣ２七 八,1400,ダ,左,良,晴,12,8,11,コンバットグランデ,牝,3,54.0,432,-2,加藤和,工藤伸,,10,1:32.9,41.8,5-6-5-9,7,432,-2
2023/10/19,浦和,2,ランチタイムチャレンジＣ２七 八,1400,ダ,左,良,晴,12,1,1,シゲルノヴァ,牝,3,54.0,446,-6,保園翔,古澤悟,,11,1:33.3,41.9,8-7-10-11,11,446,-6
2023/10/19,浦和,2,ランチタイムチャレンジＣ２七 八,1400,ダ,左,良,晴,12,5,5,ワンダーヘーヒスト,牡,9,54.0,465,-4,及川烈,鈴木勝,,12,1:33.5,40.8,12-12-12-12,12,465,-4
2023/10/19,浦和,3,Ｃ１七 八,1400,ダ,左,良,晴,7,7,7,アルフィーノ,牝,4,52.0,452,-4,木間龍,川島一,,1,1:29.4,39.1,3-3-1-1,1,452,-4
2023/10/19,浦和,3,Ｃ１七 八,1400,ダ,左,良,晴,7,4,4,トライコーン,牡,3,56.0,463,5,安藤洋,佐藤博,,2,1:30.4,39.1,4-4-5-5,4,463,5
2023/10/19,浦和,3,Ｃ１七 八,1400,ダ,左,良,晴,7,5,5,ドキ,牡,4,55.0,473,-3,新原周,高月賢,,3,1:30.5,39.1,6-5-4-4,3,473,-3
2023/10/19,浦和,3,Ｃ１七 八,1400,ダ,左,良,晴,7,6,6,ナツハヨル,牝,5,52.0,450,13,及川烈,横山保,,4,1:30.8,40.5,2-2-1-2,2,450,13
2023/10/19,浦和,3,Ｃ１七 八,1400,ダ,左,良,晴,7,3,3,ピュアアメリカン,牝,3,50.0,476,-22,中島良,小澤宏,,5,1:30.8,38.6,7-7-7-7,5,476,-22
2023/10/19,浦和,3,Ｃ１七 八,1400,ダ,左,良,晴,7,2,2,ムーランブラン,牝,7,54.0,474,5,山崎誠,藤原智,,6,1:31.2,39.6,5-6-6-6,6,474,5
2023/10/19,浦和,3,Ｃ１七 八,1400,ダ,左,良,晴,7,1,1,シルバーペコ,牝,4,54.0,493,4,和田譲,酒井一,,7,1:31.4,41.2,1-1-1-3,7,493,4
2023/10/19,浦和,4,Ｃ２九 十,1500,ダ,左,良,晴,9,8,9,バードハズフロウン,牝,5,54.0,429,6,澤田龍,工藤伸,,1,1:37.2,39.3,4-4-3-1,1,429,6
2023/10/19,浦和,4,Ｃ２九 十,1500,ダ,左,良,晴,9,6,6,ケイアイマボラ,牡,6,56.0,458,7,秋元耕,横山保,,2,1:38.6,40.1,7-7-5-6,8,458,7
2023/10/19,浦和,4,Ｃ２九 十,1500,ダ,左,良,晴,9,8,8,ケリードラゴン,セ,0,56.0,485,-1,森泰斗,齊藤敏,,3,1:38.6,39.9,8-8-6-4,2,485,-1
2023/10/19,浦和,4,Ｃ２九 十,1500,ダ,左,良,晴,9,4,4,ゴールドビンテージ,牡,4,56.0,483,3,今野忠,箕輪武,,4,1:38.9,39.5,9-9-9-7,6,483,3
2023/10/19,浦和,4,Ｃ２九 十,1500,ダ,左,良,晴,9,3,3,リスクテイカー,牝,3,54.0,444,-10,藤江渉,村田六,,5,1:39.0,41.1,3-3-4-5,7,444,-10
2023/10/19,浦和,4,Ｃ２九 十,1500,ダ,左,良,晴,9,7,7,シャインルージュ,牝,3,54.0,493,-9,岡田大,入口由,,6,1:39.3,41.5,2-2-2-2,3,493,-9
2023/10/19,浦和,4,Ｃ２九 十,1500,ダ,左,良,晴,9,2,2,ホシプリンセス,牝,5,54.0,502,-4,藤本現,酒井一,,7,1:39.5,41.0,5-5-7-8,5,502,-4
2023/10/19,浦和,4,Ｃ２九 十,1500,ダ,左,良,晴,9,5,5,ラブリーギャル,牝,7,54.0,488,-9,見越彬,海馬司,,8,1:39.8,42.1,1-1-1-3,4,488,-9
2023/10/19,浦和,4,Ｃ２九 十,1500,ダ,左,良,晴,9,1,1,エマーブルクラス,牝,3,54.0,444,-2,吉留孝,薮口一,,9,1:40.8,41.9,6-6-8-9,9,444,-2
2023/10/19,浦和,5,Ｃ２七 八,1500,ダ,左,良,晴,11,2,2,シラセ,牝,4,54.0,426,-5,山口達,林正人,,1,1:37.1,39.9,5-4-3-2,5,426,-5
2023/10/19,浦和,5,Ｃ２七 八,1500,ダ,左,良,晴,11,8,11,ビービードルチェ,牝,4,54.0,459,3,野畑凌,新井清,,2,1:37.5,40.5,2-2-2-1,4,459,3
2023/10/19,浦和,5,Ｃ２七 八,1500,ダ,左,良,晴,11,7,8,コロディア,牝,4,54.0,483,8,古岡勇,鹿沼和,,3,1:38.4,41.1,3-3-4-4,3,483,8
2023/10/19,浦和,5,Ｃ２七 八,1500,ダ,左,良,晴,11,8,10,エターナルジェイド,牡,3,56.0,446,-4,秋元耕,水野貴,,4,1:38.5,40.7,7-7-5-5,6,446,-4
2023/10/19,浦和,5,Ｃ２七 八,1500,ダ,左,良,晴,11,5,5,ハブル,牡,3,56.0,495,3,見越彬,小久智,,5,1:38.9,41.9,1-1-1-3,1,495,3
2023/10/19,浦和,5,Ｃ２七 八,1500,ダ,左,良,晴,11,7,9,アイアンレディ,牝,4,54.0,517,-3,實川純,佐々功,,6,1:39.2,41.4,6-5-6-6,8,517,-3
2023/10/19,浦和,5,Ｃ２七 八,1500,ダ,左,良,晴,11,3,3,ハイボールガール,牝,3,54.0,431,3,藤江渉,箕輪武,,7,1:39.5,41.4,9-10-8-7,9,431,3
2023/10/19,浦和,5,Ｃ２七 八,1500,ダ,左,良,晴,11,4,4,ビナダラット,牝,3,54.0,454,5,保園翔,酒井一,,8,1:40.0,41.9,10-9-9-9,11,454,5
2023/10/19,浦和,5,Ｃ２七 八,1500,ダ,左,良,晴,11,6,6,ラニーズグレイス,牝,3,54.0,469,1,澤田龍,工藤伸,,9,1:40.1,42.3,4-6-7-8,7,469,1
2023/10/19,浦和,5,Ｃ２七 八,1500,ダ,左,良,晴,11,1,1,ハッサクサン,牝,3,52.0,475,-1,及川烈,川村守,,10,1:40.8,42.1,11-11-11-11,10,475,-1
2023/10/19,浦和,5,Ｃ２七 八,1500,ダ,左,良,晴,11,6,7,トワイライトドレス,牝,4,52.0,505,7,室陽一,宇野博,,11,1:41.0,42.9,8-8-10-10,2,505,7
2023/10/19,浦和,6,浦和８００ラウンドＣ３選抜馬イ,800,ダ,左,良,晴,12,7,9,アナマリー,牝,5,54.0,467,1,橋本直,平山真,,1,0:48.5,36.0,2-1,1,467,1
2023/10/19,浦和,6,浦和８００ラウンドＣ３選抜馬イ,800,ダ,左,良,晴,12,3,3,ラヴアンドゲーム,牝,6,54.0,472,-4,高橋哲,酒井一,,2,0:49.3,36.8,1-2,6,472,-4
2023/10/19,浦和,6,浦和８００ラウンドＣ３選抜馬イ,800,ダ,左,良,晴,12,4,4,ブライトソール,牡,4,56.0,423,-4,加藤和,薮口一,,3,0:49.3,36.6,3-3,8,423,-4
2023/10/19,浦和,6,浦和８００ラウンドＣ３選抜馬イ,800,ダ,左,良,晴,12,8,12,トーセンケイト,牝,5,53.0,471,-2,七夕裕,川村守,,4,0:49.7,37.0,4-4,5,471,-2
2023/10/19,浦和,6,浦和８００ラウンドＣ３選抜馬イ,800,ダ,左,良,晴,12,1,1,ホノノルーカ,牝,5,54.0,429,-3,櫻井光,野口寛,,5,0:49.7,36.7,5-5,2,429,-3
2023/10/19,浦和,6,浦和８００ラウンドＣ３選抜馬イ,800,ダ,左,良,晴,12,6,8,レジュールウール,牝,5,50.0,465,-3,中島良,野口寛,,6,0:49.8,36.3,9-8,4,465,-3
2023/10/19,浦和,6,浦和８００ラウンドＣ３選抜馬イ,800,ダ,左,良,晴,12,5,6,ピノゼン,牝,7,53.0,486,-2,新原周,野口孝,,7,0:49.9,36.9,6-6,3,486,-2
2023/10/19,浦和,6,浦和８００ラウンドＣ３選抜馬イ,800,ダ,左,良,晴,12,8,11,ユカリン,牡,4,53.0,505,3,所　蛍,伊藤滋,,8,0:50.3,37.1,8-9,9,505,3
2023/10/19,浦和,6,浦和８００ラウンドＣ３選抜馬イ,800,ダ,左,良,晴,12,2,2,コウエイダイチ,牡,9,54.0,474,12,及川烈,吉田正,,9,0:50.6,37.6,7-7,10,474,12
2023/10/19,浦和,6,浦和８００ラウンドＣ３選抜馬イ,800,ダ,左,良,晴,12,5,5,ヘデラ,牝,7,54.0,456,1,寺島憂,箕輪武,,10,0:51.1,37.3,10-10,7,456,1
2023/10/19,浦和,6,浦和８００ラウンドＣ３選抜馬イ,800,ダ,左,良,晴,12,6,7,シャインルビー,牝,6,54.0,451,10,半澤慶,川村守,,11,0:51.8,37.8,11-11,11,451,10
2023/10/19,浦和,6,浦和８００ラウンドＣ３選抜馬イ,800,ダ,左,良,晴,12,7,10,シェナマジック,牡,4,56.0,430,3,國分祐,冨田敏,,12,0:53.1,38.8,12-12,12,430,3
2023/10/19,浦和,7,Ｊ認 新風特別２歳一,1500,ダ,左,良,晴,9,4,4,ネイサン,牡,2,55.0,439,-11,本田重,山中尊,,1,1:38.0,40.1,5-4-4-3,3,439,-11
2023/10/19,浦和,7,Ｊ認 新風特別２歳一,1500,ダ,左,良,晴,9,3,3,ビービーゼニット,牡,2,56.0,465,5,山口達,稲益貴,,2,1:38.2,40.5,2-2-1-2,1,465,5
2023/10/19,浦和,7,Ｊ認 新風特別２歳一,1500,ダ,左,良,晴,9,2,2,オーウェル,牡,2,55.0,492,19,笹川翼,小久智,,3,1:38.4,40.5,3-5-3-1,4,492,19
2023/10/19,浦和,7,Ｊ認 新風特別２歳一,1500,ダ,左,良,晴,9,7,7,ゴールドソニック,牡,2,55.0,489,3,半澤慶,鹿沼和,,4,1:39.0,41.1,6-6-6-4,7,489,3
2023/10/19,浦和,7,Ｊ認 新風特別２歳一,1500,ダ,左,良,晴,9,6,6,シナノヨシキュウ,牡,2,52.0,433,3,小林勝,岡田一,,5,1:39.1,40.6,7-8-7-6,8,433,3
2023/10/19,浦和,7,Ｊ認 新風特別２歳一,1500,ダ,左,良,晴,9,8,9,スマートバローズ,牡,2,55.0,458,7,町田直,繁田健,,6,1:39.5,42.0,1-1-2-5,6,458,7
2023/10/19,浦和,7,Ｊ認 新風特別２歳一,1500,ダ,左,良,晴,9,5,5,マイドオオキニ,牝,2,54.0,432,-2,和田譲,小久智,,7,1:44.4,46.5,4-3-5-7,2,432,-2
2023/10/19,浦和,7,Ｊ認 新風特別２歳一,1500,ダ,左,良,晴,9,8,8,アークジャック,牡,2,55.0,467,0,高橋哲,水野貴,,8,1:44.8,46.2,8-7-8-8,9,467,0
2023/10/19,浦和,7,Ｊ認 新風特別２歳一,1500,ダ,左,良,晴,9,1,1,デーレーラプター,牡,2,55.0,465,11,新原周,鈴木義,,,,,,5,465,11
2023/10/19,浦和,8,名水百選「風布川・日本水」賞Ｃ１七 八,1500,ダ,左,良,晴,8,7,7,ネフィリム,牡,4,56.0,560,-5,笹川翼,高月賢,,1,1:36.3,38.9,2-2-1-1,1,560,-5
2023/10/19,浦和,8,名水百選「風布川・日本水」賞Ｃ１七 八,1500,ダ,左,良,晴,8,8,8,ローゼシュティア,牝,4,51.0,466,-3,小林勝,野口孝,,2,1:37.3,38.7,6-5-5-4,7,466,-3
2023/10/19,浦和,8,名水百選「風布川・日本水」賞Ｃ１七 八,1500,ダ,左,良,晴,8,5,5,ロードオブイサチル,牝,6,54.0,500,-3,町田直,宇野博,,3,1:37.4,40.0,1-1-1-2,4,500,-3
2023/10/19,浦和,8,名水百選「風布川・日本水」賞Ｃ１七 八,1500,ダ,左,良,晴,8,3,3,スリーヴリーグ,牡,7,56.0,531,6,今野忠,野口寛,,4,1:37.6,39.3,5-4-4-5,3,531,6
2023/10/19,浦和,8,名水百選「風布川・日本水」賞Ｃ１七 八,1500,ダ,左,良,晴,8,6,6,トーセンサブリナ,牝,3,54.0,452,-4,本橋孝,小久智,,5,1:37.7,39.8,4-3-3-3,2,452,-4
2023/10/19,浦和,8,名水百選「風布川・日本水」賞Ｃ１七 八,1500,ダ,左,良,晴,8,2,2,イエローエイト,牝,3,54.0,466,7,半澤慶,川島豊,,6,1:39.9,40.9,3-6-6-7,6,466,7
2023/10/19,浦和,8,名水百選「風布川・日本水」賞Ｃ１七 八,1500,ダ,左,良,晴,8,4,4,ウインプロヴァンス,牡,4,54.0,511,3,室陽一,工藤伸,,7,1:40.3,40.9,7-7-6-6,5,511,3
2023/10/19,浦和,8,名水百選「風布川・日本水」賞Ｃ１七 八,1500,ダ,左,良,晴,8,1,1,コンスタンティナ,牝,7,54.0,501,3,見越彬,冨田敏,,,,,,8,501,3
2023/10/19,浦和,9,ＨＢＡ　日高軽種馬農業協同組合賞Ｃ３一,1400,ダ,左,良,晴,8,7,7,ドローアプローズ,セ,0,54.0,476,7,及川烈,横山保,,1,1:30.2,38.3,2-2-2-2,2,476,7
2023/10/19,浦和,9,ＨＢＡ　日高軽種馬農業協同組合賞Ｃ３一,1400,ダ,左,良,晴,8,8,8,フェイドハード,牡,6,56.0,510,-6,加藤和,長谷忍,,2,1:30.8,39.1,1-1-1-1,1,510,-6
2023/10/19,浦和,9,ＨＢＡ　日高軽種馬農業協同組合賞Ｃ３一,1400,ダ,左,良,晴,8,3,3,クー,牝,4,54.0,473,-2,高橋哲,吉田正,,3,1:30.8,38.7,3-4-3-3,6,473,-2
2023/10/19,浦和,9,ＨＢＡ　日高軽種馬農業協同組合賞Ｃ３一,1400,ダ,左,良,晴,8,2,2,ジャズフレイバー,牡,4,56.0,496,0,藤本現,繁田健,,4,1:31.2,38.2,6-7-7-4,4,496,0
2023/10/19,浦和,9,ＨＢＡ　日高軽種馬農業協同組合賞Ｃ３一,1400,ダ,左,良,晴,8,5,5,スリーエクセレント,牡,4,56.0,503,9,赤津和,川村守,,5,1:32.2,39.9,5-6-4-5,7,503,9
2023/10/19,浦和,9,ＨＢＡ　日高軽種馬農業協同組合賞Ｃ３一,1400,ダ,左,良,晴,8,4,4,ベガエクスプレス,牝,4,54.0,450,-7,増田充,村田順,,6,1:32.3,38.3,8-8-8-8,8,450,-7
2023/10/19,浦和,9,ＨＢＡ　日高軽種馬農業協同組合賞Ｃ３一,1400,ダ,左,良,晴,8,1,1,サンボールダー,牝,4,54.0,490,8,保園翔,川村守,,7,1:32.6,40.1,7-5-6-7,3,490,8
2023/10/19,浦和,9,ＨＢＡ　日高軽種馬農業協同組合賞Ｃ３一,1400,ダ,左,良,晴,8,6,6,タマモトレゾール,牡,4,56.0,532,4,半澤慶,川島豊,,8,1:33.0,40.8,4-3-5-6,5,532,4
2023/10/19,浦和,10,Ｊ交 マルチフェア特別Ｂ２Ｂ３選抜馬,1400,ダ,左,良,晴,9,2,2,オカンモシャチョウ,牝,4,55.0,470,2,笹川翼,森秀行,,1,1:28.2,39.1,1-1-1-1,3,470,2
2023/10/19,浦和,10,Ｊ交 マルチフェア特別Ｂ２Ｂ３選抜馬,1400,ダ,左,良,晴,9,5,5,オリエンタルキング,牡,4,53.0,512,8,小林美,伊坂重,,2,1:28.7,38.9,5-5-5-5,6,512,8
2023/10/19,浦和,10,Ｊ交 マルチフェア特別Ｂ２Ｂ３選抜馬,1400,ダ,左,良,晴,9,4,4,ローザロード,牝,4,55.0,455,6,森泰斗,小久智,,3,1:29.3,39.8,4-4-4-2,2,455,6
2023/10/19,浦和,10,Ｊ交 マルチフェア特別Ｂ２Ｂ３選抜馬,1400,ダ,左,良,晴,9,8,9,キャッスルロック,牡,4,55.0,534,-9,藤本現,高月賢,,4,1:29.7,40.5,3-3-2-3,8,534,-9
2023/10/19,浦和,10,Ｊ交 マルチフェア特別Ｂ２Ｂ３選抜馬,1400,ダ,左,良,晴,9,6,6,フィーリウスワン,牡,5,54.0,467,13,小林勝,根本康,,5,1:29.9,39.8,6-7-6-7,9,467,13
2023/10/19,浦和,10,Ｊ交 マルチフェア特別Ｂ２Ｂ３選抜馬,1400,ダ,左,良,晴,9,3,3,メイショウゴルシ,牡,3,54.0,433,5,永島ま,高橋忠,,6,1:29.9,39.9,8-6-7-4,4,433,5
2023/10/19,浦和,10,Ｊ交 マルチフェア特別Ｂ２Ｂ３選抜馬,1400,ダ,左,良,晴,9,7,7,キュールエライジン,牡,5,57.0,522,-10,和田譲,中尾秀,,7,1:30.3,39.8,7-8-8-8,7,522,-10
2023/10/19,浦和,10,Ｊ交 マルチフェア特別Ｂ２Ｂ３選抜馬,1400,ダ,左,良,晴,9,8,8,クラティアラ,牝,3,55.0,484,7,御神訓,藤原智,,8,1:30.5,41.3,2-2-3-6,1,484,7
2023/10/19,浦和,10,Ｊ交 マルチフェア特別Ｂ２Ｂ３選抜馬,1400,ダ,左,良,晴,9,1,1,ルチア,牝,4,55.0,503,3,江田照,大竹正,,9,1:32.9,37.4,9-9-9-9,5,503,3
2023/10/19,浦和,11,神無月特別Ａ２下,1500,ダ,左,良,晴,9,6,6,ブラックオパール,牝,4,53.0,520,4,山崎誠,平山真,,1,1:34.3,37.0,2-3-3-1,1,520,4
2023/10/19,浦和,11,神無月特別Ａ２下,1500,ダ,左,良,晴,9,8,8,カールスバート,牡,5,55.0,480,-6,和田譲,齊藤敏,,2,1:34.4,36.9,4-4-4-3,4,480,-6
2023/10/19,浦和,11,神無月特別Ａ２下,1500,ダ,左,良,晴,9,1,1,プレストカイザー,牡,5,57.0,469,-6,本橋孝,山下之,,3,1:34.5,37.3,3-2-2-2,3,469,-6
2023/10/19,浦和,11,神無月特別Ａ２下,1500,ダ,左,良,晴,9,7,7,ジョーパイロライト,牡,7,57.0,480,1,森泰斗,小久智,,4,1:35.3,38.3,1-1-1-4,2,480,1
2023/10/19,浦和,11,神無月特別Ａ２下,1500,ダ,左,良,晴,9,3,3,ゴーマイウェイ,牡,7,57.0,515,3,藤本現,佐々功,,5,1:35.8,38.0,6-7-7-6,7,515,3
2023/10/19,浦和,11,神無月特別Ａ２下,1500,ダ,左,良,晴,9,2,2,シャイニー,牡,7,55.0,511,-4,篠谷葵,野口寛,,6,1:35.9,38.3,7-6-5-5,6,511,-4
2023/10/19,浦和,11,神無月特別Ａ２下,1500,ダ,左,良,晴,9,4,4,コンセプト,牡,5,55.0,465,-7,笹川翼,小久智,,7,1:36.7,39.1,5-5-6-7,5,465,-7
2023/10/19,浦和,11,神無月特別Ａ２下,1500,ダ,左,良,晴,9,5,5,ワンダーイチョウ,牡,5,55.0,487,-2,福原杏,鈴木勝,,8,1:37.4,39.2,9-8-8-8,8,487,-2
2023/10/19,浦和,11,神無月特別Ａ２下,1500,ダ,左,良,晴,9,8,9,キングアンドアイ,セ,0,55.0,498,-5,加藤和,薮口一,,9,1:37.4,39.2,8-9-9-9,9,498,-5
2023/10/19,浦和,12,秋の空特別Ｃ１選抜馬,2000,ダ,左,良,晴,12,1,1,フクノラヴァル,牡,4,56.0,499,6,達城龍,工藤伸,,1,2:12.2,38.7,1-1-1-1,7,499,6
2023/10/19,浦和,12,秋の空特別Ｃ１選抜馬,2000,ダ,左,良,晴,12,5,5,リュウバター,牡,4,56.0,490,-3,山崎誠,河津裕,,2,2:12.8,38.9,8-6-4-2,1,490,-3
2023/10/19,浦和,12,秋の空特別Ｃ１選抜馬,2000,ダ,左,良,晴,12,6,7,ヴィグルズマン,セ,0,52.0,450,2,神尾香,阿井正,,3,2:13.8,40.2,3-3-2-3,11,450,2
2023/10/19,浦和,12,秋の空特別Ｃ１選抜馬,2000,ダ,左,良,晴,12,3,3,メイショウクラーク,セ,0,56.0,444,11,半澤慶,宇野博,,4,2:13.9,39.1,9-9-8-7,3,444,11
2023/10/19,浦和,12,秋の空特別Ｃ１選抜馬,2000,ダ,左,良,晴,12,7,9,ジオパークマグマ,牡,5,56.0,470,3,秋元耕,川島豊,,5,2:14.1,39.9,7-8-6-4,4,470,3
2023/10/19,浦和,12,秋の空特別Ｃ１選抜馬,2000,ダ,左,良,晴,12,8,12,ラブルパイル,牡,3,56.0,458,-4,岡田大,入口由,,6,2:14.3,40.4,4-4-5-5,5,458,-4
2023/10/19,浦和,12,秋の空特別Ｃ１選抜馬,2000,ダ,左,良,晴,12,7,10,ノーブルキャニオン,牡,5,56.0,483,-4,岡村裕,八木仁,,7,2:14.5,40.2,6-5-7-8,10,483,-4
2023/10/19,浦和,12,秋の空特別Ｃ１選抜馬,2000,ダ,左,良,晴,12,5,6,キトゥンズルンバ,セ,0,56.0,476,12,野畑凌,水野貴,,8,2:14.8,41.2,2-2-3-6,2,476,12
2023/10/19,浦和,12,秋の空特別Ｃ１選抜馬,2000,ダ,左,良,晴,12,4,4,シェナストーン,牡,3,56.0,437,7,見越彬,吉田正,,9,2:15.0,39.7,10-10-9-9,12,437,7
2023/10/19,浦和,12,秋の空特別Ｃ１選抜馬,2000,ダ,左,良,晴,12,8,11,トレンチタウン,牡,5,56.0,454,2,加藤和,工藤伸,,10,2:17.4,42.6,5-7-10-10,6,454,2
2023/10/19,浦和,12,秋の空特別Ｃ１選抜馬,2000,ダ,左,良,晴,12,2,2,ルージュジャドール,牝,5,51.0,450,3,所　蛍,林　幻,,,,,11,8,450,3
2023/10/19,浦和,12,秋の空特別Ｃ１選抜馬,2000,ダ,左,良,晴,12,6,8,シナノジャングル,牡,5,54.0,503,1,及川烈,鹿沼和,,,,,12,9,503,1
2023/10/20,浦和,1,２歳五,1400,ダ,左,良,晴,10,6,6,ヌートバー,牡,2,55.0,460,-5,町田直,佐藤博,,1,1:33.9,42.0,4-3-2-1,6,460,-5
2023/10/20,浦和,1,２歳五,1400,ダ,左,良,晴,10,7,7,マーチオブタイム,牡,2,55.0,474,3,櫻井光,水野貴,,2,1:33.9,41.6,5-6-4-3,3,474,3
2023/10/20,浦和,1,２歳五,1400,ダ,左,良,晴,10,7,8,コウラン,牝,2,54.0,496,0,伊藤裕,山崎尋,,3,1:34.1,41.8,6-5-4-4,5,496,0
2023/10/20,浦和,1,２歳五,1400,ダ,左,良,晴,10,3,3,ビキャク,牝,2,52.0,467,-9,室陽一,宇野博,,4,1:35.0,43.3,1-2-1-2,8,467,-9
2023/10/20,浦和,1,２歳五,1400,ダ,左,良,晴,10,4,4,ブラウンスウィープ,牡,2,55.0,462,7,保園翔,海馬司,,5,1:36.2,42.6,9-8-7-6,1,462,7
2023/10/20,浦和,1,２歳五,1400,ダ,左,良,晴,10,2,2,ラグーンプリンセス,牝,2,54.0,462,11,見越彬,箕輪武,,6,1:37.2,44.5,3-4-6-7,4,462,11
2023/10/20,浦和,1,２歳五,1400,ダ,左,良,晴,10,1,1,フークマヨ,牝,2,50.0,443,1,神尾香,山田質,,7,1:37.2,45.5,2-1-3-5,2,443,1
2023/10/20,浦和,1,２歳五,1400,ダ,左,良,晴,10,5,5,チョウノリノリ,牝,2,54.0,410,-4,秋元耕,川村守,,8,1:37.8,44.0,10-9-9-10,9,410,-4
2023/10/20,浦和,1,２歳五,1400,ダ,左,良,晴,10,8,10,ギサール,牝,2,54.0,402,6,岡田大,酒井一,,9,1:38.4,45.2,7-7-8-8,10,402,6
2023/10/20,浦和,1,２歳五,1400,ダ,左,良,晴,10,8,9,リッチレオーネ,牡,2,53.0,444,7,及川烈,長谷忍,,,,,8-10-10-9,7,444,7
2023/10/20,浦和,2,ランチタイムチャレンジＣ２十一 十二,1400,ダ,左,良,晴,9,6,6,ランペロニキ,セ,0,56.0,503,6,秋元耕,小澤宏,,1,1:31.3,41.2,4-4-3-1,1,503,6
2023/10/20,浦和,2,ランチタイムチャレンジＣ２十一 十二,1400,ダ,左,良,晴,9,3,3,ウォーターリリー,牝,5,54.0,467,1,見越彬,内野健,,2,1:31.5,40.4,7-7-8-5,9,467,1
2023/10/20,浦和,2,ランチタイムチャレンジＣ２十一 十二,1400,ダ,左,良,晴,9,8,9,レインボーカラー,牝,5,54.0,522,6,篠谷葵,藤原智,,3,1:31.6,41.7,3-3-2-2,4,522,6
2023/10/20,浦和,2,ランチタイムチャレンジＣ２十一 十二,1400,ダ,左,良,晴,9,1,1,トロワフィーユ,牝,6,54.0,459,2,和田譲,野口寛,,4,1:31.9,42.1,1-1-3-3,3,459,2
2023/10/20,浦和,2,ランチタイムチャレンジＣ２十一 十二,1400,ダ,左,良,晴,9,8,8,プレミアムプリモ,牝,6,54.0,486,8,岡村健,平山真,,5,1:32.2,41.5,5-5-5-6,2,486,8
2023/10/20,浦和,2,ランチタイムチャレンジＣ２十一 十二,1400,ダ,左,良,晴,9,2,2,ハッピーパワポケ,牡,6,56.0,469,0,高橋哲,水野貴,,6,1:32.3,42.5,2-2-1-4,5,469,0
2023/10/20,浦和,2,ランチタイムチャレンジＣ２十一 十二,1400,ダ,左,良,晴,9,5,5,ファンファン,牡,6,56.0,460,4,赤津和,箕輪武,,7,1:33.0,42.0,6-8-7-7,7,460,4
2023/10/20,浦和,2,ランチタイムチャレンジＣ２十一 十二,1400,ダ,左,良,晴,9,7,7,リュウオウ,牡,7,54.0,472,-14,室陽一,宇野博,,8,1:33.3,41.9,9-9-9-9,8,472,-14
2023/10/20,浦和,2,ランチタイムチャレンジＣ２十一 十二,1400,ダ,左,良,晴,9,4,4,フリーズオプション,牡,7,56.0,486,8,吉留孝,薮口一,,9,1:33.7,42.9,8-6-6-8,6,486,8
2023/10/20,浦和,3,２歳四,1400,ダ,左,良,晴,10,7,7,シアワセノヨカン,牝,2,54.0,414,-2,田中涼,山田質,,1,1:32.7,40.3,8-7-3-3,2,414,-2
2023/10/20,浦和,3,２歳四,1400,ダ,左,良,晴,10,8,10,マラカイト,牝,2,54.0,445,-7,藤本現,加藤誠,,2,1:32.9,42.0,1-2-2-1,3,445,-7
2023/10/20,浦和,3,２歳四,1400,ダ,左,良,晴,10,6,6,ベストオブケリー,牝,2,53.0,431,-7,新原周,甲田悟,,3,1:33.0,42.2,2-1-1-2,1,431,-7
2023/10/20,浦和,3,２歳四,1400,ダ,左,良,晴,10,5,5,チョットオトシモノ,牝,2,54.0,439,4,半澤慶,小林真,,4,1:34.3,42.2,7-6-4-4,7,439,4
2023/10/20,浦和,3,２歳四,1400,ダ,左,良,晴,10,2,2,フレデリック,牡,2,55.0,464,2,高橋哲,小久智,,5,1:35.2,43.0,5-5-5-5,5,464,2
2023/10/20,浦和,3,２歳四,1400,ダ,左,良,晴,10,8,9,ドケンヤローズ,牝,2,54.0,432,-1,見越彬,野口孝,,6,1:36.6,43.6,9-8-7-6,8,432,-1
2023/10/20,浦和,3,２歳四,1400,ダ,左,良,晴,10,3,3,パッソアパッソ,牝,2,54.0,429,5,吉留孝,藤原智,,7,1:37.0,43.6,6-9-9-9,6,429,5
2023/10/20,浦和,3,２歳四,1400,ダ,左,良,晴,10,7,8,シナノエール,牝,2,53.0,427,1,七夕裕,鹿沼和,,8,1:37.0,44.4,3-3-6-8,4,427,1
2023/10/20,浦和,3,２歳四,1400,ダ,左,良,晴,10,1,1,ラガッツァステッラ,牝,2,54.0,466,8,篠谷葵,藤原智,,9,1:37.1,44.3,4-4-8-7,9,466,8
2023/10/20,浦和,3,２歳四,1400,ダ,左,良,晴,10,4,4,ブラボーランナー,牝,2,54.0,0,0,和田譲,宇野博,,,,,,,0,0
2023/10/20,浦和,4,浦和８００ラウンドＣ３選抜馬ア,800,ダ,左,良,晴,12,8,11,リチェルカータ,牝,6,52.0,468,5,室陽一,小澤宏,,1,0:48.5,36.1,3-1,1,468,5
2023/10/20,浦和,4,浦和８００ラウンドＣ３選抜馬ア,800,ダ,左,良,晴,12,1,1,モンスタープリンス,牡,7,55.0,500,-4,七夕裕,工藤伸,,2,0:48.9,36.6,1-2,2,500,-4
2023/10/20,浦和,4,浦和８００ラウンドＣ３選抜馬ア,800,ダ,左,良,晴,12,6,8,ウンジョウノメガミ,牝,5,52.0,451,2,木間龍,入口由,,3,0:49.0,36.7,2-3,4,451,2
2023/10/20,浦和,4,浦和８００ラウンドＣ３選抜馬ア,800,ダ,左,良,晴,12,7,10,ゲットデザイアー,牝,4,54.0,462,-5,藤本現,箕輪武,,4,0:49.6,36.8,8-5,6,462,-5
2023/10/20,浦和,4,浦和８００ラウンドＣ３選抜馬ア,800,ダ,左,良,晴,12,7,9,リンノファンタジー,牝,5,54.0,500,1,和田譲,田邊陽,,5,0:49.8,37.4,4-4,3,500,1
2023/10/20,浦和,4,浦和８００ラウンドＣ３選抜馬ア,800,ダ,左,良,晴,12,2,2,テステッソ,牡,4,56.0,448,19,岡田大,薮口一,,6,0:49.9,37.1,8-8,7,448,19
2023/10/20,浦和,4,浦和８００ラウンドＣ３選抜馬ア,800,ダ,左,良,晴,12,8,12,ツクバフタツボシ,牝,6,54.0,503,8,保園翔,海馬司,,7,0:49.9,37.2,5-7,5,503,8
2023/10/20,浦和,4,浦和８００ラウンドＣ３選抜馬ア,800,ダ,左,良,晴,12,3,3,エスポワールフレア,牝,4,50.0,452,-14,中島良,野口孝,,8,0:50.0,37.3,5-6,8,452,-14
2023/10/20,浦和,4,浦和８００ラウンドＣ３選抜馬ア,800,ダ,左,良,晴,12,4,4,シルヴァーイーグル,牡,7,56.0,532,0,藤江渉,岡田一,,9,0:50.2,37.1,11-9,9,532,0
2023/10/20,浦和,4,浦和８００ラウンドＣ３選抜馬ア,800,ダ,左,良,晴,12,5,5,ダンストンラソ,牝,8,54.0,438,7,見越彬,野口孝,,10,0:50.4,37.6,8-11,10,438,7
2023/10/20,浦和,4,浦和８００ラウンドＣ３選抜馬ア,800,ダ,左,良,晴,12,5,6,ニシノイルマーレ,牝,5,54.0,505,15,國分祐,冨田敏,,11,0:50.8,38.0,7-10,11,505,15
2023/10/20,浦和,4,浦和８００ラウンドＣ３選抜馬ア,800,ダ,左,良,晴,12,6,7,ニシノカムイ,牡,5,56.0,472,9,山口達,宮下靖,,12,0:51.3,37.4,12-12,12,472,9
2023/10/20,浦和,5,３歳三選抜馬イ,1400,ダ,左,良,晴,10,3,3,インベンション,牝,3,54.0,444,4,保園翔,長谷忍,,1,1:33.1,40.9,2-2-2-1,3,444,4
2023/10/20,浦和,5,３歳三選抜馬イ,1400,ダ,左,良,晴,10,8,9,マックスブンブン,牡,3,56.0,433,-1,秋元耕,小林真,,2,1:33.6,41.1,6-5-3-4,7,433,-1
2023/10/20,浦和,5,３歳三選抜馬イ,1400,ダ,左,良,晴,10,1,1,シェナグローリー,牝,3,54.0,465,11,加藤和,冨田敏,,3,1:33.7,41.2,4-3-4-3,2,465,11
2023/10/20,浦和,5,３歳三選抜馬イ,1400,ダ,左,良,晴,10,4,4,グレイシャスオーラ,牝,3,54.0,474,1,見越彬,川島豊,,4,1:33.7,41.5,1-1-1-2,1,474,1
2023/10/20,浦和,5,３歳三選抜馬イ,1400,ダ,左,良,晴,10,8,10,ロックン,セ,0,56.0,469,11,吉留孝,野口寛,,5,1:34.5,42.0,3-4-4-5,4,469,11
2023/10/20,浦和,5,３歳三選抜馬イ,1400,ダ,左,良,晴,10,5,5,ゴルディッヒ,牝,3,53.0,391,7,七夕裕,海馬司,,6,1:35.8,42.3,5-6-6-6,10,391,7
2023/10/20,浦和,5,３歳三選抜馬イ,1400,ダ,左,良,晴,10,6,6,シェナカレン,牡,3,56.0,447,20,國分祐,冨田敏,,7,1:36.1,42.4,8-8-7-7,8,447,20
2023/10/20,浦和,5,３歳三選抜馬イ,1400,ダ,左,良,晴,10,7,8,ビナダナン,牝,3,54.0,469,2,橋本直,酒井一,,8,1:36.7,42.4,7-7-9-9,9,469,2
2023/10/20,浦和,5,３歳三選抜馬イ,1400,ダ,左,良,晴,10,2,2,ルヴァンアクトレス,牝,3,54.0,454,-12,高橋哲,水野貴,,9,1:37.4,43.1,9-9-8-8,5,454,-12
2023/10/20,浦和,5,３歳三選抜馬イ,1400,ダ,左,良,晴,10,7,7,ビッグジャカランダ,牡,3,56.0,489,21,澤田龍,川村守,,10,1:38.3,42.2,10-10-10-10,6,489,21
2023/10/20,浦和,6,Ｃ３二,1500,ダ,左,良,晴,11,1,1,ラーズグリーズ,セ,0,56.0,461,3,達城龍,工藤伸,,1,1:39.1,40.3,8-7-8-4,4,461,3
2023/10/20,浦和,6,Ｃ３二,1500,ダ,左,良,晴,11,6,6,カントナ,牝,6,54.0,411,4,半澤慶,宇野博,,2,1:39.6,41.3,4-4-4-3,6,411,4
2023/10/20,浦和,6,Ｃ３二,1500,ダ,左,良,晴,11,5,5,ツクバマリア,牝,6,54.0,479,14,橋本直,平山真,,3,1:39.8,41.8,2-3-1-1,3,479,14
2023/10/20,浦和,6,Ｃ３二,1500,ダ,左,良,晴,11,8,10,キングブルズアイズ,セ,0,56.0,487,-5,今野忠,繁田健,,4,1:40.0,42.0,3-2-3-1,2,487,-5
2023/10/20,浦和,6,Ｃ３二,1500,ダ,左,良,晴,11,3,3,スペシャルシート,牝,4,54.0,417,-3,森泰斗,新井清,,5,1:40.2,41.8,5-5-5-6,1,417,-3
2023/10/20,浦和,6,Ｃ３二,1500,ダ,左,良,晴,11,6,7,ニャンニャン,牝,5,54.0,441,4,櫻井光,古澤悟,,6,1:40.2,41.4,7-8-7-8,7,441,4
2023/10/20,浦和,6,Ｃ３二,1500,ダ,左,良,晴,11,7,8,ポイズンピル,牡,8,56.0,462,-1,中越琉,村田順,,7,1:40.2,40.7,10-10-10-10,8,462,-1
2023/10/20,浦和,6,Ｃ３二,1500,ダ,左,良,晴,11,7,9,キモンズラブ,牝,9,54.0,464,5,國分祐,冨田敏,,8,1:40.5,41.2,9-9-9-7,10,464,5
2023/10/20,浦和,6,Ｃ３二,1500,ダ,左,良,晴,11,2,2,デルマオベロン,牡,4,56.0,436,1,山林信,村田六,,9,1:40.5,40.5,11-11-11-11,9,436,1
2023/10/20,浦和,6,Ｃ３二,1500,ダ,左,良,晴,11,8,11,シシリアンルージュ,牡,4,56.0,486,7,吉留孝,薮口一,,10,1:40.7,42.1,6-6-6-9,11,486,7
2023/10/20,浦和,6,Ｃ３二,1500,ダ,左,良,晴,11,4,4,シンキングロマンス,牝,4,54.0,444,8,岡田大,川村守,,11,1:41.5,43.5,1-1-2-5,5,444,8
2023/10/20,浦和,7,狭山里芋増産倶楽部狭山産サＣ２十一 十二,1400,ダ,左,良,晴,8,1,1,ネオアンコーラ,牡,4,56.0,493,11,保園翔,川島豊,,1,1:31.6,40.0,7-7-5-4,7,493,11
2023/10/20,浦和,7,狭山里芋増産倶楽部狭山産サＣ２十一 十二,1400,ダ,左,良,晴,8,6,6,ヴィオレントアズル,牡,4,55.0,420,-2,七夕裕,平山真,,2,1:31.6,40.4,5-4-4-3,3,420,-2
2023/10/20,浦和,7,狭山里芋増産倶楽部狭山産サＣ２十一 十二,1400,ダ,左,良,晴,8,5,5,イエローリボン,牝,6,54.0,479,-4,篠谷葵,藤原智,,3,1:32.0,41.2,1-1-1-1,5,479,-4
2023/10/20,浦和,7,狭山里芋増産倶楽部狭山産サＣ２十一 十二,1400,ダ,左,良,晴,8,8,8,ヤマジュンヒバナ,牝,6,52.0,459,2,室陽一,宇野博,,4,1:32.1,41.3,3-2-3-2,4,459,2
2023/10/20,浦和,7,狭山里芋増産倶楽部狭山産サＣ２十一 十二,1400,ダ,左,良,晴,8,7,7,シールドメイデン,牝,3,54.0,473,9,藤本現,酒井一,,5,1:32.1,40.7,4-5-6-5,6,473,9
2023/10/20,浦和,7,狭山里芋増産倶楽部狭山産サＣ２十一 十二,1400,ダ,左,良,晴,8,4,4,ブルベアマイル,牡,6,56.0,458,8,秋元耕,岡田一,,6,1:33.5,42.7,2-3-2-6,2,458,8
2023/10/20,浦和,7,狭山里芋増産倶楽部狭山産サＣ２十一 十二,1400,ダ,左,良,晴,8,2,2,ホワイトネイル,牝,4,54.0,430,1,半澤慶,藤原智,,7,1:33.5,41.1,8-8-8-7,8,430,1
2023/10/20,浦和,7,狭山里芋増産倶楽部狭山産サＣ２十一 十二,1400,ダ,左,良,晴,8,3,3,ツーエムロケット,セ,0,56.0,491,0,森泰斗,小澤宏,,8,1:33.7,42.1,6-6-7-8,1,491,0
2023/10/20,浦和,8,浦和ジョッキーズラウンドＣ３選抜馬,1400,ダ,左,良,晴,12,5,5,シュヴァーン,牡,4,56.5,537,12,橋本直,野口孝,,1,1:30.5,39.1,3-3-3-3,1,537,12
2023/10/20,浦和,8,浦和ジョッキーズラウンドＣ３選抜馬,1400,ダ,左,良,晴,12,8,11,フクチャンクイーン,牝,4,53.5,439,-1,七夕裕,内野健,,2,1:30.9,40.0,1-1-1-1,5,439,-1
2023/10/20,浦和,8,浦和ジョッキーズラウンドＣ３選抜馬,1400,ダ,左,良,晴,12,8,12,ラクスシャルキ,牝,4,54.5,458,1,加藤和,酒井一,,3,1:31.1,40.2,2-2-2-2,4,458,1
2023/10/20,浦和,8,浦和ジョッキーズラウンドＣ３選抜馬,1400,ダ,左,良,晴,12,2,2,サンライズテソロ,牡,5,56.5,479,4,吉留孝,川島豊,,4,1:31.2,39.6,5-5-4-4,3,479,4
2023/10/20,浦和,8,浦和ジョッキーズラウンドＣ３選抜馬,1400,ダ,左,良,晴,12,4,4,マッシュブライト,牝,5,54.0,478,5,國分祐,酒井一,,5,1:31.7,39.9,4-4-5-5,8,478,5
2023/10/20,浦和,8,浦和ジョッキーズラウンドＣ３選抜馬,1400,ダ,左,良,晴,12,3,3,ミッドナイトブルー,牝,4,54.5,448,18,半澤慶,横山保,,6,1:32.0,39.6,9-8-7-6,2,448,18
2023/10/20,浦和,8,浦和ジョッキーズラウンドＣ３選抜馬,1400,ダ,左,良,晴,12,7,10,ニシノマッハ,牡,9,52.0,468,6,中島良,吉田正,,7,1:32.7,40.6,6-6-6-7,11,468,6
2023/10/20,浦和,8,浦和ジョッキーズラウンドＣ３選抜馬,1400,ダ,左,良,晴,12,7,9,ナムラキャッツ,牝,4,54.5,425,4,赤津和,横山保,,8,1:32.8,39.9,7-9-9-9,6,425,4
2023/10/20,浦和,8,浦和ジョッキーズラウンドＣ３選抜馬,1400,ダ,左,良,晴,12,1,1,ネオエンジェル,牝,7,53.5,450,3,見越彬,冨田敏,,9,1:33.3,39.9,10-11-11-10,12,450,3
2023/10/20,浦和,8,浦和ジョッキーズラウンドＣ３選抜馬,1400,ダ,左,良,晴,12,6,7,アミン,牝,6,54.0,472,2,寺島憂,冨田敏,,10,1:33.5,41.1,8-7-8-8,9,472,2
2023/10/20,浦和,8,浦和ジョッキーズラウンドＣ３選抜馬,1400,ダ,左,良,晴,12,5,6,トーセンイヴ,牝,5,54.0,442,17,保園翔,酒井一,,11,1:34.1,41.1,11-10-10-11,10,442,17
2023/10/20,浦和,8,浦和ジョッキーズラウンドＣ３選抜馬,1400,ダ,左,良,晴,12,6,8,ロスタム,牡,4,54.5,393,-2,室陽一,内野健,,12,1:34.4,40.9,12-12-12-12,7,393,-2
2023/10/20,浦和,9,鰯雲特別Ｃ１一,1500,ダ,左,良,晴,11,5,5,アウストロ,牡,3,56.0,531,24,秋元耕,小澤宏,,1,1:35.5,38.9,1-1-1-1,4,531,24
2023/10/20,浦和,9,鰯雲特別Ｃ１一,1500,ダ,左,良,晴,11,1,1,スティールシャトル,牝,3,54.0,449,9,櫻井光,岡田一,,2,1:36.1,39.3,3-2-2-2,3,449,9
2023/10/20,浦和,9,鰯雲特別Ｃ１一,1500,ダ,左,良,晴,11,7,8,オデンシタ,牡,3,56.0,466,1,森泰斗,野口寛,,3,1:36.9,38.9,10-10-8-5,2,466,1
2023/10/20,浦和,9,鰯雲特別Ｃ１一,1500,ダ,左,良,晴,11,8,10,モダナイズクィーン,牝,3,54.0,491,5,和田譲,小久智,,4,1:37.1,40.1,5-5-3-3,1,491,5
2023/10/20,浦和,9,鰯雲特別Ｃ１一,1500,ダ,左,良,晴,11,2,2,リョウタスペシャル,牡,3,56.0,440,8,岡村健,小澤宏,,5,1:37.6,40.5,4-3-4-4,8,440,8
2023/10/20,浦和,9,鰯雲特別Ｃ１一,1500,ダ,左,良,晴,11,6,7,アルティスタエース,牡,8,56.0,474,-5,山中悠,繁田健,,6,1:37.8,40.1,9-8-6-6,6,474,-5
2023/10/20,浦和,9,鰯雲特別Ｃ１一,1500,ダ,左,良,晴,11,7,9,ビッグリュウオー,セ,0,56.0,508,6,山崎誠,宇野博,,7,1:37.8,40.2,7-6-5-7,9,508,6
2023/10/20,浦和,9,鰯雲特別Ｃ１一,1500,ダ,左,良,晴,11,4,4,サンレブンワース,セ,0,56.0,506,10,達城龍,工藤伸,,8,1:38.3,40.6,8-7-7-8,7,506,10
2023/10/20,浦和,9,鰯雲特別Ｃ１一,1500,ダ,左,良,晴,11,8,11,ネメシス,牝,3,54.0,440,-4,西啓太,箕輪武,,9,1:38.6,40.4,6-9-9-9,10,440,-4
2023/10/20,浦和,9,鰯雲特別Ｃ１一,1500,ダ,左,良,晴,11,6,6,ナムラタイガー,牡,6,56.0,537,-4,寺島憂,箕輪武,,10,1:42.0,43.3,11-11-11-10,11,537,-4
2023/10/20,浦和,9,鰯雲特別Ｃ１一,1500,ダ,左,良,晴,11,3,3,ムナサワギノツキ,牝,4,54.0,471,8,張田昂,平山真,,11,1:46.3,48.3,2-4-10-11,5,471,8
2023/10/20,浦和,10,錦秋特別Ｂ３Ｃ１選抜馬,800,ダ,左,良,晴,8,8,8,アイグレース,牝,3,55.0,457,3,秋元耕,岡田一,,1,0:47.0,34.8,1-1,1,457,3
2023/10/20,浦和,10,錦秋特別Ｂ３Ｃ１選抜馬,800,ダ,左,良,晴,8,3,3,トンデコパ,牝,5,54.0,447,-1,七夕裕,新井清,,2,0:47.3,34.4,5-4,3,447,-1
2023/10/20,浦和,10,錦秋特別Ｂ３Ｃ１選抜馬,800,ダ,左,良,晴,8,5,5,リッチアロマ,牝,5,53.0,453,-7,室陽一,水野貴,,3,0:47.5,35.1,2-2,8,453,-7
2023/10/20,浦和,10,錦秋特別Ｂ３Ｃ１選抜馬,800,ダ,左,良,晴,8,7,7,ステラセイコー,牝,4,55.0,474,7,高橋哲,水野貴,,4,0:47.9,35.4,3-3,2,474,7
2023/10/20,浦和,10,錦秋特別Ｂ３Ｃ１選抜馬,800,ダ,左,良,晴,8,4,4,ハクアイゴジロー,牡,5,57.0,546,6,川島正,石井勝,,5,0:48.0,34.9,6-5,4,546,6
2023/10/20,浦和,10,錦秋特別Ｂ３Ｃ１選抜馬,800,ダ,左,良,晴,8,1,1,ミューティー,牝,6,52.0,487,-4,谷内貫,中道啓,,6,0:48.7,35.4,7-7,6,487,-4
2023/10/20,浦和,10,錦秋特別Ｂ３Ｃ１選抜馬,800,ダ,左,良,晴,8,6,6,ロマンスピネル,牝,6,53.0,456,3,臼井健,山中尊,,7,0:48.7,36.1,4-6,5,456,3
2023/10/20,浦和,10,錦秋特別Ｂ３Ｃ１選抜馬,800,ダ,左,良,晴,8,2,2,シェナブライト,牡,5,57.0,540,7,國分祐,冨田敏,,8,0:49.6,36.2,8-8,7,540,7
2023/10/20,浦和,11,紅葉特別Ｂ２一,1400,ダ,左,良,晴,11,8,10,モズハッピーロード,牡,5,56.0,497,0,岡村健,平山真,,1,1:28.2,38.2,6-7-4-3,3,497,0
2023/10/20,浦和,11,紅葉特別Ｂ２一,1400,ダ,左,良,晴,11,8,11,カミノアカネ,牝,6,53.0,471,0,七夕裕,岡田一,,2,1:28.2,38.4,3-3-1-1,9,471,0
2023/10/20,浦和,11,紅葉特別Ｂ２一,1400,ダ,左,良,晴,11,6,6,グレートジャーニー,牡,3,56.0,463,9,本橋孝,小久智,,3,1:28.5,38.8,2-2-1-2,2,463,9
2023/10/20,浦和,11,紅葉特別Ｂ２一,1400,ダ,左,良,晴,11,7,9,ゴールドレッグス,セ,0,56.0,520,6,半澤慶,宇野博,,4,1:28.8,38.7,5-5-6-4,5,520,6
2023/10/20,浦和,11,紅葉特別Ｂ２一,1400,ダ,左,良,晴,11,5,5,ボルカンバル,セ,0,56.0,466,0,森泰斗,新井清,,5,1:29.5,39.5,4-4-5-5,1,466,0
2023/10/20,浦和,11,紅葉特別Ｂ２一,1400,ダ,左,良,晴,11,6,7,ピノホホッア,牡,3,56.0,519,8,山崎誠,野口孝,,6,1:29.8,39.4,10-9-8-8,4,519,8
2023/10/20,浦和,11,紅葉特別Ｂ２一,1400,ダ,左,良,晴,11,7,8,ディストピアーナ,牝,5,54.0,462,4,伊藤裕,鈴木義,,7,1:30.0,39.8,7-10-6-6,7,462,4
2023/10/20,浦和,11,紅葉特別Ｂ２一,1400,ダ,左,良,晴,11,1,1,ジョーマキアート,牝,8,50.0,493,7,中島良,小久智,,8,1:30.3,39.7,9-6-9-9,10,493,7
2023/10/20,浦和,11,紅葉特別Ｂ２一,1400,ダ,左,良,晴,11,4,4,グリーリー,牡,3,56.0,456,3,古岡勇,岩本洋,,9,1:30.8,40.1,8-8-10-10,8,456,3
2023/10/20,浦和,11,紅葉特別Ｂ２一,1400,ダ,左,良,晴,11,3,3,イルモンド,牝,4,52.0,461,-1,室陽一,小澤宏,,10,1:31.5,40.2,11-11-11-11,11,461,-1
2023/10/20,浦和,11,紅葉特別Ｂ２一,1400,ダ,左,良,晴,11,2,2,エリオット,牡,5,56.0,542,-5,山中悠,宇野博,,11,1:31.9,42.2,1-1-3-7,6,542,-5
2023/10/20,浦和,12,晩秋特別Ｃ２選抜馬,2000,ダ,左,良,晴,12,6,8,カイジンビリーヴ,牡,5,56.0,515,0,高橋哲,入口由,,1,2:14.3,40.5,3-3-2-1,5,515,0
2023/10/20,浦和,12,晩秋特別Ｃ２選抜馬,2000,ダ,左,良,晴,12,6,7,カペラスター,牡,4,56.0,499,4,橋本直,横山保,,2,2:14.7,40.9,2-2-1-2,7,499,4
2023/10/20,浦和,12,晩秋特別Ｃ２選抜馬,2000,ダ,左,良,晴,12,7,10,ハタノラトゥール,牡,4,56.0,496,3,和田譲,山中尊,,3,2:15.0,40.4,5-5-5-4,3,496,3
2023/10/20,浦和,12,晩秋特別Ｃ２選抜馬,2000,ダ,左,良,晴,12,3,3,タイムトラベラー,牡,3,56.0,473,6,藤江渉,吉田正,,4,2:15.1,40.7,4-4-4-3,10,473,6
2023/10/20,浦和,12,晩秋特別Ｃ２選抜馬,2000,ダ,左,良,晴,12,5,5,マオノオラクル,牡,4,56.0,503,-2,仲野光,渋谷博,,5,2:15.5,40.1,7-6-6-6,9,503,-2
2023/10/20,浦和,12,晩秋特別Ｃ２選抜馬,2000,ダ,左,良,晴,12,2,2,チャリタブルソート,牡,4,56.0,531,-6,森泰斗,野口孝,,6,2:16.1,42.3,1-1-3-5,2,531,-6
2023/10/20,浦和,12,晩秋特別Ｃ２選抜馬,2000,ダ,左,良,晴,12,1,1,プリンスオーソ,牡,3,56.0,452,1,加藤和,長谷忍,,7,2:16.3,39.9,10-11-9-8,8,452,1
2023/10/20,浦和,12,晩秋特別Ｃ２選抜馬,2000,ダ,左,良,晴,12,4,4,エムティウィンド,牝,3,54.0,472,2,秋元耕,野口寛,,8,2:16.9,41.3,6-7-7-7,11,472,2
2023/10/20,浦和,12,晩秋特別Ｃ２選抜馬,2000,ダ,左,良,晴,12,8,11,スプリングネージュ,牝,5,54.0,452,8,岡田大,鹿沼和,,9,2:17.4,41.0,11-9-10-10,1,452,8
2023/10/20,浦和,12,晩秋特別Ｃ２選抜馬,2000,ダ,左,良,晴,12,7,9,クラダイリン,牝,3,54.0,504,-2,保園翔,長谷忍,,10,2:17.6,41.8,8-8-8-9,12,504,-2
2023/10/20,浦和,12,晩秋特別Ｃ２選抜馬,2000,ダ,左,良,晴,12,8,12,フェルカド,セ,0,56.0,465,-4,見越彬,野口孝,,11,2:17.7,41.3,9-10-11-11,4,465,-4
2023/10/20,浦和,12,晩秋特別Ｃ２選抜馬,2000,ダ,左,良,晴,12,5,6,ハクシンエース,牡,5,56.0,446,-1,半澤慶,平山真,,12,2:18.2,40.6,12-12-12-12,6,446,-1
2023/11/20,浦和,1,Ｃ３五 六,1400,ダ,左,稍重,晴,12,8,12,パレスギガント,牡,7,55.0,477,5,七夕裕,長谷忍,,1,1:31.8,40.2,3-3-3-1,3,477,5
2023/11/20,浦和,1,Ｃ３五 六,1400,ダ,左,稍重,晴,12,7,10,ユウユウリアン,牡,7,56.0,446,0,高橋哲,横山保,,2,1:31.9,40.4,2-2-2-2,2,446,0
2023/11/20,浦和,1,Ｃ３五 六,1400,ダ,左,稍重,晴,12,6,8,スパークルガール,牝,7,54.0,429,-13,福原杏,長谷忍,,3,1:32.5,40.6,5-5-4-4,1,429,-13
2023/11/20,浦和,1,Ｃ３五 六,1400,ダ,左,稍重,晴,12,7,9,サンハンツビル,牝,7,54.0,482,18,岡田大,鹿沼和,,4,1:32.7,40.1,7-6-6-5,8,482,18
2023/11/20,浦和,1,Ｃ３五 六,1400,ダ,左,稍重,晴,12,3,3,ハクサンバレー,牝,6,54.0,444,3,吉留孝,薮口一,,5,1:32.8,41.5,1-1-1-3,4,444,3
2023/11/20,浦和,1,Ｃ３五 六,1400,ダ,左,稍重,晴,12,2,2,ニシノサトル,牡,7,54.0,493,9,室陽一,吉田正,,6,1:33.2,39.8,8-8-7-7,6,493,9
2023/11/20,浦和,1,Ｃ３五 六,1400,ダ,左,稍重,晴,12,1,1,トキノカサドール,牡,8,52.0,461,-5,中島良,川村守,,7,1:33.7,41.7,4-4-5-6,5,461,-5
2023/11/20,浦和,1,Ｃ３五 六,1400,ダ,左,稍重,晴,12,4,4,ウルリヒト,牡,7,56.0,492,-10,見越彬,小林真,,8,1:33.9,39.6,10-9-10-9,7,492,-10
2023/11/20,浦和,1,Ｃ３五 六,1400,ダ,左,稍重,晴,12,8,11,ゴールドスペンサー,牡,5,56.0,480,7,保園翔,吉田正,,9,1:34.0,39.8,11-10-9-8,9,480,7
2023/11/20,浦和,1,Ｃ３五 六,1400,ダ,左,稍重,晴,12,5,5,ネオエンジェル,牝,7,54.0,449,6,國分祐,冨田敏,,10,1:34.6,39.9,9-11-11-11,10,449,6
2023/11/20,浦和,1,Ｃ３五 六,1400,ダ,左,稍重,晴,12,6,7,シェナモエギ,牝,5,54.0,408,7,岡村裕,山田正,,11,1:35.4,39.9,12-12-12-12,12,408,7
2023/11/20,浦和,1,Ｃ３五 六,1400,ダ,左,稍重,晴,12,5,6,アールレアル,セ,0,56.0,460,14,赤津和,川村守,,12,1:35.5,42.3,6-7-8-10,11,460,14
2023/11/20,浦和,2,ランチタイムチャレンジＣ３五 六,1400,ダ,左,稍重,晴,11,7,9,キタマクフィー,牝,5,53.0,446,1,七夕裕,鹿沼和,,1,1:32.6,40.6,1-1-1-1,4,446,1
2023/11/20,浦和,2,ランチタイムチャレンジＣ３五 六,1400,ダ,左,稍重,晴,11,6,6,ショウイモン,牝,6,54.0,425,3,橋本直,内野健,,2,1:32.6,40.6,3-3-3-3,7,425,3
2023/11/20,浦和,2,ランチタイムチャレンジＣ３五 六,1400,ダ,左,稍重,晴,11,4,4,ユメツクシ,牝,7,52.0,480,5,室陽一,長谷忍,,3,1:32.7,39.6,7-8-5-5,1,480,5
2023/11/20,浦和,2,ランチタイムチャレンジＣ３五 六,1400,ダ,左,稍重,晴,11,7,8,ハロートゥーユー,牝,5,54.0,481,0,新原周,高橋宏,,4,1:32.7,39.6,11-11-4-4,3,481,0
2023/11/20,浦和,2,ランチタイムチャレンジＣ３五 六,1400,ダ,左,稍重,晴,11,8,11,プリュイ,牡,5,56.0,429,3,加藤和,薮口一,,5,1:32.8,40.8,2-2-2-2,2,429,3
2023/11/20,浦和,2,ランチタイムチャレンジＣ３五 六,1400,ダ,左,稍重,晴,11,8,10,ファーマスター,牝,5,54.0,446,9,福原杏,川村守,,6,1:33.7,40.5,10-9-8-7,6,446,9
2023/11/20,浦和,2,ランチタイムチャレンジＣ３五 六,1400,ダ,左,稍重,晴,11,6,7,トーセンイヴ,牝,5,54.0,441,-1,寺島憂,酒井一,,7,1:33.9,40.9,7-7-6-6,9,441,-1
2023/11/20,浦和,2,ランチタイムチャレンジＣ３五 六,1400,ダ,左,稍重,晴,11,2,2,オーシャンウインド,牝,5,54.0,448,13,藤本現,田島寿,,8,1:34.5,40.7,9-10-11-9,8,448,13
2023/11/20,浦和,2,ランチタイムチャレンジＣ３五 六,1400,ダ,左,稍重,晴,11,3,3,ジニアズウィッシュ,牝,7,54.0,488,8,見越彬,小林真,,9,1:35.3,42.5,5-5-7-8,11,488,8
2023/11/20,浦和,2,ランチタイムチャレンジＣ３五 六,1400,ダ,左,稍重,晴,11,5,5,エイペクス,牝,5,54.0,494,-5,増田充,池田孝,,10,1:35.4,42.2,6-6-9-10,5,494,-5
2023/11/20,浦和,2,ランチタイムチャレンジＣ３五 六,1400,ダ,左,稍重,晴,11,1,1,ヒナマル,牝,4,54.0,421,-1,半澤慶,長谷忍,,11,1:38.3,45.3,4-4-10-11,10,421,-1
2023/11/20,浦和,3,Ｃ２三 四,1500,ダ,左,稍重,晴,12,7,10,ルトラセ,セ,0,56.0,533,-8,笹川翼,池田孝,,1,1:37.0,38.3,3-3-2-2,2,533,-8
2023/11/20,浦和,3,Ｃ２三 四,1500,ダ,左,稍重,晴,12,6,7,ダイヤモンドビーチ,牡,3,56.0,461,0,森泰斗,水野貴,,2,1:37.1,38.4,1-1-1-1,1,461,0
2023/11/20,浦和,3,Ｃ２三 四,1500,ダ,左,稍重,晴,12,4,4,デーレーノヴァ,牡,3,56.0,483,1,新原周,鈴木義,,3,1:38.3,39.4,4-4-3-3,6,483,1
2023/11/20,浦和,3,Ｃ２三 四,1500,ダ,左,稍重,晴,12,1,1,バードハズフロウン,牝,5,54.0,424,0,澤田龍,工藤伸,,4,1:38.5,39.3,7-6-6-4,3,424,0
2023/11/20,浦和,3,Ｃ２三 四,1500,ダ,左,稍重,晴,12,8,11,ヴォーグセレナイト,牝,3,54.0,442,-3,中越琉,内田勝,,5,1:39.2,38.6,10-10-10-10,7,442,-3
2023/11/20,浦和,3,Ｃ２三 四,1500,ダ,左,稍重,晴,12,8,12,スターコマチ,牝,4,54.0,409,5,吉留孝,川村守,,6,1:39.5,40.1,8-8-8-5,8,409,5
2023/11/20,浦和,3,Ｃ２三 四,1500,ダ,左,稍重,晴,12,5,6,アークウォリアー,牝,3,54.0,505,-1,藤江渉,平田正,,7,1:39.7,40.3,9-7-7-8,12,505,-1
2023/11/20,浦和,3,Ｃ２三 四,1500,ダ,左,稍重,晴,12,5,5,ヤマトカチドキ,牝,4,50.0,479,-5,神尾香,山田質,,8,1:39.8,40.2,6-9-9-9,11,479,-5
2023/11/20,浦和,3,Ｃ２三 四,1500,ダ,左,稍重,晴,12,6,8,ネオアンコーラ,牡,4,56.0,497,5,保園翔,川島豊,,9,1:40.0,41.0,5-5-4-6,10,497,5
2023/11/20,浦和,3,Ｃ２三 四,1500,ダ,左,稍重,晴,12,7,9,モンテッソーリ,牝,4,54.0,431,2,山中悠,小澤宏,,10,1:40.4,41.5,2-2-5-7,4,431,2
2023/11/20,浦和,3,Ｃ２三 四,1500,ダ,左,稍重,晴,12,3,3,ガリンシャ,牡,4,56.0,442,3,石崎駿,八木仁,,11,1:41.2,39.4,11-11-11-11,5,442,3
2023/11/20,浦和,3,Ｃ２三 四,1500,ダ,左,稍重,晴,12,2,2,ゴールドバード,牡,9,56.0,483,6,町田直,野口孝,,12,1:42.3,40.1,12-12-12-12,9,483,6
2023/11/20,浦和,4,ドリームチャレンジ２歳新馬イ,1400,ダ,左,稍重,晴,7,5,5,メインステイ,牡,2,55.0,0,0,秋元耕,藤原智,,1,1:32.8,40.6,3-3-3-2,6,0,0
2023/11/20,浦和,4,ドリームチャレンジ２歳新馬イ,1400,ダ,左,稍重,晴,7,2,2,トッキーホレット,牝,2,54.0,0,0,見越彬,小林真,,2,1:33.2,41.3,1-1-1-1,3,0,0
2023/11/20,浦和,4,ドリームチャレンジ２歳新馬イ,1400,ダ,左,稍重,晴,7,6,6,クロスビー,牡,2,55.0,0,0,桑村真,小久智,,3,1:33.3,41.1,4-4-4-3,2,0,0
2023/11/20,浦和,4,ドリームチャレンジ２歳新馬イ,1400,ダ,左,稍重,晴,7,3,3,アルリスカ,牡,2,54.0,0,0,七夕裕,箕輪武,,4,1:33.8,41.4,6-6-5-4,1,0,0
2023/11/20,浦和,4,ドリームチャレンジ２歳新馬イ,1400,ダ,左,稍重,晴,7,4,4,ロトカグラ,牡,2,55.0,0,0,笹川翼,水野貴,,5,1:35.3,43.3,2-2-2-5,4,0,0
2023/11/20,浦和,4,ドリームチャレンジ２歳新馬イ,1400,ダ,左,稍重,晴,7,1,1,ノース,牡,2,55.0,0,0,和田譲,繁田健,,6,1:36.2,43.8,5-5-6-6,5,0,0
2023/11/20,浦和,4,ドリームチャレンジ２歳新馬イ,1400,ダ,左,稍重,晴,7,7,7,ファリナータ,牝,2,54.0,0,0,吉留孝,薮口一,,7,1:38.0,42.0,7-7-7-7,7,0,0
2023/11/20,浦和,5,ドリームチャレンジ２歳新馬ア,1400,ダ,左,稍重,晴,8,6,6,カイマナビーチ,牡,2,54.0,0,0,七夕裕,川島豊,,1,1:30.8,39.5,1-1-1-1,5,0,0
2023/11/20,浦和,5,ドリームチャレンジ２歳新馬ア,1400,ダ,左,稍重,晴,8,7,7,ミスレイヴバンプ,牝,2,54.0,0,0,笹川翼,繁田健,,2,1:33.0,41.4,3-3-2-2,1,0,0
2023/11/20,浦和,5,ドリームチャレンジ２歳新馬ア,1400,ダ,左,稍重,晴,8,1,1,マーケットメイク,牝,2,54.0,0,0,矢野貴,小久智,,3,1:33.3,40.9,4-4-4-4,2,0,0
2023/11/20,浦和,5,ドリームチャレンジ２歳新馬ア,1400,ダ,左,稍重,晴,8,4,4,ピノヌイ,牡,2,55.0,0,0,森泰斗,野口孝,,4,1:33.8,40.6,5-5-5-5,3,0,0
2023/11/20,浦和,5,ドリームチャレンジ２歳新馬ア,1400,ダ,左,稍重,晴,8,5,5,デイジーキング,牡,2,55.0,0,0,山崎誠,藤原智,,5,1:33.9,40.1,7-7-6-6,6,0,0
2023/11/20,浦和,5,ドリームチャレンジ２歳新馬ア,1400,ダ,左,稍重,晴,8,2,2,パーパスポイント,セ,0,55.0,0,0,秋元耕,入口由,,6,1:35.2,43.7,2-2-3-3,4,0,0
2023/11/20,浦和,5,ドリームチャレンジ２歳新馬ア,1400,ダ,左,稍重,晴,8,3,3,ワイルドウォリアー,牡,2,55.0,0,0,桑村真,小澤宏,,7,1:35.5,41.7,6-6-7-7,7,0,0
2023/11/20,浦和,5,ドリームチャレンジ２歳新馬ア,1400,ダ,左,稍重,晴,8,8,8,マイエール,牝,2,54.0,0,0,高橋哲,水野貴,,8,1:41.4,45.8,8-8-8-8,8,0,0
2023/11/20,浦和,6,特選３歳一,1500,ダ,左,稍重,晴,10,3,3,ルージュアズライト,牝,3,54.0,454,28,桑村真,小久智,,1,1:37.2,39.0,1-1-1-1,2,454,28
2023/11/20,浦和,6,特選３歳一,1500,ダ,左,稍重,晴,10,2,2,シーギリア,牝,3,54.0,465,-13,吉留孝,野口寛,,2,1:38.6,40.0,3-4-3-3,4,465,-13
2023/11/20,浦和,6,特選３歳一,1500,ダ,左,稍重,晴,10,7,8,ウェディングブーケ,牝,3,54.0,419,3,福原杏,平山真,,3,1:38.9,40.5,4-3-2-2,3,419,3
2023/11/20,浦和,6,特選３歳一,1500,ダ,左,稍重,晴,10,4,4,ココリアイランド,牡,3,56.0,448,4,森泰斗,工藤伸,,4,1:39.9,41.1,6-5-5-4,1,448,4
2023/11/20,浦和,6,特選３歳一,1500,ダ,左,稍重,晴,10,8,10,シェナリオン,牡,3,52.0,453,9,中島良,冨田敏,,5,1:40.2,41.4,5-6-6-6,7,453,9
2023/11/20,浦和,6,特選３歳一,1500,ダ,左,稍重,晴,10,6,6,シェナカンザシ,牝,3,53.0,475,1,七夕裕,冨田敏,,6,1:40.5,40.1,10-10-10-9,6,475,1
2023/11/20,浦和,6,特選３歳一,1500,ダ,左,稍重,晴,10,5,5,ニシノメサイア,牝,3,54.0,448,8,和田譲,小澤宏,,7,1:40.5,41.1,8-7-7-8,5,448,8
2023/11/20,浦和,6,特選３歳一,1500,ダ,左,稍重,晴,10,7,7,ニシノオスマン,牡,3,54.0,489,3,室陽一,吉田正,,8,1:40.9,42.5,2-2-4-5,10,489,3
2023/11/20,浦和,6,特選３歳一,1500,ダ,左,稍重,晴,10,1,1,ステンノー,牝,3,54.0,489,10,寺島憂,薮口一,,9,1:40.9,41.5,7-8-8-7,9,489,10
2023/11/20,浦和,6,特選３歳一,1500,ダ,左,稍重,晴,10,8,9,シェナマリア,牝,3,54.0,429,3,岡村裕,山田正,,10,1:43.3,43.3,9-9-9-10,8,429,3
2023/11/20,浦和,7,楽天競馬３ＤａｙｓキャンペーンＣ２三 四,1400,ダ,左,良,晴,10,8,9,リジン,牡,4,56.0,474,-19,本田重,水野貴,,1,1:31.0,39.6,4-3-1-1,1,474,-19
2023/11/20,浦和,7,楽天競馬３ＤａｙｓキャンペーンＣ２三 四,1400,ダ,左,良,晴,10,1,1,ルチルチェコ,牝,3,54.0,405,-3,古岡勇,加藤誠,,2,1:32.1,39.6,9-10-8-8,5,405,-3
2023/11/20,浦和,7,楽天競馬３ＤａｙｓキャンペーンＣ２三 四,1400,ダ,左,良,晴,10,2,2,ユメミルツキ,牝,4,54.0,477,7,福原杏,鹿沼和,,3,1:32.2,40.1,5-6-7-5,2,477,7
2023/11/20,浦和,7,楽天競馬３ＤａｙｓキャンペーンＣ２三 四,1400,ダ,左,良,晴,10,8,10,カルツェッタ,牝,3,51.0,470,-7,所　蛍,佐藤博,,4,1:32.2,40.2,10-8-6-6,9,470,-7
2023/11/20,浦和,7,楽天競馬３ＤａｙｓキャンペーンＣ２三 四,1400,ダ,左,良,晴,10,7,8,アメ,牝,3,54.0,453,9,加藤和,長谷忍,,5,1:32.3,40.7,6-5-4-3,10,453,9
2023/11/20,浦和,7,楽天競馬３ＤａｙｓキャンペーンＣ２三 四,1400,ダ,左,良,晴,10,6,6,モーモーグリーン,牝,4,54.0,455,1,藤江渉,村田六,,6,1:33.0,41.7,1-1-2-2,7,455,1
2023/11/20,浦和,7,楽天競馬３ＤａｙｓキャンペーンＣ２三 四,1400,ダ,左,良,晴,10,7,7,ガールズドリーム,牝,3,54.0,414,-9,町田直,内田勝,,7,1:33.1,41.7,2-2-3-4,3,414,-9
2023/11/20,浦和,7,楽天競馬３ＤａｙｓキャンペーンＣ２三 四,1400,ダ,左,良,晴,10,4,4,リュウノファントム,牡,3,56.0,471,3,高橋哲,野口孝,,8,1:33.4,41.6,8-7-5-7,8,471,3
2023/11/20,浦和,7,楽天競馬３ＤａｙｓキャンペーンＣ２三 四,1400,ダ,左,良,晴,10,5,5,トモノクリスタル,牝,6,54.0,424,3,見越彬,小久智,,9,1:33.7,41.6,3-4-9-9,4,424,3
2023/11/20,浦和,7,楽天競馬３ＤａｙｓキャンペーンＣ２三 四,1400,ダ,左,良,晴,10,3,3,クラスヴァンクル,牡,3,56.0,497,7,吉留孝,薮口一,,10,1:34.0,41.1,7-9-10-10,6,497,7
2023/11/20,浦和,8,Ｃ１五,1400,ダ,左,良,晴,12,3,3,ハクサンオリヒメ,牝,3,54.0,468,-4,澤田龍,矢野義,,1,1:29.6,39.3,4-4-5-1,1,468,-4
2023/11/20,浦和,8,Ｃ１五,1400,ダ,左,良,晴,12,5,6,リングボーイ,セ,0,56.0,441,2,森泰斗,水野貴,,2,1:30.1,39.8,7-6-3-2,4,441,2
2023/11/20,浦和,8,Ｃ１五,1400,ダ,左,良,晴,12,6,8,ヒノデミッチー,牡,4,56.0,526,-2,矢野貴,酒井忍,,3,1:30.3,40.2,5-3-2-3,2,526,-2
2023/11/20,浦和,8,Ｃ１五,1400,ダ,左,良,晴,12,7,10,ノブオートーケン,牡,4,56.0,457,-2,和田譲,小澤宏,,4,1:30.3,39.0,8-8-6-5,8,457,-2
2023/11/20,浦和,8,Ｃ１五,1400,ダ,左,良,晴,12,6,7,トラックヤロー,牡,3,56.0,437,10,山崎誠,平山真,,5,1:30.5,38.5,12-11-8-7,5,437,10
2023/11/20,浦和,8,Ｃ１五,1400,ダ,左,良,晴,12,8,11,ロードオブイサチル,牝,6,54.0,499,-1,町田直,宇野博,,6,1:30.8,40.8,2-2-1-4,6,499,-1
2023/11/20,浦和,8,Ｃ１五,1400,ダ,左,良,晴,12,8,12,ベルタント,牡,4,52.0,511,12,中島良,川島豊,,7,1:31.2,39.8,6-7-9-8,7,511,12
2023/11/20,浦和,8,Ｃ１五,1400,ダ,左,良,晴,12,7,9,セイウンコチョウ,牝,4,54.0,413,10,國分祐,冨田敏,,8,1:31.5,38.9,11-12-12-9,12,413,10
2023/11/20,浦和,8,Ｃ１五,1400,ダ,左,良,晴,12,1,1,ダプネマリン,牝,3,54.0,420,6,橋本直,入口由,,9,1:31.6,39.7,10-10-11-10,10,420,6
2023/11/20,浦和,8,Ｃ１五,1400,ダ,左,良,晴,12,4,4,レッドコーラル,牝,4,54.0,439,-5,本橋孝,小久智,,10,1:32.2,42.2,1-1-3-6,3,439,-5
2023/11/20,浦和,8,Ｃ１五,1400,ダ,左,良,晴,12,5,5,フウゲツムヘン,牝,4,54.0,446,-8,桑村真,野口寛,,11,1:32.9,41.1,9-9-10-12,11,446,-8
2023/11/20,浦和,8,Ｃ１五,1400,ダ,左,良,晴,12,2,2,レオズソーダライト,牝,7,54.0,456,4,増田充,平山真,,12,1:33.2,42.4,3-5-7-11,9,456,4
2023/11/20,浦和,9,山茶花特別Ｃ１四,1500,ダ,左,良,晴,12,1,1,アルフィーノ,牝,4,52.0,451,-1,木間龍,川島一,,1,1:37.5,39.7,1-1-1-1,3,451,-1
2023/11/20,浦和,9,山茶花特別Ｃ１四,1500,ダ,左,良,晴,12,3,3,アブルマドール,セ,0,56.0,461,-7,笹川翼,宇野博,,2,1:37.8,39.7,5-6-5-3,2,461,-7
2023/11/20,浦和,9,山茶花特別Ｃ１四,1500,ダ,左,良,晴,12,8,12,ビービーシャーンス,牡,3,56.0,463,1,新原周,甲田悟,,3,1:37.8,39.3,9-9-7-5,7,463,1
2023/11/20,浦和,9,山茶花特別Ｃ１四,1500,ダ,左,良,晴,12,8,11,シゲルタイムフライ,牡,3,56.0,455,-7,山崎誠,鈴木義,,4,1:38.0,39.9,6-5-4-4,1,455,-7
2023/11/20,浦和,9,山茶花特別Ｃ１四,1500,ダ,左,良,晴,12,7,9,キョウエイシャイン,牝,4,54.0,464,-4,半澤慶,小澤宏,,5,1:38.1,40.2,3-3-3-2,11,464,-4
2023/11/20,浦和,9,山茶花特別Ｃ１四,1500,ダ,左,良,晴,12,5,6,アクセルオーソ,牡,3,56.0,534,7,川島正,坂本昇,,6,1:38.2,38.7,11-11-10-7,10,534,7
2023/11/20,浦和,9,山茶花特別Ｃ１四,1500,ダ,左,良,晴,12,5,5,ミミコチャン,牝,4,50.0,502,9,中島良,小林真,,7,1:38.5,39.0,10-10-11-10,8,502,9
2023/11/20,浦和,9,山茶花特別Ｃ１四,1500,ダ,左,良,晴,12,6,7,コンアモーレ,牡,4,54.0,505,7,室陽一,宇野博,,8,1:38.9,39.1,12-12-12-11,12,505,7
2023/11/20,浦和,9,山茶花特別Ｃ１四,1500,ダ,左,良,晴,12,2,2,スリーヴリーグ,牡,7,56.0,529,-2,今野忠,野口寛,,9,1:39.4,40.9,8-8-9-8,6,529,-2
2023/11/20,浦和,9,山茶花特別Ｃ１四,1500,ダ,左,良,晴,12,6,8,ジョイルミナス,牝,3,54.0,442,-8,澤田龍,矢野義,,10,1:39.4,41.3,7-7-6-9,4,442,-8
2023/11/20,浦和,9,山茶花特別Ｃ１四,1500,ダ,左,良,晴,12,7,10,セクシーコマンドー,牡,3,56.0,457,-11,矢野貴,小久智,,11,1:40.0,42.1,2-2-2-6,5,457,-11
2023/11/20,浦和,9,山茶花特別Ｃ１四,1500,ダ,左,良,晴,12,4,4,ウオッカガール,牝,3,54.0,493,8,藤江渉,箕輪武,,12,1:40.4,42.2,4-4-8-12,9,493,8
2023/11/20,浦和,10,埼玉県馬事畜産振興協議会長賞特別Ｂ３一,1500,ダ,左,良,晴,12,4,4,マイナーズライト,セ,0,56.0,470,-3,野畑凌,佐藤博,,1,1:35.2,38.2,5-4-3-1,5,470,-3
2023/11/20,浦和,10,埼玉県馬事畜産振興協議会長賞特別Ｂ３一,1500,ダ,左,良,晴,12,6,8,オーケーパッション,牝,5,54.0,506,12,和田譲,小久智,,2,1:36.1,39.5,1-1-1-2,2,506,12
2023/11/20,浦和,10,埼玉県馬事畜産振興協議会長賞特別Ｂ３一,1500,ダ,左,良,晴,12,8,12,コウユーラヴラヴ,牝,5,54.0,479,-6,町田直,宇野博,,3,1:36.6,39.8,3-3-2-3,9,479,-6
2023/11/20,浦和,10,埼玉県馬事畜産振興協議会長賞特別Ｂ３一,1500,ダ,左,良,晴,12,5,6,ブレイジングヒート,牡,4,56.0,440,7,矢野貴,川島一,,4,1:36.6,39.1,9-9-8-4,1,440,7
2023/11/20,浦和,10,埼玉県馬事畜産振興協議会長賞特別Ｂ３一,1500,ダ,左,良,晴,12,5,5,ミラクルランバック,牡,4,56.0,535,9,本橋孝,藤原智,,5,1:37.4,39.5,12-11-10-6,8,535,9
2023/11/20,浦和,10,埼玉県馬事畜産振興協議会長賞特別Ｂ３一,1500,ダ,左,良,晴,12,3,3,アダマスミノル,牡,4,56.0,489,0,本田重,高月賢,,6,1:37.9,40.6,6-7-7-5,7,489,0
2023/11/20,浦和,10,埼玉県馬事畜産振興協議会長賞特別Ｂ３一,1500,ダ,左,良,晴,12,6,7,マヒオレ,牡,5,56.0,490,-5,森泰斗,渡邊貴,,7,1:38.0,40.7,10-8-6-8,6,490,-5
2023/11/20,浦和,10,埼玉県馬事畜産振興協議会長賞特別Ｂ３一,1500,ダ,左,良,晴,12,2,2,アイエンジェル,牝,6,53.0,488,9,七夕裕,川島豊,,8,1:38.0,39.8,11-12-12-12,11,488,9
2023/11/20,浦和,10,埼玉県馬事畜産振興協議会長賞特別Ｂ３一,1500,ダ,左,良,晴,12,1,1,モンバイト,牡,4,56.0,492,-5,加藤和,薮口一,,9,1:38.1,40.4,8-10-11-9,12,492,-5
2023/11/20,浦和,10,埼玉県馬事畜産振興協議会長賞特別Ｂ３一,1500,ダ,左,良,晴,12,7,10,キットサクラサク,セ,0,56.0,481,5,新原周,田邊陽,,10,1:39.2,41.9,4-6-9-11,4,481,5
2023/11/20,浦和,10,埼玉県馬事畜産振興協議会長賞特別Ｂ３一,1500,ダ,左,良,晴,12,8,11,モズマンジロウ,セ,0,56.0,464,10,笹川翼,繁田健,,11,1:39.6,42.6,7-5-4-10,3,464,10
2023/11/20,浦和,10,埼玉県馬事畜産振興協議会長賞特別Ｂ３一,1500,ダ,左,良,晴,12,7,9,デヴィルズマーブル,セ,0,56.0,470,-2,張田昂,張田京,,12,1:39.6,42.8,2-2-4-7,10,470,-2
2023/11/20,浦和,11,石蕗特別Ｂ２三,1500,ダ,左,良,晴,12,3,3,シンメカイヤー,牡,4,56.0,535,-2,町田直,内田勝,,1,1:36.6,39.3,2-2-1-2,1,535,-2
2023/11/20,浦和,11,石蕗特別Ｂ２三,1500,ダ,左,良,晴,12,4,4,ボルカンバル,セ,0,56.0,469,3,森泰斗,新井清,,2,1:36.7,39.1,5-5-7-3,3,469,3
2023/11/20,浦和,11,石蕗特別Ｂ２三,1500,ダ,左,良,晴,12,8,12,トランザクト,牡,5,56.0,516,3,篠谷葵,張田京,,3,1:36.9,39.3,6-7-5-4,6,516,3
2023/11/20,浦和,11,石蕗特別Ｂ２三,1500,ダ,左,良,晴,12,5,5,アイゴールド,牝,3,53.0,484,3,七夕裕,岡田一,,4,1:37.0,39.7,1-1-4-1,7,484,3
2023/11/20,浦和,11,石蕗特別Ｂ２三,1500,ダ,左,良,晴,12,7,9,クマサンニデアッタ,牝,5,54.0,486,1,半澤慶,小林真,,5,1:37.0,39.3,12-9-7-7,8,486,1
2023/11/20,浦和,11,石蕗特別Ｂ２三,1500,ダ,左,良,晴,12,8,11,ゲンパチアイアン,牡,6,56.0,497,5,笹川翼,小久智,,6,1:37.5,40.1,7-4-2-5,2,497,5
2023/11/20,浦和,11,石蕗特別Ｂ２三,1500,ダ,左,良,晴,12,1,1,アイスヴィスタ,牝,6,54.0,495,-3,御神訓,繁田健,,7,1:37.7,39.6,9-12-11-11,4,495,-3
2023/11/20,浦和,11,石蕗特別Ｂ２三,1500,ダ,左,良,晴,12,5,6,オーロラテーラー,牝,6,54.0,479,-18,笠野雄,稲益貴,,8,1:37.8,39.8,10-11-9-10,10,479,-18
2023/11/20,浦和,11,石蕗特別Ｂ２三,1500,ダ,左,良,晴,12,7,10,ナンヨーオボロヅキ,牝,7,54.0,492,-2,岡村健,平山真,,9,1:37.8,39.8,8-10-10-9,11,492,-2
2023/11/20,浦和,11,石蕗特別Ｂ２三,1500,ダ,左,良,晴,12,6,8,コウユーモテモテ,牝,6,54.0,512,-21,和田譲,宇野博,,10,1:37.9,40.5,3-3-2-6,9,512,-21
2023/11/20,浦和,11,石蕗特別Ｂ２三,1500,ダ,左,良,晴,12,6,7,ピノホホッア,牡,3,56.0,518,-1,山崎誠,野口孝,,11,1:38.5,40.8,11-8-5-8,5,518,-1
2023/11/20,浦和,11,石蕗特別Ｂ２三,1500,ダ,左,良,晴,12,2,2,イルモンド,牝,4,52.0,455,-6,室陽一,小澤宏,,12,1:40.3,42.3,4-6-12-12,12,455,-6
2023/11/20,浦和,12,埼玉県酪農協会長賞特別Ｃ２選抜馬,2000,ダ,左,良,晴,12,1,1,コルレオーネ,牡,3,56.0,501,4,笹川翼,高月賢,,1,2:14.9,39.9,2-2-1-1,2,501,4
2023/11/20,浦和,12,埼玉県酪農協会長賞特別Ｃ２選抜馬,2000,ダ,左,良,晴,12,7,10,プリンスオーソ,牡,3,56.0,458,6,加藤和,長谷忍,,2,2:16.1,40.5,8-8-9-6,7,458,6
2023/11/20,浦和,12,埼玉県酪農協会長賞特別Ｃ２選抜馬,2000,ダ,左,良,晴,12,8,12,ハタノラトゥール,牡,4,56.0,486,-10,和田譲,山中尊,,3,2:16.1,40.7,6-6-6-4,3,486,-10
2023/11/20,浦和,12,埼玉県酪農協会長賞特別Ｃ２選抜馬,2000,ダ,左,良,晴,12,8,11,カペラスター,牡,4,56.0,495,-4,福原杏,横山保,,4,2:16.3,40.9,9-9-3-2,4,495,-4
2023/11/20,浦和,12,埼玉県酪農協会長賞特別Ｃ２選抜馬,2000,ダ,左,良,晴,12,7,9,エンバース,牡,4,56.0,501,-2,岡田大,海馬司,,5,2:16.3,41.1,3-3-2-3,6,501,-2
2023/11/20,浦和,12,埼玉県酪農協会長賞特別Ｃ２選抜馬,2000,ダ,左,良,晴,12,5,6,マオノオラクル,牡,4,56.0,500,-5,仲野光,渋谷博,,6,2:16.7,41.1,10-10-8-7,5,500,-5
2023/11/20,浦和,12,埼玉県酪農協会長賞特別Ｃ２選抜馬,2000,ダ,左,良,晴,12,4,4,カイジンビリーヴ,牡,5,56.0,522,7,高橋哲,入口由,,7,2:17.3,41.9,4-4-5-5,1,522,7
2023/11/20,浦和,12,埼玉県酪農協会長賞特別Ｃ２選抜馬,2000,ダ,左,良,晴,12,6,8,エムティウィンド,牝,3,54.0,470,-2,野畑凌,野口寛,,8,2:17.5,42.1,5-5-7-8,10,470,-2
2023/11/20,浦和,12,埼玉県酪農協会長賞特別Ｃ２選抜馬,2000,ダ,左,良,晴,12,5,5,シャンデル,牝,3,54.0,481,-2,吉留孝,藤原智,,9,2:19.3,44.3,1-1-4-9,8,481,-2
2023/11/20,浦和,12,埼玉県酪農協会長賞特別Ｃ２選抜馬,2000,ダ,左,良,晴,12,6,7,リュウノアーダーン,牝,5,54.0,430,3,山中悠,川村守,,10,2:19.8,44.2,7-7-10-10,9,430,3
2023/11/20,浦和,12,埼玉県酪農協会長賞特別Ｃ２選抜馬,2000,ダ,左,良,晴,12,2,2,トライジャーニー,牡,3,56.0,502,21,桑村真,小久智,,,,,,,502,21
2023/11/20,浦和,12,埼玉県酪農協会長賞特別Ｃ２選抜馬,2000,ダ,左,良,晴,12,3,3,セイタード,セ,0,56.0,449,-13,寺島憂,酒井一,,,,,,,449,-13
2023/11/21,浦和,1,Ｃ３四,1500,ダ,左,良,晴,12,8,11,セキレイオペラ,牡,4,55.0,484,9,七夕裕,工藤伸,,1,1:40.1,40.7,6-6-6-5,6,484,9
2023/11/21,浦和,1,Ｃ３四,1500,ダ,左,良,晴,12,8,12,ラウズアップ,牡,7,56.0,426,3,福原杏,海馬司,,2,1:40.2,40.5,11-11-7-1,8,426,3
2023/11/21,浦和,1,Ｃ３四,1500,ダ,左,良,晴,12,1,1,キミノナハ,牝,5,54.0,461,2,加藤和,長谷忍,,3,1:40.3,41.1,5-5-4-4,1,461,2
2023/11/21,浦和,1,Ｃ３四,1500,ダ,左,良,晴,12,7,10,ヨドノホマレ,セ,0,56.0,486,-2,橋本直,平山真,,4,1:40.5,41.5,4-4-3-2,3,486,-2
2023/11/21,浦和,1,Ｃ３四,1500,ダ,左,良,晴,12,3,3,タイシタモンダロ,牡,4,56.0,500,2,保園翔,川村守,,5,1:40.6,41.8,2-2-1-3,4,500,2
2023/11/21,浦和,1,Ｃ３四,1500,ダ,左,良,晴,12,4,4,リタリエイション,牡,4,56.0,473,-7,藤本現,山田質,,6,1:40.6,40.5,12-12-12-9,9,473,-7
2023/11/21,浦和,1,Ｃ３四,1500,ダ,左,良,晴,12,5,6,メイショウイヤサカ,牝,7,52.0,458,-1,室陽一,海馬司,,7,1:41.1,42.1,3-3-4-7,2,458,-1
2023/11/21,浦和,1,Ｃ３四,1500,ダ,左,良,晴,12,6,8,ピエナファリア,牡,6,56.0,468,26,吉留孝,薮口一,,8,1:41.2,41.4,10-10-8-8,11,468,26
2023/11/21,浦和,1,Ｃ３四,1500,ダ,左,良,晴,12,6,7,ラッキーアモン,牡,7,56.0,515,0,寺島憂,箕輪武,,9,1:41.7,41.9,8-9-9-11,7,515,0
2023/11/21,浦和,1,Ｃ３四,1500,ダ,左,良,晴,12,5,5,ゴッドデサフィオ,牡,5,56.0,445,-4,秋元耕,鹿沼和,,10,1:42.0,42.2,9-8-10-10,10,445,-4
2023/11/21,浦和,1,Ｃ３四,1500,ダ,左,良,晴,12,2,2,トゥワイス,牝,4,54.0,396,6,増田充,高橋宏,,11,1:42.3,43.5,1-1-2-6,5,396,6
2023/11/21,浦和,1,Ｃ３四,1500,ダ,左,良,晴,12,7,9,ニシノマッハ,牡,9,56.0,476,9,國分祐,吉田正,,12,1:42.4,42.7,7-7-10-12,12,476,9
2023/11/21,浦和,2,ランチタイムチャレンジＣ２五,1500,ダ,左,良,晴,12,7,9,フェールデレーヴ,牝,3,54.0,436,-5,野畑凌,佐藤博,,1,1:36.9,39.2,3-3-2-1,1,436,-5
2023/11/21,浦和,2,ランチタイムチャレンジＣ２五,1500,ダ,左,良,晴,12,8,12,サンカプリス,セ,0,53.0,505,-11,小林勝,野口寛,,2,1:36.9,39.2,1-1-1-1,2,505,-11
2023/11/21,浦和,2,ランチタイムチャレンジＣ２五,1500,ダ,左,良,晴,12,5,5,フィラメント,牡,3,56.0,464,-2,町田直,平田正,,3,1:39.6,40.5,6-6-6-6,4,464,-2
2023/11/21,浦和,2,ランチタイムチャレンジＣ２五,1500,ダ,左,良,晴,12,7,10,カリグラフィー,牝,4,54.0,459,-2,庄司大,入口由,,4,1:39.7,42.0,2-2-3-3,5,459,-2
2023/11/21,浦和,2,ランチタイムチャレンジＣ２五,1500,ダ,左,良,晴,12,2,2,パラダイスアレイ,牡,5,56.0,489,-2,張田昂,小澤宏,,5,1:39.8,40.7,7-7-8-8,3,489,-2
2023/11/21,浦和,2,ランチタイムチャレンジＣ２五,1500,ダ,左,良,晴,12,6,8,ソウルフレイバー,セ,0,56.0,426,25,藤本現,繁田健,,6,1:40.1,41.4,5-4-4-4,6,426,25
2023/11/21,浦和,2,ランチタイムチャレンジＣ２五,1500,ダ,左,良,晴,12,8,11,エトワールゴールド,牡,4,56.0,483,8,吉留孝,薮口一,,7,1:40.1,40.8,8-8-9-9,8,483,8
2023/11/21,浦和,2,ランチタイムチャレンジＣ２五,1500,ダ,左,良,晴,12,6,7,パイロン,牝,3,54.0,450,3,藤江渉,平田正,,8,1:40.1,40.4,10-10-11-11,10,450,3
2023/11/21,浦和,2,ランチタイムチャレンジＣ２五,1500,ダ,左,良,晴,12,4,4,サンラグナニゲル,牝,4,54.0,448,5,山中悠,川村守,,9,1:40.5,40.6,11-11-10-10,7,448,5
2023/11/21,浦和,2,ランチタイムチャレンジＣ２五,1500,ダ,左,良,晴,12,5,6,シナノフローレンス,牝,3,53.0,402,3,七夕裕,岡田一,,10,1:40.5,41.3,9-9-7-5,9,402,3
2023/11/21,浦和,2,ランチタイムチャレンジＣ２五,1500,ダ,左,良,晴,12,3,3,クラダイリン,牝,3,54.0,509,5,保園翔,長谷忍,,11,1:40.7,40.6,12-12-12-12,12,509,5
2023/11/21,浦和,2,ランチタイムチャレンジＣ２五,1500,ダ,左,良,晴,12,1,1,サンアクセソワール,牝,3,54.0,428,3,半澤慶,工藤伸,,12,1:41.0,42.1,4-5-5-7,11,428,3
2023/11/21,浦和,3,２歳三,1400,ダ,左,良,晴,12,7,10,オーソレリカ,牝,2,54.0,418,-4,福原杏,水野貴,,1,1:31.1,38.8,5-5-3-3,1,418,-4
2023/11/21,浦和,3,２歳三,1400,ダ,左,良,晴,12,8,11,テルケンレンテル,牡,2,55.0,488,-10,野畑凌,佐藤博,,2,1:31.2,39.1,2-2-1-1,4,488,-10
2023/11/21,浦和,3,２歳三,1400,ダ,左,良,晴,12,5,5,ミラクルラッシュ,牡,2,55.0,465,1,張田昂,張田京,,3,1:31.8,39.3,3-3-5-4,2,465,1
2023/11/21,浦和,3,２歳三,1400,ダ,左,良,晴,12,4,4,リトゥモ,牝,2,54.0,497,-6,庄司大,稲益貴,,4,1:32.0,39.2,6-6-8-6,6,497,-6
2023/11/21,浦和,3,２歳三,1400,ダ,左,良,晴,12,8,12,レミーニサミット,牝,2,54.0,443,0,町田直,田島寿,,5,1:32.0,40.1,1-1-1-2,9,443,0
2023/11/21,浦和,3,２歳三,1400,ダ,左,良,晴,12,2,2,マオノアンコール,牡,2,55.0,461,2,本田重,渋谷博,,6,1:32.0,39.2,10-10-6-7,10,461,2
2023/11/21,浦和,3,２歳三,1400,ダ,左,良,晴,12,5,6,グレイテストヒッツ,牝,2,54.0,513,3,桑村真,矢野義,,7,1:32.1,39.5,7-7-4-5,7,513,3
2023/11/21,浦和,3,２歳三,1400,ダ,左,良,晴,12,3,3,カプローニ,牝,2,54.0,444,4,藤江渉,酒井一,,8,1:32.4,39.3,9-8-10-9,8,444,4
2023/11/21,浦和,3,２歳三,1400,ダ,左,良,晴,12,7,9,トコトコトッコトコ,牝,2,54.0,473,0,和田譲,宇野博,,9,1:32.5,39.9,4-4-7-8,3,473,0
2023/11/21,浦和,3,２歳三,1400,ダ,左,良,晴,12,1,1,フォトウエディング,牝,2,54.0,410,-1,新原周,甲田悟,,10,1:32.6,39.6,11-11-9-10,11,410,-1
2023/11/21,浦和,3,２歳三,1400,ダ,左,良,晴,12,6,7,ブレイブハート,牡,2,55.0,450,4,山口達,林正人,,11,1:33.1,39.6,8-9-11-11,5,450,4
2023/11/21,浦和,3,２歳三,1400,ダ,左,良,晴,12,6,8,シェナテイオー,牡,2,54.0,431,0,七夕裕,冨田敏,,,,,,,431,0
2023/11/21,浦和,4,２歳二,1400,ダ,左,良,晴,11,5,5,プリンセスアリー,牝,2,54.0,437,8,張田昂,岡田一,,1,1:30.5,37.9,4-3-2-1,1,437,8
2023/11/21,浦和,4,２歳二,1400,ダ,左,良,晴,11,7,8,ツキシロ,牡,2,55.0,478,-2,森泰斗,高月賢,,2,1:30.9,38.4,1-1-1-2,2,478,-2
2023/11/21,浦和,4,２歳二,1400,ダ,左,良,晴,11,6,6,ストロングブラック,牡,2,55.0,469,-6,和田譲,繁田健,,3,1:31.7,38.7,5-6-4-3,4,469,-6
2023/11/21,浦和,4,２歳二,1400,ダ,左,良,晴,11,3,3,シナノヨシキュウ,牡,2,52.0,435,5,小林勝,岡田一,,4,1:32.0,37.6,11-11-8-6,9,435,5
2023/11/21,浦和,4,２歳二,1400,ダ,左,良,晴,11,8,11,ユウユウプルニーマ,牝,2,54.0,431,7,秋元耕,横山保,,5,1:32.1,39.0,6-5-5-5,6,431,7
2023/11/21,浦和,4,２歳二,1400,ダ,左,良,晴,11,8,10,ケンアトラス,牡,2,55.0,479,7,福原杏,繁田健,,6,1:32.2,39.6,2-2-2-4,5,479,7
2023/11/21,浦和,4,２歳二,1400,ダ,左,良,晴,11,6,7,ジャンゴ,牡,2,55.0,511,26,矢野貴,宇野博,,7,1:32.6,39.2,8-7-6-7,3,511,26
2023/11/21,浦和,4,２歳二,1400,ダ,左,良,晴,11,2,2,オトメノネガイ,牝,2,54.0,402,-5,藤本現,田島寿,,8,1:34.4,40.1,10-9-9-9,8,402,-5
2023/11/21,浦和,4,２歳二,1400,ダ,左,良,晴,11,1,1,ユウユウアイリス,牝,2,54.0,436,8,吉留孝,横山保,,9,1:34.6,41.1,9-8-7-8,7,436,8
2023/11/21,浦和,4,２歳二,1400,ダ,左,良,晴,11,7,9,メイジョウビーナス,牝,2,54.0,433,1,橋本直,酒井一,,10,1:35.1,41.2,3-4-10-10,11,433,1
2023/11/21,浦和,4,２歳二,1400,ダ,左,良,晴,11,4,4,サノノレインボー,牝,2,54.0,457,9,見越彬,川島豊,,11,1:36.4,41.5,7-10-11-11,10,457,9
2023/11/21,浦和,5,浦和８００ラウンド３歳選抜馬,800,ダ,左,良,晴,12,7,9,ケイツーユーロ,牡,3,56.0,453,2,野畑凌,加藤誠,,1,0:48.3,36.1,1-1,2,453,2
2023/11/21,浦和,5,浦和８００ラウンド３歳選抜馬,800,ダ,左,良,晴,12,1,1,ニシノニューリーフ,牝,3,54.0,504,7,岡田大,冨田敏,,2,0:49.1,36.7,4-3,10,504,7
2023/11/21,浦和,5,浦和８００ラウンド３歳選抜馬,800,ダ,左,良,晴,12,7,10,ナギサノチャコ,牝,3,54.0,421,-5,張田昂,平山真,,3,0:49.1,36.7,2-5,1,421,-5
2023/11/21,浦和,5,浦和８００ラウンド３歳選抜馬,800,ダ,左,良,晴,12,6,7,パサージュ,牝,3,54.0,421,-4,半澤慶,川島豊,,4,0:49.2,36.7,4-4,4,421,-4
2023/11/21,浦和,5,浦和８００ラウンド３歳選抜馬,800,ダ,左,良,晴,12,8,12,クリプリンセス,牝,3,54.0,420,5,國分祐,冨田敏,,5,0:49.3,36.8,3-2,12,420,5
2023/11/21,浦和,5,浦和８００ラウンド３歳選抜馬,800,ダ,左,良,晴,12,3,3,トラストキンタロウ,牡,3,56.0,488,5,古岡勇,吉橋淳,,6,0:49.6,36.8,7-6,6,488,5
2023/11/21,浦和,5,浦和８００ラウンド３歳選抜馬,800,ダ,左,良,晴,12,5,5,ミトノクリール,牝,3,54.0,446,4,秋元耕,酒井一,,7,0:50.0,37.3,9-7,3,446,4
2023/11/21,浦和,5,浦和８００ラウンド３歳選抜馬,800,ダ,左,良,晴,12,4,4,トコロガクマサンガ,牝,3,54.0,0,0,和田譲,宇野博,,8,0:50.1,37.6,6-8,5,0,0
2023/11/21,浦和,5,浦和８００ラウンド３歳選抜馬,800,ダ,左,良,晴,12,5,6,アテンヒーロー,牡,3,56.0,458,-16,寺島憂,内野健,,9,0:50.3,36.8,11-9,8,458,-16
2023/11/21,浦和,5,浦和８００ラウンド３歳選抜馬,800,ダ,左,良,晴,12,2,2,ハービリア,牝,3,54.0,477,-9,赤津和,川島豊,,10,0:50.5,37.0,10-10,11,477,-9
2023/11/21,浦和,5,浦和８００ラウンド３歳選抜馬,800,ダ,左,良,晴,12,6,8,ヤマノムスメ,牝,3,54.0,491,-5,加藤和,薮口一,,11,0:51.3,38.4,8-11,7,491,-5
2023/11/21,浦和,5,浦和８００ラウンド３歳選抜馬,800,ダ,左,良,晴,12,8,11,トキメキパラダイス,牝,3,54.0,453,-2,高橋哲,川村守,,12,0:51.3,37.8,12-12,9,453,-2
2023/11/21,浦和,6,浦和８００ラウンドＣ２選抜馬ア,800,ダ,左,良,晴,12,6,7,エイシンエメラルド,牝,3,54.0,419,0,福原杏,工藤伸,,1,0:48.0,35.8,1-1,1,419,0
2023/11/21,浦和,6,浦和８００ラウンドＣ２選抜馬ア,800,ダ,左,良,晴,12,6,8,ピースリアン,牡,6,55.0,495,-1,七夕裕,横山保,,2,0:48.1,35.8,2-2,2,495,-1
2023/11/21,浦和,6,浦和８００ラウンドＣ２選抜馬ア,800,ダ,左,良,晴,12,3,3,エリークラウン,牝,4,54.0,472,13,橋本直,川村守,,3,0:48.5,36.2,3-3,4,472,13
2023/11/21,浦和,6,浦和８００ラウンドＣ２選抜馬ア,800,ダ,左,良,晴,12,7,9,ミラコロダンス,牝,3,52.0,455,-5,木間龍,小澤宏,,4,0:48.8,35.8,7-7,8,455,-5
2023/11/21,浦和,6,浦和８００ラウンドＣ２選抜馬ア,800,ダ,左,良,晴,12,1,1,リチェルカータ,牝,6,54.0,457,-11,藤本現,小澤宏,,5,0:48.8,35.4,11-11,3,457,-11
2023/11/21,浦和,6,浦和８００ラウンドＣ２選抜馬ア,800,ダ,左,良,晴,12,7,10,クウェンヤ,牝,5,54.0,403,-2,吉留孝,工藤伸,,6,0:48.8,36.2,6-5,6,403,-2
2023/11/21,浦和,6,浦和８００ラウンドＣ２選抜馬ア,800,ダ,左,良,晴,12,8,11,カラドボルグ,牡,5,56.0,497,8,秋元耕,吉田正,,7,0:48.9,36.6,4-4,5,497,8
2023/11/21,浦和,6,浦和８００ラウンドＣ２選抜馬ア,800,ダ,左,良,晴,12,5,5,カゲカツ,牡,9,55.0,514,-6,菅原涼,長谷忍,,8,0:49.2,36.3,8-9,11,514,-6
2023/11/21,浦和,6,浦和８００ラウンドＣ２選抜馬ア,800,ダ,左,良,晴,12,5,6,リトルジーニー,牝,3,52.0,409,-1,室陽一,酒井一,,9,0:49.5,36.1,10-8,10,409,-1
2023/11/21,浦和,6,浦和８００ラウンドＣ２選抜馬ア,800,ダ,左,良,晴,12,8,12,サノノビーチ,牝,3,54.0,520,21,半澤慶,川島豊,,10,0:49.6,37.1,5-6,9,520,21
2023/11/21,浦和,6,浦和８００ラウンドＣ２選抜馬ア,800,ダ,左,良,晴,12,2,2,カシノリカバリー,牝,4,54.0,478,-2,和田譲,野口寛,,11,0:49.9,36.9,9-10,7,478,-2
2023/11/21,浦和,6,浦和８００ラウンドＣ２選抜馬ア,800,ダ,左,良,晴,12,4,4,ホクセツ,セ,0,56.0,518,-10,寺島憂,箕輪武,,,,,12,12,518,-10
2023/11/21,浦和,7,Ｃ１八 九,1400,ダ,左,良,晴,12,3,3,モモドリーム,牝,5,54.0,495,9,福原杏,平山真,,1,1:30.0,39.3,2-2-2-2,3,495,9
2023/11/21,浦和,7,Ｃ１八 九,1400,ダ,左,良,晴,12,6,8,ブルベアヴェルデ,牡,7,56.0,477,0,吉留孝,藤原智,,2,1:30.0,39.7,1-1-1-1,8,477,0
2023/11/21,浦和,7,Ｃ１八 九,1400,ダ,左,良,晴,12,5,5,ウインカーマイン,牡,7,56.0,454,6,秋元耕,川島豊,,3,1:30.3,39.0,7-5-5-4,7,454,6
2023/11/21,浦和,7,Ｃ１八 九,1400,ダ,左,良,晴,12,8,12,シルバーペコ,牝,4,54.0,491,-2,和田譲,酒井一,,4,1:30.4,38.6,6-8-6-6,5,491,-2
2023/11/21,浦和,7,Ｃ１八 九,1400,ダ,左,良,晴,12,7,10,ソウヤミサキ,牝,5,54.0,446,-7,橋本直,平山真,,5,1:30.8,38.4,10-10-10-8,6,446,-7
2023/11/21,浦和,7,Ｃ１八 九,1400,ダ,左,良,晴,12,7,9,ツルマルベル,牝,3,54.0,484,2,小杉亮,岡林光,,6,1:30.9,40.0,4-3-3-3,1,484,2
2023/11/21,浦和,7,Ｃ１八 九,1400,ダ,左,良,晴,12,4,4,キミトユメヲカケル,牝,3,54.0,421,9,加藤和,長谷忍,,7,1:31.0,39.0,5-6-8-9,4,421,9
2023/11/21,浦和,7,Ｃ１八 九,1400,ダ,左,良,晴,12,1,1,シルヴァギンジ,牡,4,56.0,481,2,古岡勇,岩本洋,,8,1:31.0,39.9,3-4-4-5,11,481,2
2023/11/21,浦和,7,Ｃ１八 九,1400,ダ,左,良,晴,12,6,7,ヒメカグラ,牝,3,54.0,439,-2,増田充,久保秀,,9,1:31.1,38.9,9-9-9-10,9,439,-2
2023/11/21,浦和,7,Ｃ１八 九,1400,ダ,左,良,晴,12,5,6,マーメイドソング,牝,5,54.0,466,1,岡村健,武井和,,10,1:31.3,39.3,8-7-7-7,2,466,1
2023/11/21,浦和,7,Ｃ１八 九,1400,ダ,左,良,晴,12,2,2,マッドアゼリア,牝,3,54.0,441,1,池谷匠,山田質,,11,1:31.4,38.4,11-11-11-11,10,441,1
2023/11/21,浦和,7,Ｃ１八 九,1400,ダ,左,良,晴,12,8,11,ラヴァリエール,牝,3,52.0,0,0,室陽一,武井和,,,,,,,0,0
2023/11/21,浦和,8,栃木県馬事畜産振興協議会長賞Ｃ１八 九,1500,ダ,左,良,晴,12,7,10,モノノフイエロー,牡,3,56.0,425,-3,町田直,鈴木義,,1,1:37.1,40.9,3-3-1-1,2,425,-3
2023/11/21,浦和,8,栃木県馬事畜産振興協議会長賞Ｃ１八 九,1500,ダ,左,良,晴,12,6,7,フルティージャ,牝,4,54.0,460,9,篠谷葵,山田信,,2,1:37.6,40.3,6-6-6-4,5,460,9
2023/11/21,浦和,8,栃木県馬事畜産振興協議会長賞Ｃ１八 九,1500,ダ,左,良,晴,12,8,12,デイスター,牡,6,56.0,456,-1,和田譲,宇野博,,3,1:37.6,40.7,4-4-3-2,1,456,-1
2023/11/21,浦和,8,栃木県馬事畜産振興協議会長賞Ｃ１八 九,1500,ダ,左,良,晴,12,5,5,マロンフエルテ,牝,4,54.0,465,2,張田昂,久保勇,,4,1:37.8,40.5,8-8-4-3,10,465,2
2023/11/21,浦和,8,栃木県馬事畜産振興協議会長賞Ｃ１八 九,1500,ダ,左,良,晴,12,2,2,コスモレンブランサ,牝,3,53.0,431,2,七夕裕,工藤伸,,5,1:38.0,40.5,7-7-8-5,4,431,2
2023/11/21,浦和,8,栃木県馬事畜産振興協議会長賞Ｃ１八 九,1500,ダ,左,良,晴,12,6,8,ムーランブラン,牝,7,54.0,471,-3,本橋孝,藤原智,,6,1:38.5,40.6,9-9-9-8,11,471,-3
2023/11/21,浦和,8,栃木県馬事畜産振興協議会長賞Ｃ１八 九,1500,ダ,左,良,晴,12,8,11,サトノトリガー,牡,6,56.0,472,5,秋元耕,小林真,,7,1:38.8,39.8,11-11-10-9,12,472,5
2023/11/21,浦和,8,栃木県馬事畜産振興協議会長賞Ｃ１八 九,1500,ダ,左,良,晴,12,5,6,ノブノウマー,牡,3,56.0,477,-3,矢野貴,川島一,,8,1:39.1,42.0,5-5-5-6,3,477,-3
2023/11/21,浦和,8,栃木県馬事畜産振興協議会長賞Ｃ１八 九,1500,ダ,左,良,晴,12,1,1,イグレック,セ,0,56.0,499,1,中越琉,久保秀,,9,1:39.1,39.1,12-12-12-11,9,499,1
2023/11/21,浦和,8,栃木県馬事畜産振興協議会長賞Ｃ１八 九,1500,ダ,左,良,晴,12,7,9,ユールファーナ,牝,6,54.0,436,7,保園翔,海馬司,,10,1:39.9,41.0,10-10-11-10,8,436,7
2023/11/21,浦和,8,栃木県馬事畜産振興協議会長賞Ｃ１八 九,1500,ダ,左,良,晴,12,3,3,アキノポエム,牝,4,54.0,476,0,高橋哲,小久智,,11,1:40.2,43.9,1-1-2-7,6,476,0
2023/11/21,浦和,8,栃木県馬事畜産振興協議会長賞Ｃ１八 九,1500,ダ,左,良,晴,12,4,4,シナノホワイト,牡,3,53.0,520,13,小林勝,鹿沼和,,12,1:42.4,45.9,2-2-7-12,7,520,13
2023/11/21,浦和,9,向寒特別Ｃ２一,1500,ダ,左,良,晴,12,1,1,ジョーイルムシュ,牝,3,54.0,484,9,森泰斗,小久智,,1,1:36.6,38.5,1-1-1-1,1,484,9
2023/11/21,浦和,9,向寒特別Ｃ２一,1500,ダ,左,良,晴,12,7,9,エドノスマイル,牡,3,56.0,445,2,矢野貴,宇野博,,2,1:37.5,39.2,3-4-2-2,3,445,2
2023/11/21,浦和,9,向寒特別Ｃ２一,1500,ダ,左,良,晴,12,8,12,フユノダイサンカク,牡,4,56.0,458,2,増田充,高月賢,,3,1:37.7,39.3,4-3-5-3,6,458,2
2023/11/21,浦和,9,向寒特別Ｃ２一,1500,ダ,左,良,晴,12,3,3,ミメウルワシ,牝,8,54.0,444,-2,篠谷葵,藤原智,,4,1:38.0,39.7,2-2-4-6,8,444,-2
2023/11/21,浦和,9,向寒特別Ｃ２一,1500,ダ,左,良,晴,12,5,6,パールズウィッシュ,牝,4,54.0,440,3,桑村真,佐藤太,,5,1:38.0,39.1,10-10-6-7,4,440,3
2023/11/21,浦和,9,向寒特別Ｃ２一,1500,ダ,左,良,晴,12,8,11,ノーブルジャック,牡,3,56.0,417,-3,野畑凌,田邊陽,,6,1:38.1,39.7,6-5-3-4,9,417,-3
2023/11/21,浦和,9,向寒特別Ｃ２一,1500,ダ,左,良,晴,12,2,2,スイフトマリー,牝,4,54.0,392,-2,岡村健,酒井一,,7,1:38.1,39.1,7-9-8-5,7,392,-2
2023/11/21,浦和,9,向寒特別Ｃ２一,1500,ダ,左,良,晴,12,6,8,トーアルドルフ,牡,4,56.0,473,1,本橋孝,新井清,,8,1:39.2,39.4,11-11-11-11,2,473,1
2023/11/21,浦和,9,向寒特別Ｃ２一,1500,ダ,左,良,晴,12,5,5,スカイロック,牡,3,56.0,475,2,田中涼,新井健,,9,1:39.4,40.5,9-8-7-8,11,475,2
2023/11/21,浦和,9,向寒特別Ｃ２一,1500,ダ,左,良,晴,12,7,10,カシノペルル,牡,4,56.0,493,-2,古岡勇,鹿沼和,,10,1:39.9,40.9,8-7-10-10,10,493,-2
2023/11/21,浦和,9,向寒特別Ｃ２一,1500,ダ,左,良,晴,12,4,4,アモフリューゲル,牝,3,54.0,444,-10,山崎誠,小澤宏,,11,1:40.0,41.0,5-6-9-9,5,444,-10
2023/11/21,浦和,9,向寒特別Ｃ２一,1500,ダ,左,良,晴,12,6,7,チャリタブルソート,牡,4,56.0,0,0,丹内祐,野口孝,,,,,,,0,0
2023/11/21,浦和,10,Ｊ交 マルチフェイス特別Ｂ２Ｂ３選抜馬,1400,ダ,左,良,晴,12,5,6,アイファーエポック,牡,4,57.0,488,-2,野中悠,根本康,,1,1:27.8,37.4,3-3-2-1,3,488,-2
2023/11/21,浦和,10,Ｊ交 マルチフェイス特別Ｂ２Ｂ３選抜馬,1400,ダ,左,良,晴,12,1,1,グッドウッドガイ,牡,4,57.0,519,-5,中井裕,村山明,,2,1:28.1,37.5,5-5-5-3,4,519,-5
2023/11/21,浦和,10,Ｊ交 マルチフェイス特別Ｂ２Ｂ３選抜馬,1400,ダ,左,良,晴,12,4,4,エイシンネクタル,牡,3,57.0,450,2,森泰斗,小崎憲,,3,1:28.5,37.8,9-6-6-4,2,450,2
2023/11/21,浦和,10,Ｊ交 マルチフェイス特別Ｂ２Ｂ３選抜馬,1400,ダ,左,良,晴,12,3,3,チャールストン,セ,0,56.0,490,2,原優介,小檜悟,,4,1:28.6,38.0,12-10-4-2,9,490,2
2023/11/21,浦和,10,Ｊ交 マルチフェイス特別Ｂ２Ｂ３選抜馬,1400,ダ,左,良,晴,12,8,11,ムコウジマランプ,牡,3,54.0,486,-2,小林勝,中野栄,,5,1:29.1,38.0,6-7-11-10,5,486,-2
2023/11/21,浦和,10,Ｊ交 マルチフェイス特別Ｂ２Ｂ３選抜馬,1400,ダ,左,良,晴,12,7,9,キャッスルロック,牡,4,55.0,534,-6,藤本現,高月賢,,6,1:29.6,38.5,8-9-10-9,10,534,-6
2023/11/21,浦和,10,Ｊ交 マルチフェイス特別Ｂ２Ｂ３選抜馬,1400,ダ,左,良,晴,12,7,10,シャンダス,牡,4,57.0,480,6,丹内祐,杉浦宏,,7,1:29.7,38.6,11-12-9-8,7,480,6
2023/11/21,浦和,10,Ｊ交 マルチフェイス特別Ｂ２Ｂ３選抜馬,1400,ダ,左,良,晴,12,2,2,デザートウインド,牝,3,53.0,525,7,見越彬,藤原智,,8,1:29.7,38.6,10-11-8-7,8,525,7
2023/11/21,浦和,10,Ｊ交 マルチフェイス特別Ｂ２Ｂ３選抜馬,1400,ダ,左,良,晴,12,6,8,アイグレース,牝,3,55.0,460,3,秋元耕,岡田一,,9,1:30.0,39.6,2-2-3-6,6,460,3
2023/11/21,浦和,10,Ｊ交 マルチフェイス特別Ｂ２Ｂ３選抜馬,1400,ダ,左,良,晴,12,6,7,カード,牝,5,55.0,464,1,和田譲,小久智,,10,1:30.5,40.3,1-1-1-5,1,464,1
2023/11/21,浦和,10,Ｊ交 マルチフェイス特別Ｂ２Ｂ３選抜馬,1400,ダ,左,良,晴,12,8,12,セイウンシデン,牡,4,55.0,522,-3,岡田大,冨田敏,,11,1:31.4,40.8,4-4-7-11,12,522,-3
2023/11/21,浦和,10,Ｊ交 マルチフェイス特別Ｂ２Ｂ３選抜馬,1400,ダ,左,良,晴,12,5,5,スマイルミュ,牝,5,55.0,518,8,橋本直,入口由,,12,1:32.0,40.4,7-8-12-12,11,518,8
2023/11/21,浦和,11,’２３　まがたま賞Ａ２下選抜馬,1400,ダ,左,良,晴,12,7,9,ブラックパンサー,牡,5,57.0,513,28,矢野貴,小久智,,1,1:27.0,37.1,8-9-5-4,4,513,28
2023/11/21,浦和,11,’２３　まがたま賞Ａ２下選抜馬,1400,ダ,左,良,晴,12,8,12,セルフメイド,牡,5,57.0,511,0,澤田龍,矢野義,,2,1:27.0,37.6,3-3-2-2,5,511,0
2023/11/21,浦和,11,’２３　まがたま賞Ａ２下選抜馬,1400,ダ,左,良,晴,12,6,7,ショットメーカー,牡,4,57.0,557,1,張田昂,張田京,,3,1:27.1,37.5,9-7-4-3,7,557,1
2023/11/21,浦和,11,’２３　まがたま賞Ａ２下選抜馬,1400,ダ,左,良,晴,12,8,11,エンテレケイア,牡,5,57.0,516,-6,和田譲,小久智,,4,1:27.4,38.1,2-2-1-1,1,516,-6
2023/11/21,浦和,11,’２３　まがたま賞Ａ２下選抜馬,1400,ダ,左,良,晴,12,6,8,クラーベドラド,牡,4,57.0,507,3,森泰斗,川島一,,5,1:27.7,38.1,4-4-3-5,2,507,3
2023/11/21,浦和,11,’２３　まがたま賞Ａ２下選抜馬,1400,ダ,左,良,晴,12,5,5,プレストカイザー,牡,5,57.0,470,1,本橋孝,山下之,,6,1:27.7,37.9,5-5-8-7,8,470,1
2023/11/21,浦和,11,’２３　まがたま賞Ａ２下選抜馬,1400,ダ,左,良,晴,12,7,10,カールスバート,牡,5,57.0,483,3,藤本現,齊藤敏,,7,1:28.0,38.0,6-6-6-6,6,483,3
2023/11/21,浦和,11,’２３　まがたま賞Ａ２下選抜馬,1400,ダ,左,良,晴,12,2,2,ブラックオパール,牝,4,55.0,521,6,山崎誠,平山真,,8,1:28.4,38.4,7-8-10-10,3,521,6
2023/11/21,浦和,11,’２３　まがたま賞Ａ２下選抜馬,1400,ダ,左,良,晴,12,4,4,レディオマジック,牡,6,57.0,483,-5,福原杏,水野貴,,9,1:28.6,38.6,10-10-9-9,9,483,-5
2023/11/21,浦和,11,’２３　まがたま賞Ａ２下選抜馬,1400,ダ,左,良,晴,12,5,6,マッドシェリー,牝,5,55.0,461,11,町田直,山田質,,10,1:29.1,39.7,1-1-7-8,10,461,11
2023/11/21,浦和,11,’２３　まがたま賞Ａ２下選抜馬,1400,ダ,左,良,晴,12,1,1,コスモセイリュウ,牡,6,57.0,508,6,岡田大,入口由,,11,1:29.9,39.1,11-11-11-11,11,508,6
2023/11/21,浦和,11,’２３　まがたま賞Ａ２下選抜馬,1400,ダ,左,良,晴,12,3,3,フレールフィーユ,牡,4,57.0,0,0,丹内祐,野口寛,,,,,,,0,0
2023/11/21,浦和,12,公益社団法人栃木県畜産協会長賞特別Ｃ１選,2000,ダ,左,良,晴,12,6,7,ジオパークマグマ,牡,5,56.0,476,10,秋元耕,川島豊,,1,2:12.6,41.0,1-1-1-1,5,476,10
2023/11/21,浦和,12,公益社団法人栃木県畜産協会長賞特別Ｃ１選,2000,ダ,左,良,晴,12,8,11,ガラデレオン,牡,6,56.0,498,6,石崎駿,海馬司,,2,2:13.1,39.9,10-9-7-5,6,498,6
2023/11/21,浦和,12,公益社団法人栃木県畜産協会長賞特別Ｃ１選,2000,ダ,左,良,晴,12,5,5,キトゥンズルンバ,セ,0,55.0,475,-2,七夕裕,水野貴,,3,2:13.2,41.4,3-3-2-2,2,475,-2
2023/11/21,浦和,12,公益社団法人栃木県畜産協会長賞特別Ｃ１選,2000,ダ,左,良,晴,12,3,3,コスモビートイット,牡,6,56.0,511,4,福原杏,川島豊,,4,2:14.0,42.0,4-4-4-4,7,511,4
2023/11/21,浦和,12,公益社団法人栃木県畜産協会長賞特別Ｃ１選,2000,ダ,左,良,晴,12,6,8,サンレブンワース,セ,0,56.0,505,4,桑村真,工藤伸,,5,2:14.5,42.7,2-2-3-3,4,505,4
2023/11/21,浦和,12,公益社団法人栃木県畜産協会長賞特別Ｃ１選,2000,ダ,左,良,晴,12,5,6,ラブルパイル,牡,3,56.0,451,-4,岡田大,吉田正,,6,2:15.0,42.2,5-5-5-6,8,451,-4
2023/11/21,浦和,12,公益社団法人栃木県畜産協会長賞特別Ｃ１選,2000,ダ,左,良,晴,12,4,4,シェナストーン,牡,3,56.0,445,8,寺島憂,吉田正,,7,2:15.3,42.3,8-8-6-7,12,445,8
2023/11/21,浦和,12,公益社団法人栃木県畜産協会長賞特別Ｃ１選,2000,ダ,左,良,晴,12,2,2,メイショウクラーク,セ,0,56.0,436,-8,半澤慶,宇野博,,8,2:15.5,42.1,6-7-8-8,3,436,-8
2023/11/21,浦和,12,公益社団法人栃木県畜産協会長賞特別Ｃ１選,2000,ダ,左,良,晴,12,7,10,マオノウイッシュ,牝,4,52.0,500,7,室陽一,宇野博,,9,2:15.9,41.9,12-12-11-10,11,500,7
2023/11/21,浦和,12,公益社団法人栃木県畜産協会長賞特別Ｃ１選,2000,ダ,左,良,晴,12,8,12,トレンチタウン,牡,5,56.0,448,5,加藤和,工藤伸,,10,2:15.9,42.0,9-11-10-9,9,448,5
2023/11/21,浦和,12,公益社団法人栃木県畜産協会長賞特別Ｃ１選,2000,ダ,左,良,晴,12,7,9,オワゾードール,牡,8,56.0,475,-9,見越彬,小林真,,11,2:16.1,42.1,11-10-11-11,10,475,-9
2023/11/21,浦和,12,公益社団法人栃木県畜産協会長賞特別Ｃ１選,2000,ダ,左,良,晴,12,1,1,タイセイマキシム,牡,3,56.0,454,-2,森泰斗,内田勝,,12,2:19.4,46.0,7-6-9-12,1,454,-2
2023/11/22,浦和,1,２歳五,1400,ダ,左,良,晴,10,7,8,エドノバンザイ,牡,2,55.0,512,5,矢野貴,宇野博,,1,1:31.1,39.1,1-1-1-1,1,512,5
2023/11/22,浦和,1,２歳五,1400,ダ,左,良,晴,10,2,2,トーセンブレンダ,牝,2,54.0,441,-1,張田昂,小久智,,2,1:31.6,39.4,4-3-3-2,3,441,-1
2023/11/22,浦和,1,２歳五,1400,ダ,左,良,晴,10,6,6,レオボンバイエ,牡,2,55.0,471,1,仲野光,渋谷博,,3,1:33.9,40.8,6-7-7-6,6,471,1
2023/11/22,浦和,1,２歳五,1400,ダ,左,良,晴,10,1,1,ヴィスワ,牝,2,54.0,414,-2,福原杏,入口由,,4,1:33.9,41.3,8-6-5-3,5,414,-2
2023/11/22,浦和,1,２歳五,1400,ダ,左,良,晴,10,8,9,バリクパパン,牝,2,54.0,453,1,野澤憲,佐々清,,5,1:33.9,41.3,5-5-6-5,4,453,1
2023/11/22,浦和,1,２歳五,1400,ダ,左,良,晴,10,8,10,パープルビューティ,牝,2,54.0,425,-11,保園翔,水野貴,,6,1:34.6,42.6,2-2-2-4,2,425,-11
2023/11/22,浦和,1,２歳五,1400,ダ,左,良,晴,10,5,5,ラグーンプリンセス,牝,2,54.0,464,2,見越彬,箕輪武,,7,1:35.5,43.3,3-4-4-7,8,464,2
2023/11/22,浦和,1,２歳五,1400,ダ,左,良,晴,10,3,3,カシノペガサス,牡,2,55.0,466,6,古岡勇,鹿沼和,,8,1:35.5,41.1,9-10-10-9,9,466,6
2023/11/22,浦和,1,２歳五,1400,ダ,左,良,晴,10,4,4,パッソアパッソ,牝,2,54.0,427,8,吉留孝,藤原智,,9,1:35.6,41.5,7-8-8-8,7,427,8
2023/11/22,浦和,1,２歳五,1400,ダ,左,良,晴,10,7,7,ドケンヤローズ,牝,2,54.0,429,-3,秋元耕,野口孝,,10,1:36.2,42.1,10-9-9-10,10,429,-3
2023/11/22,浦和,2,ランチタイムチャレンジＣ３三,1400,ダ,左,良,晴,12,6,7,レジュールウール,牝,5,54.0,458,-7,桑村真,野口寛,,1,1:31.8,40.2,7-6-3-1,10,458,-7
2023/11/22,浦和,2,ランチタイムチャレンジＣ３三,1400,ダ,左,良,晴,12,5,5,エンチャント,牝,4,53.0,432,-12,七夕裕,平山真,,2,1:31.8,39.9,8-8-4-4,4,432,-12
2023/11/22,浦和,2,ランチタイムチャレンジＣ３三,1400,ダ,左,良,晴,12,7,9,フォガラ,牝,6,53.0,457,0,菅原涼,小久智,,3,1:31.9,40.0,9-9-5-5,1,457,0
2023/11/22,浦和,2,ランチタイムチャレンジＣ３三,1400,ダ,左,良,晴,12,8,12,マルノコウキ,牡,4,56.0,526,-2,福原杏,川村守,,4,1:32.4,41.0,2-2-2-3,6,526,-2
2023/11/22,浦和,2,ランチタイムチャレンジＣ３三,1400,ダ,左,良,晴,12,6,8,マッシュブライト,牝,5,54.0,472,-1,岡田大,酒井一,,5,1:32.5,40.3,11-11-10-8,7,472,-1
2023/11/22,浦和,2,ランチタイムチャレンジＣ３三,1400,ダ,左,良,晴,12,3,3,アナハ,牝,6,50.0,419,-1,中島良,川島豊,,6,1:33.1,40.9,10-10-11-11,5,419,-1
2023/11/22,浦和,2,ランチタイムチャレンジＣ３三,1400,ダ,左,良,晴,12,1,1,テステッソ,牡,4,56.0,451,4,吉留孝,薮口一,,7,1:33.1,41.2,5-7-9-7,8,451,4
2023/11/22,浦和,2,ランチタイムチャレンジＣ３三,1400,ダ,左,良,晴,12,5,6,エスケイローレンス,牝,4,54.0,450,-4,國分祐,冨田敏,,8,1:33.2,41.4,6-5-7-6,12,450,-4
2023/11/22,浦和,2,ランチタイムチャレンジＣ３三,1400,ダ,左,良,晴,12,8,11,ロンギングママー,牝,4,54.0,474,-3,笹川翼,田島寿,,9,1:33.4,42.0,4-3-1-2,3,474,-3
2023/11/22,浦和,2,ランチタイムチャレンジＣ３三,1400,ダ,左,良,晴,12,2,2,マリアフィナーレ,牝,6,54.0,454,9,見越彬,小林真,,10,1:33.7,41.9,3-4-7-9,9,454,9
2023/11/22,浦和,2,ランチタイムチャレンジＣ３三,1400,ダ,左,良,晴,12,7,10,アストロメアリー,牝,4,54.0,399,6,保園翔,長谷忍,,11,1:33.8,41.6,12-12-12-10,11,399,6
2023/11/22,浦和,2,ランチタイムチャレンジＣ３三,1400,ダ,左,良,晴,12,4,4,ユメノハジマリ,牝,7,52.0,495,3,室陽一,水野貴,,,,,1-1-6-12,2,495,3
2023/11/22,浦和,3,２歳四,1400,ダ,左,良,晴,11,7,8,ヒテン,牝,2,54.0,486,-3,笹川翼,小久智,,1,1:31.2,38.7,1-1-1-1,1,486,-3
2023/11/22,浦和,3,２歳四,1400,ダ,左,良,晴,11,4,4,クニノトキメキ,牡,2,55.0,514,6,今野忠,張田京,,2,1:32.0,39.1,5-4-4-3,2,514,6
2023/11/22,浦和,3,２歳四,1400,ダ,左,良,晴,11,7,9,ケンスピリタス,牡,2,55.0,460,3,藤本現,繁田健,,3,1:32.2,39.5,2-2-2-2,7,460,3
2023/11/22,浦和,3,２歳四,1400,ダ,左,良,晴,11,5,5,リュウノヤンブー,牡,2,55.0,564,2,森泰斗,齊藤敏,,4,1:32.8,39.3,7-6-5-5,3,564,2
2023/11/22,浦和,3,２歳四,1400,ダ,左,良,晴,11,8,10,サキノマキアート,牝,2,51.0,416,5,所　蛍,林　幻,,5,1:33.0,40.1,3-3-3-4,10,416,5
2023/11/22,浦和,3,２歳四,1400,ダ,左,良,晴,11,6,7,マーチオブタイム,牡,2,55.0,473,-1,福原杏,水野貴,,6,1:33.7,39.8,9-11-7-6,5,473,-1
2023/11/22,浦和,3,２歳四,1400,ダ,左,良,晴,11,2,2,キングオブオーソ,牡,2,55.0,439,9,張田昂,山下之,,7,1:34.7,41.2,4-5-8-8,4,439,9
2023/11/22,浦和,3,２歳四,1400,ダ,左,良,晴,11,8,11,ユウユウプレスト,牝,2,50.0,355,-6,中島良,入口由,,8,1:34.7,41.2,11-7-6-7,6,355,-6
2023/11/22,浦和,3,２歳四,1400,ダ,左,良,晴,11,6,6,チョットオトシモノ,牝,2,54.0,440,1,半澤慶,小林真,,9,1:34.8,40.6,10-10-9-9,8,440,1
2023/11/22,浦和,3,２歳四,1400,ダ,左,良,晴,11,3,3,ジンジャーココア,牝,2,54.0,416,4,高橋哲,吉田正,,10,1:34.9,40.9,8-9-10-10,9,416,4
2023/11/22,浦和,3,２歳四,1400,ダ,左,良,晴,11,1,1,タカイチラブリー,牝,2,54.0,448,7,保園翔,薮口一,,11,1:38.2,43.8,6-8-11-11,11,448,7
2023/11/22,浦和,4,浦和８００ラウンドＣ３選抜馬イ,800,ダ,左,良,晴,12,5,5,ゴールドボード,牝,4,54.0,509,-2,秋元耕,箕輪武,,1,0:48.4,35.9,1-1,7,509,-2
2023/11/22,浦和,4,浦和８００ラウンドＣ３選抜馬イ,800,ダ,左,良,晴,12,8,11,トーセンケイト,牝,5,53.0,481,10,七夕裕,川村守,,2,0:49.7,36.7,5-6,5,481,10
2023/11/22,浦和,4,浦和８００ラウンドＣ３選抜馬イ,800,ダ,左,良,晴,12,5,6,ダンストンラソ,牝,8,54.0,435,-3,見越彬,野口孝,,3,0:49.8,36.8,6-5,8,435,-3
2023/11/22,浦和,4,浦和８００ラウンドＣ３選抜馬イ,800,ダ,左,良,晴,12,6,7,ブライトソール,牡,4,56.0,435,12,加藤和,薮口一,,4,0:49.8,37.1,3-2,3,435,12
2023/11/22,浦和,4,浦和８００ラウンドＣ３選抜馬イ,800,ダ,左,良,晴,12,7,10,ラヴアンドゲーム,牝,6,54.0,471,-1,高橋哲,酒井一,,5,0:50.3,37.6,2-3,1,471,-1
2023/11/22,浦和,4,浦和８００ラウンドＣ３選抜馬イ,800,ダ,左,良,晴,12,4,4,コウエイダイチ,牡,9,56.0,473,5,内田利,吉田正,,6,0:50.4,37.4,4-4,11,473,5
2023/11/22,浦和,4,浦和８００ラウンドＣ３選抜馬イ,800,ダ,左,良,晴,12,6,8,アミン,牝,6,54.0,473,1,岡田大,冨田敏,,7,0:50.5,36.6,9-9,6,473,1
2023/11/22,浦和,4,浦和８００ラウンドＣ３選抜馬イ,800,ダ,左,良,晴,12,8,12,キネトスコープ,牝,4,52.0,461,3,室陽一,宇野博,,8,0:50.6,37.0,8-7,2,461,3
2023/11/22,浦和,4,浦和８００ラウンドＣ３選抜馬イ,800,ダ,左,良,晴,12,7,9,ヘデラ,牝,7,54.0,449,-7,寺島憂,箕輪武,,9,0:50.6,36.9,10-10,9,449,-7
2023/11/22,浦和,4,浦和８００ラウンドＣ３選抜馬イ,800,ダ,左,良,晴,12,2,2,ピノゼン,牝,7,54.0,490,4,新原周,野口孝,,10,0:50.6,37.2,7-8,4,490,4
2023/11/22,浦和,4,浦和８００ラウンドＣ３選抜馬イ,800,ダ,左,良,晴,12,1,1,シャインルビー,牝,6,54.0,450,-1,半澤慶,川村守,,11,0:51.8,37.5,11-11,12,450,-1
2023/11/22,浦和,4,浦和８００ラウンドＣ３選抜馬イ,800,ダ,左,良,晴,12,3,3,シェナマジック,牡,4,56.0,435,5,國分祐,冨田敏,,12,0:56.0,40.9,12-12,10,435,5
2023/11/22,浦和,5,浦和８００ラウンドＣ２選抜馬イ,800,ダ,左,良,晴,12,4,4,アナマリー,牝,5,54.0,469,3,橋本直,平山真,,1,0:48.7,36.4,4-4,4,469,3
2023/11/22,浦和,5,浦和８００ラウンドＣ２選抜馬イ,800,ダ,左,良,晴,12,8,12,スマートシエル,牝,5,53.0,436,8,菅原涼,小久智,,2,0:48.8,36.7,2-3,2,436,8
2023/11/22,浦和,5,浦和８００ラウンドＣ２選抜馬イ,800,ダ,左,良,晴,12,6,7,アイモンスター,牝,7,53.0,484,-9,七夕裕,岡田一,,3,0:48.8,36.5,3-2,1,484,-9
2023/11/22,浦和,5,浦和８００ラウンドＣ２選抜馬イ,800,ダ,左,良,晴,12,2,2,アカルイスモウブ,牝,4,54.0,439,0,岡田大,冨田敏,,4,0:48.8,36.7,1-1,5,439,0
2023/11/22,浦和,5,浦和８００ラウンドＣ２選抜馬イ,800,ダ,左,良,晴,12,8,11,ファンファン,牡,6,56.0,463,11,赤津和,箕輪武,,5,0:49.0,36.2,6-5,9,463,11
2023/11/22,浦和,5,浦和８００ラウンドＣ２選抜馬イ,800,ダ,左,良,晴,12,3,3,スタードラゴン,牡,4,56.0,529,2,加藤和,薮口一,,6,0:49.2,35.8,9-7,7,529,2
2023/11/22,浦和,5,浦和８００ラウンドＣ２選抜馬イ,800,ダ,左,良,晴,12,1,1,ウンジョウノメガミ,牝,5,52.0,448,-3,木間龍,入口由,,7,0:49.3,36.8,5-6,8,448,-3
2023/11/22,浦和,5,浦和８００ラウンドＣ２選抜馬イ,800,ダ,左,良,晴,12,7,10,ケンリュウジョウ,牡,6,56.0,496,20,達城龍,小澤宏,,8,0:49.7,36.3,10-10,3,496,20
2023/11/22,浦和,5,浦和８００ラウンドＣ２選抜馬イ,800,ダ,左,良,晴,12,7,9,マーヒナヒナ,牝,3,54.0,459,2,藤江渉,酒井一,,9,0:50.0,36.8,8-8,10,459,2
2023/11/22,浦和,5,浦和８００ラウンドＣ２選抜馬イ,800,ダ,左,良,晴,12,5,5,モモアカ,牝,3,52.0,420,-2,室陽一,川村守,,10,0:50.1,37.4,7-9,6,420,-2
2023/11/22,浦和,5,浦和８００ラウンドＣ２選抜馬イ,800,ダ,左,良,晴,12,6,8,メイクロード,牝,7,54.0,480,0,秋元耕,内野健,,11,0:50.3,36.6,12-11,12,480,0
2023/11/22,浦和,5,浦和８００ラウンドＣ２選抜馬イ,800,ダ,左,良,晴,12,5,6,ホワイトネイル,牝,4,54.0,426,2,半澤慶,藤原智,,12,0:50.4,36.7,11-12,11,426,2
2023/11/22,浦和,6,特選３歳二,1400,ダ,左,良,晴,11,7,9,ニシノスイセイ,牡,3,56.0,473,14,福原杏,小澤宏,,1,1:32.1,39.2,2-2-2-1,1,473,14
2023/11/22,浦和,6,特選３歳二,1400,ダ,左,良,晴,11,5,5,トーセンメモリア,牝,3,54.0,450,-10,森泰斗,小久智,,2,1:32.2,39.3,6-4-1-2,3,450,-10
2023/11/22,浦和,6,特選３歳二,1400,ダ,左,良,晴,11,8,11,ローズミカ,牝,3,54.0,442,5,藤本現,酒井一,,3,1:32.8,39.9,1-1-3-3,2,442,5
2023/11/22,浦和,6,特選３歳二,1400,ダ,左,良,晴,11,8,10,メーネフロタント,牝,3,54.0,475,6,見越彬,小林真,,4,1:32.9,39.8,3-3-4-4,10,475,6
2023/11/22,浦和,6,特選３歳二,1400,ダ,左,良,晴,11,6,6,シゲルマンテン,牝,3,54.0,439,-8,岡村健,酒井一,,5,1:33.1,39.6,4-5-5-5,7,439,-8
2023/11/22,浦和,6,特選３歳二,1400,ダ,左,良,晴,11,2,2,ロデオフリップ,牝,3,54.0,419,6,藤江渉,八木喜,,6,1:33.1,39.5,8-7-7-6,5,419,6
2023/11/22,浦和,6,特選３歳二,1400,ダ,左,良,晴,11,4,4,フミタツビックボス,牡,3,56.0,458,-4,中越琉,久保勇,,7,1:33.3,39.5,9-9-6-7,6,458,-4
2023/11/22,浦和,6,特選３歳二,1400,ダ,左,良,晴,11,7,8,パウパトロール,牝,3,54.0,496,3,臼井健,伊藤滋,,8,1:33.3,39.5,7-8-8-8,8,496,3
2023/11/22,浦和,6,特選３歳二,1400,ダ,左,良,晴,11,1,1,ミュールダール,牡,3,56.0,444,9,寺島憂,酒井一,,9,1:33.5,39.4,10-10-10-9,11,444,9
2023/11/22,浦和,6,特選３歳二,1400,ダ,左,良,晴,11,6,7,カシノクインダム,牝,3,50.0,431,6,中島良,鹿沼和,,10,1:34.3,40.5,5-6-9-10,9,431,6
2023/11/22,浦和,6,特選３歳二,1400,ダ,左,良,晴,11,3,3,シェナグローリー,牝,3,54.0,468,3,加藤和,冨田敏,,11,1:34.3,40.0,11-11-11-11,4,468,3
2023/11/22,浦和,7,高崎ハム賞Ｃ１六 七,1400,ダ,左,良,晴,12,4,4,イデアユウシン,牡,3,56.0,543,21,張田昂,岡田一,,1,1:29.1,39.5,2-2-1-1,1,543,21
2023/11/22,浦和,7,高崎ハム賞Ｃ１六 七,1400,ダ,左,良,晴,12,6,8,アロア,牝,3,53.0,480,4,七夕裕,長谷忍,,2,1:30.1,40.2,4-4-3-2,2,480,4
2023/11/22,浦和,7,高崎ハム賞Ｃ１六 七,1400,ダ,左,良,晴,12,5,5,トライコーン,牡,3,56.0,464,-7,安藤洋,佐藤博,,3,1:30.4,40.3,6-6-5-4,9,464,-7
2023/11/22,浦和,7,高崎ハム賞Ｃ１六 七,1400,ダ,左,良,晴,12,6,7,ライヴガーネット,牝,4,52.0,470,-4,木間龍,工藤伸,,4,1:30.4,40.6,3-3-2-3,3,470,-4
2023/11/22,浦和,7,高崎ハム賞Ｃ１六 七,1400,ダ,左,良,晴,12,7,9,ゴールデンレディー,牝,3,50.0,390,-1,神尾香,古澤悟,,5,1:30.5,39.8,9-10-9-7,6,390,-1
2023/11/22,浦和,7,高崎ハム賞Ｃ１六 七,1400,ダ,左,良,晴,12,8,11,メイショウポルポ,牡,6,56.0,461,13,笹川翼,宇野博,,6,1:31.3,41.0,5-7-6-6,5,461,13
2023/11/22,浦和,7,高崎ハム賞Ｃ１六 七,1400,ダ,左,良,晴,12,5,6,エレウテリア,牡,4,56.0,449,-4,池谷匠,田邊陽,,7,1:31.3,39.8,12-12-12-11,11,449,-4
2023/11/22,浦和,7,高崎ハム賞Ｃ１六 七,1400,ダ,左,良,晴,12,3,3,レイズアオーソ,牡,3,56.0,466,8,野畑凌,佐藤博,,8,1:31.4,41.1,7-5-7-5,10,466,8
2023/11/22,浦和,7,高崎ハム賞Ｃ１六 七,1400,ダ,左,良,晴,12,2,2,ピクシーワルツ,牡,3,56.0,462,2,新原周,鈴木義,,9,1:31.4,40.7,8-9-10-9,8,462,2
2023/11/22,浦和,7,高崎ハム賞Ｃ１六 七,1400,ダ,左,良,晴,12,7,10,コスモパンドラ,牝,4,54.0,460,9,藤江渉,箕輪武,,10,1:31.7,41.2,11-8-8-8,7,460,9
2023/11/22,浦和,7,高崎ハム賞Ｃ１六 七,1400,ダ,左,良,晴,12,8,12,イエローエイト,牝,3,54.0,461,5,半澤慶,川島豊,,11,1:32.1,40.8,10-11-11-12,12,461,5
2023/11/22,浦和,7,高崎ハム賞Ｃ１六 七,1400,ダ,左,良,晴,12,1,1,ジョーレイラニ,牝,5,54.0,472,0,西啓太,小久智,,12,1:33.1,43.4,1-1-4-10,4,472,0
2023/11/22,浦和,8,東毛酪農６３℃賞Ｃ１六 七,1500,ダ,左,良,晴,10,4,4,ゴルトレオパルト,牡,3,56.0,502,-3,今野忠,内田勝,,1,1:37.0,40.4,3-2-2-1,5,502,-3
2023/11/22,浦和,8,東毛酪農６３℃賞Ｃ１六 七,1500,ダ,左,良,晴,10,5,5,ゲンパチカガヤキ,牡,8,56.0,490,-8,保園翔,小澤宏,,2,1:38.1,40.5,8-7-6-3,6,490,-8
2023/11/22,浦和,8,東毛酪農６３℃賞Ｃ１六 七,1500,ダ,左,良,晴,10,7,7,ビタースマイル,牝,4,54.0,458,4,笹川翼,水野貴,,3,1:38.3,40.9,6-6-5-4,1,458,4
2023/11/22,浦和,8,東毛酪農６３℃賞Ｃ１六 七,1500,ダ,左,良,晴,10,2,2,ロジマスタング,牝,4,54.0,479,10,福原杏,平山真,,4,1:38.8,41.8,2-3-3-5,4,479,10
2023/11/22,浦和,8,東毛酪農６３℃賞Ｃ１六 七,1500,ダ,左,良,晴,10,6,6,ハクアイアトム,牡,5,56.0,478,-1,町田直,宇野博,,5,1:39.0,41.1,4-5-9-8,3,478,-1
2023/11/22,浦和,8,東毛酪農６３℃賞Ｃ１六 七,1500,ダ,左,良,晴,10,3,3,ウインプロヴァンス,牡,4,54.0,501,-10,室陽一,工藤伸,,6,1:39.4,41.7,9-8-7-6,7,501,-10
2023/11/22,浦和,8,東毛酪農６３℃賞Ｃ１六 七,1500,ダ,左,良,晴,10,1,1,ジョーシーゲル,牝,3,54.0,494,18,森泰斗,小久智,,7,1:39.4,42.9,1-1-1-2,2,494,18
2023/11/22,浦和,8,東毛酪農６３℃賞Ｃ１六 七,1500,ダ,左,良,晴,10,8,10,ホヌ,セ,0,56.0,483,-4,増田充,高月賢,,8,1:39.5,41.4,7-9-8-9,8,483,-4
2023/11/22,浦和,8,東毛酪農６３℃賞Ｃ１六 七,1500,ダ,左,良,晴,10,7,8,サンブルッキングズ,牡,4,56.0,496,-1,澤田龍,川村守,,9,1:40.6,43.6,5-4-4-7,9,496,-1
2023/11/22,浦和,8,東毛酪農６３℃賞Ｃ１六 七,1500,ダ,左,良,晴,10,8,9,コンスタンティナ,牝,7,54.0,501,3,國分祐,冨田敏,,10,1:40.6,41.5,10-10-10-10,10,501,3
2023/11/22,浦和,9,上州和牛賞特別Ｃ２二,1400,ダ,左,良,晴,11,2,2,ジョーエスポワール,牡,3,56.0,481,7,西啓太,小久智,,1,1:30.2,38.1,10-10-7-1,1,481,7
2023/11/22,浦和,9,上州和牛賞特別Ｃ２二,1400,ダ,左,良,晴,11,7,8,ドミネートシチー,牡,3,56.0,483,-4,森泰斗,高月賢,,2,1:31.0,39.7,4-5-2-2,2,483,-4
2023/11/22,浦和,9,上州和牛賞特別Ｃ２二,1400,ダ,左,良,晴,11,8,11,ルージュカプリス,牝,6,54.0,426,0,加藤和,長谷忍,,3,1:31.5,40.0,8-8-8-4,4,426,0
2023/11/22,浦和,9,上州和牛賞特別Ｃ２二,1400,ダ,左,良,晴,11,3,3,ドゥフレーシュ,牡,3,56.0,475,1,藤江渉,八木喜,,4,1:31.6,39.0,11-11-11-6,6,475,1
2023/11/22,浦和,9,上州和牛賞特別Ｃ２二,1400,ダ,左,良,晴,11,6,6,スターハッスル,牡,3,56.0,461,-12,福原杏,小澤宏,,5,1:31.9,40.7,3-3-1-3,7,461,-12
2023/11/22,浦和,9,上州和牛賞特別Ｃ２二,1400,ダ,左,良,晴,11,7,9,ステラータアイズ,牝,3,50.0,465,-1,神尾香,山田質,,6,1:32.1,39.8,9-9-10-7,8,465,-1
2023/11/22,浦和,9,上州和牛賞特別Ｃ２二,1400,ダ,左,良,晴,11,1,1,ヤマタケコーチャン,牡,4,56.0,441,-1,高橋哲,水野貴,,7,1:32.8,41.3,5-4-6-10,5,441,-1
2023/11/22,浦和,9,上州和牛賞特別Ｃ２二,1400,ダ,左,良,晴,11,8,10,ミヤジミニー,牝,3,50.0,436,-3,中島良,田邊陽,,8,1:32.8,41.3,7-7-4-5,11,436,-3
2023/11/22,浦和,9,上州和牛賞特別Ｃ２二,1400,ダ,左,良,晴,11,6,7,エドノストリート,牝,5,54.0,465,-9,矢野貴,宇野博,,9,1:33.0,41.5,6-6-5-8,3,465,-9
2023/11/22,浦和,9,上州和牛賞特別Ｃ２二,1400,ダ,左,良,晴,11,4,4,サハラントアジア,牝,4,54.0,478,4,保園翔,内野健,,10,1:33.7,42.5,1-1-3-9,10,478,4
2023/11/22,浦和,9,上州和牛賞特別Ｃ２二,1400,ダ,左,良,晴,11,5,5,アイリイファースト,牝,3,54.0,520,37,橋本直,入口由,,11,1:36.6,45.3,2-2-9-11,9,520,37
2023/11/22,浦和,10,群馬県畜産協会長賞特別Ｃ１三,1400,ダ,左,良,晴,12,8,12,シーサーペント,牡,3,56.0,495,7,森泰斗,小久智,,1,1:27.3,37.5,2-2-1-1,1,495,7
2023/11/22,浦和,10,群馬県畜産協会長賞特別Ｃ１三,1400,ダ,左,良,晴,12,8,11,イデアノキセキ,牡,4,56.0,447,4,秋元耕,岡田一,,2,1:29.3,38.7,5-4-4-3,4,447,4
2023/11/22,浦和,10,群馬県畜産協会長賞特別Ｃ１三,1400,ダ,左,良,晴,12,3,3,メラスクリオス,牝,4,52.0,450,-2,室陽一,宇野博,,3,1:29.9,40.1,1-1-2-2,5,450,-2
2023/11/22,浦和,10,群馬県畜産協会長賞特別Ｃ１三,1400,ダ,左,良,晴,12,6,8,ハーピーレックス,牡,3,56.0,464,3,藤田凌,武井和,,4,1:30.3,38.9,9-9-8-7,7,464,3
2023/11/22,浦和,10,群馬県畜産協会長賞特別Ｃ１三,1400,ダ,左,良,晴,12,5,5,レイワプリンセス,牝,5,54.0,527,6,和田譲,野口寛,,5,1:30.6,40.5,3-3-3-4,2,527,6
2023/11/22,浦和,10,群馬県畜産協会長賞特別Ｃ１三,1400,ダ,左,良,晴,12,7,10,クルールドソレイユ,牝,4,54.0,441,-2,桑村真,工藤伸,,6,1:30.9,39.7,8-7-6-5,3,441,-2
2023/11/22,浦和,10,群馬県畜産協会長賞特別Ｃ１三,1400,ダ,左,良,晴,12,5,6,ケイセブン,牡,5,56.0,453,0,内田利,箕輪武,,7,1:30.9,39.1,11-10-10-9,6,453,0
2023/11/22,浦和,10,群馬県畜産協会長賞特別Ｃ１三,1400,ダ,左,良,晴,12,1,1,イーベンホルツ,セ,0,56.0,491,1,古岡勇,内田勝,,8,1:31.2,39.8,7-8-9-8,8,491,1
2023/11/22,浦和,10,群馬県畜産協会長賞特別Ｃ１三,1400,ダ,左,良,晴,12,6,7,ワンダーフェンリル,牡,5,56.0,512,0,橋本直,鈴木勝,,9,1:31.2,38.8,10-11-11-11,10,512,0
2023/11/22,浦和,10,群馬県畜産協会長賞特別Ｃ１三,1400,ダ,左,良,晴,12,2,2,クリムゾンオーラ,牝,6,50.0,480,3,中島良,入口由,,10,1:31.4,40.6,4-5-5-6,9,480,3
2023/11/22,浦和,10,群馬県畜産協会長賞特別Ｃ１三,1400,ダ,左,良,晴,12,7,9,キックフリップ,牝,4,54.0,461,4,吉留孝,野口孝,,11,1:33.0,42.0,6-6-6-10,12,461,4
2023/11/22,浦和,10,群馬県畜産協会長賞特別Ｃ１三,1400,ダ,左,良,晴,12,4,4,ウインプロスト,牡,5,56.0,478,-2,福原杏,横山保,,12,1:33.1,40.1,12-12-12-12,11,478,-2
2023/11/22,浦和,11,霜月特別Ｂ１Ｂ２一,1500,ダ,左,良,晴,12,7,9,ルクバー,牡,3,57.0,460,3,藤本現,稲益貴,,1,1:35.9,38.2,8-7-7-4,1,460,3
2023/11/22,浦和,11,霜月特別Ｂ１Ｂ２一,1500,ダ,左,良,晴,12,5,6,フクノアルズ,セ,0,57.0,504,5,笠野雄,佐藤太,,2,1:35.9,39.0,3-3-3-2,4,504,5
2023/11/22,浦和,11,霜月特別Ｂ１Ｂ２一,1500,ダ,左,良,晴,12,2,2,カミノアカネ,牝,6,53.0,465,3,室陽一,岡田一,,3,1:36.3,39.8,2-2-2-1,9,465,3
2023/11/22,浦和,11,霜月特別Ｂ１Ｂ２一,1500,ダ,左,良,晴,12,4,4,エアポートライナー,牡,3,55.0,559,3,森泰斗,小久智,,4,1:36.5,39.4,4-4-4-5,2,559,3
2023/11/22,浦和,11,霜月特別Ｂ１Ｂ２一,1500,ダ,左,良,晴,12,6,8,シャイニー,牡,7,57.0,518,7,篠谷葵,野口寛,,5,1:36.7,38.5,9-9-8-8,6,518,7
2023/11/22,浦和,11,霜月特別Ｂ１Ｂ２一,1500,ダ,左,良,晴,12,7,10,ワンダーイチョウ,牡,5,57.0,493,6,橋本直,鈴木勝,,6,1:36.9,37.5,12-12-11-9,11,493,6
2023/11/22,浦和,11,霜月特別Ｂ１Ｂ２一,1500,ダ,左,良,晴,12,3,3,ダイリュウボーラー,牡,7,57.0,454,10,保園翔,繁田健,,7,1:37.2,39.6,5-5-6-6,3,454,10
2023/11/22,浦和,11,霜月特別Ｂ１Ｂ２一,1500,ダ,左,良,晴,12,8,12,キャッツライズ,牝,3,55.0,483,-2,町田直,平田正,,8,1:37.2,39.5,6-6-5-7,5,483,-2
2023/11/22,浦和,11,霜月特別Ｂ１Ｂ２一,1500,ダ,左,良,晴,12,8,11,レディオガガ,牝,4,53.0,509,20,山崎誠,高月賢,,9,1:37.7,38.5,11-11-10-11,8,509,20
2023/11/22,浦和,11,霜月特別Ｂ１Ｂ２一,1500,ダ,左,良,晴,12,5,5,セイウンパワフル,牡,6,53.0,490,8,中島良,川島豊,,10,1:37.9,39.8,7-8-9-10,12,490,8
2023/11/22,浦和,11,霜月特別Ｂ１Ｂ２一,1500,ダ,左,良,晴,12,1,1,アイカプチーノ,牝,5,55.0,513,-7,山口達,阿井正,,11,1:37.9,42.0,1-1-1-3,7,513,-7
2023/11/22,浦和,11,霜月特別Ｂ１Ｂ２一,1500,ダ,左,良,晴,12,6,7,キングアンドアイ,セ,0,57.0,508,10,加藤和,薮口一,,12,1:38.6,39.2,10-10-12-12,10,508,10
2023/11/22,浦和,12,小春空特別Ｂ２Ｂ３選抜馬,2000,ダ,左,良,晴,10,3,3,アルラ,牡,4,57.0,552,14,内田利,箕輪武,,1,2:10.1,39.7,3-2-1-1,3,552,14
2023/11/22,浦和,12,小春空特別Ｂ２Ｂ３選抜馬,2000,ダ,左,良,晴,10,8,9,フタイテンロック,牡,4,57.0,503,0,小杉亮,林　幻,,2,2:10.2,39.3,4-5-3-2,1,503,0
2023/11/22,浦和,12,小春空特別Ｂ２Ｂ３選抜馬,2000,ダ,左,良,晴,10,4,4,アヴァニイ,牝,6,55.0,512,-2,森泰斗,小久智,,3,2:10.6,39.3,7-7-4-3,2,512,-2
2023/11/22,浦和,12,小春空特別Ｂ２Ｂ３選抜馬,2000,ダ,左,良,晴,10,6,6,グーガルドリームズ,セ,0,57.0,478,-3,福原杏,水野貴,,4,2:11.3,40.7,6-4-2-4,9,478,-3
2023/11/22,浦和,12,小春空特別Ｂ２Ｂ３選抜馬,2000,ダ,左,良,晴,10,5,5,フクノラヴァル,牡,4,55.0,502,3,達城龍,工藤伸,,5,2:11.8,40.7,5-6-6-6,5,502,3
2023/11/22,浦和,12,小春空特別Ｂ２Ｂ３選抜馬,2000,ダ,左,良,晴,10,1,1,アンジュレイ,牝,4,53.0,489,9,本橋孝,小久智,,6,2:11.8,41.0,1-1-5-5,4,489,9
2023/11/22,浦和,12,小春空特別Ｂ２Ｂ３選抜馬,2000,ダ,左,良,晴,10,8,10,アポロダーウィン,牡,6,55.0,511,-2,秋元耕,内野健,,7,2:12.4,40.5,10-10-8-9,8,511,-2
2023/11/22,浦和,12,小春空特別Ｂ２Ｂ３選抜馬,2000,ダ,左,良,晴,10,7,7,ガイストフォル,セ,0,55.0,444,0,張田昂,坂本昇,,8,2:12.4,40.5,9-9-7-7,7,444,0
2023/11/22,浦和,12,小春空特別Ｂ２Ｂ３選抜馬,2000,ダ,左,良,晴,10,7,8,ミッキーハッスル,セ,0,57.0,452,-2,笹川翼,林隆之,,9,2:13.1,41.2,8-8-9-8,6,452,-2
2023/11/22,浦和,12,小春空特別Ｂ２Ｂ３選抜馬,2000,ダ,左,良,晴,10,2,2,ブルースウェード,牝,5,53.0,453,7,高橋哲,水野貴,,10,2:15.7,43.9,2-3-10-10,10,453,7
2023/11/23,浦和,1,特選Ｃ３一 二,1400,ダ,左,良,晴,12,8,11,トキノレーヴ,牝,5,54.0,413,0,増田充,海馬司,,1,1:31.5,40.4,6-4-4-1,2,413,0
2023/11/23,浦和,1,特選Ｃ３一 二,1400,ダ,左,良,晴,12,7,10,ニャンニャン,牝,5,54.0,438,0,古岡勇,古澤悟,,2,1:31.8,39.8,9-10-9-8,8,438,0
2023/11/23,浦和,1,特選Ｃ３一 二,1400,ダ,左,良,晴,12,8,12,シンキングロマンス,牝,4,54.0,446,2,岡田大,川村守,,3,1:32.0,41.0,3-3-1-2,4,446,2
2023/11/23,浦和,1,特選Ｃ３一 二,1400,ダ,左,良,晴,12,5,6,カントナ,牝,6,54.0,413,2,半澤慶,宇野博,,4,1:32.0,40.7,8-7-5-4,3,413,2
2023/11/23,浦和,1,特選Ｃ３一 二,1400,ダ,左,良,晴,12,6,8,キモンズラブ,牝,9,54.0,462,3,國分祐,冨田敏,,5,1:32.5,40.8,10-9-8-6,10,462,3
2023/11/23,浦和,1,特選Ｃ３一 二,1400,ダ,左,良,晴,12,1,1,ケイティーユイ,牝,5,54.0,452,0,福原杏,水野貴,,6,1:32.6,41.6,1-1-1-3,1,452,0
2023/11/23,浦和,1,特選Ｃ３一 二,1400,ダ,左,良,晴,12,6,7,ジーニーボニータ,牡,4,56.0,501,13,高橋哲,水野貴,,7,1:32.8,41.8,2-2-1-5,6,501,13
2023/11/23,浦和,1,特選Ｃ３一 二,1400,ダ,左,良,晴,12,2,2,アグリシュブール,牡,4,56.0,489,23,秋元耕,薮口一,,8,1:32.9,41.4,5-5-7-7,9,489,23
2023/11/23,浦和,1,特選Ｃ３一 二,1400,ダ,左,良,晴,12,7,9,ピッコロバンビーナ,牝,4,54.0,458,3,岡村健,酒井一,,9,1:32.9,41.4,4-6-6-9,7,458,3
2023/11/23,浦和,1,特選Ｃ３一 二,1400,ダ,左,良,晴,12,3,3,シェナノララ,牝,4,53.0,436,-4,七夕裕,冨田敏,,10,1:34.1,41.2,12-12-12-11,11,436,-4
2023/11/23,浦和,1,特選Ｃ３一 二,1400,ダ,左,良,晴,12,5,5,ハンザ,牝,5,52.0,443,13,室陽一,川村守,,11,1:34.6,42.3,11-11-11-12,5,443,13
2023/11/23,浦和,1,特選Ｃ３一 二,1400,ダ,左,良,晴,12,4,4,ハルノトゥーリ,牝,4,54.0,482,0,吉留孝,薮口一,,12,1:34.6,42.8,7-8-10-10,12,482,0
2023/11/23,浦和,2,ランチタイムチャレンジＣ２六 七 八,1400,ダ,左,良,晴,12,8,11,スイートナイト,牝,5,52.0,467,10,室陽一,入口由,,1,1:31.6,40.0,9-7-6-4,2,467,10
2023/11/23,浦和,2,ランチタイムチャレンジＣ２六 七 八,1400,ダ,左,良,晴,12,7,10,セレッソサンライズ,牝,3,54.0,417,-2,秋元耕,小林真,,2,1:31.8,40.6,5-5-3-2,3,417,-2
2023/11/23,浦和,2,ランチタイムチャレンジＣ２六 七 八,1400,ダ,左,良,晴,12,5,6,シンキングセンティ,牝,4,51.0,465,-5,谷内貫,工藤伸,,3,1:32.1,41.1,3-3-4-1,7,465,-5
2023/11/23,浦和,2,ランチタイムチャレンジＣ２六 七 八,1400,ダ,左,良,晴,12,2,2,トクシーカグヤヒメ,牝,3,54.0,487,-6,橋本直,平山真,,4,1:32.2,40.8,6-6-5-6,5,487,-6
2023/11/23,浦和,2,ランチタイムチャレンジＣ２六 七 八,1400,ダ,左,良,晴,12,1,1,ドローアプローズ,セ,0,54.0,484,8,及川烈,横山保,,5,1:32.2,40.1,11-10-9-7,1,484,8
2023/11/23,浦和,2,ランチタイムチャレンジＣ２六 七 八,1400,ダ,左,良,晴,12,4,4,シャインルージュ,牝,3,54.0,482,-11,岡田大,吉田正,,6,1:32.6,41.9,1-1-1-3,8,482,-11
2023/11/23,浦和,2,ランチタイムチャレンジＣ２六 七 八,1400,ダ,左,良,晴,12,6,8,ディーロジャー,牡,4,56.0,476,0,山崎誠,山崎尋,,7,1:33.1,39.8,12-12-12-9,6,476,0
2023/11/23,浦和,2,ランチタイムチャレンジＣ２六 七 八,1400,ダ,左,良,晴,12,6,7,シェナチチカカ,牝,4,50.0,387,5,神尾香,山田正,,8,1:33.2,41.5,8-8-7-8,12,387,5
2023/11/23,浦和,2,ランチタイムチャレンジＣ２六 七 八,1400,ダ,左,良,晴,12,5,5,エコロヴィーガ,牝,3,54.0,485,3,本橋孝,繁田健,,9,1:33.3,42.4,2-2-2-5,4,485,3
2023/11/23,浦和,2,ランチタイムチャレンジＣ２六 七 八,1400,ダ,左,良,晴,12,3,3,ホシプリンセス,牝,5,54.0,499,-3,藤本現,酒井一,,10,1:33.7,41.8,7-9-10-10,10,499,-3
2023/11/23,浦和,2,ランチタイムチャレンジＣ２六 七 八,1400,ダ,左,良,晴,12,8,12,インベンション,牝,3,54.0,446,2,保園翔,長谷忍,,11,1:34.1,41.8,10-11-11-12,11,446,2
2023/11/23,浦和,2,ランチタイムチャレンジＣ２六 七 八,1400,ダ,左,良,晴,12,7,9,タツノレジェンド,牡,4,56.0,477,13,野畑凌,田邊陽,,12,1:34.2,42.6,4-4-8-11,9,477,13
2023/11/23,浦和,3,浦和８００ラウンドＣ３選抜馬ア,800,ダ,左,良,晴,12,1,1,ツクバフタツボシ,牝,6,54.0,498,-5,橋本直,鈴木勝,,1,0:48.6,36.4,1-1,7,498,-5
2023/11/23,浦和,3,浦和８００ラウンドＣ３選抜馬ア,800,ダ,左,良,晴,12,7,9,エスポワールフレア,牝,4,50.0,453,1,中島良,野口孝,,2,0:48.8,36.2,4-3,9,453,1
2023/11/23,浦和,3,浦和８００ラウンドＣ３選抜馬ア,800,ダ,左,良,晴,12,6,8,メモリアルクイーン,牝,6,54.0,448,-11,古岡勇,小澤宏,,3,0:49.0,36.5,3-2,1,448,-11
2023/11/23,浦和,3,浦和８００ラウンドＣ３選抜馬ア,800,ダ,左,良,晴,12,7,10,キングブルズアイズ,セ,0,56.0,486,-1,今野忠,繁田健,,4,0:49.1,35.4,9-8,2,486,-1
2023/11/23,浦和,3,浦和８００ラウンドＣ３選抜馬ア,800,ダ,左,良,晴,12,3,3,ゲットデザイアー,牝,4,54.0,460,-2,藤本現,箕輪武,,5,0:49.2,35.8,8-7,5,460,-2
2023/11/23,浦和,3,浦和８００ラウンドＣ３選抜馬ア,800,ダ,左,良,晴,12,8,12,バジガクシャーンス,牝,4,50.0,449,6,神尾香,久保秀,,6,0:49.2,36.0,6-6,3,449,6
2023/11/23,浦和,3,浦和８００ラウンドＣ３選抜馬ア,800,ダ,左,良,晴,12,4,4,リンノファンタジー,牝,5,54.0,482,-12,和田譲,田邊陽,,7,0:49.6,37.3,2-5,6,482,-12
2023/11/23,浦和,3,浦和８００ラウンドＣ３選抜馬ア,800,ダ,左,良,晴,12,2,2,ニシノイルマーレ,牝,5,54.0,498,-7,國分祐,冨田敏,,8,0:49.7,36.9,5-4,11,498,-7
2023/11/23,浦和,3,浦和８００ラウンドＣ３選抜馬ア,800,ダ,左,良,晴,12,6,7,ホノノルーカ,牝,5,53.0,432,3,菅原涼,野口寛,,9,0:50.2,37.2,7-9,4,432,3
2023/11/23,浦和,3,浦和８００ラウンドＣ３選抜馬ア,800,ダ,左,良,晴,12,5,5,ホロシリダケ,セ,0,56.0,484,5,内田利,野口孝,,10,0:50.8,36.9,10-10,8,484,5
2023/11/23,浦和,3,浦和８００ラウンドＣ３選抜馬ア,800,ダ,左,良,晴,12,8,11,アイズダンシング,牝,4,54.0,478,2,岡村裕,今井輝,,11,0:51.8,37.5,11-11,10,478,2
2023/11/23,浦和,3,浦和８００ラウンドＣ３選抜馬ア,800,ダ,左,良,晴,12,5,6,ラヴィテスミラノ,牡,5,53.0,495,8,所　蛍,宮下靖,,12,0:52.9,38.4,12-12,12,495,8
2023/11/23,浦和,4,埼玉県養蜂協会長賞Ｃ２六 七 八,1400,ダ,左,良,晴,12,6,8,タツノヴィクトリー,牡,3,56.0,453,-4,新原周,田邊陽,,1,1:29.6,39.0,1-1-1-1,12,453,-4
2023/11/23,浦和,4,埼玉県養蜂協会長賞Ｃ２六 七 八,1400,ダ,左,良,晴,12,7,10,イタルトコロデ,牡,3,56.0,507,-6,中越琉,佐藤博,,2,1:31.1,39.9,10-5-4-3,11,507,-6
2023/11/23,浦和,4,埼玉県養蜂協会長賞Ｃ２六 七 八,1400,ダ,左,良,晴,12,5,6,ビービードルチェ,牝,4,54.0,455,-4,野畑凌,新井清,,3,1:31.1,39.9,6-4-5-4,2,455,-4
2023/11/23,浦和,4,埼玉県養蜂協会長賞Ｃ２六 七 八,1400,ダ,左,良,晴,12,8,11,イスラデルノルテ,牡,3,56.0,440,-1,和田譲,野口寛,,4,1:31.3,40.3,3-3-2-2,1,440,-1
2023/11/23,浦和,4,埼玉県養蜂協会長賞Ｃ２六 七 八,1400,ダ,左,良,晴,12,7,9,スマイルポピー,牝,3,54.0,466,-6,矢野貴,小澤宏,,5,1:31.5,39.8,11-10-7-7,7,466,-6
2023/11/23,浦和,4,埼玉県養蜂協会長賞Ｃ２六 七 八,1400,ダ,左,良,晴,12,1,1,ランペロニキ,セ,0,56.0,509,5,秋元耕,小澤宏,,6,1:31.7,40.1,5-8-6-6,3,509,5
2023/11/23,浦和,4,埼玉県養蜂協会長賞Ｃ２六 七 八,1400,ダ,左,良,晴,12,2,2,マイネルグローリエ,牡,4,54.0,524,9,木間龍,玉井昇,,7,1:31.7,39.5,9-11-9-8,5,524,9
2023/11/23,浦和,4,埼玉県養蜂協会長賞Ｃ２六 七 八,1400,ダ,左,良,晴,12,6,7,メイショウマニス,牝,3,52.0,440,18,室陽一,内野健,,8,1:31.9,39.9,12-12-8-9,4,440,18
2023/11/23,浦和,4,埼玉県養蜂協会長賞Ｃ２六 七 八,1400,ダ,左,良,晴,12,5,5,コロディア,牝,4,54.0,485,2,古岡勇,鹿沼和,,9,1:32.7,41.8,2-2-3-5,6,485,2
2023/11/23,浦和,4,埼玉県養蜂協会長賞Ｃ２六 七 八,1400,ダ,左,良,晴,12,8,12,ドナイデッカ,牡,3,56.0,471,2,今野忠,安池成,,10,1:32.9,41.0,7-7-11-10,8,471,2
2023/11/23,浦和,4,埼玉県養蜂協会長賞Ｃ２六 七 八,1400,ダ,左,良,晴,12,4,4,コンバットグランデ,牝,3,54.0,432,0,加藤和,工藤伸,,11,1:33.0,41.0,8-9-10-11,10,432,0
2023/11/23,浦和,4,埼玉県養蜂協会長賞Ｃ２六 七 八,1400,ダ,左,良,晴,12,3,3,ロンバルディ,牡,3,56.0,495,-4,藤本現,高月賢,,12,1:33.1,41.2,4-6-12-12,9,495,-4
2023/11/23,浦和,5,埼玉県畜産懇話会長賞Ｃ２六 七 八,1500,ダ,左,良,晴,12,6,8,メリッソ,牝,4,54.0,375,-1,藤江渉,八木喜,,1,1:37.8,40.3,3-3-3-2,6,375,-1
2023/11/23,浦和,5,埼玉県畜産懇話会長賞Ｃ２六 七 八,1500,ダ,左,良,晴,12,8,11,ゴールドビンテージ,牡,4,56.0,483,0,今野忠,箕輪武,,2,1:38.2,39.8,6-7-6-5,4,483,0
2023/11/23,浦和,5,埼玉県畜産懇話会長賞Ｃ２六 七 八,1500,ダ,左,良,晴,12,2,2,アマレロフレイバー,牡,3,56.0,480,4,和田譲,繁田健,,3,1:38.4,40.6,8-5-4-3,1,480,4
2023/11/23,浦和,5,埼玉県畜産懇話会長賞Ｃ２六 七 八,1500,ダ,左,良,晴,12,4,4,ヤマジュンヒバナ,牝,6,52.0,464,1,室陽一,宇野博,,4,1:38.4,41.7,1-1-1-1,3,464,1
2023/11/23,浦和,5,埼玉県畜産懇話会長賞Ｃ２六 七 八,1500,ダ,左,良,晴,12,7,10,ブルベアマイル,牡,6,55.0,459,11,七夕裕,岡田一,,5,1:39.3,42.0,2-2-2-4,2,459,11
2023/11/23,浦和,5,埼玉県畜産懇話会長賞Ｃ２六 七 八,1500,ダ,左,良,晴,12,8,12,ケイアイマボラ,牡,6,56.0,463,5,秋元耕,横山保,,6,1:39.8,40.8,9-9-9-8,5,463,5
2023/11/23,浦和,5,埼玉県畜産懇話会長賞Ｃ２六 七 八,1500,ダ,左,良,晴,12,5,6,ベニノパール,牝,3,54.0,394,2,西啓太,田島寿,,7,1:40.6,41.8,7-8-7-7,11,394,2
2023/11/23,浦和,5,埼玉県畜産懇話会長賞Ｃ２六 七 八,1500,ダ,左,良,晴,12,7,9,ゴールドバニー,牝,3,54.0,476,-6,町田直,野口孝,,8,1:40.6,41.6,10-10-10-9,8,476,-6
2023/11/23,浦和,5,埼玉県畜産懇話会長賞Ｃ２六 七 八,1500,ダ,左,良,晴,12,6,7,アークステート,牡,3,56.0,482,7,橋本直,新井健,,9,1:40.8,43.0,4-4-5-6,7,482,7
2023/11/23,浦和,5,埼玉県畜産懇話会長賞Ｃ２六 七 八,1500,ダ,左,良,晴,12,5,5,リスクテイカー,牝,3,54.0,442,-9,中越琉,村田六,,10,1:41.4,42.8,5-6-8-10,9,442,-9
2023/11/23,浦和,5,埼玉県畜産懇話会長賞Ｃ２六 七 八,1500,ダ,左,良,晴,12,3,3,ハッサクサン,牝,3,54.0,473,-2,赤津和,川村守,,11,1:42.4,43.1,11-11-11-11,12,473,-2
2023/11/23,浦和,5,埼玉県畜産懇話会長賞Ｃ２六 七 八,1500,ダ,左,良,晴,12,1,1,コビナイフォンテン,牝,4,54.0,483,7,山口達,矢内博,,12,1:43.4,41.9,12-12-12-12,10,483,7
2023/11/23,浦和,6,Ｊ認 若鷹特別２歳一,1500,ダ,左,良,晴,8,6,6,ビービーゼニット,牡,2,56.0,473,8,山口達,稲益貴,,1,1:37.8,40.1,3-3-1-1,2,473,8
2023/11/23,浦和,6,Ｊ認 若鷹特別２歳一,1500,ダ,左,良,晴,8,4,4,オーウェル,牡,2,56.0,479,2,矢野貴,小久智,,2,1:37.9,39.9,7-7-4-3,1,479,2
2023/11/23,浦和,6,Ｊ認 若鷹特別２歳一,1500,ダ,左,良,晴,8,7,7,ポッドマーフィー,牡,2,57.0,445,-1,和田譲,武井和,,3,1:38.1,40.2,6-4-3-2,3,445,-1
2023/11/23,浦和,6,Ｊ認 若鷹特別２歳一,1500,ダ,左,良,晴,8,8,8,ドンドミノ,牡,2,56.0,0,0,伊藤裕,鈴木義,,4,1:38.5,40.1,8-8-5-4,7,0,0
2023/11/23,浦和,6,Ｊ認 若鷹特別２歳一,1500,ダ,左,良,晴,8,1,1,ゴールドソニック,牡,2,56.0,496,7,半澤慶,鹿沼和,,5,1:39.1,40.9,4-5-8-6,8,496,7
2023/11/23,浦和,6,Ｊ認 若鷹特別２歳一,1500,ダ,左,良,晴,8,5,5,インターセプト,牝,2,55.0,469,-3,本田重,繁田健,,6,1:39.2,41.5,2-2-2-5,4,469,-3
2023/11/23,浦和,6,Ｊ認 若鷹特別２歳一,1500,ダ,左,良,晴,8,3,3,ツガノショウグン,牡,2,56.0,463,-13,加藤和,長谷忍,,7,1:39.4,41.5,1-1-6-7,6,463,-13
2023/11/23,浦和,6,Ｊ認 若鷹特別２歳一,1500,ダ,左,良,晴,8,2,2,スターサルファー,牡,2,56.0,463,-7,福原杏,小澤宏,,8,1:39.9,41.7,5-6-7-8,5,463,-7
2023/11/23,浦和,7,特選Ｃ３一 二,1500,ダ,左,良,晴,12,5,6,シュヴァーン,牡,4,56.0,534,-3,橋本直,野口孝,,1,1:37.7,39.4,8-7-3-1,1,534,-3
2023/11/23,浦和,7,特選Ｃ３一 二,1500,ダ,左,良,晴,12,7,10,フェイドハード,牡,6,56.0,511,1,加藤和,長谷忍,,2,1:37.9,40.1,3-3-1-2,3,511,1
2023/11/23,浦和,7,特選Ｃ３一 二,1500,ダ,左,良,晴,12,6,7,ラーズグリーズ,セ,0,56.0,455,-6,達城龍,工藤伸,,3,1:38.6,40.4,6-6-4-3,2,455,-6
2023/11/23,浦和,7,特選Ｃ３一 二,1500,ダ,左,良,晴,12,2,2,ミッドナイトブルー,牝,4,54.0,445,-7,内田利,横山保,,4,1:39.2,39.7,11-10-10-8,8,445,-7
2023/11/23,浦和,7,特選Ｃ３一 二,1500,ダ,左,良,晴,12,5,5,クリスタルローレル,牡,5,56.0,471,-1,増田充,山崎尋,,5,1:39.2,41.1,5-4-7-6,4,471,-1
2023/11/23,浦和,7,特選Ｃ３一 二,1500,ダ,左,良,晴,12,6,8,タマモトレゾール,牡,4,56.0,527,-5,半澤慶,川島豊,,6,1:39.3,40.4,10-8-8-7,9,527,-5
2023/11/23,浦和,7,特選Ｃ３一 二,1500,ダ,左,良,晴,12,1,1,ベニノボルト,牡,4,56.0,435,-1,岡村裕,田邊陽,,7,1:39.5,41.7,1-1-2-5,6,435,-1
2023/11/23,浦和,7,特選Ｃ３一 二,1500,ダ,左,良,晴,12,7,9,ナムラキャッツ,牝,4,54.0,424,-1,福原杏,横山保,,8,1:39.6,41.5,4-5-4-4,7,424,-1
2023/11/23,浦和,7,特選Ｃ３一 二,1500,ダ,左,良,晴,12,4,4,サンライズテソロ,牡,5,52.0,475,-4,中島良,川島豊,,9,1:40.2,40.5,12-12-11-11,5,475,-4
2023/11/23,浦和,7,特選Ｃ３一 二,1500,ダ,左,良,晴,12,8,12,サンボールダー,牝,4,54.0,492,2,保園翔,川村守,,10,1:40.3,41.3,7-9-9-9,11,492,2
2023/11/23,浦和,7,特選Ｃ３一 二,1500,ダ,左,良,晴,12,3,3,シークレットギア,牡,5,56.0,490,1,吉留孝,薮口一,,11,1:41.7,43.9,2-2-6-10,10,490,1
2023/11/23,浦和,7,特選Ｃ３一 二,1500,ダ,左,良,晴,12,8,11,シェナダイオー,牡,4,56.0,552,-6,國分祐,冨田敏,,12,1:42.9,42.9,9-11-12-12,12,552,-6
2023/11/23,浦和,8,埼玉県養鶏協会長賞Ｃ１選抜馬イ,800,ダ,左,良,晴,12,2,2,ノースプリマ,牝,3,54.0,457,5,森泰斗,水野貴,,1,0:48.0,35.4,3-1,1,457,5
2023/11/23,浦和,8,埼玉県養鶏協会長賞Ｃ１選抜馬イ,800,ダ,左,良,晴,12,5,6,ダンシングクライ,牝,3,54.0,481,-3,高橋哲,藤原智,,2,0:48.2,36.0,1-1,4,481,-3
2023/11/23,浦和,8,埼玉県養鶏協会長賞Ｃ１選抜馬イ,800,ダ,左,良,晴,12,4,4,ルナチャイルド,牝,4,54.0,486,6,濱田達,伊藤滋,,3,0:48.8,36.2,4-3,2,486,6
2023/11/23,浦和,8,埼玉県養鶏協会長賞Ｃ１選抜馬イ,800,ダ,左,良,晴,12,3,3,シナジーエフェクト,牡,3,56.0,491,5,増田充,岡田一,,4,0:48.9,35.7,10-6,11,491,5
2023/11/23,浦和,8,埼玉県養鶏協会長賞Ｃ１選抜馬イ,800,ダ,左,良,晴,12,1,1,ウインフランドル,牝,4,54.0,463,-1,矢野貴,田邊陽,,5,0:49.0,36.2,7-7,7,463,-1
2023/11/23,浦和,8,埼玉県養鶏協会長賞Ｃ１選抜馬イ,800,ダ,左,良,晴,12,7,10,アウタースペース,牡,5,56.0,445,-2,石崎駿,八木仁,,6,0:49.0,35.6,9-8,8,445,-2
2023/11/23,浦和,8,埼玉県養鶏協会長賞Ｃ１選抜馬イ,800,ダ,左,良,晴,12,8,11,ゴールドエース,セ,0,56.0,485,7,見越彬,野口孝,,7,0:49.4,36.4,8-9,12,485,7
2023/11/23,浦和,8,埼玉県養鶏協会長賞Ｃ１選抜馬イ,800,ダ,左,良,晴,12,6,8,ニードレストゥセイ,牝,3,54.0,472,-6,藤江渉,佐藤博,,8,0:49.6,36.8,4-5,5,472,-6
2023/11/23,浦和,8,埼玉県養鶏協会長賞Ｃ１選抜馬イ,800,ダ,左,良,晴,12,7,9,アルゴル,牡,4,55.0,496,28,七夕裕,酒井一,,9,0:49.7,37.3,2-4,6,496,28
2023/11/23,浦和,8,埼玉県養鶏協会長賞Ｃ１選抜馬イ,800,ダ,左,良,晴,12,5,5,バトルホッパー,牡,4,54.0,477,-9,及川烈,横山保,,10,0:49.7,36.2,11-11,9,477,-9
2023/11/23,浦和,8,埼玉県養鶏協会長賞Ｃ１選抜馬イ,800,ダ,左,良,晴,12,8,12,スマートドラフト,牝,4,54.0,428,-4,赤津和,鈴木勝,,11,0:50.5,37.7,6-10,10,428,-4
2023/11/23,浦和,8,埼玉県養鶏協会長賞Ｃ１選抜馬イ,800,ダ,左,良,晴,12,6,7,マギーローズ,牝,3,54.0,487,2,野畑凌,吉橋淳,,,,,,3,487,2
2023/11/23,浦和,9,埼玉県肉用牛経営者協会長賞Ｃ１選抜馬ア,800,ダ,左,良,晴,12,7,10,キューティロメラ,牝,3,54.0,479,3,和田譲,繁田健,,1,0:47.3,35.1,1-1,1,479,3
2023/11/23,浦和,9,埼玉県肉用牛経営者協会長賞Ｃ１選抜馬ア,800,ダ,左,良,晴,12,2,2,ピカンチダブル,牝,3,54.0,464,-1,野畑凌,新井清,,2,0:47.9,35.5,4-3,3,464,-1
2023/11/23,浦和,9,埼玉県肉用牛経営者協会長賞Ｃ１選抜馬ア,800,ダ,左,良,晴,12,6,7,マイネルリベラル,セ,0,56.0,486,-5,岡村裕,新井健,,3,0:48.0,35.6,2-2,6,486,-5
2023/11/23,浦和,9,埼玉県肉用牛経営者協会長賞Ｃ１選抜馬ア,800,ダ,左,良,晴,12,1,1,ヒガシブレーヴ,牡,6,56.0,421,-11,西啓太,河津裕,,4,0:48.5,35.8,7-4,7,421,-11
2023/11/23,浦和,9,埼玉県肉用牛経営者協会長賞Ｃ１選抜馬ア,800,ダ,左,良,晴,12,4,4,シゲルアレグリア,牝,3,54.0,451,-3,新原周,田島寿,,5,0:48.6,35.7,9-7,9,451,-3
2023/11/23,浦和,9,埼玉県肉用牛経営者協会長賞Ｃ１選抜馬ア,800,ダ,左,良,晴,12,3,3,スワンオーキッド,牝,3,50.0,464,-1,神尾香,山崎尋,,6,0:48.8,35.9,10-6,10,464,-1
2023/11/23,浦和,9,埼玉県肉用牛経営者協会長賞Ｃ１選抜馬ア,800,ダ,左,良,晴,12,8,12,イデアミラーグロ,牡,3,55.0,510,28,七夕裕,岡田一,,7,0:48.8,36.0,6-9,2,510,28
2023/11/23,浦和,9,埼玉県肉用牛経営者協会長賞Ｃ１選抜馬ア,800,ダ,左,良,晴,12,8,11,トリプルウイナー,牡,3,54.0,441,1,室陽一,小久智,,8,0:48.8,36.1,5-5,4,441,1
2023/11/23,浦和,9,埼玉県肉用牛経営者協会長賞Ｃ１選抜馬ア,800,ダ,左,良,晴,12,5,5,プレストルーチェ,セ,0,56.0,504,-7,山中悠,小澤宏,,9,0:48.9,36.2,8-10,5,504,-7
2023/11/23,浦和,9,埼玉県肉用牛経営者協会長賞Ｃ１選抜馬ア,800,ダ,左,良,晴,12,6,8,シンキングサベージ,牡,3,56.0,507,4,中越琉,今井輝,,10,0:49.7,36.6,11-11,11,507,4
2023/11/23,浦和,9,埼玉県肉用牛経営者協会長賞Ｃ１選抜馬ア,800,ダ,左,良,晴,12,7,9,ルヴァンモンスター,牡,3,56.0,490,18,福原杏,水野貴,,11,0:50.8,38.4,3-8,8,490,18
2023/11/23,浦和,9,埼玉県肉用牛経営者協会長賞Ｃ１選抜馬ア,800,ダ,左,良,晴,12,5,6,セイウンゴールド,牡,5,56.0,487,5,國分祐,吉田正,,12,0:51.1,37.4,12-12,12,487,5
2023/11/23,浦和,10,埼玉県養豚協会長賞特別Ｃ１二,1500,ダ,左,良,晴,8,4,4,シンドバッド,牡,3,56.0,488,16,保園翔,小久智,,1,1:38.0,41.2,1-1-1-1,1,488,16
2023/11/23,浦和,10,埼玉県養豚協会長賞特別Ｃ１二,1500,ダ,左,良,晴,8,2,2,マスクドサムライ,牡,4,56.0,497,8,篠谷葵,藤原智,,2,1:38.0,41.1,2-2-2-1,3,497,8
2023/11/23,浦和,10,埼玉県養豚協会長賞特別Ｃ１二,1500,ダ,左,良,晴,8,6,6,ネメシス,牝,3,54.0,449,9,西啓太,箕輪武,,3,1:38.7,41.6,3-3-4-4,5,449,9
2023/11/23,浦和,10,埼玉県養豚協会長賞特別Ｃ１二,1500,ダ,左,良,晴,8,5,5,ブルーインサニティ,セ,0,56.0,512,-5,半澤慶,工藤伸,,4,1:38.8,41.9,5-4-2-3,2,512,-5
2023/11/23,浦和,10,埼玉県養豚協会長賞特別Ｃ１二,1500,ダ,左,良,晴,8,7,7,フェリスダージ,牝,5,54.0,424,-6,内田利,工藤伸,,5,1:39.1,41.6,7-7-7-5,6,424,-6
2023/11/23,浦和,10,埼玉県養豚協会長賞特別Ｃ１二,1500,ダ,左,良,晴,8,1,1,アマゴ,牝,4,54.0,462,-3,寺島憂,箕輪武,,6,1:39.7,42.4,4-5-5-7,8,462,-3
2023/11/23,浦和,10,埼玉県養豚協会長賞特別Ｃ１二,1500,ダ,左,良,晴,8,3,3,フリーホースパーク,牡,4,56.0,454,-1,藤江渉,久保秀,,7,1:39.8,42.3,6-6-6-6,7,454,-1
2023/11/23,浦和,10,埼玉県養豚協会長賞特別Ｃ１二,1500,ダ,左,良,晴,8,8,8,ピエナレモン,牡,5,56.0,471,2,野畑凌,平田正,,8,1:40.4,42.7,8-8-8-8,4,471,2
2023/11/23,浦和,11,浦和記念JpnII,2000,ダ,左,良,晴,12,7,10,ディクテオン,セ,0,56.0,515,11,本田重,吉岡辰,,1,2:06.6,37.0,12-10-3-1,5,515,11
2023/11/23,浦和,11,浦和記念JpnII,2000,ダ,左,良,晴,12,2,2,ミトノオー,牡,3,55.0,506,2,松山弘,牧光二,,2,2:07.1,37.8,1-1-1-2,3,506,2
2023/11/23,浦和,11,浦和記念JpnII,2000,ダ,左,良,晴,12,6,7,テンカハル,牡,5,56.0,500,0,坂井瑠,矢作芳,,3,2:07.5,37.7,9-9-5-4,1,500,0
2023/11/23,浦和,11,浦和記念JpnII,2000,ダ,左,良,晴,12,7,9,ヒーローコール,牡,3,54.0,515,11,森泰斗,小久智,,4,2:07.9,38.6,3-3-1-3,4,515,11
2023/11/23,浦和,11,浦和記念JpnII,2000,ダ,左,良,晴,12,4,4,メイショウフンジン,牡,5,56.0,512,-10,幸英明,西園正,,5,2:08.5,38.9,4-4-6-5,2,512,-10
2023/11/23,浦和,11,浦和記念JpnII,2000,ダ,左,良,晴,12,1,1,セイカメテオポリス,牡,5,56.0,530,11,今野忠,渡邉和,,6,2:08.8,39.0,7-7-9-7,6,530,11
2023/11/23,浦和,11,浦和記念JpnII,2000,ダ,左,良,晴,12,8,12,エルデュクラージュ,セ,0,56.0,506,-4,矢野貴,川島一,,7,2:09.9,40.5,5-5-4-6,9,506,-4
2023/11/23,浦和,11,浦和記念JpnII,2000,ダ,左,良,晴,12,8,11,テイエムサウスダン,牡,6,56.0,542,3,柴山雄,蛯名正,,8,2:11.0,41.6,2-2-6-8,8,542,3
2023/11/23,浦和,11,浦和記念JpnII,2000,ダ,左,良,晴,12,5,5,スーパーフェザー,セ,0,56.0,468,-11,秋元耕,箕輪武,,9,2:11.0,41.2,8-8-8-9,10,468,-11
2023/11/23,浦和,11,浦和記念JpnII,2000,ダ,左,良,晴,12,5,6,ジョエル,牡,5,56.0,536,3,所　蛍,張田京,,10,2:11.2,41.4,6-6-10-10,7,536,3
2023/11/23,浦和,11,浦和記念JpnII,2000,ダ,左,良,晴,12,3,3,シンコーマーチャン,牡,9,56.0,484,-16,大畑慧,今津博,,11,2:11.7,40.4,11-12-12-12,11,484,-16
2023/11/23,浦和,11,浦和記念JpnII,2000,ダ,左,良,晴,12,6,8,コウエイスーシェフ,セ,0,56.0,476,1,浅野皓,今津博,,12,2:11.8,40.8,10-11-11-11,12,476,1
2023/11/23,浦和,12,埼玉県畜産会長賞特別Ｂ３二,1400,ダ,左,良,晴,12,8,12,アウストロ,牡,3,56.0,523,-8,秋元耕,小澤宏,,1,1:27.8,38.0,3-3-2-1,1,523,-8
2023/11/23,浦和,12,埼玉県畜産会長賞特別Ｂ３二,1400,ダ,左,良,晴,12,7,10,ティーファイブ,牡,4,56.0,478,-3,吉留孝,小久智,,2,1:28.4,38.8,1-1-1-2,3,478,-3
2023/11/23,浦和,12,埼玉県畜産会長賞特別Ｂ３二,1400,ダ,左,良,晴,12,4,4,スエトニウス,セ,0,54.0,468,0,木間龍,川島一,,3,1:29.5,39.3,4-5-4-3,8,468,0
2023/11/23,浦和,12,埼玉県畜産会長賞特別Ｂ３二,1400,ダ,左,良,晴,12,2,2,アドミラブルエース,牡,4,56.0,477,0,矢野貴,繁田健,,4,1:30.2,39.6,11-10-6-5,2,477,0
2023/11/23,浦和,12,埼玉県畜産会長賞特別Ｂ３二,1400,ダ,左,良,晴,12,5,5,デルタ,牝,6,54.0,460,9,内田利,鹿沼和,,5,1:30.3,40.1,5-4-3-4,4,460,9
2023/11/23,浦和,12,埼玉県畜産会長賞特別Ｂ３二,1400,ダ,左,良,晴,12,8,11,エミーブレイズ,牝,4,54.0,443,-6,本田重,高月賢,,6,1:30.6,39.4,12-12-11-9,12,443,-6
2023/11/23,浦和,12,埼玉県畜産会長賞特別Ｂ３二,1400,ダ,左,良,晴,12,1,1,ガンコチャン,牝,4,54.0,481,-4,保園翔,岡田一,,7,1:30.7,39.8,10-11-9-7,11,481,-4
2023/11/23,浦和,12,埼玉県畜産会長賞特別Ｂ３二,1400,ダ,左,良,晴,12,5,6,エスケントバゴ,牡,4,56.0,459,5,半澤慶,平山真,,8,1:31.0,40.2,9-9-10-8,9,459,5
2023/11/23,浦和,12,埼玉県畜産会長賞特別Ｂ３二,1400,ダ,左,良,晴,12,3,3,マテラガニア,牝,5,54.0,469,-11,福原杏,水野貴,,9,1:31.6,41.0,8-8-6-6,10,469,-11
2023/11/23,浦和,12,埼玉県畜産会長賞特別Ｂ３二,1400,ダ,左,良,晴,12,6,8,マイブー,牡,3,56.0,496,0,張田昂,張田京,,10,1:31.8,41.0,6-6-12-12,6,496,0
2023/11/23,浦和,12,埼玉県畜産会長賞特別Ｂ３二,1400,ダ,左,良,晴,12,7,9,チハヤ,牝,3,52.0,453,15,室陽一,宇野博,,11,1:32.3,41.7,7-7-8-10,5,453,15
2023/11/23,浦和,12,埼玉県畜産会長賞特別Ｂ３二,1400,ダ,左,良,晴,12,6,7,チェルカトローヴァ,牡,3,56.0,481,3,山中悠,矢野義,,12,1:33.3,43.3,2-2-5-11,7,481,3
2023/11/24,浦和,1,２歳六,1400,ダ,左,良,晴,9,4,4,メロスゴー,牡,2,53.0,470,5,及川烈,箕輪武,,1,1:32.4,40.4,4-4-4-2,1,470,5
2023/11/24,浦和,1,２歳六,1400,ダ,左,良,晴,9,5,5,リワードマーリン,牝,2,54.0,497,-4,和田譲,宇野博,,2,1:32.7,41.1,1-1-1-1,4,497,-4
2023/11/24,浦和,1,２歳六,1400,ダ,左,良,晴,9,8,8,トータルダイヤ,牡,2,55.0,466,12,福原杏,小久智,,3,1:33.4,41.2,6-6-5-4,2,466,12
2023/11/24,浦和,1,２歳六,1400,ダ,左,良,晴,9,3,3,ワンダーサバイバル,牡,2,55.0,412,5,橋本直,鈴木勝,,4,1:33.7,40.3,8-8-8-7,8,412,5
2023/11/24,浦和,1,２歳六,1400,ダ,左,良,晴,9,2,2,カラフルピーチ,牝,2,54.0,416,1,半澤慶,平山真,,5,1:33.7,40.5,7-7-7-6,9,416,1
2023/11/24,浦和,1,２歳六,1400,ダ,左,良,晴,9,8,9,ビキャク,牝,2,52.0,457,-10,室陽一,宇野博,,6,1:34.7,42.9,3-3-3-5,5,457,-10
2023/11/24,浦和,1,２歳六,1400,ダ,左,良,晴,9,6,6,アラジャイ,牡,2,55.0,442,-6,秋元耕,水野貴,,7,1:34.7,43.0,2-2-2-3,3,442,-6
2023/11/24,浦和,1,２歳六,1400,ダ,左,良,晴,9,7,7,モリデンパワー,牝,2,54.0,417,-3,保園翔,海馬司,,8,1:36.6,44.5,5-5-6-8,6,417,-3
2023/11/24,浦和,1,２歳六,1400,ダ,左,良,晴,9,1,1,ヴェルサイユノハナ,牝,2,53.0,413,-8,七夕裕,長谷忍,,9,1:38.5,43.3,9-9-9-9,7,413,-8
2023/11/24,浦和,2,ランチタイムチャレンジＣ２九 十,1400,ダ,左,良,晴,10,8,10,トロワフィーユ,牝,6,54.0,450,-9,和田譲,野口寛,,1,1:30.9,39.6,3-3-2-1,4,450,-9
2023/11/24,浦和,2,ランチタイムチャレンジＣ２九 十,1400,ダ,左,良,晴,10,7,7,フクチャンクイーン,牝,4,54.0,433,-3,保園翔,内野健,,2,1:31.7,40.2,8-7-4-4,7,433,-3
2023/11/24,浦和,2,ランチタイムチャレンジＣ２九 十,1400,ダ,左,良,晴,10,8,9,ツクバマリア,牝,6,54.0,482,6,橋本直,平山真,,3,1:31.7,40.1,5-5-5-3,1,482,6
2023/11/24,浦和,2,ランチタイムチャレンジＣ２九 十,1400,ダ,左,良,晴,10,3,3,クインズカヤノヒメ,牝,3,54.0,433,-6,藤江渉,八木喜,,4,1:31.9,39.8,10-8-6-7,10,433,-6
2023/11/24,浦和,2,ランチタイムチャレンジＣ２九 十,1400,ダ,左,良,晴,10,7,8,ハニーフラッシュ,牝,3,54.0,411,3,岡村健,海馬司,,5,1:32.2,40.1,9-10-8-6,6,411,3
2023/11/24,浦和,2,ランチタイムチャレンジＣ２九 十,1400,ダ,左,良,晴,10,6,6,モンスタープリンス,牡,7,55.0,502,2,七夕裕,工藤伸,,6,1:32.3,41.4,1-1-1-2,2,502,2
2023/11/24,浦和,2,ランチタイムチャレンジＣ２九 十,1400,ダ,左,良,晴,10,4,4,レインボーカラー,牝,5,52.0,518,-4,及川烈,藤原智,,7,1:32.9,41.8,2-2-3-5,5,518,-4
2023/11/24,浦和,2,ランチタイムチャレンジＣ２九 十,1400,ダ,左,良,晴,10,5,5,ウォーターリリー,牝,5,54.0,460,0,見越彬,内野健,,8,1:33.4,40.5,7-9-10-10,8,460,0
2023/11/24,浦和,2,ランチタイムチャレンジＣ２九 十,1400,ダ,左,良,晴,10,2,2,エッセンス,牝,5,54.0,509,4,福原杏,横山保,,9,1:33.5,41.9,4-4-7-8,3,509,4
2023/11/24,浦和,2,ランチタイムチャレンジＣ２九 十,1400,ダ,左,良,晴,10,1,1,リュウオウ,牡,7,56.0,474,2,半澤慶,宇野博,,10,1:34.0,42.0,6-6-9-9,9,474,2
2023/11/24,浦和,3,浦和８００ラウンド２歳選抜馬,800,ダ,左,良,晴,10,6,6,ハッカキャンディー,牡,2,55.0,519,10,篠谷葵,藤原智,,1,0:48.6,36.4,1-1,4,519,10
2023/11/24,浦和,3,浦和８００ラウンド２歳選抜馬,800,ダ,左,良,晴,10,5,5,ガルフブリーズ,牝,2,54.0,428,-12,高橋哲,水野貴,,2,0:49.3,36.9,2-2,3,428,-12
2023/11/24,浦和,3,浦和８００ラウンド２歳選抜馬,800,ダ,左,良,晴,10,2,2,ビナミトー,牝,2,54.0,446,-1,岡村健,酒井一,,3,0:49.6,36.7,4-4,1,446,-1
2023/11/24,浦和,3,浦和８００ラウンド２歳選抜馬,800,ダ,左,良,晴,10,1,1,オニバ,牡,2,51.0,485,19,中島良,藤原智,,4,0:49.8,37.4,3-3,5,485,19
2023/11/24,浦和,3,浦和８００ラウンド２歳選抜馬,800,ダ,左,良,晴,10,8,9,セナチャンノユメ,牝,2,54.0,471,-5,庄司大,岩崎真,,5,0:50.0,37.1,5-5,2,471,-5
2023/11/24,浦和,3,浦和８００ラウンド２歳選抜馬,800,ダ,左,良,晴,10,8,10,ギサール,牝,2,53.0,398,-4,七夕裕,酒井一,,6,0:50.4,37.3,6-6,8,398,-4
2023/11/24,浦和,3,浦和８００ラウンド２歳選抜馬,800,ダ,左,良,晴,10,7,8,ラガッツァステッラ,牝,2,54.0,471,11,秋元耕,藤原智,,7,0:51.1,37.2,7-7,7,471,11
2023/11/24,浦和,3,浦和８００ラウンド２歳選抜馬,800,ダ,左,良,晴,10,7,7,シナノエール,牝,2,54.0,435,8,吉留孝,鹿沼和,,8,0:51.7,38.0,8-8,6,435,8
2023/11/24,浦和,3,浦和８００ラウンド２歳選抜馬,800,ダ,左,良,晴,10,4,4,チョウノリノリ,牝,2,54.0,403,-7,見越彬,川村守,,9,0:52.0,37.9,9-9,9,403,-7
2023/11/24,浦和,3,浦和８００ラウンド２歳選抜馬,800,ダ,左,良,晴,10,3,3,アライグマパンチ,牡,2,55.0,0,0,保園翔,箕輪武,,,,,,,0,0
2023/11/24,浦和,4,３歳三選抜馬イ,1400,ダ,左,良,晴,9,1,1,タカイチキズナ,牝,3,54.0,0,0,吉留孝,薮口一,,1,1:34.0,41.3,6-4-1-1,3,0,0
2023/11/24,浦和,4,３歳三選抜馬イ,1400,ダ,左,良,晴,9,7,7,マックスブンブン,牡,3,56.0,437,4,見越彬,小林真,,2,1:34.6,41.8,5-3-4-2,1,437,4
2023/11/24,浦和,4,３歳三選抜馬イ,1400,ダ,左,良,晴,9,8,9,ロックン,セ,0,56.0,467,-2,川島正,野口寛,,3,1:34.6,42.1,2-2-2-3,2,467,-2
2023/11/24,浦和,4,３歳三選抜馬イ,1400,ダ,左,良,晴,9,2,2,ビナダナン,牝,3,54.0,468,-1,橋本直,酒井一,,4,1:34.8,41.4,3-6-6-5,8,468,-1
2023/11/24,浦和,4,３歳三選抜馬イ,1400,ダ,左,良,晴,9,6,6,カシノベンケイ,牡,3,56.0,431,17,古岡勇,鹿沼和,,5,1:35.0,42.0,4-5-5-4,4,431,17
2023/11/24,浦和,4,３歳三選抜馬イ,1400,ダ,左,良,晴,9,4,4,ゴルディッヒ,牝,3,52.0,390,-1,室陽一,海馬司,,6,1:35.3,41.5,8-8-7-7,7,390,-1
2023/11/24,浦和,4,３歳三選抜馬イ,1400,ダ,左,良,晴,9,5,5,フェアリーパワポケ,牝,3,54.0,415,-1,高橋哲,薮口一,,7,1:35.7,41.5,9-9-9-9,6,415,-1
2023/11/24,浦和,4,３歳三選抜馬イ,1400,ダ,左,良,晴,9,3,3,ビッグジャカランダ,牡,3,56.0,492,3,赤津和,川村守,,8,1:35.8,41.9,7-7-8-8,9,492,3
2023/11/24,浦和,4,３歳三選抜馬イ,1400,ダ,左,良,晴,9,8,8,ルヴァンアクトレス,牝,3,54.0,456,2,福原杏,水野貴,,9,1:37.2,44.7,1-1-3-6,5,456,2
2023/11/24,浦和,5,３歳三選抜馬ア,1400,ダ,左,良,晴,11,2,2,デイアンドナイト,牝,3,54.0,467,-10,桑村真,小久智,,1,1:30.3,39.7,1-1-1-1,1,467,-10
2023/11/24,浦和,5,３歳三選抜馬ア,1400,ダ,左,良,晴,11,6,6,キタノクーヴェル,牡,3,56.0,461,22,和田譲,入口由,,2,1:32.9,40.2,10-9-9-8,2,461,22
2023/11/24,浦和,5,３歳三選抜馬ア,1400,ダ,左,良,晴,11,7,8,モルデュール,牡,3,56.0,488,-2,中越琉,佐藤博,,3,1:33.0,41.6,6-6-4-4,9,488,-2
2023/11/24,浦和,5,３歳三選抜馬ア,1400,ダ,左,良,晴,11,5,5,ソレイユブラン,牡,3,56.0,479,-1,野畑凌,佐藤博,,4,1:33.0,42.2,3-2-2-2,8,479,-1
2023/11/24,浦和,5,３歳三選抜馬ア,1400,ダ,左,良,晴,11,6,7,クロスリーフ,牝,3,54.0,487,3,橋本直,酒井一,,5,1:33.1,40.9,8-8-7-6,5,487,3
2023/11/24,浦和,5,３歳三選抜馬ア,1400,ダ,左,良,晴,11,3,3,モーニングアイリス,牝,3,52.0,421,3,室陽一,長谷忍,,6,1:33.3,40.3,11-11-10-9,7,421,3
2023/11/24,浦和,5,３歳三選抜馬ア,1400,ダ,左,良,晴,11,4,4,オトメノワルツ,牝,3,54.0,464,-5,笠野雄,玉井昇,,7,1:33.6,41.6,7-7-8-7,11,464,-5
2023/11/24,浦和,5,３歳三選抜馬ア,1400,ダ,左,良,晴,11,8,11,グレイシャスオーラ,牝,3,54.0,466,-8,加藤和,川島豊,,8,1:33.8,42.2,5-5-5-5,3,466,-8
2023/11/24,浦和,5,３歳三選抜馬ア,1400,ダ,左,良,晴,11,7,9,シェナカレン,牡,3,55.0,459,12,七夕裕,冨田敏,,9,1:34.0,40.7,9-10-11-10,10,459,12
2023/11/24,浦和,5,３歳三選抜馬ア,1400,ダ,左,良,晴,11,8,10,アルムダウン,牝,3,52.0,366,-10,及川烈,川村守,,10,1:34.8,43.9,2-3-3-3,6,366,-10
2023/11/24,浦和,5,３歳三選抜馬ア,1400,ダ,左,良,晴,11,1,1,シャコンヌ,セ,0,56.0,453,17,福原杏,宇野博,,11,1:38.5,47.1,4-4-6-11,4,453,17
2023/11/24,浦和,6,浦和ジョッキーズラウンドＣ２選抜馬,1400,ダ,左,良,晴,12,8,11,ユウユウグリュック,牝,6,54.0,435,-1,赤津和,横山保,,1,1:31.0,40.7,1-1-1-1,8,435,-1
2023/11/24,浦和,6,浦和ジョッキーズラウンドＣ２選抜馬,1400,ダ,左,良,晴,12,1,1,ミーティアカフェ,牝,5,52.5,480,4,室陽一,箕輪武,,2,1:31.0,39.3,12-12-10-5,10,480,4
2023/11/24,浦和,6,浦和ジョッキーズラウンドＣ２選抜馬,1400,ダ,左,良,晴,12,3,3,フェアメーゲン,牝,5,54.0,445,-3,保園翔,工藤伸,,3,1:31.1,40.3,5-4-4-2,6,445,-3
2023/11/24,浦和,6,浦和ジョッキーズラウンドＣ２選抜馬,1400,ダ,左,良,晴,12,2,2,タマモコンペイトウ,牝,3,54.0,459,0,寺島憂,川島豊,,4,1:31.1,39.2,9-10-11-10,7,459,0
2023/11/24,浦和,6,浦和ジョッキーズラウンドＣ２選抜馬,1400,ダ,左,良,晴,12,6,8,アパラギ,牝,3,54.5,442,9,内田利,酒井一,,5,1:31.3,40.2,8-8-5-3,1,442,9
2023/11/24,浦和,6,浦和ジョッキーズラウンドＣ２選抜馬,1400,ダ,左,良,晴,12,6,7,ピノモラーン,牡,5,56.5,472,3,吉留孝,野口孝,,6,1:31.6,40.2,10-9-8-6,11,472,3
2023/11/24,浦和,6,浦和ジョッキーズラウンドＣ２選抜馬,1400,ダ,左,良,晴,12,4,4,エターナルジェイド,牡,3,56.0,452,6,岡田大,水野貴,,7,1:31.8,41.3,2-2-2-4,2,452,6
2023/11/24,浦和,6,浦和ジョッキーズラウンドＣ２選抜馬,1400,ダ,左,良,晴,12,7,9,ピノタージュ,牝,6,50.5,454,9,中島良,内野健,,8,1:31.9,41.4,3-3-3-7,3,454,9
2023/11/24,浦和,6,浦和ジョッキーズラウンドＣ２選抜馬,1400,ダ,左,良,晴,12,5,5,カミヤガルーラ,牡,5,56.0,465,1,福原杏,内野健,,9,1:32.0,41.3,4-5-6-9,9,465,1
2023/11/24,浦和,6,浦和ジョッキーズラウンドＣ２選抜馬,1400,ダ,左,良,晴,12,8,12,エコロアジェンダ,牡,5,56.0,448,-1,秋元耕,工藤伸,,10,1:32.1,40.8,7-7-9-11,4,448,-1
2023/11/24,浦和,6,浦和ジョッキーズラウンドＣ２選抜馬,1400,ダ,左,良,晴,12,7,10,ワンダーヘーヒスト,牡,9,56.0,473,8,高橋哲,鈴木勝,,11,1:32.2,40.1,11-11-12-12,12,473,8
2023/11/24,浦和,6,浦和ジョッキーズラウンドＣ２選抜馬,1400,ダ,左,良,晴,12,5,6,マイネルユヌスール,牡,4,56.0,484,1,見越彬,横山保,,12,1:32.2,41.1,6-6-7-8,5,484,1
2023/11/24,浦和,7,Ｃ２九 十,1500,ダ,左,良,晴,12,8,11,トーセンジェミニ,牝,3,54.0,426,9,橋本直,小久智,,1,1:38.0,40.2,3-2-1-1,1,426,9
2023/11/24,浦和,7,Ｃ２九 十,1500,ダ,左,良,晴,12,1,1,アムブロシアー,牝,3,54.0,441,3,福原杏,水野貴,,2,1:39.5,41.3,7-6-2-2,2,441,3
2023/11/24,浦和,7,Ｃ２九 十,1500,ダ,左,良,晴,12,5,5,イエローリボン,牝,6,52.0,485,6,室陽一,藤原智,,3,1:39.9,41.6,4-4-6-3,6,485,6
2023/11/24,浦和,7,Ｃ２九 十,1500,ダ,左,良,晴,12,7,10,エレボス,セ,0,56.0,508,0,増田充,山崎尋,,4,1:40.2,40.6,12-11-11-7,9,508,0
2023/11/24,浦和,7,Ｃ２九 十,1500,ダ,左,良,晴,12,7,9,ラクスシャルキ,牝,4,54.0,448,-10,秋元耕,酒井一,,5,1:40.3,42.3,2-3-4-6,7,448,-10
2023/11/24,浦和,7,Ｃ２九 十,1500,ダ,左,良,晴,12,2,2,モリデンボーイ,牡,3,56.0,524,-1,本橋孝,海馬司,,6,1:40.3,40.1,11-12-12-10,8,524,-1
2023/11/24,浦和,7,Ｃ２九 十,1500,ダ,左,良,晴,12,5,6,プレミアムプリモ,牝,6,54.0,491,2,岡村健,平山真,,7,1:40.3,41.3,8-9-10-8,4,491,2
2023/11/24,浦和,7,Ｃ２九 十,1500,ダ,左,良,晴,12,6,8,イマキバラ,牝,3,54.0,408,-7,山林信,田島寿,,8,1:40.7,42.4,5-5-5-4,11,408,-7
2023/11/24,浦和,7,Ｃ２九 十,1500,ダ,左,良,晴,12,8,12,ビービーグリッター,牡,3,56.0,476,1,中越琉,久保勇,,9,1:41.2,42.7,6-7-7-11,12,476,1
2023/11/24,浦和,7,Ｃ２九 十,1500,ダ,左,良,晴,12,3,3,シールドメイデン,牝,3,54.0,467,-6,藤本現,酒井一,,10,1:41.4,42.4,10-8-9-9,10,467,-6
2023/11/24,浦和,7,Ｃ２九 十,1500,ダ,左,良,晴,12,4,4,ツーエムロケット,セ,0,56.0,482,-9,山中悠,小澤宏,,11,1:41.4,42.5,9-10-8-12,3,482,-9
2023/11/24,浦和,7,Ｃ２九 十,1500,ダ,左,良,晴,12,6,7,カーターテソーロ,牡,3,56.0,498,9,保園翔,内野健,,12,1:42.1,44.3,1-1-3-5,5,498,9
2023/11/24,浦和,8,特選Ｂ３三,1500,ダ,左,良,晴,12,8,11,ダイバオーソ,牡,5,56.0,464,4,藤江渉,箕輪武,,1,1:36.5,39.8,7-7-6-2,4,464,4
2023/11/24,浦和,8,特選Ｂ３三,1500,ダ,左,良,晴,12,8,12,スティールシャトル,牝,3,52.0,454,5,室陽一,岡田一,,2,1:36.7,40.7,3-3-1-1,2,454,5
2023/11/24,浦和,8,特選Ｂ３三,1500,ダ,左,良,晴,12,6,7,ショウネンジダイ,牡,5,56.0,479,-2,本田重,新井清,,3,1:37.1,40.8,5-5-4-3,5,479,-2
2023/11/24,浦和,8,特選Ｂ３三,1500,ダ,左,良,晴,12,7,10,ヴィブエアー,牡,4,56.0,479,-6,町田直,内田勝,,4,1:37.2,41.1,4-4-3-4,6,479,-6
2023/11/24,浦和,8,特選Ｂ３三,1500,ダ,左,良,晴,12,5,5,サルセル,牝,4,54.0,489,7,福原杏,平山真,,5,1:37.5,40.3,8-8-8-6,9,489,7
2023/11/24,浦和,8,特選Ｂ３三,1500,ダ,左,良,晴,12,5,6,リュウノアン,牝,4,54.0,475,6,見越彬,川村守,,6,1:37.8,39.9,11-11-12-8,10,475,6
2023/11/24,浦和,8,特選Ｂ３三,1500,ダ,左,良,晴,12,3,3,ゼローソ,セ,0,56.0,496,18,和田譲,宇野博,,7,1:38.1,40.2,12-12-10-9,8,496,18
2023/11/24,浦和,8,特選Ｂ３三,1500,ダ,左,良,晴,12,1,1,コスモルージュ,セ,0,56.0,501,8,張田昂,小澤宏,,8,1:38.3,42.3,1-1-2-5,3,501,8
2023/11/24,浦和,8,特選Ｂ３三,1500,ダ,左,良,晴,12,2,2,クロヒョウ,牡,7,56.0,500,2,達城龍,八木喜,,9,1:38.4,40.9,9-10-11-11,11,500,2
2023/11/24,浦和,8,特選Ｂ３三,1500,ダ,左,良,晴,12,4,4,イカロス,牡,4,56.0,491,1,野畑凌,佐藤博,,10,1:38.7,41.8,6-6-7-7,7,491,1
2023/11/24,浦和,8,特選Ｂ３三,1500,ダ,左,良,晴,12,6,8,カレンレベンティス,セ,0,56.0,454,-3,増田充,古澤悟,,11,1:38.7,41.4,10-9-9-10,12,454,-3
2023/11/24,浦和,8,特選Ｂ３三,1500,ダ,左,良,晴,12,7,9,ラッキークローバー,牝,4,54.0,478,-3,桑村真,小久智,,12,1:40.3,44.2,2-2-5-12,1,478,-3
2023/11/24,浦和,9,長野県畜産会長賞特別Ｂ３選抜馬,800,ダ,左,良,晴,11,7,9,ジャスパーロイヤル,牡,3,56.0,479,7,福原杏,水野貴,,1,0:46.8,34.8,1-1,2,479,7
2023/11/24,浦和,9,長野県畜産会長賞特別Ｂ３選抜馬,800,ダ,左,良,晴,11,8,10,トンデコパ,牝,5,53.0,448,1,七夕裕,新井清,,2,0:47.3,35.0,3-3,1,448,1
2023/11/24,浦和,9,長野県畜産会長賞特別Ｂ３選抜馬,800,ダ,左,良,晴,11,4,4,ライヴトパーズ,牝,4,54.0,423,-2,町田直,山崎尋,,3,0:47.9,35.7,3-4,5,423,-2
2023/11/24,浦和,9,長野県畜産会長賞特別Ｂ３選抜馬,800,ダ,左,良,晴,11,6,7,ラヴィンツァラ,牝,6,54.0,485,2,橋本直,平山真,,4,0:47.9,35.5,6-6,6,485,2
2023/11/24,浦和,9,長野県畜産会長賞特別Ｂ３選抜馬,800,ダ,左,良,晴,11,6,6,リッチアロマ,牝,5,52.0,441,-8,室陽一,水野貴,,5,0:47.9,35.9,1-2,7,441,-8
2023/11/24,浦和,9,長野県畜産会長賞特別Ｂ３選抜馬,800,ダ,左,良,晴,11,5,5,ヒットガール,牝,5,54.0,520,1,笠野雄,山中尊,,6,0:48.2,35.8,8-8,8,520,1
2023/11/24,浦和,9,長野県畜産会長賞特別Ｂ３選抜馬,800,ダ,左,良,晴,11,3,3,サンエイヴィクター,牡,3,56.0,487,-7,藤本現,高月賢,,7,0:48.2,35.8,7-7,3,487,-7
2023/11/24,浦和,9,長野県畜産会長賞特別Ｂ３選抜馬,800,ダ,左,良,晴,11,2,2,ノボシュンシュン,牝,7,54.0,465,1,山崎誠,山崎裕,,8,0:48.9,36.7,5-5,4,465,1
2023/11/24,浦和,9,長野県畜産会長賞特別Ｂ３選抜馬,800,ダ,左,良,晴,11,1,1,スプレンディダ,牝,3,54.0,431,-2,岡村健,渡邊貴,,9,0:49.0,35.8,11-9,9,431,-2
2023/11/24,浦和,9,長野県畜産会長賞特別Ｂ３選抜馬,800,ダ,左,良,晴,11,8,11,ブルーローズ,牝,7,54.0,450,-8,國分祐,野口孝,,10,0:49.0,36.1,9-10,11,450,-8
2023/11/24,浦和,9,長野県畜産会長賞特別Ｂ３選抜馬,800,ダ,左,良,晴,11,7,8,パルフュメ,牝,3,54.0,463,-8,山中悠,岩崎真,,11,0:49.2,36.3,10-11,10,463,-8
2023/11/24,浦和,10,射手座特別Ｃ１一,1400,ダ,左,良,晴,12,5,6,ヒラリ,牝,3,54.0,461,11,本田重,新井清,,1,1:29.5,39.3,7-6-3-2,2,461,11
2023/11/24,浦和,10,射手座特別Ｃ１一,1400,ダ,左,良,晴,12,2,2,ジュラメント,牝,5,54.0,466,-5,新原周,鈴木義,,2,1:29.8,40.1,2-2-2-3,4,466,-5
2023/11/24,浦和,10,射手座特別Ｃ１一,1400,ダ,左,良,晴,12,8,11,モダナイズクィーン,牝,3,54.0,494,13,桑村真,小久智,,3,1:30.1,41.0,1-1-1-1,1,494,13
2023/11/24,浦和,10,射手座特別Ｃ１一,1400,ダ,左,良,晴,12,3,3,サブリュウシン,牡,3,56.0,470,-3,岡村健,平山真,,4,1:30.1,37.8,12-12-9-6,5,470,-3
2023/11/24,浦和,10,射手座特別Ｃ１一,1400,ダ,左,良,晴,12,5,5,リョウタスペシャル,牡,3,56.0,444,4,山崎誠,小澤宏,,5,1:30.1,40.0,4-4-3-4,7,444,4
2023/11/24,浦和,10,射手座特別Ｃ１一,1400,ダ,左,良,晴,12,4,4,ミッドナイトバード,牡,4,56.0,536,3,野畑凌,高月賢,,6,1:30.4,40.2,5-5-6-5,3,536,3
2023/11/24,浦和,10,射手座特別Ｃ１一,1400,ダ,左,良,晴,12,7,10,ナリサ,牝,3,54.0,443,-6,達城龍,工藤伸,,7,1:30.8,39.9,8-8-8-8,6,443,-6
2023/11/24,浦和,10,射手座特別Ｃ１一,1400,ダ,左,良,晴,12,7,9,ハレノチアラシ,セ,0,56.0,466,0,藤江渉,山田質,,8,1:31.1,40.6,6-7-7-7,9,466,0
2023/11/24,浦和,10,射手座特別Ｃ１一,1400,ダ,左,良,晴,12,6,8,バトルオサンナ,牝,9,54.0,448,6,庄司大,入口由,,9,1:31.2,38.8,11-11-12-10,11,448,6
2023/11/24,浦和,10,射手座特別Ｃ１一,1400,ダ,左,良,晴,12,6,7,オウケンアマゾネス,牝,6,53.0,478,32,七夕裕,工藤伸,,10,1:31.7,40.0,10-10-10-9,8,478,32
2023/11/24,浦和,10,射手座特別Ｃ１一,1400,ダ,左,良,晴,12,8,12,ソルエストレーラ,牝,3,54.0,418,-5,山口達,林正人,,11,1:32.4,42.5,3-3-3-11,10,418,-5
2023/11/24,浦和,10,射手座特別Ｃ１一,1400,ダ,左,良,晴,12,1,1,ナムラタイガー,牡,6,56.0,536,4,今野忠,箕輪武,,12,1:32.5,41.1,9-9-10-12,12,536,4
2023/11/24,浦和,11,神楽月特別Ｂ２二,1400,ダ,左,良,晴,12,8,11,グレートジャーニー,牡,3,56.0,480,17,本橋孝,小久智,,1,1:28.2,38.2,2-2-2-2,2,480,17
2023/11/24,浦和,11,神楽月特別Ｂ２二,1400,ダ,左,良,晴,12,7,9,ゴールドレッグス,セ,0,56.0,516,6,山崎誠,宇野博,,2,1:28.3,38.1,4-3-3-1,4,516,6
2023/11/24,浦和,11,神楽月特別Ｂ２二,1400,ダ,左,良,晴,12,4,4,マカゼ,牝,3,54.0,470,7,野畑凌,高月賢,,3,1:28.8,38.8,1-1-1-3,10,470,7
2023/11/24,浦和,11,神楽月特別Ｂ２二,1400,ダ,左,良,晴,12,5,5,フィスラー,牡,5,56.0,478,7,新原周,八木喜,,4,1:28.9,38.0,7-9-7-5,8,478,7
2023/11/24,浦和,11,神楽月特別Ｂ２二,1400,ダ,左,良,晴,12,8,12,プレストエンジェル,牝,4,54.0,467,11,山中悠,佐々清,,5,1:28.9,38.5,6-5-5-4,9,467,11
2023/11/24,浦和,11,神楽月特別Ｂ２二,1400,ダ,左,良,晴,12,7,10,モズハッピーロード,牡,5,56.0,502,5,岡村健,平山真,,6,1:29.2,38.5,8-7-7-7,1,502,5
2023/11/24,浦和,11,神楽月特別Ｂ２二,1400,ダ,左,良,晴,12,3,3,パールアゲイン,牝,4,53.0,427,0,七夕裕,岡田一,,7,1:29.7,38.7,10-10-10-9,3,427,0
2023/11/24,浦和,11,神楽月特別Ｂ２二,1400,ダ,左,良,晴,12,6,8,クラティアラ,牝,3,54.0,480,-4,御神訓,藤原智,,8,1:30.0,39.6,3-4-4-6,6,480,-4
2023/11/24,浦和,11,神楽月特別Ｂ２二,1400,ダ,左,良,晴,12,5,6,ポッドヴァイン,牡,4,56.0,436,-1,和田譲,武井和,,9,1:30.0,38.8,12-11-11-11,12,436,-1
2023/11/24,浦和,11,神楽月特別Ｂ２二,1400,ダ,左,良,晴,12,1,1,リトルパイングッド,牡,6,56.0,510,1,町田直,内田勝,,10,1:30.3,38.5,9-12-12-12,11,510,1
2023/11/24,浦和,11,神楽月特別Ｂ２二,1400,ダ,左,良,晴,12,2,2,ローアヴァンフレア,牡,3,56.0,481,9,今野忠,繁田健,,11,1:30.4,40.0,5-6-6-8,5,481,9
2023/11/24,浦和,11,神楽月特別Ｂ２二,1400,ダ,左,良,晴,12,6,7,メイショウタニカゼ,牡,5,56.0,470,-3,桑村真,河津裕,,12,1:30.7,39.9,11-8-7-10,7,470,-3
2023/11/24,浦和,12,トパーズ特別Ｃ２Ｃ３選抜馬,2000,ダ,左,良,晴,12,6,8,ヴィオレントアズル,牡,4,56.0,422,6,七夕裕,平山真,,1,2:13.9,39.7,12-8-1-1,4,422,6
2023/11/24,浦和,12,トパーズ特別Ｃ２Ｃ３選抜馬,2000,ダ,左,良,晴,12,6,7,ウイングラドナス,牡,4,57.0,463,-1,橋本直,内野健,,2,2:15.6,41.8,3-3-2-2,5,463,-1
2023/11/24,浦和,12,トパーズ特別Ｃ２Ｃ３選抜馬,2000,ダ,左,良,晴,12,8,12,タイムトラベラー,牡,3,55.0,477,4,及川烈,吉田正,,3,2:16.8,42.0,10-9-6-5,1,477,4
2023/11/24,浦和,12,トパーズ特別Ｃ２Ｃ３選抜馬,2000,ダ,左,良,晴,12,5,5,ビナダラット,牝,3,55.0,450,-4,岡村健,酒井一,,4,2:17.4,41.8,9-12-11-9,11,450,-4
2023/11/24,浦和,12,トパーズ特別Ｃ２Ｃ３選抜馬,2000,ダ,左,良,晴,12,4,4,マユグリーン,牡,3,57.0,518,32,保園翔,川村守,,5,2:17.4,43.2,7-5-4-3,6,518,32
2023/11/24,浦和,12,トパーズ特別Ｃ２Ｃ３選抜馬,2000,ダ,左,良,晴,12,5,6,シェナハート,牝,4,49.0,434,7,中島良,冨田敏,,6,2:17.4,42.2,8-10-9-8,10,434,7
2023/11/24,浦和,12,トパーズ特別Ｃ２Ｃ３選抜馬,2000,ダ,左,良,晴,12,3,3,ベリリウンヌ,牝,5,55.0,427,5,本橋孝,海馬司,,7,2:17.8,44.0,2-2-3-4,3,427,5
2023/11/24,浦和,12,トパーズ特別Ｃ２Ｃ３選抜馬,2000,ダ,左,良,晴,12,8,11,アイスバーグアリー,牝,7,53.0,444,3,新原周,酒井一,,8,2:18.4,44.0,5-6-8-7,8,444,3
2023/11/24,浦和,12,トパーズ特別Ｃ２Ｃ３選抜馬,2000,ダ,左,良,晴,12,7,10,パルメニデス,牡,4,55.0,425,0,秋元耕,長谷忍,,9,2:18.4,42.8,11-11-12-12,12,425,0
2023/11/24,浦和,12,トパーズ特別Ｃ２Ｃ３選抜馬,2000,ダ,左,良,晴,12,2,2,ツウツウ,セ,0,55.0,472,7,張田昂,林隆之,,10,2:18.5,44.3,4-4-5-6,2,472,7
2023/11/24,浦和,12,トパーズ特別Ｃ２Ｃ３選抜馬,2000,ダ,左,良,晴,12,7,9,セイウンミレイア,牝,6,53.0,485,11,國分祐,冨田敏,,11,2:19.3,44.1,6-7-10-11,9,485,11
2023/11/24,浦和,12,トパーズ特別Ｃ２Ｃ３選抜馬,2000,ダ,左,良,晴,12,1,1,パーティーアニマル,牡,7,55.0,462,12,高橋哲,海馬司,,12,2:19.4,45.4,1-1-6-10,7,462,12
2023/12/21,浦和,1,Ｃ３五,1400,ダ,左,良,晴,9,3,3,ウルリヒト,牡,7,56.0,487,-5,見越彬,小林真,,1,1:34.1,40.4,9-8-8-5,8,487,-5
2023/12/21,浦和,1,Ｃ３五,1400,ダ,左,良,晴,9,8,9,パレスギガント,牡,7,55.0,476,-1,七夕裕,長谷忍,,2,1:34.2,42.1,4-4-3-2,2,476,-1
2023/12/21,浦和,1,Ｃ３五,1400,ダ,左,良,晴,9,8,8,ユウユウリアン,牡,7,56.0,445,-1,高橋哲,横山保,,3,1:34.2,42.1,2-3-2-3,3,445,-1
2023/12/21,浦和,1,Ｃ３五,1400,ダ,左,良,晴,9,4,4,ピノゼン,牝,7,54.0,479,-11,新原周,野口孝,,4,1:34.2,42.1,1-1-1-1,5,479,-11
2023/12/21,浦和,1,Ｃ３五,1400,ダ,左,良,晴,9,7,7,スパークルガール,牝,7,52.0,430,1,及川烈,長谷忍,,5,1:34.7,41.8,5-5-6-6,1,430,1
2023/12/21,浦和,1,Ｃ３五,1400,ダ,左,良,晴,9,5,5,ハクサンバレー,牝,6,54.0,440,-4,吉留孝,薮口一,,6,1:35.5,42.8,7-6-4-4,4,440,-4
2023/12/21,浦和,1,Ｃ３五,1400,ダ,左,良,晴,9,2,2,ゴールドスペンサー,牡,5,56.0,484,-2,保園翔,吉田正,,7,1:35.5,42.3,6-7-7-8,6,484,-2
2023/12/21,浦和,1,Ｃ３五,1400,ダ,左,良,晴,9,1,1,ネオエンジェル,牝,7,54.0,462,13,國分祐,冨田敏,,8,1:35.6,41.1,8-9-9-9,9,462,13
2023/12/21,浦和,1,Ｃ３五,1400,ダ,左,良,晴,9,6,6,トキノカサドール,牡,8,54.0,463,2,室陽一,川村守,,9,1:36.0,43.6,3-2-5-7,7,463,2
2023/12/21,浦和,2,ランチタイムチャレンジＣ２三 四,1400,ダ,左,良,晴,10,8,9,ニットウサニー,牝,3,54.0,448,8,野畑凌,野口寛,,1,1:32.0,40.1,3-3-1-1,7,448,8
2023/12/21,浦和,2,ランチタイムチャレンジＣ２三 四,1400,ダ,左,良,晴,10,1,1,カリグラフィー,牝,4,52.0,458,-1,室陽一,入口由,,2,1:32.1,38.8,9-8-7-5,8,458,-1
2023/12/21,浦和,2,ランチタイムチャレンジＣ２三 四,1400,ダ,左,良,晴,10,7,7,ソウルフレイバー,セ,0,56.0,426,0,町田直,繁田健,,3,1:32.3,39.2,7-7-6-6,6,426,0
2023/12/21,浦和,2,ランチタイムチャレンジＣ２三 四,1400,ダ,左,良,晴,10,6,6,リュウノファントム,牡,3,56.0,473,2,和田譲,野口孝,,4,1:32.5,40.2,5-5-4-4,9,473,2
2023/12/21,浦和,2,ランチタイムチャレンジＣ２三 四,1400,ダ,左,良,晴,10,2,2,ケンリュウジョウ,牡,6,56.0,489,-7,矢野貴,小澤宏,,5,1:33.1,40.8,4-4-5-7,3,489,-7
2023/12/21,浦和,2,ランチタイムチャレンジＣ２三 四,1400,ダ,左,良,晴,10,4,4,ビートルジュース,牝,4,54.0,440,-5,森泰斗,小久智,,6,1:33.1,41.2,2-2-1-2,1,440,-5
2023/12/21,浦和,2,ランチタイムチャレンジＣ２三 四,1400,ダ,左,良,晴,10,8,10,マユグリーン,牡,3,56.0,510,-8,保園翔,川村守,,7,1:33.1,39.2,10-10-9-8,4,510,-8
2023/12/21,浦和,2,ランチタイムチャレンジＣ２三 四,1400,ダ,左,良,晴,10,7,8,エトワールゴールド,牡,4,56.0,471,2,吉留孝,薮口一,,8,1:33.2,39.9,6-6-8-9,10,471,2
2023/12/21,浦和,2,ランチタイムチャレンジＣ２三 四,1400,ダ,左,良,晴,10,5,5,タマモコンペイトウ,牝,3,50.0,453,-6,中島良,川島豊,,9,1:33.3,39.4,8-9-10-10,2,453,-6
2023/12/21,浦和,2,ランチタイムチャレンジＣ２三 四,1400,ダ,左,良,晴,10,3,3,ブルベアマイル,牡,6,55.0,461,10,七夕裕,岡田一,,10,1:34.0,42.1,1-1-1-3,5,461,10
2023/12/21,浦和,3,２歳二,1400,ダ,左,良,晴,9,6,6,カプローニ,牝,2,54.0,440,-4,藤江渉,酒井一,,1,1:32.6,40.3,4-4-5-3,6,440,-4
2023/12/21,浦和,3,２歳二,1400,ダ,左,良,晴,9,8,9,ケンスピリタス,牡,2,55.0,454,-6,藤本現,繁田健,,2,1:33.0,40.7,3-3-4-4,4,454,-6
2023/12/21,浦和,3,２歳二,1400,ダ,左,良,晴,9,4,4,リワードマーリン,牝,2,54.0,500,3,和田譲,宇野博,,3,1:33.3,41.3,1-1-1-1,5,500,3
2023/12/21,浦和,3,２歳二,1400,ダ,左,良,晴,9,5,5,アルサーフィ,牡,2,55.0,471,16,内田利,箕輪武,,4,1:33.4,41.4,2-2-2-2,3,471,16
2023/12/21,浦和,3,２歳二,1400,ダ,左,良,晴,9,3,3,トーセンブレンダ,牝,2,54.0,430,-11,桑村真,小久智,,5,1:33.9,41.6,6-6-3-5,1,430,-11
2023/12/21,浦和,3,２歳二,1400,ダ,左,良,晴,9,8,8,スウィートシーズン,牝,2,54.0,449,-9,森泰斗,平山真,,6,1:33.9,41.6,5-5-6-6,2,449,-9
2023/12/21,浦和,3,２歳二,1400,ダ,左,良,晴,9,1,1,コウユーユケユケ,牝,2,54.0,497,6,福原杏,宇野博,,7,1:34.9,42.1,7-7-7-7,8,497,6
2023/12/21,浦和,3,２歳二,1400,ダ,左,良,晴,9,7,7,リュウノアラジン,牝,2,54.0,448,7,秋元耕,野口孝,,8,1:35.4,41.8,8-8-8-8,7,448,7
2023/12/21,浦和,3,２歳二,1400,ダ,左,良,晴,9,2,2,ユウユウプレスト,牝,2,54.0,343,-12,橋本直,入口由,,,,,,,343,-12
2023/12/21,浦和,4,浦和８００ラウンドＣ３選抜馬,800,ダ,左,良,晴,12,8,12,ヘデラ,牝,7,54.0,441,-8,吉留孝,箕輪武,,1,0:50.2,37.5,1-1,7,441,-8
2023/12/21,浦和,4,浦和８００ラウンドＣ３選抜馬,800,ダ,左,良,晴,12,6,7,ジーニーボニータ,牡,4,56.0,492,1,高橋哲,水野貴,,2,0:50.3,36.9,5-6,6,492,1
2023/12/21,浦和,4,浦和８００ラウンドＣ３選抜馬,800,ダ,左,良,晴,12,2,2,ブライトソール,牡,4,56.0,432,0,加藤和,薮口一,,3,0:50.4,37.2,4-4,9,432,0
2023/12/21,浦和,4,浦和８００ラウンドＣ３選抜馬,800,ダ,左,良,晴,12,5,5,メモリアルクイーン,牝,6,50.0,451,3,中島良,小澤宏,,4,0:50.4,37.0,6-5,1,451,3
2023/12/21,浦和,4,浦和８００ラウンドＣ３選抜馬,800,ダ,左,良,晴,12,1,1,エイシンキーゼル,牡,5,56.0,462,5,半澤慶,宇野博,,5,0:50.6,37.7,3-3,2,462,5
2023/12/21,浦和,4,浦和８００ラウンドＣ３選抜馬,800,ダ,左,良,晴,12,8,11,ラヴアンドゲーム,牝,6,54.0,473,2,桑村真,酒井一,,6,0:50.7,37.8,2-2,4,473,2
2023/12/21,浦和,4,浦和８００ラウンドＣ３選抜馬,800,ダ,左,良,晴,12,7,9,ダンストンラソ,牝,8,54.0,433,-2,見越彬,野口孝,,7,0:51.0,37.3,9-9,8,433,-2
2023/12/21,浦和,4,浦和８００ラウンドＣ３選抜馬,800,ダ,左,良,晴,12,6,8,トーセンケイト,牝,5,53.0,480,-1,七夕裕,川村守,,8,0:51.1,37.7,7-8,5,480,-1
2023/12/21,浦和,4,浦和８００ラウンドＣ３選抜馬,800,ダ,左,良,晴,12,4,4,ニシノイルマーレ,牝,5,54.0,490,-8,國分祐,冨田敏,,9,0:51.2,37.2,10-7,10,490,-8
2023/12/21,浦和,4,浦和８００ラウンドＣ３選抜馬,800,ダ,左,良,晴,12,3,3,スクリームイーグル,セ,0,56.0,455,6,秋元耕,酒井一,,10,0:51.3,37.3,11-11,12,455,6
2023/12/21,浦和,4,浦和８００ラウンドＣ３選抜馬,800,ダ,左,良,晴,12,7,10,コウエイダイチ,牡,9,54.0,478,5,及川烈,吉田正,,11,0:51.5,38.0,8-10,11,478,5
2023/12/21,浦和,4,浦和８００ラウンドＣ３選抜馬,800,ダ,左,良,晴,12,5,6,エイシンドゥルガー,牝,4,54.0,481,-3,澤田龍,川村守,,12,0:51.9,37.1,12-12,3,481,-3
2023/12/21,浦和,5,特選Ｃ２二,1400,ダ,左,良,晴,12,8,11,バードハズフロウン,牝,5,53.0,427,1,谷内貫,工藤伸,,1,1:30.9,39.6,4-4-4-2,4,427,1
2023/12/21,浦和,5,特選Ｃ２二,1400,ダ,左,良,晴,12,6,8,ルージュアズライト,牝,3,54.0,453,-1,桑村真,小久智,,2,1:31.1,40.4,3-2-2-1,1,453,-1
2023/12/21,浦和,5,特選Ｃ２二,1400,ダ,左,良,晴,12,3,3,ピノモラーン,牡,5,56.0,470,-2,新原周,野口孝,,3,1:31.9,39.9,10-10-8-7,9,470,-2
2023/12/21,浦和,5,特選Ｃ２二,1400,ダ,左,良,晴,12,1,1,ユメミルツキ,牝,4,52.0,473,-4,及川烈,鹿沼和,,4,1:32.1,40.2,8-9-6-6,8,473,-4
2023/12/21,浦和,5,特選Ｃ２二,1400,ダ,左,良,晴,12,7,9,ピノタージュ,牝,6,54.0,450,-4,橋本直,内野健,,5,1:32.1,40.4,7-6-7-8,6,450,-4
2023/12/21,浦和,5,特選Ｃ２二,1400,ダ,左,良,晴,12,8,12,ニシノスイセイ,牡,3,56.0,469,8,福原杏,小澤宏,,6,1:32.2,40.9,6-5-4-4,3,469,8
2023/12/21,浦和,5,特選Ｃ２二,1400,ダ,左,良,晴,12,6,7,エドノストリート,牝,5,54.0,471,6,矢野貴,宇野博,,7,1:32.3,40.0,5-7-11-9,7,471,6
2023/12/21,浦和,5,特選Ｃ２二,1400,ダ,左,良,晴,12,2,2,リコールイーズ,牝,4,54.0,546,7,藤本現,繁田健,,8,1:32.9,42.2,1-1-1-3,5,546,7
2023/12/21,浦和,5,特選Ｃ２二,1400,ダ,左,良,晴,12,5,6,サンカプリス,セ,0,56.0,505,0,笹川翼,野口寛,,9,1:32.9,42.2,2-3-3-5,2,505,0
2023/12/21,浦和,5,特選Ｃ２二,1400,ダ,左,良,晴,12,5,5,シャンデル,牝,3,54.0,474,-1,吉留孝,藤原智,,10,1:34.3,42.2,11-11-10-11,11,474,-1
2023/12/21,浦和,5,特選Ｃ２二,1400,ダ,左,良,晴,12,7,10,ポッピングシャワー,牝,3,54.0,435,9,澤田龍,川村守,,11,1:34.5,43.0,9-8-8-10,10,435,9
2023/12/21,浦和,5,特選Ｃ２二,1400,ダ,左,良,晴,12,4,4,アイリイファースト,牝,3,54.0,515,-5,高橋哲,入口由,,12,1:35.5,42.7,12-12-12-12,12,515,-5
2023/12/21,浦和,6,若潮特別２歳一,1500,ダ,左,良,晴,10,4,4,オーウェル,牡,2,56.0,480,1,笹川翼,小久智,,1,1:39.3,39.9,6-6-6-5,1,480,1
2023/12/21,浦和,6,若潮特別２歳一,1500,ダ,左,良,晴,10,1,1,ストロングブラック,牡,2,56.0,469,5,本橋孝,繁田健,,2,1:39.3,40.3,5-4-5-4,7,469,5
2023/12/21,浦和,6,若潮特別２歳一,1500,ダ,左,良,晴,10,7,8,ヒテン,牝,2,54.0,478,-8,桑村真,小久智,,3,1:39.6,40.8,4-5-2-1,2,478,-8
2023/12/21,浦和,6,若潮特別２歳一,1500,ダ,左,良,晴,10,6,6,ケンタッキースカイ,牡,2,56.0,519,-1,秋元耕,藤原智,,4,1:39.7,41.2,1-1-1-2,4,519,-1
2023/12/21,浦和,6,若潮特別２歳一,1500,ダ,左,良,晴,10,7,7,ポッドマーフィー,牡,2,57.0,445,0,和田譲,武井和,,5,1:40.0,41.2,3-3-4-3,3,445,0
2023/12/21,浦和,6,若潮特別２歳一,1500,ダ,左,良,晴,10,8,10,シナノヨシキュウ,牡,2,56.0,434,4,森泰斗,岡田一,,6,1:40.4,40.5,8-8-7-6,5,434,4
2023/12/21,浦和,6,若潮特別２歳一,1500,ダ,左,良,晴,10,5,5,ケンアトラス,牡,2,55.0,474,-5,町田直,繁田健,,7,1:40.5,39.4,9-9-9-7,10,474,-5
2023/12/21,浦和,6,若潮特別２歳一,1500,ダ,左,良,晴,10,2,2,ミスゴールド,牝,2,55.0,452,-7,澤田龍,凾館一,,8,1:41.4,41.1,7-7-8-8,9,452,-7
2023/12/21,浦和,6,若潮特別２歳一,1500,ダ,左,良,晴,10,8,9,クラッチタイム,牝,2,54.0,441,-1,野畑凌,稲益貴,,9,1:43.2,44.5,2-2-3-9,6,441,-1
2023/12/21,浦和,6,若潮特別２歳一,1500,ダ,左,良,晴,10,3,3,ピンクレモネード,牝,2,54.0,477,3,張田昂,宇野博,,10,1:47.1,45.2,10-10-10-10,8,477,3
2023/12/21,浦和,7,特選３歳一,1500,ダ,左,良,晴,11,7,8,ライコウノヒカリ,牡,3,56.0,433,3,笹川翼,水野貴,,1,1:39.3,39.7,4-4-2-1,1,433,3
2023/12/21,浦和,7,特選３歳一,1500,ダ,左,良,晴,11,2,2,キタノクーヴェル,牡,3,56.0,459,-2,矢野貴,入口由,,2,1:40.7,40.5,7-7-5-6,3,459,-2
2023/12/21,浦和,7,特選３歳一,1500,ダ,左,良,晴,11,6,7,シルバーニードル,牡,3,56.0,477,1,福原杏,横山保,,3,1:40.7,40.1,9-10-6-6,5,477,1
2023/12/21,浦和,7,特選３歳一,1500,ダ,左,良,晴,11,5,5,アプレイザー,牡,3,56.0,444,8,和田譲,宇野博,,4,1:40.9,41.5,2-2-2-2,4,444,8
2023/12/21,浦和,7,特選３歳一,1500,ダ,左,良,晴,11,8,11,シェナカンザシ,牝,3,53.0,467,5,七夕裕,冨田敏,,5,1:41.1,40.5,11-11-6-4,8,467,5
2023/12/21,浦和,7,特選３歳一,1500,ダ,左,良,晴,11,1,1,トーセンメモリア,牝,3,54.0,454,4,張田昂,小久智,,6,1:41.4,42.0,1-1-1-3,2,454,4
2023/12/21,浦和,7,特選３歳一,1500,ダ,左,良,晴,11,4,4,ミュールダール,牡,3,56.0,453,5,秋元耕,酒井一,,7,1:41.5,40.7,10-9-10-9,11,453,5
2023/12/21,浦和,7,特選３歳一,1500,ダ,左,良,晴,11,8,10,カシノクインダム,牝,3,50.0,434,10,中島良,鹿沼和,,8,1:41.6,42.0,3-3-4-5,9,434,10
2023/12/21,浦和,7,特選３歳一,1500,ダ,左,良,晴,11,6,6,アテンヒーロー,牡,3,56.0,464,9,保園翔,内野健,,9,1:41.8,41.6,6-6-8-8,7,464,9
2023/12/21,浦和,7,特選３歳一,1500,ダ,左,良,晴,11,3,3,ステンノー,牝,3,54.0,485,-8,見越彬,薮口一,,10,1:42.2,41.4,8-8-11-11,10,485,-8
2023/12/21,浦和,7,特選３歳一,1500,ダ,左,良,晴,11,7,9,ローズミカ,牝,3,54.0,440,-2,藤本現,酒井一,,11,1:42.5,42.4,5-5-9-10,6,440,-2
2023/12/21,浦和,8,いちごの里よしみ賞Ｃ１六,1400,ダ,左,良,晴,9,8,9,シンボリフラッシュ,牡,5,56.0,464,3,橋本直,平山真,,1,1:30.9,39.2,4-5-1-2,2,464,3
2023/12/21,浦和,8,いちごの里よしみ賞Ｃ１六,1400,ダ,左,良,晴,9,1,1,リジン,牡,4,56.0,485,11,本田重,水野貴,,2,1:31.1,39.4,3-3-1-1,1,485,11
2023/12/21,浦和,8,いちごの里よしみ賞Ｃ１六,1400,ダ,左,良,晴,9,8,8,ブルベアヴェルデ,牡,7,56.0,477,4,篠谷葵,藤原智,,3,1:32.4,40.6,2-2-3-3,4,477,4
2023/12/21,浦和,8,いちごの里よしみ賞Ｃ１六,1400,ダ,左,良,晴,9,7,7,セーヌウォーリア,牝,3,54.0,471,-15,吉留孝,薮口一,,4,1:32.6,39.0,7-7-6-6,3,471,-15
2023/12/21,浦和,8,いちごの里よしみ賞Ｃ１六,1400,ダ,左,良,晴,9,6,6,ミメウルワシ,牝,8,50.0,447,3,中島良,藤原智,,5,1:32.8,41.1,1-1-4-4,5,447,3
2023/12/21,浦和,8,いちごの里よしみ賞Ｃ１六,1400,ダ,左,良,晴,9,5,5,シェナストーン,牡,3,56.0,446,2,秋元耕,吉田正,,6,1:32.8,39.2,8-8-6-6,7,446,2
2023/12/21,浦和,8,いちごの里よしみ賞Ｃ１六,1400,ダ,左,良,晴,9,3,3,シルバーペコ,牝,4,54.0,490,-2,和田譲,酒井一,,7,1:33.2,41.2,5-4-5-5,6,490,-2
2023/12/21,浦和,8,いちごの里よしみ賞Ｃ１六,1400,ダ,左,良,晴,9,4,4,オワゾードール,牡,8,54.0,480,5,室陽一,小林真,,8,1:34.2,39.9,9-9-8-8,8,480,5
2023/12/21,浦和,8,いちごの里よしみ賞Ｃ１六,1400,ダ,左,良,晴,9,2,2,ゴールドエース,セ,0,56.0,488,3,見越彬,野口孝,,9,1:35.1,40.9,6-6-9-9,9,488,3
2023/12/21,浦和,9,深谷『ふっかちゃん』賞Ｃ２三 四,1500,ダ,左,良,晴,11,8,10,キャルドーン,牡,3,56.0,523,13,笹川翼,繁田健,,1,1:37.7,39.0,4-3-2-1,2,523,13
2023/12/21,浦和,9,深谷『ふっかちゃん』賞Ｃ２三 四,1500,ダ,左,良,晴,11,1,1,ネオアンコーラ,牡,4,56.0,494,-3,保園翔,川島豊,,2,1:38.9,40.6,1-1-1-2,7,494,-3
2023/12/21,浦和,9,深谷『ふっかちゃん』賞Ｃ２三 四,1500,ダ,左,良,晴,11,6,6,スイートナイト,牝,5,52.0,463,-4,室陽一,入口由,,3,1:39.5,40.3,9-7-6-4,3,463,-4
2023/12/21,浦和,9,深谷『ふっかちゃん』賞Ｃ２三 四,1500,ダ,左,良,晴,11,7,8,トーセンジェミニ,牝,3,54.0,427,1,橋本直,小久智,,4,1:39.6,40.9,6-4-3-3,1,427,1
2023/12/21,浦和,9,深谷『ふっかちゃん』賞Ｃ２三 四,1500,ダ,左,良,晴,11,7,9,クラダイリン,牝,3,54.0,510,1,桑村真,長谷忍,,5,1:39.8,39.6,10-10-9-7,11,510,1
2023/12/21,浦和,9,深谷『ふっかちゃん』賞Ｃ２三 四,1500,ダ,左,良,晴,11,2,2,パラダイスアレイ,牡,5,56.0,492,3,張田昂,小澤宏,,6,1:40.0,41.1,5-6-5-5,5,492,3
2023/12/21,浦和,9,深谷『ふっかちゃん』賞Ｃ２三 四,1500,ダ,左,良,晴,11,3,3,ヴァンクールシチー,牡,4,55.0,425,8,七夕裕,工藤伸,,7,1:40.8,41.5,8-8-8-8,8,425,8
2023/12/21,浦和,9,深谷『ふっかちゃん』賞Ｃ２三 四,1500,ダ,左,良,晴,11,8,11,モンテッソーリ,牝,4,52.0,432,1,及川烈,小澤宏,,8,1:41.3,42.8,2-2-4-6,6,432,1
2023/12/21,浦和,9,深谷『ふっかちゃん』賞Ｃ２三 四,1500,ダ,左,良,晴,11,6,7,ゴールドバード,牡,9,56.0,468,-15,町田直,野口孝,,9,1:41.4,40.4,11-11-11-11,9,468,-15
2023/12/21,浦和,9,深谷『ふっかちゃん』賞Ｃ２三 四,1500,ダ,左,良,晴,11,4,4,フォルトゥナータ,牝,5,54.0,464,-6,福原杏,酒井一,,10,1:41.9,42.8,7-5-7-9,4,464,-6
2023/12/21,浦和,9,深谷『ふっかちゃん』賞Ｃ２三 四,1500,ダ,左,良,晴,11,5,5,クラスヴァンクル,牡,3,56.0,506,9,吉留孝,薮口一,,11,1:42.0,42.2,3-9-10-10,10,506,9
2023/12/21,浦和,10,ＳＰＡＴ４プレミアムポイント賞Ｂ３二,1500,ダ,左,良,晴,12,6,7,ティーファイブ,牡,4,56.0,475,-3,吉留孝,小久智,,1,1:37.1,39.9,2-2-1-1,1,475,-3
2023/12/21,浦和,10,ＳＰＡＴ４プレミアムポイント賞Ｂ３二,1500,ダ,左,良,晴,12,7,9,クローズユアアイズ,牝,4,54.0,479,-7,森泰斗,水野貴,,2,1:37.5,40.0,3-3-3-2,3,479,-7
2023/12/21,浦和,10,ＳＰＡＴ４プレミアムポイント賞Ｂ３二,1500,ダ,左,良,晴,12,4,4,ラッキークローバー,牝,4,54.0,478,0,笹川翼,小久智,,3,1:37.7,39.6,7-6-5-3,6,478,0
2023/12/21,浦和,10,ＳＰＡＴ４プレミアムポイント賞Ｂ３二,1500,ダ,左,良,晴,12,2,2,アドミラブルエース,牡,4,56.0,472,-2,本橋孝,繁田健,,4,1:38.2,39.6,9-9-7-4,7,472,-2
2023/12/21,浦和,10,ＳＰＡＴ４プレミアムポイント賞Ｂ３二,1500,ダ,左,良,晴,12,5,5,モンバイト,牡,4,56.0,498,6,加藤和,薮口一,,5,1:38.4,39.6,8-8-9-8,10,498,6
2023/12/21,浦和,10,ＳＰＡＴ４プレミアムポイント賞Ｂ３二,1500,ダ,左,良,晴,12,7,10,ミラクルランバック,牡,4,56.0,539,5,篠谷葵,藤原智,,6,1:38.4,40.0,6-7-6-7,5,539,5
2023/12/21,浦和,10,ＳＰＡＴ４プレミアムポイント賞Ｂ３二,1500,ダ,左,良,晴,12,8,12,エドノトップラン,牡,3,56.0,509,17,半澤慶,宇野博,,7,1:38.7,40.8,4-4-4-6,4,509,17
2023/12/21,浦和,10,ＳＰＡＴ４プレミアムポイント賞Ｂ３二,1500,ダ,左,良,晴,12,3,3,アイエンジェル,牝,6,53.0,491,15,七夕裕,川島豊,,8,1:38.8,39.5,11-10-11-9,12,491,15
2023/12/21,浦和,10,ＳＰＡＴ４プレミアムポイント賞Ｂ３二,1500,ダ,左,良,晴,12,8,11,ジオパークマグマ,牡,5,56.0,473,6,秋元耕,川島豊,,9,1:39.3,40.2,10-11-10-11,9,473,6
2023/12/21,浦和,10,ＳＰＡＴ４プレミアムポイント賞Ｂ３二,1500,ダ,左,良,晴,12,5,6,スティールシャトル,牝,3,53.0,452,6,及川烈,岡田一,,10,1:39.4,41.2,5-5-8-10,2,452,6
2023/12/21,浦和,10,ＳＰＡＴ４プレミアムポイント賞Ｂ３二,1500,ダ,左,良,晴,12,6,8,フクノラヴァル,牡,4,56.0,509,7,達城龍,工藤伸,,11,1:39.9,40.6,12-12-12-12,8,509,7
2023/12/21,浦和,10,ＳＰＡＴ４プレミアムポイント賞Ｂ３二,1500,ダ,左,良,晴,12,1,1,ラヴィンツァラ,牝,6,54.0,481,0,橋本直,平山真,,12,1:39.9,42.7,1-1-2-5,11,481,0
2023/12/21,浦和,11,ゴールドカップ３上オープン,1400,ダ,左,良,晴,12,2,2,スマイルウィ,牡,6,57.0,574,12,矢野貴,張田京,,1,1:28.3,39.1,2-3-3-1,1,574,12
2023/12/21,浦和,11,ゴールドカップ３上オープン,1400,ダ,左,良,晴,12,3,3,ブラックパンサー,牡,5,57.0,508,-5,御神訓,小久智,,2,1:28.5,38.0,11-11-10-7,5,508,-5
2023/12/21,浦和,11,ゴールドカップ３上オープン,1400,ダ,左,良,晴,12,6,7,アマネラクーン,牡,6,57.0,524,14,本田重,小久智,,3,1:28.6,38.6,9-9-8-5,3,524,14
2023/12/21,浦和,11,ゴールドカップ３上オープン,1400,ダ,左,良,晴,12,5,6,ジャスティン,牡,7,57.0,506,-1,森泰斗,坂井英,,4,1:29.0,40.1,3-2-1-2,2,506,-1
2023/12/21,浦和,11,ゴールドカップ３上オープン,1400,ダ,左,良,晴,12,5,5,サヨノグローリー,牡,5,57.0,501,-1,澤田龍,工藤伸,,5,1:29.0,39.5,7-6-4-3,4,501,-1
2023/12/21,浦和,11,ゴールドカップ３上オープン,1400,ダ,左,良,晴,12,6,8,ティアラフォーカス,牡,4,57.0,549,2,和田譲,宗形竹,,6,1:29.8,40.4,4-4-5-4,6,549,2
2023/12/21,浦和,11,ゴールドカップ３上オープン,1400,ダ,左,良,晴,12,7,9,セルフメイド,牡,5,57.0,508,-3,木間龍,矢野義,,6,1:29.8,39.9,8-8-9-11,9,508,-3
2023/12/21,浦和,11,ゴールドカップ３上オープン,1400,ダ,左,良,晴,12,1,1,ヨハン,牡,7,57.0,445,3,張田昂,山下之,,8,1:30.2,39.3,12-12-12-9,11,445,3
2023/12/21,浦和,11,ゴールドカップ３上オープン,1400,ダ,左,良,晴,12,8,11,トップウイナー,牡,7,57.0,485,-3,的場文,橋本馬,,9,1:30.3,40.9,5-5-6-8,7,485,-3
2023/12/21,浦和,11,ゴールドカップ３上オープン,1400,ダ,左,良,晴,12,7,10,ジョーパイロライト,牡,7,57.0,487,7,桑村真,小久智,,10,1:30.5,41.6,1-1-2-6,10,487,7
2023/12/21,浦和,11,ゴールドカップ３上オープン,1400,ダ,左,良,晴,12,8,12,リコーシーウルフ,牡,6,57.0,518,-4,今野忠,荒山勝,,11,1:30.8,40.7,6-7-11-12,8,518,-4
2023/12/21,浦和,11,ゴールドカップ３上オープン,1400,ダ,左,良,晴,12,4,4,スーパーフェザー,セ,0,57.0,474,6,秋元耕,箕輪武,,12,1:31.0,41.3,10-10-7-10,12,474,6
2023/12/21,浦和,12,カトレア特別Ｃ１選抜馬,2000,ダ,左,良,晴,12,8,11,イデアユウシン,牡,3,56.0,539,-4,張田昂,岡田一,,1,2:13.7,41.0,2-2-1-1,1,539,-4
2023/12/21,浦和,12,カトレア特別Ｃ１選抜馬,2000,ダ,左,良,晴,12,8,12,キトゥンズルンバ,セ,0,54.0,482,7,木間龍,水野貴,,2,2:15.2,42.5,3-3-2-2,2,482,7
2023/12/21,浦和,12,カトレア特別Ｃ１選抜馬,2000,ダ,左,良,晴,12,5,5,サンレブンワース,セ,0,56.0,500,-3,桑村真,工藤伸,,3,2:15.3,40.1,12-11-5-3,5,500,-3
2023/12/21,浦和,12,カトレア特別Ｃ１選抜馬,2000,ダ,左,良,晴,12,7,10,プリンスオーソ,牡,3,56.0,461,3,加藤和,長谷忍,,4,2:16.1,42.0,10-10-7-8,8,461,3
2023/12/21,浦和,12,カトレア特別Ｃ１選抜馬,2000,ダ,左,良,晴,12,6,8,ゲンパチカガヤキ,牡,8,56.0,493,3,保園翔,小澤宏,,5,2:16.2,42.3,8-7-6-4,3,493,3
2023/12/21,浦和,12,カトレア特別Ｃ１選抜馬,2000,ダ,左,良,晴,12,4,4,ラブルパイル,牡,3,56.0,458,7,橋本直,吉田正,,6,2:16.3,41.2,9-9-10-6,9,458,7
2023/12/21,浦和,12,カトレア特別Ｃ１選抜馬,2000,ダ,左,良,晴,12,5,6,トーセンスプリント,牡,6,56.0,517,2,吉留孝,薮口一,,7,2:17.2,43.3,6-5-8-9,10,517,2
2023/12/21,浦和,12,カトレア特別Ｃ１選抜馬,2000,ダ,左,良,晴,12,3,3,オレンタノ,牡,3,56.0,452,-10,福原杏,水野貴,,8,2:17.3,44.0,4-4-4-5,7,452,-10
2023/12/21,浦和,12,カトレア特別Ｃ１選抜馬,2000,ダ,左,良,晴,12,6,7,コスモビートイット,牡,6,56.0,515,10,秋元耕,川島豊,,9,2:17.8,44.9,1-1-3-7,4,515,10
2023/12/21,浦和,12,カトレア特別Ｃ１選抜馬,2000,ダ,左,良,晴,12,7,9,メイショウクラーク,セ,0,56.0,436,0,半澤慶,宇野博,,10,2:18.3,44.2,5-6-9-10,6,436,0
2023/12/21,浦和,12,カトレア特別Ｃ１選抜馬,2000,ダ,左,良,晴,12,2,2,トレンチタウン,牡,5,56.0,446,2,高橋哲,工藤伸,,11,2:19.1,43.7,7-8-11-11,11,446,2
2023/12/21,浦和,12,カトレア特別Ｃ１選抜馬,2000,ダ,左,良,晴,12,1,1,コンスタンティナ,牝,7,54.0,500,-1,國分祐,冨田敏,,12,2:23.0,46.6,11-12-12-12,12,500,-1
2023/12/22,浦和,1,ドリームチャレンジ２歳新馬,1400,ダ,左,良,晴,10,7,8,シンメルーブス,牝,2,54.0,0,0,町田直,野口寛,,1,1:32.5,39.3,3-3-1-1,4,0,0
2023/12/22,浦和,1,ドリームチャレンジ２歳新馬,1400,ダ,左,良,晴,10,4,4,アルティメット,牝,2,54.0,0,0,落合玄,小久智,,2,1:33.1,39.9,1-1-1-2,3,0,0
2023/12/22,浦和,1,ドリームチャレンジ２歳新馬,1400,ダ,左,良,晴,10,3,3,サンクラフィーネ,牝,2,54.0,0,0,御神訓,野口寛,,3,1:33.4,40.2,9-8-3-4,1,0,0
2023/12/22,浦和,1,ドリームチャレンジ２歳新馬,1400,ダ,左,良,晴,10,7,7,スモークフレイバー,牡,2,55.0,0,0,笹川翼,繁田健,,4,1:33.4,39.8,10-10-4-3,2,0,0
2023/12/22,浦和,1,ドリームチャレンジ２歳新馬,1400,ダ,左,良,晴,10,5,5,ヨドノジョウオー,牝,2,54.0,0,0,橋本直,平山真,,5,1:36.3,42.4,8-9-10-9,10,0,0
2023/12/22,浦和,1,ドリームチャレンジ２歳新馬,1400,ダ,左,良,晴,10,8,10,キャラメルタルト,牝,2,54.0,0,0,秋元耕,入口由,,6,1:36.9,43.4,5-6-8-7,8,0,0
2023/12/22,浦和,1,ドリームチャレンジ２歳新馬,1400,ダ,左,良,晴,10,1,1,リュウノツライフ,牡,2,55.0,0,0,加藤和,野口孝,,7,1:37.0,43.5,7-5-7-5,5,0,0
2023/12/22,浦和,1,ドリームチャレンジ２歳新馬,1400,ダ,左,良,晴,10,8,9,スノーワルツ,牝,2,54.0,0,0,高橋哲,酒井一,,8,1:37.3,43.8,6-7-6-6,9,0,0
2023/12/22,浦和,1,ドリームチャレンジ２歳新馬,1400,ダ,左,良,晴,10,2,2,アンバローズ,牝,2,54.0,0,0,福原杏,繁田健,,9,1:38.4,45.0,4-4-5-8,7,0,0
2023/12/22,浦和,1,ドリームチャレンジ２歳新馬,1400,ダ,左,良,晴,10,6,6,ニングル,牡,2,55.0,0,0,吉留孝,薮口一,,10,1:44.0,50.6,2-2-9-10,6,0,0
2023/12/22,浦和,2,ランチタイムチャレンジＣ２五 六,1400,ダ,左,良,晴,11,8,11,ヤマジュンヒバナ,牝,6,52.0,462,5,室陽一,宇野博,,1,1:31.9,40.7,2-2-1-1,3,462,5
2023/12/22,浦和,2,ランチタイムチャレンジＣ２五 六,1400,ダ,左,良,晴,11,4,4,マイネルユヌスール,牡,4,55.0,486,2,七夕裕,横山保,,2,1:32.0,40.0,6-6-4-3,6,486,2
2023/12/22,浦和,2,ランチタイムチャレンジＣ２五 六,1400,ダ,左,良,晴,11,7,9,トロワフィーユ,牝,6,54.0,456,6,和田譲,野口寛,,3,1:32.4,41.0,4-3-2-2,1,456,6
2023/12/22,浦和,2,ランチタイムチャレンジＣ２五 六,1400,ダ,左,良,晴,11,6,6,エコロアジェンダ,牡,5,53.0,444,-1,谷内貫,工藤伸,,4,1:33.0,41.0,7-7-6-4,7,444,-1
2023/12/22,浦和,2,ランチタイムチャレンジＣ２五 六,1400,ダ,左,良,晴,11,5,5,アムブロシアー,牝,3,54.0,437,3,福原杏,水野貴,,5,1:34.2,42.2,9-9-9-5,4,437,3
2023/12/22,浦和,2,ランチタイムチャレンジＣ２五 六,1400,ダ,左,良,晴,11,3,3,メイショウマニス,牝,3,54.0,434,-6,橋本直,内野健,,6,1:34.7,42.9,5-4-5-6,5,434,-6
2023/12/22,浦和,2,ランチタイムチャレンジＣ２五 六,1400,ダ,左,良,晴,11,2,2,ケイアイマボラ,牡,6,56.0,460,-3,秋元耕,横山保,,7,1:34.9,41.6,11-11-11-11,8,460,-3
2023/12/22,浦和,2,ランチタイムチャレンジＣ２五 六,1400,ダ,左,良,晴,11,8,10,リュウノアーダーン,牝,5,54.0,422,-8,山中悠,川村守,,8,1:35.0,42.5,8-8-10-9,11,422,-8
2023/12/22,浦和,2,ランチタイムチャレンジＣ２五 六,1400,ダ,左,良,晴,11,6,7,ペララス,牡,4,56.0,468,-7,高橋哲,海馬司,,9,1:35.5,43.1,10-10-8-8,10,468,-7
2023/12/22,浦和,2,ランチタイムチャレンジＣ２五 六,1400,ダ,左,良,晴,11,1,1,ハブル,牡,3,56.0,481,-4,落合玄,小久智,,10,1:35.8,43.8,3-5-7-10,2,481,-4
2023/12/22,浦和,2,ランチタイムチャレンジＣ２五 六,1400,ダ,左,良,晴,11,7,8,マーヒナヒナ,牝,3,52.0,467,8,及川烈,酒井一,,11,1:35.8,44.6,1-1-3-7,9,467,8
2023/12/22,浦和,3,３歳二,1400,ダ,左,良,晴,9,6,6,リュミヌーフィーユ,牝,3,54.0,527,13,森泰斗,岡田一,,1,1:33.1,40.9,1-1-1-1,1,527,13
2023/12/22,浦和,3,３歳二,1400,ダ,左,良,晴,9,8,9,シェナカレン,牡,3,55.0,456,0,七夕裕,冨田敏,,2,1:33.7,41.3,3-3-2-2,6,456,0
2023/12/22,浦和,3,３歳二,1400,ダ,左,良,晴,9,2,2,エフティゲイル,牡,3,56.0,537,1,保園翔,藤原智,,3,1:34.1,41.4,8-6-4-3,3,537,1
2023/12/22,浦和,3,３歳二,1400,ダ,左,良,晴,9,3,3,ジャストザヴァルス,牝,3,52.0,423,-9,室陽一,宇野博,,4,1:34.2,41.5,4-4-3-4,2,423,-9
2023/12/22,浦和,3,３歳二,1400,ダ,左,良,晴,9,8,8,クロスリーフ,牝,3,54.0,480,5,橋本直,酒井一,,5,1:34.8,42.4,2-2-5-6,8,480,5
2023/12/22,浦和,3,３歳二,1400,ダ,左,良,晴,9,4,4,シェナグローリー,牝,3,54.0,468,6,加藤和,冨田敏,,6,1:34.8,40.7,9-9-7-7,9,468,6
2023/12/22,浦和,3,３歳二,1400,ダ,左,良,晴,9,7,7,マックスブンブン,牡,3,56.0,444,7,見越彬,小林真,,7,1:34.9,42.0,5-5-6-5,4,444,7
2023/12/22,浦和,3,３歳二,1400,ダ,左,良,晴,9,5,5,スカイミニスター,牝,3,54.0,455,-9,岡田大,薮口一,,8,1:35.3,41.2,7-8-8-8,5,455,-9
2023/12/22,浦和,3,３歳二,1400,ダ,左,良,晴,9,1,1,グレイシャスオーラ,牝,3,50.0,469,10,中島良,川島豊,,9,1:38.6,44.7,6-7-9-9,7,469,10
2023/12/22,浦和,4,浦和８００ラウンド３歳選抜馬,800,ダ,左,良,晴,12,5,5,ダイメイタマナ,牡,3,56.0,495,19,吉留孝,野口孝,,1,0:48.1,36.1,1-1,1,495,19
2023/12/22,浦和,4,浦和８００ラウンド３歳選抜馬,800,ダ,左,良,晴,12,8,12,ニシノニューリーフ,牝,3,54.0,500,-4,岡田大,冨田敏,,2,0:48.3,36.2,2-2,3,500,-4
2023/12/22,浦和,4,浦和８００ラウンド３歳選抜馬,800,ダ,左,良,晴,12,2,2,モーニングヒマワリ,牝,3,53.0,500,8,七夕裕,箕輪武,,3,0:49.0,36.3,5-5,7,500,8
2023/12/22,浦和,4,浦和８００ラウンド３歳選抜馬,800,ダ,左,良,晴,12,3,3,パサージュ,牝,3,50.0,415,-3,中島良,川島豊,,4,0:49.2,36.9,4-3,5,415,-3
2023/12/22,浦和,4,浦和８００ラウンド３歳選抜馬,800,ダ,左,良,晴,12,5,6,ニシノクラウディア,牝,3,54.0,458,6,笹川翼,小澤宏,,5,0:49.2,36.7,3-4,2,458,6
2023/12/22,浦和,4,浦和８００ラウンド３歳選抜馬,800,ダ,左,良,晴,12,6,8,ヤマノムスメ,牝,3,54.0,488,-2,加藤和,薮口一,,6,0:49.2,36.4,6-6,12,488,-2
2023/12/22,浦和,4,浦和８００ラウンド３歳選抜馬,800,ダ,左,良,晴,12,6,7,スイートレーヴ,牝,3,52.0,460,-5,及川烈,箕輪武,,7,0:49.7,36.7,10-7,6,460,-5
2023/12/22,浦和,4,浦和８００ラウンド３歳選抜馬,800,ダ,左,良,晴,12,8,11,ニシノオスマン,牡,3,56.0,497,11,見越彬,吉田正,,8,0:49.9,36.9,7-8,11,497,11
2023/12/22,浦和,4,浦和８００ラウンド３歳選抜馬,800,ダ,左,良,晴,12,4,4,ビバリー,牝,3,52.0,391,-4,室陽一,酒井一,,9,0:50.1,37.3,8-9,8,391,-4
2023/12/22,浦和,4,浦和８００ラウンド３歳選抜馬,800,ダ,左,良,晴,12,7,10,コウセイエミオト,牝,3,51.0,403,-1,谷内貫,八木仁,,10,0:50.6,37.6,9-10,4,403,-1
2023/12/22,浦和,4,浦和８００ラウンド３歳選抜馬,800,ダ,左,良,晴,12,7,9,サツマハヤト,牡,3,54.0,448,1,木間龍,川島豊,,11,0:50.6,36.9,12-11,10,448,1
2023/12/22,浦和,4,浦和８００ラウンド３歳選抜馬,800,ダ,左,良,晴,12,1,1,カナデル,牝,3,54.0,469,-5,桑村真,酒井一,,12,0:51.4,37.9,11-12,9,469,-5
2023/12/22,浦和,5,Ｃ３四,1500,ダ,左,良,晴,10,4,4,タイシタモンダロ,牡,4,56.0,510,10,保園翔,川村守,,1,1:40.7,40.4,3-3-3-1,4,510,10
2023/12/22,浦和,5,Ｃ３四,1500,ダ,左,良,晴,10,8,9,ラウズアップ,牡,7,56.0,428,2,福原杏,海馬司,,2,1:41.0,40.5,6-4-4-3,2,428,2
2023/12/22,浦和,5,Ｃ３四,1500,ダ,左,良,晴,10,2,2,サンハンツビル,牝,7,54.0,473,-9,岡田大,鹿沼和,,3,1:41.6,41.4,2-2-2-2,5,473,-9
2023/12/22,浦和,5,Ｃ３四,1500,ダ,左,良,晴,10,3,3,トーセンイヴ,牝,5,54.0,439,-2,藤江渉,酒井一,,4,1:42.0,40.3,10-10-8-7,8,439,-2
2023/12/22,浦和,5,Ｃ３四,1500,ダ,左,良,晴,10,7,7,ニシノマッハ,牡,9,54.0,478,10,及川烈,吉田正,,5,1:42.2,41.5,5-6-5-5,10,478,10
2023/12/22,浦和,5,Ｃ３四,1500,ダ,左,良,晴,10,7,8,ピエナファリア,牡,6,56.0,471,3,吉留孝,薮口一,,6,1:42.4,41.1,8-8-7-6,6,471,3
2023/12/22,浦和,5,Ｃ３四,1500,ダ,左,良,晴,10,8,10,ホロシリダケ,セ,0,56.0,490,6,内田利,野口孝,,7,1:42.6,41.1,9-9-9-8,3,490,6
2023/12/22,浦和,5,Ｃ３四,1500,ダ,左,良,晴,10,1,1,ケンブリッジウィズ,牝,7,54.0,464,-1,笹川翼,新井清,,8,1:43.0,42.8,1-1-1-4,1,464,-1
2023/12/22,浦和,5,Ｃ３四,1500,ダ,左,良,晴,10,5,5,ジニアズウィッシュ,牝,7,54.0,485,-3,見越彬,小林真,,9,1:43.9,43.0,4-5-6-9,9,485,-3
2023/12/22,浦和,5,Ｃ３四,1500,ダ,左,良,晴,10,6,6,ファーマスター,牝,5,54.0,448,2,赤津和,川村守,,10,1:44.2,42.7,7-7-10-10,7,448,2
2023/12/22,浦和,6,歴史香るまち　もろやま賞Ｃ２五 六,1500,ダ,左,良,晴,11,8,10,シュヴァーン,牡,4,56.0,540,6,橋本直,野口孝,,1,1:38.3,39.3,6-5-2-1,1,540,6
2023/12/22,浦和,6,歴史香るまち　もろやま賞Ｃ２五 六,1500,ダ,左,良,晴,11,7,8,アマレロフレイバー,牡,3,56.0,476,-4,和田譲,繁田健,,2,1:38.4,39.4,5-4-1-2,2,476,-4
2023/12/22,浦和,6,歴史香るまち　もろやま賞Ｃ２五 六,1500,ダ,左,良,晴,11,6,6,セレッソサンライズ,牝,3,54.0,417,0,秋元耕,小林真,,3,1:40.1,40.0,10-10-11-6,5,417,0
2023/12/22,浦和,6,歴史香るまち　もろやま賞Ｃ２五 六,1500,ダ,左,良,晴,11,7,9,スマイルポピー,牝,3,54.0,464,-2,矢野貴,小澤宏,,4,1:40.5,40.8,11-11-7-5,7,464,-2
2023/12/22,浦和,6,歴史香るまち　もろやま賞Ｃ２五 六,1500,ダ,左,良,晴,11,2,2,ゴールドビンテージ,牡,4,56.0,490,-3,今野忠,箕輪武,,5,1:40.7,41.3,7-7-5-7,4,490,-3
2023/12/22,浦和,6,歴史香るまち　もろやま賞Ｃ２五 六,1500,ダ,左,良,晴,11,3,3,ジョーカイ,牝,5,54.0,473,-3,落合玄,小久智,,6,1:40.8,41.8,1-1-4-4,3,473,-3
2023/12/22,浦和,6,歴史香るまち　もろやま賞Ｃ２五 六,1500,ダ,左,良,晴,11,5,5,コロディア,牝,4,54.0,480,-5,古岡勇,鹿沼和,,7,1:40.9,41.9,3-2-3-3,9,480,-5
2023/12/22,浦和,6,歴史香るまち　もろやま賞Ｃ２五 六,1500,ダ,左,良,晴,11,1,1,エターナルジェイド,牡,3,56.0,460,8,福原杏,水野貴,,8,1:42.1,42.2,8-8-10-8,8,460,8
2023/12/22,浦和,6,歴史香るまち　もろやま賞Ｃ２五 六,1500,ダ,左,良,晴,11,8,11,フラワーテイル,牝,3,53.0,439,-1,七夕裕,海馬司,,9,1:42.4,42.7,9-9-9-9,6,439,-1
2023/12/22,浦和,6,歴史香るまち　もろやま賞Ｃ２五 六,1500,ダ,左,良,晴,11,4,4,サンアクセソワール,牝,3,54.0,425,-3,半澤慶,工藤伸,,10,1:42.8,43.2,4-6-8-10,10,425,-3
2023/12/22,浦和,6,歴史香るまち　もろやま賞Ｃ２五 六,1500,ダ,左,良,晴,11,6,7,シナノフローレンス,牝,3,54.0,401,-1,吉留孝,岡田一,,11,1:43.4,44.2,2-3-6-11,11,401,-1
2023/12/22,浦和,7,花のまち『ふかや』賞Ｃ１五,1500,ダ,左,良,晴,12,6,8,ロジマスタング,牝,4,54.0,486,7,福原杏,平山真,,1,1:38.8,39.2,2-2-1-1,1,486,7
2023/12/22,浦和,7,花のまち『ふかや』賞Ｃ１五,1500,ダ,左,良,晴,12,7,10,ジョーシーゲル,牝,3,54.0,510,16,桑村真,小久智,,2,1:39.0,39.2,3-3-3-1,3,510,16
2023/12/22,浦和,7,花のまち『ふかや』賞Ｃ１五,1500,ダ,左,良,晴,12,4,4,ベルタント,牡,4,56.0,523,12,加藤和,川島豊,,3,1:39.6,40.0,1-1-2-3,8,523,12
2023/12/22,浦和,7,花のまち『ふかや』賞Ｃ１五,1500,ダ,左,良,晴,12,6,7,シラセ,牝,4,54.0,431,3,山口達,林正人,,4,1:39.9,39.6,7-6-6-6,2,431,3
2023/12/22,浦和,7,花のまち『ふかや』賞Ｃ１五,1500,ダ,左,良,晴,12,5,6,ソウヤミサキ,牝,5,54.0,454,-4,落合玄,平山真,,5,1:40.1,39.1,8-8-9-8,4,454,-4
2023/12/22,浦和,7,花のまち『ふかや』賞Ｃ１五,1500,ダ,左,良,晴,12,7,9,コスモパンドラ,牝,4,54.0,455,1,矢野貴,箕輪武,,6,1:40.1,40.1,5-5-4-4,5,455,1
2023/12/22,浦和,7,花のまち『ふかや』賞Ｃ１五,1500,ダ,左,良,晴,12,5,5,サトノトリガー,牡,6,56.0,466,-6,秋元耕,小林真,,7,1:40.3,39.1,9-9-8-7,11,466,-6
2023/12/22,浦和,7,花のまち『ふかや』賞Ｃ１五,1500,ダ,左,良,晴,12,1,1,ムーランブラン,牝,7,54.0,476,4,篠谷葵,藤原智,,8,1:40.6,40.6,4-4-5-5,10,476,4
2023/12/22,浦和,7,花のまち『ふかや』賞Ｃ１五,1500,ダ,左,良,晴,12,8,12,サンブルッキングズ,牡,4,56.0,498,2,澤田龍,川村守,,9,1:41.0,39.5,10-10-11-10,12,498,2
2023/12/22,浦和,7,花のまち『ふかや』賞Ｃ１五,1500,ダ,左,良,晴,12,8,11,ツルマルベル,牝,3,54.0,486,-3,小杉亮,岡林光,,10,1:41.0,39.3,11-11-12-12,6,486,-3
2023/12/22,浦和,7,花のまち『ふかや』賞Ｃ１五,1500,ダ,左,良,晴,12,3,3,ピュアアメリカン,牝,3,50.0,472,-4,中島良,小澤宏,,11,1:41.1,40.1,12-12-10-9,7,472,-4
2023/12/22,浦和,7,花のまち『ふかや』賞Ｃ１五,1500,ダ,左,良,晴,12,2,2,ウインプロヴァンス,牡,4,54.0,499,-2,室陽一,工藤伸,,12,1:41.4,40.7,6-7-7-11,9,499,-2
2023/12/22,浦和,8,浦和ジョッキーズラウンドＣ１選抜馬,1400,ダ,左,良,晴,12,7,9,ナリサ,牝,3,54.5,436,2,内田利,工藤伸,,1,1:31.9,40.3,6-7-3-3,5,436,2
2023/12/22,浦和,8,浦和ジョッキーズラウンドＣ１選抜馬,1400,ダ,左,良,晴,12,5,5,ガラデレオン,牡,6,56.5,499,7,赤津和,海馬司,,2,1:32.1,39.8,8-10-9-5,6,499,7
2023/12/22,浦和,8,浦和ジョッキーズラウンドＣ１選抜馬,1400,ダ,左,良,晴,12,8,12,コスモレンブランサ,牝,3,54.0,431,3,國分祐,工藤伸,,3,1:32.2,41.0,4-4-2-2,8,431,3
2023/12/22,浦和,8,浦和ジョッキーズラウンドＣ１選抜馬,1400,ダ,左,良,晴,12,5,6,リュウノボマーク,牝,3,54.0,469,16,秋元耕,野口寛,,4,1:32.2,40.2,9-8-7-4,7,469,16
2023/12/22,浦和,8,浦和ジョッキーズラウンドＣ１選抜馬,1400,ダ,左,良,晴,12,6,7,イデアノキセキ,牡,4,56.5,450,0,高橋哲,岡田一,,5,1:32.4,41.3,3-1-1-1,1,450,0
2023/12/22,浦和,8,浦和ジョッキーズラウンドＣ１選抜馬,1400,ダ,左,良,晴,12,6,8,ケイセブン,牡,5,54.0,450,-3,室陽一,箕輪武,,6,1:32.6,40.8,7-6-5-6,3,450,-3
2023/12/22,浦和,8,浦和ジョッキーズラウンドＣ１選抜馬,1400,ダ,左,良,晴,12,3,3,セイウンコチョウ,牝,4,54.0,405,-1,吉留孝,冨田敏,,7,1:32.9,40.2,12-12-10-7,11,405,-1
2023/12/22,浦和,8,浦和ジョッキーズラウンドＣ１選抜馬,1400,ダ,左,良,晴,12,8,11,ネメシス,牝,3,54.5,452,2,半澤慶,箕輪武,,8,1:33.2,41.3,5-5-6-10,4,452,2
2023/12/22,浦和,8,浦和ジョッキーズラウンドＣ１選抜馬,1400,ダ,左,良,晴,12,4,4,アナザーヴィータ,牡,5,56.0,498,16,見越彬,鈴木勝,,9,1:33.6,41.1,11-11-11-9,9,498,16
2023/12/22,浦和,8,浦和ジョッキーズラウンドＣ１選抜馬,1400,ダ,左,良,晴,12,2,2,メイショウトワニ,牝,4,54.0,421,-4,橋本直,工藤伸,,10,1:33.6,42.2,2-3-4-8,2,421,-4
2023/12/22,浦和,8,浦和ジョッキーズラウンドＣ１選抜馬,1400,ダ,左,良,晴,12,7,10,ユールファーナ,牝,6,54.0,439,2,岡田大,海馬司,,11,1:34.1,41.8,10-9-7-11,12,439,2
2023/12/22,浦和,8,浦和ジョッキーズラウンドＣ１選抜馬,1400,ダ,左,良,晴,12,1,1,イエローエイト,牝,3,53.0,453,-8,七夕裕,川島豊,,12,1:35.5,44.0,1-2-11-12,10,453,-8
2023/12/22,浦和,9,毛呂山町桂木ゆず特別Ｃ１二,1400,ダ,左,良,晴,12,7,9,レイワプリンセス,牝,5,54.0,529,2,森泰斗,野口寛,,1,1:30.8,38.9,5-3-3-1,1,529,2
2023/12/22,浦和,9,毛呂山町桂木ゆず特別Ｃ１二,1400,ダ,左,良,晴,12,8,12,ゴルトレオパルト,牡,3,56.0,500,2,今野忠,内田勝,,2,1:31.3,39.6,2-2-2-2,2,500,2
2023/12/22,浦和,9,毛呂山町桂木ゆず特別Ｃ１二,1400,ダ,左,良,晴,12,5,5,ブレイブジャンヌ,牝,4,53.0,501,14,七夕裕,工藤伸,,3,1:31.5,39.4,3-4-4-4,4,501,14
2023/12/22,浦和,9,毛呂山町桂木ゆず特別Ｃ１二,1400,ダ,左,良,晴,12,2,2,キスオンザビーチ,牝,3,50.0,474,-2,中島良,山崎裕,,4,1:31.6,39.1,8-7-5-5,7,474,-2
2023/12/22,浦和,9,毛呂山町桂木ゆず特別Ｃ１二,1400,ダ,左,良,晴,12,8,11,メラスクリオス,牝,4,52.0,447,-3,室陽一,宇野博,,5,1:31.7,40.0,1-1-1-3,3,447,-3
2023/12/22,浦和,9,毛呂山町桂木ゆず特別Ｃ１二,1400,ダ,左,良,晴,12,6,7,セシボン,牝,4,54.0,410,0,古岡勇,工藤伸,,6,1:31.8,39.2,7-6-7-6,5,410,0
2023/12/22,浦和,9,毛呂山町桂木ゆず特別Ｃ１二,1400,ダ,左,良,晴,12,4,4,キョウエイシャイン,牝,4,54.0,466,2,秋元耕,小澤宏,,7,1:32.3,39.5,6-8-8-7,6,466,2
2023/12/22,浦和,9,毛呂山町桂木ゆず特別Ｃ１二,1400,ダ,左,良,晴,12,3,3,バトルホッパー,牡,4,56.0,479,-6,見越彬,横山保,,8,1:32.3,38.9,12-12-11-8,9,479,-6
2023/12/22,浦和,9,毛呂山町桂木ゆず特別Ｃ１二,1400,ダ,左,良,晴,12,7,10,ウインプロスト,牡,5,56.0,485,7,福原杏,横山保,,9,1:32.8,39.4,10-11-12-12,11,485,7
2023/12/22,浦和,9,毛呂山町桂木ゆず特別Ｃ１二,1400,ダ,左,良,晴,12,5,6,ウオッカガール,牝,3,54.0,495,5,藤江渉,箕輪武,,10,1:33.2,40.0,11-10-10-9,10,495,5
2023/12/22,浦和,9,毛呂山町桂木ゆず特別Ｃ１二,1400,ダ,左,良,晴,12,1,1,クリムゾンオーラ,牝,6,52.0,479,-1,及川烈,入口由,,11,1:33.4,41.1,4-5-6-10,8,479,-1
2023/12/22,浦和,9,毛呂山町桂木ゆず特別Ｃ１二,1400,ダ,左,良,晴,12,6,8,キックフリップ,牝,4,54.0,461,0,吉留孝,野口孝,,12,1:34.1,41.1,9-9-9-11,12,461,0
2023/12/22,浦和,10,浦和ジュニアチャンピオン２歳選抜馬,1500,ダ,左,良,晴,10,4,4,ライゾマティクス,牡,2,57.0,486,8,森泰斗,小久智,,1,1:38.5,39.4,2-2-2-1,1,486,8
2023/12/22,浦和,10,浦和ジュニアチャンピオン２歳選抜馬,1500,ダ,左,良,晴,10,3,3,プリンセスアリー,牝,2,55.0,434,-3,張田昂,岡田一,,2,1:38.8,39.7,1-1-1-2,2,434,-3
2023/12/22,浦和,10,浦和ジュニアチャンピオン２歳選抜馬,1500,ダ,左,良,晴,10,5,5,メロスゴー,牡,2,53.0,468,-2,及川烈,箕輪武,,3,1:39.6,39.6,7-8-8-5,9,468,-2
2023/12/22,浦和,10,浦和ジュニアチャンピオン２歳選抜馬,1500,ダ,左,良,晴,10,7,8,ユウユウプルニーマ,牝,2,54.0,437,6,吉留孝,横山保,,4,1:39.7,39.8,10-9-7-4,10,437,6
2023/12/22,浦和,10,浦和ジュニアチャンピオン２歳選抜馬,1500,ダ,左,良,晴,10,7,7,ゴールドソニック,牡,2,56.0,493,-3,半澤慶,鹿沼和,,5,1:39.8,40.5,3-4-3-3,6,493,-3
2023/12/22,浦和,10,浦和ジュニアチャンピオン２歳選抜馬,1500,ダ,左,良,晴,10,2,2,スターサルファー,牡,2,56.0,474,11,福原杏,小澤宏,,6,1:40.8,41.3,6-6-5-7,4,474,11
2023/12/22,浦和,10,浦和ジュニアチャンピオン２歳選抜馬,1500,ダ,左,良,晴,10,6,6,リブートパワー,牡,2,55.0,461,17,加藤和,薮口一,,7,1:40.9,41.6,4-3-4-6,7,461,17
2023/12/22,浦和,10,浦和ジュニアチャンピオン２歳選抜馬,1500,ダ,左,良,晴,10,8,10,メインステイ,牡,2,55.0,510,-5,秋元耕,藤原智,,8,1:41.6,41.1,9-10-10-10,5,510,-5
2023/12/22,浦和,10,浦和ジュニアチャンピオン２歳選抜馬,1500,ダ,左,良,晴,10,8,9,ジャンゴ,牡,2,55.0,513,2,和田譲,宇野博,,9,1:41.9,42.2,8-7-6-8,3,513,2
2023/12/22,浦和,10,浦和ジュニアチャンピオン２歳選抜馬,1500,ダ,左,良,晴,10,1,1,ツガノショウグン,牡,2,56.0,473,10,橋本直,長谷忍,,10,1:42.2,42.3,5-5-9-9,7,473,10
2023/12/22,浦和,11,師走特別Ａ２下,1500,ダ,左,良,晴,10,2,2,ヴィゴーレ,牡,5,57.0,493,-5,矢野貴,高野毅,,1,1:35.4,38.2,9-9-7-3,3,493,-5
2023/12/22,浦和,11,師走特別Ａ２下,1500,ダ,左,良,晴,10,7,8,ショットメーカー,牡,4,57.0,562,5,張田昂,張田京,,2,1:35.8,39.5,5-4-2-2,2,562,5
2023/12/22,浦和,11,師走特別Ａ２下,1500,ダ,左,良,晴,10,8,9,クラーベドラド,牡,4,57.0,510,3,森泰斗,川島一,,3,1:36.0,40.1,2-3-1-1,1,510,3
2023/12/22,浦和,11,師走特別Ａ２下,1500,ダ,左,良,晴,10,6,6,モリデンアロー,牡,5,57.0,506,3,保園翔,繁田健,,4,1:36.6,40.1,7-6-4-4,5,506,3
2023/12/22,浦和,11,師走特別Ａ２下,1500,ダ,左,良,晴,10,7,7,エアポートライナー,牡,3,53.0,558,-1,落合玄,小久智,,5,1:36.7,40.2,4-5-5-5,7,558,-1
2023/12/22,浦和,11,師走特別Ａ２下,1500,ダ,左,良,晴,10,5,5,フジコチャン,牝,3,55.0,478,-4,今野忠,荒山勝,,6,1:37.4,40.5,6-7-7-6,6,478,-4
2023/12/22,浦和,11,師走特別Ａ２下,1500,ダ,左,良,晴,10,3,3,フクノアルズ,セ,0,55.0,504,0,笠野雄,佐藤太,,7,1:38.8,42.7,3-2-3-7,4,504,0
2023/12/22,浦和,11,師走特別Ａ２下,1500,ダ,左,良,晴,10,4,4,ライズゾーン,牡,3,57.0,456,0,野畑凌,山崎尋,,8,1:39.4,42.7,8-8-6-8,8,456,0
2023/12/22,浦和,11,師走特別Ａ２下,1500,ダ,左,良,晴,10,1,1,モズピンポン,牡,6,57.0,552,12,秋元耕,小澤宏,,,,,1-1-9,9,552,12
2023/12/22,浦和,11,師走特別Ａ２下,1500,ダ,左,良,晴,10,8,10,コスモセイリュウ,牡,6,55.0,501,5,木間龍,入口由,,,,,,,501,5
2023/12/22,浦和,12,ポイント１０倍！浦和のＳＰＡＴ４賞Ｃ２選,2000,ダ,左,良,晴,12,2,2,ヴィオレントアズル,牡,4,55.0,425,5,七夕裕,平山真,,1,2:16.5,42.3,9-7-1-1,1,425,5
2023/12/22,浦和,12,ポイント１０倍！浦和のＳＰＡＴ４賞Ｃ２選,2000,ダ,左,良,晴,12,3,3,ココリアイランド,牡,3,56.0,441,1,落合玄,工藤伸,,2,2:16.6,42.4,5-5-1-2,8,441,1
2023/12/22,浦和,12,ポイント１０倍！浦和のＳＰＡＴ４賞Ｃ２選,2000,ダ,左,良,晴,12,5,6,タイムトラベラー,牡,3,54.0,476,-1,及川烈,吉田正,,3,2:16.7,41.8,10-10-7-4,6,476,-1
2023/12/22,浦和,12,ポイント１０倍！浦和のＳＰＡＴ４賞Ｃ２選,2000,ダ,左,良,晴,12,6,8,カペラスター,牡,4,56.0,497,1,福原杏,横山保,,4,2:17.3,42.6,8-9-5-5,5,497,1
2023/12/22,浦和,12,ポイント１０倍！浦和のＳＰＡＴ４賞Ｃ２選,2000,ダ,左,良,晴,12,7,9,スターコマチ,牝,4,54.0,415,6,吉留孝,川村守,,5,2:17.4,43.0,7-6-3-3,7,415,6
2023/12/22,浦和,12,ポイント１０倍！浦和のＳＰＡＴ４賞Ｃ２選,2000,ダ,左,良,晴,12,8,11,カイジンビリーヴ,牡,5,56.0,528,6,高橋哲,入口由,,6,2:18.3,44.1,3-2-4-6,3,528,6
2023/12/22,浦和,12,ポイント１０倍！浦和のＳＰＡＴ４賞Ｃ２選,2000,ダ,左,良,晴,12,1,1,サンラグナニゲル,牝,4,54.0,452,4,山中悠,川村守,,7,2:20.1,44.2,11-11-10-10,11,452,4
2023/12/22,浦和,12,ポイント１０倍！浦和のＳＰＡＴ４賞Ｃ２選,2000,ダ,左,良,晴,12,5,5,エンバース,牡,4,56.0,498,-3,岡田大,海馬司,,8,2:20.5,45.1,5-8-9-9,9,498,-3
2023/12/22,浦和,12,ポイント１０倍！浦和のＳＰＡＴ４賞Ｃ２選,2000,ダ,左,良,晴,12,8,12,ウイングラドナス,牡,4,56.0,468,5,橋本直,内野健,,9,2:20.8,46.6,4-3-6-7,4,468,5
2023/12/22,浦和,12,ポイント１０倍！浦和のＳＰＡＴ４賞Ｃ２選,2000,ダ,左,良,晴,12,6,7,ディーン,牝,3,54.0,451,-11,桑村真,小久智,,10,2:21.9,47.7,1-1-8-8,2,451,-11
2023/12/22,浦和,12,ポイント１０倍！浦和のＳＰＡＴ４賞Ｃ２選,2000,ダ,左,良,晴,12,7,10,アメ,牝,3,54.0,453,0,加藤和,長谷忍,,11,2:28.8,52.9,2-4-11-11,10,453,0
2023/12/22,浦和,12,ポイント１０倍！浦和のＳＰＡＴ４賞Ｃ２選,2000,ダ,左,良,晴,12,4,4,ビナダラット,牝,3,54.0,454,4,保園翔,酒井一,,,,,,,454,4
2023/12/25,浦和,1,２歳三,1400,ダ,左,良,晴,12,2,2,ダイヤモンドキッス,牡,2,55.0,484,9,張田昂,岡田一,,1,1:33.1,41.6,1-1-1-1,2,484,9
2023/12/25,浦和,1,２歳三,1400,ダ,左,良,晴,12,3,3,ミスレイヴバンプ,牝,2,54.0,481,-4,笹川翼,繁田健,,2,1:33.5,41.8,3-3-3-3,3,481,-4
2023/12/25,浦和,1,２歳三,1400,ダ,左,良,晴,12,5,5,ヴィスワ,牝,2,54.0,410,-4,福原杏,入口由,,3,1:33.8,41.8,6-5-4-4,6,410,-4
2023/12/25,浦和,1,２歳三,1400,ダ,左,良,晴,12,5,6,トッキーホレット,牝,2,54.0,453,3,見越彬,小林真,,4,1:34.1,42.6,1-1-2-2,4,453,3
2023/12/25,浦和,1,２歳三,1400,ダ,左,良,晴,12,8,12,シェナウルフ,牡,2,55.0,466,16,岡田大,冨田敏,,5,1:34.3,40.7,10-8-7-6,7,466,16
2023/12/25,浦和,1,２歳三,1400,ダ,左,良,晴,12,8,11,リュウノリヤド,牝,2,54.0,429,-2,保園翔,川村守,,6,1:34.3,42.3,6-6-5-5,5,429,-2
2023/12/25,浦和,1,２歳三,1400,ダ,左,良,晴,12,6,7,ラグーンプリンセス,牝,2,54.0,465,4,赤津和,箕輪武,,7,1:35.8,41.6,9-9-9-8,9,465,4
2023/12/25,浦和,1,２歳三,1400,ダ,左,良,晴,12,7,10,ミカサ,牡,2,55.0,492,8,落合玄,小久智,,8,1:36.6,44.7,3-4-6-7,1,492,8
2023/12/25,浦和,1,２歳三,1400,ダ,左,良,晴,12,7,9,パッソアパッソ,牝,2,54.0,430,3,吉留孝,藤原智,,9,1:36.9,43.3,8-7-8-9,11,430,3
2023/12/25,浦和,1,２歳三,1400,ダ,左,良,晴,12,1,1,カシノペガサス,牡,2,53.0,467,1,室陽一,鹿沼和,,10,1:37.9,42.7,11-10-10-10,10,467,1
2023/12/25,浦和,1,２歳三,1400,ダ,左,良,晴,12,6,8,スマイルチャンス,牝,2,52.0,441,16,及川烈,長谷忍,,11,1:42.0,45.8,5-11-11-11,8,441,16
2023/12/25,浦和,1,２歳三,1400,ダ,左,良,晴,12,4,4,チョットオトシモノ,牝,2,54.0,0,0,半澤慶,小林真,,,,,,,0,0
2023/12/25,浦和,2,ランチタイムチャレンジＣ２七 八 九,1400,ダ,左,良,晴,12,5,6,ラーズグリーズ,セ,0,56.0,461,3,達城龍,工藤伸,,1,1:33.1,40.6,8-7-6-4,4,461,3
2023/12/25,浦和,2,ランチタイムチャレンジＣ２七 八 九,1400,ダ,左,良,晴,12,3,3,ウォーターリリー,牝,5,54.0,466,2,保園翔,内野健,,2,1:33.5,40.1,11-11-11-8,10,466,2
2023/12/25,浦和,2,ランチタイムチャレンジＣ２七 八 九,1400,ダ,左,良,晴,12,7,10,エコロジーガール,牝,5,52.0,468,-5,木間龍,伊藤滋,,3,1:33.7,41.5,3-5-4-2,7,468,-5
2023/12/25,浦和,2,ランチタイムチャレンジＣ２七 八 九,1400,ダ,左,良,晴,12,2,2,フェイドハード,牡,6,56.0,517,6,加藤和,長谷忍,,4,1:33.8,41.8,5-4-3-2,2,517,6
2023/12/25,浦和,2,ランチタイムチャレンジＣ２七 八 九,1400,ダ,左,良,晴,12,4,4,ラブヒカリ,牝,3,54.0,415,-8,高橋哲,水野貴,,5,1:34.0,41.0,10-10-7-6,6,415,-8
2023/12/25,浦和,2,ランチタイムチャレンジＣ２七 八 九,1400,ダ,左,良,晴,12,6,8,エッセンス,牝,5,54.0,503,-6,福原杏,横山保,,6,1:34.1,42.4,1-1-1-1,8,503,-6
2023/12/25,浦和,2,ランチタイムチャレンジＣ２七 八 九,1400,ダ,左,良,晴,12,6,7,メロパール,牝,3,54.0,448,9,山中悠,小澤宏,,7,1:34.4,41.4,6-8-9-9,3,448,9
2023/12/25,浦和,2,ランチタイムチャレンジＣ２七 八 九,1400,ダ,左,良,晴,12,1,1,トキノレーヴ,牝,5,54.0,414,1,増田充,海馬司,,8,1:34.6,41.9,6-6-8-7,5,414,1
2023/12/25,浦和,2,ランチタイムチャレンジＣ２七 八 九,1400,ダ,左,良,晴,12,8,12,アムレート,牝,3,54.0,418,-16,見越彬,小久智,,9,1:34.8,43.0,2-2-2-5,1,418,-16
2023/12/25,浦和,2,ランチタイムチャレンジＣ２七 八 九,1400,ダ,左,良,晴,12,8,11,リュウオウ,牡,7,54.0,485,11,室陽一,宇野博,,10,1:35.5,43.5,4-3-4-10,9,485,11
2023/12/25,浦和,2,ランチタイムチャレンジＣ２七 八 九,1400,ダ,左,良,晴,12,5,5,シールドメイデン,牝,3,54.0,469,2,藤本現,酒井一,,11,1:35.7,42.6,8-9-10-11,11,469,2
2023/12/25,浦和,2,ランチタイムチャレンジＣ２七 八 九,1400,ダ,左,良,晴,12,7,9,ウェディングブーケ,牝,3,54.0,0,0,橋本直,平山真,,,,,,,0,0
2023/12/25,浦和,3,浦和８００ラウンド２歳選抜馬,800,ダ,左,良,晴,8,6,6,サノノレインボー,牝,2,54.0,449,-8,見越彬,川島豊,,1,0:49.2,36.9,1-1,2,449,-8
2023/12/25,浦和,3,浦和８００ラウンド２歳選抜馬,800,ダ,左,良,晴,8,1,1,コスモタラゴン,牡,2,55.0,460,0,福原杏,水野貴,,2,0:49.4,36.9,4-4,1,460,0
2023/12/25,浦和,3,浦和８００ラウンド２歳選抜馬,800,ダ,左,良,晴,8,7,7,オニバ,牡,2,51.0,485,0,中島良,藤原智,,3,0:49.8,37.5,3-2,5,485,0
2023/12/25,浦和,3,浦和８００ラウンド２歳選抜馬,800,ダ,左,良,晴,8,8,8,メイジョウビーナス,牝,2,54.0,427,-2,橋本直,酒井一,,4,0:50.0,37.7,2-2,4,427,-2
2023/12/25,浦和,3,浦和８００ラウンド２歳選抜馬,800,ダ,左,良,晴,8,3,3,マーケットメイク,牝,2,54.0,409,-13,桑村真,小久智,,5,0:50.3,37.6,6-6,3,409,-13
2023/12/25,浦和,3,浦和８００ラウンド２歳選抜馬,800,ダ,左,良,晴,8,2,2,シェナエース,牡,2,55.0,520,37,國分祐,冨田敏,,6,0:50.8,38.3,5-5,7,520,37
2023/12/25,浦和,3,浦和８００ラウンド２歳選抜馬,800,ダ,左,良,晴,8,5,5,ラガッツァステッラ,牝,2,54.0,470,9,秋元耕,藤原智,,7,0:51.6,38.1,7-7,8,470,9
2023/12/25,浦和,3,浦和８００ラウンド２歳選抜馬,800,ダ,左,良,晴,8,4,4,ギサール,牝,2,53.0,395,-3,七夕裕,酒井一,,8,0:53.3,39.7,8-8,6,395,-3
2023/12/25,浦和,4,３歳三,1400,ダ,左,良,晴,10,7,7,アイアンオー,牡,3,56.0,464,-6,福原杏,海馬司,,1,1:33.1,40.1,2-2-1-1,2,464,-6
2023/12/25,浦和,4,３歳三,1400,ダ,左,良,晴,10,5,5,モズマスターピース,牡,3,54.0,483,-9,及川烈,横山保,,2,1:33.1,38.7,9-8-7-3,5,483,-9
2023/12/25,浦和,4,３歳三,1400,ダ,左,良,晴,10,4,4,ワイキキビーチ,牡,3,55.0,450,-5,七夕裕,岡田一,,3,1:33.6,40.3,3-4-2-2,6,450,-5
2023/12/25,浦和,4,３歳三,1400,ダ,左,良,晴,10,8,9,タカイチキズナ,牝,3,54.0,528,0,吉留孝,薮口一,,4,1:34.0,40.0,6-6-6-4,1,528,0
2023/12/25,浦和,4,３歳三,1400,ダ,左,良,晴,10,1,1,アンブレラダンス,牝,3,54.0,465,5,橋本直,平山真,,5,1:34.2,40.5,7-5-5-5,3,465,5
2023/12/25,浦和,4,３歳三,1400,ダ,左,良,晴,10,7,8,リッキーマキアート,牝,3,54.0,462,-2,秋元耕,酒井一,,6,1:34.4,39.8,5-7-8-7,4,462,-2
2023/12/25,浦和,4,３歳三,1400,ダ,左,良,晴,10,8,10,ユウユウプレゼンス,牝,3,50.0,426,7,中島良,川村守,,7,1:34.5,41.4,4-3-3-6,9,426,7
2023/12/25,浦和,4,３歳三,1400,ダ,左,良,晴,10,6,6,モーニングアイリス,牝,3,54.0,417,-4,加藤和,長谷忍,,8,1:35.3,40.1,8-9-9-8,8,417,-4
2023/12/25,浦和,4,３歳三,1400,ダ,左,良,晴,10,2,2,アーケイディア,牝,3,54.0,466,-7,高橋哲,薮口一,,9,1:35.8,39.6,10-10-10-10,7,466,-7
2023/12/25,浦和,4,３歳三,1400,ダ,左,良,晴,10,3,3,アルムダウン,牝,3,52.0,366,0,室陽一,川村守,,10,1:39.4,46.3,1-1-4-9,10,366,0
2023/12/25,浦和,5,Ｃ３三,1400,ダ,左,良,晴,11,3,3,グローリアスフィル,牝,6,54.0,473,3,笹川翼,新井清,,1,1:33.4,41.4,5-5-5-1,1,473,3
2023/12/25,浦和,5,Ｃ３三,1400,ダ,左,良,晴,11,8,10,ゴールドボード,牝,4,54.0,511,-4,秋元耕,箕輪武,,2,1:33.7,42.2,1-1-1-2,6,511,-4
2023/12/25,浦和,5,Ｃ３三,1400,ダ,左,良,晴,11,2,2,キタマクフィー,牝,5,53.0,451,5,七夕裕,鹿沼和,,3,1:33.8,41.3,8-8-8-6,5,451,5
2023/12/25,浦和,5,Ｃ３三,1400,ダ,左,良,晴,11,7,9,キミノナハ,牝,5,54.0,463,2,加藤和,長谷忍,,4,1:33.9,41.6,6-6-7-5,3,463,2
2023/12/25,浦和,5,Ｃ３三,1400,ダ,左,良,晴,11,1,1,テステッソ,牡,4,56.0,454,6,岡田大,薮口一,,5,1:34.2,42.4,4-3-3-4,7,454,6
2023/12/25,浦和,5,Ｃ３三,1400,ダ,左,良,晴,11,7,8,ヨドノホマレ,セ,0,56.0,485,-1,橋本直,平山真,,6,1:34.2,42.6,2-2-2-3,2,485,-1
2023/12/25,浦和,5,Ｃ３三,1400,ダ,左,良,晴,11,6,6,ショウイモン,牝,6,52.0,429,4,室陽一,内野健,,7,1:34.5,42.5,7-6-6-7,8,429,4
2023/12/25,浦和,5,Ｃ３三,1400,ダ,左,良,晴,11,5,5,プチポワン,牝,7,54.0,466,9,柿本量,矢野義,,8,1:34.5,40.9,11-11-10-9,9,466,9
2023/12/25,浦和,5,Ｃ３三,1400,ダ,左,良,晴,11,6,7,シェナノララ,牝,4,54.0,428,-8,國分祐,冨田敏,,9,1:34.5,41.2,10-10-11-10,10,428,-8
2023/12/25,浦和,5,Ｃ３三,1400,ダ,左,良,晴,11,8,11,ベニノエンゼル,牝,6,54.0,446,0,福原杏,海馬司,,10,1:34.6,42.8,3-4-4-8,4,446,0
2023/12/25,浦和,5,Ｃ３三,1400,ダ,左,良,晴,11,4,4,アストロメアリー,牝,4,50.0,399,0,中島良,長谷忍,,11,1:35.6,42.5,9-9-9-11,11,399,0
2023/12/25,浦和,6,Ｃ２七 八 九,1400,ダ,左,良,晴,12,7,9,ドローアプローズ,セ,0,54.0,479,-5,及川烈,横山保,,1,1:32.2,40.1,4-5-3-1,1,479,-5
2023/12/25,浦和,6,Ｃ２七 八 九,1400,ダ,左,良,晴,12,8,12,トクシーカグヤヒメ,牝,3,54.0,485,-4,橋本直,平山真,,2,1:32.8,41.6,1-1-1-2,3,485,-4
2023/12/25,浦和,6,Ｃ２七 八 九,1400,ダ,左,良,晴,12,8,11,モリデンボーイ,牡,3,56.0,519,-4,石崎駿,海馬司,,3,1:33.4,40.8,6-6-6-5,6,519,-4
2023/12/25,浦和,6,Ｃ２七 八 九,1400,ダ,左,良,晴,12,5,6,ライヴケチャップ,牝,3,54.0,522,10,保園翔,川島豊,,4,1:33.5,40.3,10-11-9-6,7,522,10
2023/12/25,浦和,6,Ｃ２七 八 九,1400,ダ,左,良,晴,12,4,4,サーブルルミエール,牡,6,56.0,470,7,加藤和,玉井昇,,5,1:33.8,40.0,12-12-11-11,5,470,7
2023/12/25,浦和,6,Ｃ２七 八 九,1400,ダ,左,良,晴,12,2,2,ヨドノルーキー,牡,3,56.0,414,4,森泰斗,平山真,,6,1:33.9,42.0,5-4-5-4,2,414,4
2023/12/25,浦和,6,Ｃ２七 八 九,1400,ダ,左,良,晴,12,6,7,レインボーカラー,牝,5,54.0,519,1,篠谷葵,藤原智,,7,1:34.0,42.5,2-2-2-3,4,519,1
2023/12/25,浦和,6,Ｃ２七 八 九,1400,ダ,左,良,晴,12,6,8,ホシプリンセス,牝,5,54.0,505,5,藤本現,酒井一,,8,1:34.0,41.0,7-9-10-7,10,505,5
2023/12/25,浦和,6,Ｃ２七 八 九,1400,ダ,左,良,晴,12,3,3,リワードノンノ,牝,3,52.0,513,2,室陽一,宇野博,,9,1:34.3,41.6,8-7-7-9,9,513,2
2023/12/25,浦和,6,Ｃ２七 八 九,1400,ダ,左,良,晴,12,7,10,シェナリオン,牡,3,52.0,460,9,中島良,冨田敏,,10,1:34.4,42.5,3-3-4-7,12,460,9
2023/12/25,浦和,6,Ｃ２七 八 九,1400,ダ,左,良,晴,12,5,5,メイクロード,牝,7,54.0,485,5,秋元耕,内野健,,11,1:35.5,42.8,8-8-8-10,11,485,5
2023/12/25,浦和,6,Ｃ２七 八 九,1400,ダ,左,良,晴,12,1,1,ハニーフラッシュ,牝,3,53.0,421,7,七夕裕,海馬司,,12,1:36.0,42.0,11-10-12-12,8,421,7
2023/12/25,浦和,7,さきたまめ賞Ｃ１選抜馬,800,ダ,左,良,晴,12,7,10,ヌンヌンシー,牡,3,54.0,476,5,及川烈,長谷忍,,1,0:48.4,35.4,4-3,2,476,5
2023/12/25,浦和,7,さきたまめ賞Ｃ１選抜馬,800,ダ,左,良,晴,12,8,11,ビッグディッパー,牡,9,56.0,543,1,保園翔,小久智,,2,0:48.9,36.5,2-2,3,543,1
2023/12/25,浦和,7,さきたまめ賞Ｃ１選抜馬,800,ダ,左,良,晴,12,6,7,エイシンエメラルド,牝,3,54.0,421,2,福原杏,工藤伸,,3,0:49.0,36.6,1-1,1,421,2
2023/12/25,浦和,7,さきたまめ賞Ｃ１選抜馬,800,ダ,左,良,晴,12,4,4,ピースリアン,牡,6,55.0,502,7,七夕裕,横山保,,4,0:49.3,36.5,6-4,4,502,7
2023/12/25,浦和,7,さきたまめ賞Ｃ１選抜馬,800,ダ,左,良,晴,12,5,5,ソーサレス,牝,4,54.0,490,8,山中悠,小澤宏,,5,0:49.5,36.7,5-5,6,490,8
2023/12/25,浦和,7,さきたまめ賞Ｃ１選抜馬,800,ダ,左,良,晴,12,6,8,スーパーローズ,牝,6,54.0,490,12,吉留孝,野口孝,,6,0:49.7,36.3,10-9,8,490,12
2023/12/25,浦和,7,さきたまめ賞Ｃ１選抜馬,800,ダ,左,良,晴,12,1,1,シナジーエフェクト,牡,3,56.0,479,-2,増田充,岡田一,,7,0:50.5,36.8,11-11,10,479,-2
2023/12/25,浦和,7,さきたまめ賞Ｃ１選抜馬,800,ダ,左,良,晴,12,2,2,ダンシングクライ,牝,3,54.0,481,0,高橋哲,藤原智,,8,0:50.6,37.6,8-7,5,481,0
2023/12/25,浦和,7,さきたまめ賞Ｃ１選抜馬,800,ダ,左,良,晴,12,7,9,スマートドラフト,牝,4,54.0,428,0,赤津和,鈴木勝,,9,0:50.8,37.5,9-10,11,428,0
2023/12/25,浦和,7,さきたまめ賞Ｃ１選抜馬,800,ダ,左,良,晴,12,3,3,ルヴァンモンスター,牡,3,54.0,472,-18,室陽一,水野貴,,10,0:50.9,38.1,7-6,7,472,-18
2023/12/25,浦和,7,さきたまめ賞Ｃ１選抜馬,800,ダ,左,良,晴,12,5,6,アルゴル,牡,4,52.0,503,7,中島良,酒井一,,11,0:51.0,38.4,3-8,9,503,7
2023/12/25,浦和,7,さきたまめ賞Ｃ１選抜馬,800,ダ,左,良,晴,12,8,12,セイウンゴールド,牡,5,56.0,488,5,國分祐,吉田正,,12,0:51.7,37.8,12-12,12,488,5
2023/12/25,浦和,8,農業王国ふかや賞Ｃ２七 八 九,1400,ダ,左,良,晴,11,6,6,デイアンドナイト,牝,3,54.0,464,-3,桑村真,小久智,,1,1:31.6,39.5,1-1-1-1,2,464,-3
2023/12/25,浦和,8,農業王国ふかや賞Ｃ２七 八 九,1400,ダ,左,良,晴,11,1,1,クラキンカ,牡,3,54.0,522,10,及川烈,長谷忍,,2,1:31.7,39.3,10-9-5-3,8,522,10
2023/12/25,浦和,8,農業王国ふかや賞Ｃ２七 八 九,1400,ダ,左,良,晴,11,7,8,エコロヴィーガ,牝,3,54.0,477,-8,本橋孝,繁田健,,3,1:32.1,40.0,3-3-2-2,6,477,-8
2023/12/25,浦和,8,農業王国ふかや賞Ｃ２七 八 九,1400,ダ,左,良,晴,11,5,5,カミヤガルーラ,牡,5,56.0,467,7,保園翔,内野健,,4,1:32.6,40.3,8-6-3-4,5,467,7
2023/12/25,浦和,8,農業王国ふかや賞Ｃ２七 八 九,1400,ダ,左,良,晴,11,6,7,ノーブルプロセス,牝,3,54.0,469,1,矢野貴,水野貴,,5,1:33.4,41.0,6-4-6-5,1,469,1
2023/12/25,浦和,8,農業王国ふかや賞Ｃ２七 八 九,1400,ダ,左,良,晴,11,3,3,ラクスシャルキ,牝,4,54.0,456,8,秋元耕,酒井一,,6,1:33.7,40.9,7-8-10-8,9,456,8
2023/12/25,浦和,8,農業王国ふかや賞Ｃ２七 八 九,1400,ダ,左,良,晴,11,8,10,インベンション,牝,3,54.0,443,-3,篠谷葵,長谷忍,,7,1:33.7,40.7,9-10-9-6,11,443,-3
2023/12/25,浦和,8,農業王国ふかや賞Ｃ２七 八 九,1400,ダ,左,良,晴,11,8,11,フクチャンクイーン,牝,4,52.0,437,4,室陽一,内野健,,8,1:34.1,41.8,4-7-4-7,3,437,4
2023/12/25,浦和,8,農業王国ふかや賞Ｃ２七 八 九,1400,ダ,左,良,晴,11,7,9,シーギリア,牝,3,54.0,469,6,吉留孝,野口寛,,9,1:34.7,42.4,5-5-8-9,7,469,6
2023/12/25,浦和,8,農業王国ふかや賞Ｃ２七 八 九,1400,ダ,左,良,晴,11,2,2,ゴールドバニー,牝,3,53.0,474,-2,七夕裕,野口孝,,10,1:34.7,41.7,11-11-11-9,10,474,-2
2023/12/25,浦和,8,農業王国ふかや賞Ｃ２七 八 九,1400,ダ,左,良,晴,11,4,4,ナギサノチャコ,牝,3,54.0,427,5,張田昂,平山真,,11,1:36.3,44.0,2-2-6-11,4,427,5
2023/12/25,浦和,9,ターコイズ特別Ｂ３三,1400,ダ,左,良,晴,12,8,12,シーサーペント,牡,3,56.0,492,-3,落合玄,小久智,,1,1:29.1,38.4,3-3-1-1,1,492,-3
2023/12/25,浦和,9,ターコイズ特別Ｂ３三,1400,ダ,左,良,晴,12,5,6,サブリュウシン,牡,3,56.0,469,-1,岡村健,平山真,,2,1:30.9,39.9,5-6-5-3,2,469,-1
2023/12/25,浦和,9,ターコイズ特別Ｂ３三,1400,ダ,左,良,晴,12,7,9,マイネルエンカント,牡,6,56.0,474,8,和田譲,宇野博,,3,1:31.0,39.3,10-10-10-7,7,474,8
2023/12/25,浦和,9,ターコイズ特別Ｂ３三,1400,ダ,左,良,晴,12,8,11,ゼローソ,セ,0,56.0,500,4,藤江渉,宇野博,,4,1:31.0,39.7,8-8-8-5,9,500,4
2023/12/25,浦和,9,ターコイズ特別Ｂ３三,1400,ダ,左,良,晴,12,6,8,アルフィーノ,牝,4,52.0,448,-3,木間龍,川島一,,5,1:31.0,40.2,4-5-3-2,3,448,-3
2023/12/25,浦和,9,ターコイズ特別Ｂ３三,1400,ダ,左,良,晴,12,7,10,フィティアンガ,セ,0,56.0,483,0,桑村真,山中尊,,6,1:31.4,38.7,11-11-11-10,8,483,0
2023/12/25,浦和,9,ターコイズ特別Ｂ３三,1400,ダ,左,良,晴,12,6,7,バルンストック,セ,0,56.0,490,-13,石崎駿,海馬司,,7,1:31.6,38.3,12-12-12-12,11,490,-13
2023/12/25,浦和,9,ターコイズ特別Ｂ３三,1400,ダ,左,良,晴,12,5,5,プレストルーチェ,セ,0,56.0,511,3,山中悠,小澤宏,,8,1:31.6,40.1,9-9-9-8,5,511,3
2023/12/25,浦和,9,ターコイズ特別Ｂ３三,1400,ダ,左,良,晴,12,2,2,マテラガニア,牝,5,54.0,481,12,福原杏,水野貴,,9,1:31.9,40.6,7-7-7-6,10,481,12
2023/12/25,浦和,9,ターコイズ特別Ｂ３三,1400,ダ,左,良,晴,12,3,3,ガンコチャン,牝,4,52.0,486,5,及川烈,岡田一,,10,1:32.6,42.1,1-1-2-4,6,486,5
2023/12/25,浦和,9,ターコイズ特別Ｂ３三,1400,ダ,左,良,晴,12,1,1,コスモルージュ,セ,0,56.0,504,3,張田昂,小澤宏,,11,1:34.0,43.2,6-4-6-9,4,504,3
2023/12/25,浦和,9,ターコイズ特別Ｂ３三,1400,ダ,左,良,晴,12,4,4,ミーハディビーナ,牝,6,54.0,452,-6,橋本直,内野健,,12,1:34.4,43.9,2-2-4-11,12,452,-6
2023/12/25,浦和,10,晩冬特別Ｃ１三,1500,ダ,左,良,晴,11,2,2,ジョーイルムシュ,牝,3,54.0,473,-6,落合玄,小久智,,1,1:38.8,39.9,7-6-6-2,1,473,-6
2023/12/25,浦和,10,晩冬特別Ｃ１三,1500,ダ,左,良,晴,11,7,8,モモドリーム,牝,5,54.0,490,-5,福原杏,平山真,,2,1:39.4,41.2,1-1-1-1,6,490,-5
2023/12/25,浦和,10,晩冬特別Ｃ１三,1500,ダ,左,良,晴,11,3,3,トラックヤロー,牡,3,55.0,447,7,七夕裕,平山真,,3,1:39.6,40.1,10-10-9-8,4,447,7
2023/12/25,浦和,10,晩冬特別Ｃ１三,1500,ダ,左,良,晴,11,5,5,ジョイルミナス,牝,3,54.0,443,1,小杉亮,矢野義,,4,1:39.6,40.4,8-9-7-7,9,443,1
2023/12/25,浦和,10,晩冬特別Ｃ１三,1500,ダ,左,良,晴,11,6,7,ノブオートーケン,牡,4,54.0,465,8,及川烈,小澤宏,,5,1:40.4,41.8,4-5-3-4,5,465,8
2023/12/25,浦和,10,晩冬特別Ｃ１三,1500,ダ,左,良,晴,11,7,9,ワンダーフェンリル,牡,5,56.0,520,8,橋本直,鈴木勝,,6,1:40.5,42.1,2-2-4-5,11,520,8
2023/12/25,浦和,10,晩冬特別Ｃ１三,1500,ダ,左,良,晴,11,6,6,アブルマドール,セ,0,56.0,479,18,笹川翼,宇野博,,7,1:40.6,42.0,5-4-2-3,3,479,18
2023/12/25,浦和,10,晩冬特別Ｃ１三,1500,ダ,左,良,晴,11,8,10,スリーヴリーグ,牡,7,56.0,526,4,見越彬,野口寛,,8,1:40.6,41.9,3-3-5-6,10,526,4
2023/12/25,浦和,10,晩冬特別Ｃ１三,1500,ダ,左,良,晴,11,8,11,ミミコチャン,牝,4,50.0,510,8,中島良,小林真,,9,1:40.6,40.7,11-11-11-11,8,510,8
2023/12/25,浦和,10,晩冬特別Ｃ１三,1500,ダ,左,良,晴,11,1,1,リングボーイ,セ,0,56.0,443,2,森泰斗,水野貴,,10,1:40.8,41.6,6-7-8-9,2,443,2
2023/12/25,浦和,10,晩冬特別Ｃ１三,1500,ダ,左,良,晴,11,4,4,ローゼシュティア,牝,4,54.0,475,9,達城龍,野口孝,,11,1:40.8,41.5,9-8-10-10,7,475,9
2023/12/25,浦和,11,クリスマス賞Ｂ２二,1500,ダ,左,良,晴,10,1,1,アウストロ,牡,3,56.0,521,-2,秋元耕,小澤宏,,1,1:36.2,39.6,1-1-1-1,1,521,-2
2023/12/25,浦和,11,クリスマス賞Ｂ２二,1500,ダ,左,良,晴,10,6,6,トノパー,牡,3,56.0,516,16,笹川翼,小久智,,2,1:36.5,39.5,5-4-2-2,2,516,16
2023/12/25,浦和,11,クリスマス賞Ｂ２二,1500,ダ,左,良,晴,10,8,9,クマサンニデアッタ,牝,5,54.0,476,-10,和田譲,小林真,,3,1:37.4,39.9,7-7-6-4,4,476,-10
2023/12/25,浦和,11,クリスマス賞Ｂ２二,1500,ダ,左,良,晴,10,7,7,サランスク,牝,4,54.0,494,-2,桑村真,田中人,,4,1:38.4,41.0,6-6-4-5,5,494,-2
2023/12/25,浦和,11,クリスマス賞Ｂ２二,1500,ダ,左,良,晴,10,2,2,パールアゲイン,牝,4,54.0,421,-6,森泰斗,岡田一,,5,1:38.6,41.4,4-5-5-6,3,421,-6
2023/12/25,浦和,11,クリスマス賞Ｂ２二,1500,ダ,左,良,晴,10,4,4,ゲンパチアイアン,牡,6,56.0,496,3,落合玄,小久智,,6,1:38.9,42.1,3-2-3-3,6,496,3
2023/12/25,浦和,11,クリスマス賞Ｂ２二,1500,ダ,左,良,晴,10,8,10,コウユーモテモテ,牝,6,54.0,508,-5,半澤慶,宇野博,,7,1:39.2,41.2,8-8-8-7,9,508,-5
2023/12/25,浦和,11,クリスマス賞Ｂ２二,1500,ダ,左,良,晴,10,7,8,フェブサンカラ,牝,4,52.0,419,-4,及川烈,長谷忍,,8,1:39.7,39.7,10-10-10-10,8,419,-4
2023/12/25,浦和,11,クリスマス賞Ｂ２二,1500,ダ,左,良,晴,10,5,5,スマイルミュ,牝,5,54.0,522,8,橋本直,入口由,,9,1:40.2,41.0,9-9-9-9,10,522,8
2023/12/25,浦和,11,クリスマス賞Ｂ２二,1500,ダ,左,良,晴,10,3,3,コウユーラヴラヴ,牝,5,54.0,480,1,町田直,宇野博,,10,1:40.8,43.4,2-3-7-8,7,480,1
2023/12/25,浦和,12,ポインセチア特別Ｃ３選抜馬,2000,ダ,左,良,晴,10,5,5,クリスタルニキータ,牝,7,54.0,465,0,西啓太,箕輪武,,1,2:19.6,41.7,4-5-1-1,1,465,0
2023/12/25,浦和,12,ポインセチア特別Ｃ３選抜馬,2000,ダ,左,良,晴,10,2,2,パーティーアニマル,牡,7,56.0,457,-5,高橋哲,海馬司,,2,2:19.9,41.8,6-4-2-2,4,457,-5
2023/12/25,浦和,12,ポインセチア特別Ｃ３選抜馬,2000,ダ,左,良,晴,10,4,4,ベガエクスプレス,牝,4,53.0,450,-4,七夕裕,長谷忍,,3,2:19.9,40.8,10-9-7-4,6,450,-4
2023/12/25,浦和,12,ポインセチア特別Ｃ３選抜馬,2000,ダ,左,良,晴,10,7,7,パルメニデス,牡,4,56.0,422,-3,秋元耕,長谷忍,,4,2:20.1,41.2,9-7-8-5,8,422,-3
2023/12/25,浦和,12,ポインセチア特別Ｃ３選抜馬,2000,ダ,左,良,晴,10,6,6,ミコタマ,牝,9,54.0,469,5,藤江渉,田島寿,,5,2:20.4,41.9,5-6-5-3,3,469,5
2023/12/25,浦和,12,ポインセチア特別Ｃ３選抜馬,2000,ダ,左,良,晴,10,8,10,ラッキーアモン,牡,7,56.0,511,5,加藤和,箕輪武,,6,2:21.4,43.3,2-2-3-6,2,511,5
2023/12/25,浦和,12,ポインセチア特別Ｃ３選抜馬,2000,ダ,左,良,晴,10,3,3,シェナハート,牝,4,50.0,436,6,中島良,冨田敏,,7,2:21.5,42.4,7-8-9-7,9,436,6
2023/12/25,浦和,12,ポインセチア特別Ｃ３選抜馬,2000,ダ,左,良,晴,10,7,8,アールレアル,セ,0,56.0,468,8,山中悠,川村守,,8,2:21.6,41.9,8-10-10-10,10,468,8
2023/12/25,浦和,12,ポインセチア特別Ｃ３選抜馬,2000,ダ,左,良,晴,10,8,9,ニシノサトル,牡,7,54.0,494,1,室陽一,吉田正,,9,2:22.5,44.0,3-3-6-8,5,494,1
2023/12/25,浦和,12,ポインセチア特別Ｃ３選抜馬,2000,ダ,左,良,晴,10,1,1,セイウンミレイア,牝,6,54.0,482,-6,岡田大,冨田敏,,10,2:23.9,45.8,1-1-4-9,7,482,-6
2023/12/26,浦和,1,クライマックスリレースタート賞２歳五,1400,ダ,左,良,晴,9,8,9,ノース,牡,2,55.0,431,-6,町田直,繁田健,,1,1:34.4,40.9,2-2-2-1,4,431,-6
2023/12/26,浦和,1,クライマックスリレースタート賞２歳五,1400,ダ,左,良,晴,9,8,8,クリウエーブ,牡,2,53.0,434,26,及川烈,吉田正,,2,1:35.0,41.3,3-3-3-2,7,434,26
2023/12/26,浦和,1,クライマックスリレースタート賞２歳五,1400,ダ,左,良,晴,9,7,7,カラフルピーチ,牝,2,54.0,419,3,張田昂,平山真,,3,1:35.7,41.5,8-7-4-4,2,419,3
2023/12/26,浦和,1,クライマックスリレースタート賞２歳五,1400,ダ,左,良,晴,9,1,1,デイジーキング,牡,2,55.0,517,6,篠谷葵,藤原智,,4,1:35.9,41.9,6-6-4-5,1,517,6
2023/12/26,浦和,1,クライマックスリレースタート賞２歳五,1400,ダ,左,良,晴,9,4,4,ロトカグラ,牡,2,55.0,478,1,高橋哲,水野貴,,5,1:36.6,43.1,1-1-1-3,6,478,1
2023/12/26,浦和,1,クライマックスリレースタート賞２歳五,1400,ダ,左,良,晴,9,6,6,ワンダーサバイバル,牡,2,55.0,417,5,橋本直,鈴木勝,,6,1:36.6,42.4,4-4-6-6,3,417,5
2023/12/26,浦和,1,クライマックスリレースタート賞２歳五,1400,ダ,左,良,晴,9,2,2,ファリナータ,牝,2,52.0,452,-4,室陽一,鈴木勝,,7,1:36.8,41.6,7-8-8-8,9,452,-4
2023/12/26,浦和,1,クライマックスリレースタート賞２歳五,1400,ダ,左,良,晴,9,3,3,ビキャク,牝,2,54.0,469,12,落合玄,宇野博,,8,1:37.5,43.3,5-5-7-7,5,469,12
2023/12/26,浦和,1,クライマックスリレースタート賞２歳五,1400,ダ,左,良,晴,9,5,5,チョウノリノリ,牝,2,54.0,407,4,見越彬,川村守,,9,1:38.2,42.2,9-9-9-9,8,407,4
2023/12/26,浦和,2,浦和８００ラウンドＣ２選抜馬イ,800,ダ,左,良,晴,12,7,9,クラフェニックス,牝,5,54.0,461,-15,秋元耕,藤原智,,1,0:49.4,36.6,5-5,4,461,-15
2023/12/26,浦和,2,浦和８００ラウンドＣ２選抜馬イ,800,ダ,左,良,晴,12,2,2,アイモンスター,牝,7,54.0,487,3,吉留孝,岡田一,,2,0:49.4,36.9,2-2,1,487,3
2023/12/26,浦和,2,浦和８００ラウンドＣ２選抜馬イ,800,ダ,左,良,晴,12,5,5,スマートシエル,牝,5,52.0,438,2,室陽一,小久智,,3,0:49.5,37.2,1-1,2,438,2
2023/12/26,浦和,2,浦和８００ラウンドＣ２選抜馬イ,800,ダ,左,良,晴,12,8,11,カーターテソーロ,牡,3,56.0,504,7,保園翔,内野健,,4,0:49.9,36.6,9-8,6,504,7
2023/12/26,浦和,2,浦和８００ラウンドＣ２選抜馬イ,800,ダ,左,良,晴,12,7,10,ツクバフタツボシ,牝,6,54.0,497,-1,半澤慶,鈴木勝,,5,0:50.0,37.5,3-3,8,497,-1
2023/12/26,浦和,2,浦和８００ラウンドＣ２選抜馬イ,800,ダ,左,良,晴,12,6,8,アナマリー,牝,5,54.0,480,11,橋本直,平山真,,6,0:50.0,36.8,7-7,3,480,11
2023/12/26,浦和,2,浦和８００ラウンドＣ２選抜馬イ,800,ダ,左,良,晴,12,4,4,シャインルージュ,牝,3,54.0,492,10,岡田大,吉田正,,7,0:50.1,37.1,8-9,7,492,10
2023/12/26,浦和,2,浦和８００ラウンドＣ２選抜馬イ,800,ダ,左,良,晴,12,1,1,ファンファン,牡,6,56.0,463,0,赤津和,箕輪武,,8,0:50.1,37.4,6-6,12,463,0
2023/12/26,浦和,2,浦和８００ラウンドＣ２選抜馬イ,800,ダ,左,良,晴,12,5,6,ラインガウディ,牡,3,56.0,465,7,山中悠,小澤宏,,9,0:50.3,36.6,11-11,9,465,7
2023/12/26,浦和,2,浦和８００ラウンドＣ２選抜馬イ,800,ダ,左,良,晴,12,8,12,ウンジョウノメガミ,牝,5,52.0,445,4,木間龍,入口由,,10,0:50.3,37.8,4-4,11,445,4
2023/12/26,浦和,2,浦和８００ラウンドＣ２選抜馬イ,800,ダ,左,良,晴,12,6,7,シンキングセンティ,牝,4,54.0,463,5,福原杏,工藤伸,,11,0:50.6,37.4,10-10,5,463,5
2023/12/26,浦和,2,浦和８００ラウンドＣ２選抜馬イ,800,ダ,左,良,晴,12,3,3,エスポワールフレア,牝,4,50.0,449,-4,中島良,野口孝,,12,0:50.8,37.3,12-12,10,449,-4
2023/12/26,浦和,3,２歳四,1400,ダ,左,良,晴,11,6,6,ジャストチャックル,牝,2,52.0,453,-5,及川烈,小澤宏,,1,1:34.0,39.8,10-10-8-3,3,453,-5
2023/12/26,浦和,3,２歳四,1400,ダ,左,良,晴,11,7,8,ポンテローザ,牝,2,54.0,405,-1,高橋哲,小久智,,2,1:35.0,42.0,1-1-2-1,4,405,-1
2023/12/26,浦和,3,２歳四,1400,ダ,左,良,晴,11,6,7,ピノヌイ,牡,2,55.0,497,6,森泰斗,野口孝,,3,1:35.2,41.5,6-6-4-4,2,497,6
2023/12/26,浦和,3,２歳四,1400,ダ,左,良,晴,11,4,4,ポップコーン,牡,2,55.0,461,13,橋本直,平山真,,4,1:35.5,41.5,8-8-8-8,6,461,13
2023/12/26,浦和,3,２歳四,1400,ダ,左,良,晴,11,8,10,ライスライス,牝,2,52.0,414,9,室陽一,小澤宏,,5,1:35.6,42.6,1-1-1-2,8,414,9
2023/12/26,浦和,3,２歳四,1400,ダ,左,良,晴,11,5,5,アラジャイ,牡,2,55.0,444,8,秋元耕,水野貴,,6,1:35.7,41.9,5-5-4-5,7,444,8
2023/12/26,浦和,3,２歳四,1400,ダ,左,良,晴,11,8,11,モリデンパワー,牝,2,54.0,419,2,保園翔,海馬司,,7,1:36.0,42.2,9-7-4-7,9,419,2
2023/12/26,浦和,3,２歳四,1400,ダ,左,良,晴,11,3,3,トーセンイライザ,牝,2,54.0,448,-6,張田昂,小久智,,8,1:36.1,42.3,4-4-4-6,1,448,-6
2023/12/26,浦和,3,２歳四,1400,ダ,左,良,晴,11,1,1,ドケンヤローズ,牝,2,54.0,434,5,見越彬,野口孝,,9,1:37.9,42.1,11-11-11-10,10,434,5
2023/12/26,浦和,3,２歳四,1400,ダ,左,良,晴,11,7,9,ゴールドラッシュ,牡,2,55.0,470,15,福原杏,水野貴,,10,1:38.1,45.0,1-3-3-9,5,470,15
2023/12/26,浦和,3,２歳四,1400,ダ,左,良,晴,11,2,2,シナノエール,牝,2,54.0,437,9,吉留孝,鹿沼和,,11,1:39.6,44.4,7-9-10-11,11,437,9
2023/12/26,浦和,4,３歳四,1400,ダ,左,良,晴,9,8,9,フォンテーヌパーク,牡,3,56.0,454,-5,秋元耕,鹿沼和,,1,1:36.0,40.1,6-4-4-4,1,454,-5
2023/12/26,浦和,4,３歳四,1400,ダ,左,良,晴,9,4,4,カシノベンケイ,牡,3,56.0,435,4,古岡勇,鹿沼和,,2,1:36.4,40.8,2-2-2-2,2,435,4
2023/12/26,浦和,4,３歳四,1400,ダ,左,良,晴,9,7,7,フェアリーパワポケ,牝,3,54.0,413,-2,高橋哲,薮口一,,3,1:36.6,40.9,3-3-3-2,6,413,-2
2023/12/26,浦和,4,３歳四,1400,ダ,左,良,晴,9,3,3,ビナダナン,牝,3,54.0,475,7,橋本直,酒井一,,4,1:36.6,41.0,1-1-1-1,3,475,7
2023/12/26,浦和,4,３歳四,1400,ダ,左,良,晴,9,5,5,ハービリア,牝,3,53.0,465,-12,七夕裕,川島豊,,5,1:37.8,41.3,7-7-7-5,5,465,-12
2023/12/26,浦和,4,３歳四,1400,ダ,左,良,晴,9,6,6,ビッグジャカランダ,牡,3,56.0,504,12,赤津和,川村守,,6,1:39.3,43.2,4-5-5-6,8,504,12
2023/12/26,浦和,4,３歳四,1400,ダ,左,良,晴,9,2,2,トコロガクマサンガ,牝,3,54.0,477,-11,半澤慶,宇野博,,7,1:40.7,44.6,5-6-6-7,4,477,-11
2023/12/26,浦和,4,３歳四,1400,ダ,左,良,晴,9,1,1,ルヴァンアクトレス,牝,3,54.0,458,2,福原杏,水野貴,,,,,8-8-8-8,7,458,2
2023/12/26,浦和,4,３歳四,1400,ダ,左,良,晴,9,8,8,ロックン,セ,0,56.0,0,0,吉留孝,野口寛,,,,,,,0,0
2023/12/26,浦和,5,浦和８００ラウンドＣ２選抜馬ア,800,ダ,左,良,晴,12,6,7,スタードラゴン,牡,4,56.0,528,-1,加藤和,薮口一,,1,0:49.5,37.1,1-1,2,528,-1
2023/12/26,浦和,5,浦和８００ラウンドＣ２選抜馬ア,800,ダ,左,良,晴,12,8,12,アカルイスモウブ,牝,4,54.0,439,0,岡田大,冨田敏,,2,0:49.9,37.5,4-2,4,439,0
2023/12/26,浦和,5,浦和８００ラウンドＣ２選抜馬ア,800,ダ,左,良,晴,12,7,10,コンバットグランデ,牝,3,52.0,433,1,及川烈,工藤伸,,3,0:50.0,37.1,6-6,7,433,1
2023/12/26,浦和,5,浦和８００ラウンドＣ２選抜馬ア,800,ダ,左,良,晴,12,3,3,ランディー,牡,3,56.0,462,9,落合玄,小久智,,4,0:50.0,37.1,9-8,6,462,9
2023/12/26,浦和,5,浦和８００ラウンドＣ２選抜馬ア,800,ダ,左,良,晴,12,5,5,エリークラウン,牝,4,54.0,466,-6,橋本直,川村守,,5,0:50.0,37.6,2-4,3,466,-6
2023/12/26,浦和,5,浦和８００ラウンドＣ２選抜馬ア,800,ダ,左,良,晴,12,4,4,イスラデルノルテ,牡,3,56.0,443,3,森泰斗,野口寛,,6,0:50.1,37.4,7-5,1,443,3
2023/12/26,浦和,5,浦和８００ラウンドＣ２選抜馬ア,800,ダ,左,良,晴,12,6,8,サハラントアジア,牝,4,54.0,476,2,保園翔,内野健,,7,0:50.1,37.7,3-2,10,476,2
2023/12/26,浦和,5,浦和８００ラウンドＣ２選抜馬ア,800,ダ,左,良,晴,12,7,9,カゲカツ,牡,9,54.0,523,8,木間龍,長谷忍,,8,0:50.3,37.1,10-9,9,523,8
2023/12/26,浦和,5,浦和８００ラウンドＣ２選抜馬ア,800,ダ,左,良,晴,12,8,11,スターシード,牡,8,56.0,496,-15,福原杏,酒井一,,9,0:50.4,37.5,8-7,5,496,-15
2023/12/26,浦和,5,浦和８００ラウンドＣ２選抜馬ア,800,ダ,左,良,晴,12,5,6,サノノビーチ,牝,3,50.0,516,-4,中島良,川島豊,,10,0:50.9,38.5,5-10,8,516,-4
2023/12/26,浦和,5,浦和８００ラウンドＣ２選抜馬ア,800,ダ,左,良,晴,12,1,1,リトルジーニー,牝,3,52.0,408,1,室陽一,酒井一,,11,0:51.5,37.7,11-11,12,408,1
2023/12/26,浦和,5,浦和８００ラウンドＣ２選抜馬ア,800,ダ,左,良,晴,12,2,2,ホワイトネイル,牝,4,54.0,427,1,半澤慶,藤原智,,12,0:51.5,37.5,12-12,11,427,1
2023/12/26,浦和,6,クライマックスリレーｉｎ浦和賞Ｃ１四,1400,ダ,左,良,晴,11,6,6,ジョーエスポワール,牡,3,56.0,487,6,西啓太,小久智,,1,1:31.3,39.1,7-7-4-3,1,487,6
2023/12/26,浦和,6,クライマックスリレーｉｎ浦和賞Ｃ１四,1400,ダ,左,良,晴,11,7,8,ヨドノストロング,牡,3,56.0,515,20,森泰斗,平山真,,2,1:31.8,39.8,5-5-2-2,2,515,20
2023/12/26,浦和,6,クライマックスリレーｉｎ浦和賞Ｃ１四,1400,ダ,左,良,晴,11,7,9,ライヴガーネット,牝,4,54.0,474,4,澤田龍,工藤伸,,3,1:32.0,40.1,3-3-1-1,4,474,4
2023/12/26,浦和,6,クライマックスリレーｉｎ浦和賞Ｃ１四,1400,ダ,左,良,晴,11,5,5,ロードオブイサチル,牝,6,54.0,485,-14,町田直,宇野博,,4,1:32.8,40.4,10-9-7-5,6,485,-14
2023/12/26,浦和,6,クライマックスリレーｉｎ浦和賞Ｃ１四,1400,ダ,左,良,晴,11,8,11,アンニンドウフ,牡,3,56.0,485,9,篠谷葵,玉井昇,,5,1:32.9,40.0,11-10-9-7,5,485,9
2023/12/26,浦和,6,クライマックスリレーｉｎ浦和賞Ｃ１四,1400,ダ,左,良,晴,11,1,1,ビタースマイル,牝,4,54.0,463,5,落合玄,水野貴,,6,1:33.0,40.8,6-6-6-4,3,463,5
2023/12/26,浦和,6,クライマックスリレーｉｎ浦和賞Ｃ１四,1400,ダ,左,良,晴,11,3,3,メイショウポルポ,牡,6,56.0,446,-15,張田昂,宇野博,,7,1:34.2,41.5,8-8-10-8,8,446,-15
2023/12/26,浦和,6,クライマックスリレーｉｎ浦和賞Ｃ１四,1400,ダ,左,良,晴,11,8,10,エムリエール,牡,4,56.0,466,0,山中悠,小澤宏,,8,1:34.3,42.4,2-2-3-6,7,466,0
2023/12/26,浦和,6,クライマックスリレーｉｎ浦和賞Ｃ１四,1400,ダ,左,良,晴,11,4,4,レオズソーダライト,牝,7,54.0,472,16,福原杏,平山真,,9,1:35.8,43.6,4-4-8-9,9,472,16
2023/12/26,浦和,6,クライマックスリレーｉｎ浦和賞Ｃ１四,1400,ダ,左,良,晴,11,6,7,オーデンミカ,牝,3,52.0,451,-10,木間龍,玉井昇,,10,1:36.4,44.6,1-1-5-10,10,451,-10
2023/12/26,浦和,6,クライマックスリレーｉｎ浦和賞Ｃ１四,1400,ダ,左,良,晴,11,2,2,ダプネマリン,牝,3,54.0,424,4,秋元耕,入口由,,11,1:36.4,42.9,9-11-11-11,11,424,4
2023/12/26,浦和,7,川越藩のお蔵米記念Ｃ３一 二,1400,ダ,左,良,晴,10,7,7,ラキエストバイオ,牝,7,54.0,471,3,森泰斗,新井清,,1,1:32.7,39.8,3-3-3-2,1,471,3
2023/12/26,浦和,7,川越藩のお蔵米記念Ｃ３一 二,1400,ダ,左,良,晴,10,4,4,レジュールウール,牝,5,54.0,471,13,落合玄,野口寛,,2,1:33.2,40.4,2-2-2-3,4,471,13
2023/12/26,浦和,7,川越藩のお蔵米記念Ｃ３一 二,1400,ダ,左,良,晴,10,6,6,フォースチルドレン,牡,4,56.0,516,7,橋本直,平山真,,3,1:33.2,40.6,1-1-1-1,2,516,7
2023/12/26,浦和,7,川越藩のお蔵米記念Ｃ３一 二,1400,ダ,左,良,晴,10,2,2,ゲットデザイアー,牝,4,52.0,461,1,及川烈,箕輪武,,4,1:33.4,40.3,5-6-4-4,5,461,1
2023/12/26,浦和,7,川越藩のお蔵米記念Ｃ３一 二,1400,ダ,左,良,晴,10,8,9,ミッドナイトブルー,牝,4,54.0,444,7,内田利,横山保,,5,1:33.6,39.5,8-8-7-7,6,444,7
2023/12/26,浦和,7,川越藩のお蔵米記念Ｃ３一 二,1400,ダ,左,良,晴,10,8,10,タマモトレゾール,牡,4,56.0,526,10,半澤慶,川島豊,,6,1:34.0,39.7,7-9-8-8,7,526,10
2023/12/26,浦和,7,川越藩のお蔵米記念Ｃ３一 二,1400,ダ,左,良,晴,10,7,8,ハルノトゥーリ,牝,4,54.0,476,-6,岡田大,薮口一,,7,1:34.4,41.3,4-4-5-5,9,476,-6
2023/12/26,浦和,7,川越藩のお蔵米記念Ｃ３一 二,1400,ダ,左,良,晴,10,1,1,エンチャント,牝,4,53.0,433,1,七夕裕,平山真,,8,1:34.6,41.3,6-5-6-6,3,433,1
2023/12/26,浦和,7,川越藩のお蔵米記念Ｃ３一 二,1400,ダ,左,良,晴,10,3,3,サンボールダー,牝,4,54.0,496,4,保園翔,川村守,,9,1:35.0,40.4,10-10-10-9,8,496,4
2023/12/26,浦和,7,川越藩のお蔵米記念Ｃ３一 二,1400,ダ,左,良,晴,10,5,5,シェナダイオー,牡,4,56.0,553,10,國分祐,冨田敏,,10,1:37.2,42.9,9-7-9-10,10,553,10
2023/12/26,浦和,8,新１万円札発行記念『渋沢栄一』Ｃ３一 二,1500,ダ,左,良,晴,10,7,8,フォガラ,牝,6,54.0,468,11,保園翔,小久智,,1,1:39.2,40.2,5-5-1-1,1,468,11
2023/12/26,浦和,8,新１万円札発行記念『渋沢栄一』Ｃ３一 二,1500,ダ,左,良,晴,10,8,9,サンライズテソロ,牡,5,56.0,457,-12,半澤慶,川島豊,,2,1:39.9,40.7,7-6-5-2,3,457,-12
2023/12/26,浦和,8,新１万円札発行記念『渋沢栄一』Ｃ３一 二,1500,ダ,左,良,晴,10,5,5,シンキングロマンス,牝,4,54.0,454,8,岡田大,川村守,,3,1:40.9,42.0,3-3-1-3,4,454,8
2023/12/26,浦和,8,新１万円札発行記念『渋沢栄一』Ｃ３一 二,1500,ダ,左,良,晴,10,6,6,マリアフィナーレ,牝,6,54.0,446,-8,見越彬,小林真,,4,1:41.7,42.7,4-4-6-6,9,446,-8
2023/12/26,浦和,8,新１万円札発行記念『渋沢栄一』Ｃ３一 二,1500,ダ,左,良,晴,10,4,4,アナハ,牝,6,50.0,417,3,中島良,川島豊,,5,1:41.8,41.8,9-8-8-8,7,417,3
2023/12/26,浦和,8,新１万円札発行記念『渋沢栄一』Ｃ３一 二,1500,ダ,左,良,晴,10,2,2,フリュート,セ,0,56.0,516,14,高橋哲,水野貴,,6,1:42.1,43.2,2-2-4-4,2,516,14
2023/12/26,浦和,8,新１万円札発行記念『渋沢栄一』Ｃ３一 二,1500,ダ,左,良,晴,10,8,10,アグリシュブール,牡,4,56.0,492,3,秋元耕,薮口一,,7,1:42.1,41.6,8-9-10-10,6,492,3
2023/12/26,浦和,8,新１万円札発行記念『渋沢栄一』Ｃ３一 二,1500,ダ,左,良,晴,10,3,3,キモンズラブ,牝,9,54.0,457,-1,藤江渉,冨田敏,,8,1:42.5,43.0,6-7-7-7,10,457,-1
2023/12/26,浦和,8,新１万円札発行記念『渋沢栄一』Ｃ３一 二,1500,ダ,左,良,晴,10,7,7,マッシュブライト,牝,5,54.0,480,8,橋本直,酒井一,,9,1:42.5,42.0,10-10-9-9,8,480,8
2023/12/26,浦和,8,新１万円札発行記念『渋沢栄一』Ｃ３一 二,1500,ダ,左,良,晴,10,1,1,マルノコウキ,牡,4,54.0,525,-2,室陽一,川村守,,10,1:42.7,43.8,1-1-1-5,5,525,-2
2023/12/26,浦和,9,ノースポール特別Ｃ２一,1500,ダ,左,良,晴,9,8,8,ダイヤモンドビーチ,牡,3,58.0,459,5,森泰斗,水野貴,,1,1:39.9,39.5,3-2-2-1,1,459,5
2023/12/26,浦和,9,ノースポール特別Ｃ２一,1500,ダ,左,良,晴,9,8,9,スターハッスル,牡,3,56.0,474,13,福原杏,小澤宏,,2,1:40.3,39.8,4-3-3-2,5,474,13
2023/12/26,浦和,9,ノースポール特別Ｃ２一,1500,ダ,左,良,晴,9,3,3,ミーティアカフェ,牝,5,53.0,478,-2,七夕裕,箕輪武,,3,1:40.8,40.1,9-9-4-3,2,478,-2
2023/12/26,浦和,9,ノースポール特別Ｃ２一,1500,ダ,左,良,晴,9,4,4,ヤマタケコーチャン,牡,4,56.0,439,0,高橋哲,水野貴,,4,1:40.8,40.1,5-5-5-5,6,439,0
2023/12/26,浦和,9,ノースポール特別Ｃ２一,1500,ダ,左,良,晴,9,7,7,ジャングルタキオン,セ,0,56.0,490,-7,落合玄,野口孝,,5,1:41.0,39.9,7-8-8-8,9,490,-7
2023/12/26,浦和,9,ノースポール特別Ｃ２一,1500,ダ,左,良,晴,9,5,5,アパラギ,牝,3,52.0,443,9,室陽一,酒井一,,6,1:41.5,40.2,8-7-7-6,4,443,9
2023/12/26,浦和,9,ノースポール特別Ｃ２一,1500,ダ,左,良,晴,9,6,6,ユウユウグリュック,牝,6,50.0,436,1,中島良,横山保,,7,1:42.0,41.9,1-1-1-4,3,436,1
2023/12/26,浦和,9,ノースポール特別Ｃ２一,1500,ダ,左,良,晴,9,1,1,イチジン,牡,6,56.0,462,1,加藤和,長谷忍,,8,1:42.1,41.3,6-6-6-7,8,462,1
2023/12/26,浦和,9,ノースポール特別Ｃ２一,1500,ダ,左,良,晴,9,2,2,クウェンヤ,牝,5,54.0,403,0,半澤慶,工藤伸,,9,1:45.1,44.1,2-4-9-9,7,403,0
2023/12/26,浦和,10,山羊座特別Ｃ１一,1500,ダ,左,良,晴,12,6,7,オデンシタ,牡,3,56.0,467,7,森泰斗,野口寛,,1,1:38.3,38.9,10-8-5-4,2,467,7
2023/12/26,浦和,10,山羊座特別Ｃ１一,1500,ダ,左,良,晴,12,8,12,イデアミラーグロ,牡,3,57.0,498,0,七夕裕,岡田一,,2,1:38.5,40.7,2-2-1-1,1,498,0
2023/12/26,浦和,10,山羊座特別Ｃ１一,1500,ダ,左,良,晴,12,4,4,ブルーインサニティ,セ,0,56.0,516,4,半澤慶,工藤伸,,3,1:38.8,40.2,5-5-4-3,5,516,4
2023/12/26,浦和,10,山羊座特別Ｃ１一,1500,ダ,左,良,晴,12,7,10,マスクドサムライ,牡,4,56.0,501,4,篠谷葵,藤原智,,4,1:39.0,41.2,1-1-1-2,3,501,4
2023/12/26,浦和,10,山羊座特別Ｃ１一,1500,ダ,左,良,晴,12,6,8,アルティスタエース,牡,8,56.0,489,15,福原杏,繁田健,,5,1:39.7,41.7,4-3-3-5,6,489,15
2023/12/26,浦和,10,山羊座特別Ｃ１一,1500,ダ,左,良,晴,12,5,6,クルールドソレイユ,牝,4,54.0,446,5,落合玄,工藤伸,,6,1:40.2,40.5,7-7-8-7,8,446,5
2023/12/26,浦和,10,山羊座特別Ｃ１一,1500,ダ,左,良,晴,12,8,11,リッキオ,牡,4,56.0,483,1,見越彬,薮口一,,7,1:40.4,40.1,8-9-10-9,7,483,1
2023/12/26,浦和,10,山羊座特別Ｃ１一,1500,ダ,左,良,晴,12,3,3,バトルオサンナ,牝,9,54.0,439,-9,橋本直,入口由,,8,1:40.6,39.7,12-12-11-11,9,439,-9
2023/12/26,浦和,10,山羊座特別Ｃ１一,1500,ダ,左,良,晴,12,5,5,ナムラタイガー,牡,6,56.0,538,5,吉留孝,箕輪武,,9,1:41.2,40.9,11-10-9-10,12,538,5
2023/12/26,浦和,10,山羊座特別Ｃ１一,1500,ダ,左,良,晴,12,2,2,アマゴ,牝,4,54.0,462,-1,保園翔,箕輪武,,10,1:41.3,42.1,6-6-6-8,11,462,-1
2023/12/26,浦和,10,山羊座特別Ｃ１一,1500,ダ,左,良,晴,12,1,1,ユーアーマイソウル,牡,6,56.0,494,-18,秋元耕,入口由,,11,1:41.4,42.4,3-4-7-6,4,494,-18
2023/12/26,浦和,10,山羊座特別Ｃ１一,1500,ダ,左,良,晴,12,7,9,ニシノムネヲウツ,牡,4,56.0,501,3,國分祐,冨田敏,,,,,9-11,10,501,3
2023/12/26,浦和,11,春待月特別Ｂ１二Ｂ２一,1400,ダ,左,良,晴,8,7,7,グレートジャーニー,牡,3,57.0,484,5,本橋孝,小久智,,1,1:31.3,38.3,2-2-2-1,1,484,5
2023/12/26,浦和,11,春待月特別Ｂ１二Ｂ２一,1400,ダ,左,良,晴,8,5,5,エリオット,牡,5,55.0,545,3,山中悠,宇野博,,2,1:31.6,38.6,1-1-1-2,5,545,3
2023/12/26,浦和,11,春待月特別Ｂ１二Ｂ２一,1400,ダ,左,良,晴,8,4,4,ダイリュウボーラー,牡,7,57.0,458,4,落合玄,繁田健,,3,1:31.8,38.2,6-6-6-4,3,458,4
2023/12/26,浦和,11,春待月特別Ｂ１二Ｂ２一,1400,ダ,左,良,晴,8,3,3,ゾディアックレーヴ,牡,5,55.0,485,2,町田直,矢野義,,4,1:32.0,39.0,4-4-3-3,2,485,2
2023/12/26,浦和,11,春待月特別Ｂ１二Ｂ２一,1400,ダ,左,良,晴,8,2,2,アイゴールド,牝,3,54.0,483,6,秋元耕,岡田一,,5,1:32.4,38.8,3-3-7-5,4,483,6
2023/12/26,浦和,11,春待月特別Ｂ１二Ｂ２一,1400,ダ,左,良,晴,8,8,8,セイウンパワフル,牡,6,53.0,504,12,中島良,川島豊,,6,1:32.5,39.5,5-5-4-6,8,504,12
2023/12/26,浦和,11,春待月特別Ｂ１二Ｂ２一,1400,ダ,左,良,晴,8,1,1,グッドラックサマー,牡,9,57.0,573,8,保園翔,川島豊,,7,1:32.6,39.0,7-8-8-7,7,573,8
2023/12/26,浦和,11,春待月特別Ｂ１二Ｂ２一,1400,ダ,左,良,晴,8,6,6,ワンダーイチョウ,牡,5,55.0,503,10,室陽一,鈴木勝,,8,1:32.7,39.4,8-7-5-8,6,503,10
2023/12/26,浦和,12,ファイナルドリーム特別Ｂ３一,1400,ダ,左,良,晴,12,5,6,ブルグミューラー,牡,3,56.0,479,-3,張田昂,小久智,,1,1:30.4,39.2,4-4-1-1,1,479,-3
2023/12/26,浦和,12,ファイナルドリーム特別Ｂ３一,1400,ダ,左,良,晴,12,7,10,デザートウインド,牝,3,54.0,521,4,秋元耕,藤原智,,2,1:30.7,39.5,11-8-1-2,4,521,4
2023/12/26,浦和,12,ファイナルドリーム特別Ｂ３一,1400,ダ,左,良,晴,12,4,4,ダイバオーソ,牡,5,56.0,463,-1,藤江渉,箕輪武,,3,1:30.8,38.9,7-7-9-8,2,463,-1
2023/12/26,浦和,12,ファイナルドリーム特別Ｂ３一,1400,ダ,左,良,晴,12,7,9,デヴィルズマーブル,セ,0,55.0,482,12,七夕裕,平山真,,4,1:30.9,39.0,9-9-8-5,10,482,12
2023/12/26,浦和,12,ファイナルドリーム特別Ｂ３一,1400,ダ,左,良,晴,12,8,11,エスケントバゴ,牡,4,56.0,457,5,半澤慶,平山真,,5,1:31.2,39.7,5-5-6-3,9,457,5
2023/12/26,浦和,12,ファイナルドリーム特別Ｂ３一,1400,ダ,左,良,晴,12,6,8,メイストーム,牡,5,56.0,499,9,福原杏,水野貴,,6,1:31.9,40.4,6-6-5-6,6,499,9
2023/12/26,浦和,12,ファイナルドリーム特別Ｂ３一,1400,ダ,左,良,晴,12,8,12,オーケーパッション,牝,5,54.0,506,0,落合玄,小久智,,7,1:32.2,41.0,1-1-4-4,3,506,0
2023/12/26,浦和,12,ファイナルドリーム特別Ｂ３一,1400,ダ,左,良,晴,12,3,3,デルタ,牝,6,54.0,468,8,内田利,鹿沼和,,8,1:32.9,41.5,2-3-7-9,7,468,8
2023/12/26,浦和,12,ファイナルドリーム特別Ｂ３一,1400,ダ,左,良,晴,12,6,7,ブルーローズ,牝,7,54.0,456,6,國分祐,野口孝,,9,1:33.2,41.0,10-11-11-10,12,456,6
2023/12/26,浦和,12,ファイナルドリーム特別Ｂ３一,1400,ダ,左,良,晴,12,1,1,コスモモカ,牝,3,52.0,451,-2,及川烈,吉田正,,10,1:33.3,41.2,12-12-10-11,8,451,-2
2023/12/26,浦和,12,ファイナルドリーム特別Ｂ３一,1400,ダ,左,良,晴,12,5,5,ブラックアピス,牡,5,56.0,502,11,森泰斗,水野貴,,11,1:33.3,42.1,3-2-3-7,5,502,11
2023/12/26,浦和,12,ファイナルドリーム特別Ｂ３一,1400,ダ,左,良,晴,12,2,2,セイウンシデン,牡,4,56.0,516,-6,岡田大,冨田敏,,12,1:33.6,41.4,8-10-12-12,11,516,-6
