race_date,venue,race_no,race_name,distance,surface,direction,track_cond,weather,field_size,waku,horse_no,horse_name,sex,age,weight_carried,horse_weight,weight_change,jockey,trainer,win_odds,finish_position,finish_time,last_3f,passage_rate,popularity,result_weight,result_weight_change
2025/01/07,浦和,1,初当たり賞３歳三,1400,ダ,左,重,曇,12,5,5,クラパッション,牝,3,54.0,467,-5,山崎誠,藤原智,,1,1:31.2,40.0,1-1-1-1,8,467,-5
2025/01/07,浦和,1,初当たり賞３歳三,1400,ダ,左,重,曇,12,7,9,コスモカピタン,牡,3,56.0,448,2,野畑凌,水野貴,,2,1:31.5,40.1,3-3-2-2,2,448,2
2025/01/07,浦和,1,初当たり賞３歳三,1400,ダ,左,重,曇,12,8,12,ゴールドグラント,牝,3,54.0,468,4,和田譲,岩崎真,,3,1:31.9,40.4,5-5-4-5,5,468,4
2025/01/07,浦和,1,初当たり賞３歳三,1400,ダ,左,重,曇,12,4,4,パウダースノウ,牝,3,54.0,493,-3,張田昂,平山真,,4,1:32.0,40.6,4-4-4-3,6,493,-3
2025/01/07,浦和,1,初当たり賞３歳三,1400,ダ,左,重,曇,12,6,8,ゴールドキッド,牡,3,56.0,422,-3,室陽一,鹿沼和,,5,1:32.2,39.7,12-11-12-10,9,422,-3
2025/01/07,浦和,1,初当たり賞３歳三,1400,ダ,左,重,曇,12,5,6,ノーブルプラチナ,牡,3,56.0,541,0,福原杏,水野貴,,6,1:32.2,40.6,6-6-6-7,1,541,0
2025/01/07,浦和,1,初当たり賞３歳三,1400,ダ,左,重,曇,12,6,7,レッドディア,牝,3,54.0,417,1,落合玄,小久智,,7,1:32.4,41.0,2-2-3-4,3,417,1
2025/01/07,浦和,1,初当たり賞３歳三,1400,ダ,左,重,曇,12,1,1,オーデンオパール,牝,3,54.0,387,-3,秋元耕,薮口一,,8,1:32.4,40.3,8-9-9-6,12,387,-3
2025/01/07,浦和,1,初当たり賞３歳三,1400,ダ,左,重,曇,12,7,10,ハクシンドラゴン,セ,0,56.0,447,3,半澤慶,平山真,,9,1:32.5,40.7,9-8-7-8,10,447,3
2025/01/07,浦和,1,初当たり賞３歳三,1400,ダ,左,重,曇,12,2,2,オリエンタルマック,牡,3,56.0,461,1,藤本現,佐々功,,10,1:32.7,40.6,10-10-10-9,7,461,1
2025/01/07,浦和,1,初当たり賞３歳三,1400,ダ,左,重,曇,12,8,11,セオリーセンス,牡,3,56.0,463,-2,西啓太,野口寛,,11,1:33.2,41.5,7-7-8-11,11,463,-2
2025/01/07,浦和,1,初当たり賞３歳三,1400,ダ,左,重,曇,12,3,3,ツガノローマン,牝,3,54.0,452,11,加藤和,長谷忍,,12,1:33.6,41.0,11-12-11-12,4,452,11
2025/01/07,浦和,2,ランチタイムチャレンジＣ３八 九,1400,ダ,左,重,晴,12,5,6,トーセンイヴ,牝,7,54.0,440,2,和田譲,酒井一,,1,1:33.0,40.9,5-4-4-2,1,440,2
2025/01/07,浦和,2,ランチタイムチャレンジＣ３八 九,1400,ダ,左,重,晴,12,7,10,スクリームイーグル,セ,0,56.0,447,-8,臼井健,佐々功,,2,1:33.3,41.3,3-3-1-1,6,447,-8
2025/01/07,浦和,2,ランチタイムチャレンジＣ３八 九,1400,ダ,左,重,晴,12,5,5,ビュヴォン,牡,7,56.0,514,-3,阿部龍,長谷忍,,3,1:34.2,40.2,12-10-11-10,9,514,-3
2025/01/07,浦和,2,ランチタイムチャレンジＣ３八 九,1400,ダ,左,重,晴,12,7,9,イチゴショート,牝,7,54.0,426,4,保園翔,川村守,,4,1:34.2,42.1,7-7-2-3,3,426,4
2025/01/07,浦和,2,ランチタイムチャレンジＣ３八 九,1400,ダ,左,重,晴,12,2,2,スモモモモモモモモ,牝,7,54.0,421,1,秋元耕,小林真,,5,1:34.4,42.4,1-1-4-6,5,421,1
2025/01/07,浦和,2,ランチタイムチャレンジＣ３八 九,1400,ダ,左,重,晴,12,6,8,アミン,牝,8,54.0,481,5,國分祐,冨田敏,,6,1:34.4,42.2,6-6-6-5,10,481,5
2025/01/07,浦和,2,ランチタイムチャレンジＣ３八 九,1400,ダ,左,重,晴,12,1,1,キミノナハ,牝,7,54.0,465,3,加藤和,長谷忍,,7,1:34.5,42.1,8-8-8-7,8,465,3
2025/01/07,浦和,2,ランチタイムチャレンジＣ３八 九,1400,ダ,左,重,晴,12,8,12,ファーマスター,牝,7,54.0,454,-1,見越彬,小林真,,8,1:34.5,41.7,9-9-9-8,11,454,-1
2025/01/07,浦和,2,ランチタイムチャレンジＣ３八 九,1400,ダ,左,重,晴,12,4,4,サンテルノ,牡,8,55.0,506,2,木間龍,新井清,,9,1:34.5,42.5,2-2-3-4,2,506,2
2025/01/07,浦和,2,ランチタイムチャレンジＣ３八 九,1400,ダ,左,重,晴,12,8,11,デイドリーミン,牝,7,54.0,477,4,半澤慶,入口由,,10,1:35.0,42.9,4-5-7-9,7,477,4
2025/01/07,浦和,2,ランチタイムチャレンジＣ３八 九,1400,ダ,左,重,晴,12,6,7,ハロートゥーユー,牝,7,54.0,480,-2,新原周,高橋宏,,11,1:35.2,40.8,11-12-10-11,4,480,-2
2025/01/07,浦和,2,ランチタイムチャレンジＣ３八 九,1400,ダ,左,重,晴,12,3,3,ユウユウリアン,牡,9,56.0,438,8,赤津和,薮口一,,12,1:36.6,42.4,10-11-12-12,12,438,8
2025/01/07,浦和,3,Ｃ３八 九,1400,ダ,左,重,晴,11,6,6,ハーモニージョーイ,牡,8,56.0,476,-1,岡村健,新井清,,1,1:31.3,39.3,1-1-1-1,1,476,-1
2025/01/07,浦和,3,Ｃ３八 九,1400,ダ,左,重,晴,11,1,1,トリニタリアニズム,牡,7,56.0,517,0,山崎誠,野口孝,,2,1:31.8,39.4,4-4-3-2,2,517,0
2025/01/07,浦和,3,Ｃ３八 九,1400,ダ,左,重,晴,11,5,5,マジェスティアスク,牝,7,51.0,476,-7,加藤雄,山崎尋,,3,1:32.3,39.6,8-7-6-4,3,476,-7
2025/01/07,浦和,3,Ｃ３八 九,1400,ダ,左,重,晴,11,4,4,セキレイオペラ,牡,6,53.0,480,-6,千野稜,川村守,,4,1:32.6,40.4,5-3-2-3,6,480,-6
2025/01/07,浦和,3,Ｃ３八 九,1400,ダ,左,重,晴,11,6,7,マッシュブライト,牝,7,54.0,491,6,岡田大,酒井一,,5,1:33.3,40.2,10-10-8-6,5,491,6
2025/01/07,浦和,3,Ｃ３八 九,1400,ダ,左,重,晴,11,3,3,エンチャント,牝,6,54.0,442,-7,半澤慶,平山真,,6,1:33.7,41.3,6-5-5-5,7,442,-7
2025/01/07,浦和,3,Ｃ３八 九,1400,ダ,左,重,晴,11,8,10,ジニアズウィッシュ,牝,9,54.0,477,-8,七夕裕,小林真,,7,1:34.3,42.1,2-2-4-7,9,477,-8
2025/01/07,浦和,3,Ｃ３八 九,1400,ダ,左,重,晴,11,2,2,エメラルスマイル,牝,7,54.0,447,3,山本紀,佐々清,,8,1:34.4,41.7,3-6-7-8,4,447,3
2025/01/07,浦和,3,Ｃ３八 九,1400,ダ,左,重,晴,11,7,9,パルメニデス,牡,6,56.0,433,3,福原杏,長谷忍,,9,1:34.4,41.1,11-11-10-9,8,433,3
2025/01/07,浦和,3,Ｃ３八 九,1400,ダ,左,重,晴,11,8,11,シェナダイオー,牡,6,56.0,547,2,國分祐,冨田敏,,10,1:36.5,43.2,9-9-11-10,10,547,2
2025/01/07,浦和,3,Ｃ３八 九,1400,ダ,左,重,晴,11,7,8,ロンドンブルース,牝,5,52.0,418,6,中島良,小林真,,11,1:38.2,45.3,7-8-9-11,11,418,6
2025/01/07,浦和,4,浦和８００ラウンド３歳選抜馬,800,ダ,左,重,晴,8,6,6,アサガオ,牡,3,56.0,479,9,落合玄,繁田健,,1,0:47.6,35.6,1-1,1,479,9
2025/01/07,浦和,4,浦和８００ラウンド３歳選抜馬,800,ダ,左,重,晴,8,1,1,シェナウエーブ,牡,3,55.0,467,-5,吉留孝,吉田正,,2,0:47.9,35.5,4-2,4,467,-5
2025/01/07,浦和,4,浦和８００ラウンド３歳選抜馬,800,ダ,左,重,晴,8,8,8,アンバードレス,牝,3,53.0,469,-5,木間龍,酒井一,,3,0:48.1,35.7,2-3,2,469,-5
2025/01/07,浦和,4,浦和８００ラウンド３歳選抜馬,800,ダ,左,重,晴,8,3,3,シェナアップル,牡,3,56.0,513,-3,國分祐,冨田敏,,4,0:49.3,35.9,5-5,5,513,-3
2025/01/07,浦和,4,浦和８００ラウンド３歳選抜馬,800,ダ,左,重,晴,8,4,4,シナモンポップ,牝,3,54.0,480,19,秋元耕,海馬司,,5,0:49.4,36.0,6-6,3,480,19
2025/01/07,浦和,4,浦和８００ラウンド３歳選抜馬,800,ダ,左,重,晴,8,7,7,リバーフロント,牝,3,53.0,430,-1,半澤慶,藤原智,,6,0:49.8,37.6,3-4,6,430,-1
2025/01/07,浦和,4,浦和８００ラウンド３歳選抜馬,800,ダ,左,重,晴,8,5,5,ボーンレディ,牝,3,53.0,450,-1,臼井健,酒井一,,7,0:51.7,37.9,7-7,8,450,-1
2025/01/07,浦和,4,浦和８００ラウンド３歳選抜馬,800,ダ,左,重,晴,8,2,2,ミラクルオブライフ,セ,0,55.0,474,-4,赤津和,水野貴,,8,0:56.5,41.3,8-8,7,474,-4
2025/01/07,浦和,5,特選３歳二,1500,ダ,左,重,晴,12,7,10,レーザースペックル,牡,3,56.0,471,-5,和田譲,山崎尋,,1,1:37.8,38.7,3-3-2-1,3,471,-5
2025/01/07,浦和,5,特選３歳二,1500,ダ,左,重,晴,12,6,7,シトラスフレイバー,牡,3,56.0,439,-5,笹川翼,繁田健,,2,1:37.9,38.8,1-1-1-2,2,439,-5
2025/01/07,浦和,5,特選３歳二,1500,ダ,左,重,晴,12,8,12,スーパーロゴ,牡,3,56.0,471,-1,川島正,山下之,,3,1:38.5,39.2,6-4-4-3,4,471,-1
2025/01/07,浦和,5,特選３歳二,1500,ダ,左,重,晴,12,1,1,サヨノゴーステッド,牡,3,56.0,538,2,矢野貴,工藤伸,,4,1:39.3,39.5,7-9-9-4,1,538,2
2025/01/07,浦和,5,特選３歳二,1500,ダ,左,重,晴,12,4,4,ネライウチ,牡,3,56.0,476,-7,山崎誠,齊藤敏,,5,1:40.0,40.4,8-8-6-5,7,476,-7
2025/01/07,浦和,5,特選３歳二,1500,ダ,左,重,晴,12,5,6,ディープレゼント,牝,3,54.0,431,-3,落合玄,小澤宏,,6,1:40.5,40.9,5-6-5-7,5,431,-3
2025/01/07,浦和,5,特選３歳二,1500,ダ,左,重,晴,12,6,8,ダイバヤタガラス,セ,0,56.0,460,-3,阿部龍,箕輪武,,7,1:40.8,41.7,2-2-3-6,8,460,-3
2025/01/07,浦和,5,特選３歳二,1500,ダ,左,重,晴,12,3,3,モーニングタンポポ,牝,3,54.0,414,-6,七夕裕,箕輪武,,8,1:41.2,41.2,11-10-10-9,6,414,-6
2025/01/07,浦和,5,特選３歳二,1500,ダ,左,重,晴,12,2,2,ユウユウキーン,牝,3,54.0,441,-1,保園翔,入口由,,9,1:41.6,41.0,12-12-12-11,12,441,-1
2025/01/07,浦和,5,特選３歳二,1500,ダ,左,重,晴,12,7,9,ベネディット,牝,3,54.0,475,-2,見越彬,小久智,,10,1:41.9,42.3,4-5-8-10,9,475,-2
2025/01/07,浦和,5,特選３歳二,1500,ダ,左,重,晴,12,8,11,ワンダーリーグ,牡,3,56.0,485,4,高橋哲,鈴木勝,,11,1:42.0,42.4,9-7-7-8,10,485,4
2025/01/07,浦和,5,特選３歳二,1500,ダ,左,重,晴,12,5,5,パンプルミュゼ,牡,3,53.0,403,1,千野稜,藤原智,,12,1:43.3,43.3,10-11-11-12,11,403,1
2025/01/07,浦和,6,特選Ｃ３ ４歳ア,1500,ダ,左,重,晴,12,1,1,ツェルニー,牝,4,54.0,439,-9,秋元耕,鹿沼和,,1,1:38.6,39.2,1-1-1-1,1,439,-9
2025/01/07,浦和,6,特選Ｃ３ ４歳ア,1500,ダ,左,重,晴,12,5,6,ユメデアエタラ,牡,4,56.0,471,-8,岡村健,平山真,,2,1:39.7,40.0,3-3-2-2,2,471,-8
2025/01/07,浦和,6,特選Ｃ３ ４歳ア,1500,ダ,左,重,晴,12,4,4,カリプソ,牝,4,51.0,422,-9,千野稜,内野健,,3,1:40.8,40.6,5-5-5-4,3,422,-9
2025/01/07,浦和,6,特選Ｃ３ ４歳ア,1500,ダ,左,重,晴,12,8,12,レゲエフレイバー,牡,4,56.0,453,-3,野畑凌,繁田健,,4,1:40.9,40.9,4-7-3-3,4,453,-3
2025/01/07,浦和,6,特選Ｃ３ ４歳ア,1500,ダ,左,重,晴,12,5,5,ロゴサウンド,牡,4,56.0,505,-3,吉留孝,海馬司,,5,1:41.3,40.8,9-8-7-5,5,505,-3
2025/01/07,浦和,6,特選Ｃ３ ４歳ア,1500,ダ,左,重,晴,12,7,10,クロゴウ,牝,4,54.0,444,9,室陽一,吉田正,,6,1:41.9,41.0,8-10-8-8,8,444,9
2025/01/07,浦和,6,特選Ｃ３ ４歳ア,1500,ダ,左,重,晴,12,2,2,クロイバラ,牝,4,54.0,442,1,半澤慶,入口由,,7,1:41.9,42.1,2-2-4-6,7,442,1
2025/01/07,浦和,6,特選Ｃ３ ４歳ア,1500,ダ,左,重,晴,12,6,8,ティーズウィッシュ,牡,4,56.0,522,-1,福原杏,海馬司,,8,1:41.9,41.7,7-6-6-7,6,522,-1
2025/01/07,浦和,6,特選Ｃ３ ４歳ア,1500,ダ,左,重,晴,12,8,11,マーチオブタイム,牡,4,56.0,508,0,藤江渉,酒井一,,9,1:42.7,41.7,12-12-9-10,10,508,0
2025/01/07,浦和,6,特選Ｃ３ ４歳ア,1500,ダ,左,重,晴,12,7,9,ギガフォルス,牡,4,56.0,472,8,岡田大,薮口一,,10,1:42.8,41.9,10-9-11-9,12,472,8
2025/01/07,浦和,6,特選Ｃ３ ４歳ア,1500,ダ,左,重,晴,12,6,7,ソルトミル,牝,4,54.0,424,-5,加藤和,入口由,,11,1:42.9,41.7,11-11-12-12,11,424,-5
2025/01/07,浦和,6,特選Ｃ３ ４歳ア,1500,ダ,左,重,晴,12,3,3,ミシェルエルクール,牝,4,52.0,488,6,中島良,小澤宏,,12,1:43.9,43.2,6-4-10-11,9,488,6
2025/01/07,浦和,7,Ｃ３六 七,1500,ダ,左,重,晴,11,1,1,ソジュン,牡,7,57.0,549,-5,笹川翼,新井清,,1,1:39.4,39.1,1-1-1-1,1,549,-5
2025/01/07,浦和,7,Ｃ３六 七,1500,ダ,左,重,晴,11,6,7,サンタモニカビーチ,牡,5,56.0,547,0,見越彬,川島豊,,2,1:40.0,39.5,6-5-2-2,2,547,0
2025/01/07,浦和,7,Ｃ３六 七,1500,ダ,左,重,晴,11,2,2,マルノアンナ,牝,6,54.0,450,0,室陽一,川村守,,3,1:41.2,40.5,4-4-4-3,5,450,0
2025/01/07,浦和,7,Ｃ３六 七,1500,ダ,左,重,晴,11,7,8,シーオブクラウズ,牡,7,56.0,492,2,落合玄,野口孝,,4,1:41.6,40.3,7-7-6-4,3,492,2
2025/01/07,浦和,7,Ｃ３六 七,1500,ダ,左,重,晴,11,3,3,ビーチガール,牝,5,54.0,437,-4,七夕裕,小林真,,5,1:41.8,40.0,9-9-8-6,8,437,-4
2025/01/07,浦和,7,Ｃ３六 七,1500,ダ,左,重,晴,11,8,10,シェナカンザシ,牝,5,54.0,470,-5,國分祐,冨田敏,,6,1:42.2,40.2,8-8-10-8,10,470,-5
2025/01/07,浦和,7,Ｃ３六 七,1500,ダ,左,重,晴,11,8,11,ケイティーユイ,牝,7,54.0,455,1,高橋哲,水野貴,,7,1:42.3,41.8,3-3-3-5,4,455,1
2025/01/07,浦和,7,Ｃ３六 七,1500,ダ,左,重,晴,11,6,6,プレミアムプリモ,牝,8,54.0,496,0,岡村健,平山真,,8,1:42.4,41.3,5-6-7-7,6,496,0
2025/01/07,浦和,7,Ｃ３六 七,1500,ダ,左,重,晴,11,7,9,モーニングアイリス,牝,5,54.0,421,-2,阿部龍,長谷忍,,9,1:42.6,40.3,10-10-9-9,9,421,-2
2025/01/07,浦和,7,Ｃ３六 七,1500,ダ,左,重,晴,11,5,5,ベニノエンゼル,牝,8,54.0,438,5,笠野雄,海馬司,,10,1:45.1,44.6,2-2-5-10,7,438,5
2025/01/07,浦和,7,Ｃ３六 七,1500,ダ,左,重,晴,11,4,4,サンライズテソロ,牡,7,56.0,0,0,半澤慶,川島豊,,,,,,,0,0
2025/01/07,浦和,8,浦和エイトチャレンジＣ３六 七,1400,ダ,左,重,晴,12,4,4,ツーエムタイガー,牡,7,56.0,466,-2,山中悠,田中力,,1,1:30.4,39.0,1-1-1-1,3,466,-2
2025/01/07,浦和,8,浦和エイトチャレンジＣ３六 七,1400,ダ,左,重,晴,12,7,10,ヨドノホマレ,セ,0,56.0,490,0,岡村健,平山真,,2,1:33.1,41.5,3-2-2-2,4,490,0
2025/01/07,浦和,8,浦和エイトチャレンジＣ３六 七,1400,ダ,左,重,晴,12,6,8,グローリアスフィル,牝,8,54.0,469,-1,張田昂,新井清,,3,1:33.4,41.2,5-4-3-3,1,469,-1
2025/01/07,浦和,8,浦和エイトチャレンジＣ３六 七,1400,ダ,左,重,晴,12,5,5,カミヤガルーラ,牡,7,56.0,469,-6,内田利,内野健,,4,1:33.5,41.0,7-6-5-4,5,469,-6
2025/01/07,浦和,8,浦和エイトチャレンジＣ３六 七,1400,ダ,左,重,晴,12,3,3,インベンション,牝,5,51.0,455,7,千野稜,長谷忍,,5,1:33.6,41.1,4-5-7-5,10,455,7
2025/01/07,浦和,8,浦和エイトチャレンジＣ３六 七,1400,ダ,左,重,晴,12,8,12,ケイアイマボラ,牡,8,56.0,478,1,室陽一,川村守,,6,1:33.9,40.0,11-11-11-10,7,478,1
2025/01/07,浦和,8,浦和エイトチャレンジＣ３六 七,1400,ダ,左,重,晴,12,8,11,ケラウノスカズ,牡,6,56.0,451,-1,西村栄,玉井昇,,7,1:34.2,41.3,10-10-9-7,8,451,-1
2025/01/07,浦和,8,浦和エイトチャレンジＣ３六 七,1400,ダ,左,重,晴,12,1,1,コスモヴェレッド,牡,6,56.0,488,9,福原杏,佐々清,,8,1:34.7,42.0,9-9-8-9,9,488,9
2025/01/07,浦和,8,浦和エイトチャレンジＣ３六 七,1400,ダ,左,重,晴,12,5,6,ステンノー,牝,5,54.0,483,1,秋元耕,小林真,,9,1:35.1,42.9,2-3-4-6,11,483,1
2025/01/07,浦和,8,浦和エイトチャレンジＣ３六 七,1400,ダ,左,重,晴,12,6,7,ワイキキビーチ,牡,5,56.0,457,1,笠野雄,海馬司,,10,1:35.1,42.2,8-8-10-11,6,457,1
2025/01/07,浦和,8,浦和エイトチャレンジＣ３六 七,1400,ダ,左,重,晴,12,2,2,タイシタモンダロ,牡,6,56.0,512,3,保園翔,川村守,,11,1:35.1,42.6,6-7-5-8,2,512,3
2025/01/07,浦和,8,浦和エイトチャレンジＣ３六 七,1400,ダ,左,重,晴,12,7,9,ストームシャドウ,牡,6,56.0,490,11,臼井健,佐々清,,12,1:36.7,40.6,12-12-12-12,12,490,11
2025/01/07,浦和,9,初詣特別Ｃ１三Ｃ２一,1400,ダ,左,重,晴,12,8,12,タロサンダー,牡,4,55.0,498,-2,落合玄,小久智,,1,1:30.2,40.6,3-1-2-1,1,498,-2
2025/01/07,浦和,9,初詣特別Ｃ１三Ｃ２一,1400,ダ,左,重,晴,12,3,3,エドノスマイル,セ,0,57.0,439,-3,張田昂,宇野博,,2,1:31.1,40.7,8-6-5-4,3,439,-3
2025/01/07,浦和,9,初詣特別Ｃ１三Ｃ２一,1400,ダ,左,重,晴,12,5,6,レディジャン,牝,6,55.0,463,6,矢野貴,川島一,,3,1:31.5,41.1,5-5-6-5,2,463,6
2025/01/07,浦和,9,初詣特別Ｃ１三Ｃ２一,1400,ダ,左,重,晴,12,2,2,カツゲキダイリン,牡,7,57.0,503,-4,達城龍,工藤伸,,4,1:31.5,40.7,7-8-7-6,4,503,-4
2025/01/07,浦和,9,初詣特別Ｃ１三Ｃ２一,1400,ダ,左,重,晴,12,4,4,ドナデュボア,牝,4,55.0,423,-2,菅原涼,藤原智,,5,1:31.5,41.5,4-4-3-3,10,423,-2
2025/01/07,浦和,9,初詣特別Ｃ１三Ｃ２一,1400,ダ,左,重,晴,12,6,7,フークリシャール,牡,6,55.0,506,6,山中悠,伊藤滋,,6,1:31.8,42.2,1-2-1-2,5,506,6
2025/01/07,浦和,9,初詣特別Ｃ１三Ｃ２一,1400,ダ,左,重,晴,12,1,1,クリイロ,牝,5,55.0,411,0,岡田大,内野健,,7,1:32.3,41.7,6-7-8-7,8,411,0
2025/01/07,浦和,9,初詣特別Ｃ１三Ｃ２一,1400,ダ,左,重,晴,12,8,11,カイトキング,牡,6,57.0,491,-2,野畑凌,水野貴,,8,1:32.7,42.9,2-3-4-9,6,491,-2
2025/01/07,浦和,9,初詣特別Ｃ１三Ｃ２一,1400,ダ,左,重,晴,12,7,10,オニバ,牡,4,56.0,480,0,木間龍,藤原智,,9,1:32.8,41.5,9-10-9-8,7,480,0
2025/01/07,浦和,9,初詣特別Ｃ１三Ｃ２一,1400,ダ,左,重,晴,12,7,9,パーパスポイント,セ,0,55.0,499,10,秋元耕,入口由,,10,1:33.2,41.1,11-11-11-11,9,499,10
2025/01/07,浦和,9,初詣特別Ｃ１三Ｃ２一,1400,ダ,左,重,晴,12,5,5,マニーブルース,牡,4,57.0,472,-2,半澤慶,川島豊,,11,1:33.4,41.9,10-9-10-10,11,472,-2
2025/01/07,浦和,9,初詣特別Ｃ１三Ｃ２一,1400,ダ,左,重,晴,12,6,8,ベストホリデー,牝,5,55.0,501,-3,高橋哲,鈴木勝,,12,1:33.6,41.5,12-12-12-12,12,501,-3
2025/01/07,浦和,10,開運特別Ｃ１二,1400,ダ,左,重,晴,12,3,3,ブレイヴルーラー,牡,6,56.0,540,-7,室陽一,横山保,,1,1:30.1,39.5,1-1-1-1,3,540,-7
2025/01/07,浦和,10,開運特別Ｃ１二,1400,ダ,左,重,晴,12,5,5,トーセンジェミニ,牝,5,54.0,431,-2,笹川翼,小久智,,2,1:31.0,40.0,5-6-3-2,1,431,-2
2025/01/07,浦和,10,開運特別Ｃ１二,1400,ダ,左,重,晴,12,2,2,ポンヌフ,牝,4,54.0,465,-3,落合玄,水野貴,,3,1:31.0,39.7,7-7-6-4,4,465,-3
2025/01/07,浦和,10,開運特別Ｃ１二,1400,ダ,左,重,晴,12,7,9,ジュンフカリ,牡,5,56.0,478,-6,加藤和,薮口一,,4,1:31.2,40.2,6-5-5-3,5,478,-6
2025/01/07,浦和,10,開運特別Ｃ１二,1400,ダ,左,重,晴,12,8,11,ラグーンプリンセス,牝,4,54.0,467,4,藤本現,箕輪武,,5,1:31.3,39.7,9-9-9-5,11,467,4
2025/01/07,浦和,10,開運特別Ｃ１二,1400,ダ,左,重,晴,12,1,1,ハクサントップ,牡,7,56.0,491,-3,本橋孝,森　始,,6,1:31.4,38.9,11-11-11-10,6,491,-3
2025/01/07,浦和,10,開運特別Ｃ１二,1400,ダ,左,重,晴,12,4,4,コンバットココ,牝,4,54.0,427,-2,野畑凌,工藤伸,,7,1:31.7,40.3,8-8-7-6,8,427,-2
2025/01/07,浦和,10,開運特別Ｃ１二,1400,ダ,左,重,晴,12,6,7,カプローニ,牝,4,54.0,445,-1,藤江渉,酒井一,,8,1:32.2,40.2,10-10-10-9,9,445,-1
2025/01/07,浦和,10,開運特別Ｃ１二,1400,ダ,左,重,晴,12,7,10,トコトコトッコトコ,牝,4,54.0,477,-6,和田譲,宇野博,,9,1:32.8,41.8,4-4-4-7,7,477,-6
2025/01/07,浦和,10,開運特別Ｃ１二,1400,ダ,左,重,晴,12,6,8,アイスノート,牝,4,54.0,473,-14,阿部龍,小久智,,10,1:33.3,42.5,3-2-2-8,10,473,-14
2025/01/07,浦和,10,開運特別Ｃ１二,1400,ダ,左,重,晴,12,5,6,ピュアアメリカン,牝,5,54.0,459,-7,福原杏,小澤宏,,11,1:35.2,44.4,2-3-8-11,2,459,-7
2025/01/07,浦和,10,開運特別Ｃ１二,1400,ダ,左,重,晴,12,8,12,レオズソーダライト,牝,9,54.0,0,0,半澤慶,海馬司,,,,,,,0,0
2025/01/07,浦和,11,初見月特別Ｂ３二,1500,ダ,左,重,晴,12,6,8,ハグレグモ,牡,4,56.0,523,3,福原杏,平山真,,1,1:37.0,39.3,5-5-2-1,1,523,3
2025/01/07,浦和,11,初見月特別Ｂ３二,1500,ダ,左,重,晴,12,2,2,ダイメイタマナ,牡,5,56.0,506,-2,吉留孝,野口孝,,2,1:37.7,40.6,1-1-1-2,2,506,-2
2025/01/07,浦和,11,初見月特別Ｂ３二,1500,ダ,左,重,晴,12,8,11,フューリアス,牡,7,56.0,480,10,山中悠,宇野博,,3,1:37.8,39.6,7-7-5-5,10,480,10
2025/01/07,浦和,11,初見月特別Ｂ３二,1500,ダ,左,重,晴,12,5,6,レッドヴァイス,セ,0,56.0,496,-10,藤本現,佐々功,,4,1:37.9,39.3,12-12-7-4,5,496,-10
2025/01/07,浦和,11,初見月特別Ｂ３二,1500,ダ,左,重,晴,12,5,5,ジェイケイファイン,セ,0,56.0,478,0,達城龍,水野貴,,5,1:37.9,39.9,6-6-4-3,11,478,0
2025/01/07,浦和,11,初見月特別Ｂ３二,1500,ダ,左,重,晴,12,3,3,アドミラブルエース,牡,6,56.0,495,16,笹川翼,繁田健,,6,1:38.1,39.7,8-8-8-6,7,495,16
2025/01/07,浦和,11,初見月特別Ｂ３二,1500,ダ,左,重,晴,12,7,10,ミッキーハッスル,セ,0,56.0,455,4,岡村健,林隆之,,7,1:39.2,40.4,9-9-10-8,12,455,4
2025/01/07,浦和,11,初見月特別Ｂ３二,1500,ダ,左,重,晴,12,7,9,スリーヴリーグ,牡,9,56.0,536,1,和田譲,野口寛,,8,1:39.3,40.5,10-10-11-9,8,536,1
2025/01/07,浦和,11,初見月特別Ｂ３二,1500,ダ,左,重,晴,12,1,1,エイシンネクタル,牡,5,56.0,471,5,矢野貴,藤原智,,9,1:39.6,40.7,11-11-12-10,6,471,5
2025/01/07,浦和,11,初見月特別Ｂ３二,1500,ダ,左,重,晴,12,8,12,アルフィーノ,牝,6,52.0,467,-13,所　蛍,川島一,,10,1:39.8,42.5,3-3-3-7,3,467,-13
2025/01/07,浦和,11,初見月特別Ｂ３二,1500,ダ,左,重,晴,12,6,7,ポアゾンボス,牡,4,56.0,484,-3,西啓太,繁田健,,11,1:40.4,42.6,4-4-9-12,9,484,-3
2025/01/07,浦和,11,初見月特別Ｂ３二,1500,ダ,左,重,晴,12,4,4,セクシーコマンドー,牡,5,56.0,483,-9,落合玄,小久智,,12,1:40.6,43.1,2-2-5-11,4,483,-9
2025/01/07,浦和,12,初夢特別Ｃ２選抜馬ア,2000,ダ,左,重,晴,12,2,2,カマクラバクフ,牡,4,56.0,505,-12,落合玄,小久智,,1,2:15.3,41.0,3-3-2-1,3,505,-12
2025/01/07,浦和,12,初夢特別Ｃ２選抜馬ア,2000,ダ,左,重,晴,12,8,11,リングボーイ,セ,0,56.0,438,2,山中悠,水野貴,,2,2:15.7,41.3,6-4-4-2,6,438,2
2025/01/07,浦和,12,初夢特別Ｃ２選抜馬ア,2000,ダ,左,重,晴,12,5,5,トリストラム,牡,7,56.0,518,-7,高橋哲,横山保,,3,2:16.0,40.9,9-9-6-5,11,518,-7
2025/01/07,浦和,12,初夢特別Ｃ２選抜馬ア,2000,ダ,左,重,晴,12,7,10,ココリアイランド,牡,5,56.0,455,-4,町田直,工藤伸,,4,2:16.7,42.7,2-2-3-4,4,455,-4
2025/01/07,浦和,12,初夢特別Ｃ２選抜馬ア,2000,ダ,左,重,晴,12,4,4,ジャストザヴァルス,牝,5,54.0,434,4,和田譲,宇野博,,5,2:17.1,42.3,7-5-5-6,8,434,4
2025/01/07,浦和,12,初夢特別Ｃ２選抜馬ア,2000,ダ,左,重,晴,12,3,3,コスモキルカス,牡,7,56.0,480,2,保園翔,長谷忍,,6,2:17.3,43.5,1-1-1-3,10,480,2
2025/01/07,浦和,12,初夢特別Ｃ２選抜馬ア,2000,ダ,左,重,晴,12,8,12,ベンデュガ,セ,0,53.0,467,-14,千野稜,小久智,,7,2:17.6,42.4,8-10-11-8,1,467,-14
2025/01/07,浦和,12,初夢特別Ｃ２選抜馬ア,2000,ダ,左,重,晴,12,1,1,ポケットシンデレラ,牝,6,52.0,433,2,中島良,長谷忍,,8,2:17.6,42.4,10-8-7-7,12,433,2
2025/01/07,浦和,12,初夢特別Ｃ２選抜馬ア,2000,ダ,左,重,晴,12,6,8,ニシノメサイア,牝,5,54.0,443,-2,福原杏,小澤宏,,9,2:18.5,43.1,12-12-12-9,5,443,-2
2025/01/07,浦和,12,初夢特別Ｃ２選抜馬ア,2000,ダ,左,重,晴,12,6,7,カイジンビリーヴ,牡,7,56.0,524,-1,吉留孝,入口由,,10,2:18.9,43.7,11-11-8-10,7,524,-1
2025/01/07,浦和,12,初夢特別Ｃ２選抜馬ア,2000,ダ,左,重,晴,12,5,6,ピースウォリアー,牡,4,56.0,486,-6,野畑凌,箕輪武,,11,2:19.2,44.1,4-6-9-11,9,486,-6
2025/01/07,浦和,12,初夢特別Ｃ２選抜馬ア,2000,ダ,左,重,晴,12,7,9,ビップライアン,牡,4,56.0,518,2,秋元耕,薮口一,,12,2:19.3,44.1,5-7-10-12,2,518,2
2025/01/08,浦和,1,Ｃ３四 五,1400,ダ,左,重,晴,11,7,8,エターナルジュエル,牝,6,54.0,472,2,山崎誠,藤原智,,1,1:33.0,39.4,8-6-3-1,1,472,2
2025/01/08,浦和,1,Ｃ３四 五,1400,ダ,左,重,晴,11,8,10,カリグラフィー,牝,6,54.0,464,6,室陽一,入口由,,2,1:33.0,39.4,3-3-2-1,5,464,6
2025/01/08,浦和,1,Ｃ３四 五,1400,ダ,左,重,晴,11,7,9,ユウユウグリュック,牝,8,54.0,460,3,秋元耕,横山保,,3,1:33.2,39.7,1-1-1-3,3,460,3
2025/01/08,浦和,1,Ｃ３四 五,1400,ダ,左,重,晴,11,8,11,アイアンオー,牡,5,56.0,467,6,張田昂,海馬司,,4,1:33.7,39.9,5-5-6-4,2,467,6
2025/01/08,浦和,1,Ｃ３四 五,1400,ダ,左,重,晴,11,5,5,クラダイリン,牝,5,54.0,516,0,落合玄,長谷忍,,5,1:33.9,39.6,10-10-9-7,11,516,0
2025/01/08,浦和,1,Ｃ３四 五,1400,ダ,左,重,晴,11,6,6,ベガスフォンテン,牝,7,54.0,495,-9,山口達,矢内博,,6,1:34.0,40.2,9-9-5-6,4,495,-9
2025/01/08,浦和,1,Ｃ３四 五,1400,ダ,左,重,晴,11,6,7,ピノモラーン,牡,7,56.0,484,-3,新原周,野口孝,,7,1:34.2,40.2,7-7-8-5,9,484,-3
2025/01/08,浦和,1,Ｃ３四 五,1400,ダ,左,重,晴,11,1,1,ホシプリンセス,牝,7,54.0,512,-2,藤本現,酒井一,,8,1:34.4,40.6,4-4-7-8,7,512,-2
2025/01/08,浦和,1,Ｃ３四 五,1400,ダ,左,重,晴,11,4,4,ウインプロヴァンス,牡,6,55.0,516,2,木間龍,工藤伸,,9,1:34.8,40.6,6-8-10-9,8,516,2
2025/01/08,浦和,1,Ｃ３四 五,1400,ダ,左,重,晴,11,2,2,イタリアンゴールド,セ,0,56.0,444,11,山中悠,宇野博,,10,1:35.3,41.7,2-2-4-10,6,444,11
2025/01/08,浦和,1,Ｃ３四 五,1400,ダ,左,重,晴,11,3,3,キョウエイルーマー,牡,5,56.0,478,-3,野畑凌,小澤宏,,11,1:35.7,40.4,11-11-11-11,10,478,-3
2025/01/08,浦和,2,ランチタイムチャレンジＣ２三 四 五,1400,ダ,左,重,晴,12,5,5,アンクローシュ,牝,4,54.0,424,1,福原杏,小澤宏,,1,1:30.4,39.2,4-5-1-1,4,424,1
2025/01/08,浦和,2,ランチタイムチャレンジＣ２三 四 五,1400,ダ,左,重,晴,12,7,9,アサンテギア,牝,7,54.0,417,4,七夕裕,工藤伸,,2,1:32.1,40.1,9-8-6-3,7,417,4
2025/01/08,浦和,2,ランチタイムチャレンジＣ２三 四 五,1400,ダ,左,重,晴,12,3,3,リコールイーズ,牝,6,54.0,546,-5,藤本現,繁田健,,3,1:32.2,41.2,1-2-3-2,1,546,-5
2025/01/08,浦和,2,ランチタイムチャレンジＣ２三 四 五,1400,ダ,左,重,晴,12,6,8,チェスナットドレス,牝,8,54.0,473,-1,國分祐,冨田敏,,4,1:32.7,39.9,10-10-9-8,10,473,-1
2025/01/08,浦和,2,ランチタイムチャレンジＣ２三 四 五,1400,ダ,左,重,晴,12,4,4,ニューレトロ,牡,6,56.0,473,0,秋元耕,内野健,,5,1:33.1,40.8,7-7-8-9,8,473,0
2025/01/08,浦和,2,ランチタイムチャレンジＣ２三 四 五,1400,ダ,左,重,晴,12,5,6,グレートスピリット,牡,4,56.0,537,29,西啓太,野口寛,,6,1:33.4,42.2,2-3-5-7,5,537,29
2025/01/08,浦和,2,ランチタイムチャレンジＣ２三 四 五,1400,ダ,左,重,晴,12,8,12,サプライズワンワン,牡,4,54.0,503,2,中島良,川島豊,,7,1:33.6,42.5,3-4-4-4,3,503,2
2025/01/08,浦和,2,ランチタイムチャレンジＣ２三 四 五,1400,ダ,左,重,晴,12,6,7,ヤマジュンヒバナ,牝,8,54.0,456,-4,山中悠,宇野博,,8,1:33.7,41.7,6-6-7-6,6,456,-4
2025/01/08,浦和,2,ランチタイムチャレンジＣ２三 四 五,1400,ダ,左,重,晴,12,7,10,クーリッジテソーロ,牡,4,53.0,477,17,千野稜,小久智,,9,1:34.1,43.3,5-1-2-5,2,477,17
2025/01/08,浦和,2,ランチタイムチャレンジＣ２三 四 五,1400,ダ,左,重,晴,12,8,11,バリブラック,セ,0,56.0,477,-3,高橋哲,小林真,,10,1:34.2,40.7,11-12-11-11,9,477,-3
2025/01/08,浦和,2,ランチタイムチャレンジＣ２三 四 五,1400,ダ,左,重,晴,12,1,1,メインステイ,牡,4,56.0,520,-6,菅原涼,藤原智,,11,1:34.3,41.1,8-9-12-10,12,520,-6
2025/01/08,浦和,2,ランチタイムチャレンジＣ２三 四 五,1400,ダ,左,重,晴,12,2,2,ヌンヌンシー,牡,5,56.0,480,7,阿部龍,長谷忍,,12,1:35.0,41.5,12-11-10-12,11,480,7
2025/01/08,浦和,3,Ｃ３ ４歳イ,1400,ダ,左,重,晴,11,7,9,ワンダーサバイバル,牡,4,56.0,451,0,赤津和,鈴木勝,,1,1:32.3,39.1,4-5-3-1,11,451,0
2025/01/08,浦和,3,Ｃ３ ４歳イ,1400,ダ,左,重,晴,11,1,1,ロンギングキイ,牝,4,51.0,473,-8,千野稜,箕輪武,,2,1:32.7,39.6,1-1-1-2,7,473,-8
2025/01/08,浦和,3,Ｃ３ ４歳イ,1400,ダ,左,重,晴,11,2,2,プリンセスサクラ,牝,4,54.0,419,5,見越彬,鹿沼和,,3,1:33.7,40.5,3-3-2-3,1,419,5
2025/01/08,浦和,3,Ｃ３ ４歳イ,1400,ダ,左,重,晴,11,5,5,マーニク,牝,4,53.0,450,-11,木間龍,工藤伸,,4,1:33.7,40.2,10-9-4-4,4,450,-11
2025/01/08,浦和,3,Ｃ３ ４歳イ,1400,ダ,左,重,晴,11,6,6,エイシンゾディアク,牡,4,56.0,434,-1,七夕裕,横山保,,5,1:34.0,39.9,8-10-10-5,3,434,-1
2025/01/08,浦和,3,Ｃ３ ４歳イ,1400,ダ,左,重,晴,11,8,10,コーントップス,牝,4,54.0,421,1,張田昂,宇野博,,6,1:34.5,40.8,9-8-9-9,5,421,1
2025/01/08,浦和,3,Ｃ３ ４歳イ,1400,ダ,左,重,晴,11,8,11,タイムレスブルーム,牡,4,56.0,492,6,吉留孝,野口孝,,7,1:35.4,41.9,7-7-6-6,8,492,6
2025/01/08,浦和,3,Ｃ３ ４歳イ,1400,ダ,左,重,晴,11,6,7,ポンポンダリア,牝,4,54.0,437,4,半澤慶,川島豊,,8,1:35.5,42.0,6-6-6-8,10,437,4
2025/01/08,浦和,3,Ｃ３ ４歳イ,1400,ダ,左,重,晴,11,4,4,マダムファンタジア,牝,4,54.0,466,-1,山中悠,川村守,,9,1:36.7,43.5,2-2-5-7,6,466,-1
2025/01/08,浦和,3,Ｃ３ ４歳イ,1400,ダ,左,重,晴,11,3,3,ヴルカヌス,セ,0,56.0,441,16,室陽一,野口寛,,10,1:36.7,41.6,11-11-11-11,9,441,16
2025/01/08,浦和,3,Ｃ３ ４歳イ,1400,ダ,左,重,晴,11,7,8,マインドマイワーズ,牡,4,56.0,471,-12,矢野貴,藤原智,,11,1:38.3,44.8,5-4-8-10,2,471,-12
2025/01/08,浦和,4,Ｃ３四 五,1500,ダ,左,重,晴,12,3,3,アラビアンレイン,牡,5,56.0,548,-1,福原杏,水野貴,,1,1:38.5,40.1,1-1-1-1,3,548,-1
2025/01/08,浦和,4,Ｃ３四 五,1500,ダ,左,重,晴,12,1,1,ドーバーファルコン,セ,0,56.0,471,2,秋元耕,海馬司,,2,1:41.4,42.1,5-5-6-4,8,471,2
2025/01/08,浦和,4,Ｃ３四 五,1500,ダ,左,重,晴,12,6,8,エコロジョイアー,牡,5,56.0,509,-3,落合玄,小久智,,3,1:41.5,42.0,9-8-5-7,1,509,-3
2025/01/08,浦和,4,Ｃ３四 五,1500,ダ,左,重,晴,12,5,5,スカイパーフェクト,牝,6,54.0,457,-10,半澤慶,吉田正,,4,1:41.6,41.5,10-10-11-9,11,457,-10
2025/01/08,浦和,4,Ｃ３四 五,1500,ダ,左,重,晴,12,4,4,モズマスターピース,牡,5,56.0,511,4,高橋哲,横山保,,5,1:41.6,42.8,3-3-3-2,6,511,4
2025/01/08,浦和,4,Ｃ３四 五,1500,ダ,左,重,晴,12,8,11,モンテジュエル,牝,6,54.0,451,3,山中悠,新井清,,6,1:42.2,43.6,2-2-2-3,2,451,3
2025/01/08,浦和,4,Ｃ３四 五,1500,ダ,左,重,晴,12,8,12,ミュールダール,牡,5,55.0,462,-2,木間龍,酒井一,,7,1:42.3,42.6,8-9-9-10,9,462,-2
2025/01/08,浦和,4,Ｃ３四 五,1500,ダ,左,重,晴,12,7,9,ブリージョドラード,牡,4,56.0,456,-4,野畑凌,海馬司,,8,1:42.3,43.2,4-4-4-6,4,456,-4
2025/01/08,浦和,4,Ｃ３四 五,1500,ダ,左,重,晴,12,7,10,ゲットデザイアー,牝,6,54.0,472,2,藤本現,川村守,,9,1:42.9,43.6,7-7-7-5,5,472,2
2025/01/08,浦和,4,Ｃ３四 五,1500,ダ,左,重,晴,12,6,7,スターコマチ,牝,6,51.0,425,15,千野稜,川村守,,10,1:43.0,41.1,12-12-12-12,10,425,15
2025/01/08,浦和,4,Ｃ３四 五,1500,ダ,左,重,晴,12,2,2,ビーマジカル,牝,6,54.0,454,4,七夕裕,野口孝,,11,1:43.0,43.7,6-6-8-8,7,454,4
2025/01/08,浦和,4,Ｃ３四 五,1500,ダ,左,重,晴,12,5,6,ゴールドバニー,牝,5,54.0,492,1,吉留孝,野口孝,,12,1:43.2,43.3,11-11-10-11,12,492,1
2025/01/08,浦和,5,Ｃ２三 四 五,1500,ダ,左,重,晴,11,5,5,バトルホッパー,牡,6,56.0,491,6,澤田龍,横山保,,1,1:39.7,39.6,7-7-3-3,3,491,6
2025/01/08,浦和,5,Ｃ２三 四 五,1500,ダ,左,重,晴,11,3,3,サンディロン,牝,8,54.0,451,-5,笹川翼,新井清,,2,1:39.8,39.8,2-2-1-2,1,451,-5
2025/01/08,浦和,5,Ｃ２三 四 五,1500,ダ,左,重,晴,11,7,9,トモノクリスタル,牝,8,54.0,425,-3,落合玄,小久智,,3,1:39.8,39.8,1-1-2-1,2,425,-3
2025/01/08,浦和,5,Ｃ２三 四 五,1500,ダ,左,重,晴,11,4,4,マチルダ,牝,4,54.0,475,0,福原杏,小久智,,4,1:40.4,40.3,5-5-5-5,4,475,0
2025/01/08,浦和,5,Ｃ２三 四 五,1500,ダ,左,重,晴,11,6,7,プラウサス,牡,6,56.0,503,0,室陽一,酒井一,,5,1:40.5,40.4,4-3-4-6,5,503,0
2025/01/08,浦和,5,Ｃ２三 四 五,1500,ダ,左,重,晴,11,7,8,バウンドトゥウィン,牝,4,54.0,423,-6,保園翔,野口寛,,6,1:40.6,40.5,6-6-7-7,7,423,-6
2025/01/08,浦和,5,Ｃ２三 四 五,1500,ダ,左,重,晴,11,1,1,パクスジャポニカ,牡,7,56.0,502,1,秋元耕,入口由,,7,1:40.7,39.8,7-8-8-8,8,502,1
2025/01/08,浦和,5,Ｃ２三 四 五,1500,ダ,左,重,晴,11,2,2,リワードシデン,牡,4,56.0,476,-13,半澤慶,宇野博,,8,1:40.7,40.6,3-4-6-4,11,476,-13
2025/01/08,浦和,5,Ｃ２三 四 五,1500,ダ,左,重,晴,11,6,6,ニシノアクシス,牡,8,56.0,519,12,岡田大,冨田敏,,9,1:41.4,40.1,9-10-10-10,9,519,12
2025/01/08,浦和,5,Ｃ２三 四 五,1500,ダ,左,重,晴,11,8,11,ベルゲンハート,牡,4,56.0,451,2,阿部龍,長谷忍,,10,1:41.5,40.6,10-9-8-9,10,451,2
2025/01/08,浦和,5,Ｃ２三 四 五,1500,ダ,左,重,晴,11,8,10,レコパンマミー,牝,5,54.0,511,13,赤津和,箕輪武,,11,1:42.1,39.4,11-11-11-11,6,511,13
2025/01/08,浦和,6,若水特別３歳一,1400,ダ,左,重,晴,12,6,7,エスカティア,牝,3,54.0,487,0,落合玄,小久智,,1,1:29.9,39.6,2-2-2-1,2,487,0
2025/01/08,浦和,6,若水特別３歳一,1400,ダ,左,重,晴,12,5,5,ソルジェンテポー,牝,3,54.0,469,1,矢野貴,岡林光,,2,1:30.1,39.8,1-1-1-1,1,469,1
2025/01/08,浦和,6,若水特別３歳一,1400,ダ,左,重,晴,12,6,8,ツツウラウラ,牡,3,56.0,468,3,西啓太,野口寛,,3,1:30.8,39.9,3-3-4-3,4,468,3
2025/01/08,浦和,6,若水特別３歳一,1400,ダ,左,重,晴,12,8,11,シナノクーパー,牡,3,56.0,435,-2,見越彬,鹿沼和,,4,1:30.9,40.0,4-4-3-4,9,435,-2
2025/01/08,浦和,6,若水特別３歳一,1400,ダ,左,重,晴,12,1,1,ビールボーイ,牡,3,56.0,432,0,張田昂,平山真,,5,1:31.5,40.1,6-6-6-5,8,432,0
2025/01/08,浦和,6,若水特別３歳一,1400,ダ,左,重,晴,12,8,12,ケンブレナム,牡,3,56.0,430,-1,笹川翼,繁田健,,6,1:32.0,39.9,11-11-11-11,5,430,-1
2025/01/08,浦和,6,若水特別３歳一,1400,ダ,左,重,晴,12,7,10,マーシャルブルース,牝,3,54.0,465,-1,岡村健,新井清,,7,1:32.2,40.4,9-10-9-10,10,465,-1
2025/01/08,浦和,6,若水特別３歳一,1400,ダ,左,重,晴,12,3,3,カジバノウマヂカラ,牡,3,56.0,523,-3,和田譲,齊藤敏,,8,1:32.2,40.9,5-5-5-6,3,523,-3
2025/01/08,浦和,6,若水特別３歳一,1400,ダ,左,重,晴,12,4,4,ティーズリンク,牝,3,54.0,418,4,福原杏,水野貴,,9,1:32.2,40.7,8-7-8-7,7,418,4
2025/01/08,浦和,6,若水特別３歳一,1400,ダ,左,重,晴,12,7,9,ミナトノソウタ,牡,3,56.0,459,12,本橋孝,張田京,,10,1:32.4,40.9,7-8-7-8,6,459,12
2025/01/08,浦和,6,若水特別３歳一,1400,ダ,左,重,晴,12,5,6,カシノナイスガイ,牡,3,56.0,467,-2,吉留孝,野口寛,,11,1:32.9,41.0,10-9-10-9,12,467,-2
2025/01/08,浦和,6,若水特別３歳一,1400,ダ,左,重,晴,12,2,2,シバノエスコドール,牡,3,53.0,495,4,千野稜,宇野博,,12,1:33.1,40.6,12-12-12-12,11,495,4
2025/01/08,浦和,7,本庄産あまりん賞Ｃ２三 四 五,1400,ダ,左,重,晴,11,4,4,オーシンピーチ,牝,4,54.0,468,-3,落合玄,小久智,,1,1:30.9,40.9,1-1-1-1,1,468,-3
2025/01/08,浦和,7,本庄産あまりん賞Ｃ２三 四 五,1400,ダ,左,重,晴,11,5,5,モモドリーム,牝,7,54.0,488,-5,張田昂,平山真,,2,1:31.2,40.6,6-4-4-2,4,488,-5
2025/01/08,浦和,7,本庄産あまりん賞Ｃ２三 四 五,1400,ダ,左,重,晴,11,6,7,ヴァラムノス,牝,4,54.0,438,2,福原杏,水野貴,,3,1:31.6,41.5,2-2-2-3,2,438,2
2025/01/08,浦和,7,本庄産あまりん賞Ｃ２三 四 五,1400,ダ,左,重,晴,11,1,1,ビコーズウイキャン,牡,4,56.0,453,8,阿部龍,長谷忍,,4,1:31.7,40.8,4-5-5-5,8,453,8
2025/01/08,浦和,7,本庄産あまりん賞Ｃ２三 四 五,1400,ダ,左,重,晴,11,7,9,ユウユウプルニーマ,牝,4,54.0,447,-3,吉留孝,横山保,,5,1:32.4,41.0,9-10-6-6,6,447,-3
2025/01/08,浦和,7,本庄産あまりん賞Ｃ２三 四 五,1400,ダ,左,重,晴,11,7,8,ロードオブイサチル,牝,8,54.0,495,-15,町田直,宇野博,,6,1:32.6,42.4,3-3-3-4,3,495,-15
2025/01/08,浦和,7,本庄産あまりん賞Ｃ２三 四 五,1400,ダ,左,重,晴,11,8,11,シェナクラウン,牡,5,54.0,522,1,中島良,冨田敏,,7,1:32.7,41.4,7-7-8-7,5,522,1
2025/01/08,浦和,7,本庄産あまりん賞Ｃ２三 四 五,1400,ダ,左,重,晴,11,8,10,ソルトロック,牝,4,54.0,447,-2,秋元耕,酒井一,,8,1:33.4,41.4,11-11-11-9,11,447,-2
2025/01/08,浦和,7,本庄産あまりん賞Ｃ２三 四 五,1400,ダ,左,重,晴,11,2,2,ユッカラン,牝,4,54.0,456,-1,加藤和,薮口一,,9,1:34.0,42.6,10-9-10-8,10,456,-1
2025/01/08,浦和,7,本庄産あまりん賞Ｃ２三 四 五,1400,ダ,左,重,晴,11,3,3,クリムゾンオーラ,牝,8,54.0,480,-3,仲原大,入口由,,10,1:34.1,43.0,5-6-6-10,9,480,-3
2025/01/08,浦和,7,本庄産あまりん賞Ｃ２三 四 五,1400,ダ,左,重,晴,11,6,6,シャイニーアイドル,牝,4,53.0,481,6,木間龍,藤原智,,11,1:35.3,43.9,8-8-9-11,7,481,6
2025/01/08,浦和,8,特選Ｃ１Ｃ２選抜馬イ選抜馬ア,800,ダ,左,重,晴,12,3,3,シェナエース,牡,4,55.0,545,4,吉留孝,冨田敏,,1,0:48.7,36.5,1-1,3,545,4
2025/01/08,浦和,8,特選Ｃ１Ｃ２選抜馬イ選抜馬ア,800,ダ,左,重,晴,12,6,7,エリークラウン,牝,6,53.0,468,-4,町田直,入口由,,2,0:48.8,36.6,2-2,5,468,-4
2025/01/08,浦和,8,特選Ｃ１Ｃ２選抜馬イ選抜馬ア,800,ダ,左,重,晴,12,8,11,エイシンエメラルド,牝,5,54.0,422,-2,木間龍,工藤伸,,3,0:49.0,36.6,7-5,1,422,-2
2025/01/08,浦和,8,特選Ｃ１Ｃ２選抜馬イ選抜馬ア,800,ダ,左,重,晴,12,7,10,キョウエイカリーナ,牝,5,53.0,456,2,野畑凌,小澤宏,,4,0:49.2,37.0,3-3,7,456,2
2025/01/08,浦和,8,特選Ｃ１Ｃ２選抜馬イ選抜馬ア,800,ダ,左,重,晴,12,4,4,シェナブライト,牡,7,57.0,531,-1,秋元耕,吉田正,,5,0:49.2,36.3,9-8,9,531,-1
2025/01/08,浦和,8,特選Ｃ１Ｃ２選抜馬イ選抜馬ア,800,ダ,左,重,晴,12,5,5,アムレート,牝,5,52.0,435,2,千野稜,小久智,,6,0:49.2,36.8,6-4,2,435,2
2025/01/08,浦和,8,特選Ｃ１Ｃ２選抜馬イ選抜馬ア,800,ダ,左,重,晴,12,5,6,アグニレディアンス,牝,5,53.0,495,-2,福原杏,野口寛,,7,0:49.4,36.6,8-7,4,495,-2
2025/01/08,浦和,8,特選Ｃ１Ｃ２選抜馬イ選抜馬ア,800,ダ,左,重,晴,12,6,8,アイアムカチマショ,牝,5,53.0,480,2,見越彬,川島豊,,8,0:49.7,37.5,4-6,6,480,2
2025/01/08,浦和,8,特選Ｃ１Ｃ２選抜馬イ選抜馬ア,800,ダ,左,重,晴,12,1,1,クーネルアソブ,牡,4,55.0,488,-2,赤津和,薮口一,,9,0:50.8,37.5,10-10,12,488,-2
2025/01/08,浦和,8,特選Ｃ１Ｃ２選抜馬イ選抜馬ア,800,ダ,左,重,晴,12,8,12,サンシスイメイ,牝,4,50.0,394,9,加藤雄,水野貴,,10,0:50.9,38.7,5-9,8,394,9
2025/01/08,浦和,8,特選Ｃ１Ｃ２選抜馬イ選抜馬ア,800,ダ,左,重,晴,12,2,2,セイレジーナ,牝,5,55.0,449,5,七夕裕,酒井一,,11,0:51.5,37.6,11-11,10,449,5
2025/01/08,浦和,8,特選Ｃ１Ｃ２選抜馬イ選抜馬ア,800,ダ,左,重,晴,12,7,9,ブレインストーム,牡,4,55.0,487,2,保園翔,長谷忍,,12,0:55.2,40.5,12-12,11,487,2
2025/01/08,浦和,9,迎春スプリント特別Ｂ３Ｃ１選抜馬選抜馬ア,800,ダ,左,重,晴,12,8,11,キューティロメラ,牝,5,55.0,494,-1,山中悠,中道啓,,1,0:47.1,34.9,1-1,1,494,-1
2025/01/08,浦和,9,迎春スプリント特別Ｂ３Ｃ１選抜馬選抜馬ア,800,ダ,左,重,晴,12,3,3,ユウノワンワン,牝,4,52.0,423,1,木間龍,酒井一,,2,0:48.5,36.3,2-2,3,423,1
2025/01/08,浦和,9,迎春スプリント特別Ｂ３Ｃ１選抜馬選抜馬ア,800,ダ,左,重,晴,12,1,1,クリスタライズ,牡,4,57.0,482,4,野畑凌,水野貴,,3,0:48.6,36.0,5-5,4,482,4
2025/01/08,浦和,9,迎春スプリント特別Ｂ３Ｃ１選抜馬選抜馬ア,800,ダ,左,重,晴,12,4,4,ソレア,牝,5,55.0,411,-3,矢野貴,新井清,,4,0:48.7,35.9,8-6,6,411,-3
2025/01/08,浦和,9,迎春スプリント特別Ｂ３Ｃ１選抜馬選抜馬ア,800,ダ,左,重,晴,12,2,2,ラヴィンツァラ,牝,8,53.0,482,-3,福原杏,平山真,,5,0:48.8,36.2,3-3,9,482,-3
2025/01/08,浦和,9,迎春スプリント特別Ｂ３Ｃ１選抜馬選抜馬ア,800,ダ,左,重,晴,12,6,7,エコロウォーリア,牡,5,55.0,523,4,藤本現,川村守,,6,0:49.2,36.6,4-4,2,523,4
2025/01/08,浦和,9,迎春スプリント特別Ｂ３Ｃ１選抜馬選抜馬ア,800,ダ,左,重,晴,12,7,10,ゴープラチナム,牝,8,53.0,454,3,張田昂,平山真,,7,0:49.4,36.4,9-7,11,454,3
2025/01/08,浦和,9,迎春スプリント特別Ｂ３Ｃ１選抜馬選抜馬ア,800,ダ,左,重,晴,12,8,12,イイデスカイハイ,牝,4,53.0,465,-7,加藤和,薮口一,,8,0:49.6,36.8,7-8,8,465,-7
2025/01/08,浦和,9,迎春スプリント特別Ｂ３Ｃ１選抜馬選抜馬ア,800,ダ,左,重,晴,12,5,5,ブレイブジャンヌ,牝,6,53.0,508,21,七夕裕,工藤伸,,9,0:49.8,36.4,12-11,5,508,21
2025/01/08,浦和,9,迎春スプリント特別Ｂ３Ｃ１選抜馬選抜馬ア,800,ダ,左,重,晴,12,7,9,セイウンシデン,牡,6,55.0,541,-5,國分祐,吉田正,,10,0:50.0,36.6,10-10,12,541,-5
2025/01/08,浦和,9,迎春スプリント特別Ｂ３Ｃ１選抜馬選抜馬ア,800,ダ,左,重,晴,12,5,6,コスモタラゴン,牡,4,55.0,473,0,高橋哲,水野貴,,11,0:50.0,36.9,11-12,10,473,0
2025/01/08,浦和,9,迎春スプリント特別Ｂ３Ｃ１選抜馬選抜馬ア,800,ダ,左,重,晴,12,6,8,ティンダルナイン,牝,4,52.0,457,-7,千野稜,小久智,,12,0:50.6,37.9,6-9,7,457,-7
2025/01/08,浦和,10,初富士特別Ｂ２三Ｂ３一,1400,ダ,左,重,晴,11,8,11,コールブランド,セ,0,55.0,500,-8,吉原寛,内田勝,,1,1:30.3,40.2,3-3-1-1,1,500,-8
2025/01/08,浦和,10,初富士特別Ｂ２三Ｂ３一,1400,ダ,左,重,晴,11,1,1,ケンアトラス,牡,4,57.0,475,1,藤本現,繁田健,,2,1:30.4,39.4,8-8-9-4,5,475,1
2025/01/08,浦和,10,初富士特別Ｂ２三Ｂ３一,1400,ダ,左,重,晴,11,7,9,カード,牝,7,53.0,479,11,落合玄,小久智,,3,1:30.6,40.7,1-1-1-2,2,479,11
2025/01/08,浦和,10,初富士特別Ｂ２三Ｂ３一,1400,ダ,左,重,晴,11,3,3,モズハッピーロード,牡,7,57.0,513,6,阿部龍,海馬司,,4,1:30.7,39.2,11-10-11-8,3,513,6
2025/01/08,浦和,10,初富士特別Ｂ２三Ｂ３一,1400,ダ,左,重,晴,11,7,8,メロスゴー,牡,4,57.0,490,-3,藤江渉,箕輪武,,5,1:30.8,40.5,4-4-4-3,4,490,-3
2025/01/08,浦和,10,初富士特別Ｂ２三Ｂ３一,1400,ダ,左,重,晴,11,6,7,プラズマ,牡,4,57.0,462,-11,山口達,林正人,,6,1:30.9,39.9,10-9-7-7,6,462,-11
2025/01/08,浦和,10,初富士特別Ｂ２三Ｂ３一,1400,ダ,左,重,晴,11,4,4,ナリサ,牝,5,55.0,463,-2,七夕裕,工藤伸,,7,1:30.9,39.9,7-7-6-6,8,463,-2
2025/01/08,浦和,10,初富士特別Ｂ２三Ｂ３一,1400,ダ,左,重,晴,11,8,10,カツゲキダイオウ,牡,8,57.0,519,2,臼井健,佐々功,,8,1:31.5,40.7,6-6-7-9,10,519,2
2025/01/08,浦和,10,初富士特別Ｂ２三Ｂ３一,1400,ダ,左,重,晴,11,2,2,グアドループ,牡,7,55.0,559,3,矢野貴,藤原智,,9,1:31.9,41.1,5-5-5-5,7,559,3
2025/01/08,浦和,10,初富士特別Ｂ２三Ｂ３一,1400,ダ,左,重,晴,11,6,6,グランギフト,牡,8,57.0,476,-9,今野忠,山崎尋,,10,1:32.0,40.6,9-11-10-11,11,476,-9
2025/01/08,浦和,10,初富士特別Ｂ２三Ｂ３一,1400,ダ,左,重,晴,11,5,5,プレストルーチェ,セ,0,57.0,536,-1,山中悠,小澤宏,,11,1:32.4,42.3,2-2-3-10,9,536,-1
2025/01/08,浦和,11,ニューイヤーカップ３歳オープン,1500,ダ,左,重,晴,12,6,8,ホーリーグレイル,牝,3,54.0,477,8,矢野貴,内田勝,,1,1:35.6,40.1,3-3-2-1,2,477,8
2025/01/08,浦和,11,ニューイヤーカップ３歳オープン,1500,ダ,左,重,晴,12,5,5,ガバナビリティー,牡,3,57.0,464,5,笠野雄,佐藤太,,2,1:35.9,40.5,2-1-1-2,1,464,5
2025/01/08,浦和,11,ニューイヤーカップ３歳オープン,1500,ダ,左,重,晴,12,8,12,アッカーマン,牡,3,57.0,494,-3,本田重,川島一,,3,1:36.1,40.0,4-4-3-3,3,494,-3
2025/01/08,浦和,11,ニューイヤーカップ３歳オープン,1500,ダ,左,重,晴,12,2,2,ケンシレインボー,牡,3,57.0,435,13,岡村健,佐藤太,,4,1:36.3,40.0,6-6-4-4,8,435,13
2025/01/08,浦和,11,ニューイヤーカップ３歳オープン,1500,ダ,左,重,晴,12,8,11,プレミアムハンド,牡,3,57.0,527,-3,笹川翼,小久智,,5,1:36.8,40.3,7-7-5-5,5,527,-3
2025/01/08,浦和,11,ニューイヤーカップ３歳オープン,1500,ダ,左,重,晴,12,4,4,シェナノパリオ,牡,3,57.0,471,3,秋元耕,冨田敏,,6,1:37.4,40.2,9-10-8-6,9,471,3
2025/01/08,浦和,11,ニューイヤーカップ３歳オープン,1500,ダ,左,重,晴,12,5,6,オニアシ,牡,3,56.0,438,2,阿部龍,藤原智,,7,1:37.4,39.8,12-11-11-9,7,438,2
2025/01/08,浦和,11,ニューイヤーカップ３歳オープン,1500,ダ,左,重,晴,12,1,1,ピコダイアル,牡,3,56.0,461,2,張田昂,山下之,,8,1:38.6,42.3,5-5-7-7,6,461,2
2025/01/08,浦和,11,ニューイヤーカップ３歳オープン,1500,ダ,左,重,晴,12,3,3,アルメールヴェント,牡,3,56.0,440,-9,野畑凌,河津裕,,9,1:38.7,41.7,8-8-9-8,12,440,-9
2025/01/08,浦和,11,ニューイヤーカップ３歳オープン,1500,ダ,左,重,晴,12,7,10,ピノマハナ,牡,3,56.0,485,-1,山崎誠,野口孝,,10,1:39.6,42.4,10-9-10-10,10,485,-1
2025/01/08,浦和,11,ニューイヤーカップ３歳オープン,1500,ダ,左,重,晴,12,7,9,ディープオーキッド,牡,3,56.0,434,-5,町田直,薮口一,,11,1:40.1,42.0,11-12-12-11,11,434,-5
2025/01/08,浦和,11,ニューイヤーカップ３歳オープン,1500,ダ,左,重,晴,12,6,7,ツウエンティフォー,牝,3,55.0,454,3,吉原寛,小久智,,12,1:43.2,47.7,1-2-6-12,4,454,3
2025/01/08,浦和,12,福笑い特別Ｃ２Ｃ３選抜馬イ選抜馬ア,2000,ダ,左,重,晴,12,6,8,クラキンカ,牡,5,55.0,516,9,阿部龍,長谷忍,,1,2:17.2,40.4,2-2-1-1,2,516,9
2025/01/08,浦和,12,福笑い特別Ｃ２Ｃ３選抜馬イ選抜馬ア,2000,ダ,左,重,晴,12,8,12,ルルド,セ,0,57.0,436,5,福原杏,平山真,,2,2:17.7,41.0,1-1-2-2,5,436,5
2025/01/08,浦和,12,福笑い特別Ｃ２Ｃ３選抜馬イ選抜馬ア,2000,ダ,左,重,晴,12,6,7,エイシンヘーメラー,牝,5,52.0,418,-7,千野稜,入口由,,3,2:17.9,40.7,4-3-3-3,1,418,-7
2025/01/08,浦和,12,福笑い特別Ｃ２Ｃ３選抜馬イ選抜馬ア,2000,ダ,左,重,晴,12,5,6,セイウンコチョウ,牝,6,55.0,400,-2,國分祐,冨田敏,,4,2:18.7,41.2,8-8-8-6,12,400,-2
2025/01/08,浦和,12,福笑い特別Ｃ２Ｃ３選抜馬イ選抜馬ア,2000,ダ,左,重,晴,12,1,1,サンラグナニゲル,牝,6,52.0,468,6,木間龍,川村守,,5,2:19.3,41.8,6-5-7-4,11,468,6
2025/01/08,浦和,12,福笑い特別Ｃ２Ｃ３選抜馬イ選抜馬ア,2000,ダ,左,重,晴,12,7,9,サンボールダー,牝,6,53.0,487,-5,岡田大,鹿沼和,,6,2:19.5,42.2,3-4-4-7,6,487,-5
2025/01/08,浦和,12,福笑い特別Ｃ２Ｃ３選抜馬イ選抜馬ア,2000,ダ,左,重,晴,12,7,10,カペラスター,牡,6,55.0,505,-2,七夕裕,川村守,,7,2:19.5,42.0,7-7-6-8,8,505,-2
2025/01/08,浦和,12,福笑い特別Ｃ２Ｃ３選抜馬イ選抜馬ア,2000,ダ,左,重,晴,12,8,11,ラージフィールド,セ,0,57.0,498,3,吉原寛,酒井一,,8,2:19.7,41.2,11-11-11-12,3,498,3
2025/01/08,浦和,12,福笑い特別Ｃ２Ｃ３選抜馬イ選抜馬ア,2000,ダ,左,重,晴,12,2,2,キタノクーヴェル,牡,5,57.0,473,-12,和田譲,入口由,,9,2:19.8,41.5,12-12-10-11,4,473,-12
2025/01/08,浦和,12,福笑い特別Ｃ２Ｃ３選抜馬イ選抜馬ア,2000,ダ,左,重,晴,12,5,5,ラウズアップ,牡,9,55.0,432,0,室陽一,吉田正,,10,2:20.0,42.5,5-6-5-5,9,432,0
2025/01/08,浦和,12,福笑い特別Ｃ２Ｃ３選抜馬イ選抜馬ア,2000,ダ,左,重,晴,12,3,3,タマモコンペイトウ,牝,5,51.0,477,6,中島良,川島豊,,11,2:20.1,42.3,10-9-9-9,10,477,6
2025/01/08,浦和,12,福笑い特別Ｃ２Ｃ３選抜馬イ選抜馬ア,2000,ダ,左,重,晴,12,4,4,リッキオ,牡,6,57.0,475,1,秋元耕,薮口一,,12,2:20.3,41.8,9-10-12-10,7,475,1
2025/01/09,浦和,1,浦和８００ラウンドＣ３選抜馬イ,800,ダ,左,重,晴,12,5,5,スーパーサイクル,牡,6,56.0,482,-5,山中悠,繁田健,,1,0:48.8,36.7,1-1,1,482,-5
2025/01/09,浦和,1,浦和８００ラウンドＣ３選抜馬イ,800,ダ,左,重,晴,12,4,4,シンキングセンティ,牝,6,54.0,464,-4,岡田大,川村守,,2,0:49.1,36.3,4-3,3,464,-4
2025/01/09,浦和,1,浦和８００ラウンドＣ３選抜馬イ,800,ダ,左,重,晴,12,7,9,メイワシェリー,牝,7,54.0,453,6,岡村健,平山真,,3,0:49.2,36.7,2-2,2,453,6
2025/01/09,浦和,1,浦和８００ラウンドＣ３選抜馬イ,800,ダ,左,重,晴,12,5,6,フリブール,牝,7,54.0,463,3,内田利,内野健,,4,0:49.6,36.8,6-5,5,463,3
2025/01/09,浦和,1,浦和８００ラウンドＣ３選抜馬イ,800,ダ,左,重,晴,12,7,10,セキノアトラス,牡,7,53.0,452,1,千野稜,川村守,,5,0:49.9,37.2,3-4,6,452,1
2025/01/09,浦和,1,浦和８００ラウンドＣ３選抜馬イ,800,ダ,左,重,晴,12,6,7,スマートドラフト,牝,6,54.0,437,4,赤津和,鈴木勝,,6,0:50.5,37.2,9-9,12,437,4
2025/01/09,浦和,1,浦和８００ラウンドＣ３選抜馬イ,800,ダ,左,重,晴,12,2,2,ハルノトゥーリ,牝,6,54.0,500,5,吉留孝,薮口一,,7,0:50.5,37.2,8-7,11,500,5
2025/01/09,浦和,1,浦和８００ラウンドＣ３選抜馬イ,800,ダ,左,重,晴,12,1,1,ゴールドボード,牝,6,54.0,518,8,秋元耕,箕輪武,,8,0:50.5,37.2,7-8,4,518,8
2025/01/09,浦和,1,浦和８００ラウンドＣ３選抜馬イ,800,ダ,左,重,晴,12,8,12,アルムダウン,牝,5,54.0,372,1,高橋哲,小林真,,9,0:50.6,37.8,5-6,8,372,1
2025/01/09,浦和,1,浦和８００ラウンドＣ３選抜馬イ,800,ダ,左,重,晴,12,3,3,チェンマイルージュ,牝,9,54.0,459,-7,見越彬,鈴木勝,,10,0:51.1,37.8,11-10,9,459,-7
2025/01/09,浦和,1,浦和８００ラウンドＣ３選抜馬イ,800,ダ,左,重,晴,12,6,8,カナデル,牝,5,52.0,489,-1,中島良,酒井一,,11,0:51.6,38.2,12-12,7,489,-1
2025/01/09,浦和,1,浦和８００ラウンドＣ３選抜馬イ,800,ダ,左,重,晴,12,8,11,ニシノオスマン,牡,5,56.0,506,-2,保園翔,吉田正,,12,0:51.6,38.3,10-11,10,506,-2
2025/01/09,浦和,2,浦和８００ラウンドＣ３選抜馬ア,800,ダ,左,重,晴,12,6,8,スプリングローズ,牝,7,54.0,454,0,落合玄,小久智,,1,0:49.0,37.1,1-1,1,454,0
2025/01/09,浦和,2,浦和８００ラウンドＣ３選抜馬ア,800,ダ,左,重,晴,12,5,6,プレパレンセ,牝,8,54.0,462,7,野畑凌,工藤伸,,2,0:49.1,37.2,3-2,4,462,7
2025/01/09,浦和,2,浦和８００ラウンドＣ３選抜馬ア,800,ダ,左,重,晴,12,2,2,ファンファン,牡,8,56.0,475,2,赤津和,箕輪武,,3,0:49.2,36.5,7-5,7,475,2
2025/01/09,浦和,2,浦和８００ラウンドＣ３選抜馬ア,800,ダ,左,重,晴,12,7,9,ダイエービルベリー,牝,7,53.0,481,-2,木間龍,酒井一,,4,0:49.9,37.6,4-3,2,481,-2
2025/01/09,浦和,2,浦和８００ラウンドＣ３選抜馬ア,800,ダ,左,重,晴,12,4,4,ダンストンムート,牝,5,54.0,463,4,見越彬,野口孝,,5,0:49.9,37.8,6-7,3,463,4
2025/01/09,浦和,2,浦和８００ラウンドＣ３選抜馬ア,800,ダ,左,重,晴,12,6,7,コトル,牝,6,52.0,514,-2,中島良,川村守,,5,0:49.9,37.4,8-8,8,514,-2
2025/01/09,浦和,2,浦和８００ラウンドＣ３選抜馬ア,800,ダ,左,重,晴,12,7,10,カミンスキ,牡,4,56.0,496,-2,笹川翼,藤原智,,7,0:50.0,37.7,5-6,5,496,-2
2025/01/09,浦和,2,浦和８００ラウンドＣ３選抜馬ア,800,ダ,左,重,晴,12,8,12,ベアビー,牝,4,54.0,457,5,半澤慶,川島豊,,8,0:50.0,36.7,9-9,12,457,5
2025/01/09,浦和,2,浦和８００ラウンドＣ３選抜馬ア,800,ダ,左,重,晴,12,8,11,ワンダーフェンリル,牡,7,56.0,520,-2,高橋哲,鈴木勝,,9,0:50.1,37.0,9-11,11,520,-2
2025/01/09,浦和,2,浦和８００ラウンドＣ３選抜馬ア,800,ダ,左,重,晴,12,3,3,アカルイスモウブ,牝,6,54.0,433,-3,岡田大,冨田敏,,10,0:50.2,38.3,2-4,9,433,-3
2025/01/09,浦和,2,浦和８００ラウンドＣ３選抜馬ア,800,ダ,左,重,晴,12,5,5,ブラボーランナー,牝,4,54.0,506,-3,福原杏,宇野博,,11,0:50.4,37.0,11-10,6,506,-3
2025/01/09,浦和,2,浦和８００ラウンドＣ３選抜馬ア,800,ダ,左,重,晴,12,1,1,ロデオクイーン,牝,4,54.0,389,-15,内田利,内野健,,12,0:50.7,37.0,12-12,10,389,-15
2025/01/09,浦和,3,特選Ｃ３二 三,1500,ダ,左,重,晴,12,6,8,ツーエムフリーク,牝,5,54.0,515,5,山中悠,小澤宏,,1,1:37.5,40.4,2-2-1-1,1,515,5
2025/01/09,浦和,3,特選Ｃ３二 三,1500,ダ,左,重,晴,12,4,4,サマーストーリー,牡,5,56.0,437,-3,吉留孝,冨田敏,,2,1:38.1,40.0,6-5-3-2,5,437,-3
2025/01/09,浦和,3,特選Ｃ３二 三,1500,ダ,左,重,晴,12,6,7,ジャズピアニスト,牝,5,54.0,473,-6,落合玄,小久智,,3,1:39.5,42.4,1-1-1-3,2,473,-6
2025/01/09,浦和,3,特選Ｃ３二 三,1500,ダ,左,重,晴,12,7,9,ラーズグリーズ,セ,0,56.0,459,-4,達城龍,工藤伸,,4,1:39.5,41.1,7-6-5-4,9,459,-4
2025/01/09,浦和,3,特選Ｃ３二 三,1500,ダ,左,重,晴,12,5,6,スイフトマリー,牝,6,54.0,399,0,藤本現,酒井一,,5,1:40.3,41.2,10-10-7-5,3,399,0
2025/01/09,浦和,3,特選Ｃ３二 三,1500,ダ,左,重,晴,12,3,3,ケリードラゴン,セ,0,56.0,488,3,岡村健,齊藤敏,,6,1:40.6,41.3,8-9-9-7,4,488,3
2025/01/09,浦和,3,特選Ｃ３二 三,1500,ダ,左,重,晴,12,2,2,ナリタアンビション,牝,5,54.0,413,-5,七夕裕,川島豊,,7,1:40.8,41.8,5-7-6-8,6,413,-5
2025/01/09,浦和,3,特選Ｃ３二 三,1500,ダ,左,重,晴,12,8,11,ニシノテンカフブ,牡,5,56.0,479,0,室陽一,吉田正,,8,1:40.8,41.2,11-12-12-9,10,479,0
2025/01/09,浦和,3,特選Ｃ３二 三,1500,ダ,左,重,晴,12,7,10,イチゴホイップ,牝,5,54.0,492,2,高橋哲,海馬司,,9,1:41.6,43.5,3-3-4-6,12,492,2
2025/01/09,浦和,3,特選Ｃ３二 三,1500,ダ,左,重,晴,12,1,1,ワイルドダンク,牡,5,55.0,487,-3,木間龍,藤原智,,10,1:41.7,42.4,12-11-11-11,7,487,-3
2025/01/09,浦和,3,特選Ｃ３二 三,1500,ダ,左,重,晴,12,8,12,ワールドバトル,セ,0,56.0,481,-1,野畑凌,海馬司,,11,1:42.0,43.0,9-8-8-10,11,481,-1
2025/01/09,浦和,3,特選Ｃ３二 三,1500,ダ,左,重,晴,12,5,5,シャコンヌ,セ,0,56.0,463,0,半澤慶,宇野博,,12,1:44.0,45.2,4-4-10-12,8,463,0
2025/01/09,浦和,4,Ｃ２十Ｃ３一,1500,ダ,左,重,晴,12,8,12,アンブレラダンス,牝,5,55.0,469,0,岡村健,平山真,,1,1:38.5,40.9,3-3-3-2,2,469,0
2025/01/09,浦和,4,Ｃ２十Ｃ３一,1500,ダ,左,重,晴,12,2,2,ギレルモ,セ,0,57.0,484,0,野畑凌,箕輪武,,2,1:38.6,41.4,1-1-1-1,3,484,0
2025/01/09,浦和,4,Ｃ２十Ｃ３一,1500,ダ,左,重,晴,12,5,5,プレストオメガ,牡,6,57.0,515,0,笠野雄,佐藤太,,3,1:39.4,40.7,10-9-7-6,7,515,0
2025/01/09,浦和,4,Ｃ２十Ｃ３一,1500,ダ,左,重,晴,12,6,7,ドローアプローズ,セ,0,57.0,496,-4,澤田龍,横山保,,4,1:39.8,41.4,5-6-6-3,5,496,-4
2025/01/09,浦和,4,Ｃ２十Ｃ３一,1500,ダ,左,重,晴,12,4,4,ピノヌイ,牡,4,57.0,507,3,阿部龍,野口孝,,5,1:39.9,39.7,11-11-11-9,11,507,3
2025/01/09,浦和,4,Ｃ２十Ｃ３一,1500,ダ,左,重,晴,12,7,9,スマイルスライヴ,セ,0,57.0,481,2,半澤慶,宇野博,,6,1:39.9,42.5,2-2-2-4,1,481,2
2025/01/09,浦和,4,Ｃ２十Ｃ３一,1500,ダ,左,重,晴,12,1,1,セイダンシング,牡,6,53.0,489,2,所　蛍,玉井昇,,7,1:40.5,41.5,9-8-9-10,4,489,2
2025/01/09,浦和,4,Ｃ２十Ｃ３一,1500,ダ,左,重,晴,12,5,6,ブライトオーシャン,セ,0,54.0,527,4,木間龍,野口寛,,8,1:40.6,42.1,8-7-7-8,12,527,4
2025/01/09,浦和,4,Ｃ２十Ｃ３一,1500,ダ,左,重,晴,12,6,8,クインズハッピー,牝,6,53.0,451,0,七夕裕,小林真,,9,1:40.7,42.6,6-5-4-5,9,451,0
2025/01/09,浦和,4,Ｃ２十Ｃ３一,1500,ダ,左,重,晴,12,3,3,セロリ,牝,4,52.0,464,-6,千野稜,野口寛,,10,1:41.0,42.7,4-4-5-7,8,464,-6
2025/01/09,浦和,4,Ｃ２十Ｃ３一,1500,ダ,左,重,晴,12,8,11,ジオパークピリカ,牝,4,55.0,415,-4,藤本現,川島豊,,11,1:41.5,41.9,7-10-10-11,10,415,-4
2025/01/09,浦和,4,Ｃ２十Ｃ３一,1500,ダ,左,重,晴,12,7,10,メグ,牝,5,55.0,484,0,山本紀,鹿沼和,,,,,,6,484,0
2025/01/09,浦和,5,特選Ｃ３二 三,1400,ダ,左,稍重,晴,11,4,4,キューランブラー,牝,6,54.0,451,1,篠谷葵,林正人,,1,1:30.8,39.5,1-1-1-1,3,451,1
2025/01/09,浦和,5,特選Ｃ３二 三,1400,ダ,左,稍重,晴,11,7,8,シャインルージュ,牝,5,54.0,494,-4,岡田大,吉田正,,2,1:32.2,40.8,3-3-3-3,9,494,-4
2025/01/09,浦和,5,特選Ｃ３二 三,1400,ダ,左,稍重,晴,11,7,9,ミミコチャン,牝,6,54.0,500,-1,半澤慶,宇野博,,3,1:32.3,40.8,5-5-4-4,10,500,-1
2025/01/09,浦和,5,特選Ｃ３二 三,1400,ダ,左,稍重,晴,11,1,1,モーニング,牡,5,56.0,475,-6,吉留孝,入口由,,4,1:32.4,40.2,9-10-7-8,4,475,-6
2025/01/09,浦和,5,特選Ｃ３二 三,1400,ダ,左,稍重,晴,11,6,6,イスラデルノルテ,牡,5,56.0,458,0,本橋孝,野口寛,,5,1:32.7,41.3,2-2-2-2,7,458,0
2025/01/09,浦和,5,特選Ｃ３二 三,1400,ダ,左,稍重,晴,11,3,3,シルバーペコ,牝,6,54.0,495,2,和田譲,酒井一,,6,1:32.8,41.2,4-4-5-5,5,495,2
2025/01/09,浦和,5,特選Ｃ３二 三,1400,ダ,左,稍重,晴,11,6,7,キタサンエポナ,牝,6,54.0,432,-7,笹川翼,繁田健,,7,1:33.3,41.3,7-7-6-6,1,432,-7
2025/01/09,浦和,5,特選Ｃ３二 三,1400,ダ,左,稍重,晴,11,8,11,ビービーファブル,牡,8,55.0,479,5,木間龍,坂本昇,,8,1:33.7,41.5,10-9-8-9,6,479,5
2025/01/09,浦和,5,特選Ｃ３二 三,1400,ダ,左,稍重,晴,11,5,5,トゥジアース,牡,6,56.0,494,-3,澤田龍,工藤伸,,9,1:34.8,42.6,6-6-10-10,2,494,-3
2025/01/09,浦和,5,特選Ｃ３二 三,1400,ダ,左,稍重,晴,11,8,10,アメ,牝,5,54.0,459,-2,阿部龍,長谷忍,,10,1:36.6,43.0,11-11-11-11,11,459,-2
2025/01/09,浦和,5,特選Ｃ３二 三,1400,ダ,左,稍重,晴,11,2,2,フレールジョワ,セ,0,56.0,512,1,保園翔,川村守,,,,,8-8-8-7,8,512,1
2025/01/09,浦和,6,Ｃ２六 七,1400,ダ,左,稍重,晴,12,1,1,ダノンレーニア,牝,4,54.0,435,8,本橋孝,小久智,,1,1:30.4,40.1,8-8-1-1,1,435,8
2025/01/09,浦和,6,Ｃ２六 七,1400,ダ,左,稍重,晴,12,5,5,デイスター,牡,8,56.0,450,1,福原杏,平山真,,2,1:31.4,40.5,7-6-3-3,4,450,1
2025/01/09,浦和,6,Ｃ２六 七,1400,ダ,左,稍重,晴,12,8,12,スマイルケイ,牝,4,54.0,498,0,張田昂,小澤宏,,3,1:31.4,41.1,1-1-2-2,2,498,0
2025/01/09,浦和,6,Ｃ２六 七,1400,ダ,左,稍重,晴,12,6,7,ケイアイマゴラ,セ,0,53.0,456,0,千野稜,内野健,,4,1:31.5,40.6,4-5-6-5,5,456,0
2025/01/09,浦和,6,Ｃ２六 七,1400,ダ,左,稍重,晴,12,8,11,エアシャロウ,セ,0,56.0,529,0,室陽一,箕輪武,,5,1:32.3,41.5,5-4-4-4,3,529,0
2025/01/09,浦和,6,Ｃ２六 七,1400,ダ,左,稍重,晴,12,7,9,アシャンテガール,牝,4,52.0,406,-4,所　蛍,藤原智,,6,1:32.7,40.4,10-10-9-7,8,406,-4
2025/01/09,浦和,6,Ｃ２六 七,1400,ダ,左,稍重,晴,12,6,8,リュウノリエゾン,牝,4,54.0,410,1,見越彬,鹿沼和,,7,1:33.0,40.2,11-11-11-9,11,410,1
2025/01/09,浦和,6,Ｃ２六 七,1400,ダ,左,稍重,晴,12,2,2,サンスズラン,牝,4,54.0,469,38,笹川翼,野口寛,,8,1:34.0,42.9,6-7-8-8,7,469,38
2025/01/09,浦和,6,Ｃ２六 七,1400,ダ,左,稍重,晴,12,3,3,シンボリタイプ,牡,5,56.0,532,-4,秋元耕,内野健,,9,1:34.1,40.7,12-12-12-10,10,532,-4
2025/01/09,浦和,6,Ｃ２六 七,1400,ダ,左,稍重,晴,12,5,6,ルージュルージュ,牝,4,54.0,453,2,加藤和,長谷忍,,10,1:34.3,43.7,2-2-5-6,9,453,2
2025/01/09,浦和,6,Ｃ２六 七,1400,ダ,左,稍重,晴,12,4,4,クインズミラ,牝,4,54.0,447,-13,赤津和,長谷忍,,11,1:34.8,42.9,9-9-10-12,12,447,-13
2025/01/09,浦和,6,Ｃ２六 七,1400,ダ,左,稍重,晴,12,7,10,レジーナデッラネラ,牝,4,54.0,434,9,山中悠,宇野博,,12,1:36.1,45.2,3-3-7-11,6,434,9
2025/01/09,浦和,7,Ｃ２六 七,1400,ダ,左,稍重,晴,12,4,4,サノノタルマエ,牝,5,54.0,468,0,達城龍,川島豊,,1,1:31.2,40.3,2-2-1-1,4,468,0
2025/01/09,浦和,7,Ｃ２六 七,1400,ダ,左,稍重,晴,12,5,5,メロパール,牝,5,54.0,463,7,山中悠,小澤宏,,2,1:32.1,41.0,3-3-2-2,5,463,7
2025/01/09,浦和,7,Ｃ２六 七,1400,ダ,左,稍重,晴,12,7,10,リアリータイト,牝,4,54.0,484,-1,室陽一,箕輪武,,3,1:32.2,41.1,4-6-4-3,2,484,-1
2025/01/09,浦和,7,Ｃ２六 七,1400,ダ,左,稍重,晴,12,6,8,タイヘイノヨ,セ,0,55.0,518,1,木間龍,工藤伸,,4,1:32.4,41.1,6-7-5-5,3,518,1
2025/01/09,浦和,7,Ｃ２六 七,1400,ダ,左,稍重,晴,12,3,3,ランウェイクイーン,牝,4,54.0,451,-3,野畑凌,小澤宏,,5,1:33.2,42.3,1-1-2-4,12,451,-3
2025/01/09,浦和,7,Ｃ２六 七,1400,ダ,左,稍重,晴,12,1,1,チイサナイヤリング,牝,4,54.0,459,1,岡田大,鹿沼和,,6,1:33.2,41.7,8-8-9-8,11,459,1
2025/01/09,浦和,7,Ｃ２六 七,1400,ダ,左,稍重,晴,12,5,6,チカチャン,牝,4,54.0,421,-2,七夕裕,平山真,,7,1:33.4,41.8,11-10-8-7,7,421,-2
2025/01/09,浦和,7,Ｃ２六 七,1400,ダ,左,稍重,晴,12,2,2,ジョーサルーテ,牝,4,54.0,460,2,落合玄,小久智,,8,1:33.6,42.3,5-4-6-6,1,460,2
2025/01/09,浦和,7,Ｃ２六 七,1400,ダ,左,稍重,晴,12,7,9,シラセ,牝,6,54.0,439,-4,山口達,林正人,,9,1:34.2,42.4,9-11-11-11,8,439,-4
2025/01/09,浦和,7,Ｃ２六 七,1400,ダ,左,稍重,晴,12,8,12,リュウノブライダー,牡,4,56.0,492,14,阿部龍,野口孝,,10,1:34.6,42.0,12-12-12-12,10,492,14
2025/01/09,浦和,7,Ｃ２六 七,1400,ダ,左,稍重,晴,12,8,11,ラブルパイル,牡,5,56.0,472,2,高橋哲,吉田正,,11,1:35.1,43.6,10-9-10-10,9,472,2
2025/01/09,浦和,7,Ｃ２六 七,1400,ダ,左,稍重,晴,12,6,7,ミスレイヴバンプ,牝,4,54.0,486,-9,和田譲,繁田健,,12,1:35.4,44.1,7-5-6-9,6,486,-9
2025/01/09,浦和,8,特選Ｂ３四,1500,ダ,左,稍重,晴,12,2,2,スモークフレイバー,牡,4,56.0,494,-1,笹川翼,繁田健,,1,1:36.9,39.1,1-1-1-1,1,494,-1
2025/01/09,浦和,8,特選Ｂ３四,1500,ダ,左,稍重,晴,12,1,1,ハチャトリアン,牡,4,56.0,482,1,張田昂,平山真,,2,1:37.6,39.6,4-4-4-2,2,482,1
2025/01/09,浦和,8,特選Ｂ３四,1500,ダ,左,稍重,晴,12,4,4,ミラクルランバック,牡,6,56.0,537,-2,阿部龍,藤原智,,3,1:37.9,39.3,7-8-6-4,8,537,-2
2025/01/09,浦和,8,特選Ｂ３四,1500,ダ,左,稍重,晴,12,5,6,オキサパンパ,牡,5,56.0,467,2,山口達,渋谷博,,4,1:38.2,39.0,12-11-12-9,5,467,2
2025/01/09,浦和,8,特選Ｂ３四,1500,ダ,左,稍重,晴,12,5,5,ダイバオーソ,牡,7,56.0,477,4,藤江渉,箕輪武,,5,1:38.3,39.5,8-7-8-7,7,477,4
2025/01/09,浦和,8,特選Ｂ３四,1500,ダ,左,稍重,晴,12,7,9,リョウタスペシャル,牡,5,56.0,446,0,福原杏,小澤宏,,6,1:38.4,40.6,2-2-3-3,6,446,0
2025/01/09,浦和,8,特選Ｂ３四,1500,ダ,左,稍重,晴,12,3,3,マイドオオキニ,牝,4,54.0,450,16,落合玄,小久智,,7,1:38.6,40.3,5-5-5-6,3,450,16
2025/01/09,浦和,8,特選Ｂ３四,1500,ダ,左,稍重,晴,12,6,8,ヴェルデヴェント,牝,6,54.0,442,2,岡村健,岡林光,,8,1:38.9,39.9,9-9-8-8,11,442,2
2025/01/09,浦和,8,特選Ｂ３四,1500,ダ,左,稍重,晴,12,7,10,アルサーフィ,牡,4,56.0,472,-1,庄司大,箕輪武,,9,1:39.2,41.4,3-3-2-5,9,472,-1
2025/01/09,浦和,8,特選Ｂ３四,1500,ダ,左,稍重,晴,12,8,12,レッドロムルス,牡,7,56.0,461,1,和田譲,新井清,,10,1:40.0,41.6,6-6-7-10,4,461,1
2025/01/09,浦和,8,特選Ｂ３四,1500,ダ,左,稍重,晴,12,8,11,アニモ,牝,4,54.0,424,0,赤津和,川島豊,,11,1:40.8,41.5,11-10-11-11,12,424,0
2025/01/09,浦和,8,特選Ｂ３四,1500,ダ,左,稍重,晴,12,6,7,クリノカイザー,牡,7,56.0,560,20,七夕裕,鹿沼和,,12,1:43.9,44.8,10-12-10-12,10,560,20
2025/01/09,浦和,9,ＵＲＡＷＡなでしこオープン３歳牝馬,1400,ダ,左,稍重,晴,12,7,9,リヴェルベロ,牝,3,55.0,483,5,木間龍,矢野義,,1,1:31.2,41.6,2-1-1-1,4,483,5
2025/01/09,浦和,9,ＵＲＡＷＡなでしこオープン３歳牝馬,1400,ダ,左,稍重,晴,12,6,8,ナーヴィスゼータ,牝,3,54.0,468,4,笹川翼,宇野博,,2,1:31.2,40.7,6-7-5-2,6,468,4
2025/01/09,浦和,9,ＵＲＡＷＡなでしこオープン３歳牝馬,1400,ダ,左,稍重,晴,12,2,2,イナダヒメ,牝,3,54.0,426,-2,福原杏,繁田健,,3,1:31.3,40.8,7-6-6-4,3,426,-2
2025/01/09,浦和,9,ＵＲＡＷＡなでしこオープン３歳牝馬,1400,ダ,左,稍重,晴,12,1,1,アズキチャン,牝,3,54.0,473,-4,和田譲,野口寛,,4,1:31.4,41.1,4-4-4-3,2,473,-4
2025/01/09,浦和,9,ＵＲＡＷＡなでしこオープン３歳牝馬,1400,ダ,左,稍重,晴,12,5,5,ビナハイフォン,牝,3,54.0,487,-8,岡村健,酒井一,,5,1:32.6,40.6,8-10-11-5,10,487,-8
2025/01/09,浦和,9,ＵＲＡＷＡなでしこオープン３歳牝馬,1400,ダ,左,稍重,晴,12,3,3,ラグーン,牝,3,54.0,440,-4,野畑凌,水野貴,,6,1:32.9,41.8,9-8-8-8,9,440,-4
2025/01/09,浦和,9,ＵＲＡＷＡなでしこオープン３歳牝馬,1400,ダ,左,稍重,晴,12,7,10,クマノコ,牝,3,54.0,455,-4,張田昂,宇野博,,7,1:32.9,40.3,12-12-12-10,11,455,-4
2025/01/09,浦和,9,ＵＲＡＷＡなでしこオープン３歳牝馬,1400,ダ,左,稍重,晴,12,4,4,ニンリル,牝,3,54.0,457,-4,阿部龍,平山真,,8,1:33.1,42.6,5-5-7-7,8,457,-4
2025/01/09,浦和,9,ＵＲＡＷＡなでしこオープン３歳牝馬,1400,ダ,左,稍重,晴,12,5,6,ユウユウロザリウム,牝,3,51.0,448,2,千野稜,横山保,,9,1:33.2,41.7,10-9-9-6,12,448,2
2025/01/09,浦和,9,ＵＲＡＷＡなでしこオープン３歳牝馬,1400,ダ,左,稍重,晴,12,6,7,ヨルノチョウ,牝,3,54.0,465,4,笠野雄,平山真,,10,1:33.4,41.4,11-11-10-11,7,465,4
2025/01/09,浦和,9,ＵＲＡＷＡなでしこオープン３歳牝馬,1400,ダ,左,稍重,晴,12,8,11,ジョートビー,牝,3,55.0,514,5,落合玄,小久智,,11,1:35.0,45.3,1-2-2-9,1,514,5
2025/01/09,浦和,9,ＵＲＡＷＡなでしこオープン３歳牝馬,1400,ダ,左,稍重,晴,12,8,12,キックス,牝,3,54.0,468,-2,七夕裕,鹿沼和,,,,,3-3-3-12,5,468,-2
2025/01/09,浦和,10,新春賞Ａ２下,1400,ダ,左,稍重,晴,9,3,3,タブラオ,セ,0,57.0,486,3,今野忠,荒山勝,,1,1:28.6,39.3,5-5-3-2,1,486,3
2025/01/09,浦和,10,新春賞Ａ２下,1400,ダ,左,稍重,晴,9,2,2,ビナサクセス,牡,7,55.0,514,1,和田譲,水野貴,,2,1:29.4,40.4,2-2-2-3,7,514,1
2025/01/09,浦和,10,新春賞Ａ２下,1400,ダ,左,稍重,晴,9,1,1,ティーファイブ,牡,6,55.0,476,-3,落合玄,小久智,,3,1:29.5,40.6,1-1-1-1,3,476,-3
2025/01/09,浦和,10,新春賞Ａ２下,1400,ダ,左,稍重,晴,9,4,4,ミズワリヲクダサイ,牡,5,55.0,479,4,山中悠,宇野博,,4,1:29.6,39.8,6-7-7-6,8,479,4
2025/01/09,浦和,10,新春賞Ａ２下,1400,ダ,左,稍重,晴,9,5,5,ジュネス,牝,8,53.0,498,1,見越彬,小久智,,5,1:29.6,40.1,7-6-4-4,4,498,1
2025/01/09,浦和,10,新春賞Ａ２下,1400,ダ,左,稍重,晴,9,8,8,ライゾマティクス,牡,4,57.0,506,0,阿部龍,小久智,,6,1:30.1,40.6,4-4-5-5,6,506,0
2025/01/09,浦和,10,新春賞Ａ２下,1400,ダ,左,稍重,晴,9,7,7,ロードアブソルート,牡,9,55.0,457,4,山本紀,伊藤滋,,7,1:30.9,39.7,9-9-9-7,9,457,4
2025/01/09,浦和,10,新春賞Ａ２下,1400,ダ,左,稍重,晴,9,6,6,ダイメイコリーダ,牡,8,57.0,521,1,吉留孝,野口孝,,8,1:32.0,41.0,8-8-8-9,5,521,1
2025/01/09,浦和,10,新春賞Ａ２下,1400,ダ,左,稍重,晴,9,8,9,サラサワン,セ,0,53.0,498,-4,野畑凌,山崎裕,,9,1:33.6,44.3,3-3-6-8,2,498,-4
2025/01/09,浦和,11,福寿草特別Ｃ２二,1500,ダ,左,稍重,晴,12,3,3,エイシンスコッティ,セ,0,56.0,559,1,本橋孝,石井勝,,1,1:37.2,40.5,8-8-1-1,1,559,1
2025/01/09,浦和,11,福寿草特別Ｃ２二,1500,ダ,左,稍重,晴,12,8,11,ココモローズ,牝,4,54.0,432,-5,笹川翼,藤原智,,2,1:37.6,40.7,7-6-5-2,3,432,-5
2025/01/09,浦和,11,福寿草特別Ｃ２二,1500,ダ,左,稍重,晴,12,1,1,アマモト,牡,4,56.0,469,-3,野畑凌,水野貴,,3,1:38.1,41.4,5-5-5-3,10,469,-3
2025/01/09,浦和,11,福寿草特別Ｃ２二,1500,ダ,左,稍重,晴,12,8,12,ニシノウール,牡,5,56.0,490,12,岡田大,冨田敏,,4,1:38.9,40.2,12-12-11-6,12,490,12
2025/01/09,浦和,11,福寿草特別Ｃ２二,1500,ダ,左,稍重,晴,12,2,2,サンクラフィーネ,牝,4,54.0,489,4,保園翔,野口寛,,5,1:39.8,42.4,9-9-9-5,8,489,4
2025/01/09,浦和,11,福寿草特別Ｃ２二,1500,ダ,左,稍重,晴,12,5,5,マーシャルテイル,牡,4,56.0,471,-1,和田譲,入口由,,6,1:40.3,43.9,3-3-4-4,5,471,-1
2025/01/09,浦和,11,福寿草特別Ｃ２二,1500,ダ,左,稍重,晴,12,7,9,ツーエムルーイー,牝,5,54.0,541,-2,山中悠,小澤宏,,7,1:40.5,43.4,6-7-8-7,11,541,-2
2025/01/09,浦和,11,福寿草特別Ｃ２二,1500,ダ,左,稍重,晴,12,6,7,プラビータ,牝,4,54.0,502,-7,落合玄,小久智,,8,1:40.5,43.8,4-4-7-8,4,502,-7
2025/01/09,浦和,11,福寿草特別Ｃ２二,1500,ダ,左,稍重,晴,12,6,8,イエローベル,牝,4,54.0,460,-3,見越彬,小久智,,9,1:41.3,42.8,11-11-12-12,7,460,-3
2025/01/09,浦和,11,福寿草特別Ｃ２二,1500,ダ,左,稍重,晴,12,5,6,ジューンサレンダー,牡,4,56.0,443,-4,福原杏,川村守,,10,1:41.3,43.6,10-10-10-11,9,443,-4
2025/01/09,浦和,11,福寿草特別Ｃ２二,1500,ダ,左,稍重,晴,12,7,10,ビナサイゴン,牡,4,56.0,526,0,阿部龍,水野貴,,11,1:41.8,45.7,2-2-2-9,6,526,0
2025/01/09,浦和,11,福寿草特別Ｃ２二,1500,ダ,左,稍重,晴,12,4,4,ウルトラワールド,牡,5,56.0,472,-4,吉留孝,鹿沼和,,12,1:42.2,46.1,1-1-2-9,2,472,-4
2025/01/09,浦和,12,初春特別Ｂ３Ｃ１選抜馬,2000,ダ,左,稍重,晴,12,5,5,ジオヴィグラス,セ,0,55.0,462,0,室陽一,吉田正,,1,2:12.9,39.7,6-6-3-1,8,462,0
2025/01/09,浦和,12,初春特別Ｂ３Ｃ１選抜馬,2000,ダ,左,稍重,晴,12,7,10,オーシンスキャット,牡,4,55.0,484,0,落合玄,小久智,,2,2:13.8,41.2,1-1-1-2,1,484,0
2025/01/09,浦和,12,初春特別Ｂ３Ｃ１選抜馬,2000,ダ,左,稍重,晴,12,4,4,プリンスオーソ,牡,5,55.0,470,-9,加藤和,長谷忍,,3,2:15.0,41.7,5-5-5-3,7,470,-9
2025/01/09,浦和,12,初春特別Ｂ３Ｃ１選抜馬,2000,ダ,左,稍重,晴,12,5,6,アパショナード,牡,6,55.0,436,2,秋元耕,薮口一,,4,2:15.0,41.8,4-4-4-5,3,436,2
2025/01/09,浦和,12,初春特別Ｂ３Ｃ１選抜馬,2000,ダ,左,稍重,晴,12,7,9,フォートウィリアム,セ,0,55.0,510,-2,笹川翼,小澤宏,,5,2:15.2,42.4,2-2-2-4,2,510,-2
2025/01/09,浦和,12,初春特別Ｂ３Ｃ１選抜馬,2000,ダ,左,稍重,晴,12,6,8,ヴァレンテ,牡,4,55.0,514,7,笠野雄,平山真,,6,2:15.3,40.6,10-11-8-7,6,514,7
2025/01/09,浦和,12,初春特別Ｂ３Ｃ１選抜馬,2000,ダ,左,稍重,晴,12,6,7,コスモパンドラ,牝,6,53.0,469,-1,野畑凌,箕輪武,,7,2:15.9,42.0,8-7-7-6,5,469,-1
2025/01/09,浦和,12,初春特別Ｂ３Ｃ１選抜馬,2000,ダ,左,稍重,晴,12,8,12,サンレブンワース,セ,0,55.0,503,1,阿部龍,工藤伸,,8,2:16.1,41.6,11-10-9-9,10,503,1
2025/01/09,浦和,12,初春特別Ｂ３Ｃ１選抜馬,2000,ダ,左,稍重,晴,12,8,11,キミトユメヲカケル,牝,5,53.0,433,7,保園翔,長谷忍,,9,2:17.3,42.4,9-9-11-10,9,433,7
2025/01/09,浦和,12,初春特別Ｂ３Ｃ１選抜馬,2000,ダ,左,稍重,晴,12,1,1,イエヴァンポルッカ,牡,6,57.0,521,-7,福原杏,宇野博,,10,2:17.6,44.3,3-3-6-8,4,521,-7
2025/01/09,浦和,12,初春特別Ｂ３Ｃ１選抜馬,2000,ダ,左,稍重,晴,12,3,3,コスモビートイット,牡,8,55.0,498,-2,高橋哲,川島豊,,11,2:17.8,43.1,7-8-10-11,11,498,-2
2025/01/09,浦和,12,初春特別Ｂ３Ｃ１選抜馬,2000,ダ,左,稍重,晴,12,2,2,アルバスドラコ,セ,0,57.0,480,-1,張田昂,小澤宏,,,,,,,480,-1
2025/01/10,浦和,1,Ｃ３ ４歳ウ,1400,ダ,左,稍重,晴,12,8,11,ワンダーフィール,牡,4,56.0,486,-1,赤津和,鈴木勝,,1,1:32.5,39.5,1-2-2-2,4,486,-1
2025/01/10,浦和,1,Ｃ３ ４歳ウ,1400,ダ,左,稍重,晴,12,8,12,ファーストクラウン,牝,4,54.0,508,-5,見越彬,川島豊,,2,1:32.7,40.5,2-1-1-1,5,508,-5
2025/01/10,浦和,1,Ｃ３ ４歳ウ,1400,ダ,左,稍重,晴,12,4,4,アティランレーヴ,牝,4,54.0,506,2,秋元耕,小林真,,3,1:33.2,39.3,8-7-5-3,10,506,2
2025/01/10,浦和,1,Ｃ３ ４歳ウ,1400,ダ,左,稍重,晴,12,5,6,マメゾウシンヤ,牡,4,56.0,0,0,福原杏,水野貴,,4,1:33.5,40.3,3-3-3-4,1,0,0
2025/01/10,浦和,1,Ｃ３ ４歳ウ,1400,ダ,左,稍重,晴,12,6,7,フィロンドール,牝,4,52.0,470,-4,中島良,川島豊,,5,1:33.8,39.7,9-8-6-6,2,470,-4
2025/01/10,浦和,1,Ｃ３ ４歳ウ,1400,ダ,左,稍重,晴,12,7,10,リュウノツライフ,牡,4,56.0,464,-4,内田利,野口孝,,6,1:34.0,40.7,6-4-4-5,9,464,-4
2025/01/10,浦和,1,Ｃ３ ４歳ウ,1400,ダ,左,稍重,晴,12,5,5,ジョリピエ,牝,4,54.0,512,6,吉留孝,薮口一,,7,1:34.4,40.3,5-6-7-7,8,512,6
2025/01/10,浦和,1,Ｃ３ ４歳ウ,1400,ダ,左,稍重,晴,12,3,3,イキナリイイネ,牡,4,53.0,436,5,千野稜,箕輪武,,8,1:36.5,41.7,11-11-10-9,7,436,5
2025/01/10,浦和,1,Ｃ３ ４歳ウ,1400,ダ,左,稍重,晴,12,6,8,ファリナータ,牝,4,54.0,427,0,高橋哲,鈴木勝,,9,1:36.5,41.9,7-9-11-10,3,427,0
2025/01/10,浦和,1,Ｃ３ ４歳ウ,1400,ダ,左,稍重,晴,12,1,1,チカーラ,牡,4,56.0,507,-4,七夕裕,小林真,,10,1:37.5,43.1,10-10-8-8,12,507,-4
2025/01/10,浦和,1,Ｃ３ ４歳ウ,1400,ダ,左,稍重,晴,12,7,9,リトルブラック,牝,4,54.0,365,6,室陽一,平山真,,11,1:38.2,44.1,4-5-9-11,11,365,6
2025/01/10,浦和,1,Ｃ３ ４歳ウ,1400,ダ,左,稍重,晴,12,2,2,オリズジーニー,牡,4,56.0,0,0,藤江渉,宇野博,,12,1:38.6,41.6,12-12-12-12,6,0,0
2025/01/10,浦和,2,ランチタイムチャレンジＣ２八 九,1400,ダ,左,稍重,晴,12,8,11,シーギリア,牝,5,54.0,471,-3,保園翔,野口寛,,1,1:31.0,40.6,4-3-2-1,1,471,-3
2025/01/10,浦和,2,ランチタイムチャレンジＣ２八 九,1400,ダ,左,稍重,晴,12,1,1,ユメミルツキ,牝,6,54.0,480,3,福原杏,鹿沼和,,2,1:31.3,40.7,3-4-3-2,2,480,3
2025/01/10,浦和,2,ランチタイムチャレンジＣ２八 九,1400,ダ,左,稍重,晴,12,8,12,スーパーキング,牡,4,56.0,514,1,室陽一,横山保,,3,1:32.1,40.8,7-7-7-5,3,514,1
2025/01/10,浦和,2,ランチタイムチャレンジＣ２八 九,1400,ダ,左,稍重,晴,12,4,4,ワカメチャン,牝,4,54.0,485,-9,阿部龍,宇野博,,4,1:32.3,40.3,9-10-9-6,5,485,-9
2025/01/10,浦和,2,ランチタイムチャレンジＣ２八 九,1400,ダ,左,稍重,晴,12,5,6,キミニメロメロ,牝,4,54.0,463,3,秋元耕,吉田正,,5,1:32.5,42.3,1-1-1-3,4,463,3
2025/01/10,浦和,2,ランチタイムチャレンジＣ２八 九,1400,ダ,左,稍重,晴,12,7,9,ボビン,牝,9,54.0,437,1,内田利,内野健,,6,1:32.7,41.9,5-5-5-4,6,437,1
2025/01/10,浦和,2,ランチタイムチャレンジＣ２八 九,1400,ダ,左,稍重,晴,12,2,2,ラララランランラン,牝,4,54.0,408,-5,見越彬,内野健,,7,1:33.0,40.8,10-9-10-8,11,408,-5
2025/01/10,浦和,2,ランチタイムチャレンジＣ２八 九,1400,ダ,左,稍重,晴,12,5,5,アマゴ,牝,6,54.0,473,13,今野忠,箕輪武,,8,1:33.2,41.6,8-8-8-9,9,473,13
2025/01/10,浦和,2,ランチタイムチャレンジＣ２八 九,1400,ダ,左,稍重,晴,12,6,8,シェナテイオー,牡,4,56.0,449,-2,岡田大,吉田正,,9,1:34.0,41.8,12-11-11-10,12,449,-2
2025/01/10,浦和,2,ランチタイムチャレンジＣ２八 九,1400,ダ,左,稍重,晴,12,6,7,ヴァンクールシチー,牡,6,56.0,438,5,半澤慶,工藤伸,,10,1:34.2,43.9,2-2-4-7,8,438,5
2025/01/10,浦和,2,ランチタイムチャレンジＣ２八 九,1400,ダ,左,稍重,晴,12,7,10,フォーゲルヴァイデ,牡,4,56.0,481,-2,七夕裕,川島豊,,11,1:34.3,41.5,11-12-12-12,7,481,-2
2025/01/10,浦和,2,ランチタイムチャレンジＣ２八 九,1400,ダ,左,稍重,晴,12,3,3,スイートウィル,牝,4,54.0,417,-14,加藤和,川島豊,,12,1:35.9,44.8,6-6-6-11,10,417,-14
2025/01/10,浦和,3,浦和８００ラウンドＣ２選抜馬イ,800,ダ,左,稍重,晴,12,6,7,リュミヌーフィーユ,牝,5,54.0,522,-2,福原杏,繁田健,,1,0:48.2,36.1,1-1,2,522,-2
2025/01/10,浦和,3,浦和８００ラウンドＣ２選抜馬イ,800,ダ,左,稍重,晴,12,8,11,ファセリア,牡,4,56.0,472,1,七夕裕,横山保,,2,0:48.2,35.7,3-2,1,472,1
2025/01/10,浦和,3,浦和８００ラウンドＣ２選抜馬イ,800,ダ,左,稍重,晴,12,7,9,アライグマパンチ,牡,4,56.0,460,1,内田利,箕輪武,,3,0:48.6,36.3,2-3,3,460,1
2025/01/10,浦和,3,浦和８００ラウンドＣ２選抜馬イ,800,ダ,左,稍重,晴,12,2,2,ロトカグラ,牡,4,56.0,494,4,落合玄,水野貴,,4,0:48.6,36.0,6-6,4,494,4
2025/01/10,浦和,3,浦和８００ラウンドＣ２選抜馬イ,800,ダ,左,稍重,晴,12,3,3,エースクイーン,牝,5,54.0,433,9,岡村健,宇野博,,5,0:48.7,36.2,4-4,9,433,9
2025/01/10,浦和,3,浦和８００ラウンドＣ２選抜馬イ,800,ダ,左,稍重,晴,12,6,8,シントーツバキ,牝,5,54.0,425,-1,藤本現,酒井一,,6,0:49.5,36.5,9-8,12,425,-1
2025/01/10,浦和,3,浦和８００ラウンドＣ２選抜馬イ,800,ダ,左,稍重,晴,12,1,1,メラスクリオス,牝,6,54.0,448,-9,半澤慶,宇野博,,7,0:49.6,37.1,5-5,5,448,-9
2025/01/10,浦和,3,浦和８００ラウンドＣ２選抜馬イ,800,ダ,左,稍重,晴,12,5,6,ピースリアン,牡,8,53.0,488,2,千野稜,横山保,,8,0:49.7,37.1,7-7,8,488,2
2025/01/10,浦和,3,浦和８００ラウンドＣ２選抜馬イ,800,ダ,左,稍重,晴,12,8,12,ササキンポピー,牝,4,54.0,449,13,高橋哲,水野貴,,9,0:49.8,37.0,8-9,7,449,13
2025/01/10,浦和,3,浦和８００ラウンドＣ２選抜馬イ,800,ダ,左,稍重,晴,12,4,4,ファイアスター,牡,4,56.0,472,0,本橋孝,工藤伸,,10,0:50.2,36.8,11-11,6,472,0
2025/01/10,浦和,3,浦和８００ラウンドＣ２選抜馬イ,800,ダ,左,稍重,晴,12,5,5,タイニーパワー,牡,8,56.0,474,8,加藤和,薮口一,,11,0:50.3,36.8,12-12,10,474,8
2025/01/10,浦和,3,浦和８００ラウンドＣ２選抜馬イ,800,ダ,左,稍重,晴,12,7,10,エキュルイユ,牝,4,54.0,474,16,藤江渉,酒井一,,12,0:50.8,37.6,10-10,11,474,16
2025/01/10,浦和,4,３歳六,1400,ダ,左,稍重,晴,8,1,1,タカイチフリオーソ,牝,3,54.0,0,0,吉留孝,薮口一,,1,1:34.1,40.6,4-4-5-3,1,0,0
2025/01/10,浦和,4,３歳六,1400,ダ,左,稍重,晴,8,2,2,キンピカ,牡,3,55.0,388,-3,木間龍,工藤伸,,2,1:34.3,41.0,1-1-1-1,6,388,-3
2025/01/10,浦和,4,３歳六,1400,ダ,左,稍重,晴,8,6,6,フィールドカーン,牡,3,56.0,0,0,室陽一,繁田健,,3,1:35.3,41.8,6-5-4-2,2,0,0
2025/01/10,浦和,4,３歳六,1400,ダ,左,稍重,晴,8,7,7,タカラハンター,牡,3,56.0,503,9,阿部龍,長谷忍,,4,1:35.8,42.5,2-2-2-4,3,503,9
2025/01/10,浦和,4,３歳六,1400,ダ,左,稍重,晴,8,4,4,サヨノボナンザ,牝,3,54.0,428,-12,野畑凌,工藤伸,,5,1:36.5,42.2,5-8-7-5,7,428,-12
2025/01/10,浦和,4,３歳六,1400,ダ,左,稍重,晴,8,8,8,モーモーネイビー,牝,3,54.0,459,10,秋元耕,海馬司,,6,1:37.0,42.9,7-6-6-7,5,459,10
2025/01/10,浦和,4,３歳六,1400,ダ,左,稍重,晴,8,3,3,クレイジーホース,牡,3,56.0,0,0,福原杏,長谷忍,,7,1:38.0,44.7,3-3-3-6,4,0,0
2025/01/10,浦和,4,３歳六,1400,ダ,左,稍重,晴,8,5,5,スピークオブデビル,牝,3,54.0,0,0,加藤和,長谷忍,,8,1:39.0,44.5,8-7-8-8,8,0,0
2025/01/10,浦和,5,３歳五,1400,ダ,左,稍重,晴,12,6,7,サヨノフトゥーラ,牡,3,55.0,427,-6,木間龍,工藤伸,,1,1:34.1,41.6,7-7-5-6,10,427,-6
2025/01/10,浦和,5,３歳五,1400,ダ,左,稍重,晴,12,3,3,ミラクルライズ,牡,3,56.0,453,-3,加藤和,薮口一,,2,1:34.2,42.3,4-5-1-1,8,453,-3
2025/01/10,浦和,5,３歳五,1400,ダ,左,稍重,晴,12,8,12,ハシリマッセ,牡,3,56.0,452,-4,福原杏,川島豊,,3,1:34.7,42.0,10-11-6-3,1,452,-4
2025/01/10,浦和,5,３歳五,1400,ダ,左,稍重,晴,12,1,1,カクシンドリーム,牝,3,54.0,415,-5,室陽一,酒井一,,4,1:34.8,42.5,5-4-3-2,7,415,-5
2025/01/10,浦和,5,３歳五,1400,ダ,左,稍重,晴,12,7,10,ハーシュミストレス,牝,3,54.0,443,-2,藤江渉,酒井一,,5,1:34.9,42.4,6-6-7-4,9,443,-2
2025/01/10,浦和,5,３歳五,1400,ダ,左,稍重,晴,12,2,2,ユウユウニコヴィア,牝,3,54.0,0,0,吉留孝,横山保,,6,1:35.3,42.4,9-9-10-8,11,0,0
2025/01/10,浦和,5,３歳五,1400,ダ,左,稍重,晴,12,5,6,ヒロノカッター,牡,3,56.0,477,-2,高橋哲,薮口一,,7,1:35.6,42.5,11-10-11-11,5,477,-2
2025/01/10,浦和,5,３歳五,1400,ダ,左,稍重,晴,12,4,4,カネミツツイスト,牡,3,56.0,433,3,七夕裕,水野貴,,8,1:35.6,43.7,1-1-2-5,3,433,3
2025/01/10,浦和,5,３歳五,1400,ダ,左,稍重,晴,12,7,9,ジャルディブラック,牝,3,51.0,394,4,加藤雄,水野貴,,9,1:35.6,43.5,3-3-4-7,2,394,4
2025/01/10,浦和,5,３歳五,1400,ダ,左,稍重,晴,12,5,5,エスケイレーブ,牝,3,54.0,417,1,岡田大,薮口一,,10,1:36.2,42.8,12-12-12-9,12,417,1
2025/01/10,浦和,5,３歳五,1400,ダ,左,稍重,晴,12,8,11,キョウエイサマンサ,牝,3,54.0,460,5,野畑凌,小澤宏,,11,1:36.6,44.0,8-8-8-10,4,460,5
2025/01/10,浦和,5,３歳五,1400,ダ,左,稍重,晴,12,6,8,ミラコロヴァーグ,牡,3,56.0,473,19,秋元耕,小澤宏,,12,1:40.7,48.4,2-2-9-12,6,473,19
2025/01/10,浦和,6,３歳四,1400,ダ,左,稍重,晴,11,6,7,スタークイック,牝,3,53.0,405,-10,木間龍,小澤宏,,1,1:32.3,39.9,8-8-7-4,4,405,-10
2025/01/10,浦和,6,３歳四,1400,ダ,左,稍重,晴,11,4,4,パラソーレ,牝,3,54.0,432,-5,笹川翼,水野貴,,2,1:32.4,41.2,2-2-2-1,3,432,-5
2025/01/10,浦和,6,３歳四,1400,ダ,左,稍重,晴,11,8,10,ノヴァヴィア,牝,3,51.0,444,-31,千野稜,小久智,,3,1:33.3,41.9,5-4-3-3,2,444,-31
2025/01/10,浦和,6,３歳四,1400,ダ,左,稍重,晴,11,2,2,プレストワンダ,牝,3,54.0,449,-4,山中悠,小澤宏,,4,1:33.4,42.3,1-1-1-2,7,449,-4
2025/01/10,浦和,6,３歳四,1400,ダ,左,稍重,晴,11,6,6,ブーシェノワール,牝,3,54.0,398,0,室陽一,酒井一,,5,1:33.7,40.7,10-10-8-8,10,398,0
2025/01/10,浦和,6,３歳四,1400,ダ,左,稍重,晴,11,1,1,ブラックアスラーダ,牡,3,56.0,464,2,赤津和,箕輪武,,6,1:33.8,40.8,9-9-10-9,11,464,2
2025/01/10,浦和,6,３歳四,1400,ダ,左,稍重,晴,11,7,8,クリナデシコ,牝,3,54.0,470,-6,岡田大,冨田敏,,7,1:33.9,42.4,4-5-4-5,9,470,-6
2025/01/10,浦和,6,３歳四,1400,ダ,左,稍重,晴,11,8,11,メイジョウビット,牝,3,54.0,439,3,藤江渉,酒井一,,8,1:34.1,42.3,7-7-6-6,8,439,3
2025/01/10,浦和,6,３歳四,1400,ダ,左,稍重,晴,11,3,3,グリーンウォレス,セ,0,56.0,462,-2,保園翔,川村守,,9,1:34.7,43.2,6-6-5-7,1,462,-2
2025/01/10,浦和,6,３歳四,1400,ダ,左,稍重,晴,11,5,5,フィアレスヒーロー,牡,3,56.0,484,-2,七夕裕,川村守,,10,1:34.9,40.9,11-11-11-10,5,484,-2
2025/01/10,浦和,6,３歳四,1400,ダ,左,稍重,晴,11,7,9,ホロキキ,牝,3,54.0,444,-2,岩橋勇,藤原智,,11,1:40.1,48.0,3-3-9-11,6,444,-2
2025/01/10,浦和,7,ここが好き、やっぱり好き川島町Ｃ２八 九,1500,ダ,左,稍重,晴,12,6,7,デルマプルシャ,セ,0,56.0,480,1,野畑凌,箕輪武,,1,1:36.9,38.8,1-1-1-1,1,480,1
2025/01/10,浦和,7,ここが好き、やっぱり好き川島町Ｃ２八 九,1500,ダ,左,稍重,晴,12,3,3,ランディー,牡,5,56.0,472,1,落合玄,小久智,,2,1:37.6,38.9,3-5-4-3,3,472,1
2025/01/10,浦和,7,ここが好き、やっぱり好き川島町Ｃ２八 九,1500,ダ,左,稍重,晴,12,8,11,ベストリターナー,セ,0,56.0,538,-3,笹川翼,宇野博,,3,1:37.8,39.6,2-2-2-2,2,538,-3
2025/01/10,浦和,7,ここが好き、やっぱり好き川島町Ｃ２八 九,1500,ダ,左,稍重,晴,12,4,4,クリーンブラボー,牝,4,54.0,416,-3,町田直,水野貴,,4,1:38.5,39.3,7-7-6-6,9,416,-3
2025/01/10,浦和,7,ここが好き、やっぱり好き川島町Ｃ２八 九,1500,ダ,左,稍重,晴,12,6,8,ハーモニーヤマト,牡,8,56.0,462,9,本田重,新井清,,5,1:38.8,40.4,5-3-3-4,5,462,9
2025/01/10,浦和,7,ここが好き、やっぱり好き川島町Ｃ２八 九,1500,ダ,左,稍重,晴,12,2,2,ローゼシュティア,牝,6,54.0,483,0,保園翔,野口孝,,6,1:38.9,39.4,9-10-9-7,6,483,0
2025/01/10,浦和,7,ここが好き、やっぱり好き川島町Ｃ２八 九,1500,ダ,左,稍重,晴,12,5,6,スターハッスル,牡,5,56.0,492,-8,福原杏,小澤宏,,7,1:39.1,39.7,8-8-10-8,11,492,-8
2025/01/10,浦和,7,ここが好き、やっぱり好き川島町Ｃ２八 九,1500,ダ,左,稍重,晴,12,5,5,トクシーカグヤヒメ,牝,5,54.0,489,-4,阿部龍,平山真,,8,1:39.1,40.3,4-4-5-5,4,489,-4
2025/01/10,浦和,7,ここが好き、やっぱり好き川島町Ｃ２八 九,1500,ダ,左,稍重,晴,12,7,9,リュウノアラス,牡,4,53.0,490,0,千野稜,川村守,,9,1:39.9,40.1,11-11-11-10,10,490,0
2025/01/10,浦和,7,ここが好き、やっぱり好き川島町Ｃ２八 九,1500,ダ,左,稍重,晴,12,8,12,ユイノパチョレック,牡,4,55.0,484,2,木間龍,工藤伸,,10,1:40.3,41.1,6-6-8-11,8,484,2
2025/01/10,浦和,7,ここが好き、やっぱり好き川島町Ｃ２八 九,1500,ダ,左,稍重,晴,12,1,1,コスモホライズン,牡,4,54.0,485,1,中島良,小林真,,11,1:40.3,41.1,10-9-7-9,7,485,1
2025/01/10,浦和,7,ここが好き、やっぱり好き川島町Ｃ２八 九,1500,ダ,左,稍重,晴,12,7,10,テーオーダムール,牡,4,56.0,0,0,室陽一,川島豊,,,,,,,0,0
2025/01/10,浦和,8,七福神特別Ｃ１一,1500,ダ,左,良,晴,11,7,8,カルテメトレス,牝,4,54.0,449,-22,落合玄,小久智,,1,1:36.2,39.3,2-2-2-1,1,449,-22
2025/01/10,浦和,8,七福神特別Ｃ１一,1500,ダ,左,良,晴,11,6,6,セイウンシリウス,牡,5,56.0,452,-1,國分祐,冨田敏,,2,1:37.1,39.3,6-6-6-4,5,452,-1
2025/01/10,浦和,8,七福神特別Ｃ１一,1500,ダ,左,良,晴,11,7,9,ステラシティ,牝,4,54.0,473,-7,福原杏,吉田正,,3,1:37.3,39.6,10-10-4-3,6,473,-7
2025/01/10,浦和,8,七福神特別Ｃ１一,1500,ダ,左,良,晴,11,6,7,タマモアルタイル,牡,4,56.0,484,-2,笹川翼,水野貴,,4,1:37.6,40.9,1-1-1-2,2,484,-2
2025/01/10,浦和,8,七福神特別Ｃ１一,1500,ダ,左,良,晴,11,4,4,シトラスダル,牝,6,54.0,441,1,岡村健,平山真,,5,1:38.0,40.4,4-5-5-5,9,441,1
2025/01/10,浦和,8,七福神特別Ｃ１一,1500,ダ,左,良,晴,11,1,1,アウトパフォーム,セ,0,56.0,439,-2,半澤慶,宇野博,,6,1:38.0,39.4,11-11-9-8,11,439,-2
2025/01/10,浦和,8,七福神特別Ｃ１一,1500,ダ,左,良,晴,11,2,2,マサハヤアン,牝,8,54.0,456,9,保園翔,野口孝,,7,1:38.3,40.4,7-8-7-7,7,456,9
2025/01/10,浦和,8,七福神特別Ｃ１一,1500,ダ,左,良,晴,11,8,11,イデアノキセキ,牡,6,56.0,460,2,張田昂,鹿沼和,,8,1:38.3,40.9,5-4-3-6,3,460,2
2025/01/10,浦和,8,七福神特別Ｃ１一,1500,ダ,左,良,晴,11,3,3,モンバイト,牡,6,56.0,487,9,加藤和,薮口一,,9,1:38.4,40.4,9-9-8-9,8,487,9
2025/01/10,浦和,8,七福神特別Ｃ１一,1500,ダ,左,良,晴,11,5,5,ミティエラ,牝,6,54.0,496,8,内田利,工藤伸,,10,1:41.4,43.4,8-7-10-10,10,496,8
2025/01/10,浦和,8,七福神特別Ｃ１一,1500,ダ,左,良,晴,11,8,10,ジュース,牝,6,54.0,450,23,阿部龍,小久智,,11,1:44.9,47.3,3-3-11-11,4,450,23
2025/01/10,浦和,9,お年玉特別Ｃ３選抜馬イ,2000,ダ,左,良,晴,12,7,9,ラインストライカー,セ,0,56.0,489,13,張田昂,宇野博,,1,2:16.1,41.5,5-5-2-1,2,489,13
2025/01/10,浦和,9,お年玉特別Ｃ３選抜馬イ,2000,ダ,左,良,晴,12,7,10,キスアンドテル,牝,6,54.0,510,-3,笠野雄,海馬司,,2,2:16.9,42.5,2-2-1-2,7,510,-3
2025/01/10,浦和,9,お年玉特別Ｃ３選抜馬イ,2000,ダ,左,良,晴,12,6,8,ヤマブキ,牡,5,56.0,502,-1,高橋哲,鹿沼和,,3,2:17.4,42.7,4-3-3-3,9,502,-1
2025/01/10,浦和,9,お年玉特別Ｃ３選抜馬イ,2000,ダ,左,良,晴,12,3,3,フェルカド,セ,0,56.0,472,6,澤田龍,野口孝,,4,2:17.9,42.8,6-6-4-4,6,472,6
2025/01/10,浦和,9,お年玉特別Ｃ３選抜馬イ,2000,ダ,左,良,晴,12,8,12,スイートナイト,牝,7,54.0,471,1,七夕裕,工藤伸,,5,2:18.0,42.9,3-4-5-5,1,471,1
2025/01/10,浦和,9,お年玉特別Ｃ３選抜馬イ,2000,ダ,左,良,晴,12,5,6,シェナハート,牝,6,54.0,434,-3,國分祐,冨田敏,,6,2:19.3,43.6,8-9-9-8,12,434,-3
2025/01/10,浦和,9,お年玉特別Ｃ３選抜馬イ,2000,ダ,左,良,晴,12,6,7,ユウユウプレゼンス,牝,5,54.0,429,-8,保園翔,川村守,,7,2:19.5,44.0,7-7-8-6,5,429,-8
2025/01/10,浦和,9,お年玉特別Ｃ３選抜馬イ,2000,ダ,左,良,晴,12,2,2,トレジャーバローズ,牡,7,56.0,446,-2,加藤和,川島豊,,8,2:19.6,43.9,11-11-10-10,4,446,-2
2025/01/10,浦和,9,お年玉特別Ｃ３選抜馬イ,2000,ダ,左,良,晴,12,4,4,ディープトラスト,牝,5,54.0,449,1,見越彬,川島豊,,9,2:19.6,43.6,10-12-12-11,8,449,1
2025/01/10,浦和,9,お年玉特別Ｃ３選抜馬イ,2000,ダ,左,良,晴,12,8,11,チャームフォラック,牝,9,52.0,485,1,中島良,川村守,,10,2:19.8,44.9,1-1-6-9,10,485,1
2025/01/10,浦和,9,お年玉特別Ｃ３選抜馬イ,2000,ダ,左,良,晴,12,5,5,カバロプレト,牡,6,56.0,452,1,室陽一,入口由,,11,2:19.8,44.3,9-8-7-7,3,452,1
2025/01/10,浦和,9,お年玉特別Ｃ３選抜馬イ,2000,ダ,左,良,晴,12,1,1,シェナグローリー,牝,5,54.0,468,-12,赤津和,冨田敏,,12,2:20.2,44.5,12-10-11-12,11,468,-12
2025/01/10,浦和,10,睦月特別Ｂ３三,1400,ダ,左,良,晴,12,8,11,ショウネンジダイ,牡,7,56.0,491,11,本田重,新井清,,1,1:30.0,38.8,3-3-3-2,6,491,11
2025/01/10,浦和,10,睦月特別Ｂ３三,1400,ダ,左,良,晴,12,7,9,ヒテン,牝,4,54.0,480,-16,落合玄,小久智,,2,1:30.1,39.1,1-1-1-1,2,480,-16
2025/01/10,浦和,10,睦月特別Ｂ３三,1400,ダ,左,良,晴,12,4,4,モニュメントキング,牡,9,56.0,515,-2,野畑凌,箕輪武,,3,1:30.3,38.9,4-4-4-3,4,515,-2
2025/01/10,浦和,10,睦月特別Ｂ３三,1400,ダ,左,良,晴,12,6,8,フォースチルドレン,牡,6,56.0,508,1,笠野雄,平山真,,4,1:30.5,39.1,5-5-5-5,3,508,1
2025/01/10,浦和,10,睦月特別Ｂ３三,1400,ダ,左,良,晴,12,2,2,トランザクト,牡,7,56.0,520,-10,張田昂,矢内博,,5,1:30.7,39.0,8-8-9-6,5,520,-10
2025/01/10,浦和,10,睦月特別Ｂ３三,1400,ダ,左,良,晴,12,5,6,クラサーベル,牡,6,56.0,497,6,岡村健,玉井勝,,6,1:30.9,38.9,11-11-12-8,8,497,6
2025/01/10,浦和,10,睦月特別Ｂ３三,1400,ダ,左,良,晴,12,8,12,エイシンコソンテ,牝,4,54.0,456,0,岩橋勇,藤原智,,7,1:31.2,39.7,6-6-9-9,12,456,0
2025/01/10,浦和,10,睦月特別Ｂ３三,1400,ダ,左,良,晴,12,5,5,ユキグニ,牡,6,56.0,507,-3,加藤和,薮口一,,8,1:31.4,40.3,2-2-2-4,7,507,-3
2025/01/10,浦和,10,睦月特別Ｂ３三,1400,ダ,左,良,晴,12,6,7,ディストピアーナ,牝,7,54.0,468,1,小杉亮,伊藤滋,,9,1:31.4,39.5,10-12-7-11,11,468,1
2025/01/10,浦和,10,睦月特別Ｂ３三,1400,ダ,左,良,晴,12,3,3,デュアルロンド,牡,4,56.0,472,-4,笹川翼,繁田健,,10,1:31.6,39.9,7-7-8-7,1,472,-4
2025/01/10,浦和,10,睦月特別Ｂ３三,1400,ダ,左,良,晴,12,1,1,スターサルファー,牡,4,56.0,484,-6,澤田龍,小澤宏,,11,1:31.6,40.1,12-10-5-10,9,484,-6
2025/01/10,浦和,10,睦月特別Ｂ３三,1400,ダ,左,良,晴,12,7,10,ゴールドソニック,牡,4,56.0,510,2,半澤慶,鹿沼和,,12,1:31.9,40.0,9-9-11-12,10,510,2
2025/01/10,浦和,11,スピーディキック引退記念Ｂ２二,1500,ダ,左,良,晴,10,4,4,コアリオ,牝,5,53.0,510,-2,鷹見陸,辻野豊,,1,1:36.6,38.6,6-6-6-4,7,510,-2
2025/01/10,浦和,11,スピーディキック引退記念Ｂ２二,1500,ダ,左,良,晴,10,5,5,エドノバンザイ,牡,4,56.0,517,-7,笹川翼,宇野博,,2,1:36.7,39.0,4-4-4-2,1,517,-7
2025/01/10,浦和,11,スピーディキック引退記念Ｂ２二,1500,ダ,左,良,晴,10,7,7,セイウンハルカニ,牡,6,56.0,490,10,吉留孝,冨田敏,,3,1:37.0,39.6,3-3-3-1,9,490,10
2025/01/10,浦和,11,スピーディキック引退記念Ｂ２二,1500,ダ,左,良,晴,10,7,8,マサノロイヤル,牡,4,56.0,464,7,和田譲,齊藤敏,,4,1:37.2,39.2,7-7-8-5,5,464,7
2025/01/10,浦和,11,スピーディキック引退記念Ｂ２二,1500,ダ,左,良,晴,10,8,9,アヴァニイ,牝,8,51.0,512,-11,千野稜,小久智,,5,1:37.7,39.7,9-9-5-6,8,512,-11
2025/01/10,浦和,11,スピーディキック引退記念Ｂ２二,1500,ダ,左,良,晴,10,2,2,ローアヴァンフレア,セ,0,56.0,473,3,町田直,繁田健,,6,1:38.1,40.1,8-8-8-7,2,473,3
2025/01/10,浦和,11,スピーディキック引退記念Ｂ２二,1500,ダ,左,良,晴,10,3,3,シナノスマイル,牝,4,54.0,482,3,保園翔,鹿沼和,,7,1:38.6,41.3,1-1-1-3,10,482,3
2025/01/10,浦和,11,スピーディキック引退記念Ｂ２二,1500,ダ,左,良,晴,10,8,10,ピノホホッア,牡,5,56.0,534,1,内田利,野口孝,,8,1:38.9,40.8,10-10-7-9,4,534,1
2025/01/10,浦和,11,スピーディキック引退記念Ｂ２二,1500,ダ,左,良,晴,10,6,6,ジョーイルムシュ,牝,5,54.0,489,3,落合玄,小久智,,9,1:39.1,41.8,2-2-2-8,3,489,3
2025/01/10,浦和,11,スピーディキック引退記念Ｂ２二,1500,ダ,左,良,晴,10,1,1,ナバロン,牡,6,56.0,523,9,山中悠,佐々功,,10,1:39.9,42.0,5-5-10-10,6,523,9
2025/01/10,浦和,12,浦和ジョッキーズラウンド　第４戦Ｃ３選抜,1400,ダ,左,良,晴,12,5,6,ネオアンコーラ,牡,6,57.0,498,4,高橋哲,川島豊,,1,1:32.8,40.4,3-3-3-1,2,498,4
2025/01/10,浦和,12,浦和ジョッキーズラウンド　第４戦Ｃ３選抜,1400,ダ,左,良,晴,12,7,9,コロディア,牝,6,55.0,479,1,吉留孝,鹿沼和,,2,1:32.9,40.7,2-2-1-2,3,479,1
2025/01/10,浦和,12,浦和ジョッキーズラウンド　第４戦Ｃ３選抜,1400,ダ,左,良,晴,12,2,2,シェナリオン,牡,5,56.5,469,3,國分祐,冨田敏,,3,1:33.0,40.4,7-5-5-4,12,469,3
2025/01/10,浦和,12,浦和ジョッキーズラウンド　第４戦Ｃ３選抜,1400,ダ,左,良,晴,12,6,7,プリンセスパリー,牝,4,52.0,440,1,千野稜,内野健,,4,1:33.1,40.9,1-1-2-3,10,440,1
2025/01/10,浦和,12,浦和ジョッキーズラウンド　第４戦Ｃ３選抜,1400,ダ,左,良,晴,12,6,8,ジャングルタキオン,セ,0,57.0,487,-2,七夕裕,野口孝,,5,1:33.2,40.4,8-7-4-5,1,487,-2
2025/01/10,浦和,12,浦和ジョッキーズラウンド　第４戦Ｃ３選抜,1400,ダ,左,良,晴,12,8,12,シェナカレン,牡,5,56.5,480,4,室陽一,冨田敏,,6,1:33.6,40.1,11-11-11-9,6,480,4
2025/01/10,浦和,12,浦和ジョッキーズラウンド　第４戦Ｃ３選抜,1400,ダ,左,良,晴,12,1,1,ウイングラドナス,牡,6,54.5,462,-3,中島良,内野健,,7,1:33.6,40.3,5-10-9-10,4,462,-3
2025/01/10,浦和,12,浦和ジョッキーズラウンド　第４戦Ｃ３選抜,1400,ダ,左,良,晴,12,5,5,ティキー,牝,4,54.5,434,-17,加藤和,川村守,,8,1:33.7,40.9,6-4-8-7,5,434,-17
2025/01/10,浦和,12,浦和ジョッキーズラウンド　第４戦Ｃ３選抜,1400,ダ,左,良,晴,12,8,11,ジーニーボニータ,牡,6,56.0,500,-2,半澤慶,水野貴,,9,1:34.3,41.5,10-8-7-8,9,500,-2
2025/01/10,浦和,12,浦和ジョッキーズラウンド　第４戦Ｃ３選抜,1400,ダ,左,良,晴,12,4,4,マイネルユヌスール,牡,6,56.0,503,0,見越彬,横山保,,10,1:34.4,41.5,9-9-6-6,7,503,0
2025/01/10,浦和,12,浦和ジョッキーズラウンド　第４戦Ｃ３選抜,1400,ダ,左,良,晴,12,3,3,マーヒナヒナ,牝,5,54.5,475,-4,落合玄,酒井一,,11,1:35.1,41.8,4-6-10-11,8,475,-4
2025/01/10,浦和,12,浦和ジョッキーズラウンド　第４戦Ｃ３選抜,1400,ダ,左,良,晴,12,7,10,ケイアイオリオン,牡,4,56.0,534,6,保園翔,横山保,,,,,12,11,534,6
2025/02/24,浦和,1,ウマ娘×浦和競馬場コラボ開幕記念３歳二,1400,ダ,左,良,晴,12,6,7,シトラスフレイバー,牡,3,56.0,443,4,野畑凌,繁田健,,1,1:30.2,38.9,3-2-2-1,1,443,4
2025/02/24,浦和,1,ウマ娘×浦和競馬場コラボ開幕記念３歳二,1400,ダ,左,良,晴,12,7,10,エンリプリンス,牡,3,56.0,461,0,山口達,林正人,,2,1:30.9,38.7,9-7-6-4,3,461,0
2025/02/24,浦和,1,ウマ娘×浦和競馬場コラボ開幕記念３歳二,1400,ダ,左,良,晴,12,1,1,パンクビート,牡,3,56.0,480,32,落合玄,小久智,,3,1:30.9,39.7,1-1-1-2,2,480,32
2025/02/24,浦和,1,ウマ娘×浦和競馬場コラボ開幕記念３歳二,1400,ダ,左,良,晴,12,7,9,スマイルシエラ,牡,3,54.0,451,-4,佐野遥,高橋宏,,4,1:31.2,39.7,4-3-3-3,5,451,-4
2025/02/24,浦和,1,ウマ娘×浦和競馬場コラボ開幕記念３歳二,1400,ダ,左,良,晴,12,8,11,スタークイック,牝,3,54.0,415,10,保園翔,小澤宏,,5,1:31.5,38.8,8-9-9-8,7,415,10
2025/02/24,浦和,1,ウマ娘×浦和競馬場コラボ開幕記念３歳二,1400,ダ,左,良,晴,12,4,4,バーディートライ,牡,3,56.0,465,-1,伊藤裕,高月賢,,6,1:31.7,39.3,7-8-8-7,9,465,-1
2025/02/24,浦和,1,ウマ娘×浦和競馬場コラボ開幕記念３歳二,1400,ダ,左,良,晴,12,8,12,ミスケイト,牝,3,51.0,472,6,加藤雄,山崎尋,,7,1:31.7,39.7,6-6-7-6,10,472,6
2025/02/24,浦和,1,ウマ娘×浦和競馬場コラボ開幕記念３歳二,1400,ダ,左,良,晴,12,6,8,ドレイク,牡,3,56.0,446,1,達城龍,山中尊,,8,1:31.9,38.2,10-12-12-11,8,446,1
2025/02/24,浦和,1,ウマ娘×浦和競馬場コラボ開幕記念３歳二,1400,ダ,左,良,晴,12,2,2,ワンダーリーグ,牡,3,56.0,489,4,赤津和,鈴木勝,,9,1:32.1,39.2,12-10-10-9,11,489,4
2025/02/24,浦和,1,ウマ娘×浦和競馬場コラボ開幕記念３歳二,1400,ダ,左,良,晴,12,5,5,ビナハイフォン,牝,3,54.0,497,11,藤本現,酒井一,,10,1:32.4,39.0,11-11-11-12,12,497,11
2025/02/24,浦和,1,ウマ娘×浦和競馬場コラボ開幕記念３歳二,1400,ダ,左,良,晴,12,5,6,マジックワーズ,牡,3,56.0,462,-2,澤田龍,山下之,,11,1:33.1,41.6,5-5-4-5,6,462,-2
2025/02/24,浦和,1,ウマ娘×浦和競馬場コラボ開幕記念３歳二,1400,ダ,左,良,晴,12,3,3,ミヅルーラー,牝,3,54.0,487,30,和田譲,酒井一,,12,1:33.3,41.7,2-4-5-10,4,487,30
2025/02/24,浦和,2,２番手って恋はないんだ賞Ｃ３七 八,1400,ダ,左,良,晴,12,5,6,スモモモモモモモモ,牝,7,54.0,425,4,内田利,小林真,,1,1:32.7,39.6,1-1-1-1,2,425,4
2025/02/24,浦和,2,２番手って恋はないんだ賞Ｃ３七 八,1400,ダ,左,良,晴,12,4,4,マッシュブライト,牝,7,54.0,480,-10,岡田大,酒井一,,2,1:33.5,39.7,5-7-7-6,6,480,-10
2025/02/24,浦和,2,２番手って恋はないんだ賞Ｃ３七 八,1400,ダ,左,良,晴,12,6,7,デイドリーミン,牝,7,51.0,484,8,神尾香,新井健,,3,1:33.6,40.3,2-2-3-2,8,484,8
2025/02/24,浦和,2,２番手って恋はないんだ賞Ｃ３七 八,1400,ダ,左,良,晴,12,8,11,ビュヴォン,牡,7,56.0,509,2,秋元耕,長谷忍,,4,1:33.8,40.4,4-3-4-5,9,509,2
2025/02/24,浦和,2,２番手って恋はないんだ賞Ｃ３七 八,1400,ダ,左,良,晴,12,7,9,トーセンイヴ,牝,7,54.0,441,1,和田譲,酒井一,,5,1:33.9,40.3,7-6-5-4,1,441,1
2025/02/24,浦和,2,２番手って恋はないんだ賞Ｃ３七 八,1400,ダ,左,良,晴,12,7,10,プリンセスダーク,牝,6,54.0,465,2,篠谷葵,玉井等,,6,1:34.1,40.7,11-11-2-3,3,465,2
2025/02/24,浦和,2,２番手って恋はないんだ賞Ｃ３七 八,1400,ダ,左,良,晴,12,2,2,イチゴショート,牝,7,54.0,425,3,保園翔,川村守,,7,1:34.1,40.3,9-9-7-7,5,425,3
2025/02/24,浦和,2,２番手って恋はないんだ賞Ｃ３七 八,1400,ダ,左,良,晴,12,1,1,セキノアトラス,牡,7,56.0,460,7,七夕裕,川村守,,8,1:34.3,40.3,8-8-10-9,4,460,7
2025/02/24,浦和,2,２番手って恋はないんだ賞Ｃ３七 八,1400,ダ,左,良,晴,12,8,12,ファーマスター,牝,7,54.0,444,-10,赤津和,小林真,,9,1:34.6,40.6,10-10-11-10,11,444,-10
2025/02/24,浦和,2,２番手って恋はないんだ賞Ｃ３七 八,1400,ダ,左,良,晴,12,3,3,キミノナハ,牝,7,54.0,455,1,加藤和,長谷忍,,10,1:34.8,41.3,6-5-6-8,7,455,1
2025/02/24,浦和,2,２番手って恋はないんだ賞Ｃ３七 八,1400,ダ,左,良,晴,12,6,8,パルメニデス,牡,6,56.0,433,5,福原杏,長谷忍,,11,1:34.9,40.9,12-12-12-12,10,433,5
2025/02/24,浦和,2,２番手って恋はないんだ賞Ｃ３七 八,1400,ダ,左,良,晴,12,5,5,ユウユウリアン,牡,9,56.0,438,-1,見越彬,薮口一,,12,1:35.7,41.9,3-4-9-11,12,438,-1
2025/02/24,浦和,3,ぶっちぎっちゃえ超特急賞Ｃ３ ４歳ア,1500,ダ,左,良,晴,12,8,12,カリプソ,牝,4,54.0,424,2,福原杏,内野健,,1,1:38.9,40.0,7-5-4-2,5,424,2
2025/02/24,浦和,3,ぶっちぎっちゃえ超特急賞Ｃ３ ４歳ア,1500,ダ,左,良,晴,12,8,11,チーフルガール,牝,4,54.0,408,-1,矢野貴,箕輪武,,2,1:39.0,40.5,2-2-1-1,1,408,-1
2025/02/24,浦和,3,ぶっちぎっちゃえ超特急賞Ｃ３ ４歳ア,1500,ダ,左,良,晴,12,5,6,ユメデアエタラ,牡,4,56.0,476,5,山本聡,平山真,,3,1:39.0,39.8,6-7-6-4,3,476,5
2025/02/24,浦和,3,ぶっちぎっちゃえ超特急賞Ｃ３ ４歳ア,1500,ダ,左,良,晴,12,1,1,ブリージョドラード,牡,4,56.0,463,2,張田昂,海馬司,,4,1:39.6,39.7,11-9-9-7,7,463,2
2025/02/24,浦和,3,ぶっちぎっちゃえ超特急賞Ｃ３ ４歳ア,1500,ダ,左,良,晴,12,7,10,ティーズウィッシュ,牡,4,56.0,533,6,野畑凌,海馬司,,5,1:39.8,41.1,4-3-3-3,10,533,6
2025/02/24,浦和,3,ぶっちぎっちゃえ超特急賞Ｃ３ ４歳ア,1500,ダ,左,良,晴,12,2,2,エーアイキリシマ,牡,4,56.0,447,-7,保園翔,川村守,,6,1:39.9,40.5,8-8-8-8,8,447,-7
2025/02/24,浦和,3,ぶっちぎっちゃえ超特急賞Ｃ３ ４歳ア,1500,ダ,左,良,晴,12,5,5,ロゴサウンド,牡,4,56.0,503,0,吉留孝,海馬司,,7,1:40.0,40.8,5-6-6-5,6,503,0
2025/02/24,浦和,3,ぶっちぎっちゃえ超特急賞Ｃ３ ４歳ア,1500,ダ,左,良,晴,12,6,7,ロンギングキイ,牝,4,52.0,471,1,佐野遥,箕輪武,,8,1:40.4,41.7,3-4-5-6,4,471,1
2025/02/24,浦和,3,ぶっちぎっちゃえ超特急賞Ｃ３ ４歳ア,1500,ダ,左,良,晴,12,7,9,ロデオクイーン,牝,4,54.0,387,-5,内田利,内野健,,9,1:40.4,40.3,12-12-11-9,9,387,-5
2025/02/24,浦和,3,ぶっちぎっちゃえ超特急賞Ｃ３ ４歳ア,1500,ダ,左,良,晴,12,4,4,マーチオブタイム,牡,4,54.0,504,8,中島良,酒井一,,10,1:40.8,40.7,10-11-12-11,12,504,8
2025/02/24,浦和,3,ぶっちぎっちゃえ超特急賞Ｃ３ ４歳ア,1500,ダ,左,良,晴,12,6,8,クロゴウ,牝,4,54.0,450,12,秋元耕,吉田正,,11,1:40.8,40.7,9-10-10-10,11,450,12
2025/02/24,浦和,3,ぶっちぎっちゃえ超特急賞Ｃ３ ４歳ア,1500,ダ,左,良,晴,12,3,3,クリノイザナミ,牝,4,54.0,501,13,室陽一,宇野博,,12,1:44.2,45.7,1-1-2-12,2,501,13
2025/02/24,浦和,4,ウマ娘アクリルキーホルダー配布Ｃ２三 四,1500,ダ,左,良,晴,11,1,1,ライヴマスタード,牡,5,56.0,548,-6,七夕裕,工藤伸,,1,1:37.2,39.9,1-1-1-1,1,548,-6
2025/02/24,浦和,4,ウマ娘アクリルキーホルダー配布Ｃ２三 四,1500,ダ,左,良,晴,11,6,6,アマレロフレイバー,牡,5,56.0,500,-2,和田譲,繁田健,,2,1:37.6,40.3,2-2-2-2,2,500,-2
2025/02/24,浦和,4,ウマ娘アクリルキーホルダー配布Ｃ２三 四,1500,ダ,左,良,晴,11,8,10,プラチナバンド,牡,4,56.0,528,-14,張田昂,張田京,,3,1:37.7,39.6,5-5-3-3,3,528,-14
2025/02/24,浦和,4,ウマ娘アクリルキーホルダー配布Ｃ２三 四,1500,ダ,左,良,晴,11,2,2,レコパンマミー,牝,5,54.0,501,0,赤津和,箕輪武,,4,1:38.0,39.7,4-3-4-4,8,501,0
2025/02/24,浦和,4,ウマ娘アクリルキーホルダー配布Ｃ２三 四,1500,ダ,左,良,晴,11,4,4,ビップライアン,牡,4,56.0,513,-4,秋元耕,薮口一,,5,1:38.7,39.7,10-10-8-6,4,513,-4
2025/02/24,浦和,4,ウマ娘アクリルキーホルダー配布Ｃ２三 四,1500,ダ,左,良,晴,11,8,11,サザンフルーヴ,牝,5,54.0,466,2,新原周,村田順,,6,1:39.0,40.0,7-7-9-9,9,466,2
2025/02/24,浦和,4,ウマ娘アクリルキーホルダー配布Ｃ２三 四,1500,ダ,左,良,晴,11,5,5,ニシノソレガシ,セ,0,56.0,526,-5,吉留孝,冨田敏,,7,1:39.2,40.4,6-6-7-5,6,526,-5
2025/02/24,浦和,4,ウマ娘アクリルキーホルダー配布Ｃ２三 四,1500,ダ,左,良,晴,11,7,9,マロンフエルテ,牝,6,54.0,464,-5,木間龍,久保勇,,8,1:39.3,40.5,8-8-6-8,11,464,-5
2025/02/24,浦和,4,ウマ娘アクリルキーホルダー配布Ｃ２三 四,1500,ダ,左,良,晴,11,7,8,ニシノアクシス,牡,8,56.0,506,-13,岡田大,冨田敏,,9,1:39.5,40.2,9-9-10-11,10,506,-13
2025/02/24,浦和,4,ウマ娘アクリルキーホルダー配布Ｃ２三 四,1500,ダ,左,良,晴,11,6,7,ビコーズウイキャン,牡,4,56.0,455,1,保園翔,長谷忍,,10,1:39.7,41.3,3-4-5-7,7,455,1
2025/02/24,浦和,4,ウマ娘アクリルキーホルダー配布Ｃ２三 四,1500,ダ,左,良,晴,11,3,3,クレウーサ,牝,6,54.0,467,7,山中悠,小澤宏,,11,1:39.8,40.3,11-11-11-10,5,467,7
2025/02/24,浦和,5,先頭の景色は譲らない・・・！スＣ３七 八,1400,ダ,左,良,晴,12,7,10,トワイライトドレス,牝,6,54.0,484,-7,和田譲,宇野博,,1,1:32.0,39.8,3-2-2-1,2,484,-7
2025/02/24,浦和,5,先頭の景色は譲らない・・・！スＣ３七 八,1400,ダ,左,良,晴,12,6,7,クロシェノワール,牝,6,54.0,501,19,秋元耕,酒井一,,2,1:32.1,40.0,1-1-1-2,5,501,19
2025/02/24,浦和,5,先頭の景色は譲らない・・・！スＣ３七 八,1400,ダ,左,良,晴,12,6,8,トリニタリアニズム,牡,7,56.0,504,2,野畑凌,野口孝,,3,1:32.1,39.7,5-4-3-3,1,504,2
2025/02/24,浦和,5,先頭の景色は譲らない・・・！スＣ３七 八,1400,ダ,左,良,晴,12,1,1,セキレイオペラ,牡,6,56.0,486,2,七夕裕,川村守,,4,1:32.2,39.6,4-5-6-6,8,486,2
2025/02/24,浦和,5,先頭の景色は譲らない・・・！スＣ３七 八,1400,ダ,左,良,晴,12,8,12,マイネルユヌスール,牡,6,54.0,499,-4,中島良,横山保,,5,1:32.4,39.8,7-7-5-4,10,499,-4
2025/02/24,浦和,5,先頭の景色は譲らない・・・！スＣ３七 八,1400,ダ,左,良,晴,12,2,2,ジャポニズム,牡,7,56.0,477,2,加藤和,薮口一,,6,1:32.6,39.6,8-9-9-7,9,477,2
2025/02/24,浦和,5,先頭の景色は譲らない・・・！スＣ３七 八,1400,ダ,左,良,晴,12,7,9,メガミリオン,牡,7,54.0,464,-9,佐野遥,田島寿,,7,1:32.8,40.4,2-3-4-5,6,464,-9
2025/02/24,浦和,5,先頭の景色は譲らない・・・！スＣ３七 八,1400,ダ,左,良,晴,12,5,6,マルノアンナ,牝,6,54.0,450,0,室陽一,川村守,,8,1:33.4,40.0,10-10-10-10,4,450,0
2025/02/24,浦和,5,先頭の景色は譲らない・・・！スＣ３七 八,1400,ダ,左,良,晴,12,5,5,ビーチガール,牝,5,54.0,428,-9,見越彬,小林真,,9,1:33.4,39.4,12-12-11-8,11,428,-9
2025/02/24,浦和,5,先頭の景色は譲らない・・・！スＣ３七 八,1400,ダ,左,良,晴,12,4,4,クワイエットドーン,牡,5,56.0,498,-8,澤田龍,新井清,,10,1:34.3,41.5,9-8-7-9,3,498,-8
2025/02/24,浦和,5,先頭の景色は譲らない・・・！スＣ３七 八,1400,ダ,左,良,晴,12,3,3,ケイティーユイ,牝,7,54.0,457,4,高橋哲,水野貴,,11,1:34.6,41.9,6-6-8-11,7,457,4
2025/02/24,浦和,5,先頭の景色は譲らない・・・！スＣ３七 八,1400,ダ,左,良,晴,12,8,11,ジニアズウィッシュ,牝,9,54.0,480,3,赤津和,小林真,,12,1:34.8,40.5,11-11-12-12,12,480,3
2025/02/24,浦和,6,オペレーション開始ブルボン記念Ｃ２三 四,1400,ダ,左,良,晴,12,8,12,ショコラクイーン,牝,5,54.0,500,3,矢野貴,内田勝,,1,1:31.1,39.3,3-3-1-1,4,500,3
2025/02/24,浦和,6,オペレーション開始ブルボン記念Ｃ２三 四,1400,ダ,左,良,晴,12,3,3,メイショウポルポ,牡,8,56.0,458,-5,山中悠,玉井昇,,2,1:32.2,39.7,7-8-7-6,6,458,-5
2025/02/24,浦和,6,オペレーション開始ブルボン記念Ｃ２三 四,1400,ダ,左,良,晴,12,7,9,ポッドグラス,牡,4,56.0,487,3,山本紀,渋谷博,,3,1:32.2,40.6,1-1-2-2,5,487,3
2025/02/24,浦和,6,オペレーション開始ブルボン記念Ｃ２三 四,1400,ダ,左,良,晴,12,7,10,ヴィーケン,牡,4,56.0,494,-1,野畑凌,新井清,,4,1:32.2,40.1,9-4-4-4,3,494,-1
2025/02/24,浦和,6,オペレーション開始ブルボン記念Ｃ２三 四,1400,ダ,左,良,晴,12,6,8,キラン,牝,4,54.0,396,-2,小杉亮,岩崎真,,5,1:32.3,40.1,5-5-5-5,11,396,-2
2025/02/24,浦和,6,オペレーション開始ブルボン記念Ｃ２三 四,1400,ダ,左,良,晴,12,2,2,ジンフィンドール,牝,5,54.0,429,-29,篠谷葵,林正人,,6,1:32.7,39.8,10-10-12-11,8,429,-29
2025/02/24,浦和,6,オペレーション開始ブルボン記念Ｃ２三 四,1400,ダ,左,良,晴,12,5,5,アンジェマリーナ,牝,4,54.0,430,-2,保園翔,川島豊,,7,1:32.9,40.2,11-11-11-9,7,430,-2
2025/02/24,浦和,6,オペレーション開始ブルボン記念Ｃ２三 四,1400,ダ,左,良,晴,12,5,6,ダノンレーニア,牝,4,54.0,434,-1,本橋孝,小久智,,8,1:33.1,40.9,4-6-6-3,1,434,-1
2025/02/24,浦和,6,オペレーション開始ブルボン記念Ｃ２三 四,1400,ダ,左,良,晴,12,4,4,アサンテギア,牝,7,54.0,415,0,七夕裕,工藤伸,,9,1:33.4,40.8,12-12-8-7,10,415,0
2025/02/24,浦和,6,オペレーション開始ブルボン記念Ｃ２三 四,1400,ダ,左,良,晴,12,8,11,シャイニーアイドル,牝,4,54.0,479,-2,菅原涼,藤原智,,10,1:33.7,41.9,2-2-3-8,9,479,-2
2025/02/24,浦和,6,オペレーション開始ブルボン記念Ｃ２三 四,1400,ダ,左,良,晴,12,6,7,リコールイーズ,牝,6,54.0,550,4,藤本現,繁田健,,11,1:34.2,41.6,8-7-9-12,2,550,4
2025/02/24,浦和,6,オペレーション開始ブルボン記念Ｃ２三 四,1400,ダ,左,良,晴,12,1,1,ソルトロック,牝,4,52.0,449,2,中島良,酒井一,,12,1:34.8,42.2,6-9-10-10,12,449,2
2025/02/24,浦和,7,はろはろー♪アイネス記念Ｃ１四,1400,ダ,左,良,晴,12,8,11,ウルトラワールド,牡,5,56.0,472,0,吉留孝,鹿沼和,,1,1:30.4,40.6,1-1-1-1,2,472,0
2025/02/24,浦和,7,はろはろー♪アイネス記念Ｃ１四,1400,ダ,左,良,晴,12,7,10,クリイロ,牝,5,54.0,411,1,秋元耕,内野健,,2,1:31.0,39.8,6-7-6-4,7,411,1
2025/02/24,浦和,7,はろはろー♪アイネス記念Ｃ１四,1400,ダ,左,良,晴,12,7,9,サノノタルマエ,牝,5,54.0,472,9,達城龍,川島豊,,3,1:31.1,40.6,4-5-4-2,1,472,9
2025/02/24,浦和,7,はろはろー♪アイネス記念Ｃ１四,1400,ダ,左,良,晴,12,3,3,ラブリエスト,牝,4,54.0,481,-8,小杉亮,矢内博,,4,1:31.3,39.9,8-8-7-6,8,481,-8
2025/02/24,浦和,7,はろはろー♪アイネス記念Ｃ１四,1400,ダ,左,良,晴,12,6,7,クィーンズハット,牝,4,54.0,464,-6,川島正,石井勝,,5,1:31.6,39.7,9-9-9-7,5,464,-6
2025/02/24,浦和,7,はろはろー♪アイネス記念Ｃ１四,1400,ダ,左,良,晴,12,2,2,クラウンクーロン,牡,4,54.0,466,-9,所　蛍,石井勝,,6,1:32.3,41.4,5-6-5-8,4,466,-9
2025/02/24,浦和,7,はろはろー♪アイネス記念Ｃ１四,1400,ダ,左,良,晴,12,6,8,ジオパークマグマ,牡,7,56.0,477,-3,半澤慶,川島豊,,7,1:32.5,39.3,12-12-12-10,9,477,-3
2025/02/24,浦和,7,はろはろー♪アイネス記念Ｃ１四,1400,ダ,左,良,晴,12,5,6,ゲストプリンシパル,牡,7,56.0,506,-7,矢野貴,内田勝,,8,1:32.6,42.6,2-3-2-3,3,506,-7
2025/02/24,浦和,7,はろはろー♪アイネス記念Ｃ１四,1400,ダ,左,良,晴,12,5,5,ヒシルリアン,牡,5,56.0,502,-5,加藤和,箕輪武,,9,1:32.7,40.5,10-10-10-9,10,502,-5
2025/02/24,浦和,7,はろはろー♪アイネス記念Ｃ１四,1400,ダ,左,良,晴,12,8,12,ツガノショウグン,牡,4,56.0,509,33,福原杏,長谷忍,,10,1:32.8,42.7,3-2-3-5,6,509,33
2025/02/24,浦和,7,はろはろー♪アイネス記念Ｃ１四,1400,ダ,左,良,晴,12,1,1,ベストホリデー,牝,5,54.0,498,-4,高橋哲,鈴木勝,,11,1:33.7,41.1,11-11-11-12,12,498,-4
2025/02/24,浦和,7,はろはろー♪アイネス記念Ｃ１四,1400,ダ,左,良,晴,12,4,4,オニバ,牡,4,56.0,479,-1,菅原涼,藤原智,,12,1:33.9,43.0,7-4-8-11,11,479,-1
2025/02/24,浦和,8,チョベリグ！マルゼン記念Ｃ２一,1500,ダ,左,良,晴,12,6,7,シカゴフォンテン,牡,5,56.0,474,-4,庄司大,玉井昇,,1,1:38.8,39.6,5-5-5-4,4,474,-4
2025/02/24,浦和,8,チョベリグ！マルゼン記念Ｃ２一,1500,ダ,左,良,晴,12,8,12,ヴァラムノス,牝,4,54.0,429,-4,福原杏,水野貴,,2,1:39.0,40.1,3-3-3-1,1,429,-4
2025/02/24,浦和,8,チョベリグ！マルゼン記念Ｃ２一,1500,ダ,左,良,晴,12,7,10,グッドインディード,牝,4,54.0,415,-1,笠野雄,佐藤太,,3,1:39.2,40.3,1-1-1-2,7,415,-1
2025/02/24,浦和,8,チョベリグ！マルゼン記念Ｃ２一,1500,ダ,左,良,晴,12,8,11,ソーサレス,牝,6,54.0,500,3,山中悠,田中力,,4,1:39.4,40.5,2-2-2-3,2,500,3
2025/02/24,浦和,8,チョベリグ！マルゼン記念Ｃ２一,1500,ダ,左,良,晴,12,4,4,ソーヴキプ,牝,5,54.0,460,-1,山口達,渋谷博,,5,1:39.5,40.1,10-10-6-5,9,460,-1
2025/02/24,浦和,8,チョベリグ！マルゼン記念Ｃ２一,1500,ダ,左,良,晴,12,3,3,バトルホッパー,牡,6,56.0,493,2,澤田龍,横山保,,6,1:39.8,40.3,12-11-8-6,3,493,2
2025/02/24,浦和,8,チョベリグ！マルゼン記念Ｃ２一,1500,ダ,左,良,晴,12,5,5,バルネージュ,セ,0,56.0,524,-3,山本紀,山本学,,7,1:39.8,40.2,8-8-10-10,12,524,-3
2025/02/24,浦和,8,チョベリグ！マルゼン記念Ｃ２一,1500,ダ,左,良,晴,12,7,9,マロンシャンテリー,牡,4,54.0,471,8,中島良,川島豊,,8,1:39.9,40.4,7-7-11-12,6,471,8
2025/02/24,浦和,8,チョベリグ！マルゼン記念Ｃ２一,1500,ダ,左,良,晴,12,6,8,エクメディバンブー,牡,4,56.0,464,-5,篠谷葵,石井勝,,9,1:40.1,40.5,9-9-9-9,5,464,-5
2025/02/24,浦和,8,チョベリグ！マルゼン記念Ｃ２一,1500,ダ,左,良,晴,12,1,1,ジャストチャックル,牝,4,54.0,472,-2,室陽一,小澤宏,,10,1:40.4,40.2,11-12-12-11,8,472,-2
2025/02/24,浦和,8,チョベリグ！マルゼン記念Ｃ２一,1500,ダ,左,良,晴,12,5,6,アトラクトボイス,牡,8,56.0,447,-1,木間龍,工藤伸,,11,1:40.4,41.2,6-6-7-7,11,447,-1
2025/02/24,浦和,8,チョベリグ！マルゼン記念Ｃ２一,1500,ダ,左,良,晴,12,2,2,ジューンサレンダー,牡,4,56.0,451,8,保園翔,川村守,,12,1:40.8,41.8,4-4-4-8,10,451,8
2025/02/24,浦和,9,大和田仁美さんアナウンス記念Ｃ１選抜馬,800,ダ,左,良,晴,12,6,7,エコロウォーリア,牡,5,56.0,532,9,山本聡,川村守,,1,0:47.9,35.6,2-2,3,532,9
2025/02/24,浦和,9,大和田仁美さんアナウンス記念Ｃ１選抜馬,800,ダ,左,良,晴,12,5,5,ジェネシスミザール,牡,4,56.0,477,-8,仲野光,伊藤滋,,2,0:48.1,35.1,4-4,5,477,-8
2025/02/24,浦和,9,大和田仁美さんアナウンス記念Ｃ１選抜馬,800,ダ,左,良,晴,12,8,11,エイシンエメラルド,牝,5,54.0,422,0,本橋孝,工藤伸,,3,0:48.2,35.7,3-3,4,422,0
2025/02/24,浦和,9,大和田仁美さんアナウンス記念Ｃ１選抜馬,800,ダ,左,良,晴,12,4,4,マサハヤアン,牝,8,54.0,458,2,保園翔,野口孝,,4,0:48.5,35.1,9-5,6,458,2
2025/02/24,浦和,9,大和田仁美さんアナウンス記念Ｃ１選抜馬,800,ダ,左,良,晴,12,2,2,シェナエース,牡,4,56.0,534,-6,吉留孝,冨田敏,,5,0:48.6,36.5,1-1,2,534,-6
2025/02/24,浦和,9,大和田仁美さんアナウンス記念Ｃ１選抜馬,800,ダ,左,良,晴,12,5,6,シェナブライト,牡,7,56.0,523,-9,秋元耕,吉田正,,6,0:49.3,35.9,10-8,7,523,-9
2025/02/24,浦和,9,大和田仁美さんアナウンス記念Ｃ１選抜馬,800,ダ,左,良,晴,12,6,8,コスモタラゴン,牡,4,56.0,469,0,高橋哲,水野貴,,7,0:49.4,36.4,6-6,8,469,0
2025/02/24,浦和,9,大和田仁美さんアナウンス記念Ｃ１選抜馬,800,ダ,左,良,晴,12,7,10,ジュース,牝,6,54.0,441,-9,福原杏,小久智,,8,0:49.5,36.5,5-7,1,441,-9
2025/02/24,浦和,9,大和田仁美さんアナウンス記念Ｃ１選抜馬,800,ダ,左,良,晴,12,7,9,セイウンシデン,牡,6,56.0,537,1,國分祐,吉田正,,9,0:49.6,36.6,8-10,12,537,1
2025/02/24,浦和,9,大和田仁美さんアナウンス記念Ｃ１選抜馬,800,ダ,左,良,晴,12,3,3,スーパーローズ,牝,8,54.0,498,10,七夕裕,野口孝,,10,0:49.8,35.8,12-12,9,498,10
2025/02/24,浦和,9,大和田仁美さんアナウンス記念Ｃ１選抜馬,800,ダ,左,良,晴,12,1,1,オリエンタルラニ,牝,5,54.0,465,11,赤津和,酒井一,,11,0:49.8,36.0,11-11,11,465,11
2025/02/24,浦和,9,大和田仁美さんアナウンス記念Ｃ１選抜馬,800,ダ,左,良,晴,12,8,12,ゴープラチナム,牝,8,54.0,456,7,半澤慶,吉田正,,12,0:50.0,37.0,7-9,10,456,7
2025/02/24,浦和,10,最強ウマドル☆ファル子記念Ｂ２三Ｂ３一,1400,ダ,左,良,晴,12,4,4,ツウカイノキズナ,セ,0,55.0,486,0,矢野貴,岩崎真,,1,1:29.3,38.5,7-7-9-7,1,486,0
2025/02/24,浦和,10,最強ウマドル☆ファル子記念Ｂ２三Ｂ３一,1400,ダ,左,良,晴,12,6,8,ランドマックス,牡,4,55.0,518,-7,木間龍,矢野義,,2,1:29.5,38.8,8-8-4-2,5,518,-7
2025/02/24,浦和,10,最強ウマドル☆ファル子記念Ｂ２三Ｂ３一,1400,ダ,左,良,晴,12,2,2,サーマウント,牡,4,55.0,495,-6,所　蛍,張田京,,3,1:30.2,39.4,9-9-7-5,4,495,-6
2025/02/24,浦和,10,最強ウマドル☆ファル子記念Ｂ２三Ｂ３一,1400,ダ,左,良,晴,12,1,1,ダイメイタマナ,牡,5,57.0,502,-4,吉留孝,野口孝,,4,1:30.3,41.5,1-1-1-1,3,502,-4
2025/02/24,浦和,10,最強ウマドル☆ファル子記念Ｂ２三Ｂ３一,1400,ダ,左,良,晴,12,3,3,スノーフェス,牝,5,51.0,432,1,中島良,高橋宏,,5,1:30.3,40.3,3-3-3-4,8,432,1
2025/02/24,浦和,10,最強ウマドル☆ファル子記念Ｂ２三Ｂ３一,1400,ダ,左,良,晴,12,8,11,ヒテン,牝,4,53.0,477,-3,落合玄,小久智,,6,1:30.5,41.5,2-2-2-3,2,477,-3
2025/02/24,浦和,10,最強ウマドル☆ファル子記念Ｂ２三Ｂ３一,1400,ダ,左,良,晴,12,5,6,モノノフブラック,牝,4,55.0,453,3,福原杏,野口寛,,7,1:30.5,39.9,5-4-8-8,9,453,3
2025/02/24,浦和,10,最強ウマドル☆ファル子記念Ｂ２三Ｂ３一,1400,ダ,左,良,晴,12,7,9,フューリアス,牡,7,55.0,479,3,山中悠,宇野博,,8,1:30.6,40.1,6-6-4-6,6,479,3
2025/02/24,浦和,10,最強ウマドル☆ファル子記念Ｂ２三Ｂ３一,1400,ダ,左,良,晴,12,8,12,エリオット,牡,7,57.0,541,-10,仲野光,阿井正,,9,1:31.0,40.6,4-5-4-9,10,541,-10
2025/02/24,浦和,10,最強ウマドル☆ファル子記念Ｂ２三Ｂ３一,1400,ダ,左,良,晴,12,7,10,フィティアンガ,セ,0,57.0,491,-7,笠野雄,山中尊,,10,1:31.0,39.3,12-12-11-10,12,491,-7
2025/02/24,浦和,10,最強ウマドル☆ファル子記念Ｂ２三Ｂ３一,1400,ダ,左,良,晴,12,5,5,ミエノハヤブサ,セ,0,55.0,500,9,野畑凌,小澤宏,,11,1:31.1,40.0,10-10-10-11,7,500,9
2025/02/24,浦和,10,最強ウマドル☆ファル子記念Ｂ２三Ｂ３一,1400,ダ,左,良,晴,12,6,7,エーヴベリー,牝,5,55.0,475,-14,半澤慶,平山真,,12,1:32.6,40.7,11-11-12-12,11,475,-14
2025/02/24,浦和,11,ユングフラウ賞３歳牝馬オープン,1400,ダ,左,良,晴,12,8,12,プラウドフレール,牝,3,56.0,479,2,張田昂,川島一,,1,1:28.3,37.3,5-5-4-1,2,479,2
2025/02/24,浦和,11,ユングフラウ賞３歳牝馬オープン,1400,ダ,左,良,晴,12,3,3,ゼロアワー,牝,3,56.0,438,-4,矢野貴,高月賢,,2,1:28.6,37.5,4-4-5-5,1,438,-4
2025/02/24,浦和,11,ユングフラウ賞３歳牝馬オープン,1400,ダ,左,良,晴,12,1,1,ツウエンティフォー,牝,3,55.0,453,-1,本橋孝,小久智,,3,1:28.7,37.9,1-1-1-2,7,453,-1
2025/02/24,浦和,11,ユングフラウ賞３歳牝馬オープン,1400,ダ,左,良,晴,12,6,8,フリーダム,牝,3,55.0,443,1,和田譲,宗形竹,,4,1:29.1,37.8,7-7-8-6,5,443,1
2025/02/24,浦和,11,ユングフラウ賞３歳牝馬オープン,1400,ダ,左,良,晴,12,8,11,エスカティア,牝,3,55.0,485,-2,落合玄,小久智,,5,1:29.2,38.4,3-3-3-4,4,485,-2
2025/02/24,浦和,11,ユングフラウ賞３歳牝馬オープン,1400,ダ,左,良,晴,12,5,6,ウィルシャイン,牝,3,55.0,453,-2,吉井章,佐藤太,,6,1:29.3,38.0,8-8-6-7,3,453,-2
2025/02/24,浦和,11,ユングフラウ賞３歳牝馬オープン,1400,ダ,左,良,晴,12,6,7,リヴェルベロ,牝,3,55.0,482,-3,木間龍,矢野義,,7,1:29.4,38.6,2-2-2-3,8,482,-3
2025/02/24,浦和,11,ユングフラウ賞３歳牝馬オープン,1400,ダ,左,良,晴,12,2,2,ナーヴィスゼータ,牝,3,54.0,477,9,室陽一,宇野博,,8,1:30.4,38.7,10-10-11-10,11,477,9
2025/02/24,浦和,11,ユングフラウ賞３歳牝馬オープン,1400,ダ,左,良,晴,12,7,10,モンゲーキララ,牝,3,55.0,443,-3,新原周,鈴木義,,9,1:30.5,39.1,6-6-9-9,10,443,-3
2025/02/24,浦和,11,ユングフラウ賞３歳牝馬オープン,1400,ダ,左,良,晴,12,5,5,アメストリス,牝,3,56.0,432,-15,野畑凌,稲益貴,,10,1:30.7,39.3,11-11-7-8,6,432,-15
2025/02/24,浦和,11,ユングフラウ賞３歳牝馬オープン,1400,ダ,左,良,晴,12,4,4,サティスファイア,牝,3,54.0,432,-4,澤田龍,山下之,,11,1:30.8,38.9,12-12-10-11,9,432,-4
2025/02/24,浦和,11,ユングフラウ賞３歳牝馬オープン,1400,ダ,左,良,晴,12,7,9,パトリオットゲーム,牝,3,55.0,486,15,山本聡,山崎裕,,12,1:31.4,39.7,9-9-12-12,12,486,15
2025/02/24,浦和,12,ウマ娘プリティーダービー４周年記念Ｃ２選,2000,ダ,左,良,晴,12,5,5,トモノクリスタル,牝,8,54.0,437,12,落合玄,小久智,,1,2:15.4,40.3,1-1-1-1,2,437,12
2025/02/24,浦和,12,ウマ娘プリティーダービー４周年記念Ｃ２選,2000,ダ,左,良,晴,12,7,10,スマイルポピー,牝,5,54.0,473,2,張田昂,小澤宏,,2,2:15.5,39.3,7-7-5-3,1,473,2
2025/02/24,浦和,12,ウマ娘プリティーダービー４周年記念Ｃ２選,2000,ダ,左,良,晴,12,6,8,スーパーキング,牡,4,56.0,520,8,室陽一,横山保,,3,2:16.0,40.7,2-2-2-2,8,520,8
2025/02/24,浦和,12,ウマ娘プリティーダービー４周年記念Ｃ２選,2000,ダ,左,良,晴,12,8,12,ポケットシンデレラ,牝,6,54.0,439,10,仲野光,長谷忍,,4,2:16.3,40.8,3-3-3-4,9,439,10
2025/02/24,浦和,12,ウマ娘プリティーダービー４周年記念Ｃ２選,2000,ダ,左,良,晴,12,6,7,ソルテア,牡,5,56.0,474,0,野畑凌,水野貴,,5,2:16.7,39.8,10-11-11-7,6,474,0
2025/02/24,浦和,12,ウマ娘プリティーダービー４周年記念Ｃ２選,2000,ダ,左,良,晴,12,3,3,パクスジャポニカ,牡,7,56.0,502,0,仲原大,入口由,,6,2:17.0,41.1,6-6-4-6,7,502,0
2025/02/24,浦和,12,ウマ娘プリティーダービー４周年記念Ｃ２選,2000,ダ,左,良,晴,12,1,1,セイウンコチョウ,牝,6,54.0,406,0,國分祐,冨田敏,,7,2:17.1,41.2,4-4-6-5,10,406,0
2025/02/24,浦和,12,ウマ娘プリティーダービー４周年記念Ｃ２選,2000,ダ,左,良,晴,12,4,4,ルルド,セ,0,56.0,432,-4,福原杏,平山真,,8,2:17.5,41.2,4-5-7-8,3,432,-4
2025/02/24,浦和,12,ウマ娘プリティーダービー４周年記念Ｃ２選,2000,ダ,左,良,晴,12,2,2,ラブルパイル,牡,5,56.0,468,-1,高橋哲,吉田正,,9,2:17.5,40.6,12-12-9-9,12,468,-1
2025/02/24,浦和,12,ウマ娘プリティーダービー４周年記念Ｃ２選,2000,ダ,左,良,晴,12,7,9,リュウノアラス,牡,4,56.0,480,-5,保園翔,川村守,,10,2:17.5,40.8,11-9-8-10,11,480,-5
2025/02/24,浦和,12,ウマ娘プリティーダービー４周年記念Ｃ２選,2000,ダ,左,良,晴,12,8,11,カイジンビリーヴ,牡,7,56.0,521,-3,吉留孝,入口由,,11,2:19.1,42.4,8-8-10-11,4,521,-3
2025/02/24,浦和,12,ウマ娘プリティーダービー４周年記念Ｃ２選,2000,ダ,左,良,晴,12,5,6,シェナクラウン,牡,5,54.0,511,-1,中島良,冨田敏,,12,2:19.2,42.3,9-10-12-12,5,511,-1
2025/02/25,浦和,1,３歳五,1400,ダ,左,良,晴,12,2,2,パラソーレ,牝,3,54.0,439,2,笹川翼,水野貴,,1,1:31.5,40.3,1-2-2-1,2,439,2
2025/02/25,浦和,1,３歳五,1400,ダ,左,良,晴,12,8,12,シナノオヤカタ,牡,3,54.0,481,-3,佐野遥,高月賢,,2,1:31.8,41.2,3-1-1-2,3,481,-3
2025/02/25,浦和,1,３歳五,1400,ダ,左,良,晴,12,8,11,アップルシーフ,牝,3,54.0,433,-3,篠谷葵,山田信,,3,1:32.3,39.6,11-11-8-8,9,433,-3
2025/02/25,浦和,1,３歳五,1400,ダ,左,良,晴,12,7,9,ノーブルプラチナ,牡,3,56.0,544,7,福原杏,水野貴,,4,1:32.4,40.5,4-4-4-5,1,544,7
2025/02/25,浦和,1,３歳五,1400,ダ,左,良,晴,12,5,5,ウワサノデコピン,牡,3,56.0,441,6,七夕裕,工藤伸,,5,1:32.4,40.3,6-5-5-4,4,441,6
2025/02/25,浦和,1,３歳五,1400,ダ,左,良,晴,12,3,3,シナノショウグン,牡,3,56.0,459,19,吉留孝,鹿沼和,,6,1:32.7,41.0,2-3-3-3,5,459,19
2025/02/25,浦和,1,３歳五,1400,ダ,左,良,晴,12,5,6,オーデンオパール,牝,3,54.0,403,16,秋元耕,薮口一,,7,1:32.8,40.5,5-6-6-7,11,403,16
2025/02/25,浦和,1,３歳五,1400,ダ,左,良,晴,12,6,8,オリエンタルマック,牡,3,56.0,457,0,實川純,佐々功,,8,1:33.0,40.5,8-8-7-6,10,457,0
2025/02/25,浦和,1,３歳五,1400,ダ,左,良,晴,12,6,7,ラグーンリバティ,牝,3,54.0,444,12,藤本現,箕輪武,,9,1:33.4,40.7,9-10-10-10,6,444,12
2025/02/25,浦和,1,３歳五,1400,ダ,左,良,晴,12,7,10,ツガノローマン,牝,3,54.0,436,-7,西啓太,長谷忍,,10,1:33.5,41.0,7-7-9-9,8,436,-7
2025/02/25,浦和,1,３歳五,1400,ダ,左,良,晴,12,4,4,ユウユウキーン,牝,3,54.0,433,-8,保園翔,入口由,,11,1:33.7,40.6,12-12-12-11,12,433,-8
2025/02/25,浦和,1,３歳五,1400,ダ,左,良,晴,12,1,1,ハクシンドラゴン,セ,0,56.0,447,0,半澤慶,平山真,,12,1:33.9,41.2,10-9-11-12,7,447,0
2025/02/25,浦和,2,ランチタイムチャレンジＣ３五 六,1400,ダ,左,良,晴,12,8,11,キングブルズアイズ,セ,0,56.0,483,19,笹川翼,繁田健,,1,1:32.0,40.2,2-2-2-2,1,483,19
2025/02/25,浦和,2,ランチタイムチャレンジＣ３五 六,1400,ダ,左,良,晴,12,2,2,インベンション,牝,5,54.0,463,8,保園翔,長谷忍,,2,1:32.0,40.2,1-1-1-1,10,463,8
2025/02/25,浦和,2,ランチタイムチャレンジＣ３五 六,1400,ダ,左,良,晴,12,4,4,カミヤガルーラ,牡,7,56.0,470,3,内田利,内野健,,3,1:32.4,39.8,5-5-6-3,5,470,3
2025/02/25,浦和,2,ランチタイムチャレンジＣ３五 六,1400,ダ,左,良,晴,12,3,3,アイブライト,牡,5,56.0,475,-3,張田昂,阿井正,,4,1:32.7,40.1,4-4-4-4,6,475,-3
2025/02/25,浦和,2,ランチタイムチャレンジＣ３五 六,1400,ダ,左,良,晴,12,5,5,ミュールダール,牡,5,56.0,460,-2,木間龍,酒井一,,5,1:32.8,39.8,10-9-9-6,7,460,-2
2025/02/25,浦和,2,ランチタイムチャレンジＣ３五 六,1400,ダ,左,良,晴,12,1,1,スプリングネージュ,牝,7,54.0,457,3,秋元耕,薮口一,,6,1:33.1,39.6,9-10-10-9,8,457,3
2025/02/25,浦和,2,ランチタイムチャレンジＣ３五 六,1400,ダ,左,良,晴,12,7,9,シーオブクラウズ,牡,7,56.0,490,-2,野畑凌,野口孝,,6,1:33.1,39.4,12-12-11-8,4,490,-2
2025/02/25,浦和,2,ランチタイムチャレンジＣ３五 六,1400,ダ,左,良,晴,12,6,7,ヨドノホマレ,セ,0,56.0,486,-3,笠野雄,平山真,,8,1:33.4,40.4,7-7-8-5,3,486,-3
2025/02/25,浦和,2,ランチタイムチャレンジＣ３五 六,1400,ダ,左,良,晴,12,7,10,エコロアジェンダ,牡,7,54.0,461,2,谷内貫,工藤伸,,9,1:33.6,41.1,6-6-4-10,2,461,2
2025/02/25,浦和,2,ランチタイムチャレンジＣ３五 六,1400,ダ,左,良,晴,12,8,12,ゴールドバニー,牝,5,54.0,491,-1,吉留孝,野口孝,,10,1:33.8,41.5,3-3-3-7,9,491,-1
2025/02/25,浦和,2,ランチタイムチャレンジＣ３五 六,1400,ダ,左,良,晴,12,5,6,スターコマチ,牝,6,54.0,424,-1,室陽一,川村守,,11,1:33.8,39.9,11-11-12-11,12,424,-1
2025/02/25,浦和,2,ランチタイムチャレンジＣ３五 六,1400,ダ,左,良,晴,12,6,8,サンライズテソロ,牡,7,56.0,481,5,半澤慶,川島豊,,12,1:33.9,41.1,8-8-7-12,11,481,5
2025/02/25,浦和,3,Ｃ３五 六,1500,ダ,左,良,晴,12,8,11,サンタモニカビーチ,牡,5,56.0,556,9,見越彬,川島豊,,1,1:38.7,39.1,8-6-3-1,1,556,9
2025/02/25,浦和,3,Ｃ３五 六,1500,ダ,左,良,晴,12,1,1,ハーモニージョーイ,牡,8,56.0,492,16,笹川翼,新井清,,2,1:39.5,40.1,1-1-1-2,2,492,16
2025/02/25,浦和,3,Ｃ３五 六,1500,ダ,左,良,晴,12,3,3,タイシタモンダロ,牡,6,56.0,510,-2,保園翔,川村守,,3,1:40.0,39.8,7-7-6-4,3,510,-2
2025/02/25,浦和,3,Ｃ３五 六,1500,ダ,左,良,晴,12,4,4,ジーニーボニータ,牡,6,56.0,508,8,福原杏,水野貴,,4,1:40.2,40.3,4-4-5-5,7,508,8
2025/02/25,浦和,3,Ｃ３五 六,1500,ダ,左,良,晴,12,5,6,シエスタキー,牡,8,56.0,490,0,加藤和,薮口一,,5,1:40.4,41.0,2-2-2-3,4,490,0
2025/02/25,浦和,3,Ｃ３五 六,1500,ダ,左,良,晴,12,7,9,ケイアイマボラ,牡,8,56.0,476,-1,室陽一,川村守,,6,1:41.1,40.4,10-10-8-8,6,476,-1
2025/02/25,浦和,3,Ｃ３五 六,1500,ダ,左,良,晴,12,5,5,ワイキキビーチ,牡,5,56.0,465,8,笠野雄,海馬司,,7,1:41.2,41.1,5-5-7-7,10,465,8
2025/02/25,浦和,3,Ｃ３五 六,1500,ダ,左,良,晴,12,7,10,エチゴノウタゲ,牝,5,54.0,412,-7,山本紀,山本学,,8,1:41.4,40.5,11-11-11-9,9,412,-7
2025/02/25,浦和,3,Ｃ３五 六,1500,ダ,左,良,晴,12,2,2,ストームシャドウ,牡,6,56.0,496,7,實川純,佐々清,,9,1:41.4,39.9,12-12-12-12,11,496,7
2025/02/25,浦和,3,Ｃ３五 六,1500,ダ,左,良,晴,12,6,8,ステンノー,牝,5,54.0,490,7,高橋哲,小林真,,10,1:41.7,42.0,3-3-4-6,12,490,7
2025/02/25,浦和,3,Ｃ３五 六,1500,ダ,左,良,晴,12,6,7,プレミアムプリモ,牝,8,54.0,497,1,七夕裕,平山真,,11,1:42.0,41.3,9-9-8-10,8,497,1
2025/02/25,浦和,3,Ｃ３五 六,1500,ダ,左,良,晴,12,8,12,ブルートルマリン,牝,6,54.0,506,-4,増田充,久保勇,,12,1:42.2,41.5,6-8-8-11,5,506,-4
2025/02/25,浦和,4,３歳四,1400,ダ,左,良,晴,12,8,11,モンド,牡,3,56.0,428,-8,町田直,甲田悟,,1,1:31.3,41.0,4-4-2-1,4,428,-8
2025/02/25,浦和,4,３歳四,1400,ダ,左,良,晴,12,5,6,ノヴァヴィア,牝,3,54.0,447,3,吉原寛,小久智,,2,1:31.3,40.6,6-5-5-5,1,447,3
2025/02/25,浦和,4,３歳四,1400,ダ,左,良,晴,12,7,10,イロドリノカオリ,牡,3,56.0,485,-4,山中悠,宇野博,,3,1:32.0,41.7,2-2-3-4,6,485,-4
2025/02/25,浦和,4,３歳四,1400,ダ,左,良,晴,12,5,5,ダイバヤタガラス,セ,0,56.0,459,-8,藤江渉,箕輪武,,4,1:32.2,42.7,1-1-1-2,7,459,-8
2025/02/25,浦和,4,３歳四,1400,ダ,左,良,晴,12,6,8,ノーヴヒーロー,牡,3,56.0,471,1,山口達,林正人,,5,1:32.3,38.7,12-12-12-12,2,471,1
2025/02/25,浦和,4,３歳四,1400,ダ,左,良,晴,12,2,2,ミネノブルー,牡,3,56.0,508,1,福原杏,伊藤滋,,6,1:32.7,42.4,3-3-4-3,5,508,1
2025/02/25,浦和,4,３歳四,1400,ダ,左,良,晴,12,3,3,タカイチフリオーソ,牝,3,54.0,427,-4,吉留孝,薮口一,,7,1:32.9,41.6,7-7-6-7,8,427,-4
2025/02/25,浦和,4,３歳四,1400,ダ,左,良,晴,12,6,7,ゴッドフィンガー,牡,3,54.0,457,-15,佐野遥,高月賢,,8,1:33.0,41.8,5-6-7-6,11,457,-15
2025/02/25,浦和,4,３歳四,1400,ダ,左,良,晴,12,8,12,ゴールドキッド,牡,3,56.0,419,-3,七夕裕,鹿沼和,,9,1:33.1,41.3,9-9-9-9,9,419,-3
2025/02/25,浦和,4,３歳四,1400,ダ,左,良,晴,12,4,4,アナザーファミリア,セ,0,56.0,462,0,藤本現,林正人,,10,1:33.1,41.1,10-10-11-11,12,462,0
2025/02/25,浦和,4,３歳四,1400,ダ,左,良,晴,12,7,9,ジャンボリクイーン,牝,3,54.0,431,-6,山崎誠,山田質,,11,1:33.2,41.4,11-11-8-8,10,431,-6
2025/02/25,浦和,4,３歳四,1400,ダ,左,良,晴,12,1,1,ラヴニールドレーヴ,牝,3,51.0,443,6,神尾香,山田質,,12,1:33.7,42.3,8-8-10-10,3,443,6
2025/02/25,浦和,5,３歳三,1400,ダ,左,良,晴,12,5,6,サヨノゴーステッド,牡,3,56.0,531,-7,笹川翼,工藤伸,,1,1:31.4,38.9,9-9-8-6,1,531,-7
2025/02/25,浦和,5,３歳三,1400,ダ,左,良,晴,12,8,12,ヨシヒロ,牡,3,56.0,508,13,張田昂,張田京,,2,1:31.8,40.2,5-6-5-3,7,508,13
2025/02/25,浦和,5,３歳三,1400,ダ,左,良,晴,12,6,8,アイリーズパキラ,牡,3,56.0,457,3,和田譲,内田勝,,3,1:31.8,39.8,10-8-6-5,9,457,3
2025/02/25,浦和,5,３歳三,1400,ダ,左,良,晴,12,4,4,コスモカピタン,牡,3,56.0,453,3,野畑凌,水野貴,,4,1:32.0,40.9,3-2-2-1,2,453,3
2025/02/25,浦和,5,３歳三,1400,ダ,左,良,晴,12,7,9,パウダースノウ,牝,3,54.0,495,5,吉原寛,平山真,,5,1:32.0,40.6,4-3-3-4,3,495,5
2025/02/25,浦和,5,３歳三,1400,ダ,左,良,晴,12,8,11,ベネディット,牝,3,54.0,470,7,室陽一,小久智,,6,1:32.6,40.3,8-10-8-8,8,470,7
2025/02/25,浦和,5,３歳三,1400,ダ,左,良,晴,12,5,5,ゴールドグラント,牝,3,54.0,457,-6,笠野雄,岩崎真,,7,1:32.8,40.0,11-11-11-10,10,457,-6
2025/02/25,浦和,5,３歳三,1400,ダ,左,良,晴,12,6,7,イチカノユメ,牝,3,54.0,470,-4,山本聡,水野貴,,8,1:33.1,41.5,7-7-4-7,5,470,-4
2025/02/25,浦和,5,３歳三,1400,ダ,左,良,晴,12,1,1,モーニングタンポポ,牝,3,54.0,417,7,七夕裕,箕輪武,,9,1:33.2,42.2,1-1-1-2,6,417,7
2025/02/25,浦和,5,３歳三,1400,ダ,左,良,晴,12,7,10,フィデルトロッテ,牝,3,54.0,463,11,吉留孝,薮口一,,10,1:33.7,41.1,12-12-10-11,11,463,11
2025/02/25,浦和,5,３歳三,1400,ダ,左,良,晴,12,3,3,ツガノムサシ,牡,3,56.0,450,3,加藤和,長谷忍,,11,1:34.1,42.1,6-5-7-9,4,450,3
2025/02/25,浦和,5,３歳三,1400,ダ,左,良,晴,12,2,2,ロイヤルジョダーナ,牡,3,56.0,462,3,町田直,佐々功,,12,1:35.1,42.8,2-4-12-12,12,462,3
2025/02/25,浦和,6,Ｃ２五 六,1500,ダ,左,良,晴,12,7,9,デルマプルシャ,セ,0,56.0,475,-5,野畑凌,箕輪武,,1,1:37.7,39.7,1-1-1-1,1,475,-5
2025/02/25,浦和,6,Ｃ２五 六,1500,ダ,左,良,晴,12,3,3,リュウノラプター,牡,5,56.0,511,2,張田昂,齊藤敏,,2,1:38.9,40.2,5-5-6-3,4,511,2
2025/02/25,浦和,6,Ｃ２五 六,1500,ダ,左,良,晴,12,2,2,エクレールスカイ,牡,6,56.0,442,0,山口達,林正人,,3,1:39.1,40.4,4-4-5-4,2,442,0
2025/02/25,浦和,6,Ｃ２五 六,1500,ダ,左,良,晴,12,8,12,サンディロン,牝,8,54.0,446,-5,笹川翼,新井清,,4,1:39.1,40.9,3-3-2-2,5,446,-5
2025/02/25,浦和,6,Ｃ２五 六,1500,ダ,左,良,晴,12,5,6,キャルドーン,牡,5,56.0,519,1,町田直,繁田健,,5,1:40.0,41.5,6-6-3-5,6,519,1
2025/02/25,浦和,6,Ｃ２五 六,1500,ダ,左,良,晴,12,1,1,メイショウボンゴチ,牡,5,56.0,429,0,加藤和,薮口一,,6,1:40.1,40.8,8-8-7-7,7,429,0
2025/02/25,浦和,6,Ｃ２五 六,1500,ダ,左,良,晴,12,8,11,シントーヨーキヒ,牝,8,54.0,476,-3,木間龍,矢野義,,7,1:40.2,40.6,10-10-9-9,10,476,-3
2025/02/25,浦和,6,Ｃ２五 六,1500,ダ,左,良,晴,12,5,5,バウンドトゥウィン,牝,4,54.0,425,2,保園翔,野口寛,,8,1:40.3,41.0,7-7-8-8,9,425,2
2025/02/25,浦和,6,Ｃ２五 六,1500,ダ,左,良,晴,12,7,10,ベルゲンハート,牡,4,56.0,456,6,室陽一,長谷忍,,9,1:40.3,39.9,12-11-11-10,12,456,6
2025/02/25,浦和,6,Ｃ２五 六,1500,ダ,左,良,晴,12,6,8,クーリッジテソーロ,牡,4,56.0,466,-11,吉原寛,小久智,,10,1:40.7,42.3,2-2-4-6,3,466,-11
2025/02/25,浦和,6,Ｃ２五 六,1500,ダ,左,良,晴,12,4,4,バリブラック,セ,0,56.0,484,7,秋元耕,小林真,,11,1:40.7,41.1,9-9-10-11,11,484,7
2025/02/25,浦和,6,Ｃ２五 六,1500,ダ,左,良,晴,12,6,7,ロジマスタング,牝,6,54.0,476,-4,七夕裕,平山真,,12,1:42.1,41.4,11-12-12-12,8,476,-4
2025/02/25,浦和,7,Ｊ交 ツインホープ特別３歳選抜馬,1400,ダ,左,良,晴,12,8,12,ヴェナートル,牡,3,56.0,489,-1,武藤雅,武藤善,,1,1:29.4,39.6,1-1-1-1,6,489,-1
2025/02/25,浦和,7,Ｊ交 ツインホープ特別３歳選抜馬,1400,ダ,左,良,晴,12,8,11,サツマノカゼ,セ,0,53.0,414,-6,長浜鴻,高橋文,,2,1:30.2,39.2,2-2-2-2,9,414,-6
2025/02/25,浦和,7,Ｊ交 ツインホープ特別３歳選抜馬,1400,ダ,左,良,晴,12,5,6,ルグランシャリオ,牡,3,56.0,529,5,山本聡,石栗龍,,3,1:30.2,38.6,4-5-6-7,7,529,5
2025/02/25,浦和,7,Ｊ交 ツインホープ特別３歳選抜馬,1400,ダ,左,良,晴,12,5,5,ツツウラウラ,牡,3,56.0,466,6,西啓太,野口寛,,4,1:30.2,39.0,3-3-4-3,1,466,6
2025/02/25,浦和,7,Ｊ交 ツインホープ特別３歳選抜馬,1400,ダ,左,良,晴,12,1,1,オニアシ,牡,3,56.0,443,5,秋元耕,藤原智,,5,1:30.4,38.5,5-6-7-4,3,443,5
2025/02/25,浦和,7,Ｊ交 ツインホープ特別３歳選抜馬,1400,ダ,左,良,晴,12,6,7,ケンブレナム,牡,3,56.0,432,5,笹川翼,繁田健,,6,1:30.6,38.9,7-7-5-5,4,432,5
2025/02/25,浦和,7,Ｊ交 ツインホープ特別３歳選抜馬,1400,ダ,左,良,晴,12,7,9,カミノワ,牡,3,56.0,498,11,臼井健,佐々功,,7,1:31.8,40.6,6-4-3-6,10,498,11
2025/02/25,浦和,7,Ｊ交 ツインホープ特別３歳選抜馬,1400,ダ,左,良,晴,12,2,2,カシノナイスガイ,牡,3,56.0,459,-4,吉留孝,野口寛,,8,1:31.9,39.8,8-8-10-8,8,459,-4
2025/02/25,浦和,7,Ｊ交 ツインホープ特別３歳選抜馬,1400,ダ,左,良,晴,12,7,10,カジバノウマヂカラ,牡,3,56.0,531,-1,吉原寛,齊藤敏,,9,1:32.1,40.0,10-9-9-9,5,531,-1
2025/02/25,浦和,7,Ｊ交 ツインホープ特別３歳選抜馬,1400,ダ,左,良,晴,12,4,4,アイトカコイトカ,牝,3,51.0,446,-14,佐藤翔,小手準,,10,1:32.4,40.3,9-10-8-10,11,446,-14
2025/02/25,浦和,7,Ｊ交 ツインホープ特別３歳選抜馬,1400,ダ,左,良,晴,12,3,3,アスピノール,牡,3,56.0,492,0,野畑凌,南田美,,11,1:32.7,40.1,11-11-11-11,12,492,0
2025/02/25,浦和,7,Ｊ交 ツインホープ特別３歳選抜馬,1400,ダ,左,良,晴,12,6,8,ハックルベリー,牡,3,56.0,499,7,秋山稔,村山明,,12,1:33.4,40.2,12-12-12-12,2,499,7
2025/02/25,浦和,8,浦和エイトチャレンジＣ２五 六,1400,ダ,左,良,晴,12,7,9,キープライジング,牝,4,54.0,484,11,野畑凌,小澤宏,,1,1:30.6,39.9,8-8-3-2,1,484,11
2025/02/25,浦和,8,浦和エイトチャレンジＣ２五 六,1400,ダ,左,良,晴,12,4,4,アンブレラダンス,牝,5,54.0,470,1,山本聡,平山真,,2,1:30.6,40.2,3-2-1-1,5,470,1
2025/02/25,浦和,8,浦和エイトチャレンジＣ２五 六,1400,ダ,左,良,晴,12,8,11,ノベンバーステップ,牡,5,56.0,493,0,濱田達,渋谷博,,3,1:30.7,40.3,2-3-2-3,3,493,0
2025/02/25,浦和,8,浦和エイトチャレンジＣ２五 六,1400,ダ,左,良,晴,12,5,6,タイヘイノヨ,セ,0,56.0,508,-10,木間龍,工藤伸,,4,1:31.0,40.2,10-9-5-4,4,508,-10
2025/02/25,浦和,8,浦和エイトチャレンジＣ２五 六,1400,ダ,左,良,晴,12,2,2,チカチャン,牝,4,54.0,422,2,七夕裕,平山真,,5,1:31.1,39.9,9-10-7-5,9,422,2
2025/02/25,浦和,8,浦和エイトチャレンジＣ２五 六,1400,ダ,左,良,晴,12,6,7,ランウェイクイーン,牝,4,51.0,460,9,佐藤翔,小澤宏,,6,1:31.4,39.5,12-12-11-6,10,460,9
2025/02/25,浦和,8,浦和エイトチャレンジＣ２五 六,1400,ダ,左,良,晴,12,7,10,フォガラ,牝,8,54.0,473,10,吉原寛,小久智,,7,1:32.0,41.0,6-6-6-7,2,473,10
2025/02/25,浦和,8,浦和エイトチャレンジＣ２五 六,1400,ダ,左,良,晴,12,8,12,ハートフルダイヤ,牝,4,54.0,483,-5,福原杏,海馬司,,8,1:33.0,42.0,7-7-9-8,7,483,-5
2025/02/25,浦和,8,浦和エイトチャレンジＣ２五 六,1400,ダ,左,良,晴,12,5,5,サプライズワンワン,牡,4,54.0,497,-6,中島良,川島豊,,9,1:33.7,42.9,4-4-7-9,8,497,-6
2025/02/25,浦和,8,浦和エイトチャレンジＣ２五 六,1400,ダ,左,良,晴,12,1,1,ヌートバー,牡,4,56.0,495,-11,仲原大,入口由,,10,1:34.9,43.1,11-11-12-10,12,495,-11
2025/02/25,浦和,8,浦和エイトチャレンジＣ２五 六,1400,ダ,左,良,晴,12,6,8,ナツハヨル,牝,7,54.0,453,10,秋元耕,横山保,,11,1:36.3,45.3,5-5-10-12,11,453,10
2025/02/25,浦和,8,浦和エイトチャレンジＣ２五 六,1400,ダ,左,良,晴,12,3,3,リアリータイト,牝,4,54.0,483,-1,室陽一,箕輪武,,12,1:38.3,47.9,1-1-4-11,6,483,-1
2025/02/25,浦和,9,なまずの里よしかわ賞Ｂ３四,1500,ダ,左,良,晴,12,5,6,モンバイト,牡,6,56.0,495,8,和田譲,薮口一,,1,1:37.5,39.0,2-2-2-1,4,495,8
2025/02/25,浦和,9,なまずの里よしかわ賞Ｂ３四,1500,ダ,左,良,晴,12,7,10,セイウンシリウス,牡,5,56.0,446,-4,加藤和,冨田敏,,2,1:37.8,38.9,6-5-5-4,3,446,-4
2025/02/25,浦和,9,なまずの里よしかわ賞Ｂ３四,1500,ダ,左,良,晴,12,8,12,アンジュミストラル,牝,4,54.0,464,7,野畑凌,小久智,,3,1:38.2,39.7,1-1-1-2,2,464,7
2025/02/25,浦和,9,なまずの里よしかわ賞Ｂ３四,1500,ダ,左,良,晴,12,6,8,サンカプリス,セ,0,56.0,504,-3,笹川翼,新井清,,4,1:38.2,39.6,3-3-3-3,1,504,-3
2025/02/25,浦和,9,なまずの里よしかわ賞Ｂ３四,1500,ダ,左,良,晴,12,4,4,レイニングキャット,牡,4,56.0,504,-6,見越彬,小久智,,5,1:38.6,39.9,4-4-4-5,5,504,-6
2025/02/25,浦和,9,なまずの里よしかわ賞Ｂ３四,1500,ダ,左,良,晴,12,2,2,ヴェルデヴェント,牝,6,54.0,444,9,福原杏,岡林光,,6,1:39.1,39.8,9-7-6-6,10,444,9
2025/02/25,浦和,9,なまずの里よしかわ賞Ｂ３四,1500,ダ,左,良,晴,12,5,5,デルバイス,牡,6,56.0,460,-3,安藤洋,内田勝,,7,1:39.4,39.7,5-6-8-7,7,460,-3
2025/02/25,浦和,9,なまずの里よしかわ賞Ｂ３四,1500,ダ,左,良,晴,12,7,9,グレイトムーン,牡,8,56.0,497,-6,山中悠,凾館一,,8,1:39.5,39.5,11-10-9-9,6,497,-6
2025/02/25,浦和,9,なまずの里よしかわ賞Ｂ３四,1500,ダ,左,良,晴,12,8,11,アニモ,牝,4,54.0,428,11,七夕裕,川島豊,,9,1:40.7,41.2,7-8-7-8,11,428,11
2025/02/25,浦和,9,なまずの里よしかわ賞Ｂ３四,1500,ダ,左,良,晴,12,6,7,スマートバローズ,牡,4,56.0,468,-5,室陽一,繁田健,,10,1:40.7,40.2,10-11-11-10,8,468,-5
2025/02/25,浦和,9,なまずの里よしかわ賞Ｂ３四,1500,ダ,左,良,晴,12,1,1,シトラスダル,牝,6,54.0,445,4,吉留孝,平山真,,11,1:41.6,41.4,8-9-10-11,9,445,4
2025/02/25,浦和,9,なまずの里よしかわ賞Ｂ３四,1500,ダ,左,良,晴,12,3,3,スターサルファー,牡,4,56.0,480,-4,澤田龍,小澤宏,,,,,,,480,-4
2025/02/25,浦和,10,ウマ娘コラボポストカード配布記念Ｂ２下選,800,ダ,左,良,晴,11,1,1,ルクスディオン,牝,6,55.0,452,-5,菅原涼,坂井英,,1,0:47.4,35.4,1-1,1,452,-5
2025/02/25,浦和,10,ウマ娘コラボポストカード配布記念Ｂ２下選,800,ダ,左,良,晴,11,2,2,シナノスマイル,牝,4,55.0,478,-4,内田利,鹿沼和,,2,0:47.4,35.4,2-2,2,478,-4
2025/02/25,浦和,10,ウマ娘コラボポストカード配布記念Ｂ２下選,800,ダ,左,良,晴,11,7,8,ユウノワンワン,牝,4,53.0,418,-4,木間龍,酒井一,,3,0:47.8,35.6,3-4,5,418,-4
2025/02/25,浦和,10,ウマ娘コラボポストカード配布記念Ｂ２下選,800,ダ,左,良,晴,11,8,11,ノースプリマ,牝,5,53.0,460,2,佐野遥,水野貴,,4,0:47.9,35.6,4-3,3,460,2
2025/02/25,浦和,10,ウマ娘コラボポストカード配布記念Ｂ２下選,800,ダ,左,良,晴,11,6,7,クリスタライズ,牡,4,55.0,494,3,野畑凌,水野貴,,5,0:48.1,35.6,6-6,9,494,3
2025/02/25,浦和,10,ウマ娘コラボポストカード配布記念Ｂ２下選,800,ダ,左,良,晴,11,7,9,ルールメイプル,牝,5,53.0,455,2,和田譲,山崎裕,,6,0:48.1,35.6,7-7,6,455,2
2025/02/25,浦和,10,ウマ娘コラボポストカード配布記念Ｂ２下選,800,ダ,左,良,晴,11,3,3,タマモアルタイル,牡,4,55.0,484,3,山本聡,水野貴,,7,0:48.2,35.7,5-5,7,484,3
2025/02/25,浦和,10,ウマ娘コラボポストカード配布記念Ｂ２下選,800,ダ,左,良,晴,11,4,4,ユキグニ,牡,6,55.0,502,4,加藤和,薮口一,,8,0:48.8,36.3,8-8,11,502,4
2025/02/25,浦和,10,ウマ娘コラボポストカード配布記念Ｂ２下選,800,ダ,左,良,晴,11,5,5,カード,牝,7,55.0,467,-12,吉原寛,小久智,,9,0:48.8,35.8,11-10,4,467,-12
2025/02/25,浦和,10,ウマ娘コラボポストカード配布記念Ｂ２下選,800,ダ,左,良,晴,11,6,6,グアドループ,牡,7,55.0,563,4,張田昂,藤原智,,10,0:48.8,35.9,10-9,10,563,4
2025/02/25,浦和,10,ウマ娘コラボポストカード配布記念Ｂ２下選,800,ダ,左,良,晴,11,8,10,セイウンハルカニ,牡,6,57.0,485,-3,吉留孝,冨田敏,,11,0:49.6,36.9,9-11,8,485,-3
2025/02/25,浦和,11,早春賞Ａ２下選抜馬,2000,ダ,左,良,晴,8,4,4,スパルタレオニダス,牡,6,55.0,529,-7,御神訓,繁田健,,1,2:10.6,37.8,3-3-2-2,2,529,-7
2025/02/25,浦和,11,早春賞Ａ２下選抜馬,2000,ダ,左,良,晴,8,8,8,ジョーエスポワール,牡,5,57.0,482,3,吉原寛,小久智,,2,2:10.6,38.0,2-2-1-1,1,482,3
2025/02/25,浦和,11,早春賞Ａ２下選抜馬,2000,ダ,左,良,晴,8,6,6,タイセイストラーダ,牡,6,55.0,495,0,今野忠,内田勝,,3,2:11.6,38.4,7-6-4-4,3,495,0
2025/02/25,浦和,11,早春賞Ａ２下選抜馬,2000,ダ,左,良,晴,8,1,1,シャンパンファイト,牡,5,55.0,455,-1,山崎誠,甲田悟,,4,2:11.7,39.2,1-1-2-3,4,455,-1
2025/02/25,浦和,11,早春賞Ａ２下選抜馬,2000,ダ,左,良,晴,8,7,7,ドスハーツ,牡,8,57.0,489,-1,山本聡,福田真,,5,2:11.9,38.1,8-8-8-6,5,489,-1
2025/02/25,浦和,11,早春賞Ａ２下選抜馬,2000,ダ,左,良,晴,8,5,5,ファルコンソード,牡,6,55.0,493,-3,笹川翼,高月賢,,6,2:12.0,38.6,6-7-7-5,7,493,-3
2025/02/25,浦和,11,早春賞Ａ２下選抜馬,2000,ダ,左,良,晴,8,3,3,アムクラージュ,牡,4,57.0,542,21,秋元耕,藤原智,,7,2:13.1,39.9,5-5-5-7,6,542,21
2025/02/25,浦和,11,早春賞Ａ２下選抜馬,2000,ダ,左,良,晴,8,2,2,ダイメイコリーダ,牡,8,57.0,516,-5,吉留孝,野口孝,,8,2:14.2,41.0,4-4-6-8,8,516,-5
2025/02/25,浦和,12,梅見月特別Ｃ１三,1500,ダ,左,良,晴,10,8,10,ヴィスコンティ,セ,0,56.0,511,8,達城龍,山中尊,,1,1:38.3,39.9,8-8-7-5,5,511,8
2025/02/25,浦和,12,梅見月特別Ｃ１三,1500,ダ,左,良,晴,10,3,3,ミヤコノティアラ,牝,5,54.0,456,6,山口達,林正人,,2,1:38.3,40.9,3-3-3-1,3,456,6
2025/02/25,浦和,12,梅見月特別Ｃ１三,1500,ダ,左,良,晴,10,4,4,リオンラファール,セ,0,56.0,543,11,吉原寛,宇野博,,3,1:38.5,41.2,1-1-1-2,1,543,11
2025/02/25,浦和,12,梅見月特別Ｃ１三,1500,ダ,左,良,晴,10,6,6,ブラーノマーノ,牡,5,56.0,489,3,山本紀,山本学,,4,1:38.7,40.3,6-6-6-6,7,489,3
2025/02/25,浦和,12,梅見月特別Ｃ１三,1500,ダ,左,良,晴,10,7,7,ハーモニーレグルス,牡,7,56.0,523,4,野畑凌,高月賢,,5,1:38.9,41.6,2-2-2-3,2,523,4
2025/02/25,浦和,12,梅見月特別Ｃ１三,1500,ダ,左,良,晴,10,2,2,トラックヤロー,牡,5,56.0,452,-1,半澤慶,平山真,,6,1:38.9,40.9,10-5-4-4,4,452,-1
2025/02/25,浦和,12,梅見月特別Ｃ１三,1500,ダ,左,良,晴,10,1,1,キープカミング,牡,4,56.0,487,5,高橋利,矢内博,,7,1:39.2,40.6,7-9-9-8,10,487,5
2025/02/25,浦和,12,梅見月特別Ｃ１三,1500,ダ,左,良,晴,10,8,9,グロー,牡,6,56.0,503,-3,篠谷葵,玉井勝,,7,1:39.2,40.2,9-10-10-9,9,503,-3
2025/02/25,浦和,12,梅見月特別Ｃ１三,1500,ダ,左,良,晴,10,7,8,ウィンドワーク,牝,4,54.0,489,-5,小杉亮,伊藤滋,,9,1:39.4,41.4,4-4-5-7,8,489,-5
2025/02/25,浦和,12,梅見月特別Ｃ１三,1500,ダ,左,良,晴,10,5,5,ウインユアソング,牡,5,56.0,487,-5,濱田達,佐々功,,10,1:39.6,41.2,5-7-8-10,6,487,-5
2025/02/26,浦和,1,Ｃ３ ４歳イ,1400,ダ,左,良,晴,11,7,8,キミハレモネード,牝,4,54.0,445,5,笹川翼,水野貴,,1,1:32.5,38.9,3-3-3-1,3,445,5
2025/02/26,浦和,1,Ｃ３ ４歳イ,1400,ダ,左,良,晴,11,2,2,ウインブリエ,牝,4,54.0,512,14,福原杏,平山真,,2,1:32.6,38.9,5-4-4-3,1,512,14
2025/02/26,浦和,1,Ｃ３ ４歳イ,1400,ダ,左,良,晴,11,4,4,ヴルカヌス,セ,0,56.0,440,-1,西啓太,野口寛,,3,1:33.1,39.7,1-2-1-2,10,440,-1
2025/02/26,浦和,1,Ｃ３ ４歳イ,1400,ダ,左,良,晴,11,6,6,マーニク,牝,4,54.0,450,0,山本聡,工藤伸,,4,1:33.3,39.2,9-10-8-7,5,450,0
2025/02/26,浦和,1,Ｃ３ ４歳イ,1400,ダ,左,良,晴,11,7,9,ワンダーフィール,牡,4,56.0,485,-1,赤津和,鈴木勝,,5,1:33.4,39.5,4-5-6-5,2,485,-1
2025/02/26,浦和,1,Ｃ３ ４歳イ,1400,ダ,左,良,晴,11,6,7,プリンセスサクラ,牝,4,54.0,411,-8,見越彬,鹿沼和,,6,1:33.9,39.6,7-9-10-10,4,411,-8
2025/02/26,浦和,1,Ｃ３ ４歳イ,1400,ダ,左,良,晴,11,8,10,タイムレスブルーム,牡,4,56.0,488,3,木間龍,野口孝,,7,1:33.9,40.0,6-6-5-4,8,488,3
2025/02/26,浦和,1,Ｃ３ ４歳イ,1400,ダ,左,良,晴,11,8,11,ギガフォルス,牡,4,56.0,470,3,吉留孝,薮口一,,8,1:34.1,40.0,8-8-9-9,11,470,3
2025/02/26,浦和,1,Ｃ３ ４歳イ,1400,ダ,左,良,晴,11,5,5,ティキー,牝,4,52.0,438,6,中島良,川村守,,9,1:34.1,40.0,10-7-7-8,9,438,6
2025/02/26,浦和,1,Ｃ３ ４歳イ,1400,ダ,左,良,晴,11,3,3,オンネア,牝,4,54.0,478,27,室陽一,入口由,,10,1:34.6,41.2,2-1-2-6,6,478,27
2025/02/26,浦和,1,Ｃ３ ４歳イ,1400,ダ,左,良,晴,11,1,1,マインドマイワーズ,牡,4,56.0,478,7,菅原涼,藤原智,,11,1:34.9,40.4,11-11-11-11,7,478,7
2025/02/26,浦和,2,ランチタイムチャレンジＣ３三 四,1400,ダ,左,良,晴,12,3,3,ワイルドダンク,牡,5,56.0,495,8,吉原寛,藤原智,,1,1:30.8,39.5,3-3-2-1,3,495,8
2025/02/26,浦和,2,ランチタイムチャレンジＣ３三 四,1400,ダ,左,良,晴,12,5,6,トーセンメモリア,牝,5,54.0,468,-14,見越彬,小久智,,2,1:30.8,39.5,1-1-1-2,1,468,-14
2025/02/26,浦和,2,ランチタイムチャレンジＣ３三 四,1400,ダ,左,良,晴,12,6,7,アイダケ,牡,5,56.0,517,3,仲野光,佐々清,,3,1:31.5,38.5,10-9-9-7,7,517,3
2025/02/26,浦和,2,ランチタイムチャレンジＣ３三 四,1400,ダ,左,良,晴,12,8,11,ケリードラゴン,セ,0,56.0,494,3,和田譲,齊藤敏,,4,1:32.0,39.6,7-6-5-5,5,494,3
2025/02/26,浦和,2,ランチタイムチャレンジＣ３三 四,1400,ダ,左,良,晴,12,5,5,フークアーデル,牡,5,56.0,492,3,西啓太,林　幻,,5,1:32.1,39.4,9-8-7-6,6,492,3
2025/02/26,浦和,2,ランチタイムチャレンジＣ３三 四,1400,ダ,左,良,晴,12,6,8,メイショウベニバナ,牝,5,52.0,460,5,所　蛍,長谷忍,,6,1:32.2,40.8,2-2-3-3,2,460,5
2025/02/26,浦和,2,ランチタイムチャレンジＣ３三 四,1400,ダ,左,良,晴,12,7,9,アイアンオー,牡,5,56.0,461,-6,張田昂,海馬司,,7,1:32.5,39.8,6-7-8-9,4,461,-6
2025/02/26,浦和,2,ランチタイムチャレンジＣ３三 四,1400,ダ,左,良,晴,12,1,1,モズマスターピース,牡,5,56.0,515,-1,高橋哲,横山保,,8,1:32.7,40.8,4-4-4-4,12,515,-1
2025/02/26,浦和,2,ランチタイムチャレンジＣ３三 四,1400,ダ,左,良,晴,12,2,2,ナリタアンビション,牝,5,54.0,410,-6,七夕裕,川島豊,,9,1:32.8,40.4,5-5-6-8,8,410,-6
2025/02/26,浦和,2,ランチタイムチャレンジＣ３三 四,1400,ダ,左,良,晴,12,4,4,クラダイリン,牝,5,54.0,529,13,保園翔,長谷忍,,10,1:33.1,39.8,12-11-11-10,9,529,13
2025/02/26,浦和,2,ランチタイムチャレンジＣ３三 四,1400,ダ,左,良,晴,12,7,10,イタリアンゴールド,セ,0,56.0,444,6,室陽一,宇野博,,11,1:33.1,40.1,8-10-10-11,11,444,6
2025/02/26,浦和,2,ランチタイムチャレンジＣ３三 四,1400,ダ,左,良,晴,12,8,12,フォンテーヌパーク,牡,5,56.0,442,1,秋元耕,玉井昇,,12,1:33.1,39.6,11-12-12-12,10,442,1
2025/02/26,浦和,3,浦和８００ラウンド３歳選抜馬,800,ダ,左,良,晴,8,5,5,アサガオ,牡,3,57.0,477,-2,吉原寛,繁田健,,1,0:47.7,35.9,1-1,1,477,-2
2025/02/26,浦和,3,浦和８００ラウンド３歳選抜馬,800,ダ,左,良,晴,8,4,4,シェナウエーブ,牡,3,55.0,463,-4,吉留孝,吉田正,,2,0:48.2,36.1,3-3,2,463,-4
2025/02/26,浦和,3,浦和８００ラウンド３歳選抜馬,800,ダ,左,良,晴,8,8,8,アンバードレス,牝,3,54.0,474,2,木間龍,酒井一,,3,0:48.3,36.3,2-2,3,474,2
2025/02/26,浦和,3,浦和８００ラウンド３歳選抜馬,800,ダ,左,良,晴,8,1,1,メルヘンローザ,牝,3,53.0,461,-4,西村栄,石井勝,,4,0:48.8,36.3,4-4,7,461,-4
2025/02/26,浦和,3,浦和８００ラウンド３歳選抜馬,800,ダ,左,良,晴,8,3,3,ニンリル,牝,3,54.0,446,-11,笹川翼,平山真,,5,0:48.9,35.8,7-6,4,446,-11
2025/02/26,浦和,3,浦和８００ラウンド３歳選抜馬,800,ダ,左,良,晴,8,2,2,エポナメロディー,牝,3,54.0,423,-4,藤江渉,平田正,,6,0:49.0,36.2,6-5,8,423,-4
2025/02/26,浦和,3,浦和８００ラウンド３歳選抜馬,800,ダ,左,良,晴,8,7,7,シナモンポップ,牝,3,54.0,470,-10,秋元耕,海馬司,,7,0:49.2,35.8,8-7,5,470,-10
2025/02/26,浦和,3,浦和８００ラウンド３歳選抜馬,800,ダ,左,良,晴,8,6,6,リバーフロント,牝,3,53.0,435,5,半澤慶,藤原智,,8,0:50.7,38.4,5-8,6,435,5
2025/02/26,浦和,4,浦和８００ラウンドＣ２Ｃ３選抜馬イ選抜馬,800,ダ,左,良,晴,12,3,3,アライグマパンチ,牡,4,57.0,465,5,内田利,箕輪武,,1,0:48.0,35.8,1-1,1,465,5
2025/02/26,浦和,4,浦和８００ラウンドＣ２Ｃ３選抜馬イ選抜馬,800,ダ,左,良,晴,12,4,4,エムリエール,牡,6,57.0,474,2,山中悠,小澤宏,,2,0:48.6,36.3,3-3,5,474,2
2025/02/26,浦和,4,浦和８００ラウンドＣ２Ｃ３選抜馬イ選抜馬,800,ダ,左,良,晴,12,5,5,ピースリアン,牡,8,57.0,485,-3,福原杏,横山保,,3,0:48.7,36.4,2-2,8,485,-3
2025/02/26,浦和,4,浦和８００ラウンドＣ２Ｃ３選抜馬イ選抜馬,800,ダ,左,良,晴,12,6,8,クインズハッピー,牝,6,53.0,448,-3,七夕裕,小林真,,4,0:48.8,36.2,6-5,3,448,-3
2025/02/26,浦和,4,浦和８００ラウンドＣ２Ｃ３選抜馬イ選抜馬,800,ダ,左,良,晴,12,2,2,エースクイーン,牝,5,55.0,430,0,室陽一,宇野博,,5,0:49.2,36.6,7-6,4,430,0
2025/02/26,浦和,4,浦和８００ラウンドＣ２Ｃ３選抜馬イ選抜馬,800,ダ,左,良,晴,12,1,1,シントーツバキ,牝,5,55.0,423,-2,藤本現,酒井一,,6,0:49.2,36.6,5-7,11,423,-2
2025/02/26,浦和,4,浦和８００ラウンドＣ２Ｃ３選抜馬イ選抜馬,800,ダ,左,良,晴,12,8,12,プレパレンセ,牝,8,55.0,461,0,野畑凌,工藤伸,,7,0:49.4,37.0,4-4,2,461,0
2025/02/26,浦和,4,浦和８００ラウンドＣ２Ｃ３選抜馬イ選抜馬,800,ダ,左,良,晴,12,6,7,スパイツサージュ,牝,5,51.0,494,-4,中島良,宇野博,,8,0:49.6,36.3,10-9,10,494,-4
2025/02/26,浦和,4,浦和８００ラウンドＣ２Ｃ３選抜馬イ選抜馬,800,ダ,左,良,晴,12,8,11,サイレントニャー,牝,4,55.0,502,16,加藤和,薮口一,,9,0:49.8,37.0,8-8,6,502,16
2025/02/26,浦和,4,浦和８００ラウンドＣ２Ｃ３選抜馬イ選抜馬,800,ダ,左,良,晴,12,5,6,ニシノエルサ,牝,7,53.0,454,-10,佐野遥,渋谷博,,10,0:49.8,36.5,9-10,9,454,-10
2025/02/26,浦和,4,浦和８００ラウンドＣ２Ｃ３選抜馬イ選抜馬,800,ダ,左,良,晴,12,7,9,プリンセスパリー,牝,4,53.0,433,-2,岡田大,内野健,,11,0:50.3,37.2,11-11,7,433,-2
2025/02/26,浦和,4,浦和８００ラウンドＣ２Ｃ３選抜馬イ選抜馬,800,ダ,左,良,晴,12,7,10,クインズミラ,牝,4,55.0,444,-3,赤津和,長谷忍,,12,0:50.7,37.1,12-12,12,444,-3
2025/02/26,浦和,5,Ｃ３三 四,1500,ダ,左,良,晴,12,7,9,シルバーサドル,牡,6,56.0,437,3,藤江渉,甲田悟,,1,1:39.2,39.9,8-6-4-3,6,437,3
2025/02/26,浦和,5,Ｃ３三 四,1500,ダ,左,良,晴,12,5,5,ドーバーファルコン,セ,0,56.0,469,-2,秋元耕,海馬司,,2,1:39.3,40.4,2-2-1-1,10,469,-2
2025/02/26,浦和,5,Ｃ３三 四,1500,ダ,左,良,晴,12,8,12,コビナイフォンテン,牝,6,54.0,473,-8,山口達,玉井昇,,3,1:39.3,39.7,6-7-6-6,5,473,-8
2025/02/26,浦和,5,Ｃ３三 四,1500,ダ,左,良,晴,12,7,10,パレルモフレイバー,牝,6,54.0,462,12,笹川翼,繁田健,,4,1:39.6,40.6,3-3-2-2,1,462,12
2025/02/26,浦和,5,Ｃ３三 四,1500,ダ,左,良,晴,12,6,7,ビーマジカル,牝,6,54.0,447,-7,七夕裕,野口孝,,5,1:39.7,39.7,10-10-10-7,12,447,-7
2025/02/26,浦和,5,Ｃ３三 四,1500,ダ,左,良,晴,12,2,2,ゲットデザイアー,牝,6,54.0,469,-3,藤本現,川村守,,6,1:40.2,40.9,5-5-5-5,3,469,-3
2025/02/26,浦和,5,Ｃ３三 四,1500,ダ,左,良,晴,12,8,11,ニシノテンカフブ,牡,5,56.0,477,2,室陽一,吉田正,,7,1:40.4,39.9,12-12-12-12,7,477,2
2025/02/26,浦和,5,Ｃ３三 四,1500,ダ,左,良,晴,12,5,6,ダンソンラローズ,牝,5,54.0,450,-5,笠野雄,阿井正,,8,1:40.5,40.7,11-11-8-10,11,450,-5
2025/02/26,浦和,5,Ｃ３三 四,1500,ダ,左,良,晴,12,6,8,ホシプリンセス,牝,7,54.0,506,-1,和田譲,酒井一,,9,1:40.6,41.3,4-4-6-8,4,506,-1
2025/02/26,浦和,5,Ｃ３三 四,1500,ダ,左,良,晴,12,1,1,ピノモラーン,牡,7,56.0,490,6,新原周,野口孝,,10,1:40.7,40.9,9-9-9-9,9,490,6
2025/02/26,浦和,5,Ｃ３三 四,1500,ダ,左,良,晴,12,4,4,ビュークレスト,牝,6,54.0,476,-3,濱田達,石井勝,,11,1:40.7,41.8,1-1-2-4,2,476,-3
2025/02/26,浦和,5,Ｃ３三 四,1500,ダ,左,良,晴,12,3,3,シェナリオン,牡,5,54.0,463,-6,中島良,冨田敏,,12,1:41.1,41.5,7-8-10-11,8,463,-6
2025/02/26,浦和,6,若盛特別３歳一,1500,ダ,左,良,晴,10,2,2,イナダヒメ,牝,3,55.0,430,4,町田直,繁田健,,1,1:36.3,38.3,2-2-2-1,4,430,4
2025/02/26,浦和,6,若盛特別３歳一,1500,ダ,左,良,晴,10,7,8,オウジ,牡,3,56.0,522,-6,庄司大,石井勝,,2,1:36.9,38.2,9-9-5-4,7,522,-6
2025/02/26,浦和,6,若盛特別３歳一,1500,ダ,左,良,晴,10,1,1,ライトスリー,牡,3,58.0,490,-9,笹川翼,小久智,,3,1:37.4,39.4,1-1-1-2,1,490,-9
2025/02/26,浦和,6,若盛特別３歳一,1500,ダ,左,良,晴,10,8,10,ピコダイアル,牡,3,57.0,459,-2,山本聡,山下之,,4,1:37.6,39.4,6-6-4-3,3,459,-2
2025/02/26,浦和,6,若盛特別３歳一,1500,ダ,左,良,晴,10,7,7,ビールボーイ,牡,3,56.0,435,4,笠野雄,平山真,,5,1:37.8,39.1,8-7-7-6,5,435,4
2025/02/26,浦和,6,若盛特別３歳一,1500,ダ,左,良,晴,10,4,4,シナノクーパー,牡,3,56.0,430,-5,見越彬,鹿沼和,,6,1:37.9,38.7,10-10-8-7,6,430,-5
2025/02/26,浦和,6,若盛特別３歳一,1500,ダ,左,良,晴,10,8,9,クラレーヴ,牝,3,54.0,454,-5,木間龍,矢野義,,7,1:38.0,40.0,3-3-3-5,10,454,-5
2025/02/26,浦和,6,若盛特別３歳一,1500,ダ,左,良,晴,10,6,6,アランフェスローズ,牝,3,55.0,478,4,達城龍,山中尊,,8,1:38.4,40.0,5-5-6-8,2,478,4
2025/02/26,浦和,6,若盛特別３歳一,1500,ダ,左,良,晴,10,5,5,クラパッション,牝,3,54.0,485,18,山崎誠,藤原智,,9,1:40.1,41.4,4-4-9-9,8,485,18
2025/02/26,浦和,6,若盛特別３歳一,1500,ダ,左,良,晴,10,3,3,ロシュニ,牝,3,55.0,382,2,仲野光,阿井正,,10,1:40.6,41.7,7-8-10-10,9,382,2
2025/02/26,浦和,7,Ｃ２七 八,1400,ダ,左,良,晴,12,3,3,ベストリターナー,セ,0,56.0,537,-1,笹川翼,宇野博,,1,1:30.4,40.0,1-1-1-1,1,537,-1
2025/02/26,浦和,7,Ｃ２七 八,1400,ダ,左,良,晴,12,6,7,シゲルツキミザケ,牡,6,56.0,473,-3,笠野雄,岩崎真,,2,1:30.5,39.8,4-4-2-2,7,473,-3
2025/02/26,浦和,7,Ｃ２七 八,1400,ダ,左,良,晴,12,2,2,ソウ,牡,4,56.0,467,-2,藤本現,佐々功,,3,1:30.7,39.6,10-9-7-3,5,467,-2
2025/02/26,浦和,7,Ｃ２七 八,1400,ダ,左,良,晴,12,6,8,セキテイジュウオー,セ,0,54.0,465,-5,所　蛍,張田京,,4,1:31.1,40.2,5-5-5-4,2,465,-5
2025/02/26,浦和,7,Ｃ２七 八,1400,ダ,左,良,晴,12,1,1,ミュークレグルス,牡,7,53.0,525,1,神尾香,山崎尋,,5,1:31.6,40.7,6-6-6-5,4,525,1
2025/02/26,浦和,7,Ｃ２七 八,1400,ダ,左,良,晴,12,7,10,クリーンブラボー,牝,4,54.0,408,-1,小杉亮,伊藤滋,,6,1:31.7,40.0,9-10-10-7,6,408,-1
2025/02/26,浦和,7,Ｃ２七 八,1400,ダ,左,良,晴,12,4,4,セイダンシング,牡,6,56.0,487,0,木間龍,玉井昇,,7,1:32.2,40.1,11-12-12-10,10,487,0
2025/02/26,浦和,7,Ｃ２七 八,1400,ダ,左,良,晴,12,5,5,スズノライン,牝,4,54.0,545,3,西村栄,石井勝,,8,1:32.7,41.4,7-7-8-6,11,545,3
2025/02/26,浦和,7,Ｃ２七 八,1400,ダ,左,良,晴,12,7,9,ローゼシュティア,牝,6,54.0,489,6,七夕裕,横山保,,9,1:32.8,41.1,12-11-9-11,8,489,6
2025/02/26,浦和,7,Ｃ２七 八,1400,ダ,左,良,晴,12,8,11,アンファンドディユ,牡,8,56.0,461,2,福原杏,海馬司,,10,1:33.6,43.0,3-3-3-8,9,461,2
2025/02/26,浦和,7,Ｃ２七 八,1400,ダ,左,良,晴,12,8,12,ハーモニーヤマト,牡,8,56.0,459,-3,野畑凌,新井清,,11,1:33.8,43.2,2-2-4-9,3,459,-3
2025/02/26,浦和,7,Ｃ２七 八,1400,ダ,左,良,晴,12,5,6,ライスライス,牝,4,54.0,413,2,室陽一,小澤宏,,12,1:34.9,43.4,8-8-11-12,12,413,2
2025/02/26,浦和,8,うまい！特別栽培米　吉川のしずＣ２七 八,1500,ダ,左,良,晴,12,1,1,ジョーサルーテ,牝,4,54.0,468,8,見越彬,小久智,,1,1:37.0,39.6,1-1-1-1,2,468,8
2025/02/26,浦和,8,うまい！特別栽培米　吉川のしずＣ２七 八,1500,ダ,左,良,晴,12,5,5,ブルックリン,牡,4,56.0,466,3,小杉亮,矢野義,,2,1:37.4,39.7,3-3-2-2,5,466,3
2025/02/26,浦和,8,うまい！特別栽培米　吉川のしずＣ２七 八,1500,ダ,左,良,晴,12,5,6,デイスター,牡,8,56.0,450,0,福原杏,平山真,,3,1:37.9,39.9,4-4-5-4,3,450,0
2025/02/26,浦和,8,うまい！特別栽培米　吉川のしずＣ２七 八,1500,ダ,左,良,晴,12,2,2,キョウエイシャイン,牝,6,54.0,455,1,秋元耕,小澤宏,,4,1:38.1,39.7,5-6-7-5,8,455,1
2025/02/26,浦和,8,うまい！特別栽培米　吉川のしずＣ２七 八,1500,ダ,左,良,晴,12,6,7,ロトカグラ,牡,4,56.0,495,6,吉原寛,水野貴,,5,1:38.1,40.3,6-5-3-3,4,495,6
2025/02/26,浦和,8,うまい！特別栽培米　吉川のしずＣ２七 八,1500,ダ,左,良,晴,12,7,10,アレグリアシチー,牡,8,56.0,459,1,木間龍,新井清,,6,1:38.7,40.0,9-8-8-8,1,459,1
2025/02/26,浦和,8,うまい！特別栽培米　吉川のしずＣ２七 八,1500,ダ,左,良,晴,12,3,3,マーケットメイク,牝,4,54.0,402,14,笹川翼,小久智,,7,1:39.3,39.6,10-10-10-9,6,402,14
2025/02/26,浦和,8,うまい！特別栽培米　吉川のしずＣ２七 八,1500,ダ,左,良,晴,12,8,11,チイサナイヤリング,牝,4,54.0,455,-4,岡田大,鹿沼和,,8,1:39.5,41.2,7-7-6-7,10,455,-4
2025/02/26,浦和,8,うまい！特別栽培米　吉川のしずＣ２七 八,1500,ダ,左,良,晴,12,4,4,ヤマジュンヒバナ,牝,8,54.0,457,3,室陽一,宇野博,,9,1:39.5,41.8,2-2-4-6,9,457,3
2025/02/26,浦和,8,うまい！特別栽培米　吉川のしずＣ２七 八,1500,ダ,左,良,晴,12,7,9,リュウノリエゾン,牝,4,54.0,410,0,保園翔,鹿沼和,,10,1:39.8,39.7,12-12-12-10,11,410,0
2025/02/26,浦和,8,うまい！特別栽培米　吉川のしずＣ２七 八,1500,ダ,左,良,晴,12,8,12,トキノジーク,牡,4,56.0,496,-8,仲野光,矢内博,,11,1:41.1,42.4,8-9-9-11,7,496,-8
2025/02/26,浦和,8,うまい！特別栽培米　吉川のしずＣ２七 八,1500,ダ,左,良,晴,12,6,8,リュウノブライダー,牡,4,56.0,480,-2,七夕裕,野口孝,,12,1:41.6,41.9,11-11-11-12,12,480,-2
2025/02/26,浦和,9,スノードロップ特別Ｃ２二,1400,ダ,左,良,晴,12,8,11,フロネシス,牝,6,54.0,487,-6,澤田龍,山下之,,1,1:30.6,40.1,3-2-3-3,6,487,-6
2025/02/26,浦和,9,スノードロップ特別Ｃ２二,1400,ダ,左,良,晴,12,6,8,オーバルブーケ,牝,4,54.0,458,3,山口達,林正人,,2,1:30.6,39.6,10-9-5-4,5,458,3
2025/02/26,浦和,9,スノードロップ特別Ｃ２二,1400,ダ,左,良,晴,12,7,9,アンクローシュ,牝,4,54.0,422,-2,福原杏,小澤宏,,3,1:30.6,40.1,6-3-2-1,1,422,-2
2025/02/26,浦和,9,スノードロップ特別Ｃ２二,1400,ダ,左,良,晴,12,4,4,マイアミ,牡,7,56.0,476,-7,町田直,高月賢,,4,1:30.7,39.8,5-6-6-5,3,476,-7
2025/02/26,浦和,9,スノードロップ特別Ｃ２二,1400,ダ,左,良,晴,12,5,6,タイセイフォルテ,牡,4,56.0,502,6,御神訓,山田信,,5,1:30.9,40.5,1-1-1-2,2,502,6
2025/02/26,浦和,9,スノードロップ特別Ｃ２二,1400,ダ,左,良,晴,12,8,12,イッパツギャクテン,牡,4,54.0,492,13,所　蛍,齊藤敏,,6,1:31.1,39.3,11-11-11-9,11,492,13
2025/02/26,浦和,9,スノードロップ特別Ｃ２二,1400,ダ,左,良,晴,12,5,5,モモドリーム,牝,7,54.0,493,5,張田昂,平山真,,7,1:31.3,40.2,9-7-8-8,7,493,5
2025/02/26,浦和,9,スノードロップ特別Ｃ２二,1400,ダ,左,良,晴,12,1,1,ローズパイ,牝,5,54.0,466,-10,笠野雄,岩崎真,,8,1:31.4,40.7,2-4-4-6,4,466,-10
2025/02/26,浦和,9,スノードロップ特別Ｃ２二,1400,ダ,左,良,晴,12,3,3,ゴールデンレディー,牝,5,51.0,388,-13,神尾香,古澤悟,,9,1:31.4,40.0,8-10-8-7,9,388,-13
2025/02/26,浦和,9,スノードロップ特別Ｃ２二,1400,ダ,左,良,晴,12,6,7,パーパスポイント,セ,0,56.0,480,-3,秋元耕,入口由,,10,1:32.0,39.9,12-12-12-10,12,480,-3
2025/02/26,浦和,9,スノードロップ特別Ｃ２二,1400,ダ,左,良,晴,12,2,2,ダイヤクリスタル,牝,4,54.0,413,-4,木間龍,佐々功,,11,1:32.7,41.3,4-8-10-11,10,413,-4
2025/02/26,浦和,9,スノードロップ特別Ｃ２二,1400,ダ,左,良,晴,12,7,10,ピースウォリアー,牡,4,56.0,493,7,野畑凌,箕輪武,,12,1:32.8,41.9,7-5-7-12,8,493,7
2025/02/26,浦和,10,まだまだウマ娘コラボは続くよ！特別Ｃ１二,1400,ダ,左,良,晴,12,1,1,ビナサイゴン,牡,4,56.0,533,9,吉原寛,水野貴,,1,1:30.2,39.3,1-1-1-1,2,533,9
2025/02/26,浦和,10,まだまだウマ娘コラボは続くよ！特別Ｃ１二,1400,ダ,左,良,晴,12,2,2,カプローニ,牝,4,54.0,452,4,内田利,酒井一,,2,1:30.4,38.7,7-7-7-5,9,452,4
2025/02/26,浦和,10,まだまだウマ娘コラボは続くよ！特別Ｃ１二,1400,ダ,左,良,晴,12,8,11,ドナデュボア,牝,4,54.0,413,-6,菅原涼,藤原智,,3,1:30.5,39.4,2-2-2-2,7,413,-6
2025/02/26,浦和,10,まだまだウマ娘コラボは続くよ！特別Ｃ１二,1400,ダ,左,良,晴,12,4,4,カマクラバクフ,牡,4,56.0,507,3,笹川翼,小久智,,4,1:30.5,39.0,5-5-6-4,3,507,3
2025/02/26,浦和,10,まだまだウマ娘コラボは続くよ！特別Ｃ１二,1400,ダ,左,良,晴,12,3,3,ルボートン,牝,4,54.0,443,-9,小杉亮,伊藤滋,,5,1:30.7,39.4,4-4-5-3,4,443,-9
2025/02/26,浦和,10,まだまだウマ娘コラボは続くよ！特別Ｃ１二,1400,ダ,左,良,晴,12,5,5,イッポンミチ,セ,0,56.0,475,-2,庄司大,石井勝,,6,1:30.9,38.4,11-12-10-7,10,475,-2
2025/02/26,浦和,10,まだまだウマ娘コラボは続くよ！特別Ｃ１二,1400,ダ,左,良,晴,12,6,7,ヴァネロペ,牝,6,54.0,481,12,山口達,林正人,,7,1:31.0,38.9,12-11-8-8,6,481,12
2025/02/26,浦和,10,まだまだウマ娘コラボは続くよ！特別Ｃ１二,1400,ダ,左,良,晴,12,8,12,ドゥマンフルー,牝,4,54.0,421,1,木間龍,新井清,,8,1:31.1,39.2,9-8-9-9,11,421,1
2025/02/26,浦和,10,まだまだウマ娘コラボは続くよ！特別Ｃ１二,1400,ダ,左,良,晴,12,7,9,アパショナード,牡,6,56.0,433,-3,秋元耕,薮口一,,9,1:31.1,38.8,10-10-11-10,5,433,-3
2025/02/26,浦和,10,まだまだウマ娘コラボは続くよ！特別Ｃ１二,1400,ダ,左,良,晴,12,6,8,トコトコトッコトコ,牝,4,54.0,483,5,半澤慶,宇野博,,10,1:31.6,40.3,8-6-3-6,8,483,5
2025/02/26,浦和,10,まだまだウマ娘コラボは続くよ！特別Ｃ１二,1400,ダ,左,良,晴,12,7,10,オモイソメル,牝,6,54.0,473,-2,山中悠,山下之,,11,1:33.5,42.2,3-3-4-11,1,473,-2
2025/02/26,浦和,10,まだまだウマ娘コラボは続くよ！特別Ｃ１二,1400,ダ,左,良,晴,12,5,6,サンファウンテン,牡,4,56.0,491,36,加藤和,長谷忍,,12,1:37.4,44.6,6-9-12-12,12,491,36
2025/02/26,浦和,11,梅花賞４上オープン,1400,ダ,左,良,晴,8,8,8,ロードグラディオ,牡,9,56.0,504,7,御神訓,村上頼,,1,1:26.4,38.0,3-3-2-1,2,504,7
2025/02/26,浦和,11,梅花賞４上オープン,1400,ダ,左,良,晴,8,6,6,ルコルセール,牡,7,56.0,523,-2,野畑凌,内田勝,,2,1:27.3,38.0,6-6-4-3,6,523,-2
2025/02/26,浦和,11,梅花賞４上オープン,1400,ダ,左,良,晴,8,3,3,サヨノグローリー,牡,7,57.0,492,0,本橋孝,工藤伸,,3,1:27.6,38.3,5-5-6-4,3,492,0
2025/02/26,浦和,11,梅花賞４上オープン,1400,ダ,左,良,晴,8,1,1,シーサーペント,牡,5,54.0,486,-8,吉原寛,小久智,,4,1:28.2,39.8,1-1-1-2,1,486,-8
2025/02/26,浦和,11,梅花賞４上オープン,1400,ダ,左,良,晴,8,5,5,ドルチェモア,牡,5,56.0,473,4,山崎誠,藤田輝,,5,1:28.3,38.4,7-7-7-7,5,473,4
2025/02/26,浦和,11,梅花賞４上オープン,1400,ダ,左,良,晴,8,7,7,ローウェル,セ,0,56.0,552,22,山本聡,藤田輝,,6,1:28.8,39.7,4-4-5-5,4,552,22
2025/02/26,浦和,11,梅花賞４上オープン,1400,ダ,左,良,晴,8,4,4,レベルフォー,牡,9,54.0,503,3,木間龍,矢野義,,7,1:29.9,41.3,2-2-3-6,7,503,3
2025/02/26,浦和,11,梅花賞４上オープン,1400,ダ,左,良,晴,8,2,2,ベストマッチョ,セ,0,56.0,481,-3,和田譲,佐々仁,,,,,,,481,-3
2025/02/26,浦和,12,春の月特別Ｂ３選抜馬,2000,ダ,左,良,晴,12,7,9,ロイヤルザップ,牡,6,56.0,491,5,笹川翼,宇野博,,1,2:12.2,39.0,8-6-5-2,1,491,5
2025/02/26,浦和,12,春の月特別Ｂ３選抜馬,2000,ダ,左,良,晴,12,7,10,リョウタスペシャル,牡,5,56.0,442,1,福原杏,小澤宏,,2,2:12.6,41.7,2-2-1-1,3,442,1
2025/02/26,浦和,12,春の月特別Ｂ３選抜馬,2000,ダ,左,良,晴,12,5,5,チューウィー,牝,6,52.0,466,3,佐野遥,河津裕,,3,2:12.6,39.7,4-4-3-3,8,466,3
2025/02/26,浦和,12,春の月特別Ｂ３選抜馬,2000,ダ,左,良,晴,12,8,12,イエヴァンポルッカ,牡,6,56.0,519,0,赤津和,宇野博,,4,2:12.9,39.0,11-11-11-6,12,519,0
2025/02/26,浦和,12,春の月特別Ｂ３選抜馬,2000,ダ,左,良,晴,12,2,2,アルバスドラコ,セ,0,56.0,475,-1,張田昂,小澤宏,,5,2:13.1,39.5,10-9-9-9,2,475,-1
2025/02/26,浦和,12,春の月特別Ｂ３選抜馬,2000,ダ,左,良,晴,12,6,8,オデンシタ,牡,5,56.0,471,7,保園翔,野口寛,,5,2:13.1,39.9,6-7-6-5,9,471,7
2025/02/26,浦和,12,春の月特別Ｂ３選抜馬,2000,ダ,左,良,晴,12,5,6,ダイバオーソ,牡,7,56.0,475,-1,藤江渉,箕輪武,,7,2:13.3,40.0,7-8-7-8,6,475,-1
2025/02/26,浦和,12,春の月特別Ｂ３選抜馬,2000,ダ,左,良,晴,12,8,11,ジオヴィグラス,セ,0,56.0,464,5,室陽一,吉田正,,8,2:13.4,40.1,5-5-8-10,4,464,5
2025/02/26,浦和,12,春の月特別Ｂ３選抜馬,2000,ダ,左,良,晴,12,3,3,エイシンコソンテ,牝,4,54.0,450,-6,山崎誠,藤原智,,9,2:13.6,39.8,9-10-10-11,7,450,-6
2025/02/26,浦和,12,春の月特別Ｂ３選抜馬,2000,ダ,左,良,晴,12,6,7,プリンスオーソ,牡,5,56.0,465,-1,加藤和,長谷忍,,10,2:14.1,39.9,12-12-12-12,10,465,-1
2025/02/26,浦和,12,春の月特別Ｂ３選抜馬,2000,ダ,左,良,晴,12,1,1,モトサン,牡,5,56.0,538,5,新原周,鈴木義,,11,2:14.4,43.5,1-1-2-4,11,538,5
2025/02/26,浦和,12,春の月特別Ｂ３選抜馬,2000,ダ,左,良,晴,12,4,4,マイドオオキニ,牝,4,54.0,450,-2,吉原寛,小久智,,12,2:14.5,41.6,3-3-4-7,5,450,-2
2025/02/27,浦和,1,Ｃ３ ４歳ウ,1300,ダ,左,良,晴,10,4,4,キタノアマポーラ,牝,4,54.0,440,6,和田譲,工藤伸,,1,1:24.2,38.7,1-1-1-1,1,440,6
2025/02/27,浦和,1,Ｃ３ ４歳ウ,1300,ダ,左,良,晴,10,2,2,コーントップス,牝,4,54.0,421,0,張田昂,宇野博,,2,1:25.1,39.1,4-3-4-2,6,421,0
2025/02/27,浦和,1,Ｃ３ ４歳ウ,1300,ダ,左,良,晴,10,8,10,フィロンドール,牝,4,54.0,477,7,福原杏,川島豊,,3,1:26.0,40.1,3-4-3-4,2,477,7
2025/02/27,浦和,1,Ｃ３ ４歳ウ,1300,ダ,左,良,晴,10,8,9,マダムファンタジア,牝,4,54.0,463,-3,室陽一,川村守,,4,1:26.0,40.3,2-2-2-3,7,463,-3
2025/02/27,浦和,1,Ｃ３ ４歳ウ,1300,ダ,左,良,晴,10,6,6,リュウノツライフ,牡,4,56.0,459,3,内田利,野口孝,,5,1:26.1,39.6,6-6-6-5,10,459,3
2025/02/27,浦和,1,Ｃ３ ４歳ウ,1300,ダ,左,良,晴,10,3,3,オメガジャスミン,牝,4,54.0,458,-1,新原周,野口孝,,6,1:26.4,38.9,10-10-8-8,3,458,-1
2025/02/27,浦和,1,Ｃ３ ４歳ウ,1300,ダ,左,良,晴,10,5,5,マメゾウシンヤ,牡,4,56.0,433,5,山本聡,水野貴,,7,1:26.4,39.1,8-7-7-7,4,433,5
2025/02/27,浦和,1,Ｃ３ ４歳ウ,1300,ダ,左,良,晴,10,7,8,オリズジーニー,牡,4,56.0,501,-2,赤津和,宇野博,,8,1:26.6,39.1,7-9-9-10,8,501,-2
2025/02/27,浦和,1,Ｃ３ ４歳ウ,1300,ダ,左,良,晴,10,7,7,アティランレーヴ,牝,4,54.0,497,-9,秋元耕,小林真,,9,1:27.2,41.0,5-5-5-6,5,497,-9
2025/02/27,浦和,1,Ｃ３ ４歳ウ,1300,ダ,左,良,晴,10,1,1,イキナリイイネ,牡,4,56.0,436,0,見越彬,箕輪武,,10,1:27.5,39.9,9-8-10-9,9,436,0
2025/02/27,浦和,2,特選Ｃ３一 二,1400,ダ,左,良,晴,12,8,12,モーニング,牡,5,56.0,476,1,吉留孝,入口由,,1,1:31.1,39.8,7-7-4-1,3,476,1
2025/02/27,浦和,2,特選Ｃ３一 二,1400,ダ,左,良,晴,12,6,8,シルバーペコ,牝,6,54.0,490,5,和田譲,酒井一,,2,1:31.5,40.2,4-4-5-3,7,490,5
2025/02/27,浦和,2,特選Ｃ３一 二,1400,ダ,左,良,晴,12,7,10,ジャズピアニスト,牝,5,54.0,475,2,西啓太,小久智,,3,1:31.9,40.9,1-1-1-2,1,475,2
2025/02/27,浦和,2,特選Ｃ３一 二,1400,ダ,左,良,晴,12,3,3,サマーストーリー,牡,5,56.0,432,-1,七夕裕,冨田敏,,4,1:31.9,39.7,11-11-11-10,2,432,-1
2025/02/27,浦和,2,特選Ｃ３一 二,1400,ダ,左,良,晴,12,1,1,エターナルジュエル,牝,6,54.0,476,4,山崎誠,藤原智,,5,1:32.4,40.6,9-8-9-9,6,476,4
2025/02/27,浦和,2,特選Ｃ３一 二,1400,ダ,左,良,晴,12,4,4,フリュート,セ,0,56.0,507,-10,高橋哲,水野貴,,6,1:32.4,40.8,6-6-8-5,8,507,-10
2025/02/27,浦和,2,特選Ｃ３一 二,1400,ダ,左,良,晴,12,8,11,エソラ,牡,5,56.0,516,30,山本聡,平山真,,7,1:32.4,41.1,3-5-3-6,4,516,30
2025/02/27,浦和,2,特選Ｃ３一 二,1400,ダ,左,良,晴,12,5,6,シャインルージュ,牝,5,54.0,501,7,岡田大,吉田正,,8,1:32.8,41.2,8-9-7-8,9,501,7
2025/02/27,浦和,2,特選Ｃ３一 二,1400,ダ,左,良,晴,12,2,2,ミミコチャン,牝,6,54.0,500,-2,半澤慶,宇野博,,9,1:33.1,41.8,5-3-6-7,12,500,-2
2025/02/27,浦和,2,特選Ｃ３一 二,1400,ダ,左,良,晴,12,6,7,ケンブリッジウィズ,牝,9,54.0,463,-1,町田直,新井清,,10,1:33.1,42.0,2-2-2-4,5,463,-1
2025/02/27,浦和,2,特選Ｃ３一 二,1400,ダ,左,良,晴,12,5,5,ブライトオーシャン,セ,0,56.0,519,-8,木間龍,野口寛,,11,1:33.3,41.5,10-10-10-11,11,519,-8
2025/02/27,浦和,2,特選Ｃ３一 二,1400,ダ,左,良,晴,12,7,9,タケショウルイス,牡,5,56.0,484,3,山本紀,山本学,,12,1:33.4,41.0,12-12-12-12,10,484,3
2025/02/27,浦和,3,３歳七,1400,ダ,左,良,晴,12,7,10,エステティーカ,牡,3,56.0,484,8,保園翔,野口寛,,1,1:31.3,39.3,2-2-1-1,1,484,8
2025/02/27,浦和,3,３歳七,1400,ダ,左,良,晴,12,2,2,グリーンウォレス,セ,0,56.0,456,-6,福原杏,川村守,,2,1:32.4,40.1,3-4-4-2,5,456,-6
2025/02/27,浦和,3,３歳七,1400,ダ,左,良,晴,12,8,12,カネショウラッシュ,牡,3,56.0,480,2,吉原寛,内田勝,,3,1:32.7,40.5,5-5-3-3,2,480,2
2025/02/27,浦和,3,３歳七,1400,ダ,左,良,晴,12,6,7,マジュツシカエル,セ,0,56.0,474,7,西啓太,工藤伸,,4,1:33.5,41.4,4-3-2-4,4,474,7
2025/02/27,浦和,3,３歳七,1400,ダ,左,良,晴,12,5,6,アースチャン,牝,3,54.0,430,-6,七夕裕,箕輪武,,5,1:34.0,40.5,8-8-7-6,6,430,-6
2025/02/27,浦和,3,３歳七,1400,ダ,左,良,晴,12,7,9,カクシンドリーム,牝,3,54.0,417,5,室陽一,酒井一,,6,1:34.1,41.2,6-6-6-5,9,417,5
2025/02/27,浦和,3,３歳七,1400,ダ,左,良,晴,12,8,11,クリナデシコ,牝,3,54.0,467,-3,國分祐,冨田敏,,7,1:35.2,41.5,7-7-8-8,10,467,-3
2025/02/27,浦和,3,３歳七,1400,ダ,左,良,晴,12,6,8,ホロキキ,牝,3,54.0,445,1,半澤慶,藤原智,,8,1:35.5,43.4,1-1-5-7,7,445,1
2025/02/27,浦和,3,３歳七,1400,ダ,左,良,晴,12,4,4,ハーシュミストレス,牝,3,54.0,441,6,藤江渉,酒井一,,9,1:36.9,40.8,10-10-10-9,11,441,6
2025/02/27,浦和,3,３歳七,1400,ダ,左,良,晴,12,1,1,ロバストウォリアー,牝,3,51.0,444,6,佐藤翔,水野貴,,10,1:37.1,41.8,9-9-9-10,8,444,6
2025/02/27,浦和,3,３歳七,1400,ダ,左,良,晴,12,3,3,ラグーンフライト,牝,3,54.0,396,-6,仲野光,渋谷博,,11,1:37.3,40.6,11-11-11-11,12,396,-6
2025/02/27,浦和,3,３歳七,1400,ダ,左,良,晴,12,5,5,パワーオブザキング,牡,3,56.0,469,16,吉留孝,鹿沼和,,,,,,3,469,16
2025/02/27,浦和,4,３歳六,1400,ダ,左,良,晴,12,1,1,ゴールデンスキーム,牡,3,56.0,459,1,笹川翼,平山真,,1,1:31.6,40.3,5-4-4-1,1,459,1
2025/02/27,浦和,4,３歳六,1400,ダ,左,良,晴,12,6,7,ギャビーズメファ,牝,3,54.0,387,7,仲野光,山本学,,2,1:33.0,39.9,11-11-9-7,6,387,7
2025/02/27,浦和,4,３歳六,1400,ダ,左,良,晴,12,5,6,エムティラヴ,牝,3,54.0,424,-1,藤江渉,古澤悟,,3,1:33.1,41.2,8-7-7-4,11,424,-1
2025/02/27,浦和,4,３歳六,1400,ダ,左,良,晴,12,6,8,ユウユウロザリウム,牝,3,54.0,457,0,七夕裕,横山保,,4,1:33.1,42.0,3-3-2-3,5,457,0
2025/02/27,浦和,4,３歳六,1400,ダ,左,良,晴,12,8,11,プレストワンダ,牝,3,54.0,449,0,山中悠,小澤宏,,5,1:33.1,42.0,1-1-1-2,3,449,0
2025/02/27,浦和,4,３歳六,1400,ダ,左,良,晴,12,5,5,ハシリマッセ,牡,3,56.0,451,-1,福原杏,川島豊,,6,1:33.2,41.4,10-8-6-5,2,451,-1
2025/02/27,浦和,4,３歳六,1400,ダ,左,良,晴,12,7,10,クレストライン,牝,3,54.0,435,2,加藤和,入口由,,7,1:34.0,42.1,7-6-8-8,8,435,2
2025/02/27,浦和,4,３歳六,1400,ダ,左,良,晴,12,7,9,アンバーリング,牝,3,52.0,412,-13,中島良,川島一,,8,1:34.2,42.7,4-5-5-6,9,412,-13
2025/02/27,浦和,4,３歳六,1400,ダ,左,良,晴,12,3,3,マオノアロア,牝,3,54.0,421,-2,山本紀,渋谷博,,9,1:34.3,41.2,9-9-11-9,12,421,-2
2025/02/27,浦和,4,３歳六,1400,ダ,左,良,晴,12,8,12,セオリーセンス,牡,3,56.0,463,3,澤田龍,野口寛,,10,1:34.3,39.8,12-12-12-12,10,463,3
2025/02/27,浦和,4,３歳六,1400,ダ,左,良,晴,12,4,4,リトルツイーンメメ,牝,3,54.0,515,0,濱田達,石井勝,,11,1:34.4,41.3,6-10-10-10,7,515,0
2025/02/27,浦和,4,３歳六,1400,ダ,左,良,晴,12,2,2,デンデラリュウバ,牝,3,54.0,480,4,西啓太,小久智,,12,1:36.0,44.9,2-2-3-11,4,480,4
2025/02/27,浦和,5,特選Ｃ３一 二,1500,ダ,左,良,晴,12,6,8,エコロジョイアー,牡,5,56.0,506,-3,吉原寛,小久智,,1,1:38.3,39.2,9-5-2-1,2,506,-3
2025/02/27,浦和,5,特選Ｃ３一 二,1500,ダ,左,良,晴,12,7,9,ラーズグリーズ,セ,0,56.0,458,1,達城龍,工藤伸,,2,1:39.2,39.6,7-8-5-3,6,458,1
2025/02/27,浦和,5,特選Ｃ３一 二,1500,ダ,左,良,晴,12,2,2,アラビアンレイン,牡,5,56.0,551,3,山本聡,水野貴,,3,1:39.5,40.6,2-2-1-2,1,551,3
2025/02/27,浦和,5,特選Ｃ３一 二,1500,ダ,左,良,晴,12,8,12,スイフトマリー,牝,6,54.0,397,0,藤本現,酒井一,,4,1:39.8,39.9,10-10-9-7,5,397,0
2025/02/27,浦和,5,特選Ｃ３一 二,1500,ダ,左,良,晴,12,3,3,ワールドバトル,セ,0,56.0,473,-4,野畑凌,海馬司,,5,1:40.0,38.8,12-12-11-4,12,473,-4
2025/02/27,浦和,5,特選Ｃ３一 二,1500,ダ,左,良,晴,12,4,4,カリグラフィー,牝,6,54.0,458,11,室陽一,入口由,,6,1:40.9,39.8,11-11-10-11,8,458,11
2025/02/27,浦和,5,特選Ｃ３一 二,1500,ダ,左,良,晴,12,7,10,ジャングルタキオン,セ,0,56.0,487,0,西啓太,野口孝,,7,1:40.9,41.1,8-9-7-6,3,487,0
2025/02/27,浦和,5,特選Ｃ３一 二,1500,ダ,左,良,晴,12,6,7,エドノテーラー,牝,8,52.0,461,-2,所　蛍,岩崎真,,8,1:41.0,41.5,5-6-6-5,9,461,-2
2025/02/27,浦和,5,特選Ｃ３一 二,1500,ダ,左,良,晴,12,5,6,ウインフランドル,牝,6,54.0,475,5,池谷匠,村田六,,9,1:41.3,41.7,4-4-8-10,7,475,5
2025/02/27,浦和,5,特選Ｃ３一 二,1500,ダ,左,良,晴,12,1,1,イチゴホイップ,牝,5,54.0,486,-1,仲原大,海馬司,,10,1:41.7,42.8,1-1-4-8,10,486,-1
2025/02/27,浦和,5,特選Ｃ３一 二,1500,ダ,左,良,晴,12,5,5,シャコンヌ,セ,0,56.0,458,7,半澤慶,宇野博,,11,1:42.1,43.2,3-3-3-9,11,458,7
2025/02/27,浦和,5,特選Ｃ３一 二,1500,ダ,左,良,晴,12,8,11,トゥジアース,牡,6,56.0,502,1,澤田龍,工藤伸,,12,1:43.5,43.4,6-7-12-12,4,502,1
2025/02/27,浦和,6,Ｃ２九,1500,ダ,左,良,晴,12,8,12,ランディー,牡,5,56.0,468,-4,笹川翼,小久智,,1,1:38.4,40.0,3-3-2-1,1,468,-4
2025/02/27,浦和,6,Ｃ２九,1500,ダ,左,良,晴,12,7,9,テーオーダムール,牡,4,56.0,517,8,室陽一,川島豊,,2,1:38.9,40.3,5-6-5-3,2,517,8
2025/02/27,浦和,6,Ｃ２九,1500,ダ,左,良,晴,12,6,7,パンディーロ,セ,0,56.0,514,-8,福原杏,宇野博,,3,1:39.1,41.2,1-1-1-2,8,514,-8
2025/02/27,浦和,6,Ｃ２九,1500,ダ,左,良,晴,12,5,5,キューランブラー,牝,6,54.0,446,-1,篠谷葵,林正人,,4,1:39.8,40.6,7-8-9-7,3,446,-1
2025/02/27,浦和,6,Ｃ２九,1500,ダ,左,良,晴,12,7,10,ノブオートーケン,牡,6,53.0,464,9,佐藤翔,小澤宏,,5,1:39.9,40.9,9-9-6-4,7,464,9
2025/02/27,浦和,6,Ｃ２九,1500,ダ,左,良,晴,12,1,1,プリズムスペクトル,牝,4,54.0,418,-2,藤本現,佐々功,,6,1:40.5,40.8,10-10-11-11,11,418,-2
2025/02/27,浦和,6,Ｃ２九,1500,ダ,左,良,晴,12,3,3,コスモホライズン,牡,4,54.0,498,13,中島良,小林真,,7,1:40.6,42.1,8-5-4-5,10,498,13
2025/02/27,浦和,6,Ｃ２九,1500,ダ,左,良,晴,12,5,6,ネオアンコーラ,牡,6,56.0,493,-5,山本聡,川島豊,,8,1:41.6,42.6,6-7-7-8,5,493,-5
2025/02/27,浦和,6,Ｃ２九,1500,ダ,左,良,晴,12,8,11,サンスズラン,牝,4,54.0,468,-1,野畑凌,野口寛,,9,1:41.6,42.6,4-4-8-9,9,468,-1
2025/02/27,浦和,6,Ｃ２九,1500,ダ,左,良,晴,12,4,4,シェナテイオー,牡,4,56.0,445,-2,秋元耕,吉田正,,10,1:42.0,42.8,11-11-10-10,12,445,-2
2025/02/27,浦和,6,Ｃ２九,1500,ダ,左,良,晴,12,6,8,ナリノビスケッツ,牝,5,54.0,479,-4,吉原寛,内田勝,,11,1:42.0,43.8,2-2-3-6,4,479,-4
2025/02/27,浦和,6,Ｃ２九,1500,ダ,左,良,晴,12,2,2,キタノクーヴェル,牡,5,56.0,474,1,和田譲,入口由,,12,1:42.4,41.1,12-12-12-12,6,474,1
2025/02/27,浦和,7,Ｊ交 ツインシャイン特別３歳選抜牝馬,1400,ダ,左,良,晴,12,6,7,アステローペ,牝,3,54.0,442,4,町田直,山田質,,1,1:30.7,39.8,3-3-3-3,6,442,4
2025/02/27,浦和,7,Ｊ交 ツインシャイン特別３歳選抜牝馬,1400,ダ,左,良,晴,12,7,9,サンラグナベルデ,牝,3,54.0,477,-5,笹川翼,小野次,,2,1:30.9,40.1,2-2-1-1,1,477,-5
2025/02/27,浦和,7,Ｊ交 ツインシャイン特別３歳選抜牝馬,1400,ダ,左,良,晴,12,1,1,ナユタ,牝,3,54.0,449,4,吉原寛,伊藤滋,,3,1:30.9,40.1,1-1-2-2,2,449,4
2025/02/27,浦和,7,Ｊ交 ツインシャイン特別３歳選抜牝馬,1400,ダ,左,良,晴,12,3,3,クリムゾンボタン,牝,3,51.0,439,-7,佐藤翔,小手準,,4,1:30.9,38.9,12-11-8-8,5,439,-7
2025/02/27,浦和,7,Ｊ交 ツインシャイン特別３歳選抜牝馬,1400,ダ,左,良,晴,12,5,6,セレブウマザンマイ,牝,3,53.0,421,-11,原優介,青木孝,,5,1:31.0,39.3,10-8-7-6,7,421,-11
2025/02/27,浦和,7,Ｊ交 ツインシャイン特別３歳選抜牝馬,1400,ダ,左,良,晴,12,5,5,フルールネージュ,牝,3,51.0,411,-5,長浜鴻,武藤善,,6,1:31.4,39.4,8-9-9-9,8,411,-5
2025/02/27,浦和,7,Ｊ交 ツインシャイン特別３歳選抜牝馬,1400,ダ,左,良,晴,12,8,12,ブリックダルジャン,牝,3,54.0,430,8,山崎誠,鈴木慎,,7,1:31.5,40.4,4-4-4-7,4,430,8
2025/02/27,浦和,7,Ｊ交 ツインシャイン特別３歳選抜牝馬,1400,ダ,左,良,晴,12,4,4,ラグーン,牝,3,54.0,438,4,高橋哲,水野貴,,8,1:31.5,40.4,5-6-5-4,12,438,4
2025/02/27,浦和,7,Ｊ交 ツインシャイン特別３歳選抜牝馬,1400,ダ,左,良,晴,12,2,2,マーシャルブルース,牝,3,54.0,466,2,澤田龍,新井清,,9,1:32.2,40.2,9-10-11-10,9,466,2
2025/02/27,浦和,7,Ｊ交 ツインシャイン特別３歳選抜牝馬,1400,ダ,左,良,晴,12,6,8,エルフレン,牝,3,52.0,507,0,所　蛍,林　幻,,10,1:32.2,40.0,11-12-12-11,11,507,0
2025/02/27,浦和,7,Ｊ交 ツインシャイン特別３歳選抜牝馬,1400,ダ,左,良,晴,12,8,11,ライヴラジアン,牝,3,54.0,452,0,福原杏,川島豊,,11,1:32.4,41.3,6-5-6-5,3,452,0
2025/02/27,浦和,7,Ｊ交 ツインシャイン特別３歳選抜牝馬,1400,ダ,左,良,晴,12,7,10,マリノライヤ,牝,3,54.0,418,-10,野畑凌,水野貴,,12,1:35.2,43.4,7-7-10-12,10,418,-10
2025/02/27,浦和,8,みんなのアイドル　なまりん賞Ｃ２選抜馬ア,800,ダ,左,良,晴,12,1,1,ニシノクラウディア,牝,5,54.0,478,-7,笹川翼,小澤宏,,1,0:47.6,35.7,1-1,1,478,-7
2025/02/27,浦和,8,みんなのアイドル　なまりん賞Ｃ２選抜馬ア,800,ダ,左,良,晴,12,2,2,ファセリア,牡,4,56.0,470,-2,七夕裕,横山保,,2,0:48.1,35.6,6-3,2,470,-2
2025/02/27,浦和,8,みんなのアイドル　なまりん賞Ｃ２選抜馬ア,800,ダ,左,良,晴,12,7,9,エリークラウン,牝,6,54.0,467,-1,町田直,入口由,,3,0:48.5,36.2,4-4,4,467,-1
2025/02/27,浦和,8,みんなのアイドル　なまりん賞Ｃ２選抜馬ア,800,ダ,左,良,晴,12,6,7,リュミヌーフィーユ,牝,5,54.0,524,2,福原杏,繁田健,,4,0:48.8,36.9,2-2,3,524,2
2025/02/27,浦和,8,みんなのアイドル　なまりん賞Ｃ２選抜馬ア,800,ダ,左,良,晴,12,3,3,リュウノインパルス,牡,5,56.0,443,-9,張田昂,野口孝,,5,0:49.1,36.6,7-5,6,443,-9
2025/02/27,浦和,8,みんなのアイドル　なまりん賞Ｃ２選抜馬ア,800,ダ,左,良,晴,12,6,8,コンバットグランデ,牝,5,54.0,433,-2,山本聡,工藤伸,,6,0:49.3,36.6,9-9,7,433,-2
2025/02/27,浦和,8,みんなのアイドル　なまりん賞Ｃ２選抜馬ア,800,ダ,左,良,晴,12,8,12,アイアムカチマショ,牝,5,54.0,470,2,見越彬,川島豊,,7,0:49.4,36.9,8-8,5,470,2
2025/02/27,浦和,8,みんなのアイドル　なまりん賞Ｃ２選抜馬ア,800,ダ,左,良,晴,12,8,11,キョウエイカリーナ,牝,5,54.0,446,-7,野畑凌,小澤宏,,8,0:49.5,37.2,5-6,8,446,-7
2025/02/27,浦和,8,みんなのアイドル　なまりん賞Ｃ２選抜馬ア,800,ダ,左,良,晴,12,7,10,シノブデスティーノ,牝,4,54.0,415,-1,吉原寛,薮口一,,9,0:49.5,36.6,10-10,9,415,-1
2025/02/27,浦和,8,みんなのアイドル　なまりん賞Ｃ２選抜馬ア,800,ダ,左,良,晴,12,5,5,サンシスイメイ,牝,4,51.0,394,4,加藤雄,水野貴,,10,0:50.1,38.2,2-7,10,394,4
2025/02/27,浦和,8,みんなのアイドル　なまりん賞Ｃ２選抜馬ア,800,ダ,左,良,晴,12,4,4,ルヴァンモンスター,牡,5,56.0,495,35,高橋哲,鈴木勝,,11,0:50.2,37.0,11-11,12,495,35
2025/02/27,浦和,8,みんなのアイドル　なまりん賞Ｃ２選抜馬ア,800,ダ,左,良,晴,12,5,6,クーネルアソブ,牡,4,56.0,488,-4,赤津和,薮口一,,12,0:50.8,37.4,12-12,11,488,-4
2025/02/27,浦和,9,春花特別Ｃ２Ｃ３選抜馬ウ選抜馬ア,2000,ダ,左,良,晴,12,4,4,エイシンヘーメラー,牝,5,53.0,419,-1,佐野遥,入口由,,1,2:14.7,39.8,6-7-2-2,3,419,-1
2025/02/27,浦和,9,春花特別Ｃ２Ｃ３選抜馬ウ選抜馬ア,2000,ダ,左,良,晴,12,7,9,リングベルガール,牝,5,53.0,466,28,室陽一,小久智,,2,2:15.0,40.3,1-1-3-1,4,466,28
2025/02/27,浦和,9,春花特別Ｃ２Ｃ３選抜馬ウ選抜馬ア,2000,ダ,左,良,晴,12,5,6,キスアンドテル,牝,6,53.0,514,4,笠野雄,海馬司,,3,2:15.6,40.7,7-6-4-4,5,514,4
2025/02/27,浦和,9,春花特別Ｃ２Ｃ３選抜馬ウ選抜馬ア,2000,ダ,左,良,晴,12,8,11,カペラスター,牡,6,55.0,512,7,七夕裕,川村守,,4,2:15.6,40.5,9-9-5-5,9,512,7
2025/02/27,浦和,9,春花特別Ｃ２Ｃ３選抜馬ウ選抜馬ア,2000,ダ,左,良,晴,12,1,1,ラインストライカー,セ,0,55.0,490,1,張田昂,宇野博,,5,2:15.7,40.7,5-4-6-6,1,490,1
2025/02/27,浦和,9,春花特別Ｃ２Ｃ３選抜馬ウ選抜馬ア,2000,ダ,左,良,晴,12,6,7,タマモコンペイトウ,牝,5,53.0,459,1,木間龍,川島豊,,6,2:16.0,41.3,3-3-1-3,11,459,1
2025/02/27,浦和,9,春花特別Ｃ２Ｃ３選抜馬ウ選抜馬ア,2000,ダ,左,良,晴,12,6,8,ヘヴンズクライ,牡,4,57.0,430,14,笹川翼,藤原智,,7,2:16.6,41.3,8-8-9-7,2,430,14
2025/02/27,浦和,9,春花特別Ｃ２Ｃ３選抜馬ウ選抜馬ア,2000,ダ,左,良,晴,12,2,2,サンボールダー,牝,6,53.0,479,-4,岡田大,鹿沼和,,8,2:16.9,41.8,4-5-8-8,6,479,-4
2025/02/27,浦和,9,春花特別Ｃ２Ｃ３選抜馬ウ選抜馬ア,2000,ダ,左,良,晴,12,5,5,ユウユウプレゼンス,牝,5,53.0,427,-2,保園翔,川村守,,9,2:17.5,42.6,2-2-7-9,7,427,-2
2025/02/27,浦和,9,春花特別Ｃ２Ｃ３選抜馬ウ選抜馬ア,2000,ダ,左,良,晴,12,7,10,ラララランランラン,牝,4,55.0,398,-5,見越彬,内野健,,10,2:17.8,41.8,12-11-12-10,8,398,-5
2025/02/27,浦和,9,春花特別Ｃ２Ｃ３選抜馬ウ選抜馬ア,2000,ダ,左,良,晴,12,8,12,シェナハート,牝,6,51.0,435,0,中島良,冨田敏,,11,2:18.8,42.8,11-12-11-11,12,435,0
2025/02/27,浦和,9,春花特別Ｃ２Ｃ３選抜馬ウ選抜馬ア,2000,ダ,左,良,晴,12,3,3,タイニーパワー,牡,8,57.0,467,-7,秋元耕,薮口一,,12,2:19.1,43.4,10-10-10-12,10,467,-7
2025/02/27,浦和,10,逃げ切りシスターズ特別Ｂ３二,1500,ダ,左,良,晴,12,7,10,モニュメントキング,牡,9,56.0,523,8,野畑凌,箕輪武,,1,1:36.7,40.0,2-2-2-2,7,523,8
2025/02/27,浦和,10,逃げ切りシスターズ特別Ｂ３二,1500,ダ,左,良,晴,12,2,2,スモークフレイバー,牡,4,56.0,497,3,和田譲,繁田健,,2,1:36.7,40.2,1-1-1-1,2,497,3
2025/02/27,浦和,10,逃げ切りシスターズ特別Ｂ３二,1500,ダ,左,良,晴,12,7,9,タロサンダー,牡,4,56.0,493,-2,笹川翼,小久智,,3,1:36.9,40.0,3-3-3-3,1,493,-2
2025/02/27,浦和,10,逃げ切りシスターズ特別Ｂ３二,1500,ダ,左,良,晴,12,1,1,ミラクルランバック,牡,6,56.0,534,-3,山崎誠,藤原智,,4,1:37.9,40.3,9-9-9-9,9,534,-3
2025/02/27,浦和,10,逃げ切りシスターズ特別Ｂ３二,1500,ダ,左,良,晴,12,5,5,ジェイケイファイン,セ,0,56.0,487,8,山中悠,水野貴,,5,1:38.0,39.8,12-12-11-10,12,487,8
2025/02/27,浦和,10,逃げ切りシスターズ特別Ｂ３二,1500,ダ,左,良,晴,12,6,7,スピネーカー,牡,4,56.0,465,-4,木間龍,矢野義,,6,1:38.3,41.1,5-6-5-4,4,465,-4
2025/02/27,浦和,10,逃げ切りシスターズ特別Ｂ３二,1500,ダ,左,良,晴,12,8,12,ショウネンジダイ,牡,7,56.0,493,2,山本聡,新井清,,7,1:38.6,41.5,4-4-5-6,5,493,2
2025/02/27,浦和,10,逃げ切りシスターズ特別Ｂ３二,1500,ダ,左,良,晴,12,3,3,リュウノメディナ,牡,4,56.0,504,-6,野澤憲,齊藤敏,,8,1:38.6,41.2,7-7-8-7,8,504,-6
2025/02/27,浦和,10,逃げ切りシスターズ特別Ｂ３二,1500,ダ,左,良,晴,12,8,11,スリーヴリーグ,牡,9,56.0,534,-2,保園翔,野口寛,,9,1:39.0,40.7,11-11-12-11,11,534,-2
2025/02/27,浦和,10,逃げ切りシスターズ特別Ｂ３二,1500,ダ,左,良,晴,12,5,6,バンドールロゼ,牡,6,56.0,484,6,吉原寛,小澤宏,,10,1:39.0,41.5,10-10-7-8,3,484,6
2025/02/27,浦和,10,逃げ切りシスターズ特別Ｂ３二,1500,ダ,左,良,晴,12,6,8,アルフィーノ,牝,6,54.0,467,-3,篠谷葵,川島一,,11,1:39.3,42.2,6-5-4-5,10,467,-3
2025/02/27,浦和,10,逃げ切りシスターズ特別Ｂ３二,1500,ダ,左,良,晴,12,4,4,ハチャトリアン,牡,4,56.0,489,5,張田昂,平山真,,,,,8-8-10-12,6,489,5
2025/02/27,浦和,11,如月特別Ｂ１Ｂ２一,1400,ダ,左,良,晴,12,7,9,エアポートライナー,牡,5,57.0,557,1,西啓太,小久智,,1,1:28.9,39.2,3-3-2-1,3,557,1
2025/02/27,浦和,11,如月特別Ｂ１Ｂ２一,1400,ダ,左,良,晴,12,5,5,オークハンプトン,牡,7,57.0,499,3,山本聡,岡林光,,2,1:28.9,38.4,9-9-7-2,5,499,3
2025/02/27,浦和,11,如月特別Ｂ１Ｂ２一,1400,ダ,左,良,晴,12,5,6,ミズワリヲクダサイ,牡,5,57.0,470,-3,室陽一,宇野博,,3,1:29.3,38.8,7-7-7-7,9,470,-3
2025/02/27,浦和,11,如月特別Ｂ１Ｂ２一,1400,ダ,左,良,晴,12,8,11,ビナサクセス,牡,7,54.0,511,5,佐藤翔,水野貴,,4,1:29.4,39.4,4-4-5-3,7,511,5
2025/02/27,浦和,11,如月特別Ｂ１Ｂ２一,1400,ダ,左,良,晴,12,7,10,スティールストーム,牡,7,57.0,492,3,本橋孝,林　幻,,5,1:29.4,38.5,8-10-10-8,10,492,3
2025/02/27,浦和,11,如月特別Ｂ１Ｂ２一,1400,ダ,左,良,晴,12,8,12,マロカオブジャガー,牡,7,57.0,510,3,木間龍,伊藤滋,,6,1:29.7,38.3,11-11-11-11,11,510,3
2025/02/27,浦和,11,如月特別Ｂ１Ｂ２一,1400,ダ,左,良,晴,12,2,2,エドノバンザイ,牡,4,55.0,531,14,笹川翼,宇野博,,7,1:30.0,39.8,5-5-6-6,1,531,14
2025/02/27,浦和,11,如月特別Ｂ１Ｂ２一,1400,ダ,左,良,晴,12,6,7,コールブランド,セ,0,55.0,504,4,吉原寛,内田勝,,8,1:30.1,40.0,6-6-4-4,2,504,4
2025/02/27,浦和,11,如月特別Ｂ１Ｂ２一,1400,ダ,左,良,晴,12,4,4,ジャックオレンジ,セ,0,57.0,486,-3,和田譲,新井清,,9,1:30.3,39.7,10-8-9-9,6,486,-3
2025/02/27,浦和,11,如月特別Ｂ１Ｂ２一,1400,ダ,左,良,晴,12,6,8,スパイスアップ,牡,7,57.0,516,8,實川純,佐々功,,10,1:30.4,38.4,12-12-12-12,12,516,8
2025/02/27,浦和,11,如月特別Ｂ１Ｂ２一,1400,ダ,左,良,晴,12,1,1,イデアミラーグロ,牡,5,57.0,497,0,野畑凌,鹿沼和,,11,1:31.0,41.5,1-1-1-5,4,497,0
2025/02/27,浦和,11,如月特別Ｂ１Ｂ２一,1400,ダ,左,良,晴,12,3,3,ポーチュラカ,牝,5,55.0,488,1,小杉亮,渋谷博,,12,1:31.3,41.7,2-2-3-10,8,488,1
2025/02/27,浦和,12,初音特別Ｃ１Ｃ２選抜馬選抜馬ア,2000,ダ,左,良,晴,12,7,10,コスモパンドラ,牝,6,55.0,464,-5,野畑凌,箕輪武,,1,2:13.9,41.1,2-2-2-2,5,464,-5
2025/02/27,浦和,12,初音特別Ｃ１Ｃ２選抜馬選抜馬ア,2000,ダ,左,良,晴,12,8,11,イデアノキセキ,牡,6,57.0,460,3,張田昂,鹿沼和,,2,2:14.0,40.9,7-4-3-3,6,460,3
2025/02/27,浦和,12,初音特別Ｃ１Ｃ２選抜馬選抜馬ア,2000,ダ,左,良,晴,12,4,4,ライパチ,牡,6,57.0,487,6,和田譲,小久智,,3,2:14.0,41.3,1-1-1-1,1,487,6
2025/02/27,浦和,12,初音特別Ｃ１Ｃ２選抜馬選抜馬ア,2000,ダ,左,良,晴,12,6,8,コスモビートイット,牡,8,57.0,502,-5,秋元耕,川島豊,,4,2:14.7,41.4,4-6-5-4,11,502,-5
2025/02/27,浦和,12,初音特別Ｃ１Ｃ２選抜馬選抜馬ア,2000,ダ,左,良,晴,12,7,9,ヴァレンテ,牡,4,57.0,509,3,笠野雄,平山真,,5,2:14.9,40.7,11-11-11-7,3,509,3
2025/02/27,浦和,12,初音特別Ｃ１Ｃ２選抜馬選抜馬ア,2000,ダ,左,良,晴,12,5,6,ココリアイランド,牡,5,57.0,452,-5,吉原寛,工藤伸,,6,2:15.0,41.6,5-5-7-5,2,452,-5
2025/02/27,浦和,12,初音特別Ｃ１Ｃ２選抜馬選抜馬ア,2000,ダ,左,良,晴,12,3,3,トリストラム,牡,7,55.0,525,7,福原杏,横山保,,7,2:15.3,40.9,12-12-10-10,8,525,7
2025/02/27,浦和,12,初音特別Ｃ１Ｃ２選抜馬選抜馬ア,2000,ダ,左,良,晴,12,2,2,フォートウィリアム,セ,0,57.0,507,3,山崎誠,小澤宏,,8,2:15.4,41.5,10-9-8-9,4,507,3
2025/02/27,浦和,12,初音特別Ｃ１Ｃ２選抜馬選抜馬ア,2000,ダ,左,良,晴,12,8,12,マオノオラクル,牡,6,53.0,504,1,佐野遥,渋谷博,,9,2:15.6,42.2,6-7-6-6,10,504,1
2025/02/27,浦和,12,初音特別Ｃ１Ｃ２選抜馬選抜馬ア,2000,ダ,左,良,晴,12,5,5,ツーエムルーイー,牝,5,53.0,529,-8,山中悠,小澤宏,,10,2:16.8,43.8,3-3-4-8,9,529,-8
2025/02/27,浦和,12,初音特別Ｃ１Ｃ２選抜馬選抜馬ア,2000,ダ,左,良,晴,12,6,7,キミトユメヲカケル,牝,5,55.0,430,3,加藤和,長谷忍,,11,2:17.0,43.2,9-8-9-11,7,430,3
2025/02/27,浦和,12,初音特別Ｃ１Ｃ２選抜馬選抜馬ア,2000,ダ,左,良,晴,12,1,1,コスモキルカス,牡,7,55.0,484,4,保園翔,長谷忍,,,,,8-10-12,12,484,4
2025/02/28,浦和,1,浦和８００ラウンドＣ３選抜馬ウ,800,ダ,左,良,晴,12,5,6,シンキングセンティ,牝,6,54.0,468,4,岡田大,川村守,,1,0:49.1,36.3,1-1,2,468,4
2025/02/28,浦和,1,浦和８００ラウンドＣ３選抜馬ウ,800,ダ,左,良,晴,12,6,8,フリブール,牝,7,54.0,453,-3,内田利,内野健,,2,0:49.2,35.8,4-3,4,453,-3
2025/02/28,浦和,1,浦和８００ラウンドＣ３選抜馬ウ,800,ダ,左,良,晴,12,8,12,マザーフェイヴァー,牝,7,54.0,464,-6,木間龍,工藤伸,,3,0:49.2,36.2,2-2,1,464,-6
2025/02/28,浦和,1,浦和８００ラウンドＣ３選抜馬ウ,800,ダ,左,良,晴,12,4,4,リチェルカータ,牝,8,54.0,449,-5,室陽一,小澤宏,,4,0:50.2,36.8,5-4,5,449,-5
2025/02/28,浦和,1,浦和８００ラウンドＣ３選抜馬ウ,800,ダ,左,良,晴,12,7,10,ブライトソール,牡,6,56.0,427,-2,加藤和,薮口一,,5,0:50.4,36.8,7-5,8,427,-2
2025/02/28,浦和,1,浦和８００ラウンドＣ３選抜馬ウ,800,ダ,左,良,晴,12,8,11,マルノコウキ,牡,6,56.0,515,-14,福原杏,川村守,,6,0:50.7,37.7,3-6,3,515,-14
2025/02/28,浦和,1,浦和８００ラウンドＣ３選抜馬ウ,800,ダ,左,良,晴,12,5,5,チェンマイルージュ,牝,9,54.0,464,5,見越彬,鈴木勝,,7,0:51.1,37.0,9-8,9,464,5
2025/02/28,浦和,1,浦和８００ラウンドＣ３選抜馬ウ,800,ダ,左,良,晴,12,6,7,ゴールドボード,牝,6,54.0,522,5,秋元耕,箕輪武,,8,0:51.3,37.9,6-7,7,522,5
2025/02/28,浦和,1,浦和８００ラウンドＣ３選抜馬ウ,800,ダ,左,良,晴,12,2,2,アルムダウン,牝,5,54.0,371,-1,高橋哲,小林真,,9,0:51.5,37.0,11-11,11,371,-1
2025/02/28,浦和,1,浦和８００ラウンドＣ３選抜馬ウ,800,ダ,左,良,晴,12,7,9,ワンダーダイカネン,牡,8,56.0,507,6,赤津和,鈴木勝,,10,0:51.6,37.1,10-10,12,507,6
2025/02/28,浦和,1,浦和８００ラウンドＣ３選抜馬ウ,800,ダ,左,良,晴,12,3,3,マーヒナヒナ,牝,5,54.0,479,4,藤江渉,酒井一,,11,0:52.1,38.1,8-9,6,479,4
2025/02/28,浦和,1,浦和８００ラウンドＣ３選抜馬ウ,800,ダ,左,良,晴,12,1,1,ニシノオスマン,牡,5,56.0,500,-6,保園翔,吉田正,,12,0:53.1,38.6,12-12,10,500,-6
2025/02/28,浦和,2,浦和８００ラウンドＣ３選抜馬イ,800,ダ,左,良,晴,12,1,1,ファンファン,牡,8,56.0,476,3,赤津和,箕輪武,,1,0:49.1,36.1,6-5,4,476,3
2025/02/28,浦和,2,浦和８００ラウンドＣ３選抜馬イ,800,ダ,左,良,晴,12,7,9,ダンストンムート,牝,5,54.0,458,-5,見越彬,野口孝,,2,0:49.2,36.8,2-1,3,458,-5
2025/02/28,浦和,2,浦和８００ラウンドＣ３選抜馬イ,800,ダ,左,良,晴,12,5,5,コトル,牝,6,54.0,517,3,國分祐,川村守,,3,0:49.3,36.7,3-4,7,517,3
2025/02/28,浦和,2,浦和８００ラウンドＣ３選抜馬イ,800,ダ,左,良,晴,12,6,8,ベアビー,牝,4,52.0,457,0,中島良,川島豊,,4,0:49.5,36.4,7-6,10,457,0
2025/02/28,浦和,2,浦和８００ラウンドＣ３選抜馬イ,800,ダ,左,良,晴,12,7,10,ルクスリーベン,牝,4,54.0,441,2,笹川翼,平山真,,5,0:49.6,36.3,8-7,1,441,2
2025/02/28,浦和,2,浦和８００ラウンドＣ３選抜馬イ,800,ダ,左,良,晴,12,8,12,ジュニパーダンス,牝,7,54.0,445,-17,和田譲,酒井一,,6,0:49.6,36.9,4-3,2,445,-17
2025/02/28,浦和,2,浦和８００ラウンドＣ３選抜馬イ,800,ダ,左,良,晴,12,5,6,カミンスキ,牡,4,56.0,501,5,菅原涼,藤原智,,7,0:49.8,37.0,5-8,6,501,5
2025/02/28,浦和,2,浦和８００ラウンドＣ３選抜馬イ,800,ダ,左,良,晴,12,4,4,ブラボーランナー,牝,4,54.0,497,-9,藤江渉,宇野博,,8,0:50.5,36.8,10-10,8,497,-9
2025/02/28,浦和,2,浦和８００ラウンドＣ３選抜馬イ,800,ダ,左,良,晴,12,2,2,アカルイスモウブ,牝,6,54.0,420,-7,岡田大,冨田敏,,9,0:50.5,38.1,1-2,5,420,-7
2025/02/28,浦和,2,浦和８００ラウンドＣ３選抜馬イ,800,ダ,左,良,晴,12,8,11,スマートドラフト,牝,6,54.0,433,-4,加藤和,鈴木勝,,10,0:50.7,37.1,9-9,11,433,-4
2025/02/28,浦和,2,浦和８００ラウンドＣ３選抜馬イ,800,ダ,左,良,晴,12,3,3,クロイバラ,牝,4,54.0,436,-6,半澤慶,入口由,,11,0:51.4,37.3,11-11,9,436,-6
2025/02/28,浦和,2,浦和８００ラウンドＣ３選抜馬イ,800,ダ,左,良,晴,12,6,7,ギサール,牝,4,54.0,409,24,七夕裕,酒井一,,12,0:51.6,37.2,12-12,12,409,24
2025/02/28,浦和,3,３歳未出走未受賞,1400,ダ,左,良,晴,10,5,5,ヴォーゲルワンド,牝,3,54.0,0,0,町田直,繁田健,,1,1:31.3,40.4,1-1-1-1,1,0,0
2025/02/28,浦和,3,３歳未出走未受賞,1400,ダ,左,良,晴,10,8,10,ヤバネ,牡,3,56.0,0,0,和田譲,水野貴,,2,1:31.3,39.7,4-4-3-3,2,0,0
2025/02/28,浦和,3,３歳未出走未受賞,1400,ダ,左,良,晴,10,7,7,ミッキーラプチュア,牡,3,56.0,0,0,加藤和,酒井一,,3,1:31.9,41.0,2-2-2-2,8,0,0
2025/02/28,浦和,3,３歳未出走未受賞,1400,ダ,左,良,晴,10,3,3,センエツナガラ,牡,3,56.0,0,0,七夕裕,酒井一,,4,1:33.4,41.0,6-6-5-4,3,0,0
2025/02/28,浦和,3,３歳未出走未受賞,1400,ダ,左,良,晴,10,8,9,モーモーネイビー,牝,3,54.0,453,-6,秋元耕,海馬司,,5,1:34.8,41.5,8-7-8-7,10,453,-6
2025/02/28,浦和,3,３歳未出走未受賞,1400,ダ,左,良,晴,10,6,6,ユカナミオビーム,牝,3,54.0,0,0,福原杏,平山真,,6,1:35.7,42.6,10-9-6-6,5,0,0
2025/02/28,浦和,3,３歳未出走未受賞,1400,ダ,左,良,晴,10,7,8,クレイジーホース,牡,3,56.0,491,-12,室陽一,長谷忍,,7,1:36.0,44.6,3-3-4-5,6,491,-12
2025/02/28,浦和,3,３歳未出走未受賞,1400,ダ,左,良,晴,10,4,4,ノースボレアス,牡,3,56.0,0,0,野畑凌,長谷忍,,8,1:36.6,44.0,5-5-7-8,4,0,0
2025/02/28,浦和,3,３歳未出走未受賞,1400,ダ,左,良,晴,10,2,2,ピエタ,牝,3,54.0,0,0,保園翔,長谷忍,,9,1:36.7,42.6,7-8-9-9,7,0,0
2025/02/28,浦和,3,３歳未出走未受賞,1400,ダ,左,良,晴,10,1,1,スピークオブデビル,牝,3,54.0,514,-12,西啓太,長谷忍,,10,1:43.7,47.8,9-10-10-10,9,514,-12
2025/02/28,浦和,4,なまずの集い　なまずサミット賞３歳八,1400,ダ,左,良,晴,12,6,8,サハラフレイバー,牡,3,56.0,472,-2,秋元耕,繁田健,,1,1:32.7,39.5,11-10-8-7,3,472,-2
2025/02/28,浦和,4,なまずの集い　なまずサミット賞３歳八,1400,ダ,左,良,晴,12,5,5,フリューゲルクー,牡,3,56.0,440,-4,吉原寛,小久智,,2,1:32.9,40.3,9-8-6-5,2,440,-4
2025/02/28,浦和,4,なまずの集い　なまずサミット賞３歳八,1400,ダ,左,良,晴,12,4,4,ブラックアスラーダ,牡,3,56.0,466,2,西啓太,箕輪武,,3,1:33.0,40.7,4-4-5-6,5,466,2
2025/02/28,浦和,4,なまずの集い　なまずサミット賞３歳八,1400,ダ,左,良,晴,12,8,11,トーセンアデレード,牝,3,54.0,431,4,見越彬,小久智,,4,1:33.2,41.9,2-2-2-1,1,431,4
2025/02/28,浦和,4,なまずの集い　なまずサミット賞３歳八,1400,ダ,左,良,晴,12,7,9,ジャックルージュ,牡,3,56.0,446,39,保園翔,川村守,,5,1:33.2,40.7,5-5-4-3,11,446,39
2025/02/28,浦和,4,なまずの集い　なまずサミット賞３歳八,1400,ダ,左,良,晴,12,3,3,カネミツツイスト,牡,3,56.0,437,4,七夕裕,水野貴,,6,1:33.2,40.2,8-9-7-8,6,437,4
2025/02/28,浦和,4,なまずの集い　なまずサミット賞３歳八,1400,ダ,左,良,晴,12,6,7,ジャルディブラック,牝,3,51.0,402,8,加藤雄,水野貴,,7,1:33.5,42.4,1-1-1-2,4,402,8
2025/02/28,浦和,4,なまずの集い　なまずサミット賞３歳八,1400,ダ,左,良,晴,12,7,10,ユウユウニコヴィア,牝,3,54.0,0,0,室陽一,横山保,,8,1:33.8,39.8,10-11-11-9,9,0,0
2025/02/28,浦和,4,なまずの集い　なまずサミット賞３歳八,1400,ダ,左,良,晴,12,5,6,ミラコロヴァーグ,牡,3,56.0,459,-14,山中悠,小澤宏,,9,1:34.3,42.6,3-3-3-4,10,459,-14
2025/02/28,浦和,4,なまずの集い　なまずサミット賞３歳八,1400,ダ,左,良,晴,12,8,12,エスケイレーブ,牝,3,54.0,418,1,岡田大,薮口一,,10,1:35.5,42.6,7-7-9-10,12,418,1
2025/02/28,浦和,4,なまずの集い　なまずサミット賞３歳八,1400,ダ,左,良,晴,12,1,1,サヨノボナンザ,牝,3,54.0,423,-5,野畑凌,工藤伸,,11,1:35.5,41.2,12-12-12-12,7,423,-5
2025/02/28,浦和,4,なまずの集い　なまずサミット賞３歳八,1400,ダ,左,良,晴,12,2,2,タカラハンター,牡,3,56.0,493,-10,加藤和,長谷忍,,12,1:36.0,43.1,6-6-10-11,8,493,-10
2025/02/28,浦和,5,越生町のマスコット「うめりんＣ２十 十一,1400,ダ,左,良,晴,12,6,7,ツーエムフリーク,牝,5,54.0,501,-14,山中悠,小澤宏,,1,1:30.0,37.9,1-1-1-1,1,501,-14
2025/02/28,浦和,5,越生町のマスコット「うめりんＣ２十 十一,1400,ダ,左,良,晴,12,4,4,リッキオ,牡,6,56.0,480,0,秋元耕,薮口一,,2,1:30.9,38.3,5-4-4-3,10,480,0
2025/02/28,浦和,5,越生町のマスコット「うめりんＣ２十 十一,1400,ダ,左,良,晴,12,2,2,エイシンゾディアク,牡,4,56.0,448,8,七夕裕,横山保,,3,1:30.9,38.6,10-7-2-2,2,448,8
2025/02/28,浦和,5,越生町のマスコット「うめりんＣ２十 十一,1400,ダ,左,良,晴,12,6,8,ヴァンクールシチー,牡,6,56.0,433,-5,半澤慶,工藤伸,,4,1:31.7,39.1,6-6-4-4,7,433,-5
2025/02/28,浦和,5,越生町のマスコット「うめりんＣ２十 十一,1400,ダ,左,良,晴,12,8,12,メグ,牝,5,54.0,477,-7,山本紀,鹿沼和,,5,1:31.9,39.5,3-3-4-5,4,477,-7
2025/02/28,浦和,5,越生町のマスコット「うめりんＣ２十 十一,1400,ダ,左,良,晴,12,1,1,ワンダーサバイバル,牡,4,56.0,453,2,赤津和,鈴木勝,,6,1:32.4,38.3,12-12-12-10,6,453,2
2025/02/28,浦和,5,越生町のマスコット「うめりんＣ２十 十一,1400,ダ,左,良,晴,12,7,10,チェンテナリオ,牝,5,54.0,448,-3,藤本現,酒井一,,7,1:32.5,39.3,8-8-8-8,8,448,-3
2025/02/28,浦和,5,越生町のマスコット「うめりんＣ２十 十一,1400,ダ,左,良,晴,12,5,6,セロリ,牝,4,54.0,473,9,吉原寛,野口寛,,8,1:32.6,39.2,7-9-9-9,3,473,9
2025/02/28,浦和,5,越生町のマスコット「うめりんＣ２十 十一,1400,ダ,左,良,晴,12,3,3,フォーゲルヴァイデ,牡,4,54.0,466,-15,中島良,川島豊,,9,1:32.8,39.0,9-11-11-12,11,466,-15
2025/02/28,浦和,5,越生町のマスコット「うめりんＣ２十 十一,1400,ダ,左,良,晴,12,8,11,ロイヤルヨット,牡,9,56.0,498,-4,澤田龍,石井勝,,10,1:32.9,40.0,4-5-7-7,9,498,-4
2025/02/28,浦和,5,越生町のマスコット「うめりんＣ２十 十一,1400,ダ,左,良,晴,12,5,5,アマゴ,牝,6,54.0,468,3,今野忠,箕輪武,,11,1:33.0,39.4,11-10-10-11,12,468,3
2025/02/28,浦和,5,越生町のマスコット「うめりんＣ２十 十一,1400,ダ,左,良,晴,12,7,9,メラスクリオス,牝,6,54.0,447,-1,室陽一,宇野博,,12,1:34.0,41.7,2-2-3-6,5,447,-1
2025/02/28,浦和,6,「ハイキングのまち」おごせ賞Ｃ２十 十一,1400,ダ,左,良,晴,12,4,4,スマイルスライヴ,セ,0,56.0,475,1,和田譲,宇野博,,1,1:30.3,39.1,2-2-1-1,1,475,1
2025/02/28,浦和,6,「ハイキングのまち」おごせ賞Ｃ２十 十一,1400,ダ,左,良,晴,12,6,7,ツェルニー,牝,4,54.0,439,0,秋元耕,鹿沼和,,2,1:30.6,39.2,6-6-5-3,3,439,0
2025/02/28,浦和,6,「ハイキングのまち」おごせ賞Ｃ２十 十一,1400,ダ,左,良,晴,12,8,11,スターハッスル,牡,5,56.0,506,4,福原杏,小澤宏,,3,1:31.2,40.0,5-5-2-2,6,506,4
2025/02/28,浦和,6,「ハイキングのまち」おごせ賞Ｃ２十 十一,1400,ダ,左,良,晴,12,6,8,ゼフィールエレ,牡,4,54.0,497,-2,所　蛍,張田京,,4,1:31.5,39.4,10-9-6-5,2,497,-2
2025/02/28,浦和,6,「ハイキングのまち」おごせ賞Ｃ２十 十一,1400,ダ,左,良,晴,12,5,6,ギレルモ,セ,0,56.0,487,3,野畑凌,箕輪武,,5,1:31.8,40.6,3-3-2-4,5,487,3
2025/02/28,浦和,6,「ハイキングのまち」おごせ賞Ｃ２十 十一,1400,ダ,左,良,晴,12,8,12,キミニメロメロ,牝,4,54.0,467,12,藤江渉,吉田正,,6,1:32.3,40.2,8-8-9-7,8,467,12
2025/02/28,浦和,6,「ハイキングのまち」おごせ賞Ｃ２十 十一,1400,ダ,左,良,晴,12,7,10,シンボリタイプ,牡,5,56.0,520,-4,内田利,内野健,,7,1:32.7,40.1,11-10-10-9,11,520,-4
2025/02/28,浦和,6,「ハイキングのまち」おごせ賞Ｃ２十 十一,1400,ダ,左,良,晴,12,2,2,リッキーマキアート,牝,5,54.0,482,7,室陽一,酒井一,,8,1:32.9,39.0,12-12-12-11,10,482,7
2025/02/28,浦和,6,「ハイキングのまち」おごせ賞Ｃ２十 十一,1400,ダ,左,良,晴,12,1,1,レモンスフレ,牝,4,54.0,421,-2,半澤慶,入口由,,9,1:33.0,41.4,4-4-7-8,4,421,-2
2025/02/28,浦和,6,「ハイキングのまち」おごせ賞Ｃ２十 十一,1400,ダ,左,良,晴,12,7,9,ブラックムート,牡,4,56.0,480,-2,濱田達,渋谷博,,10,1:33.4,41.5,7-7-8-10,12,480,-2
2025/02/28,浦和,6,「ハイキングのまち」おごせ賞Ｃ２十 十一,1400,ダ,左,良,晴,12,5,5,ファイアスター,牡,4,56.0,477,6,本橋孝,工藤伸,,11,1:33.5,40.4,9-11-11-12,9,477,6
2025/02/28,浦和,6,「ハイキングのまち」おごせ賞Ｃ２十 十一,1400,ダ,左,良,晴,12,3,3,アシャンテガール,牝,4,54.0,408,2,菅原涼,藤原智,,12,1:33.7,42.5,1-1-4-6,7,408,2
2025/02/28,浦和,7,越生梅林賞Ｃ１五,1500,ダ,左,良,晴,11,6,6,ケイアイインダラ,牡,5,56.0,473,-7,和田譲,佐々功,,1,1:38.0,39.5,8-8-5-4,3,473,-7
2025/02/28,浦和,7,越生梅林賞Ｃ１五,1500,ダ,左,良,晴,11,8,11,カイトキング,牡,6,56.0,485,-5,秋元耕,水野貴,,2,1:38.0,40.2,3-3-2-2,6,485,-5
2025/02/28,浦和,7,越生梅林賞Ｃ１五,1500,ダ,左,良,晴,11,7,9,ジョイルミナス,牝,5,54.0,445,1,吉原寛,矢野義,,3,1:38.2,40.0,6-5-3-3,5,445,1
2025/02/28,浦和,7,越生梅林賞Ｃ１五,1500,ダ,左,良,晴,11,7,8,アムレート,牝,5,54.0,427,-8,西啓太,小久智,,4,1:38.6,40.8,1-1-1-1,2,427,-8
2025/02/28,浦和,7,越生梅林賞Ｃ１五,1500,ダ,左,良,晴,11,1,1,ニシノウール,牡,5,56.0,482,2,岡田大,冨田敏,,5,1:39.0,40.5,7-7-7-5,9,482,2
2025/02/28,浦和,7,越生梅林賞Ｃ１五,1500,ダ,左,良,晴,11,5,5,セザンディーヴァ,牝,5,54.0,435,-1,小杉亮,矢内博,,6,1:39.0,40.5,5-6-9-9,7,435,-1
2025/02/28,浦和,7,越生梅林賞Ｃ１五,1500,ダ,左,良,晴,11,2,2,キャッスルバジオウ,牡,5,56.0,472,1,山本紀,玉井勝,,7,1:39.1,40.3,9-10-10-8,11,472,1
2025/02/28,浦和,7,越生梅林賞Ｃ１五,1500,ダ,左,良,晴,11,3,3,ココモローズ,牝,4,54.0,429,-3,御神訓,藤原智,,8,1:39.5,41.2,4-4-4-6,1,429,-3
2025/02/28,浦和,7,越生梅林賞Ｃ１五,1500,ダ,左,良,晴,11,6,7,ワイマング,セ,0,56.0,483,5,木間龍,伊藤滋,,9,1:39.7,41.2,10-9-6-7,8,483,5
2025/02/28,浦和,7,越生梅林賞Ｃ１五,1500,ダ,左,良,晴,11,4,4,ケンスピリタス,牡,4,56.0,464,-4,半澤慶,鹿沼和,,10,1:41.4,41.4,11-11-11-10,10,464,-4
2025/02/28,浦和,7,越生梅林賞Ｃ１五,1500,ダ,左,良,晴,11,8,10,ゴーダンシング,牝,4,54.0,470,8,福原杏,平山真,,11,1:43.1,44.9,2-2-8-11,4,470,8
2025/02/28,浦和,8,木芽月特別Ｃ１一,1500,ダ,左,良,晴,9,1,1,ブレイヴルーラー,牡,6,56.0,550,10,室陽一,横山保,,1,1:37.8,40.1,1-1-1-1,1,550,10
2025/02/28,浦和,8,木芽月特別Ｃ１一,1500,ダ,左,良,晴,9,4,4,ナイトロ,牡,4,56.0,554,-7,藤本現,林正人,,2,1:38.3,40.4,3-3-2-2,3,554,-7
2025/02/28,浦和,8,木芽月特別Ｃ１一,1500,ダ,左,良,晴,9,8,8,ジュンフカリ,牡,5,56.0,481,7,加藤和,薮口一,,3,1:38.6,40.3,4-4-6-3,7,481,7
2025/02/28,浦和,8,木芽月特別Ｃ１一,1500,ダ,左,良,晴,9,5,5,ランドプラネット,牡,4,56.0,515,-6,木間龍,矢野義,,4,1:38.9,40.6,6-7-5-6,5,515,-6
2025/02/28,浦和,8,木芽月特別Ｃ１一,1500,ダ,左,良,晴,9,2,2,ストイックノア,牡,4,56.0,492,22,西啓太,小久智,,5,1:39.2,40.9,5-5-7-5,2,492,22
2025/02/28,浦和,8,木芽月特別Ｃ１一,1500,ダ,左,良,晴,9,6,6,リュウノアン,牝,6,54.0,469,6,保園翔,野口寛,,6,1:39.3,40.4,8-8-8-8,6,469,6
2025/02/28,浦和,8,木芽月特別Ｃ１一,1500,ダ,左,良,晴,9,3,3,ニキ,牡,4,56.0,506,4,吉原寛,野口寛,,7,1:39.5,41.4,7-6-4-7,4,506,4
2025/02/28,浦和,8,木芽月特別Ｃ１一,1500,ダ,左,良,晴,9,7,7,パンパパート,牡,4,56.0,457,1,小杉亮,伊藤滋,,8,1:39.6,41.7,2-2-3-4,8,457,1
2025/02/28,浦和,8,木芽月特別Ｃ１一,1500,ダ,左,良,晴,9,8,9,アウトパフォーム,セ,0,56.0,446,-7,半澤慶,宇野博,,9,1:39.9,40.8,9-9-9-9,9,446,-7
2025/02/28,浦和,9,春の夜特別Ｃ３選抜馬イ,2000,ダ,左,良,晴,12,8,11,ウイングラドナス,牡,6,56.0,464,2,見越彬,内野健,,1,2:16.7,41.8,4-3-3-1,2,464,2
2025/02/28,浦和,9,春の夜特別Ｃ３選抜馬イ,2000,ダ,左,良,晴,12,4,4,サンラグナニゲル,牝,6,54.0,474,6,福原杏,川村守,,2,2:17.2,42.4,2-2-2-2,5,474,6
2025/02/28,浦和,9,春の夜特別Ｃ３選抜馬イ,2000,ダ,左,良,晴,12,2,2,ヤマブキ,牡,5,56.0,497,-5,高橋哲,鹿沼和,,3,2:17.3,41.6,9-9-5-3,4,497,-5
2025/02/28,浦和,9,春の夜特別Ｃ３選抜馬イ,2000,ダ,左,良,晴,12,5,5,カバロプレト,牡,6,56.0,447,-5,室陽一,入口由,,4,2:17.3,41.8,8-7-4-4,1,447,-5
2025/02/28,浦和,9,春の夜特別Ｃ３選抜馬イ,2000,ダ,左,良,晴,12,6,7,ラウズアップ,牡,9,56.0,435,2,岡田大,吉田正,,5,2:18.1,42.3,10-10-7-6,7,435,2
2025/02/28,浦和,9,春の夜特別Ｃ３選抜馬イ,2000,ダ,左,良,晴,12,6,8,ディープトラスト,牝,5,54.0,444,-5,半澤慶,川島豊,,6,2:18.2,42.5,6-6-9-8,8,444,-5
2025/02/28,浦和,9,春の夜特別Ｃ３選抜馬イ,2000,ダ,左,良,晴,12,3,3,トレジャーバローズ,牡,7,56.0,441,-3,加藤和,川島豊,,7,2:18.3,42.8,5-5-6-7,6,441,-3
2025/02/28,浦和,9,春の夜特別Ｃ３選抜馬イ,2000,ダ,左,良,晴,12,5,6,シェナカンザシ,牝,5,54.0,460,-10,七夕裕,冨田敏,,8,2:18.8,42.4,12-11-11-9,11,460,-10
2025/02/28,浦和,9,春の夜特別Ｃ３選抜馬イ,2000,ダ,左,良,晴,12,8,12,フェルカド,セ,0,56.0,473,14,澤田龍,野口孝,,9,2:19.5,44.7,1-1-1-5,3,473,14
2025/02/28,浦和,9,春の夜特別Ｃ３選抜馬イ,2000,ダ,左,良,晴,12,7,9,シェナダイオー,牡,6,56.0,552,1,國分祐,冨田敏,,10,2:19.8,42.8,11-12-12-12,12,552,1
2025/02/28,浦和,9,春の夜特別Ｃ３選抜馬イ,2000,ダ,左,良,晴,12,1,1,アミン,牝,8,54.0,475,3,秋元耕,冨田敏,,11,2:19.8,43.7,7-8-10-10,9,475,3
2025/02/28,浦和,9,春の夜特別Ｃ３選抜馬イ,2000,ダ,左,良,晴,12,7,10,チャームフォラック,牝,9,52.0,479,-7,中島良,川村守,,12,2:20.0,44.5,3-4-8-11,10,479,-7
2025/02/28,浦和,10,コラボありがとう！ウマ娘特別Ｂ３三,1400,ダ,左,良,晴,12,8,11,ビックランサー,牡,6,54.0,513,-2,佐野遥,河津裕,,1,1:30.0,38.9,5-7-5-3,5,513,-2
2025/02/28,浦和,10,コラボありがとう！ウマ娘特別Ｂ３三,1400,ダ,左,良,晴,12,7,9,ファットドラゴン,牡,4,56.0,453,-9,山本紀,渋谷博,,2,1:30.1,39.2,3-3-1-2,4,453,-9
2025/02/28,浦和,10,コラボありがとう！ウマ娘特別Ｂ３三,1400,ダ,左,良,晴,12,7,10,ギフテッドキング,牡,5,56.0,485,-2,山口達,林正人,,3,1:30.3,39.4,4-4-3-1,9,485,-2
2025/02/28,浦和,10,コラボありがとう！ウマ娘特別Ｂ３三,1400,ダ,左,良,晴,12,3,3,ベルガラス,牡,4,56.0,472,0,木間龍,齊藤敏,,4,1:30.5,39.4,12-11-4-4,10,472,0
2025/02/28,浦和,10,コラボありがとう！ウマ娘特別Ｂ３三,1400,ダ,左,良,晴,12,6,7,カルテメトレス,牝,4,54.0,445,-4,吉原寛,小久智,,5,1:30.6,39.5,7-5-6-5,1,445,-4
2025/02/28,浦和,10,コラボありがとう！ウマ娘特別Ｂ３三,1400,ダ,左,良,晴,12,1,1,フォースチルドレン,牡,6,56.0,509,8,山本聡,平山真,,6,1:31.0,39.9,8-6-7-7,3,509,8
2025/02/28,浦和,10,コラボありがとう！ウマ娘特別Ｂ３三,1400,ダ,左,良,晴,12,8,12,ゴールドソニック,牡,4,56.0,506,-4,半澤慶,鹿沼和,,7,1:31.3,40.1,6-8-8-8,11,506,-4
2025/02/28,浦和,10,コラボありがとう！ウマ娘特別Ｂ３三,1400,ダ,左,良,晴,12,2,2,レスールドマカロン,牝,7,54.0,454,-8,西啓太,小久智,,8,1:31.4,40.6,1-1-2-6,2,454,-8
2025/02/28,浦和,10,コラボありがとう！ウマ娘特別Ｂ３三,1400,ダ,左,良,晴,12,6,8,シャドウダッチェス,牝,5,54.0,490,0,高橋利,矢内博,,9,1:31.4,40.0,9-9-10-9,12,490,0
2025/02/28,浦和,10,コラボありがとう！ウマ娘特別Ｂ３三,1400,ダ,左,良,晴,12,4,4,アドミラブルエース,牡,6,56.0,481,-3,本橋孝,繁田健,,10,1:31.5,40.1,10-10-9-10,8,481,-3
2025/02/28,浦和,10,コラボありがとう！ウマ娘特別Ｂ３三,1400,ダ,左,良,晴,12,5,5,ステラシティ,牝,4,54.0,481,10,福原杏,吉田正,,11,1:31.5,39.9,11-12-12-11,7,481,10
2025/02/28,浦和,10,コラボありがとう！ウマ娘特別Ｂ３三,1400,ダ,左,良,晴,12,5,6,コウユーラヴラヴ,牝,7,54.0,482,11,町田直,宇野博,,12,1:33.1,42.0,2-2-11-12,6,482,11
2025/02/28,浦和,11,初花月特別Ｂ２二,1500,ダ,左,良,晴,11,2,2,ハグレグモ,牡,4,56.0,517,-6,福原杏,平山真,,1,1:35.8,38.6,2-2-1-1,1,517,-6
2025/02/28,浦和,11,初花月特別Ｂ２二,1500,ダ,左,良,晴,11,3,3,カゲマル,牡,5,56.0,523,-3,張田昂,張田京,,2,1:36.3,38.9,4-4-4-3,2,523,-3
2025/02/28,浦和,11,初花月特別Ｂ２二,1500,ダ,左,良,晴,11,1,1,エナジーポコアポコ,牡,5,56.0,467,7,町田直,繁田健,,3,1:36.7,38.6,6-6-6-5,7,467,7
2025/02/28,浦和,11,初花月特別Ｂ２二,1500,ダ,左,良,晴,11,4,4,ケンキートス,牡,5,56.0,503,-2,藤本現,繁田健,,4,1:36.8,38.9,5-5-5-4,3,503,-2
2025/02/28,浦和,11,初花月特別Ｂ２二,1500,ダ,左,良,晴,11,7,9,メロスゴー,牡,4,56.0,485,-2,藤江渉,箕輪武,,5,1:36.8,39.5,3-3-2-2,10,485,-2
2025/02/28,浦和,11,初花月特別Ｂ２二,1500,ダ,左,良,晴,11,8,10,ミラコロカナーレ,牡,7,56.0,480,-5,山中悠,佐々清,,6,1:37.0,38.7,8-7-8-8,9,480,-5
2025/02/28,浦和,11,初花月特別Ｂ２二,1500,ダ,左,良,晴,11,7,8,マサノロイヤル,牡,4,56.0,463,2,和田譲,齊藤敏,,7,1:37.0,38.6,7-8-9-6,6,463,2
2025/02/28,浦和,11,初花月特別Ｂ２二,1500,ダ,左,良,晴,11,6,7,モズハッピーロード,牡,7,56.0,512,1,山本聡,海馬司,,8,1:37.0,38.7,9-10-7-7,5,512,1
2025/02/28,浦和,11,初花月特別Ｂ２二,1500,ダ,左,良,晴,11,6,6,キャリアリズム,セ,0,56.0,484,-2,木間龍,矢野義,,9,1:37.5,38.6,11-11-10-11,11,484,-2
2025/02/28,浦和,11,初花月特別Ｂ２二,1500,ダ,左,良,晴,11,5,5,ピノホホッア,牡,5,56.0,534,0,内田利,野口孝,,10,1:38.1,39.5,10-9-11-10,8,534,0
2025/02/28,浦和,11,初花月特別Ｂ２二,1500,ダ,左,良,晴,11,8,11,タマモイットウセイ,牡,7,56.0,510,11,吉原寛,小久智,,11,1:39.5,42.3,1-1-3-9,4,510,11
2025/02/28,浦和,12,浦和ジョッキーズラウンド　第５戦Ｃ２選抜,1400,ダ,左,良,晴,12,6,8,ユウユウプルニーマ,牝,4,55.0,448,-1,赤津和,横山保,,1,1:31.5,39.7,6-5-4-3,12,448,-1
2025/02/28,浦和,12,浦和ジョッキーズラウンド　第５戦Ｃ２選抜,1400,ダ,左,良,晴,12,8,12,ケイアイマゴラ,セ,0,57.0,461,2,見越彬,内野健,,2,1:31.6,40.2,1-1-1-1,2,461,2
2025/02/28,浦和,12,浦和ジョッキーズラウンド　第５戦Ｃ２選抜,1400,ダ,左,良,晴,12,7,9,ニューレトロ,牡,6,56.5,465,-5,福原杏,内野健,,3,1:31.8,40.2,3-3-2-2,8,465,-5
2025/02/28,浦和,12,浦和ジョッキーズラウンド　第５戦Ｃ２選抜,1400,ダ,左,良,晴,12,5,6,トーセンジニアール,牡,5,56.5,467,4,七夕裕,小久智,,4,1:32.2,39.9,11-10-6-6,1,467,4
2025/02/28,浦和,12,浦和ジョッキーズラウンド　第５戦Ｃ２選抜,1400,ダ,左,良,晴,12,6,7,ラージフィールド,セ,0,56.0,491,-4,岡田大,酒井一,,5,1:32.2,39.7,10-9-8-8,11,491,-4
2025/02/28,浦和,12,浦和ジョッキーズラウンド　第５戦Ｃ２選抜,1400,ダ,左,良,晴,12,5,5,チェスナットドレス,牝,8,54.5,472,5,秋元耕,冨田敏,,6,1:32.3,39.6,9-11-10-10,6,472,5
2025/02/28,浦和,12,浦和ジョッキーズラウンド　第５戦Ｃ２選抜,1400,ダ,左,良,晴,12,4,4,フェアメーゲン,牝,7,54.0,446,8,國分祐,工藤伸,,7,1:32.4,40.6,4-4-5-5,4,446,8
2025/02/28,浦和,12,浦和ジョッキーズラウンド　第５戦Ｃ２選抜,1400,ダ,左,良,晴,12,3,3,ジオパークピリカ,牝,4,54.0,425,10,高橋哲,川島豊,,8,1:32.5,40.4,5-6-7-7,9,425,10
2025/02/28,浦和,12,浦和ジョッキーズラウンド　第５戦Ｃ２選抜,1400,ダ,左,良,晴,12,2,2,ユイノパチョレック,牡,4,56.0,494,10,内田利,工藤伸,,9,1:32.7,40.0,12-12-9-9,10,494,10
2025/02/28,浦和,12,浦和ジョッキーズラウンド　第５戦Ｃ２選抜,1400,ダ,左,良,晴,12,7,10,ドローアプローズ,セ,0,54.0,498,2,中島良,横山保,,10,1:32.7,41.2,2-2-3-4,3,498,2
2025/02/28,浦和,12,浦和ジョッキーズラウンド　第５戦Ｃ２選抜,1400,ダ,左,良,晴,12,1,1,プラウサス,牡,6,56.5,504,-3,保園翔,酒井一,,11,1:33.5,40.8,8-8-11-11,7,504,-3
2025/02/28,浦和,12,浦和ジョッキーズラウンド　第５戦Ｃ２選抜,1400,ダ,左,良,晴,12,8,11,ピノヌイ,牡,4,56.0,513,6,加藤和,野口孝,,12,1:34.2,41.5,7-7-12-12,5,513,6
2025/03/17,浦和,1,Ｃ３七 八,1300,ダ,左,不良,晴,11,7,9,ビーナスオーキッド,牝,7,54.0,501,-5,藤江渉,平田正,,1,1:24.5,40.5,1-1-1-1,4,501,-5
2025/03/17,浦和,1,Ｃ３七 八,1300,ダ,左,不良,晴,11,6,7,シンキングロマンス,牝,6,54.0,465,24,岡田大,川村守,,2,1:24.9,40.6,2-4-2-2,5,465,24
2025/03/17,浦和,1,Ｃ３七 八,1300,ダ,左,不良,晴,11,4,4,デイドリーミン,牝,7,51.0,481,3,神尾香,新井健,,3,1:24.9,40.0,5-5-4-4,6,481,3
2025/03/17,浦和,1,Ｃ３七 八,1300,ダ,左,不良,晴,11,7,8,スモモモモモモモモ,牝,7,54.0,421,-4,内田利,小林真,,4,1:25.1,40.9,3-2-2-3,1,421,-4
2025/03/17,浦和,1,Ｃ３七 八,1300,ダ,左,不良,晴,11,1,1,トーセンイヴ,牝,7,54.0,435,-6,和田譲,酒井一,,5,1:25.5,40.4,8-8-7-5,2,435,-6
2025/03/17,浦和,1,Ｃ３七 八,1300,ダ,左,不良,晴,11,8,10,アミン,牝,8,52.0,470,3,中島良,冨田敏,,6,1:25.6,40.7,7-6-4-6,9,470,3
2025/03/17,浦和,1,Ｃ３七 八,1300,ダ,左,不良,晴,11,3,3,ビュヴォン,牡,7,56.0,513,-1,秋元耕,長谷忍,,7,1:26.5,40.5,9-10-9-8,7,513,-1
2025/03/17,浦和,1,Ｃ３七 八,1300,ダ,左,不良,晴,11,5,5,ジニアズウィッシュ,牝,9,54.0,482,2,赤津和,小林真,,8,1:26.7,40.2,10-11-11-11,11,482,2
2025/03/17,浦和,1,Ｃ３七 八,1300,ダ,左,不良,晴,11,6,6,キミノナハ,牝,7,54.0,452,-3,加藤和,長谷忍,,9,1:26.9,41.5,6-7-8-7,10,452,-3
2025/03/17,浦和,1,Ｃ３七 八,1300,ダ,左,不良,晴,11,2,2,ツウツウ,セ,0,56.0,478,-1,西啓太,林隆之,,10,1:26.9,40.9,11-9-10-10,8,478,-1
2025/03/17,浦和,1,Ｃ３七 八,1300,ダ,左,不良,晴,11,8,11,セキノアトラス,牡,7,56.0,456,-4,七夕裕,川村守,,11,1:28.1,43.6,4-3-4-9,3,456,-4
2025/03/17,浦和,2,ランチタイムチャレンジＣ３七 八,1400,ダ,左,不良,晴,12,5,6,クロシェノワール,牝,6,54.0,503,2,秋元耕,酒井一,,1,1:32.1,40.0,1-1-1-1,1,503,2
2025/03/17,浦和,2,ランチタイムチャレンジＣ３七 八,1400,ダ,左,不良,晴,12,1,1,メガミリオン,牡,7,56.0,466,-3,池谷匠,田島寿,,2,1:33.3,40.6,2-3-4-3,8,466,-3
2025/03/17,浦和,2,ランチタイムチャレンジＣ３七 八,1400,ダ,左,不良,晴,12,8,11,トリニタリアニズム,牡,7,56.0,506,2,野畑凌,野口孝,,3,1:33.5,41.0,4-4-3-4,2,506,2
2025/03/17,浦和,2,ランチタイムチャレンジＣ３七 八,1400,ダ,左,不良,晴,12,7,10,ラムダ,牡,7,56.0,490,10,藤江渉,平田正,,4,1:34.0,41.7,3-2-2-2,7,490,10
2025/03/17,浦和,2,ランチタイムチャレンジＣ３七 八,1400,ダ,左,不良,晴,12,7,9,セキレイオペラ,牡,6,56.0,486,3,七夕裕,川村守,,5,1:34.1,41.1,7-5-5-5,4,486,3
2025/03/17,浦和,2,ランチタイムチャレンジＣ３七 八,1400,ダ,左,不良,晴,12,4,4,マッシュブライト,牝,7,54.0,484,4,岡田大,酒井一,,6,1:34.1,40.6,11-10-6-6,9,484,4
2025/03/17,浦和,2,ランチタイムチャレンジＣ３七 八,1400,ダ,左,不良,晴,12,3,3,ジャポニズム,牡,7,56.0,474,-3,吉原寛,薮口一,,7,1:34.3,40.2,12-12-10-7,3,474,-3
2025/03/17,浦和,2,ランチタイムチャレンジＣ３七 八,1400,ダ,左,不良,晴,12,6,8,シエスタキー,牡,8,56.0,488,-2,加藤和,薮口一,,8,1:35.3,41.5,10-9-8-8,5,488,-2
2025/03/17,浦和,2,ランチタイムチャレンジＣ３七 八,1400,ダ,左,不良,晴,12,5,5,プレミアムプリモ,牝,8,52.0,499,2,中島良,平山真,,9,1:35.4,41.0,9-11-12-11,11,499,2
2025/03/17,浦和,2,ランチタイムチャレンジＣ３七 八,1400,ダ,左,不良,晴,12,8,12,イナリンクローバー,牝,8,54.0,463,-2,菅原涼,藤原智,,10,1:35.6,41.7,8-8-11-12,10,463,-2
2025/03/17,浦和,2,ランチタイムチャレンジＣ３七 八,1400,ダ,左,不良,晴,12,6,7,アルムダウン,牝,5,54.0,367,-4,高橋哲,小林真,,11,1:36.7,43.2,5-6-7-9,12,367,-4
2025/03/17,浦和,2,ランチタイムチャレンジＣ３七 八,1400,ダ,左,不良,晴,12,2,2,マルノコウキ,牡,6,56.0,520,5,室陽一,川村守,,12,1:37.8,44.2,6-7-9-10,6,520,5
2025/03/17,浦和,3,３歳三,1400,ダ,左,不良,晴,12,2,2,イチカノユメ,牝,3,54.0,469,-1,和田譲,水野貴,,1,1:29.5,40.1,1-2-2-1,3,469,-1
2025/03/17,浦和,3,３歳三,1400,ダ,左,不良,晴,12,5,5,クロイゼルング,牡,3,56.0,483,-1,野畑凌,佐藤博,,2,1:29.6,40.0,4-4-4-3,2,483,-1
2025/03/17,浦和,3,３歳三,1400,ダ,左,不良,晴,12,1,1,スコメッサ,牡,3,56.0,470,0,西啓太,山崎裕,,3,1:30.1,40.0,8-7-7-6,8,470,0
2025/03/17,浦和,3,３歳三,1400,ダ,左,不良,晴,12,4,4,クロスダイヤ,牡,3,56.0,465,-4,増田充,岩本洋,,4,1:30.1,40.2,6-6-6-4,11,465,-4
2025/03/17,浦和,3,３歳三,1400,ダ,左,不良,晴,12,3,3,イロドリノカオリ,牡,3,56.0,483,-2,山中悠,宇野博,,5,1:30.4,40.8,2-3-3-5,4,483,-2
2025/03/17,浦和,3,３歳三,1400,ダ,左,不良,晴,12,7,9,ダイバヤタガラス,セ,0,56.0,458,-1,藤江渉,箕輪武,,6,1:30.4,41.0,3-1-1-2,5,458,-1
2025/03/17,浦和,3,３歳三,1400,ダ,左,不良,晴,12,8,11,パウダースノウ,牝,3,54.0,495,0,吉原寛,平山真,,7,1:30.7,40.8,5-5-5-7,1,495,0
2025/03/17,浦和,3,３歳三,1400,ダ,左,不良,晴,12,7,10,ユウユウキーン,牝,3,54.0,432,-1,室陽一,入口由,,8,1:30.8,39.7,10-9-9-8,10,432,-1
2025/03/17,浦和,3,３歳三,1400,ダ,左,不良,晴,12,5,6,コンポスト,牝,3,51.0,447,-6,神尾香,河津裕,,9,1:31.1,41.0,7-8-7-9,6,447,-6
2025/03/17,浦和,3,３歳三,1400,ダ,左,不良,晴,12,6,7,フィデルトロッテ,牝,3,54.0,463,0,加藤和,薮口一,,10,1:31.9,39.8,11-10-10-10,7,463,0
2025/03/17,浦和,3,３歳三,1400,ダ,左,不良,晴,12,6,8,マッドルビー,牝,3,52.0,392,-6,中島良,山田質,,11,1:32.1,39.9,9-11-11-11,9,392,-6
2025/03/17,浦和,3,３歳三,1400,ダ,左,不良,晴,12,8,12,ハヤクコイコイ,牝,3,51.0,412,-4,加藤雄,田島寿,,12,1:32.2,39.4,12-12-12-12,12,412,-4
2025/03/17,浦和,4,特選Ｃ３ ４歳ア,1500,ダ,左,不良,晴,12,5,5,ウインブリエ,牝,4,54.0,507,-5,西啓太,平山真,,1,1:36.4,38.8,4-4-4-2,2,507,-5
2025/03/17,浦和,4,特選Ｃ３ ４歳ア,1500,ダ,左,不良,晴,12,1,1,キタノアマポーラ,牝,4,54.0,437,-3,和田譲,工藤伸,,2,1:36.4,39.4,1-1-1-1,1,437,-3
2025/03/17,浦和,4,特選Ｃ３ ４歳ア,1500,ダ,左,不良,晴,12,3,3,ブリージョドラード,牡,4,56.0,464,1,篠谷葵,海馬司,,3,1:36.5,38.6,8-8-6-5,6,464,1
2025/03/17,浦和,4,特選Ｃ３ ４歳ア,1500,ダ,左,不良,晴,12,4,4,キタノジョンヌ,牝,4,54.0,479,-5,矢野貴,入口由,,4,1:36.7,39.0,6-5-5-4,3,479,-5
2025/03/17,浦和,4,特選Ｃ３ ４歳ア,1500,ダ,左,不良,晴,12,5,6,ティーズウィッシュ,牡,4,56.0,533,0,笠野雄,海馬司,,5,1:37.4,40.4,2-2-2-3,7,533,0
2025/03/17,浦和,4,特選Ｃ３ ４歳ア,1500,ダ,左,不良,晴,12,8,12,クロゴウ,牝,4,54.0,447,-3,秋元耕,吉田正,,6,1:38.7,39.9,10-10-10-7,10,447,-3
2025/03/17,浦和,4,特選Ｃ３ ４歳ア,1500,ダ,左,不良,晴,12,7,9,エーアイキリシマ,牡,4,56.0,450,3,保園翔,川村守,,7,1:38.9,41.0,7-7-7-8,5,450,3
2025/03/17,浦和,4,特選Ｃ３ ４歳ア,1500,ダ,左,不良,晴,12,8,11,プリンセスパリー,牝,4,54.0,435,2,岡田大,内野健,,8,1:39.2,42.2,3-3-3-6,8,435,2
2025/03/17,浦和,4,特選Ｃ３ ４歳ア,1500,ダ,左,不良,晴,12,7,10,ロゴサウンド,牡,4,56.0,505,2,野畑凌,海馬司,,9,1:40.0,41.6,9-9-8-9,9,505,2
2025/03/17,浦和,4,特選Ｃ３ ４歳ア,1500,ダ,左,不良,晴,12,2,2,マーチオブタイム,牡,4,56.0,495,-9,藤江渉,酒井一,,10,1:40.3,40.3,11-11-11-11,11,495,-9
2025/03/17,浦和,4,特選Ｃ３ ４歳ア,1500,ダ,左,不良,晴,12,6,8,シャイニングアース,牡,4,56.0,475,-1,加藤和,薮口一,,11,1:40.7,42.6,5-6-9-10,4,475,-1
2025/03/17,浦和,4,特選Ｃ３ ４歳ア,1500,ダ,左,不良,晴,12,6,7,クロイバラ,牝,4,54.0,0,0,半澤慶,入口由,,,,,,,0,0
2025/03/17,浦和,5,３歳二,1400,ダ,左,不良,晴,12,6,7,モーニングタンポポ,牝,3,54.0,416,-1,内田利,箕輪武,,1,1:27.9,37.9,9-7-7-3,5,416,-1
2025/03/17,浦和,5,３歳二,1400,ダ,左,不良,晴,12,2,2,エステティーカ,牡,3,56.0,483,-1,保園翔,野口寛,,2,1:28.3,39.3,1-1-1-1,1,483,-1
2025/03/17,浦和,5,３歳二,1400,ダ,左,不良,晴,12,5,6,カミノワ,牡,3,56.0,489,-9,臼井健,佐々功,,3,1:28.4,38.7,7-6-4-2,4,489,-9
2025/03/17,浦和,5,３歳二,1400,ダ,左,不良,晴,12,8,11,ノッテストラータ,牝,3,54.0,451,1,中越琉,久保勇,,4,1:29.1,39.4,5-5-6-4,6,451,1
2025/03/17,浦和,5,３歳二,1400,ダ,左,不良,晴,12,1,1,ワンダーリーグ,牡,3,56.0,490,1,赤津和,鈴木勝,,5,1:29.8,39.6,10-8-8-5,9,490,1
2025/03/17,浦和,5,３歳二,1400,ダ,左,不良,晴,12,5,5,シェナアップル,牡,3,56.0,510,-3,國分祐,冨田敏,,6,1:29.9,39.2,6-9-10-8,7,510,-3
2025/03/17,浦和,5,３歳二,1400,ダ,左,不良,晴,12,6,8,ヴァッツマン,牡,3,56.0,488,-2,町田直,山崎尋,,7,1:30.0,39.1,11-11-9-9,3,488,-2
2025/03/17,浦和,5,３歳二,1400,ダ,左,不良,晴,12,8,12,シナノショウグン,牡,3,56.0,453,-6,見越彬,鹿沼和,,8,1:30.5,41.3,4-4-3-6,10,453,-6
2025/03/17,浦和,5,３歳二,1400,ダ,左,不良,晴,12,4,4,ミヅルーラー,牝,3,54.0,478,-9,和田譲,酒井一,,9,1:31.1,42.1,2-2-2-7,8,478,-9
2025/03/17,浦和,5,３歳二,1400,ダ,左,不良,晴,12,7,10,レッドディア,牝,3,54.0,412,-9,室陽一,小久智,,10,1:31.1,40.2,8-10-11-11,11,412,-9
2025/03/17,浦和,5,３歳二,1400,ダ,左,不良,晴,12,7,9,コスモカピタン,牡,3,56.0,460,7,野畑凌,水野貴,,11,1:31.4,42.2,3-3-5-10,2,460,7
2025/03/17,浦和,5,３歳二,1400,ダ,左,不良,晴,12,3,3,ツガノムサシ,牡,3,56.0,447,-3,加藤和,長谷忍,,,,,,,447,-3
2025/03/17,浦和,6,Ｃ２三 四,1400,ダ,左,不良,晴,11,8,10,ベストリターナー,セ,0,56.0,535,-2,笹川翼,宇野博,,1,1:29.0,39.7,3-3-1-1,1,535,-2
2025/03/17,浦和,6,Ｃ２三 四,1400,ダ,左,不良,晴,11,6,7,キャルドーン,牡,5,56.0,511,-8,西啓太,繁田健,,2,1:29.1,39.0,6-5-5-5,3,511,-8
2025/03/17,浦和,6,Ｃ２三 四,1400,ダ,左,不良,晴,11,8,11,プラウサス,牡,6,56.0,499,-5,室陽一,酒井一,,3,1:29.1,39.6,4-4-3-3,9,499,-5
2025/03/17,浦和,6,Ｃ２三 四,1400,ダ,左,不良,晴,11,7,9,アンジェマリーナ,牝,4,54.0,425,-5,保園翔,川島豊,,4,1:29.3,39.2,7-7-4-4,5,425,-5
2025/03/17,浦和,6,Ｃ２三 四,1400,ダ,左,不良,晴,11,1,1,シャイニーアイドル,牝,4,54.0,483,4,内田利,藤原智,,5,1:29.6,40.4,2-1-2-2,6,483,4
2025/03/17,浦和,6,Ｃ２三 四,1400,ダ,左,不良,晴,11,3,3,アサンテギア,牝,7,52.0,414,-1,谷内貫,工藤伸,,6,1:29.8,39.1,9-9-8-6,8,414,-1
2025/03/17,浦和,6,Ｃ２三 四,1400,ダ,左,不良,晴,11,6,6,オーロファースト,牝,7,54.0,461,-3,藤江渉,山田質,,7,1:30.1,39.8,8-8-7-7,4,461,-3
2025/03/17,浦和,6,Ｃ２三 四,1400,ダ,左,不良,晴,11,2,2,ロジマスタング,牝,6,54.0,472,2,七夕裕,平山真,,8,1:30.9,40.2,5-6-9-8,7,472,2
2025/03/17,浦和,6,Ｃ２三 四,1400,ダ,左,不良,晴,11,5,5,ユウユウアイリス,牝,4,54.0,443,-12,高橋哲,横山保,,9,1:32.5,40.2,10-10-10-10,11,443,-12
2025/03/17,浦和,6,Ｃ２三 四,1400,ダ,左,不良,晴,11,7,8,エーテルノカゼ,牝,5,51.0,416,-2,神尾香,岩本洋,,10,1:32.6,39.3,11-11-11-11,10,416,-2
2025/03/17,浦和,6,Ｃ２三 四,1400,ダ,左,不良,晴,11,4,4,ダノンレーニア,牝,4,54.0,423,-11,本橋孝,小久智,,11,1:33.7,44.0,1-2-6-9,2,423,-11
2025/03/17,浦和,7,Ｃ２三 四,1500,ダ,左,不良,晴,12,5,5,トーセンジニアール,牡,5,56.0,460,8,西啓太,小久智,,1,1:35.2,38.6,4-4-3-1,1,460,8
2025/03/17,浦和,7,Ｃ２三 四,1500,ダ,左,不良,晴,12,4,4,カガヤキファイター,牡,6,56.0,523,-1,山林信,久保秀,,2,1:35.5,39.4,2-2-2-2,2,523,-1
2025/03/17,浦和,7,Ｃ２三 四,1500,ダ,左,不良,晴,12,6,8,レコパンマミー,牝,5,54.0,495,-6,内田利,箕輪武,,3,1:35.6,38.2,8-7-8-7,3,495,-6
2025/03/17,浦和,7,Ｃ２三 四,1500,ダ,左,不良,晴,12,2,2,ピースウォリアー,牡,4,55.0,489,-4,佐野遥,箕輪武,,4,1:35.9,39.8,1-1-1-3,6,489,-4
2025/03/17,浦和,7,Ｃ２三 四,1500,ダ,左,不良,晴,12,7,10,ビコーズウイキャン,牡,4,56.0,450,-5,加藤和,長谷忍,,5,1:36.1,39.0,5-5-5-5,10,450,-5
2025/03/17,浦和,7,Ｃ２三 四,1500,ダ,左,不良,晴,12,8,12,シェナクラウン,牡,5,56.0,507,-4,國分祐,冨田敏,,6,1:36.4,39.2,6-6-7-6,8,507,-4
2025/03/17,浦和,7,Ｃ２三 四,1500,ダ,左,不良,晴,12,1,1,セイウンヒュージ,牡,8,56.0,491,-3,岡村裕,山田正,,7,1:36.4,39.8,3-3-4-4,7,491,-3
2025/03/17,浦和,7,Ｃ２三 四,1500,ダ,左,不良,晴,12,7,9,ビップライアン,牡,4,56.0,512,-1,秋元耕,薮口一,,8,1:36.8,39.2,7-9-9-9,5,512,-1
2025/03/17,浦和,7,Ｃ２三 四,1500,ダ,左,不良,晴,12,8,11,ルージュメイベル,牝,5,54.0,441,-10,池谷匠,甲田悟,,9,1:37.0,39.7,9-8-6-8,9,441,-10
2025/03/17,浦和,7,Ｃ２三 四,1500,ダ,左,不良,晴,12,5,6,ヒーリングピピ,牝,4,54.0,413,-20,赤津和,小林真,,10,1:37.4,39.4,11-10-10-10,11,413,-20
2025/03/17,浦和,7,Ｃ２三 四,1500,ダ,左,不良,晴,12,3,3,ニシノアクシス,牡,8,56.0,499,-7,岡田大,冨田敏,,11,1:37.7,39.3,12-12-12-12,12,499,-7
2025/03/17,浦和,7,Ｃ２三 四,1500,ダ,左,不良,晴,12,6,7,サダージ,牝,4,54.0,460,24,吉原寛,小澤宏,,12,1:37.8,39.6,10-11-11-11,4,460,24
2025/03/17,浦和,8,幸手権現堂桜堤賞Ｃ１三,1400,ダ,左,不良,晴,12,6,7,ティーズフリーク,牡,4,56.0,496,33,高橋哲,水野貴,,1,1:27.1,37.5,1-1-1-1,6,496,33
2025/03/17,浦和,8,幸手権現堂桜堤賞Ｃ１三,1400,ダ,左,不良,晴,12,7,9,マイアミ,牡,7,56.0,475,-3,矢野貴,高月賢,,2,1:27.8,38.1,2-2-2-2,2,475,-3
2025/03/17,浦和,8,幸手権現堂桜堤賞Ｃ１三,1400,ダ,左,不良,晴,12,3,3,クレテイユ,牡,5,56.0,479,0,今野忠,佐藤博,,3,1:28.1,37.0,8-8-8-5,5,479,0
2025/03/17,浦和,8,幸手権現堂桜堤賞Ｃ１三,1400,ダ,左,不良,晴,12,2,2,フィラメント,牡,5,56.0,456,1,野畑凌,平田正,,4,1:28.1,37.3,5-5-5-4,3,456,1
2025/03/17,浦和,8,幸手権現堂桜堤賞Ｃ１三,1400,ダ,左,不良,晴,12,8,12,リオンラファール,セ,0,56.0,534,-9,吉原寛,宇野博,,5,1:28.4,38.4,4-4-3-3,1,534,-9
2025/03/17,浦和,8,幸手権現堂桜堤賞Ｃ１三,1400,ダ,左,不良,晴,12,1,1,スナオナキモチ,牝,5,51.0,423,-1,神尾香,山田質,,6,1:28.9,37.8,12-12-7-7,8,423,-1
2025/03/17,浦和,8,幸手権現堂桜堤賞Ｃ１三,1400,ダ,左,不良,晴,12,5,6,トラストガーベラ,牝,4,53.0,437,-1,佐野遥,吉橋淳,,7,1:29.0,38.2,6-6-6-6,11,437,-1
2025/03/17,浦和,8,幸手権現堂桜堤賞Ｃ１三,1400,ダ,左,不良,晴,12,4,4,オランジー,牝,5,54.0,457,-6,加藤和,薮口一,,8,1:29.4,37.9,11-11-10-8,7,457,-6
2025/03/17,浦和,8,幸手権現堂桜堤賞Ｃ１三,1400,ダ,左,不良,晴,12,6,8,ラブアンドハピネス,牝,4,54.0,423,-9,半澤慶,平山真,,9,1:29.8,38.6,9-9-9-9,4,423,-9
2025/03/17,浦和,8,幸手権現堂桜堤賞Ｃ１三,1400,ダ,左,不良,晴,12,7,10,フェデラルスタイル,牝,4,54.0,393,-1,藤江渉,八木喜,,10,1:31.1,40.0,7-7-11-11,12,393,-1
2025/03/17,浦和,8,幸手権現堂桜堤賞Ｃ１三,1400,ダ,左,不良,晴,12,8,11,シゲルアレグリア,牝,5,54.0,440,-1,和田譲,田島寿,,11,1:32.3,42.1,3-3-4-10,9,440,-1
2025/03/17,浦和,8,幸手権現堂桜堤賞Ｃ１三,1400,ダ,左,不良,晴,12,5,5,ティーケーメイト,牝,7,52.0,448,-4,中島良,八木仁,,12,1:32.3,40.9,10-10-12-12,10,448,-4
2025/03/17,浦和,9,木蓮特別Ｃ２二,1400,ダ,左,重,晴,12,7,9,デルマプルシャ,セ,0,56.0,476,1,野畑凌,箕輪武,,1,1:27.7,38.5,1-1-1-1,1,476,1
2025/03/17,浦和,9,木蓮特別Ｃ２二,1400,ダ,左,重,晴,12,6,8,キープライジング,牝,4,54.0,488,4,吉原寛,小澤宏,,2,1:27.9,38.3,6-6-3-2,2,488,4
2025/03/17,浦和,9,木蓮特別Ｃ２二,1400,ダ,左,重,晴,12,3,3,ジョーサルーテ,牝,4,54.0,463,-5,見越彬,小久智,,3,1:28.8,39.4,2-2-2-3,3,463,-5
2025/03/17,浦和,9,木蓮特別Ｃ２二,1400,ダ,左,重,晴,12,8,11,エースクイーン,牝,5,54.0,426,-1,室陽一,宇野博,,4,1:29.0,38.1,10-9-9-6,7,426,-1
2025/03/17,浦和,9,木蓮特別Ｃ２二,1400,ダ,左,重,晴,12,5,5,ヴィキャンデル,牝,5,51.0,382,2,加藤雄,山崎尋,,5,1:29.1,39.3,5-5-4-4,5,382,2
2025/03/17,浦和,9,木蓮特別Ｃ２二,1400,ダ,左,重,晴,12,6,7,テマリ,牝,5,54.0,431,2,保園翔,武井和,,6,1:29.8,37.8,12-12-11-10,6,431,2
2025/03/17,浦和,9,木蓮特別Ｃ２二,1400,ダ,左,重,晴,12,2,2,ファセリア,牡,4,56.0,474,4,七夕裕,横山保,,7,1:29.9,39.8,7-7-7-5,4,474,4
2025/03/17,浦和,9,木蓮特別Ｃ２二,1400,ダ,左,重,晴,12,1,1,バードハズフロウン,牝,7,54.0,419,-1,増田充,今井輝,,8,1:30.1,40.3,4-3-6-7,10,419,-1
2025/03/17,浦和,9,木蓮特別Ｃ２二,1400,ダ,左,重,晴,12,7,10,パーパスポイント,セ,0,56.0,475,-5,秋元耕,入口由,,9,1:30.1,39.5,8-8-8-9,12,475,-5
2025/03/17,浦和,9,木蓮特別Ｃ２二,1400,ダ,左,重,晴,12,4,4,ジャストチャックル,牝,4,52.0,457,-15,中島良,小澤宏,,10,1:30.2,38.7,11-10-10-11,9,457,-15
2025/03/17,浦和,9,木蓮特別Ｃ２二,1400,ダ,左,重,晴,12,8,12,ミヤジミニー,牝,5,53.0,429,-1,佐野遥,田邊陽,,11,1:30.3,40.5,3-4-5-8,8,429,-1
2025/03/17,浦和,9,木蓮特別Ｃ２二,1400,ダ,左,重,晴,12,5,6,クーネルアソブ,牡,4,56.0,490,-2,赤津和,薮口一,,12,1:32.5,40.5,9-11-12-12,11,490,-2
2025/03/17,浦和,10,アクアマリン特別Ｃ１二,1500,ダ,左,重,晴,10,6,6,アパショナード,牡,6,56.0,432,-1,秋元耕,薮口一,,1,1:34.7,37.5,8-8-7-3,8,432,-1
2025/03/17,浦和,10,アクアマリン特別Ｃ１二,1500,ダ,左,重,晴,10,3,3,タイセイアーメット,牡,7,56.0,480,-3,矢野貴,内田勝,,2,1:34.9,38.0,7-6-6-5,5,480,-3
2025/03/17,浦和,10,アクアマリン特別Ｃ１二,1500,ダ,左,重,晴,10,8,10,キャップ,セ,0,56.0,475,1,吉原寛,林隆之,,3,1:34.9,38.1,5-5-5-6,4,475,1
2025/03/17,浦和,10,アクアマリン特別Ｃ１二,1500,ダ,左,重,晴,10,5,5,ポテンザ,牡,5,56.0,502,-2,野畑凌,佐藤博,,4,1:34.9,38.3,3-4-3-1,3,502,-2
2025/03/17,浦和,10,アクアマリン特別Ｃ１二,1500,ダ,左,重,晴,10,4,4,アズベリー,牝,4,54.0,470,-1,澤田龍,山下之,,5,1:35.2,39.9,2-1-1-2,1,470,-1
2025/03/17,浦和,10,アクアマリン特別Ｃ１二,1500,ダ,左,重,晴,10,2,2,カレンアップラウゾ,牡,6,56.0,510,-2,町田直,村田順,,6,1:35.3,37.8,10-10-10-8,6,510,-2
2025/03/17,浦和,10,アクアマリン特別Ｃ１二,1500,ダ,左,重,晴,10,7,7,メイショウコジロウ,セ,0,56.0,500,-2,藤江渉,古澤悟,,7,1:35.4,38.2,9-9-9-10,7,500,-2
2025/03/17,浦和,10,アクアマリン特別Ｃ１二,1500,ダ,左,重,晴,10,1,1,カマクラバクフ,牡,4,56.0,509,2,笹川翼,小久智,,8,1:35.4,39.0,4-3-3-4,2,509,2
2025/03/17,浦和,10,アクアマリン特別Ｃ１二,1500,ダ,左,重,晴,10,7,8,トレイトセオリー,牝,7,53.0,450,-6,佐野遥,久保秀,,9,1:35.4,38.3,6-7-8-7,9,450,-6
2025/03/17,浦和,10,アクアマリン特別Ｃ１二,1500,ダ,左,重,晴,10,8,9,グレートノイズ,牡,4,53.0,493,-3,加藤雄,山崎尋,,10,1:36.7,41.3,1-2-2-9,10,493,-3
2025/03/17,浦和,11,桜月特別Ｂ３二,1400,ダ,左,重,晴,12,7,10,ミラクルランバック,牡,6,56.0,532,-2,内田利,藤原智,,1,1:26.7,37.3,8-4-2-1,6,532,-2
2025/03/17,浦和,11,桜月特別Ｂ３二,1400,ダ,左,重,晴,12,6,7,タロサンダー,牡,4,56.0,493,0,吉原寛,小久智,,2,1:27.1,37.4,4-5-6-4,1,493,0
2025/03/17,浦和,11,桜月特別Ｂ３二,1400,ダ,左,重,晴,12,8,11,カルテメトレス,牝,4,54.0,447,2,笹川翼,小久智,,3,1:27.1,37.4,5-6-5-3,2,447,2
2025/03/17,浦和,11,桜月特別Ｂ３二,1400,ダ,左,重,晴,12,1,1,アルフィーノ,牝,6,51.0,466,-1,山本大,川島一,,4,1:27.4,37.3,9-9-9-6,10,466,-1
2025/03/17,浦和,11,桜月特別Ｂ３二,1400,ダ,左,重,晴,12,6,8,モンバイト,牡,6,56.0,496,1,和田譲,薮口一,,5,1:27.4,37.5,7-8-7-9,5,496,1
2025/03/17,浦和,11,桜月特別Ｂ３二,1400,ダ,左,重,晴,12,4,4,チューウィー,牝,6,53.0,463,2,佐野遥,河津裕,,6,1:27.4,37.5,6-7-8-8,4,463,2
2025/03/17,浦和,11,桜月特別Ｂ３二,1400,ダ,左,重,晴,12,5,6,ヘルシェイク,牡,5,56.0,512,1,矢野貴,高月賢,,7,1:27.8,38.4,2-2-1-2,7,512,1
2025/03/17,浦和,11,桜月特別Ｂ３二,1400,ダ,左,重,晴,12,3,3,エイシンシュトルム,牡,6,56.0,487,-5,山本聡,藤原智,,8,1:27.9,37.4,12-12-11-11,3,487,-5
2025/03/17,浦和,11,桜月特別Ｂ３二,1400,ダ,左,重,晴,12,8,12,ミスティライラック,牡,4,56.0,500,-4,町田直,平田正,,9,1:27.9,38.5,3-3-2-7,9,500,-4
2025/03/17,浦和,11,桜月特別Ｂ３二,1400,ダ,左,重,晴,12,2,2,ヘクトプリンセス,牝,4,54.0,417,3,今野忠,山崎尋,,10,1:28.0,37.5,11-11-12-10,11,417,3
2025/03/17,浦和,11,桜月特別Ｂ３二,1400,ダ,左,重,晴,12,5,5,スノーフェス,牝,5,52.0,428,-4,中島良,高橋宏,,11,1:28.4,39.0,1-1-2-5,8,428,-4
2025/03/17,浦和,11,桜月特別Ｂ３二,1400,ダ,左,重,晴,12,7,9,バンドールロゼ,牡,6,56.0,483,9,野畑凌,小澤宏,,12,1:28.6,38.5,10-10-10-12,12,483,9
2025/03/17,浦和,12,季春特別Ｃ３選抜馬イ,2000,ダ,左,重,晴,12,3,3,ハタノラトゥール,牡,6,56.0,509,-1,笠野雄,山中尊,,1,2:13.1,39.8,1-1-1-1,1,509,-1
2025/03/17,浦和,12,季春特別Ｃ３選抜馬イ,2000,ダ,左,重,晴,12,5,5,ユウユウプレゼンス,牝,5,54.0,422,-5,七夕裕,川村守,,2,2:15.0,40.6,7-8-11-9,4,422,-5
2025/03/17,浦和,12,季春特別Ｃ３選抜馬イ,2000,ダ,左,重,晴,12,4,4,ヤマブキ,牡,5,56.0,497,0,高橋哲,鹿沼和,,3,2:15.1,40.8,10-6-8-6,2,497,0
2025/03/17,浦和,12,季春特別Ｃ３選抜馬イ,2000,ダ,左,重,晴,12,6,7,ロデオクイーン,牝,4,54.0,399,12,内田利,内野健,,4,2:15.2,40.9,11-10-4-3,5,399,12
2025/03/17,浦和,12,季春特別Ｃ３選抜馬イ,2000,ダ,左,重,晴,12,5,6,フェルカド,セ,0,56.0,471,-2,和田譲,野口孝,,5,2:15.3,41.5,4-3-2-2,3,471,-2
2025/03/17,浦和,12,季春特別Ｃ３選抜馬イ,2000,ダ,左,重,晴,12,2,2,ラウズアップ,牡,9,56.0,435,0,室陽一,吉田正,,6,2:15.4,41.1,6-7-5-5,6,435,0
2025/03/17,浦和,12,季春特別Ｃ３選抜馬イ,2000,ダ,左,重,晴,12,8,11,ディープトラスト,牝,5,54.0,447,3,見越彬,川島豊,,7,2:15.4,41.4,5-5-3-4,7,447,3
2025/03/17,浦和,12,季春特別Ｃ３選抜馬イ,2000,ダ,左,重,晴,12,6,8,シェナハート,牝,6,54.0,435,0,國分祐,冨田敏,,8,2:15.7,41.1,9-11-9-8,11,435,0
2025/03/17,浦和,12,季春特別Ｃ３選抜馬イ,2000,ダ,左,重,晴,12,8,12,パルメニデス,牡,6,56.0,429,2,秋元耕,長谷忍,,9,2:15.9,41.1,8-9-12-10,9,429,2
2025/03/17,浦和,12,季春特別Ｃ３選抜馬イ,2000,ダ,左,重,晴,12,1,1,シェナダイオー,牡,6,56.0,551,-1,岡田大,冨田敏,,10,2:16.1,41.1,12-12-10-7,12,551,-1
2025/03/17,浦和,12,季春特別Ｃ３選抜馬イ,2000,ダ,左,重,晴,12,7,9,ワイキキビーチ,牡,5,56.0,458,5,篠谷葵,海馬司,,11,2:17.2,43.4,2-2-6-11,8,458,5
2025/03/17,浦和,12,季春特別Ｃ３選抜馬イ,2000,ダ,左,重,晴,12,7,10,チャームフォラック,牝,9,52.0,483,4,中島良,川村守,,12,2:17.6,43.5,3-4-7-12,10,483,4
2025/03/18,浦和,1,Ｃ３ ４歳イ,1400,ダ,左,稍重,晴,12,1,1,ルクスリーベン,牝,4,54.0,439,-2,張田昂,平山真,,1,1:32.9,41.1,1-1-1-1,2,439,-2
2025/03/18,浦和,1,Ｃ３ ４歳イ,1400,ダ,左,稍重,晴,12,8,12,ロンギングキイ,牝,4,54.0,472,1,七夕裕,箕輪武,,2,1:33.0,41.0,4-4-2-2,4,472,1
2025/03/18,浦和,1,Ｃ３ ４歳イ,1400,ダ,左,稍重,晴,12,6,7,ティキー,牝,4,54.0,438,0,保園翔,川村守,,3,1:33.6,40.7,8-7-7-4,11,438,0
2025/03/18,浦和,1,Ｃ３ ４歳イ,1400,ダ,左,稍重,晴,12,5,6,イサチルイトムスビ,牝,4,54.0,474,11,和田譲,宇野博,,4,1:33.8,41.8,3-3-3-3,1,474,11
2025/03/18,浦和,1,Ｃ３ ４歳イ,1400,ダ,左,稍重,晴,12,7,9,マーニク,牝,4,54.0,451,1,半澤慶,長谷忍,,5,1:34.3,41.0,10-9-8-6,9,451,1
2025/03/18,浦和,1,Ｃ３ ４歳イ,1400,ダ,左,稍重,晴,12,6,8,ワンダーフィール,牡,4,56.0,489,4,赤津和,鈴木勝,,6,1:34.7,41.1,9-10-9-9,3,489,4
2025/03/18,浦和,1,Ｃ３ ４歳イ,1400,ダ,左,稍重,晴,12,8,11,マダムファンタジア,牝,4,54.0,464,1,室陽一,川村守,,7,1:34.9,40.1,11-11-11-8,10,464,1
2025/03/18,浦和,1,Ｃ３ ４歳イ,1400,ダ,左,稍重,晴,12,7,10,プリンセスサクラ,牝,4,54.0,409,-2,見越彬,鹿沼和,,8,1:35.3,42.7,5-6-5-5,5,409,-2
2025/03/18,浦和,1,Ｃ３ ４歳イ,1400,ダ,左,稍重,晴,12,3,3,フィロンドール,牝,4,54.0,468,-9,福原杏,川島豊,,9,1:35.6,43.0,6-5-6-7,6,468,-9
2025/03/18,浦和,1,Ｃ３ ４歳イ,1400,ダ,左,稍重,晴,12,4,4,ヴルカヌス,セ,0,56.0,442,2,西啓太,野口寛,,10,1:36.8,43.4,7-8-10-11,8,442,2
2025/03/18,浦和,1,Ｃ３ ４歳イ,1400,ダ,左,稍重,晴,12,5,5,ワンショット,牡,4,56.0,468,14,山中悠,小久智,,11,1:37.1,45.0,2-2-4-10,7,468,14
2025/03/18,浦和,1,Ｃ３ ４歳イ,1400,ダ,左,稍重,晴,12,2,2,コーントップス,牝,4,54.0,0,0,吉原寛,宇野博,,,,,,,0,0
2025/03/18,浦和,2,ランチタイムチャレンジＣ３五 六,1400,ダ,左,稍重,晴,12,8,12,ハヌマーンビーチ,牡,5,56.0,473,1,山中悠,玉井勝,,1,1:33.2,41.3,2-2-2-2,6,473,1
2025/03/18,浦和,2,ランチタイムチャレンジＣ３五 六,1400,ダ,左,稍重,晴,12,4,4,ジーニーボニータ,牡,6,56.0,507,4,福原杏,水野貴,,2,1:33.5,41.5,5-5-3-3,2,507,4
2025/03/18,浦和,2,ランチタイムチャレンジＣ３五 六,1400,ダ,左,稍重,晴,12,5,6,エクスプロア,牡,6,56.0,518,11,保園翔,川村守,,3,1:33.6,42.0,1-1-1-1,4,518,11
2025/03/18,浦和,2,ランチタイムチャレンジＣ３五 六,1400,ダ,左,稍重,晴,12,7,9,ビーチガール,牝,5,54.0,439,11,内田利,小林真,,4,1:33.8,40.1,10-11-10-10,9,439,11
2025/03/18,浦和,2,ランチタイムチャレンジＣ３五 六,1400,ダ,左,稍重,晴,12,2,2,サンライズテソロ,牡,7,56.0,480,-1,半澤慶,川島豊,,5,1:34.1,41.8,6-7-7-7,10,480,-1
2025/03/18,浦和,2,ランチタイムチャレンジＣ３五 六,1400,ダ,左,稍重,晴,12,6,8,マルノアンナ,牝,6,54.0,445,-5,室陽一,川村守,,6,1:34.3,41.7,9-9-8-9,7,445,-5
2025/03/18,浦和,2,ランチタイムチャレンジＣ３五 六,1400,ダ,左,稍重,晴,12,1,1,クラム,牝,6,54.0,487,2,藤江渉,久保勇,,7,1:34.5,42.2,7-6-6-5,1,487,2
2025/03/18,浦和,2,ランチタイムチャレンジＣ３五 六,1400,ダ,左,稍重,晴,12,3,3,マイネルユヌスール,牡,6,56.0,498,-1,秋元耕,横山保,,8,1:34.5,41.8,8-8-9-8,8,498,-1
2025/03/18,浦和,2,ランチタイムチャレンジＣ３五 六,1400,ダ,左,稍重,晴,12,5,5,ビギニングドリーム,牝,7,53.0,423,-1,佐野遥,八木喜,,9,1:34.5,42.4,4-4-5-4,5,423,-1
2025/03/18,浦和,2,ランチタイムチャレンジＣ３五 六,1400,ダ,左,稍重,晴,12,7,10,シーオブクラウズ,牡,7,56.0,487,-3,野畑凌,野口孝,,10,1:34.8,42.8,3-3-4-6,3,487,-3
2025/03/18,浦和,2,ランチタイムチャレンジＣ３五 六,1400,ダ,左,稍重,晴,12,8,11,シェナグローリー,牝,5,54.0,480,12,見越彬,冨田敏,,11,1:35.1,40.6,12-12-12-12,12,480,12
2025/03/18,浦和,2,ランチタイムチャレンジＣ３五 六,1400,ダ,左,稍重,晴,12,6,7,シェナカンザシ,牝,5,54.0,466,6,國分祐,冨田敏,,12,1:35.1,41.2,11-10-11-11,11,466,6
2025/03/18,浦和,3,浦和８００ラウンド３歳選抜馬イ,800,ダ,左,稍重,晴,11,3,3,シェナウエーブ,牡,3,56.0,466,3,福原杏,吉田正,,1,0:48.6,36.3,1-1,1,466,3
2025/03/18,浦和,3,浦和８００ラウンド３歳選抜馬イ,800,ダ,左,稍重,晴,11,4,4,ウロンブランカ,牝,3,54.0,431,0,新原周,高橋宏,,2,0:49.1,36.7,2-2,4,431,0
2025/03/18,浦和,3,浦和８００ラウンド３歳選抜馬イ,800,ダ,左,稍重,晴,11,1,1,エポナメロディー,牝,3,54.0,423,1,藤江渉,平田正,,3,0:49.6,36.5,6-3,5,423,1
2025/03/18,浦和,3,浦和８００ラウンド３歳選抜馬イ,800,ダ,左,稍重,晴,11,6,6,ビナベンチェ,牝,3,53.0,446,26,木間龍,酒井一,,4,0:50.1,37.7,3-5,8,446,26
2025/03/18,浦和,3,浦和８００ラウンド３歳選抜馬イ,800,ダ,左,稍重,晴,11,7,9,ミラコロヴァーグ,牡,3,55.0,459,0,秋元耕,小澤宏,,5,0:50.2,37.1,5-4,6,459,0
2025/03/18,浦和,3,浦和８００ラウンド３歳選抜馬イ,800,ダ,左,稍重,晴,11,8,11,ゴッドフィンガー,牡,3,56.0,456,-7,野畑凌,高月賢,,6,0:50.3,37.4,7-6,3,456,-7
2025/03/18,浦和,3,浦和８００ラウンド３歳選抜馬イ,800,ダ,左,稍重,晴,11,6,7,ジャルディブラック,牝,3,50.0,406,4,加藤雄,水野貴,,7,0:50.9,36.8,10-10,2,406,4
2025/03/18,浦和,3,浦和８００ラウンド３歳選抜馬イ,800,ダ,左,稍重,晴,11,8,10,ホロキキ,牝,3,53.0,443,-2,半澤慶,藤原智,,8,0:50.9,38.3,4-7,7,443,-2
2025/03/18,浦和,3,浦和８００ラウンド３歳選抜馬イ,800,ダ,左,稍重,晴,11,5,5,オレイニウタイマス,牝,3,53.0,446,-2,室陽一,内野健,,9,0:51.1,37.6,9-9,9,446,-2
2025/03/18,浦和,3,浦和８００ラウンド３歳選抜馬イ,800,ダ,左,稍重,晴,11,2,2,ラストウォーリア,牝,3,50.0,469,2,佐藤翔,水野貴,,10,0:51.4,37.7,8-8,10,469,2
2025/03/18,浦和,3,浦和８００ラウンド３歳選抜馬イ,800,ダ,左,稍重,晴,11,7,8,レインボーグラン,牝,3,51.0,426,17,中島良,酒井一,,11,0:51.8,37.4,11-11,11,426,17
2025/03/18,浦和,4,浦和８００ラウンド３歳選抜馬ア,800,ダ,左,稍重,晴,10,1,1,テルケンレンタワー,牡,3,53.0,478,1,佐藤翔,佐藤博,,1,0:48.7,36.2,3-3,2,478,1
2025/03/18,浦和,4,浦和８００ラウンド３歳選抜馬ア,800,ダ,左,稍重,晴,10,6,6,クラパッション,牝,3,54.0,480,-5,内田利,藤原智,,2,0:48.8,36.7,1-1,4,480,-5
2025/03/18,浦和,4,浦和８００ラウンド３歳選抜馬ア,800,ダ,左,稍重,晴,10,8,9,ザゴリ,牝,3,55.0,386,-6,田中涼,山田質,,3,0:48.9,36.7,2-2,6,386,-6
2025/03/18,浦和,4,浦和８００ラウンド３歳選抜馬ア,800,ダ,左,稍重,晴,10,4,4,ニンリル,牝,3,54.0,455,9,吉原寛,平山真,,4,0:49.1,36.6,7-5,3,455,9
2025/03/18,浦和,4,浦和８００ラウンド３歳選抜馬ア,800,ダ,左,稍重,晴,10,7,8,バーディートライ,牡,3,55.0,457,-4,佐野遥,高月賢,,5,0:49.1,36.3,8-7,9,457,-4
2025/03/18,浦和,4,浦和８００ラウンド３歳選抜馬ア,800,ダ,左,稍重,晴,10,5,5,シナノクーパー,牡,3,57.0,427,-3,見越彬,鹿沼和,,6,0:49.1,36.7,4-4,1,427,-3
2025/03/18,浦和,4,浦和８００ラウンド３歳選抜馬ア,800,ダ,左,稍重,晴,10,8,10,シナモンポップ,牝,3,54.0,470,0,秋元耕,海馬司,,7,0:49.7,37.2,5-6,8,470,0
2025/03/18,浦和,4,浦和８００ラウンド３歳選抜馬ア,800,ダ,左,稍重,晴,10,2,2,ゴールドサイカ,牝,3,51.0,449,2,加藤雄,岩本洋,,8,0:49.8,36.8,9-8,5,449,2
2025/03/18,浦和,4,浦和８００ラウンド３歳選抜馬ア,800,ダ,左,稍重,晴,10,3,3,グァンバーレ,牝,3,55.0,418,-4,木間龍,田島寿,,9,0:50.0,37.2,10-10,10,418,-4
2025/03/18,浦和,4,浦和８００ラウンド３歳選抜馬ア,800,ダ,左,稍重,晴,10,7,7,マキマキパフェ,牝,3,54.0,439,-1,増田充,平田正,,10,0:50.2,37.7,6-9,7,439,-1
2025/03/18,浦和,5,Ｃ３五 六,1500,ダ,左,稍重,晴,12,7,9,ユーロックデュード,牝,6,54.0,446,-8,山中悠,阿井正,,1,1:41.0,40.1,3-6-3-2,4,446,-8
2025/03/18,浦和,5,Ｃ３五 六,1500,ダ,左,稍重,晴,12,4,4,ジョーカイ,牝,7,54.0,471,-8,西啓太,小久智,,2,1:41.2,40.8,1-1-1-1,1,471,-8
2025/03/18,浦和,5,Ｃ３五 六,1500,ダ,左,稍重,晴,12,5,5,ヤサカソレイユ,牡,5,56.0,449,-1,町田直,村田六,,3,1:41.2,40.1,8-7-7-3,6,449,-1
2025/03/18,浦和,5,Ｃ３五 六,1500,ダ,左,稍重,晴,12,8,12,ステンノー,牝,5,54.0,483,-7,高橋哲,小林真,,4,1:42.0,41.5,2-2-2-4,11,483,-7
2025/03/18,浦和,5,Ｃ３五 六,1500,ダ,左,稍重,晴,12,2,2,ビーマジカル,牝,6,54.0,454,7,七夕裕,野口孝,,5,1:42.2,40.5,12-11-8-6,5,454,7
2025/03/18,浦和,5,Ｃ３五 六,1500,ダ,左,稍重,晴,12,5,6,スカイパーフェクト,牝,6,54.0,462,5,半澤慶,吉田正,,6,1:42.4,41.7,6-5-5-5,7,462,5
2025/03/18,浦和,5,Ｃ３五 六,1500,ダ,左,稍重,晴,12,1,1,ケイアイマボラ,牡,8,56.0,464,-12,室陽一,川村守,,7,1:42.7,41.0,11-12-9-9,9,464,-12
2025/03/18,浦和,5,Ｃ３五 六,1500,ダ,左,稍重,晴,12,7,10,マッシロ,牝,9,52.0,448,12,所　蛍,林隆之,,8,1:43.1,42.4,5-3-4-8,3,448,12
2025/03/18,浦和,5,Ｃ３五 六,1500,ダ,左,稍重,晴,12,6,7,ゴールドバニー,牝,5,54.0,492,1,秋元耕,野口孝,,9,1:43.2,41.5,10-9-10-10,12,492,1
2025/03/18,浦和,5,Ｃ３五 六,1500,ダ,左,稍重,晴,12,3,3,シェナリオン,牡,5,54.0,458,-5,中島良,冨田敏,,10,1:43.4,42.7,4-4-5-7,8,458,-5
2025/03/18,浦和,5,Ｃ３五 六,1500,ダ,左,稍重,晴,12,6,8,シェナカレン,牡,5,56.0,482,2,岡田大,冨田敏,,11,1:43.5,41.8,9-10-12-11,10,482,2
2025/03/18,浦和,5,Ｃ３五 六,1500,ダ,左,稍重,晴,12,8,11,カミヤガルーラ,牡,7,56.0,474,4,内田利,内野健,,12,1:43.5,42.0,7-8-11-12,2,474,4
2025/03/18,浦和,6,Ｃ２五 六,1500,ダ,左,稍重,晴,12,1,1,スマイルスライヴ,セ,0,56.0,473,-2,和田譲,宇野博,,1,1:38.9,39.7,1-1-1-1,1,473,-2
2025/03/18,浦和,6,Ｃ２五 六,1500,ダ,左,稍重,晴,12,3,3,ショコラエクレール,牝,4,54.0,456,1,保園翔,入口由,,2,1:40.1,40.6,5-5-2-2,6,456,1
2025/03/18,浦和,6,Ｃ２五 六,1500,ダ,左,稍重,晴,12,6,8,ヨシノミッチー,牡,5,56.0,510,-1,矢野貴,酒井忍,,3,1:40.7,41.3,2-2-3-3,4,510,-1
2025/03/18,浦和,6,Ｃ２五 六,1500,ダ,左,稍重,晴,12,8,11,スプライト,牝,5,54.0,440,-6,野畑凌,山崎裕,,4,1:40.9,41.4,3-3-5-4,8,440,-6
2025/03/18,浦和,6,Ｃ２五 六,1500,ダ,左,稍重,晴,12,5,6,アンブレラダンス,牝,5,54.0,464,0,張田昂,平山真,,5,1:40.9,41.2,10-10-6-5,2,464,0
2025/03/18,浦和,6,Ｃ２五 六,1500,ダ,左,稍重,晴,12,6,7,ニューレトロ,牡,6,56.0,465,0,見越彬,内野健,,6,1:41.6,41.9,6-7-7-8,10,465,0
2025/03/18,浦和,6,Ｃ２五 六,1500,ダ,左,稍重,晴,12,7,10,キョウエイシャイン,牝,6,54.0,452,-3,秋元耕,小澤宏,,7,1:41.7,41.8,7-8-8-9,7,452,-3
2025/03/18,浦和,6,Ｃ２五 六,1500,ダ,左,稍重,晴,12,7,9,バリブラック,セ,0,56.0,475,-9,岡田大,小林真,,8,1:41.8,40.8,12-12-12-11,12,475,-9
2025/03/18,浦和,6,Ｃ２五 六,1500,ダ,左,稍重,晴,12,4,4,ベンデュガ,セ,0,56.0,475,8,吉原寛,小久智,,9,1:42.0,42.5,9-6-3-6,3,475,8
2025/03/18,浦和,6,Ｃ２五 六,1500,ダ,左,稍重,晴,12,5,5,メイショウボンゴチ,牡,5,56.0,440,11,加藤和,薮口一,,10,1:42.1,42.2,8-9-9-7,9,440,11
2025/03/18,浦和,6,Ｃ２五 六,1500,ダ,左,稍重,晴,12,8,12,ヌートバー,牡,4,54.0,494,-1,中島良,入口由,,11,1:42.9,43.2,4-4-10-10,11,494,-1
2025/03/18,浦和,6,Ｃ２五 六,1500,ダ,左,稍重,晴,12,2,2,リコールイーズ,牝,6,54.0,546,-4,本橋孝,繁田健,,12,1:43.4,42.7,11-11-11-12,5,546,-4
2025/03/18,浦和,7,Ｊ交 ツインサドル特別３歳選抜馬,1400,ダ,左,稍重,晴,12,8,12,パンクビート,牡,3,56.0,469,-11,山本聡,小久智,,1,1:30.5,39.9,1-1-1-1,2,469,-11
2025/03/18,浦和,7,Ｊ交 ツインサドル特別３歳選抜馬,1400,ダ,左,稍重,晴,12,8,11,グルーヴィーオン,牝,3,51.0,466,-2,佐藤翔,小手準,,2,1:30.8,40.2,2-2-2-2,5,466,-2
2025/03/18,浦和,7,Ｊ交 ツインサドル特別３歳選抜馬,1400,ダ,左,稍重,晴,12,5,6,ユウユウコラソン,牡,3,56.0,437,-4,野畑凌,工藤伸,,3,1:31.3,39.2,9-9-9-6,8,437,-4
2025/03/18,浦和,7,Ｊ交 ツインサドル特別３歳選抜馬,1400,ダ,左,稍重,晴,12,4,4,テンフレッシュ,牝,3,54.0,468,-12,丹内祐,田村康,,4,1:31.4,40.7,3-3-3-3,1,468,-12
2025/03/18,浦和,7,Ｊ交 ツインサドル特別３歳選抜馬,1400,ダ,左,稍重,晴,12,3,3,クリアクォーツ,牡,3,56.0,481,1,吉原寛,岩戸孝,,5,1:31.4,40.6,4-4-4-4,3,481,1
2025/03/18,浦和,7,Ｊ交 ツインサドル特別３歳選抜馬,1400,ダ,左,稍重,晴,12,1,1,ノーブルプラチナ,牡,3,56.0,536,0,福原杏,水野貴,,6,1:32.3,40.8,6-6-6-5,7,536,0
2025/03/18,浦和,7,Ｊ交 ツインサドル特別３歳選抜馬,1400,ダ,左,稍重,晴,12,6,8,ティナバローズ,牝,3,54.0,476,-14,本橋孝,繁田健,,7,1:33.0,40.7,11-11-10-9,6,476,-14
2025/03/18,浦和,7,Ｊ交 ツインサドル特別３歳選抜馬,1400,ダ,左,稍重,晴,12,2,2,ナートゥ,牡,3,56.0,529,8,矢野貴,高月賢,,8,1:33.2,41.5,7-7-7-8,4,529,8
2025/03/18,浦和,7,Ｊ交 ツインサドル特別３歳選抜馬,1400,ダ,左,稍重,晴,12,7,9,サクラジマ,セ,0,53.0,424,2,長浜鴻,高橋文,,9,1:33.8,42.5,5-5-5-7,11,424,2
2025/03/18,浦和,7,Ｊ交 ツインサドル特別３歳選抜馬,1400,ダ,左,稍重,晴,12,6,7,カシノナイスガイ,牡,3,56.0,457,-2,保園翔,野口寛,,10,1:33.8,41.5,10-10-11-10,10,457,-2
2025/03/18,浦和,7,Ｊ交 ツインサドル特別３歳選抜馬,1400,ダ,左,稍重,晴,12,5,5,フェアリオンアイス,牝,3,53.0,458,-12,横山琉,鈴木慎,,11,1:34.4,41.9,12-12-12-11,9,458,-12
2025/03/18,浦和,7,Ｊ交 ツインサドル特別３歳選抜馬,1400,ダ,左,稍重,晴,12,7,10,シャトーホークビル,牡,3,53.0,448,12,水沼元,加藤和,,12,1:35.3,43.4,8-8-8-12,12,448,12
2025/03/18,浦和,8,幸手のマスコット「さっちゃん」Ｃ２五 六,1400,ダ,左,稍重,晴,12,7,10,ツーエムフリーク,牝,5,54.0,514,13,山中悠,小澤宏,,1,1:31.1,39.1,2-2-1-1,1,514,13
2025/03/18,浦和,8,幸手のマスコット「さっちゃん」Ｃ２五 六,1400,ダ,左,稍重,晴,12,2,2,タイヘイノヨ,セ,0,56.0,506,-2,木間龍,工藤伸,,2,1:32.6,40.1,6-7-8-6,2,506,-2
2025/03/18,浦和,8,幸手のマスコット「さっちゃん」Ｃ２五 六,1400,ダ,左,稍重,晴,12,4,4,マニエジェニー,牝,5,51.0,486,-5,神尾香,山田質,,3,1:32.6,40.5,3-3-3-3,9,486,-5
2025/03/18,浦和,8,幸手のマスコット「さっちゃん」Ｃ２五 六,1400,ダ,左,稍重,晴,12,7,9,ジャヌウブ,牝,5,54.0,452,-13,西啓太,小久智,,4,1:33.0,41.0,1-1-2-2,4,452,-13
2025/03/18,浦和,8,幸手のマスコット「さっちゃん」Ｃ２五 六,1400,ダ,左,稍重,晴,12,6,8,ロトカグラ,牡,4,56.0,491,-4,吉原寛,水野貴,,5,1:33.1,41.0,5-4-4-5,5,491,-4
2025/03/18,浦和,8,幸手のマスコット「さっちゃん」Ｃ２五 六,1400,ダ,左,稍重,晴,12,5,6,マーメイドソング,牝,7,54.0,483,-1,新原周,田邊陽,,6,1:33.1,40.8,4-5-5-4,6,483,-1
2025/03/18,浦和,8,幸手のマスコット「さっちゃん」Ｃ２五 六,1400,ダ,左,稍重,晴,12,5,5,チェスナットドレス,牝,8,54.0,463,-9,國分祐,冨田敏,,7,1:33.3,40.4,12-11-11-9,10,463,-9
2025/03/18,浦和,8,幸手のマスコット「さっちゃん」Ｃ２五 六,1400,ダ,左,稍重,晴,12,8,11,チカチャン,牝,4,54.0,417,-5,七夕裕,平山真,,8,1:33.7,41.2,8-8-7-7,7,417,-5
2025/03/18,浦和,8,幸手のマスコット「さっちゃん」Ｃ２五 六,1400,ダ,左,稍重,晴,12,3,3,ランウェイクイーン,牝,4,51.0,452,-1,佐藤翔,小澤宏,,9,1:33.8,40.5,10-12-12-11,8,452,-1
2025/03/18,浦和,8,幸手のマスコット「さっちゃん」Ｃ２五 六,1400,ダ,左,稍重,晴,12,6,7,チイサナイヤリング,牝,4,54.0,454,-1,岡田大,鹿沼和,,10,1:34.2,41.7,7-6-9-10,12,454,-1
2025/03/18,浦和,8,幸手のマスコット「さっちゃん」Ｃ２五 六,1400,ダ,左,稍重,晴,12,1,1,サプライズワンワン,牡,4,56.0,494,-3,福原杏,川島豊,,11,1:34.2,41.7,9-10-6-8,3,494,-3
2025/03/18,浦和,8,幸手のマスコット「さっちゃん」Ｃ２五 六,1400,ダ,左,稍重,晴,12,8,12,ラブルパイル,牡,5,56.0,464,6,高橋哲,吉田正,,12,1:34.2,41.7,11-9-10-12,11,464,6
2025/03/18,浦和,9,春陽特別Ｃ２選抜馬イ,2000,ダ,左,稍重,晴,12,4,4,リュウノアラス,牡,4,56.0,486,6,保園翔,川村守,,1,2:14.8,41.6,3-3-3-3,11,486,6
2025/03/18,浦和,9,春陽特別Ｃ２選抜馬イ,2000,ダ,左,稍重,晴,12,6,8,スーパーキング,牡,4,56.0,514,-6,室陽一,横山保,,2,2:14.8,42.2,1-1-1-1,3,514,-6
2025/03/18,浦和,9,春陽特別Ｃ２選抜馬イ,2000,ダ,左,稍重,晴,12,7,10,ラインストライカー,セ,0,56.0,489,1,矢野貴,宇野博,,3,2:14.9,42.0,2-2-2-2,2,489,1
2025/03/18,浦和,9,春陽特別Ｃ２選抜馬イ,2000,ダ,左,稍重,晴,12,5,6,ソルテア,牡,5,53.0,472,-2,佐藤翔,水野貴,,4,2:15.0,40.5,11-11-7-4,4,472,-2
2025/03/18,浦和,9,春陽特別Ｃ２選抜馬イ,2000,ダ,左,稍重,晴,12,7,9,サマーストーリー,牡,5,56.0,429,3,七夕裕,冨田敏,,5,2:15.9,42.3,5-5-5-5,5,429,3
2025/03/18,浦和,9,春陽特別Ｃ２選抜馬イ,2000,ダ,左,稍重,晴,12,3,3,ヘヴンズクライ,牡,4,56.0,424,-6,山本聡,藤原智,,6,2:16.7,42.8,7-6-6-7,6,424,-6
2025/03/18,浦和,9,春陽特別Ｃ２選抜馬イ,2000,ダ,左,稍重,晴,12,8,11,エコロジョイアー,牡,5,56.0,504,7,吉原寛,小久智,,7,2:16.7,43.3,4-4-4-6,1,504,7
2025/03/18,浦和,9,春陽特別Ｃ２選抜馬イ,2000,ダ,左,稍重,晴,12,1,1,ラララランランラン,牝,4,54.0,398,0,見越彬,内野健,,8,2:18.4,43.4,10-10-9-8,10,398,0
2025/03/18,浦和,9,春陽特別Ｃ２選抜馬イ,2000,ダ,左,稍重,晴,12,6,7,クインズミラ,牝,4,54.0,447,-3,赤津和,長谷忍,,9,2:19.6,45.1,6-7-8-9,12,447,-3
2025/03/18,浦和,9,春陽特別Ｃ２選抜馬イ,2000,ダ,左,稍重,晴,12,8,12,ポケットシンデレラ,牝,6,54.0,438,-1,仲野光,長谷忍,,10,2:20.2,45.2,8-9-10-10,8,438,-1
2025/03/18,浦和,9,春陽特別Ｃ２選抜馬イ,2000,ダ,左,稍重,晴,12,5,5,シンボリタイプ,牡,5,56.0,517,-3,秋元耕,内野健,,11,2:20.3,44.9,12-12-11-11,9,517,-3
2025/03/18,浦和,9,春陽特別Ｃ２選抜馬イ,2000,ダ,左,稍重,晴,12,2,2,カイジンビリーヴ,牡,7,56.0,515,-6,高橋哲,入口由,,12,2:20.5,45.5,9-8-12-12,7,515,-6
2025/03/18,浦和,10,桃月特別Ｂ２二Ｂ３一,1500,ダ,左,稍重,晴,12,2,2,ダイメイタマナ,牡,5,57.0,502,0,吉原寛,野口孝,,1,1:36.8,39.7,1-1-1-1,3,502,0
2025/03/18,浦和,10,桃月特別Ｂ２二Ｂ３一,1500,ダ,左,稍重,晴,12,5,6,モニュメントキング,牡,9,57.0,509,-14,野畑凌,箕輪武,,2,1:37.4,40.2,3-3-3-2,5,509,-14
2025/03/18,浦和,10,桃月特別Ｂ２二Ｂ３一,1500,ダ,左,稍重,晴,12,8,12,ケンキートス,牡,5,57.0,500,-3,福原杏,繁田健,,3,1:37.4,40.0,5-6-4-5,4,500,-3
2025/03/18,浦和,10,桃月特別Ｂ２二Ｂ３一,1500,ダ,左,稍重,晴,12,3,3,レイニングキャット,牡,4,55.0,516,20,見越彬,小久智,,4,1:37.5,40.1,4-4-5-4,8,516,20
2025/03/18,浦和,10,桃月特別Ｂ２二Ｂ３一,1500,ダ,左,稍重,晴,12,7,9,モズハッピーロード,牡,7,57.0,507,-5,張田昂,海馬司,,5,1:37.6,39.7,9-9-7-6,7,507,-5
2025/03/18,浦和,10,桃月特別Ｂ２二Ｂ３一,1500,ダ,左,稍重,晴,12,6,8,ランドマックス,牡,4,57.0,515,-3,木間龍,矢野義,,6,1:37.7,39.2,10-10-10-9,2,515,-3
2025/03/18,浦和,10,桃月特別Ｂ２二Ｂ３一,1500,ダ,左,稍重,晴,12,1,1,トーセンヴィオラ,牡,4,55.0,489,-2,山本聡,小久智,,7,1:38.2,40.1,7-7-8-8,6,489,-2
2025/03/18,浦和,10,桃月特別Ｂ２二Ｂ３一,1500,ダ,左,稍重,晴,12,4,4,スモークフレイバー,牡,4,57.0,491,-6,和田譲,繁田健,,8,1:38.6,41.5,2-2-2-3,1,491,-6
2025/03/18,浦和,10,桃月特別Ｂ２二Ｂ３一,1500,ダ,左,稍重,晴,12,5,5,ミエノハヤブサ,セ,0,55.0,494,-6,山中悠,小澤宏,,9,1:38.7,39.6,12-12-11-10,11,494,-6
2025/03/18,浦和,10,桃月特別Ｂ２二Ｂ３一,1500,ダ,左,稍重,晴,12,7,10,メロスゴー,牡,4,57.0,483,-2,藤江渉,箕輪武,,10,1:39.5,41.9,6-5-6-7,9,483,-2
2025/03/18,浦和,10,桃月特別Ｂ２二Ｂ３一,1500,ダ,左,稍重,晴,12,8,11,ピノホホッア,牡,5,57.0,530,-4,内田利,野口孝,,11,1:40.7,42.6,8-8-9-11,10,530,-4
2025/03/18,浦和,10,桃月特別Ｂ２二Ｂ３一,1500,ダ,左,稍重,晴,12,6,7,スリーヴリーグ,牡,9,55.0,540,6,本橋孝,野口寛,,12,1:40.8,41.7,11-11-12-12,12,540,6
2025/03/18,浦和,11,’２５　ティアラカップＡ２下選抜牝馬,1400,ダ,左,稍重,晴,12,8,11,マーブルマカロン,牝,5,55.0,453,12,笹川翼,藤田輝,,1,1:28.8,37.6,4-4-3-1,3,453,12
2025/03/18,浦和,11,’２５　ティアラカップＡ２下選抜牝馬,1400,ダ,左,稍重,晴,12,7,10,カレンチャンキー,牝,5,53.0,474,-6,山本聡,小久智,,2,1:29.3,38.4,1-1-1-2,6,474,-6
2025/03/18,浦和,11,’２５　ティアラカップＡ２下選抜牝馬,1400,ダ,左,稍重,晴,12,6,8,サーフズアップ,牝,5,55.0,483,-4,矢野貴,山下之,,3,1:29.4,38.0,6-6-5-5,4,483,-4
2025/03/18,浦和,11,’２５　ティアラカップＡ２下選抜牝馬,1400,ダ,左,稍重,晴,12,4,4,プリンセスアリー,牝,4,55.0,432,2,七夕裕,鹿沼和,,4,1:29.7,38.3,5-5-4-4,8,432,2
2025/03/18,浦和,11,’２５　ティアラカップＡ２下選抜牝馬,1400,ダ,左,稍重,晴,12,8,12,デザートウインド,牝,5,53.0,530,-4,秋元耕,藤原智,,5,1:30.0,39.0,2-2-2-3,7,530,-4
2025/03/18,浦和,11,’２５　ティアラカップＡ２下選抜牝馬,1400,ダ,左,稍重,晴,12,6,7,サンオルソーライズ,牝,6,53.0,510,-1,町田直,内田勝,,6,1:30.1,38.5,11-11-6-6,5,510,-1
2025/03/18,浦和,11,’２５　ティアラカップＡ２下選抜牝馬,1400,ダ,左,稍重,晴,12,3,3,ジュネス,牝,8,53.0,474,-24,本橋孝,小久智,,7,1:30.6,38.1,12-12-12-9,9,474,-24
2025/03/18,浦和,11,’２５　ティアラカップＡ２下選抜牝馬,1400,ダ,左,稍重,晴,12,5,5,ラックスアットゼア,牝,5,55.0,476,-5,安藤洋,赤嶺亮,,8,1:30.7,39.0,8-9-8-7,1,476,-5
2025/03/18,浦和,11,’２５　ティアラカップＡ２下選抜牝馬,1400,ダ,左,稍重,晴,12,1,1,トキノゴールド,牝,6,53.0,505,1,佐野遥,八木喜,,9,1:31.0,39.2,7-7-10-10,10,505,1
2025/03/18,浦和,11,’２５　ティアラカップＡ２下選抜牝馬,1400,ダ,左,稍重,晴,12,2,2,ザオ,牝,4,52.0,433,1,吉原寛,米谷康,,10,1:31.6,40.2,3-3-7-8,2,433,1
2025/03/18,浦和,11,’２５　ティアラカップＡ２下選抜牝馬,1400,ダ,左,稍重,晴,12,7,9,エーヴベリー,牝,5,52.0,480,4,福原杏,平山真,,11,1:32.2,40.5,9-8-9-11,12,480,4
2025/03/18,浦和,11,’２５　ティアラカップＡ２下選抜牝馬,1400,ダ,左,稍重,晴,12,5,6,プレストマーヴェル,牝,4,52.0,410,-16,山中悠,小澤宏,,12,1:32.7,40.5,10-10-11-12,11,410,-16
2025/03/18,浦和,12,浦和ジョッキーズラウンド　第６戦Ｃ１選抜,1400,ダ,左,稍重,晴,13,5,6,オングライドパス,牝,4,54.0,471,0,見越彬,河津裕,,1,1:31.4,40.2,10-7-6-3,12,471,0
2025/03/18,浦和,12,浦和ジョッキーズラウンド　第６戦Ｃ１選抜,1400,ダ,左,稍重,晴,13,8,12,リリーバローズ,牝,5,55.0,459,2,國分祐,村田順,,2,1:31.5,40.7,4-4-3-4,3,459,2
2025/03/18,浦和,12,浦和ジョッキーズラウンド　第６戦Ｃ１選抜,1400,ダ,左,稍重,晴,13,8,13,ノブヘンドリックス,牡,7,57.0,500,12,内田利,小久智,,3,1:31.7,41.6,3-3-2-2,2,500,12
2025/03/18,浦和,12,浦和ジョッキーズラウンド　第６戦Ｃ１選抜,1400,ダ,左,稍重,晴,13,7,11,コスモレンブランサ,牝,5,55.0,439,3,福原杏,工藤伸,,4,1:31.7,40.7,5-6-5-5,5,439,3
2025/03/18,浦和,12,浦和ジョッキーズラウンド　第６戦Ｃ１選抜,1400,ダ,左,稍重,晴,13,6,9,ウルトラワールド,牡,5,57.0,475,3,七夕裕,鹿沼和,,5,1:32.1,42.0,2-2-1-1,1,475,3
2025/03/18,浦和,12,浦和ジョッキーズラウンド　第６戦Ｃ１選抜,1400,ダ,左,稍重,晴,13,4,4,ユウユウプルニーマ,牝,4,54.5,449,1,高橋哲,横山保,,6,1:32.2,41.0,6-5-7-6,7,449,1
2025/03/18,浦和,12,浦和ジョッキーズラウンド　第６戦Ｃ１選抜,1400,ダ,左,稍重,晴,13,3,3,ニシノウール,牡,5,56.0,480,-2,岡田大,冨田敏,,7,1:32.4,41.0,7-9-8-8,10,480,-2
2025/03/18,浦和,12,浦和ジョッキーズラウンド　第６戦Ｃ１選抜,1400,ダ,左,稍重,晴,13,4,5,トコトコトッコトコ,牝,4,54.5,486,2,半澤慶,宇野博,,8,1:32.6,41.0,12-12-9-7,4,486,2
2025/03/18,浦和,12,浦和ジョッキーズラウンド　第６戦Ｃ１選抜,1400,ダ,左,稍重,晴,13,1,1,ジオパークマグマ,牡,7,56.0,474,-3,赤津和,川島豊,,9,1:33.1,41.3,13-13-13-11,11,474,-3
2025/03/18,浦和,12,浦和ジョッキーズラウンド　第６戦Ｃ１選抜,1400,ダ,左,稍重,晴,13,5,7,ヴァシロペス,セ,0,57.0,464,-6,秋元耕,薮口一,,10,1:34.6,43.0,11-10-9-12,9,464,-6
2025/03/18,浦和,12,浦和ジョッキーズラウンド　第６戦Ｃ１選抜,1400,ダ,左,稍重,晴,13,6,8,シェナエース,牡,4,56.0,533,-1,室陽一,冨田敏,,11,1:34.6,44.1,1-1-4-9,8,533,-1
2025/03/18,浦和,12,浦和ジョッキーズラウンド　第６戦Ｃ１選抜,1400,ダ,左,稍重,晴,13,7,10,コスモタラゴン,牡,4,57.0,459,-10,加藤和,水野貴,,12,1:34.6,43.0,9-11-11-13,6,459,-10
2025/03/18,浦和,12,浦和ジョッキーズラウンド　第６戦Ｃ１選抜,1400,ダ,左,稍重,晴,13,2,2,オニバ,牡,4,56.0,478,-1,保園翔,藤原智,,13,1:34.9,43.3,8-8-12-10,13,478,-1
2025/03/20,浦和,1,Ｃ３ ４歳ウ,1300,ダ,左,重,晴,10,8,10,オリズジーニー,牡,4,56.0,499,-2,赤津和,宇野博,,1,1:21.6,38.1,3-3-3-1,9,499,-2
2025/03/20,浦和,1,Ｃ３ ４歳ウ,1300,ダ,左,重,晴,10,2,2,オメガジャスミン,牝,4,54.0,457,-1,笹川翼,野口孝,,2,1:22.9,38.4,7-9-8-4,3,457,-1
2025/03/20,浦和,1,Ｃ３ ４歳ウ,1300,ダ,左,重,晴,10,1,1,ストームペガサス,セ,0,56.0,0,0,張田昂,平山真,,3,1:23.3,40.1,1-1-1-2,1,0,0
2025/03/20,浦和,1,Ｃ３ ４歳ウ,1300,ダ,左,重,晴,10,8,9,マメゾウシンヤ,牡,4,56.0,432,-1,野畑凌,水野貴,,4,1:23.4,39.4,8-7-4-5,4,432,-1
2025/03/20,浦和,1,Ｃ３ ４歳ウ,1300,ダ,左,重,晴,10,4,4,タイムレスブルーム,牡,4,56.0,485,-3,山本聡,野口孝,,5,1:23.5,39.3,6-6-7-8,6,485,-3
2025/03/20,浦和,1,Ｃ３ ４歳ウ,1300,ダ,左,重,晴,10,7,8,タイプフェイス,牝,4,54.0,451,5,福原杏,水野貴,,6,1:23.6,40.3,2-2-2-3,2,451,5
2025/03/20,浦和,1,Ｃ３ ４歳ウ,1300,ダ,左,重,晴,10,6,6,マインドマイワーズ,牡,4,56.0,480,2,菅原涼,藤原智,,7,1:23.8,40.1,5-4-4-7,8,480,2
2025/03/20,浦和,1,Ｃ３ ４歳ウ,1300,ダ,左,重,晴,10,3,3,オンネア,牝,4,54.0,474,-4,室陽一,入口由,,8,1:23.9,40.0,4-5-6-6,5,474,-4
2025/03/20,浦和,1,Ｃ３ ４歳ウ,1300,ダ,左,重,晴,10,7,7,リュウノツライフ,牡,4,56.0,456,-3,内田利,野口孝,,9,1:24.5,40.0,9-8-9-9,7,456,-3
2025/03/20,浦和,1,Ｃ３ ４歳ウ,1300,ダ,左,重,晴,10,5,5,ギサール,牝,4,54.0,397,-12,七夕裕,酒井一,,10,1:25.3,40.0,10-10-10-10,10,397,-12
2025/03/20,浦和,2,浦和８００ラウンドＣ３選抜馬イ,800,ダ,左,重,晴,12,6,7,カラウヌ,牝,6,54.0,467,-1,中越琉,佐藤博,,1,0:47.7,35.4,2-2,2,467,-1
2025/03/20,浦和,2,浦和８００ラウンドＣ３選抜馬イ,800,ダ,左,重,晴,12,7,10,ロングビーチ,牝,4,54.0,408,4,笹川翼,藤原智,,2,0:47.8,35.9,1-1,1,408,4
2025/03/20,浦和,2,浦和８００ラウンドＣ３選抜馬イ,800,ダ,左,重,晴,12,4,4,リュウノアーダーン,牝,7,54.0,430,-4,和田譲,野口寛,,3,0:48.1,36.0,3-3,6,430,-4
2025/03/20,浦和,2,浦和８００ラウンドＣ３選抜馬イ,800,ダ,左,重,晴,12,3,3,コトル,牝,6,54.0,509,-8,國分祐,川村守,,4,0:48.3,36.0,5-4,5,509,-8
2025/03/20,浦和,2,浦和８００ラウンドＣ３選抜馬イ,800,ダ,左,重,晴,12,5,5,フリブール,牝,7,54.0,449,-4,内田利,内野健,,5,0:48.4,35.8,6-6,3,449,-4
2025/03/20,浦和,2,浦和８００ラウンドＣ３選抜馬イ,800,ダ,左,重,晴,12,5,6,ブライトソール,牡,6,56.0,428,1,岡田大,薮口一,,6,0:48.6,36.3,4-5,7,428,1
2025/03/20,浦和,2,浦和８００ラウンドＣ３選抜馬イ,800,ダ,左,重,晴,12,8,12,チェンマイルージュ,牝,9,54.0,471,7,見越彬,鈴木勝,,7,0:48.9,36.0,8-9,9,471,7
2025/03/20,浦和,2,浦和８００ラウンドＣ３選抜馬イ,800,ダ,左,重,晴,12,7,9,サプライズギフト,牝,7,52.0,440,10,中島良,川島豊,,8,0:48.9,36.3,7-7,4,440,10
2025/03/20,浦和,2,浦和８００ラウンドＣ３選抜馬イ,800,ダ,左,重,晴,12,6,8,スマートドラフト,牝,6,54.0,433,0,高橋哲,鈴木勝,,9,0:48.9,35.8,9-8,12,433,0
2025/03/20,浦和,2,浦和８００ラウンドＣ３選抜馬イ,800,ダ,左,重,晴,12,2,2,ファーマスター,牝,7,54.0,442,-2,赤津和,小林真,,10,0:49.7,36.4,12-10,10,442,-2
2025/03/20,浦和,2,浦和８００ラウンドＣ３選抜馬イ,800,ダ,左,重,晴,12,8,11,ゴールドボード,牝,6,54.0,521,-1,保園翔,箕輪武,,11,0:49.9,36.8,10-11,8,521,-1
2025/03/20,浦和,2,浦和８００ラウンドＣ３選抜馬イ,800,ダ,左,重,晴,12,1,1,ニシノオスマン,牡,5,56.0,498,-2,秋元耕,吉田正,,12,0:51.0,37.9,11-12,11,498,-2
2025/03/20,浦和,3,浦和８００ラウンドＣ３選抜馬ア,800,ダ,左,重,晴,12,7,10,ファンファン,牡,8,56.0,474,-2,赤津和,箕輪武,,1,0:47.7,35.4,3-3,3,474,-2
2025/03/20,浦和,3,浦和８００ラウンドＣ３選抜馬ア,800,ダ,左,重,晴,12,3,3,ベアビー,牝,4,52.0,470,13,中島良,川島豊,,2,0:47.8,35.3,5-5,8,470,13
2025/03/20,浦和,3,浦和８００ラウンドＣ３選抜馬ア,800,ダ,左,重,晴,12,8,11,シンキングセンティ,牝,6,54.0,469,1,岡田大,川村守,,3,0:47.8,35.6,2-1,2,469,1
2025/03/20,浦和,3,浦和８００ラウンドＣ３選抜馬ア,800,ダ,左,重,晴,12,8,12,リチェルカータ,牝,8,54.0,447,3,室陽一,小澤宏,,4,0:48.1,35.4,6-6,6,447,3
2025/03/20,浦和,3,浦和８００ラウンドＣ３選抜馬ア,800,ダ,左,重,晴,12,6,8,マザーフェイヴァー,牝,7,54.0,466,2,木間龍,工藤伸,,5,0:48.1,35.8,4-4,1,466,2
2025/03/20,浦和,3,浦和８００ラウンドＣ３選抜馬ア,800,ダ,左,重,晴,12,6,7,アカルイスモウブ,牝,6,54.0,419,-1,福原杏,冨田敏,,6,0:48.2,36.1,1-2,7,419,-1
2025/03/20,浦和,3,浦和８００ラウンドＣ３選抜馬ア,800,ダ,左,重,晴,12,7,9,ジュニパーダンス,牝,7,54.0,447,2,和田譲,酒井一,,7,0:48.6,35.9,7-7,4,447,2
2025/03/20,浦和,3,浦和８００ラウンドＣ３選抜馬ア,800,ダ,左,重,晴,12,4,4,キタカラキタダイヤ,牝,5,54.0,444,6,野畑凌,吉橋淳,,8,0:48.7,36.0,8-8,9,444,6
2025/03/20,浦和,3,浦和８００ラウンドＣ３選抜馬ア,800,ダ,左,重,晴,12,5,6,スパイツサージュ,牝,5,53.0,501,7,佐野遥,宇野博,,9,0:48.7,35.7,11-9,5,501,7
2025/03/20,浦和,3,浦和８００ラウンドＣ３選抜馬ア,800,ダ,左,重,晴,12,2,2,ワールドウィスラー,牡,8,56.0,466,-10,岡村裕,久保勇,,10,0:48.7,35.7,10-11,10,466,-10
2025/03/20,浦和,3,浦和８００ラウンドＣ３選抜馬ア,800,ダ,左,重,晴,12,5,5,シックスレター,牝,7,54.0,484,3,新原周,林隆之,,11,0:48.8,35.8,9-10,11,484,3
2025/03/20,浦和,3,浦和８００ラウンドＣ３選抜馬ア,800,ダ,左,重,晴,12,1,1,ワンダーダイカネン,牡,8,56.0,511,4,秋元耕,鈴木勝,,12,0:49.5,35.9,12-12,12,511,4
2025/03/20,浦和,4,３歳六,1400,ダ,左,重,晴,10,4,4,ウォーキン,牡,3,56.0,459,-1,吉原寛,宇野博,,1,1:29.1,37.7,9-6-5-3,1,459,-1
2025/03/20,浦和,4,３歳六,1400,ダ,左,重,晴,10,3,3,キングマイネオ,牡,3,56.0,449,3,野畑凌,甲田悟,,2,1:29.3,38.3,1-1-1-1,3,449,3
2025/03/20,浦和,4,３歳六,1400,ダ,左,重,晴,10,7,7,トゥアオウフ,牡,3,56.0,480,9,笹川翼,繁田健,,3,1:29.6,38.6,3-3-3-2,2,480,9
2025/03/20,浦和,4,３歳六,1400,ダ,左,重,晴,10,5,5,ボヌールネージュ,牝,3,54.0,461,0,西啓太,内田勝,,4,1:29.8,38.4,5-5-6-5,9,461,0
2025/03/20,浦和,4,３歳六,1400,ダ,左,重,晴,10,6,6,ボルドーティラミス,牝,3,54.0,452,-12,矢野貴,田邊陽,,5,1:30.4,39.4,2-2-2-4,6,452,-12
2025/03/20,浦和,4,３歳六,1400,ダ,左,重,晴,10,8,9,ブラックアスラーダ,牡,3,56.0,469,3,内田利,箕輪武,,6,1:30.4,39.4,4-4-4-6,4,469,3
2025/03/20,浦和,4,３歳六,1400,ダ,左,重,晴,10,8,10,アークフロリナ,牡,3,56.0,460,-4,新原周,平田正,,7,1:30.6,39.1,6-7-7-7,7,460,-4
2025/03/20,浦和,4,３歳六,1400,ダ,左,重,晴,10,7,8,ハシリマッセ,牡,3,56.0,453,2,福原杏,川島豊,,8,1:30.8,39.1,8-8-8-8,5,453,2
2025/03/20,浦和,4,３歳六,1400,ダ,左,重,晴,10,1,1,フィザリス,牡,3,56.0,465,1,山本聡,藤原智,,9,1:31.3,39.0,10-10-10-10,8,465,1
2025/03/20,浦和,4,３歳六,1400,ダ,左,重,晴,10,2,2,ラビッツバイク,牝,3,54.0,417,-8,和田譲,吉橋淳,,10,1:31.7,39.8,7-9-9-9,10,417,-8
2025/03/20,浦和,5,Ｃ２七 八 九,1400,ダ,左,重,晴,12,8,11,キタノファルコン,牡,5,56.0,469,-6,藤江渉,岩本洋,,1,1:28.8,38.8,8-7-3-2,3,469,-6
2025/03/20,浦和,5,Ｃ２七 八 九,1400,ダ,左,重,晴,12,7,9,ツェルニー,牝,4,54.0,441,2,秋元耕,鹿沼和,,2,1:28.8,38.9,6-5-5-4,1,441,2
2025/03/20,浦和,5,Ｃ２七 八 九,1400,ダ,左,重,晴,12,1,1,リッキオ,牡,6,56.0,481,1,岡田大,薮口一,,3,1:28.9,38.9,7-8-3-3,6,481,1
2025/03/20,浦和,5,Ｃ２七 八 九,1400,ダ,左,重,晴,12,6,8,スターハッスル,牡,5,56.0,508,2,吉原寛,小澤宏,,4,1:29.2,39.9,1-1-1-1,4,508,2
2025/03/20,浦和,5,Ｃ２七 八 九,1400,ダ,左,重,晴,12,8,12,カリプソ,牝,4,54.0,421,-3,福原杏,内野健,,5,1:29.3,38.3,12-11-11-6,7,421,-3
2025/03/20,浦和,5,Ｃ２七 八 九,1400,ダ,左,重,晴,12,5,6,シントーツバキ,牝,5,54.0,426,5,七夕裕,酒井一,,6,1:30.2,40.2,5-6-7-7,12,426,5
2025/03/20,浦和,5,Ｃ２七 八 九,1400,ダ,左,重,晴,12,5,5,コスモホライズン,牡,4,54.0,488,-10,中島良,小林真,,7,1:30.6,40.3,10-9-8-9,10,488,-10
2025/03/20,浦和,5,Ｃ２七 八 九,1400,ダ,左,重,晴,12,2,2,ローゼシュティア,牝,6,54.0,487,-2,高橋哲,横山保,,8,1:30.7,40.3,9-10-10-11,9,487,-2
2025/03/20,浦和,5,Ｃ２七 八 九,1400,ダ,左,重,晴,12,6,7,ラニーズグレイス,牝,5,54.0,477,5,矢野貴,工藤伸,,9,1:30.7,41.3,2-2-2-5,2,477,5
2025/03/20,浦和,5,Ｃ２七 八 九,1400,ダ,左,重,晴,12,7,10,ギレルモ,セ,0,56.0,487,0,野畑凌,箕輪武,,10,1:30.8,41.1,3-3-6-8,5,487,0
2025/03/20,浦和,5,Ｃ２七 八 九,1400,ダ,左,重,晴,12,3,3,アンファンドディユ,牡,8,56.0,464,3,笠野雄,海馬司,,11,1:30.9,39.1,11-12-12-12,11,464,3
2025/03/20,浦和,5,Ｃ２七 八 九,1400,ダ,左,重,晴,12,4,4,レモンスフレ,牝,4,54.0,419,-2,半澤慶,入口由,,12,1:31.2,41.2,4-4-9-10,8,419,-2
2025/03/20,浦和,6,Ｃ２七 八 九,1500,ダ,左,重,晴,12,1,1,フェアメーゲン,牝,7,51.0,440,-6,加藤雄,工藤伸,,1,1:35.5,38.7,2-2-1-1,3,440,-6
2025/03/20,浦和,6,Ｃ２七 八 九,1500,ダ,左,重,晴,12,4,4,ゴールデンナイト,牡,7,56.0,487,-3,笹川翼,田島寿,,2,1:36.0,39.0,5-5-5-2,1,487,-3
2025/03/20,浦和,6,Ｃ２七 八 九,1500,ダ,左,重,晴,12,7,10,ガリンシャ,牡,6,56.0,441,4,伊藤裕,八木仁,,3,1:36.2,38.5,11-11-8-5,5,441,4
2025/03/20,浦和,6,Ｃ２七 八 九,1500,ダ,左,重,晴,12,5,6,セキレイ,牝,6,54.0,466,-9,町田直,平田正,,4,1:36.3,39.3,6-6-3-3,6,466,-9
2025/03/20,浦和,6,Ｃ２七 八 九,1500,ダ,左,重,晴,12,3,3,モーニング,牡,5,56.0,472,-4,藤江渉,入口由,,5,1:36.4,38.4,12-12-6-6,2,472,-4
2025/03/20,浦和,6,Ｃ２七 八 九,1500,ダ,左,重,晴,12,7,9,ノブオートーケン,牡,6,56.0,451,-5,室陽一,小澤宏,,6,1:36.6,39.1,8-9-9-7,7,451,-5
2025/03/20,浦和,6,Ｃ２七 八 九,1500,ダ,左,重,晴,12,8,11,ラージフィールド,セ,0,56.0,497,6,高橋哲,酒井一,,7,1:36.7,39.7,7-7-4-4,9,497,6
2025/03/20,浦和,6,Ｃ２七 八 九,1500,ダ,左,重,晴,12,8,12,リッキーマキアート,牝,5,54.0,482,0,木間龍,酒井一,,8,1:37.8,40.0,10-10-11-9,4,482,0
2025/03/20,浦和,6,Ｃ２七 八 九,1500,ダ,左,重,晴,12,5,5,ファイアスター,牡,4,56.0,472,-5,野畑凌,工藤伸,,9,1:38.1,41.1,3-3-2-8,8,472,-5
2025/03/20,浦和,6,Ｃ２七 八 九,1500,ダ,左,重,晴,12,6,7,キミニメロメロ,牝,4,54.0,453,-14,秋元耕,吉田正,,10,1:38.4,41.2,4-4-9-10,10,453,-14
2025/03/20,浦和,6,Ｃ２七 八 九,1500,ダ,左,重,晴,12,2,2,リュウノリエゾン,牝,4,54.0,413,3,見越彬,鹿沼和,,11,1:38.6,41.0,9-8-12-11,12,413,3
2025/03/20,浦和,6,Ｃ２七 八 九,1500,ダ,左,重,晴,12,6,8,サイレントニャー,牝,4,54.0,501,-1,加藤和,薮口一,,12,1:41.4,44.5,1-1-7-12,11,501,-1
2025/03/20,浦和,7,桜のまち幸手賞Ｃ２七 八 九,1500,ダ,左,重,晴,12,5,6,パンディーロ,セ,0,56.0,512,-2,福原杏,宇野博,,1,1:36.8,39.3,1-1-1-1,2,512,-2
2025/03/20,浦和,7,桜のまち幸手賞Ｃ２七 八 九,1500,ダ,左,重,晴,12,7,9,ミュークレグルス,牡,7,56.0,522,-3,山崎誠,山崎尋,,2,1:36.8,38.6,4-4-4-4,3,522,-3
2025/03/20,浦和,7,桜のまち幸手賞Ｃ２七 八 九,1500,ダ,左,重,晴,12,6,7,テーオーダムール,牡,4,56.0,512,-5,室陽一,川島豊,,3,1:36.9,38.4,6-9-7-5,1,512,-5
2025/03/20,浦和,7,桜のまち幸手賞Ｃ２七 八 九,1500,ダ,左,重,晴,12,6,8,モナークスラッガー,牡,5,56.0,432,-4,澤田龍,田島寿,,4,1:37.1,39.1,9-6-3-3,8,432,-4
2025/03/20,浦和,7,桜のまち幸手賞Ｃ２七 八 九,1500,ダ,左,重,晴,12,3,3,エムリエール,牡,6,56.0,468,2,山中悠,小澤宏,,5,1:37.2,39.4,2-2-2-2,5,468,2
2025/03/20,浦和,7,桜のまち幸手賞Ｃ２七 八 九,1500,ダ,左,重,晴,12,2,2,アナザームーン,牡,5,56.0,487,1,和田譲,齊藤敏,,6,1:37.3,38.4,10-11-10-7,4,487,1
2025/03/20,浦和,7,桜のまち幸手賞Ｃ２七 八 九,1500,ダ,左,重,晴,12,5,5,ロッソアモーレ,牝,8,54.0,476,-6,岡村裕,山田正,,7,1:37.7,39.4,3-3-5-6,12,476,-6
2025/03/20,浦和,7,桜のまち幸手賞Ｃ２七 八 九,1500,ダ,左,重,晴,12,7,10,ユイノパチョレック,牡,4,56.0,492,-2,七夕裕,工藤伸,,8,1:38.0,39.3,11-10-8-9,10,492,-2
2025/03/20,浦和,7,桜のまち幸手賞Ｃ２七 八 九,1500,ダ,左,重,晴,12,4,4,コングラツィア,牝,9,54.0,443,-5,秋元耕,田邊陽,,9,1:38.0,39.3,7-8-9-10,9,443,-5
2025/03/20,浦和,7,桜のまち幸手賞Ｃ２七 八 九,1500,ダ,左,重,晴,12,8,11,ティンドラ,牝,5,51.0,437,-2,加藤雄,山崎尋,,10,1:38.0,39.7,5-5-5-8,6,437,-2
2025/03/20,浦和,7,桜のまち幸手賞Ｃ２七 八 九,1500,ダ,左,重,晴,12,8,12,リュウノブライダー,牡,4,56.0,483,3,張田昂,野口孝,,11,1:38.6,39.5,12-12-12-12,11,483,3
2025/03/20,浦和,7,桜のまち幸手賞Ｃ２七 八 九,1500,ダ,左,重,晴,12,1,1,ネオアンコーラ,牡,6,56.0,496,3,保園翔,川島豊,,12,1:39.1,40.4,8-7-11-11,7,496,3
2025/03/20,浦和,8,夢見月特別Ｃ３選抜馬ア,2000,ダ,左,重,晴,12,2,2,ロットゥーラ,牡,5,56.0,475,3,落合玄,小久智,,1,2:11.7,40.0,5-5-4-3,4,475,3
2025/03/20,浦和,8,夢見月特別Ｃ３選抜馬ア,2000,ダ,左,重,晴,12,7,9,カペラスター,牡,6,56.0,501,-11,内田利,川村守,,2,2:12.1,40.2,8-8-6-5,2,501,-11
2025/03/20,浦和,8,夢見月特別Ｃ３選抜馬ア,2000,ダ,左,重,晴,12,6,8,キスアンドテル,牝,6,54.0,508,-6,笠野雄,海馬司,,3,2:12.2,40.8,3-3-1-1,1,508,-6
2025/03/20,浦和,8,夢見月特別Ｃ３選抜馬ア,2000,ダ,左,重,晴,12,4,4,ニューディヴァイド,セ,0,55.0,486,-5,佐野遥,八木喜,,4,2:12.5,40.8,10-10-2-2,10,486,-5
2025/03/20,浦和,8,夢見月特別Ｃ３選抜馬ア,2000,ダ,左,重,晴,12,5,6,ミサイルビスケッツ,牝,5,51.0,424,-5,神尾香,今井輝,,5,2:13.0,41.1,7-6-7-6,9,424,-5
2025/03/20,浦和,8,夢見月特別Ｃ３選抜馬ア,2000,ダ,左,重,晴,12,1,1,サンラグナニゲル,牝,6,54.0,479,5,福原杏,川村守,,6,2:13.4,41.3,9-9-8-7,6,479,5
2025/03/20,浦和,8,夢見月特別Ｃ３選抜馬ア,2000,ダ,左,重,晴,12,6,7,アルマス,牡,8,56.0,400,-5,七夕裕,古澤悟,,7,2:13.6,41.3,11-11-10-8,7,400,-5
2025/03/20,浦和,8,夢見月特別Ｃ３選抜馬ア,2000,ダ,左,重,晴,12,7,10,サンボールダー,牝,6,54.0,475,-4,岡田大,鹿沼和,,8,2:13.6,42.2,2-2-2-4,12,475,-4
2025/03/20,浦和,8,夢見月特別Ｃ３選抜馬ア,2000,ダ,左,重,晴,12,5,5,カバロプレト,牡,6,56.0,442,-5,室陽一,入口由,,9,2:13.8,41.5,12-12-12-10,5,442,-5
2025/03/20,浦和,8,夢見月特別Ｃ３選抜馬ア,2000,ダ,左,重,晴,12,8,11,タマモコンペイトウ,牝,5,52.0,455,-4,中島良,川島豊,,10,2:14.2,42.8,1-1-5-9,8,455,-4
2025/03/20,浦和,8,夢見月特別Ｃ３選抜馬ア,2000,ダ,左,重,晴,12,3,3,ウイングラドナス,牡,6,56.0,452,-12,見越彬,内野健,,11,2:15.0,42.9,6-7-9-11,3,452,-12
2025/03/20,浦和,8,夢見月特別Ｃ３選抜馬ア,2000,ダ,左,重,晴,12,8,12,スターコマチ,牝,6,54.0,427,3,半澤慶,川村守,,12,2:15.8,43.7,4-4-11-12,11,427,3
2025/03/20,浦和,9,桜草特別Ｃ１選抜馬,800,ダ,左,重,晴,12,1,1,エイシンエメラルド,牝,5,51.0,420,-2,加藤雄,工藤伸,,1,0:46.6,35.0,1-1,4,420,-2
2025/03/20,浦和,9,桜草特別Ｃ１選抜馬,800,ダ,左,重,晴,12,3,3,エーティースピカ,牝,5,54.0,518,3,室陽一,宇野博,,2,0:47.0,35.1,6-5,6,518,3
2025/03/20,浦和,9,桜草特別Ｃ１選抜馬,800,ダ,左,重,晴,12,8,12,ニシノクラウディア,牝,5,54.0,474,-4,福原杏,小澤宏,,3,0:47.0,35.3,3-3,1,474,-4
2025/03/20,浦和,9,桜草特別Ｃ１選抜馬,800,ダ,左,重,晴,12,7,10,ダイヤモンドキッス,牡,4,56.0,523,45,七夕裕,鹿沼和,,4,0:47.1,35.0,7-6,5,523,45
2025/03/20,浦和,9,桜草特別Ｃ１選抜馬,800,ダ,左,重,晴,12,5,6,ケイツーユーロ,牡,5,56.0,464,-4,笹川翼,加藤誠,,5,0:47.4,35.7,2-2,2,464,-4
2025/03/20,浦和,9,桜草特別Ｃ１選抜馬,800,ダ,左,重,晴,12,6,8,エリークラウン,牝,6,54.0,464,-5,町田直,入口由,,6,0:47.6,35.9,5-7,7,464,-5
2025/03/20,浦和,9,桜草特別Ｃ１選抜馬,800,ダ,左,重,晴,12,8,11,トゥーリナライト,牡,5,56.0,466,-6,野畑凌,田邊陽,,7,0:47.7,35.4,10-10,3,466,-6
2025/03/20,浦和,9,桜草特別Ｃ１選抜馬,800,ダ,左,重,晴,12,6,7,サンファウンテン,牡,4,56.0,492,-1,加藤和,長谷忍,,8,0:47.7,36.0,3-4,11,492,-1
2025/03/20,浦和,9,桜草特別Ｃ１選抜馬,800,ダ,左,重,晴,12,7,9,トッキーホレット,牝,4,54.0,469,13,見越彬,小林真,,9,0:47.7,35.9,8-8,8,469,13
2025/03/20,浦和,9,桜草特別Ｃ１選抜馬,800,ダ,左,重,晴,12,2,2,セイウンシデン,牡,6,56.0,534,-3,國分祐,吉田正,,10,0:47.7,35.4,9-9,12,534,-3
2025/03/20,浦和,9,桜草特別Ｃ１選抜馬,800,ダ,左,重,晴,12,5,5,メイショウフウカ,牝,7,54.0,483,-10,半澤慶,宇野博,,11,0:47.9,35.4,11-11,10,483,-10
2025/03/20,浦和,9,桜草特別Ｃ１選抜馬,800,ダ,左,重,晴,12,4,4,シェナブライト,牡,7,56.0,518,-5,秋元耕,吉田正,,12,0:48.2,35.2,12-12,9,518,-5
2025/03/20,浦和,10,桜花賞３歳牝馬オープン,1500,ダ,左,重,晴,12,6,7,プラウドフレール,牝,3,55.0,478,-1,張田昂,川島一,,1,1:33.5,37.8,1-1-1-1,2,478,-1
2025/03/20,浦和,10,桜花賞３歳牝馬オープン,1500,ダ,左,重,晴,12,1,1,ホーリーグレイル,牝,3,55.0,482,5,吉原寛,内田勝,,2,1:33.8,37.9,4-4-5-3,1,482,5
2025/03/20,浦和,10,桜花賞３歳牝馬オープン,1500,ダ,左,重,晴,12,8,11,リヴェルベロ,牝,3,55.0,475,-7,木間龍,矢野義,,3,1:34.2,38.5,3-3-2-2,11,475,-7
2025/03/20,浦和,10,桜花賞３歳牝馬オープン,1500,ダ,左,重,晴,12,7,10,ゼロアワー,牝,3,55.0,437,-1,矢野貴,高月賢,,4,1:34.4,38.5,4-5-5-4,3,437,-1
2025/03/20,浦和,10,桜花賞３歳牝馬オープン,1500,ダ,左,重,晴,12,5,6,エイシンマジョリカ,牝,3,55.0,454,-3,笹川翼,藤原智,,5,1:34.4,38.3,8-7-9-5,4,454,-3
2025/03/20,浦和,10,桜花賞３歳牝馬オープン,1500,ダ,左,重,晴,12,3,3,ウィルシャイン,牝,3,55.0,451,-2,本田重,佐藤太,,6,1:34.6,37.7,12-12-12-9,7,451,-2
2025/03/20,浦和,10,桜花賞３歳牝馬オープン,1500,ダ,左,重,晴,12,2,2,ウインハルモニア,牝,3,55.0,467,-8,野畑凌,宗形竹,,7,1:34.7,38.3,11-11-11-7,5,467,-8
2025/03/20,浦和,10,桜花賞３歳牝馬オープン,1500,ダ,左,重,晴,12,6,8,エスカティア,牝,3,55.0,488,3,落合玄,小久智,,8,1:35.0,38.9,7-8-8-7,6,488,3
2025/03/20,浦和,10,桜花賞３歳牝馬オープン,1500,ダ,左,重,晴,12,8,12,モンゲーキララ,牝,3,55.0,435,-8,山崎誠,鈴木義,,9,1:35.5,39.6,6-6-4-6,12,435,-8
2025/03/20,浦和,10,桜花賞３歳牝馬オープン,1500,ダ,左,重,晴,12,5,5,フリーダム,牝,3,55.0,443,0,和田譲,宗形竹,,10,1:35.7,39.4,10-10-10-12,9,443,0
2025/03/20,浦和,10,桜花賞３歳牝馬オープン,1500,ダ,左,重,晴,12,4,4,イナダヒメ,牝,3,55.0,430,0,町田直,繁田健,,11,1:35.8,39.7,9-9-7-9,10,430,0
2025/03/20,浦和,10,桜花賞３歳牝馬オープン,1500,ダ,左,重,晴,12,7,9,ツウエンティフォー,牝,3,55.0,446,-7,本橋孝,小久智,,12,1:36.5,40.8,2-2-2-11,8,446,-7
2025/03/20,浦和,11,弥生特別Ａ２下,1500,ダ,左,重,晴,11,7,9,シーサーペント,牡,5,57.0,480,-6,吉原寛,小久智,,1,1:33.3,37.0,1-1-1-1,1,480,-6
2025/03/20,浦和,11,弥生特別Ａ２下,1500,ダ,左,重,晴,11,8,11,エアポートライナー,牡,5,57.0,556,-1,西啓太,小久智,,2,1:33.4,36.9,3-3-3-3,3,556,-1
2025/03/20,浦和,11,弥生特別Ａ２下,1500,ダ,左,重,晴,11,8,10,ウインドフレイバー,牡,5,57.0,483,3,町田直,繁田健,,3,1:34.3,37.9,2-2-2-2,7,483,3
2025/03/20,浦和,11,弥生特別Ａ２下,1500,ダ,左,重,晴,11,4,4,オークハンプトン,牡,7,55.0,490,-9,落合玄,岡林光,,4,1:34.4,37.1,8-8-7-4,4,490,-9
2025/03/20,浦和,11,弥生特別Ａ２下,1500,ダ,左,重,晴,11,3,3,タブラオ,セ,0,57.0,487,1,今野忠,荒山勝,,5,1:34.4,37.8,4-4-4-5,2,487,1
2025/03/20,浦和,11,弥生特別Ａ２下,1500,ダ,左,重,晴,11,1,1,フレールフィーユ,セ,0,57.0,493,4,和田譲,野口寛,,6,1:34.6,36.9,10-10-11-9,8,493,4
2025/03/20,浦和,11,弥生特別Ａ２下,1500,ダ,左,重,晴,11,5,5,ヴァヴィロフ,牡,7,57.0,482,-1,矢野貴,高月賢,,7,1:34.6,37.8,5-6-6-7,9,482,-1
2025/03/20,浦和,11,弥生特別Ａ２下,1500,ダ,左,重,晴,11,6,6,アムクラージュ,牡,4,57.0,529,-13,内田利,藤原智,,8,1:34.7,37.9,7-5-5-6,6,529,-13
2025/03/20,浦和,11,弥生特別Ａ２下,1500,ダ,左,重,晴,11,2,2,エナジーグラン,牡,6,57.0,474,-4,笹川翼,繁田健,,9,1:35.6,38.5,9-9-9-8,5,474,-4
2025/03/20,浦和,11,弥生特別Ａ２下,1500,ダ,左,重,晴,11,7,8,ダイメイコリーダ,牡,8,57.0,517,1,張田昂,野口孝,,10,1:35.6,37.9,11-11-10-10,11,517,1
2025/03/20,浦和,11,弥生特別Ａ２下,1500,ダ,左,重,晴,11,6,7,ワガンセ,牡,6,55.0,464,-8,山本聡,内田勝,,11,1:35.9,38.8,6-7-8-11,10,464,-8
2025/03/20,浦和,12,春分の日特別Ｂ２Ｂ３選抜馬,2000,ダ,左,重,晴,12,6,7,シンメルーブス,牝,4,55.0,472,4,吉原寛,野口寛,,1,2:08.0,37.9,4-3-3-1,1,472,4
2025/03/20,浦和,12,春分の日特別Ｂ２Ｂ３選抜馬,2000,ダ,左,重,晴,12,6,8,リョウタスペシャル,牡,5,55.0,437,-5,福原杏,小澤宏,,2,2:08.6,38.8,2-2-2-2,3,437,-5
2025/03/20,浦和,12,春分の日特別Ｂ２Ｂ３選抜馬,2000,ダ,左,重,晴,12,1,1,アヴァニイ,牝,8,55.0,500,3,木間龍,小久智,,3,2:09.4,38.6,9-9-5-5,4,500,3
2025/03/20,浦和,12,春分の日特別Ｂ２Ｂ３選抜馬,2000,ダ,左,重,晴,12,3,3,ダイバオーソ,牡,7,55.0,475,0,藤江渉,箕輪武,,4,2:09.6,38.4,7-6-6-6,11,475,0
2025/03/20,浦和,12,春分の日特別Ｂ２Ｂ３選抜馬,2000,ダ,左,重,晴,12,5,5,ロイヤルザップ,牡,6,57.0,491,0,笹川翼,宇野博,,5,2:09.6,38.6,8-8-6-6,2,491,0
2025/03/20,浦和,12,春分の日特別Ｂ２Ｂ３選抜馬,2000,ダ,左,重,晴,12,5,6,イデアノキセキ,牡,6,55.0,457,-3,張田昂,鹿沼和,,6,2:09.6,39.0,5-5-4-4,10,457,-3
2025/03/20,浦和,12,春分の日特別Ｂ２Ｂ３選抜馬,2000,ダ,左,重,晴,12,7,10,オデンシタ,牡,5,55.0,466,-5,保園翔,野口寛,,7,2:09.9,38.7,6-7-10-9,6,466,-5
2025/03/20,浦和,12,春分の日特別Ｂ２Ｂ３選抜馬,2000,ダ,左,重,晴,12,2,2,イエヴァンポルッカ,牡,6,55.0,512,4,赤津和,宇野博,,8,2:10.0,38.5,10-10-8-8,9,512,4
2025/03/20,浦和,12,春分の日特別Ｂ２Ｂ３選抜馬,2000,ダ,左,重,晴,12,8,11,ジオヴィグラス,セ,0,55.0,456,-8,室陽一,吉田正,,9,2:10.0,37.6,12-12-12-10,7,456,-8
2025/03/20,浦和,12,春分の日特別Ｂ２Ｂ３選抜馬,2000,ダ,左,重,晴,12,4,4,セクシーコマンドー,牡,5,55.0,477,-6,落合玄,小久智,,10,2:10.3,40.5,1-1-1-3,5,477,-6
2025/03/20,浦和,12,春分の日特別Ｂ２Ｂ３選抜馬,2000,ダ,左,重,晴,12,7,9,プリンスオーソ,牡,5,55.0,463,-2,加藤和,長谷忍,,11,2:11.6,39.8,11-11-11-11,12,463,-2
2025/03/20,浦和,12,春分の日特別Ｂ２Ｂ３選抜馬,2000,ダ,左,重,晴,12,8,12,ジェイケイファイン,セ,0,54.0,481,-6,鷹見陸,水野貴,,12,2:13.2,42.4,3-4-9-12,8,481,-6
2025/03/21,浦和,1,特選Ｃ３一 二,1400,ダ,左,重,晴,12,2,2,アラビアンレイン,牡,5,56.0,538,-13,福原杏,水野貴,,1,1:28.7,39.1,1-1-1-1,1,538,-13
2025/03/21,浦和,1,特選Ｃ３一 二,1400,ダ,左,重,晴,12,7,10,キタサンエポナ,牝,6,54.0,439,7,笹川翼,繁田健,,2,1:30.1,39.8,3-4-2-2,2,439,7
2025/03/21,浦和,1,特選Ｃ３一 二,1400,ダ,左,重,晴,12,1,1,フクフクテンテン,牝,5,54.0,492,-1,山崎誠,甲田悟,,3,1:30.5,39.6,6-6-6-4,9,492,-1
2025/03/21,浦和,1,特選Ｃ３一 二,1400,ダ,左,重,晴,12,6,8,シルヴァギンジ,牡,6,56.0,486,-2,藤江渉,岩本洋,,4,1:30.6,39.1,10-10-9-5,10,486,-2
2025/03/21,浦和,1,特選Ｃ３一 二,1400,ダ,左,重,晴,12,8,12,シャコンヌ,セ,0,56.0,458,1,室陽一,宇野博,,5,1:31.1,41.0,2-2-3-3,12,458,1
2025/03/21,浦和,1,特選Ｃ３一 二,1400,ダ,左,重,晴,12,7,9,ドーバーファルコン,セ,0,56.0,462,-7,秋元耕,海馬司,,6,1:31.5,40.0,9-11-11-9,7,462,-7
2025/03/21,浦和,1,特選Ｃ３一 二,1400,ダ,左,重,晴,12,6,7,シェナチチカカ,牝,6,54.0,384,-3,山林信,山田正,,7,1:31.6,40.7,8-8-8-10,8,384,-3
2025/03/21,浦和,1,特選Ｃ３一 二,1400,ダ,左,重,晴,12,8,11,イチゴホイップ,牝,5,54.0,488,5,高橋哲,海馬司,,8,1:31.7,41.4,4-3-4-7,11,488,5
2025/03/21,浦和,1,特選Ｃ３一 二,1400,ダ,左,重,晴,12,4,4,ケンブリッジウィズ,牝,9,54.0,464,1,町田直,新井清,,9,1:31.8,40.9,7-7-7-6,5,464,1
2025/03/21,浦和,1,特選Ｃ３一 二,1400,ダ,左,重,晴,12,3,3,スイフトマリー,牝,6,54.0,394,-3,吉原寛,酒井一,,10,1:32.0,40.7,12-9-10-11,4,394,-3
2025/03/21,浦和,1,特選Ｃ３一 二,1400,ダ,左,重,晴,12,5,5,メイショウベニバナ,牝,5,54.0,457,6,赤津和,長谷忍,,11,1:32.0,41.5,5-5-5-8,6,457,6
2025/03/21,浦和,1,特選Ｃ３一 二,1400,ダ,左,重,晴,12,5,6,コイスルシイナ,牝,5,54.0,532,-5,野畑凌,高月賢,,12,1:32.5,40.2,11-12-12-12,3,532,-5
2025/03/21,浦和,2,ランチタイムチャレンジＣ２十 十一,1400,ダ,左,重,晴,11,8,10,キミハレモネード,牝,4,54.0,449,4,笹川翼,水野貴,,1,1:29.1,38.4,1-2-2-1,2,449,4
2025/03/21,浦和,2,ランチタイムチャレンジＣ２十 十一,1400,ダ,左,重,晴,11,3,3,チーフルガール,牝,4,54.0,410,2,矢野貴,箕輪武,,2,1:29.2,38.6,1-1-1-1,1,410,2
2025/03/21,浦和,2,ランチタイムチャレンジＣ２十 十一,1400,ダ,左,重,晴,11,7,8,ジャングルタキオン,セ,0,56.0,484,3,西啓太,野口孝,,3,1:30.3,39.4,3-3-3-3,5,484,3
2025/03/21,浦和,2,ランチタイムチャレンジＣ２十 十一,1400,ダ,左,重,晴,11,1,1,ピノヌイ,牡,4,56.0,513,0,達城龍,野口孝,,4,1:31.1,38.8,9-10-9-7,9,513,0
2025/03/21,浦和,2,ランチタイムチャレンジＣ２十 十一,1400,ダ,左,重,晴,11,5,5,ドローアプローズ,セ,0,56.0,499,1,福原杏,横山保,,5,1:31.3,40.2,6-5-4-4,3,499,1
2025/03/21,浦和,2,ランチタイムチャレンジＣ２十 十一,1400,ダ,左,重,晴,11,4,4,ブレイヴサウンド,セ,0,53.0,500,7,加藤雄,山崎尋,,6,1:31.6,40.1,7-7-6-6,10,500,7
2025/03/21,浦和,2,ランチタイムチャレンジＣ２十 十一,1400,ダ,左,重,晴,11,8,11,チェンテナリオ,牝,5,54.0,443,-5,和田譲,酒井一,,7,1:31.9,40.7,4-4-5-5,7,443,-5
2025/03/21,浦和,2,ランチタイムチャレンジＣ２十 十一,1400,ダ,左,重,晴,11,7,9,ワンラヴ,牝,7,54.0,439,3,中越琉,佐藤博,,8,1:32.0,39.9,11-9-9-9,4,439,3
2025/03/21,浦和,2,ランチタイムチャレンジＣ２十 十一,1400,ダ,左,重,晴,11,6,6,シェルオパール,牝,5,51.0,473,-1,神尾香,山田質,,9,1:32.4,40.5,8-8-8-8,6,473,-1
2025/03/21,浦和,2,ランチタイムチャレンジＣ２十 十一,1400,ダ,左,重,晴,11,6,7,ジオパークピリカ,牝,4,52.0,420,-5,中島良,川島豊,,10,1:32.7,41.1,5-6-7-10,8,420,-5
2025/03/21,浦和,2,ランチタイムチャレンジＣ２十 十一,1400,ダ,左,重,晴,11,2,2,シェナテイオー,牡,4,56.0,443,-2,秋元耕,吉田正,,11,1:32.8,40.2,10-11-11-11,11,443,-2
2025/03/21,浦和,3,特選Ｃ３一 二,1500,ダ,左,重,晴,8,4,4,ジャズピアニスト,牝,5,54.0,471,-4,笹川翼,小久智,,1,1:37.3,39.4,1-1-1-1,2,471,-4
2025/03/21,浦和,3,特選Ｃ３一 二,1500,ダ,左,重,晴,8,1,1,エターナルジュエル,牝,6,54.0,470,-6,内田利,藤原智,,2,1:37.6,39.4,4-4-4-3,3,470,-6
2025/03/21,浦和,3,特選Ｃ３一 二,1500,ダ,左,重,晴,8,7,7,ワイルドダンク,牡,5,56.0,488,-7,吉原寛,藤原智,,3,1:37.8,39.8,3-3-2-2,1,488,-7
2025/03/21,浦和,3,特選Ｃ３一 二,1500,ダ,左,重,晴,8,5,5,シャインルージュ,牝,5,54.0,489,-12,岡田大,吉田正,,4,1:37.9,39.0,7-7-7-5,7,489,-12
2025/03/21,浦和,3,特選Ｃ３一 二,1500,ダ,左,重,晴,8,6,6,フェデフルール,牝,6,54.0,453,-9,野畑凌,武井和,,5,1:38.8,40.8,2-2-3-4,4,453,-9
2025/03/21,浦和,3,特選Ｃ３一 二,1500,ダ,左,重,晴,8,3,3,シルバーペコ,牝,6,54.0,489,-1,和田譲,酒井一,,6,1:39.0,40.6,5-5-5-6,5,489,-1
2025/03/21,浦和,3,特選Ｃ３一 二,1500,ダ,左,重,晴,8,2,2,ラーズグリーズ,セ,0,56.0,469,11,達城龍,工藤伸,,7,1:39.0,40.6,6-6-6-7,6,469,11
2025/03/21,浦和,3,特選Ｃ３一 二,1500,ダ,左,重,晴,8,8,8,ブライトオーシャン,セ,0,56.0,482,-37,藤江渉,野口寛,,8,1:44.4,43.5,8-8-8-8,8,482,-37
2025/03/21,浦和,4,３歳八,1400,ダ,左,重,晴,10,2,2,スピンディエゴール,牡,3,56.0,0,0,笹川翼,繁田健,,1,1:29.9,39.4,2-2-2-1,1,0,0
2025/03/21,浦和,4,３歳八,1400,ダ,左,重,晴,10,3,3,クマサンアリガトウ,牝,3,54.0,480,4,福原杏,宇野博,,2,1:31.9,41.4,1-1-1-2,4,480,4
2025/03/21,浦和,4,３歳八,1400,ダ,左,重,晴,10,6,6,センエツナガラ,牡,3,56.0,471,-7,七夕裕,酒井一,,3,1:32.0,40.9,5-4-4-3,3,471,-7
2025/03/21,浦和,4,３歳八,1400,ダ,左,重,晴,10,5,5,プリマベーラ,牝,3,54.0,0,0,保園翔,野口寛,,4,1:32.8,40.7,9-8-5-4,2,0,0
2025/03/21,浦和,4,３歳八,1400,ダ,左,重,晴,10,1,1,ピエタ,牝,3,54.0,457,-1,仲原大,長谷忍,,5,1:33.2,41.1,7-6-7-7,10,457,-1
2025/03/21,浦和,4,３歳八,1400,ダ,左,重,晴,10,7,8,サヨノボナンザ,牝,3,54.0,423,0,赤津和,工藤伸,,6,1:33.4,41.3,8-7-6-6,9,423,0
2025/03/21,浦和,4,３歳八,1400,ダ,左,重,晴,10,8,9,モーモーネイビー,牝,3,54.0,457,4,秋元耕,海馬司,,7,1:33.6,40.7,10-9-9-8,7,457,4
2025/03/21,浦和,4,３歳八,1400,ダ,左,重,晴,10,4,4,クレイジーホース,牡,3,56.0,498,7,室陽一,長谷忍,,8,1:33.9,43.3,3-3-3-5,6,498,7
2025/03/21,浦和,4,３歳八,1400,ダ,左,重,晴,10,7,7,ノースボレアス,牡,3,56.0,475,-11,野畑凌,長谷忍,,9,1:36.7,44.6,4-5-8-9,8,475,-11
2025/03/21,浦和,4,３歳八,1400,ダ,左,重,晴,10,8,10,オーグファルコン,牡,3,56.0,479,3,加藤和,薮口一,,10,1:37.9,44.4,6-10-10-10,5,479,3
2025/03/21,浦和,5,３歳七,1400,ダ,左,重,晴,12,7,10,ヤバネ,牡,3,56.0,522,-3,本田重,水野貴,,1,1:31.8,39.7,7-6-4-3,1,522,-3
2025/03/21,浦和,5,３歳七,1400,ダ,左,重,晴,12,8,12,トーセンアデレード,牝,3,54.0,416,-15,笹川翼,小久智,,2,1:32.2,40.7,4-4-3-2,2,416,-15
2025/03/21,浦和,5,３歳七,1400,ダ,左,重,晴,12,8,11,タカラハンター,牡,3,56.0,496,3,野畑凌,長谷忍,,3,1:32.4,41.1,1-1-1-1,8,496,3
2025/03/21,浦和,5,３歳七,1400,ダ,左,重,晴,12,3,3,ジャックルージュ,牡,3,56.0,440,-6,保園翔,川村守,,4,1:32.7,40.6,8-8-8-5,5,440,-6
2025/03/21,浦和,5,３歳七,1400,ダ,左,重,晴,12,7,9,カクシンドリーム,牝,3,54.0,413,-4,木間龍,酒井一,,5,1:33.9,42.6,3-2-2-4,9,413,-4
2025/03/21,浦和,5,３歳七,1400,ダ,左,重,晴,12,5,5,コウユーミューミュ,牝,3,54.0,476,11,半澤慶,宇野博,,6,1:34.4,42.1,9-9-9-8,7,476,11
2025/03/21,浦和,5,３歳七,1400,ダ,左,重,晴,12,6,7,フィールドカーン,牡,3,56.0,411,-10,秋元耕,繁田健,,7,1:34.5,42.2,10-10-7-6,6,411,-10
2025/03/21,浦和,5,３歳七,1400,ダ,左,重,晴,12,1,1,ロバストウォリアー,牝,3,54.0,445,1,高橋哲,水野貴,,8,1:34.8,43.0,5-5-6-7,11,445,1
2025/03/21,浦和,5,３歳七,1400,ダ,左,重,晴,12,2,2,セイブザクイーン,牝,3,54.0,482,-3,室陽一,宇野博,,9,1:34.9,43.3,2-3-5-9,4,482,-3
2025/03/21,浦和,5,３歳七,1400,ダ,左,重,晴,12,6,8,クリナデシコ,牝,3,54.0,465,-2,福原杏,冨田敏,,10,1:36.2,42.9,11-11-11-10,12,465,-2
2025/03/21,浦和,5,３歳七,1400,ダ,左,重,晴,12,4,4,ユウユウニコヴィア,牝,3,54.0,0,0,赤津和,横山保,,,,,12,10,0,0
2025/03/21,浦和,5,３歳七,1400,ダ,左,重,晴,12,5,6,ミッキーラプチュア,牡,3,56.0,509,10,加藤和,酒井一,,,,,6-7-10,3,509,10
2025/03/21,浦和,6,若草特別３歳一,1500,ダ,左,重,晴,12,1,1,ミーヴァトン,牡,3,56.0,453,-4,町田直,佐藤博,,1,1:36.6,39.0,5-5-5-4,4,453,-4
2025/03/21,浦和,6,若草特別３歳一,1500,ダ,左,重,晴,12,6,8,エイシンナデシコ,牝,3,55.0,455,9,本田重,藤原智,,2,1:36.8,39.2,9-8-4-3,2,455,9
2025/03/21,浦和,6,若草特別３歳一,1500,ダ,左,重,晴,12,6,7,シトラスフレイバー,牡,3,56.0,446,3,野畑凌,繁田健,,3,1:36.9,39.8,2-2-1-1,3,446,3
2025/03/21,浦和,6,若草特別３歳一,1500,ダ,左,重,晴,12,7,10,ジョートビー,牝,3,55.0,507,5,笹川翼,小久智,,4,1:37.2,40.0,4-3-3-2,1,507,5
2025/03/21,浦和,6,若草特別３歳一,1500,ダ,左,重,晴,12,3,3,ナーヴィスゼータ,牝,3,55.0,476,-1,室陽一,宇野博,,5,1:37.3,39.0,8-9-8-6,5,476,-1
2025/03/21,浦和,6,若草特別３歳一,1500,ダ,左,重,晴,12,2,2,スタークイック,牝,3,54.0,421,6,保園翔,小澤宏,,6,1:37.8,39.3,10-10-9-7,12,421,6
2025/03/21,浦和,6,若草特別３歳一,1500,ダ,左,重,晴,12,5,5,ジュウニントイロ,牝,3,54.0,462,1,藤江渉,平田正,,7,1:38.0,40.9,1-1-1-5,10,462,1
2025/03/21,浦和,6,若草特別３歳一,1500,ダ,左,重,晴,12,7,9,テディージュエリー,牡,3,56.0,482,-5,吉原寛,加藤誠,,8,1:38.6,39.9,11-11-11-11,6,482,-5
2025/03/21,浦和,6,若草特別３歳一,1500,ダ,左,重,晴,12,4,4,バックビート,牡,3,56.0,466,-11,山崎誠,山崎尋,,9,1:38.8,40.7,7-7-10-10,8,466,-11
2025/03/21,浦和,6,若草特別３歳一,1500,ダ,左,重,晴,12,8,12,ディスクリプション,牝,3,54.0,465,-6,新原周,鈴木義,,10,1:39.3,39.6,12-12-12-12,9,465,-6
2025/03/21,浦和,6,若草特別３歳一,1500,ダ,左,重,晴,12,5,6,ルナフォルトゥーナ,牡,3,56.0,473,13,半澤慶,藤原智,,11,1:39.7,42.3,3-4-5-8,11,473,13
2025/03/21,浦和,6,若草特別３歳一,1500,ダ,左,重,晴,12,8,11,ゴールデンスキーム,牡,3,56.0,463,1,張田昂,平山真,,12,1:39.8,42.2,6-6-5-9,7,463,1
2025/03/21,浦和,7,Ｃ２十 十一,1400,ダ,左,稍重,晴,11,6,7,タイセイスパート,牡,5,56.0,519,3,町田直,内田勝,,1,1:30.1,39.3,2-2-1-1,6,519,3
2025/03/21,浦和,7,Ｃ２十 十一,1400,ダ,左,稍重,晴,11,4,4,メグ,牝,5,54.0,475,-2,山本紀,鹿沼和,,2,1:30.2,39.4,1-1-3-2,3,475,-2
2025/03/21,浦和,7,Ｃ２十 十一,1400,ダ,左,稍重,晴,11,1,1,ユメデアエタラ,牡,4,56.0,466,-10,山本聡,平山真,,3,1:30.3,39.2,4-4-5-4,2,466,-10
2025/03/21,浦和,7,Ｃ２十 十一,1400,ダ,左,稍重,晴,11,6,6,エイシンゾディアク,牡,4,56.0,450,2,七夕裕,横山保,,4,1:30.3,39.3,8-7-1-3,1,450,2
2025/03/21,浦和,7,Ｃ２十 十一,1400,ダ,左,稍重,晴,11,5,5,ヴァンクールシチー,牡,6,56.0,432,-1,半澤慶,工藤伸,,5,1:31.4,40.3,5-5-5-5,5,432,-1
2025/03/21,浦和,7,Ｃ２十 十一,1400,ダ,左,稍重,晴,11,3,3,アマゴ,牝,6,54.0,470,6,今野忠,箕輪武,,6,1:31.8,40.2,9-8-8-7,10,470,6
2025/03/21,浦和,7,Ｃ２十 十一,1400,ダ,左,稍重,晴,11,8,10,フォーゲルヴァイデ,牡,4,54.0,482,16,中島良,川島豊,,7,1:32.3,40.3,10-9-11-11,9,482,16
2025/03/21,浦和,7,Ｃ２十 十一,1400,ダ,左,稍重,晴,11,7,9,エムティリラ,牝,4,54.0,417,5,西啓太,平山真,,8,1:32.3,41.3,3-3-4-6,4,417,5
2025/03/21,浦和,7,Ｃ２十 十一,1400,ダ,左,稍重,晴,11,2,2,クインズカヤノヒメ,牝,5,54.0,442,2,藤江渉,八木喜,,9,1:32.3,40.3,11-11-10-8,8,442,2
2025/03/21,浦和,7,Ｃ２十 十一,1400,ダ,左,稍重,晴,11,8,11,ハイブリッチライト,牡,5,56.0,494,-4,岡村裕,山田正,,10,1:32.8,40.9,7-10-9-10,11,494,-4
2025/03/21,浦和,7,Ｃ２十 十一,1400,ダ,左,稍重,晴,11,7,8,タイニーパワー,牡,8,56.0,466,-1,岡田大,薮口一,,11,1:32.9,41.8,6-6-7-9,7,466,-1
2025/03/21,浦和,8,幸手桜と菜の花賞Ｃ１五,1400,ダ,左,稍重,晴,12,7,10,アムレート,牝,5,54.0,429,2,西啓太,小久智,,1,1:29.2,38.4,2-2-2-2,4,429,2
2025/03/21,浦和,8,幸手桜と菜の花賞Ｃ１五,1400,ダ,左,稍重,晴,12,5,5,リュウノシンクウハ,牡,4,56.0,484,0,野畑凌,高月賢,,2,1:29.5,38.9,1-1-1-1,3,484,0
2025/03/21,浦和,8,幸手桜と菜の花賞Ｃ１五,1400,ダ,左,稍重,晴,12,5,6,ヴァラムノス,牝,4,54.0,429,0,福原杏,水野貴,,3,1:30.1,39.1,4-5-4-3,1,429,0
2025/03/21,浦和,8,幸手桜と菜の花賞Ｃ１五,1400,ダ,左,稍重,晴,12,8,12,サノノタルマエ,牝,5,54.0,465,-7,達城龍,川島豊,,4,1:30.2,39.2,3-3-3-4,2,465,-7
2025/03/21,浦和,8,幸手桜と菜の花賞Ｃ１五,1400,ダ,左,稍重,晴,12,6,7,デアフリンガー,牡,4,56.0,460,2,山本聡,岩本洋,,5,1:30.6,38.2,11-11-8-8,8,460,2
2025/03/21,浦和,8,幸手桜と菜の花賞Ｃ１五,1400,ダ,左,稍重,晴,12,1,1,サザンフルーヴ,牝,5,54.0,459,-3,新原周,村田順,,6,1:30.6,38.5,8-8-9-9,9,459,-3
2025/03/21,浦和,8,幸手桜と菜の花賞Ｃ１五,1400,ダ,左,稍重,晴,12,7,9,ココモローズ,牝,4,54.0,430,1,山崎誠,藤原智,,7,1:30.8,38.9,7-7-7-6,5,430,1
2025/03/21,浦和,8,幸手桜と菜の花賞Ｃ１五,1400,ダ,左,稍重,晴,12,4,4,ミツカネトーラス,牡,4,56.0,500,-4,伊藤裕,高橋宏,,8,1:30.8,39.2,6-6-6-5,11,500,-4
2025/03/21,浦和,8,幸手桜と菜の花賞Ｃ１五,1400,ダ,左,稍重,晴,12,3,3,コパノモンタナ,セ,0,56.0,460,3,町田直,古澤悟,,9,1:30.8,37.7,12-12-12-11,6,460,3
2025/03/21,浦和,8,幸手桜と菜の花賞Ｃ１五,1400,ダ,左,稍重,晴,12,6,8,ゴーダンシング,牝,4,54.0,472,2,吉原寛,平山真,,10,1:30.9,38.5,9-9-10-10,7,472,2
2025/03/21,浦和,8,幸手桜と菜の花賞Ｃ１五,1400,ダ,左,稍重,晴,12,8,11,カフェランデブー,牝,4,54.0,474,10,和田譲,吉橋淳,,11,1:31.5,40.3,5-4-5-7,10,474,10
2025/03/21,浦和,8,幸手桜と菜の花賞Ｃ１五,1400,ダ,左,稍重,晴,12,2,2,スーパーローズ,牝,8,54.0,492,-6,七夕裕,野口孝,,12,1:31.6,39.0,10-10-11-12,12,492,-6
2025/03/21,浦和,9,スイートピー特別Ｃ１一,1400,ダ,左,稍重,晴,12,8,11,サウスヴィル,牝,4,54.0,471,-10,町田直,古澤悟,,1,1:28.1,37.7,6-6-3-2,3,471,-10
2025/03/21,浦和,9,スイートピー特別Ｃ１一,1400,ダ,左,稍重,晴,12,4,4,ジュンフカリ,牡,5,56.0,477,-4,加藤和,薮口一,,2,1:28.4,38.7,1-1-1-1,8,477,-4
2025/03/21,浦和,9,スイートピー特別Ｃ１一,1400,ダ,左,稍重,晴,12,6,8,ストイックノア,牡,4,56.0,486,-6,吉原寛,小久智,,3,1:28.6,38.8,2-2-2-3,2,486,-6
2025/03/21,浦和,9,スイートピー特別Ｃ１一,1400,ダ,左,稍重,晴,12,5,5,ガストン,セ,0,56.0,464,2,矢野貴,佐々仁,,4,1:29.5,38.7,8-7-5-5,1,464,2
2025/03/21,浦和,9,スイートピー特別Ｃ１一,1400,ダ,左,稍重,晴,12,2,2,マサハヤアン,牝,8,54.0,457,-4,保園翔,野口孝,,5,1:29.6,39.2,4-4-4-4,7,457,-4
2025/03/21,浦和,9,スイートピー特別Ｃ１一,1400,ダ,左,稍重,晴,12,1,1,ライコウノヒカリ,牡,5,56.0,451,7,福原杏,鈴木勝,,6,1:30.6,39.4,9-9-6-6,6,451,7
2025/03/21,浦和,9,スイートピー特別Ｃ１一,1400,ダ,左,稍重,晴,12,3,3,カレンタクト,牝,4,54.0,516,1,山崎誠,高月賢,,7,1:31.9,38.5,10-10-10-10,5,516,1
2025/03/21,浦和,9,スイートピー特別Ｃ１一,1400,ダ,左,稍重,晴,12,7,10,トレンシャリー,セ,0,56.0,441,1,増田充,山崎尋,,8,1:32.1,40.9,7-8-8-9,11,441,1
2025/03/21,浦和,9,スイートピー特別Ｃ１一,1400,ダ,左,稍重,晴,12,5,6,シントーユタカ,牝,4,54.0,471,-6,山林信,平田正,,9,1:32.2,41.2,5-5-9-7,4,471,-6
2025/03/21,浦和,9,スイートピー特別Ｃ１一,1400,ダ,左,稍重,晴,12,6,7,サンブノワ,牡,4,56.0,499,-3,伊藤裕,田邊陽,,10,1:32.3,38.5,11-11-11-11,10,499,-3
2025/03/21,浦和,9,スイートピー特別Ｃ１一,1400,ダ,左,稍重,晴,12,8,12,ニシノオウジョ,牝,4,54.0,456,-9,小杉亮,渋谷博,,11,1:32.5,41.8,3-3-7-8,9,456,-9
2025/03/21,浦和,9,スイートピー特別Ｃ１一,1400,ダ,左,稍重,晴,12,7,9,マンダリンオレンジ,牡,4,56.0,0,0,野畑凌,甲田悟,,,,,,,0,0
2025/03/21,浦和,10,さすらいジョッキー特別Ｂ３三,1500,ダ,左,稍重,晴,12,6,7,オーシンスキャット,牡,4,56.0,469,-2,吉原寛,小久智,,1,1:35.3,39.7,1-1-1-1,1,469,-2
2025/03/21,浦和,10,さすらいジョッキー特別Ｂ３三,1500,ダ,左,稍重,晴,12,5,5,ブレイヴルーラー,牡,6,56.0,550,0,室陽一,横山保,,2,1:35.8,40.1,2-2-2-2,2,550,0
2025/03/21,浦和,10,さすらいジョッキー特別Ｂ３三,1500,ダ,左,稍重,晴,12,4,4,コスモカシアス,牡,4,53.0,465,-5,加藤雄,河津裕,,3,1:36.3,39.2,6-6-6-5,10,465,-5
2025/03/21,浦和,10,さすらいジョッキー特別Ｂ３三,1500,ダ,左,稍重,晴,12,3,3,ゴールドソニック,牡,4,56.0,505,-1,半澤慶,鹿沼和,,4,1:36.4,39.8,5-5-5-6,9,505,-1
2025/03/21,浦和,10,さすらいジョッキー特別Ｂ３三,1500,ダ,左,稍重,晴,12,8,11,ヒノデミッチー,牡,6,56.0,526,-3,張田昂,酒井忍,,5,1:36.5,40.5,4-4-3-4,6,526,-3
2025/03/21,浦和,10,さすらいジョッキー特別Ｂ３三,1500,ダ,左,稍重,晴,12,2,2,ルルネージュ,牝,6,54.0,474,-10,内田利,佐々功,,6,1:36.6,40.6,3-3-4-3,4,474,-10
2025/03/21,浦和,10,さすらいジョッキー特別Ｂ３三,1500,ダ,左,稍重,晴,12,6,8,ゴールデンプラチナ,牡,6,56.0,476,-7,伊藤裕,岩本洋,,7,1:37.2,38.3,11-11-12-12,11,476,-7
2025/03/21,浦和,10,さすらいジョッキー特別Ｂ３三,1500,ダ,左,稍重,晴,12,7,9,セイウンシリウス,牡,5,56.0,443,-3,加藤和,冨田敏,,8,1:37.2,39.7,7-7-7-7,3,443,-3
2025/03/21,浦和,10,さすらいジョッキー特別Ｂ３三,1500,ダ,左,稍重,晴,12,8,12,アキノスマート,牡,8,56.0,506,1,山崎誠,山崎尋,,9,1:37.3,39.5,8-8-8-8,8,506,1
2025/03/21,浦和,10,さすらいジョッキー特別Ｂ３三,1500,ダ,左,稍重,晴,12,1,1,スマートバローズ,牡,4,56.0,461,-7,笹川翼,繁田健,,10,1:37.5,39.4,9-9-9-9,7,461,-7
2025/03/21,浦和,10,さすらいジョッキー特別Ｂ３三,1500,ダ,左,稍重,晴,12,5,6,ナインバイパー,牡,6,56.0,479,0,藤江渉,八木仁,,11,1:37.7,39.0,12-12-11-10,12,479,0
2025/03/21,浦和,10,さすらいジョッキー特別Ｂ３三,1500,ダ,左,稍重,晴,12,7,10,ナイスカプチーノ,牡,4,56.0,481,2,矢野貴,内田勝,,12,1:38.0,39.5,10-10-10-11,5,481,2
2025/03/21,浦和,11,Ｍｒ．ＰＩＮＫ特別Ｂ２Ｂ３選抜馬,800,ダ,左,稍重,晴,9,1,1,エリコーハク,牝,5,53.0,446,4,福原杏,水野貴,,1,0:46.5,34.8,1-1,2,446,4
2025/03/21,浦和,11,Ｍｒ．ＰＩＮＫ特別Ｂ２Ｂ３選抜馬,800,ダ,左,稍重,晴,9,7,7,シナノスマイル,牝,4,55.0,466,-12,内田利,鹿沼和,,2,0:46.7,34.7,2-2,1,466,-12
2025/03/21,浦和,11,Ｍｒ．ＰＩＮＫ特別Ｂ２Ｂ３選抜馬,800,ダ,左,稍重,晴,9,2,2,クリスタライズ,牡,4,55.0,504,10,野畑凌,水野貴,,3,0:47.4,35.1,3-3,6,504,10
2025/03/21,浦和,11,Ｍｒ．ＰＩＮＫ特別Ｂ２Ｂ３選抜馬,800,ダ,左,稍重,晴,9,6,6,ノースプリマ,牝,5,54.0,458,-2,佐野遥,水野貴,,4,0:47.5,35.1,4-4,3,458,-2
2025/03/21,浦和,11,Ｍｒ．ＰＩＮＫ特別Ｂ２Ｂ３選抜馬,800,ダ,左,稍重,晴,9,8,8,ライヴトパーズ,牝,6,55.0,427,-2,山崎誠,山崎尋,,5,0:47.6,35.2,5-5,5,427,-2
2025/03/21,浦和,11,Ｍｒ．ＰＩＮＫ特別Ｂ２Ｂ３選抜馬,800,ダ,左,稍重,晴,9,3,3,グアドループ,牡,7,55.0,559,-4,矢野貴,藤原智,,6,0:47.8,35.1,7-6,8,559,-4
2025/03/21,浦和,11,Ｍｒ．ＰＩＮＫ特別Ｂ２Ｂ３選抜馬,800,ダ,左,稍重,晴,9,4,4,パペッティア,牝,4,55.0,447,0,本橋孝,荒山勝,,7,0:48.0,35.3,6-7,4,447,0
2025/03/21,浦和,11,Ｍｒ．ＰＩＮＫ特別Ｂ２Ｂ３選抜馬,800,ダ,左,稍重,晴,9,8,9,エンジェルリッター,牡,5,55.0,503,-2,今野忠,内田勝,,8,0:48.2,35.5,8-8,7,503,-2
2025/03/21,浦和,11,Ｍｒ．ＰＩＮＫ特別Ｂ２Ｂ３選抜馬,800,ダ,左,稍重,晴,9,5,5,セイウンハルカニ,牡,6,57.0,491,6,國分祐,冨田敏,,9,0:49.7,36.7,9-9,9,491,6
2025/03/21,浦和,12,内田利雄騎手引退特別Ｃ２選抜馬ア,2000,ダ,左,稍重,晴,12,4,4,ランディー,牡,5,56.0,464,-4,笹川翼,小久智,,1,2:13.1,39.1,6-5-4-1,1,464,-4
2025/03/21,浦和,12,内田利雄騎手引退特別Ｃ２選抜馬ア,2000,ダ,左,稍重,晴,12,7,9,ジューンサレンダー,牡,4,56.0,454,3,室陽一,川村守,,2,2:13.4,39.6,3-3-3-2,8,454,3
2025/03/21,浦和,12,内田利雄騎手引退特別Ｃ２選抜馬ア,2000,ダ,左,稍重,晴,12,2,2,エイシンヘーメラー,牝,5,54.0,422,3,内田利,入口由,,3,2:14.7,40.1,7-7-7-6,3,422,3
2025/03/21,浦和,12,内田利雄騎手引退特別Ｃ２選抜馬ア,2000,ダ,左,稍重,晴,12,5,6,スマイルポピー,牝,5,54.0,478,5,張田昂,小澤宏,,4,2:15.1,40.2,11-10-9-7,2,478,5
2025/03/21,浦和,12,内田利雄騎手引退特別Ｃ２選抜馬ア,2000,ダ,左,稍重,晴,12,3,3,セイウンコチョウ,牝,6,54.0,403,1,國分祐,冨田敏,,5,2:15.3,40.7,9-9-6-5,10,403,1
2025/03/21,浦和,12,内田利雄騎手引退特別Ｃ２選抜馬ア,2000,ダ,左,稍重,晴,12,5,5,コスモキルカス,牡,7,53.0,473,-11,加藤雄,長谷忍,,6,2:16.0,42.4,2-2-2-4,9,473,-11
2025/03/21,浦和,12,内田利雄騎手引退特別Ｃ２選抜馬ア,2000,ダ,左,稍重,晴,12,6,8,ナツハヨル,牝,7,54.0,455,2,福原杏,横山保,,7,2:16.1,42.5,1-1-1-3,5,455,2
2025/03/21,浦和,12,内田利雄騎手引退特別Ｃ２選抜馬ア,2000,ダ,左,稍重,晴,12,6,7,クラキンカ,牡,5,56.0,516,-10,澤田龍,長谷忍,,8,2:16.6,41.2,10-11-10-10,4,516,-10
2025/03/21,浦和,12,内田利雄騎手引退特別Ｃ２選抜馬ア,2000,ダ,左,稍重,晴,12,8,12,バウンドトゥウィン,牝,4,54.0,420,-5,保園翔,野口寛,,9,2:17.4,43.2,4-4-5-8,7,420,-5
2025/03/21,浦和,12,内田利雄騎手引退特別Ｃ２選抜馬ア,2000,ダ,左,稍重,晴,12,8,11,ソルトロック,牝,4,54.0,451,2,七夕裕,酒井一,,10,2:17.4,42.8,5-6-8-9,11,451,2
2025/03/21,浦和,12,内田利雄騎手引退特別Ｃ２選抜馬ア,2000,ダ,左,稍重,晴,12,1,1,トリストラム,牡,7,56.0,521,-4,高橋哲,横山保,,11,2:17.8,42.9,8-8-11-11,6,521,-4
2025/03/21,浦和,12,内田利雄騎手引退特別Ｃ２選抜馬ア,2000,ダ,左,稍重,晴,12,7,10,ノクターナル,牝,4,54.0,0,0,矢野貴,水野貴,,,,,,,0,0
2025/04/21,浦和,1,Ｃ３十,1300,ダ,左,良,晴,10,7,8,ララティーナ,牝,7,51.0,438,5,山本大,山下之,,1,1:23.5,37.1,2-2-1-1,1,438,5
2025/04/21,浦和,1,Ｃ３十,1300,ダ,左,良,晴,10,3,3,スモモモモモモモモ,牝,7,51.0,426,5,中山遥,小林真,,2,1:25.1,38.7,1-1-2-2,2,426,5
2025/04/21,浦和,1,Ｃ３十,1300,ダ,左,良,晴,10,4,4,トーセンイヴ,牝,7,54.0,435,0,野畑凌,酒井一,,3,1:25.7,39.0,3-5-3-3,3,435,0
2025/04/21,浦和,1,Ｃ３十,1300,ダ,左,良,晴,10,5,5,アミン,牝,8,52.0,464,3,中島良,冨田敏,,4,1:26.1,39.4,9-7-4-4,5,464,3
2025/04/21,浦和,1,Ｃ３十,1300,ダ,左,良,晴,10,1,1,スクリームイーグル,セ,0,56.0,448,6,臼井健,佐々功,,5,1:26.5,39.5,4-4-7-5,4,448,6
2025/04/21,浦和,1,Ｃ３十,1300,ダ,左,良,晴,10,8,9,ツウツウ,セ,0,56.0,483,6,櫻井光,林隆之,,6,1:26.6,39.6,10-10-6-6,7,483,6
2025/04/21,浦和,1,Ｃ３十,1300,ダ,左,良,晴,10,6,6,ファーマスター,牝,7,54.0,439,-3,赤津和,小林真,,7,1:27.1,40.0,8-9-8-8,9,439,-3
2025/04/21,浦和,1,Ｃ３十,1300,ダ,左,良,晴,10,8,10,シェナダイオー,牡,6,56.0,553,1,國分祐,冨田敏,,8,1:27.2,40.1,6-6-9-10,10,553,1
2025/04/21,浦和,1,Ｃ３十,1300,ダ,左,良,晴,10,7,7,キミノナハ,牝,7,54.0,452,0,加藤和,長谷忍,,9,1:27.4,40.8,5-3-5-7,8,452,0
2025/04/21,浦和,1,Ｃ３十,1300,ダ,左,良,晴,10,2,2,アストロメアリー,牝,6,54.0,426,16,福原杏,長谷忍,,10,1:27.5,40.2,7-8-10-9,6,426,16
2025/04/21,浦和,2,ランチタイムチャレンジ３歳三,1400,ダ,左,良,晴,13,7,10,ヤバネ,牡,3,56.0,516,-6,本田重,水野貴,,1,1:29.1,39.2,3-3-2-1,1,516,-6
2025/04/21,浦和,2,ランチタイムチャレンジ３歳三,1400,ダ,左,良,晴,13,4,4,クォンタイズ,牝,3,54.0,434,-1,今野忠,山田質,,2,1:29.9,40.3,1-1-1-2,9,434,-1
2025/04/21,浦和,2,ランチタイムチャレンジ３歳三,1400,ダ,左,良,晴,13,6,8,フリューゲルクー,牡,3,56.0,450,10,西啓太,小久智,,3,1:30.2,39.9,5-5-5-3,4,450,10
2025/04/21,浦和,2,ランチタイムチャレンジ３歳三,1400,ダ,左,良,晴,13,2,2,シングアウト,牡,3,56.0,450,-4,クアト,茂木浩,,4,1:30.9,40.1,8-7-7-4,3,450,-4
2025/04/21,浦和,2,ランチタイムチャレンジ３歳三,1400,ダ,左,良,晴,13,5,7,コンポスト,牝,3,51.0,444,-4,神尾香,河津裕,,5,1:31.1,39.0,11-11-11-9,10,444,-4
2025/04/21,浦和,2,ランチタイムチャレンジ３歳三,1400,ダ,左,良,晴,13,3,3,ノーブルプラチナ,牡,3,56.0,532,3,福原杏,水野貴,,6,1:31.2,40.2,10-10-9-8,8,532,3
2025/04/21,浦和,2,ランチタイムチャレンジ３歳三,1400,ダ,左,良,晴,13,4,5,ユウユウキーン,牝,3,54.0,432,6,室陽一,入口由,,7,1:31.9,39.2,12-12-12-10,11,432,6
2025/04/21,浦和,2,ランチタイムチャレンジ３歳三,1400,ダ,左,良,晴,13,8,12,フォギーレーン,牝,3,54.0,404,-8,張田昂,吉田正,,7,1:31.9,40.9,7-8-8-7,7,404,-8
2025/04/21,浦和,2,ランチタイムチャレンジ３歳三,1400,ダ,左,良,晴,13,7,11,ラヴニールドレーヴ,牝,3,54.0,442,-1,櫻井光,山田質,,9,1:31.9,41.3,6-6-6-6,5,442,-1
2025/04/21,浦和,2,ランチタイムチャレンジ３歳三,1400,ダ,左,良,晴,13,8,13,コンサントレ,牝,3,54.0,468,5,笹川翼,繁田健,,10,1:32.3,42.1,4-4-4-5,2,468,5
2025/04/21,浦和,2,ランチタイムチャレンジ３歳三,1400,ダ,左,良,晴,13,6,9,ギャビーズメファ,牝,3,54.0,375,-9,仲野光,山本学,,11,1:32.6,41.5,9-9-9-11,12,375,-9
2025/04/21,浦和,2,ランチタイムチャレンジ３歳三,1400,ダ,左,良,晴,13,1,1,ハヤクコイコイ,牝,3,54.0,416,-7,木間龍,田島寿,,12,1:33.6,40.1,13-13-13-13,13,416,-7
2025/04/21,浦和,2,ランチタイムチャレンジ３歳三,1400,ダ,左,良,晴,13,5,6,コンバットスピカ,牝,3,54.0,470,18,七夕裕,工藤伸,,13,1:35.4,45.5,2-2-3-12,6,470,18
2025/04/21,浦和,3,３歳四,1400,ダ,左,良,晴,10,2,2,ラグーンリバティ,牝,3,54.0,437,2,山中悠,箕輪武,,1,1:30.1,38.4,1-1-1-1,6,437,2
2025/04/21,浦和,3,３歳四,1400,ダ,左,良,晴,10,4,4,アンジュメロディ,牝,3,54.0,454,-9,本田重,佐藤博,,2,1:30.1,37.9,4-4-5-2,3,454,-9
2025/04/21,浦和,3,３歳四,1400,ダ,左,良,晴,10,7,7,ソレイケドンチャン,牝,3,54.0,458,12,矢野貴,小久智,,3,1:30.5,38.6,3-3-3-3,2,458,12
2025/04/21,浦和,3,３歳四,1400,ダ,左,良,晴,10,8,9,スピンディエゴール,牡,3,56.0,497,-7,笹川翼,繁田健,,4,1:31.5,39.4,5-5-4-4,1,497,-7
2025/04/21,浦和,3,３歳四,1400,ダ,左,良,晴,10,7,8,シェリーフィーユ,牝,3,54.0,445,-1,保園翔,野口寛,,5,1:31.7,39.1,8-8-7-6,7,445,-1
2025/04/21,浦和,3,３歳四,1400,ダ,左,良,晴,10,8,10,ラブリーモンスター,牡,3,56.0,472,3,室陽一,川島豊,,6,1:31.8,38.4,10-10-10-8,9,472,3
2025/04/21,浦和,3,３歳四,1400,ダ,左,良,晴,10,6,6,ディープレゼント,牝,3,54.0,447,16,野畑凌,小澤宏,,7,1:31.9,40.0,2-2-2-5,4,447,16
2025/04/21,浦和,3,３歳四,1400,ダ,左,良,晴,10,1,1,ゴールドキッド,牡,3,53.0,414,-3,中山遥,鹿沼和,,8,1:31.9,38.7,7-7-9-7,10,414,-3
2025/04/21,浦和,3,３歳四,1400,ダ,左,良,晴,10,5,5,モウ,牡,3,56.0,470,2,西啓太,水野貴,,9,1:32.0,39.6,9-9-6-9,5,470,2
2025/04/21,浦和,3,３歳四,1400,ダ,左,良,晴,10,3,3,アジアパテック,牡,3,55.0,494,-1,佐野遥,岩本洋,,10,1:34.1,41.4,6-6-8-10,8,494,-1
2025/04/21,浦和,4,ドリームチャレンジ２歳新馬,800,ダ,左,良,晴,5,5,5,ドリームファイター,牡,2,54.0,0,0,矢野貴,小久智,,1,0:48.0,36.5,2-2,1,0,0
2025/04/21,浦和,4,ドリームチャレンジ２歳新馬,800,ダ,左,良,晴,5,2,2,ネイビーシンデレラ,牝,2,54.0,0,0,七夕裕,鹿沼和,,2,0:48.2,36.8,1-1,3,0,0
2025/04/21,浦和,4,ドリームチャレンジ２歳新馬,800,ダ,左,良,晴,5,4,4,スターバロン,牡,2,54.0,0,0,福原杏,小澤宏,,3,0:49.4,37.6,3-3,2,0,0
2025/04/21,浦和,4,ドリームチャレンジ２歳新馬,800,ダ,左,良,晴,5,3,3,オーデンシェル,牝,2,54.0,0,0,秋元耕,薮口一,,4,0:52.7,40.1,4-4,4,0,0
2025/04/21,浦和,4,ドリームチャレンジ２歳新馬,800,ダ,左,良,晴,5,1,1,カイノコタン,牝,2,54.0,0,0,半澤慶,入口由,,5,0:53.7,39.3,5-5,5,0,0
2025/04/21,浦和,5,浦和ファイブチャレンジ３歳二,1500,ダ,左,良,晴,12,3,3,ウォーキン,牡,3,56.0,456,-3,笹川翼,宇野博,,1,1:37.5,38.7,8-6-2-1,1,456,-3
2025/04/21,浦和,5,浦和ファイブチャレンジ３歳二,1500,ダ,左,良,晴,12,5,5,ヤギリドリーム,牡,3,56.0,437,-2,張田昂,張田京,,2,1:37.8,38.8,7-7-5-2,2,437,-2
2025/04/21,浦和,5,浦和ファイブチャレンジ３歳二,1500,ダ,左,良,晴,12,2,2,コスモカピタン,牡,3,56.0,461,4,本田重,水野貴,,3,1:37.9,38.2,6-9-9-4,9,461,4
2025/04/21,浦和,5,浦和ファイブチャレンジ３歳二,1500,ダ,左,良,晴,12,6,8,ダイバヤタガラス,セ,0,56.0,454,5,赤津和,箕輪武,,4,1:38.3,39.1,4-4-7-5,4,454,5
2025/04/21,浦和,5,浦和ファイブチャレンジ３歳二,1500,ダ,左,良,晴,12,7,10,ワンダーリーグ,牡,3,56.0,488,-2,秋元耕,鈴木勝,,5,1:38.5,39.0,12-11-8-7,10,488,-2
2025/04/21,浦和,5,浦和ファイブチャレンジ３歳二,1500,ダ,左,良,晴,12,8,12,シャイニーオーロ,牡,3,56.0,482,4,野畑凌,坂本昇,,6,1:38.7,39.9,2-2-1-3,3,482,4
2025/04/21,浦和,5,浦和ファイブチャレンジ３歳二,1500,ダ,左,良,晴,12,5,6,ティナバローズ,牝,3,54.0,482,6,町田直,繁田健,,7,1:38.9,39.9,10-8-6-8,7,482,6
2025/04/21,浦和,5,浦和ファイブチャレンジ３歳二,1500,ダ,左,良,晴,12,6,7,シバノエスコドール,セ,0,56.0,474,-21,室陽一,宇野博,,8,1:39.0,38.7,11-12-11-10,11,474,-21
2025/04/21,浦和,5,浦和ファイブチャレンジ３歳二,1500,ダ,左,良,晴,12,4,4,パウダースノウ,牝,3,54.0,493,6,西啓太,平山真,,9,1:39.3,40.5,1-1-3-6,5,493,6
2025/04/21,浦和,5,浦和ファイブチャレンジ３歳二,1500,ダ,左,良,晴,12,1,1,ゴールドグラント,牝,3,54.0,461,10,笠野雄,岩崎真,,10,1:39.4,39.3,9-10-12-11,6,461,10
2025/04/21,浦和,5,浦和ファイブチャレンジ３歳二,1500,ダ,左,良,晴,12,7,9,シナノショウグン,牡,3,56.0,444,0,見越彬,鹿沼和,,11,1:39.6,40.8,3-3-4-9,8,444,0
2025/04/21,浦和,5,浦和ファイブチャレンジ３歳二,1500,ダ,左,良,晴,12,8,11,カシノナイスガイ,牡,3,56.0,460,3,櫻井光,野口寛,,12,1:40.3,40.9,5-5-10-12,12,460,3
2025/04/21,浦和,6,大宮盆栽村１００周年記念賞Ｃ２三 四,1500,ダ,左,良,晴,12,6,7,アンブレラダンス,牝,5,54.0,467,3,岡村健,平山真,,1,1:36.8,39.5,2-2-1-1,3,467,3
2025/04/21,浦和,6,大宮盆栽村１００周年記念賞Ｃ２三 四,1500,ダ,左,良,晴,12,3,3,リコールイーズ,牝,6,54.0,540,-6,今野忠,繁田健,,2,1:37.3,39.8,8-8-2-2,6,540,-6
2025/04/21,浦和,6,大宮盆栽村１００周年記念賞Ｃ２三 四,1500,ダ,左,良,晴,12,2,2,テーオーダムール,牡,4,56.0,512,-4,室陽一,川島豊,,3,1:37.7,39.2,9-9-7-4,1,512,-4
2025/04/21,浦和,6,大宮盆栽村１００周年記念賞Ｃ２三 四,1500,ダ,左,良,晴,12,8,12,セキテイジュウオー,セ,0,54.0,478,2,所　蛍,張田京,,4,1:37.9,40.1,4-5-4-3,2,478,2
2025/04/21,浦和,6,大宮盆栽村１００周年記念賞Ｃ２三 四,1500,ダ,左,良,晴,12,8,11,バウンドトゥウィン,牝,4,54.0,418,-2,保園翔,野口寛,,5,1:39.5,41.4,6-6-6-6,10,418,-2
2025/04/21,浦和,6,大宮盆栽村１００周年記念賞Ｃ２三 四,1500,ダ,左,良,晴,12,5,6,ニシノアクシス,牡,8,56.0,497,2,岡田大,冨田敏,,6,1:39.8,40.8,11-11-12-9,11,497,2
2025/04/21,浦和,6,大宮盆栽村１００周年記念賞Ｃ２三 四,1500,ダ,左,良,晴,12,4,4,ダークファンタジー,牝,4,54.0,435,7,矢野貴,水野貴,,7,1:39.9,42.6,1-1-3-5,5,435,7
2025/04/21,浦和,6,大宮盆栽村１００周年記念賞Ｃ２三 四,1500,ダ,左,良,晴,12,7,9,セイウンコチョウ,牝,6,54.0,408,5,國分祐,冨田敏,,8,1:40.2,41.3,12-12-9-7,7,408,5
2025/04/21,浦和,6,大宮盆栽村１００周年記念賞Ｃ２三 四,1500,ダ,左,良,晴,12,1,1,ユウユウアイリス,牝,4,54.0,444,1,高橋哲,酒井一,,9,1:40.7,41.5,10-10-11-10,12,444,1
2025/04/21,浦和,6,大宮盆栽村１００周年記念賞Ｃ２三 四,1500,ダ,左,良,晴,12,7,10,ニューレトロ,牡,6,53.0,458,-7,中山遥,水上直,,10,1:41.3,43.2,5-4-8-12,8,458,-7
2025/04/21,浦和,6,大宮盆栽村１００周年記念賞Ｃ２三 四,1500,ダ,左,良,晴,12,6,8,キョウエイオリオン,牡,4,56.0,479,2,秋元耕,小澤宏,,11,1:41.3,43.6,3-3-5-8,9,479,2
2025/04/21,浦和,6,大宮盆栽村１００周年記念賞Ｃ２三 四,1500,ダ,左,良,晴,12,5,5,ベンデュガ,セ,0,56.0,462,-13,張田昂,小久智,,12,1:41.3,42.6,7-7-10-11,4,462,-13
2025/04/21,浦和,7,さいたま市内半日観光ルート賞Ｃ２三 四,1400,ダ,左,良,晴,12,6,8,ツーエムフリーク,牝,5,54.0,510,-4,山中悠,小澤宏,,1,1:29.1,38.9,3-3-2-1,1,510,-4
2025/04/21,浦和,7,さいたま市内半日観光ルート賞Ｃ２三 四,1400,ダ,左,良,晴,12,2,2,シゲルツキミザケ,牡,6,56.0,478,-2,笠野雄,岩崎真,,2,1:29.1,38.7,4-4-3-3,5,478,-2
2025/04/21,浦和,7,さいたま市内半日観光ルート賞Ｃ２三 四,1400,ダ,左,良,晴,12,5,5,サンディロン,牝,8,54.0,457,11,笹川翼,新井清,,3,1:29.7,39.5,2-2-1-2,2,457,11
2025/04/21,浦和,7,さいたま市内半日観光ルート賞Ｃ２三 四,1400,ダ,左,良,晴,12,3,3,ショコラエクレール,牝,4,54.0,458,2,保園翔,入口由,,4,1:29.7,37.9,11-11-9-5,7,458,2
2025/04/21,浦和,7,さいたま市内半日観光ルート賞Ｃ２三 四,1400,ダ,左,良,晴,12,7,10,メイショウクラーク,セ,0,56.0,436,-3,室陽一,宇野博,,5,1:30.2,37.9,12-12-11-8,10,436,-3
2025/04/21,浦和,7,さいたま市内半日観光ルート賞Ｃ２三 四,1400,ダ,左,良,晴,12,5,6,キャルドーン,牡,5,56.0,509,-2,西啓太,繁田健,,6,1:30.3,39.3,9-7-7-4,3,509,-2
2025/04/21,浦和,7,さいたま市内半日観光ルート賞Ｃ２三 四,1400,ダ,左,良,晴,12,6,7,アンジェマリーナ,牝,4,54.0,420,-5,野畑凌,川島豊,,7,1:30.7,39.1,10-10-10-6,9,420,-5
2025/04/21,浦和,7,さいたま市内半日観光ルート賞Ｃ２三 四,1400,ダ,左,良,晴,12,8,12,エクレールスカイ,牡,6,56.0,443,0,山口達,林正人,,8,1:30.8,39.6,8-8-8-9,6,443,0
2025/04/21,浦和,7,さいたま市内半日観光ルート賞Ｃ２三 四,1400,ダ,左,良,晴,12,7,9,シャイニーアイドル,牝,4,51.0,478,-5,中山遥,藤原智,,9,1:32.2,42.0,1-1-4-7,11,478,-5
2025/04/21,浦和,7,さいたま市内半日観光ルート賞Ｃ２三 四,1400,ダ,左,良,晴,12,4,4,マチルダ,牝,4,54.0,468,-6,本橋孝,小久智,,10,1:32.5,41.9,6-5-6-10,8,468,-6
2025/04/21,浦和,7,さいたま市内半日観光ルート賞Ｃ２三 四,1400,ダ,左,良,晴,12,8,11,パンディーロ,セ,0,56.0,513,0,福原杏,宇野博,,11,1:34.0,43.4,5-6-5-11,4,513,0
2025/04/21,浦和,7,さいたま市内半日観光ルート賞Ｃ２三 四,1400,ダ,左,良,晴,12,1,1,ハーピークオーレ,牝,4,54.0,451,-14,秋元耕,薮口一,,12,1:36.1,44.3,7-9-12-12,12,451,-14
2025/04/21,浦和,8,植月特別Ｃ３一,1500,ダ,左,良,晴,9,3,3,キタサンエポナ,牝,6,54.0,436,-3,笹川翼,繁田健,,1,1:38.1,38.7,1-1-1-1,2,436,-3
2025/04/21,浦和,8,植月特別Ｃ３一,1500,ダ,左,良,晴,9,1,1,サンタモニカビーチ,牡,5,56.0,563,6,見越彬,川島豊,,2,1:38.9,38.8,8-7-4-2,1,563,6
2025/04/21,浦和,8,植月特別Ｃ３一,1500,ダ,左,良,晴,9,8,8,ハツネヘイロー,セ,0,56.0,500,14,矢野貴,宇野博,,3,1:39.3,39.4,4-4-5-4,3,500,14
2025/04/21,浦和,8,植月特別Ｃ３一,1500,ダ,左,良,晴,9,6,6,シルバーペコ,牝,6,54.0,494,4,野畑凌,酒井一,,4,1:39.6,40.0,3-3-2-3,4,494,4
2025/04/21,浦和,8,植月特別Ｃ３一,1500,ダ,左,良,晴,9,5,5,フェデフルール,牝,6,51.0,457,1,加藤雄,武井和,,5,1:39.6,39.5,6-5-6-5,5,457,1
2025/04/21,浦和,8,植月特別Ｃ３一,1500,ダ,左,良,晴,9,2,2,イチゴホイップ,牝,5,54.0,493,6,仲原大,海馬司,,6,1:39.8,39.7,5-6-7-6,7,493,6
2025/04/21,浦和,8,植月特別Ｃ３一,1500,ダ,左,良,晴,9,7,7,アルマス,牡,8,56.0,408,0,増田充,古澤悟,,7,1:40.3,39.8,9-9-8-8,8,408,0
2025/04/21,浦和,8,植月特別Ｃ３一,1500,ダ,左,良,晴,9,4,4,プリンセスパリー,牝,4,54.0,434,-1,高橋哲,鈴木勝,,8,1:41.2,41.6,2-2-3-7,9,434,-1
2025/04/21,浦和,8,植月特別Ｃ３一,1500,ダ,左,良,晴,9,8,9,エーアイキリシマ,牡,4,56.0,450,3,保園翔,川村守,,,,,7-8-9-9,6,450,3
2025/04/21,浦和,9,春日傘特別Ｃ２選抜馬ウ,2000,ダ,左,良,晴,12,5,5,カネトシシュキン,牡,5,56.0,497,-4,山林信,佐々仁,,1,2:12.1,40.4,2-2-2-1,6,497,-4
2025/04/21,浦和,9,春日傘特別Ｃ２選抜馬ウ,2000,ダ,左,良,晴,12,3,3,カペラスター,牡,6,56.0,491,-10,高橋哲,工藤伸,,2,2:13.6,41.3,6-6-3-3,4,491,-10
2025/04/21,浦和,9,春日傘特別Ｃ２選抜馬ウ,2000,ダ,左,良,晴,12,5,6,モナークスラッガー,牡,5,56.0,437,2,澤田龍,田島寿,,3,2:14.2,41.7,10-9-6-6,5,437,2
2025/04/21,浦和,9,春日傘特別Ｃ２選抜馬ウ,2000,ダ,左,良,晴,12,6,7,ナツハヨル,牝,7,54.0,454,-1,七夕裕,野口孝,,4,2:14.2,42.8,1-1-1-2,2,454,-1
2025/04/21,浦和,9,春日傘特別Ｃ２選抜馬ウ,2000,ダ,左,良,晴,12,8,11,ラインストライカー,セ,0,56.0,493,4,矢野貴,宇野博,,5,2:14.4,42.1,3-4-4-4,1,493,4
2025/04/21,浦和,9,春日傘特別Ｃ２選抜馬ウ,2000,ダ,左,良,晴,12,7,9,リッキーマキアート,牝,5,54.0,486,7,室陽一,酒井一,,6,2:14.4,41.3,12-12-11-10,7,486,7
2025/04/21,浦和,9,春日傘特別Ｃ２選抜馬ウ,2000,ダ,左,良,晴,12,7,10,リケアオランジュ,牝,4,54.0,384,-1,福原杏,入口由,,7,2:14.5,42.0,8-7-9-7,9,384,-1
2025/04/21,浦和,9,春日傘特別Ｃ２選抜馬ウ,2000,ダ,左,良,晴,12,6,8,ローゼシュティア,牝,6,51.0,479,-7,中山遥,工藤伸,,8,2:14.5,42.0,11-8-5-5,10,479,-7
2025/04/21,浦和,9,春日傘特別Ｃ２選抜馬ウ,2000,ダ,左,良,晴,12,4,4,ヘヴンズクライ,牡,4,56.0,432,8,菅原涼,藤原智,,9,2:14.8,42.4,5-3-6-8,8,432,8
2025/04/21,浦和,9,春日傘特別Ｃ２選抜馬ウ,2000,ダ,左,良,晴,12,1,1,キスアンドテル,牝,6,54.0,496,-11,笠野雄,海馬司,,10,2:15.1,42.3,9-10-10-11,3,496,-11
2025/04/21,浦和,9,春日傘特別Ｃ２選抜馬ウ,2000,ダ,左,良,晴,12,2,2,リュウノブライダー,牡,4,56.0,482,2,達城龍,野口孝,,11,2:15.4,42.9,4-5-6-9,11,482,2
2025/04/21,浦和,9,春日傘特別Ｃ２選抜馬ウ,2000,ダ,左,良,晴,12,8,12,クインズミラ,牝,4,54.0,448,1,赤津和,長谷忍,,12,2:18.0,44.3,7-11-12-12,11,448,1
2025/04/21,浦和,10,蒲公英特別Ｂ３三,1500,ダ,左,良,晴,12,8,12,オデンシタ,牡,5,56.0,460,-6,クアト,野口寛,,1,1:36.7,38.4,6-6-5-3,5,460,-6
2025/04/21,浦和,10,蒲公英特別Ｂ３三,1500,ダ,左,良,晴,12,5,6,フォースチルドレン,牡,6,56.0,509,0,福原杏,平山真,,2,1:37.2,40.1,1-1-1-1,9,509,0
2025/04/21,浦和,10,蒲公英特別Ｂ３三,1500,ダ,左,良,晴,12,3,3,ルルネージュ,牝,6,54.0,485,11,町田直,佐々功,,3,1:37.4,39.9,5-3-3-2,4,485,11
2025/04/21,浦和,10,蒲公英特別Ｂ３三,1500,ダ,左,良,晴,12,1,1,ドウザン,牡,4,55.0,471,1,佐野遥,高月賢,,4,1:37.5,39.1,7-7-7-6,11,471,1
2025/04/21,浦和,10,蒲公英特別Ｂ３三,1500,ダ,左,良,晴,12,7,9,セイウンシリウス,牡,5,56.0,443,0,加藤和,冨田敏,,5,1:37.7,38.7,10-9-9-7,8,443,0
2025/04/21,浦和,10,蒲公英特別Ｂ３三,1500,ダ,左,良,晴,12,5,5,タロマイスター,牡,6,56.0,493,-7,矢野貴,小久智,,6,1:38.0,40.2,4-5-4-4,1,493,-7
2025/04/21,浦和,10,蒲公英特別Ｂ３三,1500,ダ,左,良,晴,12,8,11,ヒノデミッチー,牡,6,56.0,525,-4,櫻井光,酒井忍,,7,1:38.2,39.6,8-8-8-8,3,525,-4
2025/04/21,浦和,10,蒲公英特別Ｂ３三,1500,ダ,左,良,晴,12,2,2,モトサン,牡,5,56.0,539,-7,野畑凌,鈴木義,,8,1:38.4,38.8,11-11-11-9,2,539,-7
2025/04/21,浦和,10,蒲公英特別Ｂ３三,1500,ダ,左,良,晴,12,7,10,アパショナード,牡,6,56.0,436,4,秋元耕,薮口一,,9,1:38.5,39.7,9-10-9-10,6,436,4
2025/04/21,浦和,10,蒲公英特別Ｂ３三,1500,ダ,左,良,晴,12,6,8,スーパーリベロ,セ,0,56.0,459,-5,山林信,内田勝,,10,1:39.1,41.9,2-2-2-5,7,459,-5
2025/04/21,浦和,10,蒲公英特別Ｂ３三,1500,ダ,左,良,晴,12,4,4,アニモ,牝,4,54.0,422,5,七夕裕,川島豊,,11,1:39.8,39.2,12-12-12-12,12,422,5
2025/04/21,浦和,10,蒲公英特別Ｂ３三,1500,ダ,左,良,晴,12,6,7,スマートバローズ,牡,4,56.0,468,7,笹川翼,繁田健,,12,1:41.6,43.9,3-4-5-11,10,468,7
2025/04/21,浦和,11,清和月特別Ｂ２二,1400,ダ,左,良,晴,12,2,2,カナオールウェイズ,牡,5,56.0,509,15,達城龍,野口寛,,1,1:27.6,37.0,9-9-9-1,5,509,15
2025/04/21,浦和,11,清和月特別Ｂ２二,1400,ダ,左,良,晴,12,8,12,モズハッピーロード,牡,7,56.0,514,7,張田昂,海馬司,,2,1:28.8,39.9,3-3-4-4,6,514,7
2025/04/21,浦和,11,清和月特別Ｂ２二,1400,ダ,左,良,晴,12,7,9,モニュメントキング,牡,9,56.0,511,2,野畑凌,箕輪武,,3,1:28.9,39.8,4-4-3-2,3,511,2
2025/04/21,浦和,11,清和月特別Ｂ２二,1400,ダ,左,良,晴,12,6,8,エーヴベリー,牝,5,54.0,491,10,吉留孝,平山真,,4,1:29.0,37.9,12-12-10-8,12,491,10
2025/04/21,浦和,11,清和月特別Ｂ２二,1400,ダ,左,良,晴,12,5,6,クラサーベル,牡,6,56.0,491,-1,岡村健,玉井勝,,5,1:29.0,38.9,7-8-6-7,9,491,-1
2025/04/21,浦和,11,清和月特別Ｂ２二,1400,ダ,左,良,晴,12,3,3,アベニンスマイル,牡,4,56.0,536,7,吉井章,鈴木啓,,6,1:29.3,40.8,2-1-1-3,1,536,7
2025/04/21,浦和,11,清和月特別Ｂ２二,1400,ダ,左,良,晴,12,1,1,ヘリアンフォラ,牝,4,54.0,466,-1,本橋孝,石井勝,,7,1:29.6,40.3,5-5-5-5,7,466,-1
2025/04/21,浦和,11,清和月特別Ｂ２二,1400,ダ,左,良,晴,12,8,11,ミラクルランバック,牡,6,56.0,533,1,菅原涼,藤原智,,8,1:29.9,38.8,10-10-12-12,4,533,1
2025/04/21,浦和,11,清和月特別Ｂ２二,1400,ダ,左,良,晴,12,5,5,クラジャンク,牡,4,56.0,484,4,小杉亮,矢野義,,9,1:30.2,40.0,6-7-8-10,10,484,4
2025/04/21,浦和,11,清和月特別Ｂ２二,1400,ダ,左,良,晴,12,6,7,ナリサ,牝,5,54.0,455,-8,室陽一,工藤伸,,10,1:30.3,39.2,11-11-11-11,8,455,-8
2025/04/21,浦和,11,清和月特別Ｂ２二,1400,ダ,左,良,晴,12,4,4,オーウェル,牡,4,56.0,481,-12,クアト,小久智,,11,1:30.4,41.9,1-2-2-6,2,481,-12
2025/04/21,浦和,11,清和月特別Ｂ２二,1400,ダ,左,良,晴,12,7,10,ピノホホッア,牡,5,56.0,536,6,高橋哲,野口孝,,12,1:30.6,40.5,8-6-7-9,11,536,6
2025/04/21,浦和,12,春の風特別Ｃ１選抜馬ア,2000,ダ,左,良,晴,12,4,4,ロックフレイバー,牡,5,56.0,490,9,笹川翼,繁田健,,1,2:10.9,38.8,1-1-1-1,3,490,9
2025/04/21,浦和,12,春の風特別Ｃ１選抜馬ア,2000,ダ,左,良,晴,12,1,1,カレンアップラウゾ,牡,6,55.0,510,-4,佐野遥,村田順,,2,2:11.6,38.7,9-9-9-5,7,510,-4
2025/04/21,浦和,12,春の風特別Ｃ１選抜馬ア,2000,ダ,左,良,晴,12,7,10,ライコウノヒカリ,牡,5,56.0,446,2,福原杏,鈴木勝,,3,2:12.1,39.8,4-3-3-2,4,446,2
2025/04/21,浦和,12,春の風特別Ｃ１選抜馬ア,2000,ダ,左,良,晴,12,3,3,コスモパンドラ,牝,6,54.0,467,0,野畑凌,箕輪武,,4,2:12.1,39.5,6-5-5-6,1,467,0
2025/04/21,浦和,12,春の風特別Ｃ１選抜馬ア,2000,ダ,左,良,晴,12,6,7,ノーモアワーズ,牡,6,56.0,522,3,山中悠,稲益貴,,5,2:12.1,39.8,3-4-2-4,11,522,3
2025/04/21,浦和,12,春の風特別Ｃ１選抜馬ア,2000,ダ,左,良,晴,12,7,9,ストロンゲスト,牡,6,56.0,502,4,張田昂,古澤悟,,6,2:12.1,39.7,7-6-4-3,5,502,4
2025/04/21,浦和,12,春の風特別Ｃ１選抜馬ア,2000,ダ,左,良,晴,12,5,6,ラップランド,セ,0,53.0,471,1,山本大,矢内博,,7,2:12.3,39.0,11-12-10-8,2,471,1
2025/04/21,浦和,12,春の風特別Ｃ１選抜馬ア,2000,ダ,左,良,晴,12,8,11,フクノバルトラン,牡,6,56.0,486,3,町田直,山田質,,8,2:12.5,39.7,5-8-6-7,8,486,3
2025/04/21,浦和,12,春の風特別Ｃ１選抜馬ア,2000,ダ,左,良,晴,12,6,8,リュウノアン,牝,6,54.0,477,10,保園翔,野口寛,,9,2:12.9,39.9,8-10-11-9,10,477,10
2025/04/21,浦和,12,春の風特別Ｃ１選抜馬ア,2000,ダ,左,良,晴,12,2,2,フォートウィリアム,セ,0,56.0,518,11,室陽一,吉田正,,10,2:13.4,40.6,10-7-7-10,9,518,11
2025/04/21,浦和,12,春の風特別Ｃ１選抜馬ア,2000,ダ,左,良,晴,12,5,5,コスモビートイット,牡,8,56.0,495,1,秋元耕,川島豊,,11,2:15.0,41.4,12-11-12-11,12,495,1
2025/04/21,浦和,12,春の風特別Ｃ１選抜馬ア,2000,ダ,左,良,晴,12,8,12,エーススパークル,牡,6,54.0,479,4,中島良,小澤宏,,12,2:16.5,44.2,2-2-8-12,6,479,4
2025/04/22,浦和,1,浦和８００ラウンドＣ３選抜馬イ,800,ダ,左,良,晴,12,6,8,スーパーサイクル,牡,6,56.0,481,-1,山中悠,繁田健,,1,0:47.9,36.8,1-1,1,481,-1
2025/04/22,浦和,1,浦和８００ラウンドＣ３選抜馬イ,800,ダ,左,良,晴,12,1,1,オンネア,牝,4,54.0,472,-2,室陽一,入口由,,2,0:49.1,37.7,5-4,4,472,-2
2025/04/22,浦和,1,浦和８００ラウンドＣ３選抜馬イ,800,ダ,左,良,晴,12,3,3,マザーフェイヴァー,牝,7,54.0,472,6,野畑凌,工藤伸,,3,0:49.2,37.8,2-2,2,472,6
2025/04/22,浦和,1,浦和８００ラウンドＣ３選抜馬イ,800,ダ,左,良,晴,12,2,2,フリブール,牝,7,54.0,458,9,福原杏,水上直,,4,0:49.3,37.4,6-5,3,458,9
2025/04/22,浦和,1,浦和８００ラウンドＣ３選抜馬イ,800,ダ,左,良,晴,12,8,11,ブライトソール,牡,6,56.0,436,8,岡田大,薮口一,,5,0:49.4,38.0,3-3,5,436,8
2025/04/22,浦和,1,浦和８００ラウンドＣ３選抜馬イ,800,ダ,左,良,晴,12,5,6,セキノアトラス,牡,7,56.0,462,6,赤津和,川村守,,6,0:50.2,38.3,8-7,6,462,6
2025/04/22,浦和,1,浦和８００ラウンドＣ３選抜馬イ,800,ダ,左,良,晴,12,5,5,ワイキキビーチ,牡,5,56.0,454,2,笠野雄,海馬司,,7,0:50.4,38.2,11-10,8,454,2
2025/04/22,浦和,1,浦和８００ラウンドＣ３選抜馬イ,800,ダ,左,良,晴,12,7,10,スマートドラフト,牝,6,54.0,440,7,高橋哲,鈴木勝,,8,0:50.4,38.3,9-9,12,440,7
2025/04/22,浦和,1,浦和８００ラウンドＣ３選抜馬イ,800,ダ,左,良,晴,12,8,12,カナデル,牝,5,54.0,500,11,七夕裕,酒井一,,9,0:50.4,39.0,3-6,7,500,11
2025/04/22,浦和,1,浦和８００ラウンドＣ３選抜馬イ,800,ダ,左,良,晴,12,7,9,マルノコウキ,牡,6,56.0,514,-6,半澤慶,川村守,,10,0:50.6,38.9,7-8,9,514,-6
2025/04/22,浦和,1,浦和８００ラウンドＣ３選抜馬イ,800,ダ,左,良,晴,12,6,7,シェナマリア,牝,5,54.0,446,1,加藤和,吉田正,,11,0:50.9,38.1,12-11,10,446,1
2025/04/22,浦和,1,浦和８００ラウンドＣ３選抜馬イ,800,ダ,左,良,晴,12,4,4,ゴールドボード,牝,6,54.0,530,10,秋元耕,箕輪武,,12,0:51.6,39.7,10-12,11,530,10
2025/04/22,浦和,2,浦和８００ラウンドＣ３選抜馬ア,800,ダ,左,良,曇,12,5,6,モンテジュエル,牝,6,54.0,454,3,山中悠,新井清,,1,0:48.1,35.9,2-1,2,454,3
2025/04/22,浦和,2,浦和８００ラウンドＣ３選抜馬ア,800,ダ,左,良,曇,12,5,5,カリスイモン,牝,4,54.0,427,10,笹川翼,水上直,,2,0:48.7,36.5,1-2,1,427,10
2025/04/22,浦和,2,浦和８００ラウンドＣ３選抜馬ア,800,ダ,左,良,曇,12,7,10,リュウノアーダーン,牝,7,54.0,440,10,保園翔,野口寛,,3,0:48.9,36.2,5-3,4,440,10
2025/04/22,浦和,2,浦和８００ラウンドＣ３選抜馬ア,800,ダ,左,良,曇,12,2,2,コトル,牝,6,54.0,519,12,國分祐,川村守,,4,0:49.1,36.4,6-5,7,519,12
2025/04/22,浦和,2,浦和８００ラウンドＣ３選抜馬ア,800,ダ,左,良,曇,12,1,1,リチェルカータ,牝,8,54.0,460,13,室陽一,小澤宏,,5,0:49.1,36.1,7-6,5,460,13
2025/04/22,浦和,2,浦和８００ラウンドＣ３選抜馬ア,800,ダ,左,良,曇,12,8,12,ユウユウグリュック,牝,8,54.0,452,-8,秋元耕,横山保,,6,0:49.1,36.4,4-7,9,452,-8
2025/04/22,浦和,2,浦和８００ラウンドＣ３選抜馬ア,800,ダ,左,良,曇,12,8,11,ピノモラーン,牡,7,56.0,492,6,達城龍,野口孝,,7,0:49.2,36.1,10-8,3,492,6
2025/04/22,浦和,2,浦和８００ラウンドＣ３選抜馬ア,800,ダ,左,良,曇,12,6,7,アカルイスモウブ,牝,6,54.0,417,-2,岡田大,冨田敏,,8,0:49.4,37.0,3-4,11,417,-2
2025/04/22,浦和,2,浦和８００ラウンドＣ３選抜馬ア,800,ダ,左,良,曇,12,4,4,メイショウベニバナ,牝,5,51.0,458,10,中山遥,長谷忍,,9,0:49.5,36.2,11-11,6,458,10
2025/04/22,浦和,2,浦和８００ラウンドＣ３選抜馬ア,800,ダ,左,良,曇,12,3,3,ジュニパーダンス,牝,7,54.0,444,3,七夕裕,酒井一,,10,0:49.9,36.9,8-9,12,444,3
2025/04/22,浦和,2,浦和８００ラウンドＣ３選抜馬ア,800,ダ,左,良,曇,12,7,9,メジャーエール,牝,5,54.0,458,-16,加藤和,長谷忍,,11,0:49.9,36.8,9-10,10,458,-16
2025/04/22,浦和,2,浦和８００ラウンドＣ３選抜馬ア,800,ダ,左,良,曇,12,6,8,シャイニングアース,牡,4,56.0,482,7,赤津和,薮口一,,12,0:51.7,37.4,12-12,8,482,7
2025/04/22,浦和,3,Ｃ２五 六,1400,ダ,左,良,曇,12,6,7,エイシンゾディアク,牡,4,56.0,453,5,七夕裕,横山保,,1,1:28.5,39.3,2-2-1-1,2,453,5
2025/04/22,浦和,3,Ｃ２五 六,1400,ダ,左,良,曇,12,7,9,チカチャン,牝,4,54.0,423,5,岡村健,平山真,,2,1:29.4,40.0,3-3-3-2,6,423,5
2025/04/22,浦和,3,Ｃ２五 六,1400,ダ,左,良,曇,12,1,1,サマーストーリー,牡,5,56.0,433,4,吉留孝,冨田敏,,3,1:29.5,38.9,9-8-6-6,7,433,4
2025/04/22,浦和,3,Ｃ２五 六,1400,ダ,左,良,曇,12,8,11,ウインブリエ,牝,4,54.0,513,4,福原杏,平山真,,4,1:29.7,39.9,5-5-4-4,1,513,4
2025/04/22,浦和,3,Ｃ２五 六,1400,ダ,左,良,曇,12,3,3,フェアメーゲン,牝,7,51.0,442,9,加藤雄,工藤伸,,5,1:30.1,40.3,4-4-5-5,5,442,9
2025/04/22,浦和,3,Ｃ２五 六,1400,ダ,左,良,曇,12,5,5,グレートスピリット,牡,4,56.0,521,-16,丹内祐,野口寛,,6,1:30.6,41.5,1-1-1-3,3,521,-16
2025/04/22,浦和,3,Ｃ２五 六,1400,ダ,左,良,曇,12,5,6,フォガラ,牝,8,54.0,474,1,西啓太,小久智,,7,1:30.6,40.0,7-6-7-7,4,474,1
2025/04/22,浦和,3,Ｃ２五 六,1400,ダ,左,良,曇,12,2,2,ランウェイクイーン,牝,4,54.0,456,-2,篠谷葵,小澤宏,,8,1:30.7,39.5,11-10-8-8,9,456,-2
2025/04/22,浦和,3,Ｃ２五 六,1400,ダ,左,良,曇,12,6,8,サプライズワンワン,牡,4,54.0,500,6,中島良,川島豊,,9,1:31.7,40.6,6-7-9-9,8,500,6
2025/04/22,浦和,3,Ｃ２五 六,1400,ダ,左,良,曇,12,7,10,チェスナットドレス,牝,8,54.0,460,-6,國分祐,冨田敏,,10,1:32.6,40.8,10-11-11-10,10,460,-6
2025/04/22,浦和,3,Ｃ２五 六,1400,ダ,左,良,曇,12,8,12,ヌートバー,牡,4,56.0,499,8,室陽一,入口由,,11,1:33.8,42.7,8-9-10-11,11,499,8
2025/04/22,浦和,3,Ｃ２五 六,1400,ダ,左,良,曇,12,4,4,メイショウボンゴチ,牡,5,56.0,0,0,加藤和,薮口一,,,,,,,0,0
2025/04/22,浦和,4,Ｃ３九,1500,ダ,左,良,曇,10,1,1,マッシュブライト,牝,7,54.0,476,-7,櫻井光,酒井一,,1,1:39.5,39.7,7-7-8-4,6,476,-7
2025/04/22,浦和,4,Ｃ３九,1500,ダ,左,良,曇,10,5,5,ジャポニズム,牡,7,56.0,475,1,秋元耕,薮口一,,2,1:39.8,40.4,8-6-2-1,5,475,1
2025/04/22,浦和,4,Ｃ３九,1500,ダ,左,良,曇,10,7,7,プリンセスダーク,牝,6,54.0,470,-8,笹川翼,玉井等,,3,1:39.9,40.5,4-4-5-3,4,470,-8
2025/04/22,浦和,4,Ｃ３九,1500,ダ,左,良,曇,10,2,2,ストームペガサス,セ,0,56.0,527,9,張田昂,平山真,,4,1:40.7,41.6,1-1-1-2,1,527,9
2025/04/22,浦和,4,Ｃ３九,1500,ダ,左,良,曇,10,3,3,シンキングロマンス,牝,6,54.0,466,1,岡田大,川村守,,5,1:40.8,41.2,9-9-6-6,3,466,1
2025/04/22,浦和,4,Ｃ３九,1500,ダ,左,良,曇,10,7,8,ジニアズウィッシュ,牝,9,51.0,478,-2,中山遥,小林真,,6,1:40.8,41.2,5-5-7-8,10,478,-2
2025/04/22,浦和,4,Ｃ３九,1500,ダ,左,良,曇,10,8,9,マメゾウシンヤ,牡,4,56.0,439,7,野畑凌,水野貴,,7,1:41.3,42.0,3-3-4-5,2,439,7
2025/04/22,浦和,4,Ｃ３九,1500,ダ,左,良,曇,10,8,10,イナリンクローバー,牝,8,54.0,465,2,菅原涼,藤原智,,8,1:41.5,41.4,6-8-9-10,8,465,2
2025/04/22,浦和,4,Ｃ３九,1500,ダ,左,良,曇,10,4,4,ビュヴォン,牡,7,56.0,505,-3,加藤和,長谷忍,,9,1:41.9,41.4,10-10-10-9,9,505,-3
2025/04/22,浦和,4,Ｃ３九,1500,ダ,左,良,曇,10,6,6,ビーナスオーキッド,牝,7,54.0,501,-8,本田紀,平田正,,10,1:42.5,43.3,2-2-3-7,7,501,-8
2025/04/22,浦和,5,浦和ファイブチャレンジＣ２五 六,1500,ダ,左,良,晴,12,6,7,ロットゥーラ,牡,5,56.0,469,-6,野畑凌,小久智,,1,1:37.3,38.3,2-2-2-1,3,469,-6
2025/04/22,浦和,5,浦和ファイブチャレンジＣ２五 六,1500,ダ,左,良,晴,12,4,4,アレグリアシチー,牡,8,56.0,464,5,笹川翼,新井清,,2,1:37.9,38.6,5-4-4-3,1,464,5
2025/04/22,浦和,5,浦和ファイブチャレンジＣ２五 六,1500,ダ,左,良,晴,12,1,1,ロジマスタング,牝,6,54.0,471,0,笠野雄,平山真,,3,1:38.2,39.5,1-1-1-2,9,471,0
2025/04/22,浦和,5,浦和ファイブチャレンジＣ２五 六,1500,ダ,左,良,晴,12,3,3,ジャストザヴァルス,牝,5,54.0,424,-7,室陽一,宇野博,,4,1:38.9,39.1,7-7-8-5,6,424,-7
2025/04/22,浦和,5,浦和ファイブチャレンジＣ２五 六,1500,ダ,左,良,晴,12,5,5,バリブラック,セ,0,56.0,477,2,岡田大,小林真,,5,1:39.0,38.9,9-8-11-7,12,477,2
2025/04/22,浦和,5,浦和ファイブチャレンジＣ２五 六,1500,ダ,左,良,晴,12,2,2,ラニーズグレイス,牝,5,54.0,484,11,本橋孝,工藤伸,,6,1:39.0,39.0,11-11-5-4,2,484,11
2025/04/22,浦和,5,浦和ファイブチャレンジＣ２五 六,1500,ダ,左,良,晴,12,5,6,キョウエイシャイン,牝,6,54.0,453,1,秋元耕,小澤宏,,7,1:39.3,39.3,8-9-10-9,8,453,1
2025/04/22,浦和,5,浦和ファイブチャレンジＣ２五 六,1500,ダ,左,良,晴,12,7,10,マイネルグローリエ,牡,6,53.0,520,-3,山本大,石井勝,,8,1:39.7,39.1,12-12-12-12,10,520,-3
2025/04/22,浦和,5,浦和ファイブチャレンジＣ２五 六,1500,ダ,左,良,晴,12,7,9,エムリエール,牡,6,56.0,474,3,山中悠,小澤宏,,9,1:39.7,40.5,3-3-3-6,7,474,3
2025/04/22,浦和,5,浦和ファイブチャレンジＣ２五 六,1500,ダ,左,良,晴,12,8,11,エソラ,牡,5,56.0,509,6,岡村健,平山真,,10,1:39.8,40.1,6-6-7-8,5,509,6
2025/04/22,浦和,5,浦和ファイブチャレンジＣ２五 六,1500,ダ,左,良,晴,12,6,8,コングラツィア,牝,9,53.0,446,1,佐野遥,田邊陽,,11,1:40.0,40.0,10-10-9-10,11,446,1
2025/04/22,浦和,5,浦和ファイブチャレンジＣ２五 六,1500,ダ,左,良,晴,12,8,12,シーギリア,牝,5,54.0,480,9,保園翔,野口寛,,12,1:40.3,40.8,4-5-6-11,4,480,9
2025/04/22,浦和,6,いいじゃん！さいたま賞Ｂ３四,1400,ダ,左,良,晴,12,8,12,シントーハナノボス,牡,4,56.0,486,-6,野畑凌,平田正,,1,1:29.4,39.3,6-7-4-2,2,486,-6
2025/04/22,浦和,6,いいじゃん！さいたま賞Ｂ３四,1400,ダ,左,良,晴,12,5,6,トーセンジェミニ,牝,5,54.0,440,9,矢野貴,小久智,,2,1:29.9,40.6,1-1-1-1,1,440,9
2025/04/22,浦和,6,いいじゃん！さいたま賞Ｂ３四,1400,ダ,左,良,晴,12,6,7,ステラシティ,牝,4,51.0,479,1,中山遥,吉田正,,3,1:29.9,40.5,2-2-2-3,12,479,1
2025/04/22,浦和,6,いいじゃん！さいたま賞Ｂ３四,1400,ダ,左,良,晴,12,7,10,エイシンスコッティ,セ,0,56.0,548,1,本橋孝,石井勝,,4,1:30.0,40.3,3-3-3-4,3,548,1
2025/04/22,浦和,6,いいじゃん！さいたま賞Ｂ３四,1400,ダ,左,良,晴,12,1,1,デザートトレイン,牡,4,56.0,474,-6,山林信,高月賢,,5,1:30.4,39.7,12-8-8-7,11,474,-6
2025/04/22,浦和,6,いいじゃん！さいたま賞Ｂ３四,1400,ダ,左,良,晴,12,8,11,ヴィスコンティ,セ,0,56.0,509,3,達城龍,山中尊,,6,1:31.0,40.3,11-10-7-6,5,509,3
2025/04/22,浦和,6,いいじゃん！さいたま賞Ｂ３四,1400,ダ,左,良,晴,12,6,8,ライヴガーネット,牝,6,54.0,474,8,木間龍,工藤伸,,7,1:31.0,40.7,5-5-5-5,7,474,8
2025/04/22,浦和,6,いいじゃん！さいたま賞Ｂ３四,1400,ダ,左,良,晴,12,3,3,ジュンフカリ,牡,5,56.0,480,3,加藤和,薮口一,,8,1:31.7,41.0,9-9-10-9,4,480,3
2025/04/22,浦和,6,いいじゃん！さいたま賞Ｂ３四,1400,ダ,左,良,晴,12,5,5,ラベンダージェイド,牝,4,54.0,458,3,櫻井光,平田正,,9,1:32.0,41.8,4-4-6-8,6,458,3
2025/04/22,浦和,6,いいじゃん！さいたま賞Ｂ３四,1400,ダ,左,良,晴,12,7,9,シトラスダル,牝,6,54.0,453,10,岡村健,平山真,,10,1:32.1,40.6,8-11-12-11,10,453,10
2025/04/22,浦和,6,いいじゃん！さいたま賞Ｂ３四,1400,ダ,左,良,晴,12,2,2,コウユーラヴラヴ,牝,7,54.0,488,13,町田直,宇野博,,11,1:32.4,41.9,7-6-9-10,8,488,13
2025/04/22,浦和,6,いいじゃん！さいたま賞Ｂ３四,1400,ダ,左,良,晴,12,4,4,ショウナンナツゾラ,牝,4,53.0,442,15,佐野遥,水上直,,12,1:34.1,42.8,10-12-11-12,9,442,15
2025/04/22,浦和,7,春暖特別Ｃ１四Ｃ２一,1400,ダ,左,良,晴,12,4,4,ベストリターナー,セ,0,55.0,536,1,笹川翼,宇野博,,1,1:29.3,39.0,1-1-1-1,1,536,1
2025/04/22,浦和,7,春暖特別Ｃ１四Ｃ２一,1400,ダ,左,良,晴,12,5,5,トーセンエナジー,牡,4,55.0,501,4,見越彬,小久智,,2,1:29.7,39.2,2-2-2-2,5,501,4
2025/04/22,浦和,7,春暖特別Ｃ１四Ｃ２一,1400,ダ,左,良,晴,12,6,8,ビコーズウイキャン,牡,4,55.0,449,-1,加藤和,長谷忍,,3,1:29.9,38.8,8-8-6-3,7,449,-1
2025/04/22,浦和,7,春暖特別Ｃ１四Ｃ２一,1400,ダ,左,良,晴,12,3,3,ニシノウール,牡,5,57.0,472,-6,岡田大,冨田敏,,4,1:30.1,39.0,6-7-7-5,9,472,-6
2025/04/22,浦和,7,春暖特別Ｃ１四Ｃ２一,1400,ダ,左,良,晴,12,7,9,エースクイーン,牝,5,53.0,423,-3,室陽一,宇野博,,5,1:30.9,39.3,11-10-9-8,3,423,-3
2025/04/22,浦和,7,春暖特別Ｃ１四Ｃ２一,1400,ダ,左,良,晴,12,2,2,ショコラクイーン,牝,5,53.0,500,0,張田昂,内田勝,,6,1:31.2,40.3,3-4-4-4,2,500,0
2025/04/22,浦和,7,春暖特別Ｃ１四Ｃ２一,1400,ダ,左,良,晴,12,7,10,トーケンマンボ,牝,6,55.0,504,7,篠谷葵,山本学,,7,1:31.5,40.8,4-3-3-6,4,504,7
2025/04/22,浦和,7,春暖特別Ｃ１四Ｃ２一,1400,ダ,左,良,晴,12,1,1,ジャストチャックル,牝,4,53.0,461,4,秋元耕,小澤宏,,8,1:31.5,39.7,9-11-12-10,11,461,4
2025/04/22,浦和,7,春暖特別Ｃ１四Ｃ２一,1400,ダ,左,良,晴,12,8,11,マロンシャンテリー,牡,4,53.0,473,9,中島良,川島豊,,9,1:31.7,40.1,10-9-10-11,6,473,9
2025/04/22,浦和,7,春暖特別Ｃ１四Ｃ２一,1400,ダ,左,良,晴,12,8,12,ジョーソーレ,牝,4,53.0,449,6,西啓太,小久智,,10,1:31.8,40.9,5-5-5-7,8,449,6
2025/04/22,浦和,7,春暖特別Ｃ１四Ｃ２一,1400,ダ,左,良,晴,12,6,7,スーパーローズ,牝,8,55.0,494,12,七夕裕,野口孝,,11,1:31.9,40.2,12-12-11-9,10,494,12
2025/04/22,浦和,7,春暖特別Ｃ１四Ｃ２一,1400,ダ,左,良,晴,12,5,6,レオズソーダライト,牝,9,55.0,482,-4,半澤慶,海馬司,,12,1:33.5,42.4,7-6-8-12,12,482,-4
2025/04/22,浦和,8,ダイヤモンド特別Ｃ１三,1400,ダ,左,良,晴,12,6,7,エレガントジュエリ,牝,5,54.0,417,4,保園翔,川村守,,1,1:29.6,39.4,1-1-1-1,6,417,4
2025/04/22,浦和,8,ダイヤモンド特別Ｃ１三,1400,ダ,左,良,晴,12,7,10,ジョーリベリカ,牡,6,55.0,476,-5,佐野遥,小久智,,2,1:30.0,39.6,2-2-2-2,4,476,-5
2025/04/22,浦和,8,ダイヤモンド特別Ｃ１三,1400,ダ,左,良,晴,12,3,3,ヴァラムノス,牝,4,54.0,439,10,福原杏,水野貴,,3,1:30.5,39.8,5-5-5-3,2,439,10
2025/04/22,浦和,8,ダイヤモンド特別Ｃ１三,1400,ダ,左,良,晴,12,4,4,ビリーヴィン,牡,5,56.0,507,-3,菅原涼,藤原智,,4,1:30.8,39.9,8-7-6-6,5,507,-3
2025/04/22,浦和,8,ダイヤモンド特別Ｃ１三,1400,ダ,左,良,晴,12,2,2,アンクローシュ,牝,4,54.0,423,-1,笹川翼,小澤宏,,5,1:30.9,40.2,4-4-4-4,3,423,-1
2025/04/22,浦和,8,ダイヤモンド特別Ｃ１三,1400,ダ,左,良,晴,12,5,6,エーティースピカ,牝,5,54.0,515,-3,室陽一,宇野博,,6,1:31.2,40.7,3-3-3-5,1,515,-3
2025/04/22,浦和,8,ダイヤモンド特別Ｃ１三,1400,ダ,左,良,晴,12,8,12,ユウユウプルニーマ,牝,4,54.0,452,0,赤津和,横山保,,6,1:31.2,39.9,7-8-7-7,8,452,0
2025/04/22,浦和,8,ダイヤモンド特別Ｃ１三,1400,ダ,左,良,晴,12,5,5,ヒシルリアン,牡,5,56.0,501,6,秋元耕,箕輪武,,8,1:31.4,39.6,10-9-9-8,12,501,6
2025/04/22,浦和,8,ダイヤモンド特別Ｃ１三,1400,ダ,左,良,晴,12,7,9,タイヘイノヨ,セ,0,56.0,512,8,山中悠,工藤伸,,9,1:31.4,38.9,12-12-12-11,7,512,8
2025/04/22,浦和,8,ダイヤモンド特別Ｃ１三,1400,ダ,左,良,晴,12,8,11,ポップコーン,牡,4,56.0,465,1,笠野雄,平山真,,10,1:31.9,40.0,9-10-11-9,10,465,1
2025/04/22,浦和,8,ダイヤモンド特別Ｃ１三,1400,ダ,左,良,晴,12,1,1,メイショウフウカ,牝,7,54.0,496,13,半澤慶,宇野博,,11,1:32.3,41.1,6-6-8-10,11,496,13
2025/04/22,浦和,8,ダイヤモンド特別Ｃ１三,1400,ダ,左,良,晴,12,6,8,ティーケーメイト,牝,7,54.0,452,-1,櫻井光,八木仁,,12,1:32.4,40.5,11-11-10-12,9,452,-1
2025/04/22,浦和,9,Ｊ交 ツインゴールド特別３歳選抜馬,1400,ダ,左,良,晴,12,4,4,シナノクーパー,牡,3,56.0,426,3,見越彬,鹿沼和,,1,1:29.5,39.2,1-1-1-1,4,426,3
2025/04/22,浦和,9,Ｊ交 ツインゴールド特別３歳選抜馬,1400,ダ,左,良,晴,12,7,10,ケアンズ,牡,3,56.0,461,-5,野畑凌,武藤善,,2,1:30.4,39.7,4-5-3-2,5,461,-5
2025/04/22,浦和,9,Ｊ交 ツインゴールド特別３歳選抜馬,1400,ダ,左,良,晴,12,7,9,モンド,牡,3,55.0,436,-1,佐野遥,甲田悟,,3,1:30.9,39.9,8-8-8-5,6,436,-1
2025/04/22,浦和,9,Ｊ交 ツインゴールド特別３歳選抜馬,1400,ダ,左,良,晴,12,5,6,デーレーチョップ,牡,3,56.0,461,-7,福原杏,鈴木義,,4,1:31.0,40.0,7-7-9-7,3,461,-7
2025/04/22,浦和,9,Ｊ交 ツインゴールド特別３歳選抜馬,1400,ダ,左,良,晴,12,1,1,ヤスエ,牝,3,54.0,416,-10,山中悠,深山雅,,5,1:31.3,40.8,5-4-4-3,2,416,-10
2025/04/22,浦和,9,Ｊ交 ツインゴールド特別３歳選抜馬,1400,ダ,左,良,晴,12,8,12,キョウエイグッド,牡,3,56.0,450,-2,秋元耕,千葉直,,6,1:32.0,41.2,9-9-5-6,7,450,-2
2025/04/22,浦和,9,Ｊ交 ツインゴールド特別３歳選抜馬,1400,ダ,左,良,晴,12,6,7,ララパサージュ,牡,3,53.0,456,-2,石神道,和田雄,,7,1:32.2,39.2,11-11-11-10,10,456,-2
2025/04/22,浦和,9,Ｊ交 ツインゴールド特別３歳選抜馬,1400,ダ,左,良,晴,12,8,11,ウワサノデコピン,牡,3,56.0,450,7,七夕裕,工藤伸,,8,1:32.3,41.8,3-3-2-4,8,450,7
2025/04/22,浦和,9,Ｊ交 ツインゴールド特別３歳選抜馬,1400,ダ,左,良,晴,12,6,8,クロイゼルング,牡,3,56.0,481,-6,町田直,佐藤博,,9,1:32.6,41.6,6-6-7-8,1,481,-6
2025/04/22,浦和,9,Ｊ交 ツインゴールド特別３歳選抜馬,1400,ダ,左,良,晴,12,5,5,グリングリングラス,牡,3,56.0,488,-1,山林信,平田正,,10,1:32.8,40.2,10-10-10-9,11,488,-1
2025/04/22,浦和,9,Ｊ交 ツインゴールド特別３歳選抜馬,1400,ダ,左,良,晴,12,3,3,サクラトップワード,牡,3,56.0,563,9,菊澤一,武市康,,11,1:35.6,45.0,2-2-6-11,9,563,9
2025/04/22,浦和,9,Ｊ交 ツインゴールド特別３歳選抜馬,1400,ダ,左,良,晴,12,2,2,サスペンスクィーン,牝,3,54.0,0,0,丹内祐,和田雄,,,,,,,0,0
2025/04/22,浦和,10,夏初月特別Ｂ１二Ｂ２一,1500,ダ,左,良,曇,12,7,10,ダイメイタマナ,牡,5,55.0,506,4,笹川翼,野口孝,,1,1:35.5,39.2,4-4-3-2,4,506,4
2025/04/22,浦和,10,夏初月特別Ｂ１二Ｂ２一,1500,ダ,左,良,曇,12,3,3,ミュステーリオン,牝,6,53.0,501,5,福原杏,小久智,,2,1:35.5,40.5,1-1-1-1,2,501,5
2025/04/22,浦和,10,夏初月特別Ｂ１二Ｂ２一,1500,ダ,左,良,曇,12,1,1,ハグレグモ,牡,4,55.0,525,4,笠野雄,平山真,,3,1:35.6,38.4,12-11-6-3,1,525,4
2025/04/22,浦和,10,夏初月特別Ｂ１二Ｂ２一,1500,ダ,左,良,曇,12,4,4,ケンアトラス,牡,4,55.0,469,2,野畑凌,繁田健,,4,1:35.8,39.4,5-5-5-4,3,469,2
2025/04/22,浦和,10,夏初月特別Ｂ１二Ｂ２一,1500,ダ,左,良,曇,12,2,2,マロカオブジャガー,牡,7,57.0,508,-8,木間龍,伊藤滋,,5,1:36.2,38.8,10-9-10-8,9,508,-8
2025/04/22,浦和,10,夏初月特別Ｂ１二Ｂ２一,1500,ダ,左,良,曇,12,5,5,コパノオースティン,セ,0,55.0,501,3,岡村健,新井清,,6,1:36.4,39.2,9-10-7-6,8,501,3
2025/04/22,浦和,10,夏初月特別Ｂ１二Ｂ２一,1500,ダ,左,良,曇,12,6,8,エストレラブレイン,牡,7,55.0,550,0,矢野貴,高月賢,,7,1:36.6,39.4,8-6-8-7,7,550,0
2025/04/22,浦和,10,夏初月特別Ｂ１二Ｂ２一,1500,ダ,左,良,曇,12,5,6,サランスク,牝,6,55.0,502,-3,西啓太,田中人,,8,1:37.1,41.7,2-2-2-5,5,502,-3
2025/04/22,浦和,10,夏初月特別Ｂ１二Ｂ２一,1500,ダ,左,良,曇,12,8,11,フィティアンガ,セ,0,55.0,495,5,小杉亮,山中尊,,9,1:37.5,39.4,11-12-12-9,12,495,5
2025/04/22,浦和,10,夏初月特別Ｂ１二Ｂ２一,1500,ダ,左,良,曇,12,8,12,コスモマルーン,牝,5,50.0,465,6,加藤雄,河津裕,,10,1:38.0,40.8,6-7-9-11,11,465,6
2025/04/22,浦和,10,夏初月特別Ｂ１二Ｂ２一,1500,ダ,左,良,曇,12,7,9,パールアゲイン,牝,6,53.0,424,4,七夕裕,鹿沼和,,11,1:39.0,41.4,7-8-11-12,10,424,4
2025/04/22,浦和,10,夏初月特別Ｂ１二Ｂ２一,1500,ダ,左,良,曇,12,6,7,ヨルノテイオー,牡,4,55.0,489,-5,本橋孝,齊藤敏,,12,1:39.1,43.2,3-3-4-10,6,489,-5
2025/04/22,浦和,11,’２５アヴニール賞３歳オープン,1400,ダ,左,良,曇,9,4,4,エスカティア,牝,3,52.0,485,-3,山中悠,小久智,,1,1:29.0,38.7,2-2-2-1,1,485,-3
2025/04/22,浦和,11,’２５アヴニール賞３歳オープン,1400,ダ,左,良,曇,9,8,8,ライトスリー,牡,3,54.0,497,1,笹川翼,小久智,,2,1:29.4,38.9,4-3-3-3,2,497,1
2025/04/22,浦和,11,’２５アヴニール賞３歳オープン,1400,ダ,左,良,曇,9,3,3,シトラスフレイバー,牡,3,54.0,443,-3,町田直,繁田健,,3,1:30.1,39.3,5-5-4-4,4,443,-3
2025/04/22,浦和,11,’２５アヴニール賞３歳オープン,1400,ダ,左,良,曇,9,1,1,ナーヴィスゼータ,牝,3,52.0,471,3,室陽一,宇野博,,4,1:30.3,38.6,7-7-7-8,8,471,3
2025/04/22,浦和,11,’２５アヴニール賞３歳オープン,1400,ダ,左,良,曇,9,8,9,ビッグデイメイク,牝,3,52.0,409,-4,岡村健,田中力,,5,1:30.4,38.1,8-8-8-7,5,409,-4
2025/04/22,浦和,11,’２５アヴニール賞３歳オープン,1400,ダ,左,良,曇,9,2,2,オウジ,牡,3,54.0,527,-7,庄司大,石井勝,,6,1:30.5,39.4,6-6-6-6,7,527,-7
2025/04/22,浦和,11,’２５アヴニール賞３歳オープン,1400,ダ,左,良,曇,9,5,5,ヒーサマウィン,牡,3,54.0,469,0,張田昂,伊藤滋,,7,1:30.6,40.5,1-1-1-2,3,469,0
2025/04/22,浦和,11,’２５アヴニール賞３歳オープン,1400,ダ,左,良,曇,9,7,7,ツツウラウラ,牡,3,54.0,463,3,西啓太,野口寛,,8,1:30.7,39.9,3-4-5-5,6,463,3
2025/04/22,浦和,11,’２５アヴニール賞３歳オープン,1400,ダ,左,良,曇,9,6,6,パレンケ,牡,3,54.0,0,0,木間龍,矢野義,,,,,,,0,0
2025/04/22,浦和,12,夜桜特別Ｂ２Ｂ３選抜馬,2000,ダ,左,良,曇,12,1,1,リョウタスペシャル,牡,5,55.0,437,0,福原杏,小澤宏,,1,2:11.0,39.8,2-2-2-1,1,437,0
2025/04/22,浦和,12,夜桜特別Ｂ２Ｂ３選抜馬,2000,ダ,左,良,曇,12,4,4,ロイヤルザップ,牡,6,57.0,498,5,笹川翼,宇野博,,2,2:11.2,39.0,4-4-5-3,2,498,5
2025/04/22,浦和,12,夜桜特別Ｂ２Ｂ３選抜馬,2000,ダ,左,良,曇,12,6,7,イエヴァンポルッカ,牡,6,55.0,520,4,赤津和,宇野博,,3,2:11.5,39.1,10-10-4-4,8,520,4
2025/04/22,浦和,12,夜桜特別Ｂ２Ｂ３選抜馬,2000,ダ,左,良,曇,12,5,5,エナジーポコアポコ,牡,5,57.0,460,-1,町田直,繁田健,,4,2:11.9,40.7,1-1-1-2,3,460,-1
2025/04/22,浦和,12,夜桜特別Ｂ２Ｂ３選抜馬,2000,ダ,左,良,曇,12,3,3,イデアノキセキ,牡,6,55.0,452,-5,張田昂,鹿沼和,,5,2:12.2,39.8,8-7-6-5,7,452,-5
2025/04/22,浦和,12,夜桜特別Ｂ２Ｂ３選抜馬,2000,ダ,左,良,曇,12,7,10,プリンスオーソ,牡,5,55.0,456,-7,加藤和,長谷忍,,6,2:12.6,39.8,9-9-8-6,12,456,-7
2025/04/22,浦和,12,夜桜特別Ｂ２Ｂ３選抜馬,2000,ダ,左,良,曇,12,6,8,アヴァニイ,牝,8,55.0,509,5,クアト,小久智,,7,2:12.6,39.8,7-8-9-7,4,509,5
2025/04/22,浦和,12,夜桜特別Ｂ２Ｂ３選抜馬,2000,ダ,左,良,曇,12,7,9,ダイバオーソ,牡,7,55.0,481,6,櫻井光,箕輪武,,8,2:13.1,40.6,5-6-7-9,9,481,6
2025/04/22,浦和,12,夜桜特別Ｂ２Ｂ３選抜馬,2000,ダ,左,良,曇,12,5,6,ジオヴィグラス,セ,0,55.0,452,-4,室陽一,吉田正,,9,2:13.3,39.7,11-11-12-10,10,452,-4
2025/04/22,浦和,12,夜桜特別Ｂ２Ｂ３選抜馬,2000,ダ,左,良,曇,12,8,12,アルバスドラコ,セ,0,55.0,482,7,野畑凌,水野貴,,10,2:14.1,40.5,12-12-11-11,5,482,7
2025/04/22,浦和,12,夜桜特別Ｂ２Ｂ３選抜馬,2000,ダ,左,良,曇,12,2,2,リグレイアー,牝,5,53.0,475,-1,藤田凌,山田質,,11,2:14.2,42.4,3-3-3-8,6,475,-1
2025/04/22,浦和,12,夜桜特別Ｂ２Ｂ３選抜馬,2000,ダ,左,良,曇,12,8,11,ミッキーハッスル,セ,0,55.0,457,2,岡村健,林隆之,,12,2:15.5,42.8,6-5-10-12,11,457,2
2025/04/23,浦和,1,３歳六,1400,ダ,左,良,雨,11,7,8,ヨドノエース,牡,3,56.0,501,19,福原杏,平山真,,1,1:31.3,40.5,3-3-3-1,1,501,19
2025/04/23,浦和,1,３歳六,1400,ダ,左,良,雨,11,1,1,タカラハンター,牡,3,56.0,490,-6,野畑凌,長谷忍,,2,1:32.0,41.2,1-2-2-2,4,490,-6
2025/04/23,浦和,1,３歳六,1400,ダ,左,良,雨,11,6,6,セイブザクイーン,牝,3,54.0,482,0,笹川翼,宇野博,,3,1:32.1,40.4,6-6-6-5,5,482,0
2025/04/23,浦和,1,３歳六,1400,ダ,左,良,雨,11,2,2,オーシンラッシュ,牡,3,56.0,525,6,西啓太,小久智,,4,1:32.1,41.0,5-5-4-4,2,525,6
2025/04/23,浦和,1,３歳六,1400,ダ,左,良,雨,11,6,7,ハシリマッセ,牡,3,56.0,465,12,達城龍,川島豊,,5,1:32.5,40.2,11-11-7-6,6,465,12
2025/04/23,浦和,1,３歳六,1400,ダ,左,良,雨,11,4,4,フィザリス,牡,3,56.0,469,4,菅原涼,藤原智,,6,1:32.5,41.7,2-1-1-3,7,469,4
2025/04/23,浦和,1,３歳六,1400,ダ,左,良,雨,11,5,5,ブラックアスラーダ,牡,3,56.0,459,-10,赤津和,箕輪武,,7,1:33.2,41.0,7-7-8-7,3,459,-10
2025/04/23,浦和,1,３歳六,1400,ダ,左,良,雨,11,7,9,クリナデシコ,牝,3,54.0,455,-4,岡田大,冨田敏,,8,1:33.9,41.4,10-9-10-9,11,455,-4
2025/04/23,浦和,1,３歳六,1400,ダ,左,良,雨,11,3,3,ホームランバッター,牡,3,56.0,506,19,高橋哲,水野貴,,9,1:34.6,42.1,8-8-9-8,9,506,19
2025/04/23,浦和,1,３歳六,1400,ダ,左,良,雨,11,8,11,フィアレスヒーロー,牡,3,56.0,503,19,七夕裕,川村守,,10,1:34.8,42.3,9-10-11-11,10,503,19
2025/04/23,浦和,1,３歳六,1400,ダ,左,良,雨,11,8,10,カクシンドリーム,牝,3,54.0,408,-5,木間龍,酒井一,,11,1:36.5,45.4,4-4-5-10,8,408,-5
2025/04/23,浦和,2,ランチタイムチャレンジＣ３七 八,1400,ダ,左,良,雨,11,4,4,マルノアンナ,牝,6,54.0,445,0,室陽一,川村守,,1,1:30.6,39.7,2-2-2-1,6,445,0
2025/04/23,浦和,2,ランチタイムチャレンジＣ３七 八,1400,ダ,左,良,雨,11,5,5,フルーツパフェ,牝,6,54.0,487,6,岡村健,齊藤敏,,2,1:30.9,39.6,4-3-4-4,8,487,6
2025/04/23,浦和,2,ランチタイムチャレンジＣ３七 八,1400,ダ,左,良,雨,11,8,10,オリズジーニー,牡,4,56.0,507,8,赤津和,宇野博,,3,1:30.9,39.7,3-4-3-5,1,507,8
2025/04/23,浦和,2,ランチタイムチャレンジＣ３七 八,1400,ダ,左,良,雨,11,6,7,ナツハヤテ,牝,7,54.0,463,1,張田昂,山田質,,4,1:30.9,39.5,7-6-5-3,3,463,1
2025/04/23,浦和,2,ランチタイムチャレンジＣ３七 八,1400,ダ,左,良,雨,11,8,11,サプライズギフト,牝,7,52.0,450,10,中島良,川島豊,,5,1:31.6,40.9,1-1-1-2,2,450,10
2025/04/23,浦和,2,ランチタイムチャレンジＣ３七 八,1400,ダ,左,良,雨,11,6,6,メガミリオン,牡,7,56.0,464,-4,池谷匠,田島寿,,6,1:31.7,40.1,5-5-6-6,5,464,-4
2025/04/23,浦和,2,ランチタイムチャレンジＣ３七 八,1400,ダ,左,良,雨,11,1,1,シェナグローリー,牝,5,54.0,475,-5,國分祐,冨田敏,,7,1:32.9,40.1,11-11-11-8,10,475,-5
2025/04/23,浦和,2,ランチタイムチャレンジＣ３七 八,1400,ダ,左,良,雨,11,2,2,セキレイオペラ,牡,6,56.0,478,-8,七夕裕,川村守,,8,1:33.0,41.0,8-7-7-7,7,478,-8
2025/04/23,浦和,2,ランチタイムチャレンジＣ３七 八,1400,ダ,左,良,雨,11,3,3,プレミアムプリモ,牝,8,54.0,506,7,半澤慶,平山真,,9,1:33.7,41.0,10-10-10-9,9,506,7
2025/04/23,浦和,2,ランチタイムチャレンジＣ３七 八,1400,ダ,左,良,雨,11,7,9,アルムダウン,牝,5,54.0,371,4,高橋哲,小林真,,10,1:34.1,41.5,9-9-9-10,11,371,4
2025/04/23,浦和,2,ランチタイムチャレンジＣ３七 八,1400,ダ,左,良,雨,11,7,8,シエスタキー,牡,8,56.0,488,0,加藤和,薮口一,,11,1:38.1,45.9,6-8-8-11,4,488,0
2025/04/23,浦和,3,Ｃ３七 八,1500,ダ,左,良,雨,12,4,4,ミストラ,セ,0,56.0,542,-5,新原周,村田六,,1,1:38.5,39.7,6-6-8-5,4,542,-5
2025/04/23,浦和,3,Ｃ３七 八,1500,ダ,左,良,雨,12,5,6,クロシェノワール,牝,6,54.0,507,4,秋元耕,酒井一,,2,1:38.9,40.9,2-2-1-2,1,507,4
2025/04/23,浦和,3,Ｃ３七 八,1500,ダ,左,良,雨,12,7,10,ハーモニージョーイ,牡,8,56.0,483,-9,岡村健,新井清,,3,1:38.9,40.9,3-3-2-1,2,483,-9
2025/04/23,浦和,3,Ｃ３七 八,1500,ダ,左,良,雨,12,1,1,タイプフェイス,牝,4,54.0,451,0,福原杏,水野貴,,4,1:39.1,41.1,1-1-3-2,3,451,0
2025/04/23,浦和,3,Ｃ３七 八,1500,ダ,左,良,雨,12,6,7,ビクエスト,牡,6,56.0,466,1,庄司大,矢内博,,5,1:39.2,40.2,7-7-5-6,7,466,1
2025/04/23,浦和,3,Ｃ３七 八,1500,ダ,左,良,雨,12,3,3,マッシロ,牝,9,54.0,437,-11,吉原寛,林隆之,,6,1:39.8,41.4,4-4-4-4,6,437,-11
2025/04/23,浦和,3,Ｃ３七 八,1500,ダ,左,良,雨,12,6,8,ヤマトカチドキ,牝,6,51.0,494,-3,神尾香,山田質,,7,1:40.0,40.3,10-10-10-9,10,494,-3
2025/04/23,浦和,3,Ｃ３七 八,1500,ダ,左,良,雨,12,7,9,トリニタリアニズム,牡,7,56.0,511,5,野畑凌,野口孝,,8,1:40.2,40.7,9-9-9-8,8,511,5
2025/04/23,浦和,3,Ｃ３七 八,1500,ダ,左,良,雨,12,5,5,サンライズテソロ,牡,7,56.0,482,2,半澤慶,川島豊,,9,1:40.3,41.3,8-8-6-7,9,482,2
2025/04/23,浦和,3,Ｃ３七 八,1500,ダ,左,良,雨,12,8,11,エクスプロア,牡,6,56.0,517,-1,保園翔,川村守,,10,1:42.1,43.5,5-5-7-10,5,517,-1
2025/04/23,浦和,3,Ｃ３七 八,1500,ダ,左,良,雨,12,8,12,ギサール,牝,4,54.0,397,2,七夕裕,酒井一,,11,1:44.8,43.3,11-11-11-11,11,397,2
2025/04/23,浦和,3,Ｃ３七 八,1500,ダ,左,良,雨,12,2,2,インカルシ,牡,4,56.0,0,0,加藤和,薮口一,,,,,,,0,0
2025/04/23,浦和,4,３歳五,1400,ダ,左,良,雨,10,7,7,アズキチャン,牝,3,54.0,474,1,保園翔,野口寛,,1,1:31.5,40.9,4-4-3-1,1,474,1
2025/04/23,浦和,4,３歳五,1400,ダ,左,良,雨,10,5,5,マジュツシカエル,セ,0,56.0,466,-8,七夕裕,工藤伸,,2,1:32.0,40.8,5-5-4-3,5,466,-8
2025/04/23,浦和,4,３歳五,1400,ダ,左,良,雨,10,1,1,プレストワンダ,牝,3,54.0,454,5,山中悠,小澤宏,,3,1:32.6,42.2,1-1-1-2,3,454,5
2025/04/23,浦和,4,３歳五,1400,ダ,左,良,雨,10,7,8,ハクシンドラゴン,セ,0,56.0,437,-2,半澤慶,平山真,,4,1:32.7,41.3,6-6-6-5,9,437,-2
2025/04/23,浦和,4,３歳五,1400,ダ,左,良,雨,10,2,2,エンシェントダンス,牝,3,52.0,420,10,中島良,宇野博,,5,1:32.9,40.9,9-9-7-6,7,420,10
2025/04/23,浦和,4,３歳五,1400,ダ,左,良,雨,10,4,4,ダイノメロディ,牡,3,56.0,448,-1,篠谷葵,藤原智,,6,1:33.5,41.9,8-7-8-8,10,448,-1
2025/04/23,浦和,4,３歳五,1400,ダ,左,良,雨,10,8,10,クレストライン,牝,3,54.0,429,-7,加藤和,入口由,,7,1:33.6,41.8,7-8-9-7,8,429,-7
2025/04/23,浦和,4,３歳五,1400,ダ,左,良,雨,10,6,6,オーデンオパール,牝,3,54.0,396,-7,秋元耕,薮口一,,8,1:33.9,41.1,10-10-10-9,6,396,-7
2025/04/23,浦和,4,３歳五,1400,ダ,左,良,雨,10,8,9,リトルレディ,牝,3,54.0,425,-1,見越彬,小久智,,9,1:34.6,44.2,3-2-2-4,2,425,-1
2025/04/23,浦和,4,３歳五,1400,ダ,左,良,雨,10,3,3,ラブアンドビーンズ,牝,3,54.0,480,-4,室陽一,水上直,,10,1:38.9,48.0,2-3-5-10,4,480,-4
2025/04/23,浦和,5,浦和ファイブチャレンジＣ２七 八,1500,ダ,左,稍重,雨,12,4,4,エコロジョイアー,牡,5,56.0,497,-7,矢野貴,小久智,,1,1:37.9,38.8,10-7-7-6,1,497,-7
2025/04/23,浦和,5,浦和ファイブチャレンジＣ２七 八,1500,ダ,左,稍重,雨,12,3,3,ハーモニーヤマト,牡,8,56.0,457,-2,本田重,新井清,,2,1:38.0,39.1,5-5-4-4,4,457,-2
2025/04/23,浦和,5,浦和ファイブチャレンジＣ２七 八,1500,ダ,左,稍重,雨,12,8,12,ファイアスター,牡,4,56.0,479,7,岡村健,工藤伸,,3,1:38.1,39.5,3-3-3-3,8,479,7
2025/04/23,浦和,5,浦和ファイブチャレンジＣ２七 八,1500,ダ,左,稍重,雨,12,7,10,スターハッスル,牡,5,56.0,503,-5,福原杏,小澤宏,,4,1:38.6,40.1,2-2-2-1,3,503,-5
2025/04/23,浦和,5,浦和ファイブチャレンジＣ２七 八,1500,ダ,左,稍重,雨,12,6,8,ラージフィールド,セ,0,56.0,494,-3,室陽一,酒井一,,5,1:38.7,39.0,11-10-9-7,6,494,-3
2025/04/23,浦和,5,浦和ファイブチャレンジＣ２七 八,1500,ダ,左,稍重,雨,12,2,2,ギレルモ,セ,0,56.0,478,0,野畑凌,箕輪武,,6,1:38.7,40.2,1-1-1-2,5,478,0
2025/04/23,浦和,5,浦和ファイブチャレンジＣ２七 八,1500,ダ,左,稍重,雨,12,1,1,メグ,牝,5,54.0,478,3,張田昂,鹿沼和,,7,1:39.4,40.5,4-4-5-5,2,478,3
2025/04/23,浦和,5,浦和ファイブチャレンジＣ２七 八,1500,ダ,左,稍重,雨,12,8,11,リュウノリエゾン,牝,4,54.0,411,1,見越彬,鹿沼和,,8,1:40.2,39.9,12-12-11-8,12,411,1
2025/04/23,浦和,5,浦和ファイブチャレンジＣ２七 八,1500,ダ,左,稍重,雨,12,5,5,コスモホライズン,牡,4,53.0,484,3,中山遥,小林真,,9,1:40.9,41.6,8-8-8-9,10,484,3
2025/04/23,浦和,5,浦和ファイブチャレンジＣ２七 八,1500,ダ,左,稍重,雨,12,6,7,ダンシングハピリー,牝,5,54.0,410,-14,池谷匠,今井輝,,10,1:40.9,41.0,9-11-10-10,7,410,-14
2025/04/23,浦和,5,浦和ファイブチャレンジＣ２七 八,1500,ダ,左,稍重,雨,12,5,6,レモンスフレ,牝,4,54.0,422,8,半澤慶,入口由,,11,1:42.2,42.3,7-9-12-12,11,422,8
2025/04/23,浦和,5,浦和ファイブチャレンジＣ２七 八,1500,ダ,左,稍重,雨,12,7,9,ネオアンコーラ,牡,6,54.0,499,3,中島良,川島豊,,12,1:43.8,44.9,6-6-6-11,9,499,3
2025/04/23,浦和,6,まるまるひがしにほん賞Ｃ２七 八,1400,ダ,左,稍重,雨,12,4,4,ジャズピアニスト,牝,5,54.0,476,5,笹川翼,小久智,,1,1:30.4,39.2,1-1-1-1,3,476,5
2025/04/23,浦和,6,まるまるひがしにほん賞Ｃ２七 八,1400,ダ,左,稍重,雨,12,7,9,ファンタフェスタ,牝,4,54.0,449,-1,吉原寛,平山真,,2,1:30.8,38.4,9-10-6-5,5,449,-1
2025/04/23,浦和,6,まるまるひがしにほん賞Ｃ２七 八,1400,ダ,左,稍重,雨,12,7,10,ミスレイヴバンプ,牝,4,54.0,488,2,町田直,繁田健,,3,1:30.8,39.3,4-4-3-3,7,488,2
2025/04/23,浦和,6,まるまるひがしにほん賞Ｃ２七 八,1400,ダ,左,稍重,雨,12,6,7,ロッソアモーレ,牝,8,54.0,484,3,岡村裕,山田正,,4,1:31.5,40.0,3-3-4-4,12,484,3
2025/04/23,浦和,6,まるまるひがしにほん賞Ｃ２七 八,1400,ダ,左,稍重,雨,12,8,12,ツェルニー,牝,4,54.0,449,8,秋元耕,鹿沼和,,5,1:31.7,39.7,6-6-6-8,1,449,8
2025/04/23,浦和,6,まるまるひがしにほん賞Ｃ２七 八,1400,ダ,左,稍重,雨,12,3,3,プレストオメガ,牡,6,53.0,527,-3,山本大,佐藤太,,6,1:31.9,39.3,11-9-9-10,2,527,-3
2025/04/23,浦和,6,まるまるひがしにほん賞Ｃ２七 八,1400,ダ,左,稍重,雨,12,5,6,ナリノビスケッツ,牝,5,51.0,477,-1,加藤雄,内田勝,,7,1:32.0,40.7,2-2-2-2,8,477,-1
2025/04/23,浦和,6,まるまるひがしにほん賞Ｃ２七 八,1400,ダ,左,稍重,雨,12,2,2,ノブオートーケン,牡,6,56.0,456,-2,室陽一,小澤宏,,8,1:32.1,39.6,8-8-10-9,9,456,-2
2025/04/23,浦和,6,まるまるひがしにほん賞Ｃ２七 八,1400,ダ,左,稍重,雨,12,1,1,コアヴェルト,牡,4,56.0,428,-12,赤津和,箕輪武,,9,1:32.2,39.9,7-7-8-7,10,428,-12
2025/04/23,浦和,6,まるまるひがしにほん賞Ｃ２七 八,1400,ダ,左,稍重,雨,12,5,5,リッキオ,牡,6,56.0,480,-1,岡田大,薮口一,,10,1:32.3,39.0,12-12-12-12,4,480,-1
2025/04/23,浦和,6,まるまるひがしにほん賞Ｃ２七 八,1400,ダ,左,稍重,雨,12,8,11,アンファンドディユ,牡,8,56.0,470,6,笠野雄,海馬司,,11,1:32.9,41.2,5-5-5-6,11,470,6
2025/04/23,浦和,6,まるまるひがしにほん賞Ｃ２七 八,1400,ダ,左,稍重,雨,12,6,8,セイテンタイセイ,牡,7,56.0,496,-1,本橋孝,齊藤敏,,12,1:33.1,40.4,10-11-11-11,6,496,-1
2025/04/23,浦和,7,５月１日はさいたま市民の日賞Ｃ１Ｃ２選抜,800,ダ,左,稍重,雨,12,8,12,ダンシングクライ,牝,5,55.0,488,-1,菅原涼,藤原智,,1,0:47.0,34.4,1-1,1,488,-1
2025/04/23,浦和,7,５月１日はさいたま市民の日賞Ｃ１Ｃ２選抜,800,ダ,左,稍重,雨,12,2,2,トッキーホレット,牝,4,52.0,462,-7,中山遥,小林真,,2,0:47.6,34.6,4-2,6,462,-7
2025/04/23,浦和,7,５月１日はさいたま市民の日賞Ｃ１Ｃ２選抜,800,ダ,左,稍重,雨,12,5,6,ケイアイマゴラ,セ,0,55.0,457,-4,野畑凌,海馬司,,3,0:48.2,34.9,8-5,3,457,-4
2025/04/23,浦和,7,５月１日はさいたま市民の日賞Ｃ１Ｃ２選抜,800,ダ,左,稍重,雨,12,8,11,ファセリア,牡,4,55.0,484,10,七夕裕,横山保,,4,0:48.3,35.0,5-6,2,484,10
2025/04/23,浦和,7,５月１日はさいたま市民の日賞Ｃ１Ｃ２選抜,800,ダ,左,稍重,雨,12,4,4,アイアムカチマショ,牝,5,55.0,473,3,見越彬,川島豊,,5,0:48.4,35.6,2-3,4,473,3
2025/04/23,浦和,7,５月１日はさいたま市民の日賞Ｃ１Ｃ２選抜,800,ダ,左,稍重,雨,12,6,7,エリークラウン,牝,6,55.0,471,4,町田直,入口由,,6,0:48.6,35.4,6-7,7,471,4
2025/04/23,浦和,7,５月１日はさいたま市民の日賞Ｃ１Ｃ２選抜,800,ダ,左,稍重,雨,12,7,10,サンファウンテン,牡,4,57.0,497,2,加藤和,長谷忍,,7,0:48.7,35.8,3-4,8,497,2
2025/04/23,浦和,7,５月１日はさいたま市民の日賞Ｃ１Ｃ２選抜,800,ダ,左,稍重,雨,12,3,3,ライスライス,牝,4,53.0,398,-5,室陽一,小澤宏,,8,0:49.1,35.4,9-9,12,398,-5
2025/04/23,浦和,7,５月１日はさいたま市民の日賞Ｃ１Ｃ２選抜,800,ダ,左,稍重,雨,12,1,1,ツーエムルーイー,牝,5,53.0,537,14,山中悠,小澤宏,,9,0:49.2,35.1,12-11,10,537,14
2025/04/23,浦和,7,５月１日はさいたま市民の日賞Ｃ１Ｃ２選抜,800,ダ,左,稍重,雨,12,7,9,シェナブライト,牡,7,57.0,520,2,秋元耕,吉田正,,10,0:49.4,35.3,10-10,11,520,2
2025/04/23,浦和,7,５月１日はさいたま市民の日賞Ｃ１Ｃ２選抜,800,ダ,左,稍重,雨,12,6,8,アグニレディアンス,牝,5,53.0,488,8,福原杏,野口寛,,11,0:49.4,36.1,6-8,5,488,8
2025/04/23,浦和,7,５月１日はさいたま市民の日賞Ｃ１Ｃ２選抜,800,ダ,左,稍重,雨,12,5,5,ヒメカグラ,牝,5,53.0,448,10,田中涼,久保秀,,12,0:49.6,35.5,11-12,9,448,10
2025/04/23,浦和,8,若駒特別３歳一,1500,ダ,左,稍重,雨,12,8,12,ツウエンティフォー,牝,3,56.0,452,6,本橋孝,小久智,,1,1:36.1,39.2,1-1-1-1,1,452,6
2025/04/23,浦和,8,若駒特別３歳一,1500,ダ,左,稍重,雨,12,6,8,イチカノユメ,牝,3,54.0,468,-1,笹川翼,水野貴,,2,1:36.7,39.6,2-2-2-2,2,468,-1
2025/04/23,浦和,8,若駒特別３歳一,1500,ダ,左,稍重,雨,12,5,5,アルメールヴェント,牡,3,56.0,451,5,佐野遥,河津裕,,3,1:36.7,38.1,9-9-10-5,8,451,5
2025/04/23,浦和,8,若駒特別３歳一,1500,ダ,左,稍重,雨,12,2,2,ポッドベッロ,牡,3,56.0,478,-7,岡村健,齊藤敏,,4,1:36.9,39.3,6-5-5-3,4,478,-7
2025/04/23,浦和,8,若駒特別３歳一,1500,ダ,左,稍重,雨,12,8,11,エポカデルソーレ,牡,3,57.0,439,-8,澤田龍,林　幻,,5,1:37.2,38.5,11-12-9-7,3,439,-8
2025/04/23,浦和,8,若駒特別３歳一,1500,ダ,左,稍重,雨,12,4,4,スーパーロゴ,牡,3,56.0,471,-3,川島正,山下之,,6,1:37.4,38.8,10-10-8-11,6,471,-3
2025/04/23,浦和,8,若駒特別３歳一,1500,ダ,左,稍重,雨,12,5,6,ヨルノチョウ,牝,3,54.0,456,-9,福原杏,平山真,,7,1:38.0,39.2,12-11-12-10,10,456,-9
2025/04/23,浦和,8,若駒特別３歳一,1500,ダ,左,稍重,雨,12,7,10,ルナフォルトゥーナ,牡,3,56.0,469,-2,半澤慶,藤原智,,8,1:38.3,41.1,4-3-4-8,11,469,-2
2025/04/23,浦和,8,若駒特別３歳一,1500,ダ,左,稍重,雨,12,6,7,クラレーヴ,牝,3,54.0,453,-3,木間龍,矢野義,,9,1:38.3,40.9,3-4-3-4,12,453,-3
2025/04/23,浦和,8,若駒特別３歳一,1500,ダ,左,稍重,雨,12,3,3,グァンバーレ,牝,3,54.0,413,-7,池谷匠,田島寿,,10,1:38.6,40.4,5-6-11-12,7,413,-7
2025/04/23,浦和,8,若駒特別３歳一,1500,ダ,左,稍重,雨,12,1,1,トーケンクミー,牝,3,54.0,414,6,張田昂,小澤宏,,11,1:39.1,41.1,7-8-7-6,9,414,6
2025/04/23,浦和,8,若駒特別３歳一,1500,ダ,左,稍重,雨,12,7,9,トレパーク,牝,3,54.0,473,-2,山中悠,稲益貴,,12,1:39.2,41.6,8-7-6-9,5,473,-2
2025/04/23,浦和,9,フリージア特別Ｃ１選抜馬ア,800,ダ,左,稍重,雨,12,4,4,サツキスカイ,牝,6,51.0,472,-13,加藤雄,山崎裕,,1,0:47.2,34.9,1-1,4,472,-13
2025/04/23,浦和,9,フリージア特別Ｃ１選抜馬ア,800,ダ,左,稍重,雨,12,7,9,ダイヤモンドキッス,牡,4,56.0,515,-8,七夕裕,鹿沼和,,2,0:47.6,35.0,4-3,2,515,-8
2025/04/23,浦和,9,フリージア特別Ｃ１選抜馬ア,800,ダ,左,稍重,雨,12,5,5,プリンセスロージー,牝,6,54.0,501,-6,濱田達,石井勝,,3,0:47.9,35.1,5-4,5,501,-6
2025/04/23,浦和,9,フリージア特別Ｃ１選抜馬ア,800,ダ,左,稍重,雨,12,5,6,ハクサンセレーネ,牝,6,54.0,439,-5,吉原寛,矢野義,,4,0:48.2,35.9,2-2,1,439,-5
2025/04/23,浦和,9,フリージア特別Ｃ１選抜馬ア,800,ダ,左,稍重,雨,12,7,10,ニシノクラウディア,牝,5,54.0,473,-1,福原杏,小澤宏,,5,0:48.4,35.3,10-8,3,473,-1
2025/04/23,浦和,9,フリージア特別Ｃ１選抜馬ア,800,ダ,左,稍重,雨,12,1,1,モーモーブラック,牝,7,54.0,434,-1,池谷匠,村田順,,6,0:48.5,35.9,9-7,9,434,-1
2025/04/23,浦和,9,フリージア特別Ｃ１選抜馬ア,800,ダ,左,稍重,雨,12,8,11,ビナミトー,牝,4,54.0,451,16,岡村健,酒井一,,7,0:48.6,36.3,3-5,8,451,16
2025/04/23,浦和,9,フリージア特別Ｃ１選抜馬ア,800,ダ,左,稍重,雨,12,2,2,マイネルリベラル,セ,0,56.0,486,7,岡村裕,新井健,,8,0:48.9,36.0,8-6,7,486,7
2025/04/23,浦和,9,フリージア特別Ｃ１選抜馬ア,800,ダ,左,稍重,雨,12,6,7,クレイジーリッチ,牡,7,56.0,515,-11,篠谷葵,林正人,,9,0:49.0,35.5,11-11,6,515,-11
2025/04/23,浦和,9,フリージア特別Ｃ１選抜馬ア,800,ダ,左,稍重,雨,12,6,8,ゲストプリンシパル,牡,7,56.0,502,-8,増田充,内田勝,,10,0:49.1,36.2,7-10,10,502,-8
2025/04/23,浦和,9,フリージア特別Ｃ１選抜馬ア,800,ダ,左,稍重,雨,12,8,12,セイウンシデン,牡,6,56.0,540,9,國分祐,吉田正,,11,0:49.1,36.3,6-9,11,540,9
2025/04/23,浦和,9,フリージア特別Ｃ１選抜馬ア,800,ダ,左,稍重,雨,12,3,3,シェナエース,牡,4,56.0,0,0,吉留孝,冨田敏,,,,,,,0,0
2025/04/23,浦和,10,馬トク報知杯特別Ｂ３一,1500,ダ,左,稍重,雨,12,5,5,ブレイヴルーラー,牡,6,56.0,548,-2,室陽一,横山保,,1,1:35.0,37.8,1-1-1-1,2,548,-2
2025/04/23,浦和,10,馬トク報知杯特別Ｂ３一,1500,ダ,左,稍重,雨,12,5,6,タロサンダー,牡,4,56.0,497,4,矢野貴,小久智,,2,1:35.5,37.9,4-4-4-2,1,497,4
2025/04/23,浦和,10,馬トク報知杯特別Ｂ３一,1500,ダ,左,稍重,雨,12,1,1,エイシンシュトルム,牡,6,56.0,493,6,笹川翼,藤原智,,3,1:35.7,37.7,7-6-6-3,3,493,6
2025/04/23,浦和,10,馬トク報知杯特別Ｂ３一,1500,ダ,左,稍重,雨,12,6,7,チューウィー,牝,6,53.0,468,1,佐野遥,河津裕,,4,1:36.8,38.2,9-10-8-8,10,468,1
2025/04/23,浦和,10,馬トク報知杯特別Ｂ３一,1500,ダ,左,稍重,雨,12,7,9,ショウネンジダイ,牡,7,56.0,490,-3,本田重,新井清,,5,1:36.8,39.4,2-2-2-4,6,490,-3
2025/04/23,浦和,10,馬トク報知杯特別Ｂ３一,1500,ダ,左,稍重,雨,12,8,12,モンバイト,牡,6,56.0,502,6,秋元耕,薮口一,,6,1:37.0,39.2,5-5-5-7,7,502,6
2025/04/23,浦和,10,馬トク報知杯特別Ｂ３一,1500,ダ,左,稍重,雨,12,3,3,スピネーカー,牡,4,56.0,468,2,木間龍,矢野義,,7,1:37.1,38.3,10-9-11-11,4,468,2
2025/04/23,浦和,10,馬トク報知杯特別Ｂ３一,1500,ダ,左,稍重,雨,12,2,2,ヴァーユ,牡,8,56.0,502,3,篠谷葵,林正人,,8,1:37.4,39.4,6-7-7-6,8,502,3
2025/04/23,浦和,10,馬トク報知杯特別Ｂ３一,1500,ダ,左,稍重,雨,12,8,11,アルフィーノ,牝,6,52.0,465,-1,中島良,川島一,,9,1:37.5,40.1,3-3-3-5,9,465,-1
2025/04/23,浦和,10,馬トク報知杯特別Ｂ３一,1500,ダ,左,稍重,雨,12,7,10,スピナッチバイパー,牝,4,54.0,496,0,達城龍,八木仁,,10,1:37.5,38.6,11-11-10-10,12,496,0
2025/04/23,浦和,10,馬トク報知杯特別Ｂ３一,1500,ダ,左,稍重,雨,12,6,8,サブリュウシン,牡,5,56.0,485,15,岡村健,平山真,,11,1:37.9,39.5,8-8-9-9,11,485,15
2025/04/23,浦和,10,馬トク報知杯特別Ｂ３一,1500,ダ,左,稍重,雨,12,4,4,ヘルシェイク,牡,5,56.0,513,3,野畑凌,高月賢,,12,1:38.1,38.8,12-12-12-12,5,513,3
2025/04/23,浦和,11,しらさぎ賞４上牝馬オープン,1400,ダ,左,稍重,雨,11,6,6,フェブランシェ,牝,5,57.0,543,-1,吉原寛,藤田輝,,1,1:24.9,37.4,1-1-1-1,1,543,-1
2025/04/23,浦和,11,しらさぎ賞４上牝馬オープン,1400,ダ,左,稍重,雨,11,1,1,ツーシャドー,牝,6,57.0,481,-4,張田昂,小澤宏,,2,1:26.0,37.7,4-3-2-2,3,481,-4
2025/04/23,浦和,11,しらさぎ賞４上牝馬オープン,1400,ダ,左,稍重,雨,11,6,7,メイドイットマム,牝,5,56.0,470,2,本橋孝,石井勝,,3,1:27.2,37.6,9-10-7-6,7,470,2
2025/04/23,浦和,11,しらさぎ賞４上牝馬オープン,1400,ダ,左,稍重,雨,11,2,2,サーフズアップ,牝,5,56.0,492,9,矢野貴,山下之,,4,1:27.3,37.9,7-7-8-7,4,492,9
2025/04/23,浦和,11,しらさぎ賞４上牝馬オープン,1400,ダ,左,稍重,雨,11,4,4,アイゴールド,牝,5,54.0,498,8,西啓太,鹿沼和,,5,1:27.3,37.5,10-9-9-5,8,498,8
2025/04/23,浦和,11,しらさぎ賞４上牝馬オープン,1400,ダ,左,稍重,雨,11,5,5,プリンセスアリー,牝,4,54.0,432,0,本田重,鹿沼和,,6,1:27.5,38.4,6-6-4-3,5,432,0
2025/04/23,浦和,11,しらさぎ賞４上牝馬オープン,1400,ダ,左,稍重,雨,11,7,9,パウオレ,牝,6,54.0,482,10,野畑凌,坂井英,,7,1:28.9,40.3,3-4-3-4,2,482,10
2025/04/23,浦和,11,しらさぎ賞４上牝馬オープン,1400,ダ,左,稍重,雨,11,8,10,シトラルテミニ,牝,4,54.0,434,6,今野忠,小久智,,8,1:29.2,39.6,8-8-10-9,10,434,6
2025/04/23,浦和,11,しらさぎ賞４上牝馬オープン,1400,ダ,左,稍重,雨,11,3,3,ダノンミカエル,牝,5,52.0,409,-3,小杉亮,別府真,,9,1:29.5,40.5,5-5-6-8,9,409,-3
2025/04/23,浦和,11,しらさぎ賞４上牝馬オープン,1400,ダ,左,稍重,雨,11,7,8,カレンチャンキー,牝,5,54.0,478,4,山口達,小久智,,10,1:30.7,42.1,2-2-5-10,6,478,4
2025/04/23,浦和,11,しらさぎ賞４上牝馬オープン,1400,ダ,左,稍重,雨,11,8,11,マーブルマカロン,牝,5,54.0,455,2,笹川翼,藤田輝,,,,,,,455,2
2025/04/23,浦和,12,芝桜特別Ｃ２選抜馬イ,2000,ダ,左,稍重,曇,12,8,11,ソルテア,牡,5,56.0,469,-2,矢野貴,水野貴,,1,2:12.2,39.4,2-2-2-2,3,469,-2
2025/04/23,浦和,12,芝桜特別Ｃ２選抜馬イ,2000,ダ,左,稍重,曇,12,5,6,ルージュメイベル,牝,5,54.0,446,5,櫻井光,甲田悟,,2,2:12.2,38.4,8-8-5-4,4,446,5
2025/04/23,浦和,12,芝桜特別Ｃ２選抜馬イ,2000,ダ,左,稍重,曇,12,4,4,スーパーキング,牡,4,56.0,511,-3,室陽一,宇野博,,3,2:12.6,40.4,1-1-1-1,2,511,-3
2025/04/23,浦和,12,芝桜特別Ｃ２選抜馬イ,2000,ダ,左,稍重,曇,12,7,9,ユイノパチョレック,牡,4,56.0,494,5,岡村健,工藤伸,,4,2:12.7,39.3,6-6-4-3,10,494,5
2025/04/23,浦和,12,芝桜特別Ｃ２選抜馬イ,2000,ダ,左,稍重,曇,12,3,3,シントーヨーキヒ,牝,8,54.0,471,-5,木間龍,矢野義,,5,2:14.2,40.1,10-9-8-6,12,471,-5
2025/04/23,浦和,12,芝桜特別Ｃ２選抜馬イ,2000,ダ,左,稍重,曇,12,5,5,ポケットシンデレラ,牝,6,54.0,441,12,福原杏,長谷忍,,6,2:15.0,40.1,9-11-11-11,11,441,12
2025/04/23,浦和,12,芝桜特別Ｃ２選抜馬イ,2000,ダ,左,稍重,曇,12,6,7,マオノオラクル,牡,6,56.0,506,3,仲野光,渋谷博,,7,2:15.1,40.7,11-10-9-7,9,506,3
2025/04/23,浦和,12,芝桜特別Ｃ２選抜馬イ,2000,ダ,左,稍重,曇,12,7,10,ゴールデンナイト,牡,7,56.0,491,-9,笹川翼,田島寿,,8,2:15.2,42.2,3-3-3-5,1,491,-9
2025/04/23,浦和,12,芝桜特別Ｃ２選抜馬イ,2000,ダ,左,稍重,曇,12,2,2,アラッキーフェイス,セ,0,56.0,436,4,西村栄,森　始,,9,2:15.6,42.0,4-4-6-8,8,436,4
2025/04/23,浦和,12,芝桜特別Ｃ２選抜馬イ,2000,ダ,左,稍重,曇,12,6,8,リュウノアラス,牡,4,56.0,489,3,保園翔,川村守,,10,2:15.8,41.6,7-7-9-9,5,489,3
2025/04/23,浦和,12,芝桜特別Ｃ２選抜馬イ,2000,ダ,左,稍重,曇,12,8,12,ビップライアン,牡,4,56.0,516,4,秋元耕,薮口一,,11,2:16.6,42.9,5-5-7-10,6,516,4
2025/04/23,浦和,12,芝桜特別Ｃ２選抜馬イ,2000,ダ,左,稍重,曇,12,1,1,クラキンカ,牡,5,56.0,534,18,澤田龍,長谷忍,,12,2:17.5,40.4,12-12-12-12,7,534,18
2025/04/24,浦和,1,３歳八,1300,ダ,左,稍重,曇,9,2,2,ミーコノデバンダ,牝,3,54.0,0,0,七夕裕,平山真,,1,1:24.0,38.7,1-1-1-1,3,0,0
2025/04/24,浦和,1,３歳八,1300,ダ,左,稍重,曇,9,1,1,ピエタ,牝,3,54.0,447,-10,仲原大,長谷忍,,2,1:25.1,39.3,5-4-3-2,7,447,-10
2025/04/24,浦和,1,３歳八,1300,ダ,左,稍重,曇,9,4,4,プリマベーラ,牝,3,54.0,430,0,保園翔,野口寛,,3,1:25.2,39.0,7-6-4-4,1,430,0
2025/04/24,浦和,1,３歳八,1300,ダ,左,稍重,曇,9,3,3,メラ,牝,3,54.0,0,0,加藤和,長谷忍,,4,1:26.3,40.8,2-2-2-3,4,0,0
2025/04/24,浦和,1,３歳八,1300,ダ,左,稍重,曇,9,6,6,オーグファルコン,牡,3,56.0,468,-11,吉留孝,薮口一,,5,1:27.2,40.3,8-9-7-6,9,468,-11
2025/04/24,浦和,1,３歳八,1300,ダ,左,稍重,曇,9,7,7,モーモーネイビー,牝,3,54.0,457,0,見越彬,海馬司,,6,1:27.7,41.0,9-8-6-7,6,457,0
2025/04/24,浦和,1,３歳八,1300,ダ,左,稍重,曇,9,5,5,リュウノコウ,牡,3,56.0,495,-4,秋元耕,野口孝,,7,1:27.7,41.7,3-3-5-5,5,495,-4
2025/04/24,浦和,1,３歳八,1300,ダ,左,稍重,曇,9,8,9,フリューゲルヒスイ,牡,3,56.0,0,0,笹川翼,水上直,,8,1:32.0,44.8,6-7-9-8,2,0,0
2025/04/24,浦和,1,３歳八,1300,ダ,左,稍重,曇,9,8,8,ラストウォーリア,牝,3,54.0,472,3,野畑凌,水野貴,,9,1:32.7,46.2,4-5-8-9,8,472,3
2025/04/24,浦和,2,ランチタイムチャレンジＣ３五 六,1400,ダ,左,稍重,曇,11,7,8,マーゴットビート,牡,6,53.0,513,1,舟山瑠,佐藤太,,1,1:29.9,39.4,1-1-1-1,1,513,1
2025/04/24,浦和,2,ランチタイムチャレンジＣ３五 六,1400,ダ,左,稍重,曇,11,3,3,ジョーカイ,牝,7,54.0,468,-3,西啓太,小久智,,2,1:30.6,39.3,4-4-3-2,2,468,-3
2025/04/24,浦和,2,ランチタイムチャレンジＣ３五 六,1400,ダ,左,稍重,曇,11,4,4,ヤマタケコーチャン,牡,6,56.0,451,6,福原杏,水野貴,,3,1:31.3,39.7,5-5-5-3,4,451,6
2025/04/24,浦和,2,ランチタイムチャレンジＣ３五 六,1400,ダ,左,稍重,曇,11,1,1,タイムレスブルーム,牡,4,56.0,487,2,木間龍,野口孝,,4,1:32.7,40.6,8-7-7-5,3,487,2
2025/04/24,浦和,2,ランチタイムチャレンジＣ３五 六,1400,ダ,左,稍重,曇,11,6,6,ビギニングドリーム,牝,7,54.0,425,0,櫻井光,八木喜,,5,1:32.8,41.0,6-6-4-6,5,425,0
2025/04/24,浦和,2,ランチタイムチャレンジＣ３五 六,1400,ダ,左,稍重,曇,11,7,9,ワンダーダイカネン,牡,8,56.0,509,-2,秋元耕,鈴木勝,,6,1:32.9,40.3,10-9-10-7,10,509,-2
2025/04/24,浦和,2,ランチタイムチャレンジＣ３五 六,1400,ダ,左,稍重,曇,11,8,11,ケイアイマボラ,牡,8,56.0,471,7,赤津和,川村守,,7,1:33.2,40.6,9-9-8-9,8,471,7
2025/04/24,浦和,2,ランチタイムチャレンジＣ３五 六,1400,ダ,左,稍重,曇,11,8,10,ステンノー,牝,5,51.0,488,5,中山遥,小林真,,8,1:33.6,42.0,3-3-6-10,9,488,5
2025/04/24,浦和,2,ランチタイムチャレンジＣ３五 六,1400,ダ,左,稍重,曇,11,6,7,スカイパーフェクト,牝,6,54.0,467,5,半澤慶,吉田正,,9,1:33.6,41.1,7-8-9-8,6,467,5
2025/04/24,浦和,2,ランチタイムチャレンジＣ３五 六,1400,ダ,左,稍重,曇,11,5,5,マダムファンタジア,牝,4,54.0,459,-5,室陽一,川村守,,10,1:34.0,42.9,2-2-2-4,7,459,-5
2025/04/24,浦和,2,ランチタイムチャレンジＣ３五 六,1400,ダ,左,稍重,曇,11,2,2,ベニノフェアリー,牝,7,54.0,454,-4,中越琉,田島寿,,11,1:34.4,40.2,11-11-11-11,11,454,-4
2025/04/24,浦和,3,３歳七,1400,ダ,左,稍重,曇,12,6,8,アンジュマロン,牝,3,54.0,448,-6,野畑凌,小久智,,1,1:30.8,39.6,4-1-1-1,2,448,-6
2025/04/24,浦和,3,３歳七,1400,ダ,左,稍重,曇,12,3,3,リアンビーチ,牝,3,54.0,515,9,赤津和,箕輪武,,2,1:31.5,39.4,5-4-4-3,3,515,9
2025/04/24,浦和,3,３歳七,1400,ダ,左,稍重,曇,12,1,1,コウユーミューミュ,牝,3,54.0,474,-2,町田直,宇野博,,3,1:32.0,38.2,9-9-9-5,7,474,-2
2025/04/24,浦和,3,３歳七,1400,ダ,左,稍重,曇,12,5,6,クマサンアリガトウ,牝,3,54.0,486,6,福原杏,宇野博,,4,1:32.0,40.6,1-2-2-2,1,486,6
2025/04/24,浦和,3,３歳七,1400,ダ,左,稍重,曇,12,7,9,ジャックルージュ,牡,3,56.0,438,-2,保園翔,川村守,,5,1:33.3,41.5,2-3-3-4,6,438,-2
2025/04/24,浦和,3,３歳七,1400,ダ,左,稍重,曇,12,7,10,キンピカ,牡,3,56.0,390,2,木間龍,工藤伸,,6,1:33.7,41.5,3-5-6-6,9,390,2
2025/04/24,浦和,3,３歳七,1400,ダ,左,稍重,曇,12,8,11,マイリトルロマンス,牝,3,54.0,427,0,岡村健,平山真,,7,1:33.8,40.8,8-8-8-9,8,427,0
2025/04/24,浦和,3,３歳七,1400,ダ,左,稍重,曇,12,2,2,ダブルエックス,牡,3,56.0,431,2,山中悠,川村守,,8,1:33.8,40.8,7-7-7-7,10,431,2
2025/04/24,浦和,3,３歳七,1400,ダ,左,稍重,曇,12,6,7,レインボーグラン,牝,3,51.0,426,0,中山遥,酒井一,,9,1:34.4,40.0,10-10-10-10,12,426,0
2025/04/24,浦和,3,３歳七,1400,ダ,左,稍重,曇,12,4,4,ユウユウニコヴィア,牝,3,54.0,0,0,室陽一,横山保,,10,1:34.7,39.9,12-12-11-11,11,0,0
2025/04/24,浦和,3,３歳七,1400,ダ,左,稍重,曇,12,8,12,センエツナガラ,牡,3,56.0,487,16,七夕裕,酒井一,,11,1:35.0,42.6,6-6-5-8,4,487,16
2025/04/24,浦和,3,３歳七,1400,ダ,左,稍重,曇,12,5,5,ニッショウクイーン,牝,3,54.0,473,19,秋元耕,酒井一,,12,1:36.9,42.2,11-11-12-12,5,473,19
2025/04/24,浦和,4,Ｃ３五 六,1500,ダ,左,稍重,曇,11,3,3,シダデカサドール,牡,7,56.0,510,-2,笹川翼,林隆之,,1,1:39.0,39.3,5-5-3-3,1,510,-2
2025/04/24,浦和,4,Ｃ３五 六,1500,ダ,左,稍重,曇,11,5,5,プリンセスサクラ,牝,4,54.0,425,16,赤津和,鹿沼和,,2,1:39.0,39.7,1-1-1-1,5,425,16
2025/04/24,浦和,4,Ｃ３五 六,1500,ダ,左,稍重,曇,11,1,1,ケラウノスカズ,牡,6,56.0,451,-1,西村栄,玉井昇,,3,1:39.5,39.1,9-8-6-2,4,451,-1
2025/04/24,浦和,4,Ｃ３五 六,1500,ダ,左,稍重,曇,11,7,8,レゲエフレイバー,牡,4,56.0,451,-2,秋元耕,繁田健,,4,1:40.2,40.7,3-4-2-4,3,451,-2
2025/04/24,浦和,4,Ｃ３五 六,1500,ダ,左,稍重,曇,11,4,4,シャイニングパール,牝,7,54.0,416,4,達城龍,武井和,,5,1:40.3,39.4,10-10-9-9,8,416,4
2025/04/24,浦和,4,Ｃ３五 六,1500,ダ,左,稍重,曇,11,6,7,ゴールドバニー,牝,5,51.0,494,-1,中山遥,野口孝,,6,1:40.6,39.9,6-7-8-7,7,494,-1
2025/04/24,浦和,4,Ｃ３五 六,1500,ダ,左,稍重,曇,11,2,2,カミヤガルーラ,牡,7,56.0,465,-9,見越彬,水上直,,7,1:40.6,40.5,7-6-7-6,6,465,-9
2025/04/24,浦和,4,Ｃ３五 六,1500,ダ,左,稍重,曇,11,6,6,シェナリオン,牡,5,54.0,460,4,中島良,冨田敏,,8,1:41.1,41.6,2-2-5-5,10,460,4
2025/04/24,浦和,4,Ｃ３五 六,1500,ダ,左,稍重,曇,11,8,10,ニシノテンカフブ,牡,5,56.0,474,6,室陽一,吉田正,,9,1:41.2,39.9,8-9-10-10,9,474,6
2025/04/24,浦和,4,Ｃ３五 六,1500,ダ,左,稍重,曇,11,8,11,ストームシャドウ,牡,6,56.0,488,3,笠野雄,佐々清,,10,1:41.9,39.4,11-11-11-11,11,488,3
2025/04/24,浦和,4,Ｃ３五 六,1500,ダ,左,稍重,曇,11,7,9,オメガジャスミン,牝,4,54.0,452,-5,西啓太,野口孝,,11,1:41.9,42.2,4-3-4-8,2,452,-5
2025/04/24,浦和,5,毎月１９日は地産地消の日賞Ｃ２選抜馬ウ,800,ダ,左,良,曇,12,4,4,ビヴァアカプルコ,牝,5,54.0,510,1,見越彬,水上直,,1,0:47.8,35.2,2-2,1,510,1
2025/04/24,浦和,5,毎月１９日は地産地消の日賞Ｃ２選抜馬ウ,800,ダ,左,良,曇,12,3,3,ダンストンムート,牝,5,54.0,455,-3,保園翔,野口孝,,2,0:48.1,35.7,1-1,5,455,-3
2025/04/24,浦和,5,毎月１９日は地産地消の日賞Ｃ２選抜馬ウ,800,ダ,左,良,曇,12,1,1,スイートウィル,牝,4,51.0,420,-8,中山遥,川島豊,,3,0:48.2,35.2,6-3,11,420,-8
2025/04/24,浦和,5,毎月１９日は地産地消の日賞Ｃ２選抜馬ウ,800,ダ,左,良,曇,12,7,10,アンジュクレール,牝,7,53.0,440,-2,佐野遥,高橋宏,,4,0:48.7,35.8,4-4,4,440,-2
2025/04/24,浦和,5,毎月１９日は地産地消の日賞Ｃ２選抜馬ウ,800,ダ,左,良,曇,12,5,6,プレパレンセ,牝,8,52.0,468,1,所　蛍,工藤伸,,5,0:48.7,35.4,9-8,8,468,1
2025/04/24,浦和,5,毎月１９日は地産地消の日賞Ｃ２選抜馬ウ,800,ダ,左,良,曇,12,6,8,クインズハッピー,牝,6,54.0,459,10,七夕裕,小林真,,6,0:48.7,35.4,7-6,2,459,10
2025/04/24,浦和,5,毎月１９日は地産地消の日賞Ｃ２選抜馬ウ,800,ダ,左,良,曇,12,8,12,ササキンポピー,牝,4,54.0,454,5,高橋哲,水野貴,,7,0:49.2,36.3,3-7,9,454,5
2025/04/24,浦和,5,毎月１９日は地産地消の日賞Ｃ２選抜馬ウ,800,ダ,左,良,曇,12,8,11,ファンファン,牡,8,56.0,475,1,赤津和,箕輪武,,8,0:49.4,36.5,5-5,3,475,1
2025/04/24,浦和,5,毎月１９日は地産地消の日賞Ｃ２選抜馬ウ,800,ダ,左,良,曇,12,7,9,ピースリアン,牡,8,56.0,488,7,福原杏,横山保,,9,0:49.5,36.2,8-9,7,488,7
2025/04/24,浦和,5,毎月１９日は地産地消の日賞Ｃ２選抜馬ウ,800,ダ,左,良,曇,12,6,7,キミニメロメロ,牝,4,54.0,455,13,秋元耕,吉田正,,10,0:49.8,36.1,11-10,10,455,13
2025/04/24,浦和,5,毎月１９日は地産地消の日賞Ｃ２選抜馬ウ,800,ダ,左,良,曇,12,2,2,シェナテイオー,牡,4,56.0,439,-8,吉留孝,吉田正,,11,0:50.2,36.2,12-12,12,439,-8
2025/04/24,浦和,5,毎月１９日は地産地消の日賞Ｃ２選抜馬ウ,800,ダ,左,良,曇,12,5,5,ワタシハマジョ,牝,5,52.0,471,-6,中島良,鹿沼和,,12,0:50.3,37.0,10-11,6,471,-6
2025/04/24,浦和,6,さいたま市発祥のさつまいも紅赤賞Ｃ２選抜,800,ダ,左,良,曇,11,1,1,ワインワインレッド,牡,5,56.0,550,1,見越彬,小久智,,1,0:48.1,35.6,5-3,4,550,1
2025/04/24,浦和,6,さいたま市発祥のさつまいも紅赤賞Ｃ２選抜,800,ダ,左,良,曇,11,3,3,ルージュルージュ,牝,4,54.0,451,4,保園翔,長谷忍,,2,0:48.2,35.9,1-2,3,451,4
2025/04/24,浦和,6,さいたま市発祥のさつまいも紅赤賞Ｃ２選抜,800,ダ,左,良,曇,11,5,5,リュウノインパルス,牡,5,56.0,442,-1,張田昂,野口孝,,3,0:48.2,35.9,2-1,5,442,-1
2025/04/24,浦和,6,さいたま市発祥のさつまいも紅赤賞Ｃ２選抜,800,ダ,左,良,曇,11,6,6,サンエイゴロー,牡,5,55.0,490,1,佐野遥,高月賢,,4,0:48.6,35.9,7-7,2,490,1
2025/04/24,浦和,6,さいたま市発祥のさつまいも紅赤賞Ｃ２選抜,800,ダ,左,良,曇,11,7,8,ニシノソレガシ,セ,0,56.0,524,4,吉留孝,冨田敏,,5,0:48.7,36.2,6-5,8,524,4
2025/04/24,浦和,6,さいたま市発祥のさつまいも紅赤賞Ｃ２選抜,800,ダ,左,良,曇,11,4,4,リュミヌーフィーユ,牝,5,54.0,521,-3,福原杏,繁田健,,6,0:49.1,36.2,8-6,1,521,-3
2025/04/24,浦和,6,さいたま市発祥のさつまいも紅赤賞Ｃ２選抜,800,ダ,左,良,曇,11,8,10,ベアビー,牝,4,52.0,451,-15,中島良,川島豊,,7,0:49.4,36.3,9-9,6,451,-15
2025/04/24,浦和,6,さいたま市発祥のさつまいも紅赤賞Ｃ２選抜,800,ダ,左,良,曇,11,2,2,リュウノファントム,牡,5,56.0,461,-5,七夕裕,野口孝,,8,0:49.5,36.1,11-10,9,461,-5
2025/04/24,浦和,6,さいたま市発祥のさつまいも紅赤賞Ｃ２選抜,800,ダ,左,良,曇,11,7,9,ヒガシブレーヴ,牡,8,53.0,422,-8,加藤雄,河津裕,,9,0:49.7,37.2,3-4,10,422,-8
2025/04/24,浦和,6,さいたま市発祥のさつまいも紅赤賞Ｃ２選抜,800,ダ,左,良,曇,11,6,7,レジーナデッラネラ,牝,4,54.0,424,-10,半澤慶,宇野博,,10,0:50.1,37.6,4-8,7,424,-10
2025/04/24,浦和,6,さいたま市発祥のさつまいも紅赤賞Ｃ２選抜,800,ダ,左,良,曇,11,8,11,ルヴァンモンスター,牡,5,56.0,505,9,赤津和,鈴木勝,,11,0:50.3,37.1,10-11,11,505,9
2025/04/24,浦和,7,金魚草特別Ｃ３選抜馬イ,2000,ダ,左,良,曇,12,2,2,ビーチガール,牝,5,54.0,438,8,七夕裕,小林真,,1,2:15.4,38.4,11-8-6-3,7,438,8
2025/04/24,浦和,7,金魚草特別Ｃ３選抜馬イ,2000,ダ,左,良,曇,12,1,1,スプリングネージュ,牝,7,54.0,456,2,秋元耕,薮口一,,2,2:15.5,40.4,1-1-1-1,2,456,2
2025/04/24,浦和,7,金魚草特別Ｃ３選抜馬イ,2000,ダ,左,良,曇,12,6,8,サンラグナニゲル,牝,6,54.0,478,-1,福原杏,川村守,,3,2:15.7,40.5,2-2-2-2,1,478,-1
2025/04/24,浦和,7,金魚草特別Ｃ３選抜馬イ,2000,ダ,左,良,曇,12,8,11,マーニク,牝,4,54.0,461,10,半澤慶,長谷忍,,4,2:15.7,40.1,3-3-3-4,6,461,10
2025/04/24,浦和,7,金魚草特別Ｃ３選抜馬イ,2000,ダ,左,良,曇,12,4,4,パルメニデス,牡,6,56.0,432,2,野畑凌,長谷忍,,5,2:17.0,39.4,12-12-10-6,9,432,2
2025/04/24,浦和,7,金魚草特別Ｃ３選抜馬イ,2000,ダ,左,良,曇,12,7,10,ヤマブキ,牡,5,56.0,496,5,高橋哲,鹿沼和,,6,2:17.1,41.0,5-5-4-5,5,496,5
2025/04/24,浦和,7,金魚草特別Ｃ３選抜馬イ,2000,ダ,左,良,曇,12,3,3,チャームフォラック,牝,9,52.0,483,-4,中島良,川村守,,7,2:17.8,41.8,4-4-5-7,11,483,-4
2025/04/24,浦和,7,金魚草特別Ｃ３選抜馬イ,2000,ダ,左,良,曇,12,5,5,カバロプレト,牡,6,56.0,450,8,室陽一,入口由,,8,2:18.0,41.2,9-10-7-8,4,450,8
2025/04/24,浦和,7,金魚草特別Ｃ３選抜馬イ,2000,ダ,左,良,曇,12,6,7,トレジャーバローズ,牡,7,56.0,442,0,加藤和,川島豊,,9,2:18.1,41.4,6-7-8-9,8,442,0
2025/04/24,浦和,7,金魚草特別Ｃ３選抜馬イ,2000,ダ,左,良,曇,12,8,12,シェナカンザシ,牝,5,51.0,466,11,中山遥,冨田敏,,10,2:18.3,40.7,10-11-12-10,10,466,11
2025/04/24,浦和,7,金魚草特別Ｃ３選抜馬イ,2000,ダ,左,良,曇,12,5,6,ヴルカヌス,セ,0,56.0,444,2,西啓太,野口寛,,11,2:19.1,42.4,7-6-9-11,3,444,2
2025/04/24,浦和,7,金魚草特別Ｃ３選抜馬イ,2000,ダ,左,良,曇,12,7,9,シェナハート,牝,6,54.0,439,4,國分祐,冨田敏,,12,2:19.4,41.9,8-9-11-12,12,439,4
2025/04/24,浦和,8,牡牛座特別Ｃ２二,1500,ダ,左,良,曇,11,1,1,スマイルスライヴ,セ,0,56.0,473,0,笹川翼,宇野博,,1,1:36.3,37.3,1-1-1-1,1,473,0
2025/04/24,浦和,8,牡牛座特別Ｃ２二,1500,ダ,左,良,曇,11,6,7,サダージ,牝,4,51.0,465,5,舟山瑠,小澤宏,,2,1:36.6,37.5,2-2-2-2,5,465,5
2025/04/24,浦和,8,牡牛座特別Ｃ２二,1500,ダ,左,良,曇,11,4,4,アショカ,牡,4,56.0,496,4,本田重,繁田健,,3,1:38.6,38.2,10-11-8-7,3,496,4
2025/04/24,浦和,8,牡牛座特別Ｃ２二,1500,ダ,左,良,曇,11,5,5,シェナクラウン,牡,5,56.0,507,0,岡田大,冨田敏,,4,1:38.6,38.5,7-7-7-4,9,507,0
2025/04/24,浦和,8,牡牛座特別Ｃ２二,1500,ダ,左,良,曇,11,3,3,エクステンシヴリー,牡,4,56.0,536,-14,山中悠,工藤伸,,5,1:38.6,38.5,5-6-6-5,4,536,-14
2025/04/24,浦和,8,牡牛座特別Ｃ２二,1500,ダ,左,良,曇,11,7,9,レコパンマミー,牝,5,54.0,495,0,野畑凌,箕輪武,,6,1:38.9,39.7,3-3-3-3,2,495,0
2025/04/24,浦和,8,牡牛座特別Ｃ２二,1500,ダ,左,良,曇,11,7,8,シエルブルー,牡,7,56.0,470,4,町田直,新井清,,7,1:39.4,39.9,8-5-4-6,8,470,4
2025/04/24,浦和,8,牡牛座特別Ｃ２二,1500,ダ,左,良,曇,11,6,6,バードハズフロウン,牝,7,54.0,417,3,池谷匠,今井輝,,8,1:40.0,40.4,4-4-5-8,11,417,3
2025/04/24,浦和,8,牡牛座特別Ｃ２二,1500,ダ,左,良,曇,11,2,2,ピースウォリアー,牡,4,55.0,492,6,佐野遥,箕輪武,,9,1:40.2,39.8,9-9-9-9,6,492,6
2025/04/24,浦和,8,牡牛座特別Ｃ２二,1500,ダ,左,良,曇,11,8,11,バトルホッパー,牡,6,56.0,494,-4,澤田龍,横山保,,10,1:40.5,39.9,11-10-10-10,7,494,-4
2025/04/24,浦和,8,牡牛座特別Ｃ２二,1500,ダ,左,良,曇,11,8,10,ヒーリングピピ,牝,4,54.0,418,5,秋元耕,小林真,,11,1:41.4,41.0,6-8-11-11,10,418,5
2025/04/24,浦和,9,Ｊ交 ツインメイト特別３歳選抜牝馬,1400,ダ,左,良,曇,12,5,6,グーフドリファール,牝,3,54.0,403,1,見越彬,小久智,,1,1:30.3,39.5,2-2-1-1,7,403,1
2025/04/24,浦和,9,Ｊ交 ツインメイト特別３歳選抜牝馬,1400,ダ,左,良,曇,12,1,1,セレブウマザンマイ,牝,3,54.0,423,-1,原優介,青木孝,,2,1:30.4,38.9,9-7-7-3,3,423,-1
2025/04/24,浦和,9,Ｊ交 ツインメイト特別３歳選抜牝馬,1400,ダ,左,良,曇,12,4,4,ミヅルーラー,牝,3,54.0,472,0,山中悠,酒井一,,3,1:30.4,39.7,1-1-1-2,6,472,0
2025/04/24,浦和,9,Ｊ交 ツインメイト特別３歳選抜牝馬,1400,ダ,左,良,曇,12,2,2,パラソーレ,牝,3,54.0,445,10,笹川翼,水野貴,,4,1:31.0,39.8,5-4-4-4,4,445,10
2025/04/24,浦和,9,Ｊ交 ツインメイト特別３歳選抜牝馬,1400,ダ,左,良,曇,12,5,5,ムンディ,牝,3,51.0,416,-14,舟山瑠,田村康,,5,1:31.1,39.7,11-10-8-6,8,416,-14
2025/04/24,浦和,9,Ｊ交 ツインメイト特別３歳選抜牝馬,1400,ダ,左,良,曇,12,3,3,アンジュパラディ,牝,3,54.0,435,-5,矢野貴,甲田悟,,6,1:31.1,39.9,6-5-6-7,2,435,-5
2025/04/24,浦和,9,Ｊ交 ツインメイト特別３歳選抜牝馬,1400,ダ,左,良,曇,12,6,7,スタークイック,牝,3,54.0,418,-2,木間龍,小澤宏,,7,1:31.5,39.7,10-11-9-8,9,418,-2
2025/04/24,浦和,9,Ｊ交 ツインメイト特別３歳選抜牝馬,1400,ダ,左,良,曇,12,7,10,ヴォーゲルワンド,牝,3,54.0,516,15,町田直,繁田健,,8,1:31.6,40.5,3-3-3-5,5,516,15
2025/04/24,浦和,9,Ｊ交 ツインメイト特別３歳選抜牝馬,1400,ダ,左,良,曇,12,8,11,ワナカ,牝,3,54.0,439,-1,伊藤工,金成貴,,9,1:32.4,41.2,4-6-5-9,1,439,-1
2025/04/24,浦和,9,Ｊ交 ツインメイト特別３歳選抜牝馬,1400,ダ,左,良,曇,12,7,9,ジーティーウララ,牝,3,51.0,436,-4,遠藤汰,伊藤伸,,10,1:32.4,40.8,8-8-10-10,11,436,-4
2025/04/24,浦和,9,Ｊ交 ツインメイト特別３歳選抜牝馬,1400,ダ,左,良,曇,12,8,12,カールルイコ,牝,3,51.0,414,-10,石田拓,南田美,,11,1:33.7,42.1,7-9-11-11,12,414,-10
2025/04/24,浦和,9,Ｊ交 ツインメイト特別３歳選抜牝馬,1400,ダ,左,良,曇,12,6,8,アラワレワタル,牝,3,52.0,409,1,長浜鴻,根本康,,12,1:37.2,44.0,12-12-12-12,10,409,1
2025/04/24,浦和,10,雛芥子特別Ｃ１二,1500,ダ,左,良,曇,12,2,2,ライヴマスタード,牡,5,56.0,547,1,七夕裕,工藤伸,,1,1:35.3,37.8,4-3-4-2,1,547,1
2025/04/24,浦和,10,雛芥子特別Ｃ１二,1500,ダ,左,良,曇,12,5,5,デルマプルシャ,セ,0,56.0,479,3,野畑凌,箕輪武,,2,1:35.6,38.5,1-1-1-1,2,479,3
2025/04/24,浦和,10,雛芥子特別Ｃ１二,1500,ダ,左,良,曇,12,1,1,ラブアンドハピネス,牝,4,54.0,425,2,半澤慶,平山真,,3,1:36.5,38.5,6-6-7-4,4,425,2
2025/04/24,浦和,10,雛芥子特別Ｃ１二,1500,ダ,左,良,曇,12,3,3,ロードアスタリスク,牡,5,56.0,502,-5,仲原大,吉田正,,4,1:36.8,38.9,9-7-5-5,8,502,-5
2025/04/24,浦和,10,雛芥子特別Ｃ１二,1500,ダ,左,良,曇,12,7,10,カイトキング,牡,6,56.0,484,1,秋元耕,水野貴,,5,1:37.2,39.4,3-5-6-8,7,484,1
2025/04/24,浦和,10,雛芥子特別Ｃ１二,1500,ダ,左,良,曇,12,8,12,ココモローズ,牝,4,54.0,421,-9,西啓太,藤原智,,6,1:37.3,38.7,8-9-9-7,10,421,-9
2025/04/24,浦和,10,雛芥子特別Ｃ１二,1500,ダ,左,良,曇,12,5,6,カガヤキファイター,牡,6,56.0,529,-2,山林信,久保秀,,7,1:37.4,39.2,7-8-8-9,5,529,-2
2025/04/24,浦和,10,雛芥子特別Ｃ１二,1500,ダ,左,良,曇,12,4,4,オランジー,牝,5,54.0,460,3,吉留孝,薮口一,,8,1:37.5,38.5,12-12-10-10,9,460,3
2025/04/24,浦和,10,雛芥子特別Ｃ１二,1500,ダ,左,良,曇,12,7,9,キープライジング,牝,4,54.0,492,4,笹川翼,小澤宏,,9,1:38.0,40.5,5-4-2-3,3,492,4
2025/04/24,浦和,10,雛芥子特別Ｃ１二,1500,ダ,左,良,曇,12,6,7,ウルトラワールド,牡,5,55.0,472,-3,佐野遥,鹿沼和,,10,1:38.2,40.8,2-2-3-6,6,472,-3
2025/04/24,浦和,10,雛芥子特別Ｃ１二,1500,ダ,左,良,曇,12,8,11,キョウエイジョイ,牝,5,54.0,483,-3,室陽一,水上直,,11,1:40.2,41.0,11-11-11-12,11,483,-3
2025/04/24,浦和,10,雛芥子特別Ｃ１二,1500,ダ,左,良,曇,12,6,8,オリエンタルラニ,牝,5,54.0,471,11,赤津和,酒井一,,12,1:40.6,41.4,10-10-12-11,12,471,11
2025/04/24,浦和,11,’２５武蔵国オープン４上,2000,ダ,左,良,曇,12,4,4,オピニオンリーダー,牡,5,55.0,463,5,矢野貴,小久智,,1,2:07.8,38.7,4-4-3-1,1,463,5
2025/04/24,浦和,11,’２５武蔵国オープン４上,2000,ダ,左,良,曇,12,6,8,キャッスルブレイヴ,牡,6,55.0,499,-4,仲野光,渋谷博,,2,2:08.4,37.8,11-11-9-7,10,499,-4
2025/04/24,浦和,11,’２５武蔵国オープン４上,2000,ダ,左,良,曇,12,3,3,ノットリグレット,牡,7,57.0,479,7,笹川翼,川島一,,3,2:08.6,39.0,8-7-6-6,7,479,7
2025/04/24,浦和,11,’２５武蔵国オープン４上,2000,ダ,左,良,曇,12,5,5,ルコルセール,牡,7,57.0,522,5,野畑凌,内田勝,,4,2:08.6,38.9,9-9-5-5,8,522,5
2025/04/24,浦和,11,’２５武蔵国オープン４上,2000,ダ,左,良,曇,12,5,6,アルラ,牡,6,55.0,0,0,本田重,箕輪武,,5,2:08.7,39.5,5-5-4-2,6,0,0
2025/04/24,浦和,11,’２５武蔵国オープン４上,2000,ダ,左,良,曇,12,6,7,ランリョウオー,牡,7,57.0,467,10,本橋孝,小久智,,6,2:08.7,39.9,2-2-2-4,2,467,10
2025/04/24,浦和,11,’２５武蔵国オープン４上,2000,ダ,左,良,曇,12,8,12,ケンタッキースカイ,牡,4,53.0,507,-2,菅原涼,藤原智,,7,2:09.1,40.7,1-1-1-3,11,507,-2
2025/04/24,浦和,11,’２５武蔵国オープン４上,2000,ダ,左,良,曇,12,7,10,セイカメテオポリス,牡,7,57.0,538,0,クアト,渡邉和,,8,2:10.4,40.3,10-10-8-8,4,538,0
2025/04/24,浦和,11,’２５武蔵国オープン４上,2000,ダ,左,良,曇,12,7,9,ジョエル,牡,7,57.0,535,-2,所　蛍,張田京,,9,2:12.5,43.1,3-3-7-9,9,535,-2
2025/04/24,浦和,11,’２５武蔵国オープン４上,2000,ダ,左,良,曇,12,1,1,ハイエストエンド,セ,0,57.0,505,-5,張田昂,張田京,,10,2:18.5,47.3,7-8-11-10,5,505,-5
2025/04/24,浦和,11,’２５武蔵国オープン４上,2000,ダ,左,良,曇,12,8,11,スパルタレオニダス,牡,6,53.0,525,-4,御神訓,繁田健,,,,,6-6-10,3,525,-4
2025/04/24,浦和,11,’２５武蔵国オープン４上,2000,ダ,左,良,曇,12,2,2,アイブランコ,牡,8,57.0,0,0,西啓太,鹿沼和,,,,,,,0,0
2025/04/24,浦和,12,花の宴特別Ｂ３二,1400,ダ,左,良,曇,12,2,2,ビナサイゴン,牡,4,56.0,535,-7,野畑凌,水野貴,,1,1:27.8,38.1,1-1-1-1,2,535,-7
2025/04/24,浦和,12,花の宴特別Ｂ３二,1400,ダ,左,良,曇,12,6,7,カルテメトレス,牝,4,54.0,451,4,張田昂,小久智,,2,1:28.4,38.3,6-5-3-2,5,451,4
2025/04/24,浦和,12,花の宴特別Ｂ３二,1400,ダ,左,良,曇,12,5,6,ゴールドソニック,牡,4,56.0,506,1,半澤慶,鹿沼和,,3,1:28.8,38.7,5-4-4-3,7,506,1
2025/04/24,浦和,12,花の宴特別Ｂ３二,1400,ダ,左,良,曇,12,3,3,ファイナルハート,牡,4,56.0,466,-9,山口達,林正人,,4,1:29.3,38.2,9-9-8-6,6,466,-9
2025/04/24,浦和,12,花の宴特別Ｂ３二,1400,ダ,左,良,曇,12,7,10,ビステル,牡,4,56.0,429,-9,櫻井光,山崎尋,,5,1:29.3,37.7,10-10-9-5,12,429,-9
2025/04/24,浦和,12,花の宴特別Ｂ３二,1400,ダ,左,良,曇,12,1,1,ジェットブレイク,牡,4,53.0,499,-3,舟山瑠,小久智,,6,1:29.6,37.6,12-12-11-7,4,499,-3
2025/04/24,浦和,12,花の宴特別Ｂ３二,1400,ダ,左,良,曇,12,5,5,ルージュブラゾン,牝,6,54.0,516,-10,笹川翼,水野貴,,7,1:30.6,40.0,8-7-6-4,1,516,-10
2025/04/24,浦和,12,花の宴特別Ｂ３二,1400,ダ,左,良,曇,12,4,4,タイセイアーメット,牡,7,56.0,483,-1,矢野貴,内田勝,,8,1:30.6,38.9,11-11-10-9,3,483,-1
2025/04/24,浦和,12,花の宴特別Ｂ３二,1400,ダ,左,良,曇,12,8,12,コスモカシアス,牡,4,53.0,466,5,加藤雄,河津裕,,9,1:31.4,40.8,4-6-7-10,9,466,5
2025/04/24,浦和,12,花の宴特別Ｂ３二,1400,ダ,左,良,曇,12,6,8,ミキノバスドラム,牡,7,54.0,523,-1,中島良,平山真,,10,1:31.8,42.0,2-2-2-8,10,523,-1
2025/04/24,浦和,12,花の宴特別Ｂ３二,1400,ダ,左,良,曇,12,7,9,ポアゾンボス,牡,4,56.0,490,4,福原杏,繁田健,,11,1:33.4,43.4,3-3-5-11,8,490,4
2025/04/24,浦和,12,花の宴特別Ｂ３二,1400,ダ,左,良,曇,12,8,11,エアースタージョイ,牡,4,56.0,494,-17,木間龍,矢野義,,12,1:33.9,42.5,7-8-12-12,11,494,-17
2025/04/25,浦和,1,特選Ｃ３二 三 四,1400,ダ,左,良,曇,11,8,11,ホシプリンセス,牝,7,54.0,511,2,野畑凌,酒井一,,1,1:31.2,40.6,2-2-2-2,4,511,2
2025/04/25,浦和,1,特選Ｃ３二 三 四,1400,ダ,左,良,曇,11,3,3,イサチルイトムスビ,牝,4,54.0,475,1,町田直,宇野博,,2,1:31.6,41.2,1-1-1-1,2,475,1
2025/04/25,浦和,1,特選Ｃ３二 三 四,1400,ダ,左,良,曇,11,5,5,パレルモフレイバー,牝,6,54.0,456,-6,室陽一,繁田健,,3,1:31.8,41.2,3-3-2-3,1,456,-6
2025/04/25,浦和,1,特選Ｃ３二 三 四,1400,ダ,左,良,曇,11,1,1,ティキー,牝,4,54.0,442,5,見越彬,川村守,,4,1:32.2,40.7,5-7-6-4,11,442,5
2025/04/25,浦和,1,特選Ｃ３二 三 四,1400,ダ,左,良,曇,11,4,4,ビーマジカル,牝,6,54.0,450,-4,七夕裕,野口孝,,5,1:32.2,40.5,9-9-9-8,9,450,-4
2025/04/25,浦和,1,特選Ｃ３二 三 四,1400,ダ,左,良,曇,11,6,6,インベンション,牝,5,54.0,452,-10,保園翔,長谷忍,,6,1:32.4,40.9,6-5-7-6,6,452,-10
2025/04/25,浦和,1,特選Ｃ３二 三 四,1400,ダ,左,良,曇,11,6,7,エコロアジェンダ,牡,7,54.0,463,4,谷内貫,工藤伸,,7,1:32.4,40.9,7-6-5-7,5,463,4
2025/04/25,浦和,1,特選Ｃ３二 三 四,1400,ダ,左,良,曇,11,7,9,ヴィッカース,牝,7,54.0,481,4,笠野雄,佐々清,,8,1:33.0,40.9,10-11-10-10,10,481,4
2025/04/25,浦和,1,特選Ｃ３二 三 四,1400,ダ,左,良,曇,11,7,8,ジェムストーン,セ,0,56.0,436,3,櫻井光,林隆之,,9,1:33.1,41.4,8-8-8-9,3,436,3
2025/04/25,浦和,1,特選Ｃ３二 三 四,1400,ダ,左,良,曇,11,8,10,ワンダーフィール,牡,4,56.0,488,-1,高橋哲,鈴木勝,,10,1:33.6,42.9,4-4-4-5,7,488,-1
2025/04/25,浦和,1,特選Ｃ３二 三 四,1400,ダ,左,良,曇,11,2,2,フェルカド,セ,0,56.0,470,-1,張田昂,野口孝,,11,1:36.4,44.5,11-10-11-11,8,470,-1
2025/04/25,浦和,2,特選Ｃ３二 三 四,1400,ダ,左,良,曇,10,6,6,ティーズウィッシュ,牡,4,56.0,531,-3,櫻井光,海馬司,,1,1:29.9,39.5,2-2-2-1,7,531,-3
2025/04/25,浦和,2,特選Ｃ３二 三 四,1400,ダ,左,良,曇,10,2,2,ビービーファブル,牡,8,56.0,481,-1,高橋利,坂本昇,,2,1:30.8,39.7,9-9-5-3,6,481,-1
2025/04/25,浦和,2,特選Ｃ３二 三 四,1400,ダ,左,良,曇,10,8,9,ロンギングキイ,牝,4,54.0,475,10,秋元耕,箕輪武,,3,1:30.9,40.7,1-1-1-2,4,475,10
2025/04/25,浦和,2,特選Ｃ３二 三 四,1400,ダ,左,良,曇,10,8,10,コビナイフォンテン,牝,6,54.0,463,-6,山口達,玉井昇,,4,1:31.3,40.4,7-4-6-4,1,463,-6
2025/04/25,浦和,2,特選Ｃ３二 三 四,1400,ダ,左,良,曇,10,3,3,ラーズグリーズ,セ,0,56.0,472,11,達城龍,工藤伸,,5,1:31.5,40.4,8-8-7-5,3,472,11
2025/04/25,浦和,2,特選Ｃ３二 三 四,1400,ダ,左,良,曇,10,7,7,シャコンヌ,セ,0,56.0,450,1,室陽一,宇野博,,6,1:32.4,41.3,3-5-8-8,5,450,1
2025/04/25,浦和,2,特選Ｃ３二 三 四,1400,ダ,左,良,曇,10,7,8,コスモヴェレッド,牡,6,56.0,470,-3,保園翔,佐々清,,7,1:33.3,42.7,4-3-3-6,8,470,-3
2025/04/25,浦和,2,特選Ｃ３二 三 四,1400,ダ,左,良,曇,10,4,4,フリュート,セ,0,56.0,513,4,高橋哲,水野貴,,8,1:33.3,42.5,6-7-4-7,2,513,4
2025/04/25,浦和,2,特選Ｃ３二 三 四,1400,ダ,左,良,曇,10,1,1,ミシェルエルクール,牝,4,52.0,491,3,中島良,川島豊,,9,1:33.3,42.2,5-6-9-9,9,491,3
2025/04/25,浦和,2,特選Ｃ３二 三 四,1400,ダ,左,良,曇,10,5,5,アンジェラカフェ,牝,6,54.0,0,0,今野忠,山田正,,,,,,,0,0
2025/04/25,浦和,3,特選Ｃ３二 三 四,1500,ダ,左,良,曇,12,1,1,ユーロックデュード,牝,6,54.0,447,-5,本橋孝,新井清,,1,1:39.1,40.2,6-5-4-2,1,447,-5
2025/04/25,浦和,3,特選Ｃ３二 三 四,1500,ダ,左,良,曇,12,3,3,ラピッドフロウ,牝,7,54.0,421,2,増田充,今井輝,,2,1:39.7,40.4,4-6-8-7,7,421,2
2025/04/25,浦和,3,特選Ｃ３二 三 四,1500,ダ,左,良,曇,12,2,2,アースメロディ,牝,4,54.0,506,5,七夕裕,箕輪武,,3,1:39.9,41.5,1-1-1-1,4,506,5
2025/04/25,浦和,3,特選Ｃ３二 三 四,1500,ダ,左,良,曇,12,7,9,ナリタアンビション,牝,5,54.0,411,5,櫻井光,川島豊,,4,1:40.0,40.5,8-7-7-4,8,411,5
2025/04/25,浦和,3,特選Ｃ３二 三 四,1500,ダ,左,良,曇,12,8,12,ツーエムタイガー,牡,7,56.0,459,-7,山中悠,田中力,,5,1:40.2,41.7,3-3-2-3,2,459,-7
2025/04/25,浦和,3,特選Ｃ３二 三 四,1500,ダ,左,良,曇,12,5,5,ドーバーファルコン,セ,0,56.0,466,-7,野畑凌,海馬司,,6,1:40.2,41.0,9-8-6-6,3,466,-7
2025/04/25,浦和,3,特選Ｃ３二 三 四,1500,ダ,左,良,曇,12,4,4,イタリアンゴールド,セ,0,56.0,423,3,澤田龍,伊藤滋,,7,1:40.3,39.7,11-12-9-9,9,423,3
2025/04/25,浦和,3,特選Ｃ３二 三 四,1500,ダ,左,良,曇,12,6,7,スペルガッサン,牝,7,54.0,445,0,篠谷葵,坂本昇,,8,1:40.5,39.7,12-11-12-12,6,445,0
2025/04/25,浦和,3,特選Ｃ３二 三 四,1500,ダ,左,良,曇,12,5,6,ビーブルー,牝,6,54.0,478,-3,實川純,佐々功,,9,1:41.0,40.7,5-9-10-10,11,478,-3
2025/04/25,浦和,3,特選Ｃ３二 三 四,1500,ダ,左,良,曇,12,6,8,グレースミューズ,牝,6,54.0,460,9,秋元耕,薮口一,,10,1:41.2,40.7,10-10-10-11,5,460,9
2025/04/25,浦和,3,特選Ｃ３二 三 四,1500,ダ,左,良,曇,12,8,11,クラダイリン,牝,5,54.0,525,2,西啓太,長谷忍,,11,1:41.2,42.3,7-4-5-5,12,525,2
2025/04/25,浦和,3,特選Ｃ３二 三 四,1500,ダ,左,良,曇,12,7,10,クインズシリウス,牝,4,54.0,429,10,室陽一,宇野博,,12,1:41.8,43.3,2-2-2-8,10,429,10
2025/04/25,浦和,4,浦和８００ラウンド３歳選抜馬イ,800,ダ,左,良,曇,11,8,10,ビナベンチェ,牝,3,53.0,431,-15,木間龍,酒井一,,1,0:48.7,36.0,2-2,2,431,-15
2025/04/25,浦和,4,浦和８００ラウンド３歳選抜馬イ,800,ダ,左,良,曇,11,6,6,ジュンインパルス,牡,3,55.0,500,2,見越彬,小久智,,2,0:48.8,36.2,1-1,1,500,2
2025/04/25,浦和,4,浦和８００ラウンド３歳選抜馬イ,800,ダ,左,良,曇,11,2,2,ゴッドフィンガー,牡,3,55.0,458,-2,佐野遥,高月賢,,3,0:48.9,35.5,5-5,3,458,-2
2025/04/25,浦和,4,浦和８００ラウンド３歳選抜馬イ,800,ダ,左,良,曇,11,6,7,ミラコロエクラ,牝,3,53.0,462,5,山中悠,小澤宏,,4,0:49.1,35.3,8-6,6,462,5
2025/04/25,浦和,4,浦和８００ラウンド３歳選抜馬イ,800,ダ,左,良,曇,11,1,1,ホロキキ,牝,3,53.0,442,-1,半澤慶,藤原智,,5,0:49.4,36.4,3-4,5,442,-1
2025/04/25,浦和,4,浦和８００ラウンド３歳選抜馬イ,800,ダ,左,良,曇,11,7,9,ミラコロヴァーグ,牡,3,55.0,469,10,秋元耕,小澤宏,,6,0:49.6,36.2,4-3,4,469,10
2025/04/25,浦和,4,浦和８００ラウンド３歳選抜馬イ,800,ダ,左,良,曇,11,7,8,メイジョウビット,牝,3,53.0,455,16,赤津和,酒井一,,7,0:49.7,36.1,7-7,8,455,16
2025/04/25,浦和,4,浦和８００ラウンド３歳選抜馬イ,800,ダ,左,良,曇,11,5,5,オレイニウタイマス,牝,3,51.0,447,1,中島良,宇野博,,8,0:50.4,36.6,9-8,7,447,1
2025/04/25,浦和,4,浦和８００ラウンド３歳選抜馬イ,800,ダ,左,良,曇,11,3,3,ブーシェノワール,牝,3,53.0,417,19,七夕裕,酒井一,,9,0:50.5,36.2,10-10,9,417,19
2025/04/25,浦和,4,浦和８００ラウンド３歳選抜馬イ,800,ダ,左,良,曇,11,8,11,ロバストウォリアー,牝,3,53.0,444,1,高橋哲,水野貴,,10,0:51.3,37.7,6-9,10,444,1
2025/04/25,浦和,4,浦和８００ラウンド３歳選抜馬イ,800,ダ,左,良,曇,11,4,4,スピークオブデビル,牝,3,53.0,510,-4,加藤和,長谷忍,,11,0:51.5,37.2,11-11,11,510,-4
2025/04/25,浦和,5,浦和８００ラウンド３歳選抜馬ア,800,ダ,左,良,曇,11,7,9,ディスラプター,牡,3,57.0,437,0,笹川翼,秋山直,,1,0:47.4,34.8,1-1,2,437,0
2025/04/25,浦和,5,浦和８００ラウンド３歳選抜馬ア,800,ダ,左,良,曇,11,8,10,シェナウエーブ,牡,3,57.0,467,1,福原杏,吉田正,,2,0:47.5,34.6,2-2,1,467,1
2025/04/25,浦和,5,浦和８００ラウンド３歳選抜馬ア,800,ダ,左,良,曇,11,1,1,アイアンピッチ,牝,3,54.0,450,8,櫻井光,佐藤博,,3,0:48.4,35.2,9-6,7,450,8
2025/04/25,浦和,5,浦和８００ラウンド３歳選抜馬ア,800,ダ,左,良,曇,11,4,4,バーディートライ,牡,3,55.0,450,-8,佐野遥,高月賢,,4,0:48.4,35.2,6-8,6,450,-8
2025/04/25,浦和,5,浦和８００ラウンド３歳選抜馬ア,800,ダ,左,良,曇,11,5,5,クラパッション,牝,3,55.0,480,0,山崎誠,藤原智,,5,0:48.5,35.6,5-5,3,480,0
2025/04/25,浦和,5,浦和８００ラウンド３歳選抜馬ア,800,ダ,左,良,曇,11,6,6,ネヴァーノウズ,牡,3,56.0,445,2,町田直,甲田悟,,6,0:48.5,35.0,7-3,4,445,2
2025/04/25,浦和,5,浦和８００ラウンド３歳選抜馬ア,800,ダ,左,良,曇,11,8,11,シナモンポップ,牝,3,54.0,475,-1,秋元耕,海馬司,,7,0:48.9,35.9,3-4,10,475,-1
2025/04/25,浦和,5,浦和８００ラウンド３歳選抜馬ア,800,ダ,左,良,曇,11,2,2,エポナメロディー,牝,3,54.0,428,-2,池谷匠,平田正,,8,0:49.0,35.5,11-10,10,428,-2
2025/04/25,浦和,5,浦和８００ラウンド３歳選抜馬ア,800,ダ,左,良,曇,11,7,8,ゴールドサイカ,牝,3,54.0,444,-3,西啓太,岩本洋,,9,0:49.1,35.9,7-7,8,444,-3
2025/04/25,浦和,5,浦和８００ラウンド３歳選抜馬ア,800,ダ,左,良,曇,11,3,3,ザゴリ,牝,3,56.0,384,-6,田中涼,山田質,,10,0:49.4,36.2,9-11,5,384,-6
2025/04/25,浦和,5,浦和８００ラウンド３歳選抜馬ア,800,ダ,左,良,曇,11,6,7,マキマキパフェ,牝,3,54.0,446,-1,増田充,平田正,,11,0:49.5,36.6,4-9,9,446,-1
2025/04/25,浦和,6,さいたま市産ヨーロッパ野菜賞Ｃ２九 十,1400,ダ,左,良,曇,12,5,6,ルクスリーベン,牝,4,54.0,442,2,張田昂,平山真,,1,1:30.1,39.3,2-1-1-1,4,442,2
2025/04/25,浦和,6,さいたま市産ヨーロッパ野菜賞Ｃ２九 十,1400,ダ,左,良,曇,12,3,3,キタノジョンヌ,牝,4,54.0,490,15,笹川翼,入口由,,2,1:30.4,38.9,10-8-5-4,5,490,15
2025/04/25,浦和,6,さいたま市産ヨーロッパ野菜賞Ｃ２九 十,1400,ダ,左,良,曇,12,1,1,ホウショウディーバ,牝,4,54.0,435,-3,室陽一,小久智,,3,1:30.6,39.5,4-4-4-5,2,435,-3
2025/04/25,浦和,6,さいたま市産ヨーロッパ野菜賞Ｃ２九 十,1400,ダ,左,良,曇,12,6,7,キタノアマポーラ,牝,4,54.0,442,5,矢野貴,工藤伸,,4,1:30.8,40.0,1-2-2-2,1,442,5
2025/04/25,浦和,6,さいたま市産ヨーロッパ野菜賞Ｃ２九 十,1400,ダ,左,良,曇,12,7,10,ワイルドダンク,牡,5,56.0,483,-5,山崎誠,藤原智,,5,1:31.1,40.3,3-3-3-3,3,483,-5
2025/04/25,浦和,6,さいたま市産ヨーロッパ野菜賞Ｃ２九 十,1400,ダ,左,良,曇,12,5,5,ピノヌイ,牡,4,56.0,504,-6,達城龍,野口孝,,6,1:32.0,39.4,11-11-11-11,7,504,-6
2025/04/25,浦和,6,さいたま市産ヨーロッパ野菜賞Ｃ２九 十,1400,ダ,左,良,曇,12,6,8,チェンテナリオ,牝,5,54.0,443,1,岡村健,酒井一,,7,1:32.1,40.3,8-9-7-6,11,443,1
2025/04/25,浦和,6,さいたま市産ヨーロッパ野菜賞Ｃ２九 十,1400,ダ,左,良,曇,12,8,11,ブリージョドラード,牡,4,56.0,465,2,篠谷葵,海馬司,,8,1:32.3,39.8,12-12-11-8,6,465,2
2025/04/25,浦和,6,さいたま市産ヨーロッパ野菜賞Ｃ２九 十,1400,ダ,左,良,曇,12,7,9,フォーゲルヴァイデ,牡,4,56.0,476,-6,半澤慶,川島豊,,9,1:32.5,41.2,7-5-6-7,10,476,-6
2025/04/25,浦和,6,さいたま市産ヨーロッパ野菜賞Ｃ２九 十,1400,ダ,左,良,曇,12,4,4,アマゴ,牝,6,54.0,473,3,今野忠,箕輪武,,10,1:32.8,40.7,9-10-9-9,9,473,3
2025/04/25,浦和,6,さいたま市産ヨーロッパ野菜賞Ｃ２九 十,1400,ダ,左,良,曇,12,2,2,タイニーパワー,牡,8,56.0,461,-5,吉留孝,薮口一,,11,1:33.0,41.3,6-6-8-10,12,461,-5
2025/04/25,浦和,6,さいたま市産ヨーロッパ野菜賞Ｃ２九 十,1400,ダ,左,良,曇,12,8,12,シェルオパール,牝,5,51.0,473,-4,神尾香,山田質,,12,1:33.5,41.6,5-7-10-12,8,473,-4
2025/04/25,浦和,7,さいたまスイーツ賞Ｃ２九 十,1400,ダ,左,良,曇,11,6,7,ユメデアエタラ,牡,4,56.0,472,6,岡村健,平山真,,1,1:29.9,38.1,3-4-3-3,2,472,6
2025/04/25,浦和,7,さいたまスイーツ賞Ｃ２九 十,1400,ダ,左,良,曇,11,8,10,チーフルガール,牝,4,54.0,413,3,矢野貴,箕輪武,,2,1:30.0,38.4,1-1-1-1,1,413,3
2025/04/25,浦和,7,さいたまスイーツ賞Ｃ２九 十,1400,ダ,左,良,曇,11,2,2,エターナルジュエル,牝,6,54.0,476,6,山崎誠,藤原智,,3,1:30.4,38.2,5-6-6-4,4,476,6
2025/04/25,浦和,7,さいたまスイーツ賞Ｃ２九 十,1400,ダ,左,良,曇,11,3,3,ハナチルサト,牝,4,54.0,426,1,半澤慶,宇野博,,4,1:30.5,38.0,7-8-8-5,3,426,1
2025/04/25,浦和,7,さいたまスイーツ賞Ｃ２九 十,1400,ダ,左,良,曇,11,8,11,ニットウサニー,牝,5,54.0,453,9,今野忠,林隆之,,5,1:30.7,39.1,2-2-2-2,8,453,9
2025/04/25,浦和,7,さいたまスイーツ賞Ｃ２九 十,1400,ダ,左,良,曇,11,1,1,ジャングルタキオン,セ,0,56.0,483,-1,西啓太,野口孝,,6,1:31.5,38.2,10-10-9-7,5,483,-1
2025/04/25,浦和,7,さいたまスイーツ賞Ｃ２九 十,1400,ダ,左,良,曇,11,7,8,ジェノバフレイバー,牡,6,56.0,486,6,保園翔,繁田健,,7,1:32.2,39.8,9-7-7-6,6,486,6
2025/04/25,浦和,7,さいたまスイーツ賞Ｃ２九 十,1400,ダ,左,良,曇,11,5,5,ハイブリッチライト,牡,5,53.0,484,-1,加藤雄,山田正,,8,1:32.5,39.4,8-9-10-10,10,484,-1
2025/04/25,浦和,7,さいたまスイーツ賞Ｃ２九 十,1400,ダ,左,良,曇,11,6,6,トゥジアース,牡,6,56.0,507,3,笠野雄,工藤伸,,9,1:32.6,40.8,4-3-4-8,7,507,3
2025/04/25,浦和,7,さいたまスイーツ賞Ｃ２九 十,1400,ダ,左,良,曇,11,4,4,バララララララ,牝,5,54.0,436,16,小杉亮,工藤伸,,10,1:32.9,40.9,6-5-5-9,9,436,16
2025/04/25,浦和,7,さいたまスイーツ賞Ｃ２九 十,1400,ダ,左,良,曇,11,7,9,クインズカヤノヒメ,牝,5,54.0,448,6,本田紀,八木喜,,11,1:34.0,40.1,11-11-11-11,11,448,6
2025/04/25,浦和,8,オオムラサキツツジ特別Ｃ３選抜馬ア,2000,ダ,左,良,曇,12,1,1,キングブルズアイズ,セ,0,56.0,477,-6,笹川翼,繁田健,,1,2:12.3,39.7,1-1-1-1,1,477,-6
2025/04/25,浦和,8,オオムラサキツツジ特別Ｃ３選抜馬ア,2000,ダ,左,良,曇,12,4,4,シルバーサドル,牡,6,56.0,432,-8,町田直,甲田悟,,2,2:13.5,40.2,4-3-3-2,2,432,-8
2025/04/25,浦和,8,オオムラサキツツジ特別Ｃ３選抜馬ア,2000,ダ,左,良,曇,12,8,12,ウイングラドナス,牡,6,56.0,464,12,櫻井光,海馬司,,3,2:14.4,41.3,5-5-2-3,6,464,12
2025/04/25,浦和,8,オオムラサキツツジ特別Ｃ３選抜馬ア,2000,ダ,左,良,曇,12,2,2,ワールドバトル,セ,0,56.0,485,4,野畑凌,海馬司,,4,2:16.1,42.0,11-7-4-4,5,485,4
2025/04/25,浦和,8,オオムラサキツツジ特別Ｃ３選抜馬ア,2000,ダ,左,良,曇,12,7,10,タマモコンペイトウ,牝,5,52.0,456,1,中島良,川島豊,,5,2:16.5,41.8,7-6-5-5,7,456,1
2025/04/25,浦和,8,オオムラサキツツジ特別Ｃ３選抜馬ア,2000,ダ,左,良,曇,12,3,3,シャインルージュ,牝,5,54.0,495,6,秋元耕,吉田正,,6,2:16.6,41.5,6-8-8-6,3,495,6
2025/04/25,浦和,8,オオムラサキツツジ特別Ｃ３選抜馬ア,2000,ダ,左,良,曇,12,6,8,ユウユウプレゼンス,牝,5,54.0,415,-10,七夕裕,川村守,,7,2:17.8,42.5,8-9-6-7,10,415,-10
2025/04/25,浦和,8,オオムラサキツツジ特別Ｃ３選抜馬ア,2000,ダ,左,良,曇,12,5,6,ディープトラスト,牝,5,54.0,450,3,見越彬,川島豊,,8,2:18.9,43.1,10-10-10-8,10,450,3
2025/04/25,浦和,8,オオムラサキツツジ特別Ｃ３選抜馬ア,2000,ダ,左,良,曇,12,8,11,スターコマチ,牝,6,54.0,426,-2,半澤慶,川村守,,9,2:19.2,42.3,12-12-11-9,9,426,-2
2025/04/25,浦和,8,オオムラサキツツジ特別Ｃ３選抜馬ア,2000,ダ,左,良,曇,12,7,9,シェナカレン,牡,5,56.0,469,-5,國分祐,冨田敏,,10,2:20.4,43.6,9-11-12-11,12,469,-5
2025/04/25,浦和,8,オオムラサキツツジ特別Ｃ３選抜馬ア,2000,ダ,左,良,曇,12,6,7,サンボールダー,牝,6,54.0,481,2,岡田大,鹿沼和,,11,2:21.9,47.4,3-4-9-12,4,481,2
2025/04/25,浦和,8,オオムラサキツツジ特別Ｃ３選抜馬ア,2000,ダ,左,良,曇,12,5,5,パーティーアニマル,牡,9,56.0,468,-8,仲原大,入口由,,12,2:22.1,47.8,2-2-7-10,8,468,-8
2025/04/25,浦和,9,花影特別Ｃ１Ｃ２選抜馬イ選抜馬ア,2000,ダ,左,良,曇,12,2,2,クリノフラッグ,牝,6,53.0,473,-3,町田直,甲田悟,,1,2:11.4,39.6,7-6-2-2,3,473,-3
2025/04/25,浦和,9,花影特別Ｃ１Ｃ２選抜馬イ選抜馬ア,2000,ダ,左,良,曇,12,4,4,ランディー,牡,5,57.0,467,3,笹川翼,小久智,,2,2:11.5,39.9,4-3-1-1,1,467,3
2025/04/25,浦和,9,花影特別Ｃ１Ｃ２選抜馬イ選抜馬ア,2000,ダ,左,良,曇,12,6,8,アルリスカ,セ,0,57.0,469,1,七夕裕,箕輪武,,3,2:13.8,42.4,2-2-3-3,2,469,1
2025/04/25,浦和,9,花影特別Ｃ１Ｃ２選抜馬イ選抜馬ア,2000,ダ,左,良,曇,12,1,1,ツガノショウグン,牡,4,57.0,500,-9,加藤和,長谷忍,,4,2:14.1,41.9,5-5-5-4,10,500,-9
2025/04/25,浦和,9,花影特別Ｃ１Ｃ２選抜馬イ選抜馬ア,2000,ダ,左,良,曇,12,7,10,ジオパークマグマ,牡,7,57.0,474,0,秋元耕,川島豊,,5,2:14.3,41.6,8-9-7-6,9,474,0
2025/04/25,浦和,9,花影特別Ｃ１Ｃ２選抜馬イ選抜馬ア,2000,ダ,左,良,曇,12,7,9,スマイルポピー,牝,5,53.0,483,5,張田昂,小澤宏,,6,2:14.5,41.4,11-11-10-8,4,483,5
2025/04/25,浦和,9,花影特別Ｃ１Ｃ２選抜馬イ選抜馬ア,2000,ダ,左,良,曇,12,8,11,ココリアイランド,牡,5,57.0,451,6,野畑凌,工藤伸,,7,2:14.7,42.0,9-8-8-10,7,451,6
2025/04/25,浦和,9,花影特別Ｃ１Ｃ２選抜馬イ選抜馬ア,2000,ダ,左,良,曇,12,6,7,カラフルフレスコ,牝,6,55.0,468,-14,赤津和,工藤伸,,8,2:14.8,41.9,10-10-9-7,8,468,-14
2025/04/25,浦和,9,花影特別Ｃ１Ｃ２選抜馬イ選抜馬ア,2000,ダ,左,良,曇,12,8,12,エイシンヘーメラー,牝,5,53.0,426,4,室陽一,入口由,,9,2:15.5,43.0,6-7-6-9,6,426,4
2025/04/25,浦和,9,花影特別Ｃ１Ｃ２選抜馬イ選抜馬ア,2000,ダ,左,良,曇,12,3,3,コスモキルカス,牡,7,55.0,464,-9,福原杏,長谷忍,,10,2:16.9,45.5,1-1-4-5,11,464,-9
2025/04/25,浦和,9,花影特別Ｃ１Ｃ２選抜馬イ選抜馬ア,2000,ダ,左,良,曇,12,5,6,ジューンサレンダー,牡,4,57.0,446,-8,保園翔,川村守,,11,2:21.2,47.8,3-4-11-11,5,446,-8
2025/04/25,浦和,9,花影特別Ｃ１Ｃ２選抜馬イ選抜馬ア,2000,ダ,左,良,曇,12,5,5,ゴーダンシング,牝,4,55.0,0,0,櫻井光,平山真,,,,,,,0,0
2025/04/25,浦和,10,暮の春特別Ｃ１一,1400,ダ,左,良,曇,12,3,3,ティーズフリーク,牡,4,56.0,493,-3,高橋哲,水野貴,,1,1:28.5,38.8,1-1-1-1,1,493,-3
2025/04/25,浦和,10,暮の春特別Ｃ１一,1400,ダ,左,良,曇,12,2,2,ルルフィーユ,牝,4,54.0,469,2,野畑凌,水上直,,2,1:29.7,38.8,8-9-8-7,7,469,2
2025/04/25,浦和,10,暮の春特別Ｃ１一,1400,ダ,左,良,曇,12,8,11,サノノタルマエ,牝,5,54.0,466,1,達城龍,川島豊,,3,1:29.9,40.0,2-2-2-2,4,466,1
2025/04/25,浦和,10,暮の春特別Ｃ１一,1400,ダ,左,良,曇,12,6,8,グルアガッハ,セ,0,56.0,508,2,笹川翼,稲益貴,,4,1:30.2,40.0,3-4-4-4,2,508,2
2025/04/25,浦和,10,暮の春特別Ｃ１一,1400,ダ,左,良,曇,12,5,6,リオンラファール,セ,0,56.0,531,-3,町田直,宇野博,,5,1:30.3,40.2,4-3-3-3,3,531,-3
2025/04/25,浦和,10,暮の春特別Ｃ１一,1400,ダ,左,良,曇,12,6,7,セイシークエンス,牝,6,54.0,483,-2,小杉亮,渡邊貴,,6,1:30.4,39.8,6-5-5-5,11,483,-2
2025/04/25,浦和,10,暮の春特別Ｃ１一,1400,ダ,左,良,曇,12,5,5,ヴァネロペ,牝,6,54.0,482,-2,山口達,林正人,,7,1:30.4,39.3,12-11-6-6,6,482,-2
2025/04/25,浦和,10,暮の春特別Ｃ１一,1400,ダ,左,良,曇,12,4,4,バルタザール,牡,6,56.0,509,-2,庄司大,矢内博,,8,1:30.4,38.9,9-10-10-8,8,509,-2
2025/04/25,浦和,10,暮の春特別Ｃ１一,1400,ダ,左,良,曇,12,1,1,ヴァシロペス,セ,0,56.0,462,-2,秋元耕,薮口一,,9,1:31.1,39.2,11-12-12-12,12,462,-2
2025/04/25,浦和,10,暮の春特別Ｃ１一,1400,ダ,左,良,曇,12,7,9,コスモレンブランサ,牝,5,54.0,438,4,七夕裕,工藤伸,,10,1:31.3,40.1,7-7-10-9,5,438,4
2025/04/25,浦和,10,暮の春特別Ｃ１一,1400,ダ,左,良,曇,12,7,10,マサハヤアン,牝,8,54.0,457,-4,保園翔,野口孝,,11,1:31.6,40.7,10-8-9-11,9,457,-4
2025/04/25,浦和,10,暮の春特別Ｃ１一,1400,ダ,左,良,曇,12,8,12,マスクドサムライ,牡,6,56.0,483,-9,半澤慶,藤原智,,12,1:31.9,41.2,5-6-7-10,10,483,-9
2025/04/25,浦和,11,青葉特別Ａ２下,1400,ダ,左,良,曇,11,6,6,ビナサクセス,牡,7,55.0,510,7,矢野貴,水野貴,,1,1:27.7,37.6,2-2-2-1,4,510,7
2025/04/25,浦和,11,青葉特別Ａ２下,1400,ダ,左,良,曇,11,5,5,ティーファイブ,牡,6,55.0,475,-1,野畑凌,小久智,,2,1:28.0,37.9,1-1-1-2,2,475,-1
2025/04/25,浦和,11,青葉特別Ａ２下,1400,ダ,左,良,曇,11,1,1,ミズワリヲクダサイ,牡,5,57.0,476,-3,室陽一,宇野博,,3,1:28.4,37.8,6-5-5-3,3,476,-3
2025/04/25,浦和,11,青葉特別Ａ２下,1400,ダ,左,良,曇,11,4,4,フレールフィーユ,セ,0,57.0,488,-5,保園翔,野口寛,,4,1:29.1,38.0,11-11-10-9,8,488,-5
2025/04/25,浦和,11,青葉特別Ａ２下,1400,ダ,左,良,曇,11,6,7,アムクラージュ,牡,4,57.0,533,6,山崎誠,藤原智,,5,1:29.2,39.0,8-6-3-5,5,533,6
2025/04/25,浦和,11,青葉特別Ａ２下,1400,ダ,左,良,曇,11,8,10,エアポートライナー,牡,5,57.0,556,0,西啓太,小久智,,6,1:29.2,39.0,4-4-3-4,1,556,0
2025/04/25,浦和,11,青葉特別Ａ２下,1400,ダ,左,良,曇,11,3,3,セルフメイド,牡,7,57.0,507,-9,木間龍,矢野義,,7,1:29.6,38.8,9-9-7-8,7,507,-9
2025/04/25,浦和,11,青葉特別Ａ２下,1400,ダ,左,良,曇,11,8,11,ワガンセ,牡,6,54.0,466,-1,佐野遥,内田勝,,8,1:29.8,39.0,5-7-8-6,11,466,-1
2025/04/25,浦和,11,青葉特別Ａ２下,1400,ダ,左,良,曇,11,2,2,ダイメイコリーダ,牡,8,57.0,503,-14,達城龍,野口孝,,9,1:29.8,38.7,7-8-9-7,10,503,-14
2025/04/25,浦和,11,青葉特別Ａ２下,1400,ダ,左,良,曇,11,7,9,ワイズゴールド,牝,5,53.0,442,-1,山口達,米谷康,,10,1:30.3,39.9,3-3-6-10,9,442,-1
2025/04/25,浦和,11,青葉特別Ａ２下,1400,ダ,左,良,曇,11,7,8,クルマトラサン,牡,4,57.0,482,-6,クアト,茂木浩,,11,1:30.6,39.6,10-10-11-11,6,482,-6
2025/04/25,浦和,12,花吹雪特別Ｂ２下選抜馬,800,ダ,左,良,曇,9,5,5,モンゲースパイ,牡,4,57.0,474,-5,矢野貴,高月賢,,1,0:46.8,34.6,1-1,2,474,-5
2025/04/25,浦和,12,花吹雪特別Ｂ２下選抜馬,800,ダ,左,良,曇,9,3,3,ノースプリマ,牝,5,54.0,457,0,佐野遥,水野貴,,2,0:47.3,34.7,4-4,4,457,0
2025/04/25,浦和,12,花吹雪特別Ｂ２下選抜馬,800,ダ,左,良,曇,9,2,2,ハクアイゴジロー,牡,7,55.0,548,-15,川島正,石井勝,,3,0:47.4,34.0,7-5,7,548,-15
2025/04/25,浦和,12,花吹雪特別Ｂ２下選抜馬,800,ダ,左,良,曇,9,6,6,エリコーハク,牝,5,55.0,444,0,福原杏,水野貴,,4,0:47.5,35.3,1-2,1,444,0
2025/04/25,浦和,12,花吹雪特別Ｂ２下選抜馬,800,ダ,左,良,曇,9,4,4,エイシンエメラルド,牝,5,50.0,422,2,加藤雄,工藤伸,,5,0:47.5,35.3,3-3,3,422,2
2025/04/25,浦和,12,花吹雪特別Ｂ２下選抜馬,800,ダ,左,良,曇,9,8,9,クリスタライズ,牡,4,57.0,509,8,野畑凌,水野貴,,6,0:47.7,34.9,6-6,5,509,8
2025/04/25,浦和,12,花吹雪特別Ｂ２下選抜馬,800,ダ,左,良,曇,9,7,7,ユウノワンワン,牝,4,53.0,433,17,木間龍,酒井一,,7,0:48.1,35.6,5-7,6,433,17
2025/04/25,浦和,12,花吹雪特別Ｂ２下選抜馬,800,ダ,左,良,曇,9,1,1,クラバルバトス,牝,7,53.0,505,-3,山中悠,矢野義,,8,0:48.2,34.2,8-8,8,505,-3
2025/04/25,浦和,12,花吹雪特別Ｂ２下選抜馬,800,ダ,左,良,曇,9,8,8,セイウンハルカニ,牡,6,57.0,476,-15,國分祐,冨田敏,,9,0:50.1,36.3,9-9,9,476,-15
2025/05/26,浦和,1,Ｃ３七,1300,ダ,左,稍重,曇,8,5,5,スモモモモモモモモ,牝,7,51.0,425,-1,中山遥,小林真,,1,1:22.5,38.1,2-1-1-1,1,425,-1
2025/05/26,浦和,1,Ｃ３七,1300,ダ,左,稍重,曇,8,7,7,シンキングロマンス,牝,6,54.0,473,7,岡田大,川村守,,2,1:22.7,38.2,3-3-2-3,3,473,7
2025/05/26,浦和,1,Ｃ３七,1300,ダ,左,稍重,曇,8,3,3,ハロートゥーユー,牝,7,54.0,484,-7,櫻井光,高橋宏,,3,1:23.1,38.2,4-5-5-4,5,484,-7
2025/05/26,浦和,1,Ｃ３七,1300,ダ,左,稍重,曇,8,4,4,メイワシェリー,牝,7,54.0,446,-7,岡村健,平山真,,4,1:23.2,38.8,1-2-3-2,2,446,-7
2025/05/26,浦和,1,Ｃ３七,1300,ダ,左,稍重,曇,8,8,8,チェンマイルージュ,牝,9,54.0,473,2,岡村裕,村田六,,5,1:23.5,38.0,6-7-6-6,6,473,2
2025/05/26,浦和,1,Ｃ３七,1300,ダ,左,稍重,曇,8,1,1,アミン,牝,8,54.0,463,3,吉留孝,冨田敏,,6,1:23.5,38.9,5-4-4-5,4,463,3
2025/05/26,浦和,1,Ｃ３七,1300,ダ,左,稍重,曇,8,2,2,ツウツウ,セ,0,56.0,478,-3,池谷匠,林隆之,,7,1:24.4,38.8,8-6-7-8,7,478,-3
2025/05/26,浦和,1,Ｃ３七,1300,ダ,左,稍重,曇,8,6,6,シェナダイオー,牡,6,56.0,561,8,國分祐,冨田敏,,8,1:24.6,38.7,7-8-8-7,8,561,8
2025/05/26,浦和,2,ランチタイムチャレンジ３歳三,1400,ダ,左,稍重,曇,12,5,6,ノヴァヴィア,牝,3,54.0,452,8,見越彬,小久智,,1,1:27.8,38.2,2-2-2-1,3,452,8
2025/05/26,浦和,2,ランチタイムチャレンジ３歳三,1400,ダ,左,稍重,曇,12,4,4,ノッテストラータ,牝,3,54.0,453,-5,中越琉,久保勇,,2,1:27.8,38.0,4-3-3-2,4,453,-5
2025/05/26,浦和,2,ランチタイムチャレンジ３歳三,1400,ダ,左,稍重,曇,12,6,7,ヨドノエース,牡,3,56.0,494,-7,福原杏,平山真,,3,1:28.1,38.3,3-3-4-4,1,494,-7
2025/05/26,浦和,2,ランチタイムチャレンジ３歳三,1400,ダ,左,稍重,曇,12,1,1,ティナバローズ,牝,3,54.0,489,7,町田直,繁田健,,4,1:28.6,37.2,12-11-11-9,7,489,7
2025/05/26,浦和,2,ランチタイムチャレンジ３歳三,1400,ダ,左,稍重,曇,12,8,12,シナノショウグン,牡,3,55.0,439,-4,佐野遥,鹿沼和,,5,1:28.6,39.8,1-1-1-3,2,439,-4
2025/05/26,浦和,2,ランチタイムチャレンジ３歳三,1400,ダ,左,稍重,曇,12,6,8,ビナハイフォン,牝,3,54.0,492,-5,岡村健,酒井一,,6,1:29.1,37.4,11-12-12-11,11,492,-5
2025/05/26,浦和,2,ランチタイムチャレンジ３歳三,1400,ダ,左,稍重,曇,12,7,10,ワンダーリーグ,牡,3,56.0,489,1,赤津和,鈴木勝,,7,1:29.3,39.0,10-9-8-8,8,489,1
2025/05/26,浦和,2,ランチタイムチャレンジ３歳三,1400,ダ,左,稍重,曇,12,5,5,ネヴァーノウズ,牡,3,56.0,438,0,池谷匠,甲田悟,,8,1:29.3,39.1,6-6-5-5,6,438,0
2025/05/26,浦和,2,ランチタイムチャレンジ３歳三,1400,ダ,左,稍重,曇,12,7,9,シバノエスコドール,セ,0,56.0,464,-3,半澤慶,宇野博,,9,1:29.4,38.6,8-10-9-10,9,464,-3
2025/05/26,浦和,2,ランチタイムチャレンジ３歳三,1400,ダ,左,稍重,曇,12,8,11,ティーズリンク,牝,3,54.0,447,29,高橋哲,水野貴,,10,1:29.4,39.1,5-5-6-7,5,447,29
2025/05/26,浦和,2,ランチタイムチャレンジ３歳三,1400,ダ,左,稍重,曇,12,3,3,ディープオーキッド,牡,3,56.0,454,18,秋元耕,薮口一,,11,1:29.5,39.2,7-7-7-6,10,454,18
2025/05/26,浦和,2,ランチタイムチャレンジ３歳三,1400,ダ,左,稍重,曇,12,2,2,デーレーアネラ,牝,3,54.0,434,0,田中涼,鈴木義,,12,1:29.9,39.3,9-8-10-12,12,434,0
2025/05/26,浦和,3,ドリームチャレンジ２歳新馬イ,1400,ダ,左,稍重,曇,6,4,4,ブラックエックス,牡,2,54.0,0,0,張田昂,鹿沼和,,1,1:28.5,38.3,2-2-2-1,1,0,0
2025/05/26,浦和,3,ドリームチャレンジ２歳新馬イ,1400,ダ,左,稍重,曇,6,1,1,ビクトリアリリー,牝,2,54.0,0,0,笹川翼,繁田健,,2,1:29.7,38.9,5-5-4-4,2,0,0
2025/05/26,浦和,3,ドリームチャレンジ２歳新馬イ,1400,ダ,左,稍重,曇,6,6,6,アースファング,牡,2,54.0,0,0,七夕裕,箕輪武,,3,1:30.0,39.8,1-1-1-2,3,0,0
2025/05/26,浦和,3,ドリームチャレンジ２歳新馬イ,1400,ダ,左,稍重,曇,6,2,2,ヴァルヴァラ,牝,2,54.0,0,0,福原杏,平山真,,4,1:30.4,39.5,4-4-3-3,4,0,0
2025/05/26,浦和,3,ドリームチャレンジ２歳新馬イ,1400,ダ,左,稍重,曇,6,3,3,カラフルロケット,牝,2,54.0,0,0,秋元耕,藤原智,,5,1:31.5,39.2,6-6-6-6,6,0,0
2025/05/26,浦和,3,ドリームチャレンジ２歳新馬イ,1400,ダ,左,稍重,曇,6,5,5,ワローテル,牡,2,54.0,0,0,町田直,野口寛,,6,1:31.6,40.7,3-3-5-5,5,0,0
2025/05/26,浦和,4,ドリームチャレンジ２歳新馬ウ,800,ダ,左,稍重,曇,6,5,5,タフコール,牡,2,54.0,0,0,笹川翼,小久智,,1,0:47.3,35.2,1-1,1,0,0
2025/05/26,浦和,4,ドリームチャレンジ２歳新馬ウ,800,ダ,左,稍重,曇,6,3,3,ユウユウコルネット,牝,2,54.0,0,0,本橋孝,横山保,,2,0:47.5,35.0,2-2,2,0,0
2025/05/26,浦和,4,ドリームチャレンジ２歳新馬ウ,800,ダ,左,稍重,曇,6,4,4,ユウユウブロート,牝,2,54.0,0,0,七夕裕,工藤伸,,3,0:47.9,35.1,4-3,4,0,0
2025/05/26,浦和,4,ドリームチャレンジ２歳新馬ウ,800,ダ,左,稍重,曇,6,1,1,オーデンサフィー,牝,2,54.0,0,0,秋元耕,小澤宏,,4,0:49.1,36.1,3-4,5,0,0
2025/05/26,浦和,4,ドリームチャレンジ２歳新馬ウ,800,ダ,左,稍重,曇,6,6,6,スタールル,牝,2,54.0,0,0,保園翔,川村守,,5,0:50.9,37.5,5-5,6,0,0
2025/05/26,浦和,4,ドリームチャレンジ２歳新馬ウ,800,ダ,左,稍重,曇,6,2,2,ハリッサ,牝,2,54.0,0,0,福原杏,水野貴,,6,0:51.7,36.7,6-6,3,0,0
2025/05/26,浦和,5,浦和ファイブチャレンジ３歳二,1500,ダ,左,稍重,曇,8,2,2,スーパーロゴ,牡,3,56.0,468,-3,川島正,山下之,,1,1:33.8,37.4,1-1-1-1,1,468,-3
2025/05/26,浦和,5,浦和ファイブチャレンジ３歳二,1500,ダ,左,稍重,曇,8,7,7,コスモカピタン,牡,3,56.0,463,2,笹川翼,水野貴,,2,1:34.5,37.4,4-3-3-2,2,463,2
2025/05/26,浦和,5,浦和ファイブチャレンジ３歳二,1500,ダ,左,稍重,曇,8,3,3,ミスケイト,牝,3,51.0,469,2,加藤雄,山崎尋,,3,1:34.8,38.2,2-2-2-3,6,469,2
2025/05/26,浦和,5,浦和ファイブチャレンジ３歳二,1500,ダ,左,稍重,曇,8,1,1,クマノコ,牝,3,54.0,462,7,張田昂,宇野博,,4,1:35.2,37.9,7-5-4-4,4,462,7
2025/05/26,浦和,5,浦和ファイブチャレンジ３歳二,1500,ダ,左,稍重,曇,8,4,4,グァンバーレ,牝,3,54.0,423,4,池谷匠,田島寿,,5,1:36.0,38.1,8-7-7-5,8,423,4
2025/05/26,浦和,5,浦和ファイブチャレンジ３歳二,1500,ダ,左,稍重,曇,8,5,5,ウワサノデコピン,牡,3,56.0,456,6,七夕裕,工藤伸,,6,1:36.3,38.4,5-6-6-6,5,456,6
2025/05/26,浦和,5,浦和ファイブチャレンジ３歳二,1500,ダ,左,稍重,曇,8,8,8,ラグーンリバティ,牝,3,54.0,436,-1,山中悠,箕輪武,,7,1:36.8,38.5,6-8-8-7,3,436,-1
2025/05/26,浦和,5,浦和ファイブチャレンジ３歳二,1500,ダ,左,稍重,曇,8,6,6,ブレイブルイーズ,セ,0,56.0,456,-5,福原杏,鈴木義,,8,1:38.5,41.2,3-4-5-8,7,456,-5
2025/05/26,浦和,6,Ｃ２三 四,1500,ダ,左,稍重,曇,12,8,11,ダノンレーニア,牝,4,54.0,425,2,本橋孝,小久智,,1,1:35.2,38.4,3-3-3-2,3,425,2
2025/05/26,浦和,6,Ｃ２三 四,1500,ダ,左,稍重,曇,12,5,6,クーリッジテソーロ,牡,4,56.0,477,11,笹川翼,小久智,,2,1:35.3,38.9,1-1-1-1,5,477,11
2025/05/26,浦和,6,Ｃ２三 四,1500,ダ,左,稍重,曇,12,3,3,テーオーダムール,牡,4,56.0,525,13,櫻井光,川島豊,,3,1:35.5,38.0,9-7-6-4,1,525,13
2025/05/26,浦和,6,Ｃ２三 四,1500,ダ,左,稍重,曇,12,7,10,ルクスリーベン,牝,4,54.0,447,4,張田昂,平山真,,4,1:35.6,38.4,4-6-4-5,2,447,4
2025/05/26,浦和,6,Ｃ２三 四,1500,ダ,左,稍重,曇,12,2,2,モナークスラッガー,牡,5,56.0,433,-6,福原杏,田島寿,,5,1:35.7,37.2,12-12-12-7,6,433,-6
2025/05/26,浦和,6,Ｃ２三 四,1500,ダ,左,稍重,曇,12,6,8,エムリエール,牡,6,56.0,470,0,山中悠,小澤宏,,6,1:35.9,39.3,2-2-2-3,8,470,0
2025/05/26,浦和,6,Ｃ２三 四,1500,ダ,左,稍重,曇,12,7,9,パクスジャポニカ,牡,7,56.0,504,2,半澤慶,入口由,,7,1:36.2,39.2,7-5-5-6,11,504,2
2025/05/26,浦和,6,Ｃ２三 四,1500,ダ,左,稍重,曇,12,4,4,チェスナットドレス,牝,8,52.0,464,-2,中島良,冨田敏,,8,1:36.3,38.6,11-10-10-8,12,464,-2
2025/05/26,浦和,6,Ｃ２三 四,1500,ダ,左,稍重,曇,12,6,7,ニューレトロ,牡,6,53.0,462,-1,中山遥,水上直,,9,1:36.4,38.7,8-9-11-10,9,462,-1
2025/05/26,浦和,6,Ｃ２三 四,1500,ダ,左,稍重,曇,12,8,12,ファンタフェスタ,牝,4,54.0,451,2,岡村健,平山真,,10,1:36.7,39.2,10-11-7-9,4,451,2
2025/05/26,浦和,6,Ｃ２三 四,1500,ダ,左,稍重,曇,12,1,1,リュウノファントム,牡,5,56.0,468,17,達城龍,野口孝,,11,1:37.3,39.8,6-4-9-12,7,468,17
2025/05/26,浦和,6,Ｃ２三 四,1500,ダ,左,稍重,曇,12,5,5,キョウエイオリオン,牡,4,56.0,483,4,秋元耕,小澤宏,,12,1:38.3,40.8,5-8-8-11,10,483,4
2025/05/26,浦和,7,Ｃ２三 四,1400,ダ,左,稍重,曇,12,5,6,チカチャン,牝,4,54.0,422,1,岡村健,平山真,,1,1:28.0,37.2,3-3-1-1,3,422,1
2025/05/26,浦和,7,Ｃ２三 四,1400,ダ,左,稍重,曇,12,7,9,ジンフィンドール,牝,5,54.0,453,0,篠谷葵,林正人,,2,1:28.5,37.2,7-5-6-4,4,453,0
2025/05/26,浦和,7,Ｃ２三 四,1400,ダ,左,稍重,曇,12,1,1,グレートスピリット,牡,4,56.0,516,4,クアト,野口寛,,3,1:28.7,37.5,2-6-5-2,1,516,4
2025/05/26,浦和,7,Ｃ２三 四,1400,ダ,左,稍重,曇,12,4,4,エコロジョイアー,牡,5,56.0,501,5,笹川翼,小久智,,4,1:28.8,37.1,8-9-8-6,2,501,5
2025/05/26,浦和,7,Ｃ２三 四,1400,ダ,左,稍重,曇,12,3,3,ヨルデモアーサー,牡,5,56.0,491,-13,木間龍,矢野義,,5,1:29.2,38.0,6-7-7-8,8,491,-13
2025/05/26,浦和,7,Ｃ２三 四,1400,ダ,左,稍重,曇,12,8,12,コルレオーネ,牡,5,55.0,493,2,佐野遥,吉橋淳,,6,1:29.4,38.5,10-4-2-3,6,493,2
2025/05/26,浦和,7,Ｃ２三 四,1400,ダ,左,稍重,曇,12,7,10,シャイニーアイドル,牝,4,51.0,477,-1,中山遥,藤原智,,7,1:29.4,38.6,1-1-3-5,7,477,-1
2025/05/26,浦和,7,Ｃ２三 四,1400,ダ,左,稍重,曇,12,6,8,バウンドトゥウィン,牝,4,54.0,422,4,保園翔,野口寛,,8,1:29.6,38.7,5-2-4-7,11,422,4
2025/05/26,浦和,7,Ｃ２三 四,1400,ダ,左,稍重,曇,12,5,5,フェアメーゲン,牝,7,54.0,445,7,山中悠,工藤伸,,9,1:29.9,38.2,9-8-9-9,5,445,7
2025/05/26,浦和,7,Ｃ２三 四,1400,ダ,左,稍重,曇,12,6,7,ランウェイクイーン,牝,4,54.0,460,4,七夕裕,小澤宏,,10,1:30.6,38.7,11-10-10-10,9,460,4
2025/05/26,浦和,7,Ｃ２三 四,1400,ダ,左,稍重,曇,12,8,11,ニシノアクシス,牡,8,56.0,496,-1,岡田大,冨田敏,,11,1:30.8,38.6,12-11-11-11,12,496,-1
2025/05/26,浦和,7,Ｃ２三 四,1400,ダ,左,稍重,曇,12,2,2,ハーピークオーレ,牝,4,54.0,462,11,秋元耕,薮口一,,12,1:32.0,39.8,4-12-12-12,10,462,11
2025/05/26,浦和,8,浦和８００ラウンドＣ１選抜馬イ,800,ダ,左,稍重,曇,10,7,8,トッキーホレット,牝,4,51.0,466,4,中山遥,小林真,,1,0:46.5,34.6,2-1,1,466,4
2025/05/26,浦和,8,浦和８００ラウンドＣ１選抜馬イ,800,ダ,左,稍重,曇,10,5,5,ミスサン,牝,4,54.0,451,-3,町田直,佐藤博,,2,0:46.9,35.0,1-2,2,451,-3
2025/05/26,浦和,8,浦和８００ラウンドＣ１選抜馬イ,800,ダ,左,稍重,曇,10,2,2,サンファウンテン,牡,4,53.0,487,-2,加藤雄,長谷忍,,3,0:47.2,35.0,5-4,7,487,-2
2025/05/26,浦和,8,浦和８００ラウンドＣ１選抜馬イ,800,ダ,左,稍重,曇,10,6,6,アイアムカチマショ,牝,5,54.0,473,0,見越彬,川島豊,,4,0:47.5,35.6,3-3,4,473,0
2025/05/26,浦和,8,浦和８００ラウンドＣ１選抜馬イ,800,ダ,左,稍重,曇,10,1,1,シェナブライト,牡,7,56.0,523,3,秋元耕,吉田正,,5,0:47.7,34.9,7-6,8,523,3
2025/05/26,浦和,8,浦和８００ラウンドＣ１選抜馬イ,800,ダ,左,稍重,曇,10,8,9,カツノオーカン,牝,4,54.0,431,-3,増田充,加藤誠,,6,0:48.0,35.9,4-5,6,431,-3
2025/05/26,浦和,8,浦和８００ラウンドＣ１選抜馬イ,800,ダ,左,稍重,曇,10,8,10,ゲストプリンシパル,牡,7,56.0,510,3,クアト,内田勝,,7,0:48.1,35.5,6-7,5,510,3
2025/05/26,浦和,8,浦和８００ラウンドＣ１選抜馬イ,800,ダ,左,稍重,曇,10,4,4,ファセリア,牡,4,56.0,491,14,七夕裕,横山保,,8,0:48.2,34.9,8-8,3,491,14
2025/05/26,浦和,8,浦和８００ラウンドＣ１選抜馬イ,800,ダ,左,稍重,曇,10,7,7,スーパーローズ,牝,8,54.0,488,-3,吉留孝,野口孝,,9,0:48.7,35.4,9-9,9,488,-3
2025/05/26,浦和,8,浦和８００ラウンドＣ１選抜馬イ,800,ダ,左,稍重,曇,10,3,3,アミーコアイドル,牝,4,53.0,0,0,佐野遥,鈴木義,,,,,,,0,0
2025/05/26,浦和,9,サツキツツジ特別Ｃ３一,1500,ダ,左,稍重,曇,12,8,12,パレルモフレイバー,牝,6,54.0,449,0,町田直,繁田健,,1,1:35.9,39.1,2-2-3-1,1,449,0
2025/05/26,浦和,9,サツキツツジ特別Ｃ３一,1500,ダ,左,稍重,曇,12,5,5,ラーズグリーズ,セ,0,56.0,471,-1,達城龍,工藤伸,,2,1:36.7,38.7,9-9-6-6,5,471,-1
2025/05/26,浦和,9,サツキツツジ特別Ｃ３一,1500,ダ,左,稍重,曇,12,2,2,グレースミューズ,牝,6,54.0,457,-1,秋元耕,薮口一,,3,1:36.9,39.3,6-5-5-4,10,457,-1
2025/05/26,浦和,9,サツキツツジ特別Ｃ３一,1500,ダ,左,稍重,曇,12,6,8,イサチルイトムスビ,牝,4,54.0,485,6,山中悠,宇野博,,4,1:36.9,40.1,1-1-4-2,2,485,6
2025/05/26,浦和,9,サツキツツジ特別Ｃ３一,1500,ダ,左,稍重,曇,12,7,9,アルマス,牡,8,56.0,407,0,伊藤裕,古澤悟,,5,1:37.0,38.3,12-12-11-10,11,407,0
2025/05/26,浦和,9,サツキツツジ特別Ｃ３一,1500,ダ,左,稍重,曇,12,6,7,ワールドバトル,セ,0,56.0,479,10,篠谷葵,海馬司,,6,1:37.2,39.9,10-8-1-3,7,479,10
2025/05/26,浦和,9,サツキツツジ特別Ｃ３一,1500,ダ,左,稍重,曇,12,1,1,エーアイキリシマ,牡,4,56.0,454,4,保園翔,川村守,,7,1:37.2,38.8,11-11-9-7,8,454,4
2025/05/26,浦和,9,サツキツツジ特別Ｃ３一,1500,ダ,左,稍重,曇,12,3,3,ミシェルエルクール,牝,4,52.0,498,6,中島良,川島豊,,8,1:37.6,39.7,5-6-7-8,12,498,6
2025/05/26,浦和,9,サツキツツジ特別Ｃ３一,1500,ダ,左,稍重,曇,12,5,6,イチゴホイップ,牝,5,51.0,491,-4,中山遥,海馬司,,9,1:37.8,40.0,3-4-8-9,6,491,-4
2025/05/26,浦和,9,サツキツツジ特別Ｃ３一,1500,ダ,左,稍重,曇,12,4,4,アモフリューゲル,牝,5,54.0,460,5,見越彬,水上直,,10,1:38.0,40.9,4-3-2-5,3,460,5
2025/05/26,浦和,9,サツキツツジ特別Ｃ３一,1500,ダ,左,稍重,曇,12,8,11,アンジェラカフェ,牝,6,54.0,478,1,今野忠,山田正,,11,1:38.4,40.1,8-7-10-11,9,478,1
2025/05/26,浦和,9,サツキツツジ特別Ｃ３一,1500,ダ,左,稍重,曇,12,7,10,ドーバーファルコン,セ,0,56.0,475,10,櫻井光,海馬司,,12,1:38.8,39.9,7-10-12-12,4,475,10
2025/05/26,浦和,10,薫風特別Ｂ３四,1400,ダ,左,稍重,曇,12,7,10,スペンサーバローズ,牡,5,56.0,489,-5,笹川翼,繁田健,,1,1:26.3,36.6,8-8-7-3,2,489,-5
2025/05/26,浦和,10,薫風特別Ｂ３四,1400,ダ,左,稍重,曇,12,8,12,ライヴマスタード,牡,5,56.0,544,-3,七夕裕,工藤伸,,2,1:27.1,37.8,4-5-4-1,1,544,-3
2025/05/26,浦和,10,薫風特別Ｂ３四,1400,ダ,左,稍重,曇,12,5,6,ショウナンナツゾラ,牝,4,54.0,434,-2,達城龍,水上直,,3,1:27.5,38.5,3-3-3-2,9,434,-2
2025/05/26,浦和,10,薫風特別Ｂ３四,1400,ダ,左,稍重,曇,12,8,11,スキーサンダー,牝,4,54.0,489,-1,張田昂,張田京,,4,1:27.6,38.2,6-7-5-6,4,489,-1
2025/05/26,浦和,10,薫風特別Ｂ３四,1400,ダ,左,稍重,曇,12,2,2,ストイックノア,牡,4,56.0,491,6,御神訓,小久智,,5,1:27.7,37.7,9-10-10-7,3,491,6
2025/05/26,浦和,10,薫風特別Ｂ３四,1400,ダ,左,稍重,曇,12,3,3,リリーバローズ,牝,5,54.0,464,3,池谷匠,村田順,,6,1:28.0,38.3,10-9-8-8,10,464,3
2025/05/26,浦和,10,薫風特別Ｂ３四,1400,ダ,左,稍重,曇,12,7,9,アニモ,牝,4,54.0,419,-3,見越彬,川島豊,,7,1:28.3,37.6,12-12-11-11,12,419,-3
2025/05/26,浦和,10,薫風特別Ｂ３四,1400,ダ,左,稍重,曇,12,5,5,シェリーアモール,牝,9,53.0,424,-3,鷹見陸,佐々仁,,8,1:28.6,38.0,11-11-11-12,11,424,-3
2025/05/26,浦和,10,薫風特別Ｂ３四,1400,ダ,左,稍重,曇,12,4,4,ハブル,牡,5,56.0,510,13,山中悠,小久智,,9,1:28.6,39.8,2-2-2-4,5,510,13
2025/05/26,浦和,10,薫風特別Ｂ３四,1400,ダ,左,稍重,曇,12,6,7,ステラシティ,牝,4,51.0,469,-10,中山遥,吉田正,,10,1:28.6,39.1,7-6-9-10,7,469,-10
2025/05/26,浦和,10,薫風特別Ｂ３四,1400,ダ,左,稍重,曇,12,6,8,ミキノバスドラム,牡,7,56.0,522,-1,吉留孝,平山真,,11,1:29.0,40.4,1-1-1-5,6,522,-1
2025/05/26,浦和,10,薫風特別Ｂ３四,1400,ダ,左,稍重,曇,12,1,1,ライヴガーネット,牝,6,54.0,474,0,木間龍,工藤伸,,12,1:29.6,40.3,5-4-6-9,8,474,0
2025/05/26,浦和,11,田草月特別Ｂ２Ｂ３選抜馬,800,ダ,左,稍重,曇,10,8,10,エイシンエメラルド,牝,5,50.0,421,-1,加藤雄,工藤伸,,1,0:46.0,34.2,1-1,2,421,-1
2025/05/26,浦和,11,田草月特別Ｂ２Ｂ３選抜馬,800,ダ,左,稍重,曇,10,4,4,ライヴトパーズ,牝,6,55.0,431,-5,今野忠,山崎尋,,2,0:46.3,33.7,5-3,8,431,-5
2025/05/26,浦和,11,田草月特別Ｂ２Ｂ３選抜馬,800,ダ,左,稍重,曇,10,2,2,ドレスドトゥーキル,牡,6,57.0,514,-6,笹川翼,内田勝,,3,0:46.6,34.5,2-2,1,514,-6
2025/05/26,浦和,11,田草月特別Ｂ２Ｂ３選抜馬,800,ダ,左,稍重,曇,10,8,9,ノースプリマ,牝,5,54.0,455,-2,佐野遥,水野貴,,4,0:46.7,34.4,4-5,3,455,-2
2025/05/26,浦和,11,田草月特別Ｂ２Ｂ３選抜馬,800,ダ,左,稍重,曇,10,7,7,ハクアイゴジロー,牡,7,55.0,542,-2,川島正,石井勝,,5,0:46.8,34.5,3-4,7,542,-2
2025/05/26,浦和,11,田草月特別Ｂ２Ｂ３選抜馬,800,ダ,左,稍重,曇,10,5,5,エターナルセイバー,牝,4,53.0,463,-2,中越琉,八木仁,,6,0:46.8,33.6,8-6,9,463,-2
2025/05/26,浦和,11,田草月特別Ｂ２Ｂ３選抜馬,800,ダ,左,稍重,曇,10,3,3,サツキスカイ,牝,6,50.0,476,-2,山本大,山崎裕,,7,0:47.2,33.9,9-7,4,476,-2
2025/05/26,浦和,11,田草月特別Ｂ２Ｂ３選抜馬,800,ダ,左,稍重,曇,10,1,1,ポアゾンボス,牡,4,55.0,488,-2,福原杏,繁田健,,8,0:48.0,34.5,10-10,6,488,-2
2025/05/26,浦和,11,田草月特別Ｂ２Ｂ３選抜馬,800,ダ,左,稍重,曇,10,6,6,サノノレインボー,牝,4,53.0,461,-3,達城龍,川島豊,,9,0:48.3,35.5,6-8,5,461,-3
2025/05/26,浦和,11,田草月特別Ｂ２Ｂ３選抜馬,800,ダ,左,稍重,曇,10,7,8,セイウンダマシイ,牡,5,57.0,483,4,國分祐,冨田敏,,10,0:48.4,35.3,7-9,10,483,4
2025/05/26,浦和,12,エメラルド特別Ｃ１選抜馬イ,2000,ダ,左,稍重,曇,12,6,8,ダートレイジング,牡,5,56.0,499,-3,クアト,加藤誠,,1,2:09.6,38.5,5-7-4-3,2,499,-3
2025/05/26,浦和,12,エメラルド特別Ｃ１選抜馬イ,2000,ダ,左,稍重,曇,12,1,1,ランディー,牡,5,56.0,467,0,笹川翼,小久智,,2,2:09.7,38.7,3-3-2-1,1,467,0
2025/05/26,浦和,12,エメラルド特別Ｃ１選抜馬イ,2000,ダ,左,稍重,曇,12,3,3,シエルラビクトア,牝,5,54.0,494,-2,藤江渉,山田質,,3,2:10.1,39.0,7-5-3-4,6,494,-2
2025/05/26,浦和,12,エメラルド特別Ｃ１選抜馬イ,2000,ダ,左,稍重,曇,12,7,9,ツガノショウグン,牡,4,56.0,497,4,加藤和,長谷忍,,4,2:10.1,39.4,1-1-1-2,4,497,4
2025/05/26,浦和,12,エメラルド特別Ｃ１選抜馬イ,2000,ダ,左,稍重,曇,12,6,7,ソルテア,牡,5,56.0,474,7,福原杏,水野貴,,5,2:10.7,39.5,6-6-7-5,3,474,7
2025/05/26,浦和,12,エメラルド特別Ｃ１選抜馬イ,2000,ダ,左,稍重,曇,12,4,4,ジオパークマグマ,牡,7,56.0,488,14,秋元耕,川島豊,,6,2:10.7,39.0,9-9-9-7,8,488,14
2025/05/26,浦和,12,エメラルド特別Ｃ１選抜馬イ,2000,ダ,左,稍重,曇,12,8,12,ドゥマンフルー,牝,4,54.0,427,5,山中悠,水野貴,,7,2:11.3,39.8,8-8-7-6,5,427,5
2025/05/26,浦和,12,エメラルド特別Ｃ１選抜馬イ,2000,ダ,左,稍重,曇,12,5,5,オランジー,牝,5,54.0,453,0,吉留孝,薮口一,,8,2:11.7,39.9,10-10-10-8,7,453,0
2025/05/26,浦和,12,エメラルド特別Ｃ１選抜馬イ,2000,ダ,左,稍重,曇,12,8,11,ココリアイランド,牡,5,56.0,452,3,町田直,工藤伸,,9,2:11.7,40.6,4-4-5-9,9,452,3
2025/05/26,浦和,12,エメラルド特別Ｃ１選抜馬イ,2000,ダ,左,稍重,曇,12,7,10,ヒシルリアン,牡,5,56.0,504,1,岡田大,箕輪武,,10,2:12.1,39.9,11-11-11-10,11,504,1
2025/05/26,浦和,12,エメラルド特別Ｃ１選抜馬イ,2000,ダ,左,稍重,曇,12,2,2,コスモビートイット,牡,8,56.0,501,1,半澤慶,川島豊,,11,2:12.7,40.4,12-12-12-11,12,501,1
2025/05/26,浦和,12,エメラルド特別Ｃ１選抜馬イ,2000,ダ,左,稍重,曇,12,5,6,メイショウフウカ,牝,7,54.0,494,-4,赤津和,宇野博,,12,2:14.4,43.3,2-2-6-12,10,494,-4
2025/05/27,浦和,1,浦和８００ラウンドＣ３選抜馬イ,800,ダ,左,稍重,曇,12,5,6,スーパーサイクル,牡,6,56.0,476,-5,山中悠,繁田健,,1,0:46.8,34.7,1-1,1,476,-5
2025/05/27,浦和,1,浦和８００ラウンドＣ３選抜馬イ,800,ダ,左,稍重,曇,12,7,9,カラウヌ,牝,6,54.0,464,-6,中越琉,佐藤博,,2,0:47.2,34.8,2-2,2,464,-6
2025/05/27,浦和,1,浦和８００ラウンドＣ３選抜馬イ,800,ダ,左,稍重,曇,12,7,10,メジャーエール,牝,5,54.0,447,-2,西啓太,長谷忍,,3,0:48.3,35.3,6-6,4,447,-2
2025/05/27,浦和,1,浦和８００ラウンドＣ３選抜馬イ,800,ダ,左,稍重,曇,12,2,2,ブライトソール,牡,6,56.0,444,4,吉留孝,薮口一,,4,0:48.4,35.6,5-5,8,444,4
2025/05/27,浦和,1,浦和８００ラウンドＣ３選抜馬イ,800,ダ,左,稍重,曇,12,8,11,カナデル,牝,5,54.0,503,9,七夕裕,酒井一,,5,0:48.5,35.8,4-4,7,503,9
2025/05/27,浦和,1,浦和８００ラウンドＣ３選抜馬イ,800,ダ,左,稍重,曇,12,4,4,マザーフェイヴァー,牝,7,54.0,475,3,野畑凌,工藤伸,,6,0:48.7,35.2,9-7,3,475,3
2025/05/27,浦和,1,浦和８００ラウンドＣ３選抜馬イ,800,ダ,左,稍重,曇,12,3,3,アカルイスモウブ,牝,6,54.0,423,6,岡田大,冨田敏,,7,0:49.1,36.8,3-3,5,423,6
2025/05/27,浦和,1,浦和８００ラウンドＣ３選抜馬イ,800,ダ,左,稍重,曇,12,8,12,ゴールドボード,牝,6,54.0,528,3,秋元耕,箕輪武,,8,0:49.3,35.8,10-10,10,528,3
2025/05/27,浦和,1,浦和８００ラウンドＣ３選抜馬イ,800,ダ,左,稍重,曇,12,5,5,モズマスターピース,牡,5,56.0,494,-21,高橋哲,入口由,,9,0:49.3,35.8,8-9,6,494,-21
2025/05/27,浦和,1,浦和８００ラウンドＣ３選抜馬イ,800,ダ,左,稍重,曇,12,6,8,スマートドラフト,牝,6,54.0,437,-3,赤津和,鈴木勝,,10,0:49.5,36.3,7-8,11,437,-3
2025/05/27,浦和,1,浦和８００ラウンドＣ３選抜馬イ,800,ダ,左,稍重,曇,12,6,7,マルノコウキ,牡,6,56.0,513,-1,半澤慶,川村守,,,,,11-11,9,513,-1
2025/05/27,浦和,1,浦和８００ラウンドＣ３選抜馬イ,800,ダ,左,稍重,曇,12,1,1,フリブール,牝,7,54.0,457,-1,福原杏,水上直,,,,,,,457,-1
2025/05/27,浦和,2,浦和８００ラウンドＣ２Ｃ３選抜馬ウ選抜馬,800,ダ,左,稍重,曇,11,6,7,ナキムシヒカル,牝,5,55.0,518,-3,櫻井光,田邊陽,,1,0:47.1,35.1,1-1,3,518,-3
2025/05/27,浦和,2,浦和８００ラウンドＣ２Ｃ３選抜馬ウ選抜馬,800,ダ,左,稍重,曇,11,8,11,メーネフロタント,牝,5,50.0,484,5,中山遥,小林真,,2,0:47.4,35.3,2-2,1,484,5
2025/05/27,浦和,2,浦和８００ラウンドＣ２Ｃ３選抜馬ウ選抜馬,800,ダ,左,稍重,曇,11,6,6,カリスイモン,牝,4,53.0,434,13,笹川翼,水上直,,3,0:47.8,35.7,3-4,2,434,13
2025/05/27,浦和,2,浦和８００ラウンドＣ２Ｃ３選抜馬ウ選抜馬,800,ダ,左,稍重,曇,11,7,9,プレパレンセ,牝,8,55.0,462,-6,野畑凌,工藤伸,,4,0:47.8,35.6,5-3,6,462,-6
2025/05/27,浦和,2,浦和８００ラウンドＣ２Ｃ３選抜馬ウ選抜馬,800,ダ,左,稍重,曇,11,4,4,リュウノアーダーン,牝,7,53.0,432,-8,篠谷葵,川村守,,5,0:47.8,35.4,6-5,7,432,-8
2025/05/27,浦和,2,浦和８００ラウンドＣ２Ｃ３選抜馬ウ選抜馬,800,ダ,左,稍重,曇,11,5,5,リチェルカータ,牝,8,53.0,463,3,福原杏,小澤宏,,6,0:48.0,35.0,8-7,8,463,3
2025/05/27,浦和,2,浦和８００ラウンドＣ２Ｃ３選抜馬ウ選抜馬,800,ダ,左,稍重,曇,11,8,10,オンネア,牝,4,53.0,473,1,室陽一,入口由,,7,0:48.0,35.9,4-6,5,473,1
2025/05/27,浦和,2,浦和８００ラウンドＣ２Ｃ３選抜馬ウ選抜馬,800,ダ,左,稍重,曇,11,2,2,スイートウィル,牝,4,55.0,431,11,加藤和,川島豊,,8,0:48.1,35.2,9-8,4,431,11
2025/05/27,浦和,2,浦和８００ラウンドＣ２Ｃ３選抜馬ウ選抜馬,800,ダ,左,稍重,曇,11,3,3,チェンテナリオ,牝,5,55.0,448,6,藤本現,酒井一,,9,0:48.6,35.3,10-10,10,448,6
2025/05/27,浦和,2,浦和８００ラウンドＣ２Ｃ３選抜馬ウ選抜馬,800,ダ,左,稍重,曇,11,1,1,フリュート,セ,0,55.0,514,1,高橋哲,水野貴,,10,0:48.7,35.4,11-11,9,514,1
2025/05/27,浦和,2,浦和８００ラウンドＣ２Ｃ３選抜馬ウ選抜馬,800,ダ,左,稍重,曇,11,7,8,プリンセスパリー,牝,4,53.0,429,-5,岡田大,鈴木勝,,11,0:48.9,36.4,7-9,11,429,-5
2025/05/27,浦和,3,３歳四,1400,ダ,左,稍重,曇,12,8,11,イロドリノカオリ,牡,3,56.0,478,-5,山中悠,宇野博,,1,1:29.0,39.4,3-3-3-2,3,478,-5
2025/05/27,浦和,3,３歳四,1400,ダ,左,稍重,曇,12,4,4,アヤサンドリーム,牡,3,56.0,475,-4,西啓太,山崎裕,,2,1:29.0,38.9,8-8-7-5,6,475,-4
2025/05/27,浦和,3,３歳四,1400,ダ,左,稍重,曇,12,2,2,ゴールドグラント,牝,3,54.0,456,-6,笠野雄,岩崎真,,3,1:29.2,38.9,10-9-9-8,8,456,-6
2025/05/27,浦和,3,３歳四,1400,ダ,左,稍重,曇,12,7,10,シナモンポップ,牝,3,54.0,469,3,秋元耕,海馬司,,4,1:29.5,40.1,1-1-1-1,7,469,3
2025/05/27,浦和,3,３歳四,1400,ダ,左,稍重,曇,12,6,8,コンサントレ,牝,3,54.0,462,-6,笹川翼,繁田健,,5,1:29.5,39.8,4-4-4-4,2,462,-6
2025/05/27,浦和,3,３歳四,1400,ダ,左,稍重,曇,12,7,9,ウォーアンセム,牡,3,56.0,470,5,岡村健,齊藤敏,,6,1:29.5,39.7,5-6-5-7,5,470,5
2025/05/27,浦和,3,３歳四,1400,ダ,左,稍重,曇,12,3,3,マッドルビー,牝,3,54.0,399,0,田中涼,山田質,,7,1:29.5,38.4,11-11-11-9,12,399,0
2025/05/27,浦和,3,３歳四,1400,ダ,左,稍重,曇,12,1,1,ラブマニック,牝,3,51.0,403,1,神尾香,佐々仁,,8,1:29.9,40.5,2-2-2-3,4,403,1
2025/05/27,浦和,3,３歳四,1400,ダ,左,稍重,曇,12,5,5,アジアパテック,牡,3,55.0,501,4,佐野遥,岩本洋,,9,1:30.1,40.2,6-5-6-6,9,501,4
2025/05/27,浦和,3,３歳四,1400,ダ,左,稍重,曇,12,6,7,コンポスト,牝,3,51.0,448,-4,加藤雄,河津裕,,10,1:30.3,39.9,9-10-10-12,10,448,-4
2025/05/27,浦和,3,３歳四,1400,ダ,左,稍重,曇,12,8,12,キングマイネオ,牡,3,56.0,448,0,野畑凌,甲田悟,,11,1:30.4,40.5,7-7-8-10,1,448,0
2025/05/27,浦和,3,３歳四,1400,ダ,左,稍重,曇,12,5,6,グリングリングラス,牡,3,56.0,492,-2,伊藤裕,平田正,,12,1:30.6,39.6,12-12-12-11,11,492,-2
2025/05/27,浦和,4,ドリームチャレンジ２歳新馬ア,800,ダ,左,稍重,曇,6,6,6,ユウユウシロパン,牝,2,54.0,0,0,七夕裕,工藤伸,,1,0:47.4,35.0,2-2,3,0,0
2025/05/27,浦和,4,ドリームチャレンジ２歳新馬ア,800,ダ,左,稍重,曇,6,3,3,マイアミマツリ,牡,2,54.0,0,0,笹川翼,野口孝,,2,0:47.5,35.4,1-1,2,0,0
2025/05/27,浦和,4,ドリームチャレンジ２歳新馬ア,800,ダ,左,稍重,曇,6,4,4,アンジュルナ,牝,2,54.0,0,0,野畑凌,小久智,,3,0:48.0,35.3,4-3,1,0,0
2025/05/27,浦和,4,ドリームチャレンジ２歳新馬ア,800,ダ,左,稍重,曇,6,1,1,バルカロール,牝,2,54.0,0,0,秋元耕,藤原智,,4,0:49.0,36.3,3-4,4,0,0
2025/05/27,浦和,4,ドリームチャレンジ２歳新馬ア,800,ダ,左,稍重,曇,6,2,2,サモアノカイジン,牡,2,54.0,0,0,半澤慶,平山真,,5,0:49.5,36.8,5-5,5,0,0
2025/05/27,浦和,4,ドリームチャレンジ２歳新馬ア,800,ダ,左,稍重,曇,6,5,5,シュウスイマカロン,牝,2,54.0,0,0,福原杏,入口由,,6,0:50.1,36.6,6-6,6,0,0
2025/05/27,浦和,5,浦和ファイブチャレンジＣ２五 六,1400,ダ,左,稍重,曇,11,4,4,スターハッスル,牡,5,56.0,497,6,半澤慶,小澤宏,,1,1:29.3,39.4,5-4-4-2,6,497,6
2025/05/27,浦和,5,浦和ファイブチャレンジＣ２五 六,1400,ダ,左,稍重,曇,11,8,11,アルセリア,牝,5,54.0,439,1,山口達,林正人,,2,1:29.9,40.3,4-5-1-1,5,439,1
2025/05/27,浦和,5,浦和ファイブチャレンジＣ２五 六,1400,ダ,左,稍重,曇,11,2,2,リュウノリエゾン,牝,4,54.0,412,1,見越彬,鹿沼和,,3,1:30.3,38.8,9-9-9-4,9,412,1
2025/05/27,浦和,5,浦和ファイブチャレンジＣ２五 六,1400,ダ,左,稍重,曇,11,3,3,シーギリア,牝,5,54.0,477,-3,保園翔,野口寛,,4,1:30.4,40.2,8-6-6-6,2,477,-3
2025/05/27,浦和,5,浦和ファイブチャレンジＣ２五 六,1400,ダ,左,稍重,曇,11,7,8,エアシャロウ,セ,0,56.0,526,1,室陽一,箕輪武,,5,1:30.5,40.9,3-3-2-3,3,526,1
2025/05/27,浦和,5,浦和ファイブチャレンジＣ２五 六,1400,ダ,左,稍重,曇,11,5,5,ファイアスター,牡,4,56.0,475,1,岡村健,工藤伸,,6,1:31.0,41.4,1-1-3-5,4,475,1
2025/05/27,浦和,5,浦和ファイブチャレンジＣ２五 六,1400,ダ,左,稍重,曇,11,7,9,コングラツィア,牝,9,54.0,445,-1,櫻井光,田邊陽,,7,1:31.2,40.9,6-7-7-7,8,445,-1
2025/05/27,浦和,5,浦和ファイブチャレンジＣ２五 六,1400,ダ,左,稍重,曇,11,6,7,クインズミラ,牝,4,54.0,458,10,赤津和,長谷忍,,8,1:31.8,41.1,7-8-8-8,10,458,10
2025/05/27,浦和,5,浦和ファイブチャレンジＣ２五 六,1400,ダ,左,稍重,曇,11,8,10,サンドバンブー,牝,4,54.0,516,4,山中悠,川村守,,9,1:31.8,38.5,10-10-10-10,7,516,4
2025/05/27,浦和,5,浦和ファイブチャレンジＣ２五 六,1400,ダ,左,稍重,曇,11,6,6,メグ,牝,5,54.0,476,-2,西啓太,鹿沼和,,10,1:32.9,43.3,2-2-5-9,1,476,-2
2025/05/27,浦和,5,浦和ファイブチャレンジＣ２五 六,1400,ダ,左,稍重,曇,11,1,1,アンファンドディユ,牡,8,56.0,469,-1,笠野雄,海馬司,,,,,,,469,-1
2025/05/27,浦和,6,Ｃ２五 六,1400,ダ,左,稍重,曇,11,5,5,ツェルニー,牝,4,54.0,458,9,秋元耕,鹿沼和,,1,1:27.8,37.7,4-5-4-2,3,458,9
2025/05/27,浦和,6,Ｃ２五 六,1400,ダ,左,稍重,曇,11,1,1,ホウオウヴィーナス,牝,5,54.0,519,3,川島正,岩崎真,,2,1:27.9,38.4,1-1-1-1,1,519,3
2025/05/27,浦和,6,Ｃ２五 六,1400,ダ,左,稍重,曇,11,3,3,タイセイスパート,牡,5,53.0,512,-3,加藤雄,内田勝,,3,1:28.6,37.3,10-10-10-7,8,512,-3
2025/05/27,浦和,6,Ｃ２五 六,1400,ダ,左,稍重,曇,11,2,2,エソラ,牡,5,56.0,504,-5,岡村健,平山真,,4,1:29.1,39.3,2-2-3-4,7,504,-5
2025/05/27,浦和,6,Ｃ２五 六,1400,ダ,左,稍重,曇,11,6,6,ティンドラ,牝,5,54.0,430,-6,櫻井光,山崎尋,,5,1:29.3,39.3,7-4-5-3,11,430,-6
2025/05/27,浦和,6,Ｃ２五 六,1400,ダ,左,稍重,曇,11,6,7,ラニーズグレイス,牝,5,54.0,477,2,町田直,工藤伸,,6,1:29.4,38.5,8-8-9-9,4,477,2
2025/05/27,浦和,6,Ｃ２五 六,1400,ダ,左,稍重,曇,11,8,10,ハーモニーヤマト,牡,8,56.0,457,0,本田重,新井清,,7,1:29.6,39.0,5-7-6-5,2,457,0
2025/05/27,浦和,6,Ｃ２五 六,1400,ダ,左,稍重,曇,11,7,9,ホシプリンセス,牝,7,54.0,509,4,藤本現,酒井一,,8,1:30.0,39.4,6-6-7-6,10,509,4
2025/05/27,浦和,6,Ｃ２五 六,1400,ダ,左,稍重,曇,11,8,11,ニシノミモザ,牝,4,54.0,448,4,岡田大,吉田正,,9,1:30.1,38.4,11-11-11-10,9,448,4
2025/05/27,浦和,6,Ｃ２五 六,1400,ダ,左,稍重,曇,11,4,4,キョウエイシャイン,牝,6,54.0,468,16,丹内祐,小澤宏,,10,1:30.9,41.1,3-3-2-8,6,468,16
2025/05/27,浦和,6,Ｃ２五 六,1400,ダ,左,稍重,曇,11,7,8,トーセンスタイル,牡,5,56.0,487,6,野畑凌,小久智,,11,1:31.5,40.9,9-9-8-11,5,487,6
2025/05/27,浦和,7,うどんとこいのぼりのまち加須賞Ｃ１三,1500,ダ,左,稍重,曇,12,2,2,ポップコーン,牡,4,56.0,463,-2,笠野雄,平山真,,1,1:34.3,37.7,1-1-1-1,6,463,-2
2025/05/27,浦和,7,うどんとこいのぼりのまち加須賞Ｃ１三,1500,ダ,左,稍重,曇,12,6,8,スマイルスライヴ,セ,0,56.0,474,1,笹川翼,宇野博,,2,1:35.3,38.4,3-2-2-2,1,474,1
2025/05/27,浦和,7,うどんとこいのぼりのまち加須賞Ｃ１三,1500,ダ,左,稍重,曇,12,8,11,ブラーノマーノ,牡,5,56.0,480,-6,岡村健,山本学,,3,1:35.4,37.5,12-12-10-4,10,480,-6
2025/05/27,浦和,7,うどんとこいのぼりのまち加須賞Ｃ１三,1500,ダ,左,稍重,曇,12,6,7,ニシノウール,牡,5,56.0,481,8,岡田大,冨田敏,,4,1:36.0,37.7,10-11-11-8,9,481,8
2025/05/27,浦和,7,うどんとこいのぼりのまち加須賞Ｃ１三,1500,ダ,左,稍重,曇,12,7,9,ティーケーメイト,牝,7,51.0,447,-4,中山遥,八木仁,,5,1:36.2,39.0,5-5-4-5,11,447,-4
2025/05/27,浦和,7,うどんとこいのぼりのまち加須賞Ｃ１三,1500,ダ,左,稍重,曇,12,5,5,クリノフラッグ,牝,6,54.0,472,-18,町田直,甲田悟,,6,1:36.2,38.6,11-10-8-9,7,472,-18
2025/05/27,浦和,7,うどんとこいのぼりのまち加須賞Ｃ１三,1500,ダ,左,稍重,曇,12,5,6,シントーキズナ,牝,4,54.0,521,3,山崎誠,山崎尋,,7,1:36.7,39.4,9-9-7-7,2,521,3
2025/05/27,浦和,7,うどんとこいのぼりのまち加須賞Ｃ１三,1500,ダ,左,稍重,曇,12,1,1,ストロンゲスト,牡,6,56.0,490,-12,張田昂,古澤悟,,8,1:36.9,39.7,7-6-4-6,3,490,-12
2025/05/27,浦和,7,うどんとこいのぼりのまち加須賞Ｃ１三,1500,ダ,左,稍重,曇,12,3,3,トラストガーベラ,牝,4,53.0,441,4,佐野遥,吉橋淳,,9,1:37.0,40.1,2-3-3-3,12,441,4
2025/05/27,浦和,7,うどんとこいのぼりのまち加須賞Ｃ１三,1500,ダ,左,稍重,曇,12,4,4,カマクラバクフ,牡,4,56.0,521,15,野畑凌,小久智,,10,1:37.7,40.7,8-4-6-10,4,521,15
2025/05/27,浦和,7,うどんとこいのぼりのまち加須賞Ｃ１三,1500,ダ,左,稍重,曇,12,7,10,グッドインディード,牝,4,51.0,418,5,山本大,佐藤太,,11,1:38.0,40.4,4-7-9-11,5,418,5
2025/05/27,浦和,7,うどんとこいのぼりのまち加須賞Ｃ１三,1500,ダ,左,稍重,曇,12,8,12,オモイソメル,牝,6,54.0,479,-3,山中悠,山下之,,12,1:41.3,43.4,6-8-12-12,8,479,-3
2025/05/27,浦和,8,ラベンダー特別Ｃ２一,1400,ダ,左,稍重,曇,13,4,4,バトルホッパー,牡,6,56.0,496,3,澤田龍,横山保,,1,1:27.9,39.0,1-1-1-1,12,496,3
2025/05/27,浦和,8,ラベンダー特別Ｃ２一,1400,ダ,左,稍重,曇,13,2,2,トーアルドルフ,牡,6,56.0,477,6,町田直,新井清,,2,1:28.3,38.3,12-12-7-2,1,477,6
2025/05/27,浦和,8,ラベンダー特別Ｃ２一,1400,ダ,左,稍重,曇,13,7,11,マロンシャンテリー,牡,4,54.0,472,-1,中島良,川島豊,,3,1:28.9,38.8,11-11-9-6,11,472,-1
2025/05/27,浦和,8,ラベンダー特別Ｃ２一,1400,ダ,左,稍重,曇,13,8,12,ビコーズウイキャン,牡,4,56.0,449,0,加藤和,長谷忍,,4,1:29.1,39.8,7-6-5-5,3,449,0
2025/05/27,浦和,8,ラベンダー特別Ｃ２一,1400,ダ,左,稍重,曇,13,7,10,レコパンマミー,牝,5,54.0,495,7,赤津和,箕輪武,,5,1:29.2,39.2,9-10-12-7,7,495,7
2025/05/27,浦和,8,ラベンダー特別Ｃ２一,1400,ダ,左,稍重,曇,13,6,9,エクステンシヴリー,牡,4,56.0,538,2,本橋孝,工藤伸,,6,1:29.7,39.8,6-8-9-11,5,538,2
2025/05/27,浦和,8,ラベンダー特別Ｃ２一,1400,ダ,左,稍重,曇,13,6,8,ヒメカグラ,牝,5,54.0,452,-2,田中涼,久保秀,,7,1:29.7,40.4,4-5-4-8,10,452,-2
2025/05/27,浦和,8,ラベンダー特別Ｃ２一,1400,ダ,左,稍重,曇,13,5,7,プロスペロ,牡,8,56.0,510,3,山中悠,小澤宏,,8,1:29.8,39.8,10-9-11-9,2,510,3
2025/05/27,浦和,8,ラベンダー特別Ｃ２一,1400,ダ,左,稍重,曇,13,3,3,アンジェマリーナ,牝,4,54.0,427,7,櫻井光,川島豊,,9,1:30.2,40.6,8-7-8-12,6,427,7
2025/05/27,浦和,8,ラベンダー特別Ｃ２一,1400,ダ,左,稍重,曇,13,1,1,メイショウフェリオ,牝,5,54.0,434,0,達城龍,武井和,,10,1:30.3,39.4,13-13-13-13,9,434,0
2025/05/27,浦和,8,ラベンダー特別Ｃ２一,1400,ダ,左,稍重,曇,13,4,5,ジョーソーレ,牝,4,54.0,448,-1,笹川翼,小久智,,11,1:30.5,41.2,3-3-3-3,8,448,-1
2025/05/27,浦和,8,ラベンダー特別Ｃ２一,1400,ダ,左,稍重,曇,13,5,6,ウオッカガール,牝,5,53.0,507,-4,佐野遥,箕輪武,,12,1:30.6,41.3,5-4-5-10,13,507,-4
2025/05/27,浦和,8,ラベンダー特別Ｃ２一,1400,ダ,左,稍重,曇,13,8,13,パンディーロ,セ,0,56.0,516,5,福原杏,宇野博,,13,1:30.9,41.8,2-2-2-4,4,516,5
2025/05/27,浦和,9,Ｊ交 ツイントップ特別３歳選抜馬,1400,ダ,左,良,曇,12,5,6,リアンエターナル,牝,3,54.0,433,1,菊澤一,武藤善,,1,1:27.7,37.5,2-2-2-1,3,433,1
2025/05/27,浦和,9,Ｊ交 ツイントップ特別３歳選抜馬,1400,ダ,左,良,曇,12,4,4,エクストラチャージ,牝,3,54.0,471,-5,丹内祐,田村康,,2,1:28.2,37.8,3-3-3-2,1,471,-5
2025/05/27,浦和,9,Ｊ交 ツイントップ特別３歳選抜馬,1400,ダ,左,良,曇,12,6,7,トーセンディーン,牡,3,56.0,488,28,原田和,池上和,,3,1:28.3,37.9,5-4-4-3,4,488,28
2025/05/27,浦和,9,Ｊ交 ツイントップ特別３歳選抜馬,1400,ダ,左,良,曇,12,8,11,ダイバヤタガラス,セ,0,56.0,450,-4,赤津和,箕輪武,,4,1:28.8,38.2,7-5-5-4,11,450,-4
2025/05/27,浦和,9,Ｊ交 ツイントップ特別３歳選抜馬,1400,ダ,左,良,曇,12,8,12,ユメドリーム,牡,3,56.0,427,-16,山崎誠,古澤悟,,5,1:29.0,37.2,11-12-12-11,9,427,-16
2025/05/27,浦和,9,Ｊ交 ツイントップ特別３歳選抜馬,1400,ダ,左,良,曇,12,2,2,ミヅルーラー,牝,3,54.0,472,-1,山中悠,酒井一,,6,1:29.1,38.4,4-6-8-6,5,472,-1
2025/05/27,浦和,9,Ｊ交 ツイントップ特別３歳選抜馬,1400,ダ,左,良,曇,12,5,5,チャンピオンリボン,牝,3,54.0,420,0,本田重,竹内正,,7,1:29.2,38.5,8-8-6-7,6,420,0
2025/05/27,浦和,9,Ｊ交 ツイントップ特別３歳選抜馬,1400,ダ,左,良,曇,12,7,10,マルリンモンロー,牝,3,54.0,509,-3,原優介,青木孝,,8,1:29.2,37.8,12-11-11-10,7,509,-3
2025/05/27,浦和,9,Ｊ交 ツイントップ特別３歳選抜馬,1400,ダ,左,良,曇,12,1,1,モンド,牡,3,56.0,423,-10,町田直,甲田悟,,9,1:29.3,38.3,9-9-10-8,8,423,-10
2025/05/27,浦和,9,Ｊ交 ツイントップ特別３歳選抜馬,1400,ダ,左,良,曇,12,6,8,クォンタイズ,牝,3,54.0,432,4,今野忠,山田質,,10,1:30.3,39.6,6-7-7-9,10,432,4
2025/05/27,浦和,9,Ｊ交 ツイントップ特別３歳選抜馬,1400,ダ,左,良,曇,12,3,3,マジカルキャンディ,牝,3,54.0,443,-1,笹川翼,岩戸孝,,11,1:30.8,40.7,1-1-1-5,2,443,-1
2025/05/27,浦和,9,Ｊ交 ツイントップ特別３歳選抜馬,1400,ダ,左,良,曇,12,7,9,トーケンクミー,牝,3,52.0,414,0,中島良,小澤宏,,12,1:31.5,40.5,10-10-9-12,12,414,0
2025/05/27,浦和,10,初夏特別Ｂ３Ｃ１選抜馬イ選抜馬ア,2000,ダ,左,良,曇,12,6,7,リュウノアン,牝,6,53.0,472,8,保園翔,野口寛,,1,2:08.9,39.2,1-1-1-1,8,472,8
2025/05/27,浦和,10,初夏特別Ｂ３Ｃ１選抜馬イ選抜馬ア,2000,ダ,左,良,曇,12,8,11,ドルチアーリア,牝,4,55.0,492,1,西啓太,内田勝,,2,2:10.6,38.0,2-2-2-2,3,492,1
2025/05/27,浦和,10,初夏特別Ｂ３Ｃ１選抜馬イ選抜馬ア,2000,ダ,左,良,曇,12,3,3,コスモパンドラ,牝,6,55.0,466,-1,七夕裕,箕輪武,,3,2:11.0,37.9,4-4-4-3,4,466,-1
2025/05/27,浦和,10,初夏特別Ｂ３Ｃ１選抜馬イ選抜馬ア,2000,ダ,左,良,曇,12,5,5,ジェットブレイク,牡,4,57.0,498,-1,野畑凌,小久智,,4,2:11.4,36.7,9-7-5-5,1,498,-1
2025/05/27,浦和,10,初夏特別Ｂ３Ｃ１選抜馬イ選抜馬ア,2000,ダ,左,良,曇,12,7,9,ジオヴィグラス,セ,0,57.0,454,5,室陽一,吉田正,,5,2:11.6,36.8,6-5-6-6,6,454,5
2025/05/27,浦和,10,初夏特別Ｂ３Ｃ１選抜馬イ選抜馬ア,2000,ダ,左,良,曇,12,8,12,グローリアスメイ,牝,5,52.0,471,3,佐野遥,河津裕,,6,2:11.8,38.8,3-3-3-4,5,471,3
2025/05/27,浦和,10,初夏特別Ｂ３Ｃ１選抜馬イ選抜馬ア,2000,ダ,左,良,曇,12,1,1,ライコウノヒカリ,牡,5,57.0,449,4,福原杏,鈴木勝,,7,2:12.5,37.0,10-10-8-8,2,449,4
2025/05/27,浦和,10,初夏特別Ｂ３Ｃ１選抜馬イ選抜馬ア,2000,ダ,左,良,曇,12,7,10,ルトラセ,セ,0,55.0,531,-4,櫻井光,佐藤博,,8,2:12.7,37.5,12-9-7-7,9,531,-4
2025/05/27,浦和,10,初夏特別Ｂ３Ｃ１選抜馬イ選抜馬ア,2000,ダ,左,良,曇,12,6,8,プリンスオーソ,牡,5,57.0,455,-1,加藤和,長谷忍,,9,2:12.8,37.0,7-8-9-9,7,455,-1
2025/05/27,浦和,10,初夏特別Ｂ３Ｃ１選抜馬イ選抜馬ア,2000,ダ,左,良,曇,12,4,4,フォートウィリアム,セ,0,55.0,520,5,岡田大,吉田正,,10,2:13.6,37.3,11-12-12-12,11,520,5
2025/05/27,浦和,10,初夏特別Ｂ３Ｃ１選抜馬イ選抜馬ア,2000,ダ,左,良,曇,12,2,2,オリエンタルラニ,牝,5,53.0,467,14,赤津和,酒井一,,11,2:13.8,37.8,8-11-10-10,12,467,14
2025/05/27,浦和,10,初夏特別Ｂ３Ｃ１選抜馬イ選抜馬ア,2000,ダ,左,良,曇,12,5,6,ヴァシロペス,セ,0,55.0,465,-1,秋元耕,薮口一,,12,2:14.1,38.1,5-6-11-11,10,465,-1
2025/05/27,浦和,11,早苗月特別Ｂ１二Ｂ２一,1400,ダ,左,良,曇,12,7,9,トノパー,牡,5,57.0,515,8,笹川翼,小久智,,1,1:26.3,37.4,3-3-3-3,4,515,8
2025/05/27,浦和,11,早苗月特別Ｂ１二Ｂ２一,1400,ダ,左,良,曇,12,8,11,ケンアトラス,牡,4,55.0,471,2,藤本現,繁田健,,2,1:26.3,37.2,5-5-5-4,6,471,2
2025/05/27,浦和,11,早苗月特別Ｂ１二Ｂ２一,1400,ダ,左,良,曇,12,2,2,ケンタッキースカイ,牡,4,57.0,507,0,菅原涼,藤原智,,3,1:26.5,37.7,1-1-1-1,5,507,0
2025/05/27,浦和,11,早苗月特別Ｂ１二Ｂ２一,1400,ダ,左,良,曇,12,3,3,ダイメイタマナ,牡,5,57.0,507,1,クアト,野口孝,,4,1:26.7,37.8,2-2-2-2,2,507,1
2025/05/27,浦和,11,早苗月特別Ｂ１二Ｂ２一,1400,ダ,左,良,曇,12,7,10,デザートウインド,牝,5,55.0,540,8,秋元耕,藤原智,,5,1:26.9,37.3,9-9-9-5,10,540,8
2025/05/27,浦和,11,早苗月特別Ｂ１二Ｂ２一,1400,ダ,左,良,曇,12,5,5,リコーシンザン,牡,7,54.0,495,-1,佐野遥,久保秀,,6,1:27.1,37.8,7-6-6-6,9,495,-1
2025/05/27,浦和,11,早苗月特別Ｂ１二Ｂ２一,1400,ダ,左,良,曇,12,6,7,ハグレグモ,牡,4,57.0,526,0,笠野雄,平山真,,7,1:27.1,37.4,10-10-8-7,1,526,0
2025/05/27,浦和,11,早苗月特別Ｂ１二Ｂ２一,1400,ダ,左,良,曇,12,4,4,エドノバンザイ,牡,4,55.0,509,-22,山中悠,宇野博,,8,1:27.2,37.3,6-8-10-8,8,509,-22
2025/05/27,浦和,11,早苗月特別Ｂ１二Ｂ２一,1400,ダ,左,良,曇,12,8,12,サーマウント,牡,4,55.0,492,-6,張田昂,張田京,,9,1:28.1,39.0,4-4-7-10,7,492,-6
2025/05/27,浦和,11,早苗月特別Ｂ１二Ｂ２一,1400,ダ,左,良,曇,12,1,1,パールアゲイン,牝,6,53.0,428,4,七夕裕,鹿沼和,,10,1:28.3,37.8,11-11-11-11,11,428,4
2025/05/27,浦和,11,早苗月特別Ｂ１二Ｂ２一,1400,ダ,左,良,曇,12,6,8,シゲルマッハ,牡,5,57.0,485,-1,野畑凌,鈴木義,,11,1:28.6,39.5,8-7-4-9,3,485,-1
2025/05/27,浦和,11,早苗月特別Ｂ１二Ｂ２一,1400,ダ,左,良,曇,12,5,6,スピネーカー,牡,4,55.0,473,7,本橋孝,矢野義,,,,,,,473,7
2025/05/27,浦和,12,水芭蕉特別Ｂ２Ｂ３選抜馬選抜馬ア,2000,ダ,左,良,曇,12,6,7,マインドユアミモザ,牝,5,52.0,481,-2,加藤雄,河津裕,,1,2:08.4,37.5,5-6-4-4,6,481,-2
2025/05/27,浦和,12,水芭蕉特別Ｂ２Ｂ３選抜馬選抜馬ア,2000,ダ,左,良,曇,12,2,2,リョウタスペシャル,牡,5,57.0,437,1,福原杏,小澤宏,,2,2:08.8,38.3,3-4-3-3,1,437,1
2025/05/27,浦和,12,水芭蕉特別Ｂ２Ｂ３選抜馬選抜馬ア,2000,ダ,左,良,曇,12,3,3,ロックフレイバー,牡,5,55.0,484,-6,笹川翼,繁田健,,3,2:08.9,38.7,2-2-2-1,2,484,-6
2025/05/27,浦和,12,水芭蕉特別Ｂ２Ｂ３選抜馬選抜馬ア,2000,ダ,左,良,曇,12,1,1,エイシンシュトルム,牡,6,57.0,490,-2,山崎誠,藤原智,,4,2:09.0,37.5,11-10-10-5,5,490,-2
2025/05/27,浦和,12,水芭蕉特別Ｂ２Ｂ３選抜馬選抜馬ア,2000,ダ,左,良,曇,12,7,10,ベルガラス,牡,4,55.0,476,1,岡村健,齊藤敏,,5,2:09.7,38.8,6-7-6-6,8,476,1
2025/05/27,浦和,12,水芭蕉特別Ｂ２Ｂ３選抜馬選抜馬ア,2000,ダ,左,良,曇,12,7,9,セクシーコマンドー,牡,5,54.0,475,-2,佐野遥,小久智,,6,2:09.8,39.7,1-1-1-2,7,475,-2
2025/05/27,浦和,12,水芭蕉特別Ｂ２Ｂ３選抜馬選抜馬ア,2000,ダ,左,良,曇,12,5,6,ロイヤルザップ,牡,6,57.0,501,3,山中悠,宇野博,,7,2:09.9,38.7,8-9-9-7,4,501,3
2025/05/27,浦和,12,水芭蕉特別Ｂ２Ｂ３選抜馬選抜馬ア,2000,ダ,左,良,曇,12,6,8,ダイバオーソ,牡,7,55.0,476,-5,藤江渉,箕輪武,,8,2:10.2,39.6,4-3-5-8,10,476,-5
2025/05/27,浦和,12,水芭蕉特別Ｂ２Ｂ３選抜馬選抜馬ア,2000,ダ,左,良,曇,12,8,12,グロリアンズタイム,牡,5,57.0,539,-3,町田直,古澤悟,,9,2:10.3,39.4,7-8-8-10,3,539,-3
2025/05/27,浦和,12,水芭蕉特別Ｂ２Ｂ３選抜馬選抜馬ア,2000,ダ,左,良,曇,12,4,4,イエヴァンポルッカ,牡,6,55.0,530,7,赤津和,宇野博,,10,2:10.4,39.5,10-5-7-9,9,530,7
2025/05/27,浦和,12,水芭蕉特別Ｂ２Ｂ３選抜馬選抜馬ア,2000,ダ,左,良,曇,12,8,11,アルバスドラコ,セ,0,55.0,485,3,櫻井光,水野貴,,11,2:10.5,38.8,9-11-11-11,11,485,3
2025/05/27,浦和,12,水芭蕉特別Ｂ２Ｂ３選抜馬選抜馬ア,2000,ダ,左,良,曇,12,5,5,アトゥ,牡,8,55.0,503,-1,小杉亮,矢野義,,12,2:10.8,38.5,12-12-12-12,12,503,-1
2025/05/28,浦和,1,３歳六,1400,ダ,左,良,晴,10,8,9,プレストワンダ,牝,3,54.0,455,1,山中悠,小澤宏,,1,1:29.8,38.1,2-2-2-1,5,455,1
2025/05/28,浦和,1,３歳六,1400,ダ,左,良,晴,10,6,6,ミーコノデバンダ,牝,3,54.0,411,2,七夕裕,平山真,,2,1:29.8,38.1,3-3-1-2,1,411,2
2025/05/28,浦和,1,３歳六,1400,ダ,左,良,晴,10,7,7,モウ,牡,3,56.0,473,10,福原杏,水野貴,,3,1:30.5,37.7,8-8-9-7,6,473,10
2025/05/28,浦和,1,３歳六,1400,ダ,左,良,晴,10,4,4,トゥアオウフ,牡,3,56.0,478,-2,笹川翼,繁田健,,4,1:30.6,38.7,5-5-4-4,2,478,-2
2025/05/28,浦和,1,３歳六,1400,ダ,左,良,晴,10,1,1,トーセンアデレード,牝,3,54.0,436,20,矢野貴,小久智,,5,1:30.6,38.7,4-4-5-5,3,436,20
2025/05/28,浦和,1,３歳六,1400,ダ,左,良,晴,10,5,5,タカラハンター,牡,3,56.0,491,1,野畑凌,長谷忍,,6,1:30.9,39.2,1-1-3-3,4,491,1
2025/05/28,浦和,1,３歳六,1400,ダ,左,良,晴,10,7,8,ハクシンドラゴン,セ,0,56.0,448,11,半澤慶,平山真,,7,1:31.1,38.7,6-6-6-8,8,448,11
2025/05/28,浦和,1,３歳六,1400,ダ,左,良,晴,10,8,10,リトルクインビー,牝,3,51.0,395,4,加藤雄,山崎尋,,8,1:31.2,38.8,9-9-6-6,7,395,4
2025/05/28,浦和,1,３歳六,1400,ダ,左,良,晴,10,2,2,エンシェントダンス,牝,3,52.0,423,3,中島良,宇野博,,9,1:31.3,38.3,10-10-10-9,10,423,3
2025/05/28,浦和,1,３歳六,1400,ダ,左,良,晴,10,3,3,ツガノローマン,牝,3,54.0,455,19,保園翔,長谷忍,,10,1:32.2,39.7,7-7-8-10,9,455,19
2025/05/28,浦和,2,ランチタイムチャレンジＣ３五 六,1400,ダ,左,良,晴,12,6,7,ストームペガサス,セ,0,56.0,521,-6,張田昂,平山真,,1,1:30.2,38.8,4-6-5-1,1,521,-6
2025/05/28,浦和,2,ランチタイムチャレンジＣ３五 六,1400,ダ,左,良,晴,12,3,3,アルムダウン,牝,5,51.0,374,5,中山遥,小林真,,2,1:30.9,39.9,3-4-3-4,9,374,5
2025/05/28,浦和,2,ランチタイムチャレンジＣ３五 六,1400,ダ,左,良,晴,12,8,11,サプライズギフト,牝,7,52.0,445,2,中島良,川島豊,,3,1:31.3,40.8,2-2-2-3,2,445,2
2025/05/28,浦和,2,ランチタイムチャレンジＣ３五 六,1400,ダ,左,良,晴,12,7,9,ビーナスオーキッド,牝,7,54.0,502,-5,藤江渉,平田正,,4,1:31.4,41.2,1-1-1-2,7,502,-5
2025/05/28,浦和,2,ランチタイムチャレンジＣ３五 六,1400,ダ,左,良,晴,12,2,2,メガミリオン,牡,7,56.0,469,0,池谷匠,田島寿,,5,1:31.4,40.1,6-5-6-5,5,469,0
2025/05/28,浦和,2,ランチタイムチャレンジＣ３五 六,1400,ダ,左,良,晴,12,7,10,マジェスティアスク,牝,7,51.0,475,-3,加藤雄,山崎尋,,6,1:31.4,38.9,10-10-10-10,4,475,-3
2025/05/28,浦和,2,ランチタイムチャレンジＣ３五 六,1400,ダ,左,良,晴,12,5,6,ジニアズウィッシュ,牝,9,54.0,483,5,見越彬,小林真,,7,1:31.8,39.8,7-7-7-7,8,483,5
2025/05/28,浦和,2,ランチタイムチャレンジＣ３五 六,1400,ダ,左,良,晴,12,1,1,イオラナ,牝,9,54.0,501,-5,山中悠,玉井昇,,8,1:32.1,40.0,9-8-9-9,3,501,-5
2025/05/28,浦和,2,ランチタイムチャレンジＣ３五 六,1400,ダ,左,良,晴,12,4,4,キミノナハ,牝,7,54.0,442,-12,加藤和,長谷忍,,9,1:32.2,40.1,8-9-8-8,10,442,-12
2025/05/28,浦和,2,ランチタイムチャレンジＣ３五 六,1400,ダ,左,良,晴,12,8,12,トーセンイヴ,牝,7,54.0,438,-2,野畑凌,酒井一,,10,1:32.3,41.3,5-3-4-6,6,438,-2
2025/05/28,浦和,2,ランチタイムチャレンジＣ３五 六,1400,ダ,左,良,晴,12,5,5,ビュヴォン,牡,7,56.0,501,2,秋元耕,長谷忍,,11,1:32.7,39.6,11-11-12-12,12,501,2
2025/05/28,浦和,2,ランチタイムチャレンジＣ３五 六,1400,ダ,左,良,晴,12,6,8,アストロメアリー,牝,6,54.0,416,-10,福原杏,長谷忍,,12,1:32.8,39.8,12-12-11-11,11,416,-10
2025/05/28,浦和,3,Ｃ３五 六,1500,ダ,左,良,晴,12,7,9,ハーモニージョーイ,牡,8,56.0,480,-3,西啓太,新井清,,1,1:37.7,38.7,3-3-2-2,1,480,-3
2025/05/28,浦和,3,Ｃ３五 六,1500,ダ,左,良,晴,12,4,4,ナツハヤテ,牝,7,54.0,463,3,張田昂,山田質,,2,1:38.0,39.5,1-1-1-1,2,463,3
2025/05/28,浦和,3,Ｃ３五 六,1500,ダ,左,良,晴,12,7,10,サンライズテソロ,牡,7,56.0,481,2,半澤慶,川島豊,,3,1:38.5,39.0,7-5-4-4,5,481,2
2025/05/28,浦和,3,Ｃ３五 六,1500,ダ,左,良,晴,12,2,2,マッシュブライト,牝,7,54.0,475,6,岡田大,酒井一,,4,1:38.6,38.5,6-7-6-6,3,475,6
2025/05/28,浦和,3,Ｃ３五 六,1500,ダ,左,良,晴,12,5,5,タイシタモンダロ,牡,6,56.0,494,-16,保園翔,川村守,,5,1:38.6,39.6,2-2-3-3,4,494,-16
2025/05/28,浦和,3,Ｃ３五 六,1500,ダ,左,良,晴,12,3,3,マックスブンブン,牡,5,53.0,449,3,中山遥,小林真,,6,1:38.7,39.1,4-4-5-5,8,449,3
2025/05/28,浦和,3,Ｃ３五 六,1500,ダ,左,良,晴,12,6,8,ヤマトカチドキ,牝,6,51.0,495,-6,神尾香,山田質,,7,1:39.3,38.6,9-10-9-8,6,495,-6
2025/05/28,浦和,3,Ｃ３五 六,1500,ダ,左,良,晴,12,8,12,セキレイオペラ,牡,6,56.0,485,2,七夕裕,川村守,,8,1:39.6,39.2,10-8-8-7,9,485,2
2025/05/28,浦和,3,Ｃ３五 六,1500,ダ,左,良,晴,12,1,1,イナリンクローバー,牝,8,54.0,477,9,篠谷葵,藤原智,,9,1:40.0,40.1,5-6-7-9,7,477,9
2025/05/28,浦和,3,Ｃ３五 六,1500,ダ,左,良,晴,12,6,7,プレミアムプリモ,牝,8,51.0,497,-1,加藤雄,村田六,,10,1:40.0,38.8,11-11-11-11,10,497,-1
2025/05/28,浦和,3,Ｃ３五 六,1500,ダ,左,良,晴,12,5,6,シェナカンザシ,牝,5,54.0,472,10,國分祐,冨田敏,,11,1:40.1,39.1,8-9-10-10,11,472,10
2025/05/28,浦和,3,Ｃ３五 六,1500,ダ,左,良,晴,12,8,11,シェナマリア,牝,5,54.0,448,2,秋元耕,吉田正,,12,1:41.1,39.9,12-12-12-12,12,448,2
2025/05/28,浦和,4,Ｃ２七 八,1400,ダ,左,良,晴,12,2,2,キタノアマポーラ,牝,4,54.0,442,1,矢野貴,工藤伸,,1,1:29.4,39.0,1-1-1-1,1,442,1
2025/05/28,浦和,4,Ｃ２七 八,1400,ダ,左,良,晴,12,8,12,キタノジョンヌ,牝,4,54.0,496,6,笹川翼,入口由,,2,1:30.2,39.4,5-4-5-2,2,496,6
2025/05/28,浦和,4,Ｃ２七 八,1400,ダ,左,良,晴,12,7,10,ジェノバフレイバー,牡,6,56.0,491,5,保園翔,繁田健,,3,1:30.2,39.3,4-6-7-4,4,491,5
2025/05/28,浦和,4,Ｃ２七 八,1400,ダ,左,良,晴,12,5,6,エターナルジュエル,牝,6,54.0,479,3,山崎誠,藤原智,,4,1:30.5,38.8,11-11-11-5,3,479,3
2025/05/28,浦和,4,Ｃ２七 八,1400,ダ,左,良,晴,12,4,4,オーサムワールド,牡,6,56.0,478,-3,町田直,村田順,,5,1:30.7,39.4,7-7-10-7,5,478,-3
2025/05/28,浦和,4,Ｃ２七 八,1400,ダ,左,良,晴,12,1,1,ルリール,牝,6,54.0,419,-3,今野忠,林隆之,,6,1:30.7,39.9,6-5-3-3,6,419,-3
2025/05/28,浦和,4,Ｃ２七 八,1400,ダ,左,良,晴,12,5,5,バララララララ,牝,5,54.0,433,13,岡村健,工藤伸,,7,1:31.1,39.8,9-9-8-6,11,433,13
2025/05/28,浦和,4,Ｃ２七 八,1400,ダ,左,良,晴,12,7,9,アマゴ,牝,6,54.0,476,13,秋元耕,箕輪武,,8,1:31.4,40.1,8-8-9-10,12,476,13
2025/05/28,浦和,4,Ｃ２七 八,1400,ダ,左,良,晴,12,3,3,ピノヌイ,牡,4,56.0,503,3,達城龍,野口孝,,9,1:31.8,39.3,12-12-12-12,10,503,3
2025/05/28,浦和,4,Ｃ２七 八,1400,ダ,左,良,晴,12,8,11,ジャングルタキオン,セ,0,56.0,488,5,西啓太,野口孝,,10,1:32.1,41.5,3-3-2-8,7,488,5
2025/05/28,浦和,4,Ｃ２七 八,1400,ダ,左,良,晴,12,6,8,ササキンポピー,牝,4,54.0,447,3,高橋哲,水野貴,,11,1:32.5,41.9,2-2-4-11,9,447,3
2025/05/28,浦和,4,Ｃ２七 八,1400,ダ,左,良,晴,12,6,7,シルバーペコ,牝,6,54.0,503,14,福原杏,酒井一,,12,1:32.6,41.4,10-10-6-9,8,503,14
2025/05/28,浦和,5,浦和ファイブチャレンジ３歳五,1400,ダ,左,良,晴,11,5,5,ユーロジータビート,牡,3,56.0,535,30,笹川翼,繁田健,,1,1:28.8,37.6,1-1-1-1,1,535,30
2025/05/28,浦和,5,浦和ファイブチャレンジ３歳五,1400,ダ,左,良,晴,11,4,4,ダイセンルージュ,牝,3,54.0,511,4,澤田龍,石井勝,,2,1:29.4,37.7,5-4-5-3,5,511,4
2025/05/28,浦和,5,浦和ファイブチャレンジ３歳五,1400,ダ,左,良,晴,11,7,9,ノーブルプラチナ,牡,3,56.0,530,3,福原杏,水野貴,,3,1:29.7,38.0,4-5-2-2,3,530,3
2025/05/28,浦和,5,浦和ファイブチャレンジ３歳五,1400,ダ,左,良,晴,11,3,3,フィードウィン,セ,0,56.0,442,-4,山崎誠,山崎尋,,4,1:30.4,38.1,6-6-7-4,8,442,-4
2025/05/28,浦和,5,浦和ファイブチャレンジ３歳五,1400,ダ,左,良,晴,11,2,2,ラブリーモンスター,牡,3,56.0,480,10,室陽一,川島豊,,5,1:30.5,37.9,10-10-10-7,9,480,10
2025/05/28,浦和,5,浦和ファイブチャレンジ３歳五,1400,ダ,左,良,晴,11,1,1,ゴールドキッド,牡,3,56.0,422,8,吉留孝,鹿沼和,,6,1:30.8,38.5,9-9-8-6,10,422,8
2025/05/28,浦和,5,浦和ファイブチャレンジ３歳五,1400,ダ,左,良,晴,11,8,11,グリントレッド,牡,3,56.0,507,1,櫻井光,山崎尋,,7,1:31.2,38.0,11-11-11-11,11,507,1
2025/05/28,浦和,5,浦和ファイブチャレンジ３歳五,1400,ダ,左,良,晴,11,7,8,コンバットスピカ,牝,3,54.0,478,9,西啓太,工藤伸,,8,1:31.3,39.3,7-7-6-5,4,478,9
2025/05/28,浦和,5,浦和ファイブチャレンジ３歳五,1400,ダ,左,良,晴,11,6,6,シェリーフィーユ,牝,3,54.0,451,6,保園翔,野口寛,,9,1:31.7,39.4,8-8-9-10,6,451,6
2025/05/28,浦和,5,浦和ファイブチャレンジ３歳五,1400,ダ,左,良,晴,11,6,7,キックス,牝,3,54.0,494,26,七夕裕,鹿沼和,,10,1:32.5,41.1,2-2-4-9,2,494,26
2025/05/28,浦和,5,浦和ファイブチャレンジ３歳五,1400,ダ,左,良,晴,11,8,10,マジュツシカエル,セ,0,56.0,481,15,野畑凌,工藤伸,,11,1:32.8,41.3,3-3-3-8,7,481,15
2025/05/28,浦和,6,Ｃ２七 八,1500,ダ,左,良,晴,11,7,8,ハナチルサト,牝,4,54.0,435,9,町田直,宇野博,,1,1:35.5,38.2,3-2-2-1,1,435,9
2025/05/28,浦和,6,Ｃ２七 八,1500,ダ,左,良,晴,11,2,2,ヴァンクールシチー,牡,6,56.0,427,1,半澤慶,工藤伸,,2,1:37.0,40.3,1-1-1-2,7,427,1
2025/05/28,浦和,6,Ｃ２七 八,1500,ダ,左,良,晴,11,6,6,サンタモニカビーチ,牡,5,56.0,564,8,見越彬,川島豊,,3,1:37.3,39.6,7-7-4-5,2,564,8
2025/05/28,浦和,6,Ｃ２七 八,1500,ダ,左,良,晴,11,3,3,ラインストライカー,セ,0,53.0,476,-17,中山遥,小林真,,4,1:37.3,38.2,8-8-10-7,3,476,-17
2025/05/28,浦和,6,Ｃ２七 八,1500,ダ,左,良,晴,11,6,7,コスモホライズン,牡,4,56.0,473,0,七夕裕,小林真,,5,1:37.4,39.7,5-5-5-4,8,473,0
2025/05/28,浦和,6,Ｃ２七 八,1500,ダ,左,良,晴,11,7,9,ラージフィールド,セ,0,56.0,493,0,室陽一,酒井一,,6,1:37.4,40.0,2-3-3-3,6,493,0
2025/05/28,浦和,6,Ｃ２七 八,1500,ダ,左,良,晴,11,8,11,リッキオ,牡,6,56.0,490,10,秋元耕,薮口一,,7,1:38.0,40.3,6-6-6-6,5,490,10
2025/05/28,浦和,6,Ｃ２七 八,1500,ダ,左,良,晴,11,4,4,ローゼシュティア,牝,6,54.0,460,-9,本田紀,久保勇,,8,1:38.1,39.2,11-9-9-9,11,460,-9
2025/05/28,浦和,6,Ｃ２七 八,1500,ダ,左,良,晴,11,5,5,コアヴェルト,牡,4,56.0,431,3,赤津和,箕輪武,,9,1:38.1,39.2,9-10-8-8,10,431,3
2025/05/28,浦和,6,Ｃ２七 八,1500,ダ,左,良,晴,11,1,1,ティーズウィッシュ,牡,4,56.0,555,24,櫻井光,海馬司,,10,1:39.3,39.6,10-11-11-10,4,555,24
2025/05/28,浦和,6,Ｃ２七 八,1500,ダ,左,良,晴,11,8,10,レモンスフレ,牝,4,54.0,0,0,高橋哲,入口由,,11,1:39.9,42.2,4-4-7-11,9,0,0
2025/05/28,浦和,7,上尾串ぎょうざ賞Ｃ１四,1400,ダ,左,良,晴,13,7,11,トーセンエナジー,牡,4,56.0,500,-1,笹川翼,小久智,,1,1:27.8,37.6,2-2-1-2,2,500,-1
2025/05/28,浦和,7,上尾串ぎょうざ賞Ｃ１四,1400,ダ,左,良,晴,13,8,13,キープライジング,牝,4,54.0,490,-2,吉原寛,小澤宏,,2,1:28.0,37.4,8-10-3-1,1,490,-2
2025/05/28,浦和,7,上尾串ぎょうざ賞Ｃ１四,1400,ダ,左,良,晴,13,8,12,トウマ,牡,5,56.0,454,1,町田直,久保秀,,3,1:28.7,38.1,7-7-5-4,4,454,1
2025/05/28,浦和,7,上尾串ぎょうざ賞Ｃ１四,1400,ダ,左,良,晴,13,4,4,タキチャンゴー,牝,6,54.0,483,0,野畑凌,小久智,,4,1:29.3,39.2,1-1-2-3,8,483,0
2025/05/28,浦和,7,上尾串ぎょうざ賞Ｃ１四,1400,ダ,左,良,晴,13,1,1,ヴェッターホルン,セ,0,56.0,484,-2,矢野貴,宇野博,,5,1:29.8,38.9,9-8-10-9,3,484,-2
2025/05/28,浦和,7,上尾串ぎょうざ賞Ｃ１四,1400,ダ,左,良,晴,13,7,10,タイヘイノヨ,セ,0,56.0,515,4,山中悠,工藤伸,,6,1:30.0,38.9,11-11-9-7,9,515,4
2025/05/28,浦和,7,上尾串ぎょうざ賞Ｃ１四,1400,ダ,左,良,晴,13,6,9,ラストデュエル,牡,4,53.0,463,-4,加藤雄,山崎裕,,7,1:30.6,40.0,4-6-6-8,7,463,-4
2025/05/28,浦和,7,上尾串ぎょうざ賞Ｃ１四,1400,ダ,左,良,晴,13,5,6,ビリーヴィン,牡,5,56.0,506,0,菅原涼,藤原智,,8,1:30.7,39.8,10-9-8-10,6,506,0
2025/05/28,浦和,7,上尾串ぎょうざ賞Ｃ１四,1400,ダ,左,良,晴,13,2,2,ユウユウプルニーマ,牝,4,54.0,454,4,赤津和,横山保,,9,1:30.9,40.3,5-4-7-6,11,454,4
2025/05/28,浦和,7,上尾串ぎょうざ賞Ｃ１四,1400,ダ,左,良,晴,13,3,3,サンスレッド,牡,5,56.0,475,-4,伊藤裕,武井和,,10,1:31.1,39.6,13-13-12-13,12,475,-4
2025/05/28,浦和,7,上尾串ぎょうざ賞Ｃ１四,1400,ダ,左,良,晴,13,6,8,エーティースピカ,牝,5,54.0,520,5,室陽一,宇野博,,11,1:31.1,40.8,3-3-4-5,5,520,5
2025/05/28,浦和,7,上尾串ぎょうざ賞Ｃ１四,1400,ダ,左,良,晴,13,4,5,レオズソーダライト,牝,9,54.0,478,-4,七夕裕,海馬司,,12,1:31.2,39.5,12-12-13-12,13,478,-4
2025/05/28,浦和,7,上尾串ぎょうざ賞Ｃ１四,1400,ダ,左,良,晴,13,5,7,インディナート,牝,7,54.0,463,5,西啓太,田島寿,,13,1:32.0,41.1,6-5-11-11,10,463,5
2025/05/28,浦和,8,ポピー特別３歳一,1500,ダ,左,良,晴,12,5,5,ルナフォルトゥーナ,牡,3,56.0,470,10,半澤慶,藤原智,,1,1:35.7,38.7,5-4-4-4,10,470,10
2025/05/28,浦和,8,ポピー特別３歳一,1500,ダ,左,良,晴,12,3,3,イナダヒメ,牝,3,55.0,443,13,町田直,繁田健,,2,1:35.7,39.0,2-3-2-1,1,443,13
2025/05/28,浦和,8,ポピー特別３歳一,1500,ダ,左,良,晴,12,1,1,セブンワンバイオ,牡,3,57.0,431,-1,山中悠,新井清,,3,1:36.2,38.9,6-5-6-5,5,431,-1
2025/05/28,浦和,8,ポピー特別３歳一,1500,ダ,左,良,晴,12,4,4,ピノマハナ,牡,3,57.0,497,4,クアト,野口孝,,4,1:36.3,38.5,9-10-9-8,7,497,4
2025/05/28,浦和,8,ポピー特別３歳一,1500,ダ,左,良,晴,12,2,2,イチカノユメ,牝,3,55.0,466,-2,笹川翼,水野貴,,5,1:36.5,39.8,1-2-1-2,2,466,-2
2025/05/28,浦和,8,ポピー特別３歳一,1500,ダ,左,良,晴,12,6,8,シェナノパリオ,牡,3,57.0,474,3,國分祐,冨田敏,,6,1:36.6,39.9,3-1-3-3,9,474,3
2025/05/28,浦和,8,ポピー特別３歳一,1500,ダ,左,良,晴,12,8,12,アーサ,牡,3,57.0,494,2,野畑凌,高月賢,,7,1:36.6,39.2,7-7-7-6,8,494,2
2025/05/28,浦和,8,ポピー特別３歳一,1500,ダ,左,良,晴,12,7,10,グーフドリファール,牝,3,54.0,404,1,見越彬,小久智,,8,1:36.6,39.3,8-6-5-7,4,404,1
2025/05/28,浦和,8,ポピー特別３歳一,1500,ダ,左,良,晴,12,5,6,シナノラビット,牝,3,54.0,414,-2,櫻井光,佐藤博,,9,1:36.9,38.6,11-11-10-9,11,414,-2
2025/05/28,浦和,8,ポピー特別３歳一,1500,ダ,左,良,晴,12,6,7,プローラーティオー,牡,3,57.0,497,11,本橋孝,小久智,,10,1:37.9,40.5,10-9-8-10,3,497,11
2025/05/28,浦和,8,ポピー特別３歳一,1500,ダ,左,良,晴,12,7,9,ディスクリプション,牝,3,54.0,475,0,田中涼,鈴木義,,11,1:38.4,40.3,4-8-11-11,12,475,0
2025/05/28,浦和,8,ポピー特別３歳一,1500,ダ,左,良,晴,12,8,11,シナノクーパー,牡,3,57.0,425,-1,七夕裕,鹿沼和,,,,,12-12,6,425,-1
2025/05/28,浦和,9,疾駆特別Ｃ１選抜馬ア,800,ダ,左,良,晴,12,8,12,ダンシングクライ,牝,5,54.0,486,-2,菅原涼,藤原智,,1,0:46.5,34.3,1-1,1,486,-2
2025/05/28,浦和,9,疾駆特別Ｃ１選抜馬ア,800,ダ,左,良,晴,12,5,5,プリンセスロージー,牝,6,54.0,513,0,濱田達,石井勝,,2,0:47.1,34.4,4-3,5,513,0
2025/05/28,浦和,9,疾駆特別Ｃ１選抜馬ア,800,ダ,左,良,晴,12,7,10,ニシノクラウディア,牝,5,54.0,476,13,笹川翼,小澤宏,,3,0:47.3,34.7,3-4,2,476,13
2025/05/28,浦和,9,疾駆特別Ｃ１選抜馬ア,800,ダ,左,良,晴,12,7,9,ビナミトー,牝,4,54.0,440,-11,岡村健,酒井一,,4,0:47.6,35.1,2-2,9,440,-11
2025/05/28,浦和,9,疾駆特別Ｃ１選抜馬ア,800,ダ,左,良,晴,12,5,6,リュウノシンクウハ,牡,4,56.0,491,2,矢野貴,高月賢,,5,0:47.7,34.5,8-6,3,491,2
2025/05/28,浦和,9,疾駆特別Ｃ１選抜馬ア,800,ダ,左,良,晴,12,4,4,トライファン,牡,6,56.0,499,6,福原杏,小久智,,6,0:47.8,34.9,7-8,6,499,6
2025/05/28,浦和,9,疾駆特別Ｃ１選抜馬ア,800,ダ,左,良,晴,12,6,7,デルマカミーラ,牝,6,54.0,482,0,山崎誠,山崎裕,,7,0:48.1,35.2,5-5,7,482,0
2025/05/28,浦和,9,疾駆特別Ｃ１選抜馬ア,800,ダ,左,良,晴,12,3,3,モーモーブラック,牝,7,54.0,436,0,池谷匠,村田順,,8,0:48.2,35.6,6-7,4,436,0
2025/05/28,浦和,9,疾駆特別Ｃ１選抜馬ア,800,ダ,左,良,晴,12,1,1,マイネルリベラル,セ,0,56.0,484,0,岡村裕,新井健,,9,0:48.4,35.1,9-9,8,484,0
2025/05/28,浦和,9,疾駆特別Ｃ１選抜馬ア,800,ダ,左,良,晴,12,2,2,マサハヤアン,牝,8,54.0,461,4,保園翔,野口孝,,10,0:48.5,34.9,11-10,10,461,4
2025/05/28,浦和,9,疾駆特別Ｃ１選抜馬ア,800,ダ,左,良,晴,12,6,8,シントーユタカ,牝,4,54.0,479,-2,山林信,平田正,,11,0:48.7,34.9,12-12,11,479,-2
2025/05/28,浦和,9,疾駆特別Ｃ１選抜馬ア,800,ダ,左,良,晴,12,8,11,セイウンシデン,牡,6,56.0,529,-11,國分祐,吉田正,,12,0:48.9,35.6,10-11,12,529,-11
2025/05/28,浦和,10,菖蒲月特別Ｂ３三,1500,ダ,左,良,晴,10,7,7,ルルフィーユ,牝,4,54.0,467,-2,野畑凌,水上直,,1,1:36.1,37.6,3-3-3-2,4,467,-2
2025/05/28,浦和,10,菖蒲月特別Ｂ３三,1500,ダ,左,良,晴,10,5,5,コスモカシアス,牡,4,55.0,466,0,佐野遥,河津裕,,2,1:36.2,37.9,2-2-2-3,6,466,0
2025/05/28,浦和,10,菖蒲月特別Ｂ３三,1500,ダ,左,良,晴,10,3,3,ヒテン,牝,4,54.0,476,-1,本橋孝,小久智,,3,1:36.5,38.3,1-1-1-1,2,476,-1
2025/05/28,浦和,10,菖蒲月特別Ｂ３三,1500,ダ,左,良,晴,10,1,1,ビステル,牡,4,56.0,436,0,山崎誠,山崎尋,,4,1:36.7,37.7,8-8-5-5,3,436,0
2025/05/28,浦和,10,菖蒲月特別Ｂ３三,1500,ダ,左,良,晴,10,2,2,ティーズフリーク,牡,4,56.0,495,2,高橋哲,水野貴,,5,1:36.7,38.1,5-4-4-4,1,495,2
2025/05/28,浦和,10,菖蒲月特別Ｂ３三,1500,ダ,左,良,晴,10,6,6,アパショナード,牡,6,56.0,437,-2,秋元耕,薮口一,,6,1:36.9,37.9,7-6-8-7,8,437,-2
2025/05/28,浦和,10,菖蒲月特別Ｂ３三,1500,ダ,左,良,晴,10,8,10,ヘクトプリンセス,牝,4,54.0,423,-4,町田直,山崎尋,,7,1:37.0,37.7,10-10-10-8,7,423,-4
2025/05/28,浦和,10,菖蒲月特別Ｂ３三,1500,ダ,左,良,晴,10,8,9,ハチャトリアン,牡,4,56.0,488,-1,張田昂,平山真,,8,1:37.1,38.2,6-7-7-6,5,488,-1
2025/05/28,浦和,10,菖蒲月特別Ｂ３三,1500,ダ,左,良,晴,10,4,4,コルテデフィート,牡,4,53.0,462,-5,加藤雄,甲田悟,,9,1:38.0,39.0,9-9-9-10,10,462,-5
2025/05/28,浦和,10,菖蒲月特別Ｂ３三,1500,ダ,左,良,晴,10,7,8,スーパーリベロ,セ,0,56.0,457,-6,山林信,内田勝,,10,1:38.5,39.6,4-5-6-9,9,457,-6
2025/05/28,浦和,11,プラチナカップ３上オープン,1400,ダ,左,良,晴,12,6,8,ティントレット,牡,4,56.0,507,5,矢野貴,荒山勝,,1,1:25.1,37.7,2-2-2-1,5,507,5
2025/05/28,浦和,11,プラチナカップ３上オープン,1400,ダ,左,良,晴,12,2,2,ギャルダル,牡,7,56.0,506,-2,本田重,川島一,,2,1:25.4,37.0,7-6-6-5,7,506,-2
2025/05/28,浦和,11,プラチナカップ３上オープン,1400,ダ,左,良,晴,12,5,5,イグザルト,牡,6,56.0,506,-8,御神訓,荒山勝,,3,1:25.4,36.8,9-8-8-6,1,506,-8
2025/05/28,浦和,11,プラチナカップ３上オープン,1400,ダ,左,良,晴,12,5,6,ワンダーランド,牡,5,56.0,472,0,笹川翼,林正人,,4,1:25.6,37.9,3-3-3-2,3,472,0
2025/05/28,浦和,11,プラチナカップ３上オープン,1400,ダ,左,良,晴,12,1,1,ツーシャドー,牝,6,54.0,490,9,張田昂,小澤宏,,5,1:26.0,38.0,4-4-4-4,4,490,9
2025/05/28,浦和,11,プラチナカップ３上オープン,1400,ダ,左,良,晴,12,3,3,ルコルセール,牡,7,56.0,523,1,野畑凌,内田勝,,6,1:26.2,37.4,8-9-9-8,11,523,1
2025/05/28,浦和,11,プラチナカップ３上オープン,1400,ダ,左,良,晴,12,7,9,オメガレインボー,牡,9,56.0,479,5,町田直,小久智,,7,1:26.4,37.3,10-11-11-10,9,479,5
2025/05/28,浦和,11,プラチナカップ３上オープン,1400,ダ,左,良,晴,12,7,10,カールスバート,牡,7,56.0,492,3,岡村健,齊藤敏,,8,1:26.5,37.4,11-12-10-9,12,492,3
2025/05/28,浦和,11,プラチナカップ３上オープン,1400,ダ,左,良,晴,12,4,4,シーサーペント,牡,5,56.0,493,13,吉原寛,小久智,,9,1:27.1,39.7,1-1-1-3,6,493,13
2025/05/28,浦和,11,プラチナカップ３上オープン,1400,ダ,左,良,晴,12,8,11,ロードグラディオ,牡,9,56.0,514,9,クアト,村上頼,,10,1:27.1,38.9,5-5-5-7,2,514,9
2025/05/28,浦和,11,プラチナカップ３上オープン,1400,ダ,左,良,晴,12,6,7,サヨノグローリー,牡,7,56.0,494,2,澤田龍,工藤伸,,11,1:27.3,38.9,6-7-7-11,8,494,2
2025/05/28,浦和,11,プラチナカップ３上オープン,1400,ダ,左,良,晴,12,8,12,ギガース,牡,4,56.0,527,4,福原杏,佐藤太,,12,1:28.6,39.5,12-10-12-12,10,527,4
2025/05/28,浦和,12,カーネーション特別Ｃ２選抜馬ア,2000,ダ,左,良,晴,12,2,2,メイショウクラーク,セ,0,56.0,441,5,笹川翼,宇野博,,1,2:09.8,38.1,5-4-4-2,2,441,5
2025/05/28,浦和,12,カーネーション特別Ｃ２選抜馬ア,2000,ダ,左,良,晴,12,8,11,カネトシシュキン,牡,5,56.0,488,-4,山林信,佐々仁,,2,2:10.5,39.2,2-2-1-1,3,488,-4
2025/05/28,浦和,12,カーネーション特別Ｃ２選抜馬ア,2000,ダ,左,良,晴,12,5,5,ロットゥーラ,牡,5,56.0,466,3,野畑凌,小久智,,3,2:10.7,39.4,1-1-2-3,1,466,3
2025/05/28,浦和,12,カーネーション特別Ｃ２選抜馬ア,2000,ダ,左,良,晴,12,5,6,ポンテドラーゴ,牡,6,56.0,511,13,藤江渉,入口由,,4,2:11.4,39.4,6-6-5-5,6,511,13
2025/05/28,浦和,12,カーネーション特別Ｃ２選抜馬ア,2000,ダ,左,良,晴,12,8,12,リュウノアラス,牡,4,56.0,497,6,小杉亮,川村守,,5,2:11.5,40.0,3-3-3-4,11,497,6
2025/05/28,浦和,12,カーネーション特別Ｃ２選抜馬ア,2000,ダ,左,良,晴,12,4,4,エイシンヘーメラー,牝,5,51.0,423,-3,中山遥,入口由,,6,2:11.5,39.0,9-9-7-7,7,423,-3
2025/05/28,浦和,12,カーネーション特別Ｃ２選抜馬ア,2000,ダ,左,良,晴,12,3,3,クラキンカ,牡,5,56.0,519,-15,加藤和,長谷忍,,7,2:11.6,39.0,10-11-9-8,10,519,-15
2025/05/28,浦和,12,カーネーション特別Ｃ２選抜馬ア,2000,ダ,左,良,晴,12,1,1,セイウンコチョウ,牝,6,54.0,409,3,國分祐,冨田敏,,8,2:12.2,39.9,7-7-6-6,12,409,3
2025/05/28,浦和,12,カーネーション特別Ｃ２選抜馬ア,2000,ダ,左,良,晴,12,7,10,スマイルポピー,牝,5,54.0,479,-4,張田昂,小澤宏,,9,2:12.3,39.4,12-12-12-9,4,479,-4
2025/05/28,浦和,12,カーネーション特別Ｃ２選抜馬ア,2000,ダ,左,良,晴,12,6,8,シェナクラウン,牡,5,56.0,511,2,吉留孝,冨田敏,,10,2:12.6,40.1,11-10-10-10,8,511,2
2025/05/28,浦和,12,カーネーション特別Ｃ２選抜馬ア,2000,ダ,左,良,晴,12,6,7,ビップライアン,牡,4,56.0,515,-2,秋元耕,薮口一,,11,2:13.5,41.0,8-8-8-11,9,515,-2
2025/05/28,浦和,12,カーネーション特別Ｃ２選抜馬ア,2000,ダ,左,良,晴,12,7,9,スーパーキング,牡,4,56.0,524,24,室陽一,宇野博,,12,2:16.1,43.8,4-5-11-12,5,524,24
2025/05/29,浦和,1,３歳九,1400,ダ,左,良,曇,10,6,6,ミズイロアウダクス,牝,3,54.0,499,1,西村栄,伊藤滋,,1,1:30.7,39.7,2-2-1-1,5,499,1
2025/05/29,浦和,1,３歳九,1400,ダ,左,良,曇,10,7,7,マイリトルロマンス,牝,3,54.0,421,-6,岡村健,平山真,,2,1:31.0,39.9,3-3-2-2,3,421,-6
2025/05/29,浦和,1,３歳九,1400,ダ,左,良,曇,10,8,9,カネミツツイスト,牡,3,56.0,444,7,七夕裕,水野貴,,3,1:31.6,39.7,8-7-6-3,1,444,7
2025/05/29,浦和,1,３歳九,1400,ダ,左,良,曇,10,3,3,ヒロノカッター,牡,3,56.0,493,16,加藤和,薮口一,,4,1:32.3,38.9,10-10-10-10,6,493,16
2025/05/29,浦和,1,３歳九,1400,ダ,左,良,曇,10,5,5,リーヴルパラダイス,牝,3,51.0,415,-2,椿聡太,田中力,,5,1:32.4,39.6,9-9-9-7,7,415,-2
2025/05/29,浦和,1,３歳九,1400,ダ,左,良,曇,10,4,4,センエツナガラ,牡,3,56.0,493,11,野畑凌,酒井一,,6,1:32.4,40.8,5-5-4-5,2,493,11
2025/05/29,浦和,1,３歳九,1400,ダ,左,良,曇,10,1,1,ユウユウニコヴィア,牝,3,52.0,422,8,中島良,横山保,,7,1:33.1,41.5,4-4-5-6,8,422,8
2025/05/29,浦和,1,３歳九,1400,ダ,左,良,曇,10,2,2,ロバストウォリアー,牝,3,54.0,450,6,高橋哲,水野貴,,8,1:33.1,42.2,1-1-3-4,9,450,6
2025/05/29,浦和,1,３歳九,1400,ダ,左,良,曇,10,7,8,キンピカ,牡,3,56.0,385,-5,木間龍,工藤伸,,9,1:33.1,40.9,6-6-7-9,4,385,-5
2025/05/29,浦和,1,３歳九,1400,ダ,左,良,曇,10,8,10,レインボーグラン,牝,3,51.0,429,3,中山遥,酒井一,,10,1:33.4,40.9,7-8-8-8,10,429,3
2025/05/29,浦和,2,特選Ｃ３三 四,1400,ダ,左,良,曇,12,3,3,グローリアスフィル,牝,8,54.0,471,2,本田重,新井清,,1,1:30.4,39.8,5-4-4-3,1,471,2
2025/05/29,浦和,2,特選Ｃ３三 四,1400,ダ,左,良,曇,12,6,8,ビギニングドリーム,牝,7,54.0,425,0,櫻井光,八木喜,,2,1:30.7,40.4,3-3-2-2,3,425,0
2025/05/29,浦和,2,特選Ｃ３三 四,1400,ダ,左,良,曇,12,7,9,タイプフェイス,牝,4,54.0,445,5,福原杏,水野貴,,3,1:31.3,38.8,12-12-11-9,2,445,5
2025/05/29,浦和,2,特選Ｃ３三 四,1400,ダ,左,良,曇,12,5,5,マメゾウシンヤ,牡,4,56.0,438,-1,野畑凌,水野貴,,4,1:31.5,39.4,10-11-9-8,7,438,-1
2025/05/29,浦和,2,特選Ｃ３三 四,1400,ダ,左,良,曇,12,4,4,マダムファンタジア,牝,4,54.0,469,10,室陽一,川村守,,5,1:31.5,41.2,2-2-1-1,9,469,10
2025/05/29,浦和,2,特選Ｃ３三 四,1400,ダ,左,良,曇,12,8,12,ステンノー,牝,5,54.0,499,11,秋元耕,小林真,,6,1:31.6,40.4,4-5-5-7,12,499,11
2025/05/29,浦和,2,特選Ｃ３三 四,1400,ダ,左,良,曇,12,7,10,カミヤガルーラ,牡,7,56.0,465,0,見越彬,水上直,,7,1:31.8,39.9,11-10-10-10,5,465,0
2025/05/29,浦和,2,特選Ｃ３三 四,1400,ダ,左,良,曇,12,8,11,ゴールドバニー,牝,5,51.0,490,-5,中山遥,野口孝,,8,1:31.8,40.3,7-6-7-5,10,490,-5
2025/05/29,浦和,2,特選Ｃ３三 四,1400,ダ,左,良,曇,12,6,7,オメガジャスミン,牝,4,54.0,449,3,西啓太,野口孝,,9,1:31.9,40.4,6-7-6-6,8,449,3
2025/05/29,浦和,2,特選Ｃ３三 四,1400,ダ,左,良,曇,12,2,2,ファルコンベガ,牡,4,56.0,480,-19,クアト,野口寛,,10,1:32.3,40.0,8-8-12-12,6,480,-19
2025/05/29,浦和,2,特選Ｃ３三 四,1400,ダ,左,良,曇,12,5,6,ワンダーダイカネン,牡,8,56.0,509,0,赤津和,鈴木勝,,11,1:32.7,41.0,9-9-8-11,11,509,0
2025/05/29,浦和,2,特選Ｃ３三 四,1400,ダ,左,良,曇,12,1,1,エクスプロア,牡,6,56.0,517,9,保園翔,川村守,,12,1:33.2,43.2,1-1-3-4,4,517,9
2025/05/29,浦和,3,特選Ｃ３三 四,1500,ダ,左,良,曇,12,1,1,ミストラ,セ,0,56.0,542,-1,張田昂,村田六,,1,1:37.8,39.3,8-9-7-5,3,542,-1
2025/05/29,浦和,3,特選Ｃ３三 四,1500,ダ,左,良,曇,12,7,10,トノカンショウ,牡,7,56.0,545,-1,篠谷葵,阿井正,,2,1:37.9,39.7,7-7-6-6,4,545,-1
2025/05/29,浦和,3,特選Ｃ３三 四,1500,ダ,左,良,曇,12,8,11,ヤマタケコーチャン,牡,6,56.0,452,4,福原杏,水野貴,,3,1:38.1,39.9,9-8-5-3,6,452,4
2025/05/29,浦和,3,特選Ｃ３三 四,1500,ダ,左,良,曇,12,5,5,マルノアンナ,牝,6,54.0,454,9,室陽一,川村守,,4,1:38.3,40.9,1-1-1-1,5,454,9
2025/05/29,浦和,3,特選Ｃ３三 四,1500,ダ,左,良,曇,12,2,2,ニシノテンカフブ,牡,5,56.0,469,1,吉留孝,吉田正,,5,1:38.6,38.9,12-12-11-8,12,469,1
2025/05/29,浦和,3,特選Ｃ３三 四,1500,ダ,左,良,曇,12,7,9,ジョーカイ,牝,7,54.0,469,1,西啓太,小久智,,6,1:38.7,41.1,2-2-2-2,1,469,1
2025/05/29,浦和,3,特選Ｃ３三 四,1500,ダ,左,良,曇,12,5,6,クロシェノワール,牝,6,54.0,506,-1,秋元耕,酒井一,,7,1:38.8,40.9,5-5-3-4,2,506,-1
2025/05/29,浦和,3,特選Ｃ３三 四,1500,ダ,左,良,曇,12,3,3,インベンション,牝,5,54.0,450,-2,保園翔,長谷忍,,8,1:38.9,39.6,10-10-10-9,8,450,-2
2025/05/29,浦和,3,特選Ｃ３三 四,1500,ダ,左,良,曇,12,4,4,シェナリオン,牡,5,54.0,457,0,中島良,冨田敏,,9,1:39.4,39.9,11-11-12-11,11,457,0
2025/05/29,浦和,3,特選Ｃ３三 四,1500,ダ,左,良,曇,12,6,8,タイムレスブルーム,牡,4,56.0,486,5,クアト,野口孝,,10,1:39.4,41.5,4-4-4-7,7,486,5
2025/05/29,浦和,3,特選Ｃ３三 四,1500,ダ,左,良,曇,12,6,7,アイブライト,牡,5,56.0,480,11,櫻井光,海馬司,,11,1:39.5,41.3,6-6-9-10,10,480,11
2025/05/29,浦和,3,特選Ｃ３三 四,1500,ダ,左,良,曇,12,8,12,ゲットデザイアー,牝,6,54.0,486,22,山中悠,川村守,,12,1:43.8,45.9,3-3-8-12,9,486,22
2025/05/29,浦和,4,３歳八,1400,ダ,左,良,曇,11,6,6,コウユーミューミュ,牝,3,54.0,476,2,町田直,宇野博,,1,1:30.4,38.2,2-2-2-2,1,476,2
2025/05/29,浦和,4,３歳八,1400,ダ,左,良,曇,11,4,4,メイジョウビット,牝,3,54.0,444,-4,藤江渉,酒井一,,2,1:30.7,38.8,1-1-1-1,6,444,-4
2025/05/29,浦和,4,３歳八,1400,ダ,左,良,曇,11,1,1,レインボーサークル,牡,3,56.0,440,1,矢野貴,小久智,,3,1:31.3,38.9,4-3-3-3,2,440,1
2025/05/29,浦和,4,３歳八,1400,ダ,左,良,曇,11,3,3,フィザリス,牡,3,56.0,476,7,篠谷葵,藤原智,,4,1:31.4,38.2,9-9-7-5,4,476,7
2025/05/29,浦和,4,３歳八,1400,ダ,左,良,曇,11,2,2,ブラックアスラーダ,牡,3,56.0,455,-4,西啓太,箕輪武,,5,1:31.8,38.8,6-7-7-7,5,455,-4
2025/05/29,浦和,4,３歳八,1400,ダ,左,良,曇,11,6,7,アースチャン,牝,3,54.0,460,30,七夕裕,箕輪武,,6,1:31.9,39.2,7-6-6-6,3,460,30
2025/05/29,浦和,4,３歳八,1400,ダ,左,良,曇,11,8,10,ジャックルージュ,牡,3,56.0,443,5,保園翔,川村守,,7,1:31.9,39.2,5-5-5-4,7,443,5
2025/05/29,浦和,4,３歳八,1400,ダ,左,良,曇,11,7,9,オレイニウタイマス,牝,3,52.0,452,5,中島良,宇野博,,8,1:32.5,39.1,8-8-9-8,8,452,5
2025/05/29,浦和,4,３歳八,1400,ダ,左,良,曇,11,7,8,クリナデシコ,牝,3,54.0,454,-1,岡田大,冨田敏,,9,1:33.8,41.4,3-4-4-9,9,454,-1
2025/05/29,浦和,4,３歳八,1400,ダ,左,良,曇,11,5,5,フィアレスヒーロー,牡,3,56.0,501,-2,室陽一,川村守,,,,,,,501,-2
2025/05/29,浦和,4,３歳八,1400,ダ,左,良,曇,11,8,11,リアンビーチ,牝,3,54.0,508,-7,赤津和,箕輪武,,,,,,,508,-7
2025/05/29,浦和,5,浦和ファイブチャレンジ３歳七,1400,ダ,左,良,曇,11,7,9,マナコル,牡,3,56.0,517,15,山崎誠,藤原智,,1,1:30.5,38.8,4-5-5-5,2,517,15
2025/05/29,浦和,5,浦和ファイブチャレンジ３歳七,1400,ダ,左,良,曇,11,7,8,クリノウィリアム,牡,3,56.0,472,2,西啓太,水上直,,2,1:31.1,41.0,2-2-1-1,4,472,2
2025/05/29,浦和,5,浦和ファイブチャレンジ３歳七,1400,ダ,左,良,曇,11,5,5,ハシリマッセ,牡,3,56.0,460,11,達城龍,川島豊,,3,1:31.2,38.8,11-10-7-6,6,460,11
2025/05/29,浦和,5,浦和ファイブチャレンジ３歳七,1400,ダ,左,良,曇,11,1,1,セイブザクイーン,牝,3,54.0,487,5,半澤慶,宇野博,,4,1:31.8,40.7,5-4-4-4,5,487,5
2025/05/29,浦和,5,浦和ファイブチャレンジ３歳七,1400,ダ,左,良,曇,11,4,4,クマサンアリガトウ,牝,3,54.0,486,9,福原杏,宇野博,,5,1:32.0,41.9,1-1-2-3,3,486,9
2025/05/29,浦和,5,浦和ファイブチャレンジ３歳七,1400,ダ,左,良,曇,11,8,10,ホームランバッター,牡,3,56.0,502,-4,矢野貴,水野貴,,6,1:32.0,40.1,7-7-6-7,7,502,-4
2025/05/29,浦和,5,浦和ファイブチャレンジ３歳七,1400,ダ,左,良,曇,11,3,3,ビップリアム,牡,3,56.0,462,32,笹川翼,繁田健,,7,1:32.4,42.3,3-3-3-2,1,462,32
2025/05/29,浦和,5,浦和ファイブチャレンジ３歳七,1400,ダ,左,良,曇,11,6,6,クレストライン,牝,3,54.0,438,9,保園翔,入口由,,8,1:32.5,39.7,10-11-10-10,11,438,9
2025/05/29,浦和,5,浦和ファイブチャレンジ３歳七,1400,ダ,左,良,曇,11,8,11,ブーシェノワール,牝,3,54.0,417,0,藤江渉,酒井一,,9,1:32.7,40.3,9-8-9-9,9,417,0
2025/05/29,浦和,5,浦和ファイブチャレンジ３歳七,1400,ダ,左,良,曇,11,6,7,ダイノメロディ,牡,3,56.0,458,10,篠谷葵,藤原智,,10,1:33.4,40.7,8-9-11-11,8,458,10
2025/05/29,浦和,5,浦和ファイブチャレンジ３歳七,1400,ダ,左,良,曇,11,2,2,ショウワスタイル,牡,3,56.0,459,10,秋元耕,海馬司,,11,1:33.4,41.3,6-6-8-8,10,459,10
2025/05/29,浦和,6,浦和８００ラウンドＣ２選抜馬イ,800,ダ,左,良,曇,12,1,1,クインズハッピー,牝,6,54.0,453,-6,七夕裕,小林真,,1,0:47.6,35.0,4-4,5,453,-6
2025/05/29,浦和,6,浦和８００ラウンドＣ２選抜馬イ,800,ダ,左,良,曇,12,4,4,チーフルガール,牝,4,54.0,422,6,矢野貴,箕輪武,,2,0:47.6,35.2,2-2,1,422,6
2025/05/29,浦和,6,浦和８００ラウンドＣ２選抜馬イ,800,ダ,左,良,曇,12,6,8,ダンストンムート,牝,5,54.0,466,11,見越彬,野口孝,,3,0:47.7,35.5,1-1,3,466,11
2025/05/29,浦和,6,浦和８００ラウンドＣ２選抜馬イ,800,ダ,左,良,曇,12,8,11,ルージュルージュ,牝,4,54.0,449,-2,保園翔,長谷忍,,4,0:48.1,35.7,3-3,2,449,-2
2025/05/29,浦和,6,浦和８００ラウンドＣ２選抜馬イ,800,ダ,左,良,曇,12,5,5,ピースリアン,牡,8,56.0,487,-1,赤津和,横山保,,5,0:48.3,35.4,6-5,11,487,-1
2025/05/29,浦和,6,浦和８００ラウンドＣ２選抜馬イ,800,ダ,左,良,曇,12,5,6,ナリノビスケッツ,牝,5,54.0,479,2,池谷匠,内田勝,,6,0:48.5,35.6,5-6,6,479,2
2025/05/29,浦和,6,浦和８００ラウンドＣ２選抜馬イ,800,ダ,左,良,曇,12,2,2,ダークファンタジー,牝,4,54.0,437,8,本田重,水野貴,,7,0:48.9,35.7,10-10,8,437,8
2025/05/29,浦和,6,浦和８００ラウンドＣ２選抜馬イ,800,ダ,左,良,曇,12,3,3,ワタシハマジョ,牝,5,54.0,468,-3,西啓太,鹿沼和,,8,0:49.2,35.5,12-12,4,468,-3
2025/05/29,浦和,6,浦和８００ラウンドＣ２選抜馬イ,800,ダ,左,良,曇,12,7,10,ライスライス,牝,4,54.0,406,-6,室陽一,小澤宏,,9,0:49.4,36.5,8-7,9,406,-6
2025/05/29,浦和,6,浦和８００ラウンドＣ２選抜馬イ,800,ダ,左,良,曇,12,7,9,レジーナデッラネラ,牝,4,54.0,420,2,半澤慶,宇野博,,10,0:49.6,36.7,7-8,10,420,2
2025/05/29,浦和,6,浦和８００ラウンドＣ２選抜馬イ,800,ダ,左,良,曇,12,8,12,ベアビー,牝,4,52.0,469,18,中島良,川島豊,,11,0:49.6,36.7,9-9,7,469,18
2025/05/29,浦和,6,浦和８００ラウンドＣ２選抜馬イ,800,ダ,左,良,曇,12,6,7,キミニメロメロ,牝,4,54.0,456,1,秋元耕,吉田正,,12,0:49.8,36.5,11-11,12,456,1
2025/05/29,浦和,7,上尾市観光協会あっぽ賞Ｃ２選抜馬ア,800,ダ,左,良,曇,11,8,11,リュミヌーフィーユ,牝,5,54.0,521,-3,福原杏,繁田健,,1,0:47.2,34.8,1-1,2,521,-3
2025/05/29,浦和,7,上尾市観光協会あっぽ賞Ｃ２選抜馬ア,800,ダ,左,良,曇,11,7,9,ビヴァアカプルコ,牝,5,54.0,510,12,見越彬,水上直,,2,0:47.5,34.7,2-2,1,510,12
2025/05/29,浦和,7,上尾市観光協会あっぽ賞Ｃ２選抜馬ア,800,ダ,左,良,曇,11,6,6,ニシノソレガシ,セ,0,56.0,528,4,吉留孝,冨田敏,,3,0:48.0,35.1,4-4,5,528,4
2025/05/29,浦和,7,上尾市観光協会あっぽ賞Ｃ２選抜馬ア,800,ダ,左,良,曇,11,6,7,ロードサミット,牡,5,56.0,485,-10,菅原涼,長谷忍,,4,0:48.0,35.2,3-3,4,485,-10
2025/05/29,浦和,7,上尾市観光協会あっぽ賞Ｃ２選抜馬ア,800,ダ,左,良,曇,11,7,8,ファンファン,牡,8,56.0,469,4,赤津和,箕輪武,,5,0:48.3,35.4,6-5,3,469,4
2025/05/29,浦和,7,上尾市観光協会あっぽ賞Ｃ２選抜馬ア,800,ダ,左,良,曇,11,3,3,ミヤジミニー,牝,5,51.0,435,1,神尾香,田邊陽,,6,0:48.7,35.6,7-6,8,435,1
2025/05/29,浦和,7,上尾市観光協会あっぽ賞Ｃ２選抜馬ア,800,ダ,左,良,曇,11,2,2,ハイブリッチライト,牡,5,56.0,483,2,藤江渉,山田正,,7,0:49.2,34.9,11-9,10,483,2
2025/05/29,浦和,7,上尾市観光協会あっぽ賞Ｃ２選抜馬ア,800,ダ,左,良,曇,11,5,5,アグニレディアンス,牝,5,54.0,492,4,秋元耕,野口寛,,8,0:49.5,36.0,8-8,6,492,4
2025/05/29,浦和,7,上尾市観光協会あっぽ賞Ｃ２選抜馬ア,800,ダ,左,良,曇,11,8,10,レガシーオブエリザ,牝,4,54.0,441,7,岡田大,鹿沼和,,9,0:49.5,35.7,9-10,9,441,7
2025/05/29,浦和,7,上尾市観光協会あっぽ賞Ｃ２選抜馬ア,800,ダ,左,良,曇,11,4,4,プラウサス,牡,6,56.0,515,16,室陽一,酒井一,,10,0:49.7,36.8,5-7,7,515,16
2025/05/29,浦和,7,上尾市観光協会あっぽ賞Ｃ２選抜馬ア,800,ダ,左,良,曇,11,1,1,ルヴァンモンスター,牡,5,56.0,507,2,高橋哲,鈴木勝,,11,0:50.2,36.4,10-11,11,507,2
2025/05/29,浦和,8,葉桜特別Ｃ２二,1500,ダ,左,良,曇,12,6,7,エイシンゾディアク,牡,4,56.0,452,-1,七夕裕,横山保,,1,1:35.8,37.8,5-4-2-2,1,452,-1
2025/05/29,浦和,8,葉桜特別Ｃ２二,1500,ダ,左,良,曇,12,4,4,ビックリマーク,牡,4,56.0,510,0,笹川翼,藤原智,,2,1:36.2,38.3,1-1-1-1,2,510,0
2025/05/29,浦和,8,葉桜特別Ｃ２二,1500,ダ,左,良,曇,12,1,1,ショコラエクレール,牝,4,54.0,457,-1,保園翔,入口由,,3,1:36.4,38.1,4-5-4-3,3,457,-1
2025/05/29,浦和,8,葉桜特別Ｃ２二,1500,ダ,左,良,曇,12,5,5,マーシャルテイル,牡,4,56.0,488,17,加藤和,入口由,,4,1:37.6,39.6,2-2-3-4,9,488,17
2025/05/29,浦和,8,葉桜特別Ｃ２二,1500,ダ,左,良,曇,12,7,10,リコールイーズ,牝,6,54.0,539,8,藤本現,繁田健,,5,1:37.7,38.9,12-11-8-7,6,539,8
2025/05/29,浦和,8,葉桜特別Ｃ２二,1500,ダ,左,良,曇,12,6,8,ジャストチャックル,牝,4,52.0,453,-8,中島良,小澤宏,,6,1:37.7,38.3,11-12-11-8,11,453,-8
2025/05/29,浦和,8,葉桜特別Ｃ２二,1500,ダ,左,良,曇,12,8,12,ウインブリエ,牝,4,54.0,512,4,福原杏,平山真,,7,1:37.7,39.1,6-7-6-5,5,512,4
2025/05/29,浦和,8,葉桜特別Ｃ２二,1500,ダ,左,良,曇,12,5,6,ジョーサルーテ,牝,4,54.0,461,-2,見越彬,小久智,,8,1:37.9,39.5,3-3-5-6,4,461,-2
2025/05/29,浦和,8,葉桜特別Ｃ２二,1500,ダ,左,良,曇,12,8,11,エーテルノカゼ,牝,5,54.0,422,-2,岡村裕,八木喜,,9,1:38.3,39.2,8-10-9-11,10,422,-2
2025/05/29,浦和,8,葉桜特別Ｃ２二,1500,ダ,左,良,曇,12,2,2,ピースウォリアー,牡,4,56.0,501,9,野畑凌,箕輪武,,10,1:38.3,39.7,7-6-7-10,8,501,9
2025/05/29,浦和,8,葉桜特別Ｃ２二,1500,ダ,左,良,曇,12,7,9,ヴァルトビューネ,牡,5,56.0,538,-1,矢野貴,田島寿,,11,1:38.7,39.5,9-9-10-12,7,538,-1
2025/05/29,浦和,8,葉桜特別Ｃ２二,1500,ダ,左,良,曇,12,3,3,ユッカラン,牝,4,54.0,461,2,秋元耕,薮口一,,12,1:39.0,39.8,10-8-12-9,12,461,2
2025/05/29,浦和,9,双子座特別Ｃ１二,1400,ダ,左,良,曇,13,6,9,ラブアンドハピネス,牝,4,54.0,430,5,半澤慶,平山真,,1,1:28.4,38.6,8-8-6-3,4,430,5
2025/05/29,浦和,9,双子座特別Ｃ１二,1400,ダ,左,良,曇,13,1,1,プラティクレール,牝,5,54.0,497,27,本田重,水野貴,,2,1:28.5,39.6,1-1-1-1,2,497,27
2025/05/29,浦和,9,双子座特別Ｃ１二,1400,ダ,左,良,曇,13,5,7,エーステンペスト,牡,4,55.0,434,1,鷹見陸,佐々仁,,3,1:28.7,38.5,9-9-10-6,13,434,1
2025/05/29,浦和,9,双子座特別Ｃ１二,1400,ダ,左,良,曇,13,6,8,ベストリターナー,セ,0,56.0,537,1,笹川翼,宇野博,,4,1:28.9,39.9,3-2-2-2,1,537,1
2025/05/29,浦和,9,双子座特別Ｃ１二,1400,ダ,左,良,曇,13,4,5,ディナトセレーネ,牝,5,54.0,465,-7,矢野貴,林　幻,,5,1:28.9,39.4,6-7-4-5,3,465,-7
2025/05/29,浦和,9,双子座特別Ｃ１二,1400,ダ,左,良,曇,13,7,10,サノノタルマエ,牝,5,54.0,470,4,達城龍,川島豊,,6,1:29.4,39.9,5-5-5-4,7,470,4
2025/05/29,浦和,9,双子座特別Ｃ１二,1400,ダ,左,良,曇,13,8,13,フロネシス,牝,6,54.0,481,-2,澤田龍,山下之,,7,1:29.6,39.4,10-10-11-9,6,481,-2
2025/05/29,浦和,9,双子座特別Ｃ１二,1400,ダ,左,良,曇,13,2,2,アリハッピー,牝,4,54.0,437,-3,今野忠,安池成,,8,1:29.6,39.8,7-6-8-7,5,437,-3
2025/05/29,浦和,9,双子座特別Ｃ１二,1400,ダ,左,良,曇,13,4,4,ゴルトレオパルト,牡,5,56.0,491,-16,吉留孝,箕輪武,,9,1:30.1,39.0,13-13-13-13,12,491,-16
2025/05/29,浦和,9,双子座特別Ｃ１二,1400,ダ,左,良,曇,13,5,6,ヴァネロペ,牝,6,54.0,477,-8,山口達,林正人,,10,1:30.1,39.5,12-12-12-12,8,477,-8
2025/05/29,浦和,9,双子座特別Ｃ１二,1400,ダ,左,良,曇,13,3,3,ロードアスタリスク,牡,5,56.0,491,-4,木間龍,吉田正,,11,1:30.8,40.6,11-11-9-10,9,491,-4
2025/05/29,浦和,9,双子座特別Ｃ１二,1400,ダ,左,良,曇,13,8,12,ウルトラワールド,牡,5,56.0,465,2,七夕裕,鹿沼和,,12,1:30.9,41.7,2-3-3-8,11,465,2
2025/05/29,浦和,9,双子座特別Ｃ１二,1400,ダ,左,良,曇,13,7,11,ディセントラライズ,牡,4,56.0,455,1,室陽一,小久智,,13,1:30.9,41.4,4-4-7-11,10,455,1
2025/05/29,浦和,10,Ｊ交 マルチステッキ特別Ｂ２Ｂ３選抜馬,1400,ダ,左,良,曇,12,1,1,エナジーポコアポコ,牡,5,57.0,462,2,澤田龍,繁田健,,1,1:27.8,37.7,4-5-4-1,5,462,2
2025/05/29,浦和,10,Ｊ交 マルチステッキ特別Ｂ２Ｂ３選抜馬,1400,ダ,左,良,曇,12,8,12,モニュメントキング,牡,9,57.0,504,-7,野畑凌,箕輪武,,2,1:27.8,38.1,1-1-1-2,4,504,-7
2025/05/29,浦和,10,Ｊ交 マルチステッキ特別Ｂ２Ｂ３選抜馬,1400,ダ,左,良,曇,12,3,3,ブルーゴールド,牡,5,55.0,518,14,長浜鴻,根本康,,3,1:28.2,37.6,11-9-9-3,6,518,14
2025/05/29,浦和,10,Ｊ交 マルチステッキ特別Ｂ２Ｂ３選抜馬,1400,ダ,左,良,曇,12,4,4,イエローベリル,牝,6,55.0,438,-4,柴田大,林　徹,,4,1:28.8,38.7,8-6-5-5,8,438,-4
2025/05/29,浦和,10,Ｊ交 マルチステッキ特別Ｂ２Ｂ３選抜馬,1400,ダ,左,良,曇,12,6,7,トーセンジェミニ,牝,5,53.0,440,0,笹川翼,小久智,,5,1:29.0,39.1,3-3-3-4,3,440,0
2025/05/29,浦和,10,Ｊ交 マルチステッキ特別Ｂ２Ｂ３選抜馬,1400,ダ,左,良,曇,12,7,10,ゴンザーゴ,牡,4,57.0,470,-2,原優介,黒岩陽,,6,1:29.1,38.5,12-11-10-6,2,470,-2
2025/05/29,浦和,10,Ｊ交 マルチステッキ特別Ｂ２Ｂ３選抜馬,1400,ダ,左,良,曇,12,2,2,カナオールウェイズ,牡,5,57.0,512,3,達城龍,野口寛,,7,1:29.2,39.1,7-8-8-8,1,512,3
2025/05/29,浦和,10,Ｊ交 マルチステッキ特別Ｂ２Ｂ３選抜馬,1400,ダ,左,良,曇,12,7,9,クレッシェンド,牝,5,55.0,473,15,菅原隆,小手準,,8,1:29.8,38.8,10-12-11-11,12,473,15
2025/05/29,浦和,10,Ｊ交 マルチステッキ特別Ｂ２Ｂ３選抜馬,1400,ダ,左,良,曇,12,6,8,パトジュニア,牡,4,57.0,515,1,山中悠,小崎憲,,9,1:29.9,39.8,6-7-7-9,7,515,1
2025/05/29,浦和,10,Ｊ交 マルチステッキ特別Ｂ２Ｂ３選抜馬,1400,ダ,左,良,曇,12,8,11,ツカサレヴズ,牡,5,55.0,485,-4,町田直,高月賢,,10,1:30.0,39.2,9-10-12-12,10,485,-4
2025/05/29,浦和,10,Ｊ交 マルチステッキ特別Ｂ２Ｂ３選抜馬,1400,ダ,左,良,曇,12,5,5,ファットドラゴン,牡,4,57.0,454,2,仲野光,渋谷博,,11,1:30.9,40.9,5-4-6-10,9,454,2
2025/05/29,浦和,10,Ｊ交 マルチステッキ特別Ｂ２Ｂ３選抜馬,1400,ダ,左,良,曇,12,5,6,シャインヴィーナス,牝,4,55.0,453,15,黛弘人,伊坂重,,12,1:31.6,41.7,2-2-2-7,10,453,15
2025/05/29,浦和,11,五月特別Ａ２下,1500,ダ,左,良,曇,11,6,6,マーブルマカロン,牝,5,55.0,459,6,笹川翼,藤田輝,,1,1:33.9,37.9,4-5-5-3,2,459,6
2025/05/29,浦和,11,五月特別Ａ２下,1500,ダ,左,良,曇,11,4,4,モズリッキー,牡,6,57.0,489,15,町田直,繁田健,,2,1:34.0,38.3,5-4-4-2,1,489,15
2025/05/29,浦和,11,五月特別Ａ２下,1500,ダ,左,良,曇,11,1,1,バトルバーリライ,牡,9,57.0,480,2,張田昂,森下淳,,3,1:34.1,37.7,7-7-7-5,3,480,2
2025/05/29,浦和,11,五月特別Ａ２下,1500,ダ,左,良,曇,11,3,3,グレートジャーニー,牡,5,57.0,480,-1,西啓太,小久智,,4,1:34.5,37.7,10-9-8-7,8,480,-1
2025/05/29,浦和,11,五月特別Ａ２下,1500,ダ,左,良,曇,11,8,11,アメリカンシード,牡,8,56.0,484,-15,鷹見陸,藤田輝,,5,1:34.9,39.9,1-1-1-1,4,484,-15
2025/05/29,浦和,11,五月特別Ａ２下,1500,ダ,左,良,曇,11,6,7,エアポートライナー,牡,5,57.0,572,16,野畑凌,小久智,,6,1:35.1,39.5,2-2-2-4,5,572,16
2025/05/29,浦和,11,五月特別Ａ２下,1500,ダ,左,良,曇,11,2,2,セルフメイド,牡,7,57.0,507,-4,木間龍,矢野義,,7,1:35.2,39.6,3-3-3-6,6,507,-4
2025/05/29,浦和,11,五月特別Ａ２下,1500,ダ,左,良,曇,11,7,9,アムクラージュ,牡,4,57.0,524,-6,山崎誠,藤原智,,8,1:35.7,39.5,8-6-6-8,10,524,-6
2025/05/29,浦和,11,五月特別Ａ２下,1500,ダ,左,良,曇,11,5,5,フレールフィーユ,セ,0,57.0,493,5,保園翔,野口寛,,9,1:36.6,39.7,9-10-9-9,11,493,5
2025/05/29,浦和,11,五月特別Ａ２下,1500,ダ,左,良,曇,11,7,8,ブラックオパール,牝,6,53.0,525,9,福原杏,平山真,,10,1:37.9,41.2,6-8-10-10,9,525,9
2025/05/29,浦和,11,五月特別Ａ２下,1500,ダ,左,良,曇,11,8,10,ミズワリヲクダサイ,牡,5,57.0,481,6,室陽一,宇野博,,11,1:38.1,40.9,11-11-11-11,7,481,6
2025/05/29,浦和,12,新緑特別Ｃ３選抜馬イ,2000,ダ,左,良,曇,11,1,1,ラムダ,牡,7,56.0,486,-5,藤江渉,平田正,,1,2:12.9,39.3,1-1-1-1,2,486,-5
2025/05/29,浦和,12,新緑特別Ｃ３選抜馬イ,2000,ダ,左,良,曇,11,7,9,ビーチガール,牝,5,54.0,448,10,七夕裕,小林真,,2,2:13.5,39.3,6-6-2-2,1,448,10
2025/05/29,浦和,12,新緑特別Ｃ３選抜馬イ,2000,ダ,左,良,曇,11,2,2,ディープトラスト,牝,5,54.0,451,1,見越彬,川島豊,,3,2:14.0,40.0,2-2-3-3,6,451,1
2025/05/29,浦和,12,新緑特別Ｃ３選抜馬イ,2000,ダ,左,良,曇,11,6,7,パルメニデス,牡,6,56.0,431,1,野畑凌,長谷忍,,4,2:14.4,39.6,8-8-6-5,5,431,1
2025/05/29,浦和,12,新緑特別Ｃ３選抜馬イ,2000,ダ,左,良,曇,11,4,4,シェナグローリー,牝,5,54.0,475,0,加藤和,冨田敏,,5,2:14.7,39.2,9-9-10-7,9,475,0
2025/05/29,浦和,12,新緑特別Ｃ３選抜馬イ,2000,ダ,左,良,曇,11,3,3,スターコマチ,牝,6,54.0,424,0,半澤慶,川村守,,6,2:14.8,40.5,5-4-5-4,7,424,0
2025/05/29,浦和,12,新緑特別Ｃ３選抜馬イ,2000,ダ,左,良,曇,11,7,8,ストームシャドウ,牡,6,56.0,484,0,笠野雄,佐々清,,7,2:14.9,40.1,7-7-8-9,8,484,0
2025/05/29,浦和,12,新緑特別Ｃ３選抜馬イ,2000,ダ,左,良,曇,11,8,10,シェナハート,牝,6,54.0,438,2,國分祐,冨田敏,,8,2:15.0,40.4,4-5-7-8,11,438,2
2025/05/29,浦和,12,新緑特別Ｃ３選抜馬イ,2000,ダ,左,良,曇,11,8,11,カバロプレト,牡,6,56.0,437,5,室陽一,入口由,,9,2:15.1,41.0,3-3-4-6,4,437,5
2025/05/29,浦和,12,新緑特別Ｃ３選抜馬イ,2000,ダ,左,良,曇,11,6,6,ヤマブキ,牡,5,54.0,501,8,中島良,鹿沼和,,10,2:15.2,39.9,10-10-9-10,3,501,8
2025/05/29,浦和,12,新緑特別Ｃ３選抜馬イ,2000,ダ,左,良,曇,11,5,5,チャームフォラック,牝,9,54.0,488,-3,高橋哲,川村守,,11,2:15.8,39.5,11-11-11-11,10,488,-3
2025/05/30,浦和,1,３歳十,1300,ダ,左,不良,雨,9,3,3,ブバルディア,牡,3,56.0,0,0,秋元耕,野口寛,,1,1:22.2,36.6,6-7-5-2,3,0,0
2025/05/30,浦和,1,３歳十,1300,ダ,左,不良,雨,9,8,8,イマキュレイト,牡,3,56.0,0,0,笹川翼,水上直,,2,1:22.2,37.7,1-1-1-1,1,0,0
2025/05/30,浦和,1,３歳十,1300,ダ,左,不良,雨,9,4,4,メラ,牝,3,54.0,536,1,加藤和,長谷忍,,3,1:24.0,38.9,2-3-3-3,2,536,1
2025/05/30,浦和,1,３歳十,1300,ダ,左,不良,雨,9,2,2,ゴールドアメリカン,牡,3,56.0,0,0,高橋哲,野口孝,,4,1:24.4,38.4,8-8-8-6,5,0,0
2025/05/30,浦和,1,３歳十,1300,ダ,左,不良,雨,9,8,9,リュウノコウ,牡,3,56.0,494,-1,達城龍,野口孝,,5,1:24.5,39.7,3-2-2-4,4,494,-1
2025/05/30,浦和,1,３歳十,1300,ダ,左,不良,雨,9,6,6,モーモーネイビー,牝,3,54.0,456,-1,半澤慶,海馬司,,6,1:24.6,39.3,5-5-6-5,6,456,-1
2025/05/30,浦和,1,３歳十,1300,ダ,左,不良,雨,9,7,7,ミユノバラ,牝,3,52.0,414,7,中島良,平山真,,7,1:26.4,41.3,7-4-4-7,7,414,7
2025/05/30,浦和,1,３歳十,1300,ダ,左,不良,雨,9,5,5,オーグファルコン,牡,3,56.0,463,-5,吉留孝,薮口一,,8,1:27.2,41.5,4-6-7-8,8,463,-5
2025/05/30,浦和,1,３歳十,1300,ダ,左,不良,雨,9,1,1,ベビーヴァギー,牝,3,54.0,0,0,保園翔,野口寛,,,,,,,0,0
2025/05/30,浦和,2,特選Ｃ３二,1400,ダ,左,不良,雨,12,1,1,キタサンリボン,牝,6,54.0,487,5,秋元耕,繁田健,,1,1:27.7,39.0,1-1-1-1,1,487,5
2025/05/30,浦和,2,特選Ｃ３二,1400,ダ,左,不良,雨,12,6,7,ワンダーフィール,牡,4,56.0,488,0,高橋哲,鈴木勝,,2,1:28.0,38.2,6-7-6-2,9,488,0
2025/05/30,浦和,2,特選Ｃ３二,1400,ダ,左,不良,雨,12,7,10,ツーエムタイガー,牡,7,56.0,460,-4,山中悠,田中力,,3,1:28.6,38.8,8-6-5-3,3,460,-4
2025/05/30,浦和,2,特選Ｃ３二,1400,ダ,左,不良,雨,12,7,9,メイショウベニバナ,牝,5,54.0,464,8,菅原涼,長谷忍,,4,1:28.8,39.9,3-2-2-4,6,464,8
2025/05/30,浦和,2,特選Ｃ３二,1400,ダ,左,不良,雨,12,8,11,プリンセスサクラ,牝,4,54.0,429,4,見越彬,鹿沼和,,5,1:28.9,39.5,4-4-3-5,5,429,4
2025/05/30,浦和,2,特選Ｃ３二,1400,ダ,左,不良,雨,12,4,4,レゲエフレイバー,牡,4,56.0,451,0,野畑凌,繁田健,,6,1:29.1,38.8,10-10-9-10,2,451,0
2025/05/30,浦和,2,特選Ｃ３二,1400,ダ,左,不良,雨,12,6,8,ナリタアンビション,牝,5,54.0,414,6,七夕裕,川島豊,,7,1:29.2,38.8,9-9-10-9,8,414,6
2025/05/30,浦和,2,特選Ｃ３二,1400,ダ,左,不良,雨,12,5,5,ピノモラーン,牡,7,56.0,489,-3,達城龍,野口孝,,8,1:29.4,39.6,7-8-7-6,7,489,-3
2025/05/30,浦和,2,特選Ｃ３二,1400,ダ,左,不良,雨,12,2,2,イタリアンゴールド,セ,0,53.0,419,-9,椿聡太,伊藤滋,,9,1:30.0,38.6,12-12-12-12,10,419,-9
2025/05/30,浦和,2,特選Ｃ３二,1400,ダ,左,不良,雨,12,8,12,クインズシリウス,牝,4,54.0,429,5,半澤慶,宇野博,,10,1:30.1,40.3,5-5-8-8,11,429,5
2025/05/30,浦和,2,特選Ｃ３二,1400,ダ,左,不良,雨,12,5,6,クラダイリン,牝,5,54.0,520,-1,笠野雄,長谷忍,,11,1:30.3,39.7,11-11-11-11,12,520,-1
2025/05/30,浦和,2,特選Ｃ３二,1400,ダ,左,不良,雨,12,3,3,ユウユウグリュック,牝,8,52.0,457,5,中島良,横山保,,12,1:30.8,41.4,2-3-4-7,4,457,5
2025/05/30,浦和,3,特選２歳一,1400,ダ,左,不良,雨,5,2,2,ドリームファイター,牡,2,54.0,497,5,矢野貴,小久智,,1,1:27.8,37.9,1-1-1-1,1,497,5
2025/05/30,浦和,3,特選２歳一,1400,ダ,左,不良,雨,5,4,4,ネイビーシンデレラ,牝,2,54.0,458,6,七夕裕,鹿沼和,,2,1:29.0,39.1,2-2-2-2,2,458,6
2025/05/30,浦和,3,特選２歳一,1400,ダ,左,不良,雨,5,5,5,ミーチャン,牝,2,54.0,431,-1,櫻井光,秋山直,,3,1:31.6,39.3,4-4-4-4,3,431,-1
2025/05/30,浦和,3,特選２歳一,1400,ダ,左,不良,雨,5,3,3,オーデンシェル,牝,2,54.0,380,10,秋元耕,薮口一,,4,1:31.6,39.5,3-3-3-3,4,380,10
2025/05/30,浦和,3,特選２歳一,1400,ダ,左,不良,雨,5,1,1,ユウユウクープ,牝,2,54.0,415,-1,藤江渉,武井和,,5,1:32.3,40.0,5-5-5-5,5,415,-1
2025/05/30,浦和,4,浦和８００ラウンド３歳選抜馬イ,800,ダ,左,不良,雨,10,3,3,ハワイアンジュエル,牡,3,55.0,479,0,西啓太,伊藤滋,,1,0:46.9,34.3,4-3,4,479,0
2025/05/30,浦和,4,浦和８００ラウンド３歳選抜馬イ,800,ダ,左,不良,雨,10,8,10,ミラコロエクラ,牝,3,53.0,464,2,山中悠,小澤宏,,2,0:47.1,34.5,2-1,1,464,2
2025/05/30,浦和,4,浦和８００ラウンド３歳選抜馬イ,800,ダ,左,不良,雨,10,1,1,ラブアンドビーンズ,牝,3,50.0,473,-7,中山遥,水上直,,3,0:47.6,35.5,1-2,5,473,-7
2025/05/30,浦和,4,浦和８００ラウンド３歳選抜馬イ,800,ダ,左,不良,雨,10,4,4,ミラコロヴァーグ,牡,3,55.0,470,1,秋元耕,小澤宏,,4,0:47.7,34.5,9-4,7,470,1
2025/05/30,浦和,4,浦和８００ラウンド３歳選抜馬イ,800,ダ,左,不良,雨,10,5,5,カクシンドリーム,牝,3,53.0,406,-2,木間龍,酒井一,,5,0:48.3,35.7,5-5,9,406,-2
2025/05/30,浦和,4,浦和８００ラウンド３歳選抜馬イ,800,ダ,左,不良,雨,10,7,7,ユウユウキーン,牝,3,54.0,434,12,福原杏,入口由,,6,0:48.4,35.4,8-6,8,434,12
2025/05/30,浦和,4,浦和８００ラウンド３歳選抜馬イ,800,ダ,左,不良,雨,10,8,9,クィーンサンサ,牝,3,53.0,453,-7,佐野遥,八木喜,,7,0:48.6,36.0,6-8,3,453,-7
2025/05/30,浦和,4,浦和８００ラウンド３歳選抜馬イ,800,ダ,左,不良,雨,10,6,6,ホロキキ,牝,3,53.0,437,-5,菅原涼,藤原智,,8,0:48.7,36.4,3-7,2,437,-5
2025/05/30,浦和,4,浦和８００ラウンド３歳選抜馬イ,800,ダ,左,不良,雨,10,2,2,アップルシーフ,牝,3,54.0,453,20,篠谷葵,野口寛,,9,0:49.0,35.0,10-10,6,453,20
2025/05/30,浦和,4,浦和８００ラウンド３歳選抜馬イ,800,ダ,左,不良,雨,10,7,8,ダブルエックス,牡,3,55.0,435,6,藤本現,川村守,,10,0:50.4,37.8,7-9,10,435,6
2025/05/30,浦和,5,浦和８００ラウンド３歳選抜馬ア,800,ダ,左,不良,雨,10,7,8,メイメイメファ,牝,3,54.0,445,5,岡村健,山本学,,1,0:46.6,34.1,4-2,3,445,5
2025/05/30,浦和,5,浦和８００ラウンド３歳選抜馬ア,800,ダ,左,不良,雨,10,5,5,アイアンピッチ,牝,3,54.0,447,7,櫻井光,佐藤博,,2,0:46.7,33.9,6-4,4,447,7
2025/05/30,浦和,5,浦和８００ラウンド３歳選抜馬ア,800,ダ,左,不良,雨,10,3,3,ネバーエンドマーチ,牡,3,56.0,464,-10,笹川翼,高月賢,,3,0:47.0,35.0,2-3,1,464,-10
2025/05/30,浦和,5,浦和８００ラウンド３歳選抜馬ア,800,ダ,左,不良,雨,10,2,2,ディスラプター,牡,3,58.0,433,-7,野畑凌,秋山直,,4,0:47.1,35.1,1-1,2,433,-7
2025/05/30,浦和,5,浦和８００ラウンド３歳選抜馬ア,800,ダ,左,不良,雨,10,1,1,バーディートライ,牡,3,56.0,452,2,佐野遥,高月賢,,5,0:47.3,34.0,10-6,7,452,2
2025/05/30,浦和,5,浦和８００ラウンド３歳選抜馬ア,800,ダ,左,不良,雨,10,6,6,ボルドーティラミス,牝,3,54.0,449,-3,町田直,田邊陽,,6,0:47.5,34.4,9-8,5,449,-3
2025/05/30,浦和,5,浦和８００ラウンド３歳選抜馬ア,800,ダ,左,不良,雨,10,7,7,エポナメロディー,牝,3,54.0,431,3,藤江渉,平田正,,7,0:47.6,34.8,7-7,9,431,3
2025/05/30,浦和,5,浦和８００ラウンド３歳選抜馬ア,800,ダ,左,不良,雨,10,4,4,ビナベンチェ,牝,3,54.0,431,0,木間龍,酒井一,,8,0:47.8,35.6,3-5,8,431,0
2025/05/30,浦和,5,浦和８００ラウンド３歳選抜馬ア,800,ダ,左,不良,雨,10,8,10,クラパッション,牝,3,55.0,489,4,山崎誠,藤原智,,9,0:48.2,35.8,5-9,6,489,4
2025/05/30,浦和,5,浦和８００ラウンド３歳選抜馬ア,800,ダ,左,不良,雨,10,8,9,カシノナイスガイ,牡,3,57.0,477,10,吉留孝,野口寛,,10,0:48.3,35.3,8-10,10,477,10
2025/05/30,浦和,6,Ｃ２九,1500,ダ,左,不良,曇,10,5,5,ヘヴンズクライ,牡,4,56.0,427,-5,篠谷葵,藤原智,,1,1:35.0,37.4,9-8-6-2,5,427,-5
2025/05/30,浦和,6,Ｃ２九,1500,ダ,左,不良,曇,10,2,2,リオンポラリス,牡,6,56.0,485,-4,町田直,内田勝,,2,1:35.0,38.3,4-4-4-5,1,485,-4
2025/05/30,浦和,6,Ｃ２九,1500,ダ,左,不良,曇,10,7,7,ワイルドダンク,牡,5,56.0,483,0,山崎誠,藤原智,,3,1:35.1,38.8,1-1-1-1,2,483,0
2025/05/30,浦和,6,Ｃ２九,1500,ダ,左,不良,曇,10,7,8,ワンラヴ,牝,7,54.0,433,-4,山中悠,阿井正,,4,1:35.5,38.5,5-5-5-6,8,433,-4
2025/05/30,浦和,6,Ｃ２九,1500,ダ,左,不良,曇,10,1,1,ロンギングキイ,牝,4,54.0,482,7,秋元耕,箕輪武,,5,1:35.9,39.5,2-2-2-3,4,482,7
2025/05/30,浦和,6,Ｃ２九,1500,ダ,左,不良,曇,10,8,10,シルバーサドル,牡,6,56.0,436,1,藤江渉,甲田悟,,6,1:36.2,39.8,3-3-3-4,3,436,1
2025/05/30,浦和,6,Ｃ２九,1500,ダ,左,不良,曇,10,3,3,トゥジアース,牡,6,56.0,511,4,木間龍,工藤伸,,7,1:36.3,38.9,7-6-7-7,6,511,4
2025/05/30,浦和,6,Ｃ２九,1500,ダ,左,不良,曇,10,4,4,タイニーパワー,牡,8,56.0,460,2,吉留孝,薮口一,,8,1:36.3,38.3,6-7-8-8,9,460,2
2025/05/30,浦和,6,Ｃ２九,1500,ダ,左,不良,曇,10,8,9,クインズカヤノヒメ,牝,5,54.0,454,5,岡村裕,八木喜,,9,1:37.0,38.4,10-10-10-10,10,454,5
2025/05/30,浦和,6,Ｃ２九,1500,ダ,左,不良,曇,10,6,6,フォーゲルヴァイデ,牡,4,56.0,482,8,半澤慶,川島豊,,10,1:37.1,39.1,8-9-9-9,7,482,8
2025/05/30,浦和,7,Ｃ１五,1500,ダ,左,不良,曇,12,2,2,ココモローズ,牝,4,54.0,421,0,山崎誠,藤原智,,1,1:33.1,37.9,1-1-1-1,3,421,0
2025/05/30,浦和,7,Ｃ１五,1500,ダ,左,不良,曇,12,5,6,ブリリアントスピカ,牝,4,54.0,502,0,伊藤裕,古澤悟,,2,1:34.4,38.7,5-5-3-3,4,502,0
2025/05/30,浦和,7,Ｃ１五,1500,ダ,左,不良,曇,12,8,11,ゴーダンシング,牝,4,54.0,479,4,福原杏,平山真,,3,1:34.5,38.0,8-8-5-4,10,479,4
2025/05/30,浦和,7,Ｃ１五,1500,ダ,左,不良,曇,12,3,3,アマモト,牡,4,56.0,479,10,山中悠,水野貴,,4,1:35.0,39.7,2-2-2-2,5,479,10
2025/05/30,浦和,7,Ｃ１五,1500,ダ,左,不良,曇,12,1,1,アークウルフ,セ,0,55.0,463,4,鷹見陸,佐々仁,,5,1:35.1,36.0,11-12-11-9,12,463,4
2025/05/30,浦和,7,Ｃ１五,1500,ダ,左,不良,曇,12,6,7,サダージ,牝,4,54.0,474,15,張田昂,小澤宏,,6,1:35.1,39.2,4-4-4-5,1,474,15
2025/05/30,浦和,7,Ｃ１五,1500,ダ,左,不良,曇,12,8,12,ケイアイマゴラ,セ,0,56.0,459,4,篠谷葵,海馬司,,7,1:35.2,38.8,6-6-6-6,7,459,4
2025/05/30,浦和,7,Ｃ１五,1500,ダ,左,不良,曇,12,5,5,ロジドレフォン,牡,5,56.0,510,10,加藤和,薮口一,,8,1:35.5,38.6,10-10-9-8,6,510,10
2025/05/30,浦和,7,Ｃ１五,1500,ダ,左,不良,曇,12,4,4,エースクイーン,牝,5,54.0,436,12,室陽一,宇野博,,9,1:36.0,39.1,7-7-10-7,8,436,12
2025/05/30,浦和,7,Ｃ１五,1500,ダ,左,不良,曇,12,7,9,サザンフルーヴ,牝,5,54.0,465,1,田中涼,村田順,,10,1:36.3,37.1,12-11-12-12,11,465,1
2025/05/30,浦和,7,Ｃ１五,1500,ダ,左,不良,曇,12,7,10,サンクラフィーネ,牝,4,54.0,491,2,保園翔,野口寛,,11,1:37.4,40.5,9-9-8-10,9,491,2
2025/05/30,浦和,7,Ｃ１五,1500,ダ,左,不良,曇,12,6,8,トモノクリスタル,牝,8,54.0,428,-9,野畑凌,小久智,,12,1:37.7,41.6,3-3-7-11,2,428,-9
2025/05/30,浦和,8,薄暑特別Ｃ２Ｃ３選抜馬ウ選抜馬ア,2000,ダ,左,不良,雨,12,5,6,ユイノパチョレック,牡,4,57.0,488,-3,岡村健,工藤伸,,1,2:08.8,38.5,5-4-2-1,1,488,-3
2025/05/30,浦和,8,薄暑特別Ｃ２Ｃ３選抜馬ウ選抜馬ア,2000,ダ,左,不良,雨,12,4,4,リケアオランジュ,牝,4,55.0,381,-3,福原杏,入口由,,2,2:10.5,39.6,8-8-7-6,5,381,-3
2025/05/30,浦和,8,薄暑特別Ｃ２Ｃ３選抜馬ウ選抜馬ア,2000,ダ,左,不良,雨,12,7,9,タマモコンペイトウ,牝,5,53.0,467,11,中島良,川島豊,,3,2:10.7,40.4,3-3-1-4,10,467,11
2025/05/30,浦和,8,薄暑特別Ｃ２Ｃ３選抜馬ウ選抜馬ア,2000,ダ,左,不良,雨,12,1,1,キスアンドテル,牝,6,55.0,506,10,笠野雄,海馬司,,4,2:10.8,40.2,6-7-5-5,3,506,10
2025/05/30,浦和,8,薄暑特別Ｃ２Ｃ３選抜馬ウ選抜馬ア,2000,ダ,左,不良,雨,12,5,5,サンラグナニゲル,牝,6,53.0,475,1,山中悠,川村守,,5,2:10.8,40.5,1-1-4-2,6,475,1
2025/05/30,浦和,8,薄暑特別Ｃ２Ｃ３選抜馬ウ選抜馬ア,2000,ダ,左,不良,雨,12,7,10,ウイングラドナス,牡,6,57.0,469,3,篠谷葵,海馬司,,6,2:10.8,39.4,11-11-8-7,2,469,3
2025/05/30,浦和,8,薄暑特別Ｃ２Ｃ３選抜馬ウ選抜馬ア,2000,ダ,左,不良,雨,12,6,8,サンボールダー,牝,6,53.0,486,5,岡田大,鹿沼和,,7,2:11.3,41.0,2-2-3-3,9,486,5
2025/05/30,浦和,8,薄暑特別Ｃ２Ｃ３選抜馬ウ選抜馬ア,2000,ダ,左,不良,雨,12,3,3,リッキーマキアート,牝,5,55.0,482,1,木間龍,酒井一,,8,2:11.4,40.8,9-6-6-8,4,482,1
2025/05/30,浦和,8,薄暑特別Ｃ２Ｃ３選抜馬ウ選抜馬ア,2000,ダ,左,不良,雨,12,8,11,マーニク,牝,4,53.0,471,10,半澤慶,長谷忍,,9,2:11.5,40.0,10-10-9-9,7,471,10
2025/05/30,浦和,8,薄暑特別Ｃ２Ｃ３選抜馬ウ選抜馬ア,2000,ダ,左,不良,雨,12,2,2,パーティーアニマル,牡,9,52.0,461,-1,中山遥,入口由,,10,2:11.7,40.6,4-5-10-10,11,461,-1
2025/05/30,浦和,8,薄暑特別Ｃ２Ｃ３選抜馬ウ選抜馬ア,2000,ダ,左,不良,雨,12,8,12,ヴルカヌス,セ,0,55.0,441,0,保園翔,野口寛,,11,2:13.3,41.8,7-9-11-11,12,441,0
2025/05/30,浦和,8,薄暑特別Ｃ２Ｃ３選抜馬ウ選抜馬ア,2000,ダ,左,不良,雨,12,6,7,ナイトレインボー,牡,4,55.0,506,9,野畑凌,酒井一,,12,2:17.4,43.7,12-12-12-12,8,506,9
2025/05/30,浦和,9,月見草特別Ｃ１一,1500,ダ,左,不良,雨,12,7,10,ロックシティボーイ,牡,4,55.0,458,-5,佐野遥,鈴木義,,1,1:32.1,36.7,9-8-2-2,2,458,-5
2025/05/30,浦和,9,月見草特別Ｃ１一,1500,ダ,左,不良,雨,12,8,12,デルマプルシャ,セ,0,56.0,482,3,野畑凌,箕輪武,,2,1:32.4,37.9,1-1-1-1,1,482,3
2025/05/30,浦和,9,月見草特別Ｃ１一,1500,ダ,左,不良,雨,12,2,2,カイトキング,牡,6,56.0,482,2,秋元耕,水野貴,,3,1:33.5,38.4,2-3-3-3,6,482,2
2025/05/30,浦和,9,月見草特別Ｃ１一,1500,ダ,左,不良,雨,12,5,5,マスクドサムライ,牡,6,56.0,488,11,半澤慶,藤原智,,4,1:33.6,38.2,5-5-5-4,10,488,11
2025/05/30,浦和,9,月見草特別Ｃ１一,1500,ダ,左,不良,雨,12,3,3,キャップ,セ,0,56.0,478,1,クアト,林隆之,,5,1:33.8,38.0,11-11-8-6,5,478,1
2025/05/30,浦和,9,月見草特別Ｃ１一,1500,ダ,左,不良,雨,12,7,9,ドウザンワン,牡,4,56.0,455,3,増田充,高月賢,,6,1:34.2,37.7,12-12-12-11,11,455,3
2025/05/30,浦和,9,月見草特別Ｃ１一,1500,ダ,左,不良,雨,12,8,11,キングフリオーソ,牡,7,56.0,513,-7,藤本現,佐々功,,7,1:34.4,39.0,7-4-6-7,3,513,-7
2025/05/30,浦和,9,月見草特別Ｃ１一,1500,ダ,左,不良,雨,12,4,4,クレテイユ,牡,5,56.0,477,-6,櫻井光,佐藤博,,8,1:34.4,38.4,10-10-11-12,8,477,-6
2025/05/30,浦和,9,月見草特別Ｃ１一,1500,ダ,左,不良,雨,12,6,7,オリコウキング,牡,5,56.0,461,5,今野忠,安池成,,9,1:34.7,38.7,8-9-10-10,9,461,5
2025/05/30,浦和,9,月見草特別Ｃ１一,1500,ダ,左,不良,雨,12,6,8,ウワサノアノコ,牝,5,51.0,415,-5,加藤雄,古澤悟,,10,1:35.1,39.6,6-6-7-8,7,415,-5
2025/05/30,浦和,9,月見草特別Ｃ１一,1500,ダ,左,不良,雨,12,5,6,エレガントジュエリ,牝,5,54.0,420,3,保園翔,川村守,,11,1:35.2,40.1,3-2-4-5,4,420,3
2025/05/30,浦和,9,月見草特別Ｃ１一,1500,ダ,左,不良,雨,12,1,1,コスモレンブランサ,牝,5,54.0,436,3,七夕裕,工藤伸,,12,1:35.3,39.5,4-7-9-9,12,436,3
2025/05/30,浦和,10,鈴蘭特別Ｂ３二,1400,ダ,左,不良,曇,11,5,5,レイニングキャット,牡,4,56.0,510,-6,見越彬,小久智,,1,1:25.4,37.1,1-1-1-1,3,510,-6
2025/05/30,浦和,10,鈴蘭特別Ｂ３二,1400,ダ,左,不良,曇,11,8,11,ラジエーション,牝,4,54.0,486,4,野畑凌,佐藤博,,2,1:25.6,37.1,2-2-2-2,1,486,4
2025/05/30,浦和,10,鈴蘭特別Ｂ３二,1400,ダ,左,不良,曇,11,3,3,シントーハナノボス,牡,4,56.0,479,-7,笹川翼,平田正,,3,1:25.7,36.9,3-4-4-3,2,479,-7
2025/05/30,浦和,10,鈴蘭特別Ｂ３二,1400,ダ,左,不良,曇,11,6,7,ジャスタースパーク,牡,5,56.0,481,0,本橋孝,鈴木義,,4,1:26.0,36.0,9-9-9-8,9,481,0
2025/05/30,浦和,10,鈴蘭特別Ｂ３二,1400,ダ,左,不良,曇,11,7,8,サブリュウシン,牡,5,56.0,483,4,岡村健,平山真,,5,1:26.1,36.9,6-7-6-6,10,483,4
2025/05/30,浦和,10,鈴蘭特別Ｂ３二,1400,ダ,左,不良,曇,11,7,9,モンバイト,牡,6,56.0,498,0,笠野雄,薮口一,,6,1:26.2,37.4,4-3-5-4,7,498,0
2025/05/30,浦和,10,鈴蘭特別Ｂ３二,1400,ダ,左,不良,曇,11,2,2,サウスヴィル,牝,4,54.0,465,-11,町田直,古澤悟,,7,1:26.2,37.4,8-8-3-5,4,465,-11
2025/05/30,浦和,10,鈴蘭特別Ｂ３二,1400,ダ,左,不良,曇,11,1,1,ゴールドソニック,牡,4,56.0,508,2,半澤慶,鹿沼和,,8,1:26.9,37.9,7-6-7-7,5,508,2
2025/05/30,浦和,10,鈴蘭特別Ｂ３二,1400,ダ,左,不良,曇,11,4,4,エスシーヤマト,牝,4,54.0,450,-4,山口達,渡邊貴,,9,1:27.1,36.5,10-10-10-10,8,450,-4
2025/05/30,浦和,10,鈴蘭特別Ｂ３二,1400,ダ,左,不良,曇,11,8,10,ルージュブラゾン,牝,6,54.0,513,-3,山中悠,水野貴,,10,1:28.1,38.9,5-5-8-9,6,513,-3
2025/05/30,浦和,10,鈴蘭特別Ｂ３二,1400,ダ,左,不良,曇,11,6,6,アルフィーノ,牝,6,51.0,472,-3,山本大,川島一,,,,,,,472,-3
2025/05/30,浦和,11,橘月特別Ｂ２二Ｂ３一,1500,ダ,左,不良,曇,12,1,1,トーセンヴィオラ,牡,4,57.0,491,5,野畑凌,小久智,,1,1:32.1,37.6,1-1-1-1,3,491,5
2025/05/30,浦和,11,橘月特別Ｂ２二Ｂ３一,1500,ダ,左,不良,曇,12,5,5,モズハッピーロード,牡,7,57.0,515,1,張田昂,海馬司,,2,1:32.3,36.5,5-6-5-3,6,515,1
2025/05/30,浦和,11,橘月特別Ｂ２二Ｂ３一,1500,ダ,左,不良,曇,12,8,11,ブレイジングヒート,牡,6,57.0,469,-1,本田重,川島一,,3,1:32.5,36.8,4-4-4-4,5,469,-1
2025/05/30,浦和,11,橘月特別Ｂ２二Ｂ３一,1500,ダ,左,不良,曇,12,3,3,オーシンスキャット,牡,4,55.0,474,5,山中悠,小久智,,4,1:32.6,37.8,2-2-2-2,1,474,5
2025/05/30,浦和,11,橘月特別Ｂ２二Ｂ３一,1500,ダ,左,不良,曇,12,2,2,エンジェルリッター,牡,5,55.0,503,-1,今野忠,内田勝,,5,1:32.6,36.5,8-7-7-5,7,503,-1
2025/05/30,浦和,11,橘月特別Ｂ２二Ｂ３一,1500,ダ,左,不良,曇,12,6,8,ナリサ,牝,5,55.0,459,1,福原杏,工藤伸,,6,1:33.7,37.9,7-5-6-6,11,459,1
2025/05/30,浦和,11,橘月特別Ｂ２二Ｂ３一,1500,ダ,左,不良,曇,12,6,7,エーヴベリー,牝,5,55.0,498,3,吉留孝,平山真,,7,1:34.1,37.6,6-8-8-7,9,498,3
2025/05/30,浦和,11,橘月特別Ｂ２二Ｂ３一,1500,ダ,左,不良,曇,12,7,10,コスモマルーン,牝,5,52.0,469,8,加藤雄,河津裕,,8,1:34.2,37.2,11-11-11-9,10,469,8
2025/05/30,浦和,11,橘月特別Ｂ２二Ｂ３一,1500,ダ,左,不良,曇,12,4,4,オデンシタ,牡,5,55.0,465,5,クアト,野口寛,,9,1:34.4,37.8,10-10-9-8,4,465,5
2025/05/30,浦和,11,橘月特別Ｂ２二Ｂ３一,1500,ダ,左,不良,曇,12,7,9,ミラクルランバック,牡,6,57.0,528,-4,山崎誠,藤原智,,10,1:34.7,38.1,9-9-10-10,8,528,-4
2025/05/30,浦和,11,橘月特別Ｂ２二Ｂ３一,1500,ダ,左,不良,曇,12,8,12,ビナサイゴン,牡,4,57.0,538,1,矢野貴,水野貴,,11,1:36.4,41.0,3-3-3-11,2,538,1
2025/05/30,浦和,11,橘月特別Ｂ２二Ｂ３一,1500,ダ,左,不良,曇,12,5,6,ブレイヴルーラー,牡,6,57.0,547,-1,室陽一,横山保,,,,,,,547,-1
2025/05/30,浦和,12,緑樹特別Ｃ２選抜馬イ,2000,ダ,左,不良,曇,12,7,10,ニシノメサイア,牝,5,54.0,451,8,福原杏,小澤宏,,1,2:09.1,40.4,4-3-1-1,5,451,8
2025/05/30,浦和,12,緑樹特別Ｃ２選抜馬イ,2000,ダ,左,不良,曇,12,6,7,キングブルズアイズ,セ,0,56.0,475,-2,笹川翼,繁田健,,2,2:09.3,40.6,2-2-2-2,1,475,-2
2025/05/30,浦和,12,緑樹特別Ｃ２選抜馬イ,2000,ダ,左,不良,曇,12,5,6,ハタノラトゥール,牡,6,56.0,509,-9,笠野雄,山中尊,,3,2:09.4,39.9,5-5-4-3,2,509,-9
2025/05/30,浦和,12,緑樹特別Ｃ２選抜馬イ,2000,ダ,左,不良,曇,12,2,2,カペラスター,牡,6,56.0,488,1,高橋哲,工藤伸,,4,2:09.5,38.6,11-12-8-5,3,488,1
2025/05/30,浦和,12,緑樹特別Ｃ２選抜馬イ,2000,ダ,左,不良,曇,12,5,5,リュウノブライダー,牡,4,53.0,477,-5,中山遥,野口孝,,5,2:10.0,39.9,6-6-5-4,12,477,-5
2025/05/30,浦和,12,緑樹特別Ｃ２選抜馬イ,2000,ダ,左,不良,曇,12,1,1,ラブルパイル,牡,5,56.0,468,-5,秋元耕,吉田正,,6,2:10.0,39.1,10-11-7-6,8,468,-5
2025/05/30,浦和,12,緑樹特別Ｃ２選抜馬イ,2000,ダ,左,不良,曇,12,4,4,アラッキーフェイス,セ,0,56.0,428,-2,西村栄,森　始,,7,2:11.1,40.5,7-7-6-7,7,428,-2
2025/05/30,浦和,12,緑樹特別Ｃ２選抜馬イ,2000,ダ,左,不良,曇,12,3,3,ジャストザヴァルス,牝,5,54.0,435,4,室陽一,宇野博,,8,2:11.6,40.7,9-9-9-10,4,435,4
2025/05/30,浦和,12,緑樹特別Ｃ２選抜馬イ,2000,ダ,左,不良,曇,12,6,8,ユウユウアイリス,牝,4,54.0,439,-1,赤津和,酒井一,,9,2:11.8,40.9,8-8-11-9,9,439,-1
2025/05/30,浦和,12,緑樹特別Ｃ２選抜馬イ,2000,ダ,左,不良,曇,12,8,12,ネオアンコーラ,牡,6,56.0,494,-2,木間龍,川島豊,,10,2:12.5,43.8,1-1-3-8,11,494,-2
2025/05/30,浦和,12,緑樹特別Ｃ２選抜馬イ,2000,ダ,左,不良,曇,12,8,11,ポケットシンデレラ,牝,6,54.0,442,1,保園翔,長谷忍,,11,2:13.9,42.4,12-10-12-11,10,442,1
2025/05/30,浦和,12,緑樹特別Ｃ２選抜馬イ,2000,ダ,左,不良,曇,12,7,9,ナツハヨル,牝,7,54.0,454,9,七夕裕,野口孝,,12,2:15.1,44.7,3-4-10-12,6,454,9
2025/06/23,浦和,1,さいたまシリーズ開幕賞Ｃ３六 七,1300,ダ,左,良,晴,8,1,1,スモモモモモモモモ,牝,7,51.0,427,2,中山遥,小林真,,1,1:21.8,37.9,1-1-1-1,1,427,2
2025/06/23,浦和,1,さいたまシリーズ開幕賞Ｃ３六 七,1300,ダ,左,良,晴,8,7,7,メイワシェリー,牝,7,54.0,446,1,岡村健,平山真,,2,1:21.8,37.8,3-3-3-2,2,446,1
2025/06/23,浦和,1,さいたまシリーズ開幕賞Ｃ３六 七,1300,ダ,左,良,晴,8,2,2,シンキングロマンス,牝,6,54.0,463,-10,岡田大,川村守,,3,1:22.0,38.1,2-2-2-3,4,463,-10
2025/06/23,浦和,1,さいたまシリーズ開幕賞Ｃ３六 七,1300,ダ,左,良,晴,8,4,4,イオラナ,牝,9,54.0,506,3,山中悠,玉井昇,,4,1:23.9,39.5,4-4-4-4,3,506,3
2025/06/23,浦和,1,さいたまシリーズ開幕賞Ｃ３六 七,1300,ダ,左,良,晴,8,6,6,ジニアズウィッシュ,牝,9,54.0,488,4,見越彬,小林真,,5,1:24.3,39.8,5-6-6-5,6,488,4
2025/06/23,浦和,1,さいたまシリーズ開幕賞Ｃ３六 七,1300,ダ,左,良,晴,8,3,3,シェナダイオー,牡,6,56.0,553,-2,赤津和,冨田敏,,6,1:24.8,40.2,6-5-7-7,7,553,-2
2025/06/23,浦和,1,さいたまシリーズ開幕賞Ｃ３六 七,1300,ダ,左,良,晴,8,8,8,トーセンイヴ,牝,7,54.0,437,-1,野畑凌,酒井一,,7,1:24.8,40.2,7-7-5-6,5,437,-1
2025/06/23,浦和,1,さいたまシリーズ開幕賞Ｃ３六 七,1300,ダ,左,良,晴,8,5,5,キミノナハ,牝,7,54.0,442,9,加藤和,長谷忍,,8,1:27.3,41.5,8-8-8-8,8,442,9
2025/06/23,浦和,2,ドリームチャレンジ２歳新馬ウ,800,ダ,左,良,晴,5,3,3,パレットフレイバー,牝,2,54.0,0,0,笹川翼,繁田健,,1,0:48.4,36.3,1-1,1,0,0
2025/06/23,浦和,2,ドリームチャレンジ２歳新馬ウ,800,ダ,左,良,晴,5,4,4,ボートレーサー,牝,2,54.0,0,0,野畑凌,小久智,,2,0:48.9,36.7,2-2,2,0,0
2025/06/23,浦和,2,ドリームチャレンジ２歳新馬ウ,800,ダ,左,良,晴,5,2,2,ヨンクン,牡,2,54.0,0,0,加藤和,長谷忍,,3,0:49.0,36.2,4-3,5,0,0
2025/06/23,浦和,2,ドリームチャレンジ２歳新馬ウ,800,ダ,左,良,晴,5,1,1,オパールグリーン,牝,2,54.0,0,0,保園翔,川村守,,4,0:49.7,36.9,3-4,3,0,0
2025/06/23,浦和,2,ドリームチャレンジ２歳新馬ウ,800,ダ,左,良,晴,5,5,5,ベルベットリボン,牝,2,54.0,0,0,福原杏,酒井一,,5,0:51.7,38.9,5-5,4,0,0
2025/06/23,浦和,3,ドリームチャレンジ２歳新馬イ,800,ダ,左,良,晴,6,4,4,レモンドロップ,牝,2,54.0,0,0,半澤慶,吉田正,,1,0:47.5,35.4,1-1,4,0,0
2025/06/23,浦和,3,ドリームチャレンジ２歳新馬イ,800,ダ,左,良,晴,6,5,5,ウールドランジュ,牝,2,54.0,0,0,吉留孝,平山真,,2,0:48.2,36.1,2-2,2,0,0
2025/06/23,浦和,3,ドリームチャレンジ２歳新馬イ,800,ダ,左,良,晴,6,1,1,アジアンビジョン,牝,2,54.0,0,0,福原杏,川島豊,,3,0:48.6,35.9,4-3,1,0,0
2025/06/23,浦和,3,ドリームチャレンジ２歳新馬イ,800,ダ,左,良,晴,6,3,3,ジュンシリ,牝,2,54.0,0,0,見越彬,小久智,,4,0:49.3,36.8,3-4,3,0,0
2025/06/23,浦和,3,ドリームチャレンジ２歳新馬イ,800,ダ,左,良,晴,6,6,6,オソレイユ,牡,2,54.0,0,0,秋元耕,野口孝,,5,0:49.3,36.6,5-5,6,0,0
2025/06/23,浦和,3,ドリームチャレンジ２歳新馬イ,800,ダ,左,良,晴,6,2,2,カシノマラカイト,牝,2,54.0,0,0,室陽一,鹿沼和,,6,0:50.5,37.3,6-6,5,0,0
2025/06/23,浦和,4,３歳四,1400,ダ,左,良,曇,9,2,2,ラブリーモンスター,牡,3,56.0,474,8,保園翔,川島豊,,1,1:29.2,38.7,5-5-5-3,5,474,8
2025/06/23,浦和,4,３歳四,1400,ダ,左,良,曇,9,4,4,ウォーアンセム,牡,3,56.0,458,-9,岡村健,齊藤敏,,2,1:29.2,39.0,3-4-4-2,2,458,-9
2025/06/23,浦和,4,３歳四,1400,ダ,左,良,曇,9,1,1,ビナハイフォン,牝,3,54.0,482,-10,山中悠,酒井一,,3,1:29.3,39.5,1-1-1-1,4,482,-10
2025/06/23,浦和,4,３歳四,1400,ダ,左,良,曇,9,5,5,コンバットスピカ,牝,3,54.0,461,-17,七夕裕,工藤伸,,4,1:30.9,40.8,4-3-3-5,6,461,-17
2025/06/23,浦和,4,３歳四,1400,ダ,左,良,曇,9,8,9,アンジュマロン,牝,3,54.0,441,-7,野畑凌,小久智,,5,1:31.3,41.4,2-2-2-4,1,441,-7
2025/06/23,浦和,4,３歳四,1400,ダ,左,良,曇,9,7,7,ノーブルプラチナ,牡,3,56.0,529,4,福原杏,水野貴,,6,1:31.3,39.6,8-8-8-8,3,529,4
2025/06/23,浦和,4,３歳四,1400,ダ,左,良,曇,9,8,8,サヨノフトゥーラ,牡,3,56.0,452,25,木間龍,工藤伸,,7,1:31.4,40.3,7-7-6-6,7,452,25
2025/06/23,浦和,4,３歳四,1400,ダ,左,良,曇,9,3,3,サージュトリック,牡,3,56.0,445,-14,吉留孝,薮口一,,8,1:31.8,40.6,6-6-7-7,8,445,-14
2025/06/23,浦和,4,３歳四,1400,ダ,左,良,曇,9,6,6,ファストワン,牝,3,54.0,0,0,御神訓,藤原智,,,,,,,0,0
2025/06/23,浦和,5,浦和ファイブチャレンジＣ３六 七,1400,ダ,左,良,曇,9,6,6,プリンセスダーク,牝,6,54.0,472,-9,山中悠,玉井等,,1,1:29.7,38.2,4-4-1-1,1,472,-9
2025/06/23,浦和,5,浦和ファイブチャレンジＣ３六 七,1400,ダ,左,良,曇,9,2,2,マメゾウシンヤ,牡,4,56.0,431,-7,野畑凌,水野貴,,2,1:30.0,38.5,5-5-2-2,2,431,-7
2025/06/23,浦和,5,浦和ファイブチャレンジＣ３六 七,1400,ダ,左,良,曇,9,8,9,スノーワルツ,牝,4,51.0,488,17,中山遥,酒井一,,3,1:31.5,40.0,2-2-5-3,4,488,17
2025/06/23,浦和,5,浦和ファイブチャレンジＣ３六 七,1400,ダ,左,良,曇,9,7,7,セキレイオペラ,牡,6,56.0,482,-3,七夕裕,川村守,,4,1:31.7,40.1,6-6-3-4,6,482,-3
2025/06/23,浦和,5,浦和ファイブチャレンジＣ３六 七,1400,ダ,左,良,曇,9,3,3,プレミアムプリモ,牝,8,54.0,501,0,櫻井光,村田六,,5,1:32.0,40.5,3-3-4-5,8,501,0
2025/06/23,浦和,5,浦和ファイブチャレンジＣ３六 七,1400,ダ,左,良,曇,9,4,4,アミン,牝,8,54.0,465,2,吉留孝,冨田敏,,6,1:32.3,40.1,8-8-9-7,5,465,2
2025/06/23,浦和,5,浦和ファイブチャレンジＣ３六 七,1400,ダ,左,良,曇,9,1,1,アストロメアリー,牝,6,51.0,408,-8,椿聡太,長谷忍,,7,1:32.3,40.4,7-7-6-6,9,408,-8
2025/06/23,浦和,5,浦和ファイブチャレンジＣ３六 七,1400,ダ,左,良,曇,9,5,5,イナリンクローバー,牝,8,54.0,468,-9,篠谷葵,藤原智,,8,1:33.2,41.0,9-9-8-8,7,468,-9
2025/06/23,浦和,5,浦和ファイブチャレンジＣ３六 七,1400,ダ,左,良,曇,9,8,8,アルムダウン,牝,5,54.0,380,6,赤津和,小林真,,9,1:35.1,44.2,1-1-7-9,3,380,6
2025/06/23,浦和,6,Ｃ２三 四 五,1400,ダ,左,良,曇,6,2,2,エコロジョイアー,牡,5,56.0,498,-3,笹川翼,小久智,,1,1:29.0,37.7,4-4-4-3,2,498,-3
2025/06/23,浦和,6,Ｃ２三 四 五,1400,ダ,左,良,曇,6,4,4,ルクスリーベン,牝,4,54.0,437,-10,張田昂,平山真,,2,1:29.1,38.1,2-2-1-1,3,437,-10
2025/06/23,浦和,6,Ｃ２三 四 五,1400,ダ,左,良,曇,6,6,6,グレートスピリット,牡,4,56.0,513,-3,保園翔,野口寛,,3,1:29.3,38.2,3-3-3-2,1,513,-3
2025/06/23,浦和,6,Ｃ２三 四 五,1400,ダ,左,良,曇,6,5,5,フェアメーゲン,牝,7,51.0,443,-2,中山遥,工藤伸,,4,1:30.1,38.5,5-5-5-4,4,443,-2
2025/06/23,浦和,6,Ｃ２三 四 五,1400,ダ,左,良,曇,6,3,3,ニシノアクシス,牡,8,56.0,491,-5,國分祐,冨田敏,,5,1:31.4,39.7,6-6-6-6,5,491,-5
2025/06/23,浦和,6,Ｃ２三 四 五,1400,ダ,左,良,曇,6,1,1,ハーピークオーレ,牝,4,54.0,457,2,笠野雄,薮口一,,6,1:32.0,41.1,1-1-2-5,6,457,2
2025/06/23,浦和,7,Ｃ２三 四 五,1400,ダ,左,良,曇,7,2,2,エソラ,牡,5,56.0,497,-5,岡村健,平山真,,1,1:28.2,38.1,1-1-1-1,2,497,-5
2025/06/23,浦和,7,Ｃ２三 四 五,1400,ダ,左,良,曇,7,5,5,キタノアマポーラ,牝,4,54.0,443,1,笹川翼,工藤伸,,2,1:29.8,39.6,2-2-2-2,1,443,1
2025/06/23,浦和,7,Ｃ２三 四 五,1400,ダ,左,良,曇,7,3,3,アサンテギア,牝,7,54.0,421,9,七夕裕,工藤伸,,3,1:29.9,38.8,7-7-7-7,5,421,9
2025/06/23,浦和,7,Ｃ２三 四 五,1400,ダ,左,良,曇,7,6,6,ラブルパイル,牡,5,56.0,470,2,高橋哲,吉田正,,4,1:30.2,39.8,4-3-3-4,7,470,2
2025/06/23,浦和,7,Ｃ２三 四 五,1400,ダ,左,良,曇,7,7,7,カラフルピーチ,牝,4,54.0,444,24,櫻井光,平山真,,5,1:30.4,39.8,6-6-6-5,3,444,24
2025/06/23,浦和,7,Ｃ２三 四 五,1400,ダ,左,良,曇,7,4,4,ニューレトロ,牡,6,56.0,473,11,福原杏,水上直,,6,1:30.5,39.9,5-5-5-6,4,473,11
2025/06/23,浦和,7,Ｃ２三 四 五,1400,ダ,左,良,曇,7,1,1,ランウェイクイーン,牝,4,54.0,458,-2,菅原涼,小澤宏,,7,1:30.9,40.4,3-4-4-3,6,458,-2
2025/06/23,浦和,8,３歳三,1500,ダ,左,良,曇,11,1,1,ケンブレナム,牡,3,56.0,446,14,秋元耕,繁田健,,1,1:37.0,38.8,7-7-5-3,1,446,14
2025/06/23,浦和,8,３歳三,1500,ダ,左,良,曇,11,8,11,フリューゲルクー,牡,3,56.0,438,2,山中悠,小久智,,2,1:37.0,39.2,3-3-3-2,3,438,2
2025/06/23,浦和,8,３歳三,1500,ダ,左,良,曇,11,4,4,シバノエスコドール,セ,0,56.0,466,2,室陽一,宇野博,,3,1:37.1,37.7,10-11-10-10,8,466,2
2025/06/23,浦和,8,３歳三,1500,ダ,左,良,曇,11,7,8,シナモンポップ,牝,3,54.0,463,-6,櫻井光,海馬司,,4,1:37.1,39.6,1-1-1-1,6,463,-6
2025/06/23,浦和,8,３歳三,1500,ダ,左,良,曇,11,5,5,ワンダーリーグ,牡,3,56.0,487,-2,赤津和,鈴木勝,,5,1:37.3,38.4,11-10-9-7,10,487,-2
2025/06/23,浦和,8,３歳三,1500,ダ,左,良,曇,11,6,6,ティーズリンク,牝,3,54.0,447,0,福原杏,水野貴,,6,1:37.4,39.4,4-5-6-6,2,447,0
2025/06/23,浦和,8,３歳三,1500,ダ,左,良,曇,11,3,3,ゴールドグラント,牝,3,54.0,454,-3,笠野雄,岩崎真,,7,1:37.7,39.2,6-6-8-9,7,454,-3
2025/06/23,浦和,8,３歳三,1500,ダ,左,良,曇,11,8,10,コウユーミューミュ,牝,3,54.0,479,3,町田直,宇野博,,8,1:37.8,40.1,2-2-2-4,4,479,3
2025/06/23,浦和,8,３歳三,1500,ダ,左,良,曇,11,7,9,ディープオーキッド,牡,3,56.0,457,3,吉留孝,薮口一,,9,1:37.8,39.3,8-8-7-8,11,457,3
2025/06/23,浦和,8,３歳三,1500,ダ,左,良,曇,11,2,2,クォンタイズ,牝,3,54.0,427,-7,今野忠,山田質,,10,1:38.0,40.1,5-4-4-5,5,427,-7
2025/06/23,浦和,8,３歳三,1500,ダ,左,良,曇,11,6,7,ミズイロアウダクス,牝,3,54.0,493,1,西村栄,伊藤滋,,11,1:39.1,40.0,9-9-11-11,9,493,1
2025/06/23,浦和,9,深谷市誕生２０周年記念賞Ｃ２三 四 五,1500,ダ,左,良,曇,7,5,5,ハナチルサト,牝,4,54.0,429,-6,町田直,宇野博,,1,1:36.5,38.8,4-4-4-3,1,429,-6
2025/06/23,浦和,9,深谷市誕生２０周年記念賞Ｃ２三 四 五,1500,ダ,左,良,曇,7,7,7,ノクターナル,牝,4,54.0,460,3,本田重,水野貴,,2,1:36.5,38.8,3-3-2-2,4,460,3
2025/06/23,浦和,9,深谷市誕生２０周年記念賞Ｃ２三 四 五,1500,ダ,左,良,曇,7,1,1,アデラパフューム,牝,5,54.0,478,23,見越彬,水上直,,3,1:36.8,39.2,1-1-1-1,5,478,23
2025/06/23,浦和,9,深谷市誕生２０周年記念賞Ｃ２三 四 五,1500,ダ,左,良,曇,7,4,4,テーオーダムール,牡,4,56.0,516,-9,室陽一,川島豊,,4,1:36.9,38.9,5-5-5-4,3,516,-9
2025/06/23,浦和,9,深谷市誕生２０周年記念賞Ｃ２三 四 五,1500,ダ,左,良,曇,7,2,2,パクスジャポニカ,牡,7,56.0,487,-8,秋元耕,入口由,,5,1:37.8,39.6,7-6-6-5,6,487,-8
2025/06/23,浦和,9,深谷市誕生２０周年記念賞Ｃ２三 四 五,1500,ダ,左,良,曇,7,3,3,ジャズピアニスト,牝,5,54.0,473,-3,笹川翼,小久智,,6,1:39.5,41.9,2-2-3-6,2,473,-3
2025/06/23,浦和,9,深谷市誕生２０周年記念賞Ｃ２三 四 五,1500,ダ,左,良,曇,7,6,6,ユウユウアイリス,牝,4,54.0,439,0,高橋哲,酒井一,,7,1:39.6,41.1,6-7-7-7,7,439,0
2025/06/23,浦和,10,越ヶ谷宿特別Ｃ３一,1500,ダ,左,良,曇,10,5,5,プリンセスサクラ,牝,4,54.0,428,-1,見越彬,鹿沼和,,1,1:36.6,38.1,1-1-1-1,1,428,-1
2025/06/23,浦和,10,越ヶ谷宿特別Ｃ３一,1500,ダ,左,良,曇,10,7,7,ワンダーフィール,牡,4,56.0,485,-3,高橋哲,鈴木勝,,2,1:37.3,38.7,2-2-2-2,3,485,-3
2025/06/23,浦和,10,越ヶ谷宿特別Ｃ３一,1500,ダ,左,良,曇,10,8,9,エーアイキリシマ,牡,4,56.0,451,-3,保園翔,川村守,,3,1:37.4,37.5,8-8-7-5,5,451,-3
2025/06/23,浦和,10,越ヶ谷宿特別Ｃ３一,1500,ダ,左,良,曇,10,4,4,イチゴホイップ,牝,5,54.0,491,0,福原杏,海馬司,,4,1:37.9,38.8,4-4-5-3,7,491,0
2025/06/23,浦和,10,越ヶ谷宿特別Ｃ３一,1500,ダ,左,良,曇,10,1,1,フリュート,セ,0,56.0,508,0,山中悠,水野貴,,5,1:38.3,39.2,5-5-4-4,6,508,0
2025/06/23,浦和,10,越ヶ谷宿特別Ｃ３一,1500,ダ,左,良,曇,10,2,2,ミシェルエルクール,牝,4,54.0,495,-3,赤津和,川島豊,,6,1:38.5,38.2,9-9-9-8,9,495,-3
2025/06/23,浦和,10,越ヶ谷宿特別Ｃ３一,1500,ダ,左,良,曇,10,3,3,プリンセスパリー,牝,4,54.0,416,-13,吉留孝,鈴木勝,,7,1:39.0,39.0,6-7-8-9,10,416,-13
2025/06/23,浦和,10,越ヶ谷宿特別Ｃ３一,1500,ダ,左,良,曇,10,8,10,グレースミューズ,牝,6,54.0,459,2,秋元耕,薮口一,,8,1:39.3,40.0,7-6-6-7,2,459,2
2025/06/23,浦和,10,越ヶ谷宿特別Ｃ３一,1500,ダ,左,良,曇,10,7,8,アモフリューゲル,牝,5,54.0,452,-8,室陽一,水上直,,9,1:39.5,40.7,3-3-3-6,4,452,-8
2025/06/23,浦和,10,越ヶ谷宿特別Ｃ３一,1500,ダ,左,良,曇,10,6,6,ドーバーファルコン,セ,0,56.0,465,-10,櫻井光,海馬司,,10,1:39.8,38.7,10-10-10-10,8,465,-10
2025/06/23,浦和,11,円良田湖特別Ｂ３三,1400,ダ,左,良,曇,12,2,2,ラジエル,牝,6,54.0,435,-7,本田重,山下之,,1,1:26.9,37.6,9-7-5-2,2,435,-7
2025/06/23,浦和,11,円良田湖特別Ｂ３三,1400,ダ,左,良,曇,12,7,9,ライヴマスタード,牡,5,56.0,545,1,七夕裕,工藤伸,,2,1:27.2,38.3,3-3-1-1,1,545,1
2025/06/23,浦和,11,円良田湖特別Ｂ３三,1400,ダ,左,良,曇,12,5,5,ステラシティ,牝,4,51.0,481,12,中山遥,吉田正,,3,1:28.0,39.1,2-2-2-3,10,481,12
2025/06/23,浦和,11,円良田湖特別Ｂ３三,1400,ダ,左,良,曇,12,8,12,カイトキング,牡,6,56.0,485,3,秋元耕,水野貴,,4,1:28.5,38.9,7-8-6-4,7,485,3
2025/06/23,浦和,11,円良田湖特別Ｂ３三,1400,ダ,左,良,曇,12,6,7,ラブアンドハピネス,牝,4,54.0,428,-2,半澤慶,平山真,,5,1:28.7,38.9,10-10-7-6,3,428,-2
2025/06/23,浦和,11,円良田湖特別Ｂ３三,1400,ダ,左,良,曇,12,3,3,セブンワンバイオ,牡,3,54.0,429,-2,笠野雄,新井清,,6,1:28.9,39.1,5-5-8-7,5,429,-2
2025/06/23,浦和,11,円良田湖特別Ｂ３三,1400,ダ,左,良,曇,12,7,10,ルナフォルトゥーナ,牡,3,54.0,463,-7,篠谷葵,藤原智,,7,1:29.3,40.3,4-4-3-5,4,463,-7
2025/06/23,浦和,11,円良田湖特別Ｂ３三,1400,ダ,左,良,曇,12,5,6,タロマイスター,牡,6,56.0,492,2,山中悠,小久智,,8,1:29.3,39.4,8-9-9-9,6,492,2
2025/06/23,浦和,11,円良田湖特別Ｂ３三,1400,ダ,左,良,曇,12,8,11,アパショナード,牡,6,56.0,437,5,吉留孝,薮口一,,9,1:29.9,39.8,11-11-11-11,9,437,5
2025/06/23,浦和,11,円良田湖特別Ｂ３三,1400,ダ,左,良,曇,12,1,1,アニモ,牝,4,54.0,418,-1,見越彬,川島豊,,10,1:30.1,40.2,6-6-10-10,11,418,-1
2025/06/23,浦和,11,円良田湖特別Ｂ３三,1400,ダ,左,良,曇,12,6,8,ミキノバスドラム,牡,7,56.0,526,4,岡村健,平山真,,11,1:30.8,41.9,1-1-4-8,8,526,4
2025/06/23,浦和,11,円良田湖特別Ｂ３三,1400,ダ,左,良,曇,12,4,4,イデアノキセキ,牡,6,56.0,447,-5,張田昂,鹿沼和,,,,,,,447,-5
2025/06/23,浦和,12,雲取山特別Ｃ１選抜馬,2000,ダ,左,良,曇,12,8,12,パイロビーム,牡,4,56.0,461,-1,山中悠,小久智,,1,2:09.9,38.8,1-1-1-1,2,461,-1
2025/06/23,浦和,12,雲取山特別Ｃ１選抜馬,2000,ダ,左,良,曇,12,8,11,メイショウクラーク,セ,0,56.0,444,3,笹川翼,宇野博,,2,2:10.6,38.9,3-4-3-2,1,444,3
2025/06/23,浦和,12,雲取山特別Ｃ１選抜馬,2000,ダ,左,良,曇,12,4,4,ソルテア,牡,5,56.0,468,0,櫻井光,水野貴,,3,2:10.9,38.8,5-5-5-3,5,468,0
2025/06/23,浦和,12,雲取山特別Ｃ１選抜馬,2000,ダ,左,良,曇,12,7,9,ココリアイランド,牡,5,56.0,455,3,本田重,工藤伸,,4,2:11.4,37.7,12-12-11-8,9,455,3
2025/06/23,浦和,12,雲取山特別Ｃ１選抜馬,2000,ダ,左,良,曇,12,5,5,オランジー,牝,5,54.0,445,-2,吉留孝,薮口一,,5,2:11.4,38.5,11-9-8-6,7,445,-2
2025/06/23,浦和,12,雲取山特別Ｃ１選抜馬,2000,ダ,左,良,曇,12,2,2,ドゥマンフルー,牝,4,54.0,423,1,張田昂,水野貴,,6,2:11.7,39.3,8-7-6-7,6,423,1
2025/06/23,浦和,12,雲取山特別Ｃ１選抜馬,2000,ダ,左,良,曇,12,3,3,ツガノショウグン,牡,4,56.0,489,-1,加藤和,長谷忍,,7,2:12.2,40.8,2-2-2-4,3,489,-1
2025/06/23,浦和,12,雲取山特別Ｃ１選抜馬,2000,ダ,左,良,曇,12,5,6,ニシノメサイア,牝,5,54.0,452,1,福原杏,小澤宏,,8,2:12.3,40.5,4-3-4-5,4,452,1
2025/06/23,浦和,12,雲取山特別Ｃ１選抜馬,2000,ダ,左,良,曇,12,6,7,ジオパークマグマ,牡,7,56.0,477,-11,秋元耕,川島豊,,9,2:12.7,39.5,10-10-9-10,8,477,-11
2025/06/23,浦和,12,雲取山特別Ｃ１選抜馬,2000,ダ,左,良,曇,12,7,10,キミトユメヲカケル,牝,5,51.0,430,0,中山遥,長谷忍,,10,2:12.8,39.3,9-11-10-11,10,430,0
2025/06/23,浦和,12,雲取山特別Ｃ１選抜馬,2000,ダ,左,良,曇,12,1,1,ヒシルリアン,牡,5,56.0,493,-6,岡田大,箕輪武,,11,2:12.8,40.2,7-6-7-9,11,493,-6
2025/06/23,浦和,12,雲取山特別Ｃ１選抜馬,2000,ダ,左,良,曇,12,6,8,オリエンタルラニ,牝,5,54.0,461,5,赤津和,酒井一,,12,2:15.8,42.1,6-8-12-12,12,461,5
2025/06/24,浦和,1,ランチタイムチャレンジ３歳五,1400,ダ,左,良,曇,12,3,3,スピンディエゴール,牡,3,56.0,516,19,笹川翼,繁田健,,1,1:28.5,37.5,3-3-3-2,2,516,19
2025/06/24,浦和,1,ランチタイムチャレンジ３歳五,1400,ダ,左,良,曇,12,6,8,ソレイケドンチャン,牝,3,54.0,452,-6,見越彬,小久智,,2,1:28.7,38.2,1-1-1-1,1,452,-6
2025/06/24,浦和,1,ランチタイムチャレンジ３歳五,1400,ダ,左,良,曇,12,8,11,クリノウィリアム,牡,3,56.0,468,-4,西啓太,水上直,,3,1:29.0,37.7,7-4-4-3,3,468,-4
2025/06/24,浦和,1,ランチタイムチャレンジ３歳五,1400,ダ,左,良,曇,12,5,6,モウ,牡,3,56.0,473,1,福原杏,水野貴,,4,1:30.2,38.5,6-7-6-5,6,473,1
2025/06/24,浦和,1,ランチタイムチャレンジ３歳五,1400,ダ,左,良,曇,12,6,7,ブバルディア,牡,3,56.0,514,-2,秋元耕,野口寛,,5,1:30.7,37.6,11-11-10-8,4,514,-2
2025/06/24,浦和,1,ランチタイムチャレンジ３歳五,1400,ダ,左,良,曇,12,8,12,シェリーフィーユ,牝,3,53.0,445,4,佐野遥,野口寛,,6,1:30.8,38.6,8-8-8-7,8,445,4
2025/06/24,浦和,1,ランチタイムチャレンジ３歳五,1400,ダ,左,良,曇,12,7,10,アップルシーフ,牝,3,54.0,460,7,篠谷葵,野口寛,,7,1:30.8,38.4,10-9-9-9,10,460,7
2025/06/24,浦和,1,ランチタイムチャレンジ３歳五,1400,ダ,左,良,曇,12,4,4,マジュツシカエル,セ,0,56.0,472,-9,七夕裕,工藤伸,,8,1:30.9,39.4,4-5-5-6,11,472,-9
2025/06/24,浦和,1,ランチタイムチャレンジ３歳五,1400,ダ,左,良,曇,12,2,2,ミネノブルー,牡,3,56.0,501,1,木間龍,伊藤滋,,9,1:31.0,40.3,2-2-2-4,7,501,1
2025/06/24,浦和,1,ランチタイムチャレンジ３歳五,1400,ダ,左,良,曇,12,5,5,ゴールドキッド,牡,3,56.0,419,-3,室陽一,鹿沼和,,10,1:31.2,38.1,12-12-11-11,9,419,-3
2025/06/24,浦和,1,ランチタイムチャレンジ３歳五,1400,ダ,左,良,曇,12,7,9,セイウングレイ,牝,3,51.0,444,-6,中山遥,川島豊,,11,1:31.4,39.6,5-6-7-10,5,444,-6
2025/06/24,浦和,1,ランチタイムチャレンジ３歳五,1400,ダ,左,良,曇,12,1,1,グリントレッド,牡,3,53.0,498,-6,加藤雄,山崎尋,,12,1:31.6,38.8,9-10-12-12,12,498,-6
2025/06/24,浦和,2,ドリームチャレンジ２歳新馬ア,1400,ダ,左,良,曇,7,2,2,ニンゲンテイイナ,牡,2,54.0,0,0,室陽一,宇野博,,1,1:32.3,41.0,1-1-1-1,2,0,0
2025/06/24,浦和,2,ドリームチャレンジ２歳新馬ア,1400,ダ,左,良,曇,7,4,4,タイムプリンス,牡,2,54.0,0,0,笹川翼,小久智,,2,1:33.1,41.2,7-6-4-2,1,0,0
2025/06/24,浦和,2,ドリームチャレンジ２歳新馬ア,1400,ダ,左,良,曇,7,6,6,リュウノバモス,牝,2,54.0,0,0,七夕裕,野口孝,,3,1:33.5,42.0,4-3-3-3,4,0,0
2025/06/24,浦和,2,ドリームチャレンジ２歳新馬ア,1400,ダ,左,良,曇,7,3,3,ケンベテルギウス,牡,2,54.0,0,0,福原杏,繁田健,,4,1:33.5,41.6,5-4-6-5,6,0,0
2025/06/24,浦和,2,ドリームチャレンジ２歳新馬ア,1400,ダ,左,良,曇,7,1,1,ミラコロピリナ,牝,2,54.0,0,0,山中悠,小澤宏,,5,1:33.8,41.9,3-5-5-6,3,0,0
2025/06/24,浦和,2,ドリームチャレンジ２歳新馬ア,1400,ダ,左,良,曇,7,5,5,パワーマジック,牡,2,54.0,0,0,高橋哲,入口由,,6,1:34.0,42.6,2-2-2-4,7,0,0
2025/06/24,浦和,2,ドリームチャレンジ２歳新馬ア,1400,ダ,左,良,曇,7,7,7,エトランジュパワー,牡,2,51.0,0,0,中山遥,小林真,,7,1:34.4,42.3,6-7-7-7,5,0,0
2025/06/24,浦和,3,浦和８００ラウンドＣ３選抜馬イ,800,ダ,左,良,曇,8,5,5,ブルーグリッター,セ,0,56.0,450,-5,木間龍,大津剛,,1,0:47.9,35.4,1-1,2,450,-5
2025/06/24,浦和,3,浦和８００ラウンドＣ３選抜馬イ,800,ダ,左,良,曇,8,7,7,ゴールドボード,牝,6,54.0,516,-8,秋元耕,箕輪武,,2,0:48.3,35.7,2-2,3,516,-8
2025/06/24,浦和,3,浦和８００ラウンドＣ３選抜馬イ,800,ダ,左,良,曇,8,3,3,アンタゴニスタ,牡,6,56.0,482,-15,藤江渉,工藤伸,,3,0:48.5,35.5,4-3,5,482,-15
2025/06/24,浦和,3,浦和８００ラウンドＣ３選抜馬イ,800,ダ,左,良,曇,8,1,1,ダイエービルベリー,牝,7,51.0,499,0,中山遥,酒井一,,4,0:48.5,35.2,5-4,1,499,0
2025/06/24,浦和,3,浦和８００ラウンドＣ３選抜馬イ,800,ダ,左,良,曇,8,6,6,カナデル,牝,5,54.0,491,-12,七夕裕,酒井一,,5,0:49.3,36.3,3-5,4,491,-12
2025/06/24,浦和,3,浦和８００ラウンドＣ３選抜馬イ,800,ダ,左,良,曇,8,4,4,スマートドラフト,牝,6,54.0,437,0,赤津和,鈴木勝,,6,0:49.3,35.8,6-6,8,437,0
2025/06/24,浦和,3,浦和８００ラウンドＣ３選抜馬イ,800,ダ,左,良,曇,8,2,2,ワイキキビーチ,牡,5,56.0,435,-19,保園翔,鹿沼和,,7,0:50.4,36.4,7-7,7,435,-19
2025/06/24,浦和,3,浦和８００ラウンドＣ３選抜馬イ,800,ダ,左,良,曇,8,8,8,マルノコウキ,牡,6,56.0,518,5,室陽一,川村守,,8,0:53.2,38.2,8-8,6,518,5
2025/06/24,浦和,4,浦和８００ラウンドＣ３選抜馬ア,800,ダ,左,良,曇,7,6,6,カラドボルグ,牡,7,53.0,505,10,中山遥,吉田正,,1,0:47.8,35.7,1-1,3,505,10
2025/06/24,浦和,4,浦和８００ラウンドＣ３選抜馬ア,800,ダ,左,良,曇,7,2,2,カリスイモン,牝,4,51.0,430,-4,加藤雄,水上直,,2,0:48.4,36.1,3-3,1,430,-4
2025/06/24,浦和,4,浦和８００ラウンドＣ３選抜馬ア,800,ダ,左,良,曇,7,1,1,キタカラキタダイヤ,牝,5,53.0,456,1,佐野遥,吉橋淳,,3,0:48.6,35.9,5-4,7,456,1
2025/06/24,浦和,4,浦和８００ラウンドＣ３選抜馬ア,800,ダ,左,良,曇,7,7,7,アカルイスモウブ,牝,6,54.0,414,-3,岡田大,冨田敏,,4,0:48.7,36.5,2-2,4,414,-3
2025/06/24,浦和,4,浦和８００ラウンドＣ３選抜馬ア,800,ダ,左,良,曇,7,3,3,ピノモラーン,牡,7,56.0,489,-4,達城龍,野口孝,,5,0:48.8,35.6,7-6,6,489,-4
2025/06/24,浦和,4,浦和８００ラウンドＣ３選抜馬ア,800,ダ,左,良,曇,7,4,4,リュウノアーダーン,牝,7,54.0,439,7,篠谷葵,川村守,,6,0:48.8,36.3,4-5,2,439,7
2025/06/24,浦和,4,浦和８００ラウンドＣ３選抜馬ア,800,ダ,左,良,曇,7,5,5,オンネア,牝,4,54.0,463,-3,室陽一,入口由,,7,0:49.1,36.2,6-7,5,463,-3
2025/06/24,浦和,5,浦和ファイブチャレンジＣ２六 七,1400,ダ,左,良,曇,8,3,3,ミスレイヴバンプ,牝,4,54.0,480,-8,町田直,繁田健,,1,1:28.9,38.2,4-4-4-3,3,480,-8
2025/06/24,浦和,5,浦和ファイブチャレンジＣ２六 七,1400,ダ,左,良,曇,8,4,4,キミハレモネード,牝,4,54.0,467,18,笹川翼,水野貴,,2,1:28.9,38.8,2-2-2-1,1,467,18
2025/06/24,浦和,5,浦和ファイブチャレンジＣ２六 七,1400,ダ,左,良,曇,8,6,6,ハーモニーヤマト,牡,8,56.0,455,-2,西啓太,新井清,,3,1:29.6,38.3,7-6-6-4,2,455,-2
2025/06/24,浦和,5,浦和ファイブチャレンジＣ２六 七,1400,ダ,左,良,曇,8,1,1,ホシプリンセス,牝,7,54.0,504,-5,室陽一,酒井一,,4,1:29.8,38.9,5-5-5-6,7,504,-5
2025/06/24,浦和,5,浦和ファイブチャレンジＣ２六 七,1400,ダ,左,良,曇,8,7,7,メイショウベニバナ,牝,5,54.0,457,-2,菅原涼,長谷忍,,5,1:29.8,39.7,1-1-1-2,4,457,-2
2025/06/24,浦和,5,浦和ファイブチャレンジＣ２六 七,1400,ダ,左,良,曇,8,5,5,ニシノミモザ,牝,4,54.0,450,2,秋元耕,吉田正,,6,1:30.3,38.5,6-7-8-7,8,450,2
2025/06/24,浦和,5,浦和ファイブチャレンジＣ２六 七,1400,ダ,左,良,曇,8,8,8,ヴァンクールシチー,牡,6,56.0,427,0,半澤慶,工藤伸,,7,1:30.3,40.2,3-3-3-5,5,427,0
2025/06/24,浦和,5,浦和ファイブチャレンジＣ２六 七,1400,ダ,左,良,曇,8,2,2,シーギリア,牝,5,54.0,483,6,保園翔,野口寛,,8,1:30.9,39.1,8-8-7-8,6,483,6
2025/06/24,浦和,6,Ｃ２六 七,1500,ダ,左,良,曇,9,7,7,ジャヌウブ,牝,5,54.0,474,22,福原杏,小久智,,1,1:36.2,39.4,1-1-1-1,4,474,22
2025/06/24,浦和,6,Ｃ２六 七,1500,ダ,左,良,曇,9,8,9,アルセリア,牝,5,54.0,430,-10,山口達,林正人,,2,1:37.2,40.2,3-3-2-2,5,430,-10
2025/06/24,浦和,6,Ｃ２六 七,1500,ダ,左,良,曇,9,3,3,ラニーズグレイス,牝,5,54.0,470,-7,本田重,工藤伸,,3,1:37.4,38.9,9-9-9-8,2,470,-7
2025/06/24,浦和,6,Ｃ２六 七,1500,ダ,左,良,曇,9,1,1,キョウエイシャイン,牝,6,54.0,463,-5,秋元耕,小澤宏,,4,1:37.6,39.8,4-4-4-4,6,463,-5
2025/06/24,浦和,6,Ｃ２六 七,1500,ダ,左,良,曇,9,4,4,パレルモフレイバー,牝,6,54.0,454,5,町田直,繁田健,,5,1:37.9,40.1,8-8-5-5,1,454,5
2025/06/24,浦和,6,Ｃ２六 七,1500,ダ,左,良,曇,9,6,6,ヘヴンズクライ,牡,4,56.0,424,-3,篠谷葵,藤原智,,6,1:37.9,40.1,6-6-6-6,3,424,-3
2025/06/24,浦和,6,Ｃ２六 七,1500,ダ,左,良,曇,9,8,8,チェスナットドレス,牝,8,54.0,463,-1,國分祐,冨田敏,,7,1:38.1,40.1,5-5-7-7,9,463,-1
2025/06/24,浦和,6,Ｃ２六 七,1500,ダ,左,良,曇,9,2,2,フレンドライクミー,牡,5,55.0,496,-4,佐野遥,新井清,,8,1:38.2,41.2,2-2-3-3,7,496,-4
2025/06/24,浦和,6,Ｃ２六 七,1500,ダ,左,良,曇,9,5,5,リュウノファントム,牡,5,56.0,465,-3,達城龍,野口孝,,9,1:38.2,40.0,7-7-8-9,8,465,-3
2025/06/24,浦和,7,作付面積日本一深谷ブロッコリー賞Ｃ１四,1400,ダ,左,良,曇,10,4,4,キープライジング,牝,4,54.0,491,1,野畑凌,小澤宏,,1,1:28.3,38.9,2-2-2-2,1,491,1
2025/06/24,浦和,7,作付面積日本一深谷ブロッコリー賞Ｃ１四,1400,ダ,左,良,曇,10,3,3,タキチャンゴー,牝,6,54.0,486,9,山中悠,小久智,,2,1:29.5,40.1,1-1-1-1,2,486,9
2025/06/24,浦和,7,作付面積日本一深谷ブロッコリー賞Ｃ１四,1400,ダ,左,良,曇,10,1,1,ゴーダンシング,牝,4,54.0,479,0,福原杏,平山真,,3,1:29.8,39.9,5-6-6-3,6,479,0
2025/06/24,浦和,7,作付面積日本一深谷ブロッコリー賞Ｃ１四,1400,ダ,左,良,曇,10,8,10,コパノモンタナ,セ,0,56.0,465,8,町田直,古澤悟,,4,1:29.9,39.3,10-9-9-9,5,465,8
2025/06/24,浦和,7,作付面積日本一深谷ブロッコリー賞Ｃ１四,1400,ダ,左,良,曇,10,7,7,ユウユウプルニーマ,牝,4,54.0,451,-3,赤津和,横山保,,5,1:30.0,39.8,8-8-8-7,8,451,-3
2025/06/24,浦和,7,作付面積日本一深谷ブロッコリー賞Ｃ１四,1400,ダ,左,良,曇,10,2,2,ビリーヴィン,牡,5,56.0,509,3,菅原涼,藤原智,,6,1:30.3,40.4,7-5-5-6,7,509,3
2025/06/24,浦和,7,作付面積日本一深谷ブロッコリー賞Ｃ１四,1400,ダ,左,良,曇,10,7,8,アマモト,牡,4,56.0,482,3,本田重,水野貴,,7,1:30.4,40.8,4-4-4-4,4,482,3
2025/06/24,浦和,7,作付面積日本一深谷ブロッコリー賞Ｃ１四,1400,ダ,左,良,曇,10,6,6,ヴェッターホルン,セ,0,56.0,486,2,笹川翼,宇野博,,8,1:31.3,41.9,3-3-3-5,3,486,2
2025/06/24,浦和,7,作付面積日本一深谷ブロッコリー賞Ｃ１四,1400,ダ,左,良,曇,10,5,5,レオズソーダライト,牝,9,54.0,478,0,半澤慶,海馬司,,9,1:31.4,41.5,6-7-7-8,10,478,0
2025/06/24,浦和,7,作付面積日本一深谷ブロッコリー賞Ｃ１四,1400,ダ,左,良,曇,10,8,9,コスモビートイット,牡,8,56.0,504,3,秋元耕,川島豊,,10,1:32.0,40.9,9-10-10-10,9,504,3
2025/06/24,浦和,8,草加宿特別Ｃ２一,1400,ダ,左,良,曇,11,7,8,トーセンジニアール,牡,5,56.0,455,9,野畑凌,小久智,,1,1:29.0,39.4,3-4-3-1,2,455,9
2025/06/24,浦和,8,草加宿特別Ｃ２一,1400,ダ,左,良,曇,11,6,6,ジャストチャックル,牝,4,54.0,449,6,室陽一,小澤宏,,2,1:29.1,37.6,11-11-11-6,10,449,6
2025/06/24,浦和,8,草加宿特別Ｃ２一,1400,ダ,左,良,曇,11,5,5,ショコラエクレール,牝,4,54.0,447,-10,保園翔,入口由,,3,1:29.2,39.4,6-5-4-5,1,447,-10
2025/06/24,浦和,8,草加宿特別Ｃ２一,1400,ダ,左,良,曇,11,1,1,フブキ,牝,5,54.0,457,-15,福原杏,水上直,,4,1:30.1,39.2,8-7-8-7,6,457,-15
2025/06/24,浦和,8,草加宿特別Ｃ２一,1400,ダ,左,良,曇,11,8,11,アンジェマリーナ,牝,4,54.0,426,3,櫻井光,川島豊,,5,1:30.4,39.4,9-10-7-8,8,426,3
2025/06/24,浦和,8,草加宿特別Ｃ２一,1400,ダ,左,良,曇,11,8,10,ジョーソーレ,牝,4,54.0,445,-3,笹川翼,小久智,,6,1:30.4,40.3,5-6-6-4,7,445,-3
2025/06/24,浦和,8,草加宿特別Ｃ２一,1400,ダ,左,良,曇,11,3,3,リナリア,牝,4,54.0,435,0,町田直,新井清,,7,1:30.7,41.5,2-2-2-2,3,435,0
2025/06/24,浦和,8,草加宿特別Ｃ２一,1400,ダ,左,良,曇,11,7,9,エクステンシヴリー,牡,4,56.0,536,-2,本橋孝,工藤伸,,8,1:30.8,39.9,7-8-9-10,5,536,-2
2025/06/24,浦和,8,草加宿特別Ｃ２一,1400,ダ,左,良,曇,11,6,7,ユッカラン,牝,4,54.0,455,-6,加藤和,薮口一,,9,1:30.8,39.7,10-9-10-9,11,455,-6
2025/06/24,浦和,8,草加宿特別Ｃ２一,1400,ダ,左,良,曇,11,2,2,パンディーロ,セ,0,56.0,513,-3,半澤慶,宇野博,,10,1:31.2,42.2,1-1-1-3,9,513,-3
2025/06/24,浦和,8,草加宿特別Ｃ２一,1400,ダ,左,良,曇,11,4,4,プロスペロ,牡,8,56.0,519,9,山中悠,小澤宏,,11,1:31.7,42.1,4-3-5-11,4,519,9
2025/06/24,浦和,9,粕壁宿特別Ｃ１三,1500,ダ,左,良,曇,10,7,7,ファストレーン,牡,4,56.0,482,-6,本田重,水野貴,,1,1:34.9,36.9,4-4-3-2,1,482,-6
2025/06/24,浦和,9,粕壁宿特別Ｃ１三,1500,ダ,左,良,曇,10,3,3,ココモローズ,牝,4,54.0,424,3,山崎誠,藤原智,,2,1:35.1,37.5,1-1-1-1,3,424,3
2025/06/24,浦和,9,粕壁宿特別Ｃ１三,1500,ダ,左,良,曇,10,8,9,エイシンゾディアク,牡,4,56.0,447,-5,七夕裕,横山保,,3,1:35.6,37.4,7-7-5-3,2,447,-5
2025/06/24,浦和,9,粕壁宿特別Ｃ１三,1500,ダ,左,良,曇,10,5,5,ラブリエスト,牝,4,54.0,480,-1,小杉亮,矢内博,,4,1:36.4,38.2,6-6-7-7,6,480,-1
2025/06/24,浦和,9,粕壁宿特別Ｃ１三,1500,ダ,左,良,曇,10,7,8,ピュアアメリカン,牝,5,54.0,468,9,福原杏,小澤宏,,5,1:36.4,38.6,2-2-2-4,7,468,9
2025/06/24,浦和,9,粕壁宿特別Ｃ１三,1500,ダ,左,良,曇,10,6,6,バトルホッパー,牡,6,56.0,497,1,澤田龍,横山保,,6,1:36.7,37.9,9-9-9-8,4,497,1
2025/06/24,浦和,9,粕壁宿特別Ｃ１三,1500,ダ,左,良,曇,10,2,2,ジョーリベリカ,牡,6,55.0,479,8,佐野遥,小久智,,7,1:36.8,38.6,3-3-4-5,5,479,8
2025/06/24,浦和,9,粕壁宿特別Ｃ１三,1500,ダ,左,良,曇,10,4,4,ロードアスタリスク,牡,5,56.0,491,0,木間龍,吉田正,,8,1:37.2,39.0,8-8-6-6,8,491,0
2025/06/24,浦和,9,粕壁宿特別Ｃ１三,1500,ダ,左,良,曇,10,8,10,ニシノウール,牡,5,56.0,466,-5,國分祐,冨田敏,,9,1:37.3,39.1,5-5-8-9,9,466,-5
2025/06/24,浦和,9,粕壁宿特別Ｃ１三,1500,ダ,左,良,曇,10,1,1,マイネルコモドーア,牡,4,56.0,459,2,室陽一,宇野博,,10,1:37.7,37.7,10-10-10-10,10,459,2
2025/06/24,浦和,10,稲荷山特別Ｂ２Ｂ３選抜馬,800,ダ,左,良,曇,11,3,3,ノースプリマ,牝,5,55.0,456,-2,福原杏,水野貴,,1,0:46.2,34.2,5-4,3,456,-2
2025/06/24,浦和,10,稲荷山特別Ｂ２Ｂ３選抜馬,800,ダ,左,良,曇,11,8,11,タマモアルタイル,牡,4,55.0,510,16,高橋哲,水野貴,,2,0:46.3,34.5,3-1,4,510,16
2025/06/24,浦和,10,稲荷山特別Ｂ２Ｂ３選抜馬,800,ダ,左,良,曇,11,8,10,ダンシングクライ,牝,5,53.0,481,-5,菅原涼,藤原智,,3,0:46.5,34.9,2-3,1,481,-5
2025/06/24,浦和,10,稲荷山特別Ｂ２Ｂ３選抜馬,800,ダ,左,良,曇,11,6,7,クラッチタイム,牝,4,53.0,462,0,笠野雄,岩崎真,,4,0:46.9,35.4,1-2,6,462,0
2025/06/24,浦和,10,稲荷山特別Ｂ２Ｂ３選抜馬,800,ダ,左,良,曇,11,1,1,リュウノアスラーム,牝,5,53.0,482,-4,野澤憲,齊藤敏,,5,0:47.0,34.4,7-6,5,482,-4
2025/06/24,浦和,10,稲荷山特別Ｂ２Ｂ３選抜馬,800,ダ,左,良,曇,11,5,5,エイシンエメラルド,牝,5,50.0,421,0,加藤雄,工藤伸,,6,0:47.2,35.6,4-5,2,421,0
2025/06/24,浦和,10,稲荷山特別Ｂ２Ｂ３選抜馬,800,ダ,左,良,曇,11,6,6,クリスタライズ,牡,4,57.0,499,-10,野畑凌,水野貴,,7,0:47.5,35.2,6-7,7,499,-10
2025/06/24,浦和,10,稲荷山特別Ｂ２Ｂ３選抜馬,800,ダ,左,良,曇,11,7,9,ヴェルデヴェント,牝,6,53.0,453,1,臼井健,大津剛,,8,0:47.5,34.6,8-8,10,453,1
2025/06/24,浦和,10,稲荷山特別Ｂ２Ｂ３選抜馬,800,ダ,左,良,曇,11,2,2,セイウンダマシイ,牡,5,57.0,477,2,國分祐,冨田敏,,9,0:47.9,34.7,9-9,11,477,2
2025/06/24,浦和,10,稲荷山特別Ｂ２Ｂ３選抜馬,800,ダ,左,良,曇,11,7,8,サノノレインボー,牝,4,53.0,462,1,見越彬,川島豊,,10,0:49.1,36.1,10-10,8,462,1
2025/06/24,浦和,10,稲荷山特別Ｂ２Ｂ３選抜馬,800,ダ,左,良,曇,11,4,4,スティールシャトル,牝,5,55.0,458,-8,加藤和,川島豊,,11,0:50.9,37.6,11-11,9,458,-8
2025/06/24,浦和,11,狭山湖特別Ｂ１二Ｂ２一,1400,ダ,左,良,曇,9,8,8,ハグレグモ,牡,4,57.0,516,-10,笠野雄,平山真,,1,1:26.6,37.8,3-3-3-1,4,516,-10
2025/06/24,浦和,11,狭山湖特別Ｂ１二Ｂ２一,1400,ダ,左,良,曇,9,2,2,エナジーポコアポコ,牡,5,57.0,467,5,澤田龍,繁田健,,2,1:26.9,37.0,7-8-7-6,5,467,5
2025/06/24,浦和,11,狭山湖特別Ｂ１二Ｂ２一,1400,ダ,左,良,曇,9,8,9,ケンアトラス,牡,4,55.0,477,6,藤本現,繁田健,,3,1:27.0,37.4,6-6-5-5,1,477,6
2025/06/24,浦和,11,狭山湖特別Ｂ１二Ｂ２一,1400,ダ,左,良,曇,9,3,3,ダイメイタマナ,牡,5,57.0,503,-4,笹川翼,野口孝,,4,1:27.2,37.8,5-4-4-4,2,503,-4
2025/06/24,浦和,11,狭山湖特別Ｂ１二Ｂ２一,1400,ダ,左,良,曇,9,7,7,デザートウインド,牝,5,55.0,530,-10,秋元耕,藤原智,,5,1:27.5,38.8,2-2-2-2,6,530,-10
2025/06/24,浦和,11,狭山湖特別Ｂ１二Ｂ２一,1400,ダ,左,良,曇,9,6,6,スカーズ,牡,5,57.0,498,-1,西啓太,新井清,,6,1:27.8,37.9,8-7-6-7,7,498,-1
2025/06/24,浦和,11,狭山湖特別Ｂ１二Ｂ２一,1400,ダ,左,良,曇,9,5,5,マロカオブジャガー,牡,7,57.0,513,1,木間龍,伊藤滋,,7,1:27.9,37.4,9-9-9-8,9,513,1
2025/06/24,浦和,11,狭山湖特別Ｂ１二Ｂ２一,1400,ダ,左,良,曇,9,4,4,ツウエンティフォー,牝,3,53.0,448,-4,本橋孝,小久智,,8,1:28.7,40.0,1-1-1-3,3,448,-4
2025/06/24,浦和,11,狭山湖特別Ｂ１二Ｂ２一,1400,ダ,左,良,曇,9,1,1,マイネルロッシュ,牡,9,54.0,471,0,小野俊,赤嶺本,,9,1:29.0,39.2,4-5-8-9,8,471,0
2025/06/24,浦和,12,宝登山特別Ｃ３選抜馬ア,2000,ダ,左,良,曇,9,3,3,サンラグナニゲル,牝,6,54.0,469,3,山中悠,川村守,,1,2:12.8,39.9,3-1-1-1,2,469,3
2025/06/24,浦和,12,宝登山特別Ｃ３選抜馬ア,2000,ダ,左,良,曇,9,5,5,ビーヴィーヴォ,牡,4,56.0,463,-7,秋元耕,森　始,,2,2:13.1,38.4,8-9-7-5,6,463,-7
2025/06/24,浦和,12,宝登山特別Ｃ３選抜馬ア,2000,ダ,左,良,曇,9,8,9,スターコマチ,牝,6,54.0,422,-2,木間龍,川村守,,3,2:13.3,39.7,7-6-5-3,8,422,-2
2025/06/24,浦和,12,宝登山特別Ｃ３選抜馬ア,2000,ダ,左,良,曇,9,1,1,ビーチガール,牝,5,54.0,450,2,七夕裕,小林真,,4,2:13.4,39.4,9-8-4-4,1,450,2
2025/06/24,浦和,12,宝登山特別Ｃ３選抜馬ア,2000,ダ,左,良,曇,9,6,6,ワールドバトル,セ,0,56.0,478,-1,篠谷葵,海馬司,,5,2:13.8,40.7,5-5-2-2,4,478,-1
2025/06/24,浦和,12,宝登山特別Ｃ３選抜馬ア,2000,ダ,左,良,曇,9,7,7,マーニク,牝,4,54.0,474,14,半澤慶,長谷忍,,6,2:14.5,41.2,2-3-3-6,3,474,14
2025/06/24,浦和,12,宝登山特別Ｃ３選抜馬ア,2000,ダ,左,良,曇,9,2,2,ディープトラスト,牝,5,54.0,452,1,見越彬,川島豊,,7,2:14.5,40.8,4-4-6-7,7,452,1
2025/06/24,浦和,12,宝登山特別Ｃ３選抜馬ア,2000,ダ,左,良,曇,9,8,8,ナイトレインボー,牡,4,56.0,492,-2,赤津和,酒井一,,8,2:14.6,40.3,6-7-8-8,9,492,-2
2025/06/24,浦和,12,宝登山特別Ｃ３選抜馬ア,2000,ダ,左,良,曇,9,4,4,サンボールダー,牝,6,54.0,478,-8,岡田大,鹿沼和,,9,2:22.2,48.2,1-1-9-9,5,478,-8
2025/06/25,浦和,1,本庄宿賞Ｃ３四 五,1400,ダ,左,重,雨,9,6,6,ハーモニージョーイ,牡,8,56.0,478,-2,西啓太,新井清,,1,1:28.0,38.4,2-2-2-1,1,478,-2
2025/06/25,浦和,1,本庄宿賞Ｃ３四 五,1400,ダ,左,重,雨,9,3,3,サンライズテソロ,牡,7,56.0,474,-7,半澤慶,川島豊,,2,1:28.1,38.2,4-4-3-3,5,474,-7
2025/06/25,浦和,1,本庄宿賞Ｃ３四 五,1400,ダ,左,重,雨,9,7,7,マッシュブライト,牝,7,54.0,472,-3,岡田大,酒井一,,3,1:28.5,37.9,7-6-6-4,3,472,-3
2025/06/25,浦和,1,本庄宿賞Ｃ３四 五,1400,ダ,左,重,雨,9,8,8,ハヌマーンビーチ,牡,5,56.0,467,-5,仲野光,玉井勝,,4,1:29.0,39.1,3-3-4-5,7,467,-5
2025/06/25,浦和,1,本庄宿賞Ｃ３四 五,1400,ダ,左,重,雨,9,8,9,カミヤガルーラ,牡,7,56.0,465,-2,福原杏,水上直,,5,1:29.2,39.2,5-5-5-6,6,465,-2
2025/06/25,浦和,1,本庄宿賞Ｃ３四 五,1400,ダ,左,重,雨,9,4,4,マルノアンナ,牝,6,54.0,452,-2,室陽一,川村守,,6,1:29.3,39.9,1-1-1-2,2,452,-2
2025/06/25,浦和,1,本庄宿賞Ｃ３四 五,1400,ダ,左,重,雨,9,1,1,オメガジャスミン,牝,4,54.0,443,-6,達城龍,野口孝,,7,1:29.9,39.0,8-8-7-7,4,443,-6
2025/06/25,浦和,1,本庄宿賞Ｃ３四 五,1400,ダ,左,重,雨,9,2,2,ワンダーダイカネン,牡,8,56.0,504,-5,赤津和,鈴木勝,,8,1:30.7,38.4,9-9-9-9,9,504,-5
2025/06/25,浦和,1,本庄宿賞Ｃ３四 五,1400,ダ,左,重,雨,9,5,5,ステンノー,牝,5,54.0,496,-3,秋元耕,小林真,,9,1:30.8,39.1,6-7-8-8,8,496,-3
2025/06/25,浦和,2,深谷宿賞３歳七,1400,ダ,左,不良,雨,9,3,3,ブルドッグガール,牝,3,54.0,433,-6,野畑凌,小久智,,1,1:28.7,38.2,1-1-1-1,1,433,-6
2025/06/25,浦和,2,深谷宿賞３歳七,1400,ダ,左,不良,雨,9,1,1,ブーシェノワール,牝,3,54.0,415,-2,藤江渉,酒井一,,2,1:29.3,38.6,4-4-5-4,8,415,-2
2025/06/25,浦和,2,深谷宿賞３歳七,1400,ダ,左,不良,雨,9,4,4,ホームランバッター,牡,3,53.0,491,3,中山遥,水野貴,,3,1:29.3,38.8,2-2-2-2,4,491,3
2025/06/25,浦和,2,深谷宿賞３歳七,1400,ダ,左,不良,雨,9,8,9,アースチャン,牝,3,54.0,452,1,七夕裕,箕輪武,,4,1:29.3,38.8,5-5-4-5,3,452,1
2025/06/25,浦和,2,深谷宿賞３歳七,1400,ダ,左,不良,雨,9,2,2,クレストライン,牝,3,54.0,425,-13,室陽一,入口由,,5,1:29.5,38.4,7-6-7-6,7,425,-13
2025/06/25,浦和,2,深谷宿賞３歳七,1400,ダ,左,不良,雨,9,5,5,マイリトルロマンス,牝,3,54.0,423,2,岡村健,平山真,,6,1:29.6,39.1,3-3-3-3,2,423,2
2025/06/25,浦和,2,深谷宿賞３歳七,1400,ダ,左,不良,雨,9,7,7,リーヴルパラダイス,牝,3,51.0,414,-2,椿聡太,田中力,,7,1:30.3,38.9,9-9-9-9,5,414,-2
2025/06/25,浦和,2,深谷宿賞３歳七,1400,ダ,左,不良,雨,9,6,6,ショウワスタイル,牡,3,56.0,453,-6,秋元耕,海馬司,,8,1:30.9,39.9,6-7-8-7,9,453,-6
2025/06/25,浦和,2,深谷宿賞３歳七,1400,ダ,左,不良,雨,9,8,8,ヒョイザブロー,セ,0,56.0,471,-11,木間龍,伊藤滋,,9,1:31.1,40.1,8-7-6-8,6,471,-11
2025/06/25,浦和,3,熊谷宿賞３歳六,1400,ダ,左,不良,曇,10,1,1,トーセンペネロペ,牝,3,54.0,467,29,室陽一,小久智,,1,1:28.1,38.0,5-5-5-3,1,467,29
2025/06/25,浦和,3,熊谷宿賞３歳六,1400,ダ,左,不良,曇,10,5,5,タカラハンター,牡,3,56.0,491,5,野畑凌,長谷忍,,2,1:28.3,38.5,2-2-2-2,4,491,5
2025/06/25,浦和,3,熊谷宿賞３歳六,1400,ダ,左,不良,曇,10,7,7,エンシェントダンス,牝,3,54.0,420,1,加藤和,宇野博,,3,1:28.4,38.0,8-7-8-5,8,420,1
2025/06/25,浦和,3,熊谷宿賞３歳六,1400,ダ,左,不良,曇,10,7,8,ハシリマッセ,牡,3,56.0,460,2,達城龍,川島豊,,4,1:28.5,37.7,10-9-10-10,5,460,2
2025/06/25,浦和,3,熊谷宿賞３歳六,1400,ダ,左,不良,曇,10,3,3,メイジョウビット,牝,3,54.0,441,-3,赤津和,酒井一,,5,1:28.5,38.9,1-1-1-1,6,441,-3
2025/06/25,浦和,3,熊谷宿賞３歳六,1400,ダ,左,不良,曇,10,8,10,ツガノローマン,牝,3,54.0,448,1,菅原涼,長谷忍,,6,1:28.8,38.4,9-10-9-9,9,448,1
2025/06/25,浦和,3,熊谷宿賞３歳六,1400,ダ,左,不良,曇,10,2,2,トゥアオウフ,牡,3,56.0,479,1,笹川翼,繁田健,,7,1:28.9,38.8,6-6-6-6,2,479,1
2025/06/25,浦和,3,熊谷宿賞３歳六,1400,ダ,左,不良,曇,10,8,9,カサミラ,牝,3,54.0,451,-17,山崎誠,山田質,,8,1:29.0,39.2,4-4-3-4,3,451,-17
2025/06/25,浦和,3,熊谷宿賞３歳六,1400,ダ,左,不良,曇,10,4,4,オーデンオパール,牝,3,54.0,395,-1,秋元耕,薮口一,,9,1:29.4,39.0,7-8-7-8,10,395,-1
2025/06/25,浦和,3,熊谷宿賞３歳六,1400,ダ,左,不良,曇,10,6,6,フィザリス,牡,3,56.0,476,0,篠谷葵,藤原智,,10,1:31.0,41.2,3-3-3-7,7,476,0
2025/06/25,浦和,4,鴻巣宿賞Ｃ３四 五,1500,ダ,左,不良,雨,11,5,5,オリズジーニー,牡,4,56.0,500,-7,赤津和,宇野博,,1,1:36.2,37.9,7-7-6-4,1,500,-7
2025/06/25,浦和,4,鴻巣宿賞Ｃ３四 五,1500,ダ,左,不良,雨,11,6,6,ビクエスト,牡,6,56.0,460,-11,庄司大,矢内博,,2,1:36.2,38.7,4-4-4-2,4,460,-11
2025/06/25,浦和,4,鴻巣宿賞Ｃ３四 五,1500,ダ,左,不良,雨,11,1,1,ケイティーユイ,牝,7,54.0,461,4,高橋哲,水野貴,,3,1:36.3,39.2,1-1-1-1,5,461,4
2025/06/25,浦和,4,鴻巣宿賞Ｃ３四 五,1500,ダ,左,不良,雨,11,2,2,マックスブンブン,牡,5,53.0,445,-4,中山遥,小林真,,4,1:36.3,38.9,3-3-3-3,3,445,-4
2025/06/25,浦和,4,鴻巣宿賞Ｃ３四 五,1500,ダ,左,不良,雨,11,6,7,シェナカレン,牡,5,56.0,453,-4,七夕裕,冨田敏,,5,1:37.1,37.6,8-8-8-8,9,453,-4
2025/06/25,浦和,4,鴻巣宿賞Ｃ３四 五,1500,ダ,左,不良,雨,11,4,4,タイシタモンダロ,牡,6,56.0,502,8,保園翔,川村守,,6,1:37.6,39.9,5-5-5-6,2,502,8
2025/06/25,浦和,4,鴻巣宿賞Ｃ３四 五,1500,ダ,左,不良,雨,11,7,9,シェナマリア,牝,5,54.0,447,-1,岡田大,吉田正,,7,1:37.7,37.6,11-10-10-9,11,447,-1
2025/06/25,浦和,4,鴻巣宿賞Ｃ３四 五,1500,ダ,左,不良,雨,11,8,11,マダムファンタジア,牝,4,54.0,470,10,室陽一,川村守,,8,1:37.8,40.5,2-2-2-5,6,470,10
2025/06/25,浦和,4,鴻巣宿賞Ｃ３四 五,1500,ダ,左,不良,雨,11,3,3,ゴールドバニー,牝,5,54.0,489,-1,菅原涼,野口孝,,9,1:37.8,39.6,6-6-7-7,7,489,-1
2025/06/25,浦和,4,鴻巣宿賞Ｃ３四 五,1500,ダ,左,不良,雨,11,8,10,ビービークイーン,牝,4,54.0,445,-5,實川純,佐々功,,10,1:37.9,38.1,10-11-9-10,8,445,-5
2025/06/25,浦和,4,鴻巣宿賞Ｃ３四 五,1500,ダ,左,不良,雨,11,7,8,シェナカンザシ,牝,5,54.0,470,-2,國分祐,冨田敏,,11,1:39.2,38.9,9-9-11-11,10,470,-2
2025/06/25,浦和,5,桶川宿賞Ｃ２八 九,1500,ダ,左,不良,雨,11,6,7,エアシャロウ,セ,0,56.0,524,-2,吉原寛,箕輪武,,1,1:33.7,37.5,1-1-1-1,1,524,-2
2025/06/25,浦和,5,桶川宿賞Ｃ２八 九,1500,ダ,左,不良,雨,11,7,8,リッキオ,牡,6,56.0,483,-7,秋元耕,薮口一,,2,1:34.6,37.9,5-4-2-2,5,483,-7
2025/06/25,浦和,5,桶川宿賞Ｃ２八 九,1500,ダ,左,不良,雨,11,8,10,サンタモニカビーチ,牡,5,56.0,553,2,見越彬,川島豊,,3,1:35.3,38.6,7-5-3-3,2,553,2
2025/06/25,浦和,5,桶川宿賞Ｃ２八 九,1500,ダ,左,不良,雨,11,6,6,ラインストライカー,セ,0,53.0,479,2,中山遥,小林真,,4,1:35.9,37.5,9-9-8-7,3,479,2
2025/06/25,浦和,5,桶川宿賞Ｃ２八 九,1500,ダ,左,不良,雨,11,1,1,リュウノリエゾン,牝,4,54.0,417,5,赤津和,鹿沼和,,5,1:35.9,38.6,6-6-6-5,6,417,5
2025/06/25,浦和,5,桶川宿賞Ｃ２八 九,1500,ダ,左,不良,雨,11,3,3,ベストポスト,牡,4,56.0,535,14,野畑凌,小久智,,6,1:36.0,39.3,3-3-4-4,4,535,14
2025/06/25,浦和,5,桶川宿賞Ｃ２八 九,1500,ダ,左,不良,雨,11,5,5,クインズミラ,牝,4,54.0,454,-4,菅原涼,長谷忍,,7,1:36.6,39.0,4-7-7-8,10,454,-4
2025/06/25,浦和,5,桶川宿賞Ｃ２八 九,1500,ダ,左,不良,雨,11,8,11,アンファンドディユ,牡,8,56.0,452,-18,笠野雄,海馬司,,8,1:37.3,40.8,2-2-5-6,8,452,-18
2025/06/25,浦和,5,桶川宿賞Ｃ２八 九,1500,ダ,左,不良,雨,11,4,4,サンドバンブー,牝,4,54.0,513,-3,小杉亮,川村守,,9,1:37.5,38.8,8-8-9-9,7,513,-3
2025/06/25,浦和,5,桶川宿賞Ｃ２八 九,1500,ダ,左,不良,雨,11,2,2,カイジンビリーヴ,牡,7,56.0,515,0,高橋哲,入口由,,10,1:40.6,41.1,10-10-10-10,9,515,0
2025/06/25,浦和,5,桶川宿賞Ｃ２八 九,1500,ダ,左,不良,雨,11,7,9,カリプソ,牝,4,54.0,426,5,保園翔,長谷忍,,,,,,,426,5
2025/06/25,浦和,6,上尾宿賞Ｃ２八 九,1400,ダ,左,不良,雨,11,6,7,コスモホライズン,牡,4,53.0,470,-3,中山遥,小林真,,1,1:27.6,36.8,4-4-5-3,6,470,-3
2025/06/25,浦和,6,上尾宿賞Ｃ２八 九,1400,ダ,左,不良,雨,11,5,5,ジェノバフレイバー,牡,6,56.0,482,-9,保園翔,繁田健,,2,1:28.8,38.2,10-9-1-1,1,482,-9
2025/06/25,浦和,6,上尾宿賞Ｃ２八 九,1400,ダ,左,不良,雨,11,4,4,リュウノレッドアイ,牝,5,54.0,476,8,七夕裕,野口寛,,3,1:29.4,38.3,8-7-7-5,7,476,8
2025/06/25,浦和,6,上尾宿賞Ｃ２八 九,1400,ダ,左,不良,雨,11,1,1,ワタシハマジョ,牝,5,54.0,464,-4,西啓太,鹿沼和,,4,1:29.6,39.0,1-1-2-2,9,464,-4
2025/06/25,浦和,6,上尾宿賞Ｃ２八 九,1400,ダ,左,不良,雨,11,2,2,マンダレー,セ,0,56.0,494,-4,吉原寛,岩崎真,,5,1:29.7,38.0,11-11-10-7,2,494,-4
2025/06/25,浦和,6,上尾宿賞Ｃ２八 九,1400,ダ,左,不良,雨,11,8,10,ネオアンコーラ,牡,6,56.0,493,-1,高橋哲,川島豊,,6,1:29.9,39.3,3-3-3-4,8,493,-1
2025/06/25,浦和,6,上尾宿賞Ｃ２八 九,1400,ダ,左,不良,雨,11,7,9,ファイアスター,牡,4,56.0,478,3,岡村健,工藤伸,,7,1:30.5,38.9,9-10-9-8,5,478,3
2025/06/25,浦和,6,上尾宿賞Ｃ２八 九,1400,ダ,左,不良,雨,11,8,11,レジーナデッラネラ,牝,4,54.0,427,7,半澤慶,宇野博,,8,1:30.5,39.9,6-5-4-6,11,427,7
2025/06/25,浦和,6,上尾宿賞Ｃ２八 九,1400,ダ,左,不良,雨,11,3,3,ティーズウィッシュ,牡,4,56.0,536,-19,櫻井光,海馬司,,9,1:30.9,39.2,7-8-11-11,4,536,-19
2025/06/25,浦和,6,上尾宿賞Ｃ２八 九,1400,ダ,左,不良,雨,11,6,6,メグ,牝,5,54.0,474,-2,本橋孝,鹿沼和,,10,1:31.1,40.5,2-2-6-9,3,474,-2
2025/06/25,浦和,6,上尾宿賞Ｃ２八 九,1400,ダ,左,不良,雨,11,7,8,コアヴェルト,牡,4,56.0,431,0,赤津和,箕輪武,,11,1:31.5,40.5,5-6-8-10,10,431,0
2025/06/25,浦和,9,お得なポイント！ＳＰＡＴ４で１０倍！Ｃ１,800,ダ,左,不良,曇,10,3,3,トッキーホレット,牝,4,51.0,471,5,中山遥,小林真,,1,0:45.5,33.7,4-1,1,471,5
2025/06/25,浦和,9,お得なポイント！ＳＰＡＴ４で１０倍！Ｃ１,800,ダ,左,不良,曇,10,2,2,エーティースピカ,牝,5,54.0,522,7,張田昂,宇野博,,2,0:46.1,34.0,5-3,3,522,7
2025/06/25,浦和,9,お得なポイント！ＳＰＡＴ４で１０倍！Ｃ１,800,ダ,左,不良,曇,10,7,8,ニシノクラウディア,牝,5,54.0,470,6,笹川翼,小澤宏,,3,0:46.3,34.5,2-2,2,470,6
2025/06/25,浦和,9,お得なポイント！ＳＰＡＴ４で１０倍！Ｃ１,800,ダ,左,不良,曇,10,5,5,ウルトラワールド,牡,5,55.0,456,-9,佐野遥,鹿沼和,,4,0:46.4,34.7,1-4,4,456,-9
2025/06/25,浦和,9,お得なポイント！ＳＰＡＴ４で１０倍！Ｃ１,800,ダ,左,不良,曇,10,1,1,マサハヤアン,牝,8,54.0,471,10,保園翔,野口孝,,5,0:46.9,34.3,8-7,6,471,10
2025/06/25,浦和,9,お得なポイント！ＳＰＡＴ４で１０倍！Ｃ１,800,ダ,左,不良,曇,10,8,10,ビナミトー,牝,4,54.0,437,-3,岡村健,酒井一,,6,0:47.0,35.2,3-5,5,437,-3
2025/06/25,浦和,9,お得なポイント！ＳＰＡＴ４で１０倍！Ｃ１,800,ダ,左,不良,曇,10,8,9,セイウンシデン,牡,6,56.0,530,-1,國分祐,吉田正,,7,0:47.2,34.6,7-8,10,530,-1
2025/06/25,浦和,9,お得なポイント！ＳＰＡＴ４で１０倍！Ｃ１,800,ダ,左,不良,曇,10,6,6,ヴァシロペス,セ,0,56.0,461,4,秋元耕,薮口一,,8,0:47.3,34.8,6-6,9,461,4
2025/06/25,浦和,9,お得なポイント！ＳＰＡＴ４で１０倍！Ｃ１,800,ダ,左,不良,曇,10,7,7,シェナブライト,牡,7,56.0,529,6,吉留孝,吉田正,,9,0:47.4,34.3,9-9,7,529,6
2025/06/25,浦和,9,お得なポイント！ＳＰＡＴ４で１０倍！Ｃ１,800,ダ,左,不良,曇,10,4,4,シントーユタカ,牝,4,54.0,482,6,山林信,平田正,,10,0:48.3,34.6,10-10,8,482,6
2025/06/25,浦和,10,蕨宿特別Ｂ３二,1500,ダ,左,不良,曇,10,2,2,ユキグニ,牡,6,56.0,495,-7,保園翔,水上直,,1,1:32.2,38.5,1-1-1-1,8,495,-7
2025/06/25,浦和,10,蕨宿特別Ｂ３二,1500,ダ,左,不良,曇,10,4,4,カンデラリア,牡,4,56.0,505,-3,笹川翼,新井清,,2,1:32.4,37.2,6-6-5-2,1,505,-3
2025/06/25,浦和,10,蕨宿特別Ｂ３二,1500,ダ,左,不良,曇,10,7,7,シェナノパリオ,牡,3,54.0,469,-5,吉留孝,冨田敏,,3,1:32.9,38.0,4-4-4-3,5,469,-5
2025/06/25,浦和,10,蕨宿特別Ｂ３二,1500,ダ,左,不良,曇,10,5,5,ニシノアウェイク,牡,4,56.0,489,15,福原杏,小澤宏,,4,1:33.4,37.8,8-7-7-5,4,489,15
2025/06/25,浦和,10,蕨宿特別Ｂ３二,1500,ダ,左,不良,曇,10,3,3,カルテメトレス,牝,4,54.0,455,4,野畑凌,小久智,,5,1:33.5,39.3,2-2-2-4,2,455,4
2025/06/25,浦和,10,蕨宿特別Ｂ３二,1500,ダ,左,不良,曇,10,7,8,ゴールドソニック,牡,4,56.0,503,-5,半澤慶,鹿沼和,,6,1:33.6,38.4,5-5-6-6,9,503,-5
2025/06/25,浦和,10,蕨宿特別Ｂ３二,1500,ダ,左,不良,曇,10,8,10,ハチャトリアン,牡,4,56.0,484,-4,張田昂,平山真,,7,1:33.7,37.2,10-10-10-7,7,484,-4
2025/06/25,浦和,10,蕨宿特別Ｂ３二,1500,ダ,左,不良,曇,10,6,6,モンバイト,牡,6,56.0,503,5,笠野雄,薮口一,,8,1:33.9,38.3,9-8-7-8,6,503,5
2025/06/25,浦和,10,蕨宿特別Ｂ３二,1500,ダ,左,不良,曇,10,1,1,ミライヘノシンゲキ,牡,4,53.0,461,-1,杉山海,朝倉実,,9,1:34.3,38.3,7-9-9-9,10,461,-1
2025/06/25,浦和,10,蕨宿特別Ｂ３二,1500,ダ,左,不良,曇,10,8,9,サティスファイア,牝,3,52.0,438,-5,山中悠,山下之,,10,1:35.8,41.5,3-3-3-10,3,438,-5
2025/06/25,浦和,11,さきたま杯JpnＩ,1400,ダ,左,不良,曇,12,2,2,シャマル,牡,7,57.0,501,-5,川須栄,松下武,,1,1:23.2,36.3,1-1-1-1,1,501,-5
2025/06/25,浦和,11,さきたま杯JpnＩ,1400,ダ,左,不良,曇,12,5,5,ムエックス,牡,7,57.0,524,-2,張田昂,張田京,,2,1:24.2,36.8,4-4-5-3,7,524,-2
2025/06/25,浦和,11,さきたま杯JpnＩ,1400,ダ,左,不良,曇,12,1,1,エンペラーワケア,牡,5,57.0,535,-1,川田将,杉山晴,,3,1:24.2,36.2,5-6-6-8,3,535,-1
2025/06/25,浦和,11,さきたま杯JpnＩ,1400,ダ,左,不良,曇,12,8,11,ティントレット,牡,4,57.0,501,-6,矢野貴,荒山勝,,4,1:24.3,37.3,3-3-2-2,5,501,-6
2025/06/25,浦和,11,さきたま杯JpnＩ,1400,ダ,左,不良,曇,12,7,10,タガノビューティー,牡,8,57.0,525,7,石橋脩,西園正,,5,1:24.4,36.1,8-7-7-7,6,525,7
2025/06/25,浦和,11,さきたま杯JpnＩ,1400,ダ,左,不良,曇,12,4,4,マーブルマカロン,牝,5,55.0,458,-1,笹川翼,藤田輝,,6,1:24.4,35.9,7-7-8-6,10,458,-1
2025/06/25,浦和,11,さきたま杯JpnＩ,1400,ダ,左,不良,曇,12,7,9,チカッパ,牡,4,57.0,0,0,武　豊,中竹和,,7,1:24.6,37.2,6-5-4-5,4,0,0
2025/06/25,浦和,11,さきたま杯JpnＩ,1400,ダ,左,不良,曇,12,6,7,オメガレインボー,牡,9,57.0,472,-2,野畑凌,小久智,,8,1:24.7,35.2,10-10-10-9,11,472,-2
2025/06/25,浦和,11,さきたま杯JpnＩ,1400,ダ,左,不良,曇,12,5,6,アウストロ,牡,5,57.0,524,-4,秋元耕,小澤宏,,9,1:24.9,37.9,2-2-3-4,8,524,-4
2025/06/25,浦和,11,さきたま杯JpnＩ,1400,ダ,左,不良,曇,12,6,8,ヘリオス,セ,0,57.0,463,-12,吉原寛,千葉幸,,10,1:25.1,36.2,9-9-9-10,9,463,-12
2025/06/25,浦和,11,さきたま杯JpnＩ,1400,ダ,左,不良,曇,12,3,3,コスタノヴァ,牡,5,57.0,492,5,ルメー,木村哲,,11,1:25.8,35.8,12-12-12-12,2,492,5
2025/06/25,浦和,11,さきたま杯JpnＩ,1400,ダ,左,不良,曇,12,8,12,サヨノグローリー,牡,7,57.0,492,-2,澤田龍,工藤伸,,12,1:25.9,36.3,11-11-11-11,12,492,-2
2025/06/25,浦和,12,両神山特別Ｃ２選抜馬ア,2000,ダ,左,不良,曇,11,8,11,ウインブリエ,牝,4,54.0,512,0,福原杏,平山真,,1,2:08.0,37.2,1-1-1-1,2,512,0
2025/06/25,浦和,12,両神山特別Ｃ２選抜馬ア,2000,ダ,左,不良,曇,11,7,8,ユイノパチョレック,牡,4,56.0,491,3,岡村健,工藤伸,,2,2:08.5,37.5,5-5-2-2,1,491,3
2025/06/25,浦和,12,両神山特別Ｃ２選抜馬ア,2000,ダ,左,不良,曇,11,6,6,スーパーキング,牡,4,56.0,508,-16,室陽一,宇野博,,3,2:08.8,37.6,4-3-4-3,5,508,-16
2025/06/25,浦和,12,両神山特別Ｃ２選抜馬ア,2000,ダ,左,不良,曇,11,2,2,ポンテドラーゴ,牡,6,56.0,507,-4,藤江渉,入口由,,4,2:09.7,38.3,6-6-6-5,3,507,-4
2025/06/25,浦和,12,両神山特別Ｃ２選抜馬ア,2000,ダ,左,不良,曇,11,6,7,シーメジャー,牝,4,54.0,456,-8,笹川翼,新井清,,5,2:09.8,38.8,3-4-3-4,4,456,-8
2025/06/25,浦和,12,両神山特別Ｃ２選抜馬ア,2000,ダ,左,不良,曇,11,5,5,スマイルポピー,牝,5,54.0,489,16,張田昂,小澤宏,,6,2:10.3,37.9,11-11-11-8,9,489,16
2025/06/25,浦和,12,両神山特別Ｃ２選抜馬ア,2000,ダ,左,不良,曇,11,3,3,リュウノアラス,牡,4,56.0,497,0,小杉亮,川村守,,7,2:10.4,38.4,10-8-9-6,8,497,0
2025/06/25,浦和,12,両神山特別Ｃ２選抜馬ア,2000,ダ,左,不良,曇,11,7,9,セイウンコチョウ,牝,6,54.0,403,-1,國分祐,冨田敏,,7,2:10.4,38.3,9-10-10-10,10,403,-1
2025/06/25,浦和,12,両神山特別Ｃ２選抜馬ア,2000,ダ,左,不良,曇,11,4,4,ポケットシンデレラ,牝,6,54.0,446,6,野畑凌,長谷忍,,9,2:10.7,38.7,8-9-7-7,11,446,6
2025/06/25,浦和,12,両神山特別Ｃ２選抜馬ア,2000,ダ,左,不良,曇,11,8,10,エイシンヘーメラー,牝,5,51.0,419,-4,中山遥,入口由,,10,2:11.1,39.1,7-7-8-11,7,419,-4
2025/06/25,浦和,12,両神山特別Ｃ２選抜馬ア,2000,ダ,左,不良,曇,11,1,1,イエローベル,牝,4,54.0,459,-1,山中悠,小久智,,11,2:12.0,41.0,2-2-5-9,6,459,-1
2025/06/26,浦和,1,ランチタイムチャレンジ３歳九,1400,ダ,左,不良,曇,9,3,3,ユウユウニコヴィア,牝,3,51.0,416,-6,中山遥,横山保,,1,1:29.2,38.8,2-2-3-1,7,416,-6
2025/06/26,浦和,1,ランチタイムチャレンジ３歳九,1400,ダ,左,不良,曇,9,5,5,プリマベーラ,牝,3,54.0,441,11,保園翔,野口寛,,2,1:29.2,37.8,8-8-6-5,2,441,11
2025/06/26,浦和,1,ランチタイムチャレンジ３歳九,1400,ダ,左,不良,曇,9,8,8,キンピカ,牡,3,56.0,383,-2,木間龍,工藤伸,,3,1:29.2,38.8,3-3-3-3,6,383,-2
2025/06/26,浦和,1,ランチタイムチャレンジ３歳九,1400,ダ,左,不良,曇,9,8,9,イマキュレイト,牡,3,56.0,452,-4,笹川翼,水上直,,4,1:29.6,39.2,4-4-1-4,1,452,-4
2025/06/26,浦和,1,ランチタイムチャレンジ３歳九,1400,ダ,左,不良,曇,9,2,2,メラ,牝,3,54.0,541,5,加藤和,長谷忍,,5,1:29.9,39.5,1-1-2-2,3,541,5
2025/06/26,浦和,1,ランチタイムチャレンジ３歳九,1400,ダ,左,不良,曇,9,6,6,センエツナガラ,牡,3,56.0,497,4,藤江渉,酒井一,,6,1:29.9,39.2,5-5-5-6,5,497,4
2025/06/26,浦和,1,ランチタイムチャレンジ３歳九,1400,ダ,左,不良,曇,9,1,1,アヤサンフラッシュ,牡,3,56.0,518,-3,岡村健,大津剛,,7,1:30.1,38.5,6-7-8-8,4,518,-3
2025/06/26,浦和,1,ランチタイムチャレンジ３歳九,1400,ダ,左,不良,曇,9,4,4,ハーシュミストレス,牝,3,54.0,443,2,七夕裕,酒井一,,8,1:30.1,39.0,7-6-7-7,9,443,2
2025/06/26,浦和,1,ランチタイムチャレンジ３歳九,1400,ダ,左,不良,曇,9,7,7,リュウノコウ,牡,3,56.0,494,0,秋元耕,野口孝,,,,,9-9-9,8,494,0
2025/06/26,浦和,2,３歳八,1400,ダ,左,不良,曇,12,7,9,ブルーオブウインド,牝,3,54.0,434,-2,保園翔,川村守,,1,1:27.4,38.3,1-1-1-1,3,434,-2
2025/06/26,浦和,2,３歳八,1400,ダ,左,不良,曇,12,8,11,ノーザトゥルース,牝,3,54.0,474,8,笹川翼,水野貴,,2,1:27.6,38.4,2-2-2-2,1,474,8
2025/06/26,浦和,2,３歳八,1400,ダ,左,不良,曇,12,6,7,ミッション,牡,3,56.0,440,-2,岡村健,大津剛,,3,1:27.6,37.7,7-7-6-4,7,440,-2
2025/06/26,浦和,2,３歳八,1400,ダ,左,不良,曇,12,5,6,エニーサンダー,牡,3,56.0,440,-12,藤本現,箕輪武,,4,1:27.6,38.1,8-5-3-3,2,440,-12
2025/06/26,浦和,2,３歳八,1400,ダ,左,不良,曇,12,1,1,カネミツツイスト,牡,3,56.0,442,-2,七夕裕,水野貴,,5,1:29.2,38.9,9-8-7-6,5,442,-2
2025/06/26,浦和,2,３歳八,1400,ダ,左,不良,曇,12,7,10,パワーオブザキング,セ,0,56.0,467,-2,見越彬,鹿沼和,,6,1:29.4,39.8,5-4-4-5,4,467,-2
2025/06/26,浦和,2,３歳八,1400,ダ,左,不良,曇,12,3,3,マイラグラース,牝,3,54.0,443,5,本橋孝,米谷康,,7,1:30.0,39.4,4-6-8-8,10,443,5
2025/06/26,浦和,2,３歳八,1400,ダ,左,不良,曇,12,2,2,イエスユイキャン,牝,3,54.0,424,-3,岡田大,薮口一,,8,1:30.0,37.5,12-12-11-9,6,424,-3
2025/06/26,浦和,2,３歳八,1400,ダ,左,不良,曇,12,8,12,ジャックルージュ,牡,3,56.0,447,4,室陽一,川村守,,9,1:30.5,40.9,3-3-5-7,9,447,4
2025/06/26,浦和,2,３歳八,1400,ダ,左,不良,曇,12,5,5,ヒロノカッター,牡,3,56.0,482,-11,加藤和,薮口一,,10,1:31.1,39.6,11-10-10-10,8,482,-11
2025/06/26,浦和,2,３歳八,1400,ダ,左,不良,曇,12,4,4,クリナデシコ,牝,3,54.0,459,5,國分祐,冨田敏,,11,1:31.8,40.6,6-9-9-11,11,459,5
2025/06/26,浦和,2,３歳八,1400,ダ,左,不良,曇,12,6,8,リトルツイーンメメ,牝,3,52.0,535,2,所　蛍,長谷剛,,,,,10-11-12-12,12,535,2
2025/06/26,浦和,3,特選Ｃ３二 三,1500,ダ,左,重,曇,9,4,4,タイプフェイス,牝,4,54.0,443,-2,笹川翼,水野貴,,1,1:35.0,38.0,4-4-3-3,3,443,-2
2025/06/26,浦和,3,特選Ｃ３二 三,1500,ダ,左,重,曇,9,2,2,ニシノテンカフブ,牡,5,56.0,467,-2,吉留孝,吉田正,,2,1:35.4,37.6,9-9-7-4,4,467,-2
2025/06/26,浦和,3,特選Ｃ３二 三,1500,ダ,左,重,曇,9,7,7,ビートルジュース,牝,6,54.0,451,-7,山中悠,小久智,,3,1:35.5,38.8,2-2-2-1,2,451,-7
2025/06/26,浦和,3,特選Ｃ３二 三,1500,ダ,左,重,曇,9,8,9,ストームペガサス,セ,0,56.0,528,7,張田昂,平山真,,4,1:35.5,38.9,1-1-1-2,1,528,7
2025/06/26,浦和,3,特選Ｃ３二 三,1500,ダ,左,重,曇,9,6,6,シェナリオン,牡,5,56.0,457,0,國分祐,冨田敏,,5,1:36.1,38.5,7-8-8-8,6,457,0
2025/06/26,浦和,3,特選Ｃ３二 三,1500,ダ,左,重,曇,9,8,8,タイムレスブルーム,牡,4,56.0,483,-3,クアト,野口孝,,6,1:36.1,38.8,5-5-6-5,5,483,-3
2025/06/26,浦和,3,特選Ｃ３二 三,1500,ダ,左,重,曇,9,1,1,ビーブルー,牝,6,54.0,478,-17,實川純,佐々功,,7,1:36.3,38.6,6-7-9-9,8,478,-17
2025/06/26,浦和,3,特選Ｃ３二 三,1500,ダ,左,重,曇,9,3,3,アイブライト,牡,5,56.0,473,-7,笠野雄,海馬司,,8,1:36.8,39.5,8-5-5-6,9,473,-7
2025/06/26,浦和,3,特選Ｃ３二 三,1500,ダ,左,重,曇,9,5,5,ゲットデザイアー,牝,6,54.0,474,-12,藤本現,川村守,,9,1:36.8,39.8,3-3-4-7,7,474,-12
2025/06/26,浦和,4,浦和８００ラウンドＣ２選抜馬イ,800,ダ,左,重,曇,10,4,4,クインズハッピー,牝,6,54.0,451,-2,七夕裕,小林真,,1,0:46.6,35.2,2-1,1,451,-2
2025/06/26,浦和,4,浦和８００ラウンドＣ２選抜馬イ,800,ダ,左,重,曇,10,2,2,ルージュルージュ,牝,4,54.0,449,0,保園翔,長谷忍,,2,0:47.0,35.6,1-2,4,449,0
2025/06/26,浦和,4,浦和８００ラウンドＣ２選抜馬イ,800,ダ,左,重,曇,10,5,5,ノボインパクト,牝,7,54.0,462,-6,山崎誠,山崎裕,,3,0:47.1,34.8,7-6,3,462,-6
2025/06/26,浦和,4,浦和８００ラウンドＣ２選抜馬イ,800,ダ,左,重,曇,10,7,7,ピースリアン,牡,8,56.0,492,5,赤津和,横山保,,4,0:47.1,35.3,4-3,7,492,5
2025/06/26,浦和,4,浦和８００ラウンドＣ２選抜馬イ,800,ダ,左,重,曇,10,6,6,スイートウィル,牝,4,51.0,434,3,中山遥,川島豊,,5,0:47.3,35.2,5-5,5,434,3
2025/06/26,浦和,4,浦和８００ラウンドＣ２選抜馬イ,800,ダ,左,重,曇,10,7,8,ライスライス,牝,4,54.0,409,3,室陽一,小澤宏,,6,0:47.7,35.4,8-8,9,409,3
2025/06/26,浦和,4,浦和８００ラウンドＣ２選抜馬イ,800,ダ,左,重,曇,10,8,10,ダンストンムート,牝,5,54.0,464,-2,見越彬,野口孝,,7,0:47.8,36.4,3-4,2,464,-2
2025/06/26,浦和,4,浦和８００ラウンドＣ２選抜馬イ,800,ダ,左,重,曇,10,1,1,ベアビー,牝,4,54.0,460,-4,加藤和,川島豊,,8,0:47.8,35.7,6-7,6,460,-4
2025/06/26,浦和,4,浦和８００ラウンドＣ２選抜馬イ,800,ダ,左,重,曇,10,8,9,アマゴ,牝,6,54.0,471,2,今野忠,箕輪武,,9,0:47.9,35.3,9-9,8,471,2
2025/06/26,浦和,4,浦和８００ラウンドＣ２選抜馬イ,800,ダ,左,重,曇,10,3,3,プレパレンセ,牝,8,52.0,460,-2,所　蛍,工藤伸,,,,,,,460,-2
2025/06/26,浦和,5,浦和８００ラウンドＣ２選抜馬ア,800,ダ,左,重,曇,8,3,3,リュミヌーフィーユ,牝,5,54.0,515,-6,福原杏,繁田健,,1,0:46.3,34.3,1-1,2,515,-6
2025/06/26,浦和,5,浦和８００ラウンドＣ２選抜馬ア,800,ダ,左,重,曇,8,7,7,スターハッスル,牡,5,56.0,497,11,保園翔,小澤宏,,2,0:46.5,34.3,2-2,3,497,11
2025/06/26,浦和,5,浦和８００ラウンドＣ２選抜馬ア,800,ダ,左,重,曇,8,6,6,ロードサミット,牡,5,56.0,481,-4,菅原涼,長谷忍,,3,0:46.7,34.2,4-5,5,481,-4
2025/06/26,浦和,5,浦和８００ラウンドＣ２選抜馬ア,800,ダ,左,重,曇,8,8,8,ミヤジミニー,牝,5,51.0,427,-7,神尾香,田邊陽,,4,0:46.7,34.0,5-3,7,427,-7
2025/06/26,浦和,5,浦和８００ラウンドＣ２選抜馬ア,800,ダ,左,重,曇,8,1,1,チーフルガール,牝,4,51.0,426,4,中山遥,箕輪武,,5,0:46.9,34.5,3-4,1,426,4
2025/06/26,浦和,5,浦和８００ラウンドＣ２選抜馬ア,800,ダ,左,重,曇,8,5,5,マンマミーア,牡,4,56.0,474,-6,西啓太,茂木浩,,6,0:47.4,34.7,6-6,4,474,-6
2025/06/26,浦和,5,浦和８００ラウンドＣ２選抜馬ア,800,ダ,左,重,曇,8,4,4,レガシーオブエリザ,牝,4,54.0,430,-11,岡田大,鹿沼和,,7,0:47.9,34.7,7-7,8,430,-11
2025/06/26,浦和,5,浦和８００ラウンドＣ２選抜馬ア,800,ダ,左,重,曇,8,2,2,ルヴァンモンスター,牡,5,56.0,491,-16,高橋哲,鈴木勝,,8,0:50.9,37.1,8-8,6,491,-16
2025/06/26,浦和,6,特選Ｃ３二 三,1400,ダ,左,重,曇,10,6,6,ヤマタケコーチャン,牡,6,56.0,447,-1,福原杏,水野貴,,1,1:27.0,37.8,3-3-2-1,3,447,-1
2025/06/26,浦和,6,特選Ｃ３二 三,1400,ダ,左,重,曇,10,8,9,モズマスターピース,牡,5,56.0,481,-13,高橋哲,入口由,,2,1:28.3,38.3,6-6-6-6,9,481,-13
2025/06/26,浦和,6,特選Ｃ３二 三,1400,ダ,左,重,曇,10,7,8,ソジュン,牡,7,56.0,553,4,笹川翼,新井清,,3,1:28.3,38.6,5-5-5-2,1,553,4
2025/06/26,浦和,6,特選Ｃ３二 三,1400,ダ,左,重,曇,10,3,3,クインズシリウス,牝,4,54.0,428,-1,半澤慶,宇野博,,4,1:29.1,39.6,4-4-4-4,8,428,-1
2025/06/26,浦和,6,特選Ｃ３二 三,1400,ダ,左,重,曇,10,8,10,ユウユウグリュック,牝,8,54.0,454,-3,秋元耕,横山保,,5,1:29.2,40.0,2-2-3-3,4,454,-3
2025/06/26,浦和,6,特選Ｃ３二 三,1400,ダ,左,重,曇,10,2,2,フォースバイオ,牡,5,56.0,442,-9,高橋利,玉井昇,,6,1:29.3,38.7,9-8-8-8,7,442,-9
2025/06/26,浦和,6,特選Ｃ３二 三,1400,ダ,左,重,曇,10,1,1,クラダイリン,牝,5,54.0,524,4,笠野雄,長谷忍,,7,1:29.5,38.1,10-10-9-9,10,524,4
2025/06/26,浦和,6,特選Ｃ３二 三,1400,ダ,左,重,曇,10,4,4,インベンション,牝,5,54.0,449,-1,保園翔,長谷忍,,8,1:29.6,39.4,7-7-7-7,6,449,-1
2025/06/26,浦和,6,特選Ｃ３二 三,1400,ダ,左,重,曇,10,7,7,ナリタアンビション,牝,5,54.0,415,1,櫻井光,川島豊,,9,1:30.0,38.8,8-9-10-10,5,415,1
2025/06/26,浦和,6,特選Ｃ３二 三,1400,ダ,左,重,曇,10,5,5,アースメロディ,牝,4,54.0,510,4,七夕裕,箕輪武,,10,1:30.6,41.4,1-1-1-5,2,510,4
2025/06/26,浦和,7,新一万円札発行１周年記念賞Ｃ１選抜馬イ,800,ダ,左,重,曇,8,7,7,アイアムカチマショ,牝,5,54.0,473,0,見越彬,川島豊,,1,0:46.8,34.4,1-1,2,473,0
2025/06/26,浦和,7,新一万円札発行１周年記念賞Ｃ１選抜馬イ,800,ダ,左,重,曇,8,1,1,ニシノニューリーフ,牝,5,54.0,516,9,吉留孝,冨田敏,,2,0:47.1,34.5,3-2,1,516,9
2025/06/26,浦和,7,新一万円札発行１周年記念賞Ｃ１選抜馬イ,800,ダ,左,重,曇,8,2,2,ケイアイマゴラ,セ,0,56.0,469,10,櫻井光,海馬司,,3,0:47.2,34.3,4-4,4,469,10
2025/06/26,浦和,7,新一万円札発行１周年記念賞Ｃ１選抜馬イ,800,ダ,左,重,曇,8,6,6,ラエティティア,牝,4,54.0,474,5,小杉亮,矢野義,,4,0:47.2,34.6,2-3,5,474,5
2025/06/26,浦和,7,新一万円札発行１周年記念賞Ｃ１選抜馬イ,800,ダ,左,重,曇,8,3,3,ゲストプリンシパル,牡,7,56.0,509,1,西啓太,内田勝,,5,0:47.5,34.4,5-6,6,509,1
2025/06/26,浦和,7,新一万円札発行１周年記念賞Ｃ１選抜馬イ,800,ダ,左,重,曇,8,4,4,クレイジーリッチ,牡,7,56.0,499,-14,山口達,林正人,,6,0:47.6,34.1,6-5,7,499,-14
2025/06/26,浦和,7,新一万円札発行１周年記念賞Ｃ１選抜馬イ,800,ダ,左,重,曇,8,8,8,スーパーローズ,牝,8,54.0,494,6,室陽一,野口孝,,7,0:47.8,34.3,7-7,8,494,6
2025/06/26,浦和,7,新一万円札発行１周年記念賞Ｃ１選抜馬イ,800,ダ,左,重,曇,8,5,5,ファセリア,牡,4,56.0,485,2,七夕裕,横山保,,8,0:49.4,35.4,8-8,3,485,2
2025/06/26,浦和,8,杉戸宿特別３歳二,1400,ダ,左,重,曇,8,4,4,カミノワ,牡,3,56.0,496,-10,藤本現,佐々功,,1,1:26.2,37.4,4-3-3-2,3,496,-10
2025/06/26,浦和,8,杉戸宿特別３歳二,1400,ダ,左,重,曇,8,2,2,シナノショウグン,牡,3,56.0,432,-7,見越彬,鹿沼和,,2,1:26.9,38.7,1-1-1-3,6,432,-7
2025/06/26,浦和,8,杉戸宿特別３歳二,1400,ダ,左,重,曇,8,5,5,ダイバヤタガラス,セ,0,56.0,455,5,赤津和,箕輪武,,3,1:27.1,38.3,3-4-2-1,5,455,5
2025/06/26,浦和,8,杉戸宿特別３歳二,1400,ダ,左,重,曇,8,6,6,トーケンクミー,牝,3,54.0,421,7,秋元耕,小澤宏,,4,1:27.3,37.6,7-8-7-4,7,421,7
2025/06/26,浦和,8,杉戸宿特別３歳二,1400,ダ,左,重,曇,8,7,7,ティナバローズ,牝,3,54.0,489,0,町田直,繁田健,,5,1:27.5,38.4,5-5-6-6,4,489,0
2025/06/26,浦和,8,杉戸宿特別３歳二,1400,ダ,左,重,曇,8,3,3,マナコル,牡,3,56.0,513,-4,山崎誠,藤原智,,6,1:27.7,38.0,6-6-8-8,1,513,-4
2025/06/26,浦和,8,杉戸宿特別３歳二,1400,ダ,左,重,曇,8,1,1,ソリスレガーロ,牝,3,54.0,454,5,篠谷葵,佐藤太,,7,1:27.7,38.5,8-7-5-5,2,454,5
2025/06/26,浦和,8,杉戸宿特別３歳二,1400,ダ,左,重,曇,8,8,8,カシノナイスガイ,牡,3,56.0,484,7,吉留孝,野口寛,,8,1:28.6,40.0,2-2-4-7,8,484,7
2025/06/26,浦和,9,雁坂峠特別Ｃ２二,1500,ダ,左,重,曇,12,2,2,ホウオウヴィーナス,牝,5,54.0,509,-4,川島正,岩崎真,,1,1:33.8,36.7,1-1-1-1,1,509,-4
2025/06/26,浦和,9,雁坂峠特別Ｃ２二,1500,ダ,左,重,曇,12,6,8,ツェルニー,牝,4,54.0,455,-3,秋元耕,鹿沼和,,2,1:33.9,36.6,3-3-3-2,2,455,-3
2025/06/26,浦和,9,雁坂峠特別Ｃ２二,1500,ダ,左,重,曇,12,6,7,ロットゥーラ,牡,5,56.0,453,-13,笹川翼,小久智,,3,1:34.7,37.5,2-2-2-3,3,453,-13
2025/06/26,浦和,9,雁坂峠特別Ｃ２二,1500,ダ,左,重,曇,12,8,12,キャルドーン,牡,5,56.0,511,4,西啓太,繁田健,,4,1:34.8,37.0,6-8-7-4,5,511,4
2025/06/26,浦和,9,雁坂峠特別Ｃ２二,1500,ダ,左,重,曇,12,5,6,レコパンマミー,牝,5,54.0,488,-7,赤津和,箕輪武,,5,1:35.1,36.7,9-9-8-7,6,488,-7
2025/06/26,浦和,9,雁坂峠特別Ｃ２二,1500,ダ,左,重,曇,12,1,1,ウオッカガール,牝,5,51.0,503,-4,中山遥,箕輪武,,6,1:35.2,37.7,4-4-6-6,8,503,-4
2025/06/26,浦和,9,雁坂峠特別Ｃ２二,1500,ダ,左,重,曇,12,7,9,ニシノソレガシ,セ,0,56.0,522,-6,吉留孝,冨田敏,,7,1:35.3,37.8,5-5-4-5,7,522,-6
2025/06/26,浦和,9,雁坂峠特別Ｃ２二,1500,ダ,左,重,曇,12,5,5,ジンフィンドール,牝,5,54.0,457,-4,篠谷葵,林正人,,8,1:35.6,38.0,8-6-5-8,4,457,-4
2025/06/26,浦和,9,雁坂峠特別Ｃ２二,1500,ダ,左,重,曇,12,3,3,サマーヌード,牡,4,56.0,508,1,山中悠,阿井正,,9,1:36.3,37.3,11-11-11-10,10,508,1
2025/06/26,浦和,9,雁坂峠特別Ｃ２二,1500,ダ,左,重,曇,12,4,4,シェナクラウン,牡,5,56.0,517,6,岡田大,冨田敏,,10,1:36.4,37.8,10-10-9-9,12,517,6
2025/06/26,浦和,9,雁坂峠特別Ｃ２二,1500,ダ,左,重,曇,12,7,10,シヴァシン,牡,5,56.0,432,-1,池谷匠,八木仁,,11,1:37.3,38.1,12-12-12-11,11,432,-1
2025/06/26,浦和,9,雁坂峠特別Ｃ２二,1500,ダ,左,重,曇,12,8,11,プラウサス,牡,6,56.0,509,-6,加藤和,酒井一,,12,1:38.7,40.3,7-7-10-12,9,509,-6
2025/06/26,浦和,10,宮沢湖特別Ｃ１二,1400,ダ,左,重,曇,11,4,4,プラティクレール,牝,5,54.0,490,-7,本田重,水野貴,,1,1:25.7,36.9,1-1-1-1,1,490,-7
2025/06/26,浦和,10,宮沢湖特別Ｃ１二,1400,ダ,左,重,曇,11,7,8,ディナトセレーネ,牝,5,54.0,473,8,西啓太,林　幻,,2,1:26.3,37.1,6-5-6-4,3,473,8
2025/06/26,浦和,10,宮沢湖特別Ｃ１二,1400,ダ,左,重,曇,11,2,2,ドンアレス,牡,4,56.0,495,9,加藤和,薮口一,,3,1:26.7,37.3,8-7-7-6,5,495,9
2025/06/26,浦和,10,宮沢湖特別Ｃ１二,1400,ダ,左,重,曇,11,8,10,アムレート,牝,5,54.0,446,18,山中悠,小久智,,4,1:26.9,38.0,2-2-2-2,4,446,18
2025/06/26,浦和,10,宮沢湖特別Ｃ１二,1400,ダ,左,重,曇,11,8,11,サダージ,牝,4,54.0,464,7,張田昂,小澤宏,,5,1:27.1,37.3,7-8-8-8,6,464,7
2025/06/26,浦和,10,宮沢湖特別Ｃ１二,1400,ダ,左,重,曇,11,7,9,マロンシャンテリー,牡,4,56.0,467,-4,赤津和,工藤伸,,6,1:27.2,38.0,4-6-3-5,7,467,-4
2025/06/26,浦和,10,宮沢湖特別Ｃ１二,1400,ダ,左,重,曇,11,5,5,サノノタルマエ,牝,5,54.0,474,4,達城龍,川島豊,,7,1:27.5,38.4,5-3-5-7,8,474,4
2025/06/26,浦和,10,宮沢湖特別Ｃ１二,1400,ダ,左,重,曇,11,6,6,スマイルスライヴ,セ,0,56.0,475,1,笹川翼,宇野博,,8,1:27.6,38.5,3-4-4-3,2,475,1
2025/06/26,浦和,10,宮沢湖特別Ｃ１二,1400,ダ,左,重,曇,11,6,7,ゴルトレオパルト,牡,5,56.0,488,-3,吉留孝,箕輪武,,9,1:28.2,38.3,9-9-9-9,9,488,-3
2025/06/26,浦和,10,宮沢湖特別Ｃ１二,1400,ダ,左,重,曇,11,3,3,リュラグリーン,牝,4,54.0,467,-3,高橋哲,川村守,,10,1:28.7,38.7,10-10-10-10,10,467,-3
2025/06/26,浦和,10,宮沢湖特別Ｃ１二,1400,ダ,左,重,曇,11,1,1,キングフリオーソ,牡,7,56.0,0,0,藤本現,佐々功,,,,,,,0,0
2025/06/26,浦和,11,甲武信ヶ岳特別Ａ２下,1500,ダ,左,重,曇,8,2,2,ラブリービュー,牡,5,57.0,483,-4,本田重,佐藤太,,1,1:31.9,36.4,2-2-2-2,2,483,-4
2025/06/26,浦和,11,甲武信ヶ岳特別Ａ２下,1500,ダ,左,重,曇,8,4,4,トノパー,牡,5,57.0,513,-2,笹川翼,小久智,,2,1:31.9,36.4,1-1-1-1,3,513,-2
2025/06/26,浦和,11,甲武信ヶ岳特別Ａ２下,1500,ダ,左,重,曇,8,3,3,セルフメイド,牡,7,57.0,510,3,木間龍,矢野義,,3,1:32.3,36.6,4-5-6-3,6,510,3
2025/06/26,浦和,11,甲武信ヶ岳特別Ａ２下,1500,ダ,左,重,曇,8,7,7,バトルバーリライ,牡,9,57.0,479,-1,張田昂,森下淳,,4,1:32.7,36.9,6-6-7-6,4,479,-1
2025/06/26,浦和,11,甲武信ヶ岳特別Ａ２下,1500,ダ,左,重,曇,8,5,5,アメリカンシード,牡,8,56.0,498,-1,鷹見陸,藤田輝,,5,1:32.8,37.3,3-3-4-5,5,498,-1
2025/06/26,浦和,11,甲武信ヶ岳特別Ａ２下,1500,ダ,左,重,曇,8,1,1,モズリッキー,牡,6,57.0,487,-2,町田直,繁田健,,6,1:33.2,37.7,8-7-3-4,1,487,-2
2025/06/26,浦和,11,甲武信ヶ岳特別Ａ２下,1500,ダ,左,重,曇,8,8,8,アムクラージュ,牡,4,57.0,523,-1,山崎誠,藤原智,,7,1:34.1,38.6,5-4-5-7,8,523,-1
2025/06/26,浦和,11,甲武信ヶ岳特別Ａ２下,1500,ダ,左,重,曇,8,6,6,ミズワリヲクダサイ,牡,5,57.0,481,-3,室陽一,宇野博,,8,1:34.5,38.3,7-8-8-8,7,481,-3
2025/06/26,浦和,12,武甲山特別Ｂ２Ｂ３選抜馬,2000,ダ,左,重,雨,12,5,5,リョウタスペシャル,牡,5,57.0,433,-4,福原杏,小澤宏,,1,2:06.4,38.5,2-2-1-1,1,433,-4
2025/06/26,浦和,12,武甲山特別Ｂ２Ｂ３選抜馬,2000,ダ,左,重,雨,12,4,4,ロックフレイバー,牡,5,55.0,485,1,笹川翼,繁田健,,2,2:06.5,37.8,9-9-3-2,2,485,1
2025/06/26,浦和,12,武甲山特別Ｂ２Ｂ３選抜馬,2000,ダ,左,重,雨,12,1,1,リュウノアン,牝,6,53.0,469,-3,篠谷葵,野口寛,,3,2:07.0,38.7,6-4-4-3,5,469,-3
2025/06/26,浦和,12,武甲山特別Ｂ２Ｂ３選抜馬,2000,ダ,左,重,雨,12,7,10,ロイヤルザップ,牡,6,57.0,496,-3,本田重,宇野博,,4,2:07.3,38.5,11-10-5-4,7,496,-3
2025/06/26,浦和,12,武甲山特別Ｂ２Ｂ３選抜馬,2000,ダ,左,重,雨,12,7,9,プリンスオーソ,牡,5,55.0,450,0,菅原涼,長谷忍,,5,2:07.7,38.7,10-11-7-7,12,450,0
2025/06/26,浦和,12,武甲山特別Ｂ２Ｂ３選抜馬,2000,ダ,左,重,雨,12,5,6,モズハッピーロード,牡,7,57.0,508,-7,張田昂,海馬司,,6,2:07.9,39.2,8-7-6-5,3,508,-7
2025/06/26,浦和,12,武甲山特別Ｂ２Ｂ３選抜馬,2000,ダ,左,重,雨,12,2,2,ライコウノヒカリ,牡,5,55.0,452,3,高橋哲,鈴木勝,,7,2:08.6,39.9,7-8-11-11,8,452,3
2025/06/26,浦和,12,武甲山特別Ｂ２Ｂ３選抜馬,2000,ダ,左,重,雨,12,8,11,フォートウィリアム,セ,0,55.0,512,3,室陽一,吉田正,,8,2:08.8,39.2,12-12-12-10,10,512,3
2025/06/26,浦和,12,武甲山特別Ｂ２Ｂ３選抜馬,2000,ダ,左,重,雨,12,6,8,アルバスドラコ,セ,0,52.0,480,-5,中山遥,水野貴,,9,2:08.9,40.1,5-6-10-8,11,480,-5
2025/06/26,浦和,12,武甲山特別Ｂ２Ｂ３選抜馬,2000,ダ,左,重,雨,12,8,12,エイシンシュトルム,牡,6,57.0,488,-2,山崎誠,藤原智,,10,2:09.3,41.2,3-3-2-6,4,488,-2
2025/06/26,浦和,12,武甲山特別Ｂ２Ｂ３選抜馬,2000,ダ,左,重,雨,12,6,7,ダイバオーソ,牡,7,55.0,474,-2,藤江渉,箕輪武,,11,2:09.3,40.6,4-5-9-9,9,474,-2
2025/06/26,浦和,12,武甲山特別Ｂ２Ｂ３選抜馬,2000,ダ,左,重,雨,12,3,3,ライパチ,牡,6,55.0,489,7,本橋孝,小久智,,12,2:11.1,42.8,1-1-8-12,6,489,7
2025/06/27,浦和,1,ランチタイムチャレンジ３歳十,1300,ダ,左,稍重,晴,10,8,10,ペプチドスパークル,牝,3,54.0,0,0,福原杏,野口寛,,1,1:23.1,38.3,5-5-4-3,1,0,0
2025/06/27,浦和,1,ランチタイムチャレンジ３歳十,1300,ダ,左,稍重,晴,10,7,7,ブラーブラン,牡,3,56.0,0,0,加藤和,薮口一,,2,1:23.6,39.1,3-3-3-4,3,0,0
2025/06/27,浦和,1,ランチタイムチャレンジ３歳十,1300,ダ,左,稍重,晴,10,4,4,アマミホシゾラフグ,セ,0,56.0,0,0,見越彬,水上直,,3,1:23.7,39.2,2-2-1-2,4,0,0
2025/06/27,浦和,1,ランチタイムチャレンジ３歳十,1300,ダ,左,稍重,晴,10,1,1,クレイジーホース,セ,0,56.0,480,-18,仲野光,長谷忍,,4,1:24.2,40.0,1-1-2-1,6,480,-18
2025/06/27,浦和,1,ランチタイムチャレンジ３歳十,1300,ダ,左,稍重,晴,10,2,2,レインボーグラン,牝,3,51.0,424,-5,中山遥,酒井一,,5,1:24.4,39.5,4-4-5-5,8,424,-5
2025/06/27,浦和,1,ランチタイムチャレンジ３歳十,1300,ダ,左,稍重,晴,10,6,6,ベビーヴァギー,牝,3,54.0,0,0,保園翔,野口寛,,6,1:24.5,38.9,8-8-7-6,5,0,0
2025/06/27,浦和,1,ランチタイムチャレンジ３歳十,1300,ダ,左,稍重,晴,10,7,8,ゴールドアメリカン,牡,3,56.0,462,-1,高橋哲,野口孝,,7,1:25.1,39.9,6-6-6-7,2,462,-1
2025/06/27,浦和,1,ランチタイムチャレンジ３歳十,1300,ダ,左,稍重,晴,10,8,9,モーモーネイビー,牝,3,54.0,456,0,秋元耕,海馬司,,8,1:25.8,39.4,10-10-9-8,9,456,0
2025/06/27,浦和,1,ランチタイムチャレンジ３歳十,1300,ダ,左,稍重,晴,10,3,3,ユカナミオビーム,牝,3,54.0,472,7,七夕裕,平山真,,9,1:27.3,41.9,7-7-8-9,7,472,7
2025/06/27,浦和,1,ランチタイムチャレンジ３歳十,1300,ダ,左,稍重,晴,10,5,5,オーグファルコン,牡,3,56.0,471,8,吉留孝,薮口一,,10,1:29.2,42.8,9-9-10-10,10,471,8
2025/06/27,浦和,2,特選２歳二,1300,ダ,左,稍重,晴,8,5,5,ユウユウブロート,牝,2,54.0,434,0,七夕裕,工藤伸,,1,1:22.5,37.7,2-2-2-1,2,434,0
2025/06/27,浦和,2,特選２歳二,1300,ダ,左,稍重,晴,8,1,1,シュテルン,牝,2,54.0,490,11,張田昂,張田京,,2,1:23.3,38.5,1-1-1-2,1,490,11
2025/06/27,浦和,2,特選２歳二,1300,ダ,左,稍重,晴,8,2,2,バルカロール,牝,2,54.0,455,2,本田重,藤原智,,3,1:23.4,38.4,4-4-3-3,3,455,2
2025/06/27,浦和,2,特選２歳二,1300,ダ,左,稍重,晴,8,4,4,シュウスイマカロン,牝,2,54.0,386,-1,櫻井光,入口由,,4,1:24.6,39.3,3-3-4-4,6,386,-1
2025/06/27,浦和,2,特選２歳二,1300,ダ,左,稍重,晴,8,8,8,オーデンシェル,牝,2,54.0,379,-1,秋元耕,薮口一,,5,1:25.0,39.1,5-5-5-5,4,379,-1
2025/06/27,浦和,2,特選２歳二,1300,ダ,左,稍重,晴,8,3,3,ハリッサ,牝,2,54.0,457,5,福原杏,水野貴,,6,1:27.3,40.2,7-7-7-7,5,457,5
2025/06/27,浦和,2,特選２歳二,1300,ダ,左,稍重,晴,8,7,7,スタールル,牝,2,54.0,400,-3,保園翔,川村守,,7,1:27.4,40.9,6-6-6-6,7,400,-3
2025/06/27,浦和,2,特選２歳二,1300,ダ,左,稍重,晴,8,6,6,スターバロン,牡,2,54.0,0,0,半澤慶,小澤宏,,,,,,,0,0
2025/06/27,浦和,3,特選２歳一,1400,ダ,左,稍重,曇,7,2,2,ネイビーシンデレラ,牝,2,54.0,467,9,矢野貴,鹿沼和,,1,1:29.4,39.6,4-4-4-3,3,467,9
2025/06/27,浦和,3,特選２歳一,1400,ダ,左,稍重,曇,7,4,4,ブラックエックス,牡,2,54.0,499,7,室陽一,鹿沼和,,2,1:29.7,40.2,1-2-2-1,1,499,7
2025/06/27,浦和,3,特選２歳一,1400,ダ,左,稍重,曇,7,3,3,タフコール,牡,2,54.0,461,12,笹川翼,小久智,,3,1:30.6,41.1,2-1-1-2,2,461,12
2025/06/27,浦和,3,特選２歳一,1400,ダ,左,稍重,曇,7,1,1,ユウユウシロパン,牝,2,54.0,448,8,七夕裕,工藤伸,,4,1:30.6,40.5,6-7-5-4,4,448,8
2025/06/27,浦和,3,特選２歳一,1400,ダ,左,稍重,曇,7,5,5,ユウユウコルネット,牝,2,54.0,410,11,秋元耕,横山保,,5,1:30.6,40.5,5-5-6-5,6,410,11
2025/06/27,浦和,3,特選２歳一,1400,ダ,左,稍重,曇,7,6,6,マイアミマツリ,牡,2,54.0,449,-3,野畑凌,野口孝,,6,1:32.1,42.5,3-3-3-6,5,449,-3
2025/06/27,浦和,3,特選２歳一,1400,ダ,左,稍重,曇,7,7,7,オーデンサフィー,牝,2,54.0,407,7,吉留孝,小澤宏,,7,1:32.1,41.9,7-6-7-7,7,407,7
2025/06/27,浦和,4,浦和８００ラウンド３歳選抜馬イ,800,ダ,左,稍重,曇,10,5,5,オレイア,牝,3,53.0,380,1,保園翔,野口寛,,1,0:47.6,35.4,1-1,3,380,1
2025/06/27,浦和,4,浦和８００ラウンド３歳選抜馬イ,800,ダ,左,稍重,曇,10,7,8,ミラコロエクラ,牝,3,53.0,452,-12,山中悠,小澤宏,,2,0:47.7,34.9,5-2,1,452,-12
2025/06/27,浦和,4,浦和８００ラウンド３歳選抜馬イ,800,ダ,左,稍重,曇,10,1,1,ミラコロヴァーグ,牡,3,53.0,463,3,所　蛍,小澤宏,,3,0:47.8,35.1,6-6,4,463,3
2025/06/27,浦和,4,浦和８００ラウンド３歳選抜馬イ,800,ダ,左,稍重,曇,10,8,9,オレイニウタイマス,牝,3,53.0,451,-1,室陽一,宇野博,,4,0:48.0,35.6,3-3,8,451,-1
2025/06/27,浦和,4,浦和８００ラウンド３歳選抜馬イ,800,ダ,左,稍重,曇,10,4,4,クマサンアリガトウ,牝,3,53.0,483,-3,福原杏,宇野博,,5,0:48.4,36.0,4-5,2,483,-3
2025/06/27,浦和,4,浦和８００ラウンド３歳選抜馬イ,800,ダ,左,稍重,曇,10,6,6,キョウエイサマンサ,牝,3,53.0,466,6,秋元耕,小澤宏,,6,0:48.6,35.5,8-7,10,466,6
2025/06/27,浦和,4,浦和８００ラウンド３歳選抜馬イ,800,ダ,左,稍重,曇,10,7,7,リバーフロント,牝,3,53.0,421,-14,半澤慶,藤原智,,7,0:48.6,36.4,2-4,5,421,-14
2025/06/27,浦和,4,浦和８００ラウンド３歳選抜馬イ,800,ダ,左,稍重,曇,10,8,10,カクシンドリーム,牝,3,53.0,406,0,木間龍,酒井一,,8,0:49.0,36.5,7-8,9,406,0
2025/06/27,浦和,4,浦和８００ラウンド３歳選抜馬イ,800,ダ,左,稍重,曇,10,2,2,セイブザクイーン,牝,3,53.0,486,6,見越彬,宇野博,,9,0:49.2,35.9,10-9,7,486,6
2025/06/27,浦和,4,浦和８００ラウンド３歳選抜馬イ,800,ダ,左,稍重,曇,10,3,3,ホロキキ,牝,3,53.0,434,-3,菅原涼,藤原智,,10,0:50.1,37.4,9-10,6,434,-3
2025/06/27,浦和,5,花のまち『ふかや』賞３歳選抜馬ア,800,ダ,左,稍重,曇,9,5,5,メイメイメファ,牝,3,55.0,436,-9,岡村健,山本学,,1,0:47.2,34.2,5-1,1,436,-9
2025/06/27,浦和,5,花のまち『ふかや』賞３歳選抜馬ア,800,ダ,左,稍重,曇,9,7,7,ラブアンドビーンズ,牝,3,50.0,474,2,中山遥,水上直,,2,0:47.6,35.5,2-2,6,474,2
2025/06/27,浦和,5,花のまち『ふかや』賞３歳選抜馬ア,800,ダ,左,稍重,曇,9,8,9,クラパッション,牝,3,55.0,492,3,山崎誠,藤原智,,3,0:47.7,35.3,3-3,7,492,3
2025/06/27,浦和,5,花のまち『ふかや』賞３歳選抜馬ア,800,ダ,左,稍重,曇,9,2,2,コンサントレ,牝,3,54.0,463,1,笹川翼,繁田健,,4,0:47.7,34.7,8-6,4,463,1
2025/06/27,浦和,5,花のまち『ふかや』賞３歳選抜馬ア,800,ダ,左,稍重,曇,9,1,1,ハワイアンジュエル,牡,3,57.0,472,-7,西啓太,伊藤滋,,5,0:47.7,35.2,4-4,5,472,-7
2025/06/27,浦和,5,花のまち『ふかや』賞３歳選抜馬ア,800,ダ,左,稍重,曇,9,3,3,ビナベンチェ,牝,3,54.0,426,0,木間龍,酒井一,,6,0:48.1,35.4,6-5,8,426,0
2025/06/27,浦和,5,花のまち『ふかや』賞３歳選抜馬ア,800,ダ,左,稍重,曇,9,6,6,キックス,牝,3,54.0,476,-18,七夕裕,鹿沼和,,7,0:48.1,35.1,7-7,3,476,-18
2025/06/27,浦和,5,花のまち『ふかや』賞３歳選抜馬ア,800,ダ,左,稍重,曇,9,4,4,ユウユウキーン,牝,3,54.0,436,2,室陽一,入口由,,8,0:48.7,35.1,9-8,9,436,2
2025/06/27,浦和,5,花のまち『ふかや』賞３歳選抜馬ア,800,ダ,左,稍重,曇,9,8,8,ブルドッグワイルド,牡,3,57.0,487,1,山中悠,小久智,,9,0:49.6,37.5,1-9,2,487,1
2025/06/27,浦和,6,行田花手水賞Ｃ２十 十一,1400,ダ,左,稍重,曇,11,7,8,ドローアプローズ,セ,0,56.0,477,-22,福原杏,入口由,,1,1:28.1,38.5,3-3-3-1,7,477,-22
2025/06/27,浦和,6,行田花手水賞Ｃ２十 十一,1400,ダ,左,稍重,曇,11,6,7,キタサンリボン,牝,6,54.0,485,-2,秋元耕,繁田健,,2,1:28.5,39.3,1-1-1-2,1,485,-2
2025/06/27,浦和,6,行田花手水賞Ｃ２十 十一,1400,ダ,左,稍重,曇,11,8,10,チェンテナリオ,牝,5,54.0,439,-9,藤本現,酒井一,,3,1:29.1,38.1,9-8-8-5,10,439,-9
2025/06/27,浦和,6,行田花手水賞Ｃ２十 十一,1400,ダ,左,稍重,曇,11,1,1,イサチルイトムスビ,牝,4,54.0,483,-2,張田昂,宇野博,,4,1:29.4,39.6,4-4-4-3,3,483,-2
2025/06/27,浦和,6,行田花手水賞Ｃ２十 十一,1400,ダ,左,稍重,曇,11,6,6,ジャングルタキオン,セ,0,56.0,478,-10,達城龍,野口孝,,5,1:29.7,39.3,7-7-7-8,5,478,-10
2025/06/27,浦和,6,行田花手水賞Ｃ２十 十一,1400,ダ,左,稍重,曇,11,7,9,メーネフロタント,牝,5,51.0,485,1,中山遥,小林真,,6,1:29.8,40.6,2-2-2-4,4,485,1
2025/06/27,浦和,6,行田花手水賞Ｃ２十 十一,1400,ダ,左,稍重,曇,11,5,5,バララララララ,牝,5,54.0,425,-8,岡村健,工藤伸,,7,1:29.8,39.7,6-5-5-6,6,425,-8
2025/06/27,浦和,6,行田花手水賞Ｃ２十 十一,1400,ダ,左,稍重,曇,11,2,2,ロンギングキイ,牝,4,54.0,480,-2,七夕裕,箕輪武,,8,1:30.1,39.7,5-6-6-7,2,480,-2
2025/06/27,浦和,6,行田花手水賞Ｃ２十 十一,1400,ダ,左,稍重,曇,11,3,3,トゥジアース,牡,6,56.0,504,-7,木間龍,工藤伸,,9,1:30.1,38.6,8-9-9-10,8,504,-7
2025/06/27,浦和,6,行田花手水賞Ｃ２十 十一,1400,ダ,左,稍重,曇,11,8,11,クインズカヤノヒメ,牝,5,54.0,458,4,岡村裕,八木喜,,10,1:30.5,38.4,10-10-10-9,11,458,4
2025/06/27,浦和,6,行田花手水賞Ｃ２十 十一,1400,ダ,左,稍重,曇,11,4,4,ワンダーサバイバル,牡,4,56.0,444,-9,吉留孝,鈴木勝,,11,1:31.2,37.9,11-11-11-11,9,444,-9
2025/06/27,浦和,7,草加せんべいパリポリくん賞Ｃ２十 十一,1500,ダ,左,稍重,晴,8,6,6,アラビアンレイン,牡,5,56.0,533,-5,福原杏,水野貴,,1,1:36.0,38.5,1-1-1-1,1,533,-5
2025/06/27,浦和,7,草加せんべいパリポリくん賞Ｃ２十 十一,1500,ダ,左,稍重,晴,8,5,5,エターナルジュエル,牝,6,54.0,477,-2,山崎誠,藤原智,,2,1:36.4,38.6,3-3-2-2,2,477,-2
2025/06/27,浦和,7,草加せんべいパリポリくん賞Ｃ２十 十一,1500,ダ,左,稍重,晴,8,2,2,ウイングラドナス,牡,6,56.0,463,-6,篠谷葵,海馬司,,3,1:37.0,38.5,7-6-6-5,4,463,-6
2025/06/27,浦和,7,草加せんべいパリポリくん賞Ｃ２十 十一,1500,ダ,左,稍重,晴,8,1,1,ラージフィールド,セ,0,56.0,495,2,室陽一,酒井一,,4,1:37.1,38.9,4-5-5-3,3,495,2
2025/06/27,浦和,7,草加せんべいパリポリくん賞Ｃ２十 十一,1500,ダ,左,稍重,晴,8,3,3,ヴァリスタ,牡,4,56.0,457,-5,野畑凌,吉橋淳,,5,1:37.6,39.7,5-4-3-4,6,457,-5
2025/06/27,浦和,7,草加せんべいパリポリくん賞Ｃ２十 十一,1500,ダ,左,稍重,晴,8,8,8,キミニメロメロ,牝,4,54.0,462,6,秋元耕,吉田正,,6,1:37.7,39.8,2-2-4-6,7,462,6
2025/06/27,浦和,7,草加せんべいパリポリくん賞Ｃ２十 十一,1500,ダ,左,稍重,晴,8,4,4,フォーゲルヴァイデ,牡,4,56.0,484,7,半澤慶,川島豊,,7,1:37.9,39.0,8-7-8-7,8,484,7
2025/06/27,浦和,7,草加せんべいパリポリくん賞Ｃ２十 十一,1500,ダ,左,稍重,晴,8,7,7,ピノヌイ,牡,4,56.0,502,-1,西啓太,野口孝,,8,1:38.4,39.5,6-8-7-8,5,502,-1
2025/06/27,浦和,8,藤右衛門川特別Ｃ３選抜馬イ,2000,ダ,左,稍重,晴,11,4,4,クロシェノワール,牝,6,54.0,489,-8,秋元耕,酒井一,,1,2:12.8,41.0,3-3-1-1,1,489,-8
2025/06/27,浦和,8,藤右衛門川特別Ｃ３選抜馬イ,2000,ダ,左,稍重,晴,11,8,10,ヤマブキ,牡,5,56.0,499,-2,岡田大,鹿沼和,,2,2:13.1,40.6,6-6-2-2,4,499,-2
2025/06/27,浦和,8,藤右衛門川特別Ｃ３選抜馬イ,2000,ダ,左,稍重,晴,11,3,3,パルメニデス,牡,6,56.0,429,2,野畑凌,長谷忍,,3,2:13.2,39.7,7-7-6-3,2,429,2
2025/06/27,浦和,8,藤右衛門川特別Ｃ３選抜馬イ,2000,ダ,左,稍重,晴,11,2,2,シェナハート,牝,6,54.0,438,0,國分祐,冨田敏,,4,2:14.7,42.0,5-5-5-4,8,438,0
2025/06/27,浦和,8,藤右衛門川特別Ｃ３選抜馬イ,2000,ダ,左,稍重,晴,11,6,7,シェナグローリー,牝,5,54.0,466,-9,加藤和,冨田敏,,5,2:15.7,41.6,9-8-8-7,5,466,-9
2025/06/27,浦和,8,藤右衛門川特別Ｃ３選抜馬イ,2000,ダ,左,稍重,晴,11,8,11,チャームフォラック,牝,9,54.0,483,-5,高橋哲,川村守,,6,2:16.4,44.0,2-2-4-6,9,483,-5
2025/06/27,浦和,8,藤右衛門川特別Ｃ３選抜馬イ,2000,ダ,左,稍重,晴,11,6,6,ストームシャドウ,牡,6,56.0,485,8,笠野雄,佐々清,,7,2:17.2,42.7,10-10-9-9,6,485,8
2025/06/27,浦和,8,藤右衛門川特別Ｃ３選抜馬イ,2000,ダ,左,稍重,晴,11,7,9,ブライトソール,牡,6,56.0,446,2,吉留孝,薮口一,,8,2:17.3,45.2,1-1-3-5,7,446,2
2025/06/27,浦和,8,藤右衛門川特別Ｃ３選抜馬イ,2000,ダ,左,稍重,晴,11,7,8,エクスプロア,牡,6,56.0,513,-4,福原杏,川村守,,9,2:18.2,45.1,4-4-7-8,3,513,-4
2025/06/27,浦和,8,藤右衛門川特別Ｃ３選抜馬イ,2000,ダ,左,稍重,晴,11,1,1,ビュヴォン,牡,7,56.0,493,-4,赤津和,長谷忍,,10,2:18.6,44.2,8-9-10-10,10,493,-4
2025/06/27,浦和,8,藤右衛門川特別Ｃ３選抜馬イ,2000,ダ,左,稍重,晴,11,5,5,パーティーアニマル,牡,9,56.0,0,0,半澤慶,入口由,,,,,,,0,0
2025/06/27,浦和,9,栗橋宿特別Ｂ３四Ｃ１一,1500,ダ,左,稍重,晴,10,8,9,ピノマハナ,牡,3,55.0,491,-6,クアト,野口孝,,1,1:34.7,39.5,7-5-3-2,3,491,-6
2025/06/27,浦和,9,栗橋宿特別Ｂ３四Ｃ１一,1500,ダ,左,稍重,晴,10,3,3,ポップコーン,牡,4,57.0,462,1,笠野雄,平山真,,2,1:34.7,39.8,2-2-1-1,2,462,1
2025/06/27,浦和,9,栗橋宿特別Ｂ３四Ｃ１一,1500,ダ,左,稍重,晴,10,5,5,マスクドサムライ,牡,6,55.0,485,-3,半澤慶,藤原智,,3,1:35.7,39.9,9-9-8-6,5,485,-3
2025/06/27,浦和,9,栗橋宿特別Ｂ３四Ｃ１一,1500,ダ,左,稍重,晴,10,1,1,トーセンエナジー,牡,4,55.0,502,2,笹川翼,小久智,,4,1:36.2,40.8,6-6-5-4,1,502,2
2025/06/27,浦和,9,栗橋宿特別Ｂ３四Ｃ１一,1500,ダ,左,稍重,晴,10,8,10,プレストマーヴェル,牝,4,53.0,427,17,山中悠,小澤宏,,5,1:36.6,40.8,8-8-7-5,8,427,17
2025/06/27,浦和,9,栗橋宿特別Ｂ３四Ｃ１一,1500,ダ,左,稍重,晴,10,6,6,エレガントジュエリ,牝,5,50.0,410,-10,中山遥,川村守,,6,1:37.1,41.3,4-7-10-10,6,410,-10
2025/06/27,浦和,9,栗橋宿特別Ｂ３四Ｃ１一,1500,ダ,左,稍重,晴,10,7,8,ハブル,牡,5,57.0,503,3,野畑凌,小久智,,7,1:37.2,42.3,1-1-2-3,7,503,3
2025/06/27,浦和,9,栗橋宿特別Ｂ３四Ｃ１一,1500,ダ,左,稍重,晴,10,7,7,ベストリターナー,セ,0,55.0,529,-8,町田直,宇野博,,8,1:37.4,41.8,5-4-6-9,4,529,-8
2025/06/27,浦和,9,栗橋宿特別Ｂ３四Ｃ１一,1500,ダ,左,稍重,晴,10,2,2,コスモレンブランサ,牝,5,53.0,432,-4,高橋哲,工藤伸,,9,1:37.4,41.6,10-10-9-8,10,432,-4
2025/06/27,浦和,9,栗橋宿特別Ｂ３四Ｃ１一,1500,ダ,左,稍重,晴,10,4,4,ライヴガーネット,牝,6,55.0,477,3,木間龍,工藤伸,,10,1:38.0,42.8,3-3-4-7,9,477,3
2025/06/27,浦和,10,幸手宿特別Ｂ２三Ｂ３一,1400,ダ,左,不良,雨,8,8,8,オーシンスキャット,牡,4,57.0,472,-2,笹川翼,小久智,,1,1:26.0,36.5,2-2-1-1,1,472,-2
2025/06/27,浦和,10,幸手宿特別Ｂ２三Ｂ３一,1400,ダ,左,不良,雨,8,6,6,ブレイジングヒート,牡,6,57.0,467,-2,本田重,川島一,,2,1:27.0,37.0,6-4-6-6,3,467,-2
2025/06/27,浦和,10,幸手宿特別Ｂ２三Ｂ３一,1400,ダ,左,不良,雨,8,2,2,タロサンダー,牡,4,55.0,502,9,矢野貴,小久智,,3,1:27.2,37.4,3-3-3-3,2,502,9
2025/06/27,浦和,10,幸手宿特別Ｂ２三Ｂ３一,1400,ダ,左,不良,雨,8,3,3,メロスゴー,牡,4,57.0,487,4,赤津和,箕輪武,,4,1:27.2,37.3,4-6-5-5,7,487,4
2025/06/27,浦和,10,幸手宿特別Ｂ２三Ｂ３一,1400,ダ,左,不良,雨,8,1,1,サブリュウシン,牡,5,55.0,478,-5,岡村健,平山真,,5,1:27.5,37.6,5-5-4-4,5,478,-5
2025/06/27,浦和,10,幸手宿特別Ｂ２三Ｂ３一,1400,ダ,左,不良,雨,8,4,4,エーヴベリー,牝,5,55.0,497,-1,吉留孝,平山真,,6,1:27.6,36.6,7-8-7-7,8,497,-1
2025/06/27,浦和,10,幸手宿特別Ｂ２三Ｂ３一,1400,ダ,左,不良,雨,8,5,5,ミラクルランバック,牡,6,57.0,526,-2,篠谷葵,藤原智,,7,1:27.8,36.8,8-7-8-8,6,526,-2
2025/06/27,浦和,10,幸手宿特別Ｂ２三Ｂ３一,1400,ダ,左,不良,雨,8,7,7,ビナサイゴン,牡,4,57.0,539,1,野畑凌,水野貴,,8,1:28.0,38.5,1-1-2-2,4,539,1
2025/06/27,浦和,11,ティーズダンク引退記念Ｂ２二,1500,ダ,左,不良,曇,10,2,2,ケンキートス,牡,5,56.0,517,17,笹川翼,繁田健,,1,1:33.7,38.5,1-1-1-1,1,517,17
2025/06/27,浦和,11,ティーズダンク引退記念Ｂ２二,1500,ダ,左,不良,曇,10,8,9,ランドマックス,牡,4,56.0,502,-2,木間龍,矢野義,,2,1:33.9,38.5,3-3-3-2,5,502,-2
2025/06/27,浦和,11,ティーズダンク引退記念Ｂ２二,1500,ダ,左,不良,曇,10,4,4,ダンディジャック,牡,6,56.0,508,-2,山中悠,川村守,,3,1:34.5,37.3,8-8-8-8,9,508,-2
2025/06/27,浦和,11,ティーズダンク引退記念Ｂ２二,1500,ダ,左,不良,曇,10,5,5,デュアルテイルズ,牝,6,54.0,492,1,本田重,川島一,,4,1:34.6,38.8,5-5-5-3,6,492,1
2025/06/27,浦和,11,ティーズダンク引退記念Ｂ２二,1500,ダ,左,不良,曇,10,7,8,モニュメントキング,牡,9,56.0,503,-1,野畑凌,箕輪武,,5,1:34.6,38.0,7-7-7-7,4,503,-1
2025/06/27,浦和,11,ティーズダンク引退記念Ｂ２二,1500,ダ,左,不良,曇,10,1,1,ブレイヴルーラー,牡,6,56.0,543,-5,室陽一,横山保,,6,1:35.0,38.9,4-6-6-6,3,543,-5
2025/06/27,浦和,11,ティーズダンク引退記念Ｂ２二,1500,ダ,左,不良,曇,10,3,3,パールアゲイン,牝,6,54.0,424,-2,七夕裕,鹿沼和,,7,1:35.1,37.7,9-9-9-9,10,424,-2
2025/06/27,浦和,11,ティーズダンク引退記念Ｂ２二,1500,ダ,左,不良,曇,10,7,7,ローアヴァンフレア,セ,0,56.0,484,11,町田直,繁田健,,8,1:35.2,37.5,10-10-10-10,8,484,11
2025/06/27,浦和,11,ティーズダンク引退記念Ｂ２二,1500,ダ,左,不良,曇,10,8,10,コールブランド,セ,0,56.0,503,5,クアト,内田勝,,9,1:35.5,39.8,6-4-4-4,7,503,5
2025/06/27,浦和,11,ティーズダンク引退記念Ｂ２二,1500,ダ,左,不良,曇,10,6,6,レイニングキャット,牡,4,56.0,512,2,見越彬,小久智,,10,1:35.6,40.3,2-2-2-5,2,512,2
2025/06/27,浦和,12,三峰山特別Ｃ２選抜馬イ,2000,ダ,左,不良,曇,11,7,8,ハタノラトゥール,牡,6,56.0,508,-1,笠野雄,山中尊,,1,2:10.1,39.3,4-4-3-2,1,508,-1
2025/06/27,浦和,12,三峰山特別Ｃ２選抜馬イ,2000,ダ,左,不良,曇,11,1,1,リケアオランジュ,牝,4,54.0,376,-5,福原杏,入口由,,2,2:10.5,39.5,5-5-5-4,4,376,-5
2025/06/27,浦和,12,三峰山特別Ｃ２選抜馬イ,2000,ダ,左,不良,曇,11,3,3,エムリエール,牡,6,56.0,473,-1,山中悠,小澤宏,,3,2:10.6,40.0,3-3-2-3,3,473,-1
2025/06/27,浦和,12,三峰山特別Ｃ２選抜馬イ,2000,ダ,左,不良,曇,11,8,10,マラカイト,牝,4,54.0,463,8,野畑凌,小久智,,4,2:11.1,40.7,1-1-1-1,5,463,8
2025/06/27,浦和,12,三峰山特別Ｃ２選抜馬イ,2000,ダ,左,不良,曇,11,6,7,キスアンドテル,牝,6,54.0,505,-1,櫻井光,海馬司,,5,2:11.2,40.2,8-6-6-5,7,505,-1
2025/06/27,浦和,12,三峰山特別Ｃ２選抜馬イ,2000,ダ,左,不良,曇,11,6,6,ジャストザヴァルス,牝,5,54.0,437,2,室陽一,宇野博,,6,2:11.8,40.2,7-8-8-8,11,437,2
2025/06/27,浦和,12,三峰山特別Ｃ２選抜馬イ,2000,ダ,左,不良,曇,11,2,2,カペラスター,牡,6,56.0,489,1,高橋哲,工藤伸,,7,2:11.9,40.7,6-7-7-6,2,489,1
2025/06/27,浦和,12,三峰山特別Ｃ２選抜馬イ,2000,ダ,左,不良,曇,11,5,5,タマモコンペイトウ,牝,5,54.0,470,3,吉留孝,川島豊,,8,2:12.6,40.6,11-9-9-9,6,470,3
2025/06/27,浦和,12,三峰山特別Ｃ２選抜馬イ,2000,ダ,左,不良,曇,11,4,4,ナツハヨル,牝,7,54.0,444,-10,七夕裕,野口孝,,9,2:12.6,42.0,2-2-4-7,10,444,-10
2025/06/27,浦和,12,三峰山特別Ｃ２選抜馬イ,2000,ダ,左,不良,曇,11,7,9,リュウノブライダー,牡,4,53.0,489,12,中山遥,野口孝,,10,2:12.8,40.6,10-10-11-10,8,489,12
2025/06/27,浦和,12,三峰山特別Ｃ２選抜馬イ,2000,ダ,左,不良,曇,11,8,11,イタリアンゴールド,セ,0,53.0,424,6,椿聡太,伊藤滋,,11,2:12.9,40.7,9-11-10-11,9,424,6
2025/07/21,浦和,1,ランチタイムチャレンジＣ３七 八,1300,ダ,左,良,晴,9,6,6,イオラナ,牝,9,54.0,511,-1,山中悠,玉井昇,,1,1:23.1,37.6,2-2-2-1,1,511,-1
2025/07/21,浦和,1,ランチタイムチャレンジＣ３七 八,1300,ダ,左,良,晴,9,5,5,スペシャルシート,牝,6,54.0,425,10,岡村健,新井清,,2,1:23.7,38.3,1-1-1-2,3,425,10
2025/07/21,浦和,1,ランチタイムチャレンジＣ３七 八,1300,ダ,左,良,晴,9,1,1,ハロートゥーユー,牝,7,54.0,474,-6,櫻井光,高橋宏,,3,1:24.2,38.4,3-3-4-4,2,474,-6
2025/07/21,浦和,1,ランチタイムチャレンジＣ３七 八,1300,ダ,左,良,晴,9,8,8,アミン,牝,8,54.0,464,6,岡田大,冨田敏,,4,1:24.9,39.2,5-4-3-3,6,464,6
2025/07/21,浦和,1,ランチタイムチャレンジＣ３七 八,1300,ダ,左,良,晴,9,2,2,セキレイオペラ,牡,6,56.0,490,8,七夕裕,川村守,,5,1:25.0,39.0,6-6-6-5,5,490,8
2025/07/21,浦和,1,ランチタイムチャレンジＣ３七 八,1300,ダ,左,良,晴,9,7,7,マジェスティアスク,牝,7,51.0,476,2,加藤雄,山崎尋,,6,1:25.1,39.3,4-5-5-6,4,476,2
2025/07/21,浦和,1,ランチタイムチャレンジＣ３七 八,1300,ダ,左,良,晴,9,8,9,アストロメアリー,牝,6,51.0,411,9,椿聡太,長谷忍,,7,1:25.2,38.6,9-8-7-7,7,411,9
2025/07/21,浦和,1,ランチタイムチャレンジＣ３七 八,1300,ダ,左,良,晴,9,3,3,シェナダイオー,牡,6,56.0,552,-1,國分祐,冨田敏,,8,1:26.4,39.8,7-7-8-8,8,552,-1
2025/07/21,浦和,1,ランチタイムチャレンジＣ３七 八,1300,ダ,左,良,晴,9,4,4,ビュヴォン,牡,7,56.0,501,8,赤津和,長谷忍,,9,1:27.9,40.9,8-9-9-9,9,501,8
2025/07/21,浦和,2,３歳四,1400,ダ,左,良,晴,9,5,5,マルセルテソーロ,牡,3,56.0,495,23,笹川翼,小久智,,1,1:28.0,37.4,1-1-1-1,1,495,23
2025/07/21,浦和,2,３歳四,1400,ダ,左,良,晴,9,8,9,ハヤオ,牡,3,56.0,441,13,福原杏,鈴木勝,,2,1:30.2,39.5,2-2-2-2,3,441,13
2025/07/21,浦和,2,３歳四,1400,ダ,左,良,晴,9,4,4,ツガノローマン,牝,3,54.0,448,4,菅原涼,長谷忍,,3,1:30.3,38.7,4-4-4-4,4,448,4
2025/07/21,浦和,2,３歳四,1400,ダ,左,良,晴,9,3,3,エンシェントダンス,牝,3,54.0,433,13,加藤和,宇野博,,4,1:30.4,38.0,8-7-7-5,5,433,13
2025/07/21,浦和,2,３歳四,1400,ダ,左,良,晴,9,6,6,セイウングレイ,牝,3,54.0,451,7,見越彬,川島豊,,5,1:30.6,39.4,3-3-3-3,6,451,7
2025/07/21,浦和,2,３歳四,1400,ダ,左,良,晴,9,2,2,クィーンサンサ,牝,3,51.0,434,-5,中山遥,八木喜,,6,1:30.9,39.1,5-5-5-6,7,434,-5
2025/07/21,浦和,2,３歳四,1400,ダ,左,良,晴,9,8,8,グリントレッド,牡,3,53.0,497,-5,加藤雄,山崎尋,,7,1:31.5,38.4,9-9-9-9,9,497,-5
2025/07/21,浦和,2,３歳四,1400,ダ,左,良,晴,9,7,7,ブーシェノワール,牝,3,54.0,411,-1,藤江渉,酒井一,,8,1:31.7,39.0,7-8-8-8,8,411,-1
2025/07/21,浦和,2,３歳四,1400,ダ,左,良,晴,9,1,1,クマサンアリガトウ,牝,3,54.0,483,3,室陽一,宇野博,,9,1:31.8,39.7,6-6-6-7,2,483,3
2025/07/21,浦和,3,浦和競馬公式ファンクラブ賞３歳三,1400,ダ,左,良,晴,8,5,5,エニーサンダー,牡,3,56.0,442,4,野畑凌,箕輪武,,1,1:29.3,38.8,1-1-1-1,1,442,4
2025/07/21,浦和,3,浦和競馬公式ファンクラブ賞３歳三,1400,ダ,左,良,晴,8,7,7,ブルーオブウインド,牝,3,54.0,445,11,保園翔,川村守,,2,1:30.5,39.6,2-3-3-3,2,445,11
2025/07/21,浦和,3,浦和競馬公式ファンクラブ賞３歳三,1400,ダ,左,良,晴,8,4,4,ベンジャエース,牡,3,56.0,424,-1,本田紀,酒井忍,,3,1:30.5,38.6,8-8-8-6,8,424,-1
2025/07/21,浦和,3,浦和競馬公式ファンクラブ賞３歳三,1400,ダ,左,良,晴,8,3,3,クリノウィリアム,牡,3,56.0,470,2,西啓太,水上直,,4,1:30.7,40.1,4-2-2-2,3,470,2
2025/07/21,浦和,3,浦和競馬公式ファンクラブ賞３歳三,1400,ダ,左,良,晴,8,1,1,サハラフレイバー,セ,0,56.0,479,7,澤田龍,繁田健,,5,1:30.7,39.3,7-7-5-4,4,479,7
2025/07/21,浦和,3,浦和競馬公式ファンクラブ賞３歳三,1400,ダ,左,良,晴,8,2,2,ユウユウニコヴィア,牝,3,51.0,416,0,中山遥,横山保,,6,1:31.1,39.6,6-6-7-7,7,416,0
2025/07/21,浦和,3,浦和競馬公式ファンクラブ賞３歳三,1400,ダ,左,良,晴,8,8,8,コンバットスピカ,牝,3,54.0,461,0,七夕裕,工藤伸,,7,1:31.2,40.0,3-4-4-5,5,461,0
2025/07/21,浦和,3,浦和競馬公式ファンクラブ賞３歳三,1400,ダ,左,良,晴,8,6,6,ノーブルプラチナ,牡,3,56.0,527,9,高橋哲,水野貴,,8,1:31.6,40.2,5-5-6-8,6,527,9
2025/07/21,浦和,4,小川町観光協会賞３歳二,1500,ダ,左,良,晴,9,2,2,ファストワン,牝,3,54.0,473,27,御神訓,藤原智,,1,1:37.0,40.0,1-1-1-1,1,473,27
2025/07/21,浦和,4,小川町観光協会賞３歳二,1500,ダ,左,良,晴,9,4,4,ディープオーキッド,牡,3,56.0,450,-7,吉留孝,薮口一,,2,1:37.6,39.5,7-8-9-4,6,450,-7
2025/07/21,浦和,4,小川町観光協会賞３歳二,1500,ダ,左,良,晴,9,3,3,アルマヴィーヴァ,牡,3,56.0,482,13,室陽一,宇野博,,3,1:37.6,39.8,5-6-6-3,5,482,13
2025/07/21,浦和,4,小川町観光協会賞３歳二,1500,ダ,左,良,晴,9,7,7,シナモンポップ,牝,3,54.0,466,1,櫻井光,海馬司,,4,1:37.8,40.5,2-2-2-2,8,466,1
2025/07/21,浦和,4,小川町観光協会賞３歳二,1500,ダ,左,良,晴,9,6,6,モウ,牡,3,56.0,475,3,福原杏,水野貴,,5,1:37.9,40.4,9-7-3-6,4,475,3
2025/07/21,浦和,4,小川町観光協会賞３歳二,1500,ダ,左,良,晴,9,1,1,レッドディア,牝,3,54.0,440,28,見越彬,小久智,,6,1:38.1,40.6,4-4-5-5,9,440,28
2025/07/21,浦和,4,小川町観光協会賞３歳二,1500,ダ,左,良,晴,9,5,5,ストームレーン,牡,3,56.0,436,10,西啓太,水上直,,7,1:38.5,40.7,6-5-7-9,3,436,10
2025/07/21,浦和,4,小川町観光協会賞３歳二,1500,ダ,左,良,晴,9,8,9,コウユーミューミュ,牝,3,54.0,479,0,町田直,宇野博,,8,1:38.9,40.8,8-9-8-7,7,479,0
2025/07/21,浦和,4,小川町観光協会賞３歳二,1500,ダ,左,良,晴,9,8,8,ブルドッグガール,牝,3,54.0,435,2,野畑凌,小久智,,9,1:39.4,42.0,3-3-4-8,2,435,2
2025/07/21,浦和,5,第７７回小川町七夕まつり賞Ｃ３七 八,1400,ダ,左,良,晴,10,4,4,プリンセスダーク,牝,6,54.0,474,1,山中悠,玉井等,,1,1:30.0,38.2,2-2-2-1,1,474,1
2025/07/21,浦和,5,第７７回小川町七夕まつり賞Ｃ３七 八,1400,ダ,左,良,晴,10,2,2,マックスブンブン,牡,5,53.0,437,-4,中山遥,小林真,,2,1:31.3,39.1,6-7-6-4,6,437,-4
2025/07/21,浦和,5,第７７回小川町七夕まつり賞Ｃ３七 八,1400,ダ,左,良,晴,10,8,9,ダブルレイズカード,牡,4,56.0,516,11,笹川翼,繁田健,,3,1:31.3,39.4,7-5-3-3,2,516,11
2025/07/21,浦和,5,第７７回小川町七夕まつり賞Ｃ３七 八,1400,ダ,左,良,晴,10,3,3,タイシタモンダロ,牡,6,56.0,499,-3,保園翔,川村守,,4,1:31.4,39.3,5-6-5-5,5,499,-3
2025/07/21,浦和,5,第７７回小川町七夕まつり賞Ｃ３七 八,1400,ダ,左,良,晴,10,8,10,スノーワルツ,牝,4,54.0,486,-2,野畑凌,酒井一,,5,1:32.1,40.3,1-1-1-2,4,486,-2
2025/07/21,浦和,5,第７７回小川町七夕まつり賞Ｃ３七 八,1400,ダ,左,良,晴,10,7,8,プレミアムプリモ,牝,8,54.0,494,-4,岡村裕,村田六,,6,1:32.5,39.3,8-8-8-8,9,494,-4
2025/07/21,浦和,5,第７７回小川町七夕まつり賞Ｃ３七 八,1400,ダ,左,良,晴,10,6,6,ケイティーユイ,牝,7,54.0,459,-2,高橋哲,水野貴,,7,1:32.6,40.7,3-3-4-6,3,459,-2
2025/07/21,浦和,5,第７７回小川町七夕まつり賞Ｃ３七 八,1400,ダ,左,良,晴,10,5,5,アルムダウン,牝,5,54.0,375,-5,赤津和,小林真,,8,1:33.0,40.9,4-4-7-7,7,375,-5
2025/07/21,浦和,5,第７７回小川町七夕まつり賞Ｃ３七 八,1400,ダ,左,良,晴,10,7,7,シェナマリア,牝,5,54.0,444,-3,福原杏,吉田正,,9,1:33.7,40.3,10-9-9-9,8,444,-3
2025/07/21,浦和,5,第７７回小川町七夕まつり賞Ｃ３七 八,1400,ダ,左,良,晴,10,1,1,シェナカンザシ,牝,5,54.0,466,-4,國分祐,冨田敏,,10,1:33.8,39.6,9-10-10-10,10,466,-4
2025/07/21,浦和,6,浦和８００ラウンドＣ２選抜馬イ,800,ダ,左,良,晴,10,2,2,リュミヌーフィーユ,牝,5,54.0,515,0,福原杏,繁田健,,1,0:46.8,34.8,1-1,1,515,0
2025/07/21,浦和,6,浦和８００ラウンドＣ２選抜馬イ,800,ダ,左,良,晴,10,3,3,クインズハッピー,牝,6,54.0,450,-1,七夕裕,小林真,,2,0:46.9,34.8,2-2,2,450,-1
2025/07/21,浦和,6,浦和８００ラウンドＣ２選抜馬イ,800,ダ,左,良,晴,10,1,1,ランウェイクイーン,牝,4,54.0,461,5,新原周,小澤宏,,3,0:47.5,35.1,3-3,9,461,5
2025/07/21,浦和,6,浦和８００ラウンドＣ２選抜馬イ,800,ダ,左,良,晴,10,5,5,ケイアイマゴラ,セ,0,56.0,459,-10,櫻井光,海馬司,,4,0:47.7,35.3,4-4,3,459,-10
2025/07/21,浦和,6,浦和８００ラウンドＣ２選抜馬イ,800,ダ,左,良,晴,10,6,6,ニシノソレガシ,セ,0,56.0,521,-1,室陽一,冨田敏,,5,0:47.9,34.8,10-7,5,521,-1
2025/07/21,浦和,6,浦和８００ラウンドＣ２選抜馬イ,800,ダ,左,良,晴,10,4,4,ファンファン,牡,8,53.0,446,-23,中山遥,箕輪武,,6,0:48.0,35.5,5-5,8,446,-23
2025/07/21,浦和,6,浦和８００ラウンドＣ２選抜馬イ,800,ダ,左,良,晴,10,8,9,ロードサミット,牡,5,56.0,478,6,菅原涼,長谷忍,,7,0:48.0,35.5,6-6,6,478,6
2025/07/21,浦和,6,浦和８００ラウンドＣ２選抜馬イ,800,ダ,左,良,晴,10,7,7,ミヤジミニー,牝,5,51.0,423,-5,神尾香,田邊陽,,8,0:48.9,35.8,9-10,4,423,-5
2025/07/21,浦和,6,浦和８００ラウンドＣ２選抜馬イ,800,ダ,左,良,晴,10,7,8,ベアビー,牝,4,54.0,469,9,加藤和,川島豊,,9,0:48.9,36.0,8-8,10,469,9
2025/07/21,浦和,6,浦和８００ラウンドＣ２選抜馬イ,800,ダ,左,良,晴,10,8,10,ピースリアン,牡,8,56.0,489,-3,赤津和,横山保,,10,0:48.9,36.2,7-9,7,489,-3
2025/07/21,浦和,7,浦和８００ラウンドＣ１Ｃ２選抜馬イ選抜馬,800,ダ,左,良,晴,12,5,5,ニシノニューリーフ,牝,5,55.0,504,-4,吉留孝,冨田敏,,1,0:47.4,35.4,1-1,1,504,-4
2025/07/21,浦和,7,浦和８００ラウンドＣ１Ｃ２選抜馬イ選抜馬,800,ダ,左,良,晴,12,8,11,ビナミトー,牝,4,55.0,432,-5,岡村健,酒井一,,2,0:47.7,35.6,3-3,5,432,-5
2025/07/21,浦和,7,浦和８００ラウンドＣ１Ｃ２選抜馬イ選抜馬,800,ダ,左,良,晴,12,6,7,プロスペロ,牡,8,55.0,509,-10,西啓太,小澤宏,,3,0:47.9,35.4,7-8,6,509,-10
2025/07/21,浦和,7,浦和８００ラウンドＣ１Ｃ２選抜馬イ選抜馬,800,ダ,左,良,晴,12,5,6,シェナブライト,牡,7,57.0,529,0,高橋哲,吉田正,,4,0:48.1,35.6,6-6,11,529,0
2025/07/21,浦和,7,浦和８００ラウンドＣ１Ｃ２選抜馬イ選抜馬,800,ダ,左,良,晴,12,2,2,ルージュルージュ,牝,4,53.0,452,2,菅原涼,長谷忍,,5,0:48.2,36.2,1-2,3,452,2
2025/07/21,浦和,7,浦和８００ラウンドＣ１Ｃ２選抜馬イ選抜馬,800,ダ,左,良,晴,12,8,12,カツノオーカン,牝,4,55.0,440,0,増田充,加藤誠,,6,0:48.3,35.8,5-4,9,440,0
2025/07/21,浦和,7,浦和８００ラウンドＣ１Ｃ２選抜馬イ選抜馬,800,ダ,左,良,晴,12,6,8,スマートアライヴ,牡,4,55.0,460,2,櫻井光,武井和,,7,0:48.3,36.0,4-5,7,460,2
2025/07/21,浦和,7,浦和８００ラウンドＣ１Ｃ２選抜馬イ選抜馬,800,ダ,左,良,晴,12,4,4,マンマミーア,牡,4,52.0,479,2,加藤雄,茂木浩,,8,0:48.4,35.6,9-9,10,479,2
2025/07/21,浦和,7,浦和８００ラウンドＣ１Ｃ２選抜馬イ選抜馬,800,ダ,左,良,晴,12,1,1,クラパッション,牝,3,54.0,487,-5,藤本現,藤原智,,9,0:48.5,36.0,8-7,8,487,-5
2025/07/21,浦和,7,浦和８００ラウンドＣ１Ｃ２選抜馬イ選抜馬,800,ダ,左,良,晴,12,3,3,スーパーローズ,牝,8,55.0,488,5,七夕裕,野口孝,,10,0:48.9,35.3,11-10,12,488,5
2025/07/21,浦和,7,浦和８００ラウンドＣ１Ｃ２選抜馬イ選抜馬,800,ダ,左,良,晴,12,7,10,アイアムカチマショ,牝,5,55.0,472,2,見越彬,川島豊,,11,0:49.2,36.1,10-11,2,472,2
2025/07/21,浦和,7,浦和８００ラウンドＣ１Ｃ２選抜馬イ選抜馬,800,ダ,左,良,晴,12,7,9,ファセリア,牡,4,54.0,488,5,中山遥,横山保,,12,0:50.5,37.1,12-12,4,488,5
2025/07/21,浦和,8,朝顔特別Ｃ３一,1500,ダ,左,良,晴,12,7,9,ベストポスト,牡,4,56.0,522,-13,野畑凌,小久智,,1,1:35.6,37.9,1-1-1-1,3,522,-13
2025/07/21,浦和,8,朝顔特別Ｃ３一,1500,ダ,左,良,晴,12,1,1,ヴァンクールシチー,牡,6,56.0,429,2,半澤慶,工藤伸,,2,1:36.6,38.5,3-4-4-2,4,429,2
2025/07/21,浦和,8,朝顔特別Ｃ３一,1500,ダ,左,良,晴,12,3,3,ハーモニージョーイ,牡,8,56.0,477,-1,西啓太,新井清,,3,1:36.7,38.9,2-2-2-3,1,477,-1
2025/07/21,浦和,8,朝顔特別Ｃ３一,1500,ダ,左,良,晴,12,5,6,ラージフィールド,セ,0,56.0,482,-4,室陽一,酒井一,,4,1:36.8,38.9,4-3-3-4,6,482,-4
2025/07/21,浦和,8,朝顔特別Ｃ３一,1500,ダ,左,良,晴,12,2,2,エターナルジュエル,牝,6,54.0,473,-4,篠谷葵,藤原智,,5,1:37.9,39.4,5-5-5-5,2,473,-4
2025/07/21,浦和,8,朝顔特別Ｃ３一,1500,ダ,左,良,晴,12,5,5,ヴァリスタ,牡,4,55.0,457,-2,佐野遥,吉橋淳,,6,1:38.7,38.8,11-10-10-10,7,457,-2
2025/07/21,浦和,8,朝顔特別Ｃ３一,1500,ダ,左,良,晴,12,8,11,サンドバンブー,牝,4,54.0,512,-1,小杉亮,川村守,,7,1:38.7,39.4,7-8-8-6,10,512,-1
2025/07/21,浦和,8,朝顔特別Ｃ３一,1500,ダ,左,良,晴,12,4,4,メイショウリリアム,牝,5,54.0,447,-2,木間龍,伊藤滋,,8,1:38.9,40.0,8-7-6-7,11,447,-2
2025/07/21,浦和,8,朝顔特別Ｃ３一,1500,ダ,左,良,晴,12,6,8,クインズミラ,牝,4,54.0,452,0,赤津和,長谷忍,,9,1:38.9,38.5,10-11-11-11,12,452,0
2025/07/21,浦和,8,朝顔特別Ｃ３一,1500,ダ,左,良,晴,12,6,7,コアヴェルト,牡,4,56.0,432,1,七夕裕,箕輪武,,10,1:38.9,39.3,9-9-9-9,9,432,1
2025/07/21,浦和,8,朝顔特別Ｃ３一,1500,ダ,左,良,晴,12,7,10,キタノクーヴェル,牡,5,56.0,467,-3,町田直,入口由,,11,1:39.1,40.3,6-6-7-8,8,467,-3
2025/07/21,浦和,8,朝顔特別Ｃ３一,1500,ダ,左,良,晴,12,8,12,カリプソ,牝,4,54.0,425,4,仲野光,長谷忍,,12,1:40.0,39.2,12-12-12-12,5,425,4
2025/07/21,浦和,9,浦和競馬×ｎｅｔｋｅｉｂａコラボ特Ｃ２一,1400,ダ,左,良,晴,13,5,6,ビコーズウイキャン,牡,4,56.0,451,8,七夕裕,長谷忍,,1,1:28.7,37.9,5-5-4-3,4,451,8
2025/07/21,浦和,9,浦和競馬×ｎｅｔｋｅｉｂａコラボ特Ｃ２一,1400,ダ,左,良,晴,13,5,7,プラビータ,牝,4,54.0,511,17,山中悠,小久智,,2,1:28.9,38.8,1-1-1-1,2,511,17
2025/07/21,浦和,9,浦和競馬×ｎｅｔｋｅｉｂａコラボ特Ｃ２一,1400,ダ,左,良,晴,13,1,1,ヴェッターホルン,セ,0,56.0,481,-5,本田重,宇野博,,3,1:29.2,37.5,9-8-6-4,5,481,-5
2025/07/21,浦和,9,浦和競馬×ｎｅｔｋｅｉｂａコラボ特Ｃ２一,1400,ダ,左,良,晴,13,2,2,マーシャルテイル,牡,4,56.0,472,3,加藤和,入口由,,4,1:29.2,39.1,3-3-2-2,3,472,3
2025/07/21,浦和,9,浦和競馬×ｎｅｔｋｅｉｂａコラボ特Ｃ２一,1400,ダ,左,良,晴,13,4,4,ソーヴキプ,牝,5,54.0,472,-4,山口達,渋谷博,,5,1:30.1,38.0,11-10-9-7,7,472,-4
2025/07/21,浦和,9,浦和競馬×ｎｅｔｋｅｉｂａコラボ特Ｃ２一,1400,ダ,左,良,晴,13,6,9,タイヘイノヨ,セ,0,56.0,512,-1,木間龍,工藤伸,,6,1:30.2,37.9,12-12-11-8,10,512,-1
2025/07/21,浦和,9,浦和競馬×ｎｅｔｋｅｉｂａコラボ特Ｃ２一,1400,ダ,左,良,晴,13,3,3,リバースイート,牝,5,54.0,430,5,野澤憲,齊藤敏,,7,1:31.2,39.8,6-7-7-6,6,430,5
2025/07/21,浦和,9,浦和競馬×ｎｅｔｋｅｉｂａコラボ特Ｃ２一,1400,ダ,左,良,晴,13,7,11,インディナート,牝,7,51.0,470,4,加藤雄,田島寿,,8,1:31.2,40.9,2-2-3-5,13,470,4
2025/07/21,浦和,9,浦和競馬×ｎｅｔｋｅｉｂａコラボ特Ｃ２一,1400,ダ,左,良,晴,13,6,8,ジョイルミナス,牝,5,54.0,450,3,藤原幹,矢野義,,9,1:31.3,39.2,8-9-10-11,12,450,3
2025/07/21,浦和,9,浦和競馬×ｎｅｔｋｅｉｂａコラボ特Ｃ２一,1400,ダ,左,良,晴,13,8,12,トラックヤロー,セ,0,56.0,442,-10,半澤慶,平山真,,10,1:31.5,39.2,10-11-12-9,9,442,-10
2025/07/21,浦和,9,浦和競馬×ｎｅｔｋｅｉｂａコラボ特Ｃ２一,1400,ダ,左,良,晴,13,4,5,ロジドレフォン,牡,5,56.0,499,0,赤津和,薮口一,,11,1:31.6,38.7,13-13-13-12,11,499,0
2025/07/21,浦和,9,浦和競馬×ｎｅｔｋｅｉｂａコラボ特Ｃ２一,1400,ダ,左,良,晴,13,7,10,スウィートシーズン,牝,4,54.0,470,5,福原杏,平山真,,12,1:32.6,41.4,7-6-8-10,8,470,5
2025/07/21,浦和,9,浦和競馬×ｎｅｔｋｅｉｂａコラボ特Ｃ２一,1400,ダ,左,良,晴,13,8,13,ビックリマーク,牡,4,56.0,500,-4,笹川翼,藤原智,,,,,4-4-5-13,1,500,-4
2025/07/21,浦和,10,海の日特別Ｂ１二Ｂ２一,1400,ダ,左,良,晴,8,5,5,ケンアトラス,牡,4,55.0,473,-4,藤本現,繁田健,,1,1:26.7,37.3,3-3-3-2,2,473,-4
2025/07/21,浦和,10,海の日特別Ｂ１二Ｂ２一,1400,ダ,左,良,晴,8,3,3,エスカティア,牝,3,54.0,479,-1,山中悠,小久智,,2,1:26.9,37.6,1-1-1-1,1,479,-1
2025/07/21,浦和,10,海の日特別Ｂ１二Ｂ２一,1400,ダ,左,良,晴,8,8,8,ケンキートス,牡,5,55.0,506,-11,笹川翼,繁田健,,3,1:27.1,37.2,6-6-7-5,3,506,-11
2025/07/21,浦和,10,海の日特別Ｂ１二Ｂ２一,1400,ダ,左,良,晴,8,2,2,チェルカトローヴァ,牡,5,55.0,494,2,木間龍,矢野義,,4,1:27.2,37.6,5-4-4-4,6,494,2
2025/07/21,浦和,10,海の日特別Ｂ１二Ｂ２一,1400,ダ,左,良,晴,8,6,6,ローズピリオド,牡,6,57.0,489,-8,藤原幹,新井清,,5,1:27.7,37.8,7-7-6-6,7,489,-8
2025/07/21,浦和,10,海の日特別Ｂ１二Ｂ２一,1400,ダ,左,良,晴,8,4,4,デザートウインド,牝,5,55.0,524,-6,菅原涼,藤原智,,6,1:28.4,39.0,2-2-2-3,4,524,-6
2025/07/21,浦和,10,海の日特別Ｂ１二Ｂ２一,1400,ダ,左,良,晴,8,7,7,ブラックオパール,牝,6,55.0,520,4,福原杏,平山真,,7,1:28.7,39.0,4-5-5-7,5,520,4
2025/07/21,浦和,10,海の日特別Ｂ１二Ｂ２一,1400,ダ,左,良,晴,8,1,1,モニュメントキング,牡,9,55.0,495,-8,野畑凌,箕輪武,,,,,,,495,-8
2025/07/21,浦和,11,浦和競馬ライブ番組うらわっしょい！Ｂ３二,1400,ダ,左,良,晴,8,5,5,プラティクレール,牝,5,54.0,487,-3,野畑凌,水野貴,,1,1:27.7,38.1,2-2-2-1,2,487,-3
2025/07/21,浦和,11,浦和競馬ライブ番組うらわっしょい！Ｂ３二,1400,ダ,左,良,晴,8,1,1,コスモカシアス,牡,4,53.0,460,-2,中山遥,河津裕,,2,1:27.9,38.1,4-3-4-3,7,460,-2
2025/07/21,浦和,11,浦和競馬ライブ番組うらわっしょい！Ｂ３二,1400,ダ,左,良,晴,8,7,7,ゴールドソニック,牡,4,56.0,501,-2,福原杏,鹿沼和,,3,1:28.4,37.7,8-8-8-7,6,501,-2
2025/07/21,浦和,11,浦和競馬ライブ番組うらわっしょい！Ｂ３二,1400,ダ,左,良,晴,8,3,3,ラジエル,牝,6,54.0,435,0,本田重,山下之,,4,1:28.6,38.5,7-7-5-5,1,435,0
2025/07/21,浦和,11,浦和競馬ライブ番組うらわっしょい！Ｂ３二,1400,ダ,左,良,晴,8,8,8,ブルドッグキング,牡,3,55.0,498,-4,笹川翼,小久智,,5,1:28.6,39.3,1-1-1-2,3,498,-4
2025/07/21,浦和,11,浦和競馬ライブ番組うらわっしょい！Ｂ３二,1400,ダ,左,良,晴,8,4,4,シェナノパリオ,牡,3,55.0,470,1,吉留孝,冨田敏,,6,1:28.8,38.7,5-6-7-6,5,470,1
2025/07/21,浦和,11,浦和競馬ライブ番組うらわっしょい！Ｂ３二,1400,ダ,左,良,晴,8,2,2,ルナフォルトゥーナ,牡,3,55.0,467,4,半澤慶,藤原智,,7,1:28.9,38.8,6-5-6-4,8,467,4
2025/07/21,浦和,11,浦和競馬ライブ番組うらわっしょい！Ｂ３二,1400,ダ,左,良,晴,8,6,6,イナダヒメ,牝,3,53.0,439,-4,町田直,繁田健,,8,1:30.2,40.5,3-4-3-8,4,439,-4
2025/07/21,浦和,12,ハロー，ウラワールド！特別Ｃ１選抜馬ア,2000,ダ,左,良,晴,12,1,1,メイショウクラーク,セ,0,56.0,448,4,笹川翼,宇野博,,1,2:09.0,38.8,6-6-3-2,1,448,4
2025/07/21,浦和,12,ハロー，ウラワールド！特別Ｃ１選抜馬ア,2000,ダ,左,良,晴,12,6,8,アルリスカ,セ,0,56.0,470,1,七夕裕,箕輪武,,2,2:09.1,40.1,1-1-1-1,5,470,1
2025/07/21,浦和,12,ハロー，ウラワールド！特別Ｃ１選抜馬ア,2000,ダ,左,良,晴,12,6,7,ドンアレス,牡,4,56.0,482,-13,加藤和,薮口一,,3,2:10.3,40.3,4-5-4-3,2,482,-13
2025/07/21,浦和,12,ハロー，ウラワールド！特別Ｃ１選抜馬ア,2000,ダ,左,良,晴,12,7,10,オランジー,牝,5,54.0,440,-5,吉留孝,薮口一,,4,2:11.2,40.2,9-9-10-5,10,440,-5
2025/07/21,浦和,12,ハロー，ウラワールド！特別Ｃ１選抜馬ア,2000,ダ,左,良,晴,12,2,2,プリンスオーソ,牡,5,56.0,454,4,菅原涼,長谷忍,,5,2:11.2,40.5,8-8-7-7,6,454,4
2025/07/21,浦和,12,ハロー，ウラワールド！特別Ｃ１選抜馬ア,2000,ダ,左,良,晴,12,5,5,ライコウノヒカリ,牡,5,56.0,441,-5,福原杏,鈴木勝,,6,2:11.7,42.2,3-2-2-4,3,441,-5
2025/07/21,浦和,12,ハロー，ウラワールド！特別Ｃ１選抜馬ア,2000,ダ,左,良,晴,12,3,3,フォートウィリアム,セ,0,56.0,511,1,室陽一,吉田正,,7,2:11.9,40.3,11-12-12-9,9,511,1
2025/07/21,浦和,12,ハロー，ウラワールド！特別Ｃ１選抜馬ア,2000,ダ,左,良,晴,12,8,12,コンバットココ,牝,4,54.0,420,-8,野畑凌,工藤伸,,8,2:12.3,41.5,10-10-6-6,7,420,-8
2025/07/21,浦和,12,ハロー，ウラワールド！特別Ｃ１選抜馬ア,2000,ダ,左,良,晴,12,5,6,マイネルコモドーア,牡,4,56.0,450,-9,半澤慶,宇野博,,9,2:12.8,41.4,12-11-11-11,12,450,-9
2025/07/21,浦和,12,ハロー，ウラワールド！特別Ｃ１選抜馬ア,2000,ダ,左,良,晴,12,4,4,ソルテア,牡,5,56.0,471,3,本田重,水野貴,,10,2:13.1,42.3,7-7-9-10,4,471,3
2025/07/21,浦和,12,ハロー，ウラワールド！特別Ｃ１選抜馬ア,2000,ダ,左,良,晴,12,7,9,ロードアスタリスク,牡,5,56.0,486,-5,町田直,吉田正,,11,2:13.2,43.2,5-3-5-8,11,486,-5
2025/07/21,浦和,12,ハロー，ウラワールド！特別Ｃ１選抜馬ア,2000,ダ,左,良,晴,12,8,11,ツガノショウグン,牡,4,56.0,496,7,新原周,長谷忍,,12,2:14.3,44.1,2-4-8-12,8,496,7
2025/07/22,浦和,1,ランチタイムチャレンジＣ３五 六,1400,ダ,左,良,晴,11,4,4,ダンシングエリカ,牝,4,51.0,426,-16,中山遥,小林真,,1,1:30.0,38.3,3-4-4-2,2,426,-16
2025/07/22,浦和,1,ランチタイムチャレンジＣ３五 六,1400,ダ,左,良,晴,11,8,11,ステンノー,牝,5,54.0,492,-4,赤津和,小林真,,2,1:30.8,39.5,1-1-1-1,8,492,-4
2025/07/22,浦和,1,ランチタイムチャレンジＣ３五 六,1400,ダ,左,良,晴,11,6,6,サンライズテソロ,牡,7,56.0,478,4,半澤慶,川島豊,,3,1:31.3,39.9,2-2-2-3,1,478,4
2025/07/22,浦和,1,ランチタイムチャレンジＣ３五 六,1400,ダ,左,良,晴,11,7,8,マッシュブライト,牝,7,54.0,469,-4,岡田大,酒井一,,4,1:31.4,38.9,8-7-7-5,3,469,-4
2025/07/22,浦和,1,ランチタイムチャレンジＣ３五 六,1400,ダ,左,良,晴,11,6,7,アイブライト,牡,5,56.0,471,-2,笠野雄,海馬司,,5,1:31.6,40.0,4-3-3-4,7,471,-2
2025/07/22,浦和,1,ランチタイムチャレンジＣ３五 六,1400,ダ,左,良,晴,11,8,10,キミカワイイネ,牝,5,54.0,431,-1,藤原幹,阿井正,,6,1:32.3,38.5,10-10-9-7,6,431,-1
2025/07/22,浦和,1,ランチタイムチャレンジＣ３五 六,1400,ダ,左,良,晴,11,1,1,タイムレスブルーム,牡,4,56.0,478,-5,木間龍,野口孝,,7,1:32.5,40.4,6-5-6-6,4,478,-5
2025/07/22,浦和,1,ランチタイムチャレンジＣ３五 六,1400,ダ,左,良,晴,11,7,9,ジーニーボニータ,牡,6,56.0,506,-1,見越彬,水野貴,,8,1:32.7,40.7,5-6-5-8,5,506,-1
2025/07/22,浦和,1,ランチタイムチャレンジＣ３五 六,1400,ダ,左,良,晴,11,5,5,シェナカレン,牡,5,56.0,448,-5,七夕裕,冨田敏,,9,1:33.0,39.9,7-8-8-9,10,448,-5
2025/07/22,浦和,1,ランチタイムチャレンジＣ３五 六,1400,ダ,左,良,晴,11,3,3,ゴールドバニー,牝,5,54.0,487,-2,櫻井光,野口孝,,10,1:33.4,40.0,9-9-10-10,9,487,-2
2025/07/22,浦和,1,ランチタイムチャレンジＣ３五 六,1400,ダ,左,良,晴,11,2,2,マルノアンナ,牝,6,54.0,0,0,室陽一,川村守,,,,,,,0,0
2025/07/22,浦和,2,ドリームチャレンジ２歳新馬ウ,800,ダ,左,良,晴,5,3,3,エンペラーウェザー,牡,2,54.0,0,0,岡村健,平山真,,1,0:48.1,35.8,2-2,1,0,0
2025/07/22,浦和,2,ドリームチャレンジ２歳新馬ウ,800,ダ,左,良,晴,5,5,5,コグマザセカンド,牝,2,54.0,0,0,七夕裕,宇野博,,2,0:48.5,36.5,1-1,4,0,0
2025/07/22,浦和,2,ドリームチャレンジ２歳新馬ウ,800,ダ,左,良,晴,5,1,1,エムワンシゲコ,牝,2,54.0,0,0,吉留孝,薮口一,,3,0:49.9,36.5,4-3,3,0,0
2025/07/22,浦和,2,ドリームチャレンジ２歳新馬ウ,800,ダ,左,良,晴,5,2,2,ビランチャ,牡,2,54.0,0,0,野畑凌,小久智,,4,0:49.9,37.0,3-4,2,0,0
2025/07/22,浦和,2,ドリームチャレンジ２歳新馬ウ,800,ダ,左,良,晴,5,4,4,ルシードファルチェ,牝,2,54.0,0,0,菅原涼,藤原智,,5,0:50.9,37.0,5-5,5,0,0
2025/07/22,浦和,3,ドリームチャレンジ２歳新馬イ,800,ダ,左,良,晴,5,2,2,トルーカ,牡,2,54.0,0,0,笹川翼,小久智,,1,0:47.9,35.6,1-1,1,0,0
2025/07/22,浦和,3,ドリームチャレンジ２歳新馬イ,800,ダ,左,良,晴,5,3,3,セーブルラヴ,牝,2,54.0,0,0,加藤和,薮口一,,2,0:48.2,35.9,2-2,3,0,0
2025/07/22,浦和,3,ドリームチャレンジ２歳新馬イ,800,ダ,左,良,晴,5,4,4,ユウヤケコヤケ,牝,2,54.0,0,0,福原杏,宇野博,,3,0:48.9,35.6,3-4,4,0,0
2025/07/22,浦和,3,ドリームチャレンジ２歳新馬イ,800,ダ,左,良,晴,5,5,5,ダイバマーヤチャン,牝,2,54.0,0,0,野畑凌,箕輪武,,4,0:49.1,35.7,4-3,5,0,0
2025/07/22,浦和,3,ドリームチャレンジ２歳新馬イ,800,ダ,左,良,晴,5,1,1,ゴールドステイヤー,牡,2,54.0,0,0,西啓太,藤原智,,5,0:49.8,35.0,5-5,2,0,0
2025/07/22,浦和,4,Ｃ３五 六,1500,ダ,左,良,晴,9,8,8,ジョーカイ,牝,7,54.0,465,-4,野畑凌,小久智,,1,1:38.2,39.8,1-1-1-1,1,465,-4
2025/07/22,浦和,4,Ｃ３五 六,1500,ダ,左,良,晴,9,6,6,ハヌマーンビーチ,牡,5,56.0,457,-10,岡田大,鹿沼和,,2,1:38.2,39.1,6-6-5-4,5,457,-10
2025/07/22,浦和,4,Ｃ３五 六,1500,ダ,左,良,晴,9,4,4,ラヴァルス,牝,5,54.0,422,-1,七夕裕,八木喜,,3,1:38.6,40.2,4-3-2-2,7,422,-1
2025/07/22,浦和,4,Ｃ３五 六,1500,ダ,左,良,晴,9,5,5,ヨドノホマレ,セ,0,56.0,488,2,岡村健,平山真,,4,1:39.1,39.5,9-9-7-5,4,488,2
2025/07/22,浦和,4,Ｃ３五 六,1500,ダ,左,良,晴,9,2,2,モズマスターピース,牡,5,56.0,479,-2,高橋哲,入口由,,5,1:39.2,40.5,5-5-4-3,3,479,-2
2025/07/22,浦和,4,Ｃ３五 六,1500,ダ,左,良,晴,9,7,7,オリズジーニー,牡,4,56.0,504,4,赤津和,宇野博,,6,1:39.2,39.9,7-8-8-6,2,504,4
2025/07/22,浦和,4,Ｃ３五 六,1500,ダ,左,良,晴,9,3,3,シェナリオン,牡,5,56.0,448,-9,國分祐,冨田敏,,7,1:39.8,40.3,8-7-9-8,9,448,-9
2025/07/22,浦和,4,Ｃ３五 六,1500,ダ,左,良,晴,9,1,1,ミシェルエルクール,牝,4,54.0,490,0,見越彬,川島豊,,8,1:40.8,41.8,3-4-6-9,8,490,0
2025/07/22,浦和,4,Ｃ３五 六,1500,ダ,左,良,晴,9,8,9,クインズシリウス,牝,4,54.0,433,3,半澤慶,宇野博,,9,1:40.9,42.5,2-2-3-7,6,433,3
2025/07/22,浦和,5,Ｃ２三 四,1500,ダ,左,良,晴,11,5,5,グレートスピリット,牡,4,56.0,517,4,保園翔,野口寛,,1,1:36.5,39.6,1-1-1-1,3,517,4
2025/07/22,浦和,5,Ｃ２三 四,1500,ダ,左,良,晴,11,8,10,ジンフィンドール,牝,5,54.0,458,-3,篠谷葵,林正人,,2,1:37.2,40.1,4-4-2-2,5,458,-3
2025/07/22,浦和,5,Ｃ２三 四,1500,ダ,左,良,晴,11,2,2,エソラ,牡,5,56.0,494,-3,岡村健,平山真,,3,1:37.2,39.9,5-6-4-3,4,494,-3
2025/07/22,浦和,5,Ｃ２三 四,1500,ダ,左,良,晴,11,1,1,テーオーダムール,牡,4,56.0,522,7,達城龍,川島豊,,4,1:37.3,39.1,11-10-7-5,6,522,7
2025/07/22,浦和,5,Ｃ２三 四,1500,ダ,左,良,晴,11,6,6,アデラパフューム,牝,5,54.0,475,6,見越彬,水上直,,5,1:37.9,40.8,2-2-3-4,8,475,6
2025/07/22,浦和,5,Ｃ２三 四,1500,ダ,左,良,晴,11,7,9,フェアメーゲン,牝,7,51.0,450,9,加藤雄,工藤伸,,6,1:38.4,40.8,6-5-6-6,10,450,9
2025/07/22,浦和,5,Ｃ２三 四,1500,ダ,左,良,晴,11,4,4,アンファンドディユ,牡,8,56.0,458,6,笠野雄,海馬司,,7,1:39.3,41.1,10-9-8-7,11,458,6
2025/07/22,浦和,5,Ｃ２三 四,1500,ダ,左,良,晴,11,7,8,ハーモニーヤマト,牡,8,55.0,456,1,佐野遥,新井清,,8,1:39.8,41.4,9-11-11-10,9,456,1
2025/07/22,浦和,5,Ｃ２三 四,1500,ダ,左,良,晴,11,6,7,ドローアプローズ,セ,0,56.0,482,5,室陽一,入口由,,9,1:40.1,41.9,7-7-9-9,7,482,5
2025/07/22,浦和,5,Ｃ２三 四,1500,ダ,左,良,晴,11,8,11,エアシャロウ,セ,0,56.0,524,0,野畑凌,箕輪武,,10,1:40.2,43.0,3-3-5-8,2,524,0
2025/07/22,浦和,5,Ｃ２三 四,1500,ダ,左,良,晴,11,3,3,ジャヌウブ,牝,5,54.0,470,-4,福原杏,小久智,,,,,8-8-10-11,1,470,-4
2025/07/22,浦和,6,Ｃ２三 四,1400,ダ,左,良,晴,9,2,2,マラカイト,牝,4,54.0,460,-3,笹川翼,小久智,,1,1:29.4,39.2,1-1-1-1,3,460,-3
2025/07/22,浦和,6,Ｃ２三 四,1400,ダ,左,良,晴,9,8,9,ヨルデモアーサー,牡,5,56.0,485,-3,木間龍,矢野義,,2,1:29.6,38.6,3-5-4-2,4,485,-3
2025/07/22,浦和,6,Ｃ２三 四,1400,ダ,左,良,晴,9,4,4,ジョーサルーテ,牝,4,54.0,464,3,見越彬,小久智,,3,1:30.9,40.5,2-3-3-3,2,464,3
2025/07/22,浦和,6,Ｃ２三 四,1400,ダ,左,良,晴,9,7,7,ユッカラン,牝,4,54.0,450,-5,岡田大,薮口一,,4,1:31.4,39.8,7-7-5-4,8,450,-5
2025/07/22,浦和,6,Ｃ２三 四,1400,ダ,左,良,晴,9,8,8,サマーヌード,牡,4,56.0,505,1,山中悠,阿井正,,5,1:32.2,40.2,8-8-7-5,6,505,1
2025/07/22,浦和,6,Ｃ２三 四,1400,ダ,左,良,晴,9,1,1,プラウサス,牡,6,56.0,500,-4,室陽一,酒井一,,6,1:33.3,41.3,4-6-8-7,7,500,-4
2025/07/22,浦和,6,Ｃ２三 四,1400,ダ,左,良,晴,9,6,6,ツワモノ,牡,5,56.0,488,-2,櫻井光,田島寿,,7,1:33.6,42.3,6-4-6-6,5,488,-2
2025/07/22,浦和,6,Ｃ２三 四,1400,ダ,左,良,晴,9,5,5,アマレロフレイバー,牡,5,56.0,500,0,町田直,繁田健,,,,,5-2-2,1,500,0
2025/07/22,浦和,6,Ｃ２三 四,1400,ダ,左,良,晴,9,3,3,チェスナットドレス,牝,8,54.0,0,0,國分祐,冨田敏,,,,,,,0,0
2025/07/22,浦和,7,手漉き和紙と有機の里道の駅おがわ賞Ｃ１四,1400,ダ,左,良,晴,7,3,3,アムレート,牝,5,54.0,445,-1,野畑凌,小久智,,1,1:29.1,39.8,1-1-1-1,2,445,-1
2025/07/22,浦和,7,手漉き和紙と有機の里道の駅おがわ賞Ｃ１四,1400,ダ,左,良,晴,7,2,2,ビタリス,牝,4,54.0,467,-13,櫻井光,佐藤博,,2,1:29.6,38.8,5-5-5-3,4,467,-13
2025/07/22,浦和,7,手漉き和紙と有機の里道の駅おがわ賞Ｃ１四,1400,ダ,左,良,晴,7,1,1,ディセントラライズ,牡,4,56.0,456,8,保園翔,川村守,,3,1:30.1,38.4,7-7-7-6,5,456,8
2025/07/22,浦和,7,手漉き和紙と有機の里道の駅おがわ賞Ｃ１四,1400,ダ,左,良,晴,7,4,4,ゴルトレオパルト,牡,5,56.0,494,6,赤津和,箕輪武,,4,1:30.5,41.2,2-2-2-2,6,494,6
2025/07/22,浦和,7,手漉き和紙と有機の里道の駅おがわ賞Ｃ１四,1400,ダ,左,良,晴,7,5,5,ポッドジャスパー,牡,4,55.0,463,-3,佐野遥,秋山直,,5,1:30.7,41.3,3-3-3-4,3,463,-3
2025/07/22,浦和,7,手漉き和紙と有機の里道の駅おがわ賞Ｃ１四,1400,ダ,左,良,晴,7,6,6,リュラグリーン,牝,4,54.0,474,7,高橋哲,川村守,,6,1:30.9,39.5,6-6-6-7,7,474,7
2025/07/22,浦和,7,手漉き和紙と有機の里道の駅おがわ賞Ｃ１四,1400,ダ,左,良,晴,7,7,7,サンナイアガラ,牝,3,53.0,479,7,笹川翼,野口寛,,7,1:31.1,41.3,4-4-4-5,1,479,7
2025/07/22,浦和,8,風鈴特別３歳未格付選抜馬,2000,ダ,左,良,晴,9,8,8,スピンディエゴール,牡,3,57.0,506,-10,笹川翼,繁田健,,1,2:13.9,39.5,2-2-2-1,1,506,-10
2025/07/22,浦和,8,風鈴特別３歳未格付選抜馬,2000,ダ,左,良,晴,9,5,5,マナコル,牡,3,56.0,516,3,西啓太,藤原智,,2,2:14.3,39.7,4-3-3-4,3,516,3
2025/07/22,浦和,8,風鈴特別３歳未格付選抜馬,2000,ダ,左,良,晴,9,2,2,ハシリマッセ,牡,3,56.0,463,3,達城龍,川島豊,,3,2:14.7,39.3,6-6-7-5,2,463,3
2025/07/22,浦和,8,風鈴特別３歳未格付選抜馬,2000,ダ,左,良,晴,9,3,3,アヌマティチェコ,牝,3,53.0,473,-1,佐野遥,加藤誠,,4,2:14.7,39.3,8-8-6-7,4,473,-1
2025/07/22,浦和,8,風鈴特別３歳未格付選抜馬,2000,ダ,左,良,晴,9,4,4,センエツナガラ,牡,3,55.0,493,-4,藤本現,酒井一,,5,2:15.0,40.2,3-4-4-3,6,493,-4
2025/07/22,浦和,8,風鈴特別３歳未格付選抜馬,2000,ダ,左,良,晴,9,6,6,シェルヴァレイ,牡,3,55.0,441,17,藤江渉,酒井一,,6,2:15.7,40.5,5-5-5-6,7,441,17
2025/07/22,浦和,8,風鈴特別３歳未格付選抜馬,2000,ダ,左,良,晴,9,1,1,タカラハンター,牡,3,56.0,497,6,菅原涼,長谷忍,,7,2:16.1,41.7,1-1-1-2,5,497,6
2025/07/22,浦和,8,風鈴特別３歳未格付選抜馬,2000,ダ,左,良,晴,9,8,9,モーモーネイビー,牝,3,53.0,455,-1,半澤慶,海馬司,,8,2:19.8,43.4,7-7-8-8,8,455,-1
2025/07/22,浦和,8,風鈴特別３歳未格付選抜馬,2000,ダ,左,良,晴,9,7,7,サヨノフトゥーラ,牡,3,56.0,447,-5,木間龍,工藤伸,,,,,,,447,-5
2025/07/22,浦和,9,Ｊ交 ツインマッチ特別３歳Ｃ１級馬未格付,1400,ダ,左,良,晴,11,4,4,グルーヴィーオン,牝,3,54.0,480,8,町田直,小手準,,1,1:28.1,38.2,1-1-1-1,2,480,8
2025/07/22,浦和,9,Ｊ交 ツインマッチ特別３歳Ｃ１級馬未格付,1400,ダ,左,良,晴,11,2,2,オニアシ,牡,3,57.0,451,1,菅原涼,藤原智,,2,1:28.4,38.0,4-4-5-2,3,451,1
2025/07/22,浦和,9,Ｊ交 ツインマッチ特別３歳Ｃ１級馬未格付,1400,ダ,左,良,晴,11,3,3,サヤヒメ,牝,3,54.0,471,1,原優介,青木孝,,3,1:28.6,37.8,7-8-7-5,7,471,1
2025/07/22,浦和,9,Ｊ交 ツインマッチ特別３歳Ｃ１級馬未格付,1400,ダ,左,良,晴,11,7,8,メイユウ,牡,3,56.0,470,2,笹川翼,蛯名正,,4,1:28.8,38.6,8-7-4-4,1,470,2
2025/07/22,浦和,9,Ｊ交 ツインマッチ特別３歳Ｃ１級馬未格付,1400,ダ,左,良,晴,11,1,1,イサチルカムカム,牡,3,56.0,425,9,木幡初,竹内正,,5,1:29.0,37.7,9-10-10-8,4,425,9
2025/07/22,浦和,9,Ｊ交 ツインマッチ特別３歳Ｃ１級馬未格付,1400,ダ,左,良,晴,11,8,10,イロドリノカオリ,牡,3,57.0,484,9,山中悠,宇野博,,6,1:29.4,39.4,2-2-2-3,8,484,9
2025/07/22,浦和,9,Ｊ交 ツインマッチ特別３歳Ｃ１級馬未格付,1400,ダ,左,良,晴,11,6,6,ブラックレッド,牡,3,56.0,471,-7,柴田大,松山将,,7,1:29.5,39.1,5-5-6-7,9,471,-7
2025/07/22,浦和,9,Ｊ交 ツインマッチ特別３歳Ｃ１級馬未格付,1400,ダ,左,良,晴,11,8,11,ケアンズ,牡,3,56.0,467,1,野畑凌,武藤善,,8,1:30.0,40.0,3-3-3-6,5,467,1
2025/07/22,浦和,9,Ｊ交 ツインマッチ特別３歳Ｃ１級馬未格付,1400,ダ,左,良,晴,11,5,5,カミノワ,牡,3,57.0,500,4,臼井健,佐々功,,9,1:30.8,39.8,10-9-8-9,6,500,4
2025/07/22,浦和,9,Ｊ交 ツインマッチ特別３歳Ｃ１級馬未格付,1400,ダ,左,良,晴,11,6,7,レーヌバンケット,牝,3,55.0,428,23,櫻井光,小久智,,10,1:31.1,40.4,6-6-9-10,10,428,23
2025/07/22,浦和,9,Ｊ交 ツインマッチ特別３歳Ｃ１級馬未格付,1400,ダ,左,良,晴,11,7,9,スタークイック,牝,3,54.0,410,-8,保園翔,小澤宏,,11,1:32.8,40.3,11-11-11-11,11,410,-8
2025/07/22,浦和,10,ルビー特別Ｃ１三,1500,ダ,左,良,晴,9,4,4,サダージ,牝,4,54.0,467,11,野畑凌,小澤宏,,1,1:35.0,38.6,1-1-1-1,3,467,11
2025/07/22,浦和,10,ルビー特別Ｃ１三,1500,ダ,左,良,晴,9,2,2,スーパーロゴ,牡,3,55.0,462,-6,川島正,山下之,,2,1:35.8,38.2,9-9-8-5,6,462,-6
2025/07/22,浦和,10,ルビー特別Ｃ１三,1500,ダ,左,良,晴,9,6,6,ココモローズ,牝,4,54.0,425,1,笹川翼,藤原智,,3,1:36.3,39.9,2-2-2-2,1,425,1
2025/07/22,浦和,10,ルビー特別Ｃ１三,1500,ダ,左,良,晴,9,1,1,ノブヘンドリックス,牡,7,56.0,481,-13,保園翔,小久智,,4,1:36.6,40.0,6-4-5-4,4,481,-13
2025/07/22,浦和,10,ルビー特別Ｃ１三,1500,ダ,左,良,晴,9,8,9,エイシンゾディアク,牡,4,56.0,449,1,七夕裕,横山保,,5,1:36.9,40.3,4-6-6-7,2,449,1
2025/07/22,浦和,10,ルビー特別Ｃ１三,1500,ダ,左,良,晴,9,3,3,ベストリターナー,セ,0,56.0,526,-3,山中悠,宇野博,,6,1:36.9,40.4,7-7-3-3,7,526,-3
2025/07/22,浦和,10,ルビー特別Ｃ１三,1500,ダ,左,良,晴,9,5,5,マロンシャンテリー,牡,4,56.0,462,0,赤津和,工藤伸,,7,1:37.3,40.7,5-4-4-6,8,462,0
2025/07/22,浦和,10,ルビー特別Ｃ１三,1500,ダ,左,良,晴,9,8,8,ビーナスライズ,牝,4,54.0,498,3,室陽一,工藤伸,,8,1:38.5,41.1,8-8-9-9,9,498,3
2025/07/22,浦和,10,ルビー特別Ｃ１三,1500,ダ,左,良,晴,9,7,7,イチカノユメ,牝,3,53.0,467,4,福原杏,水野貴,,9,1:39.2,42.6,3-3-7-8,5,467,4
2025/07/22,浦和,11,七夕月特別Ｂ２Ｂ３選抜馬,800,ダ,左,良,晴,11,6,7,エリコーハク,牝,5,55.0,439,-5,福原杏,水野貴,,1,0:46.5,34.4,1-2,1,439,-5
2025/07/22,浦和,11,七夕月特別Ｂ２Ｂ３選抜馬,800,ダ,左,良,晴,11,8,11,シナノスマイル,牝,4,55.0,474,9,見越彬,鹿沼和,,2,0:46.8,34.6,2-1,3,474,9
2025/07/22,浦和,11,七夕月特別Ｂ２Ｂ３選抜馬,800,ダ,左,良,晴,11,4,4,タマモアルタイル,牡,4,55.0,502,3,高橋哲,水野貴,,3,0:47.0,34.4,4-3,4,502,3
2025/07/22,浦和,11,七夕月特別Ｂ２Ｂ３選抜馬,800,ダ,左,良,晴,11,2,2,ライヴトパーズ,牝,6,55.0,426,-8,町田直,山崎尋,,4,0:47.5,34.3,6-6,6,426,-8
2025/07/22,浦和,11,七夕月特別Ｂ２Ｂ３選抜馬,800,ダ,左,良,晴,11,1,1,エイシンエメラルド,牝,5,50.0,425,11,加藤雄,工藤伸,,5,0:47.5,35.2,3-4,5,425,11
2025/07/22,浦和,11,七夕月特別Ｂ２Ｂ３選抜馬,800,ダ,左,良,晴,11,3,3,クリスタライズ,牡,4,55.0,496,3,山中悠,水野貴,,6,0:47.8,34.5,8-7,7,496,3
2025/07/22,浦和,11,七夕月特別Ｂ２Ｂ３選抜馬,800,ダ,左,良,晴,11,5,5,トッキーホレット,牝,4,50.0,475,4,中山遥,小林真,,7,0:47.8,35.1,5-5,2,475,4
2025/07/22,浦和,11,七夕月特別Ｂ２Ｂ３選抜馬,800,ダ,左,良,晴,11,7,9,ナツイチバン,牝,6,53.0,494,-2,臼井健,岩崎真,,8,0:48.8,35.5,7-8,8,494,-2
2025/07/22,浦和,11,七夕月特別Ｂ２Ｂ３選抜馬,800,ダ,左,良,晴,11,6,6,アパショナード,牡,6,55.0,435,-2,赤津和,薮口一,,9,0:49.2,35.1,11-10,10,435,-2
2025/07/22,浦和,11,七夕月特別Ｂ２Ｂ３選抜馬,800,ダ,左,良,晴,11,8,10,セイウンダマシイ,牡,5,57.0,468,-9,國分祐,冨田敏,,10,0:49.3,36.0,10-9,11,468,-9
2025/07/22,浦和,11,七夕月特別Ｂ２Ｂ３選抜馬,800,ダ,左,良,晴,11,7,8,ビスマルク,牡,4,55.0,511,-5,木間龍,伊藤滋,,11,0:49.9,36.6,9-11,9,511,-5
2025/07/22,浦和,12,夏の夕特別Ｃ３選抜馬イ,2000,ダ,左,良,晴,12,4,4,インベンション,牝,5,54.0,451,8,菅原涼,長谷忍,,1,2:14.4,41.2,4-4-2-1,4,451,8
2025/07/22,浦和,12,夏の夕特別Ｃ３選抜馬イ,2000,ダ,左,良,晴,12,5,5,アムールベル,牝,4,54.0,449,-5,増田充,村田順,,2,2:14.5,40.6,7-6-4-3,5,449,-5
2025/07/22,浦和,12,夏の夕特別Ｃ３選抜馬イ,2000,ダ,左,良,晴,12,6,8,キミニメロメロ,牝,4,54.0,460,8,福原杏,吉田正,,3,2:15.1,42.3,1-1-1-2,3,460,8
2025/07/22,浦和,12,夏の夕特別Ｃ３選抜馬イ,2000,ダ,左,良,晴,12,6,7,シェナハート,牝,6,54.0,435,3,國分祐,冨田敏,,4,2:15.7,41.6,8-8-6-4,9,435,3
2025/07/22,浦和,12,夏の夕特別Ｃ３選抜馬イ,2000,ダ,左,良,晴,12,5,6,パルメニデス,牡,6,56.0,425,-4,野畑凌,長谷忍,,5,2:16.3,42.2,10-9-7-5,1,425,-4
2025/07/22,浦和,12,夏の夕特別Ｃ３選抜馬イ,2000,ダ,左,良,晴,12,1,1,ヤマブキ,牡,5,56.0,499,0,岡田大,鹿沼和,,6,2:16.4,42.1,9-10-8-9,2,499,0
2025/07/22,浦和,12,夏の夕特別Ｃ３選抜馬イ,2000,ダ,左,良,晴,12,2,2,シェナグローリー,牝,5,54.0,458,0,加藤和,冨田敏,,7,2:16.8,42.0,11-11-11-6,11,458,0
2025/07/22,浦和,12,夏の夕特別Ｃ３選抜馬イ,2000,ダ,左,良,晴,12,7,10,ナイトレインボー,牡,4,56.0,487,0,赤津和,酒井一,,8,2:17.6,43.5,5-5-9-10,10,487,0
2025/07/22,浦和,12,夏の夕特別Ｃ３選抜馬イ,2000,ダ,左,良,晴,12,3,3,ストームシャドウ,牡,6,56.0,479,-3,笠野雄,佐々清,,9,2:17.7,42.9,12-12-10-11,8,479,-3
2025/07/22,浦和,12,夏の夕特別Ｃ３選抜馬イ,2000,ダ,左,良,晴,12,8,11,マーニク,牝,4,54.0,467,6,仲野光,長谷忍,,10,2:17.8,44.2,3-3-5-8,6,467,6
2025/07/22,浦和,12,夏の夕特別Ｃ３選抜馬イ,2000,ダ,左,良,晴,12,7,9,チャームフォラック,牝,9,54.0,485,2,高橋哲,川村守,,11,2:18.4,45.2,2-2-3-7,12,485,2
2025/07/22,浦和,12,夏の夕特別Ｃ３選抜馬イ,2000,ダ,左,良,晴,12,8,12,エクスプロア,牡,6,56.0,513,0,山中悠,川村守,,12,2:21.1,46.3,6-7-12-12,7,513,0
2025/07/23,浦和,1,ランチタイムチャレンジ３歳六,1400,ダ,左,良,晴,9,4,4,ハヤブサナンデヒメ,牝,3,54.0,445,-1,池谷匠,高橋宏,,1,1:30.2,40.9,1-1-1-1,1,445,-1
2025/07/23,浦和,1,ランチタイムチャレンジ３歳六,1400,ダ,左,良,晴,9,5,5,ショウナンバージ,牝,3,54.0,435,5,野畑凌,小久智,,2,1:31.3,41.9,2-2-2-2,2,435,5
2025/07/23,浦和,1,ランチタイムチャレンジ３歳六,1400,ダ,左,良,晴,9,8,9,オレイニウタイマス,牝,3,54.0,450,-1,室陽一,宇野博,,3,1:31.5,41.3,3-3-3-3,7,450,-1
2025/07/23,浦和,1,ランチタイムチャレンジ３歳六,1400,ダ,左,良,晴,9,3,3,ノメンターノ,牝,3,54.0,437,5,岡田大,薮口一,,4,1:31.5,39.3,9-9-7-4,4,437,5
2025/07/23,浦和,1,ランチタイムチャレンジ３歳六,1400,ダ,左,良,晴,9,2,2,ショウワスタイル,牡,3,56.0,452,-1,赤津和,海馬司,,5,1:32.4,40.8,5-5-5-5,9,452,-1
2025/07/23,浦和,1,ランチタイムチャレンジ３歳六,1400,ダ,左,良,晴,9,6,6,セイブザクイーン,牝,3,54.0,486,0,半澤慶,宇野博,,6,1:32.4,40.8,6-6-4-6,6,486,0
2025/07/23,浦和,1,ランチタイムチャレンジ３歳六,1400,ダ,左,良,晴,9,8,8,クレストライン,牝,3,54.0,420,-5,見越彬,入口由,,7,1:32.6,40.2,7-8-9-9,8,420,-5
2025/07/23,浦和,1,ランチタイムチャレンジ３歳六,1400,ダ,左,良,晴,9,1,1,プリマベーラ,牝,3,54.0,434,-7,保園翔,野口寛,,8,1:32.6,40.3,8-7-8-8,3,434,-7
2025/07/23,浦和,1,ランチタイムチャレンジ３歳六,1400,ダ,左,良,晴,9,7,7,キンピカ,牡,3,56.0,381,-2,木間龍,工藤伸,,9,1:33.0,41.2,4-4-6-7,5,381,-2
2025/07/23,浦和,2,ドリームチャレンジ２歳新馬ア,1400,ダ,左,良,晴,6,3,3,バルカニクス,牡,2,54.0,0,0,保園翔,野口寛,,1,1:31.7,39.2,4-4-4-3,4,0,0
2025/07/23,浦和,2,ドリームチャレンジ２歳新馬ア,1400,ダ,左,良,晴,6,2,2,ペチンペチンイテテ,牡,2,54.0,0,0,野畑凌,水上直,,2,1:31.8,39.9,1-1-1-1,3,0,0
2025/07/23,浦和,2,ドリームチャレンジ２歳新馬ア,1400,ダ,左,良,晴,6,5,5,デュオメーデス,牡,2,54.0,0,0,笹川翼,小久智,,3,1:32.5,40.6,2-2-2-2,2,0,0
2025/07/23,浦和,2,ドリームチャレンジ２歳新馬ア,1400,ダ,左,良,晴,6,4,4,レフレール,牡,2,54.0,0,0,本田重,水野貴,,4,1:33.4,41.2,3-3-3-4,1,0,0
2025/07/23,浦和,2,ドリームチャレンジ２歳新馬ア,1400,ダ,左,良,晴,6,1,1,シェナノローマ,牡,2,54.0,0,0,吉留孝,冨田敏,,5,1:37.2,43.5,5-5-5-5,5,0,0
2025/07/23,浦和,2,ドリームチャレンジ２歳新馬ア,1400,ダ,左,良,晴,6,6,6,モモスススス,牝,2,54.0,0,0,半澤慶,入口由,,6,1:39.5,45.5,6-6-6-6,6,0,0
2025/07/23,浦和,3,３歳五,1400,ダ,左,良,晴,9,2,2,アースチャン,牝,3,54.0,440,-12,本田重,箕輪武,,1,1:30.5,39.5,5-6-5-4,4,440,-12
2025/07/23,浦和,3,３歳五,1400,ダ,左,良,晴,9,5,5,ゴールドキッド,牡,3,56.0,417,-2,七夕裕,鹿沼和,,2,1:30.9,39.0,9-9-9-8,9,417,-2
2025/07/23,浦和,3,３歳五,1400,ダ,左,良,晴,9,8,8,ボルダーオパール,牝,3,54.0,463,-4,山中悠,長谷剛,,3,1:31.0,40.0,7-5-4-6,1,463,-4
2025/07/23,浦和,3,３歳五,1400,ダ,左,良,晴,9,6,6,ノーザトゥルース,牝,3,54.0,467,-7,笹川翼,水野貴,,4,1:31.2,39.9,8-8-8-7,2,467,-7
2025/07/23,浦和,3,３歳五,1400,ダ,左,良,晴,9,4,4,ペプチドスパークル,牝,3,54.0,416,-6,福原杏,野口寛,,5,1:31.8,41.0,4-3-3-3,3,416,-6
2025/07/23,浦和,3,３歳五,1400,ダ,左,良,晴,9,1,1,フィザリス,牡,3,56.0,465,1,藤原幹,藤原智,,6,1:31.9,40.9,3-4-6-5,8,465,1
2025/07/23,浦和,3,３歳五,1400,ダ,左,良,晴,9,8,9,アップルシーフ,牝,3,54.0,458,-2,篠谷葵,野口寛,,7,1:31.9,41.3,2-2-2-1,7,458,-2
2025/07/23,浦和,3,３歳五,1400,ダ,左,良,晴,9,3,3,メイジョウビット,牝,3,54.0,440,-1,赤津和,酒井一,,8,1:32.7,42.2,1-1-1-2,6,440,-1
2025/07/23,浦和,3,３歳五,1400,ダ,左,良,晴,9,7,7,レインボーサークル,牡,3,56.0,431,-4,野畑凌,小久智,,9,1:34.9,43.8,6-7-7-9,5,431,-4
2025/07/23,浦和,4,浦和８００ラウンドＣ３選抜馬ア,800,ダ,左,良,晴,10,8,9,ダンストンムート,牝,5,54.0,460,-4,見越彬,野口孝,,1,0:47.8,35.6,1-1,1,460,-4
2025/07/23,浦和,4,浦和８００ラウンドＣ３選抜馬ア,800,ダ,左,良,晴,10,7,7,アシャンテガール,牝,4,54.0,411,3,西啓太,藤原智,,2,0:47.9,35.4,2-2,5,411,3
2025/07/23,浦和,4,浦和８００ラウンドＣ３選抜馬ア,800,ダ,左,良,晴,10,1,1,メーネフロタント,牝,5,54.0,488,3,七夕裕,小林真,,3,0:48.1,35.5,4-3,2,488,3
2025/07/23,浦和,4,浦和８００ラウンドＣ３選抜馬ア,800,ダ,左,良,晴,10,6,6,リチェルカータ,牝,8,54.0,457,-2,野畑凌,小澤宏,,4,0:48.4,35.3,7-5,6,457,-2
2025/07/23,浦和,4,浦和８００ラウンドＣ３選抜馬ア,800,ダ,左,良,晴,10,8,10,カリスイモン,牝,4,51.0,439,9,加藤雄,水上直,,5,0:48.5,35.9,3-4,3,439,9
2025/07/23,浦和,4,浦和８００ラウンドＣ３選抜馬ア,800,ダ,左,良,晴,10,2,2,ライスライス,牝,4,54.0,412,3,室陽一,小澤宏,,6,0:48.8,35.9,6-6,9,412,3
2025/07/23,浦和,4,浦和８００ラウンドＣ３選抜馬ア,800,ダ,左,良,晴,10,4,4,スイートウィル,牝,4,51.0,432,-2,中山遥,川島豊,,7,0:49.0,36.1,8-8,4,432,-2
2025/07/23,浦和,4,浦和８００ラウンドＣ３選抜馬ア,800,ダ,左,良,晴,10,7,8,キタカラキタダイヤ,牝,5,54.0,460,8,岡村健,吉橋淳,,8,0:49.2,36.5,5-7,7,460,8
2025/07/23,浦和,4,浦和８００ラウンドＣ３選抜馬ア,800,ダ,左,良,晴,10,5,5,アマゴ,牝,6,54.0,476,4,保園翔,箕輪武,,9,0:49.4,35.6,10-9,8,476,4
2025/07/23,浦和,4,浦和８００ラウンドＣ３選抜馬ア,800,ダ,左,良,晴,10,3,3,シャイニングアース,牡,4,56.0,475,-7,赤津和,薮口一,,10,0:50.3,36.8,9-10,10,475,-7
2025/07/23,浦和,5,特選Ｃ２選抜牝馬,1400,ダ,左,良,晴,10,1,1,ダノンレーニア,牝,4,54.5,443,18,本橋孝,小久智,,1,1:27.7,38.7,1-1-1-1,3,443,18
2025/07/23,浦和,5,特選Ｃ２選抜牝馬,1400,ダ,左,良,晴,10,7,7,ハナチルサト,牝,4,54.5,435,6,町田直,宇野博,,2,1:28.8,39.7,3-3-2-2,2,435,6
2025/07/23,浦和,5,特選Ｃ２選抜牝馬,1400,ダ,左,良,晴,10,2,2,アンジェマリーナ,牝,4,54.5,430,4,櫻井光,川島豊,,3,1:29.1,39.6,6-5-3-3,8,430,4
2025/07/23,浦和,5,特選Ｃ２選抜牝馬,1400,ダ,左,良,晴,10,6,6,ルクスリーベン,牝,4,54.0,437,0,張田昂,平山真,,4,1:29.8,39.5,7-7-6-4,4,437,0
2025/07/23,浦和,5,特選Ｃ２選抜牝馬,1400,ダ,左,良,晴,10,5,5,ジャストチャックル,牝,4,55.0,461,4,室陽一,小澤宏,,5,1:30.8,39.4,10-9-9-7,5,461,4
2025/07/23,浦和,5,特選Ｃ２選抜牝馬,1400,ダ,左,良,晴,10,8,9,フブキ,牝,5,55.0,461,4,福原杏,水上直,,6,1:31.0,40.5,5-6-7-8,6,461,4
2025/07/23,浦和,5,特選Ｃ２選抜牝馬,1400,ダ,左,良,晴,10,4,4,アサンテギア,牝,7,54.0,426,5,七夕裕,工藤伸,,7,1:31.5,39.8,9-10-10-9,9,426,5
2025/07/23,浦和,5,特選Ｃ２選抜牝馬,1400,ダ,左,良,晴,10,8,10,ソーサレス,牝,6,55.0,500,0,山中悠,田中力,,8,1:32.0,42.2,4-4-5-6,1,500,0
2025/07/23,浦和,5,特選Ｃ２選抜牝馬,1400,ダ,左,良,晴,10,7,8,ユウユウアイリス,牝,4,54.0,451,13,高橋哲,酒井一,,9,1:32.2,40.9,8-8-8-10,10,451,13
2025/07/23,浦和,5,特選Ｃ２選抜牝馬,1400,ダ,左,良,晴,10,3,3,サンクラフィーネ,牝,4,51.5,489,-2,中山遥,野口寛,,10,1:32.2,42.9,2-2-4-5,7,489,-2
2025/07/23,浦和,6,Ｃ３四,1400,ダ,左,良,晴,7,2,2,スイフトマリー,牝,6,54.0,399,6,岡村健,酒井一,,1,1:31.1,38.9,4-4-4-3,2,399,6
2025/07/23,浦和,6,Ｃ３四,1400,ダ,左,良,晴,7,4,4,ニシノテンカフブ,牡,5,56.0,465,-2,吉留孝,吉田正,,2,1:31.1,38.5,5-6-5-4,3,465,-2
2025/07/23,浦和,6,Ｃ３四,1400,ダ,左,良,晴,7,6,6,オンネア,牝,4,54.0,462,3,室陽一,入口由,,3,1:31.6,40.1,1-1-1-1,1,462,3
2025/07/23,浦和,6,Ｃ３四,1400,ダ,左,良,晴,7,1,1,クラダイリン,牝,5,53.0,526,7,鷹見陸,長谷忍,,4,1:31.9,39.0,7-7-7-7,7,526,7
2025/07/23,浦和,6,Ｃ３四,1400,ダ,左,良,晴,7,7,7,プリンセスパリー,牝,4,54.0,421,5,高橋哲,鈴木勝,,5,1:32.0,40.4,2-2-2-2,4,421,5
2025/07/23,浦和,6,Ｃ３四,1400,ダ,左,良,晴,7,3,3,ユウユウプレゼンス,牝,5,54.0,429,14,七夕裕,横山保,,6,1:32.1,40.3,3-3-3-5,6,429,14
2025/07/23,浦和,6,Ｃ３四,1400,ダ,左,良,晴,7,5,5,スターコマチ,牝,6,54.0,421,-1,木間龍,川村守,,7,1:32.6,40.0,6-5-6-6,5,421,-1
2025/07/23,浦和,7,Ｃ２五 六,1400,ダ,左,良,晴,10,3,3,キミハレモネード,牝,4,54.0,467,7,笹川翼,水野貴,,1,1:29.8,38.9,2-2-2-2,1,467,7
2025/07/23,浦和,7,Ｃ２五 六,1400,ダ,左,良,晴,10,7,8,マチルダ,牝,4,54.0,451,-17,西啓太,小久智,,2,1:29.8,38.8,3-3-3-3,5,451,-17
2025/07/23,浦和,7,Ｃ２五 六,1400,ダ,左,良,晴,10,1,1,キタノアマポーラ,牝,4,54.0,444,9,野畑凌,工藤伸,,3,1:29.9,39.0,1-1-1-1,3,444,9
2025/07/23,浦和,7,Ｃ２五 六,1400,ダ,左,良,晴,10,8,9,コスモホライズン,牡,4,53.0,463,-7,中山遥,小林真,,4,1:30.4,39.2,6-6-5-6,4,463,-7
2025/07/23,浦和,7,Ｃ２五 六,1400,ダ,左,良,晴,10,2,2,コングラツィア,牝,9,54.0,444,-2,岡田大,鹿沼和,,5,1:30.5,38.5,7-7-8-7,10,444,-2
2025/07/23,浦和,7,Ｃ２五 六,1400,ダ,左,良,晴,10,4,4,カラフルピーチ,牝,4,54.0,445,1,櫻井光,平山真,,6,1:30.5,39.3,4-4-6-4,6,445,1
2025/07/23,浦和,7,Ｃ２五 六,1400,ダ,左,良,晴,10,5,5,ホットエンペラー,牡,4,56.0,508,8,山中悠,小澤宏,,7,1:30.5,39.3,5-5-4-5,2,508,8
2025/07/23,浦和,7,Ｃ２五 六,1400,ダ,左,良,晴,10,8,10,イガルク,牡,4,56.0,441,5,藤原幹,渋谷博,,8,1:31.3,38.6,10-10-10-10,9,441,5
2025/07/23,浦和,7,Ｃ２五 六,1400,ダ,左,良,晴,10,6,6,メイショウボンゴチ,牡,5,56.0,433,-7,加藤和,薮口一,,9,1:31.6,39.5,9-9-9-8,7,433,-7
2025/07/23,浦和,7,Ｃ２五 六,1400,ダ,左,良,晴,10,7,7,ラブルパイル,牡,5,56.0,465,1,高橋哲,吉田正,,10,1:31.6,40.0,8-8-7-9,8,465,1
2025/07/23,浦和,8,浦和エイトチャレンジＣ２五 六,1500,ダ,左,良,晴,9,8,9,アラビアンレイン,牡,5,56.0,529,-4,福原杏,水野貴,,1,1:36.4,38.8,1-1-1-1,1,529,-4
2025/07/23,浦和,8,浦和エイトチャレンジＣ２五 六,1500,ダ,左,良,晴,9,5,5,プリンセスサクラ,牝,4,54.0,431,3,見越彬,鹿沼和,,2,1:36.8,38.9,2-2-2-2,2,431,3
2025/07/23,浦和,8,浦和エイトチャレンジＣ２五 六,1500,ダ,左,良,晴,9,4,4,ガルニエ,牡,4,56.0,444,-8,野畑凌,秋山直,,3,1:36.9,38.5,3-3-3-3,3,444,-8
2025/07/23,浦和,8,浦和エイトチャレンジＣ２五 六,1500,ダ,左,良,晴,9,6,6,キョウエイシャイン,牝,6,54.0,455,-6,室陽一,小澤宏,,4,1:37.7,38.7,4-4-4-4,6,455,-6
2025/07/23,浦和,8,浦和エイトチャレンジＣ２五 六,1500,ダ,左,良,晴,9,2,2,リュウノファントム,牡,5,56.0,465,0,達城龍,野口孝,,5,1:38.3,39.1,5-5-5-5,7,465,0
2025/07/23,浦和,8,浦和エイトチャレンジＣ２五 六,1500,ダ,左,良,晴,9,3,3,サンタモニカビーチ,牡,5,56.0,548,-5,笠野雄,川島豊,,6,1:38.7,38.9,9-8-6-6,4,548,-5
2025/07/23,浦和,8,浦和エイトチャレンジＣ２五 六,1500,ダ,左,良,晴,9,1,1,ジャストザヴァルス,牝,5,54.0,435,5,半澤慶,宇野博,,7,1:38.9,38.9,7-7-8-8,8,435,5
2025/07/23,浦和,8,浦和エイトチャレンジＣ２五 六,1500,ダ,左,良,晴,9,7,7,ラニーズグレイス,牝,5,54.0,468,-2,本田重,工藤伸,,8,1:38.9,39.1,6-6-7-7,5,468,-2
2025/07/23,浦和,8,浦和エイトチャレンジＣ２五 六,1500,ダ,左,良,晴,9,8,8,カイジンビリーヴ,牡,7,56.0,507,-8,高橋哲,入口由,,9,1:40.7,40.2,8-9-9-9,9,507,-8
2025/07/23,浦和,9,盛夏特別３歳一,1500,ダ,左,良,晴,9,4,4,ビナハイフォン,牝,3,54.0,486,4,岡村健,酒井一,,1,1:37.3,38.6,3-4-5-4,7,486,4
2025/07/23,浦和,9,盛夏特別３歳一,1500,ダ,左,良,晴,9,6,6,ノッテストラータ,牝,3,54.0,451,-1,笹川翼,久保勇,,2,1:37.4,39.1,1-1-1-1,3,451,-1
2025/07/23,浦和,9,盛夏特別３歳一,1500,ダ,左,良,晴,9,8,8,エステティーカ,牡,3,56.0,484,-1,保園翔,野口寛,,3,1:37.6,38.9,4-5-4-5,1,484,-1
2025/07/23,浦和,9,盛夏特別３歳一,1500,ダ,左,良,晴,9,7,7,フリューゲルクー,牡,3,56.0,441,3,野畑凌,小久智,,4,1:37.6,39.2,2-2-2-2,2,441,3
2025/07/23,浦和,9,盛夏特別３歳一,1500,ダ,左,良,晴,9,3,3,ラブリーモンスター,牡,3,56.0,472,-2,見越彬,川島豊,,5,1:37.6,38.6,5-7-7-6,5,472,-2
2025/07/23,浦和,9,盛夏特別３歳一,1500,ダ,左,良,晴,9,2,2,ワンダーリーグ,牡,3,56.0,490,3,赤津和,鈴木勝,,6,1:37.8,39.4,7-3-3-3,9,490,3
2025/07/23,浦和,9,盛夏特別３歳一,1500,ダ,左,良,晴,9,5,5,シバノエスコドール,セ,0,56.0,469,3,室陽一,宇野博,,7,1:38.5,39.2,8-9-9-7,8,469,3
2025/07/23,浦和,9,盛夏特別３歳一,1500,ダ,左,良,晴,9,1,1,ティナバローズ,牝,3,54.0,485,-4,町田直,繁田健,,8,1:38.8,39.8,9-8-6-8,4,485,-4
2025/07/23,浦和,9,盛夏特別３歳一,1500,ダ,左,良,晴,9,8,9,タカイチフリオーソ,牝,3,54.0,449,10,吉留孝,薮口一,,9,1:39.1,40.1,6-6-8-9,6,449,10
2025/07/23,浦和,10,夕凪特別Ｃ１選抜馬ア,800,ダ,左,良,晴,11,8,11,ミスサン,牝,4,54.0,452,-1,野畑凌,佐藤博,,1,0:47.6,35.6,2-1,4,452,-1
2025/07/23,浦和,10,夕凪特別Ｃ１選抜馬ア,800,ダ,左,良,晴,11,2,2,ジェネシスミザール,セ,0,56.0,473,7,木間龍,伊藤滋,,2,0:48.0,35.7,3-3,7,473,7
2025/07/23,浦和,10,夕凪特別Ｃ１選抜馬ア,800,ダ,左,良,晴,11,7,9,ウルトラワールド,牡,5,56.0,462,5,福原杏,鹿沼和,,3,0:48.1,35.6,4-5,5,462,5
2025/07/23,浦和,10,夕凪特別Ｃ１選抜馬ア,800,ダ,左,良,晴,11,8,10,サノノレインボー,牝,4,54.0,460,-2,見越彬,川島豊,,4,0:48.2,36.2,1-2,8,460,-2
2025/07/23,浦和,10,夕凪特別Ｃ１選抜馬ア,800,ダ,左,良,晴,11,7,8,エーティースピカ,牝,5,54.0,520,-1,張田昂,宇野博,,5,0:48.2,35.7,5-4,3,520,-1
2025/07/23,浦和,10,夕凪特別Ｃ１選抜馬ア,800,ダ,左,良,晴,11,1,1,ラエティティア,牝,4,54.0,475,1,小杉亮,矢野義,,6,0:48.4,35.5,8-8,6,475,1
2025/07/23,浦和,10,夕凪特別Ｃ１選抜馬ア,800,ダ,左,良,晴,11,3,3,ヴェルデヴェント,牝,6,54.0,465,5,藤原幹,大津剛,,7,0:48.6,34.9,11-10,9,465,5
2025/07/23,浦和,10,夕凪特別Ｃ１選抜馬ア,800,ダ,左,良,晴,11,6,6,ニシノクラウディア,牝,5,54.0,473,3,笹川翼,小澤宏,,8,0:48.6,36.1,6-7,2,473,3
2025/07/23,浦和,10,夕凪特別Ｃ１選抜馬ア,800,ダ,左,良,晴,11,4,4,ゴールドサイカ,牝,3,53.0,450,4,増田充,岩本洋,,9,0:48.9,36.4,7-6,10,450,4
2025/07/23,浦和,10,夕凪特別Ｃ１選抜馬ア,800,ダ,左,良,晴,11,6,7,マサハヤアン,牝,8,54.0,468,-3,保園翔,野口孝,,10,0:49.0,36.0,9-9,11,468,-3
2025/07/23,浦和,10,夕凪特別Ｃ１選抜馬ア,800,ダ,左,良,晴,11,5,5,クラッチタイム,牝,4,54.0,463,1,仲野光,岩崎真,,11,0:49.3,35.9,10-11,1,463,1
2025/07/23,浦和,11,’２５トワイライトカップ３上オープン,1400,ダ,左,良,晴,7,7,7,ポリゴンウェイヴ,牡,5,57.0,512,-3,山中悠,小久智,,1,1:26.5,38.3,1-1-1-1,3,512,-3
2025/07/23,浦和,11,’２５トワイライトカップ３上オープン,1400,ダ,左,良,晴,7,4,4,ロードグラディオ,牡,9,57.0,498,-16,御神訓,村上頼,,2,1:26.7,38.3,2-2-2-1,1,498,-16
2025/07/23,浦和,11,’２５トワイライトカップ３上オープン,1400,ダ,左,良,晴,7,3,3,シーサーペント,牡,5,57.0,489,-1,笹川翼,小久智,,3,1:26.8,38.1,4-3-3-3,2,489,-1
2025/07/23,浦和,11,’２５トワイライトカップ３上オープン,1400,ダ,左,良,晴,7,1,1,サヨノグローリー,牡,7,57.0,485,-7,岡村健,工藤伸,,4,1:27.7,38.4,5-6-5-4,4,485,-7
2025/07/23,浦和,11,’２５トワイライトカップ３上オープン,1400,ダ,左,良,晴,7,6,6,アイゴールド,牝,5,53.0,501,4,西啓太,鹿沼和,,5,1:27.8,37.6,7-7-7-5,7,501,4
2025/07/23,浦和,11,’２５トワイライトカップ３上オープン,1400,ダ,左,良,晴,7,2,2,セルフメイド,牡,7,55.0,511,1,木間龍,矢野義,,6,1:29.1,39.7,6-5-6-7,6,511,1
2025/07/23,浦和,11,’２５トワイライトカップ３上オープン,1400,ダ,左,良,晴,7,5,5,ベストマッチョ,セ,0,57.0,492,-8,本田重,佐々仁,,7,1:31.1,42.1,3-4-4-6,5,492,-8
2025/07/23,浦和,12,夏の宵特別Ｂ２Ｂ３選抜馬,2000,ダ,左,良,晴,11,6,7,リュウノアン,牝,6,53.0,472,3,保園翔,野口寛,,1,2:10.4,40.3,1-1-1-1,3,472,3
2025/07/23,浦和,12,夏の宵特別Ｂ２Ｂ３選抜馬,2000,ダ,左,良,晴,11,1,1,シャンボール,牡,5,57.0,485,-12,藤本現,高野毅,,2,2:11.0,40.4,3-3-2-2,2,485,-12
2025/07/23,浦和,12,夏の宵特別Ｂ２Ｂ３選抜馬,2000,ダ,左,良,晴,11,6,6,ベルガラス,牡,4,55.0,471,0,岡村健,齊藤敏,,3,2:11.4,38.6,11-11-10-8,9,471,0
2025/07/23,浦和,12,夏の宵特別Ｂ２Ｂ３選抜馬,2000,ダ,左,良,晴,11,2,2,ロイヤルザップ,牡,6,57.0,498,2,半澤慶,宇野博,,4,2:11.5,40.6,5-5-6-5,7,498,2
2025/07/23,浦和,12,夏の宵特別Ｂ２Ｂ３選抜馬,2000,ダ,左,良,晴,11,5,5,エーヴベリー,牝,5,55.0,497,3,吉留孝,平山真,,5,2:11.9,40.3,9-9-9-7,11,497,3
2025/07/23,浦和,12,夏の宵特別Ｂ２Ｂ３選抜馬,2000,ダ,左,良,晴,11,8,11,ダートレイジング,牡,5,55.0,496,-1,藤原幹,加藤誠,,6,2:12.4,41.2,8-7-7-9,4,496,-1
2025/07/23,浦和,12,夏の宵特別Ｂ２Ｂ３選抜馬,2000,ダ,左,良,晴,11,3,3,アルメールヴェント,牡,3,51.0,450,1,加藤雄,河津裕,,7,2:12.6,41.8,7-6-3-4,8,450,1
2025/07/23,浦和,12,夏の宵特別Ｂ２Ｂ３選抜馬,2000,ダ,左,良,晴,11,4,4,ダンディジャック,牡,6,57.0,504,-4,山中悠,川村守,,8,2:12.7,42.1,2-2-5-6,5,504,-4
2025/07/23,浦和,12,夏の宵特別Ｂ２Ｂ３選抜馬,2000,ダ,左,良,晴,11,7,9,ロックフレイバー,牡,5,55.0,489,4,笹川翼,繁田健,,9,2:12.7,41.9,4-4-4-3,1,489,4
2025/07/23,浦和,12,夏の宵特別Ｂ２Ｂ３選抜馬,2000,ダ,左,良,晴,11,7,8,アルバスドラコ,セ,0,55.0,479,-1,福原杏,水野貴,,10,2:12.7,39.7,10-10-11-11,10,479,-1
2025/07/23,浦和,12,夏の宵特別Ｂ２Ｂ３選抜馬,2000,ダ,左,良,晴,11,8,10,ヒロシゲジャック,牡,6,57.0,524,-1,菅原涼,山中尊,,11,2:12.7,41.4,6-8-8-10,6,524,-1
2025/07/24,浦和,1,浦和８００ラウンドＣ３選抜馬ウ,800,ダ,左,良,晴,10,2,2,スーパーサイクル,牡,6,56.0,478,2,山中悠,繁田健,,1,0:47.9,35.5,1-1,1,478,2
2025/07/24,浦和,1,浦和８００ラウンドＣ３選抜馬ウ,800,ダ,左,良,晴,10,1,1,ゴールドボード,牝,6,54.0,515,1,保園翔,箕輪武,,2,0:48.5,35.5,5-3,3,515,1
2025/07/24,浦和,1,浦和８００ラウンドＣ３選抜馬ウ,800,ダ,左,良,晴,10,7,8,ブルーグリッター,セ,0,56.0,449,4,木間龍,大津剛,,3,0:48.6,36.1,2-2,2,449,4
2025/07/24,浦和,1,浦和８００ラウンドＣ３選抜馬ウ,800,ダ,左,良,晴,10,6,6,マダムファンタジア,牝,4,54.0,473,3,室陽一,川村守,,4,0:48.9,36.0,3-4,5,473,3
2025/07/24,浦和,1,浦和８００ラウンドＣ３選抜馬ウ,800,ダ,左,良,晴,10,4,4,ブライトソール,牡,6,56.0,444,-2,吉留孝,薮口一,,5,0:49.4,36.5,4-5,8,444,-2
2025/07/24,浦和,1,浦和８００ラウンドＣ３選抜馬ウ,800,ダ,左,良,晴,10,7,7,アンタゴニスタ,牡,6,56.0,491,9,藤江渉,工藤伸,,6,0:49.9,36.5,8-7,6,491,9
2025/07/24,浦和,1,浦和８００ラウンドＣ３選抜馬ウ,800,ダ,左,良,晴,10,5,5,クリプリンセス,牝,5,54.0,419,-3,國分祐,冨田敏,,7,0:50.1,36.5,9-9,10,419,-3
2025/07/24,浦和,1,浦和８００ラウンドＣ３選抜馬ウ,800,ダ,左,良,晴,10,8,10,スマートドラフト,牝,6,54.0,438,2,赤津和,鈴木勝,,8,0:50.2,37.2,6-6,8,438,2
2025/07/24,浦和,1,浦和８００ラウンドＣ３選抜馬ウ,800,ダ,左,良,晴,10,3,3,カナデル,牝,5,54.0,491,0,七夕裕,酒井一,,9,0:50.4,37.1,7-8,7,491,0
2025/07/24,浦和,1,浦和８００ラウンドＣ３選抜馬ウ,800,ダ,左,良,晴,10,8,9,トリニタリアニズム,牡,7,56.0,505,-6,野畑凌,野口孝,,10,0:50.7,37.1,10-10,4,505,-6
2025/07/24,浦和,2,浦和８００ラウンドＣ３選抜馬イ,800,ダ,左,良,晴,11,1,1,アースメロディ,牝,4,54.0,504,-6,七夕裕,箕輪武,,1,0:47.7,35.9,1-1,4,504,-6
2025/07/24,浦和,2,浦和８００ラウンドＣ３選抜馬イ,800,ダ,左,良,晴,11,7,9,カラドボルグ,牡,7,53.0,501,-4,中山遥,吉田正,,2,0:47.9,36.1,2-2,1,501,-4
2025/07/24,浦和,2,浦和８００ラウンドＣ３選抜馬イ,800,ダ,左,良,晴,11,8,11,ダイエービルベリー,牝,7,54.0,496,-3,矢野貴,酒井一,,3,0:48.4,36.3,4-3,2,496,-3
2025/07/24,浦和,2,浦和８００ラウンドＣ３選抜馬イ,800,ダ,左,良,晴,11,4,4,ロングビーチ,牝,4,54.0,407,-1,笹川翼,藤原智,,4,0:48.5,36.3,5-4,3,407,-1
2025/07/24,浦和,2,浦和８００ラウンドＣ３選抜馬イ,800,ダ,左,良,晴,11,8,10,リュウノアーダーン,牝,7,54.0,436,-3,篠谷葵,川村守,,5,0:48.5,36.0,7-5,6,436,-3
2025/07/24,浦和,2,浦和８００ラウンドＣ３選抜馬イ,800,ダ,左,良,晴,11,3,3,シャコンヌ,セ,0,56.0,459,9,半澤慶,宇野博,,6,0:49.0,36.3,8-6,9,459,9
2025/07/24,浦和,2,浦和８００ラウンドＣ３選抜馬イ,800,ダ,左,良,晴,11,6,7,ピノモラーン,牡,7,56.0,485,-4,達城龍,野口孝,,7,0:49.2,36.3,10-9,10,485,-4
2025/07/24,浦和,2,浦和８００ラウンドＣ３選抜馬イ,800,ダ,左,良,晴,11,6,6,シンキングセンティ,牝,6,54.0,465,-4,吉留孝,川村守,,8,0:50.0,37.7,6-8,5,465,-4
2025/07/24,浦和,2,浦和８００ラウンドＣ３選抜馬イ,800,ダ,左,良,晴,11,5,5,アカルイスモウブ,牝,6,54.0,421,7,岡田大,冨田敏,,9,0:50.0,38.2,3-7,8,421,7
2025/07/24,浦和,2,浦和８００ラウンドＣ３選抜馬イ,800,ダ,左,良,晴,11,7,8,ニシノサイエン,牝,4,53.0,466,-8,佐野遥,渋谷博,,10,0:50.2,37.3,9-11,7,466,-8
2025/07/24,浦和,2,浦和８００ラウンドＣ３選抜馬イ,800,ダ,左,良,晴,11,2,2,ゲットデザイアー,牝,6,54.0,480,6,山中悠,川村守,,11,0:50.2,37.3,11-10,11,480,6
2025/07/24,浦和,3,３歳八,1300,ダ,左,良,晴,9,1,1,レインボーグラン,牝,3,51.0,417,-7,中山遥,酒井一,,1,1:25.0,40.1,4-4-4-3,4,417,-7
2025/07/24,浦和,3,３歳八,1300,ダ,左,良,晴,9,8,9,キョウエイサマンサ,牝,3,54.0,461,-5,室陽一,小澤宏,,2,1:25.2,40.6,3-3-3-4,2,461,-5
2025/07/24,浦和,3,３歳八,1300,ダ,左,良,晴,9,8,8,クレイジーホース,セ,0,56.0,483,3,仲野光,長谷忍,,3,1:25.9,42.1,1-1-2-1,1,483,3
2025/07/24,浦和,3,３歳八,1300,ダ,左,良,晴,9,4,4,ベビーヴァギー,牝,3,54.0,402,-7,保園翔,野口寛,,4,1:26.1,38.7,7-7-5-5,3,402,-7
2025/07/24,浦和,3,３歳八,1300,ダ,左,良,晴,9,6,6,ハーシュミストレス,牝,3,54.0,441,-2,七夕裕,酒井一,,5,1:27.2,40.0,8-6-7-6,7,441,-2
2025/07/24,浦和,3,３歳八,1300,ダ,左,良,晴,9,7,7,クリナデシコ,牝,3,54.0,451,-8,國分祐,冨田敏,,6,1:27.4,40.3,6-5-6-7,9,451,-8
2025/07/24,浦和,3,３歳八,1300,ダ,左,良,晴,9,2,2,ゴールドアメリカン,牡,3,56.0,459,-3,高橋哲,野口孝,,7,1:27.5,40.0,9-9-8-8,6,459,-3
2025/07/24,浦和,3,３歳八,1300,ダ,左,良,晴,9,5,5,ユカナミオビーム,牝,3,54.0,460,-12,福原杏,平山真,,8,1:28.5,44.7,2-2-1-2,5,460,-12
2025/07/24,浦和,3,３歳八,1300,ダ,左,良,晴,9,3,3,フリューゲルヒスイ,牡,3,56.0,470,24,見越彬,水上直,,,,,5-8-9,8,470,24
2025/07/24,浦和,4,３歳七,1400,ダ,左,良,晴,8,7,7,オーサムシャドウ,牝,3,54.0,439,1,笹川翼,箕輪武,,1,1:29.4,39.2,1-1-1-1,1,439,1
2025/07/24,浦和,4,３歳七,1400,ダ,左,良,晴,8,8,8,パワーオブザキング,セ,0,56.0,467,0,見越彬,鹿沼和,,2,1:30.5,40.2,2-2-2-2,2,467,0
2025/07/24,浦和,4,３歳七,1400,ダ,左,良,晴,8,4,4,リーヴルパラダイス,牝,3,54.0,418,4,西啓太,田中力,,3,1:31.6,40.1,6-6-5-4,6,418,4
2025/07/24,浦和,4,３歳七,1400,ダ,左,良,晴,8,6,6,イエスユイキャン,牝,3,54.0,424,6,岡田大,薮口一,,4,1:31.7,40.5,5-4-4-3,5,424,6
2025/07/24,浦和,4,３歳七,1400,ダ,左,良,晴,8,5,5,メラ,牝,3,54.0,545,4,加藤和,長谷忍,,5,1:32.6,41.1,4-5-6-6,4,545,4
2025/07/24,浦和,4,３歳七,1400,ダ,左,良,晴,8,3,3,デンデラリュウバ,牝,3,54.0,501,21,山中悠,小久智,,6,1:32.9,42.0,3-3-3-5,3,501,21
2025/07/24,浦和,4,３歳七,1400,ダ,左,良,晴,8,1,1,ジャックルージュ,牡,3,56.0,447,0,保園翔,川村守,,7,1:33.7,41.6,7-8-7-7,7,447,0
2025/07/24,浦和,4,３歳七,1400,ダ,左,良,晴,8,2,2,ヒロノカッター,牡,3,56.0,487,5,赤津和,薮口一,,8,1:33.8,41.4,8-7-8-8,8,487,5
2025/07/24,浦和,5,南区ヒマワリ賞Ｃ１五 六,1500,ダ,左,良,晴,6,3,3,グーフドリファール,牝,3,53.0,400,-4,野畑凌,小久智,,1,1:35.8,39.4,1-1-1-1,2,400,-4
2025/07/24,浦和,5,南区ヒマワリ賞Ｃ１五 六,1500,ダ,左,良,晴,6,6,6,スマイルスライヴ,セ,0,56.0,475,0,半澤慶,宇野博,,2,1:37.0,40.6,2-2-2-2,1,475,0
2025/07/24,浦和,5,南区ヒマワリ賞Ｃ１五 六,1500,ダ,左,良,晴,6,4,4,アイミーハイティー,牝,6,54.0,505,16,見越彬,水上直,,3,1:37.1,39.3,3-3-3-3,3,505,16
2025/07/24,浦和,5,南区ヒマワリ賞Ｃ１五 六,1500,ダ,左,良,晴,6,5,5,モーニングタンポポ,牝,3,53.0,434,4,菅原涼,箕輪武,,4,1:37.7,39.7,5-4-4-4,4,434,4
2025/07/24,浦和,5,南区ヒマワリ賞Ｃ１五 六,1500,ダ,左,良,晴,6,2,2,レオズソーダライト,牝,9,54.0,473,10,室陽一,海馬司,,5,1:38.1,39.7,6-6-5-5,6,473,10
2025/07/24,浦和,5,南区ヒマワリ賞Ｃ１五 六,1500,ダ,左,良,晴,6,1,1,ニシノウール,牡,5,53.0,472,6,中山遥,冨田敏,,6,1:38.9,40.5,4-5-6-6,5,472,6
2025/07/24,浦和,6,Ｊ認 新選特別２歳一,1500,ダ,左,良,晴,8,7,7,アムールピスケス,牡,2,54.0,424,-7,張田昂,稲益貴,,1,1:37.7,40.1,3-3-2-1,1,424,-7
2025/07/24,浦和,6,Ｊ認 新選特別２歳一,1500,ダ,左,良,晴,8,8,8,ユウユウシロパン,牝,2,54.0,444,-4,七夕裕,工藤伸,,2,1:38.9,40.2,6-7-7-4,7,444,-4
2025/07/24,浦和,6,Ｊ認 新選特別２歳一,1500,ダ,左,良,晴,8,2,2,ネイビーシンデレラ,牝,2,54.0,462,-5,矢野貴,鹿沼和,,3,1:39.1,41.2,4-4-4-3,2,462,-5
2025/07/24,浦和,6,Ｊ認 新選特別２歳一,1500,ダ,左,良,晴,8,5,5,ユウユウコルネット,牝,2,54.0,406,-4,福原杏,横山保,,4,1:39.2,41.6,2-2-3-2,8,406,-4
2025/07/24,浦和,6,Ｊ認 新選特別２歳一,1500,ダ,左,良,晴,8,6,6,レモンドロップ,牝,2,54.0,437,-1,半澤慶,吉田正,,5,1:41.9,43.6,7-6-5-5,6,437,-1
2025/07/24,浦和,6,Ｊ認 新選特別２歳一,1500,ダ,左,良,晴,8,4,4,パレットフレイバー,牝,2,54.0,463,-8,笹川翼,繁田健,,6,1:42.7,44.4,5-5-6-6,3,463,-8
2025/07/24,浦和,6,Ｊ認 新選特別２歳一,1500,ダ,左,良,晴,8,1,1,ニンゲンテイイナ,牡,2,54.0,508,1,室陽一,宇野博,,7,1:42.8,43.8,8-8-8-7,5,508,1
2025/07/24,浦和,6,Ｊ認 新選特別２歳一,1500,ダ,左,良,晴,8,3,3,ユウユウブロート,牝,2,54.0,425,-9,野畑凌,工藤伸,,,,,1-1-1,4,425,-9
2025/07/24,浦和,7,Ｃ２七,1400,ダ,左,良,晴,11,5,5,メイショウベニバナ,牝,5,54.0,462,13,菅原涼,長谷忍,,1,1:30.0,40.0,1-1-1-1,4,462,13
2025/07/24,浦和,7,Ｃ２七,1400,ダ,左,良,晴,11,8,11,リッキオ,牡,6,56.0,472,-11,吉留孝,薮口一,,2,1:30.4,39.3,7-7-5-4,2,472,-11
2025/07/24,浦和,7,Ｃ２七,1400,ダ,左,良,晴,11,7,8,キアラボヌール,牝,4,51.0,410,0,加藤雄,田島寿,,3,1:30.4,39.2,6-6-7-5,8,410,0
2025/07/24,浦和,7,Ｃ２七,1400,ダ,左,良,晴,11,8,10,ロトカグラ,牡,4,56.0,486,-5,櫻井光,水野貴,,4,1:30.9,40.9,2-2-2-2,7,486,-5
2025/07/24,浦和,7,Ｃ２七,1400,ダ,左,良,晴,11,4,4,ヘヴンズクライ,牡,4,56.0,426,2,篠谷葵,藤原智,,5,1:31.3,39.7,9-9-9-8,6,426,2
2025/07/24,浦和,7,Ｃ２七,1400,ダ,左,良,晴,11,6,7,シュンレツ,牡,4,56.0,461,2,増田充,加藤誠,,6,1:31.3,39.9,10-8-7-6,11,461,2
2025/07/24,浦和,7,Ｃ２七,1400,ダ,左,良,晴,11,6,6,ニシノミモザ,牝,4,54.0,448,-2,福原杏,吉田正,,7,1:31.4,40.9,4-3-3-3,5,448,-2
2025/07/24,浦和,7,Ｃ２七,1400,ダ,左,良,晴,11,3,3,トキノジーク,牡,4,56.0,486,0,小杉亮,矢内博,,8,1:31.7,39.5,8-10-10-10,9,486,0
2025/07/24,浦和,7,Ｃ２七,1400,ダ,左,良,晴,11,1,1,リアリータイト,牝,4,54.0,467,-16,赤津和,箕輪武,,9,1:31.9,41.0,3-4-6-9,3,467,-16
2025/07/24,浦和,7,Ｃ２七,1400,ダ,左,良,晴,11,2,2,リュウノリエゾン,牝,4,54.0,408,-9,見越彬,鹿沼和,,10,1:32.0,39.4,11-11-11-11,10,408,-9
2025/07/24,浦和,7,Ｃ２七,1400,ダ,左,良,晴,11,7,9,ジェノバフレイバー,牡,6,56.0,481,-1,保園翔,繁田健,,11,1:32.6,42.1,5-5-4-7,1,481,-1
2025/07/24,浦和,8,浦和エイトチャレンジＣ１五 六,1400,ダ,左,良,晴,9,2,2,クマノコ,牝,3,53.0,455,1,張田昂,宇野博,,1,1:29.4,39.6,2-2-2-1,2,455,1
2025/07/24,浦和,8,浦和エイトチャレンジＣ１五 六,1400,ダ,左,良,晴,9,8,9,ゴーダンシング,牝,4,54.0,474,-5,岡村健,平山真,,2,1:29.7,39.6,6-4-3-3,4,474,-5
2025/07/24,浦和,8,浦和エイトチャレンジＣ１五 六,1400,ダ,左,良,晴,9,8,8,アマモト,牡,4,56.0,484,10,矢野貴,水野貴,,3,1:30.5,39.4,9-9-8-6,3,484,10
2025/07/24,浦和,8,浦和エイトチャレンジＣ１五 六,1400,ダ,左,良,晴,9,3,3,ライヴラジアン,牝,3,53.0,462,10,見越彬,川島豊,,4,1:30.5,40.9,1-1-1-2,5,462,10
2025/07/24,浦和,8,浦和エイトチャレンジＣ１五 六,1400,ダ,左,良,晴,9,5,5,ラグーンプリンセス,牝,4,54.0,453,10,藤本現,箕輪武,,5,1:30.6,39.8,7-7-7-7,9,453,10
2025/07/24,浦和,8,浦和エイトチャレンジＣ１五 六,1400,ダ,左,良,晴,9,7,7,トラストガーベラ,牝,4,54.0,443,2,池谷匠,吉橋淳,,6,1:31.0,39.7,8-8-9-8,8,443,2
2025/07/24,浦和,8,浦和エイトチャレンジＣ１五 六,1400,ダ,左,良,晴,9,1,1,ピュアアメリカン,牝,5,54.0,470,2,福原杏,小澤宏,,7,1:31.0,40.9,3-3-4-4,1,470,2
2025/07/24,浦和,8,浦和エイトチャレンジＣ１五 六,1400,ダ,左,良,晴,9,4,4,ユウユウプルニーマ,牝,4,54.0,438,-13,赤津和,横山保,,8,1:31.4,40.9,5-5-5-5,7,438,-13
2025/07/24,浦和,8,浦和エイトチャレンジＣ１五 六,1400,ダ,左,良,晴,9,6,6,アイスノート,牝,4,51.0,483,8,中山遥,小久智,,9,1:32.6,42.0,4-6-6-9,6,483,8
2025/07/24,浦和,9,Ｊ交 ツインベスト特別３歳Ｃ１級馬未格付,1400,ダ,左,良,晴,12,4,4,ゴールドシャーク,牝,3,54.0,461,-9,大野拓,水野貴,,1,1:28.7,38.4,1-1-1-1,3,461,-9
2025/07/24,浦和,9,Ｊ交 ツインベスト特別３歳Ｃ１級馬未格付,1400,ダ,左,良,晴,12,5,5,インピッシュ,牝,3,54.0,458,-4,本田重,小林也,,2,1:29.5,38.1,11-11-10-6,1,458,-4
2025/07/24,浦和,9,Ｊ交 ツインベスト特別３歳Ｃ１級馬未格付,1400,ダ,左,良,晴,12,5,6,トーケンクミー,牝,3,54.0,431,10,福原杏,小澤宏,,3,1:29.5,39.0,4-4-3-2,7,431,10
2025/07/24,浦和,9,Ｊ交 ツインベスト特別３歳Ｃ１級馬未格付,1400,ダ,左,良,晴,12,2,2,ヨルノチョウ,牝,3,54.0,470,14,張田昂,平山真,,4,1:29.9,38.9,9-8-5-4,10,470,14
2025/07/24,浦和,9,Ｊ交 ツインベスト特別３歳Ｃ１級馬未格付,1400,ダ,左,良,晴,12,6,8,ルリモンハナバチ,牝,3,54.0,441,-9,菅原隆,小手準,,5,1:30.0,39.0,6-6-8-5,6,441,-9
2025/07/24,浦和,9,Ｊ交 ツインベスト特別３歳Ｃ１級馬未格付,1400,ダ,左,良,晴,12,7,10,ビートウマザンマイ,牝,3,51.0,415,-9,石田拓,和田勇,,6,1:30.4,38.9,8-10-11-10,9,415,-9
2025/07/24,浦和,9,Ｊ交 ツインベスト特別３歳Ｃ１級馬未格付,1400,ダ,左,良,晴,12,8,11,ミヅルーラー,牝,3,54.0,474,5,岡村健,酒井一,,7,1:30.5,40.2,2-2-2-3,8,474,5
2025/07/24,浦和,9,Ｊ交 ツインベスト特別３歳Ｃ１級馬未格付,1400,ダ,左,良,晴,12,6,7,トリュフチョコ,牝,3,54.0,440,2,矢野貴,林　徹,,8,1:30.8,39.8,10-9-7-8,4,440,2
2025/07/24,浦和,9,Ｊ交 ツインベスト特別３歳Ｃ１級馬未格付,1400,ダ,左,良,晴,12,8,12,ティーズリンク,牝,3,54.0,446,-1,高橋哲,水野貴,,9,1:31.3,40.9,3-3-4-7,12,446,-1
2025/07/24,浦和,9,Ｊ交 ツインベスト特別３歳Ｃ１級馬未格付,1400,ダ,左,良,晴,12,1,1,ラグーンリバティ,牝,3,54.0,432,0,山中悠,箕輪武,,10,1:31.9,40.4,5-7-12-11,11,432,0
2025/07/24,浦和,9,Ｊ交 ツインベスト特別３歳Ｃ１級馬未格付,1400,ダ,左,良,晴,12,7,9,トーセンペネロペ,牝,3,54.0,463,-4,室陽一,小久智,,11,1:32.0,41.2,7-5-6-9,2,463,-4
2025/07/24,浦和,9,Ｊ交 ツインベスト特別３歳Ｃ１級馬未格付,1400,ダ,左,良,晴,12,3,3,トウシンミール,牝,3,54.0,499,3,笹川翼,杉山晴,,,,,12-12-9-12,5,499,3
2025/07/24,浦和,10,夏木立特別Ｃ２選抜馬イ,2000,ダ,左,良,晴,9,4,4,シャトルトウショウ,牝,4,54.0,489,-2,福原杏,秋山直,,1,2:10.8,39.3,1-1-1-1,2,489,-2
2025/07/24,浦和,10,夏木立特別Ｃ２選抜馬イ,2000,ダ,左,良,晴,9,1,1,ダイヤクリスタル,牝,4,54.0,422,4,加藤和,入口由,,2,2:12.3,40.1,3-4-3-3,8,422,4
2025/07/24,浦和,10,夏木立特別Ｃ２選抜馬イ,2000,ダ,左,良,晴,9,7,7,ノクターナル,牝,4,54.0,457,-3,本田重,水野貴,,3,2:12.4,40.4,2-2-2-2,1,457,-3
2025/07/24,浦和,10,夏木立特別Ｃ２選抜馬イ,2000,ダ,左,良,晴,9,5,5,エイシンヘーメラー,牝,5,51.0,413,-6,中山遥,入口由,,4,2:12.9,40.0,6-5-5-4,5,413,-6
2025/07/24,浦和,10,夏木立特別Ｃ２選抜馬イ,2000,ダ,左,良,晴,9,3,3,スマイルポピー,牝,5,54.0,490,1,張田昂,小澤宏,,5,2:13.4,40.2,8-7-7-5,4,490,1
2025/07/24,浦和,10,夏木立特別Ｃ２選抜馬イ,2000,ダ,左,良,晴,9,8,9,リュウノアラス,牡,4,56.0,508,11,小杉亮,川村守,,6,2:14.0,41.6,4-3-4-6,7,508,11
2025/07/24,浦和,10,夏木立特別Ｃ２選抜馬イ,2000,ダ,左,良,晴,9,8,8,セイウンコチョウ,牝,6,54.0,406,3,國分祐,冨田敏,,7,2:15.0,41.8,7-8-6-7,9,406,3
2025/07/24,浦和,10,夏木立特別Ｃ２選抜馬イ,2000,ダ,左,良,晴,9,2,2,エクステンシヴリー,牡,4,56.0,541,11,本橋孝,工藤伸,,8,2:15.0,40.4,9-9-9-8,6,541,11
2025/07/24,浦和,10,夏木立特別Ｃ２選抜馬イ,2000,ダ,左,良,晴,9,6,6,スーパーキング,牡,4,56.0,518,10,室陽一,宇野博,,9,2:16.5,43.3,5-6-8-9,3,518,10
2025/07/24,浦和,11,晩涼特別Ｂ３三Ｃ１一,1500,ダ,左,良,晴,10,4,4,トーセンジェミニ,牝,5,55.0,436,-4,笹川翼,小久智,,1,1:35.4,37.9,1-1-1-1,2,436,-4
2025/07/24,浦和,11,晩涼特別Ｂ３三Ｃ１一,1500,ダ,左,良,晴,10,7,7,ファストレーン,牡,4,55.0,483,1,本田重,水野貴,,2,1:35.8,38.2,2-2-2-2,1,483,1
2025/07/24,浦和,11,晩涼特別Ｂ３三Ｃ１一,1500,ダ,左,良,晴,10,1,1,マスクドサムライ,牡,6,55.0,477,-8,篠谷葵,藤原智,,3,1:36.2,38.3,4-5-3-3,5,477,-8
2025/07/24,浦和,11,晩涼特別Ｂ３三Ｃ１一,1500,ダ,左,良,晴,10,3,3,ダイバオーソ,牡,7,57.0,468,-6,藤江渉,箕輪武,,4,1:36.6,38.4,6-6-5-5,8,468,-6
2025/07/24,浦和,11,晩涼特別Ｂ３三Ｃ１一,1500,ダ,左,良,晴,10,2,2,ラブアンドハピネス,牝,4,53.0,434,6,半澤慶,平山真,,5,1:36.7,38.5,9-8-6-6,3,434,6
2025/07/24,浦和,11,晩涼特別Ｂ３三Ｃ１一,1500,ダ,左,良,晴,10,8,10,レッドロムルス,牡,7,55.0,462,1,張田昂,新井清,,6,1:36.7,38.8,5-4-3-4,6,462,1
2025/07/24,浦和,11,晩涼特別Ｂ３三Ｃ１一,1500,ダ,左,良,晴,10,7,8,ジュンフカリ,牡,5,55.0,468,-12,加藤和,薮口一,,7,1:37.1,38.5,8-9-8-7,7,468,-12
2025/07/24,浦和,11,晩涼特別Ｂ３三Ｃ１一,1500,ダ,左,良,晴,10,5,5,ステラシティ,牝,4,52.0,480,-1,中山遥,吉田正,,8,1:38.3,39.9,7-7-9-8,4,480,-1
2025/07/24,浦和,11,晩涼特別Ｂ３三Ｃ１一,1500,ダ,左,良,晴,10,8,9,アニモ,牝,4,53.0,422,0,七夕裕,川島豊,,9,1:39.5,40.1,10-10-10-10,10,422,0
2025/07/24,浦和,11,晩涼特別Ｂ３三Ｃ１一,1500,ダ,左,良,晴,10,6,6,ライヴガーネット,牝,6,50.0,474,-3,加藤雄,工藤伸,,10,1:40.1,42.2,3-3-7-9,9,474,-3
2025/07/24,浦和,12,夏の空特別Ｃ１Ｃ２選抜馬イ選抜馬ア,2000,ダ,左,良,晴,11,8,10,ビリーヴィン,牡,5,54.0,503,2,中山遥,藤原智,,1,2:10.6,41.2,1-1-1-1,5,503,2
2025/07/24,浦和,12,夏の空特別Ｃ１Ｃ２選抜馬イ選抜馬ア,2000,ダ,左,良,晴,11,7,8,ウインブリエ,牝,4,53.0,515,3,福原杏,平山真,,2,2:10.7,40.1,2-2-2-2,1,515,3
2025/07/24,浦和,12,夏の空特別Ｃ１Ｃ２選抜馬イ選抜馬ア,2000,ダ,左,良,晴,11,2,2,ユイノパチョレック,牡,4,55.0,494,3,岡村健,工藤伸,,3,2:11.1,39.5,4-4-3-3,2,494,3
2025/07/24,浦和,12,夏の空特別Ｃ１Ｃ２選抜馬イ選抜馬ア,2000,ダ,左,良,晴,11,3,3,ハタノラトゥール,牡,6,55.0,517,9,笠野雄,山中尊,,4,2:12.0,40.1,6-6-4-4,3,517,9
2025/07/24,浦和,12,夏の空特別Ｃ１Ｃ２選抜馬イ選抜馬ア,2000,ダ,左,良,晴,11,4,4,ココリアイランド,牡,5,57.0,459,2,本田重,工藤伸,,5,2:12.5,39.3,8-8-8-7,8,459,2
2025/07/24,浦和,12,夏の空特別Ｃ１Ｃ２選抜馬イ選抜馬ア,2000,ダ,左,良,晴,11,7,9,ファイアーサイン,牡,4,55.0,456,-5,山中悠,林　幻,,6,2:12.6,40.6,7-7-6-5,4,456,-5
2025/07/24,浦和,12,夏の空特別Ｃ１Ｃ２選抜馬イ選抜馬ア,2000,ダ,左,良,晴,11,8,11,ニシノメサイア,牝,5,53.0,456,5,笹川翼,小澤宏,,7,2:13.3,41.6,3-3-5-6,6,456,5
2025/07/24,浦和,12,夏の空特別Ｃ１Ｃ２選抜馬イ選抜馬ア,2000,ダ,左,良,晴,11,6,6,キミトユメヲカケル,牝,5,53.0,431,1,加藤和,長谷忍,,8,2:13.6,40.1,10-10-10-9,9,431,1
2025/07/24,浦和,12,夏の空特別Ｃ１Ｃ２選抜馬イ選抜馬ア,2000,ダ,左,良,晴,11,5,5,ヒシルリアン,牡,5,55.0,490,1,岡田大,川島豊,,9,2:14.2,40.9,9-9-9-8,11,490,1
2025/07/24,浦和,12,夏の空特別Ｃ１Ｃ２選抜馬イ選抜馬ア,2000,ダ,左,良,晴,11,1,1,ジオパークマグマ,牡,7,55.0,470,-7,半澤慶,川島豊,,10,2:15.2,42.8,5-5-7-10,10,470,-7
2025/07/24,浦和,12,夏の空特別Ｃ１Ｃ２選抜馬イ選抜馬ア,2000,ダ,左,良,晴,11,6,7,ポンテドラーゴ,牡,6,55.0,501,-6,藤江渉,入口由,,11,2:16.1,42.1,11-11-11-11,7,501,-6
2025/07/25,浦和,1,浦和８００ラウンド３歳未格付選抜馬イ,800,ダ,左,良,晴,10,4,4,タイトルコール,牝,3,53.0,444,10,福原杏,水野貴,,1,0:47.9,36.0,1-1,1,444,10
2025/07/25,浦和,1,浦和８００ラウンド３歳未格付選抜馬イ,800,ダ,左,良,晴,10,2,2,ミラコロヴァーグ,牡,3,55.0,462,-1,山中悠,小澤宏,,2,0:48.1,35.4,7-2,2,462,-1
2025/07/25,浦和,1,浦和８００ラウンド３歳未格付選抜馬イ,800,ダ,左,良,晴,10,8,9,ピカッティー,牝,3,53.0,487,21,保園翔,宇野博,,3,0:48.5,36.1,3-4,3,487,21
2025/07/25,浦和,1,浦和８００ラウンド３歳未格付選抜馬イ,800,ダ,左,良,晴,10,8,10,カネミツツイスト,牡,3,55.0,441,1,七夕裕,水野貴,,4,0:48.9,36.5,6-5,6,441,1
2025/07/25,浦和,1,浦和８００ラウンド３歳未格付選抜馬イ,800,ダ,左,良,晴,10,5,5,カクシンドリーム,牝,3,53.0,409,2,木間龍,酒井一,,5,0:49.0,36.6,4-3,10,409,2
2025/07/25,浦和,1,浦和８００ラウンド３歳未格付選抜馬イ,800,ダ,左,良,晴,10,7,8,マイリトルロマンス,牝,3,53.0,416,2,岡村健,平山真,,6,0:49.1,36.7,4-6,4,416,2
2025/07/25,浦和,1,浦和８００ラウンド３歳未格付選抜馬イ,800,ダ,左,良,晴,10,6,6,ポレポレ,牝,3,53.0,400,4,室陽一,酒井一,,7,0:49.3,36.7,8-7,7,400,4
2025/07/25,浦和,1,浦和８００ラウンド３歳未格付選抜馬イ,800,ダ,左,良,晴,10,3,3,カルストンオリビア,牝,3,53.0,408,6,赤津和,工藤伸,,8,0:49.8,37.0,9-8,5,408,6
2025/07/25,浦和,1,浦和８００ラウンド３歳未格付選抜馬イ,800,ダ,左,良,晴,10,7,7,ホロキキ,牝,3,53.0,433,-1,菅原涼,藤原智,,9,0:50.2,38.1,2-9,9,433,-1
2025/07/25,浦和,1,浦和８００ラウンド３歳未格付選抜馬イ,800,ダ,左,良,晴,10,1,1,リュウノコウ,牡,3,52.0,491,-3,中山遥,野口孝,,10,0:50.6,37.6,10-10,8,491,-3
2025/07/25,浦和,2,浦和８００ラウンド３歳未格付選抜馬ア,800,ダ,左,良,晴,12,6,8,ハワイアンジュエル,牡,3,57.0,478,6,西啓太,伊藤滋,,1,0:47.7,36.1,2-2,6,478,6
2025/07/25,浦和,2,浦和８００ラウンド３歳未格付選抜馬ア,800,ダ,左,良,晴,12,2,2,ラブアンドビーンズ,牝,3,51.0,481,7,中山遥,水上直,,2,0:47.9,36.2,3-3,1,481,7
2025/07/25,浦和,2,浦和８００ラウンド３歳未格付選抜馬ア,800,ダ,左,良,晴,12,5,5,キックス,牝,3,54.0,473,5,見越彬,鹿沼和,,3,0:48.1,36.5,1-1,8,473,5
2025/07/25,浦和,2,浦和８００ラウンド３歳未格付選抜馬ア,800,ダ,左,良,晴,12,7,9,マッチャンサンバ,牝,3,55.0,429,4,木間龍,矢野義,,4,0:48.5,36.4,6-4,3,429,4
2025/07/25,浦和,2,浦和８００ラウンド３歳未格付選抜馬ア,800,ダ,左,良,晴,12,7,10,アイアンピッチ,牝,3,55.0,453,2,櫻井光,佐藤博,,5,0:48.5,36.7,4-5,5,453,2
2025/07/25,浦和,2,浦和８００ラウンド３歳未格付選抜馬ア,800,ダ,左,良,晴,12,1,1,マジュツシカエル,セ,0,56.0,486,14,七夕裕,工藤伸,,6,0:48.9,36.9,5-6,9,486,14
2025/07/25,浦和,2,浦和８００ラウンド３歳未格付選抜馬ア,800,ダ,左,良,晴,12,3,3,コンサントレ,牝,3,54.0,461,-2,笹川翼,繁田健,,7,0:48.9,36.7,7-7,2,461,-2
2025/07/25,浦和,2,浦和８００ラウンド３歳未格付選抜馬ア,800,ダ,左,良,晴,12,4,4,オレイア,牝,3,54.0,382,2,保園翔,野口寛,,8,0:49.0,36.7,9-9,4,382,2
2025/07/25,浦和,2,浦和８００ラウンド３歳未格付選抜馬ア,800,ダ,左,良,晴,12,8,11,ボルドーティラミス,牝,3,53.0,454,2,佐野遥,田邊陽,,9,0:49.1,36.6,11-10,7,454,2
2025/07/25,浦和,2,浦和８００ラウンド３歳未格付選抜馬ア,800,ダ,左,良,晴,12,5,6,リバーフロント,牝,3,53.0,418,-3,菅原涼,藤原智,,10,0:49.2,36.5,10-8,11,418,-3
2025/07/25,浦和,2,浦和８００ラウンド３歳未格付選抜馬ア,800,ダ,左,良,晴,12,8,12,ビナベンチェ,牝,3,54.0,419,-7,岡村健,酒井一,,11,0:49.4,37.1,8-11,10,419,-7
2025/07/25,浦和,2,浦和８００ラウンド３歳未格付選抜馬ア,800,ダ,左,良,晴,12,6,7,ミラコロエクラ,牝,3,54.0,0,0,山中悠,小澤宏,,,,,,,0,0
2025/07/25,浦和,3,２歳三,1300,ダ,左,良,晴,9,4,4,ヴァルヴァラ,牝,2,54.0,417,-5,福原杏,平山真,,1,1:24.5,38.8,2-2-2-2,1,417,-5
2025/07/25,浦和,3,２歳三,1300,ダ,左,良,晴,9,3,3,ケンベテルギウス,牡,2,54.0,461,-8,藤本現,繁田健,,2,1:25.2,38.9,4-4-4-3,3,461,-8
2025/07/25,浦和,3,２歳三,1300,ダ,左,良,晴,9,1,1,オパールグリーン,牝,2,54.0,405,1,笹川翼,川村守,,3,1:25.3,39.7,1-1-1-1,2,405,1
2025/07/25,浦和,3,２歳三,1300,ダ,左,良,晴,9,8,9,パワーマジック,牡,2,54.0,468,-2,高橋哲,入口由,,4,1:27.0,41.0,3-3-3-4,5,468,-2
2025/07/25,浦和,3,２歳三,1300,ダ,左,良,晴,9,7,7,オソレイユ,牡,2,54.0,404,-11,新原周,野口孝,,5,1:27.1,40.7,6-6-5-6,4,404,-11
2025/07/25,浦和,3,２歳三,1300,ダ,左,良,晴,9,2,2,カシノマラカイト,牝,2,54.0,409,-4,吉留孝,鹿沼和,,6,1:27.7,41.2,7-7-6-5,7,409,-4
2025/07/25,浦和,3,２歳三,1300,ダ,左,良,晴,9,6,6,ハリッサ,牝,2,54.0,457,0,山中悠,水野貴,,7,1:28.2,40.7,8-8-8-8,6,457,0
2025/07/25,浦和,3,２歳三,1300,ダ,左,良,晴,9,5,5,スタールル,牝,2,54.0,401,1,半澤慶,川村守,,8,1:28.3,41.9,5-5-7-7,8,401,1
2025/07/25,浦和,3,２歳三,1300,ダ,左,良,晴,9,8,8,ベルベットリボン,牝,2,54.0,435,1,赤津和,酒井一,,9,1:33.6,44.5,9-9-9-9,9,435,1
2025/07/25,浦和,4,２歳二,1400,ダ,左,良,晴,8,5,5,アンジュルナ,牝,2,54.0,484,14,本橋孝,小久智,,1,1:30.7,40.2,1-1-1-1,1,484,14
2025/07/25,浦和,4,２歳二,1400,ダ,左,良,晴,8,1,1,マイアミマツリ,牡,2,54.0,452,3,西啓太,野口孝,,2,1:32.4,41.4,4-3-3-2,4,452,3
2025/07/25,浦和,4,２歳二,1400,ダ,左,良,晴,8,2,2,ウールドランジュ,牝,2,54.0,451,4,吉留孝,平山真,,3,1:34.4,42.8,7-6-6-4,3,451,4
2025/07/25,浦和,4,２歳二,1400,ダ,左,良,晴,8,6,6,バルカロール,牝,2,54.0,457,2,笹川翼,藤原智,,4,1:34.6,43.9,2-2-2-3,2,457,2
2025/07/25,浦和,4,２歳二,1400,ダ,左,良,晴,8,8,8,ヨンクン,牡,2,54.0,483,6,加藤和,長谷忍,,5,1:34.9,42.7,8-8-8-7,6,483,6
2025/07/25,浦和,4,２歳二,1400,ダ,左,良,晴,8,7,7,リュウノバモス,牝,2,54.0,464,-6,七夕裕,野口孝,,6,1:35.8,44.5,5-5-5-6,7,464,-6
2025/07/25,浦和,4,２歳二,1400,ダ,左,良,晴,8,3,3,オーデンシェル,牝,2,51.0,377,-2,中山遥,薮口一,,7,1:36.0,44.7,3-4-4-5,8,377,-2
2025/07/25,浦和,4,２歳二,1400,ダ,左,良,晴,8,4,4,スターバロン,牡,2,54.0,431,15,山中悠,小澤宏,,8,1:36.5,44.7,6-7-7-8,5,431,15
2025/07/25,浦和,5,特選Ｃ３選抜牝馬,1400,ダ,左,良,晴,13,4,5,キタサンリボン,牝,6,55.0,485,0,笹川翼,繁田健,,1,1:30.2,39.7,2-2-2-1,1,485,0
2025/07/25,浦和,5,特選Ｃ３選抜牝馬,1400,ダ,左,良,晴,13,7,11,タイプフェイス,牝,4,54.5,440,-3,本田重,水野貴,,2,1:30.8,40.0,6-5-5-3,2,440,-3
2025/07/25,浦和,5,特選Ｃ３選抜牝馬,1400,ダ,左,良,晴,13,6,9,イサチルイトムスビ,牝,4,54.5,483,0,張田昂,宇野博,,3,1:31.6,40.8,4-4-4-4,3,483,0
2025/07/25,浦和,5,特選Ｃ３選抜牝馬,1400,ダ,左,良,晴,13,5,6,メグ,牝,5,55.0,472,-2,見越彬,鹿沼和,,4,1:31.7,40.3,7-7-6-5,6,472,-2
2025/07/25,浦和,5,特選Ｃ３選抜牝馬,1400,ダ,左,良,晴,13,3,3,チェンテナリオ,牝,5,55.0,439,2,藤本現,酒井一,,5,1:32.2,40.2,10-10-9-7,8,439,2
2025/07/25,浦和,5,特選Ｃ３選抜牝馬,1400,ダ,左,良,晴,13,6,8,メイワシェリー,牝,7,54.0,447,1,岡村健,平山真,,6,1:32.5,41.9,3-3-3-6,4,447,1
2025/07/25,浦和,5,特選Ｃ３選抜牝馬,1400,ダ,左,良,晴,13,5,7,リュウノレッドアイ,牝,5,55.0,484,8,保園翔,野口寛,,7,1:32.6,39.9,11-11-11-10,5,484,8
2025/07/25,浦和,5,特選Ｃ３選抜牝馬,1400,ダ,左,良,晴,13,2,2,イチゴホイップ,牝,5,54.5,495,4,福原杏,海馬司,,8,1:32.6,40.5,9-9-10-11,7,495,4
2025/07/25,浦和,5,特選Ｃ３選抜牝馬,1400,ダ,左,良,晴,13,7,10,バララララララ,牝,5,52.0,428,3,加藤雄,工藤伸,,9,1:32.7,41.0,8-8-7-8,9,428,3
2025/07/25,浦和,5,特選Ｃ３選抜牝馬,1400,ダ,左,良,晴,13,8,12,イナリンクローバー,牝,8,51.0,472,5,中山遥,藤原智,,10,1:32.8,41.3,5-6-7-9,13,472,5
2025/07/25,浦和,5,特選Ｃ３選抜牝馬,1400,ダ,左,良,晴,13,8,13,ユウユウグリュック,牝,8,55.0,454,0,赤津和,横山保,,11,1:33.0,42.8,1-1-1-2,10,454,0
2025/07/25,浦和,5,特選Ｃ３選抜牝馬,1400,ダ,左,良,晴,13,4,4,アモフリューゲル,牝,5,54.5,454,2,室陽一,水上直,,12,1:33.4,40.1,12-12-12-12,11,454,2
2025/07/25,浦和,5,特選Ｃ３選抜牝馬,1400,ダ,左,良,晴,13,1,1,ナリタアンビション,牝,5,54.5,409,-6,七夕裕,川島豊,,13,1:33.9,40.1,13-13-13-13,12,409,-6
2025/07/25,浦和,6,美里ブルーベリー賞Ｃ３二 三,1500,ダ,左,良,晴,8,2,2,エーアイキリシマ,牡,4,56.0,453,2,保園翔,川村守,,1,1:38.1,39.8,6-7-4-1,4,453,2
2025/07/25,浦和,6,美里ブルーベリー賞Ｃ３二 三,1500,ダ,左,良,晴,8,1,1,クインズカヤノヒメ,牝,5,54.0,458,3,岡村裕,八木喜,,2,1:38.5,40.2,8-8-3-3,7,458,3
2025/07/25,浦和,6,美里ブルーベリー賞Ｃ３二 三,1500,ダ,左,良,晴,8,4,4,エムティリラ,牝,4,54.0,431,14,張田昂,平山真,,3,1:38.6,41.4,1-1-1-2,2,431,14
2025/07/25,浦和,6,美里ブルーベリー賞Ｃ３二 三,1500,ダ,左,良,晴,8,6,6,トゥジアース,牡,6,53.0,507,3,中山遥,入口由,,4,1:39.1,41.0,3-3-7-7,5,507,3
2025/07/25,浦和,6,美里ブルーベリー賞Ｃ３二 三,1500,ダ,左,良,晴,8,8,8,ビートルジュース,牝,6,54.0,445,1,笹川翼,小久智,,5,1:39.3,41.7,2-2-2-4,1,445,1
2025/07/25,浦和,6,美里ブルーベリー賞Ｃ３二 三,1500,ダ,左,良,晴,8,7,7,フォーゲルヴァイデ,牡,4,56.0,467,-17,半澤慶,川島豊,,6,1:39.4,41.0,7-6-8-5,8,467,-17
2025/07/25,浦和,6,美里ブルーベリー賞Ｃ３二 三,1500,ダ,左,良,晴,8,3,3,ワールドバトル,セ,0,56.0,483,5,櫻井光,海馬司,,7,1:40.9,42.7,4-5-6-6,6,483,5
2025/07/25,浦和,6,美里ブルーベリー賞Ｃ３二 三,1500,ダ,左,良,晴,8,5,5,ワンダーフィール,牡,4,56.0,484,-1,高橋哲,鈴木勝,,8,1:41.2,43.3,5-4-5-8,3,484,-1
2025/07/25,浦和,7,特選Ｃ３二 三,1400,ダ,左,良,晴,11,5,5,トーセンメモリア,牝,5,54.0,482,10,見越彬,小久智,,1,1:30.3,39.7,1-1-1-1,1,482,10
2025/07/25,浦和,7,特選Ｃ３二 三,1400,ダ,左,良,晴,11,6,7,ミストラ,セ,0,56.0,534,2,張田昂,村田六,,2,1:30.5,39.4,4-3-3-3,4,534,2
2025/07/25,浦和,7,特選Ｃ３二 三,1400,ダ,左,良,晴,11,7,9,ジャングルタキオン,セ,0,56.0,478,0,達城龍,野口孝,,3,1:30.5,39.7,2-2-2-2,6,478,0
2025/07/25,浦和,7,特選Ｃ３二 三,1400,ダ,左,良,晴,11,2,2,ワカメチャン,牝,4,54.0,480,-2,小杉亮,伊藤滋,,4,1:31.2,38.0,10-10-9-7,7,480,-2
2025/07/25,浦和,7,特選Ｃ３二 三,1400,ダ,左,良,晴,11,1,1,ロンギングキイ,牝,4,54.0,482,2,七夕裕,箕輪武,,5,1:31.5,40.2,3-4-4-5,5,482,2
2025/07/25,浦和,7,特選Ｃ３二 三,1400,ダ,左,良,晴,11,6,6,グローリアスフィル,牝,8,54.0,470,-1,本田重,新井清,,6,1:31.9,40.2,5-5-5-4,2,470,-1
2025/07/25,浦和,7,特選Ｃ３二 三,1400,ダ,左,良,晴,11,7,8,バリクパパン,牝,4,54.0,454,-4,仲野光,佐々清,,7,1:32.6,40.0,9-8-8-9,8,454,-4
2025/07/25,浦和,7,特選Ｃ３二 三,1400,ダ,左,良,晴,11,4,4,ドーバーファルコン,セ,0,56.0,474,9,櫻井光,海馬司,,8,1:32.7,40.4,6-7-7-8,10,474,9
2025/07/25,浦和,7,特選Ｃ３二 三,1400,ダ,左,良,晴,11,8,11,エピタキシー,牡,4,56.0,472,-1,岡村健,武井和,,9,1:32.7,40.9,8-6-6-6,3,472,-1
2025/07/25,浦和,7,特選Ｃ３二 三,1400,ダ,左,良,晴,11,8,10,ピノヌイ,牡,4,56.0,504,6,西啓太,野口孝,,10,1:33.3,39.8,7-9-10-10,9,504,6
2025/07/25,浦和,7,特選Ｃ３二 三,1400,ダ,左,良,晴,11,3,3,レモンスフレ,牝,4,54.0,0,0,半澤慶,入口由,,11,1:35.5,41.2,11-11-11-11,11,0,0
2025/07/25,浦和,8,ウインドベル特別Ｃ３選抜馬ア,2000,ダ,左,良,晴,10,6,6,クロシェノワール,牝,6,54.0,487,-2,加藤和,酒井一,,1,2:11.8,39.9,1-1-1-1,1,487,-2
2025/07/25,浦和,8,ウインドベル特別Ｃ３選抜馬ア,2000,ダ,左,良,晴,10,8,10,マキネッタ,セ,0,56.0,504,-3,小杉亮,矢内博,,2,2:12.3,40.1,3-4-2-2,3,504,-3
2025/07/25,浦和,8,ウインドベル特別Ｃ３選抜馬ア,2000,ダ,左,良,晴,10,3,3,タウンホール,牝,4,54.0,490,-1,岡村健,秋山直,,3,2:13.1,40.9,4-3-3-3,2,490,-1
2025/07/25,浦和,8,ウインドベル特別Ｃ３選抜馬ア,2000,ダ,左,良,晴,10,4,4,ウイングラドナス,牡,6,56.0,460,-4,櫻井光,海馬司,,4,2:13.8,40.9,7-6-5-4,7,460,-4
2025/07/25,浦和,8,ウインドベル特別Ｃ３選抜馬ア,2000,ダ,左,良,晴,10,2,2,ビーチガール,牝,5,54.0,442,5,七夕裕,小林真,,5,2:14.1,40.4,9-8-7-6,4,442,5
2025/07/25,浦和,8,ウインドベル特別Ｃ３選抜馬ア,2000,ダ,左,良,晴,10,7,8,ニューディヴァイド,セ,0,56.0,481,-3,福原杏,高橋宏,,6,2:14.3,41.8,5-5-4-5,5,481,-3
2025/07/25,浦和,8,ウインドベル特別Ｃ３選抜馬ア,2000,ダ,左,良,晴,10,1,1,キスアンドテル,牝,6,54.0,504,-1,笠野雄,海馬司,,7,2:14.5,41.0,6-7-8-7,6,504,-1
2025/07/25,浦和,8,ウインドベル特別Ｃ３選抜馬ア,2000,ダ,左,良,晴,10,7,7,グレースミューズ,牝,6,54.0,452,-1,赤津和,薮口一,,8,2:16.9,44.2,2-2-6-8,9,452,-1
2025/07/25,浦和,8,ウインドベル特別Ｃ３選抜馬ア,2000,ダ,左,良,晴,10,8,9,マイアイガー,牡,6,56.0,510,-12,木間龍,工藤伸,,9,2:17.0,42.8,8-9-9-9,8,510,-12
2025/07/25,浦和,8,ウインドベル特別Ｃ３選抜馬ア,2000,ダ,左,良,晴,10,5,5,パーティーアニマル,牡,9,56.0,450,5,半澤慶,入口由,,10,2:18.2,43.2,10-10-10-10,10,450,5
2025/07/25,浦和,9,獅子座特別Ｃ２二,1500,ダ,左,良,晴,9,7,7,ツェルニー,牝,4,54.0,455,0,見越彬,鹿沼和,,1,1:37.4,41.5,1-1-1-1,1,455,0
2025/07/25,浦和,9,獅子座特別Ｃ２二,1500,ダ,左,良,晴,9,2,2,トーアルドルフ,牡,6,56.0,475,-2,町田直,新井清,,2,1:37.8,41.8,2-2-2-2,2,475,-2
2025/07/25,浦和,9,獅子座特別Ｃ２二,1500,ダ,左,良,晴,9,6,6,エコロジョイアー,牡,5,56.0,497,-1,笹川翼,小久智,,3,1:37.9,40.8,4-4-4-3,4,497,-1
2025/07/25,浦和,9,獅子座特別Ｃ２二,1500,ダ,左,良,晴,9,1,1,シェナクラウン,牡,5,56.0,509,2,吉留孝,冨田敏,,4,1:38.1,40.7,6-6-5-4,7,509,2
2025/07/25,浦和,9,獅子座特別Ｃ２二,1500,ダ,左,良,晴,9,4,4,シゲルツキミザケ,牡,6,56.0,473,11,山中悠,箕輪武,,5,1:39.0,42.7,3-3-3-5,3,473,11
2025/07/25,浦和,9,獅子座特別Ｃ２二,1500,ダ,左,良,晴,9,8,9,ウオッカガール,牝,5,54.0,501,2,赤津和,箕輪武,,6,1:39.4,42.0,5-5-6-6,6,501,2
2025/07/25,浦和,9,獅子座特別Ｃ２二,1500,ダ,左,良,晴,9,5,5,アショカ,牡,4,56.0,486,-8,室陽一,繁田健,,7,1:39.7,41.5,8-8-7-7,5,486,-8
2025/07/25,浦和,9,獅子座特別Ｃ２二,1500,ダ,左,良,晴,9,3,3,ニシノアクシス,牡,8,56.0,488,-3,國分祐,吉田正,,8,1:43.5,45.1,7-7-8-8,8,488,-3
2025/07/25,浦和,9,獅子座特別Ｃ２二,1500,ダ,左,良,晴,9,8,8,ショコラエクレール,牝,4,54.0,446,-1,保園翔,入口由,,,,,,,446,-1
2025/07/25,浦和,10,ハイビスカス特別Ｃ１二,1400,ダ,左,良,晴,10,8,10,プレストマーヴェル,牝,4,54.0,431,4,本橋孝,小澤宏,,1,1:29.6,39.8,2-2-1-1,6,431,4
2025/07/25,浦和,10,ハイビスカス特別Ｃ１二,1400,ダ,左,良,晴,10,7,8,リブートパワー,牡,4,56.0,453,-10,吉留孝,薮口一,,2,1:29.7,39.6,8-7-3-2,7,453,-10
2025/07/25,浦和,10,ハイビスカス特別Ｃ１二,1400,ダ,左,良,晴,10,6,6,ディナトセレーネ,牝,5,54.0,481,8,西啓太,林　幻,,3,1:29.7,39.6,6-6-3-3,1,481,8
2025/07/25,浦和,10,ハイビスカス特別Ｃ１二,1400,ダ,左,良,晴,10,8,9,コモドアーズ,牡,5,56.0,529,-22,室陽一,横山保,,4,1:30.0,39.1,10-10-10-8,9,529,-22
2025/07/25,浦和,10,ハイビスカス特別Ｃ１二,1400,ダ,左,良,晴,10,1,1,エレガントジュエリ,牝,5,51.0,412,2,中山遥,川村守,,5,1:30.1,40.2,5-3-7-5,5,412,2
2025/07/25,浦和,10,ハイビスカス特別Ｃ１二,1400,ダ,左,良,晴,10,2,2,デザートトレイン,牡,4,56.0,485,7,笹川翼,水野貴,,6,1:30.4,39.9,9-8-8-6,4,485,7
2025/07/25,浦和,10,ハイビスカス特別Ｃ１二,1400,ダ,左,良,晴,10,3,3,ハブル,牡,5,56.0,502,5,山中悠,小久智,,7,1:30.6,40.7,3-4-2-4,3,502,5
2025/07/25,浦和,10,ハイビスカス特別Ｃ１二,1400,ダ,左,良,晴,10,5,5,ヴァラムノス,牝,4,54.0,433,-2,福原杏,水野貴,,8,1:31.1,41.0,4-5-6-7,2,433,-2
2025/07/25,浦和,10,ハイビスカス特別Ｃ１二,1400,ダ,左,良,晴,10,7,7,コスモレンブランサ,牝,5,54.0,438,6,高橋哲,工藤伸,,9,1:31.7,41.2,7-9-9-9,10,438,6
2025/07/25,浦和,10,ハイビスカス特別Ｃ１二,1400,ダ,左,良,晴,10,4,4,ミキノバスドラム,牡,7,56.0,521,6,半澤慶,平山真,,10,1:34.4,44.7,1-1-3-10,8,521,6
2025/07/25,浦和,11,涼月特別Ｂ２二Ｂ３一,1500,ダ,左,良,晴,10,5,5,スペンサーバローズ,牡,5,55.0,484,2,笹川翼,繁田健,,1,1:35.1,38.7,3-3-3-2,1,484,2
2025/07/25,浦和,11,涼月特別Ｂ２二Ｂ３一,1500,ダ,左,良,晴,10,1,1,カンデラリア,牡,4,55.0,500,-5,本橋孝,新井清,,2,1:35.4,38.1,9-8-8-3,2,500,-5
2025/07/25,浦和,11,涼月特別Ｂ２二Ｂ３一,1500,ダ,左,良,晴,10,8,9,ユキグニ,牡,6,55.0,501,6,保園翔,水上直,,3,1:35.6,39.8,1-1-1-1,3,501,6
2025/07/25,浦和,11,涼月特別Ｂ２二Ｂ３一,1500,ダ,左,良,晴,10,7,7,ニシノアウェイク,牡,4,55.0,489,0,福原杏,小澤宏,,4,1:36.3,38.2,10-9-9-7,5,489,0
2025/07/25,浦和,11,涼月特別Ｂ２二Ｂ３一,1500,ダ,左,良,晴,10,8,10,ハチャトリアン,牡,4,55.0,483,3,張田昂,平山真,,5,1:36.6,39.8,4-5-5-6,6,483,3
2025/07/25,浦和,11,涼月特別Ｂ２二Ｂ３一,1500,ダ,左,良,晴,10,7,8,ミラクルランバック,牡,6,55.0,516,-10,西啓太,藤原智,,6,1:37.0,40.6,5-4-4-5,10,516,-10
2025/07/25,浦和,11,涼月特別Ｂ２二Ｂ３一,1500,ダ,左,良,晴,10,3,3,メロスゴー,牡,4,57.0,484,-3,山中悠,箕輪武,,7,1:37.4,41.3,2-2-2-4,4,484,-3
2025/07/25,浦和,11,涼月特別Ｂ２二Ｂ３一,1500,ダ,左,良,晴,10,2,2,サブリュウシン,牡,5,55.0,480,3,岡村健,平山真,,8,1:37.6,40.6,6-6-7-8,7,480,3
2025/07/25,浦和,11,涼月特別Ｂ２二Ｂ３一,1500,ダ,左,良,晴,10,4,4,ジョーコモド,牡,6,57.0,505,-1,見越彬,小久智,,9,1:37.7,40.7,7-7-6-9,8,505,-1
2025/07/25,浦和,11,涼月特別Ｂ２二Ｂ３一,1500,ダ,左,良,晴,10,6,6,スティールシャトル,牝,5,53.0,467,9,加藤和,川島豊,,10,1:42.4,43.5,8-10-10-10,9,467,9
2025/07/25,浦和,12,夏帽子特別Ｃ２選抜馬ウ,2000,ダ,左,良,晴,9,6,6,リケアオランジュ,牝,4,54.0,376,0,福原杏,入口由,,1,2:13.0,39.8,2-2-2-2,1,376,0
2025/07/25,浦和,12,夏帽子特別Ｃ２選抜馬ウ,2000,ダ,左,良,晴,9,4,4,モナークスラッガー,牡,5,56.0,438,1,町田直,田島寿,,2,2:13.2,39.2,6-5-3-3,3,438,1
2025/07/25,浦和,12,夏帽子特別Ｃ２選抜馬ウ,2000,ダ,左,良,晴,9,8,9,エムリエール,牡,6,56.0,471,-2,山中悠,小澤宏,,3,2:13.3,40.2,1-1-1-1,2,471,-2
2025/07/25,浦和,12,夏帽子特別Ｃ２選抜馬ウ,2000,ダ,左,良,晴,9,1,1,ポケットシンデレラ,牝,6,54.0,446,0,仲野光,長谷忍,,4,2:14.9,40.9,4-4-4-4,9,446,0
2025/07/25,浦和,12,夏帽子特別Ｃ２選抜馬ウ,2000,ダ,左,良,晴,9,5,5,タマモコンペイトウ,牝,5,54.0,463,9,吉留孝,川島豊,,5,2:16.4,41.3,5-6-6-5,6,463,9
2025/07/25,浦和,12,夏帽子特別Ｃ２選抜馬ウ,2000,ダ,左,良,晴,9,3,3,ラインストライカー,セ,0,56.0,482,5,七夕裕,小林真,,6,2:16.9,41.3,9-9-7-7,7,482,5
2025/07/25,浦和,12,夏帽子特別Ｃ２選抜馬ウ,2000,ダ,左,良,晴,9,8,8,カペラスター,牡,6,56.0,495,6,高橋哲,工藤伸,,7,2:17.5,41.8,8-8-8-6,5,495,6
2025/07/25,浦和,12,夏帽子特別Ｃ２選抜馬ウ,2000,ダ,左,良,晴,9,2,2,リュウノブライダー,牡,4,53.0,478,-11,中山遥,野口孝,,8,2:17.7,41.8,7-7-9-9,8,478,-11
2025/07/25,浦和,12,夏帽子特別Ｃ２選抜馬ウ,2000,ダ,左,良,晴,9,7,7,ナツハヨル,牝,7,54.0,437,-7,保園翔,野口孝,,9,2:18.4,43.9,3-3-5-8,4,437,-7
2025/08/15,浦和,1,サマードリームリレースタート賞Ｃ３六,1300,ダ,左,良,晴,11,3,3,ダブルレイズカード,牡,4,56.0,522,6,野畑凌,繁田健,,1,1:21.8,37.4,1-1-1-1,1,522,6
2025/08/15,浦和,1,サマードリームリレースタート賞Ｃ３六,1300,ダ,左,良,晴,11,7,8,メイワシェリー,牝,7,54.0,447,0,岡村健,平山真,,2,1:22.6,38.2,2-2-2-2,2,447,0
2025/08/15,浦和,1,サマードリームリレースタート賞Ｃ３六,1300,ダ,左,良,晴,11,4,4,タイシタモンダロ,牡,6,56.0,500,1,保園翔,川村守,,3,1:22.8,38.3,4-3-3-3,3,500,1
2025/08/15,浦和,1,サマードリームリレースタート賞Ｃ３六,1300,ダ,左,良,晴,11,8,11,アミン,牝,8,51.0,468,4,中山遥,冨田敏,,4,1:23.4,38.6,5-4-5-4,4,468,4
2025/08/15,浦和,1,サマードリームリレースタート賞Ｃ３六,1300,ダ,左,良,晴,11,7,9,トリニタリアニズム,牡,7,56.0,506,1,新原周,野口孝,,5,1:23.9,38.7,8-7-7-6,5,506,1
2025/08/15,浦和,1,サマードリームリレースタート賞Ｃ３六,1300,ダ,左,良,晴,11,8,10,アルムダウン,牝,5,54.0,388,13,赤津和,小林真,,6,1:24.1,39.3,6-5-4-5,8,388,13
2025/08/15,浦和,1,サマードリームリレースタート賞Ｃ３六,1300,ダ,左,良,晴,11,1,1,アストロメアリー,牝,6,53.0,411,0,佐野遥,長谷忍,,7,1:24.3,38.6,9-9-8-8,9,411,0
2025/08/15,浦和,1,サマードリームリレースタート賞Ｃ３六,1300,ダ,左,良,晴,11,5,5,シェナマリア,牝,5,54.0,446,1,吉留孝,吉田正,,8,1:24.7,38.4,10-10-10-10,11,446,1
2025/08/15,浦和,1,サマードリームリレースタート賞Ｃ３六,1300,ダ,左,良,晴,11,6,6,セキレイオペラ,牡,6,54.0,490,0,中島良,川村守,,9,1:25.1,39.9,7-8-6-7,6,490,0
2025/08/15,浦和,1,サマードリームリレースタート賞Ｃ３六,1300,ダ,左,良,晴,11,2,2,カナデル,牝,5,54.0,503,12,七夕裕,酒井一,,10,1:25.1,39.7,3-6-9-9,7,503,12
2025/08/15,浦和,1,サマードリームリレースタート賞Ｃ３六,1300,ダ,左,良,晴,11,6,7,シェナダイオー,牡,6,56.0,546,-6,國分祐,冨田敏,,11,1:26.5,39.8,11-11-11-11,10,546,-6
2025/08/15,浦和,2,浦和８００ラウンド３歳未格付選抜馬ア,800,ダ,左,良,晴,9,6,6,マジュツシカエル,セ,0,56.0,483,-3,七夕裕,工藤伸,,1,0:46.4,34.1,2-1,7,483,-3
2025/08/15,浦和,2,浦和８００ラウンド３歳未格付選抜馬ア,800,ダ,左,良,晴,9,4,4,ラブアンドビーンズ,牝,3,51.0,482,2,中山遥,水上直,,2,0:46.8,34.5,1-2,3,482,2
2025/08/15,浦和,2,浦和８００ラウンド３歳未格付選抜馬ア,800,ダ,左,良,晴,9,8,9,ミラコロエクラ,牝,3,54.0,455,8,本橋孝,小澤宏,,3,0:47.0,34.7,3-3,2,455,8
2025/08/15,浦和,2,浦和８００ラウンド３歳未格付選抜馬ア,800,ダ,左,良,晴,9,1,1,ミラコロヴァーグ,牡,3,56.0,471,9,山中悠,小澤宏,,4,0:47.3,34.7,6-4,5,471,9
2025/08/15,浦和,2,浦和８００ラウンド３歳未格付選抜馬ア,800,ダ,左,良,晴,9,3,3,マッチャンサンバ,牝,3,55.0,432,3,木間龍,矢野義,,5,0:47.8,35.2,5-5,4,432,3
2025/08/15,浦和,2,浦和８００ラウンド３歳未格付選抜馬ア,800,ダ,左,良,晴,9,8,8,オレイア,牝,3,54.0,387,5,保園翔,野口寛,,6,0:48.2,35.6,8-6,6,387,5
2025/08/15,浦和,2,浦和８００ラウンド３歳未格付選抜馬ア,800,ダ,左,良,晴,9,2,2,カネミツツイスト,牡,3,55.0,442,1,張田昂,水野貴,,7,0:48.4,35.2,9-8,8,442,1
2025/08/15,浦和,2,浦和８００ラウンド３歳未格付選抜馬ア,800,ダ,左,良,晴,9,5,5,タイトルコール,牝,3,54.0,451,7,福原杏,水野貴,,8,0:48.4,35.8,4-7,1,451,7
2025/08/15,浦和,2,浦和８００ラウンド３歳未格付選抜馬ア,800,ダ,左,良,晴,9,7,7,リバーフロント,牝,3,53.0,416,-2,半澤慶,藤原智,,9,0:49.3,36.8,7-9,9,416,-2
2025/08/15,浦和,3,２歳三,1400,ダ,左,良,晴,5,5,5,レフレール,牡,2,54.0,500,6,野畑凌,水野貴,,1,1:30.7,37.9,1-1-1-1,1,500,6
2025/08/15,浦和,3,２歳三,1400,ダ,左,良,晴,5,3,3,ビランチャ,牡,2,54.0,473,-4,本橋孝,小久智,,2,1:31.7,38.9,2-2-2-3,2,473,-4
2025/08/15,浦和,3,２歳三,1400,ダ,左,良,晴,5,2,2,ダイバマーヤチャン,牝,2,54.0,409,-11,藤江渉,箕輪武,,3,1:31.8,39.0,5-3-3-2,3,409,-11
2025/08/15,浦和,3,２歳三,1400,ダ,左,良,晴,5,4,4,オソレイユ,牡,2,54.0,402,-2,新原周,野口孝,,4,1:33.3,40.1,4-4-5-4,5,402,-2
2025/08/15,浦和,3,２歳三,1400,ダ,左,良,晴,5,1,1,パワーマジック,牡,2,54.0,471,3,高橋哲,入口由,,5,1:34.2,41.0,3-5-4-5,4,471,3
2025/08/15,浦和,4,２歳二,1400,ダ,左,良,晴,10,4,4,アジアンビジョン,牝,2,54.0,437,12,福原杏,川島豊,,1,1:29.7,39.5,2-2-2-2,2,437,12
2025/08/15,浦和,4,２歳二,1400,ダ,左,良,晴,10,1,1,アースファング,牡,2,54.0,463,14,張田昂,箕輪武,,2,1:29.7,39.5,1-1-1-1,1,463,14
2025/08/15,浦和,4,２歳二,1400,ダ,左,良,晴,10,2,2,ジュンシリ,牝,2,54.0,438,5,保園翔,小久智,,3,1:31.9,40.4,9-9-5-3,5,438,5
2025/08/15,浦和,4,２歳二,1400,ダ,左,良,晴,10,7,8,ヨンクン,牡,2,54.0,474,-9,加藤和,長谷忍,,4,1:32.7,41.5,4-5-6-6,6,474,-9
2025/08/15,浦和,4,２歳二,1400,ダ,左,良,晴,10,8,9,スターバロン,牡,2,54.0,417,-14,半澤慶,小澤宏,,5,1:32.7,41.8,6-4-4-4,7,417,-14
2025/08/15,浦和,4,２歳二,1400,ダ,左,良,晴,10,5,5,リュウノバモス,牝,2,54.0,469,5,七夕裕,野口孝,,6,1:32.8,41.3,7-7-8-8,8,469,5
2025/08/15,浦和,4,２歳二,1400,ダ,左,良,晴,10,3,3,オパールグリーン,牝,2,54.0,405,0,野畑凌,川村守,,7,1:33.2,42.0,5-6-7-7,3,405,0
2025/08/15,浦和,4,２歳二,1400,ダ,左,良,晴,10,8,10,エムワンシゲコ,牝,2,54.0,431,-3,岡田大,薮口一,,8,1:33.7,43.0,3-3-3-5,9,431,-3
2025/08/15,浦和,4,２歳二,1400,ダ,左,良,晴,10,6,6,オーデンシェル,牝,2,54.0,382,5,吉留孝,薮口一,,9,1:33.9,42.4,8-8-9-9,10,382,5
2025/08/15,浦和,4,２歳二,1400,ダ,左,良,晴,10,7,7,ユウヤケコヤケ,牝,2,54.0,466,6,室陽一,宇野博,,10,1:35.3,42.8,10-10-10-10,4,466,6
2025/08/15,浦和,5,３歳二,1500,ダ,左,良,晴,12,4,4,ツガノローマン,牝,3,54.0,447,-1,篠谷葵,長谷忍,,1,1:36.9,40.5,7-6-5-2,7,447,-1
2025/08/15,浦和,5,３歳二,1500,ダ,左,良,晴,12,7,10,ノーブルプラチナ,牡,3,56.0,528,1,高橋哲,水野貴,,2,1:37.2,39.3,9-8-8-5,10,528,1
2025/08/15,浦和,5,３歳二,1500,ダ,左,良,晴,12,8,12,オーサムシャドウ,牝,3,54.0,434,-5,山中悠,箕輪武,,3,1:37.2,41.3,2-1-1-1,1,434,-5
2025/08/15,浦和,5,３歳二,1500,ダ,左,良,晴,12,2,2,フィデルトロッテ,牝,3,54.0,461,-2,加藤和,薮口一,,4,1:37.3,39.0,10-11-9-7,11,461,-2
2025/08/15,浦和,5,３歳二,1500,ダ,左,良,晴,12,6,8,ゴールドキッド,牡,3,56.0,423,6,七夕裕,鹿沼和,,5,1:38.0,39.7,12-10-10-10,8,423,6
2025/08/15,浦和,5,３歳二,1500,ダ,左,良,晴,12,1,1,タカラハンター,牡,3,56.0,495,-2,藤原幹,長谷忍,,6,1:38.2,41.1,6-7-7-6,5,495,-2
2025/08/15,浦和,5,３歳二,1500,ダ,左,良,晴,12,5,5,キックス,牝,3,54.0,466,-7,赤津和,鹿沼和,,7,1:38.3,42.0,3-4-4-4,3,466,-7
2025/08/15,浦和,5,３歳二,1500,ダ,左,良,晴,12,5,6,セイウングレイ,牝,3,51.0,451,0,中山遥,川島豊,,8,1:38.5,42.0,4-5-6-9,9,451,0
2025/08/15,浦和,5,３歳二,1500,ダ,左,良,晴,12,6,7,ボル,牡,3,56.0,447,7,野畑凌,小久智,,9,1:38.5,42.5,1-2-2-3,2,447,7
2025/08/15,浦和,5,３歳二,1500,ダ,左,良,晴,12,7,9,サージュトリック,牡,3,56.0,454,9,吉留孝,薮口一,,10,1:39.7,40.8,8-9-11-11,12,454,9
2025/08/15,浦和,5,３歳二,1500,ダ,左,良,晴,12,8,11,クリノウィリアム,牡,3,56.0,469,-1,見越彬,水上直,,11,1:39.8,43.7,5-3-3-8,4,469,-1
2025/08/15,浦和,5,３歳二,1500,ダ,左,良,晴,12,3,3,ギャビーズメファ,牝,3,51.0,392,19,椿聡太,山本学,,,,,11,6,392,19
2025/08/15,浦和,6,盆踊り特別３歳未格付選抜馬,2000,ダ,左,良,晴,10,8,10,フリューゲルクー,牡,3,57.0,448,7,山中悠,小久智,,1,2:11.1,40.1,2-2-2-1,1,448,7
2025/08/15,浦和,6,盆踊り特別３歳未格付選抜馬,2000,ダ,左,良,晴,10,2,2,アヌマティチェコ,牝,3,54.0,475,-4,佐野遥,加藤誠,,2,2:11.4,39.1,10-10-5-3,5,475,-4
2025/08/15,浦和,6,盆踊り特別３歳未格付選抜馬,2000,ダ,左,良,晴,10,7,7,ストームレーン,牡,3,56.0,426,-4,見越彬,水上直,,3,2:11.4,40.6,1-1-1-2,8,426,-4
2025/08/15,浦和,6,盆踊り特別３歳未格付選抜馬,2000,ダ,左,良,晴,10,8,9,モウ,牡,3,56.0,475,0,福原杏,水野貴,,4,2:12.2,39.9,9-7-6-5,3,475,0
2025/08/15,浦和,6,盆踊り特別３歳未格付選抜馬,2000,ダ,左,良,晴,10,7,8,ハシリマッセ,牡,3,56.0,464,1,岡村健,川島豊,,5,2:12.4,39.9,7-8-9-6,4,464,1
2025/08/15,浦和,6,盆踊り特別３歳未格付選抜馬,2000,ダ,左,良,晴,10,5,5,タカイチフリオーソ,牝,3,55.0,435,-14,吉留孝,薮口一,,6,2:12.8,41.1,5-5-4-4,7,435,-14
2025/08/15,浦和,6,盆踊り特別３歳未格付選抜馬,2000,ダ,左,良,晴,10,1,1,ペプチドシナノ,牡,3,56.0,489,6,保園翔,野口寛,,7,2:13.7,42.3,3-3-3-7,2,489,6
2025/08/15,浦和,6,盆踊り特別３歳未格付選抜馬,2000,ダ,左,良,晴,10,6,6,ミズイロアウダクス,牝,3,55.0,491,-4,木間龍,伊藤滋,,8,2:14.0,42.1,4-4-7-8,6,491,-4
2025/08/15,浦和,6,盆踊り特別３歳未格付選抜馬,2000,ダ,左,良,晴,10,3,3,スタークイック,牝,3,54.0,409,-1,半澤慶,小澤宏,,9,2:14.3,41.3,8-9-10-10,10,409,-1
2025/08/15,浦和,6,盆踊り特別３歳未格付選抜馬,2000,ダ,左,良,晴,10,4,4,センエツナガラ,牡,3,55.0,497,4,加藤和,酒井一,,10,2:15.1,43.0,6-6-8-9,9,497,4
2025/08/15,浦和,7,浦和×大井　サマードリームリレＣ２三 四,1400,ダ,左,良,晴,11,4,4,アラビアンレイン,牡,5,56.0,536,7,福原杏,水野貴,,1,1:27.8,38.3,1-1-1-1,1,536,7
2025/08/15,浦和,7,浦和×大井　サマードリームリレＣ２三 四,1400,ダ,左,良,晴,11,5,5,ベストポスト,牡,4,56.0,521,-1,野畑凌,小久智,,2,1:28.4,38.4,5-5-3-2,2,521,-1
2025/08/15,浦和,7,浦和×大井　サマードリームリレＣ２三 四,1400,ダ,左,良,晴,11,2,2,キミハレモネード,牝,4,54.0,461,-6,張田昂,水野貴,,3,1:28.6,37.7,8-8-7-4,3,461,-6
2025/08/15,浦和,7,浦和×大井　サマードリームリレＣ２三 四,1400,ダ,左,良,晴,11,6,7,キタノアマポーラ,牝,4,54.0,443,-1,山中悠,工藤伸,,4,1:28.7,38.3,4-4-4-3,6,443,-1
2025/08/15,浦和,7,浦和×大井　サマードリームリレＣ２三 四,1400,ダ,左,良,晴,11,6,6,ルクスリーベン,牝,4,54.0,437,0,岡村健,平山真,,5,1:28.7,38.2,7-7-5-5,5,437,0
2025/08/15,浦和,7,浦和×大井　サマードリームリレＣ２三 四,1400,ダ,左,良,晴,11,1,1,ミスレイヴバンプ,牝,4,54.0,478,-2,本橋孝,繁田健,,6,1:29.0,37.8,10-11-9-7,4,478,-2
2025/08/15,浦和,7,浦和×大井　サマードリームリレＣ２三 四,1400,ダ,左,良,晴,11,7,8,メイショウベニバナ,牝,5,54.0,460,-2,見越彬,長谷忍,,7,1:29.8,40.1,2-2-2-6,9,460,-2
2025/08/15,浦和,7,浦和×大井　サマードリームリレＣ２三 四,1400,ダ,左,良,晴,11,8,10,アサンテギア,牝,7,54.0,422,-4,七夕裕,工藤伸,,8,1:29.8,38.3,11-10-10-8,7,422,-4
2025/08/15,浦和,7,浦和×大井　サマードリームリレＣ２三 四,1400,ダ,左,良,晴,11,3,3,コングラツィア,牝,9,54.0,447,3,岡田大,鹿沼和,,9,1:30.1,38.4,9-9-11-9,11,447,3
2025/08/15,浦和,7,浦和×大井　サマードリームリレＣ２三 四,1400,ダ,左,良,晴,11,7,9,ドローアプローズ,セ,0,56.0,475,-7,藤江渉,入口由,,10,1:32.2,41.7,6-6-8-10,8,475,-7
2025/08/15,浦和,7,浦和×大井　サマードリームリレＣ２三 四,1400,ダ,左,良,晴,11,8,11,プラウサス,牡,6,56.0,489,-11,室陽一,酒井一,,11,1:32.5,42.3,3-3-6-11,10,489,-11
2025/08/15,浦和,8,浦和エイトチャレンジＣ２三 四,1500,ダ,左,良,晴,10,8,10,コスモホライズン,牡,4,53.0,460,-3,中山遥,小林真,,1,1:36.2,39.2,7-5-2-1,6,460,-3
2025/08/15,浦和,8,浦和エイトチャレンジＣ２三 四,1500,ダ,左,良,晴,10,3,3,アデラパフューム,牝,5,54.0,471,-4,保園翔,水上直,,2,1:36.2,38.6,6-7-6-3,4,471,-4
2025/08/15,浦和,8,浦和エイトチャレンジＣ２三 四,1500,ダ,左,良,晴,10,5,5,フェアメーゲン,牝,7,51.0,452,2,加藤雄,工藤伸,,3,1:36.7,39.4,5-4-5-5,7,452,2
2025/08/15,浦和,8,浦和エイトチャレンジＣ２三 四,1500,ダ,左,良,晴,10,2,2,キタサンリボン,牝,6,54.0,484,-1,野畑凌,繁田健,,4,1:36.7,39.7,2-2-1-2,1,484,-1
2025/08/15,浦和,8,浦和エイトチャレンジＣ２三 四,1500,ダ,左,良,晴,10,8,9,エアシャロウ,セ,0,55.0,525,1,佐野遥,箕輪武,,5,1:37.3,40.3,1-1-3-4,5,525,1
2025/08/15,浦和,8,浦和エイトチャレンジＣ２三 四,1500,ダ,左,良,晴,10,4,4,セイウンコチョウ,牝,6,54.0,407,1,國分祐,冨田敏,,6,1:37.7,40.1,8-8-7-7,9,407,1
2025/08/15,浦和,8,浦和エイトチャレンジＣ２三 四,1500,ダ,左,良,晴,10,6,6,ホットエンペラー,牡,4,56.0,506,-2,山中悠,小澤宏,,7,1:37.9,40.9,3-3-4-6,3,506,-2
2025/08/15,浦和,8,浦和エイトチャレンジＣ２三 四,1500,ダ,左,良,晴,10,7,8,イガルク,牡,4,56.0,441,-4,藤原幹,渋谷博,,8,1:37.9,39.7,10-10-9-10,8,441,-4
2025/08/15,浦和,8,浦和エイトチャレンジＣ２三 四,1500,ダ,左,良,晴,10,7,7,プリンセスサクラ,牝,4,54.0,437,6,見越彬,鹿沼和,,9,1:38.2,40.6,4-6-8-8,2,437,6
2025/08/15,浦和,8,浦和エイトチャレンジＣ２三 四,1500,ダ,左,良,晴,10,1,1,ユウユウアイリス,牝,4,54.0,455,4,高橋哲,酒井一,,10,1:38.6,40.3,9-9-10-9,10,455,4
2025/08/15,浦和,9,ほおずき特別Ｃ３一,1500,ダ,左,良,晴,11,3,3,タイプフェイス,牝,4,54.0,442,2,野畑凌,水野貴,,1,1:36.2,37.4,2-2-2-1,1,442,2
2025/08/15,浦和,9,ほおずき特別Ｃ３一,1500,ダ,左,良,晴,11,4,4,メグ,牝,5,54.0,473,1,見越彬,鹿沼和,,2,1:37.4,38.2,4-5-5-3,5,473,1
2025/08/15,浦和,9,ほおずき特別Ｃ３一,1500,ダ,左,良,晴,11,7,8,カリプソ,牝,4,54.0,428,3,仲野光,長谷忍,,3,1:37.6,38.6,6-4-4-4,8,428,3
2025/08/15,浦和,9,ほおずき特別Ｃ３一,1500,ダ,左,良,晴,11,6,6,ジャングルタキオン,セ,0,56.0,476,-2,張田昂,野口孝,,4,1:37.7,38.5,5-6-8-6,2,476,-2
2025/08/15,浦和,9,ほおずき特別Ｃ３一,1500,ダ,左,良,晴,11,6,7,キミニメロメロ,牝,4,54.0,455,3,福原杏,吉田正,,5,1:37.8,39.4,1-1-1-2,4,455,3
2025/08/15,浦和,9,ほおずき特別Ｃ３一,1500,ダ,左,良,晴,11,8,10,キタノクーヴェル,牡,5,56.0,465,-2,藤江渉,入口由,,6,1:38.3,39.1,7-7-6-7,9,465,-2
2025/08/15,浦和,9,ほおずき特別Ｃ３一,1500,ダ,左,良,晴,11,8,11,ニシノテンカフブ,牡,5,56.0,468,3,吉留孝,吉田正,,7,1:38.3,38.6,10-11-10-9,3,468,3
2025/08/15,浦和,9,ほおずき特別Ｃ３一,1500,ダ,左,良,晴,11,2,2,ミカサ,牡,4,55.0,512,7,佐野遥,小久智,,8,1:38.4,39.5,9-9-3-5,6,512,7
2025/08/15,浦和,9,ほおずき特別Ｃ３一,1500,ダ,左,良,晴,11,1,1,クインズミラ,牝,4,54.0,449,-3,赤津和,長谷忍,,9,1:38.7,38.8,11-10-11-11,11,449,-3
2025/08/15,浦和,9,ほおずき特別Ｃ３一,1500,ダ,左,良,晴,11,5,5,リュウノレッドアイ,牝,5,54.0,481,-3,保園翔,野口寛,,10,1:38.7,39.2,8-8-9-8,7,481,-3
2025/08/15,浦和,9,ほおずき特別Ｃ３一,1500,ダ,左,良,晴,11,7,9,サンドバンブー,牝,4,54.0,518,6,室陽一,川村守,,11,1:39.5,40.5,3-3-7-10,10,518,6
2025/08/15,浦和,10,浴衣特別Ｂ３Ｃ１選抜馬選抜馬ア,800,ダ,左,良,晴,10,7,7,スピークイージー,牡,4,57.0,477,1,山中悠,新井清,,1,0:45.5,33.8,1-1,1,477,1
2025/08/15,浦和,10,浴衣特別Ｂ３Ｃ１選抜馬選抜馬ア,800,ダ,左,良,晴,10,3,3,タマモアルタイル,牡,4,57.0,499,-3,高橋哲,水野貴,,2,0:45.9,33.7,3-2,2,499,-3
2025/08/15,浦和,10,浴衣特別Ｂ３Ｃ１選抜馬選抜馬ア,800,ダ,左,良,晴,10,4,4,リュウノアスラーム,牝,5,55.0,491,0,野澤憲,齊藤敏,,3,0:46.7,34.3,5-5,8,491,0
2025/08/15,浦和,10,浴衣特別Ｂ３Ｃ１選抜馬選抜馬ア,800,ダ,左,良,晴,10,1,1,エイシンエメラルド,牝,5,52.0,418,-7,加藤雄,工藤伸,,4,0:46.8,34.4,7-4,3,418,-7
2025/08/15,浦和,10,浴衣特別Ｂ３Ｃ１選抜馬選抜馬ア,800,ダ,左,良,晴,10,7,8,ユウノワンワン,牝,4,52.0,446,13,中山遥,酒井一,,5,0:46.9,35.0,2-3,5,446,13
2025/08/15,浦和,10,浴衣特別Ｂ３Ｃ１選抜馬選抜馬ア,800,ダ,左,良,晴,10,8,10,クリスタライズ,牡,4,57.0,498,2,藤原幹,水野貴,,6,0:47.1,34.7,6-7,9,498,2
2025/08/15,浦和,10,浴衣特別Ｂ３Ｃ１選抜馬選抜馬ア,800,ダ,左,良,晴,10,8,9,ニシノニューリーフ,牝,5,53.0,509,5,吉留孝,冨田敏,,7,0:47.5,35.3,4-6,4,509,5
2025/08/15,浦和,10,浴衣特別Ｂ３Ｃ１選抜馬選抜馬ア,800,ダ,左,良,晴,10,5,5,ニシノクラウディア,牝,5,53.0,471,13,福原杏,小澤宏,,8,0:47.5,34.3,10-9,6,471,13
2025/08/15,浦和,10,浴衣特別Ｂ３Ｃ１選抜馬選抜馬ア,800,ダ,左,良,晴,10,2,2,ハクアイゴジロー,牡,7,57.0,547,3,木間龍,石井勝,,9,0:47.5,34.9,8-8,7,547,3
2025/08/15,浦和,10,浴衣特別Ｂ３Ｃ１選抜馬選抜馬ア,800,ダ,左,良,晴,10,6,6,ナツイチバン,牝,6,55.0,485,0,臼井健,岩崎真,,10,0:47.9,35.3,9-10,10,485,0
2025/08/15,浦和,11,盆休み特別Ｂ２二Ｂ３一,1400,ダ,左,良,晴,11,4,4,プラティクレール,牝,5,53.0,495,8,野畑凌,水野貴,,1,1:27.0,37.8,1-1-1-1,1,495,8
2025/08/15,浦和,11,盆休み特別Ｂ２二Ｂ３一,1400,ダ,左,良,晴,11,3,3,スモークフレイバー,牡,4,55.0,496,5,篠谷葵,繁田健,,2,1:27.7,37.9,9-6-6-4,3,496,5
2025/08/15,浦和,11,盆休み特別Ｂ２二Ｂ３一,1400,ダ,左,良,晴,11,1,1,サブリュウシン,牡,5,55.0,475,-5,岡村健,平山真,,3,1:27.7,38.1,5-5-3-3,9,475,-5
2025/08/15,浦和,11,盆休み特別Ｂ２二Ｂ３一,1400,ダ,左,良,晴,11,7,8,ダンディジャック,牡,6,57.0,498,-6,保園翔,川村守,,4,1:27.9,37.4,10-10-9-6,7,498,-6
2025/08/15,浦和,11,盆休み特別Ｂ２二Ｂ３一,1400,ダ,左,良,晴,11,6,6,ジョートビー,牝,3,54.0,514,13,藤原幹,小久智,,5,1:28.1,38.9,2-2-2-2,4,514,13
2025/08/15,浦和,11,盆休み特別Ｂ２二Ｂ３一,1400,ダ,左,良,晴,11,6,7,ミラクルランバック,牡,6,52.0,520,4,中山遥,藤原智,,6,1:28.2,38.1,7-7-7-8,6,520,4
2025/08/15,浦和,11,盆休み特別Ｂ２二Ｂ３一,1400,ダ,左,良,晴,11,8,10,ニシノアウェイク,牡,4,55.0,488,5,福原杏,小澤宏,,7,1:28.3,37.8,11-11-8-7,5,488,5
2025/08/15,浦和,11,盆休み特別Ｂ２二Ｂ３一,1400,ダ,左,良,晴,11,2,2,プレストマーヴェル,牝,4,53.0,429,-2,本橋孝,小澤宏,,8,1:28.3,38.6,4-4-4-5,8,429,-2
2025/08/15,浦和,11,盆休み特別Ｂ２二Ｂ３一,1400,ダ,左,良,晴,11,8,11,クラサーベル,牡,6,52.0,493,-3,椿聡太,玉井勝,,9,1:30.2,39.3,8-9-10-11,10,493,-3
2025/08/15,浦和,11,盆休み特別Ｂ２二Ｂ３一,1400,ダ,左,良,晴,11,5,5,スティールシャトル,牝,5,53.0,455,-12,加藤和,川島豊,,10,1:31.0,40.2,6-8-11-9,11,455,-12
2025/08/15,浦和,11,盆休み特別Ｂ２二Ｂ３一,1400,ダ,左,良,晴,11,7,9,ブルドッグキング,牡,3,54.0,497,-1,山中悠,小久智,,11,1:31.5,41.9,3-3-5-10,2,497,-1
2025/08/15,浦和,12,盆の月特別Ｃ１選抜馬ア,2000,ダ,左,良,晴,12,3,3,ビリーヴィン,牡,5,53.0,504,1,中山遥,藤原智,,1,2:08.1,40.3,1-1-1-1,2,504,1
2025/08/15,浦和,12,盆の月特別Ｃ１選抜馬ア,2000,ダ,左,良,晴,12,7,9,メイショウクラーク,セ,0,56.0,449,1,岡村健,宇野博,,2,2:09.1,39.9,4-5-4-4,1,449,1
2025/08/15,浦和,12,盆の月特別Ｃ１選抜馬ア,2000,ダ,左,良,晴,12,6,8,ココリアイランド,牡,5,56.0,463,4,笠野雄,工藤伸,,3,2:09.2,40.3,5-4-3-2,9,463,4
2025/08/15,浦和,12,盆の月特別Ｃ１選抜馬ア,2000,ダ,左,良,晴,12,8,12,オランジー,牝,5,54.0,431,-9,吉留孝,薮口一,,4,2:10.1,39.5,11-11-10-6,8,431,-9
2025/08/15,浦和,12,盆の月特別Ｃ１選抜馬ア,2000,ダ,左,良,晴,12,8,11,コモドアーズ,牡,5,56.0,534,5,室陽一,横山保,,5,2:10.3,40.7,7-6-7-5,4,534,5
2025/08/15,浦和,12,盆の月特別Ｃ１選抜馬ア,2000,ダ,左,良,晴,12,5,6,ウインブリエ,牝,4,54.0,517,6,福原杏,平山真,,6,2:10.3,41.7,3-2-2-3,3,517,6
2025/08/15,浦和,12,盆の月特別Ｃ１選抜馬ア,2000,ダ,左,良,晴,12,6,7,フォートウィリアム,セ,0,56.0,511,0,岡田大,吉田正,,7,2:10.6,41.0,6-7-8-7,10,511,0
2025/08/15,浦和,12,盆の月特別Ｃ１選抜馬ア,2000,ダ,左,良,晴,12,4,4,マイネルコモドーア,牡,4,56.0,462,6,半澤慶,宇野博,,8,2:10.8,38.0,12-12-12-12,12,462,6
2025/08/15,浦和,12,盆の月特別Ｃ１選抜馬ア,2000,ダ,左,良,晴,12,2,2,ビーナスライズ,牝,4,54.0,499,1,木間龍,工藤伸,,9,2:11.1,41.4,8-8-9-10,11,499,1
2025/08/15,浦和,12,盆の月特別Ｃ１選抜馬ア,2000,ダ,左,良,晴,12,5,5,ライコウノヒカリ,牡,5,56.0,454,13,張田昂,鈴木勝,,10,2:11.1,42.1,2-3-5-8,5,454,13
2025/08/15,浦和,12,盆の月特別Ｃ１選抜馬ア,2000,ダ,左,良,晴,12,7,10,コンバットココ,牝,4,54.0,418,-2,山中悠,工藤伸,,11,2:11.4,41.8,9-9-6-9,7,418,-2
2025/08/15,浦和,12,盆の月特別Ｃ１選抜馬ア,2000,ダ,左,良,晴,12,1,1,プリンスオーソ,牡,5,56.0,456,2,七夕裕,長谷忍,,12,2:11.5,41.4,10-10-11-11,6,456,2
2025/08/18,浦和,1,浦和８００ラウンド３歳未格付選抜馬イ,800,ダ,左,良,晴,7,2,2,ユウユウロザリウム,牝,3,53.0,457,0,七夕裕,横山保,,1,0:46.8,34.6,1-1,4,457,0
2025/08/18,浦和,1,浦和８００ラウンド３歳未格付選抜馬イ,800,ダ,左,良,晴,7,7,7,マイリトルロマンス,牝,3,53.0,416,0,岡村健,平山真,,2,0:46.8,34.6,2-2,2,416,0
2025/08/18,浦和,1,浦和８００ラウンド３歳未格付選抜馬イ,800,ダ,左,良,晴,7,6,6,ピカッティー,牝,3,53.0,480,-7,保園翔,宇野博,,3,0:47.9,35.3,4-4,1,480,-7
2025/08/18,浦和,1,浦和８００ラウンド３歳未格付選抜馬イ,800,ダ,左,良,晴,7,1,1,カクシンドリーム,牝,3,53.0,406,-3,赤津和,酒井一,,4,0:48.0,35.6,3-3,5,406,-3
2025/08/18,浦和,1,浦和８００ラウンド３歳未格付選抜馬イ,800,ダ,左,良,晴,7,4,4,ミラクルライズ,牡,3,55.0,475,22,吉留孝,薮口一,,5,0:48.5,35.8,5-5,3,475,22
2025/08/18,浦和,1,浦和８００ラウンド３歳未格付選抜馬イ,800,ダ,左,良,晴,7,5,5,クリナデシコ,牝,3,53.0,459,8,國分祐,冨田敏,,6,0:49.2,36.5,6-6,7,459,8
2025/08/18,浦和,1,浦和８００ラウンド３歳未格付選抜馬イ,800,ダ,左,良,晴,7,3,3,リュウノコウ,牡,3,52.0,489,-2,中山遥,野口孝,,7,0:50.3,37.3,7-7,6,489,-2
2025/08/18,浦和,2,ドリームチャレンジ２歳新馬イ,800,ダ,左,良,晴,6,5,5,メルシークーリア,牡,2,54.0,0,0,福原杏,小澤宏,,1,0:47.7,35.4,2-1,2,0,0
2025/08/18,浦和,2,ドリームチャレンジ２歳新馬イ,800,ダ,左,良,晴,6,1,1,トゥナシ,牝,2,54.0,0,0,本田重,小久智,,2,0:48.1,35.3,4-3,3,0,0
2025/08/18,浦和,2,ドリームチャレンジ２歳新馬イ,800,ダ,左,良,晴,6,6,6,ポピーレッド,牝,2,54.0,0,0,笹川翼,野口寛,,3,0:48.6,36.5,1-2,1,0,0
2025/08/18,浦和,2,ドリームチャレンジ２歳新馬イ,800,ダ,左,良,晴,6,3,3,ニコニコニコル,牝,2,51.0,0,0,中山遥,小林真,,4,0:48.8,36.5,3-4,5,0,0
2025/08/18,浦和,2,ドリームチャレンジ２歳新馬イ,800,ダ,左,良,晴,6,4,4,ホワイトジェイド,牡,2,54.0,0,0,野畑凌,水野貴,,5,0:48.9,35.9,5-5,4,0,0
2025/08/18,浦和,2,ドリームチャレンジ２歳新馬イ,800,ダ,左,良,晴,6,2,2,ベルアルコバレーノ,牝,2,54.0,0,0,菅原涼,藤原智,,,,,,,0,0
2025/08/18,浦和,3,ドリームチャレンジ２歳新馬ア,1400,ダ,左,良,晴,7,6,6,マッスル,牡,2,54.0,0,0,笹川翼,繁田健,,1,1:29.9,38.6,6-6-3-1,1,0,0
2025/08/18,浦和,3,ドリームチャレンジ２歳新馬ア,1400,ダ,左,良,晴,7,5,5,ピーチピーチ,牝,2,54.0,0,0,福原杏,平山真,,2,1:30.2,39.3,3-4-1-2,5,0,0
2025/08/18,浦和,3,ドリームチャレンジ２歳新馬ア,1400,ダ,左,良,晴,7,4,4,アイリーズ,牡,2,54.0,0,0,本田重,小久智,,3,1:32.1,40.5,5-5-6-5,6,0,0
2025/08/18,浦和,3,ドリームチャレンジ２歳新馬ア,1400,ダ,左,良,晴,7,3,3,キンパツビジン,牝,2,54.0,0,0,本橋孝,野口寛,,4,1:32.8,40.4,7-7-7-6,4,0,0
2025/08/18,浦和,3,ドリームチャレンジ２歳新馬ア,1400,ダ,左,良,晴,7,7,7,スピラヴィオ,牡,2,54.0,0,0,見越彬,箕輪武,,5,1:33.0,41.9,4-3-4-4,3,0,0
2025/08/18,浦和,3,ドリームチャレンジ２歳新馬ア,1400,ダ,左,良,晴,7,2,2,エガル,牝,2,54.0,0,0,野畑凌,長谷忍,,6,1:33.1,42.2,2-1-2-3,2,0,0
2025/08/18,浦和,3,ドリームチャレンジ２歳新馬ア,1400,ダ,左,良,晴,7,1,1,ドドドドドカーン,牡,2,53.0,0,0,佐野遥,水上直,,7,1:35.5,44.4,1-2-5-7,7,0,0
2025/08/18,浦和,4,Ｃ３五,1500,ダ,左,良,晴,9,8,9,ヨドノホマレ,セ,0,56.0,485,-3,岡村健,平山真,,1,1:37.5,41.0,2-2-2-1,1,485,-3
2025/08/18,浦和,4,Ｃ３五,1500,ダ,左,良,晴,9,2,2,ジーニーボニータ,牡,6,56.0,503,4,見越彬,水野貴,,2,1:37.8,40.5,3-3-3-2,6,503,4
2025/08/18,浦和,4,Ｃ３五,1500,ダ,左,良,晴,9,5,5,ピノモラーン,牡,7,56.0,491,6,達城龍,野口孝,,3,1:38.3,40.4,6-6-6-3,7,491,6
2025/08/18,浦和,4,Ｃ３五,1500,ダ,左,良,晴,9,3,3,サンライズテソロ,牡,7,56.0,473,-5,半澤慶,川島豊,,4,1:38.3,40.1,8-7-7-6,3,473,-5
2025/08/18,浦和,4,Ｃ３五,1500,ダ,左,良,晴,9,8,8,シェナリオン,牡,5,54.0,454,6,中島良,冨田敏,,5,1:38.7,41.1,4-5-5-4,8,454,6
2025/08/18,浦和,4,Ｃ３五,1500,ダ,左,良,晴,9,6,6,マックスブンブン,牡,5,53.0,442,5,中山遥,小林真,,6,1:38.7,40.2,7-8-8-7,2,442,5
2025/08/18,浦和,4,Ｃ３五,1500,ダ,左,良,晴,9,1,1,アンタゴニスタ,牡,6,56.0,485,-6,藤江渉,工藤伸,,7,1:38.9,41.6,5-4-4-5,5,485,-6
2025/08/18,浦和,4,Ｃ３五,1500,ダ,左,良,晴,9,7,7,シェナカレン,牡,5,56.0,455,7,國分祐,冨田敏,,8,1:39.1,39.8,9-9-9-9,9,455,7
2025/08/18,浦和,4,Ｃ３五,1500,ダ,左,良,晴,9,4,4,クインズシリウス,牝,4,54.0,439,7,野畑凌,宇野博,,9,1:41.9,45.4,1-1-1-8,4,439,7
2025/08/18,浦和,5,Ｃ２五 六,1500,ダ,左,良,晴,10,2,2,サンタモニカビーチ,牡,5,56.0,551,3,笠野雄,川島豊,,1,1:35.4,37.8,6-6-1-1,3,551,3
2025/08/18,浦和,5,Ｃ２五 六,1500,ダ,左,良,晴,10,7,8,パレルモフレイバー,牝,6,54.0,449,-5,町田直,繁田健,,2,1:36.3,38.7,2-2-2-3,2,449,-5
2025/08/18,浦和,5,Ｃ２五 六,1500,ダ,左,良,晴,10,3,3,ファンタフェスタ,牝,4,54.0,442,-9,岡村健,平山真,,3,1:36.3,38.7,1-1-3-2,6,442,-9
2025/08/18,浦和,5,Ｃ２五 六,1500,ダ,左,良,晴,10,6,6,ユヅルハ,牝,5,54.0,523,7,仲野光,新井清,,4,1:36.7,38.4,8-8-6-4,4,523,7
2025/08/18,浦和,5,Ｃ２五 六,1500,ダ,左,良,晴,10,5,5,ラインストライカー,セ,0,53.0,479,-3,中山遥,小林真,,5,1:37.6,38.3,10-10-9-8,9,479,-3
2025/08/18,浦和,5,Ｃ２五 六,1500,ダ,左,良,晴,10,4,4,ニシノミモザ,牝,4,54.0,444,-4,福原杏,吉田正,,6,1:37.7,39.6,5-5-4-5,8,444,-4
2025/08/18,浦和,5,Ｃ２五 六,1500,ダ,左,良,晴,10,7,7,エーアイキリシマ,牡,4,56.0,458,5,保園翔,川村守,,7,1:38.0,39.7,7-7-7-7,7,458,5
2025/08/18,浦和,5,Ｃ２五 六,1500,ダ,左,良,晴,10,8,9,エターナルジュエル,牝,6,54.0,470,-3,西啓太,藤原智,,8,1:38.1,40.2,3-3-5-6,5,470,-3
2025/08/18,浦和,5,Ｃ２五 六,1500,ダ,左,良,晴,10,8,10,リュウノリエゾン,牝,4,54.0,417,9,見越彬,鹿沼和,,9,1:38.2,38.9,9-9-10-9,10,417,9
2025/08/18,浦和,5,Ｃ２五 六,1500,ダ,左,良,晴,10,1,1,ヴァンクールシチー,牡,6,56.0,432,3,半澤慶,工藤伸,,10,1:40.6,42.3,4-4-8-10,1,432,3
2025/08/18,浦和,6,ティータイムレディース３歳未格付選抜牝馬,1400,ダ,左,良,曇,12,4,4,キャッスルエール,牝,3,55.0,426,0,仲野光,長谷剛,,1,1:29.6,39.9,1-1-1-1,4,426,0
2025/08/18,浦和,6,ティータイムレディース３歳未格付選抜牝馬,1400,ダ,左,良,曇,12,1,1,コンサントレ,牝,3,54.0,468,7,福原杏,繁田健,,2,1:29.8,39.0,8-7-7-7,7,468,7
2025/08/18,浦和,6,ティータイムレディース３歳未格付選抜牝馬,1400,ダ,左,良,曇,12,5,5,ミヅルーラー,牝,3,55.0,478,4,岡村健,酒井一,,3,1:30.0,40.3,2-3-2-2,5,478,4
2025/08/18,浦和,6,ティータイムレディース３歳未格付選抜牝馬,1400,ダ,左,良,曇,12,5,6,アースチャン,牝,3,54.0,447,7,七夕裕,箕輪武,,4,1:30.1,39.0,10-9-8-6,3,447,7
2025/08/18,浦和,6,ティータイムレディース３歳未格付選抜牝馬,1400,ダ,左,良,曇,12,8,12,ティーズリンク,牝,3,54.0,451,5,高橋哲,水野貴,,5,1:30.2,39.9,6-5-4-4,8,451,5
2025/08/18,浦和,6,ティータイムレディース３歳未格付選抜牝馬,1400,ダ,左,良,曇,12,2,2,アズキチャン,牝,3,54.0,467,-7,保園翔,野口寛,,6,1:30.3,39.1,9-11-9-9,1,467,-7
2025/08/18,浦和,6,ティータイムレディース３歳未格付選抜牝馬,1400,ダ,左,良,曇,12,3,3,ラグーンリバティ,牝,3,55.0,434,2,山中悠,箕輪武,,7,1:31.0,40.5,5-4-6-8,10,434,2
2025/08/18,浦和,6,ティータイムレディース３歳未格付選抜牝馬,1400,ダ,左,良,曇,12,6,8,レッドディア,牝,3,54.0,431,-9,吉留孝,小久智,,8,1:31.1,40.8,4-6-5-3,11,431,-9
2025/08/18,浦和,6,ティータイムレディース３歳未格付選抜牝馬,1400,ダ,左,良,曇,12,8,11,シナモンポップ,牝,3,54.0,473,7,櫻井光,海馬司,,9,1:31.5,41.7,3-2-3-5,6,473,7
2025/08/18,浦和,6,ティータイムレディース３歳未格付選抜牝馬,1400,ダ,左,良,曇,12,7,9,ユウユウニコヴィア,牝,3,51.0,423,7,中山遥,横山保,,10,1:31.5,39.5,12-12-12-12,12,423,7
2025/08/18,浦和,6,ティータイムレディース３歳未格付選抜牝馬,1400,ダ,左,良,曇,12,6,7,ハイタッチマドンナ,牝,3,53.0,433,15,見越彬,鹿沼和,,11,1:32.9,41.8,11-10-10-10,2,433,15
2025/08/18,浦和,6,ティータイムレディース３歳未格付選抜牝馬,1400,ダ,左,良,曇,12,7,10,ブルドッグガール,牝,3,54.0,428,-7,赤津和,薮口一,,12,1:32.9,41.8,7-8-11-11,9,428,-7
2025/08/18,浦和,10,涼風特別Ｃ１二,1500,ダ,左,稍重,雨,9,6,6,プローラーティオー,牡,3,55.0,506,2,笹川翼,小久智,,1,1:34.0,38.5,8-7-4-2,2,506,2
2025/08/18,浦和,10,涼風特別Ｃ１二,1500,ダ,左,稍重,雨,9,8,9,ココモローズ,牝,4,54.0,419,-6,西啓太,藤原智,,2,1:34.1,39.3,1-1-1-1,1,419,-6
2025/08/18,浦和,10,涼風特別Ｃ１二,1500,ダ,左,稍重,雨,9,1,1,エレガントジュエリ,牝,5,51.0,420,8,中山遥,川村守,,3,1:34.2,38.9,3-3-3-3,5,420,8
2025/08/18,浦和,10,涼風特別Ｃ１二,1500,ダ,左,稍重,雨,9,2,2,スマイルスライヴ,セ,0,56.0,479,4,半澤慶,宇野博,,4,1:34.7,39.7,2-2-2-4,3,479,4
2025/08/18,浦和,10,涼風特別Ｃ１二,1500,ダ,左,稍重,雨,9,8,8,リブートパワー,牡,4,56.0,447,-6,吉留孝,薮口一,,5,1:34.8,39.2,7-8-5-5,6,447,-6
2025/08/18,浦和,10,涼風特別Ｃ１二,1500,ダ,左,稍重,雨,9,4,4,コスモレンブランサ,牝,5,54.0,435,-3,高橋哲,工藤伸,,6,1:35.1,39.5,6-6-8-8,9,435,-3
2025/08/18,浦和,10,涼風特別Ｃ１二,1500,ダ,左,稍重,雨,9,3,3,ツガノショウグン,牡,4,56.0,495,-1,加藤和,長谷忍,,7,1:35.3,39.7,4-5-7-7,7,495,-1
2025/08/18,浦和,10,涼風特別Ｃ１二,1500,ダ,左,稍重,雨,9,7,7,イロドリノカオリ,牡,3,55.0,486,2,山中悠,宇野博,,8,1:35.5,39.9,5-4-6-6,4,486,2
2025/08/18,浦和,10,涼風特別Ｃ１二,1500,ダ,左,稍重,雨,9,5,5,レンダリング,牡,5,56.0,496,-18,七夕裕,海馬司,,9,1:36.2,39.8,9-9-9-9,8,496,-18
2025/08/18,浦和,11,秋風月特別Ｂ３二,1500,ダ,左,稍重,曇,11,7,9,イナダヒメ,牝,3,53.0,436,-3,町田直,繁田健,,1,1:33.9,37.1,7-7-5-3,5,436,-3
2025/08/18,浦和,11,秋風月特別Ｂ３二,1500,ダ,左,稍重,曇,11,3,3,トーセンジェミニ,牝,5,54.0,434,-2,笹川翼,小久智,,2,1:34.1,37.8,2-2-2-2,1,434,-2
2025/08/18,浦和,11,秋風月特別Ｂ３二,1500,ダ,左,稍重,曇,11,8,11,サダージ,牝,4,54.0,467,0,野畑凌,小澤宏,,2,1:34.1,37.7,4-3-3-4,3,467,0
2025/08/18,浦和,11,秋風月特別Ｂ３二,1500,ダ,左,稍重,曇,11,1,1,ファストレーン,牡,4,56.0,482,-1,本田重,水野貴,,4,1:34.2,38.0,1-1-1-1,2,482,-1
2025/08/18,浦和,11,秋風月特別Ｂ３二,1500,ダ,左,稍重,曇,11,6,6,ダイバオーソ,牡,7,56.0,470,2,藤江渉,箕輪武,,5,1:34.3,37.5,6-6-7-6,6,470,2
2025/08/18,浦和,11,秋風月特別Ｂ３二,1500,ダ,左,稍重,曇,11,7,8,ステラシティ,牝,4,51.0,472,-8,中山遥,吉田正,,6,1:34.5,37.9,3-4-4-5,9,472,-8
2025/08/18,浦和,11,秋風月特別Ｂ３二,1500,ダ,左,稍重,曇,11,4,4,ゴールドソニック,牡,4,56.0,507,6,福原杏,鹿沼和,,7,1:34.8,37.6,9-8-8-7,4,507,6
2025/08/18,浦和,11,秋風月特別Ｂ３二,1500,ダ,左,稍重,曇,11,8,10,マスクドサムライ,牡,6,56.0,480,3,篠谷葵,藤原智,,8,1:35.2,38.6,5-5-6-8,8,480,3
2025/08/18,浦和,11,秋風月特別Ｂ３二,1500,ダ,左,稍重,曇,11,6,7,ハピネスマインド,牝,7,51.0,455,-4,山本大,玉井昇,,9,1:35.4,37.7,10-10-10-9,10,455,-4
2025/08/18,浦和,11,秋風月特別Ｂ３二,1500,ダ,左,稍重,曇,11,5,5,ハチャトリアン,牡,4,56.0,482,2,櫻井光,平山真,,10,1:36.0,38.7,8-9-9-10,7,482,2
2025/08/18,浦和,11,秋風月特別Ｂ３二,1500,ダ,左,稍重,曇,11,2,2,コウユーユメノヨウ,牝,4,54.0,0,0,半澤慶,宇野博,,,,,,,0,0
2025/08/18,浦和,12,納涼特別Ｃ１Ｃ２選抜馬イ選抜馬ア,2000,ダ,左,稍重,曇,12,6,8,ロットゥーラ,牡,5,55.0,464,16,野畑凌,小久智,,1,2:10.6,37.9,8-8-3-1,4,464,16
2025/08/18,浦和,12,納涼特別Ｃ１Ｃ２選抜馬イ選抜馬ア,2000,ダ,左,稍重,曇,12,3,3,リケアオランジュ,牝,4,53.0,374,-2,福原杏,入口由,,2,2:11.2,38.4,5-5-6-4,5,374,-2
2025/08/18,浦和,12,納涼特別Ｃ１Ｃ２選抜馬イ選抜馬ア,2000,ダ,左,稍重,曇,12,5,6,ユイノパチョレック,牡,4,57.0,491,-3,岡村健,工藤伸,,3,2:11.4,38.5,6-6-7-5,1,491,-3
2025/08/18,浦和,12,納涼特別Ｃ１Ｃ２選抜馬イ選抜馬ア,2000,ダ,左,稍重,曇,12,5,5,ダイヤクリスタル,牝,4,53.0,427,5,加藤和,入口由,,4,2:11.7,39.0,3-4-5-3,7,427,5
2025/08/18,浦和,12,納涼特別Ｃ１Ｃ２選抜馬イ選抜馬ア,2000,ダ,左,稍重,曇,12,7,10,エコロジョイアー,牡,5,55.0,490,-7,笹川翼,小久智,,5,2:12.0,39.4,2-2-4-7,3,490,-7
2025/08/18,浦和,12,納涼特別Ｃ１Ｃ２選抜馬イ選抜馬ア,2000,ダ,左,稍重,曇,12,8,12,マナコル,牡,3,56.0,514,-2,西啓太,藤原智,,6,2:12.0,39.4,4-3-2-6,6,514,-2
2025/08/18,浦和,12,納涼特別Ｃ１Ｃ２選抜馬イ選抜馬ア,2000,ダ,左,稍重,曇,12,6,7,グレートスピリット,牡,4,55.0,517,0,保園翔,野口寛,,7,2:12.0,39.7,1-1-1-2,2,517,0
2025/08/18,浦和,12,納涼特別Ｃ１Ｃ２選抜馬イ選抜馬ア,2000,ダ,左,稍重,曇,12,2,2,ニシノメサイア,牝,5,53.0,448,-2,山林信,小澤宏,,8,2:12.2,39.0,7-7-8-8,9,448,-2
2025/08/18,浦和,12,納涼特別Ｃ１Ｃ２選抜馬イ選抜馬ア,2000,ダ,左,稍重,曇,12,7,9,キミトユメヲカケル,牝,5,53.0,433,2,菅原涼,長谷忍,,9,2:12.4,38.7,11-11-10-12,8,433,2
2025/08/18,浦和,12,納涼特別Ｃ１Ｃ２選抜馬イ選抜馬ア,2000,ダ,左,稍重,曇,12,8,11,スマイルポピー,牝,5,53.0,491,1,室陽一,小澤宏,,10,2:12.4,38.6,10-10-11-9,10,491,1
2025/08/18,浦和,12,納涼特別Ｃ１Ｃ２選抜馬イ選抜馬ア,2000,ダ,左,稍重,曇,12,4,4,ジオパークマグマ,牡,7,53.0,472,2,中島良,川島豊,,11,2:12.5,39.1,9-9-9-10,12,472,2
2025/08/18,浦和,12,納涼特別Ｃ１Ｃ２選抜馬イ選抜馬ア,2000,ダ,左,稍重,曇,12,1,1,ポンテドラーゴ,牡,6,55.0,498,-3,藤江渉,入口由,,12,2:12.7,38.9,12-12-12-11,11,498,-3
2025/08/19,浦和,1,浦和８００ラウンドＣ３選抜馬イ,800,ダ,左,稍重,晴,10,2,2,ロングビーチ,牝,4,54.0,411,4,笹川翼,藤原智,,1,0:47.2,35.2,2-1,2,411,4
2025/08/19,浦和,1,浦和８００ラウンドＣ３選抜馬イ,800,ダ,左,稍重,晴,10,5,5,カラドボルグ,牡,7,53.0,497,-4,中山遥,吉田正,,2,0:47.6,35.6,1-2,1,497,-4
2025/08/19,浦和,1,浦和８００ラウンドＣ３選抜馬イ,800,ダ,左,稍重,晴,10,8,10,リュウノアーダーン,牝,7,54.0,442,6,篠谷葵,川村守,,3,0:48.1,35.7,5-4,5,442,6
2025/08/19,浦和,1,浦和８００ラウンドＣ３選抜馬イ,800,ダ,左,稍重,晴,10,7,7,ダイエービルベリー,牝,7,54.0,497,1,岡村健,酒井一,,4,0:48.1,36.1,3-3,4,497,1
2025/08/19,浦和,1,浦和８００ラウンドＣ３選抜馬イ,800,ダ,左,稍重,晴,10,6,6,クリプリンセス,牝,5,54.0,420,1,國分祐,冨田敏,,5,0:48.7,35.9,6-6,10,420,1
2025/08/19,浦和,1,浦和８００ラウンドＣ３選抜馬イ,800,ダ,左,稍重,晴,10,4,4,アカルイスモウブ,牝,6,54.0,429,8,岡田大,冨田敏,,6,0:48.7,36.6,4-5,6,429,8
2025/08/19,浦和,1,浦和８００ラウンドＣ３選抜馬イ,800,ダ,左,稍重,晴,10,3,3,スマートドラフト,牝,6,54.0,442,4,赤津和,鈴木勝,,7,0:49.2,35.9,9-9,7,442,4
2025/08/19,浦和,1,浦和８００ラウンドＣ３選抜馬イ,800,ダ,左,稍重,晴,10,8,9,ブライトソール,牡,6,56.0,441,-3,吉留孝,薮口一,,8,0:49.2,36.2,8-7,9,441,-3
2025/08/19,浦和,1,浦和８００ラウンドＣ３選抜馬イ,800,ダ,左,稍重,晴,10,7,8,ゴールドボード,牝,6,54.0,519,4,保園翔,箕輪武,,9,0:49.5,36.8,7-8,3,519,4
2025/08/19,浦和,1,浦和８００ラウンドＣ３選抜馬イ,800,ダ,左,稍重,晴,10,1,1,ゴールドバニー,牝,5,54.0,499,12,見越彬,野口孝,,10,0:49.7,36.4,10-10,8,499,12
2025/08/19,浦和,2,浦和８００ラウンドＣ３選抜馬ア,800,ダ,左,稍重,晴,11,7,9,メーネフロタント,牝,5,51.0,487,-1,中山遥,小林真,,1,0:46.9,35.0,3-3,4,487,-1
2025/08/19,浦和,2,浦和８００ラウンドＣ３選抜馬ア,800,ダ,左,稍重,晴,11,7,8,アースメロディ,牝,4,54.0,501,2,七夕裕,箕輪武,,2,0:47.2,35.3,2-1,2,501,2
2025/08/19,浦和,2,浦和８００ラウンドＣ３選抜馬ア,800,ダ,左,稍重,晴,11,8,11,アシャンテガール,牝,4,54.0,418,7,西啓太,藤原智,,3,0:47.2,35.0,4-4,3,418,7
2025/08/19,浦和,2,浦和８００ラウンドＣ３選抜馬ア,800,ダ,左,稍重,晴,11,3,3,スプリングローズ,牝,7,54.0,450,-8,山中悠,小久智,,4,0:47.3,35.4,1-2,1,450,-8
2025/08/19,浦和,2,浦和８００ラウンドＣ３選抜馬ア,800,ダ,左,稍重,晴,11,4,4,リチェルカータ,牝,8,54.0,466,9,野畑凌,小澤宏,,5,0:47.6,34.1,9-7,7,466,9
2025/08/19,浦和,2,浦和８００ラウンドＣ３選抜馬ア,800,ダ,左,稍重,晴,11,1,1,クリノイザナミ,牝,4,54.0,498,-3,室陽一,宇野博,,6,0:47.8,34.7,7-8,5,498,-3
2025/08/19,浦和,2,浦和８００ラウンドＣ３選抜馬ア,800,ダ,左,稍重,晴,11,2,2,ライスライス,牝,4,54.0,406,-6,櫻井光,工藤伸,,7,0:48.0,35.4,5-5,10,406,-6
2025/08/19,浦和,2,浦和８００ラウンドＣ３選抜馬ア,800,ダ,左,稍重,晴,11,5,5,シャイニングアース,牡,4,56.0,475,0,赤津和,薮口一,,8,0:48.4,35.5,8-9,11,475,0
2025/08/19,浦和,2,浦和８００ラウンドＣ３選抜馬ア,800,ダ,左,稍重,晴,11,8,10,アマゴ,牝,6,54.0,481,8,保園翔,箕輪武,,9,0:48.6,35.1,10-10,9,481,8
2025/08/19,浦和,2,浦和８００ラウンドＣ３選抜馬ア,800,ダ,左,稍重,晴,11,6,6,シンキングセンティ,牝,6,54.0,469,4,岡田大,川村守,,10,0:48.7,36.1,6-6,6,469,4
2025/08/19,浦和,2,浦和８００ラウンドＣ３選抜馬ア,800,ダ,左,稍重,晴,11,6,7,リッキーマキアート,牝,5,52.0,487,5,中島良,酒井一,,11,0:49.1,35.2,11-11,8,487,5
2025/08/19,浦和,3,２歳四,1300,ダ,左,稍重,晴,5,2,2,カラフルロケット,牝,2,54.0,401,-4,西啓太,藤原智,,1,1:23.7,38.0,4-4-4-3,1,401,-4
2025/08/19,浦和,3,２歳四,1300,ダ,左,稍重,晴,5,3,3,ハリッサ,牝,2,51.0,449,-8,中山遥,水野貴,,2,1:24.0,39.1,1-2-2-1,2,449,-8
2025/08/19,浦和,3,２歳四,1300,ダ,左,稍重,晴,5,1,1,カシノマラカイト,牝,2,54.0,411,2,吉留孝,鹿沼和,,3,1:25.3,40.7,2-1-1-2,4,411,2
2025/08/19,浦和,3,２歳四,1300,ダ,左,稍重,晴,5,5,5,ルシードファルチェ,牝,2,54.0,402,2,菅原涼,藤原智,,4,1:25.6,40.5,3-3-3-4,3,402,2
2025/08/19,浦和,3,２歳四,1300,ダ,左,稍重,晴,5,4,4,スタールル,牝,2,54.0,407,6,保園翔,川村守,,5,1:26.1,39.8,5-5-5-5,5,407,6
2025/08/19,浦和,4,３歳四,1400,ダ,左,稍重,晴,11,3,3,コスモグッドラック,牡,3,56.0,510,-11,野畑凌,箕輪武,,1,1:28.2,37.1,5-3-2-2,1,510,-11
2025/08/19,浦和,4,３歳四,1400,ダ,左,稍重,晴,11,7,9,パワーオブザキング,セ,0,56.0,466,-1,見越彬,鹿沼和,,2,1:28.2,37.3,1-1-1-1,3,466,-1
2025/08/19,浦和,4,３歳四,1400,ダ,左,稍重,晴,11,8,11,ノメンターノ,牝,3,54.0,427,-10,岡田大,薮口一,,3,1:30.2,38.8,6-6-5-3,2,427,-10
2025/08/19,浦和,4,３歳四,1400,ダ,左,稍重,晴,11,4,4,シェルヴァレイ,牡,3,56.0,442,1,藤江渉,酒井一,,4,1:30.8,37.7,9-10-7-6,8,442,1
2025/08/19,浦和,4,３歳四,1400,ダ,左,稍重,晴,11,5,5,ビップリアム,牡,3,56.0,460,4,保園翔,繁田健,,5,1:30.9,39.5,3-4-3-4,4,460,4
2025/08/19,浦和,4,３歳四,1400,ダ,左,稍重,晴,11,6,7,キンピカ,牡,3,56.0,382,1,櫻井光,工藤伸,,6,1:31.2,39.0,4-5-6-7,5,382,1
2025/08/19,浦和,4,３歳四,1400,ダ,左,稍重,晴,11,2,2,クレストライン,牝,3,54.0,431,11,室陽一,入口由,,7,1:31.6,38.1,11-11-11-11,10,431,11
2025/08/19,浦和,4,３歳四,1400,ダ,左,稍重,晴,11,6,6,イエスユイキャン,牝,3,54.0,422,-2,吉留孝,薮口一,,8,1:31.7,38.6,8-8-9-8,7,422,-2
2025/08/19,浦和,4,３歳四,1400,ダ,左,稍重,晴,11,1,1,ショウワスタイル,牡,3,56.0,456,4,赤津和,海馬司,,9,1:31.7,38.6,10-9-10-9,9,456,4
2025/08/19,浦和,4,３歳四,1400,ダ,左,稍重,晴,11,8,10,メラ,牝,3,54.0,548,3,加藤和,長谷忍,,10,1:32.2,40.9,2-2-4-5,6,548,3
2025/08/19,浦和,4,３歳四,1400,ダ,左,稍重,晴,11,7,8,ダイノメロディ,セ,0,56.0,443,-15,半澤慶,藤原智,,11,1:32.9,40.3,7-7-8-10,11,443,-15
2025/08/19,浦和,5,３歳三,1400,ダ,左,稍重,晴,11,6,6,ハクシンドラゴン,セ,0,56.0,444,3,櫻井光,平山真,,1,1:29.1,39.1,6-6-5-4,5,444,3
2025/08/19,浦和,5,３歳三,1400,ダ,左,稍重,晴,11,8,11,ノーザトゥルース,牝,3,54.0,470,3,笹川翼,水野貴,,2,1:29.3,39.8,3-3-2-1,1,470,3
2025/08/19,浦和,5,３歳三,1400,ダ,左,稍重,晴,11,5,5,ショウナンバージ,牝,3,54.0,432,-3,野畑凌,小久智,,3,1:29.7,40.0,5-4-4-2,2,432,-3
2025/08/19,浦和,5,３歳三,1400,ダ,左,稍重,晴,11,4,4,フィザリス,牡,3,56.0,461,-4,藤原幹,藤原智,,4,1:30.5,40.3,7-7-6-6,9,461,-4
2025/08/19,浦和,5,３歳三,1400,ダ,左,稍重,晴,11,7,9,ブーシェノワール,牝,3,54.0,414,3,藤江渉,酒井一,,5,1:30.9,40.2,8-8-8-8,10,414,3
2025/08/19,浦和,5,３歳三,1400,ダ,左,稍重,晴,11,2,2,ミスレモン,牝,3,54.0,494,-37,七夕裕,箕輪武,,6,1:31.1,39.7,10-10-10-7,3,494,-37
2025/08/19,浦和,5,３歳三,1400,ダ,左,稍重,晴,11,7,8,クマサンアリガトウ,牝,3,54.0,480,-3,福原杏,宇野博,,7,1:31.2,41.8,2-2-1-3,4,480,-3
2025/08/19,浦和,5,３歳三,1400,ダ,左,稍重,晴,11,3,3,セイブザクイーン,牝,3,54.0,489,3,半澤慶,宇野博,,8,1:31.3,40.1,9-9-9-10,11,489,3
2025/08/19,浦和,5,３歳三,1400,ダ,左,稍重,晴,11,1,1,メイジョウビット,牝,3,54.0,442,2,赤津和,酒井一,,9,1:31.4,42.0,1-1-3-5,7,442,2
2025/08/19,浦和,5,３歳三,1400,ダ,左,稍重,晴,11,6,7,レインボーグラン,牝,3,51.0,425,8,中山遥,酒井一,,10,1:32.4,40.5,11-11-11-11,8,425,8
2025/08/19,浦和,5,３歳三,1400,ダ,左,稍重,晴,11,8,10,オレイニウタイマス,牝,3,54.0,455,5,室陽一,宇野博,,11,1:33.8,43.6,4-5-7-9,6,455,5
2025/08/19,浦和,6,Ｃ３四,1400,ダ,左,稍重,晴,10,7,7,ダンシングエリカ,牝,4,51.0,429,3,中山遥,小林真,,1,1:29.1,39.5,2-2-1-1,1,429,3
2025/08/19,浦和,6,Ｃ３四,1400,ダ,左,稍重,晴,10,8,9,ハヌマーンビーチ,牡,5,56.0,454,-3,福原杏,鹿沼和,,2,1:29.7,39.9,5-3-3-2,2,454,-3
2025/08/19,浦和,6,Ｃ３四,1400,ダ,左,稍重,晴,10,5,5,モズマスターピース,牡,5,56.0,482,3,高橋哲,入口由,,3,1:30.0,39.2,7-7-6-4,4,482,3
2025/08/19,浦和,6,Ｃ３四,1400,ダ,左,稍重,晴,10,7,8,アイブライト,牡,5,56.0,468,-3,笠野雄,海馬司,,4,1:30.4,39.9,6-6-5-6,7,468,-3
2025/08/19,浦和,6,Ｃ３四,1400,ダ,左,稍重,晴,10,1,1,スターコマチ,牝,6,54.0,425,4,保園翔,川村守,,5,1:30.7,38.9,9-9-9-7,8,425,4
2025/08/19,浦和,6,Ｃ３四,1400,ダ,左,稍重,晴,10,3,3,クラダイリン,牝,5,53.0,520,-6,鷹見陸,長谷忍,,6,1:30.8,39.4,8-8-8-8,5,520,-6
2025/08/19,浦和,6,Ｃ３四,1400,ダ,左,稍重,晴,10,2,2,オンネア,牝,4,54.0,461,3,室陽一,入口由,,7,1:31.7,41.3,4-5-4-5,3,461,3
2025/08/19,浦和,6,Ｃ３四,1400,ダ,左,稍重,晴,10,8,10,シャコンヌ,セ,0,56.0,460,4,半澤慶,宇野博,,8,1:31.8,42.2,1-1-2-3,6,460,4
2025/08/19,浦和,6,Ｃ３四,1400,ダ,左,稍重,晴,10,6,6,ナリタアンビション,牝,5,54.0,411,2,七夕裕,川島豊,,9,1:32.8,40.2,10-10-10-10,9,411,2
2025/08/19,浦和,6,Ｃ３四,1400,ダ,左,稍重,晴,10,4,4,ミシェルエルクール,牝,4,52.0,490,4,中島良,川島豊,,10,1:34.0,43.6,3-4-7-9,10,490,4
2025/08/19,浦和,7,幻の梨　白岡美人爆誕賞Ｃ１三 四,1500,ダ,左,稍重,晴,10,2,2,ツェルニー,牝,4,54.0,459,4,見越彬,鹿沼和,,1,1:34.1,37.6,1-1-1-1,1,459,4
2025/08/19,浦和,7,幻の梨　白岡美人爆誕賞Ｃ１三 四,1500,ダ,左,稍重,晴,10,5,5,ベストリターナー,セ,0,56.0,525,-1,本田重,宇野博,,2,1:35.0,38.3,2-2-2-2,3,525,-1
2025/08/19,浦和,7,幻の梨　白岡美人爆誕賞Ｃ１三 四,1500,ダ,左,稍重,晴,10,4,4,トーセンジニアール,牡,5,56.0,449,2,笹川翼,小久智,,3,1:35.6,38.8,3-3-3-3,2,449,2
2025/08/19,浦和,7,幻の梨　白岡美人爆誕賞Ｃ１三 四,1500,ダ,左,稍重,晴,10,7,8,ロードアスタリスク,牡,5,56.0,489,0,室陽一,吉田正,,4,1:36.0,38.8,5-5-4-4,6,489,0
2025/08/19,浦和,7,幻の梨　白岡美人爆誕賞Ｃ１三 四,1500,ダ,左,稍重,晴,10,7,7,ラグーンプリンセス,牝,4,54.0,459,6,藤本現,箕輪武,,5,1:36.0,38.3,6-6-5-5,7,459,6
2025/08/19,浦和,7,幻の梨　白岡美人爆誕賞Ｃ１三 四,1500,ダ,左,稍重,晴,10,1,1,ブラーノマーノ,牡,5,53.0,475,2,山本大,山本学,,6,1:36.3,37.9,9-9-7-7,5,475,2
2025/08/19,浦和,7,幻の梨　白岡美人爆誕賞Ｃ１三 四,1500,ダ,左,稍重,晴,10,6,6,ジャストチャックル,牝,4,52.0,459,4,中島良,小澤宏,,7,1:36.5,39.1,4-4-6-6,8,459,4
2025/08/19,浦和,7,幻の梨　白岡美人爆誕賞Ｃ１三 四,1500,ダ,左,稍重,晴,10,3,3,アマモト,牡,4,56.0,477,-7,野畑凌,水野貴,,8,1:37.0,38.7,10-10-8-8,4,477,-7
2025/08/19,浦和,7,幻の梨　白岡美人爆誕賞Ｃ１三 四,1500,ダ,左,稍重,晴,10,8,9,リュラグリーン,牝,4,54.0,480,6,高橋哲,川村守,,9,1:38.0,39.4,7-7-9-9,10,480,6
2025/08/19,浦和,7,幻の梨　白岡美人爆誕賞Ｃ１三 四,1500,ダ,左,稍重,晴,10,8,10,レオズソーダライト,牝,9,54.0,471,-2,半澤慶,海馬司,,,,,8-8,9,471,-2
2025/08/19,浦和,8,浦和エイトチャレンジＣ１三 四,1400,ダ,左,稍重,晴,8,2,2,クマノコ,牝,3,53.0,451,-4,張田昂,宇野博,,1,1:27.8,39.4,1-1-1-1,2,451,-4
2025/08/19,浦和,8,浦和エイトチャレンジＣ１三 四,1400,ダ,左,稍重,晴,8,6,6,エイシンゾディアク,牡,4,56.0,451,2,七夕裕,横山保,,2,1:27.9,39.2,5-3-3-2,3,451,2
2025/08/19,浦和,8,浦和エイトチャレンジＣ１三 四,1400,ダ,左,稍重,晴,8,1,1,ダイヤモンドキッス,牡,4,53.0,518,3,中山遥,鹿沼和,,3,1:28.3,39.3,4-4-4-4,4,518,3
2025/08/19,浦和,8,浦和エイトチャレンジＣ１三 四,1400,ダ,左,稍重,晴,8,8,8,ディセントラライズ,牡,4,56.0,466,10,保園翔,川村守,,4,1:28.7,38.3,8-8-8-5,6,466,10
2025/08/19,浦和,8,浦和エイトチャレンジＣ１三 四,1400,ダ,左,稍重,晴,8,7,7,マロンシャンテリー,牡,4,56.0,470,8,赤津和,工藤伸,,5,1:28.7,40.2,2-2-2-3,7,470,8
2025/08/19,浦和,8,浦和エイトチャレンジＣ１三 四,1400,ダ,左,稍重,晴,8,4,4,ヴァラムノス,牝,4,54.0,432,-1,福原杏,水野貴,,6,1:29.4,39.9,6-6-6-7,5,432,-1
2025/08/19,浦和,8,浦和エイトチャレンジＣ１三 四,1400,ダ,左,稍重,晴,8,5,5,ゴルトレオパルト,牡,5,55.0,496,2,佐野遥,箕輪武,,7,1:29.6,39.8,7-7-7-8,8,496,2
2025/08/19,浦和,8,浦和エイトチャレンジＣ１三 四,1400,ダ,左,稍重,晴,8,3,3,ノヴァヴィア,牝,3,53.0,451,-1,見越彬,小久智,,8,1:30.3,41.1,3-5-5-6,1,451,-1
2025/08/19,浦和,9,Ｊ交 ツインサマー特別３歳Ｃ１級馬未格付,1400,ダ,左,稍重,晴,12,3,3,シャルパンティエ,牝,3,54.0,421,-5,野畑凌,南田美,,1,1:27.5,38.9,6-4-4-3,7,421,-5
2025/08/19,浦和,9,Ｊ交 ツインサマー特別３歳Ｃ１級馬未格付,1400,ダ,左,稍重,晴,12,8,12,チュラット,牝,3,54.0,440,2,武藤雅,水野貴,,2,1:27.6,39.4,3-2-2-1,4,440,2
2025/08/19,浦和,9,Ｊ交 ツインサマー特別３歳Ｃ１級馬未格付,1400,ダ,左,稍重,晴,12,6,8,オニアシ,牡,3,57.0,451,0,西啓太,藤原智,,3,1:27.9,38.8,5-5-6-5,2,451,0
2025/08/19,浦和,9,Ｊ交 ツインサマー特別３歳Ｃ１級馬未格付,1400,ダ,左,稍重,晴,12,2,2,グリューネベルグ,牝,3,54.0,445,3,原優介,青木孝,,4,1:28.0,39.2,7-6-5-4,1,445,3
2025/08/19,浦和,9,Ｊ交 ツインサマー特別３歳Ｃ１級馬未格付,1400,ダ,左,稍重,晴,12,4,4,キタノショウリュウ,牡,3,56.0,488,18,野中悠,伊藤伸,,5,1:28.0,39.8,1-1-1-2,6,488,18
2025/08/19,浦和,9,Ｊ交 ツインサマー特別３歳Ｃ１級馬未格付,1400,ダ,左,稍重,晴,12,1,1,ビナハイフォン,牝,3,55.0,469,-17,岡村健,酒井一,,6,1:28.4,38.2,9-11-11-10,8,469,-17
2025/08/19,浦和,9,Ｊ交 ツインサマー特別３歳Ｃ１級馬未格付,1400,ダ,左,稍重,晴,12,5,6,ヨルノチョウ,牝,3,54.0,467,-1,張田昂,平山真,,7,1:28.7,38.1,12-12-12-11,11,467,-1
2025/08/19,浦和,9,Ｊ交 ツインサマー特別３歳Ｃ１級馬未格付,1400,ダ,左,稍重,晴,12,8,11,ステラマテュティナ,牝,3,54.0,427,-5,山中悠,高柳瑞,,8,1:28.8,39.3,4-7-8-9,5,427,-5
2025/08/19,浦和,9,Ｊ交 ツインサマー特別３歳Ｃ１級馬未格付,1400,ダ,左,稍重,晴,12,7,9,パラソーレ,牝,3,55.0,453,8,本田重,水野貴,,9,1:28.8,38.9,8-8-9-7,10,453,8
2025/08/19,浦和,9,Ｊ交 ツインサマー特別３歳Ｃ１級馬未格付,1400,ダ,左,稍重,晴,12,6,7,トーケンクミー,牝,3,55.0,430,-1,福原杏,小澤宏,,10,1:29.0,39.1,11-10-7-6,9,430,-1
2025/08/19,浦和,9,Ｊ交 ツインサマー特別３歳Ｃ１級馬未格付,1400,ダ,左,稍重,晴,12,5,5,コンバットスピカ,牝,3,54.0,465,4,七夕裕,工藤伸,,11,1:29.9,39.9,10-9-10-12,12,465,4
2025/08/19,浦和,9,Ｊ交 ツインサマー特別３歳Ｃ１級馬未格付,1400,ダ,左,稍重,晴,12,7,10,リケアコンパンナ,牡,3,56.0,470,2,笹川翼,村田一,,12,1:30.9,42.7,2-3-3-8,3,470,2
2025/08/19,浦和,10,雁来月特別Ｃ２二,1500,ダ,左,稍重,晴,11,7,8,チカチャン,牝,4,54.0,412,-10,岡村健,平山真,,1,1:35.8,37.9,4-4-4-3,4,412,-10
2025/08/19,浦和,10,雁来月特別Ｃ２二,1500,ダ,左,稍重,晴,11,8,10,ノクターナル,牝,4,54.0,456,-1,本田重,水野貴,,2,1:35.8,38.4,2-2-2-2,2,456,-1
2025/08/19,浦和,10,雁来月特別Ｃ２二,1500,ダ,左,稍重,晴,11,5,5,ハナチルサト,牝,4,54.0,440,5,町田直,宇野博,,3,1:36.0,37.2,10-10-8-8,1,440,5
2025/08/19,浦和,10,雁来月特別Ｃ２二,1500,ダ,左,稍重,晴,11,2,2,カラフルピーチ,牝,4,54.0,442,0,櫻井光,平山真,,4,1:36.1,37.8,6-6-6-6,6,442,0
2025/08/19,浦和,10,雁来月特別Ｃ２二,1500,ダ,左,稍重,晴,11,3,3,テーオーダムール,牡,4,56.0,517,-5,達城龍,川島豊,,5,1:36.1,38.3,5-5-5-5,7,517,-5
2025/08/19,浦和,10,雁来月特別Ｃ２二,1500,ダ,左,稍重,晴,11,8,11,ジンフィンドール,牝,5,54.0,461,3,篠谷葵,林正人,,6,1:36.2,38.7,3-3-3-4,5,461,3
2025/08/19,浦和,10,雁来月特別Ｃ２二,1500,ダ,左,稍重,晴,11,1,1,シェナクラウン,牡,5,56.0,508,-1,吉留孝,冨田敏,,7,1:36.2,37.6,9-9-7-7,8,508,-1
2025/08/19,浦和,10,雁来月特別Ｃ２二,1500,ダ,左,稍重,晴,11,6,6,マラカイト,牝,4,54.0,473,13,笹川翼,小久智,,8,1:36.7,39.4,1-1-1-1,3,473,13
2025/08/19,浦和,10,雁来月特別Ｃ２二,1500,ダ,左,稍重,晴,11,6,7,エイシンヘーメラー,牝,5,54.0,405,-8,室陽一,入口由,,9,1:37.3,38.2,11-11-11-9,9,405,-8
2025/08/19,浦和,10,雁来月特別Ｃ２二,1500,ダ,左,稍重,晴,11,4,4,サンクラフィーネ,牝,4,51.0,479,-4,中山遥,野口寛,,10,1:38.2,39.6,7-7-9-10,10,479,-4
2025/08/19,浦和,10,雁来月特別Ｃ２二,1500,ダ,左,稍重,晴,11,7,9,チェスナットドレス,牝,8,54.0,464,1,國分祐,冨田敏,,11,1:38.5,39.7,8-8-10-11,11,464,1
2025/08/19,浦和,11,浦和スプリントオープン３上,1400,ダ,左,稍重,晴,7,7,7,シーサーペント,牡,5,56.0,491,2,笹川翼,小久智,,1,1:26.3,36.2,3-3-2-2,2,491,2
2025/08/19,浦和,11,浦和スプリントオープン３上,1400,ダ,左,稍重,晴,7,3,3,ハセノエクスプレス,牡,7,54.0,458,-2,西啓太,張田京,,2,1:26.4,36.5,1-1-1-1,6,458,-2
2025/08/19,浦和,11,浦和スプリントオープン３上,1400,ダ,左,稍重,晴,7,1,1,ツーシャドー,牝,6,55.0,499,9,張田昂,小澤宏,,3,1:26.6,36.4,4-4-4-3,1,499,9
2025/08/19,浦和,11,浦和スプリントオープン３上,1400,ダ,左,稍重,晴,7,6,6,ケンアトラス,牡,4,53.0,474,1,藤本現,繁田健,,4,1:26.8,36.4,6-6-5-5,3,474,1
2025/08/19,浦和,11,浦和スプリントオープン３上,1400,ダ,左,稍重,晴,7,5,5,ウインドフレイバー,牡,5,54.0,478,-4,町田直,繁田健,,5,1:27.0,36.3,7-7-6-4,4,478,-4
2025/08/19,浦和,11,浦和スプリントオープン３上,1400,ダ,左,稍重,晴,7,4,4,ティーファイブ,牡,6,53.0,485,11,山中悠,小久智,,6,1:28.2,38.2,2-2-3-6,5,485,11
2025/08/19,浦和,11,浦和スプリントオープン３上,1400,ダ,左,稍重,晴,7,2,2,レベルフォー,牡,9,54.0,500,7,藤原幹,矢野義,,7,1:28.4,37.7,5-5-7-7,7,500,7
2025/08/19,浦和,12,夕涼み特別Ｂ２Ｂ３選抜馬,2000,ダ,左,稍重,晴,8,6,6,ラブアンドハピネス,牝,4,53.0,440,6,半澤慶,平山真,,1,2:09.7,36.7,3-3-3-1,4,440,6
2025/08/19,浦和,12,夕涼み特別Ｂ２Ｂ３選抜馬,2000,ダ,左,稍重,晴,8,1,1,シャンボール,牡,5,57.0,484,-2,藤本現,高野毅,,2,2:10.4,37.7,1-1-1-2,1,484,-2
2025/08/19,浦和,12,夕涼み特別Ｂ２Ｂ３選抜馬,2000,ダ,左,稍重,晴,8,7,7,ロイヤルザップ,牡,6,57.0,497,-1,笹川翼,宇野博,,3,2:10.6,37.5,4-4-4-3,2,497,-1
2025/08/19,浦和,12,夕涼み特別Ｂ２Ｂ３選抜馬,2000,ダ,左,稍重,晴,8,5,5,ベルガラス,牡,4,55.0,470,-2,岡村健,齊藤敏,,4,2:10.6,37.1,7-7-6-5,6,470,-2
2025/08/19,浦和,12,夕涼み特別Ｂ２Ｂ３選抜馬,2000,ダ,左,稍重,晴,8,3,3,トリグラフ,牡,6,57.0,468,-3,本田重,福田真,,5,2:10.8,36.7,8-8-8-6,3,468,-3
2025/08/19,浦和,12,夕涼み特別Ｂ２Ｂ３選抜馬,2000,ダ,左,稍重,晴,8,2,2,スコプルス,牝,5,53.0,450,-7,澤田龍,齊藤敏,,6,2:10.8,37.9,2-2-2-4,5,450,-7
2025/08/19,浦和,12,夕涼み特別Ｂ２Ｂ３選抜馬,2000,ダ,左,稍重,晴,8,4,4,エーヴベリー,牝,5,55.0,501,5,吉留孝,平山真,,7,2:10.9,37.4,5-5-5-7,8,501,5
2025/08/19,浦和,12,夕涼み特別Ｂ２Ｂ３選抜馬,2000,ダ,左,稍重,晴,8,8,8,イエヴァンポルッカ,牡,6,55.0,529,-1,赤津和,宇野博,,8,2:12.2,38.7,6-6-7-8,7,529,-1
2025/08/20,浦和,1,特選Ｃ３二 三,1400,ダ,左,良,晴,12,8,11,エムティリラ,牝,4,54.0,435,4,福原杏,平山真,,1,1:29.6,38.8,3-3-3-1,3,435,4
2025/08/20,浦和,1,特選Ｃ３二 三,1400,ダ,左,良,晴,12,5,5,スイフトマリー,牝,6,54.0,401,2,岡村健,酒井一,,2,1:30.5,38.3,11-11-11-6,6,401,2
2025/08/20,浦和,1,特選Ｃ３二 三,1400,ダ,左,良,晴,12,4,4,ホウショウディーバ,牝,4,54.0,444,9,室陽一,小久智,,3,1:30.7,39.3,6-6-4-4,1,444,9
2025/08/20,浦和,1,特選Ｃ３二 三,1400,ダ,左,良,晴,12,7,9,ピノヌイ,牡,4,55.0,510,6,佐野遥,野口孝,,4,1:30.9,39.0,9-10-8-8,9,510,6
2025/08/20,浦和,1,特選Ｃ３二 三,1400,ダ,左,良,晴,12,6,8,イサチルイトムスビ,牝,4,54.0,484,3,野畑凌,宇野博,,5,1:31.0,40.2,2-2-2-2,2,484,3
2025/08/20,浦和,1,特選Ｃ３二 三,1400,ダ,左,良,晴,12,7,10,ロンギングキイ,牝,4,54.0,485,3,七夕裕,箕輪武,,6,1:31.2,39.6,8-8-5-5,5,485,3
2025/08/20,浦和,1,特選Ｃ３二 三,1400,ダ,左,良,晴,12,6,7,ワンダーフィール,牡,4,56.0,487,3,高橋哲,鈴木勝,,7,1:31.4,39.5,10-9-9-7,7,487,3
2025/08/20,浦和,1,特選Ｃ３二 三,1400,ダ,左,良,晴,12,8,12,バララララララ,牝,5,51.0,428,0,加藤雄,工藤伸,,8,1:32.0,40.6,5-5-6-9,11,428,0
2025/08/20,浦和,1,特選Ｃ３二 三,1400,ダ,左,良,晴,12,1,1,ドーバーファルコン,セ,0,56.0,466,-8,櫻井光,海馬司,,9,1:32.5,39.3,12-12-12-11,10,466,-8
2025/08/20,浦和,1,特選Ｃ３二 三,1400,ダ,左,良,晴,12,2,2,レモンスフレ,牝,4,54.0,420,9,半澤慶,入口由,,10,1:32.5,40.6,7-7-10-10,12,420,9
2025/08/20,浦和,1,特選Ｃ３二 三,1400,ダ,左,良,晴,12,5,6,カリスイモン,牝,4,56.0,439,3,西啓太,水上直,,11,1:32.6,41.8,1-1-1-3,4,439,3
2025/08/20,浦和,1,特選Ｃ３二 三,1400,ダ,左,良,晴,12,3,3,スイートウィル,牝,4,51.0,430,2,中山遥,川島豊,,12,1:33.0,41.7,4-4-7-12,8,430,2
2025/08/20,浦和,2,３歳五,1300,ダ,左,良,晴,11,6,7,オーシンブーケ,牝,3,54.0,442,12,笹川翼,小久智,,1,1:23.2,39.8,3-2-2-1,1,442,12
2025/08/20,浦和,2,３歳五,1300,ダ,左,良,晴,11,4,4,ポレポレ,牝,3,51.0,411,11,中山遥,酒井一,,2,1:23.3,39.7,2-3-3-2,4,411,11
2025/08/20,浦和,2,３歳五,1300,ダ,左,良,晴,11,8,10,キョウエイサマンサ,牝,3,54.0,461,0,室陽一,小澤宏,,3,1:24.2,40.1,7-7-6-6,3,461,0
2025/08/20,浦和,2,３歳五,1300,ダ,左,良,晴,11,7,8,ベビーヴァギー,牝,3,54.0,406,4,保園翔,野口寛,,4,1:24.3,39.6,9-9-9-7,6,406,4
2025/08/20,浦和,2,３歳五,1300,ダ,左,良,晴,11,6,6,アマミホシゾラフグ,セ,0,56.0,464,2,見越彬,水上直,,5,1:24.6,40.5,6-6-7-5,2,464,2
2025/08/20,浦和,2,３歳五,1300,ダ,左,良,晴,11,1,1,ハーシュミストレス,牝,3,54.0,443,2,七夕裕,酒井一,,6,1:24.8,38.9,10-10-10-10,11,443,2
2025/08/20,浦和,2,３歳五,1300,ダ,左,良,晴,11,8,11,ヒロノカッター,牡,3,56.0,491,4,加藤和,薮口一,,7,1:24.8,40.3,8-8-8-8,9,491,4
2025/08/20,浦和,2,３歳五,1300,ダ,左,良,晴,11,7,9,クレイジーホース,セ,0,56.0,486,3,仲野光,長谷忍,,8,1:25.1,41.4,5-4-4-3,5,486,3
2025/08/20,浦和,2,３歳五,1300,ダ,左,良,晴,11,5,5,カルストンオリビア,牝,3,54.0,408,0,赤津和,工藤伸,,9,1:26.3,43.0,1-1-1-4,8,408,0
2025/08/20,浦和,2,３歳五,1300,ダ,左,良,晴,11,3,3,ゴールドアメリカン,牡,3,56.0,457,-2,高橋哲,野口孝,,10,1:26.6,39.3,11-11-11-11,10,457,-2
2025/08/20,浦和,2,３歳五,1300,ダ,左,良,晴,11,2,2,ユカナミオビーム,牝,3,54.0,458,-2,福原杏,平山真,,,,,4-5-5-9,7,458,-2
2025/08/20,浦和,3,巾着田曼珠沙華まつり賞Ｃ３二 三,1500,ダ,左,良,晴,10,4,4,イチゴホイップ,牝,5,54.0,493,-2,福原杏,海馬司,,1,1:37.6,40.2,1-1-1-1,5,493,-2
2025/08/20,浦和,3,巾着田曼珠沙華まつり賞Ｃ３二 三,1500,ダ,左,良,晴,10,2,2,ミサイルビスケッツ,牝,5,51.0,430,4,神尾香,今井輝,,2,1:38.4,38.9,9-9-7-5,4,430,4
2025/08/20,浦和,3,巾着田曼珠沙華まつり賞Ｃ３二 三,1500,ダ,左,良,晴,10,8,9,フォーゲルヴァイデ,牡,4,56.0,478,11,半澤慶,川島豊,,3,1:38.6,39.9,7-6-5-3,9,478,11
2025/08/20,浦和,3,巾着田曼珠沙華まつり賞Ｃ３二 三,1500,ダ,左,良,晴,10,3,3,グレースミューズ,牝,6,54.0,457,5,赤津和,薮口一,,4,1:39.4,39.3,10-10-10-8,6,457,5
2025/08/20,浦和,3,巾着田曼珠沙華まつり賞Ｃ３二 三,1500,ダ,左,良,晴,10,5,5,タレンテッド,牡,4,56.0,434,-5,野畑凌,箕輪武,,5,1:39.5,41.4,5-5-4-4,3,434,-5
2025/08/20,浦和,3,巾着田曼珠沙華まつり賞Ｃ３二 三,1500,ダ,左,良,晴,10,7,8,トゥジアース,牡,6,56.0,511,4,見越彬,入口由,,6,1:39.8,40.0,8-8-9-10,2,511,4
2025/08/20,浦和,3,巾着田曼珠沙華まつり賞Ｃ３二 三,1500,ダ,左,良,晴,10,6,6,プリンセスパリー,牝,4,54.0,421,0,吉留孝,鈴木勝,,7,1:40.0,40.9,6-7-8-7,8,421,0
2025/08/20,浦和,3,巾着田曼珠沙華まつり賞Ｃ３二 三,1500,ダ,左,良,晴,10,8,10,ワールドバトル,セ,0,56.0,483,0,櫻井光,海馬司,,8,1:40.1,42.5,4-3-2-2,10,483,0
2025/08/20,浦和,3,巾着田曼珠沙華まつり賞Ｃ３二 三,1500,ダ,左,良,晴,10,1,1,ステンノー,牝,5,51.0,488,9,中山遥,小林真,,9,1:40.8,42.1,2-4-6-9,1,488,9
2025/08/20,浦和,3,巾着田曼珠沙華まつり賞Ｃ３二 三,1500,ダ,左,良,晴,10,7,7,アモフリューゲル,牝,5,54.0,458,4,室陽一,水上直,,10,1:41.5,43.8,3-2-3-6,7,458,4
2025/08/20,浦和,4,シャキッとジューシー　蓮田の梨賞Ｃ２選抜,800,ダ,左,良,晴,11,6,7,クインズハッピー,牝,6,54.0,451,1,七夕裕,小林真,,1,0:47.3,35.4,2-1,1,451,1
2025/08/20,浦和,4,シャキッとジューシー　蓮田の梨賞Ｃ２選抜,800,ダ,左,良,晴,11,7,9,ツーエムピシュー,牡,4,56.0,492,-11,山中悠,繁田健,,2,0:47.3,34.9,3-3,2,492,-11
2025/08/20,浦和,4,シャキッとジューシー　蓮田の梨賞Ｃ２選抜,800,ダ,左,良,晴,11,8,10,ファンファン,牡,8,53.0,454,8,中山遥,箕輪武,,3,0:47.9,35.5,7-6,7,454,8
2025/08/20,浦和,4,シャキッとジューシー　蓮田の梨賞Ｃ２選抜,800,ダ,左,良,晴,11,6,6,ロードサミット,牡,5,56.0,478,0,菅原涼,長谷忍,,4,0:47.9,35.5,6-5,6,478,0
2025/08/20,浦和,4,シャキッとジューシー　蓮田の梨賞Ｃ２選抜,800,ダ,左,良,晴,11,5,5,ランウェイクイーン,牝,4,54.0,463,-2,新原周,小澤宏,,5,0:48.0,35.6,5-4,5,463,-2
2025/08/20,浦和,4,シャキッとジューシー　蓮田の梨賞Ｃ２選抜,800,ダ,左,良,晴,11,3,3,ルージュルージュ,牝,4,54.0,462,10,保園翔,長谷忍,,6,0:48.1,36.2,1-2,4,462,10
2025/08/20,浦和,4,シャキッとジューシー　蓮田の梨賞Ｃ２選抜,800,ダ,左,良,晴,11,1,1,ヒーリングピピ,牝,4,54.0,424,6,赤津和,薮口一,,7,0:48.8,36.1,8-8,8,424,6
2025/08/20,浦和,4,シャキッとジューシー　蓮田の梨賞Ｃ２選抜,800,ダ,左,良,晴,11,8,11,ニシノアクシス,牡,8,56.0,489,1,國分祐,吉田正,,8,0:49.1,35.9,10-11,11,489,1
2025/08/20,浦和,4,シャキッとジューシー　蓮田の梨賞Ｃ２選抜,800,ダ,左,良,晴,11,4,4,ベアビー,牝,4,54.0,470,1,加藤和,川島豊,,9,0:49.2,36.3,9-9,9,470,1
2025/08/20,浦和,4,シャキッとジューシー　蓮田の梨賞Ｃ２選抜,800,ダ,左,良,晴,11,2,2,リュウノブライダー,牡,4,56.0,484,6,吉留孝,野口孝,,10,0:49.4,36.1,11-10,10,484,6
2025/08/20,浦和,4,シャキッとジューシー　蓮田の梨賞Ｃ２選抜,800,ダ,左,良,晴,11,7,8,ダンストンムート,牝,5,54.0,462,2,見越彬,野口孝,,11,0:49.9,37.8,4-7,3,462,2
2025/08/20,浦和,5,甘さいっぱい　梨の郷　蓮田賞Ｃ１Ｃ２選抜,800,ダ,左,良,晴,12,2,2,ジョーサルーテ,牝,4,51.0,462,-2,中島良,小久智,,1,0:46.8,34.9,1-1,2,462,-2
2025/08/20,浦和,5,甘さいっぱい　梨の郷　蓮田賞Ｃ１Ｃ２選抜,800,ダ,左,良,晴,12,1,1,ケイアイマゴラ,セ,0,55.0,464,5,櫻井光,海馬司,,2,0:47.5,35.1,5-3,5,464,5
2025/08/20,浦和,5,甘さいっぱい　梨の郷　蓮田賞Ｃ１Ｃ２選抜,800,ダ,左,良,晴,12,7,9,リュミヌーフィーユ,牝,5,55.0,519,4,福原杏,繁田健,,3,0:47.9,36.0,2-2,1,519,4
2025/08/20,浦和,5,甘さいっぱい　梨の郷　蓮田賞Ｃ１Ｃ２選抜,800,ダ,左,良,晴,12,6,7,エリークラウン,牝,6,53.0,475,4,町田直,入口由,,4,0:48.1,35.7,8-8,7,475,4
2025/08/20,浦和,5,甘さいっぱい　梨の郷　蓮田賞Ｃ１Ｃ２選抜,800,ダ,左,良,晴,12,8,11,アイアムカチマショ,牝,5,55.0,477,5,見越彬,川島豊,,5,0:48.2,36.2,3-4,6,477,5
2025/08/20,浦和,5,甘さいっぱい　梨の郷　蓮田賞Ｃ１Ｃ２選抜,800,ダ,左,良,晴,12,4,4,ウオッカガール,牝,5,53.0,507,6,赤津和,箕輪武,,6,0:48.3,35.7,9-7,12,507,6
2025/08/20,浦和,5,甘さいっぱい　梨の郷　蓮田賞Ｃ１Ｃ２選抜,800,ダ,左,良,晴,12,7,10,シェナブライト,牡,7,57.0,536,7,高橋哲,吉田正,,7,0:48.5,36.1,4-5,9,536,7
2025/08/20,浦和,5,甘さいっぱい　梨の郷　蓮田賞Ｃ１Ｃ２選抜,800,ダ,左,良,晴,12,3,3,クラパッション,牝,3,54.0,481,-6,菅原涼,藤原智,,8,0:48.5,36.3,5-6,11,481,-6
2025/08/20,浦和,5,甘さいっぱい　梨の郷　蓮田賞Ｃ１Ｃ２選抜,800,ダ,左,良,晴,12,5,6,ラエティティア,牝,4,55.0,481,1,山中悠,矢野義,,9,0:48.5,35.7,11-11,8,481,1
2025/08/20,浦和,5,甘さいっぱい　梨の郷　蓮田賞Ｃ１Ｃ２選抜,800,ダ,左,良,晴,12,5,5,マンマミーア,牡,4,55.0,479,0,新原周,小澤宏,,10,0:48.7,36.1,10-10,10,479,0
2025/08/20,浦和,5,甘さいっぱい　梨の郷　蓮田賞Ｃ１Ｃ２選抜,800,ダ,左,良,晴,12,8,12,プロスペロ,牡,8,57.0,511,2,西啓太,小澤宏,,11,0:49.1,36.7,7-9,3,511,2
2025/08/20,浦和,5,甘さいっぱい　梨の郷　蓮田賞Ｃ１Ｃ２選抜,800,ダ,左,良,晴,12,6,8,ビナミトー,牝,4,55.0,433,1,岡村健,酒井一,,12,0:51.3,38.7,12-12,4,433,1
2025/08/20,浦和,6,若竹特別２歳一,1500,ダ,左,良,晴,11,1,1,ケンベテルギウス,牡,2,54.0,455,-6,藤本現,繁田健,,1,1:37.7,39.9,8-6-5-4,7,455,-6
2025/08/20,浦和,6,若竹特別２歳一,1500,ダ,左,良,晴,11,7,9,ユウユウコルネット,牝,2,54.0,405,-1,福原杏,横山保,,2,1:37.9,39.7,7-8-7-5,5,405,-1
2025/08/20,浦和,6,若竹特別２歳一,1500,ダ,左,良,晴,11,4,4,ビクトリアリリー,牝,2,54.0,441,20,本田重,繁田健,,3,1:38.3,40.5,10-9-4-1,1,441,20
2025/08/20,浦和,6,若竹特別２歳一,1500,ダ,左,良,晴,11,7,8,ニンゲンテイイナ,牡,2,54.0,505,-3,室陽一,宇野博,,4,1:39.2,40.5,11-11-8-8,8,505,-3
2025/08/20,浦和,6,若竹特別２歳一,1500,ダ,左,良,晴,11,6,6,トルーカ,牡,2,54.0,439,5,笹川翼,小久智,,5,1:39.2,41.8,1-2-1-2,2,439,5
2025/08/20,浦和,6,若竹特別２歳一,1500,ダ,左,良,晴,11,2,2,マイアミマツリ,牡,2,54.0,443,-9,張田昂,野口孝,,6,1:39.5,42.3,2-1-2-3,6,443,-9
2025/08/20,浦和,6,若竹特別２歳一,1500,ダ,左,良,晴,11,6,7,ウールドランジュ,牝,2,54.0,447,1,吉留孝,平山真,,7,1:39.5,41.6,5-5-6-6,10,447,1
2025/08/20,浦和,6,若竹特別２歳一,1500,ダ,左,良,晴,11,5,5,アウフグース,牡,2,54.0,458,8,山中悠,小久智,,8,1:40.3,42.9,4-4-3-7,3,458,8
2025/08/20,浦和,6,若竹特別２歳一,1500,ダ,左,良,晴,11,8,10,コグマザセカンド,牝,2,54.0,427,4,七夕裕,宇野博,,9,1:41.7,42.8,9-10-10-10,11,427,4
2025/08/20,浦和,6,若竹特別２歳一,1500,ダ,左,良,晴,11,8,11,セーブルラヴ,牝,2,54.0,480,9,加藤和,薮口一,,10,1:42.2,43.8,6-7-9-9,9,480,9
2025/08/20,浦和,6,若竹特別２歳一,1500,ダ,左,良,晴,11,3,3,ペチンペチンイテテ,牡,2,54.0,438,-3,野畑凌,水上直,,,,,3-3-11,4,438,-3
2025/08/20,浦和,7,Ｃ１五,1400,ダ,左,良,晴,10,8,9,クラレーヴ,牝,3,53.0,455,-2,保園翔,矢野義,,1,1:28.8,39.0,1-1-1-1,1,455,-2
2025/08/20,浦和,7,Ｃ１五,1400,ダ,左,良,晴,10,1,1,ピュアアメリカン,牝,5,54.0,467,-3,福原杏,小澤宏,,2,1:29.6,39.2,5-5-5-4,3,467,-3
2025/08/20,浦和,7,Ｃ１五,1400,ダ,左,良,晴,10,3,3,ユウユウプルニーマ,牝,4,54.0,449,11,赤津和,横山保,,3,1:30.4,40.0,4-4-4-5,7,449,11
2025/08/20,浦和,7,Ｃ１五,1400,ダ,左,良,晴,10,5,5,エミノマジェスティ,牝,4,51.0,467,1,山本大,玉井勝,,4,1:30.6,39.9,7-7-6-6,6,467,1
2025/08/20,浦和,7,Ｃ１五,1400,ダ,左,良,晴,10,6,6,ファセリア,牡,4,53.0,492,4,中山遥,横山保,,5,1:30.6,40.6,2-2-3-2,5,492,4
2025/08/20,浦和,7,Ｃ１五,1400,ダ,左,良,晴,10,2,2,モーニングタンポポ,牝,3,53.0,432,-2,見越彬,箕輪武,,6,1:30.6,40.6,3-3-2-3,4,432,-2
2025/08/20,浦和,7,Ｃ１五,1400,ダ,左,良,晴,10,7,7,スーパーローズ,牝,8,54.0,482,-4,吉留孝,野口孝,,7,1:30.7,39.2,8-8-8-8,9,482,-4
2025/08/20,浦和,7,Ｃ１五,1400,ダ,左,良,晴,10,4,4,ゴーダンシング,牝,4,54.0,477,5,櫻井光,平山真,,8,1:30.8,40.1,6-6-7-7,2,477,5
2025/08/20,浦和,7,Ｃ１五,1400,ダ,左,良,晴,10,7,8,ニシノウール,牡,5,56.0,475,3,國分祐,冨田敏,,9,1:33.3,40.0,9-9-9-9,8,475,3
2025/08/20,浦和,7,Ｃ１五,1400,ダ,左,良,晴,10,8,10,ヴェッターホルン,セ,0,56.0,489,8,本田重,宇野博,,,,,,,489,8
2025/08/20,浦和,8,サードニクス特別Ｃ２一,1400,ダ,左,良,晴,11,7,8,ダノンレーニア,牝,4,54.0,437,-6,本橋孝,小久智,,1,1:27.8,37.7,2-2-2-2,1,437,-6
2025/08/20,浦和,8,サードニクス特別Ｃ２一,1400,ダ,左,良,晴,11,6,6,プラビータ,牝,4,54.0,502,-9,本田重,小久智,,2,1:28.0,38.0,1-1-1-1,2,502,-9
2025/08/20,浦和,8,サードニクス特別Ｃ２一,1400,ダ,左,良,晴,11,2,2,フブキ,牝,5,54.0,461,0,福原杏,水上直,,3,1:29.0,38.9,4-3-3-4,5,461,0
2025/08/20,浦和,8,サードニクス特別Ｃ２一,1400,ダ,左,良,晴,11,8,11,アンジェマリーナ,牝,4,51.0,432,2,中山遥,川島豊,,4,1:29.1,38.4,5-6-5-3,4,432,2
2025/08/20,浦和,8,サードニクス特別Ｃ２一,1400,ダ,左,良,晴,11,8,10,トラックヤロー,セ,0,56.0,439,-1,半澤慶,平山真,,5,1:29.2,38.8,6-5-4-5,7,439,-1
2025/08/20,浦和,8,サードニクス特別Ｃ２一,1400,ダ,左,良,晴,11,5,5,ソーヴキプ,牝,5,54.0,477,6,山口達,渋谷博,,6,1:29.2,38.2,9-7-7-7,8,477,6
2025/08/20,浦和,8,サードニクス特別Ｃ２一,1400,ダ,左,良,晴,11,7,9,ヒシルリアン,牡,5,56.0,492,-1,岡田大,川島豊,,7,1:29.5,38.0,10-10-8-8,11,492,-1
2025/08/20,浦和,8,サードニクス特別Ｃ２一,1400,ダ,左,良,晴,11,4,4,ビックリマーク,牡,4,56.0,502,2,笹川翼,藤原智,,8,1:30.0,39.3,3-4-6-6,3,502,2
2025/08/20,浦和,8,サードニクス特別Ｃ２一,1400,ダ,左,良,晴,11,1,1,ジョイルミナス,牝,5,54.0,445,-1,保園翔,矢野義,,9,1:30.0,38.5,7-8-10-10,10,445,-1
2025/08/20,浦和,8,サードニクス特別Ｃ２一,1400,ダ,左,良,晴,11,6,7,タイヘイノヨ,セ,0,56.0,503,-9,山中悠,工藤伸,,10,1:30.7,39.2,11-11-9-9,6,503,-9
2025/08/20,浦和,8,サードニクス特別Ｃ２一,1400,ダ,左,良,晴,11,3,3,スウィートシーズン,牝,4,54.0,465,-5,七夕裕,平山真,,11,1:31.9,40.4,8-9-11-11,9,465,-5
2025/08/20,浦和,9,鳳仙花特別Ｃ１一,1400,ダ,左,良,晴,11,2,2,ディナトセレーネ,牝,5,54.0,479,-2,本田重,林　幻,,1,1:28.0,37.1,3-4-4-3,1,479,-2
2025/08/20,浦和,9,鳳仙花特別Ｃ１一,1400,ダ,左,良,晴,11,8,10,シトラスフレイバー,牡,3,55.0,450,7,町田直,繁田健,,2,1:28.3,37.8,2-2-2-2,2,450,7
2025/08/20,浦和,9,鳳仙花特別Ｃ１一,1400,ダ,左,良,晴,11,4,4,エーティースピカ,牝,5,54.0,526,6,張田昂,宇野博,,3,1:28.7,38.3,1-1-1-1,7,526,6
2025/08/20,浦和,9,鳳仙花特別Ｃ１一,1400,ダ,左,良,晴,11,3,3,ジュンフカリ,牡,5,56.0,465,-3,加藤和,薮口一,,4,1:29.7,38.5,10-8-6-6,6,465,-3
2025/08/20,浦和,9,鳳仙花特別Ｃ１一,1400,ダ,左,良,晴,11,7,8,ライヴガーネット,牝,6,51.0,474,0,加藤雄,工藤伸,,5,1:30.0,39.3,4-3-3-4,10,474,0
2025/08/20,浦和,9,鳳仙花特別Ｃ１一,1400,ダ,左,良,晴,11,6,6,マサハヤアン,牝,8,54.0,472,4,保園翔,野口孝,,6,1:30.0,38.6,7-9-8-5,9,472,4
2025/08/20,浦和,9,鳳仙花特別Ｃ１一,1400,ダ,左,良,晴,11,6,7,アニモ,牝,4,52.0,428,6,中島良,川島豊,,7,1:30.3,38.2,9-10-9-8,11,428,6
2025/08/20,浦和,9,鳳仙花特別Ｃ１一,1400,ダ,左,良,晴,11,8,11,エーステンペスト,牡,4,56.0,439,6,室陽一,宇野博,,8,1:30.4,39.2,8-7-5-7,5,439,6
2025/08/20,浦和,9,鳳仙花特別Ｃ１一,1400,ダ,左,良,晴,11,1,1,デザートトレイン,牡,4,56.0,478,-7,櫻井光,水野貴,,9,1:30.9,38.8,11-11-10-9,8,478,-7
2025/08/20,浦和,9,鳳仙花特別Ｃ１一,1400,ダ,左,良,晴,11,5,5,ハブル,牡,5,56.0,496,-6,笹川翼,小久智,,10,1:31.9,40.7,5-5-7-10,4,496,-6
2025/08/20,浦和,9,鳳仙花特別Ｃ１一,1400,ダ,左,良,晴,11,7,9,アンジュミストラル,牝,4,54.0,471,1,野畑凌,小久智,,11,1:40.3,48.6,6-6-11-11,3,471,1
2025/08/20,浦和,10,葉月特別Ｂ１二Ｂ２一,1500,ダ,左,良,晴,12,3,3,スペンサーバローズ,牡,5,55.0,486,2,笹川翼,繁田健,,1,1:33.7,37.1,4-4-4-2,1,486,2
2025/08/20,浦和,10,葉月特別Ｂ１二Ｂ２一,1500,ダ,左,良,晴,12,7,10,オーウェル,牡,4,55.0,480,2,野畑凌,小久智,,2,1:34.2,37.8,2-2-2-1,2,480,2
2025/08/20,浦和,10,葉月特別Ｂ１二Ｂ２一,1500,ダ,左,良,晴,12,2,2,ボルドーネセバル,牡,5,55.0,462,-6,本田重,齊藤敏,,3,1:34.6,37.6,6-6-7-4,7,462,-6
2025/08/20,浦和,10,葉月特別Ｂ１二Ｂ２一,1500,ダ,左,良,晴,12,7,9,トウロウノオノ,牝,5,53.0,449,-10,見越彬,水上直,,4,1:34.9,37.6,11-9-8-7,11,449,-10
2025/08/20,浦和,10,葉月特別Ｂ１二Ｂ２一,1500,ダ,左,良,晴,12,1,1,ミュステーリオン,牝,6,53.0,490,-4,山中悠,小久智,,5,1:35.1,38.9,1-1-1-3,4,490,-4
2025/08/20,浦和,10,葉月特別Ｂ１二Ｂ２一,1500,ダ,左,良,晴,12,6,7,デュアルテイルズ,牝,6,53.0,493,1,福原杏,川島一,,6,1:35.1,38.3,5-5-6-6,5,493,1
2025/08/20,浦和,10,葉月特別Ｂ１二Ｂ２一,1500,ダ,左,良,晴,12,4,4,アヴァニイ,牝,8,54.0,502,-5,佐野遥,小久智,,7,1:35.1,37.5,9-10-11-8,9,502,-5
2025/08/20,浦和,10,葉月特別Ｂ１二Ｂ２一,1500,ダ,左,良,晴,12,5,6,エナジーポコアポコ,牡,5,57.0,463,-4,澤田龍,繁田健,,8,1:35.2,37.4,12-12-9-9,3,463,-4
2025/08/20,浦和,10,葉月特別Ｂ１二Ｂ２一,1500,ダ,左,良,晴,12,6,8,ブラックオパール,牝,6,55.0,520,0,張田昂,平山真,,9,1:35.5,38.8,8-7-5-5,10,520,0
2025/08/20,浦和,10,葉月特別Ｂ１二Ｂ２一,1500,ダ,左,良,晴,12,8,11,メロスゴー,牡,4,52.0,476,-8,中山遥,箕輪武,,10,1:35.8,38.0,10-11-10-10,8,476,-8
2025/08/20,浦和,10,葉月特別Ｂ１二Ｂ２一,1500,ダ,左,良,晴,12,8,12,チェルカトローヴァ,牡,5,55.0,501,8,町田直,矢野義,,11,1:36.2,39.7,3-3-3-11,6,501,8
2025/08/20,浦和,10,葉月特別Ｂ１二Ｂ２一,1500,ダ,左,良,晴,12,5,5,アイグレース,牝,5,53.0,456,2,七夕裕,鹿沼和,,12,1:37.1,39.3,7-8-12-12,12,456,2
2025/08/20,浦和,11,ルーキーズサマーカップ２歳オープン,1400,ダ,左,良,晴,9,5,5,ロードレイジング,牡,2,54.0,443,4,笹川翼,加藤誠,,1,1:27.9,37.4,7-5-7-2,3,443,4
2025/08/20,浦和,11,ルーキーズサマーカップ２歳オープン,1400,ダ,左,良,晴,9,3,3,コパノワイアット,牡,2,54.0,465,-1,町田直,新井清,,2,1:28.5,38.7,1-1-1-1,7,465,-1
2025/08/20,浦和,11,ルーキーズサマーカップ２歳オープン,1400,ダ,左,良,晴,9,6,6,ウォークアップ,牡,2,54.0,425,-5,篠谷葵,長谷剛,,3,1:28.6,38.0,9-8-8-6,5,425,-5
2025/08/20,浦和,11,ルーキーズサマーカップ２歳オープン,1400,ダ,左,良,晴,9,1,1,アムールピスケス,牡,2,54.0,429,5,張田昂,稲益貴,,4,1:28.6,38.4,4-4-4-4,1,429,5
2025/08/20,浦和,11,ルーキーズサマーカップ２歳オープン,1400,ダ,左,良,晴,9,8,8,アンジュルナ,牝,2,54.0,488,4,本橋孝,小久智,,5,1:29.3,39.2,3-3-3-5,2,488,4
2025/08/20,浦和,11,ルーキーズサマーカップ２歳オープン,1400,ダ,左,良,晴,9,4,4,カンターレ,牝,2,54.0,451,-7,岡村健,山本学,,6,1:29.7,39.7,2-2-2-3,6,451,-7
2025/08/20,浦和,11,ルーキーズサマーカップ２歳オープン,1400,ダ,左,良,晴,9,2,2,ユウユウシロパン,牝,2,54.0,448,4,七夕裕,工藤伸,,7,1:29.7,38.7,8-9-9-8,8,448,4
2025/08/20,浦和,11,ルーキーズサマーカップ２歳オープン,1400,ダ,左,良,晴,9,7,7,レモンドロップ,牝,2,54.0,441,4,半澤慶,吉田正,,8,1:30.8,40.5,5-6-5-7,9,441,4
2025/08/20,浦和,11,ルーキーズサマーカップ２歳オープン,1400,ダ,左,良,晴,9,8,9,ネイビーシンデレラ,牝,2,54.0,462,0,野畑凌,鹿沼和,,9,1:31.0,40.7,6-7-6-9,4,462,0
2025/08/20,浦和,12,夏の風物詩　花火特別Ｃ３選抜馬イ,2000,ダ,左,良,晴,12,7,9,ビーチガール,牝,5,51.0,447,5,中山遥,小林真,,1,2:12.2,39.2,4-4-4-1,2,447,5
2025/08/20,浦和,12,夏の風物詩　花火特別Ｃ３選抜馬イ,2000,ダ,左,良,晴,12,4,4,ユウユウプレゼンス,牝,5,54.0,435,6,室陽一,横山保,,2,2:13.6,41.4,2-2-2-2,7,435,6
2025/08/20,浦和,12,夏の風物詩　花火特別Ｃ３選抜馬イ,2000,ダ,左,良,晴,12,8,12,ケイティーユイ,牝,7,54.0,450,-9,高橋哲,水野貴,,3,2:14.2,42.0,1-1-1-3,5,450,-9
2025/08/20,浦和,12,夏の風物詩　花火特別Ｃ３選抜馬イ,2000,ダ,左,良,晴,12,6,7,ナイトレインボー,牡,4,56.0,476,-4,赤津和,酒井一,,4,2:14.2,41.0,5-5-5-5,9,476,-4
2025/08/20,浦和,12,夏の風物詩　花火特別Ｃ３選抜馬イ,2000,ダ,左,良,晴,12,5,5,キスアンドテル,牝,6,54.0,504,0,笠野雄,海馬司,,5,2:14.6,40.9,8-9-6-6,4,504,0
2025/08/20,浦和,12,夏の風物詩　花火特別Ｃ３選抜馬イ,2000,ダ,左,良,晴,12,7,10,ヤマブキ,牡,5,56.0,506,7,岡田大,鹿沼和,,6,2:14.8,42.2,3-3-3-4,6,506,7
2025/08/20,浦和,12,夏の風物詩　花火特別Ｃ３選抜馬イ,2000,ダ,左,良,晴,12,5,6,ルグランブルー,牝,6,54.0,452,0,七夕裕,工藤伸,,7,2:14.9,41.3,7-6-7-7,1,452,0
2025/08/20,浦和,12,夏の風物詩　花火特別Ｃ３選抜馬イ,2000,ダ,左,良,晴,12,3,3,パルメニデス,牡,6,56.0,431,6,野畑凌,長谷忍,,8,2:15.6,41.9,10-10-9-10,3,431,6
2025/08/20,浦和,12,夏の風物詩　花火特別Ｃ３選抜馬イ,2000,ダ,左,良,晴,12,8,11,シェナハート,牝,6,52.0,437,2,中島良,冨田敏,,9,2:15.7,42.0,9-8-8-8,8,437,2
2025/08/20,浦和,12,夏の風物詩　花火特別Ｃ３選抜馬イ,2000,ダ,左,良,晴,12,1,1,パーティーアニマル,牡,9,56.0,453,3,半澤慶,入口由,,10,2:15.7,41.9,6-7-10-9,10,453,3
2025/08/20,浦和,12,夏の風物詩　花火特別Ｃ３選抜馬イ,2000,ダ,左,良,晴,12,6,8,シェナグローリー,牝,5,54.0,459,5,國分祐,冨田敏,,11,2:15.8,40.8,11-11-11-11,11,459,5
2025/08/20,浦和,12,夏の風物詩　花火特別Ｃ３選抜馬イ,2000,ダ,左,良,晴,12,2,2,チャームフォラック,牝,9,54.0,496,13,保園翔,川村守,,,,,,,496,13
2025/09/22,浦和,1,ランチタイムチャレンジＣ３六,1300,ダ,左,稍重,晴,11,6,6,メイワシェリー,牝,7,54.0,451,4,岡村健,平山真,,1,1:24.0,38.6,1-1-1-1,1,451,4
2025/09/22,浦和,1,ランチタイムチャレンジＣ３六,1300,ダ,左,稍重,晴,11,8,10,アミン,牝,8,54.0,470,2,吉留孝,冨田敏,,2,1:24.7,39.3,3-3-2-2,4,470,2
2025/09/22,浦和,1,ランチタイムチャレンジＣ３六,1300,ダ,左,稍重,晴,11,2,2,セキレイオペラ,牡,6,56.0,477,-4,七夕裕,川村守,,3,1:24.8,39.1,8-7-4-3,5,477,-4
2025/09/22,浦和,1,ランチタイムチャレンジＣ３六,1300,ダ,左,稍重,晴,11,7,9,クラム,牝,6,54.0,491,3,藤江渉,久保勇,,4,1:25.0,39.3,7-6-5-5,3,491,3
2025/09/22,浦和,1,ランチタイムチャレンジＣ３六,1300,ダ,左,稍重,晴,11,3,3,スペシャルシート,牝,6,51.0,423,-2,中山遥,新井清,,5,1:25.2,39.1,6-8-8-8,2,423,-2
2025/09/22,浦和,1,ランチタイムチャレンジＣ３六,1300,ダ,左,稍重,晴,11,7,8,カナデル,牝,5,54.0,504,1,室陽一,酒井一,,6,1:25.4,40.0,2-2-3-4,6,504,1
2025/09/22,浦和,1,ランチタイムチャレンジＣ３六,1300,ダ,左,稍重,晴,11,8,11,アストロメアリー,牝,6,54.0,427,7,菅原涼,長谷忍,,7,1:25.4,39.7,5-4-7-7,7,427,7
2025/09/22,浦和,1,ランチタイムチャレンジＣ３六,1300,ダ,左,稍重,晴,11,1,1,シェナマリア,牝,5,54.0,446,0,秋元耕,吉田正,,8,1:25.7,39.3,9-9-9-6,9,446,0
2025/09/22,浦和,1,ランチタイムチャレンジＣ３六,1300,ダ,左,稍重,晴,11,5,5,シェナカンザシ,牝,5,54.0,469,3,國分祐,冨田敏,,9,1:26.6,39.6,11-11-11-11,11,469,3
2025/09/22,浦和,1,ランチタイムチャレンジＣ３六,1300,ダ,左,稍重,晴,11,4,4,シェナダイオー,牡,6,56.0,545,6,赤津和,冨田敏,,10,1:26.6,40.0,10-10-10-10,10,545,6
2025/09/22,浦和,1,ランチタイムチャレンジＣ３六,1300,ダ,左,稍重,晴,11,6,7,クリプリンセス,牝,5,52.0,423,3,中島良,冨田敏,,11,1:26.9,41.2,4-5-6-9,8,423,3
2025/09/22,浦和,2,ドリームチャレンジ２歳新馬ウ,800,ダ,左,稍重,晴,6,2,2,ハニーマスタード,牝,2,54.0,0,0,達城龍,工藤伸,,1,0:48.0,35.6,1-1,1,0,0
2025/09/22,浦和,2,ドリームチャレンジ２歳新馬ウ,800,ダ,左,稍重,晴,6,6,6,エリナセイコー,牝,2,54.0,0,0,高橋哲,水野貴,,2,0:48.7,36.3,2-2,5,0,0
2025/09/22,浦和,2,ドリームチャレンジ２歳新馬ウ,800,ダ,左,稍重,晴,6,4,4,ハプナ,牝,2,54.0,0,0,張田昂,平山真,,3,0:49.2,36.4,3-3,4,0,0
2025/09/22,浦和,2,ドリームチャレンジ２歳新馬ウ,800,ダ,左,稍重,晴,6,3,3,アルカイックスター,牝,2,54.0,0,0,福原杏,繁田健,,4,0:49.3,36.4,4-4,2,0,0
2025/09/22,浦和,2,ドリームチャレンジ２歳新馬ウ,800,ダ,左,稍重,晴,6,1,1,ハルカビジン,牝,2,51.0,0,0,中山遥,藤原智,,5,0:50.5,37.8,5-5,3,0,0
2025/09/22,浦和,2,ドリームチャレンジ２歳新馬ウ,800,ダ,左,稍重,晴,6,5,5,シルキーグリーン,牝,2,54.0,0,0,室陽一,川村守,,6,0:50.7,37.2,6-6,6,0,0
2025/09/22,浦和,3,ドリームチャレンジ２歳新馬ア,1400,ダ,左,稍重,晴,6,4,4,グルーヴィン,牡,2,54.0,0,0,見越彬,小久智,,1,1:27.7,36.7,3-3-1-1,2,0,0
2025/09/22,浦和,3,ドリームチャレンジ２歳新馬ア,1400,ダ,左,稍重,晴,6,5,5,レイナバローズ,牝,2,54.0,0,0,笹川翼,繁田健,,2,1:29.7,38.4,4-4-3-2,1,0,0
2025/09/22,浦和,3,ドリームチャレンジ２歳新馬ア,1400,ダ,左,稍重,晴,6,2,2,キサラフラッシュ,牝,2,51.0,0,0,中山遥,酒井一,,3,1:32.3,39.5,6-5-5-4,6,0,0
2025/09/22,浦和,3,ドリームチャレンジ２歳新馬ア,1400,ダ,左,稍重,晴,6,6,6,ブラックハニー,牡,2,54.0,0,0,保園翔,野口寛,,4,1:32.6,41.6,2-2-2-3,3,0,0
2025/09/22,浦和,3,ドリームチャレンジ２歳新馬ア,1400,ダ,左,稍重,晴,6,1,1,ゴールドアムレット,牡,2,54.0,0,0,野畑凌,小澤宏,,5,1:34.7,43.1,1-1-4-5,4,0,0
2025/09/22,浦和,3,ドリームチャレンジ２歳新馬ア,1400,ダ,左,稍重,晴,6,3,3,トッコーウーマン,牝,2,54.0,0,0,西啓太,水上直,,6,1:37.0,43.4,5-6-6-6,5,0,0
2025/09/22,浦和,4,３歳三,1400,ダ,左,稍重,晴,10,1,1,フィードウィン,セ,0,54.0,453,-1,ミシェ,山崎尋,,1,1:30.1,38.0,3-4-3-1,6,453,-1
2025/09/22,浦和,4,３歳三,1400,ダ,左,稍重,晴,10,2,2,タカラハンター,牡,3,55.0,506,11,及川烈,長谷忍,,2,1:30.2,38.4,1-1-1-2,5,506,11
2025/09/22,浦和,4,３歳三,1400,ダ,左,稍重,晴,10,6,6,ジャスミン,牝,3,54.0,454,5,町田直,鈴木義,,3,1:30.6,38.8,2-2-2-3,1,454,5
2025/09/22,浦和,4,３歳三,1400,ダ,左,稍重,晴,10,4,4,ヒソカ,牡,3,56.0,471,-6,安藤洋,佐藤博,,4,1:30.8,38.0,9-9-6-4,2,471,-6
2025/09/22,浦和,4,３歳三,1400,ダ,左,稍重,晴,10,5,5,エムティラヴ,牝,3,51.0,435,-3,加藤雄,古澤悟,,5,1:31.1,37.9,7-8-8-5,7,435,-3
2025/09/22,浦和,4,３歳三,1400,ダ,左,稍重,晴,10,7,7,フィデルトロッテ,牝,3,54.0,461,0,加藤和,薮口一,,6,1:32.0,39.8,6-5-5-6,4,461,0
2025/09/22,浦和,4,３歳三,1400,ダ,左,稍重,晴,10,3,3,ユウユウニコヴィア,牝,3,51.0,432,9,中山遥,横山保,,7,1:32.4,39.4,4-6-9-9,9,432,9
2025/09/22,浦和,4,３歳三,1400,ダ,左,稍重,晴,10,8,9,ブーシェノワール,牝,3,54.0,414,0,藤江渉,酒井一,,8,1:32.4,39.8,8-7-7-8,10,414,0
2025/09/22,浦和,4,３歳三,1400,ダ,左,稍重,晴,10,8,10,アカネセイコー,牝,3,54.0,482,28,福原杏,水野貴,,9,1:32.5,40.5,5-3-4-7,3,482,28
2025/09/22,浦和,4,３歳三,1400,ダ,左,稍重,晴,10,7,8,シュライバー,牡,3,56.0,471,9,新原周,田邊陽,,10,1:33.3,38.7,10-10-10-10,8,471,9
2025/09/22,浦和,5,ドリームチャレンジ２歳新馬イ,800,ダ,左,稍重,晴,8,2,2,スターハル,牝,2,54.0,0,0,保園翔,小澤宏,,1,0:48.0,35.8,1-1,4,0,0
2025/09/22,浦和,5,ドリームチャレンジ２歳新馬イ,800,ダ,左,稍重,晴,8,6,6,チャーミングウェイ,牝,2,54.0,0,0,室陽一,入口由,,2,0:48.2,35.4,4-3,1,0,0
2025/09/22,浦和,5,ドリームチャレンジ２歳新馬イ,800,ダ,左,稍重,晴,8,5,5,ジーティーグレース,牝,2,54.0,0,0,笹川翼,小久智,,3,0:48.4,36.1,2-2,2,0,0
2025/09/22,浦和,5,ドリームチャレンジ２歳新馬イ,800,ダ,左,稍重,晴,8,1,1,メイジョウスター,牝,2,54.0,0,0,加藤和,酒井一,,4,0:49.7,37.0,3-4,5,0,0
2025/09/22,浦和,5,ドリームチャレンジ２歳新馬イ,800,ダ,左,稍重,晴,8,4,4,メアナニヒキナ,牝,2,54.0,0,0,西啓太,水上直,,5,0:50.8,37.6,5-5,3,0,0
2025/09/22,浦和,5,ドリームチャレンジ２歳新馬イ,800,ダ,左,稍重,晴,8,8,8,ポコタン,牝,2,54.0,0,0,吉留孝,薮口一,,6,0:50.8,37.0,6-6,7,0,0
2025/09/22,浦和,5,ドリームチャレンジ２歳新馬イ,800,ダ,左,稍重,晴,8,7,7,ベルアルコバレーノ,牝,2,54.0,0,0,菅原涼,藤原智,,7,0:51.3,37.3,7-7,6,0,0
2025/09/22,浦和,5,ドリームチャレンジ２歳新馬イ,800,ダ,左,稍重,晴,8,3,3,ヤマトマル,牡,2,54.0,0,0,福原杏,水野貴,,,,,,,0,0
2025/09/22,浦和,6,３歳二,1500,ダ,左,稍重,晴,12,2,2,スコメッサ,セ,0,53.0,461,5,加藤雄,山崎裕,,1,1:37.3,39.5,5-4-3-1,10,461,5
2025/09/22,浦和,6,３歳二,1500,ダ,左,稍重,晴,12,7,9,ヴィオレンツァ,牡,3,56.0,457,9,矢野貴,水野貴,,2,1:37.4,39.0,11-10-7-5,1,457,9
2025/09/22,浦和,6,３歳二,1500,ダ,左,稍重,晴,12,3,3,サハラフレイバー,セ,0,56.0,482,3,秋元耕,繁田健,,3,1:37.4,39.0,10-9-6-4,4,482,3
2025/09/22,浦和,6,３歳二,1500,ダ,左,稍重,晴,12,1,1,ヒョイザブロー,セ,0,56.0,475,-7,西村栄,伊藤滋,,4,1:37.6,39.4,8-7-5-3,5,475,-7
2025/09/22,浦和,6,３歳二,1500,ダ,左,稍重,晴,12,5,5,オーサムシャドウ,牝,3,54.0,434,0,笹川翼,箕輪武,,5,1:37.9,40.4,2-2-1-2,2,434,0
2025/09/22,浦和,6,３歳二,1500,ダ,左,稍重,晴,12,8,12,ゴールドキッド,牡,3,54.0,429,9,ミシェ,鹿沼和,,6,1:38.3,39.6,9-11-11-9,6,429,9
2025/09/22,浦和,6,３歳二,1500,ダ,左,稍重,晴,12,4,4,ブルドッグガール,牝,3,54.0,439,11,岡田大,薮口一,,7,1:39.0,40.5,6-6-9-8,11,439,11
2025/09/22,浦和,6,３歳二,1500,ダ,左,稍重,晴,12,7,10,ハヤオ,牡,3,56.0,441,4,福原杏,鈴木勝,,8,1:39.1,41.2,4-5-4-7,7,441,4
2025/09/22,浦和,6,３歳二,1500,ダ,左,稍重,晴,12,8,11,ソレイケドンチャン,牝,3,54.0,465,13,野畑凌,小久智,,9,1:39.6,42.1,1-1-1-6,3,465,13
2025/09/22,浦和,6,３歳二,1500,ダ,左,稍重,晴,12,5,6,クロスダイヤ,牡,3,53.0,488,-5,神尾香,岩本洋,,10,1:39.7,40.4,12-12-12-10,12,488,-5
2025/09/22,浦和,6,３歳二,1500,ダ,左,稍重,晴,12,6,7,コンバットスピカ,牝,3,54.0,458,-7,七夕裕,工藤伸,,11,1:40.8,42.5,7-8-8-11,8,458,-7
2025/09/22,浦和,6,３歳二,1500,ダ,左,稍重,晴,12,6,8,ツガノムサシ,牡,3,56.0,464,14,加藤和,長谷忍,,12,1:44.8,46.9,3-3-10-12,9,464,14
2025/09/22,浦和,7,浦和８００ラウンドＣ２選抜馬イ,800,ダ,左,稍重,晴,12,5,5,サンシスイメイ,牝,4,51.0,381,-9,中山遥,入口由,,1,0:47.3,35.2,1-1,10,381,-9
2025/09/22,浦和,7,浦和８００ラウンドＣ２選抜馬イ,800,ダ,左,稍重,晴,12,6,7,ツーエムピシュー,牡,4,56.0,490,-2,山中悠,繁田健,,2,0:47.5,35.3,3-4,1,490,-2
2025/09/22,浦和,7,浦和８００ラウンドＣ２選抜馬イ,800,ダ,左,稍重,晴,12,5,6,ランウェイクイーン,牝,4,54.0,473,10,新原周,小澤宏,,3,0:47.6,35.2,5-2,7,473,10
2025/09/22,浦和,7,浦和８００ラウンドＣ２選抜馬イ,800,ダ,左,稍重,晴,12,8,11,マイカグラ,牝,5,54.0,420,-9,藤江渉,武井和,,4,0:48.3,35.8,4-5,5,420,-9
2025/09/22,浦和,7,浦和８００ラウンドＣ２選抜馬イ,800,ダ,左,稍重,晴,12,7,10,ロードサミット,牡,5,55.0,481,3,及川烈,長谷忍,,5,0:48.3,35.6,8-9,4,481,3
2025/09/22,浦和,7,浦和８００ラウンドＣ２選抜馬イ,800,ダ,左,稍重,晴,12,2,2,ファンファン,牡,8,56.0,467,13,赤津和,箕輪武,,6,0:48.4,35.6,9-8,8,467,13
2025/09/22,浦和,7,浦和８００ラウンドＣ２選抜馬イ,800,ダ,左,稍重,晴,12,7,9,ルージュルージュ,牝,4,54.0,472,10,室陽一,長谷忍,,7,0:48.5,36.4,2-3,6,472,10
2025/09/22,浦和,7,浦和８００ラウンドＣ２選抜馬イ,800,ダ,左,稍重,晴,12,8,12,ミヤジミニー,牝,5,52.0,437,5,ミシェ,田邊陽,,8,0:48.6,35.9,6-6,9,437,5
2025/09/22,浦和,7,浦和８００ラウンドＣ２選抜馬イ,800,ダ,左,稍重,晴,12,4,4,マンマミーア,牡,4,53.0,468,-2,加藤雄,小澤宏,,9,0:48.7,35.7,10-10,11,468,-2
2025/09/22,浦和,7,浦和８００ラウンドＣ２選抜馬イ,800,ダ,左,稍重,晴,12,3,3,カリスイモン,牝,4,54.0,440,5,西啓太,水上直,,10,0:48.8,35.7,11-11,3,440,5
2025/09/22,浦和,7,浦和８００ラウンドＣ２選抜馬イ,800,ダ,左,稍重,晴,12,1,1,アースメロディ,牝,4,54.0,500,3,七夕裕,箕輪武,,11,0:49.4,36.7,7-7,2,500,3
2025/09/22,浦和,7,浦和８００ラウンドＣ２選抜馬イ,800,ダ,左,稍重,晴,12,6,8,セイダンシング,牡,6,53.0,483,1,山本大,玉井昇,,12,0:49.7,36.2,12-12,12,483,1
2025/09/22,浦和,8,浦和８００ラウンドＣ２選抜馬ア,800,ダ,左,稍重,晴,11,8,10,クインズハッピー,牝,6,54.0,448,-3,七夕裕,小林真,,1,0:47.3,35.3,3-3,1,448,-3
2025/09/22,浦和,8,浦和８００ラウンドＣ２選抜馬ア,800,ダ,左,稍重,晴,11,3,3,パルクールチェコ,牝,4,54.0,478,2,笹川翼,加藤誠,,2,0:47.3,35.5,1-1,2,478,2
2025/09/22,浦和,8,浦和８００ラウンドＣ２選抜馬ア,800,ダ,左,稍重,晴,11,6,6,エリークラウン,牝,6,54.0,474,-1,町田直,入口由,,3,0:47.4,35.1,5-4,6,474,-1
2025/09/22,浦和,8,浦和８００ラウンドＣ２選抜馬ア,800,ダ,左,稍重,晴,11,5,5,パイナ,牝,7,51.0,467,8,椿聡太,大津剛,,4,0:47.4,34.6,8-5,4,467,8
2025/09/22,浦和,8,浦和８００ラウンドＣ２選抜馬ア,800,ダ,左,稍重,晴,11,6,7,シェナエース,牡,4,56.0,517,-16,吉留孝,冨田敏,,5,0:47.9,36.1,2-2,5,517,-16
2025/09/22,浦和,8,浦和８００ラウンドＣ２選抜馬ア,800,ダ,左,稍重,晴,11,7,8,ヒガシブレーヴ,牡,8,53.0,433,0,加藤雄,河津裕,,6,0:48.2,35.6,7-8,8,433,0
2025/09/22,浦和,8,浦和８００ラウンドＣ２選抜馬ア,800,ダ,左,稍重,晴,11,7,9,アミーコアイドル,牝,4,54.0,458,2,増田充,鈴木義,,7,0:48.3,36.0,6-6,7,458,2
2025/09/22,浦和,8,浦和８００ラウンドＣ２選抜馬ア,800,ダ,左,稍重,晴,11,4,4,セイウンヒュージ,牡,8,56.0,478,18,岡村裕,山田正,,8,0:48.7,35.5,9-9,9,478,18
2025/09/22,浦和,8,浦和８００ラウンドＣ２選抜馬ア,800,ダ,左,稍重,晴,11,8,11,ヒューマンライツ,牡,4,55.0,493,0,佐野遥,久保秀,,9,0:48.8,36.7,4-7,3,493,0
2025/09/22,浦和,8,浦和８００ラウンドＣ２選抜馬ア,800,ダ,左,稍重,晴,11,2,2,ニシノアクシス,牡,8,56.0,496,7,國分祐,吉田正,,10,0:49.1,35.6,10-10,10,496,7
2025/09/22,浦和,8,浦和８００ラウンドＣ２選抜馬ア,800,ダ,左,稍重,晴,11,1,1,アークウルフ,セ,0,56.0,480,24,岡村健,酒井一,,,,,,,480,24
2025/09/22,浦和,9,秋晴特別Ｃ２一,1400,ダ,左,稍重,晴,13,3,3,フブキ,牝,5,52.0,461,0,ミシェ,水上直,,1,1:29.4,38.4,1-1-1-1,2,461,0
2025/09/22,浦和,9,秋晴特別Ｃ２一,1400,ダ,左,稍重,晴,13,7,11,アンクローシュ,牝,4,54.0,441,18,野畑凌,小澤宏,,2,1:29.7,38.7,2-2-2-2,4,441,18
2025/09/22,浦和,9,秋晴特別Ｃ２一,1400,ダ,左,稍重,晴,13,8,13,トーアルドルフ,牡,6,56.0,473,-2,町田直,新井清,,3,1:30.0,38.8,7-5-3-3,1,473,-2
2025/09/22,浦和,9,秋晴特別Ｃ２一,1400,ダ,左,稍重,晴,13,4,5,アンブレラダンス,牝,5,54.0,467,1,岡村健,平山真,,4,1:30.4,39.2,3-3-5-4,3,467,1
2025/09/22,浦和,9,秋晴特別Ｃ２一,1400,ダ,左,稍重,晴,13,8,12,レオボヌール,牡,4,56.0,480,-11,張田昂,渡邊貴,,5,1:30.6,38.8,8-7-8-6,6,480,-11
2025/09/22,浦和,9,秋晴特別Ｃ２一,1400,ダ,左,稍重,晴,13,6,9,シンボルザサン,セ,0,56.0,441,3,新原周,高月賢,,6,1:30.7,38.5,10-11-10-9,7,441,3
2025/09/22,浦和,9,秋晴特別Ｃ２一,1400,ダ,左,稍重,晴,13,4,4,メイショウフェリオ,牝,5,54.0,443,4,藤江渉,武井和,,7,1:30.8,38.9,9-9-9-7,10,443,4
2025/09/22,浦和,9,秋晴特別Ｃ２一,1400,ダ,左,稍重,晴,13,2,2,キタノブルーアレツ,牝,6,53.0,468,5,鷹見陸,古澤悟,,8,1:31.4,39.9,4-4-6-5,8,468,5
2025/09/22,浦和,9,秋晴特別Ｃ２一,1400,ダ,左,稍重,晴,13,6,8,ヒシルリアン,牡,5,56.0,502,6,岡田大,川島豊,,9,1:31.5,39.3,11-13-11-10,13,502,6
2025/09/22,浦和,9,秋晴特別Ｃ２一,1400,ダ,左,稍重,晴,13,7,10,ジューンサレンダー,牡,4,53.0,462,13,中山遥,川村守,,10,1:31.8,40.2,5-6-7-11,11,462,13
2025/09/22,浦和,9,秋晴特別Ｃ２一,1400,ダ,左,稍重,晴,13,1,1,ヴァルトビューネ,牡,5,53.0,521,-5,神尾香,田島寿,,11,1:31.9,39.7,6-8-12-12,5,521,-5
2025/09/22,浦和,9,秋晴特別Ｃ２一,1400,ダ,左,稍重,晴,13,5,6,オトメノネガイ,牝,4,54.0,424,1,本田紀,田島寿,,12,1:32.1,39.7,12-12-13-13,12,424,1
2025/09/22,浦和,9,秋晴特別Ｃ２一,1400,ダ,左,稍重,晴,13,5,7,タイヘイノヨ,セ,0,56.0,509,6,山中悠,工藤伸,,13,1:32.3,41.1,13-10-4-8,9,509,6
2025/09/22,浦和,10,夜長月特別Ｂ３三,1500,ダ,左,稍重,晴,12,1,1,パイロビーム,牡,4,56.0,455,-6,福原杏,小久智,,1,1:34.5,37.3,1-1-1-1,3,455,-6
2025/09/22,浦和,10,夜長月特別Ｂ３三,1500,ダ,左,稍重,晴,12,6,8,シトラスフレイバー,牡,3,55.0,450,0,町田直,繁田健,,2,1:35.4,38.0,2-2-2-2,1,450,0
2025/09/22,浦和,10,夜長月特別Ｂ３三,1500,ダ,左,稍重,晴,12,2,2,ナイスカプチーノ,牡,4,55.0,473,-4,鷹見陸,内田勝,,3,1:36.5,38.8,4-5-5-3,7,473,-4
2025/09/22,浦和,10,夜長月特別Ｂ３三,1500,ダ,左,稍重,晴,12,6,7,マスクドサムライ,牡,6,56.0,474,-6,篠谷葵,藤原智,,4,1:36.7,37.6,9-10-9-8,5,474,-6
2025/09/22,浦和,10,夜長月特別Ｂ３三,1500,ダ,左,稍重,晴,12,3,3,ダイヤモンドビーチ,牡,5,56.0,461,0,野畑凌,宇野博,,5,1:37.0,37.5,11-12-12-10,2,461,0
2025/09/22,浦和,10,夜長月特別Ｂ３三,1500,ダ,左,稍重,晴,12,4,4,アルメールヴェント,牡,3,52.0,452,2,加藤雄,河津裕,,6,1:37.1,39.1,7-8-7-7,11,452,2
2025/09/22,浦和,10,夜長月特別Ｂ３三,1500,ダ,左,稍重,晴,12,8,11,ジュンフカリ,牡,5,56.0,477,12,加藤和,薮口一,,7,1:37.3,39.5,5-4-6-6,12,477,12
2025/09/22,浦和,10,夜長月特別Ｂ３三,1500,ダ,左,稍重,晴,12,5,5,スキーサンダー,牝,4,54.0,488,0,張田昂,張田京,,8,1:37.3,39.3,8-6-8-9,8,488,0
2025/09/22,浦和,10,夜長月特別Ｂ３三,1500,ダ,左,稍重,晴,12,8,12,ペダンクルアーチ,セ,0,56.0,499,4,澤田龍,山下之,,9,1:37.5,39.9,3-3-4-5,9,499,4
2025/09/22,浦和,10,夜長月特別Ｂ３三,1500,ダ,左,稍重,晴,12,7,10,エレファントラン,牡,3,55.0,476,3,西啓太,山崎尋,,10,1:37.6,40.0,10-7-3-4,4,476,3
2025/09/22,浦和,10,夜長月特別Ｂ３三,1500,ダ,左,稍重,晴,12,5,6,アスタラビスタ,牡,4,54.0,458,-6,ミシェ,平田正,,11,1:37.8,38.5,12-11-11-12,6,458,-6
2025/09/22,浦和,10,夜長月特別Ｂ３三,1500,ダ,左,稍重,晴,12,7,9,ゴールデンカガヤ,牡,5,56.0,432,-5,藤江渉,岩本洋,,12,1:38.3,39.8,6-9-10-11,10,432,-5
2025/09/22,浦和,11,秋彼岸特別Ｂ２一,1400,ダ,左,稍重,晴,9,8,8,プラティクレール,牝,5,54.0,495,0,野畑凌,水野貴,,1,1:28.1,37.0,2-2-2-2,1,495,0
2025/09/22,浦和,11,秋彼岸特別Ｂ２一,1400,ダ,左,稍重,晴,9,4,4,ツウエンティフォー,牝,3,53.0,462,-1,本橋孝,小久智,,2,1:28.4,37.4,1-1-1-1,4,462,-1
2025/09/22,浦和,11,秋彼岸特別Ｂ２一,1400,ダ,左,稍重,晴,9,8,9,キャッスルシオン,牝,5,52.0,438,4,ミシェ,渋谷博,,3,1:28.8,37.6,5-3-3-3,7,438,4
2025/09/22,浦和,11,秋彼岸特別Ｂ２一,1400,ダ,左,稍重,晴,9,2,2,デアシュトゥルム,牡,5,56.0,477,3,田中涼,鈴木義,,4,1:29.1,37.7,3-4-5-5,5,477,3
2025/09/22,浦和,11,秋彼岸特別Ｂ２一,1400,ダ,左,稍重,晴,9,5,5,マカゼ,牝,5,54.0,486,4,矢野貴,高月賢,,5,1:29.1,37.7,4-5-4-4,2,486,4
2025/09/22,浦和,11,秋彼岸特別Ｂ２一,1400,ダ,左,稍重,晴,9,1,1,レグノ,牡,4,56.0,466,-11,町田直,佐藤博,,6,1:29.3,37.4,9-9-9-7,3,466,-11
2025/09/22,浦和,11,秋彼岸特別Ｂ２一,1400,ダ,左,稍重,晴,9,6,6,ダンディジャック,牡,6,56.0,507,9,保園翔,川村守,,7,1:29.3,37.6,7-7-6-6,6,507,9
2025/09/22,浦和,11,秋彼岸特別Ｂ２一,1400,ダ,左,稍重,晴,9,3,3,ピノホホッア,牡,5,56.0,543,7,秋元耕,野口孝,,8,1:30.3,38.6,8-8-7-8,9,543,7
2025/09/22,浦和,11,秋彼岸特別Ｂ２一,1400,ダ,左,稍重,晴,9,7,7,エーヴベリー,牝,5,54.0,499,-2,吉留孝,平山真,,9,1:30.4,38.7,6-6-8-9,8,499,-2
2025/09/22,浦和,12,秋の夜特別Ｃ１選抜馬ア,2000,ダ,左,稍重,晴,12,7,9,アルリスカ,セ,0,56.0,473,3,七夕裕,箕輪武,,1,2:10.3,39.6,1-1-1-1,2,473,3
2025/09/22,浦和,12,秋の夜特別Ｃ１選抜馬ア,2000,ダ,左,稍重,晴,12,2,2,タイセイシップ,牡,4,56.0,514,-4,矢野貴,内田勝,,2,2:10.3,38.1,8-7-6-4,3,514,-4
2025/09/22,浦和,12,秋の夜特別Ｃ１選抜馬ア,2000,ダ,左,稍重,晴,12,5,5,ウインブリエ,牝,4,54.0,519,2,福原杏,平山真,,3,2:10.8,39.8,3-3-2-2,4,519,2
2025/09/22,浦和,12,秋の夜特別Ｃ１選抜馬ア,2000,ダ,左,稍重,晴,12,8,12,アヌマティチェコ,牝,3,53.0,484,9,西啓太,加藤誠,,4,2:11.0,38.3,10-10-9-6,7,484,9
2025/09/22,浦和,12,秋の夜特別Ｃ１選抜馬ア,2000,ダ,左,稍重,晴,12,6,8,ランディー,牡,5,56.0,469,2,笹川翼,小久智,,5,2:11.2,39.6,4-4-4-3,1,469,2
2025/09/22,浦和,12,秋の夜特別Ｃ１選抜馬ア,2000,ダ,左,稍重,晴,12,3,3,マジカルレイズ,牡,4,56.0,472,-3,野畑凌,山崎裕,,6,2:11.3,39.4,5-5-5-5,5,472,-3
2025/09/22,浦和,12,秋の夜特別Ｃ１選抜馬ア,2000,ダ,左,稍重,晴,12,4,4,ココリアイランド,牡,5,56.0,460,-3,笠野雄,工藤伸,,7,2:12.1,39.8,6-6-7-9,6,460,-3
2025/09/22,浦和,12,秋の夜特別Ｃ１選抜馬ア,2000,ダ,左,稍重,晴,12,5,6,オランジー,牝,5,54.0,440,9,吉留孝,薮口一,,8,2:12.2,39.2,11-11-11-8,8,440,9
2025/09/22,浦和,12,秋の夜特別Ｃ１選抜馬ア,2000,ダ,左,稍重,晴,12,8,11,コモドアーズ,牡,5,56.0,540,3,室陽一,横山保,,9,2:12.6,41.6,2-2-3-7,10,540,3
2025/09/22,浦和,12,秋の夜特別Ｃ１選抜馬ア,2000,ダ,左,稍重,晴,12,6,7,フォートウィリアム,セ,0,55.0,516,5,及川烈,吉田正,,10,2:12.6,40.1,7-8-8-10,9,516,5
2025/09/22,浦和,12,秋の夜特別Ｃ１選抜馬ア,2000,ダ,左,稍重,晴,12,7,10,コンバットココ,牝,4,54.0,427,9,秋元耕,工藤伸,,11,2:13.3,40.5,9-9-10-11,11,427,9
2025/09/22,浦和,12,秋の夜特別Ｃ１選抜馬ア,2000,ダ,左,稍重,晴,12,1,1,マイネルコモドーア,牡,4,56.0,460,7,半澤慶,宇野博,,,,,,12,460,7
2025/09/23,浦和,1,ランチタイムチャレンジＣ３四 五,1500,ダ,左,良,曇,10,7,7,ダブルレイズカード,牡,4,56.0,528,6,笹川翼,繁田健,,1,1:38.1,38.8,1-1-1-1,1,528,6
2025/09/23,浦和,1,ランチタイムチャレンジＣ３四 五,1500,ダ,左,良,曇,10,5,5,プリンセスダーク,牝,6,54.0,473,-16,山中悠,玉井等,,2,1:39.1,39.7,3-3-2-2,4,473,-16
2025/09/23,浦和,1,ランチタイムチャレンジＣ３四 五,1500,ダ,左,良,曇,10,7,8,オリズジーニー,牡,4,56.0,513,9,室陽一,宇野博,,3,1:39.4,39.4,5-5-7-6,5,513,9
2025/09/23,浦和,1,ランチタイムチャレンジＣ３四 五,1500,ダ,左,良,曇,10,3,3,サンライズテソロ,牡,7,56.0,482,9,半澤慶,川島豊,,4,1:39.5,39.8,7-6-3-3,3,482,9
2025/09/23,浦和,1,ランチタイムチャレンジＣ３四 五,1500,ダ,左,良,曇,10,6,6,ステンノー,牝,5,54.0,471,-17,見越彬,小林真,,5,1:39.9,40.2,2-2-4-4,8,471,-17
2025/09/23,浦和,1,ランチタイムチャレンジＣ３四 五,1500,ダ,左,良,曇,10,4,4,イオラナ,牝,9,51.0,507,-7,中山遥,新井清,,6,1:40.1,39.4,10-9-8-8,2,507,-7
2025/09/23,浦和,1,ランチタイムチャレンジＣ３四 五,1500,ダ,左,良,曇,10,2,2,トノカンショウ,牡,7,56.0,543,-5,秋元耕,鈴木勝,,7,1:40.1,39.4,6-8-9-9,7,543,-5
2025/09/23,浦和,1,ランチタイムチャレンジＣ３四 五,1500,ダ,左,良,曇,10,8,9,シェナリオン,牡,5,54.0,464,12,中島良,冨田敏,,8,1:40.4,40.6,4-4-5-5,10,464,12
2025/09/23,浦和,1,ランチタイムチャレンジＣ３四 五,1500,ダ,左,良,曇,10,8,10,アーチフライト,牝,4,54.0,453,0,伊藤裕,甲田悟,,9,1:40.8,40.7,8-7-6-7,6,453,0
2025/09/23,浦和,1,ランチタイムチャレンジＣ３四 五,1500,ダ,左,良,曇,10,1,1,シャイニングアース,牡,4,56.0,469,3,赤津和,薮口一,,10,1:41.3,40.2,9-10-10-10,9,469,3
2025/09/23,浦和,2,２歳二,1400,ダ,左,良,曇,11,6,6,モコパンチ,牡,2,54.0,469,4,木間龍,矢野義,,1,1:30.5,39.2,11-11-5-2,2,469,4
2025/09/23,浦和,2,２歳二,1400,ダ,左,良,曇,11,5,5,ピーチピーチ,牝,2,54.0,478,10,福原杏,平山真,,2,1:30.7,40.0,3-3-3-1,1,478,10
2025/09/23,浦和,2,２歳二,1400,ダ,左,良,曇,11,8,10,ピカレスクヒーロー,牡,2,54.0,455,-7,矢野貴,高月賢,,3,1:30.7,39.0,7-7-7-7,5,455,-7
2025/09/23,浦和,2,２歳二,1400,ダ,左,良,曇,11,6,7,キャットクィーン,牝,2,54.0,389,-3,櫻井光,佐藤博,,4,1:30.9,40.1,5-4-4-4,7,389,-3
2025/09/23,浦和,2,２歳二,1400,ダ,左,良,曇,11,1,1,ゴールドールビヨン,牡,2,53.0,476,1,佐野遥,岩本洋,,5,1:31.2,40.0,6-5-6-5,10,476,1
2025/09/23,浦和,2,２歳二,1400,ダ,左,良,曇,11,7,9,ペチンペチンイテテ,牡,2,54.0,437,1,野畑凌,水上直,,6,1:31.2,40.7,1-1-1-3,6,437,1
2025/09/23,浦和,2,２歳二,1400,ダ,左,良,曇,11,4,4,レインボージェンヌ,牝,2,54.0,437,5,町田直,佐藤博,,7,1:31.2,39.3,8-8-8-6,9,437,5
2025/09/23,浦和,2,２歳二,1400,ダ,左,良,曇,11,3,3,バルカロール,牝,2,54.0,461,4,西啓太,藤原智,,8,1:31.5,39.4,10-10-9-8,8,461,4
2025/09/23,浦和,2,２歳二,1400,ダ,左,良,曇,11,2,2,ボートレーサー,牝,2,54.0,469,25,山中悠,小久智,,9,1:33.0,42.5,2-2-2-9,3,469,25
2025/09/23,浦和,2,２歳二,1400,ダ,左,良,曇,11,8,11,ココア,牝,2,54.0,461,10,伊藤裕,古澤悟,,10,1:34.2,41.9,9-9-11-10,11,461,10
2025/09/23,浦和,2,２歳二,1400,ダ,左,良,曇,11,7,8,ビランチャ,牡,2,54.0,486,13,笹川翼,小久智,,,,,4-6-10-11,4,486,13
2025/09/23,浦和,3,Ｃ３四 五,1400,ダ,左,良,曇,11,8,11,タイシタモンダロ,牡,6,56.0,505,5,保園翔,川村守,,1,1:31.3,39.9,3-3-3-2,2,505,5
2025/09/23,浦和,3,Ｃ３四 五,1400,ダ,左,良,曇,11,7,8,マイキーマックイン,セ,0,54.0,412,-5,所　蛍,矢内博,,2,1:31.3,37.9,11-11-8-5,6,412,-5
2025/09/23,浦和,3,Ｃ３四 五,1400,ダ,左,良,曇,11,6,7,アンタゴニスタ,牡,6,56.0,485,0,藤江渉,工藤伸,,3,1:31.6,40.4,2-2-2-1,4,485,0
2025/09/23,浦和,3,Ｃ３四 五,1400,ダ,左,良,曇,11,6,6,ダイナマイトブル,牡,5,56.0,448,-3,達城龍,新井健,,4,1:32.3,39.7,7-7-7-9,5,448,-3
2025/09/23,浦和,3,Ｃ３四 五,1400,ダ,左,良,曇,11,5,5,ラムダ,牡,7,56.0,491,0,山林信,平田正,,5,1:32.3,38.9,10-10-9-8,7,491,0
2025/09/23,浦和,3,Ｃ３四 五,1400,ダ,左,良,曇,11,4,4,マメゾウシンヤ,牡,4,56.0,436,2,福原杏,水野貴,,6,1:32.3,41.1,1-1-1-3,1,436,2
2025/09/23,浦和,3,Ｃ３四 五,1400,ダ,左,良,曇,11,8,10,シェナカレン,牡,5,56.0,463,8,國分祐,冨田敏,,7,1:32.3,39.9,5-5-6-6,11,463,8
2025/09/23,浦和,3,Ｃ３四 五,1400,ダ,左,良,曇,11,2,2,ワイキキビーチ,セ,0,55.0,437,2,及川烈,鹿沼和,,8,1:32.4,40.4,4-4-4-4,8,437,2
2025/09/23,浦和,3,Ｃ３四 五,1400,ダ,左,良,曇,11,7,9,トリニタリアニズム,牡,7,56.0,506,0,新原周,野口孝,,9,1:33.2,40.8,6-6-5-7,3,506,0
2025/09/23,浦和,3,Ｃ３四 五,1400,ダ,左,良,曇,11,1,1,スマートドラフト,牝,6,54.0,449,7,赤津和,鈴木勝,,10,1:33.5,39.9,9-9-11-11,9,449,7
2025/09/23,浦和,3,Ｃ３四 五,1400,ダ,左,良,曇,11,3,3,カラルナ,牝,5,54.0,476,5,伊藤裕,林隆之,,11,1:33.5,40.5,8-8-10-10,10,476,5
2025/09/23,浦和,4,３歳四,1500,ダ,左,良,曇,12,6,7,インピッシュ,牝,3,54.0,456,-2,笹川翼,繁田健,,1,1:36.0,38.7,2-1-1-1,1,456,-2
2025/09/23,浦和,4,３歳四,1500,ダ,左,良,曇,12,3,3,パワーオブザキング,セ,0,56.0,468,2,見越彬,鹿沼和,,2,1:37.0,39.5,1-4-4-2,2,468,2
2025/09/23,浦和,4,３歳四,1500,ダ,左,良,曇,12,5,5,セレブウマザンマイ,牝,3,54.0,432,7,本田重,山下之,,3,1:37.3,39.6,6-6-6-4,4,432,7
2025/09/23,浦和,4,３歳四,1500,ダ,左,良,曇,12,8,12,オーデンオパール,牝,3,54.0,397,-4,秋元耕,玉井昇,,4,1:37.4,39.9,5-3-3-3,10,397,-4
2025/09/23,浦和,4,３歳四,1500,ダ,左,良,曇,12,4,4,ペプチドシナノ,牡,3,56.0,491,2,保園翔,野口寛,,5,1:37.7,39.3,10-9-9-7,5,491,2
2025/09/23,浦和,4,３歳四,1500,ダ,左,良,曇,12,2,2,ニシノババンギタ,セ,0,56.0,453,2,山林信,田邊陽,,6,1:37.8,39.6,8-8-7-6,9,453,2
2025/09/23,浦和,4,３歳四,1500,ダ,左,良,曇,12,8,11,ノメンターノ,牝,3,54.0,430,2,岡田大,薮口一,,7,1:38.7,38.7,12-11-11-10,8,430,2
2025/09/23,浦和,4,３歳四,1500,ダ,左,良,曇,12,5,6,シェナイーグル,牡,3,56.0,460,7,岡村裕,山田正,,8,1:38.7,40.8,4-5-8-9,12,460,7
2025/09/23,浦和,4,３歳四,1500,ダ,左,良,曇,12,6,8,フィザリス,牡,3,56.0,460,-1,西啓太,藤原智,,9,1:38.8,41.4,3-2-2-5,6,460,-1
2025/09/23,浦和,4,３歳四,1500,ダ,左,良,曇,12,7,10,ピースシャイニー,牡,3,56.0,488,4,野畑凌,宇野博,,10,1:39.0,41.3,7-7-5-8,3,488,4
2025/09/23,浦和,4,３歳四,1500,ダ,左,良,曇,12,7,9,レインボーグラン,牝,3,51.0,428,3,中山遥,酒井一,,11,1:40.5,40.5,11-12-12-12,11,428,3
2025/09/23,浦和,4,３歳四,1500,ダ,左,良,曇,12,1,1,ミュークフォルテ,牡,3,56.0,494,1,新原周,山崎尋,,12,1:40.6,41.2,9-10-10-11,7,494,1
2025/09/23,浦和,5,埼玉県児玉郡神川町賞Ｃ２三 四,1500,ダ,左,良,曇,12,2,2,アイダケ,牡,5,56.0,536,7,仲野光,佐々清,,1,1:36.9,38.6,8-8-5-3,7,536,7
2025/09/23,浦和,5,埼玉県児玉郡神川町賞Ｃ２三 四,1500,ダ,左,良,曇,12,7,10,シングンアーメット,セ,0,55.0,457,2,佐野遥,山崎尋,,2,1:37.3,39.2,7-7-4-4,9,457,2
2025/09/23,浦和,5,埼玉県児玉郡神川町賞Ｃ２三 四,1500,ダ,左,良,曇,12,8,11,サンタモニカビーチ,牡,5,56.0,562,11,笠野雄,川島豊,,3,1:37.3,39.4,6-3-2-2,2,562,11
2025/09/23,浦和,5,埼玉県児玉郡神川町賞Ｃ２三 四,1500,ダ,左,良,曇,12,1,1,タイプフェイス,牝,4,54.0,450,8,野畑凌,水野貴,,4,1:37.3,39.5,1-2-1-1,1,450,8
2025/09/23,浦和,5,埼玉県児玉郡神川町賞Ｃ２三 四,1500,ダ,左,良,曇,12,7,9,ミスレイヴバンプ,牝,4,54.0,483,5,町田直,繁田健,,5,1:37.6,39.2,5-5-7-7,3,483,5
2025/09/23,浦和,5,埼玉県児玉郡神川町賞Ｃ２三 四,1500,ダ,左,良,曇,12,3,3,ビアンカ,牝,5,54.0,434,-6,七夕裕,工藤伸,,6,1:37.8,39.2,10-9-9-6,10,434,-6
2025/09/23,浦和,5,埼玉県児玉郡神川町賞Ｃ２三 四,1500,ダ,左,良,曇,12,5,6,キアラボヌール,牝,4,51.0,411,-11,加藤雄,田島寿,,7,1:37.8,38.2,11-11-11-8,8,411,-11
2025/09/23,浦和,5,埼玉県児玉郡神川町賞Ｃ２三 四,1500,ダ,左,良,曇,12,6,7,キョウエイシャイン,牝,6,54.0,456,1,室陽一,小澤宏,,8,1:38.0,39.4,4-6-8-5,5,456,1
2025/09/23,浦和,5,埼玉県児玉郡神川町賞Ｃ２三 四,1500,ダ,左,良,曇,12,6,8,プリンセスサクラ,牝,4,54.0,431,-6,見越彬,鹿沼和,,9,1:38.6,40.3,3-4-6-10,6,431,-6
2025/09/23,浦和,5,埼玉県児玉郡神川町賞Ｃ２三 四,1500,ダ,左,良,曇,12,5,5,ユウユウアイリス,牝,4,54.0,459,5,高橋哲,酒井一,,10,1:39.1,39.9,9-10-10-11,12,459,5
2025/09/23,浦和,5,埼玉県児玉郡神川町賞Ｃ２三 四,1500,ダ,左,良,曇,12,4,4,タマモコンペイトウ,牝,5,52.0,468,9,中島良,川島豊,,11,1:39.3,39.3,12-12-12-12,11,468,9
2025/09/23,浦和,5,埼玉県児玉郡神川町賞Ｃ２三 四,1500,ダ,左,良,曇,12,8,12,クーリッジテソーロ,牡,4,56.0,496,19,保園翔,小久智,,12,1:41.0,43.3,2-1-3-9,4,496,19
2025/09/23,浦和,6,梨の都の護神　シラオ仮面賞Ｃ２三 四,1400,ダ,左,良,晴,12,4,4,アデラパフューム,牝,5,54.0,475,4,保園翔,水上直,,1,1:30.5,39.5,2-3-3-3,2,475,4
2025/09/23,浦和,6,梨の都の護神　シラオ仮面賞Ｃ２三 四,1400,ダ,左,良,晴,12,5,5,グラスフラッグ,牡,4,56.0,442,-7,伊藤裕,久保秀,,2,1:30.9,38.8,12-11-8-6,3,442,-7
2025/09/23,浦和,6,梨の都の護神　シラオ仮面賞Ｃ２三 四,1400,ダ,左,良,晴,12,8,12,キタノアマポーラ,牝,4,54.0,447,4,矢野貴,工藤伸,,3,1:31.1,40.3,3-2-2-2,1,447,4
2025/09/23,浦和,6,梨の都の護神　シラオ仮面賞Ｃ２三 四,1400,ダ,左,良,晴,12,1,1,ミストラ,セ,0,56.0,548,4,池谷匠,村田六,,4,1:31.3,38.7,11-12-12-11,5,548,4
2025/09/23,浦和,6,梨の都の護神　シラオ仮面賞Ｃ２三 四,1400,ダ,左,良,晴,12,6,8,メイショウベニバナ,牝,5,54.0,466,4,菅原涼,長谷忍,,5,1:31.4,40.8,1-1-1-1,4,466,4
2025/09/23,浦和,6,梨の都の護神　シラオ仮面賞Ｃ２三 四,1400,ダ,左,良,晴,12,3,3,ヒーリングピピ,牝,4,54.0,423,-7,加藤和,薮口一,,6,1:31.4,40.0,4-5-5-4,7,423,-7
2025/09/23,浦和,6,梨の都の護神　シラオ仮面賞Ｃ２三 四,1400,ダ,左,良,晴,12,2,2,ツワモノ,牡,5,56.0,492,-6,藤江渉,田島寿,,7,1:31.5,39.8,7-7-7-7,9,492,-6
2025/09/23,浦和,6,梨の都の護神　シラオ仮面賞Ｃ２三 四,1400,ダ,左,良,晴,12,5,6,エーテルノカゼ,牝,5,54.0,429,4,岡村裕,八木喜,,8,1:31.5,39.4,10-10-9-8,11,429,4
2025/09/23,浦和,6,梨の都の護神　シラオ仮面賞Ｃ２三 四,1400,ダ,左,良,晴,12,7,9,ゴールデンレディー,牝,5,51.0,392,0,神尾香,古澤悟,,9,1:31.8,40.3,6-6-6-5,8,392,0
2025/09/23,浦和,6,梨の都の護神　シラオ仮面賞Ｃ２三 四,1400,ダ,左,良,晴,12,6,7,プラウサス,牡,6,56.0,480,-4,赤津和,酒井一,,10,1:32.1,40.0,8-8-10-12,12,480,-4
2025/09/23,浦和,6,梨の都の護神　シラオ仮面賞Ｃ２三 四,1400,ダ,左,良,晴,12,8,11,コングラツィア,牝,9,54.0,448,1,岡田大,鹿沼和,,11,1:32.2,39.9,9-9-11-10,10,448,1
2025/09/23,浦和,6,梨の都の護神　シラオ仮面賞Ｃ２三 四,1400,ダ,左,良,晴,12,7,10,ドローアプローズ,セ,0,56.0,483,8,福原杏,入口由,,12,1:33.4,42.4,5-4-4-9,6,483,8
2025/09/23,浦和,7,Ｃ１三,1400,ダ,左,良,晴,13,4,4,ベストリターナー,セ,0,56.0,521,-4,本田重,宇野博,,1,1:28.5,38.0,2-2-2-1,1,521,-4
2025/09/23,浦和,7,Ｃ１三,1400,ダ,左,良,晴,13,7,10,ウワサノアノコ,牝,5,52.0,412,0,ミシェ,古澤悟,,2,1:29.0,38.1,4-4-4-3,11,412,0
2025/09/23,浦和,7,Ｃ１三,1400,ダ,左,良,晴,13,8,13,シカゴフォンテン,牡,5,56.0,469,-4,庄司大,玉井昇,,3,1:29.1,37.8,9-9-7-6,8,469,-4
2025/09/23,浦和,7,Ｃ１三,1400,ダ,左,良,晴,13,1,1,クラレーヴ,牝,3,53.0,460,5,木間龍,矢野義,,4,1:29.2,38.7,1-1-1-2,3,460,5
2025/09/23,浦和,7,Ｃ１三,1400,ダ,左,良,晴,13,2,2,ポテンザ,牡,5,56.0,512,6,野畑凌,佐藤博,,5,1:29.4,38.3,6-5-6-4,6,512,6
2025/09/23,浦和,7,Ｃ１三,1400,ダ,左,良,晴,13,6,8,ダイヤモンドキッス,牡,4,56.0,523,5,七夕裕,鹿沼和,,6,1:29.7,38.8,5-6-3-5,4,523,5
2025/09/23,浦和,7,Ｃ１三,1400,ダ,左,良,晴,13,4,5,ビナハイフォン,牝,3,53.0,469,0,岡村健,酒井一,,7,1:29.8,38.0,10-11-12-9,9,469,0
2025/09/23,浦和,7,Ｃ１三,1400,ダ,左,良,晴,13,5,6,ベリーク,牡,4,56.0,468,1,町田直,高月賢,,8,1:29.8,38.3,12-10-11-10,5,468,1
2025/09/23,浦和,7,Ｃ１三,1400,ダ,左,良,晴,13,5,7,アマモト,牡,4,56.0,470,-2,福原杏,水野貴,,9,1:30.0,38.3,13-13-10-7,10,470,-2
2025/09/23,浦和,7,Ｃ１三,1400,ダ,左,良,晴,13,8,12,トーセンジニアール,牡,5,56.0,453,4,笹川翼,小久智,,10,1:30.0,38.7,8-8-8-8,2,453,4
2025/09/23,浦和,7,Ｃ１三,1400,ダ,左,良,晴,13,6,9,ディセントラライズ,牡,4,56.0,469,2,保園翔,川村守,,11,1:30.4,38.6,11-12-13-12,13,469,2
2025/09/23,浦和,7,Ｃ１三,1400,ダ,左,良,晴,13,3,3,ツツウラウラ,牡,3,55.0,465,2,西啓太,野口寛,,12,1:31.7,40.8,3-3-5-11,7,465,2
2025/09/23,浦和,7,Ｃ１三,1400,ダ,左,良,晴,13,7,11,コスモレンブランサ,牝,5,54.0,441,6,高橋哲,工藤伸,,13,1:33.3,42.1,7-7-9-13,12,441,6
2025/09/23,浦和,8,秋の空特別３歳未格付選抜馬,2000,ダ,左,良,晴,12,6,8,デーレーチョップ,牡,3,57.0,482,-4,田中涼,鈴木義,,1,2:12.7,38.4,10-10-5-1,11,482,-4
2025/09/23,浦和,8,秋の空特別３歳未格付選抜馬,2000,ダ,左,良,晴,12,7,9,ミズイロアウダクス,牝,3,55.0,495,8,西啓太,伊藤滋,,2,2:12.8,38.9,1-1-1-2,9,495,8
2025/09/23,浦和,8,秋の空特別３歳未格付選抜馬,2000,ダ,左,良,晴,12,6,7,メイショウサノサ,牝,3,51.0,446,12,中山遥,入口由,,3,2:13.1,38.7,11-12-4-4,2,446,12
2025/09/23,浦和,8,秋の空特別３歳未格付選抜馬,2000,ダ,左,良,晴,12,4,4,ヘルオブアライド,牡,3,56.0,478,-2,野畑凌,佐藤博,,4,2:14.3,40.4,2-2-2-3,1,478,-2
2025/09/23,浦和,8,秋の空特別３歳未格付選抜馬,2000,ダ,左,良,晴,12,1,1,ハクシンドラゴン,セ,0,56.0,448,4,櫻井光,平山真,,5,2:14.5,39.8,12-11-10-8,5,448,4
2025/09/23,浦和,8,秋の空特別３歳未格付選抜馬,2000,ダ,左,良,晴,12,2,2,ディープオーキッド,牡,3,57.0,465,7,吉留孝,薮口一,,6,2:14.6,40.3,6-7-7-7,8,465,7
2025/09/23,浦和,8,秋の空特別３歳未格付選抜馬,2000,ダ,左,良,晴,12,3,3,アンクロワヤブル,牡,3,56.0,439,5,佐野遥,林隆之,,7,2:14.6,39.9,9-9-12-11,10,439,5
2025/09/23,浦和,8,秋の空特別３歳未格付選抜馬,2000,ダ,左,良,晴,12,8,12,マッドルビー,牝,3,55.0,394,2,藤江渉,山田質,,8,2:15.0,40.8,5-6-9-9,12,394,2
2025/09/23,浦和,8,秋の空特別３歳未格付選抜馬,2000,ダ,左,良,晴,12,7,10,ティナバローズ,牝,3,55.0,486,1,町田直,繁田健,,9,2:15.3,40.7,8-8-11-10,7,486,1
2025/09/23,浦和,8,秋の空特別３歳未格付選抜馬,2000,ダ,左,良,晴,12,5,5,ストームレーン,牡,3,56.0,424,0,見越彬,水上直,,10,2:15.3,41.2,3-4-6-5,3,424,0
2025/09/23,浦和,8,秋の空特別３歳未格付選抜馬,2000,ダ,左,良,晴,12,5,6,ツガノローマン,牝,3,55.0,454,7,篠谷葵,長谷忍,,11,2:15.5,41.5,7-5-3-6,6,454,7
2025/09/23,浦和,8,秋の空特別３歳未格付選抜馬,2000,ダ,左,良,晴,12,8,11,ハシリマッセ,牡,3,56.0,464,5,福原杏,川島豊,,12,2:17.1,43.0,4-3-8-12,4,464,5
2025/09/23,浦和,9,秋桜特別Ｃ１二,1500,ダ,左,良,晴,12,4,4,ツェルニー,牝,4,54.0,460,1,見越彬,鹿沼和,,1,1:36.8,39.0,5-5-4-5,1,460,1
2025/09/23,浦和,9,秋桜特別Ｃ１二,1500,ダ,左,良,晴,12,6,8,タロマイスター,牡,6,56.0,504,12,安藤洋,小久智,,2,1:37.0,38.9,8-8-7-6,6,504,12
2025/09/23,浦和,9,秋桜特別Ｃ１二,1500,ダ,左,良,晴,12,6,7,レンダリング,牡,5,56.0,502,-1,室陽一,海馬司,,3,1:37.1,38.5,11-12-10-7,12,502,-1
2025/09/23,浦和,9,秋桜特別Ｃ１二,1500,ダ,左,良,晴,12,2,2,エイシンゾディアク,牡,4,56.0,451,4,七夕裕,横山保,,4,1:37.1,38.7,9-9-9-8,4,451,4
2025/09/23,浦和,9,秋桜特別Ｃ１二,1500,ダ,左,良,晴,12,8,12,サンカプリス,セ,0,56.0,506,2,笹川翼,野口寛,,5,1:37.2,39.6,3-3-3-2,3,506,2
2025/09/23,浦和,9,秋桜特別Ｃ１二,1500,ダ,左,良,晴,12,7,9,エレガントジュエリ,牝,5,51.0,419,-1,中山遥,川村守,,6,1:37.3,39.7,2-2-2-3,5,419,-1
2025/09/23,浦和,9,秋桜特別Ｃ１二,1500,ダ,左,良,晴,12,1,1,リブートパワー,牡,4,56.0,460,13,吉留孝,薮口一,,7,1:37.5,39.7,4-4-5-4,7,460,13
2025/09/23,浦和,9,秋桜特別Ｃ１二,1500,ダ,左,良,晴,12,5,5,グーフドリファール,牝,3,53.0,406,6,野畑凌,小久智,,8,1:37.5,39.9,1-1-1-1,2,406,6
2025/09/23,浦和,9,秋桜特別Ｃ１二,1500,ダ,左,良,晴,12,5,6,スマイルスライヴ,セ,0,56.0,486,7,半澤慶,宇野博,,9,1:37.5,39.7,6-6-6-9,8,486,7
2025/09/23,浦和,9,秋桜特別Ｃ１二,1500,ダ,左,良,晴,12,3,3,ビーナスライズ,牝,4,54.0,482,-17,木間龍,工藤伸,,10,1:38.3,39.8,12-11-11-12,11,482,-17
2025/09/23,浦和,9,秋桜特別Ｃ１二,1500,ダ,左,良,晴,12,7,10,スターアドミラル,牡,4,56.0,505,1,町田直,高月賢,,11,1:38.4,40.3,7-7-8-10,9,505,1
2025/09/23,浦和,9,秋桜特別Ｃ１二,1500,ダ,左,良,晴,12,8,11,ボレロオブソロウ,牝,4,54.0,467,-1,藤江渉,久保秀,,12,1:39.7,41.2,10-10-12-11,10,467,-1
2025/09/23,浦和,10,月光特別Ｂ２Ｂ３選抜馬,800,ダ,左,良,晴,11,5,5,タマモアルタイル,牡,4,57.0,499,0,高橋哲,水野貴,,1,0:46.7,34.7,2-2,1,499,0
2025/09/23,浦和,10,月光特別Ｂ２Ｂ３選抜馬,800,ダ,左,良,晴,11,4,4,エイシンエメラルド,牝,5,53.0,420,2,七夕裕,工藤伸,,2,0:47.0,35.0,1-1,4,420,2
2025/09/23,浦和,10,月光特別Ｂ２Ｂ３選抜馬,800,ダ,左,良,晴,11,8,11,ルールメイプル,牝,5,53.0,459,0,西啓太,山崎裕,,3,0:47.1,35.0,3-3,6,459,0
2025/09/23,浦和,10,月光特別Ｂ２Ｂ３選抜馬,800,ダ,左,良,晴,11,2,2,ディスラプター,牡,3,51.0,433,0,中山遥,酒井一,,4,0:47.4,35.2,5-4,2,433,0
2025/09/23,浦和,10,月光特別Ｂ２Ｂ３選抜馬,800,ダ,左,良,晴,11,6,6,イソエヴィクラント,牡,4,55.0,475,-6,新原周,鈴木義,,5,0:47.5,34.9,7-6,8,475,-6
2025/09/23,浦和,10,月光特別Ｂ２Ｂ３選抜馬,800,ダ,左,良,晴,11,3,3,ミュステーリオン,牝,6,53.0,487,3,中島良,小久智,,6,0:47.8,35.3,6-5,3,487,3
2025/09/23,浦和,10,月光特別Ｂ２Ｂ３選抜馬,800,ダ,左,良,晴,11,7,9,ハクアイゴジロー,牡,7,55.0,549,-1,秋元耕,横山保,,7,0:47.9,35.1,8-8,9,549,-1
2025/09/23,浦和,10,月光特別Ｂ２Ｂ３選抜馬,800,ダ,左,良,晴,11,8,10,ユウノワンワン,牝,4,53.0,451,5,木間龍,酒井一,,8,0:48.0,35.9,4-7,5,451,5
2025/09/23,浦和,10,月光特別Ｂ２Ｂ３選抜馬,800,ダ,左,良,晴,11,6,7,サザンレイク,牝,5,55.0,466,-2,山林信,河津裕,,9,0:48.3,35.5,9-9,7,466,-2
2025/09/23,浦和,10,月光特別Ｂ２Ｂ３選抜馬,800,ダ,左,良,晴,11,7,8,コウユーユメノヨウ,牝,4,53.0,478,7,半澤慶,宇野博,,10,0:48.6,35.2,10-10,10,478,7
2025/09/23,浦和,10,月光特別Ｂ２Ｂ３選抜馬,800,ダ,左,良,晴,11,1,1,ケイツーユーロ,牡,5,52.0,0,0,加藤雄,加藤誠,,,,,,,0,0
2025/09/23,浦和,11,テレ玉杯オーバルスプリントJpnIII,1400,ダ,左,良,晴,12,7,10,サンライズフレイム,牡,5,54.0,516,-2,菱田裕,石坂公,,1,1:24.8,36.3,2-4-1-1,1,516,-2
2025/09/23,浦和,11,テレ玉杯オーバルスプリントJpnIII,1400,ダ,左,良,晴,12,8,11,アウストロ,牡,5,54.0,542,18,秋元耕,小澤宏,,2,1:25.4,36.9,5-3-3-2,8,542,18
2025/09/23,浦和,11,テレ玉杯オーバルスプリントJpnIII,1400,ダ,左,良,晴,12,1,1,ムエックス,牡,7,54.0,521,-3,張田昂,張田京,,3,1:25.7,37.0,4-5-5-3,4,521,-3
2025/09/23,浦和,11,テレ玉杯オーバルスプリントJpnIII,1400,ダ,左,良,晴,12,8,12,ガビーズシスター,牝,4,53.0,468,6,武　豊,森一誠,,4,1:25.8,36.9,9-7-7-6,3,468,6
2025/09/23,浦和,11,テレ玉杯オーバルスプリントJpnIII,1400,ダ,左,良,晴,12,3,3,ティントレット,牡,4,54.0,502,1,矢野貴,荒山勝,,5,1:26.0,37.2,3-6-6-5,6,502,1
2025/09/23,浦和,11,テレ玉杯オーバルスプリントJpnIII,1400,ダ,左,良,晴,12,5,5,ハッピーマン,牡,3,52.0,455,-4,坂井瑠,寺島良,,6,1:26.1,37.0,10-9-8-8,5,455,-4
2025/09/23,浦和,11,テレ玉杯オーバルスプリントJpnIII,1400,ダ,左,良,晴,12,7,9,エートラックス,牡,4,57.0,508,-6,モレイ,宮本博,,7,1:26.1,37.6,1-1-2-4,2,508,-6
2025/09/23,浦和,11,テレ玉杯オーバルスプリントJpnIII,1400,ダ,左,良,晴,12,6,7,ストライクオン,牡,4,54.0,497,-1,本田重,山下之,,8,1:26.3,36.9,7-8-9-9,9,497,-1
2025/09/23,浦和,11,テレ玉杯オーバルスプリントJpnIII,1400,ダ,左,良,晴,12,4,4,オメガレインボー,牡,9,54.0,471,2,野畑凌,小久智,,9,1:26.5,36.0,12-12-11-11,11,471,2
2025/09/23,浦和,11,テレ玉杯オーバルスプリントJpnIII,1400,ダ,左,良,晴,12,5,6,ツーシャドー,牝,6,52.0,503,4,福原杏,小澤宏,,10,1:26.5,36.8,8-10-10-10,12,503,4
2025/09/23,浦和,11,テレ玉杯オーバルスプリントJpnIII,1400,ダ,左,良,晴,12,2,2,ジゼル,牝,6,52.0,508,-3,笹川翼,山中尊,,11,1:26.6,36.5,11-11-12-12,10,508,-3
2025/09/23,浦和,11,テレ玉杯オーバルスプリントJpnIII,1400,ダ,左,良,晴,12,6,8,トーセンサンダー,牡,6,54.0,498,-1,安藤洋,小久智,,12,1:27.0,38.4,6-2-4-7,7,498,-1
2025/09/23,浦和,12,秋分の日特別Ｃ３選抜馬イ,2000,ダ,左,良,晴,12,6,8,ルグランブルー,牝,6,54.0,453,1,七夕裕,工藤伸,,1,2:14.4,40.3,6-5-4-3,4,453,1
2025/09/23,浦和,12,秋分の日特別Ｃ３選抜馬イ,2000,ダ,左,良,晴,12,8,12,ヤマブキ,牡,5,56.0,497,7,岡田大,鹿沼和,,2,2:14.5,40.2,5-4-5-6,5,497,7
2025/09/23,浦和,12,秋分の日特別Ｃ３選抜馬イ,2000,ダ,左,良,晴,12,5,5,ユウユウプレゼンス,牝,5,54.0,441,6,室陽一,横山保,,3,2:14.6,40.6,2-2-1-1,1,441,6
2025/09/23,浦和,12,秋分の日特別Ｃ３選抜馬イ,2000,ダ,左,良,晴,12,4,4,ミサイルビスケッツ,牝,5,51.0,424,-6,神尾香,今井輝,,4,2:14.9,40.4,8-8-6-5,3,424,-6
2025/09/23,浦和,12,秋分の日特別Ｃ３選抜馬イ,2000,ダ,左,良,晴,12,7,10,ケイティーユイ,牝,7,54.0,450,3,高橋哲,水野貴,,5,2:15.1,41.1,3-3-3-2,2,450,3
2025/09/23,浦和,12,秋分の日特別Ｃ３選抜馬イ,2000,ダ,左,良,晴,12,2,2,キスアンドテル,牝,6,54.0,511,7,笠野雄,海馬司,,6,2:15.8,41.3,9-9-7-7,7,511,7
2025/09/23,浦和,12,秋分の日特別Ｃ３選抜馬イ,2000,ダ,左,良,晴,12,7,9,パルメニデス,牡,6,56.0,435,9,野畑凌,長谷忍,,7,2:15.9,40.7,11-11-9-9,9,435,9
2025/09/23,浦和,12,秋分の日特別Ｃ３選抜馬イ,2000,ダ,左,良,晴,12,3,3,マーニク,牝,4,54.0,465,-2,仲野光,長谷忍,,8,2:16.0,42.0,1-1-2-4,8,465,-2
2025/09/23,浦和,12,秋分の日特別Ｃ３選抜馬イ,2000,ダ,左,良,晴,12,5,6,ナイトレインボー,牡,4,56.0,480,7,赤津和,酒井一,,9,2:16.2,41.1,10-10-10-10,10,480,7
2025/09/23,浦和,12,秋分の日特別Ｃ３選抜馬イ,2000,ダ,左,良,晴,12,6,7,シェナハート,牝,6,52.0,438,4,中島良,冨田敏,,10,2:16.3,41.8,7-7-8-8,11,438,4
2025/09/23,浦和,12,秋分の日特別Ｃ３選抜馬イ,2000,ダ,左,良,晴,12,8,11,シェナグローリー,牝,5,54.0,474,19,國分祐,冨田敏,,11,2:17.4,41.0,12-12-12-11,12,474,19
2025/09/23,浦和,12,秋分の日特別Ｃ３選抜馬イ,2000,ダ,左,良,晴,12,1,1,エイシンペリドット,牝,5,54.0,499,12,菅原涼,長谷忍,,12,2:19.7,44.9,4-6-11-12,6,499,12
2025/09/24,浦和,1,ランチタイムチャレンジ３歳五,1400,ダ,左,良,晴,12,1,1,エコロスヴァル,セ,0,56.0,498,20,野畑凌,水野貴,,1,1:29.8,38.5,1-1-1-1,1,498,20
2025/09/24,浦和,1,ランチタイムチャレンジ３歳五,1400,ダ,左,良,晴,12,5,6,イサチルカムカム,牡,3,56.0,430,2,張田昂,宇野博,,2,1:30.8,39.0,6-6-3-2,2,430,2
2025/09/24,浦和,1,ランチタイムチャレンジ３歳五,1400,ダ,左,良,晴,12,6,7,コスモサンブライト,牝,3,54.0,425,-2,田中涼,久保秀,,3,1:31.2,39.0,9-8-5-3,10,425,-2
2025/09/24,浦和,1,ランチタイムチャレンジ３歳五,1400,ダ,左,良,晴,12,4,4,イリバーレ,牡,3,56.0,478,-11,赤津和,海馬司,,4,1:31.4,38.9,7-7-8-6,6,478,-11
2025/09/24,浦和,1,ランチタイムチャレンジ３歳五,1400,ダ,左,良,晴,12,6,8,ハイタッチマドンナ,牝,3,54.0,443,10,秋元耕,鹿沼和,,5,1:31.5,39.0,12-12-7-5,7,443,10
2025/09/24,浦和,1,ランチタイムチャレンジ３歳五,1400,ダ,左,良,晴,12,8,12,カネミツツイスト,牡,3,56.0,444,0,七夕裕,水野貴,,6,1:31.9,40.3,3-3-2-4,11,444,0
2025/09/24,浦和,1,ランチタイムチャレンジ３歳五,1400,ダ,左,良,晴,12,3,3,シェルヴァレイ,牡,3,56.0,450,12,藤江渉,酒井一,,7,1:32.2,39.5,11-10-9-8,9,450,12
2025/09/24,浦和,1,ランチタイムチャレンジ３歳五,1400,ダ,左,良,晴,12,7,10,ポレポレ,牝,3,51.0,416,5,中山遥,酒井一,,8,1:32.2,40.2,2-4-6-7,3,416,5
2025/09/24,浦和,1,ランチタイムチャレンジ３歳五,1400,ダ,左,良,晴,12,5,5,クレストライン,牝,3,54.0,421,-10,室陽一,入口由,,9,1:33.0,39.9,8-9-11-10,8,421,-10
2025/09/24,浦和,1,ランチタイムチャレンジ３歳五,1400,ダ,左,良,晴,12,2,2,ミスレモン,牝,3,53.0,506,12,佐野遥,箕輪武,,10,1:33.0,40.5,5-5-10-9,5,506,12
2025/09/24,浦和,1,ランチタイムチャレンジ３歳五,1400,ダ,左,良,晴,12,7,9,ソニンクノヴァ,牝,3,52.0,419,-1,中島良,武井和,,11,1:33.2,40.1,10-11-12-11,12,419,-1
2025/09/24,浦和,1,ランチタイムチャレンジ３歳五,1400,ダ,左,良,晴,12,8,11,ビップリアム,牡,3,56.0,461,1,保園翔,繁田健,,12,1:35.0,43.6,4-2-4-12,4,461,1
2025/09/24,浦和,2,２歳四,1300,ダ,左,良,晴,8,4,4,ミラコロピリナ,牝,2,54.0,469,10,山中悠,小澤宏,,1,1:25.6,39.8,2-2-1-1,6,469,10
2025/09/24,浦和,2,２歳四,1300,ダ,左,良,晴,8,2,2,サモアノカイジン,牡,2,54.0,493,1,岡村健,平山真,,2,1:25.6,39.4,5-4-5-3,7,493,1
2025/09/24,浦和,2,２歳四,1300,ダ,左,良,晴,8,8,8,キンパツビジン,牝,2,54.0,428,5,本橋孝,野口寛,,3,1:26.5,40.4,6-7-4-4,1,428,5
2025/09/24,浦和,2,２歳四,1300,ダ,左,良,晴,8,6,6,エガル,牝,2,54.0,449,5,野畑凌,長谷忍,,4,1:26.8,40.9,3-3-2-2,2,449,5
2025/09/24,浦和,2,２歳四,1300,ダ,左,良,晴,8,7,7,ホワイトジェイド,牡,2,54.0,476,4,福原杏,水野貴,,5,1:27.1,40.5,7-6-6-5,4,476,4
2025/09/24,浦和,2,２歳四,1300,ダ,左,良,晴,8,1,1,ニコニコニコル,牝,2,51.0,405,1,中山遥,小林真,,6,1:27.4,41.6,1-1-3-6,3,405,1
2025/09/24,浦和,2,２歳四,1300,ダ,左,良,晴,8,5,5,スピラヴィオ,牡,2,54.0,386,5,秋元耕,箕輪武,,7,1:27.4,41.0,4-5-7-7,5,386,5
2025/09/24,浦和,2,２歳四,1300,ダ,左,良,晴,8,3,3,スタールル,牝,2,54.0,407,0,半澤慶,川村守,,,,,,,407,0
2025/09/24,浦和,3,２歳三,1400,ダ,左,良,晴,9,8,8,デュオメーデス,牡,2,54.0,596,25,野畑凌,小久智,,1,1:32.5,41.0,1-1-1-1,1,596,25
2025/09/24,浦和,3,２歳三,1400,ダ,左,良,晴,9,2,2,オソレイユ,牡,2,54.0,418,16,新原周,野口孝,,2,1:33.3,40.2,8-8-8-6,5,418,16
2025/09/24,浦和,3,２歳三,1400,ダ,左,良,晴,9,3,3,ハリッサ,牝,2,51.0,445,-4,中山遥,水野貴,,3,1:34.3,41.6,5-6-7-7,2,445,-4
2025/09/24,浦和,3,２歳三,1400,ダ,左,良,晴,9,1,1,パワーマジック,牡,2,54.0,479,8,高橋哲,入口由,,4,1:34.3,41.5,7-7-6-5,9,479,8
2025/09/24,浦和,3,２歳三,1400,ダ,左,良,晴,9,8,9,スターバロン,牡,2,54.0,423,6,保園翔,小澤宏,,5,1:34.4,42.8,4-3-2-2,3,423,6
2025/09/24,浦和,3,２歳三,1400,ダ,左,良,晴,9,7,7,ルシードファルチェ,牝,2,54.0,403,1,菅原涼,藤原智,,6,1:34.5,40.8,9-9-9-9,6,403,1
2025/09/24,浦和,3,２歳三,1400,ダ,左,良,晴,9,6,6,カシノマラカイト,牝,2,54.0,417,6,室陽一,鹿沼和,,7,1:34.9,42.5,6-5-4-3,7,417,6
2025/09/24,浦和,3,２歳三,1400,ダ,左,良,晴,9,5,5,オパールグリーン,牝,2,52.0,405,0,中島良,川村守,,8,1:35.8,44.2,2-2-3-4,4,405,0
2025/09/24,浦和,3,２歳三,1400,ダ,左,良,晴,9,4,4,エムワンシゲコ,牝,2,54.0,443,12,吉留孝,薮口一,,9,1:36.7,44.5,3-4-5-8,8,443,12
2025/09/24,浦和,4,特選Ｃ３三,1400,ダ,左,良,晴,12,3,3,モズマスターピース,牡,5,56.0,487,5,高橋哲,入口由,,1,1:31.2,39.6,11-10-8-5,4,487,5
2025/09/24,浦和,4,特選Ｃ３三,1400,ダ,左,良,晴,12,5,6,ハヌマーンビーチ,牡,5,56.0,453,-1,岡田大,鹿沼和,,2,1:31.2,40.4,5-7-4-2,2,453,-1
2025/09/24,浦和,4,特選Ｃ３三,1400,ダ,左,良,晴,12,7,10,ベニノパール,牝,5,51.0,413,-8,加藤雄,田島寿,,3,1:31.2,39.5,8-8-10-7,11,413,-8
2025/09/24,浦和,4,特選Ｃ３三,1400,ダ,左,良,晴,12,1,1,ベニノレーヴ,牡,4,53.0,441,-3,中山遥,八木仁,,4,1:31.5,40.5,7-6-7-4,5,441,-3
2025/09/24,浦和,4,特選Ｃ３三,1400,ダ,左,良,晴,12,8,12,ヤサカソレイユ,牡,5,56.0,459,7,池谷匠,村田六,,5,1:31.8,40.1,9-9-9-8,7,459,7
2025/09/24,浦和,4,特選Ｃ３三,1400,ダ,左,良,晴,12,6,8,ジーニーボニータ,牡,6,56.0,500,0,見越彬,水野貴,,6,1:31.9,41.3,3-3-1-3,6,500,0
2025/09/24,浦和,4,特選Ｃ３三,1400,ダ,左,良,晴,12,7,9,ラヴァルス,牝,5,54.0,430,3,七夕裕,八木喜,,7,1:31.9,41.3,4-4-2-1,3,430,3
2025/09/24,浦和,4,特選Ｃ３三,1400,ダ,左,良,晴,12,5,5,ヨドノホマレ,セ,0,56.0,492,5,岡村健,平山真,,8,1:32.4,41.6,6-5-5-6,1,492,5
2025/09/24,浦和,4,特選Ｃ３三,1400,ダ,左,良,晴,12,8,11,クラダイリン,牝,5,54.0,530,10,菅原涼,長谷忍,,9,1:32.6,40.6,10-11-11-9,9,530,10
2025/09/24,浦和,4,特選Ｃ３三,1400,ダ,左,良,晴,12,2,2,スターコマチ,牝,6,54.0,427,2,保園翔,川村守,,10,1:33.0,40.4,12-12-12-11,10,427,2
2025/09/24,浦和,4,特選Ｃ３三,1400,ダ,左,良,晴,12,6,7,オンネア,牝,4,54.0,460,-1,室陽一,入口由,,11,1:34.7,44.1,2-2-3-10,8,460,-1
2025/09/24,浦和,4,特選Ｃ３三,1400,ダ,左,良,晴,12,4,4,ワールドバトル,セ,0,56.0,489,13,櫻井光,海馬司,,12,1:35.7,45.1,1-1-6-12,12,489,13
2025/09/24,浦和,5,特選Ｃ２選抜牝馬,1400,ダ,左,良,晴,10,2,2,ツーエムフリーク,牝,5,55.0,523,13,山中悠,小澤宏,,1,1:29.7,38.1,2-2-2-1,1,523,13
2025/09/24,浦和,5,特選Ｃ２選抜牝馬,1400,ダ,左,良,晴,10,8,10,キミハレモネード,牝,4,54.5,465,2,張田昂,水野貴,,2,1:30.2,37.8,9-8-4-3,2,465,2
2025/09/24,浦和,5,特選Ｃ２選抜牝馬,1400,ダ,左,良,晴,10,6,6,カラフルピーチ,牝,4,55.0,444,5,櫻井光,平山真,,3,1:30.6,38.8,5-5-3-5,4,444,5
2025/09/24,浦和,5,特選Ｃ２選抜牝馬,1400,ダ,左,良,晴,10,3,3,デルマネコダマシ,牝,5,54.0,465,-8,木間龍,矢野義,,4,1:30.6,38.4,7-7-7-6,6,465,-8
2025/09/24,浦和,5,特選Ｃ２選抜牝馬,1400,ダ,左,良,晴,10,5,5,アンジェマリーナ,牝,4,52.0,441,11,中山遥,川島豊,,5,1:30.8,39.0,3-4-6-4,5,441,11
2025/09/24,浦和,5,特選Ｃ２選抜牝馬,1400,ダ,左,良,晴,10,7,8,ルリール,牝,6,54.0,413,7,新原周,林隆之,,6,1:31.3,38.8,6-6-8-7,8,413,7
2025/09/24,浦和,5,特選Ｃ２選抜牝馬,1400,ダ,左,良,晴,10,7,7,セクシーウィドー,牝,4,55.0,439,2,池谷匠,甲田悟,,7,1:31.3,38.4,8-9-9-9,10,439,2
2025/09/24,浦和,5,特選Ｃ２選抜牝馬,1400,ダ,左,良,晴,10,8,9,アサンテギア,牝,7,54.0,420,-2,七夕裕,工藤伸,,8,1:31.4,38.2,10-10-10-10,9,420,-2
2025/09/24,浦和,5,特選Ｃ２選抜牝馬,1400,ダ,左,良,晴,10,4,4,テンロ,牝,4,54.5,497,9,野畑凌,小久智,,9,1:31.4,39.9,1-1-1-2,3,497,9
2025/09/24,浦和,5,特選Ｃ２選抜牝馬,1400,ダ,左,良,晴,10,1,1,ビヴァアカプルコ,牝,5,55.0,508,11,見越彬,水上直,,10,1:32.5,40.7,4-3-5-8,7,508,11
2025/09/24,浦和,6,Ｃ２五 六,1500,ダ,左,良,晴,12,8,12,タウンホール,牝,4,54.0,480,-9,福原杏,秋山直,,1,1:37.8,39.4,5-4-2-2,4,480,-9
2025/09/24,浦和,6,Ｃ２五 六,1500,ダ,左,良,晴,12,2,2,キタサンエポナ,牝,6,54.0,438,2,室陽一,繁田健,,2,1:37.9,39.6,1-1-1-1,1,438,2
2025/09/24,浦和,6,Ｃ２五 六,1500,ダ,左,良,晴,12,7,10,ユメデアエタラ,牡,4,56.0,466,-6,岡村健,平山真,,3,1:38.7,40.3,2-2-3-3,2,466,-6
2025/09/24,浦和,6,Ｃ２五 六,1500,ダ,左,良,晴,12,1,1,レッドスウィング,牡,4,56.0,464,6,池谷匠,村田順,,4,1:38.7,39.1,9-10-10-8,8,464,6
2025/09/24,浦和,6,Ｃ２五 六,1500,ダ,左,良,晴,12,5,6,ヘヴンズクライ,牡,4,56.0,419,-7,篠谷葵,藤原智,,5,1:38.8,39.6,10-9-7-6,7,419,-7
2025/09/24,浦和,6,Ｃ２五 六,1500,ダ,左,良,晴,12,7,9,アルマス,牡,8,56.0,405,0,七夕裕,古澤悟,,6,1:39.0,39.3,12-11-9-10,9,405,0
2025/09/24,浦和,6,Ｃ２五 六,1500,ダ,左,良,晴,12,8,11,ニューディヴァイド,セ,0,56.0,498,9,西啓太,高橋宏,,7,1:39.2,40.8,3-3-4-5,6,498,9
2025/09/24,浦和,6,Ｃ２五 六,1500,ダ,左,良,晴,12,4,4,カペラスター,牡,6,56.0,490,1,高橋哲,工藤伸,,8,1:39.3,39.4,11-12-11-11,12,490,1
2025/09/24,浦和,6,Ｃ２五 六,1500,ダ,左,良,晴,12,5,5,リュウノファントム,牡,5,56.0,479,10,達城龍,野口孝,,9,1:39.4,40.6,7-7-6-7,10,479,10
2025/09/24,浦和,6,Ｃ２五 六,1500,ダ,左,良,晴,12,6,7,メグ,牝,5,54.0,478,5,見越彬,鹿沼和,,10,1:39.6,40.9,6-5-5-4,5,478,5
2025/09/24,浦和,6,Ｃ２五 六,1500,ダ,左,良,晴,12,6,8,メイショウボンゴチ,牡,5,56.0,430,-3,加藤和,薮口一,,11,1:39.6,40.3,8-8-8-9,11,430,-3
2025/09/24,浦和,6,Ｃ２五 六,1500,ダ,左,良,晴,12,3,3,ヴァンクールシチー,牡,6,56.0,428,-4,半澤慶,工藤伸,,12,1:44.7,45.3,4-6-12-12,3,428,-4
2025/09/24,浦和,7,Ｃ２五 六,1400,ダ,左,良,晴,12,7,9,ビューティビースト,牝,4,54.0,441,-5,藤江渉,久保勇,,1,1:31.6,39.4,8-6-4-5,5,441,-5
2025/09/24,浦和,7,Ｃ２五 六,1400,ダ,左,良,晴,12,6,8,マケタラアカン,牡,4,56.0,457,7,笠野雄,佐々清,,2,1:31.9,39.3,7-8-7-6,12,457,7
2025/09/24,浦和,7,Ｃ２五 六,1400,ダ,左,良,晴,12,5,6,ファンタフェスタ,牝,4,54.0,455,13,岡村健,平山真,,3,1:32.0,39.8,5-4-5-4,2,455,13
2025/09/24,浦和,7,Ｃ２五 六,1400,ダ,左,良,晴,12,8,12,タイキレヴィン,牡,4,56.0,495,0,増田充,武井和,,4,1:32.0,40.1,2-2-2-3,6,495,0
2025/09/24,浦和,7,Ｃ２五 六,1400,ダ,左,良,晴,12,7,10,パレルモフレイバー,牝,6,54.0,452,3,町田直,繁田健,,5,1:32.0,40.1,3-3-3-2,1,452,3
2025/09/24,浦和,7,Ｃ２五 六,1400,ダ,左,良,晴,12,8,11,ジャズピアニスト,牝,5,54.0,484,3,山中悠,小久智,,6,1:32.4,40.5,1-1-1-1,3,484,3
2025/09/24,浦和,7,Ｃ２五 六,1400,ダ,左,良,晴,12,2,2,ロトカグラ,牡,4,56.0,489,3,七夕裕,工藤伸,,7,1:32.5,39.3,10-11-10-8,9,489,3
2025/09/24,浦和,7,Ｃ２五 六,1400,ダ,左,良,晴,12,1,1,シェナベスト,牡,4,56.0,447,-6,岡村裕,山田正,,8,1:32.7,40.1,9-7-6-7,11,447,-6
2025/09/24,浦和,7,Ｃ２五 六,1400,ダ,左,良,晴,12,5,5,カネトシアンカー,牝,4,54.0,498,8,山林信,佐々仁,,9,1:33.4,39.9,12-12-12-11,7,498,8
2025/09/24,浦和,7,Ｃ２五 六,1400,ダ,左,良,晴,12,4,4,ドナミント,牝,4,54.0,457,3,藤田凌,齊藤敏,,10,1:33.4,40.5,11-10-9-10,10,457,3
2025/09/24,浦和,7,Ｃ２五 六,1400,ダ,左,良,晴,12,6,7,オーデンリッキー,牝,4,54.0,466,9,秋元耕,小澤宏,,11,1:33.7,41.3,4-5-8-9,4,466,9
2025/09/24,浦和,7,Ｃ２五 六,1400,ダ,左,良,晴,12,3,3,ラニーズグレイス,牝,5,53.0,489,21,佐野遥,工藤伸,,12,1:35.1,42.2,6-9-11-12,8,489,21
2025/09/24,浦和,8,浦和エイトチャレンジＣ１四,1500,ダ,左,良,晴,12,6,7,マロンシャンテリー,牡,4,56.0,459,-11,赤津和,工藤伸,,1,1:36.2,38.8,4-4-4-3,4,459,-11
2025/09/24,浦和,8,浦和エイトチャレンジＣ１四,1500,ダ,左,良,晴,12,2,2,ペルセイズ,牡,4,56.0,512,1,町田直,佐藤博,,2,1:36.4,38.8,6-7-7-4,5,512,1
2025/09/24,浦和,8,浦和エイトチャレンジＣ１四,1500,ダ,左,良,晴,12,6,8,ゴールデンマイク,牡,5,56.0,510,2,野畑凌,新井清,,3,1:37.0,39.8,2-2-2-1,1,510,2
2025/09/24,浦和,8,浦和エイトチャレンジＣ１四,1500,ダ,左,良,晴,12,5,6,パンプイット,牡,3,55.0,493,10,藤本現,高月賢,,4,1:37.6,39.8,9-9-9-7,7,493,10
2025/09/24,浦和,8,浦和エイトチャレンジＣ１四,1500,ダ,左,良,晴,12,7,10,ヴァラムノス,牝,4,54.0,432,0,福原杏,水野貴,,5,1:37.6,40.2,5-5-5-8,9,432,0
2025/09/24,浦和,8,浦和エイトチャレンジＣ１四,1500,ダ,左,良,晴,12,3,3,プラビータ,牝,4,54.0,503,9,本田重,小久智,,6,1:37.6,40.5,1-1-1-2,2,503,9
2025/09/24,浦和,8,浦和エイトチャレンジＣ１四,1500,ダ,左,良,晴,12,8,11,ロードアスタリスク,牡,5,56.0,493,7,室陽一,吉田正,,7,1:37.7,40.1,8-6-8-9,8,493,7
2025/09/24,浦和,8,浦和エイトチャレンジＣ１四,1500,ダ,左,良,晴,12,8,12,シエルラビクトア,牝,5,51.0,511,6,神尾香,山田質,,8,1:37.7,40.5,3-3-3-6,3,511,6
2025/09/24,浦和,8,浦和エイトチャレンジＣ１四,1500,ダ,左,良,晴,12,7,9,ミュークレグルス,牡,7,53.0,519,5,加藤雄,山崎尋,,9,1:37.7,40.1,7-8-6-5,6,519,5
2025/09/24,浦和,8,浦和エイトチャレンジＣ１四,1500,ダ,左,良,晴,12,5,5,ティーケーメイト,牝,7,51.0,449,2,中山遥,八木仁,,10,1:38.7,40.2,11-11-10-10,10,449,2
2025/09/24,浦和,8,浦和エイトチャレンジＣ１四,1500,ダ,左,良,晴,12,4,4,リュラグリーン,牝,4,52.0,491,15,中島良,川村守,,11,1:39.6,40.5,12-12-12-12,11,491,15
2025/09/24,浦和,8,浦和エイトチャレンジＣ１四,1500,ダ,左,良,晴,12,1,1,ヴァシロペス,セ,0,56.0,462,2,秋元耕,薮口一,,12,1:40.8,42.4,10-10-11-11,12,462,2
2025/09/24,浦和,9,秋うらら特別３歳一,1400,ダ,左,良,晴,13,7,10,ポッドソル,牡,3,56.0,435,-8,御神訓,酒井忍,,1,1:29.6,38.6,2-1-1-1,1,435,-8
2025/09/24,浦和,9,秋うらら特別３歳一,1400,ダ,左,良,晴,13,6,8,トーセンペネロペ,牝,3,54.0,465,2,本田重,小久智,,2,1:30.7,38.7,9-10-9-4,4,465,2
2025/09/24,浦和,9,秋うらら特別３歳一,1400,ダ,左,良,晴,13,5,6,ワンダーリーグ,牡,3,56.0,502,12,吉留孝,鈴木勝,,3,1:31.0,38.7,12-12-11-6,11,502,12
2025/09/24,浦和,9,秋うらら特別３歳一,1400,ダ,左,良,晴,13,2,2,エステティーカ,牡,3,56.0,489,5,保園翔,野口寛,,4,1:31.1,39.7,4-4-3-2,2,489,5
2025/09/24,浦和,9,秋うらら特別３歳一,1400,ダ,左,良,晴,13,4,5,ティーズリンク,牝,3,54.0,450,-1,高橋哲,水野貴,,5,1:31.4,38.9,11-13-13-12,9,450,-1
2025/09/24,浦和,9,秋うらら特別３歳一,1400,ダ,左,良,晴,13,3,3,ダイバヤタガラス,セ,0,56.0,462,7,赤津和,箕輪武,,6,1:31.4,39.7,6-7-7-3,6,462,7
2025/09/24,浦和,9,秋うらら特別３歳一,1400,ダ,左,良,晴,13,5,7,シバノエスコドール,セ,0,56.0,476,10,室陽一,宇野博,,7,1:32.3,40.0,13-11-10-9,7,476,10
2025/09/24,浦和,9,秋うらら特別３歳一,1400,ダ,左,良,晴,13,8,12,スタークイック,牝,3,54.0,425,16,半澤慶,小澤宏,,8,1:32.6,40.5,10-9-12-13,13,425,16
2025/09/24,浦和,9,秋うらら特別３歳一,1400,ダ,左,良,晴,13,1,1,ブルーオブウインド,牝,3,54.0,474,12,見越彬,川村守,,9,1:32.7,40.7,8-8-8-11,10,474,12
2025/09/24,浦和,9,秋うらら特別３歳一,1400,ダ,左,良,晴,13,6,9,シナモンポップ,牝,3,54.0,477,4,秋元耕,海馬司,,10,1:33.0,41.6,7-6-5-5,12,477,4
2025/09/24,浦和,9,秋うらら特別３歳一,1400,ダ,左,良,晴,13,4,4,ハヤブサナンデヒメ,牝,3,54.0,450,1,池谷匠,高橋宏,,11,1:33.0,41.6,3-3-6-8,5,450,1
2025/09/24,浦和,9,秋うらら特別３歳一,1400,ダ,左,良,晴,13,8,13,イットウショウグウ,牝,3,54.0,448,11,野畑凌,水上直,,12,1:33.6,42.4,1-2-2-7,3,448,11
2025/09/24,浦和,9,秋うらら特別３歳一,1400,ダ,左,良,晴,13,7,11,アジアパテック,牡,3,55.0,507,7,佐野遥,岩本洋,,13,1:33.7,42.3,5-5-4-10,8,507,7
2025/09/24,浦和,10,菊月特別Ｃ１選抜馬,800,ダ,左,良,晴,12,7,10,ウルトラワールド,牡,5,55.0,472,5,及川烈,鹿沼和,,1,0:47.5,35.4,3-2,1,472,5
2025/09/24,浦和,10,菊月特別Ｃ１選抜馬,800,ダ,左,良,晴,12,2,2,サノノレインボー,牝,4,54.0,475,15,室陽一,川島豊,,2,0:47.8,35.8,1-1,4,475,15
2025/09/24,浦和,10,菊月特別Ｃ１選抜馬,800,ダ,左,良,晴,12,3,3,ニシノニューリーフ,牝,5,54.0,510,3,吉留孝,冨田敏,,3,0:48.3,36.2,2-3,2,510,3
2025/09/24,浦和,10,菊月特別Ｃ１選抜馬,800,ダ,左,良,晴,12,4,4,ケイアイマゴラ,セ,0,56.0,462,-2,櫻井光,海馬司,,4,0:48.4,35.8,7-5,3,462,-2
2025/09/24,浦和,10,菊月特別Ｃ１選抜馬,800,ダ,左,良,晴,12,1,1,シェナブライト,牡,7,56.0,529,-7,高橋哲,吉田正,,5,0:48.6,36.1,5-4,10,529,-7
2025/09/24,浦和,10,菊月特別Ｃ１選抜馬,800,ダ,左,良,晴,12,7,9,アイアムカチマショ,牝,5,54.0,492,13,見越彬,川島豊,,6,0:48.9,36.8,4-6,5,492,13
2025/09/24,浦和,10,菊月特別Ｃ１選抜馬,800,ダ,左,良,晴,12,6,7,ゴールドサイカ,牝,3,53.0,454,0,増田充,岩本洋,,7,0:49.1,36.4,6-7,11,454,0
2025/09/24,浦和,10,菊月特別Ｃ１選抜馬,800,ダ,左,良,晴,12,5,5,セイウンサニー,牝,4,54.0,458,8,加藤和,冨田敏,,8,0:49.2,36.2,9-8,8,458,8
2025/09/24,浦和,10,菊月特別Ｃ１選抜馬,800,ダ,左,良,晴,12,8,11,ビビットピンク,牝,4,54.0,469,12,池谷匠,茂木浩,,9,0:49.4,36.0,11-10,12,469,12
2025/09/24,浦和,10,菊月特別Ｃ１選抜馬,800,ダ,左,良,晴,12,6,8,サンファウンテン,牡,4,55.0,472,-13,佐野遥,長谷忍,,10,0:49.7,36.8,8-9,9,472,-13
2025/09/24,浦和,10,菊月特別Ｃ１選抜馬,800,ダ,左,良,晴,12,5,6,クラパッション,牝,3,50.0,489,8,中山遥,藤原智,,11,0:49.8,36.2,12-12,6,489,8
2025/09/24,浦和,10,菊月特別Ｃ１選抜馬,800,ダ,左,良,晴,12,8,12,キガン,牝,5,54.0,457,4,秋元耕,酒井一,,12,0:49.8,36.5,10-11,7,457,4
2025/09/24,浦和,11,シラコバト賞Ａ２下,1500,ダ,左,良,晴,8,3,3,モズリッキー,牡,6,57.0,478,0,町田直,繁田健,,1,1:35.4,38.1,4-3-3-2,1,478,0
2025/09/24,浦和,11,シラコバト賞Ａ２下,1500,ダ,左,良,晴,8,2,2,ニシノカシミヤ,牝,5,55.0,478,-4,張田昂,市村誠,,2,1:35.9,38.4,3-4-4-4,2,478,-4
2025/09/24,浦和,11,シラコバト賞Ａ２下,1500,ダ,左,良,晴,8,5,5,サトノロイヤル,牡,7,57.0,521,11,本橋孝,内田勝,,3,1:36.1,38.0,6-6-6-5,6,521,11
2025/09/24,浦和,11,シラコバト賞Ａ２下,1500,ダ,左,良,晴,8,8,8,ビナサクセス,牡,7,55.0,509,-1,野畑凌,水野貴,,4,1:36.2,39.0,1-1-1-1,4,509,-1
2025/09/24,浦和,11,シラコバト賞Ａ２下,1500,ダ,左,良,晴,8,6,6,サンライズジャスト,牡,6,57.0,539,-3,岡村健,古澤悟,,5,1:36.4,38.6,5-5-5-6,5,539,-3
2025/09/24,浦和,11,シラコバト賞Ａ２下,1500,ダ,左,良,晴,8,4,4,ボルドーネセバル,牡,5,55.0,461,1,木間龍,齊藤敏,,6,1:36.7,38.5,7-7-7-7,7,461,1
2025/09/24,浦和,11,シラコバト賞Ａ２下,1500,ダ,左,良,晴,8,7,7,オーウェル,牡,4,55.0,481,1,本田重,小久智,,7,1:36.8,39.6,2-2-2-3,3,481,1
2025/09/24,浦和,11,シラコバト賞Ａ２下,1500,ダ,左,良,晴,8,1,1,ベネロングポイント,セ,0,55.0,486,6,保園翔,山下之,,8,1:37.1,38.7,8-8-8-8,8,486,6
2025/09/24,浦和,12,月見特別Ｂ２Ｂ３選抜馬,2000,ダ,左,良,晴,11,2,2,ラブアンドハピネス,牝,4,55.0,444,6,半澤慶,平山真,,1,2:10.7,37.7,5-4-2-2,1,444,6
2025/09/24,浦和,12,月見特別Ｂ２Ｂ３選抜馬,2000,ダ,左,良,晴,11,4,4,オーシンスキャット,牡,4,57.0,486,24,御神訓,小久智,,2,2:11.4,38.6,1-1-1-1,2,486,24
2025/09/24,浦和,12,月見特別Ｂ２Ｂ３選抜馬,2000,ダ,左,良,晴,11,6,7,サイレントヴォイス,牡,4,55.0,482,5,野畑凌,高月賢,,3,2:12.6,39.6,2-2-3-3,5,482,5
2025/09/24,浦和,12,月見特別Ｂ２Ｂ３選抜馬,2000,ダ,左,良,晴,11,7,8,グロリアンズタイム,牡,5,55.0,536,-6,町田直,古澤悟,,4,2:12.7,39.4,6-6-5-4,7,536,-6
2025/09/24,浦和,12,月見特別Ｂ２Ｂ３選抜馬,2000,ダ,左,良,晴,11,6,6,メイショウクラーク,セ,0,55.0,446,-3,本田重,宇野博,,5,2:12.8,38.9,7-7-8-7,4,446,-3
2025/09/24,浦和,12,月見特別Ｂ２Ｂ３選抜馬,2000,ダ,左,良,晴,11,8,10,イエヴァンポルッカ,牡,6,55.0,526,6,赤津和,宇野博,,6,2:12.9,38.3,10-10-10-6,10,526,6
2025/09/24,浦和,12,月見特別Ｂ２Ｂ３選抜馬,2000,ダ,左,良,晴,11,5,5,エスシーヤマト,牝,4,53.0,455,2,山口達,渡邊貴,,7,2:13.0,38.8,8-9-9-9,9,455,2
2025/09/24,浦和,12,月見特別Ｂ２Ｂ３選抜馬,2000,ダ,左,良,晴,11,7,9,リリーバローズ,牝,5,53.0,466,2,池谷匠,村田順,,8,2:13.3,40.3,3-3-4-5,8,466,2
2025/09/24,浦和,12,月見特別Ｂ２Ｂ３選抜馬,2000,ダ,左,良,晴,11,8,11,レッドサラマンダー,牡,3,53.0,467,3,佐野遥,久保秀,,9,2:13.9,40.0,9-8-7-10,11,467,3
2025/09/24,浦和,12,月見特別Ｂ２Ｂ３選抜馬,2000,ダ,左,良,晴,11,3,3,ビリーヴィン,牡,5,52.0,503,-1,中山遥,藤原智,,10,2:14.1,40.8,4-5-6-8,3,503,-1
2025/09/24,浦和,12,月見特別Ｂ２Ｂ３選抜馬,2000,ダ,左,良,晴,11,1,1,シグナルファイアー,牝,5,55.0,476,-7,木間龍,齊藤敏,,11,2:14.9,39.7,11-11-11-11,6,476,-7
2025/09/25,浦和,1,ランチタイムチャレンジＣ２七,1400,ダ,左,良,晴,10,3,3,エムティリラ,牝,4,54.0,437,2,福原杏,平山真,,1,1:29.6,38.8,4-3-2-1,2,437,2
2025/09/25,浦和,1,ランチタイムチャレンジＣ２七,1400,ダ,左,良,晴,10,2,2,カリプソ,牝,4,54.0,443,15,保園翔,長谷忍,,2,1:30.1,38.5,7-7-6-3,6,443,15
2025/09/25,浦和,1,ランチタイムチャレンジＣ２七,1400,ダ,左,良,晴,10,7,8,アブソリュート,牡,4,54.0,480,2,ミシェ,山崎裕,,3,1:30.6,38.6,9-9-7-5,1,480,2
2025/09/25,浦和,1,ランチタイムチャレンジＣ２七,1400,ダ,左,良,晴,10,6,6,マニエジェニー,牝,5,54.0,502,8,町田直,山田質,,4,1:30.6,38.8,5-6-9-7,7,502,8
2025/09/25,浦和,1,ランチタイムチャレンジＣ２七,1400,ダ,左,良,晴,10,8,9,ニシノミモザ,牝,4,54.0,445,1,秋元耕,吉田正,,5,1:30.6,39.1,6-5-5-4,9,445,1
2025/09/25,浦和,1,ランチタイムチャレンジＣ２七,1400,ダ,左,良,晴,10,1,1,リアリータイト,牝,4,54.0,488,21,赤津和,箕輪武,,6,1:30.9,40.2,1-1-1-2,8,488,21
2025/09/25,浦和,1,ランチタイムチャレンジＣ２七,1400,ダ,左,良,晴,10,7,7,リコースチェッキン,牝,5,54.0,402,2,藤田凌,久保秀,,7,1:31.1,40.2,3-4-3-6,4,402,2
2025/09/25,浦和,1,ランチタイムチャレンジＣ２七,1400,ダ,左,良,晴,10,8,10,シュンレツ,牡,4,56.0,459,1,増田充,加藤誠,,8,1:31.6,39.6,8-8-8-9,10,459,1
2025/09/25,浦和,1,ランチタイムチャレンジＣ２七,1400,ダ,左,良,晴,10,4,4,キミニメロメロ,牝,4,51.0,468,13,中山遥,吉田正,,9,1:32.1,41.2,2-2-4-8,5,468,13
2025/09/25,浦和,1,ランチタイムチャレンジＣ２七,1400,ダ,左,良,晴,10,5,5,パーティーキング,牡,5,56.0,490,11,新原周,田邊陽,,10,1:32.7,39.3,10-10-10-10,3,490,11
2025/09/25,浦和,2,３歳六,1400,ダ,左,良,晴,12,3,3,アルマリアルト,牡,3,56.0,537,8,秋元耕,海馬司,,1,1:31.2,39.9,10-11-4-3,11,537,8
2025/09/25,浦和,2,３歳六,1400,ダ,左,良,晴,12,1,1,メラ,牝,3,54.0,547,-1,菅原涼,長谷忍,,2,1:31.4,40.6,1-1-1-1,9,547,-1
2025/09/25,浦和,2,３歳六,1400,ダ,左,良,晴,12,7,9,ソルトミラクル,牡,3,56.0,471,8,半澤慶,宇野博,,3,1:31.6,40.6,6-6-3-2,4,471,8
2025/09/25,浦和,2,３歳六,1400,ダ,左,良,晴,12,4,4,ミラクルライズ,牡,3,56.0,475,0,吉留孝,薮口一,,4,1:31.9,40.8,3-4-6-5,7,475,0
2025/09/25,浦和,2,３歳六,1400,ダ,左,良,晴,12,5,5,スマイルナゴミ,牝,3,54.0,468,11,笠野雄,矢内博,,5,1:32.2,40.0,7-7-8-6,6,468,11
2025/09/25,浦和,2,３歳六,1400,ダ,左,良,晴,12,8,12,トーケンシュン,牡,3,56.0,489,-3,臼井健,山本学,,6,1:32.9,42.1,2-2-2-4,5,489,-3
2025/09/25,浦和,2,３歳六,1400,ダ,左,良,晴,12,2,2,ダイノメロディ,セ,0,56.0,451,8,西啓太,藤原智,,7,1:33.0,40.8,9-10-10-7,12,451,8
2025/09/25,浦和,2,３歳六,1400,ダ,左,良,晴,12,8,11,スゴイナスゴイデス,牡,3,56.0,456,-5,藤江渉,平田正,,8,1:33.0,42.0,4-3-5-8,10,456,-5
2025/09/25,浦和,2,３歳六,1400,ダ,左,良,晴,12,6,7,イエスユイキャン,牝,3,54.0,428,6,岡田大,薮口一,,9,1:33.4,40.6,12-12-12-11,8,428,6
2025/09/25,浦和,2,３歳六,1400,ダ,左,良,晴,12,7,10,キョウエイサマンサ,牝,3,54.0,462,1,室陽一,小澤宏,,10,1:33.9,41.7,5-5-11-9,3,462,1
2025/09/25,浦和,2,３歳六,1400,ダ,左,良,晴,12,5,6,イマキュレイト,牡,3,56.0,453,1,笹川翼,水上直,,11,1:34.1,42.5,8-9-7-10,1,453,1
2025/09/25,浦和,2,３歳六,1400,ダ,左,良,晴,12,6,8,ハツコイサイダー,牝,3,54.0,473,-7,見越彬,小久智,,12,1:36.1,43.9,11-8-9-12,2,473,-7
2025/09/25,浦和,3,浦和８００ラウンドＣ３選抜馬イ,800,ダ,左,良,晴,12,8,11,ロングビーチ,牝,4,54.0,414,3,笹川翼,藤原智,,1,0:48.2,36.1,1-1,1,414,3
2025/09/25,浦和,3,浦和８００ラウンドＣ３選抜馬イ,800,ダ,左,良,晴,12,5,6,ダイエービルベリー,牝,7,54.0,497,0,矢野貴,酒井一,,2,0:48.7,36.5,2-2,3,497,0
2025/09/25,浦和,3,浦和８００ラウンドＣ３選抜馬イ,800,ダ,左,良,晴,12,6,8,シャコンヌ,セ,0,56.0,464,15,半澤慶,宇野博,,3,0:48.8,36.6,5-6,6,464,15
2025/09/25,浦和,3,浦和８００ラウンドＣ３選抜馬イ,800,ダ,左,良,晴,12,1,1,リュウノアーダーン,牝,7,54.0,449,7,篠谷葵,川村守,,4,0:48.8,36.5,6-4,4,449,7
2025/09/25,浦和,3,浦和８００ラウンドＣ３選抜馬イ,800,ダ,左,良,晴,12,6,7,ライスライス,牝,4,54.0,407,1,七夕裕,工藤伸,,5,0:48.9,36.7,4-5,9,407,1
2025/09/25,浦和,3,浦和８００ラウンドＣ３選抜馬イ,800,ダ,左,良,晴,12,8,12,カラドボルグ,牡,7,53.0,493,-4,中山遥,吉田正,,6,0:49.0,36.9,3-3,2,493,-4
2025/09/25,浦和,3,浦和８００ラウンドＣ３選抜馬イ,800,ダ,左,良,晴,12,2,2,ピノモラーン,牡,7,56.0,488,-3,達城龍,野口孝,,7,0:49.0,36.2,8-7,7,488,-3
2025/09/25,浦和,3,浦和８００ラウンドＣ３選抜馬イ,800,ダ,左,良,晴,12,7,10,ジュニパーダンス,牝,7,54.0,460,4,岡田大,酒井一,,8,0:49.8,37.0,10-9,12,460,4
2025/09/25,浦和,3,浦和８００ラウンドＣ３選抜馬イ,800,ダ,左,良,晴,12,4,4,プリドラ,牝,4,53.0,517,9,佐野遥,吉橋淳,,9,0:49.9,37.1,9-10,5,517,9
2025/09/25,浦和,3,浦和８００ラウンドＣ３選抜馬イ,800,ダ,左,良,晴,12,7,9,スイートウィル,牝,4,54.0,434,4,加藤和,川島豊,,10,0:50.2,37.5,7-8,11,434,4
2025/09/25,浦和,3,浦和８００ラウンドＣ３選抜馬イ,800,ダ,左,良,晴,12,3,3,シンキングセンティ,牝,6,54.0,477,8,吉留孝,川村守,,11,0:50.3,37.5,11-11,8,477,8
2025/09/25,浦和,3,浦和８００ラウンドＣ３選抜馬イ,800,ダ,左,良,晴,12,5,5,ゴールドボード,牝,6,54.0,519,3,秋元耕,箕輪武,,12,0:50.7,37.9,12-12,10,519,3
2025/09/25,浦和,4,浦和８００ラウンドＣ２Ｃ３選抜馬ウ選抜馬,800,ダ,左,良,晴,12,3,3,メーネフロタント,牝,5,55.0,488,1,見越彬,小林真,,1,0:48.2,35.8,1-1,3,488,1
2025/09/25,浦和,4,浦和８００ラウンドＣ２Ｃ３選抜馬ウ選抜馬,800,ダ,左,良,晴,12,2,2,サンエイゴロー,牡,5,57.0,496,1,矢野貴,高月賢,,2,0:48.5,35.7,8-8,4,496,1
2025/09/25,浦和,4,浦和８００ラウンドＣ２Ｃ３選抜馬ウ選抜馬,800,ダ,左,良,晴,12,8,11,シンキングモヒート,牡,4,55.0,459,-3,室陽一,宇野博,,3,0:48.7,36.0,3-2,6,459,-3
2025/09/25,浦和,4,浦和８００ラウンドＣ２Ｃ３選抜馬ウ選抜馬,800,ダ,左,良,晴,12,6,8,ボイド,牡,5,56.0,483,-2,佐野遥,久保秀,,4,0:48.9,36.5,2-3,2,483,-2
2025/09/25,浦和,4,浦和８００ラウンドＣ２Ｃ３選抜馬ウ選抜馬,800,ダ,左,良,晴,12,7,9,プレパレンセ,牝,8,55.0,473,-1,増田充,八木仁,,5,0:48.9,36.4,4-5,10,473,-1
2025/09/25,浦和,4,浦和８００ラウンドＣ２Ｃ３選抜馬ウ選抜馬,800,ダ,左,良,晴,12,6,7,アシャンテガール,牝,4,52.0,415,-3,中山遥,藤原智,,6,0:49.1,36.4,6-4,1,415,-3
2025/09/25,浦和,4,浦和８００ラウンドＣ２Ｃ３選抜馬ウ選抜馬,800,ダ,左,良,晴,12,7,10,ベアビー,牝,4,53.0,463,-7,中島良,川島豊,,7,0:49.2,36.4,7-7,11,463,-7
2025/09/25,浦和,4,浦和８００ラウンドＣ２Ｃ３選抜馬ウ選抜馬,800,ダ,左,良,晴,12,1,1,アマゴ,牝,6,53.0,482,10,今野忠,箕輪武,,8,0:49.5,35.9,10-10,8,482,10
2025/09/25,浦和,4,浦和８００ラウンドＣ２Ｃ３選抜馬ウ選抜馬,800,ダ,左,良,晴,12,8,12,サンドバンブー,牝,4,53.0,514,-3,赤津和,川村守,,9,0:49.5,36.8,5-6,12,514,-3
2025/09/25,浦和,4,浦和８００ラウンドＣ２Ｃ３選抜馬ウ選抜馬,800,ダ,左,良,晴,12,5,6,デイジーカプシーヌ,牝,7,55.0,493,4,篠谷葵,海馬司,,10,0:49.7,35.8,11-12,5,493,4
2025/09/25,浦和,4,浦和８００ラウンドＣ２Ｃ３選抜馬ウ選抜馬,800,ダ,左,良,晴,12,5,5,リュウノブライダー,牡,4,56.0,480,-4,及川烈,野口孝,,11,0:49.9,36.1,12-11,9,480,-4
2025/09/25,浦和,4,浦和８００ラウンドＣ２Ｃ３選抜馬ウ選抜馬,800,ダ,左,良,晴,12,4,4,カナサンドー,牝,4,53.0,402,-1,藤江渉,武井和,,12,0:51.4,38.6,9-9,7,402,-1
2025/09/25,浦和,5,ティータイムレディース３歳未格付選抜牝馬,1400,ダ,左,良,晴,12,5,5,ファストワン,牝,3,55.0,476,3,御神訓,藤原智,,1,1:28.6,38.5,1-1-1-1,1,476,3
2025/09/25,浦和,5,ティータイムレディース３歳未格付選抜牝馬,1400,ダ,左,良,晴,12,6,8,ノーザトゥルース,牝,3,54.0,484,14,笹川翼,水野貴,,2,1:28.7,37.8,4-3-4-2,2,484,14
2025/09/25,浦和,5,ティータイムレディース３歳未格付選抜牝馬,1400,ダ,左,良,晴,12,7,10,アースチャン,牝,3,54.0,442,-5,本田重,箕輪武,,3,1:29.5,37.9,10-10-10-7,5,442,-5
2025/09/25,浦和,5,ティータイムレディース３歳未格付選抜牝馬,1400,ダ,左,良,晴,12,3,3,セイブザクイーン,牝,3,53.0,491,2,張田昂,宇野博,,4,1:29.6,38.2,9-9-7-4,12,491,2
2025/09/25,浦和,5,ティータイムレディース３歳未格付選抜牝馬,1400,ダ,左,良,晴,12,5,6,ヨルノチョウ,牝,3,55.0,477,12,藤本現,平山真,,5,1:30.0,38.3,11-12-12-8,3,477,12
2025/09/25,浦和,5,ティータイムレディース３歳未格付選抜牝馬,1400,ダ,左,良,晴,12,1,1,アンジュマロン,牝,3,54.0,443,2,野畑凌,小久智,,6,1:30.0,39.0,5-5-5-5,6,443,2
2025/09/25,浦和,5,ティータイムレディース３歳未格付選抜牝馬,1400,ダ,左,良,晴,12,8,11,プレストワンダ,牝,3,55.0,456,1,山中悠,小澤宏,,7,1:30.3,39.7,2-2-2-3,7,456,1
2025/09/25,浦和,5,ティータイムレディース３歳未格付選抜牝馬,1400,ダ,左,良,晴,12,4,4,コウユーミューミュ,牝,3,54.0,489,1,町田直,宇野博,,8,1:30.8,39.4,7-7-9-9,9,489,1
2025/09/25,浦和,5,ティータイムレディース３歳未格付選抜牝馬,1400,ダ,左,良,晴,12,7,9,ラグーンリバティ,牝,3,55.0,434,0,福原杏,箕輪武,,9,1:31.2,40.1,6-6-6-10,11,434,0
2025/09/25,浦和,5,ティータイムレディース３歳未格付選抜牝馬,1400,ダ,左,良,晴,12,8,12,タカイチフリオーソ,牝,3,55.0,444,4,吉留孝,薮口一,,10,1:31.3,40.0,8-8-8-11,10,444,4
2025/09/25,浦和,5,ティータイムレディース３歳未格付選抜牝馬,1400,ダ,左,良,晴,12,6,7,アズキチャン,牝,3,54.0,473,6,保園翔,野口寛,,11,1:31.5,40.8,3-4-3-6,4,473,6
2025/09/25,浦和,5,ティータイムレディース３歳未格付選抜牝馬,1400,ダ,左,良,晴,12,2,2,ジオパークコハク,牝,3,54.0,462,-16,木間龍,矢野義,,12,1:31.7,40.1,12-11-11-12,8,462,-16
2025/09/25,浦和,6,八潮市ハッピーこまちゃん賞Ｃ１五,1400,ダ,左,良,晴,11,1,1,チュラット,牝,3,53.0,442,2,福原杏,水野貴,,1,1:27.8,38.9,2-1-1-1,1,442,2
2025/09/25,浦和,6,八潮市ハッピーこまちゃん賞Ｃ１五,1400,ダ,左,良,晴,11,2,2,ケンブレナム,牡,3,55.0,455,9,笹川翼,繁田健,,2,1:27.9,38.5,5-4-4-2,4,455,9
2025/09/25,浦和,6,八潮市ハッピーこまちゃん賞Ｃ１五,1400,ダ,左,良,晴,11,6,6,ハナチルサト,牝,4,54.0,444,7,町田直,宇野博,,3,1:28.3,38.5,6-6-5-3,2,444,7
2025/09/25,浦和,6,八潮市ハッピーこまちゃん賞Ｃ１五,1400,ダ,左,良,晴,11,4,4,レーザースペックル,牡,3,55.0,483,-11,本橋孝,山崎尋,,4,1:29.2,38.4,7-8-9-5,6,483,-11
2025/09/25,浦和,6,八潮市ハッピーこまちゃん賞Ｃ１五,1400,ダ,左,良,晴,11,6,7,グッモーニン,牡,4,56.0,457,6,中越琉,田島寿,,5,1:29.4,38.2,9-9-10-10,9,457,6
2025/09/25,浦和,6,八潮市ハッピーこまちゃん賞Ｃ１五,1400,ダ,左,良,晴,11,8,10,ラブリエスト,牝,4,51.0,485,1,山本大,矢内博,,6,1:29.6,38.6,10-11-8-9,8,485,1
2025/09/25,浦和,6,八潮市ハッピーこまちゃん賞Ｃ１五,1400,ダ,左,良,晴,11,7,8,ヴァレンテ,牡,4,56.0,520,11,七夕裕,平山真,,7,1:29.7,39.5,8-7-7-7,7,520,11
2025/09/25,浦和,6,八潮市ハッピーこまちゃん賞Ｃ１五,1400,ダ,左,良,晴,11,3,3,エニーサンダー,牡,3,55.0,459,8,野畑凌,箕輪武,,8,1:29.9,40.8,1-2-2-4,3,459,8
2025/09/25,浦和,6,八潮市ハッピーこまちゃん賞Ｃ１五,1400,ダ,左,良,晴,11,5,5,ラグーンプリンセス,牝,4,54.0,459,11,藤本現,箕輪武,,9,1:30.2,38.8,11-10-11-11,11,459,11
2025/09/25,浦和,6,八潮市ハッピーこまちゃん賞Ｃ１五,1400,ダ,左,良,晴,11,8,11,ピーチマカロン,牝,3,53.0,471,-16,新原周,鈴木義,,10,1:30.4,40.7,4-5-6-8,5,471,-16
2025/09/25,浦和,6,八潮市ハッピーこまちゃん賞Ｃ１五,1400,ダ,左,良,晴,11,7,9,ファセリア,牡,4,53.0,496,4,中山遥,横山保,,11,1:31.1,41.8,3-3-3-6,10,496,4
2025/09/25,浦和,7,Ｊ認 新生特別２歳一,1500,ダ,左,良,曇,8,2,2,クリムゾンプリンス,牡,2,55.0,454,5,野畑凌,甲田悟,,1,1:37.0,38.0,1-1-1-1,1,454,5
2025/09/25,浦和,7,Ｊ認 新生特別２歳一,1500,ダ,左,良,曇,8,3,3,ケンベテルギウス,牡,2,54.0,450,-5,藤本現,繁田健,,2,1:38.0,38.7,4-4-6-2,2,450,-5
2025/09/25,浦和,7,Ｊ認 新生特別２歳一,1500,ダ,左,良,曇,8,6,6,アマビリティ,牝,2,54.0,449,2,伊藤裕,河津裕,,3,1:38.4,39.4,7-8-4-6,7,449,2
2025/09/25,浦和,7,Ｊ認 新生特別２歳一,1500,ダ,左,良,曇,8,7,7,スティールソニック,牡,2,54.0,455,-9,張田昂,張田京,,4,1:38.4,39.0,8-7-7-7,4,455,-9
2025/09/25,浦和,7,Ｊ認 新生特別２歳一,1500,ダ,左,良,曇,8,1,1,ソウモウクッキ,牡,2,54.0,455,4,矢野貴,高月賢,,5,1:38.6,39.4,5-5-5-4,5,455,4
2025/09/25,浦和,7,Ｊ認 新生特別２歳一,1500,ダ,左,良,曇,8,5,5,トリル,牡,2,54.0,430,-6,櫻井光,山崎尋,,6,1:38.7,39.7,2-2-2-3,8,430,-6
2025/09/25,浦和,7,Ｊ認 新生特別２歳一,1500,ダ,左,良,曇,8,8,8,タフコール,牡,2,54.0,473,12,笹川翼,小久智,,7,1:39.1,40.1,3-3-3-5,3,473,12
2025/09/25,浦和,7,Ｊ認 新生特別２歳一,1500,ダ,左,良,曇,8,4,4,ニンゲンテイイナ,牡,2,54.0,514,9,室陽一,宇野博,,8,1:40.4,41.2,6-6-8-8,6,514,9
2025/09/25,浦和,8,浦和エイトチャレンジＣ１六,1500,ダ,左,良,曇,12,3,3,パーチル,牝,6,53.0,461,-2,佐野遥,古澤悟,,1,1:36.6,38.0,7-7-6-4,9,461,-2
2025/09/25,浦和,8,浦和エイトチャレンジＣ１六,1500,ダ,左,良,曇,12,8,11,サンナイアガラ,牝,3,53.0,475,-4,福原杏,野口寛,,2,1:36.9,39.4,1-1-1-1,2,475,-4
2025/09/25,浦和,8,浦和エイトチャレンジＣ１六,1500,ダ,左,良,曇,12,5,6,チカチャン,牝,4,54.0,428,16,岡村健,平山真,,3,1:36.9,38.7,4-4-4-3,1,428,16
2025/09/25,浦和,8,浦和エイトチャレンジＣ１六,1500,ダ,左,良,曇,12,6,7,アイリーズパキラ,牡,3,55.0,473,-1,矢野貴,内田勝,,4,1:37.3,39.0,8-6-5-5,3,473,-1
2025/09/25,浦和,8,浦和エイトチャレンジＣ１六,1500,ダ,左,良,曇,12,1,1,リュウバター,牡,6,56.0,490,-4,山林信,河津裕,,5,1:37.3,38.4,10-11-9-9,11,490,-4
2025/09/25,浦和,8,浦和エイトチャレンジＣ１六,1500,ダ,左,良,曇,12,2,2,ヴェッターホルン,セ,0,56.0,491,6,室陽一,宇野博,,6,1:37.3,38.2,6-9-11-8,8,491,6
2025/09/25,浦和,8,浦和エイトチャレンジＣ１六,1500,ダ,左,良,曇,12,7,9,クリノフラッグ,牝,6,54.0,472,7,伊藤裕,甲田悟,,7,1:37.7,38.0,12-12-12-10,12,472,7
2025/09/25,浦和,8,浦和エイトチャレンジＣ１六,1500,ダ,左,良,曇,12,7,10,スカイピース,牝,5,53.0,482,-3,鷹見陸,水野貴,,8,1:37.8,40.1,2-2-2-2,5,482,-3
2025/09/25,浦和,8,浦和エイトチャレンジＣ１六,1500,ダ,左,良,曇,12,8,12,モーニングタンポポ,牝,3,53.0,430,-2,見越彬,箕輪武,,9,1:38.1,39.9,3-3-3-6,10,430,-2
2025/09/25,浦和,8,浦和エイトチャレンジＣ１六,1500,ダ,左,良,曇,12,5,5,トーケンクミー,牝,3,53.0,433,4,秋元耕,小澤宏,,10,1:38.3,39.4,11-10-8-7,7,433,4
2025/09/25,浦和,8,浦和エイトチャレンジＣ１六,1500,ダ,左,良,曇,12,6,8,ゴーダンシング,牝,4,54.0,481,9,櫻井光,平山真,,11,1:39.3,41.0,5-5-7-11,6,481,9
2025/09/25,浦和,8,浦和エイトチャレンジＣ１六,1500,ダ,左,良,曇,12,4,4,カマクラバクフ,牡,4,56.0,516,10,野畑凌,小久智,,12,1:40.1,41.4,9-8-10-12,4,516,10
2025/09/25,浦和,9,サファイア特別Ｃ３一,1400,ダ,左,良,曇,12,1,1,コミックガール,牝,4,54.0,431,-1,藤江渉,八木仁,,1,1:29.8,39.5,5-5-4-2,8,431,-1
2025/09/25,浦和,9,サファイア特別Ｃ３一,1400,ダ,左,良,曇,12,3,3,マロンルピナス,牝,5,54.0,441,2,新原周,村田順,,2,1:29.9,38.6,9-7-6-5,4,441,2
2025/09/25,浦和,9,サファイア特別Ｃ３一,1400,ダ,左,良,曇,12,4,4,ミツカネエリーズ,牝,4,53.0,466,1,佐野遥,高橋宏,,3,1:29.9,39.9,1-1-1-1,2,466,1
2025/09/25,浦和,9,サファイア特別Ｃ３一,1400,ダ,左,良,曇,12,6,8,クリスプオブウォー,牡,5,56.0,488,6,山中悠,佐々清,,4,1:30.4,40.1,4-4-3-3,3,488,6
2025/09/25,浦和,9,サファイア特別Ｃ３一,1400,ダ,左,良,曇,12,5,5,ワカメチャン,牝,4,51.0,489,1,山本大,伊藤滋,,5,1:30.6,38.6,11-11-11-8,7,489,1
2025/09/25,浦和,9,サファイア特別Ｃ３一,1400,ダ,左,良,曇,12,5,6,ダンシングエリカ,牝,4,51.0,431,2,中山遥,小林真,,6,1:30.8,40.8,2-2-2-4,1,431,2
2025/09/25,浦和,9,サファイア特別Ｃ３一,1400,ダ,左,良,曇,12,2,2,クインズミラ,牝,4,54.0,457,8,菅原涼,長谷忍,,7,1:31.0,39.7,8-8-9-7,12,457,8
2025/09/25,浦和,9,サファイア特別Ｃ３一,1400,ダ,左,良,曇,12,7,9,リュウノレッドアイ,牝,5,54.0,481,1,保園翔,野口寛,,8,1:31.7,39.8,10-10-10-11,11,481,1
2025/09/25,浦和,9,サファイア特別Ｃ３一,1400,ダ,左,良,曇,12,8,12,ジャングルタキオン,セ,0,56.0,482,6,張田昂,野口孝,,9,1:32.0,40.7,7-9-7-10,6,482,6
2025/09/25,浦和,9,サファイア特別Ｃ３一,1400,ダ,左,良,曇,12,7,10,ブルーパール,牝,4,51.0,457,1,加藤雄,河津裕,,10,1:32.1,40.1,12-12-12-12,10,457,1
2025/09/25,浦和,9,サファイア特別Ｃ３一,1400,ダ,左,良,曇,12,6,7,イサチルイトムスビ,牝,4,54.0,491,7,野畑凌,宇野博,,11,1:32.1,41.9,3-3-5-6,5,491,7
2025/09/25,浦和,9,サファイア特別Ｃ３一,1400,ダ,左,良,曇,12,8,11,ファイアスター,牡,4,55.0,477,-1,及川烈,工藤伸,,12,1:32.5,41.2,6-6-8-9,9,477,-1
2025/09/25,浦和,10,Ｊ交 マルチヒーロー特別Ｂ２Ｂ３選抜馬,1400,ダ,左,良,曇,11,7,8,ダヴァンティ,牝,4,55.0,490,8,御神訓,小久智,,1,1:27.2,38.9,1-1-1-1,4,490,8
2025/09/25,浦和,10,Ｊ交 マルチヒーロー特別Ｂ２Ｂ３選抜馬,1400,ダ,左,良,曇,11,4,4,シュニー,牝,5,55.0,451,-5,矢野貴,小崎憲,,2,1:27.8,38.0,8-8-4-5,3,451,-5
2025/09/25,浦和,10,Ｊ交 マルチヒーロー特別Ｂ２Ｂ３選抜馬,1400,ダ,左,良,曇,11,6,6,メロスゴー,牡,4,56.0,474,-2,及川烈,箕輪武,,3,1:27.9,38.1,5-6-6-4,9,474,-2
2025/09/25,浦和,10,Ｊ交 マルチヒーロー特別Ｂ２Ｂ３選抜馬,1400,ダ,左,良,曇,11,5,5,オトメナシャチョウ,牝,3,54.0,496,16,笹川翼,森秀行,,4,1:27.9,39.1,2-2-2-2,2,496,16
2025/09/25,浦和,10,Ｊ交 マルチヒーロー特別Ｂ２Ｂ３選抜馬,1400,ダ,左,良,曇,11,6,7,シャーンゴッセ,セ,0,54.0,509,5,小林美,蛯名正,,5,1:28.5,38.6,10-9-5-6,1,509,5
2025/09/25,浦和,10,Ｊ交 マルチヒーロー特別Ｂ２Ｂ３選抜馬,1400,ダ,左,良,曇,11,2,2,ルージュブラゾン,牝,6,53.0,515,2,野畑凌,水野貴,,6,1:28.8,39.4,4-4-3-3,10,515,2
2025/09/25,浦和,10,Ｊ交 マルチヒーロー特別Ｂ２Ｂ３選抜馬,1400,ダ,左,良,曇,11,3,3,ブラックトルネード,牡,3,54.0,474,20,ミシェ,佐藤吉,,7,1:29.1,39.1,9-11-11-7,6,474,20
2025/09/25,浦和,10,Ｊ交 マルチヒーロー特別Ｂ２Ｂ３選抜馬,1400,ダ,左,良,曇,11,1,1,バーニングフレーム,牝,3,54.0,476,22,横山琉,鈴木慎,,8,1:29.2,39.2,7-10-10-10,8,476,22
2025/09/25,浦和,10,Ｊ交 マルチヒーロー特別Ｂ２Ｂ３選抜馬,1400,ダ,左,良,曇,11,8,10,リヤンドゥミラクル,牝,4,55.0,448,20,本田重,和田勇,,9,1:29.7,39.9,11-7-9-11,5,448,20
2025/09/25,浦和,10,Ｊ交 マルチヒーロー特別Ｂ２Ｂ３選抜馬,1400,ダ,左,良,曇,11,7,9,クマノコ,牝,3,52.0,463,12,山中悠,宇野博,,10,1:29.8,40.0,6-5-8-8,7,463,12
2025/09/25,浦和,10,Ｊ交 マルチヒーロー特別Ｂ２Ｂ３選抜馬,1400,ダ,左,良,曇,11,8,11,アイグレース,牝,5,55.0,461,5,秋元耕,鹿沼和,,11,1:29.8,40.2,3-3-7-9,11,461,5
2025/09/25,浦和,11,祝月特別Ｂ３二,1400,ダ,左,良,曇,13,4,5,ファストレーン,牡,4,56.0,483,1,本田重,水野貴,,1,1:28.3,38.5,2-2-2-2,1,483,1
2025/09/25,浦和,11,祝月特別Ｂ３二,1400,ダ,左,良,曇,13,2,2,パンクビート,牡,3,55.0,487,11,笹川翼,小久智,,2,1:28.4,38.8,1-1-1-1,3,487,11
2025/09/25,浦和,11,祝月特別Ｂ３二,1400,ダ,左,良,曇,13,4,4,ゴールドソニック,牡,4,56.0,509,2,半澤慶,鹿沼和,,3,1:28.8,38.6,8-6-6-4,8,509,2
2025/09/25,浦和,11,祝月特別Ｂ３二,1400,ダ,左,良,曇,13,3,3,ディナトセレーネ,牝,5,54.0,483,4,西啓太,林　幻,,4,1:28.8,38.9,5-5-3-3,2,483,4
2025/09/25,浦和,11,祝月特別Ｂ３二,1400,ダ,左,良,曇,13,1,1,ビステル,牡,4,56.0,446,3,新原周,山崎尋,,5,1:28.9,38.1,10-10-9-6,6,446,3
2025/09/25,浦和,11,祝月特別Ｂ３二,1400,ダ,左,良,曇,13,8,12,エスプリゴンザレス,牡,5,55.0,484,-2,佐野遥,久保秀,,6,1:29.2,39.3,4-4-4-5,9,484,-2
2025/09/25,浦和,11,祝月特別Ｂ３二,1400,ダ,左,良,曇,13,5,6,ダイバオーソ,牡,7,56.0,469,-1,藤江渉,箕輪武,,7,1:29.5,37.9,13-13-13-10,7,469,-1
2025/09/25,浦和,11,祝月特別Ｂ３二,1400,ダ,左,良,曇,13,5,7,チューウィー,牝,6,51.0,472,-8,加藤雄,河津裕,,8,1:29.8,39.1,9-9-10-8,11,472,-8
2025/09/25,浦和,11,祝月特別Ｂ３二,1400,ダ,左,良,曇,13,6,9,サウンドノバ,牡,4,56.0,486,2,伊藤裕,武井和,,9,1:30.3,39.3,12-11-11-13,13,486,2
2025/09/25,浦和,11,祝月特別Ｂ３二,1400,ダ,左,良,曇,13,6,8,ステラシティ,牝,4,51.0,480,8,中山遥,吉田正,,10,1:30.4,40.0,6-7-7-9,10,480,8
2025/09/25,浦和,11,祝月特別Ｂ３二,1400,ダ,左,良,曇,13,8,13,ハチャトリアン,牡,4,56.0,493,11,櫻井光,平山真,,11,1:30.7,39.3,11-12-12-11,12,493,11
2025/09/25,浦和,11,祝月特別Ｂ３二,1400,ダ,左,良,曇,13,7,11,ブルドッグキング,牡,3,55.0,495,-2,山中悠,小久智,,12,1:30.7,40.8,3-3-5-7,5,495,-2
2025/09/25,浦和,11,祝月特別Ｂ３二,1400,ダ,左,良,曇,13,7,10,シントーハナノボス,牡,4,56.0,487,-5,町田直,平田正,,13,1:31.4,40.7,7-8-8-12,4,487,-5
2025/09/25,浦和,12,秋明菊特別Ｃ１Ｃ２選抜馬イ選抜馬ア,2000,ダ,左,良,曇,12,7,9,マナコル,牡,3,56.0,514,0,西啓太,藤原智,,1,2:13.3,39.2,1-1-1-1,6,514,0
2025/09/25,浦和,12,秋明菊特別Ｃ１Ｃ２選抜馬イ選抜馬ア,2000,ダ,左,良,曇,12,8,12,レッドゲート,牝,4,53.0,419,2,笹川翼,水上直,,2,2:13.4,38.8,6-6-3-2,5,419,2
2025/09/25,浦和,12,秋明菊特別Ｃ１Ｃ２選抜馬イ選抜馬ア,2000,ダ,左,良,曇,12,1,1,リケアオランジュ,牝,4,55.0,381,7,福原杏,入口由,,3,2:13.5,38.9,5-4-4-4,2,381,7
2025/09/25,浦和,12,秋明菊特別Ｃ１Ｃ２選抜馬イ選抜馬ア,2000,ダ,左,良,曇,12,4,4,サヨノゴーステッド,セ,0,56.0,537,6,七夕裕,工藤伸,,4,2:14.4,39.0,11-11-8-8,3,537,6
2025/09/25,浦和,12,秋明菊特別Ｃ１Ｃ２選抜馬イ選抜馬ア,2000,ダ,左,良,曇,12,6,8,エムリエール,牡,6,57.0,474,1,山中悠,小澤宏,,5,2:14.6,40.5,2-2-2-3,4,474,1
2025/09/25,浦和,12,秋明菊特別Ｃ１Ｃ２選抜馬イ選抜馬ア,2000,ダ,左,良,曇,12,5,6,ダイヤクリスタル,牝,4,53.0,420,-7,加藤和,入口由,,6,2:14.8,40.2,4-5-6-6,7,420,-7
2025/09/25,浦和,12,秋明菊特別Ｃ１Ｃ２選抜馬イ選抜馬ア,2000,ダ,左,良,曇,12,8,11,ユイノパチョレック,牡,4,57.0,490,-1,岡村健,工藤伸,,7,2:14.9,40.0,7-7-7-5,1,490,-1
2025/09/25,浦和,12,秋明菊特別Ｃ１Ｃ２選抜馬イ選抜馬ア,2000,ダ,左,良,曇,12,2,2,シェナクラウン,牡,5,55.0,513,3,國分祐,冨田敏,,8,2:15.1,39.7,10-10-9-7,10,513,3
2025/09/25,浦和,12,秋明菊特別Ｃ１Ｃ２選抜馬イ選抜馬ア,2000,ダ,左,良,曇,12,7,10,キミトユメヲカケル,牝,5,53.0,435,0,菅原涼,長谷忍,,9,2:15.3,40.9,3-3-5-9,8,435,0
2025/09/25,浦和,12,秋明菊特別Ｃ１Ｃ２選抜馬イ選抜馬ア,2000,ダ,左,良,曇,12,3,3,ジオパークマグマ,牡,7,55.0,476,4,秋元耕,川島豊,,10,2:15.6,40.2,9-8-10-11,9,476,4
2025/09/25,浦和,12,秋明菊特別Ｃ１Ｃ２選抜馬イ選抜馬ア,2000,ダ,左,良,曇,12,5,5,リュウノアラス,牡,4,53.0,498,1,中島良,川村守,,11,2:16.0,40.6,8-9-11-10,11,498,1
2025/09/25,浦和,12,秋明菊特別Ｃ１Ｃ２選抜馬イ選抜馬ア,2000,ダ,左,良,曇,12,6,7,ポンテドラーゴ,牡,6,55.0,497,-1,藤江渉,海馬司,,,,,,,497,-1
2025/09/26,浦和,1,浦和８００ラウンド３歳未格付選抜馬イ,800,ダ,左,良,晴,10,7,7,ミラコロヴァーグ,牡,3,56.0,472,8,山中悠,小澤宏,,1,0:47.7,35.6,2-2,3,472,8
2025/09/26,浦和,1,浦和８００ラウンド３歳未格付選抜馬イ,800,ダ,左,良,晴,10,5,5,メイジョウビット,牝,3,51.0,446,6,中山遥,酒井一,,2,0:47.8,35.7,1-1,4,446,6
2025/09/26,浦和,1,浦和８００ラウンド３歳未格付選抜馬イ,800,ダ,左,良,晴,10,3,3,マイリトルロマンス,牝,3,53.0,420,4,岡村健,平山真,,3,0:48.7,35.7,7-5,1,420,4
2025/09/26,浦和,1,浦和８００ラウンド３歳未格付選抜馬イ,800,ダ,左,良,晴,10,2,2,カクシンドリーム,牝,3,53.0,414,8,赤津和,酒井一,,4,0:48.8,36.2,4-3,8,414,8
2025/09/26,浦和,1,浦和８００ラウンド３歳未格付選抜馬イ,800,ダ,左,良,晴,10,8,9,リバーフロント,牝,3,53.0,421,5,菅原涼,藤原智,,5,0:49.1,36.8,3-4,9,421,5
2025/09/26,浦和,1,浦和８００ラウンド３歳未格付選抜馬イ,800,ダ,左,良,晴,10,6,6,キミエステップ,牝,3,53.0,465,-4,藤江渉,平田正,,6,0:49.5,36.9,5-6,7,465,-4
2025/09/26,浦和,1,浦和８００ラウンド３歳未格付選抜馬イ,800,ダ,左,良,晴,10,4,4,ミラクルキッス,牡,3,55.0,485,3,笠野雄,海馬司,,7,0:49.6,35.8,9-8,5,485,3
2025/09/26,浦和,1,浦和８００ラウンド３歳未格付選抜馬イ,800,ダ,左,良,晴,10,7,8,ヴォーゲルワンド,牝,3,54.0,537,21,福原杏,繁田健,,8,0:49.6,36.9,6-7,2,537,21
2025/09/26,浦和,1,浦和８００ラウンド３歳未格付選抜馬イ,800,ダ,左,良,晴,10,8,10,スピークオブデビル,牝,3,53.0,527,17,七夕裕,長谷忍,,9,0:50.5,37.1,8-9,10,527,17
2025/09/26,浦和,1,浦和８００ラウンド３歳未格付選抜馬イ,800,ダ,左,良,晴,10,1,1,レベリオン,牡,3,55.0,469,10,室陽一,宇野博,,10,0:51.3,37.3,10-10,6,469,10
2025/09/26,浦和,2,浦和８００ラウンド３歳未格付選抜馬ア,800,ダ,左,良,晴,12,8,11,オレイア,牝,3,51.0,378,4,中山遥,野口寛,,1,0:47.6,35.6,2-2,7,378,4
2025/09/26,浦和,2,浦和８００ラウンド３歳未格付選抜馬ア,800,ダ,左,良,晴,12,6,8,アンジュグレース,牝,3,51.0,453,3,加藤雄,山崎裕,,2,0:47.7,35.7,1-1,3,453,3
2025/09/26,浦和,2,浦和８００ラウンド３歳未格付選抜馬ア,800,ダ,左,良,晴,12,7,10,タイトルコール,牝,3,54.0,459,8,福原杏,水野貴,,3,0:47.8,35.6,3-3,4,459,8
2025/09/26,浦和,2,浦和８００ラウンド３歳未格付選抜馬ア,800,ダ,左,良,晴,12,4,4,キックス,牝,3,54.0,472,6,秋元耕,鹿沼和,,4,0:48.0,35.6,4-4,2,472,6
2025/09/26,浦和,2,浦和８００ラウンド３歳未格付選抜馬ア,800,ダ,左,良,晴,12,6,7,ボルドーティラミス,牝,3,52.0,462,6,ミシェ,田邊陽,,5,0:48.2,35.5,5-5,5,462,6
2025/09/26,浦和,2,浦和８００ラウンド３歳未格付選抜馬ア,800,ダ,左,良,晴,12,1,1,ネヴァーノウズ,牡,3,56.0,435,-8,佐野遥,甲田悟,,6,0:48.4,35.6,6-6,6,435,-8
2025/09/26,浦和,2,浦和８００ラウンド３歳未格付選抜馬ア,800,ダ,左,良,晴,12,5,6,ウロンブランカ,牝,3,54.0,443,-6,櫻井光,高橋宏,,7,0:48.7,35.5,8-7,10,443,-6
2025/09/26,浦和,2,浦和８００ラウンド３歳未格付選抜馬ア,800,ダ,左,良,晴,12,5,5,エポナメロディー,牝,3,55.0,436,0,藤江渉,武井和,,8,0:48.8,35.3,11-10,9,436,0
2025/09/26,浦和,2,浦和８００ラウンド３歳未格付選抜馬ア,800,ダ,左,良,晴,12,8,12,セイウングレイ,牝,3,52.0,459,11,中島良,川島豊,,9,0:49.0,36.1,7-8,12,459,11
2025/09/26,浦和,2,浦和８００ラウンド３歳未格付選抜馬ア,800,ダ,左,良,晴,12,2,2,サージュトリック,牡,3,55.0,456,2,及川烈,薮口一,,10,0:49.2,36.2,10-9,11,456,2
2025/09/26,浦和,2,浦和８００ラウンド３歳未格付選抜馬ア,800,ダ,左,良,晴,12,7,9,ラブマニック,牝,3,54.0,402,3,菅原涼,佐々仁,,11,0:49.2,36.3,9-11,8,402,3
2025/09/26,浦和,2,浦和８００ラウンド３歳未格付選抜馬ア,800,ダ,左,良,晴,12,3,3,ユウユウロザリウム,牝,3,54.0,451,-6,七夕裕,横山保,,12,0:50.3,36.6,12-12,1,451,-6
2025/09/26,浦和,3,３歳七,1300,ダ,左,良,晴,11,4,4,オーシンラッシュ,牡,3,56.0,540,15,野畑凌,小久智,,1,1:24.1,39.8,2-1-1-1,1,540,15
2025/09/26,浦和,3,３歳七,1300,ダ,左,良,晴,11,7,9,ベビーヴァギー,牝,3,54.0,401,-5,保園翔,野口寛,,2,1:24.5,38.6,9-9-8-8,3,401,-5
2025/09/26,浦和,3,３歳七,1300,ダ,左,良,晴,11,6,6,ヒロノカッター,牡,3,56.0,494,3,加藤和,薮口一,,3,1:24.7,40.2,7-6-4-4,9,494,3
2025/09/26,浦和,3,３歳七,1300,ダ,左,良,晴,11,3,3,カルストンオリビア,牝,3,53.0,405,-3,谷内貫,工藤伸,,4,1:24.9,40.3,1-4-5-3,7,405,-3
2025/09/26,浦和,3,３歳七,1300,ダ,左,良,晴,11,7,8,ハーシュミストレス,牝,3,54.0,449,6,七夕裕,酒井一,,5,1:25.3,38.7,11-11-11-9,6,449,6
2025/09/26,浦和,3,３歳七,1300,ダ,左,良,晴,11,2,2,ダイタヴァルキリー,牝,3,54.0,486,3,庄司大,長谷剛,,6,1:25.4,40.6,5-5-7-7,4,486,3
2025/09/26,浦和,3,３歳七,1300,ダ,左,良,晴,11,6,7,クレイジーホース,セ,0,55.0,488,2,及川烈,長谷忍,,7,1:25.5,41.0,4-3-3-2,5,488,2
2025/09/26,浦和,3,３歳七,1300,ダ,左,良,晴,11,1,1,スパークルジェム,牝,3,54.0,492,0,達城龍,新井健,,8,1:25.6,40.8,8-7-6-6,8,492,0
2025/09/26,浦和,3,３歳七,1300,ダ,左,良,晴,11,8,11,ゴールドアメリカン,牡,3,56.0,459,2,高橋哲,野口孝,,9,1:25.7,39.5,10-10-10-10,10,459,2
2025/09/26,浦和,3,３歳七,1300,ダ,左,良,晴,11,5,5,クリナデシコ,牝,3,54.0,465,6,國分祐,冨田敏,,10,1:26.4,40.6,6-8-9-11,11,465,6
2025/09/26,浦和,3,３歳七,1300,ダ,左,良,晴,11,8,10,コンペティティブ,牡,3,56.0,470,14,福原杏,秋山直,,11,1:27.4,43.1,3-2-2-5,2,470,14
2025/09/26,浦和,4,特選Ｃ３二,1500,ダ,左,良,晴,12,1,1,リッキーマキアート,牝,5,51.0,486,-1,中山遥,酒井一,,1,1:37.0,39.1,5-4-3-1,4,486,-1
2025/09/26,浦和,4,特選Ｃ３二,1500,ダ,左,良,晴,12,4,4,ピノヌイ,牡,4,55.0,510,0,佐野遥,野口孝,,2,1:37.9,39.8,4-7-7-5,7,510,0
2025/09/26,浦和,4,特選Ｃ３二,1500,ダ,左,良,晴,12,5,5,フォーゲルヴァイデ,牡,4,56.0,500,22,半澤慶,川島豊,,3,1:38.3,40.3,6-5-6-6,10,500,22
2025/09/26,浦和,4,特選Ｃ３二,1500,ダ,左,良,晴,12,6,7,ワンダーフィール,牡,4,56.0,493,6,高橋哲,鈴木勝,,4,1:38.5,40.5,7-6-5-4,5,493,6
2025/09/26,浦和,4,特選Ｃ３二,1500,ダ,左,良,晴,12,8,12,レモンスフレ,牝,4,54.0,426,6,櫻井光,入口由,,5,1:38.5,41.1,3-3-2-3,9,426,6
2025/09/26,浦和,4,特選Ｃ３二,1500,ダ,左,良,晴,12,2,2,イチゴホイップ,牝,5,54.0,496,3,福原杏,海馬司,,6,1:38.9,41.6,1-1-1-2,1,496,3
2025/09/26,浦和,4,特選Ｃ３二,1500,ダ,左,良,晴,12,8,11,クインズカヤノヒメ,牝,5,54.0,459,2,岡村裕,八木喜,,7,1:39.0,40.1,8-8-8-9,11,459,2
2025/09/26,浦和,4,特選Ｃ３二,1500,ダ,左,良,晴,12,5,6,トゥジアース,牡,6,56.0,511,0,見越彬,入口由,,8,1:39.1,40.0,9-9-9-8,6,511,0
2025/09/26,浦和,4,特選Ｃ３二,1500,ダ,左,良,晴,12,3,3,アンジェラカフェ,牝,6,54.0,482,0,藤江渉,山田正,,9,1:39.5,39.0,11-11-11-11,12,482,0
2025/09/26,浦和,4,特選Ｃ３二,1500,ダ,左,良,晴,12,6,8,グレースミューズ,牝,6,54.0,463,6,赤津和,薮口一,,10,1:39.6,38.7,12-12-12-12,8,463,6
2025/09/26,浦和,4,特選Ｃ３二,1500,ダ,左,良,晴,12,7,9,ニシノテンカフブ,牡,5,56.0,476,8,吉留孝,吉田正,,11,1:39.7,40.0,10-10-10-10,3,476,8
2025/09/26,浦和,4,特選Ｃ３二,1500,ダ,左,良,晴,12,7,10,アンジュクレール,牝,7,54.0,444,4,野畑凌,工藤伸,,12,1:41.8,44.3,2-2-4-7,2,444,4
2025/09/26,浦和,5,特選Ｃ３選抜牝馬,1400,ダ,左,良,晴,12,5,6,スイフトマリー,牝,6,55.0,410,9,岡村健,酒井一,,1,1:31.1,39.7,10-10-7-6,2,410,9
2025/09/26,浦和,5,特選Ｃ３選抜牝馬,1400,ダ,左,良,晴,12,8,12,フクフクテンテン,牝,5,52.0,499,-1,加藤雄,甲田悟,,2,1:31.3,41.4,5-4-4-3,4,499,-1
2025/09/26,浦和,5,特選Ｃ３選抜牝馬,1400,ダ,左,良,晴,12,6,8,ロンギングキイ,牝,4,54.5,487,2,秋元耕,箕輪武,,3,1:31.4,40.9,7-7-5-4,6,487,2
2025/09/26,浦和,5,特選Ｃ３選抜牝馬,1400,ダ,左,良,晴,12,1,1,ナリタアンビション,牝,5,54.5,416,5,七夕裕,川島豊,,4,1:31.7,40.5,8-9-10-5,10,416,5
2025/09/26,浦和,5,特選Ｃ３選抜牝馬,1400,ダ,左,良,晴,12,6,7,バララララララ,牝,5,55.0,439,18,澤田龍,工藤伸,,5,1:32.5,41.5,9-8-8-8,8,439,18
2025/09/26,浦和,5,特選Ｃ３選抜牝馬,1400,ダ,左,良,晴,12,3,3,キタカラキタダイヤ,牝,5,52.0,458,-5,神尾香,吉橋淳,,6,1:32.8,43.3,1-3-1-1,7,458,-5
2025/09/26,浦和,5,特選Ｃ３選抜牝馬,1400,ダ,左,良,晴,12,2,2,マジェスティアスク,牝,7,54.0,486,4,池谷匠,山崎尋,,7,1:32.8,40.7,12-12-12-10,9,486,4
2025/09/26,浦和,5,特選Ｃ３選抜牝馬,1400,ダ,左,良,晴,12,4,4,ミシェルエルクール,牝,4,52.5,493,3,中島良,川島豊,,8,1:32.8,40.8,11-11-11-9,11,493,3
2025/09/26,浦和,5,特選Ｃ３選抜牝馬,1400,ダ,左,良,晴,12,5,5,キーファイン,牝,6,54.5,432,-2,野畑凌,高月賢,,9,1:32.9,43.4,2-2-2-2,1,432,-2
2025/09/26,浦和,5,特選Ｃ３選抜牝馬,1400,ダ,左,良,晴,12,7,10,シルバーペコ,牝,6,53.0,504,1,ミシェ,酒井一,,10,1:33.5,44.0,4-1-3-7,5,504,1
2025/09/26,浦和,5,特選Ｃ３選抜牝馬,1400,ダ,左,良,晴,12,7,9,プリンセスパリー,牝,4,54.5,421,0,高橋哲,鈴木勝,,11,1:34.1,43.4,3-5-9-11,12,421,0
2025/09/26,浦和,5,特選Ｃ３選抜牝馬,1400,ダ,左,良,晴,12,8,11,クリノイザナミ,牝,4,54.5,503,5,室陽一,宇野博,,,,,6-6-6-12,3,503,5
2025/09/26,浦和,6,Ｃ２八,1400,ダ,左,良,晴,12,1,1,ティンドラ,牝,5,51.0,431,2,加藤雄,山崎尋,,1,1:30.4,40.2,1-1-1-1,8,431,2
2025/09/26,浦和,6,Ｃ２八,1400,ダ,左,良,晴,12,7,9,ルチェッタ,牝,4,54.0,439,3,町田直,田邊陽,,2,1:30.9,39.7,6-5-5-4,4,439,3
2025/09/26,浦和,6,Ｃ２八,1400,ダ,左,良,晴,12,2,2,エターナルジュエル,牝,6,54.0,466,-4,西啓太,藤原智,,3,1:31.0,39.8,5-6-6-5,5,466,-4
2025/09/26,浦和,6,Ｃ２八,1400,ダ,左,良,晴,12,5,5,ヤマタケコーチャン,牡,6,56.0,453,8,福原杏,水野貴,,4,1:31.1,40.4,4-4-3-3,1,453,8
2025/09/26,浦和,6,Ｃ２八,1400,ダ,左,良,晴,12,8,12,エーアイキリシマ,牡,4,56.0,460,2,保園翔,川村守,,5,1:31.3,39.3,10-10-9-9,7,460,2
2025/09/26,浦和,6,Ｃ２八,1400,ダ,左,良,晴,12,7,10,ローゼシュティア,牝,6,54.0,476,1,櫻井光,八木喜,,6,1:31.3,39.7,7-7-7-8,10,476,1
2025/09/26,浦和,6,Ｃ２八,1400,ダ,左,良,晴,12,6,7,シーギリア,牝,5,54.0,473,-10,本橋孝,野口寛,,7,1:31.4,39.8,8-8-8-6,6,473,-10
2025/09/26,浦和,6,Ｃ２八,1400,ダ,左,良,晴,12,5,6,リュウノリエゾン,牝,4,54.0,420,3,見越彬,鹿沼和,,8,1:31.4,39.3,9-9-10-7,11,420,3
2025/09/26,浦和,6,Ｃ２八,1400,ダ,左,良,晴,12,4,4,ロワドゥサーブル,牡,6,56.0,488,7,新原周,鈴木義,,9,1:31.6,41.3,2-2-2-2,3,488,7
2025/09/26,浦和,6,Ｃ２八,1400,ダ,左,良,晴,12,3,3,カイジンビリーヴ,牡,7,56.0,518,11,高橋哲,入口由,,10,1:32.3,39.8,11-11-12-11,12,518,11
2025/09/26,浦和,6,Ｃ２八,1400,ダ,左,良,晴,12,6,8,ガリンシャ,牡,6,56.0,439,2,藤江渉,八木仁,,11,1:32.7,40.4,12-12-11-12,9,439,2
2025/09/26,浦和,6,Ｃ２八,1400,ダ,左,良,晴,12,8,11,ジェノバフレイバー,牡,6,56.0,487,6,野畑凌,繁田健,,12,1:34.3,43.6,3-3-4-10,2,487,6
2025/09/26,浦和,7,スイートアリッサム賞２歳選抜牝馬,1400,ダ,左,良,晴,12,8,11,アンジュルナ,牝,2,54.0,489,1,野畑凌,小久智,,1,1:29.1,38.2,1-1-1-1,1,489,1
2025/09/26,浦和,7,スイートアリッサム賞２歳選抜牝馬,1400,ダ,左,良,晴,12,1,1,ユウユウコルネット,牝,2,54.0,408,3,室陽一,横山保,,2,1:29.7,38.3,4-4-5-2,6,408,3
2025/09/26,浦和,7,スイートアリッサム賞２歳選抜牝馬,1400,ダ,左,良,晴,12,8,12,ビクトリアリリー,牝,2,54.0,435,-6,笹川翼,繁田健,,3,1:30.4,39.3,3-3-2-3,3,435,-6
2025/09/26,浦和,7,スイートアリッサム賞２歳選抜牝馬,1400,ダ,左,良,晴,12,6,7,キョウエイハゴロモ,牝,2,52.0,469,-4,ミシェ,山崎尋,,4,1:30.7,39.1,7-5-9-6,8,469,-4
2025/09/26,浦和,7,スイートアリッサム賞２歳選抜牝馬,1400,ダ,左,良,晴,12,6,8,ウールドランジュ,牝,2,54.0,453,6,吉留孝,平山真,,5,1:30.9,39.5,6-7-4-4,10,453,6
2025/09/26,浦和,7,スイートアリッサム賞２歳選抜牝馬,1400,ダ,左,良,晴,12,5,6,レモンドロップ,牝,2,54.0,439,-2,藤江渉,吉田正,,6,1:30.9,38.3,12-12-10-9,9,439,-2
2025/09/26,浦和,7,スイートアリッサム賞２歳選抜牝馬,1400,ダ,左,良,晴,12,4,4,アジアンビジョン,牝,2,54.0,441,4,福原杏,川島豊,,7,1:30.9,39.3,8-8-7-5,4,441,4
2025/09/26,浦和,7,スイートアリッサム賞２歳選抜牝馬,1400,ダ,左,良,晴,12,7,9,シノン,牝,2,54.0,407,-12,櫻井光,八木喜,,8,1:31.2,39.4,10-9-8-10,2,407,-12
2025/09/26,浦和,7,スイートアリッサム賞２歳選抜牝馬,1400,ダ,左,良,晴,12,7,10,ユウユウシロパン,牝,2,54.0,451,3,七夕裕,工藤伸,,9,1:31.3,39.9,5-6-6-8,7,451,3
2025/09/26,浦和,7,スイートアリッサム賞２歳選抜牝馬,1400,ダ,左,良,晴,12,5,5,イネスティマブル,牝,2,54.0,477,-5,池谷匠,村田順,,10,1:31.4,38.9,11-11-11-7,11,477,-5
2025/09/26,浦和,7,スイートアリッサム賞２歳選抜牝馬,1400,ダ,左,良,晴,12,2,2,ミオサンダー,牝,2,54.0,443,-2,西啓太,加藤誠,,11,1:33.7,42.7,2-2-3-11,5,443,-2
2025/09/26,浦和,7,スイートアリッサム賞２歳選抜牝馬,1400,ダ,左,良,晴,12,3,3,オーデンシェル,牝,2,54.0,381,3,秋元耕,薮口一,,12,1:33.8,41.4,9-10-12-12,12,381,3
2025/09/26,浦和,8,浦和エイトチャレンジＣ１七,1400,ダ,左,良,晴,10,7,8,パロサント,牝,4,54.0,424,0,西啓太,藤原智,,1,1:29.9,38.7,4-3-2-2,7,424,0
2025/09/26,浦和,8,浦和エイトチャレンジＣ１七,1400,ダ,左,良,晴,10,8,9,パラソーレ,牝,3,53.0,456,3,福原杏,水野貴,,2,1:30.0,39.0,2-2-1-1,1,456,3
2025/09/26,浦和,8,浦和エイトチャレンジＣ１七,1400,ダ,左,良,晴,10,4,4,ミヅルーラー,牝,3,53.0,477,-2,岡村健,酒井一,,3,1:30.2,38.8,3-4-4-4,4,477,-2
2025/09/26,浦和,8,浦和エイトチャレンジＣ１七,1400,ダ,左,良,晴,10,6,6,トラストガーベラ,牝,4,54.0,443,3,新原周,吉橋淳,,4,1:30.4,38.7,5-7-5-3,8,443,3
2025/09/26,浦和,8,浦和エイトチャレンジＣ１七,1400,ダ,左,良,晴,10,2,2,ビールボーイ,牡,3,55.0,443,3,櫻井光,平山真,,5,1:30.5,38.5,8-8-8-6,5,443,3
2025/09/26,浦和,8,浦和エイトチャレンジＣ１七,1400,ダ,左,良,晴,10,1,1,ラブリーモンスター,牡,3,55.0,483,11,笠野雄,海馬司,,6,1:30.8,39.1,6-6-6-5,3,483,11
2025/09/26,浦和,8,浦和エイトチャレンジＣ１七,1400,ダ,左,良,晴,10,7,7,ジャストチャックル,牝,4,54.0,467,4,秋元耕,小澤宏,,7,1:30.9,38.9,9-9-9-7,9,467,4
2025/09/26,浦和,8,浦和エイトチャレンジＣ１七,1400,ダ,左,良,晴,10,5,5,ジョーリベリカ,牡,6,56.0,493,14,室陽一,小久智,,8,1:32.7,41.0,7-5-7-8,2,493,14
2025/09/26,浦和,8,浦和エイトチャレンジＣ１七,1400,ダ,左,良,晴,10,3,3,カツノオーカン,牝,4,54.0,442,0,増田充,加藤誠,,9,1:33.0,42.0,1-1-3-9,6,442,0
2025/09/26,浦和,8,浦和エイトチャレンジＣ１七,1400,ダ,左,良,晴,10,8,10,エコロジョイアー,牡,5,56.0,490,2,笹川翼,小久智,,,,,,,490,2
2025/09/26,浦和,9,爽秋特別Ｃ２二,1500,ダ,左,良,晴,12,5,5,ベストポスト,牡,4,56.0,519,-2,野畑凌,小久智,,1,1:36.2,39.0,1-1-1-1,1,519,-2
2025/09/26,浦和,9,爽秋特別Ｃ２二,1500,ダ,左,良,晴,12,8,12,カネトシシュキン,牡,5,56.0,494,11,山林信,佐々仁,,2,1:37.1,39.8,4-4-2-2,8,494,11
2025/09/26,浦和,9,爽秋特別Ｃ２二,1500,ダ,左,良,晴,12,5,6,サンディロン,牝,8,54.0,455,1,山中悠,新井清,,3,1:37.1,39.8,2-2-3-3,2,455,1
2025/09/26,浦和,9,爽秋特別Ｃ２二,1500,ダ,左,良,晴,12,2,2,テーオーダムール,牡,4,56.0,528,11,達城龍,川島豊,,4,1:37.5,39.7,6-6-5-4,3,528,11
2025/09/26,浦和,9,爽秋特別Ｃ２二,1500,ダ,左,良,晴,12,8,11,モナークスラッガー,牡,5,53.0,438,-6,神尾香,田島寿,,5,1:37.9,39.2,11-11-11-7,10,438,-6
2025/09/26,浦和,9,爽秋特別Ｃ２二,1500,ダ,左,良,晴,12,4,4,フェアメーゲン,牝,7,51.0,448,-4,加藤雄,工藤伸,,6,1:38.0,40.1,5-5-7-6,7,448,-4
2025/09/26,浦和,9,爽秋特別Ｃ２二,1500,ダ,左,良,晴,12,3,3,マロンフエルテ,牝,6,54.0,458,-6,櫻井光,久保勇,,7,1:38.1,39.8,8-8-10-9,9,458,-6
2025/09/26,浦和,9,爽秋特別Ｃ２二,1500,ダ,左,良,晴,12,6,8,シーメジャー,牝,4,52.0,475,19,ミシェ,新井清,,8,1:38.5,40.4,7-7-6-8,5,475,19
2025/09/26,浦和,9,爽秋特別Ｃ２二,1500,ダ,左,良,晴,12,7,10,エアシャロウ,セ,0,55.0,522,2,佐野遥,箕輪武,,9,1:38.5,41.2,3-3-4-5,4,522,2
2025/09/26,浦和,9,爽秋特別Ｃ２二,1500,ダ,左,良,晴,12,7,9,カレンアイバーソン,セ,0,56.0,478,-1,岡村裕,久保勇,,10,1:39.5,40.4,12-12-12-12,11,478,-1
2025/09/26,浦和,9,爽秋特別Ｃ２二,1500,ダ,左,良,晴,12,1,1,ジョーソーレ,牝,4,54.0,447,2,笹川翼,小久智,,11,1:39.6,41.3,9-9-8-10,6,447,2
2025/09/26,浦和,9,爽秋特別Ｃ２二,1500,ダ,左,良,晴,12,6,7,チェスナットドレス,牝,8,54.0,471,7,國分祐,冨田敏,,12,1:39.6,41.3,10-10-9-11,12,471,7
2025/09/26,浦和,10,曼珠沙華特別Ｃ１一,1400,ダ,左,良,晴,13,1,1,ココモローズ,牝,4,51.0,422,3,中山遥,藤原智,,1,1:28.2,37.6,1-1-1-1,2,422,3
2025/09/26,浦和,10,曼珠沙華特別Ｃ１一,1400,ダ,左,良,晴,13,6,9,オニアシ,牡,3,55.0,456,5,西啓太,藤原智,,2,1:28.4,37.2,5-5-4-3,1,456,5
2025/09/26,浦和,10,曼珠沙華特別Ｃ１一,1400,ダ,左,良,晴,13,7,11,バックビート,牡,3,54.0,482,-4,佐野遥,山崎尋,,3,1:28.5,37.7,2-2-2-2,6,482,-4
2025/09/26,浦和,10,曼珠沙華特別Ｃ１一,1400,ダ,左,良,晴,13,4,5,ノッテストラータ,牝,3,53.0,457,1,中越琉,久保勇,,4,1:29.4,37.7,6-7-7-4,8,457,1
2025/09/26,浦和,10,曼珠沙華特別Ｃ１一,1400,ダ,左,良,晴,13,6,8,フィラメント,牡,5,56.0,446,-9,岡村健,平田正,,5,1:30.2,37.8,11-11-9-8,4,446,-9
2025/09/26,浦和,10,曼珠沙華特別Ｃ１一,1400,ダ,左,良,晴,13,4,4,アムレート,牝,5,54.0,450,5,笹川翼,小久智,,6,1:30.4,38.4,10-10-8-6,3,450,5
2025/09/26,浦和,10,曼珠沙華特別Ｃ１一,1400,ダ,左,良,晴,13,2,2,イロドリノカオリ,牡,3,55.0,494,8,山中悠,宇野博,,7,1:30.5,39.3,4-4-5-5,7,494,8
2025/09/26,浦和,10,曼珠沙華特別Ｃ１一,1400,ダ,左,良,晴,13,3,3,イデアノキセキ,牡,6,56.0,451,-1,七夕裕,鹿沼和,,8,1:30.7,38.6,9-8-10-10,10,451,-1
2025/09/26,浦和,10,曼珠沙華特別Ｃ１一,1400,ダ,左,良,晴,13,8,13,ライヴガーネット,牝,6,51.0,472,2,加藤雄,工藤伸,,9,1:30.8,39.8,3-3-3-7,9,472,2
2025/09/26,浦和,10,曼珠沙華特別Ｃ１一,1400,ダ,左,良,晴,13,8,12,アニモ,牝,4,54.0,422,0,見越彬,川島豊,,10,1:31.0,38.0,12-12-12-12,13,422,0
2025/09/26,浦和,10,曼珠沙華特別Ｃ１一,1400,ダ,左,良,晴,13,5,7,テルケンレンタワー,牡,3,55.0,476,-6,野畑凌,佐藤博,,11,1:31.0,38.9,8-9-11-11,5,476,-6
2025/09/26,浦和,10,曼珠沙華特別Ｃ１一,1400,ダ,左,良,晴,13,5,6,マサハヤアン,牝,8,54.0,479,7,保園翔,野口孝,,12,1:31.1,39.7,7-6-6-9,12,479,7
2025/09/26,浦和,10,曼珠沙華特別Ｃ１一,1400,ダ,左,良,晴,13,7,10,コスモパンドラ,牝,6,54.0,465,-1,秋元耕,箕輪武,,13,1:32.2,38.9,13-13-13-13,11,465,-1
2025/09/26,浦和,11,紅葉月特別Ｂ２二Ｂ３一,1500,ダ,左,良,晴,11,6,7,ジョートビー,牝,3,54.0,510,-4,本橋孝,小久智,,1,1:35.7,38.9,1-1-1-1,2,510,-4
2025/09/26,浦和,11,紅葉月特別Ｂ２二Ｂ３一,1500,ダ,左,良,晴,11,7,9,ブレイジングヒート,牡,6,57.0,467,3,笹川翼,川島一,,2,1:35.8,38.2,6-5-5-4,4,467,3
2025/09/26,浦和,11,紅葉月特別Ｂ２二Ｂ３一,1500,ダ,左,良,晴,11,5,5,キャプテンブルー,セ,0,53.0,473,3,佐野遥,伊藤滋,,3,1:35.9,38.8,2-3-3-3,1,473,3
2025/09/26,浦和,11,紅葉月特別Ｂ２二Ｂ３一,1500,ダ,左,良,晴,11,4,4,タロサンダー,牡,4,55.0,497,-5,山中悠,小久智,,4,1:36.2,39.2,3-2-2-2,3,497,-5
2025/09/26,浦和,11,紅葉月特別Ｂ２二Ｂ３一,1500,ダ,左,良,晴,11,2,2,フクチャンキング,セ,0,54.0,543,10,及川烈,横山保,,5,1:36.6,36.7,10-10-10-9,9,543,10
2025/09/26,浦和,11,紅葉月特別Ｂ２二Ｂ３一,1500,ダ,左,良,晴,11,6,6,ミラクルランバック,牡,6,55.0,520,0,西啓太,藤原智,,6,1:36.6,38.5,8-8-7-6,6,520,0
2025/09/26,浦和,11,紅葉月特別Ｂ２二Ｂ３一,1500,ダ,左,良,晴,11,3,3,ニシノアウェイク,牡,4,55.0,494,11,福原杏,小澤宏,,7,1:36.7,38.7,9-9-6-5,7,494,11
2025/09/26,浦和,11,紅葉月特別Ｂ２二Ｂ３一,1500,ダ,左,良,晴,11,8,11,ビッグデイメイク,牝,3,49.0,425,-8,椿聡太,田中力,,8,1:36.9,38.9,7-6-8-8,5,425,-8
2025/09/26,浦和,11,紅葉月特別Ｂ２二Ｂ３一,1500,ダ,左,良,晴,11,7,8,クラジャンク,牡,4,55.0,491,-1,木間龍,矢野義,,9,1:37.1,39.9,4-4-4-7,10,491,-1
2025/09/26,浦和,11,紅葉月特別Ｂ２二Ｂ３一,1500,ダ,左,良,晴,11,8,10,サブリュウシン,牡,5,55.0,473,6,岡村健,平山真,,10,1:38.7,38.4,11-11-11-11,8,473,6
2025/09/26,浦和,11,紅葉月特別Ｂ２二Ｂ３一,1500,ダ,左,良,晴,11,1,1,スティールシャトル,牝,5,53.0,459,-3,加藤和,川島豊,,11,1:39.8,41.3,5-7-9-10,11,459,-3
2025/09/26,浦和,12,テレ玉ＢＡＣＨプラザ特別Ｃ２Ｃ３選抜馬イ,2000,ダ,左,良,晴,12,1,1,ビーチガール,牝,5,52.0,452,5,中山遥,小林真,,1,2:13.0,40.1,12-10-5-1,1,452,5
2025/09/26,浦和,12,テレ玉ＢＡＣＨプラザ特別Ｃ２Ｃ３選抜馬イ,2000,ダ,左,良,晴,12,3,3,ラブルパイル,牡,5,57.0,472,7,高橋哲,吉田正,,2,2:14.0,42.0,4-4-3-4,8,472,7
2025/09/26,浦和,12,テレ玉ＢＡＣＨプラザ特別Ｃ２Ｃ３選抜馬イ,2000,ダ,左,良,晴,12,8,11,サマーストーリー,牡,5,57.0,441,8,岡田大,冨田敏,,3,2:14.5,41.7,9-8-8-7,6,441,8
2025/09/26,浦和,12,テレ玉ＢＡＣＨプラザ特別Ｃ２Ｃ３選抜馬イ,2000,ダ,左,良,晴,12,6,8,ホットエンペラー,牡,4,57.0,518,11,山中悠,小澤宏,,4,2:14.6,42.4,5-5-4-5,2,518,11
2025/09/26,浦和,12,テレ玉ＢＡＣＨプラザ特別Ｃ２Ｃ３選抜馬イ,2000,ダ,左,良,晴,12,2,2,ポケットシンデレラ,牝,6,53.0,436,-4,中島良,長谷忍,,5,2:14.8,41.5,11-12-11-8,12,436,-4
2025/09/26,浦和,12,テレ玉ＢＡＣＨプラザ特別Ｃ２Ｃ３選抜馬イ,2000,ダ,左,良,晴,12,5,5,シュヴァイゲン,牡,4,57.0,498,-2,野畑凌,久保秀,,6,2:15.2,43.5,2-1-2-2,3,498,-2
2025/09/26,浦和,12,テレ玉ＢＡＣＨプラザ特別Ｃ２Ｃ３選抜馬イ,2000,ダ,左,良,晴,12,8,12,ウイングラドナス,牡,6,57.0,464,-3,櫻井光,海馬司,,7,2:15.3,42.8,7-6-7-6,7,464,-3
2025/09/26,浦和,12,テレ玉ＢＡＣＨプラザ特別Ｃ２Ｃ３選抜馬イ,2000,ダ,左,良,晴,12,7,10,ジャストザヴァルス,牝,5,55.0,442,5,室陽一,宇野博,,8,2:15.3,42.6,6-7-9-9,10,442,5
2025/09/26,浦和,12,テレ玉ＢＡＣＨプラザ特別Ｃ２Ｃ３選抜馬イ,2000,ダ,左,良,晴,12,4,4,ナツハヨル,牝,7,54.0,446,7,及川烈,野口孝,,9,2:15.4,43.8,1-2-1-3,9,446,7
2025/09/26,浦和,12,テレ玉ＢＡＣＨプラザ特別Ｃ２Ｃ３選抜馬イ,2000,ダ,左,良,晴,12,5,6,インベンション,牝,5,53.0,465,5,菅原涼,長谷忍,,10,2:16.2,42.8,8-9-12-11,4,465,5
2025/09/26,浦和,12,テレ玉ＢＡＣＨプラザ特別Ｃ２Ｃ３選抜馬イ,2000,ダ,左,良,晴,12,6,7,セイウンコチョウ,牝,6,55.0,414,7,國分祐,冨田敏,,11,2:16.9,43.8,10-11-10-10,11,414,7
2025/09/26,浦和,12,テレ玉ＢＡＣＨプラザ特別Ｃ２Ｃ３選抜馬イ,2000,ダ,左,良,晴,12,7,9,ニシノソレガシ,セ,0,57.0,523,2,七夕裕,冨田敏,,12,2:19.0,47.0,3-3-6-12,5,523,2
2025/10/27,浦和,1,Ｃ３五,1300,ダ,左,重,晴,11,6,7,メイワシェリー,牝,7,54.0,451,0,張田昂,平山真,,1,1:22.1,38.0,1-1-1-1,1,451,0
2025/10/27,浦和,1,Ｃ３五,1300,ダ,左,重,晴,11,5,5,セキレイオペラ,牡,6,56.0,483,5,七夕裕,川村守,,2,1:22.6,38.0,8-8-3-2,4,483,5
2025/10/27,浦和,1,Ｃ３五,1300,ダ,左,重,晴,11,4,4,デイドリーミン,牝,7,51.0,497,-6,中山遥,吉田正,,3,1:22.8,38.2,4-4-4-3,3,497,-6
2025/10/27,浦和,1,Ｃ３五,1300,ダ,左,重,晴,11,2,2,トーセンイヴ,牝,7,54.0,459,22,野畑凌,酒井一,,4,1:23.2,38.4,7-7-8-5,5,459,22
2025/10/27,浦和,1,Ｃ３五,1300,ダ,左,重,晴,11,6,6,カナデル,牝,5,54.0,498,-6,藤江渉,酒井一,,5,1:23.4,39.0,2-3-5-6,6,498,-6
2025/10/27,浦和,1,Ｃ３五,1300,ダ,左,重,晴,11,7,8,スペシャルシート,牝,6,54.0,427,4,山中悠,新井清,,6,1:23.9,39.3,5-5-7-7,2,427,4
2025/10/27,浦和,1,Ｃ３五,1300,ダ,左,重,晴,11,8,11,クリプリンセス,牝,5,54.0,437,14,國分祐,冨田敏,,7,1:24.3,40.2,3-2-2-4,9,437,14
2025/10/27,浦和,1,Ｃ３五,1300,ダ,左,重,晴,11,8,10,アストロメアリー,牝,6,54.0,420,10,菅原涼,長谷忍,,8,1:24.3,39.7,6-6-6-8,8,420,10
2025/10/27,浦和,1,Ｃ３五,1300,ダ,左,重,晴,11,7,9,シェナマリア,牝,5,54.0,450,4,秋元耕,吉田正,,9,1:24.5,38.5,9-9-9-9,7,450,4
2025/10/27,浦和,1,Ｃ３五,1300,ダ,左,重,晴,11,3,3,シェナカンザシ,牝,5,54.0,462,-7,高橋哲,冨田敏,,10,1:25.9,38.5,11-11-10-10,11,462,-7
2025/10/27,浦和,1,Ｃ３五,1300,ダ,左,重,晴,11,1,1,シェナダイオー,牡,6,56.0,549,4,赤津和,冨田敏,,11,1:26.8,39.4,10-10-11-11,10,549,4
2025/10/27,浦和,2,ランチタイムチャレンジ３歳一,1500,ダ,左,重,晴,12,1,1,メイショウセオト,牝,3,54.0,477,15,見越彬,野口孝,,1,1:33.9,37.6,1-1-1-1,2,477,15
2025/10/27,浦和,2,ランチタイムチャレンジ３歳一,1500,ダ,左,重,晴,12,6,7,ソルトミラクル,牡,3,56.0,469,-1,室陽一,宇野博,,2,1:35.4,38.5,5-5-5-3,6,469,-1
2025/10/27,浦和,2,ランチタイムチャレンジ３歳一,1500,ダ,左,重,晴,12,5,6,ポレポレ,牝,3,51.0,413,5,中山遥,酒井一,,3,1:35.5,38.6,3-3-3-2,10,413,5
2025/10/27,浦和,2,ランチタイムチャレンジ３歳一,1500,ダ,左,重,晴,12,2,2,コンペティティブ,牡,3,56.0,461,-3,本橋孝,秋山直,,4,1:35.7,37.5,10-10-10-9,8,461,-3
2025/10/27,浦和,2,ランチタイムチャレンジ３歳一,1500,ダ,左,重,晴,12,8,11,テンダリー,牡,3,56.0,499,-11,伊藤裕,長友豊,,5,1:35.8,38.9,8-8-4-5,3,499,-11
2025/10/27,浦和,2,ランチタイムチャレンジ３歳一,1500,ダ,左,重,晴,12,4,4,ミスレモン,牝,3,54.0,510,18,七夕裕,箕輪武,,6,1:35.8,38.5,6-6-8-6,11,510,18
2025/10/27,浦和,2,ランチタイムチャレンジ３歳一,1500,ダ,左,重,晴,12,3,3,ロンディネ,牝,3,52.0,415,-9,ミシェ,酒井忍,,7,1:36.0,38.4,9-9-9-8,4,415,-9
2025/10/27,浦和,2,ランチタイムチャレンジ３歳一,1500,ダ,左,重,晴,12,8,12,コスモサンブライト,牝,3,54.0,428,1,田中涼,久保秀,,8,1:36.0,39.1,4-4-6-7,9,428,1
2025/10/27,浦和,2,ランチタイムチャレンジ３歳一,1500,ダ,左,重,晴,12,7,9,クレストライン,牝,3,54.0,432,11,庄司大,入口由,,9,1:36.2,37.8,11-11-11-11,12,432,11
2025/10/27,浦和,2,ランチタイムチャレンジ３歳一,1500,ダ,左,重,晴,12,7,10,モーリシャスアロマ,牝,3,54.0,470,8,川島正,野口寛,,10,1:36.6,37.8,12-12-12-12,1,470,8
2025/10/27,浦和,2,ランチタイムチャレンジ３歳一,1500,ダ,左,重,晴,12,5,5,チープインパクト,セ,0,56.0,465,1,濱田達,伊藤滋,,11,1:36.7,39.6,7-7-7-10,5,465,1
2025/10/27,浦和,2,ランチタイムチャレンジ３歳一,1500,ダ,左,重,晴,12,6,8,メラ,牝,3,54.0,548,1,菅原涼,長谷忍,,12,1:37.2,40.5,2-2-2-4,7,548,1
2025/10/27,浦和,3,ドリームチャレンジ２歳新馬ウ,1400,ダ,左,重,晴,6,3,3,カクレンボ,牝,2,54.0,0,0,張田昂,宇野博,,1,1:29.8,38.2,2-2-2-2,2,0,0
2025/10/27,浦和,3,ドリームチャレンジ２歳新馬ウ,1400,ダ,左,重,晴,6,1,1,アヴェマリスステラ,牝,2,54.0,0,0,七夕裕,川島豊,,2,1:30.5,38.9,1-1-1-1,1,0,0
2025/10/27,浦和,3,ドリームチャレンジ２歳新馬ウ,1400,ダ,左,重,晴,6,2,2,イトイテーション,牡,2,55.0,0,0,本橋孝,小久智,,3,1:31.2,39.0,4-4-4-4,3,0,0
2025/10/27,浦和,3,ドリームチャレンジ２歳新馬ウ,1400,ダ,左,重,晴,6,5,5,ゴールデンコマンチ,牡,2,55.0,0,0,福原杏,水野貴,,4,1:31.3,39.5,3-3-3-3,5,0,0
2025/10/27,浦和,3,ドリームチャレンジ２歳新馬ウ,1400,ダ,左,重,晴,6,4,4,ラグーンプレミアム,牡,2,55.0,0,0,藤本現,箕輪武,,5,1:32.8,40.3,5-5-5-5,4,0,0
2025/10/27,浦和,3,ドリームチャレンジ２歳新馬ウ,1400,ダ,左,重,晴,6,6,6,アルティスゼファー,牡,2,55.0,0,0,秋元耕,薮口一,,6,1:33.7,40.6,6-6-6-6,6,0,0
2025/10/27,浦和,4,ドリームチャレンジ２歳新馬イ,1400,ダ,左,重,晴,7,6,6,ロックシュガー,牝,2,54.0,0,0,秋元耕,川島豊,,1,1:27.9,37.9,3-3-2-2,4,0,0
2025/10/27,浦和,4,ドリームチャレンジ２歳新馬イ,1400,ダ,左,重,晴,7,2,2,オリジナルパターン,牡,2,55.0,0,0,本橋孝,小久智,,2,1:28.2,38.2,1-1-1-1,2,0,0
2025/10/27,浦和,4,ドリームチャレンジ２歳新馬イ,1400,ダ,左,重,晴,7,1,1,シンメエリート,牝,2,54.0,0,0,笹川翼,野口寛,,3,1:29.4,38.2,7-7-4-3,1,0,0
2025/10/27,浦和,4,ドリームチャレンジ２歳新馬イ,1400,ダ,左,重,晴,7,4,4,クリールヴィット,牝,2,54.0,0,0,福原杏,鈴木勝,,4,1:31.3,41.3,2-2-3-4,7,0,0
2025/10/27,浦和,4,ドリームチャレンジ２歳新馬イ,1400,ダ,左,重,晴,7,3,3,グレイモカ,牝,2,51.0,0,0,中山遥,小林真,,5,1:32.3,40.7,5-5-6-5,3,0,0
2025/10/27,浦和,4,ドリームチャレンジ２歳新馬イ,1400,ダ,左,重,晴,7,7,7,シンキングレーヴ,牡,2,55.0,0,0,室陽一,宇野博,,6,1:34.0,42.5,6-6-7-6,5,0,0
2025/10/27,浦和,4,ドリームチャレンジ２歳新馬イ,1400,ダ,左,重,晴,7,5,5,フォレバーアイヤ,牡,2,55.0,0,0,野畑凌,水野貴,,7,1:34.4,43.1,4-4-5-7,6,0,0
2025/10/27,浦和,5,Ｃ２三 四,1500,ダ,左,重,晴,11,3,3,エンタープライズ,牡,3,56.0,506,-3,町田直,内田勝,,1,1:33.9,36.7,10-8-3-2,2,506,-3
2025/10/27,浦和,5,Ｃ２三 四,1500,ダ,左,重,晴,11,7,9,インピッシュ,牝,3,54.0,469,13,笹川翼,繁田健,,2,1:33.9,36.7,3-3-1-1,1,469,13
2025/10/27,浦和,5,Ｃ２三 四,1500,ダ,左,重,晴,11,8,10,クォンタイズ,牝,3,54.0,447,4,藤江渉,山田質,,3,1:34.9,37.8,1-1-2-3,7,447,4
2025/10/27,浦和,5,Ｃ２三 四,1500,ダ,左,重,晴,11,8,11,テーオーダムール,牡,4,55.0,522,-6,及川烈,川島豊,,4,1:35.1,37.6,7-5-5-5,4,522,-6
2025/10/27,浦和,5,Ｃ２三 四,1500,ダ,左,重,晴,11,6,7,コウユーミューミュ,牝,3,54.0,492,4,山中悠,宇野博,,5,1:35.4,38.0,2-2-4-4,8,492,4
2025/10/27,浦和,5,Ｃ２三 四,1500,ダ,左,重,晴,11,6,6,ユウオウマイシン,牡,3,56.0,476,24,半澤慶,入口由,,6,1:35.5,37.8,6-7-6-6,3,476,24
2025/10/27,浦和,5,Ｃ２三 四,1500,ダ,左,重,晴,11,5,5,チェスナットドレス,牝,8,52.0,475,4,中島良,冨田敏,,7,1:36.0,38.3,8-10-7-7,11,475,4
2025/10/27,浦和,5,Ｃ２三 四,1500,ダ,左,重,晴,11,4,4,スタークイック,牝,3,54.0,428,3,保園翔,小澤宏,,8,1:36.3,37.8,11-11-11-11,10,428,3
2025/10/27,浦和,5,Ｃ２三 四,1500,ダ,左,重,晴,11,7,8,ニシノソレガシ,セ,0,56.0,529,6,國分祐,冨田敏,,9,1:36.5,38.6,9-9-10-9,6,529,6
2025/10/27,浦和,5,Ｃ２三 四,1500,ダ,左,重,晴,11,1,1,ブルドッグガール,牝,3,54.0,438,5,岡田大,小林真,,10,1:37.1,39.4,4-4-8-8,9,438,5
2025/10/27,浦和,5,Ｃ２三 四,1500,ダ,左,重,晴,11,2,2,オリエンタルマック,牡,3,56.0,463,3,藤本現,酒井一,,11,1:38.3,40.6,5-6-9-10,5,463,3
2025/10/27,浦和,6,Ｃ２三 四,1400,ダ,左,重,晴,12,1,1,キャルドーン,牡,5,56.0,519,9,西啓太,繁田健,,1,1:27.7,37.8,5-5-3-3,2,519,9
2025/10/27,浦和,6,Ｃ２三 四,1400,ダ,左,重,晴,12,8,12,シングンアーメット,セ,0,55.0,466,4,佐野遥,山崎尋,,2,1:27.9,38.2,4-4-2-2,4,466,4
2025/10/27,浦和,6,Ｃ２三 四,1400,ダ,左,重,晴,12,5,5,ブルーオブウインド,牝,3,54.0,469,6,保園翔,川村守,,3,1:28.0,38.5,1-1-1-1,8,469,6
2025/10/27,浦和,6,Ｃ２三 四,1400,ダ,左,重,晴,12,6,8,ビューティビースト,牝,4,54.0,440,-3,藤江渉,久保勇,,4,1:28.2,38.1,7-7-5-5,7,440,-3
2025/10/27,浦和,6,Ｃ２三 四,1400,ダ,左,重,晴,12,8,11,ティーズリンク,牝,3,54.0,449,0,高橋哲,水野貴,,5,1:28.6,38.1,8-9-9-9,5,449,0
2025/10/27,浦和,6,Ｃ２三 四,1400,ダ,左,重,晴,12,7,9,エソラ,牡,5,54.0,502,8,ミシェ,平山真,,6,1:28.8,38.9,2-3-6-6,3,502,8
2025/10/27,浦和,6,Ｃ２三 四,1400,ダ,左,重,晴,12,2,2,シナモンポップ,牝,3,54.0,480,2,秋元耕,海馬司,,7,1:29.1,38.6,9-8-10-7,9,480,2
2025/10/27,浦和,6,Ｃ２三 四,1400,ダ,左,重,晴,12,5,6,ジョーソーレ,牝,4,54.0,454,7,笹川翼,小久智,,8,1:29.2,38.5,11-11-8-4,6,454,7
2025/10/27,浦和,6,Ｃ２三 四,1400,ダ,左,重,晴,12,7,10,ウオッカガール,牝,5,54.0,502,-3,赤津和,箕輪武,,9,1:29.5,39.3,6-6-7-8,11,502,-3
2025/10/27,浦和,6,Ｃ２三 四,1400,ダ,左,重,晴,12,3,3,キタノアマポーラ,牝,4,54.0,445,-2,山中悠,工藤伸,,10,1:29.8,40.1,3-2-4-10,1,445,-2
2025/10/27,浦和,6,Ｃ２三 四,1400,ダ,左,重,晴,12,6,7,オトメノネガイ,牝,4,54.0,421,-1,本田紀,田島寿,,11,1:29.8,38.5,12-12-12-11,12,421,-1
2025/10/27,浦和,6,Ｃ２三 四,1400,ダ,左,重,晴,12,4,4,アジアパテック,牡,3,56.0,510,4,古岡勇,岩本洋,,12,1:30.0,39.3,10-10-11-12,10,510,4
2025/10/27,浦和,7,特選Ｃ２選抜牝馬,1400,ダ,左,重,晴,12,2,2,ハヤブサアポチャン,牝,4,54.0,497,3,笹川翼,茂木浩,,1,1:27.2,38.0,5-4-3-2,1,497,3
2025/10/27,浦和,7,特選Ｃ２選抜牝馬,1400,ダ,左,重,晴,12,5,5,ビヴァアカプルコ,牝,5,55.0,505,-3,見越彬,水上直,,2,1:27.4,38.9,1-1-1-1,8,505,-3
2025/10/27,浦和,7,特選Ｃ２選抜牝馬,1400,ダ,左,重,晴,12,3,3,キープアドーラブル,牝,5,54.5,473,-5,川島正,岩崎真,,3,1:28.0,38.6,6-6-6-5,5,473,-5
2025/10/27,浦和,7,特選Ｃ２選抜牝馬,1400,ダ,左,重,晴,12,7,10,キミハレモネード,牝,4,55.0,454,-11,張田昂,水野貴,,4,1:28.1,38.5,8-7-7-4,2,454,-11
2025/10/27,浦和,7,特選Ｃ２選抜牝馬,1400,ダ,左,重,晴,12,6,8,テンロ,牝,4,54.5,497,0,野畑凌,小久智,,5,1:28.6,39.7,2-2-2-3,3,497,0
2025/10/27,浦和,7,特選Ｃ２選抜牝馬,1400,ダ,左,重,晴,12,4,4,アンブレラダンス,牝,5,55.0,464,0,藤本現,平山真,,6,1:28.7,38.9,7-8-9-8,6,464,0
2025/10/27,浦和,7,特選Ｃ２選抜牝馬,1400,ダ,左,重,晴,12,8,12,バロックパール,牝,4,55.0,472,-5,中越琉,佐藤博,,7,1:28.9,39.8,3-3-4-7,9,472,-5
2025/10/27,浦和,7,特選Ｃ２選抜牝馬,1400,ダ,左,重,晴,12,7,9,キタサンエポナ,牝,6,54.0,444,6,秋元耕,繁田健,,8,1:28.9,39.7,4-5-5-6,4,444,6
2025/10/27,浦和,7,特選Ｃ２選抜牝馬,1400,ダ,左,重,晴,12,1,1,セイウンコチョウ,牝,6,54.5,417,3,國分祐,冨田敏,,9,1:29.3,39.3,11-10-11-10,11,417,3
2025/10/27,浦和,7,特選Ｃ２選抜牝馬,1400,ダ,左,重,晴,12,8,11,セクシーウィドー,牝,4,55.0,441,6,池谷匠,甲田悟,,10,1:29.4,39.6,10-9-8-9,12,441,6
2025/10/27,浦和,7,特選Ｃ２選抜牝馬,1400,ダ,左,重,晴,12,5,6,エターナルジュエル,牝,6,54.0,472,6,西啓太,藤原智,,11,1:30.0,40.0,9-11-10-11,7,472,6
2025/10/27,浦和,7,特選Ｃ２選抜牝馬,1400,ダ,左,重,晴,12,6,7,フェアメーゲン,牝,7,54.5,454,6,七夕裕,工藤伸,,,,,12-12,10,454,6
2025/10/27,浦和,8,城下町岩槻鷹狩り行列賞Ｃ１三,1400,ダ,左,重,晴,12,1,1,ノヴァヴィア,牝,3,54.0,461,10,野畑凌,小久智,,1,1:27.1,37.2,1-1-2-2,3,461,10
2025/10/27,浦和,8,城下町岩槻鷹狩り行列賞Ｃ１三,1400,ダ,左,重,晴,12,5,5,ナートゥ,牡,3,55.0,534,1,佐野遥,高月賢,,2,1:27.2,37.5,8-8-1-1,9,534,1
2025/10/27,浦和,8,城下町岩槻鷹狩り行列賞Ｃ１三,1400,ダ,左,重,晴,12,5,6,ラブリエスト,牝,4,51.0,486,6,山本大,矢内博,,3,1:27.6,37.2,5-7-7-4,8,486,6
2025/10/27,浦和,8,城下町岩槻鷹狩り行列賞Ｃ１三,1400,ダ,左,重,晴,12,3,3,フブキ,牝,5,52.0,460,-1,ミシェ,水上直,,4,1:27.7,37.3,4-4-8-3,4,460,-1
2025/10/27,浦和,8,城下町岩槻鷹狩り行列賞Ｃ１三,1400,ダ,左,重,晴,12,4,4,ダイヤモンドキッス,牡,4,55.0,513,-10,及川烈,鹿沼和,,5,1:27.9,37.2,9-10-11-8,1,513,-10
2025/10/27,浦和,8,城下町岩槻鷹狩り行列賞Ｃ１三,1400,ダ,左,重,晴,12,7,9,ポッドベッロ,牡,3,56.0,481,-2,張田昂,齊藤敏,,6,1:28.1,38.0,10-6-5-7,2,481,-2
2025/10/27,浦和,8,城下町岩槻鷹狩り行列賞Ｃ１三,1400,ダ,左,重,晴,12,6,7,ビコーズウイキャン,牡,4,56.0,463,2,七夕裕,長谷忍,,7,1:28.3,37.7,7-9-10-9,6,463,2
2025/10/27,浦和,8,城下町岩槻鷹狩り行列賞Ｃ１三,1400,ダ,左,重,晴,12,2,2,グッモーニン,牡,4,56.0,456,-8,中越琉,田島寿,,8,1:28.4,37.1,12-12-12-11,11,456,-8
2025/10/27,浦和,8,城下町岩槻鷹狩り行列賞Ｃ１三,1400,ダ,左,重,晴,12,8,12,アマモト,牡,4,56.0,471,1,福原杏,水野貴,,9,1:28.5,38.5,6-3-4-6,5,471,1
2025/10/27,浦和,8,城下町岩槻鷹狩り行列賞Ｃ１三,1400,ダ,左,重,晴,12,6,8,アフロジータ,牝,4,54.0,445,-4,藤江渉,山田質,,10,1:29.0,38.6,11-11-6-10,10,445,-4
2025/10/27,浦和,8,城下町岩槻鷹狩り行列賞Ｃ１三,1400,ダ,左,重,晴,12,8,11,ボナール,牡,4,56.0,455,6,櫻井光,山崎尋,,11,1:29.3,39.4,2-2-3-5,7,455,6
2025/10/27,浦和,8,城下町岩槻鷹狩り行列賞Ｃ１三,1400,ダ,左,重,晴,12,7,10,ヴァシロペス,セ,0,56.0,477,7,赤津和,鈴木勝,,12,1:30.9,40.5,3-5-9-12,12,477,7
2025/10/27,浦和,9,錦秋特別Ｃ２二,1500,ダ,左,重,晴,12,3,3,ショコラエクレール,牝,4,51.0,468,21,中山遥,入口由,,1,1:34.3,36.6,1-1-1-1,4,468,21
2025/10/27,浦和,9,錦秋特別Ｃ２二,1500,ダ,左,重,晴,12,4,4,マラカイト,牝,4,54.0,457,-16,野畑凌,小久智,,2,1:35.4,37.7,2-2-2-2,3,457,-16
2025/10/27,浦和,9,錦秋特別Ｃ２二,1500,ダ,左,重,晴,12,7,10,ヴィオレンツァ,牡,3,56.0,457,0,笹川翼,水野貴,,3,1:35.5,37.6,5-6-5-5,1,457,0
2025/10/27,浦和,9,錦秋特別Ｃ２二,1500,ダ,左,重,晴,12,8,12,サンタモニカビーチ,牡,5,56.0,561,3,笠野雄,川島豊,,4,1:35.6,37.8,8-5-4-6,2,561,3
2025/10/27,浦和,9,錦秋特別Ｃ２二,1500,ダ,左,重,晴,12,5,5,グァンバーレ,牝,3,54.0,430,-5,木間龍,田島寿,,5,1:35.6,37.9,3-3-3-3,8,430,-5
2025/10/27,浦和,9,錦秋特別Ｃ２二,1500,ダ,左,重,晴,12,1,1,ティナバローズ,牝,3,54.0,487,1,町田直,繁田健,,6,1:35.6,36.7,10-11-8-8,6,487,1
2025/10/27,浦和,9,錦秋特別Ｃ２二,1500,ダ,左,重,晴,12,2,2,ボルドーティラミス,牝,3,52.0,454,-3,ミシェ,田邊陽,,7,1:35.7,37.8,4-4-6-4,7,454,-3
2025/10/27,浦和,9,錦秋特別Ｃ２二,1500,ダ,左,重,晴,12,5,6,シゲルツキミザケ,牡,6,54.0,466,-7,中島良,箕輪武,,8,1:36.3,37.9,9-7-7-7,9,466,-7
2025/10/27,浦和,9,錦秋特別Ｃ２二,1500,ダ,左,重,晴,12,6,7,シェナクラウン,牡,5,56.0,519,6,國分祐,冨田敏,,9,1:36.5,37.6,7-8-9-9,11,519,6
2025/10/27,浦和,9,錦秋特別Ｃ２二,1500,ダ,左,重,晴,12,6,8,ジャガンナート,牡,5,56.0,529,0,庄司大,玉井勝,,10,1:37.4,37.7,12-12-12-12,5,529,0
2025/10/27,浦和,9,錦秋特別Ｃ２二,1500,ダ,左,重,晴,12,8,11,エポナメロディー,牝,3,54.0,427,-7,藤江渉,武井和,,11,1:37.5,38.6,11-9-11-10,12,427,-7
2025/10/27,浦和,9,錦秋特別Ｃ２二,1500,ダ,左,重,晴,12,7,9,ロジドレフォン,牡,5,56.0,518,19,秋元耕,薮口一,,12,1:37.8,38.9,6-10-10-11,10,518,19
2025/10/27,浦和,10,金木犀特別Ｃ１二,1500,ダ,左,重,晴,12,8,11,ケンブレナム,牡,3,56.0,456,1,笹川翼,繁田健,,1,1:33.8,37.3,3-3-3-1,1,456,1
2025/10/27,浦和,10,金木犀特別Ｃ１二,1500,ダ,左,重,晴,12,2,2,タケノロイヤル,牝,3,54.0,434,-7,本橋孝,鈴木義,,2,1:34.1,37.7,1-1-1-2,2,434,-7
2025/10/27,浦和,10,金木犀特別Ｃ１二,1500,ダ,左,重,晴,12,6,7,スマイルスライヴ,セ,0,56.0,486,5,町田直,宇野博,,3,1:34.4,38.0,2-2-2-3,3,486,5
2025/10/27,浦和,10,金木犀特別Ｃ１二,1500,ダ,左,重,晴,12,5,6,ペルセイズ,牡,4,56.0,518,6,伊藤裕,佐藤博,,4,1:34.7,37.6,7-6-6-5,5,518,6
2025/10/27,浦和,10,金木犀特別Ｃ１二,1500,ダ,左,重,晴,12,1,1,ビナハイフォン,牝,3,54.0,475,6,山中悠,酒井一,,5,1:34.8,38.1,4-4-4-4,4,475,6
2025/10/27,浦和,10,金木犀特別Ｃ１二,1500,ダ,左,重,晴,12,8,12,ディセントラライズ,牡,4,56.0,468,-1,保園翔,川村守,,6,1:35.2,37.6,6-8-9-6,10,468,-1
2025/10/27,浦和,10,金木犀特別Ｃ１二,1500,ダ,左,重,晴,12,3,3,コンバットココ,牝,4,54.0,429,-2,野畑凌,工藤伸,,7,1:35.6,36.4,12-12-12-10,11,429,-2
2025/10/27,浦和,10,金木犀特別Ｃ１二,1500,ダ,左,重,晴,12,4,4,レジェス,牡,4,56.0,544,4,七夕裕,平山真,,8,1:35.6,37.6,10-10-11-9,6,544,4
2025/10/27,浦和,10,金木犀特別Ｃ１二,1500,ダ,左,重,晴,12,6,8,ロードアスタリスク,牡,5,56.0,497,7,室陽一,吉田正,,9,1:35.6,38.2,8-7-7-8,8,497,7
2025/10/27,浦和,10,金木犀特別Ｃ１二,1500,ダ,左,重,晴,12,5,5,ミヤコノティアラ,牝,5,54.0,457,2,山口達,林正人,,10,1:35.8,39.0,5-5-5-7,7,457,2
2025/10/27,浦和,10,金木犀特別Ｃ１二,1500,ダ,左,重,晴,12,7,9,パンプイット,牡,3,56.0,479,-5,藤本現,高月賢,,11,1:35.9,38.1,11-11-10-12,9,479,-5
2025/10/27,浦和,10,金木犀特別Ｃ１二,1500,ダ,左,重,晴,12,7,10,ビーナスライズ,牝,4,54.0,490,10,木間龍,工藤伸,,12,1:36.1,38.7,9-9-8-11,12,490,10
2025/10/27,浦和,11,秋陽特別Ｂ３二,1400,ダ,左,重,晴,12,4,4,パンクビート,牡,3,56.0,482,-5,笹川翼,小久智,,1,1:26.3,38.0,1-1-1-1,1,482,-5
2025/10/27,浦和,11,秋陽特別Ｂ３二,1400,ダ,左,重,晴,12,5,6,タイセイフランク,牡,3,56.0,494,-1,本橋孝,内田勝,,2,1:26.7,37.9,5-4-3-3,3,494,-1
2025/10/27,浦和,11,秋陽特別Ｂ３二,1400,ダ,左,重,晴,12,7,9,ココモローズ,牝,4,51.0,415,-7,中山遥,藤原智,,3,1:26.8,38.4,2-2-2-2,2,415,-7
2025/10/27,浦和,11,秋陽特別Ｂ３二,1400,ダ,左,重,晴,12,6,8,ラムテリオス,牝,4,54.0,473,1,野畑凌,鈴木義,,4,1:26.9,36.6,9-10-10-7,4,473,1
2025/10/27,浦和,11,秋陽特別Ｂ３二,1400,ダ,左,重,晴,12,7,10,ゴールドソニック,牡,4,56.0,512,3,半澤慶,鹿沼和,,5,1:26.9,38.1,4-5-5-4,5,512,3
2025/10/27,浦和,11,秋陽特別Ｂ３二,1400,ダ,左,重,晴,12,5,5,チューウィー,牝,6,51.0,465,-3,加藤雄,河津裕,,6,1:27.2,37.8,7-7-8-6,11,465,-3
2025/10/27,浦和,11,秋陽特別Ｂ３二,1400,ダ,左,重,晴,12,3,3,ニシノアウェイク,牡,4,54.0,494,0,ミシェ,小澤宏,,7,1:27.2,36.5,12-11-11-9,8,494,0
2025/10/27,浦和,11,秋陽特別Ｂ３二,1400,ダ,左,重,晴,12,2,2,サウンドノバ,牡,4,56.0,488,0,伊藤裕,武井和,,8,1:27.5,38.2,8-8-6-5,12,488,0
2025/10/27,浦和,11,秋陽特別Ｂ３二,1400,ダ,左,重,晴,12,8,12,グレイトムーン,牡,8,56.0,488,1,町田直,村田六,,9,1:27.9,37.9,10-9-9-11,10,488,1
2025/10/27,浦和,11,秋陽特別Ｂ３二,1400,ダ,左,重,晴,12,6,7,ルージュブラゾン,牝,6,54.0,519,3,福原杏,水野貴,,10,1:28.2,39.1,6-6-7-8,6,519,3
2025/10/27,浦和,11,秋陽特別Ｂ３二,1400,ダ,左,重,晴,12,1,1,モンバイト,牡,6,56.0,478,-25,笠野雄,薮口一,,11,1:28.5,37.6,11-12-12-12,7,478,-25
2025/10/27,浦和,11,秋陽特別Ｂ３二,1400,ダ,左,重,晴,12,8,11,アルフィーノ,牝,6,51.0,474,2,山本大,川島一,,12,1:29.4,40.8,3-3-4-10,9,474,2
2025/10/27,浦和,12,秋麗特別Ｃ３選抜馬イ,2000,ダ,左,重,晴,12,1,1,ユウユウプレゼンス,牝,5,54.0,436,-5,室陽一,横山保,,1,2:11.1,39.3,1-1-1-1,1,436,-5
2025/10/27,浦和,12,秋麗特別Ｃ３選抜馬イ,2000,ダ,左,重,晴,12,7,9,マイアイガー,牡,6,56.0,527,17,高橋哲,工藤伸,,2,2:11.6,39.4,7-7-2-2,6,527,17
2025/10/27,浦和,12,秋麗特別Ｃ３選抜馬イ,2000,ダ,左,重,晴,12,5,5,パルメニデス,牡,6,55.0,429,-6,及川烈,長谷忍,,3,2:12.9,39.0,10-9-9-7,7,429,-6
2025/10/27,浦和,12,秋麗特別Ｃ３選抜馬イ,2000,ダ,左,重,晴,12,6,7,シェナハート,牝,6,52.0,437,0,中島良,冨田敏,,4,2:13.2,40.9,6-6-6-5,10,437,0
2025/10/27,浦和,12,秋麗特別Ｃ３選抜馬イ,2000,ダ,左,重,晴,12,2,2,マーニク,牝,4,54.0,464,-3,櫻井光,長谷忍,,5,2:13.2,39.8,8-8-8-8,8,464,-3
2025/10/27,浦和,12,秋麗特別Ｃ３選抜馬イ,2000,ダ,左,重,晴,12,5,6,エムオースイート,牝,6,54.0,489,8,加藤和,酒井一,,6,2:13.5,41.4,3-3-4-4,2,489,8
2025/10/27,浦和,12,秋麗特別Ｃ３選抜馬イ,2000,ダ,左,重,晴,12,3,3,ナイトレインボー,牡,4,53.0,481,3,中山遥,酒井一,,7,2:13.6,41.3,5-5-5-6,9,481,3
2025/10/27,浦和,12,秋麗特別Ｃ３選抜馬イ,2000,ダ,左,重,晴,12,8,12,インベンション,牝,5,54.0,462,0,菅原涼,長谷忍,,8,2:14.6,42.8,2-2-3-3,3,462,0
2025/10/27,浦和,12,秋麗特別Ｃ３選抜馬イ,2000,ダ,左,重,晴,12,7,10,スプリングネージュ,牝,7,54.0,454,3,秋元耕,薮口一,,9,2:14.8,40.7,9-10-10-9,4,454,3
2025/10/27,浦和,12,秋麗特別Ｃ３選抜馬イ,2000,ダ,左,重,晴,12,8,11,シェナグローリー,牝,5,54.0,471,-3,國分祐,冨田敏,,10,2:16.2,40.7,11-11-11-11,11,471,-3
2025/10/27,浦和,12,秋麗特別Ｃ３選抜馬イ,2000,ダ,左,重,晴,12,4,4,サンボールダー,牝,6,54.0,477,-1,岡田大,薮口一,,11,2:17.3,44.7,4-4-7-10,5,477,-1
2025/10/27,浦和,12,秋麗特別Ｃ３選抜馬イ,2000,ダ,左,重,晴,12,6,8,ヤマブキ,牡,5,56.0,0,0,半澤慶,鹿沼和,,,,,,,0,0
2025/10/28,浦和,1,Ｃ３四,1500,ダ,左,重,晴,11,8,10,アンタゴニスタ,牡,6,56.0,492,7,藤江渉,工藤伸,,1,1:38.2,40.9,1-1-1-1,4,492,7
2025/10/28,浦和,1,Ｃ３四,1500,ダ,左,重,晴,11,5,5,ワイキキビーチ,セ,0,55.0,443,6,及川烈,鹿沼和,,2,1:38.4,40.8,2-2-2-2,7,443,6
2025/10/28,浦和,1,Ｃ３四,1500,ダ,左,重,晴,11,6,6,トワイライトドレス,牝,6,54.0,501,17,室陽一,宇野博,,3,1:38.4,40.3,4-4-3-3,5,501,17
2025/10/28,浦和,1,Ｃ３四,1500,ダ,左,重,晴,11,3,3,マルノアンナ,牝,6,51.0,457,5,中山遥,川村守,,4,1:38.6,40.3,5-5-6-4,2,457,5
2025/10/28,浦和,1,Ｃ３四,1500,ダ,左,重,晴,11,7,8,カバロプレト,牡,6,56.0,448,11,高橋哲,入口由,,5,1:38.6,40.3,9-9-5-5,8,448,11
2025/10/28,浦和,1,Ｃ３四,1500,ダ,左,重,晴,11,2,2,フルーツパフェ,牝,6,54.0,488,2,木間龍,齊藤敏,,6,1:38.7,40.2,8-8-8-7,3,488,2
2025/10/28,浦和,1,Ｃ３四,1500,ダ,左,重,晴,11,1,1,カラルナ,牝,5,54.0,469,-3,伊藤裕,林隆之,,7,1:38.7,39.9,11-10-10-9,11,469,-3
2025/10/28,浦和,1,Ｃ３四,1500,ダ,左,重,晴,11,4,4,トリニタリアニズム,牡,7,55.0,503,-3,佐野遥,野口孝,,8,1:38.8,40.5,7-6-7-8,6,503,-3
2025/10/28,浦和,1,Ｃ３四,1500,ダ,左,重,晴,11,7,9,タイシタモンダロ,牡,6,56.0,514,9,保園翔,川村守,,9,1:39.0,41.1,3-3-4-6,1,514,9
2025/10/28,浦和,1,Ｃ３四,1500,ダ,左,重,晴,11,6,7,シェナカレン,牡,5,56.0,459,-2,加藤和,冨田敏,,10,1:39.6,40.6,10-11-11-10,9,459,-2
2025/10/28,浦和,1,Ｃ３四,1500,ダ,左,重,晴,11,8,11,シェナリオン,牡,5,54.0,462,7,中島良,冨田敏,,11,1:40.0,41.4,6-7-9-11,10,462,7
2025/10/28,浦和,2,ランチタイムチャレンジＣ２五 六 七,1400,ダ,左,重,晴,12,4,4,モリオン,牝,3,54.0,427,-5,西啓太,藤原智,,1,1:28.8,37.8,5-5-3-3,1,427,-5
2025/10/28,浦和,2,ランチタイムチャレンジＣ２五 六 七,1400,ダ,左,重,晴,12,6,8,ラヴィーズドリーム,牝,3,54.0,481,13,福原杏,水野貴,,2,1:29.0,38.4,1-1-1-1,4,481,13
2025/10/28,浦和,2,ランチタイムチャレンジＣ２五 六 七,1400,ダ,左,重,晴,12,8,11,サヤヒメ,牝,3,54.0,495,25,野畑凌,小澤宏,,3,1:29.2,38.5,2-2-2-2,3,495,25
2025/10/28,浦和,2,ランチタイムチャレンジＣ２五 六 七,1400,ダ,左,重,晴,12,1,1,パレルモフレイバー,牝,6,54.0,453,1,町田直,繁田健,,4,1:29.7,38.4,7-7-6-4,5,453,1
2025/10/28,浦和,2,ランチタイムチャレンジＣ２五 六 七,1400,ダ,左,重,晴,12,6,7,アサンテギア,牝,7,51.0,420,0,中山遥,横山保,,5,1:30.3,38.7,12-12-10-8,7,420,0
2025/10/28,浦和,2,ランチタイムチャレンジＣ２五 六 七,1400,ダ,左,重,晴,12,2,2,ワンラヴ,牝,7,54.0,447,-3,秋元耕,薮口一,,6,1:30.4,38.8,11-11-9-6,8,447,-3
2025/10/28,浦和,2,ランチタイムチャレンジＣ２五 六 七,1400,ダ,左,重,晴,12,7,10,エムティラヴ,牝,3,51.0,433,0,加藤雄,古澤悟,,7,1:30.5,38.9,10-10-12-10,9,433,0
2025/10/28,浦和,2,ランチタイムチャレンジＣ２五 六 七,1400,ダ,左,重,晴,12,5,6,ファンタフェスタ,牝,4,52.0,462,7,ミシェ,平山真,,8,1:30.7,39.6,4-4-5-5,6,462,7
2025/10/28,浦和,2,ランチタイムチャレンジＣ２五 六 七,1400,ダ,左,重,晴,12,7,9,アンダラクリスタル,牝,4,54.0,478,-5,木間龍,酒井一,,9,1:30.8,39.7,6-6-4-7,11,478,-5
2025/10/28,浦和,2,ランチタイムチャレンジＣ２五 六 七,1400,ダ,左,重,晴,12,3,3,キアラボヌール,牝,4,51.0,413,-6,神尾香,田島寿,,10,1:30.9,39.3,8-9-11-11,10,413,-6
2025/10/28,浦和,2,ランチタイムチャレンジＣ２五 六 七,1400,ダ,左,重,晴,12,5,5,オーシンブーケ,牝,3,54.0,460,18,保園翔,小久智,,11,1:31.2,40.0,9-8-7-9,2,460,18
2025/10/28,浦和,2,ランチタイムチャレンジＣ２五 六 七,1400,ダ,左,重,晴,12,8,12,ユウユウアイリス,牝,4,54.0,462,5,高橋哲,酒井一,,12,1:32.7,41.6,3-3-8-12,12,462,5
2025/10/28,浦和,3,ドリームチャレンジ２歳新馬ア,800,ダ,左,重,晴,7,7,7,シェナノクインサー,牝,2,54.0,0,0,七夕裕,冨田敏,,1,0:48.5,35.7,1-1,1,0,0
2025/10/28,浦和,3,ドリームチャレンジ２歳新馬ア,800,ダ,左,重,晴,7,6,6,シンエンコゲツ,牝,2,54.0,0,0,木間龍,小久智,,2,0:49.3,36.4,3-3,3,0,0
2025/10/28,浦和,3,ドリームチャレンジ２歳新馬ア,800,ダ,左,重,晴,7,4,4,シナノクリスタル,牝,2,54.0,0,0,見越彬,鹿沼和,,3,0:50.0,37.2,2-2,2,0,0
2025/10/28,浦和,3,ドリームチャレンジ２歳新馬ア,800,ダ,左,重,晴,7,3,3,イビルアイ,牝,2,54.0,0,0,半澤慶,宇野博,,4,0:51.2,37.9,4-5,7,0,0
2025/10/28,浦和,3,ドリームチャレンジ２歳新馬ア,800,ダ,左,重,晴,7,5,5,スマイルセレブ,牝,2,51.0,0,0,中山遥,小林真,,5,0:51.2,37.9,5-6,4,0,0
2025/10/28,浦和,3,ドリームチャレンジ２歳新馬ア,800,ダ,左,重,晴,7,2,2,シュウスイミラクル,牝,2,54.0,0,0,室陽一,入口由,,6,0:51.5,38.2,6-4,5,0,0
2025/10/28,浦和,3,ドリームチャレンジ２歳新馬ア,800,ダ,左,重,晴,7,1,1,ヤマトマル,牡,2,55.0,0,0,福原杏,水野貴,,7,0:56.9,41.6,7-7,6,0,0
2025/10/28,浦和,4,Ｃ２五 六 七,1500,ダ,左,重,晴,12,7,10,アイビーガオー,牡,3,56.0,450,1,新原周,茂木浩,,1,1:35.0,37.6,5-5-3-3,1,450,1
2025/10/28,浦和,4,Ｃ２五 六 七,1500,ダ,左,重,晴,12,8,12,モコモコ,牝,3,54.0,437,-5,今野忠,安池成,,2,1:35.0,37.1,7-7-5-4,5,437,-5
2025/10/28,浦和,4,Ｃ２五 六 七,1500,ダ,左,重,晴,12,1,1,パワーオブザキング,セ,0,56.0,469,0,秋元耕,鹿沼和,,3,1:35.2,38.6,1-1-1-1,2,469,0
2025/10/28,浦和,4,Ｃ２五 六 七,1500,ダ,左,重,晴,12,6,7,ヘブリディーズ,牝,4,54.0,483,-3,増田充,古澤悟,,4,1:36.3,38.3,11-11-6-5,9,483,-3
2025/10/28,浦和,4,Ｃ２五 六 七,1500,ダ,左,重,晴,12,5,6,エムティリラ,牝,4,54.0,433,-4,福原杏,平山真,,5,1:36.4,39.5,2-2-2-2,3,433,-4
2025/10/28,浦和,4,Ｃ２五 六 七,1500,ダ,左,重,晴,12,7,9,アカネセイコー,牝,3,52.0,483,1,ミシェ,水野貴,,6,1:36.9,38.5,9-8-7-6,4,483,1
2025/10/28,浦和,4,Ｃ２五 六 七,1500,ダ,左,重,晴,12,4,4,コンバットスピカ,牝,3,54.0,468,11,七夕裕,工藤伸,,7,1:37.7,39.1,10-10-8-7,10,468,11
2025/10/28,浦和,4,Ｃ２五 六 七,1500,ダ,左,重,晴,12,2,2,エムオーアプローズ,牡,9,56.0,487,11,室陽一,川村守,,8,1:38.5,39.7,8-9-11-11,8,487,11
2025/10/28,浦和,4,Ｃ２五 六 七,1500,ダ,左,重,晴,12,3,3,ツガノムサシ,牡,3,56.0,461,-1,保園翔,長谷忍,,9,1:38.6,40.4,6-6-10-9,7,461,-1
2025/10/28,浦和,4,Ｃ２五 六 七,1500,ダ,左,重,晴,12,5,5,タマモコンペイトウ,牝,5,52.0,473,5,中島良,川島豊,,10,1:39.5,39.5,12-12-12-12,12,473,5
2025/10/28,浦和,4,Ｃ２五 六 七,1500,ダ,左,重,晴,12,6,8,サージュトリック,牡,3,55.0,456,0,及川烈,薮口一,,11,1:39.9,42.0,3-4-9-10,11,456,0
2025/10/28,浦和,4,Ｃ２五 六 七,1500,ダ,左,重,晴,12,8,11,フォガラ,牝,8,54.0,476,2,見越彬,小久智,,12,1:39.9,42.6,4-3-4-8,6,476,2
2025/10/28,浦和,5,Ｃ２五 六 七,1400,ダ,左,重,晴,12,8,11,ザビッグマン,牡,6,56.0,546,2,野畑凌,新井清,,1,1:29.5,39.6,3-3-3-2,3,546,2
2025/10/28,浦和,5,Ｃ２五 六 七,1400,ダ,左,重,晴,12,6,8,マチルダ,牝,4,54.0,479,27,山中悠,小久智,,2,1:29.5,40.2,1-1-1-1,2,479,27
2025/10/28,浦和,5,Ｃ２五 六 七,1400,ダ,左,重,晴,12,4,4,ヤマタケコーチャン,牡,6,56.0,445,0,福原杏,水野貴,,3,1:29.7,39.5,5-5-4-3,1,445,0
2025/10/28,浦和,5,Ｃ２五 六 七,1400,ダ,左,重,晴,12,8,12,メイショウベニバナ,牝,5,54.0,469,3,菅原涼,長谷忍,,4,1:29.8,39.6,4-4-5-4,7,469,3
2025/10/28,浦和,5,Ｃ２五 六 七,1400,ダ,左,重,晴,12,5,6,タイキレヴィン,牡,4,56.0,493,-8,増田充,武井和,,5,1:29.9,39.1,10-9-8-7,4,493,-8
2025/10/28,浦和,5,Ｃ２五 六 七,1400,ダ,左,重,晴,12,6,7,レターフロムパリ,牝,4,54.0,459,-5,櫻井光,新井健,,6,1:30.1,39.5,8-7-6-5,8,459,-5
2025/10/28,浦和,5,Ｃ２五 六 七,1400,ダ,左,重,晴,12,1,1,エスパノーラ,牝,3,54.0,475,-13,伊藤裕,古澤悟,,7,1:30.2,39.2,7-8-9-8,5,475,-13
2025/10/28,浦和,5,Ｃ２五 六 七,1400,ダ,左,重,晴,12,2,2,バズライトミラー,牡,3,55.0,462,6,佐野遥,高月賢,,8,1:30.3,39.1,9-10-10-11,6,462,6
2025/10/28,浦和,5,Ｃ２五 六 七,1400,ダ,左,重,晴,12,5,5,ラブルパイル,牡,5,56.0,471,-1,高橋哲,吉田正,,9,1:30.4,38.8,11-11-12-12,10,471,-1
2025/10/28,浦和,5,Ｃ２五 六 七,1400,ダ,左,重,晴,12,3,3,クロスダイヤ,牡,3,53.0,483,-4,神尾香,岩本洋,,10,1:30.5,38.7,12-12-11-10,12,483,-4
2025/10/28,浦和,5,Ｃ２五 六 七,1400,ダ,左,重,晴,12,7,9,コングラツィア,牝,9,54.0,434,-14,岡田大,鹿沼和,,11,1:31.0,40.4,6-6-7-6,11,434,-14
2025/10/28,浦和,5,Ｃ２五 六 七,1400,ダ,左,重,晴,12,7,10,シャイニーアイドル,牝,4,51.0,473,-4,中山遥,藤原智,,12,1:32.2,42.9,2-2-2-9,9,473,-4
2025/10/28,浦和,6,Ｊ認 新鋭特別２歳一,1400,ダ,左,重,晴,9,8,8,ブラックエックス,牡,2,55.0,510,11,西啓太,鹿沼和,,1,1:27.8,37.4,3-3-3-1,2,510,11
2025/10/28,浦和,6,Ｊ認 新鋭特別２歳一,1400,ダ,左,重,晴,9,4,4,クリムゾンプリンス,牡,2,56.0,451,-7,野畑凌,甲田悟,,2,1:28.4,38.0,2-2-1-2,1,451,-7
2025/10/28,浦和,6,Ｊ認 新鋭特別２歳一,1400,ダ,左,重,晴,9,7,7,モコパンチ,牡,2,55.0,460,-7,木間龍,矢野義,,3,1:28.5,37.9,8-7-4-3,4,460,-7
2025/10/28,浦和,6,Ｊ認 新鋭特別２歳一,1400,ダ,左,重,晴,9,5,5,ルトネール,牝,2,54.0,459,6,町田直,佐藤博,,4,1:28.6,37.3,9-9-8-6,5,459,6
2025/10/28,浦和,6,Ｊ認 新鋭特別２歳一,1400,ダ,左,重,晴,9,6,6,キイチヘリオス,牡,2,55.0,473,-4,新原周,鈴木義,,5,1:29.1,38.4,5-4-5-5,9,473,-4
2025/10/28,浦和,6,Ｊ認 新鋭特別２歳一,1400,ダ,左,重,晴,9,3,3,ケンベテルギウス,牡,2,56.0,452,-2,藤本現,繁田健,,6,1:29.3,38.4,4-5-6-7,6,452,-2
2025/10/28,浦和,6,Ｊ認 新鋭特別２歳一,1400,ダ,左,重,晴,9,1,1,タフコール,牡,2,55.0,472,4,山中悠,小久智,,7,1:29.4,39.1,1-1-2-4,3,472,4
2025/10/28,浦和,6,Ｊ認 新鋭特別２歳一,1400,ダ,左,重,晴,9,2,2,トリル,牡,2,53.0,431,-1,ミシェ,山崎尋,,8,1:30.7,39.2,7-8-9-9,8,431,-1
2025/10/28,浦和,6,Ｊ認 新鋭特別２歳一,1400,ダ,左,重,晴,9,8,9,エンペラーウェザー,牡,2,53.0,445,5,中島良,平山真,,9,1:31.2,40.3,6-6-7-8,7,445,5
2025/10/28,浦和,7,特選Ｃ１選抜牝馬,1400,ダ,左,重,晴,12,5,5,ファストワン,牝,3,54.5,468,-8,御神訓,藤原智,,1,1:27.2,38.2,1-1-1-1,2,468,-8
2025/10/28,浦和,7,特選Ｃ１選抜牝馬,1400,ダ,左,重,晴,12,2,2,ダノンレーニア,牝,4,54.5,443,6,本橋孝,小久智,,2,1:27.6,38.3,2-2-2-2,1,443,6
2025/10/28,浦和,7,特選Ｃ１選抜牝馬,1400,ダ,左,重,晴,12,5,6,ローズパイ,牝,5,54.5,469,-4,笠野雄,岩崎真,,3,1:28.4,38.8,4-4-3-3,3,469,-4
2025/10/28,浦和,7,特選Ｃ１選抜牝馬,1400,ダ,左,重,晴,12,1,1,ラグーンプリンセス,牝,4,54.0,465,6,藤本現,箕輪武,,4,1:28.4,37.8,8-7-7-4,12,465,6
2025/10/28,浦和,7,特選Ｃ１選抜牝馬,1400,ダ,左,重,晴,12,4,4,ナーヴィスゼータ,牝,3,55.0,487,-1,保園翔,宇野博,,5,1:29.0,37.7,10-11-10-6,7,487,-1
2025/10/28,浦和,7,特選Ｃ１選抜牝馬,1400,ダ,左,重,晴,12,8,11,スナオナキモチ,牝,5,52.0,430,3,神尾香,山田質,,6,1:29.2,37.9,9-10-11-11,8,430,3
2025/10/28,浦和,7,特選Ｃ１選抜牝馬,1400,ダ,左,重,晴,12,7,9,ルボートン,牝,4,54.0,453,3,野畑凌,伊藤滋,,7,1:29.4,38.3,12-12-8-9,6,453,3
2025/10/28,浦和,7,特選Ｃ１選抜牝馬,1400,ダ,左,重,晴,12,3,3,パラソーレ,牝,3,52.0,454,-2,ミシェ,水野貴,,8,1:29.7,39.7,6-6-4-5,4,454,-2
2025/10/28,浦和,7,特選Ｃ１選抜牝馬,1400,ダ,左,重,晴,12,6,8,ライヴガーネット,牝,6,55.0,476,4,木間龍,工藤伸,,9,1:30.2,40.3,5-5-6-7,9,476,4
2025/10/28,浦和,7,特選Ｃ１選抜牝馬,1400,ダ,左,重,晴,12,7,10,ロシュニ,牝,3,51.5,373,-17,中山遥,大津剛,,10,1:30.5,39.7,7-8-9-10,10,373,-17
2025/10/28,浦和,7,特選Ｃ１選抜牝馬,1400,ダ,左,重,晴,12,6,7,リワードマーリン,牝,4,54.5,492,17,室陽一,宇野博,,11,1:30.5,40.8,3-3-5-8,5,492,17
2025/10/28,浦和,7,特選Ｃ１選抜牝馬,1400,ダ,左,重,晴,12,8,12,キガン,牝,5,55.0,450,4,秋元耕,酒井一,,12,1:31.7,40.5,11-9-12-12,11,450,4
2025/10/28,浦和,8,ＨＢＡ日高軽種馬農業協同組合賞Ｂ３三,1500,ダ,左,重,晴,11,7,9,ライヴマスタード,牡,5,56.0,544,-1,七夕裕,工藤伸,,1,1:34.3,37.7,6-6-6-5,1,544,-1
2025/10/28,浦和,8,ＨＢＡ日高軽種馬農業協同組合賞Ｂ３三,1500,ダ,左,重,晴,11,5,5,ダイヤモンドビーチ,牡,5,56.0,467,6,御神訓,宇野博,,2,1:34.3,37.9,5-5-5-4,6,467,6
2025/10/28,浦和,8,ＨＢＡ日高軽種馬農業協同組合賞Ｂ３三,1500,ダ,左,重,晴,11,4,4,シトラスフレイバー,牡,3,56.0,446,-4,町田直,繁田健,,3,1:34.4,38.4,1-1-1-1,3,446,-4
2025/10/28,浦和,8,ＨＢＡ日高軽種馬農業協同組合賞Ｂ３三,1500,ダ,左,重,晴,11,8,11,ルーラーオブダート,牡,4,56.0,459,6,保園翔,川島一,,4,1:34.4,38.4,2-2-2-2,5,459,6
2025/10/28,浦和,8,ＨＢＡ日高軽種馬農業協同組合賞Ｂ３三,1500,ダ,左,重,晴,11,1,1,ツェルニー,牝,4,54.0,455,-5,見越彬,鹿沼和,,5,1:34.5,38.3,3-3-4-3,2,455,-5
2025/10/28,浦和,8,ＨＢＡ日高軽種馬農業協同組合賞Ｂ３三,1500,ダ,左,重,晴,11,8,10,ダイバオーソ,牡,7,56.0,473,4,藤江渉,箕輪武,,6,1:35.0,38.0,8-8-9-9,8,473,4
2025/10/28,浦和,8,ＨＢＡ日高軽種馬農業協同組合賞Ｂ３三,1500,ダ,左,重,晴,11,7,8,プローラーティオー,牡,3,56.0,511,-11,本橋孝,小久智,,7,1:35.2,39.0,4-4-3-6,4,511,-11
2025/10/28,浦和,8,ＨＢＡ日高軽種馬農業協同組合賞Ｂ３三,1500,ダ,左,重,晴,11,6,7,ジェットブレイク,牡,4,56.0,505,12,新原周,小久智,,8,1:35.5,38.5,10-10-7-7,10,505,12
2025/10/28,浦和,8,ＨＢＡ日高軽種馬農業協同組合賞Ｂ３三,1500,ダ,左,重,晴,11,6,6,ナイスカプチーノ,牡,4,55.0,471,-4,鷹見陸,内田勝,,9,1:35.7,38.3,9-9-10-10,7,471,-4
2025/10/28,浦和,8,ＨＢＡ日高軽種馬農業協同組合賞Ｂ３三,1500,ダ,左,重,晴,11,2,2,エスジースパークル,牝,5,54.0,468,7,張田昂,田島寿,,10,1:35.9,39.1,7-7-8-8,9,468,7
2025/10/28,浦和,8,ＨＢＡ日高軽種馬農業協同組合賞Ｂ３三,1500,ダ,左,重,晴,11,3,3,エスプリゴンザレス,牡,5,55.0,0,0,佐野遥,久保秀,,,,,,,0,0
2025/10/28,浦和,9,さそり座特別Ｃ２一,1400,ダ,左,重,晴,13,7,11,ダイヤクリスタル,牝,4,54.0,421,0,加藤和,入口由,,1,1:28.1,39.2,5-5-3-3,9,421,0
2025/10/28,浦和,9,さそり座特別Ｃ２一,1400,ダ,左,重,晴,13,8,12,ガロス,牡,3,56.0,468,0,秋元耕,小澤宏,,2,1:28.5,40.6,3-3-2-2,2,468,0
2025/10/28,浦和,9,さそり座特別Ｃ２一,1400,ダ,左,重,晴,13,2,2,アラビアンレイン,牡,5,56.0,535,-1,福原杏,水野貴,,3,1:28.5,40.6,2-2-1-1,1,535,-1
2025/10/28,浦和,9,さそり座特別Ｃ２一,1400,ダ,左,重,晴,13,3,3,ダイバヤタガラス,セ,0,56.0,460,1,赤津和,箕輪武,,4,1:28.6,39.3,8-8-8-6,3,460,1
2025/10/28,浦和,9,さそり座特別Ｃ２一,1400,ダ,左,重,晴,13,5,6,ラグーンリバティ,牝,3,54.0,436,2,山中悠,箕輪武,,5,1:28.6,39.5,4-4-5-4,12,436,2
2025/10/28,浦和,9,さそり座特別Ｃ２一,1400,ダ,左,重,晴,13,8,13,ハクシンドラゴン,セ,0,56.0,451,9,櫻井光,平山真,,6,1:28.6,39.4,7-6-6-5,5,451,9
2025/10/28,浦和,9,さそり座特別Ｃ２一,1400,ダ,左,重,晴,13,5,7,フィードウィン,セ,0,54.0,450,-2,ミシェ,山崎尋,,7,1:29.2,38.7,11-11-11-8,6,450,-2
2025/10/28,浦和,9,さそり座特別Ｃ２一,1400,ダ,左,重,晴,13,7,10,スコメッサ,セ,0,53.0,458,-3,加藤雄,山崎裕,,8,1:29.3,40.1,6-7-7-7,11,458,-3
2025/10/28,浦和,9,さそり座特別Ｃ２一,1400,ダ,左,重,晴,13,1,1,ワンダーリーグ,牡,3,56.0,513,11,高橋哲,鈴木勝,,9,1:29.4,38.1,13-13-13-12,8,513,11
2025/10/28,浦和,9,さそり座特別Ｃ２一,1400,ダ,左,重,晴,13,4,5,シバノエスコドール,セ,0,56.0,482,6,室陽一,宇野博,,10,1:29.4,38.3,12-12-12-11,10,482,6
2025/10/28,浦和,9,さそり座特別Ｃ２一,1400,ダ,左,重,晴,13,4,4,ヒシルリアン,牡,5,56.0,500,9,岡田大,川島豊,,11,1:29.6,39.9,10-10-10-9,13,500,9
2025/10/28,浦和,9,さそり座特別Ｃ２一,1400,ダ,左,重,晴,13,6,9,ロトカグラ,牡,4,56.0,482,1,七夕裕,工藤伸,,12,1:29.8,40.1,9-9-9-10,7,482,1
2025/10/28,浦和,9,さそり座特別Ｃ２一,1400,ダ,左,重,晴,13,6,8,イットウショウグウ,牝,3,51.0,441,-3,中山遥,水上直,,13,1:34.8,46.5,1-1-4-13,4,441,-3
2025/10/28,浦和,10,秋風特別Ｃ１選抜馬ア,800,ダ,左,重,晴,12,5,5,ディーズメイト,牝,5,54.0,488,-9,本橋孝,高月賢,,1,0:47.0,34.7,2-1,2,488,-9
2025/10/28,浦和,10,秋風特別Ｃ１選抜馬ア,800,ダ,左,重,晴,12,4,4,モーニングタンポポ,牝,3,54.0,426,2,福原杏,箕輪武,,2,0:47.1,34.8,3-2,8,426,2
2025/10/28,浦和,10,秋風特別Ｃ１選抜馬ア,800,ダ,左,重,晴,12,3,3,リブートパワー,牡,4,56.0,475,15,加藤和,薮口一,,3,0:47.5,35.0,6-5,5,475,15
2025/10/28,浦和,10,秋風特別Ｃ１選抜馬ア,800,ダ,左,重,晴,12,6,8,ザゴリ,牝,3,54.0,415,2,藤江渉,山田質,,4,0:47.8,35.1,7-7,7,415,2
2025/10/28,浦和,10,秋風特別Ｃ１選抜馬ア,800,ダ,左,重,晴,12,2,2,クインズハッピー,牝,6,54.0,452,4,七夕裕,小林真,,5,0:47.8,35.4,4-4,1,452,4
2025/10/28,浦和,10,秋風特別Ｃ１選抜馬ア,800,ダ,左,重,晴,12,1,1,ツツウラウラ,牡,3,56.0,467,2,西啓太,野口寛,,6,0:47.9,35.2,8-8,3,467,2
2025/10/28,浦和,10,秋風特別Ｃ１選抜馬ア,800,ダ,左,重,晴,12,7,10,アイアムカチマショ,牝,5,54.0,494,2,見越彬,川島豊,,7,0:48.3,35.9,5-6,6,494,2
2025/10/28,浦和,10,秋風特別Ｃ１選抜馬ア,800,ダ,左,重,晴,12,8,12,ミスサン,牝,4,54.0,445,-7,野畑凌,佐藤博,,8,0:48.4,36.1,1-3,4,445,-7
2025/10/28,浦和,10,秋風特別Ｃ１選抜馬ア,800,ダ,左,重,晴,12,8,11,シェナブライト,牡,7,56.0,523,-6,高橋哲,吉田正,,9,0:48.5,35.5,9-10,10,523,-6
2025/10/28,浦和,10,秋風特別Ｃ１選抜馬ア,800,ダ,左,重,晴,12,7,9,ビビットピンク,牝,4,54.0,476,-2,池谷匠,茂木浩,,10,0:48.5,35.2,11-9,11,476,-2
2025/10/28,浦和,10,秋風特別Ｃ１選抜馬ア,800,ダ,左,重,晴,12,6,7,セイウンサニー,牝,4,54.0,458,3,國分祐,冨田敏,,11,0:49.0,35.8,10-11,12,458,3
2025/10/28,浦和,10,秋風特別Ｃ１選抜馬ア,800,ダ,左,重,晴,12,5,6,ファセリア,牡,4,53.0,494,-2,中山遥,横山保,,12,0:49.6,35.7,12-12,9,494,-2
2025/10/28,浦和,11,Ｊ交 ’２５　ミズナラ賞Ａ２Ｂ１選抜馬,1400,ダ,左,重,晴,10,2,2,エリンアキレウス,牡,5,57.0,551,9,菊澤一,伊藤伸,,1,1:25.8,37.0,8-6-4-3,8,551,9
2025/10/28,浦和,11,Ｊ交 ’２５　ミズナラ賞Ａ２Ｂ１選抜馬,1400,ダ,左,重,晴,10,4,4,ヒビキ,牡,5,57.0,495,0,西啓太,繁田健,,2,1:26.6,38.3,4-3-3-4,1,495,0
2025/10/28,浦和,11,Ｊ交 ’２５　ミズナラ賞Ａ２Ｂ１選抜馬,1400,ダ,左,重,晴,10,6,6,ファイントパーズ,牝,4,55.0,479,-1,張田昂,鈴木伸,,3,1:26.9,38.9,3-2-2-2,5,479,-1
2025/10/28,浦和,11,Ｊ交 ’２５　ミズナラ賞Ａ２Ｂ１選抜馬,1400,ダ,左,重,晴,10,1,1,ダヴァンティ,牝,4,53.0,489,-1,御神訓,小久智,,4,1:27.1,39.3,1-1-1-1,2,489,-1
2025/10/28,浦和,11,Ｊ交 ’２５　ミズナラ賞Ａ２Ｂ１選抜馬,1400,ダ,左,重,晴,10,3,3,ルミッキ,牝,4,55.0,468,4,福原杏,橋口慎,,5,1:27.4,38.1,6-8-6-5,4,468,4
2025/10/28,浦和,11,Ｊ交 ’２５　ミズナラ賞Ａ２Ｂ１選抜馬,1400,ダ,左,重,晴,10,8,9,ウォーターハウス,セ,0,57.0,468,-4,町田直,井上智,,6,1:28.1,38.6,9-9-8-7,6,468,-4
2025/10/28,浦和,11,Ｊ交 ’２５　ミズナラ賞Ａ２Ｂ１選抜馬,1400,ダ,左,重,晴,10,7,7,ブルーノート,牡,6,57.0,499,-3,ミシェ,梅田智,,7,1:29.1,40.3,7-5-5-6,7,499,-3
2025/10/28,浦和,11,Ｊ交 ’２５　ミズナラ賞Ａ２Ｂ１選抜馬,1400,ダ,左,重,晴,10,8,10,プリモジョーカー,牝,8,53.0,479,-1,池谷匠,内田勝,,8,1:29.2,39.5,10-10-9-8,10,479,-1
2025/10/28,浦和,11,Ｊ交 ’２５　ミズナラ賞Ａ２Ｂ１選抜馬,1400,ダ,左,重,晴,10,7,8,ディオスバリエンテ,セ,0,57.0,476,-4,野畑凌,小久智,,9,1:30.2,41.0,5-7-7-9,3,476,-4
2025/10/28,浦和,11,Ｊ交 ’２５　ミズナラ賞Ａ２Ｂ１選抜馬,1400,ダ,左,重,晴,10,5,5,トレブランシュ,牝,5,55.0,447,13,原優介,伊藤伸,,10,1:35.3,46.1,2-4-10-10,9,447,13
2025/10/28,浦和,12,夕焼け特別Ｂ２Ｂ３選抜馬,2000,ダ,左,重,晴,12,8,12,アドマイヤエイジア,牡,4,57.0,537,-4,野畑凌,坂井英,,1,2:08.9,38.8,4-4-2-1,2,537,-4
2025/10/28,浦和,12,夕焼け特別Ｂ２Ｂ３選抜馬,2000,ダ,左,重,晴,12,4,4,ラブアンドハピネス,牝,4,55.0,446,2,半澤慶,平山真,,2,2:09.1,38.7,7-7-3-3,1,446,2
2025/10/28,浦和,12,夕焼け特別Ｂ２Ｂ３選抜馬,2000,ダ,左,重,晴,12,5,6,エレノーラ,牝,4,55.0,495,16,山中悠,平田正,,3,2:09.8,39.7,2-2-1-2,8,495,16
2025/10/28,浦和,12,夕焼け特別Ｂ２Ｂ３選抜馬,2000,ダ,左,重,晴,12,6,7,イエヴァンポルッカ,牡,6,55.0,526,7,赤津和,宇野博,,4,2:09.8,39.1,12-9-6-4,12,526,7
2025/10/28,浦和,12,夕焼け特別Ｂ２Ｂ３選抜馬,2000,ダ,左,重,晴,12,7,9,シャンボール,牡,5,57.0,477,-7,藤本現,高野毅,,5,2:10.4,39.4,8-8-9-6,4,477,-7
2025/10/28,浦和,12,夕焼け特別Ｂ２Ｂ３選抜馬,2000,ダ,左,重,晴,12,7,10,メイショウクラーク,セ,0,55.0,448,2,御神訓,宇野博,,6,2:10.5,39.2,9-10-11-10,5,448,2
2025/10/28,浦和,12,夕焼け特別Ｂ２Ｂ３選抜馬,2000,ダ,左,重,晴,12,6,8,ヴィブエアー,牡,6,57.0,492,-2,町田直,内田勝,,7,2:10.6,39.9,5-5-7-7,7,492,-2
2025/10/28,浦和,12,夕焼け特別Ｂ２Ｂ３選抜馬,2000,ダ,左,重,晴,12,5,5,ディープグラビティ,セ,0,55.0,446,-6,増田充,長友豊,,8,2:10.8,39.6,10-11-10-11,11,446,-6
2025/10/28,浦和,12,夕焼け特別Ｂ２Ｂ３選抜馬,2000,ダ,左,重,晴,12,8,11,ピノマハナ,牡,3,57.0,493,3,張田昂,野口孝,,9,2:11.0,40.4,6-6-5-5,3,493,3
2025/10/28,浦和,12,夕焼け特別Ｂ２Ｂ３選抜馬,2000,ダ,左,重,晴,12,1,1,セクシーコマンドー,牡,5,55.0,470,-5,保園翔,小久智,,10,2:11.9,41.8,1-1-4-8,9,470,-5
2025/10/28,浦和,12,夕焼け特別Ｂ２Ｂ３選抜馬,2000,ダ,左,重,晴,12,2,2,ビリーヴィン,牡,5,52.0,503,-2,中山遥,藤原智,,11,2:12.1,41.4,3-3-8-9,6,503,-2
2025/10/28,浦和,12,夕焼け特別Ｂ２Ｂ３選抜馬,2000,ダ,左,重,晴,12,3,3,ハチャトリアン,牡,4,55.0,490,-3,櫻井光,平山真,,12,2:12.5,40.8,11-12-12-12,10,490,-3
2025/10/29,浦和,1,浦和８００ラウンド３歳未格付選抜馬,800,ダ,左,稍重,晴,12,7,10,キャストライトオン,牝,3,54.0,456,-2,福原杏,水野貴,,1,0:47.4,35.1,1-1,2,456,-2
2025/10/29,浦和,1,浦和８００ラウンド３歳未格付選抜馬,800,ダ,左,稍重,晴,12,6,7,ラインフェルネ,牝,3,54.0,446,-16,七夕裕,野口孝,,2,0:48.6,35.6,5-4,6,446,-16
2025/10/29,浦和,1,浦和８００ラウンド３歳未格付選抜馬,800,ダ,左,稍重,晴,12,8,11,ミラクルキッス,牡,3,56.0,494,9,笠野雄,海馬司,,3,0:48.7,35.8,4-3,5,494,9
2025/10/29,浦和,1,浦和８００ラウンド３歳未格付選抜馬,800,ダ,左,稍重,晴,12,1,1,リンテンリュウ,牝,3,54.0,499,3,野畑凌,鈴木義,,4,0:48.8,36.1,2-2,1,499,3
2025/10/29,浦和,1,浦和８００ラウンド３歳未格付選抜馬,800,ダ,左,稍重,晴,12,6,8,スピークオブデビル,牝,3,54.0,508,-19,菅原涼,長谷忍,,5,0:49.1,36.1,6-6,9,508,-19
2025/10/29,浦和,1,浦和８００ラウンド３歳未格付選抜馬,800,ダ,左,稍重,晴,12,2,2,モーイーワヒネ,牝,3,54.0,457,9,山中悠,宇野博,,6,0:49.2,36.0,7-7,4,457,9
2025/10/29,浦和,1,浦和８００ラウンド３歳未格付選抜馬,800,ダ,左,稍重,晴,12,4,4,リーヴルパラダイス,牝,3,52.0,413,-3,ミシェ,田中力,,7,0:49.6,35.5,9-9,7,413,-3
2025/10/29,浦和,1,浦和８００ラウンド３歳未格付選抜馬,800,ダ,左,稍重,晴,12,7,9,ミリオンヒット,牝,3,54.0,415,-4,篠谷葵,鹿沼和,,8,0:49.6,36.9,3-5,3,415,-4
2025/10/29,浦和,1,浦和８００ラウンド３歳未格付選抜馬,800,ダ,左,稍重,晴,12,5,6,キーチパーヘチュア,牡,3,56.0,405,2,秋元耕,田邊陽,,9,0:49.6,36.1,8-8,10,405,2
2025/10/29,浦和,1,浦和８００ラウンド３歳未格付選抜馬,800,ダ,左,稍重,晴,12,5,5,オーグファルコン,牡,3,56.0,497,26,加藤和,薮口一,,10,0:52.8,38.7,10-10,11,497,26
2025/10/29,浦和,1,浦和８００ラウンド３歳未格付選抜馬,800,ダ,左,稍重,晴,12,3,3,フリューゲルヒスイ,牡,3,56.0,469,-1,見越彬,水上直,,11,0:53.6,39.5,11-11,8,469,-1
2025/10/29,浦和,1,浦和８００ラウンド３歳未格付選抜馬,800,ダ,左,稍重,晴,12,8,12,ダイメイナガス,牝,3,54.0,0,0,張田昂,野口孝,,,,,,,0,0
2025/10/29,浦和,2,ランチタイムチャレンジＣ３三,1400,ダ,左,稍重,晴,12,8,11,ツーエムタイガー,牡,7,56.0,461,0,山中悠,佐々清,,1,1:30.6,38.6,3-3-1-1,2,461,0
2025/10/29,浦和,2,ランチタイムチャレンジＣ３三,1400,ダ,左,稍重,晴,12,1,1,ピノモラーン,牡,7,55.0,485,-3,佐野遥,野口孝,,2,1:31.6,39.4,10-10-4-4,5,485,-3
2025/10/29,浦和,2,ランチタイムチャレンジＣ３三,1400,ダ,左,稍重,晴,12,7,10,ステンノー,牝,5,54.0,487,13,見越彬,小林真,,3,1:31.7,39.7,2-2-3-2,9,487,13
2025/10/29,浦和,2,ランチタイムチャレンジＣ３三,1400,ダ,左,稍重,晴,12,2,2,トノカンショウ,牡,7,56.0,540,-3,秋元耕,薮口一,,4,1:31.7,39.3,9-9-7-7,10,540,-3
2025/10/29,浦和,2,ランチタイムチャレンジＣ３三,1400,ダ,左,稍重,晴,12,5,5,ゴールドフレイバー,牝,7,54.0,463,-6,新原周,吉橋淳,,5,1:31.9,39.5,7-7-10-8,8,463,-6
2025/10/29,浦和,2,ランチタイムチャレンジＣ３三,1400,ダ,左,稍重,晴,12,8,12,サンライズテソロ,牡,7,56.0,479,-3,半澤慶,川島豊,,6,1:31.9,39.7,5-6-5-6,4,479,-3
2025/10/29,浦和,2,ランチタイムチャレンジＣ３三,1400,ダ,左,稍重,晴,12,3,3,ビギニングドリーム,牝,7,54.0,428,-1,櫻井光,八木喜,,7,1:31.9,39.7,4-4-6-5,6,428,-1
2025/10/29,浦和,2,ランチタイムチャレンジＣ３三,1400,ダ,左,稍重,晴,12,4,4,オンネア,牝,4,51.0,467,11,中山遥,入口由,,8,1:32.4,40.4,1-1-2-3,7,467,11
2025/10/29,浦和,2,ランチタイムチャレンジＣ３三,1400,ダ,左,稍重,晴,12,7,9,ロデオフリップ,牝,5,54.0,437,7,藤江渉,武井和,,9,1:32.6,39.8,11-11-12-12,12,437,7
2025/10/29,浦和,2,ランチタイムチャレンジＣ３三,1400,ダ,左,稍重,晴,12,6,8,クラダイリン,牝,5,54.0,529,-1,篠谷葵,長谷忍,,10,1:32.6,39.8,12-12-11-11,11,529,-1
2025/10/29,浦和,2,ランチタイムチャレンジＣ３三,1400,ダ,左,稍重,晴,12,5,6,メガミリオン,牡,7,56.0,473,-3,池谷匠,田島寿,,11,1:32.6,40.3,6-5-8-9,1,473,-3
2025/10/29,浦和,2,ランチタイムチャレンジＣ３三,1400,ダ,左,稍重,晴,12,6,7,シダデカサドール,牡,7,56.0,501,-6,笹川翼,林隆之,,12,1:32.6,40.2,8-8-9-10,3,501,-6
2025/10/29,浦和,3,２歳三,1400,ダ,左,稍重,晴,12,2,2,トゥナシ,牝,2,54.0,463,-2,笹川翼,小久智,,1,1:31.5,40.5,1-1-1-1,1,463,-2
2025/10/29,浦和,3,２歳三,1400,ダ,左,稍重,晴,12,3,3,サモアノカイジン,牡,2,55.0,500,7,笠野雄,平山真,,2,1:32.0,40.8,4-6-5-2,4,500,7
2025/10/29,浦和,3,２歳三,1400,ダ,左,稍重,晴,12,5,5,ツウカイミッキー,牝,2,54.0,406,11,七夕裕,工藤伸,,3,1:32.5,40.9,6-7-7-5,6,406,11
2025/10/29,浦和,3,２歳三,1400,ダ,左,稍重,晴,12,4,4,チャーミングウェイ,牝,2,54.0,391,-2,町田直,入口由,,4,1:32.8,41.6,3-3-4-4,3,391,-2
2025/10/29,浦和,3,２歳三,1400,ダ,左,稍重,晴,12,6,8,ジュンシリ,牝,2,54.0,442,4,室陽一,小久智,,5,1:33.2,42.2,2-2-2-3,5,442,4
2025/10/29,浦和,3,２歳三,1400,ダ,左,稍重,晴,12,1,1,オーデンサフィー,牝,2,54.0,429,24,秋元耕,小澤宏,,6,1:34.0,41.6,10-10-10-7,9,429,24
2025/10/29,浦和,3,２歳三,1400,ダ,左,稍重,晴,12,5,6,スターバロン,牡,2,55.0,430,7,福原杏,小澤宏,,7,1:34.6,42.8,7-8-8-8,7,430,7
2025/10/29,浦和,3,２歳三,1400,ダ,左,稍重,晴,12,8,12,ドナエポナ,牝,2,54.0,426,-3,御神訓,齊藤敏,,8,1:34.9,43.7,8-5-3-6,2,426,-3
2025/10/29,浦和,3,２歳三,1400,ダ,左,稍重,晴,12,6,7,パワーマジック,牡,2,55.0,484,5,高橋哲,入口由,,9,1:34.9,43.7,5-4-6-9,8,484,5
2025/10/29,浦和,3,２歳三,1400,ダ,左,稍重,晴,12,8,11,オーデンシェル,牝,2,54.0,388,7,赤津和,薮口一,,10,1:35.1,43.2,9-9-9-10,10,388,7
2025/10/29,浦和,3,２歳三,1400,ダ,左,稍重,晴,12,7,9,オパールグリーン,牝,2,52.0,405,0,中島良,川村守,,,,,,,405,0
2025/10/29,浦和,3,２歳三,1400,ダ,左,稍重,晴,12,7,10,キンパツビジン,牝,2,54.0,434,6,本橋孝,野口寛,,,,,,,434,6
2025/10/29,浦和,4,２歳二,1400,ダ,左,稍重,晴,9,4,4,グルーヴィン,牡,2,55.0,421,3,本橋孝,小久智,,1,1:29.6,37.6,4-5-4-2,1,421,3
2025/10/29,浦和,4,２歳二,1400,ダ,左,稍重,晴,9,6,6,マッスル,牡,2,55.0,485,0,笹川翼,繁田健,,2,1:29.8,37.8,3-3-3-3,2,485,0
2025/10/29,浦和,4,２歳二,1400,ダ,左,稍重,晴,9,3,3,アースファング,牡,2,55.0,471,8,七夕裕,箕輪武,,3,1:29.9,37.9,1-1-1-1,3,471,8
2025/10/29,浦和,4,２歳二,1400,ダ,左,稍重,晴,9,1,1,バルカニクス,牡,2,55.0,499,19,本田重,野口寛,,4,1:30.9,38.5,5-4-5-5,5,499,19
2025/10/29,浦和,4,２歳二,1400,ダ,左,稍重,晴,9,7,7,カラフルロケット,牝,2,54.0,405,4,西啓太,藤原智,,5,1:31.1,38.3,6-6-7-7,7,405,4
2025/10/29,浦和,4,２歳二,1400,ダ,左,稍重,晴,9,2,2,スターハル,牝,2,54.0,403,-3,保園翔,小澤宏,,6,1:31.2,38.4,8-7-6-6,8,403,-3
2025/10/29,浦和,4,２歳二,1400,ダ,左,稍重,晴,9,8,8,ピーチピーチ,牝,2,54.0,477,-1,福原杏,平山真,,7,1:31.3,37.9,9-9-8-8,6,477,-1
2025/10/29,浦和,4,２歳二,1400,ダ,左,稍重,晴,9,8,9,モンゲータイム,牡,2,55.0,502,-8,野畑凌,鈴木義,,8,1:31.9,39.9,2-2-2-4,4,502,-8
2025/10/29,浦和,4,２歳二,1400,ダ,左,稍重,晴,9,5,5,オソレイユ,牡,2,55.0,415,-3,新原周,野口孝,,9,1:31.9,38.7,7-8-9-9,9,415,-3
2025/10/29,浦和,5,Ｃ２八 九,1400,ダ,左,稍重,晴,12,4,4,アイファーシャドー,牡,3,54.0,457,-3,ミシェ,佐々功,,1,1:29.5,38.7,10-10-5-5,1,457,-3
2025/10/29,浦和,5,Ｃ２八 九,1400,ダ,左,稍重,晴,12,6,8,ミュークフォルテ,牡,3,53.0,492,-5,加藤雄,山崎尋,,2,1:29.5,38.7,4-4-6-6,9,492,-5
2025/10/29,浦和,5,Ｃ２八 九,1400,ダ,左,稍重,晴,12,2,2,フラッシュタイム,牡,3,55.0,547,33,及川烈,吉田正,,3,1:29.7,39.0,11-9-4-1,5,547,33
2025/10/29,浦和,5,Ｃ２八 九,1400,ダ,左,稍重,晴,12,8,11,イサチルカムカム,牡,3,56.0,435,8,張田昂,宇野博,,4,1:30.2,39.7,8-7-2-3,3,435,8
2025/10/29,浦和,5,Ｃ２八 九,1400,ダ,左,稍重,晴,12,1,1,シンキングモヒート,牡,4,56.0,464,4,室陽一,宇野博,,5,1:30.5,39.2,6-6-9-8,4,464,4
2025/10/29,浦和,5,Ｃ２八 九,1400,ダ,左,稍重,晴,12,7,10,メグ,牝,5,54.0,467,-11,見越彬,鹿沼和,,6,1:30.5,39.4,7-8-8-7,8,467,-11
2025/10/29,浦和,5,Ｃ２八 九,1400,ダ,左,稍重,晴,12,5,5,ブーシェノワール,牝,3,54.0,410,2,藤江渉,酒井一,,7,1:30.7,39.1,12-12-12-9,12,410,2
2025/10/29,浦和,5,Ｃ２八 九,1400,ダ,左,稍重,晴,12,5,6,シュヴァイゲン,牡,4,56.0,500,-3,櫻井光,久保秀,,8,1:30.9,40.4,5-5-1-2,10,500,-3
2025/10/29,浦和,5,Ｃ２八 九,1400,ダ,左,稍重,晴,12,6,7,オーシンラッシュ,牡,3,56.0,533,-7,野畑凌,小久智,,9,1:30.9,40.4,2-1-3-4,2,533,-7
2025/10/29,浦和,5,Ｃ２八 九,1400,ダ,左,稍重,晴,12,3,3,ビアンカ,牝,5,54.0,429,-5,七夕裕,工藤伸,,10,1:30.9,39.6,9-11-11-10,7,429,-5
2025/10/29,浦和,5,Ｃ２八 九,1400,ダ,左,稍重,晴,12,8,12,ヴァリスタ,牡,4,56.0,458,2,新原周,吉橋淳,,11,1:32.9,42.1,3-3-10-11,11,458,2
2025/10/29,浦和,5,Ｃ２八 九,1400,ダ,左,稍重,晴,12,7,9,リアリータイト,牝,4,54.0,487,4,赤津和,箕輪武,,12,1:36.9,46.2,1-2-7-12,6,487,4
2025/10/29,浦和,6,馬産地北海道日高賞Ｃ２八 九,1500,ダ,左,稍重,晴,12,1,1,サンズ,牡,3,56.0,512,2,笹川翼,小久智,,1,1:37.1,38.4,1-1-1-1,1,512,2
2025/10/29,浦和,6,馬産地北海道日高賞Ｃ２八 九,1500,ダ,左,稍重,晴,12,6,7,プリンセスサクラ,牝,4,54.0,434,3,見越彬,鹿沼和,,2,1:37.1,38.3,2-2-2-2,6,434,3
2025/10/29,浦和,6,馬産地北海道日高賞Ｃ２八 九,1500,ダ,左,稍重,晴,12,6,8,ユメデアエタラ,牡,4,56.0,469,3,七夕裕,平山真,,3,1:37.4,38.0,5-6-4-3,2,469,3
2025/10/29,浦和,6,馬産地北海道日高賞Ｃ２八 九,1500,ダ,左,稍重,晴,12,3,3,リッキーマキアート,牝,5,51.0,487,1,中山遥,酒井一,,4,1:37.7,38.1,4-5-6-4,3,487,1
2025/10/29,浦和,6,馬産地北海道日高賞Ｃ２八 九,1500,ダ,左,稍重,晴,12,5,5,スターアイズ,牝,3,52.0,452,0,所　蛍,林　幻,,5,1:38.1,39.1,3-3-3-5,7,452,0
2025/10/29,浦和,6,馬産地北海道日高賞Ｃ２八 九,1500,ダ,左,稍重,晴,12,8,12,ピースシャイニー,牡,3,56.0,487,7,保園翔,宇野博,,6,1:38.1,38.0,7-8-8-7,10,487,7
2025/10/29,浦和,6,馬産地北海道日高賞Ｃ２八 九,1500,ダ,左,稍重,晴,12,2,2,カリプソ,牝,4,54.0,438,-5,野畑凌,長谷忍,,7,1:38.3,38.3,11-10-7-6,4,438,-5
2025/10/29,浦和,6,馬産地北海道日高賞Ｃ２八 九,1500,ダ,左,稍重,晴,12,8,11,レッドスウィング,牡,4,56.0,451,-6,池谷匠,村田順,,8,1:38.6,38.5,6-7-10-9,9,451,-6
2025/10/29,浦和,6,馬産地北海道日高賞Ｃ２八 九,1500,ダ,左,稍重,晴,12,7,9,ペプチドシナノ,牡,3,56.0,492,6,本橋孝,野口寛,,9,1:39.0,39.8,9-4-5-8,11,492,6
2025/10/29,浦和,6,馬産地北海道日高賞Ｃ２八 九,1500,ダ,左,稍重,晴,12,7,10,スイフトマリー,牝,6,54.0,416,4,高橋哲,酒井一,,10,1:39.0,39.0,8-9-9-11,8,416,4
2025/10/29,浦和,6,馬産地北海道日高賞Ｃ２八 九,1500,ダ,左,稍重,晴,12,4,4,リッキオ,牡,6,56.0,469,-3,加藤和,薮口一,,11,1:39.1,38.6,10-11-12-10,5,469,-3
2025/10/29,浦和,6,馬産地北海道日高賞Ｃ２八 九,1500,ダ,左,稍重,晴,12,5,6,シュトーレン,牝,4,54.0,495,19,秋元耕,川島豊,,12,1:39.3,38.7,12-12-11-12,12,495,19
2025/10/29,浦和,7,寄居町合併７０周年記念賞Ｂ３四,1400,ダ,左,稍重,晴,13,7,11,クマノコ,牝,3,54.0,463,0,張田昂,宇野博,,1,1:29.6,38.0,4-3-3-1,2,463,0
2025/10/29,浦和,7,寄居町合併７０周年記念賞Ｂ３四,1400,ダ,左,稍重,晴,13,8,13,サンカプリス,セ,0,56.0,510,2,笹川翼,野口寛,,2,1:29.7,38.0,6-6-4-2,4,510,2
2025/10/29,浦和,7,寄居町合併７０周年記念賞Ｂ３四,1400,ダ,左,稍重,晴,13,7,10,ステラシティ,牝,4,51.0,472,-8,中山遥,吉田正,,3,1:29.7,37.8,9-7-7-4,7,472,-8
2025/10/29,浦和,7,寄居町合併７０周年記念賞Ｂ３四,1400,ダ,左,稍重,晴,13,1,1,マスクドサムライ,牡,6,56.0,483,10,篠谷葵,藤原智,,4,1:30.0,37.8,10-11-10-9,5,483,10
2025/10/29,浦和,7,寄居町合併７０周年記念賞Ｂ３四,1400,ダ,左,稍重,晴,13,6,9,モトサン,牡,5,56.0,543,-2,古岡勇,鈴木義,,5,1:30.5,38.6,8-8-8-8,11,543,-2
2025/10/29,浦和,7,寄居町合併７０周年記念賞Ｂ３四,1400,ダ,左,稍重,晴,13,6,8,ライパチ,牡,6,56.0,493,7,野畑凌,小久智,,6,1:30.5,39.0,2-2-2-5,3,493,7
2025/10/29,浦和,7,寄居町合併７０周年記念賞Ｂ３四,1400,ダ,左,稍重,晴,13,5,7,ホウオウヴィーナス,牝,5,54.0,521,4,川島正,岩崎真,,7,1:30.7,38.6,7-9-9-10,1,521,4
2025/10/29,浦和,7,寄居町合併７０周年記念賞Ｂ３四,1400,ダ,左,稍重,晴,13,8,12,ジェネシスミザール,セ,0,56.0,473,3,仲野光,伊藤滋,,8,1:30.8,39.4,1-1-1-3,9,473,3
2025/10/29,浦和,7,寄居町合併７０周年記念賞Ｂ３四,1400,ダ,左,稍重,晴,13,4,5,ニシノニューリーフ,牝,5,54.0,513,3,國分祐,冨田敏,,9,1:30.9,39.2,5-5-6-7,10,513,3
2025/10/29,浦和,7,寄居町合併７０周年記念賞Ｂ３四,1400,ダ,左,稍重,晴,13,5,6,シナノクーパー,牡,3,56.0,439,14,見越彬,鹿沼和,,10,1:30.9,39.2,3-4-5-6,8,439,14
2025/10/29,浦和,7,寄居町合併７０周年記念賞Ｂ３四,1400,ダ,左,稍重,晴,13,2,2,アファン,牝,6,54.0,509,-5,七夕裕,鹿沼和,,11,1:32.3,39.3,12-12-11-11,12,509,-5
2025/10/29,浦和,7,寄居町合併７０周年記念賞Ｂ３四,1400,ダ,左,稍重,晴,13,3,3,プラチナバンド,牡,4,54.0,535,10,所　蛍,張田京,,,,,11-10-12,6,535,10
2025/10/29,浦和,7,寄居町合併７０周年記念賞Ｂ３四,1400,ダ,左,稍重,晴,13,4,4,ベストリターナー,セ,0,56.0,541,20,本田重,宇野博,,,,,,,541,20
2025/10/29,浦和,8,オパール特別Ｃ３一,1400,ダ,左,稍重,晴,11,3,3,ダンシングエリカ,牝,4,51.0,432,1,中山遥,小林真,,1,1:30.8,39.0,3-4-5-3,1,432,1
2025/10/29,浦和,8,オパール特別Ｃ３一,1400,ダ,左,稍重,晴,11,8,11,アンジュクレール,牝,7,54.0,450,6,山中悠,工藤伸,,2,1:31.1,39.6,1-1-1-1,8,450,6
2025/10/29,浦和,8,オパール特別Ｃ３一,1400,ダ,左,稍重,晴,11,6,7,イサチルイトムスビ,牝,4,54.0,488,-1,張田昂,宇野博,,3,1:31.2,39.6,4-3-2-2,5,488,-1
2025/10/29,浦和,8,オパール特別Ｃ３一,1400,ダ,左,稍重,晴,11,4,4,ヤサカソレイユ,牡,5,56.0,452,-3,池谷匠,村田六,,4,1:31.7,39.0,10-10-8-6,6,452,-3
2025/10/29,浦和,8,オパール特別Ｃ３一,1400,ダ,左,稍重,晴,11,7,9,プリンセスダーク,牝,6,54.0,470,-8,仲野光,玉井等,,5,1:32.0,40.4,5-5-3-4,4,470,-8
2025/10/29,浦和,8,オパール特別Ｃ３一,1400,ダ,左,稍重,晴,11,1,1,シェナチチカカ,牝,6,54.0,385,-4,岡村裕,山田正,,6,1:32.3,39.9,6-6-6-7,11,385,-4
2025/10/29,浦和,8,オパール特別Ｃ３一,1400,ダ,左,稍重,晴,11,7,8,キタカラキタダイヤ,牝,5,51.0,456,-1,加藤雄,吉橋淳,,7,1:32.4,40.8,2-2-4-5,9,456,-1
2025/10/29,浦和,8,オパール特別Ｃ３一,1400,ダ,左,稍重,晴,11,2,2,ファイアスター,牡,4,55.0,476,-1,及川烈,工藤伸,,8,1:32.6,40.1,7-7-7-8,7,476,-1
2025/10/29,浦和,8,オパール特別Ｃ３一,1400,ダ,左,稍重,晴,11,6,6,ピノヌイ,牡,4,54.0,507,-3,ミシェ,野口孝,,9,1:32.9,39.8,11-11-11-9,2,507,-3
2025/10/29,浦和,8,オパール特別Ｃ３一,1400,ダ,左,稍重,晴,11,8,10,キャラメルショコラ,牝,4,54.0,498,13,秋元耕,薮口一,,10,1:33.4,40.9,8-8-9-10,3,498,13
2025/10/29,浦和,8,オパール特別Ｃ３一,1400,ダ,左,稍重,晴,11,5,5,ネオアンコーラ,牡,6,54.0,488,-5,中島良,川島豊,,11,1:33.8,41.2,9-9-10-11,10,488,-5
2025/10/29,浦和,9,月の雫特別Ｃ１Ｃ２選抜馬イ選抜馬ア,2000,ダ,左,稍重,晴,12,1,1,レッドゲート,牝,4,53.0,426,7,笹川翼,水上直,,1,2:11.6,40.1,4-4-2-1,2,426,7
2025/10/29,浦和,9,月の雫特別Ｃ１Ｃ２選抜馬イ選抜馬ア,2000,ダ,左,稍重,晴,12,8,11,サヨノゴーステッド,セ,0,57.0,535,-2,西啓太,工藤伸,,2,2:11.7,38.6,12-12-9-4,3,535,-2
2025/10/29,浦和,9,月の雫特別Ｃ１Ｃ２選抜馬イ選抜馬ア,2000,ダ,左,稍重,晴,12,2,2,キミトユメヲカケル,牝,5,53.0,432,-3,菅原涼,長谷忍,,3,2:11.9,39.9,6-6-5-3,9,432,-3
2025/10/29,浦和,9,月の雫特別Ｃ１Ｃ２選抜馬イ選抜馬ア,2000,ダ,左,稍重,晴,12,7,10,ウインブリエ,牝,4,55.0,526,4,福原杏,平山真,,4,2:12.7,41.6,2-2-1-2,4,526,4
2025/10/29,浦和,9,月の雫特別Ｃ１Ｃ２選抜馬イ選抜馬ア,2000,ダ,左,稍重,晴,12,3,3,オランジー,牝,5,55.0,441,-1,岡田大,薮口一,,5,2:13.3,41.1,8-7-6-6,10,441,-1
2025/10/29,浦和,9,月の雫特別Ｃ１Ｃ２選抜馬イ選抜馬ア,2000,ダ,左,稍重,晴,12,4,4,リュウノバデン,牡,4,54.0,465,2,加藤雄,山崎尋,,6,2:13.8,40.7,9-8-10-9,11,465,2
2025/10/29,浦和,9,月の雫特別Ｃ１Ｃ２選抜馬イ選抜馬ア,2000,ダ,左,稍重,晴,12,5,6,ユイノパチョレック,牡,4,57.0,491,1,本橋孝,工藤伸,,7,2:13.9,41.0,10-9-8-7,5,491,1
2025/10/29,浦和,9,月の雫特別Ｃ１Ｃ２選抜馬イ選抜馬ア,2000,ダ,左,稍重,晴,12,7,9,ロットゥーラ,牡,5,57.0,464,15,野畑凌,小久智,,8,2:14.2,42.7,3-3-3-5,1,464,15
2025/10/29,浦和,9,月の雫特別Ｃ１Ｃ２選抜馬イ選抜馬ア,2000,ダ,左,稍重,晴,12,8,12,ジオパークマグマ,牡,7,55.0,480,4,秋元耕,川島豊,,9,2:14.8,41.5,11-11-11-11,12,480,4
2025/10/29,浦和,9,月の雫特別Ｃ１Ｃ２選抜馬イ選抜馬ア,2000,ダ,左,稍重,晴,12,5,5,ドゥマンフルー,牝,4,55.0,441,18,張田昂,水野貴,,10,2:15.5,42.9,5-5-7-10,8,441,18
2025/10/29,浦和,9,月の雫特別Ｃ１Ｃ２選抜馬イ選抜馬ア,2000,ダ,左,稍重,晴,12,6,7,エムリエール,牡,6,57.0,478,4,山中悠,小澤宏,,11,2:16.0,44.9,1-1-4-8,7,478,4
2025/10/29,浦和,9,月の雫特別Ｃ１Ｃ２選抜馬イ選抜馬ア,2000,ダ,左,稍重,晴,12,6,8,ハタノラトゥール,牡,6,55.0,526,-5,笠野雄,山中尊,,,,,7-10-12-12,6,526,-5
2025/10/29,浦和,10,陽月特別Ｃ１一,1400,ダ,左,稍重,晴,11,8,11,マロンシャンテリー,牡,4,56.0,459,0,赤津和,工藤伸,,1,1:28.3,37.2,1-1-1-1,5,459,0
2025/10/29,浦和,10,陽月特別Ｃ１一,1400,ダ,左,稍重,晴,11,8,10,カイトキング,牡,6,56.0,484,-1,秋元耕,水野貴,,2,1:28.7,37.3,5-3-2-2,3,484,-1
2025/10/29,浦和,10,陽月特別Ｃ１一,1400,ダ,左,稍重,晴,11,5,5,ノッテストラータ,牝,3,54.0,457,0,笹川翼,久保勇,,3,1:29.1,37.2,4-6-5-4,4,457,0
2025/10/29,浦和,10,陽月特別Ｃ１一,1400,ダ,左,稍重,晴,11,1,1,スーパーロゴ,牡,3,56.0,478,-4,本田重,山下之,,4,1:29.3,37.6,6-5-4-3,1,478,-4
2025/10/29,浦和,10,陽月特別Ｃ１一,1400,ダ,左,稍重,晴,11,7,9,アドルナティック,牡,3,56.0,447,3,伊藤裕,村田順,,5,1:29.9,37.3,10-10-10-9,8,447,3
2025/10/29,浦和,10,陽月特別Ｃ１一,1400,ダ,左,稍重,晴,11,6,6,レンダリング,牡,5,56.0,506,-3,室陽一,海馬司,,6,1:29.9,37.6,7-7-8-6,11,506,-3
2025/10/29,浦和,10,陽月特別Ｃ１一,1400,ダ,左,稍重,晴,11,3,3,エレガントジュエリ,牝,5,51.0,416,-3,中山遥,川村守,,7,1:30.3,38.4,2-4-6-8,2,416,-3
2025/10/29,浦和,10,陽月特別Ｃ１一,1400,ダ,左,稍重,晴,11,6,7,テルケンレンタワー,牡,3,56.0,476,-8,櫻井光,佐藤博,,8,1:30.6,39.3,3-2-3-5,7,476,-8
2025/10/29,浦和,10,陽月特別Ｃ１一,1400,ダ,左,稍重,晴,11,7,8,アルティメット,牝,4,54.0,422,-11,中越琉,武井和,,9,1:30.6,38.3,9-9-7-10,6,422,-11
2025/10/29,浦和,10,陽月特別Ｃ１一,1400,ダ,左,稍重,晴,11,2,2,マサハヤアン,牝,8,54.0,466,-13,保園翔,野口孝,,10,1:30.8,38.5,8-8-9-7,10,466,-13
2025/10/29,浦和,10,陽月特別Ｃ１一,1400,ダ,左,稍重,晴,11,4,4,コモドアーズ,牡,5,56.0,554,14,七夕裕,横山保,,11,1:31.1,38.4,11-11-11-11,9,554,14
2025/10/29,浦和,11,埼玉新聞栄冠賞３上オープン,2000,ダ,左,稍重,晴,10,1,1,スレイマン,牡,7,56.0,543,-1,御神訓,藤田輝,,1,2:06.5,38.1,5-4-2-1,1,543,-1
2025/10/29,浦和,11,埼玉新聞栄冠賞３上オープン,2000,ダ,左,稍重,晴,10,4,4,ツーシャドー,牝,6,54.0,503,0,山中悠,小澤宏,,2,2:07.3,39.3,1-1-1-2,9,503,0
2025/10/29,浦和,11,埼玉新聞栄冠賞３上オープン,2000,ダ,左,稍重,晴,10,7,8,ツウカイノキズナ,セ,0,54.0,493,4,本田重,岩崎真,,3,2:07.6,38.2,8-8-8-4,2,493,4
2025/10/29,浦和,11,埼玉新聞栄冠賞３上オープン,2000,ダ,左,稍重,晴,10,2,2,アルラ,牡,6,54.0,547,16,藤田凌,箕輪武,,4,2:07.6,38.8,7-7-7-6,7,547,16
2025/10/29,浦和,11,埼玉新聞栄冠賞３上オープン,2000,ダ,左,稍重,晴,10,5,5,セイカメテオポリス,牡,7,56.0,545,-1,福原杏,渡邉和,,5,2:08.0,38.6,10-10-9-8,10,545,-1
2025/10/29,浦和,11,埼玉新聞栄冠賞３上オープン,2000,ダ,左,稍重,晴,10,8,9,ユアヒストリー,牡,7,56.0,476,8,張田昂,山下之,,6,2:08.7,39.9,6-6-6-5,6,476,8
2025/10/29,浦和,11,埼玉新聞栄冠賞３上オープン,2000,ダ,左,稍重,晴,10,8,10,マウンテンローレル,牡,3,54.0,476,5,笹川翼,福田真,,7,2:09.0,40.5,3-3-5-3,3,476,5
2025/10/29,浦和,11,埼玉新聞栄冠賞３上オープン,2000,ダ,左,稍重,晴,10,6,6,ヒーローコール,牡,5,56.0,516,10,山口達,小久智,,8,2:09.3,40.9,2-2-4-7,4,516,10
2025/10/29,浦和,11,埼玉新聞栄冠賞３上オープン,2000,ダ,左,稍重,晴,10,3,3,ランリョウオー,牡,7,57.0,464,10,本橋孝,小久智,,9,2:09.4,40.8,4-5-3-9,5,464,10
2025/10/29,浦和,11,埼玉新聞栄冠賞３上オープン,2000,ダ,左,稍重,晴,10,7,7,ジョーエスポワール,牡,5,56.0,500,3,野畑凌,小久智,,10,2:09.6,40.2,9-9-10-10,8,500,3
2025/10/29,浦和,12,グリーンチャンネル開局３０周年記Ｂ２Ｂ３,800,ダ,左,稍重,晴,11,4,4,サノノレインボー,牝,4,53.0,475,0,室陽一,川島豊,,1,0:47.3,35.2,1-1,2,475,0
2025/10/29,浦和,12,グリーンチャンネル開局３０周年記Ｂ２Ｂ３,800,ダ,左,稍重,晴,11,8,11,アイグレース,牝,5,55.0,454,-7,秋元耕,鹿沼和,,2,0:47.4,34.5,7-7,3,454,-7
2025/10/29,浦和,12,グリーンチャンネル開局３０周年記Ｂ２Ｂ３,800,ダ,左,稍重,晴,11,3,3,エターナルセイバー,牝,4,53.0,461,-1,中越琉,八木仁,,3,0:47.5,34.4,8-6,8,461,-1
2025/10/29,浦和,12,グリーンチャンネル開局３０周年記Ｂ２Ｂ３,800,ダ,左,稍重,晴,11,5,5,ペイシャカレン,牝,6,55.0,456,0,見越彬,水上直,,4,0:47.6,35.4,2-2,1,456,0
2025/10/29,浦和,12,グリーンチャンネル開局３０周年記Ｂ２Ｂ３,800,ダ,左,稍重,晴,11,2,2,ハクアイゴジロー,牡,7,52.0,546,-3,中山遥,横山保,,5,0:47.6,34.9,6-3,7,546,-3
2025/10/29,浦和,12,グリーンチャンネル開局３０周年記Ｂ２Ｂ３,800,ダ,左,稍重,晴,11,1,1,ライヴトパーズ,牝,6,52.0,431,8,加藤雄,山崎尋,,6,0:47.8,35.2,5-4,4,431,8
2025/10/29,浦和,12,グリーンチャンネル開局３０周年記Ｂ２Ｂ３,800,ダ,左,稍重,晴,11,8,10,ユウノワンワン,牝,4,53.0,439,-12,木間龍,酒井一,,7,0:48.2,36.0,3-5,6,439,-12
2025/10/29,浦和,12,グリーンチャンネル開局３０周年記Ｂ２Ｂ３,800,ダ,左,稍重,晴,11,6,6,シウラグランデ,牝,6,53.0,479,-7,七夕裕,川村守,,8,0:48.7,35.2,9-9,9,479,-7
2025/10/29,浦和,12,グリーンチャンネル開局３０周年記Ｂ２Ｂ３,800,ダ,左,稍重,晴,11,7,9,モーモーブラック,牝,7,53.0,438,-1,池谷匠,村田順,,9,0:48.8,36.6,4-8,5,438,-1
2025/10/29,浦和,12,グリーンチャンネル開局３０周年記Ｂ２Ｂ３,800,ダ,左,稍重,晴,11,6,7,ダンシングクライ,牝,5,53.0,0,0,菅原涼,藤原智,,,,,,,0,0
2025/10/29,浦和,12,グリーンチャンネル開局３０周年記Ｂ２Ｂ３,800,ダ,左,稍重,晴,11,7,8,スピークイージー,牡,4,55.0,0,0,山中悠,新井清,,,,,,,0,0
2025/10/30,浦和,1,２歳五,1300,ダ,左,稍重,晴,9,8,9,ゴールドアムレット,牡,2,55.0,469,4,野畑凌,小澤宏,,1,1:25.3,40.0,2-2-2-2,3,469,4
2025/10/30,浦和,1,２歳五,1300,ダ,左,稍重,晴,9,8,8,シュウスイマカロン,牝,2,54.0,385,-1,室陽一,入口由,,2,1:26.1,41.0,1-1-1-1,1,385,-1
2025/10/30,浦和,1,２歳五,1300,ダ,左,稍重,晴,9,1,1,スピラヴィオ,牡,2,55.0,400,14,秋元耕,箕輪武,,3,1:26.8,41.1,3-3-3-3,6,400,14
2025/10/30,浦和,1,２歳五,1300,ダ,左,稍重,晴,9,2,2,ベルアルコバレーノ,牝,2,54.0,423,1,菅原涼,藤原智,,4,1:27.2,40.4,8-7-6-6,8,423,1
2025/10/30,浦和,1,２歳五,1300,ダ,左,稍重,晴,9,6,6,ドドドドドカーン,牡,2,55.0,473,-1,見越彬,小林真,,5,1:28.3,42.0,5-5-5-4,5,473,-1
2025/10/30,浦和,1,２歳五,1300,ダ,左,稍重,晴,9,4,4,メアナニヒキナ,牝,2,51.0,387,8,中山遥,水上直,,6,1:29.1,42.8,4-4-4-5,4,387,8
2025/10/30,浦和,1,２歳五,1300,ダ,左,稍重,晴,9,5,5,ハルカビジン,牝,2,54.0,429,0,笹川翼,藤原智,,7,1:29.5,42.7,7-8-8-7,2,429,0
2025/10/30,浦和,1,２歳五,1300,ダ,左,稍重,晴,9,7,7,トッコーウーマン,牝,2,54.0,454,-6,福原杏,水上直,,8,1:30.8,44.0,6-6-7-8,7,454,-6
2025/10/30,浦和,1,２歳五,1300,ダ,左,稍重,晴,9,3,3,エガル,牝,2,54.0,449,0,七夕裕,長谷忍,,,,,,,449,0
2025/10/30,浦和,2,ランチタイムチャレンジ３歳二,1400,ダ,左,稍重,晴,12,6,8,ファイアーワルツ,牝,3,54.0,478,-2,張田昂,稲益貴,,1,1:29.4,38.6,2-2-2-1,1,478,-2
2025/10/30,浦和,2,ランチタイムチャレンジ３歳二,1400,ダ,左,稍重,晴,12,5,5,ブリテン,牡,3,55.0,500,-9,佐野遥,田島寿,,2,1:30.1,39.4,1-1-1-2,3,500,-9
2025/10/30,浦和,2,ランチタイムチャレンジ３歳二,1400,ダ,左,稍重,晴,12,8,12,ベビーヴァギー,牝,3,51.0,409,8,中山遥,野口寛,,3,1:32.0,39.7,8-9-9-6,2,409,8
2025/10/30,浦和,2,ランチタイムチャレンジ３歳二,1400,ダ,左,稍重,晴,12,7,9,カルストンオリビア,牝,3,54.0,398,1,七夕裕,八木喜,,4,1:32.0,41.0,3-3-4-4,8,398,1
2025/10/30,浦和,2,ランチタイムチャレンジ３歳二,1400,ダ,左,稍重,晴,12,1,1,ヒロノカッター,牡,3,56.0,498,4,加藤和,薮口一,,5,1:32.1,40.3,10-7-7-5,6,498,4
2025/10/30,浦和,2,ランチタイムチャレンジ３歳二,1400,ダ,左,稍重,晴,12,4,4,ハーシュミストレス,牝,3,54.0,457,5,室陽一,酒井一,,6,1:32.1,39.4,12-11-11-7,11,457,5
2025/10/30,浦和,2,ランチタイムチャレンジ３歳二,1400,ダ,左,稍重,晴,12,2,2,リオンノワール,牡,3,56.0,440,0,福原杏,平山真,,7,1:32.2,41.2,5-4-3-3,5,440,0
2025/10/30,浦和,2,ランチタイムチャレンジ３歳二,1400,ダ,左,稍重,晴,12,3,3,キョウエイサマンサ,牝,3,54.0,464,2,秋元耕,小澤宏,,8,1:32.3,40.2,6-8-8-8,9,464,2
2025/10/30,浦和,2,ランチタイムチャレンジ３歳二,1400,ダ,左,稍重,晴,12,5,6,イマキュレイト,牡,3,56.0,450,-3,野畑凌,水上直,,9,1:32.6,41.0,4-5-5-9,4,450,-3
2025/10/30,浦和,2,ランチタイムチャレンジ３歳二,1400,ダ,左,稍重,晴,12,8,11,チュラカラット,牝,3,51.0,395,4,山本大,長谷剛,,10,1:32.6,40.1,9-10-10-10,7,395,4
2025/10/30,浦和,2,ランチタイムチャレンジ３歳二,1400,ダ,左,稍重,晴,12,7,10,ダイノメロディ,セ,0,56.0,443,3,半澤慶,藤原智,,11,1:33.2,40.1,11-12-12-12,12,443,3
2025/10/30,浦和,2,ランチタイムチャレンジ３歳二,1400,ダ,左,稍重,晴,12,6,7,スパークルジェム,牝,3,54.0,489,0,木間龍,新井健,,12,1:34.2,42.4,7-6-6-11,10,489,0
2025/10/30,浦和,3,２歳四,1400,ダ,左,稍重,晴,12,6,7,アイリーズ,牡,2,55.0,480,-16,野畑凌,小久智,,1,1:31.5,38.2,2-2-2-1,1,480,-16
2025/10/30,浦和,3,２歳四,1400,ダ,左,稍重,晴,12,6,8,ホワイトジェイド,牡,2,52.0,479,3,佐藤翔,水野貴,,2,1:32.2,38.7,4-4-3-2,8,479,3
2025/10/30,浦和,3,２歳四,1400,ダ,左,稍重,晴,12,7,9,ブラックハニー,牡,2,55.0,462,10,達城龍,野口寛,,3,1:32.6,39.1,7-7-8-5,2,462,10
2025/10/30,浦和,3,２歳四,1400,ダ,左,稍重,晴,12,2,2,アルカイックスター,牝,2,54.0,430,-2,福原杏,繁田健,,4,1:32.8,39.3,6-8-6-6,3,430,-2
2025/10/30,浦和,3,２歳四,1400,ダ,左,稍重,晴,12,8,11,キサラフラッシュ,牝,2,51.0,437,-6,中山遥,酒井一,,5,1:32.9,39.4,5-3-4-3,4,437,-6
2025/10/30,浦和,3,２歳四,1400,ダ,左,稍重,晴,12,5,5,メイジョウスター,牝,2,54.0,447,-8,加藤和,酒井一,,6,1:35.1,42.0,1-1-1-4,9,447,-8
2025/10/30,浦和,3,２歳四,1400,ダ,左,稍重,晴,12,7,10,スタールル,牝,2,54.0,399,-8,半澤慶,川村守,,7,1:35.1,40.8,10-9-9-7,12,399,-8
2025/10/30,浦和,3,２歳四,1400,ダ,左,稍重,晴,12,3,3,ルシードファルチェ,牝,2,54.0,410,7,菅原涼,藤原智,,8,1:35.5,41.1,12-11-10-10,10,410,7
2025/10/30,浦和,3,２歳四,1400,ダ,左,稍重,晴,12,8,12,リュウノバモス,牝,2,54.0,466,-3,七夕裕,野口孝,,9,1:35.8,42.3,8-6-5-8,6,466,-3
2025/10/30,浦和,3,２歳四,1400,ダ,左,稍重,晴,12,5,6,エムブイピーコール,牝,2,54.0,448,3,澤田龍,齊藤敏,,10,1:36.1,42.6,3-5-7-9,7,448,3
2025/10/30,浦和,3,２歳四,1400,ダ,左,稍重,晴,12,4,4,ミツゲツ,牝,2,54.0,462,-2,野澤憲,佐々清,,11,1:36.8,42.0,9-10-11-11,11,462,-2
2025/10/30,浦和,3,２歳四,1400,ダ,左,稍重,晴,12,1,1,ハプナ,牝,2,54.0,443,16,張田昂,平山真,,,,,11-12-12,5,443,16
2025/10/30,浦和,4,特選Ｃ３二,1500,ダ,左,稍重,晴,12,6,7,ナリタアンビション,牝,5,54.0,421,4,七夕裕,川島豊,,1,1:38.3,39.2,9-9-10-5,11,421,4
2025/10/30,浦和,4,特選Ｃ３二,1500,ダ,左,稍重,晴,12,8,12,ヨドノホマレ,セ,0,56.0,495,7,笹川翼,平山真,,2,1:38.6,40.5,4-4-3-2,1,495,7
2025/10/30,浦和,4,特選Ｃ３二,1500,ダ,左,稍重,晴,12,7,9,コビナイフォンテン,牝,6,54.0,464,-1,山口達,玉井昇,,3,1:38.7,39.2,10-11-11-7,3,464,-1
2025/10/30,浦和,4,特選Ｃ３二,1500,ダ,左,稍重,晴,12,3,3,フォーゲルヴァイデ,牡,4,56.0,505,5,半澤慶,川島豊,,4,1:38.8,40.5,5-5-5-4,6,505,5
2025/10/30,浦和,4,特選Ｃ３二,1500,ダ,左,稍重,晴,12,1,1,トゥジアース,牡,6,56.0,500,-11,福原杏,入口由,,5,1:39.2,39.6,12-12-12-9,5,500,-11
2025/10/30,浦和,4,特選Ｃ３二,1500,ダ,左,稍重,晴,12,5,6,レモンスフレ,牝,4,54.0,434,6,櫻井光,入口由,,6,1:39.3,41.5,2-2-2-3,7,434,6
2025/10/30,浦和,4,特選Ｃ３二,1500,ダ,左,稍重,晴,12,5,5,スターコマチ,牝,6,54.0,419,-8,保園翔,川村守,,7,1:39.7,40.6,11-10-9-8,10,419,-8
2025/10/30,浦和,4,特選Ｃ３二,1500,ダ,左,稍重,晴,12,6,8,ビートルジュース,牝,6,54.0,448,3,見越彬,小久智,,8,1:39.8,41.7,3-3-4-6,2,448,3
2025/10/30,浦和,4,特選Ｃ３二,1500,ダ,左,稍重,晴,12,2,2,シャコンヌ,セ,0,56.0,474,10,室陽一,宇野博,,9,1:40.5,42.8,1-1-1-1,8,474,10
2025/10/30,浦和,4,特選Ｃ３二,1500,ダ,左,稍重,晴,12,8,11,アモフリューゲル,牝,5,54.0,446,-12,山中悠,藤原智,,10,1:41.4,42.7,6-6-8-12,12,446,-12
2025/10/30,浦和,4,特選Ｃ３二,1500,ダ,左,稍重,晴,12,4,4,ヴィッカース,牝,7,54.0,482,1,笠野雄,佐々清,,11,1:41.4,42.7,7-7-6-10,4,482,1
2025/10/30,浦和,4,特選Ｃ３二,1500,ダ,左,稍重,晴,12,7,10,グレースミューズ,牝,6,54.0,463,0,赤津和,薮口一,,12,1:41.6,42.8,8-8-7-11,9,463,0
2025/10/30,浦和,5,毛呂の流鏑馬賞Ｃ２Ｃ３選抜馬ウ選抜馬ア,800,ダ,左,稍重,晴,12,7,9,プリンセスパリー,牝,4,53.0,429,8,高橋哲,鈴木勝,,1,0:48.5,35.8,1-1,11,429,8
2025/10/30,浦和,5,毛呂の流鏑馬賞Ｃ２Ｃ３選抜馬ウ選抜馬ア,800,ダ,左,稍重,晴,12,1,1,ロングビーチ,牝,4,55.0,416,2,笹川翼,藤原智,,2,0:48.6,35.6,3-3,1,416,2
2025/10/30,浦和,5,毛呂の流鏑馬賞Ｃ２Ｃ３選抜馬ウ選抜馬ア,800,ダ,左,稍重,晴,12,2,2,ニシノリピート,牝,4,53.0,456,-2,國分祐,冨田敏,,3,0:49.0,35.7,9-5,6,456,-2
2025/10/30,浦和,5,毛呂の流鏑馬賞Ｃ２Ｃ３選抜馬ウ選抜馬ア,800,ダ,左,稍重,晴,12,4,4,カクシンドリーム,牝,3,55.0,415,6,赤津和,酒井一,,4,0:49.2,36.3,2-2,7,415,6
2025/10/30,浦和,5,毛呂の流鏑馬賞Ｃ２Ｃ３選抜馬ウ選抜馬ア,800,ダ,左,稍重,晴,12,5,5,シェルヴィー,牡,3,57.0,450,-1,増田充,高月賢,,5,0:49.2,36.0,6-6,3,450,-1
2025/10/30,浦和,5,毛呂の流鏑馬賞Ｃ２Ｃ３選抜馬ウ選抜馬ア,800,ダ,左,稍重,晴,12,8,11,リチェルカータ,牝,8,53.0,462,-4,野畑凌,小澤宏,,6,0:49.3,35.5,10-4,2,462,-4
2025/10/30,浦和,5,毛呂の流鏑馬賞Ｃ２Ｃ３選抜馬ウ選抜馬ア,800,ダ,左,稍重,晴,12,7,10,ウイングラドナス,牡,6,57.0,473,9,秋元耕,海馬司,,7,0:49.5,36.2,7-8,10,473,9
2025/10/30,浦和,5,毛呂の流鏑馬賞Ｃ２Ｃ３選抜馬ウ選抜馬ア,800,ダ,左,稍重,晴,12,3,3,シンキングセンティ,牝,6,53.0,478,6,岡田大,川村守,,8,0:49.6,36.6,4-7,4,478,6
2025/10/30,浦和,5,毛呂の流鏑馬賞Ｃ２Ｃ３選抜馬ウ選抜馬ア,800,ダ,左,稍重,晴,12,6,8,ベアビー,牝,4,53.0,486,6,中島良,川島豊,,9,0:49.7,36.4,8-9,9,486,6
2025/10/30,浦和,5,毛呂の流鏑馬賞Ｃ２Ｃ３選抜馬ウ選抜馬ア,800,ダ,左,稍重,晴,12,6,7,ホシプリンセス,牝,7,55.0,534,30,藤本現,酒井一,,10,0:49.9,36.2,11-11,5,534,30
2025/10/30,浦和,5,毛呂の流鏑馬賞Ｃ２Ｃ３選抜馬ウ選抜馬ア,800,ダ,左,稍重,晴,12,5,6,リバーフロント,牝,3,55.0,426,5,菅原涼,藤原智,,11,0:50.0,37.0,5-10,8,426,5
2025/10/30,浦和,5,毛呂の流鏑馬賞Ｃ２Ｃ３選抜馬ウ選抜馬ア,800,ダ,左,稍重,晴,12,8,12,ミシェルエルクール,牝,4,53.0,0,0,室陽一,川島豊,,,,,,,0,0
2025/10/30,浦和,6,寄居特産！風布・小林みかん賞Ｃ２選抜馬イ,800,ダ,左,稍重,晴,12,8,12,キックス,牝,3,54.0,464,-8,秋元耕,鹿沼和,,1,0:47.6,35.1,2-1,2,464,-8
2025/10/30,浦和,6,寄居特産！風布・小林みかん賞Ｃ２選抜馬イ,800,ダ,左,稍重,晴,12,5,6,ファンファン,牡,8,53.0,468,11,中山遥,箕輪武,,2,0:48.2,35.5,4-3,8,468,11
2025/10/30,浦和,6,寄居特産！風布・小林みかん賞Ｃ２選抜馬イ,800,ダ,左,稍重,晴,12,6,8,マイリトルロマンス,牝,3,54.0,419,-1,笹川翼,平山真,,3,0:48.4,35.6,5-5,3,419,-1
2025/10/30,浦和,6,寄居特産！風布・小林みかん賞Ｃ２選抜馬イ,800,ダ,左,稍重,晴,12,4,4,ロードサミット,牡,5,55.0,489,7,及川烈,長谷忍,,4,0:48.5,35.5,10-10,5,489,7
2025/10/30,浦和,6,寄居特産！風布・小林みかん賞Ｃ２選抜馬イ,800,ダ,左,稍重,晴,12,1,1,ハヤオ,牡,3,56.0,432,-9,福原杏,鈴木勝,,5,0:48.6,35.8,6-7,9,432,-9
2025/10/30,浦和,6,寄居特産！風布・小林みかん賞Ｃ２選抜馬イ,800,ダ,左,稍重,晴,12,7,9,ルージュルージュ,牝,4,54.0,471,4,室陽一,長谷忍,,6,0:48.6,36.1,3-4,10,471,4
2025/10/30,浦和,6,寄居特産！風布・小林みかん賞Ｃ２選抜馬イ,800,ダ,左,稍重,晴,12,2,2,メーネフロタント,牝,5,54.0,486,-2,見越彬,小林真,,7,0:48.7,35.9,7-6,1,486,-2
2025/10/30,浦和,6,寄居特産！風布・小林みかん賞Ｃ２選抜馬イ,800,ダ,左,稍重,晴,12,7,10,ダンストンムート,牝,5,54.0,467,5,保園翔,野口孝,,8,0:48.7,36.4,1-2,6,467,5
2025/10/30,浦和,6,寄居特産！風布・小林みかん賞Ｃ２選抜馬イ,800,ダ,左,稍重,晴,12,3,3,マンマミーア,牡,4,56.0,480,23,櫻井光,小澤宏,,9,0:49.1,36.0,9-8,11,480,23
2025/10/30,浦和,6,寄居特産！風布・小林みかん賞Ｃ２選抜馬イ,800,ダ,左,稍重,晴,12,6,7,メイジョウビット,牝,3,54.0,441,-5,赤津和,酒井一,,10,0:49.1,36.3,8-9,7,441,-5
2025/10/30,浦和,6,寄居特産！風布・小林みかん賞Ｃ２選抜馬イ,800,ダ,左,稍重,晴,12,5,5,アースメロディ,牝,4,54.0,505,5,七夕裕,箕輪武,,11,0:50.0,37.0,11-11,4,505,5
2025/10/30,浦和,6,寄居特産！風布・小林みかん賞Ｃ２選抜馬イ,800,ダ,左,稍重,晴,12,8,11,クロスレジーナ,牝,3,54.0,417,11,山中悠,酒井一,,,,,12,12,417,11
2025/10/30,浦和,7,ＹＪＳトライアルラウンド浦和　第１戦Ｃ３,1400,ダ,左,稍重,晴,12,1,1,イチゴホイップ,牝,5,54.0,485,-11,佐藤翔,海馬司,,1,1:31.1,40.2,1-1-1-1,3,485,-11
2025/10/30,浦和,7,ＹＪＳトライアルラウンド浦和　第１戦Ｃ３,1400,ダ,左,稍重,晴,12,6,8,ロンギングキイ,牝,4,54.0,487,3,谷原柚,箕輪武,,2,1:31.2,39.4,6-6-6-3,6,487,3
2025/10/30,浦和,7,ＹＪＳトライアルラウンド浦和　第１戦Ｃ３,1400,ダ,左,稍重,晴,12,3,3,エクスプロア,牡,6,56.0,509,-4,若杉朝,川村守,,3,1:31.6,39.3,10-9-11-6,12,509,-4
2025/10/30,浦和,7,ＹＪＳトライアルラウンド浦和　第１戦Ｃ３,1400,ダ,左,稍重,晴,12,7,9,ニシノテンカフブ,牡,5,56.0,472,5,佐野遥,吉田正,,4,1:31.7,39.3,11-12-9-5,4,472,5
2025/10/30,浦和,7,ＹＪＳトライアルラウンド浦和　第１戦Ｃ３,1400,ダ,左,稍重,晴,12,6,7,モズマスターピース,牡,5,56.0,494,7,山本大,入口由,,5,1:32.1,39.8,12-11-7-7,1,494,7
2025/10/30,浦和,7,ＹＪＳトライアルラウンド浦和　第１戦Ｃ３,1400,ダ,左,稍重,晴,12,8,12,バララララララ,牝,5,54.0,430,-9,遠藤汰,工藤伸,,6,1:32.2,40.0,8-8-8-4,10,430,-9
2025/10/30,浦和,7,ＹＪＳトライアルラウンド浦和　第１戦Ｃ３,1400,ダ,左,稍重,晴,12,5,6,マメゾウシンヤ,牡,4,56.0,429,-7,阿岸潤,水野貴,,7,1:32.6,41.5,4-4-3-2,8,429,-7
2025/10/30,浦和,7,ＹＪＳトライアルラウンド浦和　第１戦Ｃ３,1400,ダ,左,稍重,晴,12,8,11,アミン,牝,8,54.0,473,10,及川烈,冨田敏,,8,1:33.8,42.6,5-3-5-8,11,473,10
2025/10/30,浦和,7,ＹＪＳトライアルラウンド浦和　第１戦Ｃ３,1400,ダ,左,稍重,晴,12,7,10,ジャングルタキオン,セ,0,56.0,477,-5,加藤雄,野口孝,,9,1:33.8,41.8,7-7-10-9,5,477,-5
2025/10/30,浦和,7,ＹＪＳトライアルラウンド浦和　第１戦Ｃ３,1400,ダ,左,稍重,晴,12,2,2,スイートウィル,牝,4,54.0,429,-3,所　蛍,川島豊,,,,,9-10-12,9,429,-3
2025/10/30,浦和,7,ＹＪＳトライアルラウンド浦和　第１戦Ｃ３,1400,ダ,左,稍重,晴,12,4,4,ワンダーフィール,牡,4,56.0,497,4,舟山瑠,鈴木勝,,,,,2-2-2,2,497,4
2025/10/30,浦和,7,ＹＪＳトライアルラウンド浦和　第１戦Ｃ３,1400,ダ,左,稍重,晴,12,5,5,シルバーペコ,牝,6,54.0,502,-2,水沼元,酒井一,,,,,3-5-4,7,502,-2
2025/10/30,浦和,8,浦和エイトチャレンジＣ１四,1500,ダ,左,稍重,晴,12,1,1,トーセンペネロペ,牝,3,54.0,465,0,笹川翼,小久智,,1,1:36.5,39.1,4-3-5-5,2,465,0
2025/10/30,浦和,8,浦和エイトチャレンジＣ１四,1500,ダ,左,稍重,晴,12,6,7,ハナチルサト,牝,4,54.0,447,3,町田直,宇野博,,2,1:36.8,39.6,5-5-3-1,1,447,3
2025/10/30,浦和,8,浦和エイトチャレンジＣ１四,1500,ダ,左,稍重,晴,12,5,6,トーケンクミー,牝,3,54.0,429,-4,福原杏,小澤宏,,3,1:36.9,39.0,9-8-8-2,11,429,-4
2025/10/30,浦和,8,浦和エイトチャレンジＣ１四,1500,ダ,左,稍重,晴,12,4,4,アイリーズパキラ,牡,3,55.0,472,-7,鷹見陸,内田勝,,4,1:37.4,39.7,6-7-6-6,7,472,-7
2025/10/30,浦和,8,浦和エイトチャレンジＣ１四,1500,ダ,左,稍重,晴,12,8,11,エニーサンダー,牡,3,56.0,473,14,野畑凌,箕輪武,,5,1:37.8,40.7,2-2-2-3,3,473,14
2025/10/30,浦和,8,浦和エイトチャレンジＣ１四,1500,ダ,左,稍重,晴,12,8,12,ヴァレンテ,牡,4,56.0,510,1,七夕裕,平山真,,6,1:37.8,40.4,8-6-4-7,6,510,1
2025/10/30,浦和,8,浦和エイトチャレンジＣ１四,1500,ダ,左,稍重,晴,12,7,9,サンスレッド,牡,5,56.0,477,-8,山中悠,工藤伸,,7,1:38.0,41.2,1-1-1-4,8,477,-8
2025/10/30,浦和,8,浦和エイトチャレンジＣ１四,1500,ダ,左,稍重,晴,12,6,8,ミズイロアウダクス,牝,3,54.0,491,-4,藤本現,伊藤滋,,8,1:38.6,40.1,10-10-11-8,5,491,-4
2025/10/30,浦和,8,浦和エイトチャレンジＣ１四,1500,ダ,左,稍重,晴,12,5,5,ゴーダンシング,牝,4,54.0,476,-5,室陽一,平山真,,9,1:38.7,40.8,7-9-9-9,10,476,-5
2025/10/30,浦和,8,浦和エイトチャレンジＣ１四,1500,ダ,左,稍重,晴,12,2,2,バトルホッパー,牡,6,56.0,480,-17,澤田龍,横山保,,10,1:39.0,38.9,12-12-12-12,9,480,-17
2025/10/30,浦和,8,浦和エイトチャレンジＣ１四,1500,ダ,左,稍重,晴,12,7,10,レーザースペックル,牡,3,56.0,493,-9,本橋孝,山崎尋,,11,1:39.1,40.6,11-11-10-10,4,493,-9
2025/10/30,浦和,8,浦和エイトチャレンジＣ１四,1500,ダ,左,稍重,晴,12,3,3,スカイピース,牝,5,54.0,486,7,高橋哲,水野貴,,12,1:40.9,43.3,3-4-7-11,12,486,7
2025/10/30,浦和,9,ＹＪＳトライアルラウンド浦和　第２戦Ｃ２,1400,ダ,左,稍重,晴,12,7,9,ノーザトゥルース,牝,3,54.0,473,-11,阿岸潤,水野貴,,1,1:30.3,37.4,2-2-1-1,1,473,-11
2025/10/30,浦和,9,ＹＪＳトライアルラウンド浦和　第２戦Ｃ２,1400,ダ,左,稍重,晴,12,3,3,カラフルピーチ,牝,4,54.0,437,-7,佐野遥,平山真,,2,1:30.8,37.7,8-7-6-6,2,437,-7
2025/10/30,浦和,9,ＹＪＳトライアルラウンド浦和　第２戦Ｃ２,1400,ダ,左,稍重,晴,12,6,7,オーサムシャドウ,牝,3,54.0,429,-5,及川烈,箕輪武,,3,1:30.8,37.7,3-3-5-3,3,429,-5
2025/10/30,浦和,9,ＹＪＳトライアルラウンド浦和　第２戦Ｃ２,1400,ダ,左,稍重,晴,12,5,5,プレストワンダ,牝,3,54.0,454,-2,若杉朝,小澤宏,,4,1:30.9,38.1,1-1-2-2,6,454,-2
2025/10/30,浦和,9,ＹＪＳトライアルラウンド浦和　第２戦Ｃ２,1400,ダ,左,稍重,晴,12,5,6,アルマリアルト,牡,3,56.0,543,3,加藤雄,海馬司,,5,1:31.6,38.2,11-11-7-9,10,543,3
2025/10/30,浦和,9,ＹＪＳトライアルラウンド浦和　第２戦Ｃ２,1400,ダ,左,稍重,晴,12,7,10,サンディロン,牝,8,54.0,465,5,谷原柚,小林真,,6,1:31.6,38.4,4-4-8-8,5,465,5
2025/10/30,浦和,9,ＹＪＳトライアルラウンド浦和　第２戦Ｃ２,1400,ダ,左,稍重,晴,12,8,12,アンジェマリーナ,牝,4,54.0,428,-13,所　蛍,川島豊,,7,1:31.6,38.2,9-8-10-10,4,428,-13
2025/10/30,浦和,9,ＹＪＳトライアルラウンド浦和　第２戦Ｃ２,1400,ダ,左,稍重,晴,12,4,4,ユウユウロザリウム,牝,3,54.0,460,9,石田拓,横山保,,8,1:31.8,38.4,5-6-9-7,7,460,9
2025/10/30,浦和,9,ＹＪＳトライアルラウンド浦和　第２戦Ｃ２,1400,ダ,左,稍重,晴,12,1,1,ゴールドキッド,牡,3,56.0,427,-2,山本大,鹿沼和,,9,1:31.9,38.5,7-9-12-11,12,427,-2
2025/10/30,浦和,9,ＹＪＳトライアルラウンド浦和　第２戦Ｃ２,1400,ダ,左,稍重,晴,12,8,11,リュウノファントム,牡,5,56.0,472,-7,佐藤翔,野口孝,,10,1:31.9,38.8,6-5-4-4,11,472,-7
2025/10/30,浦和,9,ＹＪＳトライアルラウンド浦和　第２戦Ｃ２,1400,ダ,左,稍重,晴,12,2,2,タイヘイノヨ,セ,0,56.0,517,7,遠藤汰,工藤伸,,11,1:31.9,38.8,10-10-3-5,8,517,7
2025/10/30,浦和,9,ＹＪＳトライアルラウンド浦和　第２戦Ｃ２,1400,ダ,左,稍重,晴,12,6,8,シェルヴァレイ,牡,3,56.0,446,6,長浜鴻,酒井一,,12,1:32.5,38.9,12-12-11-12,9,446,6
2025/10/30,浦和,10,Ｊ交 マルチフェア特別Ｂ２Ｂ３選抜馬,1400,ダ,左,稍重,晴,12,4,4,パイロビーム,牡,4,55.0,459,4,福原杏,小久智,,1,1:27.9,38.0,1-1-1-1,3,459,4
2025/10/30,浦和,10,Ｊ交 マルチフェア特別Ｂ２Ｂ３選抜馬,1400,ダ,左,稍重,晴,12,7,9,オニアシ,牡,3,55.0,457,1,菅原涼,藤原智,,2,1:28.1,37.8,4-3-3-2,5,457,1
2025/10/30,浦和,10,Ｊ交 マルチフェア特別Ｂ２Ｂ３選抜馬,1400,ダ,左,稍重,晴,12,8,11,ケンキートス,牡,5,57.0,532,26,笹川翼,繁田健,,3,1:28.6,37.9,5-5-5-3,2,532,26
2025/10/30,浦和,10,Ｊ交 マルチフェア特別Ｂ２Ｂ３選抜馬,1400,ダ,左,稍重,晴,12,5,6,ロードリレーション,牡,4,57.0,464,-2,張田昂,辻野泰,,4,1:28.8,37.9,8-8-6-6,6,464,-2
2025/10/30,浦和,10,Ｊ交 マルチフェア特別Ｂ２Ｂ３選抜馬,1400,ダ,左,稍重,晴,12,7,10,バレル,牡,6,56.0,472,-2,鷹見陸,井上智,,5,1:29.0,38.7,3-4-4-5,4,472,-2
2025/10/30,浦和,10,Ｊ交 マルチフェア特別Ｂ２Ｂ３選抜馬,1400,ダ,左,稍重,晴,12,8,12,ダンディジャック,牡,6,57.0,510,1,保園翔,川村守,,6,1:29.1,37.6,10-10-9-9,8,510,1
2025/10/30,浦和,10,Ｊ交 マルチフェア特別Ｂ２Ｂ３選抜馬,1400,ダ,左,稍重,晴,12,2,2,イサチルプリンス,セ,0,57.0,503,-6,新原周,林隆之,,7,1:29.2,38.1,6-6-8-7,10,503,-6
2025/10/30,浦和,10,Ｊ交 マルチフェア特別Ｂ２Ｂ３選抜馬,1400,ダ,左,稍重,晴,12,6,7,ブルスケッタ,牝,4,52.0,508,0,佐藤翔,小手準,,8,1:29.4,38.5,7-7-7-8,9,508,0
2025/10/30,浦和,10,Ｊ交 マルチフェア特別Ｂ２Ｂ３選抜馬,1400,ダ,左,稍重,晴,12,5,5,プラティクレール,牝,5,55.0,495,0,野畑凌,水野貴,,9,1:29.6,39.3,2-2-2-4,1,495,0
2025/10/30,浦和,10,Ｊ交 マルチフェア特別Ｂ２Ｂ３選抜馬,1400,ダ,左,稍重,晴,12,1,1,トライデント,牡,4,54.0,520,10,石田拓,新開幸,,10,1:30.3,37.2,11-11-11-11,7,520,10
2025/10/30,浦和,10,Ｊ交 マルチフェア特別Ｂ２Ｂ３選抜馬,1400,ダ,左,稍重,晴,12,6,8,アイファーマオ,牝,6,53.0,453,1,長浜鴻,根本康,,11,1:31.2,39.3,9-9-10-10,11,453,1
2025/10/30,浦和,10,Ｊ交 マルチフェア特別Ｂ２Ｂ３選抜馬,1400,ダ,左,稍重,晴,12,3,3,ライクファーザー,牡,4,54.0,0,0,中山遥,武藤善,,,,,,,0,0
2025/10/30,浦和,11,神無月特別Ａ２下,1500,ダ,左,稍重,晴,12,8,11,ケンタッキースカイ,牡,4,55.0,527,20,菅原涼,藤原智,,1,1:34.9,37.9,1-1-1-1,8,527,20
2025/10/30,浦和,11,神無月特別Ａ２下,1500,ダ,左,稍重,晴,12,1,1,トノパー,牡,5,57.0,512,1,笹川翼,小久智,,2,1:34.9,37.8,2-2-2-2,1,512,1
2025/10/30,浦和,11,神無月特別Ａ２下,1500,ダ,左,稍重,晴,12,2,2,ダイメイタマナ,牡,5,52.0,506,3,中山遥,野口孝,,3,1:35.1,37.7,3-4-5-3,3,506,3
2025/10/30,浦和,11,神無月特別Ａ２下,1500,ダ,左,稍重,晴,12,6,7,エナジーポコアポコ,牡,5,55.0,464,0,野畑凌,繁田健,,4,1:35.4,37.5,11-11-9-4,7,464,0
2025/10/30,浦和,11,神無月特別Ａ２下,1500,ダ,左,稍重,晴,12,4,4,リョウタスペシャル,牡,5,55.0,444,11,福原杏,小澤宏,,5,1:35.4,37.8,6-7-7-7,9,444,11
2025/10/30,浦和,11,神無月特別Ａ２下,1500,ダ,左,稍重,晴,12,5,5,アムクラージュ,セ,0,57.0,519,-4,吉井章,藤原智,,6,1:35.9,38.0,9-9-10-8,11,519,-4
2025/10/30,浦和,11,神無月特別Ａ２下,1500,ダ,左,稍重,晴,12,7,10,ランドマックス,牡,4,55.0,505,6,木間龍,矢野義,,7,1:36.4,39.0,5-5-4-6,6,505,6
2025/10/30,浦和,11,神無月特別Ａ２下,1500,ダ,左,稍重,晴,12,6,8,ニシノカシミヤ,牝,5,55.0,474,-4,張田昂,市村誠,,8,1:36.5,39.3,4-3-3-5,2,474,-4
2025/10/30,浦和,11,神無月特別Ａ２下,1500,ダ,左,稍重,晴,12,5,6,アメリカンシード,牡,8,56.0,491,-7,鷹見陸,藤田輝,,9,1:36.7,39.0,8-8-8-9,5,491,-7
2025/10/30,浦和,11,神無月特別Ａ２下,1500,ダ,左,稍重,晴,12,3,3,ハグレグモ,牡,4,55.0,496,-20,笠野雄,平山真,,10,1:36.8,38.7,10-10-11-11,4,496,-20
2025/10/30,浦和,11,神無月特別Ａ２下,1500,ダ,左,稍重,晴,12,8,12,タロサンダー,牡,4,53.0,494,-3,山中悠,小久智,,11,1:37.0,39.5,7-6-6-10,10,494,-3
2025/10/30,浦和,11,神無月特別Ａ２下,1500,ダ,左,稍重,晴,12,7,9,ブリヨンカズマ,牡,6,55.0,540,22,半澤慶,宇野博,,12,1:40.8,40.7,12-12-12-12,12,540,22
2025/10/30,浦和,12,実りの秋特別Ｃ１選抜馬ア,2000,ダ,左,稍重,晴,12,7,10,マナコル,牡,3,56.0,512,-2,山中悠,藤原智,,1,2:13.6,38.4,1-1-1-1,1,512,-2
2025/10/30,浦和,12,実りの秋特別Ｃ１選抜馬ア,2000,ダ,左,稍重,晴,12,8,12,スティールウィル,セ,0,56.0,502,7,伊藤裕,秋山直,,2,2:14.2,38.9,5-6-3-3,8,502,7
2025/10/30,浦和,12,実りの秋特別Ｃ１選抜馬ア,2000,ダ,左,稍重,晴,12,4,4,フォートウィリアム,セ,0,56.0,522,11,室陽一,吉田正,,3,2:14.2,38.1,10-10-7-6,11,522,11
2025/10/30,浦和,12,実りの秋特別Ｃ１選抜馬ア,2000,ダ,左,稍重,晴,12,5,5,アンジュメロディ,牝,3,54.0,456,-12,櫻井光,佐藤博,,4,2:14.2,38.8,4-4-4-2,6,456,-12
2025/10/30,浦和,12,実りの秋特別Ｃ１選抜馬ア,2000,ダ,左,稍重,晴,12,5,6,マイキーマジック,牡,5,56.0,500,6,庄司大,矢内博,,5,2:14.5,38.5,9-9-8-8,9,500,6
2025/10/30,浦和,12,実りの秋特別Ｃ１選抜馬ア,2000,ダ,左,稍重,晴,12,1,1,ヘニーズネフュー,牡,4,56.0,481,4,本橋孝,鈴木義,,6,2:14.5,38.3,12-12-11-9,7,481,4
2025/10/30,浦和,12,実りの秋特別Ｃ１選抜馬ア,2000,ダ,左,稍重,晴,12,8,11,ソルテア,牡,5,53.0,473,2,佐藤翔,水野貴,,7,2:14.6,39.2,3-3-5-5,5,473,2
2025/10/30,浦和,12,実りの秋特別Ｃ１選抜馬ア,2000,ダ,左,稍重,晴,12,7,9,クワイトポッシブル,牝,4,54.0,405,4,吉井章,武井和,,8,2:14.9,39.7,2-2-2-4,10,405,4
2025/10/30,浦和,12,実りの秋特別Ｃ１選抜馬ア,2000,ダ,左,稍重,晴,12,6,7,タイムトゥキル,牝,5,54.0,508,0,町田直,内田勝,,9,2:15.1,39.1,7-7-10-10,4,508,0
2025/10/30,浦和,12,実りの秋特別Ｃ１選抜馬ア,2000,ダ,左,稍重,晴,12,3,3,イデアノキセキ,牡,6,55.0,456,5,及川烈,鹿沼和,,10,2:15.4,39.8,6-5-6-7,2,456,5
2025/10/30,浦和,12,実りの秋特別Ｃ１選抜馬ア,2000,ダ,左,稍重,晴,12,2,2,アニモ,牝,4,54.0,425,1,七夕裕,川島豊,,11,2:16.9,40.5,11-11-12-12,12,425,1
2025/10/30,浦和,12,実りの秋特別Ｃ１選抜馬ア,2000,ダ,左,稍重,晴,12,6,8,コスモパンドラ,牝,6,54.0,472,7,野畑凌,箕輪武,,12,2:18.1,42.3,8-8-9-11,3,472,7
2025/10/31,浦和,1,３歳三,1300,ダ,左,稍重,曇,11,4,4,チェリスト,牡,3,56.0,493,14,篠谷葵,山本学,,1,1:21.5,37.1,2-1-1-1,1,493,14
2025/10/31,浦和,1,３歳三,1300,ダ,左,稍重,曇,11,3,3,クレイジーホース,セ,0,55.0,481,-7,及川烈,長谷忍,,2,1:24.3,38.8,8-8-8-6,4,481,-7
2025/10/31,浦和,1,３歳三,1300,ダ,左,稍重,曇,11,8,11,タマモクロッシェ,牝,3,54.0,455,15,高橋哲,水野貴,,3,1:24.5,39.9,4-4-2-2,2,455,15
2025/10/31,浦和,1,３歳三,1300,ダ,左,稍重,曇,11,7,8,プリヤンカー,牝,3,51.0,487,23,中山遥,小林真,,4,1:24.5,39.8,3-3-4-3,3,487,23
2025/10/31,浦和,1,３歳三,1300,ダ,左,稍重,曇,11,6,7,サージ,セ,0,56.0,0,0,室陽一,宇野博,,5,1:24.8,39.9,6-6-5-5,5,0,0
2025/10/31,浦和,1,３歳三,1300,ダ,左,稍重,曇,11,2,2,アヤサンムギタ,牡,3,55.0,479,-5,佐野遥,野口寛,,6,1:25.4,40.4,7-7-6-7,11,479,-5
2025/10/31,浦和,1,３歳三,1300,ダ,左,稍重,曇,11,8,10,ジャックルージュ,牡,3,56.0,446,-1,保園翔,川村守,,7,1:25.5,39.0,11-11-11-8,10,446,-1
2025/10/31,浦和,1,３歳三,1300,ダ,左,稍重,曇,11,6,6,ダイタヴァルキリー,牝,3,54.0,482,1,木間龍,長谷剛,,8,1:26.1,41.6,1-2-3-4,7,482,1
2025/10/31,浦和,1,３歳三,1300,ダ,左,稍重,曇,11,7,9,ゴールドアメリカン,牡,3,56.0,470,11,秋元耕,野口孝,,9,1:26.7,41.0,10-10-9-9,8,470,11
2025/10/31,浦和,1,３歳三,1300,ダ,左,稍重,曇,11,1,1,ビナブンタウ,牝,3,54.0,420,30,福原杏,水野貴,,10,1:27.3,41.7,9-9-10-10,9,420,30
2025/10/31,浦和,1,３歳三,1300,ダ,左,稍重,曇,11,5,5,タカイチアスコット,牝,3,54.0,0,0,岡田大,薮口一,,11,1:28.5,43.5,5-5-7-11,6,0,0
2025/10/31,浦和,2,浦和８００ラウンドＣ３選抜馬イ,800,ダ,左,稍重,曇,11,7,9,スーパーサイクル,牡,6,56.0,479,1,山中悠,繁田健,,1,0:47.8,35.7,1-1,1,479,1
2025/10/31,浦和,2,浦和８００ラウンドＣ３選抜馬イ,800,ダ,左,稍重,曇,11,8,10,パトウォン,牡,6,56.0,583,0,櫻井光,久保秀,,2,0:48.2,35.9,2-2,6,583,0
2025/10/31,浦和,2,浦和８００ラウンドＣ３選抜馬イ,800,ダ,左,稍重,曇,11,3,3,ジュニパーダンス,牝,7,52.0,466,6,ミシェ,酒井一,,3,0:48.7,35.9,5-4,7,466,6
2025/10/31,浦和,2,浦和８００ラウンドＣ３選抜馬イ,800,ダ,左,稍重,曇,11,6,6,カラドボルグ,牡,7,53.0,491,-2,中山遥,吉田正,,4,0:48.8,36.5,3-5,2,491,-2
2025/10/31,浦和,2,浦和８００ラウンドＣ３選抜馬イ,800,ダ,左,稍重,曇,11,4,4,マダムファンタジア,牝,4,54.0,463,-6,室陽一,川村守,,5,0:48.9,36.3,4-3,8,463,-6
2025/10/31,浦和,2,浦和８００ラウンドＣ３選抜馬イ,800,ダ,左,稍重,曇,11,8,11,ダイエービルベリー,牝,7,54.0,496,-1,矢野貴,酒井一,,6,0:49.2,36.3,7-6,3,496,-1
2025/10/31,浦和,2,浦和８００ラウンドＣ３選抜馬イ,800,ダ,左,稍重,曇,11,2,2,リュウノアーダーン,牝,7,54.0,444,-5,篠谷葵,川村守,,7,0:49.4,36.9,6-7,5,444,-5
2025/10/31,浦和,2,浦和８００ラウンドＣ３選抜馬イ,800,ダ,左,稍重,曇,11,7,8,グレル,牝,7,54.0,461,-16,半澤慶,川村守,,8,0:49.5,36.2,9-9,10,461,-16
2025/10/31,浦和,2,浦和８００ラウンドＣ３選抜馬イ,800,ダ,左,稍重,曇,11,1,1,ブルーグリッター,セ,0,56.0,446,1,木間龍,大津剛,,9,0:49.5,36.5,8-8,4,446,1
2025/10/31,浦和,2,浦和８００ラウンドＣ３選抜馬イ,800,ダ,左,稍重,曇,11,5,5,スマートドラフト,牝,6,54.0,458,-1,赤津和,鈴木勝,,10,0:50.3,37.0,10-10,11,458,-1
2025/10/31,浦和,2,浦和８００ラウンドＣ３選抜馬イ,800,ダ,左,稍重,曇,11,6,7,ゴールドボード,牝,6,54.0,520,10,秋元耕,箕輪武,,11,0:50.5,36.8,11-11,9,520,10
2025/10/31,浦和,3,Ｃ２十 十一,1400,ダ,左,稍重,曇,10,7,8,デイジーカプシーヌ,牝,7,54.0,485,-8,篠谷葵,海馬司,,1,1:30.2,38.9,1-1-1-1,2,485,-8
2025/10/31,浦和,3,Ｃ２十 十一,1400,ダ,左,稍重,曇,10,2,2,フクシマジンロッソ,牡,3,56.0,450,2,笹川翼,高月賢,,2,1:30.4,38.8,4-4-5-4,3,450,2
2025/10/31,浦和,3,Ｃ２十 十一,1400,ダ,左,稍重,曇,10,7,7,ハイタッチマドンナ,牝,3,54.0,445,2,秋元耕,鹿沼和,,3,1:30.7,39.1,6-6-3-2,6,445,2
2025/10/31,浦和,3,Ｃ２十 十一,1400,ダ,左,稍重,曇,10,6,6,セイブザクイーン,牝,3,54.0,493,2,山中悠,宇野博,,4,1:31.3,39.1,8-8-7-5,8,493,2
2025/10/31,浦和,3,Ｃ２十 十一,1400,ダ,左,稍重,曇,10,8,9,フェアーメロディ,牝,3,54.0,434,0,野畑凌,秋山直,,5,1:31.4,40.0,2-2-2-3,1,434,0
2025/10/31,浦和,3,Ｃ２十 十一,1400,ダ,左,稍重,曇,10,4,4,エーアイキリシマ,牡,4,56.0,459,-1,保園翔,川村守,,6,1:31.7,40.0,5-5-6-7,5,459,-1
2025/10/31,浦和,3,Ｃ２十 十一,1400,ダ,左,稍重,曇,10,1,1,アンジェラカフェ,牝,6,54.0,489,5,岡村裕,山田正,,7,1:31.7,39.1,9-10-10-8,9,489,5
2025/10/31,浦和,3,Ｃ２十 十一,1400,ダ,左,稍重,曇,10,8,10,シーギリア,牝,5,54.0,473,0,本橋孝,野口寛,,8,1:31.8,40.3,3-3-4-6,4,473,0
2025/10/31,浦和,3,Ｃ２十 十一,1400,ダ,左,稍重,曇,10,3,3,カイジンビリーヴ,牡,7,56.0,521,3,高橋哲,入口由,,9,1:32.0,39.6,10-9-9-9,10,521,3
2025/10/31,浦和,3,Ｃ２十 十一,1400,ダ,左,稍重,曇,10,5,5,ニシノミモザ,牝,4,54.0,437,-8,福原杏,吉田正,,10,1:33.7,41.6,7-7-8-10,7,437,-8
2025/10/31,浦和,4,Ｃ２十 十一,1500,ダ,左,稍重,曇,11,6,6,ハヌマーンビーチ,牡,5,56.0,449,4,岡田大,鹿沼和,,1,1:37.6,39.3,4-4-4-3,2,449,4
2025/10/31,浦和,4,Ｃ２十 十一,1500,ダ,左,稍重,曇,11,5,5,フクフクテンテン,牝,5,51.0,506,-8,加藤雄,甲田悟,,2,1:37.8,39.8,3-3-3-4,5,506,-8
2025/10/31,浦和,4,Ｃ２十 十一,1500,ダ,左,稍重,曇,11,7,9,ヴォーゲルワンド,牝,3,54.0,519,-18,福原杏,繁田健,,3,1:37.9,40.3,1-1-1-1,4,519,-18
2025/10/31,浦和,4,Ｃ２十 十一,1500,ダ,左,稍重,曇,11,6,7,マロンルピナス,牝,5,54.0,434,-8,新原周,村田順,,4,1:38.0,39.5,6-6-6-5,3,434,-8
2025/10/31,浦和,4,Ｃ２十 十一,1500,ダ,左,稍重,曇,11,1,1,ショウナンバージ,牝,3,54.0,427,4,野畑凌,小久智,,5,1:38.1,40.3,2-2-2-2,1,427,4
2025/10/31,浦和,4,Ｃ２十 十一,1500,ダ,左,稍重,曇,11,3,3,ボヌールネージュ,牝,3,54.0,464,-2,町田直,内田勝,,6,1:38.3,39.8,5-5-5-6,8,464,-2
2025/10/31,浦和,4,Ｃ２十 十一,1500,ダ,左,稍重,曇,11,7,8,ジャストザヴァルス,牝,5,54.0,444,10,室陽一,宇野博,,7,1:38.7,39.8,8-8-8-8,9,444,10
2025/10/31,浦和,4,Ｃ２十 十一,1500,ダ,左,稍重,曇,11,2,2,ブルードラゴン,牝,3,54.0,415,-4,今野忠,安池成,,8,1:39.0,40.2,7-7-7-7,7,415,-4
2025/10/31,浦和,4,Ｃ２十 十一,1500,ダ,左,稍重,曇,11,8,10,イリバーレ,牡,3,56.0,481,3,赤津和,海馬司,,9,1:39.2,39.6,9-9-10-10,6,481,3
2025/10/31,浦和,4,Ｃ２十 十一,1500,ダ,左,稍重,曇,11,8,11,マイネルグローリエ,牡,6,56.0,527,0,西村栄,石井勝,,10,1:39.4,39.9,10-10-9-9,11,527,0
2025/10/31,浦和,4,Ｃ２十 十一,1500,ダ,左,稍重,曇,11,4,4,レインボーグラン,牝,3,51.0,430,7,中山遥,酒井一,,11,1:40.8,40.6,11-11-11-11,10,430,7
2025/10/31,浦和,5,特選Ｃ１Ｃ２選抜馬イ選抜馬ア,800,ダ,左,稍重,曇,12,5,6,タイトルコール,牝,3,53.0,455,4,福原杏,水野貴,,1,0:48.2,36.0,7-5,7,455,4
2025/10/31,浦和,5,特選Ｃ１Ｃ２選抜馬イ選抜馬ア,800,ダ,左,稍重,曇,12,1,1,エリークラウン,牝,6,55.0,473,1,町田直,入口由,,2,0:48.4,36.7,4-4,4,473,1
2025/10/31,浦和,5,特選Ｃ１Ｃ２選抜馬イ選抜馬ア,800,ダ,左,稍重,曇,12,7,9,ニシノルミリオン,牡,4,57.0,497,-3,岡田大,冨田敏,,3,0:48.6,36.0,9-8,3,497,-3
2025/10/31,浦和,5,特選Ｃ１Ｃ２選抜馬イ選抜馬ア,800,ダ,左,稍重,曇,12,8,11,ウィルトゥーウェル,牝,3,53.0,453,9,見越彬,水上直,,4,0:48.6,37.0,1-1,2,453,9
2025/10/31,浦和,5,特選Ｃ１Ｃ２選抜馬イ選抜馬ア,800,ダ,左,稍重,曇,12,2,2,シェナエース,牡,4,55.0,533,16,七夕裕,冨田敏,,5,0:48.7,36.8,5-3,5,533,16
2025/10/31,浦和,5,特選Ｃ１Ｃ２選抜馬イ選抜馬ア,800,ダ,左,稍重,曇,12,3,3,ヒューマンライツ,牡,4,54.0,501,1,佐野遥,久保秀,,6,0:49.1,37.5,2-2,9,501,1
2025/10/31,浦和,5,特選Ｃ１Ｃ２選抜馬イ選抜馬ア,800,ダ,左,稍重,曇,12,6,7,ラブアンドビーンズ,牝,3,50.0,488,6,中山遥,水上直,,7,0:49.1,36.9,6-7,1,488,6
2025/10/31,浦和,5,特選Ｃ１Ｃ２選抜馬イ選抜馬ア,800,ダ,左,稍重,曇,12,5,5,エルリーブル,セ,0,55.0,475,-1,山林信,平田正,,8,0:49.2,37.1,8-9,8,475,-1
2025/10/31,浦和,5,特選Ｃ１Ｃ２選抜馬イ選抜馬ア,800,ダ,左,稍重,曇,12,7,10,ツーエムルーイー,牝,5,53.0,555,24,室陽一,小澤宏,,9,0:49.3,36.5,11-10,11,555,24
2025/10/31,浦和,5,特選Ｃ１Ｃ２選抜馬イ選抜馬ア,800,ダ,左,稍重,曇,12,4,4,ニシノアクシス,牡,8,55.0,503,7,國分祐,吉田正,,10,0:49.4,35.8,12-12,12,503,7
2025/10/31,浦和,5,特選Ｃ１Ｃ２選抜馬イ選抜馬ア,800,ダ,左,稍重,曇,12,8,12,サンシスイメイ,牝,4,53.0,386,5,半澤慶,入口由,,11,0:49.5,37.9,3-6,6,386,5
2025/10/31,浦和,5,特選Ｃ１Ｃ２選抜馬イ選抜馬ア,800,ダ,左,稍重,曇,12,6,8,サンファウンテン,牡,4,56.0,474,12,及川烈,長谷忍,,12,0:49.9,37.5,10-11,10,474,12
2025/10/31,浦和,6,デビュタント賞２歳選抜牝馬,1400,ダ,左,稍重,曇,12,7,10,トウキョーアンナ,牝,2,55.0,505,4,本橋孝,石井勝,,1,1:29.8,39.6,3-3-3-2,1,505,4
2025/10/31,浦和,6,デビュタント賞２歳選抜牝馬,1400,ダ,左,稍重,曇,12,3,3,カンターレ,牝,2,54.0,455,-8,篠谷葵,山本学,,2,1:30.0,38.9,10-12-12-8,3,455,-8
2025/10/31,浦和,6,デビュタント賞２歳選抜牝馬,1400,ダ,左,稍重,曇,12,4,4,ユウユウコルネット,牝,2,54.0,412,4,室陽一,横山保,,3,1:30.1,39.7,6-4-5-4,2,412,4
2025/10/31,浦和,6,デビュタント賞２歳選抜牝馬,1400,ダ,左,稍重,曇,12,5,6,アジアンビジョン,牝,2,54.0,439,-2,福原杏,川島豊,,4,1:30.1,40.2,1-1-1-1,6,439,-2
2025/10/31,浦和,6,デビュタント賞２歳選抜牝馬,1400,ダ,左,稍重,曇,12,8,12,ウールドランジュ,牝,2,52.0,455,6,ミシェ,平山真,,5,1:30.5,39.4,11-11-9-7,7,455,6
2025/10/31,浦和,6,デビュタント賞２歳選抜牝馬,1400,ダ,左,稍重,曇,12,6,8,ミオサンダー,牝,2,54.0,444,1,古岡勇,加藤誠,,6,1:30.6,40.6,2-2-2-3,10,444,1
2025/10/31,浦和,6,デビュタント賞２歳選抜牝馬,1400,ダ,左,稍重,曇,12,8,11,ラスールフルール,牝,2,54.0,414,-1,矢野貴,山田質,,7,1:30.8,40.4,4-6-4-5,5,414,-1
2025/10/31,浦和,6,デビュタント賞２歳選抜牝馬,1400,ダ,左,稍重,曇,12,7,9,ハーティーアイズ,牝,2,54.0,449,1,木間龍,新井清,,8,1:31.0,40.5,8-9-6-6,9,449,1
2025/10/31,浦和,6,デビュタント賞２歳選抜牝馬,1400,ダ,左,稍重,曇,12,6,7,パレットフレイバー,牝,2,54.0,459,-4,野畑凌,繁田健,,9,1:32.3,41.5,9-8-10-10,8,459,-4
2025/10/31,浦和,6,デビュタント賞２歳選抜牝馬,1400,ダ,左,稍重,曇,12,2,2,ミラコロピリナ,牝,2,54.0,468,-1,山中悠,小澤宏,,10,1:32.3,41.3,12-10-11-12,12,468,-1
2025/10/31,浦和,6,デビュタント賞２歳選抜牝馬,1400,ダ,左,稍重,曇,12,1,1,ハニーマスタード,牝,2,54.0,464,-9,達城龍,工藤伸,,11,1:32.3,41.8,5-5-7-9,4,464,-9
2025/10/31,浦和,6,デビュタント賞２歳選抜牝馬,1400,ダ,左,稍重,曇,12,5,5,バルカロール,牝,2,54.0,451,-10,西啓太,藤原智,,12,1:33.4,42.6,7-7-8-11,11,451,-10
2025/10/31,浦和,7,Ｃ１五 六,1400,ダ,左,稍重,曇,12,1,1,ツーエムフリーク,牝,5,54.0,516,-7,山中悠,小澤宏,,1,1:29.0,39.5,5-5-3-3,3,516,-7
2025/10/31,浦和,7,Ｃ１五 六,1400,ダ,左,稍重,曇,12,6,8,エコロスヴァル,セ,0,56.0,497,2,野畑凌,水野貴,,2,1:29.2,39.9,3-4-2-2,1,497,2
2025/10/31,浦和,7,Ｃ１五 六,1400,ダ,左,稍重,曇,12,4,4,ユーロジータビート,牡,3,56.0,544,9,笹川翼,繁田健,,3,1:29.3,40.0,2-2-1-1,2,544,9
2025/10/31,浦和,7,Ｃ１五 六,1400,ダ,左,稍重,曇,12,5,6,ビールボーイ,牡,3,56.0,441,-2,笠野雄,平山真,,4,1:29.6,38.9,10-11-11-8,6,441,-2
2025/10/31,浦和,7,Ｃ１五 六,1400,ダ,左,稍重,曇,12,6,7,ケイアイマゴラ,セ,0,56.0,465,3,櫻井光,海馬司,,5,1:29.7,39.6,7-7-6-5,9,465,3
2025/10/31,浦和,7,Ｃ１五 六,1400,ダ,左,稍重,曇,12,7,10,ベストポスト,牡,4,56.0,521,2,木間龍,小久智,,6,1:29.9,39.8,6-6-7-6,4,521,2
2025/10/31,浦和,7,Ｃ１五 六,1400,ダ,左,稍重,曇,12,8,12,ピーチマカロン,牝,3,54.0,474,-6,新原周,鈴木義,,7,1:30.3,40.8,4-3-4-4,7,474,-6
2025/10/31,浦和,7,Ｃ１五 六,1400,ダ,左,稍重,曇,12,2,2,ブリリアントスピカ,牝,4,54.0,487,-1,池谷匠,古澤悟,,8,1:30.9,40.4,11-10-8-7,10,487,-1
2025/10/31,浦和,7,Ｃ１五 六,1400,ダ,左,稍重,曇,12,7,9,ショコラクイーン,牝,5,54.0,495,-1,矢野貴,内田勝,,9,1:31.3,40.8,9-8-9-9,8,495,-1
2025/10/31,浦和,7,Ｃ１五 六,1400,ダ,左,稍重,曇,12,3,3,メルティーショコラ,牝,5,51.0,443,-9,神尾香,今井輝,,10,1:31.8,41.1,12-12-12-11,12,443,-9
2025/10/31,浦和,7,Ｃ１五 六,1400,ダ,左,稍重,曇,12,5,5,クラパッション,牝,3,54.0,483,-6,菅原涼,藤原智,,11,1:32.0,42.7,1-1-5-10,11,483,-6
2025/10/31,浦和,7,Ｃ１五 六,1400,ダ,左,稍重,曇,12,8,11,エステティーカ,牡,3,56.0,499,10,本橋孝,野口寛,,12,1:32.8,42.3,8-9-10-12,5,499,10
2025/10/31,浦和,8,浦和エイトチャレンジＣ１五 六,1500,ダ,左,稍重,曇,9,8,8,アンクローシュ,牝,4,54.0,435,-6,野畑凌,小澤宏,,1,1:36.8,38.7,1-1-1-1,1,435,-6
2025/10/31,浦和,8,浦和エイトチャレンジＣ１五 六,1500,ダ,左,稍重,曇,9,1,1,ヨルノチョウ,牝,3,54.0,486,9,藤本現,平山真,,2,1:37.6,39.0,6-6-4-4,6,486,9
2025/10/31,浦和,8,浦和エイトチャレンジＣ１五 六,1500,ダ,左,稍重,曇,9,8,9,レーヌバンケット,牝,3,54.0,422,-6,保園翔,小久智,,3,1:37.6,39.4,2-2-3-3,7,422,-6
2025/10/31,浦和,8,浦和エイトチャレンジＣ１五 六,1500,ダ,左,稍重,曇,9,7,7,ヴェッターホルン,セ,0,56.0,493,7,福原杏,宇野博,,4,1:37.8,39.6,3-3-2-2,3,493,7
2025/10/31,浦和,8,浦和エイトチャレンジＣ１五 六,1500,ダ,左,稍重,曇,9,5,5,ラブリーモンスター,牡,3,56.0,476,-7,笠野雄,海馬司,,5,1:38.4,39.8,5-5-5-5,2,476,-7
2025/10/31,浦和,8,浦和エイトチャレンジＣ１五 六,1500,ダ,左,稍重,曇,9,3,3,シュヴァルツナーガ,牝,5,54.0,426,-25,秋元耕,薮口一,,6,1:38.5,39.1,7-8-8-7,5,426,-25
2025/10/31,浦和,8,浦和エイトチャレンジＣ１五 六,1500,ダ,左,稍重,曇,9,4,4,リンガススウィート,牝,5,54.0,541,-4,櫻井光,佐藤博,,7,1:38.5,39.5,8-7-6-6,4,541,-4
2025/10/31,浦和,8,浦和エイトチャレンジＣ１五 六,1500,ダ,左,稍重,曇,9,2,2,オーケーソニック,牝,4,51.0,433,-5,加藤雄,武井和,,8,1:39.6,40.8,4-4-7-8,8,433,-5
2025/10/31,浦和,8,浦和エイトチャレンジＣ１五 六,1500,ダ,左,稍重,曇,9,6,6,ディスクリプション,牝,3,54.0,0,0,中越琉,鈴木義,,,,,,,0,0
2025/10/31,浦和,9,ハッピーハロウィン特別Ｂ３一,1500,ダ,左,稍重,雨,8,2,2,ユキグニ,牡,6,56.0,501,0,保園翔,水上直,,1,1:34.7,37.4,1-1-1-1,3,501,0
2025/10/31,浦和,9,ハッピーハロウィン特別Ｂ３一,1500,ダ,左,稍重,雨,8,5,5,トーセンジェミニ,牝,5,54.0,444,10,笹川翼,小久智,,2,1:35.4,37.9,2-2-2-2,1,444,10
2025/10/31,浦和,9,ハッピーハロウィン特別Ｂ３一,1500,ダ,左,稍重,雨,8,7,7,エンジェルリッター,牡,5,56.0,507,3,町田直,内田勝,,3,1:35.5,37.8,5-4-5-3,4,507,3
2025/10/31,浦和,9,ハッピーハロウィン特別Ｂ３一,1500,ダ,左,稍重,雨,8,1,1,オデンシタ,牡,5,56.0,473,8,篠谷葵,野口寛,,4,1:35.9,38.2,7-7-4-5,6,473,8
2025/10/31,浦和,9,ハッピーハロウィン特別Ｂ３一,1500,ダ,左,稍重,雨,8,8,8,キャプテンブルー,セ,0,56.0,472,-1,矢野貴,伊藤滋,,5,1:36.5,38.9,3-3-3-4,2,472,-1
2025/10/31,浦和,9,ハッピーハロウィン特別Ｂ３一,1500,ダ,左,稍重,雨,8,4,4,ミラクルランバック,牡,6,56.0,523,8,西啓太,藤原智,,6,1:36.8,38.9,6-6-6-6,5,523,8
2025/10/31,浦和,9,ハッピーハロウィン特別Ｂ３一,1500,ダ,左,稍重,雨,8,6,6,スティールシャトル,牝,5,51.0,469,3,中山遥,川島豊,,7,1:37.9,40.0,4-5-7-7,7,469,3
2025/10/31,浦和,9,ハッピーハロウィン特別Ｂ３一,1500,ダ,左,稍重,雨,8,3,3,サブリュウシン,牡,5,56.0,476,3,福原杏,平山真,,,,,,,476,3
2025/10/31,浦和,10,小春特別Ｃ２Ｃ３選抜馬ウ選抜馬ア,2000,ダ,左,稍重,雨,12,8,11,キングブルズアイズ,セ,0,57.0,478,3,笹川翼,繁田健,,1,2:15.0,40.9,1-1-1-1,1,478,3
2025/10/31,浦和,10,小春特別Ｃ２Ｃ３選抜馬ウ選抜馬ア,2000,ダ,左,稍重,雨,12,5,5,メイショウサノサ,牝,3,52.0,447,1,中山遥,入口由,,2,2:15.6,39.8,9-10-8-5,2,447,1
2025/10/31,浦和,10,小春特別Ｃ２Ｃ３選抜馬ウ選抜馬ア,2000,ダ,左,稍重,雨,12,5,6,ルグランブルー,牝,6,53.0,456,3,七夕裕,工藤伸,,3,2:16.0,40.6,7-6-6-8,4,456,3
2025/10/31,浦和,10,小春特別Ｃ２Ｃ３選抜馬ウ選抜馬ア,2000,ダ,左,稍重,雨,12,7,9,クインズミラ,牝,4,53.0,450,-2,篠谷葵,長谷忍,,4,2:16.0,38.8,12-12-12-11,12,450,-2
2025/10/31,浦和,10,小春特別Ｃ２Ｃ３選抜馬ウ選抜馬ア,2000,ダ,左,稍重,雨,12,6,7,ミサイルビスケッツ,牝,5,53.0,419,-4,古岡勇,今井輝,,5,2:16.1,40.3,10-9-7-3,5,419,-4
2025/10/31,浦和,10,小春特別Ｃ２Ｃ３選抜馬ウ選抜馬ア,2000,ダ,左,稍重,雨,12,7,10,リュウノリエゾン,牝,4,55.0,424,4,見越彬,鹿沼和,,6,2:16.5,40.5,11-11-10-10,7,424,4
2025/10/31,浦和,10,小春特別Ｃ２Ｃ３選抜馬ウ選抜馬ア,2000,ダ,左,稍重,雨,12,8,12,エンシェントダンス,牝,3,55.0,433,11,保園翔,宇野博,,7,2:16.5,41.9,3-3-4-7,9,433,11
2025/10/31,浦和,10,小春特別Ｃ２Ｃ３選抜馬ウ選抜馬ア,2000,ダ,左,稍重,雨,12,6,8,サマーストーリー,牡,5,57.0,447,6,岡田大,冨田敏,,8,2:16.7,42.2,6-5-3-6,3,447,6
2025/10/31,浦和,10,小春特別Ｃ２Ｃ３選抜馬ウ選抜馬ア,2000,ダ,左,稍重,雨,12,3,3,フリュート,セ,0,57.0,489,-16,高橋哲,水野貴,,9,2:17.0,42.2,5-4-5-4,8,489,-16
2025/10/31,浦和,10,小春特別Ｃ２Ｃ３選抜馬ウ選抜馬ア,2000,ダ,左,稍重,雨,12,4,4,ポケットシンデレラ,牝,6,53.0,435,-1,中島良,長谷忍,,10,2:17.1,41.3,8-8-9-9,11,435,-1
2025/10/31,浦和,10,小春特別Ｃ２Ｃ３選抜馬ウ選抜馬ア,2000,ダ,左,稍重,雨,12,2,2,キミニメロメロ,牝,4,55.0,457,2,福原杏,吉田正,,11,2:18.0,43.7,2-2-2-2,6,457,2
2025/10/31,浦和,10,小春特別Ｃ２Ｃ３選抜馬ウ選抜馬ア,2000,ダ,左,稍重,雨,12,1,1,エイシンペリドット,牝,5,53.0,503,16,菅原涼,長谷忍,,12,2:18.5,42.5,4-7-11-12,10,503,16
2025/10/31,浦和,11,紅葉特別Ｂ２二,1400,ダ,左,稍重,雨,13,1,1,ピンクタオルチャン,牝,3,52.0,452,1,ミシェ,山田質,,1,1:28.0,38.0,4-6-4-3,4,452,1
2025/10/31,浦和,11,紅葉特別Ｂ２二,1400,ダ,左,稍重,雨,13,7,10,モニュメントキング,牡,9,56.0,510,7,野畑凌,箕輪武,,2,1:28.1,38.5,2-2-2-1,6,510,7
2025/10/31,浦和,11,紅葉特別Ｂ２二,1400,ダ,左,稍重,雨,13,5,6,ブレイジングヒート,牡,6,56.0,472,5,本田重,川島一,,3,1:28.1,37.6,7-7-9-4,2,472,5
2025/10/31,浦和,11,紅葉特別Ｂ２二,1400,ダ,左,稍重,雨,13,4,5,ローアヴァンフレア,セ,0,56.0,486,2,笹川翼,繁田健,,4,1:28.6,37.9,10-10-12-6,5,486,2
2025/10/31,浦和,11,紅葉特別Ｂ２二,1400,ダ,左,稍重,雨,13,7,11,モズハッピーロード,牡,7,56.0,503,-5,七夕裕,海馬司,,5,1:28.7,38.2,9-8-8-8,9,503,-5
2025/10/31,浦和,11,紅葉特別Ｂ２二,1400,ダ,左,稍重,雨,13,8,13,チョメチョメ,牡,4,56.0,497,21,町田直,宇野博,,6,1:28.7,38.7,5-4-5-5,7,497,21
2025/10/31,浦和,11,紅葉特別Ｂ２二,1400,ダ,左,稍重,雨,13,3,3,ブレイヴルーラー,牡,6,56.0,543,0,室陽一,横山保,,7,1:28.9,39.3,1-1-1-2,8,543,0
2025/10/31,浦和,11,紅葉特別Ｂ２二,1400,ダ,左,稍重,雨,13,5,7,カンデラリア,牡,4,56.0,505,2,西啓太,新井清,,8,1:29.7,39.0,8-9-10-10,3,505,2
2025/10/31,浦和,11,紅葉特別Ｂ２二,1400,ダ,左,稍重,雨,13,8,12,エーヴベリー,牝,5,51.0,503,6,中山遥,平山真,,9,1:29.8,39.1,11-11-11-11,12,503,6
2025/10/31,浦和,11,紅葉特別Ｂ２二,1400,ダ,左,稍重,雨,13,6,8,サラサグッドワーク,牡,5,56.0,530,-10,増田充,佐々仁,,10,1:29.9,39.1,12-12-13-13,10,530,-10
2025/10/31,浦和,11,紅葉特別Ｂ２二,1400,ダ,左,稍重,雨,13,4,4,ピノホホッア,牡,5,56.0,537,5,秋元耕,野口孝,,11,1:29.9,39.2,13-13-7-9,13,537,5
2025/10/31,浦和,11,紅葉特別Ｂ２二,1400,ダ,左,稍重,雨,13,2,2,ジョートビー,牝,3,54.0,509,-1,本橋孝,小久智,,12,1:30.7,40.9,3-3-3-7,1,509,-1
2025/10/31,浦和,11,紅葉特別Ｂ２二,1400,ダ,左,稍重,雨,13,6,9,ロイヤルザップ,牡,6,56.0,500,1,半澤慶,宇野博,,13,1:30.7,40.5,6-5-6-12,11,500,1
2025/10/31,浦和,12,晩秋特別Ｃ２選抜馬イ,2000,ダ,左,稍重,雨,12,1,1,キングマイネオ,牡,3,56.0,452,-4,町田直,甲田悟,,1,2:13.7,38.8,7-7-5-5,4,452,-4
2025/10/31,浦和,12,晩秋特別Ｃ２選抜馬イ,2000,ダ,左,稍重,雨,12,2,2,ビーチガール,牝,5,51.0,466,14,中山遥,小林真,,2,2:13.8,39.0,4-4-4-4,1,466,14
2025/10/31,浦和,12,晩秋特別Ｃ２選抜馬イ,2000,ダ,左,稍重,雨,12,5,5,ホットエンペラー,牡,4,56.0,523,5,山中悠,小澤宏,,3,2:14.0,40.4,1-1-1-1,2,523,5
2025/10/31,浦和,12,晩秋特別Ｃ２選抜馬イ,2000,ダ,左,稍重,雨,12,4,4,ディープオーキッド,牡,3,56.0,463,-2,加藤和,薮口一,,4,2:14.2,40.2,3-3-3-3,6,463,-2
2025/10/31,浦和,12,晩秋特別Ｃ２選抜馬イ,2000,ダ,左,稍重,雨,12,5,6,リュウノアラス,牡,4,56.0,493,0,櫻井光,川村守,,5,2:14.4,40.7,2-2-2-2,12,493,0
2025/10/31,浦和,12,晩秋特別Ｃ２選抜馬イ,2000,ダ,左,稍重,雨,12,8,12,ポンテドラーゴ,牡,6,55.0,495,-3,及川烈,海馬司,,6,2:15.0,40.1,5-5-6-6,5,495,-3
2025/10/31,浦和,12,晩秋特別Ｃ２選抜馬イ,2000,ダ,左,稍重,雨,12,3,3,マッドルビー,牝,3,54.0,399,5,七夕裕,長谷忍,,7,2:15.8,40.2,11-11-10-9,9,399,5
2025/10/31,浦和,12,晩秋特別Ｃ２選抜馬イ,2000,ダ,左,稍重,雨,12,7,10,ツガノローマン,牝,3,54.0,448,-6,篠谷葵,長谷忍,,8,2:15.8,40.7,10-10-7-7,8,448,-6
2025/10/31,浦和,12,晩秋特別Ｃ２選抜馬イ,2000,ダ,左,稍重,雨,12,6,8,ジューンサレンダー,牡,4,56.0,465,9,保園翔,川村守,,9,2:16.5,41.4,9-9-8-8,7,465,9
2025/10/31,浦和,12,晩秋特別Ｃ２選抜馬イ,2000,ダ,左,稍重,雨,12,8,11,ハシリマッセ,牡,3,54.0,469,5,中島良,川島豊,,10,2:16.8,40.8,12-12-12-11,11,469,5
2025/10/31,浦和,12,晩秋特別Ｃ２選抜馬イ,2000,ダ,左,稍重,雨,12,6,7,ミサトレッドダイヤ,牝,3,54.0,478,12,秋元耕,野口孝,,11,2:17.2,42.2,6-6-9-10,3,478,12
2025/10/31,浦和,12,晩秋特別Ｃ２選抜馬イ,2000,ダ,左,稍重,雨,12,7,9,カラフルフレスコ,牝,6,54.0,457,-11,半澤慶,工藤伸,,12,2:19.2,43.7,8-8-11-12,10,457,-11
2025/11/25,浦和,1,浦和８００ラウンド２歳選抜馬,800,ダ,左,良,雨,12,7,9,ズルタナイト,牡,2,55.0,488,10,野畑凌,小久智,,1,0:47.6,35.2,1-1,1,488,10
2025/11/25,浦和,1,浦和８００ラウンド２歳選抜馬,800,ダ,左,良,雨,12,8,12,フォーティチュード,牝,2,51.0,431,16,山本大,水野貴,,2,0:48.0,35.6,2-2,2,431,16
2025/11/25,浦和,1,浦和８００ラウンド２歳選抜馬,800,ダ,左,良,雨,12,4,4,ハニーマスタード,牝,2,54.0,452,-12,達城龍,工藤伸,,3,0:48.5,35.9,4-3,5,452,-12
2025/11/25,浦和,1,浦和８００ラウンド２歳選抜馬,800,ダ,左,良,雨,12,5,6,マイアミマツリ,牡,2,55.0,453,15,張田昂,野口孝,,4,0:48.8,36.0,5-4,4,453,15
2025/11/25,浦和,1,浦和８００ラウンド２歳選抜馬,800,ダ,左,良,雨,12,3,3,ハーティーアイズ,牝,2,54.0,446,-3,木間龍,新井清,,5,0:49.1,35.9,9-7,6,446,-3
2025/11/25,浦和,1,浦和８００ラウンド２歳選抜馬,800,ダ,左,良,雨,12,6,8,パレットフレイバー,牝,2,54.0,459,0,町田直,繁田健,,6,0:49.6,36.6,7-8,8,459,0
2025/11/25,浦和,1,浦和８００ラウンド２歳選抜馬,800,ダ,左,良,雨,12,1,1,オパールグリーン,牝,2,54.0,409,4,菅原涼,川村守,,7,0:49.7,36.9,6-6,9,409,4
2025/11/25,浦和,1,浦和８００ラウンド２歳選抜馬,800,ダ,左,良,雨,12,2,2,ポルタロマーナ,牝,2,54.0,490,11,小野楓,水野貴,,8,0:50.2,37.7,3-5,3,490,11
2025/11/25,浦和,1,浦和８００ラウンド２歳選抜馬,800,ダ,左,良,雨,12,6,7,スターバロン,牡,2,55.0,434,4,澤田龍,小澤宏,,9,0:50.5,37.0,10-10,11,434,4
2025/11/25,浦和,1,浦和８００ラウンド２歳選抜馬,800,ダ,左,良,雨,12,7,10,カスタネアローズ,牝,2,54.0,456,16,高橋哲,鈴木勝,,10,0:50.8,37.6,8-9,7,456,16
2025/11/25,浦和,1,浦和８００ラウンド２歳選抜馬,800,ダ,左,良,雨,12,8,11,スマイルセレブ,牝,2,52.0,434,3,中山遥,小林真,,11,0:50.9,37.4,11-11,10,434,3
2025/11/25,浦和,1,浦和８００ラウンド２歳選抜馬,800,ダ,左,良,雨,12,5,5,ヤマトマル,牡,2,55.0,477,-9,藤江渉,水野貴,,12,0:55.4,40.1,12-12,12,477,-9
2025/11/25,浦和,2,ランチタイムチャレンジ３歳一,1500,ダ,左,良,雨,12,6,8,マーゴットフェスタ,牡,3,56.0,473,3,張田昂,森泰斗,,1,1:37.1,39.8,6-6-5-2,1,473,3
2025/11/25,浦和,2,ランチタイムチャレンジ３歳一,1500,ダ,左,良,雨,12,6,7,セイノスケ,牡,3,56.0,469,-6,西啓太,平山真,,2,1:38.1,40.8,5-5-6-4,6,469,-6
2025/11/25,浦和,2,ランチタイムチャレンジ３歳一,1500,ダ,左,良,雨,12,8,11,ザボドフスキー,牡,3,53.0,458,5,椿聡太,伊藤滋,,3,1:38.2,39.9,12-12-9-5,11,458,5
2025/11/25,浦和,2,ランチタイムチャレンジ３歳一,1500,ダ,左,良,雨,12,7,10,ミスレモン,牝,3,54.0,516,3,野畑凌,箕輪武,,4,1:38.4,41.1,4-4-4-1,7,516,3
2025/11/25,浦和,2,ランチタイムチャレンジ３歳一,1500,ダ,左,良,雨,12,5,5,クレイジーホース,セ,0,55.0,480,-1,及川烈,長谷忍,,5,1:38.6,40.3,9-9-10-10,8,480,-1
2025/11/25,浦和,2,ランチタイムチャレンジ３歳一,1500,ダ,左,良,雨,12,3,3,リアンジュ,牡,3,54.0,492,-20,中山遥,茂木浩,,6,1:38.6,39.8,8-10-11-11,5,492,-20
2025/11/25,浦和,2,ランチタイムチャレンジ３歳一,1500,ダ,左,良,雨,12,7,9,ホウオウハナビ,牝,3,54.0,491,6,岡村健,長谷剛,,7,1:39.0,41.8,3-3-1-3,3,491,6
2025/11/25,浦和,2,ランチタイムチャレンジ３歳一,1500,ダ,左,良,雨,12,8,12,ナイトダンサー,牡,3,56.0,456,14,室陽一,吉田正,,8,1:39.1,41.2,10-8-7-6,4,456,14
2025/11/25,浦和,2,ランチタイムチャレンジ３歳一,1500,ダ,左,良,雨,12,5,6,レインボーサークル,牡,3,56.0,448,17,小野楓,小久智,,9,1:40.0,42.1,7-7-8-9,10,448,17
2025/11/25,浦和,2,ランチタイムチャレンジ３歳一,1500,ダ,左,良,雨,12,2,2,メラ,牝,3,54.0,541,-3,菅原涼,長谷忍,,10,1:40.8,43.7,2-2-3-8,9,541,-3
2025/11/25,浦和,2,ランチタイムチャレンジ３歳一,1500,ダ,左,良,雨,12,1,1,モーリシャスアロマ,牝,3,54.0,465,-5,保園翔,野口寛,,11,1:41.2,44.1,1-1-2-7,2,465,-5
2025/11/25,浦和,2,ランチタイムチャレンジ３歳一,1500,ダ,左,良,雨,12,4,4,オーデンアクア,牡,3,56.0,479,16,秋元耕,薮口一,,12,1:42.4,43.7,11-11-12-12,12,479,16
2025/11/25,浦和,3,ドリームチャレンジ２歳新馬イ,1400,ダ,左,良,雨,5,4,4,エスプランドル,牡,2,55.0,0,0,室陽一,平山真,,1,1:33.6,38.5,2-2-2-3,1,0,0
2025/11/25,浦和,3,ドリームチャレンジ２歳新馬イ,1400,ダ,左,良,雨,5,5,5,サヨノビックアルマ,牡,2,55.0,0,0,西啓太,工藤伸,,2,1:33.9,38.6,4-4-5-4,3,0,0
2025/11/25,浦和,3,ドリームチャレンジ２歳新馬イ,1400,ダ,左,良,雨,5,2,2,キョウエイアラジン,牡,2,55.0,0,0,秋元耕,小澤宏,,3,1:34.1,38.8,3-3-4-1,4,0,0
2025/11/25,浦和,3,ドリームチャレンジ２歳新馬イ,1400,ダ,左,良,雨,5,3,3,ゴールドライン,牡,2,54.0,0,0,及川烈,鹿沼和,,4,1:34.1,39.1,1-1-1-2,2,0,0
2025/11/25,浦和,3,ドリームチャレンジ２歳新馬イ,1400,ダ,左,良,雨,5,1,1,ドリームワゴン,牝,2,54.0,0,0,半澤慶,宇野博,,5,1:37.4,41.9,5-5-3-5,5,0,0
2025/11/25,浦和,4,ドリームチャレンジ２歳新馬ア,1400,ダ,左,良,雨,5,4,4,カズチャンペ,牡,2,55.0,0,0,岡村健,酒井一,,1,1:32.1,38.0,4-4-2-1,5,0,0
2025/11/25,浦和,4,ドリームチャレンジ２歳新馬ア,1400,ダ,左,良,雨,5,3,3,エドノジェット,牡,2,55.0,0,0,張田昂,宇野博,,2,1:32.2,38.0,3-3-3-3,2,0,0
2025/11/25,浦和,4,ドリームチャレンジ２歳新馬ア,1400,ダ,左,良,雨,5,1,1,コンバットステート,牡,2,55.0,0,0,七夕裕,工藤伸,,3,1:32.4,38.6,1-1-1-2,3,0,0
2025/11/25,浦和,4,ドリームチャレンジ２歳新馬ア,1400,ダ,左,良,雨,5,5,5,スパンキーウェーブ,牝,2,54.0,0,0,小野楓,小久智,,4,1:34.0,40.0,2-2-5-4,1,0,0
2025/11/25,浦和,4,ドリームチャレンジ２歳新馬ア,1400,ダ,左,良,雨,5,2,2,レンアイジョウジュ,牝,2,54.0,0,0,秋元耕,藤原智,,5,1:35.2,41.0,5-5-4-5,4,0,0
2025/11/25,浦和,5,Ｃ３四,1400,ダ,左,良,雨,12,5,6,スモモモモモモモモ,牝,7,52.0,432,5,中山遥,小林真,,1,1:31.7,39.0,1-1-1-1,1,432,5
2025/11/25,浦和,5,Ｃ３四,1400,ダ,左,良,雨,12,4,4,トリニタリアニズム,牡,7,55.0,502,-1,佐野遥,野口孝,,2,1:32.1,39.1,6-5-5-2,6,502,-1
2025/11/25,浦和,5,Ｃ３四,1400,ダ,左,良,雨,12,2,2,トーセンイヴ,牝,7,54.0,455,-4,岡村健,酒井一,,3,1:32.5,39.5,5-6-4-4,5,455,-4
2025/11/25,浦和,5,Ｃ３四,1400,ダ,左,良,雨,12,6,8,エクスプロア,牡,6,56.0,514,5,野畑凌,川村守,,4,1:32.8,39.9,11-10-2-3,3,514,5
2025/11/25,浦和,5,Ｃ３四,1400,ダ,左,良,雨,12,8,12,マルノアンナ,牝,6,54.0,449,-8,室陽一,川村守,,5,1:33.2,39.9,7-9-10-7,2,449,-8
2025/11/25,浦和,5,Ｃ３四,1400,ダ,左,良,雨,12,1,1,アミン,牝,8,54.0,475,2,岡田大,冨田敏,,6,1:33.2,40.0,9-7-7-6,8,475,2
2025/11/25,浦和,5,Ｃ３四,1400,ダ,左,良,雨,12,7,9,デイドリーミン,牝,7,54.0,485,-12,保園翔,吉田正,,7,1:33.7,40.9,2-2-3-5,4,485,-12
2025/11/25,浦和,5,Ｃ３四,1400,ダ,左,良,雨,12,3,3,シェナマリア,牝,5,54.0,446,-4,秋元耕,吉田正,,8,1:33.9,40.3,12-11-12-9,11,446,-4
2025/11/25,浦和,5,Ｃ３四,1400,ダ,左,良,雨,12,5,5,アルムダウン,牝,5,54.0,382,-6,赤津和,鈴木勝,,9,1:34.2,41.0,8-8-9-8,9,382,-6
2025/11/25,浦和,5,Ｃ３四,1400,ダ,左,良,雨,12,6,7,クリプリンセス,牝,5,54.0,437,0,國分祐,冨田敏,,10,1:35.0,41.5,10-12-11-10,12,437,0
2025/11/25,浦和,5,Ｃ３四,1400,ダ,左,良,雨,12,7,10,アストロメアリー,牝,6,54.0,422,2,菅原涼,長谷忍,,11,1:35.2,42.3,3-3-6-11,10,422,2
2025/11/25,浦和,5,Ｃ３四,1400,ダ,左,良,雨,12,8,11,カズブレイド,牡,8,56.0,528,14,西村栄,凾館一,,12,1:37.0,44.0,4-4-8-12,7,528,14
2025/11/25,浦和,6,Ｃ２三 四,1400,ダ,左,良,雨,12,2,2,サハラフレイバー,セ,0,56.0,487,5,秋元耕,繁田健,,1,1:29.9,39.1,7-5-4-2,4,487,5
2025/11/25,浦和,6,Ｃ２三 四,1400,ダ,左,良,雨,12,7,10,イエローベル,牝,4,54.0,470,11,室陽一,小久智,,2,1:30.5,40.0,1-1-1-1,10,470,11
2025/11/25,浦和,6,Ｃ２三 四,1400,ダ,左,良,雨,12,5,5,ヤマタケコーチャン,牡,6,56.0,450,5,野畑凌,水野貴,,3,1:30.7,39.9,2-4-5-4,2,450,5
2025/11/25,浦和,6,Ｃ２三 四,1400,ダ,左,良,雨,12,8,12,パワーオブザキング,セ,0,56.0,475,6,見越彬,鹿沼和,,4,1:30.7,40.1,5-3-2-3,1,475,6
2025/11/25,浦和,6,Ｃ２三 四,1400,ダ,左,良,雨,12,1,1,ジャヌウブ,牝,5,54.0,473,3,山中悠,小久智,,5,1:30.7,39.5,8-8-6-5,7,473,3
2025/11/25,浦和,6,Ｃ２三 四,1400,ダ,左,良,雨,12,3,3,メイショウベニバナ,牝,5,54.0,465,-4,菅原涼,長谷忍,,6,1:30.8,39.6,6-7-7-6,9,465,-4
2025/11/25,浦和,6,Ｃ２三 四,1400,ダ,左,良,雨,12,7,9,チェスナットドレス,牝,8,54.0,469,-6,國分祐,冨田敏,,7,1:31.0,39.6,10-10-10-7,11,469,-6
2025/11/25,浦和,6,Ｃ２三 四,1400,ダ,左,良,雨,12,6,8,ルクスリーベン,牝,4,54.0,422,-15,張田昂,平山真,,8,1:31.5,40.1,11-11-9-9,5,422,-15
2025/11/25,浦和,6,Ｃ２三 四,1400,ダ,左,良,雨,12,6,7,デイジーカプシーヌ,牝,7,54.0,487,2,笠野雄,海馬司,,9,1:32.4,41.2,4-6-8-10,6,487,2
2025/11/25,浦和,6,Ｃ２三 四,1400,ダ,左,良,雨,12,8,11,エムティリラ,牝,4,54.0,438,5,小野楓,平山真,,10,1:32.7,42.1,3-2-3-8,3,438,5
2025/11/25,浦和,6,Ｃ２三 四,1400,ダ,左,良,雨,12,5,6,ツガノムサシ,牡,3,55.0,462,1,及川烈,長谷忍,,11,1:33.0,41.6,9-9-11-11,8,462,1
2025/11/25,浦和,6,Ｃ２三 四,1400,ダ,左,良,雨,12,4,4,キタノアマポーラ,牝,4,54.0,438,0,町田直,工藤伸,,,,,,,438,0
2025/11/25,浦和,7,Ｃ２三 四,1500,ダ,左,良,雨,10,8,9,ウォーアンセム,牡,3,56.0,456,3,新原周,小久智,,1,1:37.1,39.4,8-8-7-4,4,456,3
2025/11/25,浦和,7,Ｃ２三 四,1500,ダ,左,良,雨,10,2,2,ツーエムピシュー,牡,4,56.0,499,9,山中悠,繁田健,,2,1:37.3,40.1,1-1-1-1,6,499,9
2025/11/25,浦和,7,Ｃ２三 四,1500,ダ,左,良,雨,10,7,7,モリオン,牝,3,54.0,421,-6,西啓太,藤原智,,3,1:37.3,39.9,10-10-2-2,2,421,-6
2025/11/25,浦和,7,Ｃ２三 四,1500,ダ,左,良,雨,10,1,1,ユウオウマイシン,牡,3,56.0,470,-6,半澤慶,入口由,,4,1:38.1,40.5,6-6-8-5,5,470,-6
2025/11/25,浦和,7,Ｃ２三 四,1500,ダ,左,良,雨,10,5,5,コウユーミューミュ,牝,3,54.0,498,6,町田直,宇野博,,5,1:38.3,40.4,7-7-9-6,8,498,6
2025/11/25,浦和,7,Ｃ２三 四,1500,ダ,左,良,雨,10,4,4,メイショウセオト,牝,3,54.0,466,-11,見越彬,野口孝,,6,1:38.6,41.2,3-3-4-3,1,466,-11
2025/11/25,浦和,7,Ｃ２三 四,1500,ダ,左,良,雨,10,3,3,ウオッカガール,牝,5,54.0,501,-1,赤津和,箕輪武,,7,1:39.5,42.0,9-9-6-8,10,501,-1
2025/11/25,浦和,7,Ｃ２三 四,1500,ダ,左,良,雨,10,8,10,ロードサミット,牡,5,55.0,490,1,及川烈,長谷忍,,8,1:39.8,42.4,5-4-5-7,9,490,1
2025/11/25,浦和,7,Ｃ２三 四,1500,ダ,左,良,雨,10,6,6,エソラ,牡,5,56.0,495,-7,岡村健,平山真,,9,1:39.8,42.1,4-5-10-9,7,495,-7
2025/11/25,浦和,7,Ｃ２三 四,1500,ダ,左,良,雨,10,7,8,ジェンダアネモス,牝,3,54.0,444,16,小野楓,野口寛,,10,1:41.9,44.7,2-2-3-10,3,444,16
2025/11/25,浦和,8,ひいらぎ特別Ｃ２Ｃ３選抜馬ウ選抜馬ア,2000,ダ,左,良,雨,12,4,4,フォーゲルヴァイデ,牡,4,55.0,500,-5,半澤慶,川島豊,,1,2:13.1,40.1,5-4-1-1,3,500,-5
2025/11/25,浦和,8,ひいらぎ特別Ｃ２Ｃ３選抜馬ウ選抜馬ア,2000,ダ,左,良,雨,12,5,5,ピースシャイニー,牡,3,57.0,489,2,保園翔,宇野博,,2,2:13.6,40.6,3-3-2-2,2,489,2
2025/11/25,浦和,8,ひいらぎ特別Ｃ２Ｃ３選抜馬ウ選抜馬ア,2000,ダ,左,良,雨,12,6,8,アンダラクリスタル,牝,4,53.0,488,10,中山遥,酒井一,,3,2:14.5,41.2,2-2-4-4,7,488,10
2025/11/25,浦和,8,ひいらぎ特別Ｃ２Ｃ３選抜馬ウ選抜馬ア,2000,ダ,左,良,雨,12,7,9,ルグランブルー,牝,6,55.0,452,-4,七夕裕,工藤伸,,4,2:14.7,40.9,7-6-5-8,1,452,-4
2025/11/25,浦和,8,ひいらぎ特別Ｃ２Ｃ３選抜馬ウ選抜馬ア,2000,ダ,左,良,雨,12,7,10,リュウノリエゾン,牝,4,55.0,415,-9,見越彬,鹿沼和,,5,2:14.8,40.8,8-8-9-7,9,415,-9
2025/11/25,浦和,8,ひいらぎ特別Ｃ２Ｃ３選抜馬ウ選抜馬ア,2000,ダ,左,良,雨,12,5,6,クインズミラ,牝,4,55.0,447,-3,西啓太,長谷忍,,6,2:15.0,40.6,12-12-10-10,4,447,-3
2025/11/25,浦和,8,ひいらぎ特別Ｃ２Ｃ３選抜馬ウ選抜馬ア,2000,ダ,左,良,雨,12,6,7,キミニメロメロ,牝,4,55.0,456,-1,室陽一,吉田正,,7,2:15.0,42.0,1-1-3-3,8,456,-1
2025/11/25,浦和,8,ひいらぎ特別Ｃ２Ｃ３選抜馬ウ選抜馬ア,2000,ダ,左,良,雨,12,8,11,マオノオラクル,牡,6,57.0,498,-7,西村栄,渋谷博,,8,2:15.2,41.3,9-9-7-5,11,498,-7
2025/11/25,浦和,8,ひいらぎ特別Ｃ２Ｃ３選抜馬ウ選抜馬ア,2000,ダ,左,良,雨,12,1,1,ジャングルタキオン,セ,0,55.0,471,-6,達城龍,野口孝,,9,2:15.2,41.2,10-10-6-9,5,471,-6
2025/11/25,浦和,8,ひいらぎ特別Ｃ２Ｃ３選抜馬ウ選抜馬ア,2000,ダ,左,良,雨,12,3,3,サージュトリック,牡,3,56.0,458,2,及川烈,薮口一,,10,2:15.4,41.6,4-5-8-6,12,458,2
2025/11/25,浦和,8,ひいらぎ特別Ｃ２Ｃ３選抜馬ウ選抜馬ア,2000,ダ,左,良,雨,12,2,2,ナイトレインボー,牡,4,55.0,484,3,木間龍,酒井一,,11,2:17.4,42.9,11-11-12-12,10,484,3
2025/11/25,浦和,8,ひいらぎ特別Ｃ２Ｃ３選抜馬ウ選抜馬ア,2000,ダ,左,良,雨,12,8,12,フリュート,セ,0,57.0,490,1,高橋哲,水野貴,,12,2:17.8,43.8,6-7-11-11,6,490,1
2025/11/25,浦和,9,上州和牛賞特別Ｃ１三,1400,ダ,左,良,雨,11,2,2,トーセンペネロペ,牝,3,54.0,459,-6,笹川翼,小久智,,1,1:29.3,39.0,5-5-4-4,1,459,-6
2025/11/25,浦和,9,上州和牛賞特別Ｃ１三,1400,ダ,左,良,雨,11,6,6,ビコーズウイキャン,牡,4,56.0,459,-4,七夕裕,長谷忍,,2,1:29.3,38.4,8-8-7-7,7,459,-4
2025/11/25,浦和,9,上州和牛賞特別Ｃ１三,1400,ダ,左,良,雨,11,1,1,ハナチルサト,牝,4,54.0,445,-2,町田直,宇野博,,3,1:29.4,39.0,6-6-5-6,3,445,-2
2025/11/25,浦和,9,上州和牛賞特別Ｃ１三,1400,ダ,左,良,雨,11,7,8,ディセントラライズ,牡,4,56.0,460,-4,保園翔,川村守,,4,1:29.7,38.0,9-10-9-8,10,460,-4
2025/11/25,浦和,9,上州和牛賞特別Ｃ１三,1400,ダ,左,良,雨,11,6,7,フブキ,牝,5,54.0,457,-3,西啓太,水上直,,5,1:29.9,39.1,7-7-6-5,4,457,-3
2025/11/25,浦和,9,上州和牛賞特別Ｃ１三,1400,ダ,左,良,雨,11,5,5,アンクローシュ,牝,4,54.0,433,-2,野畑凌,小澤宏,,6,1:30.1,40.0,1-2-2-1,2,433,-2
2025/11/25,浦和,9,上州和牛賞特別Ｃ１三,1400,ダ,左,良,雨,11,3,3,ラップランド,セ,0,56.0,470,-12,笠野雄,矢内博,,7,1:30.8,38.1,11-11-11-10,6,470,-12
2025/11/25,浦和,9,上州和牛賞特別Ｃ１三,1400,ダ,左,良,雨,11,8,10,パラソーレ,牝,3,54.0,454,0,小野楓,水野貴,,8,1:30.9,40.8,2-3-3-3,9,454,0
2025/11/25,浦和,9,上州和牛賞特別Ｃ１三,1400,ダ,左,良,雨,11,4,4,ビーナスライズ,牝,4,54.0,488,1,木間龍,工藤伸,,9,1:30.9,39.4,10-9-10-9,8,488,1
2025/11/25,浦和,9,上州和牛賞特別Ｃ１三,1400,ダ,左,良,雨,11,7,9,ハクサンセレーネ,牝,6,54.0,440,-13,山中悠,矢野義,,10,1:31.4,41.5,3-1-1-2,5,440,-13
2025/11/25,浦和,9,上州和牛賞特別Ｃ１三,1400,ダ,左,良,雨,11,8,11,ヴァシロペス,セ,0,56.0,487,10,秋元耕,鈴木勝,,11,1:35.2,44.8,4-4-8-11,11,487,10
2025/11/25,浦和,10,東毛酪農６３℃賞特別Ｂ２Ｂ３選抜馬,800,ダ,左,良,雨,11,6,6,サノノレインボー,牝,4,53.0,474,-1,室陽一,川島豊,,1,0:47.3,35.4,1-1,2,474,-1
2025/11/25,浦和,10,東毛酪農６３℃賞特別Ｂ２Ｂ３選抜馬,800,ダ,左,良,雨,11,7,8,ペイシャカレン,牝,6,55.0,446,-10,見越彬,水上直,,2,0:47.9,36.0,2-2,3,446,-10
2025/11/25,浦和,10,東毛酪農６３℃賞特別Ｂ２Ｂ３選抜馬,800,ダ,左,良,雨,11,7,9,ユウノワンワン,牝,4,53.0,426,-2,木間龍,酒井一,,3,0:48.0,36.1,3-3,9,426,-2
2025/11/25,浦和,10,東毛酪農６３℃賞特別Ｂ２Ｂ３選抜馬,800,ダ,左,良,雨,11,4,4,ジェネシスミザール,セ,0,55.0,476,2,仲野光,伊藤滋,,4,0:48.1,36.0,7-7,6,476,2
2025/11/25,浦和,10,東毛酪農６３℃賞特別Ｂ２Ｂ３選抜馬,800,ダ,左,良,雨,11,2,2,ジョートビー,牝,3,55.0,501,-8,野畑凌,小久智,,5,0:48.2,36.1,4-5,1,501,-8
2025/11/25,浦和,10,東毛酪農６３℃賞特別Ｂ２Ｂ３選抜馬,800,ダ,左,良,雨,11,6,7,ハクアイゴジロー,牡,7,55.0,554,7,秋元耕,横山保,,6,0:48.2,35.8,8-6,8,554,7
2025/11/25,浦和,10,東毛酪農６３℃賞特別Ｂ２Ｂ３選抜馬,800,ダ,左,良,雨,11,8,10,アサガオ,牡,3,55.0,491,9,小野楓,野口寛,,7,0:48.4,36.3,5-4,5,491,9
2025/11/25,浦和,10,東毛酪農６３℃賞特別Ｂ２Ｂ３選抜馬,800,ダ,左,良,雨,11,5,5,クラサーベル,牡,6,52.0,497,5,山本大,玉井勝,,8,0:48.7,35.7,11-11,10,497,5
2025/11/25,浦和,10,東毛酪農６３℃賞特別Ｂ２Ｂ３選抜馬,800,ダ,左,良,雨,11,3,3,シルバーダイヤ,牝,5,53.0,471,8,増田充,山崎裕,,9,0:48.8,36.4,9-10,7,471,8
2025/11/25,浦和,10,東毛酪農６３℃賞特別Ｂ２Ｂ３選抜馬,800,ダ,左,良,雨,11,1,1,シウラグランデ,牝,6,53.0,474,-5,七夕裕,川村守,,10,0:48.8,36.0,10-9,11,474,-5
2025/11/25,浦和,10,東毛酪農６３℃賞特別Ｂ２Ｂ３選抜馬,800,ダ,左,良,雨,11,8,11,ダンシングクライ,牝,5,53.0,494,13,菅原涼,藤原智,,11,0:49.2,37.1,6-8,4,494,13
2025/11/25,浦和,11,群馬県畜産協会長賞特別Ｂ３二,1500,ダ,左,良,曇,12,2,2,ライヴマスタード,牡,5,56.0,544,0,七夕裕,工藤伸,,1,1:35.0,38.1,7-6-6-3,1,544,0
2025/11/25,浦和,11,群馬県畜産協会長賞特別Ｂ３二,1500,ダ,左,良,曇,12,7,9,ナチュラルターン,牡,5,56.0,469,-2,御神訓,佐々仁,,2,1:35.5,39.2,2-2-2-2,2,469,-2
2025/11/25,浦和,11,群馬県畜産協会長賞特別Ｂ３二,1500,ダ,左,良,曇,12,8,12,ココモローズ,牝,4,52.0,424,9,中山遥,藤原智,,3,1:35.9,39.8,1-1-1-1,4,424,9
2025/11/25,浦和,11,群馬県畜産協会長賞特別Ｂ３二,1500,ダ,左,良,曇,12,6,8,ビットコイン,牡,5,56.0,491,-1,笠野雄,岩崎真,,4,1:36.2,39.7,3-3-3-5,3,491,-1
2025/11/25,浦和,11,群馬県畜産協会長賞特別Ｂ３二,1500,ダ,左,良,曇,12,4,4,クマノコ,牝,3,54.0,465,2,張田昂,宇野博,,5,1:36.3,39.6,4-5-4-4,6,465,2
2025/11/25,浦和,11,群馬県畜産協会長賞特別Ｂ３二,1500,ダ,左,良,曇,12,1,1,ライヴアメシスト,牝,6,54.0,434,-2,岡村健,渡邊貴,,6,1:36.3,38.9,11-9-8-6,8,434,-2
2025/11/25,浦和,11,群馬県畜産協会長賞特別Ｂ３二,1500,ダ,左,良,曇,12,5,5,ツインビスケッツ,牝,5,52.0,473,6,所　蛍,伊藤滋,,7,1:36.4,38.5,12-12-12-7,11,473,6
2025/11/25,浦和,11,群馬県畜産協会長賞特別Ｂ３二,1500,ダ,左,良,曇,12,5,6,オデンシタ,牡,5,56.0,469,-4,町田直,野口寛,,8,1:36.5,39.1,10-10-9-9,5,469,-4
2025/11/25,浦和,11,群馬県畜産協会長賞特別Ｂ３二,1500,ダ,左,良,曇,12,8,11,ゴールドソニック,牡,4,56.0,511,-1,半澤慶,鹿沼和,,9,1:37.2,40.2,6-7-7-8,7,511,-1
2025/11/25,浦和,11,群馬県畜産協会長賞特別Ｂ３二,1500,ダ,左,良,曇,12,3,3,クラジャンク,牡,4,56.0,491,-7,木間龍,矢野義,,10,1:37.9,40.4,8-8-10-11,12,491,-7
2025/11/25,浦和,11,群馬県畜産協会長賞特別Ｂ３二,1500,ダ,左,良,曇,12,7,10,ニシノアウェイク,牡,4,56.0,492,-3,山中悠,小澤宏,,11,1:38.4,41.7,5-4-5-10,9,492,-3
2025/11/25,浦和,11,群馬県畜産協会長賞特別Ｂ３二,1500,ダ,左,良,曇,12,6,7,モンバイト,牡,6,56.0,483,5,秋元耕,薮口一,,12,1:38.6,41.2,9-11-11-12,10,483,5
2025/11/25,浦和,12,高崎ハム賞特別Ｃ２選抜馬ア,2000,ダ,左,良,曇,12,4,4,ビーチガール,牝,5,54.0,462,-4,町田直,小林真,,1,2:13.0,39.5,9-8-3-1,2,462,-4
2025/11/25,浦和,12,高崎ハム賞特別Ｃ２選抜馬ア,2000,ダ,左,良,曇,12,3,3,ハクシンドラゴン,セ,0,56.0,452,1,張田昂,平山真,,2,2:13.4,39.8,5-4-4-3,1,452,1
2025/11/25,浦和,12,高崎ハム賞特別Ｃ２選抜馬ア,2000,ダ,左,良,曇,12,7,10,テーオーダムール,牡,4,55.0,523,1,及川烈,川島豊,,3,2:14.2,40.7,3-3-1-2,3,523,1
2025/11/25,浦和,12,高崎ハム賞特別Ｃ２選抜馬ア,2000,ダ,左,良,曇,12,2,2,ポンテドラーゴ,牡,6,56.0,489,-6,菅原涼,海馬司,,4,2:14.2,40.4,4-5-7-4,7,489,-6
2025/11/25,浦和,12,高崎ハム賞特別Ｃ２選抜馬ア,2000,ダ,左,良,曇,12,5,5,ミサトレッドダイヤ,牝,3,52.0,469,-9,中山遥,野口孝,,5,2:14.8,40.9,7-7-8-6,6,469,-9
2025/11/25,浦和,12,高崎ハム賞特別Ｃ２選抜馬ア,2000,ダ,左,良,曇,12,6,7,ジオパークマグマ,牡,7,56.0,486,6,加藤和,川島豊,,6,2:15.3,41.2,10-11-9-8,10,486,6
2025/11/25,浦和,12,高崎ハム賞特別Ｃ２選抜馬ア,2000,ダ,左,良,曇,12,6,8,ディープオーキッド,牡,3,56.0,465,2,小野楓,薮口一,,7,2:15.3,41.8,2-2-2-5,5,465,2
2025/11/25,浦和,12,高崎ハム賞特別Ｃ２選抜馬ア,2000,ダ,左,良,曇,12,5,6,リュウノアラス,牡,4,56.0,494,1,室陽一,川村守,,8,2:15.3,41.6,6-6-6-7,8,494,1
2025/11/25,浦和,12,高崎ハム賞特別Ｃ２選抜馬ア,2000,ダ,左,良,曇,12,8,11,マッドルビー,牝,3,54.0,400,2,七夕裕,長谷忍,,9,2:16.6,43.0,12-9-5-9,12,400,2
2025/11/25,浦和,12,高崎ハム賞特別Ｃ２選抜馬ア,2000,ダ,左,良,曇,12,7,9,カラフルフレスコ,牝,6,54.0,467,10,半澤慶,工藤伸,,10,2:17.6,43.1,11-12-11-10,11,467,10
2025/11/25,浦和,12,高崎ハム賞特別Ｃ２選抜馬ア,2000,ダ,左,良,曇,12,1,1,ジューンサレンダー,牡,4,56.0,467,6,野畑凌,川村守,,11,2:22.5,48.9,1-1-10-11,9,467,6
2025/11/25,浦和,12,高崎ハム賞特別Ｃ２選抜馬ア,2000,ダ,左,良,曇,12,8,12,ルナーサウスポール,牡,6,56.0,469,-2,臼井健,凾館一,,12,2:22.8,48.5,8-10-12-12,4,469,-2
2025/11/26,浦和,1,２歳二,1400,ダ,左,良,晴,11,6,6,オリジナルパターン,牡,2,55.0,503,-6,小野楓,小久智,,1,1:30.9,39.7,1-1-1-1,1,503,-6
2025/11/26,浦和,1,２歳二,1400,ダ,左,良,晴,11,6,7,ホワイトジェイド,牡,2,55.0,473,0,吉原寛,水野貴,,2,1:31.6,39.6,5-7-7-4,6,473,0
2025/11/26,浦和,1,２歳二,1400,ダ,左,良,晴,11,4,4,タイムプリンス,牡,2,55.0,483,24,張田昂,小久智,,3,1:31.7,40.1,3-3-3-2,5,483,24
2025/11/26,浦和,1,２歳二,1400,ダ,左,良,晴,11,8,10,ビランチャ,牡,2,55.0,486,0,櫻井光,小久智,,4,1:32.3,40.8,2-2-2-3,4,486,0
2025/11/26,浦和,1,２歳二,1400,ダ,左,良,晴,11,5,5,サモアノカイジン,牡,2,55.0,506,6,笠野雄,平山真,,5,1:32.4,40.6,6-6-5-5,3,506,6
2025/11/26,浦和,1,２歳二,1400,ダ,左,良,晴,11,2,2,ハリッサ,牝,2,52.0,451,6,中山遥,水野貴,,6,1:32.7,40.4,8-9-8-6,8,451,6
2025/11/26,浦和,1,２歳二,1400,ダ,左,良,晴,11,1,1,オソレイユ,牡,2,55.0,417,2,新原周,野口孝,,7,1:32.9,40.2,11-11-11-8,7,417,2
2025/11/26,浦和,1,２歳二,1400,ダ,左,良,晴,11,7,8,ツウカイミッキー,牝,2,54.0,400,-6,七夕裕,工藤伸,,8,1:33.1,40.4,10-10-10-10,9,400,-6
2025/11/26,浦和,1,２歳二,1400,ダ,左,良,晴,11,3,3,オーデンサフィー,牝,2,54.0,427,-2,秋元耕,小澤宏,,9,1:33.8,41.6,9-8-6-7,11,427,-2
2025/11/26,浦和,1,２歳二,1400,ダ,左,良,晴,11,7,9,テクノアップル,牝,2,54.0,425,11,野畑凌,水野貴,,10,1:34.1,42.5,4-4-4-9,2,425,11
2025/11/26,浦和,1,２歳二,1400,ダ,左,良,晴,11,8,11,シュウスイマカロン,牝,2,54.0,378,-7,室陽一,入口由,,11,1:37.0,45.0,7-5-9-11,10,378,-7
2025/11/26,浦和,2,ランチタイムチャレンジＣ２五 六,1400,ダ,左,良,晴,12,2,2,キタサンエポナ,牝,6,54.0,451,7,笹川翼,繁田健,,1,1:30.3,38.7,1-1-1-1,1,451,7
2025/11/26,浦和,2,ランチタイムチャレンジＣ２五 六,1400,ダ,左,良,晴,12,6,8,イサチルカムカム,牡,3,56.0,433,-2,張田昂,宇野博,,2,1:30.8,38.7,5-5-6-6,4,433,-2
2025/11/26,浦和,2,ランチタイムチャレンジＣ２五 六,1400,ダ,左,良,晴,12,8,12,アカネセイコー,牝,3,54.0,480,-3,小野楓,水野貴,,3,1:30.8,38.6,6-6-5-3,8,480,-3
2025/11/26,浦和,2,ランチタイムチャレンジＣ２五 六,1400,ダ,左,良,晴,12,5,5,マイリトルロマンス,牝,3,54.0,418,-1,西啓太,平山真,,4,1:30.9,39.0,3-4-4-4,10,418,-1
2025/11/26,浦和,2,ランチタイムチャレンジＣ２五 六,1400,ダ,左,良,晴,12,6,7,サヤヒメ,牝,3,54.0,479,5,山中悠,小澤宏,,5,1:31.1,38.5,8-7-8-8,2,479,5
2025/11/26,浦和,2,ランチタイムチャレンジＣ２五 六,1400,ダ,左,良,晴,12,7,9,ソルトミラクル,牡,3,56.0,476,7,室陽一,宇野博,,6,1:31.1,39.2,4-3-3-2,5,476,7
2025/11/26,浦和,2,ランチタイムチャレンジＣ２五 六,1400,ダ,左,良,晴,12,3,3,スイフトマリー,牝,6,54.0,407,-9,岡村健,酒井一,,7,1:31.1,38.4,9-9-9-7,11,407,-9
2025/11/26,浦和,2,ランチタイムチャレンジＣ２五 六,1400,ダ,左,良,晴,12,1,1,ベルルート,牡,4,54.0,466,-2,中山遥,小林真,,8,1:31.1,38.1,12-12-10-9,9,466,-2
2025/11/26,浦和,2,ランチタイムチャレンジＣ２五 六,1400,ダ,左,良,晴,12,4,4,リッキオ,牡,6,56.0,474,5,秋元耕,薮口一,,9,1:31.4,38.6,7-8-12-10,7,474,5
2025/11/26,浦和,2,ランチタイムチャレンジＣ２五 六,1400,ダ,左,良,晴,12,7,10,カリプソ,牝,4,54.0,431,-7,保園翔,長谷忍,,10,1:31.5,38.5,10-11-11-11,6,431,-7
2025/11/26,浦和,2,ランチタイムチャレンジＣ２五 六,1400,ダ,左,良,晴,12,8,11,オーシンブーケ,牝,3,54.0,459,-1,野畑凌,小久智,,11,1:31.9,40.2,2-2-2-5,3,459,-1
2025/11/26,浦和,2,ランチタイムチャレンジＣ２五 六,1400,ダ,左,良,晴,12,5,6,シュトーレン,牝,4,54.0,497,2,加藤和,川島豊,,12,1:32.8,40.2,11-10-7-12,12,497,2
2025/11/26,浦和,3,浦和８００ラウンド３歳未格付選抜馬,800,ダ,左,良,晴,9,2,2,エスシーボニー,牝,3,54.0,430,3,七夕裕,工藤伸,,1,0:48.1,35.3,1-1,1,430,3
2025/11/26,浦和,3,浦和８００ラウンド３歳未格付選抜馬,800,ダ,左,良,晴,9,1,1,ミラクルキッス,牡,3,56.0,494,0,笠野雄,海馬司,,2,0:48.8,35.8,3-2,3,494,0
2025/11/26,浦和,3,浦和８００ラウンド３歳未格付選抜馬,800,ダ,左,良,晴,9,6,6,ジャックルージュ,牡,3,56.0,450,6,保園翔,川村守,,3,0:49.1,36.3,2-3,8,450,6
2025/11/26,浦和,3,浦和８００ラウンド３歳未格付選抜馬,800,ダ,左,良,晴,9,7,7,タマモクロッシェ,牝,3,54.0,439,-16,高橋哲,水野貴,,4,0:49.1,36.0,4-5,2,439,-16
2025/11/26,浦和,3,浦和８００ラウンド３歳未格付選抜馬,800,ダ,左,良,晴,9,4,4,スピークオブデビル,牝,3,54.0,495,-13,菅原涼,長谷忍,,5,0:49.1,35.8,5-4,7,495,-13
2025/11/26,浦和,3,浦和８００ラウンド３歳未格付選抜馬,800,ダ,左,良,晴,9,8,8,ルナティックアイ,牡,3,55.0,436,-9,及川烈,酒井一,,6,0:49.8,36.2,7-6,6,436,-9
2025/11/26,浦和,3,浦和８００ラウンド３歳未格付選抜馬,800,ダ,左,良,晴,9,8,9,キョウエイサマンサ,牝,3,54.0,464,0,秋元耕,小澤宏,,7,0:50.0,36.5,6-7,5,464,0
2025/11/26,浦和,3,浦和８００ラウンド３歳未格付選抜馬,800,ダ,左,良,晴,9,3,3,ミリオンヒット,牝,3,54.0,410,-5,赤津和,鹿沼和,,8,0:50.6,36.6,8-8,4,410,-5
2025/11/26,浦和,3,浦和８００ラウンド３歳未格付選抜馬,800,ダ,左,良,晴,9,5,5,オーグファルコン,牡,3,56.0,495,-2,加藤和,薮口一,,9,0:54.3,39.3,9-9,9,495,-2
2025/11/26,浦和,4,浦和８００ラウンドＣ２Ｃ３選抜馬ウ選抜馬,800,ダ,左,良,晴,12,6,8,シンキングセンティ,牝,6,53.0,467,-11,岡田大,川村守,,1,0:49.2,36.2,3-1,8,467,-11
2025/11/26,浦和,4,浦和８００ラウンドＣ２Ｃ３選抜馬ウ選抜馬,800,ダ,左,良,晴,12,1,1,ニシノリピート,牝,4,53.0,455,-1,國分祐,冨田敏,,2,0:49.5,35.9,7-6,6,455,-1
2025/11/26,浦和,4,浦和８００ラウンドＣ２Ｃ３選抜馬ウ選抜馬,800,ダ,左,良,晴,12,2,2,ベアビー,牝,4,53.0,486,0,中島良,川島豊,,3,0:49.5,36.3,5-4,10,486,0
2025/11/26,浦和,4,浦和８００ラウンドＣ２Ｃ３選抜馬ウ選抜馬,800,ダ,左,良,晴,12,5,5,プリンセスパリー,牝,4,53.0,429,0,高橋哲,鈴木勝,,4,0:49.5,36.7,1-2,3,429,0
2025/11/26,浦和,4,浦和８００ラウンドＣ２Ｃ３選抜馬ウ選抜馬,800,ダ,左,良,晴,12,7,9,アマゴ,牝,6,53.0,472,3,保園翔,箕輪武,,5,0:49.6,36.0,8-9,12,472,3
2025/11/26,浦和,4,浦和８００ラウンドＣ２Ｃ３選抜馬ウ選抜馬,800,ダ,左,良,晴,12,7,10,リバーフロント,牝,3,55.0,429,3,菅原涼,藤原智,,6,0:49.6,36.8,2-3,11,429,3
2025/11/26,浦和,4,浦和８００ラウンドＣ２Ｃ３選抜馬ウ選抜馬,800,ダ,左,良,晴,12,8,11,ノボインパクト,牝,7,55.0,464,-2,野畑凌,長友豊,,7,0:49.8,36.2,6-5,2,464,-2
2025/11/26,浦和,4,浦和８００ラウンドＣ２Ｃ３選抜馬ウ選抜馬,800,ダ,左,良,晴,12,5,6,ラインフェルネ,牝,3,55.0,445,-1,七夕裕,野口孝,,8,0:49.8,36.2,10-8,4,445,-1
2025/11/26,浦和,4,浦和８００ラウンドＣ２Ｃ３選抜馬ウ選抜馬,800,ダ,左,良,晴,12,3,3,レオンティーヌ,牝,3,55.0,480,8,室陽一,平山真,,9,0:50.2,36.1,12-12,5,480,8
2025/11/26,浦和,4,浦和８００ラウンドＣ２Ｃ３選抜馬ウ選抜馬,800,ダ,左,良,晴,12,6,7,プチビーンズ,牝,3,55.0,453,-13,西啓太,水上直,,10,0:50.3,36.6,11-10,1,453,-13
2025/11/26,浦和,4,浦和８００ラウンドＣ２Ｃ３選抜馬ウ選抜馬,800,ダ,左,良,晴,12,8,12,ニシノエルサ,牝,7,53.0,461,-4,岡村健,渋谷博,,11,0:50.3,36.7,9-11,9,461,-4
2025/11/26,浦和,4,浦和８００ラウンドＣ２Ｃ３選抜馬ウ選抜馬,800,ダ,左,良,晴,12,4,4,カクシンドリーム,牝,3,55.0,415,0,赤津和,酒井一,,12,0:50.3,37.1,4-7,7,415,0
2025/11/26,浦和,5,Ｃ２五 六,1500,ダ,左,良,晴,12,3,3,ジーティーエンジン,牡,3,56.0,504,-14,笹川翼,小久智,,1,1:36.2,39.1,4-4-3-3,1,504,-14
2025/11/26,浦和,5,Ｃ２五 六,1500,ダ,左,良,晴,12,1,1,プリンセスサクラ,牝,4,54.0,427,-7,見越彬,鹿沼和,,2,1:36.8,40.0,1-1-1-1,4,427,-7
2025/11/26,浦和,5,Ｃ２五 六,1500,ダ,左,良,晴,12,4,4,フラッシュタイム,牡,3,55.0,542,-5,及川烈,吉田正,,3,1:36.9,40.0,2-2-2-2,3,542,-5
2025/11/26,浦和,5,Ｃ２五 六,1500,ダ,左,良,晴,12,5,6,ユメデアエタラ,牡,4,56.0,472,3,岡村健,平山真,,4,1:37.2,39.9,6-6-6-4,5,472,3
2025/11/26,浦和,5,Ｃ２五 六,1500,ダ,左,良,晴,12,2,2,ワンラヴ,牝,7,54.0,444,-3,小野楓,薮口一,,5,1:38.0,39.9,8-8-8-5,8,444,-3
2025/11/26,浦和,5,Ｃ２五 六,1500,ダ,左,良,晴,12,6,7,アサンテギア,牝,7,54.0,420,0,室陽一,横山保,,6,1:38.4,39.7,10-9-9-7,9,420,0
2025/11/26,浦和,5,Ｃ２五 六,1500,ダ,左,良,晴,12,8,11,アプレイザー,牡,5,56.0,449,11,町田直,宇野博,,7,1:39.6,42.5,3-3-5-8,7,449,11
2025/11/26,浦和,5,Ｃ２五 六,1500,ダ,左,良,晴,12,7,10,タマモコンペイトウ,牝,5,52.0,469,-4,中島良,川島豊,,8,1:40.0,39.5,11-11-11-11,11,469,-4
2025/11/26,浦和,5,Ｃ２五 六,1500,ダ,左,良,晴,12,6,8,ラヴィーズドリーム,牝,3,54.0,473,-8,張田昂,水野貴,,9,1:40.1,42.8,7-7-4-6,2,473,-8
2025/11/26,浦和,5,Ｃ２五 六,1500,ダ,左,良,晴,12,8,12,アラッキーフェイス,セ,0,56.0,435,3,保園翔,森　始,,10,1:40.7,40.4,9-10-10-10,10,435,3
2025/11/26,浦和,5,Ｃ２五 六,1500,ダ,左,良,晴,12,7,9,クリノウィリアム,牡,3,56.0,469,0,野畑凌,水上直,,11,1:40.9,43.6,5-5-7-9,6,469,0
2025/11/26,浦和,5,Ｃ２五 六,1500,ダ,左,良,晴,12,5,5,ダンシングエリカ,牝,4,52.0,0,0,中山遥,小林真,,,,,,,0,0
2025/11/26,浦和,6,近いがうまい　埼玉のたまご賞Ｃ１四,1400,ダ,左,良,晴,10,8,9,グレイスカリヨン,牝,5,54.0,476,16,笹川翼,小久智,,1,1:28.9,38.6,8-3-3-2,1,476,16
2025/11/26,浦和,6,近いがうまい　埼玉のたまご賞Ｃ１四,1400,ダ,左,良,晴,10,7,8,ネライウチ,セ,0,56.0,499,4,笠野雄,平山真,,2,1:28.9,38.7,1-1-1-1,5,499,4
2025/11/26,浦和,6,近いがうまい　埼玉のたまご賞Ｃ１四,1400,ダ,左,良,晴,10,3,3,イチカノユメ,牝,3,54.0,465,-2,西啓太,水野貴,,3,1:29.2,38.1,6-8-7-4,8,465,-2
2025/11/26,浦和,6,近いがうまい　埼玉のたまご賞Ｃ１四,1400,ダ,左,良,晴,10,1,1,ケイアイマゴラ,セ,0,56.0,470,5,櫻井光,海馬司,,4,1:29.9,38.7,5-7-8-7,6,470,5
2025/11/26,浦和,6,近いがうまい　埼玉のたまご賞Ｃ１四,1400,ダ,左,良,晴,10,6,6,オオサキワンダー,牝,5,54.0,495,-10,岡村健,鹿沼和,,5,1:30.2,38.8,10-9-10-9,3,495,-10
2025/11/26,浦和,6,近いがうまい　埼玉のたまご賞Ｃ１四,1400,ダ,左,良,晴,10,8,10,サンスレッド,牡,5,56.0,468,-9,高橋哲,工藤伸,,6,1:30.3,40.1,3-2-2-3,9,468,-9
2025/11/26,浦和,6,近いがうまい　埼玉のたまご賞Ｃ１四,1400,ダ,左,良,晴,10,2,2,トーケンクミー,牝,3,54.0,433,4,小野楓,小澤宏,,7,1:30.5,39.2,9-10-9-8,4,433,4
2025/11/26,浦和,6,近いがうまい　埼玉のたまご賞Ｃ１四,1400,ダ,左,良,晴,10,5,5,ガロス,牡,3,56.0,471,3,秋元耕,小澤宏,,8,1:30.5,39.8,7-5-4-5,2,471,3
2025/11/26,浦和,6,近いがうまい　埼玉のたまご賞Ｃ１四,1400,ダ,左,良,晴,10,7,7,サノノタルマエ,牝,5,54.0,479,8,見越彬,川島豊,,9,1:30.6,39.7,4-6-5-6,7,479,8
2025/11/26,浦和,6,近いがうまい　埼玉のたまご賞Ｃ１四,1400,ダ,左,良,晴,10,4,4,リワードマーリン,牝,4,54.0,489,-2,室陽一,宇野博,,10,1:32.2,41.5,2-4-6-10,10,489,-2
2025/11/26,浦和,7,近いがうまい　埼玉の豚肉賞Ｃ２選抜牝馬,1400,ダ,左,良,晴,13,8,12,アデラパフューム,牝,5,55.0,476,1,保園翔,水上直,,1,1:30.4,38.4,2-2-1-1,5,476,1
2025/11/26,浦和,7,近いがうまい　埼玉の豚肉賞Ｃ２選抜牝馬,1400,ダ,左,良,晴,13,6,9,コンサントレ,牝,3,55.0,478,10,藤本現,繁田健,,2,1:31.0,39.0,5-3-2-2,6,478,10
2025/11/26,浦和,7,近いがうまい　埼玉の豚肉賞Ｃ２選抜牝馬,1400,ダ,左,良,晴,13,3,3,アンジェマリーナ,牝,4,55.0,429,1,七夕裕,川島豊,,3,1:31.0,38.7,12-9-7-4,10,429,1
2025/11/26,浦和,7,近いがうまい　埼玉の豚肉賞Ｃ２選抜牝馬,1400,ダ,左,良,晴,13,6,8,マチルダ,牝,4,54.5,473,-6,笹川翼,小久智,,4,1:31.2,39.0,4-4-6-3,1,473,-6
2025/11/26,浦和,7,近いがうまい　埼玉の豚肉賞Ｃ２選抜牝馬,1400,ダ,左,良,晴,13,4,5,キミハレモネード,牝,4,55.0,453,-4,小野楓,水野貴,,5,1:31.4,38.8,6-7-11-7,2,453,-4
2025/11/26,浦和,7,近いがうまい　埼玉の豚肉賞Ｃ２選抜牝馬,1400,ダ,左,良,晴,13,2,2,アンブレラダンス,牝,5,55.0,466,2,張田昂,平山真,,6,1:31.4,38.9,11-11-9-5,3,466,2
2025/11/26,浦和,7,近いがうまい　埼玉の豚肉賞Ｃ２選抜牝馬,1400,ダ,左,良,晴,13,5,7,ラグーンリバティ,牝,3,55.0,438,2,山中悠,箕輪武,,7,1:32.2,40.1,8-8-8-9,8,438,2
2025/11/26,浦和,7,近いがうまい　埼玉の豚肉賞Ｃ２選抜牝馬,1400,ダ,左,良,晴,13,4,4,サンディロン,牝,8,53.0,473,8,中山遥,小林真,,8,1:32.3,39.9,3-5-10-10,7,473,8
2025/11/26,浦和,7,近いがうまい　埼玉の豚肉賞Ｃ２選抜牝馬,1400,ダ,左,良,晴,13,5,6,ユウユウロザリウム,牝,3,54.5,452,-8,秋元耕,横山保,,9,1:32.5,40.5,7-6-3-6,13,452,-8
2025/11/26,浦和,7,近いがうまい　埼玉の豚肉賞Ｃ２選抜牝馬,1400,ダ,左,良,晴,13,1,1,ラブラブバゴバゴ,牝,4,55.0,504,-16,藤江渉,酒井一,,10,1:32.7,39.3,10-13-13-13,11,504,-16
2025/11/26,浦和,7,近いがうまい　埼玉の豚肉賞Ｃ２選抜牝馬,1400,ダ,左,良,晴,13,8,13,オーロファースト,牝,7,54.0,467,-3,古岡勇,山田質,,11,1:33.1,40.1,13-12-12-11,12,467,-3
2025/11/26,浦和,7,近いがうまい　埼玉の豚肉賞Ｃ２選抜牝馬,1400,ダ,左,良,晴,13,7,11,エターナルジュエル,牝,6,54.0,473,1,西啓太,藤原智,,12,1:33.5,41.5,9-10-4-8,9,473,1
2025/11/26,浦和,7,近いがうまい　埼玉の豚肉賞Ｃ２選抜牝馬,1400,ダ,左,良,晴,13,7,10,プレストワンダ,牝,3,55.0,458,4,吉原寛,小澤宏,,13,1:33.5,41.5,1-1-5-12,4,458,4
2025/11/26,浦和,8,近いがうまい　埼玉の牛乳賞特別Ｃ３選抜馬,2000,ダ,左,良,晴,12,6,8,エムオースイート,牝,6,54.0,487,-2,加藤和,酒井一,,1,2:14.5,41.4,1-1-1-1,3,487,-2
2025/11/26,浦和,8,近いがうまい　埼玉の牛乳賞特別Ｃ３選抜馬,2000,ダ,左,良,晴,12,4,4,ヤマブキ,牡,5,56.0,493,2,半澤慶,鹿沼和,,2,2:15.7,41.5,4-4-3-3,5,493,2
2025/11/26,浦和,8,近いがうまい　埼玉の牛乳賞特別Ｃ３選抜馬,2000,ダ,左,良,晴,12,3,3,スプリングネージュ,牝,7,54.0,457,3,小野楓,薮口一,,3,2:15.9,40.5,6-6-4-4,2,457,3
2025/11/26,浦和,8,近いがうまい　埼玉の牛乳賞特別Ｃ３選抜馬,2000,ダ,左,良,晴,12,5,6,インベンション,牝,5,54.0,458,-4,菅原涼,長谷忍,,4,2:16.1,42.9,2-2-2-2,4,458,-4
2025/11/26,浦和,8,近いがうまい　埼玉の牛乳賞特別Ｃ３選抜馬,2000,ダ,左,良,晴,12,7,9,パルメニデス,牡,6,55.0,430,1,及川烈,長谷忍,,5,2:17.2,41.5,8-7-10-9,6,430,1
2025/11/26,浦和,8,近いがうまい　埼玉の牛乳賞特別Ｃ３選抜馬,2000,ダ,左,良,晴,12,5,5,マーニク,牝,4,54.0,465,1,櫻井光,長谷忍,,6,2:17.3,41.2,12-11-11-10,8,465,1
2025/11/26,浦和,8,近いがうまい　埼玉の牛乳賞特別Ｃ３選抜馬,2000,ダ,左,良,晴,12,8,12,スターコマチ,牝,6,54.0,415,-4,保園翔,川村守,,7,2:17.3,41.8,10-9-7-5,7,415,-4
2025/11/26,浦和,8,近いがうまい　埼玉の牛乳賞特別Ｃ３選抜馬,2000,ダ,左,良,晴,12,6,7,シェナハート,牝,6,52.0,438,1,中島良,冨田敏,,8,2:17.5,42.0,7-8-9-8,11,438,1
2025/11/26,浦和,8,近いがうまい　埼玉の牛乳賞特別Ｃ３選抜馬,2000,ダ,左,良,晴,12,7,10,マイアイガー,牡,6,56.0,527,0,高橋哲,工藤伸,,9,2:17.7,42.2,9-10-6-6,1,527,0
2025/11/26,浦和,8,近いがうまい　埼玉の牛乳賞特別Ｃ３選抜馬,2000,ダ,左,良,晴,12,1,1,パーティーアニマル,牡,9,54.0,463,10,中山遥,入口由,,10,2:18.5,43.0,5-5-8-11,10,463,10
2025/11/26,浦和,8,近いがうまい　埼玉の牛乳賞特別Ｃ３選抜馬,2000,ダ,左,良,晴,12,8,11,エイシンペリドット,牝,5,54.0,503,0,七夕裕,長谷忍,,11,2:19.0,44.0,3-3-5-7,9,503,0
2025/11/26,浦和,8,近いがうまい　埼玉の牛乳賞特別Ｃ３選抜馬,2000,ダ,左,良,晴,12,2,2,シェナグローリー,牝,5,54.0,477,7,國分祐,冨田敏,,12,2:19.2,42.5,11-12-12-12,12,477,7
2025/11/26,浦和,9,ポイント１０倍！浦和のＳＰＡＴ４賞特Ｃ１,800,ダ,左,良,晴,12,7,9,リブートパワー,牡,4,56.0,483,8,加藤和,薮口一,,1,0:47.9,35.8,4-2,3,483,8
2025/11/26,浦和,9,ポイント１０倍！浦和のＳＰＡＴ４賞特Ｃ１,800,ダ,左,良,晴,12,5,5,ツツウラウラ,牡,3,56.0,463,4,西啓太,野口寛,,2,0:48.0,35.6,8-4,7,463,4
2025/11/26,浦和,9,ポイント１０倍！浦和のＳＰＡＴ４賞特Ｃ１,800,ダ,左,良,晴,12,1,1,アイアムカチマショ,牝,5,54.0,485,3,室陽一,川島豊,,3,0:48.0,35.9,2-1,6,485,3
2025/11/26,浦和,9,ポイント１０倍！浦和のＳＰＡＴ４賞特Ｃ１,800,ダ,左,良,晴,12,6,8,ファセリア,牡,4,54.0,495,1,中山遥,横山保,,4,0:48.1,35.6,9-8,9,495,1
2025/11/26,浦和,9,ポイント１０倍！浦和のＳＰＡＴ４賞特Ｃ１,800,ダ,左,良,晴,12,3,3,エリークラウン,牝,6,54.0,472,-1,町田直,入口由,,5,0:48.2,36.1,3-5,5,472,-1
2025/11/26,浦和,9,ポイント１０倍！浦和のＳＰＡＴ４賞特Ｃ１,800,ダ,左,良,晴,12,5,6,モーニングタンポポ,牝,3,54.0,430,4,七夕裕,箕輪武,,6,0:48.3,36.1,7-7,4,430,4
2025/11/26,浦和,9,ポイント１０倍！浦和のＳＰＡＴ４賞特Ｃ１,800,ダ,左,良,晴,12,4,4,プロスペロ,牡,8,56.0,512,1,山中悠,小澤宏,,7,0:48.4,35.7,10-6,10,512,1
2025/11/26,浦和,9,ポイント１０倍！浦和のＳＰＡＴ４賞特Ｃ１,800,ダ,左,良,晴,12,7,10,ニシノルミリオン,牡,4,56.0,496,0,國分祐,冨田敏,,8,0:48.4,36.4,1-3,8,496,0
2025/11/26,浦和,9,ポイント１０倍！浦和のＳＰＡＴ４賞特Ｃ１,800,ダ,左,良,晴,12,8,11,ジョーサルーテ,牝,4,54.0,475,13,見越彬,小久智,,9,0:49.1,36.9,6-10,1,475,13
2025/11/26,浦和,9,ポイント１０倍！浦和のＳＰＡＴ４賞特Ｃ１,800,ダ,左,良,晴,12,8,12,ヴェルデヴェント,牝,6,54.0,467,0,臼井健,大津剛,,10,0:49.3,37.1,5-9,11,467,0
2025/11/26,浦和,9,ポイント１０倍！浦和のＳＰＡＴ４賞特Ｃ１,800,ダ,左,良,晴,12,6,7,ウィルトゥーウェル,牝,3,54.0,446,-7,野畑凌,水上直,,11,0:49.5,36.8,11-12,2,446,-7
2025/11/26,浦和,9,ポイント１０倍！浦和のＳＰＡＴ４賞特Ｃ１,800,ダ,左,良,晴,12,2,2,シェナブライト,牡,7,56.0,523,0,高橋哲,吉田正,,12,0:49.6,36.9,12-11,12,523,0
2025/11/26,浦和,10,浦和ジョッキーズトライアルラウンド第Ｃ３,1400,ダ,左,良,晴,12,5,6,ファイアスター,牡,4,56.0,476,0,及川烈,工藤伸,,1,1:30.8,38.4,2-2-2-1,3,476,0
2025/11/26,浦和,10,浦和ジョッキーズトライアルラウンド第Ｃ３,1400,ダ,左,良,晴,12,3,3,オンネア,牝,4,54.5,465,5,加藤和,入口由,,2,1:32.0,39.8,1-1-1-2,10,465,5
2025/11/26,浦和,10,浦和ジョッキーズトライアルラウンド第Ｃ３,1400,ダ,左,良,晴,12,7,9,ステンノー,牝,5,54.5,490,3,室陽一,小林真,,3,1:32.6,40.0,3-3-3-3,1,490,3
2025/11/26,浦和,10,浦和ジョッキーズトライアルラウンド第Ｃ３,1400,ダ,左,良,晴,12,5,5,セキレイオペラ,牡,6,56.0,478,-5,半澤慶,川村守,,4,1:32.8,40.1,5-5-4-4,5,478,-5
2025/11/26,浦和,10,浦和ジョッキーズトライアルラウンド第Ｃ３,1400,ダ,左,良,晴,12,8,12,ネオアンコーラ,牡,6,57.0,490,2,秋元耕,川島豊,,5,1:32.8,40.0,7-6-5-5,6,490,2
2025/11/26,浦和,10,浦和ジョッキーズトライアルラウンド第Ｃ３,1400,ダ,左,良,晴,12,1,1,ワイキキビーチ,セ,0,56.0,442,-1,赤津和,鹿沼和,,6,1:32.8,40.1,4-4-6-6,4,442,-1
2025/11/26,浦和,10,浦和ジョッキーズトライアルラウンド第Ｃ３,1400,ダ,左,良,晴,12,8,11,シェナカレン,牡,5,56.0,469,4,岡田大,冨田敏,,7,1:32.9,39.7,9-7-7-8,12,469,4
2025/11/26,浦和,10,浦和ジョッキーズトライアルラウンド第Ｃ３,1400,ダ,左,良,晴,12,4,4,クラダイリン,牝,5,52.5,519,-8,中島良,長谷忍,,8,1:33.0,39.6,11-10-9-7,11,519,-8
2025/11/26,浦和,10,浦和ジョッキーズトライアルラウンド第Ｃ３,1400,ダ,左,良,晴,12,6,7,キャラメルショコラ,牝,4,55.0,505,7,國分祐,薮口一,,9,1:33.0,39.6,8-9-10-10,8,505,7
2025/11/26,浦和,10,浦和ジョッキーズトライアルラウンド第Ｃ３,1400,ダ,左,良,晴,12,2,2,ピノヌイ,牡,4,55.0,513,6,中山遥,野口孝,,10,1:33.1,39.4,6-8-11-11,2,513,6
2025/11/26,浦和,10,浦和ジョッキーズトライアルラウンド第Ｃ３,1400,ダ,左,良,晴,12,6,8,キスアンドテル,牝,6,55.0,507,-4,保園翔,海馬司,,11,1:33.3,39.4,12-12-12-12,9,507,-4
2025/11/26,浦和,10,浦和ジョッキーズトライアルラウンド第Ｃ３,1400,ダ,左,良,晴,12,7,10,マッシュブライト,牝,7,54.0,506,37,見越彬,酒井一,,12,1:33.3,39.9,10-11-8-9,7,506,37
2025/11/26,浦和,11,浦和記念JpnII,2000,ダ,左,良,晴,12,7,9,ホウオウルーレット,牡,6,56.0,505,9,岩田康,栗田徹,,1,2:06.8,36.2,8-6-5-3,2,505,9
2025/11/26,浦和,11,浦和記念JpnII,2000,ダ,左,良,晴,12,8,11,ロードクロンヌ,牡,4,56.0,488,-6,横山和,四位洋,,2,2:07.1,36.9,2-2-2-2,1,488,-6
2025/11/26,浦和,11,浦和記念JpnII,2000,ダ,左,良,晴,12,5,6,デルマソトガケ,牡,5,57.0,518,-10,團野大,須貝尚,,3,2:07.5,37.0,5-5-3-4,7,518,-10
2025/11/26,浦和,11,浦和記念JpnII,2000,ダ,左,良,晴,12,8,12,クラウンプライド,牡,6,57.0,501,0,坂井瑠,新谷功,,4,2:07.5,37.4,1-1-1-1,3,501,0
2025/11/26,浦和,11,浦和記念JpnII,2000,ダ,左,良,晴,12,5,5,ナイトオブファイア,牡,3,54.0,525,0,吉原寛,渡邉和,,5,2:07.9,36.9,6-7-6-5,6,525,0
2025/11/26,浦和,11,浦和記念JpnII,2000,ダ,左,良,晴,12,6,8,ヘラルドバローズ,牡,6,56.0,489,-13,笹川翼,新子雅,,6,2:09.2,38.9,3-3-4-6,8,489,-13
2025/11/26,浦和,11,浦和記念JpnII,2000,ダ,左,良,晴,12,2,2,テンカハル,牡,7,56.0,509,7,町田直,山田信,,7,2:09.5,38.0,10-9-9-7,9,509,7
2025/11/26,浦和,11,浦和記念JpnII,2000,ダ,左,良,晴,12,7,10,グランデマーレ,牡,8,56.0,509,4,西啓太,高岩孝,,8,2:10.4,38.7,9-10-10-9,11,509,4
2025/11/26,浦和,11,浦和記念JpnII,2000,ダ,左,良,晴,12,6,7,ディオスバリエンテ,セ,0,56.0,473,-3,見越彬,小久智,,9,2:11.5,40.3,7-8-8-8,10,473,-3
2025/11/26,浦和,11,浦和記念JpnII,2000,ダ,左,良,晴,12,3,3,マルカンラニ,牡,5,56.0,538,-11,松崎正,高野毅,,10,2:12.4,38.9,11-12-12-12,5,538,-11
2025/11/26,浦和,11,浦和記念JpnII,2000,ダ,左,良,晴,12,1,1,ウインリブルマン,牡,7,56.0,515,7,藤本現,赤嶺本,,11,2:13.3,40.8,12-11-11-11,12,515,7
2025/11/26,浦和,11,浦和記念JpnII,2000,ダ,左,良,晴,12,4,4,スレイマン,牡,7,56.0,548,5,御神訓,藤田輝,,12,2:15.1,44.3,4-4-7-10,4,548,5
2025/11/26,浦和,12,近いがうまい　埼玉の牛肉賞特Ｂ２二Ｂ３一,1400,ダ,左,良,晴,13,8,13,イナダヒメ,牝,3,55.0,437,1,町田直,繁田健,,1,1:29.4,38.1,2-2-2-1,3,437,1
2025/11/26,浦和,12,近いがうまい　埼玉の牛肉賞特Ｂ２二Ｂ３一,1400,ダ,左,良,晴,13,6,9,トーセンジェミニ,牝,5,55.0,442,-2,笹川翼,小久智,,2,1:29.6,37.7,6-6-5-4,1,442,-2
2025/11/26,浦和,12,近いがうまい　埼玉の牛肉賞特Ｂ２二Ｂ３一,1400,ダ,左,良,晴,13,6,8,ダンディジャック,牡,6,57.0,509,-1,保園翔,川村守,,3,1:29.9,37.6,10-7-7-6,10,509,-1
2025/11/26,浦和,12,近いがうまい　埼玉の牛肉賞特Ｂ２二Ｂ３一,1400,ダ,左,良,晴,13,8,12,ブレイヴルーラー,牡,6,57.0,549,6,室陽一,横山保,,4,1:29.9,38.4,3-3-4-3,6,549,6
2025/11/26,浦和,12,近いがうまい　埼玉の牛肉賞特Ｂ２二Ｂ３一,1400,ダ,左,良,晴,13,5,7,モズハッピーロード,牡,7,57.0,500,0,七夕裕,海馬司,,5,1:29.9,37.2,7-8-8-7,7,500,0
2025/11/26,浦和,12,近いがうまい　埼玉の牛肉賞特Ｂ２二Ｂ３一,1400,ダ,左,良,晴,13,1,1,ミラクルランバック,牡,6,55.0,523,0,西啓太,藤原智,,6,1:30.3,37.6,8-9-9-9,11,523,0
2025/11/26,浦和,12,近いがうまい　埼玉の牛肉賞特Ｂ２二Ｂ３一,1400,ダ,左,良,晴,13,5,6,リュウノアン,牝,6,55.0,463,0,小野楓,野口寛,,7,1:30.3,37.4,9-10-11-10,8,463,0
2025/11/26,浦和,12,近いがうまい　埼玉の牛肉賞特Ｂ２二Ｂ３一,1400,ダ,左,良,晴,13,4,4,ビスマルク,牡,4,56.0,513,0,佐野遥,伊藤滋,,8,1:30.4,39.1,5-4-3-5,5,513,0
2025/11/26,浦和,12,近いがうまい　埼玉の牛肉賞特Ｂ２二Ｂ３一,1400,ダ,左,良,晴,13,7,11,スモークフレイバー,牡,4,57.0,490,-6,野畑凌,繁田健,,9,1:30.6,39.3,1-1-1-2,2,490,-6
2025/11/26,浦和,12,近いがうまい　埼玉の牛肉賞特Ｂ２二Ｂ３一,1400,ダ,左,良,晴,13,2,2,レイニングキャット,牡,4,57.0,511,-1,山中悠,小久智,,10,1:31.0,39.1,4-5-6-8,4,511,-1
2025/11/26,浦和,12,近いがうまい　埼玉の牛肉賞特Ｂ２二Ｂ３一,1400,ダ,左,良,晴,13,3,3,ジェイケイファイン,セ,0,57.0,474,7,吉原寛,川村守,,11,1:31.4,38.1,13-13-12-12,9,474,7
2025/11/26,浦和,12,近いがうまい　埼玉の牛肉賞特Ｂ２二Ｂ３一,1400,ダ,左,良,晴,13,4,5,バンボリーナ,牝,3,53.0,450,-2,笠野雄,玉井昇,,12,1:31.9,38.4,11-12-13-13,12,450,-2
2025/11/26,浦和,12,近いがうまい　埼玉の牛肉賞特Ｂ２二Ｂ３一,1400,ダ,左,良,晴,13,7,10,ピノホホッア,牡,5,57.0,525,-12,秋元耕,野口孝,,13,1:32.0,39.1,12-11-10-11,13,525,-12
2025/11/27,浦和,1,２歳三,1400,ダ,左,良,晴,12,6,7,アルカイックスター,牝,2,54.0,429,-1,福原杏,繁田健,,1,1:31.4,39.2,3-3-2-1,4,429,-1
2025/11/27,浦和,1,２歳三,1400,ダ,左,良,晴,12,8,12,クラオウリュウ,牡,2,55.0,485,-9,西啓太,藤原智,,2,1:31.4,39.2,1-1-1-2,1,485,-9
2025/11/27,浦和,1,２歳三,1400,ダ,左,良,晴,12,6,8,ブラックハニー,牡,2,55.0,456,-6,保園翔,野口寛,,3,1:32.1,39.6,6-6-3-3,2,456,-6
2025/11/27,浦和,1,２歳三,1400,ダ,左,良,晴,12,2,2,シナノクリスタル,牝,2,54.0,453,6,見越彬,鹿沼和,,4,1:32.7,39.5,5-7-9-6,7,453,6
2025/11/27,浦和,1,２歳三,1400,ダ,左,良,晴,12,4,4,リュウノバモス,牝,2,54.0,470,4,七夕裕,野口孝,,5,1:32.9,40.0,4-4-7-4,9,470,4
2025/11/27,浦和,1,２歳三,1400,ダ,左,良,晴,12,3,3,コンバットキック,牡,2,55.0,441,0,木間龍,工藤伸,,6,1:33.3,40.9,7-5-4-5,3,441,0
2025/11/27,浦和,1,２歳三,1400,ダ,左,良,晴,12,5,6,スピラヴィオ,牡,2,55.0,0,0,岡田大,箕輪武,,7,1:33.4,40.2,8-9-8-8,8,0,0
2025/11/27,浦和,1,２歳三,1400,ダ,左,良,晴,12,1,1,キサラフラッシュ,牝,2,52.0,441,4,中山遥,酒井一,,8,1:33.6,40.2,11-11-11-10,6,441,4
2025/11/27,浦和,1,２歳三,1400,ダ,左,良,晴,12,8,11,ルシードファルチェ,牝,2,54.0,410,0,菅原涼,藤原智,,9,1:34.1,39.5,12-12-12-12,11,410,0
2025/11/27,浦和,1,２歳三,1400,ダ,左,良,晴,12,7,10,パワーマジック,牡,2,55.0,491,7,高橋哲,入口由,,10,1:34.5,41.3,9-10-10-11,10,491,7
2025/11/27,浦和,1,２歳三,1400,ダ,左,良,晴,12,7,9,ダイバマーヤチャン,牝,2,54.0,417,8,藤江渉,箕輪武,,11,1:35.0,42.3,10-8-6-9,5,417,8
2025/11/27,浦和,1,２歳三,1400,ダ,左,良,晴,12,5,5,オーデンシェル,牝,2,54.0,381,-7,赤津和,薮口一,,12,1:35.0,42.6,2-2-5-7,12,381,-7
2025/11/27,浦和,2,ランチタイムチャレンジＣ２七 八,1400,ダ,左,良,晴,13,8,13,ハイタッチマドンナ,牝,3,54.0,445,0,西啓太,鹿沼和,,1,1:31.3,38.6,12-12-6-4,4,445,0
2025/11/27,浦和,2,ランチタイムチャレンジＣ２七 八,1400,ダ,左,良,晴,13,7,10,ペプチドスパークル,牝,3,54.0,427,11,小野楓,野口寛,,2,1:31.8,40.0,5-5-4-3,5,427,11
2025/11/27,浦和,2,ランチタイムチャレンジＣ２七 八,1400,ダ,左,良,晴,13,8,12,フェアリオンアイス,牝,3,54.0,439,-1,野畑凌,伊藤滋,,3,1:32.1,40.7,1-1-1-1,1,439,-1
2025/11/27,浦和,2,ランチタイムチャレンジＣ２七 八,1400,ダ,左,良,晴,13,5,7,シーギリア,牝,5,54.0,466,-7,保園翔,野口寛,,4,1:32.2,39.5,9-9-11-9,11,466,-7
2025/11/27,浦和,2,ランチタイムチャレンジＣ２七 八,1400,ダ,左,良,晴,13,4,5,カイジンビリーヴ,牡,7,56.0,526,5,高橋哲,入口由,,5,1:32.3,39.6,10-10-10-10,12,526,5
2025/11/27,浦和,2,ランチタイムチャレンジＣ２七 八,1400,ダ,左,良,晴,13,6,9,エクセルブラック,牡,4,56.0,456,12,町田直,入口由,,6,1:32.5,40.1,6-7-8-6,8,456,12
2025/11/27,浦和,2,ランチタイムチャレンジＣ２七 八,1400,ダ,左,良,晴,13,3,3,イサチルイトムスビ,牝,4,54.0,485,-3,笹川翼,宇野博,,7,1:32.7,41.3,3-2-2-2,3,485,-3
2025/11/27,浦和,2,ランチタイムチャレンジＣ２七 八,1400,ダ,左,良,晴,13,2,2,シェルヴァレイ,牡,3,56.0,443,-3,藤江渉,酒井一,,8,1:32.8,39.3,13-13-12-8,10,443,-3
2025/11/27,浦和,2,ランチタイムチャレンジＣ２七 八,1400,ダ,左,良,晴,13,7,11,ホシプリンセス,牝,7,54.0,513,-21,藤本現,酒井一,,9,1:32.8,40.6,8-6-7-7,6,513,-21
2025/11/27,浦和,2,ランチタイムチャレンジＣ２七 八,1400,ダ,左,良,晴,13,1,1,ボル,牡,3,56.0,449,2,櫻井光,小久智,,10,1:33.6,42.0,2-4-3-5,2,449,2
2025/11/27,浦和,2,ランチタイムチャレンジＣ２七 八,1400,ダ,左,良,晴,13,6,8,セイブザクイーン,牝,3,54.0,498,5,半澤慶,宇野博,,11,1:33.7,41.2,7-8-9-11,7,498,5
2025/11/27,浦和,2,ランチタイムチャレンジＣ２七 八,1400,ダ,左,良,晴,13,4,4,レインボーグラン,牝,3,52.0,437,7,中山遥,酒井一,,12,1:34.4,41.1,11-11-13-13,13,437,7
2025/11/27,浦和,2,ランチタイムチャレンジＣ２七 八,1400,ダ,左,良,晴,13,5,6,アンジュクレール,牝,7,54.0,452,1,山中悠,工藤伸,,13,1:35.9,44.4,4-3-5-12,9,452,1
2025/11/27,浦和,3,浦和８００ラウンドＣ３選抜馬イ,800,ダ,左,良,晴,11,6,7,マダムファンタジア,牝,4,54.0,462,-1,室陽一,川村守,,1,0:48.6,36.2,1-1,4,462,-1
2025/11/27,浦和,3,浦和８００ラウンドＣ３選抜馬イ,800,ダ,左,良,晴,11,3,3,ダイエービルベリー,牝,7,54.0,489,-7,矢野貴,酒井一,,2,0:48.8,36.0,4-3,2,489,-7
2025/11/27,浦和,3,浦和８００ラウンドＣ３選抜馬イ,800,ダ,左,良,晴,11,4,4,カラドボルグ,牡,7,54.0,495,4,中山遥,吉田正,,3,0:49.1,36.6,2-2,1,495,4
2025/11/27,浦和,3,浦和８００ラウンドＣ３選抜馬イ,800,ダ,左,良,晴,11,7,8,ジュニパーダンス,牝,7,54.0,455,-11,小野楓,酒井一,,4,0:49.3,36.5,3-4,5,455,-11
2025/11/27,浦和,3,浦和８００ラウンドＣ３選抜馬イ,800,ダ,左,良,晴,11,2,2,ゴールドボード,牝,6,54.0,510,-10,保園翔,箕輪武,,5,0:49.6,36.3,6-5,8,510,-10
2025/11/27,浦和,3,浦和８００ラウンドＣ３選抜馬イ,800,ダ,左,良,晴,11,8,10,レモンスフレ,牝,4,54.0,431,-3,赤津和,鈴木勝,,6,0:50.1,36.8,8-9,3,431,-3
2025/11/27,浦和,3,浦和８００ラウンドＣ３選抜馬イ,800,ダ,左,良,晴,11,1,1,カナデル,牝,5,54.0,498,0,藤江渉,酒井一,,7,0:50.1,36.9,7-6,7,498,0
2025/11/27,浦和,3,浦和８００ラウンドＣ３選抜馬イ,800,ダ,左,良,晴,11,5,5,ワンダーダイカネン,牡,8,55.0,492,-12,及川烈,鈴木勝,,8,0:50.2,36.5,9-7,9,492,-12
2025/11/27,浦和,3,浦和８００ラウンドＣ３選抜馬イ,800,ダ,左,良,晴,11,6,6,メジャーエール,牝,5,54.0,446,-1,菅原涼,長谷忍,,9,0:50.4,36.7,10-10,6,446,-1
2025/11/27,浦和,3,浦和８００ラウンドＣ３選抜馬イ,800,ダ,左,良,晴,11,8,11,ミシェルエルクール,牝,4,54.0,495,2,半澤慶,川島豊,,10,0:50.6,37.5,5-8,10,495,2
2025/11/27,浦和,3,浦和８００ラウンドＣ３選抜馬イ,800,ダ,左,良,晴,11,7,9,リュウノアーダーン,牝,7,52.0,0,0,中島良,川村守,,,,,,,0,0
2025/11/27,浦和,4,Ｃ２七 八,1500,ダ,左,良,晴,11,5,5,リッキーマキアート,牝,5,52.0,489,2,中山遥,酒井一,,1,1:37.9,39.0,5-5-6-4,2,489,2
2025/11/27,浦和,4,Ｃ２七 八,1500,ダ,左,良,晴,11,7,9,シンキングモヒート,牡,4,56.0,468,4,室陽一,宇野博,,2,1:38.3,40.1,2-2-2-1,1,468,4
2025/11/27,浦和,4,Ｃ２七 八,1500,ダ,左,良,晴,11,4,4,ショウナンバージ,牝,3,54.0,425,-2,野畑凌,小久智,,3,1:38.3,39.5,6-6-3-2,3,425,-2
2025/11/27,浦和,4,Ｃ２七 八,1500,ダ,左,良,晴,11,6,7,ヴォーゲルワンド,牝,3,54.0,512,-7,藤本現,繁田健,,4,1:38.8,40.2,3-3-5-5,4,512,-7
2025/11/27,浦和,4,Ｃ２七 八,1500,ダ,左,良,晴,11,8,11,メグ,牝,5,54.0,478,11,見越彬,鹿沼和,,5,1:39.2,41.2,1-1-1-3,5,478,11
2025/11/27,浦和,4,Ｃ２七 八,1500,ダ,左,良,晴,11,6,6,ビアンカ,牝,5,54.0,420,-9,七夕裕,工藤伸,,6,1:39.2,39.7,8-8-7-8,7,420,-9
2025/11/27,浦和,4,Ｃ２七 八,1500,ダ,左,良,晴,11,3,3,ジャストザヴァルス,牝,5,54.0,444,0,町田直,宇野博,,7,1:39.3,39.4,9-9-9-9,6,444,0
2025/11/27,浦和,4,Ｃ２七 八,1500,ダ,左,良,晴,11,8,10,ウイングラドナス,牡,6,56.0,468,-5,半澤慶,海馬司,,8,1:39.5,40.9,4-4-4-6,9,468,-5
2025/11/27,浦和,4,Ｃ２七 八,1500,ダ,左,良,晴,11,2,2,リュウノファントム,牡,5,56.0,481,9,達城龍,野口孝,,9,1:39.7,40.2,7-7-8-7,11,481,9
2025/11/27,浦和,4,Ｃ２七 八,1500,ダ,左,良,晴,11,1,1,アンパト,セ,0,56.0,444,15,加藤和,川島豊,,10,1:40.1,39.4,10-10-10-10,8,444,15
2025/11/27,浦和,4,Ｃ２七 八,1500,ダ,左,良,晴,11,7,8,ニシノミモザ,牝,4,54.0,438,1,福原杏,吉田正,,11,1:40.8,39.3,11-11-11-11,10,438,1
2025/11/27,浦和,5,Ｃ１五,1400,ダ,左,良,晴,12,7,9,ユーロジータビート,牡,3,56.0,532,-12,笹川翼,繁田健,,1,1:29.6,37.8,4-4-4-3,1,532,-12
2025/11/27,浦和,5,Ｃ１五,1400,ダ,左,良,晴,12,5,5,ファイヤーウィップ,牡,4,56.0,523,21,保園翔,野口寛,,2,1:29.9,38.0,7-6-7-6,3,523,21
2025/11/27,浦和,5,Ｃ１五,1400,ダ,左,良,晴,12,6,7,セキテイジュウオー,セ,0,56.0,472,6,張田昂,張田京,,3,1:29.9,38.3,2-2-2-1,4,472,6
2025/11/27,浦和,5,Ｃ１五,1400,ダ,左,良,晴,12,8,12,ビールボーイ,牡,3,56.0,441,0,笠野雄,平山真,,4,1:30.2,38.3,5-5-5-5,5,441,0
2025/11/27,浦和,5,Ｃ１五,1400,ダ,左,良,晴,12,1,1,シュヴァルツナーガ,牝,5,54.0,428,2,本田重,薮口一,,5,1:30.3,38.2,9-9-10-8,8,428,2
2025/11/27,浦和,5,Ｃ１五,1400,ダ,左,良,晴,12,6,8,ブレストサンダー,牡,5,56.0,499,3,小野楓,箕輪武,,6,1:30.4,38.5,6-7-8-7,6,499,3
2025/11/27,浦和,5,Ｃ１五,1400,ダ,左,良,晴,12,2,2,ラブリーモンスター,牡,3,56.0,478,2,櫻井光,海馬司,,7,1:30.7,38.2,10-11-11-11,7,478,2
2025/11/27,浦和,5,Ｃ１五,1400,ダ,左,良,晴,12,3,3,クラパッション,牝,3,54.0,487,4,菅原涼,藤原智,,8,1:31.0,39.4,1-1-1-2,11,487,4
2025/11/27,浦和,5,Ｃ１五,1400,ダ,左,良,晴,12,5,6,ラグーンプリンセス,牝,4,54.0,462,-6,藤本現,箕輪武,,9,1:31.1,39.2,8-8-6-10,9,462,-6
2025/11/27,浦和,5,Ｃ１五,1400,ダ,左,良,晴,12,8,11,バトルホッパー,牡,6,56.0,486,6,澤田龍,横山保,,10,1:31.2,39.1,11-10-9-9,10,486,6
2025/11/27,浦和,5,Ｃ１五,1400,ダ,左,良,晴,12,7,10,キャンディブーケ,牝,3,54.0,441,1,矢野貴,工藤伸,,11,1:31.7,40.1,3-3-3-4,2,441,1
2025/11/27,浦和,5,Ｃ１五,1400,ダ,左,良,晴,12,4,4,エコロジョイアー,牡,5,56.0,505,17,野畑凌,小久智,,,,,,,505,17
2025/11/27,浦和,6,Ｊ認 新風特別２歳一,1500,ダ,左,良,曇,12,8,12,ヤギリアイビス,牡,2,55.0,498,-7,張田昂,張田京,,1,1:37.2,37.3,5-5-4-3,3,498,-7
2025/11/27,浦和,6,Ｊ認 新風特別２歳一,1500,ダ,左,良,曇,12,5,5,グルーヴィン,牡,2,55.0,421,0,本橋孝,小久智,,2,1:37.3,37.7,10-10-2-1,1,421,0
2025/11/27,浦和,6,Ｊ認 新風特別２歳一,1500,ダ,左,良,曇,12,6,8,アルプスマサ,牡,2,55.0,507,24,野畑凌,高月賢,,3,1:37.6,38.0,2-2-1-2,4,507,24
2025/11/27,浦和,6,Ｊ認 新風特別２歳一,1500,ダ,左,良,曇,12,4,4,アウフグース,牡,2,55.0,469,11,櫻井光,小久智,,4,1:37.9,38.3,1-1-3-4,7,469,11
2025/11/27,浦和,6,Ｊ認 新風特別２歳一,1500,ダ,左,良,曇,12,1,1,スペースセイラー,牝,2,54.0,471,0,矢野貴,新井清,,5,1:38.0,38.1,4-4-6-5,5,471,0
2025/11/27,浦和,6,Ｊ認 新風特別２歳一,1500,ダ,左,良,曇,12,2,2,ヴァルヴァラ,牝,2,54.0,429,12,福原杏,平山真,,6,1:38.7,38.4,6-6-7-6,8,429,12
2025/11/27,浦和,6,Ｊ認 新風特別２歳一,1500,ダ,左,良,曇,12,5,6,アースファング,牡,2,55.0,468,-3,七夕裕,箕輪武,,7,1:39.5,39.1,8-9-8-8,6,468,-3
2025/11/27,浦和,6,Ｊ認 新風特別２歳一,1500,ダ,左,良,曇,12,8,11,ストゥディア,牡,2,55.0,503,3,町田直,矢野義,,8,1:39.6,39.9,3-3-5-7,9,503,3
2025/11/27,浦和,6,Ｊ認 新風特別２歳一,1500,ダ,左,良,曇,12,3,3,マッドスピード,牡,2,55.0,437,0,笠野雄,山中尊,,9,1:40.1,39.3,7-7-10-10,11,437,0
2025/11/27,浦和,6,Ｊ認 新風特別２歳一,1500,ダ,左,良,曇,12,7,10,オールインアリス,牝,2,54.0,377,-2,濱田達,渋谷博,,10,1:40.8,39.4,12-12-12-9,12,377,-2
2025/11/27,浦和,6,Ｊ認 新風特別２歳一,1500,ダ,左,良,曇,12,7,9,カラフルロケット,牝,2,54.0,401,-4,西啓太,藤原智,,11,1:41.0,40.0,11-11-11-11,10,401,-4
2025/11/27,浦和,6,Ｊ認 新風特別２歳一,1500,ダ,左,良,曇,12,6,7,キングペルレ,牡,2,56.0,474,-4,笹川翼,稲益貴,,,,,9-8-9-12,2,474,-4
2025/11/27,浦和,7,特選Ｂ３四Ｃ１一,1500,ダ,左,良,曇,12,7,10,カイトキング,牡,6,57.0,493,9,野畑凌,水野貴,,1,1:37.7,39.2,2-2-1-1,3,493,9
2025/11/27,浦和,7,特選Ｂ３四Ｃ１一,1500,ダ,左,良,曇,12,2,2,マスクドサムライ,牡,6,57.0,480,-3,小野楓,藤原智,,2,1:38.1,39.2,6-8-9-6,4,480,-3
2025/11/27,浦和,7,特選Ｂ３四Ｃ１一,1500,ダ,左,良,曇,12,8,12,ケンブレナム,牡,3,57.0,458,2,笹川翼,繁田健,,3,1:38.1,39.5,4-3-3-3,1,458,2
2025/11/27,浦和,7,特選Ｂ３四Ｃ１一,1500,ダ,左,良,曇,12,8,11,ステラシティ,牝,4,53.0,474,2,中山遥,吉田正,,4,1:38.1,39.1,10-10-7-7,5,474,2
2025/11/27,浦和,7,特選Ｂ３四Ｃ１一,1500,ダ,左,良,曇,12,6,7,ルナフォルトゥーナ,牡,3,57.0,477,13,西啓太,藤原智,,5,1:38.2,39.4,7-6-5-5,6,477,13
2025/11/27,浦和,7,特選Ｂ３四Ｃ１一,1500,ダ,左,良,曇,12,6,8,ノブヘンドリックス,牡,7,55.0,493,12,山中悠,小久智,,6,1:38.2,39.7,1-1-2-2,7,493,12
2025/11/27,浦和,7,特選Ｂ３四Ｃ１一,1500,ダ,左,良,曇,12,5,6,レッドロムルス,牡,7,57.0,458,-6,町田直,新井清,,7,1:38.3,39.3,11-11-10-10,8,458,-6
2025/11/27,浦和,7,特選Ｂ３四Ｃ１一,1500,ダ,左,良,曇,12,1,1,ホウオウパレード,牡,6,57.0,528,-7,仲野光,山下之,,8,1:38.4,39.3,8-9-11-8,2,528,-7
2025/11/27,浦和,7,特選Ｂ３四Ｃ１一,1500,ダ,左,良,曇,12,5,5,ライヴキティ,牝,4,55.0,472,3,川島正,渡邊貴,,9,1:38.6,38.7,12-12-12-12,12,472,3
2025/11/27,浦和,7,特選Ｂ３四Ｃ１一,1500,ダ,左,良,曇,12,3,3,シナノクーパー,牡,3,57.0,432,-7,見越彬,鹿沼和,,10,1:39.0,40.3,3-4-4-4,10,432,-7
2025/11/27,浦和,7,特選Ｂ３四Ｃ１一,1500,ダ,左,良,曇,12,7,9,ラブシックボッサ,牡,6,57.0,467,7,木間龍,伊藤滋,,11,1:39.2,40.4,9-7-6-11,9,467,7
2025/11/27,浦和,7,特選Ｂ３四Ｃ１一,1500,ダ,左,良,曇,12,4,4,ニシノニューリーフ,牝,5,55.0,516,3,岡田大,冨田敏,,12,1:39.5,40.7,5-5-8-9,11,516,3
2025/11/27,浦和,8,射手座特別Ｃ２九Ｃ３一,1400,ダ,左,良,曇,12,1,1,イリバーレ,牡,3,57.0,481,0,赤津和,海馬司,,1,1:31.8,39.8,5-4-4-3,7,481,0
2025/11/27,浦和,8,射手座特別Ｃ２九Ｃ３一,1400,ダ,左,良,曇,12,8,11,モズマスターピース,牡,5,55.0,489,-5,福原杏,入口由,,2,1:31.9,40.2,10-7-2-2,1,489,-5
2025/11/27,浦和,8,射手座特別Ｃ２九Ｃ３一,1400,ダ,左,良,曇,12,4,4,ロンギングキイ,牝,4,54.0,481,-6,及川烈,箕輪武,,3,1:32.3,39.9,8-10-11-11,2,481,-6
2025/11/27,浦和,8,射手座特別Ｃ２九Ｃ３一,1400,ダ,左,良,曇,12,5,6,ケラウノスカズ,牡,6,55.0,450,0,西村栄,玉井昇,,4,1:32.4,39.8,11-11-9-6,11,450,0
2025/11/27,浦和,8,射手座特別Ｃ２九Ｃ３一,1400,ダ,左,良,曇,12,3,3,ワンダーフィール,牡,4,55.0,497,0,高橋哲,鈴木勝,,5,1:32.5,40.6,3-3-5-4,6,497,0
2025/11/27,浦和,8,射手座特別Ｃ２九Ｃ３一,1400,ダ,左,良,曇,12,8,12,スイートウィル,牝,4,53.0,432,3,加藤和,川島豊,,6,1:32.6,40.9,1-1-1-1,10,432,3
2025/11/27,浦和,8,射手座特別Ｃ２九Ｃ３一,1400,ダ,左,良,曇,12,6,8,スマイルナゴミ,牝,3,55.0,456,-6,笠野雄,凾館一,,7,1:32.8,40.4,7-6-10-10,9,456,-6
2025/11/27,浦和,8,射手座特別Ｃ２九Ｃ３一,1400,ダ,左,良,曇,12,2,2,ミカサ,牡,4,55.0,508,10,山中悠,小久智,,8,1:32.9,41.0,2-2-3-5,5,508,10
2025/11/27,浦和,8,射手座特別Ｃ２九Ｃ３一,1400,ダ,左,良,曇,12,6,7,グローリアスフィル,牝,8,53.0,476,6,岡村健,新井清,,9,1:33.0,40.8,9-9-7-8,3,476,6
2025/11/27,浦和,8,射手座特別Ｃ２九Ｃ３一,1400,ダ,左,良,曇,12,7,10,バララララララ,牝,5,53.0,426,-4,小野楓,工藤伸,,10,1:33.0,40.6,6-8-8-9,8,426,-4
2025/11/27,浦和,8,射手座特別Ｃ２九Ｃ３一,1400,ダ,左,良,曇,12,7,9,ポレポレ,牝,3,53.0,407,-6,中山遥,酒井一,,11,1:33.1,41.1,4-5-6-7,4,407,-6
2025/11/27,浦和,8,射手座特別Ｃ２九Ｃ３一,1400,ダ,左,良,曇,12,5,5,リュウノレッドアイ,牝,5,53.0,0,0,室陽一,野口寛,,,,,,,0,0
2025/11/27,浦和,9,神楽月特別Ｃ２二,1400,ダ,左,良,曇,13,8,13,サンズ,牡,3,56.0,517,5,笹川翼,小久智,,1,1:29.4,38.7,1-1-1-1,2,517,5
2025/11/27,浦和,9,神楽月特別Ｃ２二,1400,ダ,左,良,曇,13,5,7,インピッシュ,牝,3,54.0,466,-3,小野楓,繁田健,,2,1:29.8,39.1,2-2-3-2,1,466,-3
2025/11/27,浦和,9,神楽月特別Ｃ２二,1400,ダ,左,良,曇,13,1,1,アルマヴィーヴァ,牡,3,56.0,489,26,本田重,宇野博,,3,1:30.1,38.4,7-7-7-6,3,489,26
2025/11/27,浦和,9,神楽月特別Ｃ２二,1400,ダ,左,良,曇,13,6,8,ロトカグラ,牡,4,54.0,474,-4,中山遥,工藤伸,,4,1:30.3,38.8,5-5-5-4,8,474,-4
2025/11/27,浦和,9,神楽月特別Ｃ２二,1400,ダ,左,良,曇,13,4,5,セイウンヒュージ,牡,8,55.0,482,-1,佐野遥,山田正,,5,1:30.9,39.4,6-6-6-7,9,482,-1
2025/11/27,浦和,9,神楽月特別Ｃ２二,1400,ダ,左,良,曇,13,7,10,シゲルツキミザケ,牡,6,56.0,478,12,福原杏,箕輪武,,6,1:31.1,40.4,3-3-2-3,5,478,12
2025/11/27,浦和,9,神楽月特別Ｃ２二,1400,ダ,左,良,曇,13,6,9,エイシンヘーメラー,牝,5,52.0,420,15,中島良,入口由,,7,1:31.2,38.9,11-11-11-9,11,420,15
2025/11/27,浦和,9,神楽月特別Ｃ２二,1400,ダ,左,良,曇,13,5,6,シェナクラウン,牡,5,56.0,520,1,國分祐,冨田敏,,8,1:31.2,38.8,12-12-12-10,13,520,1
2025/11/27,浦和,9,神楽月特別Ｃ２二,1400,ダ,左,良,曇,13,3,3,シナモンポップ,牝,3,54.0,479,-1,櫻井光,海馬司,,9,1:31.5,40.0,4-4-4-5,7,479,-1
2025/11/27,浦和,9,神楽月特別Ｃ２二,1400,ダ,左,良,曇,13,4,4,オリエンタルマック,牡,3,56.0,468,4,岡村健,酒井一,,10,1:31.9,40.0,8-8-8-8,12,468,4
2025/11/27,浦和,9,神楽月特別Ｃ２二,1400,ダ,左,良,曇,13,2,2,ノーブルプラチナ,牡,3,56.0,554,26,高橋哲,水野貴,,11,1:32.4,39.4,13-13-13-13,6,554,26
2025/11/27,浦和,9,神楽月特別Ｃ２二,1400,ダ,左,良,曇,13,7,11,ブルーオブウインド,牝,3,54.0,465,-4,保園翔,川村守,,12,1:32.9,40.8,10-10-9-11,4,465,-4
2025/11/27,浦和,9,神楽月特別Ｃ２二,1400,ダ,左,良,曇,13,8,12,ウワサノデコピン,牡,3,56.0,450,1,七夕裕,工藤伸,,13,1:33.4,41.3,9-9-10-12,10,450,1
2025/11/27,浦和,10,’２５まがたま賞Ａ２下選抜馬,1400,ダ,左,良,曇,13,5,7,エナジーポコアポコ,牡,5,54.0,459,-5,野畑凌,繁田健,,1,1:27.7,37.7,2-3-2-1,2,459,-5
2025/11/27,浦和,10,’２５まがたま賞Ａ２下選抜馬,1400,ダ,左,良,曇,13,3,3,タイムモーメント,セ,0,56.0,489,-6,御神訓,川島一,,2,1:28.3,38.1,6-5-4-4,1,489,-6
2025/11/27,浦和,10,’２５まがたま賞Ａ２下選抜馬,1400,ダ,左,良,曇,13,8,12,ベラール,牡,8,56.0,511,10,町田直,酒井忍,,3,1:28.4,38.0,7-6-5-3,4,511,10
2025/11/27,浦和,10,’２５まがたま賞Ａ２下選抜馬,1400,ダ,左,良,曇,13,5,6,コアリオ,牝,5,52.0,515,2,鷹見陸,栗田裕,,4,1:28.8,38.0,9-9-10-7,8,515,2
2025/11/27,浦和,10,’２５まがたま賞Ａ２下選抜馬,1400,ダ,左,良,曇,13,7,11,カレンチャンキー,牝,5,54.0,505,13,櫻井光,小久智,,5,1:28.9,39.1,1-1-1-2,6,505,13
2025/11/27,浦和,10,’２５まがたま賞Ａ２下選抜馬,1400,ダ,左,良,曇,13,4,5,シュガーコルト,セ,0,54.0,508,-15,及川烈,高野毅,,6,1:29.0,37.9,12-12-11-8,11,508,-15
2025/11/27,浦和,10,’２５まがたま賞Ａ２下選抜馬,1400,ダ,左,良,曇,13,8,13,ハグレグモ,牡,4,54.0,513,11,笠野雄,平山真,,7,1:29.0,38.4,5-7-6-5,3,513,11
2025/11/27,浦和,10,’２５まがたま賞Ａ２下選抜馬,1400,ダ,左,良,曇,13,2,2,アムクラージュ,セ,0,56.0,516,-3,西啓太,藤原智,,8,1:29.2,38.3,11-11-7-6,10,516,-3
2025/11/27,浦和,10,’２５まがたま賞Ａ２下選抜馬,1400,ダ,左,良,曇,13,1,1,ランドマックス,牡,4,54.0,508,3,木間龍,矢野義,,9,1:29.3,38.4,10-10-12-12,9,508,3
2025/11/27,浦和,10,’２５まがたま賞Ａ２下選抜馬,1400,ダ,左,良,曇,13,6,8,グレートジャーニー,牡,5,56.0,487,-4,安藤洋,小久智,,10,1:29.5,38.9,3-4-9-11,7,487,-4
2025/11/27,浦和,10,’２５まがたま賞Ａ２下選抜馬,1400,ダ,左,良,曇,13,6,9,ペプチドハドソン,牡,5,54.0,510,18,小野楓,野口寛,,11,1:30.1,39.3,8-8-8-10,5,510,18
2025/11/27,浦和,10,’２５まがたま賞Ａ２下選抜馬,1400,ダ,左,良,曇,13,7,10,ツウカイリアル,牡,5,56.0,506,3,山口達,佐藤太,,12,1:30.5,40.5,4-2-3-9,12,506,3
2025/11/27,浦和,10,’２５まがたま賞Ａ２下選抜馬,1400,ダ,左,良,曇,13,4,4,スペンサーバローズ,牡,5,54.0,0,0,笹川翼,繁田健,,,,,,,0,0
2025/11/27,浦和,11,とちぎ和牛賞特別Ｃ１二,1500,ダ,左,良,曇,12,2,2,ツーエムフリーク,牝,5,54.0,521,5,山中悠,小澤宏,,1,1:36.8,38.2,2-3-1-1,1,521,5
2025/11/27,浦和,11,とちぎ和牛賞特別Ｃ１二,1500,ダ,左,良,曇,12,4,4,ハブル,牡,5,56.0,493,-3,野畑凌,小久智,,2,1:37.5,38.7,6-6-5-3,6,493,-3
2025/11/27,浦和,11,とちぎ和牛賞特別Ｃ１二,1500,ダ,左,良,曇,12,6,7,エレガントジュエリ,牝,5,54.0,415,-1,保園翔,川村守,,3,1:37.6,39.0,3-2-2-2,5,415,-1
2025/11/27,浦和,11,とちぎ和牛賞特別Ｃ１二,1500,ダ,左,良,曇,12,5,6,ナーヴィスゼータ,牝,3,54.0,493,6,笹川翼,宇野博,,4,1:37.9,39.0,7-7-6-4,4,493,6
2025/11/27,浦和,11,とちぎ和牛賞特別Ｃ１二,1500,ダ,左,良,曇,12,8,11,ストイックノア,牡,4,56.0,502,11,矢野貴,小久智,,5,1:38.0,38.9,8-8-8-6,3,502,11
2025/11/27,浦和,11,とちぎ和牛賞特別Ｃ１二,1500,ダ,左,良,曇,12,7,10,コモドアーズ,牡,5,56.0,551,-3,七夕裕,横山保,,6,1:38.1,39.5,4-4-3-5,12,551,-3
2025/11/27,浦和,11,とちぎ和牛賞特別Ｃ１二,1500,ダ,左,良,曇,12,7,9,ハクサントップ,牡,7,56.0,481,-8,町田直,矢野義,,7,1:38.2,38.6,11-11-10-10,8,481,-8
2025/11/27,浦和,11,とちぎ和牛賞特別Ｃ１二,1500,ダ,左,良,曇,12,8,12,ドンアレス,牡,4,56.0,475,-7,小野楓,薮口一,,8,1:38.4,39.2,9-9-9-8,2,475,-7
2025/11/27,浦和,11,とちぎ和牛賞特別Ｃ１二,1500,ダ,左,良,曇,12,3,3,ライコウノヒカリ,牡,5,56.0,448,-6,福原杏,鈴木勝,,9,1:38.6,39.8,5-5-7-9,7,448,-6
2025/11/27,浦和,11,とちぎ和牛賞特別Ｃ１二,1500,ダ,左,良,曇,12,6,8,レンダリング,牡,5,55.0,517,13,及川烈,海馬司,,10,1:38.8,39.2,10-10-11-11,9,517,13
2025/11/27,浦和,11,とちぎ和牛賞特別Ｃ１二,1500,ダ,左,良,曇,12,5,5,コスモパンドラ,牝,6,53.0,467,-5,佐野遥,箕輪武,,11,1:38.8,38.4,12-12-12-12,11,467,-5
2025/11/27,浦和,11,とちぎ和牛賞特別Ｃ１二,1500,ダ,左,良,曇,12,1,1,ライヴガーネット,牝,6,54.0,477,1,木間龍,工藤伸,,12,1:39.2,40.6,1-1-4-7,10,477,1
2025/11/27,浦和,12,栃木県畜産協会長賞特別Ｂ２Ｂ３選抜馬,2000,ダ,左,良,曇,12,3,3,リジン,牡,6,57.0,496,6,本田重,水野貴,,1,2:10.6,37.9,4-4-4-2,1,496,6
2025/11/27,浦和,12,栃木県畜産協会長賞特別Ｂ２Ｂ３選抜馬,2000,ダ,左,良,曇,12,4,4,グーヴェルナイユ,牡,4,57.0,473,-9,本橋孝,森泰斗,,2,2:10.7,37.7,6-7-7-5,4,473,-9
2025/11/27,浦和,12,栃木県畜産協会長賞特別Ｂ２Ｂ３選抜馬,2000,ダ,左,良,曇,12,2,2,アルリスカ,セ,0,55.0,475,2,七夕裕,箕輪武,,3,2:11.1,39.3,1-1-1-1,5,475,2
2025/11/27,浦和,12,栃木県畜産協会長賞特別Ｂ２Ｂ３選抜馬,2000,ダ,左,良,曇,12,8,12,ロイヤルザップ,牡,6,57.0,500,0,張田昂,宇野博,,4,2:11.8,38.4,8-8-8-7,9,500,0
2025/11/27,浦和,12,栃木県畜産協会長賞特別Ｂ２Ｂ３選抜馬,2000,ダ,左,良,曇,12,7,10,オーシンスキャット,牡,4,57.0,473,-2,野畑凌,小久智,,5,2:11.9,39.5,2-2-2-3,2,473,-2
2025/11/27,浦和,12,栃木県畜産協会長賞特別Ｂ２Ｂ３選抜馬,2000,ダ,左,良,曇,12,6,8,ローアヴァンフレア,セ,0,57.0,482,-4,笹川翼,繁田健,,6,2:11.9,39.4,3-3-3-4,3,482,-4
2025/11/27,浦和,12,栃木県畜産協会長賞特別Ｂ２Ｂ３選抜馬,2000,ダ,左,良,曇,12,5,5,エーヴベリー,牝,5,54.0,502,5,及川烈,平山真,,7,2:12.0,39.2,7-6-5-6,12,502,5
2025/11/27,浦和,12,栃木県畜産協会長賞特別Ｂ２Ｂ３選抜馬,2000,ダ,左,良,曇,12,8,11,メイショウクラーク,セ,0,55.0,450,2,岡村健,宇野博,,8,2:12.3,38.9,9-9-9-9,7,450,2
2025/11/27,浦和,12,栃木県畜産協会長賞特別Ｂ２Ｂ３選抜馬,2000,ダ,左,良,曇,12,7,9,シャンボール,牡,5,57.0,485,-3,藤本現,高野毅,,9,2:12.4,39.5,5-5-6-8,8,485,-3
2025/11/27,浦和,12,栃木県畜産協会長賞特別Ｂ２Ｂ３選抜馬,2000,ダ,左,良,曇,12,6,7,フォートウィリアム,セ,0,55.0,519,-3,室陽一,吉田正,,10,2:12.5,38.5,12-12-11-10,11,519,-3
2025/11/27,浦和,12,栃木県畜産協会長賞特別Ｂ２Ｂ３選抜馬,2000,ダ,左,良,曇,12,5,6,ベルガラス,牡,4,55.0,475,4,木間龍,齊藤敏,,11,2:13.2,39.8,10-10-10-11,10,475,4
2025/11/27,浦和,12,栃木県畜産協会長賞特別Ｂ２Ｂ３選抜馬,2000,ダ,左,良,曇,12,1,1,マナコル,牡,3,55.0,511,-1,西啓太,藤原智,,12,2:13.7,39.5,11-11-12-12,6,511,-1
2025/11/28,浦和,1,２歳四,1400,ダ,左,良,晴,12,1,1,ゴールデンコマンチ,牡,2,55.0,473,-11,福原杏,水野貴,,1,1:33.6,40.4,12-9-3-1,1,473,-11
2025/11/28,浦和,1,２歳四,1400,ダ,左,良,晴,12,2,2,クリールヴィット,牝,2,54.0,431,-3,藤江渉,鈴木勝,,2,1:34.1,41.8,1-1-1-2,2,431,-3
2025/11/28,浦和,1,２歳四,1400,ダ,左,良,晴,12,6,8,ラグーンプレミアム,牡,2,54.0,456,12,及川烈,箕輪武,,3,1:34.3,41.3,3-3-5-3,3,456,12
2025/11/28,浦和,1,２歳四,1400,ダ,左,良,晴,12,7,10,グレイモカ,牝,2,52.0,436,-3,中山遥,小林真,,4,1:34.4,41.2,5-5-7-7,4,436,-3
2025/11/28,浦和,1,２歳四,1400,ダ,左,良,晴,12,4,4,ベルアルコバレーノ,牝,2,54.0,420,-3,菅原涼,藤原智,,5,1:34.5,39.9,11-12-9-8,5,420,-3
2025/11/28,浦和,1,２歳四,1400,ダ,左,良,晴,12,5,6,スウィンドル,牡,2,55.0,403,-13,小野楓,酒井一,,6,1:34.6,41.4,6-6-6-9,7,403,-13
2025/11/28,浦和,1,２歳四,1400,ダ,左,良,晴,12,6,7,スタールル,牝,2,52.0,405,6,中島良,川村守,,7,1:34.8,41.2,7-8-8-6,11,405,6
2025/11/28,浦和,1,２歳四,1400,ダ,左,良,晴,12,3,3,ドドドドドカーン,牡,2,55.0,472,-1,見越彬,小林真,,8,1:35.0,42.0,4-4-4-5,8,472,-1
2025/11/28,浦和,1,２歳四,1400,ダ,左,良,晴,12,7,9,メイジョウスター,牝,2,54.0,445,-2,加藤和,酒井一,,9,1:35.8,43.4,2-2-2-4,5,445,-2
2025/11/28,浦和,1,２歳四,1400,ダ,左,良,晴,12,8,11,アルティスゼファー,牡,2,55.0,440,1,秋元耕,薮口一,,10,1:38.0,44.2,8-7-10-10,12,440,1
2025/11/28,浦和,1,２歳四,1400,ダ,左,良,晴,12,8,12,イビルアイ,牝,2,54.0,382,-5,半澤慶,宇野博,,11,1:39.3,44.3,10-10-12-11,9,382,-5
2025/11/28,浦和,1,２歳四,1400,ダ,左,良,晴,12,5,5,シュウスイミラクル,牝,2,54.0,399,3,室陽一,入口由,,12,1:41.9,46.9,9-11-11-12,10,399,3
2025/11/28,浦和,2,ランチタイムチャレンジ３歳二,1400,ダ,左,良,晴,12,8,12,サージ,セ,0,56.0,539,-3,室陽一,宇野博,,1,1:32.1,39.7,2-2-2-1,3,539,-3
2025/11/28,浦和,2,ランチタイムチャレンジ３歳二,1400,ダ,左,良,晴,12,7,9,プリヤンカー,牝,3,54.0,478,-9,七夕裕,小林真,,2,1:32.6,40.0,4-5-6-4,4,478,-9
2025/11/28,浦和,2,ランチタイムチャレンジ３歳二,1400,ダ,左,良,晴,12,3,3,クルールローザンヌ,牝,3,54.0,470,13,笹川翼,宇野博,,3,1:32.9,40.3,10-9-3-3,2,470,13
2025/11/28,浦和,2,ランチタイムチャレンジ３歳二,1400,ダ,左,良,晴,12,5,5,ロベルタインパクト,牝,3,54.0,509,-4,小野楓,水野貴,,4,1:33.1,40.5,8-6-5-5,1,509,-4
2025/11/28,浦和,2,ランチタイムチャレンジ３歳二,1400,ダ,左,良,晴,12,7,10,ハーシュミストレス,牝,3,54.0,463,6,秋元耕,酒井一,,5,1:33.3,39.7,11-11-10-8,11,463,6
2025/11/28,浦和,2,ランチタイムチャレンジ３歳二,1400,ダ,左,良,晴,12,6,7,パイソン,牝,3,54.0,441,12,野畑凌,水上直,,6,1:33.3,40.9,1-1-1-2,5,441,12
2025/11/28,浦和,2,ランチタイムチャレンジ３歳二,1400,ダ,左,良,晴,12,2,2,タカイチアスコット,牝,3,54.0,464,-11,岡田大,薮口一,,7,1:33.5,40.1,7-7-8-9,10,464,-11
2025/11/28,浦和,2,ランチタイムチャレンジ３歳二,1400,ダ,左,良,晴,12,5,6,ゴールドアメリカン,牡,3,56.0,466,-4,高橋哲,野口孝,,8,1:34.2,40.1,12-12-12-11,12,466,-4
2025/11/28,浦和,2,ランチタイムチャレンジ３歳二,1400,ダ,左,良,晴,12,6,8,アヤサンムギタ,牡,3,55.0,482,3,佐野遥,野口寛,,9,1:34.2,41.0,9-10-9-10,8,482,3
2025/11/28,浦和,2,ランチタイムチャレンジ３歳二,1400,ダ,左,良,晴,12,4,4,カルストンブランド,牝,3,54.0,434,6,加藤和,入口由,,10,1:34.2,41.4,5-4-7-6,9,434,6
2025/11/28,浦和,2,ランチタイムチャレンジ３歳二,1400,ダ,左,良,晴,12,8,11,リオンノワール,牡,3,56.0,445,5,半澤慶,平山真,,11,1:34.5,42.1,3-3-4-7,6,445,5
2025/11/28,浦和,2,ランチタイムチャレンジ３歳二,1400,ダ,左,良,晴,12,1,1,オムブラーヴ,牡,3,54.0,498,12,中島良,川村守,,12,1:35.7,42.0,6-8-11-12,7,498,12
2025/11/28,浦和,3,特選Ｃ３二 三,1400,ダ,左,良,晴,11,8,11,フルーツパフェ,牝,6,54.0,481,-5,岡村健,齊藤敏,,1,1:32.3,40.7,7-5-4-3,1,481,-5
2025/11/28,浦和,3,特選Ｃ３二 三,1400,ダ,左,良,晴,11,1,1,タイムレスブルーム,牡,4,56.0,499,21,福原杏,宇野博,,2,1:32.4,41.2,2-2-2-1,8,499,21
2025/11/28,浦和,3,特選Ｃ３二 三,1400,ダ,左,良,晴,11,3,3,グレル,牝,7,54.0,453,1,室陽一,川村守,,3,1:32.5,40.1,10-10-11-10,9,453,1
2025/11/28,浦和,3,特選Ｃ３二 三,1400,ダ,左,良,晴,11,4,4,アモフリューゲル,牝,5,54.0,453,7,吉井章,藤原智,,4,1:32.7,41.1,3-4-5-4,10,453,7
2025/11/28,浦和,3,特選Ｃ３二 三,1400,ダ,左,良,晴,11,2,2,ピノモラーン,牡,7,55.0,483,-2,佐野遥,野口孝,,5,1:32.8,40.8,9-9-9-9,4,483,-2
2025/11/28,浦和,3,特選Ｃ３二 三,1400,ダ,左,良,晴,11,8,10,カバロプレト,牡,6,56.0,442,-6,高橋哲,入口由,,6,1:32.9,41.0,8-8-6-7,6,442,-6
2025/11/28,浦和,3,特選Ｃ３二 三,1400,ダ,左,良,晴,11,5,5,プリンセスダーク,牝,6,54.0,474,0,山中悠,玉井等,,7,1:32.9,41.1,6-6-7-6,5,474,0
2025/11/28,浦和,3,特選Ｃ３二 三,1400,ダ,左,良,晴,11,6,6,サンライズテソロ,牡,7,56.0,478,2,半澤慶,川島豊,,8,1:33.1,40.9,11-11-8-8,7,478,2
2025/11/28,浦和,3,特選Ｃ３二 三,1400,ダ,左,良,晴,11,7,9,タイシタモンダロ,牡,6,56.0,508,-6,保園翔,川村守,,9,1:33.2,41.8,4-3-3-5,3,508,-6
2025/11/28,浦和,3,特選Ｃ３二 三,1400,ダ,左,良,晴,11,6,7,アンタゴニスタ,牡,6,56.0,490,-2,藤江渉,工藤伸,,10,1:33.2,42.0,1-1-1-2,2,490,-2
2025/11/28,浦和,3,特選Ｃ３二 三,1400,ダ,左,良,晴,11,7,8,シェナリオン,牡,5,54.0,466,4,中島良,冨田敏,,11,1:35.0,42.8,5-7-10-11,11,466,4
2025/11/28,浦和,4,特選Ｃ３二 三,1500,ダ,左,良,晴,11,4,4,ダブルレイズカード,牡,4,56.0,521,-7,笹川翼,繁田健,,1,1:38.5,40.3,2-2-2-2,1,521,-7
2025/11/28,浦和,4,特選Ｃ３二 三,1500,ダ,左,良,晴,11,8,10,ツーエムタイガー,牡,7,56.0,458,-1,山中悠,佐々清,,2,1:38.8,40.4,4-4-3-3,4,458,-1
2025/11/28,浦和,4,特選Ｃ３二 三,1500,ダ,左,良,晴,11,3,3,トワイライトドレス,牝,6,54.0,487,-9,福原杏,宇野博,,3,1:39.0,41.0,1-1-1-1,5,487,-9
2025/11/28,浦和,4,特選Ｃ３二 三,1500,ダ,左,良,晴,11,6,6,ビクエスト,牡,6,56.0,474,9,庄司大,矢内博,,4,1:39.5,40.0,9-9-8-8,8,474,9
2025/11/28,浦和,4,特選Ｃ３二 三,1500,ダ,左,良,晴,11,6,7,グレースミューズ,牝,6,54.0,454,-9,高橋哲,薮口一,,5,1:39.6,40.7,8-6-7-5,10,454,-9
2025/11/28,浦和,4,特選Ｃ３二 三,1500,ダ,左,良,晴,11,2,2,ヨドノホマレ,セ,0,56.0,493,-2,岡村健,平山真,,6,1:39.8,40.9,7-7-6-4,3,493,-2
2025/11/28,浦和,4,特選Ｃ３二 三,1500,ダ,左,良,晴,11,7,8,ニシノテンカフブ,牡,5,55.0,465,0,及川烈,吉田正,,7,1:39.8,40.1,10-10-9-9,6,465,0
2025/11/28,浦和,4,特選Ｃ３二 三,1500,ダ,左,良,晴,11,1,1,トゥジアース,牡,6,56.0,506,6,見越彬,入口由,,8,1:40.4,40.7,6-8-10-10,7,506,6
2025/11/28,浦和,4,特選Ｃ３二 三,1500,ダ,左,良,晴,11,7,9,デルマプラクリティ,牡,4,56.0,483,17,小野楓,薮口一,,9,1:40.7,42.2,5-5-5-6,9,483,17
2025/11/28,浦和,4,特選Ｃ３二 三,1500,ダ,左,良,晴,11,5,5,ハーモニーホクト,牡,7,56.0,544,1,本田重,新井清,,10,1:41.2,42.8,3-3-4-7,2,544,1
2025/11/28,浦和,4,特選Ｃ３二 三,1500,ダ,左,良,晴,11,8,11,オリズジーニー,牡,4,56.0,0,0,室陽一,宇野博,,,,,,,0,0
2025/11/28,浦和,5,浦和８００ラウンドＣ２選抜馬イ,800,ダ,左,良,晴,12,2,2,ブラックエンパイア,牡,3,56.0,498,26,室陽一,海馬司,,1,0:48.2,36.0,3-3,2,498,26
2025/11/28,浦和,5,浦和８００ラウンドＣ２選抜馬イ,800,ダ,左,良,晴,12,7,9,アースメロディ,牝,4,54.0,507,-1,藤田凌,箕輪武,,2,0:48.4,36.3,1-1,6,507,-1
2025/11/28,浦和,5,浦和８００ラウンドＣ２選抜馬イ,800,ダ,左,良,晴,12,7,10,ルージュルージュ,牝,4,54.0,472,3,菅原涼,長谷忍,,3,0:48.6,36.5,2-2,9,472,3
2025/11/28,浦和,5,浦和８００ラウンドＣ２選抜馬イ,800,ダ,左,良,晴,12,1,1,キャストライトオン,牝,3,54.0,453,-3,福原杏,水野貴,,4,0:48.6,36.2,5-4,1,453,-3
2025/11/28,浦和,5,浦和８００ラウンドＣ２選抜馬イ,800,ダ,左,良,晴,12,5,5,メーネフロタント,牝,5,54.0,481,-5,見越彬,小林真,,5,0:48.9,36.5,8-6,4,481,-5
2025/11/28,浦和,5,浦和８００ラウンドＣ２選抜馬イ,800,ダ,左,良,晴,12,4,4,コンバットスピカ,牝,3,54.0,463,-1,七夕裕,工藤伸,,6,0:49.1,36.3,9-9,8,463,-1
2025/11/28,浦和,5,浦和８００ラウンドＣ２選抜馬イ,800,ダ,左,良,晴,12,8,12,メイジョウビット,牝,3,54.0,434,-2,赤津和,酒井一,,7,0:49.1,36.7,7-7,11,434,-2
2025/11/28,浦和,5,浦和８００ラウンドＣ２選抜馬イ,800,ダ,左,良,晴,12,3,3,ランウェイクイーン,牝,4,54.0,468,-5,新原周,小澤宏,,8,0:49.2,37.0,4-5,5,468,-5
2025/11/28,浦和,5,浦和８００ラウンドＣ２選抜馬イ,800,ダ,左,良,晴,12,6,7,アルパインハット,牝,3,54.0,432,-14,小野楓,川村守,,9,0:49.3,36.9,6-8,7,432,-14
2025/11/28,浦和,5,浦和８００ラウンドＣ２選抜馬イ,800,ダ,左,良,晴,12,5,6,ロングビーチ,牝,4,54.0,414,-2,笹川翼,藤原智,,10,0:49.6,36.8,10-11,3,414,-2
2025/11/28,浦和,5,浦和８００ラウンドＣ２選抜馬イ,800,ダ,左,良,晴,12,6,8,ダンストンムート,牝,5,54.0,459,-8,秋元耕,野口孝,,11,0:49.6,36.8,11-10,10,459,-8
2025/11/28,浦和,5,浦和８００ラウンドＣ２選抜馬イ,800,ダ,左,良,晴,12,8,11,セイダンシング,牡,6,56.0,482,-1,高橋利,玉井昇,,12,0:50.8,37.4,12-12,12,482,-1
2025/11/28,浦和,6,浦和８００ラウンドＣ２選抜馬ア,800,ダ,左,良,晴,11,8,11,キックス,牝,3,54.0,465,1,秋元耕,鹿沼和,,1,0:47.7,35.3,1-1,1,465,1
2025/11/28,浦和,6,浦和８００ラウンドＣ２選抜馬ア,800,ダ,左,良,晴,11,1,1,サンシスイメイ,牝,4,52.0,390,7,中山遥,入口由,,2,0:48.9,36.3,4-5,3,390,7
2025/11/28,浦和,6,浦和８００ラウンドＣ２選抜馬ア,800,ダ,左,良,晴,11,2,2,ラブアンドビーンズ,牝,3,54.0,485,4,保園翔,水上直,,3,0:49.0,36.2,6-6,5,485,4
2025/11/28,浦和,6,浦和８００ラウンドＣ２選抜馬ア,800,ダ,左,良,晴,11,3,3,ビナベンチェ,牝,3,54.0,438,19,岡村健,酒井一,,4,0:49.1,36.5,3-3,9,438,19
2025/11/28,浦和,6,浦和８００ラウンドＣ２選抜馬ア,800,ダ,左,良,晴,11,7,8,ビヴァアカプルコ,牝,5,54.0,496,-9,見越彬,水上直,,5,0:49.1,36.5,5-4,2,496,-9
2025/11/28,浦和,6,浦和８００ラウンドＣ２選抜馬ア,800,ダ,左,良,晴,11,7,9,ファンファン,牡,8,56.0,468,0,赤津和,箕輪武,,6,0:49.3,36.5,7-7,6,468,0
2025/11/28,浦和,6,浦和８００ラウンドＣ２選抜馬ア,800,ダ,左,良,晴,11,5,5,ニシノアクシス,牡,8,56.0,501,-2,國分祐,吉田正,,7,0:49.6,36.0,9-9,11,501,-2
2025/11/28,浦和,6,浦和８００ラウンドＣ２選抜馬ア,800,ダ,左,良,晴,11,4,4,ツーエムルーイー,牝,5,52.0,550,-5,中島良,小澤宏,,8,0:49.6,36.6,8-8,10,550,-5
2025/11/28,浦和,6,浦和８００ラウンドＣ２選抜馬ア,800,ダ,左,良,晴,11,8,10,ミラコロヴァーグ,牡,3,56.0,484,12,山中悠,小澤宏,,9,0:49.9,37.3,2-2,4,484,12
2025/11/28,浦和,6,浦和８００ラウンドＣ２選抜馬ア,800,ダ,左,良,晴,11,6,6,ブルドッグガール,牝,3,54.0,439,1,加藤和,薮口一,,10,0:50.0,36.1,11-10,8,439,1
2025/11/28,浦和,6,浦和８００ラウンドＣ２選抜馬ア,800,ダ,左,良,晴,11,6,7,ニシノソレガシ,セ,0,56.0,529,0,七夕裕,冨田敏,,11,0:50.1,36.7,10-11,7,529,0
2025/11/28,浦和,7,サザンクロス賞２歳選抜牝馬,1400,ダ,左,良,晴,11,5,5,アジアンビジョン,牝,2,54.0,438,-1,福原杏,川島豊,,1,1:30.1,39.9,1-1-1-1,7,438,-1
2025/11/28,浦和,7,サザンクロス賞２歳選抜牝馬,1400,ダ,左,良,晴,11,2,2,ロックシュガー,牝,2,54.0,461,5,秋元耕,川島豊,,2,1:30.2,39.5,9-9-4-2,1,461,5
2025/11/28,浦和,7,サザンクロス賞２歳選抜牝馬,1400,ダ,左,良,晴,11,4,4,ナリスナ,牝,2,54.0,435,-2,本田重,山下之,,3,1:30.4,39.7,8-7-6-5,2,435,-2
2025/11/28,浦和,7,サザンクロス賞２歳選抜牝馬,1400,ダ,左,良,晴,11,6,6,ユウユウコルネット,牝,2,54.0,406,-6,室陽一,横山保,,4,1:30.4,40.1,2-2-2-4,4,406,-6
2025/11/28,浦和,7,サザンクロス賞２歳選抜牝馬,1400,ダ,左,良,晴,11,8,10,ウールドランジュ,牝,2,54.0,457,2,笹川翼,平山真,,5,1:30.6,40.3,3-3-3-3,6,457,2
2025/11/28,浦和,7,サザンクロス賞２歳選抜牝馬,1400,ダ,左,良,晴,11,6,7,ティーズセラフ,牝,2,54.0,494,14,小野楓,水野貴,,6,1:30.7,40.2,5-4-5-6,3,494,14
2025/11/28,浦和,7,サザンクロス賞２歳選抜牝馬,1400,ダ,左,良,晴,11,7,9,ユウユウシロパン,牝,2,54.0,456,7,七夕裕,工藤伸,,7,1:31.2,40.0,10-10-7-7,8,456,7
2025/11/28,浦和,7,サザンクロス賞２歳選抜牝馬,1400,ダ,左,良,晴,11,7,8,バルカロール,牝,2,54.0,449,-2,西啓太,藤原智,,8,1:32.8,41.6,7-8-10-9,10,449,-2
2025/11/28,浦和,7,サザンクロス賞２歳選抜牝馬,1400,ダ,左,良,晴,11,1,1,スターハル,牝,2,54.0,394,-1,保園翔,小澤宏,,9,1:32.8,42.1,4-5-8-8,9,394,-1
2025/11/28,浦和,7,サザンクロス賞２歳選抜牝馬,1400,ダ,左,良,晴,11,8,11,カクレンボ,牝,2,54.0,508,-3,張田昂,宇野博,,10,1:35.2,44.4,6-6-9-10,5,508,-3
2025/11/28,浦和,7,サザンクロス賞２歳選抜牝馬,1400,ダ,左,良,晴,11,3,3,チカアイドル,牝,2,54.0,0,0,野畑凌,伊藤滋,,,,,,,0,0
2025/11/28,浦和,8,トパーズ特別Ｃ２選抜馬イ,2000,ダ,左,良,晴,12,1,1,サマーストーリー,牡,5,56.0,446,-1,岡田大,冨田敏,,1,2:15.6,41.7,5-4-3-3,4,446,-1
2025/11/28,浦和,8,トパーズ特別Ｃ２選抜馬イ,2000,ダ,左,良,晴,12,6,7,メイショウサノサ,牝,3,52.0,441,-6,中山遥,入口由,,2,2:15.8,41.7,10-7-4-2,1,441,-6
2025/11/28,浦和,8,トパーズ特別Ｃ２選抜馬イ,2000,ダ,左,良,晴,12,5,5,ユウユウプレゼンス,牝,5,54.0,440,4,室陽一,横山保,,3,2:16.0,42.3,3-2-2-1,2,440,4
2025/11/28,浦和,8,トパーズ特別Ｃ２選抜馬イ,2000,ダ,左,良,晴,12,2,2,ゴールドキッド,牡,3,56.0,427,0,小野楓,鹿沼和,,4,2:16.2,41.9,7-8-7-5,6,427,0
2025/11/28,浦和,8,トパーズ特別Ｃ２選抜馬イ,2000,ダ,左,良,晴,12,8,12,スタークイック,牝,3,54.0,421,-7,木間龍,小澤宏,,5,2:16.5,42.4,8-6-5-6,7,421,-7
2025/11/28,浦和,8,トパーズ特別Ｃ２選抜馬イ,2000,ダ,左,良,晴,12,6,8,リケアヴィオレ,牡,4,56.0,480,-4,七夕裕,鹿沼和,,6,2:16.6,42.4,4-5-9-7,3,480,-4
2025/11/28,浦和,8,トパーズ特別Ｃ２選抜馬イ,2000,ダ,左,良,晴,12,8,11,ハシリマッセ,牡,3,56.0,473,4,見越彬,川島豊,,7,2:16.9,42.5,11-10-10-9,8,473,4
2025/11/28,浦和,8,トパーズ特別Ｃ２選抜馬イ,2000,ダ,左,良,晴,12,7,9,アルマリアルト,牡,3,56.0,540,-3,秋元耕,海馬司,,8,2:17.0,43.4,1-1-1-4,5,540,-3
2025/11/28,浦和,8,トパーズ特別Ｃ２選抜馬イ,2000,ダ,左,良,晴,12,4,4,エンシェントダンス,牝,3,54.0,445,12,保園翔,宇野博,,9,2:17.2,43.3,2-3-6-10,9,445,12
2025/11/28,浦和,8,トパーズ特別Ｃ２選抜馬イ,2000,ダ,左,良,晴,12,5,6,ポケットシンデレラ,牝,6,52.0,440,5,中島良,長谷忍,,10,2:17.4,42.4,9-11-11-11,11,440,5
2025/11/28,浦和,8,トパーズ特別Ｃ２選抜馬イ,2000,ダ,左,良,晴,12,7,10,セイウンコチョウ,牝,6,54.0,413,-4,國分祐,冨田敏,,11,2:18.0,43.7,6-9-8-8,10,413,-4
2025/11/28,浦和,8,トパーズ特別Ｃ２選抜馬イ,2000,ダ,左,良,晴,12,3,3,シャイニーアイドル,牝,4,54.0,0,0,菅原涼,藤原智,,,,,,,0,0
2025/11/28,浦和,9,小春空特別Ｃ２一,1500,ダ,左,良,晴,12,8,12,アラビアンレイン,牡,5,56.0,531,-4,福原杏,水野貴,,1,1:36.8,38.7,1-1-1-1,1,531,-4
2025/11/28,浦和,9,小春空特別Ｃ２一,1500,ダ,左,良,晴,12,6,8,ダイバヤタガラス,セ,0,56.0,458,-2,赤津和,箕輪武,,2,1:37.8,39.0,7-8-7-5,6,458,-2
2025/11/28,浦和,9,小春空特別Ｃ２一,1500,ダ,左,良,晴,12,6,7,グレートスピリット,牡,4,56.0,514,-3,笹川翼,野口寛,,3,1:38.3,40.1,2-2-2-2,3,514,-3
2025/11/28,浦和,9,小春空特別Ｃ２一,1500,ダ,左,良,晴,12,7,9,ヴィオレンツァ,牡,3,56.0,456,3,野畑凌,水野貴,,4,1:38.4,39.9,3-3-3-3,4,456,3
2025/11/28,浦和,9,小春空特別Ｃ２一,1500,ダ,左,良,晴,12,7,10,ワンダーリーグ,牡,3,56.0,505,-8,高橋哲,鈴木勝,,5,1:38.6,40.0,10-6-6-6,9,505,-8
2025/11/28,浦和,9,小春空特別Ｃ２一,1500,ダ,左,良,晴,12,5,6,ツガノローマン,牝,3,54.0,446,-2,菅原涼,長谷忍,,6,1:38.9,38.9,12-12-12-11,10,446,-2
2025/11/28,浦和,9,小春空特別Ｃ２一,1500,ダ,左,良,晴,12,8,11,マラカイト,牝,4,52.0,469,12,中島良,小久智,,7,1:39.0,40.0,8-9-10-10,7,469,12
2025/11/28,浦和,9,小春空特別Ｃ２一,1500,ダ,左,良,晴,12,1,1,ザビッグマン,牡,6,56.0,547,-1,岡村健,新井清,,8,1:39.2,40.7,5-5-4-4,5,547,-1
2025/11/28,浦和,9,小春空特別Ｃ２一,1500,ダ,左,良,晴,12,5,5,キャルドーン,牡,5,56.0,528,9,西啓太,繁田健,,9,1:39.2,40.4,6-7-8-8,2,528,9
2025/11/28,浦和,9,小春空特別Ｃ２一,1500,ダ,左,良,晴,12,2,2,ヒシルリアン,牡,5,56.0,510,10,岡田大,川島豊,,10,1:39.9,40.9,9-10-9-7,12,510,10
2025/11/28,浦和,9,小春空特別Ｃ２一,1500,ダ,左,良,晴,12,3,3,ロジドレフォン,牡,5,55.0,505,2,及川烈,薮口一,,11,1:40.3,40.7,11-11-11-12,11,505,2
2025/11/28,浦和,9,小春空特別Ｃ２一,1500,ダ,左,良,晴,12,4,4,イットウショウグウ,牝,3,54.0,443,2,小野楓,水上直,,12,1:40.4,41.9,4-4-5-9,8,443,2
2025/11/28,浦和,10,霜月特別Ｂ３三,1400,ダ,左,良,晴,11,7,8,シトラスフレイバー,牡,3,56.0,443,-3,町田直,繁田健,,1,1:30.1,37.9,2-2-2-2,2,443,-3
2025/11/28,浦和,10,霜月特別Ｂ３三,1400,ダ,左,良,晴,11,5,5,マロンシャンテリー,牡,4,56.0,464,5,赤津和,工藤伸,,2,1:30.2,37.9,4-5-7-3,5,464,5
2025/11/28,浦和,10,霜月特別Ｂ３三,1400,ダ,左,良,晴,11,6,7,オニアシ,牡,3,56.0,461,4,西啓太,藤原智,,3,1:30.2,37.9,7-6-6-6,1,461,4
2025/11/28,浦和,10,霜月特別Ｂ３三,1400,ダ,左,良,晴,11,2,2,ダイバオーソ,牡,7,56.0,470,0,藤江渉,箕輪武,,4,1:30.4,37.8,9-9-10-7,10,470,0
2025/11/28,浦和,10,霜月特別Ｂ３三,1400,ダ,左,良,晴,11,8,10,ダイヤモンドビーチ,牡,5,56.0,469,2,御神訓,宇野博,,5,1:30.4,38.2,5-4-4-5,3,469,2
2025/11/28,浦和,10,霜月特別Ｂ３三,1400,ダ,左,良,晴,11,6,6,ヒテン,牝,4,54.0,503,27,野畑凌,小久智,,6,1:30.4,38.2,1-1-1-1,6,503,27
2025/11/28,浦和,10,霜月特別Ｂ３三,1400,ダ,左,良,晴,11,7,9,サンマルーン,牡,5,56.0,485,5,笠野雄,岩崎真,,7,1:30.6,38.4,3-3-3-4,4,485,5
2025/11/28,浦和,10,霜月特別Ｂ３三,1400,ダ,左,良,晴,11,8,11,ノベンバーステップ,牡,5,56.0,491,-5,濱田達,渋谷博,,8,1:30.7,38.3,8-7-9-9,9,491,-5
2025/11/28,浦和,10,霜月特別Ｂ３三,1400,ダ,左,良,晴,11,3,3,ブライティアブエナ,牝,4,54.0,485,-2,本橋孝,石井勝,,9,1:31.0,38.7,6-8-8-8,8,485,-2
2025/11/28,浦和,10,霜月特別Ｂ３三,1400,ダ,左,良,晴,11,1,1,ナイトロ,牡,4,56.0,561,0,木間龍,林正人,,10,1:31.2,38.9,10-10-5-10,7,561,0
2025/11/28,浦和,10,霜月特別Ｂ３三,1400,ダ,左,良,晴,11,4,4,シカゴフォンテン,牡,5,56.0,0,0,庄司大,玉井昇,,,,,,,0,0
2025/11/28,浦和,11,安全・あんしん信州プレミアムＢ１二Ｂ２一,1500,ダ,左,良,晴,12,5,5,ブレイジングヒート,牡,6,55.0,473,1,本田重,川島一,,1,1:35.8,38.8,8-7-6-3,2,473,1
2025/11/28,浦和,11,安全・あんしん信州プレミアムＢ１二Ｂ２一,1500,ダ,左,良,晴,12,1,1,リョウタスペシャル,牡,5,57.0,448,4,福原杏,小澤宏,,2,1:35.9,39.7,5-5-2-1,3,448,4
2025/11/28,浦和,11,安全・あんしん信州プレミアムＢ１二Ｂ２一,1500,ダ,左,良,晴,12,4,4,パレルモ,牡,5,57.0,469,2,藤本現,米田英,,3,1:36.3,38.3,11-11-11-8,6,469,2
2025/11/28,浦和,11,安全・あんしん信州プレミアムＢ１二Ｂ２一,1500,ダ,左,良,晴,12,7,10,モニュメントキング,牡,9,55.0,516,0,野畑凌,箕輪武,,4,1:36.3,40.3,2-4-3-4,9,516,0
2025/11/28,浦和,11,安全・あんしん信州プレミアムＢ１二Ｂ２一,1500,ダ,左,良,晴,12,7,9,エドノバンザイ,牡,4,55.0,515,6,張田昂,宇野博,,5,1:36.5,38.7,10-9-9-5,11,515,6
2025/11/28,浦和,11,安全・あんしん信州プレミアムＢ１二Ｂ２一,1500,ダ,左,良,晴,12,8,11,コールブランド,セ,0,55.0,496,-8,矢野貴,繁田健,,6,1:37.0,38.8,12-12-12-7,10,496,-8
2025/11/28,浦和,11,安全・あんしん信州プレミアムＢ１二Ｂ２一,1500,ダ,左,良,晴,12,3,3,ユキグニ,牡,6,55.0,505,4,保園翔,水上直,,7,1:37.3,41.9,1-1-1-2,4,505,4
2025/11/28,浦和,11,安全・あんしん信州プレミアムＢ１二Ｂ２一,1500,ダ,左,良,晴,12,6,7,チョメチョメ,牡,4,55.0,494,-3,町田直,宇野博,,8,1:37.5,39.7,9-10-10-10,8,494,-3
2025/11/28,浦和,11,安全・あんしん信州プレミアムＢ１二Ｂ２一,1500,ダ,左,良,晴,12,5,6,ケンキートス,牡,5,57.0,523,-9,秋元耕,繁田健,,9,1:37.6,40.6,6-8-7-9,5,523,-9
2025/11/28,浦和,11,安全・あんしん信州プレミアムＢ１二Ｂ２一,1500,ダ,左,良,晴,12,8,12,パンクビート,牡,3,55.0,482,0,笹川翼,小久智,,10,1:38.8,42.8,3-3-4-6,1,482,0
2025/11/28,浦和,11,安全・あんしん信州プレミアムＢ１二Ｂ２一,1500,ダ,左,良,晴,12,6,8,デザートウインド,牝,5,55.0,543,19,西啓太,藤原智,,11,1:40.6,43.6,7-6-8-11,12,543,19
2025/11/28,浦和,11,安全・あんしん信州プレミアムＢ１二Ｂ２一,1500,ダ,左,良,晴,12,2,2,ツウエンティフォー,牝,3,55.0,472,10,本橋孝,小久智,,12,1:43.3,47.5,4-2-5-12,7,472,10
2025/11/28,浦和,12,信州産はちみつ賞特別Ｃ１選抜馬,2000,ダ,左,良,晴,12,7,9,サヨノゴーステッド,セ,0,56.0,525,-10,西啓太,工藤伸,,1,2:13.6,38.8,5-4-1-1,1,525,-10
2025/11/28,浦和,12,信州産はちみつ賞特別Ｃ１選抜馬,2000,ダ,左,良,晴,12,5,5,キミトユメヲカケル,牝,5,54.0,437,5,菅原涼,長谷忍,,2,2:14.1,39.3,2-2-2-2,7,437,5
2025/11/28,浦和,12,信州産はちみつ賞特別Ｃ１選抜馬,2000,ダ,左,良,晴,12,7,10,レッドゲート,牝,4,54.0,417,-9,笹川翼,水上直,,3,2:14.4,39.0,8-8-7-5,2,417,-9
2025/11/28,浦和,12,信州産はちみつ賞特別Ｃ１選抜馬,2000,ダ,左,良,晴,12,5,6,ヴァレンテ,牡,4,56.0,506,-2,七夕裕,平山真,,4,2:14.6,39.4,6-6-4-3,8,506,-2
2025/11/28,浦和,12,信州産はちみつ賞特別Ｃ１選抜馬,2000,ダ,左,良,晴,12,1,1,ロードアスタリスク,牡,5,56.0,496,-1,室陽一,吉田正,,5,2:14.8,39.4,7-7-9-6,6,496,-1
2025/11/28,浦和,12,信州産はちみつ賞特別Ｃ１選抜馬,2000,ダ,左,良,晴,12,3,3,ハイエストコード,牡,6,56.0,479,11,笠野雄,山中尊,,6,2:15.0,39.2,11-11-10-8,11,479,11
2025/11/28,浦和,12,信州産はちみつ賞特別Ｃ１選抜馬,2000,ダ,左,良,晴,12,2,2,イデアノキセキ,牡,6,56.0,457,1,張田昂,鹿沼和,,7,2:15.4,40.4,3-5-3-4,4,457,1
2025/11/28,浦和,12,信州産はちみつ賞特別Ｃ１選抜馬,2000,ダ,左,良,晴,12,6,7,オランジー,牝,5,54.0,435,-6,小野楓,薮口一,,8,2:15.5,39.9,10-9-8-7,10,435,-6
2025/11/28,浦和,12,信州産はちみつ賞特別Ｃ１選抜馬,2000,ダ,左,良,晴,12,4,4,ロットゥーラ,牡,5,56.0,467,3,野畑凌,小久智,,9,2:16.4,40.5,9-10-11-11,3,467,3
2025/11/28,浦和,12,信州産はちみつ賞特別Ｃ１選抜馬,2000,ダ,左,良,晴,12,6,8,アニモ,牝,4,52.0,423,-2,中山遥,川島豊,,10,2:16.8,39.9,12-12-12-12,12,423,-2
2025/11/28,浦和,12,信州産はちみつ賞特別Ｃ１選抜馬,2000,ダ,左,良,晴,12,8,11,ソルテア,牡,5,56.0,472,3,矢野貴,水野貴,,11,2:16.9,42.0,4-3-5-9,5,472,3
2025/11/28,浦和,12,信州産はちみつ賞特別Ｃ１選抜馬,2000,ダ,左,良,晴,12,8,12,エーススパークル,牡,6,55.0,485,6,及川烈,小澤宏,,12,2:18.0,43.1,1-1-6-10,9,485,6
2025/12/22,浦和,1,３歳一,1500,ダ,左,良,晴,12,5,5,タカミノガコイ,牡,3,56.0,534,-5,笹川翼,佐藤太,,1,1:37.5,38.4,4-5-4-3,1,534,-5
2025/12/22,浦和,1,３歳一,1500,ダ,左,良,晴,12,8,12,サージ,セ,0,56.0,544,5,室陽一,宇野博,,2,1:38.4,39.3,3-4-2-2,2,544,5
2025/12/22,浦和,1,３歳一,1500,ダ,左,良,晴,12,8,11,タマモクロッシェ,牝,3,54.0,441,2,高橋哲,水野貴,,3,1:39.0,39.9,7-7-3-4,3,441,2
2025/12/22,浦和,1,３歳一,1500,ダ,左,良,晴,12,7,10,レインボーサークル,牡,3,56.0,443,-5,山中悠,小久智,,4,1:39.2,40.3,1-2-1-1,7,443,-5
2025/12/22,浦和,1,３歳一,1500,ダ,左,良,晴,12,6,7,プリヤンカー,牝,3,54.0,479,1,七夕裕,小林真,,5,1:39.4,40.0,5-6-6-5,4,479,1
2025/12/22,浦和,1,３歳一,1500,ダ,左,良,晴,12,3,3,エットトゥカム,牡,3,56.0,437,-3,庄司大,坂本昇,,6,1:39.8,39.7,12-12-10-8,6,437,-3
2025/12/22,浦和,1,３歳一,1500,ダ,左,良,晴,12,1,1,ウインオアシス,牡,3,56.0,509,5,半澤慶,宇野博,,7,1:40.4,40.8,8-8-7-7,5,509,5
2025/12/22,浦和,1,３歳一,1500,ダ,左,良,晴,12,7,9,ルナティックアイ,牡,3,56.0,440,9,篠谷葵,酒井一,,8,1:40.4,41.4,9-1-5-6,12,440,9
2025/12/22,浦和,1,３歳一,1500,ダ,左,良,晴,12,4,4,アンビータブルニコ,牝,3,54.0,428,6,見越彬,水上直,,9,1:40.7,40.7,11-10-9-10,10,428,6
2025/12/22,浦和,1,３歳一,1500,ダ,左,良,晴,12,6,8,メラ,牝,3,54.0,546,5,菅原涼,長谷忍,,10,1:40.9,41.3,2-3-8-9,9,546,5
2025/12/22,浦和,1,３歳一,1500,ダ,左,良,晴,12,2,2,リーヴルパラダイス,牝,3,52.0,415,2,中島良,田中力,,11,1:41.8,41.6,10-11-11-11,11,415,2
2025/12/22,浦和,1,３歳一,1500,ダ,左,良,晴,12,5,6,ジョウネツ,牡,3,55.0,460,19,及川烈,長谷忍,,12,1:42.8,42.6,6-9-12-12,8,460,19
2025/12/22,浦和,2,ランチタイムチャレンジＣ３四,1400,ダ,左,良,晴,12,7,10,ララティーナ,牝,7,51.0,438,-6,山本大,山下之,,1,1:31.1,40.0,2-2-2-1,2,438,-6
2025/12/22,浦和,2,ランチタイムチャレンジＣ３四,1400,ダ,左,良,晴,12,1,1,スモモモモモモモモ,牝,7,52.0,433,1,中山遥,小林真,,2,1:31.8,40.3,3-3-3-3,1,433,1
2025/12/22,浦和,2,ランチタイムチャレンジＣ３四,1400,ダ,左,良,晴,12,4,4,ヒロシゲクリスタル,牝,7,54.0,468,3,本田重,新井清,,3,1:32.2,41.1,1-1-1-2,3,468,3
2025/12/22,浦和,2,ランチタイムチャレンジＣ３四,1400,ダ,左,良,晴,12,2,2,トリニタリアニズム,牡,7,55.0,511,9,佐野遥,野口孝,,4,1:32.5,40.3,8-7-6-4,4,511,9
2025/12/22,浦和,2,ランチタイムチャレンジＣ３四,1400,ダ,左,良,晴,12,5,5,シュウエットカズ,セ,0,56.0,539,1,臼井健,玉井等,,5,1:32.7,40.0,10-9-9-9,8,539,1
2025/12/22,浦和,2,ランチタイムチャレンジＣ３四,1400,ダ,左,良,晴,12,3,3,デイドリーミン,牝,7,52.0,491,6,中島良,吉田正,,6,1:32.7,40.4,6-6-8-6,11,491,6
2025/12/22,浦和,2,ランチタイムチャレンジＣ３四,1400,ダ,左,良,晴,12,8,11,エクスプロア,牡,6,56.0,512,-2,室陽一,川村守,,7,1:32.8,39.7,12-12-12-10,5,512,-2
2025/12/22,浦和,2,ランチタイムチャレンジＣ３四,1400,ダ,左,良,晴,12,7,9,ワイキキビーチ,セ,0,55.0,447,3,及川烈,鹿沼和,,8,1:33.1,41.5,4-4-4-5,9,447,3
2025/12/22,浦和,2,ランチタイムチャレンジＣ３四,1400,ダ,左,良,晴,12,6,8,セキレイオペラ,牡,6,56.0,480,2,七夕裕,川村守,,9,1:33.3,41.0,7-8-7-7,7,480,2
2025/12/22,浦和,2,ランチタイムチャレンジＣ３四,1400,ダ,左,良,晴,12,8,12,アミン,牝,8,54.0,473,-2,岡田大,冨田敏,,10,1:33.5,40.4,11-11-11-11,12,473,-2
2025/12/22,浦和,2,ランチタイムチャレンジＣ３四,1400,ダ,左,良,晴,12,5,6,トーセンイヴ,牝,7,54.0,451,-4,野畑凌,酒井一,,11,1:33.5,41.7,5-5-5-8,6,451,-4
2025/12/22,浦和,2,ランチタイムチャレンジＣ３四,1400,ダ,左,良,晴,12,6,7,カナデル,牝,5,54.0,498,0,藤江渉,酒井一,,12,1:34.8,42.1,9-10-10-12,10,498,0
2025/12/22,浦和,3,ドリームチャレンジ２歳新馬ア,1400,ダ,左,良,晴,5,3,3,チョンチョロチョン,牝,2,54.0,0,0,町田直,宇野博,,1,1:32.5,38.2,1-1-1-1,4,0,0
2025/12/22,浦和,3,ドリームチャレンジ２歳新馬ア,1400,ダ,左,良,晴,5,2,2,ミライヲプラスニ,牝,2,54.0,0,0,福原杏,小澤宏,,2,1:32.8,38.4,4-3-2-2,2,0,0
2025/12/22,浦和,3,ドリームチャレンジ２歳新馬ア,1400,ダ,左,良,晴,5,1,1,キングレックス,牡,2,55.0,0,0,笹川翼,繁田健,,3,1:33.0,38.3,3-4-3-3,1,0,0
2025/12/22,浦和,3,ドリームチャレンジ２歳新馬ア,1400,ダ,左,良,晴,5,4,4,ロイヤルオルレアン,牡,2,55.0,0,0,野畑凌,小久智,,4,1:34.7,39.0,5-5-4-4,3,0,0
2025/12/22,浦和,3,ドリームチャレンジ２歳新馬ア,1400,ダ,左,良,晴,5,5,5,エクレールセイラ,牝,2,54.0,0,0,小野楓,平山真,,5,1:36.4,41.5,2-2-5-5,5,0,0
2025/12/22,浦和,4,ドリームチャレンジ２歳新馬イ,800,ダ,左,良,晴,5,3,3,ビナラオカイ,牝,2,54.0,0,0,岡村健,酒井一,,1,0:49.0,36.6,1-1,4,0,0
2025/12/22,浦和,4,ドリームチャレンジ２歳新馬イ,800,ダ,左,良,晴,5,5,5,シナノアンバー,牝,2,54.0,0,0,七夕裕,鹿沼和,,2,0:49.8,37.4,2-2,1,0,0
2025/12/22,浦和,4,ドリームチャレンジ２歳新馬イ,800,ダ,左,良,晴,5,1,1,タッカーキラリ,牝,2,54.0,0,0,高橋哲,水野貴,,3,0:50.2,37.2,4-3,5,0,0
2025/12/22,浦和,4,ドリームチャレンジ２歳新馬イ,800,ダ,左,良,晴,5,2,2,ローリー,牝,2,54.0,0,0,見越彬,小久智,,4,0:50.2,37.2,3-4,2,0,0
2025/12/22,浦和,4,ドリームチャレンジ２歳新馬イ,800,ダ,左,良,晴,5,4,4,キングハービン,牡,2,55.0,0,0,笹川翼,小澤宏,,5,0:52.4,38.4,5-5,3,0,0
2025/12/22,浦和,5,埼玉のど真ん中！東松山賞Ｃ２三 四,1400,ダ,左,良,晴,13,8,12,パワーオブザキング,セ,0,56.0,473,-2,秋元耕,鹿沼和,,1,1:30.7,39.3,5-5-6-5,3,473,-2
2025/12/22,浦和,5,埼玉のど真ん中！東松山賞Ｃ２三 四,1400,ダ,左,良,晴,13,1,1,ジーティーエンジン,牡,3,56.0,503,-1,笹川翼,小久智,,2,1:30.7,39.4,7-8-5-2,1,503,-1
2025/12/22,浦和,5,埼玉のど真ん中！東松山賞Ｃ２三 四,1400,ダ,左,良,晴,13,3,3,サヤヒメ,牝,3,54.0,480,1,野畑凌,小澤宏,,3,1:31.2,39.2,10-11-8-6,4,480,1
2025/12/22,浦和,5,埼玉のど真ん中！東松山賞Ｃ２三 四,1400,ダ,左,良,晴,13,4,5,ゴールドキッド,牡,3,56.0,435,8,小野楓,鹿沼和,,4,1:31.3,39.3,11-10-9-7,11,435,8
2025/12/22,浦和,5,埼玉のど真ん中！東松山賞Ｃ２三 四,1400,ダ,左,良,晴,13,6,9,ラヴィーズドリーム,牝,3,54.0,470,-3,福原杏,水野貴,,5,1:31.4,40.6,4-3-3-1,5,470,-3
2025/12/22,浦和,5,埼玉のど真ん中！東松山賞Ｃ２三 四,1400,ダ,左,良,晴,13,6,8,エソラ,牡,5,56.0,494,5,岡村健,平山真,,6,1:31.5,40.8,1-1-1-3,6,494,5
2025/12/22,浦和,5,埼玉のど真ん中！東松山賞Ｃ２三 四,1400,ダ,左,良,晴,13,7,11,キタノアマポーラ,牝,4,54.0,442,4,笠野雄,工藤伸,,7,1:31.5,40.5,3-4-4-4,9,442,4
2025/12/22,浦和,5,埼玉のど真ん中！東松山賞Ｃ２三 四,1400,ダ,左,良,晴,13,5,7,ウイングラドナス,牡,6,56.0,469,-2,半澤慶,海馬司,,8,1:32.0,40.0,8-9-10-11,10,469,-2
2025/12/22,浦和,5,埼玉のど真ん中！東松山賞Ｃ２三 四,1400,ダ,左,良,晴,13,4,4,メイショウベニバナ,牝,5,54.0,458,-3,菅原涼,長谷忍,,9,1:32.2,40.8,9-6-7-9,8,458,-3
2025/12/22,浦和,5,埼玉のど真ん中！東松山賞Ｃ２三 四,1400,ダ,左,良,晴,13,2,2,シヴァシン,牡,5,54.0,441,5,中山遥,入口由,,10,1:32.3,40.1,12-12-11-10,12,441,5
2025/12/22,浦和,5,埼玉のど真ん中！東松山賞Ｃ２三 四,1400,ダ,左,良,晴,13,7,10,メイショウセオト,牝,3,54.0,464,-2,見越彬,野口孝,,11,1:32.6,41.9,2-2-2-8,2,464,-2
2025/12/22,浦和,5,埼玉のど真ん中！東松山賞Ｃ２三 四,1400,ダ,左,良,晴,13,5,6,タカラハンター,牡,3,55.0,510,4,及川烈,長谷忍,,12,1:37.2,45.2,6-7-12-12,7,510,4
2025/12/22,浦和,5,埼玉のど真ん中！東松山賞Ｃ２三 四,1400,ダ,左,良,晴,13,8,13,ウオッカガール,牝,5,54.0,495,-6,赤津和,箕輪武,,,,,,,495,-6
2025/12/22,浦和,6,緑と清流のまち　ときがわ賞Ｃ２三 四,1500,ダ,左,良,晴,12,7,10,モリオン,牝,3,54.0,415,-6,西啓太,藤原智,,1,1:37.6,39.3,5-5-4-4,3,415,-6
2025/12/22,浦和,6,緑と清流のまち　ときがわ賞Ｃ２三 四,1500,ダ,左,良,晴,12,6,7,ゴーオンパーパス,牝,3,54.0,441,-3,室陽一,平山真,,2,1:37.7,39.6,4-3-3-2,1,441,-3
2025/12/22,浦和,6,緑と清流のまち　ときがわ賞Ｃ２三 四,1500,ダ,左,良,晴,12,3,3,リッキーマキアート,牝,5,52.0,488,-1,中山遥,酒井一,,3,1:37.8,39.2,8-8-7-7,6,488,-1
2025/12/22,浦和,6,緑と清流のまち　ときがわ賞Ｃ２三 四,1500,ダ,左,良,晴,12,8,12,マチルダ,牝,4,54.0,479,6,笹川翼,小久智,,4,1:38.0,39.9,2-2-2-3,5,479,6
2025/12/22,浦和,6,緑と清流のまち　ときがわ賞Ｃ２三 四,1500,ダ,左,良,晴,12,6,8,プリンセスサクラ,牝,4,54.0,425,-2,見越彬,鹿沼和,,5,1:38.0,39.7,3-4-5-5,4,425,-2
2025/12/22,浦和,6,緑と清流のまち　ときがわ賞Ｃ２三 四,1500,ダ,左,良,晴,12,4,4,イリバーレ,牡,3,56.0,482,1,赤津和,海馬司,,6,1:38.1,39.6,7-7-6-6,8,482,1
2025/12/22,浦和,6,緑と清流のまち　ときがわ賞Ｃ２三 四,1500,ダ,左,良,晴,12,5,5,ツーエムピシュー,牡,4,56.0,492,-7,山中悠,繁田健,,7,1:38.1,40.1,1-1-1-1,2,492,-7
2025/12/22,浦和,6,緑と清流のまち　ときがわ賞Ｃ２三 四,1500,ダ,左,良,晴,12,5,6,シェナクラウン,牡,5,56.0,518,-2,岡田大,冨田敏,,8,1:38.2,39.1,11-10-10-9,9,518,-2
2025/12/22,浦和,6,緑と清流のまち　ときがわ賞Ｃ２三 四,1500,ダ,左,良,晴,12,2,2,コウユーミューミュ,牝,3,54.0,498,0,町田直,宇野博,,9,1:38.3,39.7,6-6-8-8,7,498,0
2025/12/22,浦和,6,緑と清流のまち　ときがわ賞Ｃ２三 四,1500,ダ,左,良,晴,12,7,9,ロジドレフォン,牡,5,56.0,505,0,庄司大,薮口一,,10,1:39.1,40.2,9-9-9-10,12,505,0
2025/12/22,浦和,6,緑と清流のまち　ときがわ賞Ｃ２三 四,1500,ダ,左,良,晴,12,8,11,エイシンヘーメラー,牝,5,52.0,419,-1,中島良,入口由,,11,1:39.3,40.0,10-11-11-11,11,419,-1
2025/12/22,浦和,6,緑と清流のまち　ときがわ賞Ｃ２三 四,1500,ダ,左,良,晴,12,1,1,ブレイブルイーズ,セ,0,56.0,475,7,福原杏,小澤宏,,12,1:40.6,40.3,12-12-12-12,10,475,7
2025/12/22,浦和,7,ひな人形のふるさと鴻巣賞Ｃ１Ｃ２選抜馬イ,800,ダ,左,良,晴,12,1,1,シェナウエーブ,牡,3,57.0,487,20,福原杏,吉田正,,1,0:47.5,35.5,1-1,4,487,20
2025/12/22,浦和,7,ひな人形のふるさと鴻巣賞Ｃ１Ｃ２選抜馬イ,800,ダ,左,良,晴,12,4,4,ブラックエンパイア,牡,3,55.0,497,-1,室陽一,海馬司,,2,0:48.0,35.7,3-3,2,497,-1
2025/12/22,浦和,7,ひな人形のふるさと鴻巣賞Ｃ１Ｃ２選抜馬イ,800,ダ,左,良,晴,12,5,6,ファンファン,牡,8,55.0,476,9,赤津和,箕輪武,,3,0:48.5,35.5,8-5,9,476,9
2025/12/22,浦和,7,ひな人形のふるさと鴻巣賞Ｃ１Ｃ２選抜馬イ,800,ダ,左,良,晴,12,7,9,キックス,牝,3,55.0,461,-4,秋元耕,鹿沼和,,4,0:48.7,36.3,4-6,1,461,-4
2025/12/22,浦和,7,ひな人形のふるさと鴻巣賞Ｃ１Ｃ２選抜馬イ,800,ダ,左,良,晴,12,3,3,デザートムーン,牝,8,53.0,473,3,岡村健,齊藤敏,,5,0:48.9,35.6,9-9,7,473,3
2025/12/22,浦和,7,ひな人形のふるさと鴻巣賞Ｃ１Ｃ２選抜馬イ,800,ダ,左,良,晴,12,6,7,ラブアンドビーンズ,牝,3,53.0,486,-2,小野楓,水上直,,6,0:49.0,36.2,6-8,8,486,-2
2025/12/22,浦和,7,ひな人形のふるさと鴻巣賞Ｃ１Ｃ２選抜馬イ,800,ダ,左,良,晴,12,5,5,ヴァシロペス,セ,0,57.0,493,6,加藤和,鈴木勝,,7,0:49.0,35.5,10-10,11,493,6
2025/12/22,浦和,7,ひな人形のふるさと鴻巣賞Ｃ１Ｃ２選抜馬イ,800,ダ,左,良,晴,12,2,2,ニシノアクシス,牡,8,55.0,505,4,國分祐,吉田正,,8,0:49.1,35.3,12-11,10,505,4
2025/12/22,浦和,7,ひな人形のふるさと鴻巣賞Ｃ１Ｃ２選抜馬イ,800,ダ,左,良,晴,12,8,12,エコロブレス,牡,4,57.0,482,12,櫻井光,小久智,,9,0:49.2,37.2,2-2,3,482,12
2025/12/22,浦和,7,ひな人形のふるさと鴻巣賞Ｃ１Ｃ２選抜馬イ,800,ダ,左,良,晴,12,7,10,ミラコロヴァーグ,牡,3,55.0,487,3,山中悠,小澤宏,,10,0:49.2,36.2,7-7,5,487,3
2025/12/22,浦和,7,ひな人形のふるさと鴻巣賞Ｃ１Ｃ２選抜馬イ,800,ダ,左,良,晴,12,6,8,シェナエース,牡,4,57.0,528,-5,吉留孝,冨田敏,,11,0:49.7,37.3,5-4,6,528,-5
2025/12/22,浦和,7,ひな人形のふるさと鴻巣賞Ｃ１Ｃ２選抜馬イ,800,ダ,左,良,晴,12,8,11,ツーエムルーイー,牝,5,51.0,549,-1,中島良,小澤宏,,12,0:50.9,37.4,11-12,12,549,-1
2025/12/22,浦和,8,ノースポール特別Ｃ２九Ｃ３一,1400,ダ,左,良,晴,13,2,2,ツーエムタイガー,牡,7,55.0,460,-4,山中悠,佐々清,,1,1:30.9,38.5,6-6-5-2,1,460,-4
2025/12/22,浦和,8,ノースポール特別Ｃ２九Ｃ３一,1400,ダ,左,良,晴,13,6,8,コビナイフォンテン,牝,6,53.0,462,-8,山口達,玉井昇,,2,1:31.4,38.8,11-10-7-4,4,462,-8
2025/12/22,浦和,8,ノースポール特別Ｃ２九Ｃ３一,1400,ダ,左,良,晴,13,4,5,モンテジュエル,牝,6,53.0,457,2,高橋利,新井清,,3,1:31.6,39.9,1-1-1-1,2,457,2
2025/12/22,浦和,8,ノースポール特別Ｃ２九Ｃ３一,1400,ダ,左,良,晴,13,1,1,ミカサ,牡,4,55.0,504,-4,野畑凌,小久智,,4,1:31.9,39.6,4-3-4-3,5,504,-4
2025/12/22,浦和,8,ノースポール特別Ｃ２九Ｃ３一,1400,ダ,左,良,晴,13,3,3,トゥジアース,牡,6,56.0,510,1,佐野遥,入口由,,5,1:31.9,39.7,2-2-2-5,3,510,1
2025/12/22,浦和,8,ノースポール特別Ｃ２九Ｃ３一,1400,ダ,左,良,晴,13,4,4,バララララララ,牝,5,50.0,420,-6,山本大,工藤伸,,6,1:32.1,39.4,10-9-9-7,13,420,-6
2025/12/22,浦和,8,ノースポール特別Ｃ２九Ｃ３一,1400,ダ,左,良,晴,13,5,6,ピノモラーン,牡,7,55.0,484,1,達城龍,野口孝,,7,1:32.3,39.4,12-11-13-11,8,484,1
2025/12/22,浦和,8,ノースポール特別Ｃ２九Ｃ３一,1400,ダ,左,良,晴,13,7,11,ニシノエルサ,牝,7,53.0,461,-2,岡村健,渋谷博,,8,1:32.4,39.3,13-13-12-12,12,461,-2
2025/12/22,浦和,8,ノースポール特別Ｃ２九Ｃ３一,1400,ダ,左,良,晴,13,5,7,ネオアンコーラ,牡,6,55.0,501,11,小野楓,川島豊,,9,1:32.4,39.8,5-7-8-9,9,501,11
2025/12/22,浦和,8,ノースポール特別Ｃ２九Ｃ３一,1400,ダ,左,良,晴,13,8,13,イサチルイトムスビ,牝,4,55.0,497,12,張田昂,宇野博,,10,1:32.5,40.3,3-4-3-8,7,497,12
2025/12/22,浦和,8,ノースポール特別Ｃ２九Ｃ３一,1400,ダ,左,良,晴,13,8,12,キャラメルショコラ,牝,4,53.0,504,-1,篠谷葵,薮口一,,11,1:32.6,39.9,8-8-10-10,10,504,-1
2025/12/22,浦和,8,ノースポール特別Ｃ２九Ｃ３一,1400,ダ,左,良,晴,13,7,10,グローリアスフィル,牝,8,53.0,471,-5,本田重,新井清,,12,1:32.7,40.3,7-5-6-6,6,471,-5
2025/12/22,浦和,8,ノースポール特別Ｃ２九Ｃ３一,1400,ダ,左,良,晴,13,6,9,ピノヌイ,牡,4,55.0,509,-4,櫻井光,野口孝,,13,1:33.0,40.1,9-12-11-13,11,509,-4
2025/12/22,浦和,9,山羊座特別Ｃ１二,1500,ダ,左,良,晴,12,8,11,アラビアンレイン,牡,5,56.0,533,2,福原杏,水野貴,,1,1:36.4,39.1,1-1-1-1,1,533,2
2025/12/22,浦和,9,山羊座特別Ｃ１二,1500,ダ,左,良,晴,12,7,9,ハナチルサト,牝,4,54.0,446,1,町田直,宇野博,,2,1:36.6,38.8,3-3-4-2,2,446,1
2025/12/22,浦和,9,山羊座特別Ｃ１二,1500,ダ,左,良,晴,12,6,8,ネライウチ,セ,0,56.0,487,-12,笠野雄,平山真,,3,1:37.0,39.5,2-2-3-3,5,487,-12
2025/12/22,浦和,9,山羊座特別Ｃ１二,1500,ダ,左,良,晴,12,1,1,イチカノユメ,牝,3,54.0,467,2,西啓太,水野貴,,4,1:37.0,38.7,8-8-8-7,4,467,2
2025/12/22,浦和,9,山羊座特別Ｃ１二,1500,ダ,左,良,晴,12,5,6,ダイヤモンドキッス,牡,4,56.0,508,-5,張田昂,鹿沼和,,5,1:37.0,39.0,7-6-5-5,3,508,-5
2025/12/22,浦和,9,山羊座特別Ｃ１二,1500,ダ,左,良,晴,12,4,4,アンクローシュ,牝,4,54.0,425,-8,笹川翼,小澤宏,,6,1:37.4,39.4,4-4-7-6,6,425,-8
2025/12/22,浦和,9,山羊座特別Ｃ１二,1500,ダ,左,良,晴,12,7,10,ハクサントップ,牡,7,56.0,486,-2,秋元耕,矢野義,,7,1:37.7,39.1,11-11-10-10,8,486,-2
2025/12/22,浦和,9,山羊座特別Ｃ１二,1500,ダ,左,良,晴,12,2,2,エニーサンダー,牡,3,56.0,472,0,野畑凌,箕輪武,,8,1:37.7,39.4,9-10-6-8,7,472,0
2025/12/22,浦和,9,山羊座特別Ｃ１二,1500,ダ,左,良,晴,12,5,5,ジョーリベリカ,牡,6,56.0,482,1,櫻井光,小久智,,9,1:38.0,39.6,5-9-11-9,12,482,1
2025/12/22,浦和,9,山羊座特別Ｃ１二,1500,ダ,左,良,晴,12,8,12,キングフリオーソ,牡,7,56.0,526,-6,臼井健,佐々功,,10,1:38.2,39.9,6-7-9-11,10,526,-6
2025/12/22,浦和,9,山羊座特別Ｃ１二,1500,ダ,左,良,晴,12,6,7,シュヴァルツナーガ,牝,5,54.0,438,7,庄司大,薮口一,,11,1:38.2,38.6,12-12-12-12,9,438,7
2025/12/22,浦和,9,山羊座特別Ｃ１二,1500,ダ,左,良,晴,12,3,3,タイヘイノヨ,セ,0,56.0,512,0,山中悠,工藤伸,,12,1:38.4,41.0,10-5-2-4,11,512,0
2025/12/22,浦和,10,冬至特別Ｂ３二,1500,ダ,左,良,晴,11,2,2,カイトキング,牡,6,56.0,493,0,秋元耕,水野貴,,1,1:37.1,38.2,1-1-1-1,4,493,0
2025/12/22,浦和,10,冬至特別Ｂ３二,1500,ダ,左,良,晴,11,1,1,オニアシ,牡,3,56.0,460,-1,本田重,藤原智,,2,1:37.1,37.5,4-4-5-3,1,460,-1
2025/12/22,浦和,10,冬至特別Ｂ３二,1500,ダ,左,良,晴,11,6,6,ツェルニー,牝,4,54.0,453,-2,見越彬,鹿沼和,,3,1:37.3,37.8,3-3-2-2,2,453,-2
2025/12/22,浦和,10,冬至特別Ｂ３二,1500,ダ,左,良,晴,11,4,4,マスクドサムライ,牡,6,56.0,482,2,西啓太,藤原智,,4,1:38.0,38.5,2-2-3-4,7,482,2
2025/12/22,浦和,10,冬至特別Ｂ３二,1500,ダ,左,良,晴,11,7,8,オデンシタ,牡,5,56.0,469,0,篠谷葵,野口寛,,5,1:38.4,38.0,11-10-8-6,6,469,0
2025/12/22,浦和,10,冬至特別Ｂ３二,1500,ダ,左,良,晴,11,7,9,アヴェッリーノ,牡,5,56.0,493,-2,木間龍,齊藤敏,,6,1:38.5,38.3,8-7-7-8,10,493,-2
2025/12/22,浦和,10,冬至特別Ｂ３二,1500,ダ,左,良,晴,11,6,7,ツインビスケッツ,牝,5,54.0,468,-8,山中悠,伊藤滋,,7,1:38.5,38.1,7-8-10-9,8,468,-8
2025/12/22,浦和,10,冬至特別Ｂ３二,1500,ダ,左,良,晴,11,5,5,フクチャンキング,セ,0,56.0,554,11,室陽一,横山保,,8,1:38.9,37.9,10-11-11-11,9,554,11
2025/12/22,浦和,10,冬至特別Ｂ３二,1500,ダ,左,良,晴,11,8,11,プローラーティオー,牡,3,56.0,519,8,野畑凌,小久智,,9,1:38.9,39.2,5-5-4-5,3,519,8
2025/12/22,浦和,10,冬至特別Ｂ３二,1500,ダ,左,良,晴,11,8,10,モンバイト,牡,6,56.0,483,0,吉留孝,薮口一,,10,1:39.1,38.7,9-9-9-10,11,483,0
2025/12/22,浦和,10,冬至特別Ｂ３二,1500,ダ,左,良,晴,11,3,3,ハブル,牡,5,56.0,493,0,笹川翼,小久智,,11,1:39.4,39.5,6-6-6-7,5,493,0
2025/12/22,浦和,11,師走特別Ｂ１二Ｂ２一,1400,ダ,左,良,晴,13,1,1,エドノバンザイ,牡,4,55.0,525,10,張田昂,宇野博,,1,1:28.4,38.7,3-3-3-1,5,525,10
2025/12/22,浦和,11,師走特別Ｂ１二Ｂ２一,1400,ダ,左,良,晴,13,7,10,ラジエーション,牝,4,53.0,481,-4,櫻井光,佐藤博,,2,1:28.8,39.3,1-2-2-3,4,481,-4
2025/12/22,浦和,11,師走特別Ｂ１二Ｂ２一,1400,ダ,左,良,晴,13,2,2,ブレイジングヒート,牡,6,55.0,474,1,本田重,川島一,,3,1:28.8,37.5,11-11-12-9,2,474,1
2025/12/22,浦和,11,師走特別Ｂ１二Ｂ２一,1400,ダ,左,良,晴,13,4,5,ペプチドハドソン,牡,5,57.0,504,-6,小野楓,野口寛,,4,1:29.0,38.3,8-7-7-6,10,504,-6
2025/12/22,浦和,11,師走特別Ｂ１二Ｂ２一,1400,ダ,左,良,晴,13,6,8,ヨルノテイオー,牡,4,57.0,492,-5,山中悠,齊藤敏,,5,1:29.2,38.7,6-6-6-5,11,492,-5
2025/12/22,浦和,11,師走特別Ｂ１二Ｂ２一,1400,ダ,左,良,晴,13,8,13,ボルドーネセバル,牡,5,55.0,459,-4,中山遥,齊藤敏,,6,1:29.2,39.5,4-4-4-4,12,459,-4
2025/12/22,浦和,11,師走特別Ｂ１二Ｂ２一,1400,ダ,左,良,晴,13,5,6,ケンキートス,牡,5,57.0,521,-2,笹川翼,繁田健,,7,1:29.4,38.5,10-9-8-8,3,521,-2
2025/12/22,浦和,11,師走特別Ｂ１二Ｂ２一,1400,ダ,左,良,晴,13,6,9,ハグレグモ,牡,4,57.0,518,2,笠野雄,平山真,,8,1:29.7,38.8,9-10-9-10,7,518,2
2025/12/22,浦和,11,師走特別Ｂ１二Ｂ２一,1400,ダ,左,良,晴,13,4,4,コールブランド,セ,0,55.0,505,9,矢野貴,繁田健,,9,1:29.8,38.2,13-13-13-11,9,505,9
2025/12/22,浦和,11,師走特別Ｂ１二Ｂ２一,1400,ダ,左,良,晴,13,7,11,ダヴァンティ,牝,4,55.0,486,-3,見越彬,小久智,,10,1:29.8,41.1,2-1-1-2,1,486,-3
2025/12/22,浦和,11,師走特別Ｂ１二Ｂ２一,1400,ダ,左,良,晴,13,3,3,デザートウインド,牝,5,55.0,537,-2,秋元耕,藤原智,,11,1:30.4,40.5,5-5-5-7,13,537,-2
2025/12/22,浦和,11,師走特別Ｂ１二Ｂ２一,1400,ダ,左,良,晴,13,8,12,トーセンヴィオラ,牡,4,55.0,515,23,桑村真,小久智,,12,1:31.3,40.1,12-12-11-12,8,515,23
2025/12/22,浦和,11,師走特別Ｂ１二Ｂ２一,1400,ダ,左,良,晴,13,5,7,モニュメントキング,牡,9,55.0,508,-8,野畑凌,箕輪武,,13,1:36.7,45.8,7-8-10-13,6,508,-8
2025/12/22,浦和,12,冬の星特別Ｃ２選抜馬イ,2000,ダ,左,良,晴,12,2,2,アンダラクリスタル,牝,4,52.0,485,-3,中山遥,酒井一,,1,2:13.3,41.3,1-1-1-1,7,485,-3
2025/12/22,浦和,12,冬の星特別Ｃ２選抜馬イ,2000,ダ,左,良,晴,12,5,6,ユウユウプレゼンス,牝,5,54.0,433,-7,室陽一,横山保,,2,2:13.3,40.7,4-4-3-3,4,433,-7
2025/12/22,浦和,12,冬の星特別Ｃ２選抜馬イ,2000,ダ,左,良,晴,12,6,7,ベルルート,牡,4,56.0,469,3,町田直,小林真,,3,2:13.3,39.9,10-10-8-6,6,469,3
2025/12/22,浦和,12,冬の星特別Ｃ２選抜馬イ,2000,ダ,左,良,晴,12,5,5,セイウンコチョウ,牝,6,54.0,411,-1,國分祐,冨田敏,,4,2:13.5,40.5,9-9-5-4,11,411,-1
2025/12/22,浦和,12,冬の星特別Ｃ２選抜馬イ,2000,ダ,左,良,晴,12,8,11,フォーゲルヴァイデ,牡,4,56.0,510,10,半澤慶,川島豊,,5,2:14.0,41.8,3-3-2-2,1,510,10
2025/12/22,浦和,12,冬の星特別Ｃ２選抜馬イ,2000,ダ,左,良,晴,12,1,1,スタークイック,牝,3,54.0,424,3,木間龍,小澤宏,,6,2:14.3,41.2,8-8-6-7,8,424,3
2025/12/22,浦和,12,冬の星特別Ｃ２選抜馬イ,2000,ダ,左,良,晴,12,8,12,ピースシャイニー,牡,3,56.0,493,4,保園翔,宇野博,,7,2:14.5,41.7,5-5-4-5,3,493,4
2025/12/22,浦和,12,冬の星特別Ｃ２選抜馬イ,2000,ダ,左,良,晴,12,7,9,リケアヴィオレ,牡,4,56.0,485,5,七夕裕,鹿沼和,,8,2:14.7,40.7,11-11-11-8,9,485,5
2025/12/22,浦和,12,冬の星特別Ｃ２選抜馬イ,2000,ダ,左,良,晴,12,6,8,ユウオウマイシン,牡,3,56.0,475,5,岡田大,入口由,,9,2:15.8,43.2,2-2-7-9,2,475,5
2025/12/22,浦和,12,冬の星特別Ｃ２選抜馬イ,2000,ダ,左,良,晴,12,7,10,リュウノアラス,牡,4,56.0,502,8,赤津和,川村守,,10,2:16.6,43.4,6-6-9-10,10,502,8
2025/12/22,浦和,12,冬の星特別Ｃ２選抜馬イ,2000,ダ,左,良,晴,12,4,4,ヴォルヴァ,牝,3,54.0,426,16,達城龍,水上直,,11,2:19.2,46.0,7-7-10-11,5,426,16
2025/12/22,浦和,12,冬の星特別Ｃ２選抜馬イ,2000,ダ,左,良,晴,12,3,3,アルマリアルト,牡,3,56.0,0,0,秋元耕,海馬司,,,,,,,0,0
2025/12/23,浦和,1,２歳四,1400,ダ,左,良,晴,12,5,5,レイナバローズ,牝,2,54.0,439,14,笹川翼,繁田健,,1,1:31.1,38.9,3-3-3-3,1,439,14
2025/12/23,浦和,1,２歳四,1400,ダ,左,良,晴,12,4,4,ボートレーサー,牝,2,54.0,462,-7,落合玄,小久智,,2,1:31.2,39.2,1-1-1-1,3,462,-7
2025/12/23,浦和,1,２歳四,1400,ダ,左,良,晴,12,8,12,エドノジェット,牡,2,55.0,420,-4,張田昂,宇野博,,3,1:31.6,39.4,6-4-2-2,2,420,-4
2025/12/23,浦和,1,２歳四,1400,ダ,左,良,晴,12,2,2,シナノクリスタル,牝,2,54.0,445,-8,見越彬,鹿沼和,,4,1:32.2,39.8,4-5-5-4,4,445,-8
2025/12/23,浦和,1,２歳四,1400,ダ,左,良,晴,12,8,11,サヨノビックアルマ,牡,2,55.0,444,2,西啓太,工藤伸,,5,1:32.8,40.0,9-9-8-6,6,444,2
2025/12/23,浦和,1,２歳四,1400,ダ,左,良,晴,12,6,7,ダイバマーヤチャン,牝,2,54.0,408,-9,藤江渉,箕輪武,,6,1:33.0,40.6,10-7-4-5,9,408,-9
2025/12/23,浦和,1,２歳四,1400,ダ,左,良,晴,12,3,3,リュウノバモス,牝,2,54.0,463,-7,七夕裕,野口孝,,7,1:33.1,40.5,5-6-7-7,8,463,-7
2025/12/23,浦和,1,２歳四,1400,ダ,左,良,晴,12,5,6,オーデンシェル,牝,2,54.0,380,-1,吉留孝,薮口一,,8,1:33.7,40.8,8-10-9-8,12,380,-1
2025/12/23,浦和,1,２歳四,1400,ダ,左,良,晴,12,1,1,キンパツビジン,牝,2,54.0,439,11,室陽一,野口寛,,9,1:34.8,40.4,12-12-12-11,7,439,11
2025/12/23,浦和,1,２歳四,1400,ダ,左,良,晴,12,6,8,パワーマジック,牡,2,55.0,492,1,高橋哲,入口由,,10,1:34.8,41.6,11-11-11-10,11,492,1
2025/12/23,浦和,1,２歳四,1400,ダ,左,良,晴,12,7,10,エリナセイコー,牝,2,54.0,449,10,小野楓,水野貴,,11,1:35.4,42.5,7-8-10-9,5,449,10
2025/12/23,浦和,1,２歳四,1400,ダ,左,良,晴,12,7,9,オパールグリーン,牝,2,54.0,409,0,野畑凌,川村守,,12,1:37.5,45.3,2-2-6-12,10,409,0
2025/12/23,浦和,2,ランチタイムチャレンジ２歳三,1400,ダ,左,良,曇,10,8,10,ワインチャン,牝,2,54.0,468,4,桑村真,平山真,,1,1:31.9,40.0,6-3-3-1,1,468,4
2025/12/23,浦和,2,ランチタイムチャレンジ２歳三,1400,ダ,左,良,曇,10,4,4,ハリッサ,牝,2,52.0,448,-3,中山遥,水野貴,,2,1:32.6,40.2,5-6-7-5,6,448,-3
2025/12/23,浦和,2,ランチタイムチャレンジ２歳三,1400,ダ,左,良,曇,10,3,3,ヨンクン,牡,2,54.0,497,23,及川烈,長谷忍,,3,1:32.7,40.6,4-4-4-3,7,497,23
2025/12/23,浦和,2,ランチタイムチャレンジ２歳三,1400,ダ,左,良,曇,10,8,9,ペチンペチンイテテ,牡,2,55.0,443,6,野畑凌,水上直,,4,1:32.7,40.9,2-2-2-2,3,443,6
2025/12/23,浦和,2,ランチタイムチャレンジ２歳三,1400,ダ,左,良,曇,10,7,7,ツウカイミッキー,牝,2,54.0,400,0,七夕裕,工藤伸,,5,1:32.9,40.3,8-9-9-9,8,400,0
2025/12/23,浦和,2,ランチタイムチャレンジ２歳三,1400,ダ,左,良,曇,10,2,2,シュウスイマカロン,牝,2,54.0,378,0,室陽一,入口由,,6,1:33.1,40.5,9-10-10-7,9,378,0
2025/12/23,浦和,2,ランチタイムチャレンジ２歳三,1400,ダ,左,良,曇,10,1,1,ビランチャ,牡,2,55.0,494,8,落合玄,小久智,,7,1:33.2,40.9,7-7-8-8,2,494,8
2025/12/23,浦和,2,ランチタイムチャレンジ２歳三,1400,ダ,左,良,曇,10,6,6,オーデンサフィー,牝,2,54.0,420,-7,秋元耕,小澤宏,,8,1:34.3,42.0,10-8-6-6,10,420,-7
2025/12/23,浦和,2,ランチタイムチャレンジ２歳三,1400,ダ,左,良,曇,10,7,8,ポルタロマーナ,牝,2,54.0,490,0,小野楓,水野貴,,9,1:34.9,43.2,1-1-1-4,5,490,0
2025/12/23,浦和,2,ランチタイムチャレンジ２歳三,1400,ダ,左,良,曇,10,5,5,クリールヴィット,牝,2,54.0,435,4,福原杏,鈴木勝,,10,1:36.6,44.5,3-5-5-10,4,435,4
2025/12/23,浦和,3,浦和８００ラウンド３歳未格付選抜馬,800,ダ,左,良,曇,10,2,2,タツノドリーム,牝,3,52.0,478,2,中山遥,川島豊,,1,0:48.2,35.9,1-1,2,478,2
2025/12/23,浦和,3,浦和８００ラウンド３歳未格付選抜馬,800,ダ,左,良,曇,10,7,7,サザンブレーブ,牡,3,56.0,480,8,小杉亮,渋谷博,,2,0:48.7,35.7,8-5,5,480,8
2025/12/23,浦和,3,浦和８００ラウンド３歳未格付選抜馬,800,ダ,左,良,曇,10,1,1,ステラブローニュ,牝,3,54.0,452,-16,小野楓,工藤伸,,3,0:48.8,36.3,3-3,1,452,-16
2025/12/23,浦和,3,浦和８００ラウンド３歳未格付選抜馬,800,ダ,左,良,曇,10,4,4,ミラクルキッス,牡,3,56.0,498,4,笠野雄,海馬司,,4,0:48.9,36.4,2-2,3,498,4
2025/12/23,浦和,3,浦和８００ラウンド３歳未格付選抜馬,800,ダ,左,良,曇,10,8,9,ジャックルージュ,牡,3,56.0,452,2,保園翔,川村守,,5,0:49.3,36.7,5-4,7,452,2
2025/12/23,浦和,3,浦和８００ラウンド３歳未格付選抜馬,800,ダ,左,良,曇,10,5,5,ルラクソント,牡,3,56.0,487,-5,野畑凌,箕輪武,,6,0:49.6,37.0,4-6,6,487,-5
2025/12/23,浦和,3,浦和８００ラウンド３歳未格付選抜馬,800,ダ,左,良,曇,10,3,3,オムブラーヴ,牡,3,54.0,501,3,中島良,川村守,,7,0:49.9,36.5,9-8,10,501,3
2025/12/23,浦和,3,浦和８００ラウンド３歳未格付選抜馬,800,ダ,左,良,曇,10,8,10,ミリオンヒット,牝,3,54.0,402,-8,赤津和,鹿沼和,,8,0:50.2,37.4,7-7,8,402,-8
2025/12/23,浦和,3,浦和８００ラウンド３歳未格付選抜馬,800,ダ,左,良,曇,10,7,8,ラビッツバイク,牝,3,54.0,436,6,室陽一,宇野博,,9,0:50.8,37.3,10-10,9,436,6
2025/12/23,浦和,3,浦和８００ラウンド３歳未格付選抜馬,800,ダ,左,良,曇,10,6,6,クアトロイヴェール,牡,3,55.0,471,23,佐野遥,宇野博,,10,0:50.9,38.3,6-9,4,471,23
2025/12/23,浦和,4,２歳二,1500,ダ,左,良,曇,12,1,1,ミラコロピリナ,牝,2,54.0,477,9,西啓太,小澤宏,,1,1:37.9,39.9,1-1-1-1,10,477,9
2025/12/23,浦和,4,２歳二,1500,ダ,左,良,曇,12,4,4,ハマノヒカリ,牝,2,54.0,459,-9,増田充,加藤誠,,2,1:38.2,40.0,4-4-3-2,1,459,-9
2025/12/23,浦和,4,２歳二,1500,ダ,左,良,曇,12,6,8,ホワイトジェイド,牡,2,55.0,478,5,吉原寛,水野貴,,3,1:38.6,39.3,9-10-7-7,3,478,5
2025/12/23,浦和,4,２歳二,1500,ダ,左,良,曇,12,7,10,ベイビーフェイス,牡,2,55.0,459,2,山中悠,林正人,,4,1:38.8,39.5,11-9-8-6,4,459,2
2025/12/23,浦和,4,２歳二,1500,ダ,左,良,曇,12,2,2,ハーティーアイズ,牝,2,54.0,441,-5,笹川翼,新井清,,5,1:38.9,40.9,2-3-2-3,5,441,-5
2025/12/23,浦和,4,２歳二,1500,ダ,左,良,曇,12,5,6,サモアノカイジン,牡,2,55.0,506,0,笠野雄,平山真,,6,1:39.0,40.8,6-6-4-4,7,506,0
2025/12/23,浦和,4,２歳二,1500,ダ,左,良,曇,12,7,9,ミスメリッサ,牝,2,52.0,453,-6,中山遥,伊藤滋,,7,1:39.2,40.6,7-5-6-5,8,453,-6
2025/12/23,浦和,4,２歳二,1500,ダ,左,良,曇,12,6,7,ソルルナ,牡,2,55.0,416,-1,矢野貴,玉井昇,,8,1:39.2,39.7,12-11-9-8,2,416,-1
2025/12/23,浦和,4,２歳二,1500,ダ,左,良,曇,12,8,12,スターハル,牝,2,54.0,393,-1,保園翔,小澤宏,,9,1:39.9,40.0,10-12-12-11,12,393,-1
2025/12/23,浦和,4,２歳二,1500,ダ,左,良,曇,12,8,11,カクレンボ,牝,2,54.0,507,-1,張田昂,宇野博,,10,1:40.1,40.7,8-8-11-10,6,507,-1
2025/12/23,浦和,4,２歳二,1500,ダ,左,良,曇,12,3,3,パレットフレイバー,牝,2,54.0,458,-1,秋元耕,繁田健,,11,1:40.6,42.5,3-2-5-9,11,458,-1
2025/12/23,浦和,4,２歳二,1500,ダ,左,良,曇,12,5,5,テクノアップル,牝,2,54.0,434,9,福原杏,水野貴,,12,1:43.0,44.1,5-7-10-12,9,434,9
2025/12/23,浦和,5,市制施行７１周年！東松山賞Ｃ２五 六,1500,ダ,左,良,曇,12,5,6,ファイアスター,牡,4,55.0,478,2,及川烈,工藤伸,,1,1:38.4,39.0,2-2-1-1,6,478,2
2025/12/23,浦和,5,市制施行７１周年！東松山賞Ｃ２五 六,1500,ダ,左,良,曇,12,4,4,ユメデアエタラ,牡,4,56.0,467,-1,岡村健,平山真,,2,1:38.5,38.8,4-4-6-4,1,467,-1
2025/12/23,浦和,5,市制施行７１周年！東松山賞Ｃ２五 六,1500,ダ,左,良,曇,12,7,9,ハイタッチマドンナ,牝,3,54.0,435,-10,秋元耕,鹿沼和,,3,1:38.9,39.4,10-6-3-2,7,435,-10
2025/12/23,浦和,5,市制施行７１周年！東松山賞Ｃ２五 六,1500,ダ,左,良,曇,12,1,1,アカネセイコー,牝,3,54.0,474,-6,吉原寛,水野貴,,4,1:39.3,39.3,7-10-8-5,3,474,-6
2025/12/23,浦和,5,市制施行７１周年！東松山賞Ｃ２五 六,1500,ダ,左,良,曇,12,8,11,リコーミカ,牝,3,54.0,484,-14,小野楓,繁田健,,5,1:39.7,40.3,3-3-4-6,2,484,-14
2025/12/23,浦和,5,市制施行７１周年！東松山賞Ｃ２五 六,1500,ダ,左,良,曇,12,7,10,ルクスリーベン,牝,4,54.0,423,1,張田昂,平山真,,6,1:39.7,39.9,6-7-7-7,5,423,1
2025/12/23,浦和,5,市制施行７１周年！東松山賞Ｃ２五 六,1500,ダ,左,良,曇,12,6,8,ワンラヴ,牝,7,54.0,439,-4,篠谷葵,薮口一,,7,1:39.8,39.1,11-11-11-9,10,439,-4
2025/12/23,浦和,5,市制施行７１周年！東松山賞Ｃ２五 六,1500,ダ,左,良,曇,12,8,12,アプレイザー,牡,5,56.0,449,0,町田直,宇野博,,8,1:39.9,40.5,5-5-5-8,8,449,0
2025/12/23,浦和,5,市制施行７１周年！東松山賞Ｃ２五 六,1500,ダ,左,良,曇,12,5,5,クーリッジテソーロ,牡,4,56.0,469,-16,落合玄,小久智,,9,1:40.3,40.9,1-1-2-3,4,469,-16
2025/12/23,浦和,5,市制施行７１周年！東松山賞Ｃ２五 六,1500,ダ,左,良,曇,12,3,3,リッキオ,牡,6,56.0,475,1,庄司大,薮口一,,10,1:40.5,39.2,12-12-12-12,9,475,1
2025/12/23,浦和,5,市制施行７１周年！東松山賞Ｃ２五 六,1500,ダ,左,良,曇,12,2,2,アラッキーフェイス,セ,0,56.0,437,3,保園翔,森　始,,11,1:40.7,40.4,8-9-9-10,12,437,3
2025/12/23,浦和,5,市制施行７１周年！東松山賞Ｃ２五 六,1500,ダ,左,良,曇,12,6,7,タマモコンペイトウ,牝,5,52.0,467,2,中島良,川島豊,,12,1:40.9,40.6,9-8-10-11,11,467,2
2025/12/23,浦和,6,鴻巣市の鳥「コウノトリ」制定記Ｃ２五 六,1400,ダ,左,良,晴,12,1,1,キタサンリボン,牝,6,54.0,480,-4,笹川翼,繁田健,,1,1:30.5,38.2,4-3-4-3,1,480,-4
2025/12/23,浦和,6,鴻巣市の鳥「コウノトリ」制定記Ｃ２五 六,1400,ダ,左,良,晴,12,2,2,フラッシュタイム,牡,3,56.0,549,7,福原杏,吉田正,,2,1:30.5,38.0,6-6-6-4,2,549,7
2025/12/23,浦和,6,鴻巣市の鳥「コウノトリ」制定記Ｃ２五 六,1400,ダ,左,良,晴,12,8,12,ツガノムサシ,牡,3,56.0,456,-6,菅原涼,長谷忍,,3,1:30.9,38.8,2-2-2-1,8,456,-6
2025/12/23,浦和,6,鴻巣市の鳥「コウノトリ」制定記Ｃ２五 六,1400,ダ,左,良,晴,12,4,4,マイリトルロマンス,牝,3,54.0,421,3,吉原寛,平山真,,4,1:31.5,38.9,7-7-7-6,3,421,3
2025/12/23,浦和,6,鴻巣市の鳥「コウノトリ」制定記Ｃ２五 六,1400,ダ,左,良,晴,12,7,9,シンキングモヒート,牡,4,56.0,464,-4,室陽一,宇野博,,5,1:31.6,39.3,3-4-3-5,4,464,-4
2025/12/23,浦和,6,鴻巣市の鳥「コウノトリ」制定記Ｃ２五 六,1400,ダ,左,良,晴,12,5,6,ジャズピアニスト,牝,5,54.0,484,0,落合玄,小久智,,6,1:31.8,39.7,1-1-1-2,5,484,0
2025/12/23,浦和,6,鴻巣市の鳥「コウノトリ」制定記Ｃ２五 六,1400,ダ,左,良,晴,12,5,5,エンシェントダンス,牝,3,54.0,436,-9,保園翔,宇野博,,7,1:31.8,38.5,10-10-10-10,7,436,-9
2025/12/23,浦和,6,鴻巣市の鳥「コウノトリ」制定記Ｃ２五 六,1400,ダ,左,良,晴,12,3,3,アンパト,セ,0,56.0,442,-2,加藤和,川島豊,,8,1:31.8,38.2,12-11-11-9,11,442,-2
2025/12/23,浦和,6,鴻巣市の鳥「コウノトリ」制定記Ｃ２五 六,1400,ダ,左,良,晴,12,7,10,ビアンカ,牝,5,54.0,420,0,七夕裕,工藤伸,,9,1:32.0,39.0,9-8-8-7,10,420,0
2025/12/23,浦和,6,鴻巣市の鳥「コウノトリ」制定記Ｃ２五 六,1400,ダ,左,良,晴,12,6,8,ロンギングキイ,牝,4,54.0,478,-3,秋元耕,箕輪武,,10,1:32.5,40.1,5-5-5-8,6,478,-3
2025/12/23,浦和,6,鴻巣市の鳥「コウノトリ」制定記Ｃ２五 六,1400,ダ,左,良,晴,12,6,7,ユウユウニコヴィア,牝,3,52.0,426,-6,中山遥,横山保,,11,1:32.5,38.5,11-12-12-11,9,426,-6
2025/12/23,浦和,6,鴻巣市の鳥「コウノトリ」制定記Ｃ２五 六,1400,ダ,左,良,晴,12,8,11,セイダンシング,牡,6,56.0,481,0,高橋利,玉井昇,,12,1:33.2,40.1,8-9-9-12,12,481,0
2025/12/23,浦和,7,モミの木特別Ｃ３選抜馬イ,2000,ダ,左,良,晴,12,2,2,マーニク,牝,4,54.0,466,1,野畑凌,長谷忍,,1,2:16.6,39.1,1-1-1-1,7,466,1
2025/12/23,浦和,7,モミの木特別Ｃ３選抜馬イ,2000,ダ,左,良,晴,12,7,9,ヤマブキ,牡,5,56.0,497,4,半澤慶,鹿沼和,,2,2:16.7,39.2,2-2-2-2,1,497,4
2025/12/23,浦和,7,モミの木特別Ｃ３選抜馬イ,2000,ダ,左,良,晴,12,5,5,パルメニデス,牡,6,55.0,429,-1,及川烈,長谷忍,,3,2:17.4,38.9,6-6-6-5,8,429,-1
2025/12/23,浦和,7,モミの木特別Ｃ３選抜馬イ,2000,ダ,左,良,晴,12,3,3,カバロプレト,牡,6,56.0,442,0,室陽一,入口由,,4,2:17.6,39.8,3-4-4-3,3,442,0
2025/12/23,浦和,7,モミの木特別Ｃ３選抜馬イ,2000,ダ,左,良,晴,12,8,11,マイアイガー,牡,6,56.0,532,5,高橋哲,工藤伸,,5,2:17.6,39.9,4-3-3-4,2,532,5
2025/12/23,浦和,7,モミの木特別Ｃ３選抜馬イ,2000,ダ,左,良,晴,12,4,4,デルマプラクリティ,牡,4,56.0,485,2,吉原寛,薮口一,,6,2:18.3,38.6,11-11-10-10,5,485,2
2025/12/23,浦和,7,モミの木特別Ｃ３選抜馬イ,2000,ダ,左,良,晴,12,6,8,シェナハート,牝,6,52.0,443,5,中島良,冨田敏,,7,2:18.5,40.6,5-5-5-6,11,443,5
2025/12/23,浦和,7,モミの木特別Ｃ３選抜馬イ,2000,ダ,左,良,晴,12,1,1,ステンノー,牝,5,54.0,489,-1,見越彬,小林真,,8,2:18.6,39.5,7-7-7-7,6,489,-1
2025/12/23,浦和,7,モミの木特別Ｃ３選抜馬イ,2000,ダ,左,良,晴,12,6,7,シェナグローリー,牝,5,54.0,468,0,國分祐,冨田敏,,9,2:18.8,39.5,10-9-8-8,12,468,0
2025/12/23,浦和,7,モミの木特別Ｃ３選抜馬イ,2000,ダ,左,良,晴,12,5,6,パーティーアニマル,牡,9,56.0,462,-1,岡田大,入口由,,10,2:19.3,40.0,8-8-9-9,10,462,-1
2025/12/23,浦和,7,モミの木特別Ｃ３選抜馬イ,2000,ダ,左,良,晴,12,8,12,スプリングネージュ,牝,7,54.0,462,5,秋元耕,薮口一,,11,2:19.4,39.8,9-10-11-12,4,462,5
2025/12/23,浦和,7,モミの木特別Ｃ３選抜馬イ,2000,ダ,左,良,晴,12,7,10,スターコマチ,牝,6,54.0,418,3,保園翔,川村守,,12,2:19.6,39.6,12-12-12-11,9,418,3
2025/12/23,浦和,8,カトレア特別Ｂ３Ｃ１選抜馬イ選抜馬ア,800,ダ,左,良,晴,12,2,2,パラソーレ,牝,3,53.0,454,1,小野楓,水野貴,,1,0:47.8,35.7,5-4,3,454,1
2025/12/23,浦和,8,カトレア特別Ｂ３Ｃ１選抜馬イ選抜馬ア,800,ダ,左,良,晴,12,3,3,ツツウラウラ,牡,3,57.0,468,5,西啓太,野口寛,,2,0:47.9,35.6,8-6,1,468,5
2025/12/23,浦和,8,カトレア特別Ｂ３Ｃ１選抜馬イ選抜馬ア,800,ダ,左,良,晴,12,8,12,ニシノニューリーフ,牝,5,55.0,512,-4,吉留孝,冨田敏,,3,0:48.1,36.2,4-5,8,512,-4
2025/12/23,浦和,8,カトレア特別Ｂ３Ｃ１選抜馬イ選抜馬ア,800,ダ,左,良,晴,12,6,7,ニシノルミリオン,牡,4,55.0,501,5,岡田大,冨田敏,,4,0:48.3,36.4,1-1,7,501,5
2025/12/23,浦和,8,カトレア特別Ｂ３Ｃ１選抜馬イ選抜馬ア,800,ダ,左,良,晴,12,4,4,アイアムカチマショ,牝,5,53.0,485,0,見越彬,川島豊,,5,0:48.3,36.4,2-2,4,485,0
2025/12/23,浦和,8,カトレア特別Ｂ３Ｃ１選抜馬イ選抜馬ア,800,ダ,左,良,晴,12,5,6,ファセリア,牡,4,55.0,494,6,中山遥,横山保,,6,0:48.3,36.0,9-10,9,494,6
2025/12/23,浦和,8,カトレア特別Ｂ３Ｃ１選抜馬イ選抜馬ア,800,ダ,左,良,晴,12,7,10,アサガオ,牡,3,56.0,484,-2,佐野遥,野口寛,,6,0:48.3,36.4,3-3,2,484,-2
2025/12/23,浦和,8,カトレア特別Ｂ３Ｃ１選抜馬イ選抜馬ア,800,ダ,左,良,晴,12,1,1,プロスペロ,牡,8,55.0,514,-1,山中悠,小澤宏,,8,0:48.5,35.9,11-8,10,514,-1
2025/12/23,浦和,8,カトレア特別Ｂ３Ｃ１選抜馬イ選抜馬ア,800,ダ,左,良,晴,12,5,5,エリークラウン,牝,6,53.0,481,9,町田直,入口由,,9,0:48.5,36.4,6-7,5,481,9
2025/12/23,浦和,8,カトレア特別Ｂ３Ｃ１選抜馬イ選抜馬ア,800,ダ,左,良,晴,12,7,9,モーニングタンポポ,牝,3,53.0,432,3,七夕裕,箕輪武,,10,0:48.6,36.5,7-9,6,432,3
2025/12/23,浦和,8,カトレア特別Ｂ３Ｃ１選抜馬イ選抜馬ア,800,ダ,左,良,晴,12,6,8,コウユーユメノヨウ,牝,4,55.0,477,-1,半澤慶,宇野博,,11,0:48.6,35.6,12-11,11,477,-1
2025/12/23,浦和,8,カトレア特別Ｂ３Ｃ１選抜馬イ選抜馬ア,800,ダ,左,良,晴,12,8,11,シェナブライト,牡,7,55.0,528,5,高橋哲,吉田正,,12,0:49.6,37.2,10-12,12,528,5
2025/12/23,浦和,9,ディセンバー特別Ｂ２二,1500,ダ,左,良,晴,12,6,7,チョメチョメ,牡,4,56.0,493,-1,吉原寛,宇野博,,1,1:36.7,37.1,5-3-1-1,7,493,-1
2025/12/23,浦和,9,ディセンバー特別Ｂ２二,1500,ダ,左,良,晴,12,4,4,ライヴマスタード,牡,5,56.0,542,-2,七夕裕,工藤伸,,2,1:36.9,37.1,1-1-2-2,1,542,-2
2025/12/23,浦和,9,ディセンバー特別Ｂ２二,1500,ダ,左,良,晴,12,3,3,ショウネンジダイ,牡,7,56.0,490,1,本田重,新井清,,3,1:37.5,37.3,4-4-5-3,5,490,1
2025/12/23,浦和,9,ディセンバー特別Ｂ２二,1500,ダ,左,良,晴,12,1,1,モズハッピーロード,牡,7,56.0,506,6,櫻井光,海馬司,,4,1:37.7,37.3,6-6-7-5,4,506,6
2025/12/23,浦和,9,ディセンバー特別Ｂ２二,1500,ダ,左,良,晴,12,2,2,グロリオサ,牡,5,55.0,448,4,谷内貫,嶋田幸,,5,1:37.8,37.3,7-7-9-8,6,448,4
2025/12/23,浦和,9,ディセンバー特別Ｂ２二,1500,ダ,左,良,晴,12,6,8,トーセンジェミニ,牝,5,54.0,429,-13,落合玄,小久智,,6,1:37.8,37.6,3-5-3-4,3,429,-13
2025/12/23,浦和,9,ディセンバー特別Ｂ２二,1500,ダ,左,良,晴,12,5,5,シトラスフレイバー,牡,3,56.0,441,-2,町田直,繁田健,,7,1:38.2,38.0,2-2-4-6,2,441,-2
2025/12/23,浦和,9,ディセンバー特別Ｂ２二,1500,ダ,左,良,晴,12,7,9,フォトスフィア,牡,6,56.0,531,-1,笠野雄,佐藤太,,8,1:38.3,37.9,8-8-8-9,9,531,-1
2025/12/23,浦和,9,ディセンバー特別Ｂ２二,1500,ダ,左,良,晴,12,5,6,ジェイケイファイン,セ,0,56.0,471,-3,山中悠,川村守,,9,1:38.3,37.5,10-9-10-10,11,471,-3
2025/12/23,浦和,9,ディセンバー特別Ｂ２二,1500,ダ,左,良,晴,12,7,10,ピノホホッア,牡,5,56.0,538,13,秋元耕,野口孝,,10,1:38.6,38.2,9-10-6-7,10,538,13
2025/12/23,浦和,9,ディセンバー特別Ｂ２二,1500,ダ,左,良,晴,12,8,11,ダンディジャック,牡,6,56.0,506,-3,保園翔,川村守,,11,1:38.7,37.7,11-11-11-11,8,506,-3
2025/12/23,浦和,9,ディセンバー特別Ｂ２二,1500,ダ,左,良,晴,12,8,12,ブレイヴルーラー,牡,6,56.0,565,16,室陽一,横山保,,,,,,,565,16
2025/12/23,浦和,10,浦和ジョッキーズトライアルラウンド第Ｃ２,1400,ダ,左,良,晴,12,5,6,ノーブルプラチナ,牡,3,56.5,542,2,見越彬,水野貴,,1,1:31.3,37.3,8-6-5-5,7,542,2
2025/12/23,浦和,10,浦和ジョッキーズトライアルラウンド第Ｃ２,1400,ダ,左,良,晴,12,6,8,ダンシングエリカ,牝,4,54.5,434,2,高橋哲,小林真,,2,1:31.4,38.0,2-2-2-1,2,434,2
2025/12/23,浦和,10,浦和ジョッキーズトライアルラウンド第Ｃ２,1400,ダ,左,良,晴,12,1,1,ロトカグラ,牡,4,57.0,477,-1,國分祐,工藤伸,,3,1:31.7,38.1,3-3-4-4,4,477,-1
2025/12/23,浦和,10,浦和ジョッキーズトライアルラウンド第Ｃ２,1400,ダ,左,良,晴,12,8,12,アースチャン,牝,3,55.0,436,-6,保園翔,箕輪武,,4,1:32.1,37.6,10-10-9-7,1,436,-6
2025/12/23,浦和,10,浦和ジョッキーズトライアルラウンド第Ｃ２,1400,ダ,左,良,晴,12,2,2,シナモンポップ,牝,3,54.5,478,-1,赤津和,海馬司,,5,1:32.3,39.0,1-1-1-2,6,478,-1
2025/12/23,浦和,10,浦和ジョッキーズトライアルラウンド第Ｃ２,1400,ダ,左,良,晴,12,5,5,チェスナットドレス,牝,8,54.5,470,2,福原杏,冨田敏,,6,1:32.5,39.0,4-4-3-3,5,470,2
2025/12/23,浦和,10,浦和ジョッキーズトライアルラウンド第Ｃ２,1400,ダ,左,良,晴,12,4,4,ロードサミット,牡,5,56.5,494,4,吉留孝,長谷忍,,7,1:32.5,38.3,9-9-8-6,8,494,4
2025/12/23,浦和,10,浦和ジョッキーズトライアルラウンド第Ｃ２,1400,ダ,左,良,晴,12,7,9,オリエンタルマック,牡,3,54.5,475,1,中山遥,酒井一,,8,1:33.3,39.3,5-5-7-8,10,475,1
2025/12/23,浦和,10,浦和ジョッキーズトライアルラウンド第Ｃ２,1400,ダ,左,良,晴,12,6,7,リュウノファントム,牡,5,56.0,480,-1,室陽一,野口孝,,9,1:33.3,38.8,7-8-10-10,11,480,-1
2025/12/23,浦和,10,浦和ジョッキーズトライアルラウンド第Ｃ２,1400,ダ,左,良,晴,12,7,10,アイスラリマー,牝,6,52.5,452,1,中島良,工藤伸,,10,1:33.4,39.2,6-7-6-9,3,452,1
2025/12/23,浦和,10,浦和ジョッキーズトライアルラウンド第Ｃ２,1400,ダ,左,良,晴,12,3,3,ハシリマッセ,牡,3,56.5,476,5,七夕裕,川島豊,,11,1:34.0,39.3,11-12-11-11,9,476,5
2025/12/23,浦和,10,浦和ジョッキーズトライアルラウンド第Ｃ２,1400,ダ,左,良,晴,12,8,11,レインボーグラン,牝,3,54.0,438,1,半澤慶,酒井一,,12,1:34.9,40.2,12-11-12-12,12,438,1
2025/12/23,浦和,11,ゴールドカップ３上オープン,1400,ダ,左,良,晴,13,7,11,ムエックス,牡,7,57.0,526,0,張田昂,張田京,,1,1:26.4,37.2,7-7-4-3,1,526,0
2025/12/23,浦和,11,ゴールドカップ３上オープン,1400,ダ,左,良,晴,13,6,9,フェブランシェ,牝,5,55.0,551,-2,吉原寛,藤田輝,,2,1:26.7,38.4,3-2-1-1,2,551,-2
2025/12/23,浦和,11,ゴールドカップ３上オープン,1400,ダ,左,良,晴,13,3,3,ポリゴンウェイヴ,牡,5,57.0,521,17,落合玄,小久智,,3,1:27.0,38.7,1-1-2-2,5,521,17
2025/12/23,浦和,11,ゴールドカップ３上オープン,1400,ダ,左,良,晴,13,8,12,ギャルダル,セ,0,57.0,486,1,篠谷葵,川島一,,4,1:27.2,37.7,9-9-7-4,7,486,1
2025/12/23,浦和,11,ゴールドカップ３上オープン,1400,ダ,左,良,晴,13,6,8,アウストロ,牡,5,57.0,539,24,秋元耕,小澤宏,,5,1:27.3,37.6,10-8-12-8,4,539,24
2025/12/23,浦和,11,ゴールドカップ３上オープン,1400,ダ,左,良,晴,13,5,7,シーサーペント,牡,5,57.0,492,7,西啓太,小久智,,6,1:27.5,38.1,6-6-9-9,12,492,7
2025/12/23,浦和,11,ゴールドカップ３上オープン,1400,ダ,左,良,晴,13,7,10,エナジーポコアポコ,牡,5,57.0,463,4,野畑凌,繁田健,,7,1:27.5,38.0,11-11-8-5,13,463,4
2025/12/23,浦和,11,ゴールドカップ３上オープン,1400,ダ,左,良,晴,13,4,4,ワンダーランド,牡,5,57.0,478,9,笹川翼,林正人,,8,1:27.6,38.4,5-5-5-7,8,478,9
2025/12/23,浦和,11,ゴールドカップ３上オープン,1400,ダ,左,良,晴,13,4,5,ヒビキ,牡,5,57.0,502,7,桑村真,繁田健,,9,1:27.7,37.9,12-12-11-11,10,502,7
2025/12/23,浦和,11,ゴールドカップ３上オープン,1400,ダ,左,良,晴,13,2,2,モズリッキー,牡,6,57.0,479,5,町田直,繁田健,,10,1:27.9,37.7,13-13-13-12,11,479,5
2025/12/23,浦和,11,ゴールドカップ３上オープン,1400,ダ,左,良,晴,13,8,13,ストライクオン,牡,4,57.0,504,-3,本田重,山下之,,11,1:28.3,38.8,8-10-10-10,6,504,-3
2025/12/23,浦和,11,ゴールドカップ３上オープン,1400,ダ,左,良,晴,13,1,1,ティントレット,牡,4,57.0,504,2,矢野貴,荒山勝,,12,1:29.9,41.2,2-3-3-6,3,504,2
2025/12/23,浦和,11,ゴールドカップ３上オープン,1400,ダ,左,良,晴,13,5,6,ガバナビリティー,牡,3,56.0,473,-2,笠野雄,佐藤太,,13,1:30.1,40.9,4-4-6-13,9,473,-2
2025/12/23,浦和,12,サイレントナイト特別Ｃ２Ｃ３選抜馬ウ選抜,2000,ダ,左,良,晴,12,7,9,イサチルカムカム,牡,3,57.0,439,6,吉原寛,宇野博,,1,2:14.4,39.3,5-5-4-3,1,439,6
2025/12/23,浦和,12,サイレントナイト特別Ｃ２Ｃ３選抜馬ウ選抜,2000,ダ,左,良,晴,12,8,11,エムオースイート,牝,6,55.0,489,2,加藤和,酒井一,,2,2:15.1,40.6,1-1-1-2,4,489,2
2025/12/23,浦和,12,サイレントナイト特別Ｃ２Ｃ３選抜馬ウ選抜,2000,ダ,左,良,晴,12,8,12,ミスレモン,牝,3,55.0,526,10,野畑凌,箕輪武,,3,2:15.2,40.5,2-2-2-1,5,526,10
2025/12/23,浦和,12,サイレントナイト特別Ｃ２Ｃ３選抜馬ウ選抜,2000,ダ,左,良,晴,12,1,1,ジャングルタキオン,セ,0,55.0,466,-5,達城龍,野口孝,,4,2:15.8,40.3,10-10-7-5,6,466,-5
2025/12/23,浦和,12,サイレントナイト特別Ｃ２Ｃ３選抜馬ウ選抜,2000,ダ,左,良,晴,12,2,2,ルグランブルー,牝,6,55.0,456,4,七夕裕,工藤伸,,5,2:15.9,40.8,7-7-6-6,3,456,4
2025/12/23,浦和,12,サイレントナイト特別Ｃ２Ｃ３選抜馬ウ選抜,2000,ダ,左,良,晴,12,5,6,インベンション,牝,5,53.0,459,1,菅原涼,長谷忍,,6,2:16.1,41.3,3-4-3-4,8,459,1
2025/12/23,浦和,12,サイレントナイト特別Ｃ２Ｃ３選抜馬ウ選抜,2000,ダ,左,良,晴,12,7,10,リュウノリエゾン,牝,4,55.0,410,-5,見越彬,鹿沼和,,7,2:16.6,41.1,9-9-9-7,10,410,-5
2025/12/23,浦和,12,サイレントナイト特別Ｃ２Ｃ３選抜馬ウ選抜,2000,ダ,左,良,晴,12,5,5,キミニメロメロ,牝,4,55.0,463,7,福原杏,吉田正,,8,2:16.8,41.7,4-3-8-9,9,463,7
2025/12/23,浦和,12,サイレントナイト特別Ｃ２Ｃ３選抜馬ウ選抜,2000,ダ,左,良,晴,12,6,8,クロシェノワール,牝,6,55.0,482,-5,秋元耕,酒井一,,9,2:17.6,42.5,6-6-5-8,2,482,-5
2025/12/23,浦和,12,サイレントナイト特別Ｃ２Ｃ３選抜馬ウ選抜,2000,ダ,左,良,晴,12,6,7,キスアンドテル,牝,6,53.0,511,4,笠野雄,海馬司,,10,2:17.6,41.7,12-11-11-11,7,511,4
2025/12/23,浦和,12,サイレントナイト特別Ｃ２Ｃ３選抜馬ウ選抜,2000,ダ,左,良,晴,12,3,3,エイシンペリドット,牝,5,53.0,508,5,室陽一,長谷忍,,11,2:18.8,43.2,8-8-10-10,12,508,5
2025/12/23,浦和,12,サイレントナイト特別Ｃ２Ｃ３選抜馬ウ選抜,2000,ダ,左,良,晴,12,4,4,フリュート,セ,0,57.0,477,-3,高橋哲,水野貴,,12,2:19.5,43.1,11-12-12-12,11,477,-3
2025/12/24,浦和,1,クライマックスリレースタート賞２歳五,1400,ダ,左,稍重,雨,12,1,1,ラグーンプレミアム,牡,2,54.0,467,11,及川烈,箕輪武,,1,1:32.8,40.9,6-6-6-3,5,467,11
2025/12/24,浦和,1,クライマックスリレースタート賞２歳五,1400,ダ,左,稍重,雨,12,7,10,ライトネス,牝,2,54.0,470,2,小野楓,長谷忍,,2,1:33.5,42.0,2-2-2-2,4,470,2
2025/12/24,浦和,1,クライマックスリレースタート賞２歳五,1400,ダ,左,稍重,雨,12,6,8,キョウエイアラジン,牡,2,55.0,439,4,秋元耕,小澤宏,,3,1:33.6,40.1,10-10-10-7,8,439,4
2025/12/24,浦和,1,クライマックスリレースタート賞２歳五,1400,ダ,左,稍重,雨,12,3,3,トーセンクリステル,牝,2,54.0,463,5,見越彬,小久智,,4,1:33.6,42.0,4-4-3-4,2,463,5
2025/12/24,浦和,1,クライマックスリレースタート賞２歳五,1400,ダ,左,稍重,雨,12,4,4,スウィンドル,牡,2,55.0,414,11,赤津和,酒井一,,5,1:33.9,40.8,9-9-9-8,11,414,11
2025/12/24,浦和,1,クライマックスリレースタート賞２歳五,1400,ダ,左,稍重,雨,12,5,5,スピラヴィオ,牡,2,55.0,0,0,岡田大,箕輪武,,6,1:34.1,42.5,5-5-5-5,9,0,0
2025/12/24,浦和,1,クライマックスリレースタート賞２歳五,1400,ダ,左,稍重,雨,12,8,12,ベルアルコバレーノ,牝,2,52.0,420,0,中山遥,藤原智,,7,1:34.3,42.2,7-7-8-6,10,420,0
2025/12/24,浦和,1,クライマックスリレースタート賞２歳五,1400,ダ,左,稍重,雨,12,5,6,カスタネアローズ,牝,2,54.0,453,-3,福原杏,鈴木勝,,8,1:34.3,43.0,1-1-1-1,6,453,-3
2025/12/24,浦和,1,クライマックスリレースタート賞２歳五,1400,ダ,左,稍重,雨,12,2,2,グレイモカ,牝,2,54.0,440,4,町田直,小林真,,9,1:34.4,40.5,11-12-12-12,7,440,4
2025/12/24,浦和,1,クライマックスリレースタート賞２歳五,1400,ダ,左,稍重,雨,12,6,7,コンバットステート,牡,2,55.0,413,3,七夕裕,工藤伸,,10,1:34.9,43.0,8-8-7-9,1,413,3
2025/12/24,浦和,1,クライマックスリレースタート賞２歳五,1400,ダ,左,稍重,雨,12,7,9,スタールル,牝,2,52.0,398,-7,中島良,川村守,,11,1:34.9,41.2,12-11-11-11,12,398,-7
2025/12/24,浦和,1,クライマックスリレースタート賞２歳五,1400,ダ,左,稍重,雨,12,8,11,ポピーレッド,牝,2,54.0,422,14,保園翔,野口寛,,12,1:36.7,45.1,3-3-4-10,3,422,14
2025/12/24,浦和,2,いちごのまち吉見賞３歳二,1400,ダ,左,稍重,雨,11,6,6,オンサイト,牡,3,56.0,483,7,張田昂,平山真,,1,1:29.6,39.1,2-2-2-1,1,483,7
2025/12/24,浦和,2,いちごのまち吉見賞３歳二,1400,ダ,左,稍重,雨,11,3,3,ナイトダンサー,牡,3,56.0,458,2,室陽一,吉田正,,2,1:31.6,40.3,3-4-6-3,6,458,2
2025/12/24,浦和,2,いちごのまち吉見賞３歳二,1400,ダ,左,稍重,雨,11,7,9,パイソン,牝,3,54.0,439,-2,保園翔,水上直,,3,1:31.8,41.4,1-1-1-2,5,439,-2
2025/12/24,浦和,2,いちごのまち吉見賞３歳二,1400,ダ,左,稍重,雨,11,8,10,キタノプレンティ,牝,3,54.0,471,-3,岡村健,工藤伸,,4,1:31.8,41.1,4-3-3-4,3,471,-3
2025/12/24,浦和,2,いちごのまち吉見賞３歳二,1400,ダ,左,稍重,雨,11,1,1,ロベルタインパクト,牝,3,54.0,500,-9,小野楓,水野貴,,5,1:32.1,40.8,7-7-8-6,4,500,-9
2025/12/24,浦和,2,いちごのまち吉見賞３歳二,1400,ダ,左,稍重,雨,11,5,5,クルールローザンヌ,牝,3,54.0,473,3,野畑凌,宇野博,,6,1:32.7,41.4,9-9-4-7,2,473,3
2025/12/24,浦和,2,いちごのまち吉見賞３歳二,1400,ダ,左,稍重,雨,11,2,2,ハーシュミストレス,牝,3,54.0,454,-9,七夕裕,酒井一,,7,1:32.8,40.9,11-11-10-8,8,454,-9
2025/12/24,浦和,2,いちごのまち吉見賞３歳二,1400,ダ,左,稍重,雨,11,4,4,キョウエイサマンサ,牝,3,54.0,469,5,秋元耕,小澤宏,,8,1:32.9,41.4,5-6-9-10,10,469,5
2025/12/24,浦和,2,いちごのまち吉見賞３歳二,1400,ダ,左,稍重,雨,11,7,8,クレイジーホース,セ,0,55.0,486,6,及川烈,長谷忍,,9,1:33.0,41.7,8-5-5-5,7,486,6
2025/12/24,浦和,2,いちごのまち吉見賞３歳二,1400,ダ,左,稍重,雨,11,6,7,レベリオン,牡,3,56.0,475,19,半澤慶,宇野博,,10,1:33.9,42.6,6-8-7-9,9,475,19
2025/12/24,浦和,2,いちごのまち吉見賞３歳二,1400,ダ,左,稍重,雨,11,8,11,オーデンアクア,牡,3,56.0,484,5,吉留孝,薮口一,,11,1:35.3,43.3,10-10-11-11,11,484,5
2025/12/24,浦和,3,いこっか！くおっか！東松山賞Ｃ３選抜馬イ,800,ダ,左,重,雨,12,2,2,スーパーサイクル,牡,6,56.0,483,4,山中悠,繁田健,,1,0:48.4,36.3,1-1,1,483,4
2025/12/24,浦和,3,いこっか！くおっか！東松山賞Ｃ３選抜馬イ,800,ダ,左,重,雨,12,5,5,スイートウィル,牝,4,54.0,430,-2,加藤和,川島豊,,2,0:48.8,36.3,3-2,7,430,-2
2025/12/24,浦和,3,いこっか！くおっか！東松山賞Ｃ３選抜馬イ,800,ダ,左,重,雨,12,4,4,カラドボルグ,牡,7,56.0,491,-4,岡田大,吉田正,,3,0:49.5,37.2,2-3,4,491,-4
2025/12/24,浦和,3,いこっか！くおっか！東松山賞Ｃ３選抜馬イ,800,ダ,左,重,雨,12,8,12,マダムファンタジア,牝,4,54.0,464,-2,室陽一,川村守,,4,0:49.6,37.1,4-4,5,464,-2
2025/12/24,浦和,3,いこっか！くおっか！東松山賞Ｃ３選抜馬イ,800,ダ,左,重,雨,12,5,6,ダイエービルベリー,牝,7,54.0,484,-5,岡村健,酒井一,,5,0:49.7,37.2,5-5,3,484,-5
2025/12/24,浦和,3,いこっか！くおっか！東松山賞Ｃ３選抜馬イ,800,ダ,左,重,雨,12,6,8,ジュニパーダンス,牝,7,54.0,447,-8,小野楓,酒井一,,6,0:49.9,37.2,6-6,6,447,-8
2025/12/24,浦和,3,いこっか！くおっか！東松山賞Ｃ３選抜馬イ,800,ダ,左,重,雨,12,1,1,ゴールドボード,牝,6,54.0,522,12,秋元耕,箕輪武,,7,0:50.5,37.4,8-7,8,522,12
2025/12/24,浦和,3,いこっか！くおっか！東松山賞Ｃ３選抜馬イ,800,ダ,左,重,雨,12,3,3,ゲットデザイアー,牝,6,54.0,495,15,澤田龍,川村守,,8,0:50.7,36.7,12-12,10,495,15
2025/12/24,浦和,3,いこっか！くおっか！東松山賞Ｃ３選抜馬イ,800,ダ,左,重,雨,12,7,10,リチェルカータ,牝,8,54.0,451,-11,野畑凌,小澤宏,,9,0:50.9,38.0,7-8,2,451,-11
2025/12/24,浦和,3,いこっか！くおっか！東松山賞Ｃ３選抜馬イ,800,ダ,左,重,雨,12,6,7,クリプリンセス,牝,5,54.0,431,-6,國分祐,冨田敏,,10,0:50.9,37.3,11-10,11,431,-6
2025/12/24,浦和,3,いこっか！くおっか！東松山賞Ｃ３選抜馬イ,800,ダ,左,重,雨,12,7,9,メジャーエール,牝,5,54.0,439,-7,七夕裕,長谷忍,,11,0:51.0,37.5,10-9,9,439,-7
2025/12/24,浦和,3,いこっか！くおっか！東松山賞Ｃ３選抜馬イ,800,ダ,左,重,雨,12,8,11,ワンダーダイカネン,牡,8,56.0,502,10,赤津和,鈴木勝,,12,0:51.0,37.5,9-11,12,502,10
2025/12/24,浦和,4,川越藩のお蔵米記念Ｃ２七 八,1400,ダ,左,重,雨,12,3,3,セイブザクイーン,牝,3,54.0,494,-4,本田重,宇野博,,1,1:32.4,38.3,4-4-5-3,6,494,-4
2025/12/24,浦和,4,川越藩のお蔵米記念Ｃ２七 八,1400,ダ,左,重,雨,12,8,11,アイオンザボール,牝,3,54.0,462,23,小野楓,野口寛,,2,1:32.4,38.6,2-2-2-2,5,462,23
2025/12/24,浦和,4,川越藩のお蔵米記念Ｃ２七 八,1400,ダ,左,重,雨,12,2,2,ポレポレ,牝,3,52.0,402,-5,中山遥,酒井一,,3,1:32.5,38.7,1-1-1-1,4,402,-5
2025/12/24,浦和,4,川越藩のお蔵米記念Ｃ２七 八,1400,ダ,左,重,雨,12,5,5,ザボドフスキー,牡,3,53.0,453,-6,椿聡太,伊藤滋,,4,1:33.1,38.6,8-9-9-8,8,453,-6
2025/12/24,浦和,4,川越藩のお蔵米記念Ｃ２七 八,1400,ダ,左,重,雨,12,7,10,モズマスターピース,牡,5,56.0,490,1,高橋哲,入口由,,5,1:33.4,39.3,6-6-4-6,2,490,1
2025/12/24,浦和,4,川越藩のお蔵米記念Ｃ２七 八,1400,ダ,左,重,雨,12,6,8,ホシプリンセス,牝,7,54.0,509,-6,岡村健,酒井一,,6,1:33.5,39.3,5-5-7-4,7,509,-6
2025/12/24,浦和,4,川越藩のお蔵米記念Ｃ２七 八,1400,ダ,左,重,雨,12,1,1,エターナルジュエル,牝,6,54.0,475,2,山中悠,藤原智,,7,1:33.6,39.2,7-7-8-5,9,475,2
2025/12/24,浦和,4,川越藩のお蔵米記念Ｃ２七 八,1400,ダ,左,重,雨,12,5,6,ロワドゥサーブル,牡,6,56.0,507,19,加藤和,薮口一,,8,1:33.8,39.0,12-12-12-11,3,507,19
2025/12/24,浦和,4,川越藩のお蔵米記念Ｃ２七 八,1400,ダ,左,重,雨,12,6,7,ヴァンクールシチー,牡,6,56.0,447,19,半澤慶,工藤伸,,9,1:34.0,39.8,9-8-6-7,11,447,19
2025/12/24,浦和,4,川越藩のお蔵米記念Ｃ２七 八,1400,ダ,左,重,雨,12,4,4,カイジンビリーヴ,牡,7,56.0,526,0,室陽一,入口由,,10,1:34.2,39.4,10-11-11-10,10,526,0
2025/12/24,浦和,4,川越藩のお蔵米記念Ｃ２七 八,1400,ダ,左,重,雨,12,8,12,エコロルキナ,牝,3,54.0,474,-8,野畑凌,新井清,,11,1:34.5,40.6,3-3-3-9,1,474,-8
2025/12/24,浦和,4,川越藩のお蔵米記念Ｃ２七 八,1400,ダ,左,重,雨,12,7,9,ニシノミモザ,牝,4,54.0,442,4,秋元耕,吉田正,,12,1:36.1,41.5,11-10-10-12,12,442,4
2025/12/24,浦和,5,花のまちこうのす賞Ｃ２七 八,1500,ダ,左,重,雨,12,2,2,セイノスケ,牡,3,56.0,478,9,福原杏,平山真,,1,1:38.3,40.2,2-2-1-1,1,478,9
2025/12/24,浦和,5,花のまちこうのす賞Ｃ２七 八,1500,ダ,左,重,雨,12,5,5,ヘヴンズクライ,牡,4,56.0,414,-5,岡村健,藤原智,,2,1:38.4,39.7,6-6-6-4,4,414,-5
2025/12/24,浦和,5,花のまちこうのす賞Ｃ２七 八,1500,ダ,左,重,雨,12,3,3,ソルトミラクル,牡,3,56.0,472,-4,室陽一,宇野博,,3,1:38.6,40.0,5-5-5-3,2,472,-4
2025/12/24,浦和,5,花のまちこうのす賞Ｃ２七 八,1500,ダ,左,重,雨,12,4,4,エクセルブラック,牡,4,56.0,453,-3,町田直,入口由,,4,1:39.2,40.2,7-7-7-6,7,453,-3
2025/12/24,浦和,5,花のまちこうのす賞Ｃ２七 八,1500,ダ,左,重,雨,12,1,1,メグ,牝,5,54.0,481,10,見越彬,鹿沼和,,5,1:39.3,41.2,1-1-2-2,6,481,10
2025/12/24,浦和,5,花のまちこうのす賞Ｃ２七 八,1500,ダ,左,重,雨,12,6,8,シーギリア,牝,5,54.0,471,5,保園翔,野口寛,,6,1:39.5,40.1,9-8-8-7,8,471,5
2025/12/24,浦和,5,花のまちこうのす賞Ｃ２七 八,1500,ダ,左,重,雨,12,6,7,スイフトマリー,牝,6,54.0,407,0,高橋哲,酒井一,,7,1:39.8,40.2,10-9-9-9,9,407,0
2025/12/24,浦和,5,花のまちこうのす賞Ｃ２七 八,1500,ダ,左,重,雨,12,7,9,ヴォーゲルワンド,牝,3,54.0,513,1,秋元耕,繁田健,,8,1:39.8,41.6,3-3-3-5,5,513,1
2025/12/24,浦和,5,花のまちこうのす賞Ｃ２七 八,1500,ダ,左,重,雨,12,8,11,オーシンラッシュ,牡,3,56.0,525,-8,櫻井光,小久智,,9,1:41.0,42.8,4-4-4-8,3,525,-8
2025/12/24,浦和,5,花のまちこうのす賞Ｃ２七 八,1500,ダ,左,重,雨,12,8,12,カペラスター,牡,6,55.0,495,5,及川烈,工藤伸,,10,1:41.1,41.1,8-10-10-10,10,495,5
2025/12/24,浦和,5,花のまちこうのす賞Ｃ２七 八,1500,ダ,左,重,雨,12,5,6,カリプソ,牝,4,52.0,433,2,中島良,長谷忍,,,,,,,433,2
2025/12/24,浦和,5,花のまちこうのす賞Ｃ２七 八,1500,ダ,左,重,雨,12,7,10,シュトーレン,牝,4,54.0,505,8,半澤慶,川島豊,,,,,,,505,8
2025/12/24,浦和,6,浦和×大井　クライマックスリレー賞Ｂ３三,1400,ダ,左,重,雨,11,3,3,サンカプリス,セ,0,56.0,519,9,福原杏,野口寛,,1,1:29.5,38.5,4-5-4-1,3,519,9
2025/12/24,浦和,6,浦和×大井　クライマックスリレー賞Ｂ３三,1400,ダ,左,重,雨,11,7,8,ピーチブロッサム,牝,3,54.0,428,-7,篠谷葵,坂本昇,,2,1:29.9,38.5,11-9-7-5,4,428,-7
2025/12/24,浦和,6,浦和×大井　クライマックスリレー賞Ｂ３三,1400,ダ,左,重,雨,11,5,5,エレガントジュエリ,牝,5,54.0,415,0,保園翔,川村守,,3,1:30.3,39.7,1-1-1-2,8,415,0
2025/12/24,浦和,6,浦和×大井　クライマックスリレー賞Ｂ３三,1400,ダ,左,重,雨,11,8,11,ジュンフカリ,牡,5,56.0,464,0,小杉亮,坂本昇,,4,1:30.5,39.1,8-8-11-7,9,464,0
2025/12/24,浦和,6,浦和×大井　クライマックスリレー賞Ｂ３三,1400,ダ,左,重,雨,11,8,10,ケイアイインダラ,牡,5,56.0,466,-3,濱田達,佐々功,,5,1:30.7,39.1,10-11-8-4,10,466,-3
2025/12/24,浦和,6,浦和×大井　クライマックスリレー賞Ｂ３三,1400,ダ,左,重,雨,11,2,2,フューチャーアゲン,牝,5,54.0,483,6,小野楓,川村守,,6,1:30.7,39.5,7-6-5-3,2,483,6
2025/12/24,浦和,6,浦和×大井　クライマックスリレー賞Ｂ３三,1400,ダ,左,重,雨,11,7,9,トーセンペネロペ,牝,3,54.0,452,-7,本田重,小久智,,7,1:30.9,39.7,6-7-6-6,1,452,-7
2025/12/24,浦和,6,浦和×大井　クライマックスリレー賞Ｂ３三,1400,ダ,左,重,雨,11,4,4,ステラシティ,牝,4,52.0,477,3,中山遥,吉田正,,8,1:31.3,39.8,9-10-9-8,5,477,3
2025/12/24,浦和,6,浦和×大井　クライマックスリレー賞Ｂ３三,1400,ダ,左,重,雨,11,1,1,プレストマーヴェル,牝,4,54.0,431,2,山中悠,小澤宏,,9,1:32.6,41.4,5-4-10-11,6,431,2
2025/12/24,浦和,6,浦和×大井　クライマックスリレー賞Ｂ３三,1400,ダ,左,重,雨,11,6,7,シナノクーパー,牡,3,56.0,429,-3,見越彬,鹿沼和,,10,1:33.0,42.3,3-3-3-9,11,429,-3
2025/12/24,浦和,6,浦和×大井　クライマックスリレー賞Ｂ３三,1400,ダ,左,重,雨,11,6,6,レイシン,牡,5,56.0,522,-8,本橋孝,石井勝,,11,1:33.2,42.5,2-2-2-10,7,522,-8
2025/12/24,浦和,7,シクラメン特別Ｃ２二,1400,ダ,左,重,雨,13,7,10,シゲルツキミザケ,牡,6,54.0,477,-1,中山遥,箕輪武,,1,1:30.2,39.7,4-4-5-4,8,477,-1
2025/12/24,浦和,7,シクラメン特別Ｃ２二,1400,ダ,左,重,雨,13,5,6,アルマヴィーヴァ,牡,3,56.0,491,2,町田直,宇野博,,2,1:30.4,39.9,5-5-4-3,4,491,2
2025/12/24,浦和,7,シクラメン特別Ｃ２二,1400,ダ,左,重,雨,13,8,13,シャイニーデューク,牡,6,56.0,500,3,本田重,山中尊,,3,1:30.6,40.3,3-3-2-2,1,500,3
2025/12/24,浦和,7,シクラメン特別Ｃ２二,1400,ダ,左,重,雨,13,6,9,コンサントレ,牝,3,54.0,471,-7,福原杏,繁田健,,4,1:30.8,39.7,8-8-7-5,3,471,-7
2025/12/24,浦和,7,シクラメン特別Ｃ２二,1400,ダ,左,重,雨,13,7,11,ジェンダアネモス,牝,3,54.0,447,3,保園翔,野口寛,,5,1:31.1,40.9,1-1-1-1,9,447,3
2025/12/24,浦和,7,シクラメン特別Ｃ２二,1400,ダ,左,重,雨,13,2,2,タカイチフリオーソ,牝,3,54.0,420,-24,加藤和,薮口一,,6,1:31.5,40.4,7-7-8-7,11,420,-24
2025/12/24,浦和,7,シクラメン特別Ｃ２二,1400,ダ,左,重,雨,13,4,4,プレストエメリ,牝,3,54.0,442,-4,山中悠,佐々清,,7,1:31.5,39.8,12-12-12-9,6,442,-4
2025/12/24,浦和,7,シクラメン特別Ｃ２二,1400,ダ,左,重,雨,13,4,5,ツガノローマン,牝,3,54.0,446,0,篠谷葵,長谷忍,,8,1:31.7,39.4,13-13-13-12,10,446,0
2025/12/24,浦和,7,シクラメン特別Ｃ２二,1400,ダ,左,重,雨,13,1,1,マラカイト,牝,4,54.0,470,1,野畑凌,小久智,,9,1:32.1,41.8,2-2-3-6,2,470,1
2025/12/24,浦和,7,シクラメン特別Ｃ２二,1400,ダ,左,重,雨,13,3,3,ウワサノデコピン,牡,3,56.0,453,1,七夕裕,工藤伸,,10,1:32.6,41.7,6-6-6-8,13,453,1
2025/12/24,浦和,7,シクラメン特別Ｃ２二,1400,ダ,左,重,雨,13,8,12,キタノブリッジ,牝,3,54.0,432,-7,小野楓,平山真,,11,1:32.6,41.1,10-9-10-13,5,432,-7
2025/12/24,浦和,7,シクラメン特別Ｃ２二,1400,ダ,左,重,雨,13,6,8,サンディロン,牝,8,52.0,477,4,中島良,小林真,,12,1:32.8,41.5,9-10-9-10,12,477,4
2025/12/24,浦和,7,シクラメン特別Ｃ２二,1400,ダ,左,重,雨,13,5,7,ブルーオブウインド,牝,3,54.0,466,1,赤津和,川村守,,13,1:33.1,41.4,11-11-11-11,7,466,1
2025/12/24,浦和,8,ジングルベル特別Ｃ１Ｃ２選抜馬イ選抜馬ア,2000,ダ,左,重,雨,12,2,2,ハクシンドラゴン,セ,0,57.0,453,1,櫻井光,平山真,,1,2:13.4,41.4,4-4-4-3,1,453,1
2025/12/24,浦和,8,ジングルベル特別Ｃ１Ｃ２選抜馬イ選抜馬ア,2000,ダ,左,重,雨,12,6,8,サマーストーリー,牡,5,55.0,443,-5,中山遥,冨田敏,,2,2:13.8,41.0,9-8-7-4,5,443,-5
2025/12/24,浦和,8,ジングルベル特別Ｃ１Ｃ２選抜馬イ選抜馬ア,2000,ダ,左,重,雨,12,8,11,ポンテドラーゴ,牡,6,55.0,498,5,見越彬,海馬司,,3,2:14.0,41.6,6-5-5-2,8,498,5
2025/12/24,浦和,8,ジングルベル特別Ｃ１Ｃ２選抜馬イ選抜馬ア,2000,ダ,左,重,雨,12,4,4,ツガノショウグン,牡,4,57.0,507,12,室陽一,長谷忍,,4,2:15.1,43.5,1-1-1-1,3,507,12
2025/12/24,浦和,8,ジングルベル特別Ｃ１Ｃ２選抜馬イ選抜馬ア,2000,ダ,左,重,雨,12,7,10,テーオーダムール,牡,4,54.0,531,8,及川烈,川島豊,,5,2:15.2,43.6,2-2-3-5,4,531,8
2025/12/24,浦和,8,ジングルベル特別Ｃ１Ｃ２選抜馬イ選抜馬ア,2000,ダ,左,重,雨,12,1,1,グレートスピリット,牡,4,55.0,524,10,福原杏,野口寛,,6,2:15.9,44.3,3-3-2-6,2,524,10
2025/12/24,浦和,8,ジングルベル特別Ｃ１Ｃ２選抜馬イ選抜馬ア,2000,ダ,左,重,雨,12,5,6,ディープオーキッド,牡,3,55.0,463,-2,篠谷葵,薮口一,,7,2:16.7,44.3,5-6-6-7,6,463,-2
2025/12/24,浦和,8,ジングルベル特別Ｃ１Ｃ２選抜馬イ選抜馬ア,2000,ダ,左,重,雨,12,5,5,カラフルフレスコ,牝,6,53.0,463,-4,赤津和,工藤伸,,8,2:17.1,43.3,12-12-11-9,12,463,-4
2025/12/24,浦和,8,ジングルベル特別Ｃ１Ｃ２選抜馬イ選抜馬ア,2000,ダ,左,重,雨,12,3,3,ジオパークマグマ,牡,7,55.0,496,10,加藤和,川島豊,,9,2:17.2,44.4,7-7-9-8,9,496,10
2025/12/24,浦和,8,ジングルベル特別Ｃ１Ｃ２選抜馬イ選抜馬ア,2000,ダ,左,重,雨,12,6,7,マッドルビー,牝,3,53.0,404,4,七夕裕,長谷忍,,10,2:17.3,43.6,10-11-12-10,11,404,4
2025/12/24,浦和,8,ジングルベル特別Ｃ１Ｃ２選抜馬イ選抜馬ア,2000,ダ,左,重,雨,12,8,12,ミサトレッドダイヤ,牝,3,53.0,465,-4,秋元耕,野口孝,,11,2:17.7,44.2,8-10-10-12,7,465,-4
2025/12/24,浦和,8,ジングルベル特別Ｃ１Ｃ２選抜馬イ選抜馬ア,2000,ダ,左,重,雨,12,7,9,ジューンサレンダー,牡,4,53.0,470,3,中島良,川村守,,12,2:18.2,45.3,11-9-8-11,10,470,3
2025/12/24,浦和,9,ターコイズ特別Ｃ１一,1400,ダ,左,重,雨,13,8,12,チュラット,牝,3,54.0,444,2,福原杏,水野貴,,1,1:29.0,38.7,1-1-1-1,1,444,2
2025/12/24,浦和,9,ターコイズ特別Ｃ１一,1400,ダ,左,重,雨,13,8,13,ストイックノア,牡,4,56.0,508,6,野畑凌,小久智,,2,1:30.0,39.5,4-2-2-2,2,508,6
2025/12/24,浦和,9,ターコイズ特別Ｃ１一,1400,ダ,左,重,雨,13,6,8,レンダリング,牡,5,56.0,521,2,櫻井光,海馬司,,3,1:30.4,39.7,3-4-3-3,11,521,2
2025/12/24,浦和,9,ターコイズ特別Ｃ１一,1400,ダ,左,重,雨,13,7,10,エイシンゾディアク,牡,4,56.0,443,-8,高橋哲,横山保,,4,1:30.5,39.4,10-10-6-5,5,443,-8
2025/12/24,浦和,9,ターコイズ特別Ｃ１一,1400,ダ,左,重,雨,13,4,4,サノノタルマエ,牝,5,54.0,478,-1,見越彬,川島豊,,5,1:30.6,39.9,2-3-4-4,10,478,-1
2025/12/24,浦和,9,ターコイズ特別Ｃ１一,1400,ダ,左,重,雨,13,6,9,ナーヴィスゼータ,牝,3,54.0,493,0,室陽一,宇野博,,6,1:31.3,40.0,9-9-9-9,6,493,0
2025/12/24,浦和,9,ターコイズ特別Ｃ１一,1400,ダ,左,重,雨,13,7,11,トーケンクミー,牝,3,54.0,429,-4,秋元耕,小澤宏,,7,1:31.4,39.1,13-13-12-10,13,429,-4
2025/12/24,浦和,9,ターコイズ特別Ｃ１一,1400,ダ,左,重,雨,13,1,1,ビコーズウイキャン,牡,4,56.0,467,8,七夕裕,長谷忍,,8,1:31.4,40.3,8-7-7-7,3,467,8
2025/12/24,浦和,9,ターコイズ特別Ｃ１一,1400,ダ,左,重,雨,13,3,3,イデアノキセキ,牡,6,56.0,461,4,張田昂,鹿沼和,,9,1:31.4,40.7,7-5-5-6,8,461,4
2025/12/24,浦和,9,ターコイズ特別Ｃ１一,1400,ダ,左,重,雨,13,4,5,ドンアレス,牡,4,56.0,472,-5,庄司大,薮口一,,10,1:32.1,39.8,12-11-13-11,9,472,-5
2025/12/24,浦和,9,ターコイズ特別Ｃ１一,1400,ダ,左,重,雨,13,5,6,ディセントラライズ,牡,4,56.0,460,2,澤田龍,川村守,,11,1:32.3,40.0,11-12-11-12,12,460,2
2025/12/24,浦和,9,ターコイズ特別Ｃ１一,1400,ダ,左,重,雨,13,2,2,ディーズルージュ,牝,6,52.0,490,-12,中山遥,酒井一,,12,1:32.7,41.4,6-8-10-8,7,490,-12
2025/12/24,浦和,9,ターコイズ特別Ｃ１一,1400,ダ,左,重,雨,13,5,7,フブキ,牝,5,54.0,463,6,保園翔,水上直,,13,1:35.2,44.1,5-6-8-13,4,463,6
2025/12/24,浦和,10,浦和ジュニアチャンピオン２歳デビュー選抜,1500,ダ,左,重,曇,11,7,8,アイリーズ,牡,2,55.0,468,3,野畑凌,小久智,,1,1:36.3,38.4,1-1-1-1,3,468,3
2025/12/24,浦和,10,浦和ジュニアチャンピオン２歳デビュー選抜,1500,ダ,左,重,曇,11,3,3,マッスル,牡,2,55.0,483,-2,小野楓,繁田健,,2,1:36.5,38.3,4-4-4-3,1,483,-2
2025/12/24,浦和,10,浦和ジュニアチャンピオン２歳デビュー選抜,1500,ダ,左,重,曇,11,8,10,オリジナルパターン,牡,2,55.0,514,11,張田昂,小久智,,3,1:36.7,38.7,2-2-2-2,4,514,11
2025/12/24,浦和,10,浦和ジュニアチャンピオン２歳デビュー選抜,1500,ダ,左,重,曇,11,8,11,ロックシュガー,牝,2,54.0,462,1,秋元耕,川島豊,,4,1:38.3,40.1,7-5-3-4,2,462,1
2025/12/24,浦和,10,浦和ジュニアチャンピオン２歳デビュー選抜,1500,ダ,左,重,曇,11,5,5,ウールドランジュ,牝,2,54.0,458,1,吉留孝,平山真,,5,1:38.4,39.5,8-8-8-5,8,458,1
2025/12/24,浦和,10,浦和ジュニアチャンピオン２歳デビュー選抜,1500,ダ,左,重,曇,11,1,1,ユウユウコルネット,牝,2,54.0,405,-1,室陽一,横山保,,6,1:38.5,39.4,9-10-9-8,5,405,-1
2025/12/24,浦和,10,浦和ジュニアチャンピオン２歳デビュー選抜,1500,ダ,左,重,曇,11,2,2,エスプランドル,牡,2,55.0,512,8,櫻井光,平山真,,7,1:38.6,40.0,10-9-6-7,7,512,8
2025/12/24,浦和,10,浦和ジュニアチャンピオン２歳デビュー選抜,1500,ダ,左,重,曇,11,7,9,カズチャンペ,牡,2,55.0,485,-3,岡村健,酒井一,,8,1:38.7,40.1,6-7-5-6,9,485,-3
2025/12/24,浦和,10,浦和ジュニアチャンピオン２歳デビュー選抜,1500,ダ,左,重,曇,11,6,6,レフレール,牡,2,55.0,511,11,本田重,水野貴,,9,1:39.6,39.9,11-11-11-9,6,511,11
2025/12/24,浦和,10,浦和ジュニアチャンピオン２歳デビュー選抜,1500,ダ,左,重,曇,11,6,7,マイアミマツリ,牡,2,53.0,447,0,中山遥,野口孝,,10,1:40.8,41.9,5-6-10-11,10,447,0
2025/12/24,浦和,10,浦和ジュニアチャンピオン２歳デビュー選抜,1500,ダ,左,重,曇,11,4,4,ゴールドアムレット,牡,2,55.0,461,-7,山中悠,小澤宏,,11,1:42.1,43.9,3-3-7-10,11,461,-7
2025/12/24,浦和,11,クリスマスイヴ特別Ａ２下,1500,ダ,左,重,曇,12,7,10,リコースパロー,牡,3,57.0,524,22,澤田龍,荒山勝,,1,1:34.4,38.3,2-2-2-1,2,524,22
2025/12/24,浦和,11,クリスマスイヴ特別Ａ２下,1500,ダ,左,重,曇,12,6,8,ケンアトラス,牡,4,55.0,489,15,小野楓,繁田健,,2,1:35.2,38.8,3-3-5-3,9,489,15
2025/12/24,浦和,11,クリスマスイヴ特別Ａ２下,1500,ダ,左,重,曇,12,8,12,ケンタッキースカイ,牡,4,55.0,527,2,中山遥,藤原智,,3,1:35.2,39.3,1-1-1-2,5,527,2
2025/12/24,浦和,11,クリスマスイヴ特別Ａ２下,1500,ダ,左,重,曇,12,4,4,トーセンサンダー,牡,6,57.0,498,-1,見越彬,小久智,,4,1:35.4,38.9,6-7-4-4,4,498,-1
2025/12/24,浦和,11,クリスマスイヴ特別Ａ２下,1500,ダ,左,重,曇,12,1,1,プリンセスアリー,牝,4,55.0,435,3,七夕裕,鹿沼和,,5,1:35.7,39.0,5-5-7-6,11,435,3
2025/12/24,浦和,11,クリスマスイヴ特別Ａ２下,1500,ダ,左,重,曇,12,6,7,タイムモーメント,セ,0,57.0,492,3,本橋孝,川島一,,6,1:35.7,38.3,11-11-12-10,8,492,3
2025/12/24,浦和,11,クリスマスイヴ特別Ａ２下,1500,ダ,左,重,曇,12,8,11,スイフトランナー,セ,0,55.0,524,-8,岡村健,佐藤太,,7,1:35.9,38.9,8-10-10-8,10,524,-8
2025/12/24,浦和,11,クリスマスイヴ特別Ａ２下,1500,ダ,左,重,曇,12,5,5,エリンアキレウス,牡,5,55.0,554,2,町田直,入口由,,8,1:36.2,39.3,9-8-8-11,1,554,2
2025/12/24,浦和,11,クリスマスイヴ特別Ａ２下,1500,ダ,左,重,曇,12,5,6,リョウタスペシャル,牡,5,55.0,449,1,福原杏,小澤宏,,9,1:36.2,39.7,7-6-6-7,6,449,1
2025/12/24,浦和,11,クリスマスイヴ特別Ａ２下,1500,ダ,左,重,曇,12,3,3,アムクラージュ,セ,0,57.0,517,1,山中悠,藤原智,,10,1:36.3,39.3,10-9-9-9,12,517,1
2025/12/24,浦和,11,クリスマスイヴ特別Ａ２下,1500,ダ,左,重,曇,12,7,9,トノパー,牡,5,57.0,514,2,本田重,小久智,,11,1:36.4,40.2,4-4-3-5,3,514,2
2025/12/24,浦和,11,クリスマスイヴ特別Ａ２下,1500,ダ,左,重,曇,12,2,2,グレートジャーニー,牡,5,57.0,487,2,野畑凌,小久智,,12,1:36.8,39.4,12-12-11-12,7,487,2
2025/12/24,浦和,12,聖夜特別Ｂ２Ｂ３選抜馬,2000,ダ,左,重,雨,12,7,10,リジン,牡,6,57.0,500,4,本田重,水野貴,,1,2:10.0,38.7,2-2-2-2,1,500,4
2025/12/24,浦和,12,聖夜特別Ｂ２Ｂ３選抜馬,2000,ダ,左,重,雨,12,8,11,グーヴェルナイユ,牡,4,57.0,474,1,澤田龍,森泰斗,,2,2:10.0,37.0,6-7-5-3,3,474,1
2025/12/24,浦和,12,聖夜特別Ｂ２Ｂ３選抜馬,2000,ダ,左,重,雨,12,2,2,パイロビーム,牡,4,57.0,472,13,福原杏,小久智,,3,2:10.2,39.2,1-1-1-1,2,472,13
2025/12/24,浦和,12,聖夜特別Ｂ２Ｂ３選抜馬,2000,ダ,左,重,雨,12,3,3,クレシューズ,牡,5,55.0,446,10,本橋孝,稲益貴,,4,2:11.6,38.2,9-8-8-6,4,446,10
2025/12/24,浦和,12,聖夜特別Ｂ２Ｂ３選抜馬,2000,ダ,左,重,雨,12,8,12,スピンディエゴール,牡,3,55.0,519,10,町田直,繁田健,,5,2:11.9,40.2,3-3-3-4,6,519,10
2025/12/24,浦和,12,聖夜特別Ｂ２Ｂ３選抜馬,2000,ダ,左,重,雨,12,5,6,ロイヤルザップ,牡,6,57.0,502,2,張田昂,宇野博,,6,2:11.9,39.3,7-6-6-5,8,502,2
2025/12/24,浦和,12,聖夜特別Ｂ２Ｂ３選抜馬,2000,ダ,左,重,雨,12,5,5,メイショウクラーク,セ,0,55.0,452,2,野畑凌,宇野博,,7,2:12.2,38.5,11-10-10-8,9,452,2
2025/12/24,浦和,12,聖夜特別Ｂ２Ｂ３選抜馬,2000,ダ,左,重,雨,12,6,7,エーヴベリー,牝,5,55.0,503,1,吉留孝,平山真,,8,2:13.0,39.5,10-9-9-9,12,503,1
2025/12/24,浦和,12,聖夜特別Ｂ２Ｂ３選抜馬,2000,ダ,左,重,雨,12,4,4,リュウノアン,牝,6,55.0,467,4,保園翔,野口寛,,9,2:13.6,41.5,4-4-4-7,5,467,4
2025/12/24,浦和,12,聖夜特別Ｂ２Ｂ３選抜馬,2000,ダ,左,重,雨,12,6,8,フォートウィリアム,セ,0,55.0,525,11,室陽一,吉田正,,10,2:13.8,39.5,12-12-12-11,11,525,11
2025/12/24,浦和,12,聖夜特別Ｂ２Ｂ３選抜馬,2000,ダ,左,重,雨,12,7,9,ルナフォルトゥーナ,牡,3,55.0,470,1,岡村健,藤原智,,11,2:13.8,40.1,8-11-11-10,10,470,1
2025/12/24,浦和,12,聖夜特別Ｂ２Ｂ３選抜馬,2000,ダ,左,重,雨,12,1,1,アイスキング,セ,0,55.0,481,-6,山中悠,田中力,,12,2:16.3,43.8,5-5-7-12,7,481,-6
2025/12/25,浦和,1,３歳三,1300,ダ,左,重,曇,11,7,8,ランボー,セ,0,56.0,465,11,福原杏,野口寛,,1,1:23.8,38.0,6-6-3-1,1,465,11
2025/12/25,浦和,1,３歳三,1300,ダ,左,重,曇,11,6,6,アシレ,牝,3,52.0,428,0,中山遥,酒井一,,2,1:24.2,39.0,2-2-2-2,3,428,0
2025/12/25,浦和,1,３歳三,1300,ダ,左,重,曇,11,5,5,キタノアンシェル,牝,3,54.0,439,9,町田直,入口由,,3,1:24.5,39.1,3-3-4-3,2,439,9
2025/12/25,浦和,1,３歳三,1300,ダ,左,重,曇,11,2,2,タカイチアスコット,牝,3,54.0,469,5,篠谷葵,薮口一,,4,1:25.3,39.5,5-4-5-5,4,469,5
2025/12/25,浦和,1,３歳三,1300,ダ,左,重,曇,11,3,3,カルストンブランド,牝,3,54.0,442,8,加藤和,入口由,,5,1:26.0,39.4,9-7-7-7,10,442,8
2025/12/25,浦和,1,３歳三,1300,ダ,左,重,曇,11,7,9,リオンノワール,牡,3,56.0,444,-1,半澤慶,平山真,,6,1:26.2,41.4,1-1-1-4,7,444,-1
2025/12/25,浦和,1,３歳三,1300,ダ,左,重,曇,11,8,10,イエスユイキャン,牝,3,54.0,432,4,岡田大,薮口一,,7,1:26.4,38.8,8-9-8-8,6,432,4
2025/12/25,浦和,1,３歳三,1300,ダ,左,重,曇,11,8,11,ゴールドアメリカン,牡,3,56.0,471,5,高橋哲,野口孝,,8,1:26.8,41.0,4-5-6-6,11,471,5
2025/12/25,浦和,1,３歳三,1300,ダ,左,重,曇,11,4,4,アヤサンムギタ,牡,3,56.0,475,-7,小野楓,野口寛,,9,1:27.3,39.6,10-10-9-10,9,475,-7
2025/12/25,浦和,1,３歳三,1300,ダ,左,重,曇,11,6,7,リームシュトローア,牡,3,56.0,461,-6,秋元耕,酒井一,,10,1:27.3,39.7,7-8-10-9,8,461,-6
2025/12/25,浦和,1,３歳三,1300,ダ,左,重,曇,11,1,1,タカイチユミ,牝,3,54.0,0,0,吉留孝,薮口一,,11,1:29.6,39.7,11-11-11-11,5,0,0
2025/12/25,浦和,2,特選Ｃ３二 三,1400,ダ,左,重,曇,11,6,6,トワイライトドレス,牝,6,54.0,499,12,室陽一,宇野博,,1,1:32.1,40.4,5-5-5-2,1,499,12
2025/12/25,浦和,2,特選Ｃ３二 三,1400,ダ,左,重,曇,11,8,10,アンタゴニスタ,牡,6,56.0,494,4,藤江渉,工藤伸,,2,1:32.3,41.1,2-2-1-1,4,494,4
2025/12/25,浦和,2,特選Ｃ３二 三,1400,ダ,左,重,曇,11,4,4,ジョーカイ,牝,7,54.0,493,28,櫻井光,小久智,,3,1:32.6,41.2,3-3-3-3,2,493,28
2025/12/25,浦和,2,特選Ｃ３二 三,1400,ダ,左,重,曇,11,6,7,マッシュブライト,牝,7,54.0,499,-7,見越彬,酒井一,,4,1:32.6,40.5,9-9-8-5,8,499,-7
2025/12/25,浦和,2,特選Ｃ３二 三,1400,ダ,左,重,曇,11,5,5,プリンセスダーク,牝,6,54.0,477,1,仲野光,玉井等,,5,1:32.6,40.7,6-8-6-6,7,477,1
2025/12/25,浦和,2,特選Ｃ３二 三,1400,ダ,左,重,曇,11,7,8,タイシタモンダロ,牡,6,56.0,510,2,保園翔,川村守,,6,1:32.8,40.4,10-10-10-9,5,510,2
2025/12/25,浦和,2,特選Ｃ３二 三,1400,ダ,左,重,曇,11,1,1,マルノアンナ,牝,6,52.0,449,0,中山遥,川村守,,7,1:33.3,42.1,1-1-2-4,3,449,0
2025/12/25,浦和,2,特選Ｃ３二 三,1400,ダ,左,重,曇,11,3,3,クラダイリン,牝,5,52.0,523,4,中島良,長谷忍,,8,1:33.6,41.2,11-11-9-8,9,523,4
2025/12/25,浦和,2,特選Ｃ３二 三,1400,ダ,左,重,曇,11,2,2,シェナリオン,牡,5,56.0,467,1,國分祐,冨田敏,,9,1:33.6,42.0,4-4-4-7,11,467,1
2025/12/25,浦和,2,特選Ｃ３二 三,1400,ダ,左,重,曇,11,8,11,サンライズテソロ,牡,7,56.0,476,-2,半澤慶,川島豊,,10,1:33.9,42.0,7-6-7-10,6,476,-2
2025/12/25,浦和,2,特選Ｃ３二 三,1400,ダ,左,重,曇,11,7,9,シェナカレン,牡,5,56.0,463,-6,赤津和,冨田敏,,11,1:34.2,42.0,8-7-11-11,10,463,-6
2025/12/25,浦和,3,２歳六,1400,ダ,左,重,曇,12,8,11,ゴールドライン,牡,2,55.0,508,7,高橋哲,鹿沼和,,1,1:32.5,41.4,4-5-2-1,3,508,7
2025/12/25,浦和,3,２歳六,1400,ダ,左,重,曇,12,1,1,シンメファブル,牡,2,55.0,500,18,小野楓,野口孝,,2,1:32.9,41.7,5-3-4-3,1,500,18
2025/12/25,浦和,3,２歳六,1400,ダ,左,重,曇,12,6,8,メイジョウスター,牝,2,54.0,443,-2,加藤和,酒井一,,3,1:33.8,42.8,1-1-1-2,9,443,-2
2025/12/25,浦和,3,２歳六,1400,ダ,左,重,曇,12,5,6,エトランジュパワー,牡,2,54.0,495,44,及川烈,小林真,,4,1:34.4,43.3,2-2-3-4,4,495,44
2025/12/25,浦和,3,２歳六,1400,ダ,左,重,曇,12,2,2,ドドドドドカーン,牡,2,55.0,477,5,見越彬,小林真,,5,1:34.6,42.0,8-6-6-5,7,477,5
2025/12/25,浦和,3,２歳六,1400,ダ,左,重,曇,12,6,7,スパンキーウェーブ,牝,2,54.0,452,-11,野畑凌,小久智,,6,1:34.8,43.4,3-4-5-6,2,452,-11
2025/12/25,浦和,3,２歳六,1400,ダ,左,重,曇,12,3,3,レンアイジョウジュ,牝,2,54.0,460,-3,岡村健,藤原智,,7,1:35.1,42.1,9-9-7-7,6,460,-3
2025/12/25,浦和,3,２歳六,1400,ダ,左,重,曇,12,4,4,ニコニコニコル,牝,2,52.0,394,-11,中山遥,小林真,,8,1:36.4,43.4,7-8-8-8,5,394,-11
2025/12/25,浦和,3,２歳六,1400,ダ,左,重,曇,12,7,10,アルティスゼファー,牡,2,55.0,436,-4,秋元耕,薮口一,,9,1:36.8,42.2,11-10-11-10,10,436,-4
2025/12/25,浦和,3,２歳六,1400,ダ,左,重,曇,12,7,9,スマイルセレブ,牝,2,54.0,432,-2,七夕裕,小林真,,10,1:37.0,44.1,6-7-9-9,11,432,-2
2025/12/25,浦和,3,２歳六,1400,ダ,左,重,曇,12,5,5,シュウスイミラクル,牝,2,52.0,390,-9,中島良,入口由,,11,1:38.5,43.9,10-11-10-11,12,390,-9
2025/12/25,浦和,3,２歳六,1400,ダ,左,重,曇,12,8,12,ヤマトマル,牡,2,55.0,472,-5,福原杏,水野貴,,12,1:43.5,47.5,12-12-12-12,8,472,-5
2025/12/25,浦和,4,特選Ｃ３二 三,1500,ダ,左,重,曇,10,2,2,フルーツパフェ,牝,6,54.0,487,1,野畑凌,齊藤敏,,1,1:40.3,40.9,1-1-1-1,1,487,1
2025/12/25,浦和,4,特選Ｃ３二 三,1500,ダ,左,重,曇,10,8,10,グレースミューズ,牝,6,54.0,450,-4,高橋哲,薮口一,,2,1:40.5,41.1,5-3-3-3,10,450,-4
2025/12/25,浦和,4,特選Ｃ３二 三,1500,ダ,左,重,曇,10,7,8,ナリタアンビション,牝,5,54.0,414,-7,七夕裕,川島豊,,3,1:40.5,40.2,7-7-6-6,5,414,-7
2025/12/25,浦和,4,特選Ｃ３二 三,1500,ダ,左,重,曇,10,5,5,アモフリューゲル,牝,5,54.0,457,4,岡村健,藤原智,,4,1:40.6,40.7,3-5-5-4,6,457,4
2025/12/25,浦和,4,特選Ｃ３二 三,1500,ダ,左,重,曇,10,6,6,オリズジーニー,牡,4,56.0,513,0,室陽一,宇野博,,5,1:40.6,39.9,8-8-8-7,2,513,0
2025/12/25,浦和,4,特選Ｃ３二 三,1500,ダ,左,重,曇,10,8,9,タイムレスブルーム,牡,4,56.0,498,-1,福原杏,宇野博,,6,1:40.7,41.3,2-2-2-2,3,498,-1
2025/12/25,浦和,4,特選Ｃ３二 三,1500,ダ,左,重,曇,10,7,7,グレル,牝,7,54.0,462,5,赤津和,川村守,,7,1:41.3,41.6,4-4-4-5,8,462,5
2025/12/25,浦和,4,特選Ｃ３二 三,1500,ダ,左,重,曇,10,4,4,ニシノテンカフブ,牡,5,56.0,465,-1,吉留孝,吉田正,,8,1:41.6,40.8,9-10-10-8,7,465,-1
2025/12/25,浦和,4,特選Ｃ３二 三,1500,ダ,左,重,曇,10,1,1,ドーバーファルコン,セ,0,56.0,468,2,櫻井光,海馬司,,9,1:42.3,41.5,10-9-9-10,9,468,2
2025/12/25,浦和,4,特選Ｃ３二 三,1500,ダ,左,重,曇,10,3,3,ビクエスト,牡,6,56.0,475,3,篠谷葵,矢内博,,10,1:43.0,42.7,6-6-7-9,4,475,3
2025/12/25,浦和,5,そうだ！東松山にいこっか！賞Ｃ２Ｃ３選抜,800,ダ,左,重,曇,11,6,7,エスシーボニー,牝,3,55.0,429,-1,七夕裕,工藤伸,,1,0:49.1,36.7,1-1,1,429,-1
2025/12/25,浦和,5,そうだ！東松山にいこっか！賞Ｃ２Ｃ３選抜,800,ダ,左,重,曇,11,6,6,プチビーンズ,牝,3,53.0,451,-2,中山遥,水上直,,2,0:49.4,36.9,4-2,3,451,-2
2025/12/25,浦和,5,そうだ！東松山にいこっか！賞Ｃ２Ｃ３選抜,800,ダ,左,重,曇,11,2,2,ニシノリピート,牝,4,55.0,461,6,國分祐,冨田敏,,3,0:49.8,36.3,8-5,4,461,6
2025/12/25,浦和,5,そうだ！東松山にいこっか！賞Ｃ２Ｃ３選抜,800,ダ,左,重,曇,11,8,11,ラインフェルネ,牝,3,55.0,440,-5,小野楓,野口孝,,4,0:50.0,36.9,6-4,6,440,-5
2025/12/25,浦和,5,そうだ！東松山にいこっか！賞Ｃ２Ｃ３選抜,800,ダ,左,重,曇,11,7,9,プリンセスパリー,牝,4,55.0,432,3,高橋哲,鈴木勝,,5,0:50.1,37.6,2-3,5,432,3
2025/12/25,浦和,5,そうだ！東松山にいこっか！賞Ｃ２Ｃ３選抜,800,ダ,左,重,曇,11,1,1,レモンスフレ,牝,4,51.0,430,1,中島良,鈴木勝,,6,0:50.3,37.2,7-8,9,430,1
2025/12/25,浦和,5,そうだ！東松山にいこっか！賞Ｃ２Ｃ３選抜,800,ダ,左,重,曇,11,4,4,アマゴ,牝,6,53.0,475,3,保園翔,箕輪武,,7,0:50.4,36.9,9-9,7,475,3
2025/12/25,浦和,5,そうだ！東松山にいこっか！賞Ｃ２Ｃ３選抜,800,ダ,左,重,曇,11,5,5,リバーフロント,牝,3,55.0,436,7,山中悠,藤原智,,8,0:50.5,38.0,5-6,8,436,7
2025/12/25,浦和,5,そうだ！東松山にいこっか！賞Ｃ２Ｃ３選抜,800,ダ,左,重,曇,11,3,3,ダンストンムート,牝,5,55.0,459,0,見越彬,野口孝,,9,0:50.5,38.0,3-7,2,459,0
2025/12/25,浦和,5,そうだ！東松山にいこっか！賞Ｃ２Ｃ３選抜,800,ダ,左,重,曇,11,7,8,シンキングセンティ,牝,6,55.0,465,-2,岡田大,川村守,,,,,,,465,-2
2025/12/25,浦和,5,そうだ！東松山にいこっか！賞Ｃ２Ｃ３選抜,800,ダ,左,重,曇,11,8,10,ツヴァイカンプ,牝,4,55.0,439,26,篠谷葵,海馬司,,,,,,,439,26
2025/12/25,浦和,6,クライマックスリレーｉｎ浦和賞Ｃ２選抜馬,800,ダ,左,重,曇,12,2,2,メーネフロタント,牝,5,54.0,480,-1,見越彬,小林真,,1,0:48.4,36.2,1-1,2,480,-1
2025/12/25,浦和,6,クライマックスリレーｉｎ浦和賞Ｃ２選抜馬,800,ダ,左,重,曇,12,4,4,ランウェイクイーン,牝,4,54.0,457,-2,新原周,小澤宏,,2,0:48.5,35.9,5-2,3,457,-2
2025/12/25,浦和,6,クライマックスリレーｉｎ浦和賞Ｃ２選抜馬,800,ダ,左,重,曇,12,6,8,クリノウィリアム,牡,3,56.0,469,0,櫻井光,水上直,,3,0:48.6,35.5,9-6,7,469,0
2025/12/25,浦和,6,クライマックスリレーｉｎ浦和賞Ｃ２選抜馬,800,ダ,左,重,曇,12,7,10,アルパインハット,牝,3,54.0,438,3,小野楓,川村守,,4,0:48.8,36.4,3-4,8,438,3
2025/12/25,浦和,6,クライマックスリレーｉｎ浦和賞Ｃ２選抜馬,800,ダ,左,重,曇,12,3,3,ロングビーチ,牝,4,54.0,415,1,山中悠,藤原智,,5,0:49.1,36.0,10-10,1,415,1
2025/12/25,浦和,6,クライマックスリレーｉｎ浦和賞Ｃ２選抜馬,800,ダ,左,重,曇,12,5,5,ルージュルージュ,牝,4,54.0,473,0,室陽一,長谷忍,,6,0:49.2,36.9,2-3,4,473,0
2025/12/25,浦和,6,クライマックスリレーｉｎ浦和賞Ｃ２選抜馬,800,ダ,左,重,曇,12,5,6,ベアビー,牝,4,52.0,481,-5,中島良,川島豊,,7,0:49.2,36.6,6-5,11,481,-5
2025/12/25,浦和,6,クライマックスリレーｉｎ浦和賞Ｃ２選抜馬,800,ダ,左,重,曇,12,8,12,ニシノソレガシ,セ,0,56.0,529,-7,國分祐,冨田敏,,8,0:49.3,36.4,8-8,10,529,-7
2025/12/25,浦和,6,クライマックスリレーｉｎ浦和賞Ｃ２選抜馬,800,ダ,左,重,曇,12,6,7,コンバットスピカ,牝,3,52.0,462,-1,中山遥,工藤伸,,9,0:49.6,36.9,7-9,5,462,-1
2025/12/25,浦和,6,クライマックスリレーｉｎ浦和賞Ｃ２選抜馬,800,ダ,左,重,曇,12,7,9,アースメロディ,牝,4,54.0,499,3,七夕裕,箕輪武,,10,0:49.9,37.2,4-7,6,499,3
2025/12/25,浦和,6,クライマックスリレーｉｎ浦和賞Ｃ２選抜馬,800,ダ,左,重,曇,12,8,11,ブルドッグガール,牝,3,54.0,439,11,加藤和,薮口一,,11,0:50.0,36.9,11-11,12,439,11
2025/12/25,浦和,6,クライマックスリレーｉｎ浦和賞Ｃ２選抜馬,800,ダ,左,重,曇,12,1,1,リュウノツカイ,牝,3,54.0,512,11,福原杏,野口孝,,12,0:51.5,36.8,12-12,9,512,11
2025/12/25,浦和,7,川幅日本一！鴻巣賞Ｃ１三,1400,ダ,左,重,曇,13,3,3,ジャスパージェット,牡,6,56.0,518,8,小野楓,水野貴,,1,1:29.7,38.8,5-6-6-4,1,518,8
2025/12/25,浦和,7,川幅日本一！鴻巣賞Ｃ１三,1400,ダ,左,重,曇,13,8,12,ビールボーイ,牡,3,56.0,445,4,笠野雄,平山真,,2,1:29.8,38.5,8-7-7-3,4,445,4
2025/12/25,浦和,7,川幅日本一！鴻巣賞Ｃ１三,1400,ダ,左,重,曇,13,6,9,ダイバヤタガラス,セ,0,56.0,457,-1,赤津和,箕輪武,,3,1:30.0,39.3,7-5-3-2,6,457,-1
2025/12/25,浦和,7,川幅日本一！鴻巣賞Ｃ１三,1400,ダ,左,重,曇,13,4,4,ラグーンプリンセス,牝,4,54.0,460,-2,山中悠,箕輪武,,4,1:30.5,38.3,12-11-12-11,13,460,-2
2025/12/25,浦和,7,川幅日本一！鴻巣賞Ｃ１三,1400,ダ,左,重,曇,13,6,8,アンジェマリーナ,牝,4,54.0,425,-4,七夕裕,川島豊,,5,1:30.6,39.2,10-9-8-6,11,425,-4
2025/12/25,浦和,7,川幅日本一！鴻巣賞Ｃ１三,1400,ダ,左,重,曇,13,8,13,ケイアイマゴラ,セ,0,56.0,467,-3,篠谷葵,海馬司,,6,1:30.7,39.4,6-8-9-7,7,467,-3
2025/12/25,浦和,7,川幅日本一！鴻巣賞Ｃ１三,1400,ダ,左,重,曇,13,2,2,タキチャンゴー,牝,6,54.0,486,0,室陽一,小久智,,7,1:30.7,40.6,1-1-1-1,8,486,0
2025/12/25,浦和,7,川幅日本一！鴻巣賞Ｃ１三,1400,ダ,左,重,曇,13,5,7,ベネディット,牝,3,55.0,476,1,見越彬,小久智,,8,1:30.7,39.1,9-10-10-8,2,476,1
2025/12/25,浦和,7,川幅日本一！鴻巣賞Ｃ１三,1400,ダ,左,重,曇,13,7,11,メイショウポルポ,牡,8,56.0,453,6,張田昂,玉井昇,,9,1:30.9,38.7,13-13-11-10,9,453,6
2025/12/25,浦和,7,川幅日本一！鴻巣賞Ｃ１三,1400,ダ,左,重,曇,13,5,6,ガロス,牡,3,56.0,462,-9,秋元耕,小澤宏,,10,1:31.0,40.7,4-3-2-5,3,462,-9
2025/12/25,浦和,7,川幅日本一！鴻巣賞Ｃ１三,1400,ダ,左,重,曇,13,1,1,バトルホッパー,牡,6,56.0,492,6,澤田龍,横山保,,11,1:31.2,38.8,11-12-13-12,10,492,6
2025/12/25,浦和,7,川幅日本一！鴻巣賞Ｃ１三,1400,ダ,左,重,曇,13,4,5,キャンディブーケ,牝,3,54.0,434,-7,野畑凌,工藤伸,,12,1:32.7,42.0,3-4-4-9,5,434,-7
2025/12/25,浦和,7,川幅日本一！鴻巣賞Ｃ１三,1400,ダ,左,重,曇,13,7,10,クラパッション,牝,3,54.0,490,3,岡村健,藤原智,,13,1:33.1,42.6,2-2-5-13,12,490,3
2025/12/25,浦和,8,若鷹特別２歳一,1400,ダ,左,重,曇,10,4,4,モコパンチ,牡,2,56.0,466,-4,秋元耕,矢野義,,1,1:30.1,38.2,10-6-3-2,3,466,-4
2025/12/25,浦和,8,若鷹特別２歳一,1400,ダ,左,重,曇,10,7,7,スペースセイラー,牝,2,54.0,465,-6,山中悠,新井清,,2,1:30.4,38.8,1-1-1-1,2,465,-6
2025/12/25,浦和,8,若鷹特別２歳一,1400,ダ,左,重,曇,10,8,10,ティーズセラフ,牝,2,54.0,490,-4,小野楓,水野貴,,3,1:30.6,38.8,3-3-2-3,4,490,-4
2025/12/25,浦和,8,若鷹特別２歳一,1400,ダ,左,重,曇,10,5,5,カラフルロケット,牝,2,52.0,409,8,中山遥,藤原智,,4,1:31.5,38.9,9-8-10-7,8,409,8
2025/12/25,浦和,8,若鷹特別２歳一,1400,ダ,左,重,曇,10,6,6,ストゥディア,牡,2,55.0,504,7,町田直,矢野義,,5,1:31.9,39.8,4-5-7-5,6,504,7
2025/12/25,浦和,8,若鷹特別２歳一,1400,ダ,左,重,曇,10,8,9,スルーザミル,牝,2,54.0,454,2,保園翔,野口寛,,6,1:32.8,40.2,8-10-8-8,5,454,2
2025/12/25,浦和,8,若鷹特別２歳一,1400,ダ,左,重,曇,10,2,2,ジオパークラブ,牝,2,54.0,456,-6,濱田達,川島一,,7,1:32.8,40.5,6-7-6-6,10,456,-6
2025/12/25,浦和,8,若鷹特別２歳一,1400,ダ,左,重,曇,10,1,1,ハニーマスタード,牝,2,54.0,457,5,七夕裕,工藤伸,,8,1:33.2,41.3,5-4-4-4,7,457,5
2025/12/25,浦和,8,若鷹特別２歳一,1400,ダ,左,重,曇,10,3,3,ヴァルヴァラ,牝,2,54.0,424,-2,岡村健,平山真,,9,1:33.9,41.3,7-9-9-9,9,424,-2
2025/12/25,浦和,8,若鷹特別２歳一,1400,ダ,左,重,曇,10,7,8,デュオメーデス,牡,2,55.0,566,-30,野畑凌,小久智,,10,1:36.4,44.5,2-2-5-10,1,566,-30
2025/12/25,浦和,9,ポインセチア特別Ｃ１四Ｃ２一,1500,ダ,左,重,曇,12,5,5,インピッシュ,牝,3,53.0,463,-3,町田直,繁田健,,1,1:36.9,40.6,2-2-2-2,2,463,-3
2025/12/25,浦和,9,ポインセチア特別Ｃ１四Ｃ２一,1500,ダ,左,重,曇,12,1,1,アンブレラダンス,牝,5,53.0,465,0,岡村健,平山真,,2,1:37.0,39.7,6-6-4-3,5,465,0
2025/12/25,浦和,9,ポインセチア特別Ｃ１四Ｃ２一,1500,ダ,左,重,曇,12,7,9,サンズ,牡,3,57.0,511,-6,野畑凌,小久智,,3,1:37.5,41.2,1-1-1-1,1,511,-6
2025/12/25,浦和,9,ポインセチア特別Ｃ１四Ｃ２一,1500,ダ,左,重,曇,12,4,4,ラグーンリバティ,牝,3,53.0,436,-2,山中悠,箕輪武,,4,1:37.6,39.5,7-7-7-6,9,436,-2
2025/12/25,浦和,9,ポインセチア特別Ｃ１四Ｃ２一,1500,ダ,左,重,曇,12,8,12,ヒシルリアン,牡,5,55.0,514,5,岡田大,川島豊,,5,1:38.3,40.0,10-10-8-7,11,514,5
2025/12/25,浦和,9,ポインセチア特別Ｃ１四Ｃ２一,1500,ダ,左,重,曇,12,6,8,ワンダーリーグ,牡,3,55.0,509,4,赤津和,鈴木勝,,6,1:38.4,39.5,12-12-11-8,7,509,4
2025/12/25,浦和,9,ポインセチア特別Ｃ１四Ｃ２一,1500,ダ,左,重,曇,12,6,7,ラブリーモンスター,牡,3,57.0,479,1,櫻井光,海馬司,,7,1:38.5,39.4,11-11-12-11,8,479,1
2025/12/25,浦和,9,ポインセチア特別Ｃ１四Ｃ２一,1500,ダ,左,重,曇,12,8,11,アデラパフューム,牝,5,55.0,476,0,保園翔,水上直,,8,1:38.8,41.5,4-4-5-5,3,476,0
2025/12/25,浦和,9,ポインセチア特別Ｃ１四Ｃ２一,1500,ダ,左,重,曇,12,5,6,ニシノウール,牡,5,57.0,469,-6,國分祐,冨田敏,,9,1:39.1,40.6,9-8-10-10,10,469,-6
2025/12/25,浦和,9,ポインセチア特別Ｃ１四Ｃ２一,1500,ダ,左,重,曇,12,2,2,ブレストサンダー,牡,5,57.0,497,-2,福原杏,箕輪武,,10,1:39.3,42.8,3-3-3-4,4,497,-2
2025/12/25,浦和,9,ポインセチア特別Ｃ１四Ｃ２一,1500,ダ,左,重,曇,12,7,10,ラブラブバゴバゴ,牝,4,53.0,504,0,藤江渉,酒井一,,11,1:39.8,42.3,5-5-6-9,12,504,0
2025/12/25,浦和,9,ポインセチア特別Ｃ１四Ｃ２一,1500,ダ,左,重,曇,12,3,3,アデリーヌ,牝,5,55.0,436,16,半澤慶,工藤伸,,12,1:40.8,42.3,8-9-9-12,6,436,16
2025/12/25,浦和,10,サンタクロース特別Ｂ２Ｂ３選抜馬選抜馬ア,800,ダ,左,重,曇,11,8,10,スモークフレイバー,牡,4,57.0,492,2,野畑凌,繁田健,,1,0:46.4,34.7,1-1,3,492,2
2025/12/25,浦和,10,サンタクロース特別Ｂ２Ｂ３選抜馬選抜馬ア,800,ダ,左,重,曇,11,8,11,サノノレインボー,牝,4,55.0,470,-4,見越彬,川島豊,,2,0:47.8,35.9,2-2,1,470,-4
2025/12/25,浦和,10,サンタクロース特別Ｂ２Ｂ３選抜馬選抜馬ア,800,ダ,左,重,曇,11,3,3,オーソレリカ,牝,4,55.0,445,-5,福原杏,水野貴,,3,0:47.9,35.8,3-3,2,445,-5
2025/12/25,浦和,10,サンタクロース特別Ｂ２Ｂ３選抜馬選抜馬ア,800,ダ,左,重,曇,11,7,9,ダンシングクライ,牝,5,53.0,497,3,岡村健,藤原智,,4,0:48.4,36.2,5-5,6,497,3
2025/12/25,浦和,10,サンタクロース特別Ｂ２Ｂ３選抜馬選抜馬ア,800,ダ,左,重,曇,11,4,4,ユウノワンワン,牝,4,53.0,427,1,木間龍,酒井一,,5,0:48.4,35.9,7-8,8,427,1
2025/12/25,浦和,10,サンタクロース特別Ｂ２Ｂ３選抜馬選抜馬ア,800,ダ,左,重,曇,11,2,2,ハクアイゴジロー,牡,7,53.0,551,-3,中島良,横山保,,6,0:48.4,35.6,9-7,9,551,-3
2025/12/25,浦和,10,サンタクロース特別Ｂ２Ｂ３選抜馬選抜馬ア,800,ダ,左,重,曇,11,7,8,シェナノパリオ,牡,3,55.0,492,22,吉留孝,冨田敏,,7,0:48.5,35.9,8-9,7,492,22
2025/12/25,浦和,10,サンタクロース特別Ｂ２Ｂ３選抜馬選抜馬ア,800,ダ,左,重,曇,11,5,5,ウルトラワールド,牡,5,54.0,476,2,及川烈,鹿沼和,,8,0:48.5,36.4,4-4,4,476,2
2025/12/25,浦和,10,サンタクロース特別Ｂ２Ｂ３選抜馬選抜馬ア,800,ダ,左,重,曇,11,6,7,ペイシャカレン,牝,6,55.0,450,3,櫻井光,水上直,,9,0:48.8,36.4,6-6,5,450,3
2025/12/25,浦和,10,サンタクロース特別Ｂ２Ｂ３選抜馬選抜馬ア,800,ダ,左,重,曇,11,1,1,シウラグランデ,牝,6,53.0,478,4,七夕裕,川村守,,10,0:49.3,36.4,10-10,10,478,4
2025/12/25,浦和,10,サンタクロース特別Ｂ２Ｂ３選抜馬選抜馬ア,800,ダ,左,重,曇,11,6,6,リブートパワー,牡,4,55.0,0,0,加藤和,薮口一,,,,,,,0,0
2025/12/25,浦和,11,メリークリスマス特別Ｂ３一,1400,ダ,左,重,雨,13,7,10,マロンシャンテリー,牡,4,56.0,470,6,赤津和,工藤伸,,1,1:29.1,38.9,5-5-3-1,5,470,6
2025/12/25,浦和,11,メリークリスマス特別Ｂ３一,1400,ダ,左,重,雨,13,2,2,ザロック,セ,0,56.0,495,-4,町田直,矢野義,,2,1:29.5,38.7,11-11-9-4,3,495,-4
2025/12/25,浦和,11,メリークリスマス特別Ｂ３一,1400,ダ,左,重,雨,13,3,3,クマノコ,牝,3,54.0,461,-4,張田昂,宇野博,,3,1:30.1,39.7,6-6-6-3,6,461,-4
2025/12/25,浦和,11,メリークリスマス特別Ｂ３一,1400,ダ,左,重,雨,13,1,1,スマッシュスルー,セ,0,56.0,553,-2,福原杏,米谷康,,4,1:30.2,39.5,9-9-10-8,4,553,-2
2025/12/25,浦和,11,メリークリスマス特別Ｂ３一,1400,ダ,左,重,雨,13,6,8,バンボリーナ,牝,3,54.0,454,-2,小杉亮,玉井昇,,5,1:30.4,39.4,7-10-11-10,9,454,-2
2025/12/25,浦和,11,メリークリスマス特別Ｂ３一,1400,ダ,左,重,雨,13,5,7,ミラクルランバック,牡,6,56.0,527,4,山中悠,藤原智,,6,1:30.4,39.9,8-7-8-6,8,527,4
2025/12/25,浦和,11,メリークリスマス特別Ｂ３一,1400,ダ,左,重,雨,13,5,6,ナイトロ,牡,4,56.0,570,15,保園翔,林正人,,7,1:30.8,40.3,10-8-7-9,11,570,15
2025/12/25,浦和,11,メリークリスマス特別Ｂ３一,1400,ダ,左,重,雨,13,7,11,ゴールドソニック,牡,4,56.0,516,5,半澤慶,鹿沼和,,8,1:30.8,40.9,4-4-4-5,7,516,5
2025/12/25,浦和,11,メリークリスマス特別Ｂ３一,1400,ダ,左,重,雨,13,8,13,ココモローズ,牝,4,52.0,434,10,中山遥,藤原智,,9,1:31.0,41.7,2-1-2-2,1,434,10
2025/12/25,浦和,11,メリークリスマス特別Ｂ３一,1400,ダ,左,重,雨,13,6,9,リュウノアスラーム,牝,5,54.0,490,-1,野澤憲,齊藤敏,,10,1:31.3,39.5,12-12-12-12,12,490,-1
2025/12/25,浦和,11,メリークリスマス特別Ｂ３一,1400,ダ,左,重,雨,13,4,4,ヒテン,牝,4,54.0,491,-6,見越彬,小久智,,11,1:31.7,42.4,1-2-1-7,2,491,-6
2025/12/25,浦和,11,メリークリスマス特別Ｂ３一,1400,ダ,左,重,雨,13,8,12,ファットドラゴン,牡,4,56.0,466,2,仲野光,渋谷博,,12,1:32.2,42.2,3-3-5-11,10,466,2
2025/12/25,浦和,11,メリークリスマス特別Ｂ３一,1400,ダ,左,重,雨,13,4,5,ラジエル,牝,6,54.0,0,0,野畑凌,水野貴,,,,,,,0,0
2025/12/25,浦和,12,ファイナルドリーム特別Ｃ１選抜馬ア,2000,ダ,左,重,雨,12,7,9,レッドゲート,牝,4,54.0,415,-2,福原杏,水上直,,1,2:14.3,39.2,6-4-2-1,3,415,-2
2025/12/25,浦和,12,ファイナルドリーム特別Ｃ１選抜馬ア,2000,ダ,左,重,雨,12,6,8,フリューゲルクー,牡,3,56.0,453,4,櫻井光,小久智,,2,2:14.7,39.7,2-1-1-2,1,453,4
2025/12/25,浦和,12,ファイナルドリーム特別Ｃ１選抜馬ア,2000,ダ,左,重,雨,12,8,11,ビーチガール,牝,5,54.0,457,-5,町田直,小林真,,3,2:15.2,39.7,10-8-4-3,2,457,-5
2025/12/25,浦和,12,ファイナルドリーム特別Ｃ１選抜馬ア,2000,ダ,左,重,雨,12,6,7,ロードアスタリスク,牡,5,56.0,497,-1,室陽一,吉田正,,4,2:15.2,39.4,7-9-8-5,7,497,-1
2025/12/25,浦和,12,ファイナルドリーム特別Ｃ１選抜馬ア,2000,ダ,左,重,雨,12,5,5,オランジー,牝,5,54.0,435,0,篠谷葵,薮口一,,5,2:15.3,39.2,12-12-9-8,10,435,0
2025/12/25,浦和,12,ファイナルドリーム特別Ｃ１選抜馬ア,2000,ダ,左,重,雨,12,7,10,ダイヤクリスタル,牝,4,54.0,424,3,加藤和,入口由,,6,2:15.3,39.9,4-5-5-4,4,424,3
2025/12/25,浦和,12,ファイナルドリーム特別Ｃ１選抜馬ア,2000,ダ,左,重,雨,12,5,6,ココリアイランド,牡,5,56.0,458,-2,笠野雄,工藤伸,,7,2:15.8,40.4,5-6-7-7,6,458,-2
2025/12/25,浦和,12,ファイナルドリーム特別Ｃ１選抜馬ア,2000,ダ,左,重,雨,12,4,4,ソルテア,牡,5,56.0,474,1,野畑凌,水野貴,,8,2:16.1,40.8,8-7-3-6,8,474,1
2025/12/25,浦和,12,ファイナルドリーム特別Ｃ１選抜馬ア,2000,ダ,左,重,雨,12,1,1,コスモパンドラ,牝,6,54.0,467,0,七夕裕,箕輪武,,9,2:16.3,40.3,11-10-10-10,11,467,0
2025/12/25,浦和,12,ファイナルドリーム特別Ｃ１選抜馬ア,2000,ダ,左,重,雨,12,8,12,ライコウノヒカリ,牡,5,56.0,446,-2,小野楓,鈴木勝,,10,2:16.6,41.3,3-3-6-9,5,446,-2
2025/12/25,浦和,12,ファイナルドリーム特別Ｃ１選抜馬ア,2000,ダ,左,重,雨,12,3,3,アニモ,牝,4,54.0,432,9,見越彬,川島豊,,11,2:17.1,41.1,9-11-11-11,12,432,9
2025/12/25,浦和,12,ファイナルドリーム特別Ｃ１選抜馬ア,2000,ダ,左,重,雨,12,2,2,エーススパークル,牡,6,55.0,497,12,及川烈,小澤宏,,12,2:19.7,44.0,1-2-12-12,9,497,12
