race_date,venue,race_no,race_name,distance,surface,direction,track_cond,weather,field_size,waku,horse_no,horse_name,sex,age,weight_carried,horse_weight,weight_change,jockey,trainer,win_odds,finish_position,finish_time,last_3f,passage_rate,popularity,result_weight,result_weight_change
2022/01/10,船橋,1,Ｃ３ ４歳未出走未受賞,1200,ダ,左,稍重,曇,6,4,4,プロディジーバイオ,牡,4,56.5,497,-2,笹川翼,新井清,,1,1:18.0,39.7,2-2-2,3,497,-2
2022/01/10,船橋,1,Ｃ３ ４歳未出走未受賞,1200,ダ,左,稍重,曇,6,3,3,キープファイト,牡,4,56.5,0,0,和田譲,稲益貴,,2,1:18.0,39.8,1-1-1,2,0,0
2022/01/10,船橋,1,Ｃ３ ４歳未出走未受賞,1200,ダ,左,稍重,曇,6,6,6,モッツアン,牡,4,56.5,487,-6,小杉亮,矢内博,,3,1:18.5,39.6,5-5-5,1,487,-6
2022/01/10,船橋,1,Ｃ３ ４歳未出走未受賞,1200,ダ,左,稍重,曇,6,2,2,グアパ,牝,4,54.5,501,-12,仲野光,山下之,,4,1:19.7,41.1,3-3-3,5,501,-12
2022/01/10,船橋,1,Ｃ３ ４歳未出走未受賞,1200,ダ,左,稍重,曇,6,5,5,ランプーン,牡,4,56.5,0,0,野澤憲,山田信,,5,1:19.7,41.1,4-4-4,4,0,0
2022/01/10,船橋,1,Ｃ３ ４歳未出走未受賞,1200,ダ,左,稍重,曇,6,1,1,シュウエットカズ,牡,4,56.5,0,0,西村栄,矢内博,,,,,,,0,0
2022/01/10,船橋,2,３歳八,1200,ダ,左,稍重,曇,9,4,4,サティスファイ,牡,3,56.5,457,8,澤田龍,坂本昇,,1,1:17.7,39.6,2-1-2,1,457,8
2022/01/10,船橋,2,３歳八,1200,ダ,左,稍重,曇,9,3,3,レッドアンドブルー,牝,3,54.5,438,-12,和田譲,伊藤滋,,2,1:19.1,40.4,5-5-5,2,438,-12
2022/01/10,船橋,2,３歳八,1200,ダ,左,稍重,曇,9,1,1,ミキノケショウバコ,牝,3,54.5,472,-1,秋元耕,平山真,,3,1:19.8,41.7,1-2-1,7,472,-1
2022/01/10,船橋,2,３歳八,1200,ダ,左,稍重,曇,9,2,2,フォーカスナチュレ,セ,0,56.5,432,0,小杉亮,矢内博,,4,1:19.9,40.2,9-9-9,5,432,0
2022/01/10,船橋,2,３歳八,1200,ダ,左,稍重,曇,9,8,8,アイノハリケーン,牡,3,56.5,467,5,山口達,阿井正,,5,1:20.0,41.8,4-3-3,8,467,5
2022/01/10,船橋,2,３歳八,1200,ダ,左,稍重,曇,9,8,9,リュウノウィー,牝,3,54.5,473,-1,福原杏,齊藤敏,,6,1:20.2,41.8,3-4-4,3,473,-1
2022/01/10,船橋,2,３歳八,1200,ダ,左,稍重,曇,9,7,7,バジガクフローレス,牡,3,56.5,399,-5,臼井健,山中尊,,7,1:20.5,41.2,7-8-8,4,399,-5
2022/01/10,船橋,2,３歳八,1200,ダ,左,稍重,曇,9,6,6,ワンタイム,牝,3,54.5,413,-10,西村栄,玉井勝,,8,1:20.9,41.8,6-7-7,9,413,-10
2022/01/10,船橋,2,３歳八,1200,ダ,左,稍重,曇,9,5,5,ユカリン,牡,3,56.5,479,14,濱田達,伊藤滋,,9,1:21.2,42.3,8-6-6,6,479,14
2022/01/10,船橋,3,Ｃ３七 八,1200,ダ,左,稍重,曇,12,6,8,ペイシャムスビ,牝,4,54.5,496,16,張田昂,張田京,,1,1:16.0,38.7,5-5-5,1,496,16
2022/01/10,船橋,3,Ｃ３七 八,1200,ダ,左,稍重,曇,12,3,3,フェーバーラッシュ,牡,4,56.5,499,-1,笹川翼,山下之,,2,1:16.0,37.7,11-10-10,2,499,-1
2022/01/10,船橋,3,Ｃ３七 八,1200,ダ,左,稍重,曇,12,1,1,ベルベストエバー,牡,4,56.5,502,-5,矢野貴,川島一,,3,1:16.5,39.2,6-4-2,3,502,-5
2022/01/10,船橋,3,Ｃ３七 八,1200,ダ,左,稍重,曇,12,4,4,リュウノスターダム,牡,8,57.5,496,2,福原杏,齊藤敏,,4,1:16.9,39.4,7-7-8,7,496,2
2022/01/10,船橋,3,Ｃ３七 八,1200,ダ,左,稍重,曇,12,5,5,ゲツレンカ,牝,4,54.5,442,-5,町田直,齊藤敏,,5,1:17.4,40.1,4-6-6,5,442,-5
2022/01/10,船橋,3,Ｃ３七 八,1200,ダ,左,稍重,曇,12,8,12,ネオエンジェル,牝,6,54.5,433,-1,岡田大,冨田敏,,6,1:17.6,39.9,8-8-9,12,433,-1
2022/01/10,船橋,3,Ｃ３七 八,1200,ダ,左,稍重,曇,12,7,9,アルファルージュ,牝,8,54.5,473,5,庄司大,石井勝,,7,1:17.7,38.7,12-12-12,10,473,5
2022/01/10,船橋,3,Ｃ３七 八,1200,ダ,左,稍重,曇,12,7,10,ジョージバローズ,セ,0,56.5,483,7,左海誠,林正人,,8,1:18.1,40.2,10-9-7,6,483,7
2022/01/10,船橋,3,Ｃ３七 八,1200,ダ,左,稍重,曇,12,5,6,ビドウ,牝,7,50.5,420,-3,神尾香,渋谷博,,9,1:18.4,39.8,9-11-11,9,420,-3
2022/01/10,船橋,3,Ｃ３七 八,1200,ダ,左,稍重,曇,12,2,2,ゴールドパラダイス,牝,6,54.5,529,5,山口達,林正人,,10,1:18.6,41.7,1-1-1,4,529,5
2022/01/10,船橋,3,Ｃ３七 八,1200,ダ,左,稍重,曇,12,6,7,ユイアンデービス,牝,4,54.5,441,-4,山崎誠,玉井昇,,11,1:19.5,42.4,2-2-3,11,441,-4
2022/01/10,船橋,3,Ｃ３七 八,1200,ダ,左,稍重,曇,12,8,11,チェリーブロード,牝,4,54.5,395,-22,川島正,渋谷博,,12,1:19.5,42.3,3-3-4,8,395,-22
2022/01/10,船橋,4,Ｃ３七 八,1500,ダ,左,稍重,曇,9,8,8,ハイドアンドシーク,牡,4,56.5,549,8,森泰斗,山中尊,,1,1:38.5,39.3,5-3-3-2,1,549,8
2022/01/10,船橋,4,Ｃ３七 八,1500,ダ,左,稍重,曇,9,7,7,エメラルストロング,牝,7,54.5,457,4,本橋孝,石井勝,,2,1:38.8,39.0,6-6-6-6,6,457,4
2022/01/10,船橋,4,Ｃ３七 八,1500,ダ,左,稍重,曇,9,4,4,ブラウンザウバー,牡,4,56.5,476,-4,矢野貴,岡林光,,3,1:39.0,39.6,4-5-4-4,2,476,-4
2022/01/10,船橋,4,Ｃ３七 八,1500,ダ,左,稍重,曇,9,6,6,ティトローネ,牡,7,56.5,512,2,岡村健,岡林光,,4,1:39.2,40.2,1-1-1-1,3,512,2
2022/01/10,船橋,4,Ｃ３七 八,1500,ダ,左,稍重,曇,9,3,3,ラストプラム,牝,7,54.5,439,0,岡村裕,今井輝,,5,1:39.9,39.9,9-9-8-7,5,439,0
2022/01/10,船橋,4,Ｃ３七 八,1500,ダ,左,稍重,曇,9,2,2,アルコンシチー,牡,5,55.5,458,-5,七夕裕,箕輪武,,6,1:40.3,40.0,7-7-9-9,4,458,-5
2022/01/10,船橋,4,Ｃ３七 八,1500,ダ,左,稍重,曇,9,8,9,モエレレジェンド,牡,6,56.5,481,1,濱田達,齊藤敏,,7,1:40.3,41.2,2-2-2-3,7,481,1
2022/01/10,船橋,4,Ｃ３七 八,1500,ダ,左,稍重,曇,9,5,5,ジャンティーユ,牝,8,51.5,451,0,木間龍,渋谷博,,8,1:40.6,40.6,8-8-7-8,9,451,0
2022/01/10,船橋,4,Ｃ３七 八,1500,ダ,左,稍重,曇,9,1,1,ゴッドデサフィオ,牡,4,56.5,452,1,臼井健,凾館一,,9,1:40.6,41.0,3-4-5-5,8,452,1
2022/01/10,船橋,5,Ｃ２三 四,1500,ダ,左,稍重,曇,12,7,10,ビギナーズラック,牡,7,56.5,506,1,澤田龍,凾館一,,1,1:36.9,38.2,11-11-11-9,7,506,1
2022/01/10,船橋,5,Ｃ２三 四,1500,ダ,左,稍重,曇,12,3,3,ジョイガナール,牡,4,56.5,518,-4,小杉亮,矢野義,,2,1:37.0,39.4,4-4-4-4,6,518,-4
2022/01/10,船橋,5,Ｃ２三 四,1500,ダ,左,稍重,曇,12,6,8,クイックワーカー,セ,0,56.5,476,-3,笹川翼,川島一,,3,1:37.1,40.1,2-2-2-1,2,476,-3
2022/01/10,船橋,5,Ｃ２三 四,1500,ダ,左,稍重,曇,12,8,12,フロントフリップ,牡,5,56.5,526,5,石崎駿,米谷康,,4,1:37.3,40.1,3-3-3-3,5,526,5
2022/01/10,船橋,5,Ｃ２三 四,1500,ダ,左,稍重,曇,12,7,9,フルミント,牝,5,54.5,501,6,森泰斗,米谷康,,5,1:37.4,39.0,9-9-8-8,4,501,6
2022/01/10,船橋,5,Ｃ２三 四,1500,ダ,左,稍重,曇,12,2,2,トリニタリアニズム,牡,4,56.5,526,2,川島正,山田信,,6,1:37.9,39.8,8-7-7-6,8,526,2
2022/01/10,船橋,5,Ｃ２三 四,1500,ダ,左,稍重,曇,12,5,5,イポラニ,牝,4,54.5,494,1,張田昂,張田京,,7,1:38.0,40.3,5-5-5-5,1,494,1
2022/01/10,船橋,5,Ｃ２三 四,1500,ダ,左,稍重,曇,12,5,6,ガレア,牡,4,56.5,480,2,藤本現,佐々功,,8,1:38.1,39.2,12-12-12-11,9,480,2
2022/01/10,船橋,5,Ｃ２三 四,1500,ダ,左,稍重,曇,12,4,4,インザホッパー,牡,4,56.5,476,-9,山崎誠,山本学,,9,1:38.2,39.7,7-8-9-10,10,476,-9
2022/01/10,船橋,5,Ｃ２三 四,1500,ダ,左,稍重,曇,12,6,7,ヒラボククイーン,牝,5,54.5,465,11,岡村健,渋谷博,,10,1:39.0,40.4,10-10-10-12,12,465,11
2022/01/10,船橋,5,Ｃ２三 四,1500,ダ,左,稍重,曇,12,8,11,キタノマンゲツ,牡,4,56.5,453,5,臼井健,山中尊,,11,1:39.0,41.2,6-6-6-7,11,453,5
2022/01/10,船橋,5,Ｃ２三 四,1500,ダ,左,稍重,曇,12,1,1,コニャックダイヤ,牝,4,54.5,463,25,矢野貴,新井清,,12,1:39.9,43.0,1-1-1-2,3,463,25
2022/01/10,船橋,6,Ｃ２三 四,1200,ダ,左,稍重,曇,12,6,7,アチェロイス,牝,5,54.5,447,-2,笹川翼,岡林光,,1,1:14.7,38.0,2-2-2,1,447,-2
2022/01/10,船橋,6,Ｃ２三 四,1200,ダ,左,稍重,曇,12,5,5,ネージュフレーズ,牝,7,54.5,446,-3,左海誠,渡邊貴,,2,1:15.0,38.5,1-1-1,4,446,-3
2022/01/10,船橋,6,Ｃ２三 四,1200,ダ,左,稍重,曇,12,6,8,ラッキーユー,セ,0,56.5,479,4,矢野貴,山田信,,3,1:15.7,38.9,3-3-3,2,479,4
2022/01/10,船橋,6,Ｃ２三 四,1200,ダ,左,稍重,曇,12,8,11,フォースウィズユー,牝,4,53.5,542,1,篠谷葵,山田信,,4,1:15.8,38.7,6-6-5,5,542,1
2022/01/10,船橋,6,Ｃ２三 四,1200,ダ,左,稍重,曇,12,4,4,ハルバルキタゼ,セ,0,56.5,447,3,本橋孝,稲益貴,,5,1:15.9,38.1,11-10-9,9,447,3
2022/01/10,船橋,6,Ｃ２三 四,1200,ダ,左,稍重,曇,12,7,10,サダムシオイノモリ,牡,6,56.5,518,3,森泰斗,稲益貴,,6,1:15.9,38.8,9-8-7,3,518,3
2022/01/10,船橋,6,Ｃ２三 四,1200,ダ,左,稍重,曇,12,5,6,サンライズブルーム,牡,4,56.5,476,0,山林信,田邊陽,,7,1:16.2,39.1,7-7-8,8,476,0
2022/01/10,船橋,6,Ｃ２三 四,1200,ダ,左,稍重,曇,12,3,3,マーメイドソング,牝,4,54.5,452,-10,藤本現,伊藤滋,,8,1:16.3,38.8,8-9-10,10,452,-10
2022/01/10,船橋,6,Ｃ２三 四,1200,ダ,左,稍重,曇,12,2,2,マメニーニャ,牝,4,54.5,403,-9,橋本直,平山真,,9,1:16.4,38.2,10-11-11,11,403,-9
2022/01/10,船橋,6,Ｃ２三 四,1200,ダ,左,稍重,曇,12,8,12,ツキマデトドケ,牡,5,56.5,518,3,山中悠,伊藤滋,,10,1:16.6,39.6,5-4-6,7,518,3
2022/01/10,船橋,6,Ｃ２三 四,1200,ダ,左,稍重,曇,12,1,1,オープンワールド,牡,4,56.5,501,-2,山崎誠,渡邊貴,,11,1:17.3,40.3,4-5-4,6,501,-2
2022/01/10,船橋,6,Ｃ２三 四,1200,ダ,左,稍重,曇,12,7,9,ラヴィテスミラノ,牡,4,56.5,489,6,柿本量,宮下靖,,12,1:18.5,39.9,12-12-12,12,489,6
2022/01/10,船橋,7,Ｃ１四 五,1200,ダ,左,稍重,曇,11,8,10,モズハッピーロード,牡,4,55.5,505,1,七夕裕,平山真,,1,1:14.8,37.1,7-8-8,5,505,1
2022/01/10,船橋,7,Ｃ１四 五,1200,ダ,左,稍重,曇,11,4,4,カールスバート,牡,4,56.5,474,8,森泰斗,齊藤敏,,2,1:14.8,37.8,3-3-3,4,474,8
2022/01/10,船橋,7,Ｃ１四 五,1200,ダ,左,稍重,曇,11,7,9,ハクサンクラーケン,牡,4,56.5,469,6,野澤憲,森　始,,3,1:14.8,38.1,2-2-2,3,469,6
2022/01/10,船橋,7,Ｃ１四 五,1200,ダ,左,稍重,曇,11,3,3,ララティーナ,牝,4,54.5,431,-1,本田重,山下之,,4,1:15.2,37.9,6-5-6,2,431,-1
2022/01/10,船橋,7,Ｃ１四 五,1200,ダ,左,稍重,曇,11,5,5,ヴァーユ,牡,5,56.5,506,5,山口達,林正人,,5,1:15.5,38.2,8-6-5,1,506,5
2022/01/10,船橋,7,Ｃ１四 五,1200,ダ,左,稍重,曇,11,6,7,ベガスストリップ,牝,4,54.5,431,11,笹川翼,佐藤太,,6,1:15.9,38.8,4-4-4,7,431,11
2022/01/10,船橋,7,Ｃ１四 五,1200,ダ,左,稍重,曇,11,6,6,ダイヤモンドバイオ,牝,5,54.5,460,-3,田中力,岡林光,,7,1:16.0,37.9,9-9-9,8,460,-3
2022/01/10,船橋,7,Ｃ１四 五,1200,ダ,左,稍重,曇,11,7,8,スプリングイズヒア,牝,4,54.5,463,8,張田昂,岡林光,,8,1:16.3,39.8,1-1-1,6,463,8
2022/01/10,船橋,7,Ｃ１四 五,1200,ダ,左,稍重,曇,11,1,1,コンチアルテミシア,牝,4,54.5,472,0,達城龍,栗田裕,,9,1:16.5,38.2,11-10-10,9,472,0
2022/01/10,船橋,7,Ｃ１四 五,1200,ダ,左,稍重,曇,11,2,2,ニシノカムイ,牡,4,56.5,471,-1,高橋利,新井清,,10,1:17.1,39.6,5-7-7,10,471,-1
2022/01/10,船橋,7,Ｃ１四 五,1200,ダ,左,稍重,曇,11,8,11,フォーリボス,セ,0,56.5,505,3,阪上忠,岩本洋,,11,1:17.1,38.2,10-11-11,11,505,3
2022/01/10,船橋,8,馬い！江戸前千葉飯塚店Ｃ１四 五,1500,ダ,左,稍重,曇,12,8,11,オートヴィル,牡,7,56.5,527,0,和田譲,林　幻,,1,1:36.5,38.4,3-3-3-2,3,527,0
2022/01/10,船橋,8,馬い！江戸前千葉飯塚店Ｃ１四 五,1500,ダ,左,稍重,曇,12,5,6,マテラガニア,牝,4,54.5,481,3,野澤憲,矢野義,,2,1:36.6,38.3,5-6-5-3,1,481,3
2022/01/10,船橋,8,馬い！江戸前千葉飯塚店Ｃ１四 五,1500,ダ,左,稍重,曇,12,3,3,ナヴィリオ,牡,4,56.5,473,0,森泰斗,米谷康,,3,1:37.1,39.1,2-2-2-1,2,473,0
2022/01/10,船橋,8,馬い！江戸前千葉飯塚店Ｃ１四 五,1500,ダ,左,稍重,曇,12,4,4,キタノサブライム,牡,4,56.5,517,4,張田昂,張田京,,4,1:37.3,39.0,6-5-6-6,8,517,4
2022/01/10,船橋,8,馬い！江戸前千葉飯塚店Ｃ１四 五,1500,ダ,左,稍重,曇,12,1,1,タケショウワンダー,牡,4,56.5,510,-2,山崎誠,山本学,,5,1:37.4,39.1,4-4-4-5,5,510,-2
2022/01/10,船橋,8,馬い！江戸前千葉飯塚店Ｃ１四 五,1500,ダ,左,稍重,曇,12,7,9,ジュエルケイヴ,牝,4,54.5,461,3,矢野貴,齊藤敏,,6,1:37.5,38.6,9-9-10-8,4,461,3
2022/01/10,船橋,8,馬い！江戸前千葉飯塚店Ｃ１四 五,1500,ダ,左,稍重,曇,12,7,10,ナリノオルフェ,牡,5,55.5,455,-1,篠谷葵,岡林光,,7,1:38.6,39.7,11-11-11-10,7,455,-1
2022/01/10,船橋,8,馬い！江戸前千葉飯塚店Ｃ１四 五,1500,ダ,左,稍重,曇,12,6,7,ワチルボンズ,牡,4,56.5,445,3,小杉亮,林　幻,,8,1:38.6,40.1,8-8-7-7,11,445,3
2022/01/10,船橋,8,馬い！江戸前千葉飯塚店Ｃ１四 五,1500,ダ,左,稍重,曇,12,2,2,マリノブロッサム,牝,4,54.5,460,2,本橋孝,石井勝,,9,1:38.7,40.7,1-1-1-4,9,460,2
2022/01/10,船橋,8,馬い！江戸前千葉飯塚店Ｃ１四 五,1500,ダ,左,稍重,曇,12,6,8,シャトワイエー,牝,4,51.5,458,5,木間龍,石井勝,,10,1:39.0,40.3,7-7-9-11,10,458,5
2022/01/10,船橋,8,馬い！江戸前千葉飯塚店Ｃ１四 五,1500,ダ,左,稍重,曇,12,8,12,ケリードラゴン,セ,0,56.5,485,1,酒井忍,齊藤敏,,11,1:39.3,40.8,12-10-8-9,6,485,1
2022/01/10,船橋,8,馬い！江戸前千葉飯塚店Ｃ１四 五,1500,ダ,左,稍重,曇,12,5,5,ジャイマオウリボン,牝,4,54.5,454,2,仲野光,伊藤滋,,12,1:39.6,40.4,10-12-12-12,12,454,2
2022/01/10,船橋,9,房総スプリントＢ３選抜馬ア,1200,ダ,左,稍重,曇,12,1,1,ワンモアエフォート,牡,5,56.5,517,7,本橋孝,石井勝,,1,1:14.3,37.4,10-6-5,3,517,7
2022/01/10,船橋,9,房総スプリントＢ３選抜馬ア,1200,ダ,左,稍重,曇,12,5,6,ハリケーンメファ,牝,5,54.5,468,3,山崎誠,山本学,,2,1:14.5,37.9,4-4-4,8,468,3
2022/01/10,船橋,9,房総スプリントＢ３選抜馬ア,1200,ダ,左,稍重,曇,12,2,2,プレイングファイア,牡,6,56.5,457,-3,森泰斗,新井清,,3,1:14.7,38.0,5-5-6,1,457,-3
2022/01/10,船橋,9,房総スプリントＢ３選抜馬ア,1200,ダ,左,稍重,曇,12,3,3,マイミッション,牡,6,56.5,487,4,笠野雄,山中尊,,4,1:14.7,37.6,8-7-7,10,487,4
2022/01/10,船橋,9,房総スプリントＢ３選抜馬ア,1200,ダ,左,稍重,曇,12,6,7,マイシップ,牡,7,56.5,483,8,西村栄,矢野義,,5,1:14.8,37.6,6-8-9,6,483,8
2022/01/10,船橋,9,房総スプリントＢ３選抜馬ア,1200,ダ,左,稍重,曇,12,7,10,アイカプチーノ,牝,4,54.5,491,11,山口達,阿井正,,6,1:15.1,39.2,1-1-1,9,491,11
2022/01/10,船橋,9,房総スプリントＢ３選抜馬ア,1200,ダ,左,稍重,曇,12,7,9,ハッピーホンコン,牡,4,56.5,448,-8,矢野貴,稲益貴,,7,1:15.2,37.8,9-9-8,2,448,-8
2022/01/10,船橋,9,房総スプリントＢ３選抜馬ア,1200,ダ,左,稍重,曇,12,5,5,ミホスローロリス,牝,5,54.5,444,-10,左海誠,新井清,,8,1:15.3,39.0,3-3-3,4,444,-10
2022/01/10,船橋,9,房総スプリントＢ３選抜馬ア,1200,ダ,左,稍重,曇,12,4,4,スマイルチャージ,牝,4,54.5,477,2,笹川翼,川島一,,9,1:15.7,39.5,2-2-2,5,477,2
2022/01/10,船橋,9,房総スプリントＢ３選抜馬ア,1200,ダ,左,稍重,曇,12,6,8,レオワントップ,牡,4,56.5,469,2,岡村健,岡林光,,10,1:15.7,38.1,7-10-10,7,469,2
2022/01/10,船橋,9,房総スプリントＢ３選抜馬ア,1200,ダ,左,稍重,曇,12,8,11,バルコラベーロ,牡,8,52.5,483,1,神尾香,山田正,,11,1:17.1,39.5,11-11-11,11,483,1
2022/01/10,船橋,9,房総スプリントＢ３選抜馬ア,1200,ダ,左,稍重,曇,12,8,12,グロリアスカメオ,牝,6,53.5,0,0,篠谷葵,山下之,,,,,,,0,0
2022/01/10,船橋,10,成田山賞Ｃ２一,1600,ダ,左,稍重,曇,14,6,10,クロヒョウ,牡,6,56.5,512,12,矢野貴,伊藤滋,,1,1:43.4,39.1,3-3-3-3,2,512,12
2022/01/10,船橋,10,成田山賞Ｃ２一,1600,ダ,左,稍重,曇,14,2,2,バルーンドロップ,牡,5,56.5,466,3,山口達,出川克,,2,1:43.7,39.7,1-1-1-1,10,466,3
2022/01/10,船橋,10,成田山賞Ｃ２一,1600,ダ,左,稍重,曇,14,5,8,アブルハウル,セ,0,56.5,503,1,山崎誠,山下之,,3,1:43.9,39.7,2-2-2-2,4,503,1
2022/01/10,船橋,10,成田山賞Ｃ２一,1600,ダ,左,稍重,曇,14,3,4,ペダンクルアーチ,セ,0,56.5,493,-7,本橋孝,山下之,,4,1:44.0,39.2,9-8-8-6,5,493,-7
2022/01/10,船橋,10,成田山賞Ｃ２一,1600,ダ,左,稍重,曇,14,4,6,ハクサントップ,牡,4,56.5,488,5,野澤憲,矢野義,,5,1:44.1,39.3,7-7-7-7,7,488,5
2022/01/10,船橋,10,成田山賞Ｃ２一,1600,ダ,左,稍重,曇,14,7,12,モントカイザー,セ,0,56.5,480,-3,本田重,新井清,,6,1:44.4,39.8,6-5-5-5,1,480,-3
2022/01/10,船橋,10,成田山賞Ｃ２一,1600,ダ,左,稍重,曇,14,3,3,コウシ,セ,0,56.5,479,6,石崎駿,米谷康,,7,1:44.6,39.7,10-10-10-8,6,479,6
2022/01/10,船橋,10,成田山賞Ｃ２一,1600,ダ,左,稍重,曇,14,5,7,ワンダーウノ,セ,0,56.5,500,-5,町田直,稲益貴,,8,1:44.8,38.8,13-13-13-14,11,500,-5
2022/01/10,船橋,10,成田山賞Ｃ２一,1600,ダ,左,稍重,曇,14,1,1,キーラーヴォッヘ,牝,5,54.5,445,-5,笹川翼,新井清,,9,1:45.2,40.8,4-4-4-4,3,445,-5
2022/01/10,船橋,10,成田山賞Ｃ２一,1600,ダ,左,稍重,曇,14,6,9,ノースキセキ,牡,4,56.5,516,4,藤本現,齊藤敏,,10,1:45.4,40.0,12-12-12-10,12,516,4
2022/01/10,船橋,10,成田山賞Ｃ２一,1600,ダ,左,稍重,曇,14,4,5,マルモリラッキー,セ,0,56.5,482,2,實川純,玉井勝,,11,1:45.6,39.6,14-14-14-12,14,482,2
2022/01/10,船橋,10,成田山賞Ｃ２一,1600,ダ,左,稍重,曇,14,8,13,アマデトワール,牝,5,54.5,451,-12,和田譲,高野毅,,12,1:46.4,41.8,5-6-6-9,8,451,-12
2022/01/10,船橋,10,成田山賞Ｃ２一,1600,ダ,左,稍重,曇,14,7,11,ジャックフォンテン,牡,7,56.5,498,-8,張田昂,矢内博,,13,1:46.5,41.6,11-11-9-11,9,498,-8
2022/01/10,船橋,10,成田山賞Ｃ２一,1600,ダ,左,稍重,曇,14,8,14,ハーピーマロン,牝,4,54.5,450,8,笠野雄,武井和,,14,1:48.4,43.2,8-9-11-13,13,450,8
2022/01/10,船橋,11,初夢特別Ｂ２二,1600,ダ,左,稍重,曇,13,3,3,ノットリグレット,牡,4,56.5,459,7,笹川翼,川島一,,1,1:41.7,38.8,7-7-7-6,2,459,7
2022/01/10,船橋,11,初夢特別Ｂ２二,1600,ダ,左,稍重,曇,13,5,7,オークハンプトン,牡,4,56.5,494,8,本田重,藤田輝,,2,1:41.9,39.7,4-3-3-2,5,494,8
2022/01/10,船橋,11,初夢特別Ｂ２二,1600,ダ,左,稍重,曇,13,8,13,トーキョーサバク,牡,6,56.5,517,7,森泰斗,佐藤太,,3,1:41.9,39.3,6-6-5-3,1,517,7
2022/01/10,船橋,11,初夢特別Ｂ２二,1600,ダ,左,稍重,曇,13,5,6,イスモイルテソーロ,牡,6,56.5,494,0,矢野貴,玉井昇,,4,1:42.8,39.3,9-9-10-10,8,494,0
2022/01/10,船橋,11,初夢特別Ｂ２二,1600,ダ,左,稍重,曇,13,6,9,ヨウコウ,牡,6,55.5,482,10,篠谷葵,林正人,,5,1:42.9,40.0,10-10-8-9,12,482,10
2022/01/10,船橋,11,初夢特別Ｂ２二,1600,ダ,左,稍重,曇,13,4,5,グッドヘルスバイオ,牡,6,56.5,495,11,張田昂,新井清,,6,1:43.2,40.1,8-8-9-7,7,495,11
2022/01/10,船橋,11,初夢特別Ｂ２二,1600,ダ,左,稍重,曇,13,4,4,イテザ,牡,5,56.5,491,1,川島正,佐々清,,7,1:43.2,41.2,2-2-2-1,6,491,1
2022/01/10,船橋,11,初夢特別Ｂ２二,1600,ダ,左,稍重,曇,13,7,11,モードフランス,牝,6,54.5,446,-9,本橋孝,山下之,,8,1:43.3,39.2,12-12-11-11,11,446,-9
2022/01/10,船橋,11,初夢特別Ｂ２二,1600,ダ,左,稍重,曇,13,2,2,チャンプタイガー,牡,4,56.5,492,3,御神訓,矢野義,,9,1:43.3,41.0,3-5-4-5,4,492,3
2022/01/10,船橋,11,初夢特別Ｂ２二,1600,ダ,左,稍重,曇,13,7,10,リセット,セ,0,56.5,473,6,庄司大,玉井等,,10,1:44.1,39.4,13-13-13-13,13,473,6
2022/01/10,船橋,11,初夢特別Ｂ２二,1600,ダ,左,稍重,曇,13,6,8,トミケンジョメルト,牡,7,56.5,500,19,小杉亮,矢内博,,11,1:44.5,40.4,11-11-12-12,10,500,19
2022/01/10,船橋,11,初夢特別Ｂ２二,1600,ダ,左,稍重,曇,13,1,1,エミーズロマンス,牝,5,54.5,519,9,町田直,山下之,,12,1:44.8,41.9,5-4-6-8,3,519,9
2022/01/10,船橋,11,初夢特別Ｂ２二,1600,ダ,左,稍重,曇,13,8,12,ラヴァーズインメイ,牝,7,54.5,517,-4,和田譲,伊藤滋,,13,1:45.7,43.7,1-1-1-4,9,517,-4
2022/01/10,船橋,12,船橋Ｊｏｃｋｅｙｓ　ＦｅｓｔｉｖａｌＣ３,1800,ダ,左,稍重,曇,13,8,12,ルフレシャンス,牝,6,54.5,459,5,森泰斗,佐々清,,1,1:58.6,39.7,2-2-1-1,4,459,5
2022/01/10,船橋,12,船橋Ｊｏｃｋｅｙｓ　ＦｅｓｔｉｖａｌＣ３,1800,ダ,左,稍重,曇,13,6,9,アウトオブザブルー,牡,4,56.5,478,2,小杉亮,山中尊,,2,1:58.6,39.5,9-7-2-2,3,478,2
2022/01/10,船橋,12,船橋Ｊｏｃｋｅｙｓ　ＦｅｓｔｉｖａｌＣ３,1800,ダ,左,稍重,曇,13,4,5,ラムダ,牡,4,56.5,482,6,濱田達,平田正,,3,1:59.5,40.3,4-4-3-3,8,482,6
2022/01/10,船橋,12,船橋Ｊｏｃｋｅｙｓ　ＦｅｓｔｉｖａｌＣ３,1800,ダ,左,稍重,曇,13,8,13,エルラティオ,セ,0,56.5,467,5,庄司大,赤嶺本,,4,1:59.5,39.9,6-6-6-5,5,467,5
2022/01/10,船橋,12,船橋Ｊｏｃｋｅｙｓ　ＦｅｓｔｉｖａｌＣ３,1800,ダ,左,稍重,曇,13,4,4,ニシノコウメイ,牡,4,56.5,465,-2,澤田龍,小澤宏,,5,2:00.3,41.1,12-9-4-4,10,465,-2
2022/01/10,船橋,12,船橋Ｊｏｃｋｅｙｓ　ＦｅｓｔｉｖａｌＣ３,1800,ダ,左,稍重,曇,13,3,3,ララサンパティック,牝,5,54.5,490,2,西村栄,高野毅,,6,2:00.4,40.4,8-10-9-6,2,490,2
2022/01/10,船橋,12,船橋Ｊｏｃｋｅｙｓ　ＦｅｓｔｉｖａｌＣ３,1800,ダ,左,稍重,曇,13,5,6,ネクストスクワッド,牡,6,56.5,449,-1,實川純,岡林光,,7,2:00.7,40.9,3-3-8-8,1,449,-1
2022/01/10,船橋,12,船橋Ｊｏｃｋｅｙｓ　ＦｅｓｔｉｖａｌＣ３,1800,ダ,左,稍重,曇,13,7,10,プリュイ,牡,4,56.5,415,8,野澤憲,矢野義,,8,2:01.3,40.5,11-12-13-13,11,415,8
2022/01/10,船橋,12,船橋Ｊｏｃｋｅｙｓ　ＦｅｓｔｉｖａｌＣ３,1800,ダ,左,稍重,曇,13,2,2,ネオマティリアル,牡,5,56.5,468,3,臼井健,小澤宏,,9,2:01.4,41.0,10-11-11-12,7,468,3
2022/01/10,船橋,12,船橋Ｊｏｃｋｅｙｓ　ＦｅｓｔｉｖａｌＣ３,1800,ダ,左,稍重,曇,13,6,8,スズムネ,牡,4,56.5,470,5,柿本量,渋谷博,,10,2:01.5,40.9,13-13-12-11,13,470,5
2022/01/10,船橋,12,船橋Ｊｏｃｋｅｙｓ　ＦｅｓｔｉｖａｌＣ３,1800,ダ,左,稍重,曇,13,1,1,ベルクオーレ,牝,9,54.5,469,5,川島正,佐々功,,11,2:01.8,41.6,7-8-10-10,6,469,5
2022/01/10,船橋,12,船橋Ｊｏｃｋｅｙｓ　ＦｅｓｔｉｖａｌＣ３,1800,ダ,左,稍重,曇,13,5,7,シンジュクマスク,牝,5,54.5,448,6,笠野雄,宮下靖,,12,2:02.4,42.8,5-5-5-7,12,448,6
2022/01/10,船橋,12,船橋Ｊｏｃｋｅｙｓ　ＦｅｓｔｉｖａｌＣ３,1800,ダ,左,稍重,曇,13,7,11,ホッコートトント,セ,0,56.5,486,-13,左海誠,山崎裕,,13,2:03.0,43.2,1-1-7-9,9,486,-13
2022/01/11,船橋,1,３歳七,1200,ダ,左,重,雨,12,8,12,アンビシャスサルー,牡,3,56.5,516,-3,矢野貴,川島一,,1,1:16.1,39.1,3-3-3,1,516,-3
2022/01/11,船橋,1,３歳七,1200,ダ,左,重,雨,12,7,10,アルフィーノ,牝,3,54.5,448,-9,濱田達,川島一,,2,1:16.3,39.6,2-2-2,6,448,-9
2022/01/11,船橋,1,３歳七,1200,ダ,左,重,雨,12,7,9,ピンクオパール,牝,3,54.5,463,-7,笹川翼,新井清,,3,1:16.7,40.0,1-1-1,2,463,-7
2022/01/11,船橋,1,３歳七,1200,ダ,左,重,雨,12,2,2,スターオブモア,牝,3,54.5,370,-1,藤本現,佐々功,,4,1:16.8,39.2,7-6-6,4,370,-1
2022/01/11,船橋,1,３歳七,1200,ダ,左,重,雨,12,6,8,ワールドミカ,牝,3,54.5,449,2,小杉亮,矢野義,,5,1:17.0,39.8,5-4-4,10,449,2
2022/01/11,船橋,1,３歳七,1200,ダ,左,重,雨,12,6,7,ベストパフォマンス,牡,3,56.5,471,8,庄司大,岡林光,,6,1:17.3,38.3,12-11-9,7,471,8
2022/01/11,船橋,1,３歳七,1200,ダ,左,重,雨,12,5,5,キャッスルムーン,牝,3,51.5,402,1,木間龍,渋谷博,,7,1:17.7,39.0,10-10-11,11,402,1
2022/01/11,船橋,1,３歳七,1200,ダ,左,重,雨,12,3,3,アタル,牡,3,56.5,445,-8,半澤慶,工藤伸,,8,1:18.2,40.4,8-7-7,9,445,-8
2022/01/11,船橋,1,３歳七,1200,ダ,左,重,雨,12,8,11,キタダケ,牡,3,56.5,447,4,本橋孝,矢野義,,9,1:18.3,41.0,9-5-5,5,447,4
2022/01/11,船橋,1,３歳七,1200,ダ,左,重,雨,12,5,6,ミラクルジャスミン,牝,3,54.5,434,-14,澤田龍,坂本昇,,10,1:18.4,39.4,11-12-12,3,434,-14
2022/01/11,船橋,1,３歳七,1200,ダ,左,重,雨,12,1,1,オレラノユメ,牝,3,53.5,365,0,七夕裕,酒井一,,11,1:18.8,40.5,6-9-8,12,365,0
2022/01/11,船橋,1,３歳七,1200,ダ,左,重,雨,12,4,4,スターゲルニカ,牡,3,56.5,478,-3,實川純,佐々功,,12,1:21.2,43.3,4-8-10,8,478,-3
2022/01/11,船橋,2,Ｃ３十,1200,ダ,左,重,雨,12,8,11,コングラツィア,牝,6,54.5,445,3,小杉亮,林　幻,,1,1:16.3,39.1,5-4-4,2,445,3
2022/01/11,船橋,2,Ｃ３十,1200,ダ,左,重,雨,12,5,6,グローリーエックス,セ,0,56.5,521,6,山中悠,伊藤滋,,2,1:16.5,39.2,7-8-6,3,521,6
2022/01/11,船橋,2,Ｃ３十,1200,ダ,左,重,雨,12,6,7,プレストマジック,牡,4,56.5,498,5,野澤憲,佐々清,,3,1:17.0,40.0,1-1-1,1,498,5
2022/01/11,船橋,2,Ｃ３十,1200,ダ,左,重,雨,12,5,5,スーパースターマン,牡,4,56.5,498,-2,澤田龍,坂本昇,,4,1:17.4,40.1,9-5-5,7,498,-2
2022/01/11,船橋,2,Ｃ３十,1200,ダ,左,重,雨,12,8,12,プルミエールアンパ,牝,7,54.5,434,-1,仲野光,玉井等,,5,1:17.4,39.7,10-10-10,6,434,-1
2022/01/11,船橋,2,Ｃ３十,1200,ダ,左,重,雨,12,4,4,ミヤコシャンティ,牝,5,54.5,455,3,山口達,林正人,,6,1:17.8,40.5,6-6-7,4,455,3
2022/01/11,船橋,2,Ｃ３十,1200,ダ,左,重,雨,12,7,9,バジガクエブリン,牝,4,54.5,459,19,臼井健,山中尊,,7,1:17.9,40.8,2-2-3,10,459,19
2022/01/11,船橋,2,Ｃ３十,1200,ダ,左,重,雨,12,3,3,オルエン,牝,6,53.5,468,5,七夕裕,川村守,,8,1:18.2,40.3,8-11-11,9,468,5
2022/01/11,船橋,2,Ｃ３十,1200,ダ,左,重,雨,12,1,1,セレスチャルハート,牝,6,54.5,516,-5,西啓太,今井輝,,9,1:18.6,41.3,4-7-8,8,516,-5
2022/01/11,船橋,2,Ｃ３十,1200,ダ,左,重,雨,12,2,2,ドラゴンヴィーナス,牝,5,54.5,401,-1,西村栄,森　始,,10,1:18.8,41.1,11-9-9,11,401,-1
2022/01/11,船橋,2,Ｃ３十,1200,ダ,左,重,雨,12,7,10,ボアヴィスタ,牡,7,56.5,559,19,岡村健,阿井正,,11,1:18.9,41.8,3-3-2,5,559,19
2022/01/11,船橋,2,Ｃ３十,1200,ダ,左,重,雨,12,6,8,ソルダーシップ,牝,8,54.5,440,-1,田中力,森　始,,12,1:19.0,40.1,12-12-12,12,440,-1
2022/01/11,船橋,3,３歳二,1500,ダ,左,重,雨,12,6,8,フロネシス,牝,3,54.5,447,1,町田直,山下之,,1,1:36.6,39.7,3-3-3-3,6,447,1
2022/01/11,船橋,3,３歳二,1500,ダ,左,重,雨,12,1,1,スカーレットピース,牝,3,54.5,450,-7,本田重,山下之,,2,1:36.6,39.7,5-4-4-4,2,450,-7
2022/01/11,船橋,3,３歳二,1500,ダ,左,重,雨,12,3,3,キタノトゥイスト,牝,3,54.5,434,-3,山口達,稲益貴,,3,1:36.9,40.4,1-1-1-1,3,434,-3
2022/01/11,船橋,3,３歳二,1500,ダ,左,重,雨,12,4,4,グレンノハナ,牝,3,54.5,479,-1,山中悠,佐藤太,,4,1:37.1,40.4,2-2-2-2,7,479,-1
2022/01/11,船橋,3,３歳二,1500,ダ,左,重,雨,12,5,5,マドモアゼルランス,牝,3,54.5,428,-1,酒井忍,渋谷博,,5,1:37.1,39.0,11-11-10-10,11,428,-1
2022/01/11,船橋,3,３歳二,1500,ダ,左,重,雨,12,6,7,インプレシオ,牡,3,56.5,452,6,岡村健,山中尊,,6,1:37.2,40.1,6-6-6-5,1,452,6
2022/01/11,船橋,3,３歳二,1500,ダ,左,重,雨,12,7,10,トーケンマンボ,牝,3,54.5,459,-20,山崎誠,山本学,,7,1:37.3,40.0,7-7-7-7,5,459,-20
2022/01/11,船橋,3,３歳二,1500,ダ,左,重,雨,12,8,12,イマスグリッキー,牝,3,51.5,453,-4,木間龍,新井清,,8,1:37.5,39.6,8-8-9-9,10,453,-4
2022/01/11,船橋,3,３歳二,1500,ダ,左,重,雨,12,5,6,マーミンラブ,牝,3,54.5,440,-2,本橋孝,米谷康,,9,1:37.6,39.7,10-9-8-8,8,440,-2
2022/01/11,船橋,3,３歳二,1500,ダ,左,重,雨,12,8,11,メーテル,牝,3,54.5,444,-4,笹川翼,川島一,,10,1:37.7,40.7,4-5-5-6,4,444,-4
2022/01/11,船橋,3,３歳二,1500,ダ,左,重,雨,12,2,2,ハーピーブロッサム,牝,3,54.5,455,2,張田昂,武井和,,11,1:38.5,39.4,12-12-12-11,9,455,2
2022/01/11,船橋,3,３歳二,1500,ダ,左,重,雨,12,7,9,ミルティー,牝,3,53.5,413,2,七夕裕,箕輪武,,12,1:41.5,42.8,9-10-11-12,12,413,2
2022/01/11,船橋,4,Ｃ３五 六,1200,ダ,左,重,雨,10,8,9,センドハーマイラブ,牝,4,54.5,434,-4,矢野貴,山田信,,1,1:15.6,38.1,3-2-2,1,434,-4
2022/01/11,船橋,4,Ｃ３五 六,1200,ダ,左,重,雨,10,8,10,ビービーミューズ,牝,4,54.5,464,-10,岡村健,稲益貴,,2,1:16.3,38.9,1-1-1,7,464,-10
2022/01/11,船橋,4,Ｃ３五 六,1200,ダ,左,重,雨,10,6,6,オーソーラヴリー,牝,6,54.5,443,-10,高橋利,佐藤太,,3,1:16.3,38.6,2-4-4,4,443,-10
2022/01/11,船橋,4,Ｃ３五 六,1200,ダ,左,重,雨,10,4,4,ミチノシチリア,牡,4,56.5,467,0,森泰斗,齊藤敏,,4,1:16.3,38.4,5-5-5,2,467,0
2022/01/11,船橋,4,Ｃ３五 六,1200,ダ,左,重,雨,10,7,8,プレパレンセ,牝,5,54.5,439,-8,山中悠,渡邊貴,,5,1:16.5,38.8,4-3-3,3,439,-8
2022/01/11,船橋,4,Ｃ３五 六,1200,ダ,左,重,雨,10,1,1,ハイエストプレイズ,牝,5,54.5,523,3,左海誠,渡邊貴,,6,1:17.2,38.7,7-6-6,5,523,3
2022/01/11,船橋,4,Ｃ３五 六,1200,ダ,左,重,雨,10,5,5,アイグローリー,セ,0,56.5,485,13,仲野光,阿井正,,7,1:17.2,38.4,6-7-8,6,485,13
2022/01/11,船橋,4,Ｃ３五 六,1200,ダ,左,重,雨,10,2,2,ドラグ,牝,4,54.5,424,-3,藤江渉,牛房榮,,8,1:18.2,39.4,9-8-7,9,424,-3
2022/01/11,船橋,4,Ｃ３五 六,1200,ダ,左,重,雨,10,7,7,リンクスクリスタル,牝,9,54.5,448,12,臼井健,宮下靖,,9,1:19.0,39.4,10-10-9,10,448,12
2022/01/11,船橋,4,Ｃ３五 六,1200,ダ,左,重,雨,10,3,3,ホクセツ,セ,0,56.5,538,-6,秋元耕,柘榴浩,,10,1:19.7,40.3,8-9-10,8,538,-6
2022/01/11,船橋,5,Ｃ３五 六,1500,ダ,左,重,小雨,12,5,6,ボスオンザサンド,牡,5,56.5,517,2,笠野雄,稲益貴,,1,1:37.2,39.8,3-3-3-3,4,517,2
2022/01/11,船橋,5,Ｃ３五 六,1500,ダ,左,重,小雨,12,7,10,ヤギリエピファクン,セ,0,56.5,478,6,本田重,張田京,,2,1:37.4,40.2,2-1-2-2,3,478,6
2022/01/11,船橋,5,Ｃ３五 六,1500,ダ,左,重,小雨,12,3,3,シゲルエリス,牡,5,56.5,482,-6,中越琉,鈴木義,,3,1:37.8,40.4,5-4-4-4,5,482,-6
2022/01/11,船橋,5,Ｃ３五 六,1500,ダ,左,重,小雨,12,7,9,スカイチェイサー,牡,5,56.5,477,3,臼井健,凾館一,,4,1:38.5,40.7,6-7-7-6,9,477,3
2022/01/11,船橋,5,Ｃ３五 六,1500,ダ,左,重,小雨,12,6,8,スタニングビスタ,牝,5,54.5,465,3,張田昂,岡林光,,5,1:38.5,40.9,4-5-5-5,2,465,3
2022/01/11,船橋,5,Ｃ３五 六,1500,ダ,左,重,小雨,12,6,7,ハクサンナデシコ,牝,6,54.5,483,-4,野澤憲,矢野義,,6,1:38.5,40.0,11-11-11-10,7,483,-4
2022/01/11,船橋,5,Ｃ３五 六,1500,ダ,左,重,小雨,12,8,12,シェナノブチ,牡,7,56.5,419,0,岡田大,冨田敏,,7,1:38.6,39.7,12-12-12-12,10,419,0
2022/01/11,船橋,5,Ｃ３五 六,1500,ダ,左,重,小雨,12,2,2,マウナケアシチー,牡,7,56.5,523,2,山口達,林正人,,8,1:38.7,41.7,1-2-1-1,1,523,2
2022/01/11,船橋,5,Ｃ３五 六,1500,ダ,左,重,小雨,12,1,1,タカラビート,牡,8,56.5,467,-1,藤本現,齊藤敏,,9,1:38.9,41.1,8-8-6-7,12,467,-1
2022/01/11,船橋,5,Ｃ３五 六,1500,ダ,左,重,小雨,12,5,5,マドモアゼルエリー,牝,5,54.5,450,3,山中悠,渋谷博,,10,1:39.2,41.1,10-10-10-9,11,450,3
2022/01/11,船橋,5,Ｃ３五 六,1500,ダ,左,重,小雨,12,8,11,セクシオンドール,牝,6,53.5,510,14,篠谷葵,阿井正,,11,1:39.4,41.4,9-9-9-8,6,510,14
2022/01/11,船橋,5,Ｃ３五 六,1500,ダ,左,重,小雨,12,4,4,キャルフ,牝,8,54.5,471,2,笹川翼,新井清,,12,1:41.8,43.8,7-6-8-11,8,471,2
2022/01/11,船橋,6,Ｃ２五 六,1500,ダ,左,重,小雨,12,8,12,アンシミラー,牡,5,56.5,472,-2,吉留孝,薮口一,,1,1:37.6,40.2,5-5-3-3,5,472,-2
2022/01/11,船橋,6,Ｃ２五 六,1500,ダ,左,重,小雨,12,4,4,タマモポラリス,牝,4,54.5,448,9,和田譲,伊藤滋,,2,1:37.7,40.1,4-4-5-4,2,448,9
2022/01/11,船橋,6,Ｃ２五 六,1500,ダ,左,重,小雨,12,1,1,サツキヒューズ,牡,5,56.5,473,-6,矢野貴,坂本昇,,3,1:38.0,40.8,1-1-1-1,3,473,-6
2022/01/11,船橋,6,Ｃ２五 六,1500,ダ,左,重,小雨,12,8,11,アルディートシチー,セ,0,56.5,499,14,左海誠,林正人,,4,1:38.2,40.7,7-6-4-5,1,499,14
2022/01/11,船橋,6,Ｃ２五 六,1500,ダ,左,重,小雨,12,7,9,ゴールドクレスト,牡,5,56.5,488,0,臼井健,宮下靖,,5,1:38.3,40.1,9-9-9-8,4,488,0
2022/01/11,船橋,6,Ｃ２五 六,1500,ダ,左,重,小雨,12,5,6,ブルベアライノ,牡,8,53.5,495,5,木間龍,伊藤滋,,6,1:38.6,40.1,11-12-10-9,7,495,5
2022/01/11,船橋,6,Ｃ２五 六,1500,ダ,左,重,小雨,12,3,3,パークフォンテン,牝,5,54.5,443,4,山口達,波多健,,7,1:38.6,40.1,12-11-11-11,10,443,4
2022/01/11,船橋,6,Ｃ２五 六,1500,ダ,左,重,小雨,12,7,10,プレミアムプリモ,牝,5,54.5,487,5,福原杏,平山真,,8,1:38.7,39.9,10-10-12-12,6,487,5
2022/01/11,船橋,6,Ｃ２五 六,1500,ダ,左,重,小雨,12,2,2,サンサダンサー,牝,5,54.5,469,3,町田直,齊藤敏,,9,1:38.7,41.4,2-2-2-2,8,469,3
2022/01/11,船橋,6,Ｃ２五 六,1500,ダ,左,重,小雨,12,5,5,エグゼクティブリリ,牝,4,54.5,452,-2,藤江渉,山田質,,10,1:38.8,40.8,6-7-7-6,9,452,-2
2022/01/11,船橋,6,Ｃ２五 六,1500,ダ,左,重,小雨,12,6,8,エクセリア,牝,4,54.5,434,-5,秋元耕,小林真,,11,1:39.9,41.9,3-3-6-7,11,434,-5
2022/01/11,船橋,6,Ｃ２五 六,1500,ダ,左,重,小雨,12,6,7,プロスペリティ,牝,6,54.5,463,-5,國分祐,冨田敏,,12,1:40.0,41.8,8-8-8-10,12,463,-5
2022/01/11,船橋,7,馬い！八丈島レモンジャム発売記Ｃ２五 六,1200,ダ,左,重,小雨,12,3,3,レイジングリヴァー,牝,5,54.5,480,6,本田重,新井清,,1,1:14.0,38.6,1-1-1,2,480,6
2022/01/11,船橋,7,馬い！八丈島レモンジャム発売記Ｃ２五 六,1200,ダ,左,重,小雨,12,7,10,アラベスクパンシェ,牝,4,54.5,487,5,野澤憲,佐々清,,2,1:15.1,39.1,2-2-2,4,487,5
2022/01/11,船橋,7,馬い！八丈島レモンジャム発売記Ｃ２五 六,1200,ダ,左,重,小雨,12,7,9,デイスター,牡,5,56.5,458,12,矢野貴,玉井昇,,3,1:15.2,38.7,7-6-5,1,458,12
2022/01/11,船橋,7,馬い！八丈島レモンジャム発売記Ｃ２五 六,1200,ダ,左,重,小雨,12,8,12,ストレートワン,セ,0,56.5,519,3,仲野光,玉井等,,4,1:15.3,38.8,8-7-6,5,519,3
2022/01/11,船橋,7,馬い！八丈島レモンジャム発売記Ｃ２五 六,1200,ダ,左,重,小雨,12,8,11,モルフォ,牝,5,54.5,437,6,和田譲,林　幻,,5,1:15.4,39.0,4-4-4,3,437,6
2022/01/11,船橋,7,馬い！八丈島レモンジャム発売記Ｃ２五 六,1200,ダ,左,重,小雨,12,6,8,ダバイボンバー,牝,4,51.5,518,4,木間龍,坂本昇,,6,1:15.6,37.6,11-11-11,10,518,4
2022/01/11,船橋,7,馬い！八丈島レモンジャム発売記Ｃ２五 六,1200,ダ,左,重,小雨,12,6,7,トミケンリフリーク,牝,5,54.5,453,2,庄司大,玉井昇,,7,1:15.8,39.0,9-8-8,9,453,2
2022/01/11,船橋,7,馬い！八丈島レモンジャム発売記Ｃ２五 六,1200,ダ,左,重,小雨,12,4,4,ジュディスピュア,牝,4,54.5,436,-3,高橋利,矢内博,,8,1:15.9,37.3,12-12-12,12,436,-3
2022/01/11,船橋,7,馬い！八丈島レモンジャム発売記Ｃ２五 六,1200,ダ,左,重,小雨,12,5,6,ヤベゴースイート,牝,4,54.5,433,4,左海誠,渡邊貴,,9,1:16.0,39.8,3-3-3,11,433,4
2022/01/11,船橋,7,馬い！八丈島レモンジャム発売記Ｃ２五 六,1200,ダ,左,重,小雨,12,5,5,ベアートフォラータ,牝,4,54.5,524,2,岡村健,佐藤太,,10,1:16.1,38.7,6-9-9,7,524,2
2022/01/11,船橋,7,馬い！八丈島レモンジャム発売記Ｃ２五 六,1200,ダ,左,重,小雨,12,2,2,ドルチェヴィータ,牝,4,54.5,428,4,安藤洋,米谷康,,11,1:16.2,38.6,10-10-10,6,428,4
2022/01/11,船橋,7,馬い！八丈島レモンジャム発売記Ｃ２五 六,1200,ダ,左,重,小雨,12,1,1,ラスティネイル,牝,4,54.5,449,-7,吉留孝,牛房榮,,12,1:16.8,40.4,5-5-7,8,449,-7
2022/01/11,船橋,8,インテリパワー・メモリアル３歳一,1600,ダ,左,重,小雨,9,7,7,ティーズハクア,牝,3,54.5,501,10,達城龍,山中尊,,1,1:44.3,39.4,3-3-2-2,3,501,10
2022/01/11,船橋,8,インテリパワー・メモリアル３歳一,1600,ダ,左,重,小雨,9,3,3,スカイハリケーン,牡,3,56.5,478,5,森泰斗,米谷康,,2,1:45.0,40.2,1-1-1-1,4,478,5
2022/01/11,船橋,8,インテリパワー・メモリアル３歳一,1600,ダ,左,重,小雨,9,2,2,ピンクプラム,牝,3,55.5,436,5,和田譲,渋谷博,,3,1:45.0,39.8,5-5-5-5,7,436,5
2022/01/11,船橋,8,インテリパワー・メモリアル３歳一,1600,ダ,左,重,小雨,9,1,1,レティクル,牡,3,57.5,454,3,左海誠,林正人,,4,1:45.2,40.2,4-4-4-4,1,454,3
2022/01/11,船橋,8,インテリパワー・メモリアル３歳一,1600,ダ,左,重,小雨,9,6,6,ウインフラッシュ,牡,3,56.5,465,8,藤本現,佐々功,,5,1:45.4,40.0,7-6-6-6,8,465,8
2022/01/11,船橋,8,インテリパワー・メモリアル３歳一,1600,ダ,左,重,小雨,9,8,8,マイジュネス,牡,3,56.5,461,18,川島正,山田信,,6,1:45.4,39.7,8-8-8-8,6,461,18
2022/01/11,船橋,8,インテリパワー・メモリアル３歳一,1600,ダ,左,重,小雨,9,5,5,ベターザンエヴァー,牡,3,56.5,470,6,本橋孝,矢野義,,7,1:45.9,41.0,2-2-3-3,5,470,6
2022/01/11,船橋,8,インテリパワー・メモリアル３歳一,1600,ダ,左,重,小雨,9,4,4,ドリームプリンス,牡,3,56.5,488,5,張田昂,張田京,,8,1:46.7,41.3,6-7-7-7,2,488,5
2022/01/11,船橋,8,インテリパワー・メモリアル３歳一,1600,ダ,左,重,小雨,9,8,9,ラニボーイ,牡,3,56.5,0,0,石崎駿,米谷康,,,,,,,0,0
2022/01/11,船橋,9,睦月スプリントＣ１選抜馬,1200,ダ,左,重,小雨,9,8,9,トゥルーバローズ,セ,0,56.5,490,4,矢野貴,山田信,,1,1:13.7,37.4,1-1-1,1,490,4
2022/01/11,船橋,9,睦月スプリントＣ１選抜馬,1200,ダ,左,重,小雨,9,2,2,トーケンリュウ,牡,4,56.5,497,3,山崎誠,山本学,,2,1:14.0,37.5,2-2-2,2,497,3
2022/01/11,船橋,9,睦月スプリントＣ１選抜馬,1200,ダ,左,重,小雨,9,5,5,カラハリ,セ,0,56.5,419,-1,和田譲,山本学,,3,1:14.6,36.8,7-7-7,6,419,-1
2022/01/11,船橋,9,睦月スプリントＣ１選抜馬,1200,ダ,左,重,小雨,9,7,7,サウンディングベル,牡,8,56.5,466,6,張田昂,林　幻,,4,1:14.7,37.9,3-3-3,8,466,6
2022/01/11,船橋,9,睦月スプリントＣ１選抜馬,1200,ダ,左,重,小雨,9,3,3,モンチ,牡,4,56.5,475,2,笹川翼,山田信,,5,1:14.8,37.6,5-6-6,4,475,2
2022/01/11,船橋,9,睦月スプリントＣ１選抜馬,1200,ダ,左,重,小雨,9,8,8,マナホクレレ,牡,5,56.5,486,-2,森泰斗,齊藤敏,,6,1:14.8,37.7,6-5-4,3,486,-2
2022/01/11,船橋,9,睦月スプリントＣ１選抜馬,1200,ダ,左,重,小雨,9,1,1,タイガースネーク,セ,0,56.5,467,2,野澤憲,矢野義,,7,1:15.5,38.7,4-4-5,5,467,2
2022/01/11,船橋,9,睦月スプリントＣ１選抜馬,1200,ダ,左,重,小雨,9,4,4,クインズベガ,牡,8,56.5,597,15,御神訓,川島一,,8,1:19.6,41.6,8-8-8,7,597,15
2022/01/11,船橋,9,睦月スプリントＣ１選抜馬,1200,ダ,左,重,小雨,9,6,6,リヴェルサス,牡,4,56.5,0,0,笠野雄,山中尊,,,,,,,0,0
2022/01/11,船橋,10,酒々井スプリントＢ３選抜馬イ,1200,ダ,左,重,小雨,12,7,10,マイクハージュ,牡,4,56.5,459,-1,笹川翼,川島一,,1,1:14.4,38.9,6-4-3,2,459,-1
2022/01/11,船橋,10,酒々井スプリントＢ３選抜馬イ,1200,ダ,左,重,小雨,12,3,3,ファントムバレット,牡,7,58.5,522,-1,矢野貴,伊藤滋,,2,1:14.4,39.7,1-1-1,1,522,-1
2022/01/11,船橋,10,酒々井スプリントＢ３選抜馬イ,1200,ダ,左,重,小雨,12,2,2,マッドアイ,牝,7,54.5,457,2,本橋孝,山中尊,,3,1:14.6,37.7,11-10-9,3,457,2
2022/01/11,船橋,10,酒々井スプリントＢ３選抜馬イ,1200,ダ,左,重,小雨,12,8,11,ニッポンダエモン,牡,7,56.5,547,11,森泰斗,新井清,,4,1:14.6,38.6,5-7-8,5,547,11
2022/01/11,船橋,10,酒々井スプリントＢ３選抜馬イ,1200,ダ,左,重,小雨,12,4,4,トミケンゲヌーク,セ,0,56.5,453,7,柿本量,阿井正,,5,1:14.7,37.8,12-11-11,11,453,7
2022/01/11,船橋,10,酒々井スプリントＢ３選抜馬イ,1200,ダ,左,重,小雨,12,6,8,トルマリ,牝,8,54.5,460,-6,町田直,齊藤敏,,6,1:14.8,38.9,8-6-5,6,460,-6
2022/01/11,船橋,10,酒々井スプリントＢ３選抜馬イ,1200,ダ,左,重,小雨,12,7,9,デスヨネ,牡,7,55.5,469,-2,池谷匠,林隆之,,7,1:15.1,39.0,9-8-7,8,469,-2
2022/01/11,船橋,10,酒々井スプリントＢ３選抜馬イ,1200,ダ,左,重,小雨,12,1,1,ケイティーテンリウ,牡,9,55.5,480,3,篠谷葵,岡田一,,8,1:16.1,38.9,10-12-12,12,480,3
2022/01/11,船橋,10,酒々井スプリントＢ３選抜馬イ,1200,ダ,左,重,小雨,12,6,7,ピシュマニエ,牝,5,54.5,492,14,御神訓,米谷康,,9,1:16.2,40.5,4-5-6,4,492,14
2022/01/11,船橋,10,酒々井スプリントＢ３選抜馬イ,1200,ダ,左,重,小雨,12,5,6,ミコノスフレイバー,牡,4,56.5,504,6,笠野雄,稲益貴,,10,1:16.9,41.6,3-3-4,7,504,6
2022/01/11,船橋,10,酒々井スプリントＢ３選抜馬イ,1200,ダ,左,重,小雨,12,8,12,ハヤブサペコムスメ,牝,5,54.5,476,-7,藤江渉,佐藤博,,11,1:17.0,40.5,7-9-10,9,476,-7
2022/01/11,船橋,10,酒々井スプリントＢ３選抜馬イ,1200,ダ,左,重,小雨,12,5,5,オーロリンチェ,牝,7,54.5,514,0,川島正,山田信,,12,1:17.1,42.0,2-2-2,10,514,0
2022/01/11,船橋,11,白富士特別Ｂ２三Ｂ３一,1600,ダ,左,重,小雨,14,6,10,シティーオブスター,牡,6,55.5,511,3,御神訓,岡林光,,1,1:41.6,38.7,7-7-6-5,1,511,3
2022/01/11,船橋,11,白富士特別Ｂ２三Ｂ３一,1600,ダ,左,重,小雨,14,4,5,ゾディアックレーヴ,牡,4,55.5,490,1,本橋孝,矢野義,,2,1:41.8,40.0,1-1-1-1,3,490,1
2022/01/11,船橋,11,白富士特別Ｂ２三Ｂ３一,1600,ダ,左,重,小雨,14,1,1,ヴォーノ,牡,5,57.5,511,7,張田昂,山下之,,3,1:42.1,39.9,5-5-4-3,4,511,7
2022/01/11,船橋,11,白富士特別Ｂ２三Ｂ３一,1600,ダ,左,重,小雨,14,4,6,テイクアターン,牡,4,54.5,507,-3,篠谷葵,山田信,,4,1:42.7,39.2,9-9-9-9,8,507,-3
2022/01/11,船橋,11,白富士特別Ｂ２三Ｂ３一,1600,ダ,左,重,小雨,14,3,3,シュバルツリッター,セ,0,55.5,460,0,森泰斗,小久智,,5,1:42.9,39.7,8-8-8-6,7,460,0
2022/01/11,船橋,11,白富士特別Ｂ２三Ｂ３一,1600,ダ,左,重,小雨,14,5,8,トーセンジーザス,牡,4,55.5,490,13,矢野貴,川島一,,6,1:43.1,41.2,2-2-2-2,2,490,13
2022/01/11,船橋,11,白富士特別Ｂ２三Ｂ３一,1600,ダ,左,重,小雨,14,7,11,フェリスアロー,牡,8,57.5,513,18,左海誠,林正人,,7,1:43.2,39.4,10-11-11-12,12,513,18
2022/01/11,船橋,11,白富士特別Ｂ２三Ｂ３一,1600,ダ,左,重,小雨,14,5,7,トゥモローアンセム,セ,0,57.5,468,6,今野忠,張田京,,8,1:43.4,41.2,3-3-3-4,6,468,6
2022/01/11,船橋,11,白富士特別Ｂ２三Ｂ３一,1600,ダ,左,重,小雨,14,2,2,ロンリーウェイ,牡,6,55.5,491,7,本田重,川島一,,9,1:43.7,40.1,11-10-10-8,9,491,7
2022/01/11,船橋,11,白富士特別Ｂ２三Ｂ３一,1600,ダ,左,重,小雨,14,3,4,ヤギリオーディン,牡,6,55.5,515,0,庄司大,張田京,,10,1:44.3,40.0,12-12-13-13,11,515,0
2022/01/11,船橋,11,白富士特別Ｂ２三Ｂ３一,1600,ダ,左,重,小雨,14,8,13,ホーカスポーカス,牡,7,55.5,433,10,笠野雄,矢内博,,11,1:44.7,40.8,13-13-12-11,10,433,10
2022/01/11,船橋,11,白富士特別Ｂ２三Ｂ３一,1600,ダ,左,重,小雨,14,8,14,トミケンエンデレア,セ,0,55.5,500,9,橋本直,齊藤敏,,12,1:46.1,43.3,6-6-5-7,13,500,9
2022/01/11,船橋,11,白富士特別Ｂ２三Ｂ３一,1600,ダ,左,重,小雨,14,7,12,ベッサメモー,牝,5,53.5,543,9,笹川翼,山田信,,13,1:47.0,44.1,4-4-7-10,5,543,9
2022/01/11,船橋,11,白富士特別Ｂ２三Ｂ３一,1600,ダ,左,重,小雨,14,6,9,シンタロウ,牡,4,57.5,0,0,達城龍,大宮和,,,,,,,0,0
2022/01/11,船橋,12,Ｂｒｉｌｌｉａｎｔ・Ｂｅｌｌ２２Ｂ１Ｂ２,2200,ダ,左,重,小雨,9,1,1,コバルトウィング,セ,0,55.5,511,1,森泰斗,藤田輝,,1,2:23.4,40.7,1-1-1-1,4,511,1
2022/01/11,船橋,12,Ｂｒｉｌｌｉａｎｔ・Ｂｅｌｌ２２Ｂ１Ｂ２,2200,ダ,左,重,小雨,9,3,3,ヒルノバーゼル,牡,6,57.5,482,0,澤田龍,坂本昇,,2,2:23.5,39.9,6-5-4-2,1,482,0
2022/01/11,船橋,12,Ｂｒｉｌｌｉａｎｔ・Ｂｅｌｌ２２Ｂ１Ｂ２,2200,ダ,左,重,小雨,9,4,4,キタサンヴィクター,牡,7,57.5,516,-4,和田譲,稲益貴,,3,2:24.9,41.6,3-3-3-4,3,516,-4
2022/01/11,船橋,12,Ｂｒｉｌｌｉａｎｔ・Ｂｅｌｌ２２Ｂ１Ｂ２,2200,ダ,左,重,小雨,9,8,9,スターライトブルー,牡,8,57.5,509,-4,笹川翼,村上頼,,4,2:25.0,41.9,2-2-2-3,2,509,-4
2022/01/11,船橋,12,Ｂｒｉｌｌｉａｎｔ・Ｂｅｌｌ２２Ｂ１Ｂ２,2200,ダ,左,重,小雨,9,8,8,ホワイトパス,牡,6,55.5,445,-2,町田直,伊藤滋,,5,2:25.4,41.7,4-4-5-6,7,445,-2
2022/01/11,船橋,12,Ｂｒｉｌｌｉａｎｔ・Ｂｅｌｌ２２Ｂ１Ｂ２,2200,ダ,左,重,小雨,9,5,5,オーケストラ,セ,0,57.5,505,10,張田昂,佐藤太,,6,2:25.6,41.6,7-7-7-5,6,505,10
2022/01/11,船橋,12,Ｂｒｉｌｌｉａｎｔ・Ｂｅｌｌ２２Ｂ１Ｂ２,2200,ダ,左,重,小雨,9,7,7,クラトリガー,牡,8,57.5,508,2,野澤憲,矢野義,,7,2:25.8,41.2,9-9-8-8,9,508,2
2022/01/11,船橋,12,Ｂｒｉｌｌｉａｎｔ・Ｂｅｌｌ２２Ｂ１Ｂ２,2200,ダ,左,重,小雨,9,2,2,フィールオーケー,牡,6,57.5,485,-4,矢野貴,川島一,,8,2:28.0,44.2,5-6-6-7,5,485,-4
2022/01/11,船橋,12,Ｂｒｉｌｌｉａｎｔ・Ｂｅｌｌ２２Ｂ１Ｂ２,2200,ダ,左,重,小雨,9,6,6,アドマイヤジョラス,牡,8,57.5,488,-1,山崎誠,山崎裕,,9,2:28.9,44.3,8-8-9-9,8,488,-1
2022/01/12,船橋,1,３歳三 四,1500,ダ,左,重,晴,9,8,9,フクノアルズ,牡,3,56.5,531,11,笠野雄,佐藤太,,1,1:38.3,38.6,3-3-3-2,1,531,11
2022/01/12,船橋,1,３歳三 四,1500,ダ,左,重,晴,9,1,1,ナショナルモール,牡,3,56.5,539,0,野澤憲,佐々清,,2,1:38.3,38.9,1-1-1-1,3,539,0
2022/01/12,船橋,1,３歳三 四,1500,ダ,左,重,晴,9,8,8,ブレイジングヒート,牡,3,56.5,433,1,山口達,出川克,,3,1:39.8,40.0,4-5-6-6,2,433,1
2022/01/12,船橋,1,３歳三 四,1500,ダ,左,重,晴,9,3,3,ミヤノトウショウ,牝,3,54.5,474,2,本橋孝,石井勝,,4,1:40.2,40.4,5-4-4-3,4,474,2
2022/01/12,船橋,1,３歳三 四,1500,ダ,左,重,晴,9,7,7,メイプルレモン,牝,3,54.5,485,2,張田昂,岡林光,,5,1:40.5,40.7,7-7-5-5,5,485,2
2022/01/12,船橋,1,３歳三 四,1500,ダ,左,重,晴,9,4,4,アークティアラ,牝,3,53.5,379,-5,池谷匠,新井健,,6,1:40.5,39.8,9-9-9-9,6,379,-5
2022/01/12,船橋,1,３歳三 四,1500,ダ,左,重,晴,9,6,6,バルストライク,牡,3,56.5,537,-2,和田譲,矢内博,,7,1:40.7,40.6,8-8-8-8,7,537,-2
2022/01/12,船橋,1,３歳三 四,1500,ダ,左,重,晴,9,5,5,マリンマリンプリン,牡,3,56.5,460,1,福原杏,齊藤敏,,8,1:40.9,40.9,6-6-7-7,8,460,1
2022/01/12,船橋,1,３歳三 四,1500,ダ,左,重,晴,9,2,2,シルヴァギンジ,牡,3,56.5,493,-1,岡村裕,岩本洋,,9,1:41.6,42.0,2-2-2-4,9,493,-1
2022/01/12,船橋,2,３歳三 四,1200,ダ,左,重,晴,9,3,3,ヤマイチノア,牡,3,56.5,491,-2,森泰斗,齊藤敏,,1,1:15.7,40.2,1-1-1,2,491,-2
2022/01/12,船橋,2,３歳三 四,1200,ダ,左,重,晴,9,7,7,ススムライン,牡,3,56.5,470,0,福原杏,齊藤敏,,2,1:17.1,39.3,9-9-9,5,470,0
2022/01/12,船橋,2,３歳三 四,1200,ダ,左,重,晴,9,5,5,ノブオートーケン,牡,3,56.5,452,-5,山崎誠,山本学,,3,1:17.2,41.5,2-2-2,4,452,-5
2022/01/12,船橋,2,３歳三 四,1200,ダ,左,重,晴,9,8,8,オデッセイ,牡,3,56.5,502,-16,笹川翼,新井清,,3,1:17.2,41.4,4-3-3,1,502,-16
2022/01/12,船橋,2,３歳三 四,1200,ダ,左,重,晴,9,4,4,ケラウノスカズ,牡,3,56.5,453,15,小杉亮,玉井等,,5,1:17.3,40.6,6-5-5,8,453,15
2022/01/12,船橋,2,３歳三 四,1200,ダ,左,重,晴,9,6,6,オニクダイスキマン,牡,3,56.5,411,4,濱田達,佐々功,,6,1:17.5,40.3,8-8-8,9,411,4
2022/01/12,船橋,2,３歳三 四,1200,ダ,左,重,晴,9,1,1,トーケンヒロイン,牝,3,54.5,487,5,山本紀,山本学,,7,1:18.0,41.3,5-6-6,6,487,5
2022/01/12,船橋,2,３歳三 四,1200,ダ,左,重,晴,9,2,2,スターオブグラン,牝,3,54.5,465,-5,本橋孝,石井勝,,8,1:18.1,41.1,7-7-7,7,465,-5
2022/01/12,船橋,2,３歳三 四,1200,ダ,左,重,晴,9,8,9,ワセダメジャー,牡,3,56.5,478,-6,岡村健,佐藤太,,9,1:20.9,44.8,3-4-4,3,478,-6
2022/01/12,船橋,3,Ｃ３九,1200,ダ,左,重,晴,9,8,8,ロードドレイク,牡,4,56.5,445,7,張田昂,林　幻,,1,1:15.2,38.7,4-3-3,1,445,7
2022/01/12,船橋,3,Ｃ３九,1200,ダ,左,重,晴,9,6,6,ハーモニージョーイ,牡,5,56.5,474,0,和田譲,新井清,,2,1:17.0,40.9,2-2-2,2,474,0
2022/01/12,船橋,3,Ｃ３九,1200,ダ,左,重,晴,9,7,7,ファシルラビリンス,牝,4,54.5,499,-12,山口達,林正人,,3,1:17.1,39.4,6-5-5,5,499,-12
2022/01/12,船橋,3,Ｃ３九,1200,ダ,左,重,晴,9,3,3,ウインシュトローム,牡,5,56.5,567,6,森泰斗,齊藤敏,,4,1:17.6,41.6,1-1-1,3,567,6
2022/01/12,船橋,3,Ｃ３九,1200,ダ,左,重,晴,9,1,1,エムチャン,牝,6,54.5,396,2,臼井健,凾館一,,5,1:17.9,41.4,3-4-4,4,396,2
2022/01/12,船橋,3,Ｃ３九,1200,ダ,左,重,晴,9,8,9,ニシノシロフネ,牡,5,56.5,491,2,國分祐,冨田敏,,6,1:18.0,39.7,7-7-7,6,491,2
2022/01/12,船橋,3,Ｃ３九,1200,ダ,左,重,晴,9,2,2,タイムトラベル,牝,8,54.5,480,3,岡村裕,山田正,,7,1:18.4,39.9,8-8-8,7,480,3
2022/01/12,船橋,3,Ｃ３九,1200,ダ,左,重,晴,9,4,4,キトロギア,牝,4,54.5,383,-1,西村栄,渋谷博,,8,1:20.1,42.2,5-6-6,8,383,-1
2022/01/12,船橋,3,Ｃ３九,1200,ダ,左,重,晴,9,5,5,ヒュードロラッシュ,牝,5,54.5,0,0,高橋利,凾館一,,,,,,,0,0
2022/01/12,船橋,4,Ｃ２七 八,1200,ダ,左,重,晴,12,7,9,シャドウモノリス,牡,4,56.5,504,2,笹川翼,佐藤太,,1,1:15.0,38.4,5-3-3,1,504,2
2022/01/12,船橋,4,Ｃ２七 八,1200,ダ,左,重,晴,12,5,6,セイテンタイセイ,牡,4,56.5,496,3,山本紀,齊藤敏,,2,1:15.6,39.3,1-1-1,7,496,3
2022/01/12,船橋,4,Ｃ２七 八,1200,ダ,左,重,晴,12,1,1,デロリス,牝,5,54.5,439,-3,本田重,佐々仁,,3,1:16.2,39.6,3-4-4,2,439,-3
2022/01/12,船橋,4,Ｃ２七 八,1200,ダ,左,重,晴,12,2,2,トーセンポラリス,牡,4,53.5,497,3,木間龍,川島一,,4,1:16.7,39.4,11-8-8,4,497,3
2022/01/12,船橋,4,Ｃ２七 八,1200,ダ,左,重,晴,12,7,10,ブルーグリッター,牡,4,56.5,471,2,岡村健,岡林光,,5,1:16.9,40.5,2-2-2,3,471,2
2022/01/12,船橋,4,Ｃ２七 八,1200,ダ,左,重,晴,12,8,11,クリムゾンオーラ,牝,5,53.5,477,3,仲原大,牛房榮,,6,1:17.1,40.1,6-6-6,6,477,3
2022/01/12,船橋,4,Ｃ２七 八,1200,ダ,左,重,晴,12,8,12,グレースシラオキ,牝,4,54.5,421,-1,橋本直,岡田一,,7,1:17.4,39.7,8-9-9,11,421,-1
2022/01/12,船橋,4,Ｃ２七 八,1200,ダ,左,重,晴,12,3,3,クラファイン,牝,5,54.5,461,7,實川純,玉井勝,,8,1:17.5,39.4,9-11-11,12,461,7
2022/01/12,船橋,4,Ｃ２七 八,1200,ダ,左,重,晴,12,5,5,ユウユウクラージュ,牡,6,56.5,464,-3,山中悠,渋谷博,,9,1:17.8,41.0,4-5-5,5,464,-3
2022/01/12,船橋,4,Ｃ２七 八,1200,ダ,左,重,晴,12,6,7,チュラハート,牝,4,54.5,468,-2,左海誠,林正人,,10,1:18.0,40.8,7-7-7,8,468,-2
2022/01/12,船橋,4,Ｃ２七 八,1200,ダ,左,重,晴,12,6,8,カチドキブラック,牡,4,56.5,483,3,仲野光,凾館一,,11,1:18.6,39.9,12-12-12,9,483,3
2022/01/12,船橋,4,Ｃ２七 八,1200,ダ,左,重,晴,12,4,4,ブレイクダンス,牝,4,54.5,427,0,本橋孝,石井勝,,12,1:18.6,40.7,10-10-10,10,427,0
2022/01/12,船橋,5,Ｃ３二,1500,ダ,左,重,晴,8,5,5,アントーニオ,セ,0,56.5,456,5,笹川翼,新井清,,1,1:37.9,39.4,3-3-3-3,1,456,5
2022/01/12,船橋,5,Ｃ３二,1500,ダ,左,重,晴,8,2,2,イシノビバーチェ,牡,5,56.5,439,6,仲野光,玉井等,,2,1:38.3,40.0,1-1-1-1,2,439,6
2022/01/12,船橋,5,Ｃ３二,1500,ダ,左,重,晴,8,3,3,トミケンミステリオ,牡,6,56.5,490,18,和田譲,伊藤滋,,3,1:38.8,40.4,2-2-2-2,5,490,18
2022/01/12,船橋,5,Ｃ３二,1500,ダ,左,重,晴,8,6,6,ハクサンキングス,牡,5,56.5,444,-2,酒井忍,矢野義,,4,1:39.2,40.4,6-6-5-5,4,444,-2
2022/01/12,船橋,5,Ｃ３二,1500,ダ,左,重,晴,8,7,7,サンビンガムトン,牡,6,56.5,524,2,小杉亮,玉井昇,,5,1:39.7,40.7,7-8-6-6,3,524,2
2022/01/12,船橋,5,Ｃ３二,1500,ダ,左,重,晴,8,1,1,ワンラヴ,牝,4,54.5,435,-3,伊藤裕,佐藤博,,6,1:39.9,41.2,4-4-4-4,6,435,-3
2022/01/12,船橋,5,Ｃ３二,1500,ダ,左,重,晴,8,4,4,リュウノレイリー,牡,5,56.5,456,7,濱田達,齊藤敏,,7,1:40.6,41.3,5-5-8-7,8,456,7
2022/01/12,船橋,5,Ｃ３二,1500,ダ,左,重,晴,8,8,8,キヨセ,牡,5,56.5,470,18,野澤憲,佐々清,,8,1:41.0,41.8,8-7-7-8,7,470,18
2022/01/12,船橋,6,馬い！八幡平バイオレット記念Ｃ２七 八,1500,ダ,左,重,晴,9,5,5,ミスターサファリ,牡,4,56.5,523,0,森泰斗,佐藤太,,1,1:36.8,38.1,1-1-1-1,1,523,0
2022/01/12,船橋,6,馬い！八幡平バイオレット記念Ｃ２七 八,1500,ダ,左,重,晴,9,8,8,アコルダール,牝,4,54.5,459,7,和田譲,山中尊,,2,1:37.8,39.0,3-3-2-2,3,459,7
2022/01/12,船橋,6,馬い！八幡平バイオレット記念Ｃ２七 八,1500,ダ,左,重,晴,9,8,9,トリプルミリオン,牝,4,54.5,434,3,左海誠,林正人,,3,1:37.9,39.1,2-2-3-3,6,434,3
2022/01/12,船橋,6,馬い！八幡平バイオレット記念Ｃ２七 八,1500,ダ,左,重,晴,9,7,7,エンシェントアイル,牡,4,56.5,536,13,笹川翼,米谷康,,4,1:39.1,40.1,6-6-4-4,2,536,13
2022/01/12,船橋,6,馬い！八幡平バイオレット記念Ｃ２七 八,1500,ダ,左,重,晴,9,4,4,ネビュラストーム,牝,5,54.5,499,2,矢野貴,伊藤滋,,5,1:39.5,40.2,4-4-6-6,4,499,2
2022/01/12,船橋,6,馬い！八幡平バイオレット記念Ｃ２七 八,1500,ダ,左,重,晴,9,1,1,エキストラライト,牝,5,54.5,469,4,藤本現,米谷康,,6,1:39.5,40.2,5-5-5-5,5,469,4
2022/01/12,船橋,6,馬い！八幡平バイオレット記念Ｃ２七 八,1500,ダ,左,重,晴,9,6,6,マオノジェット,牡,5,56.5,487,7,山中悠,渋谷博,,7,1:39.8,39.9,7-7-7-7,7,487,7
2022/01/12,船橋,6,馬い！八幡平バイオレット記念Ｃ２七 八,1500,ダ,左,重,晴,9,3,3,ルーベンスガール,牝,4,54.5,487,-1,半澤慶,宇野博,,8,1:41.4,40.7,8-8-8-8,8,487,-1
2022/01/12,船橋,6,馬い！八幡平バイオレット記念Ｃ２七 八,1500,ダ,左,重,晴,9,2,2,エメラルスマイル,牝,4,54.5,0,0,野澤憲,佐々清,,,,,,,0,0
2022/01/12,船橋,7,ガーネットスプリントＣ１選抜牝馬,1200,ダ,左,重,晴,9,8,8,スパークジョイ,牝,5,54.5,471,5,山口達,林正人,,1,1:15.1,38.1,7-6-6,4,471,5
2022/01/12,船橋,7,ガーネットスプリントＣ１選抜牝馬,1200,ダ,左,重,晴,9,8,9,ダバイラードゥガ,牝,4,54.5,461,1,和田譲,坂本昇,,2,1:15.1,38.3,3-3-3,6,461,1
2022/01/12,船橋,7,ガーネットスプリントＣ１選抜牝馬,1200,ダ,左,重,晴,9,3,3,ドクタースキル,牝,4,54.5,455,-23,岡村健,岡林光,,3,1:15.4,38.8,2-2-2,2,455,-23
2022/01/12,船橋,7,ガーネットスプリントＣ１選抜牝馬,1200,ダ,左,重,晴,9,6,6,オルディネール,牝,4,54.5,446,9,西啓太,山中尊,,4,1:15.4,39.0,1-1-1,7,446,9
2022/01/12,船橋,7,ガーネットスプリントＣ１選抜牝馬,1200,ダ,左,重,晴,9,5,5,クラバルバトス,牝,4,54.5,493,4,酒井忍,矢野義,,5,1:15.6,38.4,6-8-8,5,493,4
2022/01/12,船橋,7,ガーネットスプリントＣ１選抜牝馬,1200,ダ,左,重,晴,9,7,7,スルーザリミッツ,牝,5,54.5,450,-1,矢野貴,新井清,,6,1:15.7,38.5,8-7-7,1,450,-1
2022/01/12,船橋,7,ガーネットスプリントＣ１選抜牝馬,1200,ダ,左,重,晴,9,2,2,フレンドアリス,牝,7,54.5,460,-3,藤本現,佐々功,,7,1:16.5,39.6,5-5-5,3,460,-3
2022/01/12,船橋,7,ガーネットスプリントＣ１選抜牝馬,1200,ダ,左,重,晴,9,1,1,ブラックマーメイド,牝,4,54.5,483,3,達城龍,堀千亜,,8,1:16.6,39.8,4-4-4,8,483,3
2022/01/12,船橋,7,ガーネットスプリントＣ１選抜牝馬,1200,ダ,左,重,晴,9,4,4,イージーファクト,牝,4,54.5,0,0,御神訓,川島一,,,,,,,0,0
2022/01/12,船橋,8,ジャニュアリーダッシュＣ１Ｃ２選抜馬,1000,ダ,左,重,晴,12,7,9,アンクレットハート,牝,6,55.5,468,2,澤田龍,坂本昇,,1,1:00.4,37.0,2-2,3,468,2
2022/01/12,船橋,8,ジャニュアリーダッシュＣ１Ｃ２選抜馬,1000,ダ,左,重,晴,12,5,5,アンナラヴェリテ,牝,7,57.5,487,-2,笹川翼,川島一,,2,1:00.4,37.2,1-1,1,487,-2
2022/01/12,船橋,8,ジャニュアリーダッシュＣ１Ｃ２選抜馬,1000,ダ,左,重,晴,12,6,8,オーラソラーレ,牝,5,55.5,464,-3,張田昂,張田京,,3,1:01.3,37.8,3-3,6,464,-3
2022/01/12,船橋,8,ジャニュアリーダッシュＣ１Ｃ２選抜馬,1000,ダ,左,重,晴,12,7,10,ノボシュンシュン,牝,6,53.5,460,-2,山崎誠,山崎裕,,4,1:01.7,38.0,4-4,4,460,-2
2022/01/12,船橋,8,ジャニュアリーダッシュＣ１Ｃ２選抜馬,1000,ダ,左,重,晴,12,8,11,キャストロペトラ,牡,5,57.5,490,5,山本紀,山本学,,5,1:01.9,36.7,11-11,2,490,5
2022/01/12,船橋,8,ジャニュアリーダッシュＣ１Ｃ２選抜馬,1000,ダ,左,重,晴,12,3,3,ノーブルゲート,牡,4,57.5,498,-4,福原杏,水野貴,,6,1:02.3,38.4,5-5,12,498,-4
2022/01/12,船橋,8,ジャニュアリーダッシュＣ１Ｃ２選抜馬,1000,ダ,左,重,晴,12,5,6,ティーズロワール,牝,7,53.5,450,-3,臼井健,山中尊,,7,1:02.4,37.7,9-9,5,450,-3
2022/01/12,船橋,8,ジャニュアリーダッシュＣ１Ｃ２選抜馬,1000,ダ,左,重,晴,12,2,2,ユーティリティ,牝,4,50.5,457,-1,菅原涼,赤嶺本,,8,1:02.4,37.8,8-8,8,457,-1
2022/01/12,船橋,8,ジャニュアリーダッシュＣ１Ｃ２選抜馬,1000,ダ,左,重,晴,12,1,1,ゴールドランタン,牝,4,53.5,453,-3,阪上忠,岩本洋,,9,1:02.9,38.7,6-7,11,453,-3
2022/01/12,船橋,8,ジャニュアリーダッシュＣ１Ｃ２選抜馬,1000,ダ,左,重,晴,12,4,4,プロトイチバンボシ,牡,6,57.5,521,8,和田譲,林　幻,,10,1:02.9,37.9,10-10,10,521,8
2022/01/12,船橋,8,ジャニュアリーダッシュＣ１Ｃ２選抜馬,1000,ダ,左,重,晴,12,6,7,アンビル,セ,0,57.5,503,19,川島正,林　幻,,11,1:03.1,38.7,7-6,9,503,19
2022/01/12,船橋,8,ジャニュアリーダッシュＣ１Ｃ２選抜馬,1000,ダ,左,重,晴,12,8,12,トイボブ,牝,4,49.5,466,6,神尾香,赤嶺本,,12,1:03.3,37.9,12-12,7,466,6
2022/01/12,船橋,9,Ｊ交 ベストレイン特別３歳未格選抜馬中央,1700,ダ,左,重,晴,8,2,2,ヨーデル,牡,3,56.0,507,1,笹川翼,森秀行,,1,1:51.8,38.8,4-4-4-4,2,507,1
2022/01/12,船橋,9,Ｊ交 ベストレイン特別３歳未格選抜馬中央,1700,ダ,左,重,晴,8,1,1,グレイトショーマン,牡,3,56.0,530,26,森泰斗,新谷功,,2,1:51.9,39.2,2-2-2-2,3,530,26
2022/01/12,船橋,9,Ｊ交 ベストレイン特別３歳未格選抜馬中央,1700,ダ,左,重,晴,8,8,8,ファディッシュ,牝,3,54.0,441,3,張田昂,青木孝,,3,1:52.7,39.8,3-3-3-3,1,441,3
2022/01/12,船橋,9,Ｊ交 ベストレイン特別３歳未格選抜馬中央,1700,ダ,左,重,晴,8,6,6,クラッシュタイム,牡,3,53.0,478,0,永野猛,新谷功,,4,1:53.2,40.5,1-1-1-1,5,478,0
2022/01/12,船橋,9,Ｊ交 ベストレイン特別３歳未格選抜馬中央,1700,ダ,左,重,晴,8,7,7,ルブアルハリ,牡,3,56.0,504,6,岡村健,小手準,,5,1:53.5,40.1,7-7-5-5,4,504,6
2022/01/12,船橋,9,Ｊ交 ベストレイン特別３歳未格選抜馬中央,1700,ダ,左,重,晴,8,5,5,ルスキーユ,牝,3,54.0,431,3,本橋孝,山中尊,,6,1:53.6,40.0,6-6-6-6,7,431,3
2022/01/12,船橋,9,Ｊ交 ベストレイン特別３歳未格選抜馬中央,1700,ダ,左,重,晴,8,3,3,ビーバリスタ,牡,3,56.0,475,1,山崎誠,新谷功,,7,1:55.3,41.6,5-5-7-7,6,475,1
2022/01/12,船橋,9,Ｊ交 ベストレイン特別３歳未格選抜馬中央,1700,ダ,左,重,晴,8,4,4,ロマンスグレー,牡,3,56.0,537,14,左海誠,林正人,,,,,,,537,14
2022/01/12,船橋,10,初鷹スプリントＡ２Ｂ１選抜馬,1200,ダ,左,重,晴,9,7,7,アールロッソ,牝,6,53.5,529,6,本田重,山下之,,1,1:13.2,37.2,5-6-5,3,529,6
2022/01/12,船橋,10,初鷹スプリントＡ２Ｂ１選抜馬,1200,ダ,左,重,晴,9,3,3,ブンロート,牡,5,57.5,535,5,野澤憲,矢野義,,2,1:13.3,37.9,2-2-2,4,535,5
2022/01/12,船橋,10,初鷹スプリントＡ２Ｂ１選抜馬,1200,ダ,左,重,晴,9,8,9,メイケイライジン,牡,8,55.5,512,7,左海誠,新井清,,3,1:13.3,38.1,1-1-1,2,512,7
2022/01/12,船橋,10,初鷹スプリントＡ２Ｂ１選抜馬,1200,ダ,左,重,晴,9,1,1,サトノユニゾン,セ,0,55.5,516,19,張田昂,山下之,,4,1:13.4,37.8,4-4-3,1,516,19
2022/01/12,船橋,10,初鷹スプリントＡ２Ｂ１選抜馬,1200,ダ,左,重,晴,9,4,4,トキメキライツ,牡,7,55.5,497,-2,山口達,林正人,,5,1:13.9,37.9,7-7-7,8,497,-2
2022/01/12,船橋,10,初鷹スプリントＡ２Ｂ１選抜馬,1200,ダ,左,重,晴,9,2,2,キャストロポポ,牡,4,55.5,496,6,山崎誠,山本学,,6,1:14.1,38.5,3-3-4,5,496,6
2022/01/12,船橋,10,初鷹スプリントＡ２Ｂ１選抜馬,1200,ダ,左,重,晴,9,6,6,タイガーヴォーグ,セ,0,55.5,504,6,今野忠,矢内博,,7,1:14.3,37.9,8-8-8,7,504,6
2022/01/12,船橋,10,初鷹スプリントＡ２Ｂ１選抜馬,1200,ダ,左,重,晴,9,5,5,ライクアロケット,セ,0,57.5,474,6,本橋孝,張田京,,8,1:14.6,38.6,6-5-6,6,474,6
2022/01/12,船橋,10,初鷹スプリントＡ２Ｂ１選抜馬,1200,ダ,左,重,晴,9,8,8,ナガタブラック,牡,6,57.5,553,-3,伊藤裕,岩本洋,,9,1:15.1,38.3,9-9-9,9,553,-3
2022/01/12,船橋,11,チバテレ盃４上オープン,1800,ダ,左,重,晴,11,7,9,キタノオクトパス,牡,5,55.5,573,19,張田昂,張田京,,1,1:53.7,39.6,5-5-2-2,6,573,19
2022/01/12,船橋,11,チバテレ盃４上オープン,1800,ダ,左,重,晴,11,8,11,ブリッグオドーン,牡,5,53.5,495,10,本田重,渡邉和,,2,1:53.8,39.7,3-3-1-1,3,495,10
2022/01/12,船橋,11,チバテレ盃４上オープン,1800,ダ,左,重,晴,11,5,5,コパノジャッキー,牡,7,57.5,495,10,町田直,荒山勝,,3,1:55.1,40.2,9-9-9-6,7,495,10
2022/01/12,船橋,11,チバテレ盃４上オープン,1800,ダ,左,重,晴,11,2,2,リッカルド,セ,0,57.5,518,5,矢野貴,佐藤太,,4,1:55.9,41.6,8-8-4-3,1,518,5
2022/01/12,船橋,11,チバテレ盃４上オープン,1800,ダ,左,重,晴,11,8,10,ラインカリーナ,牝,6,55.5,484,2,和田譲,小澤宏,,5,1:56.0,41.7,1-1-3-4,8,484,2
2022/01/12,船橋,11,チバテレ盃４上オープン,1800,ダ,左,重,晴,11,7,8,マカベウス,牡,4,55.5,521,14,森泰斗,米谷康,,6,1:56.1,41.2,6-6-8-5,2,521,14
2022/01/12,船橋,11,チバテレ盃４上オープン,1800,ダ,左,重,晴,11,6,7,ヒラボクラターシュ,牡,7,57.5,526,4,岡村健,岡林光,,7,1:56.2,41.0,10-10-11-10,10,526,4
2022/01/12,船橋,11,チバテレ盃４上オープン,1800,ダ,左,重,晴,11,1,1,ベンテンコゾウ,牡,8,57.5,516,6,御神訓,川島一,,8,1:56.4,41.3,7-7-10-9,4,516,6
2022/01/12,船橋,11,チバテレ盃４上オープン,1800,ダ,左,重,晴,11,6,6,キャッスルクラウン,牡,8,55.5,472,4,仲野光,渋谷博,,9,1:56.5,41.8,11-11-6-7,11,472,4
2022/01/12,船橋,11,チバテレ盃４上オープン,1800,ダ,左,重,晴,11,4,4,キングガンズラング,牡,8,57.5,533,1,藤本現,矢野義,,10,1:56.7,42.0,2-2-5-8,9,533,1
2022/01/12,船橋,11,チバテレ盃４上オープン,1800,ダ,左,重,晴,11,3,3,エメリミット,牡,5,57.5,493,-5,山口達,林正人,,11,1:56.9,42.0,4-4-7-11,5,493,-5
2022/01/12,船橋,12,スキー２２００Ｂ３Ｃ１選抜馬,2200,ダ,左,重,晴,11,8,11,マスカテル,牡,5,55.5,493,11,張田昂,玉井昇,,1,2:25.9,39.5,3-3-3-2,6,493,11
2022/01/12,船橋,12,スキー２２００Ｂ３Ｃ１選抜馬,2200,ダ,左,重,晴,11,7,8,ミスティネイル,牝,6,55.5,518,0,笹川翼,山中尊,,2,2:26.2,40.0,1-1-1-1,3,518,0
2022/01/12,船橋,12,スキー２２００Ｂ３Ｃ１選抜馬,2200,ダ,左,重,晴,11,6,7,レッドラトゥール,セ,0,57.5,490,2,森泰斗,佐藤太,,3,2:27.5,40.7,5-5-4-4,2,490,2
2022/01/12,船橋,12,スキー２２００Ｂ３Ｃ１選抜馬,2200,ダ,左,重,晴,11,7,9,キャプティベート,セ,0,57.5,443,-2,矢野貴,山田信,,4,2:27.8,41.4,2-2-2-3,1,443,-2
2022/01/12,船橋,12,スキー２２００Ｂ３Ｃ１選抜馬,2200,ダ,左,重,晴,11,1,1,ジュウワンマックス,牡,6,57.5,446,-7,櫻井光,平田正,,5,2:28.2,41.2,4-4-5-5,7,446,-7
2022/01/12,船橋,12,スキー２２００Ｂ３Ｃ１選抜馬,2200,ダ,左,重,晴,11,5,5,スミソニアン,牡,4,57.5,451,7,町田直,宗形竹,,6,2:28.8,41.2,10-10-11-9,4,451,7
2022/01/12,船橋,12,スキー２２００Ｂ３Ｃ１選抜馬,2200,ダ,左,重,晴,11,2,2,ランニングウインド,セ,0,57.5,493,16,左海誠,小久智,,7,2:29.0,41.8,9-7-6-6,9,493,16
2022/01/12,船橋,12,スキー２２００Ｂ３Ｃ１選抜馬,2200,ダ,左,重,晴,11,8,10,ブッシュドノエル,牝,4,53.5,424,26,岡村健,山下之,,8,2:29.2,42.0,6-6-7-7,5,424,26
2022/01/12,船橋,12,スキー２２００Ｂ３Ｃ１選抜馬,2200,ダ,左,重,晴,11,3,3,コスモビートイット,牡,5,55.5,507,3,秋元耕,川島豊,,9,2:29.6,42.0,8-8-9-8,11,507,3
2022/01/12,船橋,12,スキー２２００Ｂ３Ｃ１選抜馬,2200,ダ,左,重,晴,11,6,6,トゥザキングダム,牡,8,54.5,491,18,篠谷葵,宮下靖,,10,2:29.7,42.1,11-11-10-10,8,491,18
2022/01/12,船橋,12,スキー２２００Ｂ３Ｃ１選抜馬,2200,ダ,左,重,晴,11,4,4,ウインウェルス,牡,9,54.5,524,2,木間龍,新井清,,11,2:31.7,44.2,7-9-8-11,10,524,2
2022/01/13,船橋,1,３歳六,1200,ダ,左,重,晴,12,6,8,ヴァネロペ,牝,3,54.5,464,-1,山口達,林正人,,1,1:16.5,39.1,2-2-2,1,464,-1
2022/01/13,船橋,1,３歳六,1200,ダ,左,重,晴,12,4,4,スージー,牝,3,54.5,462,9,山本紀,山本学,,2,1:16.8,39.5,1-1-1,6,462,9
2022/01/13,船橋,1,３歳六,1200,ダ,左,重,晴,12,8,12,エクレールスカイ,牡,3,56.5,429,8,左海誠,林正人,,3,1:16.9,39.1,5-4-3,5,429,8
2022/01/13,船橋,1,３歳六,1200,ダ,左,重,晴,12,2,2,エヌティスター,牝,3,54.5,462,-1,山中悠,佐々清,,4,1:17.1,39.1,8-8-8,7,462,-1
2022/01/13,船橋,1,３歳六,1200,ダ,左,重,晴,12,7,10,トドイワオーシャン,牝,3,54.5,444,-4,町田直,齊藤敏,,5,1:17.4,39.8,3-3-4,4,444,-4
2022/01/13,船橋,1,３歳六,1200,ダ,左,重,晴,12,8,11,エイジシューター,牡,3,56.5,501,-4,森泰斗,石井勝,,6,1:17.5,39.6,7-7-7,3,501,-4
2022/01/13,船橋,1,３歳六,1200,ダ,左,重,晴,12,1,1,ツインティアラ,牝,3,54.5,444,-4,福原杏,薮口一,,7,1:17.9,40.0,4-5-5,8,444,-4
2022/01/13,船橋,1,３歳六,1200,ダ,左,重,晴,12,6,7,ディジャーノ,牝,3,54.5,419,-4,笠野雄,山中尊,,8,1:18.3,39.4,10-10-10,10,419,-4
2022/01/13,船橋,1,３歳六,1200,ダ,左,重,晴,12,5,5,カンノンカイエン,牡,3,56.5,410,15,笹川翼,新井清,,9,1:18.7,40.8,6-6-6,9,410,15
2022/01/13,船橋,1,３歳六,1200,ダ,左,重,晴,12,7,9,シェナハート,牝,3,54.5,426,-5,岡田大,冨田敏,,10,1:19.4,40.0,12-12-12,11,426,-5
2022/01/13,船橋,1,３歳六,1200,ダ,左,重,晴,12,3,3,オミワタリ,牡,3,56.5,477,11,矢野貴,坂本昇,,11,1:20.6,42.5,9-9-9,2,477,11
2022/01/13,船橋,1,３歳六,1200,ダ,左,重,晴,12,5,6,カミノクレム,牝,3,54.5,399,-7,實川純,佐々功,,12,1:21.9,42.5,11-11-11,12,399,-7
2022/01/13,船橋,2,３歳五,1200,ダ,左,重,晴,12,4,4,ビービーアロゼ,牝,3,54.5,436,4,山本紀,稲益貴,,1,1:16.7,39.2,1-1-1,1,436,4
2022/01/13,船橋,2,３歳五,1200,ダ,左,重,晴,12,5,6,カスミノコゲンタ,牡,3,56.5,481,0,張田昂,張田京,,2,1:16.8,39.2,2-2-2,2,481,0
2022/01/13,船橋,2,３歳五,1200,ダ,左,重,晴,12,7,10,トランポリン,牡,3,56.5,528,9,本橋孝,矢野義,,3,1:16.8,39.1,3-3-3,4,528,9
2022/01/13,船橋,2,３歳五,1200,ダ,左,重,晴,12,6,7,ボブテイル,牡,3,56.5,420,-5,伊藤裕,平田正,,4,1:17.5,39.1,10-12-12,7,420,-5
2022/01/13,船橋,2,３歳五,1200,ダ,左,重,晴,12,1,1,アグネスプリンセス,牝,3,54.5,407,-3,川島正,武井和,,5,1:17.5,39.4,8-7-7,10,407,-3
2022/01/13,船橋,2,３歳五,1200,ダ,左,重,晴,12,6,8,サヤピーエレガント,牝,3,54.5,0,0,實川純,佐々功,,6,1:17.7,39.9,5-5-5,9,0,0
2022/01/13,船橋,2,３歳五,1200,ダ,左,重,晴,12,8,11,ジョワソレイユ,牡,3,56.5,487,4,左海誠,伊藤滋,,7,1:17.8,39.9,7-6-6,5,487,4
2022/01/13,船橋,2,３歳五,1200,ダ,左,重,晴,12,2,2,シャーロットメファ,牝,3,54.5,381,-10,濱田達,山本学,,8,1:17.8,40.0,4-4-4,11,381,-10
2022/01/13,船橋,2,３歳五,1200,ダ,左,重,晴,12,8,12,グリジー,牡,3,56.5,446,8,内田利,佐々功,,9,1:18.0,39.9,6-8-8,8,446,8
2022/01/13,船橋,2,３歳五,1200,ダ,左,重,晴,12,5,5,ビービーパルフェ,牝,3,54.5,447,3,本田重,新井清,,10,1:18.7,40.4,11-11-10,6,447,3
2022/01/13,船橋,2,３歳五,1200,ダ,左,重,晴,12,3,3,プリンセスダーク,牝,3,54.5,444,6,小杉亮,矢内博,,11,1:18.7,40.5,9-9-9,12,444,6
2022/01/13,船橋,2,３歳五,1200,ダ,左,重,晴,12,7,9,アルティマダンサー,牡,3,56.5,466,3,笹川翼,山田信,,12,1:20.9,42.7,12-9-11,3,466,3
2022/01/13,船橋,3,Ｃ３選抜馬,1000,ダ,左,重,晴,12,8,12,モアイ,牡,7,56.5,488,-6,町田直,長谷忍,,1,1:02.4,38.0,3-2,1,488,-6
2022/01/13,船橋,3,Ｃ３選抜馬,1000,ダ,左,重,晴,12,5,5,ツーエムタイガー,牡,4,56.5,432,-4,和田譲,小澤宏,,2,1:02.5,37.7,9-7,2,432,-4
2022/01/13,船橋,3,Ｃ３選抜馬,1000,ダ,左,重,晴,12,2,2,レッカーベルン,牝,8,54.5,486,7,笹川翼,新井清,,3,1:02.6,38.3,1-1,3,486,7
2022/01/13,船橋,3,Ｃ３選抜馬,1000,ダ,左,重,晴,12,5,6,ブルベアマイル,牡,5,56.5,452,-2,中越琉,佐藤博,,4,1:03.1,38.5,4-6,4,452,-2
2022/01/13,船橋,3,Ｃ３選抜馬,1000,ダ,左,重,晴,12,6,8,ビシエド,牡,5,56.5,481,-1,酒井忍,森　始,,5,1:03.4,38.4,11-11,6,481,-1
2022/01/13,船橋,3,Ｃ３選抜馬,1000,ダ,左,重,晴,12,1,1,イエスペガサス,牝,9,54.5,453,-5,岡田大,酒井一,,6,1:03.4,38.6,8-8,11,453,-5
2022/01/13,船橋,3,Ｃ３選抜馬,1000,ダ,左,重,晴,12,3,3,バロンキング,牡,6,56.5,461,6,柿本量,阿井正,,7,1:03.5,38.5,10-10,10,461,6
2022/01/13,船橋,3,Ｃ３選抜馬,1000,ダ,左,重,晴,12,7,9,ホワイトブレス,牝,5,54.5,462,3,實川純,佐々功,,8,1:03.7,39.0,7-9,9,462,3
2022/01/13,船橋,3,Ｃ３選抜馬,1000,ダ,左,重,晴,12,7,10,チュンチュンマル,牡,4,53.5,424,-1,木間龍,伊藤滋,,9,1:03.8,39.2,6-4,5,424,-1
2022/01/13,船橋,3,Ｃ３選抜馬,1000,ダ,左,重,晴,12,6,7,ロゼッタハート,牝,8,54.5,444,-1,高橋哲,牛房榮,,10,1:04.0,39.4,5-5,7,444,-1
2022/01/13,船橋,3,Ｃ３選抜馬,1000,ダ,左,重,晴,12,8,11,ケンブリッジカナデ,牝,5,54.5,442,1,岡村健,新井清,,11,1:04.3,39.9,2-3,8,442,1
2022/01/13,船橋,3,Ｃ３選抜馬,1000,ダ,左,重,晴,12,4,4,ビービーマローネ,牝,4,54.5,534,-14,山口達,宮下靖,,12,1:05.5,40.2,12-12,12,534,-14
2022/01/13,船橋,4,Ｃ３一特選,1500,ダ,左,重,晴,11,2,2,ウインカルナヴァル,牡,7,56.5,487,2,矢野貴,玉井昇,,1,1:37.9,39.7,1-1-1-1,1,487,2
2022/01/13,船橋,4,Ｃ３一特選,1500,ダ,左,重,晴,11,8,11,ブッカープライズ,牡,4,56.5,443,-6,御神訓,川島一,,2,1:38.5,40.0,4-5-4-3,3,443,-6
2022/01/13,船橋,4,Ｃ３一特選,1500,ダ,左,重,晴,11,5,5,カズブレイド,牡,5,56.5,524,9,小杉亮,阿井正,,3,1:38.5,40.0,5-4-5-4,5,524,9
2022/01/13,船橋,4,Ｃ３一特選,1500,ダ,左,重,晴,11,7,8,ラナウェイボーイ,セ,0,56.5,484,-3,笹川翼,佐藤太,,4,1:38.9,40.6,3-3-3-2,2,484,-3
2022/01/13,船橋,4,Ｃ３一特選,1500,ダ,左,重,晴,11,3,3,ハクサンブレーヴ,牡,5,56.5,462,6,酒井忍,矢野義,,5,1:39.1,39.6,9-10-9-9,6,462,6
2022/01/13,船橋,4,Ｃ３一特選,1500,ダ,左,重,晴,11,8,10,ダイスギミッチー,牡,4,56.5,445,-1,伊藤裕,田邊陽,,6,1:39.7,40.0,11-11-11-10,7,445,-1
2022/01/13,船橋,4,Ｃ３一特選,1500,ダ,左,重,晴,11,1,1,アクートラッシュ,牡,5,52.5,457,0,神尾香,山田質,,7,1:40.0,40.5,8-9-10-11,9,457,0
2022/01/13,船橋,4,Ｃ３一特選,1500,ダ,左,重,晴,11,6,7,ジーアンドゴー,牡,8,56.5,463,8,張田昂,張田京,,8,1:40.1,41.5,6-6-6-6,4,463,8
2022/01/13,船橋,4,Ｃ３一特選,1500,ダ,左,重,晴,11,6,6,ミライヘノサイン,牝,9,54.5,453,-2,岡田大,冨田敏,,9,1:40.3,41.3,10-8-8-8,11,453,-2
2022/01/13,船橋,4,Ｃ３一特選,1500,ダ,左,重,晴,11,4,4,ヴィヤンシーコ,牡,7,56.5,460,0,左海誠,林正人,,10,1:40.8,41.9,7-7-7-7,8,460,0
2022/01/13,船橋,4,Ｃ３一特選,1500,ダ,左,重,晴,11,7,9,アリオス,牝,9,54.5,422,2,笠野雄,玉井勝,,11,1:40.9,42.6,2-2-2-5,10,422,2
2022/01/13,船橋,5,ハートビートスプリント３歳選抜馬,1200,ダ,左,重,晴,6,2,2,クラサーベル,牡,3,56.5,474,4,岡村健,玉井勝,,1,1:15.1,37.9,3-4-3,4,474,4
2022/01/13,船橋,5,ハートビートスプリント３歳選抜馬,1200,ダ,左,重,晴,6,3,3,アクティブベルン,牡,3,56.5,487,0,町田直,鈴木義,,2,1:15.4,38.2,4-3-4,5,487,0
2022/01/13,船橋,5,ハートビートスプリント３歳選抜馬,1200,ダ,左,重,晴,6,4,4,カネミツキング,牡,3,56.5,498,0,張田昂,張田京,,3,1:15.6,38.6,1-1-1,1,498,0
2022/01/13,船橋,5,ハートビートスプリント３歳選抜馬,1200,ダ,左,重,晴,6,6,6,アウデリア,牡,3,56.5,479,0,矢野貴,林　幻,,4,1:15.6,38.5,2-2-2,3,479,0
2022/01/13,船橋,5,ハートビートスプリント３歳選抜馬,1200,ダ,左,重,晴,6,1,1,ベルフリップ,牡,3,56.5,498,6,御神訓,新井清,,5,1:16.0,38.6,5-5-5,2,498,6
2022/01/13,船橋,5,ハートビートスプリント３歳選抜馬,1200,ダ,左,重,晴,6,5,5,サハラブレイブ,牡,3,56.5,454,8,實川純,佐々功,,6,1:18.2,40.2,6-6-6,6,454,8
2022/01/13,船橋,6,Ｃ２十一,1500,ダ,左,重,晴,12,5,5,モニュメントキング,牡,6,56.5,511,5,和田譲,新井清,,1,1:36.1,38.6,1-1-1-1,2,511,5
2022/01/13,船橋,6,Ｃ２十一,1500,ダ,左,重,晴,12,7,9,ヴィッカース,牝,4,54.5,475,0,野澤憲,佐々清,,2,1:37.9,40.2,3-4-3-3,5,475,0
2022/01/13,船橋,6,Ｃ２十一,1500,ダ,左,重,晴,12,2,2,トーセンエクラ,牡,7,56.5,485,8,福原杏,齊藤敏,,3,1:37.9,40.1,6-5-6-6,8,485,8
2022/01/13,船橋,6,Ｃ２十一,1500,ダ,左,重,晴,12,6,8,リメンブランス,牡,7,56.5,408,3,町田直,稲益貴,,4,1:38.0,39.9,8-8-7-7,4,408,3
2022/01/13,船橋,6,Ｃ２十一,1500,ダ,左,重,晴,12,7,10,スノーフレイム,牡,4,56.5,481,4,張田昂,林　幻,,5,1:38.0,40.2,7-7-5-4,3,481,4
2022/01/13,船橋,6,Ｃ２十一,1500,ダ,左,重,晴,12,8,11,ジョリルミエール,牝,7,51.5,452,-9,木間龍,宮下靖,,6,1:39.1,40.6,9-10-9-11,9,452,-9
2022/01/13,船橋,6,Ｃ２十一,1500,ダ,左,重,晴,12,1,1,ハートロック,セ,0,56.5,511,3,岡村健,岡林光,,7,1:39.2,41.7,2-2-2-2,1,511,3
2022/01/13,船橋,6,Ｃ２十一,1500,ダ,左,重,晴,12,8,12,ダイヤモンドカノン,牝,4,54.5,488,-3,藤本現,齊藤敏,,8,1:39.3,41.2,5-6-8-9,6,488,-3
2022/01/13,船橋,6,Ｃ２十一,1500,ダ,左,重,晴,12,6,7,チャナ,牝,6,54.5,456,-2,瀬川将,栗田裕,,9,1:39.4,41.7,4-3-4-5,11,456,-2
2022/01/13,船橋,6,Ｃ２十一,1500,ダ,左,重,晴,12,4,4,リンクスセイ,牝,5,54.5,365,2,山中悠,渡邊薫,,10,1:39.7,41.0,11-11-11-10,7,365,2
2022/01/13,船橋,6,Ｃ２十一,1500,ダ,左,重,晴,12,3,3,クラウンデフィート,牡,5,56.5,478,10,澤田龍,石井勝,,11,1:39.8,41.3,10-9-10-8,10,478,10
2022/01/13,船橋,6,Ｃ２十一,1500,ダ,左,重,晴,12,5,6,セイウンミレイア,牝,5,54.5,0,0,岡田大,冨田敏,,,,,,,0,0
2022/01/13,船橋,7,Ｃ２二,1500,ダ,左,重,晴,12,7,10,メイショウタニカゼ,牡,4,56.5,465,-4,矢野貴,山田信,,1,1:35.5,38.1,2-2-2-2,2,465,-4
2022/01/13,船橋,7,Ｃ２二,1500,ダ,左,重,晴,12,5,6,マロンクラージュ,牡,5,56.5,544,16,保園翔,川島一,,2,1:36.2,38.9,1-1-1-1,4,544,16
2022/01/13,船橋,7,Ｃ２二,1500,ダ,左,重,晴,12,7,9,ホウオウハイエスト,牝,4,54.5,522,-8,森泰斗,佐藤太,,3,1:36.8,39.4,5-5-3-3,1,522,-8
2022/01/13,船橋,7,Ｃ２二,1500,ダ,左,重,晴,12,5,5,ゴースフロイデ,牡,4,56.5,511,1,和田譲,林　幻,,4,1:36.9,39.4,4-3-4-4,5,511,1
2022/01/13,船橋,7,Ｃ２二,1500,ダ,左,重,晴,12,1,1,ゴールドベレー,牡,4,56.5,461,1,山本紀,矢内博,,5,1:37.1,39.1,6-6-6-6,8,461,1
2022/01/13,船橋,7,Ｃ２二,1500,ダ,左,重,晴,12,3,3,キセキノカガヤキ,牝,6,54.5,445,1,左海誠,山田信,,6,1:37.7,39.2,12-11-10-8,6,445,1
2022/01/13,船橋,7,Ｃ２二,1500,ダ,左,重,晴,12,8,11,アミスタ,牝,4,54.5,474,2,町田直,齊藤敏,,7,1:37.7,39.3,9-9-8-9,7,474,2
2022/01/13,船橋,7,Ｃ２二,1500,ダ,左,重,晴,12,2,2,ガクチカキッズ,牡,8,56.5,484,6,山口達,玉井勝,,8,1:37.8,40.0,8-7-5-5,9,484,6
2022/01/13,船橋,7,Ｃ２二,1500,ダ,左,重,晴,12,8,12,ディープシーテッド,牝,4,54.5,449,-18,小杉亮,矢内博,,9,1:38.3,40.3,3-4-7-7,11,449,-18
2022/01/13,船橋,7,Ｃ２二,1500,ダ,左,重,晴,12,6,7,ディスバッドマム,牝,4,54.5,453,6,笠野雄,渡邊貴,,10,1:38.4,39.4,10-10-11-10,3,453,6
2022/01/13,船橋,7,Ｃ２二,1500,ダ,左,重,晴,12,4,4,デイズオブグレイス,牝,4,54.5,459,3,山崎誠,山本学,,11,1:40.2,40.7,11-12-12-12,12,459,3
2022/01/13,船橋,7,Ｃ２二,1500,ダ,左,重,晴,12,6,8,ホウショウカノコ,牝,4,54.5,431,-21,本田重,山下之,,12,1:40.4,42.0,7-8-9-11,10,431,-21
2022/01/13,船橋,8,馬い！善一の黒ニンニク発売記念Ｃ１三,1200,ダ,左,重,晴,8,5,5,ヴィスコンティ,セ,0,56.5,500,11,達城龍,山中尊,,1,1:15.5,39.3,2-2-2,4,500,11
2022/01/13,船橋,8,馬い！善一の黒ニンニク発売記念Ｃ１三,1200,ダ,左,重,晴,8,4,4,エメラルムサシ,牡,8,56.5,469,7,野澤憲,佐々清,,2,1:15.6,38.5,7-7-7,7,469,7
2022/01/13,船橋,8,馬い！善一の黒ニンニク発売記念Ｃ１三,1200,ダ,左,重,晴,8,3,3,トリプルアクセル,牝,5,54.5,468,7,岡村健,岡林光,,3,1:15.8,39.7,1-1-1,3,468,7
2022/01/13,船橋,8,馬い！善一の黒ニンニク発売記念Ｃ１三,1200,ダ,左,重,晴,8,2,2,パンドラフォンテン,牝,8,54.5,462,-1,和田譲,玉井昇,,4,1:16.1,39.4,6-5-4,6,462,-1
2022/01/13,船橋,8,馬い！善一の黒ニンニク発売記念Ｃ１三,1200,ダ,左,重,晴,8,6,6,ビービーモノローグ,牡,4,56.5,471,-3,庄司大,張田京,,5,1:16.1,39.4,5-6-6,1,471,-3
2022/01/13,船橋,8,馬い！善一の黒ニンニク発売記念Ｃ１三,1200,ダ,左,重,晴,8,1,1,キャッスルワンダー,牡,6,56.5,489,-2,西啓太,渋谷博,,6,1:16.2,39.6,4-4-5,5,489,-2
2022/01/13,船橋,8,馬い！善一の黒ニンニク発売記念Ｃ１三,1200,ダ,左,重,晴,8,8,8,タイセイジェニー,牝,4,54.5,429,-6,矢野貴,山田信,,7,1:16.9,40.5,3-3-3,2,429,-6
2022/01/13,船橋,8,馬い！善一の黒ニンニク発売記念Ｃ１三,1200,ダ,左,重,晴,8,7,7,マテラヴィクトリー,牡,9,56.5,493,-1,仲野光,渡邊薫,,,,,,,493,-1
2022/01/13,船橋,9,粒すけ賞Ｃ１二,1600,ダ,左,重,晴,11,6,6,キーピリオッド,牡,5,56.5,526,0,張田昂,玉井昇,,1,1:43.5,38.4,9-9-8-7,2,526,0
2022/01/13,船橋,9,粒すけ賞Ｃ１二,1600,ダ,左,重,晴,11,5,5,ヒロシゲサウザント,牡,4,56.5,537,-2,和田譲,林　幻,,2,1:43.7,38.9,6-6-6-5,4,537,-2
2022/01/13,船橋,9,粒すけ賞Ｃ１二,1600,ダ,左,重,晴,11,7,8,タイセイフリート,セ,0,56.5,491,10,矢野貴,山田信,,3,1:43.8,39.2,3-3-3-3,1,491,10
2022/01/13,船橋,9,粒すけ賞Ｃ１二,1600,ダ,左,重,晴,11,2,2,アウトストラーダ,牡,4,56.5,512,11,山崎誠,渡邊貴,,4,1:44.0,39.3,4-4-4-4,3,512,11
2022/01/13,船橋,9,粒すけ賞Ｃ１二,1600,ダ,左,重,晴,11,8,11,スパイスアップ,牡,4,56.5,488,-12,藤本現,佐々功,,5,1:44.6,38.7,10-10-10-10,7,488,-12
2022/01/13,船橋,9,粒すけ賞Ｃ１二,1600,ダ,左,重,晴,11,4,4,ストレートダンディ,牡,4,56.5,492,4,小杉亮,玉井等,,6,1:44.7,39.3,8-8-9-8,9,492,4
2022/01/13,船橋,9,粒すけ賞Ｃ１二,1600,ダ,左,重,晴,11,1,1,メイクグローリー,セ,0,56.5,485,6,本橋孝,石井勝,,7,1:44.7,40.2,1-1-1-1,6,485,6
2022/01/13,船橋,9,粒すけ賞Ｃ１二,1600,ダ,左,重,晴,11,8,10,アールケイワン,セ,0,56.5,504,-1,笹川翼,山田信,,8,1:45.1,40.4,5-5-4-6,5,504,-1
2022/01/13,船橋,9,粒すけ賞Ｃ１二,1600,ダ,左,重,晴,11,6,7,ロッソアモーレ,牝,5,54.5,480,1,保園翔,矢野義,,9,1:45.1,40.5,2-2-2-2,10,480,1
2022/01/13,船橋,9,粒すけ賞Ｃ１二,1600,ダ,左,重,晴,11,7,9,カッター,牡,4,56.5,467,4,石崎駿,石井勝,,10,1:47.5,42.7,7-7-7-9,8,467,4
2022/01/13,船橋,9,粒すけ賞Ｃ１二,1600,ダ,左,重,晴,11,3,3,ミスティックライツ,牡,4,56.5,479,7,森泰斗,佐藤太,,,,,,,479,7
2022/01/13,船橋,10,鯛ノ浦特別Ｂ１二Ｂ２一,1600,ダ,左,重,晴,11,1,1,グランコージー,牡,5,57.5,525,-1,本田重,坂本昇,,1,1:41.6,38.6,1-1-1-1,3,525,-1
2022/01/13,船橋,10,鯛ノ浦特別Ｂ１二Ｂ２一,1600,ダ,左,重,晴,11,7,8,ゴールデンサイクル,牡,6,57.5,466,6,矢野貴,渡邊貴,,2,1:42.6,39.3,3-3-3-3,1,466,6
2022/01/13,船橋,10,鯛ノ浦特別Ｂ１二Ｂ２一,1600,ダ,左,重,晴,11,5,5,キングアンドアイ,セ,0,57.5,511,2,御神訓,岡林光,,3,1:42.6,39.3,6-5-3-4,2,511,2
2022/01/13,船橋,10,鯛ノ浦特別Ｂ１二Ｂ２一,1600,ダ,左,重,晴,11,8,11,アドマイヤプリヴ,セ,0,52.5,452,3,木間龍,川島一,,4,1:43.7,40.6,2-2-2-2,4,452,3
2022/01/13,船橋,10,鯛ノ浦特別Ｂ１二Ｂ２一,1600,ダ,左,重,晴,11,4,4,ハングリーハート,セ,0,55.5,499,3,今野忠,出川克,,5,1:43.8,39.8,9-9-11-8,5,499,3
2022/01/13,船橋,10,鯛ノ浦特別Ｂ１二Ｂ２一,1600,ダ,左,重,晴,11,6,6,レベルスリー,牡,7,57.5,455,-1,山口達,林正人,,6,1:43.8,40.0,11-10-9-6,9,455,-1
2022/01/13,船橋,10,鯛ノ浦特別Ｂ１二Ｂ２一,1600,ダ,左,重,晴,11,7,9,パーソナルマキ,牡,9,56.5,509,2,七夕裕,平山真,,7,1:44.3,40.6,7-8-7-9,10,509,2
2022/01/13,船橋,10,鯛ノ浦特別Ｂ１二Ｂ２一,1600,ダ,左,重,晴,11,2,2,ストームドッグ,セ,0,57.5,429,2,山中悠,伊藤滋,,8,1:44.3,40.7,5-6-6-5,8,429,2
2022/01/13,船橋,10,鯛ノ浦特別Ｂ１二Ｂ２一,1600,ダ,左,重,晴,11,3,3,ヒガシリシャール,牡,9,55.5,495,5,山崎誠,渡邊貴,,9,1:45.1,41.3,8-7-8-10,7,495,5
2022/01/13,船橋,10,鯛ノ浦特別Ｂ１二Ｂ２一,1600,ダ,左,重,晴,11,6,7,ゴールドディザイア,牡,7,55.5,527,3,本橋孝,矢野義,,10,1:45.7,41.7,10-11-10-11,6,527,3
2022/01/13,船橋,10,鯛ノ浦特別Ｂ１二Ｂ２一,1600,ダ,左,重,晴,11,8,10,アットザヘルム,牡,8,56.5,479,9,篠谷葵,佐藤太,,11,1:45.8,42.2,4-4-5-7,11,479,9
2022/01/13,船橋,11,船橋記念４上オープン,1000,ダ,左,重,晴,13,5,6,キモンルビー,牝,5,53.5,472,-1,御神訓,川島一,,1,0:59.3,37.1,2-2,3,472,-1
2022/01/13,船橋,11,船橋記念４上オープン,1000,ダ,左,重,晴,13,6,8,カプリフレイバー,牡,5,57.5,531,5,真島大,稲益貴,,2,0:59.5,37.2,3-3,2,531,5
2022/01/13,船橋,11,船橋記念４上オープン,1000,ダ,左,重,晴,13,2,2,コパノフィーリング,牝,5,55.5,457,-3,森泰斗,新井清,,3,0:59.6,36.9,6-4,1,457,-3
2022/01/13,船橋,11,船橋記念４上オープン,1000,ダ,左,重,晴,13,1,1,ルーチェドーロ,牡,4,57.5,519,13,山林信,池田孝,,4,0:59.6,35.4,12-12,5,519,13
2022/01/13,船橋,11,船橋記念４上オープン,1000,ダ,左,重,晴,13,7,10,アドバイザー,牡,7,55.5,533,2,笹川翼,佐藤太,,5,0:59.7,37.2,4-5,4,533,2
2022/01/13,船橋,11,船橋記念４上オープン,1000,ダ,左,重,晴,13,5,7,エンテレケイア,牡,4,53.5,506,-4,和田譲,小久智,,6,0:59.7,37.0,6-8,8,506,-4
2022/01/13,船橋,11,船橋記念４上オープン,1000,ダ,左,重,晴,13,4,4,アザワク,牝,5,53.5,464,-4,張田昂,張田京,,7,0:59.8,37.6,1-1,6,464,-4
2022/01/13,船橋,11,船橋記念４上オープン,1000,ダ,左,重,晴,13,4,5,シャインカメリア,牝,7,51.5,465,-10,藤田凌,橋本馬,,8,1:00.0,36.8,10-9,11,465,-10
2022/01/13,船橋,11,船橋記念４上オープン,1000,ダ,左,重,晴,13,8,12,コウギョウブライト,セ,0,53.5,457,5,池谷匠,林隆之,,9,1:00.2,37.5,6-6,9,457,5
2022/01/13,船橋,11,船橋記念４上オープン,1000,ダ,左,重,晴,13,7,11,クルセイズスピリツ,牡,7,57.5,476,-3,西啓太,荒井朋,,10,1:00.4,37.4,9-10,10,476,-3
2022/01/13,船橋,11,船橋記念４上オープン,1000,ダ,左,重,晴,13,3,3,ヒカリオーソ,牡,6,57.5,493,5,山崎誠,岩本洋,,11,1:00.5,36.2,13-13,12,493,5
2022/01/13,船橋,11,船橋記念４上オープン,1000,ダ,左,重,晴,13,6,9,コパノキャリー,牝,5,51.5,441,-1,町田直,工藤伸,,12,1:00.8,37.6,10-11,13,441,-1
2022/01/13,船橋,11,船橋記念４上オープン,1000,ダ,左,重,晴,13,8,13,ベストマッチョ,セ,0,57.5,494,-3,本田重,佐々仁,,13,1:01.2,38.7,5-7,7,494,-3
2022/01/13,船橋,12,船橋Ｊｏｃｋｅｙｓ　ＦｅｓｔｉｖａｌＣ２,2200,ダ,左,重,晴,13,8,12,ハーリーバーリー,牡,7,56.5,530,2,田中力,岡林光,,1,2:27.7,39.3,5-5-4-2,1,530,2
2022/01/13,船橋,12,船橋Ｊｏｃｋｅｙｓ　ＦｅｓｔｉｖａｌＣ２,2200,ダ,左,重,晴,13,4,4,サンナイト,牡,8,56.5,540,-4,山中悠,山崎裕,,2,2:28.4,40.6,1-1-1-1,6,540,-4
2022/01/13,船橋,12,船橋Ｊｏｃｋｅｙｓ　ＦｅｓｔｉｖａｌＣ２,2200,ダ,左,重,晴,13,2,2,ピースオブホース,牡,4,55.5,506,-3,篠谷葵,山田質,,3,2:29.1,39.6,10-10-11-9,12,506,-3
2022/01/13,船橋,12,船橋Ｊｏｃｋｅｙｓ　ＦｅｓｔｉｖａｌＣ２,2200,ダ,左,重,晴,13,7,11,ガニュメデスレイ,牡,5,56.5,424,0,石崎駿,渡邉和,,4,2:29.3,40.7,8-8-5-4,4,424,0
2022/01/13,船橋,12,船橋Ｊｏｃｋｅｙｓ　ＦｅｓｔｉｖａｌＣ２,2200,ダ,左,重,晴,13,8,13,ジャイアンヴォーグ,牡,8,56.5,514,-15,本橋孝,玉井昇,,5,2:29.6,40.9,6-6-6-6,8,514,-15
2022/01/13,船橋,12,船橋Ｊｏｃｋｅｙｓ　ＦｅｓｔｉｖａｌＣ２,2200,ダ,左,重,晴,13,5,7,テイクバイストーム,牡,4,56.5,485,-4,岡村健,高野毅,,6,2:29.6,41.5,2-2-2-3,3,485,-4
2022/01/13,船橋,12,船橋Ｊｏｃｋｅｙｓ　ＦｅｓｔｉｖａｌＣ２,2200,ダ,左,重,晴,13,6,8,ガイディングスター,セ,0,53.5,474,6,木間龍,佐々清,,7,2:29.6,40.2,11-11-9-7,9,474,6
2022/01/13,船橋,12,船橋Ｊｏｃｋｅｙｓ　ＦｅｓｔｉｖａｌＣ２,2200,ダ,左,重,晴,13,7,10,テンポラーレ,牡,4,56.5,523,13,張田昂,山中尊,,8,2:30.3,41.0,9-9-8-8,11,523,13
2022/01/13,船橋,12,船橋Ｊｏｃｋｅｙｓ　ＦｅｓｔｉｖａｌＣ２,2200,ダ,左,重,晴,13,6,9,ディープステイト,牡,4,56.5,475,2,仲野光,齊藤敏,,9,2:30.4,42.1,3-3-3-5,2,475,2
2022/01/13,船橋,12,船橋Ｊｏｃｋｅｙｓ　ＦｅｓｔｉｖａｌＣ２,2200,ダ,左,重,晴,13,5,6,エスジーリカチャン,牝,4,54.5,468,0,本田重,田島寿,,10,2:30.9,41.5,7-7-10-11,7,468,0
2022/01/13,船橋,12,船橋Ｊｏｃｋｅｙｓ　ＦｅｓｔｉｖａｌＣ２,2200,ダ,左,重,晴,13,3,3,サーフシェイパー,牡,6,56.5,465,1,山本紀,出川克,,11,2:31.2,41.7,12-13-12-10,5,465,1
2022/01/13,船橋,12,船橋Ｊｏｃｋｅｙｓ　ＦｅｓｔｉｖａｌＣ２,2200,ダ,左,重,晴,13,4,5,インヴィジブル,牡,9,56.5,464,-3,高橋利,玉井勝,,12,2:31.9,41.9,13-12-13-13,13,464,-3
2022/01/13,船橋,12,船橋Ｊｏｃｋｅｙｓ　ＦｅｓｔｉｖａｌＣ２,2200,ダ,左,重,晴,13,1,1,キングエド,セ,0,56.5,495,11,山口達,石井勝,,13,2:32.9,43.9,4-4-7-12,10,495,11
2022/01/14,船橋,1,３歳選抜馬,1500,ダ,左,稍重,晴,7,4,4,ビナハロン,セ,0,56.5,457,-5,小杉亮,矢野義,,1,1:39.0,41.7,3-3-3-2,4,457,-5
2022/01/14,船橋,1,３歳選抜馬,1500,ダ,左,稍重,晴,7,6,6,ベローナフレイバー,牝,3,54.5,443,-7,和田譲,稲益貴,,2,1:41.1,43.9,1-2-1-1,1,443,-7
2022/01/14,船橋,1,３歳選抜馬,1500,ダ,左,稍重,晴,7,7,7,マーシテイクオン,牡,3,56.5,485,-1,西村栄,矢野義,,3,1:41.4,43.2,7-7-7-6,5,485,-1
2022/01/14,船橋,1,３歳選抜馬,1500,ダ,左,稍重,晴,7,1,1,メルル,牝,3,54.5,380,3,濱田達,伊藤滋,,4,1:42.6,44.9,5-4-4-4,7,380,3
2022/01/14,船橋,1,３歳選抜馬,1500,ダ,左,稍重,晴,7,2,2,セカンドレイヤー,牝,3,54.5,422,5,山本紀,齊藤敏,,5,1:42.8,45.1,6-5-5-3,3,422,5
2022/01/14,船橋,1,３歳選抜馬,1500,ダ,左,稍重,晴,7,5,5,リンクスシュウ,牡,3,56.5,453,6,笠野雄,渡邊貴,,6,1:44.9,46.8,4-6-6-7,6,453,6
2022/01/14,船橋,1,３歳選抜馬,1500,ダ,左,稍重,晴,7,3,3,ボルドサタン,牡,3,56.5,480,1,森泰斗,石井勝,,7,1:47.5,50.3,2-1-2-5,2,480,1
2022/01/14,船橋,2,パプリカデビュー３歳,1000,ダ,左,稍重,晴,7,6,6,マイレレイ,牡,3,56.5,0,0,森泰斗,岡林光,,1,1:01.9,38.1,1-1,1,0,0
2022/01/14,船橋,2,パプリカデビュー３歳,1000,ダ,左,稍重,晴,7,4,4,ソレイユスマイル,牝,3,54.5,0,0,笹川翼,川島一,,2,1:02.4,38.3,3-2,2,0,0
2022/01/14,船橋,2,パプリカデビュー３歳,1000,ダ,左,稍重,晴,7,3,3,スタードラゴン,牡,3,56.5,0,0,石崎駿,矢野義,,3,1:03.8,39.6,4-3,4,0,0
2022/01/14,船橋,2,パプリカデビュー３歳,1000,ダ,左,稍重,晴,7,5,5,ブラックキャノン,セ,0,56.5,0,0,笠野雄,稲益貴,,4,1:03.8,39.5,5-5,3,0,0
2022/01/14,船橋,2,パプリカデビュー３歳,1000,ダ,左,稍重,晴,7,1,1,ベティシャンクシー,牝,3,54.5,0,0,澤田龍,齊藤敏,,5,1:05.2,40.3,6-6,7,0,0
2022/01/14,船橋,2,パプリカデビュー３歳,1000,ダ,左,稍重,晴,7,2,2,ハピネスラニ,セ,0,56.5,0,0,小杉亮,矢野義,,6,1:06.2,41.0,7-7,5,0,0
2022/01/14,船橋,2,パプリカデビュー３歳,1000,ダ,左,稍重,晴,7,7,7,マックロマン,牡,3,56.5,0,0,山本紀,渋谷博,,7,1:06.7,42.6,2-4,6,0,0
2022/01/14,船橋,3,Ｃ３三 四,1200,ダ,左,稍重,晴,10,5,5,ランボボーイ,牡,4,55.5,503,17,笹川翼,岡林光,,1,1:14.1,38.3,1-1-1,1,503,17
2022/01/14,船橋,3,Ｃ３三 四,1200,ダ,左,稍重,晴,10,8,10,フレンドジェイ,牡,4,56.5,477,5,臼井健,佐々功,,2,1:16.6,40.4,3-3-3,5,477,5
2022/01/14,船橋,3,Ｃ３三 四,1200,ダ,左,稍重,晴,10,6,6,ビービーファブル,牡,5,56.5,462,-1,本橋孝,新井清,,3,1:16.9,40.5,5-5-5,2,462,-1
2022/01/14,船橋,3,Ｃ３三 四,1200,ダ,左,稍重,晴,10,4,4,ラクロワゼット,牡,5,56.5,495,-4,石崎駿,米谷康,,4,1:17.0,40.6,4-4-4,4,495,-4
2022/01/14,船橋,3,Ｃ３三 四,1200,ダ,左,稍重,晴,10,3,3,クレバーレディー,牝,7,54.5,488,0,山口達,渡邊貴,,5,1:17.2,40.0,8-8-8,6,488,0
2022/01/14,船橋,3,Ｃ３三 四,1200,ダ,左,稍重,晴,10,1,1,トモエタカ,牡,5,56.5,452,0,川島正,石井勝,,6,1:17.6,40.8,7-7-7,9,452,0
2022/01/14,船橋,3,Ｃ３三 四,1200,ダ,左,稍重,晴,10,7,7,ウィローグラウス,牝,6,54.5,477,-4,高橋利,矢内博,,7,1:17.6,41.1,6-6-6,7,477,-4
2022/01/14,船橋,3,Ｃ３三 四,1200,ダ,左,稍重,晴,10,8,9,スマートミニヨン,牝,4,54.5,425,6,笠野雄,山中尊,,8,1:17.8,41.8,2-2-2,8,425,6
2022/01/14,船橋,3,Ｃ３三 四,1200,ダ,左,稍重,晴,10,2,2,プレストウイング,牡,4,56.5,487,4,岡村健,玉井勝,,9,1:17.8,40.2,9-10-10,10,487,4
2022/01/14,船橋,3,Ｃ３三 四,1200,ダ,左,稍重,晴,10,7,8,ヒアユーアー,牝,4,54.5,500,3,張田昂,佐々清,,10,1:18.1,40.8,10-9-9,3,500,3
2022/01/14,船橋,4,Ｃ３三 四,1500,ダ,左,稍重,晴,9,8,8,ブラックアリエス,セ,0,58.5,480,1,和田譲,林　幻,,1,1:37.5,39.0,4-4-4-4,2,480,1
2022/01/14,船橋,4,Ｃ３三 四,1500,ダ,左,稍重,晴,9,4,4,ハクサンウインク,牝,7,54.5,489,-5,酒井忍,矢野義,,2,1:37.6,39.3,3-3-3-3,1,489,-5
2022/01/14,船橋,4,Ｃ３三 四,1500,ダ,左,稍重,晴,9,2,2,ブランヴィサージュ,牡,7,56.5,492,14,左海誠,林正人,,3,1:38.3,40.7,1-1-1-1,3,492,14
2022/01/14,船橋,4,Ｃ３三 四,1500,ダ,左,稍重,晴,9,8,9,ニシノブライアント,牡,4,56.5,465,12,森泰斗,渋谷博,,4,1:38.7,40.0,7-7-5-5,4,465,12
2022/01/14,船橋,4,Ｃ３三 四,1500,ダ,左,稍重,晴,9,6,6,ゴールデンルート,牝,8,54.5,454,-2,野澤憲,玉井等,,5,1:39.7,41.9,2-2-2-2,6,454,-2
2022/01/14,船橋,4,Ｃ３三 四,1500,ダ,左,稍重,晴,9,7,7,ポップアップレーヌ,牝,6,54.5,464,7,本橋孝,石井勝,,6,1:40.2,41.5,5-5-6-6,5,464,7
2022/01/14,船橋,4,Ｃ３三 四,1500,ダ,左,稍重,晴,9,1,1,インディードシチー,牡,5,56.5,507,10,柿本量,宮下靖,,7,1:41.3,41.5,8-8-8-8,9,507,10
2022/01/14,船橋,4,Ｃ３三 四,1500,ダ,左,稍重,晴,9,5,5,アイーダ,牝,8,54.5,479,-2,内田利,佐々功,,8,1:42.0,42.2,6-6-9-9,8,479,-2
2022/01/14,船橋,4,Ｃ３三 四,1500,ダ,左,稍重,晴,9,3,3,ラップリーダー,牡,4,56.5,454,5,川島正,林　幻,,9,1:42.7,43.4,9-9-7-7,7,454,5
2022/01/14,船橋,5,Ｃ３選抜馬,1200,ダ,左,稍重,晴,12,2,2,ダンガンシュート,牡,7,56.5,505,3,藤本現,佐々功,,1,1:14.5,38.6,1-1-1,1,505,3
2022/01/14,船橋,5,Ｃ３選抜馬,1200,ダ,左,稍重,晴,12,5,5,ザワールド,牝,7,54.5,479,7,岡村健,伊藤滋,,2,1:15.9,39.3,6-6-6,4,479,7
2022/01/14,船橋,5,Ｃ３選抜馬,1200,ダ,左,稍重,晴,12,1,1,エスシーゾロ,牡,5,56.5,505,9,山中悠,渡邊貴,,3,1:15.9,39.6,4-3-2,3,505,9
2022/01/14,船橋,5,Ｃ３選抜馬,1200,ダ,左,稍重,晴,12,8,11,ビクトリーワルツ,牝,5,54.5,463,-4,達城龍,矢内博,,4,1:16.2,39.3,8-8-7,6,463,-4
2022/01/14,船橋,5,Ｃ３選抜馬,1200,ダ,左,稍重,晴,12,7,10,タイキマイスター,牡,6,56.5,485,-1,張田昂,玉井昇,,5,1:16.6,39.4,11-10-9,5,485,-1
2022/01/14,船橋,5,Ｃ３選抜馬,1200,ダ,左,稍重,晴,12,6,8,ミヤノキッドマン,牡,6,56.5,456,11,臼井健,石井勝,,6,1:17.2,40.2,9-9-10,7,456,11
2022/01/14,船橋,5,Ｃ３選抜馬,1200,ダ,左,稍重,晴,12,6,7,テンペスタース,牡,4,56.5,468,-2,福原杏,齊藤敏,,7,1:17.7,41.4,3-4-4,12,468,-2
2022/01/14,船橋,5,Ｃ３選抜馬,1200,ダ,左,稍重,晴,12,3,3,フィーリウスワン,牡,4,56.5,471,1,矢野貴,林　幻,,8,1:17.9,41.3,5-7-8,2,471,1
2022/01/14,船橋,5,Ｃ３選抜馬,1200,ダ,左,稍重,晴,12,7,9,ハクサンバレー,牝,5,54.5,438,1,酒井忍,森　始,,9,1:18.0,40.7,10-11-11,10,438,1
2022/01/14,船橋,5,Ｃ３選抜馬,1200,ダ,左,稍重,晴,12,5,6,カルトデュモンド,牡,8,53.5,449,-2,木間龍,川島一,,10,1:18.1,41.7,7-5-5,8,449,-2
2022/01/14,船橋,5,Ｃ３選抜馬,1200,ダ,左,稍重,晴,12,8,12,レインボーシャトル,牡,7,56.5,546,16,山口達,阿井正,,11,1:18.3,40.8,12-12-12,11,546,16
2022/01/14,船橋,5,Ｃ３選抜馬,1200,ダ,左,稍重,晴,12,4,4,マグナスエフェクト,牡,8,56.5,481,-4,川島正,佐々清,,12,1:19.9,43.8,2-2-3,9,481,-4
2022/01/14,船橋,6,ＧＡ文庫大賞受賞！競馬ラノベ刊Ｃ２九 十,1200,ダ,左,稍重,晴,12,4,4,ハイガーデン,牝,4,54.5,457,-2,本田重,川島一,,1,1:14.4,39.2,2-2-2,1,457,-2
2022/01/14,船橋,6,ＧＡ文庫大賞受賞！競馬ラノベ刊Ｃ２九 十,1200,ダ,左,稍重,晴,12,7,9,フェアリートレイル,牝,4,54.5,464,-10,森泰斗,齊藤敏,,2,1:15.5,40.5,1-1-1,2,464,-10
2022/01/14,船橋,6,ＧＡ文庫大賞受賞！競馬ラノベ刊Ｃ２九 十,1200,ダ,左,稍重,晴,12,5,5,マリノアルカディア,牝,4,54.5,453,-3,本橋孝,石井勝,,3,1:15.7,40.5,3-3-3,3,453,-3
2022/01/14,船橋,6,ＧＡ文庫大賞受賞！競馬ラノベ刊Ｃ２九 十,1200,ダ,左,稍重,晴,12,2,2,センターロード,牝,5,54.5,437,-6,山中悠,伊藤滋,,4,1:15.9,38.9,12-10-9,6,437,-6
2022/01/14,船橋,6,ＧＡ文庫大賞受賞！競馬ラノベ刊Ｃ２九 十,1200,ダ,左,稍重,晴,12,5,6,スカイカンナ,牝,4,54.5,450,5,笹川翼,山中尊,,5,1:16.1,40.8,4-4-4,9,450,5
2022/01/14,船橋,6,ＧＡ文庫大賞受賞！競馬ラノベ刊Ｃ２九 十,1200,ダ,左,稍重,晴,12,6,7,ハクサンスプリング,牡,4,53.5,441,9,木間龍,矢野義,,6,1:16.2,39.5,11-9-7,4,441,9
2022/01/14,船橋,6,ＧＡ文庫大賞受賞！競馬ラノベ刊Ｃ２九 十,1200,ダ,左,稍重,晴,12,8,12,マリブスターソング,牝,4,54.5,461,4,張田昂,渡邊貴,,7,1:16.3,39.7,6-6-6,7,461,4
2022/01/14,船橋,6,ＧＡ文庫大賞受賞！競馬ラノベ刊Ｃ２九 十,1200,ダ,左,稍重,晴,12,7,10,リュウノロー,牡,5,56.5,498,-6,藤本現,齊藤敏,,8,1:16.6,40.8,5-5-5,5,498,-6
2022/01/14,船橋,6,ＧＡ文庫大賞受賞！競馬ラノベ刊Ｃ２九 十,1200,ダ,左,稍重,晴,12,8,11,アラゴネス,セ,0,56.5,559,-8,臼井健,佐々功,,9,1:17.0,40.4,8-7-8,8,559,-8
2022/01/14,船橋,6,ＧＡ文庫大賞受賞！競馬ラノベ刊Ｃ２九 十,1200,ダ,左,稍重,晴,12,3,3,シゲルアコヤガイ,牝,6,54.5,452,3,福原杏,齊藤敏,,10,1:17.6,40.6,10-11-11,10,452,3
2022/01/14,船橋,6,ＧＡ文庫大賞受賞！競馬ラノベ刊Ｃ２九 十,1200,ダ,左,稍重,晴,12,6,8,エムワンブラッサム,牝,4,54.5,430,-1,内田利,佐々功,,11,1:17.7,41.0,7-8-10,12,430,-1
2022/01/14,船橋,6,ＧＡ文庫大賞受賞！競馬ラノベ刊Ｃ２九 十,1200,ダ,左,稍重,晴,12,1,1,ハイランドハニー,牝,4,54.5,439,0,藤江渉,田島寿,,12,1:17.7,40.6,9-12-12,11,439,0
2022/01/14,船橋,7,Ｃ２九 十,1500,ダ,左,稍重,晴,10,8,9,ジュンモユル,牡,7,56.5,520,-9,今野忠,張田京,,1,1:37.0,39.3,3-3-3-3,2,520,-9
2022/01/14,船橋,7,Ｃ２九 十,1500,ダ,左,稍重,晴,10,2,2,シントーキング,セ,0,57.5,519,-1,小杉亮,林　幻,,2,1:37.6,39.8,4-4-4-4,3,519,-1
2022/01/14,船橋,7,Ｃ２九 十,1500,ダ,左,稍重,晴,10,7,7,エールプレジール,セ,0,56.5,486,-3,山崎誠,渋谷博,,3,1:37.8,39.0,9-9-9-8,6,486,-3
2022/01/14,船橋,7,Ｃ２九 十,1500,ダ,左,稍重,晴,10,3,3,レッドエステーラ,牝,6,54.5,428,12,笠野雄,山中尊,,4,1:38.1,40.0,7-7-5-5,1,428,12
2022/01/14,船橋,7,Ｃ２九 十,1500,ダ,左,稍重,晴,10,8,10,マルヒロキング,牡,7,56.5,501,3,石崎駿,玉井等,,5,1:38.2,40.0,5-6-7-6,4,501,3
2022/01/14,船橋,7,Ｃ２九 十,1500,ダ,左,稍重,晴,10,4,4,アミフジウジョウ,牡,5,53.5,476,2,木間龍,矢野義,,6,1:38.5,41.0,2-2-2-2,7,476,2
2022/01/14,船橋,7,Ｃ２九 十,1500,ダ,左,稍重,晴,10,6,6,レインボーアメリ,牝,8,54.5,475,-2,山中悠,石井勝,,7,1:38.8,40.7,6-5-6-7,8,475,-2
2022/01/14,船橋,7,Ｃ２九 十,1500,ダ,左,稍重,晴,10,1,1,アイファーオレンジ,牝,5,54.5,435,-1,臼井健,佐々功,,8,1:40.4,42.9,1-1-1-1,5,435,-1
2022/01/14,船橋,7,Ｃ２九 十,1500,ダ,左,稍重,晴,10,5,5,スペルガッサン,牝,4,54.5,433,1,澤田龍,坂本昇,,9,1:41.7,42.9,8-8-8-9,9,433,1
2022/01/14,船橋,7,Ｃ２九 十,1500,ダ,左,稍重,晴,10,7,8,ニシノカシン,牡,4,56.5,472,4,國分祐,冨田敏,,10,1:42.2,42.6,10-10-10-10,10,472,4
2022/01/14,船橋,8,馬い！大寒卵はサンサンエッグＣ２選抜馬,1200,ダ,左,稍重,晴,12,1,1,クールガジェット,牡,4,56.5,520,2,山口達,稲益貴,,1,1:15.2,39.3,1-1-1,7,520,2
2022/01/14,船橋,8,馬い！大寒卵はサンサンエッグＣ２選抜馬,1200,ダ,左,稍重,晴,12,2,2,ドドーニサンサン,牡,4,56.5,488,-7,山中悠,渋谷博,,2,1:15.3,39.2,5-3-3,6,488,-7
2022/01/14,船橋,8,馬い！大寒卵はサンサンエッグＣ２選抜馬,1200,ダ,左,稍重,晴,12,4,4,カンパニリズモ,セ,0,56.5,493,16,笹川翼,岡林光,,3,1:15.3,39.3,3-2-2,8,493,16
2022/01/14,船橋,8,馬い！大寒卵はサンサンエッグＣ２選抜馬,1200,ダ,左,稍重,晴,12,8,11,エクメディノツルギ,牝,5,54.5,449,4,本橋孝,石井勝,,4,1:15.6,39.1,8-9-7,5,449,4
2022/01/14,船橋,8,馬い！大寒卵はサンサンエッグＣ２選抜馬,1200,ダ,左,稍重,晴,12,5,6,ゲンパチノーブル,牝,5,54.5,445,-2,小杉亮,矢内博,,5,1:16.0,39.5,9-8-9,3,445,-2
2022/01/14,船橋,8,馬い！大寒卵はサンサンエッグＣ２選抜馬,1200,ダ,左,稍重,晴,12,6,8,ナインゲーツ,牡,4,56.5,486,4,本田重,川島一,,6,1:16.1,39.3,11-10-10,4,486,4
2022/01/14,船橋,8,馬い！大寒卵はサンサンエッグＣ２選抜馬,1200,ダ,左,稍重,晴,12,5,5,ジーガープリンス,牡,8,56.5,537,8,石崎駿,石井勝,,7,1:16.1,40.0,2-3-4,2,537,8
2022/01/14,船橋,8,馬い！大寒卵はサンサンエッグＣ２選抜馬,1200,ダ,左,稍重,晴,12,7,10,アートオブライフ,牝,5,54.5,446,2,和田譲,稲益貴,,8,1:16.3,38.7,12-12-12,10,446,2
2022/01/14,船橋,8,馬い！大寒卵はサンサンエッグＣ２選抜馬,1200,ダ,左,稍重,晴,12,3,3,シンメロワン,セ,0,56.5,483,0,岡村健,佐藤太,,9,1:16.6,39.8,10-10-11,11,483,0
2022/01/14,船橋,8,馬い！大寒卵はサンサンエッグＣ２選抜馬,1200,ダ,左,稍重,晴,12,7,9,グレイスディーヴァ,牝,4,51.5,502,9,木間龍,渋谷博,,10,1:17.0,40.7,7-7-6,12,502,9
2022/01/14,船橋,8,馬い！大寒卵はサンサンエッグＣ２選抜馬,1200,ダ,左,稍重,晴,12,8,12,エターナルルビー,牝,4,54.5,446,4,矢野貴,坂本昇,,11,1:17.1,40.9,6-6-5,1,446,4
2022/01/14,船橋,8,馬い！大寒卵はサンサンエッグＣ２選抜馬,1200,ダ,左,稍重,晴,12,6,7,キョウエイオビエド,牡,7,56.5,471,-8,實川純,佐々功,,12,1:19.7,43.5,4-5-8,9,471,-8
2022/01/14,船橋,9,初富賞Ｃ１一,1600,ダ,左,稍重,晴,13,5,6,キュアグローリー,牝,4,54.5,490,7,本橋孝,矢野義,,1,1:43.5,39.1,1-1-1-1,8,490,7
2022/01/14,船橋,9,初富賞Ｃ１一,1600,ダ,左,稍重,晴,13,8,12,ブラックネロ,牡,4,56.5,447,-2,和田譲,岩本洋,,2,1:43.7,39.1,3-3-3-3,11,447,-2
2022/01/14,船橋,9,初富賞Ｃ１一,1600,ダ,左,稍重,晴,13,7,11,キトゥンズルンバ,セ,0,55.5,465,9,篠谷葵,出川克,,3,1:44.4,39.6,5-6-4-4,1,465,9
2022/01/14,船橋,9,初富賞Ｃ１一,1600,ダ,左,稍重,晴,13,4,4,アンダンテバイオ,牝,7,54.5,440,0,岡村健,岡林光,,4,1:44.6,39.6,8-7-8-7,3,440,0
2022/01/14,船橋,9,初富賞Ｃ１一,1600,ダ,左,稍重,晴,13,1,1,ブライトアクトレス,牝,6,54.5,522,6,矢野貴,齊藤敏,,5,1:44.8,39.5,11-11-11-12,5,522,6
2022/01/14,船橋,9,初富賞Ｃ１一,1600,ダ,左,稍重,晴,13,4,5,スカテナート,牡,6,56.5,461,-1,達城龍,栗田裕,,6,1:44.8,39.7,10-8-10-8,7,461,-1
2022/01/14,船橋,9,初富賞Ｃ１一,1600,ダ,左,稍重,晴,13,8,13,クリスタルスワン,牝,4,54.5,494,2,岡村裕,山崎尋,,7,1:44.8,39.8,9-10-7-6,6,494,2
2022/01/14,船橋,9,初富賞Ｃ１一,1600,ダ,左,稍重,晴,13,6,9,ヴィアグローリアス,牝,8,54.5,473,5,森泰斗,新井清,,8,1:44.8,40.2,2-2-2-2,4,473,5
2022/01/14,船橋,9,初富賞Ｃ１一,1600,ダ,左,稍重,晴,13,7,10,アークエンジェル,牡,4,56.5,452,6,張田昂,新井健,,9,1:45.0,39.9,6-5-9-10,9,452,6
2022/01/14,船橋,9,初富賞Ｃ１一,1600,ダ,左,稍重,晴,13,6,8,スパラキシス,牝,4,54.5,486,4,左海誠,林正人,,10,1:45.0,40.1,7-9-6-5,2,486,4
2022/01/14,船橋,9,初富賞Ｃ１一,1600,ダ,左,稍重,晴,13,2,2,ジェネシスムーン,牝,4,54.5,435,-7,山中悠,伊藤滋,,11,1:45.3,40.4,4-4-5-9,10,435,-7
2022/01/14,船橋,9,初富賞Ｃ１一,1600,ダ,左,稍重,晴,13,3,3,セントレガーロ,牝,4,54.5,442,4,田中力,岡林光,,12,1:45.7,40.4,12-12-12-11,12,442,4
2022/01/14,船橋,9,初富賞Ｃ１一,1600,ダ,左,稍重,晴,13,5,7,スコトントン,牝,4,51.5,0,0,菅原涼,橋本馬,,,,,,,0,0
2022/01/14,船橋,10,カーバンクルスプリントＢ２選抜馬,1200,ダ,左,稍重,晴,12,5,6,ハセノエクスプレス,牡,4,56.5,464,-4,張田昂,張田京,,1,1:13.8,38.2,1-2-2,1,464,-4
2022/01/14,船橋,10,カーバンクルスプリントＢ２選抜馬,1200,ダ,左,稍重,晴,12,4,4,ノラ,牝,5,54.5,499,6,和田譲,坂本昇,,2,1:14.0,38.2,4-4-4,4,499,6
2022/01/14,船橋,10,カーバンクルスプリントＢ２選抜馬,1200,ダ,左,稍重,晴,12,2,2,ミックベンハー,牡,7,56.5,529,3,澤田龍,坂井英,,3,1:14.0,38.4,2-1-1,6,529,3
2022/01/14,船橋,10,カーバンクルスプリントＢ２選抜馬,1200,ダ,左,稍重,晴,12,6,7,スマイルミュ,牝,4,54.5,514,12,森泰斗,張田京,,4,1:14.5,38.3,6-6-6,3,514,12
2022/01/14,船橋,10,カーバンクルスプリントＢ２選抜馬,1200,ダ,左,稍重,晴,12,3,3,ガイセン,牡,6,56.5,438,-3,岡村健,稲益貴,,5,1:14.7,37.9,8-7-7,5,438,-3
2022/01/14,船橋,10,カーバンクルスプリントＢ２選抜馬,1200,ダ,左,稍重,晴,12,7,10,スティローザ,牝,5,54.5,488,-1,酒井忍,矢野義,,6,1:14.8,38.0,7-8-8,9,488,-1
2022/01/14,船橋,10,カーバンクルスプリントＢ２選抜馬,1200,ダ,左,稍重,晴,12,8,12,ビッグバンド,セ,0,56.5,499,5,野澤憲,山田信,,7,1:14.8,39.0,5-5-5,2,499,5
2022/01/14,船橋,10,カーバンクルスプリントＢ２選抜馬,1200,ダ,左,稍重,晴,12,1,1,モエレコネクター,牡,6,56.5,517,3,藤本現,齊藤敏,,8,1:15.2,38.2,11-10-9,11,517,3
2022/01/14,船橋,10,カーバンクルスプリントＢ２選抜馬,1200,ダ,左,稍重,晴,12,5,5,ジョガールボニート,牡,6,56.5,484,-3,山崎誠,山崎尋,,9,1:15.4,38.4,9-9-10,10,484,-3
2022/01/14,船橋,10,カーバンクルスプリントＢ２選抜馬,1200,ダ,左,稍重,晴,12,8,11,コアコンピタンス,セ,0,56.5,518,5,矢野貴,坂本昇,,10,1:15.8,38.6,10-11-11,7,518,5
2022/01/14,船橋,10,カーバンクルスプリントＢ２選抜馬,1200,ダ,左,稍重,晴,12,6,8,ネコマレー,牝,7,54.5,444,-3,笠野雄,渡邊貴,,11,1:16.0,40.3,3-3-3,8,444,-3
2022/01/14,船橋,10,カーバンクルスプリントＢ２選抜馬,1200,ダ,左,稍重,晴,12,7,9,フェールアシュバル,牝,5,54.5,503,1,山崎良,橋本馬,,,,,,,503,1
2022/01/14,船橋,11,習志野特別Ａ２Ｂ１一,1600,ダ,左,稍重,晴,11,6,7,スマイルウィ,牡,5,57.5,570,10,矢野貴,張田京,,1,1:41.6,38.0,1-1-1-1,1,570,10
2022/01/14,船橋,11,習志野特別Ａ２Ｂ１一,1600,ダ,左,稍重,晴,11,7,8,ウィンターフェル,牡,6,57.5,535,30,本田重,川島一,,2,1:42.2,38.2,3-4-6-5,6,535,30
2022/01/14,船橋,11,習志野特別Ａ２Ｂ１一,1600,ダ,左,稍重,晴,11,8,10,ヨハン,牡,6,57.5,451,9,本橋孝,山下之,,3,1:42.3,38.5,4-2-3-2,4,451,9
2022/01/14,船橋,11,習志野特別Ａ２Ｂ１一,1600,ダ,左,稍重,晴,11,7,9,デアフルーグ,牡,6,57.5,515,11,左海誠,林正人,,4,1:42.8,38.8,7-7-7-6,2,515,11
2022/01/14,船橋,11,習志野特別Ａ２Ｂ１一,1600,ダ,左,稍重,晴,11,1,1,ゴーマイウェイ,牡,6,57.5,514,7,藤本現,佐々功,,5,1:42.8,38.6,5-6-10-7,3,514,7
2022/01/14,船橋,11,習志野特別Ａ２Ｂ１一,1600,ダ,左,稍重,晴,11,8,11,ピュアオーシャン,牡,5,57.5,525,1,笹川翼,森下淳,,6,1:43.1,39.3,2-3-4-3,7,525,1
2022/01/14,船橋,11,習志野特別Ａ２Ｂ１一,1600,ダ,左,稍重,晴,11,3,3,リュウノセンター,牡,8,57.5,507,3,町田直,齊藤敏,,7,1:43.5,39.7,11-11-2-4,10,507,3
2022/01/14,船橋,11,習志野特別Ａ２Ｂ１一,1600,ダ,左,稍重,晴,11,6,6,ララパルーザ,牡,9,54.5,554,15,篠谷葵,佐藤太,,8,1:43.5,39.2,9-9-11-11,11,554,15
2022/01/14,船橋,11,習志野特別Ａ２Ｂ１一,1600,ダ,左,稍重,晴,11,4,4,デザートスネーク,セ,0,57.5,477,-7,野澤憲,矢野義,,9,1:43.6,39.4,8-8-9-10,9,477,-7
2022/01/14,船橋,11,習志野特別Ａ２Ｂ１一,1600,ダ,左,稍重,晴,11,5,5,イリオン,牡,7,57.5,465,9,山崎誠,渡邊貴,,10,1:44.0,39.8,10-10-8-9,8,465,9
2022/01/14,船橋,11,習志野特別Ａ２Ｂ１一,1600,ダ,左,稍重,晴,11,2,2,リーチ,牡,4,57.5,515,-4,和田譲,米谷康,,11,1:44.2,40.2,6-5-5-8,5,515,-4
2022/01/14,船橋,12,シンビジウム特別Ｂ３二,1600,ダ,左,稍重,晴,13,2,2,マッドルーレット,牡,4,56.5,491,2,森泰斗,山中尊,,1,1:41.7,39.1,1-1-1-1,1,491,2
2022/01/14,船橋,12,シンビジウム特別Ｂ３二,1600,ダ,左,稍重,晴,13,5,6,ハクサンチコチャン,牝,5,54.5,481,-1,酒井忍,矢野義,,2,1:42.9,39.3,10-9-8-4,4,481,-1
2022/01/14,船橋,12,シンビジウム特別Ｂ３二,1600,ダ,左,稍重,晴,13,7,10,カンバンムスメ,牝,8,54.5,457,0,矢野貴,山田信,,3,1:43.2,40.1,4-4-4-3,3,457,0
2022/01/14,船橋,12,シンビジウム特別Ｂ３二,1600,ダ,左,稍重,晴,13,4,5,モンストルオーソ,牡,5,56.5,479,9,笹川翼,佐藤太,,4,1:43.4,40.5,3-3-3-2,2,479,9
2022/01/14,船橋,12,シンビジウム特別Ｂ３二,1600,ダ,左,稍重,晴,13,7,11,プレストカイザー,牡,4,56.5,474,-8,川島正,山下之,,5,1:44.1,40.9,5-5-5-5,5,474,-8
2022/01/14,船橋,12,シンビジウム特別Ｂ３二,1600,ダ,左,稍重,晴,13,8,12,コパノメンデス,牡,7,56.5,454,7,小杉亮,凾館一,,6,1:44.6,41.0,8-8-6-8,8,454,7
2022/01/14,船橋,12,シンビジウム特別Ｂ３二,1600,ダ,左,稍重,晴,13,4,4,ニッチモサッチモ,セ,0,56.5,454,1,和田譲,伊藤滋,,7,1:44.6,41.0,7-7-7-7,10,454,1
2022/01/14,船橋,12,シンビジウム特別Ｂ３二,1600,ダ,左,稍重,晴,13,8,13,コスモルシオ,牡,6,56.5,542,1,藤江渉,鈴木義,,8,1:44.9,41.1,9-10-9-9,6,542,1
2022/01/14,船橋,12,シンビジウム特別Ｂ３二,1600,ダ,左,稍重,晴,13,5,7,サブルドール,牝,4,54.5,482,7,張田昂,山下之,,9,1:44.9,40.6,11-11-11-10,9,482,7
2022/01/14,船橋,12,シンビジウム特別Ｂ３二,1600,ダ,左,稍重,晴,13,6,9,イフユーワナ,牡,6,56.5,518,8,左海誠,林正人,,10,1:45.9,41.6,13-13-12-12,11,518,8
2022/01/14,船橋,12,シンビジウム特別Ｂ３二,1600,ダ,左,稍重,晴,13,3,3,シュヴァルダムール,セ,0,56.5,519,8,保園翔,川島一,,11,1:46.3,43.4,2-2-2-6,13,519,8
2022/01/14,船橋,12,シンビジウム特別Ｂ３二,1600,ダ,左,稍重,晴,13,6,8,トイトイトイ,牡,9,56.5,473,9,山口達,林正人,,12,1:46.3,41.7,12-12-13-13,12,473,9
2022/01/14,船橋,12,シンビジウム特別Ｂ３二,1600,ダ,左,稍重,晴,13,1,1,サプライズレター,牝,6,54.5,419,-3,町田直,古澤悟,,13,1:48.3,44.3,6-6-10-11,7,419,-3
2022/02/14,船橋,1,Ｃ３九,1200,ダ,左,不良,曇,6,4,4,バジガクエブリン,牝,4,54.5,466,5,臼井健,山中尊,,1,1:18.1,41.4,3-3-3,2,466,5
2022/02/14,船橋,1,Ｃ３九,1200,ダ,左,不良,曇,6,3,3,キープファイト,牡,4,56.5,537,8,和田譲,稲益貴,,2,1:18.2,41.6,2-2-2,1,537,8
2022/02/14,船橋,1,Ｃ３九,1200,ダ,左,不良,曇,6,6,6,シュウエットカズ,牡,4,56.5,549,23,西村栄,矢内博,,3,1:18.5,41.6,4-4-4,4,549,23
2022/02/14,船橋,1,Ｃ３九,1200,ダ,左,不良,曇,6,1,1,モッツアン,牡,4,56.5,484,-3,小杉亮,矢内博,,4,1:19.6,43.0,1-1-1,3,484,-3
2022/02/14,船橋,1,Ｃ３九,1200,ダ,左,不良,曇,6,5,5,ソルダーシップ,牝,8,54.5,433,-7,田中力,森　始,,5,1:19.8,41.5,5-5-5,6,433,-7
2022/02/14,船橋,1,Ｃ３九,1200,ダ,左,不良,曇,6,2,2,グアパ,牝,4,54.5,505,4,仲野光,山下之,,6,1:19.8,41.4,6-6-6,5,505,4
2022/02/14,船橋,2,３歳六以下選抜馬,1500,ダ,左,不良,曇,12,7,10,エクレールスカイ,牡,3,56.5,425,-4,山口達,林正人,,1,1:38.3,39.3,4-3-2-1,1,425,-4
2022/02/14,船橋,2,３歳六以下選抜馬,1500,ダ,左,不良,曇,12,8,12,ドウシ,セ,0,56.5,418,-6,野澤憲,佐々清,,2,1:38.5,39.4,5-5-4-3,8,418,-6
2022/02/14,船橋,2,３歳六以下選抜馬,1500,ダ,左,不良,曇,12,7,9,アルティマダンサー,牡,3,56.5,456,-10,川島正,山田信,,3,1:39.5,40.1,7-7-6-4,2,456,-10
2022/02/14,船橋,2,３歳六以下選抜馬,1500,ダ,左,不良,曇,12,5,6,スタードラゴン,牡,3,53.5,487,-5,木間龍,矢野義,,4,1:39.9,39.9,10-10-9-10,3,487,-5
2022/02/14,船橋,2,３歳六以下選抜馬,1500,ダ,左,不良,曇,12,6,8,ケイティアマゾネス,牝,3,54.5,457,6,伊藤裕,加藤誠,,5,1:40.0,40.3,8-9-8-7,6,457,6
2022/02/14,船橋,2,３歳六以下選抜馬,1500,ダ,左,不良,曇,12,5,5,ニューディヴァイド,セ,0,56.5,465,-4,山崎誠,山崎尋,,6,1:40.4,41.2,6-6-5-5,10,465,-4
2022/02/14,船橋,2,３歳六以下選抜馬,1500,ダ,左,不良,曇,12,2,2,レッドアンドブルー,牝,3,54.5,432,-3,柿本量,伊藤滋,,7,1:40.5,40.4,12-12-12-11,9,432,-3
2022/02/14,船橋,2,３歳六以下選抜馬,1500,ダ,左,不良,曇,12,1,1,ルジェンド,牡,3,55.5,500,1,古岡勇,山田質,,8,1:40.5,40.5,11-11-10-9,12,500,1
2022/02/14,船橋,2,３歳六以下選抜馬,1500,ダ,左,不良,曇,12,6,7,メルル,牝,3,54.5,376,0,濱田達,伊藤滋,,9,1:40.8,41.7,2-2-3-6,11,376,0
2022/02/14,船橋,2,３歳六以下選抜馬,1500,ダ,左,不良,曇,12,3,3,ビームービー,牡,3,55.5,472,-3,池谷匠,今井輝,,10,1:41.0,40.9,9-8-11-12,7,472,-3
2022/02/14,船橋,2,３歳六以下選抜馬,1500,ダ,左,不良,曇,12,8,11,ジョワソレイユ,牡,3,56.5,491,4,山中悠,伊藤滋,,11,1:41.0,42.1,1-1-1-2,4,491,4
2022/02/14,船橋,2,３歳六以下選抜馬,1500,ダ,左,不良,曇,12,4,4,サーキットブレイク,牡,3,56.5,468,-5,藤本現,加藤誠,,12,1:41.1,41.6,3-4-7-8,5,468,-5
2022/02/14,船橋,3,Ｃ３七 八,1500,ダ,左,不良,曇,12,8,11,グローリーエックス,セ,0,56.5,518,-3,山中悠,伊藤滋,,1,1:38.4,39.2,2-2-2-2,2,518,-3
2022/02/14,船橋,3,Ｃ３七 八,1500,ダ,左,不良,曇,12,2,2,カラーオブウィンド,セ,0,56.5,483,13,川島正,佐藤太,,2,1:38.4,39.2,1-1-1-1,1,483,13
2022/02/14,船橋,3,Ｃ３七 八,1500,ダ,左,不良,曇,12,6,8,エムチャン,牝,6,54.5,393,-3,臼井健,凾館一,,3,1:39.3,39.7,9-10-4-4,6,393,-3
2022/02/14,船橋,3,Ｃ３七 八,1500,ダ,左,不良,曇,12,7,10,ゴーオンザステージ,牝,7,54.5,450,-3,張田昂,平山真,,4,1:39.7,40.3,4-3-3-3,5,450,-3
2022/02/14,船橋,3,Ｃ３七 八,1500,ダ,左,不良,曇,12,4,4,バロンキング,牡,6,56.5,460,-1,柿本量,阿井正,,5,1:40.0,40.3,11-11-7-5,9,460,-1
2022/02/14,船橋,3,Ｃ３七 八,1500,ダ,左,不良,曇,12,5,6,ミヤコシャンティ,牝,5,54.5,449,-6,山口達,林正人,,6,1:40.4,40.5,12-12-11-8,4,449,-6
2022/02/14,船橋,3,Ｃ３七 八,1500,ダ,左,不良,曇,12,7,9,リーヴルネッサンス,セ,0,55.5,440,-14,古岡勇,林　幻,,7,1:40.4,40.6,8-8-8-7,8,440,-14
2022/02/14,船橋,3,Ｃ３七 八,1500,ダ,左,不良,曇,12,3,3,ニシノサトル,牡,6,56.5,487,-10,内田利,吉田正,,8,1:40.7,41.1,3-4-4-6,7,487,-10
2022/02/14,船橋,3,Ｃ３七 八,1500,ダ,左,不良,曇,12,1,1,ジャンティーユ,牝,8,51.5,450,-1,木間龍,渋谷博,,9,1:40.9,41.1,7-7-9-10,12,450,-1
2022/02/14,船橋,3,Ｃ３七 八,1500,ダ,左,不良,曇,12,5,5,タイムトラベル,牝,8,54.5,479,0,岡村裕,山田正,,10,1:40.9,41.1,6-6-10-9,11,479,0
2022/02/14,船橋,3,Ｃ３七 八,1500,ダ,左,不良,曇,12,8,12,モエレレジェンド,牡,6,56.5,484,3,濱田達,齊藤敏,,11,1:41.1,41.4,5-5-6-11,3,484,3
2022/02/14,船橋,3,Ｃ３七 八,1500,ダ,左,不良,曇,12,6,7,ネオエンジェル,牝,6,54.5,442,1,加藤和,冨田敏,,12,1:41.1,41.1,10-9-12-12,10,442,1
2022/02/14,船橋,4,Ｃ３七 八,1200,ダ,左,不良,曇,12,5,6,キタノサスピション,牝,4,54.5,444,0,矢野貴,稲益貴,,1,1:15.5,39.1,1-1-1,1,444,0
2022/02/14,船橋,4,Ｃ３七 八,1200,ダ,左,不良,曇,12,6,8,リテラチュア,牝,4,54.5,409,-16,張田昂,林　幻,,2,1:16.7,39.7,5-5-6,3,409,-16
2022/02/14,船橋,4,Ｃ３七 八,1200,ダ,左,不良,曇,12,1,1,パレスギガント,牡,6,55.5,490,5,七夕裕,長谷忍,,3,1:17.2,40.2,2-5-5,10,490,5
2022/02/14,船橋,4,Ｃ３七 八,1200,ダ,左,不良,曇,12,6,7,ゴールドパラダイス,牝,6,54.5,520,-9,山口達,林正人,,4,1:17.4,39.2,12-9-9,4,520,-9
2022/02/14,船橋,4,Ｃ３七 八,1200,ダ,左,不良,曇,12,8,11,ゴッドデサフィオ,牡,4,56.5,448,-4,臼井健,凾館一,,5,1:17.7,41.1,4-3-2,8,448,-4
2022/02/14,船橋,4,Ｃ３七 八,1200,ダ,左,不良,曇,12,4,4,ニシノシノブ,牝,7,54.5,445,-1,秋元耕,吉田正,,6,1:17.9,40.1,7-8-7,11,445,-1
2022/02/14,船橋,4,Ｃ３七 八,1200,ダ,左,不良,曇,12,7,9,ウインシュトローム,牡,5,56.5,564,-3,和田譲,齊藤敏,,7,1:18.0,41.4,3-2-3,2,564,-3
2022/02/14,船橋,4,Ｃ３七 八,1200,ダ,左,不良,曇,12,7,10,ジョージバローズ,セ,0,55.5,479,-4,篠谷葵,林正人,,8,1:18.0,41.3,6-4-4,5,479,-4
2022/02/14,船橋,4,Ｃ３七 八,1200,ダ,左,不良,曇,12,5,5,プロディジーバイオ,牡,4,56.5,489,-6,本橋孝,新井清,,9,1:18.1,39.9,11-9-10,7,489,-6
2022/02/14,船橋,4,Ｃ３七 八,1200,ダ,左,不良,曇,12,2,2,プルミエールアンパ,牝,7,54.5,439,5,仲野光,玉井等,,10,1:18.3,40.5,8-7-8,6,439,5
2022/02/14,船橋,4,Ｃ３七 八,1200,ダ,左,不良,曇,12,3,3,ポイズンピル,牡,7,56.5,474,5,岡田大,牛房榮,,11,1:18.7,39.9,9-12-12,9,474,5
2022/02/14,船橋,4,Ｃ３七 八,1200,ダ,左,不良,曇,12,8,12,ドラゴンヴィーナス,牝,5,54.5,396,-1,西村栄,森　始,,12,1:19.9,41.4,10-11-11,12,396,-1
2022/02/14,船橋,5,Ｃ１四 五,1200,ダ,左,不良,曇,12,6,7,アンコールゲラン,牡,5,56.5,486,16,川島正,山田信,,1,1:14.9,39.0,2-4-3,3,486,16
2022/02/14,船橋,5,Ｃ１四 五,1200,ダ,左,不良,曇,12,5,6,オーラソラーレ,牝,5,54.5,468,4,張田昂,張田京,,2,1:15.3,39.8,1-1-1,8,468,4
2022/02/14,船橋,5,Ｃ１四 五,1200,ダ,左,不良,曇,12,1,1,ハクサンクラーケン,牡,4,53.5,476,7,木間龍,森　始,,3,1:15.4,39.3,6-6-6,2,476,7
2022/02/14,船橋,5,Ｃ１四 五,1200,ダ,左,不良,曇,12,8,12,コウユープリプリ,牝,7,54.5,448,-1,和田譲,宇野博,,4,1:16.0,40.0,5-5-5,4,448,-1
2022/02/14,船橋,5,Ｃ１四 五,1200,ダ,左,不良,曇,12,8,11,エクメディノツルギ,牝,5,54.5,455,6,本橋孝,石井勝,,5,1:16.1,39.8,10-9-9,5,455,6
2022/02/14,船橋,5,Ｃ１四 五,1200,ダ,左,不良,曇,12,5,5,パンドラフォンテン,牝,8,54.5,461,-1,小杉亮,矢内博,,6,1:16.2,39.3,11-11-11,10,461,-1
2022/02/14,船橋,5,Ｃ１四 五,1200,ダ,左,不良,曇,12,6,8,ヴァーユ,牡,5,56.5,500,-6,山口達,林正人,,7,1:16.3,40.0,9-8-8,1,500,-6
2022/02/14,船橋,5,Ｃ１四 五,1200,ダ,左,不良,曇,12,7,9,ベガスストリップ,牝,4,54.5,425,-6,笠野雄,佐藤太,,8,1:16.5,40.9,4-2-2,9,425,-6
2022/02/14,船橋,5,Ｃ１四 五,1200,ダ,左,不良,曇,12,4,4,シャトワイエー,牝,4,53.5,461,3,篠谷葵,石井勝,,9,1:16.7,40.3,8-10-10,12,461,3
2022/02/14,船橋,5,Ｃ１四 五,1200,ダ,左,不良,曇,12,2,2,マリノブロッサム,牝,4,54.5,457,-1,臼井健,石井勝,,10,1:16.9,39.0,12-12-12,11,457,-1
2022/02/14,船橋,5,Ｃ１四 五,1200,ダ,左,不良,曇,12,7,10,スプリングイズヒア,牝,4,54.5,462,-1,本田重,岡林光,,11,1:17.2,41.4,3-3-4,6,462,-1
2022/02/14,船橋,5,Ｃ１四 五,1200,ダ,左,不良,曇,12,3,3,クールガジェット,牡,4,56.5,517,-3,庄司大,稲益貴,,12,1:17.7,41.6,7-6-7,7,517,-3
2022/02/14,船橋,6,バレンタイン・フィリーズ３歳選抜牝馬,1500,ダ,左,不良,曇,9,7,7,ティーズハクア,牝,3,55.0,497,10,達城龍,山中尊,,1,1:35.9,39.5,3-3-2-2,1,497,10
2022/02/14,船橋,6,バレンタイン・フィリーズ３歳選抜牝馬,1500,ダ,左,不良,曇,9,1,1,ドレンチェリー,牝,3,55.0,469,-2,矢野貴,立花伸,,2,1:36.2,39.6,4-4-4-4,2,469,-2
2022/02/14,船橋,6,バレンタイン・フィリーズ３歳選抜牝馬,1500,ダ,左,不良,曇,9,8,8,スカーレットピース,牝,3,54.0,452,2,本田重,山下之,,3,1:36.3,39.6,7-7-6-5,3,452,2
2022/02/14,船橋,6,バレンタイン・フィリーズ３歳選抜牝馬,1500,ダ,左,不良,曇,9,3,3,カーロデスティーノ,牝,3,54.0,418,-1,今野忠,甲田悟,,4,1:36.3,39.6,6-6-5-6,7,418,-1
2022/02/14,船橋,6,バレンタイン・フィリーズ３歳選抜牝馬,1500,ダ,左,不良,曇,9,6,6,マロンフエルテ,牝,3,54.0,467,-8,拜原靖,久保勇,,5,1:36.4,39.3,8-8-8-7,9,467,-8
2022/02/14,船橋,6,バレンタイン・フィリーズ３歳選抜牝馬,1500,ダ,左,不良,曇,9,4,4,ラッキーミーティア,牝,3,55.0,460,8,和田譲,新井清,,6,1:36.9,40.6,1-1-1-1,6,460,8
2022/02/14,船橋,6,バレンタイン・フィリーズ３歳選抜牝馬,1500,ダ,左,不良,曇,9,8,9,キタノトゥイスト,牝,3,54.0,428,-6,山口達,稲益貴,,7,1:37.0,40.3,5-5-6-8,5,428,-6
2022/02/14,船橋,6,バレンタイン・フィリーズ３歳選抜牝馬,1500,ダ,左,不良,曇,9,5,5,フロネシス,牝,3,54.0,442,-5,町田直,山下之,,8,1:37.3,40.9,2-2-3-3,4,442,-5
2022/02/14,船橋,6,バレンタイン・フィリーズ３歳選抜牝馬,1500,ダ,左,不良,曇,9,2,2,マドモアゼルランス,牝,3,54.0,426,-2,山中悠,渋谷博,,9,1:38.6,41.2,9-9-9-9,8,426,-2
2022/02/14,船橋,7,馬い！津田沼サンサンエッグ発売Ｃ１四 五,1500,ダ,左,不良,曇,10,8,10,メイショウタニカゼ,牡,4,56.5,466,1,矢野貴,山田信,,1,1:35.1,38.8,3-3-1-2,1,466,1
2022/02/14,船橋,7,馬い！津田沼サンサンエッグ発売Ｃ１四 五,1500,ダ,左,不良,曇,10,2,2,ペダンクルアーチ,セ,0,56.5,505,12,本田重,山下之,,2,1:35.5,38.7,7-6-7-6,2,505,12
2022/02/14,船橋,7,馬い！津田沼サンサンエッグ発売Ｃ１四 五,1500,ダ,左,不良,曇,10,6,6,コウシ,セ,0,56.5,479,1,石崎駿,米谷康,,3,1:35.6,39.1,4-4-5-5,3,479,1
2022/02/14,船橋,7,馬い！津田沼サンサンエッグ発売Ｃ１四 五,1500,ダ,左,不良,曇,10,5,5,ジュエルケイヴ,牝,4,54.5,461,6,森泰斗,齊藤敏,,4,1:36.0,38.7,9-9-8-7,7,461,6
2022/02/14,船橋,7,馬い！津田沼サンサンエッグ発売Ｃ１四 五,1500,ダ,左,不良,曇,10,7,8,タケショウワンダー,牡,4,56.5,515,5,山崎誠,山本学,,5,1:36.1,39.7,6-7-4-3,5,515,5
2022/02/14,船橋,7,馬い！津田沼サンサンエッグ発売Ｃ１四 五,1500,ダ,左,不良,曇,10,3,3,バルーンドロップ,牡,5,56.5,460,-6,笠野雄,出川克,,6,1:36.9,40.6,2-2-1-1,4,460,-6
2022/02/14,船橋,7,馬い！津田沼サンサンエッグ発売Ｃ１四 五,1500,ダ,左,不良,曇,10,4,4,ポロス,牝,9,54.5,497,7,酒井忍,矢野義,,7,1:37.4,39.4,10-10-10-10,6,497,7
2022/02/14,船橋,7,馬い！津田沼サンサンエッグ発売Ｃ１四 五,1500,ダ,左,不良,曇,10,7,7,ダイヤモンドバイオ,牝,5,54.5,468,8,田中力,岡林光,,8,1:37.6,40.0,8-8-9-9,9,468,8
2022/02/14,船橋,7,馬い！津田沼サンサンエッグ発売Ｃ１四 五,1500,ダ,左,不良,曇,10,8,9,ファキュルテ,牡,4,56.5,441,2,張田昂,米谷康,,9,1:39.3,42.6,5-5-6-8,10,441,2
2022/02/14,船橋,7,馬い！津田沼サンサンエッグ発売Ｃ１四 五,1500,ダ,左,不良,曇,10,1,1,ケンイーサリアム,牡,7,56.5,495,3,和田譲,新井清,,10,1:40.3,44.0,1-1-1-4,8,495,3
2022/02/14,船橋,8,浜風スプリントＢ３選抜馬ア,1200,ダ,左,不良,曇,10,8,10,アイカプチーノ,牝,4,54.5,488,-3,和田譲,阿井正,,1,1:14.1,37.8,1-1-1,6,488,-3
2022/02/14,船橋,8,浜風スプリントＢ３選抜馬ア,1200,ダ,左,不良,曇,10,7,8,スパークジョイ,牝,5,54.5,473,2,山口達,林正人,,2,1:14.5,37.9,6-5-3,3,473,2
2022/02/14,船橋,8,浜風スプリントＢ３選抜馬ア,1200,ダ,左,不良,曇,10,6,6,プレイングファイア,牡,6,56.5,457,0,森泰斗,新井清,,3,1:14.7,37.9,7-8-4,1,457,0
2022/02/14,船橋,8,浜風スプリントＢ３選抜馬ア,1200,ダ,左,不良,曇,10,2,2,マッドアイ,牝,7,54.5,453,-4,本橋孝,山中尊,,4,1:14.7,37.7,10-9-9,5,453,-4
2022/02/14,船橋,8,浜風スプリントＢ３選抜馬ア,1200,ダ,左,不良,曇,10,7,7,ハリケーンメファ,牝,5,54.5,472,2,山崎誠,山本学,,5,1:15.2,38.5,5-6-7,4,472,2
2022/02/14,船橋,8,浜風スプリントＢ３選抜馬ア,1200,ダ,左,不良,曇,10,3,3,ニッポンダエモン,牡,7,56.5,545,-2,矢野貴,新井清,,6,1:15.2,38.7,3-3-6,2,545,-2
2022/02/14,船橋,8,浜風スプリントＢ３選抜馬ア,1200,ダ,左,不良,曇,10,5,5,ニッチモサッチモ,セ,0,56.5,457,8,山中悠,伊藤滋,,7,1:15.4,38.4,9-10-10,8,457,8
2022/02/14,船橋,8,浜風スプリントＢ３選抜馬ア,1200,ダ,左,不良,曇,10,8,9,ミコノスフレイバー,牡,4,56.5,507,3,笠野雄,稲益貴,,8,1:15.5,39.0,4-2-2,7,507,3
2022/02/14,船橋,8,浜風スプリントＢ３選抜馬ア,1200,ダ,左,不良,曇,10,1,1,トミケンエンデレア,セ,0,56.5,500,0,橋本直,齊藤敏,,9,1:16.2,39.4,8-7-8,10,500,0
2022/02/14,船橋,8,浜風スプリントＢ３選抜馬ア,1200,ダ,左,不良,曇,10,4,4,スマイルチャージ,牝,4,54.5,477,0,濱田達,川島一,,10,1:16.4,39.9,2-3-5,9,477,0
2022/02/14,船橋,9,海神スプリントＢ３選抜馬イ,1200,ダ,左,不良,曇,9,6,6,ノーザンヴィグラス,牡,5,56.5,520,7,森泰斗,佐藤太,,1,1:13.8,37.7,1-1-1,2,520,7
2022/02/14,船橋,9,海神スプリントＢ３選抜馬イ,1200,ダ,左,不良,曇,9,8,9,トーケンリュウ,牡,4,56.5,492,-5,山崎誠,山本学,,2,1:14.1,37.7,3-3-3,4,492,-5
2022/02/14,船橋,9,海神スプリントＢ３選抜馬イ,1200,ダ,左,不良,曇,9,5,5,マイミッション,牡,6,56.5,485,-2,笠野雄,山中尊,,3,1:14.5,37.9,4-4-4,5,485,-2
2022/02/14,船橋,9,海神スプリントＢ３選抜馬イ,1200,ダ,左,不良,曇,9,3,3,セイントビーナス,牝,6,53.5,453,1,篠谷葵,張田京,,4,1:14.7,37.9,6-6-6,6,453,1
2022/02/14,船橋,9,海神スプリントＢ３選抜馬イ,1200,ダ,左,不良,曇,9,8,8,トゥルーバローズ,セ,0,56.5,486,-4,矢野貴,山田信,,5,1:15.1,38.9,2-2-2,1,486,-4
2022/02/14,船橋,9,海神スプリントＢ３選抜馬イ,1200,ダ,左,不良,曇,9,7,7,ワンモアエフォート,牡,5,56.5,513,-4,本橋孝,石井勝,,6,1:15.5,38.9,5-5-5,3,513,-4
2022/02/14,船橋,9,海神スプリントＢ３選抜馬イ,1200,ダ,左,不良,曇,9,1,1,ケイティーテンリウ,牡,9,56.5,479,2,岡田大,岡田一,,7,1:15.9,38.6,7-7-7,8,479,2
2022/02/14,船橋,9,海神スプリントＢ３選抜馬イ,1200,ダ,左,不良,曇,9,2,2,バルコラベーロ,牡,8,52.5,480,-2,神尾香,山田正,,8,1:17.3,40.0,8-8-8,7,480,-2
2022/02/14,船橋,9,海神スプリントＢ３選抜馬イ,1200,ダ,左,不良,曇,9,4,4,オルディノ,牝,4,54.5,0,0,張田昂,川島一,,,,,,,0,0
2022/02/14,船橋,10,久留里賞Ｃ２一,1600,ダ,左,不良,曇,12,7,9,ビギナーズラック,牡,7,56.5,513,7,澤田龍,凾館一,,1,1:42.8,39.0,11-11-11-9,3,513,7
2022/02/14,船橋,10,久留里賞Ｃ２一,1600,ダ,左,不良,曇,12,3,3,スムーズジャズ,牡,8,56.5,498,1,和田譲,宇野博,,2,1:43.1,40.0,7-7-7-7,7,498,1
2022/02/14,船橋,10,久留里賞Ｃ２一,1600,ダ,左,不良,曇,12,8,12,マルゼンスター,牡,5,56.5,535,14,今野忠,川島一,,3,1:43.1,40.9,3-3-3-3,5,535,14
2022/02/14,船橋,10,久留里賞Ｃ２一,1600,ダ,左,不良,曇,12,8,11,ジャックフォンテン,牡,7,56.5,496,-2,小杉亮,矢内博,,4,1:43.2,40.6,5-5-5-5,4,496,-2
2022/02/14,船橋,10,久留里賞Ｃ２一,1600,ダ,左,不良,曇,12,6,8,キセキノカガヤキ,牝,6,54.5,446,1,本橋孝,山田信,,5,1:43.3,40.0,8-8-8-8,6,446,1
2022/02/14,船橋,10,久留里賞Ｃ２一,1600,ダ,左,不良,曇,12,7,10,モントカイザー,セ,0,56.5,486,6,本田重,新井清,,6,1:43.8,41.4,4-4-4-4,1,486,6
2022/02/14,船橋,10,久留里賞Ｃ２一,1600,ダ,左,不良,曇,12,5,6,チャームインレース,牝,5,53.5,491,11,篠谷葵,山下之,,7,1:44.3,42.2,2-2-2-2,9,491,11
2022/02/14,船橋,10,久留里賞Ｃ２一,1600,ダ,左,不良,曇,12,4,4,ワンダーウノ,セ,0,56.5,501,1,町田直,齊藤敏,,8,1:44.6,40.9,10-10-10-11,8,501,1
2022/02/14,船橋,10,久留里賞Ｃ２一,1600,ダ,左,不良,曇,12,1,1,シーオブセレニティ,セ,0,56.5,442,0,酒井忍,海馬司,,9,1:44.8,41.7,6-6-6-6,10,442,0
2022/02/14,船橋,10,久留里賞Ｃ２一,1600,ダ,左,不良,曇,12,2,2,ノースキセキ,牡,4,56.5,517,1,藤本現,齊藤敏,,10,1:44.8,41.2,9-9-9-10,11,517,1
2022/02/14,船橋,10,久留里賞Ｃ２一,1600,ダ,左,不良,曇,12,5,5,キーラーヴォッヘ,牝,5,54.5,445,0,森泰斗,新井清,,11,1:44.9,42.8,1-1-1-1,2,445,0
2022/02/14,船橋,10,久留里賞Ｃ２一,1600,ダ,左,不良,曇,12,6,7,ハクサントップ,牡,4,53.5,0,0,木間龍,矢野義,,,,,,,0,0
2022/02/14,船橋,11,ヤドリギスプリントＢ１選抜馬,1200,ダ,左,不良,曇,11,6,6,トキメキライツ,牡,7,56.5,495,-2,山口達,林正人,,1,1:12.9,37.3,9-6-5,7,495,-2
2022/02/14,船橋,11,ヤドリギスプリントＢ１選抜馬,1200,ダ,左,不良,曇,11,5,5,エラスムス,牡,9,56.5,496,0,矢野貴,張田京,,2,1:12.9,37.1,8-9-8,4,496,0
2022/02/14,船橋,11,ヤドリギスプリントＢ１選抜馬,1200,ダ,左,不良,曇,11,8,10,メイケイライジン,牡,8,56.5,506,-6,本田重,新井清,,3,1:13.1,38.0,4-3-3,2,506,-6
2022/02/14,船橋,11,ヤドリギスプリントＢ１選抜馬,1200,ダ,左,不良,曇,11,1,1,キャストロポポ,牡,4,56.5,494,-2,山崎誠,山本学,,4,1:13.3,37.7,6-6-6,5,494,-2
2022/02/14,船橋,11,ヤドリギスプリントＢ１選抜馬,1200,ダ,左,不良,曇,11,3,3,サトノユニゾン,セ,0,56.5,518,2,張田昂,山下之,,5,1:13.9,38.7,3-4-4,1,518,2
2022/02/14,船橋,11,ヤドリギスプリントＢ１選抜馬,1200,ダ,左,不良,曇,11,4,4,ハセノエクスプレス,牡,4,56.5,470,6,森泰斗,張田京,,6,1:14.2,39.2,1-1-1,3,470,6
2022/02/14,船橋,11,ヤドリギスプリントＢ１選抜馬,1200,ダ,左,不良,曇,11,6,7,ヒイナヅキ,牝,6,54.5,465,8,岡村健,山中尊,,7,1:14.2,38.5,7-8-9,8,465,8
2022/02/14,船橋,11,ヤドリギスプリントＢ１選抜馬,1200,ダ,左,不良,曇,11,2,2,タイガーヴォーグ,セ,0,56.5,502,-2,今野忠,矢内博,,8,1:14.4,38.3,11-11-11,10,502,-2
2022/02/14,船橋,11,ヤドリギスプリントＢ１選抜馬,1200,ダ,左,不良,曇,11,8,11,アットザヘルム,牡,8,53.5,484,5,木間龍,佐藤太,,9,1:14.8,38.8,10-10-10,11,484,5
2022/02/14,船橋,11,ヤドリギスプリントＢ１選抜馬,1200,ダ,左,不良,曇,11,7,9,コウユークロガヨカ,牡,6,56.5,492,12,川島正,佐藤太,,10,1:15.0,39.9,2-2-2,9,492,12
2022/02/14,船橋,11,ヤドリギスプリントＢ１選抜馬,1200,ダ,左,不良,曇,11,7,8,ノラ,牝,5,54.5,498,-1,和田譲,坂本昇,,11,1:15.6,40.1,5-5-7,6,498,-1
2022/02/14,船橋,12,バレンタインデー賞Ｃ３選抜馬,1800,ダ,左,不良,曇,14,6,9,ヴィヤンシーコ,牡,7,55.5,460,0,篠谷葵,林正人,,1,1:58.1,39.2,13-11-8-5,3,460,0
2022/02/14,船橋,12,バレンタインデー賞Ｃ３選抜馬,1800,ダ,左,不良,曇,14,7,11,アウトオブザブルー,牡,4,56.5,477,3,森泰斗,山中尊,,2,1:58.1,40.5,4-4-3-3,1,477,3
2022/02/14,船橋,12,バレンタインデー賞Ｃ３選抜馬,1800,ダ,左,不良,曇,14,6,10,ニシノブライアント,牡,4,56.5,463,5,臼井健,渋谷博,,3,1:58.7,39.3,11-14-10-7,4,463,5
2022/02/14,船橋,12,バレンタインデー賞Ｃ３選抜馬,1800,ダ,左,不良,曇,14,5,7,プリュイ,牡,4,53.5,412,-3,木間龍,矢野義,,4,1:58.8,41.2,2-2-2-2,14,412,-3
2022/02/14,船橋,12,バレンタインデー賞Ｃ３選抜馬,1800,ダ,左,不良,曇,14,7,12,ガッサンノリュウ,牡,6,56.5,430,6,小杉亮,矢野義,,5,1:59.4,41.3,3-3-4-6,5,430,6
2022/02/14,船橋,12,バレンタインデー賞Ｃ３選抜馬,1800,ダ,左,不良,曇,14,5,8,ベルクオーレ,牝,9,54.5,473,5,西村栄,佐々功,,6,1:59.4,41.2,7-7-5-4,10,473,5
2022/02/14,船橋,12,バレンタインデー賞Ｃ３選抜馬,1800,ダ,左,不良,曇,14,4,5,サンベリーニ,牝,8,54.5,459,-4,本田紀,八木仁,,7,2:00.3,40.9,10-9-11-11,9,459,-4
2022/02/14,船橋,12,バレンタインデー賞Ｃ３選抜馬,1800,ダ,左,不良,曇,14,2,2,アールレアル,セ,0,56.5,456,-6,福原杏,小澤宏,,8,2:00.5,41.5,8-8-9-10,12,456,-6
2022/02/14,船橋,12,バレンタインデー賞Ｃ３選抜馬,1800,ダ,左,不良,曇,14,3,3,デルマダイヤモンド,牡,5,55.5,456,-9,古岡勇,山崎裕,,9,2:00.6,40.9,14-12-12-13,2,456,-9
2022/02/14,船橋,12,バレンタインデー賞Ｃ３選抜馬,1800,ダ,左,不良,曇,14,3,4,ワールドウィスラー,牡,5,56.5,458,-5,高橋哲,牛房榮,,10,2:00.6,43.1,1-1-1-1,6,458,-5
2022/02/14,船橋,12,バレンタインデー賞Ｃ３選抜馬,1800,ダ,左,不良,曇,14,8,13,ララヴァシュラン,牡,4,55.5,476,6,仲原大,高野毅,,11,2:00.7,40.8,12-13-14-12,11,476,6
2022/02/14,船橋,12,バレンタインデー賞Ｃ３選抜馬,1800,ダ,左,不良,曇,14,8,14,ファンタジーノベル,牝,7,54.5,453,-3,岡村裕,八木仁,,12,2:01.3,41.6,9-10-13-14,13,453,-3
2022/02/14,船橋,12,バレンタインデー賞Ｃ３選抜馬,1800,ダ,左,不良,曇,14,4,6,キタノイブラン,セ,0,56.5,467,0,今野忠,安池成,,13,2:01.4,42.8,6-6-7-9,7,467,0
2022/02/14,船橋,12,バレンタインデー賞Ｃ３選抜馬,1800,ダ,左,不良,曇,14,1,1,パレスショウグン,セ,0,52.5,507,-5,神尾香,山田質,,14,2:03.2,44.8,5-5-6-8,8,507,-5
2022/02/15,船橋,1,３歳四 五,1500,ダ,左,不良,晴,6,1,1,スージー,牝,3,54.5,463,1,山本紀,山本学,,1,1:37.9,40.9,1-1-1-1,3,463,1
2022/02/15,船橋,1,３歳四 五,1500,ダ,左,不良,晴,6,2,2,グリューフィア,セ,0,56.5,500,4,石崎駿,米谷康,,2,1:38.1,40.4,5-5-4-4,1,500,4
2022/02/15,船橋,1,３歳四 五,1500,ダ,左,不良,晴,6,4,4,バルストライク,牡,3,56.5,535,6,張田昂,矢内博,,3,1:38.4,41.0,3-3-3-3,4,535,6
2022/02/15,船橋,1,３歳四 五,1500,ダ,左,不良,晴,6,6,6,ピンクオパール,牝,3,54.5,457,-9,和田譲,新井清,,4,1:38.6,41.5,2-2-2-2,2,457,-9
2022/02/15,船橋,1,３歳四 五,1500,ダ,左,不良,晴,6,3,3,サヤピーエレガント,牝,3,54.5,0,0,實川純,佐々功,,5,1:39.6,41.6,6-6-6-5,6,0,0
2022/02/15,船橋,1,３歳四 五,1500,ダ,左,不良,晴,6,5,5,スターオブグラン,牝,3,54.5,471,6,本橋孝,石井勝,,6,1:42.2,44.5,4-4-5-6,5,471,6
2022/02/15,船橋,2,３歳四 五,1200,ダ,左,不良,晴,12,5,5,シャインポラリス,牝,3,54.5,447,7,岡村健,佐藤太,,1,1:15.5,39.1,1-1-1,2,447,7
2022/02/15,船橋,2,３歳四 五,1200,ダ,左,不良,晴,12,8,11,トランポリン,牡,3,56.5,532,4,本橋孝,矢野義,,2,1:16.1,38.6,11-10-10,1,532,4
2022/02/15,船橋,2,３歳四 五,1200,ダ,左,不良,晴,12,8,12,セカンドレイヤー,牝,3,54.5,407,-15,山本紀,齊藤敏,,3,1:16.4,39.9,4-3-2,6,407,-15
2022/02/15,船橋,2,３歳四 五,1200,ダ,左,不良,晴,12,4,4,アグネスプリンセス,牝,3,53.5,405,-3,池谷匠,武井和,,4,1:16.6,39.7,7-8-6,9,405,-3
2022/02/15,船橋,2,３歳四 五,1200,ダ,左,不良,晴,12,7,10,グリジー,牡,3,56.5,440,0,内田利,佐々功,,5,1:16.7,40.0,9-6-4,10,440,0
2022/02/15,船橋,2,３歳四 五,1200,ダ,左,不良,晴,12,3,3,アカリラジアン,牝,3,54.5,495,-16,森泰斗,川島一,,6,1:17.2,40.4,5-7-7,3,495,-16
2022/02/15,船橋,2,３歳四 五,1200,ダ,左,不良,晴,12,6,8,タケデンシャイン,牝,3,54.5,403,5,野澤憲,佐々清,,7,1:17.4,39.6,10-11-11,11,403,5
2022/02/15,船橋,2,３歳四 五,1200,ダ,左,不良,晴,12,5,6,ビービーパルフェ,牝,3,51.5,443,-4,木間龍,新井清,,8,1:17.6,40.7,8-9-9,8,443,-4
2022/02/15,船橋,2,３歳四 五,1200,ダ,左,不良,晴,12,6,7,トーケンヒロイン,牝,3,54.5,481,-6,山崎誠,山本学,,9,1:17.6,41.1,2-2-5,7,481,-6
2022/02/15,船橋,2,３歳四 五,1200,ダ,左,不良,晴,12,1,1,プリンセスダーク,牝,3,54.5,435,-9,和田譲,矢内博,,10,1:17.6,39.5,12-12-12,12,435,-9
2022/02/15,船橋,2,３歳四 五,1200,ダ,左,不良,晴,12,7,9,ソリダリエタ,牝,3,54.5,422,0,本田重,山下之,,11,1:18.1,41.4,6-4-3,5,422,0
2022/02/15,船橋,2,３歳四 五,1200,ダ,左,不良,晴,12,2,2,サティスファイ,牡,3,56.5,449,-8,澤田龍,坂本昇,,12,1:19.5,42.8,3-5-8,4,449,-8
2022/02/15,船橋,3,Ｃ３五 六,1200,ダ,左,不良,晴,12,5,5,ベルベストエバー,牡,4,56.5,510,8,矢野貴,川島一,,1,1:16.2,40.1,1-2-2,1,510,8
2022/02/15,船橋,3,Ｃ３五 六,1200,ダ,左,不良,晴,12,1,1,チェリーブロード,牝,4,54.5,401,6,臼井健,渋谷博,,2,1:16.4,39.1,8-8-7,11,401,6
2022/02/15,船橋,3,Ｃ３五 六,1200,ダ,左,不良,晴,12,8,12,ペキノワ,牝,7,54.5,455,7,和田譲,新井清,,3,1:16.4,40.2,4-3-3,5,455,7
2022/02/15,船橋,3,Ｃ３五 六,1200,ダ,左,不良,晴,12,7,10,ハクサンナデシコ,牝,6,51.5,480,-3,木間龍,矢野義,,4,1:16.8,39.9,7-6-6,4,480,-3
2022/02/15,船橋,3,Ｃ３五 六,1200,ダ,左,不良,晴,12,5,6,アルファルージュ,牝,8,54.5,471,-2,庄司大,石井勝,,5,1:17.2,38.9,10-10-10,9,471,-2
2022/02/15,船橋,3,Ｃ３五 六,1200,ダ,左,不良,晴,12,2,2,イヴァルディ,牡,4,56.5,542,3,保園翔,山下之,,6,1:17.3,40.8,6-5-5,7,542,3
2022/02/15,船橋,3,Ｃ３五 六,1200,ダ,左,不良,晴,12,4,4,マイネルシェルム,牡,4,56.5,512,-12,小杉亮,玉井昇,,7,1:17.4,41.3,2-1-1,2,512,-12
2022/02/15,船橋,3,Ｃ３五 六,1200,ダ,左,不良,晴,12,3,3,タカイチシャンティ,牡,7,56.5,518,2,野澤憲,玉井等,,8,1:17.5,41.1,3-4-4,3,518,2
2022/02/15,船橋,3,Ｃ３五 六,1200,ダ,左,不良,晴,12,7,9,ファシルラビリンス,牝,4,54.5,500,1,山口達,林正人,,9,1:17.9,40.1,11-9-8,6,500,1
2022/02/15,船橋,3,Ｃ３五 六,1200,ダ,左,不良,晴,12,6,7,ビドウ,牝,7,50.5,424,1,神尾香,渋谷博,,10,1:17.9,39.3,12-12-12,8,424,1
2022/02/15,船橋,3,Ｃ３五 六,1200,ダ,左,不良,晴,12,8,11,ホクセツ,セ,0,56.5,546,0,秋元耕,柘榴浩,,11,1:19.0,40.7,9-11-11,12,546,0
2022/02/15,船橋,3,Ｃ３五 六,1200,ダ,左,不良,晴,12,6,8,ユイアンデービス,牝,4,54.5,435,-6,山崎誠,玉井昇,,12,1:20.3,43.2,5-7-9,10,435,-6
2022/02/15,船橋,4,Ｃ３五 六,1500,ダ,左,不良,晴,12,1,1,セイウングラッパ,牡,7,56.5,451,-2,吉留孝,吉田正,,1,1:37.6,39.4,5-5-5-4,6,451,-2
2022/02/15,船橋,4,Ｃ３五 六,1500,ダ,左,不良,晴,12,4,4,シェナノブチ,牡,7,56.5,420,-2,岡田大,冨田敏,,2,1:37.8,40.4,1-1-1-1,7,420,-2
2022/02/15,船橋,4,Ｃ３五 六,1500,ダ,左,不良,晴,12,2,2,タカラビート,牡,8,56.5,467,2,藤本現,齊藤敏,,3,1:38.5,40.1,9-7-7-6,11,467,2
2022/02/15,船橋,4,Ｃ３五 六,1500,ダ,左,不良,晴,12,5,6,バジェットライン,牝,4,54.5,524,-6,張田昂,玉井昇,,4,1:38.7,40.3,7-8-8-8,1,524,-6
2022/02/15,船橋,4,Ｃ３五 六,1500,ダ,左,不良,晴,12,7,9,ブラウンザウバー,牡,4,56.5,479,3,矢野貴,岡林光,,5,1:38.7,39.8,10-10-10-10,2,479,3
2022/02/15,船橋,4,Ｃ３五 六,1500,ダ,左,不良,晴,12,3,3,ホワイトブレス,牝,5,54.5,465,3,實川純,佐々功,,6,1:38.9,41.5,2-3-2-2,10,465,3
2022/02/15,船橋,4,Ｃ３五 六,1500,ダ,左,不良,晴,12,8,12,エメラルストロング,牝,7,54.5,462,5,本橋孝,石井勝,,7,1:38.9,40.3,8-9-9-9,5,462,5
2022/02/15,船橋,4,Ｃ３五 六,1500,ダ,左,不良,晴,12,5,5,ハクサンレモン,牝,7,51.5,422,-17,木間龍,森　始,,8,1:39.6,42.1,3-2-3-3,4,422,-17
2022/02/15,船橋,4,Ｃ３五 六,1500,ダ,左,不良,晴,12,6,8,ディープシーブルー,牡,5,56.5,441,-7,山本紀,山本学,,9,1:39.6,41.4,6-6-6-7,9,441,-7
2022/02/15,船橋,4,Ｃ３五 六,1500,ダ,左,不良,晴,12,8,11,ヒュードロラッシュ,牝,5,54.5,406,9,臼井健,凾館一,,10,1:40.0,39.5,12-12-12-12,8,406,9
2022/02/15,船橋,4,Ｃ３五 六,1500,ダ,左,不良,晴,12,7,10,ケンブリッジウィズ,牝,6,54.5,457,4,森泰斗,新井清,,11,1:40.7,42.8,4-4-4-5,3,457,4
2022/02/15,船橋,4,Ｃ３五 六,1500,ダ,左,不良,晴,12,6,7,トーセンレオ,牡,7,56.5,562,0,橋本直,川村守,,12,1:40.8,41.5,11-11-11-11,12,562,0
2022/02/15,船橋,5,おかげさまで常陸牛２０２０一万Ｃ２二 三,1200,ダ,左,不良,晴,9,4,4,ネージュフレーズ,牝,7,54.5,450,4,本田重,渡邊貴,,1,1:14.4,38.0,1-1-1,2,450,4
2022/02/15,船橋,5,おかげさまで常陸牛２０２０一万Ｃ２二 三,1200,ダ,左,不良,晴,9,5,5,フルミント,牝,5,54.5,501,-1,山崎誠,米谷康,,2,1:14.5,37.8,6-5-5,7,501,-1
2022/02/15,船橋,5,おかげさまで常陸牛２０２０一万Ｃ２二 三,1200,ダ,左,不良,晴,9,8,8,フォースウィズユー,牝,4,53.5,542,0,篠谷葵,山田信,,3,1:15.3,38.8,3-3-3,6,542,0
2022/02/15,船橋,5,おかげさまで常陸牛２０２０一万Ｃ２二 三,1200,ダ,左,不良,晴,9,7,7,コニャックダイヤ,牝,4,54.5,465,2,矢野貴,新井清,,4,1:15.4,38.9,2-2-2,5,465,2
2022/02/15,船橋,5,おかげさまで常陸牛２０２０一万Ｃ２二 三,1200,ダ,左,不良,晴,9,8,9,トップフェイス,セ,0,55.5,472,4,古岡勇,林　幻,,5,1:15.4,38.8,5-4-4,4,472,4
2022/02/15,船橋,5,おかげさまで常陸牛２０２０一万Ｃ２二 三,1200,ダ,左,不良,晴,9,6,6,シャドウモノリス,牡,4,56.5,505,1,森泰斗,佐藤太,,6,1:15.7,38.9,7-7-7,1,505,1
2022/02/15,船橋,5,おかげさまで常陸牛２０２０一万Ｃ２二 三,1200,ダ,左,不良,晴,9,3,3,ウインカーマイン,牡,6,56.5,451,1,秋元耕,川島豊,,7,1:15.9,38.7,8-8-8,8,451,1
2022/02/15,船橋,5,おかげさまで常陸牛２０２０一万Ｃ２二 三,1200,ダ,左,不良,晴,9,2,2,クリスリターン,セ,0,56.5,476,-10,張田昂,岡林光,,8,1:16.8,40.1,4-6-6,3,476,-10
2022/02/15,船橋,5,おかげさまで常陸牛２０２０一万Ｃ２二 三,1200,ダ,左,不良,晴,9,1,1,シラカワカツコ,牝,5,54.5,416,1,町田直,田島寿,,9,1:17.2,40.0,9-8-9,9,416,1
2022/02/15,船橋,6,Ｃ２選抜馬,1200,ダ,左,不良,晴,12,7,10,アチェロイス,牝,5,54.5,446,-1,本田重,岡林光,,1,1:15.1,38.8,4-4-3,1,446,-1
2022/02/15,船橋,6,Ｃ２選抜馬,1200,ダ,左,不良,晴,12,4,4,アートオブライフ,牝,5,50.5,445,9,神尾香,稲益貴,,2,1:15.3,37.5,11-11-11,6,445,9
2022/02/15,船橋,6,Ｃ２選抜馬,1200,ダ,左,不良,晴,12,7,9,エターナルルビー,牝,4,54.5,447,1,矢野貴,坂本昇,,3,1:15.4,39.3,3-3-2,4,447,1
2022/02/15,船橋,6,Ｃ２選抜馬,1200,ダ,左,不良,晴,12,1,1,ドドーニサンサン,牡,4,56.5,492,4,山中悠,渋谷博,,4,1:15.8,39.5,7-5-4,2,492,4
2022/02/15,船橋,6,Ｃ２選抜馬,1200,ダ,左,不良,晴,12,6,8,ナインゲーツ,牡,4,56.5,493,7,御神訓,川島一,,5,1:16.2,39.2,9-8-8,5,493,7
2022/02/15,船橋,6,Ｃ２選抜馬,1200,ダ,左,不良,晴,12,2,2,ディープシーテッド,牝,4,54.5,458,9,笠野雄,阿井正,,6,1:16.4,38.1,12-12-12,11,458,9
2022/02/15,船橋,6,Ｃ２選抜馬,1200,ダ,左,不良,晴,12,6,7,カンパニリズモ,セ,0,56.5,497,4,森泰斗,岡林光,,7,1:16.5,40.4,2-2-1,3,497,4
2022/02/15,船橋,6,Ｃ２選抜馬,1200,ダ,左,不良,晴,12,8,11,シンメロワン,セ,0,56.5,478,-5,川島正,佐藤太,,8,1:16.5,40.2,5-6-5,7,478,-5
2022/02/15,船橋,6,Ｃ２選抜馬,1200,ダ,左,不良,晴,12,5,5,ニシノキスミー,牝,8,54.5,478,-6,張田昂,小澤宏,,9,1:16.7,39.1,10-10-10,8,478,-6
2022/02/15,船橋,6,Ｃ２選抜馬,1200,ダ,左,不良,晴,12,8,12,ラッキーチャンス,牝,7,54.5,489,1,岡村健,小澤宏,,10,1:17.2,40.2,8-8-9,10,489,1
2022/02/15,船橋,6,Ｃ２選抜馬,1200,ダ,左,不良,晴,12,5,6,マスオ,牡,9,56.5,436,-3,國分祐,野口孝,,11,1:17.4,40.7,6-7-7,12,436,-3
2022/02/15,船橋,6,Ｃ２選抜馬,1200,ダ,左,不良,晴,12,3,3,ホウオウファースト,牡,9,56.5,437,-3,福原杏,水野貴,,12,1:19.0,42.9,1-1-6,9,437,-3
2022/02/15,船橋,7,馬い！八丈島レモンジャム発売記Ｃ２二 三,1500,ダ,左,不良,晴,12,6,7,ミスターサファリ,牡,4,56.5,521,-2,森泰斗,佐藤太,,1,1:34.6,38.7,3-3-2-2,1,521,-2
2022/02/15,船橋,7,馬い！八丈島レモンジャム発売記Ｃ２二 三,1500,ダ,左,不良,晴,12,3,3,ホウオウハイエスト,牝,4,54.5,526,4,矢野貴,佐藤太,,2,1:35.1,39.4,1-1-1-1,2,526,4
2022/02/15,船橋,7,馬い！八丈島レモンジャム発売記Ｃ２二 三,1500,ダ,左,不良,晴,12,8,11,ゴールドベレー,牡,4,56.5,458,-3,石崎駿,矢内博,,3,1:35.4,39.1,7-7-4-3,7,458,-3
2022/02/15,船橋,7,馬い！八丈島レモンジャム発売記Ｃ２二 三,1500,ダ,左,不良,晴,12,2,2,アルバリ,牡,7,56.5,433,-2,秋元耕,箕輪武,,4,1:36.4,39.7,8-8-9-7,9,433,-2
2022/02/15,船橋,7,馬い！八丈島レモンジャム発売記Ｃ２二 三,1500,ダ,左,不良,晴,12,6,8,ジョイガナール,牡,4,56.5,516,-2,酒井忍,矢野義,,5,1:36.7,40.0,10-9-8-6,6,516,-2
2022/02/15,船橋,7,馬い！八丈島レモンジャム発売記Ｃ２二 三,1500,ダ,左,不良,晴,12,7,9,フロントフリップ,牡,5,56.5,517,2,本田重,米谷康,,6,1:36.7,40.3,6-6-6-5,5,517,2
2022/02/15,船橋,7,馬い！八丈島レモンジャム発売記Ｃ２二 三,1500,ダ,左,不良,晴,12,8,12,シントーキング,セ,0,56.5,515,-4,小杉亮,林　幻,,7,1:36.7,40.1,5-5-7-8,4,515,-4
2022/02/15,船橋,7,馬い！八丈島レモンジャム発売記Ｃ２二 三,1500,ダ,左,不良,晴,12,7,10,マロンクラージュ,牡,5,56.5,544,1,保園翔,川島一,,8,1:36.9,40.8,4-4-3-4,3,544,1
2022/02/15,船橋,7,馬い！八丈島レモンジャム発売記Ｃ２二 三,1500,ダ,左,不良,晴,12,5,6,アミスタ,牝,4,54.5,478,4,和田譲,齊藤敏,,9,1:37.2,39.8,11-11-11-11,8,478,4
2022/02/15,船橋,7,馬い！八丈島レモンジャム発売記Ｃ２二 三,1500,ダ,左,不良,晴,12,1,1,ガクチカキッズ,牡,8,56.5,484,0,山口達,玉井勝,,10,1:37.5,40.6,9-10-10-9,10,484,0
2022/02/15,船橋,7,馬い！八丈島レモンジャム発売記Ｃ２二 三,1500,ダ,左,不良,晴,12,4,4,ホウショウカノコ,牝,4,54.5,422,-9,澤田龍,山下之,,11,1:38.1,40.2,12-12-12-12,11,422,-9
2022/02/15,船橋,7,馬い！八丈島レモンジャム発売記Ｃ２二 三,1500,ダ,左,不良,晴,12,5,5,モリトローテローゼ,牝,6,54.5,469,-12,福原杏,水野貴,,12,1:39.3,43.0,2-2-5-10,12,469,-12
2022/02/15,船橋,8,フェブラリーダッシュＢ３Ｃ１選抜馬,1000,ダ,左,不良,晴,13,6,8,モズアンビリバボー,牡,4,57.5,480,1,和田譲,鈴木義,,1,1:00.1,36.3,7-7,2,480,1
2022/02/15,船橋,8,フェブラリーダッシュＢ３Ｃ１選抜馬,1000,ダ,左,不良,晴,13,5,7,アンナラヴェリテ,牝,7,55.5,495,8,御神訓,川島一,,2,1:00.2,37.2,1-1,1,495,8
2022/02/15,船橋,8,フェブラリーダッシュＢ３Ｃ１選抜馬,1000,ダ,左,不良,晴,13,7,11,ボウトロイ,牡,4,57.5,521,-3,石崎駿,岩本洋,,3,1:00.8,36.2,11-11,9,521,-3
2022/02/15,船橋,8,フェブラリーダッシュＢ３Ｃ１選抜馬,1000,ダ,左,不良,晴,13,2,2,デスヨネ,牡,7,56.5,469,0,池谷匠,林隆之,,4,1:00.9,37.2,6-6,6,469,0
2022/02/15,船橋,8,フェブラリーダッシュＢ３Ｃ１選抜馬,1000,ダ,左,不良,晴,13,4,5,ピュアファンタジー,牝,5,54.5,474,-1,古岡勇,小澤宏,,5,1:01.2,37.7,5-5,10,474,-1
2022/02/15,船橋,8,フェブラリーダッシュＢ３Ｃ１選抜馬,1000,ダ,左,不良,晴,13,1,1,トゥーナノクターン,牝,5,55.5,443,1,藤江渉,山田質,,6,1:01.3,37.4,9-8,5,443,1
2022/02/15,船橋,8,フェブラリーダッシュＢ３Ｃ１選抜馬,1000,ダ,左,不良,晴,13,7,10,オーロリンチェ,牝,7,54.5,511,-3,篠谷葵,山田信,,7,1:01.5,38.3,2-2,4,511,-3
2022/02/15,船橋,8,フェブラリーダッシュＢ３Ｃ１選抜馬,1000,ダ,左,不良,晴,13,6,9,キャストロペトラ,牡,5,55.5,488,-2,山本紀,山本学,,8,1:01.7,37.4,10-10,3,488,-2
2022/02/15,船橋,8,フェブラリーダッシュＢ３Ｃ１選抜馬,1000,ダ,左,不良,晴,13,3,3,ミスターウラノフ,牡,4,55.5,428,-6,伊藤裕,古澤悟,,9,1:01.8,36.6,13-13,11,428,-6
2022/02/15,船橋,8,フェブラリーダッシュＢ３Ｃ１選抜馬,1000,ダ,左,不良,晴,13,8,13,トーケンマコット,牝,5,55.5,428,-2,山崎誠,山本学,,10,1:01.8,37.9,8-9,8,428,-2
2022/02/15,船橋,8,フェブラリーダッシュＢ３Ｃ１選抜馬,1000,ダ,左,不良,晴,13,4,4,オルディネール,牝,4,53.5,452,4,岡村健,山中尊,,11,1:01.9,38.5,3-3,7,452,4
2022/02/15,船橋,8,フェブラリーダッシュＢ３Ｃ１選抜馬,1000,ダ,左,不良,晴,13,8,12,ノーブルゲート,牡,4,55.5,493,-6,岡村裕,八木仁,,12,1:02.1,38.7,4-4,12,493,-6
2022/02/15,船橋,8,フェブラリーダッシュＢ３Ｃ１選抜馬,1000,ダ,左,不良,晴,13,5,6,タマモゼーゼマン,牡,5,55.5,471,-3,橋本直,川村守,,13,1:03.6,38.7,12-12,13,471,-3
2022/02/15,船橋,9,フリオーソ・メモリアル３歳一,1600,ダ,左,不良,晴,9,1,1,フクノアルズ,牡,3,56.0,527,-4,笠野雄,佐藤太,,1,1:42.0,39.1,1-1-1-1,2,527,-4
2022/02/15,船橋,9,フリオーソ・メモリアル３歳一,1600,ダ,左,不良,晴,9,6,6,レティクル,牡,3,57.0,454,3,山口達,林正人,,2,1:42.8,39.9,2-2-2-2,4,454,3
2022/02/15,船橋,9,フリオーソ・メモリアル３歳一,1600,ダ,左,不良,晴,9,8,9,キャッスルブレイヴ,牡,3,57.0,468,-6,仲野光,渋谷博,,3,1:43.2,39.6,6-6-5-3,3,468,-6
2022/02/15,船橋,9,フリオーソ・メモリアル３歳一,1600,ダ,左,不良,晴,9,8,8,ドリームプリンス,牡,3,56.0,473,-15,張田昂,張田京,,4,1:43.3,40.1,3-4-3-4,5,473,-15
2022/02/15,船橋,9,フリオーソ・メモリアル３歳一,1600,ダ,左,不良,晴,9,5,5,ウインフラッシュ,牡,3,56.0,467,7,藤本現,佐々功,,5,1:44.6,40.6,8-8-6-6,7,467,7
2022/02/15,船橋,9,フリオーソ・メモリアル３歳一,1600,ダ,左,不良,晴,9,3,3,コビナイフォンテン,牝,3,54.0,469,11,小杉亮,波多健,,6,1:44.7,40.6,7-7-7-7,9,469,11
2022/02/15,船橋,9,フリオーソ・メモリアル３歳一,1600,ダ,左,不良,晴,9,2,2,ベターザンエヴァー,牡,3,56.0,469,-1,本橋孝,矢野義,,7,1:45.5,42.2,5-3-4-5,6,469,-1
2022/02/15,船橋,9,フリオーソ・メモリアル３歳一,1600,ダ,左,不良,晴,9,4,4,ブリジット,牝,3,54.0,433,5,橋本直,小久智,,8,1:46.5,42.0,9-9-8-8,8,433,5
2022/02/15,船橋,9,フリオーソ・メモリアル３歳一,1600,ダ,左,不良,晴,9,7,7,ミドナイトコール,牡,3,56.0,480,-3,和田譲,鈴木義,,9,1:47.5,42.9,4-5-9-9,1,480,-3
2022/02/15,船橋,10,松戸スプリントＢ２選抜馬,1200,ダ,左,不良,晴,11,3,3,プレストシャイン,牡,5,56.5,510,-2,小杉亮,山下之,,1,1:13.4,38.3,2-2-2,1,510,-2
2022/02/15,船橋,10,松戸スプリントＢ２選抜馬,1200,ダ,左,不良,晴,11,6,6,スマイルミュ,牝,4,54.5,519,5,森泰斗,張田京,,2,1:13.5,38.2,4-4-3,2,519,5
2022/02/15,船橋,10,松戸スプリントＢ２選抜馬,1200,ダ,左,不良,晴,11,1,1,マイクハージュ,牡,4,56.5,462,3,澤田龍,川島一,,3,1:13.5,38.4,1-1-1,4,462,3
2022/02/15,船橋,10,松戸スプリントＢ２選抜馬,1200,ダ,左,不良,晴,11,4,4,ブルーローズ,牝,6,54.5,444,-2,張田昂,野口孝,,4,1:13.9,37.4,7-8-8,8,444,-2
2022/02/15,船橋,10,松戸スプリントＢ２選抜馬,1200,ダ,左,不良,晴,11,8,11,パイロジェン,セ,0,56.5,439,-8,本田重,高月賢,,5,1:14.2,38.3,6-6-6,5,439,-8
2022/02/15,船橋,10,松戸スプリントＢ２選抜馬,1200,ダ,左,不良,晴,11,2,2,ガイセン,牡,6,56.5,436,-2,岡村健,稲益貴,,6,1:14.5,37.6,9-10-9,6,436,-2
2022/02/15,船橋,10,松戸スプリントＢ２選抜馬,1200,ダ,左,不良,晴,11,7,9,ビッグバンド,セ,0,56.5,504,5,野澤憲,山田信,,7,1:14.6,38.9,5-5-5,3,504,5
2022/02/15,船橋,10,松戸スプリントＢ２選抜馬,1200,ダ,左,不良,晴,11,8,10,モエレコネクター,牡,6,56.5,516,-1,藤本現,齊藤敏,,8,1:14.8,38.4,8-7-7,10,516,-1
2022/02/15,船橋,10,松戸スプリントＢ２選抜馬,1200,ダ,左,不良,晴,11,7,8,ゲイムスター,牡,6,56.5,485,-11,今野忠,田島寿,,9,1:15.0,39.7,3-3-4,7,485,-11
2022/02/15,船橋,10,松戸スプリントＢ２選抜馬,1200,ダ,左,不良,晴,11,5,5,コアコンピタンス,セ,0,53.5,520,2,木間龍,坂本昇,,10,1:15.3,38.2,10-11-11,11,520,2
2022/02/15,船橋,10,松戸スプリントＢ２選抜馬,1200,ダ,左,不良,晴,11,6,7,トーセンアイアン,牡,6,56.5,537,13,町田直,新井清,,11,1:16.8,40.1,11-9-10,9,537,13
2022/02/15,船橋,11,Ｊ交 ハートビートレインＡ２Ｂ１選抜馬中,1600,ダ,左,不良,晴,14,6,10,スマイルウィ,牡,5,57.0,567,-3,矢野貴,張田京,,1,1:39.7,39.0,1-1-1-1,1,567,-3
2022/02/15,船橋,11,Ｊ交 ハートビートレインＡ２Ｂ１選抜馬中,1600,ダ,左,不良,晴,14,5,8,ファルコンビーク,牡,5,57.0,502,-4,御神訓,内田勝,,2,1:40.5,39.7,3-2-2-2,2,502,-4
2022/02/15,船橋,11,Ｊ交 ハートビートレインＡ２Ｂ１選抜馬中,1600,ダ,左,不良,晴,14,7,12,デアフルーグ,牡,6,57.0,511,-4,山口達,林正人,,2,1:40.5,38.4,13-13-11-8,3,511,-4
2022/02/15,船橋,11,Ｊ交 ハートビートレインＡ２Ｂ１選抜馬中,1600,ダ,左,不良,晴,14,8,13,サイモンルモンド,セ,0,56.0,448,-4,本田重,小林也,,4,1:40.5,38.6,9-10-9-5,5,448,-4
2022/02/15,船橋,11,Ｊ交 ハートビートレインＡ２Ｂ１選抜馬中,1600,ダ,左,不良,晴,14,3,4,ウインプロスト,牡,4,56.0,488,2,和田譲,高橋祥,,5,1:40.8,39.8,4-3-3-4,11,488,2
2022/02/15,船橋,11,Ｊ交 ハートビートレインＡ２Ｂ１選抜馬中,1600,ダ,左,不良,晴,14,7,11,スウィングビート,セ,0,57.0,490,0,張田昂,岡林光,,6,1:41.1,39.8,8-6-4-3,8,490,0
2022/02/15,船橋,11,Ｊ交 ハートビートレインＡ２Ｂ１選抜馬中,1600,ダ,左,不良,晴,14,1,1,ヨハン,牡,6,57.0,454,3,本橋孝,山下之,,7,1:41.1,39.3,7-8-7-7,4,454,3
2022/02/15,船橋,11,Ｊ交 ハートビートレインＡ２Ｂ１選抜馬中,1600,ダ,左,不良,晴,14,5,7,タイセイアンシェル,牡,4,55.0,421,-5,篠谷葵,新開幸,,8,1:41.5,39.9,2-4-6-6,9,421,-5
2022/02/15,船橋,11,Ｊ交 ハートビートレインＡ２Ｂ１選抜馬中,1600,ダ,左,不良,晴,14,4,6,デザートスネーク,セ,0,57.0,489,12,小杉亮,矢野義,,9,1:41.9,39.8,11-11-10-11,13,489,12
2022/02/15,船橋,11,Ｊ交 ハートビートレインＡ２Ｂ１選抜馬中,1600,ダ,左,不良,晴,14,6,9,ウインレゼルヴ,牡,5,56.0,507,11,藤本現,奥平雅,,10,1:42.6,40.1,12-12-13-13,12,507,11
2022/02/15,船橋,11,Ｊ交 ハートビートレインＡ２Ｂ１選抜馬中,1600,ダ,左,不良,晴,14,3,3,ヴィクトリオーソ,牡,5,56.0,526,18,岡村健,粕谷昌,,11,1:42.8,41.0,6-7-8-9,10,526,18
2022/02/15,船橋,11,Ｊ交 ハートビートレインＡ２Ｂ１選抜馬中,1600,ダ,左,不良,晴,14,4,5,デジマノハナ,牝,5,53.0,473,-2,町田直,山下之,,12,1:43.2,40.9,10-9-12-12,7,473,-2
2022/02/15,船橋,11,Ｊ交 ハートビートレインＡ２Ｂ１選抜馬中,1600,ダ,左,不良,晴,14,2,2,ドゥラモット,牝,5,54.0,465,-11,森泰斗,小林也,,13,1:43.7,42.1,5-5-5-10,6,465,-11
2022/02/15,船橋,11,Ｊ交 ハートビートレインＡ２Ｂ１選抜馬中,1600,ダ,左,不良,晴,14,8,14,トキメキジュピター,牡,7,56.0,517,-1,石崎駿,浅野洋,,14,1:44.5,40.4,14-14-14-14,14,517,-1
2022/02/15,船橋,12,デイジー２２００Ｃ１選抜馬,2200,ダ,左,不良,晴,12,5,6,アイノウィステリア,牡,5,56.5,532,0,石崎駿,石井勝,,1,2:26.5,40.0,4-4-4-4,1,532,0
2022/02/15,船橋,12,デイジー２２００Ｃ１選抜馬,2200,ダ,左,不良,晴,12,6,7,スパイスアップ,牡,4,56.5,495,7,藤本現,佐々功,,2,2:27.5,40.1,11-11-10-8,5,495,7
2022/02/15,船橋,12,デイジー２２００Ｃ１選抜馬,2200,ダ,左,不良,晴,12,4,4,キトゥンズルンバ,セ,0,55.5,461,-2,篠谷葵,出川克,,3,2:27.6,40.7,7-7-6-5,2,461,-2
2022/02/15,船橋,12,デイジー２２００Ｃ１選抜馬,2200,ダ,左,不良,晴,12,2,2,マイネルスキーブ,牡,4,56.5,480,6,矢野貴,加藤誠,,4,2:27.7,41.4,2-2-2-1,3,480,6
2022/02/15,船橋,12,デイジー２２００Ｃ１選抜馬,2200,ダ,左,不良,晴,12,7,10,カッター,牡,4,56.5,463,-4,澤田龍,石井勝,,5,2:27.8,41.4,3-3-3-3,10,463,-4
2022/02/15,船橋,12,デイジー２２００Ｃ１選抜馬,2200,ダ,左,不良,晴,12,1,1,スウォードキング,牡,6,55.5,448,5,古岡勇,田島寿,,6,2:27.9,40.5,10-9-9-11,11,448,5
2022/02/15,船橋,12,デイジー２２００Ｃ１選抜馬,2200,ダ,左,不良,晴,12,3,3,ピースオブホース,牡,4,56.5,509,0,藤江渉,山田質,,7,2:28.1,40.9,8-8-8-9,9,509,0
2022/02/15,船橋,12,デイジー２２００Ｃ１選抜馬,2200,ダ,左,不良,晴,12,8,12,エデリー,牡,6,56.5,530,-5,伊藤裕,久保勇,,8,2:28.3,40.8,9-10-11-10,12,530,-5
2022/02/15,船橋,12,デイジー２２００Ｃ１選抜馬,2200,ダ,左,不良,晴,12,7,9,コスモビートイット,牡,5,56.5,507,-1,福原杏,川島豊,,9,2:29.0,41.5,12-12-12-12,7,507,-1
2022/02/15,船橋,12,デイジー２２００Ｃ１選抜馬,2200,ダ,左,不良,晴,12,8,11,サンナイト,牡,8,56.5,541,-2,張田昂,山崎裕,,10,2:29.4,43.1,1-1-1-2,4,541,-2
2022/02/15,船橋,12,デイジー２２００Ｃ１選抜馬,2200,ダ,左,不良,晴,12,5,5,トゥザキングダム,牡,8,56.5,490,9,岡村健,宮下靖,,11,2:29.5,42.6,5-5-7-7,6,490,9
2022/02/15,船橋,12,デイジー２２００Ｃ１選抜馬,2200,ダ,左,不良,晴,12,6,8,ラヴィダヴィ,牝,4,54.5,454,6,酒井忍,矢野義,,12,2:30.9,44.1,6-6-5-6,8,454,6
2022/02/16,船橋,1,３歳六,1200,ダ,左,重,晴,12,6,7,ソレイユスマイル,牝,3,54.5,481,4,森泰斗,川島一,,1,1:15.7,38.7,7-6-7,1,481,4
2022/02/16,船橋,1,３歳六,1200,ダ,左,重,晴,12,7,10,マーシテイクオン,牡,3,56.5,483,0,西村栄,矢野義,,2,1:16.0,39.5,4-4-1,7,483,0
2022/02/16,船橋,1,３歳六,1200,ダ,左,重,晴,12,4,4,アルフィーノ,牝,3,54.5,446,-2,濱田達,川島一,,3,1:16.5,40.2,1-1-2,2,446,-2
2022/02/16,船橋,1,３歳六,1200,ダ,左,重,晴,12,8,11,トドイワオーシャン,牝,3,54.5,442,-1,和田譲,齊藤敏,,4,1:16.8,40.0,5-5-5,5,442,-1
2022/02/16,船橋,1,３歳六,1200,ダ,左,重,晴,12,6,8,ハニーメモリー,牝,3,54.5,401,11,田中力,岡林光,,5,1:17.1,39.6,11-11-11,3,401,11
2022/02/16,船橋,1,３歳六,1200,ダ,左,重,晴,12,5,5,ビービーアリオン,牝,3,54.5,419,-1,山崎誠,山崎尋,,6,1:17.3,40.8,3-3-3,8,419,-1
2022/02/16,船橋,1,３歳六,1200,ダ,左,重,晴,12,3,3,ギヴァーダンク,牝,3,54.5,401,-3,藤江渉,甲田悟,,7,1:17.4,40.4,6-7-6,10,401,-3
2022/02/16,船橋,1,３歳六,1200,ダ,左,重,晴,12,1,1,エンハンブレ,牡,3,56.5,438,0,田中涼,加藤誠,,8,1:17.7,40.3,10-9-8,12,438,0
2022/02/16,船橋,1,３歳六,1200,ダ,左,重,晴,12,8,12,スターオブモア,牝,3,54.5,367,-3,藤本現,佐々功,,9,1:17.8,40.4,9-10-9,4,367,-3
2022/02/16,船橋,1,３歳六,1200,ダ,左,重,晴,12,7,9,シャーロットメファ,牝,3,54.5,380,-1,山本紀,山本学,,10,1:18.2,41.0,8-8-10,9,380,-1
2022/02/16,船橋,1,３歳六,1200,ダ,左,重,晴,12,5,6,シナノコンコルド,牡,3,56.5,441,-3,伊藤裕,鈴木義,,11,1:18.2,39.9,12-12-12,11,441,-3
2022/02/16,船橋,1,３歳六,1200,ダ,左,重,晴,12,2,2,コンフォートアイル,牝,3,54.5,406,-17,岡村健,佐藤太,,12,1:18.9,42.6,2-2-4,6,406,-17
2022/02/16,船橋,2,Ｃ３二,1500,ダ,左,重,晴,12,7,10,ハクサンウインク,牝,7,54.5,490,1,酒井忍,矢野義,,1,1:37.2,39.0,4-5-3-3,2,490,1
2022/02/16,船橋,2,Ｃ３二,1500,ダ,左,重,晴,12,5,6,トミケンミステリオ,牡,6,56.5,479,-11,矢野貴,伊藤滋,,2,1:37.2,39.2,1-1-1-1,4,479,-11
2022/02/16,船橋,2,Ｃ３二,1500,ダ,左,重,晴,12,8,12,ミチノシチリア,牡,4,56.5,469,-3,森泰斗,齊藤敏,,3,1:37.4,38.9,6-8-7-5,6,469,-3
2022/02/16,船橋,2,Ｃ３二,1500,ダ,左,重,晴,12,7,9,ラクロワゼット,牡,5,55.5,504,9,池谷匠,阿井正,,4,1:37.5,39.3,3-4-4-4,8,504,9
2022/02/16,船橋,2,Ｃ３二,1500,ダ,左,重,晴,12,6,8,トーアクリスティー,牝,7,54.5,401,-1,福原杏,齊藤敏,,5,1:37.8,39.3,8-6-6-7,5,401,-1
2022/02/16,船橋,2,Ｃ３二,1500,ダ,左,重,晴,12,5,5,アントーニオ,セ,0,56.5,449,-7,和田譲,新井清,,6,1:38.0,40.0,2-2-2-2,1,449,-7
2022/02/16,船橋,2,Ｃ３二,1500,ダ,左,重,晴,12,4,4,エクストリーム,牡,8,55.5,465,-13,篠谷葵,田邊陽,,7,1:38.2,38.6,10-10-12-12,10,465,-13
2022/02/16,船橋,2,Ｃ３二,1500,ダ,左,重,晴,12,8,11,モズキゾク,牡,4,56.5,447,-2,仲野光,波多健,,8,1:38.3,39.3,11-11-9-9,7,447,-2
2022/02/16,船橋,2,Ｃ３二,1500,ダ,左,重,晴,12,2,2,サンビンガムトン,牡,6,56.5,513,-11,小杉亮,玉井昇,,9,1:38.7,39.3,12-12-11-11,3,513,-11
2022/02/16,船橋,2,Ｃ３二,1500,ダ,左,重,晴,12,6,7,ホシノウチカケ,牝,6,54.5,461,-5,張田昂,渡邊貴,,10,1:39.0,40.2,7-7-8-8,9,461,-5
2022/02/16,船橋,2,Ｃ３二,1500,ダ,左,重,晴,12,3,3,スズムネ,牡,4,56.5,462,0,山本紀,渋谷博,,11,1:39.1,40.7,5-3-5-6,11,462,0
2022/02/16,船橋,2,Ｃ３二,1500,ダ,左,重,晴,12,1,1,サーストンニケ,牝,8,53.5,455,5,古岡勇,村田順,,12,1:39.3,40.0,9-9-10-10,12,455,5
2022/02/16,船橋,3,Ｃ２六 七,1200,ダ,左,重,晴,12,6,7,サンドジョーカー,牡,5,56.5,522,-1,森泰斗,新井清,,1,1:14.0,38.1,4-4-4,1,522,-1
2022/02/16,船橋,3,Ｃ２六 七,1200,ダ,左,重,晴,12,1,1,スリーポイント,牡,7,56.5,451,-2,山崎誠,山崎尋,,2,1:14.3,38.4,6-5-3,6,451,-2
2022/02/16,船橋,3,Ｃ２六 七,1200,ダ,左,重,晴,12,4,4,ロメーロ,牝,4,54.5,480,12,小杉亮,矢野義,,3,1:14.6,39.3,1-1-1,5,480,12
2022/02/16,船橋,3,Ｃ２六 七,1200,ダ,左,重,晴,12,7,10,マゼ,牡,6,56.5,483,-6,本田重,稲益貴,,4,1:14.6,38.0,8-7-7,3,483,-6
2022/02/16,船橋,3,Ｃ２六 七,1200,ダ,左,重,晴,12,5,6,エキストラライト,牝,5,54.5,466,-3,藤本現,米谷康,,5,1:15.2,38.2,10-10-10,7,466,-3
2022/02/16,船橋,3,Ｃ２六 七,1200,ダ,左,重,晴,12,8,12,イッツショータイム,牡,6,56.5,472,0,今野忠,安池成,,6,1:15.2,38.3,9-9-8,9,472,0
2022/02/16,船橋,3,Ｃ２六 七,1200,ダ,左,重,晴,12,2,2,ヤベゴースイート,牝,4,54.5,428,-5,山中悠,渡邊貴,,7,1:15.5,38.2,12-11-11,10,428,-5
2022/02/16,船橋,3,Ｃ２六 七,1200,ダ,左,重,晴,12,8,11,トーセンポラリス,牡,4,56.5,496,-1,御神訓,川島一,,8,1:15.9,39.9,5-6-6,4,496,-1
2022/02/16,船橋,3,Ｃ２六 七,1200,ダ,左,重,晴,12,6,8,フェアリートレイル,牝,4,54.5,471,7,和田譲,齊藤敏,,9,1:16.0,40.6,2-2-2,2,471,7
2022/02/16,船橋,3,Ｃ２六 七,1200,ダ,左,重,晴,12,7,9,ブルーグリッター,牡,4,56.5,478,7,岡村健,岡林光,,10,1:16.1,40.6,3-3-5,8,478,7
2022/02/16,船橋,3,Ｃ２六 七,1200,ダ,左,重,晴,12,5,5,ナヴラトリ,牝,9,54.5,479,-1,半澤慶,川村守,,11,1:17.4,39.8,11-12-12,11,479,-1
2022/02/16,船橋,3,Ｃ２六 七,1200,ダ,左,重,晴,12,3,3,ブレイクダンス,牝,4,54.5,434,7,本橋孝,石井勝,,12,1:17.4,40.8,7-8-9,12,434,7
2022/02/16,船橋,4,Ｃ２六 七,1500,ダ,左,重,晴,12,4,4,モニュメントキング,牡,6,56.5,517,6,和田譲,新井清,,1,1:35.0,38.8,1-1-1-1,2,517,6
2022/02/16,船橋,4,Ｃ２六 七,1500,ダ,左,重,晴,12,6,8,ウインカルナヴァル,牡,7,56.5,491,4,矢野貴,玉井昇,,2,1:35.9,39.5,2-2-2-2,1,491,4
2022/02/16,船橋,4,Ｃ２六 七,1500,ダ,左,重,晴,12,3,3,トリプルミリオン,牝,4,53.5,437,3,篠谷葵,林正人,,3,1:37.0,39.7,8-8-8-8,3,437,3
2022/02/16,船橋,4,Ｃ２六 七,1500,ダ,左,重,晴,12,5,6,パークフォンテン,牝,5,54.5,450,7,山口達,波多健,,4,1:37.1,39.1,12-12-12-10,9,450,7
2022/02/16,船橋,4,Ｃ２六 七,1500,ダ,左,重,晴,12,8,12,エンシェントアイル,牡,4,56.5,549,13,澤田龍,米谷康,,5,1:37.3,40.3,7-6-7-6,5,549,13
2022/02/16,船橋,4,Ｃ２六 七,1500,ダ,左,重,晴,12,2,2,ダイヤモンドカノン,牝,4,54.5,493,5,福原杏,齊藤敏,,6,1:37.3,40.3,5-5-6-4,10,493,5
2022/02/16,船橋,4,Ｃ２六 七,1500,ダ,左,重,晴,12,1,1,マルヒロキング,牡,7,56.5,507,6,仲野光,玉井等,,7,1:37.6,40.7,3-3-4-5,7,507,6
2022/02/16,船橋,4,Ｃ２六 七,1500,ダ,左,重,晴,12,7,10,ベアートフォラータ,牝,4,54.5,521,-3,岡村健,佐藤太,,8,1:38.3,41.7,4-4-3-3,6,521,-3
2022/02/16,船橋,4,Ｃ２六 七,1500,ダ,左,重,晴,12,7,9,サンサダンサー,牝,5,54.5,470,-1,藤本現,齊藤敏,,9,1:38.7,41.0,9-9-9-9,12,470,-1
2022/02/16,船橋,4,Ｃ２六 七,1500,ダ,左,重,晴,12,8,11,ティーパフォーマー,牝,9,54.5,449,4,山中悠,川村守,,10,1:38.8,41.0,10-10-10-12,11,449,4
2022/02/16,船橋,4,Ｃ２六 七,1500,ダ,左,重,晴,12,5,5,ヴィッカース,牝,4,54.5,476,1,野澤憲,佐々清,,11,1:39.0,42.0,6-7-5-7,4,476,1
2022/02/16,船橋,4,Ｃ２六 七,1500,ダ,左,重,晴,12,6,7,ブルベアライノ,牡,8,53.5,497,2,木間龍,伊藤滋,,12,1:39.0,41.2,11-11-11-11,8,497,2
2022/02/16,船橋,5,アメジストダッシュＣ２Ｃ３選抜馬,1000,ダ,左,重,晴,14,6,10,レイジングリヴァー,牝,5,55.5,477,-3,本田重,新井清,,1,0:59.9,36.5,4-3,1,477,-3
2022/02/16,船橋,5,アメジストダッシュＣ２Ｃ３選抜馬,1000,ダ,左,重,晴,14,2,2,パイナ,牝,4,54.5,463,-4,池谷匠,林隆之,,2,1:00.3,37.3,1-1,2,463,-4
2022/02/16,船橋,5,アメジストダッシュＣ２Ｃ３選抜馬,1000,ダ,左,重,晴,14,4,6,ジーガープリンス,牡,8,57.5,530,-7,石崎駿,石井勝,,3,1:00.4,37.3,2-2,4,530,-7
2022/02/16,船橋,5,アメジストダッシュＣ２Ｃ３選抜馬,1000,ダ,左,重,晴,14,5,8,フィッツカラルド,牡,4,56.5,514,-13,篠谷葵,高野毅,,4,1:01.2,36.5,12-11,11,514,-13
2022/02/16,船橋,5,アメジストダッシュＣ２Ｃ３選抜馬,1000,ダ,左,重,晴,14,5,7,モアイ,牡,7,57.5,485,-1,張田昂,長谷忍,,5,1:01.2,37.2,10-9,7,485,-1
2022/02/16,船橋,5,アメジストダッシュＣ２Ｃ３選抜馬,1000,ダ,左,重,晴,14,7,11,ティーズロワール,牝,7,55.5,450,0,臼井健,山中尊,,6,1:01.2,37.9,3-4,5,450,0
2022/02/16,船橋,5,アメジストダッシュＣ２Ｃ３選抜馬,1000,ダ,左,重,晴,14,6,9,カーディストリー,牝,6,55.5,476,9,町田直,福永敏,,7,1:01.3,37.3,9-10,3,476,9
2022/02/16,船橋,5,アメジストダッシュＣ２Ｃ３選抜馬,1000,ダ,左,重,晴,14,8,14,マーメイドソング,牝,4,55.5,458,6,福原杏,伊藤滋,,8,1:01.5,37.9,5-7,9,458,6
2022/02/16,船橋,5,アメジストダッシュＣ２Ｃ３選抜馬,1000,ダ,左,重,晴,14,3,3,グレイスディーヴァ,牝,4,55.5,503,1,小杉亮,渋谷博,,9,1:01.9,38.2,7-6,13,503,1
2022/02/16,船橋,5,アメジストダッシュＣ２Ｃ３選抜馬,1000,ダ,左,重,晴,14,3,4,ダバイボンバー,牝,4,52.5,512,-6,木間龍,坂本昇,,10,1:01.9,37.1,13-13,10,512,-6
2022/02/16,船橋,5,アメジストダッシュＣ２Ｃ３選抜馬,1000,ダ,左,重,晴,14,4,5,ハクサンバレー,牝,5,55.5,438,5,酒井忍,森　始,,11,1:02.2,37.8,11-12,8,438,5
2022/02/16,船橋,5,アメジストダッシュＣ２Ｃ３選抜馬,1000,ダ,左,重,晴,14,8,13,オープンワールド,牡,4,57.5,498,-3,本橋孝,渡邊貴,,12,1:02.4,38.6,8-8,6,498,-3
2022/02/16,船橋,5,アメジストダッシュＣ２Ｃ３選抜馬,1000,ダ,左,重,晴,14,1,1,キョウエイオビエド,牡,7,57.5,471,0,實川純,佐々功,,13,1:02.5,38.8,6-5,12,471,0
2022/02/16,船橋,5,アメジストダッシュＣ２Ｃ３選抜馬,1000,ダ,左,重,晴,14,7,12,リンクスクリスタル,牝,9,53.5,448,0,山口達,宮下靖,,14,1:04.0,38.2,14-14,14,448,0
2022/02/16,船橋,6,馬い！八幡平ルパームジャム発売Ｃ２四 五,1500,ダ,左,重,晴,11,4,4,アコルダール,牝,4,54.5,460,1,和田譲,山中尊,,1,1:36.1,39.2,6-6-4-3,1,460,1
2022/02/16,船橋,6,馬い！八幡平ルパームジャム発売Ｃ２四 五,1500,ダ,左,重,晴,11,7,9,トリニタリアニズム,牡,4,56.5,529,3,町田直,山田信,,2,1:36.6,39.8,3-3-3-1,4,529,3
2022/02/16,船橋,6,馬い！八幡平ルパームジャム発売Ｃ２四 五,1500,ダ,左,重,晴,11,7,8,アルディートシチー,セ,0,56.5,501,2,山口達,林正人,,3,1:37.1,39.4,11-11-7-5,3,501,2
2022/02/16,船橋,6,馬い！八幡平ルパームジャム発売Ｃ２四 五,1500,ダ,左,重,晴,11,3,3,キタノマンゲツ,牡,4,56.5,442,-11,臼井健,山中尊,,4,1:37.5,39.6,8-8-8-8,7,442,-11
2022/02/16,船橋,6,馬い！八幡平ルパームジャム発売Ｃ２四 五,1500,ダ,左,重,晴,11,8,10,インザホッパー,牡,4,56.5,478,2,山崎誠,山本学,,5,1:37.7,39.4,7-7-9-9,6,478,2
2022/02/16,船橋,6,馬い！八幡平ルパームジャム発売Ｃ２四 五,1500,ダ,左,重,晴,11,6,6,ドルチェヴィータ,牝,4,54.5,423,-5,安藤洋,米谷康,,6,1:37.9,41.1,2-2-2-2,5,423,-5
2022/02/16,船橋,6,馬い！八幡平ルパームジャム発売Ｃ２四 五,1500,ダ,左,重,晴,11,8,11,テセウスフォンテン,牡,4,56.5,462,6,笠野雄,波多健,,7,1:38.7,40.2,9-10-11-11,8,462,6
2022/02/16,船橋,6,馬い！八幡平ルパームジャム発売Ｃ２四 五,1500,ダ,左,重,晴,11,1,1,スマーティキャット,牡,4,56.5,458,8,濱田達,齊藤敏,,8,1:39.1,41.5,4-4-6-6,11,458,8
2022/02/16,船橋,6,馬い！八幡平ルパームジャム発売Ｃ２四 五,1500,ダ,左,重,晴,11,6,7,オッドアイ,牝,9,54.5,436,4,加藤和,川島豊,,9,1:39.3,40.8,10-9-10-10,9,436,4
2022/02/16,船橋,6,馬い！八幡平ルパームジャム発売Ｃ２四 五,1500,ダ,左,重,晴,11,5,5,サツキヒューズ,牡,5,56.5,472,-1,矢野貴,坂本昇,,10,1:39.3,42.5,1-1-1-4,2,472,-1
2022/02/16,船橋,6,馬い！八幡平ルパームジャム発売Ｃ２四 五,1500,ダ,左,重,晴,11,2,2,プロスペリティ,牝,6,54.5,470,8,國分祐,冨田敏,,11,1:39.4,41.9,5-5-5-7,10,470,8
2022/02/16,船橋,7,Ｃ２四 五,1200,ダ,左,重,晴,11,3,3,ハイガーデン,牝,4,54.5,458,1,本田重,川島一,,1,1:15.6,39.3,2-2-2,1,458,1
2022/02/16,船橋,7,Ｃ２四 五,1200,ダ,左,重,晴,11,2,2,アラベスクパンシェ,牝,4,54.5,486,-1,野澤憲,佐々清,,2,1:16.1,39.8,1-1-1,3,486,-1
2022/02/16,船橋,7,Ｃ２四 五,1200,ダ,左,重,晴,11,8,10,リュウノジャズ,牡,6,56.5,554,16,福原杏,齊藤敏,,3,1:16.1,39.6,3-3-3,7,554,16
2022/02/16,船橋,7,Ｃ２四 五,1200,ダ,左,重,晴,11,7,8,ライズインザノース,セ,0,56.5,524,15,矢野貴,山田信,,4,1:16.5,39.7,5-5-5,2,524,15
2022/02/16,船橋,7,Ｃ２四 五,1200,ダ,左,重,晴,11,8,11,プリトヴィツェ,牝,8,53.5,455,2,篠谷葵,山下之,,5,1:16.5,39.7,6-6-6,8,455,2
2022/02/16,船橋,7,Ｃ２四 五,1200,ダ,左,重,晴,11,1,1,レオズソーダライト,牝,6,54.5,480,4,橋本直,平山真,,6,1:16.6,40.0,4-4-4,9,480,4
2022/02/16,船橋,7,Ｃ２四 五,1200,ダ,左,重,晴,11,6,7,デイスター,牡,5,56.5,456,5,張田昂,玉井昇,,7,1:16.7,39.5,7-8-8,4,456,5
2022/02/16,船橋,7,Ｃ２四 五,1200,ダ,左,重,晴,11,5,5,ジュディスピュア,牝,4,54.5,441,5,高橋利,矢内博,,8,1:16.9,39.5,9-9-9,10,441,5
2022/02/16,船橋,7,Ｃ２四 五,1200,ダ,左,重,晴,11,6,6,ストレートワン,セ,0,56.5,515,-4,仲野光,玉井等,,9,1:17.4,40.0,10-10-10,6,515,-4
2022/02/16,船橋,7,Ｃ２四 五,1200,ダ,左,重,晴,11,7,9,サダムシオイノモリ,牡,6,56.5,516,-2,川島正,稲益貴,,10,1:19.2,42.4,8-7-7,5,516,-2
2022/02/16,船橋,7,Ｃ２四 五,1200,ダ,左,重,晴,11,4,4,シャッタアックロイ,セ,0,56.5,496,18,澤田龍,坂本昇,,,,,,,496,18
2022/02/16,船橋,8,早春スプリントＣ１選抜馬,1200,ダ,左,重,晴,11,6,6,アンクレットハート,牝,6,54.5,461,-7,矢野貴,坂本昇,,1,1:14.2,38.0,3-2-2,2,461,-7
2022/02/16,船橋,8,早春スプリントＣ１選抜馬,1200,ダ,左,重,晴,11,8,10,ケイアイテディ,牡,7,56.5,489,-5,山崎誠,山崎尋,,2,1:14.3,37.9,4-4-3,4,489,-5
2022/02/16,船橋,8,早春スプリントＣ１選抜馬,1200,ダ,左,重,晴,11,6,7,ヒロシゲペッパー,牡,5,56.5,503,7,森泰斗,米谷康,,3,1:14.8,38.2,6-6-7,1,503,7
2022/02/16,船橋,8,早春スプリントＣ１選抜馬,1200,ダ,左,重,晴,11,7,8,クラバルバトス,牝,4,54.5,486,-7,酒井忍,矢野義,,4,1:15.4,38.2,10-9-9,6,486,-7
2022/02/16,船橋,8,早春スプリントＣ１選抜馬,1200,ダ,左,重,晴,11,1,1,マナホクレレ,牡,5,56.5,479,0,和田譲,齊藤敏,,5,1:15.5,38.5,8-8-8,7,479,0
2022/02/16,船橋,8,早春スプリントＣ１選抜馬,1200,ダ,左,重,晴,11,2,2,キラキラオーラ,牝,7,54.5,454,-2,高橋哲,牛房榮,,6,1:16.0,40.0,1-1-1,8,454,-2
2022/02/16,船橋,8,早春スプリントＣ１選抜馬,1200,ダ,左,重,晴,11,3,3,カラハリ,セ,0,56.5,417,-2,山本紀,山本学,,7,1:16.0,38.4,11-11-11,5,417,-2
2022/02/16,船橋,8,早春スプリントＣ１選抜馬,1200,ダ,左,重,晴,11,8,11,ドクタースキル,牝,4,54.5,455,0,岡村健,岡林光,,8,1:16.4,39.8,7-7-6,3,455,0
2022/02/16,船橋,8,早春スプリントＣ１選抜馬,1200,ダ,左,重,晴,11,5,5,サウンディングベル,牡,8,56.5,465,-1,張田昂,林　幻,,9,1:16.6,40.4,2-3-4,10,465,-1
2022/02/16,船橋,8,早春スプリントＣ１選抜馬,1200,ダ,左,重,晴,11,7,9,フレンドアリス,牝,7,54.5,452,-8,藤本現,佐々功,,10,1:16.7,39.4,9-10-10,9,452,-8
2022/02/16,船橋,8,早春スプリントＣ１選抜馬,1200,ダ,左,重,晴,11,4,4,ポッドラピド,牝,4,54.5,410,-1,川島正,渋谷博,,11,1:16.9,40.4,5-5-5,11,410,-1
2022/02/16,船橋,9,Ｊ交 ベストビット特別３歳未格選抜馬中央,1700,ダ,左,重,晴,11,5,5,ロマンスグレー,牡,3,55.0,541,18,篠谷葵,林正人,,1,1:48.8,39.9,1-1-1-1,3,541,18
2022/02/16,船橋,9,Ｊ交 ベストビット特別３歳未格選抜馬中央,1700,ダ,左,重,晴,11,6,7,メリーセンス,牡,3,56.0,494,2,張田昂,森秀行,,2,1:49.4,40.4,2-2-2-2,2,494,2
2022/02/16,船橋,9,Ｊ交 ベストビット特別３歳未格選抜馬中央,1700,ダ,左,重,晴,11,6,6,ブレイジングヒート,牡,3,56.0,437,4,山口達,出川克,,3,1:50.4,39.9,8-8-7-6,8,437,4
2022/02/16,船橋,9,Ｊ交 ベストビット特別３歳未格選抜馬中央,1700,ダ,左,重,晴,11,4,4,アースロマン,牡,3,56.0,494,-2,本田重,粕谷昌,,4,1:50.4,40.3,5-5-5-5,6,494,-2
2022/02/16,船橋,9,Ｊ交 ベストビット特別３歳未格選抜馬中央,1700,ダ,左,重,晴,11,7,9,モンバイト,牡,3,56.0,470,-1,酒井忍,薮口一,,5,1:50.6,40.1,6-7-6-7,5,470,-1
2022/02/16,船橋,9,Ｊ交 ベストビット特別３歳未格選抜馬中央,1700,ダ,左,重,晴,11,1,1,チャールストン,牡,3,55.0,503,-7,池谷匠,小檜悟,,6,1:51.6,39.9,10-10-10-10,4,503,-7
2022/02/16,船橋,9,Ｊ交 ベストビット特別３歳未格選抜馬中央,1700,ダ,左,重,晴,11,2,2,メダツヤツ,牡,3,56.0,450,-10,今野忠,小西一,,7,1:52.1,42.8,7-6-3-3,10,450,-10
2022/02/16,船橋,9,Ｊ交 ベストビット特別３歳未格選抜馬中央,1700,ダ,左,重,晴,11,7,8,スターエメラルド,牝,3,54.0,435,-13,矢野貴,加藤士,,8,1:52.3,40.2,11-11-11-11,7,435,-13
2022/02/16,船橋,9,Ｊ交 ベストビット特別３歳未格選抜馬中央,1700,ダ,左,重,晴,11,8,10,マイネルホリゾンテ,牡,3,56.0,428,-2,和田譲,田島俊,,9,1:53.4,42.7,4-3-8-8,9,428,-2
2022/02/16,船橋,9,Ｊ交 ベストビット特別３歳未格選抜馬中央,1700,ダ,左,重,晴,11,8,11,クロンヌドラレーヌ,牝,3,54.0,424,-10,森泰斗,高橋忠,,10,1:54.0,44.5,3-4-4-4,1,424,-10
2022/02/16,船橋,9,Ｊ交 ベストビット特別３歳未格選抜馬中央,1700,ダ,左,重,晴,11,3,3,ルスキーユ,牝,3,54.0,423,-8,本橋孝,山中尊,,11,1:54.7,43.0,9-9-9-9,11,423,-8
2022/02/16,船橋,10,野島崎特別Ｂ２三Ｂ３一,1600,ダ,左,重,晴,10,8,9,マッドルーレット,牡,4,55.5,487,-4,森泰斗,山中尊,,1,1:41.1,39.3,5-3-2-2,1,487,-4
2022/02/16,船橋,10,野島崎特別Ｂ２三Ｂ３一,1600,ダ,左,重,晴,10,3,3,オークハンプトン,牡,4,57.5,495,1,本田重,岡林光,,2,1:41.1,38.3,6-6-7-4,2,495,1
2022/02/16,船橋,10,野島崎特別Ｂ２三Ｂ３一,1600,ダ,左,重,晴,10,7,8,トーセンジーザス,牡,4,55.5,485,-5,矢野貴,川島一,,3,1:42.0,38.9,9-9-8-7,3,485,-5
2022/02/16,船橋,10,野島崎特別Ｂ２三Ｂ３一,1600,ダ,左,重,晴,10,8,10,テイクアターン,牡,4,54.5,507,0,篠谷葵,山田信,,4,1:42.1,38.8,10-10-9-8,6,507,0
2022/02/16,船橋,10,野島崎特別Ｂ２三Ｂ３一,1600,ダ,左,重,晴,10,2,2,プレストカイザー,牡,4,55.5,464,-6,川島正,山下之,,5,1:42.2,40.5,1-1-1-1,7,464,-6
2022/02/16,船橋,10,野島崎特別Ｂ２三Ｂ３一,1600,ダ,左,重,晴,10,1,1,フェリスアロー,牡,8,57.5,508,-5,藤本現,林正人,,6,1:42.8,39.3,8-8-10-10,9,508,-5
2022/02/16,船橋,10,野島崎特別Ｂ２三Ｂ３一,1600,ダ,左,重,晴,10,7,7,ミスティネイル,牝,6,53.5,514,-4,本橋孝,山中尊,,7,1:43.4,40.8,3-5-4-3,5,514,-4
2022/02/16,船橋,10,野島崎特別Ｂ２三Ｂ３一,1600,ダ,左,重,晴,10,5,5,トゥモローアンセム,セ,0,57.5,464,-4,張田昂,張田京,,8,1:44.5,41.9,4-4-5-6,4,464,-4
2022/02/16,船橋,10,野島崎特別Ｂ２三Ｂ３一,1600,ダ,左,重,晴,10,6,6,トイトイトイ,牡,9,55.5,469,5,山口達,林正人,,9,1:45.8,43.0,7-7-6-9,10,469,5
2022/02/16,船橋,10,野島崎特別Ｂ２三Ｂ３一,1600,ダ,左,重,晴,10,4,4,ベッサメモー,牝,5,53.5,542,-1,町田直,山田信,,10,1:45.8,44.0,2-2-3-5,8,542,-1
2022/02/16,船橋,11,報知グランプリカップ４上オープン,1800,ダ,左,重,晴,8,5,5,ギガキング,牡,4,56.5,470,6,和田譲,稲益貴,,1,1:52.1,38.6,2-2-2-1,3,470,6
2022/02/16,船橋,11,報知グランプリカップ４上オープン,1800,ダ,左,重,晴,8,7,7,キタノオクトパス,牡,5,54.5,576,3,張田昂,張田京,,2,1:52.5,38.8,3-3-3-2,2,576,3
2022/02/16,船橋,11,報知グランプリカップ４上オープン,1800,ダ,左,重,晴,8,1,1,ゴールドホイヤー,牡,5,56.5,498,-4,山崎誠,岩本洋,,3,1:53.2,38.8,7-7-7-7,6,498,-4
2022/02/16,船橋,11,報知グランプリカップ４上オープン,1800,ダ,左,重,晴,8,8,8,サルサレイア,牝,6,54.5,500,3,矢野貴,堀千亜,,4,1:53.7,39.0,8-8-8-8,8,500,3
2022/02/16,船橋,11,報知グランプリカップ４上オープン,1800,ダ,左,重,晴,8,4,4,ウィンターフェル,牡,6,54.5,533,-2,本田重,川島一,,5,1:53.9,39.8,6-6-6-5,4,533,-2
2022/02/16,船橋,11,報知グランプリカップ４上オープン,1800,ダ,左,重,晴,8,2,2,ダノンレジーナ,牝,6,54.5,478,-3,本橋孝,小久智,,6,1:54.3,40.4,4-4-5-6,5,478,-3
2022/02/16,船橋,11,報知グランプリカップ４上オープン,1800,ダ,左,重,晴,8,3,3,コズミックフォース,牡,7,56.5,473,-2,御神訓,藤田輝,,7,1:54.6,40.8,5-5-4-4,1,473,-2
2022/02/16,船橋,11,報知グランプリカップ４上オープン,1800,ダ,左,重,晴,8,6,6,キャッスルトップ,牡,4,56.5,452,4,仲野光,渋谷博,,8,1:54.7,41.2,1-1-1-3,7,452,4
2022/02/16,船橋,12,セントポーリア２２００Ｂ２Ｂ３選抜馬,2200,ダ,左,重,晴,12,6,8,スズノアリュール,牡,7,56.5,502,4,篠谷葵,山中尊,,1,2:25.5,42.0,7-7-4-4,4,502,4
2022/02/16,船橋,12,セントポーリア２２００Ｂ２Ｂ３選抜馬,2200,ダ,左,重,晴,12,5,6,レッドラトゥール,セ,0,55.5,493,3,森泰斗,佐藤太,,2,2:25.7,42.5,3-3-2-1,3,493,3
2022/02/16,船橋,12,セントポーリア２２００Ｂ２Ｂ３選抜馬,2200,ダ,左,重,晴,12,8,12,マスカテル,牡,5,55.5,493,0,張田昂,玉井昇,,3,2:26.0,42.7,4-5-3-2,2,493,0
2022/02/16,船橋,12,セントポーリア２２００Ｂ２Ｂ３選抜馬,2200,ダ,左,重,晴,12,8,11,エミーズロマンス,牝,5,55.5,515,-4,町田直,山下之,,4,2:27.4,43.5,6-4-6-5,1,515,-4
2022/02/16,船橋,12,セントポーリア２２００Ｂ２Ｂ３選抜馬,2200,ダ,左,重,晴,12,7,10,リセット,セ,0,57.5,469,-4,仲野光,玉井等,,5,2:27.4,41.8,12-12-12-12,12,469,-4
2022/02/16,船橋,12,セントポーリア２２００Ｂ２Ｂ３選抜馬,2200,ダ,左,重,晴,12,3,3,コパノメンデス,牡,7,55.5,452,1,小杉亮,凾館一,,6,2:27.4,43.3,8-8-7-8,9,452,1
2022/02/16,船橋,12,セントポーリア２２００Ｂ２Ｂ３選抜馬,2200,ダ,左,重,晴,12,5,5,アイキャンテーラー,牡,6,55.5,505,9,庄司大,稲益貴,,7,2:28.0,44.8,2-2-1-3,5,505,9
2022/02/16,船橋,12,セントポーリア２２００Ｂ２Ｂ３選抜馬,2200,ダ,左,重,晴,12,4,4,マイネルテナシャス,牡,5,54.5,504,-1,木間龍,坂本昇,,8,2:28.7,43.9,11-11-11-11,10,504,-1
2022/02/16,船橋,12,セントポーリア２２００Ｂ２Ｂ３選抜馬,2200,ダ,左,重,晴,12,6,7,メイプルグレイス,牝,5,55.5,453,-6,本橋孝,渡邊貴,,9,2:28.7,44.5,9-9-8-7,6,453,-6
2022/02/16,船橋,12,セントポーリア２２００Ｂ２Ｂ３選抜馬,2200,ダ,左,重,晴,12,7,9,サブルドール,牝,4,49.5,476,-6,神尾香,山下之,,10,2:29.4,44.6,10-10-10-9,8,476,-6
2022/02/16,船橋,12,セントポーリア２２００Ｂ２Ｂ３選抜馬,2200,ダ,左,重,晴,12,2,2,マラジェッツ,牡,5,55.5,461,-7,笠野雄,山中尊,,11,2:29.6,46.0,1-1-5-6,11,461,-7
2022/02/16,船橋,12,セントポーリア２２００Ｂ２Ｂ３選抜馬,2200,ダ,左,重,晴,12,1,1,プロシージャー,牡,7,57.5,487,4,藤本現,矢野義,,12,2:30.3,46.1,5-6-9-10,7,487,4
2022/02/17,船橋,1,Ｃ３三 四,1200,ダ,左,重,晴,12,7,9,フェーバーラッシュ,牡,4,56.5,488,-11,張田昂,山下之,,1,1:16.7,39.5,6-4-4,1,488,-11
2022/02/17,船橋,1,Ｃ３三 四,1200,ダ,左,重,晴,12,5,6,トモエタカ,牡,5,56.5,450,-2,川島正,石井勝,,2,1:17.8,40.1,8-7-7,5,450,-2
2022/02/17,船橋,1,Ｃ３三 四,1200,ダ,左,重,晴,12,8,12,プレストウイング,牡,4,56.5,479,-9,岡村健,玉井勝,,3,1:18.0,39.7,10-9-9,11,479,-9
2022/02/17,船橋,1,Ｃ３三 四,1200,ダ,左,重,晴,12,1,1,ウィローグラウス,牝,6,54.5,476,-1,小杉亮,矢内博,,4,1:18.1,39.8,9-10-10,8,476,-1
2022/02/17,船橋,1,Ｃ３三 四,1200,ダ,左,重,晴,12,8,11,シントーアキラ,セ,0,56.5,411,-4,實川純,林　幻,,5,1:18.1,41.1,1-3-2,3,411,-4
2022/02/17,船橋,1,Ｃ３三 四,1200,ダ,左,重,晴,12,2,2,オーソーラヴリー,牝,6,54.5,441,-2,高橋利,佐藤太,,6,1:18.3,41.3,2-1-1,2,441,-2
2022/02/17,船橋,1,Ｃ３三 四,1200,ダ,左,重,晴,12,4,4,スカイチェイサー,牡,5,56.5,475,-2,臼井健,凾館一,,7,1:18.3,39.6,12-12-11,6,475,-2
2022/02/17,船橋,1,Ｃ３三 四,1200,ダ,左,重,晴,12,7,10,マドモアゼルエリー,牝,5,54.5,449,-1,山中悠,渋谷博,,8,1:18.7,41.2,5-5-5,10,449,-1
2022/02/17,船橋,1,Ｃ３三 四,1200,ダ,左,重,晴,12,6,8,ヒアユーアー,牝,4,54.5,484,-16,野澤憲,佐々清,,9,1:18.7,41.0,7-6-6,4,484,-16
2022/02/17,船橋,1,Ｃ３三 四,1200,ダ,左,重,晴,12,5,5,ヘデラ,牝,6,54.5,437,0,秋元耕,柘榴浩,,10,1:19.3,40.6,11-11-12,9,437,0
2022/02/17,船橋,1,Ｃ３三 四,1200,ダ,左,重,晴,12,6,7,ニシノマッハ,牡,8,56.5,475,5,國分祐,冨田敏,,11,1:19.3,42.3,3-2-3,7,475,5
2022/02/17,船橋,1,Ｃ３三 四,1200,ダ,左,重,晴,12,3,3,ビービーマローネ,牝,4,54.5,527,-7,柿本量,宮下靖,,12,1:20.0,42.1,4-8-8,12,527,-7
2022/02/17,船橋,2,Ｃ３三 四,1500,ダ,左,重,晴,13,6,8,トリテレイア,牝,6,54.5,416,3,加藤和,玉井昇,,1,1:38.4,41.0,3-3-3-3,4,416,3
2022/02/17,船橋,2,Ｃ３三 四,1500,ダ,左,重,晴,13,6,9,ブランヴィサージュ,牡,7,56.5,488,-4,山口達,林正人,,2,1:38.4,41.4,1-1-1-1,2,488,-4
2022/02/17,船橋,2,Ｃ３三 四,1500,ダ,左,重,晴,13,7,10,ヤギリエピファクン,セ,0,56.5,479,-3,今野忠,張田京,,3,1:38.7,40.6,10-10-9-6,1,479,-3
2022/02/17,船橋,2,Ｃ３三 四,1500,ダ,左,重,晴,13,8,13,レインボーシャトル,牡,7,56.5,537,-9,仲野光,阿井正,,4,1:39.1,40.6,13-13-10-9,11,537,-9
2022/02/17,船橋,2,Ｃ３三 四,1500,ダ,左,重,晴,13,3,3,スマートミニヨン,牝,4,54.5,422,-3,笠野雄,山中尊,,5,1:39.1,41.9,2-2-2-2,12,422,-3
2022/02/17,船橋,2,Ｃ３三 四,1500,ダ,左,重,晴,13,7,11,スタニングビスタ,牝,5,54.5,471,6,張田昂,岡林光,,6,1:39.4,41.6,6-7-7-7,5,471,6
2022/02/17,船橋,2,Ｃ３三 四,1500,ダ,左,重,晴,13,5,7,ハクサンキュート,牝,4,54.5,414,-18,小杉亮,矢野義,,7,1:39.5,41.0,9-9-11-11,3,414,-18
2022/02/17,船橋,2,Ｃ３三 四,1500,ダ,左,重,晴,13,2,2,ハイエストプレイズ,牝,5,54.5,510,-13,山中悠,渡邊貴,,8,1:39.7,42.1,7-5-4-4,7,510,-13
2022/02/17,船橋,2,Ｃ３三 四,1500,ダ,左,重,晴,13,4,5,ダンスアラウンド,牡,8,56.5,543,-3,高橋利,阿井正,,9,1:39.8,40.9,12-12-13-13,8,543,-3
2022/02/17,船橋,2,Ｃ３三 四,1500,ダ,左,重,晴,13,1,1,ゴールデンルート,牝,8,54.5,456,2,野澤憲,玉井等,,10,1:39.9,42.1,4-4-6-8,10,456,2
2022/02/17,船橋,2,Ｃ３三 四,1500,ダ,左,重,晴,13,4,4,リュウノスターダム,牡,8,56.5,493,-3,和田譲,齊藤敏,,11,1:40.5,42.9,5-6-5-5,6,493,-3
2022/02/17,船橋,2,Ｃ３三 四,1500,ダ,左,重,晴,13,5,6,ポップアップレーヌ,牝,6,54.5,468,4,本橋孝,石井勝,,12,1:40.5,41.8,11-11-12-12,9,468,4
2022/02/17,船橋,2,Ｃ３三 四,1500,ダ,左,重,晴,13,8,12,シンジュクマスク,牝,5,54.5,443,-5,實川純,宮下靖,,13,1:41.6,43.7,8-8-8-10,13,443,-5
2022/02/17,船橋,3,Ｃ２八 九,1200,ダ,左,重,晴,11,1,1,ジェームス,牡,8,56.5,506,-2,半澤慶,川島豊,,1,1:16.2,38.6,1-1-1,8,506,-2
2022/02/17,船橋,3,Ｃ２八 九,1200,ダ,左,重,晴,11,8,11,デザートムーン,牝,5,54.5,466,-7,森泰斗,齊藤敏,,2,1:16.6,38.8,2-2-2,1,466,-7
2022/02/17,船橋,3,Ｃ２八 九,1200,ダ,左,重,晴,11,6,6,センターロード,牝,5,54.5,443,6,矢野貴,伊藤滋,,3,1:16.7,38.7,4-4-4,2,443,6
2022/02/17,船橋,3,Ｃ２八 九,1200,ダ,左,重,晴,11,4,4,ゴールデンブーツ,牡,4,56.5,491,11,山口達,林正人,,4,1:17.1,38.9,7-6-7,3,491,11
2022/02/17,船橋,3,Ｃ２八 九,1200,ダ,左,重,晴,11,6,7,スカイカンナ,牝,4,54.5,446,-4,臼井健,山中尊,,5,1:17.4,39.5,3-3-3,5,446,-4
2022/02/17,船橋,3,Ｃ２八 九,1200,ダ,左,重,晴,11,5,5,マオノジェット,牡,5,56.5,483,3,山中悠,渋谷博,,6,1:17.7,39.3,10-8-8,4,483,3
2022/02/17,船橋,3,Ｃ２八 九,1200,ダ,左,重,晴,11,7,8,エムワンブラッサム,牝,4,54.5,433,3,内田利,佐々功,,7,1:17.8,39.8,5-5-5,11,433,3
2022/02/17,船橋,3,Ｃ２八 九,1200,ダ,左,重,晴,11,2,2,クラファイン,牝,5,54.5,448,-7,岡村健,玉井勝,,8,1:18.2,40.0,6-7-6,7,448,-7
2022/02/17,船橋,3,Ｃ２八 九,1200,ダ,左,重,晴,11,7,9,カチドキブラック,牡,4,56.5,480,-3,仲野光,凾館一,,9,1:18.6,39.2,11-11-10,9,480,-3
2022/02/17,船橋,3,Ｃ２八 九,1200,ダ,左,重,晴,11,3,3,シゲルアコヤガイ,牝,6,54.5,452,2,福原杏,齊藤敏,,10,1:19.9,41.1,8-10-11,10,452,2
2022/02/17,船橋,3,Ｃ２八 九,1200,ダ,左,重,晴,11,8,10,チュラハート,牝,4,54.5,452,-16,川島正,林正人,,11,1:20.7,42.2,9-9-9,6,452,-16
2022/02/17,船橋,4,Ｃ２八 九,1500,ダ,左,重,晴,11,8,10,ユウユウクラージュ,牡,6,56.5,464,0,山中悠,渋谷博,,1,1:37.7,38.8,2-2-2-2,7,464,0
2022/02/17,船橋,4,Ｃ２八 九,1500,ダ,左,重,晴,11,2,2,ブッカープライズ,牡,4,56.5,439,-4,御神訓,川島一,,2,1:37.8,38.3,8-8-6-6,3,439,-4
2022/02/17,船橋,4,Ｃ２八 九,1500,ダ,左,重,晴,11,7,9,ウインゴライアス,牡,6,56.5,521,-4,和田譲,河津裕,,3,1:37.8,38.5,6-6-5-5,6,521,-4
2022/02/17,船橋,4,Ｃ２八 九,1500,ダ,左,重,晴,11,8,11,ジーガーワールド,牡,6,56.5,479,-3,本橋孝,石井勝,,4,1:38.0,38.8,3-3-3-3,1,479,-3
2022/02/17,船橋,4,Ｃ２八 九,1500,ダ,左,重,晴,11,4,4,エールプレジール,セ,0,56.5,484,-2,山崎誠,渋谷博,,5,1:38.0,38.0,11-11-11-11,5,484,-2
2022/02/17,船橋,4,Ｃ２八 九,1500,ダ,左,重,晴,11,5,5,レッドエステーラ,牝,6,54.5,429,1,笠野雄,山中尊,,6,1:38.1,38.6,5-5-7-7,4,429,1
2022/02/17,船橋,4,Ｃ２八 九,1500,ダ,左,重,晴,11,3,3,トーセンエクラ,牡,7,56.5,485,4,森泰斗,齊藤敏,,7,1:38.6,39.4,4-4-4-4,2,485,4
2022/02/17,船橋,4,Ｃ２八 九,1500,ダ,左,重,晴,11,1,1,レインボーアメリ,牝,8,51.5,478,3,木間龍,石井勝,,8,1:38.8,39.1,7-7-8-8,10,478,3
2022/02/17,船橋,4,Ｃ２八 九,1500,ダ,左,重,晴,11,6,7,ヴァリオブキングズ,牡,6,56.5,470,2,福原杏,齊藤敏,,9,1:39.7,39.7,10-10-10-9,9,470,2
2022/02/17,船橋,4,Ｃ２八 九,1500,ダ,左,重,晴,11,7,8,アンドゥビジュー,牝,4,54.5,456,-7,酒井忍,米谷康,,10,1:40.0,40.0,9-9-9-10,11,456,-7
2022/02/17,船橋,4,Ｃ２八 九,1500,ダ,左,重,晴,11,6,6,アイファーオレンジ,牝,5,54.5,437,2,臼井健,佐々功,,11,1:40.6,41.7,1-1-1-1,8,437,2
2022/02/17,船橋,5,３歳二 三,1200,ダ,左,重,晴,12,6,7,グレンノハナ,牝,3,54.5,486,7,山中悠,佐藤太,,1,1:14.6,38.2,2-2-2,2,486,7
2022/02/17,船橋,5,３歳二 三,1200,ダ,左,重,晴,12,1,1,マイレレイ,牡,3,56.5,486,-1,森泰斗,岡林光,,2,1:15.1,38.9,1-1-1,1,486,-1
2022/02/17,船橋,5,３歳二 三,1200,ダ,左,重,晴,12,2,2,ビービーアロゼ,牝,3,54.5,437,1,山本紀,稲益貴,,3,1:16.7,39.9,5-4-4,5,437,1
2022/02/17,船橋,5,３歳二 三,1200,ダ,左,重,晴,12,4,4,メーテル,牝,3,54.5,441,-3,本田重,川島一,,4,1:16.9,39.7,9-10-8,3,441,-3
2022/02/17,船橋,5,３歳二 三,1200,ダ,左,重,晴,12,7,10,トキノプレミア,牡,3,56.5,486,16,川島正,山田信,,5,1:17.0,40.5,3-3-3,6,486,16
2022/02/17,船橋,5,３歳二 三,1200,ダ,左,重,晴,12,8,12,オニクダイスキマン,牡,3,56.5,409,-2,濱田達,佐々功,,6,1:17.3,40.3,8-6-7,11,409,-2
2022/02/17,船橋,5,３歳二 三,1200,ダ,左,重,晴,12,8,11,ケラウノスカズ,牡,3,56.5,449,-4,小杉亮,玉井等,,7,1:17.3,40.3,7-5-5,12,449,-4
2022/02/17,船橋,5,３歳二 三,1200,ダ,左,重,晴,12,3,3,ノブオートーケン,牡,3,56.5,447,-5,山崎誠,山本学,,8,1:17.3,40.1,6-7-6,7,447,-5
2022/02/17,船橋,5,３歳二 三,1200,ダ,左,重,晴,12,7,9,エクスプローラー,牡,3,56.5,464,0,張田昂,張田京,,9,1:17.3,40.1,10-9-9,4,464,0
2022/02/17,船橋,5,３歳二 三,1200,ダ,左,重,晴,12,5,5,リーガルスピード,牝,3,53.5,439,8,篠谷葵,岡林光,,10,1:17.9,40.7,4-8-11,8,439,8
2022/02/17,船橋,5,３歳二 三,1200,ダ,左,重,晴,12,5,6,アンコロモチ,牡,3,55.5,425,-7,池谷匠,甲田悟,,11,1:17.9,40.1,11-11-12,9,425,-7
2022/02/17,船橋,5,３歳二 三,1200,ダ,左,重,晴,12,6,8,ダーラナホース,牝,3,51.5,457,-1,木間龍,渋谷博,,12,1:17.9,40.0,12-12-10,10,457,-1
2022/02/17,船橋,6,３歳二 三,1500,ダ,左,重,晴,9,8,8,ショットメーカー,牡,3,56.5,544,4,張田昂,張田京,,1,1:36.5,40.4,6-5-3-3,1,544,4
2022/02/17,船橋,6,３歳二 三,1500,ダ,左,重,晴,9,1,1,ナショナルモール,牡,3,56.5,542,3,野澤憲,佐々清,,2,1:36.9,40.6,4-4-4-4,2,542,3
2022/02/17,船橋,6,３歳二 三,1500,ダ,左,重,晴,9,3,3,ワイジーチャンプ,牡,3,56.5,483,5,本田重,坂本昇,,3,1:37.7,40.0,7-7-7-6,5,483,5
2022/02/17,船橋,6,３歳二 三,1500,ダ,左,重,晴,9,4,4,オデッセイ,牡,3,56.5,496,-6,森泰斗,新井清,,4,1:37.8,42.0,1-1-1-1,3,496,-6
2022/02/17,船橋,6,３歳二 三,1500,ダ,左,重,晴,9,6,6,ヴァネロペ,牝,3,54.5,468,4,山口達,林正人,,5,1:38.5,42.5,3-3-2-2,4,468,4
2022/02/17,船橋,6,３歳二 三,1500,ダ,左,重,晴,9,2,2,ベローナフレイバー,牝,3,54.5,437,-6,和田譲,稲益貴,,6,1:38.6,40.7,8-8-8-8,7,437,-6
2022/02/17,船橋,6,３歳二 三,1500,ダ,左,重,晴,9,7,7,アンビシャスサルー,牡,3,56.5,514,-2,矢野貴,川島一,,7,1:39.5,42.8,5-6-6-7,6,514,-2
2022/02/17,船橋,6,３歳二 三,1500,ダ,左,重,晴,9,8,9,メイプルレモン,牝,3,54.5,479,-6,山崎誠,岡林光,,8,1:40.1,42.1,9-9-9-9,8,479,-6
2022/02/17,船橋,6,３歳二 三,1500,ダ,左,重,晴,9,5,5,ミヤノトウショウ,牝,3,54.5,466,-8,本橋孝,石井勝,,9,1:41.1,44.8,2-2-5-5,9,466,-8
2022/02/17,船橋,7,立ち呑みとーど亀戸店オープン５Ｃ１二 三,1600,ダ,左,重,晴,7,5,5,オートヴィル,牡,7,56.5,532,5,和田譲,林　幻,,1,1:42.0,40.0,2-2-2-2,2,532,5
2022/02/17,船橋,7,立ち呑みとーど亀戸店オープン５Ｃ１二 三,1600,ダ,左,重,晴,7,6,6,タイセイフリート,セ,0,56.5,487,-4,矢野貴,山田信,,2,1:42.0,39.7,5-5-4-3,1,487,-4
2022/02/17,船橋,7,立ち呑みとーど亀戸店オープン５Ｃ１二 三,1600,ダ,左,重,晴,7,3,3,ロッソアモーレ,牝,5,54.5,487,5,保園翔,矢野義,,3,1:43.1,41.3,1-1-1-1,7,487,5
2022/02/17,船橋,7,立ち呑みとーど亀戸店オープン５Ｃ１二 三,1600,ダ,左,重,晴,7,2,2,アウトストラーダ,牡,4,56.5,507,-5,本田重,渡邊貴,,4,1:44.6,41.5,7-7-6-6,4,507,-5
2022/02/17,船橋,7,立ち呑みとーど亀戸店オープン５Ｃ１二 三,1600,ダ,左,重,晴,7,4,4,ストレートダンディ,牡,4,56.5,489,-3,石崎駿,玉井等,,5,1:44.8,42.3,6-6-5-4,5,489,-3
2022/02/17,船橋,7,立ち呑みとーど亀戸店オープン５Ｃ１二 三,1600,ダ,左,重,晴,7,7,7,アンファスエシャペ,牝,4,54.5,446,13,實川純,佐々功,,6,1:44.8,42.6,3-3-3-5,6,446,13
2022/02/17,船橋,7,立ち呑みとーど亀戸店オープン５Ｃ１二 三,1600,ダ,左,重,晴,7,1,1,ハクシンパーソナル,牡,4,56.5,463,-1,岡村健,新井清,,,,,4-4-7-7,3,463,-1
2022/02/17,船橋,8,寒椿スプリント３歳選抜馬,1200,ダ,左,重,晴,10,3,3,クラサーベル,牡,3,57.0,469,-5,岡村健,玉井勝,,1,1:15.4,39.2,5-5-3,1,469,-5
2022/02/17,船橋,8,寒椿スプリント３歳選抜馬,1200,ダ,左,重,晴,10,7,7,カプティフ,牡,3,57.0,457,-3,藤本現,宗形竹,,2,1:15.7,38.9,9-8-6,2,457,-3
2022/02/17,船橋,8,寒椿スプリント３歳選抜馬,1200,ダ,左,重,晴,10,2,2,ベアカキーン,牡,3,56.0,496,3,山崎誠,鈴木義,,3,1:16.1,40.2,2-2-2,4,496,3
2022/02/17,船橋,8,寒椿スプリント３歳選抜馬,1200,ダ,左,重,晴,10,8,9,ベルフリップ,牡,3,56.0,497,-1,御神訓,新井清,,4,1:16.3,39.8,6-6-5,3,497,-1
2022/02/17,船橋,8,寒椿スプリント３歳選抜馬,1200,ダ,左,重,晴,10,1,1,キューチャン,牝,3,53.0,460,-3,池谷匠,内田勝,,5,1:16.4,40.5,1-1-1,5,460,-3
2022/02/17,船橋,8,寒椿スプリント３歳選抜馬,1200,ダ,左,重,晴,10,8,10,モンゲーアラシ,牡,3,56.0,493,-1,和田譲,鈴木義,,6,1:16.6,39.8,8-7-8,6,493,-1
2022/02/17,船橋,8,寒椿スプリント３歳選抜馬,1200,ダ,左,重,晴,10,4,4,シャノンファンキー,牝,3,54.0,398,-9,町田直,野口孝,,7,1:16.7,39.7,7-9-9,9,398,-9
2022/02/17,船橋,8,寒椿スプリント３歳選抜馬,1200,ダ,左,重,晴,10,5,5,ラヴシックフレイム,牝,3,54.0,405,-2,川島正,林　幻,,8,1:17.5,41.4,3-3-4,7,405,-2
2022/02/17,船橋,8,寒椿スプリント３歳選抜馬,1200,ダ,左,重,晴,10,7,8,サハラブレイブ,牡,3,56.0,452,-2,實川純,佐々功,,9,1:17.7,41.5,4-4-7,8,452,-2
2022/02/17,船橋,8,寒椿スプリント３歳選抜馬,1200,ダ,左,重,晴,10,6,6,ジーガーブライアン,牡,3,56.0,498,0,本橋孝,石井勝,,,,,,,498,0
2022/02/17,船橋,9,馬い！男は善一ブラック発売記念Ｃ１二 三,1200,ダ,左,重,晴,11,7,9,カールスバート,牡,4,56.5,472,-1,森泰斗,齊藤敏,,1,1:14.3,38.4,2-2-2,2,472,-1
2022/02/17,船橋,9,馬い！男は善一ブラック発売記念Ｃ１二 三,1200,ダ,左,重,晴,11,4,4,ヴィスコンティ,セ,0,56.5,499,-1,達城龍,山中尊,,2,1:14.4,38.6,1-1-1,5,499,-1
2022/02/17,船橋,9,馬い！男は善一ブラック発売記念Ｃ１二 三,1200,ダ,左,重,晴,11,5,5,リヴェルサス,牡,4,56.5,455,-3,笠野雄,山中尊,,3,1:14.8,38.4,6-6-4,8,455,-3
2022/02/17,船橋,9,馬い！男は善一ブラック発売記念Ｃ１二 三,1200,ダ,左,重,晴,11,8,11,デイジーカプシーヌ,牝,4,54.5,474,-7,今野忠,山田信,,4,1:15.3,39.0,5-5-6,1,474,-7
2022/02/17,船橋,9,馬い！男は善一ブラック発売記念Ｃ１二 三,1200,ダ,左,重,晴,11,6,7,バシリッサ,牝,4,54.5,467,-1,田中力,渡邊貴,,5,1:15.4,38.8,8-7-7,10,467,-1
2022/02/17,船橋,9,馬い！男は善一ブラック発売記念Ｃ１二 三,1200,ダ,左,重,晴,11,6,6,プロトイチバンボシ,牡,6,55.5,529,15,古岡勇,林　幻,,6,1:15.7,39.4,3-4-3,11,529,15
2022/02/17,船橋,9,馬い！男は善一ブラック発売記念Ｃ１二 三,1200,ダ,左,重,晴,11,7,8,エメラルムサシ,牡,8,56.5,469,0,川島正,佐々清,,7,1:15.7,38.5,11-10-9,9,469,0
2022/02/17,船橋,9,馬い！男は善一ブラック発売記念Ｃ１二 三,1200,ダ,左,重,晴,11,2,2,ウインベザント,牡,8,56.5,471,4,御神訓,新井清,,8,1:15.7,38.9,7-8-8,7,471,4
2022/02/17,船橋,9,馬い！男は善一ブラック発売記念Ｃ１二 三,1200,ダ,左,重,晴,11,3,3,ピースフルエンゼル,牝,7,50.5,484,2,神尾香,河津裕,,9,1:16.4,39.2,9-9-10,6,484,2
2022/02/17,船橋,9,馬い！男は善一ブラック発売記念Ｃ１二 三,1200,ダ,左,重,晴,11,1,1,サナチャン,牝,5,54.5,442,-3,和田譲,坂本昇,,10,1:16.7,39.3,10-11-11,3,442,-3
2022/02/17,船橋,9,馬い！男は善一ブラック発売記念Ｃ１二 三,1200,ダ,左,重,晴,11,8,10,タイガースネーク,セ,0,56.5,467,0,野澤憲,矢野義,,11,1:17.0,40.9,4-3-5,4,467,0
2022/02/17,船橋,10,天使のささやき賞Ｂ２二,1600,ダ,左,重,晴,12,5,6,トーキョーサバク,牡,6,56.5,515,-2,森泰斗,佐藤太,,1,1:42.0,39.4,6-6-4-3,1,515,-2
2022/02/17,船橋,10,天使のささやき賞Ｂ２二,1600,ダ,左,重,晴,12,1,1,トミケンジョメルト,牡,7,56.5,495,-1,小杉亮,矢内博,,2,1:42.4,39.6,5-4-5-4,5,495,-1
2022/02/17,船橋,10,天使のささやき賞Ｂ２二,1600,ダ,左,重,晴,12,7,9,イスモイルテソーロ,牡,6,56.5,495,1,矢野貴,玉井昇,,3,1:42.7,40.4,2-2-1-1,3,495,1
2022/02/17,船橋,10,天使のささやき賞Ｂ２二,1600,ダ,左,重,晴,12,8,12,ウインプリンツ,牡,6,56.5,521,6,吉留孝,平山真,,4,1:43.0,40.7,3-3-2-2,11,521,6
2022/02/17,船橋,10,天使のささやき賞Ｂ２二,1600,ダ,左,重,晴,12,6,8,ヨウコウ,牡,6,55.5,476,-3,篠谷葵,林正人,,5,1:43.2,40.2,7-8-8-7,4,476,-3
2022/02/17,船橋,10,天使のささやき賞Ｂ２二,1600,ダ,左,重,晴,12,5,5,モードフランス,牝,6,54.5,449,3,町田直,山下之,,6,1:43.4,39.8,10-10-10-9,9,449,3
2022/02/17,船橋,10,天使のささやき賞Ｂ２二,1600,ダ,左,重,晴,12,3,3,ジェイケイエース,牡,6,56.5,543,9,藤田凌,中道啓,,7,1:43.4,39.3,12-11-12-12,7,543,9
2022/02/17,船橋,10,天使のささやき賞Ｂ２二,1600,ダ,左,重,晴,12,4,4,グッドヘルスバイオ,牡,6,56.5,486,0,本田重,新井清,,8,1:43.5,40.3,8-7-9-8,10,486,0
2022/02/17,船橋,10,天使のささやき賞Ｂ２二,1600,ダ,左,重,晴,12,8,11,ニヨドハンター,牡,6,55.5,437,2,古岡勇,岩本洋,,9,1:44.1,40.3,11-12-11-10,12,437,2
2022/02/17,船橋,10,天使のささやき賞Ｂ２二,1600,ダ,左,重,晴,12,6,7,スズノチェルシー,牡,6,56.5,470,4,岡村健,山中尊,,10,1:44.5,41.5,9-9-7-6,6,470,4
2022/02/17,船橋,10,天使のささやき賞Ｂ２二,1600,ダ,左,重,晴,12,2,2,アドマイヤプリヴ,セ,0,53.5,455,3,木間龍,川島一,,11,1:45.5,43.0,1-1-3-5,2,455,3
2022/02/17,船橋,10,天使のささやき賞Ｂ２二,1600,ダ,左,重,晴,12,7,10,ラヴァーズインメイ,牝,7,54.5,513,-4,和田譲,伊藤滋,,12,1:47.0,44.1,4-5-6-11,8,513,-4
2022/02/17,船橋,11,駿麗賞Ａ２Ｂ１一,1800,ダ,左,重,晴,14,8,13,レッドフレイ,牡,7,57.5,478,0,森泰斗,荒山勝,,1,1:54.0,38.1,3-3-3-3,1,478,0
2022/02/17,船橋,11,駿麗賞Ａ２Ｂ１一,1800,ダ,左,重,晴,14,4,6,サヨノグローリー,牡,4,57.5,484,3,町田直,工藤伸,,2,1:54.8,38.6,5-5-5-4,5,484,3
2022/02/17,船橋,11,駿麗賞Ａ２Ｂ１一,1800,ダ,左,重,晴,14,7,11,ブラヴール,牡,5,57.5,498,2,石崎駿,佐藤太,,3,1:55.2,39.2,8-9-4-5,3,498,2
2022/02/17,船橋,11,駿麗賞Ａ２Ｂ１一,1800,ダ,左,重,晴,14,5,8,カレンカカ,牡,8,57.5,515,3,張田昂,岡林光,,4,1:55.2,39.4,2-2-2-2,9,515,3
2022/02/17,船橋,11,駿麗賞Ａ２Ｂ１一,1800,ダ,左,重,晴,14,2,2,ブリッグオドーン,牡,5,57.5,497,2,本田重,渡邉和,,5,1:55.6,38.7,10-10-11-10,2,497,2
2022/02/17,船橋,11,駿麗賞Ａ２Ｂ１一,1800,ダ,左,重,晴,14,7,12,ゴーマイウェイ,牡,6,57.5,514,0,藤本現,佐々功,,6,1:55.6,39.3,6-6-7-6,6,514,0
2022/02/17,船橋,11,駿麗賞Ａ２Ｂ１一,1800,ダ,左,重,晴,14,3,3,リーチ,牡,4,57.5,514,-1,矢野貴,米谷康,,7,1:55.9,39.3,7-7-8-9,8,514,-1
2022/02/17,船橋,11,駿麗賞Ａ２Ｂ１一,1800,ダ,左,重,晴,14,8,14,ヤマショウブラック,牡,6,57.5,496,1,伊藤裕,安池成,,8,1:56.3,38.7,14-14-14-13,12,496,1
2022/02/17,船橋,11,駿麗賞Ａ２Ｂ１一,1800,ダ,左,重,晴,14,4,5,イリオン,牡,7,57.5,466,1,山崎誠,渡邊貴,,9,1:56.4,39.8,9-8-9-8,10,466,1
2022/02/17,船橋,11,駿麗賞Ａ２Ｂ１一,1800,ダ,左,重,晴,14,1,1,キャッスルクラウン,牡,8,57.5,471,-1,仲野光,渋谷博,,10,1:56.4,40.1,4-4-6-7,13,471,-1
2022/02/17,船橋,11,駿麗賞Ａ２Ｂ１一,1800,ダ,左,重,晴,14,3,4,ギャルダル,牡,4,57.5,492,18,御神訓,川島一,,11,1:56.5,40.8,1-1-1-1,4,492,18
2022/02/17,船橋,11,駿麗賞Ａ２Ｂ１一,1800,ダ,左,重,晴,14,6,10,クラトリガー,牡,8,55.5,505,-1,酒井忍,矢野義,,12,1:56.5,39.6,11-11-10-11,14,505,-1
2022/02/17,船橋,11,駿麗賞Ａ２Ｂ１一,1800,ダ,左,重,晴,14,6,9,メイショウマトイ,牡,8,57.5,496,-10,和田譲,宗形竹,,13,1:57.1,39.9,13-12-12-12,7,496,-10
2022/02/17,船橋,11,駿麗賞Ａ２Ｂ１一,1800,ダ,左,重,晴,14,5,7,ジェミニズ,牡,8,57.5,527,2,安藤洋,坂井英,,14,1:58.7,41.4,12-13-13-14,11,527,2
2022/02/17,船橋,12,スノーフレーク２２００Ｃ２選抜馬ア,2200,ダ,左,重,晴,12,7,10,ハーリーバーリー,牡,7,56.5,526,-4,田中力,岡林光,,1,2:28.1,40.0,6-6-6-5,1,526,-4
2022/02/17,船橋,12,スノーフレーク２２００Ｃ２選抜馬ア,2200,ダ,左,重,晴,12,8,12,フォルベルール,牡,4,56.5,517,-5,町田直,久保秀,,2,2:28.4,41.0,3-3-3-2,6,517,-5
2022/02/17,船橋,12,スノーフレーク２２００Ｃ２選抜馬ア,2200,ダ,左,重,晴,12,5,5,ディープステイト,牡,4,56.5,478,3,森泰斗,齊藤敏,,3,2:28.6,41.0,5-4-4-4,4,478,3
2022/02/17,船橋,12,スノーフレーク２２００Ｃ２選抜馬ア,2200,ダ,左,重,晴,12,1,1,ガイディングスター,セ,0,56.5,476,2,今野忠,佐々清,,4,2:28.6,40.3,11-10-8-7,10,476,2
2022/02/17,船橋,12,スノーフレーク２２００Ｃ２選抜馬ア,2200,ダ,左,重,晴,12,2,2,ベルウッドアサヒ,牡,5,56.5,465,5,本田重,石井勝,,5,2:29.0,40.7,8-8-7-6,3,465,5
2022/02/17,船橋,12,スノーフレーク２２００Ｃ２選抜馬ア,2200,ダ,左,重,晴,12,7,9,イッツオン,牡,5,56.5,504,8,酒井忍,矢野義,,6,2:29.6,42.3,2-2-2-1,5,504,8
2022/02/17,船橋,12,スノーフレーク２２００Ｃ２選抜馬ア,2200,ダ,左,重,晴,12,3,3,サーフシェイパー,牡,6,56.5,464,4,山口達,出川克,,7,2:29.8,41.1,10-11-10-10,7,464,4
2022/02/17,船橋,12,スノーフレーク２２００Ｃ２選抜馬ア,2200,ダ,左,重,晴,12,6,8,ガレア,牡,4,56.5,486,6,藤本現,佐々功,,8,2:30.6,42.8,4-5-5-8,9,486,6
2022/02/17,船橋,12,スノーフレーク２２００Ｃ２選抜馬ア,2200,ダ,左,重,晴,12,6,7,インヴィジブル,牡,9,56.5,465,1,仲野光,玉井勝,,9,2:30.7,41.7,9-9-11-11,11,465,1
2022/02/17,船橋,12,スノーフレーク２２００Ｃ２選抜馬ア,2200,ダ,左,重,晴,12,8,11,マルモリラッキー,セ,0,56.5,485,3,岡村健,玉井勝,,10,2:31.1,42.8,7-7-9-9,8,485,3
2022/02/17,船橋,12,スノーフレーク２２００Ｃ２選抜馬ア,2200,ダ,左,重,晴,12,4,4,クイックワーカー,セ,0,56.5,478,2,矢野貴,川島一,,11,2:31.4,44.1,1-1-1-3,2,478,2
2022/02/17,船橋,12,スノーフレーク２２００Ｃ２選抜馬ア,2200,ダ,左,重,晴,12,5,6,ヒラボククイーン,牝,5,54.5,461,3,臼井健,渋谷博,,12,2:32.2,42.8,12-12-12-12,12,461,3
2022/02/18,船橋,1,３歳九未出走未受賞,1200,ダ,左,重,晴,11,1,1,ハンドデゴール,牝,3,54.5,0,0,實川純,佐々功,,1,1:17.9,39.6,8-7-5,2,0,0
2022/02/18,船橋,1,３歳九未出走未受賞,1200,ダ,左,重,晴,11,3,3,サキノビジュー,牝,3,54.5,0,0,小杉亮,林　幻,,2,1:18.0,41.0,1-1-1,5,0,0
2022/02/18,船橋,1,３歳九未出走未受賞,1200,ダ,左,重,晴,11,6,6,ハクサンアロー,牡,3,56.5,0,0,本橋孝,矢野義,,3,1:18.2,40.9,3-3-2,1,0,0
2022/02/18,船橋,1,３歳九未出走未受賞,1200,ダ,左,重,晴,11,6,7,マコトヤマドリゲ,牝,3,54.5,0,0,本田重,川島一,,4,1:18.4,40.4,4-5-6,3,0,0
2022/02/18,船橋,1,３歳九未出走未受賞,1200,ダ,左,重,晴,11,8,11,ユカリン,牡,3,56.5,489,20,濱田達,伊藤滋,,5,1:18.7,41.0,5-4-4,7,489,20
2022/02/18,船橋,1,３歳九未出走未受賞,1200,ダ,左,重,晴,11,8,10,ワールドフェロウズ,牡,3,56.5,503,15,西村栄,矢野義,,6,1:19.2,40.9,6-6-7,4,503,15
2022/02/18,船橋,1,３歳九未出走未受賞,1200,ダ,左,重,晴,11,5,5,マックロマン,牡,3,56.5,461,-14,山本紀,渋谷博,,7,1:19.9,42.7,2-2-3,10,461,-14
2022/02/18,船橋,1,３歳九未出走未受賞,1200,ダ,左,重,晴,11,7,9,アルグラード,牝,3,54.5,407,22,高橋利,新井清,,8,1:20.4,41.1,10-9-9,6,407,22
2022/02/18,船橋,1,３歳九未出走未受賞,1200,ダ,左,重,晴,11,2,2,ワンタイム,牝,3,54.5,400,-13,笠野雄,玉井勝,,9,1:21.8,42.1,9-10-10,9,400,-13
2022/02/18,船橋,1,３歳九未出走未受賞,1200,ダ,左,重,晴,11,7,8,モーシッシ,牡,3,56.5,0,0,野澤憲,佐々清,,10,1:21.8,41.3,11-11-11,8,0,0
2022/02/18,船橋,1,３歳九未出走未受賞,1200,ダ,左,重,晴,11,4,4,レインボーサミット,牝,3,54.5,490,-1,山林信,田島寿,,11,1:22.3,43.6,7-8-8,11,490,-1
2022/02/18,船橋,2,３歳八,1200,ダ,左,重,晴,11,8,11,スターゲルニカ,牡,3,56.5,472,-6,實川純,佐々功,,1,1:16.5,39.5,1-1-1,7,472,-6
2022/02/18,船橋,2,３歳八,1200,ダ,左,重,晴,11,8,10,ブラックキャノン,セ,0,56.5,478,4,町田直,稲益貴,,2,1:16.7,39.1,4-4-3,1,478,4
2022/02/18,船橋,2,３歳八,1200,ダ,左,重,晴,11,6,6,ミラクルジャスミン,牝,3,54.5,449,15,矢野貴,坂本昇,,3,1:16.8,39.6,3-2-2,2,449,15
2022/02/18,船橋,2,３歳八,1200,ダ,左,重,晴,11,6,7,プレストレーヌ,牝,3,54.5,467,9,川島正,山下之,,4,1:16.8,38.9,8-6-5,3,467,9
2022/02/18,船橋,2,３歳八,1200,ダ,左,重,晴,11,3,3,アイノハリケーン,牡,3,56.5,464,-1,山口達,阿井正,,5,1:18.1,40.3,7-5-6,11,464,-1
2022/02/18,船橋,2,３歳八,1200,ダ,左,重,晴,11,5,5,リグレイオ,セ,0,56.5,430,-3,藤田凌,山田質,,6,1:18.4,40.2,5-7-7,6,430,-3
2022/02/18,船橋,2,３歳八,1200,ダ,左,重,晴,11,7,9,ベストパフォマンス,牡,3,56.5,472,1,庄司大,岡林光,,7,1:19.0,40.2,10-10-10,4,472,1
2022/02/18,船橋,2,３歳八,1200,ダ,左,重,晴,11,2,2,バジガクデニム,牝,3,54.5,396,9,笠野雄,山中尊,,8,1:19.3,41.9,2-3-4,8,396,9
2022/02/18,船橋,2,３歳八,1200,ダ,左,重,晴,11,7,8,バジガクフローレス,牡,3,56.5,404,3,臼井健,山中尊,,9,1:19.3,41.1,6-8-8,9,404,3
2022/02/18,船橋,2,３歳八,1200,ダ,左,重,晴,11,4,4,フォーカスナチュレ,セ,0,56.5,432,6,山本紀,矢内博,,10,1:19.3,40.5,9-9-9,10,432,6
2022/02/18,船橋,2,３歳八,1200,ダ,左,重,晴,11,1,1,ハーピーローズ,牝,3,53.5,412,-5,池谷匠,武井和,,11,1:19.6,40.2,11-11-11,5,412,-5
2022/02/18,船橋,3,３歳七,1200,ダ,左,重,晴,12,8,11,トキノメモリー,牡,3,56.5,466,-5,増田充,八木喜,,1,1:16.4,38.7,7-5-3,2,466,-5
2022/02/18,船橋,3,３歳七,1200,ダ,左,重,晴,12,1,1,トレメルヴェーユ,牝,3,54.5,458,2,笹川翼,新井清,,2,1:16.6,39.8,1-1-1,1,458,2
2022/02/18,船橋,3,３歳七,1200,ダ,左,重,晴,12,8,12,リュウノカリー,牝,3,54.5,422,3,山本紀,齊藤敏,,3,1:17.6,40.2,4-4-5,4,422,3
2022/02/18,船橋,3,３歳七,1200,ダ,左,重,晴,12,5,6,リンクスシュウ,牡,3,56.5,451,-2,山口達,渡邊貴,,4,1:17.8,38.9,12-10-9,7,451,-2
2022/02/18,船橋,3,３歳七,1200,ダ,左,重,晴,12,2,2,ワールドミカ,牝,3,54.5,436,-13,小杉亮,矢野義,,5,1:18.3,40.4,5-6-6,5,436,-13
2022/02/18,船橋,3,３歳七,1200,ダ,左,重,晴,12,7,10,カンノンカイエン,牡,3,56.5,405,-5,庄司大,玉井等,,6,1:18.6,41.3,3-3-2,12,405,-5
2022/02/18,船橋,3,３歳七,1200,ダ,左,重,晴,12,3,3,リュウノジャック,牡,3,56.5,482,-2,森泰斗,齊藤敏,,7,1:18.8,41.7,2-2-4,3,482,-2
2022/02/18,船橋,3,３歳七,1200,ダ,左,重,晴,12,4,4,ディジャーノ,牝,3,54.5,422,3,笠野雄,山中尊,,8,1:19.5,41.0,11-7-7,8,422,3
2022/02/18,船橋,3,３歳七,1200,ダ,左,重,晴,12,7,9,パルメニデス,牡,3,55.5,394,-6,池谷匠,田邊陽,,9,1:19.7,40.8,9-9-10,10,394,-6
2022/02/18,船橋,3,３歳七,1200,ダ,左,重,晴,12,6,7,リュウノケプカ,セ,0,56.5,505,-5,和田譲,齊藤敏,,10,1:20.4,41.9,6-8-8,9,505,-5
2022/02/18,船橋,3,３歳七,1200,ダ,左,重,晴,12,5,5,カミノクレム,牝,3,54.5,0,0,實川純,佐々功,,11,1:20.6,41.4,8-11-11,11,0,0
2022/02/18,船橋,3,３歳七,1200,ダ,左,重,晴,12,6,8,グリンベース,牝,3,54.5,464,5,岡村健,新井清,,12,1:21.4,42.1,10-12-12,6,464,5
2022/02/18,船橋,4,Ｃ３一特選,1500,ダ,左,稍重,晴,12,8,12,ボスオンザサンド,牡,5,56.5,521,4,笠野雄,稲益貴,,1,1:37.5,40.3,3-3-3-2,2,521,4
2022/02/18,船橋,4,Ｃ３一特選,1500,ダ,左,稍重,晴,12,5,5,ワンリーフ,牡,7,56.5,461,15,矢野貴,川島一,,2,1:37.5,40.8,1-1-1-1,7,461,15
2022/02/18,船橋,4,Ｃ３一特選,1500,ダ,左,稍重,晴,12,6,7,フクノヴァランス,牡,7,56.5,470,0,加藤和,川島豊,,3,1:37.7,40.4,6-5-4-3,3,470,0
2022/02/18,船橋,4,Ｃ３一特選,1500,ダ,左,稍重,晴,12,2,2,ウインドカクテル,牝,6,54.5,466,-11,張田昂,新井清,,4,1:38.6,40.5,8-8-8-6,4,466,-11
2022/02/18,船橋,4,Ｃ３一特選,1500,ダ,左,稍重,晴,12,8,11,フレンドジェイ,牡,4,56.5,482,5,臼井健,佐々功,,5,1:38.7,40.4,12-12-11-9,8,482,5
2022/02/18,船橋,4,Ｃ３一特選,1500,ダ,左,稍重,晴,12,7,10,ビクトリーワルツ,牝,5,54.5,455,-8,達城龍,矢内博,,6,1:38.8,40.7,10-11-9-8,6,455,-8
2022/02/18,船橋,4,Ｃ３一特選,1500,ダ,左,稍重,晴,12,5,6,ラナウェイボーイ,セ,0,56.5,493,9,森泰斗,佐藤太,,7,1:39.0,42.0,2-2-2-4,1,493,9
2022/02/18,船橋,4,Ｃ３一特選,1500,ダ,左,稍重,晴,12,4,4,ハクサンストロング,牡,6,56.5,474,-3,小杉亮,矢野義,,8,1:39.6,41.8,9-9-6-5,5,474,-3
2022/02/18,船橋,4,Ｃ３一特選,1500,ダ,左,稍重,晴,12,3,3,ミライヘノサイン,牝,9,54.5,459,3,岡田大,冨田敏,,9,1:40.0,41.4,11-10-12-11,12,459,3
2022/02/18,船橋,4,Ｃ３一特選,1500,ダ,左,稍重,晴,12,6,8,イズミシンホニー,牝,8,54.5,454,-2,國分祐,冨田敏,,10,1:40.5,42.3,7-7-10-12,11,454,-2
2022/02/18,船橋,4,Ｃ３一特選,1500,ダ,左,稍重,晴,12,1,1,シルヴァーイーグル,牡,6,56.5,543,4,藤江渉,岡田一,,11,1:41.5,43.4,4-4-7-7,9,543,4
2022/02/18,船橋,4,Ｃ３一特選,1500,ダ,左,稍重,晴,12,7,9,ミヤノキッドマン,牡,6,56.5,465,9,岡村裕,石井勝,,12,1:41.6,43.9,5-6-5-10,10,465,9
2022/02/18,船橋,5,Ｃ３選抜馬,1200,ダ,左,稍重,晴,12,6,8,ダンガンシュート,牡,7,56.5,503,-2,藤本現,佐々功,,1,1:15.4,38.0,8-6-5,1,503,-2
2022/02/18,船橋,5,Ｃ３選抜馬,1200,ダ,左,稍重,晴,12,8,12,フィーリウスワン,牡,4,56.5,470,0,和田譲,林　幻,,2,1:15.8,39.0,3-3-2,6,470,0
2022/02/18,船橋,5,Ｃ３選抜馬,1200,ダ,左,稍重,晴,12,4,4,ビービーファブル,牡,5,56.5,466,4,本橋孝,新井清,,3,1:16.1,38.1,9-9-8,3,466,4
2022/02/18,船橋,5,Ｃ３選抜馬,1200,ダ,左,稍重,晴,12,1,1,ヨツバヒメ,牝,7,54.5,419,-4,今野忠,林隆之,,4,1:16.2,39.1,4-4-3,7,419,-4
2022/02/18,船橋,5,Ｃ３選抜馬,1200,ダ,左,稍重,晴,12,2,2,トップシンデレラ,牝,4,54.5,455,12,小杉亮,矢内博,,5,1:16.5,40.1,1-1-1,9,455,12
2022/02/18,船橋,5,Ｃ３選抜馬,1200,ダ,左,稍重,晴,12,3,3,フレンチチェリー,牝,6,53.5,446,0,篠谷葵,岡林光,,6,1:16.8,39.4,6-7-7,8,446,0
2022/02/18,船橋,5,Ｃ３選抜馬,1200,ダ,左,稍重,晴,12,5,5,ザワールド,牝,7,54.5,473,-6,岡村健,伊藤滋,,7,1:17.0,38.4,11-11-11,2,473,-6
2022/02/18,船橋,5,Ｃ３選抜馬,1200,ダ,左,稍重,晴,12,8,11,マリンタカチエフミ,牝,4,54.5,463,-4,福原杏,齊藤敏,,8,1:17.6,39.3,10-10-9,12,463,-4
2022/02/18,船橋,5,Ｃ３選抜馬,1200,ダ,左,稍重,晴,12,7,9,クレバーレディー,牝,7,54.5,488,0,山口達,渡邊貴,,9,1:17.7,38.8,12-12-12,4,488,0
2022/02/18,船橋,5,Ｃ３選抜馬,1200,ダ,左,稍重,晴,12,6,7,マグナスエフェクト,牡,8,56.5,480,-1,川島正,佐々清,,10,1:19.5,42.3,5-5-6,11,480,-1
2022/02/18,船橋,5,Ｃ３選抜馬,1200,ダ,左,稍重,晴,12,7,10,ビービーミューズ,牝,4,54.5,470,6,笠野雄,稲益貴,,11,1:20.5,43.9,2-2-4,5,470,6
2022/02/18,船橋,5,Ｃ３選抜馬,1200,ダ,左,稍重,晴,12,5,6,チュンチュンマル,牡,4,56.5,409,-9,山中悠,伊藤滋,,12,1:20.6,42.6,7-8-10,10,409,-9
2022/02/18,船橋,6,Ｃ２十 十一,1200,ダ,左,稍重,晴,12,8,12,ロードドレイク,牡,4,56.5,441,-2,張田昂,林　幻,,1,1:14.7,38.2,5-4-4,1,441,-2
2022/02/18,船橋,6,Ｃ２十 十一,1200,ダ,左,稍重,晴,12,7,10,センドハーマイラブ,牝,4,54.5,435,1,矢野貴,山田信,,2,1:14.9,38.6,3-2-2,2,435,1
2022/02/18,船橋,6,Ｃ２十 十一,1200,ダ,左,稍重,晴,12,6,8,ペイシャムスビ,牝,4,54.5,488,2,今野忠,張田京,,3,1:15.2,38.2,9-9-8,5,488,2
2022/02/18,船橋,6,Ｃ２十 十一,1200,ダ,左,稍重,晴,12,2,2,リュウノロー,牡,5,56.5,500,2,和田譲,齊藤敏,,4,1:15.6,39.1,2-3-3,8,500,2
2022/02/18,船橋,6,Ｃ２十 十一,1200,ダ,左,稍重,晴,12,8,11,ハクサンスプリング,牡,4,53.5,442,1,木間龍,矢野義,,5,1:16.1,39.4,6-7-5,10,442,1
2022/02/18,船橋,6,Ｃ２十 十一,1200,ダ,左,稍重,晴,12,7,9,アオイマジェスティ,牝,4,54.5,504,5,小杉亮,矢野義,,6,1:16.6,39.4,10-10-11,6,504,5
2022/02/18,船橋,6,Ｃ２十 十一,1200,ダ,左,稍重,晴,12,3,3,ユーデモニクス,セ,0,56.5,478,-2,笹川翼,新井清,,7,1:16.7,40.5,1-1-1,3,478,-2
2022/02/18,船橋,6,Ｃ２十 十一,1200,ダ,左,稍重,晴,12,1,1,マリブスターソング,牝,4,54.5,460,-1,山崎誠,渡邊貴,,8,1:16.8,39.0,11-11-10,11,460,-1
2022/02/18,船橋,6,Ｃ２十 十一,1200,ダ,左,稍重,晴,12,4,4,ミナトイチバン,牡,6,56.5,456,-5,櫻井光,田島寿,,9,1:16.8,40.1,8-6-6,12,456,-5
2022/02/18,船橋,6,Ｃ２十 十一,1200,ダ,左,稍重,晴,12,5,5,イナリンクローバー,牝,5,53.5,469,10,篠谷葵,山田信,,10,1:16.9,40.2,7-5-7,7,469,10
2022/02/18,船橋,6,Ｃ２十 十一,1200,ダ,左,稍重,晴,12,5,6,エスシーゾロ,牡,5,56.5,498,-7,山中悠,渡邊貴,,11,1:17.4,39.4,12-12-12,4,498,-7
2022/02/18,船橋,6,Ｃ２十 十一,1200,ダ,左,稍重,晴,12,6,7,リトルエイト,牝,6,53.5,439,-3,古岡勇,山崎尋,,12,1:17.6,40.7,4-8-9,9,439,-3
2022/02/18,船橋,7,馬い！甘～い！淡路玉ねぎ食べＣ２十 十一,1500,ダ,左,稍重,晴,11,3,3,ワタシノワルツ,牝,6,54.5,512,-3,御神訓,池田孝,,1,1:36.5,39.0,5-5-4-4,1,512,-3
2022/02/18,船橋,7,馬い！甘～い！淡路玉ねぎ食べＣ２十 十一,1500,ダ,左,稍重,晴,11,4,4,アイグローリー,セ,0,56.5,479,-2,仲野光,阿井正,,2,1:36.6,39.5,1-1-1-1,8,479,-2
2022/02/18,船橋,7,馬い！甘～い！淡路玉ねぎ食べＣ２十 十一,1500,ダ,左,稍重,晴,11,5,5,スノーフレイム,牡,4,56.5,477,-4,矢野貴,林　幻,,3,1:36.6,39.3,3-3-3-3,3,477,-4
2022/02/18,船橋,7,馬い！甘～い！淡路玉ねぎ食べＣ２十 十一,1500,ダ,左,稍重,晴,11,7,9,ハートロック,セ,0,56.5,504,-7,岡村健,岡林光,,4,1:37.5,40.3,2-2-2-2,2,504,-7
2022/02/18,船橋,7,馬い！甘～い！淡路玉ねぎ食べＣ２十 十一,1500,ダ,左,稍重,晴,11,7,8,アミフジウジョウ,牡,5,53.5,476,0,木間龍,矢野義,,5,1:37.9,39.6,10-11-9-6,7,476,0
2022/02/18,船橋,7,馬い！甘～い！淡路玉ねぎ食べＣ２十 十一,1500,ダ,左,稍重,晴,11,2,2,スペルガッサン,牝,4,54.5,419,-14,川島正,坂本昇,,6,1:38.0,39.6,9-7-10-9,11,419,-14
2022/02/18,船橋,7,馬い！甘～い！淡路玉ねぎ食べＣ２十 十一,1500,ダ,左,稍重,晴,11,8,11,アポロモーリアン,牝,6,53.5,464,-8,古岡勇,村田順,,7,1:38.1,39.9,7-9-8-10,10,464,-8
2022/02/18,船橋,7,馬い！甘～い！淡路玉ねぎ食べＣ２十 十一,1500,ダ,左,稍重,晴,11,1,1,イシノビバーチェ,牡,5,56.5,440,1,石崎駿,玉井等,,8,1:38.3,40.5,4-4-5-5,4,440,1
2022/02/18,船橋,7,馬い！甘～い！淡路玉ねぎ食べＣ２十 十一,1500,ダ,左,稍重,晴,11,6,6,カズブレイド,牡,5,56.5,521,-5,小杉亮,阿井正,,9,1:38.3,40.1,6-6-6-7,5,521,-5
2022/02/18,船橋,7,馬い！甘～い！淡路玉ねぎ食べＣ２十 十一,1500,ダ,左,稍重,晴,11,6,7,ジョリルミエール,牝,7,53.5,445,-7,篠谷葵,宮下靖,,10,1:38.4,39.8,11-10-11-11,9,445,-7
2022/02/18,船橋,7,馬い！甘～い！淡路玉ねぎ食べＣ２十 十一,1500,ダ,左,稍重,晴,11,8,10,アップバング,牡,7,56.5,423,-3,岡村裕,久保勇,,11,1:38.5,40.3,8-8-7-8,6,423,-3
2022/02/18,船橋,8,駿光賞Ｃ１一,1600,ダ,左,稍重,晴,7,1,1,クロヒョウ,牡,6,56.5,498,-7,矢野貴,伊藤滋,,1,1:41.8,38.0,1-1-1-1,1,498,-7
2022/02/18,船橋,8,駿光賞Ｃ１一,1600,ダ,左,稍重,晴,7,5,5,ブリリアントリリー,牝,7,54.5,480,-5,和田譲,林　幻,,2,1:43.0,39.0,2-2-2-2,2,480,-5
2022/02/18,船橋,8,駿光賞Ｃ１一,1600,ダ,左,稍重,晴,7,4,4,ダバイラードゥガ,牝,4,54.5,459,-2,本田重,坂本昇,,3,1:43.5,38.9,4-4-4-3,5,459,-2
2022/02/18,船橋,8,駿光賞Ｃ１一,1600,ダ,左,稍重,晴,7,2,2,モンチ,牡,4,56.5,472,2,笹川翼,山田信,,4,1:43.5,38.4,6-6-6-6,3,472,2
2022/02/18,船橋,8,駿光賞Ｃ１一,1600,ダ,左,稍重,晴,7,7,7,ブライトアクトレス,牝,6,54.5,516,-6,町田直,齊藤敏,,5,1:43.8,38.3,7-7-7-7,4,516,-6
2022/02/18,船橋,8,駿光賞Ｃ１一,1600,ダ,左,稍重,晴,7,3,3,ケリービーラッシュ,牝,5,54.5,447,5,本橋孝,矢野義,,6,1:43.8,39.1,5-5-5-5,6,447,5
2022/02/18,船橋,8,駿光賞Ｃ１一,1600,ダ,左,稍重,晴,7,6,6,ヴィアグローリアス,牝,8,54.5,479,6,森泰斗,新井清,,7,1:44.8,40.5,3-3-3-4,7,479,6
2022/02/18,船橋,9,春告鳥スプリントＡ２以下選抜馬,1200,ダ,左,稍重,晴,11,6,6,メイプルグレイト,牡,7,57.5,517,-6,張田昂,渡邊貴,,1,1:12.4,36.8,3-3-2,1,517,-6
2022/02/18,船橋,9,春告鳥スプリントＡ２以下選抜馬,1200,ダ,左,稍重,晴,11,6,7,ブンロート,牡,5,57.5,535,0,野澤憲,矢野義,,2,1:12.9,37.7,1-1-1,4,535,0
2022/02/18,船橋,9,春告鳥スプリントＡ２以下選抜馬,1200,ダ,左,稍重,晴,11,8,11,ヴィルトファン,牝,6,55.5,525,-14,笹川翼,藤田輝,,3,1:13.3,37.3,8-7-7,2,525,-14
2022/02/18,船橋,9,春告鳥スプリントＡ２以下選抜馬,1200,ダ,左,稍重,晴,11,5,5,マカベウス,牡,4,57.5,518,-3,森泰斗,米谷康,,4,1:13.6,37.2,10-8-9,6,518,-3
2022/02/18,船橋,9,春告鳥スプリントＡ２以下選抜馬,1200,ダ,左,稍重,晴,11,8,10,シャドウハンター,牡,6,55.5,544,0,御神訓,池田孝,,5,1:13.9,38.3,4-4-4,5,544,0
2022/02/18,船橋,9,春告鳥スプリントＡ２以下選抜馬,1200,ダ,左,稍重,晴,11,3,3,ハクアイブラック,牡,5,57.5,543,0,矢野貴,石井勝,,6,1:14.1,38.1,6-6-6,8,543,0
2022/02/18,船橋,9,春告鳥スプリントＡ２以下選抜馬,1200,ダ,左,稍重,晴,11,4,4,ライクアロケット,セ,0,54.5,473,5,木間龍,張田京,,7,1:14.1,37.7,9-9-8,9,473,5
2022/02/18,船橋,9,春告鳥スプリントＡ２以下選抜馬,1200,ダ,左,稍重,晴,11,1,1,ユニバーサルライト,セ,0,57.5,464,-3,川島正,佐藤太,,8,1:14.4,37.8,7-10-11,10,464,-3
2022/02/18,船橋,9,春告鳥スプリントＡ２以下選抜馬,1200,ダ,左,稍重,晴,11,7,8,ファイナルキング,牡,4,57.5,482,16,本田重,林正人,,9,1:14.4,38.6,5-5-5,3,482,16
2022/02/18,船橋,9,春告鳥スプリントＡ２以下選抜馬,1200,ダ,左,稍重,晴,11,7,9,エンジェルパイロ,牝,5,53.5,459,-4,本橋孝,森下淳,,10,1:14.4,39.0,2-2-3,7,459,-4
2022/02/18,船橋,9,春告鳥スプリントＡ２以下選抜馬,1200,ダ,左,稍重,晴,11,2,2,ナガタブラック,牡,6,57.5,554,-3,伊藤裕,岩本洋,,11,1:14.9,38.2,11-11-10,11,554,-3
2022/02/18,船橋,10,冥王星特別Ｂ３二,1600,ダ,左,稍重,晴,14,8,13,キーピリオッド,牡,5,56.5,524,2,矢野貴,玉井昇,,1,1:41.5,38.4,10-10-5-2,1,524,2
2022/02/18,船橋,10,冥王星特別Ｂ３二,1600,ダ,左,稍重,晴,14,3,4,レオステップアップ,牡,7,56.5,499,-14,石崎駿,岡林光,,2,1:42.3,39.0,7-7-6-5,4,499,-14
2022/02/18,船橋,10,冥王星特別Ｂ３二,1600,ダ,左,稍重,晴,14,7,11,カンバンムスメ,牝,8,54.5,462,5,笹川翼,山田信,,3,1:42.4,39.3,3-3-4-4,2,462,5
2022/02/18,船橋,10,冥王星特別Ｂ３二,1600,ダ,左,稍重,晴,14,4,6,アンダンテバイオ,牝,7,54.5,443,3,岡村健,岡林光,,4,1:43.1,40.0,4-4-3-3,5,443,3
2022/02/18,船橋,10,冥王星特別Ｂ３二,1600,ダ,左,稍重,晴,14,1,1,サンチャップリン,セ,0,56.5,546,-14,山中悠,伊藤滋,,5,1:43.5,39.8,13-13-11-9,10,546,-14
2022/02/18,船橋,10,冥王星特別Ｂ３二,1600,ダ,左,稍重,晴,14,4,5,アルファフレイム,牡,6,56.5,470,16,張田昂,坂本昇,,6,1:44.1,40.6,9-8-9-8,14,470,16
2022/02/18,船橋,10,冥王星特別Ｂ３二,1600,ダ,左,稍重,晴,14,6,10,エレガンテヴァイゼ,牡,6,56.5,541,-6,本田重,高月賢,,7,1:44.3,40.8,8-9-10-11,6,541,-6
2022/02/18,船橋,10,冥王星特別Ｂ３二,1600,ダ,左,稍重,晴,14,2,2,クレセントアーチ,牝,5,54.5,482,-6,和田譲,齊藤敏,,8,1:44.8,40.8,12-11-12-12,9,482,-6
2022/02/18,船橋,10,冥王星特別Ｂ３二,1600,ダ,左,稍重,晴,14,7,12,シュヴァルダムール,セ,0,56.5,520,1,保園翔,川島一,,9,1:44.9,43.0,1-1-1-1,13,520,1
2022/02/18,船橋,10,冥王星特別Ｂ３二,1600,ダ,左,稍重,晴,14,5,8,タイセイビルダー,牡,6,55.5,520,-2,池谷匠,内田勝,,10,1:45.1,41.8,6-6-8-7,7,520,-2
2022/02/18,船橋,10,冥王星特別Ｂ３二,1600,ダ,左,稍重,晴,14,8,14,テリオスヒメ,牝,5,54.5,464,-6,國分祐,冨田敏,,11,1:45.2,42.3,2-2-2-6,12,464,-6
2022/02/18,船橋,10,冥王星特別Ｂ３二,1600,ダ,左,稍重,晴,14,6,9,イフユーワナ,牡,6,56.5,516,-2,山口達,林正人,,12,1:45.6,40.8,14-14-14-14,11,516,-2
2022/02/18,船橋,10,冥王星特別Ｂ３二,1600,ダ,左,稍重,晴,14,3,3,ジャックオレンジ,セ,0,56.5,486,-2,町田直,新井清,,13,1:45.9,41.3,11-12-13-13,3,486,-2
2022/02/18,船橋,10,冥王星特別Ｂ３二,1600,ダ,左,稍重,晴,14,5,7,ディストピアーナ,牝,4,54.5,456,-10,西村栄,渋谷博,,14,1:47.8,44.5,5-5-7-10,8,456,-10
2022/02/18,船橋,11,ジンチョウゲ特別Ｂ１二Ｂ２一,1600,ダ,左,稍重,晴,10,8,9,ノットリグレット,牡,4,55.5,459,0,笹川翼,川島一,,1,1:42.1,38.6,3-3-3-3,1,459,0
2022/02/18,船橋,11,ジンチョウゲ特別Ｂ１二Ｂ２一,1600,ダ,左,稍重,晴,10,2,2,アストロローグ,セ,0,55.5,498,2,本田重,米谷康,,2,1:42.6,39.2,1-1-1-1,6,498,2
2022/02/18,船橋,11,ジンチョウゲ特別Ｂ１二Ｂ２一,1600,ダ,左,稍重,晴,10,6,6,タイセイメガロス,牡,5,57.5,445,-5,張田昂,山田信,,3,1:42.6,39.0,6-6-4-4,3,445,-5
2022/02/18,船橋,11,ジンチョウゲ特別Ｂ１二Ｂ２一,1600,ダ,左,稍重,晴,10,7,8,ララパルーザ,牡,9,56.5,555,1,篠谷葵,佐藤太,,4,1:42.7,38.9,5-5-6-5,4,555,1
2022/02/18,船橋,11,ジンチョウゲ特別Ｂ１二Ｂ２一,1600,ダ,左,稍重,晴,10,8,10,グロリオーソ,牝,4,55.5,468,-3,町田直,佐野謙,,5,1:42.9,39.5,2-2-2-2,5,468,-3
2022/02/18,船橋,11,ジンチョウゲ特別Ｂ１二Ｂ２一,1600,ダ,左,稍重,晴,10,5,5,レベルスリー,牡,7,57.5,457,2,山口達,林正人,,6,1:43.0,39.2,10-10-7-6,10,457,2
2022/02/18,船橋,11,ジンチョウゲ特別Ｂ１二Ｂ２一,1600,ダ,左,稍重,晴,10,1,1,パーソナルマキ,牡,9,57.5,511,-4,吉留孝,平山真,,7,1:43.4,39.0,8-8-10-10,9,511,-4
2022/02/18,船橋,11,ジンチョウゲ特別Ｂ１二Ｂ２一,1600,ダ,左,稍重,晴,10,4,4,フィールオーケー,牡,6,57.5,486,1,川島正,川島一,,8,1:43.4,39.3,9-9-8-8,7,486,1
2022/02/18,船橋,11,ジンチョウゲ特別Ｂ１二Ｂ２一,1600,ダ,左,稍重,晴,10,7,7,ヒガシリシャール,牡,9,55.5,493,-2,笠野雄,渡邊貴,,9,1:44.4,40.6,4-4-5-7,8,493,-2
2022/02/18,船橋,11,ジンチョウゲ特別Ｂ１二Ｂ２一,1600,ダ,左,稍重,晴,10,3,3,ストームガスト,牡,6,57.5,483,21,矢野貴,伊藤滋,,10,1:44.5,40.3,7-7-9-9,2,483,21
2022/02/18,船橋,12,フリージア２２００Ｃ２選抜馬イ,2200,ダ,左,稍重,晴,12,5,6,リメンブランス,牡,7,56.5,412,4,町田直,稲益貴,,1,2:27.8,40.1,4-4-4-2,2,412,4
2022/02/18,船橋,12,フリージア２２００Ｃ２選抜馬イ,2200,ダ,左,稍重,晴,12,7,9,ルフレシャンス,牝,6,54.5,455,-4,森泰斗,佐々清,,2,2:27.9,40.5,2-2-1-1,1,455,-4
2022/02/18,船橋,12,フリージア２２００Ｃ２選抜馬イ,2200,ダ,左,稍重,晴,12,8,12,ジャイアンヴォーグ,牡,8,56.5,514,0,石崎駿,玉井昇,,3,2:28.9,41.2,3-3-3-3,4,514,0
2022/02/18,船橋,12,フリージア２２００Ｃ２選抜馬イ,2200,ダ,左,稍重,晴,12,3,3,アルマス,牡,5,55.5,403,-6,古岡勇,古澤悟,,4,2:29.0,40.7,7-6-6-5,7,403,-6
2022/02/18,船橋,12,フリージア２２００Ｃ２選抜馬イ,2200,ダ,左,稍重,晴,12,2,2,ゴールドクレスト,牡,5,56.5,486,0,山口達,宮下靖,,5,2:29.3,40.7,10-10-8-6,5,486,0
2022/02/18,船橋,12,フリージア２２００Ｃ２選抜馬イ,2200,ダ,左,稍重,晴,12,6,7,ガニュメデスレイ,牡,5,56.5,423,2,福原杏,渡邉和,,6,2:29.9,41.1,11-11-10-9,6,423,2
2022/02/18,船橋,12,フリージア２２００Ｃ２選抜馬イ,2200,ダ,左,稍重,晴,12,6,8,キングエド,セ,0,56.5,484,-11,庄司大,石井勝,,7,2:29.9,42.4,1-1-2-4,8,484,-11
2022/02/18,船橋,12,フリージア２２００Ｃ２選抜馬イ,2200,ダ,左,稍重,晴,12,7,10,スーリエドヴェール,牝,5,54.5,502,15,川島正,坂本昇,,8,2:30.0,41.4,8-8-7-8,3,502,15
2022/02/18,船橋,12,フリージア２２００Ｃ２選抜馬イ,2200,ダ,左,稍重,晴,12,5,5,テンポラーレ,牡,4,56.5,510,-13,達城龍,山中尊,,9,2:30.3,41.6,9-9-9-10,9,510,-13
2022/02/18,船橋,12,フリージア２２００Ｃ２選抜馬イ,2200,ダ,左,稍重,晴,12,1,1,エスジーリカチャン,牝,4,54.5,462,-3,藤江渉,田島寿,,10,2:30.6,41.2,12-12-11-11,10,462,-3
2022/02/18,船橋,12,フリージア２２００Ｃ２選抜馬イ,2200,ダ,左,稍重,晴,12,4,4,クラウンデフィート,牡,5,56.5,474,-4,山中悠,石井勝,,11,2:32.8,44.5,5-5-5-7,11,474,-4
2022/02/18,船橋,12,フリージア２２００Ｃ２選抜馬イ,2200,ダ,左,稍重,晴,12,8,11,ラヴィテスミラノ,牡,4,56.5,500,11,西村栄,宮下靖,,12,2:35.7,45.9,6-7-12-12,12,500,11
2022/03/21,船橋,1,Ｃ３十,1200,ダ,左,稍重,曇,10,8,9,シュウエットカズ,牡,4,56.0,560,11,西村栄,矢内博,,1,1:18.0,39.9,2-2-2,5,560,11
2022/03/21,船橋,1,Ｃ３十,1200,ダ,左,稍重,曇,10,2,2,コングラツィア,牝,6,54.0,431,-14,小杉亮,林　幻,,2,1:18.2,39.9,3-3-3,1,431,-14
2022/03/21,船橋,1,Ｃ３十,1200,ダ,左,稍重,曇,10,4,4,ゴールデンウエスト,牡,5,56.0,456,-8,岡村裕,河津裕,,3,1:18.2,40.3,1-1-1,7,456,-8
2022/03/21,船橋,1,Ｃ３十,1200,ダ,左,稍重,曇,10,7,7,プルミエールアンパ,牝,7,53.0,429,-10,篠谷葵,玉井等,,4,1:19.3,40.2,5-5-5,3,429,-10
2022/03/21,船橋,1,Ｃ３十,1200,ダ,左,稍重,曇,10,3,3,プンヴァ,牡,4,56.0,488,-3,町田直,内田勝,,5,1:20.0,40.6,8-6-6,4,488,-3
2022/03/21,船橋,1,Ｃ３十,1200,ダ,左,稍重,曇,10,8,10,キープファイト,牡,4,56.0,537,0,山本紀,稲益貴,,6,1:20.1,40.5,6-7-7,2,537,0
2022/03/21,船橋,1,Ｃ３十,1200,ダ,左,稍重,曇,10,7,8,ドラゴンヴィーナス,牝,5,54.0,391,-5,濱田達,森　始,,7,1:20.5,42.0,4-4-4,9,391,-5
2022/03/21,船橋,1,Ｃ３十,1200,ダ,左,稍重,曇,10,6,6,モッツアン,牡,4,56.0,486,2,庄司大,矢内博,,8,1:20.9,40.9,7-8-8,6,486,2
2022/03/21,船橋,1,Ｃ３十,1200,ダ,左,稍重,曇,10,5,5,ソルダーシップ,牝,8,54.0,432,-1,田中力,森　始,,9,1:22.2,41.8,9-9-9,10,432,-1
2022/03/21,船橋,1,Ｃ３十,1200,ダ,左,稍重,曇,10,1,1,リアンサミット,牝,4,54.0,380,2,中越琉,田島寿,,10,1:22.4,41.8,10-10-10,8,380,2
2022/03/21,船橋,2,Ｃ３八 九,1200,ダ,左,稍重,曇,9,1,1,リンノパルピート,牡,4,52.0,521,-3,神尾香,山田質,,1,1:18.1,39.4,3-3-3,3,521,-3
2022/03/21,船橋,2,Ｃ３八 九,1200,ダ,左,稍重,曇,9,3,3,グローリアスフィル,牝,5,54.0,466,1,本田重,新井清,,2,1:18.3,39.9,1-1-1,1,466,1
2022/03/21,船橋,2,Ｃ３八 九,1200,ダ,左,稍重,曇,9,8,9,ジョージバローズ,セ,0,56.0,472,-7,山口達,林正人,,3,1:18.4,39.5,7-4-4,2,472,-7
2022/03/21,船橋,2,Ｃ３八 九,1200,ダ,左,稍重,曇,9,8,8,ビシエド,牡,5,56.0,478,-3,酒井忍,森　始,,4,1:18.5,40.1,2-2-2,4,478,-3
2022/03/21,船橋,2,Ｃ３八 九,1200,ダ,左,稍重,曇,9,7,7,アルファルージュ,牝,8,54.0,477,7,庄司大,石井勝,,5,1:19.1,40.2,5-5-5,5,477,7
2022/03/21,船橋,2,Ｃ３八 九,1200,ダ,左,稍重,曇,9,5,5,プロディジーバイオ,牡,4,56.0,476,-13,笹川翼,新井清,,6,1:19.8,40.4,8-8-7,6,476,-13
2022/03/21,船橋,2,Ｃ３八 九,1200,ダ,左,稍重,曇,9,4,4,ニシノシロフネ,牡,5,56.0,484,-4,國分祐,冨田敏,,7,1:19.8,40.7,4-6-6,9,484,-4
2022/03/21,船橋,2,Ｃ３八 九,1200,ダ,左,稍重,曇,9,2,2,ジャンティーユ,牝,8,54.0,449,4,和田譲,渋谷博,,8,1:19.8,40.4,6-7-8,8,449,4
2022/03/21,船橋,2,Ｃ３八 九,1200,ダ,左,稍重,曇,9,6,6,ファシルラビリンス,牝,4,54.0,481,-19,山中悠,林正人,,9,1:22.2,42.5,9-9-9,7,481,-19
2022/03/21,船橋,3,３歳六,1200,ダ,左,稍重,曇,11,3,3,ミラクルジャスミン,牝,3,54.0,443,-6,矢野貴,坂本昇,,1,1:18.4,40.7,4-3-3,1,443,-6
2022/03/21,船橋,3,３歳六,1200,ダ,左,稍重,曇,11,8,11,ジョワソレイユ,牡,3,56.0,491,0,山中悠,伊藤滋,,2,1:18.7,41.0,2-2-1,3,491,0
2022/03/21,船橋,3,３歳六,1200,ダ,左,稍重,曇,11,6,7,ビービーパルフェ,牝,3,54.0,445,2,岡村健,新井清,,3,1:18.9,41.3,1-1-2,5,445,2
2022/03/21,船橋,3,３歳六,1200,ダ,左,稍重,曇,11,5,5,トドイワオーシャン,牝,3,54.0,445,3,和田譲,齊藤敏,,4,1:19.2,40.6,8-5-5,2,445,3
2022/03/21,船橋,3,３歳六,1200,ダ,左,稍重,曇,11,1,1,リュウノカリー,牝,3,54.0,417,-2,山本紀,齊藤敏,,5,1:19.5,40.7,3-7-7,7,417,-2
2022/03/21,船橋,3,３歳六,1200,ダ,左,稍重,曇,11,7,9,ワールドミカ,牝,3,54.0,433,-3,小杉亮,矢野義,,6,1:19.8,40.1,11-11-11,9,433,-3
2022/03/21,船橋,3,３歳六,1200,ダ,左,稍重,曇,11,8,10,ボルドサタン,牡,3,56.0,472,4,本橋孝,石井勝,,7,1:19.8,41.8,10-4-4,4,472,4
2022/03/21,船橋,3,３歳六,1200,ダ,左,稍重,曇,11,2,2,リンクスシュウ,牡,3,56.0,444,-7,笠野雄,渡邊貴,,8,1:19.9,40.8,6-9-8,10,444,-7
2022/03/21,船橋,3,３歳六,1200,ダ,左,稍重,曇,11,7,8,エヌティスター,牝,3,54.0,463,1,實川純,佐々清,,9,1:19.9,41.3,5-6-6,6,463,1
2022/03/21,船橋,3,３歳六,1200,ダ,左,稍重,曇,11,4,4,スターオブモア,牝,3,54.0,372,5,藤本現,佐々功,,10,1:20.3,41.2,7-8-9,8,372,5
2022/03/21,船橋,3,３歳六,1200,ダ,左,稍重,曇,11,6,6,シャーロットメファ,牝,3,54.0,377,-3,濱田達,山本学,,11,1:20.3,41.2,9-10-10,11,377,-3
2022/03/21,船橋,4,３歳五組下選抜馬,1500,ダ,左,稍重,曇,9,8,8,アルティマダンサー,牡,3,56.0,458,2,町田直,山田信,,1,1:41.2,42.3,3-3-3-3,3,458,2
2022/03/21,船橋,4,３歳五組下選抜馬,1500,ダ,左,稍重,曇,9,4,4,ドウシ,セ,0,56.0,405,-12,川島正,佐々清,,2,1:41.2,42.2,7-5-5-5,4,405,-12
2022/03/21,船橋,4,３歳五組下選抜馬,1500,ダ,左,稍重,曇,9,5,5,タロウシュン,牡,3,56.0,470,1,岡村健,佐藤太,,3,1:41.4,42.5,4-4-4-4,7,470,1
2022/03/21,船橋,4,３歳五組下選抜馬,1500,ダ,左,稍重,曇,9,2,2,ピンクオパール,牝,3,54.0,457,0,笹川翼,新井清,,4,1:41.5,42.8,1-1-1-1,1,457,0
2022/03/21,船橋,4,３歳五組下選抜馬,1500,ダ,左,稍重,曇,9,3,3,レッドアンドブルー,牝,3,54.0,423,-9,藤本現,伊藤滋,,5,1:41.7,42.5,9-9-7-6,5,423,-9
2022/03/21,船橋,4,３歳五組下選抜馬,1500,ダ,左,稍重,曇,9,1,1,サヤピーエレガント,牝,3,54.0,0,0,實川純,佐々功,,6,1:42.2,42.9,6-7-8-8,8,0,0
2022/03/21,船橋,4,３歳五組下選抜馬,1500,ダ,左,稍重,曇,9,8,9,ブラックキャノン,セ,0,56.0,472,-6,山口達,稲益貴,,7,1:42.7,43.5,5-6-6-7,2,472,-6
2022/03/21,船橋,4,３歳五組下選抜馬,1500,ダ,左,稍重,曇,9,6,6,ワールドフェロウズ,牡,3,56.0,488,-15,西村栄,矢野義,,8,1:42.7,43.2,8-8-9-9,9,488,-15
2022/03/21,船橋,4,３歳五組下選抜馬,1500,ダ,左,稍重,曇,9,7,7,サティスファイ,牡,3,56.0,448,-2,石崎駿,坂本昇,,9,1:43.3,44.5,2-2-2-2,6,448,-2
2022/03/21,船橋,5,Ｃ３八 九,1500,ダ,左,稍重,曇,12,7,9,ウインシュトローム,牡,5,56.0,560,1,森泰斗,齊藤敏,,1,1:40.3,42.0,3-3-3-2,2,560,1
2022/03/21,船橋,5,Ｃ３八 九,1500,ダ,左,稍重,曇,12,3,3,ジェイケイリオン,牝,4,53.0,431,-7,池谷匠,栗林信,,2,1:40.3,41.5,8-8-8-9,12,431,-7
2022/03/21,船橋,5,Ｃ３八 九,1500,ダ,左,稍重,曇,12,6,8,トノカンショウ,牡,4,56.0,526,-2,山中悠,玉井昇,,3,1:41.4,42.9,5-5-4-4,10,526,-2
2022/03/21,船橋,5,Ｃ３八 九,1500,ダ,左,稍重,曇,12,5,5,リーヴルネッサンス,セ,0,56.0,430,-10,和田譲,林　幻,,4,1:41.4,42.6,6-6-7-5,5,430,-10
2022/03/21,船橋,5,Ｃ３八 九,1500,ダ,左,稍重,曇,12,8,12,トウキョウスター,牡,4,56.0,474,-3,山崎誠,米谷康,,5,1:41.6,42.9,7-7-6-6,7,474,-3
2022/03/21,船橋,5,Ｃ３八 九,1500,ダ,左,稍重,曇,12,2,2,ミヤコシャンティ,牝,5,54.0,440,-5,山口達,林正人,,6,1:41.7,42.4,11-11-10-10,4,440,-5
2022/03/21,船橋,5,Ｃ３八 九,1500,ダ,左,稍重,曇,12,5,6,ゴッドデサフィオ,牡,4,56.0,447,-1,秋元耕,凾館一,,7,1:41.9,44.2,1-1-1-1,9,447,-1
2022/03/21,船橋,5,Ｃ３八 九,1500,ダ,左,稍重,曇,12,4,4,マイネルシェルム,牡,4,56.0,521,9,小杉亮,矢内博,,8,1:41.9,43.2,4-4-5-8,1,521,9
2022/03/21,船橋,5,Ｃ３八 九,1500,ダ,左,稍重,曇,12,7,10,ヒュードロラッシュ,牝,5,54.0,394,-12,臼井健,凾館一,,9,1:42.5,43.5,9-9-9-7,8,394,-12
2022/03/21,船橋,5,Ｃ３八 九,1500,ダ,左,稍重,曇,12,6,7,プチポワン,牝,6,54.0,478,1,酒井忍,矢野義,,10,1:42.7,42.5,12-12-12-12,3,478,1
2022/03/21,船橋,5,Ｃ３八 九,1500,ダ,左,稍重,曇,12,1,1,ローズカルテット,牝,4,54.0,423,-7,保園翔,平山真,,11,1:43.2,43.6,10-10-11-11,11,423,-7
2022/03/21,船橋,5,Ｃ３八 九,1500,ダ,左,稍重,曇,12,8,11,バロンキング,牡,6,56.0,455,1,仲野光,阿井正,,12,1:43.2,45.2,2-2-2-3,6,455,1
2022/03/21,船橋,6,Ｃ１三 四 五イ,1500,ダ,左,稍重,曇,12,5,5,ステラストラータ,セ,0,56.0,490,4,本田重,新井清,,1,1:38.6,39.2,1-1-1-1,3,490,4
2022/03/21,船橋,6,Ｃ１三 四 五イ,1500,ダ,左,稍重,曇,12,6,7,ナヴィリオ,牡,4,56.0,470,-3,森泰斗,米谷康,,2,1:39.1,39.6,3-3-3-3,1,470,-3
2022/03/21,船橋,6,Ｃ１三 四 五イ,1500,ダ,左,稍重,曇,12,7,9,ジュエルケイヴ,牝,4,54.0,459,-2,矢野貴,齊藤敏,,3,1:39.2,39.5,6-5-6-5,5,459,-2
2022/03/21,船橋,6,Ｃ１三 四 五イ,1500,ダ,左,稍重,曇,12,8,11,タッシーベリンダ,牝,4,54.0,477,7,町田直,山崎尋,,4,1:39.6,40.0,5-6-5-4,8,477,7
2022/03/21,船橋,6,Ｃ１三 四 五イ,1500,ダ,左,稍重,曇,12,8,12,アンファスエシャペ,牝,4,54.0,447,-1,實川純,佐々功,,5,1:39.6,40.2,2-2-2-2,9,447,-1
2022/03/21,船橋,6,Ｃ１三 四 五イ,1500,ダ,左,稍重,曇,12,5,6,アブルハウル,セ,0,56.0,494,-9,山崎誠,山下之,,6,1:40.0,40.2,7-7-8-8,2,494,-9
2022/03/21,船橋,6,Ｃ１三 四 五イ,1500,ダ,左,稍重,曇,12,7,10,シュゼット,牝,5,54.0,478,-4,吉留孝,安池成,,7,1:40.3,40.5,8-8-7-7,7,478,-4
2022/03/21,船橋,6,Ｃ１三 四 五イ,1500,ダ,左,稍重,曇,12,3,3,シャトワイエー,牝,4,53.0,461,0,篠谷葵,石井勝,,8,1:40.4,40.8,4-4-4-6,12,461,0
2022/03/21,船橋,6,Ｃ１三 四 五イ,1500,ダ,左,稍重,曇,12,4,4,ファキュルテ,牡,4,56.0,438,-3,本橋孝,林隆之,,9,1:40.4,40.4,11-12-9-9,10,438,-3
2022/03/21,船橋,6,Ｃ１三 四 五イ,1500,ダ,左,稍重,曇,12,6,8,クールガジェット,牡,4,56.0,515,-2,山口達,稲益貴,,10,1:41.5,41.5,9-10-10-10,6,515,-2
2022/03/21,船橋,6,Ｃ１三 四 五イ,1500,ダ,左,稍重,曇,12,1,1,マルゼンスター,牡,5,56.0,533,-2,今野忠,川島一,,11,1:41.6,41.5,10-9-11-11,4,533,-2
2022/03/21,船橋,6,Ｃ１三 四 五イ,1500,ダ,左,稍重,曇,12,2,2,フォーリボス,セ,0,56.0,493,-3,石崎駿,岩本洋,,12,1:41.9,41.5,12-11-12-12,11,493,-3
2022/03/21,船橋,7,Ｃ１三 四 五ウ,1200,ダ,左,稍重,曇,12,4,4,ブラックアモーレ,牝,5,54.0,497,-2,増田充,佐々仁,,1,1:15.9,38.4,1-1-1,8,497,-2
2022/03/21,船橋,7,Ｃ１三 四 五ウ,1200,ダ,左,稍重,曇,12,7,9,ジーガープリンス,牡,8,56.0,522,-8,石崎駿,石井勝,,2,1:16.8,39.1,2-2-2,2,522,-8
2022/03/21,船橋,7,Ｃ１三 四 五ウ,1200,ダ,左,稍重,曇,12,6,7,ゲンパチノーブル,牝,5,54.0,440,-5,小杉亮,矢内博,,3,1:17.0,38.9,4-4-4,6,440,-5
2022/03/21,船橋,7,Ｃ１三 四 五ウ,1200,ダ,左,稍重,曇,12,7,10,ドドーニサンサン,牡,4,56.0,483,-9,山中悠,渋谷博,,4,1:17.2,39.4,3-3-3,4,483,-9
2022/03/21,船橋,7,Ｃ１三 四 五ウ,1200,ダ,左,稍重,曇,12,5,6,ハイガーデン,牝,4,54.0,457,-1,本田重,川島一,,5,1:17.4,39.0,10-7-6,1,457,-1
2022/03/21,船橋,7,Ｃ１三 四 五ウ,1200,ダ,左,稍重,曇,12,5,5,ララティーナ,牝,4,54.0,418,-13,川島正,山下之,,6,1:18.1,39.7,9-8-7,3,418,-13
2022/03/21,船橋,7,Ｃ１三 四 五ウ,1200,ダ,左,稍重,曇,12,8,11,ミュークレグルス,牡,4,56.0,486,-3,櫻井光,山崎尋,,7,1:18.1,40.0,6-5-5,10,486,-3
2022/03/21,船橋,7,Ｃ１三 四 五ウ,1200,ダ,左,稍重,曇,12,3,3,アートオブライフ,牝,5,50.0,444,-1,神尾香,稲益貴,,8,1:18.3,39.7,8-10-10,5,444,-1
2022/03/21,船橋,7,Ｃ１三 四 五ウ,1200,ダ,左,稍重,曇,12,1,1,マリノブロッサム,牝,4,54.0,463,6,本橋孝,石井勝,,9,1:18.4,40.1,5-6-8,9,463,6
2022/03/21,船橋,7,Ｃ１三 四 五ウ,1200,ダ,左,稍重,曇,12,6,8,ニシノカムイ,牡,4,56.0,479,7,高橋利,新井清,,10,1:18.7,40.1,7-9-9,11,479,7
2022/03/21,船橋,7,Ｃ１三 四 五ウ,1200,ダ,左,稍重,曇,12,8,12,キングオブライフ,セ,0,56.0,500,-31,山口達,林正人,,11,1:19.7,40.9,11-11-11,7,500,-31
2022/03/21,船橋,7,Ｃ１三 四 五ウ,1200,ダ,左,稍重,曇,12,2,2,マイネルリベラル,セ,0,56.0,475,-2,岡村裕,新井健,,,,,,,475,-2
2022/03/21,船橋,8,馬い！卵はサンサンエッグ発売記念Ｃ２一,1600,ダ,左,稍重,曇,14,5,7,マロンクラージュ,牡,5,56.0,531,-13,保園翔,川島一,,1,1:44.4,41.1,2-2-2-1,3,531,-13
2022/03/21,船橋,8,馬い！卵はサンサンエッグ発売記念Ｃ２一,1600,ダ,左,稍重,曇,14,6,10,キセキノカガヤキ,牝,6,54.0,450,4,本橋孝,山田信,,2,1:45.5,41.2,10-9-8-5,6,450,4
2022/03/21,船橋,8,馬い！卵はサンサンエッグ発売記念Ｃ２一,1600,ダ,左,稍重,曇,14,3,3,アコルダール,牝,4,54.0,460,0,和田譲,山中尊,,3,1:45.8,41.9,4-4-4-3,2,460,0
2022/03/21,船橋,8,馬い！卵はサンサンエッグ発売記念Ｃ２一,1600,ダ,左,稍重,曇,14,4,6,メイショウポルポ,牡,5,56.0,442,-3,山崎誠,稲益貴,,4,1:46.9,42.8,6-6-5-4,5,442,-3
2022/03/21,船橋,8,馬い！卵はサンサンエッグ発売記念Ｃ２一,1600,ダ,左,稍重,曇,14,3,4,ノースキセキ,牡,4,56.0,513,-1,藤本現,齊藤敏,,5,1:47.0,42.5,8-8-9-9,14,513,-1
2022/03/21,船橋,8,馬い！卵はサンサンエッグ発売記念Ｃ２一,1600,ダ,左,稍重,曇,14,2,2,ワンダーウノ,セ,0,56.0,501,0,町田直,齊藤敏,,6,1:47.2,43.0,5-5-7-7,11,501,0
2022/03/21,船橋,8,馬い！卵はサンサンエッグ発売記念Ｃ２一,1600,ダ,左,稍重,曇,14,4,5,ジョイガナール,牡,4,56.0,508,-8,酒井忍,矢野義,,7,1:47.2,42.3,12-12-11-11,7,508,-8
2022/03/21,船橋,8,馬い！卵はサンサンエッグ発売記念Ｃ２一,1600,ダ,左,稍重,曇,14,6,9,マルモリラッキー,セ,0,58.0,483,-4,岡村健,玉井勝,,8,1:47.4,42.2,13-14-14-12,10,483,-4
2022/03/21,船橋,8,馬い！卵はサンサンエッグ発売記念Ｃ２一,1600,ダ,左,稍重,曇,14,5,8,ジャックフォンテン,牡,7,56.0,498,2,小杉亮,矢内博,,9,1:47.6,43.5,7-7-6-6,4,498,2
2022/03/21,船橋,8,馬い！卵はサンサンエッグ発売記念Ｃ２一,1600,ダ,左,稍重,曇,14,8,13,ナイトジュレップ,牡,7,56.0,502,1,笹川翼,玉井昇,,10,1:47.8,44.2,3-3-3-2,8,502,1
2022/03/21,船橋,8,馬い！卵はサンサンエッグ発売記念Ｃ２一,1600,ダ,左,稍重,曇,14,8,14,ウインカーマイン,牡,6,56.0,451,0,秋元耕,川島豊,,11,1:48.1,43.0,11-11-13-14,9,451,0
2022/03/21,船橋,8,馬い！卵はサンサンエッグ発売記念Ｃ２一,1600,ダ,左,稍重,曇,14,7,11,ディスバッドマム,牝,4,54.0,456,3,山口達,渡邊貴,,12,1:48.2,43.7,14-13-10-10,12,456,3
2022/03/21,船橋,8,馬い！卵はサンサンエッグ発売記念Ｃ２一,1600,ダ,左,稍重,曇,14,7,12,キミニアイタイ,牡,4,56.0,471,-5,伊藤裕,鈴木義,,13,1:48.4,43.4,9-10-12-13,13,471,-5
2022/03/21,船橋,8,馬い！卵はサンサンエッグ発売記念Ｃ２一,1600,ダ,左,稍重,曇,14,1,1,ゴールドメファ,牝,6,54.0,493,12,矢野貴,坂本昇,,,,,1-1-1-8,1,493,12
2022/03/21,船橋,9,Ｃ１三 四 五ア,1500,ダ,左,稍重,曇,12,2,2,ミスターサファリ,牡,4,56.0,517,-4,森泰斗,佐藤太,,1,1:37.6,40.9,1-1-1-1,1,517,-4
2022/03/21,船橋,9,Ｃ１三 四 五ア,1500,ダ,左,稍重,曇,12,5,5,ゴールドベレー,牡,4,56.0,460,-1,石崎駿,矢内博,,2,1:38.0,40.3,10-10-10-8,4,460,-1
2022/03/21,船橋,9,Ｃ１三 四 五ア,1500,ダ,左,稍重,曇,12,4,4,フルフィル,牝,4,54.0,445,-3,笹川翼,山崎尋,,3,1:38.4,41.5,2-2-2-3,6,445,-3
2022/03/21,船橋,9,Ｃ１三 四 五ア,1500,ダ,左,稍重,曇,12,7,10,シャオイーシャオ,牝,4,54.0,451,7,岡村健,山下之,,4,1:39.0,42.0,3-3-3-2,9,451,7
2022/03/21,船橋,9,Ｃ１三 四 五ア,1500,ダ,左,稍重,曇,12,6,8,ペダンクルアーチ,セ,0,56.0,506,1,本田重,山下之,,5,1:39.2,42.1,6-6-5-4,2,506,1
2022/03/21,船橋,9,Ｃ１三 四 五ア,1500,ダ,左,稍重,曇,12,6,7,ダイヤモンドバイオ,牝,5,54.0,457,-1,田中力,岡林光,,6,1:39.6,41.1,11-12-11-11,8,457,-1
2022/03/21,船橋,9,Ｃ１三 四 五ア,1500,ダ,左,稍重,曇,12,7,9,エクメディノツルギ,牝,5,54.0,455,4,本橋孝,石井勝,,7,1:39.6,42.4,7-7-6-5,7,455,4
2022/03/21,船橋,9,Ｃ１三 四 五ア,1500,ダ,左,稍重,曇,12,8,11,ユキマツリ,牡,5,56.0,462,-3,町田直,佐藤博,,8,1:39.7,42.3,9-9-8-7,3,462,-3
2022/03/21,船橋,9,Ｃ１三 四 五ア,1500,ダ,左,稍重,曇,12,3,3,サイセイセイ,セ,0,56.0,488,-2,山口達,小久智,,9,1:40.2,42.6,8-8-9-9,11,488,-2
2022/03/21,船橋,9,Ｃ１三 四 五ア,1500,ダ,左,稍重,曇,12,5,6,ポロス,牝,9,54.0,493,-4,酒井忍,森　始,,10,1:40.3,41.8,12-11-12-12,10,493,-4
2022/03/21,船橋,9,Ｃ１三 四 五ア,1500,ダ,左,稍重,曇,12,1,1,バロズレガシー,牡,4,56.0,466,-9,櫻井光,河津裕,,11,1:40.7,43.6,4-4-4-6,12,466,-9
2022/03/21,船橋,9,Ｃ１三 四 五ア,1500,ダ,左,稍重,曇,12,8,12,タケショウワンダー,牡,4,56.0,518,10,山崎誠,山本学,,12,1:41.9,44.6,5-5-7-10,5,518,10
2022/03/21,船橋,10,アクアマリンスプリントＢ３選抜馬ア,1200,ダ,左,稍重,曇,10,8,10,トゥルーバローズ,セ,0,56.0,484,-2,矢野貴,山田信,,1,1:15.2,38.6,2-2-2,1,484,-2
2022/03/21,船橋,10,アクアマリンスプリントＢ３選抜馬ア,1200,ダ,左,稍重,曇,10,2,2,ワンモアエフォート,牡,5,56.0,507,-6,本橋孝,石井勝,,2,1:15.8,38.8,5-3-3,4,507,-6
2022/03/21,船橋,10,アクアマリンスプリントＢ３選抜馬ア,1200,ダ,左,稍重,曇,10,5,5,クラバルバトス,牝,4,54.0,479,-7,酒井忍,矢野義,,3,1:15.9,38.1,9-8-8,7,479,-7
2022/03/21,船橋,10,アクアマリンスプリントＢ３選抜馬ア,1200,ダ,左,稍重,曇,10,7,8,スマイルチャージ,牝,4,54.0,478,9,笹川翼,川島一,,4,1:16.7,40.3,1-1-1,3,478,9
2022/03/21,船橋,10,アクアマリンスプリントＢ３選抜馬ア,1200,ダ,左,稍重,曇,10,6,6,ハリケーンメファ,牝,5,54.0,468,-4,山崎誠,山本学,,5,1:16.8,39.3,7-5-5,6,468,-4
2022/03/21,船橋,10,アクアマリンスプリントＢ３選抜馬ア,1200,ダ,左,稍重,曇,10,7,7,トルマリ,牝,8,54.0,458,-2,森泰斗,齊藤敏,,6,1:17.0,39.8,3-4-4,5,458,-2
2022/03/21,船橋,10,アクアマリンスプリントＢ３選抜馬ア,1200,ダ,左,稍重,曇,10,4,4,ホーカスポーカス,牡,7,56.0,422,-11,笠野雄,矢内博,,7,1:17.1,38.7,10-10-10,8,422,-11
2022/03/21,船橋,10,アクアマリンスプリントＢ３選抜馬ア,1200,ダ,左,稍重,曇,10,1,1,ニッチモサッチモ,セ,0,56.0,446,4,山中悠,伊藤滋,,8,1:17.4,39.6,8-9-9,9,446,4
2022/03/21,船橋,10,アクアマリンスプリントＢ３選抜馬ア,1200,ダ,左,稍重,曇,10,8,9,トーケンマコット,牝,5,54.0,425,-3,山本紀,山本学,,9,1:17.7,40.2,6-5-7,10,425,-3
2022/03/21,船橋,10,アクアマリンスプリントＢ３選抜馬ア,1200,ダ,左,稍重,曇,10,3,3,ニッポンダエモン,牡,7,56.0,535,-10,本田重,新井清,,10,1:18.5,41.0,4-5-6,2,535,-10
2022/03/21,船橋,11,花見月特別３歳一,1700,ダ,左,稍重,曇,14,4,6,ロマンスグレー,牡,3,56.0,532,-9,篠谷葵,林正人,,1,1:50.2,41.1,1-1-1-1,2,532,-9
2022/03/21,船橋,11,花見月特別３歳一,1700,ダ,左,稍重,曇,14,1,1,エスプリアンディ,牡,3,56.0,471,-15,今野忠,久保秀,,2,1:51.7,41.9,7-6-3-3,10,471,-15
2022/03/21,船橋,11,花見月特別３歳一,1700,ダ,左,稍重,曇,14,4,5,キャッスルブレイヴ,牡,3,57.0,472,5,西啓太,渋谷博,,3,1:51.7,41.7,8-9-6-4,11,472,5
2022/03/21,船橋,11,花見月特別３歳一,1700,ダ,左,稍重,曇,14,6,9,ミスターブラスト,牡,3,57.0,460,3,石崎駿,石井勝,,4,1:51.8,41.3,11-12-9-6,3,460,3
2022/03/21,船橋,11,花見月特別３歳一,1700,ダ,左,稍重,曇,14,5,7,フクノアルズ,牡,3,57.0,529,2,笠野雄,佐藤太,,5,1:52.4,42.9,2-2-2-2,1,529,2
2022/03/21,船橋,11,花見月特別３歳一,1700,ダ,左,稍重,曇,14,3,4,フレッシュグリーン,牡,3,57.0,436,-9,矢野貴,加藤誠,,6,1:53.0,42.5,12-11-10-8,5,436,-9
2022/03/21,船橋,11,花見月特別３歳一,1700,ダ,左,稍重,曇,14,7,11,デシジョン,牡,3,56.0,481,3,笹川翼,稲益貴,,7,1:53.2,43.2,10-8-7-5,4,481,3
2022/03/21,船橋,11,花見月特別３歳一,1700,ダ,左,稍重,曇,14,2,2,メイククラウドロア,牡,3,56.0,508,-3,本田重,川島一,,8,1:53.6,42.5,14-14-14-13,9,508,-3
2022/03/21,船橋,11,花見月特別３歳一,1700,ダ,左,稍重,曇,14,5,8,マイジュネス,牡,3,56.0,450,-3,酒井忍,山田信,,9,1:53.6,42.6,13-13-12-11,8,450,-3
2022/03/21,船橋,11,花見月特別３歳一,1700,ダ,左,稍重,曇,14,7,12,ドリームプリンス,牡,3,57.0,473,0,張田昂,張田京,,10,1:53.7,43.1,6-7-11-12,7,473,0
2022/03/21,船橋,11,花見月特別３歳一,1700,ダ,左,稍重,曇,14,3,3,ベターザンエヴァー,牡,3,56.0,465,-4,本橋孝,矢野義,,11,1:54.9,45.0,5-4-4-7,12,465,-4
2022/03/21,船橋,11,花見月特別３歳一,1700,ダ,左,稍重,曇,14,6,10,レティクル,牡,3,57.0,452,-2,山口達,林正人,,12,1:55.1,45.0,4-5-8-9,6,452,-2
2022/03/21,船橋,11,花見月特別３歳一,1700,ダ,左,稍重,曇,14,8,13,ウインフラッシュ,牡,3,56.0,468,1,藤本現,佐々功,,13,1:55.2,44.2,9-10-13-14,14,468,1
2022/03/21,船橋,11,花見月特別３歳一,1700,ダ,左,稍重,曇,14,8,14,ジュンハンス,牡,3,56.0,445,-3,櫻井光,小久智,,14,1:55.2,45.2,3-3-5-10,13,445,-3
2022/03/21,船橋,12,春分の日特別Ｂ３二,1600,ダ,左,稍重,曇,8,6,6,ツエンダー,牡,4,56.0,462,-3,張田昂,山崎尋,,1,1:44.6,40.1,3-3-2-2,2,462,-3
2022/03/21,船橋,12,春分の日特別Ｂ３二,1600,ダ,左,稍重,曇,8,2,2,サブルドール,牝,4,54.0,467,-9,本田重,山下之,,2,1:45.6,41.0,6-4-4-4,5,467,-9
2022/03/21,船橋,12,春分の日特別Ｂ３二,1600,ダ,左,稍重,曇,8,1,1,レオワントップ,牡,4,56.0,459,-12,石崎駿,岡林光,,3,1:45.9,41.5,1-1-1-1,3,459,-12
2022/03/21,船橋,12,春分の日特別Ｂ３二,1600,ダ,左,稍重,曇,8,3,3,アンダンテバイオ,牝,7,54.0,438,-5,岡村健,岡林光,,4,1:46.3,41.5,7-7-7-5,1,438,-5
2022/03/21,船橋,12,春分の日特別Ｂ３二,1600,ダ,左,稍重,曇,8,4,4,ビービービルダー,牡,4,55.0,469,-7,篠谷葵,武井和,,5,1:46.4,41.1,8-8-8-8,7,469,-7
2022/03/21,船橋,12,春分の日特別Ｂ３二,1600,ダ,左,稍重,曇,8,8,8,ディストピアーナ,牝,4,54.0,453,-3,西村栄,渋谷博,,6,1:46.4,41.8,5-6-5-3,6,453,-3
2022/03/21,船橋,12,春分の日特別Ｂ３二,1600,ダ,左,稍重,曇,8,5,5,アルファフレイム,牡,6,56.0,466,4,笹川翼,坂本昇,,7,1:48.4,43.6,4-5-6-7,4,466,4
2022/03/21,船橋,12,春分の日特別Ｂ３二,1600,ダ,左,稍重,曇,8,7,7,クレセントアーチ,牝,5,54.0,485,10,和田譲,齊藤敏,,8,1:49.4,44.9,2-2-3-6,8,485,10
2022/03/22,船橋,1,３歳五,1200,ダ,左,不良,雪,11,1,1,アルフィーノ,牝,3,54.0,444,-2,濱田達,川島一,,1,1:18.1,41.1,1-1-1,4,444,-2
2022/03/22,船橋,1,３歳五,1200,ダ,左,不良,雪,11,4,4,マーシテイクオン,牡,3,56.0,487,4,西村栄,矢野義,,2,1:18.8,41.6,5-3-3,1,487,4
2022/03/22,船橋,1,３歳五,1200,ダ,左,不良,雪,11,2,2,ミヤノトウショウ,牝,3,54.0,465,-1,本橋孝,石井勝,,3,1:19.5,42.4,2-2-2,6,465,-1
2022/03/22,船橋,1,３歳五,1200,ダ,左,不良,雪,11,3,3,ハンドデゴール,牝,3,54.0,487,-1,實川純,佐々功,,4,1:20.0,42.6,8-4-4,3,487,-1
2022/03/22,船橋,1,３歳五,1200,ダ,左,不良,雪,11,6,6,ハニーメモリー,牝,3,54.0,402,1,田中力,岡林光,,5,1:20.1,42.2,10-9-9,7,402,1
2022/03/22,船橋,1,３歳五,1200,ダ,左,不良,雪,11,7,8,グリジー,牡,3,56.0,436,-4,内田利,佐々功,,6,1:20.2,42.2,7-10-10,9,436,-4
2022/03/22,船橋,1,３歳五,1200,ダ,左,不良,雪,11,6,7,アカリラジアン,牝,3,54.0,498,3,笹川翼,川島一,,7,1:20.3,42.8,3-6-5,5,498,3
2022/03/22,船橋,1,３歳五,1200,ダ,左,不良,雪,11,7,9,タケデンシャイン,牝,3,54.0,395,-8,野澤憲,佐々清,,8,1:20.6,42.0,11-11-11,10,395,-8
2022/03/22,船橋,1,３歳五,1200,ダ,左,不良,雪,11,8,11,トーケンヒロイン,牝,3,54.0,481,0,山崎誠,山本学,,9,1:20.8,43.2,4-7-8,8,481,0
2022/03/22,船橋,1,３歳五,1200,ダ,左,不良,雪,11,5,5,プリンセスダーク,牝,3,54.0,438,3,高橋利,矢内博,,10,1:20.8,42.9,9-8-7,11,438,3
2022/03/22,船橋,1,３歳五,1200,ダ,左,不良,雪,11,8,10,ラブミーユナ,牝,3,54.0,429,13,森泰斗,新井清,,11,1:21.5,44.1,6-5-6,2,429,13
2022/03/22,船橋,2,３歳三 四,1200,ダ,左,不良,雪,12,8,12,メーテル,牝,3,54.0,444,3,本田重,川島一,,1,1:18.3,40.8,9-6-6,3,444,3
2022/03/22,船橋,2,３歳三 四,1200,ダ,左,不良,雪,12,5,6,カスミノコゲンタ,牡,3,56.0,492,11,張田昂,張田京,,2,1:18.4,41.2,5-3-3,2,492,11
2022/03/22,船橋,2,３歳三 四,1200,ダ,左,不良,雪,12,4,4,シュニッツラー,牝,3,53.0,464,-8,古岡勇,岩本洋,,3,1:18.8,40.3,10-12-11,7,464,-8
2022/03/22,船橋,2,３歳三 四,1200,ダ,左,不良,雪,12,7,10,サザンローズ,牝,3,50.0,435,-9,神尾香,河津裕,,4,1:19.0,41.5,4-7-5,4,435,-9
2022/03/22,船橋,2,３歳三 四,1200,ダ,左,不良,雪,12,8,11,シスターフッド,牝,3,54.0,452,-2,藤江渉,甲田悟,,5,1:19.0,41.6,7-4-4,10,452,-2
2022/03/22,船橋,2,３歳三 四,1200,ダ,左,不良,雪,12,3,3,シカテブクロ,牡,3,56.0,500,-14,橋本直,小久智,,6,1:19.0,42.0,1-2-2,5,500,-14
2022/03/22,船橋,2,３歳三 四,1200,ダ,左,不良,雪,12,2,2,シェナチチカカ,牝,3,54.0,376,-2,岡村裕,山田正,,7,1:19.3,41.1,6-10-12,12,376,-2
2022/03/22,船橋,2,３歳三 四,1200,ダ,左,不良,雪,12,5,5,エミーズミツオー,牡,3,55.0,456,17,篠谷葵,佐藤太,,8,1:19.8,42.0,12-8-7,6,456,17
2022/03/22,船橋,2,３歳三 四,1200,ダ,左,不良,雪,12,7,9,ダーラナホース,牝,3,51.0,445,3,木間龍,渋谷博,,9,1:19.8,41.3,11-11-9,9,445,3
2022/03/22,船橋,2,３歳三 四,1200,ダ,左,不良,雪,12,6,7,リーガルスピード,牝,3,54.0,435,-4,岡村健,岡林光,,10,1:20.7,42.5,8-9-10,8,435,-4
2022/03/22,船橋,2,３歳三 四,1200,ダ,左,不良,雪,12,1,1,トレメルヴェーユ,牝,3,54.0,454,-1,笹川翼,新井清,,11,1:23.0,46.0,2-1-1,1,454,-1
2022/03/22,船橋,2,３歳三 四,1200,ダ,左,不良,雪,12,6,8,サッポロジャンプ,牝,3,54.0,424,-7,山林信,田島寿,,12,1:23.0,45.6,3-5-8,11,424,-7
2022/03/22,船橋,3,Ｃ３選抜馬,1200,ダ,左,不良,雪,11,5,5,デンジャーマン,牡,4,56.0,431,-4,森泰斗,加藤誠,,1,1:17.4,39.5,7-6-6,3,431,-4
2022/03/22,船橋,3,Ｃ３選抜馬,1200,ダ,左,不良,雪,11,8,10,シルヴェスター,牡,4,56.0,518,20,西村栄,阿井正,,2,1:17.4,39.9,5-5-4,7,518,20
2022/03/22,船橋,3,Ｃ３選抜馬,1200,ダ,左,不良,雪,11,4,4,タイキマイスター,牡,6,56.0,476,-9,山崎誠,玉井昇,,3,1:17.6,39.3,10-8-7,6,476,-9
2022/03/22,船橋,3,Ｃ３選抜馬,1200,ダ,左,不良,雪,11,7,8,キタノサスピション,牝,4,54.0,438,-6,矢野貴,稲益貴,,4,1:17.8,40.5,4-3-3,1,438,-6
2022/03/22,船橋,3,Ｃ３選抜馬,1200,ダ,左,不良,雪,11,1,1,ホロシリダケ,セ,0,56.0,472,0,内田利,野口孝,,5,1:18.1,40.8,3-4-5,10,472,0
2022/03/22,船橋,3,Ｃ３選抜馬,1200,ダ,左,不良,雪,11,6,7,トップシンデレラ,牝,4,54.0,453,-2,小杉亮,矢内博,,6,1:18.6,41.5,2-2-2,4,453,-2
2022/03/22,船橋,3,Ｃ３選抜馬,1200,ダ,左,不良,雪,11,8,11,ビービーファブル,牡,5,56.0,469,5,本橋孝,新井清,,7,1:19.0,41.0,8-7-8,2,469,5
2022/03/22,船橋,3,Ｃ３選抜馬,1200,ダ,左,不良,雪,11,3,3,マリンタカチエフミ,牝,4,54.0,460,-3,福原杏,齊藤敏,,8,1:19.9,41.6,9-9-9,9,460,-3
2022/03/22,船橋,3,Ｃ３選抜馬,1200,ダ,左,不良,雪,11,6,6,スカイチェイサー,牡,5,56.0,466,-9,臼井健,凾館一,,9,1:20.0,41.3,11-11-10,8,466,-9
2022/03/22,船橋,3,Ｃ３選抜馬,1200,ダ,左,不良,雪,11,7,9,サファイアライト,牝,4,54.0,427,-4,半澤慶,平山真,,10,1:20.8,42.3,6-10-11,11,427,-4
2022/03/22,船橋,3,Ｃ３選抜馬,1200,ダ,左,不良,雪,11,2,2,トゥルカナ,牡,4,56.0,508,3,藤江渉,平田正,,11,1:22.1,45.2,1-1-1,5,508,3
2022/03/22,船橋,4,３歳三 四,1500,ダ,左,不良,曇,12,8,12,エスケントバゴ,牡,3,56.0,463,0,笹川翼,新井清,,1,1:39.3,40.9,8-8-9-8,7,463,0
2022/03/22,船橋,4,３歳三 四,1500,ダ,左,不良,曇,12,5,6,プレストレーヌ,牝,3,54.0,445,-2,川島正,山下之,,2,1:39.4,41.7,1-1-1-1,8,445,-2
2022/03/22,船橋,4,３歳三 四,1500,ダ,左,不良,曇,12,8,11,グリューフィア,セ,0,56.0,499,-1,石崎駿,米谷康,,3,1:39.4,41.2,5-6-4-6,1,499,-1
2022/03/22,船橋,4,３歳三 四,1500,ダ,左,不良,曇,12,7,10,エクレールスカイ,牡,3,56.0,423,-2,山口達,林正人,,4,1:39.5,41.1,10-10-7-7,3,423,-2
2022/03/22,船橋,4,３歳三 四,1500,ダ,左,不良,曇,12,3,3,アンビシャスサルー,牡,3,53.0,506,-8,木間龍,川島一,,5,1:39.9,41.7,6-5-5-5,9,506,-8
2022/03/22,船橋,4,３歳三 四,1500,ダ,左,不良,曇,12,6,8,オニクダイスキマン,牡,3,56.0,409,-3,濱田達,佐々功,,6,1:40.1,42.2,2-2-2-2,11,409,-3
2022/03/22,船橋,4,３歳三 四,1500,ダ,左,不良,曇,12,5,5,ワイジーチャンプ,牡,3,56.0,477,-5,本田重,坂本昇,,7,1:40.4,42.0,7-7-8-9,2,477,-5
2022/03/22,船橋,4,３歳三 四,1500,ダ,左,不良,曇,12,6,7,トランポリン,牡,3,56.0,533,1,本橋孝,矢野義,,8,1:41.0,41.9,9-9-11-11,5,533,1
2022/03/22,船橋,4,３歳三 四,1500,ダ,左,不良,曇,12,4,4,ヴァネロペ,牝,3,53.0,453,-15,篠谷葵,林正人,,9,1:41.0,42.1,11-11-10-10,4,453,-15
2022/03/22,船橋,4,３歳三 四,1500,ダ,左,不良,曇,12,7,9,ノブオートーケン,牡,3,56.0,453,6,山崎誠,山本学,,10,1:41.3,43.4,3-3-3-3,10,453,6
2022/03/22,船橋,4,３歳三 四,1500,ダ,左,不良,曇,12,2,2,エクスプローラー,牡,3,56.0,458,-3,張田昂,張田京,,11,1:41.4,43.2,4-4-6-4,6,458,-3
2022/03/22,船橋,4,３歳三 四,1500,ダ,左,不良,曇,12,1,1,バルストライク,牡,3,56.0,0,0,和田譲,矢内博,,,,,,,0,0
2022/03/22,船橋,5,Ｃ２二 三,1500,ダ,左,不良,曇,12,6,8,モニュメントキング,牡,6,56.0,514,-3,和田譲,新井清,,1,1:37.4,41.1,2-2-2-1,1,514,-3
2022/03/22,船橋,5,Ｃ２二 三,1500,ダ,左,不良,曇,12,3,3,デイスター,牡,5,56.0,448,-2,山崎誠,玉井昇,,2,1:38.3,42.0,1-1-1-2,5,448,-2
2022/03/22,船橋,5,Ｃ２二 三,1500,ダ,左,不良,曇,12,5,5,シャドウモノリス,牡,4,56.0,505,0,笹川翼,佐藤太,,3,1:38.4,41.5,5-5-4-4,4,505,0
2022/03/22,船橋,5,Ｃ２二 三,1500,ダ,左,不良,曇,12,7,10,ベルロビン,牝,6,54.0,509,14,森泰斗,佐藤太,,4,1:38.7,42.2,3-3-3-3,3,509,14
2022/03/22,船橋,5,Ｃ２二 三,1500,ダ,左,不良,曇,12,5,6,フロントフリップ,牡,5,56.0,519,2,本田重,米谷康,,5,1:38.9,41.5,6-6-7-5,8,519,2
2022/03/22,船橋,5,Ｃ２二 三,1500,ダ,左,不良,曇,12,7,9,セイショウパイロ,牡,5,56.0,477,4,矢野貴,米谷康,,6,1:39.1,40.6,9-10-9-9,2,477,4
2022/03/22,船橋,5,Ｃ２二 三,1500,ダ,左,不良,曇,12,8,12,アミスタ,牝,4,54.0,479,1,藤本現,齊藤敏,,7,1:39.2,41.2,11-9-8-7,9,479,1
2022/03/22,船橋,5,Ｃ２二 三,1500,ダ,左,不良,曇,12,2,2,セークレートゥム,牡,7,56.0,452,-20,酒井忍,矢野義,,8,1:39.8,41.3,7-8-10-10,7,452,-20
2022/03/22,船橋,5,Ｃ２二 三,1500,ダ,左,不良,曇,12,4,4,ショウキ,牡,4,55.0,438,3,池谷匠,甲田悟,,9,1:39.8,40.8,10-11-11-11,11,438,3
2022/03/22,船橋,5,Ｃ２二 三,1500,ダ,左,不良,曇,12,6,7,トリニタリアニズム,牡,4,56.0,535,6,町田直,山田信,,10,1:39.9,42.6,8-7-6-6,6,535,6
2022/03/22,船橋,5,Ｃ２二 三,1500,ダ,左,不良,曇,12,8,11,ヒラボククイーン,牝,5,54.0,456,-5,柿本量,渋谷博,,11,1:42.0,42.7,12-12-12-12,12,456,-5
2022/03/22,船橋,5,Ｃ２二 三,1500,ダ,左,不良,曇,12,1,1,コスモクウ,牡,5,56.0,498,0,岡村健,米谷康,,12,1:42.5,45.4,4-4-5-8,10,498,0
2022/03/22,船橋,6,Ｃ２二 三,1200,ダ,左,不良,曇,12,7,10,サンドジョーカー,牡,5,56.0,521,-1,森泰斗,新井清,,1,1:16.5,39.5,6-5-4,1,521,-1
2022/03/22,船橋,6,Ｃ２二 三,1200,ダ,左,不良,曇,12,2,2,トップフェイス,セ,0,55.0,473,-7,古岡勇,林　幻,,2,1:17.4,40.2,4-7-6,4,473,-7
2022/03/22,船橋,6,Ｃ２二 三,1200,ダ,左,不良,曇,12,5,5,エメラルディ,牝,5,54.0,487,-7,福原杏,齊藤敏,,3,1:17.5,40.8,2-2-1,5,487,-7
2022/03/22,船橋,6,Ｃ２二 三,1200,ダ,左,不良,曇,12,5,6,ガクチカキッズ,牡,8,56.0,478,-6,山口達,玉井勝,,4,1:17.5,39.5,9-11-11,12,478,-6
2022/03/22,船橋,6,Ｃ２二 三,1200,ダ,左,不良,曇,12,8,12,クリスリターン,セ,0,56.0,468,-8,笹川翼,岡林光,,5,1:17.5,40.6,3-3-3,3,468,-8
2022/03/22,船橋,6,Ｃ２二 三,1200,ダ,左,不良,曇,12,6,8,シゲルブイン,牡,4,56.0,462,-11,伊藤裕,鈴木義,,6,1:17.9,40.4,10-9-8,9,462,-11
2022/03/22,船橋,6,Ｃ２二 三,1200,ダ,左,不良,曇,12,1,1,エスカレーション,牝,5,54.0,490,0,藤本現,田島寿,,7,1:18.0,40.2,11-10-10,6,490,0
2022/03/22,船橋,6,Ｃ２二 三,1200,ダ,左,不良,曇,12,4,4,レオズソーダライト,牝,6,54.0,473,-2,笠野雄,平山真,,8,1:18.7,42.0,1-1-2,11,473,-2
2022/03/22,船橋,6,Ｃ２二 三,1200,ダ,左,不良,曇,12,6,7,リュウノケンシン,牡,4,56.0,533,7,濱田達,齊藤敏,,9,1:18.8,41.3,8-8-9,10,533,7
2022/03/22,船橋,6,Ｃ２二 三,1200,ダ,左,不良,曇,12,7,9,ノアブラック,セ,0,56.0,429,-8,藤江渉,武井和,,10,1:18.8,40.4,12-12-12,7,429,-8
2022/03/22,船橋,6,Ｃ２二 三,1200,ダ,左,不良,曇,12,3,3,オープンワールド,牡,4,56.0,492,-6,本橋孝,渡邊貴,,11,1:19.8,42.8,5-4-5,8,492,-6
2022/03/22,船橋,6,Ｃ２二 三,1200,ダ,左,不良,曇,12,8,11,ツキマデトドケ,牡,5,56.0,520,10,和田譲,伊藤滋,,12,1:20.3,43.3,7-6-7,2,520,10
2022/03/22,船橋,7,馬い！甘い！あやの新タマネギ食べてやＣ２,1200,ダ,左,不良,小雨,12,6,8,フルミント,牝,5,54.0,504,3,山崎誠,米谷康,,1,1:16.3,38.9,11-10-9,2,504,3
2022/03/22,船橋,7,馬い！甘い！あやの新タマネギ食べてやＣ２,1200,ダ,左,不良,小雨,12,5,6,エターナルルビー,牝,4,54.0,443,-4,和田譲,坂本昇,,2,1:17.1,40.0,8-8-6,7,443,-4
2022/03/22,船橋,7,馬い！甘い！あやの新タマネギ食べてやＣ２,1200,ダ,左,不良,小雨,12,5,5,カンパニリズモ,セ,0,56.0,489,-8,笹川翼,岡林光,,3,1:17.5,40.6,5-7-8,8,489,-8
2022/03/22,船橋,7,馬い！甘い！あやの新タマネギ食べてやＣ２,1200,ダ,左,不良,小雨,12,8,11,ヴィンチェンツァ,セ,0,56.0,533,-7,笠野雄,山中尊,,4,1:17.5,39.8,10-11-12,11,533,-7
2022/03/22,船橋,7,馬い！甘い！あやの新タマネギ食べてやＣ２,1200,ダ,左,不良,小雨,12,2,2,ユイノムサシ,牡,6,56.0,472,0,矢野貴,林　幻,,5,1:17.5,41.2,1-2-1,3,472,0
2022/03/22,船橋,7,馬い！甘い！あやの新タマネギ食べてやＣ２,1200,ダ,左,不良,小雨,12,8,12,アラベスクパンシェ,牝,4,54.0,484,1,野澤憲,佐々清,,6,1:17.7,41.3,3-3-2,5,484,1
2022/03/22,船橋,7,馬い！甘い！あやの新タマネギ食べてやＣ２,1200,ダ,左,不良,小雨,12,6,7,ナインゲーツ,牡,4,56.0,488,-5,張田昂,川島一,,7,1:17.8,40.1,12-12-11,10,488,-5
2022/03/22,船橋,7,馬い！甘い！あやの新タマネギ食べてやＣ２,1200,ダ,左,不良,小雨,12,7,9,フェアリートレイル,牝,4,54.0,469,2,森泰斗,齊藤敏,,8,1:18.3,41.6,4-4-5,4,469,2
2022/03/22,船橋,7,馬い！甘い！あやの新タマネギ食べてやＣ２,1200,ダ,左,不良,小雨,12,4,4,フォースウィズユー,牝,4,53.0,534,-8,篠谷葵,山田信,,9,1:18.6,41.9,7-5-3,6,534,-8
2022/03/22,船橋,7,馬い！甘い！あやの新タマネギ食べてやＣ２,1200,ダ,左,不良,小雨,12,7,10,シーオブクラウズ,牡,4,56.0,493,19,川島正,山田信,,10,1:19.3,42.6,6-6-7,9,493,19
2022/03/22,船橋,7,馬い！甘い！あやの新タマネギ食べてやＣ２,1200,ダ,左,不良,小雨,12,3,3,キョウエイオビエド,牡,7,56.0,467,-5,實川純,佐々功,,11,1:19.4,42.2,9-9-10,12,467,-5
2022/03/22,船橋,7,馬い！甘い！あやの新タマネギ食べてやＣ２,1200,ダ,左,不良,小雨,12,1,1,ネージュフレーズ,牝,7,54.0,448,-2,本田重,渡邊貴,,12,1:20.9,44.6,2-1-4,1,448,-2
2022/03/22,船橋,8,マーチスプリントＢ３選抜馬イ,1200,ダ,左,不良,小雨,9,6,6,ノーザンヴィグラス,牡,5,56.0,521,1,森泰斗,佐藤太,,1,1:15.6,38.0,2-2-2,1,521,1
2022/03/22,船橋,8,マーチスプリントＢ３選抜馬イ,1200,ダ,左,不良,小雨,9,4,4,トーケンリュウ,牡,4,56.0,499,1,山崎誠,山本学,,2,1:15.6,38.4,1-1-1,2,499,1
2022/03/22,船橋,8,マーチスプリントＢ３選抜馬イ,1200,ダ,左,不良,小雨,9,7,7,マイシップ,牡,7,56.0,473,-7,西村栄,矢野義,,3,1:16.5,38.3,8-8-8,6,473,-7
2022/03/22,船橋,8,マーチスプリントＢ３選抜馬イ,1200,ダ,左,不良,小雨,9,5,5,マッドアイ,牝,7,54.0,455,2,本橋孝,山中尊,,4,1:16.8,38.8,7-7-6,5,455,2
2022/03/22,船橋,8,マーチスプリントＢ３選抜馬イ,1200,ダ,左,不良,小雨,9,2,2,レオンベルガー,セ,0,56.0,480,-6,町田直,鈴木義,,5,1:17.0,39.4,4-4-4,7,480,-6
2022/03/22,船橋,8,マーチスプリントＢ３選抜馬イ,1200,ダ,左,不良,小雨,9,8,9,ダバイラードゥガ,牝,4,54.0,461,2,矢野貴,坂本昇,,6,1:17.0,39.4,3-3-3,3,461,2
2022/03/22,船橋,8,マーチスプリントＢ３選抜馬イ,1200,ダ,左,不良,小雨,9,8,8,ノートゥルレーヴ,牝,7,54.0,490,-5,本田重,出川克,,7,1:17.5,39.7,6-6-5,4,490,-5
2022/03/22,船橋,8,マーチスプリントＢ３選抜馬イ,1200,ダ,左,不良,小雨,9,1,1,ボウトロイ,牡,4,56.0,518,-5,石崎駿,岩本洋,,8,1:17.6,39.0,9-9-9,8,518,-5
2022/03/22,船橋,8,マーチスプリントＢ３選抜馬イ,1200,ダ,左,不良,小雨,9,3,3,トミケンエンデレア,セ,0,56.0,498,1,橋本直,齊藤敏,,9,1:17.8,40.0,5-5-7,9,498,1
2022/03/22,船橋,9,桜月特別Ｂ２,1600,ダ,左,不良,小雨,11,7,9,テイクアターン,牡,4,55.0,503,-4,篠谷葵,山田信,,1,1:44.0,39.6,9-9-7-5,4,503,-4
2022/03/22,船橋,9,桜月特別Ｂ２,1600,ダ,左,不良,小雨,11,6,7,イスモイルテソーロ,牡,6,56.0,491,-4,矢野貴,玉井昇,,2,1:44.2,40.0,4-4-5-4,1,491,-4
2022/03/22,船橋,9,桜月特別Ｂ２,1600,ダ,左,不良,小雨,11,8,11,ハピネスマインド,牝,4,54.0,435,-1,本田重,矢内博,,3,1:44.2,40.2,3-3-3-3,2,435,-1
2022/03/22,船橋,9,桜月特別Ｂ２,1600,ダ,左,不良,小雨,11,4,4,トゥモローアンセム,セ,0,56.0,466,2,張田昂,張田京,,4,1:44.3,40.5,2-1-1-1,3,466,2
2022/03/22,船橋,9,桜月特別Ｂ２,1600,ダ,左,不良,小雨,11,3,3,フェリスアロー,牡,8,56.0,507,-1,山口達,林正人,,5,1:44.3,39.6,8-8-9-9,7,507,-1
2022/03/22,船橋,9,桜月特別Ｂ２,1600,ダ,左,不良,小雨,11,6,6,スズノチェルシー,牡,6,56.0,462,-8,臼井健,山中尊,,6,1:44.8,40.6,7-7-6-6,10,462,-8
2022/03/22,船橋,9,桜月特別Ｂ２,1600,ダ,左,不良,小雨,11,5,5,マイネルテナシャス,牡,5,56.0,492,-5,石崎駿,坂本昇,,7,1:44.8,39.7,11-10-10-10,9,492,-5
2022/03/22,船橋,9,桜月特別Ｂ２,1600,ダ,左,不良,小雨,11,1,1,サクセッサー,牡,6,56.0,513,2,小杉亮,矢野義,,8,1:44.9,40.5,5-5-8-8,5,513,2
2022/03/22,船橋,9,桜月特別Ｂ２,1600,ダ,左,不良,小雨,11,7,8,アドマイヤプリヴ,セ,0,53.0,454,-1,木間龍,川島一,,9,1:45.5,41.7,1-2-2-2,6,454,-1
2022/03/22,船橋,9,桜月特別Ｂ２,1600,ダ,左,不良,小雨,11,8,10,グッドヘルスバイオ,牡,6,56.0,485,-1,岡村健,新井清,,10,1:45.5,41.3,6-6-4-7,8,485,-1
2022/03/22,船橋,9,桜月特別Ｂ２,1600,ダ,左,不良,小雨,11,2,2,リセット,セ,0,56.0,476,3,仲野光,玉井等,,11,1:46.0,40.3,10-11-11-11,11,476,3
2022/03/22,船橋,10,牡羊座賞Ｃ３選抜馬,1800,ダ,左,不良,小雨,11,8,10,シズヨシ,牡,4,56.0,510,3,矢野貴,加藤誠,,1,1:59.4,39.8,2-2-2-1,1,510,3
2022/03/22,船橋,10,牡羊座賞Ｃ３選抜馬,1800,ダ,左,不良,小雨,11,7,9,ピーチキング,セ,0,56.0,438,9,本田重,山下之,,2,1:59.8,39.9,4-5-4-2,2,438,9
2022/03/22,船橋,10,牡羊座賞Ｃ３選抜馬,1800,ダ,左,不良,小雨,11,7,8,アーバンブラック,牡,7,56.0,468,-9,山崎誠,平山真,,3,2:01.3,41.0,7-7-5-5,3,468,-9
2022/03/22,船橋,10,牡羊座賞Ｃ３選抜馬,1800,ダ,左,不良,小雨,11,5,5,グローリーエックス,セ,0,56.0,511,-7,山中悠,伊藤滋,,4,2:01.6,42.0,1-1-1-3,4,511,-7
2022/03/22,船橋,10,牡羊座賞Ｃ３選抜馬,1800,ダ,左,不良,小雨,11,4,4,スプリットエス,牡,8,56.0,506,1,櫻井光,小久智,,5,2:01.8,41.5,5-6-5-6,8,506,1
2022/03/22,船橋,10,牡羊座賞Ｃ３選抜馬,1800,ダ,左,不良,小雨,11,8,11,アイスバーグアリー,牝,6,54.0,436,-4,岡村健,平山真,,6,2:02.2,42.5,3-3-3-4,10,436,-4
2022/03/22,船橋,10,牡羊座賞Ｃ３選抜馬,1800,ダ,左,不良,小雨,11,6,6,プリュイ,牡,4,53.0,414,2,木間龍,矢野義,,7,2:02.3,41.4,11-11-10-10,7,414,2
2022/03/22,船橋,10,牡羊座賞Ｃ３選抜馬,1800,ダ,左,不良,小雨,11,2,2,ポイズンピル,牡,7,56.0,463,-9,岡田大,牛房榮,,8,2:02.4,41.5,10-10-11-9,11,463,-9
2022/03/22,船橋,10,牡羊座賞Ｃ３選抜馬,1800,ダ,左,不良,小雨,11,3,3,クリスタルローレル,牡,4,56.0,476,-9,町田直,山崎尋,,9,2:02.5,42.2,6-4-7-7,6,476,-9
2022/03/22,船橋,10,牡羊座賞Ｃ３選抜馬,1800,ダ,左,不良,小雨,11,6,7,スタニングビスタ,牝,5,54.0,462,-2,張田昂,岡林光,,10,2:03.4,42.9,8-8-8-8,5,462,-2
2022/03/22,船橋,10,牡羊座賞Ｃ３選抜馬,1800,ダ,左,不良,小雨,11,1,1,レッドシャドー,牡,5,56.0,474,-7,岡村裕,佐藤博,,11,2:04.6,43.8,9-9-9-11,9,474,-7
2022/03/22,船橋,11,早春賞Ａ２,1600,ダ,左,不良,小雨,12,6,7,ギャルダル,牡,4,56.0,495,3,矢野貴,川島一,,1,1:43.0,39.0,6-6-6-5,4,495,3
2022/03/22,船橋,11,早春賞Ａ２,1600,ダ,左,不良,小雨,12,4,4,ゴールドブラッド,牡,8,56.0,519,7,町田直,林正人,,2,1:43.1,39.7,2-2-2-2,5,519,7
2022/03/22,船橋,11,早春賞Ａ２,1600,ダ,左,不良,小雨,12,7,10,ゴーマイウェイ,牡,6,56.0,512,-2,藤本現,佐々功,,3,1:43.3,39.6,5-5-4-3,3,512,-2
2022/03/22,船橋,11,早春賞Ａ２,1600,ダ,左,不良,小雨,12,1,1,コマビショウ,牡,7,56.0,489,1,本橋孝,石井勝,,4,1:43.5,38.9,10-10-8-7,6,489,1
2022/03/22,船橋,11,早春賞Ａ２,1600,ダ,左,不良,小雨,12,5,5,グランコージー,牡,5,56.0,527,1,本田重,坂本昇,,5,1:43.5,40.1,1-1-1-1,2,527,1
2022/03/22,船橋,11,早春賞Ａ２,1600,ダ,左,不良,小雨,12,5,6,アギト,牡,6,56.0,494,-4,山口達,小久智,,6,1:44.1,39.3,8-9-10-11,9,494,-4
2022/03/22,船橋,11,早春賞Ａ２,1600,ダ,左,不良,小雨,12,8,12,フレアリングダイヤ,牡,7,56.0,492,-7,内田利,藤原智,,7,1:44.1,39.5,7-7-9-8,12,492,-7
2022/03/22,船橋,11,早春賞Ａ２,1600,ダ,左,不良,小雨,12,6,8,ブラヴール,牡,5,56.0,491,-7,石崎駿,佐藤太,,8,1:44.2,39.1,12-12-11-10,1,491,-7
2022/03/22,船橋,11,早春賞Ａ２,1600,ダ,左,不良,小雨,12,2,2,イリオン,牡,7,56.0,462,-4,森泰斗,渡邊貴,,9,1:44.6,39.3,11-11-12-12,8,462,-4
2022/03/22,船橋,11,早春賞Ａ２,1600,ダ,左,不良,小雨,12,8,11,ユニバーサルライト,セ,0,56.0,459,-5,笹川翼,佐藤太,,10,1:45.0,41.5,3-3-3-4,10,459,-5
2022/03/22,船橋,11,早春賞Ａ２,1600,ダ,左,不良,小雨,12,7,9,ネイビーブルー,牡,9,55.0,518,-2,篠谷葵,村上頼,,11,1:48.8,44.3,9-8-7-9,11,518,-2
2022/03/22,船橋,11,早春賞Ａ２,1600,ダ,左,不良,小雨,12,3,3,カレンカカ,牡,8,56.0,512,-3,張田昂,岡林光,,12,1:49.5,45.8,4-4-5-6,7,512,-3
2022/03/22,船橋,12,春疾風２２００Ｃ２選抜馬ア,2200,ダ,左,不良,小雨,12,7,10,ベルウッドアサヒ,牡,5,56.0,466,1,矢野貴,石井勝,,1,2:30.0,41.3,2-2-2-2,1,466,1
2022/03/22,船橋,12,春疾風２２００Ｃ２選抜馬ア,2200,ダ,左,不良,小雨,12,3,3,テンポラーレ,牡,4,56.0,508,-2,達城龍,山中尊,,2,2:31.5,41.6,10-8-7-6,9,508,-2
2022/03/22,船橋,12,春疾風２２００Ｃ２選抜馬ア,2200,ダ,左,不良,小雨,12,5,6,イッツオン,牡,5,56.0,501,-3,酒井忍,矢野義,,3,2:31.7,43.0,1-1-1-1,3,501,-3
2022/03/22,船橋,12,春疾風２２００Ｃ２選抜馬ア,2200,ダ,左,不良,小雨,12,7,9,ルルド,セ,0,56.0,427,-7,橋本直,平山真,,4,2:31.8,41.7,5-6-8-9,8,427,-7
2022/03/22,船橋,12,春疾風２２００Ｃ２選抜馬ア,2200,ダ,左,不良,小雨,12,5,5,ルフレシャンス,牝,6,54.0,461,6,森泰斗,佐々清,,5,2:31.9,42.8,7-5-4-3,2,461,6
2022/03/22,船橋,12,春疾風２２００Ｃ２選抜馬ア,2200,ダ,左,不良,小雨,12,6,7,ヴィヤンシーコ,牡,7,55.0,461,1,篠谷葵,林正人,,6,2:32.4,42.1,11-11-10-8,4,461,1
2022/03/22,船橋,12,春疾風２２００Ｃ２選抜馬ア,2200,ダ,左,不良,小雨,12,8,11,アルマス,牡,5,55.0,403,-5,古岡勇,古澤悟,,7,2:32.5,42.4,8-10-9-10,6,403,-5
2022/03/22,船橋,12,春疾風２２００Ｃ２選抜馬ア,2200,ダ,左,不良,小雨,12,2,2,ニシノブライアント,牡,4,56.0,461,-2,臼井健,渋谷博,,8,2:32.9,43.2,9-9-6-7,7,461,-2
2022/03/22,船橋,12,春疾風２２００Ｃ２選抜馬ア,2200,ダ,左,不良,小雨,12,1,1,シャトン,牝,5,54.0,464,-9,伊藤裕,林隆之,,9,2:33.2,43.7,6-4-5-5,11,464,-9
2022/03/22,船橋,12,春疾風２２００Ｃ２選抜馬ア,2200,ダ,左,不良,小雨,12,6,8,ラムダ,牡,4,56.0,482,-1,藤江渉,平田正,,10,2:33.3,44.3,3-3-3-4,5,482,-1
2022/03/22,船橋,12,春疾風２２００Ｃ２選抜馬ア,2200,ダ,左,不良,小雨,12,4,4,インヴィジブル,牡,9,56.0,464,-1,仲野光,玉井勝,,11,2:34.0,43.2,4-7-11-11,10,464,-1
2022/03/22,船橋,12,春疾風２２００Ｃ２選抜馬ア,2200,ダ,左,不良,小雨,12,8,12,ラヴィテスミラノ,牡,4,56.0,495,5,山口達,宮下靖,,12,2:34.1,42.7,12-12-12-12,12,495,5
2022/03/23,船橋,1,Ｃ３六 七,1200,ダ,左,不良,晴,10,4,4,イソエイヒカリ,牡,4,56.0,509,4,伊藤裕,鈴木義,,1,1:17.3,39.5,4-4-5,2,509,4
2022/03/23,船橋,1,Ｃ３六 七,1200,ダ,左,不良,晴,10,2,2,バジガクエブリン,牝,4,54.0,463,-3,濱田達,山中尊,,2,1:17.4,40.0,1-2-1,10,463,-3
2022/03/23,船橋,1,Ｃ３六 七,1200,ダ,左,不良,晴,10,7,8,リテラチュア,牝,4,54.0,413,4,張田昂,林　幻,,3,1:17.4,39.5,7-7-7,1,413,4
2022/03/23,船橋,1,Ｃ３六 七,1200,ダ,左,不良,晴,10,8,9,チェリーブロード,牝,4,54.0,410,9,臼井健,渋谷博,,4,1:18.2,40.2,10-8-8,6,410,9
2022/03/23,船橋,1,Ｃ３六 七,1200,ダ,左,不良,晴,10,5,5,シントーアキラ,セ,0,56.0,411,-1,實川純,林　幻,,5,1:18.2,40.4,6-5-4,8,411,-1
2022/03/23,船橋,1,Ｃ３六 七,1200,ダ,左,不良,晴,10,7,7,ペキノワ,牝,7,54.0,465,3,和田譲,新井清,,6,1:18.9,41.1,5-6-6,3,465,3
2022/03/23,船橋,1,Ｃ３六 七,1200,ダ,左,不良,晴,10,8,10,クオーレカルド,牝,7,54.0,435,2,岡村健,渡邊貴,,7,1:19.0,41.4,3-3-3,7,435,2
2022/03/23,船橋,1,Ｃ３六 七,1200,ダ,左,不良,晴,10,3,3,テッサリア,牝,4,53.0,428,-15,古岡勇,林　幻,,8,1:19.9,41.6,9-10-10,9,428,-15
2022/03/23,船橋,1,Ｃ３六 七,1200,ダ,左,不良,晴,10,6,6,ゴールドパラダイス,牝,6,54.0,516,-4,山口達,林正人,,9,1:20.7,42.6,8-9-9,5,516,-4
2022/03/23,船橋,1,Ｃ３六 七,1200,ダ,左,不良,晴,10,1,1,ハルモニア,牝,4,54.0,431,4,本田重,新井清,,10,1:20.9,43.5,2-1-2,4,431,4
2022/03/23,船橋,2,Ｃ３六 七,1500,ダ,左,不良,晴,12,5,6,モエレレジェンド,牡,6,56.0,483,-3,和田譲,齊藤敏,,1,1:38.9,40.1,12-12-10-7,7,483,-3
2022/03/23,船橋,2,Ｃ３六 七,1500,ダ,左,不良,晴,12,3,3,ディープシーブルー,牡,5,56.0,442,7,山本紀,山本学,,2,1:39.3,41.9,1-1-1-1,8,442,7
2022/03/23,船橋,2,Ｃ３六 七,1500,ダ,左,不良,晴,12,4,4,エメラルストロング,牝,7,54.0,457,-2,本橋孝,石井勝,,3,1:39.4,40.9,10-10-8-8,5,457,-2
2022/03/23,船橋,2,Ｃ３六 七,1500,ダ,左,不良,晴,12,8,11,シークレットギア,牡,4,56.0,484,0,吉留孝,薮口一,,4,1:39.8,42.2,4-4-4-2,9,484,0
2022/03/23,船橋,2,Ｃ３六 七,1500,ダ,左,不良,晴,12,6,8,ブラウンザウバー,牡,4,56.0,479,0,矢野貴,岡林光,,5,1:40.1,42.3,7-6-5-5,3,479,0
2022/03/23,船橋,2,Ｃ３六 七,1500,ダ,左,不良,晴,12,5,5,ピクシーズパラソル,牝,4,54.0,466,-9,半澤慶,海馬司,,6,1:40.2,42.7,3-2-2-3,6,466,-9
2022/03/23,船橋,2,Ｃ３六 七,1500,ダ,左,不良,晴,12,8,12,イチリュウマンバイ,牡,5,56.0,489,-3,中越琉,山崎尋,,7,1:40.8,41.7,11-11-12-10,4,489,-3
2022/03/23,船橋,2,Ｃ３六 七,1500,ダ,左,不良,晴,12,1,1,テンカウント,牡,5,56.0,513,6,伊藤裕,加藤誠,,8,1:40.9,43.1,5-5-6-6,11,513,6
2022/03/23,船橋,2,Ｃ３六 七,1500,ダ,左,不良,晴,12,7,9,エムチャン,牝,6,54.0,390,0,臼井健,凾館一,,9,1:40.9,42.7,8-7-7-9,10,390,0
2022/03/23,船橋,2,Ｃ３六 七,1500,ダ,左,不良,晴,12,2,2,ビドウ,牝,7,50.0,421,-3,神尾香,渋谷博,,10,1:42.2,43.4,9-9-11-12,12,421,-3
2022/03/23,船橋,2,Ｃ３六 七,1500,ダ,左,不良,晴,12,7,10,バジェットライン,牝,4,54.0,531,7,山崎誠,玉井昇,,11,1:42.5,43.9,6-8-9-11,2,531,7
2022/03/23,船橋,2,Ｃ３六 七,1500,ダ,左,不良,晴,12,6,7,カラーオブウィンド,セ,0,56.0,481,-2,川島正,佐藤太,,12,1:43.2,45.6,2-3-3-4,1,481,-2
2022/03/23,船橋,3,Ｃ２六 七,1500,ダ,左,不良,晴,12,8,11,ジュンモユル,牡,7,56.0,531,11,今野忠,張田京,,1,1:38.0,38.8,7-7-5-4,1,531,11
2022/03/23,船橋,3,Ｃ２六 七,1500,ダ,左,不良,晴,12,3,3,ブッカープライズ,牡,4,56.0,436,-3,本田重,川島一,,2,1:38.2,38.8,6-6-6-5,3,436,-3
2022/03/23,船橋,3,Ｃ２六 七,1500,ダ,左,不良,晴,12,7,10,パークフォンテン,牝,5,54.0,446,-4,山口達,波多健,,3,1:38.2,38.4,10-10-9-7,5,446,-4
2022/03/23,船橋,3,Ｃ２六 七,1500,ダ,左,不良,晴,12,5,5,ドルチェヴィータ,牝,4,51.0,427,4,木間龍,米谷康,,4,1:39.2,40.4,2-2-2-3,7,427,4
2022/03/23,船橋,3,Ｃ２六 七,1500,ダ,左,不良,晴,12,4,4,モリデンリハク,牝,4,54.0,475,-2,笹川翼,坂本昇,,5,1:39.3,40.6,1-1-1-1,2,475,-2
2022/03/23,船橋,3,Ｃ２六 七,1500,ダ,左,不良,晴,12,6,7,スマーティキャット,牡,4,56.0,464,6,臼井健,齊藤敏,,6,1:40.0,40.0,8-8-10-10,12,464,6
2022/03/23,船橋,3,Ｃ２六 七,1500,ダ,左,不良,晴,12,8,12,シェーンシュタット,牡,4,56.0,442,3,石崎駿,武井和,,7,1:40.2,41.4,3-3-3-2,10,442,3
2022/03/23,船橋,3,Ｃ２六 七,1500,ダ,左,不良,晴,12,7,9,ブルベアライノ,牡,8,56.0,492,0,和田譲,伊藤滋,,8,1:40.2,40.6,9-9-8-8,6,492,0
2022/03/23,船橋,3,Ｃ２六 七,1500,ダ,左,不良,晴,12,1,1,オーバーハング,セ,0,56.0,480,7,濱田達,川島一,,9,1:40.3,41.3,4-4-4-6,4,480,7
2022/03/23,船橋,3,Ｃ２六 七,1500,ダ,左,不良,晴,12,6,8,ニシノレガシー,牡,4,56.0,541,2,實川純,佐々清,,10,1:40.3,39.5,12-11-11-11,8,541,2
2022/03/23,船橋,3,Ｃ２六 七,1500,ダ,左,不良,晴,12,2,2,テセウスフォンテン,牡,4,56.0,467,5,笠野雄,波多健,,11,1:40.5,39.4,11-12-12-12,11,467,5
2022/03/23,船橋,3,Ｃ２六 七,1500,ダ,左,不良,晴,12,5,6,エグゼクティブリリ,牝,4,50.0,460,6,神尾香,山田質,,12,1:40.8,41.4,5-5-7-9,9,460,6
2022/03/23,船橋,4,Ｃ２六 七,1200,ダ,左,不良,曇,12,6,8,ロメーロ,牝,4,54.0,471,-9,小杉亮,矢野義,,1,1:15.8,38.6,4-3-3,1,471,-9
2022/03/23,船橋,4,Ｃ２六 七,1200,ダ,左,不良,曇,12,3,3,モルフォ,牝,5,54.0,437,0,和田譲,林　幻,,2,1:16.3,39.3,1-1-1,5,437,0
2022/03/23,船橋,4,Ｃ２六 七,1200,ダ,左,不良,曇,12,7,10,マゼ,牡,6,56.0,478,-5,本田重,稲益貴,,3,1:16.4,38.6,8-7-7,2,478,-5
2022/03/23,船橋,4,Ｃ２六 七,1200,ダ,左,不良,曇,12,8,12,テキサスブロンコ,牡,4,56.0,474,2,森泰斗,佐藤太,,4,1:16.5,38.9,6-6-6,4,474,2
2022/03/23,船橋,4,Ｃ２六 七,1200,ダ,左,不良,曇,12,2,2,ランバダフレイバー,牡,5,56.0,445,-5,庄司大,稲益貴,,5,1:17.1,39.7,3-4-2,3,445,-5
2022/03/23,船橋,4,Ｃ２六 七,1200,ダ,左,不良,曇,12,7,9,クリムゾンオーラ,牝,5,53.0,467,-8,仲原大,牛房榮,,6,1:17.1,39.6,5-5-5,10,467,-8
2022/03/23,船橋,4,Ｃ２六 七,1200,ダ,左,不良,曇,12,5,5,プレシアンス,牝,4,54.0,427,-3,酒井忍,佐藤博,,7,1:17.9,39.6,12-12-12,8,427,-3
2022/03/23,船橋,4,Ｃ２六 七,1200,ダ,左,不良,曇,12,6,7,ヤベゴースイート,牝,4,54.0,425,-3,山中悠,渡邊貴,,8,1:18.1,39.8,10-10-8,9,425,-3
2022/03/23,船橋,4,Ｃ２六 七,1200,ダ,左,不良,曇,12,4,4,スターシード,牡,7,56.0,496,-1,保園翔,酒井一,,9,1:18.2,41.1,2-2-4,7,496,-1
2022/03/23,船橋,4,Ｃ２六 七,1200,ダ,左,不良,曇,12,5,6,ダバイボンバー,牝,4,54.0,503,-9,矢野貴,坂本昇,,10,1:18.4,40.3,7-9-10,6,503,-9
2022/03/23,船橋,4,Ｃ２六 七,1200,ダ,左,不良,曇,12,8,11,ブレイクダンス,牝,4,54.0,434,6,臼井健,石井勝,,11,1:18.8,40.5,11-11-11,11,434,6
2022/03/23,船橋,4,Ｃ２六 七,1200,ダ,左,不良,曇,12,1,1,プロスペリティ,牝,6,54.0,458,-9,國分祐,冨田敏,,12,1:18.8,40.7,9-8-9,12,458,-9
2022/03/23,船橋,5,Ｃ２四 五,1200,ダ,左,不良,曇,11,3,3,ロードドレイク,牡,4,56.0,440,-1,張田昂,林　幻,,1,1:15.8,38.4,3-3-3,1,440,-1
2022/03/23,船橋,5,Ｃ２四 五,1200,ダ,左,不良,曇,11,7,8,エムティミーナ,牝,5,54.0,471,3,小杉亮,矢野義,,2,1:16.8,39.2,8-5-5,4,471,3
2022/03/23,船橋,5,Ｃ２四 五,1200,ダ,左,不良,曇,11,8,11,リュウノジャズ,牡,6,56.0,545,1,和田譲,齊藤敏,,3,1:16.9,39.5,5-4-4,3,545,1
2022/03/23,船橋,5,Ｃ２四 五,1200,ダ,左,不良,曇,11,7,9,ライズインザノース,セ,0,56.0,517,-7,矢野貴,山田信,,4,1:17.3,39.5,7-7-7,2,517,-7
2022/03/23,船橋,5,Ｃ２四 五,1200,ダ,左,不良,曇,11,4,4,マーメイドソング,牝,4,54.0,454,3,福原杏,伊藤滋,,5,1:17.3,39.5,6-6-6,7,454,3
2022/03/23,船橋,5,Ｃ２四 五,1200,ダ,左,不良,曇,11,2,2,コウユーカノカノ,牝,5,53.0,454,-1,篠谷葵,宇野博,,6,1:17.3,40.1,2-2-1,6,454,-1
2022/03/23,船橋,5,Ｃ２四 五,1200,ダ,左,不良,曇,11,6,6,ジュディスピュア,牝,4,54.0,435,0,庄司大,矢内博,,7,1:17.5,39.1,10-10-8,10,435,0
2022/03/23,船橋,5,Ｃ２四 五,1200,ダ,左,不良,曇,11,8,10,リトルカプリース,牝,4,53.0,421,0,池谷匠,内田勝,,8,1:17.6,39.4,9-9-9,8,421,0
2022/03/23,船橋,5,Ｃ２四 五,1200,ダ,左,不良,曇,11,1,1,ジェームス,牡,8,56.0,509,-3,半澤慶,川島豊,,9,1:18.3,41.2,1-1-2,5,509,-3
2022/03/23,船橋,5,Ｃ２四 五,1200,ダ,左,不良,曇,11,5,5,シェナフウジン,牡,6,56.0,458,-4,國分祐,冨田敏,,10,1:18.9,39.5,11-11-11,11,458,-4
2022/03/23,船橋,5,Ｃ２四 五,1200,ダ,左,不良,曇,11,6,7,ウリコヒメ,牝,4,54.0,392,5,今野忠,安池成,,11,1:20.4,42.4,4-8-10,9,392,5
2022/03/23,船橋,6,馬い！甘い！八丈島レモン発売記Ｃ２四 五,1500,ダ,左,不良,曇,12,7,9,ハートロック,セ,0,56.0,498,-5,岡村健,岡林光,,1,1:38.0,39.4,2-2-2-2,3,498,-5
2022/03/23,船橋,6,馬い！甘い！八丈島レモン発売記Ｃ２四 五,1500,ダ,左,不良,曇,12,5,5,ウインカルナヴァル,牡,7,56.0,493,1,矢野貴,玉井昇,,2,1:38.1,39.5,1-1-1-1,1,493,1
2022/03/23,船橋,6,馬い！甘い！八丈島レモン発売記Ｃ２四 五,1500,ダ,左,不良,曇,12,4,4,ブラックアリエス,セ,0,56.0,487,7,和田譲,林　幻,,3,1:38.2,39.0,7-7-8-6,2,487,7
2022/03/23,船橋,6,馬い！甘い！八丈島レモン発売記Ｃ２四 五,1500,ダ,左,不良,曇,12,5,6,アルディートシチー,セ,0,55.0,509,8,篠谷葵,林正人,,4,1:38.4,38.9,12-12-10-7,4,509,8
2022/03/23,船橋,6,馬い！甘い！八丈島レモン発売記Ｃ２四 五,1500,ダ,左,不良,曇,12,8,11,レインボーアメリ,牝,8,54.0,478,6,岡村裕,石井勝,,5,1:38.4,39.5,6-6-5-5,11,478,6
2022/03/23,船橋,6,馬い！甘い！八丈島レモン発売記Ｃ２四 五,1500,ダ,左,不良,曇,12,7,10,ユウユウクラージュ,牡,6,56.0,460,-4,山中悠,渋谷博,,6,1:38.5,39.9,4-3-3-3,6,460,-4
2022/03/23,船橋,6,馬い！甘い！八丈島レモン発売記Ｃ２四 五,1500,ダ,左,不良,曇,12,3,3,ブルーグリッター,牡,4,56.0,470,2,福原杏,岡林光,,7,1:38.9,40.0,5-5-4-4,7,470,2
2022/03/23,船橋,6,馬い！甘い！八丈島レモン発売記Ｃ２四 五,1500,ダ,左,不良,曇,12,2,2,インザホッパー,牡,4,56.0,472,3,山崎誠,山本学,,8,1:39.0,39.3,9-8-11-11,9,472,3
2022/03/23,船橋,6,馬い！甘い！八丈島レモン発売記Ｃ２四 五,1500,ダ,左,不良,曇,12,6,7,ガレア,牡,4,56.0,491,5,藤本現,佐々功,,9,1:39.0,39.5,8-9-9-8,10,491,5
2022/03/23,船橋,6,馬い！甘い！八丈島レモン発売記Ｃ２四 五,1500,ダ,左,不良,曇,12,8,12,サンクフルレッド,牝,4,54.0,431,-1,今野忠,安池成,,10,1:39.8,39.6,11-11-12-12,12,431,-1
2022/03/23,船橋,6,馬い！甘い！八丈島レモン発売記Ｃ２四 五,1500,ダ,左,不良,曇,12,6,8,ビギンアゲイン,牡,7,56.0,452,-9,山口達,林正人,,11,1:40.3,41.1,10-10-7-10,5,452,-9
2022/03/23,船橋,6,馬い！甘い！八丈島レモン発売記Ｃ２四 五,1500,ダ,左,不良,曇,12,1,1,ワールドプリンス,セ,0,56.0,506,-9,張田昂,小久智,,12,1:41.0,41.9,3-4-6-9,8,506,-9
2022/03/23,船橋,7,ターコイズダッシュＣ１Ｃ２選抜馬,1000,ダ,左,不良,曇,14,6,9,トリプルフォー,牝,4,51.0,429,2,神尾香,鈴木義,,1,1:01.3,37.4,3-2,4,429,2
2022/03/23,船橋,7,ターコイズダッシュＣ１Ｃ２選抜馬,1000,ダ,左,不良,曇,14,5,8,セイブロッケン,牡,4,57.0,476,-3,本橋孝,米田英,,2,1:01.6,37.8,1-1,1,476,-3
2022/03/23,船橋,7,ターコイズダッシュＣ１Ｃ２選抜馬,1000,ダ,左,不良,曇,14,4,6,オーラソラーレ,牝,5,55.0,467,-1,張田昂,張田京,,3,1:01.9,38.0,2-3,2,467,-1
2022/03/23,船橋,7,ターコイズダッシュＣ１Ｃ２選抜馬,1000,ダ,左,不良,曇,14,8,14,ハクサンクラーケン,牡,4,54.0,474,-2,木間龍,森　始,,4,1:02.0,37.4,6-5,3,474,-2
2022/03/23,船橋,7,ターコイズダッシュＣ１Ｃ２選抜馬,1000,ダ,左,不良,曇,14,8,13,グレイスディーヴァ,牝,4,53.0,496,-2,小杉亮,渋谷博,,5,1:02.2,37.9,4-4,10,496,-2
2022/03/23,船橋,7,ターコイズダッシュＣ１Ｃ２選抜馬,1000,ダ,左,不良,曇,14,6,10,スターレイジング,牡,4,57.0,488,5,増田充,加藤誠,,6,1:02.4,37.8,7-7,5,488,5
2022/03/23,船橋,7,ターコイズダッシュＣ１Ｃ２選抜馬,1000,ダ,左,不良,曇,14,1,1,キャストロペトラ,牡,5,57.0,474,-11,山本紀,山本学,,7,1:02.6,37.4,10-10,9,474,-11
2022/03/23,船橋,7,ターコイズダッシュＣ１Ｃ２選抜馬,1000,ダ,左,不良,曇,14,7,12,ティーズロワール,牝,7,53.0,462,12,臼井健,山中尊,,8,1:02.7,37.8,8-8,7,462,12
2022/03/23,船橋,7,ターコイズダッシュＣ１Ｃ２選抜馬,1000,ダ,左,不良,曇,14,3,4,ノーブルゲート,牡,4,57.0,495,1,岡村裕,八木仁,,9,1:03.3,39.0,5-6,11,495,1
2022/03/23,船橋,7,ターコイズダッシュＣ１Ｃ２選抜馬,1000,ダ,左,不良,曇,14,2,2,フィッツカラルド,牡,4,54.0,520,-5,篠谷葵,高野毅,,10,1:03.4,37.9,13-12,6,520,-5
2022/03/23,船橋,7,ターコイズダッシュＣ１Ｃ２選抜馬,1000,ダ,左,不良,曇,14,7,11,アドヴェントイヴ,牝,4,54.0,469,1,古岡勇,山崎尋,,11,1:03.7,38.2,12-11,8,469,1
2022/03/23,船橋,7,ターコイズダッシュＣ１Ｃ２選抜馬,1000,ダ,左,不良,曇,14,3,3,プレミアムプリモ,牝,5,53.0,485,-1,福原杏,平山真,,12,1:03.9,38.4,14-13,14,485,-1
2022/03/23,船橋,7,ターコイズダッシュＣ１Ｃ２選抜馬,1000,ダ,左,不良,曇,14,5,7,ファルーク,セ,0,57.0,438,-14,中越琉,吉橋淳,,13,1:05.0,40.0,9-9,12,438,-14
2022/03/23,船橋,7,ターコイズダッシュＣ１Ｃ２選抜馬,1000,ダ,左,不良,曇,14,4,5,モンジロウ,牡,4,55.0,501,-4,半澤慶,柘榴浩,,14,1:05.6,40.2,11-14,13,501,-4
2022/03/23,船橋,8,弥生スプリント３歳選抜馬,1200,ダ,左,不良,曇,12,8,11,グレンノハナ,牝,3,54.0,492,6,山中悠,佐藤太,,1,1:16.0,39.0,5-3-3,1,492,6
2022/03/23,船橋,8,弥生スプリント３歳選抜馬,1200,ダ,左,不良,曇,12,3,3,シャインポラリス,牝,3,54.0,448,1,矢野貴,佐藤太,,2,1:16.1,39.6,1-1-1,3,448,1
2022/03/23,船橋,8,弥生スプリント３歳選抜馬,1200,ダ,左,不良,曇,12,5,6,スカイハリケーン,牡,3,56.0,470,-6,森泰斗,米谷康,,3,1:16.3,39.3,3-4-4,4,470,-6
2022/03/23,船橋,8,弥生スプリント３歳選抜馬,1200,ダ,左,不良,曇,12,4,4,クラサーベル,牡,3,57.0,474,5,岡村健,玉井勝,,4,1:16.8,39.6,7-5-6,2,474,5
2022/03/23,船橋,8,弥生スプリント３歳選抜馬,1200,ダ,左,不良,曇,12,1,1,ベアカキーン,牡,3,57.0,494,4,山崎誠,鈴木義,,5,1:17.0,39.8,6-7-7,6,494,4
2022/03/23,船橋,8,弥生スプリント３歳選抜馬,1200,ダ,左,不良,曇,12,6,7,ニッショウアッキー,牝,3,54.0,428,-4,笹川翼,酒井一,,6,1:17.6,40.4,4-5-8,5,428,-4
2022/03/23,船橋,8,弥生スプリント３歳選抜馬,1200,ダ,左,不良,曇,12,7,10,ジーガーブライアン,牡,3,56.0,501,3,本橋孝,石井勝,,7,1:17.6,40.4,9-8-5,9,501,3
2022/03/23,船橋,8,弥生スプリント３歳選抜馬,1200,ダ,左,不良,曇,12,2,2,ダダダン,牡,3,55.0,451,-2,古岡勇,岩本洋,,8,1:17.6,39.9,10-11-10,10,451,-2
2022/03/23,船橋,8,弥生スプリント３歳選抜馬,1200,ダ,左,不良,曇,12,7,9,シゲルコウモリ,牡,3,56.0,493,-8,伊藤裕,鈴木義,,9,1:17.9,41.1,2-2-2,11,493,-8
2022/03/23,船橋,8,弥生スプリント３歳選抜馬,1200,ダ,左,不良,曇,12,5,5,ベルフリップ,牡,3,56.0,493,-4,張田昂,新井清,,10,1:18.5,40.8,11-12-11,7,493,-4
2022/03/23,船橋,8,弥生スプリント３歳選抜馬,1200,ダ,左,不良,曇,12,6,8,トキノプレミア,牡,3,56.0,495,9,川島正,山田信,,11,1:18.6,41.1,8-10-9,12,495,9
2022/03/23,船橋,8,弥生スプリント３歳選抜馬,1200,ダ,左,不良,曇,12,8,12,アークデージー,牝,3,54.0,461,7,本田重,平田正,,12,1:22.7,45.2,12-9-12,8,461,7
2022/03/23,船橋,9,オリオン座賞Ｃ１二,1600,ダ,左,不良,曇,14,6,10,メイショウタニカゼ,牡,4,56.0,464,-2,矢野貴,山田信,,1,1:43.2,39.9,5-5-5-4,1,464,-2
2022/03/23,船橋,9,オリオン座賞Ｃ１二,1600,ダ,左,不良,曇,14,8,13,ホウオウハイエスト,牝,4,54.0,521,0,笹川翼,佐藤太,,2,1:43.8,40.7,3-3-3-2,2,521,0
2022/03/23,船橋,9,オリオン座賞Ｃ１二,1600,ダ,左,不良,曇,14,5,7,メイクグローリー,セ,0,56.0,483,-2,本橋孝,石井勝,,3,1:43.8,40.7,2-2-2-1,6,483,-2
2022/03/23,船橋,9,オリオン座賞Ｃ１二,1600,ダ,左,不良,曇,14,2,2,イグドラシル,牡,4,56.0,471,3,山崎誠,山崎尋,,4,1:44.3,40.2,9-9-11-10,10,471,3
2022/03/23,船橋,9,オリオン座賞Ｃ１二,1600,ダ,左,不良,曇,14,3,4,コウシ,セ,0,56.0,480,1,石崎駿,米谷康,,5,1:44.4,41.1,4-4-4-5,4,480,1
2022/03/23,船橋,9,オリオン座賞Ｃ１二,1600,ダ,左,不良,曇,14,8,14,ナンノコレシキ,牝,4,54.0,464,-3,酒井忍,八木喜,,6,1:44.5,39.2,14-14-14-14,13,464,-3
2022/03/23,船橋,9,オリオン座賞Ｃ１二,1600,ダ,左,不良,曇,14,3,3,アナンクス,牡,5,56.0,477,1,藤江渉,田邊陽,,7,1:44.6,40.3,13-13-12-12,3,477,1
2022/03/23,船橋,9,オリオン座賞Ｃ１二,1600,ダ,左,不良,曇,14,1,1,カヴァート,牡,5,56.0,462,-7,野澤憲,佐々清,,8,1:44.6,40.9,7-7-7-8,9,462,-7
2022/03/23,船橋,9,オリオン座賞Ｃ１二,1600,ダ,左,不良,曇,14,6,9,ビギナーズラック,牡,7,56.0,512,7,山中悠,凾館一,,9,1:44.7,40.9,12-12-9-6,8,512,7
2022/03/23,船橋,9,オリオン座賞Ｃ１二,1600,ダ,左,不良,曇,14,7,11,メイショウソウゴン,牡,4,56.0,478,0,町田直,久保勇,,10,1:44.8,41.0,8-8-8-9,7,478,0
2022/03/23,船橋,9,オリオン座賞Ｃ１二,1600,ダ,左,不良,曇,14,7,12,ストレートダンディ,牡,4,56.0,483,-6,小杉亮,玉井等,,11,1:44.9,40.4,10-11-13-13,12,483,-6
2022/03/23,船橋,9,オリオン座賞Ｃ１二,1600,ダ,左,不良,曇,14,5,8,アウタースペース,牡,4,53.0,442,-1,木間龍,八木仁,,12,1:45.1,41.2,11-10-10-11,14,442,-1
2022/03/23,船橋,9,オリオン座賞Ｃ１二,1600,ダ,左,不良,曇,14,4,5,ウインベザント,牡,8,56.0,470,3,本田重,新井清,,13,1:45.7,42.1,6-6-6-7,11,470,3
2022/03/23,船橋,9,オリオン座賞Ｃ１二,1600,ダ,左,不良,曇,14,4,6,ビービーモノローグ,牡,4,56.0,465,12,張田昂,張田京,,14,1:46.6,43.5,1-1-1-3,5,465,12
2022/03/23,船橋,10,Ｊ交 フレンドリービット特別Ｂ２Ｂ３選抜,1800,ダ,左,不良,曇,13,5,7,マッドルーレット,牡,4,57.0,482,-5,森泰斗,山中尊,,1,1:55.6,38.9,1-1-1-1,1,482,-5
2022/03/23,船橋,10,Ｊ交 フレンドリービット特別Ｂ２Ｂ３選抜,1800,ダ,左,不良,曇,13,6,8,オークハンプトン,牡,4,57.0,495,0,本田重,岡林光,,2,1:56.7,39.6,5-4-6-5,2,495,0
2022/03/23,船橋,10,Ｊ交 フレンドリービット特別Ｂ２Ｂ３選抜,1800,ダ,左,不良,曇,13,1,1,ヨウコウ,牡,6,56.0,475,-1,篠谷葵,林正人,,3,1:56.7,39.7,11-12-3-2,9,475,-1
2022/03/23,船橋,10,Ｊ交 フレンドリービット特別Ｂ２Ｂ３選抜,1800,ダ,左,不良,曇,13,2,2,スティルライフ,牝,4,55.0,464,0,張田昂,黒岩陽,,4,1:57.3,39.8,13-13-10-8,7,464,0
2022/03/23,船橋,10,Ｊ交 フレンドリービット特別Ｂ２Ｂ３選抜,1800,ダ,左,不良,曇,13,4,4,ゾディアックレーヴ,牡,4,57.0,481,-7,本橋孝,矢野義,,5,1:57.4,40.4,3-5-4-3,3,481,-7
2022/03/23,船橋,10,Ｊ交 フレンドリービット特別Ｂ２Ｂ３選抜,1800,ダ,左,不良,曇,13,8,13,アンブローニュ,セ,0,57.0,490,0,笹川翼,根本康,,6,1:58.0,40.7,7-6-8-6,4,490,0
2022/03/23,船橋,10,Ｊ交 フレンドリービット特別Ｂ２Ｂ３選抜,1800,ダ,左,不良,曇,13,3,3,フワトロ,牝,7,55.0,482,0,和田譲,林隆之,,7,1:58.1,40.6,8-11-11-10,6,482,0
2022/03/23,船橋,10,Ｊ交 フレンドリービット特別Ｂ２Ｂ３選抜,1800,ダ,左,不良,曇,13,6,9,メイプルグレイス,牝,5,55.0,456,3,庄司大,渡邊貴,,8,1:58.2,41.3,2-2-2-4,11,456,3
2022/03/23,船橋,10,Ｊ交 フレンドリービット特別Ｂ２Ｂ３選抜,1800,ダ,左,不良,曇,13,7,11,エミーズロマンス,牝,5,55.0,515,0,町田直,山下之,,9,1:58.7,41.7,4-3-5-9,5,515,0
2022/03/23,船橋,10,Ｊ交 フレンドリービット特別Ｂ２Ｂ３選抜,1800,ダ,左,不良,曇,13,7,10,ウインウェルス,牡,9,57.0,521,3,岡村健,新井清,,10,1:58.8,41.5,6-8-7-7,13,521,3
2022/03/23,船橋,10,Ｊ交 フレンドリービット特別Ｂ２Ｂ３選抜,1800,ダ,左,不良,曇,13,4,5,カルフレグランス,牝,4,55.0,479,-5,藤本現,甲田悟,,11,1:59.2,41.6,9-10-13-11,12,479,-5
2022/03/23,船橋,10,Ｊ交 フレンドリービット特別Ｂ２Ｂ３選抜,1800,ダ,左,不良,曇,13,8,12,トモジャタイクーン,牡,7,57.0,518,10,西啓太,鈴木伸,,12,2:00.1,42.6,10-9-12-13,10,518,10
2022/03/23,船橋,10,Ｊ交 フレンドリービット特別Ｂ２Ｂ３選抜,1800,ダ,左,不良,曇,13,5,6,ハイチーズ,牡,7,57.0,522,2,今野忠,小島茂,,13,2:00.4,43.1,12-7-9-12,8,522,2
2022/03/23,船橋,11,ダイオライト記念JpnII,2400,ダ,左,不良,曇,14,7,11,ノーヴァレンダ,牡,6,56.0,549,14,森泰斗,内田勝,,1,2:37.2,41.1,1-1-1-1,5,549,14
2022/03/23,船橋,11,ダイオライト記念JpnII,2400,ダ,左,不良,曇,14,1,1,エブリワンブラック,牡,5,56.0,489,4,戸崎圭,武幸四,,2,2:37.7,41.1,10-9-3-3,8,489,4
2022/03/23,船橋,11,ダイオライト記念JpnII,2400,ダ,左,不良,曇,14,4,6,ミューチャリー,牡,6,56.0,472,8,本橋孝,矢野義,,3,2:37.8,40.0,7-7-8-7,3,472,8
2022/03/23,船橋,11,ダイオライト記念JpnII,2400,ダ,左,不良,曇,14,6,9,ダノンファラオ,牡,5,56.0,536,-2,坂井瑠,矢作芳,,4,2:37.9,41.7,3-3-2-2,4,536,-2
2022/03/23,船橋,11,ダイオライト記念JpnII,2400,ダ,左,不良,曇,14,6,10,セイカメテオポリス,牡,4,55.0,536,-4,矢野貴,渡邉和,,5,2:37.9,40.1,11-11-7-5,7,536,-4
2022/03/23,船橋,11,ダイオライト記念JpnII,2400,ダ,左,不良,曇,14,8,13,ヴェルテックス,牡,5,56.0,528,9,横山武,吉岡辰,,6,2:39.7,42.2,8-8-6-8,2,528,9
2022/03/23,船橋,11,ダイオライト記念JpnII,2400,ダ,左,不良,曇,14,5,7,エルデュクラージュ,セ,0,56.0,510,5,本田重,川島一,,7,2:40.5,43.3,5-6-5-4,6,510,5
2022/03/23,船橋,11,ダイオライト記念JpnII,2400,ダ,左,不良,曇,14,7,12,エメリミット,牡,5,56.0,490,-5,山口達,林正人,,8,2:41.2,43.1,9-10-11-9,11,490,-5
2022/03/23,船橋,11,ダイオライト記念JpnII,2400,ダ,左,不良,曇,14,3,3,メイショウカズサ,牡,5,56.0,480,-16,幸英明,安達昭,,9,2:41.3,44.3,2-2-4-6,1,480,-16
2022/03/23,船橋,11,ダイオライト記念JpnII,2400,ダ,左,不良,曇,14,5,8,アーチデューク,牡,8,56.0,533,-12,丸山真,坂口義,,10,2:42.9,41.6,13-13-13-13,14,533,-12
2022/03/23,船橋,11,ダイオライト記念JpnII,2400,ダ,左,不良,曇,14,4,5,フレッチャビアンカ,牡,5,56.0,472,-2,和田譲,川島一,,11,2:43.2,45.4,6-5-9-10,10,472,-2
2022/03/23,船橋,11,ダイオライト記念JpnII,2400,ダ,左,不良,曇,14,2,2,トーセンスーリヤ,牡,7,56.0,485,7,笹川翼,橋本馬,,12,2:43.6,45.8,4-4-10-11,9,485,7
2022/03/23,船橋,11,ダイオライト記念JpnII,2400,ダ,左,不良,曇,14,8,14,ナラ,牝,6,54.0,429,7,藤原幹,伊藤好,,13,2:46.9,44.8,14-14-14-14,12,429,7
2022/03/23,船橋,11,ダイオライト記念JpnII,2400,ダ,左,不良,曇,14,3,4,ユアマイラブ,牡,9,56.0,455,-5,實川純,今津博,,14,2:48.1,47.6,12-12-12-12,13,455,-5
2022/03/23,船橋,12,デルフィニウム２２００Ｂ３Ｃ１選抜馬ア,2200,ダ,左,不良,曇,12,7,9,フォルベルール,牡,4,55.0,525,3,町田直,久保秀,,1,2:28.2,41.1,8-9-9-8,5,525,3
2022/03/23,船橋,12,デルフィニウム２２００Ｂ３Ｃ１選抜馬ア,2200,ダ,左,不良,曇,12,8,11,トラストバディ,セ,0,55.0,459,4,山口達,出川克,,2,2:28.2,41.5,7-7-7-7,8,459,4
2022/03/23,船橋,12,デルフィニウム２２００Ｂ３Ｃ１選抜馬ア,2200,ダ,左,不良,曇,12,5,6,レオステップアップ,牡,7,57.0,500,1,石崎駿,岡林光,,3,2:28.3,42.0,6-6-6-6,4,500,1
2022/03/23,船橋,12,デルフィニウム２２００Ｂ３Ｃ１選抜馬ア,2200,ダ,左,不良,曇,12,6,8,キャプティベート,セ,0,57.0,432,-13,矢野貴,山田信,,4,2:28.3,42.4,3-3-3-3,3,432,-13
2022/03/23,船橋,12,デルフィニウム２２００Ｂ３Ｃ１選抜馬ア,2200,ダ,左,不良,曇,12,6,7,ベガスフォンテン,牝,4,55.0,469,-6,張田昂,山下之,,5,2:29.1,43.4,2-2-2-2,1,469,-6
2022/03/23,船橋,12,デルフィニウム２２００Ｂ３Ｃ１選抜馬ア,2200,ダ,左,不良,曇,12,2,2,カッター,牡,4,55.0,463,0,川島正,石井勝,,6,2:29.3,42.0,10-10-10-10,10,463,0
2022/03/23,船橋,12,デルフィニウム２２００Ｂ３Ｃ１選抜馬ア,2200,ダ,左,不良,曇,12,1,1,ドキドキボーイ,牡,4,55.0,508,8,増田充,加藤誠,,7,2:29.4,43.3,4-4-4-4,9,508,8
2022/03/23,船橋,12,デルフィニウム２２００Ｂ３Ｃ１選抜馬ア,2200,ダ,左,不良,曇,12,8,12,アイロンワークス,牡,5,57.0,484,-7,臼井健,凾館一,,8,2:29.5,42.6,9-8-8-9,12,484,-7
2022/03/23,船橋,12,デルフィニウム２２００Ｂ３Ｃ１選抜馬ア,2200,ダ,左,不良,曇,12,5,5,ハクサンチコチャン,牝,5,55.0,472,-4,酒井忍,矢野義,,9,2:29.7,42.2,11-12-11-11,7,472,-4
2022/03/23,船橋,12,デルフィニウム２２００Ｂ３Ｃ１選抜馬ア,2200,ダ,左,不良,曇,12,7,10,アウトストラーダ,牡,4,55.0,503,-4,本橋孝,渡邊貴,,10,2:30.4,44.3,5-5-5-5,6,503,-4
2022/03/23,船橋,12,デルフィニウム２２００Ｂ３Ｃ１選抜馬ア,2200,ダ,左,不良,曇,12,3,3,トゥザキングダム,牡,8,52.0,489,11,木間龍,宮下靖,,11,2:30.6,42.9,12-11-12-12,11,489,11
2022/03/23,船橋,12,デルフィニウム２２００Ｂ３Ｃ１選抜馬ア,2200,ダ,左,不良,曇,12,4,4,ミスティネイル,牝,6,55.0,520,6,森泰斗,山中尊,,12,2:31.1,45.4,1-1-1-1,2,520,6
2022/03/24,船橋,1,Ｃ３四 五,1200,ダ,左,不良,晴,12,4,4,ヴィルゲート,牝,4,54.0,461,-3,本田紀,村田六,,1,1:17.2,39.6,9-7-5,4,461,-3
2022/03/24,船橋,1,Ｃ３四 五,1200,ダ,左,不良,晴,12,3,3,アミン,牝,5,54.0,447,-2,國分祐,冨田敏,,2,1:17.3,40.3,3-3-2,11,447,-2
2022/03/24,船橋,1,Ｃ３四 五,1200,ダ,左,不良,晴,12,8,12,リュウノバーディ,牡,8,56.0,477,-5,山本紀,齊藤敏,,3,1:17.5,40.7,1-1-1,3,477,-5
2022/03/24,船橋,1,Ｃ３四 五,1200,ダ,左,不良,晴,12,5,5,ハイエストプレイズ,牝,5,54.0,505,-5,山崎誠,渡邊貴,,4,1:18.1,40.9,8-4-3,2,505,-5
2022/03/24,船橋,1,Ｃ３四 五,1200,ダ,左,不良,晴,12,2,2,マドモアゼルエリー,牝,5,54.0,448,1,山中悠,渋谷博,,5,1:18.5,40.7,6-10-9,10,448,1
2022/03/24,船橋,1,Ｃ３四 五,1200,ダ,左,不良,晴,12,7,10,ヒアユーアー,牝,4,54.0,484,0,野澤憲,佐々清,,6,1:18.6,40.4,11-11-10,5,484,0
2022/03/24,船橋,1,Ｃ３四 五,1200,ダ,左,不良,晴,12,5,6,ホワイトブレス,牝,5,54.0,471,7,實川純,佐々功,,7,1:18.6,41.2,4-5-8,7,471,7
2022/03/24,船橋,1,Ｃ３四 五,1200,ダ,左,不良,晴,12,6,8,チュンチュンマル,牡,4,53.0,408,-1,木間龍,伊藤滋,,8,1:18.8,41.4,5-6-6,9,408,-1
2022/03/24,船橋,1,Ｃ３四 五,1200,ダ,左,不良,晴,12,6,7,ウィローグラウス,牝,6,54.0,470,-5,高橋利,矢内博,,9,1:19.1,41.3,10-9-7,6,470,-5
2022/03/24,船橋,1,Ｃ３四 五,1200,ダ,左,不良,晴,12,7,9,リンクスクリスタル,牝,9,54.0,445,2,柿本量,宮下靖,,10,1:19.7,40.5,12-12-12,12,445,2
2022/03/24,船橋,1,Ｃ３四 五,1200,ダ,左,不良,晴,12,1,1,レッカーベルン,牝,8,54.0,485,2,笹川翼,新井清,,11,1:19.9,42.9,2-2-4,1,485,2
2022/03/24,船橋,1,Ｃ３四 五,1200,ダ,左,不良,晴,12,8,11,シンジュクマスク,牝,5,54.0,446,3,山口達,宮下靖,,12,1:20.9,43.3,7-8-11,8,446,3
2022/03/24,船橋,2,Ｃ３四 五,1500,ダ,左,不良,晴,12,5,6,レインボーシャトル,牡,7,56.0,529,4,仲野光,阿井正,,1,1:38.7,39.7,5-5-3-3,7,529,4
2022/03/24,船橋,2,Ｃ３四 五,1500,ダ,左,不良,晴,12,3,3,ハクサンキュート,牝,4,54.0,415,1,小杉亮,矢野義,,2,1:39.5,39.5,8-8-6-6,3,415,1
2022/03/24,船橋,2,Ｃ３四 五,1500,ダ,左,不良,晴,12,6,7,ヘリオシース,牝,6,54.0,427,5,張田昂,岡林光,,3,1:39.5,39.3,10-10-9-7,5,427,5
2022/03/24,船橋,2,Ｃ３四 五,1500,ダ,左,不良,晴,12,5,5,ステップアップ,セ,0,56.0,466,1,森泰斗,山下之,,4,1:39.5,40.7,2-2-2-2,1,466,1
2022/03/24,船橋,2,Ｃ３四 五,1500,ダ,左,不良,晴,12,4,4,ゴールデンルート,牝,8,54.0,458,2,野澤憲,玉井等,,5,1:39.6,41.4,1-1-1-1,9,458,2
2022/03/24,船橋,2,Ｃ３四 五,1500,ダ,左,不良,晴,12,6,8,タカラビート,牡,8,57.0,465,-3,藤本現,齊藤敏,,6,1:39.7,39.4,11-11-10-9,2,465,-3
2022/03/24,船橋,2,Ｃ３四 五,1500,ダ,左,不良,晴,12,7,10,セコイア,牝,5,54.0,464,-1,半澤慶,宇野博,,7,1:39.8,40.1,9-9-5-5,10,464,-1
2022/03/24,船橋,2,Ｃ３四 五,1500,ダ,左,不良,晴,12,8,12,ヤマニンプルニエ,牝,5,54.0,436,4,岡村裕,山崎尋,,8,1:40.1,39.6,12-12-11-10,8,436,4
2022/03/24,船橋,2,Ｃ３四 五,1500,ダ,左,不良,晴,12,7,9,ホークピラー,牡,4,56.0,468,0,町田直,内田勝,,9,1:40.4,41.3,4-4-4-4,6,468,0
2022/03/24,船橋,2,Ｃ３四 五,1500,ダ,左,不良,晴,12,8,11,トーセンイザベル,牝,4,54.0,422,0,保園翔,海馬司,,10,1:41.8,41.7,6-7-7-8,11,422,0
2022/03/24,船橋,2,Ｃ３四 五,1500,ダ,左,不良,晴,12,1,1,ビービーマローネ,牝,4,54.0,526,-1,實川純,宮下靖,,11,1:47.8,47.7,3-3-8-11,12,526,-1
2022/03/24,船橋,2,Ｃ３四 五,1500,ダ,左,不良,晴,12,2,2,ケンブリッジウィズ,牝,6,54.0,456,-4,和田譲,新井清,,,,,7-6-12,4,456,-4
2022/03/24,船橋,3,Ｃ２八 九,1500,ダ,左,不良,晴,12,4,4,アイグローリー,セ,0,56.0,473,-6,仲野光,阿井正,,1,1:37.9,39.0,1-1-1-1,3,473,-6
2022/03/24,船橋,3,Ｃ２八 九,1500,ダ,左,不良,晴,12,7,9,スノーフレイム,牡,4,56.0,476,-1,矢野貴,林　幻,,2,1:38.0,38.6,6-6-6-5,1,476,-1
2022/03/24,船橋,3,Ｃ２八 九,1500,ダ,左,不良,晴,12,3,3,ジーガーワールド,牡,6,56.0,478,-1,石崎駿,石井勝,,3,1:38.1,38.8,5-4-4-4,6,478,-1
2022/03/24,船橋,3,Ｃ２八 九,1500,ダ,左,不良,晴,12,7,10,ボスオンザサンド,牡,5,56.0,513,-8,笠野雄,稲益貴,,4,1:38.1,39.0,3-3-3-3,2,513,-8
2022/03/24,船橋,3,Ｃ２八 九,1500,ダ,左,不良,晴,12,1,1,エールプレジール,セ,0,56.0,484,1,岡村健,渋谷博,,5,1:39.0,38.9,12-12-11-9,7,484,1
2022/03/24,船橋,3,Ｃ２八 九,1500,ダ,左,不良,晴,12,5,5,メイショウエバー,牝,4,54.0,424,4,笹川翼,池田孝,,6,1:39.0,39.3,7-7-8-7,4,424,4
2022/03/24,船橋,3,Ｃ２八 九,1500,ダ,左,不良,晴,12,2,2,レッドエステーラ,牝,6,54.0,425,-4,本田重,山中尊,,7,1:39.1,39.5,8-8-7-6,5,425,-4
2022/03/24,船橋,3,Ｃ２八 九,1500,ダ,左,不良,晴,12,6,7,トーセンエクラ,牡,7,56.0,480,-5,和田譲,齊藤敏,,8,1:39.1,39.3,10-10-10-10,8,480,-5
2022/03/24,船橋,3,Ｃ２八 九,1500,ダ,左,不良,晴,12,5,6,アイファーオレンジ,牝,5,50.0,436,1,神尾香,佐々功,,9,1:39.4,40.4,2-2-2-2,9,436,1
2022/03/24,船橋,3,Ｃ２八 九,1500,ダ,左,不良,晴,12,8,12,エスジーリカチャン,牝,4,54.0,462,5,藤江渉,田島寿,,10,1:39.5,39.1,11-11-12-12,11,462,5
2022/03/24,船橋,3,Ｃ２八 九,1500,ダ,左,不良,晴,12,6,8,ヴァリオブキングズ,牡,6,56.0,477,-3,福原杏,齊藤敏,,11,1:39.6,39.8,9-9-9-11,12,477,-3
2022/03/24,船橋,3,Ｃ２八 九,1500,ダ,左,不良,晴,12,8,11,ユリアンナ,牝,5,54.0,444,0,町田直,山崎尋,,12,1:40.8,41.5,4-5-5-8,10,444,0
2022/03/24,船橋,4,Ｃ２八 九,1200,ダ,左,不良,晴,12,3,3,ワイプアウト,牡,4,56.0,464,-3,真島大,池田孝,,1,1:15.0,38.5,1-1-1,3,464,-3
2022/03/24,船橋,4,Ｃ２八 九,1200,ダ,左,不良,晴,12,5,6,ダンガンシュート,牡,7,56.0,507,4,藤本現,佐々功,,2,1:15.4,38.7,2-2-2,1,507,4
2022/03/24,船橋,4,Ｃ２八 九,1200,ダ,左,不良,晴,12,6,7,ダイヤモンドカノン,牝,4,54.0,487,1,町田直,齊藤敏,,3,1:16.1,39.1,6-5-4,9,487,1
2022/03/24,船橋,4,Ｃ２八 九,1200,ダ,左,不良,晴,12,2,2,ゴールデンブーツ,牡,4,56.0,478,-13,山口達,林正人,,4,1:16.3,39.0,8-8-7,4,478,-13
2022/03/24,船橋,4,Ｃ２八 九,1200,ダ,左,不良,晴,12,1,1,ウェイクール,牡,6,56.0,546,26,和田譲,伊藤滋,,5,1:16.5,38.6,9-12-11,5,546,26
2022/03/24,船橋,4,Ｃ２八 九,1200,ダ,左,不良,晴,12,8,11,リュウノロー,牡,5,56.0,502,0,福原杏,齊藤敏,,6,1:16.5,39.5,4-4-6,6,502,0
2022/03/24,船橋,4,Ｃ２八 九,1200,ダ,左,不良,晴,12,8,12,ドリームウィーバー,牡,4,56.0,476,-4,酒井忍,佐藤博,,7,1:16.7,39.5,7-7-8,7,476,-4
2022/03/24,船橋,4,Ｃ２八 九,1200,ダ,左,不良,晴,12,7,9,センターロード,牝,5,51.0,448,-1,木間龍,伊藤滋,,8,1:16.8,39.2,11-10-9,8,448,-1
2022/03/24,船橋,4,Ｃ２八 九,1200,ダ,左,不良,晴,12,4,4,スカイカンナ,牝,4,54.0,439,-7,笹川翼,山中尊,,9,1:17.0,40.0,5-6-5,10,439,-7
2022/03/24,船橋,4,Ｃ２八 九,1200,ダ,左,不良,晴,12,7,10,マオノジェット,牡,5,56.0,480,-3,山中悠,渋谷博,,10,1:17.4,40.0,10-9-10,11,480,-3
2022/03/24,船橋,4,Ｃ２八 九,1200,ダ,左,不良,晴,12,6,8,センドハーマイラブ,牝,4,54.0,436,1,矢野貴,山田信,,11,1:18.1,41.4,3-3-3,2,436,1
2022/03/24,船橋,4,Ｃ２八 九,1200,ダ,左,不良,晴,12,5,5,クラファイン,牝,5,54.0,445,0,岡村健,玉井勝,,12,1:18.7,40.8,12-11-12,12,445,0
2022/03/24,船橋,5,３歳二,1500,ダ,左,不良,晴,12,3,3,ブレイジングヒート,牡,3,56.0,421,-16,山口達,出川克,,1,1:37.1,38.9,5-6-4-3,3,421,-16
2022/03/24,船橋,5,３歳二,1500,ダ,左,不良,晴,12,6,8,ビナハロン,セ,0,56.0,453,6,小杉亮,矢野義,,2,1:37.2,39.2,2-2-2-2,4,453,6
2022/03/24,船橋,5,３歳二,1500,ダ,左,不良,晴,12,8,12,ナショナルモール,牡,3,56.0,547,5,森泰斗,佐々清,,3,1:38.1,40.1,3-3-3-4,2,547,5
2022/03/24,船橋,5,３歳二,1500,ダ,左,不良,晴,12,7,10,ショットメーカー,牡,3,56.0,539,-5,張田昂,張田京,,4,1:38.2,40.0,7-5-5-5,1,539,-5
2022/03/24,船橋,5,３歳二,1500,ダ,左,不良,晴,12,5,6,スマイルキングオー,牡,3,55.0,491,5,篠谷葵,張田京,,5,1:39.1,40.6,9-9-7-6,6,491,5
2022/03/24,船橋,5,３歳二,1500,ダ,左,不良,晴,12,6,7,ハーピーブロッサム,牝,3,54.0,444,-7,酒井忍,武井和,,6,1:39.1,39.6,11-11-11-10,8,444,-7
2022/03/24,船橋,5,３歳二,1500,ダ,左,不良,晴,12,7,9,ケラウノスカズ,牡,3,56.0,450,7,仲野光,玉井等,,7,1:39.2,40.3,10-10-9-9,7,450,7
2022/03/24,船橋,5,３歳二,1500,ダ,左,不良,晴,12,5,5,マキオートーケン,牡,3,56.0,457,-32,山崎誠,山本学,,8,1:39.3,39.4,12-12-12-12,5,457,-32
2022/03/24,船橋,5,３歳二,1500,ダ,左,不良,晴,12,8,11,タカラジャンボ,牝,3,54.0,445,-9,伊藤裕,久保秀,,9,1:39.6,40.9,6-7-8-8,10,445,-9
2022/03/24,船橋,5,３歳二,1500,ダ,左,不良,晴,12,2,2,ラヴシックフレイム,牝,3,54.0,407,0,川島正,林　幻,,10,1:40.0,42.0,1-1-1-1,11,407,0
2022/03/24,船橋,5,３歳二,1500,ダ,左,不良,晴,12,1,1,ジーショッカー,牡,3,55.0,483,-7,古岡勇,岩本洋,,11,1:40.6,41.3,8-8-10-11,12,483,-7
2022/03/24,船橋,5,３歳二,1500,ダ,左,不良,晴,12,4,4,マドモアゼルランス,牝,3,54.0,427,-2,山中悠,渋谷博,,12,1:40.9,42.5,4-4-6-7,9,427,-2
2022/03/24,船橋,6,ハナビシソウ特別３歳選抜牝馬,1500,ダ,左,不良,晴,11,6,6,レディオスター,牝,3,55.0,465,3,酒井忍,矢野義,,1,1:36.1,39.1,2-2-2-1,1,465,3
2022/03/24,船橋,6,ハナビシソウ特別３歳選抜牝馬,1500,ダ,左,不良,晴,11,7,8,グランツ,牝,3,54.0,479,-5,本橋孝,小久智,,2,1:37.0,39.9,3-3-3-2,7,479,-5
2022/03/24,船橋,6,ハナビシソウ特別３歳選抜牝馬,1500,ダ,左,不良,晴,11,5,5,グラーツィア,牝,3,55.0,443,4,笹川翼,米谷康,,3,1:37.1,39.8,4-4-5-3,2,443,4
2022/03/24,船橋,6,ハナビシソウ特別３歳選抜牝馬,1500,ダ,左,不良,晴,11,3,3,カミニート,牝,3,54.0,436,-1,和田譲,鈴木義,,4,1:37.4,39.4,11-11-10-9,10,436,-1
2022/03/24,船橋,6,ハナビシソウ特別３歳選抜牝馬,1500,ダ,左,不良,晴,11,6,7,ソレイユスマイル,牝,3,54.0,479,-2,森泰斗,川島一,,5,1:38.1,40.1,10-10-11-10,5,479,-2
2022/03/24,船橋,6,ハナビシソウ特別３歳選抜牝馬,1500,ダ,左,不良,晴,11,8,11,プラチナライン,牝,3,55.0,476,4,矢野貴,加藤誠,,6,1:38.6,41.2,6-6-6-4,4,476,4
2022/03/24,船橋,6,ハナビシソウ特別３歳選抜牝馬,1500,ダ,左,不良,晴,11,2,2,マロンフエルテ,牝,3,54.0,465,-9,拜原靖,久保勇,,7,1:38.7,40.9,9-9-9-6,9,465,-9
2022/03/24,船橋,6,ハナビシソウ特別３歳選抜牝馬,1500,ダ,左,不良,晴,11,8,10,フロネシス,牝,3,54.0,439,-3,町田直,山下之,,8,1:38.8,41.2,7-7-7-8,6,439,-3
2022/03/24,船橋,6,ハナビシソウ特別３歳選抜牝馬,1500,ダ,左,不良,晴,11,4,4,アンタノムスメ,牝,3,55.0,514,8,藤江渉,八木仁,,9,1:39.5,42.2,5-5-4-5,3,514,8
2022/03/24,船橋,6,ハナビシソウ特別３歳選抜牝馬,1500,ダ,左,不良,晴,11,7,9,スージー,牝,3,54.0,466,3,山本紀,山本学,,10,1:40.7,43.0,8-8-8-11,8,466,3
2022/03/24,船橋,6,ハナビシソウ特別３歳選抜牝馬,1500,ダ,左,不良,晴,11,1,1,カネトシケッソク,牝,3,54.0,456,-8,増田充,佐々仁,,11,1:41.6,44.6,1-1-1-7,11,456,-8
2022/03/24,船橋,7,馬い！男は善一ブラック記念Ｃ１選抜牝馬,1200,ダ,左,不良,晴,12,7,10,デイジーカプシーヌ,牝,4,54.0,473,-1,今野忠,山田信,,1,1:15.5,39.1,6-4-4,2,473,-1
2022/03/24,船橋,7,馬い！男は善一ブラック記念Ｃ１選抜牝馬,1200,ダ,左,不良,晴,12,1,1,ナインボール,牝,4,54.0,419,-9,酒井忍,山田質,,2,1:15.7,38.2,11-10-9,10,419,-9
2022/03/24,船橋,7,馬い！男は善一ブラック記念Ｃ１選抜牝馬,1200,ダ,左,不良,晴,12,6,7,アーガイルピンク,牝,4,54.0,440,1,川島正,稲益貴,,3,1:15.8,40.0,1-1-1,3,440,1
2022/03/24,船橋,7,馬い！男は善一ブラック記念Ｃ１選抜牝馬,1200,ダ,左,不良,晴,12,4,4,ドクタースキル,牝,4,54.0,456,1,岡村健,岡林光,,4,1:15.8,39.8,3-2-2,4,456,1
2022/03/24,船橋,7,馬い！男は善一ブラック記念Ｃ１選抜牝馬,1200,ダ,左,不良,晴,12,3,3,バイカル,牝,5,54.0,487,1,森泰斗,佐藤太,,5,1:16.0,39.7,2-3-3,1,487,1
2022/03/24,船橋,7,馬い！男は善一ブラック記念Ｃ１選抜牝馬,1200,ダ,左,不良,晴,12,6,8,バシリッサ,牝,4,54.0,473,6,田中力,渡邊貴,,6,1:16.2,39.2,7-8-6,7,473,6
2022/03/24,船橋,7,馬い！男は善一ブラック記念Ｃ１選抜牝馬,1200,ダ,左,不良,晴,12,5,5,カッチョエペペ,牝,6,54.0,464,7,張田昂,岡林光,,7,1:16.5,39.9,4-5-5,5,464,7
2022/03/24,船橋,7,馬い！男は善一ブラック記念Ｃ１選抜牝馬,1200,ダ,左,不良,晴,12,5,6,ポッドラピド,牝,4,51.0,407,-3,木間龍,渋谷博,,8,1:16.7,38.9,12-12-11,9,407,-3
2022/03/24,船橋,7,馬い！男は善一ブラック記念Ｃ１選抜牝馬,1200,ダ,左,不良,晴,12,7,9,バチスカーフ,牝,4,54.0,458,-3,實川純,佐々功,,9,1:16.8,39.6,9-9-10,12,458,-3
2022/03/24,船橋,7,馬い！男は善一ブラック記念Ｃ１選抜牝馬,1200,ダ,左,不良,晴,12,2,2,オルディネール,牝,4,54.0,460,8,西啓太,山中尊,,10,1:17.4,40.4,5-7-7,6,460,8
2022/03/24,船橋,7,馬い！男は善一ブラック記念Ｃ１選抜牝馬,1200,ダ,左,不良,晴,12,8,11,パンドラフォンテン,牝,8,54.0,459,6,小杉亮,玉井昇,,11,1:17.7,40.1,10-11-12,11,459,6
2022/03/24,船橋,7,馬い！男は善一ブラック記念Ｃ１選抜牝馬,1200,ダ,左,不良,晴,12,8,12,シゲルデカスロン,牝,4,54.0,523,6,山崎誠,鈴木義,,12,1:18.2,41.4,8-6-8,8,523,6
2022/03/24,船橋,8,若葉スプリントＣ１選抜馬,1200,ダ,左,不良,晴,12,6,8,アンコールゲラン,牡,5,56.0,485,-1,川島正,山田信,,1,1:15.5,39.3,2-1-1,3,485,-1
2022/03/24,船橋,8,若葉スプリントＣ１選抜馬,1200,ダ,左,不良,晴,12,5,6,エムオーアタック,牡,4,56.0,463,-6,石崎駿,高月賢,,2,1:15.5,38.2,11-9-9,9,463,-6
2022/03/24,船橋,8,若葉スプリントＣ１選抜馬,1200,ダ,左,不良,晴,12,5,5,ヒロシゲペッパー,牡,5,56.0,499,-4,森泰斗,米谷康,,3,1:15.6,38.9,9-7-6,1,499,-4
2022/03/24,船橋,8,若葉スプリントＣ１選抜馬,1200,ダ,左,不良,晴,12,8,12,ミスターウラノフ,牡,4,56.0,428,-3,藤江渉,古澤悟,,4,1:15.7,39.3,6-5-3,12,428,-3
2022/03/24,船橋,8,若葉スプリントＣ１選抜馬,1200,ダ,左,不良,晴,12,4,4,ハーモニーレグルス,牡,4,56.0,514,-5,矢野貴,高月賢,,5,1:15.9,39.2,7-8-8,10,514,-5
2022/03/24,船橋,8,若葉スプリントＣ１選抜馬,1200,ダ,左,不良,晴,12,7,10,カールスバート,牡,4,56.0,482,10,和田譲,齊藤敏,,6,1:15.9,39.5,5-6-5,2,482,10
2022/03/24,船橋,8,若葉スプリントＣ１選抜馬,1200,ダ,左,不良,晴,12,1,1,カラハリ,セ,0,56.0,420,3,山崎誠,山本学,,7,1:16.5,39.1,8-10-10,6,420,3
2022/03/24,船橋,8,若葉スプリントＣ１選抜馬,1200,ダ,左,不良,晴,12,7,9,リヴェルサス,牡,4,56.0,452,-3,笠野雄,山中尊,,8,1:16.6,38.4,12-12-12,7,452,-3
2022/03/24,船橋,8,若葉スプリントＣ１選抜馬,1200,ダ,左,不良,晴,12,2,2,エメラルムサシ,牡,8,56.0,469,2,實川純,佐々清,,9,1:16.6,39.0,10-11-11,11,469,2
2022/03/24,船橋,8,若葉スプリントＣ１選抜馬,1200,ダ,左,不良,晴,12,3,3,ヴィスコンティ,セ,0,56.0,496,-3,達城龍,山中尊,,10,1:16.7,40.3,4-4-7,4,496,-3
2022/03/24,船橋,8,若葉スプリントＣ１選抜馬,1200,ダ,左,不良,晴,12,8,11,マコトヤマンバギリ,牡,5,56.0,480,17,本田重,川島一,,11,1:16.7,40.5,3-3-2,5,480,17
2022/03/24,船橋,8,若葉スプリントＣ１選抜馬,1200,ダ,左,不良,晴,12,6,7,タイガースネーク,セ,0,56.0,459,-8,野澤憲,矢野義,,12,1:17.1,40.9,1-2-4,8,459,-8
2022/03/24,船橋,9,三咲特別Ｂ３一,1600,ダ,左,不良,晴,10,1,1,キーピリオッド,牡,5,56.0,515,-9,矢野貴,玉井昇,,1,1:42.0,37.7,8-7-6-6,1,515,-9
2022/03/24,船橋,9,三咲特別Ｂ３一,1600,ダ,左,不良,晴,10,8,9,プレストカイザー,牡,4,56.0,458,-6,本田重,山下之,,2,1:42.6,38.8,2-2-2-2,4,458,-6
2022/03/24,船橋,9,三咲特別Ｂ３一,1600,ダ,左,不良,晴,10,8,10,トーセンジーザス,牡,4,56.0,490,5,今野忠,川島一,,3,1:42.8,39.0,3-3-3-3,2,490,5
2022/03/24,船橋,9,三咲特別Ｂ３一,1600,ダ,左,不良,晴,10,7,8,カンバンムスメ,牝,8,54.0,450,-12,笹川翼,山田信,,4,1:43.5,39.1,5-5-7-8,6,450,-12
2022/03/24,船橋,9,三咲特別Ｂ３一,1600,ダ,左,不良,晴,10,5,5,ヴィータファン,セ,0,56.0,484,9,張田昂,新井清,,5,1:43.7,40.0,1-1-1-1,7,484,9
2022/03/24,船橋,9,三咲特別Ｂ３一,1600,ダ,左,不良,晴,10,6,6,コンセプト,牡,4,56.0,478,15,本橋孝,小久智,,6,1:43.8,39.7,7-8-5-5,5,478,15
2022/03/24,船橋,9,三咲特別Ｂ３一,1600,ダ,左,不良,晴,10,4,4,ビービーリバイブ,牡,4,56.0,459,3,庄司大,張田京,,7,1:43.9,39.8,4-4-4-4,3,459,3
2022/03/24,船橋,9,三咲特別Ｂ３一,1600,ダ,左,不良,晴,10,2,2,ロンリーウェイ,牡,6,53.0,482,-9,木間龍,川島一,,8,1:44.3,39.7,9-9-9-7,9,482,-9
2022/03/24,船橋,9,三咲特別Ｂ３一,1600,ダ,左,不良,晴,10,7,7,トイトイトイ,牡,9,56.0,462,-3,山口達,林正人,,9,1:44.4,39.8,6-6-8-9,10,462,-3
2022/03/24,船橋,9,三咲特別Ｂ３一,1600,ダ,左,不良,晴,10,3,3,ノボリターン,牡,6,56.0,492,16,石崎駿,坂本昇,,10,1:45.2,39.6,10-10-10-10,8,492,16
2022/03/24,船橋,10,駿風スプリントＢ２選抜馬,1200,ダ,左,不良,晴,12,6,8,ポンペイワーム,牡,6,56.0,524,-12,岡村健,岡林光,,1,1:14.0,37.1,5-3-3,2,524,-12
2022/03/24,船橋,10,駿風スプリントＢ２選抜馬,1200,ダ,左,不良,晴,12,8,11,モズアンビリバボー,牡,4,56.0,482,2,和田譲,鈴木義,,2,1:14.6,37.4,6-7-5,5,482,2
2022/03/24,船橋,10,駿風スプリントＢ２選抜馬,1200,ダ,左,不良,晴,12,7,9,マイクハージュ,牡,4,56.0,464,2,笹川翼,川島一,,3,1:15.1,38.3,3-2-2,1,464,2
2022/03/24,船橋,10,駿風スプリントＢ２選抜馬,1200,ダ,左,不良,晴,12,5,5,プレイングファイア,牡,6,56.0,452,-5,森泰斗,新井清,,4,1:15.2,37.6,10-9-7,4,452,-5
2022/03/24,船橋,10,駿風スプリントＢ２選抜馬,1200,ダ,左,不良,晴,12,3,3,マイハンプス,牝,4,54.0,477,-9,張田昂,山下之,,5,1:15.3,38.2,8-4-4,3,477,-9
2022/03/24,船橋,10,駿風スプリントＢ２選抜馬,1200,ダ,左,不良,晴,12,6,7,マッドシェリー,牝,4,50.0,449,-3,神尾香,山田質,,6,1:15.5,38.7,1-1-1,6,449,-3
2022/03/24,船橋,10,駿風スプリントＢ２選抜馬,1200,ダ,左,不良,晴,12,1,1,ラヴァーズインメイ,牝,7,54.0,501,-2,濱田達,伊藤滋,,7,1:15.8,38.0,9-10-10,11,501,-2
2022/03/24,船橋,10,駿風スプリントＢ２選抜馬,1200,ダ,左,不良,晴,12,2,2,モエレコネクター,牡,6,56.0,514,3,藤本現,齊藤敏,,8,1:16.1,38.7,7-8-6,9,514,3
2022/03/24,船橋,10,駿風スプリントＢ２選抜馬,1200,ダ,左,不良,晴,12,7,10,ガイセン,牡,6,55.0,430,-6,篠谷葵,稲益貴,,9,1:16.5,38.5,11-11-11,7,430,-6
2022/03/24,船橋,10,駿風スプリントＢ２選抜馬,1200,ダ,左,不良,晴,12,4,4,ネコマレー,牝,7,54.0,450,6,笠野雄,渡邊貴,,10,1:16.9,39.8,2-5-8,8,450,6
2022/03/24,船橋,10,駿風スプリントＢ２選抜馬,1200,ダ,左,不良,晴,12,5,6,コアコンピタンス,セ,0,56.0,519,7,山中悠,坂本昇,,11,1:17.0,38.2,12-12-12,12,519,7
2022/03/24,船橋,10,駿風スプリントＢ２選抜馬,1200,ダ,左,不良,晴,12,8,12,クモキリ,牝,5,54.0,470,-3,伊藤裕,甲田悟,,12,1:17.8,40.6,4-6-9,10,470,-3
2022/03/24,船橋,11,京成盃グランドマイラーズ４上オープン,1600,ダ,左,不良,晴,14,6,10,スマイルウィ,牡,5,56.0,564,-3,矢野貴,張田京,,1,1:40.5,38.6,2-2-2-2,4,564,-3
2022/03/24,船橋,11,京成盃グランドマイラーズ４上オープン,1600,ダ,左,不良,晴,14,5,7,カジノフォンテン,牡,6,58.0,531,-14,張田昂,山下之,,2,1:40.6,38.4,6-5-5-5,1,531,-14
2022/03/24,船橋,11,京成盃グランドマイラーズ４上オープン,1600,ダ,左,不良,晴,14,7,12,ギガキング,牡,4,56.0,467,-3,和田譲,稲益貴,,3,1:40.9,38.8,5-6-4-3,3,467,-3
2022/03/24,船橋,11,京成盃グランドマイラーズ４上オープン,1600,ダ,左,不良,晴,14,1,1,モジアナフレイバー,牡,7,56.0,517,3,真島大,福永敏,,4,1:41.0,38.9,4-4-3-4,2,517,3
2022/03/24,船橋,11,京成盃グランドマイラーズ４上オープン,1600,ダ,左,不良,晴,14,2,2,ハイランドピーク,牡,8,56.0,468,-8,町田直,小久智,,5,1:41.0,37.8,10-10-10-8,8,468,-8
2022/03/24,船橋,11,京成盃グランドマイラーズ４上オープン,1600,ダ,左,不良,晴,14,7,11,グレンツェント,牡,9,56.0,478,-1,本田重,藤田輝,,6,1:41.2,38.6,9-9-8-6,7,478,-1
2022/03/24,船橋,11,京成盃グランドマイラーズ４上オープン,1600,ダ,左,不良,晴,14,3,3,ゴールドホイヤー,牡,5,56.0,492,-6,山崎誠,岩本洋,,7,1:41.3,37.6,13-13-12-14,9,492,-6
2022/03/24,船橋,11,京成盃グランドマイラーズ４上オープン,1600,ダ,左,不良,晴,14,4,6,ティーズダンク,牡,5,57.0,511,-6,笹川翼,水野貴,,8,1:41.4,38.8,8-7-7-7,5,511,-6
2022/03/24,船橋,11,京成盃グランドマイラーズ４上オープン,1600,ダ,左,不良,晴,14,4,5,ラッキードリーム,牡,4,56.0,521,-2,本橋孝,池田孝,,9,1:41.8,38.3,11-11-11-11,6,521,-2
2022/03/24,船橋,11,京成盃グランドマイラーズ４上オープン,1600,ダ,左,不良,晴,14,8,13,リュウノシンゲン,牡,4,56.0,499,-1,西啓太,池田孝,,10,1:42.3,39.3,7-8-9-9,11,499,-1
2022/03/24,船橋,11,京成盃グランドマイラーズ４上オープン,1600,ダ,左,不良,晴,14,3,4,チェスナットコート,牡,8,56.0,473,-7,岡村健,小久智,,11,1:42.3,38.6,14-14-14-13,12,473,-7
2022/03/24,船橋,11,京成盃グランドマイラーズ４上オープン,1600,ダ,左,不良,晴,14,5,8,ケラススヴィア,牝,4,54.0,447,4,森泰斗,小久智,,12,1:42.7,40.9,1-1-1-1,10,447,4
2022/03/24,船橋,11,京成盃グランドマイラーズ４上オープン,1600,ダ,左,不良,晴,14,8,14,マイネルサーパス,牡,6,56.0,510,6,秋元耕,山越光,,13,1:44.0,40.3,12-12-13-12,14,510,6
2022/03/24,船橋,11,京成盃グランドマイラーズ４上オープン,1600,ダ,左,不良,晴,14,6,9,グランドロワ,牡,8,56.0,506,-2,藤本現,中道啓,,14,1:44.3,41.9,3-3-6-10,13,506,-2
2022/03/24,船橋,12,アメトリン２２００Ｃ２選抜馬イ,2200,ダ,左,不良,晴,12,6,8,エンシェントアイル,牡,4,56.0,563,14,笹川翼,米谷康,,1,2:26.9,39.9,1-1-1-1,3,563,14
2022/03/24,船橋,12,アメトリン２２００Ｃ２選抜馬イ,2200,ダ,左,不良,晴,12,5,5,ディープステイト,牡,4,56.0,475,1,福原杏,齊藤敏,,2,2:27.6,39.8,11-9-10-7,2,475,1
2022/03/24,船橋,12,アメトリン２２００Ｃ２選抜馬イ,2200,ダ,左,不良,晴,12,1,1,ジオパークマグマ,牡,4,56.0,464,2,加藤和,川島豊,,3,2:27.8,40.1,8-7-7-5,5,464,2
2022/03/24,船橋,12,アメトリン２２００Ｃ２選抜馬イ,2200,ダ,左,不良,晴,12,7,10,サーフシェイパー,牡,6,56.0,463,-1,山口達,出川克,,4,2:28.4,40.8,7-8-6-6,7,463,-1
2022/03/24,船橋,12,アメトリン２２００Ｃ２選抜馬イ,2200,ダ,左,不良,晴,12,8,11,サフランポケット,牡,4,57.0,479,-4,森泰斗,平山真,,5,2:28.5,41.1,4-4-3-2,1,479,-4
2022/03/24,船橋,12,アメトリン２２００Ｃ２選抜馬イ,2200,ダ,左,不良,晴,12,3,3,キタノマンゲツ,牡,4,56.0,444,2,本田重,山中尊,,6,2:28.6,40.8,10-10-9-8,10,444,2
2022/03/24,船橋,12,アメトリン２２００Ｃ２選抜馬イ,2200,ダ,左,不良,晴,12,4,4,ゴールドクレスト,牡,5,56.0,487,5,岡村健,宮下靖,,7,2:28.8,41.0,5-6-8-9,6,487,5
2022/03/24,船橋,12,アメトリン２２００Ｃ２選抜馬イ,2200,ダ,左,不良,晴,12,6,7,ザイマカ,牡,8,56.0,484,-1,山崎誠,林隆之,,8,2:28.8,41.4,3-3-2-3,8,484,-1
2022/03/24,船橋,12,アメトリン２２００Ｃ２選抜馬イ,2200,ダ,左,不良,晴,12,5,6,ガイディングスター,セ,0,56.0,464,-2,今野忠,佐々清,,9,2:29.3,41.8,6-5-4-4,4,464,-2
2022/03/24,船橋,12,アメトリン２２００Ｃ２選抜馬イ,2200,ダ,左,不良,晴,12,7,9,キングエド,セ,0,56.0,482,-2,庄司大,石井勝,,10,2:29.6,42.1,2-2-5-10,11,482,-2
2022/03/24,船橋,12,アメトリン２２００Ｃ２選抜馬イ,2200,ダ,左,不良,晴,12,8,12,オウケンランボー,牡,6,56.0,531,-6,吉留孝,薮口一,,11,2:30.0,41.2,12-12-11-11,12,531,-6
2022/03/24,船橋,12,アメトリン２２００Ｃ２選抜馬イ,2200,ダ,左,不良,晴,12,2,2,ガッサンノリュウ,牡,6,56.0,423,1,小杉亮,矢野義,,12,2:31.3,41.5,9-11-12-12,9,423,1
2022/03/25,船橋,1,３歳未出走,1200,ダ,左,重,晴,5,3,3,オリンギート,牡,3,56.0,0,0,本橋孝,石井勝,,1,1:16.2,39.6,3-2-2,1,0,0
2022/03/25,船橋,1,３歳未出走,1200,ダ,左,重,晴,5,4,4,エイシンプライム,牝,3,54.0,0,0,小杉亮,矢野義,,2,1:16.5,39.8,2-3-3,3,0,0
2022/03/25,船橋,1,３歳未出走,1200,ダ,左,重,晴,5,2,2,キャッスルステラ,牝,3,54.0,0,0,笹川翼,渋谷博,,3,1:18.2,41.6,1-1-1,2,0,0
2022/03/25,船橋,1,３歳未出走,1200,ダ,左,重,晴,5,1,1,アークスター,牝,3,54.0,0,0,西村栄,伊藤滋,,4,1:19.8,41.9,4-4-4,5,0,0
2022/03/25,船橋,1,３歳未出走,1200,ダ,左,重,晴,5,5,5,マッドネスカズ,牡,3,56.0,0,0,岡村健,阿井正,,5,1:23.9,44.6,5-5-5,4,0,0
2022/03/25,船橋,2,３歳八,1200,ダ,左,重,晴,10,1,1,マコトヤマドリゲ,牝,3,54.0,410,3,本田重,川島一,,1,1:17.8,38.3,8-7-6,3,410,3
2022/03/25,船橋,2,３歳八,1200,ダ,左,重,晴,10,2,2,ハクサンアロー,牡,3,56.0,504,7,本橋孝,矢野義,,2,1:18.1,39.4,1-1-1,1,504,7
2022/03/25,船橋,2,３歳八,1200,ダ,左,重,晴,10,8,9,アイノハリケーン,牡,3,56.0,460,2,山口達,阿井正,,3,1:19.2,40.1,6-3-3,4,460,2
2022/03/25,船橋,2,３歳八,1200,ダ,左,重,晴,10,7,7,ユカリン,牡,3,56.0,487,9,濱田達,伊藤滋,,4,1:19.3,40.4,2-2-2,6,487,9
2022/03/25,船橋,2,３歳八,1200,ダ,左,重,晴,10,4,4,バジガクフローレス,牡,3,56.0,402,-2,笠野雄,山中尊,,5,1:19.9,40.2,4-8-7,9,402,-2
2022/03/25,船橋,2,３歳八,1200,ダ,左,重,晴,10,7,8,マドモアゼルボーテ,牝,3,54.0,402,-2,山中悠,張田京,,6,1:20.3,41.0,5-4-4,5,402,-2
2022/03/25,船橋,2,３歳八,1200,ダ,左,重,晴,10,3,3,ベストパフォマンス,牡,3,56.0,471,-1,庄司大,岡林光,,7,1:20.4,40.5,7-9-8,2,471,-1
2022/03/25,船橋,2,３歳八,1200,ダ,左,重,晴,10,6,6,バジガクデニム,牝,3,54.0,399,3,小杉亮,山中尊,,8,1:20.5,41.2,3-5-5,7,399,3
2022/03/25,船橋,2,３歳八,1200,ダ,左,重,晴,10,5,5,ワンタイム,牝,3,54.0,398,-2,西村栄,玉井勝,,9,1:20.5,39.8,10-10-10,10,398,-2
2022/03/25,船橋,2,３歳八,1200,ダ,左,重,晴,10,8,10,モーシッシ,牡,3,56.0,477,0,野澤憲,佐々清,,10,1:20.7,41.2,9-6-9,8,477,0
2022/03/25,船橋,3,３歳七,1200,ダ,左,重,晴,11,6,6,マックロマン,牡,3,56.0,458,2,山本紀,渋谷博,,1,1:17.7,39.7,1-1-1,3,458,2
2022/03/25,船橋,3,３歳七,1200,ダ,左,重,晴,11,6,7,サキノビジュー,牝,3,54.0,462,0,小杉亮,林　幻,,2,1:18.6,40.4,2-2-2,1,462,0
2022/03/25,船橋,3,３歳七,1200,ダ,左,重,晴,11,7,8,ビナフエ,牝,3,54.0,430,11,酒井忍,矢野義,,3,1:18.9,40.4,4-4-4,4,430,11
2022/03/25,船橋,3,３歳七,1200,ダ,左,重,晴,11,1,1,カンノンカイエン,牡,3,56.0,392,-6,庄司大,玉井等,,4,1:19.0,40.1,5-6-5,7,392,-6
2022/03/25,船橋,3,３歳七,1200,ダ,左,重,晴,11,2,2,リュウノジャック,牡,3,56.0,476,0,濱田達,齊藤敏,,5,1:19.0,40.6,3-3-3,5,476,0
2022/03/25,船橋,3,３歳七,1200,ダ,左,重,晴,11,8,10,デナーリス,牝,3,54.0,451,19,矢野貴,川島一,,6,1:19.1,40.3,6-5-6,2,451,19
2022/03/25,船橋,3,３歳七,1200,ダ,左,重,晴,11,8,11,グリンベース,牝,3,51.0,461,1,木間龍,新井清,,7,1:19.5,40.2,9-8-8,9,461,1
2022/03/25,船橋,3,３歳七,1200,ダ,左,重,晴,11,4,4,ディジャーノ,牝,3,54.0,414,-8,笠野雄,山中尊,,8,1:19.7,40.4,7-7-7,6,414,-8
2022/03/25,船橋,3,３歳七,1200,ダ,左,重,晴,11,5,5,フォーカスナチュレ,セ,0,55.0,427,8,篠谷葵,矢内博,,9,1:19.7,40.1,8-9-9,10,427,8
2022/03/25,船橋,3,３歳七,1200,ダ,左,重,晴,11,7,9,リュウノケプカ,セ,0,56.0,505,1,和田譲,齊藤敏,,10,1:22.0,41.9,11-11-11,8,505,1
2022/03/25,船橋,3,３歳七,1200,ダ,左,重,晴,11,3,3,カミノクレム,牝,3,54.0,378,-14,實川純,佐々功,,11,1:22.0,42.1,10-10-10,11,378,-14
2022/03/25,船橋,4,Ｃ３二 三,1500,ダ,左,重,晴,12,8,12,トーアクリスティー,牝,7,54.0,400,1,福原杏,齊藤敏,,1,1:37.5,39.3,12-11-9-7,3,400,1
2022/03/25,船橋,4,Ｃ３二 三,1500,ダ,左,重,晴,12,8,11,フェスタジョーヌ,牡,7,56.0,474,-11,町田直,川島一,,2,1:37.9,40.6,4-3-3-2,7,474,-11
2022/03/25,船橋,4,Ｃ３二 三,1500,ダ,左,重,晴,12,5,5,レッドチェイサー,セ,0,56.0,476,-2,笹川翼,坂本昇,,3,1:38.5,41.0,3-4-4-4,5,476,-2
2022/03/25,船橋,4,Ｃ３二 三,1500,ダ,左,重,晴,12,5,6,ザワールド,牝,7,54.0,473,-5,岡村健,伊藤滋,,4,1:38.7,40.6,7-7-7-8,6,473,-5
2022/03/25,船橋,4,Ｃ３二 三,1500,ダ,左,重,晴,12,2,2,トリテレイア,牝,6,54.0,422,6,加藤和,玉井昇,,5,1:38.9,41.0,6-6-6-5,2,422,6
2022/03/25,船橋,4,Ｃ３二 三,1500,ダ,左,重,晴,12,7,9,スマートミニヨン,牝,4,54.0,432,10,笠野雄,山中尊,,6,1:39.2,42.1,2-2-2-1,8,432,10
2022/03/25,船橋,4,Ｃ３二 三,1500,ダ,左,重,晴,12,6,7,ベルクオーレ,牝,9,54.0,473,1,西村栄,佐々功,,7,1:40.0,41.5,10-10-10-10,11,473,1
2022/03/25,船橋,4,Ｃ３二 三,1500,ダ,左,重,晴,12,6,8,プラズマテイル,牝,5,54.0,429,-7,山崎誠,米谷康,,8,1:40.4,42.7,5-5-5-6,4,429,-7
2022/03/25,船橋,4,Ｃ３二 三,1500,ダ,左,重,晴,12,3,3,ホワイトエース,牝,5,54.0,446,-1,櫻井光,河津裕,,9,1:40.6,42.5,8-8-8-9,9,446,-1
2022/03/25,船橋,4,Ｃ３二 三,1500,ダ,左,重,晴,12,1,1,クリストバウム,セ,0,56.0,451,5,半澤慶,吉田正,,10,1:40.8,42.3,9-9-11-11,12,451,5
2022/03/25,船橋,4,Ｃ３二 三,1500,ダ,左,重,晴,12,7,10,ブランヴィサージュ,牡,7,56.0,489,1,山口達,林正人,,11,1:41.0,43.9,1-1-1-3,1,489,1
2022/03/25,船橋,4,Ｃ３二 三,1500,ダ,左,重,晴,12,4,4,エンパワーメント,セ,0,56.0,466,11,山中悠,山下之,,12,1:43.8,45.1,11-12-12-12,10,466,11
2022/03/25,船橋,5,Ｃ３一特選,1500,ダ,左,重,晴,12,8,11,ビービークラージュ,牡,4,56.0,470,-4,庄司大,稲益貴,,1,1:37.8,39.6,3-4-3-3,2,470,-4
2022/03/25,船橋,5,Ｃ３一特選,1500,ダ,左,重,晴,12,4,4,トミケンミステリオ,牡,6,56.0,471,-7,矢野貴,伊藤滋,,2,1:37.8,39.7,2-2-2-1,1,471,-7
2022/03/25,船橋,5,Ｃ３一特選,1500,ダ,左,重,晴,12,5,6,ミチノシチリア,牡,4,56.0,467,-2,和田譲,齊藤敏,,3,1:38.7,40.3,5-5-5-4,5,467,-2
2022/03/25,船橋,5,Ｃ３一特選,1500,ダ,左,重,晴,12,1,1,ウインドカクテル,牝,6,54.0,467,1,本田重,新井清,,4,1:38.9,40.8,1-1-1-2,6,467,1
2022/03/25,船橋,5,Ｃ３一特選,1500,ダ,左,重,晴,12,6,7,トキノレーヴ,牝,4,54.0,411,0,櫻井光,八木喜,,5,1:39.0,40.6,4-3-4-5,12,411,0
2022/03/25,船橋,5,Ｃ３一特選,1500,ダ,左,重,晴,12,7,9,ハイドアンドシーク,牡,4,56.0,553,4,森泰斗,山中尊,,6,1:39.1,40.4,9-9-6-6,3,553,4
2022/03/25,船橋,5,Ｃ３一特選,1500,ダ,左,重,晴,12,6,8,ジーアンドゴー,牡,8,56.0,458,-2,張田昂,張田京,,7,1:39.2,40.3,10-10-7-8,10,458,-2
2022/03/25,船橋,5,Ｃ３一特選,1500,ダ,左,重,晴,12,7,10,アントーニオ,セ,0,56.0,451,4,笹川翼,新井清,,8,1:39.5,40.4,11-11-11-10,4,451,4
2022/03/25,船橋,5,Ｃ３一特選,1500,ダ,左,重,晴,12,2,2,アタンドラヴニール,セ,0,55.0,502,-7,池谷匠,内田勝,,9,1:39.7,40.8,8-8-8-7,11,502,-7
2022/03/25,船橋,5,Ｃ３一特選,1500,ダ,左,重,晴,12,5,5,エリートバイオ,牡,5,56.0,478,1,藤江渉,山崎尋,,10,1:39.8,40.1,12-12-12-12,8,478,1
2022/03/25,船橋,5,Ｃ３一特選,1500,ダ,左,重,晴,12,8,12,トルトゥーガ,牡,4,56.0,478,4,山林信,村田順,,11,1:39.9,41.0,7-6-10-11,7,478,4
2022/03/25,船橋,5,Ｃ３一特選,1500,ダ,左,重,晴,12,3,3,ハクサンストロング,牡,6,56.0,474,-5,小杉亮,矢野義,,12,1:40.4,41.5,6-7-9-9,9,474,-5
2022/03/25,船橋,6,Ｃ２十 十一,1500,ダ,左,重,晴,12,4,4,ワンリーフ,牡,7,56.0,465,4,矢野貴,川島一,,1,1:38.3,40.5,1-1-1-1,1,465,4
2022/03/25,船橋,6,Ｃ２十 十一,1500,ダ,左,重,晴,12,5,6,イシノビバーチェ,牡,5,56.0,435,-5,仲野光,玉井等,,2,1:38.3,40.2,2-2-2-2,4,435,-5
2022/03/25,船橋,6,Ｃ２十 十一,1500,ダ,左,重,晴,12,6,7,セイウンミレイア,牝,5,54.0,469,-9,岡田大,冨田敏,,3,1:38.6,40.5,3-3-3-3,8,469,-9
2022/03/25,船橋,6,Ｃ２十 十一,1500,ダ,左,重,晴,12,3,3,ラピッドフロウ,牝,4,53.0,418,-8,池谷匠,今井輝,,4,1:38.8,40.2,4-5-6-6,5,418,-8
2022/03/25,船橋,6,Ｃ２十 十一,1500,ダ,左,重,晴,12,7,10,カズブレイド,牡,5,57.0,515,-7,岡村健,阿井正,,5,1:38.9,40.4,6-6-5-4,3,515,-7
2022/03/25,船橋,6,Ｃ２十 十一,1500,ダ,左,重,晴,12,8,11,ペイシャセイント,牡,4,56.0,453,-3,櫻井光,佐々仁,,6,1:39.4,40.5,12-10-7-7,7,453,-3
2022/03/25,船橋,6,Ｃ２十 十一,1500,ダ,左,重,晴,12,5,5,スペルガッサン,牝,4,51.0,426,7,木間龍,坂本昇,,7,1:40.1,40.2,11-12-12-10,10,426,7
2022/03/25,船橋,6,Ｃ２十 十一,1500,ダ,左,重,晴,12,1,1,ジョリルミエール,牝,7,50.0,444,7,神尾香,宮下靖,,8,1:40.3,41.8,5-4-4-5,9,444,7
2022/03/25,船橋,6,Ｃ２十 十一,1500,ダ,左,重,晴,12,6,8,アトゥ,牡,5,56.0,496,-6,石崎駿,矢野義,,9,1:40.4,40.7,7-9-11-12,2,496,-6
2022/03/25,船橋,6,Ｃ２十 十一,1500,ダ,左,重,晴,12,2,2,シニスターシックス,牝,4,54.0,390,-5,藤江渉,山田質,,10,1:40.6,41.1,9-8-8-8,11,390,-5
2022/03/25,船橋,6,Ｃ２十 十一,1500,ダ,左,重,晴,12,8,12,フラワーリスペクト,牝,4,54.0,432,-6,小杉亮,山下之,,11,1:41.2,41.5,10-11-10-11,6,432,-6
2022/03/25,船橋,6,Ｃ２十 十一,1500,ダ,左,重,晴,12,7,9,クラウンデフィート,牡,5,56.0,471,-3,山中悠,石井勝,,12,1:41.4,41.9,8-7-9-9,12,471,-3
2022/03/25,船橋,7,Ｃ３二 三,1200,ダ,左,重,晴,12,6,8,ビービーミューズ,牝,4,54.0,459,-11,町田直,稲益貴,,1,1:17.0,39.5,1-1-1,4,459,-11
2022/03/25,船橋,7,Ｃ３二 三,1200,ダ,左,重,晴,12,7,9,エルヴス,牝,8,54.0,497,17,森泰斗,佐藤太,,2,1:17.2,39.5,2-2-2,1,497,17
2022/03/25,船橋,7,Ｃ３二 三,1200,ダ,左,重,晴,12,8,12,ロイクラトン,セ,0,56.0,466,-11,増田充,村田六,,3,1:17.6,39.3,11-10-5,10,466,-11
2022/03/25,船橋,7,Ｃ３二 三,1200,ダ,左,重,晴,12,7,10,ホシノウチカケ,牝,6,54.0,458,-3,張田昂,渡邊貴,,4,1:17.7,39.6,7-6-7,6,458,-3
2022/03/25,船橋,7,Ｃ３二 三,1200,ダ,左,重,晴,12,2,2,フレンチチェリー,牝,6,53.0,446,-4,篠谷葵,岡林光,,5,1:18.1,40.2,4-5-4,3,446,-4
2022/03/25,船橋,7,Ｃ３二 三,1200,ダ,左,重,晴,12,3,3,プレストウイング,牡,4,56.0,479,0,岡村健,玉井勝,,6,1:18.2,40.1,9-7-9,12,479,0
2022/03/25,船橋,7,Ｃ３二 三,1200,ダ,左,重,晴,12,6,7,モズキゾク,牡,4,56.0,442,-5,仲野光,波多健,,7,1:18.4,40.0,10-12-12,2,442,-5
2022/03/25,船橋,7,Ｃ３二 三,1200,ダ,左,重,晴,12,1,1,トモエタカ,牡,5,56.0,452,6,川島正,石井勝,,8,1:18.4,40.5,3-3-3,5,452,6
2022/03/25,船橋,7,Ｃ３二 三,1200,ダ,左,重,晴,12,5,5,クレバーレディー,牝,7,54.0,490,-3,山中悠,渡邊貴,,9,1:18.5,40.2,12-11-11,9,490,-3
2022/03/25,船橋,7,Ｃ３二 三,1200,ダ,左,重,晴,12,5,6,フォルチェーロ,牝,5,54.0,476,-5,伊藤裕,久保秀,,10,1:19.0,41.1,5-4-6,7,476,-5
2022/03/25,船橋,7,Ｃ３二 三,1200,ダ,左,重,晴,12,4,4,ミスターエイジュン,セ,0,56.0,453,-11,山本紀,伊藤滋,,11,1:19.8,41.7,8-9-10,8,453,-11
2022/03/25,船橋,7,Ｃ３二 三,1200,ダ,左,重,晴,12,8,11,アリオス,牝,9,54.0,419,-3,笠野雄,玉井勝,,12,1:19.9,41.8,6-8-8,11,419,-3
2022/03/25,船橋,8,馬い！八幡平のフキノトウ発売Ｃ２十 十一,1200,ダ,左,重,晴,12,7,10,ペイシャムスビ,牝,4,54.0,483,-5,張田昂,張田京,,1,1:15.0,37.3,2-2-2,1,483,-5
2022/03/25,船橋,8,馬い！八幡平のフキノトウ発売Ｃ２十 十一,1200,ダ,左,重,晴,12,6,8,ユーデモニクス,セ,0,56.0,471,-7,笹川翼,新井清,,2,1:15.4,37.8,1-1-1,3,471,-7
2022/03/25,船橋,8,馬い！八幡平のフキノトウ発売Ｃ２十 十一,1200,ダ,左,重,晴,12,4,4,フレンドジェイ,牡,4,56.0,484,2,藤本現,佐々功,,3,1:16.7,38.8,6-5-4,10,484,2
2022/03/25,船橋,8,馬い！八幡平のフキノトウ発売Ｃ２十 十一,1200,ダ,左,重,晴,12,2,2,フィーリウスワン,牡,4,56.0,473,3,和田譲,林　幻,,4,1:16.8,38.9,5-4-3,4,473,3
2022/03/25,船橋,8,馬い！八幡平のフキノトウ発売Ｃ２十 十一,1200,ダ,左,重,晴,12,5,5,ブロウンアウェイ,牝,5,54.0,452,1,本橋孝,渡邊貴,,5,1:17.1,38.4,11-10-10,7,452,1
2022/03/25,船橋,8,馬い！八幡平のフキノトウ発売Ｃ２十 十一,1200,ダ,左,重,晴,12,1,1,フェーバーラッシュ,牡,4,56.0,494,6,矢野貴,山下之,,6,1:17.3,39.0,8-7-6,2,494,6
2022/03/25,船橋,8,馬い！八幡平のフキノトウ発売Ｃ２十 十一,1200,ダ,左,重,晴,12,3,3,エスシーゾロ,牡,5,56.0,493,-5,山中悠,渡邊貴,,7,1:17.8,39.1,10-11-9,5,493,-5
2022/03/25,船橋,8,馬い！八幡平のフキノトウ発売Ｃ２十 十一,1200,ダ,左,重,晴,12,6,7,イナリンクローバー,牝,5,53.0,457,-12,篠谷葵,山田信,,8,1:17.9,39.5,9-8-7,9,457,-12
2022/03/25,船橋,8,馬い！八幡平のフキノトウ発売Ｃ２十 十一,1200,ダ,左,重,晴,12,7,9,アオイマジェスティ,牝,4,54.0,503,-1,小杉亮,矢野義,,9,1:18.0,38.7,12-12-12,8,503,-1
2022/03/25,船橋,8,馬い！八幡平のフキノトウ発売Ｃ２十 十一,1200,ダ,左,重,晴,12,5,6,アミフジウジョウ,牡,5,53.0,473,-4,木間龍,矢野義,,10,1:18.2,39.7,7-9-11,6,473,-4
2022/03/25,船橋,8,馬い！八幡平のフキノトウ発売Ｃ２十 十一,1200,ダ,左,重,晴,12,8,12,エコロジーガール,牝,4,53.0,506,10,古岡勇,伊藤滋,,11,1:18.4,40.5,3-3-5,11,506,10
2022/03/25,船橋,8,馬い！八幡平のフキノトウ発売Ｃ２十 十一,1200,ダ,左,重,晴,12,8,11,エムワンブラッサム,牝,4,54.0,439,11,内田利,佐々功,,12,1:18.4,40.3,4-6-8,12,439,11
2022/03/25,船橋,9,春興賞Ｃ１一,1600,ダ,左,重,晴,13,7,11,スパラキシス,牝,4,53.0,487,0,篠谷葵,林正人,,1,1:43.2,39.5,10-8-8-5,5,487,0
2022/03/25,船橋,9,春興賞Ｃ１一,1600,ダ,左,重,晴,13,7,10,タイセイフリート,セ,0,56.0,483,-4,町田直,山田信,,2,1:43.2,40.3,4-4-4-3,2,483,-4
2022/03/25,船橋,9,春興賞Ｃ１一,1600,ダ,左,重,晴,13,5,6,モンチ,牡,4,56.0,471,-1,川島正,山田信,,3,1:43.5,38.3,11-11-12-12,9,471,-1
2022/03/25,船橋,9,春興賞Ｃ１一,1600,ダ,左,重,晴,13,8,13,スパイスアップ,牡,4,56.0,487,-4,實川純,佐々功,,4,1:43.5,39.3,9-10-10-10,12,487,-4
2022/03/25,船橋,9,春興賞Ｃ１一,1600,ダ,左,重,晴,13,5,7,キトゥンズルンバ,セ,0,56.0,450,-11,石崎駿,出川克,,5,1:43.8,40.3,7-7-6-7,3,450,-11
2022/03/25,船橋,9,春興賞Ｃ１一,1600,ダ,左,重,晴,13,6,8,クロヒョウ,牡,6,56.0,498,0,矢野貴,伊藤滋,,6,1:43.9,41.2,2-2-1-1,1,498,0
2022/03/25,船橋,9,春興賞Ｃ１一,1600,ダ,左,重,晴,13,1,1,バルトフォンテン,セ,0,56.0,482,-40,本橋孝,矢内博,,7,1:43.9,39.1,12-12-11-11,8,482,-40
2022/03/25,船橋,9,春興賞Ｃ１一,1600,ダ,左,重,晴,13,8,12,ブライトアクトレス,牝,6,54.0,515,0,笹川翼,齊藤敏,,8,1:44.4,40.3,8-9-9-9,7,515,0
2022/03/25,船橋,9,春興賞Ｃ１一,1600,ダ,左,重,晴,13,4,4,シダデカサドール,牡,4,55.0,486,-3,池谷匠,栗林信,,9,1:44.7,41.6,5-5-5-6,10,486,-3
2022/03/25,船橋,9,春興賞Ｃ１一,1600,ダ,左,重,晴,13,2,2,セントレガーロ,牝,4,54.0,447,5,岡村健,岡林光,,10,1:45.0,41.4,6-6-7-8,11,447,5
2022/03/25,船橋,9,春興賞Ｃ１一,1600,ダ,左,重,晴,13,3,3,オーケーパッション,牝,4,54.0,482,-1,本田重,小久智,,11,1:45.3,42.6,1-1-2-2,4,482,-1
2022/03/25,船橋,9,春興賞Ｃ１一,1600,ダ,左,重,晴,13,4,5,アークエンジェル,牡,4,53.0,448,-5,木間龍,新井健,,12,1:45.8,39.8,13-13-13-13,13,448,-5
2022/03/25,船橋,9,春興賞Ｃ１一,1600,ダ,左,重,晴,13,6,9,ビクトリーサイト,牡,4,56.0,487,16,小杉亮,矢野義,,13,1:45.9,43.0,3-3-3-4,6,487,16
2022/03/25,船橋,10,ＤＩＧＩＴＡＬ賞Ｂ１,1700,ダ,左,重,晴,14,3,4,ノットリグレット,牡,4,56.0,453,-6,笹川翼,川島一,,1,1:48.0,38.2,4-4-5-3,1,453,-6
2022/03/25,船橋,10,ＤＩＧＩＴＡＬ賞Ｂ１,1700,ダ,左,重,晴,14,4,6,スズノアリュール,牡,7,55.0,503,1,篠谷葵,山中尊,,2,1:48.4,39.3,3-3-2-2,7,503,1
2022/03/25,船橋,10,ＤＩＧＩＴＡＬ賞Ｂ１,1700,ダ,左,重,晴,14,6,9,タイセイメガロス,牡,5,56.0,449,4,張田昂,山田信,,3,1:49.2,39.2,7-7-6-5,2,449,4
2022/03/25,船橋,10,ＤＩＧＩＴＡＬ賞Ｂ１,1700,ダ,左,重,晴,14,5,8,キタサンヴィクター,牡,7,56.0,519,0,和田譲,稲益貴,,4,1:49.3,39.1,6-6-7-6,6,519,0
2022/03/25,船橋,10,ＤＩＧＩＴＡＬ賞Ｂ１,1700,ダ,左,重,晴,14,4,5,ララパルーザ,牡,9,56.0,546,-9,森泰斗,佐藤太,,5,1:49.6,39.9,5-5-3-4,3,546,-9
2022/03/25,船橋,10,ＤＩＧＩＴＡＬ賞Ｂ１,1700,ダ,左,重,晴,14,7,11,キングアンドアイ,セ,0,56.0,508,-3,本田重,岡林光,,6,1:49.7,39.3,9-9-8-7,4,508,-3
2022/03/25,船橋,10,ＤＩＧＩＴＡＬ賞Ｂ１,1700,ダ,左,重,晴,14,8,13,フィールオーケー,牡,6,56.0,482,0,矢野貴,川島一,,7,1:50.9,40.1,11-10-11-9,9,482,0
2022/03/25,船橋,10,ＤＩＧＩＴＡＬ賞Ｂ１,1700,ダ,左,重,晴,14,3,3,デジマノハナ,牝,5,54.0,474,1,町田直,山下之,,8,1:51.1,42.1,1-1-1-1,8,474,1
2022/03/25,船橋,10,ＤＩＧＩＴＡＬ賞Ｂ１,1700,ダ,左,重,晴,14,2,2,ビークイック,牡,9,56.0,484,-2,石崎駿,石井勝,,9,1:51.3,39.0,14-14-14-14,11,484,-2
2022/03/25,船橋,10,ＤＩＧＩＴＡＬ賞Ｂ１,1700,ダ,左,重,晴,14,6,10,クラトリガー,牡,8,56.0,503,-4,酒井忍,矢野義,,10,1:51.3,40.0,13-13-13-12,13,503,-4
2022/03/25,船橋,10,ＤＩＧＩＴＡＬ賞Ｂ１,1700,ダ,左,重,晴,14,7,12,レベルスリー,牡,7,56.0,456,5,山口達,林正人,,11,1:51.3,40.4,12-12-12-10,10,456,5
2022/03/25,船橋,10,ＤＩＧＩＴＡＬ賞Ｂ１,1700,ダ,左,重,晴,14,1,1,ストームドッグ,セ,0,56.0,433,3,山中悠,伊藤滋,,12,1:51.8,41.1,8-8-9-8,12,433,3
2022/03/25,船橋,10,ＤＩＧＩＴＡＬ賞Ｂ１,1700,ダ,左,重,晴,14,5,7,アットザヘルム,牡,8,53.0,484,0,木間龍,佐藤太,,13,1:52.7,41.9,10-11-10-13,14,484,0
2022/03/25,船橋,10,ＤＩＧＩＴＡＬ賞Ｂ１,1700,ダ,左,重,晴,14,8,14,ストームガスト,牡,6,56.0,479,-4,藤本現,伊藤滋,,14,1:55.1,45.4,2-2-4-11,5,479,-4
2022/03/25,船橋,11,雪柳スプリントＡ２Ｂ１選抜馬,1200,ダ,左,重,晴,12,7,9,メイケイライジン,牡,8,55.0,510,4,本田重,新井清,,1,1:13.8,38.1,4-3-3,3,510,4
2022/03/25,船橋,11,雪柳スプリントＡ２Ｂ１選抜馬,1200,ダ,左,重,晴,12,3,3,シャドウハンター,牡,6,55.0,533,-10,笹川翼,池田孝,,2,1:14.2,38.3,1-4-4,6,533,-10
2022/03/25,船橋,11,雪柳スプリントＡ２Ｂ１選抜馬,1200,ダ,左,重,晴,12,7,10,ファイナルキング,牡,4,57.0,481,-1,藤本現,林正人,,3,1:14.3,38.2,5-5-5,2,481,-1
2022/03/25,船橋,11,雪柳スプリントＡ２Ｂ１選抜馬,1200,ダ,左,重,晴,12,5,6,ブンロート,牡,5,57.0,515,-20,野澤憲,矢野義,,4,1:14.4,39.1,2-1-2,4,515,-20
2022/03/25,船橋,11,雪柳スプリントＡ２Ｂ１選抜馬,1200,ダ,左,重,晴,12,5,5,メイプルグレイト,牡,7,57.0,516,-1,張田昂,渡邊貴,,5,1:14.5,39.2,3-2-1,1,516,-1
2022/03/25,船橋,11,雪柳スプリントＡ２Ｂ１選抜馬,1200,ダ,左,重,晴,12,8,11,キャストロポポ,牡,4,55.0,489,-5,山崎誠,山本学,,6,1:14.6,38.3,7-6-6,5,489,-5
2022/03/25,船橋,11,雪柳スプリントＡ２Ｂ１選抜馬,1200,ダ,左,重,晴,12,6,7,エフェルヴェソンス,牡,7,54.0,484,4,篠谷葵,米谷康,,7,1:14.8,38.2,9-9-7,9,484,4
2022/03/25,船橋,11,雪柳スプリントＡ２Ｂ１選抜馬,1200,ダ,左,重,晴,12,4,4,エラスムス,牡,9,57.0,502,6,今野忠,張田京,,8,1:15.0,38.1,11-11-10,8,502,6
2022/03/25,船橋,11,雪柳スプリントＡ２Ｂ１選抜馬,1200,ダ,左,重,晴,12,1,1,コウユークロガヨカ,牡,6,55.0,488,-4,川島正,佐藤太,,9,1:15.3,38.7,6-8-9,11,488,-4
2022/03/25,船橋,11,雪柳スプリントＡ２Ｂ１選抜馬,1200,ダ,左,重,晴,12,2,2,ノラ,牝,5,53.0,500,11,和田譲,坂本昇,,10,1:15.8,39.2,8-7-8,10,500,11
2022/03/25,船橋,11,雪柳スプリントＡ２Ｂ１選抜馬,1200,ダ,左,重,晴,12,6,8,トキメキライツ,牡,7,55.0,494,-1,山口達,林正人,,11,1:16.4,39.5,10-12-12,7,494,-1
2022/03/25,船橋,11,雪柳スプリントＡ２Ｂ１選抜馬,1200,ダ,左,重,晴,12,8,12,ナガタブラック,牡,6,57.0,549,-4,伊藤裕,岩本洋,,12,1:16.4,39.7,12-10-11,12,549,-4
2022/03/25,船橋,12,ドラマチック２２００Ｂ３Ｃ１選抜馬イ,2200,ダ,左,重,晴,8,5,5,アイキャンテーラー,牡,6,57.0,502,-3,笹川翼,稲益貴,,1,2:26.3,41.0,1-1-1-1,2,502,-3
2022/03/25,船橋,12,ドラマチック２２００Ｂ３Ｃ１選抜馬イ,2200,ダ,左,重,晴,8,8,8,サンチャップリン,セ,0,57.0,548,5,山中悠,伊藤滋,,2,2:27.1,41.7,6-2-3-3,5,548,5
2022/03/25,船橋,12,ドラマチック２２００Ｂ３Ｃ１選抜馬イ,2200,ダ,左,重,晴,8,7,7,マスカテル,牡,5,57.0,495,2,矢野貴,玉井昇,,3,2:27.1,41.8,3-3-2-2,1,495,2
2022/03/25,船橋,12,ドラマチック２２００Ｂ３Ｃ１選抜馬イ,2200,ダ,左,重,晴,8,3,3,マイネルカガヤキ,牡,5,55.0,506,-2,橋本直,平山真,,4,2:27.2,41.0,4-5-4-4,4,506,-2
2022/03/25,船橋,12,ドラマチック２２００Ｂ３Ｃ１選抜馬イ,2200,ダ,左,重,晴,8,1,1,アイノウィステリア,牡,5,57.0,523,-9,石崎駿,石井勝,,5,2:27.9,41.5,7-7-6-5,3,523,-9
2022/03/25,船橋,12,ドラマチック２２００Ｂ３Ｃ１選抜馬イ,2200,ダ,左,重,晴,8,2,2,サヨノイチバン,牝,4,53.0,478,1,増田充,加藤誠,,6,2:29.8,42.6,5-6-7-7,7,478,1
2022/03/25,船橋,12,ドラマチック２２００Ｂ３Ｃ１選抜馬イ,2200,ダ,左,重,晴,8,6,6,コパノメンデス,牡,7,57.0,453,2,小杉亮,凾館一,,7,2:29.8,43.4,2-4-5-6,6,453,2
2022/03/25,船橋,12,ドラマチック２２００Ｂ３Ｃ１選抜馬イ,2200,ダ,左,重,晴,8,4,4,オーシャンバローズ,セ,0,57.0,471,1,今野忠,福永敏,,,,,,,471,1
2022/04/11,船橋,1,３歳六,1200,ダ,左,良,晴,10,8,10,オリンギート,牡,3,56.0,560,1,本橋孝,石井勝,,1,1:17.6,40.0,6-6-6,1,560,1
2022/04/11,船橋,1,３歳六,1200,ダ,左,良,晴,10,8,9,ブラックキャノン,セ,0,56.0,475,3,町田直,稲益貴,,2,1:17.9,40.5,4-4-3,2,475,3
2022/04/11,船橋,1,３歳六,1200,ダ,左,良,晴,10,7,8,クライアンテル,牝,3,54.0,472,-8,左海誠,林正人,,3,1:17.9,39.7,8-7-7,3,472,-8
2022/04/11,船橋,1,３歳六,1200,ダ,左,良,晴,10,6,6,グリジー,牡,3,56.0,433,-3,内田利,佐々功,,4,1:18.6,39.9,10-10-10,6,433,-3
2022/04/11,船橋,1,３歳六,1200,ダ,左,良,晴,10,1,1,トドイワオーシャン,牝,3,54.0,445,0,藤本現,齊藤敏,,5,1:18.6,41.2,5-5-5,4,445,0
2022/04/11,船橋,1,３歳六,1200,ダ,左,良,晴,10,3,3,リュウノカリー,牝,3,54.0,419,2,山本紀,齊藤敏,,6,1:18.6,40.1,7-9-9,8,419,2
2022/04/11,船橋,1,３歳六,1200,ダ,左,良,晴,10,4,4,シャーロットメファ,牝,3,54.0,386,9,濱田達,山本学,,7,1:19.2,41.9,1-1-1,9,386,9
2022/04/11,船橋,1,３歳六,1200,ダ,左,良,晴,10,5,5,コンフォートアイル,牝,3,54.0,396,-10,岡村健,佐藤太,,8,1:19.3,42.0,2-2-2,7,396,-10
2022/04/11,船橋,1,３歳六,1200,ダ,左,良,晴,10,2,2,タケデンシャイン,牝,3,54.0,390,-5,野澤憲,佐々清,,9,1:20.1,41.8,9-8-8,10,390,-5
2022/04/11,船橋,1,３歳六,1200,ダ,左,良,晴,10,7,7,ビナフエ,牝,3,54.0,428,-2,酒井忍,矢野義,,10,1:20.4,43.0,3-3-4,5,428,-2
2022/04/11,船橋,2,３歳四 五,1200,ダ,左,良,晴,12,7,10,リューイーソー,牝,3,54.0,429,-13,森泰斗,渡邊貴,,1,1:17.9,40.7,2-2-2,2,429,-13
2022/04/11,船橋,2,３歳四 五,1200,ダ,左,良,晴,12,3,3,マコトヤマドリゲ,牝,3,54.0,400,-10,本田重,川島一,,2,1:17.9,40.0,6-6-6,1,400,-10
2022/04/11,船橋,2,３歳四 五,1200,ダ,左,良,晴,12,6,7,トーケンヒロイン,牝,3,54.0,476,-5,山崎誠,山本学,,3,1:18.0,41.1,1-1-1,8,476,-5
2022/04/11,船橋,2,３歳四 五,1200,ダ,左,良,晴,12,8,12,プリンセスダーク,牝,3,54.0,436,-2,高橋利,矢内博,,4,1:18.8,41.3,5-5-5,11,436,-2
2022/04/11,船橋,2,３歳四 五,1200,ダ,左,良,晴,12,7,9,サティスファイ,牡,3,56.0,445,-3,澤田龍,坂本昇,,5,1:19.0,41.5,3-4-4,5,445,-3
2022/04/11,船橋,2,３歳四 五,1200,ダ,左,良,晴,12,5,6,サヤピーエレガント,牝,3,54.0,432,1,濱田達,佐々功,,6,1:19.1,40.7,9-9-9,9,432,1
2022/04/11,船橋,2,３歳四 五,1200,ダ,左,良,晴,12,6,8,ラブミーユナ,牝,3,54.0,429,0,笹川翼,新井清,,7,1:19.3,41.1,8-8-8,4,429,0
2022/04/11,船橋,2,３歳四 五,1200,ダ,左,良,晴,12,8,11,ハニーメモリー,牝,3,54.0,398,-4,田中力,岡林光,,8,1:19.6,40.9,10-10-10,6,398,-4
2022/04/11,船橋,2,３歳四 五,1200,ダ,左,良,晴,12,2,2,ビービーパルフェ,牝,3,54.0,447,2,岡村健,新井清,,9,1:19.8,42.3,4-3-3,3,447,2
2022/04/11,船橋,2,３歳四 五,1200,ダ,左,良,晴,12,4,4,ミヤノトウショウ,牝,3,54.0,470,5,臼井健,石井勝,,10,1:20.3,42.3,7-7-7,7,470,5
2022/04/11,船橋,2,３歳四 五,1200,ダ,左,良,晴,12,5,5,ビクエスト,牡,3,55.0,453,14,篠谷葵,矢内博,,11,1:21.5,42.8,11-11-11,10,453,14
2022/04/11,船橋,2,３歳四 五,1200,ダ,左,良,晴,12,1,1,ラウンドライデン,牝,3,54.0,451,-9,福原杏,水野貴,,,,,,,451,-9
2022/04/11,船橋,3,Ｃ３六 七,1200,ダ,左,良,晴,12,8,11,ファッシネイター,牝,4,54.0,435,-2,御神訓,新井清,,1,1:18.0,40.4,1-1-1,1,435,-2
2022/04/11,船橋,3,Ｃ３六 七,1200,ダ,左,良,晴,12,1,1,グローリアスフィル,牝,5,54.0,473,7,本田重,新井清,,2,1:18.4,40.6,2-3-3,2,473,7
2022/04/11,船橋,3,Ｃ３六 七,1200,ダ,左,良,晴,12,5,5,ビシエド,牡,5,56.0,478,0,酒井忍,森　始,,3,1:18.8,41.0,3-2-2,4,478,0
2022/04/11,船橋,3,Ｃ３六 七,1200,ダ,左,良,晴,12,7,9,ジョージバローズ,セ,0,56.0,477,5,山口達,林正人,,4,1:19.1,39.8,12-10-8,3,477,5
2022/04/11,船橋,3,Ｃ３六 七,1200,ダ,左,良,晴,12,7,10,アルファルージュ,牝,8,54.0,475,-2,庄司大,石井勝,,5,1:19.2,40.1,9-7-5,5,475,-2
2022/04/11,船橋,3,Ｃ３六 七,1200,ダ,左,良,晴,12,5,6,コウエイダイチ,牡,8,56.0,465,2,秋元耕,吉田正,,6,1:19.2,41.4,4-4-4,10,465,2
2022/04/11,船橋,3,Ｃ３六 七,1200,ダ,左,良,晴,12,4,4,ネオエンジェル,牝,6,54.0,437,-3,國分祐,冨田敏,,7,1:19.6,40.3,7-9-10,11,437,-3
2022/04/11,船橋,3,Ｃ３六 七,1200,ダ,左,良,晴,12,8,12,テッサリア,牝,4,53.0,432,4,古岡勇,林　幻,,8,1:19.9,41.3,5-5-6,6,432,4
2022/04/11,船橋,3,Ｃ３六 七,1200,ダ,左,良,晴,12,6,8,ビドウ,牝,7,51.0,417,-4,木間龍,渋谷博,,9,1:20.4,41.5,6-6-7,12,417,-4
2022/04/11,船橋,3,Ｃ３六 七,1200,ダ,左,良,晴,12,6,7,エムチャン,牝,6,54.0,391,1,臼井健,凾館一,,10,1:20.6,41.5,10-8-9,7,391,1
2022/04/11,船橋,3,Ｃ３六 七,1200,ダ,左,良,晴,12,2,2,アナハ,牝,5,54.0,392,2,加藤和,川島豊,,11,1:20.8,41.3,8-11-12,9,392,2
2022/04/11,船橋,3,Ｃ３六 七,1200,ダ,左,良,晴,12,3,3,マオノルミエール,牝,4,54.0,425,3,張田昂,渋谷博,,12,1:21.0,41.3,11-12-11,8,425,3
2022/04/11,船橋,4,３歳四 五,1500,ダ,左,良,晴,12,1,1,ノブオートーケン,牡,3,56.0,451,-2,山崎誠,山本学,,1,1:40.2,41.6,1-1-1-1,8,451,-2
2022/04/11,船橋,4,３歳四 五,1500,ダ,左,良,晴,12,6,7,トランポリン,牡,3,56.0,530,-3,本橋孝,矢野義,,2,1:40.7,41.2,7-8-7-5,3,530,-3
2022/04/11,船橋,4,３歳四 五,1500,ダ,左,良,晴,12,5,6,ヒカリガサスホウヘ,牝,3,54.0,449,-5,町田直,酒井一,,3,1:40.9,41.8,3-3-5-6,9,449,-5
2022/04/11,船橋,4,３歳四 五,1500,ダ,左,良,晴,12,5,5,バルストライク,牡,3,56.0,540,8,張田昂,矢内博,,4,1:41.0,41.9,5-5-4-4,4,540,8
2022/04/11,船橋,4,３歳四 五,1500,ダ,左,良,晴,12,7,10,アンビシャスサルー,牡,3,56.0,514,8,矢野貴,川島一,,5,1:41.0,41.2,9-9-9-8,1,514,8
2022/04/11,船橋,4,３歳四 五,1500,ダ,左,良,晴,12,7,9,タロウシュン,牡,3,56.0,457,-13,岡村健,佐藤太,,6,1:42.0,43.1,4-4-3-3,5,457,-13
2022/04/11,船橋,4,３歳四 五,1500,ダ,左,良,晴,12,3,3,シンライウォリアー,牡,3,56.0,440,-1,福原杏,柘榴浩,,7,1:42.1,42.6,8-7-6-7,11,440,-1
2022/04/11,船橋,4,３歳四 五,1500,ダ,左,良,晴,12,6,8,ピンクオパール,牝,3,54.0,454,-3,笹川翼,新井清,,8,1:42.2,43.4,2-2-2-2,2,454,-3
2022/04/11,船橋,4,３歳四 五,1500,ダ,左,良,晴,12,2,2,ツインティアラ,牝,3,54.0,445,9,岡田大,薮口一,,9,1:42.2,41.4,10-10-11-11,12,445,9
2022/04/11,船橋,4,３歳四 五,1500,ダ,左,良,晴,12,8,11,シェナダイオー,牡,3,56.0,530,-11,秋元耕,山越光,,10,1:42.8,41.9,12-12-12-12,7,530,-11
2022/04/11,船橋,4,３歳四 五,1500,ダ,左,良,晴,12,4,4,オニクダイスキマン,牡,3,56.0,413,4,濱田達,佐々功,,11,1:43.0,42.6,11-11-10-10,10,413,4
2022/04/11,船橋,4,３歳四 五,1500,ダ,左,良,晴,12,8,12,ハンドデゴール,牝,3,54.0,486,-1,臼井健,佐々功,,12,1:44.0,44.4,6-6-8-9,6,486,-1
2022/04/11,船橋,5,Ｃ３六 七,1500,ダ,左,良,晴,12,6,8,トウキョウスター,牡,4,56.0,475,1,山崎誠,米谷康,,1,1:40.6,41.0,9-8-1-1,4,475,1
2022/04/11,船橋,5,Ｃ３六 七,1500,ダ,左,良,晴,12,7,10,バジェットライン,牝,4,54.0,533,2,山中悠,玉井昇,,2,1:42.3,41.6,8-5-6-5,3,533,2
2022/04/11,船橋,5,Ｃ３六 七,1500,ダ,左,良,晴,12,1,1,ツーエムポラリス,牡,7,56.0,474,-1,澤田龍,鈴木勝,,3,1:42.3,42.7,1-1-2-2,7,474,-1
2022/04/11,船橋,5,Ｃ３六 七,1500,ダ,左,良,晴,12,8,11,リーヴルネッサンス,セ,0,56.0,437,7,和田譲,林　幻,,4,1:42.6,42.4,2-2-3-3,2,437,7
2022/04/11,船橋,5,Ｃ３六 七,1500,ダ,左,良,晴,12,4,4,ナツィオナーレ,牝,7,54.0,455,-5,藤本現,野口孝,,5,1:42.8,41.9,6-7-8-8,1,455,-5
2022/04/11,船橋,5,Ｃ３六 七,1500,ダ,左,良,晴,12,5,6,ポイズンピル,牡,7,56.0,460,-3,岡田大,牛房榮,,6,1:43.0,41.7,5-6-9-9,8,460,-3
2022/04/11,船橋,5,Ｃ３六 七,1500,ダ,左,良,晴,12,5,5,バロンキング,牡,6,56.0,454,-1,柿本量,阿井正,,7,1:43.4,42.7,10-10-7-6,10,454,-1
2022/04/11,船橋,5,Ｃ３六 七,1500,ダ,左,良,晴,12,7,9,スパークルガール,牝,6,54.0,420,-4,内田利,長谷忍,,8,1:43.8,43.1,3-3-5-7,5,420,-4
2022/04/11,船橋,5,Ｃ３六 七,1500,ダ,左,良,晴,12,3,3,ジャンティーユ,牝,8,54.0,440,-9,西村栄,渋谷博,,9,1:43.9,42.2,11-11-10-10,12,440,-9
2022/04/11,船橋,5,Ｃ３六 七,1500,ダ,左,良,晴,12,8,12,モズメイダン,牡,8,56.0,480,-5,張田昂,柘榴浩,,10,1:43.9,43.4,4-4-4-4,9,480,-5
2022/04/11,船橋,5,Ｃ３六 七,1500,ダ,左,良,晴,12,6,7,ゴッドデサフィオ,牡,4,56.0,446,-1,秋元耕,凾館一,,11,1:44.4,42.7,7-9-11-11,6,446,-1
2022/04/11,船橋,5,Ｃ３六 七,1500,ダ,左,良,晴,12,2,2,トーセンレオ,牡,7,56.0,566,-1,橋本直,川村守,,12,1:44.9,42.8,12-12-12-12,11,566,-1
2022/04/11,船橋,6,Ｃ１四 五 六イ,1500,ダ,左,良,晴,12,6,7,モニュメントキング,牡,6,56.0,515,1,和田譲,新井清,,1,1:37.7,40.5,1-1-1-1,1,515,1
2022/04/11,船橋,6,Ｃ１四 五 六イ,1500,ダ,左,良,晴,12,6,8,マテラガニア,牝,4,54.0,466,-8,小杉亮,矢野義,,2,1:38.4,41.0,2-2-2-2,4,466,-8
2022/04/11,船橋,6,Ｃ１四 五 六イ,1500,ダ,左,良,晴,12,2,2,マルゼンスター,牡,5,56.0,535,2,矢野貴,川島一,,3,1:38.4,39.2,7-8-8-8,5,535,2
2022/04/11,船橋,6,Ｃ１四 五 六イ,1500,ダ,左,良,晴,12,4,4,ディープステイト,牡,4,56.0,473,-2,福原杏,齊藤敏,,4,1:39.0,40.4,8-7-7-6,6,473,-2
2022/04/11,船橋,6,Ｃ１四 五 六イ,1500,ダ,左,良,晴,12,7,9,キセキノカガヤキ,牝,6,54.0,448,-2,本橋孝,山田信,,5,1:39.5,39.7,12-12-12-10,8,448,-2
2022/04/11,船橋,6,Ｃ１四 五 六イ,1500,ダ,左,良,晴,12,1,1,ナリノオルフェ,牡,5,55.0,454,-1,篠谷葵,岡林光,,6,1:39.6,40.1,11-11-9-9,9,454,-1
2022/04/11,船橋,6,Ｃ１四 五 六イ,1500,ダ,左,良,晴,12,3,3,ノーブルクロノス,牡,6,56.0,539,-8,森泰斗,水野貴,,7,1:39.9,42.1,5-5-6-3,3,539,-8
2022/04/11,船橋,6,Ｃ１四 五 六イ,1500,ダ,左,良,晴,12,7,10,ゴールドベレー,牡,4,56.0,464,4,石崎駿,矢内博,,8,1:39.9,42.1,6-6-5-4,2,464,4
2022/04/11,船橋,6,Ｃ１四 五 六イ,1500,ダ,左,良,晴,12,8,11,ユラノグラフィア,牝,4,53.0,400,-7,池谷匠,山崎尋,,9,1:40.4,40.8,10-10-10-11,12,400,-7
2022/04/11,船橋,6,Ｃ１四 五 六イ,1500,ダ,左,良,晴,12,5,5,シャオイーシャオ,牝,4,54.0,455,4,岡村健,山下之,,10,1:40.7,42.9,4-3-3-5,10,455,4
2022/04/11,船橋,6,Ｃ１四 五 六イ,1500,ダ,左,良,晴,12,8,12,アンファスエシャペ,牝,4,54.0,449,2,藤本現,佐々功,,11,1:40.9,43.1,3-4-4-7,7,449,2
2022/04/11,船橋,6,Ｃ１四 五 六イ,1500,ダ,左,良,晴,12,5,6,タマモゼーゼマン,牡,5,56.0,476,3,橋本直,川村守,,12,1:41.0,41.2,9-9-11-12,11,476,3
2022/04/11,船橋,7,馬い！甘い！すもと新タマネギＣ１四 五 六,1200,ダ,左,良,晴,12,7,9,ハイガーデン,牝,4,54.0,450,-7,本田重,川島一,,1,1:16.4,40.3,4-3-3,2,450,-7
2022/04/11,船橋,7,馬い！甘い！すもと新タマネギＣ１四 五 六,1200,ダ,左,良,晴,12,6,8,サンドジョーカー,牡,5,56.0,518,-3,森泰斗,新井清,,2,1:16.4,40.3,3-4-2,1,518,-3
2022/04/11,船橋,7,馬い！甘い！すもと新タマネギＣ１四 五 六,1200,ダ,左,良,晴,12,3,3,ゲンパチノーブル,牝,5,54.0,436,-4,小杉亮,矢内博,,3,1:16.9,40.0,5-5-5,6,436,-4
2022/04/11,船橋,7,馬い！甘い！すもと新タマネギＣ１四 五 六,1200,ダ,左,良,晴,12,8,11,バチスカーフ,牝,4,54.0,458,0,濱田達,佐々功,,4,1:16.9,40.0,8-6-6,10,458,0
2022/04/11,船橋,7,馬い！甘い！すもと新タマネギＣ１四 五 六,1200,ダ,左,良,晴,12,1,1,エクメディノツルギ,牝,5,54.0,450,-5,本橋孝,石井勝,,5,1:17.0,39.5,10-9-7,8,450,-5
2022/04/11,船橋,7,馬い！甘い！すもと新タマネギＣ１四 五 六,1200,ダ,左,良,晴,12,4,4,エターナルルビー,牝,4,54.0,451,8,矢野貴,坂本昇,,6,1:17.1,40.0,6-7-8,4,451,8
2022/04/11,船橋,7,馬い！甘い！すもと新タマネギＣ１四 五 六,1200,ダ,左,良,晴,12,5,5,ジーガープリンス,牡,8,56.0,523,1,石崎駿,石井勝,,7,1:17.8,42.1,2-1-1,3,523,1
2022/04/11,船橋,7,馬い！甘い！すもと新タマネギＣ１四 五 六,1200,ダ,左,良,晴,12,6,7,ミュークレグルス,牡,4,53.0,477,-13,新原周,山崎尋,,8,1:17.8,40.1,9-10-11,11,477,-13
2022/04/11,船橋,7,馬い！甘い！すもと新タマネギＣ１四 五 六,1200,ダ,左,良,晴,12,2,2,ララティーナ,牝,4,54.0,419,1,川島正,山下之,,9,1:18.1,40.2,11-11-10,7,419,1
2022/04/11,船橋,7,馬い！甘い！すもと新タマネギＣ１四 五 六,1200,ダ,左,良,晴,12,5,6,アートオブライフ,牝,5,50.0,446,2,神尾香,稲益貴,,10,1:18.6,39.3,12-12-12,9,446,2
2022/04/11,船橋,7,馬い！甘い！すもと新タマネギＣ１四 五 六,1200,ダ,左,良,晴,12,8,12,プリティヴィー,牝,4,50.0,460,-3,小林捺,武井和,,11,1:19.1,43.3,1-2-4,5,460,-3
2022/04/11,船橋,7,馬い！甘い！すもと新タマネギＣ１四 五 六,1200,ダ,左,良,晴,12,7,10,ニシノカムイ,牡,4,56.0,476,-3,臼井健,宮下靖,,12,1:19.3,42.0,7-8-9,12,476,-3
2022/04/11,船橋,8,春満開スプリントＢ３選抜馬ア,1200,ダ,左,良,晴,8,8,8,トゥルーバローズ,セ,0,56.0,487,3,矢野貴,山田信,,1,1:14.9,38.4,2-2-2,1,487,3
2022/04/11,船橋,8,春満開スプリントＢ３選抜馬ア,1200,ダ,左,良,晴,8,6,6,ワンモアエフォート,牡,5,56.0,512,5,本橋孝,石井勝,,2,1:15.5,38.5,6-5-5,2,512,5
2022/04/11,船橋,8,春満開スプリントＢ３選抜馬ア,1200,ダ,左,良,晴,8,1,1,スマイルチャージ,牝,4,54.0,474,-4,笹川翼,川島一,,3,1:16.0,39.6,1-1-1,4,474,-4
2022/04/11,船橋,8,春満開スプリントＢ３選抜馬ア,1200,ダ,左,良,晴,8,4,4,トルマリ,牝,8,54.0,460,2,和田譲,齊藤敏,,4,1:16.1,38.6,8-7-7,8,460,2
2022/04/11,船橋,8,春満開スプリントＢ３選抜馬ア,1200,ダ,左,良,晴,8,5,5,チェンジバイオ,牡,8,56.0,478,6,森泰斗,新井清,,5,1:16.7,40.0,4-4-3,3,478,6
2022/04/11,船橋,8,春満開スプリントＢ３選抜馬ア,1200,ダ,左,良,晴,8,7,7,ドクタースキル,牝,4,54.0,461,5,岡村健,岡林光,,6,1:17.0,40.3,3-3-4,6,461,5
2022/04/11,船橋,8,春満開スプリントＢ３選抜馬ア,1200,ダ,左,良,晴,8,2,2,ハッピーホンコン,牡,4,56.0,447,-1,笠野雄,稲益貴,,7,1:17.0,39.8,5-6-6,7,447,-1
2022/04/11,船橋,8,春満開スプリントＢ３選抜馬ア,1200,ダ,左,良,晴,8,3,3,ハリケーンメファ,牝,5,54.0,467,-1,山崎誠,山本学,,8,1:17.7,40.0,7-8-8,5,467,-1
2022/04/11,船橋,9,Ｃ１四 五 六ア,1500,ダ,左,良,晴,10,8,10,アコルダール,牝,4,54.0,457,-3,和田譲,山中尊,,1,1:40.0,41.8,8-6-6-6,2,457,-3
2022/04/11,船橋,9,Ｃ１四 五 六ア,1500,ダ,左,良,晴,10,1,1,ショウネンジダイ,牡,4,56.0,476,-3,高橋利,新井清,,2,1:40.2,42.3,5-5-4-2,5,476,-3
2022/04/11,船橋,9,Ｃ１四 五 六ア,1500,ダ,左,良,晴,10,7,8,マロンクラージュ,牡,5,56.0,528,-3,保園翔,川島一,,3,1:40.8,41.8,10-10-10-10,1,528,-3
2022/04/11,船橋,9,Ｃ１四 五 六ア,1500,ダ,左,良,晴,10,4,4,クールガジェット,牡,4,56.0,507,-8,山口達,稲益貴,,4,1:41.0,43.5,1-1-1-1,7,507,-8
2022/04/11,船橋,9,Ｃ１四 五 六ア,1500,ダ,左,良,晴,10,3,3,リートスピーク,牡,5,55.0,483,-7,古岡勇,山崎裕,,5,1:41.1,42.5,6-7-9-8,10,483,-7
2022/04/11,船橋,9,Ｃ１四 五 六ア,1500,ダ,左,良,晴,10,2,2,タッシーベリンダ,牝,4,54.0,474,-7,張田昂,山崎尋,,6,1:41.1,42.7,9-8-7-5,4,474,-7
2022/04/11,船橋,9,Ｃ１四 五 六ア,1500,ダ,左,良,晴,10,8,9,ハクサンマックス,牡,4,56.0,440,0,酒井忍,矢野義,,7,1:42.2,44.2,3-4-5-7,6,440,0
2022/04/11,船橋,9,Ｃ１四 五 六ア,1500,ダ,左,良,晴,10,6,6,ドドーニサンサン,牡,4,56.0,483,0,山中悠,渋谷博,,8,1:42.4,44.6,2-2-2-3,8,483,0
2022/04/11,船橋,9,Ｃ１四 五 六ア,1500,ダ,左,良,晴,10,7,7,アブルハウル,セ,0,56.0,497,3,本田重,山下之,,9,1:42.6,44.7,4-3-3-4,3,497,3
2022/04/11,船橋,9,Ｃ１四 五 六ア,1500,ダ,左,良,晴,10,5,5,リターンギフト,牝,4,54.0,392,4,澤田龍,坂本昇,,10,1:46.2,47.6,7-9-8-9,9,392,4
2022/04/11,船橋,10,ヤエザクラ賞Ｃ２一,1600,ダ,左,良,晴,14,5,8,シャドウモノリス,牡,4,56.0,509,4,笹川翼,佐藤太,,1,1:44.9,40.6,1-1-1-1,1,509,4
2022/04/11,船橋,10,ヤエザクラ賞Ｃ２一,1600,ダ,左,良,晴,14,2,2,ナインゲーツ,牡,4,56.0,496,8,張田昂,川島一,,2,1:45.6,40.2,10-10-6-3,8,496,8
2022/04/11,船橋,10,ヤエザクラ賞Ｃ２一,1600,ダ,左,良,晴,14,7,11,クイックワーカー,セ,0,56.0,469,-2,澤田龍,川島一,,3,1:47.0,42.2,3-3-3-5,4,469,-2
2022/04/11,船橋,10,ヤエザクラ賞Ｃ２一,1600,ダ,左,良,晴,14,3,3,ブルベアヴェルデ,牡,6,56.0,484,2,吉井章,藤原智,,4,1:47.0,41.8,5-5-5-8,7,484,2
2022/04/11,船橋,10,ヤエザクラ賞Ｃ２一,1600,ダ,左,良,晴,14,6,9,デイスター,牡,5,56.0,456,8,山崎誠,玉井昇,,5,1:47.3,42.6,2-2-2-2,2,456,8
2022/04/11,船橋,10,ヤエザクラ賞Ｃ２一,1600,ダ,左,良,晴,14,1,1,アークストーン,牝,5,51.0,414,-8,新原周,新井健,,6,1:47.3,41.1,7-9-10-10,13,414,-8
2022/04/11,船橋,10,ヤエザクラ賞Ｃ２一,1600,ダ,左,良,晴,14,5,7,メイショウポルポ,牡,5,56.0,441,-1,矢野貴,稲益貴,,7,1:47.5,41.6,6-7-9-9,5,441,-1
2022/04/11,船橋,10,ヤエザクラ賞Ｃ２一,1600,ダ,左,良,晴,14,8,14,アルバリ,牡,7,56.0,428,-5,庄司大,箕輪武,,8,1:47.9,42.4,9-8-8-7,10,428,-5
2022/04/11,船橋,10,ヤエザクラ賞Ｃ２一,1600,ダ,左,良,晴,14,8,13,マイネルジェンマ,牡,6,56.0,510,3,橋本直,内野健,,9,1:48.4,43.0,8-6-7-6,6,510,3
2022/04/11,船橋,10,ヤエザクラ賞Ｃ２一,1600,ダ,左,良,晴,14,3,4,ウインカーマイン,牡,6,56.0,452,1,秋元耕,川島豊,,10,1:48.7,42.5,11-11-12-12,12,452,1
2022/04/11,船橋,10,ヤエザクラ賞Ｃ２一,1600,ダ,左,良,晴,14,4,5,ノースキセキ,牡,4,56.0,510,-3,藤本現,齊藤敏,,11,1:48.9,42.7,12-12-11-11,11,510,-3
2022/04/11,船橋,10,ヤエザクラ賞Ｃ２一,1600,ダ,左,良,晴,14,6,10,ワンダーウノ,セ,0,56.0,497,-4,町田直,齊藤敏,,12,1:49.8,42.8,13-13-13-13,9,497,-4
2022/04/11,船橋,10,ヤエザクラ賞Ｃ２一,1600,ダ,左,良,晴,14,7,12,ベルロビン,牝,6,54.0,512,3,森泰斗,佐藤太,,13,1:49.9,44.9,4-4-4-4,3,512,3
2022/04/11,船橋,10,ヤエザクラ賞Ｃ２一,1600,ダ,左,良,晴,14,4,6,ジョイガナール,牡,4,56.0,0,0,酒井忍,矢野義,,,,,,,0,0
2022/04/11,船橋,11,花まつり特別Ｂ３三,1600,ダ,左,良,晴,12,6,8,メイショウタニカゼ,牡,4,56.0,460,-4,矢野貴,山田信,,1,1:45.4,40.5,5-5-4-4,1,460,-4
2022/04/11,船橋,11,花まつり特別Ｂ３三,1600,ダ,左,良,晴,12,8,12,マイネルカガヤキ,牡,5,56.0,505,-1,橋本直,平山真,,2,1:45.5,40.5,10-10-8-8,6,505,-1
2022/04/11,船橋,11,花まつり特別Ｂ３三,1600,ダ,左,良,晴,12,5,6,キングバーグ,牡,5,56.0,488,-6,和田譲,宇野博,,3,1:45.8,41.2,2-2-2-1,2,488,-6
2022/04/11,船橋,11,花まつり特別Ｂ３三,1600,ダ,左,良,晴,12,6,7,ジュネス,牝,5,54.0,482,-3,本橋孝,小久智,,4,1:46.0,41.3,3-4-3-3,3,482,-3
2022/04/11,船橋,11,花まつり特別Ｂ３三,1600,ダ,左,良,晴,12,5,5,ディストピアーナ,牝,4,54.0,453,0,西啓太,渋谷博,,5,1:46.6,41.4,8-8-9-7,9,453,0
2022/04/11,船橋,11,花まつり特別Ｂ３三,1600,ダ,左,良,晴,12,7,9,ハクサンチコチャン,牝,5,54.0,460,-12,酒井忍,矢野義,,6,1:47.3,42.3,7-6-7-9,5,460,-12
2022/04/11,船橋,11,花まつり特別Ｂ３三,1600,ダ,左,良,晴,12,8,11,アンダンテバイオ,牝,7,54.0,438,0,岡村健,岡林光,,7,1:47.3,42.0,6-7-10-10,7,438,0
2022/04/11,船橋,11,花まつり特別Ｂ３三,1600,ダ,左,良,晴,12,1,1,クレセントアーチ,牝,5,54.0,485,0,藤本現,齊藤敏,,8,1:47.5,42.0,12-11-11-11,12,485,0
2022/04/11,船橋,11,花まつり特別Ｂ３三,1600,ダ,左,良,晴,12,2,2,ダバイラードゥガ,牝,4,54.0,459,-2,本田重,坂本昇,,9,1:47.7,41.8,11-12-12-12,8,459,-2
2022/04/11,船橋,11,花まつり特別Ｂ３三,1600,ダ,左,良,晴,12,3,3,トーケンマコット,牝,5,54.0,426,1,山本紀,山本学,,10,1:48.3,43.4,4-3-5-5,11,426,1
2022/04/11,船橋,11,花まつり特別Ｂ３三,1600,ダ,左,良,晴,12,7,10,アルファフレイム,牡,6,56.0,462,-4,笹川翼,坂本昇,,11,1:48.8,43.9,9-9-6-6,10,462,-4
2022/04/11,船橋,11,花まつり特別Ｂ３三,1600,ダ,左,良,晴,12,4,4,レオワントップ,牡,4,56.0,457,-2,石崎駿,岡林光,,12,1:48.9,44.3,1-1-1-2,4,457,-2
2022/04/11,船橋,12,ガッツポーズ２２００Ｃ２選抜馬,2200,ダ,左,良,晴,12,8,11,ゴールドクレスト,牡,5,56.0,486,-1,岡村健,宮下靖,,1,2:30.7,39.4,5-5-3-3,4,486,-1
2022/04/11,船橋,12,ガッツポーズ２２００Ｃ２選抜馬,2200,ダ,左,良,晴,12,6,7,セイショウパイロ,牡,5,56.0,478,1,矢野貴,米谷康,,2,2:31.5,40.1,3-3-4-4,1,478,1
2022/04/11,船橋,12,ガッツポーズ２２００Ｃ２選抜馬,2200,ダ,左,良,晴,12,3,3,セークレートゥム,牡,7,56.0,448,-4,酒井忍,矢野義,,3,2:32.3,40.6,6-6-6-6,3,448,-4
2022/04/11,船橋,12,ガッツポーズ２２００Ｃ２選抜馬,2200,ダ,左,良,晴,12,5,5,ディスバッドマム,牝,4,54.0,456,0,山口達,渡邊貴,,4,2:32.3,41.1,4-4-2-2,9,456,0
2022/04/11,船橋,12,ガッツポーズ２２００Ｃ２選抜馬,2200,ダ,左,良,晴,12,2,2,ルフレシャンス,牝,6,54.0,455,-6,森泰斗,佐々清,,5,2:32.9,42.0,1-1-1-1,2,455,-6
2022/04/11,船橋,12,ガッツポーズ２２００Ｃ２選抜馬,2200,ダ,左,良,晴,12,4,4,テンポラーレ,牡,4,56.0,505,-3,達城龍,山中尊,,6,2:33.8,41.8,9-9-8-7,6,505,-3
2022/04/11,船橋,12,ガッツポーズ２２００Ｃ２選抜馬,2200,ダ,左,良,晴,12,6,8,ヴィヤンシーコ,牡,7,55.0,456,-5,篠谷葵,林正人,,7,2:34.1,42.7,7-7-5-5,5,456,-5
2022/04/11,船橋,12,ガッツポーズ２２００Ｃ２選抜馬,2200,ダ,左,良,晴,12,8,12,キングエド,セ,0,56.0,485,3,庄司大,石井勝,,8,2:35.4,43.7,2-2-7-9,8,485,3
2022/04/11,船橋,12,ガッツポーズ２２００Ｃ２選抜馬,2200,ダ,左,良,晴,12,1,1,ガレア,牡,4,56.0,483,-8,笠野雄,佐々功,,9,2:35.5,43.0,11-11-10-8,7,483,-8
2022/04/11,船橋,12,ガッツポーズ２２００Ｃ２選抜馬,2200,ダ,左,良,晴,12,7,10,インヴィジブル,牡,9,56.0,463,-1,仲野光,玉井勝,,10,2:36.1,42.4,12-12-12-11,11,463,-1
2022/04/11,船橋,12,ガッツポーズ２２００Ｃ２選抜馬,2200,ダ,左,良,晴,12,7,9,ジョリルミエール,牝,7,51.0,434,-10,木間龍,宮下靖,,11,2:39.7,47.3,8-8-9-10,10,434,-10
2022/04/11,船橋,12,ガッツポーズ２２００Ｃ２選抜馬,2200,ダ,左,良,晴,12,5,6,ブレイクダンス,牝,4,54.0,435,1,山中悠,石井勝,,12,2:43.9,50.4,10-10-11-12,12,435,1
2022/04/12,船橋,1,Ｃ３八,1200,ダ,左,良,晴,12,8,12,コングラツィア,牝,6,54.0,434,3,森泰斗,林　幻,,1,1:18.9,40.1,2-2-2,1,434,3
2022/04/12,船橋,1,Ｃ３八,1200,ダ,左,良,晴,12,7,10,ゴーオンザステージ,牝,7,54.0,438,-5,張田昂,平山真,,2,1:20.0,41.2,1-1-1,2,438,-5
2022/04/12,船橋,1,Ｃ３八,1200,ダ,左,良,晴,12,5,6,ピレニーズキング,牡,7,55.0,456,-4,池谷匠,稲益貴,,3,1:20.1,40.2,9-8-8,3,456,-4
2022/04/12,船橋,1,Ｃ３八,1200,ダ,左,良,晴,12,8,11,ドラゴンヴィーナス,牝,5,54.0,390,-1,西村栄,森　始,,4,1:20.4,41.3,4-3-3,11,390,-1
2022/04/12,船橋,1,Ｃ３八,1200,ダ,左,良,晴,12,3,3,ニシノシノブ,牝,7,54.0,451,-5,半澤慶,吉田正,,5,1:20.7,41.2,6-6-6,10,451,-5
2022/04/12,船橋,1,Ｃ３八,1200,ダ,左,良,晴,12,4,4,パレスギガント,牡,6,53.0,487,-13,菅原涼,長谷忍,,6,1:20.8,40.7,8-10-10,5,487,-13
2022/04/12,船橋,1,Ｃ３八,1200,ダ,左,良,晴,12,6,8,モッツアン,牡,4,56.0,486,0,高橋利,矢内博,,7,1:21.1,41.5,5-7-7,6,486,0
2022/04/12,船橋,1,Ｃ３八,1200,ダ,左,良,晴,12,7,9,ヒュードロラッシュ,牝,5,54.0,389,-5,秋元耕,凾館一,,8,1:21.4,41.9,10-5-5,9,389,-5
2022/04/12,船橋,1,Ｃ３八,1200,ダ,左,良,晴,12,1,1,プルミエールアンパ,牝,7,53.0,429,0,篠谷葵,玉井等,,9,1:21.7,41.7,7-9-9,4,429,0
2022/04/12,船橋,1,Ｃ３八,1200,ダ,左,良,晴,12,2,2,ナンセイエメラルド,牝,6,54.0,451,3,保園翔,山越光,,10,1:21.7,42.4,3-4-4,7,451,3
2022/04/12,船橋,1,Ｃ３八,1200,ダ,左,良,晴,12,5,5,ソルダーシップ,牝,8,54.0,434,2,田中力,森　始,,11,1:22.0,41.2,12-12-12,12,434,2
2022/04/12,船橋,1,Ｃ３八,1200,ダ,左,良,晴,12,6,7,アールレアル,セ,0,56.0,452,-5,福原杏,小澤宏,,12,1:22.7,42.1,11-11-11,8,452,-5
2022/04/12,船橋,2,Ｃ３四 五,1200,ダ,左,良,晴,12,8,11,ロイヤルアイザック,牡,8,56.0,473,-1,澤田龍,新井清,,1,1:17.9,40.3,3-5-4,1,473,-1
2022/04/12,船橋,2,Ｃ３四 五,1200,ダ,左,良,晴,12,6,8,ケイティミシェル,牝,4,53.0,413,-9,古岡勇,山崎裕,,2,1:18.6,41.5,2-2-2,4,413,-9
2022/04/12,船橋,2,Ｃ３四 五,1200,ダ,左,良,晴,12,5,6,シントーアキラ,セ,0,56.0,404,-1,小杉亮,林　幻,,3,1:18.6,40.6,6-7-6,7,404,-1
2022/04/12,船橋,2,Ｃ３四 五,1200,ダ,左,良,晴,12,7,9,ビアンカグリーン,牡,7,56.0,489,-4,藤江渉,酒井一,,4,1:18.7,40.4,7-9-9,2,489,-4
2022/04/12,船橋,2,Ｃ３四 五,1200,ダ,左,良,晴,12,2,2,チェリーブロード,牝,4,54.0,404,-6,臼井健,渋谷博,,5,1:18.8,41.2,5-4-3,6,404,-6
2022/04/12,船橋,2,Ｃ３四 五,1200,ダ,左,良,晴,12,5,5,ケイティーヒナノ,牝,7,54.0,472,-5,秋元耕,柘榴浩,,6,1:18.9,42.1,1-1-1,5,472,-5
2022/04/12,船橋,2,Ｃ３四 五,1200,ダ,左,良,晴,12,7,10,ヒアユーアー,牝,4,53.0,483,-1,篠谷葵,佐々清,,7,1:19.1,40.0,12-11-11,8,483,-1
2022/04/12,船橋,2,Ｃ３四 五,1200,ダ,左,良,晴,12,3,3,ディヴェルシオーネ,牝,9,54.0,506,-1,川島正,佐々清,,8,1:19.4,40.7,10-10-10,10,506,-1
2022/04/12,船橋,2,Ｃ３四 五,1200,ダ,左,良,晴,12,1,1,ゴールドスピアー,牝,8,54.0,506,12,半澤慶,川村守,,9,1:19.7,41.7,9-6-7,11,506,12
2022/04/12,船橋,2,Ｃ３四 五,1200,ダ,左,良,晴,12,6,7,リンクスクリスタル,牝,9,54.0,441,-4,柿本量,宮下靖,,10,1:20.3,41.2,11-12-12,12,441,-4
2022/04/12,船橋,2,Ｃ３四 五,1200,ダ,左,良,晴,12,4,4,ペキノワ,牝,7,54.0,458,-7,和田譲,新井清,,11,1:20.4,42.1,8-8-8,3,458,-7
2022/04/12,船橋,2,Ｃ３四 五,1200,ダ,左,良,晴,12,8,12,マドモアゼルエリー,牝,5,54.0,450,2,山中悠,渋谷博,,12,1:20.4,43.2,4-3-5,9,450,2
2022/04/12,船橋,3,Ｃ３四 五,1500,ダ,左,良,晴,12,6,7,ステップアップ,セ,0,56.0,467,1,森泰斗,山下之,,1,1:41.1,41.6,4-3-2-1,1,467,1
2022/04/12,船橋,3,Ｃ３四 五,1500,ダ,左,良,晴,12,4,4,モエレレジェンド,牡,6,56.0,485,2,和田譲,齊藤敏,,2,1:41.4,40.7,7-8-10-7,3,485,2
2022/04/12,船橋,3,Ｃ３四 五,1500,ダ,左,良,晴,12,2,2,エメラルストロング,牝,7,54.0,458,1,本橋孝,石井勝,,3,1:41.4,41.0,11-11-8-5,9,458,1
2022/04/12,船橋,3,Ｃ３四 五,1500,ダ,左,良,晴,12,7,9,トノカンショウ,牡,4,56.0,539,13,山中悠,玉井昇,,4,1:41.4,41.5,6-5-4-4,6,539,13
2022/04/12,船橋,3,Ｃ３四 五,1500,ダ,左,良,晴,12,6,8,ブラウンザウバー,牡,4,56.0,469,-2,矢野貴,岡林光,,5,1:41.7,42.2,9-7-3-3,4,469,-2
2022/04/12,船橋,3,Ｃ３四 五,1500,ダ,左,良,晴,12,5,6,ディープシーブルー,牡,5,56.0,444,2,山本紀,山本学,,6,1:42.6,42.5,2-2-5-6,8,444,2
2022/04/12,船橋,3,Ｃ３四 五,1500,ダ,左,良,晴,12,1,1,デンコウメジャー,牡,7,56.0,480,-3,吉留孝,平山真,,7,1:42.8,41.9,8-9-11-10,5,480,-3
2022/04/12,船橋,3,Ｃ３四 五,1500,ダ,左,良,晴,12,8,12,ウインシュトローム,牡,5,56.0,561,1,町田直,齊藤敏,,8,1:45.0,44.6,5-6-7-9,2,561,1
2022/04/12,船橋,3,Ｃ３四 五,1500,ダ,左,良,晴,12,5,5,ハルモニア,牝,4,54.0,429,-2,本田重,新井清,,9,1:45.0,45.5,1-1-1-2,10,429,-2
2022/04/12,船橋,3,Ｃ３四 五,1500,ダ,左,良,晴,12,7,10,スカイチェイサー,牡,5,56.0,465,-1,臼井健,凾館一,,10,1:45.6,45.0,10-10-9-11,11,465,-1
2022/04/12,船橋,3,Ｃ３四 五,1500,ダ,左,良,晴,12,8,11,ホクセツ,セ,0,56.0,546,1,秋元耕,柘榴浩,,11,1:45.8,44.3,12-12-12-12,7,546,1
2022/04/12,船橋,3,Ｃ３四 五,1500,ダ,左,良,晴,12,3,3,ジュンノサップ,牡,6,56.0,462,-7,半澤慶,横山保,,12,1:45.9,45.6,3-4-6-8,12,462,-7
2022/04/12,船橋,4,Ｃ２六 七,1500,ダ,左,良,晴,12,3,3,ブルベアライノ,牡,8,53.0,485,-7,木間龍,伊藤滋,,1,1:40.2,40.4,10-12-10-9,10,485,-7
2022/04/12,船橋,4,Ｃ２六 七,1500,ダ,左,良,晴,12,4,4,ベリッシモファルコ,牝,6,54.0,478,-1,笹川翼,新井清,,2,1:40.2,42.4,1-1-1-1,6,478,-1
2022/04/12,船橋,4,Ｃ２六 七,1500,ダ,左,良,晴,12,7,10,オーバーハング,セ,0,56.0,473,-7,本田重,川島一,,3,1:40.9,42.7,3-4-3-3,3,473,-7
2022/04/12,船橋,4,Ｃ２六 七,1500,ダ,左,良,晴,12,2,2,ログハウス,牝,7,54.0,494,6,川島正,平山真,,4,1:41.2,41.0,8-11-11-11,8,494,6
2022/04/12,船橋,4,Ｃ２六 七,1500,ダ,左,良,晴,12,5,6,パークフォンテン,牝,5,54.0,449,3,山口達,波多健,,5,1:41.3,42.3,11-10-5-5,5,449,3
2022/04/12,船橋,4,Ｃ２六 七,1500,ダ,左,良,晴,12,6,7,ワンリーフ,牡,7,56.0,465,0,矢野貴,川島一,,6,1:41.5,43.5,2-2-2-2,4,465,0
2022/04/12,船橋,4,Ｃ２六 七,1500,ダ,左,良,晴,12,5,5,サツキヒューズ,牡,5,56.0,452,-20,和田譲,坂本昇,,7,1:41.7,41.3,9-9-12-12,7,452,-20
2022/04/12,船橋,4,Ｃ２六 七,1500,ダ,左,良,晴,12,1,1,テセウスフォンテン,牡,4,56.0,465,-2,笠野雄,波多健,,8,1:41.7,42.7,5-5-7-8,11,465,-2
2022/04/12,船橋,4,Ｃ２六 七,1500,ダ,左,良,晴,12,6,8,ビービークラージュ,牡,4,56.0,473,3,庄司大,稲益貴,,9,1:41.9,42.9,12-8-6-6,2,473,3
2022/04/12,船橋,4,Ｃ２六 七,1500,ダ,左,良,晴,12,8,12,ニシノレガシー,牡,4,56.0,541,0,町田直,佐々清,,10,1:42.4,43.2,7-7-9-10,9,541,0
2022/04/12,船橋,4,Ｃ２六 七,1500,ダ,左,良,晴,12,7,9,スマーティキャット,牡,4,56.0,466,2,臼井健,齊藤敏,,11,1:42.6,43.6,6-6-8-7,12,466,2
2022/04/12,船橋,4,Ｃ２六 七,1500,ダ,左,良,晴,12,8,11,スノーフレイム,牡,4,56.0,467,-5,張田昂,林　幻,,12,1:45.9,47.7,4-3-4-4,1,467,-5
2022/04/12,船橋,5,馬い！男は善一ブラック発売記念Ｃ２六 七,1200,ダ,左,良,晴,9,4,4,ダンガンシュート,牡,7,56.0,508,1,藤本現,佐々功,,1,1:16.3,39.6,1-1-1,1,508,1
2022/04/12,船橋,5,馬い！男は善一ブラック発売記念Ｃ２六 七,1200,ダ,左,良,晴,9,5,5,ダイヤモンドカノン,牝,4,54.0,480,-7,町田直,齊藤敏,,2,1:16.6,39.7,2-2-2,4,480,-7
2022/04/12,船橋,5,馬い！男は善一ブラック発売記念Ｃ２六 七,1200,ダ,左,良,晴,9,8,8,マゼ,牡,6,56.0,481,3,本田重,稲益貴,,3,1:16.9,39.5,7-5-5,3,481,3
2022/04/12,船橋,5,馬い！男は善一ブラック発売記念Ｃ２六 七,1200,ダ,左,良,晴,9,7,7,デザートムーン,牝,5,54.0,465,-2,森泰斗,齊藤敏,,4,1:17.2,40.1,4-3-3,2,465,-2
2022/04/12,船橋,5,馬い！男は善一ブラック発売記念Ｃ２六 七,1200,ダ,左,良,晴,9,1,1,バトルオサンナ,牝,8,54.0,433,-10,秋元耕,柘榴浩,,5,1:17.8,40.0,6-8-8,5,433,-10
2022/04/12,船橋,5,馬い！男は善一ブラック発売記念Ｃ２六 七,1200,ダ,左,良,晴,9,3,3,シェーンシュタット,牡,4,52.0,436,-8,小林捺,武井和,,6,1:18.1,40.6,5-6-6,8,436,-8
2022/04/12,船橋,5,馬い！男は善一ブラック発売記念Ｃ２六 七,1200,ダ,左,良,晴,9,8,9,フランシス,牝,6,54.0,497,-6,加藤和,長谷忍,,7,1:18.7,41.0,8-7-7,6,497,-6
2022/04/12,船橋,5,馬い！男は善一ブラック発売記念Ｃ２六 七,1200,ダ,左,良,晴,9,6,6,プロスペリティ,牝,6,54.0,458,0,國分祐,冨田敏,,8,1:19.3,41.3,9-9-9,9,458,0
2022/04/12,船橋,5,馬い！男は善一ブラック発売記念Ｃ２六 七,1200,ダ,左,良,晴,9,2,2,ヤベゴースイート,牝,4,54.0,425,0,矢野貴,渡邊貴,,9,1:21.7,44.6,3-4-4,7,425,0
2022/04/12,船橋,6,牡羊座スプリントＢ３選抜馬イ,1200,ダ,左,良,晴,7,2,2,ビリーヴインミー,牝,4,54.0,471,-3,町田直,佐々仁,,1,1:15.3,39.3,2-2-2,4,471,-3
2022/04/12,船橋,6,牡羊座スプリントＢ３選抜馬イ,1200,ダ,左,良,晴,7,7,7,トーケンリュウ,牡,4,56.0,500,1,山崎誠,山本学,,2,1:15.4,39.6,1-1-1,1,500,1
2022/04/12,船橋,6,牡羊座スプリントＢ３選抜馬イ,1200,ダ,左,良,晴,7,1,1,エウリディーチェ,牝,6,54.0,459,-8,笹川翼,川島一,,3,1:16.1,39.7,5-3-3,5,459,-8
2022/04/12,船橋,6,牡羊座スプリントＢ３選抜馬イ,1200,ダ,左,良,晴,7,4,4,アンコールゲラン,牡,5,56.0,482,-3,川島正,山田信,,4,1:16.3,39.9,6-4-4,3,482,-3
2022/04/12,船橋,6,牡羊座スプリントＢ３選抜馬イ,1200,ダ,左,良,晴,7,5,5,マイシップ,牡,7,56.0,472,-1,西村栄,矢野義,,5,1:16.5,40.1,3-5-7,6,472,-1
2022/04/12,船橋,6,牡羊座スプリントＢ３選抜馬イ,1200,ダ,左,良,晴,7,3,3,トミケンエンデレア,セ,0,56.0,495,-1,橋本直,齊藤敏,,6,1:17.5,40.7,7-7-5,7,495,-1
2022/04/12,船橋,6,牡羊座スプリントＢ３選抜馬イ,1200,ダ,左,良,晴,7,6,6,デイジーカプシーヌ,牝,4,54.0,469,-4,今野忠,山田信,,7,1:18.5,41.9,4-6-6,2,469,-4
2022/04/12,船橋,7,クロッカススプリント　若潮スプリント３歳,1200,ダ,左,良,晴,12,3,3,ベアカキーン,牡,3,57.0,489,-5,山崎誠,鈴木義,,1,1:16.0,39.3,1-1-1,3,489,-5
2022/04/12,船橋,7,クロッカススプリント　若潮スプリント３歳,1200,ダ,左,良,晴,12,6,7,クラサーベル,牡,3,57.0,470,-4,岡村健,玉井勝,,2,1:16.1,39.2,5-3-3,1,470,-4
2022/04/12,船橋,7,クロッカススプリント　若潮スプリント３歳,1200,ダ,左,良,晴,12,4,4,ベルフリップ,牡,3,56.0,491,-2,御神訓,新井清,,3,1:16.6,39.0,7-8-8,8,491,-2
2022/04/12,船橋,7,クロッカススプリント　若潮スプリント３歳,1200,ダ,左,良,晴,12,5,6,ニッショウアッキー,牝,3,54.0,429,1,矢野貴,酒井一,,4,1:16.9,40.1,3-2-2,4,429,1
2022/04/12,船橋,7,クロッカススプリント　若潮スプリント３歳,1200,ダ,左,良,晴,12,8,11,ジェルジオ,牡,3,57.0,433,0,増田充,山崎裕,,5,1:17.0,39.9,8-5-4,6,433,0
2022/04/12,船橋,7,クロッカススプリント　若潮スプリント３歳,1200,ダ,左,良,晴,12,6,8,エルロイ,牡,3,56.0,476,5,石崎駿,矢野義,,6,1:17.0,38.9,11-10-9,5,476,5
2022/04/12,船橋,7,クロッカススプリント　若潮スプリント３歳,1200,ダ,左,良,晴,12,7,10,レティクル,牡,3,57.0,452,0,左海誠,林正人,,7,1:17.9,39.7,12-11-11,2,452,0
2022/04/12,船橋,7,クロッカススプリント　若潮スプリント３歳,1200,ダ,左,良,晴,12,8,12,ゴールドエース,牡,3,56.0,477,2,町田直,野口孝,,8,1:18.3,40.6,9-9-10,9,477,2
2022/04/12,船橋,7,クロッカススプリント　若潮スプリント３歳,1200,ダ,左,良,晴,12,5,5,アブラアム,牡,3,55.0,484,-1,古岡勇,岩本洋,,9,1:18.7,41.5,4-6-6,10,484,-1
2022/04/12,船橋,7,クロッカススプリント　若潮スプリント３歳,1200,ダ,左,良,晴,12,7,9,ラヴシックフレイム,牝,3,54.0,405,-2,小杉亮,林　幻,,10,1:19.9,41.3,10-12-12,12,405,-2
2022/04/12,船橋,7,クロッカススプリント　若潮スプリント３歳,1200,ダ,左,良,晴,12,1,1,デルタラヴバレット,牡,3,56.0,454,-2,真島大,繁田健,,11,1:20.1,42.9,6-7-5,7,454,-2
2022/04/12,船橋,7,クロッカススプリント　若潮スプリント３歳,1200,ダ,左,良,晴,12,2,2,ドラゴンズアイ,牝,3,54.0,440,-9,加藤和,野口孝,,12,1:20.6,43.5,2-4-7,11,440,-9
2022/04/12,船橋,8,Ｊ交 ナイスハルター特別３歳未格選抜馬Ｊ,1600,ダ,左,良,晴,8,2,2,ピースファイン,牡,3,56.0,480,12,笹川翼,森秀行,,1,1:46.0,41.4,1-1-1-1,2,480,12
2022/04/12,船橋,8,Ｊ交 ナイスハルター特別３歳未格選抜馬Ｊ,1600,ダ,左,良,晴,8,6,6,フォレスタブル,牡,3,56.0,489,-7,本橋孝,根本康,,2,1:46.4,40.9,7-6-6-3,7,489,-7
2022/04/12,船橋,8,Ｊ交 ナイスハルター特別３歳未格選抜馬Ｊ,1600,ダ,左,良,晴,8,7,7,ショットメーカー,牡,3,56.0,541,2,張田昂,張田京,,3,1:46.6,41.8,5-5-3-2,1,541,2
2022/04/12,船橋,8,Ｊ交 ナイスハルター特別３歳未格選抜馬Ｊ,1600,ダ,左,良,晴,8,1,1,コパノオースティン,牡,3,56.0,527,3,森泰斗,村山明,,4,1:47.5,42.0,8-8-7-6,3,527,3
2022/04/12,船橋,8,Ｊ交 ナイスハルター特別３歳未格選抜馬Ｊ,1600,ダ,左,良,晴,8,3,3,スケサンカクサン,牡,3,56.0,451,-5,本田重,武市康,,5,1:48.5,43.3,4-4-5-5,4,451,-5
2022/04/12,船橋,8,Ｊ交 ナイスハルター特別３歳未格選抜馬Ｊ,1600,ダ,左,良,晴,8,8,8,ハロサン,牡,3,56.0,461,-1,川島正,本間忍,,6,1:49.5,44.7,3-3-2-4,5,461,-1
2022/04/12,船橋,8,Ｊ交 ナイスハルター特別３歳未格選抜馬Ｊ,1600,ダ,左,良,晴,8,4,4,グッドフィーリング,牝,3,54.0,463,-5,山崎誠,新谷功,,7,1:52.4,46.5,6-7-8-8,6,463,-5
2022/04/12,船橋,8,Ｊ交 ナイスハルター特別３歳未格選抜馬Ｊ,1600,ダ,左,良,晴,8,5,5,ペガール,牝,3,54.0,453,-7,岡村健,稲垣幸,,8,1:53.4,48.5,2-2-4-7,8,453,-7
2022/04/12,船橋,9,京葉スプリントＢ２選抜馬,1200,ダ,左,良,晴,12,5,6,マイクハージュ,牡,4,56.0,465,1,笹川翼,川島一,,1,1:15.4,39.4,3-2-2,3,465,1
2022/04/12,船橋,9,京葉スプリントＢ２選抜馬,1200,ダ,左,良,晴,12,2,2,ノーザンヴィグラス,牡,5,56.0,517,-4,森泰斗,佐藤太,,2,1:15.5,39.5,1-1-1,1,517,-4
2022/04/12,船橋,9,京葉スプリントＢ２選抜馬,1200,ダ,左,良,晴,12,1,1,プレイングファイア,牡,6,56.0,461,9,真島大,新井清,,3,1:16.3,39.6,7-6-5,5,461,9
2022/04/12,船橋,9,京葉スプリントＢ２選抜馬,1200,ダ,左,良,晴,12,6,8,トーセンウォーリア,牡,4,56.0,525,18,今野忠,張田京,,4,1:16.3,39.2,8-8-7,6,525,18
2022/04/12,船橋,9,京葉スプリントＢ２選抜馬,1200,ダ,左,良,晴,12,5,5,ルーアン,牝,6,54.0,494,-4,本橋孝,新井清,,5,1:16.5,40.3,6-4-3,2,494,-4
2022/04/12,船橋,9,京葉スプリントＢ２選抜馬,1200,ダ,左,良,晴,12,8,11,ラヴァーズインメイ,牝,7,54.0,490,-6,濱田達,伊藤滋,,6,1:16.8,39.5,9-9-10,10,490,-6
2022/04/12,船橋,9,京葉スプリントＢ２選抜馬,1200,ダ,左,良,晴,12,7,9,マイハンプス,牝,4,54.0,473,-4,張田昂,山下之,,7,1:16.9,40.0,5-7-6,4,473,-4
2022/04/12,船橋,9,京葉スプリントＢ２選抜馬,1200,ダ,左,良,晴,12,4,4,モエレコネクター,牡,6,56.0,510,-4,藤本現,齊藤敏,,8,1:17.1,39.6,10-10-9,9,510,-4
2022/04/12,船橋,9,京葉スプリントＢ２選抜馬,1200,ダ,左,良,晴,12,7,10,コアコンピタンス,セ,0,56.0,518,-1,山中悠,坂本昇,,9,1:17.2,38.9,11-11-12,12,518,-1
2022/04/12,船橋,9,京葉スプリントＢ２選抜馬,1200,ダ,左,良,晴,12,3,3,ガイセン,牡,6,56.0,439,9,岡村健,稲益貴,,10,1:17.3,38.8,12-12-11,7,439,9
2022/04/12,船橋,9,京葉スプリントＢ２選抜馬,1200,ダ,左,良,晴,12,8,12,キタサンチャンドラ,牡,6,56.0,475,-2,笠野雄,佐藤太,,11,1:17.8,41.7,2-3-4,8,475,-2
2022/04/12,船橋,9,京葉スプリントＢ２選抜馬,1200,ダ,左,良,晴,12,6,7,ネコマレー,牝,7,54.0,451,1,澤田龍,渡邊貴,,12,1:20.0,43.4,4-5-8,11,451,1
2022/04/12,船橋,10,玄鳥特別Ｂ３二,1600,ダ,左,良,晴,9,1,1,ヴィータファン,セ,0,56.0,475,-9,森泰斗,新井清,,1,1:45.2,41.3,1-1-1-1,2,475,-9
2022/04/12,船橋,10,玄鳥特別Ｂ３二,1600,ダ,左,良,晴,9,5,5,ノボリターン,牡,6,56.0,487,-5,笹川翼,坂本昇,,2,1:45.7,41.0,5-6-6-5,7,487,-5
2022/04/12,船橋,10,玄鳥特別Ｂ３二,1600,ダ,左,良,晴,9,7,7,カンバンムスメ,牝,8,54.0,450,0,矢野貴,山田信,,3,1:46.7,42.6,2-2-2-3,3,450,0
2022/04/12,船橋,10,玄鳥特別Ｂ３二,1600,ダ,左,良,晴,9,8,9,オーロラテーラー,牝,5,54.0,482,5,本田重,稲益貴,,4,1:47.1,42.8,4-3-3-4,1,482,5
2022/04/12,船橋,10,玄鳥特別Ｂ３二,1600,ダ,左,良,晴,9,3,3,ビービーリバイブ,牡,4,56.0,453,-6,庄司大,張田京,,5,1:47.5,43.2,3-5-4-2,4,453,-6
2022/04/12,船橋,10,玄鳥特別Ｂ３二,1600,ダ,左,良,晴,9,8,8,アンファンドディユ,牡,5,56.0,442,14,真島大,米谷康,,6,1:47.9,43.4,6-4-5-6,5,442,14
2022/04/12,船橋,10,玄鳥特別Ｂ３二,1600,ダ,左,良,晴,9,4,4,アイロンワークス,牡,5,56.0,480,-4,臼井健,凾館一,,7,1:48.0,42.7,8-8-8-8,9,480,-4
2022/04/12,船橋,10,玄鳥特別Ｂ３二,1600,ダ,左,良,晴,9,6,6,チェスナットドレス,牝,5,54.0,462,-4,秋元耕,冨田敏,,8,1:48.6,43.3,7-7-7-7,8,462,-4
2022/04/12,船橋,10,玄鳥特別Ｂ３二,1600,ダ,左,良,晴,9,2,2,レーヴ,牡,6,56.0,502,25,本橋孝,矢内博,,9,1:49.1,42.6,9-9-9-9,6,502,25
2022/04/12,船橋,11,ブルーバードカップ東京湾カップＴ３歳未格,1700,ダ,左,良,晴,9,7,7,ロマンスグレー,牡,3,57.0,521,-11,左海誠,林正人,,1,1:51.9,41.1,1-1-1-1,1,521,-11
2022/04/12,船橋,11,ブルーバードカップ東京湾カップＴ３歳未格,1700,ダ,左,良,晴,9,4,4,ランディスシティ,牡,3,57.0,491,2,笹川翼,森下淳,,2,1:53.1,41.5,2-2-2-2,2,491,2
2022/04/12,船橋,11,ブルーバードカップ東京湾カップＴ３歳未格,1700,ダ,左,良,晴,9,2,2,フレッシュグリーン,牡,3,57.0,436,-2,矢野貴,加藤誠,,3,1:53.3,39.0,7-8-8-8,9,436,-2
2022/04/12,船橋,11,ブルーバードカップ東京湾カップＴ３歳未格,1700,ダ,左,良,晴,9,3,3,キャッスルブレイヴ,牡,3,57.0,470,1,仲野光,渋谷博,,4,1:53.7,40.5,5-5-5-6,5,470,1
2022/04/12,船橋,11,ブルーバードカップ東京湾カップＴ３歳未格,1700,ダ,左,良,晴,9,1,1,エスプリアンディ,牡,3,56.0,468,-3,今野忠,久保秀,,5,1:54.0,41.6,3-3-3-3,6,468,-3
2022/04/12,船橋,11,ブルーバードカップ東京湾カップＴ３歳未格,1700,ダ,左,良,晴,9,5,5,グレイテストワーク,牡,3,56.0,488,-6,森泰斗,藤田輝,,6,1:54.1,40.6,8-7-7-7,4,488,-6
2022/04/12,船橋,11,ブルーバードカップ東京湾カップＴ３歳未格,1700,ダ,左,良,晴,9,8,9,モンバイト,牡,3,57.0,473,2,酒井忍,薮口一,,7,1:54.4,41.4,4-4-4-4,7,473,2
2022/04/12,船橋,11,ブルーバードカップ東京湾カップＴ３歳未格,1700,ダ,左,良,晴,9,8,8,ミスターブラスト,牡,3,57.0,463,3,石崎駿,石井勝,,8,1:54.8,41.6,6-6-6-5,3,463,3
2022/04/12,船橋,11,ブルーバードカップ東京湾カップＴ３歳未格,1700,ダ,左,良,晴,9,6,6,ビナハロン,セ,0,56.0,456,3,小杉亮,矢野義,,,,,,8,456,3
2022/04/12,船橋,12,くじら座２２００Ｃ１選抜馬,2200,ダ,左,良,晴,9,2,2,ハーリーバーリー,牡,7,56.0,526,0,笹川翼,岡林光,,1,2:30.1,40.7,2-2-2-2,1,526,0
2022/04/12,船橋,12,くじら座２２００Ｃ１選抜馬,2200,ダ,左,良,晴,9,1,1,ジオパークマグマ,牡,4,56.0,459,-5,加藤和,川島豊,,2,2:31.8,42.5,1-1-1-1,5,459,-5
2022/04/12,船橋,12,くじら座２２００Ｃ１選抜馬,2200,ダ,左,良,晴,9,8,8,ナヴィリオ,牡,4,56.0,476,6,森泰斗,米谷康,,3,2:32.0,42.2,4-4-3-3,3,476,6
2022/04/12,船橋,12,くじら座２２００Ｃ１選抜馬,2200,ダ,左,良,晴,9,5,5,ジュエルケイヴ,牝,4,54.0,455,-4,藤本現,齊藤敏,,4,2:32.0,41.2,7-8-9-7,4,455,-4
2022/04/12,船橋,12,くじら座２２００Ｃ１選抜馬,2200,ダ,左,良,晴,9,8,9,ベルウッドアサヒ,牡,5,56.0,466,0,矢野貴,石井勝,,5,2:33.1,42.6,5-5-5-5,2,466,0
2022/04/12,船橋,12,くじら座２２００Ｃ１選抜馬,2200,ダ,左,良,晴,9,4,4,マルモリラッキー,セ,0,56.0,488,5,岡村健,玉井勝,,6,2:33.5,42.9,9-9-7-6,9,488,5
2022/04/12,船橋,12,くじら座２２００Ｃ１選抜馬,2200,ダ,左,良,晴,9,6,6,カッター,牡,4,56.0,460,-3,澤田龍,石井勝,,7,2:33.6,43.6,3-3-4-4,7,460,-3
2022/04/12,船橋,12,くじら座２２００Ｃ１選抜馬,2200,ダ,左,良,晴,9,3,3,ポロス,牝,9,54.0,495,2,酒井忍,森　始,,8,2:34.2,43.4,6-6-8-9,8,495,2
2022/04/12,船橋,12,くじら座２２００Ｃ１選抜馬,2200,ダ,左,良,晴,9,7,7,トゥザキングダム,牡,8,55.0,477,-12,篠谷葵,宮下靖,,9,2:34.7,44.1,8-7-6-8,6,477,-12
2022/04/13,船橋,1,Ｃ３二 三,1200,ダ,左,良,晴,12,7,10,リテラチュア,牝,4,54.0,413,0,張田昂,林　幻,,1,1:18.6,41.5,6-4-4,1,413,0
2022/04/13,船橋,1,Ｃ３二 三,1200,ダ,左,良,晴,12,6,8,ハイエストプレイズ,牝,5,54.0,503,-2,左海誠,渡邊貴,,2,1:18.7,41.2,9-7-6,4,503,-2
2022/04/13,船橋,1,Ｃ３二 三,1200,ダ,左,良,晴,12,5,6,リュウノバーディ,牡,8,56.0,474,-3,山本紀,齊藤敏,,3,1:18.7,41.8,2-2-2,3,474,-3
2022/04/13,船橋,1,Ｃ３二 三,1200,ダ,左,良,晴,12,5,5,ウィローグラウス,牝,6,54.0,471,1,高橋利,矢内博,,4,1:18.8,41.1,8-8-7,11,471,1
2022/04/13,船橋,1,Ｃ３二 三,1200,ダ,左,良,晴,12,4,4,プレストウイング,牡,4,56.0,477,-2,岡村健,玉井勝,,5,1:19.3,41.0,11-11-9,8,477,-2
2022/04/13,船橋,1,Ｃ３二 三,1200,ダ,左,良,晴,12,2,2,ピラミッドファラオ,牡,7,56.0,510,-3,保園翔,水野貴,,6,1:19.4,42.3,7-4-5,2,510,-3
2022/04/13,船橋,1,Ｃ３二 三,1200,ダ,左,良,晴,12,8,11,プランタンヴェール,牝,6,54.0,519,-8,橋本直,平山真,,7,1:19.5,42.5,4-3-3,6,519,-8
2022/04/13,船橋,1,Ｃ３二 三,1200,ダ,左,良,晴,12,3,3,ニシノマリアージュ,牝,6,54.0,414,-2,半澤慶,冨田敏,,8,1:20.9,42.9,10-10-11,10,414,-2
2022/04/13,船橋,1,Ｃ３二 三,1200,ダ,左,良,晴,12,1,1,クールスパート,牡,7,55.0,452,0,篠谷葵,野口寛,,9,1:21.3,44.4,1-1-1,5,452,0
2022/04/13,船橋,1,Ｃ３二 三,1200,ダ,左,良,晴,12,6,7,メロメロパンチ,牝,9,51.0,487,-6,木間龍,内野健,,10,1:22.7,44.9,5-9-10,7,487,-6
2022/04/13,船橋,1,Ｃ３二 三,1200,ダ,左,良,晴,12,8,12,エンパワーメント,セ,0,56.0,469,3,山中悠,山下之,,,,,3-6-8,9,469,3
2022/04/13,船橋,1,Ｃ３二 三,1200,ダ,左,良,晴,12,7,9,ノーブルアトラス,牡,7,56.0,0,0,澤田龍,川村守,,,,,,,0,0
2022/04/13,船橋,2,Ｃ３二 三,1500,ダ,左,良,晴,13,8,12,フェスタジョーヌ,牡,7,56.0,469,-5,町田直,川島一,,1,1:40.9,42.0,4-4-4-3,1,469,-5
2022/04/13,船橋,2,Ｃ３二 三,1500,ダ,左,良,晴,13,5,7,ビービーファブル,牡,5,56.0,468,4,森泰斗,新井清,,2,1:40.9,41.5,10-12-9-9,3,468,4
2022/04/13,船橋,2,Ｃ３二 三,1500,ダ,左,良,晴,13,1,1,レッドチェイサー,セ,0,56.0,479,3,笹川翼,坂本昇,,3,1:42.0,43.0,6-5-5-4,2,479,3
2022/04/13,船橋,2,Ｃ３二 三,1500,ダ,左,良,晴,13,5,6,ヘリオシース,牝,6,54.0,426,-1,張田昂,岡林光,,4,1:42.2,42.9,9-8-8-6,6,426,-1
2022/04/13,船橋,2,Ｃ３二 三,1500,ダ,左,良,晴,13,7,11,タカラビート,牡,8,56.0,465,0,藤本現,齊藤敏,,5,1:42.3,42.7,12-11-11-10,5,465,0
2022/04/13,船橋,2,Ｃ３二 三,1500,ダ,左,良,晴,13,6,8,プラズマテイル,牝,5,54.0,428,-1,岡村健,米谷康,,6,1:42.8,43.9,3-3-3-5,4,428,-1
2022/04/13,船橋,2,Ｃ３二 三,1500,ダ,左,良,晴,13,4,5,ゴールデンルート,牝,8,53.0,457,-1,篠谷葵,玉井等,,7,1:43.0,43.2,7-9-12-12,12,457,-1
2022/04/13,船橋,2,Ｃ３二 三,1500,ダ,左,良,晴,13,3,3,トリテレイア,牝,6,54.0,421,-1,加藤和,玉井昇,,8,1:43.0,43.9,5-6-6-7,7,421,-1
2022/04/13,船橋,2,Ｃ３二 三,1500,ダ,左,良,晴,13,8,13,ミスターエイジュン,セ,0,56.0,464,11,山本紀,伊藤滋,,9,1:43.3,43.1,13-13-13-13,10,464,11
2022/04/13,船橋,2,Ｃ３二 三,1500,ダ,左,良,晴,13,7,10,モズキゾク,牡,4,56.0,439,-3,仲野光,波多健,,10,1:43.6,44.1,11-10-10-11,11,439,-3
2022/04/13,船橋,2,Ｃ３二 三,1500,ダ,左,良,晴,13,2,2,コパノカーニバル,牡,8,56.0,501,8,川島正,新井清,,11,1:43.7,44.9,1-1-1-2,8,501,8
2022/04/13,船橋,2,Ｃ３二 三,1500,ダ,左,良,晴,13,4,4,スマートミニヨン,牝,4,54.0,428,1,笠野雄,山中尊,,12,1:43.7,44.9,2-2-2-1,13,428,1
2022/04/13,船橋,2,Ｃ３二 三,1500,ダ,左,良,晴,13,6,9,トモエタカ,牡,5,56.0,451,-1,本橋孝,石井勝,,13,1:43.7,44.6,8-7-7-8,9,451,-1
2022/04/13,船橋,3,Ｃ２四 五,1500,ダ,左,良,晴,11,6,7,ブッカープライズ,牡,4,56.0,437,1,御神訓,川島一,,1,1:39.7,39.9,3-3-2-1,1,437,1
2022/04/13,船橋,3,Ｃ２四 五,1500,ダ,左,良,晴,11,3,3,アルディートシチー,セ,0,56.0,511,2,左海誠,林正人,,2,1:40.1,39.8,8-9-7-7,3,511,2
2022/04/13,船橋,3,Ｃ２四 五,1500,ダ,左,良,晴,11,5,5,アンシャセ,牡,4,56.0,537,14,森泰斗,新井清,,3,1:40.4,40.3,7-7-5-5,2,537,14
2022/04/13,船橋,3,Ｃ２四 五,1500,ダ,左,良,晴,11,8,10,レインボーアメリ,牝,8,54.0,476,-2,岡村裕,石井勝,,4,1:40.7,40.9,1-1-3-2,10,476,-2
2022/04/13,船橋,3,Ｃ２四 五,1500,ダ,左,良,晴,11,1,1,ガイディングスター,セ,0,56.0,475,11,今野忠,佐々清,,5,1:41.0,40.3,10-10-11-11,6,475,11
2022/04/13,船橋,3,Ｃ２四 五,1500,ダ,左,良,晴,11,8,11,インザホッパー,牡,4,56.0,467,-5,山崎誠,山本学,,6,1:41.0,41.0,4-4-4-3,8,467,-5
2022/04/13,船橋,3,Ｃ２四 五,1500,ダ,左,良,晴,11,6,6,カズブレイド,牡,5,56.0,521,6,岡村健,阿井正,,7,1:41.2,41.0,5-6-6-6,7,521,6
2022/04/13,船橋,3,Ｃ２四 五,1500,ダ,左,良,晴,11,2,2,キタノマンゲツ,牡,4,56.0,436,-8,臼井健,山中尊,,8,1:41.3,40.7,9-8-10-10,11,436,-8
2022/04/13,船橋,3,Ｃ２四 五,1500,ダ,左,良,晴,11,7,9,ビギンアゲイン,牡,7,56.0,448,-4,山口達,林正人,,9,1:41.4,40.9,11-11-9-8,4,448,-4
2022/04/13,船橋,3,Ｃ２四 五,1500,ダ,左,良,晴,11,7,8,ユウユウクラージュ,牡,6,56.0,459,-1,山中悠,渋谷博,,10,1:42.7,42.9,2-2-1-4,5,459,-1
2022/04/13,船橋,3,Ｃ２四 五,1500,ダ,左,良,晴,11,4,4,ドルチェヴィータ,牝,4,51.0,432,5,木間龍,米谷康,,11,1:42.8,42.4,6-5-8-9,9,432,5
2022/04/13,船橋,4,Ｃ２四 五,1200,ダ,左,良,晴,9,7,7,ライズインザノース,セ,0,56.0,511,-6,矢野貴,山田信,,1,1:16.0,39.9,4-2-2,4,511,-6
2022/04/13,船橋,4,Ｃ２四 五,1200,ダ,左,良,晴,9,3,3,テキサスブロンコ,牡,4,56.0,471,-3,森泰斗,佐藤太,,2,1:17.3,40.8,3-4-5,2,471,-3
2022/04/13,船橋,4,Ｃ２四 五,1200,ダ,左,良,晴,9,4,4,ブラウオリゾン,牡,4,56.0,520,-15,山崎誠,山崎裕,,3,1:17.7,41.7,1-1-1,1,520,-15
2022/04/13,船橋,4,Ｃ２四 五,1200,ダ,左,良,晴,9,5,5,コウユーカノカノ,牝,5,53.0,456,2,篠谷葵,宇野博,,4,1:17.7,40.7,6-7-6,8,456,2
2022/04/13,船橋,4,Ｃ２四 五,1200,ダ,左,良,晴,9,1,1,モルフォ,牝,5,54.0,440,3,和田譲,林　幻,,5,1:17.9,41.1,7-5-4,3,440,3
2022/04/13,船橋,4,Ｃ２四 五,1200,ダ,左,良,晴,9,8,9,ジュディスピュア,牝,4,54.0,431,-4,小杉亮,矢内博,,6,1:18.2,40.9,9-9-8,9,431,-4
2022/04/13,船橋,4,Ｃ２四 五,1200,ダ,左,良,晴,9,6,6,ロードユリシス,セ,0,56.0,482,2,藤江渉,武井和,,7,1:19.5,42.7,5-6-7,6,482,2
2022/04/13,船橋,4,Ｃ２四 五,1200,ダ,左,良,晴,9,8,8,モリデンリハク,牝,4,54.0,472,-3,澤田龍,坂本昇,,8,1:19.6,42.6,8-8-9,7,472,-3
2022/04/13,船橋,4,Ｃ２四 五,1200,ダ,左,良,晴,9,2,2,ランバダフレイバー,牡,5,56.0,448,3,庄司大,稲益貴,,9,1:20.9,44.5,2-3-3,5,448,3
2022/04/13,船橋,5,Ｃ２二 三,1200,ダ,左,良,晴,12,8,11,ペイシャムスビ,牝,4,54.0,495,12,張田昂,張田京,,1,1:16.4,39.9,5-5-4,1,495,12
2022/04/13,船橋,5,Ｃ２二 三,1200,ダ,左,良,晴,12,3,3,ガクチカキッズ,牡,8,56.0,476,-2,山口達,玉井勝,,2,1:17.0,39.7,9-8-6,6,476,-2
2022/04/13,船橋,5,Ｃ２二 三,1200,ダ,左,良,晴,12,4,4,クリスリターン,セ,0,56.0,471,3,笹川翼,岡林光,,3,1:17.9,41.6,4-3-2,2,471,3
2022/04/13,船橋,5,Ｃ２二 三,1200,ダ,左,良,晴,12,5,6,ペイフォン,牡,4,56.0,529,21,本田重,新井清,,4,1:18.0,41.0,6-7-8,4,529,21
2022/04/13,船橋,5,Ｃ２二 三,1200,ダ,左,良,晴,12,2,2,ツキマデトドケ,牡,5,56.0,523,15,矢野貴,伊藤滋,,5,1:18.1,41.6,2-4-5,5,523,15
2022/04/13,船橋,5,Ｃ２二 三,1200,ダ,左,良,晴,12,1,1,トップフェイス,セ,0,55.0,468,-5,古岡勇,林　幻,,6,1:18.2,41.2,7-6-7,3,468,-5
2022/04/13,船橋,5,Ｃ２二 三,1200,ダ,左,良,晴,12,5,5,レオズソーダライト,牝,6,54.0,473,0,橋本直,平山真,,7,1:18.6,42.7,1-1-1,11,473,0
2022/04/13,船橋,5,Ｃ２二 三,1200,ダ,左,良,晴,12,6,7,リュウノケンシン,牡,4,56.0,532,-1,濱田達,齊藤敏,,8,1:19.0,40.3,12-12-12,10,532,-1
2022/04/13,船橋,5,Ｃ２二 三,1200,ダ,左,良,晴,12,8,12,ブルームヴォーグ,牡,5,56.0,507,0,西啓太,海馬司,,9,1:19.1,40.4,11-11-10,12,507,0
2022/04/13,船橋,5,Ｃ２二 三,1200,ダ,左,良,晴,12,7,10,ゴールドキャスト,牝,9,54.0,427,-16,福原杏,吉田正,,10,1:19.2,40.7,10-10-11,9,427,-16
2022/04/13,船橋,5,Ｃ２二 三,1200,ダ,左,良,晴,12,6,8,ヴェールレガロ,牡,7,56.0,513,-2,和田譲,小澤宏,,11,1:19.2,41.1,8-9-9,7,513,-2
2022/04/13,船橋,5,Ｃ２二 三,1200,ダ,左,良,晴,12,7,9,シゲルアパライト,牡,6,56.0,495,0,吉留孝,横山保,,12,1:21.3,45.2,3-2-3,8,495,0
2022/04/13,船橋,6,チューリップ特別３歳一,1500,ダ,左,良,晴,10,6,6,レディオスター,牝,3,55.0,466,1,酒井忍,矢野義,,1,1:38.5,39.2,2-2-1-1,1,466,1
2022/04/13,船橋,6,チューリップ特別３歳一,1500,ダ,左,良,晴,10,8,9,マイジュネス,牡,3,56.0,448,-2,笹川翼,山田信,,2,1:39.4,39.9,4-3-3-2,4,448,-2
2022/04/13,船橋,6,チューリップ特別３歳一,1500,ダ,左,良,晴,10,2,2,ナショナルモール,牡,3,56.0,541,-6,森泰斗,佐々清,,3,1:39.7,40.0,3-4-4-3,2,541,-6
2022/04/13,船橋,6,チューリップ特別３歳一,1500,ダ,左,良,晴,10,5,5,スマイルキングオー,牡,3,55.0,486,-5,篠谷葵,張田京,,4,1:40.6,40.6,5-5-5-6,8,486,-5
2022/04/13,船橋,6,チューリップ特別３歳一,1500,ダ,左,良,晴,10,4,4,メイククラウドロア,牡,3,56.0,511,3,本田重,川島一,,5,1:40.6,40.1,7-7-8-8,7,511,3
2022/04/13,船橋,6,チューリップ特別３歳一,1500,ダ,左,良,晴,10,7,8,ウインフラッシュ,牡,3,56.0,453,-15,藤本現,佐々功,,6,1:40.9,39.6,8-10-10-9,9,453,-15
2022/04/13,船橋,6,チューリップ特別３歳一,1500,ダ,左,良,晴,10,3,3,バイザウェイ,牡,3,57.0,462,-8,山口達,林正人,,7,1:41.3,41.3,10-9-6-4,3,462,-8
2022/04/13,船橋,6,チューリップ特別３歳一,1500,ダ,左,良,晴,10,7,7,マキオートーケン,牡,3,56.0,466,9,山崎誠,山本学,,8,1:42.2,40.9,9-8-9-10,6,466,9
2022/04/13,船橋,6,チューリップ特別３歳一,1500,ダ,左,良,晴,10,8,10,ケラウノスカズ,牡,3,56.0,444,-6,小杉亮,玉井等,,9,1:42.3,42.2,6-6-7-7,10,444,-6
2022/04/13,船橋,6,チューリップ特別３歳一,1500,ダ,左,良,晴,10,1,1,エイムダウンサイト,牡,3,56.0,483,-7,左海誠,小久智,,10,1:42.6,43.3,1-1-2-5,5,483,-7
2022/04/13,船橋,7,Ｃ２二 三,1500,ダ,左,良,晴,12,2,2,ウインカルナヴァル,牡,7,56.0,495,2,矢野貴,玉井昇,,1,1:39.1,42.0,1-1-1-1,2,495,2
2022/04/13,船橋,7,Ｃ２二 三,1500,ダ,左,良,晴,12,6,8,アミスタ,牝,4,54.0,481,2,森泰斗,齊藤敏,,2,1:39.2,40.8,8-9-9-9,9,481,2
2022/04/13,船橋,7,Ｃ２二 三,1500,ダ,左,良,晴,12,6,7,グランハバナブルー,牡,5,56.0,512,12,真島大,矢野義,,3,1:39.6,42.4,3-3-2-2,6,512,12
2022/04/13,船橋,7,Ｃ２二 三,1500,ダ,左,良,晴,12,1,1,ブラックアリエス,セ,0,56.0,488,1,笹川翼,林　幻,,4,1:39.6,42.0,4-4-4-4,3,488,1
2022/04/13,船橋,7,Ｃ２二 三,1500,ダ,左,良,晴,12,7,10,ジュンモユル,牡,7,56.0,526,-5,今野忠,張田京,,5,1:39.8,42.2,6-5-5-3,1,526,-5
2022/04/13,船橋,7,Ｃ２二 三,1500,ダ,左,良,晴,12,7,9,トリニタリアニズム,牡,4,56.0,527,-8,町田直,山田信,,6,1:39.9,42.0,7-8-7-6,7,527,-8
2022/04/13,船橋,7,Ｃ２二 三,1500,ダ,左,良,晴,12,4,4,スパンブリー,牡,6,56.0,540,4,加藤和,長谷忍,,7,1:40.9,43.0,9-7-6-7,8,540,4
2022/04/13,船橋,7,Ｃ２二 三,1500,ダ,左,良,晴,12,5,6,アイグローリー,セ,0,56.0,466,-7,仲野光,阿井正,,8,1:40.9,42.9,5-6-8-8,4,466,-7
2022/04/13,船橋,7,Ｃ２二 三,1500,ダ,左,良,晴,12,8,12,アンカーマン,セ,0,56.0,495,-5,石崎駿,海馬司,,9,1:41.0,42.0,10-11-10-10,10,495,-5
2022/04/13,船橋,7,Ｃ２二 三,1500,ダ,左,良,晴,12,3,3,ビレッジクライ,牝,6,54.0,465,1,和田譲,新井清,,10,1:42.7,45.5,2-2-2-5,5,465,1
2022/04/13,船橋,7,Ｃ２二 三,1500,ダ,左,良,晴,12,8,11,ヒラボククイーン,牝,5,54.0,457,0,岡村健,渋谷博,,11,1:42.7,43.0,12-12-12-12,12,457,0
2022/04/13,船橋,7,Ｃ２二 三,1500,ダ,左,良,晴,12,5,5,シェナフウジン,牡,6,56.0,458,0,岡田大,冨田敏,,12,1:44.8,45.4,11-10-11-11,11,458,0
2022/04/13,船橋,8,Ｊ交 ナイスビット特別３歳未格選抜牝馬Ｊ,1600,ダ,左,良,晴,10,1,1,シロン,牝,3,54.0,508,-4,達城龍,高柳大,,1,1:45.7,40.2,1-1-1-1,3,508,-4
2022/04/13,船橋,8,Ｊ交 ナイスビット特別３歳未格選抜牝馬Ｊ,1600,ダ,左,良,晴,10,5,5,ソレイユスマイル,牝,3,54.0,486,7,森泰斗,川島一,,2,1:47.2,41.4,4-4-5-3,2,486,7
2022/04/13,船橋,8,Ｊ交 ナイスビット特別３歳未格選抜牝馬Ｊ,1600,ダ,左,良,晴,10,2,2,コスモスフレ,牝,3,54.0,449,-3,和田譲,佐藤吉,,3,1:48.5,42.3,6-6-8-6,8,449,-3
2022/04/13,船橋,8,Ｊ交 ナイスビット特別３歳未格選抜牝馬Ｊ,1600,ダ,左,良,晴,10,7,8,イサチルウキウキ,牝,3,54.0,455,-5,町田直,竹内正,,4,1:49.9,44.0,10-10-6-5,5,455,-5
2022/04/13,船橋,8,Ｊ交 ナイスビット特別３歳未格選抜牝馬Ｊ,1600,ダ,左,良,晴,10,8,10,キョウエイシャイン,牝,3,54.0,456,-6,秋元耕,小澤宏,,5,1:50.1,44.3,7-7-3-4,10,456,-6
2022/04/13,船橋,8,Ｊ交 ナイスビット特別３歳未格選抜牝馬Ｊ,1600,ダ,左,良,晴,10,6,6,ファディッシュ,牝,3,54.0,436,8,矢野貴,青木孝,,6,1:50.4,44.8,3-3-2-2,1,436,8
2022/04/13,船橋,8,Ｊ交 ナイスビット特別３歳未格選抜牝馬Ｊ,1600,ダ,左,良,晴,10,7,7,スージー,牝,3,54.0,463,-3,山本紀,山本学,,7,1:52.1,45.9,5-5-7-7,9,463,-3
2022/04/13,船橋,8,Ｊ交 ナイスビット特別３歳未格選抜牝馬Ｊ,1600,ダ,左,良,晴,10,3,3,ベルトゥジュール,牝,3,54.0,458,14,笹川翼,蛯名利,,8,1:52.7,46.3,8-8-9-9,4,458,14
2022/04/13,船橋,8,Ｊ交 ナイスビット特別３歳未格選抜牝馬Ｊ,1600,ダ,左,良,晴,10,8,9,ダノンパペット,牝,3,53.0,374,0,篠谷葵,村山明,,9,1:52.8,46.4,9-9-10-10,7,374,0
2022/04/13,船橋,8,Ｊ交 ナイスビット特別３歳未格選抜牝馬Ｊ,1600,ダ,左,良,晴,10,4,4,リンガスキャット,牝,3,54.0,477,1,本田重,中舘英,,10,1:52.9,47.1,2-2-3-8,6,477,1
2022/04/13,船橋,9,馬い！八幡平ドラゴンアイ開眼記念Ｃ１選抜,1200,ダ,左,良,晴,12,7,9,バイカル,牝,5,54.0,488,1,森泰斗,佐藤太,,1,1:15.4,39.1,2-2-1,1,488,1
2022/04/13,船橋,9,馬い！八幡平ドラゴンアイ開眼記念Ｃ１選抜,1200,ダ,左,良,晴,12,8,11,カールスバート,牡,4,56.0,486,4,和田譲,齊藤敏,,2,1:15.7,39.2,6-3-3,3,486,4
2022/04/13,船橋,9,馬い！八幡平ドラゴンアイ開眼記念Ｃ１選抜,1200,ダ,左,良,晴,12,7,10,エスケイヤマト,牡,4,56.0,479,-17,山口達,林正人,,3,1:16.0,38.8,9-8-8,5,479,-17
2022/04/13,船橋,9,馬い！八幡平ドラゴンアイ開眼記念Ｃ１選抜,1200,ダ,左,良,晴,12,2,2,ソニックムーヴ,牡,4,56.0,486,-2,御神訓,川島一,,4,1:16.6,39.9,7-6-5,2,486,-2
2022/04/13,船橋,9,馬い！八幡平ドラゴンアイ開眼記念Ｃ１選抜,1200,ダ,左,良,晴,12,6,7,アーガイルピンク,牝,4,54.0,441,1,川島正,稲益貴,,5,1:16.8,39.3,12-9-9,4,441,1
2022/04/13,船橋,9,馬い！八幡平ドラゴンアイ開眼記念Ｃ１選抜,1200,ダ,左,良,晴,12,5,6,ヴィスコンティ,セ,0,56.0,494,-2,臼井健,山中尊,,6,1:17.2,40.6,4-4-4,7,494,-2
2022/04/13,船橋,9,馬い！八幡平ドラゴンアイ開眼記念Ｃ１選抜,1200,ダ,左,良,晴,12,3,3,カラハリ,セ,0,56.0,419,-1,山崎誠,山本学,,7,1:17.4,39.2,11-12-12,9,419,-1
2022/04/13,船橋,9,馬い！八幡平ドラゴンアイ開眼記念Ｃ１選抜,1200,ダ,左,良,晴,12,4,4,ポッドラピド,牝,4,54.0,397,-10,小杉亮,渋谷博,,8,1:17.7,40.0,10-11-10,12,397,-10
2022/04/13,船橋,9,馬い！八幡平ドラゴンアイ開眼記念Ｃ１選抜,1200,ダ,左,良,晴,12,1,1,エリオット,牡,4,56.0,531,21,酒井忍,古澤悟,,9,1:18.0,40.3,8-10-11,6,531,21
2022/04/13,船橋,9,馬い！八幡平ドラゴンアイ開眼記念Ｃ１選抜,1200,ダ,左,良,晴,12,8,12,アンビル,セ,0,55.0,491,-1,古岡勇,林　幻,,10,1:18.0,41.1,5-7-7,10,491,-1
2022/04/13,船橋,9,馬い！八幡平ドラゴンアイ開眼記念Ｃ１選抜,1200,ダ,左,良,晴,12,5,5,カッチョエペペ,牝,6,54.0,459,-5,岡村健,岡林光,,11,1:18.4,41.7,3-5-6,8,459,-5
2022/04/13,船橋,9,馬い！八幡平ドラゴンアイ開眼記念Ｃ１選抜,1200,ダ,左,良,晴,12,6,8,オルディネール,牝,4,54.0,460,0,笠野雄,山中尊,,12,1:18.7,42.5,1-1-2,11,460,0
2022/04/13,船橋,10,ハルシャギクスプリントＢ１選抜馬,1200,ダ,左,良,晴,11,6,6,エフェルヴェソンス,牡,7,55.0,491,7,篠谷葵,米谷康,,1,1:15.1,38.7,9-9-6,5,491,7
2022/04/13,船橋,10,ハルシャギクスプリントＢ１選抜馬,1200,ダ,左,良,晴,11,7,9,ポンペイワーム,牡,6,56.0,520,-4,岡村健,岡林光,,2,1:15.5,40.2,3-3-2,1,520,-4
2022/04/13,船橋,10,ハルシャギクスプリントＢ１選抜馬,1200,ダ,左,良,晴,11,3,3,キャストロポポ,牡,4,56.0,485,-4,山崎誠,山本学,,3,1:15.6,40.5,4-2-3,3,485,-4
2022/04/13,船橋,10,ハルシャギクスプリントＢ１選抜馬,1200,ダ,左,良,晴,11,1,1,モズアンビリバボー,牡,4,54.0,482,0,和田譲,鈴木義,,4,1:15.7,40.6,5-1-1,7,482,0
2022/04/13,船橋,10,ハルシャギクスプリントＢ１選抜馬,1200,ダ,左,良,晴,11,5,5,バーミンガム,牡,7,56.0,528,-1,御神訓,川島一,,5,1:15.8,39.8,6-6-5,4,528,-1
2022/04/13,船橋,10,ハルシャギクスプリントＢ１選抜馬,1200,ダ,左,良,晴,11,4,4,アルファベット,牡,8,56.0,490,5,本橋孝,佐々仁,,6,1:15.9,39.8,7-7-4,10,490,5
2022/04/13,船橋,10,ハルシャギクスプリントＢ１選抜馬,1200,ダ,左,良,晴,11,7,8,トキメキライツ,牡,7,56.0,494,0,山口達,林正人,,7,1:16.1,39.7,10-10-9,9,494,0
2022/04/13,船橋,10,ハルシャギクスプリントＢ１選抜馬,1200,ダ,左,良,晴,11,6,7,オーケストラ,セ,0,56.0,501,5,張田昂,佐藤太,,8,1:16.1,39.4,11-11-10,8,501,5
2022/04/13,船橋,10,ハルシャギクスプリントＢ１選抜馬,1200,ダ,左,良,晴,11,2,2,ストームガスト,牡,6,56.0,479,0,矢野貴,伊藤滋,,9,1:18.3,42.1,8-8-8,6,479,0
2022/04/13,船橋,10,ハルシャギクスプリントＢ１選抜馬,1200,ダ,左,良,晴,11,8,10,プレストシャイン,牡,5,56.0,507,-3,小杉亮,山下之,,10,1:20.2,44.6,2-4-7,2,507,-3
2022/04/13,船橋,10,ハルシャギクスプリントＢ１選抜馬,1200,ダ,左,良,晴,11,8,11,コウユークロガヨカ,牡,6,56.0,488,0,川島正,佐藤太,,11,1:20.9,44.9,1-5-11,11,488,0
2022/04/13,船橋,11,マリーンカップJpnIII,1600,ダ,左,良,晴,13,8,13,ショウナンナデシコ,牝,5,57.0,479,-1,吉田隼,須貝尚,,1,1:41.3,38.5,2-2-2-2,2,479,-1
2022/04/13,船橋,11,マリーンカップJpnIII,1600,ダ,左,良,晴,13,7,10,サルサディオーネ,牝,8,58.0,529,4,矢野貴,堀千亜,,2,1:43.0,40.4,1-1-1-1,1,529,4
2022/04/13,船橋,11,マリーンカップJpnIII,1600,ダ,左,良,晴,13,2,2,レーヌブランシュ,牝,5,57.0,474,8,ルメー,橋口慎,,3,1:43.2,40.0,6-5-5-3,4,474,8
2022/04/13,船橋,11,マリーンカップJpnIII,1600,ダ,左,良,晴,13,5,6,メモリーコウ,牝,7,55.0,476,2,和田譲,鷹見浩,,4,1:44.5,41.4,4-4-4-5,5,476,2
2022/04/13,船橋,11,マリーンカップJpnIII,1600,ダ,左,良,晴,13,4,4,レディバグ,牝,4,55.0,447,-3,酒井学,北出成,,5,1:44.7,41.6,3-3-3-4,3,447,-3
2022/04/13,船橋,11,マリーンカップJpnIII,1600,ダ,左,良,晴,13,1,1,クールキャット,牝,4,57.0,525,-3,内田博,奥村武,,6,1:44.9,41.6,7-6-6-6,6,525,-3
2022/04/13,船橋,11,マリーンカップJpnIII,1600,ダ,左,良,晴,13,6,8,ハピネスマインド,牝,4,55.0,441,6,小杉亮,矢内博,,7,1:46.0,41.1,5-7-7-7,7,441,6
2022/04/13,船橋,11,マリーンカップJpnIII,1600,ダ,左,良,晴,13,3,3,グレートコマンダー,牝,8,55.0,501,16,濱田達,今津博,,8,1:47.3,41.2,11-10-9-9,9,501,16
2022/04/13,船橋,11,マリーンカップJpnIII,1600,ダ,左,良,晴,13,8,12,アイカプチーノ,牝,4,55.0,480,0,山口達,阿井正,,9,1:48.5,43.2,8-8-8-8,8,480,0
2022/04/13,船橋,11,マリーンカップJpnIII,1600,ダ,左,良,晴,13,5,7,ネイバーアイランド,牝,4,55.0,422,-3,魚住謙,鋤田誠,,10,1:49.5,42.8,10-11-11-11,11,422,-3
2022/04/13,船橋,11,マリーンカップJpnIII,1600,ダ,左,良,晴,13,7,11,ナラ,牝,6,55.0,435,6,深澤杏,伊藤好,,11,1:49.6,43.5,9-9-10-10,10,435,6
2022/04/13,船橋,11,マリーンカップJpnIII,1600,ダ,左,良,晴,13,4,5,ハナウタマジリ,牝,4,55.0,463,2,松本剛,伊藤好,,12,1:49.8,42.9,13-12-12-12,12,463,2
2022/04/13,船橋,11,マリーンカップJpnIII,1600,ダ,左,良,晴,13,6,9,アウティミアー,牝,6,55.0,429,-1,藤原幹,伊藤好,,13,1:50.3,43.2,12-13-13-13,13,429,-1
2022/04/13,船橋,12,ハルジオン２２００Ｂ２Ｂ３選抜馬,2200,ダ,左,良,晴,12,8,12,マスカテル,牡,5,55.0,496,1,矢野貴,玉井昇,,1,2:29.4,41.3,10-10-8-5,3,496,1
2022/04/13,船橋,12,ハルジオン２２００Ｂ２Ｂ３選抜馬,2200,ダ,左,良,晴,12,6,7,アイノウィステリア,牡,5,55.0,523,0,石崎駿,石井勝,,2,2:29.5,41.5,11-11-7-3,7,523,0
2022/04/13,船橋,12,ハルジオン２２００Ｂ２Ｂ３選抜馬,2200,ダ,左,良,晴,12,2,2,アイキャンテーラー,牡,6,57.0,504,2,笹川翼,稲益貴,,3,2:30.4,43.4,1-1-1-1,1,504,2
2022/04/13,船橋,12,ハルジオン２２００Ｂ２Ｂ３選抜馬,2200,ダ,左,良,晴,12,7,10,リセット,セ,0,57.0,468,-8,澤田龍,玉井等,,4,2:30.6,41.9,12-12-11-8,12,468,-8
2022/04/13,船橋,12,ハルジオン２２００Ｂ２Ｂ３選抜馬,2200,ダ,左,良,晴,12,1,1,グッドヘルスバイオ,牡,6,57.0,486,4,岡村健,新井清,,5,2:30.8,43.0,6-6-6-7,10,486,4
2022/04/13,船橋,12,ハルジオン２２００Ｂ２Ｂ３選抜馬,2200,ダ,左,良,晴,12,8,11,サンチャップリン,セ,0,55.0,545,-3,山中悠,伊藤滋,,6,2:30.9,43.5,4-4-3-4,8,545,-3
2022/04/13,船橋,12,ハルジオン２２００Ｂ２Ｂ３選抜馬,2200,ダ,左,良,晴,12,7,9,ミスティネイル,牝,6,53.0,518,-2,森泰斗,山中尊,,7,2:31.0,43.7,8-8-2-2,5,518,-2
2022/04/13,船橋,12,ハルジオン２２００Ｂ２Ｂ３選抜馬,2200,ダ,左,良,晴,12,5,6,アブソルートクイン,牝,6,55.0,469,2,本橋孝,米谷康,,8,2:32.0,44.4,5-5-4-6,9,469,2
2022/04/13,船橋,12,ハルジオン２２００Ｂ２Ｂ３選抜馬,2200,ダ,左,良,晴,12,6,8,ランドファースト,牡,4,57.0,490,6,酒井忍,矢野義,,9,2:32.4,44.3,7-7-9-9,4,490,6
2022/04/13,船橋,12,ハルジオン２２００Ｂ２Ｂ３選抜馬,2200,ダ,左,良,晴,12,5,5,ヨウコウ,牡,6,56.0,481,6,篠谷葵,林正人,,10,2:32.6,44.2,9-9-10-10,6,481,6
2022/04/13,船橋,12,ハルジオン２２００Ｂ２Ｂ３選抜馬,2200,ダ,左,良,晴,12,3,3,マラジェッツ,牡,5,55.0,466,3,笠野雄,山中尊,,11,2:34.2,46.5,3-3-5-11,11,466,3
2022/04/13,船橋,12,ハルジオン２２００Ｂ２Ｂ３選抜馬,2200,ダ,左,良,晴,12,4,4,ベガスフォンテン,牝,4,53.0,473,4,本田重,山下之,,12,2:42.1,53.4,2-2-12-12,2,473,4
2022/04/14,船橋,1,３歳七,1200,ダ,左,良,曇,12,8,12,リンクスシュウ,牡,3,56.0,438,-6,笠野雄,渡邊貴,,1,1:19.1,41.1,11-6-5,3,438,-6
2022/04/14,船橋,1,３歳七,1200,ダ,左,良,曇,12,6,7,リュウノジャック,牡,3,56.0,480,4,濱田達,齊藤敏,,2,1:19.3,42.5,2-2-2,7,480,4
2022/04/14,船橋,1,３歳七,1200,ダ,左,良,曇,12,5,5,ハクサンアロー,牡,3,56.0,507,3,本橋孝,矢野義,,3,1:19.4,42.6,1-1-1,1,507,3
2022/04/14,船橋,1,３歳七,1200,ダ,左,良,曇,12,6,8,カンノンカイエン,牡,3,56.0,397,5,庄司大,玉井等,,4,1:19.4,41.0,8-7-6,4,397,5
2022/04/14,船橋,1,３歳七,1200,ダ,左,良,曇,12,4,4,モリデンベル,牝,3,54.0,461,-9,保園翔,山越光,,5,1:19.7,40.1,6-11-10,10,461,-9
2022/04/14,船橋,1,３歳七,1200,ダ,左,良,曇,12,7,10,スーベニア,牝,3,54.0,473,3,森泰斗,内野健,,6,1:19.9,42.5,4-4-4,2,473,3
2022/04/14,船橋,1,３歳七,1200,ダ,左,良,曇,12,8,11,グリンベース,牝,3,51.0,459,-2,木間龍,新井清,,7,1:20.3,41.4,9-9-9,9,459,-2
2022/04/14,船橋,1,３歳七,1200,ダ,左,良,曇,12,1,1,アカサカショコラ,牝,3,54.0,466,-9,橋本直,酒井一,,8,1:20.9,41.6,7-10-11,8,466,-9
2022/04/14,船橋,1,３歳七,1200,ダ,左,良,曇,12,5,6,アイノハリケーン,牡,3,56.0,456,-4,山口達,阿井正,,9,1:21.1,42.4,10-8-8,5,456,-4
2022/04/14,船橋,1,３歳七,1200,ダ,左,良,曇,12,7,9,キョウエイエスポ,牝,3,54.0,425,-3,臼井健,佐々功,,10,1:21.6,44.6,3-3-3,6,425,-3
2022/04/14,船橋,1,３歳七,1200,ダ,左,良,曇,12,3,3,カミノクレム,牝,3,54.0,376,-2,西村栄,佐々功,,11,1:22.2,42.2,12-12-12,12,376,-2
2022/04/14,船橋,1,３歳七,1200,ダ,左,良,曇,12,2,2,ターミロンサール,牝,3,54.0,470,1,福原杏,小林真,,12,1:24.0,46.0,5-5-7,11,470,1
2022/04/14,船橋,2,Ｃ３選抜馬,1200,ダ,左,良,曇,12,3,3,エルヴス,牝,8,54.0,491,-6,森泰斗,佐藤太,,1,1:17.8,39.9,6-6-6,2,491,-6
2022/04/14,船橋,2,Ｃ３選抜馬,1200,ダ,左,良,曇,12,7,9,セーヌプロミーズ,牝,4,54.0,492,12,藤田凌,内田勝,,2,1:17.8,40.5,2-3-1,6,492,12
2022/04/14,船橋,2,Ｃ３選抜馬,1200,ダ,左,良,曇,12,6,7,トップシンデレラ,牝,4,54.0,452,2,笠野雄,矢内博,,3,1:18.0,40.5,4-5-5,10,452,2
2022/04/14,船橋,2,Ｃ３選抜馬,1200,ダ,左,良,曇,12,5,5,ハクサンキュート,牝,4,54.0,411,-4,小杉亮,矢野義,,4,1:18.1,39.8,12-12-12,3,411,-4
2022/04/14,船橋,2,Ｃ３選抜馬,1200,ダ,左,良,曇,12,5,6,ホシノウチカケ,牝,6,54.0,454,-4,張田昂,渡邊貴,,5,1:18.1,40.2,8-8-7,4,454,-4
2022/04/14,船橋,2,Ｃ３選抜馬,1200,ダ,左,良,曇,12,8,12,カゲカツ,牡,8,56.0,527,5,橋本直,長谷忍,,6,1:18.9,41.4,5-4-3,8,527,5
2022/04/14,船橋,2,Ｃ３選抜馬,1200,ダ,左,良,曇,12,2,2,フレンチチェリー,牝,6,53.0,444,-2,篠谷葵,岡林光,,7,1:18.9,40.8,10-10-11,9,444,-2
2022/04/14,船橋,2,Ｃ３選抜馬,1200,ダ,左,良,曇,12,1,1,サンドビューティ,牝,5,51.0,427,0,野畑凌,山崎尋,,8,1:19.6,41.5,9-9-8,7,427,0
2022/04/14,船橋,2,Ｃ３選抜馬,1200,ダ,左,良,曇,12,8,11,マリンタカチエフミ,牝,4,54.0,460,0,山本紀,齊藤敏,,9,1:19.7,41.8,7-7-9,12,460,0
2022/04/14,船橋,2,Ｃ３選抜馬,1200,ダ,左,良,曇,12,7,10,キタノサスピション,牝,4,54.0,440,2,矢野貴,稲益貴,,10,1:19.8,41.7,11-11-10,1,440,2
2022/04/14,船橋,2,Ｃ３選抜馬,1200,ダ,左,良,曇,12,6,8,バジガクエブリン,牝,4,54.0,462,-1,臼井健,山中尊,,11,1:19.8,42.6,3-2-2,5,462,-1
2022/04/14,船橋,2,Ｃ３選抜馬,1200,ダ,左,良,曇,12,4,4,ロゼッタハート,牝,8,54.0,433,-7,高橋哲,牛房榮,,12,1:20.8,43.7,1-1-4,11,433,-7
2022/04/14,船橋,3,Ｃ２八 九,1200,ダ,左,良,小雨,12,6,7,ウェイクール,牡,6,56.0,541,-5,藤本現,伊藤滋,,1,1:17.1,39.5,7-5-5,1,541,-5
2022/04/14,船橋,3,Ｃ２八 九,1200,ダ,左,良,小雨,12,8,11,センドハーマイラブ,牝,4,54.0,429,-7,矢野貴,山田信,,2,1:17.2,38.8,9-8-8,2,429,-7
2022/04/14,船橋,3,Ｃ２八 九,1200,ダ,左,良,小雨,12,1,1,リュウノロー,牡,5,56.0,499,-3,和田譲,齊藤敏,,3,1:17.3,39.9,3-4-4,4,499,-3
2022/04/14,船橋,3,Ｃ２八 九,1200,ダ,左,良,小雨,12,5,5,スカイカンナ,牝,4,54.0,437,-2,臼井健,山中尊,,4,1:18.2,40.8,4-3-3,10,437,-2
2022/04/14,船橋,3,Ｃ２八 九,1200,ダ,左,良,小雨,12,5,6,シルヴァーイーグル,牡,6,56.0,539,-9,藤江渉,岡田一,,5,1:18.2,41.0,2-2-1,8,539,-9
2022/04/14,船橋,3,Ｃ２八 九,1200,ダ,左,良,小雨,12,7,9,サンハンツビル,牝,6,54.0,464,-3,保園翔,川村守,,6,1:18.7,39.7,12-11-10,9,464,-3
2022/04/14,船橋,3,Ｃ２八 九,1200,ダ,左,良,小雨,12,8,12,ニシノキスミー,牝,8,54.0,470,2,張田昂,小澤宏,,7,1:19.1,41.3,5-6-6,7,470,2
2022/04/14,船橋,3,Ｃ２八 九,1200,ダ,左,良,小雨,12,7,10,ビービーミューズ,牝,4,54.0,463,4,岡村健,稲益貴,,8,1:19.3,40.9,8-9-9,5,463,4
2022/04/14,船橋,3,Ｃ２八 九,1200,ダ,左,良,小雨,12,2,2,ピースリアン,牡,5,56.0,493,-5,福原杏,横山保,,9,1:20.3,43.1,1-1-2,6,493,-5
2022/04/14,船橋,3,Ｃ２八 九,1200,ダ,左,良,小雨,12,6,8,エムワンブラッサム,牝,4,51.0,430,-9,木間龍,佐々功,,10,1:20.5,41.6,10-10-11,12,430,-9
2022/04/14,船橋,3,Ｃ２八 九,1200,ダ,左,良,小雨,12,3,3,アイリーライフ,牝,4,54.0,468,3,森泰斗,新井清,,11,1:21.1,43.1,6-7-7,3,468,3
2022/04/14,船橋,3,Ｃ２八 九,1200,ダ,左,良,小雨,12,4,4,カチドキブラック,牡,4,56.0,472,-8,仲野光,凾館一,,12,1:21.7,42.3,11-12-12,11,472,-8
2022/04/14,船橋,4,Ｃ２八 九,1500,ダ,左,良,小雨,12,1,1,エールプレジール,セ,0,56.0,481,8,岡村健,渋谷博,,1,1:40.0,39.8,5-6-6-5,3,481,8
2022/04/14,船橋,4,Ｃ２八 九,1500,ダ,左,良,小雨,12,2,2,アトゥ,牡,5,56.0,501,5,本橋孝,矢野義,,2,1:40.1,40.3,3-4-4-3,5,501,5
2022/04/14,船橋,4,Ｃ２八 九,1500,ダ,左,良,小雨,12,6,8,ジーガーワールド,牡,6,56.0,478,0,石崎駿,石井勝,,3,1:40.7,41.1,4-3-3-2,2,478,0
2022/04/14,船橋,4,Ｃ２八 九,1500,ダ,左,良,小雨,12,6,7,トーセンエクラ,牡,7,56.0,482,2,藤本現,齊藤敏,,4,1:41.1,40.6,11-9-7-7,10,482,2
2022/04/14,船橋,4,Ｃ２八 九,1500,ダ,左,良,小雨,12,5,5,ヴァリオブキングズ,牡,6,56.0,474,-3,福原杏,齊藤敏,,5,1:41.1,40.2,10-11-8-8,11,474,-3
2022/04/14,船橋,4,Ｃ２八 九,1500,ダ,左,良,小雨,12,4,4,ゴールドバード,牡,8,56.0,489,-1,藤江渉,野口孝,,6,1:41.3,39.7,9-10-11-9,9,489,-1
2022/04/14,船橋,4,Ｃ２八 九,1500,ダ,左,良,小雨,12,8,11,メイショウイヤサカ,牝,6,54.0,440,-4,見越彬,海馬司,,7,1:41.7,40.2,8-8-10-10,6,440,-4
2022/04/14,船橋,4,Ｃ２八 九,1500,ダ,左,良,小雨,12,8,12,チェンカーン,牡,5,56.0,503,20,御神訓,川島一,,8,1:42.2,42.7,2-2-1-1,1,503,20
2022/04/14,船橋,4,Ｃ２八 九,1500,ダ,左,良,小雨,12,7,9,ルルド,セ,0,56.0,427,0,橋本直,平山真,,9,1:42.7,41.3,7-7-9-11,8,427,0
2022/04/14,船橋,4,Ｃ２八 九,1500,ダ,左,良,小雨,12,5,6,フィーリウスワン,牡,4,56.0,466,3,和田譲,林　幻,,10,1:42.9,43.1,6-5-5-4,4,466,3
2022/04/14,船橋,4,Ｃ２八 九,1500,ダ,左,良,小雨,12,3,3,アイマックス,牡,6,56.0,446,2,高橋哲,岡田一,,11,1:43.0,40.6,12-12-12-12,12,446,2
2022/04/14,船橋,4,Ｃ２八 九,1500,ダ,左,良,小雨,12,7,10,エメラルスマイル,牝,4,53.0,427,-13,篠谷葵,佐々清,,12,1:43.3,43.8,1-1-2-6,7,427,-13
2022/04/14,船橋,5,３歳二 三,1500,ダ,左,良,曇,12,7,9,デシジョン,牡,3,56.0,485,4,真島大,稲益貴,,1,1:39.4,41.2,1-1-1-1,1,485,4
2022/04/14,船橋,5,３歳二 三,1500,ダ,左,良,曇,12,7,10,プレストレーヌ,牝,3,54.0,446,1,川島正,山下之,,2,1:40.0,41.7,2-2-2-2,3,446,1
2022/04/14,船橋,5,３歳二 三,1500,ダ,左,良,曇,12,8,11,アルティマダンサー,牡,3,56.0,453,-5,町田直,山田信,,3,1:40.0,41.5,3-3-3-3,6,453,-5
2022/04/14,船橋,5,３歳二 三,1500,ダ,左,良,曇,12,6,7,グリューフィア,セ,0,56.0,498,-1,石崎駿,米谷康,,4,1:40.2,40.7,8-9-7-6,2,498,-1
2022/04/14,船橋,5,３歳二 三,1500,ダ,左,良,曇,12,4,4,マーシテイクオン,牡,3,56.0,489,2,西村栄,矢野義,,5,1:40.6,41.5,5-6-4-4,8,489,2
2022/04/14,船橋,5,３歳二 三,1500,ダ,左,良,曇,12,6,8,エクレールスカイ,牡,3,56.0,422,-1,山口達,林正人,,6,1:41.1,41.6,10-10-8-9,4,422,-1
2022/04/14,船橋,5,３歳二 三,1500,ダ,左,良,曇,12,2,2,エミーズミツオー,牡,3,55.0,458,2,篠谷葵,佐藤太,,7,1:41.6,41.9,9-8-9-10,12,458,2
2022/04/14,船橋,5,３歳二 三,1500,ダ,左,良,曇,12,3,3,トキノメモリー,牡,3,56.0,464,2,増田充,八木喜,,8,1:41.9,41.8,12-11-12-11,7,464,2
2022/04/14,船橋,5,３歳二 三,1500,ダ,左,良,曇,12,5,6,ラムリケティ,牝,3,54.0,371,5,和田譲,酒井一,,9,1:42.0,42.2,7-7-10-12,10,371,5
2022/04/14,船橋,5,３歳二 三,1500,ダ,左,良,曇,12,5,5,マドモアゼルランス,牝,3,54.0,428,1,酒井忍,渋谷博,,10,1:42.2,42.3,11-12-11-7,11,428,1
2022/04/14,船橋,5,３歳二 三,1500,ダ,左,良,曇,12,1,1,パレルモフレイバー,牝,3,54.0,468,14,笹川翼,繁田健,,11,1:45.2,46.0,4-4-5-5,5,468,14
2022/04/14,船橋,5,３歳二 三,1500,ダ,左,良,曇,12,8,12,ドウシ,セ,0,56.0,405,0,岡村健,佐々清,,12,1:45.4,46.1,6-5-6-8,9,405,0
2022/04/14,船橋,6,３歳二 三,1200,ダ,左,良,曇,12,5,6,アウデリア,牡,3,56.0,478,-1,矢野貴,林　幻,,1,1:17.3,40.6,4-3-2,1,478,-1
2022/04/14,船橋,6,３歳二 三,1200,ダ,左,良,曇,12,4,4,ディアブロケー,牡,3,56.0,486,0,笹川翼,川島一,,2,1:17.8,40.9,5-4-4,2,486,0
2022/04/14,船橋,6,３歳二 三,1200,ダ,左,良,曇,12,6,7,ヴァネロペ,牝,3,54.0,457,4,山口達,林正人,,3,1:18.2,40.5,8-9-8,5,457,4
2022/04/14,船橋,6,３歳二 三,1200,ダ,左,良,曇,12,6,8,ススムライン,セ,0,56.0,458,-12,福原杏,齊藤敏,,4,1:18.4,40.9,10-8-7,6,458,-12
2022/04/14,船橋,6,３歳二 三,1200,ダ,左,良,曇,12,3,3,ダーラナホース,牝,3,54.0,445,0,山中悠,渋谷博,,5,1:18.5,40.4,9-10-9,12,445,0
2022/04/14,船橋,6,３歳二 三,1200,ダ,左,良,曇,12,7,9,トキノプレミア,牡,3,56.0,487,-8,川島正,山田信,,6,1:18.5,42.0,1-1-1,8,487,-8
2022/04/14,船橋,6,３歳二 三,1200,ダ,左,良,曇,12,5,5,インカローズムスメ,牝,3,54.0,407,-10,保園翔,山越光,,7,1:18.6,39.1,12-12-12,9,407,-10
2022/04/14,船橋,6,３歳二 三,1200,ダ,左,良,曇,12,8,11,リーガルスピード,牝,3,54.0,435,0,岡村健,岡林光,,8,1:19.7,42.8,6-6-6,11,435,0
2022/04/14,船橋,6,３歳二 三,1200,ダ,左,良,曇,12,7,10,マックロマン,牡,3,56.0,459,1,山本紀,渋谷博,,9,1:19.7,43.0,2-2-3,7,459,1
2022/04/14,船橋,6,３歳二 三,1200,ダ,左,良,曇,12,2,2,ミラクルジャスミン,牝,3,54.0,448,5,本田重,坂本昇,,10,1:19.8,40.7,11-11-11,4,448,5
2022/04/14,船橋,6,３歳二 三,1200,ダ,左,良,曇,12,1,1,ネーレウス,牡,3,56.0,461,-1,高橋哲,酒井一,,11,1:19.8,42.9,3-5-5,10,461,-1
2022/04/14,船橋,6,３歳二 三,1200,ダ,左,良,曇,12,8,12,ジーガーブライアン,牡,3,56.0,488,-13,本橋孝,石井勝,,12,1:22.9,45.4,7-7-10,3,488,-13
2022/04/14,船橋,7,ブルースターダッシュＣ２Ｃ３選抜馬,1000,ダ,左,良,曇,14,7,11,ダズリン,牝,6,55.0,486,-10,澤田龍,山下之,,1,1:03.2,38.8,6-4,5,486,-10
2022/04/14,船橋,7,ブルースターダッシュＣ２Ｃ３選抜馬,1000,ダ,左,良,曇,14,8,13,グレイスディーヴァ,牝,4,55.0,489,-7,小杉亮,渋谷博,,2,1:03.7,39.7,2-2,9,489,-7
2022/04/14,船橋,7,ブルースターダッシュＣ２Ｃ３選抜馬,1000,ダ,左,良,曇,14,4,6,ユイノムサシ,牡,6,57.0,472,0,矢野貴,林　幻,,3,1:04.0,40.1,1-1,1,472,0
2022/04/14,船橋,7,ブルースターダッシュＣ２Ｃ３選抜馬,1000,ダ,左,良,曇,14,3,3,エムティミーナ,牝,5,55.0,471,0,酒井忍,矢野義,,4,1:04.0,39.8,5-5,3,471,0
2022/04/14,船橋,7,ブルースターダッシュＣ２Ｃ３選抜馬,1000,ダ,左,良,曇,14,1,1,エメラルディ,牝,5,55.0,485,-5,福原杏,齊藤敏,,5,1:04.2,39.4,8-9,7,485,-5
2022/04/14,船橋,7,ブルースターダッシュＣ２Ｃ３選抜馬,1000,ダ,左,良,曇,14,2,2,ティーズロワール,牝,7,55.0,455,-7,臼井健,山中尊,,6,1:04.4,39.6,9-8,6,455,-7
2022/04/14,船橋,7,ブルースターダッシュＣ２Ｃ３選抜馬,1000,ダ,左,良,曇,14,5,8,ホノノルーカ,牝,4,52.0,412,-4,木間龍,山下之,,7,1:04.6,40.0,7-7,8,412,-4
2022/04/14,船橋,7,ブルースターダッシュＣ２Ｃ３選抜馬,1000,ダ,左,良,曇,14,4,5,ドミナドール,セ,0,57.0,499,-12,左海誠,新井清,,8,1:04.7,40.5,4-3,2,499,-12
2022/04/14,船橋,7,ブルースターダッシュＣ２Ｃ３選抜馬,1000,ダ,左,良,曇,14,6,10,フェアリートレイル,牝,4,55.0,465,-4,森泰斗,齊藤敏,,9,1:04.7,39.7,10-10,4,465,-4
2022/04/14,船橋,7,ブルースターダッシュＣ２Ｃ３選抜馬,1000,ダ,左,良,曇,14,3,4,ケイツーテソーロ,牡,6,57.0,500,-22,石崎駿,石井勝,,10,1:04.8,39.4,13-12,10,500,-22
2022/04/14,船橋,7,ブルースターダッシュＣ２Ｃ３選抜馬,1000,ダ,左,良,曇,14,6,9,アイファーオレンジ,牝,5,55.0,441,5,内田利,佐々功,,11,1:04.8,39.7,11-11,12,441,5
2022/04/14,船橋,7,ブルースターダッシュＣ２Ｃ３選抜馬,1000,ダ,左,良,曇,14,5,7,エコロジーガール,牝,4,55.0,483,-23,山中悠,伊藤滋,,12,1:05.2,39.8,12-13,13,483,-23
2022/04/14,船橋,7,ブルースターダッシュＣ２Ｃ３選抜馬,1000,ダ,左,良,曇,14,7,12,ラヴィテスミラノ,牡,4,57.0,481,-2,山口達,宮下靖,,13,1:05.2,39.0,14-14,14,481,-2
2022/04/14,船橋,7,ブルースターダッシュＣ２Ｃ３選抜馬,1000,ダ,左,良,曇,14,8,14,クオーレカルド,牝,7,53.0,434,-1,岡村健,渡邊貴,,14,1:06.2,42.0,3-6,11,434,-1
2022/04/14,船橋,8,馬い！じじちゃんの燻り大根発売Ｃ１二 三,1200,ダ,左,良,小雨,10,4,4,シェナホープ,牡,5,56.0,466,-7,内田利,吉田正,,1,1:16.5,38.6,6-7-6,7,466,-7
2022/04/14,船橋,8,馬い！じじちゃんの燻り大根発売Ｃ１二 三,1200,ダ,左,良,小雨,10,6,6,ヴァーユ,牡,5,56.0,499,4,山口達,林正人,,2,1:16.5,39.1,3-4-4,3,499,4
2022/04/14,船橋,8,馬い！じじちゃんの燻り大根発売Ｃ１二 三,1200,ダ,左,良,小雨,10,7,7,フルミント,牝,5,54.0,502,-2,山崎誠,米谷康,,3,1:16.6,39.6,2-2-1,2,502,-2
2022/04/14,船橋,8,馬い！じじちゃんの燻り大根発売Ｃ１二 三,1200,ダ,左,良,小雨,10,7,8,アチェロイス,牝,5,54.0,437,-9,笹川翼,岡林光,,4,1:17.6,39.5,9-8-7,1,437,-9
2022/04/14,船橋,8,馬い！じじちゃんの燻り大根発売Ｃ１二 三,1200,ダ,左,良,小雨,10,8,10,マコトヤマンバギリ,牡,5,56.0,479,-1,本田重,川島一,,5,1:17.7,40.3,7-5-5,6,479,-1
2022/04/14,船橋,8,馬い！じじちゃんの燻り大根発売Ｃ１二 三,1200,ダ,左,良,小雨,10,2,2,エメラルムサシ,牡,8,56.0,468,-1,臼井健,佐々清,,6,1:17.7,39.3,10-10-10,10,468,-1
2022/04/14,船橋,8,馬い！じじちゃんの燻り大根発売Ｃ１二 三,1200,ダ,左,良,小雨,10,1,1,リヴェルサス,牡,4,56.0,448,-4,笠野雄,山中尊,,7,1:17.8,39.5,8-9-9,8,448,-4
2022/04/14,船橋,8,馬い！じじちゃんの燻り大根発売Ｃ１二 三,1200,ダ,左,良,小雨,10,8,9,バシリッサ,牝,4,54.0,466,-7,田中力,渡邊貴,,8,1:18.5,41.3,5-3-3,9,466,-7
2022/04/14,船橋,8,馬い！じじちゃんの燻り大根発売Ｃ１二 三,1200,ダ,左,良,小雨,10,3,3,ハクサンクラーケン,牡,4,56.0,472,-2,小杉亮,森　始,,9,1:18.9,41.4,4-6-8,5,472,-2
2022/04/14,船橋,8,馬い！じじちゃんの燻り大根発売Ｃ１二 三,1200,ダ,左,良,小雨,10,5,5,オーラソラーレ,牝,5,54.0,466,-1,張田昂,張田京,,10,1:19.7,42.7,1-1-2,4,466,-1
2022/04/14,船橋,9,ダイヤモンド賞Ｃ１二 三,1600,ダ,左,稍重,小雨,12,5,5,ペダンクルアーチ,セ,0,56.0,512,6,矢野貴,山下之,,1,1:46.1,41.9,3-3-2-1,4,512,6
2022/04/14,船橋,9,ダイヤモンド賞Ｃ１二 三,1600,ダ,左,稍重,小雨,12,5,6,ビギナーズラック,牡,7,56.0,501,-11,澤田龍,凾館一,,2,1:46.2,40.6,11-11-10-10,3,501,-11
2022/04/14,船橋,9,ダイヤモンド賞Ｃ１二 三,1600,ダ,左,稍重,小雨,12,8,11,ミスターサファリ,牡,4,56.0,507,-10,森泰斗,佐藤太,,3,1:46.2,41.7,7-7-7-3,1,507,-10
2022/04/14,船橋,9,ダイヤモンド賞Ｃ１二 三,1600,ダ,左,稍重,小雨,12,8,12,スムーズジャズ,牡,8,56.0,502,7,和田譲,宇野博,,4,1:46.8,41.9,8-8-8-7,5,502,7
2022/04/14,船橋,9,ダイヤモンド賞Ｃ１二 三,1600,ダ,左,稍重,小雨,12,4,4,ストレートダンディ,牡,4,56.0,476,-7,仲野光,玉井等,,5,1:47.2,42.8,6-6-6-5,12,476,-7
2022/04/14,船橋,9,ダイヤモンド賞Ｃ１二 三,1600,ダ,左,稍重,小雨,12,7,9,カヴァート,牡,5,56.0,468,6,川島正,佐々清,,6,1:47.3,42.1,9-9-9-9,9,468,6
2022/04/14,船橋,9,ダイヤモンド賞Ｃ１二 三,1600,ダ,左,稍重,小雨,12,6,7,サントレゾール,牡,4,56.0,460,-11,左海誠,林正人,,7,1:47.7,41.5,10-10-11-11,11,460,-11
2022/04/14,船橋,9,ダイヤモンド賞Ｃ１二 三,1600,ダ,左,稍重,小雨,12,2,2,コウシ,セ,0,56.0,475,-5,石崎駿,米谷康,,8,1:47.9,43.6,5-5-5-8,7,475,-5
2022/04/14,船橋,9,ダイヤモンド賞Ｃ１二 三,1600,ダ,左,稍重,小雨,12,3,3,ステラストラータ,セ,0,56.0,484,-6,本田重,新井清,,9,1:48.0,43.8,2-2-3-6,2,484,-6
2022/04/14,船橋,9,ダイヤモンド賞Ｃ１二 三,1600,ダ,左,稍重,小雨,12,7,10,メイクグローリー,セ,0,56.0,484,1,本橋孝,石井勝,,10,1:48.1,43.8,4-4-4-2,6,484,1
2022/04/14,船橋,9,ダイヤモンド賞Ｃ１二 三,1600,ダ,左,稍重,小雨,12,6,8,キングオブライフ,セ,0,56.0,521,21,山口達,林正人,,11,1:48.1,40.9,12-12-12-12,8,521,21
2022/04/14,船橋,9,ダイヤモンド賞Ｃ１二 三,1600,ダ,左,稍重,小雨,12,1,1,ロッソアモーレ,牝,5,51.0,472,-15,木間龍,矢野義,,12,1:49.1,45.1,1-1-1-4,10,472,-15
2022/04/14,船橋,10,アンデルセン特別Ｂ２二Ｂ３一,1600,ダ,左,稍重,小雨,12,8,11,トーセンジーザス,牡,4,55.0,482,-8,笹川翼,川島一,,1,1:44.2,39.2,3-3-3-2,4,482,-8
2022/04/14,船橋,10,アンデルセン特別Ｂ２二Ｂ３一,1600,ダ,左,稍重,小雨,12,5,5,キーピリオッド,牡,5,57.0,517,2,矢野貴,玉井昇,,2,1:44.3,39.1,11-10-5-4,1,517,2
2022/04/14,船橋,10,アンデルセン特別Ｂ２二Ｂ３一,1600,ダ,左,稍重,小雨,12,6,8,プレストカイザー,牡,4,55.0,467,9,本田重,山下之,,3,1:44.8,39.8,2-2-2-1,5,467,9
2022/04/14,船橋,10,アンデルセン特別Ｂ２二Ｂ３一,1600,ダ,左,稍重,小雨,12,5,6,シティーオブスター,牡,6,57.0,515,4,御神訓,岡林光,,4,1:44.8,39.4,8-8-9-6,2,515,4
2022/04/14,船橋,10,アンデルセン特別Ｂ２二Ｂ３一,1600,ダ,左,稍重,小雨,12,7,9,トゥモローアンセム,セ,0,57.0,467,1,張田昂,張田京,,5,1:45.2,40.0,7-6-4-5,7,467,1
2022/04/14,船橋,10,アンデルセン特別Ｂ２二Ｂ３一,1600,ダ,左,稍重,小雨,12,7,10,フェリスアロー,牡,8,57.0,502,-5,左海誠,林正人,,6,1:45.4,40.0,9-9-8-9,9,502,-5
2022/04/14,船橋,10,アンデルセン特別Ｂ２二Ｂ３一,1600,ダ,左,稍重,小雨,12,3,3,マイネルテナシャス,牡,5,57.0,488,-4,澤田龍,坂本昇,,7,1:46.6,40.1,12-12-11-11,12,488,-4
2022/04/14,船橋,10,アンデルセン特別Ｂ２二Ｂ３一,1600,ダ,左,稍重,小雨,12,6,7,テイクアターン,牡,4,56.0,498,-5,篠谷葵,山田信,,8,1:46.6,41.1,10-11-10-8,6,498,-5
2022/04/14,船橋,10,アンデルセン特別Ｂ２二Ｂ３一,1600,ダ,左,稍重,小雨,12,8,12,シュバルツリッター,セ,0,57.0,458,0,森泰斗,小久智,,9,1:46.7,41.5,5-4-6-7,8,458,0
2022/04/14,船橋,10,アンデルセン特別Ｂ２二Ｂ３一,1600,ダ,左,稍重,小雨,12,4,4,ディーノランページ,牡,4,57.0,496,-1,保園翔,小久智,,10,1:47.6,40.9,6-7-12-12,10,496,-1
2022/04/14,船橋,10,アンデルセン特別Ｂ２二Ｂ３一,1600,ダ,左,稍重,小雨,12,2,2,ゾディアックレーヴ,牡,4,57.0,481,0,本橋孝,矢野義,,11,1:48.6,43.6,1-1-1-3,3,481,0
2022/04/14,船橋,10,アンデルセン特別Ｂ２二Ｂ３一,1600,ダ,左,稍重,小雨,12,1,1,スズノチェルシー,牡,6,57.0,463,1,岡村健,山中尊,,12,1:48.8,43.6,4-5-7-10,11,463,1
2022/04/14,船橋,11,柏の葉オープン４上,1600,ダ,左,稍重,小雨,9,6,6,ギャルダル,牡,4,55.0,497,2,矢野貴,川島一,,1,1:43.3,39.2,5-5-3-2,1,497,2
2022/04/14,船橋,11,柏の葉オープン４上,1600,ダ,左,稍重,小雨,9,8,9,ヨハン,牡,6,55.0,458,8,本田重,山下之,,2,1:43.8,39.9,2-2-2-1,3,458,8
2022/04/14,船橋,11,柏の葉オープン４上,1600,ダ,左,稍重,小雨,9,2,2,チェスナットコート,牡,8,57.0,472,-6,山崎誠,小久智,,3,1:43.9,39.1,7-7-8-8,6,472,-6
2022/04/14,船橋,11,柏の葉オープン４上,1600,ダ,左,稍重,小雨,9,3,3,サヴィ,牡,8,57.0,459,-8,安藤洋,藤田輝,,4,1:44.5,39.7,6-6-7-6,9,459,-8
2022/04/14,船橋,11,柏の葉オープン４上,1600,ダ,左,稍重,小雨,9,5,5,コマビショウ,牡,7,57.0,493,4,本橋孝,石井勝,,5,1:44.6,40.0,9-9-6-5,4,493,4
2022/04/14,船橋,11,柏の葉オープン４上,1600,ダ,左,稍重,小雨,9,8,8,アドマイヤゴッド,牡,10,57.0,516,10,川島正,川島一,,6,1:45.4,41.1,4-4-4-4,7,516,10
2022/04/14,船橋,11,柏の葉オープン４上,1600,ダ,左,稍重,小雨,9,7,7,トーセンスーリヤ,牡,7,59.0,486,1,笹川翼,橋本馬,,7,1:45.6,41.7,1-1-1-3,5,486,1
2022/04/14,船橋,11,柏の葉オープン４上,1600,ダ,左,稍重,小雨,9,1,1,ロードアルペジオ,牡,9,57.0,503,-7,張田昂,岡林光,,8,1:47.1,42.0,8-8-9-9,8,503,-7
2022/04/14,船橋,11,柏の葉オープン４上,1600,ダ,左,稍重,小雨,9,4,4,リュウノシンゲン,牡,4,57.0,492,-7,御神訓,池田孝,,9,1:47.4,43.0,3-3-5-7,2,492,-7
2022/04/14,船橋,12,こぼれ桜特別Ａ２,1800,ダ,左,稍重,小雨,11,2,2,ブリッグオドーン,牡,5,56.0,497,0,本田重,渡邉和,,1,1:57.1,39.5,8-7-4-3,3,497,0
2022/04/14,船橋,12,こぼれ桜特別Ａ２,1800,ダ,左,稍重,小雨,11,7,8,ビービーガウディ,牡,8,56.0,482,2,庄司大,張田京,,2,1:57.4,40.0,3-3-3-2,4,482,2
2022/04/14,船橋,12,こぼれ桜特別Ａ２,1800,ダ,左,稍重,小雨,11,3,3,デザートスネーク,セ,0,56.0,494,7,小杉亮,矢野義,,3,1:57.7,39.8,6-6-7-6,11,494,7
2022/04/14,船橋,12,こぼれ桜特別Ａ２,1800,ダ,左,稍重,小雨,11,4,4,サヨノグローリー,牡,4,56.0,485,-2,町田直,工藤伸,,4,1:57.8,40.1,4-4-5-4,2,485,-2
2022/04/14,船橋,12,こぼれ桜特別Ａ２,1800,ダ,左,稍重,小雨,11,7,9,ブラヴール,牡,5,56.0,486,-5,石崎駿,佐藤太,,5,1:58.1,39.3,10-10-10-10,5,486,-5
2022/04/14,船橋,12,こぼれ桜特別Ａ２,1800,ダ,左,稍重,小雨,11,8,11,ゴーマイウェイ,牡,6,56.0,510,-2,藤本現,佐々功,,6,1:58.5,41.1,2-2-2-1,7,510,-2
2022/04/14,船橋,12,こぼれ桜特別Ａ２,1800,ダ,左,稍重,小雨,11,6,7,ブレステイキング,牡,7,56.0,509,0,酒井忍,薮口一,,7,1:59.0,40.6,9-9-9-9,9,509,0
2022/04/14,船橋,12,こぼれ桜特別Ａ２,1800,ダ,左,稍重,小雨,11,1,1,ノットリグレット,牡,4,56.0,453,0,笹川翼,川島一,,8,1:59.2,41.5,5-5-6-7,1,453,0
2022/04/14,船橋,12,こぼれ桜特別Ａ２,1800,ダ,左,稍重,小雨,11,8,10,フレアリングダイヤ,牡,7,56.0,505,13,内田利,藤原智,,9,1:59.3,41.0,7-8-8-8,10,505,13
2022/04/14,船橋,12,こぼれ桜特別Ａ２,1800,ダ,左,稍重,小雨,11,6,6,イリオン,牡,7,56.0,459,-3,森泰斗,渡邊貴,,10,1:59.8,40.2,11-11-11-11,8,459,-3
2022/04/14,船橋,12,こぼれ桜特別Ａ２,1800,ダ,左,稍重,小雨,11,5,5,キタサンタイドー,牡,7,55.0,540,18,篠谷葵,米谷康,,11,2:01.4,44.0,1-1-1-5,6,540,18
